Source,Target,Similarity,SourceSignature,SourceCellLine,SourceTime,TargetSignature,TargetCellLine,TargetConcentration,TargetTime,tissue,integratedMoas,GeneTargets,canonical_inchi_key,canonical_inchi,perturbagen_id,canonical_smiles,max_fda_phase
Input,BRD-K41087962,-0.34767759,InputSig,NA,NA,LINCSCP_25071,HT115,0.5uM,6h,large intestine,NA,NA,RHMYANWTFKKYOM-SSXAXAPESA-N,"InChI=1S/C25H26O10/c1-10-8-12-16(17(27)15-11(18(12)29-2)6-5-7-13(15)26)19-14(10)20-21-24(28,33-19)23(9-32-23)25(34-20,35-21)22(30-3)31-4/h8,20-22,27-28H,5-7,9H2,1-4H3/t20-,21-,23-,24+,25-/m0/s1",34254,COC(OC)[C@]12O[C@@H]3[C@H](O1)[C@@](O)(Oc4c3c(C)cc5c(OC)c6CCCC(=O)c6c(O)c45)[C@@]27CO7,NA
Input,GSK-2334470,-0.34661774,InputSig,NA,NA,LINCSCP_134209,MCF7,0.12uM,24h,breast,Pyruvate dehydrogenase kinase inhibitor,PDK1|PDPK1,QLPHOXTXAKOFMU-WBVHZDCISA-N,"InChI=1S/C25H34N8O/c1-15-8-9-17(24(34)28-18-6-4-3-5-7-18)14-33(15)22-13-20(29-25(27-2)30-22)16-10-11-19-21(12-16)31-32-23(19)26/h10-13,15,17-18H,3-9,14H2,1-2H3,(H,28,34)(H3,26,31,32)(H,27,29,30)/t15-,17+/m1/s1",15149,CNc1nc(cc(n1)c2ccc3c(N)n[nH]c3c2)N4C[C@H](CC[C@H]4C)C(=O)NC5CCCCC5,NA
Input,AT-7519,-0.34281384,InputSig,NA,NA,LINCSCP_164052,SKBR3,0.12uM,3h,breast,CDK inhibitor|Cell cycle inhibitor,CDK1|CDK10|CDK11B|CDK12|CDK13|CDK14|CDK15|CDK16|CDK17|CDK18|CDK19|CDK2|CDK20|CDK3|CDK4|CDK5|CDK6|CDK7|CDK8|CDK9,OVPNQJVDAFNBDN-UHFFFAOYSA-N,"InChI=1S/C16H17Cl2N5O2/c17-10-2-1-3-11(18)13(10)15(24)22-12-8-20-23-14(12)16(25)21-9-4-6-19-7-5-9/h1-3,8-9,19H,4-7H2,(H,20,23)(H,21,25)(H,22,24)",36797,Clc1cccc(Cl)c1C(=O)Nc2c[nH]nc2C(=O)NC3CCNCC3,2
Input,MK-2206,-0.33052225,InputSig,NA,NA,LINCSCP_163941,SKBR3,3.33uM,3h,breast,AKT inhibitor,AKT1|AKT2|AKT3,ULDXWLCXEDXJGE-UHFFFAOYSA-N,"InChI=1S/C25H21N5O/c26-25(12-4-13-25)18-9-7-17(8-10-18)22-19(16-5-2-1-3-6-16)15-20-21(27-22)11-14-30-23(20)28-29-24(30)31/h1-3,5-11,14-15H,4,12-13,26H2,(H,29,31)",15042,NC1(CCC1)c2ccc(cc2)c3nc4C=CN5C(=O)NN=C5c4cc3c6ccccc6,2
Input,GW9508,-0.32622313,InputSig,NA,NA,LINCSCP_224668,HT29,10uM,6h,large intestine,Free Fatty Acid Receptor 1 (FFAR1; GPR40) Agonists|Free fatty acid receptor agonist|G protein coupled receptor agonist|G protein-coupled receptor agonist,FFAR1|FFAR4,DGENZVKCTGIDRZ-UHFFFAOYSA-N,"InChI=1S/C22H21NO3/c24-22(25)14-11-17-9-12-19(13-10-17)23-16-18-5-4-8-21(15-18)26-20-6-2-1-3-7-20/h1-10,12-13,15,23H,11,14,16H2,(H,24,25)",24050,OC(=O)CCc1ccc(NCc2cccc(Oc3ccccc3)c2)cc1,NA
Input,PU-H-71,-0.32241512,InputSig,NA,NA,LINCSCP_32683,MCF7,10uM,6h,breast,HSP inhibitor,HSP90AA1,SUPVGFZUWFMATN-UHFFFAOYSA-N,"InChI=1S/C18H21IN6O2S/c1-10(2)21-4-3-5-25-17-15(16(20)22-8-23-17)24-18(25)28-14-7-13-12(6-11(14)19)26-9-27-13/h6-8,10,21H,3-5,9H2,1-2H3,(H2,20,22,23)",18461,CC(C)NCCCn1c(Sc2cc3OCOc3cc2I)nc4c(N)ncnc14,NA
Input,Cordycepin,-0.32046203,InputSig,NA,NA,LINCSCP_159068,PC3,0.04uM,24h,prostate,NA,NA,OFEZSBMBBKLLBJ-BAJZRUMYSA-N,"InChI=1S/C10H13N5O3/c11-8-7-9(13-3-12-8)15(4-14-7)10-6(17)1-5(2-16)18-10/h3-6,10,16-17H,1-2H2,(H2,11,12,13)/t5-,6+,10+/m0/s1",26979,Nc1ncnc2c1ncn2[C@@H]3O[C@H](CO)C[C@H]3O,NA
Input,Cidoxepin,-0.31818334,InputSig,NA,NA,LINCSCP_139466,MCF7,1.11uM,24h,breast,Histamine receptor antagonist,HRH1|HRH2|SLC6A2|SLC6A4,ODQWQRRAPPTVAG-BOPFTXTBSA-N,"InChI=1S/C19H21NO/c1-20(2)13-7-11-17-16-9-4-3-8-15(16)14-21-19-12-6-5-10-18(17)19/h3-6,8-12H,7,13-14H2,1-2H3/b17-11-",17158,CN(C)CC\C=C/1\c2ccccc2COc3ccccc13,NA
Input,VX-745,-0.31687566,InputSig,NA,NA,LINCSCP_152330,PC3,3.33uM,24h,prostate,P38 MAPK inhibitor,MAPK14,VEPKQEUBKLEPRA-UHFFFAOYSA-N,InChI=1S/C19H9Cl2F2N3OS/c20-11-2-1-3-12(21)17(11)18-14-5-7-16(25-26(14)9-24-19(18)27)28-15-6-4-10(22)8-13(15)23/h1-9H,37864,Fc1ccc(SC2=NN3C=NC(=O)C(=C3C=C2)c4c(Cl)cccc4Cl)c(F)c1,2
Input,SD 169,-0.31566779,InputSig,NA,NA,LINCSCP_548,A375,10uM,6h,skin,P38 MAPK inhibitor,MAPK14,GQMYQEAXTITUAE-UHFFFAOYSA-N,"InChI=1S/C9H8N2O/c10-9(12)7-1-2-8-6(5-7)3-4-11-8/h1-5,11H,(H2,10,12)",22926,NC(=O)c1ccc2[nH]ccc2c1,NA
Input,Linsitinib,-0.314635,InputSig,NA,NA,LINCSCP_163453,SKBR3,1.11uM,3h,breast,IGF-1 inhibitor,IGF1R|INSR,PKCDDUHJAFVJJB-UHFFFAOYSA-N,"InChI=1S/C26H23N5O/c1-26(32)14-19(15-26)25-30-22(23-24(27)28-11-12-31(23)25)18-8-7-17-9-10-20(29-21(17)13-18)16-5-3-2-4-6-16/h2-13,19,32H,14-15H2,1H3,(H2,27,28)",37815,CC1(O)CC(C1)c2nc(c3ccc4ccc(nc4c3)c5ccccc5)c6c(N)nccn26,NA
Input,BRD-K71614913,-0.31142365,InputSig,NA,NA,LINCSCP_279146,PC3,10uM,6h,prostate,NA,NA,MOSVBDAIGOGSPE-HGPRPZRGSA-N,"InChI=1S/C30H51N3O6S/c1-22-18-33(23(2)21-34)30(35)27-17-26(31-40(5,36)37)14-15-28(27)39-24(3)11-9-10-16-38-29(22)20-32(4)19-25-12-7-6-8-13-25/h14-15,17,22-25,29,31,34H,6-13,16,18-21H2,1-5H3/t22-,23-,24-,29+/m0/s1",5215,C[C@@H](CO)N1C[C@H](C)[C@@H](CN(C)CC2CCCCC2)OCCCC[C@H](C)Oc3ccc(NS(=O)(=O)C)cc3C1=O,NA
Input,SCHEMBL1995782,-0.31011982,InputSig,NA,NA,LINCSCP_261271,NOMO1,0.01uM,6h,haematopoietic and lymphoid tissue,NA,NA,LEVLNVWBEBXEIX-LBPRGKRZSA-N,"InChI=1S/C14H17N3O2S/c1-10-7-16-8-11-3-2-4-13(14(10)11)20(18,19)17-6-5-12(15)9-17/h2-4,7-8,12H,5-6,9,15H2,1H3/t12-/m0/s1",11510,Cc1cncc2cccc(c12)S(=O)(=O)N3CC[C@H](N)C3,NA
Input,Paricalcitol,-0.30887163,InputSig,NA,NA,LINCSCP_171152,YAPC,0.12uM,24h,pancreas,Vitamin D receptor agonist,VDR,BPKAHTKRCLCHEA-UBFJEZKGSA-N,"InChI=1S/C27H44O3/c1-18(8-9-19(2)26(3,4)30)24-12-13-25-21(7-6-14-27(24,25)5)11-10-20-15-22(28)17-23(29)16-20/h8-11,18-19,22-25,28-30H,6-7,12-17H2,1-5H3/b9-8+,21-11+/t18-,19+,22-,23-,24-,25+,27-/m1/s1",26719,C[C@H](\C=C\[C@H](C)C(C)(C)O)[C@H]1CC[C@H]2\C(=C\C=C3C[C@@H](O)C[C@H](O)C3)\CCC[C@]12C,4
Input,Camptothecin,-0.30789146,InputSig,NA,NA,LINCSCP_64905,VCAP,10uM,24h,prostate,Topoisomerase inhibitor,TOP1,VSJKWCGYPAHWDS-FQEVSTJZSA-N,"InChI=1S/C20H16N2O4/c1-2-20(25)14-8-16-17-12(7-11-5-3-4-6-15(11)21-17)9-22(16)18(23)13(14)10-26-19(20)24/h3-8,25H,2,9-10H2,1H3/t20-/m0/s1",16169,CC[C@@]1(O)C(=O)OCC2=C1C=C3N(Cc4cc5ccccc5nc34)C2=O,NA
Input,BRD-K62993927,-0.30658418,InputSig,NA,NA,LINCSCP_63234,VCAP,5uM,24h,prostate,NA,NA,TUUZOQPHVDGSNW-RWUBSVTLSA-N,"InChI=1S/C29H37FN4O6S/c1-33-25-10-9-22(18-28(35)31-12-15-34-13-3-2-4-14-34)40-27(25)19-39-26-11-8-21(17-24(26)29(33)36)32-41(37,38)23-7-5-6-20(30)16-23/h5-8,11,16-17,22,25,27,32H,2-4,9-10,12-15,18-19H2,1H3,(H,31,35)/t22-,25+,27-/m0/s1",3885,CN1[C@@H]2CC[C@@H](CC(=O)NCCN3CCCCC3)O[C@H]2COc4ccc(NS(=O)(=O)c5cccc(F)c5)cc4C1=O,NA
Input,Tolvaptan,-0.30629738,InputSig,NA,NA,LINCSCP_142398,MCF7,3.33uM,24h,breast,Vasopressin V2 receptor antagonist,AVPR2,GYHCTFXIZSNGJT-UHFFFAOYSA-N,"InChI=1S/C26H25ClN2O3/c1-16-6-3-4-7-20(16)25(31)28-19-10-11-21(17(2)14-19)26(32)29-13-5-8-24(30)22-15-18(27)9-12-23(22)29/h3-4,6-7,9-12,14-15,24,30H,5,8,13H2,1-2H3,(H,28,31)",27037,Cc1ccccc1C(=O)Nc2ccc(C(=O)N3CCCC(O)c4cc(Cl)ccc34)c(C)c2,4
Input,"13-Hydroxy-8,14,19-trimethoxy-4,10,12,16-tetramethyl-3,20,22-trioxo-2-azabicyclo[16.3.1]docosa-1(21),4,6,10,18-pentaen-9-yl carbamate",-0.30504358,InputSig,NA,NA,LINCSCP_36037,MCF7,0.1uM,6h,breast,HSP inhibitor,HSP90AA1,QTQAWLPCGQOSGP-VDYWNIEOSA-N,"InChI=1S/C29H40N2O9/c1-15-11-19-25(34)20(14-21(32)27(19)39-7)31-28(35)16(2)9-8-10-22(37-5)26(40-29(30)36)18(4)13-17(3)24(33)23(12-15)38-6/h8-10,13-15,17,22-24,26,33H,11-12H2,1-7H3,(H2,30,36)(H,31,35)/b10-8+,16-9+,18-13+",25572,COC1CC(C)CC2=C(OC)C(=O)C=C(NC(=O)\C(=C\C=C\C(OC)C(OC(=O)N)\C(=C\C(C)C1O)\C)\C)C2=O,NA
Input,AC1L1JM9,-0.29885518,InputSig,NA,NA,LINCSCP_7707,A549,10uM,6h,lung,MAP kinase inhibitor|Protein kinase inhibitor,NA,DEZFNHCVIZBHBI-UHFFFAOYSA-N,"InChI=1S/C30H28O8/c1-15-24(33)19(27(36)22(16(2)31)25(15)34)14-20-26(35)18-12-13-30(3,4)38-29(18)23(28(20)37)21(32)11-10-17-8-6-5-7-9-17/h5-13,33-37H,14H2,1-4H3",5803,CC(=O)c1c(O)c(C)c(O)c(Cc2c(O)c3C=CC(C)(C)Oc3c(C(=O)C=Cc4ccccc4)c2O)c1O,NA
Input,BRD-K17863985,-0.29749931,InputSig,NA,NA,LINCSCP_62767,VCAP,5uM,24h,prostate,NA,NA,OEVRCWMHWGKQED-PNCHPQGNSA-N,"InChI=1S/C24H33ClFN3O3/c1-17(13-29(18(2)16-30)14-19-7-5-6-8-22(19)25)23(32-4)15-28(3)24(31)27-21-11-9-20(26)10-12-21/h5-12,17-18,23,30H,13-16H2,1-4H3,(H,27,31)/t17-,18-,23+/m1/s1",23848,CO[C@@H](CN(C)C(=O)Nc1ccc(F)cc1)[C@H](C)CN(Cc2ccccc2Cl)[C@H](C)CO,NA
Input,BRD-K48598367,-0.29718714,InputSig,NA,NA,LINCSCP_63167,VCAP,5uM,6h,prostate,NA,NA,LIAUQGYQVCFFMZ-BBWFWOEESA-N,"InChI=1S/C17H15FN2O3S/c18-13-6-8-14(9-7-13)24(22,23)20-15(10-19)17(16(20)11-21)12-4-2-1-3-5-12/h1-9,15-17,21H,11H2/t15-,16+,17-/m0/s1",38018,OC[C@@H]1[C@H]([C@H](C#N)N1S(=O)(=O)c2ccc(F)cc2)c3ccccc3,NA
Input,TAK-242,-0.29710145,InputSig,NA,NA,LINCSCP_158096,PC3,0.04uM,24h,prostate,NA,NA,LEEIJTHMHDMWLJ-CQSZACIVSA-N,"InChI=1S/C15H17ClFNO4S/c1-2-22-15(19)11-5-3-4-6-14(11)23(20,21)18-13-8-7-10(17)9-12(13)16/h5,7-9,14,18H,2-4,6H2,1H3/t14-/m1/s1",27134,CCOC(=O)C1=CCCC[C@H]1S(=O)(=O)Nc2ccc(F)cc2Cl,NA
Input,Tamibarotene,-0.29622459,InputSig,NA,NA,LINCSCP_102197,HELA,3.33uM,24h,large intestine,Retinoid receptor agonist,RARA|RARB,MUTNCGKQJGXKEM-UHFFFAOYSA-N,"InChI=1S/C22H25NO3/c1-21(2)11-12-22(3,4)18-13-16(9-10-17(18)21)23-19(24)14-5-7-15(8-6-14)20(25)26/h5-10,13H,11-12H2,1-4H3,(H,23,24)(H,25,26)",16329,CC1(C)CCC(C)(C)c2cc(NC(=O)c3ccc(cc3)C(=O)O)ccc12,2
Input,Deoxycholic acid,-0.29551666,InputSig,NA,NA,LINCSCP_139512,MCF7,10uM,24h,breast,Biliverdin reductase A activator|G protein coupled receptor agonist|G protein-coupled receptor agonist|Unidentified pharmacological activity,GPBAR1,KXGVEGMKQFWNSR-LLQZFEROSA-N,"InChI=1S/C24H40O4/c1-14(4-9-22(27)28)18-7-8-19-17-6-5-15-12-16(25)10-11-23(15,2)20(17)13-21(26)24(18,19)3/h14-21,25-26H,4-13H2,1-3H3,(H,27,28)/t14-,15-,16-,17+,18-,19+,20+,21+,23+,24-/m1/s1",16337,C[C@H](CCC(=O)O)[C@H]1CC[C@H]2[C@@H]3CC[C@@H]4C[C@H](O)CC[C@]4(C)[C@H]3C[C@H](O)[C@]12C,4
Input,AC1O9CU3,-0.29349748,InputSig,NA,NA,LINCSCP_65338,VCAP,10uM,24h,prostate,NA,NA,XCXAZUDIRRJDPM-OYMLHXOGSA-N,"InChI=1S/C33H27N3O5/c34-30(38)25-27-31(39)41-28(20-11-5-2-6-12-20)26(19-9-3-1-4-10-19)36(27)29(21-15-17-22(37)18-16-21)33(25)23-13-7-8-14-24(23)35-32(33)40/h1-18,25-29,37H,(H2,34,38)(H,35,40)/t25-,26-,27-,28+,29+,33-/m0/s1",11492,NC(=O)[C@@H]1[C@@H]2N([C@H]([C@H](OC2=O)c3ccccc3)c4ccccc4)[C@H](c5ccc(O)cc5)[C@@]16C(=O)Nc7ccccc67,NA
Input,Alprostadil,-0.29005357,InputSig,NA,NA,LINCSCP_155357,PC3,1.11uM,24h,prostate,Prostanoid EP1 receptor agonist|Prostanoid EP2 receptor agonist,PTGER1|PTGER2,GMVPRGQOIOIIMI-AIJKCLAYSA-N,"InChI=1S/C20H34O5/c1-2-3-6-9-15(21)12-13-17-16(18(22)14-19(17)23)10-7-4-5-8-11-20(24)25/h12-13,15-17,19,21,23H,2-11,14H2,1H3,(H,24,25)/b13-12+/t15-,16-,17-,19-/m0/s1",26730,CCCCC[C@H](O)\C=C\[C@@H]1[C@@H](O)CC(=O)[C@H]1CCCCCCC(=O)O,NA
Input,Alprostadil,-0.29005357,InputSig,NA,NA,LINCSCP_155357,PC3,1.11uM,24h,prostate,Prostanoid EP1 receptor agonist|Prostanoid EP2 receptor agonist,PTGER1|PTGER2,GMVPRGQOIOIIMI-DWKJAMRDSA-N,"InChI=1S/C20H34O5/c1-2-3-6-9-15(21)12-13-17-16(18(22)14-19(17)23)10-7-4-5-8-11-20(24)25/h12-13,15-17,19,21,23H,2-11,14H2,1H3,(H,24,25)/b13-12+/t15-,16+,17+,19+/m0/s1",148,CCCCC[C@H](O)\C=C\[C@H]1[C@H](O)CC(=O)[C@@H]1CCCCCCC(=O)O,4
Input,BRD-K44436874,-0.28966902,InputSig,NA,NA,LINCSCP_60379,VCAP,5uM,24h,prostate,NA,NA,FZGPYLHWXNIREJ-GNMOFYLKSA-N,"InChI=1S/C29H38N2O6S/c1-20-16-31(21(2)19-32)38(35,36)28-13-12-24(23-9-5-4-6-10-23)15-26(28)37-27(20)18-30(3)17-22-8-7-11-25(14-22)29(33)34/h7-9,11-15,20-21,27,32H,4-6,10,16-19H2,1-3H3,(H,33,34)/t20-,21-,27+/m1/s1",22627,C[C@H](CO)N1C[C@@H](C)[C@H](CN(C)Cc2cccc(c2)C(=O)O)Oc3cc(ccc3S1(=O)=O)C4=CCCCC4,NA
Input,BRD-K01435720,-0.28868116,InputSig,NA,NA,LINCSCP_62749,VCAP,5uM,24h,prostate,NA,NA,OEVRCWMHWGKQED-YZZKKUAISA-N,"InChI=1S/C24H33ClFN3O3/c1-17(13-29(18(2)16-30)14-19-7-5-6-8-22(19)25)23(32-4)15-28(3)24(31)27-21-11-9-20(26)10-12-21/h5-12,17-18,23,30H,13-16H2,1-4H3,(H,27,31)/t17-,18+,23+/m0/s1",23045,CO[C@H](CN(C)C(=O)Nc1ccc(F)cc1)[C@@H](C)CN(Cc2ccccc2Cl)[C@H](C)CO,NA
Input,331771-20-1,-0.28783418,InputSig,NA,NA,LINCSCP_134231,MCF7,1.11uM,24h,breast,Aurora kinase inhibitor,AURKA|AURKB,OGNYUTNQZVRGMN-UHFFFAOYSA-N,"InChI=1S/C29H31N5O4/c1-36-26-18-24-25(19-27(26)38-15-5-12-34-13-16-37-17-14-34)30-20-31-28(24)32-22-8-10-23(11-9-22)33-29(35)21-6-3-2-4-7-21/h2-4,6-11,18-20H,5,12-17H2,1H3,(H,33,35)(H,30,31,32)",37793,COc1cc2c(Nc3ccc(NC(=O)c4ccccc4)cc3)ncnc2cc1OCCCN5CCOCC5,NA
Input,NU-7026,-0.2878004,InputSig,NA,NA,LINCSCP_133940,MCF7,0.37uM,24h,breast,DNA dependent protein kinase inhibitor|MTOR inhibitor|PI3K inhibitor,PRKDC,KKTZALUTXUZPSN-UHFFFAOYSA-N,"InChI=1S/C17H15NO3/c19-15-11-16(18-7-9-20-10-8-18)21-17-13-4-2-1-3-12(13)5-6-14(15)17/h1-6,11H,7-10H2",32922,O=C1C=C(Oc2c1ccc3ccccc23)N4CCOCC4,NA
Input,ETHYLENEDIAMINE TETRACETATE TETRA-ETHANOLAMINE,-0.28770862,InputSig,NA,NA,LINCSCP_107971,HELA,1.11uM,24h,large intestine,NA,NA,KCXVZYZYPLLWCC-UHFFFAOYSA-N,"InChI=1S/C10H16N2O8/c13-7(14)3-11(4-8(15)16)1-2-12(5-9(17)18)6-10(19)20/h1-6H2,(H,13,14)(H,15,16)(H,17,18)(H,19,20)",26934,OC(=O)CN(CCN(CC(=O)O)CC(=O)O)CC(=O)O,3
Input,Xanthohumol,-0.28753988,InputSig,NA,NA,LINCSCP_32746,MCF7,10uM,6h,breast,ATPase inhibitor,VCP,ORXQGKIUCDPEAJ-YRNVUSSQSA-N,"InChI=1S/C21H22O5/c1-13(2)4-10-16-18(24)12-19(26-3)20(21(16)25)17(23)11-7-14-5-8-15(22)9-6-14/h4-9,11-12,22,24-25H,10H2,1-3H3/b11-7+",37975,COc1cc(O)c(CC=C(C)C)c(O)c1C(=O)\C=C\c2ccc(O)cc2,NA
Input,KUC103658,-0.28737967,InputSig,NA,NA,LINCSCP_1727,A375,10uM,6h,skin,NA,NA,XZZLYYYXSWYYKL-UHFFFAOYSA-N,InChI=1S/C13H8ClNOS/c14-9-5-7-10(8-6-9)15-13(16)11-3-1-2-4-12(11)17-15/h1-8H,7883,Clc1ccc(cc1)N2Sc3ccccc3C2=O,NA
Input,Diphenylpyraline,-0.28718917,InputSig,NA,NA,LINCSCP_73084,A375,0.37uM,24h,skin,Dopamine uptake inhibitor,HRH1|SLC6A3,OWQUZNMMYNAXSL-UHFFFAOYSA-N,"InChI=1S/C19H23NO/c1-20-14-12-18(13-15-20)21-19(16-8-4-2-5-9-16)17-10-6-3-7-11-17/h2-11,18-19H,12-15H2,1H3",3329,CN1CCC(CC1)OC(c2ccccc2)c3ccccc3,4
Input,CI-1040,-0.28715498,InputSig,NA,NA,LINCSCP_144823,MDAMB231,0.12uM,24h,NA,MEK inhibitor,MAP2K1|MAP2K2,GFMMXOIFOQCCGU-UHFFFAOYSA-N,"InChI=1S/C17H14ClF2IN2O2/c18-12-7-10(21)3-6-14(12)22-16-11(4-5-13(19)15(16)20)17(24)23-25-8-9-1-2-9/h3-7,9,22H,1-2,8H2,(H,23,24)",35266,Fc1ccc(C(=O)NOCC2CC2)c(Nc3ccc(I)cc3Cl)c1F,2
Input,Tipifarnib,-0.28579147,InputSig,NA,NA,LINCSCP_95167,HA1E,0.04uM,24h,kidney epithelial,Farnesyltransferase inhibitor,CHURC1-FNTB|FNTA|FNTB,PLHJCIYEEKOWNM-HHHXNRCGSA-N,"InChI=1S/C27H22Cl2N4O/c1-32-16-31-15-25(32)27(30,18-6-9-20(28)10-7-18)19-8-11-24-23(13-19)22(14-26(34)33(24)2)17-4-3-5-21(29)12-17/h3-16H,30H2,1-2H3/t27-/m1/s1",16529,CN1C(=O)C=C(c2cccc(Cl)c2)c3cc(ccc13)[C@](N)(c4ccc(Cl)cc4)c5cncn5C,3
Input,Cefozopran (hydrochloride),-0.28572693,InputSig,NA,NA,LINCSCP_125013,HT29,0.04uM,24h,large intestine,NA,NA,QDUIJCOKQCCXQY-WHJQOFBOSA-O,"InChI=1S/C19H17N9O5S2/c1-33-24-11(14-23-19(20)35-25-14)15(29)22-12-16(30)28-13(18(31)32)9(8-34-17(12)28)7-26-5-6-27-10(26)3-2-4-21-27/h2-6,12,17H,7-8H2,1H3,(H3-,20,22,23,25,29,31,32)/p+1/b24-11-/t12-,17-/m1/s1",26470,CON=C(C(=O)N[C@H]1[C@H]2SCC(=C(N2C1=O)C(=O)O)C[n+]3ccn4ncccc34)c5nsc(N)n5,NA
Input,BRD-K25198488,-0.28480637,InputSig,NA,NA,LINCSCP_60856,VCAP,5uM,24h,prostate,NA,NA,OOHQDHOXZWVAAU-DGGJZMOXSA-N,"InChI=1S/C25H33N3O5/c1-16-13-26-17(2)15-33-22-10-9-19(12-21(22)25(30)28(3)14-23(16)32-5)27-24(29)18-7-6-8-20(11-18)31-4/h6-12,16-17,23,26H,13-15H2,1-5H3,(H,27,29)/t16-,17+,23+/m1/s1",6947,CO[C@H]1CN(C)C(=O)c2cc(NC(=O)c3cccc(OC)c3)ccc2OC[C@H](C)NC[C@H]1C,NA
Input,BRD-K10432434,-0.28424181,InputSig,NA,NA,LINCSCP_60344,VCAP,5uM,24h,prostate,NA,NA,JEPVQKOMBMDDOB-XMERXJNXSA-N,"InChI=1S/C27H32FN3O4S/c1-19-15-31(20(2)18-32)36(33,34)27-11-10-22(23-8-4-5-9-24(23)28)13-25(27)35-26(19)17-30(3)16-21-7-6-12-29-14-21/h4-14,19-20,26,32H,15-18H2,1-3H3/t19-,20-,26-/m1/s1",23537,C[C@H](CO)N1C[C@@H](C)[C@@H](CN(C)Cc2cccnc2)Oc3cc(ccc3S1(=O)=O)c4ccccc4F,NA
Input,BRD-K82899766,-0.28421102,InputSig,NA,NA,LINCSCP_312556,VCAP,1uM,24h,prostate,NA,NA,OVZIEXAUCBNZBO-JKSBSHDWSA-N,"InChI=1S/C24H32FN3O3/c1-5-10-27(4)14-22-16(2)13-28(17(3)15-29)24(30)21-11-19(12-26-23(21)31-22)18-6-8-20(25)9-7-18/h6-9,11-12,16-17,22,29H,5,10,13-15H2,1-4H3/t16-,17+,22-/m0/s1",13710,CCCN(C)C[C@@H]1Oc2ncc(cc2C(=O)N(C[C@@H]1C)[C@H](C)CO)c3ccc(F)cc3,NA
Input,848193-68-0,-0.28411466,InputSig,NA,NA,LINCSCP_133692,MCF7,3.33uM,24h,breast,SIRT inhibitor,SIRT1,FUZYTVDVLBBXDL-VIFPVBQESA-N,"InChI=1S/C13H13ClN2O/c14-7-4-5-11-10(6-7)8-2-1-3-9(13(15)17)12(8)16-11/h4-6,9,16H,1-3H2,(H2,15,17)/t9-/m0/s1",16533,NC(=O)[C@H]1CCCc2c1[nH]c3ccc(Cl)cc23,NA
Input,CHIR-99021,-0.28397196,InputSig,NA,NA,LINCSCP_86499,BT20,0.37uM,3h,breast,Glycogen synthase kinase inhibitor,NA,AQGNHMOJWBZFQQ-UHFFFAOYSA-N,"InChI=1S/C22H18Cl2N8/c1-13-10-29-21(31-13)17-12-30-22(32-20(17)16-4-3-15(23)8-18(16)24)27-7-6-26-19-5-2-14(9-25)11-28-19/h2-5,8,10-12H,6-7H2,1H3,(H,26,28)(H,29,31)(H,27,30,32)",17599,Cc1c[nH]c(n1)c2cnc(NCCNc3ccc(cn3)C#N)nc2c4ccc(Cl)cc4Cl,NA
Input,Physostigmine,-0.28390004,InputSig,NA,NA,LINCSCP_101168,HELA,1.11uM,24h,large intestine,Acetylcholinesterase inhibitor|Cholinesterase inhibitor,ACHE,PIJVFDBKTWXHHD-HIFRSBDPSA-N,"InChI=1S/C15H21N3O2/c1-15-7-8-17(3)13(15)18(4)12-6-5-10(9-11(12)15)20-14(19)16-2/h5-6,9,13H,7-8H2,1-4H3,(H,16,19)/t13-,15+/m1/s1",36343,CNC(=O)Oc1ccc2N(C)[C@H]3N(C)CC[C@@]3(C)c2c1,4
Input,BRD-K07907451,-0.28292876,InputSig,NA,NA,LINCSCP_59831,VCAP,5uM,24h,prostate,NA,NA,VNWGQZGENSFMNJ-FTRWYGJKSA-N,"InChI=1S/C22H36N4O4/c1-14(2)23-22(29)24-18-7-8-19-17(9-18)10-21(28)26(16(4)13-27)11-15(3)20(30-19)12-25(5)6/h7-9,14-16,20,27H,10-13H2,1-6H3,(H2,23,24,29)/t15-,16-,20-/m0/s1",31890,CC(C)NC(=O)Nc1ccc2O[C@@H](CN(C)C)[C@@H](C)CN([C@@H](C)CO)C(=O)Cc2c1,NA
Input,SB-203580,-0.28285008,InputSig,NA,NA,LINCSCP_134098,MCF7,3.33uM,24h,breast,P38 MAPK inhibitor,MAPK1|MAPK11|MAPK14,CDMGBJANTYXAIV-UHFFFAOYSA-N,"InChI=1S/C21H16FN3OS/c1-27(26)18-8-4-16(5-9-18)21-24-19(14-2-6-17(22)7-3-14)20(25-21)15-10-12-23-13-11-15/h2-13H,1H3,(H,24,25)",37859,CS(=O)c1ccc(cc1)c2nc(c3ccc(F)cc3)c([nH]2)c4ccncc4,NA
Input,2-Acetylphenothiazine,-0.28224855,InputSig,NA,NA,LINCSCP_31710,MCF7,10uM,6h,breast,NADPH inhibitor,NOX1,JWGBOHJGWOPYCL-UHFFFAOYSA-N,"InChI=1S/C14H11NOS/c1-9(16)10-6-7-14-12(8-10)15-11-4-2-3-5-13(11)17-14/h2-8,15H,1H3",38248,CC(=O)c1ccc2Sc3ccccc3Nc2c1,NA
Input,BRD-K82881395,-0.28190458,InputSig,NA,NA,LINCSCP_298389,VCAP,5uM,24h,prostate,NA,NA,QUERDMQYNZTGQF-DFIYOIEZSA-N,"InChI=1S/C28H29FN4O5S/c1-19-16-33(20(2)18-34)28(35)23-13-22(11-10-21-7-6-12-30-14-21)15-31-27(23)38-25(19)17-32(3)39(36,37)26-9-5-4-8-24(26)29/h4-9,12-15,19-20,25,34H,16-18H2,1-3H3/t19-,20+,25-/m0/s1",927,C[C@H](CO)N1C[C@H](C)[C@H](CN(C)S(=O)(=O)c2ccccc2F)Oc3ncc(cc3C1=O)C#Cc4cccnc4,NA
Input,KUC107191N,-0.28158457,InputSig,NA,NA,LINCSCP_24159,HL60,10uM,6h,haematopoietic and lymphoid tissue,NA,NA,PXSMEPRWQNYAIL-UHFFFAOYSA-N,"InChI=1S/C23H25NO/c1-23(2,3)15-7-5-14(6-8-15)17-13-18-19-9-10-20(25-19)21(18)22-16(17)11-12-24(22)4/h5-8,11-13,19-20H,9-10H2,1-4H3",26536,Cn1ccc2c(cc3C4CCC(O4)c3c12)c5ccc(cc5)C(C)(C)C,NA
Input,Etravirine (TMC125),-0.2810366,InputSig,NA,NA,LINCSCP_175109,YAPC,3.33uM,24h,pancreas,Human immunodeficiency virus type 1 reverse transcriptase inhibitor,NA,PYGWGZALEOIKDF-UHFFFAOYSA-N,"InChI=1S/C20H15BrN6O/c1-11-7-14(10-23)8-12(2)17(11)28-19-16(21)18(24)26-20(27-19)25-15-5-3-13(9-22)4-6-15/h3-8H,1-2H3,(H3,24,25,26,27)",27024,Cc1cc(cc(C)c1Oc2nc(Nc3ccc(cc3)C#N)nc(N)c2Br)C#N,4
Input,BRD-K65196043,-0.28079397,InputSig,NA,NA,LINCSCP_60119,VCAP,5uM,6h,prostate,NA,NA,VIOYSSVCFLGZJY-OSWQYVSFSA-N,"InChI=1S/C27H31FN2O5S/c1-18-15-30(19(2)17-31)36(33,34)26-12-11-21(10-9-20-7-8-20)13-24(26)35-25(18)16-29(3)27(32)22-5-4-6-23(28)14-22/h4-6,11-14,18-20,25,31H,7-8,15-17H2,1-3H3/t18-,19+,25+/m0/s1",830,C[C@H](CO)N1C[C@H](C)[C@@H](CN(C)C(=O)c2cccc(F)c2)Oc3cc(ccc3S1(=O)=O)C#CC4CC4,NA
Input,Rescinnamine,-0.28068524,InputSig,NA,NA,LINCSCP_52757,SKB,10uM,24h,NA,Synaptic vesicular amine transporter inhibitor,ACE|SLC18A2,SZLZWPPUNLXJEA-QEGASFHISA-N,"InChI=1S/C35H42N2O9/c1-40-21-8-9-22-23-11-12-37-18-20-15-29(46-30(38)10-7-19-13-27(41-2)33(43-4)28(14-19)42-3)34(44-5)31(35(39)45-6)24(20)17-26(37)32(23)36-25(22)16-21/h7-10,13-14,16,20,24,26,29,31,34,36H,11-12,15,17-18H2,1-6H3/b10-7+/t20-,24+,26-,29-,31+,34+/m1/s1",17563,CO[C@H]1[C@@H](C[C@@H]2CN3CCc4c([nH]c5cc(OC)ccc45)[C@H]3C[C@@H]2[C@@H]1C(=O)OC)OC(=O)\C=C\c6cc(OC)c(OC)c(OC)c6,4
Input,BRD-K49092745,-0.28024224,InputSig,NA,NA,LINCSCP_59673,VCAP,5uM,24h,prostate,NA,NA,IGDQWSJWXZKUIQ-SPYBWZPUSA-N,"InChI=1S/C21H34N4O6S/c1-13(2)22-21(28)23-16-7-8-18-17(9-16)20(27)25(15(4)12-26)10-14(3)19(31-18)11-24(5)32(6,29)30/h7-9,13-15,19,26H,10-12H2,1-6H3,(H2,22,23,28)/t14-,15-,19-/m1/s1",12879,CC(C)NC(=O)Nc1ccc2O[C@H](CN(C)S(=O)(=O)C)[C@H](C)CN([C@H](C)CO)C(=O)c2c1,NA
Input,Varenicline Tartrate,-0.27902375,InputSig,NA,NA,LINCSCP_124935,HT29,0.04uM,24h,large intestine,Neuronal acetylcholine receptor; alpha4/beta2 agonist,CHRNA4|CHRNB2,JQSHBVHOMNKWFT-UHFFFAOYSA-N,"InChI=1S/C13H13N3/c1-2-16-13-5-11-9-3-8(6-14-7-9)10(11)4-12(13)15-1/h1-2,4-5,8-9,14H,3,6-7H2",26974,C1NCC2CC1c3cc4nccnc4cc23,4
Input,Radicicol,-0.27902182,InputSig,NA,NA,LINCSCP_30136,MCF7,0.5uM,6h,breast,HSP inhibitor,NA,WYZWZEOGROVVHK-ZUVMSYQZSA-N,"InChI=1S/C18H17ClO6/c1-9-6-15-14(25-15)5-3-2-4-10(20)7-11-16(18(23)24-9)12(21)8-13(22)17(11)19/h2-5,8-9,14-15,21-22H,6-7H2,1H3/b4-2+,5-3+",5384,CC1CC2OC2\C=C\C=C\C(=O)Cc3c(Cl)c(O)cc(O)c3C(=O)O1,NA
Input,Maprotiline,-0.27847443,InputSig,NA,NA,LINCSCP_72391,A375,0.12uM,24h,skin,Norepinephrine transporter inhibitor,SLC6A2,QSLMDECMDJKHMQ-GSXCWMCISA-N,"InChI=1S/C20H23N/c1-21-14-6-12-20-13-11-15(16-7-2-4-9-18(16)20)17-8-3-5-10-19(17)20/h2-5,7-10,15,21H,6,11-14H2,1H3/t15-,20+",36706,CNCCC[C@@]12CC[C@@H](c3ccccc13)c4ccccc24,NA
Input,Maprotiline,-0.27847443,InputSig,NA,NA,LINCSCP_72391,A375,0.12uM,24h,skin,Norepinephrine transporter inhibitor,SLC6A2,QSLMDECMDJKHMQ-UHFFFAOYSA-N,"InChI=1S/C20H23N/c1-21-14-6-12-20-13-11-15(16-7-2-4-9-18(16)20)17-8-3-5-10-19(17)20/h2-5,7-10,15,21H,6,11-14H2,1H3",15379,CNCCCC12CCC(c3ccccc13)c4ccccc24,4
Input,BRD-K35669573,-0.27832945,InputSig,NA,NA,LINCSCP_41956,NOMO1,0.001uM,24h,haematopoietic and lymphoid tissue,NA,NA,ILEDKNBEZITSIP-LBPRGKRZSA-N,"InChI=1S/C14H17N3O2S/c1-10-7-16-8-11-3-2-4-13(14(10)11)20(18,19)17-12-5-6-15-9-12/h2-4,7-8,12,15,17H,5-6,9H2,1H3/t12-/m0/s1",8852,Cc1cncc2cccc(c12)S(=O)(=O)N[C@H]3CCNC3,NA
Input,BRD-A01645196,-0.27828653,InputSig,NA,NA,LINCSCP_84689,ASC,0.37uM,24h,adipose,NA,NA,GRBDTJPMNXXXCP-QQGAXKBNSA-N,"InChI=1S/C37H48O6/c1-21(2)11-12-26(24(7)8)19-36-20-27(17-23(5)6)35(9,10)37(34(36)43,16-15-22(3)4)33(42)30(32(36)41)31(40)25-13-14-28(38)29(39)18-25/h11,13-15,17-18,26-27,30,38-39H,7,12,16,19-20H2,1-6,8-10H3/t26-,27+,30?,36+,37-/m0/s1",14130,CC(=CC[C@@H](C[C@@]12C[C@@H](C=C(C)C)C(C)(C)[C@@](CC=C(C)C)(C(=O)C(C(=O)c3ccc(O)c(O)c3)C1=O)C2=O)C(=C)C)C,NA
Input,LY-294002,-0.27778904,InputSig,NA,NA,LINCSCP_68918,VCAP,0.5uM,6h,prostate,MTOR inhibitor|DNA dependent protein kinase inhibitor|Phosphodiesterase inhibitor|PLK inhibitor,MTOR|PIK3CA|PIK3CB|PIK3CD|PIK3CG|PLK1|PRKDC,CZQHHVNHHHRRDU-UHFFFAOYSA-N,"InChI=1S/C19H17NO3/c21-17-13-18(20-9-11-22-12-10-20)23-19-15(7-4-8-16(17)19)14-5-2-1-3-6-14/h1-8,13H,9-12H2",38531,O=C1C=C(Oc2c1cccc2c3ccccc3)N4CCOCC4,NA
Input,SCHEMBL16226502,-0.27761854,InputSig,NA,NA,LINCSCP_251123,MCF7,0.1uM,6h,breast,HSP inhibitor,HSP90AA1,AYUNIORJHRXIBJ-ZGQRYRSUSA-N,"InChI=1S/C31H43N3O8/c1-8-12-33-26-21-13-17(2)14-25(41-7)27(36)19(4)15-20(5)29(42-31(32)39)24(40-6)11-9-10-18(3)30(38)34-22(28(21)37)16-23(26)35/h8-11,15-17,19,24-25,27,29,33,36H,1,12-14H2,2-7H3,(H2,32,39)(H,34,38)/b11-9+,18-10+,20-15+",3120,COC1CC(C)CC2=C(NCC=C)C(=O)C=C(NC(=O)\C(=C\C=C\C(OC)C(OC(=O)N)\C(=C\C(C)C1O)\C)\C)C2=O,NA
Input,Minoxidil,-0.27677205,InputSig,NA,NA,LINCSCP_15267,HA1E,10uM,24h,kidney epithelial,KATP activator|Kir6 channel (KATP) activator|Vasodilator,ABCC9|KCNJ11|KCNJ8,ZFMITUMMTDLWHR-UHFFFAOYSA-N,"InChI=1S/C9H15N5O/c10-7-6-8(12-9(11)14(7)15)13-4-2-1-3-5-13/h6H,1-5,10H2,(H2,11,12)",35491,Nc1cc(nc(N)[n+]1[O-])N2CCCCC2,4
Input,MLS003271342,-0.27659705,InputSig,NA,NA,LINCSCP_31531,MCF7,10uM,6h,breast,NA,NA,XODFSYDXGSMTSO-UHFFFAOYSA-N,"InChI=1S/C21H16N2O2/c24-20(25-17-11-5-2-6-12-17)15-23-19-14-8-7-13-18(19)21(22-23)16-9-3-1-4-10-16/h1-14H,15H2",23119,O=C(Cn1nc(c2ccccc2)c3ccccc13)Oc4ccccc4,NA
Input,"3,7-Bis(dimethylamino)phenothiazin-5-ium",-0.27624409,InputSig,NA,NA,LINCSCP_41854,NOMO1,10uM,6h,haematopoietic and lymphoid tissue,Guanylyl cyclase inhibitor|Monoamine oxidase inhibitor|Nitric oxide production inhibitor|Tau aggregation inhibitor,ACHE,RBTBFTRPCNLSDE-UHFFFAOYSA-N,"InChI=1S/C16H18N3S/c1-18(2)11-5-7-13-15(9-11)20-16-10-12(19(3)4)6-8-14(16)17-13/h5-10H,1-4H3/q+1",36258,CN(C)c1ccc2nc3ccc(cc3[s+]c2c1)N(C)C,3
Input,Antipyrine,-0.27566119,InputSig,NA,NA,LINCSCP_124989,HT29,0.04uM,24h,large intestine,Cyclooxygenase inhibitor,NA,VEQOALNAAJBPNY-UHFFFAOYSA-N,"InChI=1S/C11H12N2O/c1-9-8-11(14)13(12(9)2)10-6-4-3-5-7-10/h3-8H,1-2H3",13397,CN1N(C(=O)C=C1C)c2ccccc2,4
Input,BRD-K72425572,-0.27526788,InputSig,NA,NA,LINCSCP_65690,VCAP,10uM,24h,prostate,NA,NA,HSCCSOBZYXDVBZ-RROHFTNDSA-N,"InChI=1S/C36H53N5O5/c1-25-21-41(26(2)24-42)36(45)29-20-28(18-19-32(29)46-33(25)23-40(3)22-27-12-6-4-7-13-27)38-34(43)16-8-5-9-17-35(44)39-31-15-11-10-14-30(31)37/h10-11,14-15,18-20,25-27,33,42H,4-9,12-13,16-17,21-24,37H2,1-3H3,(H,38,43)(H,39,44)/t25-,26-,33+/m0/s1",33516,C[C@@H](CO)N1C[C@H](C)[C@@H](CN(C)CC2CCCCC2)Oc3ccc(NC(=O)CCCCCC(=O)Nc4ccccc4N)cc3C1=O,NA
Input,Avagacestat (BMS-708163),-0.27512323,InputSig,NA,NA,LINCSCP_78348,A375,1.11uM,24h,skin,Gamma-secretase inhibitor,APH1A|APH1B|NCSTN|PSEN1|PSEN2|PSENEN,XEAOPVUAMONVLA-QGZVFWFLSA-N,"InChI=1S/C20H17ClF4N4O4S/c21-14-3-5-15(6-4-14)34(31,32)29(17(18(26)30)7-8-20(23,24)25)10-13-2-1-12(9-16(13)22)19-27-11-33-28-19/h1-6,9,11,17H,7-8,10H2,(H2,26,30)/t17-/m1/s1",26735,NC(=O)[C@@H](CCC(F)(F)F)N(Cc1ccc(cc1F)c2nocn2)S(=O)(=O)c3ccc(Cl)cc3,2
Input,BRD-A43331270-001-01-6,-0.27450996,InputSig,NA,NA,LINCSCP_50713,RKO,10uM,6h,intestine,Adrenergic receptor antagonist|Calcium channel blocker,ADRA1A|CACNA1C,SLTFTBXXKKDMPA-UHFFFAOYSA-N,"InChI=1S/C36H39N3O6/c1-5-21-38-25(2)31(34(40)44-4)33(27-13-12-18-30(24-27)39(42)43)32(26(38)3)35(41)45-37-22-19-36(20-23-37,28-14-8-6-9-15-28)29-16-10-7-11-17-29/h6-18,24,33H,5,19-23H2,1-4H3",1390,CCCN1C(=C(C(C(=C1C)C(=O)ON2CCC(CC2)(c3ccccc3)c4ccccc4)c5cccc(c5)[N+](=O)[O-])C(=O)OC)C,NA
Input,BRD-K44766290,-0.2738651,InputSig,NA,NA,LINCSCP_59879,VCAP,5uM,24h,prostate,NA,NA,ATOUFFMQMQIITO-HHJKRLRDSA-N,"InChI=1S/C27H38N4O5/c1-18-15-31(19(2)17-32)26(33)14-20-13-22(29(3)4)9-12-24(20)36-25(18)16-30(5)27(34)28-21-7-10-23(35-6)11-8-21/h7-13,18-19,25,32H,14-17H2,1-6H3,(H,28,34)/t18-,19+,25-/m1/s1",32828,COc1ccc(NC(=O)N(C)C[C@H]2Oc3ccc(cc3CC(=O)N(C[C@H]2C)[C@@H](C)CO)N(C)C)cc1,NA
Input,BX-795,-0.27366208,InputSig,NA,NA,LINCSCP_117749,HT29,1.11uM,24h,large intestine,IKK inhibitor,PDK1|PDPK1,VAVXGGRQQJZYBL-UHFFFAOYSA-N,"InChI=1S/C23H26IN7O2S/c24-18-15-27-22(30-20(18)25-9-5-10-26-21(32)19-8-4-13-34-19)28-16-6-3-7-17(14-16)29-23(33)31-11-1-2-12-31/h3-4,6-8,13-15H,1-2,5,9-12H2,(H,26,32)(H,29,33)(H2,25,27,28,30)",37923,Ic1cnc(Nc2cccc(NC(=O)N3CCCC3)c2)nc1NCCCNC(=O)c4cccs4,NA
Input,AC1NSOND,-0.27357713,InputSig,NA,NA,LINCSCP_59296,VCAP,10uM,24h,prostate,NA,NA,NYSNWKVZPJLWBH-WQRHYEAKSA-N,"InChI=1S/C20H15FN4O/c1-13-18(20(26)23-22-13)11-15-12-25(17-5-3-2-4-6-17)24-19(15)14-7-9-16(21)10-8-14/h2-12H,1H3,(H,23,26)/b18-11-",37339,CC1=NNC(=O)/C/1=C\c2cn(nc2c3ccc(F)cc3)c4ccccc4,NA
Input,BRD-K96005107,-0.27322014,InputSig,NA,NA,LINCSCP_62829,VCAP,5uM,24h,prostate,NA,NA,BNYRIOADMGPGIR-MSYCTHLASA-N,"InChI=1S/C23H33ClN2O4S/c1-18(14-26(19(2)17-27)15-20-10-8-9-13-22(20)24)23(30-4)16-25(3)31(28,29)21-11-6-5-7-12-21/h5-13,18-19,23,27H,14-17H2,1-4H3/t18-,19+,23+/m1/s1",4792,CO[C@@H](CN(C)S(=O)(=O)c1ccccc1)[C@H](C)CN(Cc2ccccc2Cl)[C@@H](C)CO,NA
Input,Cinaciguat,-0.27287785,InputSig,NA,NA,LINCSCP_79937,A375,0.37uM,24h,skin,NA,NA,WPYWMXNXEZFMAK-UHFFFAOYSA-N,"InChI=1S/C36H39NO5/c38-35(39)12-6-7-24-37(26-30-19-21-33(22-20-30)36(40)41)25-23-32-10-4-5-11-34(32)42-27-31-17-15-29(16-18-31)14-13-28-8-2-1-3-9-28/h1-5,8-11,15-22H,6-7,12-14,23-27H2,(H,38,39)(H,40,41)",27001,OC(=O)CCCCN(CCc1ccccc1OCc2ccc(CCc3ccccc3)cc2)Cc4ccc(cc4)C(=O)O,NA
Input,"Triazolothiadiazine, 25",-0.27238146,InputSig,NA,NA,LINCSCP_31114,MCF7,10uM,24h,breast,NA,NA,KQYOTSLVCDQZMU-UHFFFAOYSA-N,"InChI=1S/C22H22N4O4S/c1-27-18-6-4-3-5-16(18)21-23-24-22-26(21)25-17(13-31-22)14-7-8-19(28-2)20(11-14)30-15-9-10-29-12-15/h3-8,11,15H,9-10,12-13H2,1-2H3",15339,COc1ccc(cc1OC2CCOC2)C3=Nn4c(SC3)nnc4c5ccccc5OC,NA
Input,BG-51,-0.27168519,InputSig,NA,NA,LINCSCP_212537,HA1E,0.1uM,24h,kidney epithelial,HDAC inhibitor,HDAC3,NA,NA,NA,NA,NA
Input,BRD-K43151809,-0.27091048,InputSig,NA,NA,LINCSCP_27521,HT29,5uM,24h,large intestine,NA,NA,JXWMWOXWMMUZLT-ARMFNRFLSA-N,"InChI=1S/C27H36N2O6S/c1-34-22-7-10-24(11-8-22)36(32,33)28-25-12-9-23(35-26(25)19-30)18-27(31)29-15-13-21(14-16-29)17-20-5-3-2-4-6-20/h2-8,10-11,21,23,25-26,28,30H,9,12-19H2,1H3/t23-,25-,26+/m1/s1",3141,COc1ccc(cc1)S(=O)(=O)N[C@@H]2CC[C@H](CC(=O)N3CCC(Cc4ccccc4)CC3)O[C@H]2CO,NA
Input,BRD-K60554389,-0.27049981,InputSig,NA,NA,LINCSCP_59683,VCAP,5uM,24h,prostate,NA,NA,HGWAOVZJNBZMAA-RLSLOFABSA-N,"InChI=1S/C27H38N4O6S/c1-18(2)28-27(34)29-22-11-12-24-21(13-22)14-26(33)31(20(4)17-32)15-19(3)25(37-24)16-30(5)38(35,36)23-9-7-6-8-10-23/h6-13,18-20,25,32H,14-17H2,1-5H3,(H2,28,29,34)/t19-,20-,25-/m0/s1",33236,CC(C)NC(=O)Nc1ccc2O[C@@H](CN(C)S(=O)(=O)c3ccccc3)[C@@H](C)CN([C@@H](C)CO)C(=O)Cc2c1,NA
Input,Setiptiline,-0.27039673,InputSig,NA,NA,LINCSCP_153780,PC3,10uM,24h,prostate,NA,NA,GVPIXRLYKVFFMK-UHFFFAOYSA-N,"InChI=1S/C19H19N/c1-20-11-10-18-16-8-4-2-6-14(16)12-15-7-3-5-9-17(15)19(18)13-20/h2-9H,10-13H2,1H3",27182,CN1CCC2=C(C1)c3ccccc3Cc4ccccc24,NA
Input,Ethacrynic acid,-0.27027846,InputSig,NA,NA,LINCSCP_123829,HT29,1.11uM,24h,large intestine,Sodium/potassium/chloride transporter inhibitor,SLC12A1,AVOLMBLBETYQHX-UHFFFAOYSA-N,"InChI=1S/C13H12Cl2O4/c1-3-7(2)13(18)8-4-5-9(12(15)11(8)14)19-6-10(16)17/h4-5H,2-3,6H2,1H3,(H,16,17)",35923,CCC(=C)C(=O)c1ccc(OCC(=O)O)c(Cl)c1Cl,4
Input,CHEMBL2132289,-0.2701246,InputSig,NA,NA,LINCSCP_36623,MCF7,0.5uM,6h,breast,Protein kinase inhibitor,RPS6KA3,UPTQGXMIZXGVSC-UHFFFAOYSA-N,"InChI=1S/C21H26FN5O2/c1-14-4-6-15(7-5-14)17-18-20(23)25-13-26-21(18)27(19(17)16(28)12-22)10-3-8-24-9-11-29-2/h4-7,13,24H,3,8-12H2,1-2H3,(H2,23,25,26)",17492,COCCNCCCn1c(C(=O)CF)c(c2ccc(C)cc2)c3c(N)ncnc13,NA
Input,Disulfiram,-0.26980367,InputSig,NA,NA,LINCSCP_31802,MCF7,10uM,6h,breast,Aldehyde dehydrogenase inhibitor,ALDH2,AUZONCFQVSMFAP-UHFFFAOYSA-N,"InChI=1S/C10H20N2S4/c1-5-11(6-2)9(13)15-16-10(14)12(7-3)8-4/h5-8H2,1-4H3",38758,CCN(CC)C(=S)SSC(=S)N(CC)CC,4
Input,Withaferin A,-0.26907008,InputSig,NA,NA,LINCSCP_9755,A549,0.001uM,24h,lung,IKK inhibitor,IKBKB|NAMPT,DBRXOUCRJQVYJQ-CKNDUULBSA-N,"InChI=1S/C28H38O6/c1-14-11-21(33-25(32)17(14)13-29)15(2)18-5-6-19-16-12-24-28(34-24)23(31)8-7-22(30)27(28,4)20(16)9-10-26(18,19)3/h7-8,15-16,18-21,23-24,29,31H,5-6,9-13H2,1-4H3/t15-,16-,18+,19-,20-,21+,23-,24+,26+,27-,28+/m0/s1",16606,C[C@H]([C@H]1CC(=C(CO)C(=O)O1)C)[C@H]2CC[C@H]3[C@@H]4C[C@H]5O[C@]56[C@@H](O)C=CC(=O)[C@]6(C)[C@H]4CC[C@]23C,NA
Input,BRD-K31815095,-0.26904542,InputSig,NA,NA,LINCSCP_306530,VCAP,5uM,6h,prostate,NA,NA,RQAOUBOGQGVTCU-FBBABVLZSA-N,"InChI=1S/C24H25F2N3O5/c1-27-22(30)11-17-4-5-19-21(34-17)12-33-20-6-3-16(10-18(20)24(32)29(19)2)28-23(31)13-7-14(25)9-15(26)8-13/h3,6-10,17,19,21H,4-5,11-12H2,1-2H3,(H,27,30)(H,28,31)/t17-,19+,21+/m0/s1",24332,CNC(=O)C[C@@H]1CC[C@@H]2[C@@H](COc3ccc(NC(=O)c4cc(F)cc(F)c4)cc3C(=O)N2C)O1,NA
Input,BRD-K42576592,-0.26878917,InputSig,NA,NA,LINCSCP_65639,VCAP,10uM,24h,prostate,NA,NA,ZJSZSWKNFIYZAP-RXWODINSSA-N,"InChI=1S/C42H59N5O6/c1-30-26-47(31(2)29-48)42(51)35-25-34(44-40(49)20-9-6-10-21-41(50)45-37-19-12-11-18-36(37)43)22-23-38(35)53-32(3)15-13-14-24-52-39(30)28-46(4)27-33-16-7-5-8-17-33/h5,7-8,11-12,16-19,22-23,25,30-32,39,48H,6,9-10,13-15,20-21,24,26-29,43H2,1-4H3,(H,44,49)(H,45,50)/t30-,31-,32+,39+/m0/s1",12703,C[C@@H](CO)N1C[C@H](C)[C@@H](CN(C)Cc2ccccc2)OCCCC[C@@H](C)Oc3ccc(NC(=O)CCCCCC(=O)Nc4ccccc4N)cc3C1=O,NA
Input,Zafirlukast,-0.268557,InputSig,NA,NA,LINCSCP_190299,A549,10uM,6h,lung,Leukotriene receptor antagonist,CYSLTR1,YEEZWCHGZNKEEK-UHFFFAOYSA-N,"InChI=1S/C31H33N3O6S/c1-20-8-4-7-11-29(20)41(37,38)33-30(35)22-13-12-21(28(17-22)39-3)16-23-19-34(2)27-15-14-24(18-26(23)27)32-31(36)40-25-9-5-6-10-25/h4,7-8,11-15,17-19,25H,5-6,9-10,16H2,1-3H3,(H,32,36)(H,33,35)",16411,COc1cc(ccc1Cc2cn(C)c3ccc(NC(=O)OC4CCCC4)cc23)C(=O)NS(=O)(=O)c5ccccc5C,4
Input,Rifampicin,-0.26845843,InputSig,NA,NA,LINCSCP_296222,VCAP,10uM,6h,prostate,RNA polymerase inhibitor,NR1I2,JQXXHWHPUNPDRT-WLSIYKJHSA-N,"InChI=1S/C43H58N4O12/c1-21-12-11-13-22(2)42(55)45-33-28(20-44-47-17-15-46(9)16-18-47)37(52)30-31(38(33)53)36(51)26(6)40-32(30)41(54)43(8,59-40)57-19-14-29(56-10)23(3)39(58-27(7)48)25(5)35(50)24(4)34(21)49/h11-14,19-21,23-25,29,34-35,39,49-53H,15-18H2,1-10H3,(H,45,55)/b12-11+,19-14+,22-13-,44-20+/t21-,23+,24+,25+,29-,34-,35+,39+,43-/m0/s1",37965,CO[C@H]1\C=C\O[C@@]2(C)Oc3c(C)c(O)c4c(O)c(NC(=O)\C(=C/C=C/[C@H](C)[C@H](O)[C@@H](C)[C@@H](O)[C@@H](C)[C@H](OC(=O)C)[C@@H]1C)\C)c(\C=N\N5CCN(C)CC5)c(O)c4c3C2=O,4
Input,BRD-K44410738,-0.26822624,InputSig,NA,NA,LINCSCP_28255,HT29,10uM,24h,large intestine,NA,NA,IQRVCTXELZIWDH-HKBOAZHASA-N,"InChI=1S/C22H20FN3OS/c1-2-18-12-25-22(28-18)26-19(11-24)21(20(26)13-27)15-8-6-14(7-9-15)16-4-3-5-17(23)10-16/h3-10,12,19-21,27H,2,13H2,1H3/t19-,20+,21+/m1/s1",3187,CCc1cnc(s1)N2[C@@H](CO)[C@H]([C@H]2C#N)c3ccc(cc3)c4cccc(F)c4,NA
Input,Nicaraven,-0.26794064,InputSig,NA,NA,LINCSCP_142029,MCF7,0.12uM,24h,breast,NA,NA,KTXBOOWDLPUROC-UHFFFAOYSA-N,"InChI=1S/C15H16N4O2/c1-11(19-15(21)13-5-3-7-17-10-13)8-18-14(20)12-4-2-6-16-9-12/h2-7,9-11H,8H2,1H3,(H,18,20)(H,19,21)",27166,CC(CNC(=O)c1cccnc1)NC(=O)c2cccnc2,NA
Input,Dexamethasone Acetate,-0.26791,InputSig,NA,NA,LINCSCP_179959,A375,10uM,6h,skin,Corticosteroid agonist|Cytochrome P450 inhibitor|Glucocorticoid receptor agonist,NR3C1,AKUJBENLRBOFTD-HIBZCRSPSA-N,"InChI=1S/C24H31FO6/c1-13-9-18-17-6-5-15-10-16(27)7-8-21(15,3)23(17,25)19(28)11-22(18,4)24(13,30)20(29)12-31-14(2)26/h7-8,10,13,17-19,28,30H,5-6,9,11-12H2,1-4H3/t13-,17?,18?,19+,21+,22+,23+,24+/m1/s1",22199,C[C@@H]1CC2C3CCC4=CC(=O)C=C[C@]4(C)[C@@]3(F)[C@@H](O)C[C@]2(C)[C@@]1(O)C(=O)COC(=O)C,NA
Input,AC1NWAML,-0.26644112,InputSig,NA,NA,LINCSCP_137862,MCF7,10uM,24h,breast,Glucocorticoid receptor agonist,NR3C1,FAOZLTXFLGPHNG-KXWDGVDDSA-N,"InChI=1S/C22H29FO4/c1-12-9-17-15-6-8-21(27,13(2)24)20(15,4)11-18(26)22(17,23)19(3)7-5-14(25)10-16(12)19/h5,7,10,12,15,17-18,26-27H,6,8-9,11H2,1-4H3/t12-,15?,17?,18-,19?,20-,21-,22-/m0/s1",116,C[C@H]1CC2C3CC[C@](O)(C(=O)C)[C@@]3(C)C[C@H](O)[C@]2(F)C4(C)C=CC(=O)C=C14,NA
Input,Ticlopidine,-0.26593525,InputSig,NA,NA,LINCSCP_211099,HA1E,10uM,6h,kidney epithelial,Purinergic receptor P2Y12 antagonist,P2RY12,PHWBOXQYWZNQIN-UHFFFAOYSA-N,"InChI=1S/C14H14ClNS/c15-13-4-2-1-3-11(13)9-16-7-5-14-12(10-16)6-8-17-14/h1-4,6,8H,5,7,9-10H2",35460,Clc1ccccc1CN2CCc3sccc3C2,4
Input,Etoposide,-0.26572372,InputSig,NA,NA,LINCSCP_58138,VCAP,10uM,24h,prostate,DNA topoisomerase II inhibitor,TOP2A|TOP2B,VJJPUSNTGOMMGY-MRVIYFEKSA-N,"InChI=1S/C29H32O13/c1-11-36-9-20-27(40-11)24(31)25(32)29(41-20)42-26-14-7-17-16(38-10-39-17)6-13(14)21(22-15(26)8-37-28(22)33)12-4-18(34-2)23(30)19(5-12)35-3/h4-7,11,15,20-22,24-27,29-32H,8-10H2,1-3H3/t11-,15+,20-,21-,22+,24-,25-,26-,27-,29+/m1/s1",16543,COc1cc(cc(OC)c1O)[C@H]2[C@@H]3[C@H](COC3=O)[C@H](O[C@@H]4O[C@@H]5CO[C@@H](C)O[C@H]5[C@H](O)[C@H]4O)c6cc7OCOc7cc26,4
Input,CHEMBL2133926,-0.26571545,InputSig,NA,NA,LINCSCP_37988,MCF7,1uM,6h,breast,NA,NA,ZBLCOVKAEUNWGN-PKIAKLFDSA-N,"InChI=1S/C33H43N5O4/c1-22-18-38(23(2)21-39)32(40)17-26-16-27(36(3)4)14-15-30(26)42-31(22)20-37(5)19-24-10-12-25(13-11-24)33(41)35-29-9-7-6-8-28(29)34/h6-16,22-23,31,39H,17-21,34H2,1-5H3,(H,35,41)/t22-,23-,31+/m1/s1",36788,C[C@H](CO)N1C[C@@H](C)[C@H](CN(C)Cc2ccc(cc2)C(=O)Nc3ccccc3N)Oc4ccc(cc4CC1=O)N(C)C,NA
Input,MLS004683642,-0.26540406,InputSig,NA,NA,LINCSCP_28536,HT29,100uM,24h,large intestine,Kelch-like ECH-associated protein ligand,KEAP1,LNENLABLFGGAFF-BHDDXSALSA-N,"InChI=1S/C26H26N2O5/c29-23(20-11-5-6-12-21(20)26(32)33)27-14-13-16-7-1-2-8-17(16)22(27)15-28-24(30)18-9-3-4-10-19(18)25(28)31/h1-4,7-10,20-22H,5-6,11-15H2,(H,32,33)/t20-,21+,22+/m0/s1",39901,OC(=O)[C@@H]1CCCC[C@@H]1C(=O)N2CCc3ccccc3[C@H]2CN4C(=O)c5ccccc5C4=O,NA
Input,869288-64-2,-0.26532721,InputSig,NA,NA,LINCSCP_134169,MCF7,10uM,24h,breast,NA,NA,HESLKTSGTIBHJU-UHFFFAOYSA-N,"InChI=1S/C22H20F3N5O3S/c1-34(32,33)16-4-2-3-13(9-16)11-26-20-17(22(23,24)25)12-27-21(30-20)28-15-6-7-18-14(10-15)5-8-19(31)29-18/h2-4,6-7,9-10,12H,5,8,11H2,1H3,(H,29,31)(H2,26,27,28,30)",19899,CS(=O)(=O)c1cccc(CNc2nc(Nc3ccc4NC(=O)CCc4c3)ncc2C(F)(F)F)c1,NA
Input,XL335,-0.2650812,InputSig,NA,NA,LINCSCP_120315,HT29,0.12uM,24h,large intestine,Bile acid receptor FXR agonist,NR1H4,INASOKQDNHHMRE-UHFFFAOYSA-N,"InChI=1S/C25H24F2N2O3/c1-14(2)32-24(31)17-12-29(23(30)15-9-10-18(26)19(27)11-15)13-25(3,4)21-16-7-5-6-8-20(16)28-22(17)21/h5-12,14,28H,13H2,1-4H3",27059,CC(C)OC(=O)C1=CN(CC(C)(C)c2c1[nH]c3ccccc23)C(=O)c4ccc(F)c(F)c4,1
Input,BRD-K89699317,-0.2648904,InputSig,NA,NA,LINCSCP_61922,VCAP,5uM,6h,prostate,NA,NA,XLDWFJCTUAPIOT-NZSAHSFTSA-N,"InChI=1S/C21H30FN3O6S/c22-17-4-1-2-5-20(17)32(28,29)24-18-7-6-16(31-19(18)15-26)14-21(27)23-8-3-9-25-10-12-30-13-11-25/h1-2,4-7,16,18-19,24,26H,3,8-15H2,(H,23,27)/t16-,18+,19-/m1/s1",4606,OC[C@H]1O[C@@H](CC(=O)NCCCN2CCOCC2)C=C[C@@H]1NS(=O)(=O)c3ccccc3F,NA
Input,BSPBIO_001592,-0.26474811,InputSig,NA,NA,LINCSCP_4816,A549,50uM,6h,lung,Cyclooxygenase inhibitor|Histone acetyltransferase inhibitor|Lipoxygenase inhibitor|NFkB pathway inhibitor,PTGS1|PTGS2,VZMSCIKIANDZNI-OAMUUVBCSA-N,"InChI=1S/C21H20O6/c1-26-20-11-7-14(12-19(20)25)6-9-16(22)13-17(23)10-8-15-4-3-5-18(24)21(15)27-2/h3-12,24-25H,13H2,1-2H3/b9-6+,10-8+",22175,COc1ccc(\C=C\C(=O)CC(=O)\C=C\c2cccc(O)c2OC)cc1O,NA
Input,BRD-K97149069,-0.26455073,InputSig,NA,NA,LINCSCP_190630,A549,10uM,24h,lung,NA,NA,SIHQACFNVCTPOW-PZTYDPALSA-N,"InChI=1S/C33H50N4O5/c1-23(2)34-33(40)35-28-15-16-30-29(18-28)32(39)37(25(4)22-38)19-24(3)31(41-17-11-10-12-26(5)42-30)21-36(6)20-27-13-8-7-9-14-27/h7-9,13-16,18,23-26,31,38H,10-12,17,19-22H2,1-6H3,(H2,34,35,40)/t24-,25-,26+,31+/m0/s1",259,CC(C)NC(=O)Nc1ccc2O[C@H](C)CCCCO[C@H](CN(C)Cc3ccccc3)[C@@H](C)CN([C@@H](C)CO)C(=O)c2c1,NA
Input,Mexiletine,-0.26363101,InputSig,NA,NA,LINCSCP_44505,PC3,10uM,24h,prostate,Sodium channel blocker,SCN10A|SCN11A|SCN1A|SCN2A|SCN3A|SCN4A|SCN5A|SCN7A|SCN8A|SCN9A,VLPIATFUUWWMKC-UHFFFAOYSA-N,"InChI=1S/C11H17NO/c1-8-5-4-6-9(2)11(8)13-7-10(3)12/h4-6,10H,7,12H2,1-3H3",29119,CC(N)COc1c(C)cccc1C,4
Input,Risperidone,-0.2630809,InputSig,NA,NA,LINCSCP_1914,A375,10uM,6h,skin,Dopamine receptor antagonist|Serotonin receptor antagonist,ADRA1A|ADRA1B|DRD2|DRD3|DRD4|HRH1|HTR1A|HTR1D|HTR2A|HTR2C,RAPZEAPATHNIPO-UHFFFAOYSA-N,"InChI=1S/C23H27FN4O2/c1-15-18(23(29)28-10-3-2-4-21(28)25-15)9-13-27-11-7-16(8-12-27)22-19-6-5-17(24)14-20(19)30-26-22/h5-6,14,16H,2-4,7-13H2,1H3",15728,CC1=C(CCN2CCC(CC2)c3noc4cc(F)ccc34)C(=O)N5CCCCC5=N1,4
Input,Enzalutamide,-0.26267283,InputSig,NA,NA,LINCSCP_64930,VCAP,10uM,24h,prostate,Androgen receptor antagonist,AR,WXCXUHSOUPDCQV-UHFFFAOYSA-N,"InChI=1S/C21H16F4N4O2S/c1-20(2)18(31)28(12-5-4-11(10-26)15(8-12)21(23,24)25)19(32)29(20)13-6-7-14(16(22)9-13)17(30)27-3/h4-9H,1-3H3,(H,27,30)",16528,CNC(=O)c1ccc(cc1F)N2C(=S)N(C(=O)C2(C)C)c3ccc(C#N)c(c3)C(F)(F)F,4
Input,FK888,-0.26264712,InputSig,NA,NA,LINCSCP_7203,A549,10uM,6h,lung,Tachykinin antagonist,TACR1,BFNKQTIJVFGCKQ-PDJGWCFMSA-N,"InChI=1S/C36H36N4O4/c1-38-23-30(29-14-8-9-15-32(29)38)35(43)40-22-28(41)20-33(40)34(42)37-31(36(44)39(2)21-24-10-4-3-5-11-24)19-25-16-17-26-12-6-7-13-27(26)18-25/h3-18,23,28,31,33,41H,19-22H2,1-2H3,(H,37,42)/t28-,31+,33+/m1/s1",15984,CN(Cc1ccccc1)C(=O)[C@H](Cc2ccc3ccccc3c2)NC(=O)[C@@H]4C[C@@H](O)CN4C(=O)c5cn(C)c6ccccc56,NA
Input,BRD-K09110452,-0.26189409,InputSig,NA,NA,LINCSCP_65401,VCAP,10uM,6h,prostate,NA,NA,LGBLGTHPXJHZTR-PWHSHALESA-N,"InChI=1S/C26H35N5O5/c1-18-14-31(19(2)17-32)26(34)22-12-21(20-4-6-27-7-5-20)13-28-25(22)36-23(18)15-29(3)24(33)16-30-8-10-35-11-9-30/h4-7,12-13,18-19,23,32H,8-11,14-17H2,1-3H3/t18-,19-,23+/m1/s1",31931,C[C@H](CO)N1C[C@@H](C)[C@H](CN(C)C(=O)CN2CCOCC2)Oc3ncc(cc3C1=O)c4ccncc4,NA
Input,Cabozantinib,-0.26151273,InputSig,NA,NA,LINCSCP_133324,MCF7,1.11uM,24h,breast,Hepatocyte growth factor receptor inhibitor|Vascular endothelial growth factor receptor 2 inhibitor,KDR|MET,ONIQOQHATWINJY-UHFFFAOYSA-N,"InChI=1S/C28H24FN3O5/c1-35-24-15-21-22(16-25(24)36-2)30-14-11-23(21)37-20-9-7-19(8-10-20)32-27(34)28(12-13-28)26(33)31-18-5-3-17(29)4-6-18/h3-11,14-16H,12-13H2,1-2H3,(H,31,33)(H,32,34)",35289,COc1cc2nccc(Oc3ccc(NC(=O)C4(CC4)C(=O)Nc5ccc(F)cc5)cc3)c2cc1OC,4
Input,Pelitinib,-0.26141139,InputSig,NA,NA,LINCSCP_72526,A375,1.11uM,24h,skin,EGFR inhibitor,EGFR,WVUNYSQLFKLYNI-AATRIKPKSA-N,"InChI=1S/C24H23ClFN5O2/c1-4-33-22-12-20-17(11-21(22)30-23(32)6-5-9-31(2)3)24(15(13-27)14-28-20)29-16-7-8-19(26)18(25)10-16/h5-8,10-12,14H,4,9H2,1-3H3,(H,28,29)(H,30,32)/b6-5+",24522,CCOc1cc2ncc(C#N)c(Nc3ccc(F)c(Cl)c3)c2cc1NC(=O)\C=C\CN(C)C,2
Input,Phenytoin,-0.2612386,InputSig,NA,NA,LINCSCP_106192,HELA,1.11uM,24h,large intestine,Hydantoin antiepileptic,SCN1A|SCN2A|SCN5A,CXOFVDLJLONNDW-UHFFFAOYSA-N,"InChI=1S/C15H12N2O2/c18-13-15(17-14(19)16-13,11-7-3-1-4-8-11)12-9-5-2-6-10-12/h1-10H,(H2,16,17,18,19)",1588,O=C1NC(=O)C(N1)(c2ccccc2)c3ccccc3,4
Input,Rottlerin,-0.26121425,InputSig,NA,NA,LINCSCP_105410,HELA,0.04uM,24h,large intestine,MAP kinase inhibitor|Protein kinase inhibitor,NA,DEZFNHCVIZBHBI-ZHACJKMWSA-N,"InChI=1S/C30H28O8/c1-15-24(33)19(27(36)22(16(2)31)25(15)34)14-20-26(35)18-12-13-30(3,4)38-29(18)23(28(20)37)21(32)11-10-17-8-6-5-7-9-17/h5-13,33-37H,14H2,1-4H3/b11-10+",22166,CC(=O)c1c(O)c(C)c(O)c(Cc2c(O)c3C=CC(C)(C)Oc3c(C(=O)\C=C\c4ccccc4)c2O)c1O,NA
Input,Bardoxolone Methyl,-0.26107277,InputSig,NA,NA,LINCSCP_153948,PC3,10uM,24h,prostate,Inhibitor of nuclear factor kappa B kinase beta subunit inhibitor|Keap1/Nrf2 inhibitor|Peroxisome proliferator-activated receptor gamma antagonist,IKBKB|KEAP1|NFE2L2|PPARG,WPTTVJLTNAWYAO-KPOXMGGZSA-N,"InChI=1S/C32H43NO4/c1-27(2)11-13-32(26(36)37-8)14-12-31(7)24(20(32)17-27)21(34)15-23-29(5)16-19(18-33)25(35)28(3,4)22(29)9-10-30(23,31)6/h15-16,20,22,24H,9-14,17H2,1-8H3/t20-,22-,24-,29-,30+,31+,32-/m0/s1",26671,COC(=O)[C@]12CCC(C)(C)C[C@H]1[C@H]3C(=O)C=C4[C@@](C)(CC[C@H]5C(C)(C)C(=O)C(=C[C@]45C)C#N)[C@]3(C)CC2,3
Input,6266-99-5,-0.26095906,InputSig,NA,NA,LINCSCP_56448,VCAP,10uM,24h,prostate,Glutamate receptor antagonist,GRM5,SISOFUCTXZKSOQ-UHFFFAOYSA-N,"InChI=1S/C14H13N/c1-12-6-5-9-14(15-12)11-10-13-7-3-2-4-8-13/h2-11H,1H3",3173,Cc1cccc(C=Cc2ccccc2)n1,NA
Input,BAS 00448127,-0.26079144,InputSig,NA,NA,LINCSCP_32348,MCF7,10uM,6h,breast,NA,NA,VFUBYRKVTAMKPI-UHFFFAOYSA-N,"InChI=1S/C17H14N2O4/c20-10-9-18-15(21)11-5-7-12(8-6-11)19-16(22)13-3-1-2-4-14(13)17(19)23/h1-8,20H,9-10H2,(H,18,21)",1428,OCCNC(=O)c1ccc(cc1)N2C(=O)c3ccccc3C2=O,NA
Input,Lenalidomide,-0.26051378,InputSig,NA,NA,LINCSCP_153354,PC3,10uM,24h,prostate,Anticancer agent,CRBN|CUL4A|DDB1|RBX1|TNF,GOTYRUGSSMKFNF-UHFFFAOYSA-N,"InChI=1S/C13H13N3O3/c14-9-3-1-2-7-8(9)6-16(13(7)19)10-4-5-11(17)15-12(10)18/h1-3,10H,4-6,14H2,(H,15,17,18)",16511,Nc1cccc2C(=O)N(Cc12)C3CCC(=O)NC3=O,4
Input,Nicardipine,-0.26004918,InputSig,NA,NA,LINCSCP_256510,NCIH1694,10uM,6h,lung,Calcium channel blocker,CACNA1C|CACNA1D|CACNA1F|CACNA1S,ZBBHBTPTTSWHBA-UHFFFAOYSA-N,"InChI=1S/C26H29N3O6/c1-17-22(25(30)34-4)24(20-11-8-12-21(15-20)29(32)33)23(18(2)27-17)26(31)35-14-13-28(3)16-19-9-6-5-7-10-19/h5-12,15,24,27H,13-14,16H2,1-4H3",35353,COC(=O)C1=C(C)NC(=C(C1c2cccc(c2)[N+](=O)[O-])C(=O)OCCN(C)Cc3ccccc3)C,4
Input,MLS003129743,-0.25987545,InputSig,NA,NA,LINCSCP_60678,VCAP,5uM,6h,prostate,NA,NA,BWTMYHAPSQQINJ-XLNZFTOWSA-N,"InChI=1S/C26H36N6O4/c1-18-13-32(19(2)16-33)25(34)6-5-10-31-14-22(27-28-31)17-36-24(18)15-30(4)26(35)21-8-7-20-9-11-29(3)23(20)12-21/h7-9,11-12,14,18-19,24,33H,5-6,10,13,15-17H2,1-4H3/t18-,19+,24+/m0/s1",16741,C[C@H](CO)N1C[C@H](C)[C@@H](CN(C)C(=O)c2ccc3ccn(C)c3c2)OCc4cn(CCCC1=O)nn4,NA
Input,Dequalinium,-0.25913202,InputSig,NA,NA,LINCSCP_79845,A375,10uM,24h,skin,PKC inhibitor,NA,PCSWXVJAIHCTMO-UHFFFAOYSA-P,"InChI=1S/C30H38N4/c1-23-21-27(31)25-15-9-11-17-29(25)33(23)19-13-7-5-3-4-6-8-14-20-34-24(2)22-28(32)26-16-10-12-18-30(26)34/h9-12,15-18,21-22,31-32H,3-8,13-14,19-20H2,1-2H3/p+2",16428,Cc1cc(N)c2ccccc2[n+]1CCCCCCCCCC[n+]3c(C)cc(N)c4ccccc34,4
Input,Tremulacin,-0.25878441,InputSig,NA,NA,LINCSCP_57928,VCAP,10uM,24h,prostate,Lipoxygenase inhibitor,NA,RCKCYCDBDYUIGM-LFMHJWGUSA-N,"InChI=1S/C27H28O11/c28-14-19-21(30)22(31)23(38-24(32)16-8-2-1-3-9-16)25(37-19)36-18-11-5-4-10-17(18)15-35-26(33)27(34)13-7-6-12-20(27)29/h1-5,7-11,13,19,21-23,25,28,30-31,34H,6,12,14-15H2/t19-,21-,22+,23-,25-,27?/m1/s1",18423,OC[C@H]1O[C@@H](Oc2ccccc2COC(=O)C3(O)C=CCCC3=O)[C@H](OC(=O)c4ccccc4)[C@@H](O)[C@@H]1O,NA
Input,AM404,-0.25853227,InputSig,NA,NA,LINCSCP_190044,A549,10uM,24h,lung,Cyclooxygenase inhibitor|FAAH inhibitor|TRPV antagonist,TRPV1,IJBZOOZRAXHERC-DOFZRALJSA-N,"InChI=1S/C26H37NO2/c1-2-3-4-5-6-7-8-9-10-11-12-13-14-15-16-17-18-19-26(29)27-24-20-22-25(28)23-21-24/h6-7,9-10,12-13,15-16,20-23,28H,2-5,8,11,14,17-19H2,1H3,(H,27,29)/b7-6-,10-9-,13-12-,16-15-",37811,CCCCC\C=C/C\C=C/C\C=C/C\C=C/CCCC(=O)Nc1ccc(O)cc1,NA
Input,CHEMBL2355586,-0.25849721,InputSig,NA,NA,LINCSCP_59403,VCAP,10uM,6h,prostate,NA,NA,QVMJLFZOFFUGMH-DGIFUFQNSA-N,"InChI=1S/C32H41N5O4/c1-21-17-37(22(2)20-38)32(40)26-16-25(35(3)4)14-15-29(26)41-30(21)19-36(5)18-23-10-12-24(13-11-23)31(39)34-28-9-7-6-8-27(28)33/h6-16,21-22,30,38H,17-20,33H2,1-5H3,(H,34,39)/t21-,22+,30+/m1/s1",36783,C[C@@H](CO)N1C[C@@H](C)[C@H](CN(C)Cc2ccc(cc2)C(=O)Nc3ccccc3N)Oc4ccc(cc4C1=O)N(C)C,NA
Input,pyrvinium-pamoate,-0.25813339,InputSig,NA,NA,LINCSCP_45068,PC3,10uM,24h,prostate,AKT inhibitor|Androgen receptor antagonist,AR,NA,NA,NA,NA,NA
Input,BRD-K16479870,-0.25780641,InputSig,NA,NA,LINCSCP_279427,PC3,10uM,6h,prostate,NA,NA,CROBQSVNIOLQSN-OWOAZTCBSA-N,"InChI=1S/C29H35F2N3O5S/c1-19-16-34(20(2)18-35)40(37,38)28-13-10-22(9-8-21-6-4-5-7-21)14-26(28)39-27(19)17-33(3)29(36)32-25-15-23(30)11-12-24(25)31/h10-15,19-21,27,35H,4-7,16-18H2,1-3H3,(H,32,36)/t19-,20-,27+/m0/s1",25651,C[C@@H](CO)N1C[C@H](C)[C@@H](CN(C)C(=O)Nc2cc(F)ccc2F)Oc3cc(ccc3S1(=O)=O)C#CC4CCCC4,NA
Input,CHEMBL2355935,-0.25754196,InputSig,NA,NA,LINCSCP_64249,VCAP,5uM,24h,prostate,NA,NA,CBAAPWVHONFTKW-DWLUSBQNSA-N,"InChI=1S/C35H47F3N4O7S/c1-22-18-42(23(2)21-43)34(44)30-17-29(40-50(45,46)33-25(4)39-49-26(33)5)14-15-31(30)48-24(3)9-7-8-16-47-32(22)20-41(6)19-27-10-12-28(13-11-27)35(36,37)38/h10-15,17,22-24,32,40,43H,7-9,16,18-21H2,1-6H3/t22-,23+,24-,32-/m0/s1",19562,C[C@H](CO)N1C[C@H](C)[C@H](CN(C)Cc2ccc(cc2)C(F)(F)F)OCCCC[C@H](C)Oc3ccc(NS(=O)(=O)c4c(C)onc4C)cc3C1=O,NA
Input,BRD-A25736793,-0.25749891,InputSig,NA,NA,LINCSCP_112135,HEPG2,1.11uM,24h,liver,mTOR inhibitor,MTOR,HKVAMNSJSFKALM-PYJGUTGCSA-N,"InChI=1S/C53H83NO14/c1-32-16-12-11-13-17-33(2)44(63-8)30-40-21-19-38(7)53(62,68-40)50(59)51(60)54-23-15-14-18-41(54)52(61)67-45(35(4)28-39-20-22-43(66-25-24-55)46(29-39)64-9)31-42(56)34(3)27-37(6)48(58)49(65-10)47(57)36(5)26-32/h11-13,16-17,27,32,34-36,38-41,43-46,48-49,55,58,62H,14-15,18-26,28-31H2,1-10H3/b13-11+,16-12+,33-17+,37-27+",1547,COC1CC(CC(C)C2CC(=O)C(C)\C=C(/C)\C(O)C(OC)C(=O)C(C)CC(C)\C=C\C=C\C=C(/C)\C(CC3CCC(C)C(O)(O3)C(=O)C(=O)N4CCCCC4C(=O)O2)OC)CCC1OCCO,NA
Input,BRD-K93845141,-0.25733581,InputSig,NA,NA,LINCSCP_66188,VCAP,0.5uM,24h,prostate,NA,NA,RJZMBPWJQGQEHM-GSDHBNRESA-N,"InChI=1S/C26H35N3O2/c30-19-25-26(22-7-5-21(6-8-22)23-4-3-11-27-16-23)24-18-28(12-1-2-13-29(24)25)17-20-9-14-31-15-10-20/h3-8,11,16,20,24-26,30H,1-2,9-10,12-15,17-19H2/t24-,25-,26-/m0/s1",34124,OC[C@H]1[C@H]([C@@H]2CN(CC3CCOCC3)CCCCN12)c4ccc(cc4)c5cccnc5,NA
Input,BRD-K89961851,-0.25711476,InputSig,NA,NA,LINCSCP_312578,VCAP,3uM,24h,prostate,NA,NA,GMLMGXOKFZUTJK-WPFOTENUSA-N,"InChI=1S/C24H25N3O2/c25-15-21-24(20-8-6-19(7-9-20)18-4-2-1-3-5-18)22(16-28)27(21)23(29)14-17-10-12-26-13-11-17/h4,6-13,21-22,24,28H,1-3,5,14,16H2/t21-,22-,24+/m0/s1",25201,OC[C@H]1[C@@H]([C@H](C#N)N1C(=O)Cc2ccncc2)c3ccc(cc3)C4=CCCCC4,NA
Input,MLS003221405,-0.25621079,InputSig,NA,NA,LINCSCP_292504,VCAP,10uM,6h,prostate,NA,NA,OPRCOTADQGJAND-UHFFFAOYSA-N,"InChI=1S/C23H29NO4/c1-16-8-7-11-24(15-16)22(26)14-19(17-9-5-4-6-10-17)23-20(25)12-18(27-2)13-21(23)28-3/h4-6,9-10,12-13,16,19,25H,7-8,11,14-15H2,1-3H3",22495,COc1cc(O)c(C(CC(=O)N2CCCC(C)C2)c3ccccc3)c(OC)c1,NA
Input,BRD-K47303556,-0.2561678,InputSig,NA,NA,LINCSCP_307966,VCAP,5uM,6h,prostate,NA,NA,MKIQWJGRPCGZSV-XLAORIBOSA-N,"InChI=1S/C19H29N3O4/c1-2-21-19(24)9-16-3-4-17-18(26-16)13-25-12-15(23)11-22(17)10-14-5-7-20-8-6-14/h5-8,15-18,23H,2-4,9-13H2,1H3,(H,21,24)/t15-,16-,17-,18+/m0/s1",24735,CCNC(=O)C[C@@H]1CC[C@H]2[C@@H](COC[C@@H](O)CN2Cc3ccncc3)O1,NA
Input,CHEMBL1410859,-0.25604861,InputSig,NA,NA,LINCSCP_1288,A375,10uM,6h,skin,NA,NA,JQTNPGCWKXTRTO-UHFFFAOYSA-N,"InChI=1S/C17H13N3OS/c1-2-14(22-7-1)9-18-17-15-8-12(13-5-6-21-10-13)3-4-16(15)19-11-20-17/h1-8,10-11H,9H2,(H,18,19,20)",33283,C(Nc1ncnc2ccc(cc12)c3cocc3)c4cccs4,NA
Input,2-Aminopurine,-0.25603538,InputSig,NA,NA,LINCSCP_46753,PC3,10uM,24h,prostate,Serine/threonine kinase inhibitor,NA,MWBWWFOAEOYUST-UHFFFAOYSA-N,"InChI=1S/C5H5N5/c6-5-7-1-3-4(10-5)9-2-8-3/h1-2H,(H3,6,7,8,9,10)",28081,Nc1ncc2nc[nH]c2n1,NA
Input,Estradiol,-0.25598856,InputSig,NA,NA,LINCSCP_28601,HT29,0.12uM,24h,large intestine,Estrogen receptor alpha agonist,ESR1|ESR2|NR1I2,VOXZDWNPVJITMN-ZBRFXRBCSA-N,"InChI=1S/C18H24O2/c1-18-9-8-14-13-5-3-12(19)10-11(13)2-4-15(14)16(18)6-7-17(18)20/h3,5,10,14-17,19-20H,2,4,6-9H2,1H3/t14-,15-,16+,17+,18+/m1/s1",15465,C[C@]12CC[C@H]3[C@@H](CCc4cc(O)ccc34)[C@@H]1CC[C@@H]2O,4
Input,Gemfibrozil,-0.2555843,InputSig,NA,NA,LINCSCP_154433,PC3,0.04uM,24h,prostate,Lipoprotein lipase activator,CYP2C8|LPL|PPARA,HEMJJKBWTPKOJG-UHFFFAOYSA-N,"InChI=1S/C15H22O3/c1-11-6-7-12(2)13(10-11)18-9-5-8-15(3,4)14(16)17/h6-7,10H,5,8-9H2,1-4H3,(H,16,17)",15416,Cc1ccc(C)c(OCCCC(C)(C)C(=O)O)c1,4
Input,BRD-K98196975,-0.25548034,InputSig,NA,NA,LINCSCP_49207,PC3,10uM,6h,prostate,NA,NA,IOGICXGLCRDSGV-NWPSSHFQSA-N,"InChI=1S/C41H49F3N4O5/c1-27-23-48(28(2)26-49)39(50)35-22-33(45-40(51)46-36-14-9-12-31-11-5-6-13-34(31)36)19-20-37(35)53-29(3)10-7-8-21-52-38(27)25-47(4)24-30-15-17-32(18-16-30)41(42,43)44/h5-6,9,11-20,22,27-29,38,49H,7-8,10,21,23-26H2,1-4H3,(H2,45,46,51)/t27-,28+,29-,38-/m1/s1",14079,C[C@@H](CO)N1C[C@@H](C)[C@@H](CN(C)Cc2ccc(cc2)C(F)(F)F)OCCCC[C@@H](C)Oc3ccc(NC(=O)Nc4cccc5ccccc45)cc3C1=O,NA
Input,BRD-K77282409,-0.25540923,InputSig,NA,NA,LINCSCP_298165,VCAP,5uM,6h,prostate,NA,NA,MIOBFWIJYZOKSQ-FONBTEPMSA-N,"InChI=1S/C32H33N3O7/c1-20-16-35(21(2)18-36)32(38)25-13-22(9-10-23-7-5-6-8-26(23)39-4)15-33-30(25)42-29(20)17-34(3)31(37)24-11-12-27-28(14-24)41-19-40-27/h5-8,11-15,20-21,29,36H,16-19H2,1-4H3/t20-,21+,29-/m0/s1",887,COc1ccccc1C#Cc2cnc3O[C@@H](CN(C)C(=O)c4ccc5OCOc5c4)[C@@H](C)CN([C@H](C)CO)C(=O)c3c2,NA
Input,PX 12,-0.25536641,InputSig,NA,NA,LINCSCP_43711,OV7,30uM,6h,ovary,Thioredoxin inhibitor,TXN|TXNRD1,BPBPYQWMFCTCNG-UHFFFAOYSA-N,"InChI=1S/C7H12N2S2/c1-3-6(2)10-11-7-8-4-5-9-7/h4-6H,3H2,1-2H3,(H,8,9)",31830,CCC(C)SSc1ncc[nH]1,NA
Input,Desmopressin,-0.25511505,InputSig,NA,NA,LINCSCP_159437,PC3,0.37uM,24h,prostate,NA,NA,NFLWUMRGJYTJIN-UHFFFAOYSA-N,"InChI=1S/C46H64N14O12S2/c47-35(62)15-14-29-40(67)58-32(22-36(48)63)43(70)59-33(45(72)60-18-5-9-34(60)44(71)56-28(8-4-17-52-46(50)51)39(66)53-23-37(49)64)24-74-73-19-16-38(65)54-30(21-26-10-12-27(61)13-11-26)41(68)57-31(42(69)55-29)20-25-6-2-1-3-7-25/h1-3,6-7,10-13,28-34,61H,4-5,8-9,14-24H2,(H2,47,62)(H2,48,63)(H2,49,64)(H,53,66)(H,54,65)(H,55,69)(H,56,71)(H,57,68)(H,58,67)(H,59,70)(H4,50,51,52)",27204,NC(=O)CCC1NC(=O)C(Cc2ccccc2)NC(=O)C(Cc3ccc(O)cc3)NC(=O)CCSSCC(NC(=O)C(CC(=O)N)NC1=O)C(=O)N4CCCC4C(=O)NC(CCCNC(=N)N)C(=O)NCC(=O)N,NA
Input,BRD-K74964997,-0.25503857,InputSig,NA,NA,LINCSCP_61910,VCAP,5uM,6h,prostate,NA,NA,LJTZBZLXVQJQJX-BZUAXINKSA-N,"InChI=1S/C18H33N3O5/c1-25-10-9-19-17(23)11-14-7-8-15(16(12-22)26-14)21-18(24)20-13-5-3-2-4-6-13/h13-16,22H,2-12H2,1H3,(H,19,23)(H2,20,21,24)/t14-,15-,16-/m1/s1",4760,COCCNC(=O)C[C@H]1CC[C@@H](NC(=O)NC2CCCCC2)[C@@H](CO)O1,NA
Input,TL_HRAS26,-0.25482233,InputSig,NA,NA,LINCSCP_624,A375,10uM,24h,skin,NA,NA,VIBHJPDPEVVDTB-UHFFFAOYSA-N,"InChI=1S/C22H20Cl2N4O4/c1-14-20(28(30)31)19(25-32-14)22(29)27-12-10-26(11-13-27)21(15-2-6-17(23)7-3-15)16-4-8-18(24)9-5-16/h2-9,21H,10-13H2,1H3",15370,Cc1onc(C(=O)N2CCN(CC2)C(c3ccc(Cl)cc3)c4ccc(Cl)cc4)c1[N+](=O)[O-],NA
Input,F1061-0166,-0.25475946,InputSig,NA,NA,LINCSCP_203406,ASC,10uM,24h,adipose,NA,NA,NFJXZWXCLRCTGM-UHFFFAOYSA-N,"InChI=1S/C22H20ClN3/c1-14-11-12-24-20(13-14)26-22(16-7-9-17(23)10-8-16)21-15(2)25-19-6-4-3-5-18(19)21/h3-13,22,25H,1-2H3,(H,24,26)",17987,Cc1ccnc(NC(c2ccc(Cl)cc2)c3c(C)[nH]c4ccccc34)c1,NA
Input,PRESTWICK3_000646,-0.25429615,InputSig,NA,NA,LINCSCP_56739,VCAP,10uM,6h,prostate,ATPase inhibitor,NA,QBILRDAMJUPXCX-RIBQKGKFSA-N,"InChI=1S/C29H42O9/c1-16-25(33)22(31)12-24(37-16)38-18-3-8-27(15-30)20-4-7-26(2)19(17-11-23(32)36-14-17)6-10-29(26,35)21(20)5-9-28(27,34)13-18/h11,15-16,18-22,24-25,31,33-35H,3-10,12-14H2,1-2H3/t16-,18?,19-,20+,21-,22+,24+,25-,26-,27+,28+,29+/m1/s1",431,C[C@H]1O[C@H](C[C@H](O)[C@@H]1O)OC2CC[C@]3(C=O)[C@H]4CC[C@]5(C)[C@H](CC[C@]5(O)[C@@H]4CC[C@]3(O)C2)C6=CC(=O)OC6,NA
Input,NCGC00179649-07,-0.25419879,InputSig,NA,NA,LINCSCP_47553,PC3,10uM,24h,prostate,Glucocorticoid receptor agonist,NA,OIGNJSKKLXVSLS-JXJRQGLWSA-N,"InChI=1S/C21H28O5/c1-19-7-5-13(23)9-12(19)3-4-14-15-6-8-21(26,17(25)11-22)20(15,2)10-16(24)18(14)19/h5,7,9,14-16,18,22,24,26H,3-4,6,8,10-11H2,1-2H3/t14-,15+,16-,18+,19-,20-,21-/m0/s1",1607,C[C@]12C[C@H](O)[C@H]3[C@@H](CCC4=CC(=O)C=C[C@]34C)[C@H]1CC[C@]2(O)C(=O)CO,NA
Input,SPECTRUM_000224,-0.25403105,InputSig,NA,NA,LINCSCP_139511,MCF7,0.04uM,24h,breast,NA,NA,YNDXUCZADRHECN-BPHAHLGOSA-N,"InChI=1S/C24H31FO6/c1-20(2)30-19-10-16-15-6-5-13-9-14(27)7-8-21(13,3)23(15,25)17(28)11-22(16,4)24(19,31-20)18(29)12-26/h7-9,15-17,19,26,28H,5-6,10-12H2,1-4H3/t15?,16?,17-,19+,21-,22-,23-,24+/m0/s1",157,CC1(C)O[C@@H]2CC3C4CCC5=CC(=O)C=C[C@]5(C)[C@@]4(F)[C@@H](O)C[C@]3(C)[C@@]2(O1)C(=O)CO,NA
Input,Didanosine,-0.25392751,InputSig,NA,NA,LINCSCP_47580,PC3,10uM,24h,prostate,Nucleoside reverse transcriptase inhibitor,PNP,BXZVVICBKDXVGW-NKWVEPMBSA-N,"InChI=1S/C10H12N4O3/c15-3-6-1-2-7(17-6)14-5-13-8-9(14)11-4-12-10(8)16/h4-7,15H,1-3H2,(H,11,12,16)/t6-,7+/m0/s1",23285,OC[C@@H]1CC[C@@H](O1)n2cnc3c(O)ncnc23,4
Input,Emtricitabine,-0.2537984,InputSig,NA,NA,LINCSCP_94663,HA1E,0.04uM,24h,kidney epithelial,Human immunodeficiency virus type 1 reverse transcriptase inhibitor,NA,XQSPYNMVSIKCOC-NTSWFWBYSA-N,"InChI=1S/C8H10FN3O3S/c9-4-1-12(8(14)11-7(4)10)5-3-16-6(2-13)15-5/h1,5-6,13H,2-3H2,(H2,10,11,14)/t5-,6+/m0/s1",26930,NC1=NC(=O)N(C=C1F)[C@@H]2CS[C@H](CO)O2,4
Input,BRD-K69295800,-0.253556,InputSig,NA,NA,LINCSCP_59974,VCAP,5uM,6h,prostate,NA,NA,MYLZFEJTJGFFCG-GNBJCERTSA-N,"InChI=1S/C28H34N4O6S/c1-18-15-32(19(2)17-33)27(34)23-14-21(30-39(4,36)37)12-13-25(23)38-26(18)16-31(3)28(35)29-24-11-7-9-20-8-5-6-10-22(20)24/h5-14,18-19,26,30,33H,15-17H2,1-4H3,(H,29,35)/t18-,19+,26+/m0/s1",13335,C[C@H](CO)N1C[C@H](C)[C@@H](CN(C)C(=O)Nc2cccc3ccccc23)Oc4ccc(NS(=O)(=O)C)cc4C1=O,NA
Input,MLS002264502,-0.25336446,InputSig,NA,NA,LINCSCP_31230,MCF7,10uM,6h,breast,NA,NA,OYPCPJBAOPUYOB-UHFFFAOYSA-N,"InChI=1S/C12H15N3O3S/c1-18-11-3-2-4-12(7-11)19(16,17)14-10-5-6-15(8-10)9-13/h2-4,7,10,14H,5-6,8H2,1H3",35306,COc1cccc(c1)S(=O)(=O)NC2CCN(C2)C#N,NA
Input,NSC169534,-0.25323566,InputSig,NA,NA,LINCSCP_56743,VCAP,10uM,6h,prostate,Topoisomerase inhibitor,TOP2A,AOJJSUZBOXZQNB-UHFFFAOYSA-N,"InChI=1S/C27H29NO11/c1-10-22(31)13(28)6-17(38-10)39-15-8-27(36,16(30)9-29)7-12-19(15)26(35)21-20(24(12)33)23(32)11-4-3-5-14(37-2)18(11)25(21)34/h3-5,10,13,15,17,22,29,31,33,35-36H,6-9,28H2,1-2H3",15314,COc1cccc2C(=O)c3c(O)c4CC(O)(CC(OC5CC(N)C(O)C(C)O5)c4c(O)c3C(=O)c12)C(=O)CO,NA
Input,Sirolimus,-0.25322472,InputSig,NA,NA,LINCSCP_68665,VCAP,10uM,24h,prostate,MTOR inhibitor,FKBP1A|MTOR,QFJCIRLUMZQUOT-KADBNGAOSA-N,"InChI=1S/C51H79NO13/c1-30-16-12-11-13-17-31(2)42(61-8)28-38-21-19-36(7)51(60,65-38)48(57)49(58)52-23-15-14-18-39(52)50(59)64-43(33(4)26-37-20-22-40(53)44(27-37)62-9)29-41(54)32(3)25-35(6)46(56)47(63-10)45(55)34(5)24-30/h11-13,16-17,25,30,32-34,36-40,42-44,46-47,53,56,60H,14-15,18-24,26-29H2,1-10H3/b13-11+,16-12-,31-17+,35-25+/t30-,32-,33-,34-,36-,37+,38+,39+,40-,42+,43+,44-,46-,47+,51-/m1/s1",1770,CO[C@@H]1C[C@H](C[C@@H](C)[C@@H]2CC(=O)[C@H](C)\C=C(/C)\[C@@H](O)[C@@H](OC)C(=O)[C@H](C)C[C@H](C)\C=C/C=C/C=C(\C)/[C@H](C[C@@H]3CC[C@@H](C)[C@@](O)(O3)C(=O)C(=O)N4CCCC[C@H]4C(=O)O2)OC)CC[C@H]1O,NA
Input,Sirolimus,-0.25322472,InputSig,NA,NA,LINCSCP_68665,VCAP,10uM,24h,prostate,MTOR inhibitor,FKBP1A|MTOR,QFJCIRLUMZQUOT-GWUMUYGYSA-N,"InChI=1S/C51H79NO13/c1-30-16-12-11-13-17-31(2)42(61-8)28-38-21-19-36(7)51(60,65-38)48(57)49(58)52-23-15-14-18-39(52)50(59)64-43(33(4)26-37-20-22-40(53)44(27-37)62-9)29-41(54)32(3)25-35(6)46(56)47(63-10)45(55)34(5)24-30/h11-13,16-17,25,30,32-34,36-40,42-44,46-47,53,56,60H,14-15,18-24,26-29H2,1-10H3/b13-11+,16-12+,31-17-,35-25+/t30-,32-,33?,34+,36-,37?,38+,39+,40-,42+,43+,44-,46-,47+,51-/m1/s1",5352,CO[C@@H]1CC(CC(C)[C@@H]2CC(=O)[C@H](C)\C=C(/C)\[C@@H](O)[C@@H](OC)C(=O)[C@@H](C)C[C@H](C)\C=C\C=C\C=C(\C)/[C@H](C[C@@H]3CC[C@@H](C)[C@@](O)(O3)C(=O)C(=O)N4CCCC[C@H]4C(=O)O2)OC)CC[C@H]1O,NA
Input,Sirolimus,-0.25322472,InputSig,NA,NA,LINCSCP_68665,VCAP,10uM,24h,prostate,MTOR inhibitor,FKBP1A|MTOR,QFJCIRLUMZQUOT-HPLJOQBZSA-N,"InChI=1S/C51H79NO13/c1-30-16-12-11-13-17-31(2)42(61-8)28-38-21-19-36(7)51(60,65-38)48(57)49(58)52-23-15-14-18-39(52)50(59)64-43(33(4)26-37-20-22-40(53)44(27-37)62-9)29-41(54)32(3)25-35(6)46(56)47(63-10)45(55)34(5)24-30/h11-13,16-17,25,30,32-34,36-40,42-44,46-47,53,56,60H,14-15,18-24,26-29H2,1-10H3/b13-11+,16-12+,31-17+,35-25+/t30-,32-,33-,34-,36-,37+,38+,39+,40-,42+,43+,44-,46-,47+,51-/m1/s1",37778,CO[C@@H]1C[C@H](C[C@@H](C)[C@@H]2CC(=O)[C@H](C)\C=C(/C)\[C@@H](O)[C@@H](OC)C(=O)[C@H](C)C[C@H](C)\C=C\C=C\C=C(/C)\[C@H](C[C@@H]3CC[C@@H](C)[C@@](O)(O3)C(=O)C(=O)N4CCCC[C@H]4C(=O)O2)OC)CC[C@H]1O,4
Input,Buparlisib,-0.25278376,InputSig,NA,NA,LINCSCP_51994,SKBR3,0.5uM,6h,breast,PI3K inhibitor,PIK3CA|PIK3CB|PIK3CD|PIK3CG|PIK3R1|PIK3R2|PIK3R3|PIK3R5,CWHUFRVAEUJCEF-UHFFFAOYSA-N,"InChI=1S/C18H21F3N6O2/c19-18(20,21)13-9-15(22)23-11-12(13)14-10-16(26-1-5-28-6-2-26)25-17(24-14)27-3-7-29-8-4-27/h9-11H,1-8H2,(H2,22,23)",15141,Nc1cc(c(cn1)c2cc(nc(n2)N3CCOCC3)N4CCOCC4)C(F)(F)F,3
Input,BRD-K57206606,-0.2522325,InputSig,NA,NA,LINCSCP_196568,A549,5uM,24h,lung,NA,NA,DWWWKKNSQALGRT-AEUINSAUSA-N,"InChI=1S/C29H34N4O3S/c1-5-7-20-8-6-9-22(16-20)27-26-23(19-33(25(26)12-15-34)37(36)29(2,3)4)17-24(32-27)28(35)31-18-21-10-13-30-14-11-21/h5-11,13-14,16-17,25,34H,12,15,18-19H2,1-4H3,(H,31,35)/b7-5+/t25-,37-/m0/s1",5452,C\C=C\c1cccc(c1)c2nc(cc3CN([C@@H](CCO)c23)[S@@](=O)C(C)(C)C)C(=O)NCc4ccncc4,NA
Input,Chlorpheniramine,-0.25201349,InputSig,NA,NA,LINCSCP_74628,A375,3.33uM,24h,skin,Histamine receptor antagonist,HRH1,SOYKEARSMXGVTM-UHFFFAOYSA-N,"InChI=1S/C16H19ClN2/c1-19(2)12-10-15(16-5-3-4-11-18-16)13-6-8-14(17)9-7-13/h3-9,11,15H,10,12H2,1-2H3",22148,CN(C)CCC(c1ccc(Cl)cc1)c2ccccn2,4
Input,BRD-K55260239,-0.25178433,InputSig,NA,NA,LINCSCP_35336,MCF7,10uM,24h,breast,NA,NA,LLXXDGJIXJGBNX-FQEVSTJZSA-N,"InChI=1S/C24H31N5O4S/c1-26-10-21(25-15-26)34(31,32)29-13-24(14-29)12-28(9-16-4-5-16)20(11-30)23-22(24)18-7-6-17(33-3)8-19(18)27(23)2/h6-8,10,15-16,20,30H,4-5,9,11-14H2,1-3H3/t20-/m0/s1",13018,COc1ccc2c3c([C@H](CO)N(CC4CC4)CC35CN(C5)S(=O)(=O)c6cn(C)cn6)n(C)c2c1,NA
Input,STK661558,-0.25164591,InputSig,NA,NA,LINCSCP_2004,A375,10uM,6h,skin,NA,NA,AOIWSYFLKMQHLZ-UHFFFAOYSA-N,"InChI=1S/C20H16Cl3N3O/c21-14-2-3-15-18(12-14)24-6-5-19(15)25-7-9-26(10-8-25)20(27)13-1-4-16(22)17(23)11-13/h1-6,11-12H,7-10H2",15471,Clc1ccc2c(ccnc2c1)N3CCN(CC3)C(=O)c4ccc(Cl)c(Cl)c4,NA
Input,ZK-93426,-0.25147842,InputSig,NA,NA,LINCSCP_78914,A375,10uM,24h,skin,Benzodiazepine receptor antagonist,GABRA1,VMDUABMKBUKKPG-UHFFFAOYSA-N,"InChI=1S/C18H20N2O3/c1-5-22-18(21)17-11(4)15-13(9-19-17)20-12-7-6-8-14(16(12)15)23-10(2)3/h6-10,20H,5H2,1-4H3",35956,CCOC(=O)c1ncc2[nH]c3cccc(OC(C)C)c3c2c1C,NA
Input,Foretinib,-0.25113169,InputSig,NA,NA,LINCSCP_131996,MCF7,1.11uM,24h,breast,VEGFR inhibitor,FLT1|FLT3|FLT4|KDR|KIT|MET|PDGFRA|PDGFRB|TEK,CXQHYVUVSFXTMY-UHFFFAOYSA-N,"InChI=1S/C34H34F2N4O6/c1-43-30-20-25-27(21-31(30)45-16-2-13-40-14-17-44-18-15-40)37-12-9-28(25)46-29-8-7-24(19-26(29)36)39-33(42)34(10-11-34)32(41)38-23-5-3-22(35)4-6-23/h3-9,12,19-21H,2,10-11,13-18H2,1H3,(H,38,41)(H,39,42)",17552,COc1cc2c(Oc3ccc(NC(=O)C4(CC4)C(=O)Nc5ccc(F)cc5)cc3F)ccnc2cc1OCCCN6CCOCC6,2
Input,BRD-K50078508,-0.25112961,InputSig,NA,NA,LINCSCP_181592,A375,5uM,24h,skin,NA,NA,VOTKEIORIBNPMA-SBZVUBOMSA-N,"InChI=1S/C33H36N4O5S/c1-22-18-37(23(2)20-38)33(39)32-31(27-14-8-9-15-28(27)36(32)4)26-13-7-5-12-25(26)21-42-29(22)19-35(3)43(40,41)30-16-10-6-11-24(30)17-34/h5-16,22-23,29,38H,18-21H2,1-4H3/t22-,23-,29+/m0/s1",38319,C[C@@H](CO)N1C[C@H](C)[C@@H](CN(C)S(=O)(=O)c2ccccc2C#N)OCc3ccccc3c4c(C1=O)n(C)c5ccccc45,NA
Input,Mirodenafil (dihydrochloride),-0.25108919,InputSig,NA,NA,LINCSCP_173635,YAPC,1.11uM,24h,pancreas,NA,NA,MIJFNYMSCFYZNY-UHFFFAOYSA-N,"InChI=1S/C26H37N5O5S/c1-4-7-19-18-30(6-3)24-23(19)27-25(28-26(24)33)21-17-20(8-9-22(21)36-16-5-2)37(34,35)31-12-10-29(11-13-31)14-15-32/h8-9,17-18,32H,4-7,10-16H2,1-3H3,(H,27,28,33)",26499,CCCOc1ccc(cc1C2=Nc3c(CCC)cn(CC)c3C(=O)N2)S(=O)(=O)N4CCN(CCO)CC4,NA
Input,CHEMBL2359362,-0.2510883,InputSig,NA,NA,LINCSCP_61488,VCAP,5uM,24h,prostate,NA,NA,CWLJLYLZQZUHCH-VPYPWEPUSA-N,"InChI=1S/C30H33N3O5S/c1-21-17-33(22(2)19-34)30(35)27-14-8-7-13-26(27)25-12-6-4-11-24(25)20-38-28(21)18-32(3)39(36,37)29-15-9-5-10-23(29)16-31/h4-15,21-22,28,34H,17-20H2,1-3H3/t21-,22-,28-/m0/s1",37615,C[C@@H](CO)N1C[C@H](C)[C@H](CN(C)S(=O)(=O)c2ccccc2C#N)OCc3ccccc3c4ccccc4C1=O,NA
Input,BRD-K94177318,-0.25102489,InputSig,NA,NA,LINCSCP_62067,VCAP,5uM,24h,prostate,NA,NA,VPHPWASIVZFRRJ-YTQUADARSA-N,"InChI=1S/C20H30N2O5S/c1-14-2-7-17(8-3-14)28(25,26)21-11-10-16-6-9-18(19(13-23)27-16)22-20(24)12-15-4-5-15/h2-3,7-8,15-16,18-19,21,23H,4-6,9-13H2,1H3,(H,22,24)/t16-,18-,19+/m0/s1",25307,Cc1ccc(cc1)S(=O)(=O)NCC[C@@H]2CC[C@H](NC(=O)CC3CC3)[C@@H](CO)O2,NA
Input,testosterone,-0.25095899,InputSig,NA,NA,LINCSCP_79457,A375,10uM,24h,skin,Androgen Receptor agonist,AR,NA,NA,NA,NA,NA
Input,dactinomycin,-0.25094744,InputSig,NA,NA,LINCSCP_50016,PHH,10uM,24h,NA,RNA polymerase inhibitor,POLR2A,NA,NA,NA,NA,NA
Input,ZM336372,-0.25089729,InputSig,NA,NA,LINCSCP_25815,HT29,100uM,6h,large intestine,RAF inhibitor,NA,PYEFPDQFAZNXLI-UHFFFAOYSA-N,"InChI=1S/C23H23N3O3/c1-15-7-10-18(24-23(29)17-5-4-6-19(13-17)26(2)3)14-21(15)25-22(28)16-8-11-20(27)12-9-16/h4-14,27H,1-3H3,(H,24,29)(H,25,28)",16532,CN(C)c1cccc(c1)C(=O)Nc2ccc(C)c(NC(=O)c3ccc(O)cc3)c2,NA
Input,Solifenacin succinate,-0.25079561,InputSig,NA,NA,LINCSCP_90643,HA1E,0.04uM,24h,kidney epithelial,Muscarinic acetylcholine receptor M2 antagonist|Muscarinic acetylcholine receptor M3 antagonist,CHRM2|CHRM3,FBOUYBDGKBSUES-VXKWHMMOSA-N,"InChI=1S/C23H26N2O2/c26-23(27-21-16-24-13-10-18(21)11-14-24)25-15-12-17-6-4-5-9-20(17)22(25)19-7-2-1-3-8-19/h1-9,18,21-22H,10-16H2/t21-,22-/m0/s1",26623,O=C(O[C@H]1CN2CCC1CC2)N3CCc4ccccc4[C@@H]3c5ccccc5,4
Input,SCHEMBL16980224,-0.25069172,InputSig,NA,NA,LINCSCP_134004,MCF7,0.37uM,24h,breast,Aurora kinase inhibitor,AURKA,PXGLIUGVLBRUBV-UHFFFAOYSA-N,"InChI=1S/C27H30F3N7O/c1-4-36-11-13-37(14-12-36)17-18-9-10-19(15-21(18)27(28,29)30)32-26-31-16-23-24(33-26)34(2)22-8-6-5-7-20(22)25(38)35(23)3/h5-10,15-16H,4,11-14,17H2,1-3H3,(H,31,32,33)",22133,CCN1CCN(Cc2ccc(Nc3ncc4N(C)C(=O)c5ccccc5N(C)c4n3)cc2C(F)(F)F)CC1,NA
Input,BRD-K57552506,-0.25053798,InputSig,NA,NA,LINCSCP_61477,VCAP,5uM,24h,prostate,NA,NA,RDYUFLZMPZQAJV-OHUGHZGNSA-N,"InChI=1S/C30H36F3N3O4/c1-19-15-36(20(2)17-37)29(39)28-27(23-11-7-8-12-24(23)35(28)4)22-10-6-5-9-21(22)18-40-25(19)16-34(3)26(38)13-14-30(31,32)33/h5-12,19-20,25,37H,13-18H2,1-4H3/t19-,20+,25-/m1/s1",3687,C[C@@H](CO)N1C[C@@H](C)[C@@H](CN(C)C(=O)CCC(F)(F)F)OCc2ccccc2c3c(C1=O)n(C)c4ccccc34,NA
Input,BRD-K40690989,-0.25052659,InputSig,NA,NA,LINCSCP_311709,VCAP,10uM,24h,prostate,NA,NA,DYFXALJZQJAGQY-NOOBJOLFSA-N,"InChI=1S/C24H30N4O5/c1-28(2)13-23(31)27-16-5-6-20-18(8-16)19-9-17(32-21(14-29)24(19)33-20)10-22(30)26-12-15-4-3-7-25-11-15/h3-8,11,17,19,21,24,29H,9-10,12-14H2,1-2H3,(H,26,30)(H,27,31)/t17-,19-,21+,24+/m0/s1",25658,CN(C)CC(=O)Nc1ccc2O[C@H]3[C@@H](CO)O[C@H](CC(=O)NCc4cccnc4)C[C@H]3c2c1,NA
Input,BRD-K92434623,-0.25044275,InputSig,NA,NA,LINCSCP_49051,PC3,10uM,24h,prostate,NA,NA,RGDWZLATWUCGFS-GHVZQYPWSA-N,"InChI=1S/C37H52F3N3O5/c1-25-21-43(26(2)24-44)36(46)32-20-31(41-35(45)29-11-6-5-7-12-29)17-18-33(32)48-27(3)10-8-9-19-47-34(25)23-42(4)22-28-13-15-30(16-14-28)37(38,39)40/h13-18,20,25-27,29,34,44H,5-12,19,21-24H2,1-4H3,(H,41,45)/t25-,26-,27+,34+/m1/s1",34078,C[C@H](CO)N1C[C@@H](C)[C@H](CN(C)Cc2ccc(cc2)C(F)(F)F)OCCCC[C@H](C)Oc3ccc(NC(=O)C4CCCCC4)cc3C1=O,NA
Input,MLS002607727,-0.25038108,InputSig,NA,NA,LINCSCP_31504,MCF7,10uM,6h,breast,NA,NA,LORWWPLQPMGJSR-UHFFFAOYSA-N,"InChI=1S/C18H23N3O2S/c1-12(2)23-15-5-3-13(4-6-15)16-11-24-18(20-16)21-9-7-14(8-10-21)17(19)22/h3-6,11-12,14H,7-10H2,1-2H3,(H2,19,22)",35915,CC(C)Oc1ccc(cc1)c2csc(n2)N3CCC(CC3)C(=O)N,NA
Input,BRD-K28927944,-0.25026031,InputSig,NA,NA,LINCSCP_299162,VCAP,5uM,24h,prostate,NA,NA,APDMZOWNVCUUKT-LVCYWYKZSA-N,"InChI=1S/C23H40N6O4/c1-17-12-29(18(2)15-30)22(31)10-7-11-28-13-20(25-26-28)16-33-21(17)14-27(3)23(32)24-19-8-5-4-6-9-19/h13,17-19,21,30H,4-12,14-16H2,1-3H3,(H,24,32)/t17-,18+,21-/m1/s1",2115,C[C@@H](CO)N1C[C@@H](C)[C@@H](CN(C)C(=O)NC2CCCCC2)OCc3cn(CCCC1=O)nn3,NA
Input,BRD-K48036219,-0.25017379,InputSig,NA,NA,LINCSCP_7974,A549,10uM,6h,lung,NA,NA,HPXQJKADXJMKNX-JQASONJCSA-N,"InChI=1S/C35H38N4O4/c1-24-20-39(25(2)23-40)35(42)31-19-30(37-34(41)29-15-17-36-18-16-29)13-14-32(31)43-33(24)22-38(3)21-26-9-11-28(12-10-26)27-7-5-4-6-8-27/h4-19,24-25,33,40H,20-23H2,1-3H3,(H,37,41)/t24-,25+,33+/m0/s1",12848,C[C@H](CO)N1C[C@H](C)[C@@H](CN(C)Cc2ccc(cc2)c3ccccc3)Oc4ccc(NC(=O)c5ccncc5)cc4C1=O,NA
Input,501919-59-1,-0.24981569,InputSig,NA,NA,LINCSCP_25070,HT115,100uM,6h,large intestine,STAT inhibitor,STAT3,HWNUSGNZBAISFM-UHFFFAOYSA-N,"InChI=1S/C16H15NO7S/c1-10-2-5-12(6-3-10)25(22,23)24-9-15(19)17-11-4-7-13(16(20)21)14(18)8-11/h2-8,18H,9H2,1H3,(H,17,19)(H,20,21)",15077,Cc1ccc(cc1)S(=O)(=O)OCC(=O)Nc2ccc(C(=O)O)c(O)c2,NA
Input,BRD-K33689388,-0.24969154,InputSig,NA,NA,LINCSCP_61036,VCAP,5uM,24h,prostate,NA,NA,HWYKCLATECFWDF-OHUGHZGNSA-N,"InChI=1S/C26H37N3O5S/c1-6-14-29-16-19(2)25(33-5)17-28(4)26(30)23-15-21(12-13-24(23)34-18-20(29)3)27-35(31,32)22-10-8-7-9-11-22/h7-13,15,19-20,25,27H,6,14,16-18H2,1-5H3/t19-,20+,25-/m1/s1",24398,CCCN1C[C@@H](C)[C@@H](CN(C)C(=O)c2cc(NS(=O)(=O)c3ccccc3)ccc2OC[C@@H]1C)OC,NA
Input,N-[4-(Acridin-9-ylmethyl)-3-methoxyphenyl]methanesulfonamide,-0.24936322,InputSig,NA,NA,LINCSCP_56464,VCAP,10uM,24h,prostate,Topoisomerase inhibitor,TOP2A,JRNUZHHDXNSOMO-UHFFFAOYSA-N,"InChI=1S/C22H20N2O3S/c1-27-22-14-16(24-28(2,25)26)12-11-15(22)13-19-17-7-3-5-9-20(17)23-21-10-6-4-8-18(19)21/h3-12,14,24H,13H2,1-2H3",36198,COc1cc(NS(=O)(=O)C)ccc1Cc2c3ccccc3nc4ccccc24,NA
Input,CHIR-265,-0.2488206,InputSig,NA,NA,LINCSCP_80331,A375,0.37uM,24h,skin,Serine/threonine-protein kinase B-raf inhibitor|Vascular endothelial growth factor receptor 2 inhibitor,BRAF|KDR,YABJJWZLRMPFSI-UHFFFAOYSA-N,"InChI=1S/C24H16F6N6O/c1-36-19-7-6-15(10-17(19)34-22(36)33-14-4-2-13(3-5-14)23(25,26)27)37-16-8-9-31-18(11-16)21-32-12-20(35-21)24(28,29)30/h2-12H,1H3,(H,32,35)(H,33,34)",15146,Cn1c(Nc2ccc(cc2)C(F)(F)F)nc3cc(Oc4ccnc(c4)c5ncc([nH]5)C(F)(F)F)ccc13,2
Input,Alisertib,-0.24881982,InputSig,NA,NA,LINCSCP_97682,HA1E,0.12uM,24h,kidney epithelial,Aurora kinase inhibitor,AURKA,ZLHFILGSQDJULK-UHFFFAOYSA-N,"InChI=1S/C27H20ClFN4O4/c1-36-21-5-3-4-20(29)23(21)25-19-10-15(28)6-8-17(19)24-14(12-30-25)13-31-27(33-24)32-16-7-9-18(26(34)35)22(11-16)37-2/h3-11,13H,12H2,1-2H3,(H,34,35)(H,31,32,33)",39955,COc1cccc(F)c1C2=NCc3cnc(Nc4ccc(C(=O)O)c(OC)c4)nc3c5ccc(Cl)cc25,3
Input,BRD-K96551169,-0.24854261,InputSig,NA,NA,LINCSCP_62954,VCAP,5uM,24h,prostate,NA,NA,YDHXSWOLXDIZHC-OMYJKWGRSA-N,"InChI=1S/C25H35N3O6/c1-16-22(32-5)14-28(3)25(30)19-12-17(13-26)6-8-20(19)33-15-23-21(31-4)9-7-18(34-23)10-11-27(2)24(16)29/h6,8,12,16,18,21-23H,7,9-11,14-15H2,1-5H3/t16-,18-,21+,22+,23-/m0/s1",8672,CO[C@@H]1CC[C@H]2CCN(C)C(=O)[C@@H](C)[C@@H](CN(C)C(=O)c3cc(ccc3OC[C@@H]1O2)C#N)OC,NA
Input,BRD-K45185691,-0.24831575,InputSig,NA,NA,LINCSCP_64777,VCAP,10uM,6h,prostate,NA,NA,SUWVCNKGBWKVIR-UBFVSLLYSA-N,"InChI=1S/C27H34F3N3O2/c1-31(2)26(35)22-7-5-6-21(16-22)19-8-10-20(11-9-19)25-23-17-32(15-12-27(28,29)30)13-3-4-14-33(23)24(25)18-34/h5-11,16,23-25,34H,3-4,12-15,17-18H2,1-2H3/t23-,24-,25-/m1/s1",12775,CN(C)C(=O)c1cccc(c1)c2ccc(cc2)[C@H]3[C@@H](CO)N4CCCCN(CCC(F)(F)F)C[C@H]34,NA
Input,MLS000583957,-0.24829816,InputSig,NA,NA,LINCSCP_1779,A375,10uM,6h,skin,NA,NA,STXBWZSVEOQYLQ-UHFFFAOYSA-N,"InChI=1S/C23H23ClN2O3S/c1-29-19-11-9-18(10-12-19)26(21(27)16-24)22(20-8-5-15-30-20)23(28)25-14-13-17-6-3-2-4-7-17/h2-12,15,22H,13-14,16H2,1H3,(H,25,28)",22262,COc1ccc(cc1)N(C(C(=O)NCCc2ccccc2)c3cccs3)C(=O)CCl,NA
Input,Chlorpropamide,-0.24823386,InputSig,NA,NA,LINCSCP_109755,HELA,10uM,24h,large intestine,"Sulfonylurea receptor 1, Kir6.2 blocker",ABCC8|KCNJ11,RKWGIWYCVPQPMF-UHFFFAOYSA-N,"InChI=1S/C10H13ClN2O3S/c1-2-7-12-10(14)13-17(15,16)9-5-3-8(11)4-6-9/h3-6H,2,7H2,1H3,(H2,12,13,14)",16609,CCCNC(=O)NS(=O)(=O)c1ccc(Cl)cc1,4
Input,Pimecrolimus,-0.24817297,InputSig,NA,NA,LINCSCP_174948,YAPC,3.33uM,24h,pancreas,FK506-binding protein 1A inhibitor,FKBP1A,KASDHRXLYQOAKZ-XDSKOBMDSA-N,"InChI=1S/C43H68ClNO11/c1-10-30-18-24(2)17-25(3)19-36(53-8)39-37(54-9)21-27(5)43(51,56-39)40(48)41(49)45-16-12-11-13-32(45)42(50)55-38(28(6)33(46)23-34(30)47)26(4)20-29-14-15-31(44)35(22-29)52-7/h18,20,25,27-33,35-39,46,51H,10-17,19,21-23H2,1-9H3/b24-18+,26-20+/t25-,27+,28+,29-,30+,31-,32-,33-,35+,36-,37-,38+,39+,43+/m0/s1",27137,CC[C@@H]1\C=C(/C)\C[C@H](C)C[C@H](OC)[C@H]2O[C@](O)([C@H](C)C[C@@H]2OC)C(=O)C(=O)N3CCCC[C@H]3C(=O)O[C@@H]([C@H](C)[C@@H](O)CC1=O)\C(=C\[C@@H]4CC[C@H](Cl)[C@@H](C4)OC)\C,4
Input,BRD-K78528600,-0.24816097,InputSig,NA,NA,LINCSCP_61827,VCAP,5uM,24h,prostate,NA,NA,YLLZUOSUTCBCJJ-FCXXMXSZSA-N,"InChI=1S/C22H27FN2O5S/c1-15(16-6-3-2-4-7-16)24-22(27)13-18-10-11-20(21(14-26)30-18)25-31(28,29)19-9-5-8-17(23)12-19/h2-9,12,15,18,20-21,25-26H,10-11,13-14H2,1H3,(H,24,27)/t15-,18+,20+,21+/m0/s1",6496,C[C@H](NC(=O)C[C@H]1CC[C@@H](NS(=O)(=O)c2cccc(F)c2)[C@@H](CO)O1)c3ccccc3,NA
Input,"Triazolothiadiazine, 23",-0.24803399,InputSig,NA,NA,LINCSCP_31169,MCF7,10uM,24h,breast,NA,NA,FRDKEPOOASUUFN-UHFFFAOYSA-N,"InChI=1S/C22H22N4O3S/c1-27-18-6-4-3-5-16(18)21-23-24-22-26(21)25-17(13-30-22)15-9-10-19(28-2)20(11-15)29-12-14-7-8-14/h3-6,9-11,14H,7-8,12-13H2,1-2H3",15697,COc1ccc(cc1OCC2CC2)C3=Nn4c(SC3)nnc4c5ccccc5OC,NA
Input,Indomethacin,-0.24792042,InputSig,NA,NA,LINCSCP_157448,PC3,0.37uM,24h,prostate,Cyclooxygenase inhibitor,PPARG|PTGDR2|PTGS1|PTGS2,CGIGDMFJXJATDK-UHFFFAOYSA-N,"InChI=1S/C19H16ClNO4/c1-11-15(10-18(22)23)16-9-14(25-2)7-8-17(16)21(11)19(24)12-3-5-13(20)6-4-12/h3-9H,10H2,1-2H3,(H,22,23)",35872,COc1ccc2c(c1)c(CC(=O)O)c(C)n2C(=O)c3ccc(Cl)cc3,4
Input,Vanoxerine,-0.24758773,InputSig,NA,NA,LINCSCP_71837,A375,10uM,24h,skin,Dopamine uptake inhibitor,SLC6A3,NAUWTFJOPJWYOT-UHFFFAOYSA-N,"InChI=1S/C28H32F2N2O/c29-26-12-8-24(9-13-26)28(25-10-14-27(30)15-11-25)33-22-21-32-19-17-31(18-20-32)16-4-7-23-5-2-1-3-6-23/h1-3,5-6,8-15,28H,4,7,16-22H2",35671,Fc1ccc(cc1)C(OCCN2CCN(CCCc3ccccc3)CC2)c4ccc(F)cc4,3
Input,BRD-K95567178,-0.24723837,InputSig,NA,NA,LINCSCP_8657,A549,5uM,24h,lung,NA,NA,ZCDZHCWZNJFIKB-DFEHZGFQSA-N,"InChI=1S/C19H26Cl2N2O4/c1-22-19(25)7-14-3-5-17-18(27-14)11-26-10-13(24)9-23(17)8-12-2-4-15(20)16(21)6-12/h2,4,6,13-14,17-18,24H,3,5,7-11H2,1H3,(H,22,25)/t13-,14-,17-,18+/m0/s1",4778,CNC(=O)C[C@@H]1CC[C@H]2[C@@H](COC[C@@H](O)CN2Cc3ccc(Cl)c(Cl)c3)O1,NA
Input,Mephenesin,-0.24722698,InputSig,NA,NA,LINCSCP_34341,MCF7,10uM,6h,breast,Muscle relaxant,NA,JWDYCNIAQWPBHD-UHFFFAOYSA-N,"InChI=1S/C10H14O3/c1-8-4-2-3-5-10(8)13-7-9(12)6-11/h2-5,9,11-12H,6-7H2,1H3",11770,Cc1ccccc1OCC(O)CO,4
Input,GW843682X,-0.24722595,InputSig,NA,NA,LINCSCP_113337,HME1,10uM,3h,breast,PLK inhibitor,PLK1|PLK3,JSKUWFIZUALZLX-UHFFFAOYSA-N,"InChI=1S/C22H18F3N3O4S/c1-30-16-7-14-15(8-17(16)31-2)28(11-27-14)19-9-18(20(33-19)21(26)29)32-10-12-5-3-4-6-13(12)22(23,24)25/h3-9,11H,10H2,1-2H3,(H2,26,29)",36816,COc1cc2ncn(c3cc(OCc4ccccc4C(F)(F)F)c(s3)C(=O)N)c2cc1OC,NA
Input,R-7128,-0.24701966,InputSig,NA,NA,LINCSCP_78997,A375,10uM,24h,skin,NA,NA,MLESJYFEMSJZLZ-MAAOGQSESA-N,"InChI=1S/C18H26FN3O6/c1-9(2)14(23)26-8-11-13(28-15(24)10(3)4)18(5,19)16(27-11)22-7-6-12(20)21-17(22)25/h6-7,9-11,13,16H,8H2,1-5H3,(H2,20,21,25)/t11-,13-,16-,18-/m1/s1",26827,CC(C)C(=O)OC[C@H]1O[C@@H](N2C=CC(=NC2=O)N)[C@](C)(F)[C@@H]1OC(=O)C(C)C,2
Input,Regorafenib,-0.24680576,InputSig,NA,NA,LINCSCP_71487,A375,10uM,24h,skin,Discoidin domain-containing receptor 2 inhibitor|Fibroblast growth factor receptor 1 inhibitor|Fibroblast growth factor receptor 2 inhibitor|MAP kinase p38 beta inhibitor|Platelet-derived growth factor receptor inhibitor|Serine/threonine-protein kinase B-raf inhibitor|Serine/threonine-protein kinase RAF inhibitor|Stem cell growth factor receptor inhibitor|Tyrosine-protein kinase ABL inhibitor|Tyrosine-protein kinase FRK inhibitor|Tyrosine-protein kinase receptor RET inhibitor|Tyrosine-protein kinase TIE-2 inhibitor|Vascular endothelial growth factor receptor inhibitor,ABL1|BRAF|DDR2|FGFR1|FGFR2|FLT1|FLT4|FRK|KDR|KIT|MAPK11|PDGFRA|PDGFRB|RAF1|RET|TEK,FNHKPVJBJVTLMP-UHFFFAOYSA-N,"InChI=1S/C21H15ClF4N4O3/c1-27-19(31)18-10-13(6-7-28-18)33-12-3-5-17(16(23)9-12)30-20(32)29-11-2-4-15(22)14(8-11)21(24,25)26/h2-10H,1H3,(H,27,31)(H2,29,30,32)",35296,CNC(=O)c1cc(Oc2ccc(NC(=O)Nc3ccc(Cl)c(c3)C(F)(F)F)c(F)c2)ccn1,4
Input,TAS-103 (dihydrochloride),-0.24664888,InputSig,NA,NA,LINCSCP_102716,HELA,0.04uM,24h,large intestine,NA,NA,ROWSTIYZUWEOMM-UHFFFAOYSA-N,"InChI=1S/C20H19N3O2/c1-23(2)10-9-21-20-18-17(13-5-3-4-6-14(13)19(18)25)15-8-7-12(24)11-16(15)22-20/h3-8,11,24H,9-10H2,1-2H3,(H,21,22)",26502,CN(C)CCNc1nc2cc(O)ccc2c3c4ccccc4C(=O)c13,NA
Input,KU0060648,-0.24652961,InputSig,NA,NA,LINCSCP_36372,MCF7,0.01uM,6h,breast,DNA dependent protein kinase inhibitor|PI3K inhibitor,PIK3CA|PIK3CB|PIK3CD|PRKDC,AATCBLYHOUOCTO-UHFFFAOYSA-N,"InChI=1S/C33H34N4O4S/c1-2-35-12-14-36(15-13-35)21-29(39)34-26-11-10-23(33-31(26)25-6-3-4-9-28(25)42-33)22-7-5-8-24-27(38)20-30(41-32(22)24)37-16-18-40-19-17-37/h3-11,20H,2,12-19,21H2,1H3,(H,34,39)",16208,CCN1CCN(CC(=O)Nc2ccc(c3cccc4C(=O)C=C(Oc34)N5CCOCC5)c6sc7ccccc7c26)CC1,NA
Input,Tadalafil,-0.24643773,InputSig,NA,NA,LINCSCP_18985,HCC515,10uM,24h,lung,Phosphodiesterase inhibitor,PDE11A|PDE5A,WOXKDUGGOYFFRN-IIBYNOLFSA-N,"InChI=1S/C22H19N3O4/c1-24-10-19(26)25-16(22(24)27)9-14-13-4-2-3-5-15(13)23-20(14)21(25)12-6-7-17-18(8-12)29-11-28-17/h2-8,16,21,23H,9-11H2,1H3/t16-,21-/m1/s1",36160,CN1CC(=O)N2[C@H](Cc3c([nH]c4ccccc34)[C@H]2c5ccc6OCOc6c5)C1=O,4
Input,Indigo Red,-0.24603543,InputSig,NA,NA,LINCSCP_101761,HELA,0.37uM,24h,large intestine,CDK inhibitor|Glycogen synthase kinase inhibitor,CDK1|CDK5|GSK3A,CRDNMYFJWFXOCH-YPKPFQOOSA-N,"InChI=1S/C16H10N2O2/c19-15-10-6-2-4-8-12(10)17-14(15)13-9-5-1-3-7-11(9)18-16(13)20/h1-8,17H,(H,18,20)/b14-13-",17133,O=C1Nc2ccccc2/C/1=C\3/Nc4ccccc4C3=O,NA
Input,BRD-K07275921,-0.24593521,InputSig,NA,NA,LINCSCP_61014,VCAP,5uM,24h,prostate,NA,NA,RIFMDYVXBSMSIP-BSRJHKFKSA-N,"InChI=1S/C25H33N3O4/c1-17-14-26-18(2)16-32-22-11-10-20(27-24(29)12-19-8-6-5-7-9-19)13-21(22)25(30)28(3)15-23(17)31-4/h5-11,13,17-18,23,26H,12,14-16H2,1-4H3,(H,27,29)/t17-,18-,23-/m0/s1",1356,CO[C@H]1CN(C)C(=O)c2cc(NC(=O)Cc3ccccc3)ccc2OC[C@H](C)NC[C@@H]1C,NA
Input,CHEBI:82814,-0.24587353,InputSig,NA,NA,LINCSCP_96953,HA1E,10uM,24h,kidney epithelial,Calcium channel blocker,CACNA1C,HSUGRBWQSSZJOP-UHFFFAOYSA-N,"InChI=1S/C22H26N2O4S/c1-15(25)28-20-21(16-9-11-17(27-4)12-10-16)29-19-8-6-5-7-18(19)24(22(20)26)14-13-23(2)3/h5-12,20-21H,13-14H2,1-4H3",35416,COc1ccc(cc1)C2Sc3ccccc3N(CCN(C)C)C(=O)C2OC(=O)C,NA
Input,Parbendazole,-0.24567107999999999,InputSig,NA,NA,LINCSCP_34649,MCF7,10uM,24h,breast,Tubulin inhibitor,TUBB,YRWLZFXJFBZBEY-UHFFFAOYSA-N,"InChI=1S/C13H17N3O2/c1-3-4-5-9-6-7-10-11(8-9)15-12(14-10)16-13(17)18-2/h6-8H,3-5H2,1-2H3,(H2,14,15,16,17)",36317,CCCCc1ccc2[nH]c(NC(=O)OC)nc2c1,NA
Input,MST-312,-0.24563986,InputSig,NA,NA,LINCSCP_19308,HCC515,10uM,24h,lung,Telomerase inhibitor,TERT,MIQUEZGHEJGPJB-UHFFFAOYSA-N,"InChI=1S/C20H16N2O6/c23-15-8-2-6-13(17(15)25)19(27)21-11-4-1-5-12(10-11)22-20(28)14-7-3-9-16(24)18(14)26/h1-10,23-26H,(H,21,27)(H,22,28)",23139,Oc1cccc(C(=O)Nc2cccc(NC(=O)c3cccc(O)c3O)c2)c1O,NA
Input,BRD-K00141503,-0.24496859000000001,InputSig,NA,NA,LINCSCP_143488,MCF7,0.04uM,24h,breast,NA,NA,CWJBQADCDQSGJH-BZPMIXESSA-N,"InChI=1S/C14H17BrN2O4S/c1-22(20,21)16-6-11-14(9-2-4-10(15)5-3-9)12(8-18)17(11)13(19)7-16/h2-5,11-12,14,18H,6-8H2,1H3/t11-,12-,14+/m1/s1",11598,CS(=O)(=O)N1C[C@@H]2[C@@H]([C@@H](CO)N2C(=O)C1)c3ccc(Br)cc3,NA
Input,Purmorphamine,-0.24480054,InputSig,NA,NA,LINCSCP_33534,MCF7,10uM,6h,breast,Smoothened receptor agonist,SMO,FYBHCRQFSFYWPY-UHFFFAOYSA-N,"InChI=1S/C31H32N6O2/c1-2-9-25(10-3-1)37-21-32-28-29(33-23-13-15-24(16-14-23)36-17-19-38-20-18-36)34-31(35-30(28)37)39-27-12-6-8-22-7-4-5-11-26(22)27/h4-8,11-16,21,25H,1-3,9-10,17-20H2,(H,33,34,35)",36000,C1CCC(CC1)n2cnc3c(Nc4ccc(cc4)N5CCOCC5)nc(Oc6cccc7ccccc67)nc23,NA
Input,LY2886721,-0.24480005,InputSig,NA,NA,LINCSCP_71670,A375,0.04uM,24h,skin,NA,NA,NIDRNVHMMDAAIK-MGNBDDOMSA-N,"InChI=1S/C18H16F2N4O2S/c19-11-1-4-15(22-6-11)16(25)23-12-2-3-14(20)13(5-12)18-9-26-7-10(18)8-27-17(21)24-18/h1-6,10H,7-9H2,(H2,21,24)(H,23,25)/t10-,18+/m1/s1",26633,NC1=N[C@]2(COC[C@@H]2CS1)c3cc(NC(=O)c4ccc(F)cn4)ccc3F,NA
Input,Baricitinib,-0.24474052,InputSig,NA,NA,LINCSCP_136868,MCF7,1.11uM,24h,breast,Tyrosine-protein kinase JAK1  inhibitor|Tyrosine-protein kinase JAK2 inhibitor,JAK1|JAK2,XUZMWHLSFXCVMG-UHFFFAOYSA-N,"InChI=1S/C16H17N7O2S/c1-2-26(24,25)22-9-16(10-22,4-5-17)23-8-12(7-21-23)14-13-3-6-18-15(13)20-11-19-14/h3,6-8,11H,2,4,9-10H2,1H3,(H,18,19,20)",22085,CCS(=O)(=O)N1CC(CC#N)(C1)n2cc(cn2)c3ncnc4[nH]ccc34,4
Input,Zaprinast,-0.24471573,InputSig,NA,NA,LINCSCP_101603,HELA,10uM,24h,large intestine,Phosphodiesterase inhibitor,PDE5A,REZGGXNDEMKIQB-UHFFFAOYSA-N,"InChI=1S/C13H13N5O2/c1-2-7-20-9-6-4-3-5-8(9)11-14-12-10(13(19)15-11)16-18-17-12/h3-6H,2,7H2,1H3,(H2,14,15,16,17,18,19)",22561,CCCOc1ccccc1c2nc(O)c3[nH]nnc3n2,NA
Input,Alpelisib,-0.24462871,InputSig,NA,NA,LINCSCP_163067,SKBR3,0.04uM,24h,breast,PI3-kinase p110-alpha subunit inhibitor,PIK3CA,STUWGJZDJHPWGZ-LBPRGKRZSA-N,"InChI=1S/C19H22F3N5O2S/c1-10-14(11-6-7-24-13(9-11)18(2,3)19(20,21)22)30-16(25-10)26-17(29)27-8-4-5-12(27)15(23)28/h6-7,9,12H,4-5,8H2,1-3H3,(H2,23,28)(H,25,26,29)/t12-/m0/s1",15059,Cc1nc(NC(=O)N2CCC[C@H]2C(=O)N)sc1c3ccnc(c3)C(C)(C)C(F)(F)F,3
Input,BRD-K73658839,-0.24452204,InputSig,NA,NA,LINCSCP_61645,VCAP,5uM,24h,prostate,NA,NA,KEOFNYFHDQHRAV-PFPZSTESSA-N,"InChI=1S/C29H35N3O3/c1-21-16-32(22(2)19-33)29(34)27-11-7-6-10-26(27)25-9-5-4-8-24(25)20-35-28(21)18-31(3)17-23-12-14-30-15-13-23/h4-15,21-22,28,33H,16-20H2,1-3H3/t21-,22+,28+/m0/s1",4301,C[C@H](CO)N1C[C@H](C)[C@@H](CN(C)Cc2ccncc2)OCc3ccccc3c4ccccc4C1=O,NA
Input,Meractinomycin,-0.24451232,InputSig,NA,NA,LINCSCP_65058,VCAP,0.5uM,6h,prostate,RNA polymerase inhibitor,NA,RJURFGZVJUQBHK-GIUPLMLQSA-N,"InChI=1S/C62H86N12O16/c1-27(2)42-59(84)73-23-17-19-36(73)57(82)69(13)25-38(75)71(15)48(29(5)6)61(86)88-33(11)44(55(80)65-42)67-53(78)35-22-21-31(9)51-46(35)64-47-40(41(63)50(77)32(10)52(47)90-51)54(79)68-45-34(12)89-62(87)49(30(7)8)72(16)39(76)26-70(14)58(83)37-20-18-24-74(37)60(85)43(28(3)4)66-56(45)81/h21-22,27-30,33-34,36-37,42-45,48-49H,17-20,23-26,63H2,1-16H3,(H,65,80)(H,66,81)(H,67,78)(H,68,79)/t33-,34-,36-,37-,42+,43+,44-,45-,48-,49-/m0/s1",40362,CC(C)[C@H]1NC(=O)[C@@H](NC(=O)C2=C(N)C(=O)C(=C3Oc4c(C)ccc(C(=O)N[C@H]5[C@H](C)OC(=O)[C@H](C(C)C)N(C)C(=O)CN(C)C(=O)[C@@H]6CCCN6C(=O)[C@H](NC5=O)C(C)C)c4N=C23)C)[C@H](C)OC(=O)[C@H](C(C)C)N(C)C(=O)CN(C)C(=O)[C@@H]7CCCN7C1=O,NA
Input,BRD-K29745382,-0.24432343,InputSig,NA,NA,LINCSCP_296460,VCAP,5uM,24h,prostate,NA,NA,WYNCONGFJQZCFS-OBWXTZQISA-N,"InChI=1S/C27H32Cl2F3N3O4/c1-16-12-35(17(2)15-36)26(38)20-11-19(33-25(37)8-9-27(30,31)32)5-7-23(20)39-24(16)14-34(3)13-18-4-6-21(28)22(29)10-18/h4-7,10-11,16-17,24,36H,8-9,12-15H2,1-3H3,(H,33,37)/t16-,17+,24+/m0/s1",32454,C[C@H](CO)N1C[C@H](C)[C@@H](CN(C)Cc2ccc(Cl)c(Cl)c2)Oc3ccc(NC(=O)CCC(F)(F)F)cc3C1=O,NA
Input,5-BrdU,-0.24427901,InputSig,NA,NA,LINCSCP_143422,MCF7,0.04uM,24h,breast,NA,NA,WOVKYSAHUYNSMH-RRKCRQDMSA-N,"InChI=1S/C9H11BrN2O5/c10-4-2-12(9(16)11-8(4)15)7-1-5(14)6(3-13)17-7/h2,5-7,13-14H,1,3H2,(H,11,15,16)/t5-,6+,7+/m0/s1",26693,OC[C@H]1O[C@H](C[C@@H]1O)N2C=C(Br)C(=O)NC2=O,2
Input,79966-13-5,-0.24426754,InputSig,NA,NA,LINCSCP_21403,HEC108,10uM,6h,endometrium,NA,NA,KPDOVJBEKCRATD-UHFFFAOYSA-N,"InChI=1S/C10H7ClN2O3/c1-12-7-5-3-2-4-6(7)8(11)9(10(12)14)13(15)16/h2-5H,1H3",25868,CN1C(=O)C(=C(Cl)c2ccccc12)[N+](=O)[O-],NA
Input,Rita,-0.2440076,InputSig,NA,NA,LINCSCP_21620,HEPG2,10uM,6h,liver,MDM inhibitor,MDM2,KZENBFUSKMWCJF-UHFFFAOYSA-N,"InChI=1S/C14H12O3S2/c15-7-9-1-5-13(18-9)11-3-4-12(17-11)14-6-2-10(8-16)19-14/h1-6,15-16H,7-8H2",16482,OCc1ccc(s1)c2oc(cc2)c3ccc(CO)s3,NA
Input,SCH-79797,-0.24398821,InputSig,NA,NA,LINCSCP_55463,U937,10uM,6h,haematopoietic and lymphoid tissue,Proteasome inhibitor,F2R,AVXQPEKZIGPIJW-UHFFFAOYSA-N,"InChI=1S/C23H25N5/c1-14(2)16-5-3-15(4-6-16)13-28-12-11-18-20(28)10-9-19-21(18)22(24)27-23(26-19)25-17-7-8-17/h3-6,9-12,14,17H,7-8,13H2,1-2H3,(H3,24,25,26,27)",36663,CC(C)c1ccc(Cn2ccc3c2ccc4nc(NC5CC5)nc(N)c34)cc1,NA
Input,Ttnpb,-0.24389163,InputSig,NA,NA,LINCSCP_2369,A375,10uM,6h,skin,Retinoid receptor agonist,RARB,FOIVPCKZDPCJJY-JQIJEIRASA-N,"InChI=1S/C24H28O2/c1-16(14-17-6-8-18(9-7-17)22(25)26)19-10-11-20-21(15-19)24(4,5)13-12-23(20,2)3/h6-11,14-15H,12-13H2,1-5H3,(H,25,26)/b16-14+",17567,C\C(=C/c1ccc(cc1)C(=O)O)\c2ccc3c(c2)C(C)(C)CCC3(C)C,NA
Input,BRD-K21953167,-0.24387557,InputSig,NA,NA,LINCSCP_48746,PC3,10uM,24h,prostate,NA,NA,TZPADAHRXAHUNQ-NLDZOOGBSA-N,"InChI=1S/C30H36N4O2/c1-32(2)30(36)26-11-7-24(8-12-26)23-5-9-25(10-6-23)29-27-20-33(19-22-13-15-31-16-14-22)17-3-4-18-34(27)28(29)21-35/h5-16,27-29,35H,3-4,17-21H2,1-2H3/t27-,28-,29+/m1/s1",32252,CN(C)C(=O)c1ccc(cc1)c2ccc(cc2)[C@@H]3[C@@H](CO)N4CCCCN(Cc5ccncc5)C[C@H]34,NA
Input,BRD-K08369728,-0.24350861,InputSig,NA,NA,LINCSCP_61736,VCAP,5uM,24h,prostate,NA,NA,ASLPZONUTGKWLH-SVFBPWRDSA-N,"InChI=1S/C22H37N5O4/c28-16-21-19(23-22(29)15-26-10-12-30-13-11-26)7-6-18(31-21)8-9-27-14-20(24-25-27)17-4-2-1-3-5-17/h14,17-19,21,28H,1-13,15-16H2,(H,23,29)/t18-,19+,21-/m1/s1",1501,OC[C@H]1O[C@@H](CCn2cc(nn2)C3CCCCC3)CC[C@@H]1NC(=O)CN4CCOCC4,NA
Input,Metformin,-0.24337405,InputSig,NA,NA,LINCSCP_161325,PC3,3.33uM,24h,prostate,Mitochondrial complex I (NADH dehydrogenase) inhibitor (Mitochondrial complex I|Mitochondrial glycerol-3-phosphate dehydrogenase inhibitor,GPD2|MT-ND1|ND2|ND3|ND4|ND4L|ND5|ND6|NDUFA1|NDUFA10|NDUFA11|NDUFA12|NDUFA13|NDUFA2|NDUFA3|NDUFA4|NDUFA4L2|NDUFA5|NDUFA6|NDUFA7|NDUFA8|NDUFA9|NDUFAB1|NDUFAF1|NDUFAF2|NDUFAF3|NDUFAF4|NDUFB1|NDUFB10|NDUFB11|NDUFB2|NDUFB3|NDUFB4|NDUFB5|NDUFB6|NDUFB7|NDUFB8|NDUFB9|NDUFC1|NDUFC2|NDUFS1|NDUFS2|NDUFS3|NDUFS4|NDUFS5|NDUFS6|NDUFS7|NDUFS8|NDUFV1|NDUFV2|NDUFV3,XZWYZXLIPXDOLR-UHFFFAOYSA-N,"InChI=1S/C4H11N5/c1-9(2)4(7)8-3(5)6/h1-2H3,(H5,5,6,7,8)",36296,CN(C)C(=N)NC(=N)N,4
Input,4LY1,-0.24305868,InputSig,NA,NA,LINCSCP_7771,A549,10uM,24h,lung,HDAC inhibitor,HDAC1|HDAC2,ABZSPJVXTTUFAA-UHFFFAOYSA-N,"InChI=1S/C19H17N3O2S/c1-12(23)21-15-7-4-13(5-8-15)19(24)22-17-11-14(6-9-16(17)20)18-3-2-10-25-18/h2-11H,20H2,1H3,(H,21,23)(H,22,24)",39148,CC(=O)Nc1ccc(cc1)C(=O)Nc2cc(ccc2N)c3cccs3,NA
Input,"O-(OCTAHYDRO-1H-4,7-METHANOINDEN-5-YL) HYDROGEN CARBONODITHIOATE",-0.24301487,InputSig,NA,NA,LINCSCP_58812,VCAP,10uM,24h,prostate,Phospholipase inhibitor,NA,PWLXJBSAUKKGCM-UHFFFAOYSA-N,"InChI=1S/C11H16OS2/c13-11(14)12-10-5-6-4-9(10)8-3-1-2-7(6)8/h6-10H,1-5H2,(H,13,14)",38748,SC(=S)OC1CC2CC1C3CCCC23,NA
Input,BRD-K82794234,-0.24283733,InputSig,NA,NA,LINCSCP_303409,VCAP,5uM,6h,prostate,NA,NA,SUQCIPRCFCPKOO-KMTUSBKWSA-N,"InChI=1S/C28H29FN2O6S/c1-17(18-5-3-2-4-6-18)30-27(33)15-21-14-24-23-13-20(9-12-25(23)37-28(24)26(16-32)36-21)31-38(34,35)22-10-7-19(29)8-11-22/h2-13,17,21,24,26,28,31-32H,14-16H2,1H3,(H,30,33)/t17-,21+,24+,26-,28-/m1/s1",4310,C[C@@H](NC(=O)C[C@@H]1C[C@@H]2[C@@H](Oc3ccc(NS(=O)(=O)c4ccc(F)cc4)cc23)[C@@H](CO)O1)c5ccccc5,NA
Input,CHEMBL2355494,-0.24278391,InputSig,NA,NA,LINCSCP_60189,VCAP,5uM,24h,prostate,NA,NA,PIKMQEDGBFJLCE-NOMHHCBYSA-N,"InChI=1S/C28H38N2O7S2/c1-20-17-30(21(2)19-31)39(34,35)28-14-13-23(22-9-6-5-7-10-22)15-26(28)37-27(20)18-29(3)38(32,33)25-12-8-11-24(16-25)36-4/h8-9,11-16,20-21,27,31H,5-7,10,17-19H2,1-4H3/t20-,21-,27+/m0/s1",16744,COc1cccc(c1)S(=O)(=O)N(C)C[C@H]2Oc3cc(ccc3S(=O)(=O)N(C[C@@H]2C)[C@@H](C)CO)C4=CCCCC4,NA
Input,SPECTRUM_001092,-0.2427836,InputSig,NA,NA,LINCSCP_138078,MCF7,10uM,24h,breast,Corticosteroid agonist|Glucocorticoid receptor agonist,NR3C1,WJOHZNCJWYWUJD-UUTDCOIBSA-N,"InChI=1S/C26H32F2O7/c1-13(29)33-12-20(32)26-21(34-22(2,3)35-26)10-15-16-9-18(27)17-8-14(30)6-7-23(17,4)25(16,28)19(31)11-24(15,26)5/h6-8,15-16,18-19,21,31H,9-12H2,1-5H3/t15?,16?,18-,19-,21+,23-,24-,25-,26+/m0/s1",120,CC(=O)OCC(=O)[C@@]12OC(C)(C)O[C@@H]1CC3C4C[C@H](F)C5=CC(=O)C=C[C@]5(C)[C@@]4(F)[C@@H](O)C[C@]23C,NA
Input,AC1MN7OA,-0.24262104,InputSig,NA,NA,LINCSCP_4186,A549,10uM,24h,lung,NA,NA,OVZWUDZIAAHNFG-UHFFFAOYSA-N,"InChI=1S/C21H26N2O/c1-22(21(24)16-18-10-4-2-5-11-18)20(17-23-14-8-9-15-23)19-12-6-3-7-13-19/h2-7,10-13,20H,8-9,14-17H2,1H3",22490,CN(C(CN1CCCC1)c2ccccc2)C(=O)Cc3ccccc3,NA
Input,AC1MJ3VH,-0.24260696,InputSig,NA,NA,LINCSCP_56319,VCAP,10uM,6h,prostate,RNA synthesis inhibitor|Topoisomerase inhibitor,TOP2A,STQGQHZAVUOBTE-JYZNYWJRSA-N,"InChI=1S/C27H29NO10/c1-10-22(30)14(28)7-17(37-10)38-16-9-27(35,11(2)29)8-13-19(16)26(34)21-20(24(13)32)23(31)12-5-4-6-15(36-3)18(12)25(21)33/h4-6,10,14,16-17,22,30,32,34-35H,7-9,28H2,1-3H3/t10?,14?,16-,17?,22?,27-/m0/s1",35412,COc1cccc2C(=O)c3c(O)c4C[C@](O)(C[C@H](OC5CC(N)C(O)C(C)O5)c4c(O)c3C(=O)c12)C(=O)C,NA
Input,SPECTRUM_001319,-0.2426027,InputSig,NA,NA,LINCSCP_143245,MCF7,1.11uM,24h,breast,11-beta-HSD1 inhibitor,HSD11B1,OBZHEBDUNPOCJG-YQNKGXRGSA-N,"InChI=1S/C34H50O7/c1-29(2)23-10-13-34(7)27(32(23,5)12-11-24(29)41-26(38)9-8-25(36)37)22(35)18-20-21-19-31(4,28(39)40)15-14-30(21,3)16-17-33(20,34)6/h18,21,23-24,27H,8-17,19H2,1-7H3,(H,36,37)(H,39,40)/t21-,23?,24-,27?,30+,31-,32-,33+,34+/m0/s1",492,CC1(C)[C@H](CC[C@@]2(C)C1CC[C@]3(C)C2C(=O)C=C4[C@@H]5C[C@](C)(CC[C@]5(C)CC[C@@]34C)C(=O)O)OC(=O)CCC(=O)O,NA
Input,O-Demethylated Adapalene,-0.2424446,InputSig,NA,NA,LINCSCP_250910,MCF7,0.01uM,6h,breast,Retinoid receptor agonist,RARG,LDGIHZJOIQSHPB-UHFFFAOYSA-N,"InChI=1S/C27H26O3/c28-25-6-5-22(20-1-2-21-11-23(26(29)30)4-3-19(21)10-20)12-24(25)27-13-16-7-17(14-27)9-18(8-16)15-27/h1-6,10-12,16-18,28H,7-9,13-15H2,(H,29,30)",16522,OC(=O)c1ccc2cc(ccc2c1)c3ccc(O)c(c3)C45CC6CC(CC(C6)C4)C5,NA
Input,JNJ-16259685,-0.24234562,InputSig,NA,NA,LINCSCP_284769,SKB,10uM,24h,NA,Glutamate receptor antagonist,GRM1,QOTAQTRFJWLFCR-UHFFFAOYSA-N,"InChI=1S/C20H23NO3/c1-23-17-7-4-13(5-8-17)19(22)14-6-9-18-16(11-14)12-15-3-2-10-24-20(15)21-18/h6,9,11-13,17H,2-5,7-8,10H2,1H3",15825,COC1CCC(CC1)C(=O)c2ccc3nc4OCCCc4cc3c2,NA
Input,Ruxolitinib,-0.24213556,InputSig,NA,NA,LINCSCP_115404,HS578T,10uM,3h,breast,JAK inhibitor,JAK1|JAK2|TYK2,HFNKQEVNSGCOJV-OAHLLOKOSA-N,"InChI=1S/C17H18N6/c18-7-5-15(12-3-1-2-4-12)23-10-13(9-22-23)16-14-6-8-19-17(14)21-11-20-16/h6,8-12,15H,1-5H2,(H,19,20,21)/t15-/m1/s1",17534,N#CC[C@H](C1CCCC1)n2cc(cn2)c3ncnc4[nH]ccc34,4
Input,BRD-K53756103,-0.24210698,InputSig,NA,NA,LINCSCP_60204,VCAP,5uM,24h,prostate,NA,NA,MNKHAAOLWRLKCW-LLGFUMIMSA-N,"InChI=1S/C24H34N4O4/c1-15(2)26-24(31)27(5)13-21-16(3)12-28(17(4)14-29)23(30)20-10-19(9-8-18-6-7-18)11-25-22(20)32-21/h10-11,15-18,21,29H,6-7,12-14H2,1-5H3,(H,26,31)/t16-,17+,21-/m1/s1",22689,CC(C)NC(=O)N(C)C[C@H]1Oc2ncc(cc2C(=O)N(C[C@H]1C)[C@@H](C)CO)C#CC3CC3,NA
Input,RG 108,-0.24176692,InputSig,NA,NA,LINCSCP_133826,MCF7,0.37uM,24h,breast,DNA methyltransferase inhibitor,DNMT1,HPTXLHAHLXOAKV-INIZCTEOSA-N,"InChI=1S/C19H14N2O4/c22-17-13-6-1-2-7-14(13)18(23)21(17)16(19(24)25)9-11-10-20-15-8-4-3-5-12(11)15/h1-8,10,16,20H,9H2,(H,24,25)/t16-/m0/s1",16536,OC(=O)[C@H](Cc1c[nH]c2ccccc12)N3C(=O)c4ccccc4C3=O,NA
Input,FTI276,-0.24135194,InputSig,NA,NA,LINCSCP_35835,MCF7,0.01uM,6h,breast,Farnesyltransferase inhibitor,FNTA,ZIXDDEATQSBHHL-BEFAXECRSA-N,"InChI=1S/C21H27N3O3S2/c1-29-10-9-19(21(26)27)24-20(25)17-8-7-16(23-12-15(22)13-28)11-18(17)14-5-3-2-4-6-14/h2-8,11,15,19,23,28H,9-10,12-13,22H2,1H3,(H,24,25)(H,26,27)/t15-,19+/m1/s1",16185,CSCC[C@H](NC(=O)c1ccc(NC[C@@H](N)CS)cc1c2ccccc2)C(=O)O,NA
Input,Mitoxantrone,-0.24109674,InputSig,NA,NA,LINCSCP_69369,A375,3.33uM,24h,skin,DNA topoisomerase II alpha inhibitor,TOP2A,KKZJGLLVHKMTCM-UHFFFAOYSA-N,"InChI=1S/C22H28N4O6/c27-11-9-23-5-7-25-13-1-2-14(26-8-6-24-10-12-28)18-17(13)21(31)19-15(29)3-4-16(30)20(19)22(18)32/h1-4,23-30H,5-12H2",15491,OCCNCCNc1ccc(NCCNCCO)c2C(=O)c3c(O)ccc(O)c3C(=O)c12,4
Input,BRD-K22253301,-0.24080313,InputSig,NA,NA,LINCSCP_303267,VCAP,5uM,6h,prostate,NA,NA,SYQUHMCSVCULSJ-UKEKDYKDSA-N,"InChI=1S/C30H30F3N3O6/c1-40-24-5-3-2-4-17(24)15-34-27(38)14-21-13-23-22-12-20(10-11-25(22)42-28(23)26(16-37)41-21)36-29(39)35-19-8-6-18(7-9-19)30(31,32)33/h2-12,21,23,26,28,37H,13-16H2,1H3,(H,34,38)(H2,35,36,39)/t21-,23+,26-,28-/m0/s1",2406,COc1ccccc1CNC(=O)C[C@@H]2C[C@H]3[C@H](Oc4ccc(NC(=O)Nc5ccc(cc5)C(F)(F)F)cc34)[C@H](CO)O2,NA
Input,BRD-K00689442,-0.24075192,InputSig,NA,NA,LINCSCP_59946,VCAP,5uM,6h,prostate,NA,NA,VLYSFBPSHIXFSY-JWUQWVJQSA-N,"InChI=1S/C32H46N4O5/c1-22-18-36(23(2)21-37)31(38)17-25-16-27(34-32(39)33-26-8-6-5-7-9-26)12-15-29(25)41-30(22)20-35(3)19-24-10-13-28(40-4)14-11-24/h10-16,22-23,26,30,37H,5-9,17-21H2,1-4H3,(H2,33,34,39)/t22-,23-,30+/m1/s1",11614,COc1ccc(CN(C)C[C@@H]2Oc3ccc(NC(=O)NC4CCCCC4)cc3CC(=O)N(C[C@H]2C)[C@H](C)CO)cc1,NA
Input,"4,6-Dimethyl-n-phenylquinolin-2-amine",-0.24060087,InputSig,NA,NA,LINCSCP_33975,MCF7,10uM,6h,breast,NA,NA,BFOWTYGBWYCXKR-UHFFFAOYSA-N,"InChI=1S/C17H16N2/c1-12-8-9-16-15(10-12)13(2)11-17(19-16)18-14-6-4-3-5-7-14/h3-11H,1-2H3,(H,18,19)",16205,Cc1ccc2nc(Nc3ccccc3)cc(C)c2c1,NA
Input,BMS-299897,-0.24058627,InputSig,NA,NA,LINCSCP_138749,MCF7,0.04uM,24h,breast,Gamma secretase inhibitor,NA,IZAOBRWCUGOKNH-OAHLLOKOSA-N,"InChI=1S/C24H21ClF3NO4S/c1-15(21-11-7-18(26)13-16(21)3-2-4-24(30)31)29(23-14-19(27)8-12-22(23)28)34(32,33)20-9-5-17(25)6-10-20/h5-15H,2-4H2,1H3,(H,30,31)/t15-/m1/s1",36678,C[C@@H](N(c1cc(F)ccc1F)S(=O)(=O)c2ccc(Cl)cc2)c3ccc(F)cc3CCCC(=O)O,NA
Input,MLS000589843,-0.24056325,InputSig,NA,NA,LINCSCP_288246,THP1,0.01uM,6h,haematopoietic and lymphoid tissue,NA,NA,RHKRIBIRDXKLEM-XNTDXEJSSA-N,"InChI=1S/C17H14N2O2S/c20-14-8-6-12(7-9-14)10-15-16(21)19-17(22-15)18-11-13-4-2-1-3-5-13/h1-10,20H,11H2,(H,18,19,21)/b15-10+",17665,Oc1ccc(\C=C/2\SC(=NC2=O)NCc3ccccc3)cc1,NA
Input,BRD-K08963966,-0.24019145,InputSig,NA,NA,LINCSCP_61407,VCAP,5uM,24h,prostate,NA,NA,UYIXVJNNAXNMSD-LZJCXSABSA-N,"InChI=1S/C28H35N3O6S/c1-18-14-31(19(2)16-32)28(33)25-13-9-8-12-24(25)23-11-7-6-10-22(23)17-36-26(18)15-30(5)38(34,35)27-20(3)29-37-21(27)4/h6-13,18-19,26,32H,14-17H2,1-5H3/t18-,19-,26+/m0/s1",23256,C[C@@H](CO)N1C[C@H](C)[C@@H](CN(C)S(=O)(=O)c2c(C)onc2C)OCc3ccccc3c4ccccc4C1=O,NA
Input,BRD-K10721194,-0.24017307,InputSig,NA,NA,LINCSCP_62120,VCAP,5uM,24h,prostate,NA,NA,XDPGLRIFEVLTPI-OZOXKJRCSA-N,"InChI=1S/C22H29N3O6S/c1-30-20-10-6-5-9-18(20)24-22(27)25-19-12-11-16(31-21(19)15-26)13-14-23-32(28,29)17-7-3-2-4-8-17/h2-10,16,19,21,23,26H,11-15H2,1H3,(H2,24,25,27)/t16-,19-,21-/m1/s1",1651,COc1ccccc1NC(=O)N[C@@H]2CC[C@H](CCNS(=O)(=O)c3ccccc3)O[C@@H]2CO,NA
Input,CHEMBL585951,-0.23992409,InputSig,NA,NA,LINCSCP_69549,A375,3.33uM,24h,skin,JNK inhibitor,MAPK8,AHMHIFXJPSHHPH-UHFFFAOYSA-N,"InChI=1S/C26H27FN8O2/c27-20-15-19(16-23(17-20)33-7-11-36-12-8-33)24-5-6-28-25(31-24)30-21-1-3-22(4-2-21)35-18-29-26(32-35)34-9-13-37-14-10-34/h1-6,15-18H,7-14H2,(H,28,30,31)",19429,Fc1cc(cc(c1)c2ccnc(Nc3ccc(cc3)n4cnc(n4)N5CCOCC5)n2)N6CCOCC6,NA
Input,Niacin,-0.23990148,InputSig,NA,NA,LINCSCP_94615,HA1E,0.04uM,24h,kidney epithelial,NAD precursor with lipid lowering effects|Vitamin B,HCAR2|HCAR3,PVNIIMVLHYAWGP-UHFFFAOYSA-N,"InChI=1S/C6H5NO2/c8-6(9)5-2-1-3-7-4-5/h1-4H,(H,8,9)",15066,OC(=O)c1cccnc1,4
Input,BRD-K05353139,-0.23989262,InputSig,NA,NA,LINCSCP_64352,VCAP,5uM,6h,prostate,NA,NA,SFUGSXPFEQWGAS-RXDUGQIKSA-N,"InChI=1S/C33H47N5O9S2/c1-23-18-38(24(2)21-39)33(40)29-17-26(35-48(41,42)32-20-36(4)22-34-32)10-15-30(29)47-25(3)9-7-8-16-46-31(23)19-37(5)49(43,44)28-13-11-27(45-6)12-14-28/h10-15,17,20,22-25,31,35,39H,7-9,16,18-19,21H2,1-6H3/t23-,24-,25+,31-/m1/s1",31826,COc1ccc(cc1)S(=O)(=O)N(C)C[C@H]2OCCCC[C@H](C)Oc3ccc(NS(=O)(=O)c4cn(C)cn4)cc3C(=O)N(C[C@H]2C)[C@H](C)CO,NA
Input,ARTESUNATE,-0.23989048,InputSig,NA,NA,LINCSCP_71641,A375,10uM,24h,skin,NA,NA,FIHJKUPKCHIPAT-AXFKQHSWSA-N,"InChI=1S/C19H28O8/c1-10-4-5-13-11(2)16(23-15(22)7-6-14(20)21)24-17-19(13)12(10)8-9-18(3,25-17)26-27-19/h10-13,16-17H,4-9H2,1-3H3,(H,20,21)/t10-,11-,12+,13+,16-,17-,18+,19-/m1/s1",26931,C[C@@H]1CC[C@H]2[C@@H](C)[C@H](OC(=O)CCC(=O)O)O[C@@H]3O[C@]4(C)CC[C@@H]1[C@@]23OO4,NA
Input,BRD-K70068608,-0.23985682,InputSig,NA,NA,LINCSCP_48816,PC3,10uM,24h,prostate,NA,NA,IIFWPLPYOKXIHM-GNMOFYLKSA-N,"InChI=1S/C30H34F3N3O5S/c1-19-5-7-22(8-6-19)23-9-14-28-26(15-23)41-27(20(2)16-36(21(3)18-37)42(28,39)40)17-35(4)29(38)34-25-12-10-24(11-13-25)30(31,32)33/h5-15,20-21,27,37H,16-18H2,1-4H3,(H,34,38)/t20-,21-,27+/m1/s1",13350,C[C@H](CO)N1C[C@@H](C)[C@H](CN(C)C(=O)Nc2ccc(cc2)C(F)(F)F)Oc3cc(ccc3S1(=O)=O)c4ccc(C)cc4,NA
Input,Elesclomol,-0.23911783,InputSig,NA,NA,LINCSCP_54344,SW620,10uM,6h,large intestine,Oxidative stress inducer,HSPA1A,BKJIXTWSNXCKJH-UHFFFAOYSA-N,"InChI=1S/C19H20N4O2S2/c1-22(18(26)14-9-5-3-6-10-14)20-16(24)13-17(25)21-23(2)19(27)15-11-7-4-8-12-15/h3-12H,13H2,1-2H3,(H,20,24)(H,21,25)",16207,CN(NC(=O)CC(=O)NN(C)C(=S)c1ccccc1)C(=S)c2ccccc2,3
Input,AMG-9810,-0.23910791,InputSig,NA,NA,LINCSCP_240921,MCF7,10uM,6h,breast,TRPV antagonist,TRPV1,GZTFUVZVLYUPRG-UHFFFAOYSA-N,"InChI=1S/C21H23NO3/c1-21(2,3)16-7-4-15(5-8-16)6-11-20(23)22-17-9-10-18-19(14-17)25-13-12-24-18/h4-11,14H,12-13H2,1-3H3,(H,22,23)",22757,CC(C)(C)c1ccc(C=CC(=O)Nc2ccc3OCCOc3c2)cc1,NA
Input,BRD-K71710045,-0.23903503,InputSig,NA,NA,LINCSCP_61644,VCAP,5uM,24h,prostate,NA,NA,RFSXMDVZFWHRJB-GHIUXRNCSA-N,"InChI=1S/C29H41N3O4/c1-19(2)22(5)30-29(35)31(6)16-27-20(3)15-32(21(4)17-33)28(34)26-14-10-9-13-25(26)24-12-8-7-11-23(24)18-36-27/h7-14,19-22,27,33H,15-18H2,1-6H3,(H,30,35)/t20-,21-,22-,27+/m0/s1",4219,CC(C)[C@H](C)NC(=O)N(C)C[C@H]1OCc2ccccc2c3ccccc3C(=O)N(C[C@@H]1C)[C@@H](C)CO,NA
Input,Erlotinib,-0.23895575,InputSig,NA,NA,LINCSCP_52064,SKBR3,10uM,6h,breast,EGFR inhibitor,EGFR,AAKJLRGGTJKAMG-UHFFFAOYSA-N,"InChI=1S/C22H23N3O4/c1-4-16-6-5-7-17(12-16)25-22-18-13-20(28-10-8-26-2)21(29-11-9-27-3)14-19(18)23-15-24-22/h1,5-7,12-15H,8-11H2,2-3H3,(H,23,24,25)",4277,COCCOc1cc2ncnc(Nc3cccc(c3)C#C)c2cc1OCCOC,4
Input,BI-2536,-0.2389379,InputSig,NA,NA,LINCSCP_40227,NCIH508,10uM,6h,large intestine,PLK inhibitor,PLK1,XQVVPGYIWAGRNI-JOCHJYFZSA-N,"InChI=1S/C28H39N7O3/c1-5-22-27(37)34(3)23-17-29-28(32-25(23)35(22)20-8-6-7-9-20)31-21-11-10-18(16-24(21)38-4)26(36)30-19-12-14-33(2)15-13-19/h10-11,16-17,19-20,22H,5-9,12-15H2,1-4H3,(H,30,36)(H,29,31,32)/t22-/m1/s1",36846,CC[C@H]1N(C2CCCC2)c3nc(Nc4ccc(cc4OC)C(=O)NC5CCN(C)CC5)ncc3N(C)C1=O,2
Input,Thiocolchicoside,-0.23864033,InputSig,NA,NA,LINCSCP_134612,MCF7,0.12uM,24h,breast,GABA receptor antagonist,NA,LEQAKWQJCITZNK-MSQQGMGVSA-N,"InChI=1S/C27H33NO10S/c1-12(30)28-16-7-5-13-9-18(37-27-24(34)23(33)22(32)19(11-29)38-27)25(35-2)26(36-3)21(13)14-6-8-20(39-4)17(31)10-15(14)16/h6,8-10,16,19,22-24,27,29,32-34H,5,7,11H2,1-4H3,(H,28,30)/t16?,19-,22-,23+,24-,27-/m1/s1",17687,COc1c(O[C@@H]2O[C@H](CO)[C@@H](O)[C@H](O)[C@H]2O)cc3CCC(=C4C=C(O)C(=CC=C4c3c1OC)SC)NC(=O)C,3
Input,JTE 013,-0.23850182,InputSig,NA,NA,LINCSCP_56160,VCAP,10uM,6h,prostate,Lysophospholipid receptor antagonist,S1PR2,RNSLRQNDXRSASX-UHFFFAOYSA-N,"InChI=1S/C17H19Cl2N7O/c1-8(2)11-7-14(22-16-15(11)9(3)25-26(16)4)23-24-17(27)20-10-5-12(18)21-13(19)6-10/h5-8H,1-4H3,(H,22,23)(H2,20,21,24,27)",4671,CC(C)c1cc(NNC(=O)Nc2cc(Cl)nc(Cl)c2)nc3c1c(C)nn3C,NA
Input,MLS-0315871.0001,-0.23844334,InputSig,NA,NA,LINCSCP_42216,NPC,10uM,24h,neural progenitor cells,NA,NA,JOMQEKIENWKNHV-UHFFFAOYSA-N,"InChI=1S/C21H17N3O2/c25-20-21(23-22-17-11-5-7-13-19(17)26-21)16-10-4-6-12-18(16)24(20)14-15-8-2-1-3-9-15/h1-13,22-23H,14H2",15577,O=C1N(Cc2ccccc2)c3ccccc3C14NNc5ccccc5O4,NA
Input,BRD-K36418235,-0.23837078,InputSig,NA,NA,LINCSCP_62646,VCAP,5uM,24h,prostate,NA,NA,AAXDVORIQTTZBB-AJWNWGNMSA-N,"InChI=1S/C29H29N3O5/c33-17-26-28-24(13-22(36-26)14-27(34)32-11-9-18-4-1-2-5-20(18)16-32)23-12-21(7-8-25(23)37-28)31-29(35)19-6-3-10-30-15-19/h1-8,10,12,15,22,24,26,28,33H,9,11,13-14,16-17H2,(H,31,35)/t22-,24-,26-,28+/m0/s1",2904,OC[C@@H]1O[C@H](CC(=O)N2CCc3ccccc3C2)C[C@@H]4[C@H]1Oc5ccc(NC(=O)c6cccnc6)cc45,NA
Input,BRD-K98168679,-0.23824501,InputSig,NA,NA,LINCSCP_3236,A375,5uM,24h,skin,NA,NA,QNPXTRYBNJAKIP-ICLSSZMYSA-N,"InChI=1S/C32H42N4O4/c1-21-17-36(22(2)19-37)32(39)30-29(25-13-8-9-14-26(25)35(30)5)24-12-7-6-11-23(24)20-40-28(21)18-34(4)31(38)27-15-10-16-33(27)3/h6-9,11-14,21-22,27-28,37H,10,15-20H2,1-5H3/t21-,22+,27-,28+/m0/s1",25415,C[C@H](CO)N1C[C@H](C)[C@@H](CN(C)C(=O)[C@@H]2CCCN2C)OCc3ccccc3c4c(C1=O)n(C)c5ccccc45,NA
Input,Topiramate,-0.23820107,InputSig,NA,NA,LINCSCP_101401,HELA,1.11uM,24h,large intestine,Carbonic anhydrase inhibitor|Glutamate receptor antagonist|Kainate receptor antagonist,CA2|CA4|GABRA1|GABRA2|GABRA3|GABRA4|GABRA5|GABRA6|GABRB1|GABRB2|GABRB3|GABRD|GABRE|GABRG1|GABRG2|GABRG3|GABRP|GABRQ|GRIA1|GRIA2|GRIA3|GRIA4|GRIK1|GRIK2|GRIK3|GRIK4|GRIK5|SCN10A|SCN11A|SCN1A|SCN2A|SCN3A|SCN4A|SCN5A|SCN7A|SCN8A|SCN9A,KJADKKWYZYXHBB-XBWDGYHZSA-N,"InChI=1S/C12H21NO8S/c1-10(2)18-7-5-16-12(6-17-22(13,14)15)9(8(7)19-10)20-11(3,4)21-12/h7-9H,5-6H2,1-4H3,(H2,13,14,15)/t7-,8-,9+,12+/m1/s1",16319,CC1(C)O[C@@H]2CO[C@@]3(COS(=O)(=O)N)OC(C)(C)O[C@H]3[C@@H]2O1,4
Input,BG45,-0.23810404,InputSig,NA,NA,LINCSCP_43428,NPC,10uM,24h,neural progenitor cells,HDAC inhibitor,NA,LMWPVSNHKACEKW-UHFFFAOYSA-N,"InChI=1S/C11H10N4O/c12-8-3-1-2-4-9(8)15-11(16)10-7-13-5-6-14-10/h1-7H,12H2,(H,15,16)",31665,Nc1ccccc1NC(=O)c2cnccn2,NA
Input,BX 912,-0.23800236,InputSig,NA,NA,LINCSCP_39216,MDAMB231,0.5uM,6h,NA,Pyruvate dehydrogenase kinase inhibitor,PDK1|PDPK1,DMMILYKXNCVKOJ-UHFFFAOYSA-N,"InChI=1S/C20H23BrN8O/c21-17-12-24-19(28-18(17)23-7-6-16-11-22-13-25-16)26-14-4-3-5-15(10-14)27-20(30)29-8-1-2-9-29/h3-5,10-13H,1-2,6-9H2,(H,22,25)(H,27,30)(H2,23,24,26,28)",22132,Brc1cnc(Nc2cccc(NC(=O)N3CCCC3)c2)nc1NCCc4c[nH]cn4,NA
Input,Olmesartan Medoxomil,-0.23798406,InputSig,NA,NA,LINCSCP_148,A375,10uM,6h,skin,Angiotensin receptor antagonist,AGTR1,UQGKUQLKSCSZGY-UHFFFAOYSA-N,"InChI=1S/C29H30N6O6/c1-5-8-23-30-25(29(3,4)38)24(27(36)39-16-22-17(2)40-28(37)41-22)35(23)15-18-11-13-19(14-12-18)20-9-6-7-10-21(20)26-31-33-34-32-26/h6-7,9-14,38H,5,8,15-16H2,1-4H3,(H,31,32,33,34)",36032,CCCc1nc(c(C(=O)OCC2=C(C)OC(=O)O2)n1Cc3ccc(cc3)c4ccccc4c5nn[nH]n5)C(C)(C)O,4
Input,ZK-93423,-0.23789696,InputSig,NA,NA,LINCSCP_50306,PHH,3uM,24h,NA,Benzodiazepine receptor agonist,GABRA1|GABRA2|GABRA3|GABRA5,ALBKMJDFBZVHAK-UHFFFAOYSA-N,"InChI=1S/C23H22N2O4/c1-3-28-23(26)22-18(14-27-2)21-17-11-16(29-13-15-7-5-4-6-8-15)9-10-19(17)25-20(21)12-24-22/h4-12,25H,3,13-14H2,1-2H3",35682,CCOC(=O)c1ncc2[nH]c3ccc(OCc4ccccc4)cc3c2c1COC,NA
Input,4L7B,-0.23789018,InputSig,NA,NA,LINCSCP_38585,MCF7,3.33uM,24h,breast,Kelch-like ECH-associated protein ligand,KEAP1,LNENLABLFGGAFF-BHIFYINESA-N,"InChI=1S/C26H26N2O5/c29-23(20-11-5-6-12-21(20)26(32)33)27-14-13-16-7-1-2-8-17(16)22(27)15-28-24(30)18-9-3-4-10-19(18)25(28)31/h1-4,7-10,20-22H,5-6,11-15H2,(H,32,33)/t20-,21+,22-/m1/s1",39907,OC(=O)[C@H]1CCCC[C@H]1C(=O)N2CCc3ccccc3[C@H]2CN4C(=O)c5ccccc5C4=O,NA
Input,C21H27N7O3,-0.2378044,InputSig,NA,NA,LINCSCP_85566,BT20,10uM,3h,breast,AKT inhibitor,AKT1|AKT2|AKT3|PRKCQ,KGPGFQWBCSZGEL-UHFFFAOYSA-N,"InChI=1S/C21H27N7O3/c1-4-28-18-15(30-12-13-6-5-9-23-10-13)11-24-14(7-8-21(2,3)29)16(18)25-20(28)17-19(22)27-31-26-17/h11,13,23,29H,4-6,9-10,12H2,1-3H3,(H2,22,27)",17523,CCn1c(nc2c(ncc(OCC3CCCNC3)c12)C#CC(C)(C)O)c4nonc4N,NA
Input,BRD-K98062568,-0.23752281,InputSig,NA,NA,LINCSCP_302024,VCAP,5uM,6h,prostate,NA,NA,XCDRDXJNPKYISK-NYSBEXSLSA-N,"InChI=1S/C23H27Cl2N3O5/c1-32-20-5-3-2-4-18(20)27-23(31)28-19-9-7-15(33-21(19)13-29)11-22(30)26-12-14-6-8-16(24)17(25)10-14/h2-6,8,10,15,19,21,29H,7,9,11-13H2,1H3,(H,26,30)(H2,27,28,31)/t15-,19+,21+/m0/s1",8687,COc1ccccc1NC(=O)N[C@@H]2CC[C@@H](CC(=O)NCc3ccc(Cl)c(Cl)c3)O[C@@H]2CO,NA
Input,ST030350,-0.23750531,InputSig,NA,NA,LINCSCP_6065,A549,10uM,6h,lung,NA,NA,INGUWWSFDCFHCG-UHFFFAOYSA-N,"InChI=1S/C20H22BrNO4/c1-20(2,3)13-5-8-15(9-6-13)26-12-18(23)22-17-10-7-14(21)11-16(17)19(24)25-4/h5-11H,12H2,1-4H3,(H,22,23)",18578,COC(=O)c1cc(Br)ccc1NC(=O)COc2ccc(cc2)C(C)(C)C,NA
Input,CHEMBL1271119,-0.23747932,InputSig,NA,NA,LINCSCP_1703,A375,10uM,6h,skin,NA,NA,XZHPZPGALCXJHG-UHFFFAOYSA-N,"InChI=1S/C23H19FN2O3S/c24-18-12-10-17(11-13-18)22(27)28-14-3-4-15-30-23-26-25-21(29-23)20-9-5-7-16-6-1-2-8-19(16)20/h1-2,5-13H,3-4,14-15H2",35624,Fc1ccc(cc1)C(=O)OCCCCSc2oc(nn2)c3cccc4ccccc34,NA
Input,Crotamiton,-0.23746483,InputSig,NA,NA,LINCSCP_5875,A549,10uM,6h,lung,Antipruritic,NA,DNTGGZPQPQTDQF-XBXARRHUSA-N,"InChI=1S/C13H17NO/c1-4-8-13(15)14(5-2)12-10-7-6-9-11(12)3/h4,6-10H,5H2,1-3H3/b8-4+",22162,CCN(C(=O)\C=C\C)c1ccccc1C,4
Input,Pseudoephedrine,-0.2371268,InputSig,NA,NA,LINCSCP_52656,SKB,10uM,24h,NA,Adrenergic receptor agonist,SLC6A2,KWGRBVOPPLSCSI-WCBMZHEXSA-N,"InChI=1S/C10H15NO/c1-8(11-2)10(12)9-6-4-3-5-7-9/h3-8,10-12H,1-2H3/t8-,10+/m0/s1",36074,CN[C@@H](C)[C@@H](O)c1ccccc1,4
Input,BMS-182874,-0.23709422,InputSig,NA,NA,LINCSCP_523,A375,10uM,6h,skin,Endothelin receptor antagonist,EDNRA,MJRGSRRZKSJHOE-UHFFFAOYSA-N,"InChI=1S/C17H19N3O3S/c1-11-12(2)18-23-17(11)19-24(21,22)16-10-6-7-13-14(16)8-5-9-15(13)20(3)4/h5-10,19H,1-4H3",15752,CN(C)c1cccc2c(cccc12)S(=O)(=O)Nc3onc(C)c3C,NA
Input,BRD-K74998149,-0.23692939,InputSig,NA,NA,LINCSCP_49014,PC3,10uM,24h,prostate,NA,NA,MCPOEXMSULFVHI-KZFQQWRHSA-N,"InChI=1S/C38H41F3N6O5/c1-23-19-47(24(2)22-48)36(50)30-18-29(44-37(51)43-28-14-12-27(13-15-28)38(39,40)41)16-17-33(30)52-34(23)21-46(3)20-25-8-10-26(11-9-25)35(49)45-32-7-5-4-6-31(32)42/h4-18,23-24,34,48H,19-22,42H2,1-3H3,(H,45,49)(H2,43,44,51)/t23-,24+,34-/m0/s1",13490,C[C@H](CO)N1C[C@H](C)[C@H](CN(C)Cc2ccc(cc2)C(=O)Nc3ccccc3N)Oc4ccc(NC(=O)Nc5ccc(cc5)C(F)(F)F)cc4C1=O,NA
Input,OSI-027,-0.23675332,InputSig,NA,NA,LINCSCP_11843,BT20,1uM,24h,breast,MTOR inhibitor,MTOR,JROFGZPOBKIAEW-TXEJJXNPSA-N,"InChI=1S/C21H22N6O3/c1-30-15-4-2-3-13-9-14(25-16(13)15)17-18-19(22)23-10-24-27(18)20(26-17)11-5-7-12(8-6-11)21(28)29/h2-4,9-12,25H,5-8H2,1H3,(H,28,29)(H2,22,23,24)/t11-,12+",266,COc1cccc2cc([nH]c12)c3nc([C@@H]4CC[C@@H](CC4)C(=O)O)n5ncnc(N)c35,NA
Input,OSI-027,-0.23675332,InputSig,NA,NA,LINCSCP_11843,BT20,1uM,24h,breast,MTOR inhibitor,MTOR,JROFGZPOBKIAEW-HAQNSBGRSA-N,"InChI=1S/C21H22N6O3/c1-30-15-4-2-3-13-9-14(25-16(13)15)17-18-19(22)23-10-24-27(18)20(26-17)11-5-7-12(8-6-11)21(28)29/h2-4,9-12,25H,5-8H2,1H3,(H,28,29)(H2,22,23,24)/t11-,12-",19898,COc1cccc2cc([nH]c12)c3nc([C@@H]4CC[C@H](CC4)C(=O)O)n5ncnc(N)c35,2
Input,BRD-K03701362-019-01-7,-0.23655989,InputSig,NA,NA,LINCSCP_48409,PC3,5uM,24h,prostate,NA,NA,XSJJKAVWGHVFMW-OFFJZUQKSA-N,"InChI=1S/C25H26N2O3S/c1-17-7-3-4-8-20(17)18-11-13-19(14-12-18)25-21-15-27(16-22(25)26-21)31(28,29)24-10-6-5-9-23(24)30-2/h3-14,21-22,25-26H,15-16H2,1-2H3/t21-,22+,25?",31274,COc1ccccc1S(=O)(=O)N2C[C@@H]3N[C@H](C2)[C@H]3c4ccc(cc4)c5ccccc5C,NA
Input,Agomelatine,-0.23639945,InputSig,NA,NA,LINCSCP_141935,MCF7,10uM,24h,breast,NA,NA,YJYPHIXNFHFHND-UHFFFAOYSA-N,"InChI=1S/C15H17NO2/c1-11(17)16-9-8-13-5-3-4-12-6-7-14(18-2)10-15(12)13/h3-7,10H,8-9H2,1-2H3,(H,16,17)",27189,COc1ccc2cccc(CCNC(=O)C)c2c1,4
Input,BRD-K80400482,-0.23618141,InputSig,NA,NA,LINCSCP_41123,NEU,10uM,24h,NA,NA,NA,BSUDBHASFVKNIG-SLFFLAALSA-N,"InChI=1S/C21H27N3O2/c1-2-12-23-21(26)24-18(13-22)20(19(24)14-25)17-10-8-16(9-11-17)15-6-4-3-5-7-15/h6,8-11,18-20,25H,2-5,7,12,14H2,1H3,(H,23,26)/t18-,19-,20+/m0/s1",2495,CCCNC(=O)N1[C@@H](CO)[C@@H]([C@@H]1C#N)c2ccc(cc2)C3=CCCCC3,NA
Input,BRD-K40963620,-0.23617625,InputSig,NA,NA,LINCSCP_43000,NPC,10uM,24h,neural progenitor cells,NA,NA,XFRFIHVPRYILDM-OHSXHVKISA-N,"InChI=1S/C28H29FN2O3/c29-23-14-12-22(13-15-23)28(34)30-16-24-27(25(18-32)31(24)26(33)17-30)21-10-8-20(9-11-21)7-3-6-19-4-1-2-5-19/h8-15,19,24-25,27,32H,1-2,4-6,16-18H2/t24-,25-,27+/m0/s1",12663,OC[C@H]1[C@@H]([C@@H]2CN(CC(=O)N12)C(=O)c3ccc(F)cc3)c4ccc(cc4)C#CCC5CCCC5,NA
Input,YC1,-0.2361307,InputSig,NA,NA,LINCSCP_23689,HEPG2,5uM,6h,liver,Guanylyl cyclase activator,GUCY1A2|HIF1A,OQQVFCKUDYMWGV-UHFFFAOYSA-N,"InChI=1S/C19H16N2O2/c22-13-15-10-11-18(23-15)19-16-8-4-5-9-17(16)21(20-19)12-14-6-2-1-3-7-14/h1-11,22H,12-13H2",35896,OCc1oc(cc1)c2nn(Cc3ccccc3)c4ccccc24,NA
Input,"8,10-Dimethyl-4-(2-methylphenyl)-3,4-dihydro-1H-pyrido[3',2':4,5]thieno[3,2-e][1,4]diazepine-2,5-dione",-0.23591778,InputSig,NA,NA,LINCSCP_2146,A375,10uM,6h,skin,NA,NA,YNBVPCLRBJFCEA-UHFFFAOYSA-N,"InChI=1S/C19H17N3O2S/c1-10-6-4-5-7-13(10)22-9-14(23)21-16-15-11(2)8-12(3)20-18(15)25-17(16)19(22)24/h4-8H,9H2,1-3H3,(H,21,23)",16162,Cc1cc(C)c2c3NC(=O)CN(C(=O)c3sc2n1)c4ccccc4C,NA
Input,PH-797804,-0.23585906,InputSig,NA,NA,LINCSCP_127422,HT29,1.11uM,24h,large intestine,MAP kinase p38 alpha inhibitor,MAPK14,KCAJXIDMCNPGHZ-UHFFFAOYSA-N,"InChI=1S/C22H19BrF2N2O3/c1-12-4-5-14(21(28)26-3)9-18(12)27-13(2)8-19(20(23)22(27)29)30-11-15-6-7-16(24)10-17(15)25/h4-10H,11H2,1-3H3,(H,26,28)",31510,CNC(=O)c1ccc(C)c(c1)N2C(=CC(=C(Br)C2=O)OCc3ccc(F)cc3F)C,2
Input,Clobenpropit,-0.23584828,InputSig,NA,NA,LINCSCP_31821,MCF7,10uM,6h,breast,Histamine receptor antagonist,HRH3|HRH4,UCAIEVHKDLMIFL-UHFFFAOYSA-N,"InChI=1S/C14H17ClN4S/c15-12-5-3-11(4-6-12)8-18-14(16)20-7-1-2-13-9-17-10-19-13/h3-6,9-10H,1-2,7-8H2,(H2,16,18)(H,17,19)",15876,Clc1ccc(CNC(=N)SCCCc2c[nH]cn2)cc1,NA
Input,MLS003429133,-0.23577923,InputSig,NA,NA,LINCSCP_31138,MCF7,10uM,24h,breast,NA,NA,ABOPFQCYXIJSPV-DRJFBDSASA-N,"InChI=1S/C20H23N3O2S/c1-12-7-8-17(25-6)16(9-12)23-13(2)10-15(14(23)3)11-18-19(24)22(5)20(21-4)26-18/h7-11H,1-6H3/b18-11+,21-20+",2846,COc1ccc(C)cc1n2c(C)cc(\C=C/3\S\C(=N\C)\N(C)C3=O)c2C,NA
Input,179324-69-7,-0.23576017,InputSig,NA,NA,LINCSCP_75775,A375,20uM,24h,skin,NFkB pathway inhibitor|Proteasome inhibitor,ADRM1|PSMA1|PSMA2|PSMA3|PSMA4|PSMA5|PSMA6|PSMA7|PSMA8|PSMB1|PSMB10|PSMB11|PSMB2|PSMB3|PSMB4|PSMB5|PSMB6|PSMB7|PSMB8|PSMB9|PSMC1|PSMC2|PSMC3|PSMC4|PSMC5|PSMC6|PSMD1|PSMD11|PSMD12|PSMD13|PSMD14|PSMD2|PSMD3|PSMD4|PSMD6|PSMD7|PSMD8|SEM1,NA,NA,NA,NA,NA
Input,SCHEMBL15444220,-0.2356019,InputSig,NA,NA,LINCSCP_2219,A375,10uM,6h,skin,NA,NA,RTMCABLCJUSQFP-QUMQEAAQSA-N,"InChI=1S/C37H43N3O10/c1-38(18-20-49-36-28(45-2)22-26(23-29(36)46-3)12-14-34(43)39-16-8-6-10-32(39)41)19-21-50-37-30(47-4)24-27(25-31(37)48-5)13-15-35(44)40-17-9-7-11-33(40)42/h6-7,10-15,22-25H,8-9,16-21H2,1-5H3/b14-12+,15-13+",13567,COc1cc(\C=C\C(=O)N2CCC=CC2=O)cc(OC)c1OCCN(C)CCOc3c(OC)cc(\C=C\C(=O)N4CCC=CC4=O)cc3OC,NA
Input,Genz-644282,-0.23558289,InputSig,NA,NA,LINCSCP_126636,HT29,1.11uM,24h,large intestine,NA,NA,BAORCAMWLWRZQG-UHFFFAOYSA-N,"InChI=1S/C22H21N3O5/c1-23-4-5-25-21-14-8-19-20(30-11-29-19)9-16(14)24-10-15(21)12-6-17(27-2)18(28-3)7-13(12)22(25)26/h6-10,23H,4-5,11H2,1-3H3",27038,CNCCN1C(=O)c2cc(OC)c(OC)cc2c3cnc4cc5OCOc5cc4c13,NA
Input,BROAD-SAI-071,-0.23525533,InputSig,NA,NA,LINCSCP_2147,A375,10uM,6h,skin,NA,NA,VKCLYFOKKNFKSX-UHFFFAOYSA-N,"InChI=1S/C25H29N5O2S/c1-29-12-14-30(15-13-29)11-10-27-24(31)18-4-6-19(7-5-18)25(32)28-22-17-20(8-9-21(22)26)23-3-2-16-33-23/h2-9,16-17H,10-15,26H2,1H3,(H,27,31)(H,28,32)",11508,CN1CCN(CCNC(=O)c2ccc(cc2)C(=O)Nc3cc(ccc3N)c4cccs4)CC1,NA
Input,"2-(3-Chlorophenyl)-5-(prop-2-en-1-ylamino)-1,3-oxazole-4-carbonitrile",-0.23514609,InputSig,NA,NA,LINCSCP_292099,VCAP,10uM,6h,prostate,NA,NA,KQDGPRFEQAHIAC-UHFFFAOYSA-N,"InChI=1S/C13H10ClN3O/c1-2-6-16-13-11(8-15)17-12(18-13)9-4-3-5-10(14)7-9/h2-5,7,16H,1,6H2",35652,Clc1cccc(c1)c2oc(NCC=C)c(n2)C#N,NA
Input,Benzthiazide,-0.23459304,InputSig,NA,NA,LINCSCP_47920,PC3,10uM,6h,prostate,Carbonic anhydrase inhibitor,CA2|SLC12A3,NDTSRXAMMQDVSW-UHFFFAOYSA-N,"InChI=1S/C15H14ClN3O4S3/c16-11-6-12-14(7-13(11)25(17,20)21)26(22,23)19-15(18-12)9-24-8-10-4-2-1-3-5-10/h1-7H,8-9H2,(H,18,19)(H2,17,20,21)",662,NS(=O)(=O)c1cc2c(NC(=NS2(=O)=O)CSCc3ccccc3)cc1Cl,4
Input,MLS000583951,-0.23444644,InputSig,NA,NA,LINCSCP_37858,MCF7,1uM,24h,breast,NA,NA,ZRDIMGZPSNNFQF-UHFFFAOYSA-N,"InChI=1S/C23H28ClN3O2/c1-16-10-11-20(13-17(16)2)27(21(28)14-24)22(18-7-6-12-25-15-18)23(29)26-19-8-4-3-5-9-19/h6-7,10-13,15,19,22H,3-5,8-9,14H2,1-2H3,(H,26,29)",35425,Cc1ccc(cc1C)N(C(C(=O)NC2CCCCC2)c3cccnc3)C(=O)CCl,NA
Input,meloxicam,-0.2343939,InputSig,NA,NA,LINCSCP_75019,A375,3.36uM,24h,skin,NA,NA,NA,NA,NA,NA,NA
Input,BRD-K82263627,-0.23437659,InputSig,NA,NA,LINCSCP_65348,VCAP,10uM,24h,prostate,NA,NA,KDXLDHVMUOGHJB-IVQNNMQUSA-N,"InChI=1S/C19H30N2O4S/c1-6-7-16-8-9-19-17(10-16)25-18(12-20(4)5)14(2)11-21(15(3)13-22)26(19,23)24/h6-10,14-15,18,22H,11-13H2,1-5H3/b7-6+/t14-,15+,18+/m0/s1",8163,C\C=C\c1ccc2c(O[C@H](CN(C)C)[C@@H](C)CN([C@H](C)CO)S2(=O)=O)c1,NA
Input,AC1LNRY5,-0.23418665,InputSig,NA,NA,LINCSCP_237056,MCF7,10uM,6h,breast,NA,NA,NUIDVSZQRVQJAJ-UHFFFAOYSA-N,"InChI=1S/C7H7N3O5/c1-14-7(11)9-8-4-5-2-3-6(15-5)10(12)13/h2-4H,1H3,(H,9,11)",24970,COC(=O)NN=Cc1oc(cc1)[N+](=O)[O-],NA
Input,Paroxetine,-0.23409436,InputSig,NA,NA,LINCSCP_25189,HT29,10uM,6h,large intestine,Selective serotonin reuptake inhibitor (SSRI),SLC6A4,AHOUBRCZNHFOSL-YOEHRIQHSA-N,"InChI=1S/C19H20FNO3/c20-15-3-1-13(2-4-15)17-7-8-21-10-14(17)11-22-16-5-6-18-19(9-16)24-12-23-18/h1-6,9,14,17,21H,7-8,10-12H2/t14-,17-/m0/s1",35722,Fc1ccc(cc1)[C@@H]2CCNC[C@H]2COc3ccc4OCOc4c3,4
Input,CHEMBL2357677,-0.2340844,InputSig,NA,NA,LINCSCP_60408,VCAP,5uM,24h,prostate,NA,NA,OYKBHWDUAQJSNT-BALWLHIASA-N,"InChI=1S/C30H32N4O7S/c1-20-16-34(21(2)18-35)42(37,38)29-9-6-23(5-4-22-10-12-31-13-11-22)14-27(29)41-28(20)17-33(3)30(36)32-24-7-8-25-26(15-24)40-19-39-25/h6-15,20-21,28,35H,16-19H2,1-3H3,(H,32,36)/t20-,21+,28+/m0/s1",37018,C[C@H](CO)N1C[C@H](C)[C@@H](CN(C)C(=O)Nc2ccc3OCOc3c2)Oc4cc(ccc4S1(=O)=O)C#Cc5ccncc5,NA
Input,Clofazimine,-0.23395487,InputSig,NA,NA,LINCSCP_139237,MCF7,3.33uM,24h,breast,GK0582 inhibitor,NA,WDQPAMHFFCXSNU-BGABXYSRSA-N,"InChI=1S/C27H22Cl2N4/c1-17(2)30-24-16-27-25(15-23(24)31-20-11-7-18(28)8-12-20)32-22-5-3-4-6-26(22)33(27)21-13-9-19(29)10-14-21/h3-17,31H,1-2H3/b30-24+",36500,CC(C)\N=C\1/C=C2N(c3ccc(Cl)cc3)c4ccccc4N=C2C=C1Nc5ccc(Cl)cc5,4
Input,Bendroflumethiazide,-0.23394313,InputSig,NA,NA,LINCSCP_33055,MCF7,10uM,24h,breast,Sodium/potassium/chloride transporter inhibitor,SLC12A3,HDWIHXWEUNVBIY-UHFFFAOYSA-N,"InChI=1S/C15H14F3N3O4S2/c16-15(17,18)10-7-11-13(8-12(10)26(19,22)23)27(24,25)21-14(20-11)6-9-4-2-1-3-5-9/h1-5,7-8,14,20-21H,6H2,(H2,19,22,23)",15319,NS(=O)(=O)c1cc2c(NC(Cc3ccccc3)NS2(=O)=O)cc1C(F)(F)F,4
Input,BRD-K96345282,-0.23391195,InputSig,NA,NA,LINCSCP_61303,VCAP,5uM,24h,prostate,NA,NA,VMCYUUKPCWGJCJ-PWHSHALESA-N,"InChI=1S/C25H35N3O5S/c1-17-9-7-8-10-24(17)34(30,31)26-20-11-12-21-22(13-20)33-16-19(3)27(4)14-18(2)23(32-6)15-28(5)25(21)29/h7-13,18-19,23,26H,14-16H2,1-6H3/t18-,19-,23+/m1/s1",4804,CO[C@H]1CN(C)C(=O)c2ccc(NS(=O)(=O)c3ccccc3C)cc2OC[C@@H](C)N(C)C[C@H]1C,NA
Input,Roxithromycin,-0.23320574,InputSig,NA,NA,LINCSCP_105885,HELA,10uM,24h,large intestine,NA,NA,RXZBMPWDPOLZGW-FYJMCHEJSA-N,"InChI=1S/C41H76N2O15/c1-15-29-41(10,49)34(45)24(4)31(42-53-21-52-17-16-50-13)22(2)19-39(8,48)36(58-38-32(44)28(43(11)12)18-23(3)54-38)25(5)33(26(6)37(47)56-29)57-30-20-40(9,51-14)35(46)27(7)55-30/h22-30,32-36,38,44-46,48-49H,15-21H2,1-14H3/t22-,23-,24+,25+,26-,27+,28+,29-,30+,32-,33+,34-,35+,36-,38-,39-,40-,41-/m1/s1",277,CC[C@H]1OC(=O)[C@H](C)[C@@H](O[C@H]2C[C@@](C)(OC)[C@@H](O)[C@H](C)O2)[C@H](C)[C@@H](O[C@H]3O[C@H](C)C[C@@H]([C@H]3O)N(C)C)[C@](C)(O)C[C@@H](C)C(=NOCOCCOC)[C@H](C)[C@@H](O)[C@]1(C)O,NA
Input,Roxithromycin,-0.23320574,InputSig,NA,NA,LINCSCP_105885,HELA,10uM,24h,large intestine,NA,NA,RXZBMPWDPOLZGW-IVJCFNEOSA-N,"InChI=1S/C41H76N2O15/c1-15-29-41(10,49)34(45)24(4)31(42-53-21-52-17-16-50-13)22(2)19-39(8,48)36(58-38-32(44)28(43(11)12)18-23(3)54-38)25(5)33(26(6)37(47)56-29)57-30-20-40(9,51-14)35(46)27(7)55-30/h22-30,32-36,38,44-46,48-49H,15-21H2,1-14H3/b42-31+/t22-,23-,24+,25+,26-,27+,28+,29-,30+,32-,33-,34-,35+,36-,38+,39-,40-,41-/m1/s1",27197,CC[C@H]1OC(=O)[C@H](C)[C@H](O[C@H]2C[C@@](C)(OC)[C@@H](O)[C@H](C)O2)[C@H](C)[C@@H](O[C@@H]3O[C@H](C)C[C@@H]([C@H]3O)N(C)C)[C@](C)(O)C[C@@H](C)\C(=N/OCOCCOC)\[C@H](C)[C@@H](O)[C@]1(C)O,NA
Input,Flumazenil,-0.23294762,InputSig,NA,NA,LINCSCP_52789,SKB,10uM,24h,NA,Benzodiazepine receptor antagonist,GABRA1|GABRA2|GABRA3|GABRA4|GABRA5|GABRA6|GABRB1|GABRB2|GABRB3|GABRD|GABRE|GABRG1|GABRG2|GABRG3|GABRP|GABRQ,OFBIFZUFASYYRE-UHFFFAOYSA-N,"InChI=1S/C15H14FN3O3/c1-3-22-15(21)13-12-7-18(2)14(20)10-6-9(16)4-5-11(10)19(12)8-17-13/h4-6,8H,3,7H2,1-2H3",16099,CCOC(=O)c1ncn2c1CN(C)C(=O)c3cc(F)ccc23,4
Input,CHEMBL2203528,-0.23289388,InputSig,NA,NA,LINCSCP_261278,NOMO1,0.01uM,6h,haematopoietic and lymphoid tissue,Serine/threonine kinase inhibitor,NA,QLAGTTKXNSYXDL-UHFFFAOYSA-N,"InChI=1S/C20H14N4O2/c25-19(17-11-5-6-12-21-17)23-14-8-2-1-7-13(14)18-20(26)24-16-10-4-3-9-15(16)22-18/h1-12H,(H,23,25)(H,24,26)",39711,O=C(Nc1ccccc1C2=Nc3ccccc3NC2=O)c4ccccn4,NA
Input,Chloroguanide,-0.23289323,InputSig,NA,NA,LINCSCP_89469,HA1E,0.04uM,24h,kidney epithelial,Dihydrofolate reductase inhibitor,NA,SSOLNOMRVKKSON-UHFFFAOYSA-N,"InChI=1S/C11H16ClN5/c1-7(2)15-10(13)17-11(14)16-9-5-3-8(12)4-6-9/h3-7H,1-2H3,(H5,13,14,15,16,17)",3401,CC(C)NC(=N)NC(=N)Nc1ccc(Cl)cc1,4
Input,STK219801,-0.23283907,InputSig,NA,NA,LINCSCP_30840,MCF7,20uM,6h,breast,Histone acetyltransferase inhibitor,NA,HEKJYZZSCQBJGB-XDHOZWIPSA-N,"InChI=1S/C24H19N3O6/c1-13-10-20(21(27(31)32)11-14(13)2)22-9-8-18(33-22)12-19-15(3)25-26(23(19)28)17-6-4-16(5-7-17)24(29)30/h4-12H,1-3H3,(H,29,30)/b19-12+",1003,CC1=NN(C(=O)/C/1=C/c2oc(cc2)c3cc(C)c(C)cc3[N+](=O)[O-])c4ccc(cc4)C(=O)O,NA
Input,TCB2,-0.23283575,InputSig,NA,NA,LINCSCP_141822,MCF7,3.33uM,24h,breast,NA,NA,NA,NA,NA,NA,NA
Input,SPARFLOXACIN,-0.23280535,InputSig,NA,NA,LINCSCP_102550,HELA,3.33uM,24h,large intestine,NA,NA,DZZWHBIBMUVIIW-IENPIDJESA-N,"InChI=1S/C19H22F2N4O3/c1-8-5-24(6-9(2)23-8)17-13(20)15(22)12-16(14(17)21)25(10-3-4-10)7-11(18(12)26)19(27)28/h7-10,23H,3-6,22H2,1-2H3,(H,27,28)/t8-,9?/m0/s1",27159,C[C@H]1CN(CC(C)N1)c2c(F)c(N)c3C(=O)C(=CN(C4CC4)c3c2F)C(=O)O,NA
Input,BRD-K96194602,-0.23278486,InputSig,NA,NA,LINCSCP_65548,VCAP,10uM,6h,prostate,NA,NA,URZYNBCGNXSORA-CZSZKKDXSA-N,"InChI=1S/C26H35N3O4S/c1-5-6-7-8-22-9-10-26-24(15-22)33-25(18-28(4)17-23-11-13-27-14-12-23)20(2)16-29(21(3)19-30)34(26,31)32/h9-15,20-21,25,30H,5-6,16-19H2,1-4H3/t20-,21+,25+/m1/s1",34171,CCCC#Cc1ccc2c(O[C@@H](CN(C)Cc3ccncc3)[C@H](C)CN([C@@H](C)CO)S2(=O)=O)c1,NA
Input,CHEMBL568614,-0.23271053,InputSig,NA,NA,LINCSCP_269189,PC3,10uM,24h,prostate,NA,NA,JEBBAUQIOXUGTI-UHFFFAOYSA-N,"InChI=1S/C22H18N4O2/c1-2-15(12-23-7-1)13-24-22-18-10-16(3-5-19(18)25-14-26-22)17-4-6-20-21(11-17)28-9-8-27-20/h1-7,10-12,14H,8-9,13H2,(H,24,25,26)",22806,C(Nc1ncnc2ccc(cc12)c3ccc4OCCOc4c3)c5cccnc5,NA
Input,GSK-J1,-0.23264657,InputSig,NA,NA,LINCSCP_84477,ASC,3.33uM,24h,adipose,NA,NA,AVZCPICCWKMZDT-UHFFFAOYSA-N,"InChI=1S/C22H23N5O2/c28-21(29)8-12-24-19-15-20(26-22(25-19)18-7-3-4-11-23-18)27-13-9-16-5-1-2-6-17(16)10-14-27/h1-7,11,15H,8-10,12-14H2,(H,28,29)(H,24,25,26)",34811,OC(=O)CCNc1cc(nc(n1)c2ccccn2)N3CCc4ccccc4CC3,NA
Input,AC1O9B20,-0.23253065,InputSig,NA,NA,LINCSCP_6089,A549,10uM,6h,lung,NA,NA,BIYGIVFQXZZINW-GRIBLKTHSA-N,"InChI=1S/C42H39N5O7/c1-2-21-44-38(49)33-35-39(50)54-36(28-13-7-4-8-14-28)34(27-11-5-3-6-12-27)47(35)37(29-16-18-30(19-17-29)53-24-23-48)42(33)31-25-26(10-9-22-45-41(43)52)15-20-32(31)46-40(42)51/h2-8,11-20,25,33-37,48H,1,21-24H2,(H,44,49)(H,46,51)(H3,43,45,52)/t33-,34-,35-,36+,37+,42-/m1/s1",1430,NC(=O)NCC#Cc1ccc2NC(=O)[C@@]3([C@H]([C@H]4N([C@@H]([C@@H](OC4=O)c5ccccc5)c6ccccc6)[C@H]3c7ccc(OCCO)cc7)C(=O)NCC=C)c2c1,NA
Input,MLS-0044127.0001,-0.2324635,InputSig,NA,NA,LINCSCP_31688,MCF7,10uM,6h,breast,NA,NA,BQPRBYLILBRUER-UHFFFAOYSA-N,"InChI=1S/C12H14N4OS/c1-8-3-5-10(6-4-8)18-9(2)11(17)15-12-13-7-14-16-12/h3-7,9H,1-2H3,(H2,13,14,15,16,17)",8603,CC(Sc1ccc(C)cc1)C(=O)Nc2nc[nH]n2,NA
Input,SA-243193,-0.232436,InputSig,NA,NA,LINCSCP_253543,MCF7,10uM,24h,breast,NA,NA,NUQLUNTVVQHOLK-YDIMBITNSA-N,"InChI=1S/C26H42N4O4/c1-18-15-30(19(2)17-31)25(32)14-20-13-22(28(3)4)11-12-23(20)34-24(18)16-29(5)26(33)27-21-9-7-6-8-10-21/h11-13,18-19,21,24,31H,6-10,14-17H2,1-5H3,(H,27,33)/t18-,19+,24-/m1/s1",5190,C[C@@H](CO)N1C[C@@H](C)[C@@H](CN(C)C(=O)NC2CCCCC2)Oc3ccc(cc3CC1=O)N(C)C,NA
Input,BRD-K71714567,-0.23231089,InputSig,NA,NA,LINCSCP_38086,MCF7,10uM,6h,breast,NA,NA,SAIBSAHLIFBZIR-JFSTXAPLSA-N,"InChI=1S/C25H29FN2O5/c26-21-9-5-4-8-20(21)25(31)28-14-18(29)15-32-16-23-22(28)11-10-19(33-23)12-24(30)27-13-17-6-2-1-3-7-17/h1-9,18-19,22-23,29H,10-16H2,(H,27,30)/t18-,19+,22-,23+/m0/s1",33502,O[C@@H]1COC[C@H]2O[C@@H](CC(=O)NCc3ccccc3)CC[C@@H]2N(C1)C(=O)c4ccccc4F,NA
Input,Chlorprothixene,-0.23230188,InputSig,NA,NA,LINCSCP_19123,HCC515,10uM,6h,lung,Dopamine receptor antagonist,DRD2|DRD3|HTR2A|HTR2C,WSPOMRSOLSGNFJ-VGOFMYFVSA-N,"InChI=1S/C18H18ClNS/c1-20(2)11-5-7-14-15-6-3-4-8-17(15)21-18-10-9-13(19)12-16(14)18/h3-4,6-10,12H,5,11H2,1-2H3/b14-7+",1941,CN(C)CC\C=C\1/c2ccccc2Sc3ccc(Cl)cc13,NA
Input,Chlorprothixene,-0.23230188,InputSig,NA,NA,LINCSCP_19123,HCC515,10uM,6h,lung,Dopamine receptor antagonist,DRD2|DRD3|HTR2A|HTR2C,WSPOMRSOLSGNFJ-UHFFFAOYSA-N,"InChI=1S/C18H18ClNS/c1-20(2)11-5-7-14-15-6-3-4-8-17(15)21-18-10-9-13(19)12-16(14)18/h3-4,6-10,12H,5,11H2,1-2H3",22856,CN(C)CCC=C1c2ccccc2Sc3ccc(Cl)cc13,NA
Input,BAY 61-3606,-0.23228631,InputSig,NA,NA,LINCSCP_134120,MCF7,0.04uM,24h,breast,SYK inhibitor,SYK,JWQOJVOKBAAAAR-UHFFFAOYSA-N,"InChI=1S/C20H18N6O3/c1-28-15-6-5-12(10-16(15)29-2)14-11-17-22-8-9-26(17)20(24-14)25-19-13(18(21)27)4-3-7-23-19/h3-11H,1-2H3,(H2,21,27)(H,23,24,25)",17574,COc1ccc(cc1OC)c2cc3nccn3c(Nc4ncccc4C(=O)N)n2,NA
Input,BRD-K52099002,-0.23226658,InputSig,NA,NA,LINCSCP_31929,MCF7,10uM,24h,breast,NA,NA,FHADXZSABCGRQM-PHSVBEEISA-N,"InChI=1S/C35H53N5O7/c1-22-19-40(23(2)21-41)34(43)29-18-28(36-35(44)37-32-25(4)38-47-26(32)5)15-16-30(29)46-24(3)12-10-11-17-45-31(22)20-39(6)33(42)27-13-8-7-9-14-27/h15-16,18,22-24,27,31,41H,7-14,17,19-21H2,1-6H3,(H2,36,37,44)/t22-,23+,24-,31+/m0/s1",12942,C[C@H](CO)N1C[C@H](C)[C@@H](CN(C)C(=O)C2CCCCC2)OCCCC[C@H](C)Oc3ccc(NC(=O)Nc4c(C)onc4C)cc3C1=O,NA
Input,MLS003130191,-0.23220076,InputSig,NA,NA,LINCSCP_60415,VCAP,5uM,24h,prostate,NA,NA,BLVPPUGYXWKWFY-ISJBWFOZSA-N,"InChI=1S/C29H37N3O7S/c1-20-17-32(21(2)19-33)28(34)25-15-22(11-14-29(35)12-5-6-13-29)16-30-27(25)39-26(20)18-31(3)40(36,37)24-9-7-23(38-4)8-10-24/h7-10,15-16,20-21,26,33,35H,5-6,12-13,17-19H2,1-4H3/t20-,21-,26+/m0/s1",37046,COc1ccc(cc1)S(=O)(=O)N(C)C[C@H]2Oc3ncc(cc3C(=O)N(C[C@@H]2C)[C@@H](C)CO)C#CC4(O)CCCC4,NA
Input,Bicalutamide,-0.23207609,InputSig,NA,NA,LINCSCP_244704,MCF7,10uM,6h,breast,Androgen receptor antagonist,AR,LKJPYSCBVHEWIU-UHFFFAOYSA-N,"InChI=1S/C18H14F4N2O4S/c1-17(26,10-29(27,28)14-6-3-12(19)4-7-14)16(25)24-13-5-2-11(9-23)15(8-13)18(20,21)22/h2-8,26H,10H2,1H3,(H,24,25)",15213,CC(O)(CS(=O)(=O)c1ccc(F)cc1)C(=O)Nc2ccc(C#N)c(c2)C(F)(F)F,4
Input,AC1NWAUW,-0.23204713,InputSig,NA,NA,LINCSCP_14517,HA1E,10uM,6h,kidney epithelial,Adenosine receptor agonist|CAMP stimulant,PRKACA,CJGYSWNGNKCJSB-ZBSNKJFMSA-N,"InChI=1S/C18H24N5O8P/c1-3-5-11(24)22-16-13-17(20-8-19-16)23(9-21-13)18-15(30-12(25)6-4-2)14-10(29-18)7-28-32(26,27)31-14/h8-10,14-15,18H,3-7H2,1-2H3,(H,26,27)(H,19,20,22,24)/t10-,14-,15-,18?/m1/s1",22159,CCCC(=O)Nc1ncnc2c1ncn2C3O[C@@H]4COP(=O)(O)O[C@H]4[C@H]3OC(=O)CCC,NA
Input,SPECTRUM_000051,-0.23196037,InputSig,NA,NA,LINCSCP_56114,VCAP,10uM,6h,prostate,Opioid receptor antagonist,OPRD1|OPRK1|OPRM1,UZHSEJADLWPNLE-OGLQFSJHSA-N,"InChI=1S/C19H21NO4/c1-2-8-20-9-7-18-15-11-3-4-12(21)16(15)24-17(18)13(22)5-6-19(18,23)14(20)10-11/h2-4,14,17,21,23H,1,5-10H2/t14-,17?,18+,19-/m1/s1",22191,Oc1ccc2C[C@H]3N(CC=C)CC[C@@]45C(Oc1c24)C(=O)CC[C@@]35O,NA
Input,Pindolol,-0.23179686,InputSig,NA,NA,LINCSCP_109753,HELA,0.12uM,24h,large intestine,Adrenergic receptor antagonist,ADRB1|ADRB2|HTR1A,JZQKKSLKJUAGIC-UHFFFAOYSA-N,"InChI=1S/C14H20N2O2/c1-10(2)16-8-11(17)9-18-14-5-3-4-13-12(14)6-7-15-13/h3-7,10-11,15-17H,8-9H2,1-2H3",15337,CC(C)NCC(O)COc1cccc2[nH]ccc12,4
Input,IN1541,-0.23162125,InputSig,NA,NA,LINCSCP_41821,NOMO1,10uM,6h,haematopoietic and lymphoid tissue,AMPK activator,PRKAA1,NOTGFIUVDGNKRI-UHFFFAOYSA-N,"InChI=1S/C9H15N4O8P/c10-7-4(8(11)16)12-2-13(7)9-6(15)5(14)3(21-9)1-20-22(17,18)19/h2-3,5-6,9,14-15H,1,10H2,(H2,11,16)(H2,17,18,19)",22216,NC(=O)c1ncn(C2OC(COP(=O)(O)O)C(O)C2O)c1N,NA
Input,CHEMBL2359798,-0.23143078,InputSig,NA,NA,LINCSCP_33808,MCF7,10uM,24h,breast,NA,NA,ZBLCOVKAEUNWGN-IKBQMQIHSA-N,"InChI=1S/C33H43N5O4/c1-22-18-38(23(2)21-39)32(40)17-26-16-27(36(3)4)14-15-30(26)42-31(22)20-37(5)19-24-10-12-25(13-11-24)33(41)35-29-9-7-6-8-28(29)34/h6-16,22-23,31,39H,17-21,34H2,1-5H3,(H,35,41)/t22-,23+,31-/m1/s1",16623,C[C@@H](CO)N1C[C@@H](C)[C@@H](CN(C)Cc2ccc(cc2)C(=O)Nc3ccccc3N)Oc4ccc(cc4CC1=O)N(C)C,NA
Input,Doxorubicin,-0.23137891,InputSig,NA,NA,LINCSCP_110365,HELA,10uM,24h,large intestine,DNA topoisomerase II alpha inhibitor,TOP2A,AOJJSUZBOXZQNB-TZSSRYMLSA-N,"InChI=1S/C27H29NO11/c1-10-22(31)13(28)6-17(38-10)39-15-8-27(36,16(30)9-29)7-12-19(15)26(35)21-20(24(12)33)23(32)11-4-3-5-14(37-2)18(11)25(21)34/h3-5,10,13,15,17,22,29,31,33,35-36H,6-9,28H2,1-2H3/t10-,13-,15-,17-,22+,27-/m0/s1",36141,COc1cccc2C(=O)c3c(O)c4C[C@](O)(C[C@H](O[C@H]5C[C@H](N)[C@H](O)[C@H](C)O5)c4c(O)c3C(=O)c12)C(=O)CO,4
Input,ST021200,-0.23130361,InputSig,NA,NA,LINCSCP_962,A375,10uM,6h,skin,NA,NA,JOYQBQFJPLXICC-UHFFFAOYSA-N,"InChI=1S/C21H17N3/c1-5-11-19-15(7-1)16-8-2-6-12-20(16)24(19)14-13-21-22-17-9-3-4-10-18(17)23-21/h1-12H,13-14H2,(H,22,23)",22234,C(Cn1c2ccccc2c3ccccc13)c4nc5ccccc5[nH]4,NA
Input,BRD-K43122204,-0.23127578,InputSig,NA,NA,LINCSCP_48183,PC3,5uM,24h,prostate,NA,NA,ORVIWTYNJHNTDZ-IUHKWCMYSA-N,"InChI=1S/C29H33N3O/c33-22-28-29(26-14-12-24(13-15-26)11-10-23-7-2-1-3-8-23)27-21-31(17-4-5-18-32(27)28)20-25-9-6-16-30-19-25/h1-3,6-16,19,27-29,33H,4-5,17-18,20-22H2/b11-10+/t27-,28-,29+/m1/s1",9551,OC[C@@H]1[C@H]([C@H]2CN(Cc3cccnc3)CCCCN12)c4ccc(\C=C\c5ccccc5)cc4,NA
Input,Pirarubicin,-0.2312454,InputSig,NA,NA,LINCSCP_47032,PC3,10uM,6h,prostate,Topoisomerase inhibitor,TOP2A,KMSKQZKKOZQFFG-YXRRJAAWSA-N,"InChI=1S/C32H37NO12/c1-14-31(45-21-8-3-4-9-42-21)17(33)10-22(43-14)44-19-12-32(40,20(35)13-34)11-16-24(19)30(39)26-25(28(16)37)27(36)15-6-5-7-18(41-2)23(15)29(26)38/h5-7,14,17,19,21-22,31,34,37,39-40H,3-4,8-13,33H2,1-2H3/t14-,17-,19-,21+,22-,31+,32-/m0/s1",36573,COc1cccc2C(=O)c3c(O)c4C[C@](O)(C[C@H](O[C@H]5C[C@H](N)[C@H](O[C@@H]6CCCCO6)[C@H](C)O5)c4c(O)c3C(=O)c12)C(=O)CO,NA
Input,ChEBI91594,-0.23112006,InputSig,NA,NA,LINCSCP_13625,HA1E,10uM,24h,kidney epithelial,Tubulin inhibitor,NR1I2|TUBB,RCINICONZNJXQF-UHFFFAOYSA-N,"InChI=1S/C47H51NO14/c1-25-31(60-43(56)36(52)35(28-16-10-7-11-17-28)48-41(54)29-18-12-8-13-19-29)23-47(57)40(61-42(55)30-20-14-9-15-21-30)38-45(6,32(51)22-33-46(38,24-58-33)62-27(3)50)39(53)37(59-26(2)49)34(25)44(47,4)5/h7-21,31-33,35-38,40,51-52,57H,22-24H2,1-6H3,(H,48,54)",343,CC(=O)OC1C(=O)C2(C)C(O)CC3OCC3(OC(=O)C)C2C(OC(=O)c4ccccc4)C5(O)CC(OC(=O)C(O)C(NC(=O)c6ccccc6)c7ccccc7)C(=C1C5(C)C)C,NA
Input,OSI-930,-0.2309246,InputSig,NA,NA,LINCSCP_133349,MCF7,0.37uM,24h,breast,KIT inhibitor|VEGFR inhibitor,FLT1|FLT4|KDR|KIT,FGTCROZDHDSNIO-UHFFFAOYSA-N,"InChI=1S/C22H16F3N3O2S/c23-22(24,25)30-16-7-5-15(6-8-16)28-21(29)20-19(10-12-31-20)27-13-14-9-11-26-18-4-2-1-3-17(14)18/h1-12,27H,13H2,(H,28,29)",15171,FC(F)(F)Oc1ccc(NC(=O)c2sccc2NCc3ccnc4ccccc34)cc1,1
Input,BRD-K43838150,-0.23084892,InputSig,NA,NA,LINCSCP_278839,PC3,10uM,24h,prostate,NA,NA,RTHCXGNRZPZERE-PHSVBEEISA-N,"InChI=1S/C32H46FN3O6S/c1-22-18-36(23(2)21-37)32(38)29-17-27(34-43(39,40)28-13-10-26(33)11-14-28)12-15-30(29)42-24(3)7-5-6-16-41-31(22)20-35(4)19-25-8-9-25/h10-15,17,22-25,31,34,37H,5-9,16,18-21H2,1-4H3/t22-,23+,24-,31+/m0/s1",32808,C[C@H](CO)N1C[C@H](C)[C@@H](CN(C)CC2CC2)OCCCC[C@H](C)Oc3ccc(NS(=O)(=O)c4ccc(F)cc4)cc3C1=O,NA
Input,Butamben,-0.23084785,InputSig,NA,NA,LINCSCP_47629,PC3,10uM,24h,prostate,Sodium channel blocker,NA,IUWVALYLNVXWKX-UHFFFAOYSA-N,"InChI=1S/C11H15NO2/c1-2-3-8-14-11(13)9-4-6-10(12)7-5-9/h4-7H,2-3,8,12H2,1H3",36445,CCCCOC(=O)c1ccc(N)cc1,4
Input,Tozasertib,-0.23080864,InputSig,NA,NA,LINCSCP_251584,MCF7,1uM,6h,breast,Aurora kinase inhibitor|Bcr-Abl kinase inhibitor|FLT3 inhibitor|JAK inhibitor,ABL1|AURKA|AURKB|AURKC|BCR|FLT3|JAK2,GCIKSSRWRFVXBI-UHFFFAOYSA-N,"InChI=1S/C23H28N8OS/c1-15-13-20(29-28-15)25-19-14-21(31-11-9-30(2)10-12-31)27-23(26-19)33-18-7-5-17(6-8-18)24-22(32)16-3-4-16/h5-8,13-14,16H,3-4,9-12H2,1-2H3,(H,24,32)(H2,25,26,27,28,29)",16643,CN1CCN(CC1)c2cc(Nc3cc(C)[nH]n3)nc(Sc4ccc(NC(=O)C5CC5)cc4)n2,2
Input,Tacedinaline,-0.23070299,InputSig,NA,NA,LINCSCP_35406,MCF7,0.5uM,24h,breast,HDAC inhibitor,HDAC1|HDAC10|HDAC11|HDAC2|HDAC3|HDAC4|HDAC5|HDAC6|HDAC7|HDAC8|HDAC9,VAZAPHZUAVEOMC-UHFFFAOYSA-N,"InChI=1S/C15H15N3O2/c1-10(19)17-12-8-6-11(7-9-12)15(20)18-14-5-3-2-4-13(14)16/h2-9H,16H2,1H3,(H,17,19)(H,18,20)",6047,CC(=O)Nc1ccc(cc1)C(=O)Nc2ccccc2N,3
Input,Roxatidine Acetate,-0.23069241,InputSig,NA,NA,LINCSCP_294202,VCAP,10uM,6h,prostate,Histamine receptor antagonist,HRH2,SMTZFNFIKUPEJC-UHFFFAOYSA-N,"InChI=1S/C19H28N2O4/c1-16(22)25-15-19(23)20-9-6-12-24-18-8-5-7-17(13-18)14-21-10-3-2-4-11-21/h5,7-8,13H,2-4,6,9-12,14-15H2,1H3,(H,20,23)",36569,CC(=O)OCC(=O)NCCCOc1cccc(CN2CCCCC2)c1,NA
Input,NVP-AUY922,-0.23057262,InputSig,NA,NA,LINCSCP_201473,A549,0.01uM,24h,lung,HSP inhibitor,HSP90AA1|HSP90AB1,NDAZATDQFDPQBD-UHFFFAOYSA-N,"InChI=1S/C26H31N3O5/c1-4-27-26(32)24-23(18-7-5-17(6-8-18)15-29-9-11-33-12-10-29)25(34-28-24)20-13-19(16(2)3)21(30)14-22(20)31/h5-8,13-14,16,30-31H,4,9-12,15H2,1-3H3,(H,27,32)",37839,CCNC(=O)c1noc(c2cc(C(C)C)c(O)cc2O)c1c3ccc(CN4CCOCC4)cc3,NA
Input,BRD-K51363657,-0.23055734,InputSig,NA,NA,LINCSCP_63500,VCAP,5uM,24h,prostate,NA,NA,WTHWQCPYZWPYSX-YYGZZXRFSA-N,"InChI=1S/C29H31N3O5/c33-24-17-32(29(35)22-7-4-14-30-16-22)26-13-12-25(37-27(26)19-36-18-24)15-28(34)31-23-10-8-21(9-11-23)20-5-2-1-3-6-20/h1-11,14,16,24-27,33H,12-13,15,17-19H2,(H,31,34)/t24-,25+,26-,27+/m0/s1",3440,O[C@@H]1COC[C@H]2O[C@@H](CC(=O)Nc3ccc(cc3)c4ccccc4)CC[C@@H]2N(C1)C(=O)c5cccnc5,NA
Input,BRD-K87755452,-0.23050122,InputSig,NA,NA,LINCSCP_27615,HT29,5uM,24h,large intestine,NA,NA,GWEQQAXOIQTOQH-SEVLPDGMSA-N,"InChI=1S/C23H27N3O4/c1-16(17-7-3-2-4-8-17)25-23(29)14-19-10-11-20(21(15-27)30-19)26-22(28)13-18-9-5-6-12-24-18/h2-12,16,19-21,27H,13-15H2,1H3,(H,25,29)(H,26,28)/t16-,19+,20+,21+/m1/s1",8595,C[C@@H](NC(=O)C[C@H]1O[C@@H](CO)[C@@H](NC(=O)Cc2ccccn2)C=C1)c3ccccc3,NA
Input,ST092379,-0.230392,InputSig,NA,NA,LINCSCP_31875,MCF7,10uM,24h,breast,NA,NA,BZSVYEWSYITSQO-UHFFFAOYSA-N,"InChI=1S/C14H18N4OS/c1-9-10(2)17-13-8-11(4-5-12(13)16-9)18-14(20)15-6-3-7-19/h4-5,8,19H,3,6-7H2,1-2H3,(H2,15,18,20)",7647,Cc1nc2ccc(NC(=S)NCCCO)cc2nc1C,NA
Input,CHEMBL2130935,-0.23030127,InputSig,NA,NA,LINCSCP_48726,PC3,10uM,24h,prostate,NA,NA,STCNQGKHPZHYJD-XDWGWCSASA-N,"InChI=1S/C38H48F3N5O5/c1-25-21-46(26(2)24-47)37(50)20-28-19-30(43-35(48)11-5-4-6-12-36(49)44-32-10-8-7-9-31(32)42)17-18-33(28)51-34(25)23-45(3)22-27-13-15-29(16-14-27)38(39,40)41/h7-10,13-19,25-26,34,47H,4-6,11-12,20-24,42H2,1-3H3,(H,43,48)(H,44,49)/t25-,26+,34+/m0/s1",19540,C[C@H](CO)N1C[C@H](C)[C@@H](CN(C)Cc2ccc(cc2)C(F)(F)F)Oc3ccc(NC(=O)CCCCCC(=O)Nc4ccccc4N)cc3CC1=O,NA
Input,Pitavastatin Calcium,-0.23028646,InputSig,NA,NA,LINCSCP_57948,VCAP,10uM,24h,prostate,HMGCR inhibitor,HMGCR,VGYFMXBACGZSIL-MCBHFWOFSA-N,"InChI=1S/C25H24FNO4/c26-17-9-7-15(8-10-17)24-20-3-1-2-4-22(20)27-25(16-5-6-16)21(24)12-11-18(28)13-19(29)14-23(30)31/h1-4,7-12,16,18-19,28-29H,5-6,13-14H2,(H,30,31)/b12-11+/t18-,19-/m1/s1",27006,O[C@H](C[C@H](O)\C=C\c1c(nc2ccccc2c1c3ccc(F)cc3)C4CC4)CC(=O)O,4
Input,CHEMBL2135770,-0.23023149,InputSig,NA,NA,LINCSCP_33826,MCF7,10uM,24h,breast,NA,NA,ZBLCOVKAEUNWGN-WDCWYOMISA-N,"InChI=1S/C33H43N5O4/c1-22-18-38(23(2)21-39)32(40)17-26-16-27(36(3)4)14-15-30(26)42-31(22)20-37(5)19-24-10-12-25(13-11-24)33(41)35-29-9-7-6-8-28(29)34/h6-16,22-23,31,39H,17-21,34H2,1-5H3,(H,35,41)/t22-,23-,31+/m0/s1",40035,C[C@@H](CO)N1C[C@H](C)[C@@H](CN(C)Cc2ccc(cc2)C(=O)Nc3ccccc3N)Oc4ccc(cc4CC1=O)N(C)C,NA
Input,SCHEMBL10015911,-0.23002539,InputSig,NA,NA,LINCSCP_59555,VCAP,10uM,6h,prostate,Prostanoid receptor agonist,PTGFR,AQOKCDNYWBIDND-NFTGKOCPSA-N,"InChI=1S/C25H37NO4/c1-2-26-25(30)13-9-4-3-8-12-21-22(24(29)18-23(21)28)17-16-20(27)15-14-19-10-6-5-7-11-19/h3,5-8,10-11,16-17,20-24,27-29H,2,4,9,12-15,18H2,1H3,(H,26,30)/b8-3-,17-16+/t20?,21?,22-,23?,24?/m1/s1",24665,CCNC(=O)CCC\C=C/CC1C(O)CC(O)[C@@H]1\C=C\C(O)CCc2ccccc2,NA
Input,BRD-K79116978,-0.22997072,InputSig,NA,NA,LINCSCP_63244,VCAP,5uM,24h,prostate,NA,NA,TUUZOQPHVDGSNW-LNBJVWSJSA-N,"InChI=1S/C29H37FN4O6S/c1-33-25-10-9-22(18-28(35)31-12-15-34-13-3-2-4-14-34)40-27(25)19-39-26-11-8-21(17-24(26)29(33)36)32-41(37,38)23-7-5-6-20(30)16-23/h5-8,11,16-17,22,25,27,32H,2-4,9-10,12-15,18-19H2,1H3,(H,31,35)/t22-,25-,27-/m0/s1",6765,CN1[C@H]2CC[C@@H](CC(=O)NCCN3CCCCC3)O[C@H]2COc4ccc(NS(=O)(=O)c5cccc(F)c5)cc4C1=O,NA
Input,BMS-387032,-0.22980606,InputSig,NA,NA,LINCSCP_36920,MCF7,10uM,6h,breast,CDK inhibitor|Cell cycle inhibitor|MCL1 inhibitor,CDK2|CDK7|CDK9,OUSFTKFNBAZUKL-UHFFFAOYSA-N,"InChI=1S/C17H24N4O2S2/c1-17(2,3)12-8-19-13(23-12)10-24-14-9-20-16(25-14)21-15(22)11-4-6-18-7-5-11/h8-9,11,18H,4-7,10H2,1-3H3,(H,20,21,22)",17528,CC(C)(C)c1oc(CSc2cnc(NC(=O)C3CCNCC3)s2)nc1,1
Input,BRD-K65504774,-0.22969984,InputSig,NA,NA,LINCSCP_62307,VCAP,5uM,24h,prostate,NA,NA,RREKHFLFIWGNNG-IGSZLMQBSA-N,"InChI=1S/C25H28FN3O6/c26-19-3-1-2-4-20(19)28-25(32)27-15-5-6-21-17(11-15)18-12-16(34-22(14-30)24(18)35-21)13-23(31)29-7-9-33-10-8-29/h1-6,11,16,18,22,24,30H,7-10,12-14H2,(H2,27,28,32)/t16-,18-,22+,24+/m0/s1",24918,OC[C@H]1O[C@H](CC(=O)N2CCOCC2)C[C@@H]3[C@H]1Oc4ccc(NC(=O)Nc5ccccc5F)cc34,NA
Input,GBR12935,-0.22968574,InputSig,NA,NA,LINCSCP_52902,SKB,10uM,24h,NA,Dopamine uptake inhibitor,NA,RAQPOZGWANIDQT-UHFFFAOYSA-N,"InChI=1S/C28H34N2O/c1-4-11-25(12-5-1)13-10-18-29-19-21-30(22-20-29)23-24-31-28(26-14-6-2-7-15-26)27-16-8-3-9-17-27/h1-9,11-12,14-17,28H,10,13,18-24H2",15700,C(CN1CCN(CCOC(c2ccccc2)c3ccccc3)CC1)Cc4ccccc4,NA
Input,BRD-K99718824,-0.22962918,InputSig,NA,NA,LINCSCP_61671,VCAP,5uM,24h,prostate,NA,NA,FNKQMQRSMOAQIH-DDFCPOBKSA-N,"InChI=1S/C34H40N4O5/c1-22-18-38(23(2)20-39)33(40)32-31(28-15-8-9-16-29(28)37(32)4)27-14-7-6-11-24(27)21-43-30(22)19-36(3)34(41)35-25-12-10-13-26(17-25)42-5/h6-17,22-23,30,39H,18-21H2,1-5H3,(H,35,41)/t22-,23+,30+/m0/s1",8701,COc1cccc(NC(=O)N(C)C[C@H]2OCc3ccccc3c4c(C(=O)N(C[C@@H]2C)[C@H](C)CO)n(C)c5ccccc45)c1,NA
Input,CHEMBL2134104,-0.22956562,InputSig,NA,NA,LINCSCP_65687,VCAP,10uM,24h,prostate,NA,NA,GJYWPGQZJRIMRE-HKQNKLGGSA-N,"InChI=1S/C37H55N5O5/c1-26-22-42(27(2)25-43)37(46)21-29-20-30(18-19-33(29)47-34(26)24-41(3)23-28-12-6-4-7-13-28)39-35(44)16-8-5-9-17-36(45)40-32-15-11-10-14-31(32)38/h10-11,14-15,18-20,26-28,34,43H,4-9,12-13,16-17,21-25,38H2,1-3H3,(H,39,44)(H,40,45)/t26-,27+,34-/m1/s1",40251,C[C@@H](CO)N1C[C@@H](C)[C@@H](CN(C)CC2CCCCC2)Oc3ccc(NC(=O)CCCCCC(=O)Nc4ccccc4N)cc3CC1=O,NA
Input,Conivaptan HCl,-0.22947894,InputSig,NA,NA,LINCSCP_170632,YAPC,0.12uM,24h,pancreas,NA,NA,IKENVDNFQMCRTR-UHFFFAOYSA-N,"InChI=1S/C32H26N4O2/c1-21-33-28-19-20-36(29-14-8-7-13-27(29)30(28)34-21)32(38)23-15-17-24(18-16-23)35-31(37)26-12-6-5-11-25(26)22-9-3-2-4-10-22/h2-18H,19-20H2,1H3,(H,33,34)(H,35,37)",26501,Cc1nc2CCN(C(=O)c3ccc(NC(=O)c4ccccc4c5ccccc5)cc3)c6ccccc6c2[nH]1,NA
Input,MG-132,-0.22944176,InputSig,NA,NA,LINCSCP_75858,A375,20uM,24h,skin,Proteasome inhibitor,PSMB1,TZYWCYJVHRLUCT-VABKMULXSA-N,"InChI=1S/C26H41N3O5/c1-17(2)12-21(15-30)27-24(31)22(13-18(3)4)28-25(32)23(14-19(5)6)29-26(33)34-16-20-10-8-7-9-11-20/h7-11,15,17-19,21-23H,12-14,16H2,1-6H3,(H,27,31)(H,28,32)(H,29,33)/t21-,22-,23-/m0/s1",35280,CC(C)C[C@H](NC(=O)[C@H](CC(C)C)NC(=O)[C@H](CC(C)C)NC(=O)OCc1ccccc1)C=O,NA
Input,PRE-084,-0.22934673,InputSig,NA,NA,LINCSCP_18938,HCC515,10uM,24h,lung,Sigma receptor agonist,SIGMAR1,RQHKZUBCUZVZEF-UHFFFAOYSA-N,"InChI=1S/C19H27NO3/c21-18(23-16-13-20-11-14-22-15-12-20)19(9-5-2-6-10-19)17-7-3-1-4-8-17/h1,3-4,7-8H,2,5-6,9-16H2",35820,O=C(OCCN1CCOCC1)C2(CCCCC2)c3ccccc3,NA
Input,BRD-K19826330,-0.22928476,InputSig,NA,NA,LINCSCP_61569,VCAP,5uM,24h,prostate,NA,NA,ICBPOKCISFMJKJ-BSRJHKFKSA-N,"InChI=1S/C24H32N2O3/c1-17-13-26(18(2)15-27)24(28)22-12-8-7-11-21(22)20-10-6-5-9-19(20)16-29-23(17)14-25(3)4/h5-12,17-18,23,27H,13-16H2,1-4H3/t17-,18-,23-/m0/s1",2320,C[C@@H](CO)N1C[C@H](C)[C@H](CN(C)C)OCc2ccccc2c3ccccc3C1=O,NA
Input,SCHEMBL1564574,-0.22921906,InputSig,NA,NA,LINCSCP_11951,BT20,0.1uM,6h,breast,CHK inhibitor,CHEK1|CHEK2,IAYGCINLNONXHY-GFCCVEGCSA-N,"InChI=1S/C17H19FN4O2S/c18-11-4-1-3-10(7-11)14-8-13(22-17(19)24)15(25-14)16(23)21-12-5-2-6-20-9-12/h1,3-4,7-8,12,20H,2,5-6,9H2,(H,21,23)(H3,19,22,24)/t12-/m1/s1",22341,NC(=O)Nc1cc(sc1C(=O)N[C@@H]2CCCNC2)c3cccc(F)c3,NA
Input,Teniposide,-0.22892996,InputSig,NA,NA,LINCSCP_56369,VCAP,10uM,24h,prostate,Topoisomerase inhibitor,TOP2A,NRUKOCRGYNPUPR-OQMCATNJSA-N,"InChI=1S/C32H32O13S/c1-37-19-6-13(7-20(38-2)25(19)33)23-14-8-17-18(42-12-41-17)9-15(14)28(16-10-39-30(36)24(16)23)44-32-27(35)26(34)29-21(43-32)11-40-31(45-29)22-4-3-5-46-22/h3-9,16,21,23-24,26-29,31-35H,10-12H2,1-2H3/t16?,21-,23-,24+,26-,27-,28?,29?,31-,32+/m1/s1",22395,COc1cc(cc(OC)c1O)[C@H]2[C@@H]3C(COC3=O)C(O[C@@H]4O[C@@H]5CO[C@H](OC5[C@H](O)[C@H]4O)c6cccs6)c7cc8OCOc8cc27,NA
Input,BRD-K12589632,-0.2288856,InputSig,NA,NA,LINCSCP_297328,VCAP,5uM,24h,prostate,NA,NA,NHORSMPXTAJMFN-FHAGJXEFSA-N,"InChI=1S/C26H34N2O8S2/c1-19-16-28(20(2)18-29)38(32,33)26-13-8-21(7-6-14-34-4)15-24(26)36-25(19)17-27(3)37(30,31)23-11-9-22(35-5)10-12-23/h8-13,15,19-20,25,29H,14,16-18H2,1-5H3/t19-,20-,25+/m1/s1",22473,COCC#Cc1ccc2c(O[C@@H](CN(C)S(=O)(=O)c3ccc(OC)cc3)[C@H](C)CN([C@H](C)CO)S2(=O)=O)c1,NA
Input,MLS003129588,-0.22888234,InputSig,NA,NA,LINCSCP_60684,VCAP,5uM,6h,prostate,NA,NA,FOLOUAULJSJVDY-NFAWXSAZSA-N,"InChI=1S/C16H29N5O3/c1-12-9-20(13(2)10-22)16(23)5-4-6-21-14(7-18-19-21)11-24-15(12)8-17-3/h7,12-13,15,17,22H,4-6,8-11H2,1-3H3/t12-,13-,15+/m1/s1",677,CNC[C@@H]1OCc2cnnn2CCCC(=O)N(C[C@H]1C)[C@H](C)CO,NA
Input,Entecavir,-0.22888053,InputSig,NA,NA,LINCSCP_154182,PC3,10uM,24h,prostate,DNA replication inhibitor|Reverse transcriptase inhibitor,NA,QDGZDCVAUDNJFG-FXQIFTODSA-N,"InChI=1S/C12H15N5O3/c1-5-6(3-18)8(19)2-7(5)17-4-14-9-10(17)15-12(13)16-11(9)20/h4,6-8,18-19H,1-3H2,(H3,13,15,16,20)/t6-,7-,8-/m0/s1",23236,NC1=NC(=O)c2ncn([C@H]3C[C@H](O)[C@@H](CO)C3=C)c2N1,4
Input,Mevastatin,-0.22877622,InputSig,NA,NA,LINCSCP_46126,PC3,10uM,24h,prostate,HMGCR inhibitor,HMGCR,AJLFOPYRIVGYMJ-INTXDZFKSA-N,"InChI=1S/C23H34O5/c1-4-14(2)23(26)28-20-7-5-6-16-9-8-15(3)19(22(16)20)11-10-18-12-17(24)13-21(25)27-18/h6,8-9,14-15,17-20,22,24H,4-5,7,10-13H2,1-3H3/t14-,15-,17+,18+,19-,20-,22-/m0/s1",36166,CC[C@H](C)C(=O)O[C@H]1CCC=C2C=C[C@H](C)[C@H](CC[C@@H]3C[C@@H](O)CC(=O)O3)[C@@H]12,NA
Input,BRD-K28431278,-0.22867576,InputSig,NA,NA,LINCSCP_64382,VCAP,5uM,6h,prostate,NA,NA,HICHWNNNCJDVID-LQZKXZFMSA-N,"InChI=1S/C32H43ClF3N3O7S/c1-21-18-39(22(2)20-40)31(42)27-17-25(37-47(43,44)26-11-8-24(33)9-12-26)10-13-28(27)46-23(3)7-5-6-16-45-29(21)19-38(4)30(41)14-15-32(34,35)36/h8-13,17,21-23,29,37,40H,5-7,14-16,18-20H2,1-4H3/t21-,22+,23-,29+/m0/s1",32417,C[C@H](CO)N1C[C@H](C)[C@@H](CN(C)C(=O)CCC(F)(F)F)OCCCC[C@H](C)Oc2ccc(NS(=O)(=O)c3ccc(Cl)cc3)cc2C1=O,NA
Input,Ioxaglic acid,-0.22865765,InputSig,NA,NA,LINCSCP_7525,A549,10uM,6h,lung,Radiopaque medium,NA,TYYBFXNZMFNZJT-UHFFFAOYSA-N,"InChI=1S/C24H21I6N5O8/c1-7(37)35(3)20-17(29)10(21(39)31-2)13(25)11(18(20)30)23(41)33-6-8(38)34-19-15(27)9(22(40)32-4-5-36)14(26)12(16(19)28)24(42)43/h36H,4-6H2,1-3H3,(H,31,39)(H,32,40)(H,33,41)(H,34,38)(H,42,43)",36035,CNC(=O)c1c(I)c(N(C)C(=O)C)c(I)c(C(=O)NCC(=O)Nc2c(I)c(C(=O)O)c(I)c(C(=O)NCCO)c2I)c1I,4
Input,BRD-K65738831,-0.22860173,InputSig,NA,NA,LINCSCP_277081,PC3,5uM,24h,prostate,NA,NA,YGYSTBHWEFBZQP-RUZDIDTESA-N,"InChI=1S/C29H34FN3O4/c1-31-24-13-22(36-2)7-8-23(24)26-27(31)25(15-34)33(28(35)20-3-5-21(30)6-4-20)18-29(26)16-32(17-29)14-19-9-11-37-12-10-19/h3-8,13,19,25,34H,9-12,14-18H2,1-2H3/t25-/m1/s1",33361,COc1ccc2c3c([C@@H](CO)N(CC34CN(CC5CCOCC5)C4)C(=O)c6ccc(F)cc6)n(C)c2c1,NA
Input,BRD-K78800374,-0.22859299,InputSig,NA,NA,LINCSCP_59698,VCAP,5uM,24h,prostate,NA,NA,VJMXJNGUWGEFKS-PKIAKLFDSA-N,"InChI=1S/C33H37N5O4/c1-22-18-38(23(2)21-39)32(40)28-17-26(35-33(41)36-29-10-6-8-25-7-4-5-9-27(25)29)11-12-30(28)42-31(22)20-37(3)19-24-13-15-34-16-14-24/h4-17,22-23,31,39H,18-21H2,1-3H3,(H2,35,36,41)/t22-,23-,31+/m1/s1",13592,C[C@H](CO)N1C[C@@H](C)[C@H](CN(C)Cc2ccncc2)Oc3ccc(NC(=O)Nc4cccc5ccccc45)cc3C1=O,NA
Input,BRD-K12411600,-0.22853109,InputSig,NA,NA,LINCSCP_8609,A549,5uM,24h,lung,NA,NA,VYCGBAYEGCCJIH-CJTFWIGWSA-N,"InChI=1S/C25H29ClF2N2O4/c26-18-3-1-16(2-4-18)11-29-25(32)10-21-6-8-23-24(34-21)15-33-14-20(31)13-30(23)12-17-9-19(27)5-7-22(17)28/h1-5,7,9,20-21,23-24,31H,6,8,10-15H2,(H,29,32)/t20-,21-,23+,24-/m1/s1",1747,O[C@H]1COC[C@H]2O[C@@H](CC(=O)NCc3ccc(Cl)cc3)CC[C@@H]2N(Cc4cc(F)ccc4F)C1,NA
Input,Propentofylline,-0.22851643,InputSig,NA,NA,LINCSCP_527,A375,10uM,6h,skin,Adenosine reuptake inhibitor|Phosphodiesterase inhibitor,PDE1A,RBQOQRRFDPXAGN-UHFFFAOYSA-N,"InChI=1S/C15H22N4O3/c1-4-8-18-10-16-13-12(18)14(21)19(15(22)17(13)3)9-6-5-7-11(2)20/h10H,4-9H2,1-3H3",35890,CCCn1cnc2N(C)C(=O)N(CCCCC(=O)C)C(=O)c12,NA
Input,Articaine,-0.22848563,InputSig,NA,NA,LINCSCP_451,A375,10uM,6h,skin,Local anesthetic,SCN10A|SCN11A|SCN1A|SCN2A|SCN3A|SCN4A|SCN5A|SCN7A|SCN8A|SCN9A,QTGIAADRBBLJGA-UHFFFAOYSA-N,"InChI=1S/C13H20N2O3S/c1-5-6-14-9(3)12(16)15-10-8(2)7-19-11(10)13(17)18-4/h7,9,14H,5-6H2,1-4H3,(H,15,16)",8487,CCCNC(C)C(=O)Nc1c(C)csc1C(=O)OC,4
Input,Bosentan,-0.22844507,InputSig,NA,NA,LINCSCP_79309,A375,3.33uM,24h,skin,Endothelin receptor antagonist,EDNRA|EDNRB,GJPICJJJRGTNOD-UHFFFAOYSA-N,"InChI=1S/C27H29N5O6S/c1-27(2,3)18-10-12-19(13-11-18)39(34,35)32-23-22(38-21-9-6-5-8-20(21)36-4)26(37-17-16-33)31-25(30-23)24-28-14-7-15-29-24/h5-15,33H,16-17H2,1-4H3,(H,30,31,32)",36559,COc1ccccc1Oc2c(NS(=O)(=O)c3ccc(cc3)C(C)(C)C)nc(nc2OCCO)c4ncccn4,4
Input,Idarubicin,-0.22828789,InputSig,NA,NA,LINCSCP_58277,VCAP,10uM,6h,prostate,Topoisomerase inhibitor,TOP2A,XDXDZDZNSLXDNA-TZNDIEGXSA-N,"InChI=1S/C26H27NO9/c1-10-21(29)15(27)7-17(35-10)36-16-9-26(34,11(2)28)8-14-18(16)25(33)20-19(24(14)32)22(30)12-5-3-4-6-13(12)23(20)31/h3-6,10,15-17,21,29,32-34H,7-9,27H2,1-2H3/t10-,15-,16-,17-,21+,26-/m0/s1",16402,C[C@@H]1O[C@H](C[C@H](N)[C@@H]1O)O[C@H]2C[C@@](O)(Cc3c(O)c4C(=O)c5ccccc5C(=O)c4c(O)c23)C(=O)C,4
Input,SPECTRUM_001048,-0.22826224,InputSig,NA,NA,LINCSCP_56362,VCAP,10uM,24h,prostate,Estrogen receptor agonist,ESR1|ESR2|NR1I2,VOXZDWNPVJITMN-PAOLREHBSA-N,"InChI=1S/C18H24O2/c1-18-9-8-14-13-5-3-12(19)10-11(13)2-4-15(14)16(18)6-7-17(18)20/h3,5,10,14-17,19-20H,2,4,6-9H2,1H3/t14?,15?,16?,17-,18-/m0/s1",22160,C[C@]12CCC3C(CCc4cc(O)ccc34)C1CC[C@@H]2O,NA
Input,CHEMBL2360495,-0.22824959,InputSig,NA,NA,LINCSCP_33905,MCF7,10uM,24h,breast,NA,NA,ZBLCOVKAEUNWGN-CEFNRUSXSA-N,"InChI=1S/C33H43N5O4/c1-22-18-38(23(2)21-39)32(40)17-26-16-27(36(3)4)14-15-30(26)42-31(22)20-37(5)19-24-10-12-25(13-11-24)33(41)35-29-9-7-6-8-28(29)34/h6-16,22-23,31,39H,17-21,34H2,1-5H3,(H,35,41)/t22-,23-,31-/m1/s1",36804,C[C@H](CO)N1C[C@@H](C)[C@@H](CN(C)Cc2ccc(cc2)C(=O)Nc3ccccc3N)Oc4ccc(cc4CC1=O)N(C)C,NA
Input,Oxymetazoline,-0.22815075,InputSig,NA,NA,LINCSCP_134932,MCF7,3.33uM,24h,breast,Adrenergic receptor agonist,ADRA1A|ADRA1B|ADRA1D|ADRA2A|ADRA2B|ADRA2C,WYWIFABBXFUGLM-UHFFFAOYSA-N,"InChI=1S/C16H24N2O/c1-10-8-13(16(3,4)5)15(19)11(2)12(10)9-14-17-6-7-18-14/h8,19H,6-7,9H2,1-5H3,(H,17,18)",35568,Cc1cc(c(O)c(C)c1CC2=NCCN2)C(C)(C)C,4
Input,BRD-K14327282,-0.22806032,InputSig,NA,NA,LINCSCP_60140,VCAP,5uM,24h,prostate,NA,NA,GVDJVSBPXRZCOM-IPVFLDMMSA-N,"InChI=1S/C27H36N4O4S/c1-20-15-31(21(2)18-32)36(33,34)27-11-10-23(9-8-22-6-4-5-7-22)12-25(27)35-26(20)17-30(3)16-24-13-28-19-29-14-24/h10-14,19-22,26,32H,4-7,15-18H2,1-3H3/t20-,21-,26-/m1/s1",1859,C[C@H](CO)N1C[C@@H](C)[C@@H](CN(C)Cc2cncnc2)Oc3cc(ccc3S1(=O)=O)C#CC4CCCC4,NA
Input,Pyrrolidine Dithiocarbamate,-0.22790707,InputSig,NA,NA,LINCSCP_7200,A549,10uM,6h,lung,NFkB pathway inhibitor,HSD11B1,VSWDORGPIHIGNW-UHFFFAOYSA-N,"InChI=1S/C5H9NS2/c7-5(8)6-3-1-2-4-6/h1-4H2,(H,7,8)",36048,SC(=S)N1CCCC1,NA
Input,BRD-K01140360,-0.22790123,InputSig,NA,NA,LINCSCP_59822,VCAP,5uM,24h,prostate,NA,NA,KRCYYDXJFSFYMC-JLELKNTQSA-N,"InChI=1S/C33H42N4O4/c1-22(2)34-33(40)35-28-15-16-30-29(17-28)32(39)37(24(4)21-38)18-23(3)31(41-30)20-36(5)19-25-11-13-27(14-12-25)26-9-7-6-8-10-26/h6-17,22-24,31,38H,18-21H2,1-5H3,(H2,34,35,40)/t23-,24+,31-/m0/s1",11624,CC(C)NC(=O)Nc1ccc2O[C@@H](CN(C)Cc3ccc(cc3)c4ccccc4)[C@@H](C)CN([C@H](C)CO)C(=O)c2c1,NA
Input,CGP 60474,-0.22788984,InputSig,NA,NA,LINCSCP_133672,MCF7,0.04uM,24h,breast,CDK inhibitor,CDK1,IYNDTACKOAXKBJ-UHFFFAOYSA-N,"InChI=1S/C18H18ClN5O/c19-14-3-1-4-15(12-14)23-18-22-9-6-16(24-18)13-5-8-21-17(11-13)20-7-2-10-25/h1,3-6,8-9,11-12,25H,2,7,10H2,(H,20,21)(H,22,23,24)",16652,OCCCNc1cc(ccn1)c2ccnc(Nc3cccc(Cl)c3)n2,NA
Input,"2-Phenylethyl 3-(3,4-dihydroxyphenyl)prop-2-enoate",-0.22783229,InputSig,NA,NA,LINCSCP_55707,VCAP,10uM,24h,prostate,HIV integrase inhibitor|Lipoxygenase inhibitor|NFkB pathway inhibitor|Nitric oxide production inhibitor|PPAR receptor modulator|TNF production inhibitor|Tumor necrosis factor production inhibitor,ALOX5,SWUARLUWKZWEBQ-UHFFFAOYSA-N,"InChI=1S/C17H16O4/c18-15-8-6-14(12-16(15)19)7-9-17(20)21-11-10-13-4-2-1-3-5-13/h1-9,12,18-19H,10-11H2",23065,Oc1ccc(C=CC(=O)OCCc2ccccc2)cc1O,NA
Input,Ecopipam,-0.2278283,InputSig,NA,NA,LINCSCP_289342,VCAP,10uM,24h,prostate,Dopamine receptor antagonist,DRD1|DRD5,DMJWENQHWZZWDF-PKOBYXMFSA-N,"InChI=1S/C19H20ClNO/c1-21-9-8-13-10-16(20)18(22)11-15(13)19-14-5-3-2-4-12(14)6-7-17(19)21/h2-5,10-11,17,19,22H,6-9H2,1H3/t17-,19+/m0/s1",9275,CN1CCc2cc(Cl)c(O)cc2[C@@H]3[C@@H]1CCc4ccccc34,3
Input,SCHEMBL14177979,-0.22772946,InputSig,NA,NA,LINCSCP_290262,VCAP,10uM,6h,prostate,Tubulin inhibitor,TUBB,OGWKCGZFUXNPDA-CUGARIAGSA-N,"InChI=1S/C46H56N4O10/c1-7-42(55)22-28-23-45(40(53)58-5,36-30(14-18-48(24-28)25-42)29-12-9-10-13-33(29)47-36)32-20-31-34(21-35(32)57-4)50(26-51)38-44(31)16-19-49-17-11-15-43(8-2,37(44)49)39(60-27(3)52)46(38,56)41(54)59-6/h9-13,15,20-21,26,28,37-39,47,55-56H,7-8,14,16-19,22-25H2,1-6H3/t28?,37-,38+,39+,42-,43+,44+,45-,46-/m0/s1",22429,CC[C@]1(O)CC2CN(CCc3c([nH]c4ccccc34)[C@@](C2)(C(=O)OC)c5cc6c(cc5OC)N(C=O)[C@H]7[C@](O)([C@H](OC(=O)C)[C@]8(CC)C=CCN9CC[C@]67[C@H]89)C(=O)OC)C1,NA
Input,Medetomidine,-0.22756765,InputSig,NA,NA,LINCSCP_154686,PC3,3.33uM,24h,prostate,NA,NA,CUHVIMMYOGQXCV-UHFFFAOYSA-N,"InChI=1S/C13H16N2/c1-9-5-4-6-12(10(9)2)11(3)13-7-14-8-15-13/h4-8,11H,1-3H3,(H,14,15)",15232,CC(c1c[nH]cn1)c2cccc(C)c2C,NA
Input,BRD-K75368232,-0.22753154,InputSig,NA,NA,LINCSCP_8646,A549,5uM,24h,lung,NA,NA,ZCDZHCWZNJFIKB-DTDBQYNISA-N,"InChI=1S/C19H26Cl2N2O4/c1-22-19(25)7-14-3-5-17-18(27-14)11-26-10-13(24)9-23(17)8-12-2-4-15(20)16(21)6-12/h2,4,6,13-14,17-18,24H,3,5,7-11H2,1H3,(H,22,25)/t13-,14-,17-,18+/m1/s1",4910,CNC(=O)C[C@H]1CC[C@@H]2[C@H](COC[C@H](O)CN2Cc3ccc(Cl)c(Cl)c3)O1,NA
Input,BRD-K01595245,-0.22739723,InputSig,NA,NA,LINCSCP_59625,VCAP,5uM,24h,prostate,NA,NA,KBNILDCQMNAARZ-UDCNLSRBSA-N,"InChI=1S/C30H37N5O6/c1-18-15-35(19(2)17-36)29(38)24-14-23(31-27(37)13-22-9-7-6-8-10-22)11-12-25(24)40-26(18)16-34(5)30(39)32-28-20(3)33-41-21(28)4/h6-12,14,18-19,26,36H,13,15-17H2,1-5H3,(H,31,37)(H,32,39)/t18-,19-,26+/m1/s1",11631,C[C@H](CO)N1C[C@@H](C)[C@H](CN(C)C(=O)Nc2c(C)onc2C)Oc3ccc(NC(=O)Cc4ccccc4)cc3C1=O,NA
Input,"Temsirolimus (CCI-779, NSC 683864)",-0.22736504,InputSig,NA,NA,LINCSCP_154877,PC3,10uM,24h,prostate,mTOR inhibitor,MTOR,CBPNZQVSJQDFBE-SREVRWKESA-N,"InChI=1S/C56H87NO16/c1-33-17-13-12-14-18-34(2)45(68-9)29-41-22-20-39(7)56(67,73-41)51(63)52(64)57-24-16-15-19-42(57)53(65)71-46(30-43(60)35(3)26-38(6)49(62)50(70-11)48(61)37(5)25-33)36(4)27-40-21-23-44(47(28-40)69-10)72-54(66)55(8,31-58)32-59/h12-14,17-18,26,33,35-37,39-42,44-47,49-50,58-59,62,67H,15-16,19-25,27-32H2,1-11H3/b14-12+,17-13+,34-18+,38-26+/t33-,35-,36-,37-,39-,40+,41-,42+,44+,45+,46+,47-,49-,50+,56-/m1/s1",27192,CO[C@@H]1C[C@H](C[C@@H](C)[C@@H]2CC(=O)[C@H](C)\C=C(/C)\[C@@H](O)[C@@H](OC)C(=O)[C@H](C)C[C@H](C)\C=C\C=C\C=C(/C)\[C@H](C[C@H]3CC[C@@H](C)[C@@](O)(O3)C(=O)C(=O)N4CCCC[C@H]4C(=O)O2)OC)CC[C@@H]1OC(=O)C(C)(CO)CO,NA
Input,BRD-K31556224,-0.22731389,InputSig,NA,NA,LINCSCP_62364,VCAP,5uM,6h,prostate,NA,NA,SUQCIPRCFCPKOO-SFIFTMJASA-N,"InChI=1S/C28H29FN2O6S/c1-17(18-5-3-2-4-6-18)30-27(33)15-21-14-24-23-13-20(9-12-25(23)37-28(24)26(16-32)36-21)31-38(34,35)22-10-7-19(29)8-11-22/h2-13,17,21,24,26,28,31-32H,14-16H2,1H3,(H,30,33)/t17-,21+,24-,26+,28+/m1/s1",24322,C[C@@H](NC(=O)C[C@@H]1C[C@H]2[C@H](Oc3ccc(NS(=O)(=O)c4ccc(F)cc4)cc23)[C@H](CO)O1)c5ccccc5,NA
Input,Fcodpguefhccia-Uhfffaoysa-N,-0.2272186,InputSig,NA,NA,LINCSCP_54211,SW620,10uM,6h,large intestine,Caspase activator,CASP3,FCODPGUEFHCCIA-UHFFFAOYSA-N,"InChI=1S/C23H15N3O4/c27-19-8-4-6-15-12-17(23(29)30-21(15)19)22(28)24-16-7-3-5-14(11-16)18-13-26-10-2-1-9-20(26)25-18/h1-13,27H,(H,24,28)",34253,Oc1cccc2C=C(C(=O)Nc3cccc(c3)c4cn5ccccc5n4)C(=O)Oc12,NA
Input,AZD-8055,-0.22699787,InputSig,NA,NA,LINCSCP_36534,MCF7,0.1uM,24h,breast,MTOR inhibitor,MTOR,KVLFRAWTRWDEDF-IRXDYDNUSA-N,"InChI=1S/C25H31N5O4/c1-16-14-33-10-8-29(16)24-20-5-6-21(18-4-7-22(32-3)19(12-18)13-31)26-23(20)27-25(28-24)30-9-11-34-15-17(30)2/h4-7,12,16-17,31H,8-11,13-15H2,1-3H3/t16-,17-/m0/s1",36801,COc1ccc(cc1CO)c2ccc3c(nc(nc3n2)N4CCOC[C@@H]4C)N5CCOC[C@@H]5C,1
Input,Josamycin,-0.22692711,InputSig,NA,NA,LINCSCP_101190,HELA,10uM,24h,large intestine,NA,NA,UKNSBNVKSFTZOJ-NGVXBBESSA-N,"InChI=1S/C42H69NO15/c1-23(2)19-33(48)58-42(8)22-34(53-27(6)40(42)50)56-37-26(5)54-41(36(49)35(37)43(9)10)57-38-29(17-18-44)20-24(3)30(46)16-14-12-13-15-25(4)52-32(47)21-31(39(38)51-11)55-28(7)45/h12-14,16,18,23-27,29-31,34-41,46,49-50H,15,17,19-22H2,1-11H3/b13-12+,16-14+/t24-,25-,26-,27+,29+,30+,31-,34+,35-,36-,37-,38+,39+,40+,41+,42-/m1/s1",27225,CO[C@H]1[C@@H](CC(=O)O[C@H](C)C\C=C\C=C\[C@H](O)[C@H](C)C[C@H](CC=O)[C@@H]1O[C@@H]2O[C@H](C)[C@@H](O[C@H]3C[C@@](C)(OC(=O)CC(C)C)[C@@H](O)[C@H](C)O3)[C@@H]([C@H]2O)N(C)C)OC(=O)C,NA
Input,Pyridostigmine,-0.22692261,InputSig,NA,NA,LINCSCP_91985,HA1E,3.33uM,24h,kidney epithelial,Cholinesterase inhibitor,ACHE,RVOLLAQWKVFTGE-UHFFFAOYSA-N,"InChI=1S/C9H13N2O2/c1-10(2)9(12)13-8-5-4-6-11(3)7-8/h4-7H,1-3H3/q+1",36502,CN(C)C(=O)Oc1ccc[n+](C)c1,4
Input,"Epothilone B (EPO906, Patupilone)",-0.22690602000000001,InputSig,NA,NA,LINCSCP_78552,A375,1.11uM,24h,skin,NA,NA,QXRSDHAAWVKZLJ-AXCXJGFASA-N,"InChI=1S/C27H41NO6S/c1-15-9-8-10-27(7)22(34-27)12-20(16(2)11-19-14-35-18(4)28-19)33-23(30)13-21(29)26(5,6)25(32)17(3)24(15)31/h11,14-15,17,20-22,24,29,31H,8-10,12-13H2,1-7H3/b16-11+/t15-,17+,20+,21+,22-,24-,27+/m0/s1",27199,C[C@H]1CCC[C@@]2(C)O[C@H]2C[C@@H](OC(=O)C[C@@H](O)C(C)(C)C(=O)[C@H](C)[C@H]1O)\C(=C\c3csc(C)n3)\C,NA
Input,BDBM50127227,-0.22689623,InputSig,NA,NA,LINCSCP_376,A375,10uM,24h,skin,Farnesyltransferase inhibitor|NFkB pathway inhibitor,FNTA|IKBKB,XIZGHTZLVCHYJN-MVTGTTCWSA-N,"InChI=1S/C31H38N2O7/c1-5-6-11-19(2)16-20(3)17-21(4)30(38)32-22-18-31(39,29-28(40-29)27(22)37)15-10-8-7-9-12-25(36)33-26-23(34)13-14-24(26)35/h7-10,12,15-19,26,28-29,39H,5-6,11,13-14H2,1-4H3,(H,32,38)(H,33,36)/b8-7+,12-9+,15-10+,20-16+,21-17+/t19-,28-,29-,31+/m1/s1",25679,CCCC[C@@H](C)\C=C(/C)\C=C(/C)\C(=O)NC1=C[C@@](O)(\C=C\C=C\C=C\C(=O)NC2C(=O)CCC2=O)[C@@H]3O[C@@H]3C1=O,NA
Input,BRD-K41761879,-0.2268523,InputSig,NA,NA,LINCSCP_60376,VCAP,5uM,24h,prostate,NA,NA,CFEPXBTYRQWTEY-MSYCTHLASA-N,"InChI=1S/C25H36N4O6S2/c1-18-13-29(19(2)16-30)36(31,32)24-11-10-21(20-8-6-5-7-9-20)12-22(24)35-23(18)14-28(4)37(33,34)25-15-27(3)17-26-25/h8,10-12,15,17-19,23,30H,5-7,9,13-14,16H2,1-4H3/t18-,19+,23+/m1/s1",660,C[C@@H](CO)N1C[C@@H](C)[C@H](CN(C)S(=O)(=O)c2cn(C)cn2)Oc3cc(ccc3S1(=O)=O)C4=CCCCC4,NA
Input,Sorafenib,-0.22682527,InputSig,NA,NA,LINCSCP_13,A375,10uM,24h,skin,FLT3 inhibitor|KIT inhibitor|PDGFR tyrosine kinase receptor inhibitor|RAF inhibitor|RET tyrosine kinase inhibitor|VEGFR inhibitor,BRAF|DDR2|FGFR1|FLT1|FLT3|FLT4|KDR|KIT|PDGFRB|RAF1|RET,MLDQJTXFUGDVEO-UHFFFAOYSA-N,"InChI=1S/C21H16ClF3N4O3/c1-26-19(30)18-11-15(8-9-27-18)32-14-5-2-12(3-6-14)28-20(31)29-13-4-7-17(22)16(10-13)21(23,24)25/h2-11H,1H3,(H,26,30)(H2,28,29,31)",16626,CNC(=O)c1cc(Oc2ccc(NC(=O)Nc3ccc(Cl)c(c3)C(F)(F)F)cc2)ccn1,4
Input,BRD-K39092862-001-01-2,-0.2267224,InputSig,NA,NA,LINCSCP_186563,A375,10uM,24h,skin,NA,NA,FQHHBQGTLDJKSJ-PCCBWWKXSA-N,"InChI=1S/C22H33N3O3/c1-15(2)23-22(28)24(18-11-7-8-12-18)13-19-21(17-9-5-4-6-10-17)20(14-26)25(19)16(3)27/h4-6,9-10,15,18-21,26H,7-8,11-14H2,1-3H3,(H,23,28)/t19-,20-,21+/m0/s1",32707,CC(C)NC(=O)N(C[C@H]1[C@H]([C@H](CO)N1C(=O)C)c2ccccc2)C3CCCC3,NA
Input,AC1NWAO0,-0.22662562,InputSig,NA,NA,LINCSCP_408,A375,10uM,6h,skin,Adrenergic receptor agonist,ADRB2,BMUKKTUHUDJSNZ-JRSKDTKFSA-N,"InChI=1S/C18H23NO3/c1-13(12-22-17-6-4-3-5-7-17)19-14(2)18(21)15-8-10-16(20)11-9-15/h3-11,13-14,18-21H,12H2,1-2H3/t13?,14?,18-/m0/s1",22144,CC(COc1ccccc1)NC(C)[C@H](O)c2ccc(O)cc2,NA
Input,Methyl 7-desoxypurpurogallin-7-carboxylate trimethyl ether,-0.22661283,InputSig,NA,NA,LINCSCP_18118,HCC515,10uM,6h,lung,NA,NA,MCWFXQXXVFZOIE-UHFFFAOYSA-N,"InChI=1S/C16H16O6/c1-19-11-6-5-9-7-10(16(18)22-4)8-12(20-2)14(17)13(9)15(11)21-3/h5-8H,1-4H3",18207,COC(=O)C1=Cc2ccc(OC)c(OC)c2C(=O)C(=C1)OC,NA
Input,"Estra-1,3,5(10),7-tetraen-17-one, 3-hydroxy-",-0.22653315,InputSig,NA,NA,LINCSCP_241754,MCF7,10uM,6h,breast,Estrogen receptor agonist,HSD17B1,WKRLQDKEXYKHJB-UHFFFAOYSA-N,"InChI=1S/C18H20O2/c1-18-9-8-14-13-5-3-12(19)10-11(13)2-4-15(14)16(18)6-7-17(18)20/h3-5,10,14,16,19H,2,6-9H2,1H3",35434,CC12CCC3C(=CCc4cc(O)ccc34)C1CCC2=O,NA
Input,Aminopurvalanol,-0.2263879,InputSig,NA,NA,LINCSCP_50277,PHH,50uM,24h,NA,CDK inhibitor|Tyrosine kinase inhibitor,CDK1|CDK2|CDK5,RAMROQQYRRQPDL-HNNXBMFYSA-N,"InChI=1S/C19H26ClN7O/c1-10(2)15(8-28)24-19-25-17(23-14-6-12(20)5-13(21)7-14)16-18(26-19)27(9-22-16)11(3)4/h5-7,9-11,15,28H,8,21H2,1-4H3,(H2,23,24,25,26)/t15-/m0/s1",35497,CC(C)[C@H](CO)Nc1nc(Nc2cc(N)cc(Cl)c2)c3ncn(C(C)C)c3n1,NA
Input,Phensuximide,-0.22626661,InputSig,NA,NA,LINCSCP_89962,HA1E,3.33uM,24h,kidney epithelial,Succinimide antiepileptic,CACNA1G|CACNA1H|CACNA1I,WLWFNJKHKGIJNW-UHFFFAOYSA-N,"InChI=1S/C11H11NO2/c1-12-10(13)7-9(11(12)14)8-5-3-2-4-6-8/h2-6,9H,7H2,1H3",15195,CN1C(=O)CC(C1=O)c2ccccc2,4
Input,BRD-K64380185,-0.22626425,InputSig,NA,NA,LINCSCP_62306,VCAP,5uM,24h,prostate,NA,NA,TVZJESBMTOHXDE-YZBYQZESSA-N,"InChI=1S/C23H28N2O6S/c1-32(28,29)25-16-7-8-20-18(11-16)19-12-17(30-21(14-26)23(19)31-20)13-22(27)24-10-9-15-5-3-2-4-6-15/h2-8,11,17,19,21,23,25-26H,9-10,12-14H2,1H3,(H,24,27)/t17-,19-,21+,23+/m1/s1",24890,CS(=O)(=O)Nc1ccc2O[C@@H]3[C@H](CO)O[C@@H](CC(=O)NCCc4ccccc4)C[C@@H]3c2c1,NA
Input,Alaproclate,-0.22623364,InputSig,NA,NA,LINCSCP_61,A375,10uM,6h,skin,Serotonin receptor antagonist,SLC6A4,FZSPJBYOKQPKCD-UHFFFAOYSA-N,"InChI=1S/C13H18ClNO2/c1-9(15)12(16)17-13(2,3)8-10-4-6-11(14)7-5-10/h4-7,9H,8,15H2,1-3H3",22907,CC(N)C(=O)OC(C)(C)Cc1ccc(Cl)cc1,NA
Input,AMBCB17415880,-0.22615841,InputSig,NA,NA,LINCSCP_242405,MCF7,10uM,24h,breast,NA,NA,UXMBDCCKVYUUQS-UHFFFAOYSA-N,"InChI=1S/C22H27N5O/c1-14-8-9-18(10-15(14)2)27-21-7-5-6-20(19(21)12-23-27)24-22(28)13-26-17(4)11-16(3)25-26/h8-12,20H,5-7,13H2,1-4H3,(H,24,28)",3424,Cc1cc(C)n(CC(=O)NC2CCCc3c2cnn3c4ccc(C)c(C)c4)n1,NA
Input,EX-8678,-0.22612571,InputSig,NA,NA,LINCSCP_145924,MDAMB231,0.37uM,3h,NA,MTOR inhibitor|PI3K inhibitor,NA,NPPBBAURRJGWEH-UHFFFAOYSA-N,"InChI=1S/C25H17F2N5O3S/c1-35-25-24(32-36(33,34)23-5-3-17(26)13-21(23)27)19(8-10-29-25)15-2-4-22-20(12-15)18(7-9-28-22)16-6-11-30-31-14-16/h2-14,32H,1H3",25592,COc1nccc(c1NS(=O)(=O)c2ccc(F)cc2F)c3ccc4nccc(c5ccnnc5)c4c3,NA
Input,BMS-794833,-0.22610139,InputSig,NA,NA,LINCSCP_154136,PC3,1.11uM,24h,prostate,NA,NA,PDYXPCKITKHFOZ-UHFFFAOYSA-N,"InChI=1S/C23H15ClF2N4O3/c24-20-19(7-8-29-22(20)27)33-18-6-5-14(9-17(18)26)30-23(32)16-11-28-10-15(21(16)31)12-1-3-13(25)4-2-12/h1-11H,(H2,27,29)(H,28,31)(H,30,32)",27064,Nc1nccc(Oc2ccc(NC(=O)C3=CNC=C(C3=O)c4ccc(F)cc4)cc2F)c1Cl,NA
Input,BRD-K14602451,-0.22606815,InputSig,NA,NA,LINCSCP_60108,VCAP,5uM,6h,prostate,NA,NA,ZKVMCHGVVVSISB-XMERXJNXSA-N,"InChI=1S/C28H33N3O6S/c1-19-16-31(20(2)18-32)38(34,35)27-12-11-21(23-9-5-6-10-24(23)36-4)14-25(27)37-26(19)17-30(3)28(33)22-8-7-13-29-15-22/h5-15,19-20,26,32H,16-18H2,1-4H3/t19-,20-,26-/m1/s1",23544,COc1ccccc1c2ccc3c(O[C@H](CN(C)C(=O)c4cccnc4)[C@H](C)CN([C@H](C)CO)S3(=O)=O)c2,NA
Input,BRD-K91946056,-0.22566966,InputSig,NA,NA,LINCSCP_3372,A375,5uM,24h,skin,NA,NA,XNACUZIZQDXWGE-OBSHWXBWSA-N,"InChI=1S/C25H30FN3O2/c1-2-5-18-6-8-19(9-7-18)24-22-16-28(14-3-4-15-29(22)23(24)17-30)25(31)27-21-12-10-20(26)11-13-21/h2,5-13,22-24,30H,3-4,14-17H2,1H3,(H,27,31)/b5-2+/t22-,23+,24-/m0/s1",4864,C\C=C\c1ccc(cc1)[C@@H]2[C@@H](CO)N3CCCCN(C[C@@H]23)C(=O)Nc4ccc(F)cc4,NA
Input,Acifran,-0.22553466,InputSig,NA,NA,LINCSCP_120908,HT29,0.37uM,24h,large intestine,NA,NA,DFDGRKNOFOJBAJ-UHFFFAOYSA-N,"InChI=1S/C12H10O4/c1-12(8-5-3-2-4-6-8)10(13)7-9(16-12)11(14)15/h2-7H,1H3,(H,14,15)",27045,CC1(OC(=CC1=O)C(=O)O)c2ccccc2,NA
Input,BRD-K06550805,-0.22551589,InputSig,NA,NA,LINCSCP_62760,VCAP,5uM,24h,prostate,NA,NA,OEVRCWMHWGKQED-IXFSTUDKSA-N,"InChI=1S/C24H33ClFN3O3/c1-17(13-29(18(2)16-30)14-19-7-5-6-8-22(19)25)23(32-4)15-28(3)24(31)27-21-11-9-20(26)10-12-21/h5-12,17-18,23,30H,13-16H2,1-4H3,(H,27,31)/t17-,18+,23-/m0/s1",23124,CO[C@@H](CN(C)C(=O)Nc1ccc(F)cc1)[C@@H](C)CN(Cc2ccccc2Cl)[C@H](C)CO,NA
Input,Glycocholic acid,-0.22546986,InputSig,NA,NA,LINCSCP_14749,HA1E,10uM,24h,kidney epithelial,Cholesterol inhibitor,NA,RFDAIACWWDREDC-FRVQLJSFSA-N,"InChI=1S/C26H43NO6/c1-14(4-7-22(31)27-13-23(32)33)17-5-6-18-24-19(12-21(30)26(17,18)3)25(2)9-8-16(28)10-15(25)11-20(24)29/h14-21,24,28-30H,4-13H2,1-3H3,(H,27,31)(H,32,33)/t14-,15+,16-,17-,18+,19+,20-,21+,24+,25+,26-/m1/s1",15738,C[C@H](CCC(=O)NCC(=O)O)[C@H]1CC[C@H]2[C@@H]3[C@H](O)C[C@@H]4C[C@H](O)CC[C@]4(C)[C@H]3C[C@H](O)[C@]12C,NA
Input,H-9,-0.22546581,InputSig,NA,NA,LINCSCP_58838,VCAP,10uM,24h,prostate,PKA inhibitor,PRKACA,NA,NA,NA,NA,NA
Input,BRD-A28746609,-0.22544942,InputSig,NA,NA,LINCSCP_169350,YAPC,10uM,24h,pancreas,Tubulin inhibitor,NR1I2|TUBB,NA,NA,NA,NA,NA
Input,Valsartan,-0.22544532,InputSig,NA,NA,LINCSCP_77470,A375,0.04uM,24h,skin,Angiotensin receptor antagonist,AGTR1,ACWBQPMHZXGDFX-QFIPXVFZSA-N,"InChI=1S/C24H29N5O3/c1-4-5-10-21(30)29(22(16(2)3)24(31)32)15-17-11-13-18(14-12-17)19-8-6-7-9-20(19)23-25-27-28-26-23/h6-9,11-14,16,22H,4-5,10,15H2,1-3H3,(H,31,32)(H,25,26,27,28)/t22-/m0/s1",15661,CCCCC(=O)N(Cc1ccc(cc1)c2ccccc2c3nn[nH]n3)[C@@H](C(C)C)C(=O)O,4
Input,CHEMBL3182073,-0.22541797,InputSig,NA,NA,LINCSCP_60177,VCAP,5uM,24h,prostate,NA,NA,NJKSHKHIQBEBBM-UXWDXCIHSA-N,"InChI=1S/C30H39N3O7S/c1-22-18-33(23(2)21-34)41(36,37)29-12-9-25(6-5-24-7-10-26(38-4)11-8-24)17-27(29)40-28(22)19-31(3)30(35)20-32-13-15-39-16-14-32/h7-12,17,22-23,28,34H,13-16,18-21H2,1-4H3/t22-,23-,28+/m0/s1",16730,COc1ccc(cc1)C#Cc2ccc3c(O[C@H](CN(C)C(=O)CN4CCOCC4)[C@@H](C)CN([C@@H](C)CO)S3(=O)=O)c2,NA
Input,SPECTRUM1505012,-0.22541556,InputSig,NA,NA,LINCSCP_97573,HA1E,1.11uM,24h,kidney epithelial,Aromatase inhibitor,CYP19A1,BFYIZQONLCFLEV-VQIOPMHJSA-N,"InChI=1S/C20H24O2/c1-12-10-14-15-4-5-18(22)20(15,3)9-7-16(14)19(2)8-6-13(21)11-17(12)19/h6,8,11,14-16H,1,4-5,7,9-10H2,2-3H3/t14?,15?,16?,19-,20+/m1/s1",449,C[C@]12CCC3C(CC(=C)C4=CC(=O)C=C[C@]34C)C1CCC2=O,NA
Input,BRD-K77644833,-0.22540722,InputSig,NA,NA,LINCSCP_59697,VCAP,5uM,24h,prostate,NA,NA,SUHQAMSFJCSMJM-CUAXAMRHSA-N,"InChI=1S/C30H36F3N5O5/c1-17-13-38(18(2)16-39)28(40)24-12-23(34-29(41)35-27-19(3)36-43-20(27)4)10-11-25(24)42-26(17)15-37(5)14-21-6-8-22(9-7-21)30(31,32)33/h6-12,17-18,26,39H,13-16H2,1-5H3,(H2,34,35,41)/t17-,18+,26+/m0/s1",13555,C[C@H](CO)N1C[C@H](C)[C@@H](CN(C)Cc2ccc(cc2)C(F)(F)F)Oc3ccc(NC(=O)Nc4c(C)onc4C)cc3C1=O,NA
Input,BRD-K74864389,-0.22523465,InputSig,NA,NA,LINCSCP_59695,VCAP,5uM,24h,prostate,NA,NA,LOSHTFMJKXKCOQ-QZMQVMSPSA-N,"InChI=1S/C25H33N3O7S/c1-16-11-28(17(2)14-29)25(30)19-6-5-7-20(26-36(4,31)32)24(19)35-23(16)13-27(3)12-18-8-9-21-22(10-18)34-15-33-21/h5-10,16-17,23,26,29H,11-15H2,1-4H3/t16-,17-,23+/m1/s1",13485,C[C@H](CO)N1C[C@@H](C)[C@H](CN(C)Cc2ccc3OCOc3c2)Oc4c(NS(=O)(=O)C)cccc4C1=O,NA
Input,Lacidipine,-0.22517612,InputSig,NA,NA,LINCSCP_5691,A549,10uM,24h,lung,Calcium channel blocker,CACNA1C,BGYJFSXPRMOZJK-CCEZHUSRSA-N,"InChI=1S/C26H33NO6/c1-8-31-24(29)21-16(3)27-17(4)22(25(30)32-9-2)23(21)19-13-11-10-12-18(19)14-15-20(28)33-26(5,6)7/h10-15,21,23H,8-9H2,1-7H3/b15-14+",1593,CCOC(=O)C1C(C(=C(C)N=C1C)C(=O)OCC)c2ccccc2\C=C\C(=O)OC(C)(C)C,NA
Input,Lacidipine,-0.22517612,InputSig,NA,NA,LINCSCP_5691,A549,10uM,24h,lung,Calcium channel blocker,CACNA1C,GKQPCPXONLDCMU-CCEZHUSRSA-N,"InChI=1S/C26H33NO6/c1-8-31-24(29)21-16(3)27-17(4)22(25(30)32-9-2)23(21)19-13-11-10-12-18(19)14-15-20(28)33-26(5,6)7/h10-15,23,27H,8-9H2,1-7H3/b15-14+",27211,CCOC(=O)C1=C(C)NC(=C(C1c2ccccc2\C=C\C(=O)OC(C)(C)C)C(=O)OCC)C,4
Input,Disopyramide,-0.22517603,InputSig,NA,NA,LINCSCP_89607,HA1E,0.04uM,24h,kidney epithelial,Sodium channel alpha subunit blocker,SCN10A|SCN11A|SCN1A|SCN2A|SCN3A|SCN4A|SCN5A|SCN7A|SCN8A|SCN9A,UVTNFZQICZKOEM-UHFFFAOYSA-N,"InChI=1S/C21H29N3O/c1-16(2)24(17(3)4)15-13-21(20(22)25,18-10-6-5-7-11-18)19-12-8-9-14-23-19/h5-12,14,16-17H,13,15H2,1-4H3,(H2,22,25)",15215,CC(C)N(CCC(C(=O)N)(c1ccccc1)c2ccccn2)C(C)C,4
Input,BRD-K88180879,-0.22513951,InputSig,NA,NA,LINCSCP_34990,MCF7,5uM,24h,breast,NA,NA,KFDLRFOLOVMTJG-UCFCWBNQSA-N,"InChI=1S/C27H35N5O6/c1-16-21(14-31(2)30-16)29-25(33)13-19-5-6-22-24(38-19)15-37-23-7-4-18(12-20(23)27(35)32(22)3)28-26(34)17-8-10-36-11-9-17/h4,7,12,14,17,19,22,24H,5-6,8-11,13,15H2,1-3H3,(H,28,34)(H,29,33)/t19-,22+,24+/m1/s1",4520,CN1[C@H]2CC[C@H](CC(=O)Nc3cn(C)nc3C)O[C@H]2COc4ccc(NC(=O)C5CCOCC5)cc4C1=O,NA
Input,SB743921,-0.22491237,InputSig,NA,NA,LINCSCP_78558,A375,1.11uM,24h,skin,NA,NA,PGXYIBJJCLWJST-MUUNZHRXSA-N,"InChI=1S/C31H33ClN2O3/c1-20(2)28(34(17-7-16-33)31(36)23-12-10-21(3)11-13-23)30-26(18-22-8-5-4-6-9-22)29(35)25-15-14-24(32)19-27(25)37-30/h4-6,8-15,19-20,28H,7,16-18,33H2,1-3H3/t28-/m1/s1",26975,CC(C)[C@@H](N(CCCN)C(=O)c1ccc(C)cc1)C2=C(Cc3ccccc3)C(=O)c4ccc(Cl)cc4O2,NA
Input,"N-(4-Bromophenyl)-2-{[5-(2-chlorophenyl)-4-phenyl-4H-1,2,4-triazol-3-yl]sulfanyl}acetamide",-0.22488949,InputSig,NA,NA,LINCSCP_6355,A549,10uM,24h,lung,NA,NA,OZKZBESQIKFNJU-UHFFFAOYSA-N,"InChI=1S/C22H16BrClN4OS/c23-15-10-12-16(13-11-15)25-20(29)14-30-22-27-26-21(18-8-4-5-9-19(18)24)28(22)17-6-2-1-3-7-17/h1-13H,14H2,(H,25,29)",1402,Clc1ccccc1c2nnc(SCC(=O)Nc3ccc(Br)cc3)n2c4ccccc4,NA
Input,"Triazine Scaffold, 39",-0.22481845,InputSig,NA,NA,LINCSCP_291948,VCAP,10uM,24h,prostate,NA,NA,DHTBCMKUVOXAGA-UHFFFAOYSA-N,"InChI=1S/C16H19F3N6O2/c17-16(18,19)27-12-6-2-1-5-11(12)21-14-22-13(20-7-10-26)23-15(24-14)25-8-3-4-9-25/h1-2,5-6,26H,3-4,7-10H2,(H2,20,21,22,23,24)",15853,OCCNc1nc(Nc2ccccc2OC(F)(F)F)nc(n1)N3CCCC3,NA
Input,Oleoylethanolamide,-0.22480386,InputSig,NA,NA,LINCSCP_22574,HEPG2,10uM,6h,liver,Cannabinoid receptor agonist|Glucose dependent insulinotropic receptor agonist|Potassium channel blocker|PPAR receptor agonist,GPR119|PPARA,BOWVQLFMWHZBEF-KTKRTIGZSA-N,"InChI=1S/C20H39NO2/c1-2-3-4-5-6-7-8-9-10-11-12-13-14-15-16-17-20(23)21-18-19-22/h9-10,22H,2-8,11-19H2,1H3,(H,21,23)/b10-9-",17542,CCCCCCCC\C=C/CCCCCCCC(=O)NCCO,NA
Input,Tomelukast,-0.22477629,InputSig,NA,NA,LINCSCP_109498,HELA,0.33uM,24h,large intestine,Leukotriene receptor antagonist,CYSLTR1,MWYHLEQJTQJHSS-UHFFFAOYSA-N,"InChI=1S/C16H22N4O3/c1-3-6-13-14(9-8-12(11(2)21)16(13)22)23-10-5-4-7-15-17-19-20-18-15/h8-9,22H,3-7,10H2,1-2H3,(H,17,18,19,20)",32428,CCCc1c(O)c(ccc1OCCCCc2nnn[nH]2)C(=O)C,NA
Input,SMR000200744,-0.22469528,InputSig,NA,NA,LINCSCP_178216,A375,10uM,6h,skin,NA,NA,NYYDIRAMLLWGJX-UHFFFAOYSA-N,"InChI=1S/C27H23N5O4S/c1-16-12-17(2)26-21(13-16)22(15-24(30-26)23-6-4-5-11-28-23)27(33)29-19-7-9-20(10-8-19)37(34,35)32-25-14-18(3)36-31-25/h4-15H,1-3H3,(H,29,33)(H,31,32)",35663,Cc1onc(NS(=O)(=O)c2ccc(NC(=O)c3cc(nc4c(C)cc(C)cc34)c5ccccn5)cc2)c1,NA
Input,BRD-K11689127,-0.22463441,InputSig,NA,NA,LINCSCP_249155,MCF7,5uM,24h,breast,NA,NA,FIDLKJOXSFLNIK-DEOSSOPVSA-N,"InChI=1S/C28H37N5O3/c1-19(2)30-27(35)32-12-9-28(10-13-32)18-33(16-20-6-5-11-29-15-20)24(17-34)26-25(28)22-8-7-21(36-4)14-23(22)31(26)3/h5-8,11,14-15,19,24,34H,9-10,12-13,16-18H2,1-4H3,(H,30,35)/t24-/m0/s1",11872,COc1ccc2c3c([C@H](CO)N(Cc4cccnc4)CC35CCN(CC5)C(=O)NC(C)C)n(C)c2c1,NA
Input,CHEMBL1700681,-0.22459926,InputSig,NA,NA,LINCSCP_5312,A549,10uM,6h,lung,NA,NA,FYMHBWNKWMMBPY-UHFFFAOYSA-N,"InChI=1S/C17H16N4O3/c1-10-7-11(2)21-16(19-10)13(9-18-21)17(22)20-12-3-4-14-15(8-12)24-6-5-23-14/h3-4,7-9H,5-6H2,1-2H3,(H,20,22)",36034,Cc1cc(C)n2ncc(C(=O)Nc3ccc4OCCOc4c3)c2n1,NA
Input,BRD-K76418961,-0.22453423,InputSig,NA,NA,LINCSCP_59977,VCAP,5uM,6h,prostate,NA,NA,NHCHRXXZNQAEEO-WDCWYOMISA-N,"InChI=1S/C33H39N5O4/c1-22-17-38(23(2)21-39)33(41)28-16-26(35-32(40)15-25-19-37(4)29-8-6-5-7-27(25)29)9-10-30(28)42-31(22)20-36(3)18-24-11-13-34-14-12-24/h5-14,16,19,22-23,31,39H,15,17-18,20-21H2,1-4H3,(H,35,40)/t22-,23-,31+/m0/s1",13528,C[C@@H](CO)N1C[C@H](C)[C@@H](CN(C)Cc2ccncc2)Oc3ccc(NC(=O)Cc4cn(C)c5ccccc45)cc3C1=O,NA
Input,"Ethyl 2-amino-1-cyclohexyl-1H-pyrrolo[2,3-b]quinoxaline-3-carboxylate",-0.2245285,InputSig,NA,NA,LINCSCP_2184,A375,10uM,6h,skin,NA,NA,PSQUYVWVHWNPIG-UHFFFAOYSA-N,"InChI=1S/C19H22N4O2/c1-2-25-19(24)15-16-18(22-14-11-7-6-10-13(14)21-16)23(17(15)20)12-8-4-3-5-9-12/h6-7,10-12H,2-5,8-9,20H2,1H3",22239,CCOC(=O)c1c(N)n(C2CCCCC2)c3nc4ccccc4nc13,NA
Input,168279-54-7,-0.2245095,InputSig,NA,NA,LINCSCP_31089,MCF7,10uM,6h,breast,NA,NA,BHVLZDJJLSBOHJ-UHFFFAOYSA-N,"InChI=1S/C12H14O3S2/c1-3-15-11(14)10-7-5-4-6-8(13)9(7)12(16-2)17-10/h3-6H2,1-2H3",15948,CCOC(=O)c1sc(SC)c2C(=O)CCCc12,NA
Input,Pimasertib,-0.22450328,InputSig,NA,NA,LINCSCP_20528,HCC515,10uM,6h,lung,MEK inhibitor,MAP2K1|MAP2K2,VIUAUNHCRHHYNE-JTQLQIEISA-N,"InChI=1S/C15H15FIN3O3/c16-12-5-9(17)1-2-13(12)20-14-7-18-4-3-11(14)15(23)19-6-10(22)8-21/h1-5,7,10,20-22H,6,8H2,(H,19,23)/t10-/m0/s1",36587,OC[C@@H](O)CNC(=O)c1ccncc1Nc2ccc(I)cc2F,2
Input,BRD-K21152218,-0.22443243,InputSig,NA,NA,LINCSCP_64173,VCAP,5uM,24h,prostate,NA,NA,TYGOPRMPKRHVEQ-OODISRMCSA-N,"InChI=1S/C32H47N5O6/c1-21(2)34-32(41)35-26-10-11-28-27(17-26)31(40)37(23(4)20-38)18-22(3)29(42-16-8-7-9-24(5)43-28)19-36(6)30(39)25-12-14-33-15-13-25/h10-15,17,21-24,29,38H,7-9,16,18-20H2,1-6H3,(H2,34,35,41)/t22-,23-,24+,29-/m0/s1",25498,CC(C)NC(=O)Nc1ccc2O[C@H](C)CCCCO[C@@H](CN(C)C(=O)c3ccncc3)[C@@H](C)CN([C@@H](C)CO)C(=O)c2c1,NA
Input,CDK4 Inhibitor III,-0.22439849,InputSig,NA,NA,LINCSCP_43996,PC3,10uM,24h,prostate,Histone lysine methyltransferase inhibitor,CDK4,HFPLHASLIOXVGS-UHFFFAOYSA-N,"InChI=1S/C15H12N2O2S/c1-8-3-5-10(6-4-8)17-11-7-12(18)15-13(14(11)19)16-9(2)20-15/h3-7,17H,1-2H3",35485,Cc1ccc(NC2=CC(=O)c3sc(C)nc3C2=O)cc1,NA
Input,Cobicistat (GS-9350),-0.22430226,InputSig,NA,NA,LINCSCP_120410,HT29,0.37uM,24h,large intestine,Cytochrome P450 3A inhibitor,CYP3A4|CYP3A43|CYP3A5|CYP3A7|CYP3A7-CYP3A51P,ZCIGNRJZKPOIKD-CQXVEOKZSA-N,"InChI=1S/C40H53N7O5S2/c1-29(2)38-43-34(27-53-38)25-46(3)39(49)45-36(16-17-47-18-20-51-21-19-47)37(48)42-32(22-30-10-6-4-7-11-30)14-15-33(23-31-12-8-5-9-13-31)44-40(50)52-26-35-24-41-28-54-35/h4-13,24,27-29,32-33,36H,14-23,25-26H2,1-3H3,(H,42,48)(H,44,50)(H,45,49)/t32-,33-,36+/m1/s1",26971,CC(C)c1nc(CN(C)C(=O)N[C@@H](CCN2CCOCC2)C(=O)N[C@H](CC[C@H](Cc3ccccc3)NC(=O)OCc4cncs4)Cc5ccccc5)cs1,4
Input,CHEMBL3188661,-0.22422355,InputSig,NA,NA,LINCSCP_152216,PC3,3.33uM,24h,prostate,DDR1 inhibitor,DDR1,UASQUKUDXJFTCO-UHFFFAOYSA-N,"InChI=1S/C22H17F3N4O4/c1-3-19(30)27-15-9-14(22(23,24)25)10-16(11-15)28-20(31)13-5-4-12(2)17(8-13)29-21(32)18-6-7-26-33-18/h3-11H,1H2,2H3,(H,27,30)(H,28,31)(H,29,32)",36438,Cc1ccc(cc1NC(=O)c2oncc2)C(=O)Nc3cc(NC(=O)C=C)cc(c3)C(F)(F)F,NA
Input,BRD-K88686946,-0.22421224,InputSig,NA,NA,LINCSCP_3300,A375,5uM,24h,skin,NA,NA,CYYYAXPAVULRAL-BIJSTVTOSA-N,"InChI=1S/C21H27NO7/c1-26-19(24)10-14-9-16-15-8-13(22-21(25)12-4-6-27-7-5-12)2-3-17(15)29-20(16)18(11-23)28-14/h2-3,8,12,14,16,18,20,23H,4-7,9-11H2,1H3,(H,22,25)/t14-,16-,18+,20+/m1/s1",25163,COC(=O)C[C@H]1C[C@H]2[C@H](Oc3ccc(NC(=O)C4CCOCC4)cc23)[C@H](CO)O1,NA
Input,BRD-K21374126,-0.22415431,InputSig,NA,NA,LINCSCP_41086,NEU,10uM,24h,NA,NA,NA,HYTBDRSJFLLOBU-QWFCFKBJSA-N,"InChI=1S/C21H24N2O4/c1-27-14-19(25)22-12-17-20(15-8-4-2-5-9-15)18(13-24)23(17)21(26)16-10-6-3-7-11-16/h2-11,17-18,20,24H,12-14H2,1H3,(H,22,25)/t17-,18-,20-/m1/s1",32235,COCC(=O)NC[C@@H]1[C@H]([C@@H](CO)N1C(=O)c2ccccc2)c3ccccc3,NA
Input,MLS002703112,-0.22411602,InputSig,NA,NA,LINCSCP_1817,A375,10uM,6h,skin,NA,NA,LLAPOGNBVGIRHM-UHFFFAOYSA-N,"InChI=1S/C28H26N2PS/c1-23-28(31(32,25-15-7-3-8-16-25)26-17-9-4-10-18-26)30-21-12-11-19-27(30)29(23)22-20-24-13-5-2-6-14-24/h2-19,21H,20,22H2,1H3/q+1",35756,Cc1c(n2ccccc2[n+]1CCc3ccccc3)P(=S)(c4ccccc4)c5ccccc5,NA
Input,C28H30CIN5O4S,-0.22410047,InputSig,NA,NA,LINCSCP_222863,HS578T,1uM,6h,breast,Hepatocyte growth factor receptor inhibitor|Tyrosine kinase inhibitor,MET,FPYJSJDOHRDAMT-XQNSMLJCSA-N,"InChI=1S/C28H30ClN5O4S/c1-17-25(30-18(2)26(17)28(36)34-12-10-32(3)11-13-34)16-23-22-15-21(8-9-24(22)31-27(23)35)39(37,38)33(4)20-7-5-6-19(29)14-20/h5-9,14-16,30H,10-13H2,1-4H3,(H,31,35)/b23-16+",5075,CN(c1cccc(Cl)c1)S(=O)(=O)c2ccc3NC(=O)\C(=C\c4[nH]c(C)c(C(=O)N5CCN(C)CC5)c4C)\c3c2,NA
Input,CHEMBL566722,-0.22400495,InputSig,NA,NA,LINCSCP_5030,A549,10uM,24h,lung,NA,NA,UOCWBNXQBNGWEH-UHFFFAOYSA-N,"InChI=1S/C22H16FN3O2/c23-17-3-1-2-14(8-17)11-24-22-18-9-15(4-6-19(18)25-12-26-22)16-5-7-20-21(10-16)28-13-27-20/h1-10,12H,11,13H2,(H,24,25,26)",36147,Fc1cccc(CNc2ncnc3ccc(cc23)c4ccc5OCOc5c4)c1,NA
Input,Gliquidone,-0.2239603,InputSig,NA,NA,LINCSCP_56185,VCAP,10uM,6h,prostate,Sulfonylurea,ABCC8,LLJFMFZYVVLQKT-UHFFFAOYSA-N,"InChI=1S/C27H33N3O6S/c1-27(2)23-14-11-20(36-3)17-22(23)24(31)30(25(27)32)16-15-18-9-12-21(13-10-18)37(34,35)29-26(33)28-19-7-5-4-6-8-19/h9-14,17,19H,4-8,15-16H2,1-3H3,(H2,28,29,33)",36042,COc1ccc2c(c1)C(=O)N(CCc3ccc(cc3)S(=O)(=O)NC(=O)NC4CCCCC4)C(=O)C2(C)C,4
Input,PF-04457845,-0.2239456,InputSig,NA,NA,LINCSCP_108660,HELA,3.33uM,24h,large intestine,NA,NA,BATCTBJIJJEPHM-UHFFFAOYSA-N,"InChI=1S/C23H20F3N5O2/c24-23(25,26)18-6-7-21(27-15-18)33-19-4-1-3-17(14-19)13-16-8-11-31(12-9-16)22(32)29-20-5-2-10-28-30-20/h1-7,10,13-15H,8-9,11-12H2,(H,29,30,32)",27146,FC(F)(F)c1ccc(Oc2cccc(C=C3CCN(CC3)C(=O)Nc4cccnn4)c2)nc1,NA
Input,BRD-K24885102,-0.22394427,InputSig,NA,NA,LINCSCP_59858,VCAP,5uM,24h,prostate,NA,NA,MYLZFEJTJGFFCG-MVYHEMRASA-N,"InChI=1S/C28H34N4O6S/c1-18-15-32(19(2)17-33)27(34)23-14-21(30-39(4,36)37)12-13-25(23)38-26(18)16-31(3)28(35)29-24-11-7-9-20-8-5-6-10-22(20)24/h5-14,18-19,26,30,33H,15-17H2,1-4H3,(H,29,35)/t18-,19+,26+/m1/s1",12210,C[C@@H](CO)N1C[C@@H](C)[C@H](CN(C)C(=O)Nc2cccc3ccccc23)Oc4ccc(NS(=O)(=O)C)cc4C1=O,NA
Input,BRD-K00411687,-0.22389712,InputSig,NA,NA,LINCSCP_63653,VCAP,5uM,24h,prostate,NA,NA,KOAYSPOFMXWQDS-VSYWRSJOSA-N,"InChI=1S/C25H39N3O8S/c1-33-20-4-2-5-22(14-20)37(31,32)28-16-19(29)17-35-18-24-23(28)7-6-21(36-24)15-25(30)26-8-3-9-27-10-12-34-13-11-27/h2,4-5,14,19,21,23-24,29H,3,6-13,15-18H2,1H3,(H,26,30)/t19-,21+,23+,24-/m0/s1",22469,COc1cccc(c1)S(=O)(=O)N2C[C@H](O)COC[C@@H]3O[C@@H](CC(=O)NCCCN4CCOCC4)CC[C@@H]23,NA
Input,CHEMBL2134949,-0.22379873,InputSig,NA,NA,LINCSCP_40844,NEU,10uM,24h,NA,NA,NA,UIWHTZIAIXNFGN-USUMGCFOSA-N,"InChI=1S/C40H42N6O5S/c1-25-21-46(26(2)24-47)40(50)31-7-6-10-34(44-38(49)29-15-17-30(18-16-29)39-42-19-20-52-39)36(31)51-35(25)23-45(3)22-27-11-13-28(14-12-27)37(48)43-33-9-5-4-8-32(33)41/h4-20,25-26,35,47H,21-24,41H2,1-3H3,(H,43,48)(H,44,49)/t25-,26+,35-/m1/s1",40206,C[C@@H](CO)N1C[C@@H](C)[C@@H](CN(C)Cc2ccc(cc2)C(=O)Nc3ccccc3N)Oc4c(NC(=O)c5ccc(cc5)c6nccs6)cccc4C1=O,NA
Input,Amidate,-0.22378569,InputSig,NA,NA,LINCSCP_18792,HCC515,10uM,24h,lung,GABA receptor modulator,GABRA1|GABRA2|GABRA3|GABRA4|GABRA5|GABRA6|GABRB1|GABRB2|GABRB3|GABRD|GABRE|GABRG1|GABRG2|GABRG3|GABRP|GABRQ,NPUKDXXFDDZOKR-UHFFFAOYSA-N,"InChI=1S/C14H16N2O2/c1-3-18-14(17)13-9-15-10-16(13)11(2)12-7-5-4-6-8-12/h4-11H,3H2,1-2H3",15266,CCOC(=O)c1cncn1C(C)c2ccccc2,NA
Input,MK-2866 (GTx-024),-0.22375104,InputSig,NA,NA,LINCSCP_89628,HA1E,1.11uM,24h,kidney epithelial,Androgen Receptor modulator,AR,JNGVJMBLXIUVRD-SFHVURJKSA-N,"InChI=1S/C19H14F3N3O3/c1-18(27,11-28-15-6-2-12(9-23)3-7-15)17(26)25-14-5-4-13(10-24)16(8-14)19(20,21)22/h2-8,27H,11H2,1H3,(H,25,26)/t18-/m0/s1",26647,C[C@](O)(COc1ccc(cc1)C#N)C(=O)Nc2ccc(C#N)c(c2)C(F)(F)F,3
Input,Benzbromarone,-0.22372017,InputSig,NA,NA,LINCSCP_102921,HELA,10uM,24h,large intestine,Chloride channel blocker,NA,WHQCHUCQKNIQEC-UHFFFAOYSA-N,"InChI=1S/C17H12Br2O3/c1-2-13-15(10-5-3-4-6-14(10)22-13)16(20)9-7-11(18)17(21)12(19)8-9/h3-8,21H,2H2,1H3",35524,CCc1oc2ccccc2c1C(=O)c3cc(Br)c(O)c(Br)c3,4
Input,BRD-K86947329,-0.22369825,InputSig,NA,NA,LINCSCP_49188,PC3,10uM,6h,prostate,NA,NA,FGYBIZORLGBRKO-WTBTXGFSSA-N,"InChI=1S/C35H48N4O4/c1-24-19-39(25(2)23-40)35(42)18-27-16-29(36-34(41)17-28-21-38(4)31-13-9-8-12-30(28)31)14-15-32(27)43-33(24)22-37(3)20-26-10-6-5-7-11-26/h8-9,12-16,21,24-26,33,40H,5-7,10-11,17-20,22-23H2,1-4H3,(H,36,41)/t24-,25-,33-/m1/s1",33928,C[C@H](CO)N1C[C@@H](C)[C@@H](CN(C)CC2CCCCC2)Oc3ccc(NC(=O)Cc4cn(C)c5ccccc45)cc3CC1=O,NA
Input,Carbetapentane,-0.22369223,InputSig,NA,NA,LINCSCP_252577,MCF7,3uM,24h,breast,Sigma receptor agonist,NA,CFJMRBQWBDQYMK-UHFFFAOYSA-N,"InChI=1S/C20H31NO3/c1-3-21(4-2)14-15-23-16-17-24-19(22)20(12-8-9-13-20)18-10-6-5-7-11-18/h5-7,10-11H,3-4,8-9,12-17H2,1-2H3",2835,CCN(CC)CCOCCOC(=O)C1(CCCC1)c2ccccc2,4
Input,BRD-K29407738,-0.22363974,InputSig,NA,NA,LINCSCP_65438,VCAP,10uM,6h,prostate,NA,NA,UUKRRDUZPZRNGK-JXQFQVJHSA-N,"InChI=1S/C26H33N3O5S/c1-18-15-29(19(2)17-30)35(32,33)25-9-8-22(20-6-4-5-7-20)14-23(25)34-24(18)16-28(3)26(31)21-10-12-27-13-11-21/h6,8-14,18-19,24,30H,4-5,7,15-17H2,1-3H3/t18-,19-,24-/m0/s1",32440,C[C@@H](CO)N1C[C@H](C)[C@H](CN(C)C(=O)c2ccncc2)Oc3cc(ccc3S1(=O)=O)C4=CCCC4,NA
Input,Dichloroacetic acid,-0.2236126,InputSig,NA,NA,LINCSCP_31794,MCF7,10uM,6h,breast,Pyruvate dehydrogenase kinase inhibitor,NA,JXTHNDFMNIQAHM-UHFFFAOYSA-N,"InChI=1S/C2H2Cl2O2/c3-1(4)2(5)6/h1H,(H,5,6)",35206,OC(=O)C(Cl)Cl,NA
Input,MEGXM0_000348,-0.22359011,InputSig,NA,NA,LINCSCP_239859,MCF7,10uM,24h,breast,NA,NA,GZBSICLBZYSADI-PQTPMANUSA-N,"InChI=1S/C18H23N5O9/c1-28-12-10-6(30-16(12)23-5-22-8-14(19)20-4-21-15(8)23)3-7-18(27,32-10)13(25)9(24)11(31-7)17(26)29-2/h4-7,9-13,16,24-25,27H,3H2,1-2H3,(H2,19,20,21)/t6-,7-,9-,10+,11+,12-,13+,16?,18-/m1/s1",22225,CO[C@@H]1[C@H]2O[C@]3(O)[C@@H](C[C@H]2OC1n4cnc5c(N)ncnc45)O[C@@H]([C@@H](O)[C@@H]3O)C(=O)OC,NA
Input,Fluorouracil,-0.22349403,InputSig,NA,NA,LINCSCP_10201,A549,0.001uM,6h,lung,RNA synthesis inhibitor|Thymidylate synthase inhibitor,DPYD|TYMS,GHASVSINZRGABV-UHFFFAOYSA-N,"InChI=1S/C4H3FN2O2/c5-2-1-6-4(9)7-3(2)8/h1H,(H2,6,7,8,9)",15063,FC1=CNC(=O)NC1=O,4
Input,SB705498,-0.2234824,InputSig,NA,NA,LINCSCP_95260,HA1E,1.11uM,24h,kidney epithelial,Vanilloid receptor antagonist,TRPV1,JYILLRHXRVTRSH-GFCCVEGCSA-N,"InChI=1S/C17H16BrF3N4O/c18-13-3-1-2-4-14(13)24-16(26)23-12-7-8-25(10-12)15-6-5-11(9-22-15)17(19,20)21/h1-6,9,12H,7-8,10H2,(H2,23,24,26)/t12-/m1/s1",26702,FC(F)(F)c1ccc(nc1)N2CC[C@H](C2)NC(=O)Nc3ccccc3Br,2
Input,N6-Cyclopentyladenosine,-0.22346022,InputSig,NA,NA,LINCSCP_464,A375,10uM,6h,skin,Adenosine receptor agonist,ADORA1|ADORA2A|ADORA2B,SQMWSBKSHWARHU-UHFFFAOYSA-N,"InChI=1S/C15H21N5O4/c21-5-9-11(22)12(23)15(24-9)20-7-18-10-13(16-6-17-14(10)20)19-8-3-1-2-4-8/h6-9,11-12,15,21-23H,1-5H2,(H,16,17,19)",2151,OCC1OC(C(O)C1O)n2cnc3c(NC4CCCC4)ncnc23,NA
Input,BRD-K95041551,-0.22333298,InputSig,NA,NA,LINCSCP_35262,MCF7,10uM,24h,breast,NA,NA,YSDDRAAKFDNITG-LDTOTXGLSA-N,"InChI=1S/C22H27N3O4/c1-15(16-6-3-2-4-7-16)24-21(27)12-18-9-10-19(20(14-26)29-18)25-22(28)17-8-5-11-23-13-17/h2-8,11,13,15,18-20,26H,9-10,12,14H2,1H3,(H,24,27)(H,25,28)/t15-,18+,19-,20-/m0/s1",24143,C[C@H](NC(=O)C[C@H]1CC[C@H](NC(=O)c2cccnc2)[C@H](CO)O1)c3ccccc3,NA
Input,CHEMBL2131967,-0.2232976,InputSig,NA,NA,LINCSCP_6292,A549,10uM,6h,lung,NA,NA,UIWHTZIAIXNFGN-XLCATFGMSA-N,"InChI=1S/C40H42N6O5S/c1-25-21-46(26(2)24-47)40(50)31-7-6-10-34(44-38(49)29-15-17-30(18-16-29)39-42-19-20-52-39)36(31)51-35(25)23-45(3)22-27-11-13-28(14-12-27)37(48)43-33-9-5-4-8-32(33)41/h4-20,25-26,35,47H,21-24,41H2,1-3H3,(H,43,48)(H,44,49)/t25-,26+,35+/m0/s1",19861,C[C@H](CO)N1C[C@H](C)[C@@H](CN(C)Cc2ccc(cc2)C(=O)Nc3ccccc3N)Oc4c(NC(=O)c5ccc(cc5)c6nccs6)cccc4C1=O,NA
Input,Chelerythrine,-0.2232426,InputSig,NA,NA,LINCSCP_149215,NPC,0.12uM,24h,neural progenitor cells,NA,NA,LLEJIEBFSOEYIV-UHFFFAOYSA-N,"InChI=1S/C21H18NO4/c1-22-10-16-13(6-7-17(23-2)21(16)24-3)14-5-4-12-8-18-19(26-11-25-18)9-15(12)20(14)22/h4-10H,11H2,1-3H3/q+1",37899,COc1ccc2c(c[n+](C)c3c2ccc4cc5OCOc5cc34)c1OC,NA
Input,BRD-K28782753,-0.22321623,InputSig,NA,NA,LINCSCP_65137,VCAP,10uM,6h,prostate,NA,NA,PFGGMAQKPUGENT-OAQYLSRUSA-N,"InChI=1S/C25H31N3O4S/c1-17-4-7-19(8-5-17)33(30,31)28-12-10-25(11-13-28)16-26-21(15-29)24-23(25)20-9-6-18(32-3)14-22(20)27(24)2/h4-9,14,21,26,29H,10-13,15-16H2,1-3H3/t21-/m1/s1",12321,COc1ccc2c3c([C@@H](CO)NCC34CCN(CC4)S(=O)(=O)c5ccc(C)cc5)n(C)c2c1,NA
Input,Sulfadoxine,-0.22310785,InputSig,NA,NA,LINCSCP_136921,MCF7,3.33uM,24h,breast,Dihydropteroate synthase inhibitor,NA,PJSFRIWCGOHTNF-UHFFFAOYSA-N,"InChI=1S/C12H14N4O4S/c1-19-10-11(14-7-15-12(10)20-2)16-21(17,18)9-5-3-8(13)4-6-9/h3-7H,13H2,1-2H3,(H,14,15,16)",36494,COc1ncnc(NS(=O)(=O)c2ccc(N)cc2)c1OC,4
Input,TORIN-2,-0.22309514,InputSig,NA,NA,LINCSCP_58921,VCAP,10uM,24h,prostate,MTOR inhibitor,MTOR,GUXXEUUYCAYESJ-UHFFFAOYSA-N,"InChI=1S/C24H15F3N4O/c25-24(26,27)17-2-1-3-18(11-17)31-22(32)9-6-16-13-29-20-7-4-14(10-19(20)23(16)31)15-5-8-21(28)30-12-15/h1-13H,(H2,28,30)",7104,Nc1ccc(cn1)c2ccc3ncc4C=CC(=O)N(c5cccc(c5)C(F)(F)F)c4c3c2,NA
Input,BRD-K65959597,-0.22308878,InputSig,NA,NA,LINCSCP_65324,VCAP,10uM,24h,prostate,NA,NA,AWJKRLHTWHRSHK-FHIAQFFBSA-N,"InChI=1S/C43H58F3N5O6/c1-29-25-51(30(2)28-52)42(55)35-24-34(48-40(53)15-6-5-7-16-41(54)49-37-14-9-8-13-36(37)47)21-22-38(35)57-31(3)12-10-11-23-56-39(29)27-50(4)26-32-17-19-33(20-18-32)43(44,45)46/h8-9,13-14,17-22,24,29-31,39,52H,5-7,10-12,15-16,23,25-28,47H2,1-4H3,(H,48,53)(H,49,54)/t29-,30+,31+,39-/m0/s1",33369,C[C@H](CO)N1C[C@H](C)[C@H](CN(C)Cc2ccc(cc2)C(F)(F)F)OCCCC[C@@H](C)Oc3ccc(NC(=O)CCCCCC(=O)Nc4ccccc4N)cc3C1=O,NA
Input,MLS004342499,-0.22302304,InputSig,NA,NA,LINCSCP_247180,MCF7,5uM,24h,breast,NA,NA,CDHSATIWZFUFBS-NSHGMRRFSA-N,"InChI=1S/C21H33N3O4/c1-14(2)22-21(27)24-17(11-23(15(3)4)19(26)13-28-5)20(18(24)12-25)16-9-7-6-8-10-16/h6-10,14-15,17-18,20,25H,11-13H2,1-5H3,(H,22,27)/t17-,18+,20-/m0/s1",31739,COCC(=O)N(C[C@H]1[C@@H]([C@@H](CO)N1C(=O)NC(C)C)c2ccccc2)C(C)C,NA
Input,Mesoridazine,-0.2230011,InputSig,NA,NA,LINCSCP_293802,VCAP,10uM,24h,prostate,Dopamine receptor antagonist,DRD2|HTR2A,SLVMESMUVMCQIY-UHFFFAOYSA-N,"InChI=1S/C21H26N2OS2/c1-22-13-6-5-7-16(22)12-14-23-18-8-3-4-9-20(18)25-21-11-10-17(26(2)24)15-19(21)23/h3-4,8-11,15-16H,5-7,12-14H2,1-2H3",117,CN1CCCCC1CCN2c3ccccc3Sc4ccc(cc24)S(=O)C,4
Input,BRD-K17139610,-0.22296331,InputSig,NA,NA,LINCSCP_61527,VCAP,5uM,6h,prostate,NA,NA,VOTKEIORIBNPMA-BOSRLCDASA-N,"InChI=1S/C33H36N4O5S/c1-22-18-37(23(2)20-38)33(39)32-31(27-14-8-9-15-28(27)36(32)4)26-13-7-5-12-25(26)21-42-29(22)19-35(3)43(40,41)30-16-10-6-11-24(30)17-34/h5-16,22-23,29,38H,18-21H2,1-4H3/t22-,23-,29-/m0/s1",23782,C[C@@H](CO)N1C[C@H](C)[C@H](CN(C)S(=O)(=O)c2ccccc2C#N)OCc3ccccc3c4c(C1=O)n(C)c5ccccc45,NA
Input,CHEMBL2426181,-0.2229308,InputSig,NA,NA,LINCSCP_31384,MCF7,10uM,24h,breast,NA,NA,UWISMMMGEUUKRE-UHFFFAOYSA-N,"InChI=1S/C14H9Cl2N5S2/c15-10-2-1-9(7-11(10)16)18-13(22)19-14-21-20-12(23-14)8-3-5-17-6-4-8/h1-7H,(H2,18,19,21,22)",15720,Clc1ccc(NC(=S)Nc2nnc(s2)c3ccncc3)cc1Cl,NA
Input,CHEMBL2357823,-0.22278423,InputSig,NA,NA,LINCSCP_59587,VCAP,10uM,6h,prostate,NA,NA,IMPBBHMDJCWLCX-QZTZHPFYSA-N,"InChI=1S/C27H31Cl2N3O5S2/c1-17-13-32(18(2)16-33)27(34)20-6-4-7-23(30-39(35,36)25-8-5-11-38-25)26(20)37-24(17)15-31(3)14-19-9-10-21(28)22(29)12-19/h4-12,17-18,24,30,33H,13-16H2,1-3H3/t17-,18-,24-/m1/s1",16498,C[C@H](CO)N1C[C@@H](C)[C@@H](CN(C)Cc2ccc(Cl)c(Cl)c2)Oc3c(NS(=O)(=O)c4cccs4)cccc3C1=O,NA
Input,Diphemanil,-0.22266819,InputSig,NA,NA,LINCSCP_209624,HA1E,10uM,24h,kidney epithelial,Acetylcholine receptor antagonist,CHRM1|CHRM3,LCTZPQRFOZKZNK-UHFFFAOYSA-N,"InChI=1S/C20H24N/c1-21(2)15-13-19(14-16-21)20(17-9-5-3-6-10-17)18-11-7-4-8-12-18/h3-12H,13-16H2,1-2H3/q+1",36157,C[N+]1(C)CCC(=C(c2ccccc2)c3ccccc3)CC1,4
Input,Ursolic acid,-0.22266136,InputSig,NA,NA,LINCSCP_140590,MCF7,0.04uM,24h,breast,11-beta hydroxysteroid dehydrogenase inhibitor|Acetylcholinesterase inhibitor|Caspase inhibitor|HIV protease inhibitor|Lipid peroxidase inhibitor|Quorum sensing signaling modulator|Steryl sulfatase inhibitor|Tyrosine phosphatase inhibitor|ATPase inhibitor|NFkB pathway inhibitor|STAT inhibitor,HSD11B1|PTPN1,WCGUUGGRBIKTOS-GPOJBZKASA-N,"InChI=1S/C30H48O3/c1-18-10-15-30(25(32)33)17-16-28(6)20(24(30)19(18)2)8-9-22-27(5)13-12-23(31)26(3,4)21(27)11-14-29(22,28)7/h8,18-19,21-24,31H,9-17H2,1-7H3,(H,32,33)/t18-,19+,21+,22-,23+,24+,27+,28-,29-,30+/m1/s1",38708,C[C@@H]1CC[C@@]2(CC[C@]3(C)C(=CC[C@@H]4[C@@]5(C)CC[C@H](O)C(C)(C)[C@@H]5CC[C@@]34C)[C@@H]2[C@H]1C)C(=O)O,NA
Input,Hydrocortisone,-0.22264679,InputSig,NA,NA,LINCSCP_296387,VCAP,10uM,6h,prostate,Glucocorticoid receptor agonist,NR3C1,JYGXADMDTFJGBT-VWUMJDOOSA-N,"InChI=1S/C21H30O5/c1-19-7-5-13(23)9-12(19)3-4-14-15-6-8-21(26,17(25)11-22)20(15,2)10-16(24)18(14)19/h9,14-16,18,22,24,26H,3-8,10-11H2,1-2H3/t14-,15-,16-,18+,19-,20-,21-/m0/s1",36599,C[C@]12CCC(=O)C=C1CC[C@H]3[C@@H]4CC[C@](O)(C(=O)CO)[C@@]4(C)C[C@H](O)[C@H]23,4
Input,DICUMAROL,-0.22260853,InputSig,NA,NA,LINCSCP_124896,HT29,1.11uM,24h,large intestine,NADPH inhibitor,NQO1|VKORC1,DOBMPNYZJYQDGZ-UHFFFAOYSA-N,"InChI=1S/C19H12O6/c20-16-10-5-1-3-7-14(10)24-18(22)12(16)9-13-17(21)11-6-2-4-8-15(11)25-19(13)23/h1-8,20-21H,9H2",26961,OC1=C(CC2=C(O)c3ccccc3OC2=O)C(=O)Oc4ccccc14,4
Input,BRD-K07382790,-0.22259141,InputSig,NA,NA,LINCSCP_61936,VCAP,5uM,24h,prostate,NA,NA,PYGNPVIZRZQEAZ-HZSPNIEDSA-N,"InChI=1S/C17H19F3N2O5/c1-26-15(24)8-12-6-7-13(14(9-23)27-12)22-16(25)21-11-4-2-10(3-5-11)17(18,19)20/h2-7,12-14,23H,8-9H2,1H3,(H2,21,22,25)/t12-,13+,14-/m1/s1",756,COC(=O)C[C@@H]1O[C@H](CO)[C@@H](NC(=O)Nc2ccc(cc2)C(F)(F)F)C=C1,NA
Input,Oxybenzone,-0.22250445,InputSig,NA,NA,LINCSCP_139751,MCF7,0.04uM,24h,breast,Lipase inhibitor,NA,DXGLGDHPHMLXJC-UHFFFAOYSA-N,"InChI=1S/C14H12O3/c1-17-11-7-8-12(13(15)9-11)14(16)10-5-3-2-4-6-10/h2-9,15H,1H3",22917,COc1ccc(C(=O)c2ccccc2)c(O)c1,4
Input,BRD-K07569193,-0.22250293,InputSig,NA,NA,LINCSCP_37222,MCF7,1uM,24h,breast,NA,NA,QCHQNBIYSRQADD-YCAMKHIRSA-N,"InChI=1S/C26H32F3N3O4/c27-26(28,29)20-3-1-2-19(12-20)14-32-15-21(33)16-35-17-24-23(32)5-4-22(36-24)13-25(34)31-11-8-18-6-9-30-10-7-18/h1-3,6-7,9-10,12,21-24,33H,4-5,8,11,13-17H2,(H,31,34)/t21-,22-,23-,24+/m1/s1",23140,O[C@H]1COC[C@@H]2O[C@@H](CC(=O)NCCc3ccncc3)CC[C@H]2N(Cc4cccc(c4)C(F)(F)F)C1,NA
Input,Cinnarizine,-0.22246246,InputSig,NA,NA,LINCSCP_33465,MCF7,10uM,6h,breast,Calcium channel blocker,HRH1,DERZBLKQOCDDDZ-JLHYYAGUSA-N,"InChI=1S/C26H28N2/c1-4-11-23(12-5-1)13-10-18-27-19-21-28(22-20-27)26(24-14-6-2-7-15-24)25-16-8-3-9-17-25/h1-17,26H,18-22H2/b13-10+",22180,C(\C=C\c1ccccc1)N2CCN(CC2)C(c3ccccc3)c4ccccc4,4
Input,galantamine,-0.22245355,InputSig,NA,NA,LINCSCP_100888,HCC515,0.12uM,24h,lung,NA,NA,NA,NA,NA,NA,NA
Input,BRD-K72505034,-0.22237746,InputSig,NA,NA,LINCSCP_16356,HA1E,10uM,6h,kidney epithelial,NA,NA,LYLZBZSQPMJUOG-HYRHMTOGSA-N,"InChI=1S/C19H29N3O6/c1-13(23)19(28)16(25)11-12-20-22-18(27)10-4-2-3-9-17(26)21-14-7-5-6-8-15(14)24/h5-8,12-13,16,19,23-25,28H,2-4,9-11H2,1H3,(H,21,26)(H,22,27)/b20-12+/t13-,16+,19-/m1/s1",42693,C[C@@H](O)[C@@H](O)[C@@H](O)C\C=N\NC(=O)CCCCCC(=O)Nc1ccccc1O,NA
Input,Ivachtin,-0.22231217,InputSig,NA,NA,LINCSCP_289491,VCAP,10uM,6h,prostate,Caspase inhibitor,CASP3,MWXJJTMEUGWKKY-UHFFFAOYSA-N,"InChI=1S/C20H21N3O7S/c1-12-17-18(20(26)23(19(17)25)7-10-30-13(2)24)15-11-14(3-4-16(15)21-12)31(27,28)22-5-8-29-9-6-22/h3-4,11H,5-10H2,1-2H3",15822,CC(=O)OCCN1C(=O)c2c(C)nc3ccc(cc3c2C1=O)S(=O)(=O)N4CCOCC4,NA
Input,2'-Deoxycytidine (hydrochloride),-0.22228601,InputSig,NA,NA,LINCSCP_98045,HA1E,1.11uM,24h,kidney epithelial,NA,NA,CKTSBUTUHBMZGZ-SHYZEUOFSA-N,"InChI=1S/C9H13N3O4/c10-7-1-2-12(9(15)11-7)8-3-5(14)6(4-13)16-8/h1-2,5-6,8,13-14H,3-4H2,(H2,10,11,15)/t5-,6+,8+/m0/s1",26994,NC1=NC(=O)N(C=C1)[C@H]2C[C@H](O)[C@@H](CO)O2,NA
Input,Fluticasone Propionate,-0.22224896,InputSig,NA,NA,LINCSCP_172442,YAPC,3.33uM,24h,pancreas,Glucocorticoid receptor agonist,NR3C1|PGR,WMWTYOKRWGGJOA-CENSZEJFSA-N,"InChI=1S/C25H31F3O5S/c1-5-20(31)33-25(21(32)34-12-26)13(2)8-15-16-10-18(27)17-9-14(29)6-7-22(17,3)24(16,28)19(30)11-23(15,25)4/h6-7,9,13,15-16,18-19,30H,5,8,10-12H2,1-4H3/t13-,15+,16+,18+,19+,22+,23+,24+,25+/m1/s1",35912,CCC(=O)O[C@@]1([C@H](C)C[C@H]2[C@@H]3C[C@H](F)C4=CC(=O)C=C[C@]4(C)[C@@]3(F)[C@@H](O)C[C@]12C)C(=O)SCF,4
Input,BRD-K03354784,-0.22222375,InputSig,NA,NA,LINCSCP_62847,VCAP,5uM,24h,prostate,NA,NA,YDHXSWOLXDIZHC-IJGBCQEOSA-N,"InChI=1S/C25H35N3O6/c1-16-22(32-5)14-28(3)25(30)19-12-17(13-26)6-8-20(19)33-15-23-21(31-4)9-7-18(34-23)10-11-27(2)24(16)29/h6,8,12,16,18,21-23H,7,9-11,14-15H2,1-5H3/t16-,18-,21-,22+,23-/m0/s1",6345,CO[C@H]1CC[C@H]2CCN(C)C(=O)[C@@H](C)[C@@H](CN(C)C(=O)c3cc(ccc3OC[C@@H]1O2)C#N)OC,NA
Input,BRD-K70068422,-0.2221203,InputSig,NA,NA,LINCSCP_61368,VCAP,5uM,6h,prostate,NA,NA,MJQDMCPXEXXQJL-OBWXTZQISA-N,"InChI=1S/C26H32FN3O5/c1-16-13-30(18(3)31)17(2)15-35-23-11-10-19(28-25(32)20-8-6-7-9-22(20)27)12-21(23)26(33)29(4)14-24(16)34-5/h6-12,16-17,24H,13-15H2,1-5H3,(H,28,32)/t16-,17+,24+/m0/s1",2499,CO[C@@H]1CN(C)C(=O)c2cc(NC(=O)c3ccccc3F)ccc2OC[C@@H](C)N(C[C@@H]1C)C(=O)C,NA
Input,BRD-K00715257,-0.22211646,InputSig,NA,NA,LINCSCP_248856,MCF7,5uM,24h,breast,NA,NA,NEXKXEQOOLRNQD-RUZDIDTESA-N,"InChI=1S/C29H42N4O4/c1-36-22-6-7-23-24(16-22)30-28-25(19-34)33(26(35)18-32-12-14-37-15-13-32)20-29(27(23)28)8-10-31(11-9-29)17-21-4-2-3-5-21/h6-7,16,21,25,30,34H,2-5,8-15,17-20H2,1H3/t25-/m1/s1",31717,COc1ccc2c3c([nH]c2c1)[C@@H](CO)N(CC34CCN(CC5CCCC5)CC4)C(=O)CN6CCOCC6,NA
Input,BMS-536924,-0.222028,InputSig,NA,NA,LINCSCP_54007,SW480,10uM,6h,large intestine,IGF-1 inhibitor,IGF1R,ZWVZORIKUNOTCS-OAQYLSRUSA-N,"InChI=1S/C25H26ClN5O3/c1-15-11-18(31-7-9-34-10-8-31)13-20-23(15)30-24(29-20)22-19(5-6-27-25(22)33)28-14-21(32)16-3-2-4-17(26)12-16/h2-6,11-13,21,32H,7-10,14H2,1H3,(H,29,30)(H2,27,28,33)/t21-/m1/s1",35291,Cc1cc(cc2[nH]c(nc12)c3c(O)nccc3NC[C@@H](O)c4cccc(Cl)c4)N5CCOCC5,NA
Input,ZM-39923,-0.22202114,InputSig,NA,NA,LINCSCP_499,A375,10uM,6h,skin,JAK inhibitor,NA,JSASWRWALCMOQP-UHFFFAOYSA-N,"InChI=1S/C23H25NO/c1-18(2)24(17-19-8-4-3-5-9-19)15-14-23(25)22-13-12-20-10-6-7-11-21(20)16-22/h3-13,16,18H,14-15,17H2,1-2H3",35745,CC(C)N(CCC(=O)c1ccc2ccccc2c1)Cc3ccccc3,NA
Input,BRD-K72382350,-0.22193634,InputSig,NA,NA,LINCSCP_311577,VCAP,0.1uM,6h,prostate,NA,NA,BMIDXELBLGAQFU-FSZSIQPOSA-N,"InChI=1S/C35H44N4O4S/c1-35(2,3)44(43)39-22-27-21-29(33(41)36-28-12-7-6-8-13-28)37-32(31(27)30(39)18-19-40)26-11-9-10-25(20-26)23-14-16-24(17-15-23)34(42)38(4)5/h9-11,14-17,20-21,28,30,40H,6-8,12-13,18-19,22H2,1-5H3,(H,36,41)/t30-,44-/m1/s1",3585,CN(C)C(=O)c1ccc(cc1)c2cccc(c2)c3nc(cc4CN([C@H](CCO)c34)[S@](=O)C(C)(C)C)C(=O)NC5CCCCC5,NA
Input,BRD-K91730835,-0.22187857,InputSig,NA,NA,LINCSCP_61924,VCAP,5uM,6h,prostate,NA,NA,YLLZUOSUTCBCJJ-GDVKCFTOSA-N,"InChI=1S/C22H27FN2O5S/c1-15(16-6-3-2-4-7-16)24-22(27)13-18-10-11-20(21(14-26)30-18)25-31(28,29)19-9-5-8-17(23)12-19/h2-9,12,15,18,20-21,25-26H,10-11,13-14H2,1H3,(H,24,27)/t15-,18-,20+,21+/m0/s1",4662,C[C@H](NC(=O)C[C@@H]1CC[C@@H](NS(=O)(=O)c2cccc(F)c2)[C@@H](CO)O1)c3ccccc3,NA
Input,BRD-K83816656,-0.22186611,InputSig,NA,NA,LINCSCP_33928,MCF7,10uM,24h,breast,NA,NA,QAVYVNAGSVFDOJ-LOTJKCTMSA-N,"InChI=1S/C36H45Cl2N5O5/c1-23-19-43(24(2)22-44)36(47)27-18-26(40-34(45)11-5-4-6-12-35(46)41-31-10-8-7-9-30(31)39)14-16-32(27)48-33(23)21-42(3)20-25-13-15-28(37)29(38)17-25/h7-10,13-18,23-24,33,44H,4-6,11-12,19-22,39H2,1-3H3,(H,40,45)(H,41,46)/t23-,24+,33-/m0/s1",33856,C[C@H](CO)N1C[C@H](C)[C@H](CN(C)Cc2ccc(Cl)c(Cl)c2)Oc3ccc(NC(=O)CCCCCC(=O)Nc4ccccc4N)cc3C1=O,NA
Input,Alitretinoin,-0.22185739,InputSig,NA,NA,LINCSCP_190738,A549,10uM,6h,lung,Retinoid receptor agonist,RARA|RARB|RARG|RXRA|RXRB|RXRG,SHGAZHPCJJPHSC-ZVCIMWCZSA-N,"InChI=1S/C20H28O2/c1-15(8-6-9-16(2)14-19(21)22)11-12-18-17(3)10-7-13-20(18,4)5/h6,8-9,11-12,14H,7,10,13H2,1-5H3,(H,21,22)/b9-6+,12-11+,15-8-,16-14+",137,C\C(=C\C=C\C(=C\C(=O)O)\C)\C=C\C1=C(C)CCCC1(C)C,4
Input,CP-724714,-0.22179786,InputSig,NA,NA,LINCSCP_235070,MCF10A,1uM,6h,breast epithelial,EGFR inhibitor|Tyrosine kinase inhibitor,ERBB2,LLVZBTWPGQVVLW-SNAWJCMRSA-N,"InChI=1S/C27H27N5O3/c1-18-13-21(8-11-25(18)35-22-9-6-19(2)29-15-22)32-27-23-14-20(7-10-24(23)30-17-31-27)5-4-12-28-26(33)16-34-3/h4-11,13-15,17H,12,16H2,1-3H3,(H,28,33)(H,30,31,32)/b5-4+",17229,COCC(=O)NC\C=C\c1ccc2ncnc(Nc3ccc(Oc4ccc(C)nc4)c(C)c3)c2c1,2
Input,Alizapride,-0.22175633,InputSig,NA,NA,LINCSCP_75201,A375,0.12uM,24h,skin,Dopamine receptor antagonist,DRD2,KSEYRUGYKHXGFW-UHFFFAOYSA-N,"InChI=1S/C16H21N5O2/c1-3-6-21-7-4-5-11(21)10-17-16(22)12-8-13-14(19-20-18-13)9-15(12)23-2/h3,8-9,11H,1,4-7,10H2,2H3,(H,17,22)(H,18,19,20)",36332,COc1cc2[nH]nnc2cc1C(=O)NCC3CCCN3CC=C,3
Input,BRD-K26684619,-0.22172946,InputSig,NA,NA,LINCSCP_205456,CD34,1uM,24h,bone marrow,NA,NA,YEXIXVLEDGNAKM-UHFFFAOYSA-N,"InChI=1S/C12H9ClN2O2/c13-8-3-5-9(6-4-8)15-11-10(12(16)17)2-1-7-14-11/h1-7H,(H,14,15)(H,16,17)",26527,OC(=O)c1cccnc1Nc2ccc(Cl)cc2,NA
Input,Cis-Platin,-0.22154888,InputSig,NA,NA,LINCSCP_10184,A549,0.001uM,6h,lung,DNA alkylating agent|DNA synthesis inhibitor,XIAP,LXZZYRPGZAFOLE-UHFFFAOYSA-L,InChI=1S/2ClH.2H3N.Pt/h2*1H;2*1H3;/q;;;;+2/p-2,22209,Cl[Pt]([NH3])([NH3])Cl,NA
Input,SCHEMBL16065773,-0.2214825,InputSig,NA,NA,LINCSCP_24907,HS578T,1uM,6h,breast,NA,NA,XGICKGXGLUYWDW-MDWZMJQESA-N,"InChI=1S/C25H27N7O2/c1-30(2)14-8-13-22(33)27-17-9-7-10-18(15-17)28-25-26-16-21-23(29-25)31(3)20-12-6-5-11-19(20)24(34)32(21)4/h5-13,15-16H,14H2,1-4H3,(H,27,33)(H,26,28,29)/b13-8+",5376,CN(C)C\C=C\C(=O)Nc1cccc(Nc2ncc3N(C)C(=O)c4ccccc4N(C)c3n2)c1,NA
Input,PNU-74654,-0.22142547,InputSig,NA,NA,LINCSCP_25515,HT29,80uM,24h,large intestine,Beta-catenin inhibitor,CTNNB1|TCF4,JJEDWBQZCRESJL-DEDYPNTBSA-N,"InChI=1S/C19H16N2O3/c1-14-11-12-16(23-14)13-20-21-19(22)17-9-5-6-10-18(17)24-15-7-3-2-4-8-15/h2-13H,1H3,(H,21,22)/b20-13+",28982,Cc1oc(\C=N\NC(=O)c2ccccc2Oc3ccccc3)cc1,NA
Input,MLS000717682,-0.22140867,InputSig,NA,NA,LINCSCP_45644,PC3,10uM,24h,prostate,NA,NA,HXELDYRZCKHWSK-UHFFFAOYSA-N,"InChI=1S/C21H24N4O2S/c1-13-5-6-15-17(12-13)28-20-18(15)19(22-14(2)23-20)24-7-9-25(10-8-24)21(26)16-4-3-11-27-16/h3-4,11,13H,5-10,12H2,1-2H3",35331,CC1CCc2c(C1)sc3nc(C)nc(N4CCN(CC4)C(=O)c5occc5)c23,NA
Input,SPECTRUM_000715,-0.22138567,InputSig,NA,NA,LINCSCP_55608,VCAP,10uM,24h,prostate,ATPase inhibitor,NA,FLMSQRUGSHIKCT-CDDJPJPASA-N,"InChI=1S/C23H34O5/c1-21-7-5-15(24)10-14(21)3-4-17-20(21)18(25)11-22(2)16(6-8-23(17,22)27)13-9-19(26)28-12-13/h9,14-18,20,24-25,27H,3-8,10-12H2,1-2H3/t14?,15?,16?,17?,18-,20?,21?,22?,23?/m1/s1",474,CC12CCC(O)CC1CCC3C2[C@H](O)CC4(C)C(CCC34O)C5=CC(=O)OC5,NA
Input,Dacarbazine,-0.22136361,InputSig,NA,NA,LINCSCP_72011,A375,10uM,24h,skin,DNA alkylating agent,NA,FDKXTQMXEQVLRF-UHFFFAOYSA-N,"InChI=1S/C6H10N6O/c1-12(2)11-10-6-4(5(7)13)8-3-9-6/h3H,1-2H3,(H2,7,13)(H,8,9)",36017,CN(C)N=Nc1[nH]cnc1C(=O)N,4
Input,Levonorgestrel,-0.22133316,InputSig,NA,NA,LINCSCP_109157,HELA,1.11uM,24h,large intestine,Progesterone receptor agonist,PGR,WWYNJERNGUHSAO-XUDSTZEESA-N,"InChI=1S/C21H28O2/c1-3-20-11-9-17-16-8-6-15(22)13-14(16)5-7-18(17)19(20)10-12-21(20,23)4-2/h2,13,16-19,23H,3,5-12H2,1H3/t16-,17+,18+,19-,20-,21-/m0/s1",15574,CC[C@]12CC[C@H]3[C@@H](CCC4=CC(=O)CC[C@H]34)[C@@H]1CC[C@@]2(O)C#C,4
Input,BRD-K82399474,-0.22120851,InputSig,NA,NA,LINCSCP_62228,VCAP,5uM,6h,prostate,NA,NA,KKHGDJJULHRULI-KKUQBAQOSA-N,"InChI=1S/C28H28N2O5/c31-19-26-25(30-28(33)21-7-3-1-4-8-21)16-15-24(35-26)17-27(32)29-18-20-11-13-23(14-12-20)34-22-9-5-2-6-10-22/h1-16,24-26,31H,17-19H2,(H,29,32)(H,30,33)/t24-,25-,26+/m0/s1",8351,OC[C@H]1O[C@H](CC(=O)NCc2ccc(Oc3ccccc3)cc2)C=C[C@@H]1NC(=O)c4ccccc4,NA
Input,Dimethisoquin,-0.22117516,InputSig,NA,NA,LINCSCP_241662,MCF7,10uM,24h,breast,Local anesthetic,NA,XNMYNYSCEJBRPZ-UHFFFAOYSA-N,"InChI=1S/C17H24N2O/c1-4-5-9-15-13-14-8-6-7-10-16(14)17(18-15)20-12-11-19(2)3/h6-8,10,13H,4-5,9,11-12H2,1-3H3",15902,CCCCc1cc2ccccc2c(OCCN(C)C)n1,NA
Input,BRD-K81646882,-0.22113664,InputSig,NA,NA,LINCSCP_64451,VCAP,5uM,6h,prostate,NA,NA,HDXBPNDJZFTSGZ-CXDLDTBJSA-N,"InChI=1S/C31H45Cl2N3O4/c1-21-17-36(22(2)20-37)31(38)26-16-25(34(4)5)11-13-29(26)40-23(3)9-7-8-14-39-30(21)19-35(6)18-24-10-12-27(32)28(33)15-24/h10-13,15-16,21-23,30,37H,7-9,14,17-20H2,1-6H3/t21-,22-,23+,30+/m0/s1",33784,C[C@@H](CO)N1C[C@H](C)[C@@H](CN(C)Cc2ccc(Cl)c(Cl)c2)OCCCC[C@@H](C)Oc3ccc(cc3C1=O)N(C)C,NA
Input,BRD-K42543304,-0.22106368,InputSig,NA,NA,LINCSCP_194120,A549,10uM,6h,lung,NA,NA,LCGKYSOTAAWDQI-LIHQSLCGSA-N,"InChI=1S/C36H52N4O6/c1-25-22-40(26(2)24-41)35(43)31-21-30(37-34(42)28-14-7-5-8-15-28)18-19-32(31)46-27(3)13-11-12-20-45-33(25)23-39(4)36(44)38-29-16-9-6-10-17-29/h6,9-10,16-19,21,25-28,33,41H,5,7-8,11-15,20,22-24H2,1-4H3,(H,37,42)(H,38,44)/t25-,26+,27-,33+/m0/s1",23384,C[C@H](CO)N1C[C@H](C)[C@@H](CN(C)C(=O)Nc2ccccc2)OCCCC[C@H](C)Oc3ccc(NC(=O)C4CCCCC4)cc3C1=O,NA
Input,C19H19FN4O3,-0.22102438,InputSig,NA,NA,LINCSCP_115431,HS578T,0.37uM,3h,breast,FGFR inhibitor|VEGFR inhibitor,FGFR1|FLT1|KDR,WCWUXEGQKLTGDX-UHFFFAOYSA-N,"InChI=1S/C19H19FN4O3/c1-10-6-13-14(23-10)4-5-15(17(13)20)27-19-18-12(3)16(26-8-11(2)25)7-24(18)22-9-21-19/h4-7,9,11,23,25H,8H2,1-3H3",37840,CC(O)COc1cn2ncnc(Oc3ccc4[nH]c(C)cc4c3F)c2c1C,NA
Input,Alvespimycin,-0.22099403,InputSig,NA,NA,LINCSCP_58953,VCAP,10uM,24h,prostate,HSP inhibitor,HSP90AA1,KUFRQPKVAWMTJO-LMZWQJSESA-N,"InChI=1S/C32H48N4O8/c1-18-14-22-27(34-12-13-36(5)6)24(37)17-23(29(22)39)35-31(40)19(2)10-9-11-25(42-7)30(44-32(33)41)21(4)16-20(3)28(38)26(15-18)43-8/h9-11,16-18,20,25-26,28,30,34,38H,12-15H2,1-8H3,(H2,33,41)(H,35,40)/b11-9-,19-10+,21-16+/t18-,20+,25+,26+,28-,30+/m1/s1",37982,CO[C@H]1C[C@H](C)CC2=C(NCCN(C)C)C(=O)C=C(NC(=O)\C(=C\C=C/[C@H](OC)[C@@H](OC(=O)N)\C(=C\[C@H](C)[C@H]1O)\C)\C)C2=O,1
Input,SB525334,-0.22096629,InputSig,NA,NA,LINCSCP_133496,MCF7,10uM,24h,breast,TGF beta receptor inhibitor,TGFBR1,DKPQHFZUICCZHF-UHFFFAOYSA-N,"InChI=1S/C21H21N5/c1-13-6-5-7-16(24-13)19-18(25-20(26-19)21(2,3)4)14-8-9-15-17(12-14)23-11-10-22-15/h5-12H,1-4H3,(H,25,26)",35285,Cc1cccc(n1)c2[nH]c(nc2c3ccc4nccnc4c3)C(C)(C)C,NA
Input,BRD-K95042038,-0.22090632,InputSig,NA,NA,LINCSCP_229503,HT29,5uM,24h,large intestine,NA,NA,BGJLKNVJWQWPQD-LZLYRXPVSA-N,"InChI=1S/C18H18N2O2/c1-22-17-5-3-2-4-14(17)12-6-8-13(9-7-12)18-15(10-19)20-16(18)11-21/h2-9,15-16,18,20-21H,11H2,1H3/t15-,16+,18+/m0/s1",58,COc1ccccc1c2ccc(cc2)[C@H]3[C@@H](CO)N[C@H]3C#N,NA
Input,MLS002276524,-0.22084892,InputSig,NA,NA,LINCSCP_5123,A549,10uM,6h,lung,NA,NA,PBBRVFPPOQXNAS-UHFFFAOYSA-N,"InChI=1S/C16H12FN3OS/c1-19-12-6-7-22-15(12)13-14(19)16(21)20(9-18-13)8-10-2-4-11(17)5-3-10/h2-7,9H,8H2,1H3",34495,Cn1c2C(=O)N(Cc3ccc(F)cc3)C=Nc2c4sccc14,NA
Input,PF-04447943,-0.22084771,InputSig,NA,NA,LINCSCP_107897,HELA,10uM,24h,large intestine,NA,NA,IWXUVYOOUMLUTQ-CZUORRHYSA-N,"InChI=1S/C20H25N7O2/c1-13-10-26(12-17-21-5-2-6-22-17)11-16(13)18-24-19-15(20(28)25-18)9-23-27(19)14-3-7-29-8-4-14/h2,5-6,9,13-14,16H,3-4,7-8,10-12H2,1H3,(H,24,25,28)/t13-,16-/m1/s1",26448,C[C@@H]1CN(Cc2ncccn2)C[C@H]1C3=Nc4c(cnn4C5CCOCC5)C(=O)N3,NA
Input,BRD-K56646986,-0.22081216,InputSig,NA,NA,LINCSCP_64417,VCAP,5uM,6h,prostate,NA,NA,SJWFFWCCDVHJSO-XDAUYTPDSA-N,"InChI=1S/C33H47N3O5/c1-23-19-36(24(2)22-37)33(39)29-18-28(34-32(38)27-11-6-5-7-12-27)15-16-30(29)41-25(3)10-8-9-17-40-31(23)21-35(4)20-26-13-14-26/h5-7,11-12,15-16,18,23-26,31,37H,8-10,13-14,17,19-22H2,1-4H3,(H,34,38)/t23-,24+,25-,31-/m1/s1",13054,C[C@@H](CO)N1C[C@@H](C)[C@@H](CN(C)CC2CC2)OCCCC[C@@H](C)Oc3ccc(NC(=O)c4ccccc4)cc3C1=O,NA
Input,MLS002473937,-0.22071258,InputSig,NA,NA,LINCSCP_59728,VCAP,5uM,6h,prostate,NA,NA,QOQOLXTVYWSIIG-GCKMJXCFSA-N,"InChI=1S/C23H31N3O6S/c1-15-13-26(16(2)14-27)23(28)19-6-5-7-20(22(19)32-21(15)12-24-3)25-33(29,30)18-10-8-17(31-4)9-11-18/h5-11,15-16,21,24-25,27H,12-14H2,1-4H3/t15-,16+,21+/m0/s1",11701,CNC[C@H]1Oc2c(NS(=O)(=O)c3ccc(OC)cc3)cccc2C(=O)N(C[C@@H]1C)[C@H](C)CO,NA
Input,Pala,-0.22070454,InputSig,NA,NA,LINCSCP_54127,SW620,80uM,6h,large intestine,Aspartate carbamoyltransferase inhibitor,CAD,ZZKNRXZVGOYGJT-VKHMYHEASA-N,"InChI=1S/C6H10NO8P/c8-4(2-16(13,14)15)7-3(6(11)12)1-5(9)10/h3H,1-2H2,(H,7,8)(H,9,10)(H,11,12)(H2,13,14,15)/t3-/m0/s1",36640,OC(=O)C[C@H](NC(=O)CP(=O)(O)O)C(=O)O,NA
Input,BRD-K51556300-001-01-9,-0.22065831,InputSig,NA,NA,LINCSCP_33876,MCF7,10uM,24h,breast,NA,NA,VYCOOHAMPRTWAW-UTLSLIQUSA-N,"InChI=1S/C43H53N5O5/c1-30-26-48(31(2)29-49)43(52)25-35-24-36(45-41(50)16-8-5-9-17-42(51)46-38-15-11-10-14-37(38)44)22-23-39(35)53-40(30)28-47(3)27-32-18-20-34(21-19-32)33-12-6-4-7-13-33/h4,6-7,10-15,18-24,30-31,40,49H,5,8-9,16-17,25-29,44H2,1-3H3,(H,45,50)(H,46,51)/t30-,31+,40-/m1/s1",33016,C[C@@H](CO)N1C[C@@H](C)[C@@H](CN(C)Cc2ccc(cc2)c3ccccc3)Oc4ccc(NC(=O)CCCCCC(=O)Nc5ccccc5N)cc4CC1=O,NA
Input,Amethopterin,-0.2206561,InputSig,NA,NA,LINCSCP_37210,MCF7,0.5uM,24h,breast,Dihydrofolate reductase inhibitor,DHFR,FBOZXECLQNJBKD-UHFFFAOYSA-N,"InChI=1S/C20H22N8O5/c1-28(9-11-8-23-17-15(24-11)16(21)26-20(22)27-17)12-4-2-10(3-5-12)18(31)25-13(19(32)33)6-7-14(29)30/h2-5,8,13H,6-7,9H2,1H3,(H,25,31)(H,29,30)(H,32,33)(H4,21,22,23,26,27)",15060,CN(Cc1cnc2nc(N)nc(N)c2n1)c3ccc(cc3)C(=O)NC(CCC(=O)O)C(=O)O,NA
Input,AC1N1YO4,-0.22057971,InputSig,NA,NA,LINCSCP_5226,A549,10uM,6h,lung,NA,NA,WDONIORMRMFDPK-UHFFFAOYSA-N,"InChI=1S/C22H20NPS/c1-17-22(20-15-9-10-16-21(20)23(17)2)24(25,18-11-5-3-6-12-18)19-13-7-4-8-14-19/h3-16H,1-2H3",15435,Cc1c(c2ccccc2n1C)P(=S)(c3ccccc3)c4ccccc4,NA
Input,Rigosertib,-0.22056903,InputSig,NA,NA,LINCSCP_134151,MCF7,10uM,24h,breast,PLK inhibitor,CDK1|F2R|FLT1|FYN|PDGFRA|PLK1|PLK2|SRC,OWBFCJROIKNMGD-BQYQJAHWSA-N,"InChI=1S/C21H25NO8S/c1-27-15-10-19(29-3)16(20(11-15)30-4)7-8-31(25,26)13-14-5-6-18(28-2)17(9-14)22-12-21(23)24/h5-11,22H,12-13H2,1-4H3,(H,23,24)/b8-7+",22178,COc1cc(OC)c(\C=C\S(=O)(=O)Cc2ccc(OC)c(NCC(=O)O)c2)c(OC)c1,3
Input,SKF 86002,-0.22052969,InputSig,NA,NA,LINCSCP_33279,MCF7,10uM,6h,breast,P38 MAPK inhibitor,NA,YOELZIQOLWZLQC-UHFFFAOYSA-N,"InChI=1S/C16H12FN3S/c17-13-3-1-11(2-4-13)14-15(12-5-7-18-8-6-12)20-9-10-21-16(20)19-14/h1-8H,9-10H2",38551,Fc1ccc(cc1)c2nc3SCCn3c2c4ccncc4,NA
Input,AC1LDAF7,-0.22051378,InputSig,NA,NA,LINCSCP_58021,VCAP,10uM,6h,prostate,NA,NA,KWMZBBBMSTVLLF-UHFFFAOYSA-N,"InChI=1S/C19H22ClN5O2/c1-13(20)10-12-25-15-16(23(2)19(27)24(3)17(15)26)22-18(25)21-11-9-14-7-5-4-6-8-14/h4-8,10H,9,11-12H2,1-3H3,(H,21,22)",15500,CN1C(=O)N(C)c2nc(NCCc3ccccc3)n(CC=C(C)Cl)c2C1=O,NA
Input,Dinaciclib,-0.22050307,InputSig,NA,NA,LINCSCP_146093,MNEU.E,3.33uM,24h,NA,Cyclin-dependent kinase 1 inhibitor|Cyclin-dependent kinase 2 inhibitor|Cyclin-dependent kinase 5 inhibitor|Cyclin-dependent kinase 9 inhibitor,CDK1|CDK2|CDK5|CDK9,PIMQWRZWLQKKBJ-SFHVURJKSA-N,"InChI=1S/C21H28N6O2/c1-2-17-14-23-27-19(22-13-16-6-5-9-25(29)15-16)12-20(24-21(17)27)26-10-4-3-7-18(26)8-11-28/h5-6,9,12,14-15,18,22,28H,2-4,7-8,10-11,13H2,1H3/t18-/m0/s1",16539,CCc1cnn2c(NCc3ccc[n+]([O-])c3)cc(nc12)N4CCCC[C@H]4CCO,3
Input,PCL2_000154,-0.22045973,InputSig,NA,NA,LINCSCP_42278,NPC,10uM,24h,neural progenitor cells,NA,NA,IQAMLNDCTUZWLF-ZFEZZJPFSA-N,"InChI=1S/C34H38IN3O4S/c1-23-6-9-28(10-7-23)43-34(33(41)36-12-13-37-14-16-42-17-15-37)21-31(40)38(27-19-25-4-2-3-5-26(25)20-27)32(34)29-11-8-24(22-39)18-30(29)35/h2-11,18,27,32,39H,12-17,19-22H2,1H3,(H,36,41)/t32-,34-/m1/s1",11479,Cc1ccc(S[C@@]2(CC(=O)N(C3Cc4ccccc4C3)[C@@H]2c5ccc(CO)cc5I)C(=O)NCCN6CCOCC6)cc1,NA
Input,BRD-K31970894,-0.22044611,InputSig,NA,NA,LINCSCP_63072,VCAP,5uM,24h,prostate,NA,NA,GMLMGXOKFZUTJK-WMTXJRDZSA-N,"InChI=1S/C24H25N3O2/c25-15-21-24(20-8-6-19(7-9-20)18-4-2-1-3-5-18)22(16-28)27(21)23(29)14-17-10-12-26-13-11-17/h4,6-13,21-22,24,28H,1-3,5,14,16H2/t21-,22+,24+/m0/s1",308,OC[C@@H]1[C@@H]([C@H](C#N)N1C(=O)Cc2ccncc2)c3ccc(cc3)C4=CCCCC4,NA
Input,Tacalcitol,-0.22040011,InputSig,NA,NA,LINCSCP_125710,HT29,10uM,24h,large intestine,NA,NA,BJYLYJCXYAMOFT-RSFVBTMBSA-N,"InChI=1S/C27H44O3/c1-17(2)25(29)13-8-18(3)23-11-12-24-20(7-6-14-27(23,24)5)9-10-21-15-22(28)16-26(30)19(21)4/h9-10,17-18,22-26,28-30H,4,6-8,11-16H2,1-3,5H3/b20-9+,21-10-/t18-,22-,23-,24+,25-,26+,27-/m1/s1",26718,CC(C)[C@H](O)CC[C@@H](C)[C@H]1CC[C@H]2\C(=C\C=C/3\C[C@@H](O)C[C@H](O)C3=C)\CCC[C@]12C,4
Input,CHEMBL3189023,-0.22038038,InputSig,NA,NA,LINCSCP_63235,VCAP,5uM,24h,prostate,NA,NA,TUUZOQPHVDGSNW-JBBQQGGESA-N,"InChI=1S/C29H37FN4O6S/c1-33-25-10-9-22(18-28(35)31-12-15-34-13-3-2-4-14-34)40-27(25)19-39-26-11-8-21(17-24(26)29(33)36)32-41(37,38)23-7-5-6-20(30)16-23/h5-8,11,16-17,22,25,27,32H,2-4,9-10,12-15,18-19H2,1H3,(H,31,35)/t22-,25-,27+/m1/s1",37582,CN1[C@@H]2CC[C@H](CC(=O)NCCN3CCCCC3)O[C@H]2COc4ccc(NS(=O)(=O)c5cccc(F)c5)cc4C1=O,NA
Input,BRD-K66658536,-0.2202562,InputSig,NA,NA,LINCSCP_35351,MCF7,10uM,24h,breast,NA,NA,WYGDYSSFKWJKCK-NRFANRHFSA-N,"InChI=1S/C25H31N3O3/c1-26-14-25(15-26)16-28(12-17-7-5-6-8-22(17)31-4)21(13-29)24-23(25)19-10-9-18(30-3)11-20(19)27(24)2/h5-11,21,29H,12-16H2,1-4H3/t21-/m0/s1",13276,COc1ccc2c3c([C@H](CO)N(Cc4ccccc4OC)CC35CN(C)C5)n(C)c2c1,NA
Input,Etodolac,-0.22024449,InputSig,NA,NA,LINCSCP_175127,YAPC,3.33uM,24h,pancreas,Cyclooxygenase inhibitor,PTGS2,NNYBQONXHNTVIJ-UHFFFAOYSA-N,"InChI=1S/C17H21NO3/c1-3-11-6-5-7-12-13-8-9-21-17(4-2,10-14(19)20)16(13)18-15(11)12/h5-7,18H,3-4,8-10H2,1-2H3,(H,19,20)",15307,CCc1cccc2c3CCOC(CC)(CC(=O)O)c3[nH]c12,4
Input,BRD-K40413084-001-01-9,-0.22017507,InputSig,NA,NA,LINCSCP_48695,PC3,10uM,6h,prostate,NA,NA,JAONVPPHLACSCW-AIZNXBIQSA-N,"InChI=1S/C23H29N3/c1-2-4-17(5-3-1)16-26-21-14-25-15-22(26)23(21)20-8-6-18(7-9-20)19-10-12-24-13-11-19/h6-13,17,21-23,25H,1-5,14-16H2/t21-,22+,23?",13511,C(C1CCCCC1)N2[C@@H]3CNC[C@H]2[C@H]3c4ccc(cc4)c5ccncc5,NA
Input,PHA-767491,-0.21998236,InputSig,NA,NA,LINCSCP_147572,NPC.CAS9,10uM,24h,NA,NA,NA,DKXHSOUZPMHNIZ-UHFFFAOYSA-N,"InChI=1S/C12H11N3O/c16-12-9-7-11(8-1-4-13-5-2-8)15-10(9)3-6-14-12/h1-2,4-5,7,15H,3,6H2,(H,14,16)",14183,O=C1NCCc2[nH]c(cc12)c3ccncc3,NA
Input,BRD-K54636101,-0.21996408,InputSig,NA,NA,LINCSCP_62977,VCAP,5uM,6h,prostate,NA,NA,WNHZFTQVONQUSH-SMMRIJLZSA-N,"InChI=1S/C23H31N3O5/c1-15-13-25(2)23(28)18-7-5-6-16(12-24)21(18)30-11-10-17-8-9-19(29-4)20(31-17)14-26(3)22(15)27/h5-7,15,17,19-20H,8-11,13-14H2,1-4H3/t15-,17-,19+,20+/m0/s1",40061,CO[C@@H]1CC[C@H]2CCOc3c(cccc3C(=O)N(C)C[C@H](C)C(=O)N(C)C[C@H]1O2)C#N,NA
Input,BRD-K99638701,-0.21995176,InputSig,NA,NA,LINCSCP_61524,VCAP,5uM,24h,prostate,NA,NA,RDYUFLZMPZQAJV-UMEGOILYSA-N,"InChI=1S/C30H36F3N3O4/c1-19-15-36(20(2)17-37)29(39)28-27(23-11-7-8-12-24(23)35(28)4)22-10-6-5-9-21(22)18-40-25(19)16-34(3)26(38)13-14-30(31,32)33/h5-12,19-20,25,37H,13-18H2,1-4H3/t19-,20-,25-/m1/s1",4935,C[C@H](CO)N1C[C@@H](C)[C@@H](CN(C)C(=O)CCC(F)(F)F)OCc2ccccc2c3c(C1=O)n(C)c4ccccc34,NA
Input,AC1NSZSY,-0.21991175,InputSig,NA,NA,LINCSCP_140949,MCF7,0.12uM,24h,breast,Progesterone receptor agonist,CYP17A1|NR3C2|PGR,RJKFOVLPORLFTN-OYEBDCLDSA-N,"InChI=1S/C21H30O2/c1-13(22)17-6-7-18-16-5-4-14-12-15(23)8-10-20(14,2)19(16)9-11-21(17,18)3/h12,16-19H,4-11H2,1-3H3/t16?,17-,18?,19?,20+,21-/m1/s1",435,CC(=O)[C@H]1CCC2C3CCC4=CC(=O)CC[C@]4(C)C3CC[C@]12C,NA
Input,ST072947,-0.21990898,InputSig,NA,NA,LINCSCP_22327,HEPG2,10uM,6h,liver,NA,NA,GNMYBBZJYXAFKU-LDADJPATSA-N,"InChI=1S/C23H15N3O2S/c27-21-18(12-15-13-24-19-10-4-3-8-16(15)19)22(28)26(23(29)25-21)20-11-5-7-14-6-1-2-9-17(14)20/h1-13,24H,(H,25,27,29)/b18-12+",37089,O=C1NC(=S)N(C(=O)/C/1=C/c2c[nH]c3ccccc23)c4cccc5ccccc45,NA
Input,CHEMBL2143402,-0.21968099,InputSig,NA,NA,LINCSCP_33878,MCF7,10uM,24h,breast,NA,NA,YPKBHAMQCQAOQB-FZLAZKPRSA-N,"InChI=1S/C39H43F3N6O5/c1-24-20-48(25(2)23-49)36(50)19-28-18-31(45-38(52)44-30-14-12-29(13-15-30)39(40,41)42)16-17-34(28)53-35(24)22-47(3)21-26-8-10-27(11-9-26)37(51)46-33-7-5-4-6-32(33)43/h4-18,24-25,35,49H,19-23,43H2,1-3H3,(H,46,51)(H2,44,45,52)/t24-,25-,35-/m0/s1",19717,C[C@@H](CO)N1C[C@H](C)[C@H](CN(C)Cc2ccc(cc2)C(=O)Nc3ccccc3N)Oc4ccc(NC(=O)Nc5ccc(cc5)C(F)(F)F)cc4CC1=O,NA
Input,GDC-0152,-0.21964826,InputSig,NA,NA,LINCSCP_125735,HT29,3.33uM,24h,large intestine,NA,NA,WZRFLSDVFPIXOV-LRQRDZAKSA-N,"InChI=1S/C25H34N6O3S/c1-16(26-2)22(32)27-21(18-12-7-4-8-13-18)25(34)31-15-9-14-19(31)23(33)28-24-20(29-30-35-24)17-10-5-3-6-11-17/h3,5-6,10-11,16,18-19,21,26H,4,7-9,12-15H2,1-2H3,(H,27,32)(H,28,33)/t16-,19-,21-/m0/s1",26625,CN[C@@H](C)C(=O)N[C@@H](C1CCCCC1)C(=O)N2CCC[C@H]2C(=O)Nc3snnc3c4ccccc4,NA
Input,CHEMBL2362360,-0.21954295,InputSig,NA,NA,LINCSCP_59280,VCAP,10uM,24h,prostate,NA,NA,FIGGLCUVZRSRTI-YHPNNPEYSA-N,"InChI=1S/C43H53N5O6/c1-30-26-48(31(2)29-49)43(52)25-33-24-34(45-41(50)16-8-5-9-17-42(51)46-38-15-11-10-14-37(38)44)20-23-39(33)54-40(30)28-47(3)27-32-18-21-36(22-19-32)53-35-12-6-4-7-13-35/h4,6-7,10-15,18-24,30-31,40,49H,5,8-9,16-17,25-29,44H2,1-3H3,(H,45,50)(H,46,51)/t30-,31+,40-/m0/s1",19836,C[C@H](CO)N1C[C@H](C)[C@H](CN(C)Cc2ccc(Oc3ccccc3)cc2)Oc4ccc(NC(=O)CCCCCC(=O)Nc5ccccc5N)cc4CC1=O,NA
Input,Ipatasertib,-0.21954189,InputSig,NA,NA,LINCSCP_133341,MCF7,3.33uM,24h,breast,Serine/threonine-protein kinase AKT inhibitor,AKT1|AKT2|AKT3,GRZXWCHAXNAUHY-NSISKUIASA-N,"InChI=1S/C24H32ClN5O2/c1-15(2)26-13-19(17-4-6-18(25)7-5-17)24(32)30-10-8-29(9-11-30)23-21-16(3)12-20(31)22(21)27-14-28-23/h4-7,14-16,19-20,26,31H,8-13H2,1-3H3/t16-,19-,20-/m1/s1",36711,CC(C)NC[C@@H](C(=O)N1CCN(CC1)c2ncnc3[C@H](O)C[C@@H](C)c23)c4ccc(Cl)cc4,2
Input,IWR-1-ENDO,-0.21949907,InputSig,NA,NA,LINCSCP_9728,A549,3uM,24h,lung,PARP inhibitor,TNKS|TNKS2,ZGSXEXBYLJIOGF-ALFLXDJESA-N,"InChI=1S/C25H19N3O3/c29-23(27-19-5-1-3-14-4-2-12-26-22(14)19)15-8-10-18(11-9-15)28-24(30)20-16-6-7-17(13-16)21(20)25(28)31/h1-12,16-17,20-21H,13H2,(H,27,29)/t16-,17+,20-,21+",23305,O=C(Nc1cccc2cccnc12)c3ccc(cc3)N4C(=O)[C@@H]5[C@H]6C[C@H](C=C6)[C@@H]5C4=O,NA
Input,SA-242443,-0.21949785,InputSig,NA,NA,LINCSCP_59868,VCAP,5uM,24h,prostate,NA,NA,UCKREMIJSDYNRS-IXFSTUDKSA-N,"InChI=1S/C25H40N4O4/c1-16(2)26-25(32)27-21-8-9-22-20(10-21)11-24(31)29(18(4)15-30)12-17(3)23(33-22)14-28(5)13-19-6-7-19/h8-10,16-19,23,30H,6-7,11-15H2,1-5H3,(H2,26,27,32)/t17-,18+,23-/m0/s1",12432,CC(C)NC(=O)Nc1ccc2O[C@@H](CN(C)CC3CC3)[C@@H](C)CN([C@H](C)CO)C(=O)Cc2c1,NA
Input,Ethylbeta-carboline-3-carboxylate,-0.21939853,InputSig,NA,NA,LINCSCP_290127,VCAP,10uM,24h,prostate,GABA benzodiazepine site receptor inverse agonist,NA,KOVRZNUMIKACTB-UHFFFAOYSA-N,"InChI=1S/C14H12N2O2/c1-2-18-14(17)12-7-10-9-5-3-4-6-11(9)16-13(10)8-15-12/h3-8,16H,2H2,1H3",18142,CCOC(=O)c1cc2c(cn1)[nH]c3ccccc23,NA
Input,BRD-K71353148,-0.21932139,InputSig,NA,NA,LINCSCP_60800,VCAP,5uM,24h,prostate,NA,NA,QZCZRKJJOTUXQW-NJNPRVFISA-N,"InChI=1S/C24H34F3N5O3/c1-17-12-31(18(2)15-33)23(34)9-6-10-32-20(11-28-29-32)16-35-22(17)14-30(3)13-19-7-4-5-8-21(19)24(25,26)27/h4-5,7-8,11,17-18,22,33H,6,9-10,12-16H2,1-3H3/t17-,18+,22+/m0/s1",1067,C[C@H](CO)N1C[C@H](C)[C@@H](CN(C)Cc2ccccc2C(F)(F)F)OCc3cnnn3CCCC1=O,NA
Input,BRD-K19818442,-0.21930123,InputSig,NA,NA,LINCSCP_64374,VCAP,5uM,6h,prostate,NA,NA,XQVZVPLVZQHPJK-BVISUOFCSA-N,"InChI=1S/C34H46ClN5O8S/c1-21-18-40(22(2)20-41)33(42)29-17-27(36-34(43)37-32-24(4)38-48-25(32)5)12-15-30(29)47-23(3)9-7-8-16-46-31(21)19-39(6)49(44,45)28-13-10-26(35)11-14-28/h10-15,17,21-23,31,41H,7-9,16,18-20H2,1-6H3,(H2,36,37,43)/t21-,22-,23-,31+/m1/s1",32194,C[C@H](CO)N1C[C@@H](C)[C@H](CN(C)S(=O)(=O)c2ccc(Cl)cc2)OCCCC[C@@H](C)Oc3ccc(NC(=O)Nc4c(C)onc4C)cc3C1=O,NA
Input,UNII-BXU45ZH6LI,-0.21929506000000001,InputSig,NA,NA,LINCSCP_89914,HA1E,3.33uM,24h,kidney epithelial,Opioid receptor antagonist,OPRL1,VTGBZWHPJFMTKS-UHFFFAOYSA-N,"InChI=1S/C26H25N3O2/c1-3-18-8-11-21(12-9-18)31-16-19-6-4-5-7-22(19)26(30)29-20-10-13-25-23(15-20)24(27)14-17(2)28-25/h4-15H,3,16H2,1-2H3,(H2,27,28)(H,29,30)",35577,CCc1ccc(OCc2ccccc2C(=O)Nc3ccc4nc(C)cc(N)c4c3)cc1,NA
Input,AC1N08ZR,-0.21919141,InputSig,NA,NA,LINCSCP_271650,PC3,10uM,6h,prostate,NA,NA,RTNAIWGSPRZEIT-UHFFFAOYSA-N,"InChI=1S/C18H15Cl2N3OS/c1-10-7-16(22-15-6-4-3-5-13(10)15)25-11(2)18(24)23-17-14(20)8-12(19)9-21-17/h3-9,11H,1-2H3,(H,21,23,24)",18575,CC(Sc1cc(C)c2ccccc2n1)C(=O)Nc3ncc(Cl)cc3Cl,NA
Input,MLS001065876,-0.21912042,InputSig,NA,NA,LINCSCP_25968,HT29,10uM,24h,large intestine,NA,NA,GZMDFKPAEJIEIJ-LJQANCHMSA-N,"InChI=1S/C23H23N3O3/c1-23(2)20-17(16-9-4-5-10-18(16)24-20)12-19-21(27)25(22(28)26(19)23)13-14-7-6-8-15(11-14)29-3/h4-11,19,24H,12-13H2,1-3H3/t19-/m1/s1",15954,COc1cccc(CN2C(=O)[C@H]3Cc4c([nH]c5ccccc45)C(C)(C)N3C2=O)c1,NA
Input,SPECTRUM2_000920,-0.21907587,InputSig,NA,NA,LINCSCP_56373,VCAP,10uM,24h,prostate,DNA alkylating agent|DNA alkylating drug|DNA inhibitor|DNA synthesis inhibitor,NA,NWIBSHFKIJFRCO-CPKMXBGFSA-N,"InChI=1S/C15H18N4O5/c1-5-9(16)12(21)8-6(4-24-14(17)22)15(23-2)13-7(18-13)3-19(15)10(8)11(5)20/h6-7,13,18H,3-4,16H2,1-2H3,(H2,17,22)/t6-,7?,13+,15-/m0/s1",396,CO[C@@]12[C@@H]3NC3CN1C4=C([C@@H]2COC(=O)N)C(=O)C(=C(C)C4=O)N,NA
Input,Entinostat,-0.21904999,InputSig,NA,NA,LINCSCP_133777,MCF7,1.11uM,24h,breast,HDAC inhibitor,HDAC1|HDAC10|HDAC11|HDAC2|HDAC3|HDAC4|HDAC5|HDAC6|HDAC7|HDAC8|HDAC9,INVTYAOGFAGBOE-UHFFFAOYSA-N,"InChI=1S/C21H20N4O3/c22-18-5-1-2-6-19(18)25-20(26)17-9-7-15(8-10-17)13-24-21(27)28-14-16-4-3-11-23-12-16/h1-12H,13-14,22H2,(H,24,27)(H,25,26)",16193,Nc1ccccc1NC(=O)c2ccc(CNC(=O)OCc3cccnc3)cc2,3
Input,Calcitriol,-0.21901396,InputSig,NA,NA,LINCSCP_24133,HL60,10uM,24h,haematopoietic and lymphoid tissue,Vitamin D receptor agonist,VDR,GMRQFYUYWCNGIN-WEARQXOYSA-N,"InChI=1S/C27H44O3/c1-18(8-6-14-26(3,4)30)23-12-13-24-20(9-7-15-27(23,24)5)10-11-21-16-22(28)17-25(29)19(21)2/h10-11,18,22-25,28-30H,2,6-9,12-17H2,1,3-5H3/b20-10+,21-11-/t18-,22-,23+,24+,25+,27-/m1/s1",27150,C[C@H](CCCC(C)(C)O)[C@@H]1CC[C@H]2\C(=C\C=C/3\C[C@@H](O)C[C@H](O)C3=C)\CCC[C@]12C,NA
Input,Calcitriol,-0.21901396,InputSig,NA,NA,LINCSCP_24133,HL60,10uM,24h,haematopoietic and lymphoid tissue,Vitamin D receptor agonist,VDR,GMRQFYUYWCNGIN-NKMMMXOESA-N,"InChI=1S/C27H44O3/c1-18(8-6-14-26(3,4)30)23-12-13-24-20(9-7-15-27(23,24)5)10-11-21-16-22(28)17-25(29)19(21)2/h10-11,18,22-25,28-30H,2,6-9,12-17H2,1,3-5H3/b20-10+,21-11-/t18-,22-,23-,24+,25+,27-/m1/s1",37953,C[C@H](CCCC(C)(C)O)[C@H]1CC[C@H]2\C(=C\C=C/3\C[C@@H](O)C[C@H](O)C3=C)\CCC[C@]12C,4
Input,WZ3105,-0.21899253,InputSig,NA,NA,LINCSCP_116224,HT29,3.33uM,24h,large intestine,CLK2 inihibitor,CLK2|CSNK1E|FLT3|ULK1,DGEBYERMQBTMHV-IRJFHVNHSA-N,"InChI=1S/C25H34N8O/c1-6-21(34)27-18-8-7-9-19(14-18)28-23-22-24(33(15-26-22)16(2)3)31-25(30-23)29-17-10-12-20(13-11-17)32(4)5/h6-9,14-17,20H,1,10-13H2,2-5H3,(H,27,34)(H2,28,29,30,31)/t17-,20-",22305,CC(C)n1cnc2c(Nc3cccc(NC(=O)C=C)c3)nc(N[C@@H]4CC[C@H](CC4)N(C)C)nc12,NA
Input,Desacetoxymatricarin,-0.21894701,InputSig,NA,NA,LINCSCP_30226,MCF7,10uM,6h,breast,Melanin inhibitor,NA,BJPSSVHNEGMBDQ-NUZBWSBOSA-N,"InChI=1S/C15H18O3/c1-7-4-5-10-9(3)15(17)18-14(10)13-8(2)6-11(16)12(7)13/h6,9-10,13-14H,4-5H2,1-3H3/t9-,10-,13-,14-/m0/s1",16084,C[C@H]1[C@@H]2CCC(=C3[C@@H]([C@H]2OC1=O)C(=CC3=O)C)C,NA
Input,Nilutamide,-0.21874111,InputSig,NA,NA,LINCSCP_32886,MCF7,10uM,24h,breast,Androgen receptor antagonist,AR,XWXYUMMDTVBTOU-UHFFFAOYSA-N,"InChI=1S/C12H10F3N3O4/c1-11(2)9(19)17(10(20)16-11)6-3-4-8(18(21)22)7(5-6)12(13,14)15/h3-5H,1-2H3,(H,16,20)",15505,CC1(C)NC(=O)N(C1=O)c2ccc(c(c2)C(F)(F)F)[N+](=O)[O-],4
Input,ENT-Benazepril,-0.21873243,InputSig,NA,NA,LINCSCP_18761,HCC515,10uM,24h,lung,Angiotensin converting enzyme inhibitor,ACE,XPCFTKFZXHTYIP-UHFFFAOYSA-N,"InChI=1S/C24H28N2O5/c1-2-31-24(30)20(14-12-17-8-4-3-5-9-17)25-19-15-13-18-10-6-7-11-21(18)26(23(19)29)16-22(27)28/h3-11,19-20,25H,2,12-16H2,1H3,(H,27,28)",35337,CCOC(=O)C(CCc1ccccc1)NC2CCc3ccccc3N(CC(=O)O)C2=O,NA
Input,AC1NWALF,-0.21862686,InputSig,NA,NA,LINCSCP_80386,A375,0.12uM,24h,skin,ATPase inhibitor,ATP1A1,LTMHDMANZUZIPE-QVYPYPLASA-N,"InChI=1S/C41H64O14/c1-19-36(47)28(42)15-34(50-19)54-38-21(3)52-35(17-30(38)44)55-37-20(2)51-33(16-29(37)43)53-24-8-10-39(4)23(13-24)6-7-26-27(39)14-31(45)40(5)25(9-11-41(26,40)48)22-12-32(46)49-18-22/h12,19-21,23-31,33-38,42-45,47-48H,6-11,13-18H2,1-5H3/t19-,20-,21-,23-,24+,25-,26?,27?,28+,29+,30+,31-,33+,34+,35+,36-,37-,38-,39+,40+,41+/m1/s1",483,C[C@H]1O[C@H](C[C@H](O)[C@@H]1O)O[C@H]2[C@@H](O)C[C@H](O[C@H]3[C@@H](O)C[C@H](O[C@H]4CC[C@@]5(C)[C@H](CCC6C5C[C@@H](O)[C@]7(C)[C@H](CC[C@]67O)C8=CC(=O)OC8)C4)O[C@@H]3C)O[C@@H]2C,NA
Input,SU-11652,-0.21857593,InputSig,NA,NA,LINCSCP_73457,A375,1.11uM,24h,skin,Tyrosine kinase inhibitor,KDR|PDGFRB,XPLJEFSRINKZLC-ATVHPVEESA-N,"InChI=1S/C22H27ClN4O2/c1-5-27(6-2)10-9-24-22(29)20-13(3)19(25-14(20)4)12-17-16-11-15(23)7-8-18(16)26-21(17)28/h7-8,11-12,25H,5-6,9-10H2,1-4H3,(H,24,29)(H,26,28)/b17-12-",17659,CCN(CC)CCNC(=O)c1c(C)[nH]c(\C=C\2/C(=O)Nc3ccc(Cl)cc23)c1C,NA
Input,7-Hydroxychlorpromazine,-0.21852499,InputSig,NA,NA,LINCSCP_43292,NPC,10uM,6h,neural progenitor cells,NA,NA,HICFFJZGXWEIHN-UHFFFAOYSA-N,"InChI=1S/C17H19ClN2OS/c1-19(2)8-3-9-20-14-6-5-13(21)11-17(14)22-16-7-4-12(18)10-15(16)20/h4-7,10-11,21H,3,8-9H2,1-2H3",39752,CN(C)CCCN1c2ccc(O)cc2Sc3ccc(Cl)cc13,NA
Input,Tolazamide,-0.21849221,InputSig,NA,NA,LINCSCP_44456,PC3,10uM,6h,prostate,ATP channel blocker,ABCC8|KCNJ11,OUDSBRTVNLOZBN-UHFFFAOYSA-N,"InChI=1S/C14H21N3O3S/c1-12-6-8-13(9-7-12)21(19,20)16-14(18)15-17-10-4-2-3-5-11-17/h6-9H,2-5,10-11H2,1H3,(H2,15,16,18)",15543,Cc1ccc(cc1)S(=O)(=O)NC(=O)NN2CCCCCC2,4
Input,BRD-K79106177,-0.21847246,InputSig,NA,NA,LINCSCP_299949,VCAP,5uM,24h,prostate,NA,NA,FAXXRWNSKSYYIM-DMPWYTOCSA-N,"InChI=1S/C23H30FN3O5S/c1-15-12-25-16(2)14-32-21-9-8-18(11-20(21)23(28)27(3)13-22(15)31-4)26-33(29,30)19-7-5-6-17(24)10-19/h5-11,15-16,22,25-26H,12-14H2,1-4H3/t15-,16+,22-/m0/s1",6764,CO[C@H]1CN(C)C(=O)c2cc(NS(=O)(=O)c3cccc(F)c3)ccc2OC[C@@H](C)NC[C@@H]1C,NA
Input,MLS002607805,-0.2183829,InputSig,NA,NA,LINCSCP_31314,MCF7,10uM,24h,breast,NA,NA,XQQREQRWWSPKLO-UHFFFAOYSA-N,"InChI=1S/C28H21N3O2/c1-32-22-14-8-7-13-21(22)25-24-20-12-6-5-9-18(20)15-16-23(24)33-28-26(25)27(29)31(17-30-28)19-10-3-2-4-11-19/h2-17,25,29H,1H3",35373,COc1ccccc1C2C3=C(Oc4ccc5ccccc5c24)N=CN(C3=N)c6ccccc6,NA
Input,BAY-117821,-0.21828092,InputSig,NA,NA,LINCSCP_53440,SKMEL28,10uM,6h,skin,NFkB pathway inhibitor,NA,DOEWDSDBFRHVAP-KRXBUXKQSA-N,"InChI=1S/C10H9NO2S/c1-9-3-5-10(6-4-9)14(12,13)8-2-7-11/h2-6,8H,1H3/b8-2+",22956,Cc1ccc(cc1)S(=O)(=O)\C=C\C#N,NA
Input,Gelsemine,-0.21825959,InputSig,NA,NA,LINCSCP_291242,VCAP,10uM,6h,prostate,Acetylcholine receptor antagonist|Glycine receptor antagonist,GLRA3,NFYYATWFXNPTRM-CLIGSAHWSA-N,"InChI=1S/C20H22N2O2/c1-3-19-10-22(2)16-11-9-24-15(8-13(11)19)20(17(16)19)12-6-4-5-7-14(12)21-18(20)23/h3-7,11,13,15-17H,1,8-10H2,2H3,(H,21,23)/t11-,13?,15?,16+,17+,19-,20-/m0/s1",113,CN1C[C@@]2(C=C)C3CC4OC[C@@H]3[C@@H]1[C@H]2[C@@]45C(=O)Nc6ccccc56,NA
Input,BRD-K42620042,-0.21817609,InputSig,NA,NA,LINCSCP_62782,VCAP,5uM,24h,prostate,NA,NA,FEKMHVLVYAIVTJ-SAHWJRBASA-N,"InChI=1S/C24H32F3N3O3/c1-16(23(33-4)14-29(3)13-18-11-20(26)7-10-22(18)27)12-30(17(2)15-31)24(32)28-21-8-5-19(25)6-9-21/h5-11,16-17,23,31H,12-15H2,1-4H3,(H,28,32)/t16-,17+,23-/m1/s1",3117,CO[C@H](CN(C)Cc1cc(F)ccc1F)[C@H](C)CN([C@@H](C)CO)C(=O)Nc2ccc(F)cc2,NA
Input,BRD-K94412749,-0.21817026,InputSig,NA,NA,LINCSCP_65735,VCAP,10uM,24h,prostate,NA,NA,GUMGJXGNMICTIG-ISTJGCCRSA-N,"InChI=1S/C34H49N5O5/c1-23-19-39(24(2)22-40)34(43)18-26-17-27(15-16-30(26)44-31(23)21-38(3)20-25-13-14-25)36-32(41)11-5-4-6-12-33(42)37-29-10-8-7-9-28(29)35/h7-10,15-17,23-25,31,40H,4-6,11-14,18-22,35H2,1-3H3,(H,36,41)(H,37,42)/t23-,24-,31+/m0/s1",13986,C[C@@H](CO)N1C[C@H](C)[C@@H](CN(C)CC2CC2)Oc3ccc(NC(=O)CCCCCC(=O)Nc4ccccc4N)cc3CC1=O,NA
Input,BRD-K03394322-001-01-8,-0.21808309,InputSig,NA,NA,LINCSCP_59561,VCAP,10uM,6h,prostate,NA,NA,QYHFPUZBYVVXLB-CDLOMYRSSA-N,"InChI=1S/C32H44F3N3O7S/c1-22-19-38(23(2)21-39)31(41)27-18-25(36-46(42,43)26-11-6-5-7-12-26)13-14-28(27)45-24(3)10-8-9-17-44-29(22)20-37(4)30(40)15-16-32(33,34)35/h5-7,11-14,18,22-24,29,36,39H,8-10,15-17,19-21H2,1-4H3/t22-,23+,24-,29-/m1/s1",706,C[C@@H](CO)N1C[C@@H](C)[C@@H](CN(C)C(=O)CCC(F)(F)F)OCCCC[C@@H](C)Oc2ccc(NS(=O)(=O)c3ccccc3)cc2C1=O,NA
Input,Zardaverine,-0.21803529,InputSig,NA,NA,LINCSCP_75293,A375,1.11uM,24h,skin,Phosphodiesterase inhibitor,PDE4D,HJMQDJPMQIHLPB-UHFFFAOYSA-N,"InChI=1S/C12H10F2N2O3/c1-18-10-6-7(2-4-9(10)19-12(13)14)8-3-5-11(17)16-15-8/h2-6,12H,1H3,(H,16,17)",35717,COc1cc(ccc1OC(F)F)C2=NNC(=O)C=C2,NA
Input,BRD-K70880645,-0.21802272,InputSig,NA,NA,LINCSCP_66009,VCAP,3uM,24h,prostate,NA,NA,FAPZFILXRWTTCI-VWLOTQADSA-N,"InChI=1S/C29H33F2N3O3/c1-37-21-6-7-22-24(14-21)32-27-25(16-35)34(15-19-13-20(30)5-8-23(19)31)17-29(26(22)27)9-11-33(12-10-29)28(36)18-3-2-4-18/h5-8,13-14,18,25,32,35H,2-4,9-12,15-17H2,1H3/t25-/m0/s1",13382,COc1ccc2c3c([nH]c2c1)[C@H](CO)N(Cc4cc(F)ccc4F)CC35CCN(CC5)C(=O)C6CCC6,NA
Input,Epirubicin,-0.21800897,InputSig,NA,NA,LINCSCP_56532,VCAP,10uM,6h,prostate,Topoisomerase inhibitor,TOP2A,AOJJSUZBOXZQNB-VTZDEGQISA-N,"InChI=1S/C27H29NO11/c1-10-22(31)13(28)6-17(38-10)39-15-8-27(36,16(30)9-29)7-12-19(15)26(35)21-20(24(12)33)23(32)11-4-3-5-14(37-2)18(11)25(21)34/h3-5,10,13,15,17,22,29,31,33,35-36H,6-9,28H2,1-2H3/t10-,13-,15-,17-,22-,27-/m0/s1",38130,COc1cccc2C(=O)c3c(O)c4C[C@](O)(C[C@H](O[C@H]5C[C@H](N)[C@@H](O)[C@H](C)O5)c4c(O)c3C(=O)c12)C(=O)CO,4
Input,Adarotene,-0.21800721,InputSig,NA,NA,LINCSCP_105088,HELA,10uM,24h,large intestine,NA,NA,QAWBIEIZDDIEMW-FPYGCLRLSA-N,"InChI=1S/C25H26O3/c26-23-7-6-21(20-4-1-16(2-5-20)3-8-24(27)28)12-22(23)25-13-17-9-18(14-25)11-19(10-17)15-25/h1-8,12,17-19,26H,9-11,13-15H2,(H,27,28)/b8-3+",27063,OC(=O)\C=C\c1ccc(cc1)c2ccc(O)c(c2)C34CC5CC(CC(C5)C3)C4,NA
Input,MLS002264428,-0.21798561,InputSig,NA,NA,LINCSCP_45638,PC3,10uM,6h,prostate,NA,NA,NFICWMQQAGVGHY-UHFFFAOYSA-N,"InChI=1S/C19H18F2N2O5S/c20-14-2-1-3-15(21)18(14)19(24)22-6-8-23(9-7-22)29(25,26)13-4-5-16-17(12-13)28-11-10-27-16/h1-5,12H,6-11H2",36176,Fc1cccc(F)c1C(=O)N2CCN(CC2)S(=O)(=O)c3ccc4OCCOc4c3,NA
Input,BRD-K93944867,-0.21795815,InputSig,NA,NA,LINCSCP_48225,PC3,5uM,24h,prostate,NA,NA,XNSBVUHLLQGYEX-CYXNTTPDSA-N,"InChI=1S/C26H29FN4O/c27-23-6-2-1-5-22(23)20-7-9-21(10-8-20)26-24-16-30(15-19-13-28-18-29-14-19)11-3-4-12-31(24)25(26)17-32/h1-2,5-10,13-14,18,24-26,32H,3-4,11-12,15-17H2/t24-,25-,26+/m1/s1",13969,OC[C@@H]1[C@H]([C@H]2CN(Cc3cncnc3)CCCCN12)c4ccc(cc4)c5ccccc5F,NA
Input,ZINC21985599,-0.21782231,InputSig,NA,NA,LINCSCP_43218,NPC,10uM,24h,neural progenitor cells,HMGCR inhibitor,HMGCR,PCRLJXQATRCBPW-SOWWUCBVSA-N,"InChI=1S/C23H36O4/c1-4-15(2)23(25)27-21-7-5-6-17-9-8-16(3)20(22(17)21)11-10-19-14-18(24)12-13-26-19/h6,8-9,15-16,18-22,24H,4-5,7,10-14H2,1-3H3/t15-,16-,18-,19+,20-,21-,22-/m0/s1",31658,CC[C@H](C)C(=O)O[C@H]1CCC=C2C=C[C@H](C)[C@H](CC[C@@H]3C[C@@H](O)CCO3)[C@@H]12,NA
Input,Cymarigenen,-0.21779197,InputSig,NA,NA,LINCSCP_64842,VCAP,10uM,24h,prostate,ATPase inhibitor,NA,ODJLBQGVINUMMR-UHFFFAOYSA-N,"InChI=1S/C23H32O6/c1-20-6-3-17-18(4-8-22(27)11-15(25)2-7-21(17,22)13-24)23(20,28)9-5-16(20)14-10-19(26)29-12-14/h10,13,15-18,25,27-28H,2-9,11-12H2,1H3",8339,CC12CCC3C(CCC4(O)CC(O)CCC34C=O)C1(O)CCC2C5=CC(=O)OC5,NA
Input,BRD-K74842589,-0.21776497,InputSig,NA,NA,LINCSCP_65062,VCAP,10uM,6h,prostate,NA,NA,GJYWPGQZJRIMRE-NCXXJVAISA-N,"InChI=1S/C37H55N5O5/c1-26-22-42(27(2)25-43)37(46)21-29-20-30(18-19-33(29)47-34(26)24-41(3)23-28-12-6-4-7-13-28)39-35(44)16-8-5-9-17-36(45)40-32-15-11-10-14-31(32)38/h10-11,14-15,18-20,26-28,34,43H,4-9,12-13,16-17,21-25,38H2,1-3H3,(H,39,44)(H,40,45)/t26-,27-,34+/m1/s1",13484,C[C@H](CO)N1C[C@@H](C)[C@H](CN(C)CC2CCCCC2)Oc3ccc(NC(=O)CCCCCC(=O)Nc4ccccc4N)cc3CC1=O,NA
Input,Epibatidine,-0.21769375,InputSig,NA,NA,LINCSCP_25321,HT29,10uM,6h,large intestine,Acetylcholine receptor agonist,NA,NLPRAJRHRHZCQQ-UHFFFAOYSA-N,"InChI=1S/C11H13ClN2/c12-11-4-1-7(6-13-11)9-5-8-2-3-10(9)14-8/h1,4,6,8-10,14H,2-3,5H2",379,Clc1ccc(cn1)C2CC3CCC2N3,NA
Input,BSPBIO_001542,-0.21764196,InputSig,NA,NA,LINCSCP_4155,A549,10uM,24h,lung,Protein phosphatase inhibitor,PPP1CA|PPP2CA,FKAWLXNLHHIHLA-OQLQHIBWSA-N,"InChI=1S/C50H81N4O15P/c1-29(20-22-51)16-14-17-30(2)32(4)24-33(5)42(57)35(7)38(55)25-41(65-13)45-46(69-70(61,62)63)49(8,9)50(68-45)26-39(56)34(6)40(67-50)19-15-18-36-27-66-48(53-36)31(3)21-23-52-47(60)44(59)43(58)37(28-64-12)54(10)11/h14-18,20,24,27,31,33-35,37-46,55-59H,19,21,23,25-26,28H2,1-13H3,(H,52,60)(H2,61,62,63)/b16-14+,18-15+,29-20-,30-17+,32-24+/t31-,33+,34-,35-,37-,38-,39+,40-,41-,42+,43-,44-,45?,46-,50?/m1/s1",37788,COC[C@H]([C@@H](O)[C@@H](O)C(=O)NCC[C@@H](C)c1occ(\C=C\C[C@H]2OC3(C[C@H](O)[C@H]2C)OC([C@@H](C[C@@H](O)[C@@H](C)[C@@H](O)[C@@H](C)\C=C(/C)\C(=C\C=C\C(=C/C#N)\C)\C)OC)[C@@H](OP(=O)(O)O)C3(C)C)n1)N(C)C,NA
Input,GSK962040,-0.21759931,InputSig,NA,NA,LINCSCP_90673,HA1E,0.04uM,24h,kidney epithelial,Motilin receptor agonist,MLNR,RZKDEGZIFSJVNA-IBGZPJMESA-N,"InChI=1S/C25H33FN4O/c1-19-17-29(14-11-27-19)18-21-7-5-20(6-8-21)15-25(31)30-12-9-23(10-13-30)28-24-4-2-3-22(26)16-24/h2-8,16,19,23,27-28H,9-15,17-18H2,1H3/t19-/m0/s1",27054,C[C@H]1CN(Cc2ccc(CC(=O)N3CCC(CC3)Nc4cccc(F)c4)cc2)CCN1,2
Input,"Cis-N,N-Dimethyl-9-(3-(1-Piperazinyl)Propylidene)Thioxanthene-2-Sulfonamide",-0.2175324,InputSig,NA,NA,LINCSCP_45828,PC3,10uM,6h,prostate,Dopamine receptor antagonist,HTR2A,NIOGWJDNUIUWFG-WSVATBPTSA-N,"InChI=1S/C22H27N3O2S2/c1-24(2)29(26,27)17-9-10-22-20(16-17)18(19-6-3-4-8-21(19)28-22)7-5-13-25-14-11-23-12-15-25/h3-4,6-10,16,23H,5,11-15H2,1-2H3/b18-7-",5370,CN(C)S(=O)(=O)c1ccc2Sc3ccccc3\C(=C\CCN4CCNCC4)\c2c1,NA
Input,"4,11-Diethyl-4,9-dihydroxy-1H-pyrano[3',4':6,7]indolizino[1,2-b]quinoline-3,14(4H,12H)-dione",-0.21752979,InputSig,NA,NA,LINCSCP_25677,HT29,0.5uM,6h,large intestine,Topoisomerase inhibitor,TOP1,FJHBVJOVLFPMQE-UHFFFAOYSA-N,"InChI=1S/C22H20N2O5/c1-3-12-13-7-11(25)5-6-17(13)23-19-14(12)9-24-18(19)8-16-15(20(24)26)10-29-21(27)22(16,28)4-2/h5-8,25,28H,3-4,9-10H2,1-2H3",16512,CCc1c2CN3C(=O)C4=C(C=C3c2nc5ccc(O)cc15)C(O)(CC)C(=O)OC4,NA
Input,Deoxyrhapontin,-0.21752616,InputSig,NA,NA,LINCSCP_44785,PC3,10uM,6h,prostate,Glucosidase inhibitor,XDH,MFMQRDLLSRLUJY-DXKBKAGUSA-N,"InChI=1S/C21H24O8/c1-27-15-6-4-12(5-7-15)2-3-13-8-14(23)10-16(9-13)28-21-20(26)19(25)18(24)17(11-22)29-21/h2-10,17-26H,11H2,1H3/b3-2+/t17-,18-,19+,20-,21-/m1/s1",22181,COc1ccc(\C=C\c2cc(O)cc(O[C@@H]3O[C@H](CO)[C@@H](O)[C@H](O)[C@H]3O)c2)cc1,NA
Input,Rifaximin,-0.21749743,InputSig,NA,NA,LINCSCP_140357,MCF7,10uM,24h,breast,Bacterial DNA-directed RNA polymerase inhibitor,NA,NZCRJKRKKOLAOJ-KOPWYESNSA-N,"InChI=1S/C43H51N3O11/c1-19-14-16-46-28(18-19)44-32-29-30-37(50)25(7)40-31(29)41(52)43(9,57-40)55-17-15-27(54-10)22(4)39(56-26(8)47)24(6)36(49)23(5)35(48)20(2)12-11-13-21(3)42(53)45-33(34(32)46)38(30)51/h11-18,20,22-24,27,35-36,39,48-51H,1-10H3,(H,45,53)/b12-11+,17-15+,21-13+/t20-,22+,23+,24+,27-,35-,36+,39+,43-/m0/s1",2036,CO[C@H]1\C=C\O[C@@]2(C)Oc3c(C)c(O)c4c(O)c(NC(=O)\C(=C\C=C\[C@H](C)[C@H](O)[C@@H](C)[C@@H](O)[C@@H](C)[C@H](OC(=O)C)[C@@H]1C)\C)c5c(nc6cc(C)ccn56)c4c3C2=O,NA
Input,Rifaximin,-0.21749743,InputSig,NA,NA,LINCSCP_140357,MCF7,10uM,24h,breast,Bacterial DNA-directed RNA polymerase inhibitor,NA,NZCRJKRKKOLAOJ-CPJOEXDVSA-N,"InChI=1S/C43H51N3O11/c1-19-14-16-46-28(18-19)44-32-29-30-37(50)25(7)40-31(29)41(52)43(9,57-40)55-17-15-27(54-10)22(4)39(56-26(8)47)24(6)36(49)23(5)35(48)20(2)12-11-13-21(3)42(53)45-33(34(32)46)38(30)51/h11-18,20,22-24,27,35-36,39,48-51H,1-10H3,(H,45,53)/b12-11-,17-15?,21-13-/t20-,22+,23+,24+,27-,35-,36+,39+,43-/m0/s1",27212,CO[C@H]1C=CO[C@@]2(C)Oc3c(C)c(O)c4c(O)c(NC(=O)\C(=C/C=C\[C@H](C)[C@H](O)[C@@H](C)[C@@H](O)[C@@H](C)[C@H](OC(=O)C)[C@@H]1C)\C)c5c(nc6cc(C)ccn56)c4c3C2=O,4
Input,Methocarbamol,-0.21744588,InputSig,NA,NA,LINCSCP_265273,PC3,10uM,6h,prostate,Muscle relaxant,CA1,GNXFOGHNGIVQEH-UHFFFAOYSA-N,"InChI=1S/C11H15NO5/c1-15-9-4-2-3-5-10(9)16-6-8(13)7-17-11(12)14/h2-5,8,13H,6-7H2,1H3,(H2,12,14)",17710,COc1ccccc1OCC(O)COC(=O)N,4
Input,AC1NWAPO,-0.21743104,InputSig,NA,NA,LINCSCP_44492,PC3,10uM,24h,prostate,Glucocorticoid receptor agonist,NA,OIGNJSKKLXVSLS-YDAVOWJHSA-N,"InChI=1S/C21H28O5/c1-19-7-5-13(23)9-12(19)3-4-14-15-6-8-21(26,17(25)11-22)20(15,2)10-16(24)18(14)19/h5,7,9,14-16,18,22,24,26H,3-4,6,8,10-11H2,1-2H3/t14?,15?,16-,18?,19-,20-,21-/m0/s1",349,C[C@]12C[C@H](O)C3C(CCC4=CC(=O)C=C[C@]34C)C1CC[C@]2(O)C(=O)CO,NA
Input,SKF-77434,-0.21742084,InputSig,NA,NA,LINCSCP_18084,HCC515,10uM,6h,lung,Dopamine receptor agonist,DRD1,QBUVZVXIRYFENV-UHFFFAOYSA-N,"InChI=1S/C19H21NO2/c1-2-9-20-10-8-15-11-18(21)19(22)12-16(15)17(13-20)14-6-4-3-5-7-14/h2-7,11-12,17,21-22H,1,8-10,13H2",35401,Oc1cc2CCN(CC=C)CC(c3ccccc3)c2cc1O,NA
Input,HG-14-10-04,-0.21741032,InputSig,NA,NA,LINCSCP_84282,ASC,1.11uM,24h,adipose,NA,NA,HRYNCLKDKCPYBF-UHFFFAOYSA-N,"InChI=1S/C29H34ClN7O/c1-35-13-15-37(16-14-35)20-9-11-36(12-10-20)21-7-8-26(27(17-21)38-2)33-29-32-19-24(30)28(34-29)23-18-31-25-6-4-3-5-22(23)25/h3-8,17-20,31H,9-16H2,1-2H3,(H,32,33,34)",34340,COc1cc(ccc1Nc2ncc(Cl)c(n2)c3c[nH]c4ccccc34)N5CCC(CC5)N6CCN(C)CC6,NA
Input,BRD-K57638192,-0.21740623,InputSig,NA,NA,LINCSCP_35339,MCF7,10uM,24h,breast,NA,NA,IOQJCBWFRPGQBJ-FVBCXUTKSA-N,"InChI=1S/C33H41N5O5/c1-23-19-38(24(2)21-39)32(40)29-11-7-6-10-28(29)27-9-5-4-8-25(27)22-43-30(23)20-36(3)33(41)35-26-12-13-34-31(18-26)37-14-16-42-17-15-37/h4-13,18,23-24,30,39H,14-17,19-22H2,1-3H3,(H,34,35,41)/t23-,24+,30+/m0/s1",41385,C[C@H](CO)N1C[C@H](C)[C@@H](CN(C)C(=O)Nc2ccnc(c2)N3CCOCC3)OCc4ccccc4c5ccccc5C1=O,NA
Input,Spironolactone,-0.2173923,InputSig,NA,NA,LINCSCP_34160,MCF7,10uM,24h,breast,Mineralocorticoid receptor antagonist,NR3C2,LXMSZDCAJNLERA-ZHYRCANASA-N,"InChI=1S/C24H32O4S/c1-14(25)29-19-13-15-12-16(26)4-8-22(15,2)17-5-9-23(3)18(21(17)19)6-10-24(23)11-7-20(27)28-24/h12,17-19,21H,4-11,13H2,1-3H3/t17-,18-,19+,21+,22-,23-,24+/m0/s1",36124,CC(=O)S[C@@H]1CC2=CC(=O)CC[C@]2(C)[C@H]3CC[C@@]4(C)[C@@H](CC[C@@]45CCC(=O)O5)[C@H]13,4
Input,BRD-K83431831,-0.21732416,InputSig,NA,NA,LINCSCP_279541,PC3,10uM,6h,prostate,NA,NA,ZUCJYVPDHBVELS-DXCNDIKUSA-N,"InChI=1S/C36H45F3N4O7S/c1-24-21-43(25(2)23-44)34(45)31-20-29(41-35(46)40-28-15-13-27(14-16-28)36(37,38)39)17-18-32(31)50-26(3)10-8-9-19-49-33(24)22-42(4)51(47,48)30-11-6-5-7-12-30/h5-7,11-18,20,24-26,33,44H,8-10,19,21-23H2,1-4H3,(H2,40,41,46)/t24-,25-,26-,33+/m0/s1",13732,C[C@@H](CO)N1C[C@H](C)[C@@H](CN(C)S(=O)(=O)c2ccccc2)OCCCC[C@H](C)Oc3ccc(NC(=O)Nc4ccc(cc4)C(F)(F)F)cc3C1=O,NA
Input,AM 281,-0.21725123,InputSig,NA,NA,LINCSCP_19200,HCC515,10uM,6h,lung,Cannabinoid receptor antagonist,CNR1,AJFFBPZYXRNAIC-UHFFFAOYSA-N,"InChI=1S/C21H19Cl2IN4O2/c1-13-19(21(29)26-27-8-10-30-11-9-27)25-28(18-7-4-15(22)12-17(18)23)20(13)14-2-5-16(24)6-3-14/h2-7,12H,8-11H2,1H3,(H,26,29)",35881,Cc1c(nn(c2ccc(Cl)cc2Cl)c1c3ccc(I)cc3)C(=O)NN4CCOCC4,NA
Input,Sumatriptan,-0.21724002,InputSig,NA,NA,LINCSCP_178795,A375,10uM,6h,skin,Serotonin receptor agonist,HTR1A|HTR1B|HTR1D|HTR1F,KQKPFRSPSRPDEB-UHFFFAOYSA-N,"InChI=1S/C14H21N3O2S/c1-15-20(18,19)10-11-4-5-14-13(8-11)12(9-16-14)6-7-17(2)3/h4-5,8-9,15-16H,6-7,10H2,1-3H3",36487,CNS(=O)(=O)Cc1ccc2[nH]cc(CCN(C)C)c2c1,4
Input,CHEMBL2354376,-0.21697249,InputSig,NA,NA,LINCSCP_59776,VCAP,5uM,6h,prostate,NA,NA,XJOPVLQFFGEWNL-IQLGONJTSA-N,"InChI=1S/C33H38F3N3O4/c1-22-18-39(23(2)21-40)32(42)17-26-16-28(37-31(41)15-24-7-5-4-6-8-24)13-14-29(26)43-30(22)20-38(3)19-25-9-11-27(12-10-25)33(34,35)36/h4-14,16,22-23,30,40H,15,17-21H2,1-3H3,(H,37,41)/t22-,23-,30-/m1/s1",19716,C[C@H](CO)N1C[C@@H](C)[C@@H](CN(C)Cc2ccc(cc2)C(F)(F)F)Oc3ccc(NC(=O)Cc4ccccc4)cc3CC1=O,NA
Input,GDC-0068,-0.21697225,InputSig,NA,NA,LINCSCP_97021,HA1E,1.11uM,24h,kidney epithelial,NA,NA,GRZXWCHAXNAUHY-AHRSYUTCSA-N,"InChI=1S/C24H32ClN5O2/c1-15(2)26-13-19(17-4-6-18(25)7-5-17)24(32)30-10-8-29(9-11-30)23-21-16(3)12-20(31)22(21)27-14-28-23/h4-7,14-16,19-20,26,31H,8-13H2,1-3H3/t16-,19-,20+/m1/s1",26947,CC(C)NC[C@@H](C(=O)N1CCN(CC1)c2ncnc3[C@@H](O)C[C@@H](C)c23)c4ccc(Cl)cc4,NA
Input,IMD-0354,-0.21694547,InputSig,NA,NA,LINCSCP_66294,WSUDLCL2,10uM,6h,haematopoietic and lymphoid tissue,IKK inhibitor|NFkB pathway inhibitor,IKBKB,CHILCFMQWMQVAL-UHFFFAOYSA-N,"InChI=1S/C15H8ClF6NO2/c16-9-1-2-12(24)11(6-9)13(25)23-10-4-7(14(17,18)19)3-8(5-10)15(20,21)22/h1-6,24H,(H,23,25)",15907,Oc1ccc(Cl)cc1C(=O)Nc2cc(cc(c2)C(F)(F)F)C(F)(F)F,NA
Input,12K-612S,-0.21686074,InputSig,NA,NA,LINCSCP_188485,A549,10uM,6h,lung,NA,NA,YZMLAJBOSVHFEW-UHFFFAOYSA-N,"InChI=1S/C21H15ClN2O2S/c1-26-16-7-9-17(10-8-16)27-20-11-6-15(12-14(20)13-23)24-21(25)18-4-2-3-5-19(18)22/h2-12H,1H3,(H,24,25)",15626,COc1ccc(Sc2ccc(NC(=O)c3ccccc3Cl)cc2C#N)cc1,NA
Input,BRD-K10771753,-0.21684573,InputSig,NA,NA,LINCSCP_298248,VCAP,5uM,24h,prostate,NA,NA,PPFWZCPDKUHMOP-ZWCSXCLXSA-N,"InChI=1S/C30H36N2O4S/c1-23-19-32(24(2)22-33)37(34,35)30-17-16-26(15-14-25-10-6-4-7-11-25)18-28(30)36-29(23)21-31(3)20-27-12-8-5-9-13-27/h4-18,23-24,29,33H,19-22H2,1-3H3/b15-14+/t23-,24-,29+/m1/s1",5395,C[C@H](CO)N1C[C@@H](C)[C@H](CN(C)Cc2ccccc2)Oc3cc(\C=C\c4ccccc4)ccc3S1(=O)=O,NA
Input,MLS000063258,-0.21682494,InputSig,NA,NA,LINCSCP_293360,VCAP,10uM,24h,prostate,NA,NA,RQGNWRSISVFFMW-UHFFFAOYSA-N,"InChI=1S/C15H16N2OS/c18-14(17-9-1-2-10-17)11-19-13-7-3-5-12-6-4-8-16-15(12)13/h3-8H,1-2,9-11H2",15597,O=C(CSc1cccc2cccnc12)N3CCCC3,NA
Input,BRD-K16714380,-0.21680979,InputSig,NA,NA,LINCSCP_60962,VCAP,5uM,6h,prostate,NA,NA,DILHJWACXDWAEF-NXMSCROESA-N,"InChI=1S/C27H34N4O5/c1-17-14-31(26(33)20-6-5-11-28-13-20)18(2)16-36-23-10-9-21(29-25(32)19-7-8-19)12-22(23)27(34)30(3)15-24(17)35-4/h5-6,9-13,17-19,24H,7-8,14-16H2,1-4H3,(H,29,32)/t17-,18+,24-/m1/s1",2078,CO[C@@H]1CN(C)C(=O)c2cc(NC(=O)C3CC3)ccc2OC[C@H](C)N(C[C@H]1C)C(=O)c4cccnc4,NA
Input,ABT-199 (GDC-0199),-0.21676457,InputSig,NA,NA,LINCSCP_140382,MCF7,3.33uM,24h,breast,Apoptosis regulator Bcl-2 inhibitor,BCL2,LQBVNQSMGBZMKD-UHFFFAOYSA-N,"InChI=1S/C45H50ClN7O7S/c1-45(2)15-11-33(39(26-45)31-3-5-34(46)6-4-31)29-51-17-19-52(20-18-51)35-7-9-38(42(24-35)60-36-23-32-12-16-47-43(32)49-28-36)44(54)50-61(57,58)37-8-10-40(41(25-37)53(55)56)48-27-30-13-21-59-22-14-30/h3-10,12,16,23-25,28,30,48H,11,13-15,17-22,26-27,29H2,1-2H3,(H,47,49)(H,50,54)",26668,CC1(C)CCC(=C(C1)c2ccc(Cl)cc2)CN3CCN(CC3)c4ccc(C(=O)NS(=O)(=O)c5ccc(NCC6CCOCC6)c(c5)[N+](=O)[O-])c(Oc7cnc8[nH]ccc8c7)c4,4
Input,BRD-K10232869,-0.21672684,InputSig,NA,NA,LINCSCP_297066,VCAP,5uM,6h,prostate,NA,NA,KULYSGMCKHFPFK-ZRGWGRIASA-N,"InChI=1S/C21H34N4O4/c1-13(2)22-21(28)23-16-7-8-18-17(9-16)20(27)25(15(4)12-26)10-14(3)19(29-18)11-24(5)6/h7-9,13-15,19,26H,10-12H2,1-6H3,(H2,22,23,28)/t14-,15+,19-/m1/s1",31947,CC(C)NC(=O)Nc1ccc2O[C@H](CN(C)C)[C@H](C)CN([C@@H](C)CO)C(=O)c2c1,NA
Input,BRD-K84976438,-0.21663803,InputSig,NA,NA,LINCSCP_307398,VCAP,5uM,24h,prostate,NA,NA,QCHQNBIYSRQADD-UARRHKHWSA-N,"InChI=1S/C26H32F3N3O4/c27-26(28,29)20-3-1-2-19(12-20)14-32-15-21(33)16-35-17-24-23(32)5-4-22(36-24)13-25(34)31-11-8-18-6-9-30-10-7-18/h1-3,6-7,9-10,12,21-24,33H,4-5,8,11,13-17H2,(H,31,34)/t21-,22+,23-,24+/m0/s1",4392,O[C@@H]1COC[C@H]2O[C@@H](CC(=O)NCCc3ccncc3)CC[C@@H]2N(Cc4cccc(c4)C(F)(F)F)C1,NA
Input,GNF-PF-2272,-0.2166144,InputSig,NA,NA,LINCSCP_40941,NEU,10uM,24h,NA,NA,NA,CPXHNWKHOFNPDO-UHFFFAOYSA-N,InChI=1S/C8H9N5O2/c1-4-9-5-6(13(3)11-4)10-8(15)12(2)7(5)14/h1-3H3,1789,CN1N=C(C)N=C2C(=O)N(C)C(=O)N=C12,NA
Input,BRD-K91395443,-0.21657018,InputSig,NA,NA,LINCSCP_312236,VCAP,10uM,6h,prostate,NA,NA,DRQNCGZLFKRWDU-WGKZYHDKSA-N,"InChI=1S/C36H52Cl2N4O5/c1-24-20-42(25(2)23-43)35(44)30-19-29(40-36(45)39-28-11-6-5-7-12-28)14-16-33(30)47-26(3)10-8-9-17-46-34(24)22-41(4)21-27-13-15-31(37)32(38)18-27/h13-16,18-19,24-26,28,34,43H,5-12,17,20-23H2,1-4H3,(H2,39,40,45)/t24-,25+,26+,34+/m0/s1",34053,C[C@H](CO)N1C[C@H](C)[C@@H](CN(C)Cc2ccc(Cl)c(Cl)c2)OCCCC[C@@H](C)Oc3ccc(NC(=O)NC4CCCCC4)cc3C1=O,NA
Input,MAYBRIDGE4_001964,-0.21656881,InputSig,NA,NA,LINCSCP_294539,VCAP,10uM,6h,prostate,NA,NA,WYPFLPTXLQEBSV-UHFFFAOYSA-N,"InChI=1S/C15H12F6N4O/c16-14(17,18)13(15(19,20)21,24-9-11-5-1-2-7-23-11)25-12(26)10-4-3-6-22-8-10/h1-8,24H,9H2,(H,25,26)",1523,FC(F)(F)C(NCc1ccccn1)(NC(=O)c2cccnc2)C(F)(F)F,NA
Input,BRD-K65300017,-0.21656222,InputSig,NA,NA,LINCSCP_61636,VCAP,5uM,24h,prostate,NA,NA,LJWHPXFZVGGEPZ-FSGGQHMVSA-N,"InChI=1S/C33H39N3O5S/c1-23-18-36(24(2)20-37)33(38)32-31(28-16-10-11-17-29(28)35(32)4)27-15-9-8-14-26(27)21-41-30(23)19-34(3)42(39,40)22-25-12-6-5-7-13-25/h5-17,23-24,30,37H,18-22H2,1-4H3/t23-,24+,30-/m1/s1",24908,C[C@@H](CO)N1C[C@@H](C)[C@@H](CN(C)S(=O)(=O)Cc2ccccc2)OCc3ccccc3c4c(C1=O)n(C)c5ccccc45,NA
Input,Securinine,-0.21654567,InputSig,NA,NA,LINCSCP_14347,HA1E,10uM,24h,kidney epithelial,GABA receptor antagonist|TP53 activator,GABRA1,SWZMSZQQJRKFBP-WZRBSPASSA-N,"InChI=1S/C13H15NO2/c15-12-7-9-4-5-10-8-13(9,16-12)11-3-1-2-6-14(10)11/h4-5,7,10-11H,1-3,6,8H2/t10-,11-,13+/m1/s1",36776,O=C1O[C@@]23C[C@@H](C=CC2=C1)N4CCCC[C@H]34,NA
Input,Securinine,-0.21654567,InputSig,NA,NA,LINCSCP_14347,HA1E,10uM,24h,kidney epithelial,GABA receptor antagonist|TP53 activator,GABRA1,SWZMSZQQJRKFBP-KKPNGEORSA-N,"InChI=1S/C13H15NO2/c15-12-7-9-4-5-10-8-13(9,16-12)11-3-1-2-6-14(10)11/h4-5,7,10-11H,1-3,6,8H2/t10-,11-,13?/m1/s1",35350,O=C1OC23C[C@@H](C=CC2=C1)N4CCCC[C@H]34,NA
Input,Roquinimex,-0.21652075,InputSig,NA,NA,LINCSCP_105429,HELA,10uM,24h,large intestine,Angiogenesis inhibitor|TNF production inhibitor,NA,SGOOQMRIPALTEL-UHFFFAOYSA-N,"InChI=1S/C18H16N2O3/c1-19(12-8-4-3-5-9-12)17(22)15-16(21)13-10-6-7-11-14(13)20(2)18(15)23/h3-11,21H,1-2H3",15376,CN(C(=O)C1=C(O)c2ccccc2N(C)C1=O)c3ccccc3,NA
Input,Nilotinib,-0.21651776,InputSig,NA,NA,LINCSCP_295300,VCAP,10uM,24h,prostate,Abl kinase inhibitor|Bcr-Abl kinase inhibitor,ABL1|BCR|KIT,HHZIURLSWUIHRB-UHFFFAOYSA-N,"InChI=1S/C28H22F3N7O/c1-17-5-6-19(10-25(17)37-27-33-9-7-24(36-27)20-4-3-8-32-14-20)26(39)35-22-11-21(28(29,30)31)12-23(13-22)38-15-18(2)34-16-38/h3-16H,1-2H3,(H,35,39)(H,33,36,37)",15132,Cc1cn(cn1)c2cc(NC(=O)c3ccc(C)c(Nc4nccc(n4)c5cccnc5)c3)cc(c2)C(F)(F)F,4
Input,Avicin-D,-0.21648438,InputSig,NA,NA,LINCSCP_55264,U266,10uM,6h,lymphoid,NFkB pathway inhibitor,NA,HKEDBKXRDHFCFB-OIUXLAMQSA-N,"InChI=1S/C98H155NO46/c1-16-93(11,127)26-18-20-45(34-101)81(125)139-75-41(4)132-87(73(122)69(75)118)145-94(12,17-2)27-19-21-44(33-100)80(124)137-57-32-98(90(126)144-89-79(68(117)62(111)50(36-103)135-89)143-86-74(123)77(141-85-72(121)66(115)61(110)49(35-102)133-85)76(42(5)131-86)140-84-71(120)63(112)51(37-104)134-84)47(30-91(57,7)8)46-22-23-54-95(13)28-25-56(92(9,10)53(95)24-29-96(54,14)97(46,15)31-55(98)107)138-82-58(99-43(6)105)65(114)64(113)52(136-82)39-129-88-78(67(116)59(108)40(3)130-88)142-83-70(119)60(109)48(106)38-128-83/h16-17,20-22,40-42,47-79,82-89,100-104,106-123,127H,1-2,18-19,23-39H2,3-15H3,(H,99,105)/b44-21+,45-20+/t40?,41?,42?,47?,48-,49?,50?,51+,52?,53?,54?,55-,56+,57+,58+,59+,60-,61-,62-,63+,64-,65+,66-,67-,68-,69+,70+,71+,72+,73+,74+,75-,76+,77+,78+,79+,82+,83+,84+,85+,86+,87+,88-,89+,93?,94-,95+,96-,97-,98-/m1/s1",5590,CC1O[C@@H](OCC2O[C@@H](O[C@H]3CC[C@@]4(C)C(CC[C@]5(C)C4CC=C6C7CC(C)(C)[C@H](C[C@@]7([C@H](O)C[C@@]56C)C(=O)O[C@@H]8OC(CO)[C@@H](O)[C@@H](O)[C@@H]8O[C@@H]9OC(C)[C@H](O[C@@H]%10O[C@@H](CO)[C@H](O)[C@@H]%10O)[C@@H](O[C@@H]%11OC(CO)[C@@H](O)[C@@H](O)[C@@H]%11O)[C@@H]9O)OC(=O)\C(=C\CC[C@](C)(O[C@@H]%12OC(C)[C@@H](OC(=O)\C(=C\CCC(C)(O)C=C)\CO)[C@@H](O)[C@@H]%12O)C=C)\CO)C3(C)C)[C@@H](NC(=O)C)[C@H](O)[C@@H]2O)[C@@H](O[C@@H]%13OC[C@@H](O)[C@@H](O)[C@@H]%13O)[C@H](O)[C@H]1O,NA
Input,Nafronyl,-0.21647564,InputSig,NA,NA,LINCSCP_78871,A375,0.04uM,24h,skin,Adrenergic receptor antagonist,NA,KBAFPSLPKGSANY-UHFFFAOYSA-N,"InChI=1S/C24H33NO3/c1-3-25(4-2)14-16-28-24(26)21(18-22-12-8-15-27-22)17-20-11-7-10-19-9-5-6-13-23(19)20/h5-7,9-11,13,21-22H,3-4,8,12,14-18H2,1-2H3",35411,CCN(CC)CCOC(=O)C(CC1CCCO1)Cc2cccc3ccccc23,NA
Input,CHEMBL2002102,-0.21636663,InputSig,NA,NA,LINCSCP_59577,VCAP,10uM,6h,prostate,NA,NA,NWAOHTRJRZZISF-WTRZPYMOSA-N,"InChI=1S/C35H45FN4O7S/c1-24-21-40(25(2)23-41)34(42)31-20-29(38-48(44,45)30-11-6-5-7-12-30)17-18-32(31)47-26(3)10-8-9-19-46-33(24)22-39(4)35(43)37-28-15-13-27(36)14-16-28/h5-7,11-18,20,24-26,33,38,41H,8-10,19,21-23H2,1-4H3,(H,37,43)/t24-,25+,26-,33-/m1/s1",40117,C[C@@H](CO)N1C[C@@H](C)[C@@H](CN(C)C(=O)Nc2ccc(F)cc2)OCCCC[C@@H](C)Oc3ccc(NS(=O)(=O)c4ccccc4)cc3C1=O,NA
Input,CHEMBL2356537,-0.21636432,InputSig,NA,NA,LINCSCP_28767,HUH7,10uM,24h,liver,NA,NA,BHEWHBNGLCOXBN-SWADQOEESA-N,"InChI=1S/C33H31FN2O7S/c34-22-8-13-27(14-9-22)44(39,40)36-23-10-15-30-28(16-23)29-17-26(42-31(20-37)33(29)43-30)18-32(38)35-19-21-6-11-25(12-7-21)41-24-4-2-1-3-5-24/h1-16,26,29,31,33,36-37H,17-20H2,(H,35,38)/t26-,29+,31+,33-/m0/s1",18584,OC[C@H]1O[C@H](CC(=O)NCc2ccc(Oc3ccccc3)cc2)C[C@H]4[C@@H]1Oc5ccc(NS(=O)(=O)c6ccc(F)cc6)cc45,NA
Input,CHEMBL1773273,-0.21631919,InputSig,NA,NA,LINCSCP_5016,A549,10uM,24h,lung,NA,NA,XWEZRSCMBQVPCF-UHFFFAOYSA-N,"InChI=1S/C22H18F3N3O4S/c1-14-9-20(27-32-14)26-21(29)13-33(30,31)19-12-28(18-8-3-2-7-17(18)19)11-15-5-4-6-16(10-15)22(23,24)25/h2-10,12H,11,13H2,1H3,(H,26,27,29)",36067,Cc1onc(NC(=O)CS(=O)(=O)c2cn(Cc3cccc(c3)C(F)(F)F)c4ccccc24)c1,NA
Input,AB00540133,-0.21630562,InputSig,NA,NA,LINCSCP_4729,A549,10uM,6h,lung,NA,NA,TUPPZGFKINLCEX-UHFFFAOYSA-N,"InChI=1S/C16H14N2O2S/c1-17(2)15(19)11-6-5-7-12(10-11)18-16(20)13-8-3-4-9-14(13)21-18/h3-10H,1-2H3",17394,CN(C)C(=O)c1cccc(c1)N2Sc3ccccc3C2=O,NA
Input,4-(4-Octadecylphenyl)-4-oxobut-2-enoic acid,-0.21624788,InputSig,NA,NA,LINCSCP_44137,PC3,10uM,6h,prostate,Phospholipase inhibitor,PLA2G1B,ZBESASFHIWDSCJ-UHFFFAOYSA-N,"InChI=1S/C28H44O3/c1-2-3-4-5-6-7-8-9-10-11-12-13-14-15-16-17-18-25-19-21-26(22-20-25)27(29)23-24-28(30)31/h19-24H,2-18H2,1H3,(H,30,31)",22788,CCCCCCCCCCCCCCCCCCc1ccc(cc1)C(=O)C=CC(=O)O,NA
Input,25-Hydroxycholecalciferol,-0.21623406,InputSig,NA,NA,LINCSCP_47019,PC3,10uM,6h,prostate,Vitamin D receptor agonist,VDR,JWUBBDSIWDLEOM-DTOXIADCSA-N,"InChI=1S/C27H44O2/c1-19-10-13-23(28)18-22(19)12-11-21-9-7-17-27(5)24(14-15-25(21)27)20(2)8-6-16-26(3,4)29/h11-12,20,23-25,28-29H,1,6-10,13-18H2,2-5H3/b21-11+,22-12-/t20-,23+,24-,25+,27-/m1/s1",17691,C[C@H](CCCC(C)(C)O)[C@H]1CC[C@H]2\C(=C\C=C/3\C[C@@H](O)CCC3=C)\CCC[C@]12C,4
Input,ZK 756326,-0.21617723,InputSig,NA,NA,LINCSCP_521,A375,10uM,6h,skin,CC chemokine receptor ligand,CCR8,SHDFUNGIHDOLQM-UHFFFAOYSA-N,"InChI=1S/C21H28N2O3/c24-14-16-25-15-13-22-9-11-23(12-10-22)18-19-5-4-8-21(17-19)26-20-6-2-1-3-7-20/h1-8,17,24H,9-16,18H2",15807,OCCOCCN1CCN(Cc2cccc(Oc3ccccc3)c2)CC1,NA
Input,3-Methyladenine,-0.21615068,InputSig,NA,NA,LINCSCP_51225,RMUGS,10uM,6h,ovary,NA,NA,ZPBYVFQJHWLTFB-UHFFFAOYSA-N,"InChI=1S/C6H7N5/c1-11-3-10-5(7)4-6(11)9-2-8-4/h2-3,7H,1H3,(H,8,9)",22251,CN1C=NC(=N)c2nc[nH]c12,NA
Input,"1,3(2H,9bh)-Dibenzofurandione, 2,6-diacetyl-7,9-dihydroxy-8,9b-dimethyl-,(9bs)-",-0.21603578,InputSig,NA,NA,LINCSCP_207589,FIBRNPC,10uM,6h,NA,Bacterial DNA inhibitor,NA,CUCUKLJLRRAKFN-KKIBXBACSA-N,"InChI=1S/C18H16O7/c1-6-14(22)12(8(3)20)16-13(15(6)23)18(4)10(25-16)5-9(21)11(7(2)19)17(18)24/h5,11,22-23H,1-4H3/t11?,18-/m1/s1",11544,CC(=O)C1C(=O)C=C2Oc3c(C(=O)C)c(O)c(C)c(O)c3[C@]2(C)C1=O,NA
Input,Ciprofibrate,-0.21600694,InputSig,NA,NA,LINCSCP_47846,PC3,10uM,6h,prostate,PPAR receptor agonist,PPARA,KPSRODZRAIWAKH-UHFFFAOYSA-N,"InChI=1S/C13H14Cl2O3/c1-12(2,11(16)17)18-9-5-3-8(4-6-9)10-7-13(10,14)15/h3-6,10H,7H2,1-2H3,(H,16,17)",9771,CC(C)(Oc1ccc(cc1)C2CC2(Cl)Cl)C(=O)O,4
Input,Maxacalcitol-D6,-0.21599099,InputSig,NA,NA,LINCSCP_125170,HT29,10uM,24h,large intestine,NA,NA,DTXXSJZBSTYZKE-OXMAATCFSA-N,"InChI=1S/C26H42O4/c1-17-20(15-21(27)16-24(17)28)9-8-19-7-6-12-26(5)22(10-11-23(19)26)18(2)30-14-13-25(3,4)29/h8-9,18,21-24,27-29H,1,6-7,10-16H2,2-5H3/b19-8+,20-9-/t18-,21+,22+,23-,24-,26+/m0/s1/i3D3,4D3",26601,[2H]C([2H])([2H])C(O)(CCO[C@@H](C)[C@H]1CC[C@H]2\C(=C\C=C/3\C[C@@H](O)C[C@H](O)C3=C)\CCC[C@]12C)C([2H])([2H])[2H],NA
Input,138402-11-6,-0.21598252,InputSig,NA,NA,LINCSCP_179571,A375,10uM,6h,skin,Angiotensin receptor antagonist,AGTR1,NA,NA,NA,NA,NA
Input,Loratadine,-0.2159762,InputSig,NA,NA,LINCSCP_78280,A375,10uM,24h,skin,Histamine receptor antagonist,HRH1,JCCNYMKQOSZNPW-UHFFFAOYSA-N,"InChI=1S/C22H23ClN2O2/c1-2-27-22(26)25-12-9-15(10-13-25)20-19-8-7-18(23)14-17(19)6-5-16-4-3-11-24-21(16)20/h3-4,7-8,11,14H,2,5-6,9-10,12-13H2,1H3",16441,CCOC(=O)N1CCC(=C2c3ccc(Cl)cc3CCc4cccnc24)CC1,4
Input,RS504393,-0.21590783,InputSig,NA,NA,LINCSCP_44163,PC3,10uM,6h,prostate,CC chemokine receptor antagonist,CCR2,ODNICNWASXKNNQ-UHFFFAOYSA-N,"InChI=1S/C25H27N3O3/c1-17-8-9-22-20(16-17)25(31-24(29)27-22)11-14-28(15-12-25)13-10-21-18(2)30-23(26-21)19-6-4-3-5-7-19/h3-9,16H,10-15H2,1-2H3,(H,27,29)",36103,Cc1ccc2NC(=O)OC3(CCN(CCc4nc(oc4C)c5ccccc5)CC3)c2c1,NA
Input,noscapine,-0.21587876,InputSig,NA,NA,LINCSCP_131398,MCF10A,1.11uM,24h,breast epithelial,NA,NA,NA,NA,NA,NA,NA
Input,HY-11007,-0.21576511,InputSig,NA,NA,LINCSCP_134007,MCF7,10uM,24h,breast,Bcr-Abl kinase inhibitor,ABL1|BCR,WEVYNIUIFUYDGI-UHFFFAOYSA-N,"InChI=1S/C18H13F3N4O2/c19-18(20,21)27-14-6-4-13(5-7-14)25-16-9-15(23-10-24-16)11-2-1-3-12(8-11)17(22)26/h1-10H,(H2,22,26)(H,23,24,25)",36829,NC(=O)c1cccc(c1)c2cc(Nc3ccc(OC(F)(F)F)cc3)ncn2,NA
Input,BRD-K82462147,-0.21575394,InputSig,NA,NA,LINCSCP_61287,VCAP,5uM,24h,prostate,NA,NA,AKULYVRZEMKLJR-NXHTTZLHSA-N,"InChI=1S/C25H32F2N4O4/c1-15-12-30(3)16(2)14-35-22-11-18(7-8-19(22)24(32)31(4)13-23(15)34-5)28-25(33)29-21-10-17(26)6-9-20(21)27/h6-11,15-16,23H,12-14H2,1-5H3,(H2,28,29,33)/t15-,16+,23+/m0/s1",8445,CO[C@@H]1CN(C)C(=O)c2ccc(NC(=O)Nc3cc(F)ccc3F)cc2OC[C@@H](C)N(C)C[C@@H]1C,NA
Input,BRD32048,-0.21574822,InputSig,NA,NA,LINCSCP_251072,MCF7,10uM,24h,breast,NA,NA,PVHJDJWPRZUURH-UHFFFAOYSA-N,"InChI=1S/C16H22N6O/c1-23-13-7-5-12(6-8-13)18-16-20-14(19-15(17)21-16)11-22-9-3-2-4-10-22/h5-8H,2-4,9-11H2,1H3,(H3,17,18,19,20,21)",11994,COc1ccc(Nc2nc(N)nc(CN3CCCCC3)n2)cc1,NA
Input,BRD-K29335396,-0.21572436,InputSig,NA,NA,LINCSCP_60533,VCAP,5uM,24h,prostate,NA,NA,BDEMCWTZQNVVEU-UEXGIBASSA-N,"InChI=1S/C22H33N5O5S/c1-17-12-27(18(2)15-28)22(29)10-7-11-26-13-19(23-24-26)16-32-21(17)14-25(3)33(30,31)20-8-5-4-6-9-20/h4-6,8-9,13,17-18,21,28H,7,10-12,14-16H2,1-3H3/t17-,18+,21-/m0/s1",578,C[C@H](CO)N1C[C@H](C)[C@H](CN(C)S(=O)(=O)c2ccccc2)OCc3cn(CCCC1=O)nn3,NA
Input,OTSSP167,-0.2156759,InputSig,NA,NA,LINCSCP_146306,MNEU.E,3.33uM,24h,NA,NA,NA,DKZYXHCYPUVGAF-JCNLHEQBSA-N,"InChI=1S/C25H28Cl2N4O2/c1-14(32)18-12-28-22-9-8-21(16-10-19(26)25(33)20(27)11-16)30-24(22)23(18)29-17-6-4-15(5-7-17)13-31(2)3/h8-12,15,17,33H,4-7,13H2,1-3H3,(H,28,29)/t15-,17-",5821,CN(C)C[C@@H]1CC[C@H](CC1)Nc2c(cnc3ccc(nc23)c4cc(Cl)c(O)c(Cl)c4)C(=O)C,NA
Input,SPECTRUM_001088,-0.2156365,InputSig,NA,NA,LINCSCP_30326,MCF7,10uM,6h,breast,Glucocorticoid receptor agonist|Mineralocorticoid receptor agonist,NR3C2,SYWHXTATXSMDSB-JORUCDAYSA-N,"InChI=1S/C23H31FO6/c1-13(25)30-12-19(28)22(29)9-7-16-17-5-4-14-10-15(26)6-8-20(14,2)23(17,24)18(27)11-21(16,22)3/h10,16-18,27,29H,4-9,11-12H2,1-3H3/t16?,17?,18-,20-,21-,22-,23-/m0/s1",22399,CC(=O)OCC(=O)[C@@]1(O)CCC2C3CCC4=CC(=O)CC[C@]4(C)[C@@]3(F)[C@@H](O)C[C@]12C,NA
Input,CHEMBL578162,-0.21563142,InputSig,NA,NA,LINCSCP_4937,A549,10uM,24h,lung,NA,NA,SKIHJAAPCWIBJZ-UHFFFAOYSA-N,"InChI=1S/C17H15ClN6/c18-11-4-3-5-12(8-11)21-16-15-17(23-14(9-19)22-16)24(10-20-15)13-6-1-2-7-13/h3-5,8,10,13H,1-2,6-7H2,(H,21,22,23)",35639,Clc1cccc(Nc2nc(nc3c2ncn3C4CCCC4)C#N)c1,NA
Input,BRD-K60759206,-0.21557297,InputSig,NA,NA,LINCSCP_63231,VCAP,5uM,24h,prostate,NA,NA,MBWHXZFHLNKYMT-XJABCFGWSA-N,"InChI=1S/C25H31N5O5S/c1-28-7-9-30(10-8-28)23(31)12-17-4-5-20-22(35-17)13-34-21-6-3-16(11-18(21)25(33)29(20)2)27-24(32)19-14-36-15-26-19/h3,6,11,14-15,17,20,22H,4-5,7-10,12-13H2,1-2H3,(H,27,32)/t17-,20-,22-/m0/s1",3791,CN1CCN(CC1)C(=O)C[C@@H]2CC[C@H]3[C@H](COc4ccc(NC(=O)c5cscn5)cc4C(=O)N3C)O2,NA
Input,C29H35NO2,-0.21552836,InputSig,NA,NA,LINCSCP_11233,ASC,10uM,24h,adipose,Glucocorticoid receptor antagonist|Progesterone receptor antagonist,AR|NR3C1|PGR,VKHAHZOOUSRJNA-UHFFFAOYSA-N,"InChI=1S/C29H35NO2/c1-5-15-29(32)16-14-26-24-12-8-20-17-22(31)11-13-23(20)27(24)25(18-28(26,29)2)19-6-9-21(10-7-19)30(3)4/h6-7,9-10,17,24-26,32H,8,11-14,16,18H2,1-4H3",22408,CC#CC1(O)CCC2C3CCC4=CC(=O)CCC4=C3C(CC12C)c5ccc(cc5)N(C)C,NA
Input,BRD-K78559095,-0.21548732,InputSig,NA,NA,LINCSCP_31979,MCF7,10uM,24h,breast,NA,NA,NBSWDDYYSVSJDY-XCGNWRKASA-N,"InChI=1S/C26H32N6O7S/c1-15-12-32(16(2)14-33)26(35)19-7-6-8-20(29-25(34)21-11-27-9-10-28-21)23(19)38-22(15)13-31(5)40(36,37)24-17(3)30-39-18(24)4/h6-11,15-16,22,33H,12-14H2,1-5H3,(H,29,34)/t15-,16-,22-/m1/s1",13583,C[C@H](CO)N1C[C@@H](C)[C@@H](CN(C)S(=O)(=O)c2c(C)onc2C)Oc3c(NC(=O)c4cnccn4)cccc3C1=O,NA
Input,BRD-K70685076,-0.21545009,InputSig,NA,NA,LINCSCP_249582,MCF7,5uM,24h,breast,NA,NA,LWBQJMKYBYQDDB-RBUKOAKNSA-N,"InChI=1S/C22H26N4O3/c1-15(2)24-21(29)25-13-22(14-25)19(16-8-4-3-5-9-16)18(12-27)26(22)20(28)17-10-6-7-11-23-17/h3-11,15,18-19,27H,12-14H2,1-2H3,(H,24,29)/t18-,19+/m0/s1",33477,CC(C)NC(=O)N1CC2(C1)[C@@H]([C@H](CO)N2C(=O)c3ccccn3)c4ccccc4,NA
Input,WYE 125132,-0.21536934,InputSig,NA,NA,LINCSCP_36438,MCF7,0.1uM,24h,breast,MTOR inhibitor,MTOR,QLHHRYZMBGPBJG-UHFFFAOYSA-N,"InChI=1S/C27H33N7O4/c1-28-26(35)30-18-4-2-17(3-5-18)23-31-24(33-15-20-6-7-21(16-33)38-20)22-14-29-34(25(22)32-23)19-8-10-27(11-9-19)36-12-13-37-27/h2-5,14,19-21H,6-13,15-16H2,1H3,(H2,28,30,35)",17499,CNC(=O)Nc1ccc(cc1)c2nc(N3CC4CCC(C3)O4)c5cnn(C6CCC7(CC6)OCCO7)c5n2,NA
Input,MLS003128613,-0.21529088,InputSig,NA,NA,LINCSCP_26163,HT29,10uM,6h,large intestine,NA,NA,KACBDTJKYGZZRI-UHFFFAOYSA-N,"InChI=1S/C21H19ClN8OS/c22-13-1-2-15-16(9-13)26-17(25-15)10-23-19-18-20(30(12-24-18)14-3-8-32-11-14)28-21(27-19)29-4-6-31-7-5-29/h1-3,8-9,11-12H,4-7,10H2,(H,25,26)(H,23,27,28)",7103,Clc1ccc2[nH]c(CNc3nc(nc4c3ncn4c5ccsc5)N6CCOCC6)nc2c1,NA
Input,Bepotastine Besilate,-0.21529028,InputSig,NA,NA,LINCSCP_126587,HT29,3.33uM,24h,large intestine,Histamine H1 receptor antagonist,HRH1,YWGDOWXRIALTES-NRFANRHFSA-N,"InChI=1S/C21H25ClN2O3/c22-17-8-6-16(7-9-17)21(19-4-1-2-12-23-19)27-18-10-14-24(15-11-18)13-3-5-20(25)26/h1-2,4,6-9,12,18,21H,3,5,10-11,13-15H2,(H,25,26)/t21-/m0/s1",26680,OC(=O)CCCN1CCC(CC1)O[C@@H](c2ccc(Cl)cc2)c3ccccn3,4
Input,Acarbose,-0.21526582,InputSig,NA,NA,LINCSCP_293803,VCAP,10uM,24h,prostate,Glucosidase inhibitor,AMY2A|GAA|MGAM,XUFXOAAUWZOOIT-UGEKTDRHSA-N,"InChI=1S/C25H43NO18/c1-6-11(26-8-2-7(3-27)12(30)15(33)13(8)31)14(32)19(37)24(40-6)43-22-10(5-29)42-25(20(38)17(22)35)44-21-9(4-28)41-23(39)18(36)16(21)34/h2,6,8-39H,3-5H2,1H3/t6-,8+,9-,10-,11-,12-,13+,14+,15+,16-,17-,18-,19-,20-,21-,22-,23?,24-,25-/m1/s1",171,C[C@H]1O[C@H](O[C@H]2[C@H](O)[C@@H](O)[C@@H](O[C@H]3[C@H](O)[C@@H](O)C(O)O[C@@H]3CO)O[C@@H]2CO)[C@H](O)[C@@H](O)[C@@H]1N[C@H]4C=C(CO)[C@@H](O)[C@H](O)[C@H]4O,NA
Input,Acarbose,-0.21526582,InputSig,NA,NA,LINCSCP_293803,VCAP,10uM,24h,prostate,Glucosidase inhibitor,AMY2A|GAA|MGAM,XUFXOAAUWZOOIT-SXARVLRPSA-N,"InChI=1S/C25H43NO18/c1-6-11(26-8-2-7(3-27)12(30)15(33)13(8)31)14(32)19(37)24(40-6)43-22-10(5-29)42-25(20(38)17(22)35)44-21-9(4-28)41-23(39)18(36)16(21)34/h2,6,8-39H,3-5H2,1H3/t6-,8+,9-,10-,11-,12-,13+,14+,15+,16-,17-,18-,19-,20-,21-,22-,23-,24-,25-/m1/s1",36276,C[C@H]1O[C@H](O[C@H]2[C@H](O)[C@@H](O)[C@@H](O[C@H]3[C@H](O)[C@@H](O)[C@H](O)O[C@@H]3CO)O[C@@H]2CO)[C@H](O)[C@@H](O)[C@@H]1N[C@H]4C=C(CO)[C@@H](O)[C@H](O)[C@H]4O,4
Input,Dantrolene-13C3,-0.21516123,InputSig,NA,NA,LINCSCP_78185,A375,3.33uM,24h,skin,Calcium channel blocker,RYR1,OZOMQRBLCMDCEG-UHFFFAOYSA-N,"InChI=1S/C14H10N4O5/c19-13-8-17(14(20)16-13)15-7-11-5-6-12(23-11)9-1-3-10(4-2-9)18(21)22/h1-7H,8H2,(H,16,19,20)",3581,[O-][N+](=O)c1ccc(cc1)c2oc(C=NN3CC(=O)NC3=O)cc2,NA
Input,BRD-K85751793,-0.21514746,InputSig,NA,NA,LINCSCP_65532,VCAP,10uM,6h,prostate,NA,NA,GLVBIXWSAPOEAD-NDEPHWFRSA-N,"InChI=1S/C32H37N3O6S/c1-39-23-8-11-25(12-9-23)42(37,38)35-16-14-32(15-17-35)21-34(19-22-6-4-5-7-29(22)41-3)28(20-36)31-30(32)26-13-10-24(40-2)18-27(26)33-31/h4-13,18,28,33,36H,14-17,19-21H2,1-3H3/t28-/m0/s1",13790,COc1ccc(cc1)S(=O)(=O)N2CCC3(CC2)CN(Cc4ccccc4OC)[C@@H](CO)c5[nH]c6cc(OC)ccc6c35,NA
Input,CHEMBL2152368,-0.21510541,InputSig,NA,NA,LINCSCP_234630,JURKAT,0.5uM,6h,haematopoietic and lymphoid tissue,NA,NA,AINZSMIJPNBGRE-DBLORFJXSA-N,"InChI=1S/C18H22N2O4/c1-13(21)19-15-10-6-3-7-11-17(22)20-16(12-24-18(15)23)14-8-4-2-5-9-14/h2-6,8-9,15-16H,7,10-12H2,1H3,(H,19,21)(H,20,22)/b6-3+/t15-,16+/m1/s1",38058,CC(=O)N[C@@H]1C\C=C\CCC(=O)N[C@@H](COC1=O)c2ccccc2,NA
Input,Zamifenacin,-0.21509469,InputSig,NA,NA,LINCSCP_380,A375,10uM,24h,skin,Acetylcholine receptor antagonist,CHRM3,BDNFQGRSKSQXRI-XMMPIXPASA-N,"InChI=1S/C27H29NO3/c1-3-8-22(9-4-1)27(23-10-5-2-6-11-23)31-24-12-7-16-28(19-24)17-15-21-13-14-25-26(18-21)30-20-29-25/h1-6,8-11,13-14,18,24,27H,7,12,15-17,19-20H2/t24-/m1/s1",36044,C(Cc1ccc2OCOc2c1)N3CCC[C@H](C3)OC(c4ccccc4)c5ccccc5,NA
Input,BRD-K37303684,-0.21505379,InputSig,NA,NA,LINCSCP_27507,HT29,5uM,24h,large intestine,NA,NA,BDFFQCHCBQOAPA-ZHALLVOQSA-N,"InChI=1S/C21H32N2O7S/c1-28-18-4-2-3-5-20(18)31(26,27)23-17-7-6-16(30-19(17)14-24)8-11-22-21(25)15-9-12-29-13-10-15/h2-5,15-17,19,23-24H,6-14H2,1H3,(H,22,25)/t16-,17-,19-/m1/s1",2936,COc1ccccc1S(=O)(=O)N[C@@H]2CC[C@H](CCNC(=O)C3CCOCC3)O[C@@H]2CO,NA
Input,BRD-K98123586,-0.21503407,InputSig,NA,NA,LINCSCP_63437,VCAP,5uM,24h,prostate,NA,NA,JZWHDUCFLDKMHA-ZYVVXELTSA-N,"InChI=1S/C30H35N3O8/c1-33-23-5-4-21(14-28(34)31-15-18-2-6-25-26(12-18)40-17-39-25)41-27(23)16-38-24-7-3-20(13-22(24)30(33)36)32-29(35)19-8-10-37-11-9-19/h2-3,6-7,12-13,19,21,23,27H,4-5,8-11,14-17H2,1H3,(H,31,34)(H,32,35)/t21-,23+,27+/m1/s1",25414,CN1[C@H]2CC[C@H](CC(=O)NCc3ccc4OCOc4c3)O[C@H]2COc5ccc(NC(=O)C6CCOCC6)cc5C1=O,NA
Input,Daunorubicin,-0.21503331,InputSig,NA,NA,LINCSCP_24135,HL60,0.5uM,24h,haematopoietic and lymphoid tissue,DNA topoisomerase II alpha inhibitor,TOP2A,STQGQHZAVUOBTE-VGBVRHCVSA-N,"InChI=1S/C27H29NO10/c1-10-22(30)14(28)7-17(37-10)38-16-9-27(35,11(2)29)8-13-19(16)26(34)21-20(24(13)32)23(31)12-5-4-6-15(36-3)18(12)25(21)33/h4-6,10,14,16-17,22,30,32,34-35H,7-9,28H2,1-3H3/t10-,14-,16-,17-,22+,27-/m0/s1",15653,COc1cccc2C(=O)c3c(O)c4C[C@](O)(C[C@H](O[C@H]5C[C@H](N)[C@H](O)[C@H](C)O5)c4c(O)c3C(=O)c12)C(=O)C,4
Input,Mebendazole,-0.21502788,InputSig,NA,NA,LINCSCP_76171,A375,3.33uM,24h,skin,Tubulin inhibitor,NA,OPXLLQIJSORQAM-UHFFFAOYSA-N,"InChI=1S/C16H13N3O3/c1-22-16(21)19-15-17-12-8-7-11(9-13(12)18-15)14(20)10-5-3-2-4-6-10/h2-9H,1H3,(H2,17,18,19,21)",36029,COC(=O)Nc1nc2ccc(cc2[nH]1)C(=O)c3ccccc3,4
Input,BDBM82056,-0.21502691,InputSig,NA,NA,LINCSCP_58091,VCAP,10uM,24h,prostate,Calcium channel blocker,CACNA1C|CACNA1D|CACNA1S,CMRUBVBRILWITQ-UHFFFAOYSA-N,"InChI=1S/C20H24N2O6/c1-11(2)10-28-20(24)17-13(4)21-12(3)16(19(23)27-5)18(17)14-8-6-7-9-15(14)22(25)26/h6-9,11,16,18H,10H2,1-5H3",1496,COC(=O)C1C(C(=C(C)N=C1C)C(=O)OCC(C)C)c2ccccc2[N+](=O)[O-],NA
Input,BRD-K59519347,-0.21488645,InputSig,NA,NA,LINCSCP_62670,VCAP,5uM,24h,prostate,NA,NA,LDGCPXKMKGRZSF-INZVZTLUSA-N,"InChI=1S/C26H29ClN2O5/c27-17-5-3-16(4-6-17)13-28-24(31)12-19-11-21-20-10-18(29-25(32)9-15-1-2-15)7-8-22(20)34-26(21)23(14-30)33-19/h3-8,10,15,19,21,23,26,30H,1-2,9,11-14H2,(H,28,31)(H,29,32)/t19-,21-,23-,26+/m1/s1",271,OC[C@H]1O[C@@H](CC(=O)NCc2ccc(Cl)cc2)C[C@H]3[C@@H]1Oc4ccc(NC(=O)CC5CC5)cc34,NA
Input,BRD-K66211423,-0.21486263,InputSig,NA,NA,LINCSCP_60407,VCAP,5uM,24h,prostate,NA,NA,GDMNEEJFLGDCSP-SPEDKVCISA-N,"InChI=1S/C25H32N6O4/c1-17-14-31(18(2)16-32)24(33)20-11-19(7-6-10-29(3)4)12-28-23(20)35-22(17)15-30(5)25(34)21-13-26-8-9-27-21/h8-9,11-13,17-18,22,32H,10,14-16H2,1-5H3/t17-,18-,22-/m0/s1",22761,C[C@@H](CO)N1C[C@H](C)[C@H](CN(C)C(=O)c2cnccn2)Oc3ncc(cc3C1=O)C#CCN(C)C,NA
Input,CC-401,-0.21474276,InputSig,NA,NA,LINCSCP_107674,HELA,0.12uM,24h,large intestine,NA,NA,XDJCLCLBSGGNKS-UHFFFAOYSA-N,"InChI=1S/C22H24N6O/c1-2-9-28(10-3-1)11-12-29-18-6-4-5-16(13-18)21-19-14-17(22-23-15-24-27-22)7-8-20(19)25-26-21/h4-8,13-15H,1-3,9-12H2,(H,25,26)(H,23,24,27)",9368,C(CN1CCCCC1)Oc2cccc(c2)c3n[nH]c4ccc(cc34)c5ncn[nH]5,NA
Input,TRAVOPROST,-0.21460063,InputSig,NA,NA,LINCSCP_72347,A375,1.11uM,24h,skin,Prostanoid FP receptor agonist,PTGFR,MKPLKVHSHYCHOC-AHTXBMBWSA-N,"InChI=1S/C26H35F3O6/c1-17(2)35-25(33)11-6-4-3-5-10-21-22(24(32)15-23(21)31)13-12-19(30)16-34-20-9-7-8-18(14-20)26(27,28)29/h3,5,7-9,12-14,17,19,21-24,30-32H,4,6,10-11,15-16H2,1-2H3/b5-3-,13-12+/t19-,21-,22-,23+,24-/m1/s1",26793,CC(C)OC(=O)CCC\C=C/C[C@H]1[C@@H](O)C[C@@H](O)[C@@H]1\C=C\[C@@H](O)COc2cccc(c2)C(F)(F)F,4
Input,Splitomicin,-0.21454612,InputSig,NA,NA,LINCSCP_490,A375,10uM,6h,skin,SIRT inhibitor,NA,ISFPDBUKMJDAJH-UHFFFAOYSA-N,"InChI=1S/C13H10O2/c14-13-8-6-11-10-4-2-1-3-9(10)5-7-12(11)15-13/h1-5,7H,6,8H2",33982,O=C1CCc2c(O1)ccc3ccccc23,NA
Input,BRD-K62595167,-0.21454323,InputSig,NA,NA,LINCSCP_61630,VCAP,5uM,24h,prostate,NA,NA,RFSXMDVZFWHRJB-LFYAFONDSA-N,"InChI=1S/C29H41N3O4/c1-19(2)22(5)30-29(35)31(6)16-27-20(3)15-32(21(4)17-33)28(34)26-14-10-9-13-25(26)24-12-8-7-11-23(24)18-36-27/h7-14,19-22,27,33H,15-18H2,1-6H3,(H,30,35)/t20-,21-,22-,27-/m0/s1",3868,CC(C)[C@H](C)NC(=O)N(C)C[C@@H]1OCc2ccccc2c3ccccc3C(=O)N(C[C@@H]1C)[C@@H](C)CO,NA
Input,CHEMBL3188797,-0.21450993,InputSig,NA,NA,LINCSCP_8603,A549,5uM,24h,lung,NA,NA,ZAHXKZOKOUSJMC-AGVMNQFGSA-N,"InChI=1S/C27H35N3O2/c1-28(2)19-26(32)29-16-6-7-17-30-24(18-29)27(25(30)20-31)23-14-12-22(13-15-23)11-10-21-8-4-3-5-9-21/h3-5,8-15,24-25,27,31H,6-7,16-20H2,1-2H3/b11-10+/t24-,25-,27-/m0/s1",38185,CN(C)CC(=O)N1CCCCN2[C@@H](CO)[C@H]([C@@H]2C1)c3ccc(\C=C\c4ccccc4)cc3,NA
Input,BRD-K78822642-001-01-1,-0.21446691,InputSig,NA,NA,LINCSCP_61497,VCAP,5uM,24h,prostate,NA,NA,UJZHWGMAKJZUOC-CJTKCQPWSA-N,"InChI=1S/C37H46N4O4/c1-25-21-41(26(2)23-42)37(44)35-34(30-18-12-13-19-31(30)40(35)6)29-17-11-10-16-28(29)24-45-33(25)22-39(5)36(43)32(38(3)4)20-27-14-8-7-9-15-27/h7-19,25-26,32-33,42H,20-24H2,1-6H3/t25-,26-,32+,33+/m1/s1",6573,C[C@H](CO)N1C[C@@H](C)[C@H](CN(C)C(=O)[C@H](Cc2ccccc2)N(C)C)OCc3ccccc3c4c(C1=O)n(C)c5ccccc45,NA
Input,Phenolphthalein,-0.2144603,InputSig,NA,NA,LINCSCP_18870,HCC515,10uM,24h,lung,Indicator dye,NA,KJFMBFZCATUALV-UHFFFAOYSA-N,"InChI=1S/C20H14O4/c21-15-9-5-13(6-10-15)20(14-7-11-16(22)12-8-14)18-4-2-1-3-17(18)19(23)24-20/h1-12,21-22H",30552,Oc1ccc(cc1)C2(OC(=O)c3ccccc23)c4ccc(O)cc4,4
Input,Cilostazol,-0.21445027,InputSig,NA,NA,LINCSCP_172304,YAPC,10uM,24h,pancreas,Phosphodiesterase inhibitor,PDE3A,RRGUKTPIGVIEKM-UHFFFAOYSA-N,"InChI=1S/C20H27N5O2/c26-20-12-9-15-14-17(10-11-18(15)21-20)27-13-5-4-8-19-22-23-24-25(19)16-6-2-1-3-7-16/h10-11,14,16H,1-9,12-13H2,(H,21,26)",35945,O=C1CCc2cc(OCCCCc3nnnn3C4CCCCC4)ccc2N1,4
Input,Aurora A Inhibitor I,-0.21444354,InputSig,NA,NA,LINCSCP_36671,MCF7,0.1uM,6h,breast,Aurora kinase inhibitor,AURKA,AKSIZPIFQAYJGF-UHFFFAOYSA-N,"InChI=1S/C31H31ClFN7O2/c1-2-39-15-17-40(18-16-39)28(41)19-21-7-11-24(12-8-21)36-31-34-20-26(33)29(38-31)35-23-13-9-22(10-14-23)30(42)37-27-6-4-3-5-25(27)32/h3-14,20H,2,15-19H2,1H3,(H,37,42)(H2,34,35,36,38)",35269,CCN1CCN(CC1)C(=O)Cc2ccc(Nc3ncc(F)c(Nc4ccc(cc4)C(=O)Nc5ccccc5Cl)n3)cc2,NA
Input,CHROMOMYCIN-A3,-0.21443217,InputSig,NA,NA,LINCSCP_26556,HT29,10uM,6h,large intestine,DNA binding agent,NA,LNGHEQSPMNWBCU-RUGPHKIXSA-N,"InChI=1S/C56H82O24/c1-21-34(76-40-19-37(53(28(8)74-40)75-29(9)58)79-38-16-33(59)52(68-11)27(7)73-38)15-31-13-30-14-32(54(69-12)51(66)46(61)23(3)57)55(50(65)44(30)49(64)43(31)45(21)60)80-41-18-35(47(62)26(6)72-41)77-39-17-36(48(63)25(5)71-39)78-42-20-56(10,67)22(2)24(4)70-42/h13,15,22-28,32-33,35-42,46-48,52-55,57,59-64,67H,14,16-20H2,1-12H3/t22?,23-,24?,25?,26?,27?,28?,32-,33?,35?,36?,37?,38?,39?,40?,41?,42?,46+,47?,48?,52?,53?,54+,55+,56?/m1/s1",218,CO[C@@H]([C@H]1Cc2cc3cc(OC4CC(OC5CC(O)C(OC)C(C)O5)C(OC(=O)C)C(C)O4)c(C)c(O)c3c(O)c2C(=O)[C@H]1OC6CC(OC7CC(OC8CC(C)(O)C(C)C(C)O8)C(O)C(C)O7)C(O)C(C)O6)C(=O)[C@@H](O)[C@@H](C)O,NA
Input,BRD-K88278225,-0.21438569,InputSig,NA,NA,LINCSCP_33938,MCF7,10uM,24h,breast,NA,NA,YPKBHAMQCQAOQB-PEFAJXDASA-N,"InChI=1S/C39H43F3N6O5/c1-24-20-48(25(2)23-49)36(50)19-28-18-31(45-38(52)44-30-14-12-29(13-15-30)39(40,41)42)16-17-34(28)53-35(24)22-47(3)21-26-8-10-27(11-9-26)37(51)46-33-7-5-4-6-32(33)43/h4-18,24-25,35,49H,19-23,43H2,1-3H3,(H,46,51)(H2,44,45,52)/t24-,25-,35+/m0/s1",33971,C[C@@H](CO)N1C[C@H](C)[C@@H](CN(C)Cc2ccc(cc2)C(=O)Nc3ccccc3N)Oc4ccc(NC(=O)Nc5ccc(cc5)C(F)(F)F)cc4CC1=O,NA
Input,MLS002703117,-0.21436364,InputSig,NA,NA,LINCSCP_31743,MCF7,10uM,6h,breast,NA,NA,AVTBQIDXNQGEAD-UHFFFAOYSA-N,"InChI=1S/C22H26BrClN6S/c23-18-6-9-21(28-13-18)30(15-17-4-7-19(24)8-5-17)12-2-11-27-22(31)26-10-1-3-20-14-25-16-29-20/h4-9,13-14,16H,1-3,10-12,15H2,(H,25,29)(H2,26,27,31)",36064,Clc1ccc(CN(CCCNC(=S)NCCCc2c[nH]cn2)c3ccc(Br)cn3)cc1,NA
Input,Thiostrepton,-0.21431124,InputSig,NA,NA,LINCSCP_253217,MCF7,10uM,6h,breast,FOXM1 inhibitor|Protein synthesis inhibitor,FOXM1,NSFFHOGKXHRQEW-DVRIZHICSA-N,"InChI=1S/C72H85N19O18S5/c1-14-26(3)47-63(105)78-30(7)57(99)75-28(5)56(98)76-31(8)58(100)91-72-19-18-40(66-85-43(22-111-66)59(101)77-29(6)55(97)74-27(4)54(73)96)81-52(72)42-21-112-67(83-42)49(34(11)109-69(107)41-20-37(32(9)92)36-16-17-39(79-47)51(95)50(36)80-41)89-60(102)44-24-113-68(86-44)53(71(13,108)35(12)94)90-62(104)45-23-110-65(84-45)38(15-2)82-64(106)48(33(10)93)88-61(103)46-25-114-70(72)87-46/h15-17,20-22,24-26,30-35,39,45,47-49,51-53,79,92-95,108H,4-6,14,18-19,23H2,1-3,7-13H3,(H2,73,96)(H,74,97)(H,75,99)(H,76,98)(H,77,101)(H,78,105)(H,82,106)(H,88,103)(H,89,102)(H,90,104)(H,91,100)/b38-15+",5364,CCC(C)C1NC2C=Cc3c(cc(nc3C2O)C(=O)OC(C)C4NC(=O)c5csc(n5)C(NC(=O)C6CSC(=N6)\C(=C/C)\NC(=O)C(NC(=O)c7csc(n7)C8(CCC(=NC8c9csc4n9)c%10nc(cs%10)C(=O)NC(=C)C(=O)NC(=C)C(=O)N)NC(=O)C(C)NC(=O)C(=C)NC(=O)C(C)NC1=O)C(C)O)C(C)(O)C(C)O)C(C)O,NA
Input,Thiostrepton,-0.21431124,InputSig,NA,NA,LINCSCP_253217,MCF7,10uM,6h,breast,FOXM1 inhibitor|Protein synthesis inhibitor,FOXM1,NSFFHOGKXHRQEW-IGZQDAKXSA-N,"InChI=1S/C72H85N19O18S5/c1-14-26(3)47-63(105)78-30(7)57(99)75-28(5)56(98)76-31(8)58(100)91-72-19-18-40(66-85-43(22-111-66)59(101)77-29(6)55(97)74-27(4)54(73)96)81-52(72)42-21-112-67(83-42)49(34(11)109-69(107)41-20-37(32(9)92)36-16-17-39(79-47)51(95)50(36)80-41)89-60(102)44-24-113-68(86-44)53(71(13,108)35(12)94)90-62(104)45-23-110-65(84-45)38(15-2)82-64(106)48(33(10)93)88-61(103)46-25-114-70(72)87-46/h15-17,20-22,24-26,30-35,39,45,47-49,51-53,79,92-95,108H,4-6,14,18-19,23H2,1-3,7-13H3,(H2,73,96)(H,74,97)(H,75,99)(H,76,98)(H,77,101)(H,78,105)(H,82,106)(H,88,103)(H,89,102)(H,90,104)(H,91,100)/t26?,30-,31-,32-,33+,34+,35+,39+,45+,47-,48-,49-,51-,52-,53+,71-,72+/m0/s1",22302,CCC(C)[C@@H]1N[C@@H]2C=Cc3c(cc(nc3[C@H]2O)C(=O)O[C@H](C)[C@@H]4NC(=O)c5csc(n5)[C@@H](NC(=O)[C@H]6CSC(=N6)C(=CC)NC(=O)[C@@H](NC(=O)c7csc(n7)[C@]8(CCC(=N[C@H]8c9csc4n9)c%10nc(cs%10)C(=O)NC(=C)C(=O)NC(=C)C(=O)N)NC(=O)[C@H](C)NC(=O)C(=C)NC(=O)[C@H](C)NC1=O)[C@@H](C)O)[C@@](C)(O)[C@@H](C)O)[C@H](C)O,NA
Input,Rhamnetin,-0.21425924,InputSig,NA,NA,LINCSCP_223312,HT29,10uM,6h,large intestine,Aldose reductase inhibitor,ALOX5,JGUZGNYPMHHYRK-UHFFFAOYSA-N,"InChI=1S/C16H12O7/c1-22-8-5-11(19)13-12(6-8)23-16(15(21)14(13)20)7-2-3-9(17)10(18)4-7/h2-6,17-19,21H,1H3",15605,COc1cc(O)c2C(=O)C(=C(Oc2c1)c3ccc(O)c(O)c3)O,NA
Input,Triptolide (PG490),-0.21425223,InputSig,NA,NA,LINCSCP_109010,HELA,0.04uM,24h,large intestine,NA,NA,DFBIRQPKNDILPW-LKUXBXJISA-N,"InChI=1S/C20H24O6/c1-8(2)18-13(25-18)14-20(26-14)17(3)5-4-9-10(7-23-15(9)21)11(17)6-12-19(20,24-12)16(18)22/h8,11-14,16,22H,4-7H2,1-3H3/t11-,12-,13-,14+,16-,17+,18-,19-,20-/m1/s1",27194,CC(C)[C@@]12O[C@@H]1[C@@H]3O[C@@]34[C@@]5(C)CCC6=C(COC6=O)[C@H]5C[C@H]7O[C@]47[C@@H]2O,NA
Input,BRD-K84450674,-0.21419889,InputSig,NA,NA,LINCSCP_33930,MCF7,10uM,24h,breast,NA,NA,VYCOOHAMPRTWAW-KTTQJHDCSA-N,"InChI=1S/C43H53N5O5/c1-30-26-48(31(2)29-49)43(52)25-35-24-36(45-41(50)16-8-5-9-17-42(51)46-38-15-11-10-14-37(38)44)22-23-39(35)53-40(30)28-47(3)27-32-18-20-34(21-19-32)33-12-6-4-7-13-33/h4,6-7,10-15,18-24,30-31,40,49H,5,8-9,16-17,25-29,44H2,1-3H3,(H,45,50)(H,46,51)/t30-,31-,40-/m1/s1",13760,C[C@H](CO)N1C[C@@H](C)[C@@H](CN(C)Cc2ccc(cc2)c3ccccc3)Oc4ccc(NC(=O)CCCCCC(=O)Nc5ccccc5N)cc4CC1=O,NA
Input,CHEMBL2360376,-0.21414205,InputSig,NA,NA,LINCSCP_60838,VCAP,5uM,24h,prostate,NA,NA,MHGGQJRIOQBKBK-XWXLMPLOSA-N,"InChI=1S/C28H35F2N3O4/c1-17-13-33(14-20-11-21(29)7-10-24(20)30)18(2)16-37-25-12-22(31-27(34)19-5-6-19)8-9-23(25)28(35)32(3)15-26(17)36-4/h7-12,17-19,26H,5-6,13-16H2,1-4H3,(H,31,34)/t17-,18-,26-/m0/s1",19799,CO[C@H]1CN(C)C(=O)c2ccc(NC(=O)C3CC3)cc2OC[C@H](C)N(Cc4cc(F)ccc4F)C[C@@H]1C,NA
Input,Mestranol,-0.21409261,InputSig,NA,NA,LINCSCP_33744,MCF7,10uM,6h,breast,Estrogen receptor alpha agonist,ESR1,IMSSROKUHAOUJS-MJCUULBUSA-N,"InChI=1S/C21H26O2/c1-4-21(22)12-10-19-18-7-5-14-13-15(23-3)6-8-16(14)17(18)9-11-20(19,21)2/h1,6,8,13,17-19,22H,5,7,9-12H2,2-3H3/t17-,18-,19+,20+,21+/m1/s1",15542,COc1ccc2[C@H]3CC[C@@]4(C)[C@@H](CC[C@@]4(O)C#C)[C@@H]3CCc2c1,4
Input,BRD-K77328005,-0.21403603,InputSig,NA,NA,LINCSCP_62927,VCAP,5uM,24h,prostate,NA,NA,DXVJXLONGZUJOS-RLLQIKCJSA-N,"InChI=1S/C23H31N3O5/c1-25-12-5-8-21(27)26(2)15-20-19(29-3)10-9-17(31-20)11-13-30-22-16(14-24)6-4-7-18(22)23(25)28/h4,6-7,17,19-20H,5,8-13,15H2,1-3H3/t17-,19-,20+/m1/s1",5861,CO[C@@H]1CC[C@@H]2CCOc3c(cccc3C(=O)N(C)CCCC(=O)N(C)C[C@@H]1O2)C#N,NA
Input,Ixabepilone,-0.21401167,InputSig,NA,NA,LINCSCP_169920,YAPC,10uM,24h,pancreas,Tubulin inhibitor,TUBA1A|TUBA1B|TUBA1C|TUBA3E|TUBA4A|TUBB|TUBB1|TUBB2A|TUBB2B|TUBB3|TUBB4A|TUBB4B|TUBB6|TUBB8,FABUFPQFXZVHFB-PVYNADRNSA-N,"InChI=1S/C27H42N2O5S/c1-15-9-8-10-27(7)22(34-27)12-20(16(2)11-19-14-35-18(4)28-19)29-23(31)13-21(30)26(5,6)25(33)17(3)24(15)32/h11,14-15,17,20-22,24,30,32H,8-10,12-13H2,1-7H3,(H,29,31)/b16-11+/t15-,17+,20-,21-,22-,24-,27+/m0/s1",9474,C[C@H]1CCC[C@@]2(C)O[C@H]2C[C@H](NC(=O)C[C@H](O)C(C)(C)C(=O)[C@H](C)[C@H]1O)\C(=C\c3csc(C)n3)\C,4
Input,Bifemelane,-0.21397977,InputSig,NA,NA,LINCSCP_179687,A375,10uM,6h,skin,Acetylcholine release stimulant,MAOA|MAOB,QSQQPMHPCBLLGX-UHFFFAOYSA-N,"InChI=1S/C18H23NO/c1-19-13-7-8-14-20-18-12-6-5-11-17(18)15-16-9-3-2-4-10-16/h2-6,9-12,19H,7-8,13-15H2,1H3",2828,CNCCCCOc1ccccc1Cc2ccccc2,NA
Input,CHEMBL2137269,-0.21397627,InputSig,NA,NA,LINCSCP_27256,HT29,10uM,6h,large intestine,NA,NA,FIGGLCUVZRSRTI-QXULMBECSA-N,"InChI=1S/C43H53N5O6/c1-30-26-48(31(2)29-49)43(52)25-33-24-34(45-41(50)16-8-5-9-17-42(51)46-38-15-11-10-14-37(38)44)20-23-39(33)54-40(30)28-47(3)27-32-18-21-36(22-19-32)53-35-12-6-4-7-13-35/h4,6-7,10-15,18-24,30-31,40,49H,5,8-9,16-17,25-29,44H2,1-3H3,(H,45,50)(H,46,51)/t30-,31-,40-/m0/s1",19830,C[C@@H](CO)N1C[C@H](C)[C@H](CN(C)Cc2ccc(Oc3ccccc3)cc2)Oc4ccc(NC(=O)CCCCCC(=O)Nc5ccccc5N)cc4CC1=O,NA
Input,Hydroxycholesterol,-0.21395585,InputSig,NA,NA,LINCSCP_2260,A375,10uM,6h,skin,LXR agonist,NR1H2|NR1H3,IOWMKBFJCNLRTC-JNZINCJWSA-N,"InChI=1S/C27H46O2/c1-17(2)25(29)11-6-18(3)22-9-10-23-21-8-7-19-16-20(28)12-14-26(19,4)24(21)13-15-27(22,23)5/h7,17-18,20-25,28-29H,6,8-16H2,1-5H3/t18?,20-,21?,22?,23?,24?,25+,26+,27-/m0/s1",1469,CC(C)[C@H](O)CCC(C)C1CCC2C3CC=C4C[C@@H](O)CC[C@@]4(C)C3CC[C@@]12C,NA
Input,MLS003329221,-0.21393688,InputSig,NA,NA,LINCSCP_57908,VCAP,10uM,6h,prostate,NA,NA,MULJTSUGOUUWJE-UHFFFAOYSA-N,"InChI=1S/C22H21N5O3/c1-27-18-6-3-2-5-17(18)19(12-22(27)29)30-10-4-7-21(28)26-20-11-15(8-9-23-20)16-13-24-25-14-16/h2-3,5-6,8-9,11-14H,4,7,10H2,1H3,(H,24,25)(H,23,26,28)",1207,CN1C(=O)C=C(OCCCC(=O)Nc2cc(ccn2)c3cn[nH]c3)c4ccccc14,NA
Input,MLS002607708,-0.21393274,InputSig,NA,NA,LINCSCP_31510,MCF7,10uM,6h,breast,NA,NA,ISAQXCNAMABTJT-UHFFFAOYSA-N,"InChI=1S/C10H8N2O2/c11-10(14)7-3-4-8(13)9-6(7)2-1-5-12-9/h1-5,13H,(H2,11,14)",22920,NC(=O)c1ccc(O)c2ncccc12,NA
Input,BRD-A69951442-001-01-3,-0.21389972,InputSig,NA,NA,LINCSCP_94972,HA1E,10uM,24h,kidney epithelial,Glucocorticoid receptor agonist,NR3C1,UREBDLICKHMUKA-HIERVMNKSA-N,"InChI=1S/C22H29FO5/c1-12-8-16-15-5-4-13-9-14(25)6-7-19(13,2)21(15,23)17(26)10-20(16,3)22(12,28)18(27)11-24/h6-7,9,12,15-17,24,26,28H,4-5,8,10-11H2,1-3H3/t12-,15?,16?,17+,19?,20?,21-,22-/m1/s1",1394,C[C@@H]1CC2C3CCC4=CC(=O)C=CC4(C)[C@]3(F)[C@@H](O)CC2(C)[C@]1(O)C(=O)CO,NA
Input,BRD-K53285126,-0.21385062,InputSig,NA,NA,LINCSCP_181600,A375,5uM,24h,skin,NA,NA,UJZHWGMAKJZUOC-HUUCPIIISA-N,"InChI=1S/C37H46N4O4/c1-25-21-41(26(2)23-42)37(44)35-34(30-18-12-13-19-31(30)40(35)6)29-17-11-10-16-28(29)24-45-33(25)22-39(5)36(43)32(38(3)4)20-27-14-8-7-9-15-27/h7-19,25-26,32-33,42H,20-24H2,1-6H3/t25-,26-,32+,33-/m0/s1",3523,C[C@@H](CO)N1C[C@H](C)[C@H](CN(C)C(=O)[C@@H](Cc2ccccc2)N(C)C)OCc3ccccc3c4c(C1=O)n(C)c5ccccc45,NA
Input,MLS003370625,-0.21384489,InputSig,NA,NA,LINCSCP_1668,A375,10uM,6h,skin,NA,NA,SQDZRLDQWVTYLW-CSKARUKUSA-N,"InChI=1S/C20H18O3/c1-20(2)13-12-15-9-11-17(22)18(19(15)23-20)16(21)10-8-14-6-4-3-5-7-14/h3-13,22H,1-2H3/b10-8+",33649,CC1(C)Oc2c(C=C1)ccc(O)c2C(=O)\C=C\c3ccccc3,NA
Input,SPECTRUM_001418,-0.21381637,InputSig,NA,NA,LINCSCP_105908,HELA,0.04uM,24h,large intestine,Adrenergic receptor agonist,ADRB2,IOVGROKTTNBUGK-UHFFFAOYSA-N,"InChI=1S/C17H21NO3/c1-12(17(21)14-4-8-16(20)9-5-14)18-11-10-13-2-6-15(19)7-3-13/h2-9,12,17-21H,10-11H2,1H3",35394,CC(NCCc1ccc(O)cc1)C(O)c2ccc(O)cc2,NA
Input,H7,-0.21378776,InputSig,NA,NA,LINCSCP_32620,MCF7,10uM,6h,breast,PKA inhibitor,NA,BDVFVCGFMNCYPV-UHFFFAOYSA-N,"InChI=1S/C14H17N3O2S/c1-11-9-16-7-8-17(11)20(18,19)14-4-2-3-12-10-15-6-5-13(12)14/h2-6,10-11,16H,7-9H2,1H3",36369,CC1CNCCN1S(=O)(=O)c2cccc3cnccc23,NA
Input,AZD-8330,-0.2137114,InputSig,NA,NA,LINCSCP_87702,HA1E,0.37uM,24h,kidney epithelial,MEK inhibitor,MAP2K1|MAP2K2,RWEVIPRMPFNTLO-UHFFFAOYSA-N,"InChI=1S/C16H17FIN3O4/c1-9-7-11(15(23)20-25-6-5-22)14(21(2)16(9)24)19-13-4-3-10(18)8-12(13)17/h3-4,7-8,19,22H,5-6H2,1-2H3,(H,20,23)",37854,CN1C(=O)C(=CC(=C1Nc2ccc(I)cc2F)C(=O)NOCCO)C,1
Input,BRD-K68097207,-0.21360728,InputSig,NA,NA,LINCSCP_35354,MCF7,10uM,24h,breast,NA,NA,ZCWFLIQXFDCFQH-PXSDZQOHSA-N,"InChI=1S/C34H45N5O5/c1-24-20-39(25(2)23-40)34(42)30-19-29(37-33(41)28-12-16-36-17-13-28)8-9-31(30)44-26(3)7-5-6-18-43-32(24)22-38(4)21-27-10-14-35-15-11-27/h8-17,19,24-26,32,40H,5-7,18,20-23H2,1-4H3,(H,37,41)/t24-,25-,26-,32+/m0/s1",5098,C[C@@H](CO)N1C[C@H](C)[C@@H](CN(C)Cc2ccncc2)OCCCC[C@H](C)Oc3ccc(NC(=O)c4ccncc4)cc3C1=O,NA
Input,BRD-K96609736,-0.21358846,InputSig,NA,NA,LINCSCP_35059,MCF7,5uM,24h,breast,NA,NA,NFYAYVQEBGGXMC-KHVXQDHOSA-N,"InChI=1S/C28H26N2O5/c1-17-3-2-4-20(11-17)18-5-7-19(8-6-18)27-22-13-29(14-26(32)30(22)23(27)15-31)28(33)21-9-10-24-25(12-21)35-16-34-24/h2-12,22-23,27,31H,13-16H2,1H3/t22-,23+,27+/m1/s1",14042,Cc1cccc(c1)c2ccc(cc2)[C@@H]3[C@H](CO)N4[C@@H]3CN(CC4=O)C(=O)c5ccc6OCOc6c5,NA
Input,BRD-K87643614,-0.21356528,InputSig,NA,NA,LINCSCP_61172,VCAP,5uM,6h,prostate,NA,NA,WUHLCXCEWBJVDE-MWXNICTNSA-N,"InChI=1S/C31H38FN3O6S/c1-21-17-35(18-23-9-6-7-12-28(23)32)22(2)20-41-29-15-24(13-14-27(29)31(36)34(3)19-30(21)40-5)33-42(37,38)26-11-8-10-25(16-26)39-4/h6-16,21-22,30,33H,17-20H2,1-5H3/t21-,22-,30+/m0/s1",25139,CO[C@@H]1CN(C)C(=O)c2ccc(NS(=O)(=O)c3cccc(OC)c3)cc2OC[C@H](C)N(Cc4ccccc4F)C[C@@H]1C,NA
Input,Fomepizole,-0.2135565,InputSig,NA,NA,LINCSCP_106268,HELA,10uM,24h,large intestine,Alcohol dehydrogenase inhibitor,ADH1A|ADH1B|ADH1C,RIKMMFOAQPJVMX-UHFFFAOYSA-N,"InChI=1S/C4H6N2/c1-4-2-5-6-3-4/h2-3H,1H3,(H,5,6)",31918,Cc1cn[nH]c1,4
Input,Eliprodil,-0.21354973,InputSig,NA,NA,LINCSCP_223511,HT29,10uM,24h,large intestine,Glutamate receptor antagonist,GRIN1|GRIN2B,GGUSQTSTQSHJAH-UHFFFAOYSA-N,"InChI=1S/C20H23ClFNO/c21-18-5-3-17(4-6-18)20(24)14-23-11-9-16(10-12-23)13-15-1-7-19(22)8-2-15/h1-8,16,20,24H,9-14H2",35399,OC(CN1CCC(Cc2ccc(F)cc2)CC1)c3ccc(Cl)cc3,2
Input,Andrographolide,-0.21342681,InputSig,NA,NA,LINCSCP_95348,HA1E,10uM,24h,kidney epithelial,NA,NA,BOJKULTULYSRAS-JAAXSKLYSA-N,"InChI=1S/C20H30O5/c1-12-4-7-16-19(2,9-8-17(23)20(16,3)11-21)14(12)6-5-13-15(22)10-25-18(13)24/h5,14-17,21-23H,1,4,6-11H2,2-3H3/b13-5+/t14-,15-,16?,17-,19+,20+/m1/s1",26795,C[C@@]1(CO)[C@H](O)CC[C@@]2(C)[C@H](C\C=C\3/[C@H](O)COC3=O)C(=C)CCC12,NA
Input,BH3I-1&PRIME;,-0.21335096,InputSig,NA,NA,LINCSCP_4313,A549,10uM,6h,lung,BCL inhibitor,BCL2L1,JZLLRVWRJBPACN-FLIBITNWSA-N,"InChI=1S/C15H15NO3S2/c1-9(2)12(14(18)19)16-13(17)11(21-15(16)20)8-10-6-4-3-5-7-10/h3-9,12H,1-2H3,(H,18,19)/b11-8-",34038,CC(C)C(N1C(=S)S\C(=C/c2ccccc2)\C1=O)C(=O)O,NA
Input,BRD-K71752918,-0.21333487,InputSig,NA,NA,LINCSCP_61816,VCAP,5uM,24h,prostate,NA,NA,YLLZUOSUTCBCJJ-WUHBCXKYSA-N,"InChI=1S/C22H27FN2O5S/c1-15(16-6-3-2-4-7-16)24-22(27)13-18-10-11-20(21(14-26)30-18)25-31(28,29)19-9-5-8-17(23)12-19/h2-9,12,15,18,20-21,25-26H,10-11,13-14H2,1H3,(H,24,27)/t15-,18+,20+,21-/m1/s1",4220,C[C@@H](NC(=O)C[C@@H]1CC[C@H](NS(=O)(=O)c2cccc(F)c2)[C@@H](CO)O1)c3ccccc3,NA
Input,BRD-K92431661,-0.2133008,InputSig,NA,NA,LINCSCP_65541,VCAP,10uM,6h,prostate,NA,NA,IOGICXGLCRDSGV-KLOSBIIFSA-N,"InChI=1S/C41H49F3N4O5/c1-27-23-48(28(2)26-49)39(50)35-22-33(45-40(51)46-36-14-9-12-31-11-5-6-13-34(31)36)19-20-37(35)53-29(3)10-7-8-21-52-38(27)25-47(4)24-30-15-17-32(18-16-30)41(42,43)44/h5-6,9,11-20,22,27-29,38,49H,7-8,10,21,23-26H2,1-4H3,(H2,45,46,51)/t27-,28-,29+,38+/m0/s1",13934,C[C@@H](CO)N1C[C@H](C)[C@@H](CN(C)Cc2ccc(cc2)C(F)(F)F)OCCCC[C@@H](C)Oc3ccc(NC(=O)Nc4cccc5ccccc45)cc3C1=O,NA
Input,CHEMBL2140128,-0.21324334,InputSig,NA,NA,LINCSCP_59237,VCAP,10uM,24h,prostate,NA,NA,VYCOOHAMPRTWAW-QXULMBECSA-N,"InChI=1S/C43H53N5O5/c1-30-26-48(31(2)29-49)43(52)25-35-24-36(45-41(50)16-8-5-9-17-42(51)46-38-15-11-10-14-37(38)44)22-23-39(35)53-40(30)28-47(3)27-32-18-20-34(21-19-32)33-12-6-4-7-13-33/h4,6-7,10-15,18-24,30-31,40,49H,5,8-9,16-17,25-29,44H2,1-3H3,(H,45,50)(H,46,51)/t30-,31-,40-/m0/s1",19728,C[C@@H](CO)N1C[C@H](C)[C@H](CN(C)Cc2ccc(cc2)c3ccccc3)Oc4ccc(NC(=O)CCCCCC(=O)Nc5ccccc5N)cc4CC1=O,NA
Input,BRD-K09424864,-0.21308752,InputSig,NA,NA,LINCSCP_3211,A375,5uM,24h,skin,NA,NA,FTPUTVYFFNSJIR-IEOSBIPESA-N,"InChI=1S/C31H36N2O6/c1-21-17-33(22(2)19-34)30(35)28-12-8-7-11-27(28)26-10-6-5-9-23(26)20-38-29(21)18-32(3)31(36)39-25-15-13-24(37-4)14-16-25/h5-16,21-22,29,34H,17-20H2,1-4H3/t21-,22-,29-/m1/s1",23860,COc1ccc(OC(=O)N(C)C[C@H]2OCc3ccccc3c4ccccc4C(=O)N(C[C@H]2C)[C@H](C)CO)cc1,NA
Input,CHEMBL2142684,-0.21305993,InputSig,NA,NA,LINCSCP_31928,MCF7,10uM,24h,breast,NA,NA,UIWHTZIAIXNFGN-SFXKCFQESA-N,"InChI=1S/C40H42N6O5S/c1-25-21-46(26(2)24-47)40(50)31-7-6-10-34(44-38(49)29-15-17-30(18-16-29)39-42-19-20-52-39)36(31)51-35(25)23-45(3)22-27-11-13-28(14-12-27)37(48)43-33-9-5-4-8-32(33)41/h4-20,25-26,35,47H,21-24,41H2,1-3H3,(H,43,48)(H,44,49)/t25-,26-,35+/m0/s1",19709,C[C@@H](CO)N1C[C@H](C)[C@@H](CN(C)Cc2ccc(cc2)C(=O)Nc3ccccc3N)Oc4c(NC(=O)c5ccc(cc5)c6nccs6)cccc4C1=O,NA
Input,XE991,-0.21298044,InputSig,NA,NA,LINCSCP_18914,HCC515,10uM,24h,lung,Potassium channel blocker,KCNQ1|KCNQ2|KCNQ3,KHJFBUUFMUBONL-UHFFFAOYSA-N,"InChI=1S/C26H20N2O/c29-25-21-5-1-3-7-23(21)26(17-19-9-13-27-14-10-19,18-20-11-15-28-16-12-20)24-8-4-2-6-22(24)25/h1-16H,17-18H2",35760,O=C1c2ccccc2C(Cc3ccncc3)(Cc4ccncc4)c5ccccc15,NA
Input,Seliciclib,-0.2128791,InputSig,NA,NA,LINCSCP_14211,HA1E,10uM,6h,kidney epithelial,CDK inhibitor,CDK1|CDK2|CDK5|CDK7|CDK9,BTIHMVBBUGXLCJ-OAHLLOKOSA-N,"InChI=1S/C19H26N6O/c1-4-15(11-26)22-19-23-17(20-10-14-8-6-5-7-9-14)16-18(24-19)25(12-21-16)13(2)3/h5-9,12-13,15,26H,4,10-11H2,1-3H3,(H2,20,22,23,24)/t15-/m1/s1",16622,CC[C@H](CO)Nc1nc(NCc2ccccc2)c3ncn(C(C)C)c3n1,2
Input,BRD-K75264577,-0.2128724,InputSig,NA,NA,LINCSCP_27954,HT29,5uM,24h,large intestine,NA,NA,SYVBQOCIBBMOLP-FKBYEOEOSA-N,"InChI=1S/C23H24N4O2/c28-16-21-22(18-8-2-1-3-9-18)20(27(21)15-17-7-6-11-24-13-17)14-26-23(29)19-10-4-5-12-25-19/h1-13,20-22,28H,14-16H2,(H,26,29)/t20-,21-,22-/m0/s1",13494,OC[C@H]1[C@H]([C@H](CNC(=O)c2ccccn2)N1Cc3cccnc3)c4ccccc4,NA
Input,ARG-A1-22,-0.2128494,InputSig,NA,NA,LINCSCP_16076,HA1E,10uM,6h,kidney epithelial,NA,NA,LPQZIJMSKXXKMU-UHFFFAOYSA-N,"InChI=1S/C16H11ClN2O3/c17-14-12-8-4-5-9-13(12)18(16(20)15(14)19(21)22)10-11-6-2-1-3-7-11/h1-9H,10H2",25113,[O-][N+](=O)C1=C(Cl)c2ccccc2N(Cc3ccccc3)C1=O,NA
Input,Apomorphine,-0.21284359,InputSig,NA,NA,LINCSCP_161138,PC3,10uM,24h,prostate,D2-like dopamine receptor agonist,DRD2|DRD3|DRD4,VMWNQDUVQKEIOC-CYBMUJFWSA-N,"InChI=1S/C17H17NO2/c1-18-8-7-10-3-2-4-12-15(10)13(18)9-11-5-6-14(19)17(20)16(11)12/h2-6,13,19-20H,7-9H2,1H3/t13-/m1/s1",38990,CN1CCc2cccc3c2[C@H]1Cc4ccc(O)c(O)c34,4
Input,BRD-A95504714,-0.21282226,InputSig,NA,NA,LINCSCP_222118,HL60,1uM,24h,haematopoietic and lymphoid tissue,NA,NA,KSMSCIVZGKJSMS-UHFFFAOYSA-N,"InChI=1S/C20H21BrN2O2/c21-16-10-8-15(9-11-16)20(25)22-13-12-19(24)23-18-7-3-5-14-4-1-2-6-17(14)18/h1-2,4,6,8-11,18H,3,5,7,12-13H2,(H,22,25)(H,23,24)",26538,Brc1ccc(cc1)C(=O)NCCC(=O)NC2CCCc3ccccc23,NA
Input,Valrubicin,-0.21279611,InputSig,NA,NA,LINCSCP_109353,HELA,10uM,24h,large intestine,DNA topoisomerase II alpha inhibitor,TOP2A,ZOCKGBMQLCSHFP-KQRAQHLDSA-N,"InChI=1S/C34H36F3NO13/c1-4-5-9-21(40)49-13-20(39)33(47)11-16-24(19(12-33)51-22-10-17(27(41)14(2)50-22)38-32(46)34(35,36)37)31(45)26-25(29(16)43)28(42)15-7-6-8-18(48-3)23(15)30(26)44/h6-8,14,17,19,22,27,41,43,45,47H,4-5,9-13H2,1-3H3,(H,38,46)/t14-,17-,19-,22-,27+,33-/m0/s1",27087,CCCCC(=O)OCC(=O)[C@@]1(O)C[C@H](O[C@H]2C[C@H](NC(=O)C(F)(F)F)[C@H](O)[C@H](C)O2)c3c(O)c4C(=O)c5c(OC)cccc5C(=O)c4c(O)c3C1,4
Input,BRD-K29004135,-0.21275902,InputSig,NA,NA,LINCSCP_61213,VCAP,5uM,24h,prostate,NA,NA,KJNJKXAQFIYZGQ-KIMHZCHSSA-N,"InChI=1S/C24H30F2N4O4/c1-14-11-27-15(2)13-34-21-8-6-17(10-18(21)23(31)30(3)12-22(14)33-4)28-24(32)29-20-9-16(25)5-7-19(20)26/h5-10,14-15,22,27H,11-13H2,1-4H3,(H2,28,29,32)/t14-,15+,22-/m0/s1",24245,CO[C@H]1CN(C)C(=O)c2cc(NC(=O)Nc3cc(F)ccc3F)ccc2OC[C@@H](C)NC[C@@H]1C,NA
Input,CHEMBL2355362,-0.21273068,InputSig,NA,NA,LINCSCP_64324,VCAP,5uM,24h,prostate,NA,NA,CBAAPWVHONFTKW-JTBGFZTISA-N,"InChI=1S/C35H47F3N4O7S/c1-22-18-42(23(2)21-43)34(44)30-17-29(40-50(45,46)33-25(4)39-49-26(33)5)14-15-31(30)48-24(3)9-7-8-16-47-32(22)20-41(6)19-27-10-12-28(13-11-27)35(36,37)38/h10-15,17,22-24,32,40,43H,7-9,16,18-21H2,1-6H3/t22-,23-,24+,32-/m0/s1",19804,C[C@@H](CO)N1C[C@H](C)[C@H](CN(C)Cc2ccc(cc2)C(F)(F)F)OCCCC[C@@H](C)Oc3ccc(NS(=O)(=O)c4c(C)onc4C)cc3C1=O,NA
Input,Tanespimycin,-0.21242162,InputSig,NA,NA,LINCSCP_30866,MCF7,0.5uM,6h,breast,Heat shock protein HSP90 inhibitor,HSP90AA1|HSP90AB1,AYUNIORJHRXIBJ-TXHRRWQRSA-N,"InChI=1S/C31H43N3O8/c1-8-12-33-26-21-13-17(2)14-25(41-7)27(36)19(4)15-20(5)29(42-31(32)39)24(40-6)11-9-10-18(3)30(38)34-22(28(21)37)16-23(26)35/h8-11,15-17,19,24-25,27,29,33,36H,1,12-14H2,2-7H3,(H2,32,39)(H,34,38)/b11-9-,18-10+,20-15+/t17-,19+,24+,25+,27-,29+/m1/s1",17692,CO[C@H]1C[C@H](C)CC2=C(NCC=C)C(=O)C=C(NC(=O)\C(=C\C=C/[C@H](OC)[C@@H](OC(=O)N)\C(=C\[C@H](C)[C@H]1O)\C)\C)C2=O,3
Input,ST078797,-0.21241488,InputSig,NA,NA,LINCSCP_32651,MCF7,10uM,6h,breast,NA,NA,VGGMIZQVTWIWTG-UHFFFAOYSA-N,"InChI=1S/C21H20N4O2S/c1-24-20(18-11-6-12-27-18)22-23-21(24)28-13-19(26)25-16-9-4-2-7-14(16)15-8-3-5-10-17(15)25/h2,4,6-7,9,11-12H,3,5,8,10,13H2,1H3",188,Cn1c(SCC(=O)n2c3CCCCc3c4ccccc24)nnc1c5occc5,NA
Input,IOX2,-0.21239767,InputSig,NA,NA,LINCSCP_100497,HCC515,3.33uM,24h,lung,NA,NA,CAOSCCRYLYQBES-UHFFFAOYSA-N,"InChI=1S/C19H16N2O5/c22-15(23)10-20-18(25)16-17(24)13-8-4-5-9-14(13)21(19(16)26)11-12-6-2-1-3-7-12/h1-9,24H,10-11H2,(H,20,25)(H,22,23)",27997,OC(=O)CNC(=O)C1=C(O)c2ccccc2N(Cc3ccccc3)C1=O,NA
Input,Bevirimat,-0.21232235,InputSig,NA,NA,LINCSCP_101638,HELA,0.04uM,24h,large intestine,NA,NA,YJEJKUQEXFSVCJ-WRFMNRASSA-N,"InChI=1S/C36H56O6/c1-21(2)22-12-17-36(30(40)41)19-18-34(8)23(28(22)36)10-11-25-33(7)15-14-26(42-27(37)20-31(3,4)29(38)39)32(5,6)24(33)13-16-35(25,34)9/h22-26,28H,1,10-20H2,2-9H3,(H,38,39)(H,40,41)/t22-,23+,24-,25+,26-,28+,33-,34+,35+,36-/m0/s1",26995,CC(=C)[C@@H]1CC[C@@]2(CC[C@]3(C)[C@H](CC[C@@H]4[C@@]5(C)CC[C@H](OC(=O)CC(C)(C)C(=O)O)C(C)(C)[C@@H]5CC[C@@]34C)[C@@H]12)C(=O)O,2
Input,BRD-K50218765,-0.21223739,InputSig,NA,NA,LINCSCP_27539,HT29,5uM,24h,large intestine,NA,NA,IKYPBPDRSBKALY-DXBVXKBHSA-N,"InChI=1S/C29H30N2O7/c32-17-27-24(31-29(34)20-8-13-25-26(14-20)36-18-35-25)12-11-23(38-27)15-28(33)30-16-19-6-9-22(10-7-19)37-21-4-2-1-3-5-21/h1-10,13-14,23-24,27,32H,11-12,15-18H2,(H,30,33)(H,31,34)/t23-,24+,27+/m1/s1",3384,OC[C@@H]1O[C@@H](CC(=O)NCc2ccc(Oc3ccccc3)cc2)CC[C@@H]1NC(=O)c4ccc5OCOc5c4,NA
Input,MLS003649957,-0.21223491,InputSig,NA,NA,LINCSCP_60881,VCAP,5uM,24h,prostate,NA,NA,RKXWIVMHHDVODV-QZTZHPFYSA-N,"InChI=1S/C26H40N4O5/c1-17-14-30(26(33)28-20-9-7-6-8-10-20)18(2)16-35-23-13-21(27-19(3)31)11-12-22(23)25(32)29(4)15-24(17)34-5/h11-13,17-18,20,24H,6-10,14-16H2,1-5H3,(H,27,31)(H,28,33)/t17-,18-,24-/m1/s1",3103,CO[C@@H]1CN(C)C(=O)c2ccc(NC(=O)C)cc2OC[C@@H](C)N(C[C@H]1C)C(=O)NC3CCCCC3,NA
Input,BRD-K51981081,-0.21209696,InputSig,NA,NA,LINCSCP_309194,VCAP,5uM,24h,prostate,NA,NA,LMYACBAJSFEPOG-LIHQSLCGSA-N,"InChI=1S/C35H47N5O5/c1-25-21-40(26(2)24-41)34(42)31-20-30(38-35(43)37-29-11-6-5-7-12-29)13-14-32(31)45-27(3)10-8-9-19-44-33(25)23-39(4)22-28-15-17-36-18-16-28/h5-7,11-18,20,25-27,33,41H,8-10,19,21-24H2,1-4H3,(H2,37,38,43)/t25-,26+,27-,33+/m0/s1",25554,C[C@H](CO)N1C[C@H](C)[C@@H](CN(C)Cc2ccncc2)OCCCC[C@H](C)Oc3ccc(NC(=O)Nc4ccccc4)cc3C1=O,NA
Input,Rotenone,-0.21209093,InputSig,NA,NA,LINCSCP_54888,THP1,0.5uM,6h,haematopoietic and lymphoid tissue,Mitochondrial complex I inhibitor,MT-ND1,JUVIOZPCNVVQFO-HBGVWJBISA-N,"InChI=1S/C23H22O6/c1-11(2)16-8-14-15(28-16)6-5-12-22(24)21-13-7-18(25-3)19(26-4)9-17(13)27-10-20(21)29-23(12)14/h5-7,9,16,20-21H,1,8,10H2,2-4H3/t16-,20-,21+/m1/s1",28074,COc1cc2OC[C@H]3Oc4c5C[C@@H](Oc5ccc4C(=O)[C@H]3c2cc1OC)C(=C)C,NA
Input,CHEMBL2131671,-0.2119697,InputSig,NA,NA,LINCSCP_60260,VCAP,5uM,6h,prostate,NA,NA,JSQMQZOUAVKGAV-PDDCTVJXSA-N,"InChI=1S/C25H33N3O5S/c1-5-7-20-9-10-24-22(12-20)33-23(18(2)15-28(19(3)17-29)34(24,31)32)16-27(4)25(30)13-21-8-6-11-26-14-21/h5-12,14,18-19,23,29H,13,15-17H2,1-4H3/b7-5+/t18-,19-,23+/m1/s1",37993,C\C=C\c1ccc2c(O[C@@H](CN(C)C(=O)Cc3cccnc3)[C@H](C)CN([C@H](C)CO)S2(=O)=O)c1,NA
Input,BRD-K93666423,-0.21195944,InputSig,NA,NA,LINCSCP_64129,VCAP,5uM,6h,prostate,NA,NA,YVZLAXVGGRSZTP-VXSCBNMQSA-N,"InChI=1S/C25H28N4O4/c30-13-18-20-12-28-19(8-7-17(25(28)33)16-2-1-9-26-11-16)22(29(20)24(32)15-5-6-15)21(18)23(31)27-10-14-3-4-14/h1-2,7-9,11,14-15,18,20-22,30H,3-6,10,12-13H2,(H,27,31)/t18-,20-,21+,22+/m0/s1",4715,OC[C@H]1[C@@H]2CN3C(=CC=C(C3=O)c4cccnc4)[C@H]([C@@H]1C(=O)NCC5CC5)N2C(=O)C6CC6,NA
Input,"N-(3-Fluoro-4-((7-methoxyquinolin-4-yl)oxy)phenyl)-1-(2-hydroxy-2-methylpropyl)-5-methyl-3-oxo-2-phenyl-2,3-dihydro-1H-pyrazole-4-carboxamide",-0.21195397,InputSig,NA,NA,LINCSCP_147155,NEU,3.33uM,24h,NA,Hepatocyte growth factor receptor inhibitor,NA,UYMSIPINLJNNOU-UHFFFAOYSA-N,"InChI=1S/C31H29FN4O5/c1-19-28(30(38)36(21-8-6-5-7-9-21)35(19)18-31(2,3)39)29(37)34-20-10-13-27(24(32)16-20)41-26-14-15-33-25-17-22(40-4)11-12-23(25)26/h5-17,39H,18H2,1-4H3,(H,34,37)",37804,COc1ccc2c(Oc3ccc(NC(=O)C4=C(C)N(CC(C)(C)O)N(C4=O)c5ccccc5)cc3F)ccnc2c1,NA
Input,BRD-K10916986-001-01-6,-0.21187562,InputSig,NA,NA,LINCSCP_42380,NPC,10uM,24h,neural progenitor cells,Tubulin inhibitor,TUBB,GBABOYUKABKIAF-JEEMQKELSA-N,"InChI=1S/C45H54N4O8/c1-8-27-19-28-22-44(40(51)55-6,36-30(25-48(23-27)24-28)29-13-10-11-14-33(29)46-36)32-20-31-34(21-35(32)54-5)47(4)38-43(31)16-18-49-17-12-15-42(9-2,37(43)49)39(57-26(3)50)45(38,53)41(52)56-7/h10-15,19-21,28,37-39,46,53H,8-9,16-18,22-25H2,1-7H3/t28-,37-,38+,39+,42-,43+,44-,45-/m0/s1",1517,CCC1=C[C@@H]2C[N@](C1)Cc3c([nH]c4ccccc34)[C@@](C2)(C(=O)OC)c5cc6c(cc5OC)N(C)[C@H]7[C@](O)([C@H](OC(=O)C)[C@@]8(CC)C=CCN9CC[C@]67[C@H]89)C(=O)OC,NA
Input,BRD-K38524184,-0.21185521,InputSig,NA,NA,LINCSCP_62650,VCAP,5uM,24h,prostate,NA,NA,YSCGDHRCRJHNHR-OVLVRJBISA-N,"InChI=1S/C19H26N2O6S/c1-28(24,25)21-12-4-5-16-14(6-12)15-7-13(26-17(10-22)19(15)27-16)8-18(23)20-9-11-2-3-11/h4-6,11,13,15,17,19,21-22H,2-3,7-10H2,1H3,(H,20,23)/t13-,15-,17+,19+/m1/s1",24558,CS(=O)(=O)Nc1ccc2O[C@@H]3[C@H](CO)O[C@@H](CC(=O)NCC4CC4)C[C@@H]3c2c1,NA
Input,Vapiprost,-0.21163927,InputSig,NA,NA,LINCSCP_55773,VCAP,10uM,6h,prostate,Thromboxane receptor antagonist,TBXA2R,GQGRDYWMOPRROR-XUSMOFMBSA-N,"InChI=1S/C30H39NO4/c32-27-21-28(35-22-23-15-17-25(18-16-23)24-11-5-3-6-12-24)26(13-7-1-2-8-14-29(33)34)30(27)31-19-9-4-10-20-31/h1-3,5-6,11-12,15-18,26-28,30,32H,4,7-10,13-14,19-22H2,(H,33,34)/b2-1-/t26-,27-,28-,30+/m0/s1",37798,O[C@H]1C[C@H](OCc2ccc(cc2)c3ccccc3)[C@H](CC\C=C/CCC(=O)O)[C@H]1N4CCCCC4,NA
Input,BRD-K46192888,-0.21158606,InputSig,NA,NA,LINCSCP_62288,VCAP,5uM,24h,prostate,NA,NA,CJNJMLGGDUQPOS-HLPIXKIESA-N,"InChI=1S/C24H28N2O7S/c27-15-22-24-20(13-17(32-22)14-23(28)26-8-10-31-11-9-26)19-12-16(6-7-21(19)33-24)25-34(29,30)18-4-2-1-3-5-18/h1-7,12,17,20,22,24-25,27H,8-11,13-15H2/t17-,20+,22+,24-/m1/s1",37153,OC[C@@H]1O[C@@H](CC(=O)N2CCOCC2)C[C@@H]3[C@H]1Oc4ccc(NS(=O)(=O)c5ccccc5)cc34,NA
Input,BRD-K98626176,-0.21158276,InputSig,NA,NA,LINCSCP_263122,NPC,10uM,24h,neural progenitor cells,NA,NA,VOCYCOKXIBOWBC-ZMPRRUGASA-N,"InChI=1S/C24H31ClN4O4/c1-15-12-26-16(2)14-33-21-11-17(27-24(31)28-20-8-6-5-7-19(20)25)9-10-18(21)23(30)29(3)13-22(15)32-4/h5-11,15-16,22,26H,12-14H2,1-4H3,(H2,27,28,31)/t15-,16+,22-/m1/s1",9112,CO[C@@H]1CN(C)C(=O)c2ccc(NC(=O)Nc3ccccc3Cl)cc2OC[C@H](C)NC[C@H]1C,NA
Input,BRD-K40567080,-0.21145532,InputSig,NA,NA,LINCSCP_60179,VCAP,5uM,24h,prostate,NA,NA,DRXNQUOVPOKVMH-FVVLMORVSA-N,"InChI=1S/C25H31FN4O4/c1-5-6-18-11-21-23(27-12-18)34-22(16(2)13-30(24(21)32)17(3)15-31)14-29(4)25(33)28-20-9-7-19(26)8-10-20/h5-12,16-17,22,31H,13-15H2,1-4H3,(H,28,33)/b6-5+/t16-,17+,22-/m0/s1",9487,C\C=C\c1cnc2O[C@@H](CN(C)C(=O)Nc3ccc(F)cc3)[C@@H](C)CN([C@H](C)CO)C(=O)c2c1,NA
Input,BRD-K62719675,-0.21140637,InputSig,NA,NA,LINCSCP_20641,HCC515,10uM,6h,lung,NA,NA,UHIMEEWAODCTDO-FRTDHOJOSA-N,"InChI=1S/C39H47N5O6/c1-26-23-44(27(2)25-45)38(47)33-22-31(41-37(46)30-17-19-40-20-18-30)15-16-35(33)50-28(3)10-7-8-21-49-36(26)24-43(4)39(48)42-34-14-9-12-29-11-5-6-13-32(29)34/h5-6,9,11-20,22,26-28,36,45H,7-8,10,21,23-25H2,1-4H3,(H,41,46)(H,42,48)/t26-,27+,28+,36-/m1/s1",33292,C[C@@H](CO)N1C[C@@H](C)[C@@H](CN(C)C(=O)Nc2cccc3ccccc23)OCCCC[C@H](C)Oc4ccc(NC(=O)c5ccncc5)cc4C1=O,NA
Input,Siguazodan,-0.21140633,InputSig,NA,NA,LINCSCP_289727,VCAP,10uM,6h,prostate,Phosphodiesterase inhibitor,PDE3A,NUHPODZZKHQQET-UHFFFAOYSA-N,"InChI=1S/C14H16N6O/c1-9-7-12(21)19-20-13(9)10-3-5-11(6-4-10)18-14(16-2)17-8-15/h3-6,9H,7H2,1-2H3,(H,19,21)(H2,16,17,18)",32810,CNC(=Nc1ccc(cc1)C2=NNC(=O)CC2C)NC#N,NA
Input,Cladribine,-0.21129399,InputSig,NA,NA,LINCSCP_80511,A375,0.37uM,24h,skin,Adenosine deaminase inhibitor|Ribonucleoside reductase inhibitor,ADA,PTOAARAWEBMLNO-KVQBGUIXSA-N,"InChI=1S/C10H12ClN5O3/c11-10-14-8(12)7-9(15-10)16(3-13-7)6-1-4(18)5(2-17)19-6/h3-6,17-18H,1-2H2,(H2,12,14,15)/t4-,5+,6+/m0/s1",36589,Nc1nc(Cl)nc2c1ncn2[C@H]3C[C@H](O)[C@@H](CO)O3,4
Input,Cobalt (Ii) Chloride,-0.21128593,InputSig,NA,NA,LINCSCP_243053,MCF7,10uM,24h,breast,HSP inducer,HIF1A,NA,NA,NA,NA,NA
Input,Hypericin,-0.21122586,InputSig,NA,NA,LINCSCP_89601,HA1E,0.04uM,24h,kidney epithelial,Tyrosine kinase inhibitor,NA,BTXNYTINYBABQR-UHFFFAOYSA-N,"InChI=1S/C30H16O8/c1-7-3-9(31)19-23-15(7)16-8(2)4-10(32)20-24(16)28-26-18(12(34)6-14(36)22(26)30(20)38)17-11(33)5-13(35)21(29(19)37)25(17)27(23)28/h3-6,31-36H,1-2H3",15536,Cc1cc(O)c2C(=O)c3c(O)cc(O)c4c5c(O)cc(O)c6C(=O)c7c(O)cc(C)c8c1c2c(c34)c(c78)c56,NA
Input,NCGC00018127-01,-0.21116561,InputSig,NA,NA,LINCSCP_47672,PC3,10uM,24h,prostate,RNA synthesis inhibitor|Topoisomerase inhibitor,TOP2A,STQGQHZAVUOBTE-INJOJONLSA-N,"InChI=1S/C27H29NO10/c1-10-22(30)14(28)7-17(37-10)38-16-9-27(35,11(2)29)8-13-19(16)26(34)21-20(24(13)32)23(31)12-5-4-6-15(36-3)18(12)25(21)33/h4-6,10,14,16-17,22,30,32,34-35H,7-9,28H2,1-3H3/t10-,14-,16+,17-,22+,27-/m0/s1",1658,COc1cccc2C(=O)c3c(O)c4C[C@](O)(C[C@@H](O[C@H]5C[C@H](N)[C@H](O)[C@H](C)O5)c4c(O)c3C(=O)c12)C(=O)C,NA
Input,MLS-0435542.0001,-0.21113811,InputSig,NA,NA,LINCSCP_258322,NEU,10uM,24h,NA,NA,NA,HFHMZZBOHTVBEJ-UHFFFAOYSA-N,"InChI=1S/C22H28N2O5S2/c1-3-15-4-7-20-16(12-15)13-21(30-20)22(25)23-18-14-17(5-6-19(18)28-2)31(26,27)24-8-10-29-11-9-24/h5-6,13-15H,3-4,7-12H2,1-2H3,(H,23,25)",15343,CCC1CCc2sc(cc2C1)C(=O)Nc3cc(ccc3OC)S(=O)(=O)N4CCOCC4,NA
Input,GSK-1070916,-0.21098232,InputSig,NA,NA,LINCSCP_100463,HCC515,0.37uM,24h,lung,Aurora kinase inhibitor,AURKB|AURKC,QTBWCSQGBMPECM-UHFFFAOYSA-N,"InChI=1S/C30H33N7O/c1-6-37-19-26(28(34-37)21-10-12-23(13-11-21)32-30(38)36(4)5)24-14-15-31-29-25(24)17-27(33-29)22-9-7-8-20(16-22)18-35(2)3/h7-17,19H,6,18H2,1-5H3,(H,31,33)(H,32,38)",37785,CCn1cc(c2ccnc3[nH]c(cc23)c4cccc(CN(C)C)c4)c(n1)c5ccc(NC(=O)N(C)C)cc5,1
Input,STOCK1N-09285,-0.21097952,InputSig,NA,NA,LINCSCP_92788,HA1E,3.33uM,24h,kidney epithelial,Estrogen receptor agonist,ESR1,IMSSROKUHAOUJS-VYJKVFMHSA-N,"InChI=1S/C21H26O2/c1-4-21(22)12-10-19-18-7-5-14-13-15(23-3)6-8-16(14)17(18)9-11-20(19,21)2/h1,6,8,13,17-19,22H,5,7,9-12H2,2-3H3/t17?,18?,19?,20-,21-/m0/s1",118,COc1ccc2C3CC[C@@]4(C)C(CC[C@@]4(O)C#C)C3CCc2c1,NA
Input,Minaprine,-0.21095784,InputSig,NA,NA,LINCSCP_4332,A549,10uM,6h,lung,Serotonin reuptake inhibitor,HTR2B|SLC6A4,LDMWSLGGVTVJPG-UHFFFAOYSA-N,"InChI=1S/C17H22N4O/c1-14-13-16(15-5-3-2-4-6-15)19-20-17(14)18-7-8-21-9-11-22-12-10-21/h2-6,13H,7-12H2,1H3,(H,18,20)",15377,Cc1cc(nnc1NCCN2CCOCC2)c3ccccc3,4
Input,M3M3FBS,-0.21091449,InputSig,NA,NA,LINCSCP_21330,HEC108,80uM,6h,endometrium,Phospholipase activator,PLCB2|PLCB3|PLCD1|PLCG1|PLCG2,ZIIUUSVHCHPIQD-UHFFFAOYSA-N,"InChI=1S/C16H16F3NO2S/c1-10-7-11(2)15(12(3)8-10)23(21,22)20-14-6-4-5-13(9-14)16(17,18)19/h4-9,20H,1-3H3",15408,Cc1cc(C)c(c(C)c1)S(=O)(=O)Nc2cccc(c2)C(F)(F)F,NA
Input,BRD-K08080638,-0.21091357,InputSig,NA,NA,LINCSCP_61016,VCAP,5uM,24h,prostate,NA,NA,VZMYSNMKMPUTCO-JLHGSKIFSA-N,"InChI=1S/C24H33N3O6S/c1-16-13-25-17(2)15-33-20-11-10-18(12-19(20)24(28)27(3)14-22(16)32-5)26-34(29,30)23-9-7-6-8-21(23)31-4/h6-12,16-17,22,25-26H,13-15H2,1-5H3/t16-,17+,22+/m1/s1",1484,CO[C@H]1CN(C)C(=O)c2cc(NS(=O)(=O)c3ccccc3OC)ccc2OC[C@H](C)NC[C@H]1C,NA
Input,IN1304,-0.21082697,InputSig,NA,NA,LINCSCP_6933,A549,10uM,6h,lung,Insulin sensitizer|PPAR receptor agonist,PPARG,QTQMRBZOBKYXCG-UHFFFAOYSA-N,"InChI=1S/C30H29N3O4/c1-33(28-13-7-8-18-31-28)19-20-37-24-16-14-22(15-17-24)21-27(30(35)36)32-26-12-6-5-11-25(26)29(34)23-9-3-2-4-10-23/h2-18,27,32H,19-21H2,1H3,(H,35,36)",121,CN(CCOc1ccc(CC(Nc2ccccc2C(=O)c3ccccc3)C(=O)O)cc1)c4ccccn4,NA
Input,Epitestosterone,-0.21078026,InputSig,NA,NA,LINCSCP_284251,SKB,10uM,24h,NA,Inactive testosterone analog,NA,MUMGGOZAMZWBJJ-KZYORJDKSA-N,"InChI=1S/C19H28O2/c1-18-9-7-13(20)11-12(18)3-4-14-15-5-6-17(21)19(15,2)10-8-16(14)18/h11,14-17,21H,3-10H2,1-2H3/t14-,15-,16-,17+,18-,19-/m0/s1",3156,C[C@]12CC[C@H]3[C@@H](CCC4=CC(=O)CC[C@]34C)[C@@H]1CC[C@H]2O,NA
Input,BRD-K22013971,-0.21078026,InputSig,NA,NA,LINCSCP_62262,VCAP,5uM,24h,prostate,NA,NA,CJNJMLGGDUQPOS-ZDUIBRFZSA-N,"InChI=1S/C24H28N2O7S/c27-15-22-24-20(13-17(32-22)14-23(28)26-8-10-31-11-9-26)19-12-16(6-7-21(19)33-24)25-34(29,30)18-4-2-1-3-5-18/h1-7,12,17,20,22,24-25,27H,8-11,13-15H2/t17-,20+,22-,24-/m0/s1",2393,OC[C@@H]1O[C@H](CC(=O)N2CCOCC2)C[C@H]3[C@@H]1Oc4ccc(NS(=O)(=O)c5ccccc5)cc34,NA
Input,MLS002725684,-0.21074945,InputSig,NA,NA,LINCSCP_6312,A549,10uM,24h,lung,NA,NA,MHYQHWLKERVOMZ-UHFFFAOYSA-N,"InChI=1S/C21H31NO3/c1-24-19-11-10-17(13-20(19)25-2)21(23)18-9-6-12-22(15-18)14-16-7-4-3-5-8-16/h10-11,13,16,18H,3-9,12,14-15H2,1-2H3",33408,COc1ccc(cc1OC)C(=O)C2CCCN(CC3CCCCC3)C2,NA
Input,"Ingenol 3,20-dibenzoate",-0.21070693,InputSig,NA,NA,LINCSCP_9151,A549,0.01uM,24h,lung,PKC activator,PRKCD|PRKCE,GIMKEHNOTHXONN-UHFFFAOYSA-N,"InChI=1S/C34H36O7/c1-19-17-33-20(2)15-25-26(32(25,3)4)24(28(33)36)16-23(18-40-30(37)21-11-7-5-8-12-21)27(35)34(33,39)29(19)41-31(38)22-13-9-6-10-14-22/h5-14,16-17,20,24-27,29,35,39H,15,18H2,1-4H3",1392,CC1CC2C(C3C=C(COC(=O)c4ccccc4)C(O)C5(O)C(OC(=O)c6ccccc6)C(=CC15C3=O)C)C2(C)C,NA
Input,Fenoterol,-0.21070261,InputSig,NA,NA,LINCSCP_52560,SKB,10uM,24h,NA,Adrenergic receptor agonist,ADRB2,LSLYOANBFKQKPT-UHFFFAOYSA-N,"InChI=1S/C17H21NO4/c1-11(6-12-2-4-14(19)5-3-12)18-10-17(22)13-7-15(20)9-16(21)8-13/h2-5,7-9,11,17-22H,6,10H2,1H3",35453,CC(Cc1ccc(O)cc1)NCC(O)c2cc(O)cc(O)c2,4
Input,BAY 87-2243,-0.21068719,InputSig,NA,NA,LINCSCP_160407,PC3,3.33uM,24h,prostate,NA,NA,CDJNNOJINJAXPV-UHFFFAOYSA-N,"InChI=1S/C26H26F3N7O2/c1-17-14-22(25-31-24(33-38-25)19-2-6-21(7-3-19)37-26(27,28)29)32-36(17)16-18-8-9-30-23(15-18)35-12-10-34(11-13-35)20-4-5-20/h2-3,6-9,14-15,20H,4-5,10-13,16H2,1H3",26986,Cc1cc(nn1Cc2ccnc(c2)N3CCN(CC3)C4CC4)c5onc(n5)c6ccc(OC(F)(F)F)cc6,NA
Input,BRD-K13707774,-0.2106598,InputSig,NA,NA,LINCSCP_61196,VCAP,5uM,24h,prostate,NA,NA,DLQPGZNWCDDUSB-HOOSLVGPSA-N,"InChI=1S/C27H34FN3O5/c1-6-25(32)29-21-11-12-22-23(13-21)36-16-18(3)31(26(33)19-7-9-20(28)10-8-19)14-17(2)24(35-5)15-30(4)27(22)34/h7-13,17-18,24H,6,14-16H2,1-5H3,(H,29,32)/t17-,18+,24+/m0/s1",23518,CCC(=O)Nc1ccc2C(=O)N(C)C[C@@H](OC)[C@@H](C)CN([C@H](C)COc2c1)C(=O)c3ccc(F)cc3,NA
Input,Benzocaine,-0.21060427,InputSig,NA,NA,LINCSCP_34511,MCF7,10uM,24h,breast,Sodium channel blocker,NA,BLFLLBZGZJTVJG-UHFFFAOYSA-N,"InChI=1S/C9H11NO2/c1-2-12-9(11)7-3-5-8(10)6-4-7/h3-6H,2,10H2,1H3",18474,CCOC(=O)c1ccc(N)cc1,4
Input,Imiloxan,-0.21057235,InputSig,NA,NA,LINCSCP_72704,A375,10uM,24h,skin,Adrenergic receptor antagonist,ADRA2A|ADRA2B,UXABARREKCJULM-UHFFFAOYSA-N,"InChI=1S/C14H16N2O2/c1-2-16-8-7-15-14(16)9-11-10-17-12-5-3-4-6-13(12)18-11/h3-8,11H,2,9-10H2,1H3",35325,CCn1ccnc1CC2COc3ccccc3O2,NA
Input,Gallocatechin Gallate,-0.21054976,InputSig,NA,NA,LINCSCP_52993,SKLU1,90uM,6h,lung,Nitric oxide synthase inhibitor,BACE1|FASN,WMBWREPUVVBILR-NQIIRXRSSA-N,"InChI=1S/C22H18O11/c23-10-5-12(24)11-7-18(33-22(31)9-3-15(27)20(30)16(28)4-9)21(32-17(11)6-10)8-1-13(25)19(29)14(26)2-8/h1-6,18,21,23-30H,7H2/t18-,21+/m1/s1",16519,Oc1cc(O)c2C[C@@H](OC(=O)c3cc(O)c(O)c(O)c3)[C@@H](Oc2c1)c4cc(O)c(O)c(O)c4,NA
Input,Fipronil,-0.21053146,InputSig,NA,NA,LINCSCP_18789,HCC515,10uM,24h,lung,Chloride channel blocker|GABA gated chloride channel blocker,NA,ZOCSXAVNDGMNBV-UHFFFAOYSA-N,"InChI=1S/C12H4Cl2F6N4OS/c13-5-1-4(11(15,16)17)2-6(14)8(5)24-10(22)9(7(3-21)23-24)26(25)12(18,19)20/h1-2H,22H2",400,Nc1c(c(nn1c2c(Cl)cc(cc2Cl)C(F)(F)F)C#N)S(=O)C(F)(F)F,NA
Input,BIO2_000029,-0.2104951,InputSig,NA,NA,LINCSCP_44122,PC3,10uM,6h,prostate,Sodium/calcium exchange inhibitor,NA,YVELSDDXFCIBLA-UHFFFAOYSA-N,"InChI=1S/C13H12Cl3N7O/c14-6-2-1-5(7(15)3-6)4-20-13(19)23-12(24)8-10(17)22-11(18)9(16)21-8/h1-3H,4H2,(H4,17,18,22)(H3,19,20,23,24)",15135,Nc1nc(N)c(nc1Cl)C(=O)NC(=N)NCc2ccc(Cl)cc2Cl,NA
Input,Dapsone,-0.21028904,InputSig,NA,NA,LINCSCP_296325,VCAP,10uM,6h,prostate,Bacterial antifolate,DHFR,MQJKPEGWNLWLTK-UHFFFAOYSA-N,"InChI=1S/C12H12N2O2S/c13-9-1-5-11(6-2-9)17(15,16)12-7-3-10(14)4-8-12/h1-8H,13-14H2",16355,Nc1ccc(cc1)S(=O)(=O)c2ccc(N)cc2,4
Input,Broad-Sai-686,-0.210274,InputSig,NA,NA,LINCSCP_41452,NEU,10uM,24h,NA,NA,NA,NA,NA,NA,NA,NA
Input,BRD-K67766243,-0.21025477,InputSig,NA,NA,LINCSCP_61487,VCAP,5uM,24h,prostate,NA,NA,UJZHWGMAKJZUOC-JRRLLMCYSA-N,"InChI=1S/C37H46N4O4/c1-25-21-41(26(2)23-42)37(44)35-34(30-18-12-13-19-31(30)40(35)6)29-17-11-10-16-28(29)24-45-33(25)22-39(5)36(43)32(38(3)4)20-27-14-8-7-9-15-27/h7-19,25-26,32-33,42H,20-24H2,1-6H3/t25-,26-,32-,33+/m1/s1",24981,C[C@H](CO)N1C[C@@H](C)[C@H](CN(C)C(=O)[C@@H](Cc2ccccc2)N(C)C)OCc3ccccc3c4c(C1=O)n(C)c5ccccc45,NA
Input,BRD-K46419847,-0.21020739,InputSig,NA,NA,LINCSCP_60887,VCAP,5uM,24h,prostate,NA,NA,HNVRJEXAKGMODG-VWKPWSFCSA-N,"InChI=1S/C25H30N4O4S/c1-15-12-26-16(2)14-33-20-11-17(9-10-18(20)25(31)29(3)13-21(15)32-4)27-23(30)24-28-19-7-5-6-8-22(19)34-24/h5-11,15-16,21,26H,12-14H2,1-4H3,(H,27,30)/t15-,16+,21-/m1/s1",37282,CO[C@@H]1CN(C)C(=O)c2ccc(NC(=O)c3nc4ccccc4s3)cc2OC[C@H](C)NC[C@H]1C,NA
Input,ZSTK 474,-0.21018228,InputSig,NA,NA,LINCSCP_36519,MCF7,1uM,24h,breast,PI3K inhibitor,PIK3CG,HGVNLRPZOWWDKD-UHFFFAOYSA-N,"InChI=1S/C19H21F2N7O2/c20-15(21)16-22-13-3-1-2-4-14(13)28(16)19-24-17(26-5-9-29-10-6-26)23-18(25-19)27-7-11-30-12-8-27/h1-4,15H,5-12H2",15126,FC(F)c1nc2ccccc2n1c3nc(nc(n3)N4CCOCC4)N5CCOCC5,NA
Input,L-690488,-0.21018157,InputSig,NA,NA,LINCSCP_54992,THP1,10uM,6h,haematopoietic and lymphoid tissue,Inositol monophosphatase inhibitor,IMPA1,LOTSPVPQHAUHCE-UHFFFAOYSA-N,"InChI=1S/C32H52O16P2/c1-28(2,3)24(34)40-18-44-49(38,45-19-41-25(35)29(4,5)6)32(13,48-23-16-14-22(33)15-17-23)50(39,46-20-42-26(36)30(7,8)9)47-21-43-27(37)31(10,11)12/h14-17,33H,18-21H2,1-13H3",16182,CC(C)(C)C(=O)OCOP(=O)(OCOC(=O)C(C)(C)C)C(C)(Oc1ccc(O)cc1)P(=O)(OCOC(=O)C(C)(C)C)OCOC(=O)C(C)(C)C,NA
Input,BRD-K53914976,-0.2100783,InputSig,NA,NA,LINCSCP_60475,VCAP,5uM,6h,prostate,NA,NA,JAWXPOQCFIAERV-WAOWUJCRSA-N,"InChI=1S/C24H37N3O6S/c1-7-12-25-23(29)26(6)15-21-17(2)14-27(18(3)16-28)34(31,32)22-9-8-19(13-20(22)33-21)10-11-24(4,5)30/h8-9,13,17-18,21,28,30H,7,12,14-16H2,1-6H3,(H,25,29)/t17-,18+,21+/m0/s1",755,CCCNC(=O)N(C)C[C@H]1Oc2cc(ccc2S(=O)(=O)N(C[C@@H]1C)[C@H](C)CO)C#CC(C)(C)O,NA
Input,Cefaclor,-0.21007232,InputSig,NA,NA,LINCSCP_34580,MCF7,10uM,6h,breast,Bacterial cell wall synthesis inhibitor,NA,QYIYFLOTGYLRGG-GPCCPHFNSA-N,"InChI=1S/C15H14ClN3O4S/c16-8-6-24-14-10(13(21)19(14)11(8)15(22)23)18-12(20)9(17)7-4-2-1-3-5-7/h1-5,9-10,14H,6,17H2,(H,18,20)(H,22,23)/t9-,10-,14-/m1/s1",16312,N[C@@H](C(=O)N[C@H]1[C@H]2SCC(=C(N2C1=O)C(=O)O)Cl)c3ccccc3,4
Input,Proscillaridin A,-0.21005412,InputSig,NA,NA,LINCSCP_64992,VCAP,0.5uM,6h,prostate,ATPase inhibitor,ATP1A1,MYEJFUXQJGHEQK-BVLCKXLMSA-N,"InChI=1S/C30H42O8/c1-16-24(32)25(33)26(34)27(37-16)38-19-8-11-28(2)18(14-19)5-6-22-21(28)9-12-29(3)20(10-13-30(22,29)35)17-4-7-23(31)36-15-17/h4,7,14-16,19-22,24-27,32-35H,5-6,8-13H2,1-3H3/t16-,19-,20+,21?,22?,24-,25+,26+,27-,28-,29+,30-/m0/s1",15224,C[C@@H]1O[C@@H](O[C@H]2CC[C@]3(C)C4CC[C@]5(C)[C@H](CC[C@]5(O)C4CCC3=C2)C6=COC(=O)C=C6)[C@H](O)[C@H](O)[C@H]1O,NA
Input,BRD-K54335715,-0.2100444,InputSig,NA,NA,LINCSCP_43142,NPC,10uM,24h,neural progenitor cells,NA,NA,ULPICNQPCCMLSF-NRFANRHFSA-N,"InChI=1S/C24H29N3O4S/c1-16-6-5-7-18(10-16)32(29,30)27-14-24(15-27)13-25(2)21(12-28)23-22(24)19-9-8-17(31-4)11-20(19)26(23)3/h5-11,21,28H,12-15H2,1-4H3/t21-/m0/s1",12990,COc1ccc2c3c([C@H](CO)N(C)CC34CN(C4)S(=O)(=O)c5cccc(C)c5)n(C)c2c1,NA
Input,Digitoxin,-0.21003142,InputSig,NA,NA,LINCSCP_64936,VCAP,0.5uM,24h,prostate,ATPase inhibitor,ATP1A1,WDJUZGPOPHTGOT-DTLXFLGHSA-N,"InChI=1S/C41H64O13/c1-20-36(46)29(42)16-34(49-20)53-38-22(3)51-35(18-31(38)44)54-37-21(2)50-33(17-30(37)43)52-25-8-11-39(4)24(15-25)6-7-28-27(39)9-12-40(5)26(10-13-41(28,40)47)23-14-32(45)48-19-23/h14,20-22,24-31,33-38,42-44,46-47H,6-13,15-19H2,1-5H3/t20-,21-,22-,24-,25+,26-,27+,28-,29+,30+,31+,33-,34-,35-,36-,37-,38-,39+,40-,41+/m1/s1",33583,C[C@H]1O[C@@H](C[C@H](O)[C@@H]1O)O[C@H]2[C@@H](O)C[C@@H](O[C@H]3[C@@H](O)C[C@@H](O[C@H]4CC[C@@]5(C)[C@H](CC[C@@H]6[C@@H]5CC[C@]7(C)[C@H](CC[C@]67O)C8=CC(=O)OC8)C4)O[C@@H]3C)O[C@@H]2C,NA
Input,BRD-K36909552,-0.21002927,InputSig,NA,NA,LINCSCP_64649,VCAP,10uM,24h,prostate,NA,NA,RJZMBPWJQGQEHM-ZNZIZOMTSA-N,"InChI=1S/C26H35N3O2/c30-19-25-26(22-7-5-21(6-8-22)23-4-3-11-27-16-23)24-18-28(12-1-2-13-29(24)25)17-20-9-14-31-15-10-20/h3-8,11,16,20,24-26,30H,1-2,9-10,12-15,17-19H2/t24-,25+,26+/m1/s1",12532,OC[C@H]1[C@H]([C@H]2CN(CC3CCOCC3)CCCCN12)c4ccc(cc4)c5cccnc5,NA
Input,BRD-K89986699,-0.20997516,InputSig,NA,NA,LINCSCP_63539,VCAP,5uM,24h,prostate,NA,NA,QCHQNBIYSRQADD-NAVOZUGXSA-N,"InChI=1S/C26H32F3N3O4/c27-26(28,29)20-3-1-2-19(12-20)14-32-15-21(33)16-35-17-24-23(32)5-4-22(36-24)13-25(34)31-11-8-18-6-9-30-10-7-18/h1-3,6-7,9-10,12,21-24,33H,4-5,8,11,13-17H2,(H,31,34)/t21-,22+,23+,24-/m1/s1",25202,O[C@H]1COC[C@H]2O[C@H](CC(=O)NCCc3ccncc3)CC[C@@H]2N(Cc4cccc(c4)C(F)(F)F)C1,NA
Input,Macitentan,-0.20989534,InputSig,NA,NA,LINCSCP_159872,PC3,10uM,24h,prostate,"Endothelin receptor, ET-A/ET-B antagonist",EDNRA|EDNRB,JGCMEBMXRHSZKX-UHFFFAOYSA-N,"InChI=1S/C19H20Br2N6O4S/c1-2-7-26-32(28,29)27-17-16(13-3-5-14(20)6-4-13)18(25-12-24-17)30-8-9-31-19-22-10-15(21)11-23-19/h3-6,10-12,26H,2,7-9H2,1H3,(H,24,25,27)",26620,CCCNS(=O)(=O)Nc1ncnc(OCCOc2ncc(Br)cn2)c1c3ccc(Br)cc3,4
Input,Cymarin,-0.20980747,InputSig,NA,NA,LINCSCP_64871,VCAP,10uM,24h,prostate,ATPase inhibitor,ATP1A1,XQCGNURMLWFQJR-LZLVDNNYSA-N,"InChI=1S/C30H44O9/c1-17-26(33)23(36-3)13-25(38-17)39-19-4-9-28(16-31)21-5-8-27(2)20(18-12-24(32)37-15-18)7-11-30(27,35)22(21)6-10-29(28,34)14-19/h12,16-17,19-23,25-26,33-35H,4-11,13-15H2,1-3H3/t17?,19-,20?,21?,22?,23?,25?,26?,27+,28-,29-,30-/m0/s1",444,COC1CC(O[C@H]2CC[C@]3(C=O)C4CC[C@]5(C)C(CC[C@]5(O)C4CC[C@]3(O)C2)C6=CC(=O)OC6)OC(C)C1O,NA
Input,Cymarin,-0.20980747,InputSig,NA,NA,LINCSCP_64871,VCAP,10uM,24h,prostate,ATPase inhibitor,ATP1A1,XQCGNURMLWFQJR-ZNDDOCHDSA-N,"InChI=1S/C30H44O9/c1-17-26(33)23(36-3)13-25(38-17)39-19-4-9-28(16-31)21-5-8-27(2)20(18-12-24(32)37-15-18)7-11-30(27,35)22(21)6-10-29(28,34)14-19/h12,16-17,19-23,25-26,33-35H,4-11,13-15H2,1-3H3/t17-,19+,20-,21+,22-,23+,25+,26-,27-,28+,29+,30+/m1/s1",34260,CO[C@H]1C[C@H](O[C@H]2CC[C@]3(C=O)[C@H]4CC[C@]5(C)[C@H](CC[C@]5(O)[C@@H]4CC[C@]3(O)C2)C6=CC(=O)OC6)O[C@H](C)[C@H]1O,NA
Input,BRD-K18641148,-0.20977472,InputSig,NA,NA,LINCSCP_34779,MCF7,5uM,24h,breast,NA,NA,AGTOXIQHWXFKCO-KERYWQKISA-N,"InChI=1S/C31H38N4O5/c1-21-17-35(22(2)20-36)30(37)16-25-15-26(33-31(38)24-11-13-32-14-12-24)7-10-28(25)40-29(21)19-34(3)18-23-5-8-27(39-4)9-6-23/h5-15,21-22,29,36H,16-20H2,1-4H3,(H,33,38)/t21-,22+,29-/m0/s1",32153,COc1ccc(CN(C)C[C@@H]2Oc3ccc(NC(=O)c4ccncc4)cc3CC(=O)N(C[C@@H]2C)[C@H](C)CO)cc1,NA
Input,MLS000763523,-0.20971043,InputSig,NA,NA,LINCSCP_3087,A375,10uM,6h,skin,NA,NA,STTFMIKZFVMWJL-OVCLIPMQSA-N,"InChI=1S/C18H17N5O4S/c1-3-27-16(25)9-28-18-21-15(17(26)23(18)12(2)24)8-13-4-6-14(7-5-13)22-11-19-10-20-22/h4-8,10-11H,3,9H2,1-2H3/b15-8+",37962,CCOC(=O)CSC1=N\C(=C\c2ccc(cc2)n3cncn3)\C(=O)N1C(=O)C,NA
Input,BRD-K90163207,-0.20970666,InputSig,NA,NA,LINCSCP_307627,VCAP,5uM,6h,prostate,NA,NA,ZCDZHCWZNJFIKB-IDCJVQTKSA-N,"InChI=1S/C19H26Cl2N2O4/c1-22-19(25)7-14-3-5-17-18(27-14)11-26-10-13(24)9-23(17)8-12-2-4-15(20)16(21)6-12/h2,4,6,13-14,17-18,24H,3,5,7-11H2,1H3,(H,22,25)/t13-,14+,17+,18-/m1/s1",4618,CNC(=O)C[C@@H]1CC[C@H]2[C@@H](COC[C@H](O)CN2Cc3ccc(Cl)c(Cl)c3)O1,NA
Input,Fluoxetine,-0.20963497,InputSig,NA,NA,LINCSCP_236001,MCF7,10uM,24h,breast,Serotonin transporter inhibitor,SLC6A4,RTHCYVBBDHJXIQ-UHFFFAOYSA-N,"InChI=1S/C17H18F3NO/c1-21-12-11-16(13-5-3-2-4-6-13)22-15-9-7-14(8-10-15)17(18,19)20/h2-10,16,21H,11-12H2,1H3",15046,CNCCC(Oc1ccc(cc1)C(F)(F)F)c2ccccc2,4
Input,AZD4547,-0.20961201,InputSig,NA,NA,LINCSCP_69789,A375,0.37uM,24h,skin,NA,NA,VRQMAABPASPXMW-HDICACEKSA-N,"InChI=1S/C26H33N5O3/c1-17-15-31(16-18(2)27-17)22-9-6-20(7-10-22)26(32)28-25-13-21(29-30-25)8-5-19-11-23(33-3)14-24(12-19)34-4/h6-7,9-14,17-18,27H,5,8,15-16H2,1-4H3,(H2,28,29,30,32)/t17-,18+",24521,COc1cc(CCc2cc(NC(=O)c3ccc(cc3)N4C[C@@H](C)N[C@@H](C)C4)n[nH]2)cc(OC)c1,NA
Input,MLS001033149,-0.20956966,InputSig,NA,NA,LINCSCP_2396,A375,10uM,6h,skin,NA,NA,PYEWRVJBQXWXNV-UHFFFAOYSA-N,"InChI=1S/C12H10Cl2N2OS/c13-7-11(17)15-12-16(5-6-18-12)8-9-3-1-2-4-10(9)14/h1-6H,7-8H2",25859,ClCC(=O)N=C1SC=CN1Cc2ccccc2Cl,NA
Input,Alvocidib,-0.20946941,InputSig,NA,NA,LINCSCP_51481,SKBR3,0.5uM,24h,breast,CDK inhibitor,CDK1|CDK2|CDK4|CDK5|CDK6|CDK7|CDK8|CDK9|EGFR|PYGM,BIIVYFLTOXDAOV-YVEFUNNKSA-N,"InChI=1S/C21H20ClNO5/c1-23-7-6-12(17(27)10-23)19-14(24)8-15(25)20-16(26)9-18(28-21(19)20)11-4-2-3-5-13(11)22/h2-5,8-9,12,17,24-25,27H,6-7,10H2,1H3/t12-,17+/m0/s1",16629,CN1CC[C@@H]([C@H](O)C1)c2c(O)cc(O)c3C(=O)C=C(Oc23)c4ccccc4Cl,3
Input,6-Azauridine,-0.2094671,InputSig,NA,NA,LINCSCP_189489,A549,10uM,24h,lung,Antiviral,NA,WYXSYVWAUAUWLD-SHUUEZRQSA-N,"InChI=1S/C8H11N3O6/c12-2-3-5(14)6(15)7(17-3)11-8(16)10-4(13)1-9-11/h1,3,5-7,12,14-15H,2H2,(H,10,13,16)/t3-,5-,6-,7-/m1/s1",19488,OC[C@H]1O[C@H]([C@H](O)[C@@H]1O)N2N=CC(=O)NC2=O,NA
Input,Nordihydroguaiaretic acid,-0.20943734,InputSig,NA,NA,LINCSCP_141461,MCF7,10uM,24h,breast,NA,NA,HCZKYJDFEPMADG-UHFFFAOYSA-N,"InChI=1S/C18H22O4/c1-11(7-13-3-5-15(19)17(21)9-13)12(2)8-14-4-6-16(20)18(22)10-14/h3-6,9-12,19-22H,7-8H2,1-2H3",37743,CC(Cc1ccc(O)c(O)c1)C(C)Cc2ccc(O)c(O)c2,4
Input,TP7,-0.20940382,InputSig,NA,NA,LINCSCP_255219,MCF7,10uM,6h,breast,NA,NA,NA,NA,42730,NA,NA
Input,Phenyl Biguanide,-0.20937035,InputSig,NA,NA,LINCSCP_7694,A549,10uM,6h,lung,Serotonin receptor agonist,NA,CUQCMXFWIMOWRP-UHFFFAOYSA-N,"InChI=1S/C8H11N5/c9-7(10)13-8(11)12-6-4-2-1-3-5-6/h1-5H,(H6,9,10,11,12,13)",23117,NC(=NC(=Nc1ccccc1)N)N,NA
Input,BRD-K34787855,-0.20921125,InputSig,NA,NA,LINCSCP_60025,VCAP,5uM,24h,prostate,NA,NA,FLFHXFOLABGIIH-NMMYMHLASA-N,"InChI=1S/C28H39N3O6/c1-19-16-31(20(2)18-32)27(34)23-14-21(6-11-28(35)9-4-5-10-28)15-29-25(23)37-24(19)17-30(3)26(33)22-7-12-36-13-8-22/h14-15,19-20,22,24,32,35H,4-5,7-10,12-13,16-18H2,1-3H3/t19-,20+,24+/m1/s1",1899,C[C@@H](CO)N1C[C@@H](C)[C@H](CN(C)C(=O)C2CCOCC2)Oc3ncc(cc3C1=O)C#CC4(O)CCCC4,NA
Input,BRD-K51083659,-0.20912705,InputSig,NA,NA,LINCSCP_180564,A375,10uM,6h,skin,NA,NA,RFGPXVMTNFVDAR-ZQLNOWDWSA-N,"InChI=1S/C31H39N3O9S2/c1-21-18-34(22(2)20-35)31(36)17-23-16-24(32-44(37,38)27-11-7-25(41-4)8-12-27)6-15-29(23)43-30(21)19-33(3)45(39,40)28-13-9-26(42-5)10-14-28/h6-16,21-22,30,32,35H,17-20H2,1-5H3/t21-,22+,30-/m0/s1",33005,COc1ccc(cc1)S(=O)(=O)Nc2ccc3O[C@@H](CN(C)S(=O)(=O)c4ccc(OC)cc4)[C@@H](C)CN([C@H](C)CO)C(=O)Cc3c2,NA
Input,MLS000877024,-0.20911882,InputSig,NA,NA,LINCSCP_34741,MCF7,1uM,24h,breast,Cytochrome P450 inhibitor,NFE2L2,SBHXYTNGIZCORC-UHFFFAOYSA-N,"InChI=1S/C15H12O6/c16-8-4-11(19)15-12(20)6-13(21-14(15)5-8)7-1-2-9(17)10(18)3-7/h1-5,13,16-19H,6H2",35360,Oc1cc(O)c2C(=O)CC(Oc2c1)c3ccc(O)c(O)c3,NA
Input,Somatostatin,-0.20906713,InputSig,NA,NA,LINCSCP_58843,VCAP,10uM,24h,prostate,Somatostatin receptor agonist,SSTR1|SSTR2|SSTR3|SSTR4|SSTR5,NHXLMOGPVYXJNR-ATOGVRKGSA-N,"InChI=1S/C76H104N18O19S2/c1-41(79)64(100)82-37-61(99)83-58-39-114-115-40-59(76(112)113)92-72(108)57(38-95)91-75(111)63(43(3)97)94-71(107)54(33-46-23-11-6-12-24-46)90-74(110)62(42(2)96)93-66(102)51(28-16-18-30-78)84-69(105)55(34-47-36-81-49-26-14-13-25-48(47)49)88-68(104)53(32-45-21-9-5-10-22-45)86-67(103)52(31-44-19-7-4-8-20-44)87-70(106)56(35-60(80)98)89-65(101)50(85-73(58)109)27-15-17-29-77/h4-14,19-26,36,41-43,50-59,62-63,81,95-97H,15-18,27-35,37-40,77-79H2,1-3H3,(H2,80,98)(H,82,100)(H,83,99)(H,84,105)(H,85,109)(H,86,103)(H,87,106)(H,88,104)(H,89,101)(H,90,110)(H,91,111)(H,92,108)(H,93,102)(H,94,107)(H,112,113)/t41-,42+,43+,50-,51-,52-,53-,54-,55-,56-,57-,58-,59-,62-,63-/m0/s1",16302,C[C@@H](O)[C@@H]1NC(=O)[C@H](Cc2ccccc2)NC(=O)[C@@H](NC(=O)[C@H](CCCCN)NC(=O)[C@H](Cc3c[nH]c4ccccc34)NC(=O)[C@H](Cc5ccccc5)NC(=O)[C@H](Cc6ccccc6)NC(=O)[C@H](CC(=O)N)NC(=O)[C@H](CCCCN)NC(=O)[C@H](CSSC[C@H](NC(=O)[C@H](CO)NC1=O)C(=O)O)NC(=O)CNC(=O)[C@H](C)N)[C@@H](C)O,3
Input,Omeprazole,-0.20904912,InputSig,NA,NA,LINCSCP_244152,MCF7,10uM,6h,breast,ATPase inhibitor,ATP4A|ATP4B,SUBDBMMJDZJVOS-UHFFFAOYSA-N,"InChI=1S/C17H19N3O3S/c1-10-8-18-15(11(2)16(10)23-4)9-24(21)17-19-13-6-5-12(22-3)7-14(13)20-17/h5-8H,9H2,1-4H3,(H,19,20)",35391,COc1ccc2nc([nH]c2c1)S(=O)Cc3ncc(C)c(OC)c3C,4
Input,Tioconazole,-0.20901156,InputSig,NA,NA,LINCSCP_137667,MCF7,0.37uM,24h,breast,Sterol demethylase inhibitor,NA,QXHHHPZILQDDPS-UHFFFAOYSA-N,"InChI=1S/C16H13Cl3N2OS/c17-12-1-2-13(14(18)7-12)15(8-21-5-4-20-10-21)22-9-11-3-6-23-16(11)19/h1-7,10,15H,8-9H2",16235,Clc1ccc(C(Cn2ccnc2)OCc3ccsc3Cl)c(Cl)c1,4
Input,BRD-K87159745,-0.20896662,InputSig,NA,NA,LINCSCP_63414,VCAP,5uM,24h,prostate,NA,NA,PQVOHAVDCPBJEV-NAYZPBBASA-N,"InChI=1S/C31H34N4O6/c1-35-25-9-8-22(18-29(36)33-16-13-20-11-14-32-15-12-20)41-28(25)19-40-27-10-7-21(17-24(27)31(35)38)34-30(37)23-5-3-4-6-26(23)39-2/h3-7,10-12,14-15,17,22,25,28H,8-9,13,16,18-19H2,1-2H3,(H,33,36)(H,34,37)/t22-,25-,28+/m0/s1",4485,COc1ccccc1C(=O)Nc2ccc3OC[C@H]4O[C@H](CC(=O)NCCc5ccncc5)CC[C@@H]4N(C)C(=O)c3c2,NA
Input,Penitrem A,-0.20894226,InputSig,NA,NA,LINCSCP_290837,VCAP,10uM,6h,prostate,Potassium channel blocker,KCNMA1,JDUWHZOLEDOQSR-JKPSMKLGSA-N,"InChI=1S/C37H44ClNO6/c1-15(2)28-27(40)31-37(45-31)23(43-28)9-10-33(6)34(7)18(8-11-35(33,37)41)29-25-24-21(39-30(25)34)14-20(38)17-12-16(3)19-13-22(32(4,5)44-29)36(19,42)26(17)24/h14,18-19,22-23,27-29,31,39-42H,1,3,8-13H2,2,4-7H3/t18-,19+,22+,23-,27-,28+,29-,31+,33+,34+,35-,36+,37-/m0/s1",26020,CC(=C)[C@H]1O[C@H]2CC[C@]3(C)[C@]4(C)[C@@H](CC[C@@]3(O)[C@]25O[C@@H]5[C@H]1O)[C@@H]6OC(C)(C)[C@H]7C[C@@H]8C(=C)Cc9c(Cl)cc%10[nH]c4c6c%10c9[C@]78O,NA
Input,CHEMBL1513361,-0.20892326,InputSig,NA,NA,LINCSCP_57351,VCAP,10uM,6h,prostate,NA,NA,MTBUYAIXSCJZNI-UHFFFAOYSA-N,"InChI=1S/C25H24N4O2/c30-20-15-17(16-8-2-1-3-9-16)14-19-22(20)25(12-6-7-13-25)29-23(26-19)28-24-27-18-10-4-5-11-21(18)31-24/h1-5,8-11,17H,6-7,12-15H2,(H2,26,27,28,29)",15258,O=C1CC(CC2=C1C3(CCCC3)NC(=N2)Nc4oc5ccccc5n4)c6ccccc6,NA
Input,NORGESTREL,-0.20889654,InputSig,NA,NA,LINCSCP_138002,MCF7,1.11uM,24h,breast,NA,NA,WWYNJERNGUHSAO-NJTPJZBZSA-N,"InChI=1S/C21H28O2/c1-3-20-11-9-17-16-8-6-15(22)13-14(16)5-7-18(17)19(20)10-12-21(20,23)4-2/h2,13,16-19,23H,3,5-12H2,1H3/t16-,17?,18+,19-,20-,21-/m0/s1",26899,CC[C@]12CCC3[C@@H](CCC4=CC(=O)CC[C@H]34)[C@@H]1CC[C@@]2(O)C#C,NA
Input,BRD-K59904884,-0.20889505,InputSig,NA,NA,LINCSCP_61252,VCAP,5uM,24h,prostate,NA,NA,ULFQVHHILZHREN-PONJGIIJSA-N,"InChI=1S/C24H30FN3O4/c1-15-12-26-16(2)14-32-21-10-9-17(27-23(29)18-7-5-6-8-20(18)25)11-19(21)24(30)28(3)13-22(15)31-4/h5-11,15-16,22,26H,12-14H2,1-4H3,(H,27,29)/t15-,16-,22+/m0/s1",3774,CO[C@@H]1CN(C)C(=O)c2cc(NC(=O)c3ccccc3F)ccc2OC[C@H](C)NC[C@@H]1C,NA
Input,BRD-K62689646,-0.20889027,InputSig,NA,NA,LINCSCP_63297,VCAP,5uM,6h,prostate,NA,NA,MBWHXZFHLNKYMT-AGHHOFFYSA-N,"InChI=1S/C25H31N5O5S/c1-28-7-9-30(10-8-28)23(31)12-17-4-5-20-22(35-17)13-34-21-6-3-16(11-18(21)25(33)29(20)2)27-24(32)19-14-36-15-26-19/h3,6,11,14-15,17,20,22H,4-5,7-10,12-13H2,1-2H3,(H,27,32)/t17-,20+,22+/m1/s1",3870,CN1CCN(CC1)C(=O)C[C@H]2CC[C@H]3[C@H](COc4ccc(NC(=O)c5cscn5)cc4C(=O)N3C)O2,NA
Input,Hyoscyamine,-0.20881411,InputSig,NA,NA,LINCSCP_243470,MCF7,10uM,24h,breast,Acetylcholine receptor antagonist,NA,RKUNBYITZUJHSG-QGAIPKOMSA-N,"InChI=1S/C17H23NO3/c1-18-13-7-8-14(18)10-15(9-13)21-17(20)16(11-19)12-5-3-2-4-6-12/h2-6,13-16,19H,7-11H2,1H3/t13-,14?,15-,16-/m1/s1",22424,CN1[C@@H]2CCC1C[C@@H](C2)OC(=O)[C@H](CO)c3ccccc3,NA
Input,Hyoscyamine,-0.20881411,InputSig,NA,NA,LINCSCP_243470,MCF7,10uM,24h,breast,Acetylcholine receptor antagonist,NA,RKUNBYITZUJHSG-IIAWOOMASA-N,"InChI=1S/C17H23NO3/c1-18-13-7-8-14(18)10-15(9-13)21-17(20)16(11-19)12-5-3-2-4-6-12/h2-6,13-16,19H,7-11H2,1H3/t13-,14-,16-/m1/s1",27220,CN1[C@@H]2CC[C@@H]1CC(C2)OC(=O)[C@H](CO)c3ccccc3,NA
Input,BRD-K56562216,-0.2086816,InputSig,NA,NA,LINCSCP_60396,VCAP,5uM,24h,prostate,NA,NA,HVNBSBCCDAKDPU-BKSPAHHJSA-N,"InChI=1S/C26H36N4O4S/c1-20-16-30(21(2)19-31)35(32,33)26-9-8-22(7-6-14-28(3)4)15-24(26)34-25(20)18-29(5)17-23-10-12-27-13-11-23/h8-13,15,20-21,25,31H,14,16-19H2,1-5H3/t20-,21+,25-/m0/s1",1951,C[C@H](CO)N1C[C@H](C)[C@H](CN(C)Cc2ccncc2)Oc3cc(ccc3S1(=O)=O)C#CCN(C)C,NA
Input,BRD-K85815049,-0.20866035,InputSig,NA,NA,LINCSCP_48216,PC3,5uM,24h,prostate,NA,NA,XNACUZIZQDXWGE-IMUNSOENSA-N,"InChI=1S/C25H30FN3O2/c1-2-5-18-6-8-19(9-7-18)24-22-16-28(14-3-4-15-29(22)23(24)17-30)25(31)27-21-12-10-20(26)11-13-21/h2,5-13,22-24,30H,3-4,14-17H2,1H3,(H,27,31)/b5-2+/t22-,23-,24-/m0/s1",26243,C\C=C\c1ccc(cc1)[C@@H]2[C@H](CO)N3CCCCN(C[C@@H]23)C(=O)Nc4ccc(F)cc4,NA
Input,Duloxetine,-0.20856676,InputSig,NA,NA,LINCSCP_238409,MCF7,10uM,24h,breast,Norepinephrine reuptake inhibitor|Serotonin reuptake inhibitor,SLC6A2|SLC6A3|SLC6A4,ZEUITGRIYCTCEM-KRWDZBQOSA-N,"InChI=1S/C18H19NOS/c1-19-12-11-17(18-10-5-13-21-18)20-16-9-4-7-14-6-2-3-8-15(14)16/h2-10,13,17,19H,11-12H2,1H3/t17-/m0/s1",15881,CNCC[C@H](Oc1cccc2ccccc12)c3cccs3,4
Input,CEP-701,-0.20855579,InputSig,NA,NA,LINCSCP_71136,A375,0.37uM,24h,skin,NA,NA,UIARLYUEJFELEN-DMVVYWCZSA-N,"InChI=1S/C26H21N3O4/c1-25-26(32,12-30)10-18(33-25)28-16-8-4-2-6-13(16)20-21-15(11-27-24(21)31)19-14-7-3-5-9-17(14)29(25)23(19)22(20)28/h2-9,18,30,32H,10-12H2,1H3,(H,27,31)/t18?,25-,26-/m0/s1",27044,C[C@]12OC(C[C@]1(O)CO)n3c4ccccc4c5c6C(=O)NCc6c7c8ccccc8n2c7c35,NA
Input,Cytarabine,-0.20852377,InputSig,NA,NA,LINCSCP_104275,HELA,1.11uM,24h,large intestine,Ribonucleotide reductase inhibitor,POLA1|POLB|POLD1|POLE,UHDGCWIWMRVCDJ-CCXZUQQUSA-N,"InChI=1S/C9H13N3O5/c10-5-1-2-12(9(16)11-5)8-7(15)6(14)4(3-13)17-8/h1-2,4,6-8,13-15H,3H2,(H2,10,11,16)/t4-,6-,7+,8-/m1/s1",16323,NC1=NC(=O)N(C=C1)[C@@H]2O[C@H](CO)[C@@H](O)[C@@H]2O,4
Input,BIIB 021,-0.20842915,InputSig,NA,NA,LINCSCP_32340,MCF7,10uM,6h,breast,HSP inhibitor,HSP90AA1,QULDDKSCVCJTPV-UHFFFAOYSA-N,"InChI=1S/C14H15ClN6O/c1-7-4-17-9(8(2)11(7)22-3)5-21-6-18-10-12(15)19-14(16)20-13(10)21/h4,6H,5H2,1-3H3,(H2,16,19,20)",16359,COc1c(C)cnc(Cn2cnc3c(Cl)nc(N)nc23)c1C,NA
Input,SC-10,-0.20841321,InputSig,NA,NA,LINCSCP_56120,VCAP,10uM,6h,prostate,Protein kinase activator,PRKCA,MJMJERJFCHYXEM-UHFFFAOYSA-N,"InChI=1S/C17H22ClNO2S/c1-2-3-4-5-6-13-19-22(20,21)17-12-8-9-14-15(17)10-7-11-16(14)18/h7-12,19H,2-6,13H2,1H3",17876,CCCCCCCNS(=O)(=O)c1cccc2c(Cl)cccc12,NA
Input,BRD-K90619727,-0.20834592,InputSig,NA,NA,LINCSCP_65539,VCAP,10uM,6h,prostate,NA,NA,XCDXHIWIDBQVIT-WMBRHFINSA-N,"InChI=1S/C36H48ClN3O7S/c1-25-21-40(26(2)24-41)36(42)33-20-30(38-48(43,44)32-16-11-29(37)12-17-32)13-18-34(33)47-27(3)8-6-7-19-46-35(25)23-39(4)22-28-9-14-31(45-5)15-10-28/h9-18,20,25-27,35,38,41H,6-8,19,21-24H2,1-5H3/t25-,26+,27+,35-/m1/s1",13903,COc1ccc(CN(C)C[C@H]2OCCCC[C@H](C)Oc3ccc(NS(=O)(=O)c4ccc(Cl)cc4)cc3C(=O)N(C[C@H]2C)[C@@H](C)CO)cc1,NA
Input,BRD-K30620974,-0.20830918,InputSig,NA,NA,LINCSCP_61760,VCAP,5uM,24h,prostate,NA,NA,XLDWFJCTUAPIOT-WDSOQIARSA-N,"InChI=1S/C21H30FN3O6S/c22-17-4-1-2-5-20(17)32(28,29)24-18-7-6-16(31-19(18)15-26)14-21(27)23-8-3-9-25-10-12-30-13-11-25/h1-2,4-7,16,18-19,24,26H,3,8-15H2,(H,23,27)/t16-,18-,19-/m0/s1",2701,OC[C@@H]1O[C@H](CC(=O)NCCCN2CCOCC2)C=C[C@@H]1NS(=O)(=O)c3ccccc3F,NA
Input,Mozavaptan,-0.20826859,InputSig,NA,NA,LINCSCP_120993,HT29,0.12uM,24h,large intestine,NA,NA,WRNXUQJJCIZICJ-UHFFFAOYSA-N,"InChI=1S/C27H29N3O2/c1-19-9-4-5-10-22(19)26(31)28-21-16-14-20(15-17-21)27(32)30-18-8-13-24(29(2)3)23-11-6-7-12-25(23)30/h4-7,9-12,14-17,24H,8,13,18H2,1-3H3,(H,28,31)",27112,CN(C)C1CCCN(C(=O)c2ccc(NC(=O)c3ccccc3C)cc2)c4ccccc14,NA
Input,Ziprasidone,-0.20820643,InputSig,NA,NA,LINCSCP_152975,PC3,0.12uM,24h,prostate,Dopamine receptor antagonist|Serotonin receptor antagonist,DRD2|HRH1|HTR1A|HTR1B|HTR1D|HTR1E|HTR2A|HTR2C|HTR7,MVWVFYHBGMAFLY-UHFFFAOYSA-N,"InChI=1S/C21H21ClN4OS/c22-17-13-18-15(12-20(27)23-18)11-14(17)5-6-25-7-9-26(10-8-25)21-16-3-1-2-4-19(16)28-24-21/h1-4,11,13H,5-10,12H2,(H,23,27)",36448,Clc1cc2NC(=O)Cc2cc1CCN3CCN(CC3)c4nsc5ccccc45,4
Input,CHEMBL2132570,-0.2081907,InputSig,NA,NA,LINCSCP_59834,VCAP,5uM,24h,prostate,NA,NA,VHEBRLFBVVIGEB-OBWXTZQISA-N,"InChI=1S/C25H33Cl2N3O5S/c1-16-12-30(17(2)15-31)25(32)11-19-10-20(28-36(4,33)34)6-8-23(19)35-24(16)14-29(3)13-18-5-7-21(26)22(27)9-18/h5-10,16-17,24,28,31H,11-15H2,1-4H3/t16-,17+,24+/m0/s1",40000,C[C@H](CO)N1C[C@H](C)[C@@H](CN(C)Cc2ccc(Cl)c(Cl)c2)Oc3ccc(NS(=O)(=O)C)cc3CC1=O,NA
Input,BRD-K70559158,-0.20818319,InputSig,NA,NA,LINCSCP_65510,VCAP,10uM,6h,prostate,NA,NA,GTUQXIUJJGJFLR-CNFUJFEGSA-N,"InChI=1S/C34H46F3N5O6S/c1-23-17-42(24(2)21-43)33(44)29-16-28(39-49(45,46)32-20-41(5)22-38-32)13-14-30(29)48-25(3)8-6-7-15-47-31(23)19-40(4)18-26-9-11-27(12-10-26)34(35,36)37/h9-14,16,20,22-25,31,39,43H,6-8,15,17-19,21H2,1-5H3/t23-,24-,25+,31+/m0/s1",33473,C[C@@H](CO)N1C[C@H](C)[C@@H](CN(C)Cc2ccc(cc2)C(F)(F)F)OCCCC[C@@H](C)Oc3ccc(NS(=O)(=O)c4cn(C)cn4)cc3C1=O,NA
Input,SPECTRUM_001579,-0.20817662,InputSig,NA,NA,LINCSCP_175322,YAPC,10uM,24h,pancreas,NA,NA,MUQNGPZZQDCDFT-RLDTZFIDSA-N,"InChI=1S/C24H32ClFO5/c1-20(2)30-19-10-16-15-6-5-13-9-14(27)7-8-21(13,3)23(15,26)17(28)11-22(16,4)24(19,31-20)18(29)12-25/h9,15-17,19,28H,5-8,10-12H2,1-4H3/t15?,16?,17?,19-,21?,22?,23?,24-/m1/s1",34373,CC1(C)O[C@@H]2CC3C4CCC5=CC(=O)CCC5(C)C4(F)C(O)CC3(C)[C@@]2(O1)C(=O)CCl,NA
Input,MLN-0128,-0.20814515,InputSig,NA,NA,LINCSCP_157977,PC3,10uM,24h,prostate,Serine/threonine-protein kinase mTOR inhibitor,MTOR,GYLDXIAOMVERTK-UHFFFAOYSA-N,"InChI=1S/C15H15N7O/c1-7(2)22-14-11(13(16)18-6-19-14)12(21-22)8-3-4-10-9(5-8)20-15(17)23-10/h3-7H,1-2H3,(H2,17,20)(H2,16,18,19)",15180,CC(C)n1nc(c2ccc3oc(N)nc3c2)c4c(N)ncnc14,2
Input,BRD-K00859238,-0.20805755,InputSig,NA,NA,LINCSCP_35003,MCF7,5uM,24h,breast,NA,NA,DKXZRNXCWOKGFW-AOHZBQACSA-N,"InChI=1S/C24H25FN2O4S/c25-19-6-3-7-20(12-19)32(30,31)26-13-21-24(22(15-28)27(21)23(29)14-26)18-10-8-17(9-11-18)16-4-1-2-5-16/h3-4,6-12,21-22,24,28H,1-2,5,13-15H2/t21-,22+,24-/m1/s1",11619,OC[C@H]1[C@@H]([C@H]2CN(CC(=O)N12)S(=O)(=O)c3cccc(F)c3)c4ccc(cc4)C5=CCCC5,NA
Input,BRD-M03817478,-0.20797311,InputSig,NA,NA,LINCSCP_308805,VCAP,5uM,24h,prostate,NA,NA,GKHQQRXCSHYBEI-YJMBLLCNSA-N,"InChI=1S/C24H35N3O3/c1-3-7-17-10-11-19-22-21(23(29)25-12-4-2)18(15-28)20(14-27(19)24(17)30)26(22)13-16-8-5-6-9-16/h3,7,10-11,16,18,20-22,28H,4-6,8-9,12-15H2,1-2H3,(H,25,29)/t18-,20-,21+,22+/m1/s1",34263,CCCNC(=O)[C@H]1[C@H](CO)[C@H]2CN3C(=O)C(=CC=C3[C@@H]1N2CC4CCCC4)C=CC,NA
Input,ZINC00969081,-0.20787074,InputSig,NA,NA,LINCSCP_189813,A549,10uM,6h,lung,NA,NA,GUSKTHZNCPPTNU-UHFFFAOYSA-N,"InChI=1S/C17H15N9S/c18-15-20-14(21-16(22-15)19-12-7-3-1-4-8-12)11-27-17-23-24-25-26(17)13-9-5-2-6-10-13/h1-10H,11H2,(H3,18,19,20,21,22)",18211,Nc1nc(CSc2nnnn2c3ccccc3)nc(Nc4ccccc4)n1,NA
Input,Dilazep,-0.20782272,InputSig,NA,NA,LINCSCP_125061,HT29,0.04uM,24h,large intestine,Adenosine reuptake inhibitor,SLC29A1,QVZCXCJXTMIDME-UHFFFAOYSA-N,"InChI=1S/C31H44N2O10/c1-36-24-18-22(19-25(37-2)28(24)40-5)30(34)42-16-8-12-32-10-7-11-33(15-14-32)13-9-17-43-31(35)23-20-26(38-3)29(41-6)27(21-23)39-4/h18-21H,7-17H2,1-6H3",35804,COc1cc(cc(OC)c1OC)C(=O)OCCCN2CCCN(CCCOC(=O)c3cc(OC)c(OC)c(OC)c3)CC2,NA
Input,AZ628,-0.20775829,InputSig,NA,NA,LINCSCP_81820,A549,0.37uM,24h,lung,RAF inhibitor,BRAF|RAF1,ZGBGPEDJXCYQPH-UHFFFAOYSA-N,"InChI=1S/C27H25N5O2/c1-17-8-9-21(31-25(33)18-6-5-7-19(12-18)27(2,3)15-28)14-24(17)30-20-10-11-23-22(13-20)26(34)32(4)16-29-23/h5-14,16,30H,1-4H3,(H,31,33)",15125,CN1C=Nc2ccc(Nc3cc(NC(=O)c4cccc(c4)C(C)(C)C#N)ccc3C)cc2C1=O,NA
Input,SMR000206939,-0.20774601,InputSig,NA,NA,LINCSCP_1776,A375,10uM,6h,skin,NA,NA,BLDIGKDTIQNPDL-UHFFFAOYSA-N,"InChI=1S/C21H23Cl2N3O2/c22-13-19(27)26(18-10-4-7-16(23)12-18)20(15-6-5-11-24-14-15)21(28)25-17-8-2-1-3-9-17/h4-7,10-12,14,17,20H,1-3,8-9,13H2,(H,25,28)",35414,ClCC(=O)N(C(C(=O)NC1CCCCC1)c2cccnc2)c3cccc(Cl)c3,NA
Input,Methoprene acid,-0.20768813,InputSig,NA,NA,LINCSCP_179449,A375,10uM,6h,skin,Retinoid receptor agonist,RXRA,MNYBEULOKRVZKY-TZOAMJEDSA-N,"InChI=1S/C16H28O3/c1-13(10-7-11-16(3,4)19-5)8-6-9-14(2)12-15(17)18/h6,9,12-13H,7-8,10-11H2,1-5H3,(H,17,18)/b9-6+,14-12+",17010,COC(C)(C)CCCC(C)C\C=C\C(=C\C(=O)O)\C,NA
Input,BRD-K46445327,-0.20763826,InputSig,NA,NA,LINCSCP_16835,HA1E,10uM,6h,kidney epithelial,NA,NA,PEHWLDDZWQGNOT-OWOAZTCBSA-N,"InChI=1S/C30H33F3N4O6S/c1-19-16-37(20(2)18-38)28(39)25-15-23(35-29(40)34-22-11-9-21(10-12-22)30(31,32)33)13-14-26(25)43-27(19)17-36(3)44(41,42)24-7-5-4-6-8-24/h4-15,19-20,27,38H,16-18H2,1-3H3,(H2,34,35,40)/t19-,20-,27+/m0/s1",23456,C[C@@H](CO)N1C[C@H](C)[C@@H](CN(C)S(=O)(=O)c2ccccc2)Oc3ccc(NC(=O)Nc4ccc(cc4)C(F)(F)F)cc3C1=O,NA
Input,BRD-K76938712,-0.20761258,InputSig,NA,NA,LINCSCP_58645,VCAP,10uM,24h,prostate,NA,NA,UIWHTZIAIXNFGN-AWYDNWMNSA-N,"InChI=1S/C40H42N6O5S/c1-25-21-46(26(2)24-47)40(50)31-7-6-10-34(44-38(49)29-15-17-30(18-16-29)39-42-19-20-52-39)36(31)51-35(25)23-45(3)22-27-11-13-28(14-12-27)37(48)43-33-9-5-4-8-32(33)41/h4-20,25-26,35,47H,21-24,41H2,1-3H3,(H,43,48)(H,44,49)/t25-,26+,35+/m1/s1",33644,C[C@@H](CO)N1C[C@@H](C)[C@H](CN(C)Cc2ccc(cc2)C(=O)Nc3ccccc3N)Oc4c(NC(=O)c5ccc(cc5)c6nccs6)cccc4C1=O,NA
Input,MLS000394288,-0.20759208,InputSig,NA,NA,LINCSCP_25989,HT29,10uM,24h,large intestine,NA,NA,HRQXJJWQYKYFHP-UHFFFAOYSA-N,"InChI=1S/C20H24N2O5S2/c1-26-17-7-6-15(29(24,25)22-8-10-27-11-9-22)13-16(17)21-20(23)19-12-14-4-2-3-5-18(14)28-19/h6-7,12-13H,2-5,8-11H2,1H3,(H,21,23)",36205,COc1ccc(cc1NC(=O)c2cc3CCCCc3s2)S(=O)(=O)N4CCOCC4,NA
Input,C24H25CLFN5O3,-0.20758296,InputSig,NA,NA,LINCSCP_116643,HT29,10uM,24h,large intestine,EGFR inhibitor,EGFR|ERBB2|ERBB4,ULXXDDBFHOBEHA-ONEGZZNKSA-N,"InChI=1S/C24H25ClFN5O3/c1-31(2)8-3-4-23(32)30-21-11-17-20(12-22(21)34-16-7-9-33-13-16)27-14-28-24(17)29-15-5-6-19(26)18(25)10-15/h3-6,10-12,14,16H,7-9,13H2,1-2H3,(H,30,32)(H,27,28,29)/b4-3+",5074,CN(C)C\C=C\C(=O)Nc1cc2c(Nc3ccc(F)c(Cl)c3)ncnc2cc1OC4CCOC4,NA
Input,BRD-K85413794,-0.20758168,InputSig,NA,NA,LINCSCP_48702,PC3,0.01uM,6h,prostate,NA,NA,SHRVDEFCKQVYRH-NJSLBKSFSA-N,"InChI=1S/C21H26FN3O3/c1-13-11-25(14(2)12-26)21(27)17-8-15(16-6-4-5-7-18(16)22)9-24-20(17)28-19(13)10-23-3/h4-9,13-14,19,23,26H,10-12H2,1-3H3/t13-,14-,19-/m0/s1",9351,CNC[C@@H]1Oc2ncc(cc2C(=O)N(C[C@@H]1C)[C@@H](C)CO)c3ccccc3F,NA
Input,LY2157299,-0.20751034,InputSig,NA,NA,LINCSCP_79869,A375,10uM,24h,skin,TGF-beta receptor type I inhibitor,TGFBR1,IVRXNBXKWIJUQB-UHFFFAOYSA-N,"InChI=1S/C22H19N5O/c1-13-4-2-5-18(25-13)21-20(19-6-3-11-27(19)26-21)15-9-10-24-17-8-7-14(22(23)28)12-16(15)17/h2,4-5,7-10,12H,3,6,11H2,1H3,(H2,23,28)",26801,Cc1cccc(n1)c2nn3CCCc3c2c4ccnc5ccc(cc45)C(=O)N,2
Input,MDL-28170,-0.20741694,InputSig,NA,NA,LINCSCP_56159,VCAP,10uM,6h,prostate,Calpain inhibitor,CAPN1|CTSB,NGBKFLTYGSREKK-PMACEKPBSA-N,"InChI=1S/C22H26N2O4/c1-16(2)20(24-22(27)28-15-18-11-7-4-8-12-18)21(26)23-19(14-25)13-17-9-5-3-6-10-17/h3-12,14,16,19-20H,13,15H2,1-2H3,(H,23,26)(H,24,27)/t19-,20-/m0/s1",35764,CC(C)[C@H](NC(=O)OCc1ccccc1)C(=O)N[C@@H](Cc2ccccc2)C=O,NA
Input,Trapidil,-0.20726541,InputSig,NA,NA,LINCSCP_110574,HELA,0.04uM,24h,large intestine,PDGFR tyrosine kinase receptor inhibitor,PDGFRA,GSNOZLZNQMLSKJ-UHFFFAOYSA-N,"InChI=1S/C10H15N5/c1-4-14(5-2)9-6-8(3)13-10-11-7-12-15(9)10/h6-7H,4-5H2,1-3H3",16075,CCN(CC)c1cc(C)nc2ncnn12,NA
Input,Labetalol,-0.20717521,InputSig,NA,NA,LINCSCP_74869,A375,0.37uM,24h,skin,Adrenergic receptor antagonist,ADRA1A|ADRA1B|ADRA1D|ADRA2A|ADRA2B|ADRA2C|ADRB1|ADRB2|ADRB3,SGUAFYQXFOLMHL-UHFFFAOYSA-N,"InChI=1S/C19H24N2O3/c1-13(7-8-14-5-3-2-4-6-14)21-12-18(23)15-9-10-17(22)16(11-15)19(20)24/h2-6,9-11,13,18,21-23H,7-8,12H2,1H3,(H2,20,24)",4689,CC(CCc1ccccc1)NCC(O)c2ccc(O)c(c2)C(=O)N,4
Input,NCH-51,-0.20717075,InputSig,NA,NA,LINCSCP_59486,VCAP,10uM,24h,prostate,HDAC inhibitor,HDAC1|HDAC10|HDAC11|HDAC2|HDAC3|HDAC4|HDAC5|HDAC6|HDAC7|HDAC8|HDAC9,MDYDGUOQFUQOGE-UHFFFAOYSA-N,"InChI=1S/C20H26N2O2S2/c1-15(2)19(24)25-13-9-4-3-8-12-18(23)22-20-21-17(14-26-20)16-10-6-5-7-11-16/h5-7,10-11,14-15H,3-4,8-9,12-13H2,1-2H3,(H,21,22,23)",16363,CC(C)C(=O)SCCCCCCC(=O)Nc1nc(cs1)c2ccccc2,NA
Input,MLS001163538,-0.2071691,InputSig,NA,NA,LINCSCP_224813,HT29,10uM,6h,large intestine,PPAR receptor agonist,PPARG,CNMBEYAZXFHTTF-DEDYPNTBSA-N,"InChI=1S/C24H21N3O4S2/c1-15-12-18(31-2)8-9-19(15)22-16(14-27(25-22)17-6-4-3-5-7-17)13-20-23(30)26(24(32)33-20)11-10-21(28)29/h3-9,12-14H,10-11H2,1-2H3,(H,28,29)/b20-13+",17521,COc1ccc(c(C)c1)c2nn(cc2\C=C/3\SC(=S)N(CCC(=O)O)C3=O)c4ccccc4,NA
Input,LY 303511,-0.20711846,InputSig,NA,NA,LINCSCP_52866,SKB,10uM,24h,NA,Casein kinase inhibitor|PI3K inhibitor,BRD2|BRD3|BRD4,NGAGMBNBKCDCDJ-UHFFFAOYSA-N,"InChI=1S/C19H18N2O2/c22-17-13-18(21-11-9-20-10-12-21)23-19-15(7-4-8-16(17)19)14-5-2-1-3-6-14/h1-8,13,20H,9-12H2",15496,O=C1C=C(Oc2c1cccc2c3ccccc3)N4CCNCC4,NA
Input,Ellagic acid,-0.20709579,InputSig,NA,NA,LINCSCP_134852,MCF7,0.12uM,24h,breast,Aldose reductase inhibitor|Beta-secretase inhibitor|Glutathione transferase inhibitor|HCV inhibitor|HIV integrase inhibitor|Quorum sensing signaling modulator|Reverse transcriptase inhibitor,CA1|CA12|CA14|CA2|CA4|CA6|CA9|SYK,AFSDNFLWKVMVRB-UHFFFAOYSA-N,"InChI=1S/C14H6O8/c15-5-1-3-7-8-4(14(20)22-11(7)9(5)17)2-6(16)10(18)12(8)21-13(3)19/h1-2,15-18H",39876,Oc1cc2C(=O)Oc3c(O)c(O)cc4C(=O)Oc(c1O)c2c34,2
Input,BRD-K33928422,-0.20706536,InputSig,NA,NA,LINCSCP_258959,NEU,10uM,24h,NA,NA,NA,ASBISCBCTXZQKG-AQNXPRMDSA-N,"InChI=1S/C22H22N2O3/c25-13-19-20-16-8-4-5-9-17(16)23(21(26)15-10-11-15)12-18(20)24(19)22(27)14-6-2-1-3-7-14/h1-9,15,18-20,25H,10-13H2/t18-,19-,20+/m1/s1",12457,OC[C@@H]1[C@@H]2[C@@H](CN(C(=O)C3CC3)c4ccccc24)N1C(=O)c5ccccc5,NA
Input,Chaetocin,-0.20705836,InputSig,NA,NA,LINCSCP_9185,A549,3uM,24h,lung,Histone lysine methyltransferase inhibitor,SUV39H1,PZPPOCZWRGNKIR-UHFFFAOYSA-N,"InChI=1S/C30H28N6O6S4/c1-33-21(39)27-11-25(15-7-3-5-9-17(15)31-19(25)35(27)23(41)29(33,13-37)45-43-27)26-12-28-22(40)34(2)30(14-38,46-44-28)24(42)36(28)20(26)32-18-10-6-4-8-16(18)26/h3-10,19-20,31-32,37-38H,11-14H2,1-2H3",1710,CN1C(=O)C23CC4(C(Nc5ccccc45)N2C(=O)C1(CO)SS3)C67CC89SSC(CO)(N(C)C8=O)C(=O)N9C6Nc%10ccccc7%10,NA
Input,SA-90377,-0.20700505,InputSig,NA,NA,LINCSCP_34786,MCF7,5uM,24h,breast,NA,NA,BPRBOEBHCISTIC-SBCJZHDBSA-N,"InChI=1S/C36H46N4O5/c1-26-22-40(27(2)25-41)36(43)32-21-31(37-35(42)15-16-39-17-19-44-20-18-39)13-14-33(32)45-34(26)24-38(3)23-28-9-11-30(12-10-28)29-7-5-4-6-8-29/h4-14,21,26-27,34,41H,15-20,22-25H2,1-3H3,(H,37,42)/t26-,27-,34-/m0/s1",12920,C[C@@H](CO)N1C[C@H](C)[C@H](CN(C)Cc2ccc(cc2)c3ccccc3)Oc4ccc(NC(=O)CCN5CCOCC5)cc4C1=O,NA
Input,Bumetanide,-0.20697981,InputSig,NA,NA,LINCSCP_243731,MCF7,10uM,6h,breast,Solute carrier family member inhibitor,SLC12A1|SLC12A2,MAEIEVLCKWDQJH-UHFFFAOYSA-N,"InChI=1S/C17H20N2O5S/c1-2-3-9-19-14-10-12(17(20)21)11-15(25(18,22)23)16(14)24-13-7-5-4-6-8-13/h4-8,10-11,19H,2-3,9H2,1H3,(H,20,21)(H2,18,22,23)",35724,CCCCNc1cc(cc(c1Oc2ccccc2)S(=O)(=O)N)C(=O)O,4
Input,ESTRAMUSTINE,-0.20694100000000001,InputSig,NA,NA,LINCSCP_78664,A375,10uM,24h,skin,NA,NA,FRPJXPJMRWBBIH-ZZSVNSIZSA-N,"InChI=1S/C23H31Cl2NO3/c1-23-9-8-18-17-5-3-16(29-22(28)26(12-10-24)13-11-25)14-15(17)2-4-19(18)20(23)6-7-21(23)27/h3,5,14,18-21,27H,2,4,6-13H2,1H3/t18?,19?,20?,21-,23-/m0/s1",26660,C[C@]12CCC3C(CCc4cc(OC(=O)N(CCCl)CCCl)ccc34)C1CC[C@@H]2O,NA
Input,CHEMBL1910803,-0.20693346,InputSig,NA,NA,LINCSCP_1373,A375,10uM,24h,skin,Lysophospholipid receptor agonist,S1PR4,BKQZKTRCUAWRHT-ZGNGNRKCSA-N,"InChI=1S/C20H21F2N3O2S/c1-12-9-14(13(2)25(12)17-6-5-15(21)11-16(17)22)10-18-19(26)24(3)20(28-18)23-7-8-27-4/h5-6,9-11H,7-8H2,1-4H3/b18-10-,23-20-",37789,COCCN=C1S\C(=C/c2cc(C)n(c2C)c3ccc(F)cc3F)\C(=O)N1C,NA
Input,YM 976,-0.20687682,InputSig,NA,NA,LINCSCP_169633,YAPC,3.33uM,24h,pancreas,Phosphodiesterase inhibitor,PDE4A,MNHXYNNKDDXKNP-UHFFFAOYSA-N,"InChI=1S/C17H16ClN3O/c1-3-13-8-9-14-15(11-6-5-7-12(18)10-11)20-17(22)21(4-2)16(14)19-13/h5-10H,3-4H2,1-2H3",13607,CCN1C(=O)N=C(c2cccc(Cl)c2)c3ccc(CC)nc13,NA
Input,AD-193/42475508,-0.20683595,InputSig,NA,NA,LINCSCP_26385,HT29,10uM,6h,large intestine,NA,NA,HDZAUIAXCGFVOT-UHFFFAOYSA-N,"InChI=1S/C20H13ClN4O/c1-12-2-8-15(9-3-12)25-19(24)16(10-22)18(17(11-23)20(25)26)13-4-6-14(21)7-5-13/h2-9H,24H2,1H3",33912,Cc1ccc(cc1)N2C(=C(C#N)C(=C(C#N)C2=O)c3ccc(Cl)cc3)N,NA
Input,"1-[1-(3-Chloro-4-fluorophenyl)-2,5-dioxopyrrolidin-3-yl]piperidine-4-carboxamide",-0.20674535,InputSig,NA,NA,LINCSCP_32623,MCF7,10uM,6h,breast,NA,NA,UMMYLBGDOPRQOH-UHFFFAOYSA-N,"InChI=1S/C16H17ClFN3O3/c17-11-7-10(1-2-12(11)18)21-14(22)8-13(16(21)24)20-5-3-9(4-6-20)15(19)23/h1-2,7,9,13H,3-6,8H2,(H2,19,23)",16147,NC(=O)C1CCN(CC1)C2CC(=O)N(C2=O)c3ccc(F)c(Cl)c3,NA
Input,BRD-K59578981,-0.20671432,InputSig,NA,NA,LINCSCP_60587,VCAP,5uM,24h,prostate,NA,NA,QSHHTQCGWZKCKD-DBXWQHBBSA-N,"InChI=1S/C22H34N6O3/c1-17-11-28(18(2)15-29)22(30)7-5-9-27-13-20(24-25-27)16-31-21(17)14-26(3)12-19-6-4-8-23-10-19/h4,6,8,10,13,17-18,21,29H,5,7,9,11-12,14-16H2,1-3H3/t17-,18-,21-/m1/s1",22729,C[C@H](CO)N1C[C@@H](C)[C@@H](CN(C)Cc2cccnc2)OCc3cn(CCCC1=O)nn3,NA
Input,BRD-M32495507,-0.20671365,InputSig,NA,NA,LINCSCP_64041,VCAP,5uM,24h,prostate,NA,NA,SKIOLEAINHAYRR-CJTFWIGWSA-N,"InChI=1S/C26H31N3O3/c1-3-7-16-10-11-22-23-20(14-29(22)26(16)32)21(15-30)24(28(23)4-2)25(31)27-19-12-17-8-5-6-9-18(17)13-19/h3,5-11,19-21,23-24,30H,4,12-15H2,1-2H3,(H,27,31)/t20-,21-,23+,24-/m1/s1",34275,CCN1[C@H]([C@H](CO)[C@H]2CN3C(=CC=C(C=CC)C3=O)[C@@H]12)C(=O)NC4Cc5ccccc5C4,NA
Input,SCHEMBL10026606,-0.20664011,InputSig,NA,NA,LINCSCP_46608,PC3,10uM,6h,prostate,NA,NA,BWNRFAFWYOBFHA-ZBQHPAGASA-N,"InChI=1S/C32H33FN2O5Si/c1-5-17-34-24-15-14-21(35-25-11-7-9-13-27(25)39-26-12-8-6-10-22(26)30(35)37)19-23(24)32(31(34)38)20(2)29(41(3,4)33)28(40-32)16-18-36/h5-15,19-20,28-29,36H,1,16-18H2,2-4H3/t20-,28+,29-,32+/m0/s1",11486,C[C@H]1[C@@H]([C@@H](CCO)O[C@]12C(=O)N(CC=C)c3ccc(cc23)N4C(=O)c5ccccc5Oc6ccccc46)[Si](C)(C)F,NA
Input,MLS001065831,-0.20662264,InputSig,NA,NA,LINCSCP_45966,PC3,10uM,24h,prostate,NA,NA,NXEKZBMPMPBIGJ-UHFFFAOYSA-N,"InChI=1S/C18H25ClN6O2/c1-2-11-27-15-6-5-13(19)12-14(15)21-17-22-16(20-7-10-26)23-18(24-17)25-8-3-4-9-25/h5-6,12,26H,2-4,7-11H2,1H3,(H2,20,21,22,23,24)",16043,CCCOc1ccc(Cl)cc1Nc2nc(NCCO)nc(n2)N3CCCC3,NA
Input,Cediranib,-0.20661762,InputSig,NA,NA,LINCSCP_96241,HA1E,3.33uM,24h,kidney epithelial,KIT inhibitor|VEGFR inhibitor,FLT1|FLT4|KDR|KIT|PDGFRA|PDGFRB,XXJWYDDUDKYVKI-UHFFFAOYSA-N,"InChI=1S/C25H27FN4O3/c1-16-12-17-19(29-16)6-7-21(24(17)26)33-25-18-13-22(31-2)23(14-20(18)27-15-28-25)32-11-5-10-30-8-3-4-9-30/h6-7,12-15,29H,3-5,8-11H2,1-2H3",16449,COc1cc2c(Oc3ccc4[nH]c(C)cc4c3F)ncnc2cc1OCCCN5CCCC5,3
Input,CARGLUMIC ACID,-0.20646109,InputSig,NA,NA,LINCSCP_94636,HA1E,1.11uM,24h,kidney epithelial,"Carbamoyl-phosphate synthase [ammonia], mitochondrial positive allosteric modulator",CPS1,LCQLHJZYVOQKHU-VKHMYHEASA-N,"InChI=1S/C6H10N2O5/c7-6(13)8-3(5(11)12)1-2-4(9)10/h3H,1-2H2,(H,9,10)(H,11,12)(H3,7,8,13)/t3-/m0/s1",26653,NC(=O)N[C@@H](CCC(=O)O)C(=O)O,4
Input,Butaclamol (+),-0.20637826,InputSig,NA,NA,LINCSCP_73071,A375,1.11uM,24h,skin,NA,NA,ZZJYIKPMDIWRSN-TZBSWOFLSA-N,"InChI=1S/C25H31NO/c1-24(2,3)25(27)13-14-26-16-21-19-9-5-4-7-17(19)11-12-18-8-6-10-20(23(18)21)22(26)15-25/h4-10,21-22,27H,11-16H2,1-3H3/t21-,22-,25-/m1/s1",26922,CC(C)(C)[C@@]1(O)CCN2C[C@@H]3c4ccccc4CCc5cccc([C@H]2C1)c35,NA
Input,BRD-K14079892,-0.20632144,InputSig,NA,NA,LINCSCP_3353,A375,5uM,24h,skin,NA,NA,WBNOWOOYVTXOTG-UBFVSLLYSA-N,"InChI=1S/C25H31N3O2/c1-30-16-4-5-20-6-8-22(9-7-20)25-23-18-27(17-21-10-12-26-13-11-21)14-2-3-15-28(23)24(25)19-29/h6-13,23-25,29H,2-3,14-19H2,1H3/t23-,24-,25-/m1/s1",11929,COCC#Cc1ccc(cc1)[C@H]2[C@@H](CO)N3CCCCN(Cc4ccncc4)C[C@H]23,NA
Input,BRD-K22945779,-0.20627956,InputSig,NA,NA,LINCSCP_60274,VCAP,5uM,6h,prostate,NA,NA,AEYCXANGZGGWKX-RTXPOLOASA-N,"InChI=1S/C25H37N3O5/c1-17-13-28(18(2)16-29)25(31)22-11-21(6-5-19(3)30)12-26-24(22)33-23(17)15-27(4)14-20-7-9-32-10-8-20/h11-12,17-20,23,29-30H,7-10,13-16H2,1-4H3/t17-,18+,19+,23+/m0/s1",541,C[C@@H](O)C#Cc1cnc2O[C@H](CN(C)CC3CCOCC3)[C@@H](C)CN([C@H](C)CO)C(=O)c2c1,NA
Input,Etoricoxib,-0.20627951,InputSig,NA,NA,LINCSCP_158313,PC3,10uM,24h,prostate,Cyclooxygenase inhibitor,PTGS2,MNJVRJDLRVPLFE-UHFFFAOYSA-N,"InChI=1S/C18H15ClN2O2S/c1-12-3-4-14(10-20-12)18-17(9-15(19)11-21-18)13-5-7-16(8-6-13)24(2,22)23/h3-11H,1-2H3",16367,Cc1ccc(cn1)c2ncc(Cl)cc2c3ccc(cc3)S(=O)(=O)C,4
Input,BRD-K15849229,-0.20626279,InputSig,NA,NA,LINCSCP_60355,VCAP,5uM,24h,prostate,NA,NA,YBQMRNJYNXSOKR-SFYKDHMMSA-N,"InChI=1S/C26H32N4O4/c1-17(2)8-9-20-11-22-24(28-12-20)34-23(18(3)14-30(26(22)33)19(4)16-31)15-29(5)25(32)21-7-6-10-27-13-21/h6-7,10-13,17-19,23,31H,14-16H2,1-5H3/t18-,19-,23+/m0/s1",503,CC(C)C#Cc1cnc2O[C@H](CN(C)C(=O)c3cccnc3)[C@@H](C)CN([C@@H](C)CO)C(=O)c2c1,NA
Input,BRD-K33889536,-0.2062205,InputSig,NA,NA,LINCSCP_60541,VCAP,5uM,24h,prostate,NA,NA,FOLOUAULJSJVDY-VNHYZAJKSA-N,"InChI=1S/C16H29N5O3/c1-12-9-20(13(2)10-22)16(23)5-4-6-21-14(7-18-19-21)11-24-15(12)8-17-3/h7,12-13,15,17,22H,4-6,8-11H2,1-3H3/t12-,13+,15-/m1/s1",22584,CNC[C@H]1OCc2cnnn2CCCC(=O)N(C[C@H]1C)[C@@H](C)CO,NA
Input,Pentoxifylline,-0.20621812,InputSig,NA,NA,LINCSCP_243780,MCF7,10uM,6h,breast,Phosphodiesterase inhibitor,ADORA2A|ADORA2B|PDE10A|PDE1A|PDE1B|PDE1C|PDE2A|PDE3A|PDE3B|PDE4A|PDE4B|PDE4C|PDE4D|PDE5A|PDE6A|PDE6B|PDE6C|PDE6D|PDE6G|PDE6H|PDE7A|PDE7B|PDE8A|PDE8B|PDE9A|TNF,BYPFEZZEUUWMEJ-UHFFFAOYSA-N,"InChI=1S/C13H18N4O3/c1-9(18)6-4-5-7-17-12(19)10-11(14-8-15(10)2)16(3)13(17)20/h8H,4-7H2,1-3H3",15690,CN1C(=O)N(CCCCC(=O)C)C(=O)c2c1ncn2C,4
Input,PIK 75,-0.20615421,InputSig,NA,NA,LINCSCP_55491,U937,0.1uM,6h,haematopoietic and lymphoid tissue,DNA protein kinase inhibitor|PI3K inhibitor,PIK3CA,QTHCAAFKVUWAFI-DJKKODMXSA-N,"InChI=1S/C16H14BrN5O4S/c1-11-3-5-13(22(23)24)7-15(11)27(25,26)20(2)19-9-14-8-18-16-6-4-12(17)10-21(14)16/h3-10H,1-2H3/b19-9+",37848,CN(N=Cc1cnc2ccc(Br)cn12)S(=O)(=O)c3cc(ccc3C)[N+](=O)[O-],NA
Input,Propylthiouracil,-0.20613215,InputSig,NA,NA,LINCSCP_103580,HELA,1.11uM,24h,large intestine,Thyroid peroxidase inhibitor,DIO1|TPO,KNAHARQHSZJURB-UHFFFAOYSA-N,"InChI=1S/C7H10N2OS/c1-2-3-5-4-6(10)9-7(11)8-5/h4H,2-3H2,1H3,(H2,8,9,10,11)",18473,CCCC1=CC(=O)NC(=S)N1,4
Input,Losmapimod,-0.20607739,InputSig,NA,NA,LINCSCP_157799,PC3,3.33uM,24h,prostate,MAP kinase p38 alpha inhibitor|MAP kinase p38 beta inhibitor,MAPK11|MAPK14,KKYABQBFGDZVNQ-UHFFFAOYSA-N,"InChI=1S/C22H26FN3O2/c1-13-17(9-15(10-18(13)23)21(28)26-16-6-7-16)19-8-5-14(11-24-19)20(27)25-12-22(2,3)4/h5,8-11,16H,6-7,12H2,1-4H3,(H,25,27)(H,26,28)",40363,Cc1c(F)cc(cc1c2ccc(cn2)C(=O)NCC(C)(C)C)C(=O)NC3CC3,3
Input,BRD-K88279116,-0.20604023,InputSig,NA,NA,LINCSCP_63250,VCAP,5uM,24h,prostate,NA,NA,RQAOUBOGQGVTCU-LMNJBCLMSA-N,"InChI=1S/C24H25F2N3O5/c1-27-22(30)11-17-4-5-19-21(34-17)12-33-20-6-3-16(10-18(20)24(32)29(19)2)28-23(31)13-7-14(25)9-15(26)8-13/h3,6-10,17,19,21H,4-5,11-12H2,1-2H3,(H,27,30)(H,28,31)/t17-,19+,21+/m1/s1",4526,CNC(=O)C[C@H]1CC[C@H]2[C@H](COc3ccc(NC(=O)c4cc(F)cc(F)c4)cc3C(=O)N2C)O1,NA
Input,GW620972X,-0.20599336,InputSig,NA,NA,LINCSCP_129323,HUVEC,10uM,24h,umbilical vein,NA,NA,WQGDQGAFSDMBLA-UHFFFAOYSA-N,"InChI=1S/C20H16N2OS/c21-12-17-15-9-3-4-11-18(15)24-20(17)22-19(23)16-10-5-7-13-6-1-2-8-14(13)16/h1-2,5-8,10H,3-4,9,11H2,(H,22,23)",35279,O=C(Nc1sc2CCCCc2c1C#N)c3cccc4ccccc34,NA
Input,BRD-K97633445,-0.20589571,InputSig,NA,NA,LINCSCP_8982,A549,10uM,24h,lung,NA,NA,ANPNCKARMDTJMY-LSWJPFSZSA-N,"InChI=1S/C26H31N3O6/c1-15-9-16(2)11-18(10-15)28-26(32)27-17-5-8-22-20(12-17)25(31)29(3)21-7-6-19(13-24(30)33-4)35-23(21)14-34-22/h5,8-12,19,21,23H,6-7,13-14H2,1-4H3,(H2,27,28,32)/t19-,21-,23+/m1/s1",25398,COC(=O)C[C@H]1CC[C@@H]2[C@H](COc3ccc(NC(=O)Nc4cc(C)cc(C)c4)cc3C(=O)N2C)O1,NA
Input,Benzoxiquine,-0.20588302,InputSig,NA,NA,LINCSCP_18963,HCC515,10uM,24h,lung,Antiinfective drug,NA,BHKPHCKISVSDGV-UHFFFAOYSA-N,InChI=1S/C16H11NO2/c18-16(13-6-2-1-3-7-13)19-14-10-4-8-12-9-5-11-17-15(12)14/h1-11H,1108,O=C(Oc1cccc2cccnc12)c3ccccc3,NA
Input,BRD-K80058142,-0.2058763,InputSig,NA,NA,LINCSCP_59797,VCAP,5uM,6h,prostate,NA,NA,KYHZFTDIMWCHFE-YHGPEZAFSA-N,"InChI=1S/C31H39N5O5/c1-19(2)32-30(39)33-23-13-14-27-25(15-23)29(38)36(21(4)18-37)16-20(3)28(41-27)17-35(5)31(40)34-26-12-8-10-22-9-6-7-11-24(22)26/h6-15,19-21,28,37H,16-18H2,1-5H3,(H,34,40)(H2,32,33,39)/t20-,21-,28+/m0/s1",33733,CC(C)NC(=O)Nc1ccc2O[C@H](CN(C)C(=O)Nc3cccc4ccccc34)[C@@H](C)CN([C@@H](C)CO)C(=O)c2c1,NA
Input,BRD-K05885800,-0.20584345,InputSig,NA,NA,LINCSCP_48722,PC3,10uM,24h,prostate,NA,NA,JGSPVHKLUFJULS-LQTOCWPSSA-N,"InChI=1S/C22H31N3OS/c1-5-7-16-8-10-17(11-9-16)21-19(12-23-15(3)4)25(20(21)13-26)22-24-18(6-2)14-27-22/h5,7-11,14-15,19-21,23,26H,6,12-13H2,1-4H3/b7-5+/t19-,20-,21+/m0/s1",9822,CCc1csc(n1)N2[C@@H](CO)[C@@H]([C@@H]2CNC(C)C)c3ccc(\C=C\C)cc3,NA
Input,SYK Inhibitor,-0.20567867,InputSig,NA,NA,LINCSCP_44133,PC3,10uM,6h,prostate,SYK inhibitor,SYK,MLKHXLFEYOOYEY-NVNXTCNLSA-N,"InChI=1S/C18H15N3O3S/c1-21-10-11(13-4-2-3-5-17(13)21)8-15-14-9-12(25(19,23)24)6-7-16(14)20-18(15)22/h2-10H,1H3,(H,20,22)(H2,19,23,24)/b15-8-",17540,Cn1cc(\C=C\2/C(=O)Nc3ccc(cc23)S(=O)(=O)N)c4ccccc14,NA
Input,SR57227A,-0.20564376,InputSig,NA,NA,LINCSCP_33195,MCF7,10uM,6h,breast,Serotonin receptor agonist,HTR3A,WPVVMKYQOMJPIN-UHFFFAOYSA-N,"InChI=1S/C10H14ClN3/c11-9-2-1-3-10(13-9)14-6-4-8(12)5-7-14/h1-3,8H,4-7,12H2",24933,NC1CCN(CC1)c2cccc(Cl)n2,NA
Input,BRD-K06432527,-0.20558178,InputSig,NA,NA,LINCSCP_311802,VCAP,10uM,6h,prostate,NA,NA,YKADZYQVAJPHMU-LQHHRKQYSA-N,"InChI=1S/C36H55N3O6S/c1-26-14-17-32(18-15-26)46(42,43)37-31-16-19-34-33(21-31)36(41)39(28(3)25-40)22-27(2)35(44-20-10-9-11-29(4)45-34)24-38(5)23-30-12-7-6-8-13-30/h14-19,21,27-30,35,37,40H,6-13,20,22-25H2,1-5H3/t27-,28+,29-,35+/m0/s1",31856,C[C@H](CO)N1C[C@H](C)[C@@H](CN(C)CC2CCCCC2)OCCCC[C@H](C)Oc3ccc(NS(=O)(=O)c4ccc(C)cc4)cc3C1=O,NA
Input,60559-98-0,-0.20556341,InputSig,NA,NA,LINCSCP_7650,A549,10uM,6h,lung,ATP channel activator|Potassium channel activator,KCNJ11,HKZNADVVGXKQDL-UHFFFAOYSA-N,"InChI=1S/C12H17N5/c1-4-12(2,3)17-11(15-9-13)16-10-6-5-7-14-8-10/h5-8H,4H2,1-3H3,(H2,15,16,17)",30139,CCC(C)(C)N=C(NC#N)Nc1cccnc1,NA
Input,STK249718,-0.20555365,InputSig,NA,NA,LINCSCP_29058,HUH7,3uM,6h,liver,NA,NA,HDXJYJIPXWVRSM-UHFFFAOYSA-N,"InChI=1S/C12H10N6O2/c1-17-11(19)8-10(15-12(17)20)18(2)16-9(14-8)7-5-3-4-6-13-7/h3-6H,1-2H3",35010,CN1N=C(N=C2C(=O)N(C)C(=O)N=C12)c3ccccn3,NA
Input,"D,L Carbidopa",-0.20554623,InputSig,NA,NA,LINCSCP_238016,MCF7,10uM,6h,breast,Aromatic L-amino acid decarboxylase inhibitor,DDC,TZFNLOMSOLWIDK-UHFFFAOYSA-N,"InChI=1S/C10H14N2O4/c1-10(12-11,9(15)16)5-6-2-3-7(13)8(14)4-6/h2-4,12-14H,5,11H2,1H3,(H,15,16)",6190,CC(Cc1ccc(O)c(O)c1)(NN)C(=O)O,NA
Input,Erismodegib,-0.20553538,InputSig,NA,NA,LINCSCP_234730,LOVO,10uM,6h,intestine,Smoothened receptor antagonist,SMO,VZZJRYRQSPEMTK-CALCHBBNSA-N,"InChI=1S/C26H26F3N3O3/c1-16-14-32(15-17(2)34-16)24-12-9-20(13-30-24)31-25(33)23-6-4-5-22(18(23)3)19-7-10-21(11-8-19)35-26(27,28)29/h4-13,16-17H,14-15H2,1-3H3,(H,31,33)/t16-,17+",16210,C[C@@H]1CN(C[C@H](C)O1)c2ccc(NC(=O)c3cccc(c3C)c4ccc(OC(F)(F)F)cc4)cn2,4
Input,Zaurategrast,-0.20553156,InputSig,NA,NA,LINCSCP_139521,MCF7,0.37uM,24h,breast,NA,NA,KYHVWHYLKOHLKA-FQEVSTJZSA-N,"InChI=1S/C26H25BrN4O3/c27-21-22(26(23(21)32)10-2-1-3-11-26)31-20(25(33)34)14-16-4-6-18(7-5-16)30-24-19-15-28-12-8-17(19)9-13-29-24/h4-9,12-13,15,20,31H,1-3,10-11,14H2,(H,29,30)(H,33,34)/t20-/m0/s1",26809,OC(=O)[C@H](Cc1ccc(Nc2nccc3ccncc23)cc1)NC4=C(Br)C(=O)C45CCCCC5,NA
Input,CHEMBL2357546,-0.20548386,InputSig,NA,NA,LINCSCP_63914,VCAP,5uM,24h,prostate,NA,NA,KWDFMNKBUPRJCJ-YQIMAOPZSA-N,"InChI=1S/C28H31N3O4/c1-2-5-18-10-11-23-24-21(15-30(23)26(18)33)22(16-32)25(31(24)27(34)19-8-9-19)28(35)29-13-12-17-6-3-4-7-20(17)14-29/h2-7,10-11,19,21-22,24-25,32H,8-9,12-16H2,1H3/t21-,22-,24+,25-/m1/s1",14151,CC=CC1=CC=C2[C@@H]3[C@H](CN2C1=O)[C@@H](CO)[C@@H](N3C(=O)C4CC4)C(=O)N5CCc6ccccc6C5,NA
Input,BRD-K94250811,-0.20540109,InputSig,NA,NA,LINCSCP_277165,PC3,5uM,24h,prostate,NA,NA,XBYPQBUOAZUQNE-HSZRJFAPSA-N,"InChI=1S/C28H33FN4O4/c1-17(2)30-27(36)32-12-10-28(11-13-32)16-33(26(35)18-4-6-19(29)7-5-18)23(15-34)25-24(28)21-9-8-20(37-3)14-22(21)31-25/h4-9,14,17,23,31,34H,10-13,15-16H2,1-3H3,(H,30,36)/t23-/m1/s1",34132,COc1ccc2c3c([nH]c2c1)[C@@H](CO)N(CC34CCN(CC4)C(=O)NC(C)C)C(=O)c5ccc(F)cc5,NA
Input,Enrofloxacin,-0.20538296,InputSig,NA,NA,LINCSCP_6905,A549,10uM,24h,lung,Bacterial DNA gyrase inhibitor,NA,SPFYMRJSYKOXGV-UHFFFAOYSA-N,"InChI=1S/C19H22FN3O3/c1-2-21-5-7-22(8-6-21)17-10-16-13(9-15(17)20)18(24)14(19(25)26)11-23(16)12-3-4-12/h9-12H,2-8H2,1H3,(H,25,26)",38814,CCN1CCN(CC1)c2cc3N(C=C(C(=O)O)C(=O)c3cc2F)C4CC4,NA
Input,ST50050407,-0.20536995,InputSig,NA,NA,LINCSCP_16908,HA1E,10uM,6h,kidney epithelial,NA,NA,UNXWHEKNJQKQJW-UHFFFAOYSA-N,"InChI=1S/C22H25N3/c1-15-10-12-25(13-11-15)22-20-7-5-4-6-19(20)21(23-24-22)18-9-8-16(2)17(3)14-18/h4-9,14-15H,10-13H2,1-3H3",38653,CC1CCN(CC1)c2nnc(c3ccc(C)c(C)c3)c4ccccc24,NA
Input,BRD-K67868064,-0.20536227,InputSig,NA,NA,LINCSCP_65504,VCAP,10uM,6h,prostate,NA,NA,YUYBEPSVBUXRNH-BEOVJFKUSA-N,"InChI=1S/C37H48Cl2N4O6/c1-24-20-43(25(2)23-44)36(45)31-19-29(41-37(46)40-28-10-13-30(47-5)14-11-28)12-16-34(31)49-26(3)8-6-7-17-48-35(24)22-42(4)21-27-9-15-32(38)33(39)18-27/h9-16,18-19,24-26,35,44H,6-8,17,20-23H2,1-5H3,(H2,40,41,46)/t24-,25-,26-,35+/m0/s1",13303,COc1ccc(NC(=O)Nc2ccc3O[C@@H](C)CCCCO[C@H](CN(C)Cc4ccc(Cl)c(Cl)c4)[C@@H](C)CN([C@@H](C)CO)C(=O)c3c2)cc1,NA
Input,BRD-K96707310,-0.20532149,InputSig,NA,NA,LINCSCP_63763,VCAP,5uM,24h,prostate,NA,NA,VINMFOKKSKWMTO-ZSYWTGECSA-N,"InChI=1S/C20H28N2O4/c23-16-10-21-18-6-5-17(26-19(18)12-25-11-16)9-20(24)22-15-7-13-3-1-2-4-14(13)8-15/h1-4,15-19,21,23H,5-12H2,(H,22,24)/t16-,17+,18-,19+/m0/s1",4820,O[C@H]1CN[C@H]2CC[C@H](CC(=O)NC3Cc4ccccc4C3)O[C@@H]2COC1,NA
Input,CCT 018159,-0.20530381,InputSig,NA,NA,LINCSCP_44405,PC3,10uM,24h,prostate,HSP inhibitor,HSP90AA1,OWPMENVYXDJDOW-UHFFFAOYSA-N,"InChI=1S/C20H20N2O4/c1-3-12-8-14(16(24)10-15(12)23)20-19(11(2)21-22-20)13-4-5-17-18(9-13)26-7-6-25-17/h4-5,8-10,23-24H,3,6-7H2,1-2H3,(H,21,22)",15834,CCc1cc(c(O)cc1O)c2n[nH]c(C)c2c3ccc4OCCOc4c3,NA
Input,BRD-K52183630,-0.20529531,InputSig,NA,NA,LINCSCP_28087,HT29,5uM,24h,large intestine,NA,NA,ZSUKBHXIWPHONU-TUNNFDKTSA-N,"InChI=1S/C22H28N2O4S/c1-29(27,28)23-13-19-22(20(15-25)24(19)21(26)14-23)18-11-9-17(10-12-18)8-4-7-16-5-2-3-6-16/h9-12,16,19-20,22,25H,2-3,5-7,13-15H2,1H3/t19-,20+,22+/m0/s1",12945,CS(=O)(=O)N1C[C@H]2[C@H]([C@@H](CO)N2C(=O)C1)c3ccc(cc3)C#CCC4CCCC4,NA
Input,BRD-K32665240,-0.20528758,InputSig,NA,NA,LINCSCP_61033,VCAP,5uM,24h,prostate,NA,NA,AICRRUIGWBNRBB-GLDPYIMESA-N,"InChI=1S/C26H36N4O4/c1-6-25(31)28-21-7-8-23-22(13-21)26(32)29(4)16-24(33-5)18(2)14-30(19(3)17-34-23)15-20-9-11-27-12-10-20/h7-13,18-19,24H,6,14-17H2,1-5H3,(H,28,31)/t18-,19+,24-/m0/s1",24364,CCC(=O)Nc1ccc2OC[C@@H](C)N(Cc3ccncc3)C[C@H](C)[C@H](CN(C)C(=O)c2c1)OC,NA
Input,BRD-K80171496,-0.20526761,InputSig,NA,NA,LINCSCP_61830,VCAP,5uM,24h,prostate,NA,NA,USGDOGGJJOICMT-XJUOHMSHSA-N,"InChI=1S/C25H30N4O4/c30-17-23-21(28-25(32)22-16-26-10-11-27-22)7-6-20(33-23)15-24(31)29-12-8-19(9-13-29)14-18-4-2-1-3-5-18/h1-7,10-11,16,19-21,23,30H,8-9,12-15,17H2,(H,28,32)/t20-,21+,23-/m0/s1",7286,OC[C@@H]1O[C@H](CC(=O)N2CCC(Cc3ccccc3)CC2)C=C[C@H]1NC(=O)c4cnccn4,NA
Input,SCHEMBL16980377,-0.2052676,InputSig,NA,NA,LINCSCP_50286,PHH,10uM,24h,NA,NA,NA,MRJCPWMBHXTRFB-HGAMEBRSSA-N,"InChI=1S/C29H32N2O5/c1-31(2)20-10-13-26-24(14-20)25-15-23(35-27(18-32)29(25)36-26)16-28(33)30-17-19-8-11-22(12-9-19)34-21-6-4-3-5-7-21/h3-14,23,25,27,29,32H,15-18H2,1-2H3,(H,30,33)/t23-,25-,27-,29+/m0/s1",1811,CN(C)c1ccc2O[C@H]3[C@H](CO)O[C@H](CC(=O)NCc4ccc(Oc5ccccc5)cc4)C[C@H]3c2c1,NA
Input,BRD-K04627808,-0.20525489,InputSig,NA,NA,LINCSCP_61188,VCAP,5uM,24h,prostate,NA,NA,NFEVTECKVPPYCJ-SEXOINJZSA-N,"InChI=1S/C29H40N4O5/c1-19-15-33(16-21-9-10-21)20(2)18-38-26-12-11-23(14-25(26)28(34)32(3)17-27(19)37-5)31-29(35)30-22-7-6-8-24(13-22)36-4/h6-8,11-14,19-21,27H,9-10,15-18H2,1-5H3,(H2,30,31,35)/t19-,20-,27-/m1/s1",1294,CO[C@@H]1CN(C)C(=O)c2cc(NC(=O)Nc3cccc(OC)c3)ccc2OC[C@@H](C)N(CC4CC4)C[C@H]1C,NA
Input,BRD-K27824357,-0.20520359,InputSig,NA,NA,LINCSCP_60157,VCAP,5uM,24h,prostate,NA,NA,AEYCXANGZGGWKX-GBPOLFSSSA-N,"InChI=1S/C25H37N3O5/c1-17-13-28(18(2)16-29)25(31)22-11-21(6-5-19(3)30)12-26-24(22)33-23(17)15-27(4)14-20-7-9-32-10-8-20/h11-12,17-20,23,29-30H,7-10,13-16H2,1-4H3/t17-,18-,19+,23+/m1/s1",568,C[C@H](O)C#Cc1cnc2O[C@@H](CN(C)CC3CCOCC3)[C@H](C)CN([C@H](C)CO)C(=O)c2c1,NA
Input,MLS002703105,-0.2051861,InputSig,NA,NA,LINCSCP_57247,VCAP,10uM,24h,prostate,NA,NA,OKEYLXGAJZVHLC-UHFFFAOYSA-N,"InChI=1S/C22H28N2O7S/c1-3-18(21(25)23-20-15-7-12-6-13(9-15)10-16(20)8-12)31-22(26)14-4-5-19(32(2,29)30)17(11-14)24(27)28/h4-5,11-13,15-16,18,20H,3,6-10H2,1-2H3,(H,23,25)",15174,CCC(OC(=O)c1ccc(c(c1)[N+](=O)[O-])S(=O)(=O)C)C(=O)NC2C3CC4CC(CC2C4)C3,NA
Input,BRD-K94766424,-0.20518029,InputSig,NA,NA,LINCSCP_61301,VCAP,5uM,24h,prostate,NA,NA,FSHWRMSUZBSSQF-KHYOSLBOSA-N,"InChI=1S/C21H34N4O4/c1-6-9-22-21(27)24-16-7-8-18-17(10-16)20(26)25(4)12-19(28-5)14(2)11-23-15(3)13-29-18/h7-8,10,14-15,19,23H,6,9,11-13H2,1-5H3,(H2,22,24,27)/t14-,15+,19-/m0/s1",25327,CCCNC(=O)Nc1ccc2OC[C@@H](C)NC[C@H](C)[C@H](CN(C)C(=O)c2c1)OC,NA
Input,SCHEMBL2559280,-0.20513083,InputSig,NA,NA,LINCSCP_31496,MCF7,10uM,6h,breast,NA,NA,GPDDPZSDLKFTKG-UHFFFAOYSA-N,"InChI=1S/C24H26BrN3OS/c25-21-10-8-19(9-11-21)22-17-30-24(27-22)28-15-12-20(13-16-28)23(29)26-14-4-7-18-5-2-1-3-6-18/h1-3,5-6,8-11,17,20H,4,7,12-16H2,(H,26,29)",15724,Brc1ccc(cc1)c2csc(n2)N3CCC(CC3)C(=O)NCCCc4ccccc4,NA
Input,CHEMBL2138962,-0.2051183,InputSig,NA,NA,LINCSCP_65327,VCAP,10uM,24h,prostate,NA,NA,VYCOOHAMPRTWAW-NNTYELGISA-N,"InChI=1S/C43H53N5O5/c1-30-26-48(31(2)29-49)43(52)25-35-24-36(45-41(50)16-8-5-9-17-42(51)46-38-15-11-10-14-37(38)44)22-23-39(35)53-40(30)28-47(3)27-32-18-20-34(21-19-32)33-12-6-4-7-13-33/h4,6-7,10-15,18-24,30-31,40,49H,5,8-9,16-17,25-29,44H2,1-3H3,(H,45,50)(H,46,51)/t30-,31+,40+/m1/s1",40241,C[C@@H](CO)N1C[C@@H](C)[C@H](CN(C)Cc2ccc(cc2)c3ccccc3)Oc4ccc(NC(=O)CCCCCC(=O)Nc5ccccc5N)cc4CC1=O,NA
Input,BRD-K15392449,-0.20510912,InputSig,NA,NA,LINCSCP_63565,VCAP,5uM,6h,prostate,NA,NA,QCHQNBIYSRQADD-NEWJYFPISA-N,"InChI=1S/C26H32F3N3O4/c27-26(28,29)20-3-1-2-19(12-20)14-32-15-21(33)16-35-17-24-23(32)5-4-22(36-24)13-25(34)31-11-8-18-6-9-30-10-7-18/h1-3,6-7,9-10,12,21-24,33H,4-5,8,11,13-17H2,(H,31,34)/t21-,22-,23-,24+/m0/s1",14923,O[C@@H]1COC[C@H]2O[C@H](CC(=O)NCCc3ccncc3)CC[C@@H]2N(Cc4cccc(c4)C(F)(F)F)C1,NA
Input,Staurosporine,-0.20498877,InputSig,NA,NA,LINCSCP_3981,A375,3.33uM,24h,skin,PKC inhibitor,CDK2|GSK3B,HKSZLNNOFSGOKW-FYTWVXJKSA-N,"InChI=1S/C28H26N4O3/c1-28-26(34-3)17(29-2)12-20(35-28)31-18-10-6-4-8-14(18)22-23-16(13-30-27(23)33)21-15-9-5-7-11-19(15)32(28)25(21)24(22)31/h4-11,17,20,26,29H,12-13H2,1-3H3,(H,30,33)/t17-,20-,26-,28+/m1/s1",15148,CN[C@@H]1C[C@H]2O[C@@](C)([C@@H]1OC)n3c4ccccc4c5c6CNC(=O)c6c7c8ccccc8n2c7c35,NA
Input,PRX-08066 Maleic acid,-0.2049329,InputSig,NA,NA,LINCSCP_153217,PC3,10uM,24h,prostate,NA,NA,IENZFHBNCRQMNP-UHFFFAOYSA-N,"InChI=1S/C19H17ClFN5S/c20-17-8-15-18(23-11-24-19(15)27-17)25-14-3-5-26(6-4-14)10-12-1-2-16(21)13(7-12)9-22/h1-2,7-8,11,14H,3-6,10H2,(H,23,24,25)",26723,Fc1ccc(CN2CCC(CC2)Nc3ncnc4sc(Cl)cc34)cc1C#N,NA
Input,CHEMBL2326701,-0.20491948,InputSig,NA,NA,LINCSCP_5199,A549,10uM,6h,lung,NA,NA,RVDDFWHDMUQVLX-UHFFFAOYSA-N,"InChI=1S/C24H29NO6/c1-15-6-8-25(9-7-15)23(27)13-18(16-4-5-20-21(10-16)31-14-30-20)24-19(26)11-17(28-2)12-22(24)29-3/h4-5,10-12,15,18,26H,6-9,13-14H2,1-3H3",35405,COc1cc(O)c(C(CC(=O)N2CCC(C)CC2)c3ccc4OCOc4c3)c(OC)c1,NA
Input,OSI-906 (Linsitinib),-0.20483305,InputSig,NA,NA,LINCSCP_108065,HELA,10uM,24h,large intestine,Insulin-like growth factor I receptor inhibitor|Insulin receptor inhibitor,IGF1R|INSR,PKCDDUHJAFVJJB-VLZXCDOPSA-N,"InChI=1S/C26H23N5O/c1-26(32)14-19(15-26)25-30-22(23-24(27)28-11-12-31(23)25)18-8-7-17-9-10-20(29-21(17)13-18)16-5-3-2-4-6-16/h2-13,19,32H,14-15H2,1H3,(H2,27,28)/t19-,26+",26488,C[C@@]1(O)C[C@@H](C1)c2nc(c3ccc4ccc(nc4c3)c5ccccc5)c6c(N)nccn26,3
Input,Chrysin,-0.20482007,InputSig,NA,NA,LINCSCP_119985,HT29,0.37uM,24h,large intestine,NA,NA,RTIXKCRFFJGDFG-UHFFFAOYSA-N,"InChI=1S/C15H10O4/c16-10-6-11(17)15-12(18)8-13(19-14(15)7-10)9-4-2-1-3-5-9/h1-8,16-17H",39327,Oc1cc(O)c2C(=O)C=C(Oc2c1)c3ccccc3,NA
Input,CHEMBL2144875,-0.20446764,InputSig,NA,NA,LINCSCP_59201,VCAP,10uM,24h,prostate,NA,NA,QDRBVCQGVAHXBS-TZNXZYKKSA-N,"InChI=1S/C37H47N5O5/c1-24-20-42(25(2)23-43)37(46)29-12-9-15-32(40-35(44)27-10-5-4-6-11-27)34(29)47-33(24)22-41(3)21-26-16-18-28(19-17-26)36(45)39-31-14-8-7-13-30(31)38/h7-9,12-19,24-25,27,33,43H,4-6,10-11,20-23,38H2,1-3H3,(H,39,45)(H,40,44)/t24-,25-,33-/m0/s1",36649,C[C@@H](CO)N1C[C@H](C)[C@H](CN(C)Cc2ccc(cc2)C(=O)Nc3ccccc3N)Oc4c(NC(=O)C5CCCCC5)cccc4C1=O,NA
Input,Rivaroxaban,-0.20445583,InputSig,NA,NA,LINCSCP_125104,HT29,10uM,24h,large intestine,NA,NA,KGFYHTZWPPHNLQ-UHFFFAOYSA-N,"InChI=1S/C19H18ClN3O5S/c20-16-6-5-15(29-16)18(25)21-9-14-10-23(19(26)28-14)13-3-1-12(2-4-13)22-7-8-27-11-17(22)24/h1-6,14H,7-11H2,(H,21,25)",27151,Clc1ccc(s1)C(=O)NCC2CN(C(=O)O2)c3ccc(cc3)N4CCOCC4=O,NA
Input,Rivaroxaban,-0.20445583,InputSig,NA,NA,LINCSCP_125104,HT29,10uM,24h,large intestine,NA,NA,KGFYHTZWPPHNLQ-AWEZNQCLSA-N,"InChI=1S/C19H18ClN3O5S/c20-16-6-5-15(29-16)18(25)21-9-14-10-23(19(26)28-14)13-3-1-12(2-4-13)22-7-8-27-11-17(22)24/h1-6,14H,7-11H2,(H,21,25)/t14-/m0/s1",23271,Clc1ccc(s1)C(=O)NC[C@H]2CN(C(=O)O2)c3ccc(cc3)N4CCOCC4=O,4
Input,Lexibulin,-0.20440325,InputSig,NA,NA,LINCSCP_54918,THP1,1uM,6h,haematopoietic and lymphoid tissue,Tubulin inhibitor,TUBA1A|TUBA1B|TUBA1C|TUBA3E|TUBA4A|TUBB|TUBB1|TUBB2A|TUBB2B|TUBB3|TUBB4A|TUBB4B|TUBB6|TUBB8,MTJHLONVHHPNSI-IBGZPJMESA-N,"InChI=1S/C24H30N6O2/c1-5-8-19(18-9-7-12-25-15-18)28-22-16(3)14-27-23(30-22)17-10-11-20(21(13-17)32-4)29-24(31)26-6-2/h7,9-15,19H,5-6,8H2,1-4H3,(H2,26,29,31)(H,27,28,30)/t19-/m0/s1",16520,CCC[C@H](Nc1nc(ncc1C)c2ccc(NC(=O)NCC)c(OC)c2)c3cccnc3,2
Input,BRD-K63077891,-0.20436089,InputSig,NA,NA,LINCSCP_59689,VCAP,5uM,24h,prostate,NA,NA,KBNILDCQMNAARZ-MVYHEMRASA-N,"InChI=1S/C30H37N5O6/c1-18-15-35(19(2)17-36)29(38)24-14-23(31-27(37)13-22-9-7-6-8-10-22)11-12-25(24)40-26(18)16-34(5)30(39)32-28-20(3)33-41-21(28)4/h6-12,14,18-19,26,36H,13,15-17H2,1-5H3,(H,31,37)(H,32,39)/t18-,19+,26+/m1/s1",33301,C[C@@H](CO)N1C[C@@H](C)[C@H](CN(C)C(=O)Nc2c(C)onc2C)Oc3ccc(NC(=O)Cc4ccccc4)cc3C1=O,NA
Input,Gamolenic acid,-0.20435937,InputSig,NA,NA,LINCSCP_33601,MCF7,10uM,24h,breast,Cyclooxygenase inhibitor|Prostanoid receptor agonist,PTGS1|PTGS2,VZCCETWTMQHEPK-QNEBEIHSSA-N,"InChI=1S/C18H30O2/c1-2-3-4-5-6-7-8-9-10-11-12-13-14-15-16-17-18(19)20/h6-7,9-10,12-13H,2-5,8,11,14-17H2,1H3,(H,19,20)/b7-6-,10-9-,13-12-",17134,CCCCC\C=C/C\C=C/C\C=C/CCCCC(=O)O,4
Input,Trametinib,-0.20432355,InputSig,NA,NA,LINCSCP_87903,HA1E,3.33uM,24h,kidney epithelial,MEK inhibitor,MAP2K1|MAP2K2,LIRYPHYGHXZJBZ-UHFFFAOYSA-N,"InChI=1S/C26H23FIN5O4/c1-13-22-21(23(31(3)24(13)35)30-20-10-7-15(28)11-19(20)27)25(36)33(17-8-9-17)26(37)32(22)18-6-4-5-16(12-18)29-14(2)34/h4-7,10-12,17,30H,8-9H2,1-3H3,(H,29,34)",37824,CN1C(=O)C(=C2N(C(=O)N(C3CC3)C(=O)C2=C1Nc4ccc(I)cc4F)c5cccc(NC(=O)C)c5)C,4
Input,Pracinostat,-0.20422056,InputSig,NA,NA,LINCSCP_112466,HEPG2,0.04uM,24h,liver,NA,NA,JHDKZFFAIZKUCU-ZRDIBKRKSA-N,"InChI=1S/C20H30N4O2/c1-4-7-8-19-21-17-15-16(10-12-20(25)22-26)9-11-18(17)24(19)14-13-23(5-2)6-3/h9-12,15,26H,4-8,13-14H2,1-3H3,(H,22,25)/b12-10+",6114,CCCCc1nc2cc(\C=C\C(=O)NO)ccc2n1CCN(CC)CC,NA
Input,301836-43-1,-0.2041997,InputSig,NA,NA,LINCSCP_100920,HCC515,10uM,24h,lung,TGF beta receptor inhibitor,CSNK1A1|TGFB1,DPDZHVCKYBCJHW-UHFFFAOYSA-N,"InChI=1S/C23H18N4O3/c24-22(28)14-4-6-15(7-5-14)23-26-20(21(27-23)17-3-1-2-10-25-17)16-8-9-18-19(13-16)30-12-11-29-18/h1-10,13H,11-12H2,(H2,24,28)(H,26,27)",15144,NC(=O)c1ccc(cc1)c2nc(c3ccc4OCCOc4c3)c([nH]2)c5ccccn5,NA
Input,BRD-K85592362,-0.20414501,InputSig,NA,NA,LINCSCP_243042,MCF7,10uM,24h,breast,NA,NA,NWAOHTRJRZZISF-DSTDORTESA-N,"InChI=1S/C35H45FN4O7S/c1-24-21-40(25(2)23-41)34(42)31-20-29(38-48(44,45)30-11-6-5-7-12-30)17-18-32(31)47-26(3)10-8-9-19-46-33(24)22-39(4)35(43)37-28-15-13-27(36)14-16-28/h5-7,11-18,20,24-26,33,38,41H,8-10,19,21-23H2,1-4H3,(H,37,43)/t24-,25+,26+,33-/m0/s1",33898,C[C@H](CO)N1C[C@H](C)[C@H](CN(C)C(=O)Nc2ccc(F)cc2)OCCCC[C@@H](C)Oc3ccc(NS(=O)(=O)c4ccccc4)cc3C1=O,NA
Input,KSC-16-144,-0.20412662,InputSig,NA,NA,LINCSCP_237646,MCF7,10uM,6h,breast,NA,NA,RYHBTLBXXBAGPS-UHFFFAOYSA-N,"InChI=1S/C23H20N4/c1-2-8-17(9-3-1)16-24-22-19-11-5-6-12-20(19)25-23(26-22)27-15-14-18-10-4-7-13-21(18)27/h1-13H,14-16H2,(H,24,25,26)",25042,C(Nc1nc(nc2ccccc12)N3CCc4ccccc34)c5ccccc5,NA
Input,BRD-K18144986,-0.20405377,InputSig,NA,NA,LINCSCP_62769,VCAP,5uM,24h,prostate,NA,NA,OEVRCWMHWGKQED-PMAPCBKXSA-N,"InChI=1S/C24H33ClFN3O3/c1-17(13-29(18(2)16-30)14-19-7-5-6-8-22(19)25)23(32-4)15-28(3)24(31)27-21-11-9-20(26)10-12-21/h5-12,17-18,23,30H,13-16H2,1-4H3,(H,27,31)/t17-,18-,23-/m1/s1",2240,CO[C@H](CN(C)C(=O)Nc1ccc(F)cc1)[C@H](C)CN(Cc2ccccc2Cl)[C@H](C)CO,NA
Input,Reserpine,-0.20400439,InputSig,NA,NA,LINCSCP_144455,MCF7,10uM,24h,breast,Vesicular monoamine transporter inhibitor,SLC18A1|SLC18A2,QEVHRUUCFGRFIF-MDEJGZGSSA-N,"InChI=1S/C33H40N2O9/c1-38-19-7-8-20-21-9-10-35-16-18-13-27(44-32(36)17-11-25(39-2)30(41-4)26(12-17)40-3)31(42-5)28(33(37)43-6)22(18)15-24(35)29(21)34-23(20)14-19/h7-8,11-12,14,18,22,24,27-28,31,34H,9-10,13,15-16H2,1-6H3/t18-,22+,24-,27-,28+,31+/m1/s1",16082,CO[C@H]1[C@@H](C[C@@H]2CN3CCc4c([nH]c5cc(OC)ccc45)[C@H]3C[C@@H]2[C@@H]1C(=O)OC)OC(=O)c6cc(OC)c(OC)c(OC)c6,4
Input,Honokiol,-0.20399487,InputSig,NA,NA,LINCSCP_143152,MCF7,0.04uM,24h,breast,AKT inhibitor,NA,FVYXIJYOAGAUQK-UHFFFAOYSA-N,"InChI=1S/C18H18O2/c1-3-5-13-7-9-18(20)16(11-13)14-8-10-17(19)15(12-14)6-4-2/h3-4,7-12,19-20H,1-2,5-6H2",36629,Oc1ccc(cc1CC=C)c2cc(CC=C)ccc2O,NA
Input,BRD-K57339160,-0.203967,InputSig,NA,NA,LINCSCP_60583,VCAP,5uM,24h,prostate,NA,NA,SUQKGVARFDJMIR-RLSLOFABSA-N,"InChI=1S/C27H35N5O5/c1-19-14-32(20(2)17-33)26(34)12-7-13-31-15-22(28-29-31)18-36-25(19)16-30(3)27(35)37-24-11-6-9-21-8-4-5-10-23(21)24/h4-6,8-11,15,19-20,25,33H,7,12-14,16-18H2,1-3H3/t19-,20-,25-/m0/s1",23640,C[C@@H](CO)N1C[C@H](C)[C@H](CN(C)C(=O)Oc2cccc3ccccc23)OCc4cn(CCCC1=O)nn4,NA
Input,BRD-K57836103,-0.20392433,InputSig,NA,NA,LINCSCP_193623,A549,10uM,24h,lung,NA,NA,GDBIZWCIODRNMX-UHFFFAOYSA-N,"InChI=1S/C18H15BrN2O2/c1-12-17(14-6-4-3-5-7-14)21(23)18(13(2)20(12)22)15-8-10-16(19)11-9-15/h3-11H,1-2H3",16584,Cc1c(c2ccccc2)[n+]([O-])c(c(C)[n+]1[O-])c3ccc(Br)cc3,NA
Input,CHEMBL2143154,-0.20385797,InputSig,NA,NA,LINCSCP_60467,VCAP,5uM,6h,prostate,NA,NA,YTUJKVHLLCOJEP-MZLICYQSSA-N,"InChI=1S/C26H33N3O5S/c1-18(2)6-7-21-8-9-25-23(14-21)34-24(16-28(5)26(31)22-10-12-27-13-11-22)19(3)15-29(20(4)17-30)35(25,32)33/h8-14,18-20,24,30H,15-17H2,1-5H3/t19-,20-,24+/m0/s1",16708,CC(C)C#Cc1ccc2c(O[C@H](CN(C)C(=O)c3ccncc3)[C@@H](C)CN([C@@H](C)CO)S2(=O)=O)c1,NA
Input,BRD-K01621458,-0.20374753,InputSig,NA,NA,LINCSCP_212494,HA1E,3uM,24h,kidney epithelial,NA,NA,NA,NA,42707,NA,NA
Input,Dactolisib,-0.20370747,InputSig,NA,NA,LINCSCP_101816,HELA,0.12uM,24h,large intestine,MTOR inhibitor|PI3K inhibitor,MTOR|PIK3CA|PIK3CB|PIK3CD|PIK3CG|PIK3R1|PIK3R2|PIK3R3|PIK3R5,JOGKUKXHTYWRGZ-UHFFFAOYSA-N,"InChI=1S/C30H23N5O/c1-30(2,18-31)22-9-11-23(12-10-22)35-28-24-15-19(21-14-20-6-4-5-7-25(20)32-16-21)8-13-26(24)33-17-27(28)34(3)29(35)36/h4-17H,1-3H3",15058,CN1C(=O)N(c2ccc(cc2)C(C)(C)C#N)c3c1cnc4ccc(cc34)c5cnc6ccccc6c5,2
Input,MLS003221407,-0.20362673,InputSig,NA,NA,LINCSCP_31217,MCF7,10uM,24h,breast,NA,NA,SLNSQTDVEFYGGW-UHFFFAOYSA-N,"InChI=1S/C31H27N3O4/c1-21(35)32-25-13-15-26(16-14-25)38-20-24-18-23(12-17-29(24)37-2)30-33-28-11-7-6-10-27(28)31(36)34(30)19-22-8-4-3-5-9-22/h3-18H,19-20H2,1-2H3,(H,32,35)",36142,COc1ccc(cc1COc2ccc(NC(=O)C)cc2)C3=Nc4ccccc4C(=O)N3Cc5ccccc5,NA
Input,BRD-K55077180,-0.2036159,InputSig,NA,NA,LINCSCP_8168,A549,5uM,24h,lung,NA,NA,NHCHRXXZNQAEEO-CEFNRUSXSA-N,"InChI=1S/C33H39N5O4/c1-22-17-38(23(2)21-39)33(41)28-16-26(35-32(40)15-25-19-37(4)29-8-6-5-7-27(25)29)9-10-30(28)42-31(22)20-36(3)18-24-11-13-34-14-12-24/h5-14,16,19,22-23,31,39H,15,17-18,20-21H2,1-4H3,(H,35,40)/t22-,23-,31-/m1/s1",13010,C[C@H](CO)N1C[C@@H](C)[C@@H](CN(C)Cc2ccncc2)Oc3ccc(NC(=O)Cc4cn(C)c5ccccc45)cc3C1=O,NA
Input,Androstanol,-0.20358094,InputSig,NA,NA,LINCSCP_58984,VCAP,10uM,24h,prostate,CAR antagonist,NA,DJTOLSNIKJIDFF-PHFHYRSDSA-N,"InChI=1S/C19H32O/c1-18-9-3-4-16(18)15-6-5-13-12-14(20)7-11-19(13,2)17(15)8-10-18/h13-17,20H,3-12H2,1-2H3/t13-,14+,15-,16-,17-,18-,19-/m0/s1",30965,C[C@@]12CCC[C@H]1[C@@H]3CC[C@H]4C[C@H](O)CC[C@]4(C)[C@H]3CC2,NA
Input,Androstanol,-0.20358094,InputSig,NA,NA,LINCSCP_58984,VCAP,10uM,24h,prostate,CAR antagonist,NA,NA,NA,42741,NA,NA
Input,CHEMBL3187124,-0.20352867,InputSig,NA,NA,LINCSCP_230493,HT29,5uM,24h,large intestine,NA,NA,NYIRBEWLHVXNKD-RESCKBETSA-N,"InChI=1S/C22H33N3O3/c1-3-5-17-6-8-18(9-7-17)22-19(23-20(22)16-26)14-25(4-2)21(27)15-24-10-12-28-13-11-24/h3,5-9,19-20,22-23,26H,4,10-16H2,1-2H3/b5-3+/t19-,20-,22+/m1/s1",38182,CCN(C[C@H]1N[C@H](CO)[C@H]1c2ccc(\C=C\C)cc2)C(=O)CN3CCOCC3,NA
Input,BRD-K02847640,-0.20350142,InputSig,NA,NA,LINCSCP_61933,VCAP,5uM,24h,prostate,NA,NA,VZLRHERICGIZBB-OKZBNKHCSA-N,"InChI=1S/C21H27FN4O5/c1-12-19(13(2)31-26-12)25-21(29)23-10-9-16-7-8-17(18(11-27)30-16)24-20(28)14-3-5-15(22)6-4-14/h3-6,16-18,27H,7-11H2,1-2H3,(H,24,28)(H2,23,25,29)/t16-,17-,18+/m0/s1",1224,Cc1onc(C)c1NC(=O)NCC[C@@H]2CC[C@H](NC(=O)c3ccc(F)cc3)[C@@H](CO)O2,NA
Input,CHEMBL399379,-0.20349988,InputSig,NA,NA,LINCSCP_55488,U937,80uM,6h,haematopoietic and lymphoid tissue,ATP citrase lyase inhibitor,ACLY,SIIPNDKXZOTLEA-UHFFFAOYSA-N,"InChI=1S/C19H15Cl2NO4S/c1-26-17-8-7-13(12-5-3-2-4-6-12)9-16(17)22-27(24,25)18-11-14(20)10-15(21)19(18)23/h2-11,22-23H,1H3",18581,COc1ccc(cc1NS(=O)(=O)c2cc(Cl)cc(Cl)c2O)c3ccccc3,NA
Input,BRD-K12559526,-0.20344352,InputSig,NA,NA,LINCSCP_64160,VCAP,5uM,24h,prostate,NA,NA,NPRRWKGRZALGNG-YGWSKSRPSA-N,"InChI=1S/C30H47F3N4O6/c1-19(2)34-29(41)35-23-10-11-25-24(15-23)28(40)37(21(4)18-38)16-20(3)26(42-14-8-7-9-22(5)43-25)17-36(6)27(39)12-13-30(31,32)33/h10-11,15,19-22,26,38H,7-9,12-14,16-18H2,1-6H3,(H2,34,35,41)/t20-,21-,22-,26-/m0/s1",25482,CC(C)NC(=O)Nc1ccc2O[C@@H](C)CCCCO[C@@H](CN(C)C(=O)CCC(F)(F)F)[C@@H](C)CN([C@@H](C)CO)C(=O)c2c1,NA
Input,BRD-K64305210,-0.20342256,InputSig,NA,NA,LINCSCP_63174,VCAP,5uM,6h,prostate,NA,NA,FMUUBOBUXMLTIS-PWRODBHTSA-N,"InChI=1S/C21H26N2O3S/c1-2-27(25,26)23-19(14-22)21(20(23)15-24)18-12-10-17(11-13-18)9-5-8-16-6-3-4-7-16/h10-13,16,19-21,24H,2-4,6-8,15H2,1H3/t19-,20+,21+/m0/s1",1798,CCS(=O)(=O)N1[C@H](CO)[C@@H]([C@@H]1C#N)c2ccc(cc2)C#CCC3CCCC3,NA
Input,AG 14361,-0.20338561,InputSig,NA,NA,LINCSCP_39846,NCIH1694,20uM,6h,lung,PARP inhibitor,PARP1,SEKJSSBJKFLZIT-UHFFFAOYSA-N,"InChI=1S/C19H20N4O/c1-22(2)12-13-6-8-14(9-7-13)18-21-16-5-3-4-15-17(16)23(18)11-10-20-19(15)24/h3-9H,10-12H2,1-2H3,(H,20,24)",15360,CN(C)Cc1ccc(cc1)c2nc3cccc4C(=O)NCCn2c34,NA
Input,BRD-K94206926,-0.20336293,InputSig,NA,NA,LINCSCP_61001,VCAP,5uM,6h,prostate,NA,NA,LINNEEFEDHMFDS-LRDNONRASA-N,"InChI=1S/C22H32N4O6S/c1-13-10-23-14(2)12-31-19-8-7-17(9-18(19)22(27)26(5)11-20(13)30-6)25-33(28,29)21-15(3)24-32-16(21)4/h7-9,13-14,20,23,25H,10-12H2,1-6H3/t13-,14+,20+/m0/s1",25310,CO[C@@H]1CN(C)C(=O)c2cc(NS(=O)(=O)c3c(C)onc3C)ccc2OC[C@@H](C)NC[C@@H]1C,NA
Input,VU0420364-1,-0.20330854,InputSig,NA,NA,LINCSCP_57712,VCAP,10uM,6h,prostate,NA,NA,JXGIYKRRPGCLFV-QFIPXVFZSA-N,"InChI=1S/C26H31N3O3/c1-25(2,3)19-11-13-20(14-12-19)29(24(31)21-10-8-16-32-21)22(18-9-7-15-27-17-18)23(30)28-26(4,5)6/h7-17,22H,1-6H3,(H,28,30)/t22-/m0/s1",16014,CC(C)(C)NC(=O)[C@@H](N(C(=O)c1occc1)c2ccc(cc2)C(C)(C)C)c3cccnc3,NA
Input,CHEMBL19130,-0.20330828,InputSig,NA,NA,LINCSCP_2888,A375,10uM,6h,skin,Antiamyloidogenic agent,NA,QNBCPLWFVGLFHO-CYBMUJFWSA-N,"InChI=1S/C17H17NO3/c1-18-5-4-10-6-11(19)8-12-15(10)13(18)7-9-2-3-14(20)17(21)16(9)12/h2-3,6,8,13,19-21H,4-5,7H2,1H3/t13-/m1/s1",15619,CN1CCc2cc(O)cc3c2[C@H]1Cc4ccc(O)c(O)c34,NA
Input,BRD-A94810754-001-01-2,-0.20329296,InputSig,NA,NA,LINCSCP_41477,NEU,10uM,6h,NA,Calcium channel modulator,NA,DICYOBFZDAWHJC-JJUPKYKSSA-N,"InChI=1S/C41H74O7/c1-12-14-26(2)21-28(4)23-31(7)36(44)25-35(43)30(6)22-27(3)15-13-16-29(5)39(46)32(8)37(45)24-34-17-19-41(11,47-34)38-18-20-40(10,48-38)33(9)42/h13,16,26-34,37-39,42,45-46H,12,14-15,17-25H2,1-11H3/b16-13+/t26-,27-,28+,29-,30-,31+,32+,33-,34+,37+,38?,39-,40+,41+/m1/s1",5365,CCC[C@@H](C)C[C@H](C)C[C@H](C)C(=O)CC(=O)[C@H](C)C[C@H](C)C\C=C\[C@@H](C)[C@@H](O)[C@@H](C)[C@@H](O)C[C@@H]1CC[C@](C)(O1)C2CC[C@](C)(O2)[C@@H](C)O,NA
Input,Avicin-G,-0.20316023,InputSig,NA,NA,LINCSCP_29211,JURKAT,3uM,6h,haematopoietic and lymphoid tissue,NFkB pathway inhibitor,NA,AAGNHEFESXZZGI-IPSIQHQQSA-N,"InChI=1S/C98H155NO45/c1-17-93(12,126)27-19-21-40(3)80(123)138-75-42(5)131-87(73(121)69(75)117)144-94(13,18-2)28-20-22-45(34-100)81(124)136-57-33-98(90(125)143-89-79(68(116)62(110)50(36-102)134-89)142-86-74(122)77(140-85-72(120)66(114)61(109)49(35-101)132-85)76(43(6)130-86)139-84-71(119)63(111)51(37-103)133-84)47(31-91(57,8)9)46-23-24-54-95(14)29-26-56(92(10,11)53(95)25-30-96(54,15)97(46,16)32-55(98)106)137-82-58(99-44(7)104)65(113)64(112)52(135-82)39-128-88-78(67(115)59(107)41(4)129-88)141-83-70(118)60(108)48(105)38-127-83/h17-18,21-23,41-43,47-79,82-89,100-103,105-122,126H,1-2,19-20,24-39H2,3-16H3,(H,99,104)/b40-21+,45-22+/t41?,42?,43?,47?,48-,49?,50?,51+,52?,53?,54?,55-,56+,57+,58+,59+,60-,61-,62-,63+,64-,65+,66-,67-,68-,69+,70+,71+,72+,73+,74+,75-,76+,77+,78+,79+,82+,83+,84+,85+,86+,87+,88-,89+,93?,94-,95+,96-,97-,98-/m1/s1",25902,CC1O[C@@H](OCC2O[C@@H](O[C@H]3CC[C@@]4(C)C(CC[C@]5(C)C4CC=C6C7CC(C)(C)[C@H](C[C@@]7([C@H](O)C[C@@]56C)C(=O)O[C@@H]8OC(CO)[C@@H](O)[C@@H](O)[C@@H]8O[C@@H]9OC(C)[C@H](O[C@@H]%10O[C@@H](CO)[C@H](O)[C@@H]%10O)[C@@H](O[C@@H]%11OC(CO)[C@@H](O)[C@@H](O)[C@@H]%11O)[C@@H]9O)OC(=O)\C(=C\CC[C@](C)(O[C@@H]%12OC(C)[C@@H](OC(=O)\C(=C\CCC(C)(O)C=C)\C)[C@@H](O)[C@@H]%12O)C=C)\CO)C3(C)C)[C@@H](NC(=O)C)[C@H](O)[C@@H]2O)[C@@H](O[C@@H]%13OC[C@@H](O)[C@@H](O)[C@@H]%13O)[C@H](O)[C@H]1O,NA
Input,CHEMBL2133868,-0.20315154,InputSig,NA,NA,LINCSCP_46601,PC3,10uM,6h,prostate,NA,NA,UIWHTZIAIXNFGN-AZAGJHQNSA-N,"InChI=1S/C40H42N6O5S/c1-25-21-46(26(2)24-47)40(50)31-7-6-10-34(44-38(49)29-15-17-30(18-16-29)39-42-19-20-52-39)36(31)51-35(25)23-45(3)22-27-11-13-28(14-12-27)37(48)43-33-9-5-4-8-32(33)41/h4-20,25-26,35,47H,21-24,41H2,1-3H3,(H,43,48)(H,44,49)/t25-,26-,35-/m1/s1",19697,C[C@H](CO)N1C[C@@H](C)[C@@H](CN(C)Cc2ccc(cc2)C(=O)Nc3ccccc3N)Oc4c(NC(=O)c5ccc(cc5)c6nccs6)cccc4C1=O,NA
Input,BRD-K76454674,-0.20314283,InputSig,NA,NA,LINCSCP_301965,VCAP,5uM,6h,prostate,NA,NA,XLDWFJCTUAPIOT-NEWSRXKRSA-N,"InChI=1S/C21H30FN3O6S/c22-17-4-1-2-5-20(17)32(28,29)24-18-7-6-16(31-19(18)15-26)14-21(27)23-8-3-9-25-10-12-30-13-11-25/h1-2,4-7,16,18-19,24,26H,3,8-15H2,(H,23,27)/t16-,18+,19+/m1/s1",5587,OC[C@@H]1O[C@@H](CC(=O)NCCCN2CCOCC2)C=C[C@@H]1NS(=O)(=O)c3ccccc3F,NA
Input,Doxylamine,-0.20313893,InputSig,NA,NA,LINCSCP_18785,HCC515,10uM,24h,lung,Histamine receptor antagonist,HRH1,HCFDWZZGGLSKEP-UHFFFAOYSA-N,"InChI=1S/C17H22N2O/c1-17(20-14-13-19(2)3,15-9-5-4-6-10-15)16-11-7-8-12-18-16/h4-12H,13-14H2,1-3H3",33839,CN(C)CCOC(C)(c1ccccc1)c2ccccn2,4
Input,Ala-Ala-Phe-Cmk,-0.20313505,InputSig,NA,NA,LINCSCP_390,A375,10uM,24h,skin,Tripeptidyl peptidase inhibitor,TPP2,ONICONPPGVXITG-GVXVVHGQSA-N,"InChI=1S/C16H22ClN3O3/c1-10(18)15(22)19-11(2)16(23)20-13(14(21)9-17)8-12-6-4-3-5-7-12/h3-7,10-11,13H,8-9,18H2,1-2H3,(H,19,22)(H,20,23)/t10-,11-,13-/m0/s1",16054,C[C@H](N)C(=O)N[C@@H](C)C(=O)N[C@@H](Cc1ccccc1)C(=O)CCl,NA
Input,GDC-0834 (Racemate),-0.20311721,InputSig,NA,NA,LINCSCP_169343,YAPC,0.04uM,24h,pancreas,NA,NA,CDOOFZZILLRUQH-UHFFFAOYSA-N,"InChI=1S/C33H36N6O3S/c1-20-24(9-7-10-25(20)36-31(40)28-18-22-8-5-6-11-27(22)43-28)26-19-39(4)33(42)30(35-26)34-23-14-12-21(13-15-23)29-32(41)38(3)17-16-37(29)2/h7,9-10,12-15,18-19,29H,5-6,8,11,16-17H2,1-4H3,(H,34,35)(H,36,40)",26749,CN1CCN(C)C(=O)C1c2ccc(NC3=NC(=CN(C)C3=O)c4cccc(NC(=O)c5cc6CCCCc6s5)c4C)cc2,NA
Input,Estradiol Cypionate,-0.20308472,InputSig,NA,NA,LINCSCP_56519,VCAP,10uM,6h,prostate,Estrogen receptor agonist,ESR1,UOACKFBJUYNSLK-OCTSOESTSA-N,"InChI=1S/C26H36O3/c1-26-15-14-21-20-10-8-19(27)16-18(20)7-9-22(21)23(26)11-12-24(26)29-25(28)13-6-17-4-2-3-5-17/h8,10,16-17,21-24,27H,2-7,9,11-15H2,1H3/t21?,22?,23?,24-,26-/m0/s1",22487,C[C@]12CCC3C(CCc4cc(O)ccc34)C1CC[C@@H]2OC(=O)CCC5CCCC5,NA
Input,MRE-269,-0.20308294,InputSig,NA,NA,LINCSCP_24127,HL60,0.5uM,24h,haematopoietic and lymphoid tissue,Platelet aggregation inhibitor|Prostanoid receptor agonist,PTGIR,NA,NA,NA,NA,NA
Input,BRD-K08209559,-0.20305519,InputSig,NA,NA,LINCSCP_298720,VCAP,5uM,24h,prostate,NA,NA,APMQHRQBDHMONS-JXALWOEJSA-N,"InChI=1S/C27H42N6O4/c1-19-14-33(20(2)17-34)25(35)8-7-13-32-15-23(29-30-32)18-37-24(19)16-31(6)26(36)28-22-11-9-21(10-12-22)27(3,4)5/h9-12,15,19-20,24,34H,7-8,13-14,16-18H2,1-6H3,(H,28,36)/t19-,20+,24-/m1/s1",23534,C[C@@H](CO)N1C[C@@H](C)[C@@H](CN(C)C(=O)Nc2ccc(cc2)C(C)(C)C)OCc3cn(CCCC1=O)nn3,NA
Input,BRD-K62395041,-0.20294782,InputSig,NA,NA,LINCSCP_64104,VCAP,5uM,6h,prostate,NA,NA,OMUHXYIQFYOIMG-SGLNWRHMSA-N,"InChI=1S/C23H26FN3O4/c1-4-19(29)27-20-16(17(12-28)21(27)23(31)25(2)3)11-26-18(20)10-9-15(22(26)30)13-5-7-14(24)8-6-13/h5-10,16-17,20-21,28H,4,11-12H2,1-3H3/t16-,17-,20+,21-/m1/s1",3860,CCC(=O)N1[C@H]([C@H](CO)[C@H]2CN3C(=CC=C(C3=O)c4ccc(F)cc4)[C@@H]12)C(=O)N(C)C,NA
Input,Lestaurtinib,-0.20292633,InputSig,NA,NA,LINCSCP_49936,PHH,10uM,24h,NA,FLT3 inhibitor|Growth factor receptor inhibitor|JAK inhibitor,FLT3|JAK2|NTRK1|NTRK2|NTRK3|RET,UIARLYUEJFELEN-LROUJFHJSA-N,"InChI=1S/C26H21N3O4/c1-25-26(32,12-30)10-18(33-25)28-16-8-4-2-6-13(16)20-21-15(11-27-24(21)31)19-14-7-3-5-9-17(14)29(25)23(19)22(20)28/h2-9,18,30,32H,10-12H2,1H3,(H,27,31)/t18-,25+,26+/m1/s1",35297,C[C@]12O[C@H](C[C@]1(O)CO)n3c4ccccc4c5c6C(=O)NCc6c7c8ccccc8n2c7c35,3
Input,BRD-K58945843,-0.20282564,InputSig,NA,NA,LINCSCP_63715,VCAP,5uM,24h,prostate,NA,NA,JLFHHDVKVXKGLO-YXPKMTABSA-N,"InChI=1S/C25H31ClN2O6S/c1-17-6-2-5-9-24(17)35(31,32)28-14-19(29)15-33-16-23-22(28)11-10-20(34-23)12-25(30)27-13-18-7-3-4-8-21(18)26/h2-9,19-20,22-23,29H,10-16H2,1H3,(H,27,30)/t19-,20-,22+,23-/m1/s1",3742,Cc1ccccc1S(=O)(=O)N2C[C@@H](O)COC[C@H]3O[C@@H](CC(=O)NCc4ccccc4Cl)CC[C@H]23,NA
Input,PK04_130213,-0.20271275,InputSig,NA,NA,LINCSCP_10837,ASC,10uM,24h,adipose,NA,NA,QXCLYNLZMVJDAD-UHFFFAOYSA-N,"InChI=1S/C19H20N2O6/c1-25-9-3-4-16-15-11-17(22)18(26-2)10-13(15)7-8-20(16)12-14-5-6-19(27-14)21(23)24/h5-6,10-11,16,22H,7-9,12H2,1-2H3",22222,COCC#CC1N(Cc2oc(cc2)[N+](=O)[O-])CCc3cc(OC)c(O)cc13,NA
Input,Clemastine,-0.20270497,InputSig,NA,NA,LINCSCP_33368,MCF7,10uM,24h,breast,Histamine H1 receptor antagonist,HRH1,YNNUSGIPVFPVBX-NHCUHLMSSA-N,"InChI=1S/C21H26ClNO/c1-21(17-7-4-3-5-8-17,18-10-12-19(22)13-11-18)24-16-14-20-9-6-15-23(20)2/h3-5,7-8,10-13,20H,6,9,14-16H2,1-2H3/t20-,21-/m1/s1",15537,CN1CCC[C@@H]1CCO[C@](C)(c2ccccc2)c3ccc(Cl)cc3,4
Input,BRD-K31462841,-0.20264912,InputSig,NA,NA,LINCSCP_62141,VCAP,5uM,24h,prostate,NA,NA,OPNJNCHASNUPJL-KZNAEPCWSA-N,"InChI=1S/C20H29N3O5/c1-27-15-7-5-14(6-8-15)22-20(26)23-17-10-9-16(28-18(17)12-24)11-19(25)21-13-3-2-4-13/h5-8,13,16-18,24H,2-4,9-12H2,1H3,(H,21,25)(H2,22,23,26)/t16-,17-,18-/m1/s1",2744,COc1ccc(NC(=O)N[C@@H]2CC[C@H](CC(=O)NC3CCC3)O[C@@H]2CO)cc1,NA
Input,Phorbol Myristate Acetate,-0.20261564,InputSig,NA,NA,LINCSCP_78582,A375,0.9uM,24h,skin,PKC activator,NA,PHEDXBVPIONUQT-RGYGYFBISA-N,"InChI=1S/C36H56O8/c1-7-8-9-10-11-12-13-14-15-16-17-18-29(39)43-32-24(3)35(42)27(30-33(5,6)36(30,32)44-25(4)38)20-26(22-37)21-34(41)28(35)19-23(2)31(34)40/h19-20,24,27-28,30,32,37,41-42H,7-18,21-22H2,1-6H3/t24-,27+,28-,30-,32-,34-,35-,36-/m1/s1",38996,CCCCCCCCCCCCCC(=O)O[C@@H]1[C@@H](C)[C@@]2(O)[C@@H](C=C(CO)C[C@@]3(O)[C@H]2C=C(C)C3=O)[C@@H]4C(C)(C)[C@]14OC(=O)C,NA
Input,BRD-K48945537,-0.20255245,InputSig,NA,NA,LINCSCP_8631,A549,5uM,24h,lung,NA,NA,WTHWQCPYZWPYSX-YAOOYPAMSA-N,"InChI=1S/C29H31N3O5/c33-24-17-32(29(35)22-7-4-14-30-16-22)26-13-12-25(37-27(26)19-36-18-24)15-28(34)31-23-10-8-21(9-11-23)20-5-2-1-3-6-20/h1-11,14,16,24-27,33H,12-13,15,17-19H2,(H,31,34)/t24-,25+,26+,27-/m0/s1",3345,O[C@@H]1COC[C@@H]2O[C@@H](CC(=O)Nc3ccc(cc3)c4ccccc4)CC[C@H]2N(C1)C(=O)c5cccnc5,NA
Input,(3-Chlorophenyl)[4-(7-chloroquinolin-4-yl)piperazin-1-yl]methanone,-0.20254398,InputSig,NA,NA,LINCSCP_179036,A375,10uM,6h,skin,NA,NA,WLHWOEPDMHMNLY-UHFFFAOYSA-N,"InChI=1S/C20H17Cl2N3O/c21-15-3-1-2-14(12-15)20(26)25-10-8-24(9-11-25)19-6-7-23-18-13-16(22)4-5-17(18)19/h1-7,12-13H,8-11H2",2057,Clc1cccc(c1)C(=O)N2CCN(CC2)c3ccnc4cc(Cl)ccc34,NA
Input,BRD-K77750380,-0.20234231,InputSig,NA,NA,LINCSCP_64446,VCAP,5uM,6h,prostate,NA,NA,HICHWNNNCJDVID-MBWUYLOXSA-N,"InChI=1S/C32H43ClF3N3O7S/c1-21-18-39(22(2)20-40)31(42)27-17-25(37-47(43,44)26-11-8-24(33)9-12-26)10-13-28(27)46-23(3)7-5-6-16-45-29(21)19-38(4)30(41)14-15-32(34,35)36/h8-13,17,21-23,29,37,40H,5-7,14-16,18-20H2,1-4H3/t21-,22+,23-,29+/m1/s1",13558,C[C@@H](CO)N1C[C@@H](C)[C@H](CN(C)C(=O)CCC(F)(F)F)OCCCC[C@@H](C)Oc2ccc(NS(=O)(=O)c3ccc(Cl)cc3)cc2C1=O,NA
Input,Floxuridine,-0.20219027,InputSig,NA,NA,LINCSCP_109382,HELA,0.04uM,24h,large intestine,NA,NA,ODKNJVUHOIMIIZ-XVMARJQXSA-N,"InChI=1S/C9H11FN2O5/c10-4-2-12(9(16)11-8(4)15)7-1-5(14)6(3-13)17-7/h2,5-7,13-14H,1,3H2,(H,11,15,16)/t5-,6+,7-/m0/s1",26824,OC[C@H]1O[C@@H](C[C@@H]1O)N2C=C(F)C(=O)NC2=O,NA
Input,Floxuridine,-0.20219027,InputSig,NA,NA,LINCSCP_109382,HELA,0.04uM,24h,large intestine,NA,NA,ODKNJVUHOIMIIZ-RRKCRQDMSA-N,"InChI=1S/C9H11FN2O5/c10-4-2-12(9(16)11-8(4)15)7-1-5(14)6(3-13)17-7/h2,5-7,13-14H,1,3H2,(H,11,15,16)/t5-,6+,7+/m0/s1",36474,OC[C@H]1O[C@H](C[C@@H]1O)N2C=C(F)C(=O)NC2=O,4
Input,MOXIDECTIN,-0.2021335,InputSig,NA,NA,LINCSCP_77012,A375,10uM,24h,skin,NA,NA,YZBLFMPOMVTDJY-CBYMMZEQSA-N,"InChI=1S/C37H53NO8/c1-21(2)14-25(6)33-26(7)31(38-42-8)19-36(46-33)18-29-17-28(45-36)13-12-23(4)15-22(3)10-9-11-27-20-43-34-32(39)24(5)16-30(35(40)44-29)37(27,34)41/h9-12,14,16,21-22,26,28-30,32-34,39,41H,13,15,17-20H2,1-8H3/b10-9+,23-12+,25-14+,27-11+,38-31-/t22-,26-,28+,29-,30-,32+,33+,34+,36-,37+/m0/s1",26457,CON=C1C[C@]2(C[C@@H]3C[C@@H](C\C=C(/C)\C[C@@H](C)\C=C\C=C\4/CO[C@@H]5[C@H](O)C(=C[C@@H](C(=O)O3)[C@]45O)C)O2)O[C@@H]([C@H]1C)\C(=C\C(C)C)\C,NA
Input,BRD-K96640811,-0.20207397,InputSig,NA,NA,LINCSCP_6126,A549,10uM,6h,lung,NA,NA,UBZQRRLIMHAJAE-UHFFFAOYSA-N,"InChI=1S/C15H17N3O/c19-15(18-9-2-6-16-8-10-18)14-4-1-3-12-11-17-7-5-13(12)14/h1,3-5,7,11,16H,2,6,8-10H2",1764,O=C(N1CCCNCC1)c2cccc3cnccc23,NA
Input,MLS002473457,-0.20205368,InputSig,NA,NA,LINCSCP_224968,HT29,10uM,6h,large intestine,NA,NA,FQXIJWLEUWLGQQ-UHFFFAOYSA-N,"InChI=1S/C18H18FN3S/c19-15-3-1-13(2-4-15)11-14-5-8-22(9-6-14)17-16-7-10-23-18(16)21-12-20-17/h1-4,7,10,12,14H,5-6,8-9,11H2",16096,Fc1ccc(CC2CCN(CC2)c3ncnc4sccc34)cc1,NA
Input,BRD-K00064877,-0.20202922,InputSig,NA,NA,LINCSCP_61395,VCAP,5uM,24h,prostate,NA,NA,HAVPCKYPPPKWEI-OSOCVKALSA-N,"InChI=1S/C31H38N4O6S/c1-19-15-35(20(2)17-36)31(37)29-28(25-13-9-10-14-26(25)34(29)6)24-12-8-7-11-23(24)18-40-27(19)16-33(5)42(38,39)30-21(3)32-41-22(30)4/h7-14,19-20,27,36H,15-18H2,1-6H3/t19-,20-,27-/m0/s1",16187,C[C@@H](CO)N1C[C@H](C)[C@H](CN(C)S(=O)(=O)c2c(C)onc2C)OCc3ccccc3c4c(C1=O)n(C)c5ccccc45,NA
Input,BRD-K97194822,-0.20196169,InputSig,NA,NA,LINCSCP_48227,PC3,5uM,24h,prostate,NA,NA,ZAHXKZOKOUSJMC-WUBBLUHPSA-N,"InChI=1S/C27H35N3O2/c1-28(2)19-26(32)29-16-6-7-17-30-24(18-29)27(25(30)20-31)23-14-12-22(13-15-23)11-10-21-8-4-3-5-9-21/h3-5,8-15,24-25,27,31H,6-7,16-20H2,1-2H3/b11-10+/t24-,25+,27+/m0/s1",5890,CN(C)CC(=O)N1CCCCN2[C@H](CO)[C@@H]([C@@H]2C1)c3ccc(\C=C\c4ccccc4)cc3,NA
Input,AC1O7GPT,-0.20193414,InputSig,NA,NA,LINCSCP_34610,MCF7,10uM,6h,breast,Vitamin B,NA,YBJHBAHKTGYVGT-FJXKBIBVSA-N,"InChI=1S/C10H16N2O3S/c13-8(14)4-2-1-3-7-9-6(5-16-7)11-10(15)12-9/h6-7,9H,1-5H2,(H,13,14)(H2,11,12,15)/t6-,7+,9+/m1/s1",36516,OC(=O)CCCC[C@@H]1SC[C@H]2NC(=O)N[C@H]12,NA
Input,5807-14-7,-0.20180706,InputSig,NA,NA,LINCSCP_34136,MCF7,10uM,24h,breast,NA,NA,FVKFHMNJTHKMRX-UHFFFAOYSA-N,"InChI=1S/C7H13N3/c1-3-8-7-9-4-2-6-10(7)5-1/h1-6H2,(H,8,9)",25531,C1CNC2=NCCCN2C1,NA
Input,F1743-0035,-0.20179657,InputSig,NA,NA,LINCSCP_190406,A549,10uM,24h,lung,NA,NA,ACUPQPGUHKDMKN-UHFFFAOYSA-N,"InChI=1S/C17H14N4O2S/c22-15-12-6-1-4-11-5-2-7-13(14(11)12)16(23)21(15)8-3-9-24-17-18-10-19-20-17/h1-2,4-7,10H,3,8-9H2,(H,18,19,20)",16157,O=C1N(CCCSc2nnc[nH]2)C(=O)c3cccc4cccc1c34,NA
Input,BIO2_000413,-0.20178031,InputSig,NA,NA,LINCSCP_32532,MCF7,10uM,24h,breast,PKC inhibitor,CDK2|GSK3B,XTGJCWHCHWNXSE-WQGXBGQBSA-N,"InChI=1S/C28H26N4O3/c1-28-12-17(29-2)25(34-3)27(35-28)31-18-10-6-4-8-14(18)20-16-13-30-26(33)22(16)21-15-9-5-7-11-19(15)32(28)24(21)23(20)31/h4-11,17,25,27,29H,12-13H2,1-3H3,(H,30,33)/t17-,25-,27+,28-/m1/s1",36536,CN[C@@H]1C[C@@]2(C)O[C@@H]([C@@H]1OC)n3c4ccccc4c5c6CNC(=O)c6c7c8ccccc8n2c7c35,NA
Input,BRD-K41871066,-0.20173155,InputSig,NA,NA,LINCSCP_34843,MCF7,5uM,24h,breast,NA,NA,XQVZVPLVZQHPJK-KWBCDCJNSA-N,"InChI=1S/C34H46ClN5O8S/c1-21-18-40(22(2)20-41)33(42)29-17-27(36-34(43)37-32-24(4)38-48-25(32)5)12-15-30(29)47-23(3)9-7-8-16-46-31(21)19-39(6)49(44,45)28-13-10-26(35)11-14-28/h10-15,17,21-23,31,41H,7-9,16,18-20H2,1-6H3,(H2,36,37,43)/t21-,22+,23-,31+/m1/s1",12685,C[C@@H](CO)N1C[C@@H](C)[C@H](CN(C)S(=O)(=O)c2ccc(Cl)cc2)OCCCC[C@@H](C)Oc3ccc(NC(=O)Nc4c(C)onc4C)cc3C1=O,NA
Input,BRD-K91443444,-0.20171991,InputSig,NA,NA,LINCSCP_60718,VCAP,5uM,6h,prostate,NA,NA,RLIRIECCVMDDQV-JBYIUTFZSA-N,"InChI=1S/C23H35N5O6S/c1-17-12-28(18(2)15-29)23(30)9-6-10-27-13-19(24-25-27)16-34-22(17)14-26(3)35(31,32)21-8-5-7-20(11-21)33-4/h5,7-8,11,13,17-18,22,29H,6,9-10,12,14-16H2,1-4H3/t17-,18-,22-/m1/s1",23687,COc1cccc(c1)S(=O)(=O)N(C)C[C@H]2OCc3cn(CCCC(=O)N(C[C@H]2C)[C@H](C)CO)nn3,NA
Input,MLS000519739,-0.20168097,InputSig,NA,NA,LINCSCP_45358,PC3,10uM,6h,prostate,NA,NA,GGASVRVMOZGIMT-UHFFFAOYSA-N,"InChI=1S/C22H29N3O3/c1-3-22(2,21(27)24-17-10-5-4-6-11-17)25(16-18-12-9-15-28-18)20(26)19-13-7-8-14-23-19/h7-9,12-15,17H,3-6,10-11,16H2,1-2H3,(H,24,27)",5563,CCC(C)(N(Cc1occc1)C(=O)c2ccccn2)C(=O)NC3CCCCC3,NA
Input,BRD-K66850406,-0.20164718,InputSig,NA,NA,LINCSCP_61148,VCAP,5uM,6h,prostate,NA,NA,CRZDWKBDRGRNEI-STXHMFSFSA-N,"InChI=1S/C22H30N4O7S/c1-14-11-26(34(5,29)30)15(2)13-32-18-7-6-16(24-21(27)19-8-9-23-33-19)10-17(18)22(28)25(3)12-20(14)31-4/h6-10,14-15,20H,11-13H2,1-5H3,(H,24,27)/t14-,15-,20-/m1/s1",956,CO[C@@H]1CN(C)C(=O)c2cc(NC(=O)c3oncc3)ccc2OC[C@@H](C)N(C[C@H]1C)S(=O)(=O)C,NA
Input,MLS002264429,-0.20163513,InputSig,NA,NA,LINCSCP_292530,VCAP,10uM,6h,prostate,NA,NA,IQOHQKZRPPEHQS-CYBMUJFWSA-N,"InChI=1S/C19H20F2N2O6S2/c1-13-12-22(31(26,27)19-15(20)3-2-4-16(19)21)7-8-23(13)30(24,25)14-5-6-17-18(11-14)29-10-9-28-17/h2-6,11,13H,7-10,12H2,1H3/t13-/m1/s1",35533,C[C@@H]1CN(CCN1S(=O)(=O)c2ccc3OCCOc3c2)S(=O)(=O)c4c(F)cccc4F,NA
Input,BRD-K56176052,-0.20159659,InputSig,NA,NA,LINCSCP_62299,VCAP,5uM,24h,prostate,NA,NA,CJNJMLGGDUQPOS-ZUAOHOGDSA-N,"InChI=1S/C24H28N2O7S/c27-15-22-24-20(13-17(32-22)14-23(28)26-8-10-31-11-9-26)19-12-16(6-7-21(19)33-24)25-34(29,30)18-4-2-1-3-5-18/h1-7,12,17,20,22,24-25,27H,8-11,13-15H2/t17-,20+,22+,24-/m0/s1",3629,OC[C@H]1O[C@H](CC(=O)N2CCOCC2)C[C@H]3[C@@H]1Oc4ccc(NS(=O)(=O)c5ccccc5)cc34,NA
Input,Oglemilast,-0.20158719,InputSig,NA,NA,LINCSCP_80311,A375,3.33uM,24h,skin,NA,NA,OKFDRAHPFKMAJH-UHFFFAOYSA-N,"InChI=1S/C20H13Cl2F2N3O5S/c1-33(29,30)27-9-2-4-14-11(6-9)16-10(3-5-15(18(16)31-14)32-20(23)24)19(28)26-17-12(21)7-25-8-13(17)22/h2-8,20,27H,1H3,(H,25,26,28)",26856,CS(=O)(=O)Nc1ccc2oc3c(OC(F)F)ccc(C(=O)Nc4c(Cl)cncc4Cl)c3c2c1,NA
Input,CHEMBL2137151,-0.20154849,InputSig,NA,NA,LINCSCP_230426,HT29,5uM,24h,large intestine,NA,NA,JQIVQIXEWIJDCO-VXEHQLPOSA-N,"InChI=1S/C23H29N3O2/c1-3-7-17-9-11-18(12-10-17)23-20(14-25-22(28)4-2)26(21(23)16-27)15-19-8-5-6-13-24-19/h3,5-13,20-21,23,27H,4,14-16H2,1-2H3,(H,25,28)/b7-3+/t20-,21+,23+/m0/s1",38175,CCC(=O)NC[C@H]1[C@H]([C@@H](CO)N1Cc2ccccn2)c3ccc(\C=C\C)cc3,NA
Input,BRD-K84679731,-0.2015262,InputSig,NA,NA,LINCSCP_65191,VCAP,10uM,6h,prostate,NA,NA,QGZAQQVKABBKJZ-YOFSQIOKSA-N,"InChI=1S/C20H23N3/c1-2-14(1)13-23-18-11-22-12-19(23)20(18)17-5-3-15(4-6-17)16-7-9-21-10-8-16/h3-10,14,18-20,22H,1-2,11-13H2/t18-,19+,20?",13762,C(C1CC1)N2[C@@H]3CNC[C@H]2[C@@H]3c4ccc(cc4)c5ccncc5,NA
Input,Palomid 529 (P529),-0.20148865,InputSig,NA,NA,LINCSCP_140290,MCF7,0.04uM,24h,breast,Serine/threonine-protein kinase mTOR inhibitor,MTOR,YEAHTLOYHVWAKW-UHFFFAOYSA-N,"InChI=1S/C24H22O6/c1-14(25)16-6-9-18-19-11-22(28-3)23(12-21(19)30-24(26)20(18)10-16)29-13-15-4-7-17(27-2)8-5-15/h4-12,14,25H,13H2,1-3H3",26632,COc1ccc(COc2cc3OC(=O)c4cc(ccc4c3cc2OC)C(C)O)cc1,1
Input,BRD-K55816391,-0.20147709,InputSig,NA,NA,LINCSCP_48675,PC3,10uM,6h,prostate,NA,NA,QOVFPCHJGWGUIZ-XNSYCPOSSA-N,"InChI=1S/C26H25N3O/c1-30-25-8-3-2-6-22(25)15-29-16-23-26(24(17-29)28-23)20-11-9-19(10-12-20)21-7-4-5-18(13-21)14-27/h2-13,23-24,26,28H,15-17H2,1H3/t23-,24+,26-",27235,COc1ccccc1CN2C[C@@H]3N[C@H](C2)[C@H]3c4ccc(cc4)c5cccc(c5)C#N,NA
Input,Taranabant,-0.20147193,InputSig,NA,NA,LINCSCP_121153,HT29,1.11uM,24h,large intestine,Cannabinoid CB1 receptor inverse agonist,CNR1,QLYKJCMUNUWAGO-GAJHUEQPSA-N,"InChI=1S/C27H25ClF3N3O2/c1-17(34-25(35)26(2,3)36-24-12-9-21(16-33-24)27(29,30)31)23(14-18-7-10-22(28)11-8-18)20-6-4-5-19(13-20)15-32/h4-13,16-17,23H,14H2,1-3H3,(H,34,35)/t17-,23+/m0/s1",27003,C[C@H](NC(=O)C(C)(C)Oc1ccc(cn1)C(F)(F)F)[C@@H](Cc2ccc(Cl)cc2)c3cccc(c3)C#N,3
Input,IWP 2,-0.20146834,InputSig,NA,NA,LINCSCP_260184,NEU,10uM,6h,NA,WNT signaling inhibitor,NA,WRKPZSMRWPJJDH-UHFFFAOYSA-N,"InChI=1S/C22H18N4O2S3/c1-13-7-8-15-17(11-13)31-21(23-15)25-18(27)12-30-22-24-16-9-10-29-19(16)20(28)26(22)14-5-3-2-4-6-14/h2-8,11H,9-10,12H2,1H3,(H,23,25,27)",39957,Cc1ccc2nc(NC(=O)CSC3=NC4=C(SCC4)C(=O)N3c5ccccc5)sc2c1,NA
Input,VER 155008,-0.20143058,InputSig,NA,NA,LINCSCP_53687,SNU1040,10uM,6h,large intestine,HSP inhibitor,HSPA1A,ZXGGCBQORXDVTE-UMCMBGNQSA-N,"InChI=1S/C25H23Cl2N7O4/c26-16-6-5-15(7-17(16)27)9-30-25-33-19-22(29)31-12-32-23(19)34(25)24-21(36)20(35)18(38-24)11-37-10-14-3-1-13(8-28)2-4-14/h1-7,12,18,20-21,24,35-36H,9-11H2,(H,30,33)(H2,29,31,32)/t18-,20-,21-,24-/m1/s1",16523,Nc1ncnc2c1nc(NCc3ccc(Cl)c(Cl)c3)n2[C@@H]4O[C@H](COCc5ccc(cc5)C#N)[C@@H](O)[C@H]4O,NA
Input,Phenoxazine,-0.20141455,InputSig,NA,NA,LINCSCP_53341,SKMEL1,10uM,6h,skin,NA,NA,TZMSYXZUNZXBOL-UHFFFAOYSA-N,"InChI=1S/C12H9NO/c1-3-7-11-9(5-1)13-10-6-2-4-8-12(10)14-11/h1-8,13H",10234,N1c2ccccc2Oc3ccccc13,NA
Input,BRD-K34431359,-0.2014103,InputSig,NA,NA,LINCSCP_61873,VCAP,5uM,6h,prostate,NA,NA,QWCXAENNPFGWBU-FMKPAKJESA-N,"InChI=1S/C18H25N3O5/c22-12-16-14(20-18(24)15-3-1-2-6-19-15)5-4-13(26-16)11-17(23)21-7-9-25-10-8-21/h1-3,6,13-14,16,22H,4-5,7-12H2,(H,20,24)/t13-,14-,16+/m1/s1",2272,OC[C@@H]1O[C@@H](CC(=O)N2CCOCC2)CC[C@H]1NC(=O)c3ccccn3,NA
Input,Montelukast,-0.20134292,InputSig,NA,NA,LINCSCP_31818,MCF7,10uM,6h,breast,Leukotriene receptor antagonist,CYSLTR1,UCHDWCPVSPXUMX-TZIWLTJVSA-N,"InChI=1S/C35H36ClNO3S/c1-34(2,40)30-9-4-3-7-25(30)13-17-32(41-23-35(18-19-35)22-33(38)39)27-8-5-6-24(20-27)10-15-29-16-12-26-11-14-28(36)21-31(26)37-29/h3-12,14-16,20-21,32,40H,13,17-19,22-23H2,1-2H3,(H,38,39)/b15-10+/t32-/m1/s1",24526,CC(C)(O)c1ccccc1CC[C@@H](SCC2(CC(=O)O)CC2)c3cccc(\C=C\c4ccc5ccc(Cl)cc5n4)c3,4
Input,BAS 04938498,-0.20133976,InputSig,NA,NA,LINCSCP_240028,MCF7,10uM,6h,breast,NA,NA,DEKNTCSOHCZMAY-UHFFFAOYSA-N,"InChI=1S/C18H26N2O3/c1-14-7-9-19(10-8-14)13-20-11-16(23-18(20)21)12-22-17-6-4-3-5-15(17)2/h3-6,14,16H,7-13H2,1-2H3",184,CC1CCN(CN2CC(COc3ccccc3C)OC2=O)CC1,NA
Input,MLS001065891,-0.20130596,InputSig,NA,NA,LINCSCP_26030,HT29,10uM,6h,large intestine,NA,NA,NYHYQDXXVQAQGX-UHFFFAOYSA-N,"InChI=1S/C17H17NO6/c1-11(19)24-14-7-5-4-6-13(14)16(21)18-15-10-12(20)8-9-17(15,22-2)23-3/h4-10H,1-3H3,(H,18,21)",16012,COC1(OC)C=CC(=O)C=C1NC(=O)c2ccccc2OC(=O)C,NA
Input,Miconazole,-0.2012921,InputSig,NA,NA,LINCSCP_108417,HELA,0.12uM,24h,large intestine,Cytochrome P450 51 inhibitor,NA,BYBLEWFAAKGYCD-UHFFFAOYSA-N,"InChI=1S/C18H14Cl4N2O/c19-13-2-1-12(16(21)7-13)10-25-18(9-24-6-5-23-11-24)15-4-3-14(20)8-17(15)22/h1-8,11,18H,9-10H2",2545,Clc1ccc(COC(Cn2ccnc2)c3ccc(Cl)cc3Cl)c(Cl)c1,4
Input,MK-2461,-0.20125068,InputSig,NA,NA,LINCSCP_139619,MCF7,0.04uM,24h,breast,Hepatocyte growth factor receptor inhibitor,MET,JGEBLDKNWBUGRZ-HXUWFJFHSA-N,"InChI=1S/C24H25N5O5S/c1-28-13-18(12-26-28)17-9-22-23(25-11-17)6-4-16-3-5-19(10-21(16)24(22)30)27-35(31,32)29(2)14-20-15-33-7-8-34-20/h3-6,9-13,20,27H,7-8,14-15H2,1-2H3/t20-/m1/s1",26760,CN(C[C@@H]1COCCO1)S(=O)(=O)Nc2ccc3C=Cc4ncc(cc4C(=O)c3c2)c5cnn(C)c5,2
Input,BRD-K27732957,-0.20121893,InputSig,NA,NA,LINCSCP_65951,VCAP,1uM,24h,prostate,NA,NA,XTWZIVUPDNYJMX-ISCCLHIJSA-N,"InChI=1S/C29H31FN4O3/c1-20-16-34(21(2)19-35)29(36)26-13-24(7-6-22-5-4-12-31-14-22)15-32-28(26)37-27(20)18-33(3)17-23-8-10-25(30)11-9-23/h4-5,8-15,20-21,27,35H,16-19H2,1-3H3/t20-,21+,27-/m0/s1",9339,C[C@H](CO)N1C[C@H](C)[C@H](CN(C)Cc2ccc(F)cc2)Oc3ncc(cc3C1=O)C#Cc4cccnc4,NA
Input,SMR000217164,-0.20119984,InputSig,NA,NA,LINCSCP_2323,A375,10uM,6h,skin,NA,NA,CXTUMFRDQUSBHQ-UHFFFAOYSA-N,"InChI=1S/C16H24ClNO/c1-3-4-5-6-7-11-18(16(19)13-17)15-10-8-9-14(2)12-15/h8-10,12H,3-7,11,13H2,1-2H3",15476,CCCCCCCN(C(=O)CCl)c1cccc(C)c1,NA
Input,BRD-K88925856,-0.20117361,InputSig,NA,NA,LINCSCP_310693,VCAP,10uM,6h,prostate,NA,NA,VXDFRUAWHFSTRR-VHSZZVNMSA-N,"InChI=1S/C28H37N3O4S/c1-21-17-31(22(2)20-32)36(33,34)28-13-12-23(10-11-24-9-6-14-29-16-24)15-26(28)35-27(21)19-30(3)18-25-7-4-5-8-25/h6,9,12-16,21-22,25,27,32H,4-5,7-8,17-20H2,1-3H3/t21-,22+,27+/m1/s1",25632,C[C@@H](CO)N1C[C@@H](C)[C@H](CN(C)CC2CCCC2)Oc3cc(ccc3S1(=O)=O)C#Cc4cccnc4,NA
Input,MLS002264423,-0.20115829,InputSig,NA,NA,LINCSCP_31231,MCF7,10uM,6h,breast,NA,NA,MNZQMCZAJPXZMM-UHFFFAOYSA-N,"InChI=1S/C23H27N3O6/c1-23(2,3)32-22(30)24-14-18(27)25-26-20(28)19(17-12-8-5-9-13-17)21(29)31-15-16-10-6-4-7-11-16/h4-13,19H,14-15H2,1-3H3,(H,24,30)(H,25,27)(H,26,28)",15160,CC(C)(C)OC(=O)NCC(=O)NNC(=O)C(C(=O)OCc1ccccc1)c2ccccc2,NA
Input,BGT-226,-0.20109273,InputSig,NA,NA,LINCSCP_147666,NPC.CAS9,0.37uM,24h,NA,PI3-kinase class I inhibitor|Serine/threonine-protein kinase mTOR inhibitor,MTOR|PIK3CA|PIK3CB|PIK3CD|PIK3CG|PIK3R1|PIK3R2|PIK3R3|PIK3R5,BMMXYEBLEBULND-UHFFFAOYSA-N,"InChI=1S/C28H25F3N6O2/c1-35-24-16-33-22-6-3-17(18-4-8-25(39-2)34-15-18)13-20(22)26(24)37(27(35)38)19-5-7-23(21(14-19)28(29,30)31)36-11-9-32-10-12-36/h3-8,13-16,32H,9-12H2,1-2H3",36775,COc1ccc(cn1)c2ccc3ncc4N(C)C(=O)N(c5ccc(N6CCNCC6)c(c5)C(F)(F)F)c4c3c2,2
Input,BRD-K20197338,-0.20105348,InputSig,NA,NA,LINCSCP_34885,MCF7,5uM,24h,breast,NA,NA,LOPBZILAZMWERO-ZSLRCHCDSA-N,"InChI=1S/C30H34N2O6S/c1-21-6-5-9-27(16-21)39(35,36)32-18-25(33)19-37-20-29-28(32)15-14-26(38-29)17-30(34)31-24-12-10-23(11-13-24)22-7-3-2-4-8-22/h2-13,16,25-26,28-29,33H,14-15,17-20H2,1H3,(H,31,34)/t25-,26-,28-,29+/m0/s1",23979,Cc1cccc(c1)S(=O)(=O)N2C[C@H](O)COC[C@H]3O[C@H](CC(=O)Nc4ccc(cc4)c5ccccc5)CC[C@H]23,NA
Input,NMS-1286937,-0.20101312,InputSig,NA,NA,LINCSCP_173665,YAPC,1.11uM,24h,pancreas,NA,NA,QHLVBNKYJGBCQJ-UHFFFAOYSA-N,"InChI=1S/C24H27F3N8O3/c1-33-6-8-34(9-7-33)15-3-5-18(38-24(25,26)27)17(12-15)30-23-29-13-14-2-4-16-20(22(28)37)32-35(10-11-36)21(16)19(14)31-23/h3,5,12-13,36H,2,4,6-11H2,1H3,(H2,28,37)(H,29,30,31)",27018,CN1CCN(CC1)c2ccc(OC(F)(F)F)c(Nc3ncc4CCc5c(nn(CCO)c5c4n3)C(=O)N)c2,NA
Input,AKT Inhibitor IV,-0.20097842,InputSig,NA,NA,LINCSCP_952,A375,10uM,6h,skin,AKT inhibitor,AKT1,OTHITMYLBRCVIT-UHFFFAOYSA-N,"InChI=1S/C31H27N4S/c1-3-34-28-22-23(31-32-26-16-10-11-17-29(26)36-31)18-19-27(28)35(25-14-8-5-9-15-25)30(34)20-21-33(2)24-12-6-4-7-13-24/h4-22H,3H2,1-2H3/q+1",37956,CC[n+]1c(\C=C\N(C)c2ccccc2)n(c3ccccc3)c4ccc(cc14)c5nc6ccccc6s5,NA
Input,BRD-K33761091,-0.20090903,InputSig,NA,NA,LINCSCP_62088,VCAP,5uM,6h,prostate,NA,NA,NKPFHNDONDWVBL-IPMKNSEASA-N,"InChI=1S/C20H30N6O3/c1-25(2)12-16-13-26(24-23-16)9-7-17-5-6-18(19(14-27)29-17)22-20(28)10-15-4-3-8-21-11-15/h3-4,8,11,13,17-19,27H,5-7,9-10,12,14H2,1-2H3,(H,22,28)/t17-,18+,19+/m0/s1",24393,CN(C)Cc1cn(CC[C@@H]2CC[C@@H](NC(=O)Cc3cccnc3)[C@@H](CO)O2)nn1,NA
Input,Bimatoprost,-0.20090602,InputSig,NA,NA,LINCSCP_124964,HT29,0.12uM,24h,large intestine,NA,NA,AQOKCDNYWBIDND-GCYMYIANSA-N,"InChI=1S/C25H37NO4/c1-2-26-25(30)13-9-4-3-8-12-21-22(24(29)18-23(21)28)17-16-20(27)15-14-19-10-6-5-7-11-19/h3,5-8,10-11,16-17,20-24,27-29H,2,4,9,12-15,18H2,1H3,(H,26,30)/b8-3-,17-16+/t20?,21-,22-,23+,24-/m1/s1",27026,CCNC(=O)CCC\C=C/C[C@H]1[C@@H](O)C[C@@H](O)[C@@H]1\C=C\C(O)CCc2ccccc2,NA
Input,BRD-K20332840,-0.20086711,InputSig,NA,NA,LINCSCP_62721,VCAP,5uM,6h,prostate,NA,NA,QUFPSNAFNYGAMM-HFFYFMGZSA-N,"InChI=1S/C29H27ClF3N3O5/c30-18-5-1-16(2-6-18)14-34-26(38)13-21-12-23-22-11-20(9-10-24(22)41-27(23)25(15-37)40-21)36-28(39)35-19-7-3-17(4-8-19)29(31,32)33/h1-11,21,23,25,27,37H,12-15H2,(H,34,38)(H2,35,36,39)/t21-,23+,25-,27-/m0/s1",2346,OC[C@@H]1O[C@H](CC(=O)NCc2ccc(Cl)cc2)C[C@H]3[C@@H]1Oc4ccc(NC(=O)Nc5ccc(cc5)C(F)(F)F)cc34,NA
Input,BRD-K35193027,-0.20082977,InputSig,NA,NA,LINCSCP_63282,VCAP,5uM,6h,prostate,NA,NA,RXPZKEATMSRBBD-XKGZKEIXSA-N,"InChI=1S/C23H26N2O7S/c1-14-5-3-4-6-21(14)33(29,30)24-15-7-10-19-17(11-15)23(28)25(2)18-9-8-16(12-22(26)27)32-20(18)13-31-19/h3-7,10-11,16,18,20,24H,8-9,12-13H2,1-2H3,(H,26,27)/t16-,18-,20+/m0/s1",24437,CN1[C@H]2CC[C@@H](CC(=O)O)O[C@@H]2COc3ccc(NS(=O)(=O)c4ccccc4C)cc3C1=O,NA
Input,BRD-K85976669,-0.2008209,InputSig,NA,NA,LINCSCP_63117,VCAP,5uM,24h,prostate,NA,NA,FOQJOAXBJHEYGA-TUNNFDKTSA-N,"InChI=1S/C22H26N2O3/c1-27-15-21(26)24-19(13-23)22(20(24)14-25)18-11-9-17(10-12-18)8-4-7-16-5-2-3-6-16/h9-12,16,19-20,22,25H,2-3,5-7,14-15H2,1H3/t19-,20+,22+/m0/s1",1800,COCC(=O)N1[C@H](CO)[C@@H]([C@@H]1C#N)c2ccc(cc2)C#CCC3CCCC3,NA
Input,Indirubin-3'monoxime,-0.2008194,InputSig,NA,NA,LINCSCP_25369,HT29,10uM,6h,large intestine,CDK inhibitor|Glycogen synthase kinase inhibitor,CDK1|CDK5|GSK3A,HBDSHCUSXQATPO-UHFFFAOYSA-N,"InChI=1S/C16H11N3O2/c20-16-13(9-5-1-3-7-11(9)18-16)15-14(19-21)10-6-2-4-8-12(10)17-15/h1-8,17,21H,(H,18,20)",22606,Oc1[nH]c2ccccc2c1c3[nH]c4ccccc4c3N=O,NA
Input,BRD-K94544211,-0.20081114,InputSig,NA,NA,LINCSCP_65373,VCAP,10uM,24h,prostate,NA,NA,VYCOOHAMPRTWAW-YFGINYGOSA-N,"InChI=1S/C43H53N5O5/c1-30-26-48(31(2)29-49)43(52)25-35-24-36(45-41(50)16-8-5-9-17-42(51)46-38-15-11-10-14-37(38)44)22-23-39(35)53-40(30)28-47(3)27-32-18-20-34(21-19-32)33-12-6-4-7-13-33/h4,6-7,10-15,18-24,30-31,40,49H,5,8-9,16-17,25-29,44H2,1-3H3,(H,45,50)(H,46,51)/t30-,31-,40+/m0/s1",13989,C[C@@H](CO)N1C[C@H](C)[C@@H](CN(C)Cc2ccc(cc2)c3ccccc3)Oc4ccc(NC(=O)CCCCCC(=O)Nc5ccccc5N)cc4CC1=O,NA
Input,UNC1215,-0.20077616,InputSig,NA,NA,LINCSCP_133729,MCF7,1.11uM,24h,breast,NA,NA,PQOOIERVZAXHBP-UHFFFAOYSA-N,"InChI=1S/C32H43N5O2/c38-31(36-20-12-27(13-21-36)34-16-4-5-17-34)25-10-11-29(30(24-25)33-26-8-2-1-3-9-26)32(39)37-22-14-28(15-23-37)35-18-6-7-19-35/h1-3,8-11,24,27-28,33H,4-7,12-23H2",34336,O=C(N1CCC(CC1)N2CCCC2)c3ccc(C(=O)N4CCC(CC4)N5CCCC5)c(Nc6ccccc6)c3,NA
Input,6B-Hydroxy-3-tropinone,-0.20076355,InputSig,NA,NA,LINCSCP_193055,A549,10uM,24h,lung,NA,NA,UOHSTKWPZWFYTF-TVZMIPGPSA-N,"InChI=1S/C8H13NO2/c1-9-5-2-6(10)4-7(9)8(11)3-5/h5,7-8,11H,2-4H2,1H3/t5?,7?,8-/m1/s1",22214,CN1C2C[C@@H](O)C1CC(=O)C2,NA
Input,BRD-K71328603,-0.20074948,InputSig,NA,NA,LINCSCP_310419,VCAP,10uM,24h,prostate,NA,NA,JYSCHNUNWNBHFC-MCEYFSPLSA-N,"InChI=1S/C27H37N3O4S/c1-21-17-30(22(2)20-31)35(32,33)27-14-13-23(12-9-15-28(3)4)16-25(27)34-26(21)19-29(5)18-24-10-7-6-8-11-24/h6-8,10-11,13-14,16,21-22,26,31H,15,17-20H2,1-5H3/t21-,22-,26-/m0/s1",33491,C[C@@H](CO)N1C[C@H](C)[C@H](CN(C)Cc2ccccc2)Oc3cc(ccc3S1(=O)=O)C#CCN(C)C,NA
Input,Mocetinostat,-0.20072411,InputSig,NA,NA,LINCSCP_112442,HEPG2,0.04uM,24h,liver,HDAC inhibitor,HDAC1|HDAC11|HDAC2|HDAC3|HDAC8,HRNLUBSXIHFDHP-UHFFFAOYSA-N,"InChI=1S/C23H20N6O/c24-19-5-1-2-6-21(19)28-22(30)17-9-7-16(8-10-17)14-27-23-26-13-11-20(29-23)18-4-3-12-25-15-18/h1-13,15H,14,24H2,(H,28,30)(H,26,27,29)",16307,Nc1ccccc1NC(=O)c2ccc(CNc3nccc(n3)c4cccnc4)cc2,2
Input,BRD-K12683703,-0.2007109,InputSig,NA,NA,LINCSCP_186515,A375,10uM,24h,skin,NA,NA,DHFYMYKOVLGPGL-PBDKAQRYSA-N,"InChI=1S/C31H42N4O6/c1-20-16-35(21(2)19-36)29(37)25-10-7-11-26(33-31(40)32-24-8-5-4-6-9-24)28(25)41-27(20)18-34(3)17-22-12-14-23(15-13-22)30(38)39/h7,10-15,20-21,24,27,36H,4-6,8-9,16-19H2,1-3H3,(H,38,39)(H2,32,33,40)/t20-,21+,27-/m1/s1",31997,C[C@@H](CO)N1C[C@@H](C)[C@@H](CN(C)Cc2ccc(cc2)C(=O)O)Oc3c(NC(=O)NC4CCCCC4)cccc3C1=O,NA
Input,ST042677,-0.20065801,InputSig,NA,NA,LINCSCP_31732,MCF7,10uM,6h,breast,NA,NA,IVYWSOWWXLXCLS-UHFFFAOYSA-N,"InChI=1S/C16H16N2O3/c1-11(19)17-13-4-3-5-14(10-13)18-16(20)12-6-8-15(21-2)9-7-12/h3-10H,1-2H3,(H,17,19)(H,18,20)",15810,COc1ccc(cc1)C(=O)Nc2cccc(NC(=O)C)c2,NA
Input,BRD-K20931972,-0.20065761,InputSig,NA,NA,LINCSCP_60521,VCAP,5uM,24h,prostate,NA,NA,QOPMKJNNAFOQDN-LLGFUMIMSA-N,"InChI=1S/C24H33F3N6O4/c1-16-11-33(17(2)14-34)22(35)8-5-9-32-12-20(29-30-32)15-37-21(16)13-31(3)23(36)28-19-7-4-6-18(10-19)24(25,26)27/h4,6-7,10,12,16-17,21,34H,5,8-9,11,13-15H2,1-3H3,(H,28,36)/t16-,17+,21-/m1/s1",22525,C[C@@H](CO)N1C[C@@H](C)[C@@H](CN(C)C(=O)Nc2cccc(c2)C(F)(F)F)OCc3cn(CCCC1=O)nn3,NA
Input,BRD-K08663380,-0.20057529,InputSig,NA,NA,LINCSCP_66078,VCAP,3uM,24h,prostate,NA,NA,YEVZUBCSLLXCKN-FSZSIQPOSA-N,"InChI=1S/C35H44N4O4S/c1-35(2,3)44(43)39-22-27-21-29(33(41)36-28-15-7-6-8-16-28)37-32(31(27)30(39)17-18-40)25-13-9-11-23(19-25)24-12-10-14-26(20-24)34(42)38(4)5/h9-14,19-21,28,30,40H,6-8,15-18,22H2,1-5H3,(H,36,41)/t30-,44-/m1/s1",1515,CN(C)C(=O)c1cccc(c1)c2cccc(c2)c3nc(cc4CN([C@H](CCO)c34)[S@](=O)C(C)(C)C)C(=O)NC5CCCCC5,NA
Input,Clemizole,-0.20053628,InputSig,NA,NA,LINCSCP_92982,HA1E,0.12uM,24h,kidney epithelial,HCV inhibitor,NA,CJXAEXPPLWQRFR-UHFFFAOYSA-N,"InChI=1S/C19H20ClN3/c20-16-9-7-15(8-10-16)13-23-18-6-2-1-5-17(18)21-19(23)14-22-11-3-4-12-22/h1-2,5-10H,3-4,11-14H2",16274,Clc1ccc(Cn2c(CN3CCCC3)nc4ccccc24)cc1,1
Input,6-Aminoindazole,-0.20050172,InputSig,NA,NA,LINCSCP_46015,PC3,10uM,6h,prostate,Ionophore,NA,KEJFADGISRFLFO-UHFFFAOYSA-N,"InChI=1S/C7H7N3/c8-6-2-1-5-4-9-10-7(5)3-6/h1-4H,8H2,(H,9,10)",29893,Nc1ccc2c[nH]nc2c1,NA
Input,BRD-K87865140,-0.20043697,InputSig,NA,NA,LINCSCP_63416,VCAP,5uM,24h,prostate,NA,NA,ADKYEMYUARXISC-YIOBJHAYSA-N,"InChI=1S/C31H40N4O7/c1-34-26-9-8-24(19-29(36)32-11-4-12-35-13-15-40-16-14-35)42-28(26)20-41-27-10-7-22(18-25(27)31(34)38)33-30(37)21-5-3-6-23(17-21)39-2/h3,5-7,10,17-18,24,26,28H,4,8-9,11-16,19-20H2,1-2H3,(H,32,36)(H,33,37)/t24-,26+,28-/m0/s1",8596,COc1cccc(c1)C(=O)Nc2ccc3OC[C@@H]4O[C@H](CC(=O)NCCCN5CCOCC5)CC[C@H]4N(C)C(=O)c3c2,NA
Input,CHEMBL2355053,-0.20041431,InputSig,NA,NA,LINCSCP_60233,VCAP,5uM,24h,prostate,NA,NA,KSASPYMRGHUFQD-SEXOINJZSA-N,"InChI=1S/C29H33FN2O6S/c1-19-15-32(20(2)18-33)39(36,37)28-13-10-22(21-8-11-24(30)12-9-21)14-26(28)38-27(19)17-31(3)16-23-6-4-5-7-25(23)29(34)35/h4-14,19-20,27,33H,15-18H2,1-3H3,(H,34,35)/t19-,20-,27-/m1/s1",37070,C[C@H](CO)N1C[C@@H](C)[C@@H](CN(C)Cc2ccccc2C(=O)O)Oc3cc(ccc3S1(=O)=O)c4ccc(F)cc4,NA
Input,BRD-K63757709,-0.20040666,InputSig,NA,NA,LINCSCP_60118,VCAP,5uM,6h,prostate,NA,NA,UEIRNIQKIBOUIF-RLSLOFABSA-N,"InChI=1S/C26H35N3O4S/c1-19-15-29(20(2)18-30)34(31,32)26-12-11-22(21-8-4-5-9-21)14-24(26)33-25(19)17-28(3)16-23-10-6-7-13-27-23/h6-8,10-14,19-20,25,30H,4-5,9,15-18H2,1-3H3/t19-,20-,25-/m0/s1",821,C[C@@H](CO)N1C[C@H](C)[C@H](CN(C)Cc2ccccn2)Oc3cc(ccc3S1(=O)=O)C4=CCCC4,NA
Input,TH02453-036-P1,-0.20037984,InputSig,NA,NA,LINCSCP_295155,VCAP,10uM,6h,prostate,NA,NA,PUQVAXDZGUENDK-BEVDRBHNSA-N,"InChI=1S/C23H31N5O3/c1-14(2)20(27-21(29)15(3)24-4)23(31)28-13-7-11-19(28)22(30)26-18-10-5-9-17-16(18)8-6-12-25-17/h5-6,8-10,12,14-15,19-20,24H,7,11,13H2,1-4H3,(H,26,30)(H,27,29)/t15-,19+,20-/m0/s1",1726,CN[C@@H](C)C(=O)N[C@@H](C(C)C)C(=O)N1CCC[C@@H]1C(=O)Nc2cccc3ncccc23,NA
Input,Levocetirizine,-0.20035549,InputSig,NA,NA,LINCSCP_135913,MCF7,0.04uM,24h,breast,Histamine receptor antagonist,HRH1,ZKLPARSLTMPFCP-OAQYLSRUSA-N,"InChI=1S/C21H25ClN2O3/c22-19-8-6-18(7-9-19)21(17-4-2-1-3-5-17)24-12-10-23(11-13-24)14-15-27-16-20(25)26/h1-9,21H,10-16H2,(H,25,26)/t21-/m1/s1",36444,OC(=O)COCCN1CCN(CC1)[C@H](c2ccccc2)c3ccc(Cl)cc3,4
Input,CHEMBL2142524,-0.20028497,InputSig,NA,NA,LINCSCP_65582,VCAP,10uM,24h,prostate,NA,NA,GJYWPGQZJRIMRE-TVMHKENRSA-N,"InChI=1S/C37H55N5O5/c1-26-22-42(27(2)25-43)37(46)21-29-20-30(18-19-33(29)47-34(26)24-41(3)23-28-12-6-4-7-13-28)39-35(44)16-8-5-9-17-36(45)40-32-15-11-10-14-31(32)38/h10-11,14-15,18-20,26-28,34,43H,4-9,12-13,16-17,21-25,38H2,1-3H3,(H,39,44)(H,40,45)/t26-,27-,34-/m1/s1",40008,C[C@H](CO)N1C[C@@H](C)[C@@H](CN(C)CC2CCCCC2)Oc3ccc(NC(=O)CCCCCC(=O)Nc4ccccc4N)cc3CC1=O,NA
Input,BML 210,-0.20026074,InputSig,NA,NA,LINCSCP_41503,NEU,10uM,6h,NA,HDAC inhibitor,NA,RFLHBLWLFUFFDZ-UHFFFAOYSA-N,"InChI=1S/C20H25N3O2/c21-17-12-8-9-13-18(17)23-20(25)15-7-2-1-6-14-19(24)22-16-10-4-3-5-11-16/h3-5,8-13H,1-2,6-7,14-15,21H2,(H,22,24)(H,23,25)",39916,Nc1ccccc1NC(=O)CCCCCCC(=O)Nc2ccccc2,NA
Input,Isosorbide Mononitrate,-0.20019357,InputSig,NA,NA,LINCSCP_141804,MCF7,3.33uM,24h,breast,Nitric oxide stimulant,GUCY1A2|GUCY1A3|GUCY1B3,YWXYYJSYQOXTPL-SLPGGIOYSA-N,"InChI=1S/C6H9NO6/c8-3-1-11-6-4(13-7(9)10)2-12-5(3)6/h3-6,8H,1-2H2/t3-,4+,5+,6+/m0/s1",36572,O[C@H]1CO[C@@H]2[C@@H](CO[C@H]12)O[N+](=O)[O-],4
Input,MLS002276500,-0.20008724,InputSig,NA,NA,LINCSCP_57993,VCAP,10uM,24h,prostate,NA,NA,YGMUMZXCMHTBPH-UHFFFAOYSA-N,"InChI=1S/C22H16ClN3O2/c23-18-4-2-1-3-16(18)15-6-7-19-17(10-15)22(26-12-25-19)24-11-14-5-8-20-21(9-14)28-13-27-20/h1-10,12H,11,13H2,(H,24,25,26)",16013,Clc1ccccc1c2ccc3ncnc(NCc4ccc5OCOc5c4)c3c2,NA
Input,CHEMBL3182405,-0.2000626,InputSig,NA,NA,LINCSCP_20986,HCC515,0.37uM,24h,lung,NA,NA,TXJZRSRTYPUYRW-GHTZIAJQSA-N,"InChI=1S/C23H21ClN2O5/c1-30-22(28)14-9-7-13(8-10-14)21-20-16(15-5-3-4-6-17(15)25-20)11-18(23(29)31-2)26(21)19(27)12-24/h3-10,18,21,25H,11-12H2,1-2H3/t18-,21+/m0/s1",16196,COC(=O)[C@@H]1Cc2c([nH]c3ccccc23)[C@H](N1C(=O)CCl)c4ccc(cc4)C(=O)OC,NA
Input,10-Methylphenothiazin-3-amine,-0.20004728,InputSig,NA,NA,LINCSCP_291844,VCAP,10uM,24h,prostate,NA,NA,HFXCUJLZEIBVQQ-UHFFFAOYSA-N,"InChI=1S/C13H12N2S/c1-15-10-4-2-3-5-12(10)16-13-8-9(14)6-7-11(13)15/h2-8H,14H2,1H3",35591,CN1c2ccccc2Sc3cc(N)ccc13,NA
Input,CHEMBL3184446,-0.20004335,InputSig,NA,NA,LINCSCP_57629,VCAP,10uM,6h,prostate,NA,NA,IPWRYXQFSNKXFQ-UHFFFAOYSA-N,"InChI=1S/C20H25NO3/c1-3-23-18-11-10-17(14-19(18)24-4-2)12-13-21-20(22)15-16-8-6-5-7-9-16/h5-11,14H,3-4,12-13,15H2,1-2H3,(H,21,22)",35542,CCOc1ccc(CCNC(=O)Cc2ccccc2)cc1OCC,NA
