Source,Target,Similarity,SourceSignature,SourceCellLine,SourceTime,TargetSignature,TargetCellLine,TargetConcentration,TargetTime,tissue,integratedMoas,GeneTargets,canonical_inchi_key,canonical_inchi,perturbagen_id,canonical_smiles,max_fda_phase
Input,10-{3-[4-(2-Chloroethyl)piperazin-1-yl]propyl}-2-(trifluoromethyl)-10H-phenothiazine,0.40121521,InputSig,NA,NA,LINCSCP_14576,HA1E,10uM,6h,kidney epithelial,Dopamine receptor antagonist,DRD1|DRD2,WHVNGICQKYBDDP-UHFFFAOYSA-N,"InChI=1S/C22H25ClF3N3S/c23-8-11-28-14-12-27(13-15-28)9-3-10-29-18-4-1-2-5-20(18)30-21-7-6-17(16-19(21)29)22(24,25)26/h1-2,4-7,16H,3,8-15H2",35845,FC(F)(F)c1ccc2Sc3ccccc3N(CCCN4CCN(CCCl)CC4)c2c1,NA
Input,BRD-K67454499,0.39473706,InputSig,NA,NA,LINCSCP_48335,PC3,5uM,24h,prostate,NA,NA,KDYLLPKCSGYBGM-QNWVGRARSA-N,"InChI=1S/C24H30N2O4/c1-30-13-5-6-17-9-11-18(12-10-17)23-20-14-25(15-22(28)26(20)21(23)16-27)24(29)19-7-3-2-4-8-19/h9-12,19-21,23,27H,2-4,7-8,13-16H2,1H3/t20-,21-,23+/m0/s1",33401,COCC#Cc1ccc(cc1)[C@H]2[C@H](CO)N3[C@H]2CN(CC3=O)C(=O)C4CCCCC4,NA
Input,BRD-A96746500,0.37721057,InputSig,NA,NA,LINCSCP_106053,HELA,10uM,24h,large intestine,NA,NA,NA,NA,NA,NA,NA
Input,Nisoxetine,0.36756137,InputSig,NA,NA,LINCSCP_99187,HA1E,10uM,24h,kidney epithelial,Norepinephrine reuptake inhibitor,SLC6A2,ITJNARMNRKSWTA-UHFFFAOYSA-N,"InChI=1S/C17H21NO2/c1-18-13-12-15(14-8-4-3-5-9-14)20-17-11-7-6-10-16(17)19-2/h3-11,15,18H,12-13H2,1-2H3",9189,CNCCC(Oc1ccccc1OC)c2ccccc2,NA
Input,VU0415011,0.36463414,InputSig,NA,NA,LINCSCP_5344,A549,10uM,6h,lung,NA,NA,BVVPCKYEPGZFQE-UHFFFAOYSA-N,"InChI=1S/C20H24N6O5S2/c1-25(2)32(27,28)13-5-7-15-17(9-13)23-19(21-15)11-31-12-20-22-16-8-6-14(10-18(16)24-20)33(29,30)26(3)4/h5-10H,11-12H2,1-4H3,(H,21,23)(H,22,24)",1339,CN(C)S(=O)(=O)c1ccc2[nH]c(COCc3nc4cc(ccc4[nH]3)S(=O)(=O)N(C)C)nc2c1,NA
Input,Venlafaxine,0.3639902,InputSig,NA,NA,LINCSCP_226593,HT29,10uM,6h,large intestine,Adrenergic inhibitor|Norepinephrine reuptake inhibitor|Serotonin reuptake inhibitor,SLC6A2|SLC6A4,PNVNVHUZROJLTJ-UHFFFAOYSA-N,"InChI=1S/C17H27NO2/c1-18(2)13-16(17(19)11-5-4-6-12-17)14-7-9-15(20-3)10-8-14/h7-10,16,19H,4-6,11-13H2,1-3H3",15259,COc1ccc(cc1)C(CN(C)C)C2(O)CCCCC2,4
Input,TPCA-1,0.3615027,InputSig,NA,NA,LINCSCP_88275,HA1E,1.11uM,24h,kidney epithelial,IKK inhibitor,IKBKB,SAYGKHKXGCPTLX-UHFFFAOYSA-N,"InChI=1S/C12H10FN3O2S/c13-7-3-1-6(2-4-7)9-5-8(10(14)17)11(19-9)16-12(15)18/h1-5H,(H2,14,17)(H3,15,16,18)",37816,NC(=O)Nc1sc(cc1C(=O)N)c2ccc(F)cc2,NA
Input,BRD-K86336638,0.3611595,InputSig,NA,NA,LINCSCP_23524,HEPG2,3uM,24h,liver,NA,NA,DRCDGYYITPZHEH-OCUZPWFOSA-N,"InChI=1S/C35H35N3O5S/c1-38-30-15-14-27(19-33(39)36-21-23-9-11-25(12-10-23)24-6-3-2-4-7-24)43-32(30)22-42-31-16-13-26(18-29(31)35(38)41)37-34(40)20-28-8-5-17-44-28/h2-13,16-18,27,30,32H,14-15,19-22H2,1H3,(H,36,39)(H,37,40)/t27-,30-,32+/m0/s1",324,CN1[C@H]2CC[C@@H](CC(=O)NCc3ccc(cc3)c4ccccc4)O[C@@H]2COc5ccc(NC(=O)Cc6cccs6)cc5C1=O,NA
Input,BRD-K70012251,0.36022215,InputSig,NA,NA,LINCSCP_61367,VCAP,5uM,6h,prostate,NA,NA,LPOPNFSKLDAMKV-MRUHUIDDSA-N,"InChI=1S/C24H34F3N3O4/c1-15-12-30(10-9-24(25,26)27)16(2)14-34-20-8-7-18(28-22(31)17-5-6-17)11-19(20)23(32)29(3)13-21(15)33-4/h7-8,11,15-17,21H,5-6,9-10,12-14H2,1-4H3,(H,28,31)/t15-,16+,21-/m0/s1",2475,CO[C@H]1CN(C)C(=O)c2cc(NC(=O)C3CC3)ccc2OC[C@@H](C)N(CCC(F)(F)F)C[C@@H]1C,NA
Input,Dovitinib,0.3568369,InputSig,NA,NA,LINCSCP_51910,SKBR3,0.1uM,24h,breast,EGFR inhibitor|FGFR inhibitor|FLT3 inhibitor|PDGFR tyrosine kinase receptor inhibitor|VEGFR inhibitor,EGFR|FGFR1|FGFR2|FGFR3|FLT1|FLT3|FLT4|KDR|KIT|PDGFRA|PDGFRB,PIQCTGMSNWUMAF-UHFFFAOYSA-N,"InChI=1S/C21H21FN6O/c1-27-7-9-28(10-8-27)12-5-6-14-16(11-12)25-20(24-14)18-19(23)17-13(22)3-2-4-15(17)26-21(18)29/h2-6,11H,7-10H2,1H3,(H,24,25)(H3,23,26,29)",37808,CN1CCN(CC1)c2ccc3nc([nH]c3c2)C4=C(N)c5c(F)cccc5NC4=O,3
Input,Acebutolol,0.35628091,InputSig,NA,NA,LINCSCP_16925,HA1E,10uM,6h,kidney epithelial,Adrenergic receptor antagonist,ADRB1,GOEMGAFJFRBGGG-UHFFFAOYSA-N,"InChI=1S/C18H28N2O4/c1-5-6-18(23)20-14-7-8-17(16(9-14)13(4)21)24-11-15(22)10-19-12(2)3/h7-9,12,15,19,22H,5-6,10-11H2,1-4H3,(H,20,23)",16132,CCCC(=O)Nc1ccc(OCC(O)CNC(C)C)c(c1)C(=O)C,4
Input,CID 78435479,0.3542443,InputSig,NA,NA,LINCSCP_16096,HA1E,10uM,6h,kidney epithelial,Calcium channel blocker,CACNA1C|CACNA1D|CACNA1F|CACNA1S|NR3C2,BAARDDGSQHXDDB-UHFFFAOYSA-N,"InChI=1S/C21H26N2O7/c1-12(2)30-21(25)18-14(4)22-13(3)17(20(24)29-10-9-28-5)19(18)15-7-6-8-16(11-15)23(26)27/h6-8,11-12,17,19H,9-10H2,1-5H3",278,COCCOC(=O)C1C(C(=C(C)N=C1C)C(=O)OC(C)C)c2cccc(c2)[N+](=O)[O-],NA
Input,BRD-K85236313,0.35090436,InputSig,NA,NA,LINCSCP_48404,PC3,5uM,24h,prostate,NA,NA,NQEZVMQIEYGDLX-XMMPIXPASA-N,"InChI=1S/C28H35N3O4/c1-19(33)31-18-28(11-13-30(14-12-28)16-20-7-5-6-8-25(20)35-4)26-22-10-9-21(34-3)15-23(22)29(2)27(26)24(31)17-32/h5-10,15,24,32H,11-14,16-18H2,1-4H3/t24-/m1/s1",33888,COc1ccc2c3c([C@@H](CO)N(CC34CCN(Cc5ccccc5OC)CC4)C(=O)C)n(C)c2c1,NA
Input,Rabusertib,0.34950632,InputSig,NA,NA,LINCSCP_117561,HT29,0.12uM,24h,large intestine,Serine/threonine-protein kinase Chk1  inhibitor,CHEK1,SYYBDNPGDKKJDU-ZDUSSCGKSA-N,"InChI=1S/C18H22BrN5O3/c1-11-5-16(27-10-13-8-20-3-4-26-13)15(6-14(11)19)23-18(25)24-17-9-21-12(2)7-22-17/h5-7,9,13,20H,3-4,8,10H2,1-2H3,(H2,22,23,24,25)/t13-/m0/s1",39887,Cc1cnc(NC(=O)Nc2cc(Br)c(C)cc2OC[C@@H]3CNCCO3)cn1,2
Input,Diltiazem,0.34934554,InputSig,NA,NA,LINCSCP_16953,HA1E,10uM,6h,kidney epithelial,Voltage-gated L-type calcium channel blocker,CACNA1C|CACNA1D|CACNA1F|CACNA1S,HSUGRBWQSSZJOP-RTWAWAEBSA-N,"InChI=1S/C22H26N2O4S/c1-15(25)28-20-21(16-9-11-17(27-4)12-10-16)29-19-8-6-5-7-18(19)24(22(20)26)14-13-23(2)3/h5-12,20-21H,13-14H2,1-4H3/t20-,21+/m1/s1",35617,COc1ccc(cc1)[C@@H]2Sc3ccccc3N(CCN(C)C)C(=O)[C@@H]2OC(=O)C,4
Input,Amuvatinib,0.33932345,InputSig,NA,NA,LINCSCP_116862,HT29,3.33uM,24h,large intestine,FLT3 inhibitor|KIT inhibitor|PDGFR tyrosine kinase receptor inhibitor|RAD51 inhibitor|RET tyrosine kinase inhibitor,FLT3|KIT|MET|PDGFRA,FOFDIMHVKGYHRU-UHFFFAOYSA-N,"InChI=1S/C23H21N5O3S/c32-23(24-12-15-5-6-18-19(11-15)30-14-29-18)28-9-7-27(8-10-28)22-21-20(25-13-26-22)16-3-1-2-4-17(16)31-21/h1-6,11,13H,7-10,12,14H2,(H,24,32)",17514,S=C(NCc1ccc2OCOc2c1)N3CCN(CC3)c4ncnc5c4oc6ccccc56,2
Input,Olaparib,0.3380357,InputSig,NA,NA,LINCSCP_84446,ASC,10uM,24h,adipose,PARP inhibitor,PARP1|PARP2|PARP3,FDLYAMZZIXQODN-UHFFFAOYSA-N,"InChI=1S/C24H23FN4O3/c25-20-8-5-15(14-21-17-3-1-2-4-18(17)22(30)27-26-21)13-19(20)24(32)29-11-9-28(10-12-29)23(31)16-6-7-16/h1-5,8,13,16H,6-7,9-12,14H2,(H,27,30)",37827,Fc1ccc(CC2=NNC(=O)c3ccccc23)cc1C(=O)N4CCN(CC4)C(=O)C5CC5,4
Input,BRD-K29639729,0.33659516,InputSig,NA,NA,LINCSCP_59750,VCAP,5uM,6h,prostate,NA,NA,FBDVMTHRQHSDLA-TYPXCFOJSA-N,"InChI=1S/C31H41F3N4O5/c1-21-17-38(22(2)20-39)30(41)26-16-25(35-29(40)10-11-37-12-14-42-15-13-37)8-9-27(26)43-28(21)19-36(3)18-23-4-6-24(7-5-23)31(32,33)34/h4-9,16,21-22,28,39H,10-15,17-20H2,1-3H3,(H,35,40)/t21-,22+,28-/m0/s1",32449,C[C@H](CO)N1C[C@H](C)[C@H](CN(C)Cc2ccc(cc2)C(F)(F)F)Oc3ccc(NC(=O)CCN4CCOCC4)cc3C1=O,NA
Input,MEGXP0_000816,0.33590783,InputSig,NA,NA,LINCSCP_23330,HEPG2,3uM,24h,liver,NA,NA,IEJFXRHTMBOACN-SNJXGYFGSA-N,"InChI=1S/C48H76O20/c1-43(2)13-15-48(16-14-45(4)21(22(48)17-43)7-8-26-44(3)11-10-28(51)47(6,41(60)61)27(44)9-12-46(26,45)5)42(62)68-40-36(59)37(67-39-35(58)33(56)30(53)24(19-50)65-39)31(54)25(66-40)20-63-38-34(57)32(55)29(52)23(18-49)64-38/h7,22-40,49-59H,8-20H2,1-6H3,(H,60,61)/t22?,23-,24-,25-,26?,27?,28+,29-,30-,31-,32+,33+,34-,35-,36-,37+,38-,39+,40+,44-,45-,46-,47+,48+/m1/s1",31578,CC1(C)CC[C@@]2(CC[C@]3(C)C(=CCC4[C@@]5(C)CC[C@H](O)[C@](C)(C5CC[C@@]34C)C(=O)O)C2C1)C(=O)O[C@@H]6O[C@H](CO[C@@H]7O[C@H](CO)[C@@H](O)[C@H](O)[C@H]7O)[C@@H](O)[C@H](O[C@@H]8O[C@H](CO)[C@@H](O)[C@H](O)[C@H]8O)[C@H]6O,NA
Input,CID 46937243,0.33547381,InputSig,NA,NA,LINCSCP_1644,A375,10uM,6h,skin,NA,NA,CYZUQDJBXAXVLN-UHFFFAOYSA-N,"InChI=1S/C34H32N4O3/c39-32(38-25-31(35-36-38)34(41,28-17-9-3-10-18-28)29-19-11-4-12-20-29)37-23-21-30(22-24-37)33(40,26-13-5-1-6-14-26)27-15-7-2-8-16-27/h1-20,25,30,40-41H,21-24H2",96,OC(C1CCN(CC1)C(=O)n2cc(nn2)C(O)(c3ccccc3)c4ccccc4)(c5ccccc5)c6ccccc6,NA
Input,Racecadotril,0.33467687,InputSig,NA,NA,LINCSCP_102600,HELA,0.37uM,24h,large intestine,Enkephalinase inhibitor,MME,ODUOJXZPIYUATO-UHFFFAOYSA-N,"InChI=1S/C21H23NO4S/c1-16(23)27-15-19(12-17-8-4-2-5-9-17)21(25)22-13-20(24)26-14-18-10-6-3-7-11-18/h2-11,19H,12-15H2,1H3,(H,22,25)",8067,CC(=O)SCC(Cc1ccccc1)C(=O)NCC(=O)OCc2ccccc2,4
Input,CHEMBL1673039,0.33371697,InputSig,NA,NA,LINCSCP_116858,HT29,0.37uM,24h,large intestine,Leucine rich repeat kinase inhibitor|MAP kinase inhibitor,LRRK2|MAPK7,DDTPGANIPBKTNU-UHFFFAOYSA-N,"InChI=1S/C25H29N7O2/c1-29-11-13-32(14-12-29)17-9-10-19(22(15-17)34-4)27-25-26-16-21-23(28-25)30(2)20-8-6-5-7-18(20)24(33)31(21)3/h5-10,15-16H,11-14H2,1-4H3,(H,26,27,28)",15131,COc1cc(ccc1Nc2ncc3N(C)C(=O)c4ccccc4N(C)c3n2)N5CCN(C)CC5,NA
Input,ALD1-H_000967,0.33297656,InputSig,NA,NA,LINCSCP_16373,HA1E,10uM,6h,kidney epithelial,NA,NA,HMSCJMKJTWCPID-VXLYETTFSA-N,"InChI=1S/C17H21BrN2O5/c1-23-17(22)7-5-3-2-4-6-16(21)20-19-10-12-8-14-15(9-13(12)18)25-11-24-14/h8-10H,2-7,11H2,1H3,(H,20,21)/b19-10+",42695,COC(=O)CCCCCCC(=O)NN=Cc1cc2OCOc2cc1Br,NA
Input,BRD-K80281472,0.32942638,InputSig,NA,NA,LINCSCP_60625,VCAP,5uM,24h,prostate,NA,NA,NJZPXWDDBMYIMJ-LVCYWYKZSA-N,"InChI=1S/C22H34N6O3/c1-17-12-27(18(2)15-29)22(30)5-4-10-28-20(11-24-25-28)16-31-21(17)14-26(3)13-19-6-8-23-9-7-19/h6-9,11,17-18,21,29H,4-5,10,12-16H2,1-3H3/t17-,18+,21-/m1/s1",23677,C[C@@H](CO)N1C[C@@H](C)[C@@H](CN(C)Cc2ccncc2)OCc3cnnn3CCCC1=O,NA
Input,BRD-K73008154,0.32826096,InputSig,NA,NA,LINCSCP_259060,NEU,10uM,24h,NA,NA,NA,AYZWBNSPUGXEJF-GTNKKZTPSA-N,"InChI=1S/C28H31FN2O3S/c1-20-7-6-8-23(17-20)21-11-13-22(14-12-21)28-25-18-30(15-4-5-16-31(25)26(28)19-32)35(33,34)27-10-3-2-9-24(27)29/h2-3,6-14,17,25-26,28,32H,4-5,15-16,18-19H2,1H3/t25-,26-,28+/m1/s1",33536,Cc1cccc(c1)c2ccc(cc2)[C@@H]3[C@@H](CO)N4CCCCN(C[C@H]34)S(=O)(=O)c5ccccc5F,NA
Input,BRD-K92036763,0.32744215,InputSig,NA,NA,LINCSCP_62187,VCAP,5uM,24h,prostate,NA,NA,RKCCKXKETMZMSY-VWYCJHECSA-N,"InChI=1S/C12H25N3O3/c1-8(2)14-12(17)15-10-4-3-9(5-6-13)18-11(10)7-16/h8-11,16H,3-7,13H2,1-2H3,(H2,14,15,17)/t9-,10+,11+/m1/s1",4672,CC(C)NC(=O)N[C@H]1CC[C@H](CCN)O[C@H]1CO,NA
Input,ACON1_001721,0.3264044,InputSig,NA,NA,LINCSCP_6075,A549,10uM,6h,lung,NA,NA,JFVQQQJGXXROPE-SAIGWJAVSA-N,"InChI=1S/C20H28O8/c1-2-3-4-5-8-11-15(14(23)10-7-6-9-12-21)27-20-19(26)18(25)17(24)16(13-22)28-20/h2-3,7,10,14-26H,6,9,12-13H2,1H3/b3-2+,10-7+/t14-,15-,16-,17-,18+,19-,20-/m1/s1",9813,C\C=C\C#CC#C[C@@H](O[C@@H]1O[C@H](CO)[C@@H](O)[C@H](O)[C@H]1O)[C@H](O)\C=C\CCCO,NA
Input,BRD-K50887310,0.32407521,InputSig,NA,NA,LINCSCP_183936,A375,5uM,24h,skin,NA,NA,JLPSQBARJGYMKN-NLEAXPPASA-N,"InChI=1S/C23H32FN3O5/c1-25-8-10-26(11-9-25)22(29)12-17-6-7-20-21(32-17)15-31-14-16(28)13-27(20)23(30)18-4-2-3-5-19(18)24/h2-5,16-17,20-21,28H,6-15H2,1H3/t16-,17+,20+,21-/m0/s1",3416,CN1CCN(CC1)C(=O)C[C@H]2CC[C@@H]3[C@H](COC[C@@H](O)CN3C(=O)c4ccccc4F)O2,NA
Input,SB239063,0.32320805,InputSig,NA,NA,LINCSCP_89242,HA1E,0.04uM,24h,kidney epithelial,P38 MAPK inhibitor,MAPK11|MAPK14,ZQUSFAUAYSEREK-UHFFFAOYSA-N,"InChI=1S/C20H21FN4O2/c1-27-20-22-11-10-17(24-20)19-18(13-2-4-14(21)5-3-13)23-12-25(19)15-6-8-16(26)9-7-15/h2-5,10-12,15-16,26H,6-9H2,1H3",35263,COc1nccc(n1)c2c(ncn2C3CCC(O)CC3)c4ccc(F)cc4,NA
Input,TL_HRAS24,0.32143452,InputSig,NA,NA,LINCSCP_5335,A549,10uM,6h,lung,NA,NA,HSLDKGXOZPBJAD-UHFFFAOYSA-N,"InChI=1S/C22H20F2N4O4/c1-14-20(28(30)31)19(25-32-14)22(29)27-12-10-26(11-13-27)21(15-2-6-17(23)7-3-15)16-4-8-18(24)9-5-16/h2-9,21H,10-13H2,1H3",16053,Cc1onc(C(=O)N2CCN(CC2)C(c3ccc(F)cc3)c4ccc(F)cc4)c1[N+](=O)[O-],NA
Input,NU1025,0.32108265,InputSig,NA,NA,LINCSCP_722,A375,10uM,24h,skin,DNA dependent protein kinase inhibitor|PARP inhibitor,PARP1,YJDAOHJWLUNFLX-UHFFFAOYSA-N,"InChI=1S/C9H8N2O2/c1-5-10-8-6(9(13)11-5)3-2-4-7(8)12/h2-4,12H,1H3,(H,10,11,13)",36280,CC1=Nc2c(O)cccc2C(=O)N1,NA
Input,Blonanserin (Lonasen),0.32045707,InputSig,NA,NA,LINCSCP_71050,A375,3.33uM,24h,skin,NA,NA,XVGOZDAJGBALKS-UHFFFAOYSA-N,"InChI=1S/C23H30FN3/c1-2-26-13-15-27(16-14-26)23-17-21(18-9-11-19(24)12-10-18)20-7-5-3-4-6-8-22(20)25-23/h9-12,17H,2-8,13-16H2,1H3",26917,CCN1CCN(CC1)c2cc(c3CCCCCCc3n2)c4ccc(F)cc4,3
Input,CHEMBL1982812,0.32042861,InputSig,NA,NA,LINCSCP_16807,HA1E,10uM,6h,kidney epithelial,NA,NA,GEPQSEIVCGMSGO-DXCNDIKUSA-N,"InChI=1S/C35H45FN4O7S/c1-24-21-40(25(2)23-41)34(42)31-20-29(38-35(43)37-28-11-6-5-7-12-28)15-18-32(31)47-26(3)10-8-9-19-46-33(24)22-39(4)48(44,45)30-16-13-27(36)14-17-30/h5-7,11-18,20,24-26,33,41H,8-10,19,21-23H2,1-4H3,(H2,37,38,43)/t24-,25-,26-,33+/m0/s1",16574,C[C@@H](CO)N1C[C@H](C)[C@@H](CN(C)S(=O)(=O)c2ccc(F)cc2)OCCCC[C@H](C)Oc3ccc(NC(=O)Nc4ccccc4)cc3C1=O,NA
Input,Dasb,0.31958943,InputSig,NA,NA,LINCSCP_41219,NEU,10uM,24h,NA,Serotonin transporter (SERT) ligand,NA,ISSGCGBRAJLRIY-UHFFFAOYSA-N,"InChI=1S/C16H17N3S/c1-18-13-8-9-16(14(17)10-13)20-15-7-5-4-6-12(15)11-19(2)3/h4-10H,11,17H2,2-3H3",11489,CN(C)Cc1ccccc1Sc2ccc(cc2N)[N+]#[C-],NA
Input,Idelalisib,0.3194717,InputSig,NA,NA,LINCSCP_70001,A375,10uM,24h,skin,PI3K inhibitor,PIK3CD|PIK3CG,IFSDAJWBUCMOAH-HNNXBMFYSA-N,"InChI=1S/C22H18FN7O/c1-2-15(28-20-18-19(25-11-24-18)26-12-27-20)21-29-16-10-6-9-14(23)17(16)22(31)30(21)13-7-4-3-5-8-13/h3-12,15H,2H2,1H3,(H2,24,25,26,27,28)/t15-/m0/s1",15179,CC[C@H](Nc1ncnc2[nH]cnc12)C3=Nc4cccc(F)c4C(=O)N3c5ccccc5,4
Input,BRD-K28698886,0.31945311,InputSig,NA,NA,LINCSCP_198954,A549,5uM,24h,lung,NA,NA,FCIZOZRMZMLHQR-ONBPZOJHSA-N,"InChI=1S/C27H25FN2O3/c28-22-12-10-20(11-13-22)19-6-8-21(9-7-19)27-23-15-29(16-26(33)30(23)24(27)17-31)25(32)14-18-4-2-1-3-5-18/h1-13,23-24,27,31H,14-17H2/t23-,24+,27-/m1/s1",32422,OC[C@H]1[C@@H]([C@H]2CN(CC(=O)N12)C(=O)Cc3ccccc3)c4ccc(cc4)c5ccc(F)cc5,NA
Input,GSK429286A,0.31926025,InputSig,NA,NA,LINCSCP_112620,HEPG2,3.33uM,24h,liver,Rho associated kinase inhibitor,ROCK1,OLIIUAHHAZEXEX-UHFFFAOYSA-N,"InChI=1S/C21H16F4N4O2/c1-10-19(20(31)28-17-6-12-9-26-29-16(12)8-15(17)22)14(7-18(30)27-10)11-2-4-13(5-3-11)21(23,24)25/h2-6,8-9,14H,7H2,1H3,(H,26,29)(H,27,30)(H,28,31)",16631,CC1=C(C(CC(=O)N1)c2ccc(cc2)C(F)(F)F)C(=O)Nc3cc4cn[nH]c4cc3F,NA
Input,BRD-K64873832,0.31806912,InputSig,NA,NA,LINCSCP_63514,VCAP,5uM,24h,prostate,NA,NA,JSQZMBUYZHIIMM-XGAJZPNHSA-N,"InChI=1S/C25H39N3O5/c1-31-21-6-4-19(5-7-21)15-28-16-20(29)17-32-18-24-23(28)9-8-22(33-24)14-25(30)26-10-13-27-11-2-3-12-27/h4-7,20,22-24,29H,2-3,8-18H2,1H3,(H,26,30)/t20-,22-,23+,24-/m0/s1",945,COc1ccc(CN2C[C@H](O)COC[C@@H]3O[C@H](CC(=O)NCCN4CCCC4)CC[C@@H]23)cc1,NA
Input,Xylazine,0.31682889,InputSig,NA,NA,LINCSCP_14556,HA1E,10uM,6h,kidney epithelial,Adrenergic receptor agonist,NA,BPICBUSOMSTKRF-UHFFFAOYSA-N,"InChI=1S/C12H16N2S/c1-9-5-3-6-10(2)11(9)14-12-13-7-4-8-15-12/h3,5-6H,4,7-8H2,1-2H3,(H,13,14)",35605,Cc1cccc(C)c1NC2=NCCCS2,NA
Input,BRD-K37612077,0.31676087000000003,InputSig,NA,NA,LINCSCP_8487,A549,5uM,24h,lung,NA,NA,ANDSQWRABKLSGR-QYZOEREBSA-N,"InChI=1S/C19H22N2O/c20-12-17-19(18(13-22)21-17)16-10-8-15(9-11-16)7-6-14-4-2-1-3-5-14/h8-11,14,17-19,21-22H,1-5,13H2/t17-,18+,19+/m1/s1",23946,OC[C@@H]1N[C@H](C#N)[C@@H]1c2ccc(cc2)C#CC3CCCCC3,NA
Input,BRD-K21363211,0.31582142,InputSig,NA,NA,LINCSCP_60741,VCAP,5uM,24h,prostate,NA,NA,FOLOUAULJSJVDY-UMVBOHGHSA-N,"InChI=1S/C16H29N5O3/c1-12-9-20(13(2)10-22)16(23)5-4-6-21-14(7-18-19-21)11-24-15(12)8-17-3/h7,12-13,15,17,22H,4-6,8-11H2,1-3H3/t12-,13-,15-/m1/s1",23793,CNC[C@H]1OCc2cnnn2CCCC(=O)N(C[C@H]1C)[C@H](C)CO,NA
Input,BRD-K40608370,0.31571232,InputSig,NA,NA,LINCSCP_61882,VCAP,5uM,6h,prostate,NA,NA,VHNINRJVEBHVBF-IKGGRYGDSA-N,"InChI=1S/C19H32N4O5S/c1-23-11-19(21-13-23)29(26,27)22-16-8-7-15(28-17(16)12-24)9-18(25)20-10-14-5-3-2-4-6-14/h11,13-17,22,24H,2-10,12H2,1H3,(H,20,25)/t15-,16+,17+/m1/s1",3063,Cn1cnc(c1)S(=O)(=O)N[C@H]2CC[C@H](CC(=O)NCC3CCCCC3)O[C@H]2CO,NA
Input,Curcumin,0.3156138,InputSig,NA,NA,LINCSCP_49426,PC3,0.1uM,6h,prostate,Cyclooxygenase inhibitor|Histone acetyltransferase inhibitor|Lipoxygenase inhibitor|NFkB pathway inhibitor,PTGS1|PTGS2,VFLDPWHFBUODDF-FCXRPNKRSA-N,"InChI=1S/C21H20O6/c1-26-20-11-14(5-9-18(20)24)3-7-16(22)13-17(23)8-4-15-6-10-19(25)21(12-15)27-2/h3-12,24-25H,13H2,1-2H3/b7-3+,8-4+",37495,COc1cc(\C=C\C(=O)CC(=O)\C=C\c2ccc(O)c(OC)c2)ccc1O,NA
Input,BRD-K51287451,0.31289763,InputSig,NA,NA,LINCSCP_62667,VCAP,5uM,24h,prostate,NA,NA,WERZBRNJFLNQTM-HTMHUVIFSA-N,"InChI=1S/C30H30N2O7/c33-16-27-29-23(14-21(38-27)15-28(34)31-11-10-18-4-2-1-3-5-18)22-13-20(7-9-24(22)39-29)32-30(35)19-6-8-25-26(12-19)37-17-36-25/h1-9,12-13,21,23,27,29,33H,10-11,14-17H2,(H,31,34)(H,32,35)/t21-,23+,27+,29-/m0/s1",24748,OC[C@H]1O[C@H](CC(=O)NCCc2ccccc2)C[C@H]3[C@@H]1Oc4ccc(NC(=O)c5ccc6OCOc6c5)cc34,NA
Input,Blebbistatin,0.31208649,InputSig,NA,NA,LINCSCP_30719,MCF7,40uM,6h,breast,ATPase inhibitor,MYH2,LZAXPYOBKSJSEX-UHFFFAOYSA-N,"InChI=1S/C18H16N2O2/c1-12-7-8-15-14(11-12)16(21)18(22)9-10-20(17(18)19-15)13-5-3-2-4-6-13/h2-8,11,22H,9-10H2,1H3",36677,Cc1ccc2N=C3N(CCC3(O)C(=O)c2c1)c4ccccc4,NA
Input,Lapatinib,0.31032251,InputSig,NA,NA,LINCSCP_130005,LNCAP,0.37uM,24h,prostate,EGFR inhibitor|ErbB2 inhibitor,EGFR|ERBB2,BCFGMOOMADDAQU-UHFFFAOYSA-N,"InChI=1S/C29H26ClFN4O4S/c1-40(36,37)12-11-32-16-23-7-10-27(39-23)20-5-8-26-24(14-20)29(34-18-33-26)35-22-6-9-28(25(30)15-22)38-17-19-3-2-4-21(31)13-19/h2-10,13-15,18,32H,11-12,16-17H2,1H3,(H,33,34,35)",35268,CS(=O)(=O)CCNCc1oc(cc1)c2ccc3ncnc(Nc4ccc(OCc5cccc(F)c5)c(Cl)c4)c3c2,4
Input,BRD-K78122632,0.30973661,InputSig,NA,NA,LINCSCP_61649,VCAP,5uM,24h,prostate,NA,NA,GTRXSASKUSVSHJ-IHMCZWCLSA-N,"InChI=1S/C30H36N2O6S/c1-21-17-32(22(2)19-33)30(34)28-15-8-7-14-27(28)26-13-6-5-10-23(26)20-38-29(21)18-31(3)39(35,36)25-12-9-11-24(16-25)37-4/h5-16,21-22,29,33H,17-20H2,1-4H3/t21-,22-,29+/m0/s1",6282,COc1cccc(c1)S(=O)(=O)N(C)C[C@H]2OCc3ccccc3c4ccccc4C(=O)N(C[C@@H]2C)[C@@H](C)CO,NA
Input,F1394-0084,0.30936116,InputSig,NA,NA,LINCSCP_16337,HA1E,10uM,6h,kidney epithelial,NA,NA,GGOHFJAXUJJYNI-UHFFFAOYSA-N,"InChI=1S/C21H22N4O/c1-15-6-7-19-16(14-15)20-21(23-18-5-3-2-4-17(18)22-20)25(19)9-8-24-10-12-26-13-11-24/h2-7,14H,8-13H2,1H3",36285,Cc1ccc2c(c1)c3nc4ccccc4nc3n2CCN5CCOCC5,NA
Input,BRD-K19189705,0.30892193,InputSig,NA,NA,LINCSCP_59467,VCAP,10uM,24h,prostate,NA,NA,NWAOHTRJRZZISF-DWAIMSSFSA-N,"InChI=1S/C35H45FN4O7S/c1-24-21-40(25(2)23-41)34(42)31-20-29(38-48(44,45)30-11-6-5-7-12-30)17-18-32(31)47-26(3)10-8-9-19-46-33(24)22-39(4)35(43)37-28-15-13-27(36)14-16-28/h5-7,11-18,20,24-26,33,38,41H,8-10,19,21-23H2,1-4H3,(H,37,43)/t24-,25-,26+,33+/m1/s1",12067,C[C@H](CO)N1C[C@@H](C)[C@H](CN(C)C(=O)Nc2ccc(F)cc2)OCCCC[C@H](C)Oc3ccc(NS(=O)(=O)c4ccccc4)cc3C1=O,NA
Input,Raloxifene,0.30765759,InputSig,NA,NA,LINCSCP_204005,ASC,10uM,24h,adipose,Estrogen receptor beta modulator,ESR1|ESR2,GZUITABIAKMVPG-UHFFFAOYSA-N,"InChI=1S/C28H27NO4S/c30-21-8-4-20(5-9-21)28-26(24-13-10-22(31)18-25(24)34-28)27(32)19-6-11-23(12-7-19)33-17-16-29-14-2-1-3-15-29/h4-13,18,30-31H,1-3,14-17H2",35927,Oc1ccc(cc1)c2sc3cc(O)ccc3c2C(=O)c4ccc(OCCN5CCCCC5)cc4,4
Input,Famotidine,0.30754188,InputSig,NA,NA,LINCSCP_238822,MCF7,10uM,24h,breast,Histamine receptor antagonist,HRH2,XUFQPHANEAPEMJ-UHFFFAOYSA-N,"InChI=1S/C8H15N7O2S3/c9-6(15-20(12,16)17)1-2-18-3-5-4-19-8(13-5)14-7(10)11/h4H,1-3H2,(H2,9,15)(H2,12,16,17)(H4,10,11,13,14)",894,NC(=Nc1nc(CSCC\C(=N/S(=O)(=O)N)\N)cs1)N,4
Input,PCI-32765,0.30675086,InputSig,NA,NA,LINCSCP_83127,ASC.C,0.04uM,24h,NA,BTK inhibitor,BTK,XYFPWWZEPKGCCK-UHFFFAOYSA-N,"InChI=1S/C25H24N6O2/c1-2-21(32)30-14-6-7-18(15-30)31-25-22(24(26)27-16-28-25)23(29-31)17-10-12-20(13-11-17)33-19-8-4-3-5-9-19/h2-5,8-13,16,18H,1,6-7,14-15H2,(H2,26,27,28)",17525,Nc1ncnc2c1c(nn2C3CCCN(C3)C(=O)C=C)c4ccc(Oc5ccccc5)cc4,NA
Input,BRD-K63406313,0.30621965,InputSig,NA,NA,LINCSCP_60479,VCAP,5uM,6h,prostate,NA,NA,JEPVQKOMBMDDOB-BVFVYWQFSA-N,"InChI=1S/C27H32FN3O4S/c1-19-15-31(20(2)18-32)36(33,34)27-11-10-22(23-8-4-5-9-24(23)28)13-25(27)35-26(19)17-30(3)16-21-7-6-12-29-14-21/h4-14,19-20,26,32H,15-18H2,1-3H3/t19-,20+,26-/m1/s1",34677,C[C@@H](CO)N1C[C@@H](C)[C@@H](CN(C)Cc2cccnc2)Oc3cc(ccc3S1(=O)=O)c4ccccc4F,NA
Input,Eplerenone,0.30507672,InputSig,NA,NA,LINCSCP_72908,A375,0.37uM,24h,skin,Mineralocorticoid receptor antagonist,NR3C2,JUKPWJGBANNWMW-VWBFHTRKSA-N,"InChI=1S/C24H30O6/c1-21-7-4-14(25)10-13(21)11-15(20(27)28-3)19-16-5-8-23(9-6-18(26)30-23)22(16,2)12-17-24(19,21)29-17/h10,15-17,19H,4-9,11-12H2,1-3H3/t15-,16+,17-,19+,21+,22+,23-,24-/m1/s1",16852,COC(=O)[C@@H]1CC2=CC(=O)CC[C@]2(C)[C@@]34O[C@@H]3C[C@@]5(C)[C@@H](CC[C@@]56CCC(=O)O6)[C@H]14,4
Input,Y-39983,0.30333469,InputSig,NA,NA,LINCSCP_86135,BT20,0.04uM,24h,breast,Rho associated kinase inhibitor,ROCK1|ROCK2,JTVBXQAYBIJXRP-SNVBAGLBSA-N,"InChI=1S/C16H16N4O/c1-10(17)11-2-4-12(5-3-11)16(21)20-14-7-9-19-15-13(14)6-8-18-15/h2-10H,17H2,1H3,(H2,18,19,20,21)/t10-/m1/s1",17547,C[C@@H](N)c1ccc(cc1)C(=O)Nc2ccnc3[nH]ccc23,1
Input,BRD-K16172779,0.30324713,InputSig,NA,NA,LINCSCP_61321,VCAP,5uM,6h,prostate,NA,NA,WWIWLTDSUPVNED-JLHGSKIFSA-N,"InChI=1S/C24H37N3O4/c1-16-13-25-17(2)15-31-21-11-10-19(26-23(28)18-8-6-5-7-9-18)12-20(21)24(29)27(3)14-22(16)30-4/h10-12,16-18,22,25H,5-9,13-15H2,1-4H3,(H,26,28)/t16-,17+,22+/m1/s1",7117,CO[C@H]1CN(C)C(=O)c2cc(NC(=O)C3CCCCC3)ccc2OC[C@H](C)NC[C@H]1C,NA
Input,CAY10618,0.30266241,InputSig,NA,NA,LINCSCP_40136,NCIH2073,10uM,6h,lung,NAMPT inhibitor,NAMPT,SJOLTIOPWDLDEB-UHFFFAOYSA-N,"InChI=1S/C27H29N5O/c33-27(29-25-16-9-8-15-24(25)22-12-5-4-6-13-22)17-7-2-1-3-10-19-32-21-26(30-31-32)23-14-11-18-28-20-23/h4-6,8-9,11-16,18,20-21H,1-3,7,10,17,19H2,(H,29,33)",16215,O=C(CCCCCCCn1cc(nn1)c2cccnc2)Nc3ccccc3c4ccccc4,NA
Input,BRD-K54211867,0.30263951,InputSig,NA,NA,LINCSCP_48414,PC3,5uM,24h,prostate,NA,NA,RYKGWQYDSBDOQK-SOTXCSMQSA-N,"InChI=1S/C25H23FN2O2S/c26-21-12-14-22(15-13-21)31(29,30)28-16-23-25(24(17-28)27-23)20-10-8-19(9-11-20)7-6-18-4-2-1-3-5-18/h1-15,23-25,27H,16-17H2/b7-6+/t23-,24+,25+",27331,Fc1ccc(cc1)S(=O)(=O)N2C[C@@H]3N[C@H](C2)[C@@H]3c4ccc(\C=C\c5ccccc5)cc4,NA
Input,BRD-K85568664,0.30211796,InputSig,NA,NA,LINCSCP_64027,VCAP,5uM,24h,prostate,NA,NA,ODVRBXJNMOGDSF-RLBLXZPPSA-N,"InChI=1S/C25H32N4O3/c1-28-22-19(20(15-30)23(28)24(31)27-12-16-6-3-2-4-7-16)14-29-21(22)10-9-18(25(29)32)17-8-5-11-26-13-17/h5,8-11,13,16,19-20,22-23,30H,2-4,6-7,12,14-15H2,1H3,(H,27,31)/t19-,20-,22+,23-/m0/s1",25059,CN1[C@@H]([C@@H](CO)[C@@H]2CN3C(=O)C(=CC=C3[C@H]12)c4cccnc4)C(=O)NCC5CCCCC5,NA
Input,Genistein,0.30099859,InputSig,NA,NA,LINCSCP_13188,FIBRNPC,10uM,24h,NA,Tyrosine kinase inhibitor,CFTR|ESR2,TZBJGXHYKVUXJN-UHFFFAOYSA-N,"InChI=1S/C15H10O5/c16-9-3-1-8(2-4-9)11-7-20-13-6-10(17)5-12(18)14(13)15(11)19/h1-7,16-18H",38243,Oc1ccc(cc1)C2=COc3cc(O)cc(O)c3C2=O,NA
Input,MLS003129537,0.2996914,InputSig,NA,NA,LINCSCP_298796,VCAP,5uM,24h,prostate,NA,NA,RIHXBZGHHXCGPP-MZKRTTBSSA-N,"InChI=1S/C26H40N8O5/c1-19-15-33(20(2)17-35)25(36)5-4-8-34-22(14-28-30-34)18-39-23(19)16-31(3)26(37)29-21-6-7-27-24(13-21)32-9-11-38-12-10-32/h6-7,13-14,19-20,23,35H,4-5,8-12,15-18H2,1-3H3,(H,27,29,37)/t19-,20+,23-/m0/s1",36988,C[C@H](CO)N1C[C@H](C)[C@H](CN(C)C(=O)Nc2ccnc(c2)N3CCOCC3)OCc4cnnn4CCCC1=O,NA
Input,Latrepirdine,0.29953749,InputSig,NA,NA,LINCSCP_31274,MCF7,10uM,6h,breast,Glutamate receptor antagonist,HTR6,JNODQFNWMXFMEV-UHFFFAOYSA-N,"InChI=1S/C21H25N3/c1-15-4-7-20-18(12-15)19-14-23(3)10-9-21(19)24(20)11-8-17-6-5-16(2)22-13-17/h4-7,12-13H,8-11,14H2,1-3H3",35862,CN1CCc2c(C1)c3cc(C)ccc3n2CCc4ccc(C)nc4,3
Input,MLS002425843,0.29927921,InputSig,NA,NA,LINCSCP_19787,HCC515,10uM,6h,lung,NA,NA,UUPNXRQGWXFBRW-UHFFFAOYSA-N,"InChI=1S/C16H12N2O4S/c19-10-2-3-11(13(20)6-10)12-7-23-16(18-12)17-9-1-4-14-15(5-9)22-8-21-14/h1-7,19-20H,8H2,(H,17,18)",3582,Oc1ccc(c(O)c1)c2csc(Nc3ccc4OCOc4c3)n2,NA
Input,CGK733,0.29920679,InputSig,NA,NA,LINCSCP_87179,CD34,3.33uM,24h,bone marrow,ATM kinase inhibitor|ATR kinase inhibitor,ATM|ATR,HLCDNLNLQNYZTK-UHFFFAOYSA-N,"InChI=1S/C23H18Cl3FN4O3S/c24-23(25,26)21(30-22(35)28-16-11-12-17(27)18(13-16)31(33)34)29-20(32)19(14-7-3-1-4-8-14)15-9-5-2-6-10-15/h1-13,19,21H,(H,29,32)(H2,28,30,35)",15256,[O-][N+](=O)c1cc(NC(=S)NC(NC(=O)C(c2ccccc2)c3ccccc3)C(Cl)(Cl)Cl)ccc1F,NA
Input,"N-(2,3-Dimethylphenyl)bicyclo[2.2.1]heptane-2-carboxamide",0.29900389,InputSig,NA,NA,LINCSCP_31324,MCF7,10uM,24h,breast,NA,NA,URRLYZLQXGSQFG-UHFFFAOYSA-N,"InChI=1S/C16H21NO/c1-10-4-3-5-15(11(10)2)17-16(18)14-9-12-6-7-13(14)8-12/h3-5,12-14H,6-9H2,1-2H3,(H,17,18)",35427,Cc1cccc(NC(=O)C2CC3CCC2C3)c1C,NA
Input,Fluocinonide,0.29759456,InputSig,NA,NA,LINCSCP_16983,HA1E,10uM,6h,kidney epithelial,Glucocorticoid receptor agonist,NR3C1,WJOHZNCJWYWUJD-IUGZLZTKSA-N,"InChI=1S/C26H32F2O7/c1-13(29)33-12-20(32)26-21(34-22(2,3)35-26)10-15-16-9-18(27)17-8-14(30)6-7-23(17,4)25(16,28)19(31)11-24(15,26)5/h6-8,15-16,18-19,21,31H,9-12H2,1-5H3/t15-,16-,18-,19-,21+,23-,24-,25-,26+/m0/s1",38565,CC(=O)OCC(=O)[C@@]12OC(C)(C)O[C@@H]1C[C@H]3[C@@H]4C[C@H](F)C5=CC(=O)C=C[C@]5(C)[C@@]4(F)[C@@H](O)C[C@]23C,4
Input,SA-1458571,0.29621918,InputSig,NA,NA,LINCSCP_37224,MCF7,10uM,24h,breast,NA,NA,WTHWQCPYZWPYSX-LGTXBLIGSA-N,"InChI=1S/C29H31N3O5/c33-24-17-32(29(35)22-7-4-14-30-16-22)26-13-12-25(37-27(26)19-36-18-24)15-28(34)31-23-10-8-21(9-11-23)20-5-2-1-3-6-20/h1-11,14,16,24-27,33H,12-13,15,17-19H2,(H,31,34)/t24-,25+,26+,27-/m1/s1",11932,O[C@H]1COC[C@H]2O[C@H](CC(=O)Nc3ccc(cc3)c4ccccc4)CC[C@@H]2N(C1)C(=O)c5cccnc5,NA
Input,MEK1/2 Inhibitor,0.29558174,InputSig,NA,NA,LINCSCP_7669,A549,10uM,6h,lung,MEK inhibitor,MAP2K1|MAP2K2,JLOXTZFYJNCPIS-FYWRMAATSA-N,"InChI=1S/C16H12F3N3S/c17-16(18,19)14-4-2-1-3-12(14)13(9-20)15(22)23-11-7-5-10(21)6-8-11/h1-8H,21-22H2/b15-13+",37434,N\C(=C(\C#N)/c1ccccc1C(F)(F)F)\Sc2ccc(N)cc2,NA
Input,WHI-P97,0.29531376,InputSig,NA,NA,LINCSCP_117900,HT29,0.37uM,24h,large intestine,EGFR inhibitor|JAK inhibitor|Leukotriene inhibitor|Mediator release inhibitor,JAK3,YVCXQRVVNQMZEI-UHFFFAOYSA-N,"InChI=1S/C16H13Br2N3O3/c1-23-13-5-9-12(6-14(13)24-2)19-7-20-16(9)21-8-3-10(17)15(22)11(18)4-8/h3-7,22H,1-2H3,(H,19,20,21)",23521,COc1cc2ncnc(Nc3cc(Br)c(O)c(Br)c3)c2cc1OC,NA
Input,BRD-K54074847,0.29511137,InputSig,NA,NA,LINCSCP_61355,VCAP,5uM,6h,prostate,NA,NA,MFGGAADVNSTJDM-CEYNDMKZSA-N,"InChI=1S/C28H41N3O5/c1-18-15-31(26(32)13-20-9-10-20)19(2)17-36-24-14-22(29-27(33)21-7-5-6-8-21)11-12-23(24)28(34)30(3)16-25(18)35-4/h11-12,14,18-21,25H,5-10,13,15-17H2,1-4H3,(H,29,33)/t18-,19+,25-/m0/s1",3552,CO[C@H]1CN(C)C(=O)c2ccc(NC(=O)C3CCCC3)cc2OC[C@@H](C)N(C[C@@H]1C)C(=O)CC4CC4,NA
Input,MLS001065825,0.29497276,InputSig,NA,NA,LINCSCP_1199,A375,10uM,24h,skin,NA,NA,XJNYPHZFAAXNHO-UHFFFAOYSA-N,"InChI=1S/C16H19F3N6O/c17-16(18,19)11-5-1-2-6-12(11)21-14-22-13(20-7-10-26)23-15(24-14)25-8-3-4-9-25/h1-2,5-6,26H,3-4,7-10H2,(H2,20,21,22,23,24)",15842,OCCNc1nc(Nc2ccccc2C(F)(F)F)nc(n1)N3CCCC3,NA
Input,BRD-A94793051-001-01-0,0.29463041,InputSig,NA,NA,LINCSCP_34190,MCF7,10uM,6h,breast,Progesterone receptor antagonist,AR|ESR1|PGR,OXHNQTSIKGHVBH-WVVQBRDUSA-N,"InChI=1S/C21H28O2/c1-3-20-11-9-17-16-8-6-15(22)13-14(16)5-7-18(17)19(20)10-12-21(20,23)4-2/h9,11,13,18-19,23H,3-8,10,12H2,1-2H3/t18-,19?,20-,21+/m1/s1",22270,CC[C@]1(O)CCC2[C@@H]3CCC4=CC(=O)CCC4=C3C=C[C@@]12CC,NA
Input,1166227-08-2,0.2945996,InputSig,NA,NA,LINCSCP_88294,HA1E,3.33uM,24h,kidney epithelial,NA,NA,HBPXWEPKNBHKAX-NSHDSACASA-N,"InChI=1S/C17H23N5O2S2/c1-9-12(10-8-25-14(20-10)17(2,3)4)26-15(19-9)21-16(24)22-7-5-6-11(22)13(18)23/h8,11H,5-7H2,1-4H3,(H2,18,23)(H,19,21,24)/t11-/m0/s1",19905,Cc1nc(NC(=O)N2CCC[C@H]2C(=O)N)sc1c3csc(n3)C(C)(C)C,NA
Input,Pentylenetetrazol,0.29459121,InputSig,NA,NA,LINCSCP_33017,MCF7,10uM,6h,breast,GABA receptor antagonist,NA,CWRVKFFCRWGWCS-UHFFFAOYSA-N,InChI=1S/C6H10N4/c1-2-4-6-7-8-9-10(6)5-3-1/h1-5H2,7901,C1CCc2nnnn2CC1,NA
Input,Quercetin,0.29405219,InputSig,NA,NA,LINCSCP_18459,HCC515,10uM,6h,lung,Polar auxin transport inhibitor,PIK3CG,REFJWTPEDVJJIY-UHFFFAOYSA-N,"InChI=1S/C15H10O7/c16-7-4-10(19)12-11(5-7)22-15(14(21)13(12)20)6-1-2-8(17)9(18)3-6/h1-5,16-19,21H",36192,OC1=C(Oc2cc(O)cc(O)c2C1=O)c3ccc(O)c(O)c3,NA
Input,ST070885,0.29398936,InputSig,NA,NA,LINCSCP_58562,VCAP,10uM,24h,prostate,NA,NA,TVRJZAMNPMXVJJ-UHFFFAOYSA-N,"InChI=1S/C22H25NO4/c1-2-27-21(26)22(19-9-4-3-5-10-19)11-13-23(14-12-22)16-17-7-6-8-18(15-17)20(24)25/h3-10,15H,2,11-14,16H2,1H3,(H,24,25)",36260,CCOC(=O)C1(CCN(Cc2cccc(c2)C(=O)O)CC1)c3ccccc3,NA
Input,Doramapimod,0.29305048,InputSig,NA,NA,LINCSCP_88478,HA1E,0.04uM,24h,kidney epithelial,P38 MAPK inhibitor,MAPK11|MAPK12|MAPK14,MVCOAUNKQVWQHZ-UHFFFAOYSA-N,"InChI=1S/C31H37N5O3/c1-22-9-11-23(12-10-22)36-29(21-28(34-36)31(2,3)4)33-30(37)32-26-13-14-27(25-8-6-5-7-24(25)26)39-20-17-35-15-18-38-19-16-35/h5-14,21H,15-20H2,1-4H3,(H2,32,33,37)",17577,Cc1ccc(cc1)n2nc(cc2NC(=O)Nc3ccc(OCCN4CCOCC4)c5ccccc35)C(C)(C)C,2
Input,MLS003129716,0.29298782,InputSig,NA,NA,LINCSCP_60610,VCAP,5uM,24h,prostate,NA,NA,XBPVHNZVBFLVIV-REHUZNOOSA-N,"InChI=1S/C26H39N5O5/c1-19-14-30(20(2)17-32)25(33)9-5-10-31-22(13-27-28-31)18-36-24(19)16-29(3)15-21-7-4-8-23-26(21)35-12-6-11-34-23/h4,7-8,13,19-20,24,32H,5-6,9-12,14-18H2,1-3H3/t19-,20-,24+/m1/s1",16819,C[C@H](CO)N1C[C@@H](C)[C@H](CN(C)Cc2cccc3OCCCOc23)OCc4cnnn4CCCC1=O,NA
Input,BRD-K22261046,0.29285596,InputSig,NA,NA,LINCSCP_35295,MCF7,10uM,24h,breast,NA,NA,HPPNONYMLIWSNI-RNLGNXJRSA-N,"InChI=1S/C30H51N5O6/c1-19(2)31-29(38)33-24-12-13-26-25(15-24)28(37)35(22(6)18-36)16-21(5)27(17-34(8)30(39)32-20(3)4)40-14-10-9-11-23(7)41-26/h12-13,15,19-23,27,36H,9-11,14,16-18H2,1-8H3,(H,32,39)(H2,31,33,38)/t21-,22-,23-,27+/m0/s1",5004,CC(C)NC(=O)Nc1ccc2O[C@@H](C)CCCCO[C@H](CN(C)C(=O)NC(C)C)[C@@H](C)CN([C@@H](C)CO)C(=O)c2c1,NA
Input,Cyclosporine,0.29269553,InputSig,NA,NA,LINCSCP_583,A375,10uM,24h,skin,Calcineurin inhibitor,PPIA|PPP3CA,PMATZTZNYRCHOR-NFOUMSERSA-N,"InChI=1S/C62H111N11O12/c1-25-27-28-40(15)52(75)51-56(79)65-43(26-2)58(81)67(18)33-48(74)68(19)44(29-34(3)4)55(78)66-49(38(11)12)61(84)69(20)45(30-35(5)6)54(77)63-41(16)53(76)64-42(17)57(80)70(21)46(31-36(7)8)59(82)71(22)47(32-37(9)10)60(83)72(23)50(39(13)14)62(85)73(51)24/h25,27,34-47,49-52,75H,26,28-33H2,1-24H3,(H,63,77)(H,64,76)(H,65,79)(H,66,78)/b27-25+/t40-,41?,42-,43?,44?,45?,46?,47?,49?,50?,51?,52-/m1/s1",5087,CCC1NC(=O)C([C@H](O)[C@H](C)C\C=C\C)N(C)C(=O)C(C(C)C)N(C)C(=O)C(CC(C)C)N(C)C(=O)C(CC(C)C)N(C)C(=O)[C@@H](C)NC(=O)C(C)NC(=O)C(CC(C)C)N(C)C(=O)C(NC(=O)C(CC(C)C)N(C)C(=O)CN(C)C1=O)C(C)C,NA
Input,Cyclosporine,0.29269553,InputSig,NA,NA,LINCSCP_583,A375,10uM,24h,skin,Calcineurin inhibitor,PPIA|PPP3CA,PMATZTZNYRCHOR-CGLBZJNRSA-N,"InChI=1S/C62H111N11O12/c1-25-27-28-40(15)52(75)51-56(79)65-43(26-2)58(81)67(18)33-48(74)68(19)44(29-34(3)4)55(78)66-49(38(11)12)61(84)69(20)45(30-35(5)6)54(77)63-41(16)53(76)64-42(17)57(80)70(21)46(31-36(7)8)59(82)71(22)47(32-37(9)10)60(83)72(23)50(39(13)14)62(85)73(51)24/h25,27,34-47,49-52,75H,26,28-33H2,1-24H3,(H,63,77)(H,64,76)(H,65,79)(H,66,78)/b27-25+/t40-,41+,42-,43+,44+,45+,46+,47+,49+,50+,51+,52-/m1/s1",134,CC[C@@H]1NC(=O)[C@H]([C@H](O)[C@H](C)C\C=C\C)N(C)C(=O)[C@H](C(C)C)N(C)C(=O)[C@H](CC(C)C)N(C)C(=O)[C@H](CC(C)C)N(C)C(=O)[C@@H](C)NC(=O)[C@H](C)NC(=O)[C@H](CC(C)C)N(C)C(=O)[C@@H](NC(=O)[C@H](CC(C)C)N(C)C(=O)CN(C)C1=O)C(C)C,4
Input,BRD-K88449712,0.29227893,InputSig,NA,NA,LINCSCP_63046,VCAP,5uM,24h,prostate,NA,NA,JCVYOTDVYFHCTF-MUUNZHRXSA-N,"InChI=1S/C34H30FN3O6/c35-26-7-4-21(5-8-26)22-2-1-3-23(16-22)32-31-25(17-27(36-32)34(41)37-11-14-42-15-12-37)19-38(28(31)10-13-39)33(40)24-6-9-29-30(18-24)44-20-43-29/h1-9,16-18,28,39H,10-15,19-20H2/t28-/m1/s1",13850,OCC[C@H]1N(Cc2cc(nc(c3cccc(c3)c4ccc(F)cc4)c12)C(=O)N5CCOCC5)C(=O)c6ccc7OCOc7c6,NA
Input,Probenecid,0.29195294,InputSig,NA,NA,LINCSCP_127835,HT29,3.33uM,24h,large intestine,Uricosuric blocker,SLC22A11|SLC22A6|SLC22A8,DBABZHXKTCFAPX-UHFFFAOYSA-N,"InChI=1S/C13H19NO4S/c1-3-9-14(10-4-2)19(17,18)12-7-5-11(6-8-12)13(15)16/h5-8H,3-4,9-10H2,1-2H3,(H,15,16)",23101,CCCN(CCC)S(=O)(=O)c1ccc(cc1)C(=O)O,4
Input,WH-4-023,0.29182455,InputSig,NA,NA,LINCSCP_39015,MDAMB231,0.5uM,24h,NA,Src inhibitor,ABL1|SRC,NBTNHSGBRGTFJS-UHFFFAOYSA-N,"InChI=1S/C32H36N6O4/c1-22-7-6-8-23(2)30(22)42-32(39)38(27-14-13-26(40-4)21-28(27)41-5)29-15-16-33-31(35-29)34-24-9-11-25(12-10-24)37-19-17-36(3)18-20-37/h6-16,21H,17-20H2,1-5H3,(H,33,34,35)",36485,COc1ccc(N(C(=O)Oc2c(C)cccc2C)c3ccnc(Nc4ccc(cc4)N5CCN(C)CC5)n3)c(OC)c1,NA
Input,LDN 193189,0.29116736,InputSig,NA,NA,LINCSCP_150872,PC3,3.33uM,24h,prostate,Serine/threonine kinase inhibitor,ACVR1|BMPR1A,CDOVNWNANFFLFJ-UHFFFAOYSA-N,"InChI=1S/C25H22N6/c1-2-4-24-22(3-1)21(9-10-27-24)23-16-29-31-17-19(15-28-25(23)31)18-5-7-20(8-6-18)30-13-11-26-12-14-30/h1-10,15-17,26H,11-14H2",15133,C1CN(CCN1)c2ccc(cc2)c3cnc4c(cnn4c3)c5ccnc6ccccc56,NA
Input,BRD-K45714982,0.2911527,InputSig,NA,NA,LINCSCP_300735,VCAP,5uM,24h,prostate,NA,NA,IOQJCBWFRPGQBJ-JYUFKMNQSA-N,"InChI=1S/C33H41N5O5/c1-23-19-38(24(2)21-39)32(40)29-11-7-6-10-28(29)27-9-5-4-8-25(27)22-43-30(23)20-36(3)33(41)35-26-12-13-34-31(18-26)37-14-16-42-17-15-37/h4-13,18,23-24,30,39H,14-17,19-22H2,1-3H3,(H,34,35,41)/t23-,24-,30-/m0/s1",3222,C[C@@H](CO)N1C[C@H](C)[C@H](CN(C)C(=O)Nc2ccnc(c2)N3CCOCC3)OCc4ccccc4c5ccccc5C1=O,NA
Input,BRD-K03113036-001-01-9,0.29105846,InputSig,NA,NA,LINCSCP_63329,VCAP,5uM,24h,prostate,NA,NA,UWMJOJNRDSZDAZ-SZIVOMCLSA-N,"InChI=1S/C34H36F2N4O5/c1-39-29-11-9-25(17-32(41)37-24-13-14-40(19-24)18-21-5-3-2-4-6-21)45-31(29)20-44-30-12-8-23(16-26(30)34(39)43)38-33(42)22-7-10-27(35)28(36)15-22/h2-8,10,12,15-16,24-25,29,31H,9,11,13-14,17-20H2,1H3,(H,37,41)(H,38,42)/t24-,25-,29-,31-/m1/s1",23500,CN1[C@@H]2CC[C@H](CC(=O)N[C@@H]3CCN(Cc4ccccc4)C3)O[C@@H]2COc5ccc(NC(=O)c6ccc(F)c(F)c6)cc5C1=O,NA
Input,BRD-K42543764,0.29066585,InputSig,NA,NA,LINCSCP_3456,A375,5uM,24h,skin,NA,NA,CLVZMKYRVQCIMH-WMTXJRDZSA-N,"InChI=1S/C26H25N3O4/c1-33-23-14-8-6-12-19(23)25(31)28-15-21-24(18-11-5-7-13-20(18)28)22(16-30)29(21)26(32)27-17-9-3-2-4-10-17/h2-14,21-22,24,30H,15-16H2,1H3,(H,27,32)/t21-,22+,24+/m0/s1",32774,COc1ccccc1C(=O)N2C[C@H]3[C@H]([C@@H](CO)N3C(=O)Nc4ccccc4)c5ccccc25,NA
Input,SCHEMBL1675329,0.29052488,InputSig,NA,NA,LINCSCP_1628,A375,10uM,6h,skin,NA,NA,SJIKRFDEDZMKSG-UHFFFAOYSA-N,"InChI=1S/C19H17N3O2/c1-2-12(1)9-20-19-15-7-13(3-5-16(15)21-10-22-19)14-4-6-17-18(8-14)24-11-23-17/h3-8,10,12H,1-2,9,11H2,(H,20,21,22)",15968,C(Nc1ncnc2ccc(cc12)c3ccc4OCOc4c3)C5CC5,NA
Input,Lavendustin A,0.29049914,InputSig,NA,NA,LINCSCP_33734,MCF7,10uM,6h,breast,EGFR inhibitor,NA,ULTTYPMRMMDONC-UHFFFAOYSA-N,"InChI=1S/C21H19NO6/c23-16-6-8-19(25)14(9-16)12-22(11-13-3-1-2-4-18(13)24)15-5-7-20(26)17(10-15)21(27)28/h1-10,23-26H,11-12H2,(H,27,28)",15506,OC(=O)c1cc(ccc1O)N(Cc2ccccc2O)Cc3cc(O)ccc3O,NA
Input,BRD-K83241810,0.29026947,InputSig,NA,NA,LINCSCP_60328,VCAP,5uM,6h,prostate,NA,NA,DKZVPIDPIJUHTD-AFKLWXAFSA-N,"InChI=1S/C31H40N2O6S/c1-22-18-33(23(2)21-34)40(37,38)30-15-14-25(11-6-10-24-8-4-5-9-24)17-28(30)39-29(22)20-32(3)19-26-12-7-13-27(16-26)31(35)36/h7,12-17,22-24,29,34H,4-5,8-10,18-21H2,1-3H3,(H,35,36)/t22-,23+,29+/m1/s1",7793,C[C@@H](CO)N1C[C@@H](C)[C@H](CN(C)Cc2cccc(c2)C(=O)O)Oc3cc(ccc3S1(=O)=O)C#CCC4CCCC4,NA
Input,AC1LUIBL,0.28922391,InputSig,NA,NA,LINCSCP_22622,HEPG2,10uM,6h,liver,NA,NA,HSXDVXSIMYPYTJ-UHFFFAOYSA-N,"InChI=1S/C16H13ClN6O3S2/c1-22-15(10-2-4-11(17)5-3-10)20-21-16(22)27-9-13(24)19-18-8-12-6-7-14(28-12)23(25)26/h2-8H,9H2,1H3,(H,19,24)",23477,Cn1c(SCC(=O)NN=Cc2ccc(s2)[N+](=O)[O-])nnc1c3ccc(Cl)cc3,NA
Input,BRD-K84702181,0.28848938,InputSig,NA,NA,LINCSCP_61086,VCAP,5uM,24h,prostate,NA,NA,QTXSGNVPDCTZEW-GUXCAODWSA-N,"InChI=1S/C22H34F3N3O5S/c1-6-34(30,31)26-17-7-8-19-18(11-17)21(29)27(4)13-20(32-5)15(2)12-28(16(3)14-33-19)10-9-22(23,24)25/h7-8,11,15-16,20,26H,6,9-10,12-14H2,1-5H3/t15-,16+,20+/m1/s1",25044,CCS(=O)(=O)Nc1ccc2OC[C@H](C)N(CCC(F)(F)F)C[C@@H](C)[C@H](CN(C)C(=O)c2c1)OC,NA
Input,MLS002264432,0.28828631,InputSig,NA,NA,LINCSCP_19965,HCC515,10uM,6h,lung,NA,NA,LPMSEYYMXZLHBX-CYBMUJFWSA-N,"InChI=1S/C19H20F2N2O6S2/c1-13-12-22(30(24,25)14-5-6-17-18(11-14)29-10-9-28-17)7-8-23(13)31(26,27)19-15(20)3-2-4-16(19)21/h2-6,11,13H,7-10,12H2,1H3/t13-/m1/s1",36204,C[C@@H]1CN(CCN1S(=O)(=O)c2c(F)cccc2F)S(=O)(=O)c3ccc4OCCOc4c3,NA
Input,CHEMBL1242477,0.28783582,InputSig,NA,NA,LINCSCP_35672,MCF7,0.1uM,24h,breast,PI3K inhibitor,PIK3CA|PIK3CB|PIK3CD|PIK3CG,ULPBTMCLMXCXEB-UHFFFAOYSA-N,"InChI=1S/C15H15N7/c1-8(2)22-15-12(14(16)17-7-18-15)13(21-22)9-3-4-10-6-19-20-11(10)5-9/h3-8H,1-2H3,(H,19,20)(H2,16,17,18)",1711,CC(C)n1nc(c2ccc3cn[nH]c3c2)c4c(N)ncnc14,NA
Input,SAR245409,0.28756241,InputSig,NA,NA,LINCSCP_222716,HS578T,1uM,24h,breast,PI3K inhibitor,NA,HJSSPYJVWLTYHG-UHFFFAOYSA-N,"InChI=1S/C31H29N5O6S/c1-19-9-10-20(15-28(19)42-4)31(37)33-21-11-13-25(14-12-21)43(38,39)36-30-29(34-26-7-5-6-8-27(26)35-30)32-22-16-23(40-2)18-24(17-22)41-3/h5-18H,1-4H3,(H,32,34)(H,33,37)(H,35,36)",17596,COc1cc(Nc2nc3ccccc3nc2NS(=O)(=O)c4ccc(NC(=O)c5ccc(C)c(OC)c5)cc4)cc(OC)c1,NA
Input,Resveratrol,0.28742011,InputSig,NA,NA,LINCSCP_70295,A375,1.11uM,24h,skin,Cytochrome P450 inhibitor|SIRT activator,PTGS1|PTGS2|SIRT1,LUKBXSAWLPMMSZ-OWOJBTEDSA-N,"InChI=1S/C14H12O3/c15-12-5-3-10(4-6-12)1-2-11-7-13(16)9-14(17)8-11/h1-9,15-17H/b2-1+",22163,Oc1ccc(\C=C\c2cc(O)cc(O)c2)cc1,NA
Input,BRD-K18533094,0.28703996,InputSig,NA,NA,LINCSCP_28069,HT29,5uM,24h,large intestine,NA,NA,LTPPVAHCAPZBBO-QQNWGBJXSA-N,"InChI=1S/C28H31N3O3/c32-19-25-28(23-12-10-21(11-13-23)9-8-20-5-2-1-3-6-20)24-17-30(18-27(34)31(24)25)26(33)15-22-7-4-14-29-16-22/h4,7,10-14,16,20,24-25,28,32H,1-3,5-6,15,17-19H2/t24-,25+,28+/m1/s1",12058,OC[C@H]1[C@H]([C@H]2CN(CC(=O)N12)C(=O)Cc3cccnc3)c4ccc(cc4)C#CC5CCCCC5,NA
Input,PF431396,0.28700044,InputSig,NA,NA,LINCSCP_29923,MCF10A,1uM,24h,breast epithelial,Focal adhesion kinase inhibitor,NA,POJZIZBONPAWIV-UHFFFAOYSA-N,"InChI=1S/C22H21F3N6O3S/c1-31(35(2,33)34)18-6-4-3-5-13(18)11-26-20-16(22(23,24)25)12-27-21(30-20)28-15-7-8-17-14(9-15)10-19(32)29-17/h3-9,12H,10-11H2,1-2H3,(H,29,32)(H2,26,27,28,30)",17513,CN(c1ccccc1CNc2nc(Nc3ccc4NC(=O)Cc4c3)ncc2C(F)(F)F)S(=O)(=O)C,NA
Input,SMR000651464,0.2869553,InputSig,NA,NA,LINCSCP_210646,HA1E,10uM,6h,kidney epithelial,NA,NA,MXMBOWGXAIDUJE-UHFFFAOYSA-N,"InChI=1S/C21H24N4O2S/c1-14-7-10-23(11-8-14)17(26)13-25-16-6-3-2-5-15(16)18-19(25)20(27)24-9-4-12-28-21(24)22-18/h2-3,5-6,14H,4,7-13H2,1H3",35710,CC1CCN(CC1)C(=O)Cn2c3C(=O)N4CCCSC4=Nc3c5ccccc25,NA
Input,BRD-K01594737,0.28619991,InputSig,NA,NA,LINCSCP_8427,A549,5uM,24h,lung,NA,NA,VFHDDKSZNLSDOB-FUPPJEDESA-N,"InChI=1S/C24H22N2O3/c1-29-22-5-3-2-4-17(22)9-6-16-7-10-18(11-8-16)23-20(14-25)26(21(23)15-27)24(28)19-12-13-19/h2-5,7-8,10-11,19-21,23,27H,12-13,15H2,1H3/t20-,21+,23-/m1/s1",27871,COc1ccccc1C#Cc2ccc(cc2)[C@H]3[C@H](CO)N([C@@H]3C#N)C(=O)C4CC4,NA
Input,Selumetinib,0.28607847,InputSig,NA,NA,LINCSCP_38872,MCF7,0.5uM,6h,breast,MEK inhibitor,MAP2K1|MAP2K2,CYOHGALHFOKKQC-UHFFFAOYSA-N,"InChI=1S/C17H15BrClFN4O3/c1-24-8-21-16-13(24)7-10(17(26)23-27-5-4-25)15(14(16)20)22-12-3-2-9(18)6-11(12)19/h2-3,6-8,22,25H,4-5H2,1H3,(H,23,26)",37781,Cn1cnc2c(F)c(Nc3ccc(Br)cc3Cl)c(cc12)C(=O)NOCCO,3
Input,BRD-K00541818,0.28605535,InputSig,NA,NA,LINCSCP_106107,HELA,10uM,24h,large intestine,NA,NA,RNIGAGNWOYTJAX-SDNWWYRDSA-N,"InChI=1S/C30H35N3O3S/c1-5-10-21-13-9-14-23(17-21)28-27-24(20-33(26(27)15-16-34)37(36)30(2,3)4)18-25(32-28)29(35)31-19-22-11-7-6-8-12-22/h5-14,17-18,26,34H,15-16,19-20H2,1-4H3,(H,31,35)/b10-5+/t26-,37-/m0/s1",5441,C\C=C\c1cccc(c1)c2nc(cc3CN([C@@H](CCO)c23)[S@@](=O)C(C)(C)C)C(=O)NCc4ccccc4,NA
Input,Tremorine,0.28585972,InputSig,NA,NA,LINCSCP_14398,HA1E,10uM,24h,kidney epithelial,Acetylcholine receptor agonist,NA,JSUAJTLKVREZHV-UHFFFAOYSA-N,"InChI=1S/C12H20N2/c1-2-8-13(7-1)11-5-6-12-14-9-3-4-10-14/h1-4,7-12H2",550,C(C#CCN1CCCC1)N2CCCC2,NA
Input,CYTO7H11,0.28499817,InputSig,NA,NA,LINCSCP_19453,HCC515,10uM,6h,lung,Cytochrome C release inhibitor,BAX,KUUJEXLRLIPQQJ-UHFFFAOYSA-N,"InChI=1S/C19H21Br2N3O/c20-13-1-3-18-16(9-13)17-10-14(21)2-4-19(17)24(18)12-15(25)11-23-7-5-22-6-8-23/h1-4,9-10,15,22,25H,5-8,11-12H2",36227,OC(CN1CCNCC1)Cn2c3ccc(Br)cc3c4cc(Br)ccc24,NA
Input,atorvastatin,0.28478785,InputSig,NA,NA,LINCSCP_23536,HEPG2,3uM,24h,liver,HMGCR inhibitor,DPP4|HMGCR,NA,NA,NA,NA,NA
Input,"(3S,11bs)-Tetrabenazine",0.28450924,InputSig,NA,NA,LINCSCP_111040,HELA,0.37uM,24h,large intestine,Vesicular monoamine transporter inhibitor,SLC18A2,MKJIEFSOBYUXJB-HOCLYGCPSA-N,"InChI=1S/C19H27NO3/c1-12(2)7-14-11-20-6-5-13-8-18(22-3)19(23-4)9-15(13)16(20)10-17(14)21/h8-9,12,14,16H,5-7,10-11H2,1-4H3/t14-,16-/m0/s1",16074,COc1cc2CCN3C[C@H](CC(C)C)C(=O)C[C@H]3c2cc1OC,NA
Input,BRD-K58191509,0.28440836,InputSig,NA,NA,LINCSCP_33886,MCF7,10uM,24h,breast,NA,NA,UHIMEEWAODCTDO-BRIFBZNFSA-N,"InChI=1S/C39H47N5O6/c1-26-23-44(27(2)25-45)38(47)33-22-31(41-37(46)30-17-19-40-20-18-30)15-16-35(33)50-28(3)10-7-8-21-49-36(26)24-43(4)39(48)42-34-14-9-12-29-11-5-6-13-32(29)34/h5-6,9,11-20,22,26-28,36,45H,7-8,10,21,23-25H2,1-4H3,(H,41,46)(H,42,48)/t26-,27-,28+,36+/m1/s1",33174,C[C@H](CO)N1C[C@@H](C)[C@H](CN(C)C(=O)Nc2cccc3ccccc23)OCCCC[C@H](C)Oc4ccc(NC(=O)c5ccncc5)cc4C1=O,NA
Input,AC1Q6JJ5,0.28429197,InputSig,NA,NA,LINCSCP_43716,OV7,0.1uM,6h,ovary,Topoisomerase inhibitor,TOP2A,XDXDZDZNSLXDNA-YMYDAGKFSA-N,"InChI=1S/C26H27NO9/c1-10-21(29)15(27)7-17(35-10)36-16-9-26(34,11(2)28)8-14-18(16)25(33)20-19(24(14)32)22(30)12-5-3-4-6-13(12)23(20)31/h3-6,10,15-17,21,29,32-34H,7-9,27H2,1-2H3/t10?,15?,16-,17?,21?,26-/m0/s1",36674,CC1OC(CC(N)C1O)O[C@H]2C[C@@](O)(Cc3c(O)c4C(=O)c5ccccc5C(=O)c4c(O)c23)C(=O)C,NA
Input,NCGC00346967-01,0.28420431,InputSig,NA,NA,LINCSCP_84738,ASC,1.11uM,24h,adipose,EPHB3 inhibitor,EPHB3,UISRWLSAXIOCND-UHFFFAOYSA-N,"InChI=1S/C22H23Cl2N5O2S/c1-28-8-10-29(11-9-28)13-6-7-16(17(12-13)31-2)26-22-27-21(25)20(32-22)19(30)18-14(23)4-3-5-15(18)24/h3-7,12H,8-11,25H2,1-2H3,(H,26,27)",1733,COc1cc(ccc1Nc2nc(N)c(s2)C(=O)c3c(Cl)cccc3Cl)N4CCN(C)CC4,NA
Input,Tamatinib,0.28389615,InputSig,NA,NA,LINCSCP_29716,MCF10A,0.5uM,6h,breast epithelial,SYK inhibitor,SYK,NHHQJBCNYHBUSI-UHFFFAOYSA-N,"InChI=1S/C22H23FN6O5/c1-22(2)20(30)28-19-13(34-22)6-7-16(27-19)26-18-12(23)10-24-21(29-18)25-11-8-14(31-3)17(33-5)15(9-11)32-4/h6-10H,1-5H3,(H3,24,25,26,27,28,29,30)",15123,COc1cc(Nc2ncc(F)c(Nc3ccc4OC(C)(C)C(=O)Nc4n3)n2)cc(OC)c1OC,2
Input,AS-605240,0.28368423,InputSig,NA,NA,LINCSCP_24518,HS578T,1uM,6h,breast,PI3K inhibitor,PIK3CG,SQWZFLMPDUSYGV-UXBLZVDNSA-N,"InChI=1S/C12H7N3O2S/c16-11-10(18-12(17)15-11)6-7-1-2-8-9(5-7)14-4-3-13-8/h1-6H,(H,15,16,17)/b10-6+",22116,O=C1NC(=O)\C(=C/c2ccc3nccnc3c2)\S1,NA
Input,CHEMBL2355441,0.28343736,InputSig,NA,NA,LINCSCP_228762,HT29,5uM,24h,large intestine,NA,NA,CBAAPWVHONFTKW-KSUBRIHNSA-N,"InChI=1S/C35H47F3N4O7S/c1-22-18-42(23(2)21-43)34(44)30-17-29(40-50(45,46)33-25(4)39-49-26(33)5)14-15-31(30)48-24(3)9-7-8-16-47-32(22)20-41(6)19-27-10-12-28(13-11-27)35(36,37)38/h10-15,17,22-24,32,40,43H,7-9,16,18-21H2,1-6H3/t22-,23+,24-,32+/m1/s1",40198,C[C@@H](CO)N1C[C@@H](C)[C@H](CN(C)Cc2ccc(cc2)C(F)(F)F)OCCCC[C@@H](C)Oc3ccc(NS(=O)(=O)c4c(C)onc4C)cc3C1=O,NA
Input,BRD-K21165668,0.28328091,InputSig,NA,NA,LINCSCP_211393,HA1E,10uM,6h,kidney epithelial,NA,NA,HYHNGJQOQBBFBA-ISCCLHIJSA-N,"InChI=1S/C30H30F3N3O5S/c1-20-17-36(21(2)19-37)29(38)26-15-23(10-9-22-11-13-24(14-12-22)30(31,32)33)16-34-28(26)41-27(20)18-35(3)42(39,40)25-7-5-4-6-8-25/h4-8,11-16,20-21,27,37H,17-19H2,1-3H3/t20-,21+,27-/m0/s1",12117,C[C@H](CO)N1C[C@H](C)[C@H](CN(C)S(=O)(=O)c2ccccc2)Oc3ncc(cc3C1=O)C#Cc4ccc(cc4)C(F)(F)F,NA
Input,"1-(1,3-Benzodioxol-5-ylcarbonyl)piperidine",0.2827889,InputSig,NA,NA,LINCSCP_152730,PC3,0.04uM,24h,prostate,NA,NA,BXBNADAPIHHXJQ-UHFFFAOYSA-N,"InChI=1S/C13H15NO3/c15-13(14-6-2-1-3-7-14)10-4-5-11-12(8-10)17-9-16-11/h4-5,8H,1-3,6-7,9H2",38665,O=C(N1CCCCC1)c2ccc3OCOc3c2,NA
Input,"6-(7-Hydroxy-6,7-dihydro-5H-pyrrolo[1,2-c]imidazol-7-yl)-n-methyl-2-naphthamide",0.28266861,InputSig,NA,NA,LINCSCP_30406,MCF7,40uM,24h,breast,Androgen biosynthesis inhibitor|Androgen receptor antagonist|Cytochrome P450 inhibitor,CYP17A1,OZPFIJIOIVJZMN-UHFFFAOYSA-N,"InChI=1S/C18H17N3O2/c1-19-17(22)14-3-2-13-9-15(5-4-12(13)8-14)18(23)6-7-21-11-20-10-16(18)21/h2-5,8-11,23H,6-7H2,1H3,(H,19,22)",36664,CNC(=O)c1ccc2cc(ccc2c1)C3(O)CCn4cncc34,NA
Input,Triacsin C,0.28125521,InputSig,NA,NA,LINCSCP_291658,VCAP,10uM,24h,prostate,Adrenergic receptor antagonist,ACSL1,NKTGCVUIESDXPU-YLEPRARLSA-N,"InChI=1S/C11H17N3O/c1-2-3-4-5-6-7-8-9-10-11-12-13-14-15/h4-5,7-11H,2-3,6H2,1H3,(H,13,15)/b5-4+,8-7+,10-9+,12-11+",22965,CCC/C=C/C/C=C/C=C/C=N/NN=O,NA
Input,Motesanib,0.28015879,InputSig,NA,NA,LINCSCP_24650,HS578T,10uM,6h,breast,KIT inhibitor|PDGFR tyrosine kinase receptor inhibitor|VEGFR inhibitor,FLT1|FLT4|KDR|KIT|PDGFRA|PDGFRB|RET,RAHBGWKEPAQNFF-UHFFFAOYSA-N,"InChI=1S/C22H23N5O/c1-22(2)14-26-19-12-16(5-6-18(19)22)27-21(28)17-4-3-9-24-20(17)25-13-15-7-10-23-11-8-15/h3-12,26H,13-14H2,1-2H3,(H,24,25)(H,27,28)",23526,CC1(C)CNc2cc(NC(=O)c3cccnc3NCc4ccncc4)ccc12,3
Input,CHEMBL2136492,0.27982431,InputSig,NA,NA,LINCSCP_297962,VCAP,5uM,24h,prostate,NA,NA,UDDMVFRUSJXUEW-SELNLUPBSA-N,"InChI=1S/C25H31N3O6S/c1-18-14-28(19(2)16-29)35(31,32)24-10-9-20(7-8-21-6-5-11-26-13-21)12-22(24)34-23(18)15-27(3)25(30)17-33-4/h5-6,9-13,18-19,23,29H,14-17H2,1-4H3/t18-,19+,23-/m1/s1",16839,COCC(=O)N(C)C[C@H]1Oc2cc(ccc2S(=O)(=O)N(C[C@H]1C)[C@@H](C)CO)C#Cc3cccnc3,NA
Input,BRD-K16539011,0.27963003,InputSig,NA,NA,LINCSCP_3330,A375,5uM,24h,skin,NA,NA,OISGRMDYSXSLAB-YDGZCJQPSA-N,"InChI=1S/C22H29N3O5/c1-14-21(26)24(2)13-20-19(28-4)8-6-16(30-20)9-10-29-18-7-5-15(12-23)11-17(18)22(27)25(14)3/h5,7,11,14,16,19-20H,6,8-10,13H2,1-4H3/t14-,16+,19+,20+/m0/s1",12004,CO[C@@H]1CC[C@@H]2CCOc3ccc(cc3C(=O)N(C)[C@@H](C)C(=O)N(C)C[C@H]1O2)C#N,NA
Input,MLS001203652,0.27957226,InputSig,NA,NA,LINCSCP_242452,MCF7,10uM,24h,breast,NA,NA,ICKPGBPIOPGQTC-UITAMQMPSA-N,"InChI=1S/C11H10N2O3S/c1-16-8-4-6(2-3-7(8)14)5-9-10(15)13-11(12)17-9/h2-5,14H,1H3,(H2,12,13,15)/b9-5-",16832,COc1cc(\C=C\2/SC(=NC2=O)N)ccc1O,NA
Input,Vesamicol,0.27953609,InputSig,NA,NA,LINCSCP_14548,HA1E,10uM,6h,kidney epithelial,Acetylcholinesterase inhibitor,SLC18A3,YSSBJODGIYRAMI-IAGOWNOFSA-N,"InChI=1S/C17H25NO/c19-17-9-5-4-8-16(17)18-12-10-15(11-13-18)14-6-2-1-3-7-14/h1-3,6-7,15-17,19H,4-5,8-13H2/t16-,17-/m1/s1",35557,O[C@@H]1CCCC[C@H]1N2CCC(CC2)c3ccccc3,NA
Input,Veliparib,0.27935425,InputSig,NA,NA,LINCSCP_117217,HT29,0.12uM,24h,large intestine,PARP inhibitor,PARP1|PARP2,JNAHVYVRKWKWKQ-CYBMUJFWSA-N,"InChI=1S/C13H16N4O/c1-13(6-3-7-15-13)12-16-9-5-2-4-8(11(14)18)10(9)17-12/h2,4-5,15H,3,6-7H2,1H3,(H2,14,18)(H,16,17)/t13-/m1/s1",23021,C[C@@]1(CCCN1)c2nc3c(cccc3[nH]2)C(=O)N,NA
Input,SGX-523,0.27898587,InputSig,NA,NA,LINCSCP_36895,MCF7,0.1uM,6h,breast,Hepatocyte growth factor receptor inhibitor,MET,BCZUAADEACICHN-UHFFFAOYSA-N,"InChI=1S/C18H13N7S/c1-24-11-13(10-20-24)16-6-7-17-21-22-18(25(17)23-16)26-14-4-5-15-12(9-14)3-2-8-19-15/h2-11H,1H3",35286,Cn1cc(cn1)c2ccc3nnc(Sc4ccc5ncccc5c4)n3n2,1
Input,CHEMBL567331,0.27885622,InputSig,NA,NA,LINCSCP_1608,A375,10uM,6h,skin,DYRK inhibitor,CLK1|CLK4|DYRK1A,QFBOPHGXTBOQRN-UHFFFAOYSA-N,"InChI=1S/C20H15N3O2S/c1-2-15(26-7-1)10-21-20-16-8-13(3-5-17(16)22-11-23-20)14-4-6-18-19(9-14)25-12-24-18/h1-9,11H,10,12H2,(H,21,22,23)",30930,C(Nc1ncnc2ccc(cc12)c3ccc4OCOc4c3)c5cccs5,NA
Input,Norlichexanthone,0.27877049,InputSig,NA,NA,LINCSCP_58432,VCAP,10uM,24h,prostate,Aurora kinase inhibitor|PIM kinase inhibitor|VEGFR inhibitor,AURKB|PIM1,AQZHBCDRWFMXIN-UHFFFAOYSA-N,"InChI=1S/C14H10O5/c1-6-2-7(15)4-10-12(6)14(18)13-9(17)3-8(16)5-11(13)19-10/h2-5,15-17H,1H3",36310,Cc1cc(O)cc2Oc3cc(O)cc(O)c3C(=O)c12,NA
Input,BRD-K33868913,0.27877029,InputSig,NA,NA,LINCSCP_183008,A375,5uM,24h,skin,NA,NA,KKWAEGUSNQIREC-HTFPWXHTSA-N,"InChI=1S/C25H35N3O6/c1-16-21(32-5)14-28(3)25(30)19-8-6-7-17(13-26)23(19)33-12-11-18-9-10-20(31-4)22(34-18)15-27(2)24(16)29/h6-8,16,18,20-22H,9-12,14-15H2,1-5H3/t16-,18-,20-,21+,22-/m1/s1",32564,CO[C@@H]1CC[C@@H]2CCOc3c(cccc3C(=O)N(C)C[C@H](OC)[C@@H](C)C(=O)N(C)C[C@H]1O2)C#N,NA
Input,MLS002232309,0.27862346,InputSig,NA,NA,LINCSCP_29519,MCF10A,0.5uM,24h,breast epithelial,NA,NA,VIJIVCXRKDRGGA-UHFFFAOYSA-N,"InChI=1S/C29H41N7O3/c1-19(2)36-24-18-30-29(33-27(24)35(16-13-26(36)37)22-7-5-6-8-22)32-23-10-9-20(17-25(23)39-4)28(38)31-21-11-14-34(3)15-12-21/h9-10,17-19,21-22H,5-8,11-16H2,1-4H3,(H,31,38)(H,30,32,33)",36471,COc1cc(ccc1Nc2ncc3N(C(C)C)C(=O)CCN(C4CCCC4)c3n2)C(=O)NC5CCN(C)CC5,NA
Input,BRD-K65633533,0.27843455,InputSig,NA,NA,LINCSCP_198793,A549,5uM,24h,lung,NA,NA,XWXBNJNOOSAFDW-DYEKYZERSA-N,"InChI=1S/C14H18N2O3/c1-19-8-13(18)16-11-6-15-10-5-3-2-4-9(10)14(11)12(16)7-17/h2-5,11-12,14-15,17H,6-8H2,1H3/t11-,12+,14+/m1/s1",13259,COCC(=O)N1[C@@H](CO)[C@@H]2[C@H]1CNc3ccccc23,NA
Input,MLS000063560,0.27837037,InputSig,NA,NA,LINCSCP_207821,H1299,10uM,6h,lung,NA,NA,MMKXHTDCKLZHIM-UHFFFAOYSA-N,"InChI=1S/C17H17N3O3/c1-3-21-14-6-5-13(11-15(14)22-4-2)17-19-16(20-23-17)12-7-9-18-10-8-12/h5-11H,3-4H2,1-2H3",35637,CCOc1ccc(cc1OCC)c2onc(n2)c3ccncc3,NA
Input,CX-5461,0.27824359,InputSig,NA,NA,LINCSCP_165844,SKL,10uM,24h,skeletal muscle,NA,NA,XGPBJCHFROADCK-UHFFFAOYSA-N,"InChI=1S/C27H27N7O2S/c1-17-14-29-18(15-28-17)16-30-26(36)23-24(35)19-8-9-22(33-11-5-10-32(2)12-13-33)31-25(19)34-20-6-3-4-7-21(20)37-27(23)34/h3-4,6-9,14-15H,5,10-13,16H2,1-2H3,(H,30,36)",34338,CN1CCCN(CC1)c2ccc3C(=O)C(=C4Sc5ccccc5N4c3n2)C(=O)NCc6cnc(C)cn6,NA
Input,MLS003128853,0.27823846,InputSig,NA,NA,LINCSCP_64460,VCAP,5uM,6h,prostate,NA,NA,WIYHORLWMFSPCL-ZJKUCEDFSA-N,"InChI=1S/C32H47N3O6/c1-22-17-35(23(2)20-36)32(37)27-16-26(33(4)5)11-13-28(27)41-24(3)9-7-8-14-38-31(22)19-34(6)18-25-10-12-29-30(15-25)40-21-39-29/h10-13,15-16,22-24,31,36H,7-9,14,17-21H2,1-6H3/t22-,23+,24+,31-/m1/s1",36809,C[C@@H](CO)N1C[C@@H](C)[C@@H](CN(C)Cc2ccc3OCOc3c2)OCCCC[C@H](C)Oc4ccc(cc4C1=O)N(C)C,NA
Input,BRD-K07105437,0.27810016,InputSig,NA,NA,LINCSCP_8693,A549,5uM,24h,lung,NA,NA,CJRLOTNMWBMMLN-PMWMKWCKSA-N,"InChI=1S/C29H38N4O6S/c1-32-24-7-6-21(17-27(34)30-9-3-10-33-11-13-37-14-12-33)39-26(24)19-38-25-8-5-20(16-23(25)29(32)36)31-28(35)18-22-4-2-15-40-22/h2,4-5,8,15-16,21,24,26H,3,6-7,9-14,17-19H2,1H3,(H,30,34)(H,31,35)/t21-,24-,26+/m0/s1",13620,CN1[C@H]2CC[C@@H](CC(=O)NCCCN3CCOCC3)O[C@@H]2COc4ccc(NC(=O)Cc5cccs5)cc4C1=O,NA
Input,"13-Methyl-7-[9-(4,4,5,5,5-pentafluoropentylsulfinyl)nonyl]-6,7,8,9,11,12,14,15,16,17-decahydrocyclopenta[a]phenanthrene-3,17-diol",0.27808879,InputSig,NA,NA,LINCSCP_68811,VCAP,10uM,6h,prostate,Estrogen receptor antagonist,ESR1,VWUXBMIQPBEWFH-UHFFFAOYSA-N,"InChI=1S/C32H47F5O3S/c1-30-17-15-26-25-12-11-24(38)21-23(25)20-22(29(26)27(30)13-14-28(30)39)10-7-5-3-2-4-6-8-18-41(40)19-9-16-31(33,34)32(35,36)37/h11-12,21-22,26-29,38-39H,2-10,13-20H2,1H3",475,CC12CCC3C(C(CCCCCCCCCS(=O)CCCC(F)(F)C(F)(F)F)Cc4cc(O)ccc34)C1CCC2O,NA
Input,MLS002302556,0.27804876,InputSig,NA,NA,LINCSCP_221399,HEPG2,10uM,6h,liver,NA,NA,RVZKNQZODAWORS-QGZVFWFLSA-N,"InChI=1S/C26H22O3S/c1-28-23-11-10-16(15-24(23)29-2)17-12-18(14-19(27)13-17)20-7-5-8-22-21-6-3-4-9-25(21)30-26(20)22/h3-11,14-15,17H,12-13H2,1-2H3/t17-/m1/s1",18322,COc1ccc(cc1OC)[C@H]2CC(=O)C=C(C2)c3cccc4c5ccccc5sc34,NA
Input,MAYBRIDGE4_003950,0.27797256,InputSig,NA,NA,LINCSCP_296131,VCAP,10uM,24h,prostate,NA,NA,BQQXRPSVROFRFL-UHFFFAOYSA-N,"InChI=1S/C15H21F3N4O/c1-14(2,3)20-13(23)22-9-7-21(8-10-22)12-11(15(16,17)18)5-4-6-19-12/h4-6H,7-10H2,1-3H3,(H,20,23)",16186,CC(C)(C)NC(=O)N1CCN(CC1)c2ncccc2C(F)(F)F,NA
Input,BRD-K33936059,0.27790836,InputSig,NA,NA,LINCSCP_310006,VCAP,10uM,24h,prostate,NA,NA,REUODRDBLQASAI-UHFFFAOYSA-N,"InChI=1S/C16H16N2O/c1-12-3-5-14(6-4-12)11-17-15-7-9-16(10-8-15)18-13(2)19/h3-11H,1-2H3,(H,18,19)",26441,CC(=O)Nc1ccc(cc1)N=Cc2ccc(C)cc2,NA
Input,CHEMBL2359660,0.27758522,InputSig,NA,NA,LINCSCP_60375,VCAP,5uM,24h,prostate,NA,NA,AXBJPSYRCLUHNL-PBANKSGMSA-N,"InChI=1S/C32H38N2O5S/c1-23-19-34(24(2)22-35)40(37,38)32-17-14-26(11-10-25(3)36)18-30(32)39-31(23)21-33(4)20-27-12-15-29(16-13-27)28-8-6-5-7-9-28/h5-9,12-18,23-25,31,35-36H,19-22H2,1-4H3/t23-,24+,25-,31-/m0/s1",36919,C[C@H](O)C#Cc1ccc2c(O[C@@H](CN(C)Cc3ccc(cc3)c4ccccc4)[C@@H](C)CN([C@H](C)CO)S2(=O)=O)c1,NA
Input,CTK8H3236,0.27717771,InputSig,NA,NA,LINCSCP_40962,NEU,10uM,24h,NA,Tachykinin antagonist,TACR1,PCVSIMQAFWRUEC-UHFFFAOYSA-N,"InChI=1S/C33H33N5O5/c1-36(22-23-10-3-2-4-11-23)32(40)28(21-24-17-18-25-12-5-6-13-26(25)20-24)34-31(39)30-16-9-19-37(30)33(41)35-27-14-7-8-15-29(27)38(42)43/h2-8,10-15,17-18,20,28,30H,9,16,19,21-22H2,1H3,(H,34,39)(H,35,41)",462,CN(Cc1ccccc1)C(=O)C(Cc2ccc3ccccc3c2)NC(=O)C4CCCN4C(=O)Nc5ccccc5[N+](=O)[O-],NA
Input,MLS006011051,0.27712306,InputSig,NA,NA,LINCSCP_83877,ASC.C,0.04uM,24h,NA,RAF inhibitor,BRAF,DEZZLWQELQORIU-RELWKKBWSA-N,"InChI=1S/C19H18N4O2/c24-10-9-23-12-17(19(21-23)13-5-7-20-8-6-13)15-1-3-16-14(11-15)2-4-18(16)22-25/h1,3,5-8,11-12,24-25H,2,4,9-10H2/b22-18+",17500,OCCn1cc(c2ccc3C(=NO)CCc3c2)c(n1)c4ccncc4,NA
Input,"1-(2,6-Dichlorobenzylideneamino)guanidine",0.27698701,InputSig,NA,NA,LINCSCP_139623,MCF7,0.37uM,24h,breast,Adrenergic receptor agonist,NA,WDZVGELJXXEGPV-UHFFFAOYSA-N,"InChI=1S/C8H8Cl2N4/c9-6-2-1-3-7(10)5(6)4-13-14-8(11)12/h1-4H,(H4,11,12,14)",35868,NC(=N)NN=Cc1c(Cl)cccc1Cl,NA
Input,BRD-K61359353,0.27681549,InputSig,NA,NA,LINCSCP_59686,VCAP,5uM,24h,prostate,NA,NA,ZELRDESQNQXQCO-BVFVYWQFSA-N,"InChI=1S/C28H40N4O5/c1-18(2)29-28(35)30-22-9-12-25-24(13-22)27(34)32(20(4)17-33)14-19(3)26(37-25)16-31(5)15-21-7-10-23(36-6)11-8-21/h7-13,18-20,26,33H,14-17H2,1-6H3,(H2,29,30,35)/t19-,20+,26-/m1/s1",33258,COc1ccc(CN(C)C[C@H]2Oc3ccc(NC(=O)NC(C)C)cc3C(=O)N(C[C@H]2C)[C@@H](C)CO)cc1,NA
Input,Cerulenin,0.27676821,InputSig,NA,NA,LINCSCP_54250,SW620,40uM,6h,large intestine,Fatty acid synthase inhibitor,FASN,GVEZIHKRYBHEFX-NQQPLRFYSA-N,"InChI=1S/C12H17NO3/c1-2-3-4-5-6-7-8-9(14)10-11(16-10)12(13)15/h2-3,5-6,10-11H,4,7-8H2,1H3,(H2,13,15)/b3-2+,6-5+/t10-,11-/m1/s1",17044,C\C=C\C\C=C\CCC(=O)[C@H]1O[C@H]1C(=O)N,NA
Input,"5-{[3-(Dimethylamino)propyl]amino}-2-(2-fluorophenyl)-1,3-oxazole-4-carbonitrile",0.2766687,InputSig,NA,NA,LINCSCP_294821,VCAP,10uM,24h,prostate,NA,NA,RLBOQRXRJCUCHJ-UHFFFAOYSA-N,"InChI=1S/C15H17FN4O/c1-20(2)9-5-8-18-15-13(10-17)19-14(21-15)11-6-3-4-7-12(11)16/h3-4,6-7,18H,5,8-9H2,1-2H3",1409,CN(C)CCCNc1oc(nc1C#N)c2ccccc2F,NA
Input,SPBIO_000926,0.27644827,InputSig,NA,NA,LINCSCP_55987,VCAP,10uM,24h,prostate,Lipoxygenase inhibitor,NA,IGTAVCGEZLIHKG-UHFFFAOYSA-N,"InChI=1S/C19H18O8/c1-8-5-13(26-4)11(7-20)17(22)14(8)19(25)27-12-6-9(2)16(21)15(10(12)3)18(23)24/h5-7,21-22H,1-4H3,(H,23,24)",4096,COc1cc(C)c(C(=O)Oc2cc(C)c(O)c(C(=O)O)c2C)c(O)c1C=O,NA
Input,BRD-K39921295,0.27633874,InputSig,NA,NA,LINCSCP_193584,A549,10uM,24h,lung,NA,NA,FIGGLCUVZRSRTI-UTLSLIQUSA-N,"InChI=1S/C43H53N5O6/c1-30-26-48(31(2)29-49)43(52)25-33-24-34(45-41(50)16-8-5-9-17-42(51)46-38-15-11-10-14-37(38)44)20-23-39(33)54-40(30)28-47(3)27-32-18-21-36(22-19-32)53-35-12-6-4-7-13-35/h4,6-7,10-15,18-24,30-31,40,49H,5,8-9,16-17,25-29,44H2,1-3H3,(H,45,50)(H,46,51)/t30-,31+,40-/m1/s1",12628,C[C@@H](CO)N1C[C@@H](C)[C@@H](CN(C)Cc2ccc(Oc3ccccc3)cc2)Oc4ccc(NC(=O)CCCCCC(=O)Nc5ccccc5N)cc4CC1=O,NA
Input,MLS-0258268.0001,0.27611766,InputSig,NA,NA,LINCSCP_15711,HA1E,10uM,24h,kidney epithelial,NA,NA,LPLIRDQZBOMOQI-UHFFFAOYSA-N,"InChI=1S/C14H10BrN3O2/c15-8-5-6-10-9(7-8)14(13(19)16-10)18-17-11-3-1-2-4-12(11)20-14/h1-7,17-18H,(H,16,19)",28091,Brc1ccc2NC(=O)C3(NNc4ccccc4O3)c2c1,NA
Input,"THR1 Inhibitor, 2",0.27606451,InputSig,NA,NA,LINCSCP_55882,VCAP,10uM,24h,prostate,BTK inhibitor,BTK,BQLDGDMKDYAGNE-UHFFFAOYSA-N,"InChI=1S/C11H8Br2N2O2/c1-6(16)8(5-14)11(17)15-10-4-7(12)2-3-9(10)13/h2-4,8H,1H3,(H,15,17)",360,CC(=O)C(C#N)C(=O)Nc1cc(Br)ccc1Br,NA
Input,Rucaparib,0.27591413,InputSig,NA,NA,LINCSCP_13594,H1299,10uM,6h,lung,PARP inhibitor,PARP1|PARP2|PARP3,HMABYWSNWIZPAG-UHFFFAOYSA-N,"InChI=1S/C19H18FN3O/c1-21-10-11-2-4-12(5-3-11)18-14-6-7-22-19(24)15-8-13(20)9-16(23-18)17(14)15/h2-5,8-9,21,23H,6-7,10H2,1H3,(H,22,24)",16216,CNCc1ccc(cc1)c2[nH]c3cc(F)cc4C(=O)NCCc2c34,4
Input,RO10-5824,0.27551936,InputSig,NA,NA,LINCSCP_241405,MCF7,10uM,6h,breast,Dopamine receptor agonist,DRD4,KABDATZAOUSYES-UHFFFAOYSA-N,"InChI=1S/C17H20N4/c1-13-19-11-16(17(18)20-13)12-21-9-7-15(8-10-21)14-5-3-2-4-6-14/h2-7,11H,8-10,12H2,1H3,(H2,18,19,20)",15955,Cc1ncc(CN2CCC(=CC2)c3ccccc3)c(N)n1,NA
Input,Tyrphostin AG-1478,0.27547793,InputSig,NA,NA,LINCSCP_116979,HT29,1.11uM,24h,large intestine,EGFR inhibitor,EGFR,GFNNBHLJANVSQV-UHFFFAOYSA-N,"InChI=1S/C16H14ClN3O2/c1-21-14-7-12-13(8-15(14)22-2)18-9-19-16(12)20-11-5-3-4-10(17)6-11/h3-9H,1-2H3,(H,18,19,20)",15150,COc1cc2ncnc(Nc3cccc(Cl)c3)c2cc1OC,NA
Input,PF-04217903,0.27499579,InputSig,NA,NA,LINCSCP_51903,SKBR3,0.1uM,24h,breast,C-Met inhibitor,MET,PDMUGYOXRHVNMO-UHFFFAOYSA-N,"InChI=1S/C19H16N8O/c28-7-6-26-12-15(9-22-26)17-10-21-18-19(23-17)27(25-24-18)11-13-3-4-16-14(8-13)2-1-5-20-16/h1-5,8-10,12,28H,6-7,11H2",4162,OCCn1cc(cn1)c2cnc3nnn(Cc4ccc5ncccc5c4)c3n2,1
Input,PD-0325901,0.27485944,InputSig,NA,NA,LINCSCP_85045,ASC,3.33uM,24h,adipose,MAP kinase inhibitor|MEK inhibitor|Protein kinase inhibitor,MAP2K1|MAP2K2,SUDAHWBOROXANE-SECBINFHSA-N,"InChI=1S/C16H14F3IN2O4/c17-11-3-2-10(16(25)22-26-7-9(24)6-23)15(14(11)19)21-13-4-1-8(20)5-12(13)18/h1-5,9,21,23-24H,6-7H2,(H,22,25)/t9-/m1/s1",35278,OC[C@@H](O)CONC(=O)c1ccc(F)c(F)c1Nc2ccc(I)cc2F,2
Input,PRL-3InhibitorI,0.2747819,InputSig,NA,NA,LINCSCP_25720,HT29,40uM,6h,large intestine,Tyrosine phosphatase inhibitor,PTP4A3,HXNBAOLVPAWYLT-OVCLIPMQSA-N,"InChI=1S/C17H11Br2NO2S2/c18-12-5-6-14(22-9-10-3-1-2-4-13(10)19)11(7-12)8-15-16(21)20-17(23)24-15/h1-8H,9H2,(H,20,21,23)/b15-8+",9471,Brc1ccc(OCc2ccccc2Br)c(\C=C/3\SC(=S)NC3=O)c1,NA
Input,SCHEMBL17378613,0.27471333,InputSig,NA,NA,LINCSCP_165401,SKL,3.33uM,24h,skeletal muscle,CSF1R inhibitor,CSF1R,NHOUHWHGHAFDOP-UHFFFAOYSA-N,"InChI=1S/C23H32Cl2N6O3/c1-6-30(7-2)11-9-8-10-26-22-27-13-15-14-31(23(32)29(3)21(15)28-22)20-18(24)16(33-4)12-17(34-5)19(20)25/h12-13H,6-11,14H2,1-5H3,(H,26,27,28)",25583,CCN(CC)CCCCNc1ncc2CN(C(=O)N(C)c2n1)c3c(Cl)c(OC)cc(OC)c3Cl,NA
Input,PD-98059,0.27459873,InputSig,NA,NA,LINCSCP_30825,MCF7,10uM,6h,breast,MAP kinase inhibitor|MEK inhibitor,MAP2K1,QFWCYNPOPKQOKV-UHFFFAOYSA-N,"InChI=1S/C16H13NO3/c1-19-14-8-4-6-11(16(14)17)15-9-12(18)10-5-2-3-7-13(10)20-15/h2-9H,17H2,1H3",15802,COc1cccc(C2=CC(=O)c3ccccc3O2)c1N,NA
Input,VU0413807-2,0.27451899,InputSig,NA,NA,LINCSCP_292228,VCAP,10uM,24h,prostate,Calcium channel blocker,CACNA1G|CACNA1H|CACNA1I,GSJIGYLGKSBYBC-ALOPSCKCSA-N,"InChI=1S/C19H26Cl2N2O/c1-19(2,3)4-5-23-10-16-15(17(16)11-23)9-22-18(24)12-6-13(20)8-14(21)7-12/h6-8,15-17H,4-5,9-11H2,1-3H3,(H,22,24)/t15?,16-,17+",35384,CC(C)(C)CCN1C[C@@H]2C(CNC(=O)c3cc(Cl)cc(Cl)c3)[C@@H]2C1,NA
Input,SKF96365,0.2745057,InputSig,NA,NA,LINCSCP_56508,VCAP,10uM,6h,prostate,Calcium channel blocker,CYP3A4|TRPC1,HLMBXBGDBBCYII-UHFFFAOYSA-N,"InChI=1S/C22H26N2O3/c1-25-20-9-5-18(6-10-20)4-3-15-27-22(16-24-14-13-23-17-24)19-7-11-21(26-2)12-8-19/h5-14,17,22H,3-4,15-16H2,1-2H3",342,COc1ccc(CCCOC(Cn2ccnc2)c3ccc(OC)cc3)cc1,NA
Input,SA-84512,0.27446664,InputSig,NA,NA,LINCSCP_23178,HEPG2,10uM,6h,liver,NA,NA,JVQYZDSRPVTFBX-VCEFOFBQSA-N,"InChI=1S/C35H40N4O6/c1-22-16-39(23(2)20-40)35(42)28-15-26(36-34(41)14-25-18-38(4)29-8-6-5-7-27(25)29)10-12-30(28)45-33(22)19-37(3)17-24-9-11-31-32(13-24)44-21-43-31/h5-13,15,18,22-23,33,40H,14,16-17,19-21H2,1-4H3,(H,36,41)/t22-,23+,33+/m0/s1",12461,C[C@H](CO)N1C[C@H](C)[C@@H](CN(C)Cc2ccc3OCOc3c2)Oc4ccc(NC(=O)Cc5cn(C)c6ccccc56)cc4C1=O,NA
Input,Cyproheptadine,0.27432062,InputSig,NA,NA,LINCSCP_101296,HELA,0.04uM,24h,large intestine,Histamine H1 receptor antagonist,HRH1,JJCFRYNCJDLXIK-UHFFFAOYSA-N,"InChI=1S/C21H21N/c1-22-14-12-18(13-15-22)21-19-8-4-2-6-16(19)10-11-17-7-3-5-9-20(17)21/h2-11H,12-15H2,1H3",236,CN1CCC(=C2c3ccccc3C=Cc4ccccc24)CC1,4
Input,PLX-4720,0.27417237,InputSig,NA,NA,LINCSCP_130647,MCF10A,0.12uM,24h,breast epithelial,RAF inhibitor,BRAF,YZDJQTHVDDOVHR-UHFFFAOYSA-N,"InChI=1S/C17H14ClF2N3O3S/c1-2-5-27(25,26)23-13-4-3-12(19)14(15(13)20)16(24)11-8-22-17-10(11)6-9(18)7-21-17/h3-4,6-8,23H,2,5H2,1H3,(H,21,22)",35267,CCCS(=O)(=O)Nc1ccc(F)c(C(=O)c2c[nH]c3ncc(Cl)cc23)c1F,NA
Input,BRD-K69841970-001-01-4,0.27411116,InputSig,NA,NA,LINCSCP_59787,VCAP,5uM,6h,prostate,NA,NA,FCCAVEYMXYQNMW-RHGYRFJNSA-N,"InChI=1S/C27H36Cl2N4O4/c1-16(2)30-27(36)31-23-8-6-7-20-25(23)37-24(17(3)12-33(26(20)35)18(4)15-34)14-32(5)13-19-9-10-21(28)22(29)11-19/h6-11,16-18,24,34H,12-15H2,1-5H3,(H2,30,31,36)/t17-,18+,24-/m0/s1",13346,CC(C)NC(=O)Nc1cccc2C(=O)N(C[C@H](C)[C@H](CN(C)Cc3ccc(Cl)c(Cl)c3)Oc12)[C@H](C)CO,NA
Input,BRL50481,0.27367757,InputSig,NA,NA,LINCSCP_33256,MCF7,10uM,6h,breast,Phosphodiesterase inhibitor,NA,IFIUFCJFLGCQPH-UHFFFAOYSA-N,"InChI=1S/C9H12N2O4S/c1-7-4-5-8(11(12)13)6-9(7)16(14,15)10(2)3/h4-6H,1-3H3",15988,CN(C)S(=O)(=O)c1cc(ccc1C)[N+](=O)[O-],NA
Input,MLS003448149,0.27346252,InputSig,NA,NA,LINCSCP_13518,H1299,10uM,6h,lung,NA,NA,BKTXRPJVVXUPPO-PNCWTNKOSA-N,"InChI=1S/C37H50FN5O6S/c1-26-23-43(27(2)24-41(4)5)36(44)33-22-31(40-37(45)39-30-13-8-7-9-14-30)17-20-34(33)49-28(3)12-10-11-21-48-35(26)25-42(6)50(46,47)32-18-15-29(38)16-19-32/h7-9,13-20,22,26-28,35H,10-12,21,23-25H2,1-6H3,(H2,39,40,45)/t26-,27+,28+,35+/m1/s1",35786,C[C@@H](CN(C)C)N1C[C@@H](C)[C@H](CN(C)S(=O)(=O)c2ccc(F)cc2)OCCCC[C@H](C)Oc3ccc(NC(=O)Nc4ccccc4)cc3C1=O,NA
Input,HSCI1_000314,0.27320931,InputSig,NA,NA,LINCSCP_43769,OV7,80uM,6h,ovary,Arginase inhibitor,ARG1|ARG2,OTJHLDXXJHAZTN-SCSAIBSYSA-N,"InChI=1S/C5H12BNO4S/c7-4(5(8)9)3-12-2-1-6(10)11/h4,10-11H,1-3,7H2,(H,8,9)/t4-/m1/s1",1721,N[C@H](CSCCB(O)O)C(=O)O,NA
Input,Epigalocatechin Gallate,0.27313068,InputSig,NA,NA,LINCSCP_84584,ASC,10uM,24h,adipose,Bacterial DNA gyrase inhibitor,FASN,WMBWREPUVVBILR-WIYYLYMNSA-N,"InChI=1S/C22H18O11/c23-10-5-12(24)11-7-18(33-22(31)9-3-15(27)20(30)16(28)4-9)21(32-17(11)6-10)8-1-13(25)19(29)14(26)2-8/h1-6,18,21,23-30H,7H2/t18-,21-/m1/s1",36497,Oc1cc(O)c2C[C@@H](OC(=O)c3cc(O)c(O)c(O)c3)[C@H](Oc2c1)c4cc(O)c(O)c(O)c4,NA
Input,CID 46937231,0.27310161,InputSig,NA,NA,LINCSCP_5520,A549,10uM,6h,lung,NA,NA,WKFAULJTANEMGJ-UHFFFAOYSA-N,"InChI=1S/C28H28N4O2/c33-27(31-18-16-23(17-19-31)20-22-10-4-1-5-11-22)32-21-26(29-30-32)28(34,24-12-6-2-7-13-24)25-14-8-3-9-15-25/h1-15,21,23,34H,16-20H2",1358,OC(c1ccccc1)(c2ccccc2)c3cn(nn3)C(=O)N4CCC(Cc5ccccc5)CC4,NA
Input,"(1Ar,7as,10as,10br)-1a,5-Dimethyl-8-methylidene-2,3,6,7,7a,8,10a,10b-octahydrooxireno[9,10]cyclodeca[1,2-b]furan-9(1ah)-one",0.27299419,InputSig,NA,NA,LINCSCP_54047,SW480,20uM,6h,large intestine,NFkB pathway inhibitor,NA,KTEXNACQROZXEV-ZRPLFPEYSA-N,"InChI=1S/C15H20O3/c1-9-5-4-8-15(3)13(18-15)12-11(7-6-9)10(2)14(16)17-12/h5,11-13H,2,4,6-8H2,1,3H3/b9-5-/t11-,12-,13+,15+/m0/s1",37954,C\C\1=C\CC[C@@]2(C)O[C@@H]2[C@H]3OC(=O)C(=C)[C@@H]3CC1,NA
Input,Naloxone,0.27285135,InputSig,NA,NA,LINCSCP_243793,MCF7,10uM,6h,breast,Opioid receptor antagonist,OPRD1|OPRK1|OPRM1,UZHSEJADLWPNLE-GRGSLBFTSA-N,"InChI=1S/C19H21NO4/c1-2-8-20-9-7-18-15-11-3-4-12(21)16(15)24-17(18)13(22)5-6-19(18,23)14(20)10-11/h2-4,14,17,21,23H,1,5-10H2/t14-,17+,18+,19-/m1/s1",35948,Oc1ccc2C[C@H]3N(CC=C)CC[C@@]45[C@@H](Oc1c24)C(=O)CC[C@@]35O,4
Input,CHEMBL2359502,0.27279454,InputSig,NA,NA,LINCSCP_5989,A549,10uM,24h,lung,NA,NA,XGMQKVJTWVADHD-MCYUDXQTSA-N,"InChI=1S/C38H49F3N4O6/c1-25-21-45(26(2)24-46)36(47)33-20-31(43-37(48)42-30-13-11-29(12-14-30)38(39,40)41)15-18-34(33)51-27(3)8-6-7-19-50-35(25)23-44(4)22-28-9-16-32(49-5)17-10-28/h9-18,20,25-27,35,46H,6-8,19,21-24H2,1-5H3,(H2,42,43,48)/t25-,26-,27+,35-/m1/s1",19882,COc1ccc(CN(C)C[C@H]2OCCCC[C@H](C)Oc3ccc(NC(=O)Nc4ccc(cc4)C(F)(F)F)cc3C(=O)N(C[C@H]2C)[C@H](C)CO)cc1,NA
Input,Glyburide,0.27267095,InputSig,NA,NA,LINCSCP_708,A375,10uM,24h,skin,Sulfonylurea,ABCC8|CFTR|KCNJ11|KCNJ5|KCNJ8,ZNNLBTZKUZBEKO-UHFFFAOYSA-N,"InChI=1S/C23H28ClN3O5S/c1-32-21-12-9-17(24)15-20(21)22(28)25-14-13-16-7-10-19(11-8-16)33(30,31)27-23(29)26-18-5-3-2-4-6-18/h7-12,15,18H,2-6,13-14H2,1H3,(H,25,28)(H2,26,27,29)",35707,COc1ccc(Cl)cc1C(=O)NCCc2ccc(cc2)S(=O)(=O)NC(=O)NC3CCCCC3,4
Input,AT 7867,0.27260704,InputSig,NA,NA,LINCSCP_112240,HEPG2,0.04uM,24h,liver,NA,NA,LZMOSYUFVYJEPY-UHFFFAOYSA-N,"InChI=1S/C20H20ClN3/c21-19-7-5-18(6-8-19)20(9-11-22-12-10-20)17-3-1-15(2-4-17)16-13-23-24-14-16/h1-8,13-14,22H,9-12H2,(H,23,24)",15165,Clc1ccc(cc1)C2(CCNCC2)c3ccc(cc3)c4cn[nH]c4,NA
Input,E6 Berbamine,0.27257795,InputSig,NA,NA,LINCSCP_44730,PC3,10uM,24h,prostate,Calmodulin antagonist,CALM1,PUAVTDKYTXNVBU-OIDHKYIRSA-N,"InChI=1S/C44H43N3O9/c1-45-18-16-29-23-37(51-3)39-25-33(29)34(45)20-26-6-13-32(14-7-26)54-38-22-27(8-15-36(38)56-44(48)28-9-11-31(12-10-28)47(49)50)21-35-41-30(17-19-46(35)2)24-40(52-4)42(53-5)43(41)55-39/h6-15,22-25,34-35H,16-21H2,1-5H3/t34-,35+/m0/s1",15705,COc1cc2CCN(C)[C@H]3Cc4ccc(Oc5cc(C[C@H]6N(C)CCc7cc(OC)c(OC)c(Oc1cc23)c67)ccc5OC(=O)c8ccc(cc8)[N+](=O)[O-])cc4,NA
Input,"4H-1-Benzopyran-4-one, 5,6,7-trimethoxy-3-(2-methoxyphenyl)-",0.27245501,InputSig,NA,NA,LINCSCP_7095,A549,10uM,24h,lung,Isoflavone,NA,LMYDKXXEPYRDDD-UHFFFAOYSA-N,"InChI=1S/C19H18O6/c1-21-13-8-6-5-7-11(13)12-10-25-14-9-15(22-2)18(23-3)19(24-4)16(14)17(12)20/h5-10H,1-4H3",1299,COc1cc2OC=C(C(=O)c2c(OC)c1OC)c3ccccc3OC,NA
Input,Diazepam,0.27236784000000003,InputSig,NA,NA,LINCSCP_134955,MCF7,10uM,24h,breast,Benzodiazepine receptor agonist,GABRA1|GABRA2|GABRA3|GABRA4|GABRA5|GABRA6|GABRB1|GABRB2|GABRB3|GABRD|GABRE|GABRG1|GABRG2|GABRG3|GABRP|GABRQ,AAOVKJBEBIDNHE-UHFFFAOYSA-N,"InChI=1S/C16H13ClN2O/c1-19-14-8-7-12(17)9-13(14)16(18-10-15(19)20)11-5-3-2-4-6-11/h2-9H,10H2,1H3",35570,CN1C(=O)CN=C(c2ccccc2)c3cc(Cl)ccc13,4
Input,ZD-7288,0.27221132,InputSig,NA,NA,LINCSCP_204613,ASC,10uM,24h,adipose,HCN channel blocker,HCN1|HCN2|HCN3|HCN4,JABSKGQQWUDVRU-UHFFFAOYSA-O,"InChI=1S/C15H20N4/c1-5-19(13-9-7-6-8-10-13)15-11-14(16-3)18(4)12(2)17-15/h6-11H,5H2,1-4H3/p+1",15462,CCN(c1ccccc1)c2cc(NC)[n+](C)c(C)n2,NA
Input,Devazepide,0.27161867,InputSig,NA,NA,LINCSCP_40982,NEU,10uM,24h,NA,CCK receptor antagonist,CCKAR,NFHRQQKPEBFUJK-HSZRJFAPSA-N,"InChI=1S/C25H20N4O2/c1-29-21-14-8-6-12-18(21)22(16-9-3-2-4-10-16)27-23(25(29)31)28-24(30)20-15-17-11-5-7-13-19(17)26-20/h2-15,23,26H,1H3,(H,28,30)/t23-/m1/s1",35660,CN1C(=O)[C@@H](NC(=O)c2cc3ccccc3[nH]2)N=C(c4ccccc4)c5ccccc15,NA
Input,Tivozanib,0.27157978,InputSig,NA,NA,LINCSCP_116893,HT29,10uM,24h,large intestine,VEGFR inhibitor,FLT1|FLT4|KDR|KIT|PDGFRA|PDGFRB,SPMVMDHWKHCIDT-UHFFFAOYSA-N,"InChI=1S/C22H19ClN4O5/c1-12-8-21(27-32-12)26-22(28)25-16-5-4-13(9-15(16)23)31-18-6-7-24-17-11-20(30-3)19(29-2)10-14(17)18/h4-11H,1-3H3,(H2,25,26,27,28)",36799,COc1cc2nccc(Oc3ccc(NC(=O)Nc4cc(C)on4)c(Cl)c3)c2cc1OC,3
Input,BRD-K37249103,0.27147507,InputSig,NA,NA,LINCSCP_185090,A375,5uM,24h,skin,NA,NA,RAIYMEHSZRPCGC-FSSWDIPSSA-N,"InChI=1S/C24H25FN2O4/c25-17-5-3-4-16(12-17)23(29)26-13-20-22(18-6-1-2-7-19(18)26)21(14-28)27(20)24(30)15-8-10-31-11-9-15/h1-7,12,15,20-22,28H,8-11,13-14H2/t20-,21+,22+/m1/s1",12543,OC[C@H]1[C@@H]2[C@@H](CN(C(=O)c3cccc(F)c3)c4ccccc24)N1C(=O)C5CCOCC5,NA
Input,Quetiapine,0.27143403,InputSig,NA,NA,LINCSCP_281874,PHH,10uM,24h,NA,Dopamine receptor antagonist|Serotonin receptor antagonist,DRD1|DRD2|HRH1|HTR1A|HTR1D|HTR1E|HTR2A|HTR2C,URKOMYMAXPYINW-UHFFFAOYSA-N,"InChI=1S/C21H25N3O2S/c25-14-16-26-15-13-23-9-11-24(12-10-23)21-17-5-1-3-7-19(17)27-20-8-4-2-6-18(20)22-21/h1-8,25H,9-16H2",15862,OCCOCCN1CCN(CC1)C2=Nc3ccccc3Sc4ccccc24,4
Input,Balicatib,0.27098127,InputSig,NA,NA,LINCSCP_154143,PC3,0.37uM,24h,prostate,NA,NA,LLCRBOWRJOUJAE-UHFFFAOYSA-N,"InChI=1S/C23H33N5O2/c1-2-14-27-15-17-28(18-16-27)20-8-6-19(7-9-20)21(29)26-23(10-4-3-5-11-23)22(30)25-13-12-24/h6-9H,2-5,10-11,13-18H2,1H3,(H,25,30)(H,26,29)",26847,CCCN1CCN(CC1)c2ccc(cc2)C(=O)NC3(CCCCC3)C(=O)NCC#N,2
Input,AC1NQ6YI,0.27089793,InputSig,NA,NA,LINCSCP_33172,MCF7,10uM,6h,breast,Serotonin receptor agonist,HTR2A|HTR2B|HTR2C,XJJZQXUGLLXTHO-UHFFFAOYSA-N,"InChI=1S/C11H12ClFN2/c1-7(14)6-15-3-2-8-4-10(13)9(12)5-11(8)15/h2-5,7H,6,14H2,1H3",384,CC(N)Cn1ccc2cc(F)c(Cl)cc12,NA
Input,BRD-K34466966,0.27087426,InputSig,NA,NA,LINCSCP_34977,MCF7,5uM,24h,breast,NA,NA,XUZKWORPTAYLRR-GGBSJPMNSA-N,"InChI=1S/C29H36N4O6/c1-33-24-4-3-22(17-27(34)31-13-8-19-6-11-30-12-7-19)39-26(24)18-38-25-5-2-21(16-23(25)29(33)36)32-28(35)20-9-14-37-15-10-20/h2,5-7,11-12,16,20,22,24,26H,3-4,8-10,13-15,17-18H2,1H3,(H,31,34)(H,32,35)/t22-,24+,26+/m0/s1",24416,CN1[C@@H]2CC[C@@H](CC(=O)NCCc3ccncc3)O[C@@H]2COc4ccc(NC(=O)C5CCOCC5)cc4C1=O,NA
Input,Amylocaine,0.27035936,InputSig,NA,NA,LINCSCP_56610,VCAP,10uM,24h,prostate,Local anesthetic,NA,FDMBBCOBEAVDAO-UHFFFAOYSA-N,"InChI=1S/C14H21NO2/c1-5-14(2,11-15(3)4)17-13(16)12-9-7-6-8-10-12/h6-10H,5,11H2,1-4H3",35318,CCC(C)(CN(C)C)OC(=O)c1ccccc1,NA
Input,BRD-K73005792,0.27027256,InputSig,NA,NA,LINCSCP_185204,A375,5uM,24h,skin,NA,NA,FAUCFBZLQVVXHI-OKZBNKHCSA-N,"InChI=1S/C19H20FN3O2/c1-22-16-10-23(19(25)21-14-8-4-3-7-13(14)20)15-9-5-2-6-12(15)18(16)17(22)11-24/h2-9,16-18,24H,10-11H2,1H3,(H,21,25)/t16-,17-,18+/m0/s1",13401,CN1[C@@H](CO)[C@H]2[C@@H]1CN(C(=O)Nc3ccccc3F)c4ccccc24,NA
Input,MLS000564806,0.27018258,InputSig,NA,NA,LINCSCP_21289,HEC108,10uM,6h,endometrium,NA,NA,XAFSFXYJOJWLJD-UHFFFAOYSA-N,"InChI=1S/C21H23ClN4O/c1-2-25-9-11-26(12-10-25)20(15-5-3-7-23-14-15)17-13-18(22)16-6-4-8-24-19(16)21(17)27/h3-8,13-14,20,27H,2,9-12H2,1H3",36233,CCN1CCN(CC1)C(c2cccnc2)c3cc(Cl)c4cccnc4c3O,NA
Input,Ascorbyl-Palmitate,0.27017582,InputSig,NA,NA,LINCSCP_7950,A549,10uM,6h,lung,Antioxidant,NA,CYJPUZLKFAUFHF-CNBHCMJISA-N,"InChI=1S/C22H38O7/c1-2-3-4-5-6-7-8-9-10-11-12-13-14-15-18(24)28-16-17(23)21-19(25)20(26)22(27)29-21/h17,19,21,23,25H,2-16H2,1H3/t17?,19?,21-/m1/s1",6480,CCCCCCCCCCCCCCCC(=O)OCC(O)[C@H]1OC(=O)C(=O)C1O,NA
Input,Loperamide,0.27005632,InputSig,NA,NA,LINCSCP_51175,RMUGS,10uM,6h,ovary,Mu opioid receptor agonist,OPRD1|OPRM1,RDOIQAHITMMDAJ-UHFFFAOYSA-N,"InChI=1S/C29H33ClN2O2/c1-31(2)27(33)29(24-9-5-3-6-10-24,25-11-7-4-8-12-25)19-22-32-20-17-28(34,18-21-32)23-13-15-26(30)16-14-23/h3-16,34H,17-22H2,1-2H3",15788,CN(C)C(=O)C(CCN1CCC(O)(CC1)c2ccc(Cl)cc2)(c3ccccc3)c4ccccc4,4
Input,Nifedipine,0.26989936,InputSig,NA,NA,LINCSCP_193524,A549,10uM,6h,lung,Voltage-gated L-type calcium channel blocker,CACNA1C|CACNA1D|CACNA1F|CACNA1S|CACNA2D1,HYIMSNHJOBLJNT-UHFFFAOYSA-N,"InChI=1S/C17H18N2O6/c1-9-13(16(20)24-3)15(14(10(2)18-9)17(21)25-4)11-7-5-6-8-12(11)19(22)23/h5-8,15,18H,1-4H3",36177,COC(=O)C1=C(C)NC(=C(C1c2ccccc2[N+](=O)[O-])C(=O)OC)C,4
Input,Methazolamide,0.26979536,InputSig,NA,NA,LINCSCP_8028,A549,10uM,6h,lung,Carbonic anhydrase inhibitor,CA1|CA2|CA4|CA7,FLOSMHQXBMRNHR-DAXSKMNVSA-N,"InChI=1S/C5H8N4O3S2/c1-3(10)7-4-9(2)8-5(13-4)14(6,11)12/h1-2H3,(H2,6,11,12)/b7-4-",36415,CN1N=C(SC1=NC(=O)C)S(=O)(=O)N,NA
Input,CHEMBL3182146,0.2697928,InputSig,NA,NA,LINCSCP_178209,A375,10uM,6h,skin,NA,NA,WKGQAVHYVHTCRH-UHFFFAOYSA-N,"InChI=1S/C19H25Cl2N3O4/c1-4-28-16(25)12-7-9-24(10-8-12)17(26)19(2,3)23-18(27)22-15-6-5-13(20)11-14(15)21/h5-6,11-12H,4,7-10H2,1-3H3,(H2,22,23,27)",35640,CCOC(=O)C1CCN(CC1)C(=O)C(C)(C)NC(=O)Nc2ccc(Cl)cc2Cl,NA
Input,F3098-7034,0.26953722,InputSig,NA,NA,LINCSCP_281280,PHH,10uM,24h,NA,NA,NA,IKNHZQAKBKLGMT-UHFFFAOYSA-N,"InChI=1S/C16H16N4O3S/c21-13(17-8-10-4-3-7-23-10)9-20-16(22)14-11-5-1-2-6-12(11)24-15(14)18-19-20/h3-4,7H,1-2,5-6,8-9H2,(H,17,21)",24567,O=C(CN1N=Nc2sc3CCCCc3c2C1=O)NCc4occc4,NA
Input,SPECTRUM_000898,0.26939832,InputSig,NA,NA,LINCSCP_56360,VCAP,10uM,24h,prostate,Glucocorticoid receptor agonist,NR3C1,UREBDLICKHMUKA-QCYOSJOCSA-N,"InChI=1S/C22H29FO5/c1-12-8-16-15-5-4-13-9-14(25)6-7-19(13,2)21(15,23)17(26)10-20(16,3)22(12,28)18(27)11-24/h6-7,9,12,15-17,24,26,28H,4-5,8,10-11H2,1-3H3/t12-,15?,16?,17+,19+,20+,21+,22+/m1/s1",22156,C[C@@H]1CC2C3CCC4=CC(=O)C=C[C@]4(C)[C@@]3(F)[C@@H](O)C[C@]2(C)[C@@]1(O)C(=O)CO,NA
Input,Tetrabromobenzotriazole,0.26926991,InputSig,NA,NA,LINCSCP_33281,MCF7,10uM,6h,breast,Casein kinase inhibitor,CSNK2A1,OMZYUVOATZSGJY-UHFFFAOYSA-N,"InChI=1S/C6HBr4N3/c7-1-2(8)4(10)6-5(3(1)9)11-13-12-6/h(H,11,12,13)",16085,Brc1c(Br)c(Br)c2[nH]nnc2c1Br,NA
Input,BRD-K40555995,0.26915985,InputSig,NA,NA,LINCSCP_62886,VCAP,5uM,24h,prostate,NA,NA,WNHZFTQVONQUSH-LWCVALJOSA-N,"InChI=1S/C23H31N3O5/c1-15-13-25(2)23(28)18-7-5-6-16(12-24)21(18)30-11-10-17-8-9-19(29-4)20(31-17)14-26(3)22(15)27/h5-7,15,17,19-20H,8-11,13-14H2,1-4H3/t15-,17-,19-,20+/m0/s1",3058,CO[C@H]1CC[C@H]2CCOc3c(cccc3C(=O)N(C)C[C@H](C)C(=O)N(C)C[C@H]1O2)C#N,NA
Input,"Triazine Scaffold, 37",0.26894449,InputSig,NA,NA,LINCSCP_292199,VCAP,10uM,6h,prostate,Glucosylceramidase inhibitor,GBA,YLYZGVPSUIZOCY-UHFFFAOYSA-N,"InChI=1S/C19H28N6O2/c1-19(2,3)27-15-9-5-4-8-14(15)21-17-22-16(20-10-13-26)23-18(24-17)25-11-6-7-12-25/h4-5,8-9,26H,6-7,10-13H2,1-3H3,(H2,20,21,22,23,24)",16045,CC(C)(C)Oc1ccccc1Nc2nc(NCCO)nc(n2)N3CCCC3,NA
Input,BRD-K12868556,0.26871794,InputSig,NA,NA,LINCSCP_62434,VCAP,5uM,24h,prostate,NA,NA,ZUSAVEKAEPAMKG-BKVCSMAQSA-N,"InChI=1S/C30H31N3O5/c34-18-27-30-25(15-23(37-27)16-29(36)33-12-9-20-3-1-2-4-21(20)17-33)24-14-22(5-6-26(24)38-30)32-28(35)13-19-7-10-31-11-8-19/h1-8,10-11,14,23,25,27,30,34H,9,12-13,15-18H2,(H,32,35)/t23-,25-,27-,30+/m0/s1",23460,OC[C@@H]1O[C@H](CC(=O)N2CCc3ccccc3C2)C[C@@H]4[C@H]1Oc5ccc(NC(=O)Cc6ccncc6)cc45,NA
Input,MLS002699921,0.26844354,InputSig,NA,NA,LINCSCP_16372,HA1E,10uM,6h,kidney epithelial,NA,NA,CVYPURZTRLVZRF-UHFFFAOYSA-N,"InChI=1S/C22H16N4O2/c1-14-8-10-17(11-9-14)26-21(25-15(2)27)18(12-23)20(19(13-24)22(26)28)16-6-4-3-5-7-16/h3-11H,1-2H3,(H,25,27)",36082,CC(=O)NC1=C(C#N)C(=C(C#N)C(=O)N1c2ccc(C)cc2)c3ccccc3,NA
Input,SB590885,0.26786608,InputSig,NA,NA,LINCSCP_24231,HS578T,0.1uM,24h,breast,RAF inhibitor,BRAF,DPCXEUSDRQOOGZ-UHFFFAOYSA-N,"InChI=1S/C27H27N5O2/c1-32(2)15-16-34-22-7-3-19(4-8-22)27-29-25(18-11-13-28-14-12-18)26(30-27)21-5-9-23-20(17-21)6-10-24(23)31-33/h3-5,7-9,11-14,17,28H,6,10,15-16H2,1-2H3,(H,29,30)",13478,CN(C)CCOc1ccc(cc1)c2nc(c3ccncc3)c([nH]2)c4ccc5C(=NO)CCc5c4,NA
Input,BCB03_000082,0.26758248,InputSig,NA,NA,LINCSCP_16602,HA1E,10uM,6h,kidney epithelial,NA,NA,FDLQUAHGVJTTSB-UHFFFAOYSA-N,"InChI=1S/C29H26ClN3O4S/c30-25-17-3-1-2-4-20(17)38-21(25)12-32-19-11-18(15-7-5-14(13-34)6-8-15)22(26(32)16-9-10-16)24-23(19)27(35)33(28(24)36)29(31)37/h1-8,11,16,19,22-24,26,34H,9-10,12-13H2,(H2,31,37)",31577,NC(=O)N1C(=O)C2C3C=C(C(C(C4CC4)N3Cc5sc6ccccc6c5Cl)C2C1=O)c7ccc(CO)cc7,NA
Input,Triciribine,0.2667729,InputSig,NA,NA,LINCSCP_7736,A549,10uM,6h,lung,AKT inhibitor,AKT1|AKT2|AKT3,HOGVTUZUJGHKPL-HTVVRFAVSA-N,"InChI=1S/C13H16N6O4/c1-18-11-7-5(10(14)17-18)2-19(12(7)16-4-15-11)13-9(22)8(21)6(3-20)23-13/h2,4,6,8-9,13,20-22H,3H2,1H3,(H2,14,17)/t6-,8-,9-,13-/m1/s1",15961,CN1N=C(N)c2cn([C@@H]3O[C@H](CO)[C@@H](O)[C@H]3O)c4ncnc1c24,NA
Input,BRD-K73434853,0.26587602,InputSig,NA,NA,LINCSCP_64800,VCAP,10uM,6h,prostate,NA,NA,NXVHKURFMFTURR-IECBHUPTSA-N,"InChI=1S/C26H38N2O5S/c1-18-15-28(19(2)17-29)34(31,32)25-12-11-22(21-7-5-4-6-8-21)14-23(25)33-24(18)16-27(3)26(30)13-20-9-10-20/h7,11-12,14,18-20,24,29H,4-6,8-10,13,15-17H2,1-3H3/t18-,19-,24+/m1/s1",33548,C[C@H](CO)N1C[C@@H](C)[C@H](CN(C)C(=O)CC2CC2)Oc3cc(ccc3S1(=O)=O)C4=CCCCC4,NA
Input,SCHEMBL618594,0.26561982,InputSig,NA,NA,LINCSCP_84393,ASC,0.37uM,24h,adipose,NA,NA,KZLQLABUFJNPSZ-UHFFFAOYSA-N,"InChI=1S/C28H39N7O3/c1-18-15-25(36)34(3)23-17-29-28(32-26(23)35(18)21-7-5-6-8-21)31-22-10-9-19(16-24(22)38-4)27(37)30-20-11-13-33(2)14-12-20/h9-10,16-18,20-21H,5-8,11-15H2,1-4H3,(H,30,37)(H,29,31,32)",25573,COc1cc(ccc1Nc2ncc3N(C)C(=O)CC(C)N(C4CCCC4)c3n2)C(=O)NC5CCN(C)CC5,NA
Input,Tretinoin,0.26560485,InputSig,NA,NA,LINCSCP_64591,VCAP,1uM,6h,prostate,Retinoic acid receptor agonist,RARA|RARB|RARG|RORB,SHGAZHPCJJPHSC-YCNIQYBTSA-N,"InChI=1S/C20H28O2/c1-15(8-6-9-16(2)14-19(21)22)11-12-18-17(3)10-7-13-20(18,4)5/h6,8-9,11-12,14H,7,10,13H2,1-5H3,(H,21,22)/b9-6+,12-11+,15-8+,16-14+",17505,C\C(=C/C=C/C(=C/C(=O)O)/C)\C=C\C1=C(C)CCCC1(C)C,4
Input,Benproperine,0.26536635,InputSig,NA,NA,LINCSCP_211057,HA1E,10uM,6h,kidney epithelial,Antitussive,NA,JTUQXGZRVLWBCR-UHFFFAOYSA-N,"InChI=1S/C21H27NO/c1-18(22-14-8-3-9-15-22)17-23-21-13-7-6-12-20(21)16-19-10-4-2-5-11-19/h2,4-7,10-13,18H,3,8-9,14-17H2,1H3",36362,CC(COc1ccccc1Cc2ccccc2)N3CCCCC3,NA
Input,Parthenolide,0.26450443,InputSig,NA,NA,LINCSCP_53738,SNU1040,10uM,6h,large intestine,NFkB pathway inhibitor,NA,KTEXNACQROZXEV-SLXBATTESA-N,"InChI=1S/C15H20O3/c1-9-5-4-8-15(3)13(18-15)12-11(7-6-9)10(2)14(16)17-12/h5,11-13H,2,4,6-8H2,1,3H3/b9-5+/t11-,12-,13-,15+/m0/s1",19795,C\C\1=C/CC[C@@]2(C)O[C@H]2[C@H]3OC(=O)C(=C)[C@@H]3CC1,NA
Input,Parthenolide,0.26450443,InputSig,NA,NA,LINCSCP_53738,SNU1040,10uM,6h,large intestine,NFkB pathway inhibitor,NA,KTEXNACQROZXEV-SFDCQRBFSA-N,"InChI=1S/C15H20O3/c1-9-5-4-8-15(3)13(18-15)12-11(7-6-9)10(2)14(16)17-12/h5,11-13H,2,4,6-8H2,1,3H3/t11-,12+,13-,15+/m0/s1",23425,CC1=CCC[C@@]2(C)O[C@H]2[C@@H]3OC(=O)C(=C)[C@@H]3CC1,NA
Input,Imatinib,0.26440804,InputSig,NA,NA,LINCSCP_69614,A375,10uM,24h,skin,Bcr-Abl kinase inhibitor|KIT inhibitor|PDGFR tyrosine kinase receptor inhibitor,ABL1|BCR|CSF1R|KIT|PDGFRA|PDGFRB,KTUFNOKKBVMGRW-UHFFFAOYSA-N,"InChI=1S/C29H31N7O/c1-21-5-10-25(18-27(21)34-29-31-13-11-26(33-29)24-4-3-12-30-19-24)32-28(37)23-8-6-22(7-9-23)20-36-16-14-35(2)15-17-36/h3-13,18-19H,14-17,20H2,1-2H3,(H,32,37)(H,31,33,34)",16646,CN1CCN(Cc2ccc(cc2)C(=O)Nc3ccc(C)c(Nc4nccc(n4)c5cccnc5)c3)CC1,4
Input,PD-160170,0.26438608,InputSig,NA,NA,LINCSCP_265332,PC3,10uM,6h,prostate,Neuropeptide receptor antagonist,NPY1R,YUVNGBZROXQYQH-UHFFFAOYSA-N,"InChI=1S/C18H17N3O4S/c1-11(2)12-6-3-4-8-15(12)26(24,25)16-10-14(19)17-13(7-5-9-20-17)18(16)21(22)23/h3-11H,19H2,1-2H3",35529,CC(C)c1ccccc1S(=O)(=O)c2cc(N)c3ncccc3c2[N+](=O)[O-],NA
Input,PG 490,0.26388264,InputSig,NA,NA,LINCSCP_54066,SW620,0.1uM,6h,large intestine,RNA polymerase inhibitor,NA,DFBIRQPKNDILPW-KTGKZQHOSA-N,"InChI=1S/C20H24O6/c1-8(2)18-13(25-18)14-20(26-14)17(3)5-4-9-10(7-23-15(9)21)11(17)6-12-19(20,24-12)16(18)22/h8,11-14,16,22H,4-7H2,1-3H3/t11?,12-,13-,14-,16+,17-,18-,19+,20+/m0/s1",23403,CC(C)[C@]12O[C@H]1[C@@H]3O[C@@]34[C@@]5(C)CCC6=C(COC6=O)C5C[C@@H]7O[C@]47[C@@H]2O,NA
Input,JNJ-38877605,0.26376886,InputSig,NA,NA,LINCSCP_24675,HS578T,0.5uM,24h,breast,Tyrosine kinase inhibitor,MET,JRWCBEOAFGHNNU-UHFFFAOYSA-N,"InChI=1S/C19H13F2N7/c1-27-11-13(10-23-27)16-6-7-17-24-25-18(28(17)26-16)19(20,21)14-4-5-15-12(9-14)3-2-8-22-15/h2-11H,1H3",17551,Cn1cc(cn1)c2ccc3nnc(n3n2)C(F)(F)c4ccc5ncccc5c4,1
Input,Vorinostat,0.263711,InputSig,NA,NA,LINCSCP_117349,HT29,1.11uM,24h,large intestine,Histone deacetylase 1 inhibitor|Histone deacetylase 3 inhibitor|Histone deacetylase 6 inhibitor|Histone deacetylase 2 inhibitor,HDAC1|HDAC2|HDAC3|HDAC6|HDAC8,WAEXFXRVDQXREF-UHFFFAOYSA-N,"InChI=1S/C14H20N2O3/c17-13(15-12-8-4-3-5-9-12)10-6-1-2-7-11-14(18)16-19/h3-5,8-9,19H,1-2,6-7,10-11H2,(H,15,17)(H,16,18)",15970,ONC(=O)CCCCCCC(=O)Nc1ccccc1,4
Input,Isoolomoucine,0.26349593,InputSig,NA,NA,LINCSCP_15093,HA1E,10uM,24h,kidney epithelial,CDK inhibitor,NA,WOQKMUDQRKXVLO-UHFFFAOYSA-N,"InChI=1S/C15H18N6O/c1-21-10-18-14-12(21)13(19-15(20-14)16-7-8-22)17-9-11-5-3-2-4-6-11/h2-6,10,22H,7-9H2,1H3,(H2,16,17,19,20)",15993,Cn1cnc2nc(NCCO)nc(NCc3ccccc3)c12,NA
Input,BRD-K06759695,0.26297394,InputSig,NA,NA,LINCSCP_59829,VCAP,5uM,24h,prostate,NA,NA,QTKSJTZHLLMPJE-PNLZDCPESA-N,"InChI=1S/C23H31N3O5S/c1-16-14-26(17(2)15-27)23(28)12-18-11-19(9-10-21(18)31-22(16)13-24-3)25-32(29,30)20-7-5-4-6-8-20/h4-11,16-17,22,24-25,27H,12-15H2,1-3H3/t16-,17-,22+/m0/s1",11760,CNC[C@H]1Oc2ccc(NS(=O)(=O)c3ccccc3)cc2CC(=O)N(C[C@@H]1C)[C@@H](C)CO,NA
Input,Syrosingopine,0.26272062,InputSig,NA,NA,LINCSCP_18099,HCC515,10uM,6h,lung,Vesicular monoamine transporter inhibitor,NA,ZCDNRPPFBQDQHR-SSYATKPKSA-N,"InChI=1S/C35H42N2O11/c1-7-46-35(40)48-31-26(42-3)12-18(13-27(31)43-4)33(38)47-28-14-19-17-37-11-10-22-21-9-8-20(41-2)15-24(21)36-30(22)25(37)16-23(19)29(32(28)44-5)34(39)45-6/h8-9,12-13,15,19,23,25,28-29,32,36H,7,10-11,14,16-17H2,1-6H3/t19-,23+,25-,28-,29+,32+/m1/s1",15432,CCOC(=O)Oc1c(OC)cc(cc1OC)C(=O)O[C@@H]2C[C@@H]3CN4CCc5c([nH]c6cc(OC)ccc56)[C@H]4C[C@@H]3[C@@H]([C@H]2OC)C(=O)OC,NA
Input,BRD-K21458727,0.26266865,InputSig,NA,NA,LINCSCP_59743,VCAP,5uM,6h,prostate,NA,NA,KBNILDCQMNAARZ-LJKQEARRSA-N,"InChI=1S/C30H37N5O6/c1-18-15-35(19(2)17-36)29(38)24-14-23(31-27(37)13-22-9-7-6-8-10-22)11-12-25(24)40-26(18)16-34(5)30(39)32-28-20(3)33-41-21(28)4/h6-12,14,18-19,26,36H,13,15-17H2,1-5H3,(H,31,37)(H,32,39)/t18-,19-,26-/m1/s1",12126,C[C@H](CO)N1C[C@@H](C)[C@@H](CN(C)C(=O)Nc2c(C)onc2C)Oc3ccc(NC(=O)Cc4ccccc4)cc3C1=O,NA
Input,BRD-K84567604,0.26256987,InputSig,NA,NA,LINCSCP_62937,VCAP,5uM,24h,prostate,NA,NA,MWNPJFSJRUIJTE-SBEKKQRLSA-N,"InChI=1S/C34H36N4O3S/c1-34(2,3)42(41)38-22-28-19-29(33(40)37-16-13-23-8-4-5-9-27(23)21-37)36-32(31(28)30(38)14-17-39)25-11-6-10-24(18-25)26-12-7-15-35-20-26/h4-12,15,18-20,30,39H,13-14,16-17,21-22H2,1-3H3/t30-,42-/m1/s1",4372,CC(C)(C)[S@@](=O)N1Cc2cc(nc(c3cccc(c3)c4cccnc4)c2[C@H]1CCO)C(=O)N5CCc6ccccc6C5,NA
Input,PHA-793887,0.26240689,InputSig,NA,NA,LINCSCP_163937,SKBR3,0.37uM,3h,breast,CDK inhibitor,CDK1|CDK10|CDK11B|CDK12|CDK13|CDK14|CDK15|CDK16|CDK17|CDK18|CDK19|CDK2|CDK20|CDK3|CDK4|CDK5|CDK6|CDK7|CDK8|CDK9,HUXYBQXJVXOMKX-UHFFFAOYSA-N,"InChI=1S/C19H31N5O2/c1-12(2)10-15(25)20-17-14-11-24(19(3,4)16(14)21-22-17)18(26)13-6-8-23(5)9-7-13/h12-13H,6-11H2,1-5H3,(H2,20,21,22,25)",15128,CC(C)CC(=O)Nc1n[nH]c2c1CN(C(=O)C3CCN(C)CC3)C2(C)C,1
Input,GSK-1904529A,0.26218817,InputSig,NA,NA,LINCSCP_222615,HS578T,1uM,24h,breast,IGF-1 inhibitor|Insulin growth factor receptor inhibitor|Insulin receptor ligand,IGF1R|INSR,MOSKATHMXWSZTQ-UHFFFAOYSA-N,"InChI=1S/C44H47F2N9O5S/c1-5-28-26-35(38(60-3)27-36(28)53-19-15-30(16-20-53)52-21-23-54(24-22-52)61(4,57)58)49-44-47-17-14-34(48-44)42-40(50-39-11-6-7-18-55(39)42)29-12-13-37(59-2)31(25-29)43(56)51-41-32(45)9-8-10-33(41)46/h6-14,17-18,25-27,30H,5,15-16,19-24H2,1-4H3,(H,51,56)(H,47,48,49)",25590,CCc1cc(Nc2nccc(n2)c3c(nc4ccccn34)c5ccc(OC)c(c5)C(=O)Nc6c(F)cccc6F)c(OC)cc1N7CCC(CC7)N8CCN(CC8)S(=O)(=O)C,NA
Input,Thioridazine,0.26216291,InputSig,NA,NA,LINCSCP_19477,HCC515,10uM,6h,lung,Serotonin 2a (5-HT2a) receptor antagonist (Serotonin 2a|Serotonin 2c (5-HT2c) receptor antagonist (Serotonin 2c|D2-like dopamine receptor antagonist,DRD1|DRD2|DRD3|DRD4|HTR2A|HTR2C,KLBQZWRITKRQQV-UHFFFAOYSA-N,"InChI=1S/C21H26N2S2/c1-22-13-6-5-7-16(22)12-14-23-18-8-3-4-9-20(18)25-21-11-10-17(24-2)15-19(21)23/h3-4,8-11,15-16H,5-7,12-14H2,1-2H3",23814,CSc1ccc2Sc3ccccc3N(CCC4CCCCN4C)c2c1,4
Input,Emend,0.26211859,InputSig,NA,NA,LINCSCP_2319,A375,10uM,6h,skin,Tachykinin antagonist,TACR1,ATALOFNDEOCMKK-BYYRLHKVSA-N,"InChI=1S/C23H21F7N4O3/c1-12(14-8-15(22(25,26)27)10-16(9-14)23(28,29)30)37-20-19(13-2-4-17(24)5-3-13)34(6-7-36-20)11-18-31-21(35)33-32-18/h2-5,8-10,12,19-20H,6-7,11H2,1H3,(H2,31,32,33,35)/t12-,19-,20+/m1/s1",1535,C[C@@H](O[C@@H]1OCCN(CC2=NC(=O)NN2)[C@@H]1c3ccc(F)cc3)c4cc(cc(c4)C(F)(F)F)C(F)(F)F,NA
Input,ACON1_001667,0.26183578,InputSig,NA,NA,LINCSCP_20191,HCC515,10uM,6h,lung,NA,NA,PVHYZOUHABSMRT-QGXVWARISA-N,"InChI=1S/C18H30O5/c19-12-8-6-4-2-1-3-5-7-9-15(20)13-16-10-11-17(23-16)14-18(21)22/h1,3,7,9,15-17,19-20H,2,4-6,8,10-14H2,(H,21,22)/b3-1-,9-7-",13552,OCCCCC\C=C/C\C=C/C(O)CC1CCC(CC(=O)O)O1,NA
Input,BRD-K80786583-001-01-5,0.26178298,InputSig,NA,NA,LINCSCP_6285,A549,10uM,6h,lung,NA,NA,XGMQKVJTWVADHD-JALBGMRZSA-N,"InChI=1S/C38H49F3N4O6/c1-25-21-45(26(2)24-46)36(47)33-20-31(43-37(48)42-30-13-11-29(12-14-30)38(39,40)41)15-18-34(33)51-27(3)8-6-7-19-50-35(25)23-44(4)22-28-9-16-32(49-5)17-10-28/h9-18,20,25-27,35,46H,6-8,19,21-24H2,1-5H3,(H2,42,43,48)/t25-,26-,27+,35+/m0/s1",13659,COc1ccc(CN(C)C[C@H]2OCCCC[C@@H](C)Oc3ccc(NC(=O)Nc4ccc(cc4)C(F)(F)F)cc3C(=O)N(C[C@@H]2C)[C@@H](C)CO)cc1,NA
Input,Vandetanib,0.26108535,InputSig,NA,NA,LINCSCP_112241,HEPG2,10uM,24h,liver,Ephrin receptor inhibitor|Epidermal growth factor receptor inhibitor|Tyrosine-protein kinase BRK inhibitor|Tyrosine-protein kinase receptor RET inhibitor|Tyrosine-protein kinase SRC inhibitor|Tyrosine-protein kinase TIE-2 inhibitor|Vascular endothelial growth factor receptor inhibitor,EGFR|EPHA1|EPHA10|EPHA2|EPHA3|EPHA4|EPHA5|EPHA6|EPHA7|EPHA8|EPHB1|EPHB2|EPHB3|EPHB4|EPHB6|ERBB2|ERBB3|ERBB4|FLT1|FLT4|KDR|PTK6|RET|SRC|TEK,UHTHHESEBZOYNR-UHFFFAOYSA-N,"InChI=1S/C22H24BrFN4O2/c1-28-7-5-14(6-8-28)12-30-21-11-19-16(10-20(21)29-2)22(26-13-25-19)27-18-4-3-15(23)9-17(18)24/h3-4,9-11,13-14H,5-8,12H2,1-2H3,(H,25,26,27)",35290,COc1cc2c(Nc3ccc(Br)cc3F)ncnc2cc1OCC4CCN(C)CC4,4
Input,ZINC77024257,0.26105739,InputSig,NA,NA,LINCSCP_251826,MCF7,10uM,24h,breast,MDM inhibitor,MDM2,JCKLHFMOFAYQHE-UHFFFAOYSA-N,"InChI=1S/C21H20N4/c1-2-7-21-20(6-1)16(15-24-21)8-13-23-18-4-3-5-19(14-18)25-17-9-11-22-12-10-17/h1-7,9-12,14-15,23-24H,8,13H2,(H,22,25)",2660,C(Cc1c[nH]c2ccccc12)Nc3cccc(Nc4ccncc4)c3,NA
Input,Amoxapine,0.26104944,InputSig,NA,NA,LINCSCP_22873,HEPG2,10uM,6h,liver,Serotonin transporter inhibitor|Norepinephrine transporter inhibitor|Dopamine receptor antagonist,DRD1|DRD2|DRD3|DRD4|DRD5|HTR2A|HTR6|SLC6A2|SLC6A4,QWGDMFLQWFTERH-UHFFFAOYSA-N,"InChI=1S/C17H16ClN3O/c18-12-5-6-15-13(11-12)17(21-9-7-19-8-10-21)20-14-3-1-2-4-16(14)22-15/h1-6,11,19H,7-10H2",35471,Clc1ccc2Oc3ccccc3N=C(N4CCNCC4)c2c1,4
Input,Practolol,0.26096386,InputSig,NA,NA,LINCSCP_56488,VCAP,10uM,6h,prostate,Adrenergic receptor antagonist,ADRB1,DURULFYMVIFBIR-UHFFFAOYSA-N,"InChI=1S/C14H22N2O3/c1-10(2)15-8-13(18)9-19-14-6-4-12(5-7-14)16-11(3)17/h4-7,10,13,15,18H,8-9H2,1-3H3,(H,16,17)",35370,CC(C)NCC(O)COc1ccc(NC(=O)C)cc1,4
Input,BRD-K35510956,0.26078785,InputSig,NA,NA,LINCSCP_63593,VCAP,5uM,6h,prostate,NA,NA,QICYWJCDSALLPT-NXWNEQKCSA-N,"InChI=1S/C24H34N4O7/c1-26-6-8-27(9-7-26)23(30)11-18-3-4-19-22(35-18)14-32-13-17(29)12-28(19)24(31)25-16-2-5-20-21(10-16)34-15-33-20/h2,5,10,17-19,22,29H,3-4,6-9,11-15H2,1H3,(H,25,31)/t17-,18-,19+,22-/m1/s1",24447,CN1CCN(CC1)C(=O)C[C@H]2CC[C@H]3[C@@H](COC[C@H](O)CN3C(=O)Nc4ccc5OCOc5c4)O2,NA
Input,Phenformin,0.26072607,InputSig,NA,NA,LINCSCP_72789,A375,3.33uM,24h,skin,AMPK activator,NA,ICFJFFQQTFMIBG-UHFFFAOYSA-N,"InChI=1S/C10H15N5/c11-9(12)15-10(13)14-7-6-8-4-2-1-3-5-8/h1-5H,6-7H2,(H6,11,12,13,14,15)",22552,NC(=N)NC(=N)NCCc1ccccc1,4
Input,MLS003129208,0.2601843,InputSig,NA,NA,LINCSCP_60812,VCAP,5uM,24h,prostate,NA,NA,FOLOUAULJSJVDY-IPYPFGDCSA-N,"InChI=1S/C16H29N5O3/c1-12-9-20(13(2)10-22)16(23)5-4-6-21-14(7-18-19-21)11-24-15(12)8-17-3/h7,12-13,15,17,22H,4-6,8-11H2,1-3H3/t12-,13+,15+/m1/s1",28086,CNC[C@@H]1OCc2cnnn2CCCC(=O)N(C[C@H]1C)[C@@H](C)CO,NA
Input,F-L-Leu,0.26005673,InputSig,NA,NA,LINCSCP_55589,VCAP,10uM,24h,prostate,ICAM 1 antagonist|ICAM1 antagonist,NA,CBPJQFCAFFNICX-UHFFFAOYSA-N,"InChI=1S/C21H23NO4/c1-13(2)11-19(20(23)24)22-21(25)26-12-18-16-9-5-3-7-14(16)15-8-4-6-10-17(15)18/h3-10,13,18-19H,11-12H2,1-2H3,(H,22,25)(H,23,24)",15255,CC(C)CC(NC(=O)OCC1c2ccccc2c3ccccc13)C(=O)O,NA
Input,RO-194603,0.26000734,InputSig,NA,NA,LINCSCP_11323,ASC,10uM,24h,adipose,GABA benzodiazepine site receptor inverse agonist,NA,ZIGMMUKDYCABPW-UHFFFAOYSA-N,"InChI=1S/C15H17N3O3S/c1-15(2,3)21-14(20)11-10-7-17(4)13(19)12-9(5-6-22-12)18(10)8-16-11/h5-6,8H,7H2,1-4H3",15966,CN1Cc2c(ncn2c3ccsc3C1=O)C(=O)OC(C)(C)C,NA
Input,17952-87-3,0.25981905,InputSig,NA,NA,LINCSCP_31609,MCF7,10uM,24h,breast,NA,NA,PWARHDUWOJUADN-UHFFFAOYSA-N,"InChI=1S/C12H12N2O2/c1-16-7-2-3-10-9(6-7)8-4-5-13-12(15)11(8)14-10/h2-3,6,14H,4-5H2,1H3,(H,13,15)",35769,COc1ccc2[nH]c3C(=O)NCCc3c2c1,NA
Input,BRD-K77970970,0.25980704,InputSig,NA,NA,LINCSCP_61913,VCAP,5uM,6h,prostate,NA,NA,WMHOVAQHNBVIPJ-UHOSZYNNSA-N,"InChI=1S/C21H26ClN3O5S/c22-17-5-1-2-6-20(17)31(28,29)24-11-9-16-7-8-18(19(14-26)30-16)25-21(27)12-15-4-3-10-23-13-15/h1-6,10,13,16,18-19,24,26H,7-9,11-12,14H2,(H,25,27)/t16-,18+,19-/m0/s1",6220,OC[C@@H]1O[C@H](CCNS(=O)(=O)c2ccccc2Cl)CC[C@H]1NC(=O)Cc3cccnc3,NA
Input,423735-93-7,0.25969823,InputSig,NA,NA,LINCSCP_13538,H1299,10uM,6h,lung,NA,NA,DFOVLSMXPWPCFH-UHFFFAOYSA-N,"InChI=1S/C17H17BrN2O2/c1-2-6-16(21)19-12-7-5-8-13(11-12)20-17(22)14-9-3-4-10-15(14)18/h3-5,7-11H,2,6H2,1H3,(H,19,21)(H,20,22)",35885,CCCC(=O)Nc1cccc(NC(=O)c2ccccc2Br)c1,NA
Input,Colforsin,0.25966086,InputSig,NA,NA,LINCSCP_72645,A375,3.33uM,24h,skin,Adenylyl cyclase activator,ADCY2,OHCQJHSOBUTRHG-KGGHGJDLSA-N,"InChI=1S/C22H34O7/c1-8-19(5)11-14(25)22(27)20(6)13(24)9-10-18(3,4)16(20)15(26)17(28-12(2)23)21(22,7)29-19/h8,13,15-17,24,26-27H,1,9-11H2,2-7H3/t13-,15-,16-,17-,19-,20-,21+,22-/m0/s1",35508,CC(=O)O[C@H]1[C@@H](O)[C@H]2C(C)(C)CC[C@H](O)[C@]2(C)[C@@]3(O)C(=O)C[C@@](C)(O[C@]13C)C=C,NA
Input,BRD-K16752930,0.25962542,InputSig,NA,NA,LINCSCP_300033,VCAP,5uM,6h,prostate,NA,NA,REUNTGUOEHKOBZ-NPPFBWRTSA-N,"InChI=1S/C25H40N4O5/c1-8-9-23(30)26-19-10-11-20-21(12-19)34-16-18(3)29(24(31)15-27(4)5)13-17(2)22(33-7)14-28(6)25(20)32/h10-12,17-18,22H,8-9,13-16H2,1-7H3,(H,26,30)/t17-,18-,22+/m0/s1",23771,CCCC(=O)Nc1ccc2C(=O)N(C)C[C@@H](OC)[C@@H](C)CN([C@@H](C)COc2c1)C(=O)CN(C)C,NA
Input,PDK1 Inhibitor,0.2595239,InputSig,NA,NA,LINCSCP_24255,HS578T,10uM,24h,breast,Phosphoinositide dependent kinase inhibitor,PDPK1,GCWCGSPBENFEPE-VWLOTQADSA-N,"InChI=1S/C28H22F2N4O4/c29-21-10-8-17(13-22(21)30)15-34-12-4-7-20(27(34)36)26(35)31-25(18-5-2-1-3-6-18)16-38-19-9-11-23-24(14-19)33-28(37)32-23/h1-14,25H,15-16H2,(H,31,35)(H2,32,33,37)/t25-/m0/s1",35276,Fc1ccc(CN2C=CC=C(C(=O)N[C@@H](COc3ccc4NC(=O)Nc4c3)c5ccccc5)C2=O)cc1F,NA
Input,MLS003587251,0.25949618,InputSig,NA,NA,LINCSCP_23209,HEPG2,10uM,6h,liver,NA,NA,OHHJNGLKVUGETM-VMPITWQZSA-N,"InChI=1S/C15H18N2OS/c1-11(2)13-6-3-12(4-7-13)5-8-14(18)17-15-16-9-10-19-15/h3-8,11H,9-10H2,1-2H3,(H,16,17,18)/b8-5+",17701,CC(C)c1ccc(\C=C\C(=O)NC2=NCCS2)cc1,NA
Input,CHEMBL2133358,0.25939151,InputSig,NA,NA,LINCSCP_268334,PC3,10uM,6h,prostate,NA,NA,FMGPXRFURDJMGM-UHFFFAOYSA-N,"InChI=1S/C21H19F3N4S/c22-21(23,24)16-5-3-6-17(14-16)27-10-12-28(13-11-27)20(29)26-19-18-7-2-1-4-15(18)8-9-25-19/h1-9,14H,10-13H2,(H,25,26,29)",35496,FC(F)(F)c1cccc(c1)N2CCN(CC2)C(=S)Nc3nccc4ccccc34,NA
Input,4-((4-Chlorophenyl)amino)-1-methyl-3-nitroquinolin-2(1H)-one,0.25935485,InputSig,NA,NA,LINCSCP_190639,A549,10uM,24h,lung,NA,NA,UOTFDQYQLUZBMD-UHFFFAOYSA-N,"InChI=1S/C16H12ClN3O3/c1-19-13-5-3-2-4-12(13)14(15(16(19)21)20(22)23)18-11-8-6-10(17)7-9-11/h2-9,18H,1H3",16195,CN1C(=O)C(=C(Nc2ccc(Cl)cc2)c3ccccc13)[N+](=O)[O-],NA
Input,BRD-K80457386,0.25925596,InputSig,NA,NA,LINCSCP_3282,A375,5uM,24h,skin,NA,NA,VZTWMEPVNSFWIB-NZSAHSFTSA-N,"InChI=1S/C20H27FN2O5S/c21-14-6-9-17(10-7-14)29(26,27)23-18-11-8-16(28-19(18)13-24)12-20(25)22-15-4-2-1-3-5-15/h6-11,15-16,18-19,23-24H,1-5,12-13H2,(H,22,25)/t16-,18+,19-/m1/s1",7481,OC[C@H]1O[C@@H](CC(=O)NC2CCCCC2)C=C[C@@H]1NS(=O)(=O)c3ccc(F)cc3,NA
Input,AC1O9I2Y,0.25920601,InputSig,NA,NA,LINCSCP_216950,HCC515,10uM,6h,lung,NA,NA,UEOBAWISWUMQRS-ZIOZGJSESA-N,"InChI=1S/C48H40N4O9S/c1-59-26-27-60-47(58)51-36-24-19-29(12-10-11-25-53)28-34(36)48(45(51)57)38(43(55)50-46-49-35-17-8-9-18-37(35)62-46)40-44(56)61-41(31-15-6-3-7-16-31)39(30-13-4-2-5-14-30)52(40)42(48)32-20-22-33(54)23-21-32/h2-9,13-24,28,38-42,53-54H,11,25-27H2,1H3,(H,49,50,55)/t38-,39-,40-,41+,42+,48-/m0/s1",199,COCCOC(=O)N1C(=O)[C@]2([C@@H]([C@@H]3N([C@H]([C@H](OC3=O)c4ccccc4)c5ccccc5)[C@@H]2c6ccc(O)cc6)C(=O)Nc7nc8ccccc8s7)c9cc(ccc19)C#CCCO,NA
Input,PF-562271,0.25917399,InputSig,NA,NA,LINCSCP_131600,MCF10A,1.11uM,3h,breast epithelial,Focal adhesion kinase inhibitor,PTK2|PTK2B,MZDKLVOWGIOKTN-UHFFFAOYSA-N,"InChI=1S/C21H20F3N7O3S/c1-31(35(2,33)34)19-12(4-3-7-25-19)10-26-18-15(21(22,23)24)11-27-20(30-18)28-14-5-6-16-13(8-14)9-17(32)29-16/h3-8,11H,9-10H2,1-2H3,(H,29,32)(H2,26,27,28,30)",35273,CN(c1ncccc1CNc2nc(Nc3ccc4NC(=O)Cc4c3)ncc2C(F)(F)F)S(=O)(=O)C,1
Input,Daminozide,0.25915781,InputSig,NA,NA,LINCSCP_146974,NEU,0.04uM,24h,NA,NA,NA,NOQGZXFMHARMLW-UHFFFAOYSA-N,"InChI=1S/C6H12N2O3/c1-8(2)7-5(9)3-4-6(10)11/h3-4H2,1-2H3,(H,7,9)(H,10,11)",40382,CN(C)NC(=O)CCC(=O)O,NA
Input,SCHEMBL14823984,0.25898663,InputSig,NA,NA,LINCSCP_45512,PC3,10uM,24h,prostate,NA,NA,OVAMOESLIVIBCJ-UHFFFAOYSA-N,"InChI=1S/C20H23N5O/c1-25-15-9-3-2-7-13(15)22-19(25)23-18-21-14-8-6-10-16(26)17(14)20(24-18)11-4-5-12-20/h2-3,7,9H,4-6,8,10-12H2,1H3,(H2,21,22,23,24)",22829,Cn1c(NC2=NC3=C(C(=O)CCC3)C4(CCCC4)N2)nc5ccccc15,NA
Input,MLS000106835,0.25894833,InputSig,NA,NA,LINCSCP_216906,HCC515,10uM,6h,lung,NA,NA,MNPHKJOTGDBSIR-UHFFFAOYSA-N,"InChI=1S/C16H13N3O/c17-10-14-7-12-1-2-16(19-3-5-20-6-4-19)9-13(12)8-15(14)11-18/h1-2,7-9H,3-6H2",16183,N#Cc1cc2ccc(cc2cc1C#N)N3CCOCC3,NA
Input,SCHEMBL6874948,0.25881541,InputSig,NA,NA,LINCSCP_24339,HS578T,0.1uM,24h,breast,LCK Inhibitor,LCK,VVTHOUCIAGHQBD-UHFFFAOYSA-N,"InChI=1S/C31H27F3N4O3/c1-40-23-13-21(14-24(17-23)41-2)19-3-6-27-25(15-19)30-20(18-36-27)4-8-29(39)38(30)22-5-7-28(26(16-22)31(32,33)34)37-11-9-35-10-12-37/h3-8,13-18,35H,9-12H2,1-2H3",22273,COc1cc(OC)cc(c1)c2ccc3ncc4C=CC(=O)N(c5ccc(N6CCNCC6)c(c5)C(F)(F)F)c4c3c2,NA
Input,MLS002264386,0.25877271,InputSig,NA,NA,LINCSCP_1635,A375,10uM,6h,skin,NA,NA,WGIPEKFXUFWBHH-UHFFFAOYSA-N,"InChI=1S/C16H17BrN4O/c1-16(2,3)21-14-12(8-19-21)15(22)20(10-18-14)9-11-6-4-5-7-13(11)17/h4-8,10H,9H2,1-3H3",36086,CC(C)(C)n1ncc2C(=O)N(Cc3ccccc3Br)C=Nc12,NA
Input,PF750,0.25871267,InputSig,NA,NA,LINCSCP_51227,RMUGS,80uM,6h,ovary,FAAH inhibitor,FAAH,BIODYGOZWZNCAG-UHFFFAOYSA-N,"InChI=1S/C22H23N3O/c26-22(24-20-7-2-1-3-8-20)25-12-10-17(11-13-25)14-18-15-19-6-4-5-9-21(19)23-16-18/h1-9,15-17H,10-14H2,(H,24,26)",36700,O=C(Nc1ccccc1)N2CCC(Cc3cnc4ccccc4c3)CC2,NA
Input,BG-1025,0.25870615,InputSig,NA,NA,LINCSCP_13353,FIBRNPC,10uM,6h,NA,NA,NA,DZJZQNLBLZSWDQ-KGENOOAVSA-N,"InChI=1S/C19H22N4O3/c24-18(4-2-1-3-5-19(25)23-26)22-21-14-15-6-8-16(9-7-15)17-10-12-20-13-11-17/h6-14,26H,1-5H2,(H,22,24)(H,23,25)/b21-14+",5,ONC(=O)CCCCCC(=O)NN=Cc1ccc(cc1)c2ccncc2,NA
Input,Goserelin,0.25844599,InputSig,NA,NA,LINCSCP_80550,A375,10uM,24h,skin,NA,NA,BLCLNMBMMGCOAS-URPVMXJPSA-N,"InChI=1S/C59H84N18O14/c1-31(2)22-40(49(82)68-39(12-8-20-64-57(60)61)56(89)77-21-9-13-46(77)55(88)75-76-58(62)90)69-54(87)45(29-91-59(3,4)5)74-50(83)41(23-32-14-16-35(79)17-15-32)70-53(86)44(28-78)73-51(84)42(24-33-26-65-37-11-7-6-10-36(33)37)71-52(85)43(25-34-27-63-30-66-34)72-48(81)38-18-19-47(80)67-38/h6-7,10-11,14-17,26-27,30-31,38-46,65,78-79H,8-9,12-13,18-25,28-29H2,1-5H3,(H,63,66)(H,67,80)(H,68,82)(H,69,87)(H,70,86)(H,71,85)(H,72,81)(H,73,84)(H,74,83)(H,75,88)(H4,60,61,64)(H3,62,76,90)/t38-,39-,40-,41-,42-,43-,44-,45+,46-/m0/s1",27203,CC(C)C[C@H](NC(=O)[C@@H](COC(C)(C)C)NC(=O)[C@H](Cc1ccc(O)cc1)NC(=O)[C@H](CO)NC(=O)[C@H](Cc2c[nH]c3ccccc23)NC(=O)[C@H](Cc4c[nH]cn4)NC(=O)[C@@H]5CCC(=O)N5)C(=O)N[C@@H](CCCNC(=N)N)C(=O)N6CCC[C@H]6C(=O)NNC(=O)N,NA
Input,Goserelin,0.25844599,InputSig,NA,NA,LINCSCP_80550,A375,10uM,24h,skin,NA,NA,BLCLNMBMMGCOAS-KJLMDEBVSA-N,"InChI=1S/C59H84N18O14/c1-31(2)22-40(49(82)68-39(12-8-20-64-57(60)61)56(89)77-21-9-13-46(77)55(88)75-76-58(62)90)69-54(87)45(29-91-59(3,4)5)74-50(83)41(23-32-14-16-35(79)17-15-32)70-53(86)44(28-78)73-51(84)42(24-33-26-65-37-11-7-6-10-36(33)37)71-52(85)43(25-34-27-63-30-66-34)72-48(81)38-18-19-47(80)67-38/h6-7,10-11,14-17,26-27,30-31,38-46,65,78-79H,8-9,12-13,18-25,28-29H2,1-5H3,(H,63,66)(H,67,80)(H,68,82)(H,69,87)(H,70,86)(H,71,85)(H,72,81)(H,73,84)(H,74,83)(H,75,88)(H4,60,61,64)(H3,62,76,90)/t38?,39-,40?,41?,42?,43?,44?,45?,46?/m0/s1",7066,CC(C)CC(NC(=O)C(COC(C)(C)C)NC(=O)C(Cc1ccc(O)cc1)NC(=O)C(CO)NC(=O)C(Cc2c[nH]c3ccccc23)NC(=O)C(Cc4c[nH]cn4)NC(=O)C5CCC(=O)N5)C(=O)N[C@@H](CCCN=C(N)N)C(=O)N6CCCC6C(=O)NNC(=O)N,NA
Input,D-64131,0.25823112,InputSig,NA,NA,LINCSCP_50441,PHH,3uM,6h,NA,Microtubule inhibitor,TUBB,ICMIJSRDISNKOC-UHFFFAOYSA-N,"InChI=1S/C16H13NO2/c1-19-13-7-8-14-12(9-13)10-15(17-14)16(18)11-5-3-2-4-6-11/h2-10,17H,1H3",38109,COc1ccc2[nH]c(cc2c1)C(=O)c3ccccc3,NA
Input,Gefitinib,0.25802918,InputSig,NA,NA,LINCSCP_191485,A549,10uM,24h,lung,EGFR inhibitor,EGFR,XGALLCVXEZPNRQ-UHFFFAOYSA-N,"InChI=1S/C22H24ClFN4O3/c1-29-20-13-19-16(12-21(20)31-8-2-5-28-6-9-30-10-7-28)22(26-14-25-19)27-15-3-4-18(24)17(23)11-15/h3-4,11-14H,2,5-10H2,1H3,(H,25,26,27)",37794,COc1cc2ncnc(Nc3ccc(F)c(Cl)c3)c2cc1OCCCN4CCOCC4,4
Input,BRD-K16950565,0.25775036,InputSig,NA,NA,LINCSCP_8228,A549,5uM,24h,lung,NA,NA,ZCWFLIQXFDCFQH-VUKRRIEASA-N,"InChI=1S/C34H45N5O5/c1-24-20-39(25(2)23-40)34(42)30-19-29(37-33(41)28-12-16-36-17-13-28)8-9-31(30)44-26(3)7-5-6-18-43-32(24)22-38(4)21-27-10-14-35-15-11-27/h8-17,19,24-26,32,40H,5-7,18,20-23H2,1-4H3,(H,37,41)/t24-,25+,26-,32-/m1/s1",25490,C[C@@H](CO)N1C[C@@H](C)[C@@H](CN(C)Cc2ccncc2)OCCCC[C@@H](C)Oc3ccc(NC(=O)c4ccncc4)cc3C1=O,NA
Input,Marimastat,0.25756624,InputSig,NA,NA,LINCSCP_72201,A375,0.04uM,24h,skin,NA,NA,OCSMOTCMPXTDND-OUAUKWLOSA-N,"InChI=1S/C15H29N3O5/c1-8(2)7-9(10(19)13(21)18-23)12(20)17-11(14(22)16-6)15(3,4)5/h8-11,19,23H,7H2,1-6H3,(H,16,22)(H,17,20)(H,18,21)/t9-,10+,11-/m1/s1",26836,CNC(=O)[C@@H](NC(=O)[C@H](CC(C)C)[C@H](O)C(=O)NO)C(C)(C)C,3
Input,MLS001065878,0.25754475,InputSig,NA,NA,LINCSCP_57477,VCAP,10uM,6h,prostate,NA,NA,HXQRPYYCCBMJJT-MRXNPFEDSA-N,"InChI=1S/C20H19N3O3/c1-20(2)17-14(13-7-3-4-8-15(13)21-17)10-16-18(24)22(19(25)23(16)20)11-12-6-5-9-26-12/h3-9,16,21H,10-11H2,1-2H3/t16-/m1/s1",15977,CC1(C)N2[C@H](Cc3c1[nH]c4ccccc34)C(=O)N(Cc5occc5)C2=O,NA
Input,Amthamine,0.25746409,InputSig,NA,NA,LINCSCP_50213,PHH,10uM,24h,NA,Histamine receptor agonist,NA,LHVRFUVVRXGZPV-UHFFFAOYSA-N,"InChI=1S/C6H11N3S/c1-4-5(2-3-7)10-6(8)9-4/h2-3,7H2,1H3,(H2,8,9)",13956,Cc1nc(N)sc1CCN,NA
Input,Trifluoperazine,0.25738061,InputSig,NA,NA,LINCSCP_19426,HCC515,10uM,24h,lung,Serotonin 2a (5-HT2a) receptor antagonist (Serotonin 2a|Serotonin 2c (5-HT2c) receptor antagonist (Serotonin 2c|D2-like dopamine receptor antagonist,DRD2|DRD3|DRD4|HTR2A|HTR2C,ZEWQUBUPAILYHI-UHFFFAOYSA-N,"InChI=1S/C21H24F3N3S/c1-25-11-13-26(14-12-25)9-4-10-27-17-5-2-3-6-19(17)28-20-8-7-16(15-18(20)27)21(22,23)24/h2-3,5-8,15H,4,9-14H2,1H3",16029,CN1CCN(CCCN2c3ccccc3Sc4ccc(cc24)C(F)(F)F)CC1,4
Input,"Triazine Scaffold, 34",0.2573691,InputSig,NA,NA,LINCSCP_25931,HT29,10uM,24h,large intestine,NA,NA,HPGFONOOSSVFJJ-UHFFFAOYSA-N,"InChI=1S/C15H20N6O2/c22-10-7-16-13-18-14(17-11-5-1-2-6-12(11)23)20-15(19-13)21-8-3-4-9-21/h1-2,5-6,22-23H,3-4,7-10H2,(H2,16,17,18,19,20)",15668,OCCNc1nc(Nc2ccccc2O)nc(n1)N3CCCC3,NA
Input,Desloratadine,0.25732994,InputSig,NA,NA,LINCSCP_58285,VCAP,10uM,6h,prostate,Histamine receptor antagonist,HRH1,JAUOIFJMECXRGI-UHFFFAOYSA-N,"InChI=1S/C19H19ClN2/c20-16-5-6-17-15(12-16)4-3-14-2-1-9-22-19(14)18(17)13-7-10-21-11-8-13/h1-2,5-6,9,12,21H,3-4,7-8,10-11H2",22282,Clc1ccc2C(=C3CCNCC3)c4ncccc4CCc2c1,4
Input,Deoxy Cholate,0.25725793,InputSig,NA,NA,LINCSCP_13174,FIBRNPC,10uM,24h,NA,Bile acid,NA,AWDRATDZQPNJFN-VAYUFCLWSA-N,"InChI=1S/C26H45NO6S/c1-16(4-9-24(30)27-12-13-34(31,32)33)20-7-8-21-19-6-5-17-14-18(28)10-11-25(17,2)22(19)15-23(29)26(20,21)3/h16-23,28-29H,4-15H2,1-3H3,(H,27,30)(H,31,32,33)/t16-,17-,18-,19+,20-,21+,22+,23+,25+,26-/m1/s1",36453,C[C@H](CCC(=O)NCCS(=O)(=O)O)[C@H]1CC[C@H]2[C@@H]3CC[C@@H]4C[C@H](O)CC[C@]4(C)[C@H]3C[C@H](O)[C@]12C,NA
Input,BRD-K74817145,0.25723861,InputSig,NA,NA,LINCSCP_61160,VCAP,5uM,6h,prostate,NA,NA,NNPXJSNOAUXSRD-FUMQJTLXSA-N,"InChI=1S/C27H35N3O6/c1-17-14-30(19(3)31)18(2)16-36-24-13-20(28-26(32)21-9-7-8-10-23(21)34-5)11-12-22(24)27(33)29(4)15-25(17)35-6/h7-13,17-18,25H,14-16H2,1-6H3,(H,28,32)/t17-,18+,25-/m1/s1",4710,CO[C@@H]1CN(C)C(=O)c2ccc(NC(=O)c3ccccc3OC)cc2OC[C@H](C)N(C[C@H]1C)C(=O)C,NA
Input,SA-1938111,0.25713317,InputSig,NA,NA,LINCSCP_37030,MCF7,10uM,24h,breast,NA,NA,KZIDXGDKWGRCPF-QHCPKHFHSA-N,"InChI=1S/C27H34N4O4/c1-4-10-28-26(33)31-16-27(17-31)15-30(13-18-6-5-7-19(11-18)34-2)23(14-32)25-24(27)21-9-8-20(35-3)12-22(21)29-25/h5-9,11-12,23,29,32H,4,10,13-17H2,1-3H3,(H,28,33)/t23-/m0/s1",33144,CCCNC(=O)N1CC2(CN(Cc3cccc(OC)c3)[C@@H](CO)c4[nH]c5cc(OC)ccc5c24)C1,NA
Input,N-{3-[2-(4-Methyl-pyridin-2-ylamino)-thiazol-4-yl]-phenyl}-acetamide,0.25711328,InputSig,NA,NA,LINCSCP_34754,MCF7,20uM,6h,breast,HDAC activator,NA,HGRHXNRVXGLWLA-UHFFFAOYSA-N,"InChI=1S/C17H16N4OS/c1-11-6-7-18-16(8-11)21-17-20-15(10-23-17)13-4-3-5-14(9-13)19-12(2)22/h3-10H,1-2H3,(H,19,22)(H,18,20,21)",19431,CC(=O)Nc1cccc(c1)c2csc(Nc3cc(C)ccn3)n2,NA
Input,NBI 27914,0.25694281,InputSig,NA,NA,LINCSCP_33227,MCF7,10uM,6h,breast,CRF receptor antagonist,CRHR1,KNADXBVKFAUMCR-UHFFFAOYSA-N,"InChI=1S/C18H20Cl4N4/c1-3-6-26(9-11-4-5-11)18-15(22)17(23-10(2)24-18)25-16-13(20)7-12(19)8-14(16)21/h7-8,11H,3-6,9H2,1-2H3,(H,23,24,25)",15783,CCCN(CC1CC1)c2nc(C)nc(Nc3c(Cl)cc(Cl)cc3Cl)c2Cl,NA
Input,BRD-K24656059,0.25689306,InputSig,NA,NA,LINCSCP_41043,NEU,10uM,24h,NA,NA,NA,JZSLTRUJUOZFGD-GVAUOCQISA-N,"InChI=1S/C27H29N3O4/c31-18-25-24(30-26(32)15-19-5-4-14-28-17-19)13-12-23(34-25)16-27(33)29-22-10-8-21(9-11-22)20-6-2-1-3-7-20/h1-11,14,17,23-25,31H,12-13,15-16,18H2,(H,29,33)(H,30,32)/t23-,24+,25-/m0/s1",24111,OC[C@@H]1O[C@H](CC(=O)Nc2ccc(cc2)c3ccccc3)CC[C@H]1NC(=O)Cc4cccnc4,NA
Input,SMR000075319,0.25688867,InputSig,NA,NA,LINCSCP_9512,A549,3uM,6h,lung,Importin-beta transport receptor inhibitor,KPNB1,HKGJEZIGDHFJFL-UHFFFAOYSA-N,"InChI=1S/C20H22N4/c1-15(16-9-3-2-4-10-16)21-19-17-11-5-6-12-18(17)22-20(23-19)24-13-7-8-14-24/h2-6,9-12,15H,7-8,13-14H2,1H3,(H,21,22,23)",35219,CC(Nc1nc(nc2ccccc12)N3CCCC3)c4ccccc4,NA
Input,BRD-K76915833,0.25685134,InputSig,NA,NA,LINCSCP_35048,MCF7,5uM,24h,breast,NA,NA,HWTLLAZAXGMWGF-CUYJMHBOSA-N,"InChI=1S/C26H29N3O4/c1-3-13-27-26(32)28-15-22-25(23(17-30)29(22)24(31)16-28)20-11-9-18(10-12-20)7-8-19-5-4-6-21(14-19)33-2/h4-6,9-12,14,22-23,25,30H,3,13,15-17H2,1-2H3,(H,27,32)/t22-,23+,25+/m1/s1",13544,CCCNC(=O)N1C[C@@H]2[C@@H]([C@H](CO)N2C(=O)C1)c3ccc(cc3)C#Cc4cccc(OC)c4,NA
Input,BRD-A35207501,0.25682807,InputSig,NA,NA,LINCSCP_222213,HL60,3uM,6h,haematopoietic and lymphoid tissue,NA,NA,WDLPDTHFFBNPGK-UHFFFAOYSA-N,"InChI=1S/C20H21ClN2O2/c21-16-10-8-15(9-11-16)20(25)22-13-12-19(24)23-18-7-3-5-14-4-1-2-6-17(14)18/h1-2,4,6,8-11,18H,3,5,7,12-13H2,(H,22,25)(H,23,24)",26561,Clc1ccc(cc1)C(=O)NCCC(=O)NC2CCCc3ccccc23,NA
Input,BML-286,0.25664816,InputSig,NA,NA,LINCSCP_41511,NEU,10uM,6h,NA,WNT signaling inhibitor,NA,OBGIRQUECFHUEY-UHFFFAOYSA-N,"InChI=1S/C22H18N2O4/c25-20(13-15-7-2-1-3-8-15)23-17-10-6-9-16(14-17)21(26)24-19-12-5-4-11-18(19)22(27)28/h1-12,14H,13H2,(H,23,25)(H,24,26)(H,27,28)",11553,OC(=O)c1ccccc1NC(=O)c2cccc(NC(=O)Cc3ccccc3)c2,NA
Input,Luzindole,0.25661158,InputSig,NA,NA,LINCSCP_282137,PHH,10uM,24h,NA,Melatonin receptor antagonist,MTNR1B,WVVXBPKOIZGVNS-UHFFFAOYSA-N,"InChI=1S/C19H20N2O/c1-14(22)20-12-11-17-16-9-5-6-10-18(16)21-19(17)13-15-7-3-2-4-8-15/h2-10,21H,11-13H2,1H3,(H,20,22)",15846,CC(=O)NCCc1c(Cc2ccccc2)[nH]c3ccccc13,NA
Input,10-DEBC,0.25650008,InputSig,NA,NA,LINCSCP_790,A375,20uM,24h,skin,AKT inhibitor,PIM1,GYBXAGDWMCJZJK-UHFFFAOYSA-N,"InChI=1S/C20H25ClN2O/c1-3-22(4-2)13-7-8-14-23-17-9-5-6-10-19(17)24-20-12-11-16(21)15-18(20)23/h5-6,9-12,15H,3-4,7-8,13-14H2,1-2H3",16184,CCN(CC)CCCCN1c2ccccc2Oc3ccc(Cl)cc13,NA
Input,CHEMDIV3_004193,0.25648112,InputSig,NA,NA,LINCSCP_58603,VCAP,10uM,24h,prostate,NA,NA,CXNLKZLAQNWXPX-UHFFFAOYSA-N,"InChI=1S/C17H16N2O3/c18-11-17(8-4-1-5-9-17)19-15(20)13-10-12-6-2-3-7-14(12)22-16(13)21/h2-3,6-7,10H,1,4-5,8-9H2,(H,19,20)",36283,O=C(NC1(CCCCC1)C#N)C2=Cc3ccccc3OC2=O,NA
Input,"2-Phenyl-n-[4-(1,3-thiazol-2-ylsulfamoyl)phenyl]quinoline-4-carboxamide",0.25647351,InputSig,NA,NA,LINCSCP_5207,A549,10uM,6h,lung,NA,NA,HMTRBVUBZDRDQO-UHFFFAOYSA-N,"InChI=1S/C25H18N4O3S2/c30-24(27-18-10-12-19(13-11-18)34(31,32)29-25-26-14-15-33-25)21-16-23(17-6-2-1-3-7-17)28-22-9-5-4-8-20(21)22/h1-16H,(H,26,29)(H,27,30)",35459,O=C(Nc1ccc(cc1)S(=O)(=O)Nc2nccs2)c3cc(nc4ccccc34)c5ccccc5,NA
Input,Palovarotene,0.25643362,InputSig,NA,NA,LINCSCP_173673,YAPC,0.12uM,24h,pancreas,Retinoic acid receptor gamma agonist,RARG,YTFHCXIPDIHOIA-DHZHZOJOSA-N,"InChI=1S/C27H30N2O2/c1-26(2)12-13-27(3,4)24-17-22(18-29-15-5-14-28-29)21(16-23(24)26)11-8-19-6-9-20(10-7-19)25(30)31/h5-11,14-17H,12-13,18H2,1-4H3,(H,30,31)/b11-8+",26712,CC1(C)CCC(C)(C)c2cc(\C=C\c3ccc(cc3)C(=O)O)c(Cn4cccn4)cc12,2
Input,Citalopram,0.25638006,InputSig,NA,NA,LINCSCP_292715,VCAP,10uM,24h,prostate,Serotonin reuptake inhibitor,SLC6A4,WSEQXVZVJXJVFP-UHFFFAOYSA-N,"InChI=1S/C20H21FN2O/c1-23(2)11-3-10-20(17-5-7-18(21)8-6-17)19-9-4-15(13-22)12-16(19)14-24-20/h4-9,12H,3,10-11,14H2,1-2H3",35379,CN(C)CCCC1(OCc2cc(ccc12)C#N)c3ccc(F)cc3,4
Input,Tiagabine,0.25630824,InputSig,NA,NA,LINCSCP_16204,HA1E,10uM,6h,kidney epithelial,GABA uptake inhibitor,SLC6A1,PBJUNZJWGZTSKL-MRXNPFEDSA-N,"InChI=1S/C20H25NO2S2/c1-14-7-11-24-18(14)17(19-15(2)8-12-25-19)6-4-10-21-9-3-5-16(13-21)20(22)23/h6-8,11-12,16H,3-5,9-10,13H2,1-2H3,(H,22,23)/t16-/m1/s1",16381,Cc1ccsc1C(=CCCN2CCC[C@H](C2)C(=O)O)c3sccc3C,4
Input,GR 159897,0.25603882,InputSig,NA,NA,LINCSCP_18277,HCC515,10uM,24h,lung,Tachykinin antagonist,TAC1|TACR2,BANYJBHWTOJQDU-GDLZYMKVSA-N,"InChI=1S/C23H27FN2O2S/c1-28-23(17-29(27)20-5-3-2-4-6-20)10-13-26(14-11-23)12-9-18-16-25-22-8-7-19(24)15-21(18)22/h2-8,15-16,25H,9-14,17H2,1H3/t29-/m1/s1",35832,COC1(C[S@@](=O)c2ccccc2)CCN(CCc3c[nH]c4ccc(F)cc34)CC1,NA
Input,Skiii,0.25593356,InputSig,NA,NA,LINCSCP_17672,HCC15,40uM,6h,lung,Sphingosine kinase inhibitor,SPHK1,ZFGXZJKLOFCECI-UHFFFAOYSA-N,"InChI=1S/C15H11ClN2OS/c16-11-3-1-10(2-4-11)14-9-20-15(18-14)17-12-5-7-13(19)8-6-12/h1-9,19H,(H,17,18)",15485,Oc1ccc(Nc2nc(cs2)c3ccc(Cl)cc3)cc1,NA
Input,Yohimbine,0.25591347,InputSig,NA,NA,LINCSCP_301,A375,10uM,24h,skin,Adrenergic receptor antagonist,ADRA2A|ADRA2B|ADRA2C|HTR1A|HTR1B|HTR1D|HTR2B,BLGXFZZNTVWLAY-SCYLSFHTSA-N,"InChI=1S/C21H26N2O3/c1-26-21(25)19-15-10-17-20-14(13-4-2-3-5-16(13)22-20)8-9-23(17)11-12(15)6-7-18(19)24/h2-5,12,15,17-19,22,24H,6-11H2,1H3/t12-,15-,17-,18-,19+/m0/s1",35696,COC(=O)[C@H]1[C@@H](O)CC[C@H]2CN3CCc4c([nH]c5ccccc45)[C@@H]3C[C@H]12,4
Input,SCHEMBL16196749,0.25568144,InputSig,NA,NA,LINCSCP_52368,SKB,10uM,24h,NA,Growth factor receptor inhibitor,NTRK1,NXNQLECPAXXYTR-UKTHLTGXSA-N,"InChI=1S/C17H13N3O/c1-20-10-11(12-5-2-3-7-15(12)20)9-13-16-14(19-17(13)21)6-4-8-18-16/h2-10H,1H3,(H,19,21)/b13-9+",5090,Cn1cc(\C=C/2\C(=O)Nc3cccnc23)c4ccccc14,NA
Input,Allitinib,0.25542463,InputSig,NA,NA,LINCSCP_83129,ASC.C,3.33uM,24h,NA,NA,NA,MVZGYPSXNDCANY-UHFFFAOYSA-N,"InChI=1S/C24H18ClFN4O2/c1-2-23(31)29-17-6-8-21-19(11-17)24(28-14-27-21)30-18-7-9-22(20(25)12-18)32-13-15-4-3-5-16(26)10-15/h2-12,14H,1,13H2,(H,29,31)(H,27,28,30)",35294,Fc1cccc(COc2ccc(Nc3ncnc4ccc(NC(=O)C=C)cc34)cc2Cl)c1,NA
Input,Etomoxir,0.25534175,InputSig,NA,NA,LINCSCP_29335,LOVO,90uM,6h,intestine,Carnitine palmitoyltransferase inhibitor,CPT1A,DZLOHEOHWICNIL-QGZVFWFLSA-N,"InChI=1S/C17H23ClO4/c1-2-20-16(19)17(13-22-17)11-5-3-4-6-12-21-15-9-7-14(18)8-10-15/h7-10H,2-6,11-13H2,1H3/t17-/m1/s1",16524,CCOC(=O)[C@@]1(CCCCCCOc2ccc(Cl)cc2)CO1,NA
Input,PD-173074,0.25534047,InputSig,NA,NA,LINCSCP_24641,HS578T,0.5uM,6h,breast,FGFR inhibitor|VEGFR inhibitor,FGFR1|FGFR3,DXCUKNQANPLTEJ-UHFFFAOYSA-N,"InChI=1S/C28H41N7O3/c1-8-35(9-2)13-11-10-12-29-26-30-18-20-16-23(19-14-21(37-6)17-22(15-19)38-7)25(31-24(20)32-26)33-27(36)34-28(3,4)5/h14-18H,8-13H2,1-7H3,(H3,29,30,31,32,33,34,36)",36834,CCN(CC)CCCCNc1ncc2cc(c(NC(=O)NC(C)(C)C)nc2n1)c3cc(OC)cc(OC)c3,NA
Input,R-59022,0.25526585,InputSig,NA,NA,LINCSCP_348,A375,10uM,24h,skin,Diacylglycerol kinase inhibitor|Protein kinase inhibitor,DGKA,MFVJXLPANKSLLD-UHFFFAOYSA-N,"InChI=1S/C27H26FN3OS/c1-19-24(26(32)31-17-18-33-27(31)29-19)13-16-30-14-11-22(12-15-30)25(20-5-3-2-4-6-20)21-7-9-23(28)10-8-21/h2-10,17-18H,11-16H2,1H3",35852,CC1=C(CCN2CCC(=C(c3ccccc3)c4ccc(F)cc4)CC2)C(=O)N5C=CSC5=N1,NA
Input,BRD-K28851694,0.25524594,InputSig,NA,NA,LINCSCP_303284,VCAP,5uM,6h,prostate,NA,NA,DMKXNQOLMYQXCN-XQBMNTQMSA-N,"InChI=1S/C31H30N2O7/c34-16-28-30-24(13-22(39-28)14-29(35)33-10-9-18-3-1-2-4-20(18)15-33)23-12-21(6-8-25(23)40-30)32-31(36)19-5-7-26-27(11-19)38-17-37-26/h1-8,11-12,22,24,28,30,34H,9-10,13-17H2,(H,32,36)/t22-,24-,28+,30+/m0/s1",24241,OC[C@H]1O[C@H](CC(=O)N2CCc3ccccc3C2)C[C@@H]4[C@H]1Oc5ccc(NC(=O)c6ccc7OCOc7c6)cc45,NA
Input,Capsaicin,0.25521924,InputSig,NA,NA,LINCSCP_4770,A549,100uM,6h,lung,TRPV agonist,TRPV1,YKPUWZUDDOIDPM-SOFGYWHQSA-N,"InChI=1S/C18H27NO3/c1-14(2)8-6-4-5-7-9-18(21)19-13-15-10-11-16(20)17(12-15)22-3/h6,8,10-12,14,20H,4-5,7,9,13H2,1-3H3,(H,19,21)/b8-6+",37298,COc1cc(CNC(=O)CCCC\C=C\C(C)C)ccc1O,4
Input,ML100,0.25520005,InputSig,NA,NA,LINCSCP_10661,AGS,10uM,6h,stomach,NA,NA,VRYFPFHGCPTRHR-UHFFFAOYSA-N,"InChI=1S/C12H11Cl2N3S/c1-7-3-5-8(6-4-7)10-15-11(9(13)14)17-12(16-10)18-2/h3-6,9H,1-2H3",36680,CSc1nc(nc(n1)c2ccc(C)cc2)C(Cl)Cl,NA
Input,SCHEMBL17498001,0.25509385,InputSig,NA,NA,LINCSCP_187028,A375,0.5uM,6h,skin,Hedgehog pathway modulator,NA,PXJVQLRLGGGPBG-VQGWDMPSSA-N,"InChI=1S/C15H22N2O4/c1-11(18)16-12-7-4-2-3-5-10-21-15(20)13-8-6-9-17(13)14(12)19/h2,4,12-13H,3,5-10H2,1H3,(H,16,18)/b4-2+/t12-,13+/m1/s1",9814,CC(=O)N[C@@H]1C\C=C\CCCOC(=O)[C@@H]2CCCN2C1=O,NA
Input,Fccp,0.25501481,InputSig,NA,NA,LINCSCP_23354,HEPG2,3uM,24h,liver,Mitochondrial oxidative phosphorylation uncoupler,NA,BMZRVOVNUMQTIN-UHFFFAOYSA-N,"InChI=1S/C10H5F3N4O/c11-10(12,13)18-9-3-1-7(2-4-9)16-17-8(5-14)6-15/h1-4,16H",35559,FC(F)(F)Oc1ccc(NN=C(C#N)C#N)cc1,NA
Input,GSK 525762A,0.25500387,InputSig,NA,NA,LINCSCP_70203,A375,10uM,24h,skin,NA,NA,AAAQFGUYHFJNHI-SFHVURJKSA-N,"InChI=1S/C22H22ClN5O2/c1-4-24-20(29)12-18-22-27-26-13(2)28(22)19-10-9-16(30-3)11-17(19)21(25-18)14-5-7-15(23)8-6-14/h5-11,18H,4,12H2,1-3H3,(H,24,29)/t18-/m0/s1",19908,CCNC(=O)C[C@@H]1N=C(c2ccc(Cl)cc2)c3cc(OC)ccc3n4c(C)nnc14,NA
Input,BRD-K41115759,0.25499802,InputSig,NA,NA,LINCSCP_48394,PC3,5uM,24h,prostate,NA,NA,ZNHZAGOVNITORJ-HNNXBMFYSA-N,"InChI=1S/C19H21N3O4S2/c1-26-12-4-5-13-14(7-12)21-18-15(8-23)20-9-19(17(13)18)10-22(11-19)28(24,25)16-3-2-6-27-16/h2-7,15,20-21,23H,8-11H2,1H3/t15-/m0/s1",12670,COc1ccc2c3c([nH]c2c1)[C@H](CO)NCC34CN(C4)S(=O)(=O)c5cccs5,NA
Input,SCHEMBL16980381,0.25488694,InputSig,NA,NA,LINCSCP_23496,HEPG2,3uM,24h,liver,NA,NA,HZAABOSBDYXUMN-YFJHUXEUSA-N,"InChI=1S/C27H33F3N2O5/c28-27(29,30)12-13-32-16-20(33)17-35-18-25-24(32)11-10-23(37-25)14-26(34)31-15-19-6-8-22(9-7-19)36-21-4-2-1-3-5-21/h1-9,20,23-25,33H,10-18H2,(H,31,34)/t20-,23+,24-,25+/m1/s1",1824,O[C@H]1COC[C@@H]2O[C@H](CC(=O)NCc3ccc(Oc4ccccc4)cc3)CC[C@H]2N(CCC(F)(F)F)C1,NA
Input,Lu AE58054 (Hydrochloride),0.25436933,InputSig,NA,NA,LINCSCP_175232,YAPC,10uM,24h,pancreas,Serotonin 6 (5-HT6) receptor antagonist (Serotonin 6,HTR6,YBAWYTYNMZWMMJ-UHFFFAOYSA-N,"InChI=1S/C20H19F5N2O/c21-15-4-5-17-14(11-27-18(17)9-15)6-7-26-10-13-2-1-3-16(8-13)28-12-20(24,25)19(22)23/h1-5,8-9,11,19,26-27H,6-7,10,12H2",26737,FC(F)C(F)(F)COc1cccc(CNCCc2c[nH]c3cc(F)ccc23)c1,3
Input,CHEMBL3185054,0.25432316,InputSig,NA,NA,LINCSCP_20319,HCC515,10uM,6h,lung,NA,NA,XGMQKVJTWVADHD-NUNJUMJCSA-N,"InChI=1S/C38H49F3N4O6/c1-25-21-45(26(2)24-46)36(47)33-20-31(43-37(48)42-30-13-11-29(12-14-30)38(39,40)41)15-18-34(33)51-27(3)8-6-7-19-50-35(25)23-44(4)22-28-9-16-32(49-5)17-10-28/h9-18,20,25-27,35,46H,6-8,19,21-24H2,1-5H3,(H2,42,43,48)/t25-,26-,27+,35+/m1/s1",19780,COc1ccc(CN(C)C[C@@H]2OCCCC[C@H](C)Oc3ccc(NC(=O)Nc4ccc(cc4)C(F)(F)F)cc3C(=O)N(C[C@H]2C)[C@H](C)CO)cc1,NA
Input,rifampicin,0.25431604,InputSig,NA,NA,LINCSCP_69662,A375,10uM,24h,skin,NA,NA,NA,NA,NA,NA,NA
Input,ST51005413,0.25410555,InputSig,NA,NA,LINCSCP_287150,SNUC4,10uM,6h,large intestine,NA,NA,WTFRYRFNRVFFEJ-UHFFFAOYSA-N,"InChI=1S/C10H9N5/c1-2-4-8(5-3-1)9-6-7-15-10(11-9)12-13-14-15/h1-6H,7H2,(H,11,12,14)",36325,C1C=C(Nc2nnnn12)c3ccccc3,NA
Input,Metolazone,0.2540611,InputSig,NA,NA,LINCSCP_50153,PHH,10uM,24h,NA,Carbonic anhydrase inhibitor,SLC12A3,AQCHWTWZEMGIFD-UHFFFAOYSA-N,"InChI=1S/C16H16ClN3O3S/c1-9-5-3-4-6-14(9)20-10(2)19-13-8-12(17)15(24(18,22)23)7-11(13)16(20)21/h3-8,10,19H,1-2H3,(H2,18,22,23)",35400,CC1Nc2cc(Cl)c(cc2C(=O)N1c3ccccc3C)S(=O)(=O)N,4
Input,XMD 8-92,0.25404913,InputSig,NA,NA,LINCSCP_39428,MDAMB231,1uM,24h,NA,MAP kinase inhibitor,MAPK7,QAPAJIZPZGWAND-UHFFFAOYSA-N,"InChI=1S/C26H30N6O3/c1-4-35-23-15-17(32-13-11-18(33)12-14-32)9-10-20(23)28-26-27-16-22-24(29-26)30(2)21-8-6-5-7-19(21)25(34)31(22)3/h5-10,15-16,18,33H,4,11-14H2,1-3H3,(H,27,28,29)",37792,CCOc1cc(ccc1Nc2ncc3N(C)C(=O)c4ccccc4N(C)c3n2)N5CCC(O)CC5,NA
Input,Clomipramine,0.25400922,InputSig,NA,NA,LINCSCP_227512,HT29,10uM,6h,large intestine,Serotonin transporter inhibitor,SLC6A2|SLC6A4,GDLIGKIOYRNHDA-UHFFFAOYSA-N,"InChI=1S/C19H23ClN2/c1-21(2)12-5-13-22-18-7-4-3-6-15(18)8-9-16-10-11-17(20)14-19(16)22/h3-4,6-7,10-11,14H,5,8-9,12-13H2,1-2H3",7991,CN(C)CCCN1c2ccccc2CCc3ccc(Cl)cc13,4
Input,SPECTRUM_000826,0.25386053,InputSig,NA,NA,LINCSCP_240741,MCF7,10uM,6h,breast,Glucocorticoid receptor agonist,NR3C1,LRJOMUJRLNCICJ-AUGMLKDDSA-N,"InChI=1S/C23H30O6/c1-13(24)29-12-19(27)23(28)9-7-17-16-5-4-14-10-15(25)6-8-21(14,2)20(16)18(26)11-22(17,23)3/h6,8,10,16-18,20,26,28H,4-5,7,9,11-12H2,1-3H3/t16?,17?,18-,20?,21?,22-,23-/m0/s1",9468,CC(=O)OCC(=O)[C@@]1(O)CCC2C3CCC4=CC(=O)C=CC4(C)C3[C@@H](O)C[C@]12C,NA
Input,BRD-K91922990,0.25354556,InputSig,NA,NA,LINCSCP_61094,VCAP,5uM,24h,prostate,NA,NA,QTXSGNVPDCTZEW-RZQQEMMASA-N,"InChI=1S/C22H34F3N3O5S/c1-6-34(30,31)26-17-7-8-19-18(11-17)21(29)27(4)13-20(32-5)15(2)12-28(16(3)14-33-19)10-9-22(23,24)25/h7-8,11,15-16,20,26H,6,9-10,12-14H2,1-5H3/t15-,16+,20+/m0/s1",25247,CCS(=O)(=O)Nc1ccc2OC[C@@H](C)N(CCC(F)(F)F)C[C@H](C)[C@@H](CN(C)C(=O)c2c1)OC,NA
Input,BRD-K13346599,0.25351874,InputSig,NA,NA,LINCSCP_64364,VCAP,5uM,6h,prostate,NA,NA,DRBRVKGUSIXHOZ-SBZFUYPRSA-N,"InChI=1S/C27H45N3O6S/c1-19-15-30(20(2)18-31)27(32)24-14-23(28-37(5,33)34)11-12-25(24)36-21(3)8-6-7-13-35-26(19)17-29(4)16-22-9-10-22/h11-12,14,19-22,26,28,31H,6-10,13,15-18H2,1-5H3/t19-,20+,21-,26-/m1/s1",11909,C[C@@H](CO)N1C[C@@H](C)[C@@H](CN(C)CC2CC2)OCCCC[C@@H](C)Oc3ccc(NS(=O)(=O)C)cc3C1=O,NA
Input,SCHEMBL3958507,0.25350817,InputSig,NA,NA,LINCSCP_130087,LNCAP,3.33uM,3h,prostate,Protein kinase inhibitor,COQ8B|EGFR,IMEGLYUXMGWVQA-UHFFFAOYSA-N,"InChI=1S/C26H32ClN7O4S/c1-15(2)39(36,37)21-7-5-4-6-19(21)30-25-22(27)23(28)32-26(33-25)31-18-9-8-17(14-20(18)38-3)34-12-10-16(11-13-34)24(29)35/h4-9,14-16H,10-13H2,1-3H3,(H2,29,35)(H4,28,30,31,32,33)",36401,COc1cc(ccc1Nc2nc(N)c(Cl)c(Nc3ccccc3S(=O)(=O)C(C)C)n2)N4CCC(CC4)C(=O)N,NA
Input,CHEMBL2361224,0.2534672,InputSig,NA,NA,LINCSCP_23423,HEPG2,3uM,24h,liver,NA,NA,AXBJPSYRCLUHNL-CNFUJFEGSA-N,"InChI=1S/C32H38N2O5S/c1-23-19-34(24(2)22-35)40(37,38)32-17-14-26(11-10-25(3)36)18-30(32)39-31(23)21-33(4)20-27-12-15-29(16-13-27)28-8-6-5-7-9-28/h5-9,12-18,23-25,31,35-36H,19-22H2,1-4H3/t23-,24-,25+,31+/m0/s1",16639,C[C@@H](O)C#Cc1ccc2c(O[C@H](CN(C)Cc3ccc(cc3)c4ccccc4)[C@@H](C)CN([C@@H](C)CO)S2(=O)=O)c1,NA
Input,TWS 119,0.25319332,InputSig,NA,NA,LINCSCP_24836,HS578T,0.1uM,24h,breast,Glycogen synthase kinase inhibitor,GSK3B,VPVLEBIVXZSOMQ-UHFFFAOYSA-N,"InChI=1S/C18H14N4O2/c19-12-4-1-3-11(7-12)16-9-15-17(22-16)20-10-21-18(15)24-14-6-2-5-13(23)8-14/h1-10,23H,19H2,(H,20,21,22)",15136,Nc1cccc(c1)c2cc3c(Oc4cccc(O)c4)ncnc3[nH]2,NA
Input,Methixene,0.25308612,InputSig,NA,NA,LINCSCP_71898,A375,3.33uM,24h,skin,Acetylcholine receptor antagonist,CHRM1|CHRM5|HTR2C,MJFJKKXQDNNUJF-UHFFFAOYSA-N,"InChI=1S/C20H23NS/c1-21-12-6-7-15(14-21)13-18-16-8-2-4-10-19(16)22-20-11-5-3-9-17(18)20/h2-5,8-11,15,18H,6-7,12-14H2,1H3",15218,CN1CCCC(CC2c3ccccc3Sc4ccccc24)C1,4
Input,CHEMBL3186688,0.2530597,InputSig,NA,NA,LINCSCP_19745,HCC515,10uM,6h,lung,NA,NA,FUDUOOSWCQXIFI-UHFFFAOYSA-N,"InChI=1S/C25H27NO4/c1-3-28-23-15-10-19(18-24(23)29-4-2)16-17-26-25(27)20-11-13-22(14-12-20)30-21-8-6-5-7-9-21/h5-15,18H,3-4,16-17H2,1-2H3,(H,26,27)",38434,CCOc1ccc(CCNC(=O)c2ccc(Oc3ccccc3)cc2)cc1OCC,NA
Input,Wortmannin,0.25282336,InputSig,NA,NA,LINCSCP_66672,A549,1uM,24h,lung,PI3K inhibitor,PIK3CA|PIK3CG|PLK1,QDLHCMPXEPAAMD-QAIWCSMKSA-N,"InChI=1S/C23H24O8/c1-10(24)30-13-7-22(2)12(5-6-14(22)25)16-18(13)23(3)15(9-28-4)31-21(27)11-8-29-20(17(11)23)19(16)26/h8,12-13,15H,5-7,9H2,1-4H3/t12-,13+,15+,22-,23-/m0/s1",36100,COC[C@H]1OC(=O)c2coc3C(=O)C4=C([C@@H](C[C@@]5(C)[C@H]4CCC5=O)OC(=O)C)[C@]1(C)c23,NA
Input,AC1N6AX4,0.2527448,InputSig,NA,NA,LINCSCP_2661,A375,10uM,6h,skin,NA,NA,PSPANKCQVWSVHM-UHFFFAOYSA-N,"InChI=1S/C33H32N2O3/c36-26-13-12-22-16-27-33(37)17-24-23-8-4-5-9-25(23)35(19-20-6-2-1-3-7-20)29(24)31-32(33,28(22)30(26)38-31)14-15-34(27)18-21-10-11-21/h1-9,12-13,21,27,31,36-37H,10-11,14-19H2",22149,Oc1ccc2CC3N(CC4CC4)CCC56C(Oc1c25)c7c(CC36O)c8ccccc8n7Cc9ccccc9,NA
Input,GSK-3 Inhibitor II,0.25270088,InputSig,NA,NA,LINCSCP_151747,PC3,1.11uM,24h,prostate,PKC inhibitor,GSK3B,ZRHRPGSSSVYBRG-UHFFFAOYSA-N,"InChI=1S/C14H10IN3OS/c15-12-3-1-2-10(8-12)9-20-14-18-17-13(19-14)11-4-6-16-7-5-11/h1-8H,9H2",36822,Ic1cccc(CSc2oc(nn2)c3ccncc3)c1,NA
Input,Ambroxol,0.25264173,InputSig,NA,NA,LINCSCP_94005,HA1E,0.37uM,24h,kidney epithelial,Sodium channel blocker,CYP3A4,JBDGDEWWOUBZPM-XYPYZODXSA-N,"InChI=1S/C13H18Br2N2O/c14-9-5-8(13(16)12(15)6-9)7-17-10-1-3-11(18)4-2-10/h5-6,10-11,17-18H,1-4,7,16H2/t10-,11-",15754,Nc1c(Br)cc(Br)cc1CN[C@@H]2CC[C@@H](O)CC2,3
Input,C-Fms Inhibitor,0.25221378,InputSig,NA,NA,LINCSCP_147284,NEU,0.12uM,24h,NA,NA,NA,DXPSQKSTVIVZLV-UHFFFAOYSA-N,"InChI=1S/C23H30N6O/c1-17-5-7-29(8-6-17)22-14-19(28-11-9-27(2)10-12-28)3-4-20(22)26-23(30)21-13-18(15-24)16-25-21/h3-4,13-14,16-17,25H,5-12H2,1-2H3,(H,26,30)",40375,CC1CCN(CC1)c2cc(ccc2NC(=O)c3cc(c[nH]3)C#N)N4CCN(C)CC4,NA
Input,Lidoflazine,0.25195521,InputSig,NA,NA,LINCSCP_140407,MCF7,1.11uM,24h,breast,Calcium channel blocker,NA,ZBIAKUMOEKILTF-UHFFFAOYSA-N,"InChI=1S/C30H35F2N3O/c1-22-5-3-6-23(2)30(22)33-29(36)21-35-19-17-34(18-20-35)16-4-7-28(24-8-12-26(31)13-9-24)25-10-14-27(32)15-11-25/h3,5-6,8-15,28H,4,7,16-21H2,1-2H3,(H,33,36)",15805,Cc1cccc(C)c1NC(=O)CN2CCN(CCCC(c3ccc(F)cc3)c4ccc(F)cc4)CC2,4
Input,BRD-K78603557,0.2517604,InputSig,NA,NA,LINCSCP_6105,A549,10uM,6h,lung,NA,NA,VLUBEHZZNKTZLC-DSNGTPCMSA-N,"InChI=1S/C30H33Cl2FN4O4/c1-18-14-37(19(2)17-38)29(39)23-5-4-6-26(35-30(40)34-22-10-8-21(33)9-11-22)28(23)41-27(18)16-36(3)15-20-7-12-24(31)25(32)13-20/h4-13,18-19,27,38H,14-17H2,1-3H3,(H2,34,35,40)/t18-,19+,27+/m0/s1",1787,C[C@H](CO)N1C[C@H](C)[C@@H](CN(C)Cc2ccc(Cl)c(Cl)c2)Oc3c(NC(=O)Nc4ccc(F)cc4)cccc3C1=O,NA
Input,BRD-K57461880,0.25167158,InputSig,NA,NA,LINCSCP_60053,VCAP,5uM,24h,prostate,NA,NA,UPQGSBDKNNCSHF-CEYNDMKZSA-N,"InChI=1S/C27H34FN3O3/c1-18-14-31(19(2)17-32)27(33)23-12-22(20-8-4-5-9-20)13-29-26(23)34-25(18)16-30(3)15-21-10-6-7-11-24(21)28/h6-8,10-13,18-19,25,32H,4-5,9,14-17H2,1-3H3/t18-,19+,25-/m0/s1",790,C[C@H](CO)N1C[C@H](C)[C@H](CN(C)Cc2ccccc2F)Oc3ncc(cc3C1=O)C4=CCCC4,NA
Input,"Cyclohexanecarboxamide, 4-(1-aminoethyl)-n-4-pyridinyl-, trans-",0.2516552,InputSig,NA,NA,LINCSCP_36855,MCF7,10uM,6h,breast,Rho associated kinase inhibitor,ROCK1|ROCK2,IYOZTVGMEWJPKR-UHFFFAOYSA-N,"InChI=1S/C14H21N3O/c1-10(15)11-2-4-12(5-3-11)14(18)17-13-6-8-16-9-7-13/h6-12H,2-5,15H2,1H3,(H,16,17,18)",17524,CC(N)C1CCC(CC1)C(=O)Nc2ccncc2,NA
Input,Pazopanib,0.25157649,InputSig,NA,NA,LINCSCP_12339,BT20,0.1uM,6h,breast,KIT inhibitor|PDGFR tyrosine kinase receptor inhibitor|VEGFR inhibitor,CSF1R|FGFR1|FGFR3|FLT1|FLT4|ITK|KDR|KIT|LCK|PDGFRA|PDGFRB,CUIHSIWYWATEQL-UHFFFAOYSA-N,"InChI=1S/C21H23N7O2S/c1-13-5-6-15(11-19(13)31(22,29)30)24-21-23-10-9-20(25-21)27(3)16-7-8-17-14(2)28(4)26-18(17)12-16/h5-12H,1-4H3,(H2,22,29,30)(H,23,24,25)",15129,CN(c1ccc2c(C)n(C)nc2c1)c3ccnc(Nc4ccc(C)c(c4)S(=O)(=O)N)n3,4
Input,Clomifene,0.25153432,InputSig,NA,NA,LINCSCP_47575,PC3,10uM,24h,prostate,Estrogen receptor antagonist,ESR1,GKIRPKYJQBWNGO-UHFFFAOYSA-N,"InChI=1S/C26H28ClNO/c1-3-28(4-2)19-20-29-24-17-15-22(16-18-24)25(21-11-7-5-8-12-21)26(27)23-13-9-6-10-14-23/h5-18H,3-4,19-20H2,1-2H3",17840,CCN(CC)CCOc1ccc(cc1)C(=C(Cl)c2ccccc2)c3ccccc3,4
Input,BRD-K27292311,0.25134013,InputSig,NA,NA,LINCSCP_61207,VCAP,5uM,24h,prostate,NA,NA,PSXVKIUCJIMJLV-WJONJSRFSA-N,"InChI=1S/C23H30ClN3O5S/c1-15-12-25-16(2)14-32-21-11-18(26-33(29,30)19-7-5-6-17(24)10-19)8-9-20(21)23(28)27(3)13-22(15)31-4/h5-11,15-16,22,25-26H,12-14H2,1-4H3/t15-,16+,22+/m0/s1",2604,CO[C@@H]1CN(C)C(=O)c2ccc(NS(=O)(=O)c3cccc(Cl)c3)cc2OC[C@@H](C)NC[C@@H]1C,NA
Input,Naproxen,0.2512458,InputSig,NA,NA,LINCSCP_16146,HA1E,10uM,6h,kidney epithelial,Cyclooxygenase inhibitor,PTGS1|PTGS2,CMWTZPSULFXXJA-VIFPVBQESA-N,"InChI=1S/C14H14O3/c1-9(14(15)16)10-3-4-12-8-13(17-2)6-5-11(12)7-10/h3-9H,1-2H3,(H,15,16)/t9-/m0/s1",36504,COc1ccc2cc(ccc2c1)[C@H](C)C(=O)O,4
Input,SU-4312,0.25079556,InputSig,NA,NA,LINCSCP_179746,A375,10uM,6h,skin,PDGFR tyrosine kinase receptor inhibitor|Tyrosine kinase inhibitor|VEGFR inhibitor,KDR,UAKWLVYMKBWHMX-UHFFFAOYSA-N,"InChI=1S/C17H16N2O/c1-19(2)13-9-7-12(8-10-13)11-15-14-5-3-4-6-16(14)18-17(15)20/h3-11H,1-2H3,(H,18,20)",24960,CN(C)c1ccc(C=C2C(=O)Nc3ccccc23)cc1,NA
Input,MLS003129496,0.25076077,InputSig,NA,NA,LINCSCP_60663,VCAP,5uM,6h,prostate,NA,NA,BGKHIKCFNCIYGU-QKNQBKEWSA-N,"InChI=1S/C23H35N5O5S/c1-17-8-5-6-9-22(17)34(31,32)26(4)14-21-18(2)12-28(19(3)15-29)23(30)10-7-11-27-13-20(16-33-21)24-25-27/h5-6,8-9,13,18-19,21,29H,7,10-12,14-16H2,1-4H3/t18-,19+,21+/m0/s1",36879,C[C@H](CO)N1C[C@H](C)[C@@H](CN(C)S(=O)(=O)c2ccccc2C)OCc3cn(CCCC1=O)nn3,NA
Input,MLS003129547,0.2506672,InputSig,NA,NA,LINCSCP_60550,VCAP,5uM,24h,prostate,NA,NA,PZGTZQIYRXDXGV-FHAGJXEFSA-N,"InChI=1S/C27H35N5O5/c1-19-15-31(20(2)17-33)26(34)9-6-12-32-23(14-28-29-32)18-36-25(19)16-30(3)27(35)37-24-11-10-21-7-4-5-8-22(21)13-24/h4-5,7-8,10-11,13-14,19-20,25,33H,6,9,12,15-18H2,1-3H3/t19-,20-,25+/m1/s1",1905,C[C@H](CO)N1C[C@@H](C)[C@H](CN(C)C(=O)Oc2ccc3ccccc3c2)OCc4cnnn4CCCC1=O,NA
Input,Quiflapon,0.25062512,InputSig,NA,NA,LINCSCP_57124,VCAP,80uM,6h,prostate,Leukotriene inhibitor,ALOX5AP,NZOONKHCNQFYCI-UHFFFAOYSA-N,"InChI=1S/C34H35ClN2O3S/c1-33(2,3)41-31-27-18-26(40-21-25-15-12-23-8-6-7-9-28(23)36-25)16-17-29(27)37(20-22-10-13-24(35)14-11-22)30(31)19-34(4,5)32(38)39/h6-18H,19-21H2,1-5H3,(H,38,39)",36690,CC(C)(C)Sc1c(CC(C)(C)C(=O)O)n(Cc2ccc(Cl)cc2)c3ccc(OCc4ccc5ccccc5n4)cc13,NA
Input,BSPBIO_001473,0.25030843,InputSig,NA,NA,LINCSCP_13927,HA1E,10uM,6h,kidney epithelial,Calcium channel blocker,RYR1,JJSYXNQGLHBRRK-RGPFZKLOSA-N,"InChI=1S/C25H35NO9/c1-12(2)22(31)17(34-16(28)14-7-6-10-26-14)23(32)18(4)11-21(30)19(22,5)25(23,33)24(35-21)15(27)13(3)8-9-20(18,24)29/h6-7,10,12-13,15,17,26-27,29-33H,8-9,11H2,1-5H3/t13-,15+,17+,18-,19+,20-,21-,22-,23+,24+,25+/m0/s1",1099,CC(C)[C@]1(O)[C@@H](OC(=O)c2ccc[nH]2)[C@@]3(O)[C@@]4(C)C[C@]5(O)O[C@@]6([C@H](O)[C@@H](C)CC[C@]46O)[C@@]3(O)[C@@]15C,NA
Input,Isoxsuprine,0.25030325,InputSig,NA,NA,LINCSCP_55598,VCAP,10uM,24h,prostate,Adrenergic receptor agonist,ADRB2,BMUKKTUHUDJSNZ-UHFFFAOYSA-N,"InChI=1S/C18H23NO3/c1-13(12-22-17-6-4-3-5-7-17)19-14(2)18(21)15-8-10-16(20)11-9-15/h3-11,13-14,18-21H,12H2,1-2H3",15305,CC(COc1ccccc1)NC(C)C(O)c2ccc(O)cc2,4
Input,BRD-K63628486,0.25013521,InputSig,NA,NA,LINCSCP_28092,HT29,5uM,24h,large intestine,NA,NA,JIIQCTZKSPLLJR-SONWIMMPSA-N,"InChI=1S/C26H29N3O4/c1-17(2)27-26(32)28-14-22-25(23(16-30)29(22)24(31)15-28)20-10-6-18(7-11-20)4-5-19-8-12-21(33-3)13-9-19/h6-13,17,22-23,25,30H,14-16H2,1-3H3,(H,27,32)/t22-,23-,25+/m0/s1",33310,COc1ccc(cc1)C#Cc2ccc(cc2)[C@H]3[C@H](CO)N4[C@H]3CN(CC4=O)C(=O)NC(C)C,NA
Input,VILAZODONE HYDROCHLORIDE,0.250109,InputSig,NA,NA,LINCSCP_123117,HT29,10uM,24h,large intestine,Serotonin 1a (5-HT1a) receptor partial agonist (Serotonin 1a|Serotonin transporter inhibitor,HTR1A|SLC6A4,SGEGOXDYSFKCPT-UHFFFAOYSA-N,"InChI=1S/C26H27N5O2/c27-16-18-4-6-23-22(13-18)19(17-29-23)3-1-2-8-30-9-11-31(12-10-30)21-5-7-24-20(14-21)15-25(33-24)26(28)32/h4-7,13-15,17,29H,1-3,8-12H2,(H2,28,32)",26589,NC(=O)c1oc2ccc(cc2c1)N3CCN(CCCCc4c[nH]c5ccc(cc45)C#N)CC3,4
Input,Fludarabine,0.25008175,InputSig,NA,NA,LINCSCP_243000,MCF7,10uM,24h,breast,DNA synthesis inhibitor,RRM1,HBUBKKRHXORPQB-FJFJXFQQSA-N,"InChI=1S/C10H12FN5O4/c11-10-14-7(12)4-8(15-10)16(2-13-4)9-6(19)5(18)3(1-17)20-9/h2-3,5-6,9,17-19H,1H2,(H2,12,14,15)/t3-,5-,6+,9-/m1/s1",36521,Nc1nc(F)nc2c1ncn2[C@@H]3O[C@H](CO)[C@@H](O)[C@@H]3O,NA
Input,Clarithromycin,0.25004756,InputSig,NA,NA,LINCSCP_71526,A375,0.12uM,24h,skin,Bacterial 70S ribosome inhibitor,NA,AGOYDEPGAOXOCK-KCBOHYOISA-N,"InChI=1S/C38H69NO13/c1-15-26-38(10,45)31(42)21(4)28(40)19(2)17-37(9,47-14)33(52-35-29(41)25(39(11)12)16-20(3)48-35)22(5)30(23(6)34(44)50-26)51-27-18-36(8,46-13)32(43)24(7)49-27/h19-27,29-33,35,41-43,45H,15-18H2,1-14H3/t19-,20-,21+,22+,23-,24+,25+,26-,27+,29-,30+,31-,32+,33-,35+,36-,37-,38-/m1/s1",36481,CC[C@H]1OC(=O)[C@H](C)[C@@H](O[C@H]2C[C@@](C)(OC)[C@@H](O)[C@H](C)O2)[C@H](C)[C@@H](O[C@@H]3O[C@H](C)C[C@@H]([C@H]3O)N(C)C)[C@@](C)(C[C@@H](C)C(=O)[C@H](C)[C@@H](O)[C@]1(C)O)OC,4
Input,CHEMBL1609579,0.24991192,InputSig,NA,NA,LINCSCP_31753,MCF7,10uM,6h,breast,NA,NA,ZFSIQBAAQQIRLO-UHFFFAOYSA-N,"InChI=1S/C18H14N4S/c1-3-14(10-19-7-1)13-5-6-17-16(9-13)18(22-12-21-17)20-11-15-4-2-8-23-15/h1-10,12H,11H2,(H,20,21,22)",36153,C(Nc1ncnc2ccc(cc12)c3cccnc3)c4cccs4,NA
Input,BRD-K98259048,0.24971514,InputSig,NA,NA,LINCSCP_62425,VCAP,5uM,6h,prostate,NA,NA,WARQVQDGSWZACN-VSCJKUSUSA-N,"InChI=1S/C23H30N2O5/c26-12-20-23-18(9-16(29-20)10-21(27)24-11-14-3-4-14)17-8-15(5-6-19(17)30-23)25-22(28)7-13-1-2-13/h5-6,8,13-14,16,18,20,23,26H,1-4,7,9-12H2,(H,24,27)(H,25,28)/t16-,18-,20+,23+/m0/s1",8689,OC[C@H]1O[C@H](CC(=O)NCC2CC2)C[C@@H]3[C@H]1Oc4ccc(NC(=O)CC5CC5)cc34,NA
Input,BRD-K42056004,0.2496652,InputSig,NA,NA,LINCSCP_59765,VCAP,5uM,6h,prostate,NA,NA,IAKBBZLEORGFOS-IUKKYPGJSA-N,"InChI=1S/C25H35N3O6S/c1-17-13-28(18(2)16-29)25(30)21-7-6-8-22(26-35(5,31)32)24(21)34-23(17)15-27(3)14-19-9-11-20(33-4)12-10-19/h6-12,17-18,23,26,29H,13-16H2,1-5H3/t17-,18-,23+/m0/s1",32768,COc1ccc(CN(C)C[C@H]2Oc3c(NS(=O)(=O)C)cccc3C(=O)N(C[C@@H]2C)[C@@H](C)CO)cc1,NA
Input,Mibefradil,0.24956081,InputSig,NA,NA,LINCSCP_64873,VCAP,0.5uM,24h,prostate,T-type calcium channel blocker,CACNA1C|CACNA1G|CACNA1H|CACNA1I,HBNPJJILLOYFJU-VMPREFPWSA-N,"InChI=1S/C29H38FN3O3/c1-20(2)28-23-12-11-22(30)18-21(23)13-14-29(28,36-27(34)19-35-4)15-17-33(3)16-7-10-26-31-24-8-5-6-9-25(24)32-26/h5-6,8-9,11-12,18,20,28H,7,10,13-17,19H2,1-4H3,(H,31,32)/t28-,29-/m0/s1",15407,COCC(=O)O[C@]1(CCN(C)CCCc2nc3ccccc3[nH]2)CCc4cc(F)ccc4[C@@H]1C(C)C,4
Input,BRD-K80313395,0.24951339,InputSig,NA,NA,LINCSCP_64116,VCAP,5uM,6h,prostate,NA,NA,VXNMHMGWLBIVRP-VGCGRUFVSA-N,"InChI=1S/C27H36N4O4/c1-2-30-23-17-31-22(10-9-20(27(31)34)19-7-4-3-5-8-19)25(30)24(21(23)18-32)26(33)28-11-6-12-29-13-15-35-16-14-29/h3-5,7-10,21,23-25,32H,2,6,11-18H2,1H3,(H,28,33)/t21-,23-,24+,25+/m1/s1",7384,CCN1[C@@H]2CN3C(=O)C(=CC=C3[C@H]1[C@H]([C@@H]2CO)C(=O)NCCCN4CCOCC4)c5ccccc5,NA
Input,BRD-K57841225,0.24947314,InputSig,NA,NA,LINCSCP_61896,VCAP,5uM,6h,prostate,NA,NA,LJTZBZLXVQJQJX-HRCADAONSA-N,"InChI=1S/C18H33N3O5/c1-25-10-9-19-17(23)11-14-7-8-15(16(12-22)26-14)21-18(24)20-13-5-3-2-4-6-13/h13-16,22H,2-12H2,1H3,(H,19,23)(H2,20,21,24)/t14-,15-,16+/m0/s1",40647,COCCNC(=O)C[C@@H]1CC[C@H](NC(=O)NC2CCCCC2)[C@@H](CO)O1,NA
Input,BRD-K22828860,0.24943474,InputSig,NA,NA,LINCSCP_49848,PHH,10uM,24h,NA,NA,NA,BOEAWUHMOQSHIW-ISCCLHIJSA-N,"InChI=1S/C30H42N4O7S/c1-20-17-34(21(2)19-35)29(36)25-11-8-12-26(32-42(38,39)24-15-13-23(40-4)14-16-24)28(25)41-27(20)18-33(3)30(37)31-22-9-6-5-7-10-22/h8,11-16,20-22,27,32,35H,5-7,9-10,17-19H2,1-4H3,(H,31,37)/t20-,21+,27-/m0/s1",28193,COc1ccc(cc1)S(=O)(=O)Nc2cccc3C(=O)N(C[C@H](C)[C@H](CN(C)C(=O)NC4CCCCC4)Oc23)[C@H](C)CO,NA
Input,MLS002474082,0.24938805,InputSig,NA,NA,LINCSCP_59272,VCAP,10uM,24h,prostate,NA,NA,PEHWLDDZWQGNOT-ASHZAFPQSA-N,"InChI=1S/C30H33F3N4O6S/c1-19-16-37(20(2)18-38)28(39)25-15-23(35-29(40)34-22-11-9-21(10-12-22)30(31,32)33)13-14-26(25)43-27(19)17-36(3)44(41,42)24-7-5-4-6-8-24/h4-15,19-20,27,38H,16-18H2,1-3H3,(H2,34,35,40)/t19-,20+,27+/m0/s1",16604,C[C@H](CO)N1C[C@H](C)[C@@H](CN(C)S(=O)(=O)c2ccccc2)Oc3ccc(NC(=O)Nc4ccc(cc4)C(F)(F)F)cc3C1=O,NA
Input,Diphenidol,0.24934166,InputSig,NA,NA,LINCSCP_193347,A549,10uM,6h,lung,Acetylcholine receptor agonist,CHRM1|CHRM3|CHRM4,OGAKLTJNUQRZJU-UHFFFAOYSA-N,"InChI=1S/C21H27NO/c23-21(19-11-4-1-5-12-19,20-13-6-2-7-14-20)15-10-18-22-16-8-3-9-17-22/h1-2,4-7,11-14,23H,3,8-10,15-18H2",35468,OC(CCCN1CCCCC1)(c2ccccc2)c3ccccc3,4
Input,Tranylcypromine,0.24932161,InputSig,NA,NA,LINCSCP_133911,MCF7,0.12uM,24h,breast,Monoamine oxidase inhibitor,KDM1A|MAOA|MAOB,AELCINSCMGFISI-DTWKUNHWSA-N,"InChI=1S/C9H11N/c10-9-6-8(9)7-4-2-1-3-5-7/h1-5,8-9H,6,10H2/t8-,9+/m0/s1",38769,N[C@@H]1C[C@H]1c2ccccc2,NA
Input,Taselisib,0.24924124,InputSig,NA,NA,LINCSCP_172776,YAPC,0.04uM,24h,pancreas,PI3-kinase class I inhibitor,PIK3CA|PIK3CB|PIK3CD|PIK3CG|PIK3R1|PIK3R2|PIK3R3|PIK3R5,BEUQXVWXFDOSAQ-UHFFFAOYSA-N,"InChI=1S/C24H28N8O2/c1-14(2)32-22(27-15(3)29-32)19-13-30-8-9-34-20-10-16(6-7-18(20)21(30)28-19)17-11-26-31(12-17)24(4,5)23(25)33/h6-7,10-14H,8-9H2,1-5H3,(H2,25,33)",14181,CC(C)n1nc(C)nc1c2cn3CCOc4cc(ccc4c3n2)c5cnn(c5)C(C)(C)C(=O)N,3
Input,Fedratinib,0.24923686,InputSig,NA,NA,LINCSCP_85333,BT20,3.33uM,24h,breast,FLT3 inhibitor|JAK inhibitor,FLT3|JAK2,JOOXLOJCABQBSG-UHFFFAOYSA-N,"InChI=1S/C27H36N6O3S/c1-20-19-28-26(30-21-10-12-23(13-11-21)36-17-16-33-14-5-6-15-33)31-25(20)29-22-8-7-9-24(18-22)37(34,35)32-27(2,3)4/h7-13,18-19,32H,5-6,14-17H2,1-4H3,(H2,28,29,30,31)",37823,Cc1cnc(Nc2ccc(OCCN3CCCC3)cc2)nc1Nc4cccc(c4)S(=O)(=O)NC(C)(C)C,3
Input,CHEMBL2358056,0.24910955,InputSig,NA,NA,LINCSCP_63177,VCAP,5uM,6h,prostate,NA,NA,CRECGCTYSBAAAJ-GVJSHHSGSA-N,"InChI=1S/C20H19FN2O3S/c1-2-4-14-7-9-15(10-8-14)20-18(12-22)23(19(20)13-24)27(25,26)17-6-3-5-16(21)11-17/h2-11,18-20,24H,13H2,1H3/b4-2+/t18-,19-,20-/m1/s1",5463,C\C=C\c1ccc(cc1)[C@H]2[C@@H](CO)N([C@@H]2C#N)S(=O)(=O)c3cccc(F)c3,NA
Input,BRD-K37184875,0.24893092,InputSig,NA,NA,LINCSCP_28077,HT29,5uM,24h,large intestine,NA,NA,VZUXFTGZMHEPAS-CQOQZXRMSA-N,"InChI=1S/C24H26N2O4S/c1-17(2)8-9-18-10-12-19(13-11-18)24-21-14-25(15-23(28)26(21)22(24)16-27)31(29,30)20-6-4-3-5-7-20/h3-7,10-13,17,21-22,24,27H,14-16H2,1-2H3/t21-,22-,24-/m1/s1",32660,CC(C)C#Cc1ccc(cc1)[C@H]2[C@@H](CO)N3[C@@H]2CN(CC3=O)S(=O)(=O)c4ccccc4,NA
Input,"L741,626",0.24890379,InputSig,NA,NA,LINCSCP_14207,HA1E,10uM,6h,kidney epithelial,Dopamine receptor antagonist,DRD2,LLBLNMUONVVVPG-UHFFFAOYSA-N,"InChI=1S/C20H21ClN2O/c21-17-7-5-16(6-8-17)20(24)9-11-23(12-10-20)14-15-13-22-19-4-2-1-3-18(15)19/h1-8,13,22,24H,9-12,14H2",5975,OC1(CCN(Cc2c[nH]c3ccccc23)CC1)c4ccc(Cl)cc4,NA
Input,ICI-89406,0.24886353,InputSig,NA,NA,LINCSCP_227065,HT29,10uM,6h,large intestine,Adrenergic receptor antagonist,ADRB1|ADRB2,HTLWRKRZKFAAAH-UHFFFAOYSA-N,"InChI=1S/C19H22N4O3/c20-12-15-6-4-5-9-18(15)26-14-17(24)13-21-10-11-22-19(25)23-16-7-2-1-3-8-16/h1-9,17,21,24H,10-11,13-14H2,(H2,22,23,25)",35305,OC(CNCCNC(=O)Nc1ccccc1)COc2ccccc2C#N,NA
Input,Pimozide,0.24874503,InputSig,NA,NA,LINCSCP_620,A375,10uM,24h,skin,Dopamine receptor antagonist|Serotonin 2a (5-HT2a) receptor antagonist (Serotonin 2a,DRD1|DRD2|DRD3|DRD4|DRD5|HTR2A,YVUQSNJEYSNKRX-UHFFFAOYSA-N,"InChI=1S/C28H29F2N3O/c29-22-11-7-20(8-12-22)25(21-9-13-23(30)14-10-21)4-3-17-32-18-15-24(16-19-32)33-27-6-2-1-5-26(27)31-28(33)34/h1-2,5-14,24-25H,3-4,15-19H2,(H,31,34)",35465,Fc1ccc(cc1)C(CCCN2CCC(CC2)N3C(=O)Nc4ccccc34)c5ccc(F)cc5,4
Input,CID-2858522,0.2487255,InputSig,NA,NA,LINCSCP_39778,MDST8,10uM,6h,intestine,NFkB pathway inhibitor,NA,CYCGGKILBWERDJ-UHFFFAOYSA-N,"InChI=1S/C28H39N3O3/c1-17-12-22-23(13-18(17)2)31(26(30-22)29-10-9-11-32)16-24(33)19-14-20(27(3,4)5)25(34)21(15-19)28(6,7)8/h12-15,32,34H,9-11,16H2,1-8H3,(H,29,30)",15778,Cc1cc2nc(NCCCO)n(CC(=O)c3cc(c(O)c(c3)C(C)(C)C)C(C)(C)C)c2cc1C,NA
Input,ST50591990,0.24872087,InputSig,NA,NA,LINCSCP_5211,A549,10uM,6h,lung,NA,NA,KQZXLGLRCHGVAK-CMDGGOBGSA-N,"InChI=1S/C19H18N2O4/c1-23-16-10-13(11-17(24-2)19(16)25-3)8-9-18(22)21-12-20-14-6-4-5-7-15(14)21/h4-12H,1-3H3/b9-8+",25581,COc1cc(\C=C\C(=O)n2cnc3ccccc23)cc(OC)c1OC,NA
Input,"3,5-Bis(4-methylbenzylidene)piperidin-4-one",0.2486931,InputSig,NA,NA,LINCSCP_50208,PHH,10uM,24h,NA,Ubiquitin specific protease inhibitor,SENP2|USP1|USP2|USP7,PKCYYPHSCUSQDK-UHWBUFEVSA-N,"InChI=1S/C21H21NO/c1-15-3-7-17(8-4-15)11-19-13-22-14-20(21(19)23)12-18-9-5-16(2)6-10-18/h3-12,22H,13-14H2,1-2H3/b19-11-,20-12+",17168,Cc1ccc(\C=C/2\CNC\C(=C/c3ccc(C)cc3)\C2=O)cc1,NA
Input,"3,5-Bis(4-methylbenzylidene)piperidin-4-one",0.2486931,InputSig,NA,NA,LINCSCP_50208,PHH,10uM,24h,NA,Ubiquitin specific protease inhibitor,SENP2|USP1|USP2|USP7,PKCYYPHSCUSQDK-UHFFFAOYSA-N,"InChI=1S/C21H21NO/c1-15-3-7-17(8-4-15)11-19-13-22-14-20(21(19)23)12-18-9-5-16(2)6-10-18/h3-12,22H,13-14H2,1-2H3",792,Cc1ccc(C=C2CNCC(=Cc3ccc(C)cc3)C2=O)cc1,NA
Input,MLS003129189,0.24864677,InputSig,NA,NA,LINCSCP_60516,VCAP,5uM,24h,prostate,NA,NA,QLGFDRXFQQZFKX-OPYAIIAOSA-N,"InChI=1S/C23H35N5O6S/c1-17-13-27(18(2)15-29)23(30)10-7-11-28-19(12-24-25-28)16-34-21(17)14-26(3)35(31,32)22-9-6-5-8-20(22)33-4/h5-6,8-9,12,17-18,21,29H,7,10-11,13-16H2,1-4H3/t17-,18-,21+/m1/s1",517,COc1ccccc1S(=O)(=O)N(C)C[C@@H]2OCc3cnnn3CCCC(=O)N(C[C@H]2C)[C@H](C)CO,NA
Input,MLN-8054,0.24848197,InputSig,NA,NA,LINCSCP_24396,HS578T,0.5uM,24h,breast,Aurora kinase inhibitor|Mitotic inhibitor|Protein kinase inhibitor,AURKA,HHFBDROWDBDFBR-UHFFFAOYSA-N,"InChI=1S/C25H15ClF2N4O2/c26-15-6-9-17-18(10-15)23(21-19(27)2-1-3-20(21)28)29-11-14-12-30-25(32-22(14)17)31-16-7-4-13(5-8-16)24(33)34/h1-10,12H,11H2,(H,33,34)(H,30,31,32)",15127,OC(=O)c1ccc(Nc2ncc3CN=C(c4cc(Cl)ccc4c3n2)c5c(F)cccc5F)cc1,1
Input,Ribavirin,0.24843059,InputSig,NA,NA,LINCSCP_176150,YAPC,3.33uM,24h,pancreas,NA,NA,IWUCXVSUMQZMFG-DJSMDIAISA-N,"InChI=1S/C8H12N4O5/c9-6(16)7-10-2-12(11-7)8-5(15)4(14)3(1-13)17-8/h2-5,8,13-15H,1H2,(H2,9,16)/t3-,4-,5-,8+/m1/s1",26772,NC(=O)c1ncn(n1)[C@H]2O[C@H](CO)[C@@H](O)[C@H]2O,NA
Input,Ribavirin,0.24843059,InputSig,NA,NA,LINCSCP_176150,YAPC,3.33uM,24h,pancreas,NA,NA,IWUCXVSUMQZMFG-AFCXAGJDSA-N,"InChI=1S/C8H12N4O5/c9-6(16)7-10-2-12(11-7)8-5(15)4(14)3(1-13)17-8/h2-5,8,13-15H,1H2,(H2,9,16)/t3-,4-,5-,8-/m1/s1",38772,NC(=O)c1ncn(n1)[C@@H]2O[C@H](CO)[C@@H](O)[C@H]2O,4
Input,Sunitinib,0.24839417,InputSig,NA,NA,LINCSCP_128495,HUVEC,3.33uM,24h,umbilical vein,Macrophage colony stimulating factor  receptor  inhibitor|Platelet-derived growth factor receptor inhibitor|Stem cell growth factor receptor inhibitor|Tyrosine-protein kinase receptor FLT3 inhibitor|Tyrosine-protein kinase receptor RET inhibitor|Vascular endothelial growth factor receptor inhibitor,CSF1R|FLT1|FLT3|FLT4|KDR|KIT|PDGFRA|PDGFRB|RET,WINHZLLDWRZWRT-UHFFFAOYSA-N,"InChI=1S/C22H27FN4O2/c1-5-27(6-2)10-9-24-22(29)20-13(3)19(25-14(20)4)12-17-16-11-15(23)7-8-18(16)26-21(17)28/h7-8,11-12,25H,5-6,9-10H2,1-4H3,(H,24,29)(H,26,28)",27314,CCN(CC)CCNC(=O)c1c(C)[nH]c(C=C2C(=O)Nc3ccc(F)cc23)c1C,NA
Input,Sunitinib,0.24839417,InputSig,NA,NA,LINCSCP_128495,HUVEC,3.33uM,24h,umbilical vein,Macrophage colony stimulating factor  receptor  inhibitor|Platelet-derived growth factor receptor inhibitor|Stem cell growth factor receptor inhibitor|Tyrosine-protein kinase receptor FLT3 inhibitor|Tyrosine-protein kinase receptor RET inhibitor|Vascular endothelial growth factor receptor inhibitor,CSF1R|FLT1|FLT3|FLT4|KDR|KIT|PDGFRA|PDGFRB|RET,WINHZLLDWRZWRT-ATVHPVEESA-N,"InChI=1S/C22H27FN4O2/c1-5-27(6-2)10-9-24-22(29)20-13(3)19(25-14(20)4)12-17-16-11-15(23)7-8-18(16)26-21(17)28/h7-8,11-12,25H,5-6,9-10H2,1-4H3,(H,24,29)(H,26,28)/b17-12-",37786,CCN(CC)CCNC(=O)c1c(C)[nH]c(\C=C\2/C(=O)Nc3ccc(F)cc23)c1C,4
Input,AK-968/11781209,0.248393,InputSig,NA,NA,LINCSCP_221479,HEPG2,3uM,24h,liver,NA,NA,LBGRJEKIBROUCP-UHFFFAOYSA-N,"InChI=1S/C24H18F3N5OS/c1-13-7-8-15-16(12-28)23(34-19(15)9-13)30-22(33)18-11-21-29-17(14-5-3-2-4-6-14)10-20(24(25,26)27)32(21)31-18/h2-6,10-11,13H,7-9H2,1H3,(H,30,33)",11462,CC1CCc2c(C1)sc(NC(=O)c3cc4nc(cc(n4n3)C(F)(F)F)c5ccccc5)c2C#N,NA
Input,SU 11274,0.24819347,InputSig,NA,NA,LINCSCP_163331,SKBR3,10uM,3h,breast,Hepatocyte growth factor receptor inhibitor|Tyrosine kinase inhibitor,MET,FPYJSJDOHRDAMT-KQWNVCNZSA-N,"InChI=1S/C28H30ClN5O4S/c1-17-25(30-18(2)26(17)28(36)34-12-10-32(3)11-13-34)16-23-22-15-21(8-9-24(22)31-27(23)35)39(37,38)33(4)20-7-5-6-19(29)14-20/h5-9,14-16,30H,10-13H2,1-4H3,(H,31,35)/b23-16-",17494,CN(c1cccc(Cl)c1)S(=O)(=O)c2ccc3NC(=O)\C(=C/c4[nH]c(C)c(C(=O)N5CCN(C)CC5)c4C)\c3c2,NA
Input,Mupirocin,0.24809964,InputSig,NA,NA,LINCSCP_212150,HA1E,10uM,6h,kidney epithelial,Isoleucyl-tRNA synthetase inhibitor,NA,MINDHVHHQZYEEK-HBBNESRFSA-N,"InChI=1S/C26H44O9/c1-16(13-23(30)33-11-9-7-5-4-6-8-10-22(28)29)12-20-25(32)24(31)19(15-34-20)14-21-26(35-21)17(2)18(3)27/h13,17-21,24-27,31-32H,4-12,14-15H2,1-3H3,(H,28,29)/b16-13+/t17-,18-,19-,20-,21-,24+,25-,26-/m0/s1",17676,C[C@H](O)[C@H](C)[C@@H]1O[C@H]1C[C@H]2CO[C@@H](C\C(=C\C(=O)OCCCCCCCCC(=O)O)\C)[C@H](O)[C@@H]2O,4
Input,BRD-K66149578,0.24797582,InputSig,NA,NA,LINCSCP_60066,VCAP,5uM,24h,prostate,NA,NA,LKDAMHONCJEZRZ-IOASZLSFSA-N,"InChI=1S/C19H29BrN4O4/c1-5-6-21-19(27)23(4)10-16-12(2)9-24(13(3)11-25)18(26)15-7-14(20)8-22-17(15)28-16/h7-8,12-13,16,25H,5-6,9-11H2,1-4H3,(H,21,27)/t12-,13-,16+/m1/s1",1967,CCCNC(=O)N(C)C[C@@H]1Oc2ncc(Br)cc2C(=O)N(C[C@H]1C)[C@H](C)CO,NA
Input,BRD-K89833083,0.24797291,InputSig,NA,NA,LINCSCP_310698,VCAP,10uM,6h,prostate,NA,NA,AZNYJAZMHSMGDJ-PFPZSTESSA-N,"InChI=1S/C30H42N4O4/c1-21-17-34(22(2)20-35)29(36)16-25-15-26(32-30(37)24-11-13-31-14-12-24)9-10-27(25)38-28(21)19-33(3)18-23-7-5-4-6-8-23/h9-15,21-23,28,35H,4-8,16-20H2,1-3H3,(H,32,37)/t21-,22+,28+/m0/s1",34011,C[C@H](CO)N1C[C@H](C)[C@@H](CN(C)CC2CCCCC2)Oc3ccc(NC(=O)c4ccncc4)cc3CC1=O,NA
Input,Rifabutin,0.24767129,InputSig,NA,NA,LINCSCP_104129,HELA,10uM,24h,large intestine,Protein synthesis inhibitor,NA,AZFBLLCNOQPJGJ-NYGPAKPVSA-N,"InChI=1S/C46H62N4O11/c1-22(2)21-50-18-16-46(17-19-50)48-34-31-32-39(54)28(8)42-33(31)43(56)45(10,61-42)59-20-15-30(58-11)25(5)41(60-29(9)51)27(7)38(53)26(6)37(52)23(3)13-12-14-24(4)44(57)47-36(40(32)55)35(34)49-46/h12-15,20,22-23,25-27,30,37-38,41,52-55H,16-19,21H2,1-11H3,(H,47,57)/b13-12+,20-15+,24-14+/t23-,25+,26+,27+,30-,37-,38+,41+,45-/m0/s1",1794,CO[C@H]1\C=C\O[C@@]2(C)Oc3c(C)c(O)c4C(=C(NC(=O)\C(=C\C=C\[C@H](C)[C@H](O)[C@@H](C)[C@@H](O)[C@@H](C)[C@H](OC(=O)C)[C@@H]1C)\C)C5=NC6(CCN(CC(C)C)CC6)N=C5c4c3C2=O)O,NA
Input,Rifabutin,0.24767129,InputSig,NA,NA,LINCSCP_104129,HELA,10uM,24h,large intestine,Protein synthesis inhibitor,NA,ATEBXHFBFRCZMA-VXTBVIBXSA-N,"InChI=1S/C46H62N4O11/c1-22(2)21-50-18-16-46(17-19-50)48-34-31-32-39(54)28(8)42-33(31)43(56)45(10,61-42)59-20-15-30(58-11)25(5)41(60-29(9)51)27(7)38(53)26(6)37(52)23(3)13-12-14-24(4)44(57)47-36(40(32)55)35(34)49-46/h12-15,20,22-23,25-27,30,37-38,41,49,52-54H,16-19,21H2,1-11H3,(H,47,57)/b13-12+,20-15+,24-14-/t23-,25+,26+,27+,30-,37-,38+,41+,45-/m0/s1",17682,CO[C@H]1\C=C\O[C@@]2(C)Oc3c(C)c(O)c4C(=O)C(=C5NC6(CCN(CC(C)C)CC6)N=C5c4c3C2=O)NC(=O)\C(=C/C=C/[C@H](C)[C@H](O)[C@@H](C)[C@@H](O)[C@@H](C)[C@H](OC(=O)C)[C@@H]1C)\C,4
Input,Midazolam,0.24760698,InputSig,NA,NA,LINCSCP_58092,VCAP,10uM,24h,prostate,Benzodiazepine receptor agonist,GABRA1|GABRA2|GABRA3|GABRA4|GABRA5|GABRA6|GABRB1|GABRB2|GABRB3|GABRD|GABRE|GABRG1|GABRG2|GABRG3|GABRP|GABRQ,DDLIGBOFAVUZHB-UHFFFAOYSA-N,"InChI=1S/C18H13ClFN3/c1-11-21-9-13-10-22-18(14-4-2-3-5-16(14)20)15-8-12(19)6-7-17(15)23(11)13/h2-9H,10H2,1H3",36383,Cc1ncc2CN=C(c3ccccc3F)c4cc(Cl)ccc4n12,4
Input,GR-144053,0.24760049,InputSig,NA,NA,LINCSCP_55633,VCAP,10uM,24h,prostate,Integrin antagonist,ITGB3,QGEGSJUSWLLZLH-UHFFFAOYSA-N,"InChI=1S/C18H27N5O2/c19-18(20)14-1-3-15(4-2-14)22-9-11-23(12-10-22)16-5-7-21(8-6-16)13-17(24)25/h1-4,16H,5-13H2,(H3,19,20)(H,24,25)",24165,NC(=N)c1ccc(cc1)N2CCN(CC2)C3CCN(CC(=O)O)CC3,NA
Input,BRD-A68202111,0.24749112,InputSig,NA,NA,LINCSCP_173639,YAPC,10uM,24h,pancreas,NA,NA,NA,NA,NA,NA,NA
Input,BRD-K07591847,0.24747293,InputSig,NA,NA,LINCSCP_64060,VCAP,5uM,6h,prostate,NA,NA,ARVCVDNKKYJMNG-TWXAQOBRSA-N,"InChI=1S/C26H27N5O5/c1-2-29-25(33)24-19(12-32)18-11-30-20(5-4-17(26(30)34)16-8-27-13-28-9-16)23(18)31(24)10-15-3-6-21-22(7-15)36-14-35-21/h3-9,13,18-19,23-24,32H,2,10-12,14H2,1H3,(H,29,33)/t18-,19-,23+,24-/m0/s1",1384,CCNC(=O)[C@@H]1[C@@H](CO)[C@@H]2CN3C(=O)C(=CC=C3[C@@H]2N1Cc4ccc5OCOc5c4)c6cncnc6,NA
Input,BRD-K64478813,0.24739533,InputSig,NA,NA,LINCSCP_62801,VCAP,5uM,24h,prostate,NA,NA,FYUSSFRUYFLLAK-SELNLUPBSA-N,"InChI=1S/C23H33ClN2O6S2/c1-17-9-11-21(12-10-17)33(28,29)25(4)15-23(32-5)18(2)14-26(19(3)16-27)34(30,31)22-8-6-7-20(24)13-22/h6-13,18-19,23,27H,14-16H2,1-5H3/t18-,19+,23-/m1/s1",3940,CO[C@H](CN(C)S(=O)(=O)c1ccc(C)cc1)[C@H](C)CN([C@@H](C)CO)S(=O)(=O)c2cccc(Cl)c2,NA
Input,Chlorpromazine,0.24739163,InputSig,NA,NA,LINCSCP_175418,YAPC,10uM,24h,pancreas,Serotonin 2a (5-HT2a) receptor antagonist (Serotonin 2a|D2-like dopamine receptor antagonist,ADRA2A|ADRA2B|ADRA2C|DRD1|DRD2|DRD3|DRD4|DRD5|HRH1|HTR1A|HTR2A|HTR2C|HTR6|HTR7,ZPEIMTDSQAKGNT-UHFFFAOYSA-N,"InChI=1S/C17H19ClN2S/c1-19(2)10-5-11-20-14-6-3-4-7-16(14)21-17-9-8-13(18)12-15(17)20/h3-4,6-9,12H,5,10-11H2,1-2H3",36123,CN(C)CCCN1c2ccccc2Sc3ccc(Cl)cc13,4
Input,LRRK2-IN-1,0.24736072,InputSig,NA,NA,LINCSCP_113296,HME1,3.33uM,24h,breast,Leucine rich repeat kinase inhibitor,LRRK2,IWMCPJZTADUIFX-UHFFFAOYSA-N,"InChI=1S/C31H38N8O3/c1-35-15-17-38(18-16-35)22-11-13-39(14-12-22)29(40)21-9-10-24(27(19-21)42-4)33-31-32-20-26-28(34-31)36(2)25-8-6-5-7-23(25)30(41)37(26)3/h5-10,19-20,22H,11-18H2,1-4H3,(H,32,33,34)",15130,COc1cc(ccc1Nc2ncc3N(C)C(=O)c4ccccc4N(C)c3n2)C(=O)N5CCC(CC5)N6CCN(C)CC6,NA
Input,Nemonapride,0.24715076,InputSig,NA,NA,LINCSCP_41157,NEU,10uM,24h,NA,Dopamine receptor antagonist,DRD2|DRD3,QCYCDKUNJFKYEI-ZVWWNKPMSA-N,"InChI=1S/2C21H26ClN3O2/c2*1-14-18(9-10-25(14)13-15-7-5-4-6-8-15)24-21(26)16-11-17(22)19(23-2)12-20(16)27-3/h2*4-8,11-12,14,18,23H,9-10,13H2,1-3H3,(H,24,26)/t2*14-,18-/m10/s1",26697,CNc1cc(OC)c(cc1Cl)C(=O)N[C@H]2CCN(Cc3ccccc3)[C@H]2C.CNc4cc(OC)c(cc4Cl)C(=O)N[C@@H]5CCN(Cc6ccccc6)[C@@H]5C,NA
Input,Nemonapride,0.24715076,InputSig,NA,NA,LINCSCP_41157,NEU,10uM,24h,NA,Dopamine receptor antagonist,DRD2|DRD3,KRVOJOCLBAAKSJ-UHFFFAOYSA-N,"InChI=1S/C21H26ClN3O2/c1-14-18(9-10-25(14)13-15-7-5-4-6-8-15)24-21(26)16-11-17(22)19(23-2)12-20(16)27-3/h4-8,11-12,14,18,23H,9-10,13H2,1-3H3,(H,24,26)",15293,CNc1cc(OC)c(cc1Cl)C(=O)NC2CCN(Cc3ccccc3)C2C,NA
Input,BRD-K72516992,0.24697629,InputSig,NA,NA,LINCSCP_59915,VCAP,5uM,24h,prostate,NA,NA,AMJJCKBOWHOXQT-IUKKYPGJSA-N,"InChI=1S/C25H40N4O4/c1-17-14-29(18(2)16-30)24(31)21-13-20(27(3)4)11-12-22(21)33-23(17)15-28(5)25(32)26-19-9-7-6-8-10-19/h11-13,17-19,23,30H,6-10,14-16H2,1-5H3,(H,26,32)/t17-,18-,23+/m0/s1",33521,C[C@@H](CO)N1C[C@H](C)[C@@H](CN(C)C(=O)NC2CCCCC2)Oc3ccc(cc3C1=O)N(C)C,NA
Input,BRD-K93738295,0.2469492,InputSig,NA,NA,LINCSCP_181721,A375,5uM,24h,skin,NA,NA,ZXKFKEACMTVYCV-GYBKAKGQSA-N,"InChI=1S/C35H41N3O5/c1-23-19-38(24(2)21-39)34(40)32-31(28-17-11-12-18-29(28)37(32)4)27-16-10-9-15-26(27)22-43-30(23)20-36(3)35(41)33(42-5)25-13-7-6-8-14-25/h6-18,23-24,30,33,39H,19-22H2,1-5H3/t23-,24+,30-,33-/m1/s1",25297,CO[C@@H](C(=O)N(C)C[C@H]1OCc2ccccc2c3c(C(=O)N(C[C@H]1C)[C@@H](C)CO)n(C)c4ccccc34)c5ccccc5,NA
Input,BRD-K00199686,0.24685371,InputSig,NA,NA,LINCSCP_109392,HELA,0.37uM,24h,large intestine,NA,NA,GJVLYDQXVFQAHZ-CTZMOBNVSA-N,"InChI=1S/C23H28N2O7S/c1-25(2)22(27)12-16-11-19-18-10-14(4-9-20(18)32-23(19)21(13-26)31-16)24-33(28,29)17-7-5-15(30-3)6-8-17/h4-10,16,19,21,23-24,26H,11-13H2,1-3H3/t16-,19+,21+,23-/m1/s1",18325,COc1ccc(cc1)S(=O)(=O)Nc2ccc3O[C@H]4[C@H](CO)O[C@@H](CC(=O)N(C)C)C[C@H]4c3c2,NA
Input,BRD-K46709181,0.24683336,InputSig,NA,NA,LINCSCP_3268,A375,5uM,24h,skin,NA,NA,TWVDNKQJDYICCW-FMKPAKJESA-N,"InChI=1S/C17H28N4O3/c1-11(2)15-9-21(20-19-15)8-7-13-5-6-14(16(10-22)24-13)18-17(23)12-3-4-12/h9,11-14,16,22H,3-8,10H2,1-2H3,(H,18,23)/t13-,14-,16+/m1/s1",3255,CC(C)c1cn(CC[C@H]2CC[C@@H](NC(=O)C3CC3)[C@H](CO)O2)nn1,NA
Input,CHEMBL2136821,0.24682907,InputSig,NA,NA,LINCSCP_59667,VCAP,5uM,24h,prostate,NA,NA,XJOPVLQFFGEWNL-ZRLASMASSA-N,"InChI=1S/C33H38F3N3O4/c1-22-18-39(23(2)21-40)32(42)17-26-16-28(37-31(41)15-24-7-5-4-6-8-24)13-14-29(26)43-30(22)20-38(3)19-25-9-11-27(12-10-25)33(34,35)36/h4-14,16,22-23,30,40H,15,17-21H2,1-3H3,(H,37,41)/t22-,23-,30-/m0/s1",19654,C[C@@H](CO)N1C[C@H](C)[C@H](CN(C)Cc2ccc(cc2)C(F)(F)F)Oc3ccc(NC(=O)Cc4ccccc4)cc3CC1=O,NA
Input,NU-7441,0.24674166,InputSig,NA,NA,LINCSCP_39144,MDAMB231,10uM,6h,NA,DNA dependent protein kinase inhibitor|P-glycoprotein inhibitor,PRKDC,JAMULYFATHSZJM-UHFFFAOYSA-N,"InChI=1S/C25H19NO3S/c27-21-15-23(26-11-13-28-14-12-26)29-24-17(6-3-9-20(21)24)19-8-4-7-18-16-5-1-2-10-22(16)30-25(18)19/h1-10,15H,11-14H2",37780,O=C1C=C(Oc2c1cccc2c3cccc4c5ccccc5sc34)N6CCOCC6,NA
Input,CGP 57380,0.24669405,InputSig,NA,NA,LINCSCP_52505,SKB,10uM,24h,NA,MAP kinase inhibitor|MAPK-interacting kinase inhibitor,MKNK1,UQPMANVRZYYQMD-UHFFFAOYSA-N,"InChI=1S/C11H9FN6/c12-6-1-3-7(4-2-6)16-11-8-9(13)14-5-15-10(8)17-18-11/h1-5H,(H4,13,14,15,16,17,18)",2607,Nc1ncnc2[nH]nc(Nc3ccc(F)cc3)c12,NA
Input,MLS003130051,0.24667844,InputSig,NA,NA,LINCSCP_60486,VCAP,5uM,6h,prostate,NA,NA,JAWXPOQCFIAERV-OPYAIIAOSA-N,"InChI=1S/C24H37N3O6S/c1-7-12-25-23(29)26(6)15-21-17(2)14-27(18(3)16-28)34(31,32)22-9-8-19(13-20(22)33-21)10-11-24(4,5)30/h8-9,13,17-18,21,28,30H,7,12,14-16H2,1-6H3,(H,25,29)/t17-,18-,21+/m1/s1",23672,CCCNC(=O)N(C)C[C@@H]1Oc2cc(ccc2S(=O)(=O)N(C[C@H]1C)[C@H](C)CO)C#CC(C)(C)O,NA
Input,BRD-K05684908,0.24662092,InputSig,NA,NA,LINCSCP_33816,MCF7,10uM,24h,breast,NA,NA,DSHPDBIZJLDJKA-AXHZCLLHSA-N,"InChI=1S/C25H37N5O5/c1-18-12-30(19(2)16-31)25(32)5-4-8-29-14-21(26-27-29)17-35-24(18)15-28(3)13-20-6-7-22-23(11-20)34-10-9-33-22/h6-7,11,14,18-19,24,31H,4-5,8-10,12-13,15-17H2,1-3H3/t18-,19-,24+/m0/s1",23493,C[C@@H](CO)N1C[C@H](C)[C@@H](CN(C)Cc2ccc3OCCOc3c2)OCc4cn(CCCC1=O)nn4,NA
Input,Amodiaquine,0.24659485,InputSig,NA,NA,LINCSCP_73677,A375,10uM,24h,skin,Histamine receptor agonist,HNMT,OVCDSSHSILBFBN-UHFFFAOYSA-N,"InChI=1S/C20H22ClN3O/c1-3-24(4-2)13-14-11-16(6-8-20(14)25)23-18-9-10-22-19-12-15(21)5-7-17(18)19/h5-12,25H,3-4,13H2,1-2H3,(H,22,23)",5108,CCN(CC)Cc1cc(Nc2ccnc3cc(Cl)ccc23)ccc1O,4
Input,AZD 1480,0.24655041,InputSig,NA,NA,LINCSCP_166213,SKL,0.37uM,24h,skeletal muscle,JAK inhibitor,JAK1|JAK2,PDOQBOJDRPLBQU-UHFFFAOYSA-N,"InChI=1S/C14H14ClFN8/c1-7-3-11(24-23-7)21-13-10(15)6-19-14(22-13)20-8(2)12-17-4-9(16)5-18-12/h3-6,8H,1-2H3,(H3,19,20,21,22,23,24)",15139,CC(Nc1ncc(Cl)c(Nc2cc(C)[nH]n2)n1)c3ncc(F)cn3,NA
Input,VU0413247-1,0.24655008,InputSig,NA,NA,LINCSCP_1413,A375,10uM,24h,skin,NA,NA,GAABOABJYSKCPL-UHFFFAOYSA-N,"InChI=1S/C27H30FNO2/c28-25-12-14-26(15-13-25)31-21-7-18-29-19-16-24(17-20-29)27(30,22-8-3-1-4-9-22)23-10-5-2-6-11-23/h1-6,8-15,24,30H,7,16-21H2",15787,OC(C1CCN(CCCOc2ccc(F)cc2)CC1)(c3ccccc3)c4ccccc4,NA
Input,BRD-K15502712,0.24650811,InputSig,NA,NA,LINCSCP_297551,VCAP,5uM,6h,prostate,NA,NA,KGPKEHLIXQTDQP-OMOWZKTISA-N,"InChI=1S/C22H31N5O5S/c1-6-7-17-8-18-21(23-9-17)32-19(15(2)10-27(22(18)29)16(3)13-28)11-26(5)33(30,31)20-12-25(4)14-24-20/h6-9,12,14-16,19,28H,10-11,13H2,1-5H3/b7-6+/t15-,16+,19+/m0/s1",5396,C\C=C\c1cnc2O[C@H](CN(C)S(=O)(=O)c3cn(C)cn3)[C@@H](C)CN([C@H](C)CO)C(=O)c2c1,NA
Input,Perindopril,0.24649331,InputSig,NA,NA,LINCSCP_14791,HA1E,10uM,24h,kidney epithelial,Angiotensin converting enzyme inhibitor,ACE,IPVQLZZIHOAWMC-QXKUPLGCSA-N,"InChI=1S/C19H32N2O5/c1-4-8-14(19(25)26-5-2)20-12(3)17(22)21-15-10-7-6-9-13(15)11-16(21)18(23)24/h12-16,20H,4-11H2,1-3H3,(H,23,24)/t12-,13-,14-,15-,16-/m0/s1",16052,CCC[C@H](N[C@@H](C)C(=O)N1[C@H]2CCCC[C@H]2C[C@H]1C(=O)O)C(=O)OCC,4
Input,RU-24969,0.24638326,InputSig,NA,NA,LINCSCP_241982,MCF7,10uM,24h,breast,Serotonin receptor agonist,HTR1A|HTR1B|HTR6,KRVMLPUDAOWOGN-UHFFFAOYSA-N,"InChI=1S/C14H16N2O/c1-17-11-2-3-14-12(8-11)13(9-16-14)10-4-6-15-7-5-10/h2-4,8-9,15-16H,5-7H2,1H3",15087,COc1ccc2[nH]cc(C3=CCNCC3)c2c1,NA
Input,CHEMBL1270704,0.24635661,InputSig,NA,NA,LINCSCP_57419,VCAP,10uM,6h,prostate,NA,NA,HVPCZZNYFVJIQI-UHFFFAOYSA-N,"InChI=1S/C27H18N2O3S/c30-26(22-15-14-19-8-1-2-10-21(19)18-22)31-16-5-6-17-33-27-29-28-25(32-27)24-13-7-11-20-9-3-4-12-23(20)24/h1-4,7-15,18H,16-17H2",15630,O=C(OCC#CCSc1oc(nn1)c2cccc3ccccc23)c4ccc5ccccc5c4,NA
Input,BRD-K66598898,0.24630817,InputSig,NA,NA,LINCSCP_59502,VCAP,10uM,24h,prostate,NA,NA,XJDNFUDAKLJUOC-NIWNGRQCSA-N,"InChI=1S/C34H52N4O7S/c1-25-22-38(26(2)24-39)34(41)30-21-28(35-33(40)16-12-19-36(4)5)17-18-31(30)45-27(3)13-10-11-20-44-32(25)23-37(6)46(42,43)29-14-8-7-9-15-29/h7-9,14-15,17-18,21,25-27,32,39H,10-13,16,19-20,22-24H2,1-6H3,(H,35,40)/t25-,26+,27-,32+/m1/s1",13272,C[C@@H](CO)N1C[C@@H](C)[C@H](CN(C)S(=O)(=O)c2ccccc2)OCCCC[C@@H](C)Oc3ccc(NC(=O)CCCN(C)C)cc3C1=O,NA
Input,Tivantinib,0.24627958,InputSig,NA,NA,LINCSCP_24713,HS578T,0.1uM,24h,breast,Tyrosine kinase inhibitor,MET,UCEQXRCJXIVODC-PMACEKPBSA-N,"InChI=1S/C23H19N3O2/c27-22-19(16-11-24-18-9-2-1-7-14(16)18)20(23(28)25-22)17-12-26-10-4-6-13-5-3-8-15(17)21(13)26/h1-3,5,7-9,11-12,19-20,24H,4,6,10H2,(H,25,27,28)/t19-,20-/m0/s1",37812,O=C1NC(=O)[C@H]([C@@H]1c2c[nH]c3ccccc23)c4cn5CCCc6cccc4c56,3
Input,Phenothiazine,0.24625251,InputSig,NA,NA,LINCSCP_291735,VCAP,10uM,6h,prostate,Dopamine receptor antagonist,NA,WJFKNYWRSNBZNX-UHFFFAOYSA-N,"InChI=1S/C12H9NS/c1-3-7-11-9(5-1)13-10-6-2-4-8-12(10)14-11/h1-8,13H",22918,N1c2ccccc2Sc3ccccc13,NA
Input,FR-180204,0.24624542,InputSig,NA,NA,LINCSCP_117121,HT29,10uM,24h,large intestine,MAP kinase inhibitor,MAPK1|MAPK3,XVECMUKVOMUNLE-UHFFFAOYSA-N,"InChI=1S/C18H13N7/c19-17-12-10-13(20-22-18(12)23-21-17)15-14-8-4-5-9-25(14)24-16(15)11-6-2-1-3-7-11/h1-10H,(H3,19,21,22,23)",27855,Nc1[nH]nc2nnc(cc12)c3c(nn4ccccc34)c5ccccc5,NA
Input,MLS002699429,0.24618382,InputSig,NA,NA,LINCSCP_56874,VCAP,40uM,24h,prostate,NA,NA,QXFVQXRFCWCTQE-UFFVCSGVSA-N,"InChI=1S/C16H18F3N3O2/c1-10(21-22-14(23)12-4-2-3-5-12)11-6-8-13(9-7-11)20-15(24)16(17,18)19/h6-9,12H,2-5H2,1H3,(H,20,24)(H,22,23)/b21-10+",40336,C\C(=N/NC(=O)C1CCCC1)\c2ccc(NC(=O)C(F)(F)F)cc2,NA
Input,AC1M43RN,0.24617121,InputSig,NA,NA,LINCSCP_258538,NEU,10uM,24h,NA,NA,NA,CSEQFIHKUHSYPC-UHFFFAOYSA-N,"InChI=1S/C17H19N3O3/c1-12-5-6-15(13(2)10-12)19-16(21)7-8-17(22)20-18-11-14-4-3-9-23-14/h3-6,9-11H,7-8H2,1-2H3,(H,19,21)(H,20,22)",22880,Cc1ccc(NC(=O)CCC(=O)NN=Cc2occc2)c(C)c1,NA
Input,CHEMBL1374544,0.24616451,InputSig,NA,NA,LINCSCP_57669,VCAP,10uM,6h,prostate,NA,NA,PBJIOVQCYBRCRK-UHFFFAOYSA-N,"InChI=1S/C21H17N3O3/c1-24(11-16-3-2-8-25-16)21-17-9-14(4-6-18(17)22-12-23-21)15-5-7-19-20(10-15)27-13-26-19/h2-10,12H,11,13H2,1H3",38415,CN(Cc1occc1)c2ncnc3ccc(cc23)c4ccc5OCOc5c4,NA
Input,BRD-K14952621,0.24600464,InputSig,NA,NA,LINCSCP_61947,VCAP,5uM,24h,prostate,NA,NA,WYRQMVCVXSYSKJ-MCIONIFRSA-N,"InChI=1S/C16H28N2O5/c1-18(2)15(20)9-12-3-4-13(14(10-19)23-12)17-16(21)11-5-7-22-8-6-11/h11-14,19H,3-10H2,1-2H3,(H,17,21)/t12-,13-,14+/m1/s1",854,CN(C)C(=O)C[C@H]1CC[C@@H](NC(=O)C2CCOCC2)[C@H](CO)O1,NA
Input,Nimesulide,0.24596231,InputSig,NA,NA,LINCSCP_33238,MCF7,10uM,6h,breast,Cyclooxygenase inhibitor,LTF|PTGS2,HYWYRSMBCFDLJT-UHFFFAOYSA-N,"InChI=1S/C13H12N2O5S/c1-21(18,19)14-12-8-7-10(15(16)17)9-13(12)20-11-5-3-2-4-6-11/h2-9,14H,1H3",35975,CS(=O)(=O)Nc1ccc(cc1Oc2ccccc2)[N+](=O)[O-],4
Input,WH-4-025,0.2459251,InputSig,NA,NA,LINCSCP_81325,A549,0.37uM,24h,lung,NA,NA,MWWDOHSKUDECFQ-UHFFFAOYSA-N,"InChI=1S/C39H38F3N7O5/c1-25-8-9-26(36(50)44-29-7-5-6-27(23-29)39(40,41)42)22-33(25)54-38(51)49(32-15-14-31(52-3)24-34(32)53-4)35-16-17-43-37(46-35)45-28-10-12-30(13-11-28)48-20-18-47(2)19-21-48/h5-17,22-24H,18-21H2,1-4H3,(H,44,50)(H,43,45,46)",26522,COc1ccc(N(C(=O)Oc2cc(ccc2C)C(=O)Nc3cccc(c3)C(F)(F)F)c4ccnc(Nc5ccc(cc5)N6CCN(C)CC6)n4)c(OC)c1,NA
Input,MLS003337120,0.24590535,InputSig,NA,NA,LINCSCP_292675,VCAP,10uM,6h,prostate,NA,NA,IGPSUWGNHGRNJY-UHFFFAOYSA-N,"InChI=1S/C15H11BrClNO4/c1-22-9-4-2-8(3-5-9)14(19)18-13-7-12(17)11(16)6-10(13)15(20)21/h2-7H,1H3,(H,18,19)(H,20,21)",16039,COc1ccc(cc1)C(=O)Nc2cc(Cl)c(Br)cc2C(=O)O,NA
Input,CDK9 Inhibitor,0.24584838,InputSig,NA,NA,LINCSCP_86718,CD34,0.12uM,24h,bone marrow,NA,NA,CKUFOBCNTCLXJP-UHFFFAOYSA-N,"InChI=1S/C26H21N5O4S/c1-16-10-11-18(13-22(16)30-36(2,34)35)29-24-14-23(27-15-28-24)17-6-5-7-19(12-17)31-25(32)20-8-3-4-9-21(20)26(31)33/h3-15,30H,1-2H3,(H,27,28,29)",19903,Cc1ccc(Nc2cc(ncn2)c3cccc(c3)N4C(=O)c5ccccc5C4=O)cc1NS(=O)(=O)C,NA
Input,BRD-K33676730,0.24582831,InputSig,NA,NA,LINCSCP_49854,PHH,10uM,24h,NA,NA,NA,WAZWVLWQIWHNSB-PVLYCHHLSA-N,"InChI=1S/C37H48N4O7/c1-25-20-41(26(2)23-42)36(43)31-18-29(38-37(44)39-30-14-16-33-34(19-30)47-24-46-33)13-15-32(31)48-27(3)10-8-9-17-45-35(25)22-40(4)21-28-11-6-5-7-12-28/h5-7,11-16,18-19,25-27,35,42H,8-10,17,20-24H2,1-4H3,(H2,38,39,44)/t25-,26-,27-,35+/m1/s1",32560,C[C@H](CO)N1C[C@@H](C)[C@H](CN(C)Cc2ccccc2)OCCCC[C@@H](C)Oc3ccc(NC(=O)Nc4ccc5OCOc5c4)cc3C1=O,NA
Input,Dihydrorobustic acid,0.2457063,InputSig,NA,NA,LINCSCP_56078,VCAP,10uM,24h,prostate,NA,NA,WJMJXJYEGROEHH-UHFFFAOYSA-N,"InChI=1S/C22H22O6/c1-22(2)10-9-14-15(28-22)11-16-18(20(14)26-4)19(23)17(21(24)27-16)12-5-7-13(25-3)8-6-12/h5-8,11,23H,9-10H2,1-4H3",36165,COc1ccc(cc1)C2=C(O)c3c(OC2=O)cc4OC(C)(C)CCc4c3OC,NA
Input,Lithocholic acid,0.24557793,InputSig,NA,NA,LINCSCP_260093,NEU,10uM,6h,NA,FXR antagonist|MDM inhibitor|PXR ligand|Tyrosine phosphatase inhibitor|Vitamin D receptor agonist|Vitamin D receptor ligand,NR1I2|VDR,SMEROWZSTRWXGI-HVATVPOCSA-N,"InChI=1S/C24H40O3/c1-15(4-9-22(26)27)19-7-8-20-18-6-5-16-14-17(25)10-12-23(16,2)21(18)11-13-24(19,20)3/h15-21,25H,4-14H2,1-3H3,(H,26,27)/t15-,16-,17-,18+,19-,20+,21+,23+,24-/m1/s1",38751,C[C@H](CCC(=O)O)[C@H]1CC[C@H]2[C@@H]3CC[C@@H]4C[C@H](O)CC[C@]4(C)[C@H]3CC[C@]12C,NA
Input,VE-821,0.24557676,InputSig,NA,NA,LINCSCP_100764,HCC515,0.12uM,24h,lung,NA,NA,DUIHHZKTCSNTGM-UHFFFAOYSA-N,"InChI=1S/C18H16N4O3S/c1-26(24,25)14-9-7-12(8-10-14)15-11-20-17(19)16(22-15)18(23)21-13-5-3-2-4-6-13/h2-11H,1H3,(H2,19,20)(H,21,23)",9066,CS(=O)(=O)c1ccc(cc1)c2cnc(N)c(n2)C(=O)Nc3ccccc3,NA
Input,Metoprolol,0.24534433,InputSig,NA,NA,LINCSCP_13969,HA1E,10uM,24h,kidney epithelial,Adrenergic receptor antagonist,ADRB1|ADRB2,IUBSYMUCCVWXPE-UHFFFAOYSA-N,"InChI=1S/C15H25NO3/c1-12(2)16-10-14(17)11-19-15-6-4-13(5-7-15)8-9-18-3/h4-7,12,14,16-17H,8-11H2,1-3H3",35307,COCCc1ccc(OCC(O)CNC(C)C)cc1,4
Input,BRD-K03194608,0.24528277,InputSig,NA,NA,LINCSCP_65120,VCAP,10uM,6h,prostate,NA,NA,IPPKAUYPGZFFKS-LSQMVHIFSA-N,"InChI=1S/C26H29N3O4/c1-33-21-12-10-20(11-13-21)27-26(32)28-14-22-25(23(16-30)29(22)24(31)15-28)19-8-6-18(7-9-19)17-4-2-3-5-17/h4,6-13,22-23,25,30H,2-3,5,14-16H2,1H3,(H,27,32)/t22-,23-,25-/m0/s1",31774,COc1ccc(NC(=O)N2C[C@H]3[C@@H]([C@H](CO)N3C(=O)C2)c4ccc(cc4)C5=CCCC5)cc1,NA
Input,"Tropanyl-3,5-dimethylbenzoate",0.24517943,InputSig,NA,NA,LINCSCP_258628,NEU,10uM,24h,NA,Serotonin receptor antagonist,HTR3A|HTR3B,HDDNYFLPWFSBLN-UHFFFAOYSA-N,"InChI=1S/C17H23NO2/c1-11-6-12(2)8-13(7-11)17(19)20-16-9-14-4-5-15(10-16)18(14)3/h6-8,14-16H,4-5,9-10H2,1-3H3",23246,CN1C2CCC1CC(C2)OC(=O)c3cc(C)cc(C)c3,NA
Input,Erastin,0.2451541,InputSig,NA,NA,LINCSCP_53973,SW480,5uM,6h,large intestine,Ion channel antagonist,VDAC2,BKQFRNYHFIQEKN-UHFFFAOYSA-N,"InChI=1S/C30H31ClN4O4/c1-3-38-27-11-7-6-10-26(27)35-29(32-25-9-5-4-8-24(25)30(35)37)21(2)33-16-18-34(19-17-33)28(36)20-39-23-14-12-22(31)13-15-23/h4-15,21H,3,16-20H2,1-2H3",36319,CCOc1ccccc1N2C(=O)c3ccccc3N=C2C(C)N4CCN(CC4)C(=O)COc5ccc(Cl)cc5,NA
Input,ABT737,0.24514249,InputSig,NA,NA,LINCSCP_112341,HEPG2,10uM,24h,liver,BCL inhibitor,BCL2|BCL2L1|BCL2L2,HPLNQCPCUACXLM-PGUFJCEWSA-N,"InChI=1S/C42H45ClN6O5S2/c1-46(2)23-22-35(30-55-37-9-4-3-5-10-37)44-40-21-20-38(28-41(40)49(51)52)56(53,54)45-42(50)32-14-18-36(19-15-32)48-26-24-47(25-27-48)29-33-8-6-7-11-39(33)31-12-16-34(43)17-13-31/h3-21,28,35,44H,22-27,29-30H2,1-2H3,(H,45,50)/t35-/m1/s1",37882,CN(C)CC[C@H](CSc1ccccc1)Nc2ccc(cc2[N+](=O)[O-])S(=O)(=O)NC(=O)c3ccc(cc3)N4CCN(Cc5ccccc5c6ccc(Cl)cc6)CC4,NA
Input,Fluspirilene,0.24504558,InputSig,NA,NA,LINCSCP_808,A375,5uM,24h,skin,Dopamine receptor antagonist,DRD2|HTR2A,QOYHHIBFXOOADH-UHFFFAOYSA-N,"InChI=1S/C29H31F2N3O/c30-24-12-8-22(9-13-24)27(23-10-14-25(31)15-11-23)7-4-18-33-19-16-29(17-20-33)28(35)32-21-34(29)26-5-2-1-3-6-26/h1-3,5-6,8-15,27H,4,7,16-21H2,(H,32,35)",15927,Fc1ccc(cc1)C(CCCN2CCC3(CC2)N(CNC3=O)c4ccccc4)c5ccc(F)cc5,4
Input,Morphothebaine,0.24494188,InputSig,NA,NA,LINCSCP_18401,HCC515,10uM,6h,lung,Adrenergic receptor antagonist,NA,LEWKYIVLAXKZAS-CQSZACIVSA-N,"InChI=1S/C18H19NO3/c1-19-6-5-11-7-12(20)9-13-16(11)14(19)8-10-3-4-15(22-2)18(21)17(10)13/h3-4,7,9,14,20-21H,5-6,8H2,1-2H3/t14-/m1/s1",35670,COc1ccc2C[C@H]3N(C)CCc4cc(O)cc(c34)c2c1O,NA
Input,BRD-K92023938,0.2449105,InputSig,NA,NA,LINCSCP_304385,VCAP,5uM,6h,prostate,NA,NA,XWECZACFMCVSEP-PXEJVSPGSA-N,"InChI=1S/C29H31N3O5/c1-18(20-5-3-2-4-6-20)31-28(35)16-22-15-24-23-14-21(32-27(34)13-19-9-11-30-12-10-19)7-8-25(23)37-29(24)26(17-33)36-22/h2-12,14,18,22,24,26,29,33H,13,15-17H2,1H3,(H,31,35)(H,32,34)/t18-,22+,24-,26+,29+/m0/s1",4670,C[C@H](NC(=O)C[C@H]1C[C@@H]2[C@@H](Oc3ccc(NC(=O)Cc4ccncc4)cc23)[C@@H](CO)O1)c5ccccc5,NA
Input,BRD-K75990826,0.24488499,InputSig,NA,NA,LINCSCP_8317,A549,5uM,24h,lung,NA,NA,MEJUTVOAQGGYHA-MIZPHKNDSA-N,"InChI=1S/C24H37N5O3/c1-18-7-5-8-21(11-18)13-27(4)15-23-19(2)12-29(20(3)16-30)24(31)9-6-10-28-14-22(17-32-23)25-26-28/h5,7-8,11,14,19-20,23,30H,6,9-10,12-13,15-17H2,1-4H3/t19-,20+,23+/m0/s1",1981,C[C@H](CO)N1C[C@H](C)[C@@H](CN(C)Cc2cccc(C)c2)OCc3cn(CCCC1=O)nn3,NA
Input,MLS003126538,0.24474118,InputSig,NA,NA,LINCSCP_5331,A549,10uM,6h,lung,NA,NA,UOTOWPKHODSOBQ-HNNXBMFYSA-N,"InChI=1S/C15H17ClN2O5/c1-9(2)15(10-5-7-11(16)8-6-10)12(19)17(13(20)22-3)18(15)14(21)23-4/h5-9H,1-4H3/t15-/m0/s1",23085,COC(=O)N1N(C(=O)OC)[C@](C(C)C)(C1=O)c2ccc(Cl)cc2,NA
Input,BRD-K82083906,0.24468787,InputSig,NA,NA,LINCSCP_61722,VCAP,5uM,6h,prostate,NA,NA,VTQGPDBOURHJNB-HTWFIQDWSA-N,"InChI=1S/C32H38N2O4/c1-22-18-34(23(2)20-35)32(37)29-17-11-10-16-28(29)27-15-9-8-14-26(27)21-38-30(22)19-33(4)31(36)24(3)25-12-6-5-7-13-25/h5-17,22-24,30,35H,18-21H2,1-4H3/t22-,23-,24+,30-/m1/s1",8277,C[C@H](CO)N1C[C@@H](C)[C@@H](CN(C)C(=O)[C@@H](C)c2ccccc2)OCc3ccccc3c4ccccc4C1=O,NA
Input,BRD-K14328427,0.24466147,InputSig,NA,NA,LINCSCP_239875,MCF7,10uM,24h,breast,NA,NA,VNFHSOCFCOJQAS-MKVNITDJSA-N,"InChI=1S/C37H37N5O5S/c1-23-20-42(24(2)22-43)36(45)29-11-7-13-31(39-34(44)26-14-16-27(17-15-26)35-38-18-19-48-35)33(29)47-32(23)21-41(3)37(46)40-30-12-6-9-25-8-4-5-10-28(25)30/h4-19,23-24,32,43H,20-22H2,1-3H3,(H,39,44)(H,40,46)/t23-,24+,32-/m1/s1",23377,C[C@@H](CO)N1C[C@@H](C)[C@@H](CN(C)C(=O)Nc2cccc3ccccc23)Oc4c(NC(=O)c5ccc(cc5)c6nccs6)cccc4C1=O,NA
Input,BRD-K89953543,0.24450497,InputSig,NA,NA,LINCSCP_307163,VCAP,5uM,6h,prostate,NA,NA,VIAXYKVUXVILCJ-CVAIRZPRSA-N,"InChI=1S/C23H26N2O6S/c1-25-18-7-6-15(11-22(27)29-2)31-20(18)13-30-19-8-5-14(10-17(19)23(25)28)24-21(26)12-16-4-3-9-32-16/h3-5,8-10,15,18,20H,6-7,11-13H2,1-2H3,(H,24,26)/t15-,18+,20-/m0/s1",4609,COC(=O)C[C@@H]1CC[C@@H]2[C@H](COc3ccc(NC(=O)Cc4cccs4)cc3C(=O)N2C)O1,NA
Input,MLS002703076,0.24446902,InputSig,NA,NA,LINCSCP_16305,HA1E,10uM,6h,kidney epithelial,NA,NA,SAIPSYFILFBTPK-UHFFFAOYSA-N,"InChI=1S/C15H19N9S/c1-9-6-5-7-10(2)12(9)24-15(20-21-22-24)25-8-11-17-13(16)19-14(18-11)23(3)4/h5-7H,8H2,1-4H3,(H2,16,17,18,19)",35739,CN(C)c1nc(N)nc(CSc2nnnn2c3c(C)cccc3C)n1,NA
Input,Quinelorane,0.24445674,InputSig,NA,NA,LINCSCP_14547,HA1E,10uM,6h,kidney epithelial,Dopamine receptor agonist,DRD2|DRD3,TUFADSGTJUOBEH-ZWNOBZJWSA-N,"InChI=1S/C14H22N4/c1-2-5-18-6-3-4-10-7-12-11(8-13(10)18)9-16-14(15)17-12/h9-10,13H,2-8H2,1H3,(H2,15,16,17)/t10-,13-/m1/s1",35540,CCCN1CCC[C@@H]2Cc3nc(N)ncc3C[C@@H]12,NA
Input,CHEMBL586058,0.24441836,InputSig,NA,NA,LINCSCP_50207,PHH,10uM,24h,NA,Caspase inhibitor,CASP3,VUBILPOZTRGZJK-UHFFFAOYSA-N,"InChI=1S/C18H13Cl2N5O4/c1-2-5-21-16(26)11-7-10(25(28)29)8-12-15(11)23-18(24-17(12)27)22-9-3-4-13(19)14(20)6-9/h2-4,6-8H,1,5H2,(H,21,26)(H2,22,23,24,27)",15591,[O-][N+](=O)c1cc(C(=O)NCC=C)c2N=C(Nc3ccc(Cl)c(Cl)c3)NC(=O)c2c1,NA
Input,SCHEMBL12636892,0.24433196,InputSig,NA,NA,LINCSCP_289177,VCAP,10uM,24h,prostate,Oxytocin receptor antagonist,OXTR,MWIASLNTAGRGGA-WVJGRJQASA-N,"InChI=1S/C26H42N4O5S2/c1-19-7-5-6-8-22(19)29-12-14-30(15-13-29)37(34,35)18-26-11-9-20(25(26,2)3)17-23(26)28-24(31)21(27)10-16-36(4,32)33/h5-8,20-21,23H,9-18,27H2,1-4H3,(H,28,31)/t20?,21-,23-,26?/m0/s1",387,Cc1ccccc1N2CCN(CC2)S(=O)(=O)CC34CCC(C[C@@H]3NC(=O)[C@@H](N)CCS(=O)(=O)C)C4(C)C,NA
Input,KW-2449,0.24432967,InputSig,NA,NA,LINCSCP_113801,HME1,0.12uM,24h,breast,Serine/threonine-protein kinase Aurora-A inhibitor|Serine/threonine-protein kinase Aurora-B inhibitor|Tyrosine-protein kinase ABL inhibitor|Tyrosine-protein kinase receptor FLT3 inhibitor,ABL1|AURKA|AURKB|FLT3,YYLKKYCXAOBSRM-JXMROGBWSA-N,"InChI=1S/C20H20N4O/c25-20(24-13-11-21-12-14-24)16-8-5-15(6-9-16)7-10-19-17-3-1-2-4-18(17)22-23-19/h1-10,21H,11-14H2,(H,22,23)/b10-7+",16853,O=C(N1CCNCC1)c2ccc(\C=C\c3n[nH]c4ccccc34)cc2,1
Input,92953-43-0,0.24425762,InputSig,NA,NA,LINCSCP_56665,VCAP,10uM,24h,prostate,Opioid receptor agonist,OPRK1,JUBNVWGVNWIXMB-SJORKVTESA-N,"InChI=1S/C18H24Cl2N2O/c1-21(18(23)13-8-9-14(19)15(20)12-13)16-6-2-3-7-17(16)22-10-4-5-11-22/h8-9,12,16-17H,2-7,10-11H2,1H3/t16-,17+/m1/s1",35375,CN([C@@H]1CCCC[C@@H]1N2CCCC2)C(=O)c3ccc(Cl)c(Cl)c3,NA
Input,Rofecoxib,0.24424296,InputSig,NA,NA,LINCSCP_26822,HT29,10uM,6h,large intestine,Cyclooxygenase inhibitor,PTGS2,RZJQGNCSTQAWON-UHFFFAOYSA-N,"InChI=1S/C17H14O4S/c1-22(19,20)14-9-7-12(8-10-14)15-11-21-17(18)16(15)13-5-3-2-4-6-13/h2-10H,11H2,1H3",15492,CS(=O)(=O)c1ccc(cc1)C2=C(C(=O)OC2)c3ccccc3,4
Input,AZD-1152-HQPA,0.24421117,InputSig,NA,NA,LINCSCP_24350,HS578T,0.1uM,24h,breast,Aurora kinase inhibitor,AURKA|AURKB,QYZOGCMHVIGURT-UHFFFAOYSA-N,"InChI=1S/C26H30FN7O3/c1-2-34(10-11-35)9-4-12-37-21-7-8-22-23(16-21)28-17-29-26(22)31-24-14-20(32-33-24)15-25(36)30-19-6-3-5-18(27)13-19/h3,5-8,13-14,16-17,35H,2,4,9-12,15H2,1H3,(H,30,36)(H2,28,29,31,32,33)",35270,CCN(CCO)CCCOc1ccc2c(Nc3cc(CC(=O)Nc4cccc(F)c4)[nH]n3)ncnc2c1,NA
Input,MLS000682490,0.24418556,InputSig,NA,NA,LINCSCP_57501,VCAP,10uM,6h,prostate,Beta-catenin inhibitor,OPRK1,JEJWQCTZDAJWOX-UHFFFAOYSA-N,"InChI=1S/C27H33N3O3S/c1-21(2)30(20-24-7-5-4-6-8-24)18-17-28-27(31)25-13-11-23(12-14-25)19-29-34(32,33)26-15-9-22(3)10-16-26/h4-16,21,29H,17-20H2,1-3H3,(H,28,31)",36191,CC(C)N(CCNC(=O)c1ccc(CNS(=O)(=O)c2ccc(C)cc2)cc1)Cc3ccccc3,NA
Input,CHEMBL436817,0.24410741,InputSig,NA,NA,LINCSCP_30727,MCF7,40uM,6h,breast,Kinase inhibitor,NA,ONXROKMQGCSOMG-UHFFFAOYSA-N,"InChI=1S/C20H13Cl2FN6/c21-16-4-12(1-2-18(16)23)29-19-11(6-24)7-27-20-15(19)3-13(5-17(20)22)26-9-14-8-25-10-28-14/h1-5,7-8,10,26H,9H2,(H,25,28)(H,27,29)",16480,Fc1ccc(Nc2c(cnc3c(Cl)cc(NCc4cnc[nH]4)cc23)C#N)cc1Cl,NA
Input,3-(4-Pyridyl)indole,0.2440308,InputSig,NA,NA,LINCSCP_21668,HEPG2,10uM,6h,liver,Rho associated kinase inhibitor,ROCK1,LLJRXVHJOJRCSM-UHFFFAOYSA-N,"InChI=1S/C13H10N2/c1-2-4-13-11(3-1)12(9-15-13)10-5-7-14-8-6-10/h1-9,15H",22231,c1ccc2c(c[nH]c2c1)c3ccncc3,NA
Input,STK009254,0.24403044,InputSig,NA,NA,LINCSCP_56392,VCAP,10uM,24h,prostate,Sodium channel blocker,INS,JYIJIIVLEOETIQ-RFPFOJJUSA-N,"InChI=1S/C15H24N2O/c18-15-6-3-5-14-11-8-12(10-17(14)15)13-4-1-2-7-16(13)9-11/h11-14H,1-10H2/t11?,12?,13-,14?/m0/s1",477,O=C1CCCC2C3CC(CN12)[C@@H]4CCCCN4C3,NA
Input,Moexipril,0.24394398,InputSig,NA,NA,LINCSCP_11432,ASC,10uM,24h,adipose,Angiotensin converting enzyme inhibitor,ACE,UWWDHYUMIORJTA-HSQYWUDLSA-N,"InChI=1S/C27H34N2O7/c1-5-36-27(33)21(12-11-18-9-7-6-8-10-18)28-17(2)25(30)29-16-20-15-24(35-4)23(34-3)14-19(20)13-22(29)26(31)32/h6-10,14-15,17,21-22,28H,5,11-13,16H2,1-4H3,(H,31,32)/t17-,21-,22-/m0/s1",15563,CCOC(=O)[C@H](CCc1ccccc1)N[C@@H](C)C(=O)N2Cc3cc(OC)c(OC)cc3C[C@H]2C(=O)O,4
Input,Naproxol,0.24382676,InputSig,NA,NA,LINCSCP_203952,ASC,10uM,24h,adipose,Anti-inflammatory agent,PTGS1|PTGS2,LTRANDSQVZFZDG-SNVBAGLBSA-N,"InChI=1S/C14H16O2/c1-10(9-15)11-3-4-13-8-14(16-2)6-5-12(13)7-11/h3-8,10,15H,9H2,1-2H3/t10-/m1/s1",15554,COc1ccc2cc(ccc2c1)[C@H](C)CO,NA
Input,81-78-7,0.24380131,InputSig,NA,NA,LINCSCP_13209,FIBRNPC,10uM,24h,NA,NA,NA,VBKQODJWSGDGNQ-UHFFFAOYSA-N,"InChI=1S/C28H18N2O6/c31-25-18-10-6-14-22(30-20-12-4-2-8-16(20)28(35)36)24(18)26(32)17-9-5-13-21(23(17)25)29-19-11-3-1-7-15(19)27(33)34/h1-14,29-30H,(H,33,34)(H,35,36)",11569,OC(=O)c1ccccc1Nc2cccc3C(=O)c4c(Nc5ccccc5C(=O)O)cccc4C(=O)c23,NA
Input,UNC 669,0.24372568,InputSig,NA,NA,LINCSCP_146831,NEU,10uM,24h,NA,NA,NA,CQERVFFAOOUFEQ-UHFFFAOYSA-N,"InChI=1S/C15H20BrN3O/c16-13-9-12(10-17-11-13)15(20)19-7-3-14(4-8-19)18-5-1-2-6-18/h9-11,14H,1-8H2",19911,Brc1cncc(c1)C(=O)N2CCC(CC2)N3CCCC3,NA
Input,Mephentermine,0.24369236,InputSig,NA,NA,LINCSCP_101808,HELA,1.11uM,24h,large intestine,Adrenergic receptor agonist,ADRA1A|ADRA1B|ADRA1D|ADRA2A|ADRA2B|ADRA2C|ADRB1|ADRB2|ADRB3,RXQCGGRTAILOIN-UHFFFAOYSA-N,"InChI=1S/C11H17N/c1-11(2,12-3)9-10-7-5-4-6-8-10/h4-8,12H,9H2,1-3H3",35580,CNC(C)(C)Cc1ccccc1,4
Input,Sertaconazole,0.2436817,InputSig,NA,NA,LINCSCP_175898,YAPC,10uM,24h,pancreas,Cytochrome P450 51 inhibitor,NA,JLGKQTAYUIMGRK-UHFFFAOYSA-N,"InChI=1S/C20H15Cl3N2OS/c21-14-4-5-16(18(23)8-14)19(9-25-7-6-24-12-25)26-10-13-11-27-20-15(13)2-1-3-17(20)22/h1-8,11-12,19H,9-10H2",15344,Clc1ccc(C(Cn2ccnc2)OCc3csc4c(Cl)cccc34)c(Cl)c1,4
Input,BRD-K72343629,0.24352358,InputSig,NA,NA,LINCSCP_259059,NEU,10uM,24h,NA,NA,NA,ZZVYHDNDRLPCJL-KNKQGSTJSA-N,"InChI=1S/C22H23FN2O4/c1-29-13-21(28)24-10-18-22(19(12-26)25(18)20(27)11-24)15-8-6-14(7-9-15)16-4-2-3-5-17(16)23/h2-9,18-19,22,26H,10-13H2,1H3/t18-,19-,22+/m1/s1",33514,COCC(=O)N1C[C@@H]2[C@@H]([C@@H](CO)N2C(=O)C1)c3ccc(cc3)c4ccccc4F,NA
Input,AP26113,0.24352178,InputSig,NA,NA,LINCSCP_105830,HELA,0.04uM,24h,large intestine,NA,NA,OVDSPTSBIQCAIN-UHFFFAOYSA-N,"InChI=1S/C26H34ClN6O2P/c1-32(2)18-12-14-33(15-13-18)19-10-11-21(23(16-19)35-3)30-26-28-17-20(27)25(31-26)29-22-8-6-7-9-24(22)36(4,5)34/h6-11,16-18H,12-15H2,1-5H3,(H2,28,29,30,31)",26608,COc1cc(ccc1Nc2ncc(Cl)c(Nc3ccccc3P(=O)(C)C)n2)N4CCC(CC4)N(C)C,NA
Input,CHEMBL1966597,0.24345283,InputSig,NA,NA,LINCSCP_16792,HA1E,10uM,6h,kidney epithelial,NA,NA,GEPQSEIVCGMSGO-UWWLJTJFSA-N,"InChI=1S/C35H45FN4O7S/c1-24-21-40(25(2)23-41)34(42)31-20-29(38-35(43)37-28-11-6-5-7-12-28)15-18-32(31)47-26(3)10-8-9-19-46-33(24)22-39(4)48(44,45)30-16-13-27(36)14-17-30/h5-7,11-18,20,24-26,33,41H,8-10,19,21-23H2,1-4H3,(H2,37,38,43)/t24-,25-,26+,33-/m0/s1",16568,C[C@@H](CO)N1C[C@H](C)[C@H](CN(C)S(=O)(=O)c2ccc(F)cc2)OCCCC[C@@H](C)Oc3ccc(NC(=O)Nc4ccccc4)cc3C1=O,NA
Input,BRD-K73674426-001-01-3,0.24337295,InputSig,NA,NA,LINCSCP_228816,HT29,5uM,24h,large intestine,NA,NA,NRXGVPPIKRTMIX-BSFYYBBGSA-N,"InChI=1S/C34H50N4O6/c1-23-19-38(24(2)22-39)33(40)30-18-28(36-34(41)35-27-11-14-29(42-5)15-12-27)13-16-31(30)44-25(3)8-6-7-17-43-32(23)21-37(4)20-26-9-10-26/h11-16,18,23-26,32,39H,6-10,17,19-22H2,1-5H3,(H2,35,36,41)/t23-,24+,25+,32-/m0/s1",13445,COc1ccc(NC(=O)Nc2ccc3O[C@H](C)CCCCO[C@@H](CN(C)CC4CC4)[C@@H](C)CN([C@H](C)CO)C(=O)c3c2)cc1,NA
Input,RS-23597-190,0.24334161,InputSig,NA,NA,LINCSCP_623,A375,100uM,24h,skin,Serotonin receptor antagonist,HTR4,RLSGBCUXLRMTPF-UHFFFAOYSA-N,"InChI=1S/C16H23ClN2O3/c1-21-15-11-14(18)13(17)10-12(15)16(20)22-9-5-8-19-6-3-2-4-7-19/h10-11H,2-9,18H2,1H3",16497,COc1cc(N)c(Cl)cc1C(=O)OCCCN2CCCCC2,NA
Input,AC1M52QF,0.24330018,InputSig,NA,NA,LINCSCP_53806,SNUC4,10uM,6h,large intestine,NA,NA,XVWCAOUMDSZQPB-WOJGMQOQSA-N,"InChI=1S/C22H14N2O6S/c25-19-18(31-22(24-19)23-15-3-1-2-14(10-15)21(28)29)11-16-8-9-17(30-16)12-4-6-13(7-5-12)20(26)27/h1-11H,(H,26,27)(H,28,29)(H,23,24,25)/b18-11+",25764,OC(=O)c1ccc(cc1)c2oc(\C=C/3\SC(=NC3=O)Nc4cccc(c4)C(=O)O)cc2,NA
Input,TORIN1,0.2432987,InputSig,NA,NA,LINCSCP_132868,MCF7,0.04uM,24h,breast,MTOR inhibitor|PI3K inhibitor,MTOR,AKCRNFFTGXBONI-UHFFFAOYSA-N,"InChI=1S/C35H28F3N5O2/c1-2-32(44)42-15-13-41(14-16-42)31-11-9-26(19-28(31)35(36,37)38)43-33(45)12-8-24-20-40-30-10-7-22(18-27(30)34(24)43)25-17-23-5-3-4-6-29(23)39-21-25/h3-12,17-21H,2,13-16H2,1H3",35275,CCC(=O)N1CCN(CC1)c2ccc(cc2C(F)(F)F)N3C(=O)C=Cc4cnc5ccc(cc5c34)c6cnc7ccccc7c6,NA
Input,Scopolamine hydrochloride,0.24322913,InputSig,NA,NA,LINCSCP_179827,A375,10uM,6h,skin,Acetylcholine receptor antagonist,CHRM1|CHRM2|CHRM3|CHRM4,STECJAGHUSJQJN-FWXGHANASA-N,"InChI=1S/C17H21NO4/c1-18-13-7-11(8-14(18)16-15(13)22-16)21-17(20)12(9-19)10-5-3-2-4-6-10/h2-6,11-16,19H,7-9H2,1H3/t11-,12-,13-,14+,15-,16+/m1/s1",27223,CN1[C@@H]2C[C@H](C[C@H]1[C@@H]3O[C@H]23)OC(=O)[C@H](CO)c4ccccc4,NA
Input,wiskostatin,0.24317608,InputSig,NA,NA,LINCSCP_95208,HA1E,0.12uM,24h,kidney epithelial,NA,NA,NA,NA,NA,NA,NA
Input,BCPP000194,0.24312898,InputSig,NA,NA,LINCSCP_117911,HT29,1.11uM,24h,large intestine,NA,NA,ZATITKHAYUKSBY-UHFFFAOYSA-N,"InChI=1S/C24H24N4O5S/c1-14(23-12-25-13-34-23)27-24(29)28-17-6-5-15(9-20(17)30-2)33-19-7-8-26-18-11-22(32-4)21(31-3)10-16(18)19/h5-14H,1-4H3,(H2,27,28,29)",34322,COc1cc(Oc2ccnc3cc(OC)c(OC)cc23)ccc1NC(=O)NC(C)c4cncs4,NA
Input,AZD-6482,0.24311354,InputSig,NA,NA,LINCSCP_2389,A375,10uM,6h,skin,PI3K inhibitor,PIK3CA|PIK3CB|PIK3CD|PIK3CG|PIK3R1|PIK3R2|PIK3R3|PIK3R5,IRTDIKMSKMREGO-OAHLLOKOSA-N,"InChI=1S/C22H24N4O4/c1-14-11-17(15(2)23-18-6-4-3-5-16(18)22(28)29)21-24-19(12-20(27)26(21)13-14)25-7-9-30-10-8-25/h3-6,11-13,15,23H,7-10H2,1-2H3,(H,28,29)/t15-/m1/s1",37782,C[C@@H](Nc1ccccc1C(=O)O)C2=CC(=CN3C(=O)C=C(N=C23)N4CCOCC4)C,1
Input,Dabrafenib,0.24310497,InputSig,NA,NA,LINCSCP_87363,CD34,0.12uM,24h,bone marrow,RAF inhibitor,BRAF,BFSMGDJOXZAERB-UHFFFAOYSA-N,"InChI=1S/C23H20F3N5O2S2/c1-23(2,3)21-30-18(19(34-21)16-10-11-28-22(27)29-16)12-6-4-9-15(17(12)26)31-35(32,33)20-13(24)7-5-8-14(20)25/h4-11,31H,1-3H3,(H2,27,28,29)",18582,CC(C)(C)c1nc(c2cccc(NS(=O)(=O)c3c(F)cccc3F)c2F)c(s1)c4ccnc(N)n4,4
Input,sunitinib,0.24308262,InputSig,NA,NA,LINCSCP_6520,A549,10uM,24h,lung,FLT3 inhibitor|KIT inhibitor|PDGFR tyrosine kinase receptor inhibitor|RET tyrosine kinase inhibitor|VEGFR inhibitor,FLT1|FLT3|FLT4|KDR|KIT|PDGFRA|PDGFRB|RET,NA,NA,NA,NA,NA
Input,BRD-K44801029,0.24296042,InputSig,NA,NA,LINCSCP_62154,VCAP,5uM,24h,prostate,NA,NA,IBEFNTNFDPOULD-CDHQVMDDSA-N,"InChI=1S/C21H23Cl2FN2O5S/c22-17-7-1-13(9-18(17)23)11-25-21(28)10-15-4-8-19(20(12-27)31-15)26-32(29,30)16-5-2-14(24)3-6-16/h1-3,5-7,9,15,19-20,26-27H,4,8,10-12H2,(H,25,28)/t15-,19-,20-/m1/s1",24685,OC[C@H]1O[C@@H](CC(=O)NCc2ccc(Cl)c(Cl)c2)CC[C@H]1NS(=O)(=O)c3ccc(F)cc3,NA
Input,L-Cis-Diltiazem,0.24284597,InputSig,NA,NA,LINCSCP_282169,PHH,10uM,24h,NA,Calcium channel blocker,CACNA1C,HSUGRBWQSSZJOP-LEWJYISDSA-N,"InChI=1S/C22H26N2O4S/c1-15(25)28-20-21(16-9-11-17(27-4)12-10-16)29-19-8-6-5-7-18(19)24(22(20)26)14-13-23(2)3/h5-12,20-21H,13-14H2,1-4H3/t20-,21+/m0/s1",15967,COc1ccc(cc1)[C@H]2Sc3ccccc3N(CCN(C)C)C(=O)[C@H]2OC(=O)C,NA
Input,JNK-IN-2,0.24275502,InputSig,NA,NA,LINCSCP_51883,SKBR3,0.1uM,24h,breast,JNK inhibitor,IRAK1,VZEONOGFXYTZGT-WEVVVXLNSA-N,"InChI=1S/C28H27N7O2/c1-35(2)17-5-9-26(36)31-22-12-10-20(11-13-22)27(37)32-23-7-3-8-24(18-23)33-28-30-16-14-25(34-28)21-6-4-15-29-19-21/h3-16,18-19H,17H2,1-2H3,(H,31,36)(H,32,37)(H,30,33,34)/b9-5+",17699,CN(C)C\C=C\C(=O)Nc1ccc(cc1)C(=O)Nc2cccc(Nc3nccc(n3)c4cccnc4)c2,NA
Input,BRD-K17339982,0.24271086,InputSig,NA,NA,LINCSCP_60005,VCAP,5uM,24h,prostate,NA,NA,VEFOSOMUCSIFLK-NTLWEQJWSA-N,"InChI=1S/C23H35N3O6S/c1-15(2)24-23(29)25(6)13-21-16(3)12-26(17(4)14-27)33(30,31)22-10-9-19(8-7-18(5)28)11-20(22)32-21/h9-11,15-18,21,27-28H,12-14H2,1-6H3,(H,24,29)/t16-,17-,18-,21-/m0/s1",509,CC(C)NC(=O)N(C)C[C@@H]1Oc2cc(ccc2S(=O)(=O)N(C[C@@H]1C)[C@@H](C)CO)C#C[C@H](C)O,NA
Input,Zoxazolamine,0.24259886,InputSig,NA,NA,LINCSCP_240702,MCF7,10uM,24h,breast,Myorelaxant,NA,YGCODSQDUUUKIV-UHFFFAOYSA-N,"InChI=1S/C7H5ClN2O/c8-4-1-2-6-5(3-4)10-7(9)11-6/h1-3H,(H2,9,10)",18209,Nc1oc2ccc(Cl)cc2n1,NA
Input,CHEMBL1950303,0.24253637,InputSig,NA,NA,LINCSCP_100953,HCC515,0.37uM,24h,lung,NA,NA,IBGLGMOPHJQDJB-ROKHWSDSSA-N,"InChI=1S/C21H23F3N6O2/c22-11-7-15(23)18(16(24)8-11)28-21-27-17-9-25-20(26-12-1-3-14(31)4-2-12)29-19(17)30(21)13-5-6-32-10-13/h7-9,12-14,31H,1-6,10H2,(H,27,28)(H,25,26,29)/t12?,13-,14?/m1/s1",17495,OC1CCC(CC1)Nc2ncc3nc(Nc4c(F)cc(F)cc4F)n([C@@H]5CCOC5)c3n2,NA
Input,Lamivudine,0.24245257,InputSig,NA,NA,LINCSCP_294053,VCAP,10uM,6h,prostate,Nucleoside reverse transcriptase inhibitor,NA,JTEGQNOMFQHVDC-NKWVEPMBSA-N,"InChI=1S/C8H11N3O3S/c9-5-1-2-11(8(13)10-5)6-4-15-7(3-12)14-6/h1-2,6-7,12H,3-4H2,(H2,9,10,13)/t6-,7+/m0/s1",36389,NC1=NC(=O)N(C=C1)[C@@H]2CS[C@H](CO)O2,4
Input,Nicotin-Amide,0.24241409,InputSig,NA,NA,LINCSCP_207469,FIBRNPC,10uM,24h,NA,Protein synthesis stimulant,PARP1,DFPAKSUCGFBDDF-UHFFFAOYSA-N,"InChI=1S/C6H6N2O/c7-6(9)5-2-1-3-8-4-5/h1-4H,(H2,7,9)",36625,NC(=O)c1cccnc1,4
Input,CHEMBL3184881,0.2423856,InputSig,NA,NA,LINCSCP_60024,VCAP,5uM,24h,prostate,NA,NA,VHCZRFPKNWPULV-VPYPWEPUSA-N,"InChI=1S/C30H36N2O6S/c1-20-7-5-6-8-26(20)25-13-14-29-27(15-25)38-28(21(2)16-32(22(3)19-33)39(29,36)37)18-31(4)17-23-9-11-24(12-10-23)30(34)35/h5-15,21-22,28,33H,16-19H2,1-4H3,(H,34,35)/t21-,22-,28-/m0/s1",36912,C[C@@H](CO)N1C[C@H](C)[C@H](CN(C)Cc2ccc(cc2)C(=O)O)Oc3cc(ccc3S1(=O)=O)c4ccccc4C,NA
Input,Maribavir,0.24234298,InputSig,NA,NA,LINCSCP_105937,HELA,0.12uM,24h,large intestine,NA,NA,KJFBVJALEQWJBS-XUXIUFHCSA-N,"InChI=1S/C15H19Cl2N3O4/c1-6(2)18-15-19-9-3-7(16)8(17)4-10(9)20(15)14-13(23)12(22)11(5-21)24-14/h3-4,6,11-14,21-23H,5H2,1-2H3,(H,18,19)/t11-,12-,13-,14-/m0/s1",26790,CC(C)Nc1nc2cc(Cl)c(Cl)cc2n1[C@H]3O[C@@H](CO)[C@H](O)[C@@H]3O,3
Input,Metanephrine,0.24223443,InputSig,NA,NA,LINCSCP_199,A375,10uM,24h,skin,Epinephrine metabolite,NA,JWJCTZKFYGDABJ-UHFFFAOYSA-N,"InChI=1S/C10H15NO3/c1-11-6-9(13)7-3-4-8(12)10(5-7)14-2/h3-5,9,11-13H,6H2,1-2H3",15241,CNCC(O)c1ccc(O)c(OC)c1,NA
Input,BRD-K99958302,0.24223258,InputSig,NA,NA,LINCSCP_64462,VCAP,5uM,6h,prostate,NA,NA,ZCLFEQBFHRMJFK-MYECLKKLSA-N,"InChI=1S/C34H53N5O5/c1-25-21-39(26(2)24-40)34(42)30-20-29(36-33(41)11-9-18-37(4)5)12-13-31(30)44-27(3)10-7-8-19-43-32(25)23-38(6)22-28-14-16-35-17-15-28/h12-17,20,25-27,32,40H,7-11,18-19,21-24H2,1-6H3,(H,36,41)/t25-,26+,27+,32+/m0/s1",34251,C[C@H](CO)N1C[C@H](C)[C@@H](CN(C)Cc2ccncc2)OCCCC[C@@H](C)Oc3ccc(NC(=O)CCCN(C)C)cc3C1=O,NA
Input,Phtpp,0.24221234,InputSig,NA,NA,LINCSCP_33413,MCF7,10uM,24h,breast,Estrogen receptor antagonist,ESR2,AEZPAUSGTAHLOQ-UHFFFAOYSA-N,"InChI=1S/C20H11F6N3O/c21-19(22,23)14-10-15(20(24,25)26)29-18(27-14)16(11-6-8-13(30)9-7-11)17(28-29)12-4-2-1-3-5-12/h1-10,30H",38823,Oc1ccc(cc1)c2c(nn3c(cc(nc23)C(F)(F)F)C(F)(F)F)c4ccccc4,NA
Input,AC1OAATK,0.24194248,InputSig,NA,NA,LINCSCP_211494,HA1E,10uM,6h,kidney epithelial,NA,NA,GBOOMRLVNXMOQM-SRZZPIQSSA-N,"InChI=1S/C18H17ClN4O2/c1-12-3-2-9-23-17(12)22-16(20-8-10-24)15(18(23)25)11-21-14-6-4-13(19)5-7-14/h2-7,9,11,20,24H,8,10H2,1H3/b21-11+",16272,CC1=CC=CN2C(=O)C(=C(NCCO)N=C12)\C=N\c3ccc(Cl)cc3,NA
Input,SCHEMBL6463646,0.24183446,InputSig,NA,NA,LINCSCP_294812,VCAP,10uM,24h,prostate,NA,NA,LHUPWNMUDNKYCT-DGIFUFQNSA-N,"InChI=1S/C33H35FN4O6S/c1-21-18-38(22(2)20-39)32(40)27-11-7-13-29(36-33(41)35-28-12-6-9-23-8-4-5-10-26(23)28)31(27)44-30(21)19-37(3)45(42,43)25-16-14-24(34)15-17-25/h4-17,21-22,30,39H,18-20H2,1-3H3,(H2,35,36,41)/t21-,22+,30+/m1/s1",38779,C[C@@H](CO)N1C[C@@H](C)[C@H](CN(C)S(=O)(=O)c2ccc(F)cc2)Oc3c(NC(=O)Nc4cccc5ccccc45)cccc3C1=O,NA
Input,CHEMBL300226,0.24180642,InputSig,NA,NA,LINCSCP_41257,NEU,10uM,6h,NA,Dopamine uptake inhibitor,NA,SIIICDNNMDMWCI-LMRVLLHPSA-N,"InChI=1S/C16H20INO2/c1-18-12-7-8-14(18)15(16(19)20-2)13(9-12)10-3-5-11(17)6-4-10/h3-6,12-15H,7-9H2,1-2H3/t12-,13-,14?,15?/m1/s1",19410,COC(=O)C1C2CC[C@H](C[C@@H]1c3ccc(I)cc3)N2C,NA
Input,Ethamivan,0.24178471,InputSig,NA,NA,LINCSCP_33005,MCF7,10uM,6h,breast,Respiratory stimulant,NA,BQJODPIMMWWMFC-UHFFFAOYSA-N,"InChI=1S/C12H17NO3/c1-4-13(5-2)12(15)9-6-7-10(14)11(8-9)16-3/h6-8,14H,4-5H2,1-3H3",15613,CCN(CC)C(=O)c1ccc(O)c(OC)c1,4
Input,CHEMBL1719251,0.24172559,InputSig,NA,NA,LINCSCP_16066,HA1E,10uM,6h,kidney epithelial,NA,NA,RGLVQNVGGWMTAJ-UHFFFAOYSA-N,"InChI=1S/C19H21N3O2S/c1-11(2)22-9-8-13-16(10-22)25-19(20-12(3)23)17(13)18-21-14-6-4-5-7-15(14)24-18/h4-7,11H,8-10H2,1-3H3,(H,20,23)",36081,CC(C)N1CCc2c(C1)sc(NC(=O)C)c2c3oc4ccccc4n3,NA
Input,GANT58,0.24165683,InputSig,NA,NA,LINCSCP_767,A375,10uM,24h,skin,GLI antagonist,GLI1,USWLOKMMUTWFMD-UHFFFAOYSA-N,InChI=1S/C24H16N4S/c1-9-25-10-2-17(1)21-22(18-3-11-26-12-4-18)24(20-7-15-28-16-8-20)29-23(21)19-5-13-27-14-6-19/h1-16H,2239,c1cc(ccn1)c2sc(c3ccncc3)c(c4ccncc4)c2c5ccncc5,NA
Input,BRD-K23506413,0.24160972,InputSig,NA,NA,LINCSCP_60275,VCAP,5uM,6h,prostate,NA,NA,UDDMVFRUSJXUEW-YDHSSHFGSA-N,"InChI=1S/C25H31N3O6S/c1-18-14-28(19(2)16-29)35(31,32)24-10-9-20(7-8-21-6-5-11-26-13-21)12-22(24)34-23(18)15-27(3)25(30)17-33-4/h5-6,9-13,18-19,23,29H,14-17H2,1-4H3/t18-,19-,23-/m0/s1",1872,COCC(=O)N(C)C[C@@H]1Oc2cc(ccc2S(=O)(=O)N(C[C@@H]1C)[C@@H](C)CO)C#Cc3cccnc3,NA
Input,ML-4-054,0.24153997,InputSig,NA,NA,LINCSCP_179082,A375,10uM,6h,skin,NA,NA,ZYZWOVYUVCRRBL-ARFHVFGLSA-N,"InChI=1S/C16H24N2O/c1-17(2)11-14-8-9-15-16(19-14)12-18(15)10-13-6-4-3-5-7-13/h3-7,14-16H,8-12H2,1-2H3/t14-,15+,16+/m0/s1",27191,CN(C)C[C@@H]1CC[C@@H]2[C@@H](CN2Cc3ccccc3)O1,NA
Input,AZ20,0.24150576,InputSig,NA,NA,LINCSCP_165919,SKL,0.37uM,24h,skeletal muscle,NA,NA,SCGCBAAYLFTIJU-CQSZACIVSA-N,"InChI=1S/C21H24N4O3S/c1-14-13-28-11-10-25(14)19-12-18(21(7-8-21)29(2,26)27)23-20(24-19)16-4-3-5-17-15(16)6-9-22-17/h3-6,9,12,14,22H,7-8,10-11,13H2,1-2H3/t14-/m1/s1",22038,C[C@@H]1COCCN1c2cc(nc(n2)c3cccc4[nH]ccc34)C5(CC5)S(=O)(=O)C,NA
Input,SPOX1_000836,0.24135884,InputSig,NA,NA,LINCSCP_10792,ASC,10uM,24h,adipose,NA,NA,XSLAKCDQFXHWHL-KTDJTCJASA-N,"InChI=1S/C44H39N3O7/c1-52-34-23-29-21-22-46(25-30(29)24-35(34)53-2)41(49)36-38-42(50)54-39(27-13-7-4-8-14-27)37(26-11-5-3-6-12-26)47(38)40(28-17-19-31(48)20-18-28)44(36)32-15-9-10-16-33(32)45-43(44)51/h3-20,23-24,36-40,48H,21-22,25H2,1-2H3,(H,45,51)/t36-,37-,38-,39+,40+,44-/m1/s1",205,COc1cc2CCN(Cc2cc1OC)C(=O)[C@H]3[C@H]4N([C@@H]([C@@H](OC4=O)c5ccccc5)c6ccccc6)[C@@H](c7ccc(O)cc7)[C@]38C(=O)Nc9ccccc89,NA
Input,AZD-5438,0.24126958,InputSig,NA,NA,LINCSCP_86003,BT20,0.04uM,24h,breast,CDK inhibitor,CDK1|CDK10|CDK11B|CDK12|CDK13|CDK14|CDK15|CDK16|CDK17|CDK18|CDK19|CDK2|CDK20|CDK3|CDK4|CDK5|CDK6|CDK7|CDK8|CDK9,WJRRGYBTGDJBFX-UHFFFAOYSA-N,"InChI=1S/C18H21N5O2S/c1-12(2)23-13(3)20-11-17(23)16-9-10-19-18(22-16)21-14-5-7-15(8-6-14)26(4,24)25/h5-12H,1-4H3,(H,19,21,22)",17553,CC(C)n1c(C)ncc1c2ccnc(Nc3ccc(cc3)S(=O)(=O)C)n2,1
Input,Tazarotene,0.24117212,InputSig,NA,NA,LINCSCP_174757,YAPC,1.11uM,24h,pancreas,Retinoic acid receptor agonist,RARA|RARB|RARG,OGQICQVSFDPSEI-UHFFFAOYSA-N,"InChI=1S/C21H21NO2S/c1-4-24-20(23)16-7-9-17(22-14-16)8-5-15-6-10-19-18(13-15)21(2,3)11-12-25-19/h6-7,9-10,13-14H,4,11-12H2,1-3H3",26576,CCOC(=O)c1ccc(nc1)C#Cc2ccc3SCCC(C)(C)c3c2,4
Input,Dasatinib,0.24107506,InputSig,NA,NA,LINCSCP_116207,HT29,1.11uM,24h,large intestine,Bcr-Abl kinase inhibitor|Ephrin inhibitor|KIT inhibitor|PDGFR tyrosine kinase receptor inhibitor|Src inhibitor|Tyrosine kinase inhibitor,ABL1|BCR|BLK|EPHA2|FGR|FRK|FYN|HCK|KIT|LCK|LYN|PDGFRB|SRC|SRMS|YES1,ZBNZXTGUTAYRHI-UHFFFAOYSA-N,"InChI=1S/C22H26ClN7O2S/c1-14-4-3-5-16(23)20(14)28-21(32)17-13-24-22(33-17)27-18-12-19(26-15(2)25-18)30-8-6-29(7-9-30)10-11-31/h3-5,12-13,31H,6-11H2,1-2H3,(H,28,32)(H,24,25,26,27)",16640,Cc1nc(Nc2ncc(s2)C(=O)Nc3c(C)cccc3Cl)cc(n1)N4CCN(CCO)CC4,4
Input,9-Epiquinine,0.24100599,InputSig,NA,NA,LINCSCP_127247,HT29,3.33uM,24h,large intestine,Sodium channel blocker,SCN5A,LOUPRKONTZGTKE-FEBSWUBLSA-N,"InChI=1S/C20H24N2O2/c1-3-13-12-22-9-7-14(13)10-19(22)20(23)16-6-8-21-18-5-4-15(24-2)11-17(16)18/h3-6,8,11,13-14,19-20,23H,1,7,9-10,12H2,2H3/t13-,14-,19-,20-/m0/s1",1672,COc1ccc2nccc([C@H](O)[C@@H]3C[C@@H]4CCN3C[C@@H]4C=C)c2c1,NA
Input,Benperidol,0.24097743,InputSig,NA,NA,LINCSCP_241404,MCF7,10uM,6h,breast,Dopamine receptor antagonist,DRD2,FEBOTPHFXYHVPL-UHFFFAOYSA-N,"InChI=1S/C22H24FN3O2/c23-17-9-7-16(8-10-17)21(27)6-3-13-25-14-11-18(12-15-25)26-20-5-2-1-4-19(20)24-22(26)28/h1-2,4-5,7-10,18H,3,6,11-15H2,(H,24,28)",1186,Fc1ccc(cc1)C(=O)CCCN2CCC(CC2)N3C(=O)Nc4ccccc34,NA
Input,3-Aminomethylbutanoic acid,0.24089073,InputSig,NA,NA,LINCSCP_50154,PHH,10uM,24h,NA,GABA aminotransferase activator,ABAT,CZGLBWZXGIAIBU-UHFFFAOYSA-N,"InChI=1S/C5H11NO2/c1-4(3-6)2-5(7)8/h4H,2-3,6H2,1H3,(H,7,8)",38561,CC(CN)CC(=O)O,NA
Input,SRT-1720,0.24088256,InputSig,NA,NA,LINCSCP_29354,LOVO,10uM,6h,intestine,SIRT activator,SIRT1,GXDSSUIUJKSVED-UHFFFAOYSA-N,"InChI=1S/C27H25N7O/c35-27(25-16-29-21-5-1-2-6-22(21)31-25)30-20-14-18(17-34-11-9-28-10-12-34)13-19(15-20)26-32-23-7-3-4-8-24(23)33-26/h1-8,13-16,28H,9-12,17H2,(H,30,35)(H,32,33)",14127,O=C(Nc1cc(CN2CCNCC2)cc(c1)c3nc4ccccc4[nH]3)c5cnc6ccccc6n5,NA
Input,AKT Inhibitor VIII,0.24079114,InputSig,NA,NA,LINCSCP_635,A375,10uM,24h,skin,AKT inhibitor,AKT1|AKT2,BIWGYFZAEWGBAL-UHFFFAOYSA-N,"InChI=1S/C34H29N7O/c42-34-39-26-8-4-5-9-31(26)41(34)25-14-16-40(17-15-25)20-22-10-12-24(13-11-22)33-32(23-6-2-1-3-7-23)37-29-18-27-28(36-21-35-27)19-30(29)38-33/h1-13,18-19,21,25H,14-17,20H2,(H,35,36)(H,39,42)",36842,Oc1nc2ccccc2n1C3CCN(Cc4ccc(cc4)c5nc6cc7[nH]cnc7cc6nc5c8ccccc8)CC3,NA
Input,CHEMBL153158,0.2407702,InputSig,NA,NA,LINCSCP_18486,HCC515,10uM,24h,lung,Somatostatin receptor agonist,SSTR4,OPNMQSFIGUSHDH-UHFFFAOYSA-N,"InChI=1S/C25H29F2N5O3/c1-35-24(34)20(10-6-12-30-25(28)29)31-21(33)11-5-9-17-18-13-16(26)14-19(27)23(18)32-22(17)15-7-3-2-4-8-15/h2-4,7-8,13-14,20,32H,5-6,9-12H2,1H3,(H,31,33)(H4,28,29,30)",22394,COC(=O)C(CCCNC(=N)N)NC(=O)CCCc1c([nH]c2c(F)cc(F)cc12)c3ccccc3,NA
Input,PCI-34051,0.24075032,InputSig,NA,NA,LINCSCP_35423,MCF7,0.1uM,24h,breast,HDAC inhibitor,HDAC1|HDAC10|HDAC6|HDAC8,AJRGHIGYPXNABY-UHFFFAOYSA-N,"InChI=1S/C17H16N2O3/c1-22-15-6-2-12(3-7-15)11-19-9-8-13-4-5-14(10-16(13)19)17(20)18-21/h2-10,21H,11H2,1H3,(H,18,20)",36302,COc1ccc(Cn2ccc3ccc(cc23)C(=O)NO)cc1,NA
Input,BRD-K85822033,0.24074009,InputSig,NA,NA,LINCSCP_24150,HL60,1uM,24h,haematopoietic and lymphoid tissue,NA,NA,KYQJFRYOHIIHQX-UHFFFAOYSA-N,"InChI=1S/C15H12ClFN2O/c1-10-3-2-6-19-8-12(18-15(10)19)9-20-14-5-4-11(17)7-13(14)16/h2-8H,9H2,1H3",26511,Cc1cccn2cc(COc3ccc(F)cc3Cl)nc12,NA
Input,BRD-K82814298,0.24062747,InputSig,NA,NA,LINCSCP_62053,VCAP,5uM,24h,prostate,NA,NA,UVJMALWFIRFJAR-ZHALLVOQSA-N,"InChI=1S/C21H21F2N3O4/c22-14-7-13(8-15(23)9-14)11-25-20(28)10-16-4-5-17(19(12-27)30-16)26-21(29)18-3-1-2-6-24-18/h1-9,16-17,19,27H,10-12H2,(H,25,28)(H,26,29)/t16-,17-,19-/m1/s1",8479,OC[C@H]1O[C@@H](CC(=O)NCc2cc(F)cc(F)c2)C=C[C@H]1NC(=O)c3ccccn3,NA
Input,SUGA1_008424,0.2405737,InputSig,NA,NA,LINCSCP_42269,NPC,10uM,24h,neural progenitor cells,NA,NA,OUMMJSPXCAKZRB-RUZDIDTESA-N,"InChI=1S/C25H30N2O7S/c28-14-4-15-33-21-9-7-20(8-10-21)23-26-25(19-34-23,24(29)27-12-16-32-17-13-27)11-18-35(30,31)22-5-2-1-3-6-22/h1-3,5-10,28H,4,11-19H2/t25-/m1/s1",10959,OCCCOc1ccc(cc1)C2=N[C@](CCS(=O)(=O)c3ccccc3)(CO2)C(=O)N4CCOCC4,NA
Input,ETOPOSIDE,0.24054974,InputSig,NA,NA,LINCSCP_105081,HELA,0.04uM,24h,large intestine,DNA topoisomerase II inhibitor,TOP2A|TOP2B,VJJPUSNTGOMMGY-GEGAHKOSSA-N,"InChI=1S/C29H32O13/c1-11-36-9-20-27(40-11)24(31)25(32)29(41-20)42-26-14-7-17-16(38-10-39-17)6-13(14)21(22-15(26)8-37-28(22)33)12-4-18(34-2)23(30)19(5-12)35-3/h4-7,11,15,20-22,24-27,29-32H,8-10H2,1-3H3/t11?,15?,20-,21-,22+,24-,25-,26?,27-,29?/m1/s1",27072,COc1cc(cc(OC)c1O)[C@H]2[C@@H]3C(COC3=O)C(OC4O[C@@H]5COC(C)O[C@H]5[C@H](O)[C@H]4O)c6cc7OCOc7cc26,NA
Input,BRD-K96989541,0.24038316,InputSig,NA,NA,LINCSCP_61305,VCAP,5uM,24h,prostate,NA,NA,YDXYYDXTJISMJT-RNHFSVANSA-N,"InChI=1S/C27H39N5O4/c1-18(2)29-27(34)30-21-10-11-23-24(13-21)36-17-20(4)32(15-22-9-7-8-12-28-22)14-19(3)25(35-6)16-31(5)26(23)33/h7-13,18-20,25H,14-17H2,1-6H3,(H2,29,30,34)/t19-,20+,25+/m1/s1",25388,CO[C@H]1CN(C)C(=O)c2ccc(NC(=O)NC(C)C)cc2OC[C@H](C)N(Cc3ccccn3)C[C@H]1C,NA
Input,BRD-M23876883,0.24038071,InputSig,NA,NA,LINCSCP_308591,VCAP,5uM,6h,prostate,NA,NA,GLXDGGACPBJUPS-SGLNWRHMSA-N,"InChI=1S/C23H26ClN3O5S/c1-3-6-14-9-10-19-20-16(12-26(19)23(14)30)17(13-28)21(27(20)33(2,31)32)22(29)25-11-15-7-4-5-8-18(15)24/h3-10,16-17,20-21,28H,11-13H2,1-2H3,(H,25,29)/t16-,17-,20+,21-/m1/s1",14145,CC=CC1=CC=C2[C@@H]3[C@H](CN2C1=O)[C@@H](CO)[C@@H](N3S(=O)(=O)C)C(=O)NCc4ccccc4Cl,NA
Input,STK064652,0.24032914,InputSig,NA,NA,LINCSCP_564,A375,10uM,24h,skin,NA,NA,AGQNVTZMIXEHKC-UHFFFAOYSA-N,"InChI=1S/C29H31N3O/c1-3-32(4-2)23-16-14-21(15-17-23)29-28-26(30-24-12-8-9-13-25(24)31-29)18-22(19-27(28)33)20-10-6-5-7-11-20/h5-17,22,29-31H,3-4,18-19H2,1-2H3",16510,CCN(CC)c1ccc(cc1)C2Nc3ccccc3NC4=C2C(=O)CC(C4)c5ccccc5,NA
Input,ACEXAMIC ACID,0.24029331,InputSig,NA,NA,LINCSCP_160463,PC3,0.37uM,24h,prostate,NA,NA,WDSCBUNMANHPFH-UHFFFAOYSA-N,"InChI=1S/C8H15NO3/c1-7(10)9-6-4-2-3-5-8(11)12/h2-6H2,1H3,(H,9,10)(H,11,12)",26940,CC(=O)NCCCCCC(=O)O,NA
Input,Dihomo-Gamma-Linolenic acid,0.24018595,InputSig,NA,NA,LINCSCP_483,A375,10uM,6h,skin,Cholesterol inhibitor|Platelet aggregation inhibitor|Prostanoid receptor agonist|Prostanoid receptor stimulant,PTGS1,HOBAELRKJCKHQD-QNEBEIHSSA-N,"InChI=1S/C20H34O2/c1-2-3-4-5-6-7-8-9-10-11-12-13-14-15-16-17-18-19-20(21)22/h6-7,9-10,12-13H,2-5,8,11,14-19H2,1H3,(H,21,22)/b7-6-,10-9-,13-12-",15119,CCCCC\C=C/C\C=C/C\C=C/CCCCCCC(=O)O,NA
Input,BRD-K64609558,0.24011289,InputSig,NA,NA,LINCSCP_65107,VCAP,10uM,24h,prostate,NA,NA,RZJWPJAQJJGICA-NLWGTHIKSA-N,"InChI=1S/C20H19N3O2/c24-13-18-20(17-11-22-12-19(25)23(17)18)16-7-5-14(6-8-16)3-4-15-2-1-9-21-10-15/h1-2,5-10,17-18,20,22,24H,11-13H2/t17-,18+,20+/m0/s1",7792,OC[C@@H]1[C@@H]([C@@H]2CNCC(=O)N12)c3ccc(cc3)C#Cc4cccnc4,NA
Input,BRD-K08246588,0.24007943,InputSig,NA,NA,LINCSCP_61548,VCAP,5uM,24h,prostate,NA,NA,HSJIFMVKIOATEF-CZBREUMFSA-N,"InChI=1S/C31H34F3N3O4/c1-20-16-37(21(2)18-38)29(39)27-14-7-6-13-26(27)25-12-5-4-9-22(25)19-41-28(20)17-36(3)30(40)35-24-11-8-10-23(15-24)31(32,33)34/h4-15,20-21,28,38H,16-19H2,1-3H3,(H,35,40)/t20-,21-,28-/m0/s1",1499,C[C@@H](CO)N1C[C@H](C)[C@H](CN(C)C(=O)Nc2cccc(c2)C(F)(F)F)OCc3ccccc3c4ccccc4C1=O,NA
Input,BRD-K65160467,0.2400599,InputSig,NA,NA,LINCSCP_59903,VCAP,5uM,24h,prostate,NA,NA,FCJPELNAJUOLHS-ULPIOCOXSA-N,"InChI=1S/C33H41N3O5/c1-23-19-36(24(2)22-37)33(39)18-27-17-28(34-32(38)16-25-8-6-5-7-9-25)12-15-30(27)41-31(23)21-35(3)20-26-10-13-29(40-4)14-11-26/h5-15,17,23-24,31,37H,16,18-22H2,1-4H3,(H,34,38)/t23-,24+,31-/m1/s1",13250,COc1ccc(CN(C)C[C@H]2Oc3ccc(NC(=O)Cc4ccccc4)cc3CC(=O)N(C[C@H]2C)[C@@H](C)CO)cc1,NA
Input,levopropoxyphene,0.23995859,InputSig,NA,NA,LINCSCP_134947,MCF7,0.12uM,24h,breast,NA,NA,NA,NA,NA,NA,NA
Input,BRD-K22721982,0.23976553,InputSig,NA,NA,LINCSCP_60360,VCAP,5uM,24h,prostate,NA,NA,KVTAKNNJYPDOHV-YCRNBWNJSA-N,"InChI=1S/C25H33N5O3/c1-17(2)6-7-20-8-22-24(28-11-20)33-23(14-29(5)13-21-9-26-16-27-10-21)18(3)12-30(25(22)32)19(4)15-31/h8-11,16-19,23,31H,12-15H2,1-5H3/t18-,19+,23+/m0/s1",539,CC(C)C#Cc1cnc2O[C@H](CN(C)Cc3cncnc3)[C@@H](C)CN([C@H](C)CO)C(=O)c2c1,NA
Input,CHEMBL2358078,0.23972926,InputSig,NA,NA,LINCSCP_61577,VCAP,5uM,24h,prostate,NA,NA,GHOSBDATJBJZOG-BKZGZDJESA-N,"InChI=1S/C35H42N4O5/c1-23-19-39(24(2)21-40)34(41)33-32(29-12-8-9-13-30(29)38(33)4)28-11-7-6-10-26(28)22-44-31(23)20-37(3)35(42)36-18-25-14-16-27(43-5)17-15-25/h6-17,23-24,31,40H,18-22H2,1-5H3,(H,36,42)/t23-,24+,31+/m0/s1",37359,COc1ccc(CNC(=O)N(C)C[C@H]2OCc3ccccc3c4c(C(=O)N(C[C@@H]2C)[C@H](C)CO)n(C)c5ccccc45)cc1,NA
Input,BRD-K21549522,0.23950238,InputSig,NA,NA,LINCSCP_301828,VCAP,5uM,6h,prostate,NA,NA,ASLPZONUTGKWLH-DYXWJJEUSA-N,"InChI=1S/C22H37N5O4/c28-16-21-19(23-22(29)15-26-10-12-30-13-11-26)7-6-18(31-21)8-9-27-14-20(24-25-27)17-4-2-1-3-5-17/h14,17-19,21,28H,1-13,15-16H2,(H,23,29)/t18-,19+,21+/m1/s1",6184,OC[C@@H]1O[C@@H](CCn2cc(nn2)C3CCCCC3)CC[C@@H]1NC(=O)CN4CCOCC4,NA
Input,Troglitazone,0.23941527,InputSig,NA,NA,LINCSCP_64467,VCAP,5uM,24h,prostate,Peroxisome proliferator-activated receptor gamma agonist,PPARG,GXPHKUHSUJUWKP-UHFFFAOYSA-N,"InChI=1S/C24H27NO5S/c1-13-14(2)21-18(15(3)20(13)26)9-10-24(4,30-21)12-29-17-7-5-16(6-8-17)11-19-22(27)25-23(28)31-19/h5-8,19,26H,9-12H2,1-4H3,(H,25,27,28)",16202,Cc1c(C)c2OC(C)(COc3ccc(CC4SC(=O)NC4=O)cc3)CCc2c(C)c1O,4
Input,Dalcetrapib,0.23927408,InputSig,NA,NA,LINCSCP_4500,A549,80uM,24h,lung,Cholesterylester transfer protein inhibitor,CETP,YZQLWPMZQVHJED-UHFFFAOYSA-N,"InChI=1S/C23H35NO2S/c1-5-18(6-2)16-23(14-10-7-11-15-23)22(26)24-19-12-8-9-13-20(19)27-21(25)17(3)4/h8-9,12-13,17-18H,5-7,10-11,14-16H2,1-4H3,(H,24,26)",36686,CCC(CC)CC1(CCCCC1)C(=O)Nc2ccccc2SC(=O)C(C)C,3
Input,Dexfenfluramine,0.23923991,InputSig,NA,NA,LINCSCP_106344,HELA,0.12uM,24h,large intestine,Serotonin receptor agonist,SLC6A4,DBGIVFWFUFKIQN-VIFPVBQESA-N,"InChI=1S/C12H16F3N/c1-3-16-9(2)7-10-5-4-6-11(8-10)12(13,14)15/h4-6,8-9,16H,3,7H2,1-2H3/t9-/m0/s1",16379,CCN[C@@H](C)Cc1cccc(c1)C(F)(F)F,4
Input,BRD-K79967274,0.23921384,InputSig,NA,NA,LINCSCP_61651,VCAP,5uM,24h,prostate,NA,NA,FOMDXHZXOKRLRD-RXYILKCJSA-N,"InChI=1S/C30H41N3O4/c1-21-17-33(22(2)19-34)29(35)27-16-10-9-15-26(27)25-14-8-7-11-23(25)20-37-28(21)18-32(3)30(36)31-24-12-5-4-6-13-24/h7-11,14-16,21-22,24,28,34H,4-6,12-13,17-20H2,1-3H3,(H,31,36)/t21-,22-,28+/m0/s1",7202,C[C@@H](CO)N1C[C@H](C)[C@@H](CN(C)C(=O)NC2CCCCC2)OCc3ccccc3c4ccccc4C1=O,NA
Input,BRD-K85642378,0.23904453,InputSig,NA,NA,LINCSCP_312562,VCAP,3uM,24h,prostate,NA,NA,YKADZYQVAJPHMU-HTWTXTHPSA-N,"InChI=1S/C36H55N3O6S/c1-26-14-17-32(18-15-26)46(42,43)37-31-16-19-34-33(21-31)36(41)39(28(3)25-40)22-27(2)35(44-20-10-9-11-29(4)45-34)24-38(5)23-30-12-7-6-8-13-30/h14-19,21,27-30,35,37,40H,6-13,20,22-25H2,1-5H3/t27-,28-,29+,35-/m0/s1",33899,C[C@@H](CO)N1C[C@H](C)[C@H](CN(C)CC2CCCCC2)OCCCC[C@@H](C)Oc3ccc(NS(=O)(=O)c4ccc(C)cc4)cc3C1=O,NA
Input,"3,6-Dimethyl-9-[6-(oxiran-2-yl)-6-oxohexyl]decahydropyrrolo[1,2-a][1,4,7,10]tetraazacyclododecine-1,4,7,10-tetrone",0.23900594,InputSig,NA,NA,LINCSCP_22472,HEPG2,10uM,6h,liver,HDAC inhibitor,NA,GNYCTMYOHGBSBI-UHFFFAOYSA-N,"InChI=1S/C21H32N4O6/c1-12-18(27)22-13(2)19(28)24-14(7-4-3-5-9-16(26)17-11-31-17)21(30)25-10-6-8-15(25)20(29)23-12/h12-15,17H,3-11H2,1-2H3,(H,22,27)(H,23,29)(H,24,28)",14166,CC1NC(=O)C(C)NC(=O)C2CCCN2C(=O)C(CCCCCC(=O)C3CO3)NC1=O,NA
Input,525-72-4,0.23881355,InputSig,NA,NA,LINCSCP_259419,NEU,10uM,24h,NA,Monoamine oxidase inhibitor|Tyrosine hydroxylase inhibitor,NA,IBRKLUSXDYATLG-UHFFFAOYSA-N,"InChI=1S/C10H13NO2/c1-6-8-5-10(13)9(12)4-7(8)2-3-11-6/h4-6,11-13H,2-3H2,1H3",19414,CC1NCCc2cc(O)c(O)cc12,NA
Input,MLS002264411,0.23854528,InputSig,NA,NA,LINCSCP_5462,A549,10uM,6h,lung,NA,NA,QUVMAECBIAMORA-UHFFFAOYSA-N,"InChI=1S/C29H21N3O2/c33-24(17-19-9-3-1-4-10-19)32-28-27-25(21-12-5-2-6-13-21)26-22-14-8-7-11-20(22)15-16-23(26)34-29(27)31-18-30-28/h1-16,18,25H,17H2,(H,30,31,32,33)",15330,O=C(Cc1ccccc1)Nc2ncnc3Oc4ccc5ccccc5c4C(c6ccccc6)c23,NA
Input,BRD-K45758869-001-01-3,0.23847241,InputSig,NA,NA,LINCSCP_16969,HA1E,10uM,6h,kidney epithelial,NA,NA,XJDNFUDAKLJUOC-ZQPSKXNCSA-N,"InChI=1S/C34H52N4O7S/c1-25-22-38(26(2)24-39)34(41)30-21-28(35-33(40)16-12-19-36(4)5)17-18-31(30)45-27(3)13-10-11-20-44-32(25)23-37(6)46(42,43)29-14-8-7-9-15-29/h7-9,14-15,17-18,21,25-27,32,39H,10-13,16,19-20,22-24H2,1-6H3,(H,35,40)/t25-,26+,27-,32-/m1/s1",12785,C[C@@H](CO)N1C[C@@H](C)[C@@H](CN(C)S(=O)(=O)c2ccccc2)OCCCC[C@@H](C)Oc3ccc(NC(=O)CCCN(C)C)cc3C1=O,NA
Input,MLS003126519,0.23832744,InputSig,NA,NA,LINCSCP_5306,A549,10uM,6h,lung,NA,NA,GZLGERNROYEIAV-UHFFFAOYSA-N,"InChI=1S/C14H11F6NO4S2/c1-25-10-6-7-26-11(10)27(23,24)21-9-4-2-8(3-5-9)12(22,13(15,16)17)14(18,19)20/h2-7,21-22H,1H3",1145,COc1ccsc1S(=O)(=O)Nc2ccc(cc2)C(O)(C(F)(F)F)C(F)(F)F,NA
Input,Noscapine,0.23828571,InputSig,NA,NA,LINCSCP_57487,VCAP,10uM,6h,prostate,Bradykinin receptor antagonist|Tubulin inhibitor,SIGMAR1,AKNNEGZIBPJZJG-MSOLQXFVSA-N,"InChI=1S/C22H23NO7/c1-23-8-7-11-9-14-20(29-10-28-14)21(27-4)15(11)17(23)18-12-5-6-13(25-2)19(26-3)16(12)22(24)30-18/h5-6,9,17-18H,7-8,10H2,1-4H3/t17-,18+/m1/s1",36118,COc1ccc2[C@H](OC(=O)c2c1OC)[C@@H]3N(C)CCc4cc5OCOc5c(OC)c34,4
Input,SCHEMBL570779,0.23824108,InputSig,NA,NA,LINCSCP_162910,SKBR3,0.12uM,24h,breast,PI3K inhibitor,NA,NCUAOBDESQDAII-UHFFFAOYSA-N,"InChI=1S/C21H16N6O2S2/c1-13-9-11-14(12-10-13)31(28,29)27-21-20(22-15-5-2-3-6-16(15)23-21)24-17-7-4-8-18-19(17)26-30-25-18/h2-12H,1H3,(H,22,24)(H,23,27)",22135,Cc1ccc(cc1)S(=O)(=O)Nc2nc3ccccc3nc2Nc4cccc5nsnc45,NA
Input,Zileuton,0.23817547,InputSig,NA,NA,LINCSCP_30429,MCF7,100uM,24h,breast,Leukotriene inhibitor|Lipoxygenase inhibitor,ALOX5,MWLSOWXNZPKENC-UHFFFAOYSA-N,"InChI=1S/C11H12N2O2S/c1-7(13(15)11(12)14)10-6-8-4-2-3-5-9(8)16-10/h2-7,15H,1H3,(H2,12,14)",36370,CC(N(O)C(=O)N)c1cc2ccccc2s1,4
Input,Meclizine,0.23809808,InputSig,NA,NA,LINCSCP_242184,MCF7,10uM,6h,breast,Constitutive androstane receptor (CAR) agonist,HRH1|NR1I3,OCJYIGYOJCODJL-UHFFFAOYSA-N,"InChI=1S/C25H27ClN2/c1-20-6-5-7-21(18-20)19-27-14-16-28(17-15-27)25(22-8-3-2-4-9-22)23-10-12-24(26)13-11-23/h2-13,18,25H,14-17,19H2,1H3",26118,Cc1cccc(CN2CCN(CC2)C(c3ccccc3)c4ccc(Cl)cc4)c1,4
Input,Broad-Sai-370,0.23792401,InputSig,NA,NA,LINCSCP_35419,MCF7,0.1uM,24h,breast,NA,NA,NA,NA,42750,NA,NA
Input,T5766237,0.23790739,InputSig,NA,NA,LINCSCP_178470,A375,10uM,6h,skin,NA,NA,FMDRCKLGDXLGKP-UHFFFAOYSA-N,"InChI=1S/C15H19N9OS/c1-9-5-6-11(25-4)10(7-9)24-15(20-21-22-24)26-8-12-17-13(16)19-14(18-12)23(2)3/h5-7H,8H2,1-4H3,(H2,16,17,18,19)",3014,COc1ccc(C)cc1n2nnnc2SCc3nc(N)nc(n3)N(C)C,NA
Input,BRD-K98988337,0.2379065,InputSig,NA,NA,LINCSCP_59944,VCAP,5uM,24h,prostate,NA,NA,IJQLDHZDAZBKMH-RVKKMQEKSA-N,"InChI=1S/C21H34N4O4/c1-13(2)22-21(28)23-17-9-7-8-16-19(17)29-18(11-24(5)6)14(3)10-25(20(16)27)15(4)12-26/h7-9,13-15,18,26H,10-12H2,1-6H3,(H2,22,23,28)/t14-,15+,18-/m1/s1",14094,CC(C)NC(=O)Nc1cccc2C(=O)N(C[C@@H](C)[C@@H](CN(C)C)Oc12)[C@@H](C)CO,NA
Input,Dmocp,0.23780897,InputSig,NA,NA,LINCSCP_259731,NEU,10uM,6h,NA,NA,NA,BQDFHACIOUBBDF-UHFFFAOYSA-N,"InChI=1S/C19H23ClN2O2S/c1-21(2)8-5-9-22-14-10-13(20)6-7-18(14)25-19-12-17(24-4)16(23-3)11-15(19)22/h6-7,10-12H,5,8-9H2,1-4H3",31663,COc1cc2Sc3ccc(Cl)cc3N(CCCN(C)C)c2cc1OC,NA
Input,BRD-K09929560,0.23773344,InputSig,NA,NA,LINCSCP_61551,VCAP,5uM,24h,prostate,NA,NA,VHVNEVJWYRMESY-IZVMNLJQSA-N,"InChI=1S/C29H33N3O4/c1-20-16-32(21(2)18-33)29(35)26-11-7-6-10-25(26)24-9-5-4-8-23(24)19-36-27(20)17-31(3)28(34)22-12-14-30-15-13-22/h4-15,20-21,27,33H,16-19H2,1-3H3/t20-,21-,27-/m0/s1",4377,C[C@@H](CO)N1C[C@H](C)[C@H](CN(C)C(=O)c2ccncc2)OCc3ccccc3c4ccccc4C1=O,NA
Input,BRD-K93896332,0.23771552,InputSig,NA,NA,LINCSCP_63198,VCAP,5uM,6h,prostate,NA,NA,NDTMOTIIGWPVNE-FSSWDIPSSA-N,"InChI=1S/C24H25N3O3/c1-26(2)23(29)19-5-3-4-18(12-19)15-6-8-16(9-7-15)22-20(13-25)27(21(22)14-28)24(30)17-10-11-17/h3-9,12,17,20-22,28H,10-11,14H2,1-2H3/t20-,21+,22+/m1/s1",4725,CN(C)C(=O)c1cccc(c1)c2ccc(cc2)[C@@H]3[C@H](CO)N([C@@H]3C#N)C(=O)C4CC4,NA
Input,GSK-461364,0.23765564,InputSig,NA,NA,LINCSCP_176024,YAPC,3.33uM,24h,pancreas,PLK inhibitor,PLK1,ZHJGWYRLJUCMRT-QGZVFWFLSA-N,"InChI=1S/C27H28F3N5O2S/c1-17(19-5-3-4-6-20(19)27(28,29)30)37-23-14-24(38-25(23)26(31)36)35-16-32-21-8-7-18(13-22(21)35)15-34-11-9-33(2)10-12-34/h3-8,13-14,16-17H,9-12,15H2,1-2H3,(H2,31,36)/t17-/m1/s1",36812,C[C@@H](Oc1cc(sc1C(=O)N)n2cnc3ccc(CN4CCN(C)CC4)cc23)c5ccccc5C(F)(F)F,1
Input,FK 866,0.23762175,InputSig,NA,NA,LINCSCP_15614,HA1E,0.1uM,6h,kidney epithelial,Niacinamide phosphoribosyltransferase inhibitor,NAMPT,KPBNHDGDUADAGP-VAWYXSNFSA-N,"InChI=1S/C24H29N3O2/c28-23(12-11-21-8-6-15-25-19-21)26-16-5-4-7-20-13-17-27(18-14-20)24(29)22-9-2-1-3-10-22/h1-3,6,8-12,15,19-20H,4-5,7,13-14,16-18H2,(H,26,28)/b12-11+",37971,O=C(NCCCCC1CCN(CC1)C(=O)c2ccccc2)\C=C\c3cccnc3,NA
Input,Nomegestrol Acetate,0.23749772,InputSig,NA,NA,LINCSCP_55959,VCAP,10uM,24h,prostate,Progesterone receptor agonist,PGR,IIVBFTNIGYRNQY-YQLZSBIMSA-N,"InChI=1S/C23H30O4/c1-13-11-20-18(17-6-5-16(26)12-19(13)17)7-9-22(4)21(20)8-10-23(22,14(2)24)27-15(3)25/h11-12,17-18,20-21H,5-10H2,1-4H3/t17-,18-,20-,21+,22+,23+/m1/s1",35633,CC(=O)O[C@@]1(CC[C@H]2[C@@H]3C=C(C)C4=CC(=O)CC[C@@H]4[C@H]3CC[C@]12C)C(=O)C,3
Input,Fluocinolone Acetonide,0.23745015,InputSig,NA,NA,LINCSCP_228049,HT29,10uM,6h,large intestine,Glucocorticoid receptor agonist,NR3C1,FEBLZLNTKCEFIT-VSXGLTOVSA-N,"InChI=1S/C24H30F2O6/c1-20(2)31-19-9-13-14-8-16(25)15-7-12(28)5-6-21(15,3)23(14,26)17(29)10-22(13,4)24(19,32-20)18(30)11-27/h5-7,13-14,16-17,19,27,29H,8-11H2,1-4H3/t13-,14-,16-,17-,19+,21-,22-,23-,24+/m0/s1",16466,CC1(C)O[C@@H]2C[C@H]3[C@@H]4C[C@H](F)C5=CC(=O)C=C[C@]5(C)[C@@]4(F)[C@@H](O)C[C@]3(C)[C@@]2(O1)C(=O)CO,4
Input,KUC104491N,0.23727149,InputSig,NA,NA,LINCSCP_45597,PC3,10uM,6h,prostate,NA,NA,LRPGMVPQQLBMNE-UHFFFAOYSA-N,"InChI=1S/C25H21N5O3/c31-25(19-8-14-32-17-19)29-11-9-28(10-12-29)24-16-21(22-7-4-13-33-22)26-23-15-20(27-30(23)24)18-5-2-1-3-6-18/h1-8,13-17H,9-12H2",15701,O=C(N1CCN(CC1)c2cc(nc3cc(nn23)c4ccccc4)c5occc5)c6cocc6,NA
Input,SB-202190,0.23723724,InputSig,NA,NA,LINCSCP_7179,A549,10uM,6h,lung,P38 MAPK inhibitor,MAPK14,QHKYPYXTTXKZST-UHFFFAOYSA-N,"InChI=1S/C20H14FN3O/c21-16-5-1-13(2-6-16)18-19(14-9-11-22-12-10-14)24-20(23-18)15-3-7-17(25)8-4-15/h1-12,25H,(H,23,24)",14555,Oc1ccc(cc1)c2nc(c3ccc(F)cc3)c([nH]2)c4ccncc4,NA
Input,N-Benzyl-2-chloroquinazolin-4-amine,0.23719516,InputSig,NA,NA,LINCSCP_16258,HA1E,10uM,6h,kidney epithelial,NA,NA,JXCBIDUKEIBVKZ-UHFFFAOYSA-N,"InChI=1S/C15H12ClN3/c16-15-18-13-9-5-4-8-12(13)14(19-15)17-10-11-6-2-1-3-7-11/h1-9H,10H2,(H,17,18,19)",7640,Clc1nc(NCc2ccccc2)c3ccccc3n1,NA
Input,MLS000778276,0.23710268,InputSig,NA,NA,LINCSCP_16809,HA1E,10uM,6h,kidney epithelial,NA,NA,VRONASVIJLMDQP-OQLLNIDSSA-N,"InChI=1S/C17H14N2O4S/c1-23-14-8-10(2-7-13(14)21)9-15-16(22)19-17(24-15)18-11-3-5-12(20)6-4-11/h2-9,20-21H,1H3,(H,18,19,22)/b15-9+",17099,COc1cc(\C=C/2\SC(=NC2=O)Nc3ccc(O)cc3)ccc1O,NA
Input,BRD-K76358141,0.23700377,InputSig,NA,NA,LINCSCP_63742,VCAP,5uM,24h,prostate,NA,NA,SSPYWNJKRFMGCQ-OQIJWPOYSA-N,"InChI=1S/C21H31N3O6/c1-23(2)20(26)10-17-7-8-18-19(30-17)13-29-12-15(25)11-24(18)21(27)22-14-5-4-6-16(9-14)28-3/h4-6,9,15,17-19,25H,7-8,10-13H2,1-3H3,(H,22,27)/t15-,17-,18+,19-/m1/s1",5478,COc1cccc(NC(=O)N2C[C@@H](O)COC[C@H]3O[C@@H](CC(=O)N(C)C)CC[C@H]23)c1,NA
Input,ST50998727,0.23697685,InputSig,NA,NA,LINCSCP_16297,HA1E,10uM,6h,kidney epithelial,NA,NA,DQOOAEOXHMQCIQ-PXNMLYILSA-N,InChI=1S/C19H9BrN4O4S/c20-10-7-13-17(21-9-10)23-18(25)16(29-19(23)22-13)8-11-5-6-15(28-11)12-3-1-2-4-14(12)24(26)27/h1-9H/b16-8-,17669,[O-][N+](=O)c1ccccc1c2oc(\C=C\3/Sc4nc5cc(Br)cnc5n4C3=O)cc2,NA
Input,CHEMBL2357432,0.23688822,InputSig,NA,NA,LINCSCP_37865,MCF7,10uM,24h,breast,NA,NA,YBLKRDGTGIUFGT-SODQHWRNSA-N,"InChI=1S/C32H49N5O5/c1-22(2)34-32(40)35-27-10-11-29-28(17-27)31(39)37(24(4)21-38)18-23(3)30(41-16-8-7-9-25(5)42-29)20-36(6)19-26-12-14-33-15-13-26/h10-15,17,22-25,30,38H,7-9,16,18-21H2,1-6H3,(H2,34,35,40)/t23-,24+,25-,30-/m0/s1",17460,CC(C)NC(=O)Nc1ccc2O[C@@H](C)CCCCO[C@@H](CN(C)Cc3ccncc3)[C@@H](C)CN([C@H](C)CO)C(=O)c2c1,NA
Input,NCGC00170564-01,0.23668019,InputSig,NA,NA,LINCSCP_46364,PC3,10uM,6h,prostate,NA,NA,BLDNBMYAMKDOHW-KAODMTDESA-N,"InChI=1S/C34H30N2O5/c37-20-9-21-40-29-18-16-25(17-19-29)31-35-34(30(41-31)24-10-3-1-4-11-24)22-27-14-7-8-15-28(27)23-36(33(34)39)32(38)26-12-5-2-6-13-26/h1-8,10-19,30,37H,9,20-23H2/t30-,34-/m1/s1",31608,OCCCOc1ccc(cc1)C2=N[C@]3(Cc4ccccc4CN(C(=O)c5ccccc5)C3=O)[C@H](O2)c6ccccc6,NA
Input,GSK-3 Inhibitor IX,0.23663723,InputSig,NA,NA,LINCSCP_113359,HME1,0.12uM,3h,breast,NA,NA,DDLZLOKCJHBUHD-PHQNPPNDSA-N,"InChI=1S/C16H10BrN3O2/c17-8-5-6-9-12(7-8)19-16(21)13(9)15-14(20-22)10-3-1-2-4-11(10)18-15/h1-7,18,22H,(H,19,21)/b15-13-,20-14?",6133,Oc1[nH]c2cc(Br)ccc2c1c3[nH]c4ccccc4c3N=O,NA
Input,SCHEMBL2592382,0.2365408,InputSig,NA,NA,LINCSCP_15984,HA1E,10uM,6h,kidney epithelial,NA,NA,HCXOEMCJMXYNEF-UHFFFAOYSA-N,"InChI=1S/C22H21N2O/c1-17-21(24-16-10-9-15-20(24)23(17)2)22(25,18-11-5-3-6-12-18)19-13-7-4-8-14-19/h3-16,25H,1-2H3/q+1",35657,Cc1c(n2ccccc2[n+]1C)C(O)(c3ccccc3)c4ccccc4,NA
Input,BRD-K92810472,0.23647197,InputSig,NA,NA,LINCSCP_62064,VCAP,5uM,24h,prostate,NA,NA,ZKMZGYJTUFHVCC-GPMSIDNRSA-N,"InChI=1S/C21H26N2O6/c24-12-19-16(22-21(26)14-4-7-17-18(10-14)28-13-27-17)6-5-15(29-19)11-20(25)23-8-2-1-3-9-23/h4-7,10,15-16,19,24H,1-3,8-9,11-13H2,(H,22,26)/t15-,16-,19-/m1/s1",25268,OC[C@H]1O[C@@H](CC(=O)N2CCCCC2)C=C[C@H]1NC(=O)c3ccc4OCOc4c3,NA
Input,Dcpib,0.23641422,InputSig,NA,NA,LINCSCP_33685,MCF7,10uM,6h,breast,Chloride channel blocker|Gap junction modulator|Glutamate inhibitor,SLC1A2,KHKGTPJPBOQECW-UHFFFAOYSA-N,"InChI=1S/C22H28Cl2O4/c1-2-3-10-22(15-7-4-5-8-15)13-14-12-16(28-11-6-9-17(25)26)19(23)20(24)18(14)21(22)27/h12,15H,2-11,13H2,1H3,(H,25,26)",15237,CCCCC1(Cc2cc(OCCCC(=O)O)c(Cl)c(Cl)c2C1=O)C3CCCC3,NA
Input,Trimipramine,0.23641402,InputSig,NA,NA,LINCSCP_167396,YAPC,10uM,24h,pancreas,Histamine H1 receptor antagonist|Dopamine D2 receptor antagonist|Serotonin 2a (5-HT2a) receptor antagonist (Serotonin 2a|Serotonin 2c (5-HT2c) receptor antagonist (Serotonin 2c|Norepinephrine transporter inhibitor|Adrenergic receptor alpha-1 antagonist,ADRA1A|ADRA1B|ADRA1D|DRD2|HRH1|HTR2A|HTR2C|SLC6A2|SLC6A3|SLC6A4,ZSCDBOWYZJWBIY-UHFFFAOYSA-N,"InChI=1S/C20H26N2/c1-16(14-21(2)3)15-22-19-10-6-4-8-17(19)12-13-18-9-5-7-11-20(18)22/h4-11,16H,12-15H2,1-3H3",15198,CC(CN(C)C)CN1c2ccccc2CCc3ccccc13,4
Input,BRD-K00061590,0.236358,InputSig,NA,NA,LINCSCP_60829,VCAP,5uM,24h,prostate,NA,NA,SOKZPMDKQQIJSP-OWOAZTCBSA-N,"InChI=1S/C29H39N3O5/c1-19-15-32(16-21-6-11-24(35-4)12-7-21)20(2)18-37-26-13-10-23(30-28(33)22-8-9-22)14-25(26)29(34)31(3)17-27(19)36-5/h6-7,10-14,19-20,22,27H,8-9,15-18H2,1-5H3,(H,30,33)/t19-,20-,27+/m0/s1",1098,CO[C@@H]1CN(C)C(=O)c2cc(NC(=O)C3CC3)ccc2OC[C@H](C)N(Cc4ccc(OC)cc4)C[C@@H]1C,NA
Input,"376348-65-1, Uk-427857, uk427857",0.23632246,InputSig,NA,NA,LINCSCP_15160,HA1E,10uM,24h,kidney epithelial,CC chemokine receptor antagonist,CCR5,GSNHKUDZZFZSJB-ILVMPNSOSA-N,"InChI=1S/C29H41F2N5O/c1-19(2)27-34-33-20(3)36(27)25-17-23-9-10-24(18-25)35(23)16-13-26(21-7-5-4-6-8-21)32-28(37)22-11-14-29(30,31)15-12-22/h4-8,19,22-26H,9-18H2,1-3H3,(H,32,37)/t23?,24?,25?,26-/m0/s1",16509,CC(C)c1nnc(C)n1C2CC3CCC(C2)N3CC[C@H](NC(=O)C4CCC(F)(F)CC4)c5ccccc5,NA
Input,MLS003129576,0.23630237,InputSig,NA,NA,LINCSCP_60527,VCAP,5uM,24h,prostate,NA,NA,XRXVGTRBMNTJPS-CSODHUTKSA-N,"InChI=1S/C22H32ClN5O5S/c1-16-12-27(17(2)14-29)22(30)5-4-10-28-19(11-24-25-28)15-33-21(16)13-26(3)34(31,32)20-8-6-18(23)7-9-20/h6-9,11,16-17,21,29H,4-5,10,12-15H2,1-3H3/t16-,17+,21+/m0/s1",1873,C[C@H](CO)N1C[C@H](C)[C@@H](CN(C)S(=O)(=O)c2ccc(Cl)cc2)OCc3cnnn3CCCC1=O,NA
Input,Fluphenazine,0.23604413,InputSig,NA,NA,LINCSCP_223923,HT29,10uM,6h,large intestine,Dopamine D2 receptor antagonist,DRD1|DRD2,PLDUPXSUYLZYBN-UHFFFAOYSA-N,"InChI=1S/C22H26F3N3OS/c23-22(24,25)17-6-7-21-19(16-17)28(18-4-1-2-5-20(18)30-21)9-3-8-26-10-12-27(13-11-26)14-15-29/h1-2,4-7,16,29H,3,8-15H2",35854,OCCN1CCN(CCCN2c3ccccc3Sc4ccc(cc24)C(F)(F)F)CC1,4
Input,Ezetimibe,0.23603126,InputSig,NA,NA,LINCSCP_211190,HA1E,10uM,6h,kidney epithelial,Cholesterol inhibitor|Niemann-Pick C1-like 1 protein antagonist,NPC1L1,OLNTVTPDXPETLC-XPWALMASSA-N,"InChI=1S/C24H21F2NO3/c25-17-5-1-15(2-6-17)22(29)14-13-21-23(16-3-11-20(28)12-4-16)27(24(21)30)19-9-7-18(26)8-10-19/h1-12,21-23,28-29H,13-14H2/t21-,22+,23-/m1/s1",16340,O[C@@H](CC[C@@H]1[C@H](N(C1=O)c2ccc(F)cc2)c3ccc(O)cc3)c4ccc(F)cc4,4
Input,BRD-K49477330,0.23594427,InputSig,NA,NA,LINCSCP_3710,A375,10uM,24h,skin,NA,NA,ZAHXKZOKOUSJMC-HOCVFBEKSA-N,"InChI=1S/C27H35N3O2/c1-28(2)19-26(32)29-16-6-7-17-30-24(18-29)27(25(30)20-31)23-14-12-22(13-15-23)11-10-21-8-4-3-5-9-21/h3-5,8-15,24-25,27,31H,6-7,16-20H2,1-2H3/b11-10+/t24-,25+,27+/m1/s1",24217,CN(C)CC(=O)N1CCCCN2[C@@H](CO)[C@H]([C@H]2C1)c3ccc(\C=C\c4ccccc4)cc3,NA
Input,CHEMBL2144559,0.23572918,InputSig,NA,NA,LINCSCP_62409,VCAP,5uM,6h,prostate,NA,NA,MRHMXTIRULDPKA-FBNDAJROSA-N,"InChI=1S/C27H25F2N3O5/c28-17-3-5-22(29)16(8-17)13-31-25(34)11-19-10-21-20-9-18(32-27(35)15-2-1-7-30-12-15)4-6-23(20)37-26(21)24(14-33)36-19/h1-9,12,19,21,24,26,33H,10-11,13-14H2,(H,31,34)(H,32,35)/t19-,21-,24+,26+/m0/s1",17357,OC[C@H]1O[C@H](CC(=O)NCc2cc(F)ccc2F)C[C@@H]3[C@H]1Oc4ccc(NC(=O)c5cccnc5)cc34,NA
Input,AC1NWAJL,0.23570804,InputSig,NA,NA,LINCSCP_14835,HA1E,10uM,6h,kidney epithelial,Androgen receptor agonist,NA,MUMGGOZAMZWBJJ-PPORCNLBSA-N,"InChI=1S/C19H28O2/c1-18-9-7-13(20)11-12(18)3-4-14-15-5-6-17(21)19(15,2)10-8-16(14)18/h11,14-17,21H,3-10H2,1-2H3/t14?,15?,16?,17-,18-,19-/m0/s1",35390,C[C@]12CCC3C(CCC4=CC(=O)CC[C@]34C)C1CC[C@@H]2O,NA
Input,BRD-K47214596,0.23566832,InputSig,NA,NA,LINCSCP_61886,VCAP,5uM,6h,prostate,NA,NA,JVYCUASVIANWPE-FGTMMUONSA-N,"InChI=1S/C20H38N4O4/c1-15(2)22-20(27)21-10-8-16-6-7-17(18(14-25)28-16)23-19(26)9-13-24-11-4-3-5-12-24/h15-18,25H,3-14H2,1-2H3,(H,23,26)(H2,21,22,27)/t16-,17+,18-/m1/s1",3272,CC(C)NC(=O)NCC[C@H]1CC[C@H](NC(=O)CCN2CCCCC2)[C@@H](CO)O1,NA
Input,Hbdde,0.23561659,InputSig,NA,NA,LINCSCP_32710,MCF7,10uM,6h,breast,PKC inhibitor,PRKCA|PRKCG,NEBCAMAQXZIVRE-UHFFFAOYSA-N,"InChI=1S/C16H18O8/c1-23-5-7-3-9(17)13(19)15(21)11(7)12-8(6-24-2)4-10(18)14(20)16(12)22/h3-4,17-22H,5-6H2,1-2H3",36498,COCc1cc(O)c(O)c(O)c1c2c(O)c(O)c(O)cc2COC,NA
Input,CHEMBL3184089,0.23546741,InputSig,NA,NA,LINCSCP_61030,VCAP,5uM,24h,prostate,NA,NA,HAJBOXZNCGYLAF-YHGPEZAFSA-N,"InChI=1S/C30H35N3O4/c1-20-17-31-21(2)19-37-27-16-25(14-15-26(27)30(35)33(3)18-28(20)36-4)32-29(34)24-12-10-23(11-13-24)22-8-6-5-7-9-22/h5-16,20-21,28,31H,17-19H2,1-4H3,(H,32,34)/t20-,21-,28+/m0/s1",37380,CO[C@@H]1CN(C)C(=O)c2ccc(NC(=O)c3ccc(cc3)c4ccccc4)cc2OC[C@H](C)NC[C@@H]1C,NA
Input,Bosutinib,0.23544764,InputSig,NA,NA,LINCSCP_153375,PC3,0.37uM,24h,prostate,Abl kinase inhibitor|Bcr-Abl kinase inhibitor|Src inhibitor,ABL1|BCR|CAMK2G|HCK|LYN|SRC,UBPYILGKFZZVDX-UHFFFAOYSA-N,"InChI=1S/C26H29Cl2N5O3/c1-32-6-8-33(9-7-32)5-4-10-36-25-13-21-18(11-24(25)35-3)26(17(15-29)16-30-21)31-22-14-23(34-2)20(28)12-19(22)27/h11-14,16H,4-10H2,1-3H3,(H,30,31)",37924,COc1cc(Nc2c(cnc3cc(OCCCN4CCN(C)CC4)c(OC)cc23)C#N)c(Cl)cc1Cl,4
Input,KU-55933,0.23542354,InputSig,NA,NA,LINCSCP_11933,BT20,1uM,6h,breast,ATM kinase inhibitor,ATM,XRKYMMUGXMWDAO-UHFFFAOYSA-N,"InChI=1S/C21H17NO3S2/c23-14-12-16(25-20(13-14)22-8-10-24-11-9-22)15-4-3-7-19-21(15)27-18-6-2-1-5-17(18)26-19/h1-7,12-13H,8-11H2",35274,O=C1C=C(OC(=C1)c2cccc3Sc4ccccc4Sc23)N5CCOCC5,NA
Input,Tetrahydrobiopterin,0.23539474,InputSig,NA,NA,LINCSCP_34117,MCF7,10uM,24h,breast,Nitric oxide stimulant|Nitric oxide synthase stimulant|Phenylalanine 4-hydroxylase stimulant,PAH|TH,FNKQXYHWGSIFBK-DGZDMUDUSA-N,"InChI=1S/C9H15N5O3/c1-3(15)6(16)4-2-11-7-5(12-4)8(17)14-9(10)13-7/h3-4,6,12,15-16H,2H2,1H3,(H4,10,11,13,14,17)/t3?,4?,6-/m0/s1",23208,CC(O)[C@H](O)C1CNC2=C(N1)C(=O)NC(=N2)N,NA
Input,BRD-K74428993,0.23537089,InputSig,NA,NA,LINCSCP_63837,VCAP,5uM,6h,prostate,NA,NA,LTCDBOWOUBSGLM-RMVXJAJNSA-N,"InChI=1S/C22H31FN2O4/c23-19-7-2-1-4-15(19)11-25-12-17(26)13-28-14-21-20(25)9-8-18(29-21)10-22(27)24-16-5-3-6-16/h1-2,4,7,16-18,20-21,26H,3,5-6,8-14H2,(H,24,27)/t17-,18-,20+,21-/m1/s1",4494,O[C@H]1COC[C@H]2O[C@@H](CC(=O)NC3CCC3)CC[C@@H]2N(Cc4ccccc4F)C1,NA
Input,Butoconazole,0.23531035,InputSig,NA,NA,LINCSCP_18471,HCC515,10uM,24h,lung,Cytochrome P450 51 inhibitor,NA,SWLMUYACZKCSHZ-UHFFFAOYSA-N,"InChI=1S/C19H17Cl3N2S/c20-15-7-4-14(5-8-15)6-9-16(12-24-11-10-23-13-24)25-19-17(21)2-1-3-18(19)22/h1-5,7-8,10-11,13,16H,6,9,12H2",15190,Clc1ccc(CCC(Cn2ccnc2)Sc3c(Cl)cccc3Cl)cc1,4
Input,BRD-K99303177,0.23528579,InputSig,NA,NA,LINCSCP_239990,MCF7,10uM,24h,breast,NA,NA,CHBVISFKEYYRMC-KHYOSLBOSA-N,"InChI=1S/C21H31N5O5S/c1-14-10-26(15(2)12-27)21(28)8-16-7-17(5-6-18(16)31-19(14)9-22-3)24-32(29,30)20-11-25(4)13-23-20/h5-7,11,13-15,19,22,24,27H,8-10,12H2,1-4H3/t14-,15+,19-/m0/s1",34232,CNC[C@@H]1Oc2ccc(NS(=O)(=O)c3cn(C)cn3)cc2CC(=O)N(C[C@@H]1C)[C@H](C)CO,NA
Input,T5820451,0.23527612,InputSig,NA,NA,LINCSCP_22180,HEPG2,10uM,6h,liver,NA,NA,HIXFBQMTPPZSPM-UHFFFAOYSA-N,"InChI=1S/C14H17N9S/c1-8(2)9-3-5-10(6-4-9)23-14(20-21-22-23)24-7-11-17-12(15)19-13(16)18-11/h3-6,8H,7H2,1-2H3,(H4,15,16,17,18,19)",34089,CC(C)c1ccc(cc1)n2nnnc2SCc3nc(N)nc(N)n3,NA
Input,CHEMBL1208118,0.23523336,InputSig,NA,NA,LINCSCP_33025,MCF7,10uM,6h,breast,NTPDase inhibitor,ENTPD3,ZHQRPIRGSWEALJ-UHFFFAOYSA-N,"InChI=1S/C24H16N2O5S/c25-22-19(32(29,30)31)12-18(26-17-11-5-7-13-6-1-2-8-14(13)17)20-21(22)24(28)16-10-4-3-9-15(16)23(20)27/h1-12,26H,25H2,(H,29,30,31)",15884,Nc1c2C(=O)c3ccccc3C(=O)c2c(Nc4cccc5ccccc45)cc1S(=O)(=O)O,NA
Input,MLS001065868,0.23521968,InputSig,NA,NA,LINCSCP_25980,HT29,10uM,24h,large intestine,NA,NA,XLHDISIHIXXBEP-LJQANCHMSA-N,"InChI=1S/C23H23N3O2/c1-14-8-10-15(11-9-14)13-25-21(27)19-12-17-16-6-4-5-7-18(16)24-20(17)23(2,3)26(19)22(25)28/h4-11,19,24H,12-13H2,1-3H3/t19-/m1/s1",16034,Cc1ccc(CN2C(=O)[C@H]3Cc4c([nH]c5ccccc45)C(C)(C)N3C2=O)cc1,NA
Input,Quizartinib,0.23520786,InputSig,NA,NA,LINCSCP_86796,CD34,0.12uM,24h,bone marrow,FLT3 inhibitor,CSF1R|FLT3|KIT|PDGFRA|PDGFRB|RET,CVWXJKQAOSCOAB-UHFFFAOYSA-N,"InChI=1S/C29H32N6O4S/c1-29(2,3)25-17-26(33-39-25)32-27(36)30-20-6-4-19(5-7-20)22-18-35-23-9-8-21(16-24(23)40-28(35)31-22)38-15-12-34-10-13-37-14-11-34/h4-9,16-18H,10-15H2,1-3H3,(H2,30,32,33,36)",35264,CC(C)(C)c1onc(NC(=O)Nc2ccc(cc2)c3cn4c5ccc(OCCN6CCOCC6)cc5sc4n3)c1,3
Input,PF-4136309,0.23511484,InputSig,NA,NA,LINCSCP_111000,HELA,0.04uM,24h,large intestine,NA,NA,ZNSVOHSYDRPBGI-LXWOLXCRSA-N,"InChI=1S/C29H31F3N6O3/c30-29(31,32)21-4-1-3-19(15-21)27(40)36-17-25(39)38-14-9-23(18-38)37-22-7-10-28(41,11-8-22)24-6-5-20(16-35-24)26-33-12-2-13-34-26/h1-6,12-13,15-16,22-23,37,41H,7-11,14,17-18H2,(H,36,40)/t22-,23-,28-/m0/s1",26486,O[C@@]1(CC[C@H](CC1)N[C@H]2CCN(C2)C(=O)CNC(=O)c3cccc(c3)C(F)(F)F)c4ccc(cn4)c5ncccn5,NA
Input,BRD-K63948704,0.23503369,InputSig,NA,NA,LINCSCP_60062,VCAP,5uM,24h,prostate,NA,NA,PTEFBLKOTMQJFG-CVNGOIGYSA-N,"InChI=1S/C24H31FN2O6S2/c1-5-6-19-7-12-24-22(13-19)33-23(17(2)14-27(18(3)16-28)35(24,31)32)15-26(4)34(29,30)21-10-8-20(25)9-11-21/h5-13,17-18,23,28H,14-16H2,1-4H3/b6-5+/t17-,18-,23-/m1/s1",25800,C\C=C\c1ccc2c(O[C@H](CN(C)S(=O)(=O)c3ccc(F)cc3)[C@H](C)CN([C@H](C)CO)S2(=O)=O)c1,NA
Input,JW 55,0.23499341,InputSig,NA,NA,LINCSCP_84543,ASC,3.33uM,24h,adipose,NA,NA,ZJZWZIXSGNFWQQ-UHFFFAOYSA-N,"InChI=1S/C25H26N2O5/c1-30-21-10-6-19(7-11-21)25(12-15-31-16-13-25)17-26-23(28)18-4-8-20(9-5-18)27-24(29)22-3-2-14-32-22/h2-11,14H,12-13,15-17H2,1H3,(H,26,28)(H,27,29)",34334,COc1ccc(cc1)C2(CNC(=O)c3ccc(NC(=O)c4occc4)cc3)CCOCC2,NA
Input,BRD-K74260403,0.23493558,InputSig,NA,NA,LINCSCP_61279,VCAP,5uM,24h,prostate,NA,NA,DDFPKKGQTCCPIA-SUNYJGFJSA-N,"InChI=1S/C19H31N3O5S/c1-13-10-21(3)14(2)12-27-17-8-7-15(20-28(6,24)25)9-16(17)19(23)22(4)11-18(13)26-5/h7-9,13-14,18,20H,10-12H2,1-6H3/t13-,14-,18+/m0/s1",3999,CO[C@@H]1CN(C)C(=O)c2cc(NS(=O)(=O)C)ccc2OC[C@H](C)N(C)C[C@@H]1C,NA
Input,BRD-K28646532,0.23484594,InputSig,NA,NA,LINCSCP_61211,VCAP,5uM,24h,prostate,NA,NA,FSHWRMSUZBSSQF-QMTMVMCOSA-N,"InChI=1S/C21H34N4O4/c1-6-9-22-21(27)24-16-7-8-18-17(10-16)20(26)25(4)12-19(28-5)14(2)11-23-15(3)13-29-18/h7-8,10,14-15,19,23H,6,9,11-13H2,1-5H3,(H2,22,24,27)/t14-,15+,19+/m0/s1",24237,CCCNC(=O)Nc1ccc2OC[C@@H](C)NC[C@H](C)[C@@H](CN(C)C(=O)c2c1)OC,NA
Input,LM-1685,0.23482829,InputSig,NA,NA,LINCSCP_58380,VCAP,10uM,24h,prostate,Cyclooxygenase inhibitor,PTGS2,UBZBOEWMQPWUKB-UHFFFAOYSA-N,"InChI=1S/C18H16ClNO4S/c1-24-18(21)17-10-13-9-15(25(2,22)23)7-8-16(13)20(17)11-12-3-5-14(19)6-4-12/h3-10H,11H2,1-2H3",1580,COC(=O)c1cc2cc(ccc2n1Cc3ccc(Cl)cc3)S(=O)(=O)C,NA
Input,ML162,0.234797,InputSig,NA,NA,LINCSCP_49574,PC3,0.12uM,24h,prostate,NA,NA,UNVKYJSNMVDZJE-UHFFFAOYSA-N,"InChI=1S/C23H22Cl2N2O3S/c1-30-19-10-9-17(14-18(19)25)27(21(28)15-24)22(20-8-5-13-31-20)23(29)26-12-11-16-6-3-2-4-7-16/h2-10,13-14,22H,11-12,15H2,1H3,(H,26,29)",35365,COc1ccc(cc1Cl)N(C(C(=O)NCCc2ccccc2)c3cccs3)C(=O)CCl,NA
Input,(Z)-Guggulsterone,0.23478567,InputSig,NA,NA,LINCSCP_6382,A549,10uM,24h,lung,Estrogen receptor agonist|FXR antagonist|Progesterone receptor agonist,NR1H4,WDXRGPWQVHZTQJ-OSJVMJFVSA-N,"InChI=1S/C21H28O2/c1-4-16-19(23)12-18-15-6-5-13-11-14(22)7-9-20(13,2)17(15)8-10-21(16,18)3/h4,11,15,17-18H,5-10,12H2,1-3H3/b16-4+/t15-,17+,18+,20+,21-/m1/s1",17678,C\C=C\1/C(=O)C[C@H]2[C@@H]3CCC4=CC(=O)CC[C@]4(C)[C@H]3CC[C@]12C,NA
Input,AC1O8PXK,0.23476877,InputSig,NA,NA,LINCSCP_191902,A549,10uM,6h,lung,Antioxidant,NA,SGEWCQFRYRRZDC-YWFAZRBLSA-N,"InChI=1S/C21H20O10/c22-7-14-17(27)18(28)19(29)21(31-14)16-11(25)5-10(24)15-12(26)6-13(30-20(15)16)8-1-3-9(23)4-2-8/h1-6,14,17-19,21-25,27-29H,7H2/t14-,17-,18+,19-,21?/m1/s1",15240,OC[C@H]1OC([C@H](O)[C@@H](O)[C@@H]1O)c2c(O)cc(O)c3C(=O)C=C(Oc23)c4ccc(O)cc4,NA
Input,92394-00-8,0.2347587,InputSig,NA,NA,LINCSCP_57646,VCAP,10uM,6h,prostate,NA,NA,AFVUJJNEILZYJQ-UHFFFAOYSA-N,"InChI=1S/C12H17N3O/c1-10(16)14-6-8-15(9-7-14)12-4-2-11(13)3-5-12/h2-5H,6-9,13H2,1H3",34028,CC(=O)N1CCN(CC1)c2ccc(N)cc2,NA
Input,Gemcitabine,0.23473764,InputSig,NA,NA,LINCSCP_49782,PC3,3uM,6h,prostate,Ribonucleotide reductase inhibitor,POLA1|POLD1|POLE|RRM1|RRM2|RRM2B,SDUQYLNIPVEERB-QPPQHZFASA-N,"InChI=1S/C9H11F2N3O4/c10-9(11)6(16)4(3-15)18-7(9)14-2-1-5(12)13-8(14)17/h1-2,4,6-7,15-16H,3H2,(H2,12,13,17)/t4-,6-,7-/m1/s1",36427,NC1=NC(=O)N(C=C1)[C@@H]2O[C@H](CO)[C@@H](O)C2(F)F,4
Input,Rimantadine,0.2347163,InputSig,NA,NA,LINCSCP_143326,MCF7,0.04uM,24h,breast,Antiviral|RNA synthesis inhibitor,NA,UBCHPRBFMUDMNC-WBLSUYMSSA-N,"InChI=1S/C12H21N/c1-8(13)12-5-9-2-10(6-12)4-11(3-9)7-12/h8-11H,2-7,13H2,1H3/t8?,9-,10-,11-,12-",23435,CC(N)[C@@]12C[C@@H]3C[C@@H](C[C@H](C3)C1)C2,NA
Input,Rimantadine,0.2347163,InputSig,NA,NA,LINCSCP_143326,MCF7,0.04uM,24h,breast,Antiviral|RNA synthesis inhibitor,NA,UBCHPRBFMUDMNC-UHFFFAOYSA-N,"InChI=1S/C12H21N/c1-8(13)12-5-9-2-10(6-12)4-11(3-9)7-12/h8-11H,2-7,13H2,1H3",36377,CC(N)C12CC3CC(CC(C3)C1)C2,4
Input,CHEMBL34095,0.23466341,InputSig,NA,NA,LINCSCP_23462,HEPG2,10uM,24h,liver,NA,NA,KKZGFVAZUKHFAC-MRXNPFEDSA-N,"InChI=1S/C19H20BrNO2/c1-2-9-21-10-8-14-15(11-17(22)19(23)18(14)20)16(12-21)13-6-4-3-5-7-13/h2-7,11,16,22-23H,1,8-10,12H2/t16-/m1/s1",35902,Oc1cc2[C@H](CN(CC=C)CCc2c(Br)c1O)c3ccccc3,NA
Input,BRD-K57758244,0.23455812,InputSig,NA,NA,LINCSCP_60117,VCAP,5uM,6h,prostate,NA,NA,HDWGWTYDTDHGLT-UNVFRBQDSA-N,"InChI=1S/C28H38N2O7S/c1-19-16-30(20(2)18-31)38(33,34)27-9-8-23(22-6-5-7-24(14-22)35-4)15-25(27)37-26(19)17-29(3)28(32)21-10-12-36-13-11-21/h5-9,14-15,19-21,26,31H,10-13,16-18H2,1-4H3/t19-,20+,26-/m0/s1",1953,COc1cccc(c1)c2ccc3c(O[C@@H](CN(C)C(=O)C4CCOCC4)[C@@H](C)CN([C@H](C)CO)S3(=O)=O)c2,NA
Input,"L-755,507",0.23455523,InputSig,NA,NA,LINCSCP_56523,VCAP,10uM,6h,prostate,Adrenergic receptor agonist,ADRB3,NYYJKMXNVNFOFQ-UHFFFAOYSA-N,"InChI=1S/C30H40N4O6S/c1-2-3-4-5-19-32-30(37)33-24-10-16-29(17-11-24)41(38,39)34-25-8-6-23(7-9-25)18-20-31-21-27(36)22-40-28-14-12-26(35)13-15-28/h6-17,27,31,34-36H,2-5,18-22H2,1H3,(H2,32,33,37)",478,CCCCCCNC(=O)Nc1ccc(cc1)S(=O)(=O)Nc2ccc(CCNCC(O)COc3ccc(O)cc3)cc2,NA
Input,CHEMBL2204241,0.23454846,InputSig,NA,NA,LINCSCP_41990,NOMO1,0.1uM,24h,haematopoietic and lymphoid tissue,Serine/threonine kinase inhibitor,NA,DWCAZANCTMQOOT-UHFFFAOYSA-N,"InChI=1S/C19H12FN3O2S/c20-11-7-8-12(15(10-11)23-18(24)16-6-3-9-26-16)17-19(25)22-14-5-2-1-4-13(14)21-17/h1-10H,(H,22,25)(H,23,24)",19306,Fc1ccc(C2=Nc3ccccc3NC2=O)c(NC(=O)c4cccs4)c1,NA
Input,4-Hydroxy-retinoic acid,0.234532,InputSig,NA,NA,LINCSCP_13297,FIBRNPC,10uM,6h,NA,Retinoid receptor binder,NA,KGUMXGDKXYTTEY-FRCNGJHJSA-N,"InChI=1S/C20H28O3/c1-14(7-6-8-15(2)13-19(22)23)9-10-17-16(3)18(21)11-12-20(17,4)5/h6-10,13,18,21H,11-12H2,1-5H3,(H,22,23)/b8-6+,10-9+,14-7+,15-13+",17673,C\C(=C/C=C/C(=C/C(=O)O)/C)\C=C\C1=C(C)C(O)CCC1(C)C,NA
Input,Pomalidomide,0.23438044,InputSig,NA,NA,LINCSCP_137836,MCF7,0.12uM,24h,breast,CRL4(CRBN) E3 ubiquitin ligase inhibitor,CRBN|CUL4A|DDB1|RBX1,UVSMNLNDYGZFPF-UHFFFAOYSA-N,"InChI=1S/C13H11N3O4/c14-7-3-1-2-6-10(7)13(20)16(12(6)19)8-4-5-9(17)15-11(8)18/h1-3,8H,4-5,14H2,(H,15,17,18)",26837,Nc1cccc2C(=O)N(C3CCC(=O)NC3=O)C(=O)c12,4
Input,CHEMBL2136735,0.23431499,InputSig,NA,NA,LINCSCP_131635,MCF10A,3.33uM,3h,breast epithelial,FGFR inhibitor|PDGFR tyrosine kinase receptor inhibitor|VEGFR inhibitor,FGFR1|FGFR3|FLT1|FLT4|KDR|PDGFRA|PDGFRB,XZXHXSATPCNXJR-UHFFFAOYSA-N,"InChI=1S/C31H33N5O4/c1-34-15-17-36(18-16-34)20-27(37)35(2)24-12-10-23(11-13-24)32-29(21-7-5-4-6-8-21)28-25-14-9-22(31(39)40-3)19-26(25)33-30(28)38/h4-14,19,32H,15-18,20H2,1-3H3,(H,33,38)",14184,COC(=O)c1ccc2c(\C(=N\c3ccc(cc3)N(C)C(=O)CN4CCN(C)CC4)\c5ccccc5)c(O)[nH]c2c1,NA
Input,BRD-K21305994,0.23427969,InputSig,NA,NA,LINCSCP_299362,VCAP,5uM,24h,prostate,NA,NA,LINNEEFEDHMFDS-PJSUUKDQSA-N,"InChI=1S/C22H32N4O6S/c1-13-10-23-14(2)12-31-19-8-7-17(9-18(19)22(27)26(5)11-20(13)30-6)25-33(28,29)21-15(3)24-32-16(21)4/h7-9,13-14,20,23,25H,10-12H2,1-6H3/t13-,14-,20+/m0/s1",2375,CO[C@@H]1CN(C)C(=O)c2cc(NS(=O)(=O)c3c(C)onc3C)ccc2OC[C@H](C)NC[C@@H]1C,NA
Input,Guanadrel,0.23423605,InputSig,NA,NA,LINCSCP_137946,MCF7,10uM,24h,breast,Norepinephrine transporter substrate,SLC6A2,HPBNRIOWIXYZFK-UHFFFAOYSA-N,"InChI=1S/C10H19N3O2/c11-9(12)13-6-8-7-14-10(15-8)4-2-1-3-5-10/h8H,1-7H2,(H4,11,12,13)",40041,NC(=N)NCC1COC2(CCCCC2)O1,4
Input,Benoxinate,0.23422406,InputSig,NA,NA,LINCSCP_33458,MCF7,10uM,6h,breast,Local anesthetic,SCN10A|SCN11A|SCN1A|SCN2A|SCN3A|SCN4A|SCN5A|SCN7A|SCN8A|SCN9A,CMHHMUWAYWTMGS-UHFFFAOYSA-N,"InChI=1S/C17H28N2O3/c1-4-7-11-21-16-13-14(8-9-15(16)18)17(20)22-12-10-19(5-2)6-3/h8-9,13H,4-7,10-12,18H2,1-3H3",17834,CCCCOc1cc(ccc1N)C(=O)OCCN(CC)CC,4
Input,"N-{3-[(4-methoxyphenyl)amino]-1,4-dioxo-1,4-dihydronaphthalen-2-yl}acetamide",0.23422074,InputSig,NA,NA,LINCSCP_222137,HL60,1uM,24h,haematopoietic and lymphoid tissue,NA,NA,DTQUQPAEYFZXBX-UHFFFAOYSA-N,"InChI=1S/C19H16N2O4/c1-11(22)20-16-17(21-12-7-9-13(25-2)10-8-12)19(24)15-6-4-3-5-14(15)18(16)23/h3-10,21H,1-2H3,(H,20,22)",26553,COc1ccc(NC2=C(NC(=O)C)C(=O)c3ccccc3C2=O)cc1,NA
Input,BRD-K74507776,0.23418401,InputSig,NA,NA,LINCSCP_8059,A549,10uM,6h,lung,NA,NA,XJDNFUDAKLJUOC-XLXCLFHOSA-N,"InChI=1S/C34H52N4O7S/c1-25-22-38(26(2)24-39)34(41)30-21-28(35-33(40)16-12-19-36(4)5)17-18-31(30)45-27(3)13-10-11-20-44-32(25)23-37(6)46(42,43)29-14-8-7-9-15-29/h7-9,14-15,17-18,21,25-27,32,39H,10-13,16,19-20,22-24H2,1-6H3,(H,35,40)/t25-,26-,27-,32+/m1/s1",33579,C[C@H](CO)N1C[C@@H](C)[C@H](CN(C)S(=O)(=O)c2ccccc2)OCCCC[C@@H](C)Oc3ccc(NC(=O)CCCN(C)C)cc3C1=O,NA
Input,Infigratinib,0.23415984,InputSig,NA,NA,LINCSCP_88611,HA1E,0.12uM,24h,kidney epithelial,FGFR inhibitor,FGFR1|FGFR2|FGFR3|FGFR4,QADPYRIHXKWUSV-UHFFFAOYSA-N,"InChI=1S/C26H31Cl2N7O3/c1-5-34-10-12-35(13-11-34)18-8-6-17(7-9-18)31-21-15-22(30-16-29-21)33(2)26(36)32-25-23(27)19(37-3)14-20(38-4)24(25)28/h6-9,14-16H,5,10-13H2,1-4H3,(H,32,36)(H,29,30,31)",17605,CCN1CCN(CC1)c2ccc(Nc3cc(ncn3)N(C)C(=O)Nc4c(Cl)c(OC)cc(OC)c4Cl)cc2,2
Input,UNC0638,0.23412383,InputSig,NA,NA,LINCSCP_146952,NEU,3.33uM,24h,NA,NA,NA,QOECJCJVIMVJGX-UHFFFAOYSA-N,"InChI=1S/C30H47N5O2/c1-22(2)35-17-12-24(13-18-35)31-30-25-20-27(36-3)28(37-19-9-16-34-14-7-8-15-34)21-26(25)32-29(33-30)23-10-5-4-6-11-23/h20-24H,4-19H2,1-3H3,(H,31,32,33)",34335,COc1cc2c(NC3CCN(CC3)C(C)C)nc(nc2cc1OCCCN4CCCC4)C5CCCCC5,NA
Input,BAS 00631343,0.23395395,InputSig,NA,NA,LINCSCP_45051,PC3,10uM,24h,prostate,NA,NA,JPCYSKNELCOPKJ-UHFFFAOYSA-N,"InChI=1S/C23H19N3O/c27-22(19-12-10-18(11-13-19)17-6-2-1-3-7-17)16-26-21-9-5-4-8-20(21)25-15-14-24-23(25)26/h1-13H,14-16H2",25741,O=C(CN1C2=NCCN2c3ccccc13)c4ccc(cc4)c5ccccc5,NA
Input,Orthothymotinic acid,0.23380749,InputSig,NA,NA,LINCSCP_56081,VCAP,10uM,24h,prostate,NA,NA,FNWNGQGTFICQJU-UHFFFAOYSA-N,"InChI=1S/C11H14O3/c1-6(2)8-5-4-7(3)9(10(8)12)11(13)14/h4-6,12H,1-3H3,(H,13,14)",36179,CC(C)c1ccc(C)c(C(=O)O)c1O,NA
Input,BRD-K60056908,0.23375285,InputSig,NA,NA,LINCSCP_60216,VCAP,5uM,24h,prostate,NA,NA,KFBFJFZZVCOITQ-FRQCXROJSA-N,"InChI=1S/C23H33N3O6/c1-15-11-26(16(2)13-27)22(29)18-9-17(7-8-23(3,4)30)10-24-21(18)32-19(15)12-25(5)20(28)14-31-6/h9-10,15-16,19,27,30H,11-14H2,1-6H3/t15-,16+,19+/m0/s1",670,COCC(=O)N(C)C[C@H]1Oc2ncc(cc2C(=O)N(C[C@@H]1C)[C@H](C)CO)C#CC(C)(C)O,NA
Input,BRD-K54343811,0.23371958,InputSig,NA,NA,LINCSCP_250226,MCF7,0.5uM,24h,breast,NA,NA,ZYUBNWLGBLXRHV-UHFFFAOYSA-N,"InChI=1S/C18H18N2O3/c1-12-9-14-7-8-20(17(14)10-16(12)18(21)19-22)11-13-3-5-15(23-2)6-4-13/h3-10,22H,11H2,1-2H3,(H,19,21)",34094,COc1ccc(Cn2ccc3cc(C)c(cc23)C(=O)NO)cc1,NA
Input,BRD-K16980601,0.23358237,InputSig,NA,NA,LINCSCP_63209,VCAP,5uM,24h,prostate,NA,NA,CEZHWMAQWNYMAY-GEWUYGHSSA-N,"InChI=1S/C30H36FN3O5/c1-34-25-13-12-22(16-28(35)32-17-20-9-5-6-10-24(20)31)39-27(25)18-38-26-14-11-21(15-23(26)30(34)37)33-29(36)19-7-3-2-4-8-19/h5-6,9-11,14-15,19,22,25,27H,2-4,7-8,12-13,16-18H2,1H3,(H,32,35)(H,33,36)/t22-,25+,27+/m0/s1",2092,CN1[C@@H]2CC[C@@H](CC(=O)NCc3ccccc3F)O[C@@H]2COc4ccc(NC(=O)C5CCCCC5)cc4C1=O,NA
Input,Sildenafil,0.23353753,InputSig,NA,NA,LINCSCP_56457,VCAP,10uM,24h,prostate,Phosphodiesterase inhibitor,PDE5A,BNRNXUUZRGQAQC-UHFFFAOYSA-N,"InChI=1S/C22H30N6O4S/c1-5-7-17-19-20(27(4)25-17)22(29)24-21(23-19)16-14-15(8-9-18(16)32-6-2)33(30,31)28-12-10-26(3)11-13-28/h8-9,14H,5-7,10-13H2,1-4H3,(H,23,24,29)",15956,CCCc1nn(C)c2c(O)nc(nc12)c3cc(ccc3OCC)S(=O)(=O)N4CCN(C)CC4,4
Input,SCHEMBL3954849,0.23347191,InputSig,NA,NA,LINCSCP_81032,A549,0.12uM,24h,lung,Protein kinase inhibitor,NA,INAFQGYNNQIERK-UHFFFAOYSA-N,"InChI=1S/C23H24N6O3S/c1-14(2)33(31,32)19-7-5-4-6-17(19)27-18-12-21(29-22-16(18)10-11-25-22)28-20-9-8-15(13-26-20)23(30)24-3/h4-14H,1-3H3,(H,24,30)(H3,25,26,27,28,29)",23357,CNC(=O)c1ccc(Nc2cc(Nc3ccccc3S(=O)(=O)C(C)C)c4cc[nH]c4n2)nc1,NA
Input,BRD-K73360774,0.23343342,InputSig,NA,NA,LINCSCP_60320,VCAP,5uM,6h,prostate,NA,NA,RIEPFGYATXCXRE-BUEREQSYSA-N,"InChI=1S/C29H34FN3O5S/c1-19-7-5-6-8-25(19)22-9-14-28-26(15-22)38-27(20(2)16-33(21(3)18-34)39(28,36)37)17-32(4)29(35)31-24-12-10-23(30)11-13-24/h5-15,20-21,27,34H,16-18H2,1-4H3,(H,31,35)/t20-,21+,27+/m1/s1",869,C[C@@H](CO)N1C[C@@H](C)[C@H](CN(C)C(=O)Nc2ccc(F)cc2)Oc3cc(ccc3S1(=O)=O)c4ccccc4C,NA
Input,BRD-K56945633,0.23340843,InputSig,NA,NA,LINCSCP_60211,VCAP,5uM,24h,prostate,NA,NA,KAJKYFHMOFZFFV-CEYNDMKZSA-N,"InChI=1S/C27H33FN2O5S/c1-18-15-30(19(2)17-31)36(33,34)26-13-10-22(20-6-4-5-7-20)14-24(26)35-25(18)16-29(3)27(32)21-8-11-23(28)12-9-21/h6,8-14,18-19,25,31H,4-5,7,15-17H2,1-3H3/t18-,19+,25-/m0/s1",23638,C[C@H](CO)N1C[C@H](C)[C@H](CN(C)C(=O)c2ccc(F)cc2)Oc3cc(ccc3S1(=O)=O)C4=CCCC4,NA
Input,SB-431542,0.23339729,InputSig,NA,NA,LINCSCP_52772,SKB,10uM,24h,NA,TGF beta receptor inhibitor,ACVR1C|TGFBR1,FHYUGAJXYORMHI-UHFFFAOYSA-N,"InChI=1S/C22H16N4O3/c23-21(27)13-4-6-14(7-5-13)22-25-19(20(26-22)16-3-1-2-10-24-16)15-8-9-17-18(11-15)29-12-28-17/h1-11H,12H2,(H2,23,27)(H,25,26)",15848,NC(=O)c1ccc(cc1)c2nc(c3ccc4OCOc4c3)c([nH]2)c5ccccn5,NA
Input,BRD-K89627562,0.2333191,InputSig,NA,NA,LINCSCP_303425,VCAP,5uM,6h,prostate,NA,NA,ZGEAGHWTKPKCOK-HNJJPSDCSA-N,"InChI=1S/C25H28N2O8/c1-31-12-24(30)27-15-3-5-19-17(7-15)18-8-16(34-22(11-28)25(18)35-19)9-23(29)26-10-14-2-4-20-21(6-14)33-13-32-20/h2-7,16,18,22,25,28H,8-13H2,1H3,(H,26,29)(H,27,30)/t16-,18-,22+,25+/m0/s1",25187,COCC(=O)Nc1ccc2O[C@H]3[C@@H](CO)O[C@H](CC(=O)NCc4ccc5OCOc5c4)C[C@H]3c2c1,NA
Input,Siramesine (hydrochloride),0.23330251,InputSig,NA,NA,LINCSCP_103434,HELA,10uM,24h,large intestine,NA,NA,XWAONOGAGZNUSF-UHFFFAOYSA-N,"InChI=1S/C30H31FN2O/c31-25-12-14-26(15-13-25)33-21-23(27-9-2-4-11-29(27)33)7-5-6-18-32-19-16-30(17-20-32)28-10-3-1-8-24(28)22-34-30/h1-4,8-15,21H,5-7,16-20,22H2",26905,Fc1ccc(cc1)n2cc(CCCCN3CCC4(CC3)OCc5ccccc45)c6ccccc26,NA
Input,"Methyl-6,7-dimethoxy-4-ethyl-beta-carboline-3-carboxylate",0.23301447,InputSig,NA,NA,LINCSCP_14549,HA1E,10uM,6h,kidney epithelial,GABA benzodiazepine site receptor inverse agonist,NA,GADIKQPUNWAMEB-UHFFFAOYSA-N,"InChI=1S/C17H18N2O4/c1-5-9-15-10-6-13(21-2)14(22-3)7-11(10)19-12(15)8-18-16(9)17(20)23-4/h6-8,19H,5H2,1-4H3",24951,CCc1c(ncc2[nH]c3cc(OC)c(OC)cc3c12)C(=O)OC,NA
Input,Dexketoprofen,0.2329787,InputSig,NA,NA,LINCSCP_22548,HEPG2,10uM,6h,liver,Cyclooxygenase inhibitor,PTGS1|PTGS2,DKYWVDODHFEZIM-NSHDSACASA-N,"InChI=1S/C16H14O3/c1-11(16(18)19)13-8-5-9-14(10-13)15(17)12-6-3-2-4-7-12/h2-11H,1H3,(H,18,19)/t11-/m0/s1",27994,C[C@H](C(=O)O)c1cccc(c1)C(=O)c2ccccc2,4
Input,Sericetin,0.2328944,InputSig,NA,NA,LINCSCP_55623,VCAP,10uM,24h,prostate,NA,NA,BPGVKIFGOXGHPB-UHFFFAOYSA-N,"InChI=1S/C25H24O5/c1-14(2)10-11-17-23-16(12-13-25(3,4)30-23)19(26)18-20(27)21(28)22(29-24(17)18)15-8-6-5-7-9-15/h5-10,12-13,26,28H,11H2,1-4H3",38157,CC(=CCc1c2OC(=C(O)C(=O)c2c(O)c3C=CC(C)(C)Oc13)c4ccccc4)C,NA
Input,Resmethrin,0.23288846,InputSig,NA,NA,LINCSCP_460,A375,10uM,6h,skin,Cytochrome P450 inhibitor,NA,VEMKTZHHVJILDY-UHFFFAOYSA-N,"InChI=1S/C22H26O3/c1-15(2)10-19-20(22(19,3)4)21(23)25-14-17-12-18(24-13-17)11-16-8-6-5-7-9-16/h5-10,12-13,19-20H,11,14H2,1-4H3",15329,CC(=CC1C(C(=O)OCc2coc(Cc3ccccc3)c2)C1(C)C)C,NA
Input,BRD-K66975912,0.23278782,InputSig,NA,NA,LINCSCP_60409,VCAP,5uM,24h,prostate,NA,NA,DPWYORMJDFEMPA-XMERXJNXSA-N,"InChI=1S/C29H35N3O5/c1-19-16-32(20(2)18-33)29(35)25-13-23(8-5-21-9-11-24(36-4)12-10-21)15-30-28(25)37-26(19)17-31(3)27(34)14-22-6-7-22/h9-13,15,19-20,22,26,33H,6-7,14,16-18H2,1-4H3/t19-,20-,26-/m1/s1",7790,COc1ccc(cc1)C#Cc2cnc3O[C@H](CN(C)C(=O)CC4CC4)[C@H](C)CN([C@H](C)CO)C(=O)c3c2,NA
Input,Tesmilifene,0.23272565,InputSig,NA,NA,LINCSCP_33245,MCF7,10uM,6h,breast,Histamine receptor antagonist,NA,NFIXBCVWIPOYCD-UHFFFAOYSA-N,"InChI=1S/C19H25NO/c1-3-20(4-2)14-15-21-19-12-10-18(11-13-19)16-17-8-6-5-7-9-17/h5-13H,3-4,14-16H2,1-2H3",15960,CCN(CC)CCOc1ccc(Cc2ccccc2)cc1,2
Input,Gibberellin A3,0.23268517,InputSig,NA,NA,LINCSCP_18140,HCC515,10uM,6h,lung,NFkB pathway inhibitor,NA,IXORZMNAPKEEDV-OBDJNFEBSA-N,"InChI=1S/C19H22O6/c1-9-7-17-8-18(9,24)5-3-10(17)19-6-4-11(20)16(2,15(23)25-19)13(19)12(17)14(21)22/h4,6,10-13,20,24H,1,3,5,7-8H2,2H3,(H,21,22)/t10-,11+,12-,13-,16-,17+,18+,19-/m1/s1",36150,C[C@]12[C@@H](O)C=C[C@@]3(OC1=O)[C@@H]4CC[C@]5(O)C[C@]4(CC5=C)[C@H]([C@H]23)C(=O)O,NA
Input,BRD-K05273600,0.23261525,InputSig,NA,NA,LINCSCP_63052,VCAP,5uM,24h,prostate,NA,NA,FLQYRXYGAVUNDA-FUPPJEDESA-N,"InChI=1S/C23H21N3O2/c24-14-20-23(18-10-8-17(9-11-18)7-6-16-4-5-16)21(15-27)26(20)22(28)13-19-3-1-2-12-25-19/h1-3,8-12,16,20-21,23,27H,4-5,13,15H2/t20-,21+,23-/m1/s1",1305,OC[C@H]1[C@@H]([C@@H](C#N)N1C(=O)Cc2ccccn2)c3ccc(cc3)C#CC4CC4,NA
Input,Tripelennamine,0.23252559,InputSig,NA,NA,LINCSCP_226715,HT29,10uM,6h,large intestine,Histamine receptor antagonist,HRH1,UFLGIAIHIAPJJC-UHFFFAOYSA-N,"InChI=1S/C16H21N3/c1-18(2)12-13-19(16-10-6-7-11-17-16)14-15-8-4-3-5-9-15/h3-11H,12-14H2,1-2H3",15758,CN(C)CCN(Cc1ccccc1)c2ccccn2,4
Input,BRD-K67798781,0.23241296,InputSig,NA,NA,LINCSCP_62805,VCAP,5uM,24h,prostate,NA,NA,IVUAVXPBXQRVFC-IEGUWTFLSA-N,"InChI=1S/C23H32ClFN2O4S/c1-17(13-27(18(2)16-28)14-19-7-5-6-8-22(19)24)23(31-4)15-26(3)32(29,30)21-11-9-20(25)10-12-21/h5-12,17-18,23,28H,13-16H2,1-4H3/t17-,18+,23-/m1/s1",24984,CO[C@H](CN(C)S(=O)(=O)c1ccc(F)cc1)[C@H](C)CN(Cc2ccccc2Cl)[C@@H](C)CO,NA
Input,GSK-J2,0.23238928,InputSig,NA,NA,LINCSCP_133947,MCF7,0.12uM,24h,breast,NA,NA,LJIFOCRGDDQFJF-UHFFFAOYSA-N,"InChI=1S/C22H23N5O2/c28-21(29)7-11-24-19-14-20(26-22(25-19)18-6-3-10-23-15-18)27-12-8-16-4-1-2-5-17(16)9-13-27/h1-6,10,14-15H,7-9,11-13H2,(H,28,29)(H,24,25,26)",35181,OC(=O)CCNc1cc(nc(n1)c2cccnc2)N3CCc4ccccc4CC3,NA
Input,MLS000562366,0.23232349,InputSig,NA,NA,LINCSCP_33965,MCF7,10uM,6h,breast,NA,NA,KCONBCAFNVTJDZ-UHFFFAOYSA-N,"InChI=1S/C21H20BrNO2/c1-11-6-12(2)20-13-4-3-5-14(13)21(23-17(20)7-11)15-8-18-19(9-16(15)22)25-10-24-18/h3-4,6-9,13-14,21,23H,5,10H2,1-2H3",38634,Cc1cc(C)c2C3C=CCC3C(Nc2c1)c4cc5OCOc5cc4Br,NA
Input,FPL64176,0.23221827,InputSig,NA,NA,LINCSCP_207875,H1299,10uM,6h,lung,Calcium channel activator,CACNA1C,MDMWHKZANMNXTF-UHFFFAOYSA-N,"InChI=1S/C22H21NO3/c1-14-19(20(15(2)23-14)22(25)26-3)21(24)18-12-8-7-11-17(18)13-16-9-5-4-6-10-16/h4-12,23H,13H2,1-3H3",15944,COC(=O)c1c(C)[nH]c(C)c1C(=O)c2ccccc2Cc3ccccc3,NA
Input,Zolpidem,0.23208556,InputSig,NA,NA,LINCSCP_124400,HT29,0.37uM,24h,large intestine,Benzodiazepine receptor agonist,GABRA1|GABRA2|GABRA3|GABRB1|GABRG2,ZAFYATHCZYHLPB-UHFFFAOYSA-N,"InChI=1S/C19H21N3O/c1-13-5-8-15(9-6-13)19-16(11-18(23)21(3)4)22-12-14(2)7-10-17(22)20-19/h5-10,12H,11H2,1-4H3",16343,CN(C)C(=O)Cc1c(nc2ccc(C)cn12)c3ccc(C)cc3,4
Input,Immepip,0.2320681,InputSig,NA,NA,LINCSCP_290079,VCAP,10uM,24h,prostate,Histamine receptor agonist,HRH3,MCNGUYXRBCIGOV-UHFFFAOYSA-N,"InChI=1S/C9H15N3/c1-3-10-4-2-8(1)5-9-6-11-7-12-9/h6-8,10H,1-5H2,(H,11,12)",3158,C(C1CCNCC1)c2c[nH]cn2,NA
Input,Crizotinib,0.23206163,InputSig,NA,NA,LINCSCP_49977,PHH,10uM,24h,NA,ALK tyrosine kinase receptor inhibitor,ALK|MET,KTEIFNKAUNYNJU-GFCCVEGCSA-N,"InChI=1S/C21H22Cl2FN5O/c1-12(19-16(22)2-3-17(24)20(19)23)30-18-8-13(9-27-21(18)25)14-10-28-29(11-14)15-4-6-26-7-5-15/h2-3,8-12,15,26H,4-7H2,1H3,(H2,25,27)/t12-/m1/s1",16653,C[C@@H](Oc1cc(cnc1N)c2cnn(c2)C3CCNCC3)c4c(Cl)ccc(F)c4Cl,4
Input,BRD-K18170480,0.23198902,InputSig,NA,NA,LINCSCP_37879,MCF7,1uM,24h,breast,NA,NA,DHTRKFATNYGVIW-QXFFIUSXSA-N,"InChI=1S/C33H48FN5O6/c1-21(2)35-33(43)38(6)19-30-22(3)18-39(23(4)20-40)31(41)28-17-27(37-32(42)36-26-12-10-25(34)11-13-26)14-15-29(28)45-24(5)9-7-8-16-44-30/h10-15,17,21-24,30,40H,7-9,16,18-20H2,1-6H3,(H,35,43)(H2,36,37,42)/t22-,23+,24+,30+/m0/s1",32138,CC(C)NC(=O)N(C)C[C@H]1OCCCC[C@@H](C)Oc2ccc(NC(=O)Nc3ccc(F)cc3)cc2C(=O)N(C[C@@H]1C)[C@H](C)CO,NA
Input,Ritanserin,0.23193699,InputSig,NA,NA,LINCSCP_6865,A549,10uM,24h,lung,Serotonin receptor antagonist,HTR2A|HTR2B|HTR2C,JUQLTPCYUFPYKE-UHFFFAOYSA-N,"InChI=1S/C27H25F2N3OS/c1-18-24(26(33)32-16-17-34-27(32)30-18)12-15-31-13-10-21(11-14-31)25(19-2-6-22(28)7-3-19)20-4-8-23(29)9-5-20/h2-9,16-17H,10-15H2,1H3",35746,CC1=C(CCN2CCC(=C(c3ccc(F)cc3)c4ccc(F)cc4)CC2)C(=O)N5C=CSC5=N1,2
Input,Cucurbitacin-I,0.23175301,InputSig,NA,NA,LINCSCP_43702,OV7,10uM,6h,ovary,JAK inhibitor|Lipocortin synthesis stimulant|STAT inhibitor,JAK2|STAT3,NZZOMHODWAPPJH-YOLQPZLMSA-N,"InChI=1S/C30H42O7/c1-25(2,36)12-11-21(33)30(8,37)23-19(32)14-27(5)20-10-9-16-17(13-18(31)24(35)26(16,3)4)29(20,7)22(34)15-28(23,27)6/h9,11-12,17,19-20,23,32,36-37H,10,13-15H2,1-8H3/b12-11+/t17?,19-,20?,23?,27+,28-,29+,30+/m1/s1",25761,CC(C)(O)\C=C\C(=O)[C@](C)(O)C1[C@H](O)C[C@@]2(C)C3CC=C4C(CC(=O)C(=O)C4(C)C)[C@]3(C)C(=O)C[C@]12C,NA
Input,SCHEMBL17515404,0.23174719,InputSig,NA,NA,LINCSCP_233453,HT29,10uM,6h,large intestine,NA,NA,UKYKBTOPFTVQNT-IZRJIQLISA-N,"InChI=1S/C26H30ClN3O3/c1-30-18-23(20-8-4-2-5-9-20)29-24(31)11-7-3-6-10-21(26(30)33)16-25(32)28-17-19-12-14-22(27)15-13-19/h2-6,8-9,12-15,21,23H,7,10-11,16-18H2,1H3,(H,28,32)(H,29,31)/b6-3+/t21-,23-/m0/s1",25901,CN1C[C@H](NC(=O)CC\C=C\C[C@@H](CC(=O)NCc2ccc(Cl)cc2)C1=O)c3ccccc3,NA
Input,BS-181,0.23173311,InputSig,NA,NA,LINCSCP_146658,NEU,0.37uM,24h,NA,NA,NA,DNYBIOICMDTDAP-UHFFFAOYSA-N,"InChI=1S/C22H32N6/c1-17(2)19-16-26-28-21(25-15-18-10-6-5-7-11-18)14-20(27-22(19)28)24-13-9-4-3-8-12-23/h5-7,10-11,14,16-17,25H,3-4,8-9,12-13,15,23H2,1-2H3,(H,24,27)",14197,CC(C)c1cnn2c(NCc3ccccc3)cc(NCCCCCCN)nc12,NA
Input,"2-(3,4-Dichlorophenyl)-2,3-dihydro-1,3-benzoxazole",0.23161367,InputSig,NA,NA,LINCSCP_28698,HUH7,10uM,24h,liver,NA,NA,FWCQRNOPBQJMHI-UHFFFAOYSA-N,"InChI=1S/C13H9Cl2NO/c14-9-6-5-8(7-10(9)15)13-16-11-3-1-2-4-12(11)17-13/h1-7,13,16H",31572,Clc1ccc(cc1Cl)C2Nc3ccccc3O2,NA
Input,EFLORNITHINE HYDROCHLORIDE,0.23161269,InputSig,NA,NA,LINCSCP_111088,HELA,0.37uM,24h,large intestine,Ornithine decarboxylase inhibitor,ODC1,VLCYCQAOQCDTCN-UHFFFAOYSA-N,"InChI=1S/C6H12F2N2O2/c7-4(8)6(10,5(11)12)2-1-3-9/h4H,1-3,9-10H2,(H,11,12)",26624,NCCCC(N)(C(F)F)C(=O)O,4
Input,Pimavanserin,0.23150174,InputSig,NA,NA,LINCSCP_141351,MCF7,0.12uM,24h,breast,Serotonin 2a (5-HT2a) receptor inverse agonist (Serotonin 2a,HTR2A,RKEWSXXUOLRFBX-UHFFFAOYSA-N,"InChI=1S/C25H34FN3O2/c1-19(2)18-31-24-10-6-20(7-11-24)16-27-25(30)29(23-12-14-28(3)15-13-23)17-21-4-8-22(26)9-5-21/h4-11,19,23H,12-18H2,1-3H3,(H,27,30)",27160,CC(C)COc1ccc(CNC(=O)N(Cc2ccc(F)cc2)C3CCN(C)CC3)cc1,4
Input,MLS003129347,0.23143032,InputSig,NA,NA,LINCSCP_60512,VCAP,5uM,24h,prostate,NA,NA,LMWGPKORGYIWNW-XLGIIRLISA-N,"InChI=1S/C28H44N8O4/c1-21-17-35(22(2)19-37)27(38)6-5-11-36-25(16-29-31-36)20-40-26(21)18-33(4)28(39)30-23-7-9-24(10-8-23)34-14-12-32(3)13-15-34/h7-10,16,21-22,26,37H,5-6,11-15,17-20H2,1-4H3,(H,30,39)/t21-,22-,26-/m1/s1",16683,C[C@H](CO)N1C[C@@H](C)[C@@H](CN(C)C(=O)Nc2ccc(cc2)N3CCN(C)CC3)OCc4cnnn4CCCC1=O,NA
Input,SMR000162699,0.23136875,InputSig,NA,NA,LINCSCP_9720,A549,0.01uM,24h,lung,NA,NA,DWDWEGGEKMILES-UHFFFAOYSA-N,"InChI=1S/C20H14N4O/c1-13-7-9-15(10-8-13)24-19(23)16(11-21)18(17(12-22)20(24)25)14-5-3-2-4-6-14/h2-10H,23H2,1H3",35826,Cc1ccc(cc1)N2C(=C(C#N)C(=C(C#N)C2=O)c3ccccc3)N,NA
Input,H89,0.23118126,InputSig,NA,NA,LINCSCP_289459,VCAP,10uM,6h,prostate,PKA inhibitor,PRKACA,ZKZXNDJNWUTGDK-NSCUHMNNSA-N,"InChI=1S/C20H20BrN3O2S/c21-18-8-6-16(7-9-18)3-2-11-22-13-14-24-27(25,26)20-5-1-4-17-15-23-12-10-19(17)20/h1-10,12,15,22,24H,11,13-14H2/b3-2+",22168,Brc1ccc(\C=C\CNCCNS(=O)(=O)c2cccc3cnccc23)cc1,NA
Input,NSC119236,0.23115382,InputSig,NA,NA,LINCSCP_30521,MCF7,20uM,24h,breast,NA,NA,RCDIUAFMNCXJRV-UHFFFAOYSA-N,"InChI=1S/C19H13NO4/c1-2-24-19(23)14-13-9-5-6-10-20(13)16-15(14)17(21)11-7-3-4-8-12(11)18(16)22/h3-10H,2H2,1H3",36261,CCOC(=O)c1c2C(=O)c3ccccc3C(=O)c2n4ccccc14,NA
Input,CID 67066889,0.23113039,InputSig,NA,NA,LINCSCP_216252,HCC515,10uM,6h,lung,NA,NA,BPYNYTPTTQIJNK-UHFFFAOYSA-N,"InChI=1S/C23H15FN2O4S/c24-18-9-7-15(8-10-18)22(28)29-11-3-4-12-31-23-26-25-21(30-23)19-13-16-5-1-2-6-17(16)14-20(19)27/h1-2,5-10,13-14,27H,11-12H2",36218,Oc1cc2ccccc2cc1c3oc(SCC#CCOC(=O)c4ccc(F)cc4)nn3,NA
Input,BRD-K87517219,0.23109819,InputSig,NA,NA,LINCSCP_62182,VCAP,5uM,24h,prostate,NA,NA,ABKGFAHRWOKBSI-LSTHTHJFSA-N,"InChI=1S/C22H32FN3O4/c23-17-8-4-5-9-18(17)25-22(29)26-19-11-10-16(30-20(19)14-27)12-13-24-21(28)15-6-2-1-3-7-15/h4-5,8-9,15-16,19-20,27H,1-3,6-7,10-14H2,(H,24,28)(H2,25,26,29)/t16-,19+,20-/m1/s1",25138,OC[C@H]1O[C@@H](CCNC(=O)C2CCCCC2)CC[C@@H]1NC(=O)Nc3ccccc3F,NA
Input,BMS 191011,0.23093506,InputSig,NA,NA,LINCSCP_291769,VCAP,10uM,6h,prostate,Potassium channel activator,KCNMA1,QKOWACXSXTXRKA-UHFFFAOYSA-N,"InChI=1S/C16H10ClF3N2O3/c17-12-5-6-13(23)10(7-12)8-22-15(24)25-14(21-22)9-1-3-11(4-2-9)16(18,19)20/h1-7,23H,8H2",16073,Oc1ccc(Cl)cc1CN2N=C(OC2=O)c3ccc(cc3)C(F)(F)F,NA
Input,SA-1458026,0.23089014,InputSig,NA,NA,LINCSCP_37565,MCF7,10uM,6h,breast,NA,NA,KLOUJDPVGPBPRV-MBDNFAEBSA-N,"InChI=1S/C24H28ClN3O5/c25-18-5-3-16(4-6-18)11-27-23(30)10-20-7-8-21-22(33-20)15-32-14-19(29)13-28(21)24(31)17-2-1-9-26-12-17/h1-6,9,12,19-22,29H,7-8,10-11,13-15H2,(H,27,30)/t19-,20+,21-,22+/m1/s1",13101,O[C@H]1COC[C@@H]2O[C@H](CC(=O)NCc3ccc(Cl)cc3)CC[C@H]2N(C1)C(=O)c4cccnc4,NA
Input,KUC103671,0.23088326,InputSig,NA,NA,LINCSCP_19890,HCC515,10uM,6h,lung,NA,NA,DSSXORGEYXPNQS-UHFFFAOYSA-N,InChI=1S/C13H8FNOS/c14-9-6-7-11-12(8-9)17-15(13(11)16)10-4-2-1-3-5-10/h1-8H,34266,Fc1ccc2C(=O)N(Sc2c1)c3ccccc3,NA
Input,Niclosamide,0.23068955,InputSig,NA,NA,LINCSCP_13510,H1299,10uM,6h,lung,DNA replication inhibitor|STAT inhibitor,STAT3,RJMUSRYZPJIFPJ-UHFFFAOYSA-N,"InChI=1S/C13H8Cl2N2O4/c14-7-1-4-12(18)9(5-7)13(19)16-11-3-2-8(17(20)21)6-10(11)15/h1-6,18H,(H,16,19)",15590,Oc1ccc(Cl)cc1C(=O)Nc2ccc(cc2Cl)[N+](=O)[O-],4
Input,Ponatinib,0.23066693,InputSig,NA,NA,LINCSCP_251767,MCF7,0.5uM,24h,breast,Bcr-Abl kinase inhibitor|FLT3 inhibitor|PDGFR tyrosine kinase receptor inhibitor,ABL1|BCR|FGFR1|FGFR2|FGFR3|FGFR4|FLT3|KIT|RET|TEK,PHXJVRSECIGDHY-UHFFFAOYSA-N,"InChI=1S/C29H27F3N6O/c1-20-5-6-22(16-21(20)8-10-25-18-33-27-4-3-11-34-38(25)27)28(39)35-24-9-7-23(26(17-24)29(30,31)32)19-37-14-12-36(2)13-15-37/h3-7,9,11,16-18H,12-15,19H2,1-2H3,(H,35,39)",35287,CN1CCN(Cc2ccc(NC(=O)c3ccc(C)c(c3)C#Cc4cnc5cccnn45)cc2C(F)(F)F)CC1,4
Input,"Isoquinolinium, 1,2-dimethyl-",0.23066046,InputSig,NA,NA,LINCSCP_41271,NEU,10uM,6h,NA,NA,NA,AJUWFPYSMJNTEP-UHFFFAOYSA-N,"InChI=1S/C11H12N/c1-9-11-6-4-3-5-10(11)7-8-12(9)2/h3-8H,1-2H3/q+1",22984,Cc1c2ccccc2cc[n+]1C,NA
Input,HG6-64-1,0.23062924,InputSig,NA,NA,LINCSCP_36560,MCF7,0.5uM,24h,breast,RAF inhibitor,NA,UMBFDGUGXMOMHX-BQYQJAHWSA-N,"InChI=1S/C32H34F3N5O2/c1-4-39-13-15-40(16-14-39)20-25-9-10-26(18-28(25)32(33,34)35)38-31(41)23-6-5-21(2)22(17-23)7-8-24-19-37-30-27(11-12-36-30)29(24)42-3/h5-12,17-19H,4,13-16,20H2,1-3H3,(H,36,37)(H,38,41)/b8-7+",25772,CCN1CCN(Cc2ccc(NC(=O)c3ccc(C)c(\C=C\c4cnc5[nH]ccc5c4OC)c3)cc2C(F)(F)F)CC1,NA
Input,BRD-K47517065,0.23061851,InputSig,NA,NA,LINCSCP_311039,VCAP,10uM,6h,prostate,NA,NA,NXVHKURFMFTURR-XLNZFTOWSA-N,"InChI=1S/C26H38N2O5S/c1-18-15-28(19(2)17-29)34(31,32)25-12-11-22(21-7-5-4-6-8-21)14-23(25)33-24(18)16-27(3)26(30)13-20-9-10-20/h7,11-12,14,18-20,24,29H,4-6,8-10,13,15-17H2,1-3H3/t18-,19+,24+/m0/s1",12834,C[C@H](CO)N1C[C@H](C)[C@@H](CN(C)C(=O)CC2CC2)Oc3cc(ccc3S1(=O)=O)C4=CCCCC4,NA
Input,MLS-0257792.0001,0.23033877,InputSig,NA,NA,LINCSCP_293005,VCAP,10uM,6h,prostate,NA,NA,UROZAHXMNISVLP-UHFFFAOYSA-N,"InChI=1S/C27H21ClN4O4S/c1-16-17(2)31-36-27(16)32-37(34,35)19-13-11-18(12-14-19)29-26(33)22-15-25(21-8-3-5-9-23(21)28)30-24-10-6-4-7-20(22)24/h3-15,32H,1-2H3,(H,29,33)",15412,Cc1noc(NS(=O)(=O)c2ccc(NC(=O)c3cc(nc4ccccc34)c5ccccc5Cl)cc2)c1C,NA
Input,SCHEMBL3092652,0.23018548,InputSig,NA,NA,LINCSCP_236617,MCF7,10uM,6h,breast,Dipeptidyl peptidase inhibitor,DPP4,DMTPQYQQHYOTQM-MLWJPKLSSA-N,"InChI=1S/C9H17BN2O5/c11-6(3-4-8(13)14)9(15)12-5-1-2-7(12)10(16)17/h6-7,16-17H,1-5,11H2,(H,13,14)/t6?,7-/m0/s1",23405,NC(CCC(=O)O)C(=O)N1CCC[C@H]1B(O)O,NA
Input,BRD-K31688005,0.23010765,InputSig,NA,NA,LINCSCP_23169,HEPG2,10uM,6h,liver,NA,NA,YRAOJEGTHQJVGH-MNGFJMBLSA-N,"InChI=1S/C32H50N4O7S2/c1-23-20-36(24(2)22-37)32(39)27-19-26(33-45(40,41)31-13-10-18-44-31)14-15-28(27)43-25(3)11-7-8-17-42-29(23)21-35(6)30(38)12-9-16-34(4)5/h10,13-15,18-19,23-25,29,33,37H,7-9,11-12,16-17,20-22H2,1-6H3/t23-,24+,25-,29-/m1/s1",12387,C[C@@H](CO)N1C[C@@H](C)[C@@H](CN(C)C(=O)CCCN(C)C)OCCCC[C@@H](C)Oc2ccc(NS(=O)(=O)c3cccs3)cc2C1=O,NA
Input,5-Methylfurmethide,0.23009228,InputSig,NA,NA,LINCSCP_193460,A549,10uM,6h,lung,NA,NA,KOWVJDFMEZKDDT-UHFFFAOYSA-N,"InChI=1S/C9H16NO/c1-8-5-6-9(11-8)7-10(2,3)4/h5-6H,7H2,1-4H3/q+1",22238,Cc1oc(C[N+](C)(C)C)cc1,NA
Input,BRD-K27817945,0.22993972,InputSig,NA,NA,LINCSCP_61209,VCAP,5uM,24h,prostate,NA,NA,FSHWRMSUZBSSQF-CLCXKQKWSA-N,"InChI=1S/C21H34N4O4/c1-6-9-22-21(27)24-16-7-8-18-17(10-16)20(26)25(4)12-19(28-5)14(2)11-23-15(3)13-29-18/h7-8,10,14-15,19,23H,6,9,11-13H2,1-5H3,(H2,22,24,27)/t14-,15-,19+/m1/s1",2620,CCCNC(=O)Nc1ccc2OC[C@@H](C)NC[C@@H](C)[C@H](CN(C)C(=O)c2c1)OC,NA
Input,AC1LDBAO,0.22985579,InputSig,NA,NA,LINCSCP_10655,AGS,20uM,6h,stomach,NA,NA,FSHFRKKIBVABAJ-UHFFFAOYSA-N,"InChI=1S/C19H14N4OS/c1-11-20-17-12-6-2-5-9-15(12)24-18(17)19(21-11)25-10-16-22-13-7-3-4-8-14(13)23-16/h2-9H,10H2,1H3,(H,22,23)",36131,Cc1nc(SCc2nc3ccccc3[nH]2)c4oc5ccccc5c4n1,NA
Input,Decitabine,0.22978563,InputSig,NA,NA,LINCSCP_146960,NEU,0.37uM,24h,NA,DNA methyltransferase inhibitor,DNMT1|DNMT3A,XAUDJQYHKZQPEU-KVQBGUIXSA-N,"InChI=1S/C8H12N4O4/c9-7-10-3-12(8(15)11-7)6-1-4(14)5(2-13)16-6/h3-6,13-14H,1-2H2,(H2,9,11,15)/t4-,5+,6+/m0/s1",36564,NC1=NC(=O)N(C=N1)[C@H]2C[C@H](O)[C@@H](CO)O2,4
Input,SCHEMBL17783876,0.2297733,InputSig,NA,NA,LINCSCP_35125,MCF7,5uM,24h,breast,NA,NA,QUZRCXDMVHPMHI-QHCPKHFHSA-N,"InChI=1S/C26H33N3O6S2/c1-4-36(31,32)28-13-11-26(12-14-28)17-29(37(33,34)20-8-5-18(2)6-9-20)23(16-30)25-24(26)21-10-7-19(35-3)15-22(21)27-25/h5-10,15,23,27,30H,4,11-14,16-17H2,1-3H3/t23-/m0/s1",40221,CCS(=O)(=O)N1CCC2(CC1)CN([C@@H](CO)c3[nH]c4cc(OC)ccc4c23)S(=O)(=O)c5ccc(C)cc5,NA
Input,BMS-509744,0.22962303,InputSig,NA,NA,LINCSCP_146647,NEU,0.12uM,24h,NA,NA,NA,ZHXNIYGJAOPMSO-UHFFFAOYSA-N,"InChI=1S/C32H41N5O4S2/c1-20-16-26(41-7)25(30(40)37-14-12-36(13-15-37)22(3)38)17-27(20)42-28-19-34-31(43-28)35-29(39)24-10-8-23(9-11-24)18-33-21(2)32(4,5)6/h8-11,16-17,19,21,33H,12-15,18H2,1-7H3,(H,34,35,39)",19900,COc1cc(C)c(Sc2cnc(NC(=O)c3ccc(CNC(C)C(C)(C)C)cc3)s2)cc1C(=O)N4CCN(CC4)C(=O)C,NA
Input,Epidepride,0.22961485,InputSig,NA,NA,LINCSCP_263548,NPC,10uM,24h,neural progenitor cells,Contrast agent|Dopamine receptor ligand,NA,APNNSBJHVTUORL-LBPRGKRZSA-N,"InChI=1S/C16H23IN2O3/c1-4-19-7-5-6-12(19)10-18-16(20)13-8-11(17)9-14(21-2)15(13)22-3/h8-9,12H,4-7,10H2,1-3H3,(H,18,20)/t12-/m0/s1",16764,CCN1CCC[C@H]1CNC(=O)c2cc(I)cc(OC)c2OC,NA
Input,BRD-K38611276,0.22948503,InputSig,NA,NA,LINCSCP_59662,VCAP,5uM,24h,prostate,NA,NA,RZTDCHBKGWJHSA-DUELTEGESA-N,"InChI=1S/C32H39N3O5/c1-22-18-35(23(2)21-36)32(38)28-17-26(33-31(37)16-24-8-6-5-7-9-24)12-15-29(28)40-30(22)20-34(3)19-25-10-13-27(39-4)14-11-25/h5-15,17,22-23,30,36H,16,18-21H2,1-4H3,(H,33,37)/t22-,23+,30-/m1/s1",12583,COc1ccc(CN(C)C[C@H]2Oc3ccc(NC(=O)Cc4ccccc4)cc3C(=O)N(C[C@H]2C)[C@@H](C)CO)cc1,NA
Input,BRD-K76925500,0.22944936,InputSig,NA,NA,LINCSCP_296991,VCAP,5uM,24h,prostate,NA,NA,AMJJCKBOWHOXQT-BSRJHKFKSA-N,"InChI=1S/C25H40N4O4/c1-17-14-29(18(2)16-30)24(31)21-13-20(27(3)4)11-12-22(21)33-23(17)15-28(5)25(32)26-19-9-7-6-8-10-19/h11-13,17-19,23,30H,6-10,14-16H2,1-5H3,(H,26,32)/t17-,18-,23-/m0/s1",13545,C[C@@H](CO)N1C[C@H](C)[C@H](CN(C)C(=O)NC2CCCCC2)Oc3ccc(cc3C1=O)N(C)C,NA
Input,BRD-K62995317,0.22943288,InputSig,NA,NA,LINCSCP_63510,VCAP,5uM,24h,prostate,NA,NA,DUBDZBJJIAHCBK-ZDEQEGDKSA-N,"InChI=1S/C15H26N2O6/c1-2-5-16-15(21)17-7-10(18)8-22-9-13-12(17)4-3-11(23-13)6-14(19)20/h10-13,18H,2-9H2,1H3,(H,16,21)(H,19,20)/t10-,11-,12-,13+/m0/s1",24852,CCCNC(=O)N1C[C@H](O)COC[C@H]2O[C@H](CC(=O)O)CC[C@H]12,NA
Input,BRD-K55633328,0.22927732,InputSig,NA,NA,LINCSCP_185153,A375,5uM,24h,skin,NA,NA,IUTSGSRNULSIQV-IPYPFGDCSA-N,"InChI=1S/C15H20N2O3/c1-16-7-12-15(10-5-3-4-6-11(10)16)13(8-18)17(12)14(19)9-20-2/h3-6,12-13,15,18H,7-9H2,1-2H3/t12-,13+,15+/m1/s1",13027,COCC(=O)N1[C@@H](CO)[C@@H]2[C@H]1CN(C)c3ccccc23,NA
Input,16Beta-bromoandrosterone,0.2292274,InputSig,NA,NA,LINCSCP_15691,HA1E,10uM,6h,kidney epithelial,Glucose 6-phosphate dehydrogenase inhibitor,G6PD,CWVMWSZEMZOUPC-RWUIUEHLSA-N,"InChI=1S/C19H29BrO2/c1-18-7-5-12(21)9-11(18)3-4-13-14(18)6-8-19(2)15(13)10-16(20)17(19)22/h11-16,21H,3-10H2,1-2H3/t11-,12+,13+,14-,15-,16-,18-,19-/m0/s1",13534,C[C@]12CC[C@@H](O)C[C@@H]1CC[C@@H]3[C@@H]2CC[C@@]4(C)[C@H]3C[C@H](Br)C4=O,NA
Input,SA-84869,0.2292132,InputSig,NA,NA,LINCSCP_260401,NKDBA,3uM,24h,kidney epithelial,NA,NA,PBKGJIYWLALRHB-ZEVRPEKRSA-N,"InChI=1S/C40H44N4O5/c1-27-22-44(28(2)26-45)40(47)35-21-31(41-39(46)20-30-24-43(4)36-13-9-8-12-34(30)36)16-19-37(35)49-38(27)25-42(3)23-29-14-17-33(18-15-29)48-32-10-6-5-7-11-32/h5-19,21,24,27-28,38,45H,20,22-23,25-26H2,1-4H3,(H,41,46)/t27-,28+,38+/m1/s1",13503,C[C@@H](CO)N1C[C@@H](C)[C@H](CN(C)Cc2ccc(Oc3ccccc3)cc2)Oc4ccc(NC(=O)Cc5cn(C)c6ccccc56)cc4C1=O,NA
Input,BRD-K98336812,0.22920758,InputSig,NA,NA,LINCSCP_259594,NEU,10uM,24h,NA,NA,NA,FKZGNJDEHYUJGJ-UHFFFAOYSA-O,"InChI=1S/C18H21ClN2OS/c1-21(2,3)10-4-9-20-15-7-6-14(22)12-18(15)23-17-8-5-13(19)11-16(17)20/h5-8,11-12H,4,9-10H2,1-3H3/p+1",11583,C[N+](C)(C)CCCN1c2ccc(O)cc2Sc3ccc(Cl)cc13,NA
Input,ZINC6718453,0.22918104,InputSig,NA,NA,LINCSCP_147260,NEU,0.12uM,24h,NA,NA,NA,DYVFBWXIOCLHPP-UHFFFAOYSA-N,"InChI=1S/C21H24N4O2/c22-11-16-15(14-6-8-24-9-7-14)10-17(25-21(16)23)20-18(26)2-1-3-19(20)27-12-13-4-5-13/h1-3,10,13-14,24,26H,4-9,12H2,(H2,23,25)",19904,Nc1nc(cc(C2CCNCC2)c1C#N)c3c(O)cccc3OCC4CC4,NA
Input,Belinostat,0.22916852,InputSig,NA,NA,LINCSCP_70292,A375,0.04uM,24h,skin,HDAC inhibitor,HDAC1|HDAC10|HDAC11|HDAC2|HDAC3|HDAC4|HDAC5|HDAC6|HDAC7|HDAC8|HDAC9,NCNRHFGMJRPRSK-MDZDMXLPSA-N,"InChI=1S/C15H14N2O4S/c18-15(16-19)10-9-12-5-4-8-14(11-12)22(20,21)17-13-6-2-1-3-7-13/h1-11,17,19H,(H,16,18)/b10-9+",17039,ONC(=O)\C=C\c1cccc(c1)S(=O)(=O)Nc2ccccc2,4
Input,D-LACTITOL MONOHYDRATE,0.22907831,InputSig,NA,NA,LINCSCP_102076,HELA,10uM,24h,large intestine,NA,NA,VQHSOMBJVWLPSR-HWCAIPQBSA-N,"InChI=1S/C12H24O11/c13-1-4(16)7(18)11(5(17)2-14)23-12-10(21)9(20)8(19)6(3-15)22-12/h4-21H,1-3H2/t4-,5+,6+,7+,8-,9-,10+,11?,12-/m0/s1",26998,OC[C@@H](O)C(O[C@@H]1O[C@H](CO)[C@H](O)[C@H](O)[C@H]1O)[C@H](O)[C@@H](O)CO,NA
Input,BRD-K74163137,0.2289977,InputSig,NA,NA,LINCSCP_23256,HEPG2,10uM,6h,liver,NA,NA,LCGKYSOTAAWDQI-ZLFFOLKFSA-N,"InChI=1S/C36H52N4O6/c1-25-22-40(26(2)24-41)35(43)31-21-30(37-34(42)28-14-7-5-8-15-28)18-19-32(31)46-27(3)13-11-12-20-45-33(25)23-39(4)36(44)38-29-16-9-6-10-17-29/h6,9-10,16-19,21,25-28,33,41H,5,7-8,11-15,20,22-24H2,1-4H3,(H,37,42)(H,38,44)/t25-,26-,27+,33+/m1/s1",22286,C[C@H](CO)N1C[C@@H](C)[C@H](CN(C)C(=O)Nc2ccccc2)OCCCC[C@H](C)Oc3ccc(NC(=O)C4CCCCC4)cc3C1=O,NA
Input,CHEMBL3186197,0.2289643,InputSig,NA,NA,LINCSCP_924,A375,10uM,6h,skin,IGF-1 inhibitor,IGF1R|INSR,RGLPLEBXLNEXKU-UHFFFAOYSA-N,"InChI=1S/C27H25N5/c1-27(2)15-20(16-27)26-31-23(24-25(28)29-12-13-32(24)26)19-9-8-18-10-11-21(30-22(18)14-19)17-6-4-3-5-7-17/h3-14,20H,15-16H2,1-2H3,(H2,28,29)",36681,CC1(C)CC(C1)c2nc(c3ccc4ccc(nc4c3)c5ccccc5)c6c(N)nccn26,NA
Input,Dnqx,0.22893139,InputSig,NA,NA,LINCSCP_55850,VCAP,10uM,6h,prostate,Glutamate receptor antagonist,NA,RWVIMCIPOAXUDG-UHFFFAOYSA-N,"InChI=1S/C8H4N4O6/c13-7-8(14)10-4-2-6(12(17)18)5(11(15)16)1-3(4)9-7/h1-2H,(H,9,13)(H,10,14)",15997,Oc1nc2cc(c(cc2nc1O)[N+](=O)[O-])[N+](=O)[O-],NA
Input,CHEMBL259628,0.22892836,InputSig,NA,NA,LINCSCP_291593,VCAP,10uM,24h,prostate,AMPK activator,PTPN1,BWJOQFMMTKEZGA-UHFFFAOYSA-N,"InChI=1S/C12H7BrF2NO3P/c13-11-5-8-2-1-7(6-16)3-9(8)4-10(11)12(14,15)20(17,18)19/h1-5H,(H2,17,18,19)",36685,OP(=O)(O)C(F)(F)c1cc2cc(ccc2cc1Br)C#N,NA
Input,Nabumetone,0.22889563,InputSig,NA,NA,LINCSCP_534,A375,10uM,6h,skin,Cyclooxygenase inhibitor,PTGS2,BLXXJMDCKKHMKV-UHFFFAOYSA-N,"InChI=1S/C15H16O2/c1-11(16)3-4-12-5-6-14-10-15(17-2)8-7-13(14)9-12/h5-10H,3-4H2,1-2H3",9559,COc1ccc2cc(CCC(=O)C)ccc2c1,4
Input,MLS003079542,0.22887309,InputSig,NA,NA,LINCSCP_188694,A549,10uM,6h,lung,NA,NA,SMHCVHCLAYAMKY-UHFFFAOYSA-N,"InChI=1S/C16H9ClF7NO2/c17-12-7-9(18)3-6-11(12)13(26)25-10-4-1-8(2-5-10)14(27,15(19,20)21)16(22,23)24/h1-7,27H,(H,25,26)",22735,OC(c1ccc(NC(=O)c2ccc(F)cc2Cl)cc1)(C(F)(F)F)C(F)(F)F,NA
Input,apigenin,0.22883505,InputSig,NA,NA,LINCSCP_81282,A549,1.11uM,24h,lung,Casein kinase inhibitor|Cell proliferation inhibitor|Cytochrome P450 inhibitor,NA,NA,NA,NA,NA,NA
Input,CHEMBL114275,0.22882644,InputSig,NA,NA,LINCSCP_259824,NEU,10uM,6h,NA,Serotonin transporter (SERT) ligand,NA,WDZSPNFWRVITEJ-UHFFFAOYSA-N,"InChI=1S/C16H18INOS/c1-18(2)10-12-5-3-4-6-15(12)20-16-8-7-14(17)9-13(16)11-19/h3-9,19H,10-11H2,1-2H3",19495,CN(C)Cc1ccccc1Sc2ccc(I)cc2CO,NA
Input,"ABT-888,VELIPARIB",0.22878424,InputSig,NA,NA,LINCSCP_222748,HS578T,1uM,6h,breast,PARP inhibitor,PARP1|PARP2,JNAHVYVRKWKWKQ-UHFFFAOYSA-N,"InChI=1S/C13H16N4O/c1-13(6-3-7-15-13)12-16-9-5-2-4-8(11(14)18)10(9)17-12/h2,4-5,15H,3,6-7H2,1H3,(H2,14,18)(H,16,17)",30218,CC1(CCCN1)c2nc3c(cccc3[nH]2)C(=O)N,NA
Input,BRD-K57490099,0.22877958,InputSig,NA,NA,LINCSCP_3459,A375,5uM,24h,skin,NA,NA,SIBKUGQEZAGQEJ-VJBWXMMDSA-N,"InChI=1S/C25H22ClN3O3/c26-18-11-5-6-12-19(18)27-25(32)29-21-14-28(24(31)16-8-2-1-3-9-16)20-13-7-4-10-17(20)23(21)22(29)15-30/h1-13,21-23,30H,14-15H2,(H,27,32)/t21-,22+,23+/m1/s1",13074,OC[C@H]1[C@@H]2[C@@H](CN(C(=O)c3ccccc3)c4ccccc24)N1C(=O)Nc5ccccc5Cl,NA
Input,BRD-K79797751,0.22874415,InputSig,NA,NA,LINCSCP_65523,VCAP,10uM,6h,prostate,NA,NA,PRNQDRDIWPOXBY-XJVVAVADSA-N,"InChI=1S/C35H52N4O5/c1-25-21-39(26(2)24-40)35(42)31-20-30(37-34(41)29-15-17-36-18-16-29)13-14-32(31)44-27(3)10-8-9-19-43-33(25)23-38(4)22-28-11-6-5-7-12-28/h13-18,20,25-28,33,40H,5-12,19,21-24H2,1-4H3,(H,37,41)/t25-,26+,27+,33+/m1/s1",13631,C[C@@H](CO)N1C[C@@H](C)[C@H](CN(C)CC2CCCCC2)OCCCC[C@H](C)Oc3ccc(NC(=O)c4ccncc4)cc3C1=O,NA
Input,Sertraline,0.22873252,InputSig,NA,NA,LINCSCP_225800,HT29,10uM,6h,large intestine,Serotonin receptor antagonist,SLC6A4,VGKDLMBJGBXTGI-SJCJKPOMSA-N,"InChI=1S/C17H17Cl2N/c1-20-17-9-7-12(13-4-2-3-5-14(13)17)11-6-8-15(18)16(19)10-11/h2-6,8,10,12,17,20H,7,9H2,1H3/t12-,17-/m0/s1",36061,CN[C@H]1CC[C@@H](c2ccc(Cl)c(Cl)c2)c3ccccc13,4
Input,T 98475,0.22851557,InputSig,NA,NA,LINCSCP_44040,PC3,10uM,24h,prostate,Gonadotropin releasing factor hormone receptor antagonist,GNRHR,RANJJVIMTOIWIN-UHFFFAOYSA-N,"InChI=1S/C37H37F2N3O4S/c1-22(2)35(44)40-26-16-14-25(15-17-26)34-28(19-41(5)18-24-10-7-6-8-11-24)32-33(43)29(37(45)46-23(3)4)21-42(36(32)47-34)20-27-30(38)12-9-13-31(27)39/h6-17,21-23H,18-20H2,1-5H3,(H,40,44)",35910,CC(C)OC(=O)C1=CN(Cc2c(F)cccc2F)c3sc(c(CN(C)Cc4ccccc4)c3C1=O)c5ccc(NC(=O)C(C)C)cc5,NA
Input,ascorbic-acid,0.22851229,InputSig,NA,NA,LINCSCP_75123,A375,0.12uM,24h,skin,NA,NA,NA,NA,NA,NA,NA
Input,GW-5074,0.22849219,InputSig,NA,NA,LINCSCP_222471,HS578T,0.5uM,6h,breast,Leucine rich repeat kinase inhibitor|RAF inhibitor,RAF1,LMXYVLFTZRPNRV-KMKOMSMNSA-N,"InChI=1S/C15H8Br2INO2/c16-11-4-7(5-12(17)14(11)20)3-10-9-6-8(18)1-2-13(9)19-15(10)21/h1-6,20H,(H,19,21)/b10-3-",37524,Oc1c(Br)cc(\C=C\2/C(=O)Nc3ccc(I)cc23)cc1Br,NA
Input,Pirenperone,0.22846944,InputSig,NA,NA,LINCSCP_14704,HA1E,10uM,24h,kidney epithelial,Serotonin receptor antagonist,HTR2A,HXCNRYXBZNHDNE-UHFFFAOYSA-N,"InChI=1S/C23H24FN3O2/c1-16-20(23(29)27-12-3-2-4-21(27)25-16)11-15-26-13-9-18(10-14-26)22(28)17-5-7-19(24)8-6-17/h2-8,12,18H,9-11,13-15H2,1H3",38223,CC1=C(CCN2CCC(CC2)C(=O)c3ccc(F)cc3)C(=O)N4C=CC=CC4=N1,NA
Input,BRD-K53406626,0.22846444,InputSig,NA,NA,LINCSCP_303326,VCAP,5uM,6h,prostate,NA,NA,HTNOASUNFPMBNX-MDRHQERFSA-N,"InChI=1S/C23H26FN3O5/c1-27(2)21(29)11-16-10-18-17-9-15(7-8-19(17)32-22(18)20(12-28)31-16)26-23(30)25-14-5-3-13(24)4-6-14/h3-9,16,18,20,22,28H,10-12H2,1-2H3,(H2,25,26,30)/t16-,18-,20+,22+/m1/s1",3526,CN(C)C(=O)C[C@H]1C[C@H]2[C@H](Oc3ccc(NC(=O)Nc4ccc(F)cc4)cc23)[C@H](CO)O1,NA
Input,AC1L1IDJ,0.22844917,InputSig,NA,NA,LINCSCP_176911,A375,10uM,6h,skin,Opioid receptor antagonist,OPRK1,APSUXPSYBJVPPS-UHFFFAOYSA-N,"InChI=1S/C40H43N3O6/c44-25-7-5-21-13-27-39(46)15-23-24-16-40(47)28-14-22-6-8-26(45)34-30(22)38(40,10-12-43(28)18-20-3-4-20)36(49-34)32(24)41-31(23)35-37(39,29(21)33(25)48-35)9-11-42(27)17-19-1-2-19/h5-8,19-20,27-28,35-36,41,44-47H,1-4,9-18H2",114,Oc1ccc2CC3N(CC4CC4)CCC56C(Oc1c25)c7[nH]c8C9Oc%10c(O)ccc%11CC%12N(CC%13CC%13)CCC9(c%10%11)C%12(O)Cc8c7CC36O,NA
Input,IN1048,0.22842871,InputSig,NA,NA,LINCSCP_17997,HCC515,10uM,24h,lung,Retinoid receptor agonist,RARB,FOIVPCKZDPCJJY-UHFFFAOYSA-N,"InChI=1S/C24H28O2/c1-16(14-17-6-8-18(9-7-17)22(25)26)19-10-11-20-21(15-19)24(4,5)13-12-23(20,2)3/h6-11,14-15H,12-13H2,1-5H3,(H,25,26)",1089,CC(=Cc1ccc(cc1)C(=O)O)c2ccc3c(c2)C(C)(C)CCC3(C)C,NA
Input,METERGOLINE,0.22839645,InputSig,NA,NA,LINCSCP_174042,YAPC,3.33uM,24h,pancreas,Dopamine receptor agonist|Serotonin receptor antagonist,HTR1A|HTR2A,WZHJKEUHNJHDLS-STDCAVTESA-N,"InChI=1S/C25H29N3O2/c1-27-14-18(13-26-25(29)30-16-17-7-4-3-5-8-17)11-21-20-9-6-10-22-24(20)19(12-23(21)27)15-28(22)2/h3-10,15,18,21,23H,11-14,16H2,1-2H3,(H,26,29)/t18?,21-,23?/m0/s1",27093,CN1CC(CNC(=O)OCc2ccccc2)C[C@@H]3C1Cc4cn(C)c5cccc3c45,NA
Input,CP466722,0.22836335,InputSig,NA,NA,LINCSCP_29475,MCF10A,1uM,24h,breast epithelial,ATM kinase inhibitor,ATM,ILBRKJBKDGCSCB-UHFFFAOYSA-N,"InChI=1S/C17H15N7O2/c1-25-13-7-10-12(8-14(13)26-2)20-9-21-16(10)24-17(18)22-15(23-24)11-5-3-4-6-19-11/h3-9H,1-2H3,(H2,18,22,23)",16627,COc1cc2ncnc(c2cc1OC)n3nc(nc3N)c4ccccn4,NA
Input,Narciclasine,0.2283358,InputSig,NA,NA,LINCSCP_36363,MCF7,0.1uM,6h,breast,Coflilin signaling pathway activator|LIM kinase activator|Rho associated kinase activator,RHOA,LZAZURSABQIKGB-AEKGRLRDSA-N,"InChI=1S/C14H13NO7/c16-6-1-5-4-2-7-13(22-3-21-7)11(18)8(4)14(20)15-9(5)12(19)10(6)17/h1-2,6,9-10,12,16-19H,3H2,(H,15,20)/t6-,9+,10+,12-/m0/s1",36322,O[C@H]1C=C2[C@@H](NC(=O)c3c(O)c4OCOc4cc23)[C@H](O)[C@@H]1O,NA
Input,CHEMBL2139002,0.22830732,InputSig,NA,NA,LINCSCP_23183,HEPG2,10uM,6h,liver,NA,NA,SIHGKWCNYKQFFR-PEFAJXDASA-N,"InChI=1S/C37H40N4O7/c1-24-19-41(25(2)22-42)36(43)31-17-27(38-37(44)39-28-12-16-33-34(18-28)46-23-45-33)11-15-32(31)48-35(24)21-40(3)20-26-9-13-30(14-10-26)47-29-7-5-4-6-8-29/h4-18,24-25,35,42H,19-23H2,1-3H3,(H2,38,39,44)/t24-,25-,35+/m0/s1",40125,C[C@@H](CO)N1C[C@H](C)[C@@H](CN(C)Cc2ccc(Oc3ccccc3)cc2)Oc4ccc(NC(=O)Nc5ccc6OCOc6c5)cc4C1=O,NA
Input,ARC239,0.22822599,InputSig,NA,NA,LINCSCP_550,A375,10uM,6h,skin,Adrenergic receptor antagonist,ADRA2B,JFNKXGOEOQCXDM-UHFFFAOYSA-N,"InChI=1S/C24H29N3O3/c1-24(2)19-9-5-4-8-18(19)22(28)27(23(24)29)17-14-25-12-15-26(16-13-25)20-10-6-7-11-21(20)30-3/h4-11H,12-17H2,1-3H3",8839,COc1ccccc1N2CCN(CCN3C(=O)c4ccccc4C(C)(C)C3=O)CC2,NA
Input,BRD-U88878891,0.22815418,InputSig,NA,NA,LINCSCP_5350,A549,10uM,6h,lung,NA,NA,NA,NA,42718,NA,NA
Input,"ICI-199,441",0.22803475,InputSig,NA,NA,LINCSCP_14593,HA1E,10uM,6h,kidney epithelial,Opioid receptor agonist,OPRK1,AEJOEPSMZCEYJN-HXUWFJFHSA-N,"InChI=1S/C21H24Cl2N2O/c1-24(21(26)14-16-9-10-18(22)19(23)13-16)20(15-25-11-5-6-12-25)17-7-3-2-4-8-17/h2-4,7-10,13,20H,5-6,11-12,14-15H2,1H3/t20-/m1/s1",15900,CN([C@H](CN1CCCC1)c2ccccc2)C(=O)Cc3ccc(Cl)c(Cl)c3,NA
Input,Staurosporine Aglycon,0.22795679,InputSig,NA,NA,LINCSCP_179588,A375,10uM,6h,skin,CDK inhibitor,CCND1|CDK4,KAJXOWFGKYKMMZ-UHFFFAOYSA-N,"InChI=1S/C20H11N3O2/c24-19-15-13-9-5-1-3-7-11(9)21-17(13)18-14(16(15)20(25)23-19)10-6-2-4-8-12(10)22-18/h1-8,21-22H,(H,23,24,25)",35993,O=C1NC(=O)c2c1c3c4ccccc4[nH]c3c5[nH]c6ccccc6c25,NA
Input,BRD-K36317223,0.22793782,InputSig,NA,NA,LINCSCP_20612,HCC515,10uM,6h,lung,NA,NA,HPXQJKADXJMKNX-SQJKUQPUSA-N,"InChI=1S/C35H38N4O4/c1-24-20-39(25(2)23-40)35(42)31-19-30(37-34(41)29-15-17-36-18-16-29)13-14-32(31)43-33(24)22-38(3)21-26-9-11-28(12-10-26)27-7-5-4-6-8-27/h4-19,24-25,33,40H,20-23H2,1-3H3,(H,37,41)/t24-,25+,33+/m1/s1",32630,C[C@@H](CO)N1C[C@@H](C)[C@H](CN(C)Cc2ccc(cc2)c3ccccc3)Oc4ccc(NC(=O)c5ccncc5)cc4C1=O,NA
Input,CHEMBL593506,0.2278727,InputSig,NA,NA,LINCSCP_31264,MCF7,10uM,6h,breast,M5 modulator,CHRM5,SPBGRXOPAXZSER-UHFFFAOYSA-N,"InChI=1S/C22H14F3NO3/c23-22(24,25)29-17-10-11-19-18(12-17)20(27)21(28)26(19)13-14-6-8-16(9-7-14)15-4-2-1-3-5-15/h1-12H,13H2",35715,FC(F)(F)Oc1ccc2N(Cc3ccc(cc3)c4ccccc4)C(=O)C(=O)c2c1,NA
Input,BRD-K04025047,0.22777045,InputSig,NA,NA,LINCSCP_8660,A549,5uM,24h,lung,NA,NA,LPUMVFGYOYFXDR-QCNOEVLYSA-N,"InChI=1S/C14H21N3O4S/c18-9-6-16-11-2-1-10(21-12(11)8-20-7-9)5-13(19)17-14-15-3-4-22-14/h3-4,9-12,16,18H,1-2,5-8H2,(H,15,17,19)/t9-,10+,11+,12-/m0/s1",2166,O[C@H]1CN[C@@H]2CC[C@H](CC(=O)Nc3nccs3)O[C@H]2COC1,NA
Input,Brefeldin A,0.22771844,InputSig,NA,NA,LINCSCP_54080,SW620,0.1uM,6h,large intestine,Brefeldin A inhibited guanine nucleotide exchange protein inhibitors|Golgi-specific brefeldin A-resistance guanine nucleotide exchange factor inhibitor|Protein synthesis inhibitor,NA,KQNZDYYTLMIZCT-UHFFFAOYSA-N,"InChI=1S/C16H24O4/c1-11-5-3-2-4-6-12-9-13(17)10-14(12)15(18)7-8-16(19)20-11/h4,6-8,11-15,17-18H,2-3,5,9-10H2,1H3",35340,CC1CCCC=CC2CC(O)CC2C(O)C=CC(=O)O1,NA
Input,Brefeldin A,0.22771844,InputSig,NA,NA,LINCSCP_54080,SW620,0.1uM,6h,large intestine,Brefeldin A inhibited guanine nucleotide exchange protein inhibitors|Golgi-specific brefeldin A-resistance guanine nucleotide exchange factor inhibitor|Protein synthesis inhibitor,NA,KQNZDYYTLMIZCT-MOIRPGTBSA-N,"InChI=1S/C16H24O4/c1-11-5-3-2-4-6-12-9-13(17)10-14(12)15(18)7-8-16(19)20-11/h4,6-8,11-15,17-18H,2-3,5,9-10H2,1H3/b6-4-,8-7-",5079,CC1CCC\C=C/C2CC(O)CC2C(O)\C=C/C(=O)O1,NA
Input,13-Cis-retinol,0.22765067,InputSig,NA,NA,LINCSCP_13316,FIBRNPC,10uM,6h,NA,Retinoid receptor ligand,RXRA|RXRB|RXRG,FPIPGXGPPPQFEQ-HWCYFHEPSA-N,"InChI=1S/C20H30O/c1-16(8-6-9-17(2)13-15-21)11-12-19-18(3)10-7-14-20(19,4)5/h6,8-9,11-13,21H,7,10,14-15H2,1-5H3/b9-6+,12-11+,16-8+,17-13-",37969,C\C(=C\CO)\C=C\C=C(/C)\C=C\C1=C(C)CCCC1(C)C,NA
Input,BRD-K43792870,0.22758286,InputSig,NA,NA,LINCSCP_60557,VCAP,5uM,24h,prostate,NA,NA,ATOJIXFYNQCGDG-NMMYMHLASA-N,"InChI=1S/C26H39N5O5/c1-19-13-31(20(2)17-32)25(33)9-5-10-30-15-22(27-28-30)18-36-24(19)16-29(3)14-21-7-4-8-23-26(21)35-12-6-11-34-23/h4,7-8,15,19-20,24,32H,5-6,9-14,16-18H2,1-3H3/t19-,20+,24+/m1/s1",1915,C[C@@H](CO)N1C[C@@H](C)[C@H](CN(C)Cc2cccc3OCCCOc23)OCc4cn(CCCC1=O)nn4,NA
Input,ML239,0.22753932,InputSig,NA,NA,LINCSCP_1633,A375,10uM,6h,skin,NA,NA,NVEDPFICKAIHKD-NGYBGAFCSA-N,"InChI=1S/C13H10Cl3N3O2/c14-8-4-10(15)13(11(16)5-8)21-7-12(20)19-18-6-9-2-1-3-17-9/h1-6,17H,7H2,(H,19,20)/b18-6+",36073,Clc1cc(Cl)c(OCC(=O)NN=Cc2ccc[nH]2)c(Cl)c1,NA
Input,Triamterene,0.22752065,InputSig,NA,NA,LINCSCP_56308,VCAP,10uM,24h,prostate,"Amiloride-sensitive sodium channel, ENaC blocker",SCNN1A|SCNN1B|SCNN1G,FNYLWPVRPXGIIP-UHFFFAOYSA-N,"InChI=1S/C12H11N7/c13-9-7(6-4-2-1-3-5-6)16-8-10(14)18-12(15)19-11(8)17-9/h1-5H,(H6,13,14,15,17,18,19)",7545,Nc1nc(N)c2nc(c(N)nc2n1)c3ccccc3,4
Input,L 2167,0.22738123,InputSig,NA,NA,LINCSCP_26739,HT29,10uM,6h,large intestine,PPAR receptor agonist,PPARD,HBBVCKCCQCQCTJ-UHFFFAOYSA-N,"InChI=1S/C22H26O7/c1-3-5-19-20(11-10-18(15(2)23)22(19)26)28-13-4-12-27-16-6-8-17(9-7-16)29-14-21(24)25/h6-11,26H,3-5,12-14H2,1-2H3,(H,24,25)",18479,CCCc1c(O)c(ccc1OCCCOc2ccc(OCC(=O)O)cc2)C(=O)C,NA
Input,BRD-K68670732,0.2273453,InputSig,NA,NA,LINCSCP_60411,VCAP,5uM,24h,prostate,NA,NA,FZGPYLHWXNIREJ-BUEREQSYSA-N,"InChI=1S/C29H38N2O6S/c1-20-16-31(21(2)19-32)38(35,36)28-13-12-24(23-9-5-4-6-10-23)15-26(28)37-27(20)18-30(3)17-22-8-7-11-25(14-22)29(33)34/h7-9,11-15,20-21,27,32H,4-6,10,16-19H2,1-3H3,(H,33,34)/t20-,21+,27+/m1/s1",23660,C[C@@H](CO)N1C[C@@H](C)[C@H](CN(C)Cc2cccc(c2)C(=O)O)Oc3cc(ccc3S1(=O)=O)C4=CCCCC4,NA
Input,Lintitript,0.22734063,InputSig,NA,NA,LINCSCP_33081,MCF7,10uM,24h,breast,CCK receptor antagonist,CCKAR,ILNRQFBVVQUOLP-UHFFFAOYSA-N,"InChI=1S/C20H14ClN3O3S/c21-14-7-3-2-6-13(14)15-11-28-20(22-15)23-19(27)17-9-12-5-1-4-8-16(12)24(17)10-18(25)26/h1-9,11H,10H2,(H,25,26)(H,22,23,27)",15579,OC(=O)Cn1c(cc2ccccc12)C(=O)Nc3nc(cs3)c4ccccc4Cl,NA
Input,L-152804,0.2273263,InputSig,NA,NA,LINCSCP_33437,MCF7,10uM,6h,breast,Neuropeptide receptor antagonist,NPY5R,XQDXIHYKAGHZRX-UHFFFAOYSA-N,"InChI=1S/C23H26O4/c1-22(2)9-14(24)20(15(25)10-22)19-13-7-5-6-8-17(13)27-18-12-23(3,4)11-16(26)21(18)19/h5-8,19-20H,9-12H2,1-4H3",15242,CC1(C)CC(=O)C(C2C3=C(CC(C)(C)CC3=O)Oc4ccccc24)C(=O)C1,NA
Input,C30H33N3O5S,0.22732319,InputSig,NA,NA,LINCSCP_12255,BT20,1uM,6h,breast,ATM kinase inhibitor,ATM,SCELLOWTHJGVIC-UHFFFAOYSA-N,"InChI=1S/C30H33N3O5S/c1-19-16-32(17-20(2)37-19)18-28(35)31-23-6-7-27-22(13-23)12-21-4-3-5-25(30(21)39-27)26-14-24(34)15-29(38-26)33-8-10-36-11-9-33/h3-7,13-15,19-20H,8-12,16-18H2,1-2H3,(H,31,35)",99,CC1CN(CC(=O)Nc2ccc3Sc4c(Cc3c2)cccc4C5=CC(=O)C=C(O5)N6CCOCC6)CC(C)O1,NA
Input,AC1L1I54,0.22717638,InputSig,NA,NA,LINCSCP_26782,HT29,10uM,6h,large intestine,Opioid receptor antagonist,OPRD1|OPRK1|OPRM1,AKXCFAYOTIEFOH-UHFFFAOYSA-N,"InChI=1S/C26H27N3O4/c1-2-13-29-14-12-25-21-17-8-9-19(30)22(21)33-23(25)18(10-11-26(25,32)20(29)15-17)27-28-24(31)16-6-4-3-5-7-16/h2-9,20,23,30,32H,1,10-15H2,(H,28,31)",22403,Oc1ccc2CC3N(CC=C)CCC45C(Oc1c24)C(=NNC(=O)c6ccccc6)CCC35O,NA
Input,ABC 294640,0.22717174,InputSig,NA,NA,LINCSCP_207429,FIBRNPC,10uM,24h,NA,Sphingosine kinase inhibitor,SPHK2,CAOTVXGYTWCKQE-UHFFFAOYSA-N,"InChI=1S/C23H25ClN2O/c24-20-3-1-19(2-4-20)22-10-17-9-18(11-22)13-23(12-17,15-22)21(27)26-14-16-5-7-25-8-6-16/h1-8,17-18H,9-15H2,(H,26,27)",19435,Clc1ccc(cc1)C23CC4CC(CC(C4)(C2)C(=O)NCc5ccncc5)C3,NA
Input,NSC650841,0.22708757,InputSig,NA,NA,LINCSCP_58948,VCAP,10uM,24h,prostate,NA,NA,IIBOKVBFKUNLNA-UHFFFAOYSA-N,"InChI=1S/C14H9N3S/c1-2-6-10-9(5-1)15-13(16-10)14-17-11-7-3-4-8-12(11)18-14/h1-8H,(H,15,16)",23172,c1ccc2[nH]c(nc2c1)c3nc4ccccc4s3,NA
Input,Phentermine,0.2270614,InputSig,NA,NA,LINCSCP_127402,HT29,10uM,24h,large intestine,Dopamine uptake inhibitor|Serotonin reuptake inhibitor,SLC6A2,DHHVAGZRUROJKS-UHFFFAOYSA-N,"InChI=1S/C10H15N/c1-10(2,11)8-9-6-4-3-5-7-9/h3-7H,8,11H2,1-2H3",35199,CC(C)(N)Cc1ccccc1,4
Input,SA-89763,0.22704191,InputSig,NA,NA,LINCSCP_252596,MCF7,10uM,24h,breast,NA,NA,HSFMJJCZPAZGBY-SKPFHBQLSA-N,"InChI=1S/C27H40N6O7S/c1-19-14-33(20(2)17-34)27(36)22-13-21(29-25(35)7-8-32-9-11-39-12-10-32)5-6-23(22)40-24(19)15-31(4)41(37,38)26-16-30(3)18-28-26/h5-6,13,16,18-20,24,34H,7-12,14-15,17H2,1-4H3,(H,29,35)/t19-,20-,24-/m0/s1",32174,C[C@@H](CO)N1C[C@H](C)[C@H](CN(C)S(=O)(=O)c2cn(C)cn2)Oc3ccc(NC(=O)CCN4CCOCC4)cc3C1=O,NA
Input,"5-(3,3-Dimethyl-2-oxobutoxy)-4-ethyl-7-methyl-2H-chromen-2-one",0.22700689,InputSig,NA,NA,LINCSCP_50451,PHH,10uM,6h,NA,NA,NA,WVVMQNZKEZKSMP-UHFFFAOYSA-N,"InChI=1S/C18H22O4/c1-6-12-9-16(20)22-14-8-11(2)7-13(17(12)14)21-10-15(19)18(3,4)5/h7-9H,6,10H2,1-5H3",39896,CCC1=CC(=O)Oc2cc(C)cc(OCC(=O)C(C)(C)C)c12,NA
Input,SCHEMBL10583556,0.22695451,InputSig,NA,NA,LINCSCP_94054,HA1E,0.12uM,24h,kidney epithelial,Cyclooxygenase inhibitor,PTGS1|PTGS2,MNSCVRXKDINXEY-UHFFFAOYSA-N,"InChI=1S/C15H13N3O4S/c1-18-13(15(20)17-12-8-4-5-9-16-12)14(19)10-6-2-3-7-11(10)23(18,21)22/h2-9,13H,1H3,(H,16,17,20)",22427,CN1C(C(=O)Nc2ccccn2)C(=O)c3ccccc3S1(=O)=O,NA
Input,MEGXM0_000433,0.22693433,InputSig,NA,NA,LINCSCP_22286,HEPG2,10uM,6h,liver,NA,NA,WEDIEMBZPFJDNC-BZNITXMSSA-N,"InChI=1S/C15H22O6/c1-4-9(2)15(19)21-13-7-8-14(18)20-12(13)6-5-11(17)10(3)16/h4-6,10-13,16-17H,7-8H2,1-3H3/b6-5+,9-4+",5355,C\C=C(/C)\C(=O)OC1CCC(=O)OC1\C=C\C(O)C(C)O,NA
Input,RO-5-3335,0.22689035,InputSig,NA,NA,LINCSCP_5233,A549,10uM,6h,lung,Runt-related transcription factor inhibitor,RUNX1,XWNMORIHKRROGW-UHFFFAOYSA-N,"InChI=1S/C13H10ClN3O/c14-8-3-4-10-9(6-8)13(11-2-1-5-15-11)16-7-12(18)17-10/h1-6,15H,7H2,(H,17,18)",15468,Clc1ccc2NC(=O)CN=C(c3ccc[nH]3)c2c1,NA
Input,Sufentanil,0.22686562,InputSig,NA,NA,LINCSCP_136475,MCF7,0.12uM,24h,breast,Mu opioid receptor agonist,OPRM1,GGCSSNBKKAUURC-UHFFFAOYSA-N,"InChI=1S/C22H30N2O2S/c1-3-21(25)24(19-8-5-4-6-9-19)22(18-26-2)12-15-23(16-13-22)14-11-20-10-7-17-27-20/h4-10,17H,3,11-16,18H2,1-2H3",26744,CCC(=O)N(c1ccccc1)C2(COC)CCN(CCc3cccs3)CC2,4
Input,Auraptene,0.22685833,InputSig,NA,NA,LINCSCP_282426,PHH,10uM,24h,NA,Nitric oxide production inhibitor,MAOB,RSDDHGSKLOSQFK-RVDMUPIBSA-N,"InChI=1S/C19H22O3/c1-14(2)5-4-6-15(3)11-12-21-17-9-7-16-8-10-19(20)22-18(16)13-17/h5,7-11,13H,4,6,12H2,1-3H3/b15-11+",17635,CC(=CCC\C(=C\COc1ccc2C=CC(=O)Oc2c1)\C)C,NA
Input,Flutamide,0.22684062,InputSig,NA,NA,LINCSCP_7031,A549,10uM,24h,lung,Androgen Receptor antagonist,AR,MKXKFYHWDHIYRV-UHFFFAOYSA-N,"InChI=1S/C11H11F3N2O3/c1-6(2)10(17)15-7-3-4-9(16(18)19)8(5-7)11(12,13)14/h3-6H,1-2H3,(H,15,17)",15527,CC(C)C(=O)Nc1ccc(c(c1)C(F)(F)F)[N+](=O)[O-],4
Input,ASN 04482680,0.22675247,InputSig,NA,NA,LINCSCP_237436,MCF7,10uM,24h,breast,NA,NA,VMCNPERZTWTVQD-UHFFFAOYSA-N,"InChI=1S/C23H17N5O3S2/c1-13-7-15-8-18-19(31-12-30-18)9-17(15)28-21(13)26-27-23(28)33-11-20(29)25-22-24-16(10-32-22)14-5-3-2-4-6-14/h2-10H,11-12H2,1H3,(H,24,25,29)",16004,Cc1cc2cc3OCOc3cc2n4c(SCC(=O)Nc5nc(cs5)c6ccccc6)nnc14,NA
Input,NCGC00025321-01,0.22674928,InputSig,NA,NA,LINCSCP_55688,VCAP,10uM,24h,prostate,Hepatotoxicant|Organic compound,NA,IVDUVYRBLGSJAO-UHFFFAOYSA-N,InChI=1S/C14H10Cl2N2/c15-12-4-1-3-11(7-12)9-17-10-18-14-6-2-5-13(16)8-14/h1-10H,1144,Clc1cccc(C=NC=Nc2cccc(Cl)c2)c1,NA
Input,Altanserin,0.22674789,InputSig,NA,NA,LINCSCP_58094,VCAP,10uM,24h,prostate,Serotonin receptor antagonist,HTR2A,SMYALUSCZJXWHG-UHFFFAOYSA-N,"InChI=1S/C22H22FN3O2S/c23-17-7-5-15(6-8-17)20(27)16-9-11-25(12-10-16)13-14-26-21(28)18-3-1-2-4-19(18)24-22(26)29/h1-8,16H,9-14H2,(H,24,29)",15359,Fc1ccc(cc1)C(=O)C2CCN(CCN3C(=S)Nc4ccccc4C3=O)CC2,NA
Input,Amlodipine,0.22674264,InputSig,NA,NA,LINCSCP_219052,HEPG2,10uM,6h,liver,Calcium channel blocker,CACNA1C|CACNA1D|CACNA1F|CACNA1S|CACNA2D1,HTIQEAQVCYTUBX-UHFFFAOYSA-N,"InChI=1S/C20H25ClN2O5/c1-4-28-20(25)18-15(11-27-10-9-22)23-12(2)16(19(24)26-3)17(18)13-7-5-6-8-14(13)21/h5-8,17,23H,4,9-11,22H2,1-3H3",5287,CCOC(=O)C1=C(COCCN)NC(=C(C1c2ccccc2Cl)C(=O)OC)C,4
Input,BRD-A26787626-001-02-9,0.22671064,InputSig,NA,NA,LINCSCP_180,A375,10uM,24h,skin,ATPase inhibitor,ATP2A1,TZCOBUQKVNFIQF-UHFFFAOYSA-N,"InChI=1S/C20H20N2O3/c1-9(23)14-18(24)17-16-11-8-21-13-6-4-5-10(15(11)13)7-12(16)20(2,3)22(17)19(14)25/h4-6,8,12,14,16-17,21H,7H2,1-3H3",22379,CC(=O)C1C(=O)C2C3C(Cc4cccc5[nH]cc3c45)C(C)(C)N2C1=O,NA
Input,Flecainide,0.22663905,InputSig,NA,NA,LINCSCP_136112,MCF7,10uM,24h,breast,Sodium channel protein type V alpha subunit blocker,SCN5A,DJBNUMBKLMJRSA-UHFFFAOYSA-N,"InChI=1S/C17H20F6N2O3/c18-16(19,20)9-27-12-4-5-14(28-10-17(21,22)23)13(7-12)15(26)25-8-11-3-1-2-6-24-11/h4-5,7,11,24H,1-3,6,8-10H2,(H,25,26)",15172,FC(F)(F)COc1ccc(OCC(F)(F)F)c(c1)C(=O)NCC2CCCCN2,4
Input,BRD-K13077924,0.22654547,InputSig,NA,NA,LINCSCP_222133,HL60,1uM,24h,haematopoietic and lymphoid tissue,NA,NA,BDBVIRYZFHASTC-GQCTYLIASA-N,"InChI=1S/C19H20N2O2/c1-4-6-15-8-9-17(18(11-15)22-3)23-13-16-12-21-10-5-7-14(2)19(21)20-16/h4-12H,13H2,1-3H3/b6-4+",26563,COc1cc(\C=C\C)ccc1OCc2cn3cccc(C)c3n2,NA
Input,Broad-Sai-595,0.22647362,InputSig,NA,NA,LINCSCP_250209,MCF7,0.5uM,24h,breast,NA,NA,NA,NA,42729,NA,NA
Input,Canertinib,0.22645556,InputSig,NA,NA,LINCSCP_256222,MDAMB231,0.5uM,6h,NA,EGFR inhibitor,EGFR|ERBB2|ERBB4,OMZCMEYTWSXEPZ-UHFFFAOYSA-N,"InChI=1S/C24H25ClFN5O3/c1-2-23(32)30-21-13-17-20(14-22(21)34-9-3-6-31-7-10-33-11-8-31)27-15-28-24(17)29-16-4-5-19(26)18(25)12-16/h2,4-5,12-15H,1,3,6-11H2,(H,30,32)(H,27,28,29)",35284,Fc1ccc(Nc2ncnc3cc(OCCCN4CCOCC4)c(NC(=O)C=C)cc23)cc1Cl,3
Input,SCHEMBL6463149,0.22645084,InputSig,NA,NA,LINCSCP_20335,HCC515,10uM,6h,lung,Caspase inhibitor,CASP3,APTVJNKPZZAJMD-FXZPAHAQSA-N,"InChI=1S/C35H40N4O7S/c1-22-18-26(16-17-31(22)45-5)47(43,44)38(4)20-32-23(2)19-39(24(3)21-40)34(41)28-13-9-15-30(33(28)46-32)37-35(42)36-29-14-8-11-25-10-6-7-12-27(25)29/h6-18,23-24,32,40H,19-21H2,1-5H3,(H2,36,37,42)/t23-,24+,32+/m1/s1",36314,COc1ccc(cc1C)S(=O)(=O)N(C)C[C@@H]2Oc3c(NC(=O)Nc4cccc5ccccc45)cccc3C(=O)N(C[C@H]2C)[C@@H](C)CO,NA
Input,Valproic acid,0.22637701,InputSig,NA,NA,LINCSCP_310242,VCAP,20uM,48h,prostate,Succinate semialdehyde dehydrogenase inhibitor,ABAT|ALDH5A1|HDAC1|SCN1A|SCN3A,NIJJYAXOARWZEE-UHFFFAOYSA-N,"InChI=1S/C8H16O2/c1-3-5-7(6-4-2)8(9)10/h7H,3-6H2,1-2H3,(H,9,10)",15509,CCCC(CCC)C(=O)O,4
Input,BRD-K80368509,0.22634045,InputSig,NA,NA,LINCSCP_24148,HL60,0.5uM,24h,haematopoietic and lymphoid tissue,NA,NA,GISDZZJFBVBFBH-UHFFFAOYSA-N,"InChI=1S/C24H25N3O4S/c1-31-23-13-6-5-12-22(23)25-24(28)19-8-7-11-21(18-19)32(29,30)27-16-14-26(15-17-27)20-9-3-2-4-10-20/h2-13,18H,14-17H2,1H3,(H,25,28)",26512,COc1ccccc1NC(=O)c2cccc(c2)S(=O)(=O)N3CCN(CC3)c4ccccc4,NA
Input,BRD-K57406954,0.22633043,InputSig,NA,NA,LINCSCP_311059,VCAP,10uM,6h,prostate,NA,NA,ULRIVBOCOZEEJW-VRUMLPLGSA-N,"InChI=1S/C28H38N4O3/c1-20-9-7-10-24(13-20)17-31(6)18-26-21(2)16-32(22(3)19-33)28(34)25-14-23(11-8-12-30(4)5)15-29-27(25)35-26/h7,9-10,13-15,21-22,26,33H,12,16-19H2,1-6H3/t21-,22+,26-/m0/s1",9344,C[C@H](CO)N1C[C@H](C)[C@H](CN(C)Cc2cccc(C)c2)Oc3ncc(cc3C1=O)C#CCN(C)C,NA
Input,Ketoconazole,0.22626253,InputSig,NA,NA,LINCSCP_46083,PC3,10uM,24h,prostate,Sterol demethylase inhibitor,AR|CYP19A1,XMAYWYJOQHXEEK-OZXSUGGESA-N,"InChI=1S/C26H28Cl2N4O4/c1-19(33)31-10-12-32(13-11-31)21-3-5-22(6-4-21)34-15-23-16-35-26(36-23,17-30-9-8-29-18-30)24-7-2-20(27)14-25(24)28/h2-9,14,18,23H,10-13,15-17H2,1H3/t23-,26-/m0/s1",36501,CC(=O)N1CCN(CC1)c2ccc(OC[C@H]3CO[C@@](Cn4ccnc4)(O3)c5ccc(Cl)cc5Cl)cc2,NA
Input,Ketoconazole,0.22626253,InputSig,NA,NA,LINCSCP_46083,PC3,10uM,24h,prostate,Sterol demethylase inhibitor,AR|CYP19A1,XMAYWYJOQHXEEK-UHFFFAOYSA-N,"InChI=1S/C26H28Cl2N4O4/c1-19(33)31-10-12-32(13-11-31)21-3-5-22(6-4-21)34-15-23-16-35-26(36-23,17-30-9-8-29-18-30)24-7-2-20(27)14-25(24)28/h2-9,14,18,23H,10-13,15-17H2,1H3",1487,CC(=O)N1CCN(CC1)c2ccc(OCC3COC(Cn4ccnc4)(O3)c5ccc(Cl)cc5Cl)cc2,NA
Input,Ketoconazole,0.22626253,InputSig,NA,NA,LINCSCP_46083,PC3,10uM,24h,prostate,Sterol demethylase inhibitor,AR|CYP19A1,XMAYWYJOQHXEEK-NASUQTAISA-N,"InChI=1S/C26H28Cl2N4O4/c1-19(33)31-10-12-32(13-11-31)21-3-5-22(6-4-21)34-15-23-16-35-26(36-23,17-30-9-8-29-18-30)24-7-2-20(27)14-25(24)28/h2-9,14,18,23H,10-13,15-17H2,1H3/t23?,26-/m0/s1",14220,CC(=O)N1CCN(CC1)c2ccc(OCC3CO[C@@](Cn4ccnc4)(O3)c5ccc(Cl)cc5Cl)cc2,NA
Input,MLS002473641,0.22625533,InputSig,NA,NA,LINCSCP_16062,HA1E,10uM,6h,kidney epithelial,NA,NA,LWWVHWRAHXDBTP-UHFFFAOYSA-N,"InChI=1S/C18H16ClN3OS/c19-14-3-1-12(2-4-14)16(23)13-5-8-22(9-6-13)17-15-7-10-24-18(15)21-11-20-17/h1-4,7,10-11,13H,5-6,8-9H2",36066,Clc1ccc(cc1)C(=O)C2CCN(CC2)c3ncnc4sccc34,NA
Input,CAY-10594,0.22619385,InputSig,NA,NA,LINCSCP_15369,HA1E,20uM,24h,kidney epithelial,Phospholipase inhibitor,PLD2,FAIFAFUXFFWVNQ-UHFFFAOYSA-N,"InChI=1S/C26H28N4O2/c31-24(22-11-10-20-6-4-5-7-21(20)18-22)27-14-17-29-15-12-26(13-16-29)25(32)28-19-30(26)23-8-2-1-3-9-23/h1-11,18H,12-17,19H2,(H,27,31)(H,28,32)",23416,O=C(NCCN1CCC2(CC1)N(CNC2=O)c3ccccc3)c4ccc5ccccc5c4,NA
Input,Fluoropyruvate,0.22614424,InputSig,NA,NA,LINCSCP_236543,MCF7,40uM,24h,breast,Pyruvate dehydrogenase inhibitor,NA,CXABZTLXNODUTD-UHFFFAOYSA-N,"InChI=1S/C3H3FO3/c4-1-2(5)3(6)7/h1H2,(H,6,7)",22079,OC(=O)C(=O)CF,NA
Input,AC1O44XP,0.22609623,InputSig,NA,NA,LINCSCP_310232,VCAP,5uM,48h,prostate,PPAR receptor agonist,PPARG,VHRUMKCAEVRUBK-XSDKJXIISA-N,"InChI=1S/C20H28O3/c1-2-3-4-5-6-10-13-18-17(15-16-19(18)21)12-9-7-8-11-14-20(22)23/h6-7,9-10,13,15-17H,2-5,8,11-12,14H2,1H3,(H,22,23)/b9-7+,10-6+,18-13+",3193,CCCCC\C=C\C=C\1/C(C\C=C\CCCC(=O)O)C=CC1=O,NA
Input,BRD-K76859558,0.2260668,InputSig,NA,NA,LINCSCP_8261,A549,5uM,24h,lung,NA,NA,IVNRRFOIDKKMKL-CPVANYHMSA-N,"InChI=1S/C30H45N3O7S/c1-21-18-33(22(2)20-34)30(35)27-17-24(31-41(36,37)26-13-11-25(38-6)12-14-26)10-15-28(27)40-23(3)9-7-8-16-39-29(21)19-32(4)5/h10-15,17,21-23,29,31,34H,7-9,16,18-20H2,1-6H3/t21-,22+,23-,29-/m1/s1",25608,COc1ccc(cc1)S(=O)(=O)Nc2ccc3O[C@H](C)CCCCO[C@H](CN(C)C)[C@H](C)CN([C@@H](C)CO)C(=O)c3c2,NA
Input,"1,3-Dipropyl-8-cyclopentylxanthine",0.22603365,InputSig,NA,NA,LINCSCP_75098,A375,0.37uM,24h,skin,NA,NA,FFBDFADSZUINTG-UHFFFAOYSA-N,"InChI=1S/C16H24N4O2/c1-3-9-19-14-12(15(21)20(10-4-2)16(19)22)17-13(18-14)11-7-5-6-8-11/h11H,3-10H2,1-2H3,(H,17,18)",3656,CCCN1C(=O)N(CCC)c2[nH]c(nc2C1=O)C3CCCC3,NA
Input,SMR000250171,0.22591594,InputSig,NA,NA,LINCSCP_19803,HCC515,10uM,6h,lung,NA,NA,NNKOHTRHDXDDIU-UHFFFAOYSA-N,"InChI=1S/C23H25NO4/c1-4-15-5-6-19-18(12-23(25)28-20(19)9-15)14-24-8-7-16-10-21(26-2)22(27-3)11-17(16)13-24/h5-6,9-12H,4,7-8,13-14H2,1-3H3",16072,CCc1ccc2C(=CC(=O)Oc2c1)CN3CCc4cc(OC)c(OC)cc4C3,NA
Input,ZINC01050121,0.22589098,InputSig,NA,NA,LINCSCP_39722,MDST8,20uM,6h,intestine,NA,NA,OMUJNJUHZHOBJY-UHFFFAOYSA-N,"InChI=1S/C22H21NO6S/c1-27-18-11-9-17(10-12-18)23(22(24)16-7-5-4-6-8-16)30(25,26)21-15-19(28-2)13-14-20(21)29-3/h4-15H,1-3H3",23407,COc1ccc(cc1)N(C(=O)c2ccccc2)S(=O)(=O)c3cc(OC)ccc3OC,NA
Input,NCGC00172361-01,0.22586607,InputSig,NA,NA,LINCSCP_16565,HA1E,10uM,6h,kidney epithelial,NA,NA,GCZNRSZQFGKQHN-KFCPPXMASA-N,"InChI=1S/C28H36N2O5Si/c1-7-15-30-24-13-8-20(29-19(3)32)17-23(24)28(27(30)33)18(2)26(25(35-28)14-16-31)36(5,6)22-11-9-21(34-4)10-12-22/h7-13,17-18,25-26,31H,1,14-16H2,2-6H3,(H,29,32)/t18-,25+,26-,28+/m0/s1",31618,COc1ccc(cc1)[Si](C)(C)[C@@H]2[C@@H](CCO)O[C@@]3([C@H]2C)C(=O)N(CC=C)c4ccc(NC(=O)C)cc34,NA
Input,BRD-K36080978,0.22578121,InputSig,NA,NA,LINCSCP_28075,HT29,5uM,24h,large intestine,NA,NA,OUKAGPBTRJAGIF-NLWGTHIKSA-N,"InChI=1S/C20H19N3O2/c21-9-13-1-3-14(4-2-13)15-5-7-16(8-6-15)20-17-10-22-11-19(25)23(17)18(20)12-24/h1-8,17-18,20,22,24H,10-12H2/t17-,18+,20+/m0/s1",12511,OC[C@@H]1[C@@H]([C@@H]2CNCC(=O)N12)c3ccc(cc3)c4ccc(cc4)C#N,NA
Input,MFCD00671792,0.2257351,InputSig,NA,NA,LINCSCP_55846,VCAP,10uM,6h,prostate,Dopamine receptor agonist,DRD1,GHWJEDJMOVUXEC-CYBMUJFWSA-N,"InChI=1S/C16H16ClNO2/c17-15-11-6-7-18-9-13(10-4-2-1-3-5-10)12(11)8-14(19)16(15)20/h1-5,8,13,18-20H,6-7,9H2/t13-/m1/s1",36077,Oc1cc2[C@H](CNCCc2c(Cl)c1O)c3ccccc3,NA
Input,CHEMBL2158272,0.22571326,InputSig,NA,NA,LINCSCP_19895,HCC515,10uM,6h,lung,NA,NA,FMDSBLVNALNUMA-UHFFFAOYSA-N,"InChI=1S/C19H15N3O6S/c1-11-3-4-13(7-15(11)22(25)26)18(24)28-17-9-27-14(8-16(17)23)10-29-19-20-6-5-12(2)21-19/h3-9H,10H2,1-2H3",35831,Cc1ccnc(SCC2=CC(=O)C(=CO2)OC(=O)c3ccc(C)c(c3)[N+](=O)[O-])n1,NA
Input,"2,8-Dinitroimipramine",0.22565176,InputSig,NA,NA,LINCSCP_57388,VCAP,10uM,6h,prostate,NA,NA,MKXUVDRBPODBNG-UHFFFAOYSA-N,"InChI=1S/C19H22N4O4/c1-20(2)10-3-11-21-18-8-6-16(22(24)25)12-14(18)4-5-15-13-17(23(26)27)7-9-19(15)21/h6-9,12-13H,3-5,10-11H2,1-2H3",15441,CN(C)CCCN1c2ccc(cc2CCc3cc(ccc13)[N+](=O)[O-])[N+](=O)[O-],NA
Input,MLS002264419,0.22563029,InputSig,NA,NA,LINCSCP_16047,HA1E,10uM,6h,kidney epithelial,NA,NA,JMRFEJRLQYXPKG-UHFFFAOYSA-N,"InChI=1S/C17H15N3O3/c21-16(15-10-13-8-4-5-9-14(13)18-15)19-20-17(22)23-11-12-6-2-1-3-7-12/h1-10,18H,11H2,(H,19,21)(H,20,22)",15905,O=C(NNC(=O)c1cc2ccccc2[nH]1)OCc3ccccc3,NA
Input,BRD-K39911043,0.22560011,InputSig,NA,NA,LINCSCP_301872,VCAP,5uM,6h,prostate,NA,NA,WCJFLIIYNCSVNP-HZUJVAHNSA-N,"InChI=1S/C22H26N6O4/c1-31-20-5-3-2-4-16(20)19-13-28(27-26-19)11-8-15-6-7-17(21(14-29)32-15)25-22(30)18-12-23-9-10-24-18/h2-5,9-10,12-13,15,17,21,29H,6-8,11,14H2,1H3,(H,25,30)/t15-,17-,21+/m0/s1",36598,COc1ccccc1c2cn(CC[C@@H]3CC[C@H](NC(=O)c4cnccn4)[C@@H](CO)O3)nn2,NA
Input,BRD-K78025571,0.22556298,InputSig,NA,NA,LINCSCP_8198,A549,5uM,24h,lung,NA,NA,JVHWMDYUDFIPKY-DVHCVUMVSA-N,"InChI=1S/C29H33FN4O6S/c1-19-16-34(20(2)18-35)28(36)25-15-23(32-41(38,39)24-7-5-4-6-8-24)13-14-26(25)40-27(19)17-33(3)29(37)31-22-11-9-21(30)10-12-22/h4-15,19-20,27,32,35H,16-18H2,1-3H3,(H,31,37)/t19-,20-,27+/m1/s1",33674,C[C@H](CO)N1C[C@@H](C)[C@H](CN(C)C(=O)Nc2ccc(F)cc2)Oc3ccc(NS(=O)(=O)c4ccccc4)cc3C1=O,NA
Input,MLS001210968,0.22554722,InputSig,NA,NA,LINCSCP_211361,HA1E,10uM,6h,kidney epithelial,NA,NA,YPRWBCIJAZDVIK-UHFFFAOYSA-N,"InChI=1S/C17H14N2O3S/c1-11-7-9-12(10-8-11)23-16-13-5-3-4-6-14(13)18(2)17(20)15(16)19(21)22/h3-10H,1-2H3",17814,CN1C(=O)C(=C(Sc2ccc(C)cc2)c3ccccc13)[N+](=O)[O-],NA
Input,GSK 1059615,0.22552627,InputSig,NA,NA,LINCSCP_12102,BT20,0.1uM,24h,breast,PI3K inhibitor,PIK3CA|PIK3CB|PIK3CD|PIK3CG,QDITZBLZQQZVEE-UHFFFAOYSA-N,"InChI=1S/C18H11N3O2S/c22-17-16(24-18(23)21-17)10-11-1-2-15-14(9-11)13(5-8-20-15)12-3-6-19-7-4-12/h1-10H,(H,21,22,23)",33564,O=C1NC(=O)C(=Cc2ccc3nccc(c4ccncc4)c3c2)S1,NA
Input,GSK 1059615,0.22552627,InputSig,NA,NA,LINCSCP_12102,BT20,0.1uM,24h,breast,PI3K inhibitor,PIK3CA|PIK3CB|PIK3CD|PIK3CG,QDITZBLZQQZVEE-MHWRWJLKSA-N,"InChI=1S/C18H11N3O2S/c22-17-16(24-18(23)21-17)10-11-1-2-15-14(9-11)13(5-8-20-15)12-3-6-19-7-4-12/h1-10H,(H,21,22,23)/b16-10+",72,O=C1NC(=O)\C(=C/c2ccc3nccc(c4ccncc4)c3c2)\S1,NA
Input,BRD-K49687221,0.22550392,InputSig,NA,NA,LINCSCP_35331,MCF7,10uM,24h,breast,NA,NA,OTRZZVMKCVISTM-UAVUOLJFSA-N,"InChI=1S/C27H33FN4O5/c1-16-13-32(17(2)15-33)26(35)22-12-21(29-25(34)18-4-5-18)10-11-23(22)37-24(16)14-31(3)27(36)30-20-8-6-19(28)7-9-20/h6-12,16-18,24,33H,4-5,13-15H2,1-3H3,(H,29,34)(H,30,36)/t16-,17-,24-/m0/s1",32973,C[C@@H](CO)N1C[C@H](C)[C@H](CN(C)C(=O)Nc2ccc(F)cc2)Oc3ccc(NC(=O)C4CC4)cc3C1=O,NA
Input,PF477736,0.22550002,InputSig,NA,NA,LINCSCP_12106,BT20,0.1uM,24h,breast,CHK inhibitor,CHEK1,NDEXUOWTGYUVGA-LJQANCHMSA-N,"InChI=1S/C22H25N7O2/c1-29-11-13(9-25-29)20-16-10-24-28-21(30)15-7-14(8-17(27-20)18(15)16)26-22(31)19(23)12-5-3-2-4-6-12/h7-12,19,27H,2-6,23H2,1H3,(H,26,31)(H,28,30)/t19-/m1/s1",22134,Cn1cc(cn1)c2[nH]c3cc(NC(=O)[C@H](N)C4CCCCC4)cc5C(=O)NN=Cc2c35,NA
Input,MLS001060843,0.22547723,InputSig,NA,NA,LINCSCP_25913,HT29,10uM,24h,large intestine,NA,NA,DVDGOKMQDYFKFY-FQEVSTJZSA-N,"InChI=1S/C21H26FNO3/c1-26-21-18(3-2-4-19(21)24)20(25)16-10-13-23(14-11-16)12-9-15-5-7-17(22)8-6-15/h2-8,16,20,24-25H,9-14H2,1H3/t20-/m0/s1",35668,COc1c(O)cccc1[C@@H](O)C2CCN(CCc3ccc(F)cc3)CC2,NA
Input,NVP-AEW541,0.22544934,InputSig,NA,NA,LINCSCP_24839,HS578T,0.5uM,24h,breast,IGF-1 inhibitor,IGF1R,MJEHBQIPZHTMNZ-AQYVVDRMSA-N,"InChI=1S/C27H29N5O/c28-26-25-24(21-7-9-23(10-8-21)33-17-19-5-2-1-3-6-19)16-32(27(25)30-18-29-26)22-13-20(14-22)15-31-11-4-12-31/h1-3,5-10,16,18,20,22H,4,11-15,17H2,(H2,28,29,30)/t20-,22-",22084,Nc1ncnc2c1c(cn2[C@@H]3C[C@@H](CN4CCC4)C3)c5ccc(OCc6ccccc6)cc5,NA
Input,12K-613S,0.22525338,InputSig,NA,NA,LINCSCP_5950,A549,10uM,24h,lung,NA,NA,XJMZRHHWZAOCMJ-UHFFFAOYSA-N,"InChI=1S/C21H15ClN2O2S/c1-26-18-6-8-19(9-7-18)27-20-10-5-17(12-15(20)13-23)24-21(25)14-3-2-4-16(22)11-14/h2-12H,1H3,(H,24,25)",595,COc1ccc(Sc2ccc(NC(=O)c3cccc(Cl)c3)cc2C#N)cc1,NA
Input,BRD-K24002047,0.22520254,InputSig,NA,NA,LINCSCP_310335,VCAP,10uM,24h,prostate,NA,NA,ZXOCSHLRVHMIRD-RLSLOFABSA-N,"InChI=1S/C27H35N3O5S/c1-19-16-30(20(2)18-31)36(33,34)26-9-8-23(22-6-4-5-7-22)15-24(26)35-25(19)17-29(3)27(32)14-21-10-12-28-13-11-21/h6,8-13,15,19-20,25,31H,4-5,7,14,16-18H2,1-3H3/t19-,20-,25-/m0/s1",12188,C[C@@H](CO)N1C[C@H](C)[C@H](CN(C)C(=O)Cc2ccncc2)Oc3cc(ccc3S1(=O)=O)C4=CCCC4,NA
Input,BP-554,0.22518147,InputSig,NA,NA,LINCSCP_22767,HEPG2,10uM,6h,liver,Serotonin receptor agonist,HTR1A,VUSNBQDZGKZEDL-UHFFFAOYSA-N,"InChI=1S/C20H24N2O3/c1-2-5-17(6-3-1)22-12-10-21(11-13-22)9-4-14-23-18-7-8-19-20(15-18)25-16-24-19/h1-3,5-8,15H,4,9-14,16H2",15674,C(COc1ccc2OCOc2c1)CN3CCN(CC3)c4ccccc4,NA
Input,MLS-0315868.0001,0.22517797,InputSig,NA,NA,LINCSCP_46887,PC3,10uM,6h,prostate,NA,NA,VNYMEPQAFKNDRQ-UHFFFAOYSA-N,"InChI=1S/C14H10N4O4/c19-13-14(17-16-11-3-1-2-4-12(11)22-14)9-7-8(18(20)21)5-6-10(9)15-13/h1-7,16-17H,(H,15,19)",18348,[O-][N+](=O)c1ccc2NC(=O)C3(NNc4ccccc4O3)c2c1,NA
Input,L-Norepinephrine,0.22517693,InputSig,NA,NA,LINCSCP_41291,NEU,10uM,6h,NA,Adrenergic receptor agonist,ADRA1A|ADRA1B|ADRA1D|ADRA2A|ADRA2B|ADRA2C|ADRB1|ADRB3,SFLSHLFXELFNJZ-MRVPVSSYSA-N,"InChI=1S/C8H11NO3/c9-4-8(12)5-1-2-6(10)7(11)3-5/h1-3,8,10-12H,4,9H2/t8-/m1/s1",19475,NC[C@@H](O)c1ccc(O)c(O)c1,NA
Input,iloprost,0.22516192,InputSig,NA,NA,LINCSCP_24137,HL60,1uM,24h,haematopoietic and lymphoid tissue,Prostanoid IP receptor agonist,PTGER1|PTGER2|PTGIR,NA,NA,NA,NA,NA
Input,BIO2_000376,0.22513079,InputSig,NA,NA,LINCSCP_26937,HT29,10uM,6h,large intestine,Integrin antagonist,NA,YYQUWEHEBOMRPH-UGNRZPKXSA-N,"InChI=1S/C26H38N8O7/c1-14(2)21-25(41)32-16(9-6-10-29-26(27)28)22(38)30-13-19(35)31-18(12-20(36)37)23(39)33-17(24(40)34-21)11-15-7-4-3-5-8-15/h3-5,7-8,14,16-18,21H,6,9-13H2,1-2H3,(H,30,38)(H,31,35)(H,32,41)(H,33,39)(H,34,40)(H,36,37)(H4,27,28,29)/t16-,17-,18+,21-/m0/s1",36181,CC(C)[C@@H]1NC(=O)[C@H](Cc2ccccc2)NC(=O)[C@@H](CC(=O)O)NC(=O)CNC(=O)[C@H](CCCNC(=N)N)NC1=O,NA
Input,BRD-K98238711,0.22508631,InputSig,NA,NA,LINCSCP_60452,VCAP,5uM,24h,prostate,NA,NA,KPXBVFREPGCPQF-RNHFSVANSA-N,"InChI=1S/C28H36N4O5/c1-18(2)11-12-21-13-22-26(29-14-21)37-25(19(3)15-32(27(22)34)20(4)17-33)16-31(5)28(35)30-23-9-7-8-10-24(23)36-6/h7-10,13-14,18-20,25,33H,15-17H2,1-6H3,(H,30,35)/t19-,20+,25+/m1/s1",73,COc1ccccc1NC(=O)N(C)C[C@@H]2Oc3ncc(cc3C(=O)N(C[C@H]2C)[C@@H](C)CO)C#CC(C)C,NA
Input,Anacardic acid,0.22501728,InputSig,NA,NA,LINCSCP_146931,NEU,0.12uM,24h,NA,Glyceraldehyde 3-phosphate dehydrogenase inhibitor,NA,ADFWQBGTDJIESE-UHFFFAOYSA-N,"InChI=1S/C22H36O3/c1-2-3-4-5-6-7-8-9-10-11-12-13-14-16-19-17-15-18-20(23)21(19)22(24)25/h15,17-18,23H,2-14,16H2,1H3,(H,24,25)",36709,CCCCCCCCCCCCCCCc1cccc(O)c1C(=O)O,NA
Input,CHEMBL1884008,0.22495678,InputSig,NA,NA,LINCSCP_59266,VCAP,10uM,24h,prostate,NA,NA,OZYYCECXSZQYIA-UDCNLSRBSA-N,"InChI=1S/C29H32ClFN4O6S/c1-18-15-35(19(2)17-36)28(37)24-5-4-6-25(33-29(38)32-22-11-9-21(31)10-12-22)27(24)41-26(18)16-34(3)42(39,40)23-13-7-20(30)8-14-23/h4-14,18-19,26,36H,15-17H2,1-3H3,(H2,32,33,38)/t18-,19-,26+/m1/s1",16503,C[C@H](CO)N1C[C@@H](C)[C@H](CN(C)S(=O)(=O)c2ccc(Cl)cc2)Oc3c(NC(=O)Nc4ccc(F)cc4)cccc3C1=O,NA
Input,MLS002607742,0.22488015,InputSig,NA,NA,LINCSCP_188970,A549,10uM,24h,lung,NA,NA,DDIUDXIIKUKJDK-UHFFFAOYSA-N,"InChI=1S/C18H23N3O2S/c1-12(2)23-15-5-3-4-14(10-15)16-11-24-18(20-16)21-8-6-13(7-9-21)17(19)22/h3-5,10-13H,6-9H2,1-2H3,(H2,19,22)",15793,CC(C)Oc1cccc(c1)c2csc(n2)N3CCC(CC3)C(=O)N,NA
Input,"RS-102,221",0.22487432,InputSig,NA,NA,LINCSCP_33259,MCF7,10uM,6h,breast,Serotonin receptor antagonist,HTR2C,HZZZZODVDSHQRG-UHFFFAOYSA-N,"InChI=1S/C27H31F3N4O7S/c1-40-22-16-23(41-2)20(33-42(38,39)18-8-6-17(7-9-18)27(28,29)30)15-19(22)21(35)5-3-4-12-34-13-10-26(11-14-34)24(36)31-25(37)32-26/h6-9,15-16,33H,3-5,10-14H2,1-2H3,(H2,31,32,36,37)",16008,COc1cc(OC)c(cc1NS(=O)(=O)c2ccc(cc2)C(F)(F)F)C(=O)CCCCN3CCC4(CC3)NC(=O)NC4=O,NA
Input,BRD-K90562112,0.22479557,InputSig,NA,NA,LINCSCP_64126,VCAP,5uM,6h,prostate,NA,NA,MOGZBFKOCSCLHD-BPHNFWMXSA-N,"InChI=1S/C29H33N3O4/c33-17-22-24-16-31-23(15-14-21(29(31)36)18-8-4-5-9-18)26(25(22)27(34)30-20-12-6-7-13-20)32(24)28(35)19-10-2-1-3-11-19/h1-3,8,10-11,14-15,20,22,24-26,33H,4-7,9,12-13,16-17H2,(H,30,34)/t22-,24-,25+,26+/m1/s1",25215,OC[C@@H]1[C@H]2CN3C(=O)C(=CC=C3[C@@H]([C@H]1C(=O)NC4CCCC4)N2C(=O)c5ccccc5)C6=CCCC6,NA
Input,Olprinone (Hydrochloride),0.22474402,InputSig,NA,NA,LINCSCP_136429,MCF7,10uM,24h,breast,NA,NA,JPAWFIIYTJQOKW-UHFFFAOYSA-N,"InChI=1S/C14H10N4O/c1-9-12(6-11(7-15)14(19)17-9)10-2-3-13-16-4-5-18(13)8-10/h2-6,8H,1H3,(H,17,19)",26575,CC1=C(C=C(C#N)C(=O)N1)c2ccc3nccn3c2,NA
Input,ST081814,0.22472906,InputSig,NA,NA,LINCSCP_16485,HA1E,10uM,6h,kidney epithelial,NA,NA,NAZTWGOQPYAEMF-UHFFFAOYSA-N,"InChI=1S/C20H17ClN2O2/c21-14-10-15(22-11-6-2-1-3-7-11)16-17-18(14)23-25-20(17)13-9-5-4-8-12(13)19(16)24/h4-5,8-11,22H,1-3,6-7H2",1419,Clc1cc(NC2CCCCC2)c3C(=O)c4ccccc4c5onc1c35,NA
Input,Enzastaurin,0.22472689,InputSig,NA,NA,LINCSCP_24392,HS578T,0.1uM,24h,breast,PKC inhibitor,PRKCB,AXRCEOKUDYDWLF-UHFFFAOYSA-N,"InChI=1S/C32H29N5O2/c1-35-19-25(23-9-2-4-11-27(23)35)29-30(32(39)34-31(29)38)26-20-37(28-12-5-3-10-24(26)28)22-13-16-36(17-14-22)18-21-8-6-7-15-33-21/h2-12,15,19-20,22H,13-14,16-18H2,1H3,(H,34,38,39)",25574,Cn1cc(C2=C(C(=O)NC2=O)c3cn(C4CCN(Cc5ccccn5)CC4)c6ccccc36)c7ccccc17,3
Input,Caffeic Acid Phenethyl Ester,0.22461047,InputSig,NA,NA,LINCSCP_23751,HEPG2,5uM,6h,liver,HIV integrase inhibitor|NFkB pathway inhibitor,NA,SWUARLUWKZWEBQ-VQHVLOKHSA-N,"InChI=1S/C17H16O4/c18-15-8-6-14(12-16(15)19)7-9-17(20)21-11-10-13-4-2-1-3-5-13/h1-9,12,18-19H,10-11H2/b9-7+",22186,Oc1ccc(\C=C\C(=O)OCCc2ccccc2)cc1O,NA
Input,2-Chloro-7-methoxy-10H-phenothiazine,0.2245853,InputSig,NA,NA,LINCSCP_57684,VCAP,10uM,6h,prostate,NA,NA,VGCKEWCZFDSELD-UHFFFAOYSA-N,"InChI=1S/C13H10ClNOS/c1-16-9-3-4-10-13(7-9)17-12-5-2-8(14)6-11(12)15-10/h2-7,15H,1H3",15811,COc1ccc2Nc3cc(Cl)ccc3Sc2c1,NA
Input,852475-26-4,0.2245653,InputSig,NA,NA,LINCSCP_88847,HA1E,0.37uM,24h,kidney epithelial,NA,NA,QRDAPCMJAOQZSU-KQQUZDAGSA-N,"InChI=1S/C17H15FN2O3/c1-20-11-12(9-15(20)6-8-17(22)19-23)5-7-16(21)13-3-2-4-14(18)10-13/h2-11,23H,1H3,(H,19,22)/b7-5+,8-6+",17934,Cn1cc(\C=C\C(=O)c2cccc(F)c2)cc1\C=C\C(=O)NO,NA
Input,MLS001173561,0.22450943,InputSig,NA,NA,LINCSCP_40979,NEU,10uM,24h,NA,Glutamate receptor modulator|Glutamate receptor positive allosteric modulator,GRM7,DTZDSNQYNPNCPK-UHFFFAOYSA-N,"InChI=1S/C28H28N2/c1-5-13-23(14-6-1)27(24-15-7-2-8-16-24)29-21-22-30-28(25-17-9-3-10-18-25)26-19-11-4-12-20-26/h1-20,27-30H,21-22H2",24471,C(CNC(c1ccccc1)c2ccccc2)NC(c3ccccc3)c4ccccc4,NA
Input,amcinonide,0.22448149,InputSig,NA,NA,LINCSCP_133997,MCF7,1.11uM,24h,breast,NA,NA,NA,NA,NA,NA,NA
Input,Amiodarone,0.22446561,InputSig,NA,NA,LINCSCP_671,A375,10uM,24h,skin,HERG blocker,KCNH2,IYIKLHRQXLHMJQ-UHFFFAOYSA-N,"InChI=1S/C25H29I2NO3/c1-4-7-11-22-23(18-10-8-9-12-21(18)31-22)24(29)17-15-19(26)25(20(27)16-17)30-14-13-28(5-2)6-3/h8-10,12,15-16H,4-7,11,13-14H2,1-3H3",35575,CCCCc1oc2ccccc2c1C(=O)c3cc(I)c(OCCN(CC)CC)c(I)c3,4
Input,AC480 (BMS-599626),0.22441493,InputSig,NA,NA,LINCSCP_170137,YAPC,3.33uM,24h,pancreas,Epidermal growth factor receptor erbB1 inhibitor|Receptor protein-tyrosine kinase erbB-2 inhibitor|Receptor protein-tyrosine kinase erbB-4 inhibitor,EGFR|ERBB2|ERBB4,LUJZZYWHBDHDQX-QFIPXVFZSA-N,"InChI=1S/C27H27FN8O3/c1-17-23(34-27(37)39-15-22-14-38-8-7-29-22)13-36-25(17)26(30-16-32-36)33-21-5-6-24-19(10-21)11-31-35(24)12-18-3-2-4-20(28)9-18/h2-6,9-11,13,16,22,29H,7-8,12,14-15H2,1H3,(H,34,37)(H,30,32,33)/t22-/m0/s1",26694,Cc1c(NC(=O)OC[C@@H]2COCCN2)cn3ncnc(Nc4ccc5c(cnn5Cc6cccc(F)c6)c4)c13,1
Input,Rosiglitazone,0.22440821,InputSig,NA,NA,LINCSCP_19479,HCC515,80uM,6h,lung,Peroxisome proliferator-activated receptor gamma agonist,PPARG,YASAKCUCGLMORW-UHFFFAOYSA-N,"InChI=1S/C18H19N3O3S/c1-21(16-4-2-3-9-19-16)10-11-24-14-7-5-13(6-8-14)12-15-17(22)20-18(23)25-15/h2-9,15H,10-12H2,1H3,(H,20,22,23)",15349,CN(CCOc1ccc(CC2SC(=O)NC2=O)cc1)c3ccccn3,4
Input,Fenobam,0.22439443,InputSig,NA,NA,LINCSCP_214582,HCC515,10uM,6h,lung,Glutamate receptor antagonist,GRM5,DWPQODZAOSWNHB-UHFFFAOYSA-N,"InChI=1S/C11H11ClN4O2/c1-16-6-9(17)14-10(16)15-11(18)13-8-4-2-3-7(12)5-8/h2-5H,6H2,1H3,(H2,13,14,15,17,18)",15641,CN1CC(=O)N=C1NC(=O)Nc2cccc(Cl)c2,1
Input,BRD-K31566137,0.22439053,InputSig,NA,NA,LINCSCP_63586,VCAP,5uM,6h,prostate,NA,NA,HWBWJNULPIZKLY-BURNTYAHSA-N,"InChI=1S/C23H31FN2O5/c24-17-6-4-16(5-7-17)23(29)26-13-18(27)14-30-15-21-20(26)9-8-19(31-21)12-22(28)25-10-2-1-3-11-25/h4-7,18-21,27H,1-3,8-15H2/t18-,19-,20+,21-/m0/s1",24323,O[C@@H]1COC[C@@H]2O[C@H](CC(=O)N3CCCCC3)CC[C@H]2N(C1)C(=O)c4ccc(F)cc4,NA
Input,Fentanyl Isothiocyanate,0.22432861,InputSig,NA,NA,LINCSCP_44016,PC3,10uM,24h,prostate,Opioid receptor agonist,OPRD1,VDKBIFPJULZUPU-UHFFFAOYSA-N,"InChI=1S/C23H27N3OS/c1-2-23(27)26(21-6-4-3-5-7-21)22-13-16-25(17-14-22)15-12-19-8-10-20(11-9-19)24-18-28/h3-11,22H,2,12-17H2,1H3",2723,CCC(=O)N(C1CCN(CCc2ccc(cc2)N=C=S)CC1)c3ccccc3,NA
Input,BRD4770,0.22431079,InputSig,NA,NA,LINCSCP_239752,MCF7,10uM,6h,breast,Histone lysine methyltransferase inhibitor,EHMT2,UCGWYCMPZXDHNR-UHFFFAOYSA-N,"InChI=1S/C25H23N3O3/c1-31-24(30)20-14-15-22-21(17-20)26-25(27-23(29)19-12-6-3-7-13-19)28(22)16-8-11-18-9-4-2-5-10-18/h2-7,9-10,12-15,17H,8,11,16H2,1H3,(H,26,27,29)",34255,COC(=O)c1ccc2c(c1)nc(NC(=O)c3ccccc3)n2CCCc4ccccc4,NA
Input,Astemizole,0.22430119,InputSig,NA,NA,LINCSCP_47513,PC3,10uM,24h,prostate,Histamine H1 receptor antagonist,HRH1|KCNH2,GXDALQBWZGODGZ-UHFFFAOYSA-N,"InChI=1S/C28H31FN4O/c1-34-25-12-8-21(9-13-25)14-17-32-18-15-24(16-19-32)30-28-31-26-4-2-3-5-27(26)33(28)20-22-6-10-23(29)11-7-22/h2-13,24H,14-20H2,1H3,(H,30,31)",16334,COc1ccc(CCN2CCC(CC2)Nc3nc4ccccc4n3Cc5ccc(F)cc5)cc1,4
Input,CL-976,0.22427458,InputSig,NA,NA,LINCSCP_1040,A375,80uM,6h,skin,ACAT inhibitor,ACAT1,WAFNZAURAWBNDZ-UHFFFAOYSA-N,"InChI=1S/C23H39NO4/c1-7-8-9-10-11-12-13-14-15-23(2,3)22(25)24-21-19(27-5)16-18(26-4)17-20(21)28-6/h16-17H,7-15H2,1-6H3,(H,24,25)",36702,CCCCCCCCCCC(C)(C)C(=O)Nc1c(OC)cc(OC)cc1OC,NA
Input,BRD-K76612659,0.22420533,InputSig,NA,NA,LINCSCP_3500,A375,5uM,24h,skin,NA,NA,KQECXYVMHINSBB-FVRPBGSPSA-N,"InChI=1S/C25H25FN2O/c1-29-24-8-3-2-7-21(24)18-9-11-19(12-10-18)25-22-15-28(16-23(25)27-22)14-17-5-4-6-20(26)13-17/h2-13,22-23,25,27H,14-16H2,1H3/t22-,23+,25+",27273,COc1ccccc1c2ccc(cc2)[C@@H]3[C@@H]4CN(Cc5cccc(F)c5)C[C@H]3N4,NA
Input,PI-103,0.22419494,InputSig,NA,NA,LINCSCP_235328,MCF10A,0.5uM,24h,breast epithelial,MTOR inhibitor|PI3K inhibitor,MTOR|PIK3CA|PIK3CB|PIK3CD|PIK3CG,TUVCWJQQGGETHL-UHFFFAOYSA-N,"InChI=1S/C19H16N4O3/c24-13-4-1-3-12(11-13)17-21-15-14-5-2-6-20-19(14)26-16(15)18(22-17)23-7-9-25-10-8-23/h1-6,11,24H,7-10H2",17518,Oc1cccc(c1)c2nc(N3CCOCC3)c4oc5ncccc5c4n2,NA
Input,Dropropizine,0.22398799,InputSig,NA,NA,LINCSCP_221476,HEPG2,3uM,24h,liver,Antitussive,NA,PTVWPYVOOKLBCG-UHFFFAOYSA-N,"InChI=1S/C13H20N2O2/c16-11-13(17)10-14-6-8-15(9-7-14)12-4-2-1-3-5-12/h1-5,13,16-17H,6-11H2",36239,OCC(O)CN1CCN(CC1)c2ccccc2,3
Input,Carbamazepine,0.22397081,InputSig,NA,NA,LINCSCP_18967,HCC515,10uM,24h,lung,Sodium channel alpha subunit blocker,SCN10A|SCN11A|SCN1A|SCN2A|SCN3A|SCN4A|SCN5A|SCN7A|SCN8A|SCN9A,FFGPTBGBLSHEPO-UHFFFAOYSA-N,"InChI=1S/C15H12N2O/c16-15(18)17-13-7-3-1-5-11(13)9-10-12-6-2-4-8-14(12)17/h1-10H,(H2,16,18)",35986,NC(=O)N1c2ccccc2C=Cc3ccccc13,4
Input,936890-98-1,0.22386601,InputSig,NA,NA,LINCSCP_163925,SKBR3,0.37uM,3h,breast,mTOR inhibitor,MTOR,CDNMDRUIGNHEMR-SAPNQHFASA-N,"InChI=1S/C21H22N6O3/c1-30-15-4-2-3-13-9-14(25-16(13)15)17-18-19(22)23-10-24-27(18)20(26-17)11-5-7-12(8-6-11)21(28)29/h2-4,9-12H,5-8,22H2,1H3,(H,23,24)(H,28,29)/b17-14+",24520,COc1cccc2cc([nH]c12)c3nc(C4CCC(CC4)C(=O)O)n5ncnc(N)c35,NA
Input,BRD-K96121225,0.22375616,InputSig,NA,NA,LINCSCP_62332,VCAP,5uM,24h,prostate,NA,NA,ALLGXHRZPBERLG-WTCIDABWSA-N,"InChI=1S/C25H30N2O6/c1-15(16-6-4-3-5-7-16)26-23(29)12-18-11-20-19-10-17(27-24(30)14-31-2)8-9-21(19)33-25(20)22(13-28)32-18/h3-10,15,18,20,22,25,28H,11-14H2,1-2H3,(H,26,29)(H,27,30)/t15-,18-,20-,22+,25+/m0/s1",4797,COCC(=O)Nc1ccc2O[C@H]3[C@@H](CO)O[C@H](CC(=O)N[C@@H](C)c4ccccc4)C[C@H]3c2c1,NA
Input,CHEMBL2354402,0.22373728,InputSig,NA,NA,LINCSCP_59714,VCAP,5uM,24h,prostate,NA,NA,XJOPVLQFFGEWNL-DUELTEGESA-N,"InChI=1S/C33H38F3N3O4/c1-22-18-39(23(2)21-40)32(42)17-26-16-28(37-31(41)15-24-7-5-4-6-8-24)13-14-29(26)43-30(22)20-38(3)19-25-9-11-27(12-10-25)33(34,35)36/h4-14,16,22-23,30,40H,15,17-21H2,1-3H3,(H,37,41)/t22-,23+,30-/m1/s1",19842,C[C@@H](CO)N1C[C@@H](C)[C@@H](CN(C)Cc2ccc(cc2)C(F)(F)F)Oc3ccc(NC(=O)Cc4ccccc4)cc3CC1=O,NA
Input,ALD1-H_000965,0.22372894,InputSig,NA,NA,LINCSCP_31988,MCF7,10uM,24h,breast,NA,NA,CCASMBRFLQRLFT-XDHOZWIPSA-N,"InChI=1S/C17H23BrN2O4/c1-23-15-10-9-14(18)11-13(15)12-19-20-16(21)7-5-3-4-6-8-17(22)24-2/h9-12H,3-8H2,1-2H3,(H,20,21)/b19-12+",12,COC(=O)CCCCCCC(=O)NN=Cc1cc(Br)ccc1OC,NA
Input,CP94253,0.22371963,InputSig,NA,NA,LINCSCP_40986,NEU,10uM,24h,NA,Serotonin receptor agonist,HTR1B,KWQWBZIGHIOKIO-UHFFFAOYSA-N,"InChI=1S/C15H19N3O/c1-2-9-19-14-4-3-13-15(18-14)12(10-17-13)11-5-7-16-8-6-11/h3-5,10,16-17H,2,6-9H2,1H3",15552,CCCOc1ccc2[nH]cc(C3=CCNCC3)c2n1,NA
Input,Latrunculin B,0.2236951,InputSig,NA,NA,LINCSCP_10671,ASC,10uM,24h,adipose,Actin polymerization inhibitor|Unidentified pharmacological activity,WWTR1|YAP1,NSHPHXHGRHSMIK-IWZLBRJHSA-N,"InChI=1S/C20H29NO5S/c1-13-5-3-4-6-14(2)9-18(22)25-16-10-15(8-7-13)26-20(24,11-16)17-12-27-19(23)21-17/h3,5,9,13,15-17,24H,4,6-8,10-12H2,1-2H3,(H,21,23)/b5-3-,14-9-/t13-,15-,16-,17?,20-/m1/s1",35186,C[C@H]1CC[C@@H]2C[C@H](C[C@@](O)(O2)C3CSC(=O)N3)OC(=O)\C=C(\C)/CC\C=C/1,NA
Input,BRD-K63801873,0.2236013,InputSig,NA,NA,LINCSCP_33897,MCF7,10uM,24h,breast,NA,NA,FIGGLCUVZRSRTI-YFGINYGOSA-N,"InChI=1S/C43H53N5O6/c1-30-26-48(31(2)29-49)43(52)25-33-24-34(45-41(50)16-8-5-9-17-42(51)46-38-15-11-10-14-37(38)44)20-23-39(33)54-40(30)28-47(3)27-32-18-21-36(22-19-32)53-35-12-6-4-7-13-35/h4,6-7,10-15,18-24,30-31,40,49H,5,8-9,16-17,25-29,44H2,1-3H3,(H,45,50)(H,46,51)/t30-,31-,40+/m0/s1",33316,C[C@@H](CO)N1C[C@H](C)[C@@H](CN(C)Cc2ccc(Oc3ccccc3)cc2)Oc4ccc(NC(=O)CCCCCC(=O)Nc5ccccc5N)cc4CC1=O,NA
Input,BRD-K75291656,0.22358176,InputSig,NA,NA,LINCSCP_60614,VCAP,5uM,24h,prostate,NA,NA,XYWPMUCHOREPKK-YDIMBITNSA-N,"InChI=1S/C26H34N6O5/c1-18-13-32(19(2)16-33)25(34)10-7-11-31-14-21(27-29-31)17-36-24(18)15-30(3)26(35)22-12-23(37-28-22)20-8-5-4-6-9-20/h4-6,8-9,12,14,18-19,24,33H,7,10-11,13,15-17H2,1-3H3/t18-,19+,24-/m1/s1",875,C[C@@H](CO)N1C[C@@H](C)[C@@H](CN(C)C(=O)c2cc(on2)c3ccccc3)OCc4cn(CCCC1=O)nn4,NA
Input,CG-930,0.22354155,InputSig,NA,NA,LINCSCP_24610,HS578T,0.1uM,6h,breast,JNK inhibitor,MAPK8,IBGLGMOPHJQDJB-MCIONIFRSA-N,"InChI=1S/C21H23F3N6O2/c22-11-7-15(23)18(16(24)8-11)28-21-27-17-9-25-20(26-12-1-3-14(31)4-2-12)29-19(17)30(21)13-5-6-32-10-13/h7-9,12-14,31H,1-6,10H2,(H,27,28)(H,25,26,29)/t12-,13-,14+/m1/s1",1739,O[C@@H]1CC[C@@H](CC1)Nc2ncc3nc(Nc4c(F)cc(F)cc4F)n([C@@H]5CCOC5)c3n2,NA
Input,XUKUURHRXDUEBC-UHFFFAOYSA-N,0.22354055,InputSig,NA,NA,LINCSCP_243123,MCF7,10uM,6h,breast,HMGCR inhibitor,DPP4|HMGCR,XUKUURHRXDUEBC-UHFFFAOYSA-N,"InChI=1S/C33H35FN2O5/c1-21(2)31-30(33(41)35-25-11-7-4-8-12-25)29(22-9-5-3-6-10-22)32(23-13-15-24(34)16-14-23)36(31)18-17-26(37)19-27(38)20-28(39)40/h3-16,21,26-27,37-38H,17-20H2,1-2H3,(H,35,41)(H,39,40)",36210,CC(C)c1c(C(=O)Nc2ccccc2)c(c3ccccc3)c(c4ccc(F)cc4)n1CCC(O)CC(O)CC(=O)O,NA
Input,Osimertinib,0.22350795,InputSig,NA,NA,LINCSCP_151757,PC3,10uM,24h,prostate,Epidermal growth factor receptor erbB1 inhibitor|Epidermal growth factor receptor inhibitor,EGFR|ERBB2|ERBB3|ERBB4,DUYJMQONPNNFPI-UHFFFAOYSA-N,"InChI=1S/C28H33N7O2/c1-7-27(36)30-22-16-23(26(37-6)17-25(22)34(4)15-14-33(2)3)32-28-29-13-12-21(31-28)20-18-35(5)24-11-9-8-10-19(20)24/h7-13,16-18H,1,14-15H2,2-6H3,(H,30,36)(H,29,31,32)",16542,COc1cc(N(C)CCN(C)C)c(NC(=O)C=C)cc1Nc2nccc(n2)c3cn(C)c4ccccc34,4
Input,CHEMBL2360382,0.22348137,InputSig,NA,NA,LINCSCP_8060,A549,10uM,6h,lung,NA,NA,WUYLIDMJOKHVPK-CGQTXMLISA-N,"InChI=1S/C31H42N4O6/c1-20-15-35(21(2)18-36)30(37)25-13-23(32-31(38)33-24-10-12-27-28(14-24)40-19-39-27)9-11-26(25)41-29(20)17-34(3)16-22-7-5-4-6-8-22/h9-14,20-22,29,36H,4-8,15-19H2,1-3H3,(H2,32,33,38)/t20-,21+,29+/m1/s1",19781,C[C@@H](CO)N1C[C@@H](C)[C@H](CN(C)CC2CCCCC2)Oc3ccc(NC(=O)Nc4ccc5OCOc5c4)cc3C1=O,NA
Input,BRD-K99017327,0.22345564,InputSig,NA,NA,LINCSCP_17027,HA1E,10uM,6h,kidney epithelial,NA,NA,SIHGKWCNYKQFFR-ZENPUIFLSA-N,"InChI=1S/C37H40N4O7/c1-24-19-41(25(2)22-42)36(43)31-17-27(38-37(44)39-28-12-16-33-34(18-28)46-23-45-33)11-15-32(31)48-35(24)21-40(3)20-26-9-13-30(14-10-26)47-29-7-5-4-6-8-29/h4-18,24-25,35,42H,19-23H2,1-3H3,(H2,38,39,44)/t24-,25+,35-/m1/s1",34230,C[C@@H](CO)N1C[C@@H](C)[C@@H](CN(C)Cc2ccc(Oc3ccccc3)cc2)Oc4ccc(NC(=O)Nc5ccc6OCOc6c5)cc4C1=O,NA
Input,Aminogenistein,0.2232863,InputSig,NA,NA,LINCSCP_55621,VCAP,10uM,24h,prostate,Src inhibitor,LCK,YBQRUOMICVULNM-UHFFFAOYSA-N,"InChI=1S/C15H11NO3/c16-10-3-1-9(2-4-10)15-8-13(18)12-7-11(17)5-6-14(12)19-15/h1-8,17H,16H2",9927,Nc1ccc(cc1)C2=CC(=O)c3cc(O)ccc3O2,NA
Input,Quinacrine,0.22327709,InputSig,NA,NA,LINCSCP_56781,VCAP,10uM,24h,prostate,Cytokine production inhibitor|NFkB pathway inhibitor|TP53 activator,TP53,GPKJTRJOBQGKQK-UHFFFAOYSA-N,"InChI=1S/C23H30ClN3O/c1-5-27(6-2)13-7-8-16(3)25-23-19-11-9-17(24)14-22(19)26-21-12-10-18(28-4)15-20(21)23/h9-12,14-16H,5-8,13H2,1-4H3,(H,25,26)",15253,CCN(CC)CCCC(C)Nc1c2ccc(Cl)cc2nc3ccc(OC)cc13,2
Input,SA-1973507,0.22320459,InputSig,NA,NA,LINCSCP_28765,HUH7,3uM,24h,liver,NA,NA,HJQSQTAMFLANGO-AIGPYBJDSA-N,"InChI=1S/C33H38N2O5/c36-27-21-35(19-24-10-12-29(13-11-24)39-28-8-2-1-3-9-28)31-15-14-30(40-32(31)23-38-22-27)18-33(37)34-17-16-25-6-4-5-7-26(25)20-34/h1-13,27,30-32,36H,14-23H2/t27-,30-,31-,32+/m0/s1",1816,O[C@@H]1COC[C@H]2O[C@H](CC(=O)N3CCc4ccccc4C3)CC[C@@H]2N(Cc5ccc(Oc6ccccc6)cc5)C1,NA
Input,SA-85377,0.22312061,InputSig,NA,NA,LINCSCP_252632,MCF7,10uM,24h,breast,NA,NA,KVUBTNFMPQUODB-FXZPAHAQSA-N,"InChI=1S/C34H46N4O4/c1-23-18-38(24(2)22-39)34(41)29-17-27(35-33(40)16-26-20-37(4)30-13-9-8-12-28(26)30)14-15-31(29)42-32(23)21-36(3)19-25-10-6-5-7-11-25/h8-9,12-15,17,20,23-25,32,39H,5-7,10-11,16,18-19,21-22H2,1-4H3,(H,35,40)/t23-,24+,32+/m1/s1",32546,C[C@@H](CO)N1C[C@@H](C)[C@H](CN(C)CC2CCCCC2)Oc3ccc(NC(=O)Cc4cn(C)c5ccccc45)cc3C1=O,NA
Input,Auranofin,0.22306304,InputSig,NA,NA,LINCSCP_39702,MDST8,10uM,6h,intestine,NFkB pathway inhibitor,NA,AUJRCFUBUPVWSZ-XTZHGVARSA-M,"InChI=1S/C14H20O9S.C6H15P.Au/c1-6(15)19-5-10-11(20-7(2)16)12(21-8(3)17)13(14(24)23-10)22-9(4)18;1-4-7(5-2)6-3;/h10-14,24H,5H2,1-4H3;4-6H2,1-3H3;/q;;+1/p-1/t10-,11-,12+,13-,14+;;/m1../s1",1361,CCP(=[Au]S[C@@H]1O[C@H](COC(=O)C)[C@@H](OC(=O)C)[C@H](OC(=O)C)[C@H]1OC(=O)C)(CC)CC,NA
Input,Auranofin,0.22306304,InputSig,NA,NA,LINCSCP_39702,MDST8,10uM,6h,intestine,NFkB pathway inhibitor,NA,AUWWGVLGGQVJPJ-UHFFFAOYSA-M,"InChI=1S/C14H20O8S.C6H15P.Au/c1-6(15)19-10-5-11(23)13(21-8(3)17)14(22-9(4)18)12(10)20-7(2)16;1-4-7(5-2)6-3;/h10-14,23H,5H2,1-4H3;4-6H2,1-3H3;/q;;+1/p-1",28468,CCP(=[Au]SC1CC(OC(=O)C)C(OC(=O)C)C(OC(=O)C)C1OC(=O)C)(CC)CC,NA
Input,Doxifluridine,0.22299724,InputSig,NA,NA,LINCSCP_125281,HT29,0.37uM,24h,large intestine,NA,NA,ZWAOHEXOSAUJHY-YQHTUYAKSA-N,"InChI=1S/C9H11FN2O5/c1-3-5(13)6(14)8(17-3)12-2-4(10)7(15)11-9(12)16/h2-3,5-6,8,13-14H,1H3,(H,11,15,16)/t3-,5-,6+,8-/m1/s1",27081,C[C@H]1O[C@H]([C@@H](O)[C@@H]1O)N2C=C(F)C(=O)NC2=O,NA
Input,ZINC28755859,0.22299627,InputSig,NA,NA,LINCSCP_32677,MCF7,10uM,6h,breast,IGF-1 inhibitor,INSR,AMJJLDJPDLKNJA-NSHDSACASA-N,"InChI=1S/C11H11O4P/c12-11(16(13,14)15)10-6-5-8-3-1-2-4-9(8)7-10/h1-7,11-12H,(H2,13,14,15)/t11-/m0/s1",7071,O[C@H](c1ccc2ccccc2c1)P(=O)(O)O,NA
Input,Nomilin,0.22296866,InputSig,NA,NA,LINCSCP_55574,VCAP,10uM,24h,prostate,HSP inhibitor,NA,KPDOJFFZKAUIOE-ZUDUQEJMSA-N,"InChI=1S/C28H34O9/c1-14(29)34-19-12-20(31)36-24(2,3)17-11-18(30)27(6)16(26(17,19)5)7-9-25(4)21(15-8-10-33-13-15)35-23(32)22-28(25,27)37-22/h8,10,13,16-17,19,21-22H,7,9,11-12H2,1-6H3/t16?,17?,19-,21+,22-,25+,26-,27+,28-/m1/s1",22155,CC(=O)O[C@@H]1CC(=O)OC(C)(C)C2CC(=O)[C@]3(C)C(CC[C@@]4(C)[C@@H](OC(=O)[C@H]5O[C@@]345)c6cocc6)[C@@]12C,NA
Input,ITK Inhibitor,0.22295875,InputSig,NA,NA,LINCSCP_38897,MDAMB231,10uM,24h,NA,ITK inhibitor,ITK,RRHONYZEMUNMJX-UHFFFAOYSA-N,"InChI=1S/C31H39N5O4S2/c1-19(2)21(4)32-17-23-7-9-24(10-8-23)29(38)34-31-33-18-28(42-31)41-27-16-25(26(40-6)15-20(27)3)30(39)36-13-11-35(12-14-36)22(5)37/h7-10,15-16,18-19,21,32H,11-14,17H2,1-6H3,(H,33,34,38)",5068,COc1cc(C)c(Sc2cnc(NC(=O)c3ccc(CNC(C)C(C)C)cc3)s2)cc1C(=O)N4CCN(CC4)C(=O)C,NA
Input,N9-Isopropylolomoucine,0.22295805,InputSig,NA,NA,LINCSCP_39798,MDST8,100uM,6h,intestine,CDK inhibitor,CDK1|CDK5,WHDJEAZLMYPLGL-UHFFFAOYSA-N,"InChI=1S/C17H22N6O/c1-12(2)23-11-20-14-15(19-10-13-6-4-3-5-7-13)21-17(18-8-9-24)22-16(14)23/h3-7,11-12,24H,8-10H2,1-2H3,(H2,18,19,21,22)",35984,CC(C)n1cnc2c(NCc3ccccc3)nc(NCCO)nc12,NA
Input,"2-Amino-5,6-dihydro-6-methyl-4H-1,3-thiazine",0.22294584,InputSig,NA,NA,LINCSCP_55735,VCAP,10uM,6h,prostate,Nitric oxide synthase inhibitor,NA,BATVOUKHGLKDGQ-UHFFFAOYSA-N,"InChI=1S/C5H10N2S/c1-4-2-3-7-5(6)8-4/h4H,2-3H2,1H3,(H2,6,7)",15045,CC1CCN=C(N)S1,NA
Input,MLS002699811,0.22293648,InputSig,NA,NA,LINCSCP_5297,A549,10uM,6h,lung,NA,NA,DXDDWXHNWRDUCF-UHFFFAOYSA-N,"InChI=1S/C17H20Cl2N4OS/c1-2-7-22-9-12-15(20-10-22)23(17(25)21-16(12)24)8-6-11-4-3-5-13(18)14(11)19/h3-5,20H,2,6-10H2,1H3,(H,21,24,25)",35960,CCCN1CNC2=C(C1)C(=O)NC(=S)N2CCc3cccc(Cl)c3Cl,NA
Input,BRD-K00544996,0.22285289,InputSig,NA,NA,LINCSCP_118303,HT29,0.12uM,24h,large intestine,Peroxisome proliferator-activated receptor alpha agonist|Peroxisome proliferator-activated receptor gamma agonist,PPARA|PPARG,RGLUKSSVDYQFDC-RDBSUJKOSA-N,"InChI=1S/C16H24N2O4/c19-9-14-13(18-16(21)10-4-5-10)7-6-12(22-14)8-15(20)17-11-2-1-3-11/h6-7,10-14,19H,1-5,8-9H2,(H,17,20)(H,18,21)/t12-,13+,14+/m1/s1",1105,OC[C@@H]1O[C@@H](CC(=O)NC2CCC2)C=C[C@@H]1NC(=O)C3CC3,NA
Input,BRD-K21918725,0.22280212,InputSig,NA,NA,LINCSCP_222140,HL60,0.5uM,24h,haematopoietic and lymphoid tissue,NA,NA,XVMDUCPLYPUKEG-UHFFFAOYSA-N,"InChI=1S/C22H23FN6S/c1-16-18(15-24-26-22(30)25-20-12-6-5-11-19(20)23)21(28-13-7-8-14-28)29(27-16)17-9-3-2-4-10-17/h2-6,9-12,15H,7-8,13-14H2,1H3,(H2,25,26,30)",26440,Cc1nn(c2ccccc2)c(N3CCCC3)c1C=NNC(=S)Nc4ccccc4F,NA
Input,BRD-K71531260,0.22279392,InputSig,NA,NA,LINCSCP_61815,VCAP,5uM,24h,prostate,NA,NA,YJKUDHPPBXQQCK-SOLBZPMBSA-N,"InChI=1S/C20H29N3O5/c1-23(2)12-20(26)22-16-9-8-15(28-18(16)13-24)10-19(25)21-11-14-6-4-5-7-17(14)27-3/h4-9,15-16,18,24H,10-13H2,1-3H3,(H,21,25)(H,22,26)/t15-,16+,18-/m1/s1",3418,COc1ccccc1CNC(=O)C[C@@H]2O[C@H](CO)[C@@H](NC(=O)CN(C)C)C=C2,NA
Input,Sulbactam,0.22279259,InputSig,NA,NA,LINCSCP_108620,HELA,0.37uM,24h,large intestine,NA,NA,FKENQMMABCRJMK-PHDIDXHHSA-N,"InChI=1S/C8H11NO5S/c1-8(2)6(7(11)12)9-4(10)3-5(9)15(8,13)14/h5-6H,3H2,1-2H3,(H,11,12)/t5-,6-/m1/s1",26831,CC1(C)[C@H](N2[C@@H](CC2=O)S1(=O)=O)C(=O)O,NA
Input,Sulbactam,0.22279259,InputSig,NA,NA,LINCSCP_108620,HELA,0.37uM,24h,large intestine,NA,NA,FKENQMMABCRJMK-RITPCOANSA-N,"InChI=1S/C8H11NO5S/c1-8(2)6(7(11)12)9-4(10)3-5(9)15(8,13)14/h5-6H,3H2,1-2H3,(H,11,12)/t5-,6+/m1/s1",36463,CC1(C)[C@@H](N2[C@@H](CC2=O)S1(=O)=O)C(=O)O,4
Input,Relcovaptan,0.22276013,InputSig,NA,NA,LINCSCP_289352,VCAP,10uM,24h,prostate,Vasopressin receptor antagonist,AVPR1A|OXTR,CEBYCSRFKCEUSW-NAYZPBBASA-N,"InChI=1S/C28H27Cl2N3O7S/c1-39-23-12-10-17(15-24(23)40-2)41(37,38)33-21-11-9-16(29)14-19(21)28(36,18-6-3-4-7-20(18)30)25(33)27(35)32-13-5-8-22(32)26(31)34/h3-4,6-7,9-12,14-15,22,25,36H,5,8,13H2,1-2H3,(H2,31,34)/t22-,25-,28+/m0/s1",36189,COc1ccc(cc1OC)S(=O)(=O)N2[C@@H](C(=O)N3CCC[C@H]3C(=O)N)[C@@](O)(c4ccccc4Cl)c5cc(Cl)ccc25,2
Input,MK-212,0.22269955,InputSig,NA,NA,LINCSCP_56663,VCAP,10uM,24h,prostate,Serotonin receptor agonist,HTR2C,CJAWPFJGFFNXQI-UHFFFAOYSA-N,"InChI=1S/C8H11ClN4/c9-7-5-11-6-8(12-7)13-3-1-10-2-4-13/h5-6,10H,1-4H2",15477,Clc1cncc(n1)N2CCNCC2,NA
Input,AGK 2,0.22263441,InputSig,NA,NA,LINCSCP_117319,HT29,1.11uM,24h,large intestine,SIRT inhibitor,SIRT2,SVENPFFEMUOOGK-SDNWHVSQSA-N,"InChI=1S/C23H13Cl2N3O2/c24-15-6-8-19(25)18(12-15)22-9-7-16(30-22)11-14(13-26)23(29)28-21-5-1-4-20-17(21)3-2-10-27-20/h1-12H,(H,28,29)/b14-11+",40287,Clc1ccc(Cl)c(c1)c2oc(\C=C(/C#N)\C(=O)Nc3cccc4ncccc34)cc2,NA
Input,MLS002729053,0.22261346,InputSig,NA,NA,LINCSCP_22256,HEPG2,10uM,6h,liver,NA,NA,YBZYCCDTZPMLOW-UHFFFAOYSA-N,"InChI=1S/C11H14FN5OS/c1-2-7-15-17-10(18)8(12)9(14-11(17)19-7)16-5-3-13-4-6-16/h13H,2-6H2,1H3",1269,CCC1=NN2C(=O)C(=C(N=C2S1)N3CCNCC3)F,NA
Input,MLS003129344,0.22258918,InputSig,NA,NA,LINCSCP_60600,VCAP,5uM,24h,prostate,NA,NA,YAZCQYURBLEIHO-MRJKTFCFSA-N,"InChI=1S/C29H39N5O3/c1-22-17-33(23(2)20-35)29(36)10-7-15-34-27(16-30-31-34)21-37-28(22)19-32(3)18-24-11-13-26(14-12-24)25-8-5-4-6-9-25/h4-6,8-9,11-14,16,22-23,28,35H,7,10,15,17-21H2,1-3H3/t22-,23-,28+/m1/s1",16811,C[C@H](CO)N1C[C@@H](C)[C@H](CN(C)Cc2ccc(cc2)c3ccccc3)OCc4cnnn4CCCC1=O,NA
Input,BIX01294,0.22253242,InputSig,NA,NA,LINCSCP_16282,HA1E,10uM,6h,kidney epithelial,DNA methyltransferase inhibitor|Histone lysine methyltransferase inhibitor,EHMT2,OSXFATOLZGZLSK-UHFFFAOYSA-N,"InChI=1S/C28H38N6O2/c1-32-12-7-13-34(17-16-32)28-30-24-19-26(36-3)25(35-2)18-23(24)27(31-28)29-22-10-14-33(15-11-22)20-21-8-5-4-6-9-21/h4-6,8-9,18-19,22H,7,10-17,20H2,1-3H3,(H,29,30,31)",16163,COc1cc2nc(nc(NC3CCN(Cc4ccccc4)CC3)c2cc1OC)N5CCCN(C)CC5,NA
Input,Rosmarinic acid,0.22252134,InputSig,NA,NA,LINCSCP_55944,VCAP,10uM,24h,prostate,GABA transaminase inhibitor,NA,DOUMFZQKYFQNTF-WUTVXBCWSA-N,"InChI=1S/C18H16O8/c19-12-4-1-10(7-14(12)21)3-6-17(23)26-16(18(24)25)9-11-2-5-13(20)15(22)8-11/h1-8,16,19-22H,9H2,(H,24,25)/b6-3+/t16-/m1/s1",37491,OC(=O)[C@@H](Cc1ccc(O)c(O)c1)OC(=O)\C=C\c2ccc(O)c(O)c2,NA
Input,BRD-K64418359,0.22245422,InputSig,NA,NA,LINCSCP_63620,VCAP,5uM,6h,prostate,NA,NA,HDTRYUIMSWCRLO-YIYPIFLZSA-N,"InChI=1S/C16H25N3O7S/c1-18-7-15(17-10-18)27(22,23)19-6-11(20)8-25-9-14-13(19)4-3-12(26-14)5-16(21)24-2/h7,10-14,20H,3-6,8-9H2,1-2H3/t11-,12-,13+,14-/m1/s1",3938,COC(=O)C[C@H]1CC[C@H]2[C@@H](COC[C@H](O)CN2S(=O)(=O)c3cn(C)cn3)O1,NA
Input,LCL161,0.22240097,InputSig,NA,NA,LINCSCP_72505,A375,0.04uM,24h,skin,NA,NA,UFPFGVNKHCLJJO-SSKFGXFMSA-N,"InChI=1S/C26H33FN4O3S/c1-16(28-2)24(33)30-22(17-7-4-3-5-8-17)26(34)31-14-6-9-21(31)25-29-20(15-35-25)23(32)18-10-12-19(27)13-11-18/h10-13,15-17,21-22,28H,3-9,14H2,1-2H3,(H,30,33)/t16-,21-,22-/m0/s1",27168,CN[C@@H](C)C(=O)N[C@@H](C1CCCCC1)C(=O)N2CCC[C@H]2c3nc(cs3)C(=O)c4ccc(F)cc4,NA
Input,BRD-K22181332,0.22237037,InputSig,NA,NA,LINCSCP_62130,VCAP,5uM,24h,prostate,NA,NA,QHWKOKDSIMAAGX-BRWVUGGUSA-N,"InChI=1S/C18H26N2O5/c1-12(22)20-16-7-6-15(25-17(16)11-21)9-18(23)19-10-13-4-3-5-14(8-13)24-2/h3-5,8,15-17,21H,6-7,9-11H2,1-2H3,(H,19,23)(H,20,22)/t15-,16-,17-/m1/s1",6234,COc1cccc(CNC(=O)C[C@H]2CC[C@@H](NC(=O)C)[C@@H](CO)O2)c1,NA
Input,Ibudilast,0.22236548,InputSig,NA,NA,LINCSCP_55797,VCAP,10uM,6h,prostate,Leukotriene receptor antagonist|Phosphodiesterase inhibitor,MIF|PDE10A|PDE3A|PDE4A|PDE4B|PDE4C|PDE4D|TLR4,ZJVFLBOZORBYFE-UHFFFAOYSA-N,"InChI=1S/C14H18N2O/c1-9(2)13-12(14(17)10(3)4)11-7-5-6-8-16(11)15-13/h5-10H,1-4H3",35562,CC(C)C(=O)c1c(nn2ccccc12)C(C)C,2
Input,BRD-K85322309,0.22236102,InputSig,NA,NA,LINCSCP_63534,VCAP,5uM,24h,prostate,NA,NA,QYSMODXJNCJWNA-UZKJWJASSA-N,"InChI=1S/C26H32ClN3O5/c1-17(18-6-3-2-4-7-18)28-25(32)13-22-10-11-23-24(35-22)16-34-15-21(31)14-30(23)26(33)29-20-9-5-8-19(27)12-20/h2-9,12,17,21-24,31H,10-11,13-16H2,1H3,(H,28,32)(H,29,33)/t17-,21+,22-,23-,24+/m1/s1",4408,C[C@@H](NC(=O)C[C@H]1CC[C@@H]2[C@H](COC[C@@H](O)CN2C(=O)Nc3cccc(Cl)c3)O1)c4ccccc4,NA
Input,BRD-K11833731,0.2223332,InputSig,NA,NA,LINCSCP_303246,VCAP,5uM,6h,prostate,NA,NA,RREKHFLFIWGNNG-YAFQURIPSA-N,"InChI=1S/C25H28FN3O6/c26-19-3-1-2-4-20(19)28-25(32)27-15-5-6-21-17(11-15)18-12-16(34-22(14-30)24(18)35-21)13-23(31)29-7-9-33-10-8-29/h1-6,11,16,18,22,24,30H,7-10,12-14H2,(H2,27,28,32)/t16-,18+,22+,24-/m0/s1",23418,OC[C@H]1O[C@H](CC(=O)N2CCOCC2)C[C@H]3[C@@H]1Oc4ccc(NC(=O)Nc5ccccc5F)cc34,NA
Input,BDBM37535,0.22230333,InputSig,NA,NA,LINCSCP_15107,HA1E,10uM,6h,kidney epithelial,Protein synthesis inhibitor,NA,RNPLSXLZRGPQCU-NRIWTTEBSA-N,"InChI=1S/C22H23ClN2O8/c1-21(32)7-6-8-15(25(2)3)17(28)13(20(24)31)19(30)22(8,33)18(29)11(7)16(27)12-10(26)5-4-9(23)14(12)21/h4-5,7-8,11,13,15,26,32-33H,6H2,1-3H3,(H2,24,31)/t7?,8-,11?,13?,15-,21-,22-/m0/s1",153,CN(C)[C@H]1[C@@H]2CC3C(C(=O)c4c(O)ccc(Cl)c4[C@@]3(C)O)C(=O)[C@]2(O)C(=O)C(C(=O)N)C1=O,NA
Input,PK-11195,0.22230101,InputSig,NA,NA,LINCSCP_21596,HEPG2,100uM,6h,liver,Benzodiazepine receptor antagonist,TSPO,RAVIZVQZGXBOQO-UHFFFAOYSA-N,"InChI=1S/C21H21ClN2O/c1-4-14(2)24(3)21(25)19-13-15-9-5-6-10-16(15)20(23-19)17-11-7-8-12-18(17)22/h5-14H,4H2,1-3H3",33420,CCC(C)N(C)C(=O)c1cc2ccccc2c(n1)c3ccccc3Cl,NA
Input,BRD-K23582869-001-01-3,0.22221377,InputSig,NA,NA,LINCSCP_41953,NOMO1,0.5uM,24h,haematopoietic and lymphoid tissue,NA,NA,FIGGLCUVZRSRTI-KTTQJHDCSA-N,"InChI=1S/C43H53N5O6/c1-30-26-48(31(2)29-49)43(52)25-33-24-34(45-41(50)16-8-5-9-17-42(51)46-38-15-11-10-14-37(38)44)20-23-39(33)54-40(30)28-47(3)27-32-18-21-36(22-19-32)53-35-12-6-4-7-13-35/h4,6-7,10-15,18-24,30-31,40,49H,5,8-9,16-17,25-29,44H2,1-3H3,(H,45,50)(H,46,51)/t30-,31-,40-/m1/s1",32304,C[C@H](CO)N1C[C@@H](C)[C@@H](CN(C)Cc2ccc(Oc3ccccc3)cc2)Oc4ccc(NC(=O)CCCCCC(=O)Nc5ccccc5N)cc4CC1=O,NA
Input,CHEMBL1515144,0.22199288,InputSig,NA,NA,LINCSCP_21937,HEPG2,10uM,6h,liver,NA,NA,KBEZZFIQPRMPRG-UHFFFAOYSA-N,"InChI=1S/C22H19N3O2S/c1-2-25(12-17-4-3-9-28-17)22-18-10-15(5-7-19(18)23-13-24-22)16-6-8-20-21(11-16)27-14-26-20/h3-11,13H,2,12,14H2,1H3",36126,CCN(Cc1cccs1)c2ncnc3ccc(cc23)c4ccc5OCOc5c4,NA
Input,BRD-K09426613,0.22199269,InputSig,NA,NA,LINCSCP_61409,VCAP,5uM,24h,prostate,NA,NA,KKDNYDXSJAWXCE-MVYHEMRASA-N,"InChI=1S/C29H35N3O5/c1-18-14-32(19(2)16-33)28(34)25-13-9-8-12-24(25)23-11-7-6-10-22(23)17-36-26(18)15-31(5)29(35)27-20(3)30-37-21(27)4/h6-13,18-19,26,33H,14-17H2,1-5H3/t18-,19+,26+/m1/s1",33833,C[C@@H](CO)N1C[C@@H](C)[C@H](CN(C)C(=O)c2c(C)onc2C)OCc3ccccc3c4ccccc4C1=O,NA
Input,SRC Kinase Inhibitor II,0.22194881,InputSig,NA,NA,LINCSCP_289354,VCAP,10uM,24h,prostate,Src inhibitor,NA,YDQTWBQMVSTLRU-UHFFFAOYSA-N,"InChI=1S/C22H20N4O3S/c1-13-9-16-11-18(29-3)7-8-19(16)26-21(13)24-25-22(26)30-12-20(28)23-17-6-4-5-15(10-17)14(2)27/h4-11H,12H2,1-3H3,(H,23,28)",23112,COc1ccc2c(cc(C)c3nnc(SCC(=O)Nc4cccc(c4)C(=O)C)n23)c1,NA
Input,SPOX1_002285,0.22191374,InputSig,NA,NA,LINCSCP_32218,MCF7,10uM,24h,breast,NA,NA,RGVMPEAPGDOWBX-IGEPHXAOSA-N,"InChI=1S/C50H49N3O13/c1-5-25-51-44(55)39-41-47(58)66-42(33-16-10-7-11-17-33)40(32-14-8-6-9-15-32)53(41)43(34-20-22-35(23-21-34)64-27-26-54)50(39)37-30-31(13-12-18-36(45(56)62-3)46(57)63-4)19-24-38(37)52(48(50)59)49(60)65-29-28-61-2/h5-11,14-17,19-24,30,36,39-43,54H,1,18,25-29H2,2-4H3,(H,51,55)/t39-,40-,41-,42+,43+,50-/m0/s1",23168,COCCOC(=O)N1C(=O)[C@]2([C@@H]([C@@H]3N([C@H]([C@H](OC3=O)c4ccccc4)c5ccccc5)[C@@H]2c6ccc(OCCO)cc6)C(=O)NCC=C)c7cc(ccc17)C#CCC(C(=O)OC)C(=O)OC,NA
Input,PHA-665752,0.22191169,InputSig,NA,NA,LINCSCP_235386,MCF10A,1uM,24h,breast epithelial,C-Met inhibitor,MET,OYONTEXKYJZFHA-OAQYLSRUSA-N,"InChI=1S/C32H34Cl2N4O4S/c1-19-29(35-20(2)30(19)32(40)38-14-6-7-21(38)17-37-12-3-4-13-37)16-24-23-15-22(10-11-28(23)36-31(24)39)43(41,42)18-25-26(33)8-5-9-27(25)34/h5,8-11,15-16,21,35H,3-4,6-7,12-14,17-18H2,1-2H3,(H,36,39)/t21-/m1/s1",27313,Cc1[nH]c(C=C2C(=O)Nc3ccc(cc23)S(=O)(=O)Cc4c(Cl)cccc4Cl)c(C)c1C(=O)N5CCC[C@@H]5CN6CCCC6,NA
Input,PHA-665752,0.22191169,InputSig,NA,NA,LINCSCP_235386,MCF10A,1uM,24h,breast epithelial,C-Met inhibitor,MET,OYONTEXKYJZFHA-SSHUPFPWSA-N,"InChI=1S/C32H34Cl2N4O4S/c1-19-29(35-20(2)30(19)32(40)38-14-6-7-21(38)17-37-12-3-4-13-37)16-24-23-15-22(10-11-28(23)36-31(24)39)43(41,42)18-25-26(33)8-5-9-27(25)34/h5,8-11,15-16,21,35H,3-4,6-7,12-14,17-18H2,1-2H3,(H,36,39)/b24-16-/t21-/m1/s1",37783,Cc1[nH]c(\C=C\2/C(=O)Nc3ccc(cc23)S(=O)(=O)Cc4c(Cl)cccc4Cl)c(C)c1C(=O)N5CCC[C@@H]5CN6CCCC6,NA
Input,Ergothioneine,0.22189561,InputSig,NA,NA,LINCSCP_90734,HA1E,10uM,24h,kidney epithelial,NA,NA,SSISHJJTAXXQAX-ZETCQYMHSA-O,"InChI=1S/C9H15N3O2S/c1-12(2,3)7(8(13)14)4-6-5-10-9(15)11-6/h5,7H,4H2,1-3H3,(H2-,10,11,13,14,15)/p+1/t7-/m0/s1",27029,C[N+](C)(C)[C@@H](CC1=CNC(=S)N1)C(=O)O,NA
Input,Amitriptyline,0.22180271,InputSig,NA,NA,LINCSCP_168703,YAPC,10uM,24h,pancreas,Serotonin transporter inhibitor|Norepinephrine transporter inhibitor,CHRM1|CHRM2|CHRM3|CHRM4|CHRM5|HRH1|HTR6|SLC6A2|SLC6A4,KRMDCWKBEZIMAB-UHFFFAOYSA-N,"InChI=1S/C20H23N/c1-21(2)15-7-12-20-18-10-5-3-8-16(18)13-14-17-9-4-6-11-19(17)20/h3-6,8-12H,7,13-15H2,1-2H3",15727,CN(C)CCC=C1c2ccccc2CCc3ccccc13,4
Input,BRD-K72217541,0.22179914,InputSig,NA,NA,LINCSCP_184002,A375,5uM,24h,skin,NA,NA,HZAABOSBDYXUMN-AKAGGGOCSA-N,"InChI=1S/C27H33F3N2O5/c28-27(29,30)12-13-32-16-20(33)17-35-18-25-24(32)11-10-23(37-25)14-26(34)31-15-19-6-8-22(9-7-19)36-21-4-2-1-3-5-21/h1-9,20,23-25,33H,10-18H2,(H,31,34)/t20-,23+,24+,25-/m1/s1",4243,O[C@H]1COC[C@H]2O[C@H](CC(=O)NCc3ccc(Oc4ccccc4)cc3)CC[C@@H]2N(CCC(F)(F)F)C1,NA
Input,Temozolomide,0.22178252,InputSig,NA,NA,LINCSCP_698,A375,10uM,24h,skin,DNA alkylating drug,MGMT,BPEGJWRSRHCHSN-UHFFFAOYSA-N,"InChI=1S/C6H6N6O2/c1-11-6(14)12-2-8-3(4(7)13)5(12)9-10-11/h2H,1H3,(H2,7,13)",11975,CN1N=Nc2c(ncn2C1=O)C(=O)N,4
Input,Levosalbutamol,0.22175542,InputSig,NA,NA,LINCSCP_153676,PC3,0.12uM,24h,prostate,Adrenergic receptor agonist,ADRB2,NDAUXUAQIAJITI-LBPRGKRZSA-N,"InChI=1S/C13H21NO3/c1-13(2,3)14-7-12(17)9-4-5-11(16)10(6-9)8-15/h4-6,12,14-17H,7-8H2,1-3H3/t12-/m0/s1",16328,CC(C)(C)NC[C@H](O)c1ccc(O)c(CO)c1,4
Input,CGS-12066A,0.22168387,InputSig,NA,NA,LINCSCP_33198,MCF7,10uM,6h,breast,Serotonin receptor agonist,HTR1B,LXFHSCDLMBZYKY-UHFFFAOYSA-N,"InChI=1S/C17H17F3N4/c1-22-7-9-23(10-8-22)16-15-3-2-6-24(15)14-5-4-12(17(18,19)20)11-13(14)21-16/h2-6,11H,7-10H2,1H3",15464,CN1CCN(CC1)c2nc3cc(ccc3n4cccc24)C(F)(F)F,NA
Input,Lonidamine,0.22158747,InputSig,NA,NA,LINCSCP_66299,WSUDLCL2,100uM,6h,haematopoietic and lymphoid tissue,Glucokinase inhibitor,NA,WDRYRZXSPDWGEB-UHFFFAOYSA-N,"InChI=1S/C15H10Cl2N2O2/c16-10-6-5-9(12(17)7-10)8-19-13-4-2-1-3-11(13)14(18-19)15(20)21/h1-7H,8H2,(H,20,21)",36698,OC(=O)c1nn(Cc2ccc(Cl)cc2Cl)c3ccccc13,3
Input,Adenosine,0.22153642,InputSig,NA,NA,LINCSCP_75051,A375,0.12uM,24h,skin,Adenosine receptor agonist,ADORA1|ADORA2A|ADORA2B|ADORA3,OIRDTQYFTABQOQ-KQYNXXCUSA-N,"InChI=1S/C10H13N5O4/c11-8-5-9(13-2-12-8)15(3-14-5)10-7(18)6(17)4(1-16)19-10/h2-4,6-7,10,16-18H,1H2,(H2,11,12,13)/t4-,6-,7-,10-/m1/s1",37644,Nc1ncnc2c1ncn2[C@@H]3O[C@H](CO)[C@@H](O)[C@H]3O,4
Input,BRD-K23985677,0.22149477,InputSig,NA,NA,LINCSCP_61576,VCAP,5uM,24h,prostate,NA,NA,NRKUZRFIJSCRHL-YZIHRLCOSA-N,"InChI=1S/C30H37N5O5S/c1-20-14-35(21(2)17-36)30(37)29-28(24-12-8-9-13-25(24)34(29)5)23-11-7-6-10-22(23)18-40-26(20)15-33(4)41(38,39)27-16-32(3)19-31-27/h6-13,16,19-21,26,36H,14-15,17-18H2,1-5H3/t20-,21+,26-/m1/s1",2486,C[C@@H](CO)N1C[C@@H](C)[C@@H](CN(C)S(=O)(=O)c2cn(C)cn2)OCc3ccccc3c4c(C1=O)n(C)c5ccccc45,NA
Input,BRD-K93368389,0.2214827,InputSig,NA,NA,LINCSCP_297493,VCAP,5uM,24h,prostate,NA,NA,PTEFBLKOTMQJFG-JGGRACFLSA-N,"InChI=1S/C24H31FN2O6S2/c1-5-6-19-7-12-24-22(13-19)33-23(17(2)14-27(18(3)16-28)35(24,31)32)15-26(4)34(29,30)21-10-8-20(25)9-11-21/h5-13,17-18,23,28H,14-16H2,1-4H3/b6-5+/t17-,18-,23-/m0/s1",25806,C\C=C\c1ccc2c(O[C@@H](CN(C)S(=O)(=O)c3ccc(F)cc3)[C@@H](C)CN([C@@H](C)CO)S2(=O)=O)c1,NA
Input,MLS001065863,0.22146109,InputSig,NA,NA,LINCSCP_22184,HEPG2,10uM,6h,liver,NA,NA,GZMDFKPAEJIEIJ-IBGZPJMESA-N,"InChI=1S/C23H23N3O3/c1-23(2)20-17(16-9-4-5-10-18(16)24-20)12-19-21(27)25(22(28)26(19)23)13-14-7-6-8-15(11-14)29-3/h4-11,19,24H,12-13H2,1-3H3/t19-/m0/s1",15546,COc1cccc(CN2C(=O)[C@@H]3Cc4c([nH]c5ccccc45)C(C)(C)N3C2=O)c1,NA
Input,BRD-K73942053,0.2214535,InputSig,NA,NA,LINCSCP_61492,VCAP,5uM,24h,prostate,NA,NA,RWOMJVAVZPFCIF-KERYWQKISA-N,"InChI=1S/C30H33N3O5S/c1-21-17-33(22(2)19-34)30(35)28-14-7-6-13-27(28)26-12-5-4-10-24(26)20-38-29(21)18-32(3)39(36,37)25-11-8-9-23(15-25)16-31/h4-15,21-22,29,34H,17-20H2,1-3H3/t21-,22+,29-/m0/s1",25602,C[C@H](CO)N1C[C@H](C)[C@H](CN(C)S(=O)(=O)c2cccc(c2)C#N)OCc3ccccc3c4ccccc4C1=O,NA
Input,BRD-K68311329,0.22145332,InputSig,NA,NA,LINCSCP_60224,VCAP,5uM,24h,prostate,NA,NA,PGLSEMLPCXRKER-YYULODDRSA-N,"InChI=1S/C28H33N3O6/c1-17-13-31(18(2)15-32)28(34)22-10-21(19-6-4-5-7-19)12-29-26(22)37-25(17)14-30(3)27(33)20-8-9-23-24(11-20)36-16-35-23/h6,8-12,17-18,25,32H,4-5,7,13-16H2,1-3H3/t17-,18+,25+/m0/s1",22772,C[C@H](CO)N1C[C@H](C)[C@@H](CN(C)C(=O)c2ccc3OCOc3c2)Oc4ncc(cc4C1=O)C5=CCCC5,NA
Input,BRD-K84336022,0.22140971,InputSig,NA,NA,LINCSCP_63313,VCAP,5uM,6h,prostate,NA,NA,MBWHXZFHLNKYMT-PIPMEXSNSA-N,"InChI=1S/C25H31N5O5S/c1-28-7-9-30(10-8-28)23(31)12-17-4-5-20-22(35-17)13-34-21-6-3-16(11-18(21)25(33)29(20)2)27-24(32)19-14-36-15-26-19/h3,6,11,14-15,17,20,22H,4-5,7-10,12-13H2,1-2H3,(H,27,32)/t17-,20+,22-/m1/s1",4360,CN1CCN(CC1)C(=O)C[C@H]2CC[C@H]3[C@@H](COc4ccc(NC(=O)c5cscn5)cc4C(=O)N3C)O2,NA
Input,Iniparib,0.22137643,InputSig,NA,NA,LINCSCP_117257,HT29,10uM,24h,large intestine,PARP inhibitor,PARP1,MDOJTZQKHMAPBK-UHFFFAOYSA-N,"InChI=1S/C7H5IN2O3/c8-5-2-1-4(7(9)11)3-6(5)10(12)13/h1-3H,(H2,9,11)",35218,NC(=O)c1ccc(I)c(c1)[N+](=O)[O-],3
Input,Patupilone,0.22131465,InputSig,NA,NA,LINCSCP_32051,MCF7,10uM,6h,breast,Microtubule inhibitor,TUBB,QXRSDHAAWVKZLJ-PVYNADRNSA-N,"InChI=1S/C27H41NO6S/c1-15-9-8-10-27(7)22(34-27)12-20(16(2)11-19-14-35-18(4)28-19)33-23(30)13-21(29)26(5,6)25(32)17(3)24(15)31/h11,14-15,17,20-22,24,29,31H,8-10,12-13H2,1-7H3/b16-11+/t15-,17+,20-,21-,22-,24-,27+/m0/s1",17680,C[C@H]1CCC[C@@]2(C)O[C@H]2C[C@H](OC(=O)C[C@H](O)C(C)(C)C(=O)[C@H](C)[C@H]1O)\C(=C\c3csc(C)n3)\C,3
Input,"Triazine Scaffold, 36",0.22129954,InputSig,NA,NA,LINCSCP_20010,HCC515,10uM,6h,lung,NA,NA,SOJHGFJRAQRFOT-UHFFFAOYSA-N,"InChI=1S/C21H24N6O2/c28-15-12-22-19-24-20(26-21(25-19)27-13-6-7-14-27)23-17-10-4-5-11-18(17)29-16-8-2-1-3-9-16/h1-5,8-11,28H,6-7,12-15H2,(H2,22,23,24,25,26)",18204,OCCNc1nc(Nc2ccccc2Oc3ccccc3)nc(n1)N4CCCC4,NA
Input,Isocycloheximide,0.22113882,InputSig,NA,NA,LINCSCP_52712,SKB,10uM,24h,NA,Protein synthesis inhibitor,RPL3,YPHMISFOHDHNIV-UHFFFAOYSA-N,"InChI=1S/C15H23NO4/c1-8-3-9(2)15(20)11(4-8)12(17)5-10-6-13(18)16-14(19)7-10/h8-12,17H,3-7H2,1-2H3,(H,16,18,19)",15279,CC1CC(C)C(=O)C(C1)C(O)CC2CC(=O)NC(=O)C2,NA
Input,"3-Tropanyl-3,5-dichlorobenzoate",0.22111006,InputSig,NA,NA,LINCSCP_11253,ASC,10uM,24h,adipose,Serotonin receptor antagonist,HTR3A,MNJNPLVXBISNSX-UHFFFAOYSA-N,"InChI=1S/C15H17Cl2NO2/c1-18-12-2-3-13(18)8-14(7-12)20-15(19)9-4-10(16)6-11(17)5-9/h4-6,12-14H,2-3,7-8H2,1H3",2154,CN1C2CCC1CC(C2)OC(=O)c3cc(Cl)cc(Cl)c3,NA
Input,SA-1938756,0.22108975,InputSig,NA,NA,LINCSCP_37011,MCF7,10uM,24h,breast,NA,NA,XAQJKRDUCBGEHR-RUZDIDTESA-N,"InChI=1S/C30H29FN4O4/c1-39-22-11-12-23-24(14-22)33-28-25(15-36)35(29(38)32-21-9-7-20(31)8-10-21)18-30(27(23)28)16-34(17-30)26(37)13-19-5-3-2-4-6-19/h2-12,14,25,33,36H,13,15-18H2,1H3,(H,32,38)/t25-/m1/s1",11670,COc1ccc2c3c([nH]c2c1)[C@@H](CO)N(CC34CN(C4)C(=O)Cc5ccccc5)C(=O)Nc6ccc(F)cc6,NA
Input,1-[4-[3-(4-Fluorophenoxy)phenyl]but-3-en-2-yl]-1-hydroxyurea,0.2210794,InputSig,NA,NA,LINCSCP_50065,PHH,10uM,24h,NA,Lipoxygenase inhibitor,ALOX5,UAIYNMRLUHHRMF-UHFFFAOYSA-N,"InChI=1S/C17H17FN2O3/c1-12(20(22)17(19)21)5-6-13-3-2-4-16(11-13)23-15-9-7-14(18)8-10-15/h2-12,22H,1H3,(H2,19,21)",417,CC(C=Cc1cccc(Oc2ccc(F)cc2)c1)N(O)C(=O)N,NA
Input,BRD-K97008061,0.22106806,InputSig,NA,NA,LINCSCP_63200,VCAP,5uM,6h,prostate,NA,NA,BPKNALSRVQDTLI-ULQDDVLXSA-N,"InChI=1S/C18H15FN2O2/c19-14-9-5-4-8-13(14)18(23)21-15(10-20)17(16(21)11-22)12-6-2-1-3-7-12/h1-9,15-17,22H,11H2/t15-,16-,17-/m0/s1",4828,OC[C@H]1[C@H]([C@H](C#N)N1C(=O)c2ccccc2F)c3ccccc3,NA
Input,Probucol,0.22101619,InputSig,NA,NA,LINCSCP_14293,HA1E,10uM,6h,kidney epithelial,Atherogenesis inhibitor,ABCA1,FYPMFJGVHOHGLL-UHFFFAOYSA-N,"InChI=1S/C31H48O2S2/c1-27(2,3)21-15-19(16-22(25(21)32)28(4,5)6)34-31(13,14)35-20-17-23(29(7,8)9)26(33)24(18-20)30(10,11)12/h15-18,32-33H,1-14H3",38530,CC(C)(C)c1cc(SC(C)(C)Sc2cc(c(O)c(c2)C(C)(C)C)C(C)(C)C)cc(c1O)C(C)(C)C,4
Input,NSC665366,0.22100375,InputSig,NA,NA,LINCSCP_33242,MCF7,10uM,6h,breast,NA,NA,WCMWVYQHPUQKHW-UHFFFAOYSA-N,"InChI=1S/C14H19IN2O/c15-13-6-4-12(5-7-13)14(18)16-8-11-17-9-2-1-3-10-17/h4-7H,1-3,8-11H2,(H,16,18)",15941,Ic1ccc(cc1)C(=O)NCCN2CCCCC2,NA
Input,BRD-K69888333,0.22099399,InputSig,NA,NA,LINCSCP_16351,HA1E,10uM,6h,kidney epithelial,NA,NA,UIWHTZIAIXNFGN-XUKQSAIQSA-N,"InChI=1S/C40H42N6O5S/c1-25-21-46(26(2)24-47)40(50)31-7-6-10-34(44-38(49)29-15-17-30(18-16-29)39-42-19-20-52-39)36(31)51-35(25)23-45(3)22-27-11-13-28(14-12-27)37(48)43-33-9-5-4-8-32(33)41/h4-20,25-26,35,47H,21-24,41H2,1-3H3,(H,43,48)(H,44,49)/t25-,26+,35-/m0/s1",13347,C[C@H](CO)N1C[C@H](C)[C@H](CN(C)Cc2ccc(cc2)C(=O)Nc3ccccc3N)Oc4c(NC(=O)c5ccc(cc5)c6nccs6)cccc4C1=O,NA
Input,Zaleplon,0.22093152,InputSig,NA,NA,LINCSCP_34631,MCF7,10uM,6h,breast,Benzodiazepine receptor agonist,GABRA1|GABRB1|GABRG2,HUNXMJYCHXQEGX-UHFFFAOYSA-N,"InChI=1S/C17H15N5O/c1-3-21(12(2)23)15-6-4-5-13(9-15)16-7-8-19-17-14(10-18)11-20-22(16)17/h4-9,11H,3H2,1-2H3",16460,CCN(C(=O)C)c1cccc(c1)c2ccnc3c(cnn23)C#N,4
Input,Pantoprazole,0.22093098,InputSig,NA,NA,LINCSCP_5805,A549,10uM,6h,lung,ATPase inhibitor,ATP4A|ATP4B,IQPSEEYGBUAQFF-UHFFFAOYSA-N,"InChI=1S/C16H15F2N3O4S/c1-23-13-5-6-19-12(14(13)24-2)8-26(22)16-20-10-4-3-9(25-15(17)18)7-11(10)21-16/h3-7,15H,8H2,1-2H3,(H,20,21)",23024,COc1ccnc(CS(=O)c2nc3cc(OC(F)F)ccc3[nH]2)c1OC,4
Input,MLS003129666,0.22089624,InputSig,NA,NA,LINCSCP_60567,VCAP,5uM,24h,prostate,NA,NA,MTUQQJRKJJVDPI-WWMYMODYSA-N,"InChI=1S/C24H33F3N6O4/c1-16-12-32(17(2)14-34)22(35)9-6-10-33-18(11-28-30-33)15-37-21(16)13-31(3)23(36)29-20-8-5-4-7-19(20)24(25,26)27/h4-5,7-8,11,16-17,21,34H,6,9-10,12-15H2,1-3H3,(H,29,36)/t16-,17+,21+/m1/s1",685,C[C@@H](CO)N1C[C@@H](C)[C@H](CN(C)C(=O)Nc2ccccc2C(F)(F)F)OCc3cnnn3CCCC1=O,NA
Input,Linifanib,0.22082531,InputSig,NA,NA,LINCSCP_99914,HCC515,1.11uM,24h,lung,PDGFR tyrosine kinase receptor inhibitor|VEGFR inhibitor,CSF1R|FLT1|FLT3|FLT4|KDR|PDGFRA|PDGFRB,MPVGZUGXCQEXTM-UHFFFAOYSA-N,"InChI=1S/C21H18FN5O/c1-12-5-10-16(22)18(11-12)25-21(28)24-14-8-6-13(7-9-14)15-3-2-4-17-19(15)20(23)27-26-17/h2-11H,1H3,(H3,23,26,27)(H2,24,25,28)",17603,Cc1ccc(F)c(NC(=O)Nc2ccc(cc2)c3cccc4[nH]nc(N)c34)c1,3
Input,Danusertib,0.22080702,InputSig,NA,NA,LINCSCP_167744,YAPC,10uM,24h,pancreas,Aurora kinase inhibitor|Growth factor receptor inhibitor,AURKA|AURKB|AURKC|FGFR1|NTRK1|RET,XKFTZKGMDDZMJI-HSZRJFAPSA-N,"InChI=1S/C26H30N6O3/c1-30-12-14-31(15-13-30)20-10-8-19(9-11-20)25(33)27-24-21-16-32(17-22(21)28-29-24)26(34)23(35-2)18-6-4-3-5-7-18/h3-11,23H,12-17H2,1-2H3,(H2,27,28,29,33)/t23-/m1/s1",36404,CO[C@@H](C(=O)N1Cc2[nH]nc(NC(=O)c3ccc(cc3)N4CCN(C)CC4)c2C1)c5ccccc5,2
Input,PHNFXXZEKWQHDX-UHFFFAOYSA-N,0.22079469,InputSig,NA,NA,LINCSCP_57502,VCAP,10uM,6h,prostate,NA,NA,PHNFXXZEKWQHDX-UHFFFAOYSA-N,"InChI=1S/C11H7ClN2OS/c12-6-1-2-8-9(3-6)14-11(15)7-4-16-5-10(7)13-8/h1-5,13H,(H,14,15)",36196,Clc1ccc2Nc3cscc3C(=O)Nc2c1,NA
Input,BRD-K93157782,0.22073065,InputSig,NA,NA,LINCSCP_8777,A549,5uM,24h,lung,NA,NA,DUFLBGPFMCCCEO-SJBKTWHCSA-N,"InChI=1S/C23H23N3O4/c1-30-12-2-3-16-4-6-17(7-5-16)22-19-13-25(14-21(28)26(19)20(22)15-27)23(29)18-8-10-24-11-9-18/h4-11,19-20,22,27H,12-15H2,1H3/t19-,20-,22+/m1/s1",13948,COCC#Cc1ccc(cc1)[C@@H]2[C@@H](CO)N3[C@@H]2CN(CC3=O)C(=O)c4ccncc4,NA
Input,BRD-K17088043,0.22072647,InputSig,NA,NA,LINCSCP_303257,VCAP,5uM,6h,prostate,NA,NA,GJVLYDQXVFQAHZ-ZLTNCQPASA-N,"InChI=1S/C23H28N2O7S/c1-25(2)22(27)12-16-11-19-18-10-14(4-9-20(18)32-23(19)21(13-26)31-16)24-33(28,29)17-7-5-15(30-3)6-8-17/h4-10,16,19,21,23-24,26H,11-13H2,1-3H3/t16-,19-,21+,23+/m1/s1",2093,COc1ccc(cc1)S(=O)(=O)Nc2ccc3O[C@@H]4[C@H](CO)O[C@@H](CC(=O)N(C)C)C[C@@H]4c3c2,NA
Input,Isonicotinohydroxamic acid,0.22069052,InputSig,NA,NA,LINCSCP_250115,MCF7,0.5uM,24h,breast,NA,NA,HZNTVAYNXKPCFK-UHFFFAOYSA-N,"InChI=1S/C6H6N2O2/c9-6(8-10)5-1-3-7-4-2-5/h1-4,10H,(H,8,9)",39900,ONC(=O)c1ccncc1,NA
Input,BRD-K88652561,0.22066511,InputSig,NA,NA,LINCSCP_62186,VCAP,5uM,24h,prostate,NA,NA,LQIYJTVMCFCXBS-SSPYTLHUSA-N,"InChI=1S/C24H30N4O5S/c1-32-21-9-5-8-19(14-21)23-15-28(27-25-23)13-12-20-10-11-22(24(16-29)33-20)26-34(30,31)17-18-6-3-2-4-7-18/h2-9,14-15,20,22,24,26,29H,10-13,16-17H2,1H3/t20-,22-,24-/m0/s1",8623,COc1cccc(c1)c2cn(CC[C@@H]3CC[C@H](NS(=O)(=O)Cc4ccccc4)[C@H](CO)O3)nn2,NA
Input,TSU-68,0.22061021,InputSig,NA,NA,LINCSCP_742,A375,5uM,24h,skin,FGFR inhibitor|PDGFR tyrosine kinase receptor inhibitor|VEGFR inhibitor,AURKA|AURKB|FGFR1|FGFR2|FGFR3|FGFR4|KDR|PDGFRA|PDGFRB,NHFDRBXTEDBWCZ-ZROIWOOFSA-N,"InChI=1S/C18H18N2O3/c1-10-12(7-8-17(21)22)11(2)19-16(10)9-14-13-5-3-4-6-15(13)20-18(14)23/h3-6,9,19H,7-8H2,1-2H3,(H,20,23)(H,21,22)/b14-9-",37970,Cc1[nH]c(\C=C\2/C(=O)Nc3ccccc23)c(C)c1CCC(=O)O,3
Input,L-690330,0.22055101,InputSig,NA,NA,LINCSCP_53002,SKLU1,10uM,6h,lung,Inositol monophosphatase inhibitor,IMPA1,JKOCAAWWDVHWKB-UHFFFAOYSA-N,"InChI=1S/C8H12O8P2/c1-8(17(10,11)12,18(13,14)15)16-7-4-2-6(9)3-5-7/h2-5,9H,1H3,(H2,10,11,12)(H2,13,14,15)",25104,CC(Oc1ccc(O)cc1)(P(=O)(O)O)P(=O)(O)O,NA
Input,Piplartine,0.22047255,InputSig,NA,NA,LINCSCP_14887,HA1E,10uM,6h,kidney epithelial,Glutathione transferase inhibitor,NA,VABYUUZNAVQNPG-BQYQJAHWSA-N,"InChI=1S/C17H19NO5/c1-21-13-10-12(11-14(22-2)17(13)23-3)7-8-16(20)18-9-5-4-6-15(18)19/h4,6-8,10-11H,5,9H2,1-3H3/b8-7+",17532,COc1cc(\C=C\C(=O)N2CCC=CC2=O)cc(OC)c1OC,NA
Input,Ipratropium,0.22042464,InputSig,NA,NA,LINCSCP_55572,VCAP,10uM,24h,prostate,Acetylcholine receptor antagonist,CHRM1|CHRM2|CHRM3|CHRM4,OEXHQOGQTVQTAT-ZFWRPDKHSA-N,"InChI=1S/C20H30NO3/c1-14(2)21(3)16-9-10-17(21)12-18(11-16)24-20(23)19(13-22)15-7-5-4-6-8-15/h4-8,14,16-19,22H,9-13H2,1-3H3/q+1/t16-,17-,18-,19?,21?/m1/s1",27215,CC(C)[N+]1(C)[C@@H]2CC[C@@H]1CC(C2)OC(=O)C(CO)c3ccccc3,NA
Input,Ipratropium,0.22042464,InputSig,NA,NA,LINCSCP_55572,VCAP,10uM,24h,prostate,Acetylcholine receptor antagonist,CHRM1|CHRM2|CHRM3|CHRM4,OEXHQOGQTVQTAT-RHRUOIOWSA-N,"InChI=1S/C20H30NO3/c1-14(2)21(3)16-9-10-17(21)12-18(11-16)24-20(23)19(13-22)15-7-5-4-6-8-15/h4-8,14,16-19,22H,9-13H2,1-3H3/q+1/t16-,17?,18-,19?,21?/m1/s1",77,CC(C)[N+]1(C)[C@@H]2CCC1C[C@@H](C2)OC(=O)C(CO)c3ccccc3,NA
Input,Tamoxifen,0.22041779,InputSig,NA,NA,LINCSCP_176125,YAPC,10uM,24h,pancreas,Estrogen receptor alpha modulator,ESR1|ESR2,NKANXQFJJICGDU-QPLCGJKRSA-N,"InChI=1S/C26H29NO/c1-4-25(21-11-7-5-8-12-21)26(22-13-9-6-10-14-22)23-15-17-24(18-16-23)28-20-19-27(2)3/h5-18H,4,19-20H2,1-3H3/b26-25-",17558,CC\C(=C(/c1ccccc1)\c2ccc(OCCN(C)C)cc2)\c3ccccc3,4
Input,SA-432137,0.2203676,InputSig,NA,NA,LINCSCP_37268,MCF7,10uM,24h,breast,NA,NA,IEZOTXDZAGKSTL-OLHJXYGRSA-N,"InChI=1S/C34H50N4O6/c1-23(2)35-34(42)36-28-15-16-30-29(19-28)33(41)38(25(4)22-39)20-24(3)31(43-17-11-10-12-26(5)44-30)21-37(6)32(40)18-27-13-8-7-9-14-27/h7-9,13-16,19,23-26,31,39H,10-12,17-18,20-22H2,1-6H3,(H2,35,36,42)/t24-,25+,26+,31+/m1/s1",8775,CC(C)NC(=O)Nc1ccc2O[C@@H](C)CCCCO[C@@H](CN(C)C(=O)Cc3ccccc3)[C@H](C)CN([C@@H](C)CO)C(=O)c2c1,NA
Input,Pyrilamine,0.22030842,InputSig,NA,NA,LINCSCP_243585,MCF7,10uM,24h,breast,Histamine receptor antagonist,HRH1,YECBIJXISLIIDS-UHFFFAOYSA-N,"InChI=1S/C17H23N3O/c1-19(2)12-13-20(17-6-4-5-11-18-17)14-15-7-9-16(21-3)10-8-15/h4-11H,12-14H2,1-3H3",16093,COc1ccc(CN(CCN(C)C)c2ccccn2)cc1,4
Input,SCHEMBL18825,0.22028958,InputSig,NA,NA,LINCSCP_283708,SKB,10uM,24h,NA,Anticancer agent,CRBN|TNF,GOTYRUGSSMKFNF-SNVBAGLBSA-N,"InChI=1S/C13H13N3O3/c14-9-3-1-2-7-8(9)6-16(13(7)19)10-4-5-11(17)15-12(10)18/h1-3,10H,4-6,14H2,(H,15,17,18)/t10-/m1/s1",25448,Nc1cccc2C(=O)N(Cc12)[C@@H]3CCC(=O)NC3=O,NA
Input,YM 201636,0.22027012,InputSig,NA,NA,LINCSCP_12158,BT20,0.1uM,24h,breast,PI3K inhibitor,NA,YBPIBGNBHHGLEB-UHFFFAOYSA-N,"InChI=1S/C25H21N7O3/c26-19-7-6-16(14-28-19)24(33)29-17-4-1-3-15(13-17)22-30-20-18-5-2-8-27-25(18)35-21(20)23(31-22)32-9-11-34-12-10-32/h1-8,13-14H,9-12H2,(H2,26,28)(H,29,33)",35282,Nc1ccc(cn1)C(=O)Nc2cccc(c2)c3nc(N4CCOCC4)c5oc6ncccc6c5n3,NA
Input,TGX 221,0.22026039,InputSig,NA,NA,LINCSCP_85260,BT20,10uM,24h,breast,PI3K inhibitor,PIK3CB,CPRAGQJXBLMUEL-UHFFFAOYSA-N,"InChI=1S/C21H24N4O2/c1-15-12-18(16(2)22-17-6-4-3-5-7-17)21-23-19(13-20(26)25(21)14-15)24-8-10-27-11-9-24/h3-7,12-14,16,22H,8-11H2,1-2H3",17594,CC(Nc1ccccc1)C2=CC(=CN3C(=O)C=C(N=C23)N4CCOCC4)C,NA
Input,AMG 487,0.22023018,InputSig,NA,NA,LINCSCP_169038,YAPC,10uM,24h,pancreas,NA,NA,WQTKNBPCJKRYPA-OAQYLSRUSA-N,"InChI=1S/C32H28F3N5O4/c1-3-43-25-14-10-24(11-15-25)40-30(38-29-27(31(40)42)7-5-17-37-29)21(2)39(20-23-6-4-16-36-19-23)28(41)18-22-8-12-26(13-9-22)44-32(33,34)35/h4-17,19,21H,3,18,20H2,1-2H3/t21-/m1/s1",27138,CCOc1ccc(cc1)N2C(=O)c3cccnc3N=C2[C@@H](C)N(Cc4cccnc4)C(=O)Cc5ccc(OC(F)(F)F)cc5,NA
Input,NSC217091,0.22021563,InputSig,NA,NA,LINCSCP_294368,VCAP,10uM,24h,prostate,NA,NA,OFLMBTVBZWBGTQ-LDADJPATSA-N,"InChI=1S/C17H23N3O2/c1-13(21)19-16-9-7-15(8-10-16)12-18-20-17(22)11-14-5-3-2-4-6-14/h7-10,12,14H,2-6,11H2,1H3,(H,19,21)(H,20,22)/b18-12+",35182,CC(=O)Nc1ccc(\C=N\NC(=O)CC2CCCCC2)cc1,NA
Input,CHEMBL2359470,0.22021324,InputSig,NA,NA,LINCSCP_60439,VCAP,5uM,24h,prostate,NA,NA,GOIFBKSVWMRRGJ-AWVRMFGXSA-N,"InChI=1S/C29H33N3O6S2/c1-21-5-10-26(11-6-21)39(34,35)31(4)19-28-22(2)18-32(23(3)20-33)40(36,37)29-12-9-25(17-27(29)38-28)8-7-24-13-15-30-16-14-24/h5-6,9-17,22-23,28,33H,18-20H2,1-4H3/t22-,23+,28-/m1/s1",37075,C[C@@H](CO)N1C[C@@H](C)[C@@H](CN(C)S(=O)(=O)c2ccc(C)cc2)Oc3cc(ccc3S1(=O)=O)C#Cc4ccncc4,NA
Input,Aminobenztropine,0.22017042,InputSig,NA,NA,LINCSCP_259636,NEU,10uM,6h,NA,Sodium channel blocker|T-type calcium channel blocker,CA1|CA12|CA7|SCN11A|SCN1A|SCN2A|SCN3A|SCN4A|SCN5A|SCN9A,KZFDKINRISJFCO-UHFFFAOYSA-N,"InChI=1S/C21H26N2O/c1-23-16-11-12-17(23)14-18(13-16)24-21(15-7-3-2-4-8-15)19-9-5-6-10-20(19)22/h2-10,16-18,21H,11-14,22H2,1H3",19425,CN1C2CCC1CC(C2)OC(c3ccccc3)c4ccccc4N,NA
Input,Triflupromazine,0.2201615,InputSig,NA,NA,LINCSCP_266320,PC3,10uM,24h,prostate,Dopamine receptor antagonist,DRD2|HTR2B,XSCGXQMFQXDFCW-UHFFFAOYSA-N,"InChI=1S/C18H19F3N2S/c1-22(2)10-5-11-23-14-6-3-4-7-16(14)24-17-9-8-13(12-15(17)23)18(19,20)21/h3-4,6-9,12H,5,10-11H2,1-2H3",35924,CN(C)CCCN1c2ccccc2Sc3ccc(cc13)C(F)(F)F,4
Input,BRD-K96612346,0.22005949,InputSig,NA,NA,LINCSCP_59721,VCAP,5uM,24h,prostate,NA,NA,HVZAAXCGJPPTNA-YZIHRLCOSA-N,"InChI=1S/C29H47N5O5/c1-20-17-34(21(2)19-35)28(37)24-16-23(30-27(36)12-9-15-32(3)4)13-14-25(24)39-26(20)18-33(5)29(38)31-22-10-7-6-8-11-22/h13-14,16,20-22,26,35H,6-12,15,17-19H2,1-5H3,(H,30,36)(H,31,38)/t20-,21+,26-/m1/s1",14043,C[C@@H](CO)N1C[C@@H](C)[C@@H](CN(C)C(=O)NC2CCCCC2)Oc3ccc(NC(=O)CCCN(C)C)cc3C1=O,NA
Input,CHEMBL2360967,0.21998419,InputSig,NA,NA,LINCSCP_16450,HA1E,10uM,6h,kidney epithelial,NA,NA,PCWNDSDJZMZSNJ-OAQYLSRUSA-N,"InChI=1S/C22H23NO2/c1-18(2)15-16-23(21(17-24)20-11-7-4-8-12-20)22(25)14-13-19-9-5-3-6-10-19/h3-12,15,21,24H,16-17H2,1-2H3/t21-/m1/s1",39897,CC(=CCN([C@H](CO)c1ccccc1)C(=O)C#Cc2ccccc2)C,NA
Input,Saracatinib,0.21996669,InputSig,NA,NA,LINCSCP_24491,HS578T,0.1uM,6h,breast,Src inhibitor,ABL1|SRC,OUKYUETWWIPKQR-UHFFFAOYSA-N,"InChI=1S/C27H32ClN5O5/c1-32-6-8-33(9-7-32)10-13-35-19-14-21-24(23(15-19)38-18-4-11-34-12-5-18)27(30-16-29-21)31-25-20(28)2-3-22-26(25)37-17-36-22/h2-3,14-16,18H,4-13,17H2,1H3,(H,29,30,31)",36840,CN1CCN(CCOc2cc(OC3CCOCC3)c4c(Nc5c(Cl)ccc6OCOc56)ncnc4c2)CC1,3
Input,BRD-K51878684,0.21995277,InputSig,NA,NA,LINCSCP_64924,VCAP,10uM,24h,prostate,NA,NA,MVKXBUFIGWZLPT-RLBRRGQKSA-N,"InChI=1S/C28H34FN3O3/c1-2-14-30-27(34)26-22(17-33)21-16-31-24(13-12-20(28(31)35)18-8-4-3-5-9-18)25(21)32(26)15-19-10-6-7-11-23(19)29/h6-8,10-13,21-22,25-26,33H,2-5,9,14-17H2,1H3,(H,30,34)/t21-,22-,25+,26-/m0/s1",12938,CCCNC(=O)[C@@H]1[C@@H](CO)[C@@H]2CN3C(=CC=C(C4=CCCCC4)C3=O)[C@@H]2N1Cc5ccccc5F,NA
Input,SB-216641,0.21994474,InputSig,NA,NA,LINCSCP_14895,HA1E,10uM,6h,kidney epithelial,Serotonin receptor antagonist,HTR1B|HTR1D,JRNUKVFYILMMLX-UHFFFAOYSA-N,"InChI=1S/C28H30N4O4/c1-18-16-22(27-29-19(2)36-31-27)10-12-24(18)20-6-8-21(9-7-20)28(33)30-23-11-13-25(34-5)26(17-23)35-15-14-32(3)4/h6-13,16-17H,14-15H2,1-5H3,(H,30,33)",35658,COc1ccc(NC(=O)c2ccc(cc2)c3ccc(cc3C)c4noc(C)n4)cc1OCCN(C)C,NA
Input,C37H48N6O5S2,0.21991368,InputSig,NA,NA,LINCSCP_295960,VCAP,10uM,24h,prostate,HIV protease inhibitor,CYP1A2|CYP2B6|CYP2C19|CYP2C8|CYP2C9|CYP2D6|CYP2E1|CYP3A4|CYP3A5|CYP3A7,NCDNCNXCDXHOMX-UHFFFAOYSA-N,"InChI=1S/C37H48N6O5S2/c1-24(2)33(42-36(46)43(5)20-29-22-49-35(40-29)25(3)4)34(45)39-28(16-26-12-8-6-9-13-26)18-32(44)31(17-27-14-10-7-11-15-27)41-37(47)48-21-30-19-38-23-50-30/h6-15,19,22-25,28,31-33,44H,16-18,20-21H2,1-5H3,(H,39,45)(H,41,47)(H,42,46)",1457,CC(C)C(NC(=O)N(C)Cc1csc(n1)C(C)C)C(=O)NC(CC(O)C(Cc2ccccc2)NC(=O)OCc3cncs3)Cc4ccccc4,NA
Input,BRD-K17427497,0.21991062,InputSig,NA,NA,LINCSCP_64070,VCAP,5uM,6h,prostate,NA,NA,KHFULICTXBCFCV-ULDOEVFSSA-N,"InChI=1S/C28H32FN3O3/c29-23-8-4-3-7-19(23)14-32-25-21(22(16-33)26(32)27(34)30-13-17-9-10-17)15-31-24(25)12-11-20(28(31)35)18-5-1-2-6-18/h3-5,7-8,11-12,17,21-22,25-26,33H,1-2,6,9-10,13-16H2,(H,30,34)/t21-,22-,25+,26-/m1/s1",2105,OC[C@@H]1[C@H]2CN3C(=CC=C(C4=CCCC4)C3=O)[C@H]2N(Cc5ccccc5F)[C@H]1C(=O)NCC6CC6,NA
Input,SR-02000000240,0.2199089,InputSig,NA,NA,LINCSCP_1841,A375,10uM,6h,skin,NA,NA,FKENMOWHEIWXNR-UHFFFAOYSA-N,"InChI=1S/C18H17NO2S/c1-11-5-4-6-12(2)17(11)19-18(20)16-8-7-15(21-16)14-10-22-9-13(14)3/h4-10H,1-3H3,(H,19,20)",36971,Cc1cccc(C)c1NC(=O)c2oc(cc2)c3cscc3C,NA
Input,BRD-K18727181,0.21989179,InputSig,NA,NA,LINCSCP_59847,VCAP,5uM,24h,prostate,NA,NA,SPNWIHHPPMUGLU-NCXSOUSFSA-N,"InChI=1S/C30H34Cl2N4O4/c1-19-15-36(20(2)18-37)29(38)14-23-13-24(34-30(39)22-8-10-33-11-9-22)5-7-27(23)40-28(19)17-35(3)16-21-4-6-25(31)26(32)12-21/h4-13,19-20,28,37H,14-18H2,1-3H3,(H,34,39)/t19-,20-,28-/m1/s1",32157,C[C@H](CO)N1C[C@@H](C)[C@@H](CN(C)Cc2ccc(Cl)c(Cl)c2)Oc3ccc(NC(=O)c4ccncc4)cc3CC1=O,NA
Input,BRD-K18891555,0.21981891,InputSig,NA,NA,LINCSCP_65423,VCAP,10uM,6h,prostate,NA,NA,MJLMJXYCUJDZRA-WTRZPYMOSA-N,"InChI=1S/C37H52F3N5O6/c1-24-21-45(25(2)23-46)34(47)31-20-30(42-35(48)41-29-15-13-27(14-16-29)37(38,39)40)17-18-32(31)51-26(3)10-8-9-19-50-33(24)22-44(4)36(49)43-28-11-6-5-7-12-28/h13-18,20,24-26,28,33,46H,5-12,19,21-23H2,1-4H3,(H,43,49)(H2,41,42,48)/t24-,25+,26-,33-/m1/s1",32164,C[C@@H](CO)N1C[C@@H](C)[C@@H](CN(C)C(=O)NC2CCCCC2)OCCCC[C@@H](C)Oc3ccc(NC(=O)Nc4ccc(cc4)C(F)(F)F)cc3C1=O,NA
Input,BRD-K93158953,0.21976626,InputSig,NA,NA,LINCSCP_259123,NEU,10uM,24h,NA,NA,NA,XQVZVPLVZQHPJK-UVOQVYJZSA-N,"InChI=1S/C34H46ClN5O8S/c1-21-18-40(22(2)20-41)33(42)29-17-27(36-34(43)37-32-24(4)38-48-25(32)5)12-15-30(29)47-23(3)9-7-8-16-46-31(21)19-39(6)49(44,45)28-13-10-26(35)11-14-28/h10-15,17,21-23,31,41H,7-9,16,18-20H2,1-6H3,(H2,36,37,43)/t21-,22-,23-,31+/m0/s1",13950,C[C@@H](CO)N1C[C@H](C)[C@@H](CN(C)S(=O)(=O)c2ccc(Cl)cc2)OCCCC[C@H](C)Oc3ccc(NC(=O)Nc4c(C)onc4C)cc3C1=O,NA
Input,Amiloride,0.21973006,InputSig,NA,NA,LINCSCP_293968,VCAP,10uM,24h,prostate,Sodium channel blocker,ASIC1|ASIC2|SCNN1A|SCNN1B|SCNN1G,XSDQTOBWRPYKKA-UHFFFAOYSA-N,"InChI=1S/C6H8ClN7O/c7-2-4(9)13-3(8)1(12-2)5(15)14-6(10)11/h(H4,8,9,13)(H4,10,11,14,15)",15921,NC(=NC(=O)c1nc(Cl)c(N)nc1N)N,4
Input,BMS-777607,0.21963393,InputSig,NA,NA,LINCSCP_146550,NEU,3.33uM,24h,NA,AXL kinase inhibitor|C-Met inhibitor|FLT3 inhibitor|Hepatocyte growth factor receptor inhibitor|Macrophage inhibitor|Tyrosine kinase inhibitor,AXL|MERTK|MET|MST1R|TYRO3,VNBRGSXVFBYQNN-UHFFFAOYSA-N,"InChI=1S/C25H19ClF2N4O4/c1-2-35-19-10-12-32(16-6-3-14(27)4-7-16)25(34)21(19)24(33)31-15-5-8-18(17(28)13-15)36-20-9-11-30-23(29)22(20)26/h3-13H,2H2,1H3,(H2,29,30)(H,31,33)",37825,CCOC1=C(C(=O)Nc2ccc(Oc3ccnc(N)c3Cl)c(F)c2)C(=O)N(C=C1)c4ccc(F)cc4,2
Input,FPA1_000042,0.21962978,InputSig,NA,NA,LINCSCP_294851,VCAP,10uM,24h,prostate,NA,NA,KMJRLGVVZSKVQB-JTOYRKQZSA-N,"InChI=1S/C27H40N4O6S/c1-17(2)13-21-27(36)31-22(26(35)30-21)15-20(24(31)18-7-6-8-19(14-18)37-12-11-32)25(34)29-10-5-3-4-9-28-23(33)16-38/h6-8,14,17,20-22,24,32,38H,3-5,9-13,15-16H2,1-2H3,(H,28,33)(H,29,34)(H,30,35)/t20-,21+,22-,24-/m1/s1",11480,CC(C)C[C@@H]1NC(=O)[C@H]2C[C@H]([C@H](N2C1=O)c3cccc(OCCO)c3)C(=O)NCCCCCNC(=O)CS,NA
Input,N-[4-(1-Benzoylpiperidin-4-yl)butyl]-3-pyridin-3-ylpropanamide,0.21959425,InputSig,NA,NA,LINCSCP_283225,RMGI,0.5uM,6h,ovary,NAMPT inhibitor|Niacinamide phosphoribosyltransferase inhibitor,NA,UKQGSFUTDYQJST-UHFFFAOYSA-N,"InChI=1S/C24H31N3O2/c28-23(12-11-21-8-6-15-25-19-21)26-16-5-4-7-20-13-17-27(18-14-20)24(29)22-9-2-1-3-10-22/h1-3,6,8-10,15,19-20H,4-5,7,11-14,16-18H2,(H,26,28)",1727,O=C(CCc1cccnc1)NCCCCC2CCN(CC2)C(=O)c3ccccc3,NA
Input,BRD-K90446118,0.21955136,InputSig,NA,NA,LINCSCP_58428,VCAP,10uM,24h,prostate,NA,NA,ITDNMFIUSPAAPJ-JNVQPCQUSA-N,"InChI=1S/C38H48N4O9/c1-24-18-42(25(2)21-43)37(44)30-16-28(39-38(45)40-29-10-13-33-35(17-29)50-23-48-33)9-12-31(30)51-26(3)7-5-6-14-46-36(24)20-41(4)19-27-8-11-32-34(15-27)49-22-47-32/h8-13,15-17,24-26,36,43H,5-7,14,18-23H2,1-4H3,(H2,39,40,45)/t24-,25+,26+,36-/m0/s1",34031,C[C@H](CO)N1C[C@H](C)[C@H](CN(C)Cc2ccc3OCOc3c2)OCCCC[C@@H](C)Oc4ccc(NC(=O)Nc5ccc6OCOc6c5)cc4C1=O,NA
Input,AC1O9B1U,0.21953346,InputSig,NA,NA,LINCSCP_6031,A549,10uM,6h,lung,NA,NA,RKZHAKBSCCRTSX-RXUISWLBSA-N,"InChI=1S/C55H49N3O9/c1-63-41-21-16-34(17-22-41)14-15-35-18-25-44-43(30-35)55(54(62)56-44)47(52(60)57-27-26-39-31-45(64-2)46(65-3)32-40(39)33-57)49-53(61)67-50(37-12-8-5-9-13-37)48(36-10-6-4-7-11-36)58(49)51(55)38-19-23-42(24-20-38)66-29-28-59/h4-13,16-25,30-32,47-51,59H,26-29,33H2,1-3H3,(H,56,62)/t47-,48-,49-,50+,51+,55-/m1/s1",23161,COc1ccc(cc1)C#Cc2ccc3NC(=O)[C@@]4([C@H]([C@H]5N([C@@H]([C@@H](OC5=O)c6ccccc6)c7ccccc7)[C@H]4c8ccc(OCCO)cc8)C(=O)N9CCc%10cc(OC)c(OC)cc%10C9)c3c2,NA
Input,Ivabradine HCl,0.2195264,InputSig,NA,NA,LINCSCP_153461,PC3,0.04uM,24h,prostate,NA,NA,ACRHBAYQBXXRTO-NRFANRHFSA-N,"InChI=1S/C27H36N2O5/c1-28(17-21-11-20-14-25(33-4)26(34-5)16-22(20)21)8-6-9-29-10-7-18-12-23(31-2)24(32-3)13-19(18)15-27(29)30/h12-14,16,21H,6-11,15,17H2,1-5H3/t21-/m0/s1",26699,COc1cc2CCN(CCCN(C)C[C@@H]3Cc4cc(OC)c(OC)cc34)C(=O)Cc2cc1OC,NA
Input,MLS002264511,0.2194614,InputSig,NA,NA,LINCSCP_31427,MCF7,10uM,24h,breast,NA,NA,WVLSSZNMLRMRCB-UHFFFAOYSA-N,"InChI=1S/C13H14F3N3O2S/c14-13(15,16)10-1-3-12(4-2-10)22(20,21)18-11-5-7-19(9-17)8-6-11/h1-4,11,18H,5-8H2",15056,FC(F)(F)c1ccc(cc1)S(=O)(=O)NC2CCN(CC2)C#N,NA
Input,Vegf receptor 2 kinase inhibitor iv,0.21944733,InputSig,NA,NA,LINCSCP_55670,VCAP,10uM,24h,prostate,VEGFR inhibitor,KDR,HBWLNACPIFKNIP-UHFFFAOYSA-N,"InChI=1S/C17H13N3OS/c1-21-15-4-2-12(3-5-15)14-8-18-17-16(9-19-20(17)10-14)13-6-7-22-11-13/h2-11H,1H3",1037,COc1ccc(cc1)c2cnc3c(cnn3c2)c4ccsc4,NA
Input,BRD-K19108281,0.21941368,InputSig,NA,NA,LINCSCP_62350,VCAP,5uM,6h,prostate,NA,NA,SUQCIPRCFCPKOO-HEEWVZCSSA-N,"InChI=1S/C28H29FN2O6S/c1-17(18-5-3-2-4-6-18)30-27(33)15-21-14-24-23-13-20(9-12-25(23)37-28(24)26(16-32)36-21)31-38(34,35)22-10-7-19(29)8-11-22/h2-13,17,21,24,26,28,31-32H,14-16H2,1H3,(H,30,33)/t17-,21-,24-,26-,28+/m1/s1",2285,C[C@@H](NC(=O)C[C@H]1C[C@H]2[C@H](Oc3ccc(NS(=O)(=O)c4ccc(F)cc4)cc23)[C@@H](CO)O1)c5ccccc5,NA
Input,Prochlorperazine,0.21940275,InputSig,NA,NA,LINCSCP_30197,MCF7,10uM,6h,breast,Dopamine D2 receptor antagonist,DRD2,WIKYUJGCLQQFNW-UHFFFAOYSA-N,"InChI=1S/C20H24ClN3S/c1-22-11-13-23(14-12-22)9-4-10-24-17-5-2-3-6-19(17)25-20-8-7-16(21)15-18(20)24/h2-3,5-8,15H,4,9-14H2,1H3",35592,CN1CCN(CCCN2c3ccccc3Sc4ccc(Cl)cc24)CC1,4
Input,BRD-K59524902,0.21928369,InputSig,NA,NA,LINCSCP_312336,VCAP,0.5uM,24h,prostate,NA,NA,UPQGSBDKNNCSHF-MHPIHPPYSA-N,"InChI=1S/C27H34FN3O3/c1-18-14-31(19(2)17-32)27(33)23-12-22(20-8-4-5-9-20)13-29-26(23)34-25(18)16-30(3)15-21-10-6-7-11-24(21)28/h6-8,10-13,18-19,25,32H,4-5,9,14-17H2,1-3H3/t18-,19-,25-/m0/s1",798,C[C@@H](CO)N1C[C@H](C)[C@H](CN(C)Cc2ccccc2F)Oc3ncc(cc3C1=O)C4=CCCC4,NA
Input,BRD-K21421563,0.21927842,InputSig,NA,NA,LINCSCP_59643,VCAP,5uM,24h,prostate,NA,NA,IAKBBZLEORGFOS-IEGUWTFLSA-N,"InChI=1S/C25H35N3O6S/c1-17-13-28(18(2)16-29)25(30)21-7-6-8-22(26-35(5,31)32)24(21)34-23(17)15-27(3)14-19-9-11-20(33-4)12-10-19/h6-12,17-18,23,26,29H,13-16H2,1-5H3/t17-,18+,23-/m1/s1",12124,COc1ccc(CN(C)C[C@H]2Oc3c(NS(=O)(=O)C)cccc3C(=O)N(C[C@H]2C)[C@@H](C)CO)cc1,NA
Input,SMR000146610,0.21921412,InputSig,NA,NA,LINCSCP_31978,MCF7,10uM,24h,breast,NA,NA,ZARZTFGZHSVUIL-UHFFFAOYSA-N,"InChI=1S/C18H18N2O2/c1-12(2)22-18-15-9-4-5-10-16(15)19-17(20-18)13-7-6-8-14(11-13)21-3/h4-12H,1-3H3",15918,COc1cccc(c1)c2nc(OC(C)C)c3ccccc3n2,NA
Input,AC1O9BZM,0.21920932,InputSig,NA,NA,LINCSCP_6045,A549,10uM,6h,lung,NA,NA,UWJNEXMFWQHPDA-UOGMBTEBSA-N,"InChI=1S/C50H51N3O6/c54-31-32-58-39-26-24-38(25-27-39)46-50(40-33-35(23-28-41(40)51-49(50)57)22-21-34-15-7-4-8-16-34)42(47(55)52-29-13-2-1-3-14-30-52)44-48(56)59-45(37-19-11-6-12-20-37)43(53(44)46)36-17-9-5-10-18-36/h5-6,9-12,15,17-20,23-28,33,42-46,54H,1-4,7-8,13-14,16,29-32H2,(H,51,57)/t42-,43-,44-,45+,46+,50-/m0/s1",1410,OCCOc1ccc(cc1)[C@H]2N3[C@@H]([C@@H](C(=O)N4CCCCCCC4)[C@]25C(=O)Nc6ccc(cc56)C#CC7=CCCCC7)C(=O)O[C@@H]([C@@H]3c8ccccc8)c9ccccc9,NA
Input,MLS002264410,0.21918551,InputSig,NA,NA,LINCSCP_19858,HCC515,10uM,6h,lung,NA,NA,UKMDHFPFBAQTFG-UHFFFAOYSA-N,"InChI=1S/C14H14ClF2N5/c15-12-20-13(18-10-3-1-2-4-10)22-14(21-12)19-11-6-8(16)5-9(17)7-11/h5-7,10H,1-4H2,(H2,18,19,20,21,22)",15510,Fc1cc(F)cc(Nc2nc(Cl)nc(NC3CCCC3)n2)c1,NA
Input,100599-27-7,0.21911197,InputSig,NA,NA,LINCSCP_33061,MCF7,10uM,24h,breast,Cyclooxygenase inhibitor,NA,IGPDWKCUDHIIRL-UHFFFAOYSA-N,"InChI=1S/C14H9ClN2O3S/c15-7-3-4-9-8(6-7)11(13(19)17(9)14(16)20)12(18)10-2-1-5-21-10/h1-6,11H,(H2,16,20)",42696,NC(=O)N1C(=O)C(C(=O)c2cccs2)c3cc(Cl)ccc13,NA
Input,BDBM79205,0.2191096,InputSig,NA,NA,LINCSCP_55740,VCAP,10uM,6h,prostate,Bacterial 30S ribosomal subunit inhibitor,NA,YKYBWGJKLYMCFI-SKNFAPOLSA-N,"InChI=1S/C22H21ClN2O8/c1-6-9-7(23)4-5-8(26)11(9)16(27)12-10(6)17(28)14-15(25(2)3)18(29)13(21(24)32)20(31)22(14,33)19(12)30/h4-5,10,12-15,17,26,28,33H,1H2,2-3H3,(H2,24,32)/t10?,12?,13?,14-,15+,17+,22+/m1/s1",392,CN(C)[C@H]1[C@@H]2[C@@H](O)C3C(C(=O)c4c(O)ccc(Cl)c4C3=C)C(=O)[C@]2(O)C(=O)C(C(=O)N)C1=O,NA
Input,U0126,0.21905841,InputSig,NA,NA,LINCSCP_7713,A549,10uM,6h,lung,NA,NA,DVEXZJFMOKTQEZ-UHFFFAOYSA-N,"InChI=1S/C18H16N6S2/c19-9-11(17(23)25-15-7-3-1-5-13(15)21)12(10-20)18(24)26-16-8-4-2-6-14(16)22/h1-8H,21-24H2",22138,NC(=C(C#N)C(=C(N)Sc1ccccc1N)C#N)Sc2ccccc2N,NA
Input,"Trichostatin A, Streptomyces Sp.",0.21895007,InputSig,NA,NA,LINCSCP_67155,HT29,10uM,24h,large intestine,CDK expression enhancer|HDAC inhibitor|ID1 expression inhibitor,HDAC1|HDAC10|HDAC3|HDAC4|HDAC6|HDAC7|HDAC8,RTKIYFITIVXBLE-WKWSCTOISA-N,"InChI=1S/C17H22N2O3/c1-12(5-10-16(20)18-22)11-13(2)17(21)14-6-8-15(9-7-14)19(3)4/h5-11,13,22H,1-4H3,(H,18,20)/b10-5+,12-11+",37019,CC(\C=C(/C)\C=C\C(=O)NO)C(=O)c1ccc(cc1)N(C)C,NA
Input,STK178014,0.21893816,InputSig,NA,NA,LINCSCP_13589,H1299,50uM,6h,lung,NA,NA,PMGRYRIPEBUYKR-NTEUORMPSA-N,"InChI=1S/C18H15N3O3S2/c1-10(2)21-16(22)14(25-18(21)23)9-11-7-8-15(24-11)26-17-19-12-5-3-4-6-13(12)20-17/h3-10H,1-2H3,(H,19,20)/b14-9+",17662,CC(C)N1C(=O)S\C(=C\c2oc(Sc3nc4ccccc4[nH]3)cc2)\C1=O,NA
Input,BRD-K33504592,0.21888643,InputSig,NA,NA,LINCSCP_60870,VCAP,5uM,24h,prostate,NA,NA,OZIBRDAYFOJMNO-SRGWNRLKSA-N,"InChI=1S/C26H32FN3O5/c1-16-13-30(25(32)19-6-8-20(27)9-7-19)17(2)15-35-23-11-10-21(28-18(3)31)12-22(23)26(33)29(4)14-24(16)34-5/h6-12,16-17,24H,13-15H2,1-5H3,(H,28,31)/t16-,17+,24-/m0/s1",24388,CO[C@H]1CN(C)C(=O)c2cc(NC(=O)C)ccc2OC[C@@H](C)N(C[C@@H]1C)C(=O)c3ccc(F)cc3,NA
Input,BRD-K81218586,0.21885352,InputSig,NA,NA,LINCSCP_48136,PC3,5uM,24h,prostate,NA,NA,SPNWIHHPPMUGLU-JVAKCPTJSA-N,"InChI=1S/C30H34Cl2N4O4/c1-19-15-36(20(2)18-37)29(38)14-23-13-24(34-30(39)22-8-10-33-11-9-22)5-7-27(23)40-28(19)17-35(3)16-21-4-6-25(31)26(32)12-21/h4-13,19-20,28,37H,14-18H2,1-3H3,(H,34,39)/t19-,20-,28-/m0/s1",33770,C[C@@H](CO)N1C[C@H](C)[C@H](CN(C)Cc2ccc(Cl)c(Cl)c2)Oc3ccc(NC(=O)c4ccncc4)cc3CC1=O,NA
Input,IAA-94,0.21883172,InputSig,NA,NA,LINCSCP_241420,MCF7,10uM,6h,breast,Chloride channel blocker,NA,RNOJGTHBMJBOSP-KRWDZBQOSA-N,"InChI=1S/C17H18Cl2O4/c1-17(10-4-2-3-5-10)7-9-6-11(23-8-12(20)21)14(18)15(19)13(9)16(17)22/h6,10H,2-5,7-8H2,1H3,(H,20,21)/t17-/m0/s1",15999,C[C@]1(Cc2cc(OCC(=O)O)c(Cl)c(Cl)c2C1=O)C3CCCC3,NA
Input,AB00540134,0.21882805,InputSig,NA,NA,LINCSCP_281162,PHH,10uM,24h,NA,NA,NA,OVZKCFIPHFFYBJ-UHFFFAOYSA-N,"InChI=1S/C21H16N2O2S/c24-20(22-14-15-7-2-1-3-8-15)16-9-6-10-17(13-16)23-21(25)18-11-4-5-12-19(18)26-23/h1-13H,14H2,(H,22,24)",38695,O=C(NCc1ccccc1)c2cccc(c2)N3Sc4ccccc4C3=O,NA
Input,XAV 939,0.21882673,InputSig,NA,NA,LINCSCP_35917,MCF7,0.5uM,24h,breast,Tankyrase inhibitor,TNKS|TNKS2,KLGQSVMIPOVQAX-UHFFFAOYSA-N,"InChI=1S/C14H11F3N2OS/c15-14(16,17)9-3-1-8(2-4-9)12-18-11-5-6-21-7-10(11)13(20)19-12/h1-4H,5-7H2,(H,18,19,20)",16300,Oc1nc(nc2CCSCc12)c3ccc(cc3)C(F)(F)F,NA
Input,Famciclovir,0.21876986,InputSig,NA,NA,LINCSCP_172804,YAPC,0.37uM,24h,pancreas,DNA polymerase inhibitor,NA,GGXKWVWZWMLJEH-UHFFFAOYSA-N,"InChI=1S/C14H19N5O4/c1-9(20)22-6-11(7-23-10(2)21)3-4-19-8-17-12-5-16-14(15)18-13(12)19/h5,8,11H,3-4,6-7H2,1-2H3,(H2,15,16,18)",15659,CC(=O)OCC(CCn1cnc2cnc(N)nc12)COC(=O)C,4
Input,BRD-K91572503,0.21871033,InputSig,NA,NA,LINCSCP_181717,A375,5uM,24h,skin,NA,NA,QNPXTRYBNJAKIP-BYXJMBFLSA-N,"InChI=1S/C32H42N4O4/c1-21-17-36(22(2)19-37)32(39)30-29(25-13-8-9-14-26(25)35(30)5)24-12-7-6-11-23(24)20-40-28(21)18-34(4)31(38)27-15-10-16-33(27)3/h6-9,11-14,21-22,27-28,37H,10,15-20H2,1-5H3/t21-,22+,27+,28-/m1/s1",4652,C[C@@H](CO)N1C[C@@H](C)[C@@H](CN(C)C(=O)[C@@H]2CCCN2C)OCc3ccccc3c4c(C1=O)n(C)c5ccccc45,NA
Input,"3,5-Diiodo-l-thyronine",0.21869656,InputSig,NA,NA,LINCSCP_59094,VCAP,10uM,6h,prostate,NA,NA,ZHSOTLOTTDYIIK-ZDUSSCGKSA-N,"InChI=1S/C15H13I2NO4/c16-11-5-8(7-13(18)15(20)21)6-12(17)14(11)22-10-3-1-9(19)2-4-10/h1-6,13,19H,7,18H2,(H,20,21)/t13-/m0/s1",36518,N[C@@H](Cc1cc(I)c(Oc2ccc(O)cc2)c(I)c1)C(=O)O,NA
Input,Cinepazide maleate,0.21864011,InputSig,NA,NA,LINCSCP_159788,PC3,10uM,24h,prostate,NA,NA,RCUDFXMNPQNBDU-VOTSOKGWSA-N,"InChI=1S/C22H31N3O5/c1-28-18-14-17(15-19(29-2)22(18)30-3)6-7-20(26)25-12-10-23(11-13-25)16-21(27)24-8-4-5-9-24/h6-7,14-15H,4-5,8-13,16H2,1-3H3/b7-6+",27066,COc1cc(\C=C\C(=O)N2CCN(CC(=O)N3CCCC3)CC2)cc(OC)c1OC,4
Input,BRD-K76896049,0.21858173,InputSig,NA,NA,LINCSCP_62176,VCAP,5uM,24h,prostate,NA,NA,KKHGDJJULHRULI-CYXNTTPDSA-N,"InChI=1S/C28H28N2O5/c31-19-26-25(30-28(33)21-7-3-1-4-8-21)16-15-24(35-26)17-27(32)29-18-20-11-13-23(14-12-20)34-22-9-5-2-6-10-22/h1-16,24-26,31H,17-19H2,(H,29,32)(H,30,33)/t24-,25-,26+/m1/s1",5740,OC[C@@H]1O[C@@H](CC(=O)NCc2ccc(Oc3ccccc3)cc2)C=C[C@H]1NC(=O)c4ccccc4,NA
Input,CHEMBL416418,0.21855982,InputSig,NA,NA,LINCSCP_19492,HCC515,60uM,6h,lung,Glucosyltransferase inhibitor,ASAH1|UGCG,UYNCFCUHRNOSCN-FYYLOGMGSA-N,"InChI=1S/C23H38N2O3/c1-2-3-4-5-6-7-11-14-22(26)24-21(19-25-15-17-28-18-16-25)23(27)20-12-9-8-10-13-20/h8-10,12-13,21,23,27H,2-7,11,14-19H2,1H3,(H,24,26)/t21-,23-/m1/s1",16514,CCCCCCCCCC(=O)N[C@H](CN1CCOCC1)[C@H](O)c2ccccc2,NA
Input,SCHEMBL15556278,0.21848099,InputSig,NA,NA,LINCSCP_152455,PC3,10uM,24h,prostate,Ephrin inhibitor,DDR1,IYUFHBXMTTXZBE-UHFFFAOYSA-N,"InChI=1S/C23H18F3N5O3/c1-13-3-4-17(10-19(13)30-22(33)20-5-6-28-34-20)29-21(32)15-7-16(23(24,25)26)9-18(8-15)31-11-14(2)27-12-31/h3-12H,1-2H3,(H,29,32)(H,30,33)",24692,Cc1cn(cn1)c2cc(cc(c2)C(F)(F)F)C(=O)Nc3ccc(C)c(NC(=O)c4oncc4)c3,NA
Input,SC 19220,0.2184802,InputSig,NA,NA,LINCSCP_25368,HT29,10uM,6h,large intestine,Prostanoid receptor antagonist,PTGER1,KNURFLJTOUGOOQ-UHFFFAOYSA-N,"InChI=1S/C16H14ClN3O3/c1-10(21)18-19-16(22)20-9-11-4-2-3-5-14(11)23-15-7-6-12(17)8-13(15)20/h2-8H,9H2,1H3,(H,18,21)(H,19,22)",15721,CC(=O)NNC(=O)N1Cc2ccccc2Oc3ccc(Cl)cc13,NA
Input,BRD-K93433262-001-01-7,0.21845789,InputSig,NA,NA,LINCSCP_17023,HA1E,10uM,6h,kidney epithelial,Vitamin D receptor agonist,VDR,OFHCOWSQAMBJIW-FFVLKWEISA-N,"InChI=1S/C27H44O2/c1-18(2)8-6-9-19(3)24-13-14-25-21(10-7-15-27(24,25)5)11-12-22-16-23(28)17-26(29)20(22)4/h11-12,18-19,23-26,28-29H,4,6-10,13-17H2,1-3,5H3/b21-11+,22-12-/t19-,23-,24+,25-,26+,27+/m1/s1",5377,CC(C)CCC[C@@H](C)[C@@H]1CC[C@@H]2\C(=C\C=C/3\C[C@@H](O)C[C@H](O)C3=C)\CCC[C@@]12C,NA
Input,Ornidazole,0.21841954,InputSig,NA,NA,LINCSCP_14638,HA1E,10uM,24h,kidney epithelial,Antiprotozoal agent,NA,IPWKIXLWTCNBKN-UHFFFAOYSA-N,"InChI=1S/C7H10ClN3O3/c1-5-9-3-7(11(13)14)10(5)4-6(12)2-8/h3,6,12H,2,4H2,1H3",15244,Cc1ncc([N+](=O)[O-])n1CC(O)CCl,4
Input,SMER28,0.2183797,InputSig,NA,NA,LINCSCP_57063,VCAP,10uM,6h,prostate,NA,NA,BCPOLXUSCUFDGE-UHFFFAOYSA-N,"InChI=1S/C11H10BrN3/c1-2-5-13-11-9-6-8(12)3-4-10(9)14-7-15-11/h2-4,6-7H,1,5H2,(H,13,14,15)",35203,Brc1ccc2ncnc(NCC=C)c2c1,NA
Input,ZM323881,0.21830924,InputSig,NA,NA,LINCSCP_33232,MCF7,10uM,6h,breast,VEGFR inhibitor,KDR,NVBNDZZLJRYRPD-UHFFFAOYSA-N,"InChI=1S/C22H18FN3O2/c1-14-9-18(23)20(11-21(14)27)26-22-17-8-7-16(10-19(17)24-13-25-22)28-12-15-5-3-2-4-6-15/h2-11,13,27H,12H2,1H3,(H,24,25,26)",30822,Cc1cc(F)c(Nc2ncnc3cc(OCc4ccccc4)ccc23)cc1O,NA
Input,Diflunisal,0.21825275,InputSig,NA,NA,LINCSCP_102341,HELA,3.33uM,24h,large intestine,Prostanoid receptor antagonist,PTGS1|PTGS2,HUPFGZXOMWLGNK-UHFFFAOYSA-N,"InChI=1S/C13H8F2O3/c14-8-2-3-9(11(15)6-8)7-1-4-12(16)10(5-7)13(17)18/h1-6,16H,(H,17,18)",24435,OC(=O)c1cc(ccc1O)c2ccc(F)cc2F,4
Input,AC1LWZG4,0.21822334,InputSig,NA,NA,LINCSCP_12846,DV90,10uM,6h,lung,NA,NA,UKQWTRJZFLXIQL-UHFFFAOYSA-N,"InChI=1S/C17H18N4O5/c1-11-3-4-13(9-12(11)2)19-15(22)6-7-16(23)20-18-10-14-5-8-17(26-14)21(24)25/h3-5,8-10H,6-7H2,1-2H3,(H,19,22)(H,20,23)",636,Cc1ccc(NC(=O)CCC(=O)NN=Cc2oc(cc2)[N+](=O)[O-])cc1C,NA
Input,4-(Trans-4-butylcyclohexyl)benzoic acid,0.21814755,InputSig,NA,NA,LINCSCP_294625,VCAP,10uM,6h,prostate,NA,NA,BFZJIPFMDIHKKI-UHFFFAOYSA-N,"InChI=1S/C17H24O2/c1-2-3-4-13-5-7-14(8-6-13)15-9-11-16(12-10-15)17(18)19/h9-14H,2-8H2,1H3,(H,18,19)",1421,CCCCC1CCC(CC1)c2ccc(cc2)C(=O)O,NA
Input,BMS 641988,0.21811576,InputSig,NA,NA,LINCSCP_30559,MCF7,10uM,24h,breast,Androgen receptor antagonist,AR,HYNANJUKEMCYEQ-HIGHGGLBSA-N,"InChI=1S/C20H20F3N3O5S/c1-4-32(29,30)25-13-8-18(2)14-15(19(13,3)31-18)17(28)26(16(14)27)11-6-5-10(9-24)12(7-11)20(21,22)23/h5-7,13-15,25H,4,8H2,1-3H3/t13-,14-,15+,18-,19+/m1/s1",1719,CCS(=O)(=O)N[C@@H]1C[C@@]2(C)O[C@]1(C)[C@H]3[C@@H]2C(=O)N(C3=O)c4ccc(C#N)c(c4)C(F)(F)F,NA
Input,PK04PUR_000117,0.21809252,InputSig,NA,NA,LINCSCP_193673,A549,10uM,24h,lung,NA,NA,CLEIYVOPWCTZCC-DLBZAZTESA-N,"InChI=1S/C20H26BN3O5/c1-3-4-10-17-18-14(13-28-2)12-22-19(25)23(15-8-6-5-7-9-15)20(26)24(22)16(18)11-21(27)29-17/h5-9,16-17,27H,3-4,10-13H2,1-2H3/t16-,17+/m0/s1",10606,CCCC[C@H]1OB(O)C[C@@H]2N3N(CC(=C12)COC)C(=O)N(C3=O)c4ccccc4,NA
Input,ZINC01037816,0.218021,InputSig,NA,NA,LINCSCP_239899,MCF7,10uM,24h,breast,NA,NA,LITOCZGWAIHTLM-UHFFFAOYSA-N,"InChI=1S/C21H21N3O2S2/c1-21(2)11-14-17(16(25)12-21)19(27-3)28-18(14)15-9-10-24(23-15)20(26)22-13-7-5-4-6-8-13/h4-10H,11-12H2,1-3H3,(H,22,26)",23166,CSc1sc(c2CC(C)(C)CC(=O)c12)c3ccn(n3)C(=O)Nc4ccccc4,NA
Input,BRD-K70756309,0.21790473,InputSig,NA,NA,LINCSCP_61642,VCAP,5uM,24h,prostate,NA,NA,HSJIFMVKIOATEF-CJYOKPGZSA-N,"InChI=1S/C31H34F3N3O4/c1-20-16-37(21(2)18-38)29(39)27-14-7-6-13-26(27)25-12-5-4-9-22(25)19-41-28(20)17-36(3)30(40)35-24-11-8-10-23(15-24)31(32,33)34/h4-15,20-21,28,38H,16-19H2,1-3H3,(H,35,40)/t20-,21-,28+/m1/s1",2761,C[C@H](CO)N1C[C@@H](C)[C@H](CN(C)C(=O)Nc2cccc(c2)C(F)(F)F)OCc3ccccc3c4ccccc4C1=O,NA
Input,CHEMBL552425,0.2178511,InputSig,NA,NA,LINCSCP_26483,HT29,10uM,6h,large intestine,Ephrin inhibitor,DDR1,SAAYRHKJHDIDPH-UHFFFAOYSA-N,"InChI=1S/C21H17F3N4O2/c1-12-5-6-13(8-18(12)27-17-7-14(19(25)29)10-26-11-17)20(30)28-16-4-2-3-15(9-16)21(22,23)24/h2-11,27H,1H3,(H2,25,29)(H,28,30)",36796,Cc1ccc(cc1Nc2cncc(c2)C(=O)N)C(=O)Nc3cccc(c3)C(F)(F)F,NA
Input,BSPBIO_002472,0.21775785,InputSig,NA,NA,LINCSCP_281640,PHH,10uM,24h,NA,Estrogen receptor agonist,NA,JKKFKPJIXZFSSB-GUZDXLFXSA-N,"InChI=1S/C18H22O5S/c1-18-9-8-14-13-5-3-12(23-24(20,21)22)10-11(13)2-4-15(14)16(18)6-7-17(18)19/h3,5,10,14-16H,2,4,6-9H2,1H3,(H,20,21,22)/t14?,15?,16?,18-/m0/s1",23027,C[C@]12CCC3C(CCc4cc(OS(=O)(=O)O)ccc34)C1CCC2=O,NA
Input,Austricin,0.21763255,InputSig,NA,NA,LINCSCP_289282,VCAP,10uM,24h,prostate,Hypolipidemic,NA,YMUOZXZDDBRJEP-XUNJKSNWSA-N,"InChI=1S/C15H18O4/c1-6-4-10(17)13-8(3)15(18)19-14(13)12-7(2)5-9(16)11(6)12/h5,8,10,12-14,17H,4H2,1-3H3/t8-,10-,12-,13+,14+/m0/s1",15820,C[C@H]1[C@@H]2[C@@H](O)CC(=C3C(=CC(=C3[C@H]2OC1=O)C)O)C,NA
Input,BH3I 1,0.21763184,InputSig,NA,NA,LINCSCP_55738,VCAP,10uM,6h,prostate,BCL inhibitor,BCL2L1,COHIEJLWRGREHV-XFFZJAGNSA-N,"InChI=1S/C15H14BrNO3S2/c1-8(2)12(14(19)20)17-13(18)11(22-15(17)21)7-9-3-5-10(16)6-4-9/h3-8,12H,1-2H3,(H,19,20)/b11-7-",37787,CC(C)C(N1C(=S)S\C(=C/c2ccc(Br)cc2)\C1=O)C(=O)O,NA
Input,BRD-K46512534,0.21757833,InputSig,NA,NA,LINCSCP_48368,PC3,5uM,24h,prostate,NA,NA,KCUPEQASNPUUCR-JOCHJYFZSA-N,"InChI=1S/C25H30FN3O2/c1-28-11-9-25(10-12-28)16-29(14-17-3-5-18(26)6-4-17)22(15-30)24-23(25)20-8-7-19(31-2)13-21(20)27-24/h3-8,13,22,27,30H,9-12,14-16H2,1-2H3/t22-/m1/s1",12803,COc1ccc2c3c([nH]c2c1)[C@@H](CO)N(Cc4ccc(F)cc4)CC35CCN(C)CC5,NA
Input,MLS000925170,0.21738002,InputSig,NA,NA,LINCSCP_34224,MCF7,10uM,6h,breast,NA,NA,PEWAQZDJVNVKEB-UHFFFAOYSA-N,"InChI=1S/C26H27FN2O3S/c1-31-22-8-9-24(32-2)19(15-22)11-12-28-26(30)20-5-10-25-23(16-20)29(13-14-33-25)17-18-3-6-21(27)7-4-18/h3-10,15-16H,11-14,17H2,1-2H3,(H,28,30)",18340,COc1ccc(OC)c(CCNC(=O)c2ccc3SCCN(Cc4ccc(F)cc4)c3c2)c1,NA
Input,IN1152,0.21737424,InputSig,NA,NA,LINCSCP_289785,VCAP,10uM,6h,prostate,SYK inhibitor,NA,CDRPUGZCRXZLFL-UHFFFAOYSA-N,"InChI=1S/C14H12O4/c15-11-5-10(6-12(16)8-11)2-1-9-3-4-13(17)14(18)7-9/h1-8,15-18H",15120,Oc1cc(O)cc(C=Cc2ccc(O)c(O)c2)c1,NA
Input,PFI-1,0.21734305,InputSig,NA,NA,LINCSCP_164674,SKL.C,0.12uM,24h,NA,NA,NA,TXZPMHLMPKIUGK-UHFFFAOYSA-N,"InChI=1S/C16H17N3O4S/c1-19-10-11-9-12(7-8-13(11)17-16(19)20)18-24(21,22)15-6-4-3-5-14(15)23-2/h3-9,18H,10H2,1-2H3,(H,17,20)",14199,COc1ccccc1S(=O)(=O)Nc2ccc3NC(=O)N(C)Cc3c2,NA
Input,TOFA,0.2173007,InputSig,NA,NA,LINCSCP_126092,HT29,0.12uM,24h,large intestine,NA,NA,CZRCFAOMWRAFIC-UHFFFAOYSA-N,"InChI=1S/C19H32O4/c1-2-3-4-5-6-7-8-9-10-11-12-13-16-22-18-15-14-17(23-18)19(20)21/h14-15H,2-13,16H2,1H3,(H,20,21)",26629,CCCCCCCCCCCCCCOc1oc(cc1)C(=O)O,NA
Input,NSC95397,0.21721503,InputSig,NA,NA,LINCSCP_43785,OV7,10uM,6h,ovary,CDC inhibitor,NA,MAASHDQFQDDECQ-UHFFFAOYSA-N,"InChI=1S/C14H14O4S2/c15-5-7-19-13-11(17)9-3-1-2-4-10(9)12(18)14(13)20-8-6-16/h1-4,15-16H,5-8H2",15855,OCCSC1=C(SCCO)C(=O)c2ccccc2C1=O,NA
Input,PNU-22394,0.21719899,InputSig,NA,NA,LINCSCP_55935,VCAP,10uM,24h,prostate,Serotonin receptor agonist,HTR2A|HTR2B|HTR2C,ZBXDOQWPGBISAR-UHFFFAOYSA-N,"InChI=1S/C13H16N2/c1-15-12-5-3-2-4-10(12)11-6-8-14-9-7-13(11)15/h2-5,14H,6-9H2,1H3",22910,Cn1c2CCNCCc2c3ccccc13,NA
Input,CHEMBL1788383,0.21718049,InputSig,NA,NA,LINCSCP_33253,MCF7,10uM,6h,breast,Sigma receptor agonist|Sigma receptor antagonist,DRD2|SIGMAR1,GSXJSGMDWKPVBY-UHFFFAOYSA-N,"InChI=1S/C20H23N/c1-2-6-17(7-3-1)16-21-14-12-20(13-15-21)11-10-18-8-4-5-9-19(18)20/h1-9H,10-16H2",3595,C(N1CCC2(CC1)CCc3ccccc23)c4ccccc4,NA
Input,BRD-K28508449,0.21710089,InputSig,NA,NA,LINCSCP_62360,VCAP,5uM,6h,prostate,NA,NA,MRHMXTIRULDPKA-HUZKPYMCSA-N,"InChI=1S/C27H25F2N3O5/c28-17-3-5-22(29)16(8-17)13-31-25(34)11-19-10-21-20-9-18(32-27(35)15-2-1-7-30-12-15)4-6-23(20)37-26(21)24(14-33)36-19/h1-9,12,19,21,24,26,33H,10-11,13-14H2,(H,31,34)(H,32,35)/t19-,21-,24+,26+/m1/s1",24232,OC[C@@H]1O[C@@H](CC(=O)NCc2cc(F)ccc2F)C[C@H]3[C@@H]1Oc4ccc(NC(=O)c5cccnc5)cc34,NA
Input,CHEMBL520231,0.21705871,InputSig,NA,NA,LINCSCP_21727,HEPG2,10uM,6h,liver,Exportin antagonist,XPO1,AICKZRPQDLFSPA-SREVYHEPSA-N,"InChI=1S/C12H11ClN4O2/c1-2-19-11(18)6-7-17-15-12(14-16-17)9-4-3-5-10(13)8-9/h3-8H,2H2,1H3/b7-6-",17698,CCOC(=O)\C=C/n1nnc(n1)c2cccc(Cl)c2,NA
Input,SA-97343,0.2170455,InputSig,NA,NA,LINCSCP_37014,MCF7,1uM,24h,breast,NA,NA,KUMTZIUPXZKNDA-XMERXJNXSA-N,"InChI=1S/C29H39N3O8S/c1-19-16-32(20(2)18-33)29(35)24-6-5-7-25(30-28(34)21-12-14-39-15-13-21)27(24)40-26(19)17-31(3)41(36,37)23-10-8-22(38-4)9-11-23/h5-11,19-21,26,33H,12-18H2,1-4H3,(H,30,34)/t19-,20-,26-/m1/s1",11841,COc1ccc(cc1)S(=O)(=O)N(C)C[C@H]2Oc3c(NC(=O)C4CCOCC4)cccc3C(=O)N(C[C@H]2C)[C@H](C)CO,NA
Input,VU0011562,0.21696023,InputSig,NA,NA,LINCSCP_19832,HCC515,10uM,6h,lung,NA,NA,ARJVRZCHBXVMAC-UHFFFAOYSA-N,"InChI=1S/C16H14N4O/c1-2-6-12-11(5-1)17-15(18-12)9-21-10-16-19-13-7-3-4-8-14(13)20-16/h1-8H,9-10H2,(H,17,18)(H,19,20)",502,C(OCc1nc2ccccc2[nH]1)c3nc4ccccc4[nH]3,NA
Input,BRD-K91898214,0.21689668,InputSig,NA,NA,LINCSCP_60332,VCAP,5uM,6h,prostate,NA,NA,ZMBSZSRZHSICHB-MHPIHPPYSA-N,"InChI=1S/C28H31FN4O4/c1-18-15-33(19(2)17-34)28(36)24-12-21(20-7-9-22(29)10-8-20)14-31-27(24)37-25(18)16-32(3)26(35)13-23-6-4-5-11-30-23/h4-12,14,18-19,25,34H,13,15-17H2,1-3H3/t18-,19-,25-/m0/s1",2001,C[C@@H](CO)N1C[C@H](C)[C@H](CN(C)C(=O)Cc2ccccn2)Oc3ncc(cc3C1=O)c4ccc(F)cc4,NA
Input,BRD-K13094522,0.21688523,InputSig,NA,NA,LINCSCP_308867,VCAP,5uM,6h,prostate,NA,NA,MMSAETDDPZXZRS-CJTFWIGWSA-N,"InChI=1S/C27H36N4O5/c1-5-13-30-23-20(21(16-32)24(30)25(33)28-12-14-36-4)15-31-22(23)11-10-19(27(31)35)17-6-8-18(9-7-17)26(34)29(2)3/h6-11,20-21,23-24,32H,5,12-16H2,1-4H3,(H,28,33)/t20-,21-,23+,24-/m1/s1",2199,CCCN1[C@H]([C@H](CO)[C@H]2CN3C(=CC=C(C3=O)c4ccc(cc4)C(=O)N(C)C)[C@@H]12)C(=O)NCCOC,NA
Input,Levocabastine,0.21685256,InputSig,NA,NA,LINCSCP_40985,NEU,10uM,24h,NA,Histamine receptor antagonist,HRH1|NTSR2,ZCGOMHNNNFPNMX-KYTRFIICSA-N,"InChI=1S/C26H29FN2O2/c1-19-17-29(16-15-26(19,24(30)31)21-5-3-2-4-6-21)23-11-13-25(18-28,14-12-23)20-7-9-22(27)10-8-20/h2-10,19,23H,11-17H2,1H3,(H,30,31)/t19-,23-,25-,26-/m1/s1",35662,C[C@@H]1CN(CC[C@]1(C(=O)O)c2ccccc2)[C@@H]3CC[C@@](CC3)(C#N)c4ccc(F)cc4,4
Input,BRD-K62687522,0.21684031,InputSig,NA,NA,LINCSCP_8176,A549,5uM,24h,lung,NA,NA,VXKDMLCNRLNBMM-OREGWCPLSA-N,"InChI=1S/C29H41N5O5/c1-21-17-34(22(2)20-35)29(37)25-16-24(31-28(36)8-11-33-12-14-38-15-13-33)4-5-26(25)39-27(21)19-32(3)18-23-6-9-30-10-7-23/h4-7,9-10,16,21-22,27,35H,8,11-15,17-20H2,1-3H3,(H,31,36)/t21-,22+,27+/m0/s1",13195,C[C@H](CO)N1C[C@H](C)[C@@H](CN(C)Cc2ccncc2)Oc3ccc(NC(=O)CCN4CCOCC4)cc3C1=O,NA
Input,NUTLIN 3,0.21681697,InputSig,NA,NA,LINCSCP_264081,OV7,40uM,6h,ovary,MDM inhibitor,MDM2,BDUHCSBCVGXTJM-UHFFFAOYSA-N,"InChI=1S/C30H30Cl2N4O4/c1-18(2)40-25-16-23(39-3)12-13-24(25)29-34-27(19-4-8-21(31)9-5-19)28(20-6-10-22(32)11-7-20)36(29)30(38)35-15-14-33-26(37)17-35/h4-13,16,18,27-28H,14-15,17H2,1-3H3,(H,33,37)",16112,COc1ccc(C2=NC(C(N2C(=O)N3CCNC(=O)C3)c4ccc(Cl)cc4)c5ccc(Cl)cc5)c(OC(C)C)c1,NA
Input,Verapamil,0.21677855,InputSig,NA,NA,LINCSCP_21580,HEPG2,10uM,6h,liver,Calcium channel blocker,CACNA1C|CACNA1D|CACNA1F|CACNA1G|CACNA1S,SGTNSNPWRIOYBX-UHFFFAOYSA-N,"InChI=1S/C27H38N2O4/c1-20(2)27(19-28,22-10-12-24(31-5)26(18-22)33-7)14-8-15-29(3)16-13-21-9-11-23(30-4)25(17-21)32-6/h9-12,17-18,20H,8,13-16H2,1-7H3",15173,COc1ccc(CCN(C)CCCC(C#N)(C(C)C)c2ccc(OC)c(OC)c2)cc1OC,4
Input,Plerixafor,0.2167697,InputSig,NA,NA,LINCSCP_24213,HS27A,10uM,6h,bone marrow,CC chemokine receptor antagonist,CXCR4,YIQPUIGJQJDJOS-UHFFFAOYSA-N,"InChI=1S/C28H54N8/c1-9-29-15-17-31-13-3-21-35(23-19-33-11-1)25-27-5-7-28(8-6-27)26-36-22-4-14-32-18-16-30-10-2-12-34-20-24-36/h5-8,29-34H,1-4,9-26H2",19449,C(N1CCCNCCNCCCNCC1)c2ccc(CN3CCCNCCNCCCNCC3)cc2,4
Input,BRD-K78247419,0.21676608,InputSig,NA,NA,LINCSCP_64115,VCAP,5uM,6h,prostate,NA,NA,IAXCLMCZIRASFG-OEVAXVTLSA-N,"InChI=1S/C29H33N3O4/c33-17-22-24-16-31-23(14-13-21(28(31)35)12-11-18-5-2-1-3-6-18)26(32(24)29(36)20-7-4-8-20)25(22)27(34)30-15-19-9-10-19/h1-3,5-6,11-14,19-20,22,24-26,33H,4,7-10,15-17H2,(H,30,34)/b12-11+/t22-,24-,25+,26+/m0/s1",9496,OC[C@H]1[C@@H]2CN3C(=O)C(=CC=C3[C@H]([C@@H]1C(=O)NCC4CC4)N2C(=O)C5CCC5)\C=C\c6ccccc6,NA
Input,SMR001317716,0.21671401,InputSig,NA,NA,LINCSCP_293283,VCAP,10uM,24h,prostate,NA,NA,RULALXOMQARGQG-UHFFFAOYSA-N,"InChI=1S/C17H21ClN2O4/c18-13-8-4-5-9-14(13)20-15(21)11-24-16(22)10-19-17(23)12-6-2-1-3-7-12/h4-5,8-9,12H,1-3,6-7,10-11H2,(H,19,23)(H,20,21)",38063,Clc1ccccc1NC(=O)COC(=O)CNC(=O)C2CCCCC2,NA
Input,MLS003128966,0.21667354,InputSig,NA,NA,LINCSCP_60058,VCAP,5uM,24h,prostate,NA,NA,VNTYMDDKAMTNEX-FTRWYGJKSA-N,"InChI=1S/C22H28BrN3O5S/c1-15-12-26(16(2)14-27)32(29,30)21-8-7-17(23)10-19(21)31-20(15)13-25(3)22(28)11-18-6-4-5-9-24-18/h4-10,15-16,20,27H,11-14H2,1-3H3/t15-,16-,20-/m0/s1",16803,C[C@@H](CO)N1C[C@H](C)[C@H](CN(C)C(=O)Cc2ccccn2)Oc3cc(Br)ccc3S1(=O)=O,NA
Input,COT-10B,0.21662667,InputSig,NA,NA,LINCSCP_9445,A549,0.01uM,24h,lung,NA,NA,SHBWGYKUKOFCKR-UHFFFAOYSA-N,"InChI=1S/C21H17N3S/c1-13(22)19-11-17-18(12-24-21(23)20(17)25-19)16-9-5-8-15(10-16)14-6-3-2-4-7-14/h2-12H,1,22H2,(H2,23,24)",23079,NC(=C)c1cc2c(cnc(N)c2s1)c3cccc(c3)c4ccccc4,NA
Input,BRD-K95063618,0.21651691,InputSig,NA,NA,LINCSCP_35055,MCF7,5uM,24h,breast,NA,NA,HWTLLAZAXGMWGF-ARNLJNQMSA-N,"InChI=1S/C26H29N3O4/c1-3-13-27-26(32)28-15-22-25(23(17-30)29(22)24(31)16-28)20-11-9-18(10-12-20)7-8-19-5-4-6-21(14-19)33-2/h4-6,9-12,14,22-23,25,30H,3,13,15-17H2,1-2H3,(H,27,32)/t22-,23+,25-/m0/s1",34142,CCCNC(=O)N1C[C@H]2[C@@H]([C@@H](CO)N2C(=O)C1)c3ccc(cc3)C#Cc4cccc(OC)c4,NA
Input,PRESTWICK3_000652,0.21644706,InputSig,NA,NA,LINCSCP_179447,A375,10uM,6h,skin,GABA receptor antagonist,GABRA1|GABRR1|GLRA2|GLRA3,PIMZUZSSNYHVCU-IQPPENEWSA-N,"InChI=1S/C15H16O6/c1-5(2)7-8-11(16)19-9(7)10-13(3)14(8,18)4-6-15(13,21-6)12(17)20-10/h6-10,18H,1,4H2,2-3H3/t6?,7-,8?,9-,10-,13-,14-,15+/m1/s1",15233,CC(=C)[C@H]1[C@H]2OC(=O)C1[C@]3(O)CC4O[C@]45C(=O)O[C@H]2[C@]35C,NA
Input,CHEMBL1619263,0.21632859,InputSig,NA,NA,LINCSCP_49827,PHH,10uM,24h,NA,NA,NA,BTGJJKUUMGGZNO-UHFFFAOYSA-N,"InChI=1S/C23H29ClFNO2/c1-2-3-12-23(27,19-6-10-21(25)11-7-19)22(17-26-13-15-28-16-14-26)18-4-8-20(24)9-5-18/h4-11,22,27H,2-3,12-17H2,1H3",15558,CCCCC(O)(C(CN1CCOCC1)c2ccc(Cl)cc2)c3ccc(F)cc3,NA
Input,MLS002232305,0.21631444,InputSig,NA,NA,LINCSCP_22300,HEPG2,10uM,6h,liver,NA,NA,BRHMWNJLFOQRIN-UHFFFAOYSA-N,"InChI=1S/C28H39N7O4/c1-33-13-10-19(11-14-33)30-27(38)18-4-9-22(24(16-18)39-3)31-28-29-17-23-26(32-28)35(15-12-25(37)34(23)2)20-5-7-21(36)8-6-20/h4,9,16-17,19-21,36H,5-8,10-15H2,1-3H3,(H,30,38)(H,29,31,32)",16155,COc1cc(ccc1Nc2ncc3N(C)C(=O)CCN(C4CCC(O)CC4)c3n2)C(=O)NC5CCN(C)CC5,NA
Input,ZINC04126477,0.21629482,InputSig,NA,NA,LINCSCP_49873,PHH,10uM,24h,NA,NA,NA,PEJFWNPXVJMBFA-YDZHTSKRSA-N,"InChI=1S/C22H16N4O/c1-26-19-11-10-15(23-13-14-6-2-5-9-20(14)27)12-16(19)21-22(26)25-18-8-4-3-7-17(18)24-21/h2-13,27H,1H3/b23-13+",1494,Cn1c2ccc(cc2c3nc4ccccc4nc13)N=Cc5ccccc5O,NA
Input,Ipriflavone,0.21625197,InputSig,NA,NA,LINCSCP_99091,HA1E,10uM,24h,kidney epithelial,Bone resorption inhibitor,NA,SFBODOKJTYAUCM-UHFFFAOYSA-N,"InChI=1S/C18H16O3/c1-12(2)21-14-8-9-15-17(10-14)20-11-16(18(15)19)13-6-4-3-5-7-13/h3-12H,1-2H3",16462,CC(C)Oc1ccc2C(=O)C(=COc2c1)c3ccccc3,NA
Input,BRD-K72429558,0.21623448,InputSig,NA,NA,LINCSCP_49883,PHH,10uM,24h,NA,NA,NA,JQKHDUWQEWCERO-LLTQPOKBSA-N,"InChI=1S/C31H43F3N4O7S/c1-20-17-38(21(2)19-39)29(40)26-16-25(36-46(5,42)43)13-14-27(26)45-22(3)8-6-7-15-44-28(20)18-37(4)30(41)35-24-11-9-23(10-12-24)31(32,33)34/h9-14,16,20-22,28,36,39H,6-8,15,17-19H2,1-5H3,(H,35,41)/t20-,21+,22-,28+/m1/s1",13409,C[C@@H](CO)N1C[C@@H](C)[C@H](CN(C)C(=O)Nc2ccc(cc2)C(F)(F)F)OCCCC[C@@H](C)Oc3ccc(NS(=O)(=O)C)cc3C1=O,NA
Input,Milrinone,0.2162314,InputSig,NA,NA,LINCSCP_55830,VCAP,10uM,6h,prostate,Phosphodiesterase inhibitor,PDE3A,PZRHRDRVRGEVNW-UHFFFAOYSA-N,"InChI=1S/C12H9N3O/c1-8-11(9-2-4-14-5-3-9)6-10(7-13)12(16)15-8/h2-6H,1H3,(H,15,16)",13462,Cc1nc(O)c(cc1c2ccncc2)C#N,4
Input,Sulconazole,0.21622583,InputSig,NA,NA,LINCSCP_52487,SKB,10uM,24h,NA,Cytochrome P450 51 inhibitor,NA,AFNXATANNDIXLG-UHFFFAOYSA-N,"InChI=1S/C18H15Cl3N2S/c19-14-3-1-13(2-4-14)11-24-18(10-23-8-7-22-12-23)16-6-5-15(20)9-17(16)21/h1-9,12,18H,10-11H2",35419,Clc1ccc(CSC(Cn2ccnc2)c3ccc(Cl)cc3Cl)cc1,4
Input,MK-0752,0.21621326,InputSig,NA,NA,LINCSCP_167408,YAPC,10uM,24h,pancreas,NA,NA,XCGJIFAKUZNNOR-QCKZDCLWSA-N,"InChI=1S/C21H21ClF2O4S/c22-15-2-5-17(6-3-15)29(27,28)21(18-13-16(23)4-7-19(18)24)11-9-14(10-12-21)1-8-20(25)26/h2-7,13-14H,1,8-12H2,(H,25,26)/t14-,21+",26476,OC(=O)CC[C@@H]1CC[C@](CC1)(c2cc(F)ccc2F)S(=O)(=O)c3ccc(Cl)cc3,NA
Input,DG-041,0.21615521,InputSig,NA,NA,LINCSCP_30786,MCF7,40uM,6h,breast,Prostanoid receptor antagonist,PTGER3,BFBTVZNKWXWKNZ-HWKANZROSA-N,"InChI=1S/C23H15Cl4FN2O3S2/c1-12-10-30(11-14-2-4-15(24)7-18(14)25)22-13(6-16(28)8-17(12)22)3-5-20(31)29-35(32,33)21-9-19(26)23(27)34-21/h2-10H,11H2,1H3,(H,29,31)/b5-3+",37981,Cc1cn(Cc2ccc(Cl)cc2Cl)c3c(\C=C\C(=O)NS(=O)(=O)c4cc(Cl)c(Cl)s4)cc(F)cc13,NA
Input,Ondansetron,0.2161364,InputSig,NA,NA,LINCSCP_176,A375,10uM,24h,skin,Serotonin receptor antagonist,HTR3A,FELGMEQIXOGIFQ-UHFFFAOYSA-N,"InChI=1S/C18H19N3O/c1-12-19-9-10-21(12)11-13-7-8-16-17(18(13)22)14-5-3-4-6-15(14)20(16)2/h3-6,9-10,13H,7-8,11H2,1-2H3",8575,Cc1nccn1CC2CCc3c(C2=O)c4ccccc4n3C,4
Input,CHEMBL2134588,0.21610505,InputSig,NA,NA,LINCSCP_259139,NEU,10uM,24h,NA,NA,NA,RBSAFUBBOVWQRM-VJBWXMMDSA-N,"InChI=1S/C23H23N3O3S/c27-16-22-23-19-11-4-5-12-20(19)26(30(28,29)18-9-2-1-3-10-18)15-21(23)25(22)14-17-8-6-7-13-24-17/h1-13,21-23,27H,14-16H2/t21-,22+,23+/m1/s1",40351,OC[C@H]1[C@@H]2[C@@H](CN(c3ccccc23)S(=O)(=O)c4ccccc4)N1Cc5ccccn5,NA
Input,Cytochalasin B,0.21605088,InputSig,NA,NA,LINCSCP_29128,JHUEM2,10uM,6h,endometrium,Microtubule inhibitor,ACTB,GBOGMAARMMDZGR-FFXRSMCQSA-N,"InChI=1S/C29H37NO5/c1-18-9-7-13-22(31)15-16-25(32)35-29-23(14-8-10-18)27(33)20(3)19(2)26(29)24(30-28(29)34)17-21-11-5-4-6-12-21/h4-6,8,11-12,14-16,18-19,22-24,26-27,31,33H,3,7,9-10,13,17H2,1-2H3,(H,30,34)/b14-8+,16-15-/t18-,19-,22-,23+,24+,26+,27-,29-/m1/s1",27318,C[C@@H]1CCC[C@@H](O)\C=C/C(=O)O[C@]23[C@@H](\C=C\C1)[C@H](O)C(=C)[C@@H](C)[C@H]2[C@H](Cc4ccccc4)NC3=O,NA
Input,Cytochalasin B,0.21605088,InputSig,NA,NA,LINCSCP_29128,JHUEM2,10uM,6h,endometrium,Microtubule inhibitor,ACTB,GBOGMAARMMDZGR-TYHYBEHESA-N,"InChI=1S/C29H37NO5/c1-18-9-7-13-22(31)15-16-25(32)35-29-23(14-8-10-18)27(33)20(3)19(2)26(29)24(30-28(29)34)17-21-11-5-4-6-12-21/h4-6,8,11-12,14-16,18-19,22-24,26-27,31,33H,3,7,9-10,13,17H2,1-2H3,(H,30,34)/b14-8+,16-15+/t18-,19-,22-,23+,24+,26+,27-,29-/m1/s1",24524,C[C@@H]1CCC[C@@H](O)\C=C\C(=O)O[C@]23[C@@H](\C=C\C1)[C@H](O)C(=C)[C@@H](C)[C@H]2[C@H](Cc4ccccc4)NC3=O,NA
Input,AC1MCK4Q,0.21603195,InputSig,NA,NA,LINCSCP_5302,A549,10uM,6h,lung,NA,NA,RSLZFXYZLHFVJD-UHFFFAOYSA-N,"InChI=1S/C19H14ClF2N5O2S/c1-29-18(28)14-9-24-27(16-7-4-12(21)8-15(16)22)17(14)10-23-26-19(30)25-13-5-2-11(20)3-6-13/h2-10H,1H3,(H2,25,26,30)",25074,COC(=O)c1cnn(c1C=NN=C(S)Nc2ccc(Cl)cc2)c3ccc(F)cc3F,NA
Input,Broad-Sai-443,0.21602116,InputSig,NA,NA,LINCSCP_17102,HA1E,10uM,24h,kidney epithelial,NA,NA,NA,NA,NA,NA,NA
Input,BRD-K32782699,0.21597433,InputSig,NA,NA,LINCSCP_62445,VCAP,5uM,24h,prostate,NA,NA,QSBPACLFOOFXHF-BIJSTVTOSA-N,"InChI=1S/C22H27F3N2O6/c23-22(24,25)11-26-19(29)9-14-8-16-15-7-13(27-21(30)12-3-5-31-6-4-12)1-2-17(15)33-20(16)18(10-28)32-14/h1-2,7,12,14,16,18,20,28H,3-6,8-11H2,(H,26,29)(H,27,30)/t14-,16-,18+,20+/m1/s1",24368,OC[C@@H]1O[C@@H](CC(=O)NCC(F)(F)F)C[C@H]2[C@@H]1Oc3ccc(NC(=O)C4CCOCC4)cc23,NA
Input,SMR000033445,0.21592649,InputSig,NA,NA,LINCSCP_7779,A549,10uM,24h,lung,NA,NA,NCJICBACMDWGLU-UHFFFAOYSA-N,"InChI=1S/C24H32N4O5/c1-4-33-20-7-5-18(6-8-20)25-23(29)16-27-9-11-28(12-10-27)17-24(30)26-19-13-21(31-2)15-22(14-19)32-3/h5-8,13-15H,4,9-12,16-17H2,1-3H3,(H,25,29)(H,26,30)",18314,CCOc1ccc(NC(=O)CN2CCN(CC(=O)Nc3cc(OC)cc(OC)c3)CC2)cc1,NA
Input,MLS003130364,0.21584926,InputSig,NA,NA,LINCSCP_64330,VCAP,3uM,24h,prostate,NA,NA,ZZWVGKUDLRNMBI-UMDYSXRGSA-N,"InChI=1S/C32H49N3O7S/c1-7-17-34(5)21-31-23(2)20-35(24(3)22-36)32(37)29-19-26(11-16-30(29)42-25(4)10-8-9-18-41-31)33-43(38,39)28-14-12-27(40-6)13-15-28/h11-16,19,23-25,31,33,36H,7-10,17-18,20-22H2,1-6H3/t23-,24+,25+,31-/m0/s1",16506,CCCN(C)C[C@@H]1OCCCC[C@@H](C)Oc2ccc(NS(=O)(=O)c3ccc(OC)cc3)cc2C(=O)N(C[C@@H]1C)[C@H](C)CO,NA
Input,NNC-112,0.21583805,InputSig,NA,NA,LINCSCP_41186,NEU,10uM,24h,NA,Dopamine receptor antagonist,NA,RUSANBIFMAXXSJ-MRXNPFEDSA-N,"InChI=1S/C19H18ClNO2/c1-21-7-5-13-9-17(20)18(22)10-15(13)16(11-21)14-4-2-3-12-6-8-23-19(12)14/h2-4,6,8-10,16,22H,5,7,11H2,1H3/t16-/m1/s1",19470,CN1CCc2cc(Cl)c(O)cc2[C@H](C1)c3cccc4ccoc34,NA
Input,6Alpha-fluorotestosterone,0.21583022,InputSig,NA,NA,LINCSCP_13386,FIBRNPC,10uM,6h,NA,NA,NA,GGQPTOITOZXLBE-QXROXWLYSA-N,"InChI=1S/C19H27FO2/c1-18-7-5-11(21)9-15(18)16(20)10-12-13-3-4-17(22)19(13,2)8-6-14(12)18/h9,12-14,16-17,22H,3-8,10H2,1-2H3/t12-,13-,14-,16-,17-,18+,19-/m0/s1",16438,C[C@]12CC[C@H]3[C@@H](C[C@H](F)C4=CC(=O)CC[C@]34C)[C@@H]1CC[C@@H]2O,NA
Input,BRD-K91849632,0.21578434,InputSig,NA,NA,LINCSCP_61665,VCAP,5uM,24h,prostate,NA,NA,NRKUZRFIJSCRHL-IPVFLDMMSA-N,"InChI=1S/C30H37N5O5S/c1-20-14-35(21(2)17-36)30(37)29-28(24-12-8-9-13-25(24)34(29)5)23-11-7-6-10-22(23)18-40-26(20)15-33(4)41(38,39)27-16-32(3)19-31-27/h6-13,16,19-21,26,36H,14-15,17-18H2,1-5H3/t20-,21-,26-/m1/s1",4666,C[C@H](CO)N1C[C@@H](C)[C@@H](CN(C)S(=O)(=O)c2cn(C)cn2)OCc3ccccc3c4c(C1=O)n(C)c5ccccc45,NA
Input,Lorazepam,0.21575451,InputSig,NA,NA,LINCSCP_74231,A375,10uM,24h,skin,Benzodiazepine receptor agonist,GABRA1|GABRA2|GABRA3|GABRA4|GABRA5|GABRA6|GABRB1|GABRB2|GABRB3|GABRD|GABRE|GABRG1|GABRG2|GABRG3|GABRP|GABRQ,DIWRORZWFLOCLC-UHFFFAOYSA-N,"InChI=1S/C15H10Cl2N2O2/c16-8-5-6-12-10(7-8)13(19-15(21)14(20)18-12)9-3-1-2-4-11(9)17/h1-7,15,21H,(H,18,20)",36345,OC1N=C(c2ccccc2Cl)c3cc(Cl)ccc3NC1=O,4
Input,PP 3,0.21574453,InputSig,NA,NA,LINCSCP_180012,A375,10uM,6h,skin,EGFR inhibitor,NA,KKDPIZPUTYIBFX-UHFFFAOYSA-N,"InChI=1S/C11H9N5/c12-10-9-6-15-16(11(9)14-7-13-10)8-4-2-1-3-5-8/h1-7H,(H2,12,13,14)",24954,Nc1ncnc2c1cnn2c3ccccc3,NA
Input,Molindone,0.21571338,InputSig,NA,NA,LINCSCP_140600,MCF7,0.37uM,24h,breast,Dopamine receptor antagonist,DRD2|HTR2A,KLPWJLBORRMFGK-UHFFFAOYSA-N,"InChI=1S/C16H24N2O2/c1-3-13-11(2)17-14-5-4-12(16(19)15(13)14)10-18-6-8-20-9-7-18/h12,17H,3-10H2,1-2H3",35403,CCc1c(C)[nH]c2CCC(CN3CCOCC3)C(=O)c12,4
Input,BRD-K04986062,0.2157032,InputSig,NA,NA,LINCSCP_222126,HL60,1uM,24h,haematopoietic and lymphoid tissue,NA,NA,KWWYTJBDJJMHJQ-SFQUDFHCSA-N,"InChI=1S/C19H18FN3O3/c1-11-8-16(13(3)23(11)15-6-4-14(20)5-7-15)19(25)26-10-18(24)17(9-21)12(2)22/h4-8H,10,22H2,1-3H3/b17-12+",26543,C\C(=C(\C#N)/C(=O)COC(=O)c1cc(C)n(c1C)c2ccc(F)cc2)\N,NA
Input,Sepantronium,0.21570213,InputSig,NA,NA,LINCSCP_21754,HEPG2,0.5uM,6h,liver,Survivin inhibitor,BIRC5,OTSOOHRUMBRSHZ-UHFFFAOYSA-N,"InChI=1S/C20H19N4O3/c1-13-23(9-10-27-2)17-18(24(13)12-14-11-21-7-8-22-14)20(26)16-6-4-3-5-15(16)19(17)25/h3-8,11H,9-10,12H2,1-2H3/q+1",18449,COCCn1c(C)[n+](Cc2cnccn2)c3C(=O)c4ccccc4C(=O)c13,2
Input,Lasalocid,0.21566664,InputSig,NA,NA,LINCSCP_27073,HT29,10uM,6h,large intestine,Bacterial permeability inducer,NA,BBMULGJBVDDDNI-OWKLGTHSSA-N,"InChI=1S/C34H54O8/c1-9-25(31-21(6)18-34(11-3,42-31)26-16-17-33(40,10-2)23(8)41-26)30(37)22(7)28(35)19(4)12-14-24-15-13-20(5)29(36)27(24)32(38)39/h13,15,19,21-23,25-26,28,31,35-36,40H,9-12,14,16-18H2,1-8H3,(H,38,39)/t19-,21+,22+,23+,25+,26-,28+,31+,33-,34+/m1/s1",35516,CC[C@H]([C@H]1O[C@@](CC)(C[C@@H]1C)[C@H]2CC[C@](O)(CC)[C@H](C)O2)C(=O)[C@@H](C)[C@@H](O)[C@H](C)CCc3ccc(C)c(O)c3C(=O)O,NA
Input,Diphenhydramine,0.21566476,InputSig,NA,NA,LINCSCP_190261,A549,10uM,6h,lung,Histamine receptor antagonist,HRH1,ZZVUWRFHKOJYTH-UHFFFAOYSA-N,"InChI=1S/C17H21NO/c1-18(2)13-14-19-17(15-9-5-3-6-10-15)16-11-7-4-8-12-16/h3-12,17H,13-14H2,1-2H3",35207,CN(C)CCOC(c1ccccc1)c2ccccc2,4
Input,Neratinib,0.21555023,InputSig,NA,NA,LINCSCP_10440,A673,10uM,6h,bone,EGFR inhibitor,EGFR|ERBB2|ERBB4,JWNPDZNEKVCWMY-UHFFFAOYSA-N,"InChI=1S/C30H29ClN6O3/c1-4-39-28-16-25-23(15-26(28)36-29(38)9-7-13-37(2)3)30(20(17-32)18-34-25)35-21-10-11-27(24(31)14-21)40-19-22-8-5-6-12-33-22/h5-12,14-16,18H,4,13,19H2,1-3H3,(H,34,35)(H,36,38)",27312,CCOc1cc2ncc(C#N)c(Nc3ccc(OCc4ccccn4)c(Cl)c3)c2cc1NC(=O)C=CCN(C)C,NA
Input,Neratinib,0.21555023,InputSig,NA,NA,LINCSCP_10440,A673,10uM,6h,bone,EGFR inhibitor,EGFR|ERBB2|ERBB4,JWNPDZNEKVCWMY-VQHVLOKHSA-N,"InChI=1S/C30H29ClN6O3/c1-4-39-28-16-25-23(15-26(28)36-29(38)9-7-13-37(2)3)30(20(17-32)18-34-25)35-21-10-11-27(24(31)14-21)40-19-22-8-5-6-12-33-22/h5-12,14-16,18H,4,13,19H2,1-3H3,(H,34,35)(H,36,38)/b9-7+",17243,CCOc1cc2ncc(C#N)c(Nc3ccc(OCc4ccccn4)c(Cl)c3)c2cc1NC(=O)\C=C\CN(C)C,3
Input,ST012030,0.2155356,InputSig,NA,NA,LINCSCP_16419,HA1E,10uM,6h,kidney epithelial,NA,NA,CITPXCNSMZMNIW-UHFFFAOYSA-N,"InChI=1S/C22H30N2O3/c1-4-21-9-5-12-23-13-11-22(20(21)23)15-6-7-16(27-3)19(26)18(15)24(14(2)25)17(22)8-10-21/h6-7,17,20,26H,4-5,8-13H2,1-3H3",16154,CCC12CCCN3CCC4(C(CC1)N(C(=O)C)c5c(O)c(OC)ccc45)C23,NA
Input,Robotnikinin,0.21542503,InputSig,NA,NA,LINCSCP_212945,HA1E,0.1uM,6h,kidney epithelial,NA,NA,DRDSZZCLAHXSAE-BQIDRLATSA-N,"InChI=1S/C25H27ClN2O4/c26-21-13-11-18(12-14-21)16-27-23(29)15-20-9-5-2-6-10-24(30)32-22(17-28-25(20)31)19-7-3-1-4-8-19/h1-5,7-8,11-14,20,22H,6,9-10,15-17H2,(H,27,29)(H,28,31)/b5-2+/t20-,22-/m0/s1",17663,Clc1ccc(CNC(=O)C[C@@H]2C\C=C\CCC(=O)O[C@@H](CNC2=O)c3ccccc3)cc1,NA
Input,Moricizine,0.21522533,InputSig,NA,NA,LINCSCP_19184,HCC515,10uM,6h,lung,Sodium channel blocker,SCN10A|SCN11A|SCN1A|SCN2A|SCN3A|SCN4A|SCN5A|SCN7A|SCN8A|SCN9A,FUBVWMNBEHXPSU-UHFFFAOYSA-N,"InChI=1S/C22H25N3O4S/c1-2-29-22(27)23-16-7-8-20-18(15-16)25(17-5-3-4-6-19(17)30-20)21(26)9-10-24-11-13-28-14-12-24/h3-8,15H,2,9-14H2,1H3,(H,23,27)",35604,CCOC(=O)Nc1ccc2Sc3ccccc3N(C(=O)CCN4CCOCC4)c2c1,4
Input,Ergoatetrine,0.21516777,InputSig,NA,NA,LINCSCP_284617,SKB,10uM,24h,NA,Adrenergic receptor agonist|Serotonin receptor agonist,HTR2A,WVVSZNPYNCNODU-UHFFFAOYSA-N,"InChI=1S/C19H23N3O2/c1-11(10-23)21-19(24)13-6-15-14-4-3-5-16-18(14)12(8-20-16)7-17(15)22(2)9-13/h3-6,8,11,13,17,20,23H,7,9-10H2,1-2H3,(H,21,24)",15302,CC(CO)NC(=O)C1CN(C)C2Cc3c[nH]c4cccc(C2=C1)c34,NA
Input,Quinoxaline1,0.21516111,InputSig,NA,NA,LINCSCP_18048,HCC515,10uM,24h,lung,CDK inhibitor|Glycogen synthase kinase inhibitor,CDK1|CDK5|GSK3A,DWHVZCLBMTZRQM-UHFFFAOYSA-N,"InChI=1S/C9H7N5/c10-8-7-9(14-13-8)12-6-4-2-1-3-5(6)11-7/h1-4H,(H3,10,12,13,14)",34045,Nc1[nH]nc2nc3ccccc3nc12,NA
Input,BRD-K76999748,0.21505876,InputSig,NA,NA,LINCSCP_16883,HA1E,10uM,6h,kidney epithelial,NA,NA,QYHFPUZBYVVXLB-UITIVDIESA-N,"InChI=1S/C32H44F3N3O7S/c1-22-19-38(23(2)21-39)31(41)27-18-25(36-46(42,43)26-11-6-5-7-12-26)13-14-28(27)45-24(3)10-8-9-17-44-29(22)20-37(4)30(40)15-16-32(33,34)35/h5-7,11-14,18,22-24,29,36,39H,8-10,15-17,19-21H2,1-4H3/t22-,23-,24-,29-/m0/s1",13547,C[C@@H](CO)N1C[C@H](C)[C@H](CN(C)C(=O)CCC(F)(F)F)OCCCC[C@H](C)Oc2ccc(NS(=O)(=O)c3ccccc3)cc2C1=O,NA
Input,Oxymetholone,0.21495533,InputSig,NA,NA,LINCSCP_17082,HA1E,20uM,24h,kidney epithelial,Androgen receptor agonist,AR,DLZUBMGMHUNDLF-UHFFFAOYSA-N,"InChI=1S/C21H32O3/c1-19-11-13(12-22)18(23)10-14(19)4-5-15-16(19)6-8-20(2)17(15)7-9-21(20,3)24/h12-17,24H,4-11H2,1-3H3",31655,CC1(O)CCC2C3CCC4CC(=O)C(CC4(C)C3CCC12C)C=O,NA
Input,Pifithrin MU,0.21495152,InputSig,NA,NA,LINCSCP_37601,MCF7,1uM,6h,breast,HSP inhibitor,HSPA1A|TP53,ZZUZYEMRHCMVTB-UHFFFAOYSA-N,"InChI=1S/C8H7NO2S/c9-12(10,11)7-6-8-4-2-1-3-5-8/h1-5H,(H2,9,10,11)",22904,NS(=O)(=O)C#Cc1ccccc1,NA
Input,STK151112,0.21489027,InputSig,NA,NA,LINCSCP_56850,VCAP,10uM,24h,prostate,NA,NA,DDSVUTNMKCJKGE-UHFFFAOYSA-N,"InChI=1S/C11H11ClN4O2/c1-7-4-8(2-3-9(7)12)18-5-10(17)15-11-13-6-14-16-11/h2-4,6H,5H2,1H3,(H2,13,14,15,16,17)",35606,Cc1cc(OCC(=O)Nc2nnc[nH]2)ccc1Cl,NA
Input,CHEMBL475341,0.21485289,InputSig,NA,NA,LINCSCP_54395,SW948,100uM,6h,large intestine,Excitatory amino acid transporter inhibitor,SLC1A1|SLC1A2|SLC1A3,BYOBCYXURWDEDS-UHFFFAOYSA-N,"InChI=1S/C11H13NO5/c12-8(10(13)14)9(11(15)16)17-6-7-4-2-1-3-5-7/h1-5,8-9H,6,12H2,(H,13,14)(H,15,16)",36672,NC(C(OCc1ccccc1)C(=O)O)C(=O)O,NA
Input,Valdecoxib,0.21477961,InputSig,NA,NA,LINCSCP_19503,HCC515,100uM,6h,lung,Cyclooxygenase inhibitor,PTGS2,LNPDTQAFDNKSHK-UHFFFAOYSA-N,"InChI=1S/C16H14N2O3S/c1-11-15(12-7-9-14(10-8-12)22(17,19)20)16(18-21-11)13-5-3-2-4-6-13/h2-10H,1H3,(H2,17,19,20)",16301,Cc1onc(c2ccccc2)c1c3ccc(cc3)S(=O)(=O)N,4
Input,Tigecycline,0.21470852,InputSig,NA,NA,LINCSCP_234504,JURKAT,0.5uM,6h,haematopoietic and lymphoid tissue,Bacterial 30S ribosomal subunit inhibitor,NA,CGZOGNUFXMNYEI-UDUHKTKDSA-N,"InChI=1S/C29H39N5O8/c1-28(2,3)31-11-17(35)32-15-10-16(33(4)5)13-8-12-9-14-21(34(6)7)24(38)20(27(30)41)26(40)29(14,42)25(39)18(12)23(37)19(13)22(15)36/h10,12,14,18,20-21,31,36,42H,8-9,11H2,1-7H3,(H2,30,41)(H,32,35)/t12-,14-,18?,20?,21-,29-/m0/s1",31639,CN(C)[C@H]1[C@@H]2C[C@@H]3Cc4c(cc(NC(=O)CNC(C)(C)C)c(O)c4C(=O)C3C(=O)[C@]2(O)C(=O)C(C(=O)N)C1=O)N(C)C,NA
Input,BRD-K72318460,0.21463279,InputSig,NA,NA,LINCSCP_60072,VCAP,5uM,24h,prostate,NA,NA,FWJMPRMSYCMNDB-NOMHHCBYSA-N,"InChI=1S/C29H36FN3O5S/c1-20-17-33(21(2)19-34)29(35)26-14-23(13-12-22-8-5-4-6-9-22)16-31-28(26)38-27(20)18-32(3)39(36,37)25-11-7-10-24(30)15-25/h7,10-11,14-16,20-22,27,34H,4-6,8-9,17-19H2,1-3H3/t20-,21-,27+/m0/s1",862,C[C@@H](CO)N1C[C@H](C)[C@@H](CN(C)S(=O)(=O)c2cccc(F)c2)Oc3ncc(cc3C1=O)C#CC4CCCCC4,NA
Input,BRD-K19340473,0.21457213,InputSig,NA,NA,LINCSCP_60851,VCAP,5uM,24h,prostate,NA,NA,ONZMGLOOFFOJCP-QEGDFHJFSA-N,"InChI=1S/C32H46N4O4/c1-23-20-36(18-17-25-11-7-5-8-12-25)24(2)22-40-29-16-15-27(34-32(38)33-26-13-9-6-10-14-26)19-28(29)31(37)35(3)21-30(23)39-4/h5,7-8,11-12,15-16,19,23-24,26,30H,6,9-10,13-14,17-18,20-22H2,1-4H3,(H2,33,34,38)/t23-,24+,30+/m1/s1",23934,CO[C@H]1CN(C)C(=O)c2cc(NC(=O)NC3CCCCC3)ccc2OC[C@H](C)N(CCc4ccccc4)C[C@H]1C,NA
Input,BRD-K06071925,0.21455239,InputSig,NA,NA,LINCSCP_22304,HEPG2,10uM,6h,liver,NA,NA,GPFIDTWNGXWRJK-PHBCIFJZSA-N,"InChI=1S/C30H45N3O6S/c1-22-19-33(23(2)21-34)30(35)27-18-25(31(4)5)15-16-28(27)39-24(3)12-10-11-17-38-29(22)20-32(6)40(36,37)26-13-8-7-9-14-26/h7-9,13-16,18,22-24,29,34H,10-12,17,19-21H2,1-6H3/t22-,23-,24+,29+/m0/s1",22330,C[C@@H](CO)N1C[C@H](C)[C@@H](CN(C)S(=O)(=O)c2ccccc2)OCCCC[C@@H](C)Oc3ccc(cc3C1=O)N(C)C,NA
Input,MLS001060859,0.21449527,InputSig,NA,NA,LINCSCP_236880,MCF7,10uM,24h,breast,NA,NA,JAXDTZJYSYKJAZ-UHFFFAOYSA-N,"InChI=1S/C17H23N7O2/c1-12(26)19-13-6-2-3-7-14(13)20-16-21-15(18-8-11-25)22-17(23-16)24-9-4-5-10-24/h2-3,6-7,25H,4-5,8-11H2,1H3,(H,19,26)(H2,18,20,21,22,23)",35894,CC(=O)Nc1ccccc1Nc2nc(NCCO)nc(n2)N3CCCC3,NA
Input,BRD-K57766599,0.21448191,InputSig,NA,NA,LINCSCP_304533,VCAP,5uM,24h,prostate,NA,NA,JTIGHJUHEGWKGG-SEPYTNNBSA-N,"InChI=1S/C25H32F5N3O3/c1-16(23(36-4)14-32(3)13-18-11-20(26)7-10-22(18)27)12-33(17(2)15-34)24(35)31-21-8-5-19(6-9-21)25(28,29)30/h5-11,16-17,23,34H,12-15H2,1-4H3,(H,31,35)/t16-,17-,23-/m1/s1",41470,CO[C@H](CN(C)Cc1cc(F)ccc1F)[C@H](C)CN([C@H](C)CO)C(=O)Nc2ccc(cc2)C(F)(F)F,NA
Input,Oprozomib (ONX 0912),0.2143978,InputSig,NA,NA,LINCSCP_102171,HELA,0.04uM,24h,large intestine,NA,NA,SWZXEVABPLUDIO-QNLBTCDKSA-N,"InChI=1S/C25H32N4O7S/c1-15-26-11-20(37-15)24(33)29-19(13-35-4)23(32)28-18(12-34-3)22(31)27-17(21(30)25(2)14-36-25)10-16-8-6-5-7-9-16/h5-9,11,17-19H,10,12-14H2,1-4H3,(H,27,31)(H,28,32)(H,29,33)/t17-,18-,19-,25?/m0/s1",26696,COC[C@H](NC(=O)[C@H](COC)NC(=O)c1cnc(C)s1)C(=O)N[C@@H](Cc2ccccc2)C(=O)C3(C)CO3,NA
Input,BRD-K97614198,0.21436362,InputSig,NA,NA,LINCSCP_63326,VCAP,5uM,6h,prostate,NA,NA,BYJFOJVMGKORHN-SFLYRZDNSA-N,"InChI=1S/C27H32FN3O5/c1-3-5-25(32)30-19-8-11-23-21(13-19)27(34)31(2)22-10-9-20(36-24(22)16-35-23)14-26(33)29-15-17-6-4-7-18(28)12-17/h4,6-8,11-13,20,22,24H,3,5,9-10,14-16H2,1-2H3,(H,29,33)(H,30,32)/t20-,22+,24+/m1/s1",4855,CCCC(=O)Nc1ccc2OC[C@@H]3O[C@@H](CC(=O)NCc4cccc(F)c4)CC[C@@H]3N(C)C(=O)c2c1,NA
Input,ST50903421,0.21433102,InputSig,NA,NA,LINCSCP_58594,VCAP,10uM,24h,prostate,NA,NA,ZPHJORCZYCTRAW-UHFFFAOYSA-N,"InChI=1S/C22H18N4O4/c1-14-10-11-15(22-24-16-6-2-3-7-17(16)25-22)12-18(14)23-21(27)13-30-20-9-5-4-8-19(20)26(28)29/h2-12H,13H2,1H3,(H,23,27)(H,24,25)",36279,Cc1ccc(cc1NC(=O)COc2ccccc2[N+](=O)[O-])c3nc4ccccc4[nH]3,NA
Input,APD668,0.21430192,InputSig,NA,NA,LINCSCP_91017,HA1E,3.33uM,24h,kidney epithelial,NA,NA,XTRUQJBVQBUKSQ-UHFFFAOYSA-N,"InChI=1S/C21H24FN5O5S/c1-13(2)31-21(28)26-8-6-14(7-9-26)32-20-16-11-25-27(19(16)23-12-24-20)18-5-4-15(10-17(18)22)33(3,29)30/h4-5,10-14H,6-9H2,1-3H3",27130,CC(C)OC(=O)N1CCC(CC1)Oc2ncnc3c2cnn3c4ccc(cc4F)S(=O)(=O)C,NA
Input,sorafenib,0.21429286,InputSig,NA,NA,LINCSCP_24315,HS578T,0.1uM,24h,breast,FLT3 inhibitor|KIT inhibitor|PDGFR tyrosine kinase receptor inhibitor|RAF inhibitor|RET tyrosine kinase inhibitor|VEGFR inhibitor,BRAF|DDR2|FGFR1|FLT1|FLT3|FLT4|KDR|KIT|PDGFRB|RAF1|RET,NA,NA,NA,NA,NA
Input,AM 251,0.21428851,InputSig,NA,NA,LINCSCP_192573,A549,10uM,6h,lung,Cannabinoid receptor antagonist,CNR1,BUZAJRPLUGXRAB-UHFFFAOYSA-N,"InChI=1S/C22H21Cl2IN4O/c1-14-20(22(30)27-28-11-3-2-4-12-28)26-29(19-10-7-16(23)13-18(19)24)21(14)15-5-8-17(25)9-6-15/h5-10,13H,2-4,11-12H2,1H3,(H,27,30)",36139,Cc1c(nn(c2ccc(Cl)cc2Cl)c1c3ccc(I)cc3)C(=O)NN4CCCCC4,NA
Input,CHEMBL2361748,0.21427056,InputSig,NA,NA,LINCSCP_35318,MCF7,10uM,24h,breast,NA,NA,BSKZHQCAOYVBFU-DFZDUAMZSA-N,"InChI=1S/C30H36FN3O5/c1-34-25-12-11-23(16-28(35)32-17-19-6-3-2-4-7-19)39-27(25)18-38-26-13-10-22(15-24(26)30(34)37)33-29(36)20-8-5-9-21(31)14-20/h5,8-10,13-15,19,23,25,27H,2-4,6-7,11-12,16-18H2,1H3,(H,32,35)(H,33,36)/t23-,25-,27-/m1/s1",36814,CN1[C@@H]2CC[C@H](CC(=O)NCC3CCCCC3)O[C@@H]2COc4ccc(NC(=O)c5cccc(F)c5)cc4C1=O,NA
Input,Chloroquine,0.21421231,InputSig,NA,NA,LINCSCP_56520,VCAP,10uM,6h,prostate,Antimalarial agent,NA,WHTVZRBIWZFKQO-UHFFFAOYSA-N,"InChI=1S/C18H26ClN3/c1-4-22(5-2)12-6-7-14(3)21-17-10-11-20-18-13-15(19)8-9-16(17)18/h8-11,13-14H,4-7,12H2,1-3H3,(H,20,21)",23964,CCN(CC)CCCC(C)Nc1ccnc2cc(Cl)ccc12,4
Input,Domperidone,0.21412789,InputSig,NA,NA,LINCSCP_6863,A549,10uM,24h,lung,Dopamine receptor antagonist,DRD2|DRD3,FGXWKSZFVQUSTL-UHFFFAOYSA-N,"InChI=1S/C22H24ClN5O2/c23-15-6-7-20-18(14-15)25-22(30)28(20)16-8-12-26(13-9-16)10-3-11-27-19-5-2-1-4-17(19)24-21(27)29/h1-2,4-7,14,16H,3,8-13H2,(H,24,29)(H,25,30)",35726,Clc1ccc2N(C3CCN(CCCN4C(=O)Nc5ccccc45)CC3)C(=O)Nc2c1,4
Input,CHEMBL2361021,0.21407434,InputSig,NA,NA,LINCSCP_64273,VCAP,5uM,24h,prostate,NA,NA,CBAAPWVHONFTKW-TWQFHJJKSA-N,"InChI=1S/C35H47F3N4O7S/c1-22-18-42(23(2)21-43)34(44)30-17-29(40-50(45,46)33-25(4)39-49-26(33)5)14-15-31(30)48-24(3)9-7-8-16-47-32(22)20-41(6)19-27-10-12-28(13-11-27)35(36,37)38/h10-15,17,22-24,32,40,43H,7-9,16,18-21H2,1-6H3/t22-,23-,24-,32-/m0/s1",40104,C[C@@H](CO)N1C[C@H](C)[C@H](CN(C)Cc2ccc(cc2)C(F)(F)F)OCCCC[C@H](C)Oc3ccc(NS(=O)(=O)c4c(C)onc4C)cc3C1=O,NA
Input,SA-103006,0.21400446,InputSig,NA,NA,LINCSCP_58672,VCAP,10uM,24h,prostate,NA,NA,MAFQTNOLKRXSIQ-YTNVWYNJSA-N,"InChI=1S/C34H43F3N4O7S2/c1-22-19-41(23(2)21-42)32(43)28-18-27(39-50(45,46)31-9-7-17-49-31)14-15-29(28)48-24(3)8-5-6-16-47-30(22)20-40(4)33(44)38-26-12-10-25(11-13-26)34(35,36)37/h7,9-15,17-18,22-24,30,39,42H,5-6,8,16,19-21H2,1-4H3,(H,38,44)/t22-,23+,24+,30-/m0/s1",34227,C[C@H](CO)N1C[C@H](C)[C@H](CN(C)C(=O)Nc2ccc(cc2)C(F)(F)F)OCCCC[C@@H](C)Oc3ccc(NS(=O)(=O)c4cccs4)cc3C1=O,NA
Input,BRD-K65290386,0.21394585,InputSig,NA,NA,LINCSCP_65849,VCAP,10uM,6h,prostate,NA,NA,MGAORVRFBDAGHY-QNWVGRARSA-N,"InChI=1S/C23H34N2O3/c1-16(2)25(22(27)15-28-3)13-20-23(21(14-26)24-20)19-11-9-18(10-12-19)17-7-5-4-6-8-17/h7,9-12,16,20-21,23-24,26H,4-6,8,13-15H2,1-3H3/t20-,21-,23+/m0/s1",33352,COCC(=O)N(C[C@@H]1N[C@@H](CO)[C@@H]1c2ccc(cc2)C3=CCCCC3)C(C)C,NA
Input,BRD-K18249495,0.21388473,InputSig,NA,NA,LINCSCP_59321,VCAP,10uM,6h,prostate,NA,NA,UHIMEEWAODCTDO-PVAFOZJBSA-N,"InChI=1S/C39H47N5O6/c1-26-23-44(27(2)25-45)38(47)33-22-31(41-37(46)30-17-19-40-20-18-30)15-16-35(33)50-28(3)10-7-8-21-49-36(26)24-43(4)39(48)42-34-14-9-12-29-11-5-6-13-32(29)34/h5-6,9,11-20,22,26-28,36,45H,7-8,10,21,23-25H2,1-4H3,(H,41,46)(H,42,48)/t26-,27-,28-,36-/m0/s1",12048,C[C@@H](CO)N1C[C@H](C)[C@H](CN(C)C(=O)Nc2cccc3ccccc23)OCCCC[C@H](C)Oc4ccc(NC(=O)c5ccncc5)cc4C1=O,NA
Input,BRD-K49810938,0.21388147,InputSig,NA,NA,LINCSCP_300322,VCAP,5uM,24h,prostate,NA,NA,DDFPKKGQTCCPIA-QWQRMKEZSA-N,"InChI=1S/C19H31N3O5S/c1-13-10-21(3)14(2)12-27-17-8-7-15(20-28(6,24)25)9-16(17)19(23)22(4)11-18(13)26-5/h7-9,13-14,18,20H,10-12H2,1-6H3/t13-,14+,18-/m1/s1",36651,CO[C@@H]1CN(C)C(=O)c2cc(NS(=O)(=O)C)ccc2OC[C@H](C)N(C)C[C@H]1C,NA
Input,SMP2_000081,0.21388017,InputSig,NA,NA,LINCSCP_45126,PC3,20uM,6h,prostate,Calcineurin inhibitor,FKBP1A,KDEJOJSUWQBZSP-JWZPFBAESA-N,"InChI=1S/C45H71NO12/c1-10-13-32-19-26(2)18-27(3)20-33(54-7)24-40-39(56-9)22-29(5)45(53,58-40)42(50)43(51)46-17-12-11-14-34(46)44(52)57-41(30(6)36(48)25-37(32)49)28(4)21-31-15-16-35(47)38(23-31)55-8/h10,19,21,27,29-36,38-41,47-48,53H,1,11-18,20,22-25H2,2-9H3/b26-19-,28-21+/t27-,29+,30+,31-,32+,33-,34-,35+,36-,38+,39-,40+,41+,45+/m0/s1",5382,CO[C@H]1C[C@@H](C)C\C(=C/[C@@H](CC=C)C(=O)C[C@H](O)[C@@H](C)[C@H](OC(=O)[C@@H]2CCCCN2C(=O)C(=O)[C@]3(O)O[C@H](C1)[C@H](C[C@H]3C)OC)\C(=C\[C@@H]4CC[C@@H](O)[C@@H](C4)OC)\C)\C,NA
Input,IN1345,0.21380573,InputSig,NA,NA,LINCSCP_241427,MCF7,10uM,6h,breast,EGFR inhibitor|Tyrosine kinase inhibitor,EGFR,BQCNSTFWSKOWMA-UHFFFAOYSA-N,"InChI=1S/C10H10O4/c1-14-10(13)5-2-7-6-8(11)3-4-9(7)12/h2-6,11-12H,1H3",25109,COC(=O)C=Cc1cc(O)ccc1O,NA
Input,I-BET151,0.21380487,InputSig,NA,NA,LINCSCP_88836,HA1E,0.12uM,24h,kidney epithelial,NA,NA,VUVUVNZRUGEAHB-CYBMUJFWSA-N,"InChI=1S/C23H21N5O3/c1-12-21(14(3)31-27-12)16-9-18-15(10-20(16)30-4)22-19(11-25-18)26-23(29)28(22)13(2)17-7-5-6-8-24-17/h5-11,13H,1-4H3,(H,26,29)/t13-/m1/s1",19910,COc1cc2c3N([C@H](C)c4ccccn4)C(=O)Nc3cnc2cc1c5c(C)onc5C,NA
Input,Enoxacin,0.21380112,InputSig,NA,NA,LINCSCP_109652,HELA,0.04uM,24h,large intestine,Topoisomerase inhibitor,NA,IDYZIJYBMGIQMJ-UHFFFAOYSA-N,"InChI=1S/C15H17FN4O3/c1-2-19-8-10(15(22)23)12(21)9-7-11(16)14(18-13(9)19)20-5-3-17-4-6-20/h7-8,17H,2-6H2,1H3,(H,22,23)",16388,CCN1C=C(C(=O)O)C(=O)c2cc(F)c(nc12)N3CCNCC3,4
Input,AK-968/11369213,0.21379565,InputSig,NA,NA,LINCSCP_23206,HEPG2,10uM,6h,liver,NA,NA,CQUNMROLUJQCJW-UHFFFAOYSA-N,"InChI=1S/C19H11Cl2N5O6/c20-14-6-4-10(25(29)30)8-12(14)18(27)23-16-2-1-3-17(22-16)24-19(28)13-9-11(26(31)32)5-7-15(13)21/h1-9H,(H2,22,23,24,27,28)",36750,[O-][N+](=O)c1ccc(Cl)c(c1)C(=O)Nc2cccc(NC(=O)c3cc(ccc3Cl)[N+](=O)[O-])n2,NA
Input,MLS000332706,0.21370575,InputSig,NA,NA,LINCSCP_22308,HEPG2,10uM,6h,liver,NA,NA,VVVWGFVAXRWEMB-UHFFFAOYSA-N,"InChI=1S/C11H11FN6O2/c1-14-11-16-9(13)8(18(19)20)10(17-11)15-7-4-2-3-6(12)5-7/h2-5H,1H3,(H4,13,14,15,16,17)",38697,CNc1nc(N)c(c(Nc2cccc(F)c2)n1)[N+](=O)[O-],NA
Input,NVP-BHG712,0.21363776,InputSig,NA,NA,LINCSCP_148233,NPC.CAS9,0.12uM,24h,NA,NA,NA,ZCCPLJOKGAACRT-UHFFFAOYSA-N,"InChI=1S/C26H20F3N7O/c1-15-8-9-16(25(37)32-19-7-3-6-18(12-19)26(27,28)29)11-21(15)33-23-20-14-31-36(2)24(20)35-22(34-23)17-5-4-10-30-13-17/h3-14H,1-2H3,(H,32,37)(H,33,34,35)",14186,Cc1ccc(cc1Nc2nc(nc3c2cnn3C)c4cccnc4)C(=O)Nc5cccc(c5)C(F)(F)F,NA
Input,Trimethobenzamide,0.21363507,InputSig,NA,NA,LINCSCP_14443,HA1E,10uM,24h,kidney epithelial,Histamine receptor antagonist,DRD2,FEZBIKUBAYAZIU-UHFFFAOYSA-N,"InChI=1S/C21H28N2O5/c1-23(2)10-11-28-17-8-6-15(7-9-17)14-22-21(24)16-12-18(25-3)20(27-5)19(13-16)26-4/h6-9,12-13H,10-11,14H2,1-5H3,(H,22,24)",15561,COc1cc(cc(OC)c1OC)C(=O)NCc2ccc(OCCN(C)C)cc2,4
Input,BRD-K12655851,0.21363048,InputSig,NA,NA,LINCSCP_231399,HT29,5uM,24h,large intestine,NA,NA,YYSUXJFSBKSHET-JCYRPKCISA-N,"InChI=1S/C26H29N3O3/c30-17-23-26(21-10-8-20(9-11-21)19-6-2-1-3-7-19)22-15-28(16-25(32)29(22)23)24(31)13-18-5-4-12-27-14-18/h4-6,8-12,14,22-23,26,30H,1-3,7,13,15-17H2/t22-,23-,26+/m0/s1",31995,OC[C@H]1[C@@H]([C@@H]2CN(CC(=O)N12)C(=O)Cc3cccnc3)c4ccc(cc4)C5=CCCCC5,NA
Input,Rolipram,0.21356062,InputSig,NA,NA,LINCSCP_219271,HEPG2,10uM,6h,liver,Phosphodiesterase inhibitor,PDE4A|PDE4B|PDE4C|PDE4D,HJORMJIFDVBMOB-UHFFFAOYSA-N,"InChI=1S/C16H21NO3/c1-19-14-7-6-11(12-9-16(18)17-10-12)8-15(14)20-13-4-2-3-5-13/h6-8,12-13H,2-5,9-10H2,1H3,(H,17,18)",15221,COc1ccc(cc1OC2CCCC2)C3CNC(=O)C3,2
Input,UK 356618,0.21353236,InputSig,NA,NA,LINCSCP_748,A375,10uM,24h,skin,Metalloproteinase inhibitor,MMP3,JJHRUUKMPWUYIB-HVOSOHGQSA-N,"InChI=1S/C34H43N3O4/c1-23-21-25(19-20-29(23)27-16-10-7-11-17-27)13-12-18-28(22-30(38)37-41)32(39)36-31(34(3,4)5)33(40)35-24(2)26-14-8-6-9-15-26/h6-11,14-17,19-21,24,28,31,41H,12-13,18,22H2,1-5H3,(H,35,40)(H,36,39)(H,37,38)/t24-,28-,31-/m1/s1",16211,C[C@@H](NC(=O)[C@@H](NC(=O)[C@H](CCCc1ccc(c(C)c1)c2ccccc2)CC(=O)NO)C(C)(C)C)c3ccccc3,NA
Input,Naringenin,0.21352197,InputSig,NA,NA,LINCSCP_25166,HT29,10uM,6h,large intestine,Aromatase inhibitor|TRPV antagonist,CYP19A1|ESR2,FTVWIRXFELQLPI-UHFFFAOYSA-N,"InChI=1S/C15H12O5/c16-9-3-1-8(2-4-9)13-7-12(19)15-11(18)5-10(17)6-14(15)20-13/h1-6,13,16-18H,7H2",35449,Oc1ccc(cc1)C2CC(=O)c3c(O)cc(O)cc3O2,NA
Input,Naringenin,0.21352197,InputSig,NA,NA,LINCSCP_25166,HT29,10uM,6h,large intestine,Aromatase inhibitor|TRPV antagonist,CYP19A1|ESR2,FTVWIRXFELQLPI-ZDUSSCGKSA-N,"InChI=1S/C15H12O5/c16-9-3-1-8(2-4-9)13-7-12(19)15-11(18)5-10(17)6-14(15)20-13/h1-6,13,16-18H,7H2/t13-/m0/s1",27076,Oc1ccc(cc1)[C@@H]2CC(=O)c3c(O)cc(O)cc3O2,NA
Input,BRD-K85694079,0.21352139,InputSig,NA,NA,LINCSCP_32257,MCF7,10uM,24h,breast,NA,NA,JQKHDUWQEWCERO-SOLZYKTISA-N,"InChI=1S/C31H43F3N4O7S/c1-20-17-38(21(2)19-39)29(40)26-16-25(36-46(5,42)43)13-14-27(26)45-22(3)8-6-7-15-44-28(20)18-37(4)30(41)35-24-11-9-23(10-12-24)31(32,33)34/h9-14,16,20-22,28,36,39H,6-8,15,17-19H2,1-5H3,(H,35,41)/t20-,21-,22-,28-/m1/s1",13789,C[C@H](CO)N1C[C@@H](C)[C@@H](CN(C)C(=O)Nc2ccc(cc2)C(F)(F)F)OCCCC[C@@H](C)Oc3ccc(NS(=O)(=O)C)cc3C1=O,NA
Input,GF-109203,0.21351961,InputSig,NA,NA,LINCSCP_13503,H1299,10uM,6h,lung,CDK inhibitor|PKC inhibitor,PRKCA,QMGUOJYZJKLOLH-UHFFFAOYSA-N,"InChI=1S/C25H24N4O2/c1-28(2)12-7-13-29-15-19(17-9-4-6-11-21(17)29)23-22(24(30)27-25(23)31)18-14-26-20-10-5-3-8-16(18)20/h3-6,8-11,14-15,26H,7,12-13H2,1-2H3,(H,27,30,31)",15540,CN(C)CCCn1cc(C2=C(C(=O)NC2=O)c3c[nH]c4ccccc34)c5ccccc15,NA
Input,BRD-K60558601,0.21340896,InputSig,NA,NA,LINCSCP_59684,VCAP,5uM,24h,prostate,NA,NA,ZCTHAUMPHRHCFX-WYEJZRMESA-N,"InChI=1S/C28H34N4O6S/c1-18-15-32(19(2)17-33)27(34)22-12-8-14-24(30-39(4,36)37)26(22)38-25(18)16-31(3)28(35)29-23-13-7-10-20-9-5-6-11-21(20)23/h5-14,18-19,25,30,33H,15-17H2,1-4H3,(H,29,35)/t18-,19+,25+/m1/s1",33237,C[C@@H](CO)N1C[C@@H](C)[C@H](CN(C)C(=O)Nc2cccc3ccccc23)Oc4c(NS(=O)(=O)C)cccc4C1=O,NA
Input,Guanfacine,0.21337295,InputSig,NA,NA,LINCSCP_284262,SKB,10uM,24h,NA,Adrenergic receptor agonist,ADRA2A|ADRA2B|ADRA2C,INJOMKTZOLKMBF-UHFFFAOYSA-N,"InChI=1S/C9H9Cl2N3O/c10-6-2-1-3-7(11)5(6)4-8(15)14-9(12)13/h1-3H,4H2,(H4,12,13,14,15)",35675,NC(=N)NC(=O)Cc1c(Cl)cccc1Cl,4
Input,SR-02000000238,0.21336654,InputSig,NA,NA,LINCSCP_189543,A549,10uM,24h,lung,NA,NA,QSVJKTIWOLSLAA-UHFFFAOYSA-N,"InChI=1S/C19H15F2NO2/c1-11-4-3-5-12(2)18(11)22-19(23)17-9-8-16(24-17)14-10-13(20)6-7-15(14)21/h3-10H,1-2H3,(H,22,23)",18213,Cc1cccc(C)c1NC(=O)c2oc(cc2)c3cc(F)ccc3F,NA
Input,SULF1-A_000010,0.21335888,InputSig,NA,NA,LINCSCP_1987,A375,10uM,6h,skin,NA,NA,XIBVZULVNYKJHQ-UHFFFAOYSA-N,"InChI=1S/C23H26N2O4/c26-12-13-29-19-5-3-4-18(14-19)15-24-10-8-17(9-11-24)16-25-22(27)20-6-1-2-7-21(20)23(25)28/h1-7,14,17,26H,8-13,15-16H2",11471,OCCOc1cccc(CN2CCC(CN3C(=O)c4ccccc4C3=O)CC2)c1,NA
Input,MLS001116134,0.21335555,InputSig,NA,NA,LINCSCP_178346,A375,10uM,6h,skin,NA,NA,CREWBZNTQFJRTK-UHFFFAOYSA-N,"InChI=1S/C23H22ClN3O3/c24-18-8-6-17(7-9-18)23(12-13-23)21(28)26-14-10-19(11-15-26)27-22(29)30-20(25-27)16-4-2-1-3-5-16/h1-9,19H,10-15H2",36093,Clc1ccc(cc1)C2(CC2)C(=O)N3CCC(CC3)N4N=C(OC4=O)c5ccccc5,NA
Input,Nitrendipine,0.21325007,InputSig,NA,NA,LINCSCP_13408,H1299,10uM,6h,lung,Calcium channel blocker,CACNA1C|CACNA1D|CACNA2D1,PVHUJELLJLJGLN-UHFFFAOYSA-N,"InChI=1S/C18H20N2O6/c1-5-26-18(22)15-11(3)19-10(2)14(17(21)25-4)16(15)12-7-6-8-13(9-12)20(23)24/h6-9,16,19H,5H2,1-4H3",35303,CCOC(=O)C1=C(C)NC(=C(C1c2cccc(c2)[N+](=O)[O-])C(=O)OC)C,4
Input,Skatole,0.21324742,InputSig,NA,NA,LINCSCP_221275,HEPG2,10uM,6h,liver,Thrombin inhibitor,CYP2F1,ZFRKQXVRDFCRJG-UHFFFAOYSA-N,"InChI=1S/C9H9N/c1-7-6-10-9-5-3-2-4-8(7)9/h2-6,10H,1H3",36959,Cc1c[nH]c2ccccc12,NA
Input,MLS003129369,0.21320446,InputSig,NA,NA,LINCSCP_60676,VCAP,5uM,6h,prostate,NA,NA,XRXVGTRBMNTJPS-LZJOCLMNSA-N,"InChI=1S/C22H32ClN5O5S/c1-16-12-27(17(2)14-29)22(30)5-4-10-28-19(11-24-25-28)15-33-21(16)13-26(3)34(31,32)20-8-6-18(23)7-9-20/h6-9,11,16-17,21,29H,4-5,10,12-15H2,1-3H3/t16-,17-,21+/m1/s1",16735,C[C@H](CO)N1C[C@@H](C)[C@H](CN(C)S(=O)(=O)c2ccc(Cl)cc2)OCc3cnnn3CCCC1=O,NA
Input,WZ 4002,0.21293318,InputSig,NA,NA,LINCSCP_29595,MCF10A,0.5uM,24h,breast epithelial,EGFR inhibitor,EGFR|ERBB2,ITTRLTNMFYIYPA-UHFFFAOYSA-N,"InChI=1S/C25H27ClN6O3/c1-4-23(33)28-17-6-5-7-19(14-17)35-24-20(26)16-27-25(30-24)29-21-9-8-18(15-22(21)34-3)32-12-10-31(2)11-13-32/h4-9,14-16H,1,10-13H2,2-3H3,(H,28,33)(H,27,29,30)",35277,COc1cc(ccc1Nc2ncc(Cl)c(Oc3cccc(NC(=O)C=C)c3)n2)N4CCN(C)CC4,NA
Input,Gangaleoidin,0.21290638,InputSig,NA,NA,LINCSCP_28787,HUH7,10uM,24h,liver,NA,NA,RPHAAJGBADUATP-UHFFFAOYSA-N,"InChI=1S/C18H14Cl2O7/c1-6-11-16(13(20)14(21)12(6)19)27-15-7(2)10(17(22)25-4)8(24-3)5-9(15)26-18(11)23/h5,21H,1-4H3",38563,COC(=O)c1c(C)c2Oc3c(Cl)c(O)c(Cl)c(C)c3C(=O)Oc2cc1OC,NA
Input,ALD1-H_001119,0.21287736,InputSig,NA,NA,LINCSCP_31909,MCF7,10uM,24h,breast,NA,NA,CVEDAPYNJXDCSD-XDHOZWIPSA-N,"InChI=1S/C18H25N5O4S/c1-13-20-22-18(23(13)2)28-17-11-10-14(27-17)12-19-21-15(24)8-6-4-5-7-9-16(25)26-3/h10-12H,4-9H2,1-3H3,(H,21,24)/b19-12+",42687,COC(=O)CCCCCCC(=O)NN=Cc1oc(Sc2nnc(C)n2C)cc1,NA
Input,"N-(4-Hydroxyphenyl)icosa-5,8,11,14-tetraenamide",0.21279235,InputSig,NA,NA,LINCSCP_55803,VCAP,10uM,6h,prostate,Cyclooxygenase inhibitor|FAAH inhibitor|TRPV antagonist,TRPV1,IJBZOOZRAXHERC-UHFFFAOYSA-N,"InChI=1S/C26H37NO2/c1-2-3-4-5-6-7-8-9-10-11-12-13-14-15-16-17-18-19-26(29)27-24-20-22-25(28)23-21-24/h6-7,9-10,12-13,15-16,20-23,28H,2-5,8,11,14,17-19H2,1H3,(H,27,29)",663,CCCCCC=CCC=CCC=CCC=CCCCC(=O)Nc1ccc(O)cc1,NA
Input,MLS003672589,0.21270423,InputSig,NA,NA,LINCSCP_177131,A375,10uM,24h,skin,NA,NA,KFOOHRHDHDMWHL-UHFFFAOYSA-N,"InChI=1S/C16H13ClN2O3S/c1-10-9-23-16(18-10)19-15(20)14-6-5-13(22-14)8-21-12-4-2-3-11(17)7-12/h2-7,9H,8H2,1H3,(H,18,19,20)",31622,Cc1csc(NC(=O)c2oc(COc3cccc(Cl)c3)cc2)n1,NA
Input,GSK J4,0.21268352,InputSig,NA,NA,LINCSCP_83447,ASC.C,0.04uM,24h,NA,NA,NA,WBKCKEHGXNWYMO-UHFFFAOYSA-N,"InChI=1S/C24H27N5O2/c1-2-31-23(30)10-14-26-21-17-22(28-24(27-21)20-9-5-6-13-25-20)29-15-11-18-7-3-4-8-19(18)12-16-29/h3-9,13,17H,2,10-12,14-16H2,1H3,(H,26,27,28)",40381,CCOC(=O)CCNc1cc(nc(n1)c2ccccn2)N3CCc4ccccc4CC3,NA
Input,CHEMBL3185699,0.21267409,InputSig,NA,NA,LINCSCP_64284,VCAP,5uM,24h,prostate,NA,NA,YVJGPPMIPDJUMP-IZPIQJOWSA-N,"InChI=1S/C36H47N5O6/c1-25-22-41(26(2)24-42)34(43)31-21-30(38-35(44)37-28-14-7-5-8-15-28)18-19-32(31)47-27(3)13-11-12-20-46-33(25)23-40(4)36(45)39-29-16-9-6-10-17-29/h5-10,14-19,21,25-27,33,42H,11-13,20,22-24H2,1-4H3,(H,39,45)(H2,37,38,44)/t25-,26+,27-,33-/m0/s1",40145,C[C@H](CO)N1C[C@H](C)[C@H](CN(C)C(=O)Nc2ccccc2)OCCCC[C@H](C)Oc3ccc(NC(=O)Nc4ccccc4)cc3C1=O,NA
Input,Momelotinib,0.2126497,InputSig,NA,NA,LINCSCP_111523,HEPG2,10uM,24h,liver,Tyrosine-protein kinase JAK1  inhibitor|Tyrosine-protein kinase JAK2 inhibitor,JAK1|JAK2,ZVHNDZWQTBEVRY-UHFFFAOYSA-N,"InChI=1S/C23H22N6O2/c24-10-12-25-22(30)18-3-1-17(2-4-18)21-9-11-26-23(28-21)27-19-5-7-20(8-6-19)29-13-15-31-16-14-29/h1-9,11H,12-16H2,(H,25,30)(H,26,27,28)",15140,O=C(NCC#N)c1ccc(cc1)c2ccnc(Nc3ccc(cc3)N4CCOCC4)n2,3
Input,MLS002699913,0.21260424,InputSig,NA,NA,LINCSCP_16263,HA1E,10uM,6h,kidney epithelial,NA,NA,VMSMDDNIQBHEBW-UHFFFAOYSA-N,"InChI=1S/C16H21N3O2/c1-11(18-19-16(21)14-5-3-4-6-14)13-7-9-15(10-8-13)17-12(2)20/h7-10,14H,3-6H2,1-2H3,(H,17,20)(H,19,21)",35498,CC(=O)Nc1ccc(cc1)C(=NNC(=O)C2CCCC2)C,NA
Input,Gallopamil,0.21259421,InputSig,NA,NA,LINCSCP_120284,HT29,0.37uM,24h,large intestine,NA,NA,XQLWNAFCTODIRK-UHFFFAOYSA-N,"InChI=1S/C28H40N2O5/c1-20(2)28(19-29,22-17-25(33-6)27(35-8)26(18-22)34-7)13-9-14-30(3)15-12-21-10-11-23(31-4)24(16-21)32-5/h10-11,16-18,20H,9,12-15H2,1-8H3",18373,COc1ccc(CCN(C)CCCC(C#N)(C(C)C)c2cc(OC)c(OC)c(OC)c2)cc1OC,2
Input,Lopinavir,0.21258372,InputSig,NA,NA,LINCSCP_59135,VCAP,10uM,6h,prostate,HIV protease inhibitor,NA,KJHKTHWMRKYKJE-SUGCFTRWSA-N,"InChI=1S/C37H48N4O5/c1-25(2)34(41-20-12-19-38-37(41)45)36(44)39-30(21-28-15-7-5-8-16-28)23-32(42)31(22-29-17-9-6-10-18-29)40-33(43)24-46-35-26(3)13-11-14-27(35)4/h5-11,13-18,25,30-32,34,42H,12,19-24H2,1-4H3,(H,38,45)(H,39,44)(H,40,43)/t30-,31-,32-,34-/m0/s1",36633,CC(C)[C@H](N1CCCNC1=O)C(=O)N[C@H](C[C@H](O)[C@H](Cc2ccccc2)NC(=O)COc3c(C)cccc3C)Cc4ccccc4,4
Input,PK04_096316,0.21256538,InputSig,NA,NA,LINCSCP_58993,VCAP,10uM,6h,prostate,NA,NA,DDRGAGSWKRPPPE-UHFFFAOYSA-N,"InChI=1S/C19H18N2O5S/c1-25-16-9-12-6-7-20(11-13-4-5-18(26-13)21(23)24)19(14(12)10-15(16)22)17-3-2-8-27-17/h2-5,8-10,19,22H,6-7,11H2,1H3",31571,COc1cc2CCN(Cc3oc(cc3)[N+](=O)[O-])C(c4cccs4)c2cc1O,NA
Input,Fenofibrate,0.21255868,InputSig,NA,NA,LINCSCP_213915,HCC515,10uM,24h,lung,Peroxisome proliferator-activated receptor alpha agonist,PPARA,YMTINGFKWWXKFG-UHFFFAOYSA-N,"InChI=1S/C20H21ClO4/c1-13(2)24-19(23)20(3,4)25-17-11-7-15(8-12-17)18(22)14-5-9-16(21)10-6-14/h5-13H,1-4H3",15703,CC(C)OC(=O)C(C)(C)Oc1ccc(cc1)C(=O)c2ccc(Cl)cc2,4
Input,PK04_101107,0.21247319,InputSig,NA,NA,LINCSCP_283398,SKB,10uM,24h,NA,NA,NA,HEHTZOHUEZAKJK-FYOULYMHSA-N,"InChI=1S/C24H34N2O6/c1-15-9-5-6-10-16-17(22(30)31-15)18-20(28)25(12-8-14-27)19-21(29)26(23(2,3)4)13-7-11-24(18,19)32-16/h6-7,10-11,15-19,27H,5,8-9,12-14H2,1-4H3/b10-6-/t15?,16-,17?,18+,19-,24?/m1/s1",25895,CC1CC\C=C/[C@H]2OC34C=CCN(C(=O)[C@H]3N(CCCO)C(=O)[C@@H]4C2C(=O)O1)C(C)(C)C,NA
Input,ST50850895,0.21244082,InputSig,NA,NA,LINCSCP_58317,VCAP,10uM,24h,prostate,NA,NA,XZDUKSHHCKAMIC-UHFFFAOYSA-N,"InChI=1S/C15H19N5O2S/c1-4-19-9-14(11(3)18-19)10(2)16-15(23)17-12-6-5-7-13(8-12)20(21)22/h5-10H,4H2,1-3H3,(H2,16,17,23)",1397,CCn1cc(C(C)NC(=S)Nc2cccc(c2)[N+](=O)[O-])c(C)n1,NA
Input,ALX-5407,0.21241365,InputSig,NA,NA,LINCSCP_291171,VCAP,10uM,24h,prostate,Glycine transporter inhibitor,SLC6A9,FDORQEIHOKEJNX-HSZRJFAPSA-N,"InChI=1S/C24H24FNO3/c1-26(17-24(27)28)16-15-23(20-7-11-21(25)12-8-20)29-22-13-9-19(10-14-22)18-5-3-2-4-6-18/h2-14,23H,15-17H2,1H3,(H,27,28)/t23-/m1/s1",35844,CN(CC[C@@H](Oc1ccc(cc1)c2ccccc2)c3ccc(F)cc3)CC(=O)O,NA
Input,BRD-K37255594,0.21239144,InputSig,NA,NA,LINCSCP_62371,VCAP,5uM,6h,prostate,NA,NA,UAPJRYKULVRBJS-IQKBUIRBSA-N,"InChI=1S/C26H31N3O6/c30-15-23-25-21(11-19(34-23)12-24(31)28-14-16-2-1-7-27-13-16)20-10-18(3-4-22(20)35-25)29-26(32)17-5-8-33-9-6-17/h1-4,7,10,13,17,19,21,23,25,30H,5-6,8-9,11-12,14-15H2,(H,28,31)(H,29,32)/t19-,21+,23+,25-/m1/s1",24515,OC[C@@H]1O[C@@H](CC(=O)NCc2cccnc2)C[C@@H]3[C@H]1Oc4ccc(NC(=O)C5CCOCC5)cc34,NA
Input,BRD-K57064803,0.21230854,InputSig,NA,NA,LINCSCP_49672,PC3,0.37uM,24h,prostate,NA,NA,MRJCPWMBHXTRFB-ACEYUQJJSA-N,"InChI=1S/C29H32N2O5/c1-31(2)20-10-13-26-24(14-20)25-15-23(35-27(18-32)29(25)36-26)16-28(33)30-17-19-8-11-22(12-9-19)34-21-6-4-3-5-7-21/h3-14,23,25,27,29,32H,15-18H2,1-2H3,(H,30,33)/t23-,25-,27-,29+/m1/s1",23510,CN(C)c1ccc2O[C@@H]3[C@@H](CO)O[C@@H](CC(=O)NCc4ccc(Oc5ccccc5)cc4)C[C@@H]3c2c1,NA
Input,Dronedarone HCl,0.21228165,InputSig,NA,NA,LINCSCP_170029,YAPC,3.33uM,24h,pancreas,Inward rectifier potassium channel 2 blocker|Potassium/sodium hyperpolarization-activated cyclic nucleotide-gated channel 4 blocker|Sodium channel alpha subunit blocker|Voltage-gated L-type calcium channel blocker,CACNA1C|CACNA1D|CACNA1F|CACNA1S|HCN4|KCNJ2|SCN10A|SCN11A|SCN1A|SCN2A|SCN3A|SCN4A|SCN5A|SCN7A|SCN8A|SCN9A,ZQTNQVWKHCQYLQ-UHFFFAOYSA-N,"InChI=1S/C31H44N2O5S/c1-5-8-12-29-30(27-23-25(32-39(4,35)36)15-18-28(27)38-29)31(34)24-13-16-26(17-14-24)37-22-11-21-33(19-9-6-2)20-10-7-3/h13-18,23,32H,5-12,19-22H2,1-4H3",26628,CCCCN(CCCC)CCCOc1ccc(cc1)C(=O)c2c(CCCC)oc3ccc(NS(=O)(=O)C)cc23,4
Input,Betahistine,0.21213563,InputSig,NA,NA,LINCSCP_240729,MCF7,10uM,24h,breast,Histamine receptor agonist|Histamine receptor antagonist,HRH1|HRH3,UUQMNUMQCIQDMZ-UHFFFAOYSA-N,"InChI=1S/C8H12N2/c1-9-7-5-8-4-2-3-6-10-8/h2-4,6,9H,5,7H2,1H3",15057,CNCCc1ccccn1,4
Input,IN1128,0.21213408,InputSig,NA,NA,LINCSCP_13894,HA1E,10uM,6h,kidney epithelial,Cytochrome P450 inhibitor|SIRT activator,PTGS1|PTGS2|SIRT1,LUKBXSAWLPMMSZ-UHFFFAOYSA-N,"InChI=1S/C14H12O3/c15-12-5-3-10(4-6-12)1-2-11-7-13(16)9-14(17)8-11/h1-9,15-17H",35632,Oc1ccc(C=Cc2cc(O)cc(O)c2)cc1,NA
Input,GP 1A,0.21211331,InputSig,NA,NA,LINCSCP_23085,HEPG2,10uM,6h,liver,Cannabinoid receptor agonist,CNR2,FNOMTMVRTBHRET-UHFFFAOYSA-N,"InChI=1S/C23H22Cl2N4O/c1-14-5-7-17-15(11-14)12-18-21(23(30)27-28-9-3-2-4-10-28)26-29(22(17)18)20-8-6-16(24)13-19(20)25/h5-8,11,13H,2-4,9-10,12H2,1H3,(H,27,30)",35936,Cc1ccc2c(Cc3c(nn(c23)c4ccc(Cl)cc4Cl)C(=O)NN5CCCCC5)c1,NA
Input,ZINC00952128,0.21210917,InputSig,NA,NA,LINCSCP_20320,HCC515,10uM,6h,lung,NA,NA,ATKWSZXMSHHBOU-UHFFFAOYSA-N,"InChI=1S/C23H20Cl2N2O4/c1-14-3-10-21(30-2)20(11-14)27-23(29)15-4-7-17(8-5-15)31-13-22(28)26-19-12-16(24)6-9-18(19)25/h3-12H,13H2,1-2H3,(H,26,28)(H,27,29)",23171,COc1ccc(C)cc1NC(=O)c2ccc(OCC(=O)Nc3cc(Cl)ccc3Cl)cc2,NA
Input,FPA1_000301,0.21190087,InputSig,NA,NA,LINCSCP_203564,ASC,10uM,24h,adipose,NA,NA,LOBOCHFWHSQCFQ-TUFLPTIASA-O,"InChI=1S/C24H34N4O4/c1-28(2,3)14-5-4-12-25-22(30)18-15-20-23(31)26-13-6-7-19(26)24(32)27(20)21(18)16-8-10-17(29)11-9-16/h8-11,18-21H,4-7,12-15H2,1-3H3,(H-,25,29,30)/p+1/t18-,19-,20-,21-/m0/s1",11498,C[N+](C)(C)CCCCNC(=O)[C@H]1C[C@@H]2N([C@H]1c3ccc(O)cc3)C(=O)[C@@H]4CCCN4C2=O,NA
Input,AC1Q471E,0.21189112,InputSig,NA,NA,LINCSCP_33174,MCF7,10uM,6h,breast,Bradykinin receptor antagonist|Tubulin inhibitor,SIGMAR1,AKNNEGZIBPJZJG-ZVAWYAOSSA-N,"InChI=1S/C22H23NO7/c1-23-8-7-11-9-14-20(29-10-28-14)21(27-4)15(11)17(23)18-12-5-6-13(25-2)19(26-3)16(12)22(24)30-18/h5-6,9,17-18H,7-8,10H2,1-4H3/t17?,18-/m0/s1",22420,COc1ccc2[C@H](OC(=O)c2c1OC)C3N(C)CCc4cc5OCOc5c(OC)c34,NA
Input,AC55649,0.21181975,InputSig,NA,NA,LINCSCP_15458,HA1E,10uM,24h,kidney epithelial,Retinoid receptor agonist,RARA|RARB,HXBKPYIEQLLNBK-UHFFFAOYSA-N,"InChI=1S/C21H26O2/c1-2-3-4-5-6-7-8-17-9-11-18(12-10-17)19-13-15-20(16-14-19)21(22)23/h9-16H,2-8H2,1H3,(H,22,23)",16538,CCCCCCCCc1ccc(cc1)c2ccc(cc2)C(=O)O,NA
Input,SCHEMBL722708,0.21181661,InputSig,NA,NA,LINCSCP_58060,VCAP,10uM,24h,prostate,Opioid receptor agonist|Opioid receptor antagonist,OPRD1|OPRK1|OPRM1,NETZHAKZCGBWSS-OCKIPSRKSA-N,"InChI=1S/C21H27NO4/c23-14-5-4-13-10-16-21(25)7-6-15(24)19-20(21,17(13)18(14)26-19)8-9-22(16)11-12-2-1-3-12/h4-5,12,15-16,19,23-25H,1-3,6-11H2/t15?,16-,19?,20+,21-/m1/s1",22258,OC1CC[C@@]2(O)[C@H]3Cc4ccc(O)c5OC1[C@]2(CCN3CC6CCC6)c45,NA
Input,1135243-19-4,0.21174975,InputSig,NA,NA,LINCSCP_1588,A375,10uM,6h,skin,Acetylcholine receptor antagonist,CHRM1,WXDHQWPQLKGANZ-UHFFFAOYSA-N,"InChI=1S/C18H20N6O3S2/c25-17(24-12-10-23(11-13-24)14-4-7-19-8-5-14)6-9-20-29(26,27)16-3-1-2-15-18(16)22-28-21-15/h1-5,7-8,20H,6,9-13H2",35875,O=C(CCNS(=O)(=O)c1cccc2nsnc12)N3CCN(CC3)c4ccncc4,NA
Input,Talibegron,0.21174688,InputSig,NA,NA,LINCSCP_7503,A549,10uM,6h,lung,Adrenergic receptor agonist,ADRB3,SRBPKVWITYPHQR-KRWDZBQOSA-N,"InChI=1S/C18H21NO4/c20-17(15-4-2-1-3-5-15)13-19-10-11-23-16-8-6-14(7-9-16)12-18(21)22/h1-9,17,19-20H,10-13H2,(H,21,22)/t17-/m0/s1",15819,O[C@@H](CNCCOc1ccc(CC(=O)O)cc1)c2ccccc2,NA
Input,Clenbuterol,0.21167781,InputSig,NA,NA,LINCSCP_161126,PC3,10uM,24h,prostate,Adrenergic receptor agonist,ADRB2,STJMRWALKKWQGH-UHFFFAOYSA-N,"InChI=1S/C12H18Cl2N2O/c1-12(2,3)16-6-10(17)7-4-8(13)11(15)9(14)5-7/h4-5,10,16-17H,6,15H2,1-3H3",36378,CC(C)(C)NCC(O)c1cc(Cl)c(N)c(Cl)c1,4
Input,BRD-K15639930,0.21166894,InputSig,NA,NA,LINCSCP_61114,VCAP,5uM,6h,prostate,NA,NA,OXAYHDRNXZXDOZ-BKZGZDJESA-N,"InChI=1S/C33H41N3O5/c1-23-20-36(17-16-25-10-7-6-8-11-25)24(2)22-41-30-15-14-27(19-29(30)33(38)35(3)21-31(23)40-5)34-32(37)26-12-9-13-28(18-26)39-4/h6-15,18-19,23-24,31H,16-17,20-22H2,1-5H3,(H,34,37)/t23-,24+,31+/m0/s1",23708,CO[C@@H]1CN(C)C(=O)c2cc(NC(=O)c3cccc(OC)c3)ccc2OC[C@@H](C)N(CCc4ccccc4)C[C@@H]1C,NA
Input,BRD-K51322285,0.21157207,InputSig,NA,NA,LINCSCP_63807,VCAP,5uM,6h,prostate,NA,NA,SSPYWNJKRFMGCQ-XGXHKWSGSA-N,"InChI=1S/C21H31N3O6/c1-23(2)20(26)10-17-7-8-18-19(30-17)13-29-12-15(25)11-24(18)21(27)22-14-5-4-6-16(9-14)28-3/h4-6,9,15,17-19,25H,7-8,10-13H2,1-3H3,(H,22,27)/t15-,17+,18+,19-/m1/s1",3437,COc1cccc(NC(=O)N2C[C@@H](O)COC[C@H]3O[C@H](CC(=O)N(C)C)CC[C@H]23)c1,NA
Input,BRD-K54219003,0.21155837,InputSig,NA,NA,LINCSCP_308482,VCAP,5uM,6h,prostate,NA,NA,UZVKIEFCDOWORH-VRXWPRPYSA-N,"InChI=1S/C24H20FN3O5/c25-17-6-2-1-5-14(17)15-7-8-18-21-20(24(32)33)16(12-29)19(11-27(18)23(15)31)28(21)22(30)13-4-3-9-26-10-13/h1-10,16,19-21,29H,11-12H2,(H,32,33)/t16-,19-,20+,21+/m0/s1",40012,OC[C@H]1[C@@H]2CN3C(=CC=C(C3=O)c4ccccc4F)[C@H]([C@@H]1C(=O)O)N2C(=O)c5cccnc5,NA
Input,Voglibose,0.21151062,InputSig,NA,NA,LINCSCP_139785,MCF7,0.37uM,24h,breast,NA,NA,FZNCGRZWXLXZSZ-GENCIFFESA-N,"InChI=1S/C10H21NO7/c12-2-5(3-13)11-6-1-10(18,4-14)9(17)8(16)7(6)15/h5-9,11-18H,1-4H2/t6-,7-,8+,9-,10+/m0/s1",26766,OCC(CO)N[C@H]1C[C@@](O)(CO)[C@@H](O)[C@H](O)[C@H]1O,NA
Input,BRD-K36070105,0.21150507,InputSig,NA,NA,LINCSCP_62880,VCAP,5uM,24h,prostate,NA,NA,WNHZFTQVONQUSH-JQERWDHBSA-N,"InChI=1S/C23H31N3O5/c1-15-13-25(2)23(28)18-7-5-6-16(12-24)21(18)30-11-10-17-8-9-19(29-4)20(31-17)14-26(3)22(15)27/h5-7,15,17,19-20H,8-11,13-14H2,1-4H3/t15-,17+,19+,20+/m0/s1",2889,CO[C@@H]1CC[C@@H]2CCOc3c(cccc3C(=O)N(C)C[C@H](C)C(=O)N(C)C[C@H]1O2)C#N,NA
Input,Maackiain,0.21143858,InputSig,NA,NA,LINCSCP_55612,VCAP,10uM,24h,prostate,Sodium/glucose cotransporter inhibitor,NA,HUKSJTUUSUGIDC-UHFFFAOYSA-N,"InChI=1S/C16H12O5/c17-8-1-2-9-12(3-8)18-6-11-10-4-14-15(20-7-19-14)5-13(10)21-16(9)11/h1-5,11,16-17H,6-7H2",29625,Oc1ccc2C3Oc4cc5OCOc5cc4C3COc2c1,NA
Input,Pioglitazone,0.21134868,InputSig,NA,NA,LINCSCP_123746,HT29,0.37uM,24h,large intestine,Peroxisome proliferator-activated receptor gamma agonist,PPARG,HYAFETHFCAUJAY-UHFFFAOYSA-N,"InChI=1S/C19H20N2O3S/c1-2-13-3-6-15(20-12-13)9-10-24-16-7-4-14(5-8-16)11-17-18(22)21-19(23)25-17/h3-8,12,17H,2,9-11H2,1H3,(H,21,22,23)",9611,CCc1ccc(CCOc2ccc(CC3SC(=O)NC3=O)cc2)nc1,4
Input,BRD-K10134498,0.21132512,InputSig,NA,NA,LINCSCP_62118,VCAP,5uM,24h,prostate,NA,NA,IBEFNTNFDPOULD-YSSFQJQWSA-N,"InChI=1S/C21H23Cl2FN2O5S/c22-17-7-1-13(9-18(17)23)11-25-21(28)10-15-4-8-19(20(12-27)31-15)26-32(29,30)16-5-2-14(24)3-6-16/h1-3,5-7,9,15,19-20,26-27H,4,8,10-12H2,(H,25,28)/t15-,19-,20-/m0/s1",1616,OC[C@@H]1O[C@H](CC(=O)NCc2ccc(Cl)c(Cl)c2)CC[C@@H]1NS(=O)(=O)c3ccc(F)cc3,NA
Input,SA-1920687,0.21130829,InputSig,NA,NA,LINCSCP_253573,MCF7,3uM,24h,breast,NA,NA,OWCQDSOVMCWDRH-WEWMWRJBSA-N,"InChI=1S/C27H35N3O3S/c1-21-9-4-5-11-26(21)34(32,33)29-17-6-7-18-30-24(19-29)27(25(30)20-31)23-14-12-22(13-15-23)10-8-16-28(2)3/h4-5,9,11-15,24-25,27,31H,6-7,16-20H2,1-3H3/t24-,25+,27-/m0/s1",33559,CN(C)CC#Cc1ccc(cc1)[C@@H]2[C@@H](CO)N3CCCCN(C[C@@H]23)S(=O)(=O)c4ccccc4C,NA
Input,BRD-K00663349,0.21130366,InputSig,NA,NA,LINCSCP_77242,A375,0.37uM,24h,skin,NA,NA,XUZKWORPTAYLRR-FBILRYNDSA-N,"InChI=1S/C29H36N4O6/c1-33-24-4-3-22(17-27(34)31-13-8-19-6-11-30-12-7-19)39-26(24)18-38-25-5-2-21(16-23(25)29(33)36)32-28(35)20-9-14-37-15-10-20/h2,5-7,11-12,16,20,22,24,26H,3-4,8-10,13-15,17-18H2,1H3,(H,31,34)(H,32,35)/t22-,24+,26-/m0/s1",1135,CN1[C@@H]2CC[C@@H](CC(=O)NCCc3ccncc3)O[C@H]2COc4ccc(NC(=O)C5CCOCC5)cc4C1=O,NA
Input,SB 239063,0.21129911,InputSig,NA,NA,LINCSCP_47031,PC3,10uM,6h,prostate,P38 MAPK inhibitor,MAPK11|MAPK14,ZQUSFAUAYSEREK-WKILWMFISA-N,"InChI=1S/C20H21FN4O2/c1-27-20-22-11-10-17(24-20)19-18(13-2-4-14(21)5-3-13)23-12-25(19)15-6-8-16(26)9-7-15/h2-5,10-12,15-16,26H,6-9H2,1H3/t15-,16-",23481,COc1nccc(n1)c2c(ncn2[C@@H]3CC[C@@H](O)CC3)c4ccc(F)cc4,NA
Input,BRD-K04574057,0.21128682,InputSig,NA,NA,LINCSCP_63467,VCAP,5uM,24h,prostate,NA,NA,TWGHTEGHSVIJBR-MYGLTJDJSA-N,"InChI=1S/C25H32F3N5O5/c1-32-11-18(30-15-32)8-9-29-23(35)10-20-6-7-21-22(38-20)14-37-13-19(34)12-33(21)24(36)31-17-4-2-16(3-5-17)25(26,27)28/h2-5,11,15,19-22,34H,6-10,12-14H2,1H3,(H,29,35)(H,31,36)/t19-,20-,21-,22+/m0/s1",1290,Cn1cnc(CCNC(=O)C[C@@H]2CC[C@H]3[C@@H](COC[C@@H](O)CN3C(=O)Nc4ccc(cc4)C(F)(F)F)O2)c1,NA
Input,2-(4-Methoxybenzylthio)-6-methylpyrimidin-4-ol,0.2112682,InputSig,NA,NA,LINCSCP_31614,MCF7,10uM,24h,breast,Matrix metalloprotease inhibitor,NA,XMFWHLZTTUUQHL-UHFFFAOYSA-N,"InChI=1S/C13H14N2O2S/c1-9-7-12(16)15-13(14-9)18-8-10-3-5-11(17-2)6-4-10/h3-7H,8H2,1-2H3,(H,14,15,16)",34452,COc1ccc(CSc2nc(C)cc(O)n2)cc1,NA
Input,Pictilisib,0.21120023,InputSig,NA,NA,LINCSCP_36667,MCF7,1uM,6h,breast,PI3K inhibitor,PIK3CA|PIK3CB|PIK3CD|PIK3CG|PIK3R1|PIK3R2|PIK3R3|PIK3R5,LHNIIDJUOCFXAP-UHFFFAOYSA-N,"InChI=1S/C23H27N7O3S2/c1-35(31,32)30-7-5-28(6-8-30)15-16-13-20-21(34-16)23(29-9-11-33-12-10-29)26-22(25-20)17-3-2-4-19-18(17)14-24-27-19/h2-4,13-14H,5-12,15H2,1H3,(H,24,27)",35265,CS(=O)(=O)N1CCN(Cc2cc3nc(nc(N4CCOCC4)c3s2)c5cccc6[nH]ncc56)CC1,2
Input,Econazole,0.21118881,InputSig,NA,NA,LINCSCP_76431,A375,0.12uM,24h,skin,Cytochrome P450 51 inhibitor,NA,LEZWWPYKPKIXLL-UHFFFAOYSA-N,"InChI=1S/C18H15Cl3N2O/c19-14-3-1-13(2-4-14)11-24-18(10-23-8-7-22-12-23)16-6-5-15(20)9-17(16)21/h1-9,12,18H,10-11H2",35382,Clc1ccc(COC(Cn2ccnc2)c3ccc(Cl)cc3Cl)cc1,4
Input,BRD-K79153888,0.21114519,InputSig,NA,NA,LINCSCP_63460,VCAP,5uM,6h,prostate,NA,NA,IPBHQWGLWRAHKP-MPYJOUPCSA-N,"InChI=1S/C30H33N3O6S/c1-33-26-14-13-24(17-29(34)31-18-20-8-10-22(11-9-20)21-6-4-3-5-7-21)39-28(26)19-38-27-15-12-23(32-40(2,36)37)16-25(27)30(33)35/h3-12,15-16,24,26,28,32H,13-14,17-19H2,1-2H3,(H,31,34)/t24-,26-,28-/m0/s1",6797,CN1[C@H]2CC[C@@H](CC(=O)NCc3ccc(cc3)c4ccccc4)O[C@H]2COc5ccc(NS(=O)(=O)C)cc5C1=O,NA
Input,BAY 57-1293,0.21113153,InputSig,NA,NA,LINCSCP_166313,YAPC,0.37uM,24h,pancreas,NA,NA,IVZKZONQVYTCKC-UHFFFAOYSA-N,"InChI=1S/C18H18N4O3S2/c1-12-17(27(19,24)25)26-18(21-12)22(2)16(23)11-13-6-8-14(9-7-13)15-5-3-4-10-20-15/h3-10H,11H2,1-2H3,(H2,19,24,25)",26919,CN(C(=O)Cc1ccc(cc1)c2ccccn2)c3nc(C)c(s3)S(=O)(=O)N,NA
Input,L 744832,0.21113104,InputSig,NA,NA,LINCSCP_259668,NEU,10uM,6h,NA,Farnesyltransferase inhibitor,NA,PGOKBMWPBDRDGN-SIPQYZPLSA-N,"InChI=1S/C26H45N3O6S2/c1-6-19(4)23(28-15-21(27)17-36)16-34-24(14-20-10-8-7-9-11-20)25(30)29-22(12-13-37(5,32)33)26(31)35-18(2)3/h7-11,18-19,21-24,28,36H,6,12-17,27H2,1-5H3,(H,29,30)/t19-,21+,22-,23+,24?/m0/s1",11536,CC[C@H](C)[C@@H](COC(Cc1ccccc1)C(=O)N[C@@H](CCS(=O)(=O)C)C(=O)OC(C)C)NC[C@@H](N)CS,NA
Input,BRD-K32051704,0.21107144,InputSig,NA,NA,LINCSCP_60166,VCAP,5uM,24h,prostate,NA,NA,RIEPFGYATXCXRE-PBDKAQRYSA-N,"InChI=1S/C29H34FN3O5S/c1-19-7-5-6-8-25(19)22-9-14-28-26(15-22)38-27(20(2)16-33(21(3)18-34)39(28,36)37)17-32(4)29(35)31-24-12-10-23(30)11-13-24/h5-15,20-21,27,34H,16-18H2,1-4H3,(H,31,35)/t20-,21+,27-/m1/s1",617,C[C@@H](CO)N1C[C@@H](C)[C@@H](CN(C)C(=O)Nc2ccc(F)cc2)Oc3cc(ccc3S1(=O)=O)c4ccccc4C,NA
Input,JSH-23,0.21099253,InputSig,NA,NA,LINCSCP_206582,DV90,5uM,6h,lung,NFkB pathway inhibitor,RELA,YMFNPBSZFWXMAD-UHFFFAOYSA-N,"InChI=1S/C16H20N2/c1-13-9-10-16(15(17)12-13)18-11-5-8-14-6-3-2-4-7-14/h2-4,6-7,9-10,12,18H,5,8,11,17H2,1H3",24640,Cc1ccc(NCCCc2ccccc2)c(N)c1,NA
Input,BRD-K80391949,0.21091919,InputSig,NA,NA,LINCSCP_61500,VCAP,5uM,24h,prostate,NA,NA,RWOMJVAVZPFCIF-IHMCZWCLSA-N,"InChI=1S/C30H33N3O5S/c1-21-17-33(22(2)19-34)30(35)28-14-7-6-13-27(28)26-12-5-4-10-24(26)20-38-29(21)18-32(3)39(36,37)25-11-8-9-23(15-25)16-31/h4-15,21-22,29,34H,17-20H2,1-3H3/t21-,22-,29+/m0/s1",7414,C[C@@H](CO)N1C[C@H](C)[C@@H](CN(C)S(=O)(=O)c2cccc(c2)C#N)OCc3ccccc3c4ccccc4C1=O,NA
Input,BRD-K48673964,0.21090246,InputSig,NA,NA,LINCSCP_8155,A549,5uM,24h,lung,NA,NA,ATOUFFMQMQIITO-MPCDZSKCSA-N,"InChI=1S/C27H38N4O5/c1-18-15-31(19(2)17-32)26(33)14-20-13-22(29(3)4)9-12-24(20)36-25(18)16-30(5)27(34)28-21-7-10-23(35-6)11-8-21/h7-13,18-19,25,32H,14-17H2,1-6H3,(H,28,34)/t18-,19-,25-/m1/s1",12867,COc1ccc(NC(=O)N(C)C[C@H]2Oc3ccc(cc3CC(=O)N(C[C@H]2C)[C@H](C)CO)N(C)C)cc1,NA
Input,Chlorthalidone,0.21085104,InputSig,NA,NA,LINCSCP_189068,A549,10uM,6h,lung,Carbonic anhydrase inhibitor,CA7|SLC12A3,JIVPVXMEBJLZRO-UHFFFAOYSA-N,"InChI=1S/C14H11ClN2O4S/c15-11-6-5-8(7-12(11)22(16,20)21)14(19)10-4-2-1-3-9(10)13(18)17-14/h1-7,19H,(H,17,18)(H2,16,20,21)",15206,NS(=O)(=O)c1cc(ccc1Cl)C2(O)NC(=O)c3ccccc23,4
Input,alizapride,0.21080064,InputSig,NA,NA,LINCSCP_173941,YAPC,1.11uM,24h,pancreas,NA,NA,NA,NA,NA,NA,NA
Input,BRD-K49911380,0.21072816,InputSig,NA,NA,LINCSCP_62382,VCAP,5uM,6h,prostate,NA,NA,CJNJMLGGDUQPOS-QSOCRCLWSA-N,"InChI=1S/C24H28N2O7S/c27-15-22-24-20(13-17(32-22)14-23(28)26-8-10-31-11-9-26)19-12-16(6-7-21(19)33-24)25-34(29,30)18-4-2-1-3-5-18/h1-7,12,17,20,22,24-25,27H,8-11,13-15H2/t17-,20-,22-,24+/m1/s1",3371,OC[C@H]1O[C@@H](CC(=O)N2CCOCC2)C[C@H]3[C@@H]1Oc4ccc(NS(=O)(=O)c5ccccc5)cc34,NA
Input,MD-II-038,0.21054349,InputSig,NA,NA,LINCSCP_49832,PHH,10uM,24h,NA,NA,NA,FMGMZBMADZKXRH-CMDGGOBGSA-N,"InChI=1S/C20H26N2O5/c1-21(2)11-12-27-20-16(25-3)13-15(14-17(20)26-4)8-9-19(24)22-10-6-5-7-18(22)23/h5,7-9,13-14H,6,10-12H2,1-4H3/b9-8+",5362,COc1cc(\C=C\C(=O)N2CCC=CC2=O)cc(OC)c1OCCN(C)C,NA
Input,Gestrinone,0.21053192,InputSig,NA,NA,LINCSCP_99342,HA1E,10uM,24h,kidney epithelial,NA,NA,BJJXHLWLUDYTGC-ANULTFPQSA-N,"InChI=1S/C21H24O2/c1-3-20-11-9-17-16-8-6-15(22)13-14(16)5-7-18(17)19(20)10-12-21(20,23)4-2/h2,9,11,13,18-19,23H,3,5-8,10,12H2,1H3/t18-,19+,20+,21+/m1/s1",26797,CC[C@]12C=CC3=C4CCC(=O)C=C4CC[C@H]3[C@@H]1CC[C@@]2(O)C#C,4
Input,BRD-K33891131,0.2105128,InputSig,NA,NA,LINCSCP_61763,VCAP,5uM,24h,prostate,NA,NA,SOYBDXBXTZOLGY-XHSDSOJGSA-N,"InChI=1S/C18H24N2O4/c21-11-16-15(20-18(23)12-6-7-12)9-8-14(24-16)10-17(22)19-13-4-2-1-3-5-13/h1-5,12,14-16,21H,6-11H2,(H,19,22)(H,20,23)/t14-,15+,16-/m0/s1",2294,OC[C@@H]1O[C@H](CC(=O)Nc2ccccc2)CC[C@H]1NC(=O)C3CC3,NA
Input,Prostoglandin A1,0.21045401,InputSig,NA,NA,LINCSCP_57050,VCAP,1uM,6h,prostate,HSP inducer|NFkB pathway inhibitor,NA,BGKHCLZFGPIKKU-LDDQNKHRSA-N,"InChI=1S/C20H32O4/c1-2-3-6-9-17(21)14-12-16-13-15-19(22)18(16)10-7-4-5-8-11-20(23)24/h12-18,21H,2-11H2,1H3,(H,23,24)/b14-12+/t16-,17-,18+/m0/s1",37799,CCCCC[C@H](O)\C=C\[C@H]1C=CC(=O)[C@@H]1CCCCCCC(=O)O,NA
Input,ZINC05054912,0.21043127,InputSig,NA,NA,LINCSCP_211573,HA1E,10uM,6h,kidney epithelial,NA,NA,BCKXEJXFSLDULK-UHFFFAOYSA-N,"InChI=1S/C11H11ClN6O2/c1-14-11-16-9(13)8(18(19)20)10(17-11)15-7-4-2-6(12)3-5-7/h2-5H,1H3,(H4,13,14,15,16,17)",766,CNc1nc(N)c(c(Nc2ccc(Cl)cc2)n1)[N+](=O)[O-],NA
Input,CHEMBL2356547,0.21038869,InputSig,NA,NA,LINCSCP_60102,VCAP,5uM,24h,prostate,NA,NA,DYHTZISNAWRTSH-OUDXUNEISA-N,"InChI=1S/C29H40N4O6S/c1-19-16-33(20(2)18-34)40(36,37)27-14-13-24(12-8-11-23-9-6-7-10-23)15-25(27)38-26(19)17-32(5)29(35)30-28-21(3)31-39-22(28)4/h13-15,19-20,23,26,34H,6-7,9-11,16-18H2,1-5H3,(H,30,35)/t19-,20+,26+/m0/s1",35249,C[C@H](CO)N1C[C@H](C)[C@@H](CN(C)C(=O)Nc2c(C)onc2C)Oc3cc(ccc3S1(=O)=O)C#CCC4CCCC4,NA
Input,VU0447126-2,0.21035611,InputSig,NA,NA,LINCSCP_5352,A549,10uM,24h,lung,NA,NA,IDQTVKSYFJYROY-UHFFFAOYSA-N,"InChI=1S/C16H21NO/c1-10-3-6-15(11(2)7-10)17-16(18)14-9-12-4-5-13(14)8-12/h3,6-7,12-14H,4-5,8-9H2,1-2H3,(H,17,18)",12288,Cc1ccc(NC(=O)C2CC3CCC2C3)c(C)c1,NA
Input,Palbociclib,0.21027631,InputSig,NA,NA,LINCSCP_163929,SKBR3,3.33uM,3h,breast,CDK inhibitor,CCND1|CDK4|CDK6,AHJRHEGDXFFMBM-UHFFFAOYSA-N,"InChI=1S/C24H29N7O2/c1-15-19-14-27-24(28-20-8-7-18(13-26-20)30-11-9-25-10-12-30)29-22(19)31(17-5-3-4-6-17)23(33)21(15)16(2)32/h7-8,13-14,17,25H,3-6,9-12H2,1-2H3,(H,26,27,28,29)",17501,CC(=O)C1=C(C)c2cnc(Nc3ccc(cn3)N4CCNCC4)nc2N(C5CCCC5)C1=O,4
Input,Linolenic acid,0.21020233,InputSig,NA,NA,LINCSCP_28761,HUH7,0.1uM,24h,liver,Omega 3 fatty acid stimulant,NA,DTOSIQBPPRVQHS-PDBXOOCHSA-N,"InChI=1S/C18H30O2/c1-2-3-4-5-6-7-8-9-10-11-12-13-14-15-16-17-18(19)20/h3-4,6-7,9-10H,2,5,8,11-17H2,1H3,(H,19,20)/b4-3-,7-6-,10-9-",37828,CC\C=C/C\C=C/C\C=C/CCCCCCCC(=O)O,NA
Input,Metyrapone,0.21019795,InputSig,NA,NA,LINCSCP_4374,A549,10uM,6h,lung,Cytochrome P450 inhibitor,CYP11B1,FJLBFSROUSIWMA-UHFFFAOYSA-N,"InChI=1S/C14H14N2O/c1-14(2,12-6-4-8-16-10-12)13(17)11-5-3-7-15-9-11/h3-10H,1-2H3",15677,CC(C)(C(=O)c1cccnc1)c2cccnc2,4
Input,CHEMBL1083527,0.21014975,InputSig,NA,NA,LINCSCP_132288,MCF7,10uM,3h,breast,NA,NA,MJEHBQIPZHTMNZ-UHFFFAOYSA-N,"InChI=1S/C27H29N5O/c28-26-25-24(21-7-9-23(10-8-21)33-17-19-5-2-1-3-6-19)16-32(27(25)30-18-29-26)22-13-20(14-22)15-31-11-4-12-31/h1-3,5-10,16,18,20,22H,4,11-15,17H2,(H2,28,29,30)",97,Nc1ncnc2c1c(cn2C3CC(CN4CCC4)C3)c5ccc(OCc6ccccc6)cc5,NA
Input,Daidzein,0.2101432,InputSig,NA,NA,LINCSCP_312,A375,10uM,24h,skin,Estrogen receptor agonist,NA,ZQSIJRDFPHDXIC-UHFFFAOYSA-N,"InChI=1S/C15H10O4/c16-10-3-1-9(2-4-10)13-8-19-14-7-11(17)5-6-12(14)15(13)18/h1-8,16-17H",22749,Oc1ccc(cc1)C2=COc3cc(O)ccc3C2=O,NA
Input,Vemurafenib,0.21014118,InputSig,NA,NA,LINCSCP_19553,HCC515,10uM,6h,lung,RAF inhibitor,BRAF,NA,NA,42752,NA,NA
Input,Vemurafenib,0.21014118,InputSig,NA,NA,LINCSCP_19553,HCC515,10uM,6h,lung,RAF inhibitor,BRAF,GPXBXXGIAQBQNI-UHFFFAOYSA-N,"InChI=1S/C23H18ClF2N3O3S/c1-2-9-33(31,32)29-19-8-7-18(25)20(21(19)26)22(30)17-12-28-23-16(17)10-14(11-27-23)13-3-5-15(24)6-4-13/h3-8,10-12,29H,2,9H2,1H3,(H,27,28)",35271,CCCS(=O)(=O)Nc1ccc(F)c(C(=O)c2c[nH]c3ncc(cc23)c4ccc(Cl)cc4)c1F,4
Input,STO609,0.21013834,InputSig,NA,NA,LINCSCP_56167,VCAP,10uM,6h,prostate,Calmodulin antagonist,CAMKK1|CAMKK2,MYKOWOGZBMOVBJ-UHFFFAOYSA-N,"InChI=1S/C19H10N2O3/c22-18-13-5-3-4-10-11(19(23)24)8-9-12(16(10)13)17-20-14-6-1-2-7-15(14)21(17)18/h1-9H,(H,23,24)",35833,OC(=O)c1ccc2c3nc4ccccc4n3C(=O)c5cccc1c25,NA
Input,Tandutinib,0.21013467,InputSig,NA,NA,LINCSCP_175394,YAPC,10uM,24h,pancreas,FLT3 inhibitor|KIT inhibitor|PDGFR tyrosine kinase receptor inhibitor,FLT3|KIT|PDGFRA|PDGFRB,UXXQOJXBIDBUAC-UHFFFAOYSA-N,"InChI=1S/C31H42N6O4/c1-23(2)41-25-10-8-24(9-11-25)34-31(38)37-17-15-36(16-18-37)30-26-20-28(39-3)29(21-27(26)32-22-33-30)40-19-7-14-35-12-5-4-6-13-35/h8-11,20-23H,4-7,12-19H2,1-3H3,(H,34,38)",16454,COc1cc2c(ncnc2cc1OCCCN3CCCCC3)N4CCN(CC4)C(=O)Nc5ccc(OC(C)C)cc5,2
Input,MLS000062185,0.21010006,InputSig,NA,NA,LINCSCP_57468,VCAP,10uM,6h,prostate,Metalloproteinase inhibitor,NA,HKDAECHYHSQLRG-UHFFFAOYSA-N,"InChI=1S/C14H13ClN2OS/c15-10-6-4-9(5-7-10)8-19-14-16-12-3-1-2-11(12)13(18)17-14/h4-7H,1-3,8H2,(H,16,17,18)",3405,Oc1nc(SCc2ccc(Cl)cc2)nc3CCCc13,NA
Input,Pentosalen,0.21009586,InputSig,NA,NA,LINCSCP_50176,PHH,10uM,24h,NA,CDK inhibitor,NA,OLOOJGVNMBJLLR-UHFFFAOYSA-N,"InChI=1S/C16H14O4/c1-10(2)5-7-19-16-14-12(6-8-18-14)9-11-3-4-13(17)20-15(11)16/h3-6,8-9H,7H2,1-2H3",35494,CC(=CCOc1c2OC(=O)C=Cc2cc3ccoc13)C,NA
Input,Norfloxacin,0.21002918,InputSig,NA,NA,LINCSCP_272472,PC3,10uM,24h,prostate,Bacterial DNA gyrase inhibitor,NA,OGJPXUAPXNRGGI-UHFFFAOYSA-N,"InChI=1S/C16H18FN3O3/c1-2-19-9-11(16(22)23)15(21)10-7-12(17)14(8-13(10)19)20-5-3-18-4-6-20/h7-9,18H,2-6H2,1H3,(H,22,23)",16292,CCN1C=C(C(=O)O)C(=O)c2cc(F)c(cc12)N3CCNCC3,4
Input,IN1246,0.21002719,InputSig,NA,NA,LINCSCP_55599,VCAP,10uM,24h,prostate,Collagenase inhibitor|Metalloproteinase inhibitor,MMP13|MMP2|MMP3,GJOCABIDMCKCEG-UHFFFAOYSA-N,"InChI=1S/C17H18BrNO4S/c1-11(2)16(17(20)21)19-24(22,23)15-9-5-13(6-10-15)12-3-7-14(18)8-4-12/h3-11,16,19H,1-2H3,(H,20,21)",15310,CC(C)C(NS(=O)(=O)c1ccc(cc1)c2ccc(Br)cc2)C(=O)O,NA
Input,BRD-K98004941,0.20995796,InputSig,NA,NA,LINCSCP_294463,VCAP,10uM,24h,prostate,NA,NA,RGDWZLATWUCGFS-GLBCCIBASA-N,"InChI=1S/C37H52F3N3O5/c1-25-21-43(26(2)24-44)36(46)32-20-31(41-35(45)29-11-6-5-7-12-29)17-18-33(32)48-27(3)10-8-9-19-47-34(25)23-42(4)22-28-13-15-30(16-14-28)37(38,39)40/h13-18,20,25-27,29,34,44H,5-12,19,21-24H2,1-4H3,(H,41,45)/t25-,26+,27+,34+/m0/s1",14073,C[C@H](CO)N1C[C@H](C)[C@@H](CN(C)Cc2ccc(cc2)C(F)(F)F)OCCCC[C@@H](C)Oc3ccc(NC(=O)C4CCCCC4)cc3C1=O,NA
Input,Irsogladine,0.20995157,InputSig,NA,NA,LINCSCP_109460,HELA,0.04uM,24h,large intestine,Phosphodiesterase inhibitor,PDE4A,ATCGGEJZONJOCL-UHFFFAOYSA-N,"InChI=1S/C9H7Cl2N5/c10-4-1-2-6(11)5(3-4)7-14-8(12)16-9(13)15-7/h1-3H,(H4,12,13,14,15,16)",36003,Nc1nc(N)nc(n1)c2cc(Cl)ccc2Cl,NA
Input,CHEMBL610781,0.20991511,InputSig,NA,NA,LINCSCP_216876,HCC515,10uM,6h,lung,NA,NA,QPQYGSJBZGMXHI-UHFFFAOYSA-N,"InChI=1S/C12H12N2O3/c1-8-5-13-14(6-8)7-12(17)9-2-3-10(15)11(16)4-9/h2-6,15-16H,7H2,1H3",35611,Cc1cnn(CC(=O)c2ccc(O)c(O)c2)c1,NA
Input,AC1NS4MK,0.2098855,InputSig,NA,NA,LINCSCP_241917,MCF7,10uM,6h,breast,Phospholipase inhibitor,PLA2G1B,ZBESASFHIWDSCJ-WCWDXBQESA-N,"InChI=1S/C28H44O3/c1-2-3-4-5-6-7-8-9-10-11-12-13-14-15-16-17-18-25-19-21-26(22-20-25)27(29)23-24-28(30)31/h19-24H,2-18H2,1H3,(H,30,31)/b24-23+",22183,CCCCCCCCCCCCCCCCCCc1ccc(cc1)C(=O)\C=C\C(=O)O,NA
Input,MLS000709026,0.20986809,InputSig,NA,NA,LINCSCP_29308,LOVO,40uM,6h,intestine,RAD51 inhibitor,RAD51,GEKDQXSPTHHANP-OUKQBFOZSA-N,"InChI=1S/C22H17N3O/c26-22-19-10-4-5-11-20(19)24-21(13-12-17-9-6-14-23-15-17)25(22)16-18-7-2-1-3-8-18/h1-15H,16H2/b13-12+",16865,O=C1N(Cc2ccccc2)C(=Nc3ccccc13)\C=C\c4cccnc4,NA
Input,BRD-K62222886,0.20982364,InputSig,NA,NA,LINCSCP_59688,VCAP,5uM,24h,prostate,NA,NA,PXCLLIDWELYOMM-UETOGOEVSA-N,"InChI=1S/C32H43N5O5/c1-20(2)33-32(41)36(6)18-29-21(3)16-37(22(4)19-38)31(40)15-23-13-25(11-12-28(23)42-29)34-30(39)14-24-17-35(5)27-10-8-7-9-26(24)27/h7-13,17,20-22,29,38H,14-16,18-19H2,1-6H3,(H,33,41)(H,34,39)/t21-,22+,29-/m1/s1",13183,CC(C)NC(=O)N(C)C[C@H]1Oc2ccc(NC(=O)Cc3cn(C)c4ccccc34)cc2CC(=O)N(C[C@H]1C)[C@@H](C)CO,NA
Input,Pevonedistat,0.20966003,InputSig,NA,NA,LINCSCP_29372,LOVO,10uM,6h,intestine,Nedd activating enzyme inhibitor,NAE1|UBA3,MPUQHZXIXSTTDU-QXGSTGNESA-N,"InChI=1S/C21H25N5O4S/c22-31(28,29)30-11-14-9-15(10-19(14)27)26-8-7-17-20(23-12-24-21(17)26)25-18-6-5-13-3-1-2-4-16(13)18/h1-4,7-8,12,14-15,18-19,27H,5-6,9-11H2,(H2,22,28,29)(H,23,24,25)/t14-,15+,18-,19-/m0/s1",36695,NS(=O)(=O)OC[C@@H]1C[C@H](C[C@@H]1O)n2ccc3c(N[C@H]4CCc5ccccc45)ncnc23,2
Input,UNII-U7RWT9J78O,0.20958591,InputSig,NA,NA,LINCSCP_238293,MCF7,10uM,24h,breast,Bacterial cell wall synthesis inhibitor,NA,OKBVVJOGVLARMR-VINNURBNSA-N,"InChI=1S/C16H15N5O7S2/c1-2-6-4-29-14-10(13(25)21(14)11(6)15(26)27)19-12(24)9(20-28-3-8(22)23)7-5-30-16(17)18-7/h2,5,10,14H,1,3-4H2,(H2,17,18)(H,19,24)(H,22,23)(H,26,27)/b20-9+/t10-,14-/m1/s1",15040,Nc1nc(cs1)C(=NOCC(=O)O)C(=O)N[C@H]2[C@H]3SCC(=C(N3C2=O)C(=O)O)C=C,NA
Input,BRD-K70018966,0.20951904,InputSig,NA,NA,LINCSCP_60414,VCAP,5uM,24h,prostate,NA,NA,FZGPYLHWXNIREJ-ISCCLHIJSA-N,"InChI=1S/C29H38N2O6S/c1-20-16-31(21(2)19-32)38(35,36)28-13-12-24(23-9-5-4-6-10-23)15-26(28)37-27(20)18-30(3)17-22-8-7-11-25(14-22)29(33)34/h7-9,11-15,20-21,27,32H,4-6,10,16-19H2,1-3H3,(H,33,34)/t20-,21+,27-/m0/s1",1974,C[C@H](CO)N1C[C@H](C)[C@H](CN(C)Cc2cccc(c2)C(=O)O)Oc3cc(ccc3S1(=O)=O)C4=CCCCC4,NA
Input,BRD-K39738296,0.20949629,InputSig,NA,NA,LINCSCP_61229,VCAP,5uM,24h,prostate,NA,NA,KBKSWHGSXCIXAL-RYTUXRKISA-N,"InChI=1S/C29H37N3O6/c1-18-13-32(14-20-5-6-20)19(2)16-36-24-10-8-22(12-23(24)29(34)31(3)15-27(18)35-4)30-28(33)21-7-9-25-26(11-21)38-17-37-25/h7-12,18-20,27H,5-6,13-17H2,1-4H3,(H,30,33)/t18-,19+,27+/m1/s1",3027,CO[C@H]1CN(C)C(=O)c2cc(NC(=O)c3ccc4OCOc4c3)ccc2OC[C@H](C)N(CC5CC5)C[C@H]1C,NA
Input,TAE-684,0.20947705,InputSig,NA,NA,LINCSCP_86029,BT20,3.33uM,24h,breast,ALK tyrosine kinase receptor inhibitor,ALK,QQWUGDVOUVUTOY-UHFFFAOYSA-N,"InChI=1S/C30H40ClN7O3S/c1-21(2)42(39,40)28-8-6-5-7-26(28)33-29-24(31)20-32-30(35-29)34-25-10-9-23(19-27(25)41-4)37-13-11-22(12-14-37)38-17-15-36(3)16-18-38/h5-10,19-22H,11-18H2,1-4H3,(H2,32,33,34,35)",16647,COc1cc(ccc1Nc2ncc(Cl)c(Nc3ccccc3S(=O)(=O)C(C)C)n2)N4CCC(CC4)N5CCN(C)CC5,NA
Input,Chelidonine,0.20946738,InputSig,NA,NA,LINCSCP_4357,A549,10uM,6h,lung,Tubulin inhibitor,NA,GHKISGDRQRSCII-ZOCIIQOWSA-N,"InChI=1S/C20H19NO5/c1-21-7-13-11(2-3-15-20(13)26-9-23-15)18-14(22)4-10-5-16-17(25-8-24-16)6-12(10)19(18)21/h2-3,5-6,14,18-19,22H,4,7-9H2,1H3/t14-,18-,19+/m0/s1",35674,CN1Cc2c3OCOc3ccc2[C@H]4[C@@H](O)Cc5cc6OCOc6cc5[C@@H]14,NA
Input,Cdc,0.2093991,InputSig,NA,NA,LINCSCP_52728,SKB,10uM,24h,NA,Lipoxygenase inhibitor,ALOX12,XGHYFEJMJXGPGN-CHLGNXTCSA-N,"InChI=1S/C19H15NO4/c20-13-16(11-15-8-9-17(21)18(22)12-15)19(23)24-10-4-7-14-5-2-1-3-6-14/h1-9,11-12,21-22H,10H2/b7-4+,16-11-",37805,Oc1ccc(\C=C(\C#N)/C(=O)OC\C=C\c2ccccc2)cc1O,NA
Input,Mccg,0.20936329,InputSig,NA,NA,LINCSCP_43237,NPC,10uM,24h,neural progenitor cells,NA,NA,KFACHLANPCGTFI-FVSJBQLASA-N,"InChI=1S/C7H11NO4/c1-7(8,6(11)12)4-2-3(4)5(9)10/h3-4H,2,8H2,1H3,(H,9,10)(H,11,12)/t3-,4-,7-/m0/s1",39940,C[C@](N)([C@H]1C[C@@H]1C(=O)O)C(=O)O,NA
Input,BRD-K40630529,0.20933458,InputSig,NA,NA,LINCSCP_60180,VCAP,5uM,24h,prostate,NA,NA,DRXNQUOVPOKVMH-VIOADAESSA-N,"InChI=1S/C25H31FN4O4/c1-5-6-18-11-21-23(27-12-18)34-22(16(2)13-30(24(21)32)17(3)15-31)14-29(4)25(33)28-20-9-7-19(26)8-10-20/h5-12,16-17,22,31H,13-15H2,1-4H3,(H,28,33)/b6-5+/t16-,17-,22+/m1/s1",25790,C\C=C\c1cnc2O[C@@H](CN(C)C(=O)Nc3ccc(F)cc3)[C@H](C)CN([C@H](C)CO)C(=O)c2c1,NA
Input,MLS-0342317.0001,0.2093309,InputSig,NA,NA,LINCSCP_57402,VCAP,10uM,6h,prostate,NA,NA,GZMLOYHLICCMMS-UHFFFAOYSA-N,"InChI=1S/C16H18N4O2S/c1-10(2)23-16-17-13-12(14(21)18-15(22)19(13)3)20(16)9-11-7-5-4-6-8-11/h4-8,10H,9H2,1-3H3,(H,18,21,22)",24481,CC(C)Sc1nc2N(C)C(=O)NC(=O)c2n1Cc3ccccc3,NA
Input,BRD-K89412540,0.20932351,InputSig,NA,NA,LINCSCP_308055,VCAP,5uM,6h,prostate,NA,NA,XKLJDQDBSRSGED-FQUZAXHOSA-N,"InChI=1S/C27H37N3O4S/c31-22-16-30(17-26-28-10-13-35-26)24-7-6-23(34-25(24)19-33-18-22)15-27(32)29-11-8-21(9-12-29)14-20-4-2-1-3-5-20/h1-5,10,13,21-25,31H,6-9,11-12,14-19H2/t22-,23+,24-,25+/m0/s1",25179,O[C@@H]1COC[C@H]2O[C@@H](CC(=O)N3CCC(Cc4ccccc4)CC3)CC[C@@H]2N(Cc5nccs5)C1,NA
Input,CHEMBL1970015,0.20931662,InputSig,NA,NA,LINCSCP_295670,VCAP,10uM,24h,prostate,NA,NA,GEPQSEIVCGMSGO-PHAQOQMTSA-N,"InChI=1S/C35H45FN4O7S/c1-24-21-40(25(2)23-41)34(42)31-20-29(38-35(43)37-28-11-6-5-7-12-28)15-18-32(31)47-26(3)10-8-9-19-46-33(24)22-39(4)48(44,45)30-16-13-27(36)14-17-30/h5-7,11-18,20,24-26,33,41H,8-10,19,21-23H2,1-4H3,(H2,37,38,43)/t24-,25+,26+,33-/m1/s1",16599,C[C@@H](CO)N1C[C@@H](C)[C@@H](CN(C)S(=O)(=O)c2ccc(F)cc2)OCCCC[C@H](C)Oc3ccc(NC(=O)Nc4ccccc4)cc3C1=O,NA
Input,BRD-K24750847,0.20930868,InputSig,NA,NA,LINCSCP_60362,VCAP,5uM,24h,prostate,NA,NA,ZLBUSWVWPMDVDO-VKJFTORMSA-N,"InChI=1S/C20H29N3O6S/c1-14-11-23(15(2)13-24)20(25)17-9-16(7-6-8-28-4)10-21-19(17)29-18(14)12-22(3)30(5,26)27/h9-10,14-15,18,24H,8,11-13H2,1-5H3/t14-,15+,18+/m1/s1",23570,COCC#Cc1cnc2O[C@@H](CN(C)S(=O)(=O)C)[C@H](C)CN([C@@H](C)CO)C(=O)c2c1,NA
Input,MLS003179192,0.20926429,InputSig,NA,NA,LINCSCP_10922,ASC,10uM,24h,adipose,Caspase inhibitor,NA,NPOUMSIYVDQJDX-DGIFUFQNSA-N,"InChI=1S/C33H35ClN4O6S/c1-21-18-38(22(2)20-39)32(40)27-11-7-13-29(36-33(41)35-28-12-6-9-23-8-4-5-10-26(23)28)31(27)44-30(21)19-37(3)45(42,43)25-16-14-24(34)15-17-25/h4-17,21-22,30,39H,18-20H2,1-3H3,(H2,35,36,41)/t21-,22+,30+/m1/s1",15858,C[C@@H](CO)N1C[C@@H](C)[C@H](CN(C)S(=O)(=O)c2ccc(Cl)cc2)Oc3c(NC(=O)Nc4cccc5ccccc45)cccc3C1=O,NA
Input,K784-3187,0.20924879,InputSig,NA,NA,LINCSCP_108346,HELA,0.04uM,24h,large intestine,Estrogen receptor beta agonist,ESR2,NA,NA,NA,NA,NA
Input,MLS001065853,0.20924338,InputSig,NA,NA,LINCSCP_31750,MCF7,10uM,6h,breast,NA,NA,BNBCXCRNPDIKRO-UHFFFAOYSA-N,"InChI=1S/C21H23N5/c1-13-23-19(22)18-17(25-26(20(18)24-13)21(2,3)4)12-15-10-7-9-14-8-5-6-11-16(14)15/h5-11H,12H2,1-4H3,(H2,22,23,24)",16042,Cc1nc(N)c2c(Cc3cccc4ccccc34)nn(c2n1)C(C)(C)C,NA
Input,Cycloheximide,0.20920297,InputSig,NA,NA,LINCSCP_30205,MCF7,10uM,6h,breast,Protein synthesis inhibitor,RPL3,YPHMISFOHDHNIV-FSZOTQKASA-N,"InChI=1S/C15H23NO4/c1-8-3-9(2)15(20)11(4-8)12(17)5-10-6-13(18)16-14(19)7-10/h8-12,17H,3-7H2,1-2H3,(H,16,18,19)/t8-,9-,11-,12+/m0/s1",3596,C[C@H]1C[C@H](C)C(=O)[C@@H](C1)[C@H](O)CC2CC(=O)NC(=O)C2,NA
Input,AC1OA39F,0.20919982,InputSig,NA,NA,LINCSCP_47207,PC3,10uM,6h,prostate,NA,NA,CAISHCQFVSGCPA-CAOOACKPSA-N,"InChI=1S/C14H14ClN3O2/c1-10-7-11(15)4-5-13(10)20-9-14(19)18-17-8-12-3-2-6-16-12/h2-8,16H,9H2,1H3,(H,18,19)/b17-8+",15183,Cc1cc(Cl)ccc1OCC(=O)NN=Cc2ccc[nH]2,NA
Input,Aminoglutethimide,0.20913562,InputSig,NA,NA,LINCSCP_290542,VCAP,10uM,24h,prostate,Glucocorticoid receptor antagonist,CYP11A1|CYP19A1,ROBVIMPUHSLWNV-UHFFFAOYSA-N,"InChI=1S/C13H16N2O2/c1-2-13(8-7-11(16)15-12(13)17)9-3-5-10(14)6-4-9/h3-6H,2,7-8,14H2,1H3,(H,15,16,17)",35349,CCC1(CCC(=O)NC1=O)c2ccc(N)cc2,4
Input,BRD-K34387287,0.20908651,InputSig,NA,NA,LINCSCP_52374,SKB,10uM,24h,NA,NA,NA,QFGLVRXJBRXPKG-CVBAWMJOSA-N,"InChI=1S/C36H44F4N4O7S/c1-23-20-44(24(2)22-45)34(46)31-19-29(42-35(47)41-28-12-8-26(9-13-28)36(38,39)40)14-17-32(31)51-25(3)7-5-6-18-50-33(23)21-43(4)52(48,49)30-15-10-27(37)11-16-30/h8-17,19,23-25,33,45H,5-7,18,20-22H2,1-4H3,(H2,41,42,47)/t23-,24+,25-,33+/m0/s1",246,C[C@H](CO)N1C[C@H](C)[C@@H](CN(C)S(=O)(=O)c2ccc(F)cc2)OCCCC[C@H](C)Oc3ccc(NC(=O)Nc4ccc(cc4)C(F)(F)F)cc3C1=O,NA
Input,SMR001317659,0.20908453,InputSig,NA,NA,LINCSCP_917,A375,0.5uM,6h,skin,NA,NA,DZAUSKKPHXFGNN-UHFFFAOYSA-N,"InChI=1S/C20H20N4O4S/c1-25-13-6-8-16(26-2)14(10-13)19-21-22-20-24(19)23-15(11-29-20)12-5-7-17(27-3)18(9-12)28-4/h5-10H,11H2,1-4H3",38156,COc1ccc(OC)c(c1)c2nnc3SCC(=Nn23)c4ccc(OC)c(OC)c4,NA
Input,MLS000107177,0.2090232,InputSig,NA,NA,LINCSCP_33854,MCF7,10uM,24h,breast,NA,NA,FYGLIUBZOQDEEN-UHFFFAOYSA-N,"InChI=1S/C19H16N4O3/c1-12(24)20-19-22-17(14-8-4-3-5-9-14)21-18(23-19)15-10-6-7-11-16(15)26-13(2)25/h3-11H,1-2H3,(H,20,21,22,23,24)",16166,CC(=O)Nc1nc(nc(n1)c2ccccc2OC(=O)C)c3ccccc3,NA
Input,Guggulsterone,0.20898706,InputSig,NA,NA,LINCSCP_33186,MCF7,10uM,6h,breast,Cholesterol inhibitor|Estrogen receptor agonist|FXR antagonist|IKK inhibitor|Pregnane X receptor agonist|Progesterone receptor agonist,AR|NR1H4|NR3C1|NR3C2|PGR,WDXRGPWQVHZTQJ-UHFFFAOYSA-N,"InChI=1S/C21H28O2/c1-4-16-19(23)12-18-15-6-5-13-11-14(22)7-9-20(13,2)17(15)8-10-21(16,18)3/h4,11,15,17-18H,5-10,12H2,1-3H3",24882,CC=C1C(=O)CC2C3CCC4=CC(=O)CCC4(C)C3CCC12C,NA
Input,MLS002474581,0.20897909,InputSig,NA,NA,LINCSCP_5000,A549,10uM,24h,lung,NA,NA,RWAABDCMXWMEQF-UHFFFAOYSA-N,"InChI=1S/C15H13F3N2O2S/c16-15(17,18)22-10-6-4-9(5-7-10)8-23-14-19-12-3-1-2-11(12)13(21)20-14/h4-7H,1-3,8H2,(H,19,20,21)",15891,Oc1nc(SCc2ccc(OC(F)(F)F)cc2)nc3CCCc13,NA
Input,SCHEMBL17857056,0.20897135,InputSig,NA,NA,LINCSCP_39203,MDAMB231,10uM,6h,NA,EGFR inhibitor,NA,SFLKJNSBBVSPFE-UHFFFAOYSA-N,"InChI=1S/C34H36Cl2N8O4/c1-5-30(45)40-24-8-6-22(7-9-24)20-44(34(46)41-33-31(35)26(47-3)18-27(48-4)32(33)36)29-19-28(37-21-38-29)39-23-10-12-25(13-11-23)43-16-14-42(2)15-17-43/h5-13,18-19,21H,1,14-17,20H2,2-4H3,(H,40,45)(H,41,46)(H,37,38,39)",7077,COc1cc(OC)c(Cl)c(NC(=O)N(Cc2ccc(NC(=O)C=C)cc2)c3cc(Nc4ccc(cc4)N5CCN(C)CC5)ncn3)c1Cl,NA
Input,MLS001065839,0.20894007,InputSig,NA,NA,LINCSCP_57277,VCAP,10uM,24h,prostate,NA,NA,HOTPJJJHRXWYFY-UHFFFAOYSA-N,"InChI=1S/C17H22N6O/c1-2-6-14(7-3-1)18-15-19-16(22-8-4-5-9-22)21-17(20-15)23-10-12-24-13-11-23/h1-3,6-7H,4-5,8-13H2,(H,18,19,20,21)",665,C1CCN(C1)c2nc(Nc3ccccc3)nc(n2)N4CCOCC4,NA
Input,Thiothixene,0.20888364,InputSig,NA,NA,LINCSCP_98870,HA1E,10uM,24h,kidney epithelial,Dopamine receptor antagonist,HTR2A,GFBKORZTTCHDGY-UFWORHAWSA-N,"InChI=1S/C23H29N3O2S2/c1-24(2)30(27,28)18-10-11-23-21(17-18)19(20-7-4-5-9-22(20)29-23)8-6-12-26-15-13-25(3)14-16-26/h4-5,7-11,17H,6,12-16H2,1-3H3/b19-8+",13549,CN(C)S(=O)(=O)c1ccc2Sc3ccccc3\C(=C/CCN4CCN(C)CC4)\c2c1,NA
Input,BRD-K38659247,0.20886513,InputSig,NA,NA,LINCSCP_59966,VCAP,5uM,6h,prostate,NA,NA,OTRZZVMKCVISTM-WOGXIUBCSA-N,"InChI=1S/C27H33FN4O5/c1-16-13-32(17(2)15-33)26(35)22-12-21(29-25(34)18-4-5-18)10-11-23(22)37-24(16)14-31(3)27(36)30-20-8-6-19(28)7-9-20/h6-12,16-18,24,33H,4-5,13-15H2,1-3H3,(H,29,34)(H,30,36)/t16-,17-,24+/m0/s1",12586,C[C@@H](CO)N1C[C@H](C)[C@@H](CN(C)C(=O)Nc2ccc(F)cc2)Oc3ccc(NC(=O)C4CC4)cc3C1=O,NA
Input,BRD-K86938339,0.20885239,InputSig,NA,NA,LINCSCP_62059,VCAP,5uM,24h,prostate,NA,NA,QCIRQJIZWMFOON-CEXWTWQISA-N,"InChI=1S/C21H26N2O4/c24-13-19-18(22-21(26)15-5-6-15)8-7-17(27-19)11-20(25)23-10-9-14-3-1-2-4-16(14)12-23/h1-4,7-8,15,17-19,24H,5-6,9-13H2,(H,22,26)/t17-,18+,19-/m1/s1",4479,OC[C@H]1O[C@@H](CC(=O)N2CCc3ccccc3C2)C=C[C@@H]1NC(=O)C4CC4,NA
Input,BRD-K69293497,0.20884586,InputSig,NA,NA,LINCSCP_61153,VCAP,5uM,6h,prostate,NA,NA,FNBLPFIHIJQMKK-IEGUWTFLSA-N,"InChI=1S/C26H40N4O5/c1-16(2)27-26(33)28-20-10-11-22-21(12-20)25(32)29(5)14-23(34-6)17(3)13-30(18(4)15-35-22)24(31)19-8-7-9-19/h10-12,16-19,23H,7-9,13-15H2,1-6H3,(H2,27,28,33)/t17-,18+,23-/m1/s1",1819,CO[C@@H]1CN(C)C(=O)c2cc(NC(=O)NC(C)C)ccc2OC[C@H](C)N(C[C@H]1C)C(=O)C3CCC3,NA
Input,Menadione,0.20883741,InputSig,NA,NA,LINCSCP_53374,SKMEL1,10uM,6h,skin,Mitochondrial DNA polymerase inhibitor|Phosphatase inhibitor,NA,MJVAVZPDRWSRRC-UHFFFAOYSA-N,"InChI=1S/C11H8O2/c1-7-6-10(12)8-4-2-3-5-9(8)11(7)13/h2-6H,1H3",38545,CC1=CC(=O)c2ccccc2C1=O,4
Input,BRD-K80232076,0.20881891,InputSig,NA,NA,LINCSCP_62045,VCAP,5uM,24h,prostate,NA,NA,UVJMALWFIRFJAR-YQVWRLOYSA-N,"InChI=1S/C21H21F2N3O4/c22-14-7-13(8-15(23)9-14)11-25-20(28)10-16-4-5-17(19(12-27)30-16)26-21(29)18-3-1-2-6-24-18/h1-9,16-17,19,27H,10-12H2,(H,25,28)(H,26,29)/t16-,17+,19+/m0/s1",7352,OC[C@H]1O[C@H](CC(=O)NCc2cc(F)cc(F)c2)C=C[C@H]1NC(=O)c3ccccn3,NA
Input,Dexamethasone 21-acetate,0.20877116,InputSig,NA,NA,LINCSCP_6877,A549,10uM,24h,lung,Glucocorticoid receptor agonist,NR3C1,AKUJBENLRBOFTD-RPRRAYFGSA-N,"InChI=1S/C24H31FO6/c1-13-9-18-17-6-5-15-10-16(27)7-8-21(15,3)23(17,25)19(28)11-22(18,4)24(13,30)20(29)12-31-14(2)26/h7-8,10,13,17-19,28,30H,5-6,9,11-12H2,1-4H3/t13-,17+,18+,19+,21+,22+,23+,24+/m1/s1",15689,C[C@@H]1C[C@H]2[C@@H]3CCC4=CC(=O)C=C[C@]4(C)[C@@]3(F)[C@@H](O)C[C@]2(C)[C@@]1(O)C(=O)COC(=O)C,NA
Input,YK 4-279,0.20875925,InputSig,NA,NA,LINCSCP_30712,MCF7,10uM,6h,breast,Apoptosis stimulant|Binding of RNA helicase A to the transcription factor EWS-FLI1 inhibitor,DHX9|FLI1,HLXSCTYHLQHQDJ-UHFFFAOYSA-N,"InChI=1S/C17H13Cl2NO4/c1-24-10-4-2-9(3-5-10)13(21)8-17(23)14-11(18)6-7-12(19)15(14)20-16(17)22/h2-7,23H,8H2,1H3,(H,20,22)",36321,COc1ccc(cc1)C(=O)CC2(O)C(=O)Nc3c(Cl)ccc(Cl)c23,NA
Input,BRD-K89808696,0.20873118,InputSig,NA,NA,LINCSCP_66061,VCAP,0.5uM,24h,prostate,NA,NA,JXCOUSRHXUUARO-VWLOTQADSA-N,"InChI=1S/C28H29FN4O2/c1-35-22-9-10-23-24(12-22)31-27-25(15-34)33(13-19-5-7-20(29)8-6-19)18-28(26(23)27)16-32(17-28)14-21-4-2-3-11-30-21/h2-12,25,31,34H,13-18H2,1H3/t25-/m0/s1",34009,COc1ccc2c3c([nH]c2c1)[C@H](CO)N(Cc4ccc(F)cc4)CC35CN(Cc6ccccn6)C5,NA
Input,BG-1027,0.20859983000000001,InputSig,NA,NA,LINCSCP_13402,FIBRNPC,10uM,6h,NA,NA,NA,IMLRCIJPRAFHAV-UFFVCSGVSA-N,"InChI=1S/C18H21N5O3/c24-17(4-2-1-3-5-18(25)23-26)22-21-10-14-6-8-15(9-7-14)16-11-19-13-20-12-16/h6-13,26H,1-5H2,(H,22,24)(H,23,25)/b21-10+",9,ONC(=O)CCCCCC(=O)NN=Cc1ccc(cc1)c2cncnc2,NA
Input,BRD-K85770991,0.2085073,InputSig,NA,NA,LINCSCP_62696,VCAP,5uM,24h,prostate,NA,NA,PXUWSZVSXCWDJI-DJTDUFQSSA-N,"InChI=1S/C23H26F2N2O4/c1-27(2)15-4-6-20-17(8-15)18-9-16(30-21(12-28)23(18)31-20)10-22(29)26-11-13-7-14(24)3-5-19(13)25/h3-8,16,18,21,23,28H,9-12H2,1-2H3,(H,26,29)/t16-,18-,21-,23+/m0/s1",4430,CN(C)c1ccc2O[C@H]3[C@H](CO)O[C@H](CC(=O)NCc4cc(F)ccc4F)C[C@H]3c2c1,NA
Input,MLS-0091943.0001,0.20849439,InputSig,NA,NA,LINCSCP_26604,HT29,10uM,6h,large intestine,NA,NA,JFRYLPFKWKOMBZ-ODLFYWEKSA-N,"InChI=1S/C23H16N2O4S/c1-12-9-13(2)20-17(10-12)25-21(26)19(30-23(25)24-20)11-14-7-8-18(29-14)15-5-3-4-6-16(15)22(27)28/h3-11H,1-2H3,(H,27,28)/b19-11-",17512,Cc1cc(C)c2nc3S\C(=C/c4oc(cc4)c5ccccc5C(=O)O)\C(=O)n3c2c1,NA
Input,BRD-K54916924,0.20844037,InputSig,NA,NA,LINCSCP_48118,PC3,5uM,24h,prostate,NA,NA,IAKBBZLEORGFOS-BSRJHKFKSA-N,"InChI=1S/C25H35N3O6S/c1-17-13-28(18(2)16-29)25(30)21-7-6-8-22(26-35(5,31)32)24(21)34-23(17)15-27(3)14-19-9-11-20(33-4)12-10-19/h6-12,17-18,23,26,29H,13-16H2,1-5H3/t17-,18-,23-/m0/s1",13006,COc1ccc(CN(C)C[C@@H]2Oc3c(NS(=O)(=O)C)cccc3C(=O)N(C[C@@H]2C)[C@@H](C)CO)cc1,NA
Input,Carprofen,0.20841822,InputSig,NA,NA,LINCSCP_101676,HELA,3.33uM,24h,large intestine,Cyclooxygenase inhibitor,PTGS1|PTGS2,PUXBGTOOZJQSKH-UHFFFAOYSA-N,"InChI=1S/C15H12ClNO2/c1-8(15(18)19)9-2-4-11-12-7-10(16)3-5-13(12)17-14(11)6-9/h2-8,17H,1H3,(H,18,19)",15192,CC(C(=O)O)c1ccc2c(c1)[nH]c3ccc(Cl)cc23,4
Input,CHEMBL489621,0.20840728,InputSig,NA,NA,LINCSCP_20035,HCC515,10uM,6h,lung,NA,NA,DVDGOKMQDYFKFY-HXUWFJFHSA-N,"InChI=1S/C21H26FNO3/c1-26-21-18(3-2-4-19(21)24)20(25)16-10-13-23(14-11-16)12-9-15-5-7-17(22)8-6-15/h2-8,16,20,24-25H,9-14H2,1H3/t20-/m1/s1",16047,COc1c(O)cccc1[C@H](O)C2CCN(CCc3ccc(F)cc3)CC2,NA
Input,MLS002473999,0.20837618,InputSig,NA,NA,LINCSCP_59799,VCAP,5uM,6h,prostate,NA,NA,BNEDOCMZXPXXCZ-PDSXEYIOSA-N,"InChI=1S/C26H34F3N5O6/c1-14-11-34(15(2)13-35)24(37)19-10-18(30-22(36)8-9-26(27,28)29)6-7-20(19)39-21(14)12-33(5)25(38)31-23-16(3)32-40-17(23)4/h6-7,10,14-15,21,35H,8-9,11-13H2,1-5H3,(H,30,36)(H,31,38)/t14-,15+,21+/m0/s1",19814,C[C@H](CO)N1C[C@H](C)[C@@H](CN(C)C(=O)Nc2c(C)onc2C)Oc3ccc(NC(=O)CCC(F)(F)F)cc3C1=O,NA
Input,Loxapine,0.20835476,InputSig,NA,NA,LINCSCP_30210,MCF7,10uM,6h,breast,Dopamine receptor antagonist|Serotonin receptor antagonist,DRD1|DRD2|DRD3|DRD4|HRH1|HTR2A|HTR2C|HTR6,XJGVXQDUIWGIRW-UHFFFAOYSA-N,"InChI=1S/C18H18ClN3O/c1-21-8-10-22(11-9-21)18-14-12-13(19)6-7-16(14)23-17-5-3-2-4-15(17)20-18/h2-7,12H,8-11H2,1H3",35737,CN1CCN(CC1)C2=Nc3ccccc3Oc4ccc(Cl)cc24,4
Input,CHEMBL3182395,0.20830478,InputSig,NA,NA,LINCSCP_12216,BT20,0.1uM,24h,breast,MEK inhibitor,MAP2K5|MAPK7,HOMJAAIVTDVQJA-UHFFFAOYSA-N,"InChI=1S/C27H28N4O2/c1-30(2)17-18-9-8-12-21(15-18)28-25(19-10-6-5-7-11-19)24-22-14-13-20(27(33)31(3)4)16-23(22)29-26(24)32/h5-16,28H,17H2,1-4H3,(H,29,32)",34319,CN(C)Cc1cccc(c1)\N=C(/c2ccccc2)\c3c(O)[nH]c4cc(ccc34)C(=O)N(C)C,NA
Input,BRD-K91701366,0.20824881,InputSig,NA,NA,LINCSCP_249885,MCF7,10uM,24h,breast,NA,NA,HDQJTJFVSRJGIK-QFIPXVFZSA-N,"InChI=1S/C25H29F2N3O4S/c1-4-35(32,33)30-14-25(15-30)13-29(11-16-9-17(26)5-8-20(16)27)22(12-31)24-23(25)19-7-6-18(34-3)10-21(19)28(24)2/h5-10,22,31H,4,11-15H2,1-3H3/t22-/m0/s1",13926,CCS(=O)(=O)N1CC2(CN(Cc3cc(F)ccc3F)[C@@H](CO)c4c2c5ccc(OC)cc5n4C)C1,NA
Input,MBX-2982,0.20818177,InputSig,NA,NA,LINCSCP_92440,HA1E,3.33uM,24h,kidney epithelial,NA,NA,NFTMKHWBOINJGM-UHFFFAOYSA-N,"InChI=1S/C22H24N8OS/c1-2-16-11-23-22(24-12-16)29-9-7-17(8-10-29)21-26-18(14-32-21)13-31-20-5-3-19(4-6-20)30-15-25-27-28-30/h3-6,11-12,14-15,17H,2,7-10,13H2,1H3",26594,CCc1cnc(nc1)N2CCC(CC2)c3nc(COc4ccc(cc4)n5cnnn5)cs3,NA
Input,CHEMBL1731235,0.20817731,InputSig,NA,NA,LINCSCP_210735,HA1E,10uM,6h,kidney epithelial,NA,NA,CUSXHGAVGIBTFT-UHFFFAOYSA-N,"InChI=1S/C22H14FN3O3S/c23-19-11-10-16(14-24-19)21(27)28-12-3-4-13-30-22-26-25-20(29-22)18-9-5-7-15-6-1-2-8-17(15)18/h1-2,5-11,14H,12-13H2",16027,Fc1ccc(cn1)C(=O)OCC#CCSc2oc(nn2)c3cccc4ccccc34,NA
Input,BRD-K26507936,0.20814926,InputSig,NA,NA,LINCSCP_60858,VCAP,5uM,24h,prostate,NA,NA,ZXQGUZCJBQNBQR-KABRZNFWSA-N,"InChI=1S/C29H32F2N6O5/c1-17-14-37(28(39)24-13-32-9-10-33-24)18(2)16-42-25-12-20(6-7-21(25)27(38)36(3)15-26(17)41-4)34-29(40)35-23-11-19(30)5-8-22(23)31/h5-13,17-18,26H,14-16H2,1-4H3,(H2,34,35,40)/t17-,18-,26+/m1/s1",24167,CO[C@H]1CN(C)C(=O)c2ccc(NC(=O)Nc3cc(F)ccc3F)cc2OC[C@@H](C)N(C[C@H]1C)C(=O)c4cnccn4,NA
Input,metitepine,0.2081029,InputSig,NA,NA,LINCSCP_174430,YAPC,0.04uM,24h,pancreas,Anti-HCVE2,HTR5A|HTR6|HTR7,NA,NA,NA,NA,NA
Input,Bisacodyl,0.20805418,InputSig,NA,NA,LINCSCP_2612,A375,10uM,6h,skin,Laxative,NA,KHOITXIGCFIULA-UHFFFAOYSA-N,"InChI=1S/C22H19NO4/c1-15(24)26-19-10-6-17(7-11-19)22(21-5-3-4-14-23-21)18-8-12-20(13-9-18)27-16(2)25/h3-14,22H,1-2H3",35738,CC(=O)Oc1ccc(cc1)C(c2ccc(OC(=O)C)cc2)c3ccccn3,4
Input,THZ-2-98-01,0.20803769,InputSig,NA,NA,LINCSCP_29521,MCF10A,0.5uM,24h,breast epithelial,IRAK1 inhibitor,NA,YYVIVPUDXXGAKS-WUXMJOGZSA-N,"InChI=1S/C28H27N7O2/c1-35(2)16-6-12-26(36)31-22-9-3-7-20(17-22)27(37)32-23-10-4-11-24(18-23)33-28-30-15-13-25(34-28)21-8-5-14-29-19-21/h3-15,17-19H,16H2,1-2H3,(H,31,36)(H,32,37)(H,30,33,34)/b12-6+",26531,CN(C)C\C=C\C(=O)Nc1cccc(c1)C(=O)Nc2cccc(Nc3nccc(n3)c4cccnc4)c2,NA
Input,THZ-2-98-01,0.20803769,InputSig,NA,NA,LINCSCP_29521,MCF10A,0.5uM,24h,breast epithelial,IRAK1 inhibitor,NA,NA,NA,42713,NA,NA
Input,THZ-2-98-01,0.20803769,InputSig,NA,NA,LINCSCP_29521,MCF10A,0.5uM,24h,breast epithelial,IRAK1 inhibitor,NA,NA,NA,42733,NA,NA
Input,2-(Biphenyl-4-ylsulfonamido)pentanedioic acid,0.20803039,InputSig,NA,NA,LINCSCP_267798,PC3,10uM,6h,prostate,Matrix metalloprotease inhibitor,NA,IQGHPUPMOUUHPP-UHFFFAOYSA-N,"InChI=1S/C17H17NO6S/c19-16(20)11-10-15(17(21)22)18-25(23,24)14-8-6-13(7-9-14)12-4-2-1-3-5-12/h1-9,15,18H,10-11H2,(H,19,20)(H,21,22)",15299,OC(=O)CCC(NS(=O)(=O)c1ccc(cc1)c2ccccc2)C(=O)O,NA
Input,MLS001065860,0.2080084,InputSig,NA,NA,LINCSCP_57942,VCAP,10uM,24h,prostate,NA,NA,XLHDISIHIXXBEP-IBGZPJMESA-N,"InChI=1S/C23H23N3O2/c1-14-8-10-15(11-9-14)13-25-21(27)19-12-17-16-6-4-5-7-18(16)24-20(17)23(2,3)26(19)22(25)28/h4-11,19,24H,12-13H2,1-3H3/t19-/m0/s1",35579,Cc1ccc(CN2C(=O)[C@@H]3Cc4c([nH]c5ccccc45)C(C)(C)N3C2=O)cc1,NA
Input,Dihydroergotamine,0.20799504,InputSig,NA,NA,LINCSCP_50125,PHH,10uM,24h,NA,Serotonin 1d (5-HT1d) receptor agonist (Serotonin 1d,HTR1B|HTR1D,LUZRJRNZXALNLM-JGRZULCMSA-N,"InChI=1S/C33H37N5O5/c1-32(35-29(39)21-15-23-22-10-6-11-24-28(22)20(17-34-24)16-25(23)36(2)18-21)31(41)38-26(14-19-8-4-3-5-9-19)30(40)37-13-7-12-27(37)33(38,42)43-32/h3-6,8-11,17,21,23,25-27,34,42H,7,12-16,18H2,1-2H3,(H,35,39)/t21-,23-,25-,26+,27+,32-,33+/m1/s1",15890,CN1C[C@@H](C[C@H]2[C@H]1Cc3c[nH]c4cccc2c34)C(=O)N[C@]5(C)O[C@@]6(O)[C@@H]7CCCN7C(=O)[C@H](Cc8ccccc8)N6C5=O,4
Input,BRD-K09031632,0.20799307,InputSig,NA,NA,LINCSCP_65571,VCAP,10uM,24h,prostate,NA,NA,HICHWNNNCJDVID-FSDPBTBWSA-N,"InChI=1S/C32H43ClF3N3O7S/c1-21-18-39(22(2)20-40)31(42)27-17-25(37-47(43,44)26-11-8-24(33)9-12-26)10-13-28(27)46-23(3)7-5-6-16-45-29(21)19-38(4)30(41)14-15-32(34,35)36/h8-13,17,21-23,29,37,40H,5-7,14-16,18-20H2,1-4H3/t21-,22-,23-,29+/m0/s1",31930,C[C@@H](CO)N1C[C@H](C)[C@@H](CN(C)C(=O)CCC(F)(F)F)OCCCC[C@H](C)Oc2ccc(NS(=O)(=O)c3ccc(Cl)cc3)cc2C1=O,NA
Input,HMN-214,0.20798646,InputSig,NA,NA,LINCSCP_36829,MCF7,0.5uM,24h,breast,PLK inhibitor,CSF1R|FLT1|FLT3|FLT4|KDR|KIT|PDGFRB|RET,OCKHRKSTDPOHEN-BQYQJAHWSA-N,"InChI=1S/C22H20N2O5S/c1-17(25)24(30(27,28)21-11-9-20(29-2)10-12-21)22-6-4-3-5-19(22)8-7-18-13-15-23(26)16-14-18/h3-16H,1-2H3/b8-7+",23696,COc1ccc(cc1)S(=O)(=O)N(C(=O)C)c2ccccc2\C=C\c3cc[n+]([O-])cc3,NA
Input,apicidin,0.20796477,InputSig,NA,NA,LINCSCP_122981,HT29,3.33uM,24h,large intestine,NA,NA,NA,NA,NA,NA,NA
Input,Oxybutynin,0.20796211,InputSig,NA,NA,LINCSCP_20704,HCC515,10uM,6h,lung,Muscarinic acetylcholine receptor M3 antagonist|Muscarinic acetylcholine receptor M2 antagonist,CHRM1|CHRM2|CHRM3,XIQVNETUBQGFHX-UHFFFAOYSA-N,"InChI=1S/C22H31NO3/c1-3-23(4-2)17-11-12-18-26-21(24)22(25,19-13-7-5-8-14-19)20-15-9-6-10-16-20/h5,7-8,13-14,20,25H,3-4,6,9-10,15-18H2,1-2H3",12135,CCN(CC)CC#CCOC(=O)C(O)(C1CCCCC1)c2ccccc2,4
Input,Clonidine,0.20790679,InputSig,NA,NA,LINCSCP_53853,SNUC4,10uM,6h,large intestine,Adrenergic receptor agonist,ADRA2A|ADRA2B|ADRA2C,GJSURZIOUXUGAL-UHFFFAOYSA-N,"InChI=1S/C9H9Cl2N3/c10-6-2-1-3-7(11)8(6)14-9-12-4-5-13-9/h1-3H,4-5H2,(H2,12,13,14)",1348,Clc1cccc(Cl)c1N=C2NCCN2,4
Input,Propafenone,0.20790659,InputSig,NA,NA,LINCSCP_16924,HA1E,10uM,6h,kidney epithelial,Beta-1 adrenergic receptor antagonist|Beta-2 adrenergic receptor antagonist|Sodium channel alpha subunit blocker,ADRB1|ADRB2|KCNH2|SCN10A|SCN11A|SCN1A|SCN2A|SCN3A|SCN4A|SCN5A|SCN7A|SCN8A|SCN9A,JWHAUXFOSRPERK-UHFFFAOYSA-N,"InChI=1S/C21H27NO3/c1-2-14-22-15-18(23)16-25-21-11-7-6-10-19(21)20(24)13-12-17-8-4-3-5-9-17/h3-11,18,22-23H,2,12-16H2,1H3",15205,CCCNCC(O)COc1ccccc1C(=O)CCc2ccccc2,4
Input,BRD-K19971276,0.20790411,InputSig,NA,NA,LINCSCP_63566,VCAP,5uM,6h,prostate,NA,NA,MTMISLSQWFYTRE-MHTWAQMVSA-N,"InChI=1S/C22H39N3O5/c1-23-6-8-24(9-7-23)22(27)12-19-2-3-20-21(30-19)16-29-15-18(26)14-25(20)13-17-4-10-28-11-5-17/h17-21,26H,2-16H2,1H3/t18-,19+,20-,21+/m1/s1",23897,CN1CCN(CC1)C(=O)C[C@@H]2CC[C@@H]3[C@H](COC[C@H](O)CN3CC4CCOCC4)O2,NA
Input,BRD-K86727142-001-06-6,0.20787051,InputSig,NA,NA,LINCSCP_265505,PC3,10uM,6h,prostate,HCV inhibitor|XIAP inhibitor,XIAP,FNQDSLSOLMXCMU-UHFFFAOYSA-N,"InChI=1S/C17H26O4/c1-2-3-4-5-6-7-8-9-10-11-13-16(20)14(18)12-15(19)17(13)21/h13H,2-12H2,1H3",1244,CCCCCCCCCCCC1C(=O)C(=O)CC(=O)C1=O,NA
Input,BRD-M28080892,0.20784917,InputSig,NA,NA,LINCSCP_309039,VCAP,5uM,6h,prostate,NA,NA,VOGACUDSELLWLB-IVOMFYJKSA-N,"InChI=1S/C24H31N5O4/c1-4-6-15-7-8-18-22-21(23(32)25-10-9-16-11-27(3)14-26-16)17(13-30)19(12-28(18)24(15)33)29(22)20(31)5-2/h4,6-8,11,14,17,19,21-22,30H,5,9-10,12-13H2,1-3H3,(H,25,32)/t17-,19-,21+,22+/m1/s1",34271,CCC(=O)N1[C@@H]2CN3C(=CC=C(C=CC)C3=O)[C@H]1[C@H]([C@@H]2CO)C(=O)NCCc4cn(C)cn4,NA
Input,BRD-K69218883,0.20784406,InputSig,NA,NA,LINCSCP_41064,NEU,10uM,24h,NA,NA,NA,RCIJUMNSSGEJFF-FVJLSDCUSA-N,"InChI=1S/C23H38N4O4/c1-15(2)24-23(30)26(7)13-21-16(3)12-27(17(4)14-28)22(29)11-18-10-19(25(5)6)8-9-20(18)31-21/h8-10,15-17,21,28H,11-14H2,1-7H3,(H,24,30)/t16-,17+,21-/m0/s1",33444,CC(C)NC(=O)N(C)C[C@@H]1Oc2ccc(cc2CC(=O)N(C[C@@H]1C)[C@H](C)CO)N(C)C,NA
Input,Broad-Sai-045,0.20783918,InputSig,NA,NA,LINCSCP_3994,A375,0.37uM,24h,skin,NA,NA,BBHURYMVPMFILR-UHFFFAOYSA-N,"InChI=1S/C20H18N4O2/c1-13(25)23-17-5-2-15(3-6-17)20(26)24-19-12-16(4-7-18(19)21)14-8-10-22-11-9-14/h2-12H,21H2,1H3,(H,23,25)(H,24,26)",26532,CC(=O)Nc1ccc(cc1)C(=O)Nc2cc(ccc2N)c3ccncc3,NA
Input,QX-222,0.20779545,InputSig,NA,NA,LINCSCP_4365,A549,10uM,6h,lung,Sodium channel blocker,NA,QYUXPWDVDMSTKR-UHFFFAOYSA-O,"InChI=1S/C13H20N2O/c1-10-7-6-8-11(2)13(10)14-12(16)9-15(3,4)5/h6-8H,9H2,1-5H3/p+1",13962,Cc1cccc(C)c1NC(=O)C[N+](C)(C)C,NA
Input,7-Nitroindazole,0.20774889,InputSig,NA,NA,LINCSCP_30738,MCF7,80uM,6h,breast,Nitric oxide synthase inhibitor,NA,PQCAUHUKTBHUSA-UHFFFAOYSA-N,"InChI=1S/C7H5N3O2/c11-10(12)6-3-1-2-5-4-8-9-7(5)6/h1-4H,(H,8,9)",18422,[O-][N+](=O)c1cccc2cn[nH]c12,NA
Input,BRD-K38144109,0.20769833,InputSig,NA,NA,LINCSCP_59475,VCAP,10uM,24h,prostate,NA,NA,LCGKYSOTAAWDQI-XJVVAVADSA-N,"InChI=1S/C36H52N4O6/c1-25-22-40(26(2)24-41)35(43)31-21-30(37-34(42)28-14-7-5-8-15-28)18-19-32(31)46-27(3)13-11-12-20-45-33(25)23-39(4)36(44)38-29-16-9-6-10-17-29/h6,9-10,16-19,21,25-28,33,41H,5,7-8,11-15,20,22-24H2,1-4H3,(H,37,42)(H,38,44)/t25-,26+,27+,33+/m1/s1",23382,C[C@@H](CO)N1C[C@@H](C)[C@H](CN(C)C(=O)Nc2ccccc2)OCCCC[C@H](C)Oc3ccc(NC(=O)C4CCCCC4)cc3C1=O,NA
Input,Vidarabine,0.20767448,InputSig,NA,NA,LINCSCP_79152,A375,0.04uM,24h,skin,Human herpesvirus 1 DNA polymerase inhibitor,ADA,OIRDTQYFTABQOQ-UHTZMRCNSA-N,"InChI=1S/C10H13N5O4/c11-8-5-9(13-2-12-8)15(3-14-5)10-7(18)6(17)4(1-16)19-10/h2-4,6-7,10,16-18H,1H2,(H2,11,12,13)/t4-,6-,7+,10-/m1/s1",16413,Nc1ncnc2c1ncn2[C@@H]3O[C@H](CO)[C@@H](O)[C@@H]3O,4
Input,5-(6-Aminopurin-9-yl)-2-methyltetrahydrofuran-3-ol,0.20765916,InputSig,NA,NA,LINCSCP_50704,RKO,10uM,6h,intestine,Adenylyl cyclase inhibitor,NA,FFHPXOJTVQDVMO-UHFFFAOYSA-N,"InChI=1S/C10H13N5O2/c1-5-6(16)2-7(17-5)15-4-14-8-9(11)12-3-13-10(8)15/h3-7,16H,2H2,1H3,(H2,11,12,13)",25159,CC1OC(CC1O)n2cnc3c(N)ncnc23,NA
Input,BRD-K16026651,0.20762562,InputSig,NA,NA,LINCSCP_65778,VCAP,10uM,6h,prostate,NA,NA,GYUGZRURJGTLND-SLYNCCJLSA-N,"InChI=1S/C24H24F2N2O6/c1-28-19-5-4-17(11-22(29)32-2)34-21(19)12-33-20-6-3-16(10-18(20)24(28)31)27-23(30)13-7-14(25)9-15(26)8-13/h3,6-10,17,19,21H,4-5,11-12H2,1-2H3,(H,27,30)/t17-,19+,21-/m1/s1",11992,COC(=O)C[C@H]1CC[C@H]2[C@@H](COc3ccc(NC(=O)c4cc(F)cc(F)c4)cc3C(=O)N2C)O1,NA
Input,BRD-K71448503,0.20757124,InputSig,NA,NA,LINCSCP_49168,PC3,10uM,6h,prostate,NA,NA,CROBQSVNIOLQSN-SEXOINJZSA-N,"InChI=1S/C29H35F2N3O5S/c1-19-16-34(20(2)18-35)40(37,38)28-13-10-22(9-8-21-6-4-5-7-21)14-26(28)39-27(19)17-33(3)29(36)32-25-15-23(30)11-12-24(25)31/h10-15,19-21,27,35H,4-7,16-18H2,1-3H3,(H,32,36)/t19-,20-,27-/m1/s1",25671,C[C@H](CO)N1C[C@@H](C)[C@@H](CN(C)C(=O)Nc2cc(F)ccc2F)Oc3cc(ccc3S1(=O)=O)C#CC4CCCC4,NA
Input,BRD-K21683946,0.20755225,InputSig,NA,NA,LINCSCP_61572,VCAP,5uM,24h,prostate,NA,NA,GTRXSASKUSVSHJ-DKGMKSHISA-N,"InChI=1S/C30H36N2O6S/c1-21-17-32(22(2)19-33)30(34)28-15-8-7-14-27(28)26-13-6-5-10-23(26)20-38-29(21)18-31(3)39(35,36)25-12-9-11-24(16-25)37-4/h5-16,21-22,29,33H,17-20H2,1-4H3/t21-,22+,29+/m0/s1",2385,COc1cccc(c1)S(=O)(=O)N(C)C[C@H]2OCc3ccccc3c4ccccc4C(=O)N(C[C@@H]2C)[C@H](C)CO,NA
Input,BRD-K96113587,0.20752964,InputSig,NA,NA,LINCSCP_185264,A375,5uM,24h,skin,NA,NA,NNCUELMFBOQLAJ-PCCBWWKXSA-N,"InChI=1S/C22H33N3O2/c1-2-12-23-22(27)25-14-19-21(17-10-6-7-11-18(17)25)20(15-26)24(19)13-16-8-4-3-5-9-16/h6-7,10-11,16,19-21,26H,2-5,8-9,12-15H2,1H3,(H,23,27)/t19-,20-,21+/m0/s1",14031,CCCNC(=O)N1C[C@H]2[C@H]([C@H](CO)N2CC3CCCCC3)c4ccccc14,NA
Input,IPRATROPIUM BROMIDE,0.20751324,InputSig,NA,NA,LINCSCP_176258,YAPC,3.33uM,24h,pancreas,NA,NA,OEXHQOGQTVQTAT-QQLIVEQCSA-N,"InChI=1S/C20H30NO3/c1-14(2)21(3)16-9-10-17(21)12-18(11-16)24-20(23)19(13-22)15-7-5-4-6-8-15/h4-8,14,16-19,22H,9-13H2,1-3H3/q+1/t16-,17?,18+,19?,21?/m0/s1",26500,CC(C)[N+]1(C)[C@H]2CCC1C[C@@H](C2)OC(=O)C(CO)c3ccccc3,NA
Input,CHEMBL3084797,0.20750247,InputSig,NA,NA,LINCSCP_4257,A549,10uM,6h,lung,NA,NA,ZBCXDUNUUKRQSV-UHFFFAOYSA-N,"InChI=1S/C31H46N4O3/c1-2-3-4-5-6-7-18-34-31(37)29(35-30(36)27-12-8-25(22-32)9-13-27)21-24-10-14-28(15-11-24)38-23-26-16-19-33-20-17-26/h10-11,14-17,19-20,25,27,29H,2-9,12-13,18,21-23,32H2,1H3,(H,34,37)(H,35,36)",109,CCCCCCCCNC(=O)C(Cc1ccc(OCc2ccncc2)cc1)NC(=O)C3CCC(CN)CC3,NA
Input,QL-XII-47,0.20748951,InputSig,NA,NA,LINCSCP_6732,A549,10uM,6h,lung,BTK inhibitor|Cytoplasmic tyrosine protein kinase BMX inhibitor,BMX|BTK,NA,NA,42720,NA,NA
Input,PCA-4248,0.20746391,InputSig,NA,NA,LINCSCP_134732,MCF7,0.12uM,24h,breast,Platelet activating factor receptor antagonist,PTAFR,DHCNAWNKZMNTIS-UHFFFAOYSA-N,"InChI=1S/C19H23NO4S/c1-12-16(18(21)23-4)13(2)20-14(3)17(12)19(22)24-10-11-25-15-8-6-5-7-9-15/h5-9,12,20H,10-11H2,1-4H3",15210,COC(=O)C1=C(C)NC(=C(C1C)C(=O)OCCSc2ccccc2)C,NA
Input,BRD-K00381581,0.20733649,InputSig,NA,NA,LINCSCP_28193,HT29,10uM,24h,large intestine,NA,NA,DYSXQKGXYVAXRN-HYFFOGBASA-N,"InChI=1S/C23H31F2N3O5S/c1-16(13-28(17(2)15-29)23(30)26-21-8-6-5-7-20(21)25)22(33-4)14-27(3)34(31,32)19-11-9-18(24)10-12-19/h5-12,16-17,22,29H,13-15H2,1-4H3,(H,26,30)/t16-,17+,22-/m1/s1",1115,CO[C@H](CN(C)S(=O)(=O)c1ccc(F)cc1)[C@H](C)CN([C@@H](C)CO)C(=O)Nc2ccccc2F,NA
Input,Sertraline HCl,0.20732361,InputSig,NA,NA,LINCSCP_174384,YAPC,3.33uM,24h,pancreas,NA,NA,VGKDLMBJGBXTGI-YVEFUNNKSA-N,"InChI=1S/C17H17Cl2N/c1-20-17-9-7-12(13-4-2-3-5-14(13)17)11-6-8-15(18)16(19)10-11/h2-6,8,10,12,17,20H,7,9H2,1H3/t12-,17+/m0/s1",27179,CN[C@@H]1CC[C@@H](c2ccc(Cl)c(Cl)c2)c3ccccc13,NA
Input,BRD-K76138094,0.20731969,InputSig,NA,NA,LINCSCP_64442,VCAP,5uM,6h,prostate,NA,NA,HTMJKWITGYZJOG-XUJKJYMVSA-N,"InChI=1S/C26H39N3O6S2/c1-18-16-29(19(2)17-30)26(31)22-14-21(28-37(32,33)25-9-7-13-36-25)10-11-23(22)35-20(3)8-5-6-12-34-24(18)15-27-4/h7,9-11,13-14,18-20,24,27-28,30H,5-6,8,12,15-17H2,1-4H3/t18-,19+,20+,24+/m1/s1",33625,CNC[C@@H]1OCCCC[C@H](C)Oc2ccc(NS(=O)(=O)c3cccs3)cc2C(=O)N(C[C@H]1C)[C@@H](C)CO,NA
Input,AC1MGPVN,0.20728204,InputSig,NA,NA,LINCSCP_203524,ASC,10uM,24h,adipose,NA,NA,MNQANISLFLTXTK-UHFFFAOYSA-N,"InChI=1S/C22H22FN5OS/c23-17-6-7-19-18(14-17)20-21(28(19)15-16-4-2-1-3-5-16)24-22(26-25-20)30-13-10-27-8-11-29-12-9-27/h1-7,14H,8-13,15H2",36288,Fc1ccc2c(c1)c3nnc(SCCN4CCOCC4)nc3n2Cc5ccccc5,NA
Input,RO-281675,0.20720467,InputSig,NA,NA,LINCSCP_30773,MCF7,100uM,6h,breast,Glucokinase activator,GCK,NEQSWPCDHDQINX-MRXNPFEDSA-N,"InChI=1S/C18H22N2O3S2/c1-25(22,23)15-8-6-14(7-9-15)16(12-13-4-2-3-5-13)17(21)20-18-19-10-11-24-18/h6-11,13,16H,2-5,12H2,1H3,(H,19,20,21)/t16-/m1/s1",36688,CS(=O)(=O)c1ccc(cc1)[C@@H](CC2CCCC2)C(=O)Nc3nccs3,NA
Input,LY288513,0.20719118,InputSig,NA,NA,LINCSCP_7030,A549,10uM,24h,lung,CCK receptor antagonist,CCKBR,LMUQHXHWJWQXSD-PMACEKPBSA-N,"InChI=1S/C22H18BrN3O2/c23-17-11-13-18(14-12-17)24-22(28)26-20(16-9-5-2-6-10-16)19(21(27)25-26)15-7-3-1-4-8-15/h1-14,19-20H,(H,24,28)(H,25,27)/t19-,20-/m0/s1",35623,Brc1ccc(NC(=O)N2NC(=O)[C@H]([C@@H]2c3ccccc3)c4ccccc4)cc1,NA
Input,SSR 69071,0.20711696,InputSig,NA,NA,LINCSCP_7728,A549,10uM,6h,lung,Leukocyte elastase inhibitor,ELANE,DRZXDZYWZSKFDL-UHFFFAOYSA-N,"InChI=1S/C27H32N4O7S/c1-18(2)20-14-19(36-3)15-22-25(20)27(33)31(39(22,34)35)17-38-23-16-24(32)30-11-7-8-21(26(30)28-23)37-13-12-29-9-5-4-6-10-29/h7-8,11,14-16,18H,4-6,9-10,12-13,17H2,1-3H3",15895,COc1cc(C(C)C)c2C(=O)N(COC3=CC(=O)N4C=CC=C(OCCN5CCCCC5)C4=N3)S(=O)(=O)c2c1,NA
Input,BRD-K31315646,0.20711182,InputSig,NA,NA,LINCSCP_253905,MCF7,1uM,24h,breast,NA,NA,PLFJTCJSGHSPAZ-XZSZPMDUSA-N,"InChI=1S/C33H54N4O6/c1-22(2)34-33(41)36(6)20-30-23(3)19-37(24(4)21-38)32(40)28-18-27(35-31(39)26-13-8-7-9-14-26)15-16-29(28)43-25(5)12-10-11-17-42-30/h15-16,18,22-26,30,38H,7-14,17,19-21H2,1-6H3,(H,34,41)(H,35,39)/t23-,24-,25-,30-/m0/s1",5023,CC(C)NC(=O)N(C)C[C@@H]1OCCCC[C@H](C)Oc2ccc(NC(=O)C3CCCCC3)cc2C(=O)N(C[C@@H]1C)[C@@H](C)CO,NA
Input,KUC103424N,0.20705674,InputSig,NA,NA,LINCSCP_238280,MCF7,10uM,24h,breast,NA,NA,SEFPMDWDYXOHAS-UHFFFAOYSA-N,"InChI=1S/C22H21N3O2S/c1-16-6-5-9-18(14-16)22-15-21(17-7-3-2-4-8-17)24-25(22)19-10-12-20(13-11-19)28(23,26)27/h2-14,22H,15H2,1H3,(H2,23,26,27)",35440,Cc1cccc(c1)C2CC(=NN2c3ccc(cc3)S(=O)(=O)N)c4ccccc4,NA
Input,BRD-K55482336,0.2070451,InputSig,NA,NA,LINCSCP_60395,VCAP,5uM,24h,prostate,NA,NA,RXPBILAYEMNMFE-WZOHSFFVSA-N,"InChI=1S/C27H34FN3O3/c1-5-6-7-10-21-13-23-26(29-14-21)34-25(19(2)15-31(27(23)33)20(3)18-32)17-30(4)16-22-11-8-9-12-24(22)28/h8-9,11-14,19-20,25,32H,5-6,15-18H2,1-4H3/t19-,20+,25+/m0/s1",22707,CCCC#Cc1cnc2O[C@H](CN(C)Cc3ccccc3F)[C@@H](C)CN([C@H](C)CO)C(=O)c2c1,NA
Input,BRD-K27918075,0.20699408,InputSig,NA,NA,LINCSCP_60158,VCAP,5uM,24h,prostate,NA,NA,YNLPQPKWJFYZTR-CBGDNZLLSA-N,"InChI=1S/C23H31N3O5S/c1-15-6-8-18(9-7-15)19-10-20-22(24-11-19)31-21(13-25(4)32(5,29)30)16(2)12-26(23(20)28)17(3)14-27/h6-11,16-17,21,27H,12-14H2,1-5H3/t16-,17-,21-/m1/s1",22557,C[C@H](CO)N1C[C@@H](C)[C@@H](CN(C)S(=O)(=O)C)Oc2ncc(cc2C1=O)c3ccc(C)cc3,NA
Input,BRD-K43848904,0.20697475,InputSig,NA,NA,LINCSCP_64771,VCAP,10uM,6h,prostate,NA,NA,FMAAXSCNYRSPNB-YPCDYVTLSA-N,"InChI=1S/C27H36FN3O4S/c1-20-16-31(21(2)19-32)36(33,34)27-13-12-22(9-8-14-29(3)4)15-25(27)35-26(20)18-30(5)17-23-10-6-7-11-24(23)28/h6-7,10-13,15,20-21,26,32H,14,16-19H2,1-5H3/t20-,21-,26+/m1/s1",12736,C[C@H](CO)N1C[C@@H](C)[C@H](CN(C)Cc2ccccc2F)Oc3cc(ccc3S1(=O)=O)C#CCN(C)C,NA
Input,BRD-K15146741,0.20694673,InputSig,NA,NA,LINCSCP_59636,VCAP,5uM,24h,prostate,NA,NA,ZUUUVKJMPUIRPC-IWHLBADBSA-N,"InChI=1S/C30H43N5O5/c1-22-18-35(23(2)21-36)30(38)17-25-16-26(32-29(37)8-11-34-12-14-39-15-13-34)4-5-27(25)40-28(22)20-33(3)19-24-6-9-31-10-7-24/h4-7,9-10,16,22-23,28,36H,8,11-15,17-21H2,1-3H3,(H,32,37)/t22-,23+,28+/m1/s1",32057,C[C@@H](CO)N1C[C@@H](C)[C@H](CN(C)Cc2ccncc2)Oc3ccc(NC(=O)CCN4CCOCC4)cc3CC1=O,NA
Input,88495-63-0,0.20694179,InputSig,NA,NA,LINCSCP_1933,A375,10uM,6h,skin,DNA synthesis inhibitor,NA,FIHJKUPKCHIPAT-NKHDUEHSSA-N,"InChI=1S/C19H28O8/c1-10-4-5-13-11(2)16(23-15(22)7-6-14(20)21)24-17-19(13)12(10)8-9-18(3,25-17)26-27-19/h10-13,16-17H,4-9H2,1-3H3,(H,20,21)/t10-,11-,12+,13+,16+,17-,18-,19-/m1/s1",5695,C[C@@H]1CC[C@H]2[C@@H](C)[C@@H](OC(=O)CCC(=O)O)O[C@@H]3O[C@@]4(C)CC[C@@H]1[C@@]23OO4,NA
Input,BRD-K14408783,0.20691311,InputSig,NA,NA,LINCSCP_60352,VCAP,5uM,24h,prostate,NA,NA,BANHLTBDTXCVOB-FXTDCYOPSA-N,"InChI=1S/C29H39N3O6S/c1-22-18-32(23(2)21-33)39(35,36)28-12-11-25(10-9-24-7-5-4-6-8-24)17-26(28)38-27(22)19-30(3)29(34)20-31-13-15-37-16-14-31/h4-12,17,22-23,27,33H,13-16,18-21H2,1-3H3/b10-9+/t22-,23+,27+/m0/s1",25785,C[C@H](CO)N1C[C@H](C)[C@@H](CN(C)C(=O)CN2CCOCC2)Oc3cc(\C=C\c4ccccc4)ccc3S1(=O)=O,NA
Input,BRD-K63880531,0.20691004,InputSig,NA,NA,LINCSCP_64424,VCAP,5uM,6h,prostate,NA,NA,LFSFSXVVLAKPPY-IXTDCBFRSA-N,"InChI=1S/C35H44N4O6/c1-24-21-39(25(2)23-40)35(43)30-20-29(37-33(41)27-11-6-5-7-12-27)13-14-31(30)45-26(3)10-8-9-19-44-32(24)22-38(4)34(42)28-15-17-36-18-16-28/h5-7,11-18,20,24-26,32,40H,8-10,19,21-23H2,1-4H3,(H,37,41)/t24-,25+,26-,32+/m1/s1",13220,C[C@@H](CO)N1C[C@@H](C)[C@H](CN(C)C(=O)c2ccncc2)OCCCC[C@@H](C)Oc3ccc(NC(=O)c4ccccc4)cc3C1=O,NA
Input,BRD-K30611309,0.20688727,InputSig,NA,NA,LINCSCP_64646,VCAP,10uM,24h,prostate,NA,NA,BBRSVMSGZNDGOR-XSWJXKHESA-N,"InChI=1S/C19H28N2O5S/c1-13-11-21(14(2)12-22)27(24,25)19-8-7-16(6-5-15(3)23)9-17(19)26-18(13)10-20-4/h7-9,13-15,18,20,22-23H,10-12H2,1-4H3/t13-,14-,15-,18-/m0/s1",12361,CNC[C@@H]1Oc2cc(ccc2S(=O)(=O)N(C[C@@H]1C)[C@@H](C)CO)C#C[C@H](C)O,NA
Input,MLS-0315771.0002,0.20687926,InputSig,NA,NA,LINCSCP_295281,VCAP,10uM,24h,prostate,Mannose-6-phosphate isomerate inhibitor,NA,GRGDWLDSVPJEJU-UHFFFAOYSA-N,"InChI=1S/C15H12FNOS/c1-9-3-4-10(2)13(7-9)17-15(18)12-6-5-11(16)8-14(12)19-17/h3-8H,1-2H3",18395,Cc1ccc(C)c(c1)N2Sc3cc(F)ccc3C2=O,NA
Input,L-733060,0.20686849,InputSig,NA,NA,LINCSCP_55640,VCAP,10uM,24h,prostate,Tachykinin antagonist,TACR1,FCDRFVCGMLUYPG-ROUUACIJSA-N,"InChI=1S/C20H19F6NO/c21-19(22,23)15-9-13(10-16(11-15)20(24,25)26)12-28-17-7-4-8-27-18(17)14-5-2-1-3-6-14/h1-3,5-6,9-11,17-18,27H,4,7-8,12H2/t17-,18-/m0/s1",15447,FC(F)(F)c1cc(CO[C@H]2CCCN[C@H]2c3ccccc3)cc(c1)C(F)(F)F,NA
Input,Sotalol,0.2068302,InputSig,NA,NA,LINCSCP_58066,VCAP,10uM,24h,prostate,Adrenergic receptor antagonist,ADRB1|ADRB2|KCNH2,ZBMZVLHSJCTVON-UHFFFAOYSA-N,"InChI=1S/C12H20N2O3S/c1-9(2)13-8-12(15)10-4-6-11(7-5-10)14-18(3,16)17/h4-7,9,12-15H,8H2,1-3H3",17489,CC(C)NCC(O)c1ccc(NS(=O)(=O)C)cc1,4
Input,CHEMDIV3_005068,0.20679917,InputSig,NA,NA,LINCSCP_16884,HA1E,10uM,6h,kidney epithelial,NA,NA,GZBUZCUHQUUESZ-DARPEHSRSA-N,"InChI=1S/C23H19NO4/c1-26-18-8-3-15(4-9-18)23-14-21(20-13-17(25)7-12-22(20)28-23)24-16-5-10-19(27-2)11-6-16/h3-14,25H,1-2H3/b24-21+",25500,COc1ccc(cc1)N=C2C=C(Oc3ccc(O)cc23)c4ccc(OC)cc4,NA
Input,GW3965,0.20679888,InputSig,NA,NA,LINCSCP_52500,SKB,10uM,24h,NA,ABC transporter expression enhancer|LXR agonist,NR1H2|NR1H3,NAXSRXHZFIBFMI-UHFFFAOYSA-N,"InChI=1S/C33H31ClF3NO3/c34-32-27(15-8-17-30(32)33(35,36)37)22-38(18-9-19-41-28-16-7-10-24(20-28)21-31(39)40)23-29(25-11-3-1-4-12-25)26-13-5-2-6-14-26/h1-8,10-17,20,29H,9,18-19,21-23H2,(H,39,40)",35681,OC(=O)Cc1cccc(OCCCN(CC(c2ccccc2)c3ccccc3)Cc4cccc(c4Cl)C(F)(F)F)c1,NA
Input,AC1NDE46,0.20678581,InputSig,NA,NA,LINCSCP_17875,HCC515,10uM,24h,lung,Endothelin receptor antagonist,EDNRB,UZDORQWMYRRLQV-UHFFFAOYSA-N,"InChI=1S/C36H35N3O4/c1-23-17-24(2)19-28(18-23)35(41)39(3)33(20-25-13-15-27(16-14-25)26-9-5-4-6-10-26)34(40)38-32(36(42)43)21-29-22-37-31-12-8-7-11-30(29)31/h4-19,22,32-33,37H,20-21H2,1-3H3,(H,38,40)(H,42,43)",409,CN(C(Cc1ccc(cc1)c2ccccc2)C(=O)NC(Cc3c[nH]c4ccccc34)C(=O)O)C(=O)c5cc(C)cc(C)c5,NA
Input,BRD-K05111274,0.20671672,InputSig,NA,NA,LINCSCP_60132,VCAP,5uM,24h,prostate,NA,NA,HVXCQDGXUZNQFT-IECBHUPTSA-N,"InChI=1S/C27H34FN3O4/c1-18-14-31(19(2)17-32)26(33)23-12-20(9-10-27(3,4)34)13-29-25(23)35-24(18)16-30(5)15-21-7-6-8-22(28)11-21/h6-8,11-13,18-19,24,32,34H,14-17H2,1-5H3/t18-,19-,24+/m1/s1",22371,C[C@H](CO)N1C[C@@H](C)[C@H](CN(C)Cc2cccc(F)c2)Oc3ncc(cc3C1=O)C#CC(C)(C)O,NA
Input,Piretanide,0.20663032,InputSig,NA,NA,LINCSCP_33261,MCF7,10uM,6h,breast,Glucocorticoid receptor agonist,SLC12A1|SLC12A2,UJEWTUDSLQGTOA-UHFFFAOYSA-N,"InChI=1S/C17H18N2O5S/c18-25(22,23)15-11-12(17(20)21)10-14(19-8-4-5-9-19)16(15)24-13-6-2-1-3-7-13/h1-3,6-7,10-11H,4-5,8-9H2,(H,20,21)(H2,18,22,23)",16011,NS(=O)(=O)c1cc(cc(N2CCCC2)c1Oc3ccccc3)C(=O)O,4
Input,BRD-K45230579,0.20659943,InputSig,NA,NA,LINCSCP_41056,NEU,10uM,24h,NA,NA,NA,ANPNCKARMDTJMY-XKCSPQBFSA-N,"InChI=1S/C26H31N3O6/c1-15-9-16(2)11-18(10-15)28-26(32)27-17-5-8-22-20(12-17)25(31)29(3)21-7-6-19(13-24(30)33-4)35-23(21)14-34-22/h5,8-12,19,21,23H,6-7,13-14H2,1-4H3,(H2,27,28,32)/t19-,21+,23+/m0/s1",24700,COC(=O)C[C@@H]1CC[C@@H]2[C@@H](COc3ccc(NC(=O)Nc4cc(C)cc(C)c4)cc3C(=O)N2C)O1,NA
Input,Treprostinil,0.20658177,InputSig,NA,NA,LINCSCP_49825,PHH,10uM,24h,NA,Prostacyclin analog,PTGIR,OLMBOBKKGZYZNU-OYQUQHOHSA-N,"InChI=1S/C22H34O2/c1-3-4-5-9-18(23)10-11-19-21-12-16-8-6-7-15(2)20(16)13-17(21)14-22(19)24/h6-8,17-19,21-24H,3-5,9-14H2,1-2H3/t17?,18-,19+,21?,22+/m0/s1",23207,CCCCC[C@H](O)CC[C@H]1[C@H](O)CC2Cc3c(C)cccc3CC12,NA
Input,Procarbazine,0.20655349,InputSig,NA,NA,LINCSCP_208689,HA1E,10uM,24h,kidney epithelial,Monoamine oxidase inhibitor,NA,CPTBDICYNRMXFX-UHFFFAOYSA-N,"InChI=1S/C12H19N3O/c1-9(2)15-12(16)11-6-4-10(5-7-11)8-14-13-3/h4-7,9,13-14H,8H2,1-3H3,(H,15,16)",13618,CNNCc1ccc(cc1)C(=O)NC(C)C,4
Input,EDOXUDINE,0.20652847,InputSig,NA,NA,LINCSCP_141442,MCF7,0.04uM,24h,breast,NA,NA,XACKNLSZYYIACO-DJLDLDEBSA-N,"InChI=1S/C11H16N2O5/c1-2-6-4-13(11(17)12-10(6)16)9-3-7(15)8(5-14)18-9/h4,7-9,14-15H,2-3,5H2,1H3,(H,12,16,17)/t7-,8+,9+/m0/s1",27011,CCC1=CN([C@H]2C[C@H](O)[C@@H](CO)O2)C(=O)NC1=O,NA
Input,CHEMBL2356468,0.2065226,InputSig,NA,NA,LINCSCP_32330,MCF7,10uM,6h,breast,NA,NA,NILCQTKEVAIMRT-NWWIOOOSSA-N,"InChI=1S/C36H59N3O5/c1-26-22-39(27(2)25-40)36(42)32-21-31(37-35(41)30-16-9-6-10-17-30)18-19-33(32)44-28(3)13-11-12-20-43-34(26)24-38(4)23-29-14-7-5-8-15-29/h18-19,21,26-30,34,40H,5-17,20,22-25H2,1-4H3,(H,37,41)/t26-,27-,28-,34-/m0/s1",40143,C[C@@H](CO)N1C[C@H](C)[C@H](CN(C)CC2CCCCC2)OCCCC[C@H](C)Oc3ccc(NC(=O)C4CCCCC4)cc3C1=O,NA
Input,QL47,0.20647982,InputSig,NA,NA,LINCSCP_145959,MDAMB231,1.11uM,3h,NA,BTK inhibitor|Cytoplasmic tyrosine protein kinase BMX inhibitor,BMX|BTK,RTRNJQOBEOISFQ-UHFFFAOYSA-N,"InChI=1S/C27H21N5O2/c1-3-25(33)31-11-10-17-4-7-21(13-24(17)31)32-26(34)9-6-19-14-28-23-8-5-18(12-22(23)27(19)32)20-15-29-30(2)16-20/h3-9,12-16H,1,10-11H2,2H3",25645,Cn1cc(cn1)c2ccc3ncc4C=CC(=O)N(c5ccc6CCN(C(=O)C=C)c6c5)c4c3c2,NA
Input,MLS001060803,0.20647613,InputSig,NA,NA,LINCSCP_31698,MCF7,10uM,6h,breast,NA,NA,RDRSHCINRMBIOP-UHFFFAOYSA-N,"InChI=1S/C23H23F2NO3/c1-26-13-20(27)18-12-19(24)22(28-14-16-8-4-2-5-9-16)23(21(18)25)29-15-17-10-6-3-7-11-17/h2-12,20,26-27H,13-15H2,1H3",28068,CNCC(O)c1cc(F)c(OCc2ccccc2)c(OCc3ccccc3)c1F,NA
Input,BRD-K96552587,0.20646573,InputSig,NA,NA,LINCSCP_28110,HT29,5uM,24h,large intestine,NA,NA,OUKAGPBTRJAGIF-CMKODMSKSA-N,"InChI=1S/C20H19N3O2/c21-9-13-1-3-14(4-2-13)15-5-7-16(8-6-15)20-17-10-22-11-19(25)23(17)18(20)12-24/h1-8,17-18,20,22,24H,10-12H2/t17-,18-,20+/m0/s1",14041,OC[C@H]1[C@@H]([C@@H]2CNCC(=O)N12)c3ccc(cc3)c4ccc(cc4)C#N,NA
Input,SB-218078,0.20641168,InputSig,NA,NA,LINCSCP_6992,A549,10uM,24h,lung,CHK inhibitor,CHEK1,OTPNDVKVEAIXTI-UHFFFAOYSA-N,"InChI=1S/C24H15N3O3/c28-23-19-17-11-5-1-3-7-13(11)26-15-9-10-16(30-15)27-14-8-4-2-6-12(14)18(22(27)21(17)26)20(19)24(29)25-23/h1-8,15-16H,9-10H2,(H,25,28,29)",35312,O=C1NC(=O)c2c1c3c4ccccc4n5C6CCC(O6)n7c8ccccc8c2c7c35,NA
Input,Androstenol,0.20641165,InputSig,NA,NA,LINCSCP_58857,VCAP,10uM,24h,prostate,GABA receptor modulator,NR1I3,KRVXMNNRSSQZJP-PHFHYRSDSA-N,"InChI=1S/C19H30O/c1-18-9-3-4-16(18)15-6-5-13-12-14(20)7-11-19(13,2)17(15)8-10-18/h3,9,13-17,20H,4-8,10-12H2,1-2H3/t13-,14+,15-,16-,17-,18-,19-/m0/s1",38755,C[C@]12CC[C@H]3[C@@H](CC[C@H]4C[C@H](O)CC[C@]34C)[C@@H]1CC=C2,NA
Input,Arbutin,0.20640464,InputSig,NA,NA,LINCSCP_90782,HA1E,10uM,24h,kidney epithelial,Melanin inhibitor,TYR,BJRNKVDFDLYUGJ-RMPHRYRLSA-N,"InChI=1S/C12H16O7/c13-5-8-9(15)10(16)11(17)12(19-8)18-7-3-1-6(14)2-4-7/h1-4,8-17H,5H2/t8-,9-,10+,11-,12-/m1/s1",36405,OC[C@H]1O[C@@H](Oc2ccc(O)cc2)[C@H](O)[C@@H](O)[C@@H]1O,NA
Input,WZ 3146,0.20639914,InputSig,NA,NA,LINCSCP_49970,PHH,10uM,24h,NA,EGFR inhibitor,EGFR,APHGZZPEOCCYNO-UHFFFAOYSA-N,"InChI=1S/C24H25ClN6O2/c1-3-22(32)27-18-5-4-6-20(15-18)33-23-21(25)16-26-24(29-23)28-17-7-9-19(10-8-17)31-13-11-30(2)12-14-31/h3-10,15-16H,1,11-14H2,2H3,(H,27,32)(H,26,28,29)",16417,CN1CCN(CC1)c2ccc(Nc3ncc(Cl)c(Oc4cccc(NC(=O)C=C)c4)n3)cc2,NA
Input,SMR000075623,0.20635063,InputSig,NA,NA,LINCSCP_211428,HA1E,10uM,6h,kidney epithelial,NA,NA,OYAORDJKGQUPNL-UHFFFAOYSA-N,"InChI=1S/C14H12ClN3O4S/c1-21-12-8-14(13(22-2)7-9(12)15)23(19,20)18-11-6-4-3-5-10(11)16-17-18/h3-8H,1-2H3",16173,COc1cc(c(OC)cc1Cl)S(=O)(=O)n2nnc3ccccc23,NA
Input,BRD-K30229575,0.20633547,InputSig,NA,NA,LINCSCP_48364,PC3,5uM,24h,prostate,NA,NA,SKQWQCBKHSETNS-MHZLTWQESA-N,"InChI=1S/C31H40N4O6/c1-32-26-14-22(38-2)5-6-25(26)29-30(32)27(17-36)34(15-21-11-23(39-3)13-24(12-21)40-4)18-31(29)19-35(20-31)28(37)16-33-7-9-41-10-8-33/h5-6,11-14,27,36H,7-10,15-20H2,1-4H3/t27-/m0/s1",32471,COc1ccc2c3c([C@H](CO)N(Cc4cc(OC)cc(OC)c4)CC35CN(C5)C(=O)CN6CCOCC6)n(C)c2c1,NA
Input,BRD-K20537503,0.20630582,InputSig,NA,NA,LINCSCP_231970,HT29,5uM,24h,large intestine,NA,NA,PXYBFBFRDGPFAL-NRFANRHFSA-N,"InChI=1S/C26H31N3O6S/c1-4-36(31,32)29-14-26(15-29)13-28(11-17-5-8-22-23(9-17)35-16-34-22)21(12-30)25-24(26)19-7-6-18(33-3)10-20(19)27(25)2/h5-10,21,30H,4,11-16H2,1-3H3/t21-/m0/s1",32214,CCS(=O)(=O)N1CC2(CN(Cc3ccc4OCOc4c3)[C@@H](CO)c5c2c6ccc(OC)cc6n5C)C1,NA
Input,BRD-K59341874,0.20629776,InputSig,NA,NA,LINCSCP_250016,MCF7,10uM,24h,breast,NA,NA,KVDPTJOHHVUPNF-WAOWUJCRSA-N,"InChI=1S/C21H24N2O4/c1-27-13-20(26)22-10-17-21(18(12-24)23(17)19(25)11-22)16-8-6-15(7-9-16)5-4-14-2-3-14/h6-9,14,17-18,21,24H,2-3,10-13H2,1H3/t17-,18+,21+/m0/s1",33203,COCC(=O)N1C[C@H]2[C@H]([C@@H](CO)N2C(=O)C1)c3ccc(cc3)C#CC4CC4,NA
Input,Broad-Sai-296,0.20626277,InputSig,NA,NA,LINCSCP_35413,MCF7,0.5uM,24h,breast,NA,NA,HRMBUIZWNJTBSE-UHFFFAOYSA-N,"InChI=1S/C16H17N3O2/c1-10-3-8-15(14(17)9-10)19-16(21)12-4-6-13(7-5-12)18-11(2)20/h3-9H,17H2,1-2H3,(H,18,20)(H,19,21)",26520,CC(=O)Nc1ccc(cc1)C(=O)Nc2ccc(C)cc2N,NA
Input,AZD-1775,0.20625272,InputSig,NA,NA,LINCSCP_112272,HEPG2,0.04uM,24h,liver,WEE1 kinase inhibitor,WEE1,BKWJAKQVGHWELA-UHFFFAOYSA-N,"InChI=1S/C27H32N8O2/c1-5-13-34-25(36)21-18-28-26(29-19-9-11-20(12-10-19)33-16-14-32(4)15-17-33)31-24(21)35(34)23-8-6-7-22(30-23)27(2,3)37/h5-12,18,37H,1,13-17H2,2-4H3,(H,28,29,31)",15142,CN1CCN(CC1)c2ccc(Nc3ncc4C(=O)N(CC=C)N(c5cccc(n5)C(C)(C)O)c4n3)cc2,2
Input,CHEMBL212197,0.20624391,InputSig,NA,NA,LINCSCP_56213,VCAP,10uM,24h,prostate,Serotonin receptor agonist,HTR2A,MPBCKKVERDTCEL-UHFFFAOYSA-N,"InChI=1S/C11H14BrNO2/c1-14-9-4-8(12)11(15-2)7-3-6(5-13)10(7)9/h4,6H,3,5,13H2,1-2H3",15189,COc1cc(Br)c(OC)c2CC(CN)c12,NA
Input,IC-87114,0.20612724,InputSig,NA,NA,LINCSCP_296118,VCAP,10uM,24h,prostate,PI3K inhibitor,PIK3CD,GNWHRHGTIBRNSM-UHFFFAOYSA-N,"InChI=1S/C22H19N7O/c1-13-6-3-4-9-16(13)29-17(27-15-8-5-7-14(2)18(15)22(29)30)10-28-12-26-19-20(23)24-11-25-21(19)28/h3-9,11-12H,10H2,1-2H3,(H2,23,24,25)",36531,Cc1ccccc1N2C(=Nc3cccc(C)c3C2=O)Cn4cnc5c(N)ncnc45,NA
Input,Evodiamine,0.20602726,InputSig,NA,NA,LINCSCP_30437,MCF7,10uM,24h,breast,ATPase inhibitor|TRPV agonist,TRPV1,TXDUTHBFYKGSAH-UHFFFAOYSA-N,"InChI=1S/C19H17N3O/c1-21-16-9-5-3-7-14(16)19(23)22-11-10-13-12-6-2-4-8-15(12)20-17(13)18(21)22/h2-9,18,20H,10-11H2,1H3",36720,CN1C2N(CCc3c2[nH]c4ccccc34)C(=O)c5ccccc15,NA
Input,BRD-K91892860,0.2059771,InputSig,NA,NA,LINCSCP_63952,VCAP,5uM,6h,prostate,NA,NA,DIVLOMPALFPCBT-BEKAIBRUSA-N,"InChI=1S/C21H25N3O5S/c1-13-6-4-7-14(10-13)30(28,29)24-17-11-23-16(8-5-9-18(23)26)20(24)19(15(17)12-25)21(27)22(2)3/h4-10,15,17,19-20,25H,11-12H2,1-3H3/t15-,17-,19+,20+/m1/s1",8643,CN(C)C(=O)[C@H]1[C@H](CO)[C@H]2CN3C(=O)C=CC=C3[C@@H]1N2S(=O)(=O)c4cccc(C)c4,NA
Input,NS-3694,0.20586954,InputSig,NA,NA,LINCSCP_4351,A549,10uM,6h,lung,Glutamate receptor antagonist,CASP9,GNCZTZCPXFDPLI-UHFFFAOYSA-N,"InChI=1S/C15H10ClF3N2O3/c16-9-4-5-11(13(22)23)12(7-9)21-14(24)20-10-3-1-2-8(6-10)15(17,18)19/h1-7H,(H,22,23)(H2,20,21,24)",3330,OC(=O)c1ccc(Cl)cc1NC(=O)Nc2cccc(c2)C(F)(F)F,NA
Input,BMY-7378,0.20585115,InputSig,NA,NA,LINCSCP_22746,HEPG2,10uM,6h,liver,Adrenergic receptor antagonist|Serotonin receptor antagonist,ADRA1A|ADRA1B|ADRA1D|HTR1A,AYYCFGDXLUPJAQ-UHFFFAOYSA-N,"InChI=1S/C22H31N3O3/c1-28-19-7-3-2-6-18(19)24-13-10-23(11-14-24)12-15-25-20(26)16-22(17-21(25)27)8-4-5-9-22/h2-3,6-7H,4-5,8-17H2,1H3",38283,COc1ccccc1N2CCN(CCN3C(=O)CC4(CCCC4)CC3=O)CC2,NA
Input,149759-96-6,0.20584713,InputSig,NA,NA,LINCSCP_41269,NEU,10uM,6h,NA,Farnesyltransferase inhibitor,NA,QISLMXIYRQCLIR-FUMNGEBKSA-N,"InChI=1S/C22H38N4O3S2/c1-15(2)20(24-12-17(23)14-30)13-25-19(11-16-7-5-4-6-8-16)21(27)26-18(22(28)29)9-10-31-3/h4-8,15,17-20,24-25,30H,9-14,23H2,1-3H3,(H,26,27)(H,28,29)/t17-,18+,19+,20-/m1/s1",38131,CSCC[C@H](NC(=O)[C@H](Cc1ccccc1)NC[C@@H](NC[C@@H](N)CS)C(C)C)C(=O)O,NA
Input,AC1L1KV5,0.20584092,InputSig,NA,NA,LINCSCP_33165,MCF7,10uM,6h,breast,Microtubule inhibitor|Tubulin inhibitor,TUBB,SLIRURSWQCRWFG-UHFFFAOYSA-N,"InChI=1S/C46H58N4O9/c1-8-42(54)23-27-24-45(40(52)58-6,36-29(15-19-49(25-27)26-42)28-13-10-11-14-32(28)47-36)31-21-30-33(22-34(31)56-4)48(3)39-44(30)17-20-50-18-12-16-43(9-2,38(44)50)35(37(51)57-5)46(39,55)41(53)59-7/h10-14,16,21-22,27,35,38-39,47,54-55H,8-9,15,17-20,23-26H2,1-7H3",23025,CCC1(O)CC2CN(CCc3c([nH]c4ccccc34)C(C2)(C(=O)OC)c5cc6c(cc5OC)N(C)C7C(O)(C(C(=O)OC)C8(CC)C=CCN9CCC67C89)C(=O)OC)C1,NA
Input,BRD-K75034919,0.20582479,InputSig,NA,NA,LINCSCP_185212,A375,5uM,24h,skin,NA,NA,QJDNWBNBGNMAFV-HBFSDRIKSA-N,"InChI=1S/C21H23N3O4/c1-13(26)24-17-11-23(21(27)22-15-8-4-6-10-19(15)28-2)16-9-5-3-7-14(16)20(17)18(24)12-25/h3-10,17-18,20,25H,11-12H2,1-2H3,(H,22,27)/t17-,18+,20+/m1/s1",33593,COc1ccccc1NC(=O)N2C[C@@H]3[C@@H]([C@H](CO)N3C(=O)C)c4ccccc24,NA
Input,4-[(5-Bromoquinolin-8-yl)amino]-4-oxobutanoic acid,0.20577055,InputSig,NA,NA,LINCSCP_2007,A375,10uM,6h,skin,NA,NA,KMHQKWLYTLTVQO-UHFFFAOYSA-N,"InChI=1S/C13H11BrN2O3/c14-9-3-4-10(13-8(9)2-1-7-15-13)16-11(17)5-6-12(18)19/h1-4,7H,5-6H2,(H,16,17)(H,18,19)",22069,OC(=O)CCC(=O)Nc1ccc(Br)c2cccnc12,NA
Input,Necrostatin,0.20576019,InputSig,NA,NA,LINCSCP_4660,A549,100uM,6h,lung,RIPK inhibitor,RIPK1,TXUWMXQFNYDOEZ-UHFFFAOYSA-N,"InChI=1S/C13H13N3OS/c1-16-12(17)11(15-13(16)18)6-8-7-14-10-5-3-2-4-9(8)10/h2-5,7,11,14H,6H2,1H3,(H,15,18)",35366,CN1C(=S)NC(Cc2c[nH]c3ccccc23)C1=O,NA
Input,BRD-K61649900,0.20569802,InputSig,NA,NA,LINCSCP_302628,VCAP,5uM,24h,prostate,NA,NA,BHRCWANBCSKYFS-RDBSUJKOSA-N,"InChI=1S/C16H26N2O5/c1-22-11-15(20)17-13-6-5-12(23-14(13)10-19)9-16(21)18-7-3-2-4-8-18/h5-6,12-14,19H,2-4,7-11H2,1H3,(H,17,20)/t12-,13+,14+/m1/s1",24831,COCC(=O)N[C@H]1C=C[C@H](CC(=O)N2CCCCC2)O[C@H]1CO,NA
Input,BRD-K71746288,0.20564466,InputSig,NA,NA,LINCSCP_47237,PC3,10uM,6h,prostate,NA,NA,IMPBBHMDJCWLCX-XFAGBWLFSA-N,"InChI=1S/C27H31Cl2N3O5S2/c1-17-13-32(18(2)16-33)27(34)20-6-4-7-23(30-39(35,36)25-8-5-11-38-25)26(20)37-24(17)15-31(3)14-19-9-10-21(28)22(29)12-19/h4-12,17-18,24,30,33H,13-16H2,1-3H3/t17-,18-,24-/m0/s1",252,C[C@@H](CO)N1C[C@H](C)[C@H](CN(C)Cc2ccc(Cl)c(Cl)c2)Oc3c(NS(=O)(=O)c4cccs4)cccc3C1=O,NA
Input,114798-26-4,0.20562141,InputSig,NA,NA,LINCSCP_30631,MCF7,100uM,24h,breast,Angiotensin receptor antagonist,AGTR1,NA,NA,NA,NA,NA
Input,Ofloxacin,0.20559675,InputSig,NA,NA,LINCSCP_8005,A549,10uM,6h,lung,Bacterial DNA gyrase inhibitor,NA,GSDSWSVVBLHKDQ-UHFFFAOYSA-N,"InChI=1S/C18H20FN3O4/c1-10-9-26-17-14-11(16(23)12(18(24)25)8-22(10)14)7-13(19)15(17)21-5-3-20(2)4-6-21/h7-8,10H,3-6,9H2,1-2H3,(H,24,25)",36235,CC1COc2c(N3CCN(C)CC3)c(F)cc4C(=O)C(=CN1c24)C(=O)O,4
Input,BRD-K30270755,0.20558418,InputSig,NA,NA,LINCSCP_307928,VCAP,5uM,6h,prostate,NA,NA,PSOMVEOYXZFBLO-ZGXWSNOMSA-N,"InChI=1S/C22H29FN4O6S/c1-26-11-22(25-14-26)34(30,31)27-10-17(28)12-32-13-20-19(27)6-5-18(33-20)8-21(29)24-9-15-3-2-4-16(23)7-15/h2-4,7,11,14,17-20,28H,5-6,8-10,12-13H2,1H3,(H,24,29)/t17-,18+,19-,20+/m0/s1",24279,Cn1cnc(c1)S(=O)(=O)N2C[C@H](O)COC[C@H]3O[C@@H](CC(=O)NCc4cccc(F)c4)CC[C@H]23,NA
Input,BRD-K80676896,0.2055609,InputSig,NA,NA,LINCSCP_277125,PC3,5uM,24h,prostate,NA,NA,UBJYUKMAXHHYHD-NRFANRHFSA-N,"InChI=1S/C25H35N3O5S/c1-26-20-14-18(33-2)8-9-19(20)22-23(26)21(15-29)28(34(3,31)32)16-25(22)10-12-27(13-11-25)24(30)17-6-4-5-7-17/h8-9,14,17,21,29H,4-7,10-13,15-16H2,1-3H3/t21-/m0/s1",13656,COc1ccc2c3c([C@H](CO)N(CC34CCN(CC4)C(=O)C5CCCC5)S(=O)(=O)C)n(C)c2c1,NA
Input,Nicergoline,0.20550286,InputSig,NA,NA,LINCSCP_14942,HA1E,10uM,6h,kidney epithelial,Adrenergic receptor antagonist,ADRA1A,YSEXMKHXIOCEJA-FVFQAYNVSA-N,"InChI=1S/C24H26BrN3O3/c1-27-13-17-8-21-24(30-3,19-5-4-6-20(27)22(17)19)9-15(12-28(21)2)14-31-23(29)16-7-18(25)11-26-10-16/h4-7,10-11,13,15,21H,8-9,12,14H2,1-3H3/t15-,21-,24+/m1/s1",36018,CO[C@]12C[C@@H](COC(=O)c3cncc(Br)c3)CN(C)[C@@H]1Cc4cn(C)c5cccc2c45,4
Input,ICG-001,0.20542617,InputSig,NA,NA,LINCSCP_30847,MCF7,10uM,6h,breast,NA,NA,HQWTUOLCGKIECB-XZWHSSHBSA-N,"InChI=1S/C33H32N4O4/c38-27-15-13-23(14-16-27)19-29-32(40)35(21-26-11-6-10-25-9-4-5-12-28(25)26)22-30-36(18-17-31(39)37(29)30)33(41)34-20-24-7-2-1-3-8-24/h1-16,29-30,38H,17-22H2,(H,34,41)/t29-,30+/m0/s1",36696,Oc1ccc(C[C@@H]2N3[C@H](CN(Cc4cccc5ccccc45)C2=O)N(CCC3=O)C(=O)NCc6ccccc6)cc1,NA
Input,Broad-Sai-424,0.20541805,InputSig,NA,NA,LINCSCP_250156,MCF7,0.5uM,6h,breast,NA,NA,NA,NA,NA,NA,NA
Input,N-(3-Acetamidophenyl)-3-chlorobenzamide,0.20541714,InputSig,NA,NA,LINCSCP_58748,VCAP,10uM,6h,prostate,Glutamate receptor antagonist,NA,XZMOBKLRYXTSSS-UHFFFAOYSA-N,"InChI=1S/C15H13ClN2O2/c1-10(19)17-13-6-3-7-14(9-13)18-15(20)11-4-2-5-12(16)8-11/h2-9H,1H3,(H,17,19)(H,18,20)",15494,CC(=O)Nc1cccc(NC(=O)c2cccc(Cl)c2)c1,NA
Input,BRD-K32069250,0.20538785,InputSig,NA,NA,LINCSCP_312293,VCAP,3uM,24h,prostate,NA,NA,IERISQUFPFVSDP-WOVHNISZSA-N,"InChI=1S/C27H37N3O4S/c1-20-16-30(21(2)19-31)35(32,33)27-12-11-24(23-9-5-4-6-10-23)14-25(27)34-26(20)18-29(3)17-22-8-7-13-28-15-22/h7-9,11-15,20-21,26,31H,4-6,10,16-19H2,1-3H3/t20-,21-,26-/m0/s1",12407,C[C@@H](CO)N1C[C@H](C)[C@H](CN(C)Cc2cccnc2)Oc3cc(ccc3S1(=O)=O)C4=CCCCC4,NA
Input,BRD-K77953075,0.20527481,InputSig,NA,NA,LINCSCP_62410,VCAP,5uM,6h,prostate,NA,NA,LHGLZDQGJZRLBC-VKSDOSABSA-N,"InChI=1S/C20H29N3O6S/c1-22-5-7-23(8-6-22)19(25)11-14-10-16-15-9-13(21-30(2,26)27)3-4-17(15)29-20(16)18(12-24)28-14/h3-4,9,14,16,18,20-21,24H,5-8,10-12H2,1-2H3/t14-,16+,18+,20-/m1/s1",6176,CN1CCN(CC1)C(=O)C[C@H]2C[C@@H]3[C@@H](Oc4ccc(NS(=O)(=O)C)cc34)[C@H](CO)O2,NA
Input,Clofibric acid,0.20524835,InputSig,NA,NA,LINCSCP_108328,HELA,0.04uM,24h,large intestine,PPAR receptor agonist,PPARA,TXCGAZHTZHNUAI-UHFFFAOYSA-N,"InChI=1S/C10H11ClO3/c1-10(2,9(12)13)14-8-5-3-7(11)4-6-8/h3-6H,1-2H3,(H,12,13)",15469,CC(C)(Oc1ccc(Cl)cc1)C(=O)O,NA
Input,Arctigenin,0.20521079,InputSig,NA,NA,LINCSCP_50475,PHH,3uM,6h,NA,MEK inhibitor,CHUK|MAP2K1,NQWVSMVXKMHKTF-JKSUJKDBSA-N,"InChI=1S/C21H24O6/c1-24-18-7-5-13(11-20(18)26-3)8-15-12-27-21(23)16(15)9-14-4-6-17(22)19(10-14)25-2/h4-7,10-11,15-16,22H,8-9,12H2,1-3H3/t15-,16+/m0/s1",15725,COc1ccc(C[C@H]2COC(=O)[C@@H]2Cc3ccc(O)c(OC)c3)cc1OC,NA
Input,Thalidomide,0.20515802,InputSig,NA,NA,LINCSCP_271976,PC3,10uM,24h,prostate,TNF production inhibitor,CRBN|CUL4A|DDB1|RBX1|TNF,UEJJHQNACJXSKW-UHFFFAOYSA-N,"InChI=1S/C13H10N2O4/c16-10-6-5-9(11(17)14-10)15-12(18)7-3-1-2-4-8(7)13(15)19/h1-4,9H,5-6H2,(H,14,16,17)",35446,O=C1CCC(N2C(=O)c3ccccc3C2=O)C(=O)N1,4
Input,BRD-K55341911,0.20515011,InputSig,NA,NA,LINCSCP_3272,A375,5uM,24h,skin,NA,NA,RQZDEGSLOUOYBH-ICPLQIHGSA-N,"InChI=1S/C24H25FN4O5/c25-18-4-2-1-3-17(18)20-12-29(28-27-20)10-9-16-6-7-19(23(13-30)34-16)26-24(31)15-5-8-21-22(11-15)33-14-32-21/h1-5,8,11-12,16,19,23,30H,6-7,9-10,13-14H2,(H,26,31)/t16-,19+,23+/m1/s1",24766,OC[C@@H]1O[C@@H](CCn2cc(nn2)c3ccccc3F)CC[C@@H]1NC(=O)c4ccc5OCOc5c4,NA
Input,3-Aminobenzamide,0.20513164,InputSig,NA,NA,LINCSCP_9199,A549,0.01uM,24h,lung,PARP inhibitor,NA,GSCPDZHWVNUUFI-UHFFFAOYSA-N,"InChI=1S/C7H8N2O/c8-6-3-1-2-5(4-6)7(9)10/h1-4H,8H2,(H2,9,10)",16159,NC(=O)c1cccc(N)c1,NA
Input,BRD-K08878345,0.20512295,InputSig,NA,NA,LINCSCP_57379,VCAP,10uM,6h,prostate,NA,NA,BGWLQENWEYEDFQ-UHFFFAOYSA-N,"InChI=1S/C17H15N3O2/c1-2-11-20-14-9-5-3-7-12(14)16(17(20)22)19-18-13-8-4-6-10-15(13)21/h2-10,21-22H,1,11H2",15405,Oc1ccccc1N=Nc2c(O)n(CC=C)c3ccccc23,NA
Input,Nortriptyline,0.20509707,InputSig,NA,NA,LINCSCP_175490,YAPC,10uM,24h,pancreas,Serotonin transporter inhibitor|Norepinephrine transporter inhibitor,KCNJ10|SLC6A2|SLC6A4,PHVGLTMQBUFIQQ-UHFFFAOYSA-N,"InChI=1S/C19H21N/c1-20-14-6-11-19-17-9-4-2-7-15(17)12-13-16-8-3-5-10-18(16)19/h2-5,7-11,20H,6,12-14H2,1H3",36133,CNCCC=C1c2ccccc2CCc3ccccc13,4
Input,Fadrozole,0.20507632,InputSig,NA,NA,LINCSCP_102511,HELA,0.12uM,24h,large intestine,Aromatase inhibitor,CYP19A1,CLPFFLWZZBQMAO-UHFFFAOYSA-N,"InChI=1S/C14H13N3/c15-8-11-4-6-12(7-5-11)14-3-1-2-13-9-16-10-17(13)14/h4-7,9-10,14H,1-3H2",11755,N#Cc1ccc(cc1)C2CCCc3cncn23,NA
Input,ST51009565,0.20504561,InputSig,NA,NA,LINCSCP_2056,A375,10uM,6h,skin,NA,NA,GIBYLKGNOHXSMJ-APSNUPSMSA-N,InChI=1S/C19H8BrCl2N3O2S/c20-10-5-14-17(23-8-10)25-18(26)16(28-19(25)24-14)7-13-1-2-15(27-13)9-3-11(21)6-12(22)4-9/h1-8H/b16-7-,17670,Clc1cc(Cl)cc(c1)c2oc(\C=C\3/Sc4nc5cc(Br)cnc5n4C3=O)cc2,NA
Input,BRD-K02241254,0.2049864,InputSig,NA,NA,LINCSCP_61932,VCAP,5uM,24h,prostate,NA,NA,BSYBIQMXMHXRRQ-LNLFQRSKSA-N,"InChI=1S/C20H28FN5O3/c1-2-9-22-20(28)23-17-7-6-16(29-19(17)13-27)8-10-26-12-18(24-25-26)14-4-3-5-15(21)11-14/h3-5,11-12,16-17,19,27H,2,6-10,13H2,1H3,(H2,22,23,28)/t16-,17-,19-/m0/s1",10203,CCCNC(=O)N[C@H]1CC[C@@H](CCn2cc(nn2)c3cccc(F)c3)O[C@H]1CO,NA
Input,BRD-K29423519,0.20495558,InputSig,NA,NA,LINCSCP_59749,VCAP,5uM,6h,prostate,NA,NA,ZJSYKXMVEOUFIY-JXQFQVJHSA-N,"InChI=1S/C27H43N5O5/c1-17(2)28-26(35)29-21-11-12-23-22(13-21)25(34)32(19(4)16-33)14-18(3)24(37-23)15-31(5)27(36)30-20-9-7-6-8-10-20/h11-13,17-20,24,33H,6-10,14-16H2,1-5H3,(H,30,36)(H2,28,29,35)/t18-,19-,24-/m0/s1",32441,CC(C)NC(=O)Nc1ccc2O[C@@H](CN(C)C(=O)NC3CCCCC3)[C@@H](C)CN([C@@H](C)CO)C(=O)c2c1,NA
Input,Tubocurarine,0.20495158,InputSig,NA,NA,LINCSCP_290760,VCAP,10uM,24h,prostate,Acetylcholine receptor antagonist,CHRNA1|CHRNA2|CHRNB1|CHRND|CHRNE|CHRNG|HTR3A,JFJZZMVDLULRGK-URLMMPGGSA-O,"InChI=1S/C37H40N2O6/c1-38-14-12-24-19-32(42-4)33-21-27(24)28(38)16-22-6-9-26(10-7-22)44-37-35-25(20-34(43-5)36(37)41)13-15-39(2,3)29(35)17-23-8-11-30(40)31(18-23)45-33/h6-11,18-21,28-29H,12-17H2,1-5H3,(H-,40,41)/p+1/t28-,29+/m0/s1",36211,COc1cc2CC[N+](C)(C)[C@@H]3Cc4ccc(O)c(Oc5cc6[C@H](Cc7ccc(Oc(c1O)c23)cc7)N(C)CCc6cc5OC)c4,4
Input,Arundine,0.20491778,InputSig,NA,NA,LINCSCP_138878,MCF7,0.11uM,24h,breast,"CHK inhibitor|Cytochrome P450 activator|Indoleamine 2,3-dioxygenase inhibitor",AR|HIF1A|IFNG|PI3,VFTRKSBEFQDZKX-UHFFFAOYSA-N,"InChI=1S/C17H14N2/c1-3-7-16-14(5-1)12(10-18-16)9-13-11-19-17-8-4-2-6-15(13)17/h1-8,10-11,18-19H,9H2",16168,C(c1c[nH]c2ccccc12)c3c[nH]c4ccccc34,NA
Input,CHEMBL3181961,0.20488493,InputSig,NA,NA,LINCSCP_239945,MCF7,10uM,24h,breast,NA,NA,UYKGAEVYWNTSSF-MVPDCNEZSA-N,"InChI=1S/C33H45F3N4O6/c1-22-19-40(23(2)21-41)31(43)27-18-26(37-30(42)15-16-33(34,35)36)13-14-28(27)46-24(3)10-8-9-17-45-29(22)20-39(4)32(44)38-25-11-6-5-7-12-25/h5-7,11-14,18,22-24,29,41H,8-10,15-17,19-21H2,1-4H3,(H,37,42)(H,38,44)/t22-,23+,24-,29-/m0/s1",40237,C[C@H](CO)N1C[C@H](C)[C@H](CN(C)C(=O)Nc2ccccc2)OCCCC[C@H](C)Oc3ccc(NC(=O)CCC(F)(F)F)cc3C1=O,NA
Input,TAS-301,0.20484058,InputSig,NA,NA,LINCSCP_353,A375,10uM,24h,skin,Calcium/calmodulin dependent protein kinase inhibitor,CAMK2A,KUEYYIJXBRWZIB-UHFFFAOYSA-N,"InChI=1S/C23H19NO3/c1-26-17-11-7-15(8-12-17)21(16-9-13-18(27-2)14-10-16)22-19-5-3-4-6-20(19)24-23(22)25/h3-14H,1-2H3,(H,24,25)",35858,COc1ccc(cc1)C(=C2C(=O)Nc3ccccc23)c4ccc(OC)cc4,NA
Input,MLS003448162,0.20484028,InputSig,NA,NA,LINCSCP_19775,HCC515,10uM,6h,lung,NA,NA,HWQWUWYPFZIKDC-UHFFFAOYSA-N,"InChI=1S/C19H24N2O3S/c1-3-10-23-16-8-4-14(5-9-16)19-21-17(13(2)24-19)11-25-12-18(22)20-15-6-7-15/h4-5,8-9,15H,3,6-7,10-12H2,1-2H3,(H,20,22)",16257,CCCOc1ccc(cc1)c2oc(C)c(CSCC(=O)NC3CC3)n2,NA
Input,Captopril,0.20479763,InputSig,NA,NA,LINCSCP_180821,A375,10uM,6h,skin,Angiotensin converting enzyme inhibitor,ACE,FAKRSMQSSFJEIM-RQJHMYQMSA-N,"InChI=1S/C9H15NO3S/c1-6(5-14)8(11)10-4-2-3-7(10)9(12)13/h6-7,14H,2-5H2,1H3,(H,12,13)/t6-,7+/m1/s1",36490,C[C@H](CS)C(=O)N1CCC[C@H]1C(=O)O,4
Input,Procainamide,0.20478737,InputSig,NA,NA,LINCSCP_59510,VCAP,10uM,24h,prostate,Sodium channel blocker,SCN10A|SCN11A|SCN1A|SCN2A|SCN3A|SCN4A|SCN5A|SCN7A|SCN8A|SCN9A,REQCZEXYDRLIBE-UHFFFAOYSA-N,"InChI=1S/C13H21N3O/c1-3-16(4-2)10-9-15-13(17)11-5-7-12(14)8-6-11/h5-8H,3-4,9-10,14H2,1-2H3,(H,15,17)",24675,CCN(CC)CCNC(=O)c1ccc(N)cc1,4
Input,Zuclomiphene,0.20475467,InputSig,NA,NA,LINCSCP_73956,A375,10uM,24h,skin,Estrogen receptor antagonist,ESR1,GKIRPKYJQBWNGO-QPLCGJKRSA-N,"InChI=1S/C26H28ClNO/c1-3-28(4-2)19-20-29-24-17-15-22(16-18-24)25(21-11-7-5-8-12-21)26(27)23-13-9-6-10-14-23/h5-18H,3-4,19-20H2,1-2H3/b26-25-",37337,CCN(CC)CCOc1ccc(cc1)\C(=C(/Cl)\c2ccccc2)\c3ccccc3,NA
Input,Melatonin,0.20474627,InputSig,NA,NA,LINCSCP_10282,A549,10uM,6h,lung,Melatonin receptor agonist|Nitric oxide synthase inhibitor,MTNR1A|MTNR1B,DRLFMBDRBRZALE-UHFFFAOYSA-N,"InChI=1S/C13H16N2O2/c1-9(16)14-6-5-10-8-15-13-4-3-11(17-2)7-12(10)13/h3-4,7-8,15H,5-6H2,1-2H3,(H,14,16)",7772,COc1ccc2[nH]cc(CCNC(=O)C)c2c1,4
Input,CHEMBL584481,0.20473377,InputSig,NA,NA,LINCSCP_190583,A549,10uM,24h,lung,NA,NA,YSZRDGCESQUOBE-XYGWBWBKSA-N,"InChI=1S/C28H22FN3O5S3/c29-24-9-5-4-6-20(24)18-37-23-12-10-19(11-13-23)26-21(17-32(30-26)22-7-2-1-3-8-22)16-25-27(33)31(28(38)39-25)14-15-40(34,35)36/h1-13,16-17H,14-15,18H2,(H,34,35,36)/b25-16-",37821,OS(=O)(=O)CCN1C(=S)S\C(=C/c2cn(nc2c3ccc(OCc4ccccc4F)cc3)c5ccccc5)\C1=O,NA
Input,BRD-K27671514,0.20471520000000001,InputSig,NA,NA,LINCSCP_65090,VCAP,10uM,24h,prostate,NA,NA,DPSIIBWTFLKRDP-XMMPIXPASA-N,"InChI=1S/C28H30N4O2/c1-31-25-13-21(34-2)10-11-22(25)26-27(31)24(15-33)30-16-28(26)17-32(18-28)14-19-6-8-20(9-7-19)23-5-3-4-12-29-23/h3-13,24,30,33H,14-18H2,1-2H3/t24-/m1/s1",12269,COc1ccc2c3c([C@@H](CO)NCC34CN(Cc5ccc(cc5)c6ccccn6)C4)n(C)c2c1,NA
Input,"1-(4-Methoxyphenyl)-n,n-dipropyl-1H-pyrazolo[3,4-d]pyrimidin-4-amine",0.20468502,InputSig,NA,NA,LINCSCP_38391,MCF7,0.1uM,24h,breast,NA,NA,HIHZFTNEEQAKJI-UHFFFAOYSA-N,"InChI=1S/C18H23N5O/c1-4-10-22(11-5-2)17-16-12-21-23(18(16)20-13-19-17)14-6-8-15(24-3)9-7-14/h6-9,12-13H,4-5,10-11H2,1-3H3",39906,CCCN(CCC)c1ncnc2c1cnn2c3ccc(OC)cc3,NA
Input,KUC104542N,0.20454378,InputSig,NA,NA,LINCSCP_57912,VCAP,10uM,6h,prostate,NA,NA,KMARMZLDSPVBTN-UHFFFAOYSA-N,"InChI=1S/C25H28N6O2/c32-23(19-31-24-21(9-4-11-27-24)30-14-5-10-22(30)25(31)33)26-12-6-13-28-15-17-29(18-16-28)20-7-2-1-3-8-20/h1-5,7-11,14H,6,12-13,15-19H2,(H,26,32)",36089,O=C(CN1C(=O)c2cccn2c3cccnc13)NCCCN4CCN(CC4)c5ccccc5,NA
Input,BRD-A82197375,0.20453024,InputSig,NA,NA,LINCSCP_169416,YAPC,10uM,24h,pancreas,NA,NA,NA,NA,NA,NA,NA
Input,MLS002264449,0.2045237,InputSig,NA,NA,LINCSCP_19892,HCC515,10uM,6h,lung,NA,NA,PPVZUZPOOWQBMA-UHFFFAOYSA-N,"InChI=1S/C15H9F3N6S2/c1-24-14(21-22-23-24)26-13-11-9(6-25-12(11)19-7-20-13)8-4-2-3-5-10(8)15(16,17)18/h2-7H,1H3",18181,Cn1nnnc1Sc2ncnc3scc(c4ccccc4C(F)(F)F)c23,NA
Input,Broad-Sai-560,0.20450754,InputSig,NA,NA,LINCSCP_35421,MCF7,0.1uM,24h,breast,HDAC inhibitor,NA,NA,NA,42710,NA,NA
Input,BRD-K93445052,0.204505,InputSig,NA,NA,LINCSCP_59939,VCAP,5uM,24h,prostate,NA,NA,KOLIFEMIJDNSLG-RRQZXNHTSA-N,"InChI=1S/C27H35N7O5/c1-18-12-34(19(2)16-35)27(37)23-11-21(29-26(36)15-33-17-28-30-31-33)7-10-24(23)39-25(18)14-32(3)13-20-5-8-22(38-4)9-6-20/h5-11,17-19,25,35H,12-16H2,1-4H3,(H,29,36)/t18-,19-,25+/m1/s1",13961,COc1ccc(CN(C)C[C@@H]2Oc3ccc(NC(=O)Cn4cnnn4)cc3C(=O)N(C[C@H]2C)[C@H](C)CO)cc1,NA
Input,BRD-K24149610,0.2045033,InputSig,NA,NA,LINCSCP_59856,VCAP,5uM,24h,prostate,NA,NA,SPNWIHHPPMUGLU-BCDQWZCSSA-N,"InChI=1S/C30H34Cl2N4O4/c1-19-15-36(20(2)18-37)29(38)14-23-13-24(34-30(39)22-8-10-33-11-9-22)5-7-27(23)40-28(19)17-35(3)16-21-4-6-25(31)26(32)12-21/h4-13,19-20,28,37H,14-18H2,1-3H3,(H,34,39)/t19-,20+,28-/m0/s1",32315,C[C@H](CO)N1C[C@H](C)[C@H](CN(C)Cc2ccc(Cl)c(Cl)c2)Oc3ccc(NC(=O)c4ccncc4)cc3CC1=O,NA
Input,SPECTRUM_000011,0.20450067,InputSig,NA,NA,LINCSCP_25335,HT29,10uM,6h,large intestine,Bacterial permeability inducer,NA,BBMULGJBVDDDNI-YFGMYPSKSA-N,"InChI=1S/C34H54O8/c1-9-25(31-21(6)18-34(11-3,42-31)26-16-17-33(40,10-2)23(8)41-26)30(37)22(7)28(35)19(4)12-14-24-15-13-20(5)29(36)27(24)32(38)39/h13,15,19,21-23,25-26,28,31,35-36,40H,9-12,14,16-18H2,1-8H3,(H,38,39)/t19-,21+,22?,23+,25+,26?,28+,31?,33-,34?/m1/s1",22455,CC[C@H](C1OC(CC)(C[C@@H]1C)C2CC[C@](O)(CC)[C@H](C)O2)C(=O)C(C)[C@@H](O)[C@H](C)CCc3ccc(C)c(O)c3C(=O)O,NA
Input,BRD-A72498772,0.20449356,InputSig,NA,NA,LINCSCP_222100,HL60,1uM,24h,haematopoietic and lymphoid tissue,NA,NA,IDRLPOJQRTUBDK-UHFFFAOYSA-N,"InChI=1S/C22H22FN3O3/c1-2-29-21(27)19-17(13-26-12-11-14-5-3-4-6-18(14)26)24-22(28)25-20(19)15-7-9-16(23)10-8-15/h3-10,20H,2,11-13H2,1H3,(H2,24,25,28)",26551,CCOC(=O)C1=C(CN2CCc3ccccc23)NC(=O)NC1c4ccc(F)cc4,NA
Input,Itrazole,0.20449265,InputSig,NA,NA,LINCSCP_10297,A673,10uM,6h,bone,Cytochrome P450 inhibitor,NA,VHVPQPYKVGDNFY-UHFFFAOYSA-N,"InChI=1S/C35H38Cl2N8O4/c1-3-25(2)45-34(46)44(24-40-45)29-7-5-27(6-8-29)41-14-16-42(17-15-41)28-9-11-30(12-10-28)47-19-31-20-48-35(49-31,21-43-23-38-22-39-43)32-13-4-26(36)18-33(32)37/h4-13,18,22-25,31H,3,14-17,19-21H2,1-2H3",36357,CCC(C)N1N=CN(C1=O)c2ccc(cc2)N3CCN(CC3)c4ccc(OCC5COC(Cn6cncn6)(O5)c7ccc(Cl)cc7Cl)cc4,NA
Input,BG-1028,0.20446348,InputSig,NA,NA,LINCSCP_13392,FIBRNPC,10uM,6h,NA,NA,NA,MSBSKEZZBZJPHP-CPNJWEJPSA-N,"InChI=1S/C18H21N3O3S/c22-17(6-2-1-3-7-18(23)21-24)20-19-13-14-8-10-15(11-9-14)16-5-4-12-25-16/h4-5,8-13,24H,1-3,6-7H2,(H,20,22)(H,21,23)/b19-13+",22061,ONC(=O)CCCCCC(=O)NN=Cc1ccc(cc1)c2cccs2,NA
Input,BRD-K16257790,0.20439247,InputSig,NA,NA,LINCSCP_65231,VCAP,10uM,24h,prostate,NA,NA,JVILTGOVTWEXFK-VRUYNSFCSA-N,"InChI=1S/C32H49N5O6/c1-20-16-37(21(2)19-38)31(39)27-15-26(33-32(40)34-30-23(4)35-43-24(30)5)12-13-28(27)42-22(3)9-7-8-14-41-29(20)18-36(6)17-25-10-11-25/h12-13,15,20-22,25,29,38H,7-11,14,16-19H2,1-6H3,(H2,33,34,40)/t20-,21+,22+,29+/m1/s1",11997,C[C@@H](CO)N1C[C@@H](C)[C@H](CN(C)CC2CC2)OCCCC[C@H](C)Oc3ccc(NC(=O)Nc4c(C)onc4C)cc3C1=O,NA
Input,MAZ51,0.2043699,InputSig,NA,NA,LINCSCP_552,A375,10uM,6h,skin,VEGFR inhibitor,FLT4,VFCXONOPGCDDBQ-AQTBWJFISA-N,"InChI=1S/C21H18N2O/c1-23(2)20-12-11-14(15-7-3-4-9-17(15)20)13-18-16-8-5-6-10-19(16)22-21(18)24/h3-13H,1-2H3,(H,22,24)/b18-13-",1782,CN(C)c1ccc(\C=C\2/C(=O)Nc3ccccc23)c4ccccc14,NA
Input,BRD-K47499097,0.20435744,InputSig,NA,NA,LINCSCP_60194,VCAP,5uM,24h,prostate,NA,NA,XRFBPINVKMLPSW-GOHWNWGWSA-N,"InChI=1S/C30H35N5O5/c1-19-16-35(20(2)18-36)30(39)25-14-24(21-6-8-22(9-7-21)28(37)33(3)4)15-32-27(25)40-26(19)17-34(5)29(38)23-10-12-31-13-11-23/h6-15,19-20,26,36H,16-18H2,1-5H3/t19-,20+,26+/m1/s1",22640,C[C@@H](CO)N1C[C@@H](C)[C@H](CN(C)C(=O)c2ccncc2)Oc3ncc(cc3C1=O)c4ccc(cc4)C(=O)N(C)C,NA
Input,BRD-K26327304,0.20434961,InputSig,NA,NA,LINCSCP_61868,VCAP,5uM,6h,prostate,NA,NA,GWEQQAXOIQTOQH-RCOXNQKVSA-N,"InChI=1S/C23H27N3O4/c1-16(17-7-3-2-4-8-17)25-23(29)14-19-10-11-20(21(15-27)30-19)26-22(28)13-18-9-5-6-12-24-18/h2-12,16,19-21,27H,13-15H2,1H3,(H,25,29)(H,26,28)/t16-,19+,20-,21+/m1/s1",2579,C[C@@H](NC(=O)C[C@H]1O[C@@H](CO)[C@H](NC(=O)Cc2ccccn2)C=C1)c3ccccc3,NA
Input,Celecoxib,0.20433591,InputSig,NA,NA,LINCSCP_2579,A375,10uM,6h,skin,Cyclooxygenase inhibitor,PTGS2,RZEKVGVHFLEQIL-UHFFFAOYSA-N,"InChI=1S/C17H14F3N3O2S/c1-11-2-4-12(5-3-11)15-10-16(17(18,19)20)22-23(15)13-6-8-14(9-7-13)26(21,24)25/h2-10H,1H3,(H2,21,24,25)",15375,Cc1ccc(cc1)c2cc(nn2c3ccc(cc3)S(=O)(=O)N)C(F)(F)F,4
Input,Phloretin,0.20432305,InputSig,NA,NA,LINCSCP_19506,HCC515,100uM,6h,lung,Sodium/glucose cotransporter inhibitor,NA,VGEREEWJJVICBM-UHFFFAOYSA-N,"InChI=1S/C15H14O5/c16-10-4-1-9(2-5-10)3-6-12(18)15-13(19)7-11(17)8-14(15)20/h1-2,4-5,7-8,16-17,19-20H,3,6H2",16518,Oc1ccc(CCC(=O)c2c(O)cc(O)cc2O)cc1,NA
Input,Trichostatin,0.20430819,InputSig,NA,NA,LINCSCP_22405,HEPG2,10uM,6h,liver,CDK expression enhancer|HDAC inhibitor|ID1 expression inhibitor,HDAC1|HDAC10|HDAC3|HDAC4|HDAC6|HDAC7|HDAC8,RTKIYFITIVXBLE-QEQCGCAPSA-N,"InChI=1S/C17H22N2O3/c1-12(5-10-16(20)18-22)11-13(2)17(21)14-6-8-15(9-7-14)19(3)4/h5-11,13,22H,1-4H3,(H,18,20)/b10-5+,12-11+/t13-/m1/s1",37875,C[C@H](\C=C(/C)\C=C\C(=O)NO)C(=O)c1ccc(cc1)N(C)C,NA
Input,Raltitrexed,0.20428269,InputSig,NA,NA,LINCSCP_258248,NEU,10uM,24h,NA,Thymidylate synthase inhibitor,TYMS,IVTVGDXNLFLDRM-HNNXBMFYSA-N,"InChI=1S/C21H22N4O6S/c1-11-22-14-4-3-12(9-13(14)19(28)23-11)10-25(2)17-7-6-16(32-17)20(29)24-15(21(30)31)5-8-18(26)27/h3-4,6-7,9,15H,5,8,10H2,1-2H3,(H,24,29)(H,26,27)(H,30,31)(H,22,23,28)/t15-/m0/s1",36592,CN(Cc1ccc2NC(=NC(=O)c2c1)C)c3ccc(s3)C(=O)N[C@@H](CCC(=O)O)C(=O)O,4
Input,CHEMBL254777,0.20423901,InputSig,NA,NA,LINCSCP_25275,HT29,10uM,24h,large intestine,Glutamate receptor antagonist,GRM1,VWOMTTIMBHBPBI-UHFFFAOYSA-N,"InChI=1S/C17H20N4OS/c1-10-15(16(22)19-12-5-3-2-4-6-12)23-17-20-13-8-7-11(18)9-14(13)21(10)17/h7-9,12H,2-6,18H2,1H3,(H,19,22)",34189,Cc1c(sc2nc3ccc(N)cc3n12)C(=O)NC4CCCCC4,NA
Input,Voriconazole Impurity D,0.2042245,InputSig,NA,NA,LINCSCP_32491,MCF7,10uM,24h,breast,Cytochrome P450 inhibitor,CYP2C19|CYP2C9|CYP3A4|CYP3A5|PTGS1,BCEHBSKCWLPMDN-QFYYESIMSA-N,"InChI=1S/C16H14F3N5O/c1-10(15-14(19)5-20-7-22-15)16(25,6-24-9-21-8-23-24)12-3-2-11(17)4-13(12)18/h2-5,7-10,25H,6H2,1H3/t10-,16-/m0/s1",22272,C[C@@H](c1ncncc1F)[C@@](O)(Cn2cncn2)c3ccc(F)cc3F,NA
Input,BRD-K31067719-001-01-7,0.20416865,InputSig,NA,NA,LINCSCP_61216,VCAP,5uM,24h,prostate,NA,NA,WJKSFTDVZIMVMK-MCFFVMPBSA-N,"InChI=1S/C24H31ClN4O4/c1-15-12-26-16(2)14-33-21-9-8-19(11-20(21)23(30)29(3)13-22(15)32-4)28-24(31)27-18-7-5-6-17(25)10-18/h5-11,15-16,22,26H,12-14H2,1-4H3,(H2,27,28,31)/t15-,16-,22+/m1/s1",2726,CO[C@H]1CN(C)C(=O)c2cc(NC(=O)Nc3cccc(Cl)c3)ccc2OC[C@@H](C)NC[C@H]1C,NA
Input,Simvastatin,0.2041246,InputSig,NA,NA,LINCSCP_236657,MCF7,10uM,6h,breast,HMG-CoA reductase inhibitor,HMGCR,RYMZZMVNJRMUDD-HGQWONQESA-N,"InChI=1S/C25H38O5/c1-6-25(4,5)24(28)30-21-12-15(2)11-17-8-7-16(3)20(23(17)21)10-9-19-13-18(26)14-22(27)29-19/h7-8,11,15-16,18-21,23,26H,6,9-10,12-14H2,1-5H3/t15-,16-,18+,19+,20-,21-,23-/m0/s1",35607,CCC(C)(C)C(=O)O[C@H]1C[C@@H](C)C=C2C=C[C@H](C)[C@H](CC[C@@H]3C[C@@H](O)CC(=O)O3)[C@@H]12,4
Input,Mead Ethanolamide,0.20410823,InputSig,NA,NA,LINCSCP_55784,VCAP,10uM,6h,prostate,Cannabinoid receptor agonist,NA,YKGQBEGMUSSPFY-YOILPLPUSA-N,"InChI=1S/C22H39NO2/c1-2-3-4-5-6-7-8-9-10-11-12-13-14-15-16-17-18-19-22(25)23-20-21-24/h9-10,12-13,15-16,24H,2-8,11,14,17-21H2,1H3,(H,23,25)/b10-9-,13-12-,16-15-",34041,CCCCCCCC\C=C/C\C=C/C\C=C/CCCC(=O)NCCO,NA
Input,"N-[2-(4-Fluorophenyl)-1,3-benzoxazol-5-yl]-2-(4-nitrophenoxy)acetamide",0.20404604,InputSig,NA,NA,LINCSCP_58661,VCAP,10uM,24h,prostate,NA,NA,RYEGNCFLXRVGFM-UHFFFAOYSA-N,"InChI=1S/C21H14FN3O5/c22-14-3-1-13(2-4-14)21-24-18-11-15(5-10-19(18)30-21)23-20(26)12-29-17-8-6-16(7-9-17)25(27)28/h1-11H,12H2,(H,23,26)",1438,[O-][N+](=O)c1ccc(OCC(=O)Nc2ccc3oc(nc3c2)c4ccc(F)cc4)cc1,NA
Input,332874-04-1,0.20403225,InputSig,NA,NA,LINCSCP_32392,MCF7,10uM,6h,breast,NA,NA,UXDDCRYZCDOAEL-UHFFFAOYSA-N,"InChI=1S/C9H9BrN2O3/c10-7-3-6(4-11-5-7)9(15)12-2-1-8(13)14/h3-5H,1-2H2,(H,12,15)(H,13,14)",16190,OC(=O)CCNC(=O)c1cncc(Br)c1,NA
Input,CHEMBL1984778,0.20400841,InputSig,NA,NA,LINCSCP_7884,A549,10uM,24h,lung,NA,NA,GEPQSEIVCGMSGO-GJFGOQOUSA-N,"InChI=1S/C35H45FN4O7S/c1-24-21-40(25(2)23-41)34(42)31-20-29(38-35(43)37-28-11-6-5-7-12-28)15-18-32(31)47-26(3)10-8-9-19-46-33(24)22-39(4)48(44,45)30-16-13-27(36)14-17-30/h5-7,11-18,20,24-26,33,41H,8-10,19,21-23H2,1-4H3,(H2,37,38,43)/t24-,25+,26+,33+/m0/s1",36762,C[C@H](CO)N1C[C@H](C)[C@@H](CN(C)S(=O)(=O)c2ccc(F)cc2)OCCCC[C@@H](C)Oc3ccc(NC(=O)Nc4ccccc4)cc3C1=O,NA
Input,KO143,0.20399286,InputSig,NA,NA,LINCSCP_39964,NCIH1836,40uM,6h,lung,Breast cancer resistance protein inhibitor,ABCG2,NXNRAECHCJZNRF-JBACZVJFSA-N,"InChI=1S/C26H35N3O5/c1-14(2)11-20-23-17(16-8-7-15(33-6)12-19(16)27-23)13-21-24(31)28-18(25(32)29(20)21)9-10-22(30)34-26(3,4)5/h7-8,12,14,18,20-21,27H,9-11,13H2,1-6H3,(H,28,31)/t18-,20-,21-/m0/s1",16530,COc1ccc2c3C[C@@H]4N([C@@H](CC(C)C)c3[nH]c2c1)C(=O)[C@H](CCC(=O)OC(C)(C)C)NC4=O,NA
Input,BRD-K72381041,0.20398441,InputSig,NA,NA,LINCSCP_32369,MCF7,10uM,6h,breast,NA,NA,VVKQUOIOXTWGEY-VWEIPLKFSA-N,"InChI=1S/C30H43F6N3O6/c1-19-16-39(20(2)18-40)28(43)23-15-22(37-26(41)10-12-29(31,32)33)8-9-24(23)45-21(3)7-5-6-14-44-25(19)17-38(4)27(42)11-13-30(34,35)36/h8-9,15,19-21,25,40H,5-7,10-14,16-18H2,1-4H3,(H,37,41)/t19-,20+,21+,25+/m1/s1",13408,C[C@@H](CO)N1C[C@@H](C)[C@H](CN(C)C(=O)CCC(F)(F)F)OCCCC[C@H](C)Oc2ccc(NC(=O)CCC(F)(F)F)cc2C1=O,NA
Input,Riluzole,0.20398307,InputSig,NA,NA,LINCSCP_154678,PC3,0.04uM,24h,prostate,Glutamate inhibitor,SCN10A|SCN11A|SCN1A|SCN2A|SCN3A|SCN4A|SCN5A|SCN7A|SCN8A|SCN9A,FTALBRSUTCGOEG-UHFFFAOYSA-N,"InChI=1S/C8H5F3N2OS/c9-8(10,11)14-4-1-2-5-6(3-4)15-7(12)13-5/h1-3H,(H2,12,13)",17915,Nc1nc2ccc(OC(F)(F)F)cc2s1,4
Input,SB-366791,0.20397972,InputSig,NA,NA,LINCSCP_42646,NPC,10uM,24h,neural progenitor cells,TRPV antagonist,TRPV1,RYAMDQKWNKKFHD-UHFFFAOYSA-N,"InChI=1S/C16H14ClNO2/c1-20-15-4-2-3-14(11-15)18-16(19)10-7-12-5-8-13(17)9-6-12/h2-11H,1H3,(H,18,19)",1016,COc1cccc(NC(=O)C=Cc2ccc(Cl)cc2)c1,NA
Input,NCGC00170233-01,0.20397715,InputSig,NA,NA,LINCSCP_16534,HA1E,10uM,6h,kidney epithelial,NA,NA,FIFDTTGQCKVDCF-CYEXUTLASA-N,"InChI=1S/C35H40N2O8S/c1-34(2,3)45-30(39)18-19-35-31(44-32(36-35)25-14-16-27(17-15-25)43-22-9-21-38)29-13-8-7-10-26(29)24-37(33(35)40)20-23-46(41,42)28-11-5-4-6-12-28/h4-8,10-17,31,38H,9,18-24H2,1-3H3/t31-,35-/m1/s1",11491,CC(C)(C)OC(=O)CC[C@@]12N=C(O[C@@H]1c3ccccc3CN(CCS(=O)(=O)c4ccccc4)C2=O)c5ccc(OCCCO)cc5,NA
Input,BAS 02859604,0.20389962,InputSig,NA,NA,LINCSCP_294346,VCAP,10uM,24h,prostate,NA,NA,DPRBGPIAKRWMHH-CPNJWEJPSA-N,"InChI=1S/C26H22N4O3/c1-18-6-4-7-21(12-18)29-26(32)19(14-27)13-20-16-30(24-10-3-2-9-23(20)24)17-25(31)28-15-22-8-5-11-33-22/h2-13,16H,15,17H2,1H3,(H,28,31)(H,29,32)/b19-13+",37986,Cc1cccc(NC(=O)\C(=C\c2cn(CC(=O)NCc3occc3)c4ccccc24)\C#N)c1,NA
Input,"(8Xi,11beta,14xi,16beta)-21-Chloro-9-fluoro-11-hydroxy-16-methyl-3,20-dioxopregna-1,4-dien-17-yl propanoate",0.20389035,InputSig,NA,NA,LINCSCP_56364,VCAP,10uM,24h,prostate,Glucocorticoid receptor agonist,NR3C1,CBGUOGMQLZIXBE-BHPVMOEKSA-N,"InChI=1S/C25H32ClFO5/c1-5-21(31)32-25(20(30)13-26)14(2)10-18-17-7-6-15-11-16(28)8-9-22(15,3)24(17,27)19(29)12-23(18,25)4/h8-9,11,14,17-19,29H,5-7,10,12-13H2,1-4H3/t14-,17?,18?,19-,22-,23-,24-,25-/m0/s1",22378,CCC(=O)O[C@@]1([C@@H](C)CC2C3CCC4=CC(=O)C=C[C@]4(C)[C@@]3(F)[C@@H](O)C[C@]12C)C(=O)CCl,NA
Input,CHEMBL372631,0.20386277,InputSig,NA,NA,LINCSCP_13987,HA1E,10uM,24h,kidney epithelial,Glutamate receptor antagonist,GRIK1,UUIYULWYHDSXHL-UHFFFAOYSA-N,"InChI=1S/C15H15N3O6/c16-11(14(22)23)8-17-6-5-12(19)18(15(17)24)7-9-3-1-2-4-10(9)13(20)21/h1-6,11H,7-8,16H2,(H,20,21)(H,22,23)",15252,NC(CN1C=CC(=O)N(Cc2ccccc2C(=O)O)C1=O)C(=O)O,NA
Input,Promazine,0.20385972,InputSig,NA,NA,LINCSCP_209942,HA1E,10uM,24h,kidney epithelial,Serotonin 2a (5-HT2a) receptor antagonist (Serotonin 2a|D2-like dopamine receptor antagonist,CHRM5|DRD2|DRD3|DRD4|HTR2A,ZGUGWUXLJSTTMA-UHFFFAOYSA-N,"InChI=1S/C17H20N2S/c1-18(2)12-7-13-19-14-8-3-5-10-16(14)20-17-11-6-4-9-15(17)19/h3-6,8-11H,7,12-13H2,1-2H3",15389,CN(C)CCCN1c2ccccc2Sc3ccccc13,4
Input,ASC-J9,0.20384052,InputSig,NA,NA,LINCSCP_166647,YAPC,3.33uM,24h,pancreas,NA,NA,HMJSBVCDPKODEX-NXZHAISVSA-N,"InChI=1S/C23H24O6/c1-26-20-11-7-16(13-22(20)28-3)5-9-18(24)15-19(25)10-6-17-8-12-21(27-2)23(14-17)29-4/h5-14H,15H2,1-4H3/b9-5+,10-6+",26842,COc1ccc(\C=C\C(=O)CC(=O)\C=C\c2ccc(OC)c(OC)c2)cc1OC,NA
Input,BRD-K80065513,0.20375865,InputSig,NA,NA,LINCSCP_63185,VCAP,5uM,6h,prostate,NA,NA,MOIIHOSYSQGYMW-JZXOWHBKSA-N,"InChI=1S/C19H19N3O3/c1-25-17-10-6-5-9-14(17)21-19(24)22-15(11-20)18(16(22)12-23)13-7-3-2-4-8-13/h2-10,15-16,18,23H,12H2,1H3,(H,21,24)/t15-,16+,18-/m0/s1",7265,COc1ccccc1NC(=O)N2[C@H](CO)[C@H]([C@@H]2C#N)c3ccccc3,NA
Input,BRD-K14974894,0.20371197,InputSig,NA,NA,LINCSCP_63138,VCAP,5uM,6h,prostate,NA,NA,SIGXZWYEWAPHMA-YESZJQIVSA-N,"InChI=1S/C17H20N2O/c18-10-15-17(16(11-20)19-15)14-8-6-13(7-9-14)12-4-2-1-3-5-12/h4,6-9,15-17,19-20H,1-3,5,11H2/t15-,16-,17+/m0/s1",28010,OC[C@@H]1N[C@@H](C#N)[C@H]1c2ccc(cc2)C3=CCCCC3,NA
Input,Clopenthixol,0.20370404,InputSig,NA,NA,LINCSCP_22921,HEPG2,10uM,6h,liver,Dopamine receptor antagonist,DRD1|DRD2,WFPIAZLQTJBIFN-DVZOWYKESA-N,"InChI=1S/C22H25ClN2OS/c23-17-7-8-22-20(16-17)18(19-4-1-2-6-21(19)27-22)5-3-9-24-10-12-25(13-11-24)14-15-26/h1-2,4-8,16,26H,3,9-15H2/b18-5-",17537,OCCN1CCN(CC\C=C/2\c3ccccc3Sc4ccc(Cl)cc24)CC1,NA
Input,CTK8E8566,0.20369614,InputSig,NA,NA,LINCSCP_18406,HCC515,10uM,6h,lung,FXR agonist,NR1H4,VLQTUNDJHLEFEQ-UHFFFAOYSA-N,"InChI=1S/C32H36N2O3/c1-33(2)29-19-17-27(18-20-29)26-15-12-25(13-16-26)23-34(32(36)28-9-5-4-6-10-28)30-11-7-8-24(22-30)14-21-31(35)37-3/h7-8,11-22,28H,4-6,9-10,23H2,1-3H3",749,COC(=O)C=Cc1cccc(c1)N(Cc2ccc(cc2)c3ccc(cc3)N(C)C)C(=O)C4CCCCC4,NA
Input,BRD-K43842808,0.20366745,InputSig,NA,NA,LINCSCP_41102,NEU,10uM,24h,NA,NA,NA,OPKRVFTXMKZUJR-IEIRFRATSA-N,"InChI=1S/C26H36N4O5/c1-30-21-10-9-19(13-24(31)27-14-16-6-7-16)35-23(21)15-34-22-11-8-18(12-20(22)25(30)32)29-26(33)28-17-4-2-3-5-17/h8,11-12,16-17,19,21,23H,2-7,9-10,13-15H2,1H3,(H,27,31)(H2,28,29,33)/t19-,21-,23+/m0/s1",36980,CN1[C@H]2CC[C@@H](CC(=O)NCC3CC3)O[C@@H]2COc4ccc(NC(=O)NC5CCCC5)cc4C1=O,NA
Input,ST50073310,0.2036581,InputSig,NA,NA,LINCSCP_16284,HA1E,10uM,6h,kidney epithelial,NA,NA,RXUVZFSJYNXRLY-UHFFFAOYSA-N,"InChI=1S/C23H18BrN3O2/c1-28-20-10-7-14(11-21(20)29-2)13-27-19-9-8-15(24)12-16(19)22-23(27)26-18-6-4-3-5-17(18)25-22/h3-12H,13H2,1-2H3",22228,COc1ccc(Cn2c3ccc(Br)cc3c4nc5ccccc5nc24)cc1OC,NA
Input,SMR000015484,0.20359999,InputSig,NA,NA,LINCSCP_31043,MCF7,10uM,6h,breast,NA,NA,MGHRGGHCCMMDND-ONEGZZNKSA-N,"InChI=1S/C19H22N4O2S/c1-3-4-12-23-15-16(22(2)18(25)21-17(15)24)20-19(23)26-13-8-11-14-9-6-5-7-10-14/h3-7,9-10H,8,11-13H2,1-2H3,(H,21,24,25)/b4-3+",132,C\C=C\Cn1c(SCCCc2ccccc2)nc3N(C)C(=O)NC(=O)c13,NA
Input,BIO2_000516,0.20359933,InputSig,NA,NA,LINCSCP_284623,SKB,10uM,24h,NA,Protein synthesis inhibitor,RPL3,KWCVNASRVVSXHH-LYUYJPIDSA-N,"InChI=1S/C19H29NO6/c1-4-26-18(24)10-20-16(22)8-13(9-17(20)23)7-15(21)14-6-11(2)5-12(3)19(14)25/h11-15,21H,4-10H2,1-3H3/t11-,12-,14?,15+/m0/s1",15327,CCOC(=O)CN1C(=O)CC(C[C@@H](O)C2C[C@@H](C)C[C@H](C)C2=O)CC1=O,NA
Input,Quipazine,0.20359927,InputSig,NA,NA,LINCSCP_6908,A549,10uM,24h,lung,Serotonin receptor agonist,NA,XRXDAJYKGWNHTQ-UHFFFAOYSA-N,"InChI=1S/C13H15N3/c1-2-4-12-11(3-1)5-6-13(15-12)16-9-7-14-8-10-16/h1-6,14H,7-10H2",39236,C1CN(CCN1)c2ccc3ccccc3n2,NA
Input,BRD-K65213718,0.20359515,InputSig,NA,NA,LINCSCP_259553,NEU,10uM,24h,NA,NA,NA,BLHSKYSSIQJRPI-MOPGFXCFSA-N,"InChI=1S/C19H23NSi/c1-19-16-8-6-5-7-13(16)11-18(20-19)15-10-9-14(12-17(15)19)21(2,3)4/h5-10,12,18,20H,11H2,1-4H3/t18-,19+/m1/s1",11574,C[C@]12N[C@H](Cc3ccccc13)c4ccc(cc24)[Si](C)(C)C,NA
Input,Lidocaine,0.20358826,InputSig,NA,NA,LINCSCP_123431,HT29,0.04uM,24h,large intestine,Histamine receptor agonist,SCN10A|SCN11A|SCN1A|SCN2A|SCN3A|SCN4A|SCN5A|SCN7A|SCN8A|SCN9A,NNJVILVZKWQKPM-UHFFFAOYSA-N,"InChI=1S/C14H22N2O/c1-5-16(6-2)10-13(17)15-14-11(3)8-7-9-12(14)4/h7-9H,5-6,10H2,1-4H3,(H,15,17)",34503,CCN(CC)CC(=O)Nc1c(C)cccc1C,4
Input,BRD-K40566034,0.20354108,InputSig,NA,NA,LINCSCP_7838,A549,10uM,24h,lung,NA,NA,HPXQJKADXJMKNX-WTBTXGFSSA-N,"InChI=1S/C35H38N4O4/c1-24-20-39(25(2)23-40)35(42)31-19-30(37-34(41)29-15-17-36-18-16-29)13-14-32(31)43-33(24)22-38(3)21-26-9-11-28(12-10-26)27-7-5-4-6-8-27/h4-19,24-25,33,40H,20-23H2,1-3H3,(H,37,41)/t24-,25-,33-/m1/s1",32737,C[C@H](CO)N1C[C@@H](C)[C@@H](CN(C)Cc2ccc(cc2)c3ccccc3)Oc4ccc(NC(=O)c5ccncc5)cc4C1=O,NA
Input,"4-(3-Ethyl[1,2,4]triazolo[3,4-b][1,3,4]thiadiazol-6-yl)aniline",0.20349284,InputSig,NA,NA,LINCSCP_310061,VCAP,10uM,24h,prostate,NA,NA,GAJKVTDZIAHPIA-UHFFFAOYSA-N,"InChI=1S/C11H11N5S/c1-2-9-13-14-11-16(9)15-10(17-11)7-3-5-8(12)6-4-7/h3-6H,2,12H2,1H3",25357,CCc1nnc2sc(nn12)c3ccc(N)cc3,NA
Input,BRD-K68950762,0.20345503,InputSig,NA,NA,LINCSCP_249576,MCF7,5uM,24h,breast,NA,NA,RSWMBKZIDGCISK-ISKFKSNPSA-N,"InChI=1S/C26H30N2O4/c1-17-4-3-5-21(12-17)18-6-8-19(9-7-18)24-22(13-29)28(25(31)20-10-11-20)26(24)15-27(16-26)23(30)14-32-2/h3-9,12,20,22,24,29H,10-11,13-16H2,1-2H3/t22-,24-/m1/s1",33435,COCC(=O)N1CC2(C1)[C@@H]([C@@H](CO)N2C(=O)C3CC3)c4ccc(cc4)c5cccc(C)c5,NA
Input,MLS003370614,0.20344114,InputSig,NA,NA,LINCSCP_268833,PC3,10uM,6h,prostate,NA,NA,RIIKRGITZNNPGL-UHFFFAOYSA-N,"InChI=1S/C28H26N2O3/c1-19-8-5-9-20(2)26(19)33-18-21-10-6-11-22(16-21)27-29-25-14-4-3-13-24(25)28(31)30(27)17-23-12-7-15-32-23/h3-16,27,29H,17-18H2,1-2H3",481,Cc1cccc(C)c1OCc2cccc(c2)C3Nc4ccccc4C(=O)N3Cc5occc5,NA
Input,BRD-K99581804-001-01-2,0.20341161,InputSig,NA,NA,LINCSCP_7948,A549,10uM,24h,lung,NA,NA,WIYHORLWMFSPCL-CBKFLQRHSA-N,"InChI=1S/C32H47N3O6/c1-22-17-35(23(2)20-36)32(37)27-16-26(33(4)5)11-13-28(27)41-24(3)9-7-8-14-38-31(22)19-34(6)18-25-10-12-29-30(15-25)40-21-39-29/h10-13,15-16,22-24,31,36H,7-9,14,17-21H2,1-6H3/t22-,23-,24+,31-/m0/s1",23499,C[C@@H](CO)N1C[C@H](C)[C@H](CN(C)Cc2ccc3OCOc3c2)OCCCC[C@@H](C)Oc4ccc(cc4C1=O)N(C)C,NA
Input,CHEMBL1358228,0.20340033,InputSig,NA,NA,LINCSCP_292550,VCAP,10uM,6h,prostate,NA,NA,BANOCBYMYBHZCK-UHFFFAOYSA-N,"InChI=1S/C15H13FN2O3S/c16-11-2-4-12(5-3-11)18-22(20,21)13-6-7-14-10(9-13)1-8-15(19)17-14/h2-7,9,18H,1,8H2,(H,17,19)",15507,Fc1ccc(NS(=O)(=O)c2ccc3NC(=O)CCc3c2)cc1,NA
Input,BRD-K83933044,0.20333027,InputSig,NA,NA,LINCSCP_62695,VCAP,5uM,24h,prostate,NA,NA,PTZKUMYBXIPSAJ-CMJNZLRFSA-N,"InChI=1S/C25H29F2N3O5/c1-30(2)12-24(33)29-16-4-6-21-18(8-16)19-9-17(34-22(13-31)25(19)35-21)10-23(32)28-11-14-7-15(26)3-5-20(14)27/h3-8,17,19,22,25,31H,9-13H2,1-2H3,(H,28,32)(H,29,33)/t17-,19-,22+,25+/m0/s1",4340,CN(C)CC(=O)Nc1ccc2O[C@H]3[C@@H](CO)O[C@H](CC(=O)NCc4cc(F)ccc4F)C[C@H]3c2c1,NA
Input,Isotretinoin,0.20332661,InputSig,NA,NA,LINCSCP_20750,HCC515,10uM,6h,lung,Retinoic acid receptor agonist,RARA|RARB|RARG,SHGAZHPCJJPHSC-XFYACQKRSA-N,"InChI=1S/C20H28O2/c1-15(8-6-9-16(2)14-19(21)22)11-12-18-17(3)10-7-13-20(18,4)5/h6,8-9,11-12,14H,7,10,13H2,1-5H3,(H,21,22)/b9-6+,12-11+,15-8+,16-14-",2587,C\C(=C\C(=O)O)\C=C\C=C(/C)\C=C\C1=C(C)CCCC1(C)C,4
Input,Semagacestat (LY450139),0.20332342,InputSig,NA,NA,LINCSCP_97159,HA1E,1.11uM,24h,kidney epithelial,NA,NA,PKXWXXPNHIWQHW-MAZHCROVSA-N,"InChI=1S/C19H27N3O4/c1-11(2)16(23)18(25)20-12(3)17(24)21-15-14-8-6-5-7-13(14)9-10-22(4)19(15)26/h5-8,11-12,15-16,23H,9-10H2,1-4H3,(H,20,25)(H,21,24)/t12-,15+,16-/m0/s1",26611,CC(C)[C@H](O)C(=O)N[C@@H](C)C(=O)N[C@H]1C(=O)N(C)CCc2ccccc12,NA
Input,MLS002607684,0.20330279,InputSig,NA,NA,LINCSCP_19922,HCC515,10uM,6h,lung,NA,NA,WYIOZYLMKJEOIK-UHFFFAOYSA-N,"InChI=1S/C13H9O4P/c14-13-11-4-2-1-3-9(11)10-6-5-8(7-12(10)13)18(15,16)17/h1-7H,(H2,15,16,17)",17352,OP(=O)(O)c1ccc2c3ccccc3C(=O)c2c1,NA
Input,CHEMBL2152358,0.20326398,InputSig,NA,NA,LINCSCP_23804,HEPG2,0.5uM,6h,liver,Hedgehog pathway modulator,NA,GWFKHZRABSRIEY-SNQMWDEISA-N,"InChI=1S/C26H27ClN2O4/c27-20-12-10-17(11-13-20)16-28-24(31)15-19-7-2-1-3-9-23(30)29-25-21-8-5-4-6-18(21)14-22(25)33-26(19)32/h1-2,4-6,8,10-13,19,22,25H,3,7,9,14-16H2,(H,28,31)(H,29,30)/b2-1+/t19-,22-,25+/m0/s1",17784,Clc1ccc(CNC(=O)C[C@@H]2C\C=C\CCC(=O)N[C@H]3[C@H](Cc4ccccc34)OC2=O)cc1,NA
Input,Nocodazole,0.20322709,InputSig,NA,NA,LINCSCP_37772,MCF7,3uM,6h,breast,Tubulin inhibitor,NA,KYRVNWMVYQXFEU-UHFFFAOYSA-N,"InChI=1S/C14H11N3O3S/c1-20-14(19)17-13-15-9-5-4-8(7-10(9)16-13)12(18)11-3-2-6-21-11/h2-7H,1H3,(H2,15,16,17,19)",576,COC(=O)Nc1nc2cc(ccc2[nH]1)C(=O)c3cccs3,NA
Input,Ivacaftor (VX-770),0.20322573,InputSig,NA,NA,LINCSCP_76477,A375,0.37uM,24h,skin,Cystic fibrosis transmembrane conductance regulator positive modulator,CFTR,PURKAOJPTOLRMP-UHFFFAOYSA-N,"InChI=1S/C24H28N2O3/c1-23(2,3)16-11-17(24(4,5)6)20(27)12-19(16)26-22(29)15-13-25-18-10-8-7-9-14(18)21(15)28/h7-13,27H,1-6H3,(H,25,28)(H,26,29)",27175,CC(C)(C)c1cc(c(NC(=O)C2=CNc3ccccc3C2=O)cc1O)C(C)(C)C,4
Input,3-Phenyl-1H-pyrazole-5-carboxylic acid,0.20320784,InputSig,NA,NA,LINCSCP_188303,A549,10uM,24h,lung,NA,NA,QBPUOAJBMXXBNU-UHFFFAOYSA-N,"InChI=1S/C10H8N2O2/c13-10(14)9-6-8(11-12-9)7-4-2-1-3-5-7/h1-6H,(H,11,12)(H,13,14)",15645,OC(=O)c1cc([nH]n1)c2ccccc2,NA
Input,Denbufylline,0.20315174,InputSig,NA,NA,LINCSCP_2706,A375,10uM,6h,skin,Phosphodiesterase inhibitor,NA,HJPRDDKCXVCFOH-UHFFFAOYSA-N,"InChI=1S/C16H24N4O3/c1-4-6-8-19-14-13(18(11-17-14)10-12(3)21)15(22)20(16(19)23)9-7-5-2/h11H,4-10H2,1-3H3",6763,CCCCN1C(=O)N(CCCC)c2ncn(CC(=O)C)c2C1=O,NA
Input,Navitoclax,0.20308166,InputSig,NA,NA,LINCSCP_224051,HT29,10uM,24h,large intestine,BCL inhibitor,BCL2|BCL2L1|BCL2L2,JLYAXFNOILIKPP-KXQOOQHDSA-N,"InChI=1S/C47H55ClF3N5O6S3/c1-46(2)20-18-42(34-8-12-37(48)13-9-34)36(31-46)32-55-22-24-56(25-23-55)39-14-10-35(11-15-39)45(57)53-65(60,61)41-16-17-43(44(30-41)64(58,59)47(49,50)51)52-38(19-21-54-26-28-62-29-27-54)33-63-40-6-4-3-5-7-40/h3-17,30,38,52H,18-29,31-33H2,1-2H3,(H,53,57)/t38-/m1/s1",16188,CC1(C)CCC(=C(CN2CCN(CC2)c3ccc(cc3)C(=O)NS(=O)(=O)c4ccc(N[C@H](CCN5CCOCC5)CSc6ccccc6)c(c4)S(=O)(=O)C(F)(F)F)C1)c7ccc(Cl)cc7,2
Input,"2-Propenoic acid, 3-[4-(1H-imidazol-1-ylmethyl)phenyl]-, (z)-",0.20300838,InputSig,NA,NA,LINCSCP_55802,VCAP,10uM,6h,prostate,Thromboxane synthase inhibitor,TBXAS1,SHZKQBHERIJWAO-UHFFFAOYSA-N,"InChI=1S/C13H12N2O2/c16-13(17)6-5-11-1-3-12(4-2-11)9-15-8-7-14-10-15/h1-8,10H,9H2,(H,16,17)",35595,OC(=O)C=Cc1ccc(Cn2ccnc2)cc1,NA
Input,SA-102695,0.20296103,InputSig,NA,NA,LINCSCP_37663,MCF7,3uM,24h,breast,NA,NA,HFWABMRXOKEYCK-PXFJVXAFSA-N,"InChI=1S/C33H45N3O8S3/c1-23-11-14-28(15-12-23)47(41,42)35(5)21-31-24(2)20-36(25(3)22-37)33(38)29-19-27(34-46(39,40)32-10-8-18-45-32)13-16-30(29)44-26(4)9-6-7-17-43-31/h8,10-16,18-19,24-26,31,34,37H,6-7,9,17,20-22H2,1-5H3/t24-,25+,26+,31-/m0/s1",32301,C[C@H](CO)N1C[C@H](C)[C@H](CN(C)S(=O)(=O)c2ccc(C)cc2)OCCCC[C@@H](C)Oc3ccc(NS(=O)(=O)c4cccs4)cc3C1=O,NA
Input,Carvedilol,0.20295105,InputSig,NA,NA,LINCSCP_38264,MCF7,1uM,6h,breast,Adrenergic receptor antagonist,ADRA1A|ADRA1B|ADRA1D|ADRB1|ADRB2|ADRB3,OGHNVEJMJSYVRP-UHFFFAOYSA-N,"InChI=1S/C24H26N2O4/c1-28-21-10-4-5-11-22(21)29-14-13-25-15-17(27)16-30-23-12-6-9-20-24(23)18-7-2-3-8-19(18)26-20/h2-12,17,25-27H,13-16H2,1H3",35326,COc1ccccc1OCCNCC(O)COc2cccc3[nH]c4ccccc4c23,4
Input,BRD-K88376874,0.20294356,InputSig,NA,NA,LINCSCP_28107,HT29,5uM,24h,large intestine,NA,NA,UXHPJSJBAOCQQE-ZEVJAHDQSA-N,"InChI=1S/C27H31N3O4/c1-28(2)27(34)21-11-7-19(8-12-21)18-5-9-20(10-6-18)26-22-14-29(24(32)13-17-3-4-17)15-25(33)30(22)23(26)16-31/h5-12,17,22-23,26,31H,3-4,13-16H2,1-2H3/t22-,23+,26-/m0/s1",33975,CN(C)C(=O)c1ccc(cc1)c2ccc(cc2)[C@@H]3[C@@H](CO)N4[C@H]3CN(CC4=O)C(=O)CC5CC5,NA
Input,BRD-K33066317,0.2028956,InputSig,NA,NA,LINCSCP_275503,PC3,5uM,24h,prostate,NA,NA,JTUOZIKDJHIQCB-KCZVDYSFSA-N,"InChI=1S/C22H27FN2O3/c1-3-25(21(27)14-28-2)12-19-22(20(13-26)24-19)17-6-4-15(5-7-17)16-8-10-18(23)11-9-16/h4-11,19-20,22,24,26H,3,12-14H2,1-2H3/t19-,20-,22-/m1/s1",32545,CCN(C[C@H]1N[C@H](CO)[C@@H]1c2ccc(cc2)c3ccc(F)cc3)C(=O)COC,NA
Input,Furosemide,0.20288045,InputSig,NA,NA,LINCSCP_126422,HT29,0.12uM,24h,large intestine,Diuretic,SLC12A1|SLC12A2,ZZUFCTLCJUWOSV-UHFFFAOYSA-N,"InChI=1S/C12H11ClN2O5S/c13-9-5-10(15-6-7-2-1-3-20-7)8(12(16)17)4-11(9)21(14,18)19/h1-5,15H,6H2,(H,16,17)(H2,14,18,19)",36547,NS(=O)(=O)c1cc(C(=O)O)c(NCc2occc2)cc1Cl,4
Input,BRD-K34545919,0.20287883,InputSig,NA,NA,LINCSCP_65624,VCAP,10uM,24h,prostate,NA,NA,KDXLDHVMUOGHJB-PNJTVDSWSA-N,"InChI=1S/C19H30N2O4S/c1-6-7-16-8-9-19-17(10-16)25-18(12-20(4)5)14(2)11-21(15(3)13-22)26(19,23)24/h6-10,14-15,18,22H,11-13H2,1-5H3/b7-6+/t14-,15-,18+/m0/s1",24484,C\C=C\c1ccc2c(O[C@H](CN(C)C)[C@@H](C)CN([C@@H](C)CO)S2(=O)=O)c1,NA
Input,SCH-23390,0.20287764,InputSig,NA,NA,LINCSCP_258706,NEU,10uM,24h,NA,Dopamine receptor antagonist,DRD1|DRD5|HTR2C,GOTMKOSCLKVOGG-OAHLLOKOSA-N,"InChI=1S/C17H18ClNO/c1-19-8-7-13-9-16(18)17(20)10-14(13)15(11-19)12-5-3-2-4-6-12/h2-6,9-10,15,20H,7-8,11H2,1H3/t15-/m1/s1",15673,CN1CCc2cc(Cl)c(O)cc2[C@H](C1)c3ccccc3,NA
Input,KUC103423N,0.20285517,InputSig,NA,NA,LINCSCP_31556,MCF7,10uM,24h,breast,NA,NA,MBSCPVGGCCNQCY-UHFFFAOYSA-N,"InChI=1S/C22H21N3O2S/c1-16-7-9-18(10-8-16)22-15-21(17-5-3-2-4-6-17)24-25(22)19-11-13-20(14-12-19)28(23,26)27/h2-14,22H,15H2,1H3,(H2,23,26,27)",23046,Cc1ccc(cc1)C2CC(=NN2c3ccc(cc3)S(=O)(=O)N)c4ccccc4,NA
Input,NVP DPP 728 dihydrochloride,0.2028103,InputSig,NA,NA,LINCSCP_142989,MCF7,0.12uM,24h,breast,NA,NA,VFFZWMWTUSXDCB-ZDUSSCGKSA-N,"InChI=1S/C15H18N6O/c16-8-12-3-4-14(20-10-12)19-6-5-18-11-15(22)21-7-1-2-13(21)9-17/h3-4,10,13,18H,1-2,5-7,11H2,(H,19,20)/t13-/m0/s1",26815,O=C(CNCCNc1ccc(cn1)C#N)N2CCC[C@H]2C#N,NA
Input,CHEMBL2357518,0.20280822,InputSig,NA,NA,LINCSCP_65208,VCAP,10uM,24h,prostate,NA,NA,PEEJAUXHJGOSQX-UMQWNRPGSA-N,"InChI=1S/C29H32FN3O4S/c1-20-16-33(21(2)19-34)38(35,36)29-12-11-25(24-9-7-22(15-31)8-10-24)14-27(29)37-28(20)18-32(3)17-23-5-4-6-26(30)13-23/h4-14,20-21,28,34H,16-19H2,1-3H3/t20-,21-,28-/m1/s1",37876,C[C@H](CO)N1C[C@@H](C)[C@@H](CN(C)Cc2cccc(F)c2)Oc3cc(ccc3S1(=O)=O)c4ccc(cc4)C#N,NA
Input,PRESTWICK3_000689,0.20273088,InputSig,NA,NA,LINCSCP_7266,A549,10uM,24h,lung,NA,NA,DITOENWBJBNZSL-ORBLICNNSA-N,"InChI=1S/C18H19NO5/c1-19-4-3-9-5-14(21-2)17-15(16(9)19)10-6-12-13(23-8-22-12)7-11(10)18(20)24-17/h5-7,14-17H,3-4,8H2,1-2H3/t14-,15?,16+,17+/m0/s1",35452,CO[C@H]1C=C2CCN(C)[C@H]2C3[C@@H]1OC(=O)c4cc5OCOc5cc34,NA
Input,SA-1921456,0.20271825,InputSig,NA,NA,LINCSCP_260913,NKDBA,1uM,24h,kidney epithelial,NA,NA,WYTFSBUXHVGTCT-LSMIHOHGSA-N,"InChI=1S/C30H32N4O3/c1-37-28-10-3-2-9-25(28)32-30(36)33-15-4-5-16-34-26(19-33)29(27(34)20-35)23-13-11-22(12-14-23)24-8-6-7-21(17-24)18-31/h2-3,6-14,17,26-27,29,35H,4-5,15-16,19-20H2,1H3,(H,32,36)/t26-,27-,29-/m1/s1",13467,COc1ccccc1NC(=O)N2CCCCN3[C@H](CO)[C@@H]([C@H]3C2)c4ccc(cc4)c5cccc(c5)C#N,NA
Input,MLS003448167,0.20265066,InputSig,NA,NA,LINCSCP_19739,HCC515,10uM,6h,lung,NA,NA,PJCOHLDUAVDGLC-UHFFFAOYSA-N,"InChI=1S/C16H21N3O2/c1-4-17-14(20)9-10-15-18-16(19-21-15)13-7-5-12(6-8-13)11(2)3/h5-8,11H,4,9-10H2,1-3H3,(H,17,20)",22758,CCNC(=O)CCc1onc(n1)c2ccc(cc2)C(C)C,NA
Input,Tyrphostin AG-112,0.20262324,InputSig,NA,NA,LINCSCP_13446,H1299,10uM,6h,lung,Protein tyrosine kinase inhibitor,NA,DXVJRTIPBNBLLB-BJMVGYQFSA-N,"InChI=1S/C13H8N4O/c14-6-10(13(17)11(7-15)8-16)5-9-1-3-12(18)4-2-9/h1-5,18H,17H2/b10-5+",17655,NC(=C(C#N)C#N)\C(=C\c1ccc(O)cc1)\C#N,NA
Input,Mirtazapine,0.20258583,InputSig,NA,NA,LINCSCP_258610,NEU,10uM,24h,NA,Adrenergic receptor antagonist|Serotonin receptor antagonist,ADRA2A|ADRA2B|ADRA2C|HTR2A|HTR2C|HTR3A,RONZAEMNMFQXRA-UHFFFAOYSA-N,"InChI=1S/C17H19N3/c1-19-9-10-20-16(12-19)15-7-3-2-5-13(15)11-14-6-4-8-18-17(14)20/h2-8,16H,9-12H2,1H3",15287,CN1CCN2C(C1)c3ccccc3Cc4cccnc24,4
Input,Telmisartan,0.20251177,InputSig,NA,NA,LINCSCP_22792,HEPG2,10uM,6h,liver,Angiotensin receptor antagonist,AGTR1|PPARG,RMMXLENWKUUMAY-UHFFFAOYSA-N,"InChI=1S/C33H30N4O2/c1-4-9-30-35-31-21(2)18-24(32-34-27-12-7-8-13-28(27)36(32)3)19-29(31)37(30)20-22-14-16-23(17-15-22)25-10-5-6-11-26(25)33(38)39/h5-8,10-19H,4,9,20H2,1-3H3,(H,38,39)",18214,CCCc1nc2c(C)cc(cc2n1Cc3ccc(cc3)c4ccccc4C(=O)O)c5nc6ccccc6n5C,4
Input,Cnqx,0.20250904,InputSig,NA,NA,LINCSCP_91164,HA1E,0.12uM,24h,kidney epithelial,NA,NA,RPXVIAFEQBNEAX-UHFFFAOYSA-N,"InChI=1S/C9H4N4O4/c10-3-4-1-5-6(2-7(4)13(16)17)12-9(15)8(14)11-5/h1-2H,(H,11,14)(H,12,15)",35838,Oc1nc2cc(C#N)c(cc2nc1O)[N+](=O)[O-],NA
Input,Orlistat,0.20249219,InputSig,NA,NA,LINCSCP_124146,HT29,3.33uM,24h,large intestine,Lipase inhibitor,DAGLA|FASN|LIPF|PNLIP,AHLBNYSZXLDEJQ-FWEHEUNISA-N,"InChI=1S/C29H53NO5/c1-5-7-9-11-12-13-14-15-16-18-24(34-29(33)26(30-22-31)20-23(3)4)21-27-25(28(32)35-27)19-17-10-8-6-2/h22-27H,5-21H2,1-4H3,(H,30,31)/t24-,25-,26-,27-/m0/s1",16386,CCCCCCCCCCC[C@@H](C[C@@H]1OC(=O)[C@H]1CCCCCC)OC(=O)[C@H](CC(C)C)NC=O,4
Input,BRD-K26545157,0.20248341,InputSig,NA,NA,LINCSCP_199543,A549,5uM,24h,lung,NA,NA,WQLAOOWGOFCETA-AREMUKBSSA-N,"InChI=1S/C30H39N5O4/c1-32-25-17-23(38-2)3-4-24(25)28-29(32)26(20-36)35(27(37)19-34-13-15-39-16-14-34)21-30(28)7-11-33(12-8-30)18-22-5-9-31-10-6-22/h3-6,9-10,17,26,36H,7-8,11-16,18-21H2,1-2H3/t26-/m1/s1",12262,COc1ccc2c3c([C@@H](CO)N(CC34CCN(Cc5ccncc5)CC4)C(=O)CN6CCOCC6)n(C)c2c1,NA
Input,CHEMBL3184708,0.2023991,InputSig,NA,NA,LINCSCP_305603,VCAP,5uM,24h,prostate,NA,NA,AUIPUTFGLWBLIN-LANXFFHOSA-N,"InChI=1S/C33H38N4O5S/c1-33(2,3)43(40)37-20-25-18-26(32(39)34-19-23-11-12-28-29(17-23)42-21-41-28)35-31(30(25)27(37)13-15-38)24-10-6-8-22(16-24)9-7-14-36(4)5/h6,8,10-12,16-18,27,38H,13-15,19-21H2,1-5H3,(H,34,39)/t27-,43?/m0/s1",40219,CN(C)CC#Cc1cccc(c1)c2nc(cc3CN([C@@H](CCO)c23)S(=O)C(C)(C)C)C(=O)NCc4ccc5OCOc5c4,NA
Input,Dopamine,0.20238684,InputSig,NA,NA,LINCSCP_27316,HT29,10uM,6h,large intestine,Dopamine receptor agonist,ADRB1|DRD1|DRD2|DRD3|DRD4|DRD5,VYFYYTLLBUKUHU-UHFFFAOYSA-N,"InChI=1S/C8H11NO2/c9-4-3-6-1-2-7(10)8(11)5-6/h1-2,5,10-11H,3-4,9H2",36273,NCCc1ccc(O)c(O)c1,4
Input,MRS 1754,0.20237852,InputSig,NA,NA,LINCSCP_284789,SKB,10uM,24h,NA,Adenosine receptor antagonist,ADORA2B,AJBBEYXFRYFVNM-UHFFFAOYSA-N,"InChI=1S/C26H26N6O4/c1-3-13-31-24-22(25(34)32(14-4-2)26(31)35)29-23(30-24)18-7-11-20(12-8-18)36-16-21(33)28-19-9-5-17(15-27)6-10-19/h5-12H,3-4,13-14,16H2,1-2H3,(H,28,33)(H,29,30)",38529,CCCN1C(=O)N(CCC)c2nc([nH]c2C1=O)c3ccc(OCC(=O)Nc4ccc(cc4)C#N)cc3,NA
Input,CHEMBL3220940,0.20236769,InputSig,NA,NA,LINCSCP_41151,NEU,10uM,24h,NA,Antipsychotic,NA,XLXKFIZSUWGEEC-UHFFFAOYSA-N,"InChI=1S/C16H17ClN2OS/c1-18-9-4-10-19-13-5-2-3-6-15(13)21(20)16-8-7-12(17)11-14(16)19/h2-3,5-8,11,18H,4,9-10H2,1H3",39913,CNCCCN1c2ccccc2S(=O)c3ccc(Cl)cc13,NA
Input,BRD-K86800060,0.20233683,InputSig,NA,NA,LINCSCP_62421,VCAP,5uM,6h,prostate,NA,NA,RREKHFLFIWGNNG-KLYAEHFASA-N,"InChI=1S/C25H28FN3O6/c26-19-3-1-2-4-20(19)28-25(32)27-15-5-6-21-17(11-15)18-12-16(34-22(14-30)24(18)35-21)13-23(31)29-7-9-33-10-8-29/h1-6,11,16,18,22,24,30H,7-10,12-14H2,(H2,27,28,32)/t16-,18+,22-,24-/m1/s1",25125,OC[C@H]1O[C@@H](CC(=O)N2CCOCC2)C[C@@H]3[C@H]1Oc4ccc(NC(=O)Nc5ccccc5F)cc34,NA
Input,BRD-K76366810,0.20231824,InputSig,NA,NA,LINCSCP_301964,VCAP,5uM,6h,prostate,NA,NA,WVRHSCPXBJSNMQ-MDKPJZGXSA-N,"InChI=1S/C22H25ClN2O7S/c23-15-2-5-17(6-3-15)33(28,29)25-18-7-4-16(32-21(18)12-26)9-10-24-22(27)14-1-8-19-20(11-14)31-13-30-19/h1-3,5-6,8,11,16,18,21,25-26H,4,7,9-10,12-13H2,(H,24,27)/t16-,18-,21-/m0/s1",5545,OC[C@@H]1O[C@H](CCNC(=O)c2ccc3OCOc3c2)CC[C@@H]1NS(=O)(=O)c4ccc(Cl)cc4,NA
Input,tunicamycin,0.20231327,InputSig,NA,NA,LINCSCP_38894,MCH58,NA,144h,fibroblast,GLCNAC phosphotransferase inhibitor,GNPTAB,NA,NA,42764,NA,NA
Input,BRD-K70974948,0.20230884,InputSig,NA,NA,LINCSCP_20312,HCC515,10uM,6h,lung,NA,NA,MNMLFFQUHHOZKL-HOZJOUCCSA-N,"InChI=1S/C27H33Cl2N3O4/c1-16-12-32(17(2)15-33)27(35)20-5-4-6-23(30-26(34)19-8-9-19)25(20)36-24(16)14-31(3)13-18-7-10-21(28)22(29)11-18/h4-7,10-11,16-17,19,24,33H,8-9,12-15H2,1-3H3,(H,30,34)/t16-,17-,24-/m1/s1",23391,C[C@H](CO)N1C[C@@H](C)[C@@H](CN(C)Cc2ccc(Cl)c(Cl)c2)Oc3c(NC(=O)C4CC4)cccc3C1=O,NA
Input,MLS002548992,0.20228944,InputSig,NA,NA,LINCSCP_19934,HCC515,10uM,6h,lung,NA,NA,FDHVWDYMZSGXQN-UHFFFAOYSA-N,"InChI=1S/C16H15N3OS2/c20-14(13-2-1-8-21-13)11-3-6-19(7-4-11)15-12-5-9-22-16(12)18-10-17-15/h1-2,5,8-11H,3-4,6-7H2",35967,O=C(C1CCN(CC1)c2ncnc3sccc23)c4cccs4,NA
Input,252916-29-3,0.20223029,InputSig,NA,NA,LINCSCP_59130,VCAP,10uM,6h,prostate,FGFR inhibitor|PDGFR tyrosine kinase receptor inhibitor|VEGFR inhibitor,AURKA|AURKB|FGFR1|FGFR2|KDR|PDGFRA|PDGFRB,NHFDRBXTEDBWCZ-NTEUORMPSA-N,"InChI=1S/C18H18N2O3/c1-10-12(7-8-17(21)22)11(2)19-16(10)9-14-13-5-3-4-6-15(13)20-18(14)23/h3-6,9,19H,7-8H2,1-2H3,(H,20,23)(H,21,22)/b14-9+",5371,Cc1[nH]c(\C=C/2\C(=O)Nc3ccccc23)c(C)c1CCC(=O)O,NA
Input,CHEMBL1270312,0.20221603,InputSig,NA,NA,LINCSCP_15990,HA1E,10uM,6h,kidney epithelial,Lipoxygenase inhibitor,NA,HXNBDGQJLOLYJM-UHFFFAOYSA-N,"InChI=1S/C21H14N2O3S2/c24-20(16-10-13-27-14-16)25-11-3-4-12-28-21-23-22-19(26-21)18-9-5-7-15-6-1-2-8-17(15)18/h1-2,5-10,13-14H,11-12H2",35692,O=C(OCC#CCSc1oc(nn1)c2cccc3ccccc23)c4ccsc4,NA
Input,triptolide,0.20199351,InputSig,NA,NA,LINCSCP_149117,NPC,1.11uM,24h,neural progenitor cells,NA,NA,NA,NA,NA,NA,NA
Input,CEFOTETAN,0.20197005,InputSig,NA,NA,LINCSCP_109700,HELA,0.04uM,24h,large intestine,NA,NA,SRZNHPXWXCNNDU-PGEKIEPBSA-N,"InChI=1S/C17H17N7O8S4/c1-23-16(20-21-22-23)34-4-5-3-33-15-17(32-2,14(31)24(15)7(5)11(29)30)19-9(26)13-35-12(36-13)6(8(18)25)10(27)28/h13,15H,3-4H2,1-2H3,(H2,18,25)(H,19,26)(H,27,28)(H,29,30)/t13?,15?,17-/m0/s1",26871,CO[C@]1(NC(=O)C2SC(=C(C(=O)N)C(=O)O)S2)C3SCC(=C(N3C1=O)C(=O)O)CSc4nnnn4C,NA
Input,SPECTRUM_001020,0.20195548,InputSig,NA,NA,LINCSCP_270,A375,10uM,24h,skin,Adrenergic receptor agonist,NA,KWGRBVOPPLSCSI-HTLJXXAVSA-N,"InChI=1S/C10H15NO/c1-8(11-2)10(12)9-6-4-3-5-7-9/h3-8,10-12H,1-2H3/t8?,10-/m0/s1",24913,CNC(C)[C@H](O)c1ccccc1,NA
Input,A-443654,0.20194372,InputSig,NA,NA,LINCSCP_29727,MCF10A,0.1uM,6h,breast epithelial,AKT inhibitor,AKT1|AKT2,YWTBGJGMTBHQTM-IBGZPJMESA-N,"InChI=1S/C24H23N5O/c1-15-22-10-16(6-7-24(22)29-28-15)17-9-20(13-26-11-17)30-14-19(25)8-18-12-27-23-5-3-2-4-21(18)23/h2-7,9-13,19,27H,8,14,25H2,1H3,(H,28,29)/t19-/m0/s1",15124,Cc1[nH]nc2ccc(cc12)c3cncc(OC[C@@H](N)Cc4c[nH]c5ccccc45)c3,NA
Input,BRD-K02549628,0.2019288,InputSig,NA,NA,LINCSCP_48717,PC3,10uM,24h,prostate,NA,NA,NGSVTCXVDNQXPV-IECBHUPTSA-N,"InChI=1S/C25H32N2O5S/c1-18-15-27(19(2)17-28)33(29,30)25-12-11-21(14-23(25)32-24(18)16-26(3)4)10-9-20-7-6-8-22(13-20)31-5/h6-8,11-14,18-19,24,28H,15-17H2,1-5H3/t18-,19-,24+/m1/s1",31758,COc1cccc(c1)C#Cc2ccc3c(O[C@@H](CN(C)C)[C@H](C)CN([C@H](C)CO)S3(=O)=O)c2,NA
Input,"3-Chloro-n-{3-[(furan-2-ylmethyl)carbamoyl]-5,6-dihydro-4H-cyclopenta[b]thiophen-2-yl}-1-benzothiophene-2-carboxamide",0.20192208,InputSig,NA,NA,LINCSCP_2070,A375,10uM,6h,skin,NA,NA,ZKBGBRCJYUFGOO-UHFFFAOYSA-N,"InChI=1S/C22H17ClN2O3S2/c23-18-14-6-1-2-8-16(14)29-19(18)21(27)25-22-17(13-7-3-9-15(13)30-22)20(26)24-11-12-5-4-10-28-12/h1-2,4-6,8,10H,3,7,9,11H2,(H,24,26)(H,25,27)",1432,Clc1c(sc2ccccc12)C(=O)Nc3sc4CCCc4c3C(=O)NCc5occc5,NA
Input,Mycophenolate Mofetil,0.20187271,InputSig,NA,NA,LINCSCP_50045,PHH,10uM,24h,NA,Dehydrogenase inhibitor|Hydroxycarboxylic acid receptor agonist|Immunosuppressant|Inosine monophosphate dehydrogenase inhibitor|Inositol monophosphatase inhibitor,IMPDH1|IMPDH2,RTGDFNSFWBGLEC-SYZQJQIISA-N,"InChI=1S/C23H31NO7/c1-15(5-7-19(25)30-13-10-24-8-11-29-12-9-24)4-6-17-21(26)20-18(14-31-23(20)27)16(2)22(17)28-3/h4,26H,5-14H2,1-3H3/b15-4+",17643,COc1c(C)c2COC(=O)c2c(O)c1C\C=C(/C)\CCC(=O)OCCN3CCOCC3,4
Input,BRD-K09632545,0.20185776,InputSig,NA,NA,LINCSCP_301806,VCAP,5uM,6h,prostate,NA,NA,WCJFLIIYNCSVNP-WJPUGNRLSA-N,"InChI=1S/C22H26N6O4/c1-31-20-5-3-2-4-16(20)19-13-28(27-26-19)11-8-15-6-7-17(21(14-29)32-15)25-22(30)18-12-23-9-10-24-18/h2-5,9-10,12-13,15,17,21,29H,6-8,11,14H2,1H3,(H,25,30)/t15-,17-,21-/m0/s1",23292,COc1ccccc1c2cn(CC[C@@H]3CC[C@H](NC(=O)c4cnccn4)[C@H](CO)O3)nn2,NA
Input,SCIO 469 hydrochloride,0.20179371,InputSig,NA,NA,LINCSCP_153317,PC3,0.04uM,24h,prostate,MAP kinase p38 alpha inhibitor,MAPK14,ZMELOYOKMZBMRB-DLBZAZTESA-N,"InChI=1S/C27H30ClFN4O3/c1-16-13-33(17(2)12-32(16)14-18-6-8-19(29)9-7-18)26(35)21-10-20-22(25(34)27(36)30(3)4)15-31(5)24(20)11-23(21)28/h6-11,15-17H,12-14H2,1-5H3/t16-,17+/m0/s1",27067,C[C@@H]1CN(Cc2ccc(F)cc2)[C@@H](C)CN1C(=O)c3cc4c(cn(C)c4cc3Cl)C(=O)C(=O)N(C)C,2
Input,SCHEMBL17052537,0.2017843,InputSig,NA,NA,LINCSCP_24594,HS578T,1uM,6h,breast,MTOR inhibitor,BTK|JAK3|MKNK2|MTOR|PRKDC,JMVDIGHUQAXWIE-UHFFFAOYSA-N,"InChI=1S/C25H19N5O2/c1-3-23(31)29-22-11-19(7-4-15(22)2)30-24(32)9-6-17-12-26-21-8-5-16(10-20(21)25(17)30)18-13-27-28-14-18/h3-14H,1H2,2H3,(H,27,28)(H,29,31)",1620,Cc1ccc(cc1NC(=O)C=C)N2C(=O)C=Cc3cnc4ccc(cc4c23)c5cn[nH]c5,NA
Input,PRIMA 1,0.20177136,InputSig,NA,NA,LINCSCP_40054,NCIH2073,40uM,6h,lung,TP53 inhibitor,ACHE,RFBVBRVVOPAAFS-UHFFFAOYSA-N,"InChI=1S/C9H15NO3/c11-5-9(6-12)8(13)7-1-3-10(9)4-2-7/h7,11-12H,1-6H2",16517,OCC1(CO)N2CCC(CC2)C1=O,NA
Input,Toremifene,0.20176025,InputSig,NA,NA,LINCSCP_168595,YAPC,10uM,24h,pancreas,Estrogen receptor antagonist|Selective estrogen receptor modulator (SERM),ESR1|ESR2,XFCLJVABOIYOMF-QPLCGJKRSA-N,"InChI=1S/C26H28ClNO/c1-28(2)19-20-29-24-15-13-23(14-16-24)26(22-11-7-4-8-12-22)25(17-18-27)21-9-5-3-6-10-21/h3-16H,17-20H2,1-2H3/b26-25-",37469,CN(C)CCOc1ccc(cc1)\C(=C(\CCCl)/c2ccccc2)\c3ccccc3,4
Input,Cimetidine,0.20162748,InputSig,NA,NA,LINCSCP_50093,PHH,10uM,24h,NA,Histamine receptor antagonist,HRH2,AQIXAKUUQRKLND-UHFFFAOYSA-N,"InChI=1S/C10H16N6S/c1-8-9(16-7-15-8)5-17-4-3-13-10(12-2)14-6-11/h7H,3-5H2,1-2H3,(H,15,16)(H2,12,13,14)",24956,CN\C(=N\C#N)\NCCSCC1N=CN=C1C,4
Input,Coluracetam,0.20156088,InputSig,NA,NA,LINCSCP_102387,HELA,10uM,24h,large intestine,NA,NA,PSPGQHXMUKWNDI-UHFFFAOYSA-N,"InChI=1S/C19H23N3O3/c1-11-12(2)25-19-17(11)18(13-6-3-4-7-14(13)20-19)21-15(23)10-22-9-5-8-16(22)24/h3-10H2,1-2H3,(H,20,21,23)",26908,Cc1oc2nc3CCCCc3c(NC(=O)CN4CCCC4=O)c2c1C,NA
Input,Aminocaproic acid,0.20156008,InputSig,NA,NA,LINCSCP_172263,YAPC,0.04uM,24h,pancreas,Plasminogen activator inhibitor,PLAT|PLG,SLXKOJJOQWFEFD-UHFFFAOYSA-N,"InChI=1S/C6H13NO2/c7-5-3-1-2-4-6(8)9/h1-5,7H2,(H,8,9)",32118,NCCCCCC(=O)O,4
Input,Alectinib,0.20150596,InputSig,NA,NA,LINCSCP_165089,SKL.C,0.04uM,24h,NA,ALK tyrosine kinase receptor inhibitor|Tyrosine-protein kinase receptor RET inhibitor,ALK|RET,KDGFLJKFZUIJMX-UHFFFAOYSA-N,"InChI=1S/C30H34N4O2/c1-4-20-16-23-24(17-26(20)34-9-7-21(8-10-34)33-11-13-36-14-12-33)30(2,3)29-27(28(23)35)22-6-5-19(18-31)15-25(22)32-29/h5-6,15-17,21,32H,4,7-14H2,1-3H3",15143,CCc1cc2C(=O)c3c([nH]c4cc(ccc34)C#N)C(C)(C)c2cc1N5CCC(CC5)N6CCOCC6,4
Input,BRD-K38797319,0.20145413,InputSig,NA,NA,LINCSCP_307511,VCAP,5uM,6h,prostate,NA,NA,VYCGBAYEGCCJIH-JSRBNTPPSA-N,"InChI=1S/C25H29ClF2N2O4/c26-18-3-1-16(2-4-18)11-29-25(32)10-21-6-8-23-24(34-21)15-33-14-20(31)13-30(23)12-17-9-19(27)5-7-22(17)28/h1-5,7,9,20-21,23-24,31H,6,8,10-15H2,(H,29,32)/t20-,21+,23-,24+/m1/s1",24566,O[C@H]1COC[C@@H]2O[C@H](CC(=O)NCc3ccc(Cl)cc3)CC[C@H]2N(Cc4cc(F)ccc4F)C1,NA
Input,ABT-724,0.20144952,InputSig,NA,NA,LINCSCP_106050,HELA,0.37uM,24h,large intestine,NA,NA,FRPJGTNLZNXQEX-UHFFFAOYSA-N,"InChI=1S/C17H19N5/c1-2-6-15-14(5-1)19-16(20-15)13-21-9-11-22(12-10-21)17-7-3-4-8-18-17/h1-8H,9-13H2,(H,19,20)",36914,C(N1CCN(CC1)c2ccccn2)c3nc4ccccc4[nH]3,NA
Input,Procyclidine,0.2013811,InputSig,NA,NA,LINCSCP_59428,VCAP,10uM,24h,prostate,Acetylcholine receptor antagonist,CHRM1,WYDUSKDSKCASEF-UHFFFAOYSA-N,"InChI=1S/C19H29NO/c21-19(17-9-3-1-4-10-17,18-11-5-2-6-12-18)13-16-20-14-7-8-15-20/h1,3-4,9-10,18,21H,2,5-8,11-16H2",28521,OC(CCN1CCCC1)(C2CCCCC2)c3ccccc3,4
Input,BRD-K02322717,0.20136886,InputSig,NA,NA,LINCSCP_183804,A375,5uM,24h,skin,NA,NA,CDWYTZLAFHIRLQ-DWQJTFDBSA-N,"InChI=1S/C24H35FN2O6S/c25-18-6-9-21(10-7-18)34(30,31)27-14-19(28)15-32-16-23-22(27)11-8-20(33-23)12-24(29)26-13-17-4-2-1-3-5-17/h6-7,9-10,17,19-20,22-23,28H,1-5,8,11-16H2,(H,26,29)/t19-,20+,22+,23-/m1/s1",1200,O[C@H]1COC[C@H]2O[C@H](CC(=O)NCC3CCCCC3)CC[C@@H]2N(C1)S(=O)(=O)c4ccc(F)cc4,NA
Input,BRD-K31112909,0.20127998,InputSig,NA,NA,LINCSCP_278114,PC3,10uM,24h,prostate,NA,NA,DLQPGZNWCDDUSB-NXMSCROESA-N,"InChI=1S/C27H34FN3O5/c1-6-25(32)29-21-11-12-22-23(13-21)36-16-18(3)31(26(33)19-7-9-20(28)10-8-19)14-17(2)24(35-5)15-30(4)27(22)34/h7-13,17-18,24H,6,14-16H2,1-5H3,(H,29,32)/t17-,18+,24-/m1/s1",24306,CCC(=O)Nc1ccc2C(=O)N(C)C[C@@H](OC)[C@H](C)CN([C@@H](C)COc2c1)C(=O)c3ccc(F)cc3,NA
Input,181144-66-1,0.20115351,InputSig,NA,NA,LINCSCP_282274,PHH,10uM,24h,NA,Sodium channel blocker,NA,MHUUDVZSPFRUSK-UHFFFAOYSA-N,"InChI=1S/C14H12FN3O2/c15-11-3-7-13(8-4-11)20-12-5-1-10(2-6-12)9-17-18-14(16)19/h1-9H,(H3,16,18,19)",22542,NC(=O)NN=Cc1ccc(Oc2ccc(F)cc2)cc1,NA
Input,Molsidomine,0.20113159,InputSig,NA,NA,LINCSCP_50205,PHH,10uM,24h,NA,Guanylyl cyclase activator,GUCY1A3,XLFWDASMENKTKL-NTMALXAHSA-N,"InChI=1S/C9H14N4O4/c1-2-16-9(14)10-8-7-13(11-17-8)12-3-5-15-6-4-12/h7H,2-6H2,1H3/b10-8-",32320,CCOC(=O)N=C1O[N-][N+](=C1)N2CCOCC2,4
Input,KUC104140,0.20111436,InputSig,NA,NA,LINCSCP_57784,VCAP,10uM,24h,prostate,NA,NA,QPGNQMAWRUPJPY-UHFFFAOYSA-N,"InChI=1S/C28H25N5O3/c1-35-23-9-7-21(8-10-23)25-17-26-29-24(20-5-3-2-4-6-20)18-27(33(26)30-25)31-12-14-32(15-13-31)28(34)22-11-16-36-19-22/h2-11,16-19H,12-15H2,1H3",35647,COc1ccc(cc1)c2cc3nc(cc(N4CCN(CC4)C(=O)c5cocc5)n3n2)c6ccccc6,NA
Input,SPB02303,0.20108355,InputSig,NA,NA,LINCSCP_178623,A375,10uM,6h,skin,NA,NA,KTAHAIAPBLGIOT-UHFFFAOYSA-N,"InChI=1S/C12H10ClN3O2S/c1-7-14-10(6-19-7)12(18)16-15-11(17)8-2-4-9(13)5-3-8/h2-6H,1H3,(H,15,17)(H,16,18)",36207,Cc1nc(cs1)C(=O)NNC(=O)c2ccc(Cl)cc2,NA
Input,BI 78D3,0.20103034,InputSig,NA,NA,LINCSCP_11069,ASC,10uM,24h,adipose,JNK inhibitor,MAPK8,QFRLDZGQEZCCJZ-UHFFFAOYSA-N,"InChI=1S/C13H9N5O5S2/c19-11-15-16-12(25-13-14-6-10(24-13)18(20)21)17(11)7-1-2-8-9(5-7)23-4-3-22-8/h1-2,5-6H,3-4H2,(H,15,19)",36555,Oc1nnc(Sc2ncc(s2)[N+](=O)[O-])n1c3ccc4OCCOc4c3,NA
Input,CHEMBL258148,0.20101785,InputSig,NA,NA,LINCSCP_923,A375,90uM,6h,skin,Cathepsin inhibitor,CTSL,OTIWAYTTYNFEKL-JOCHJYFZSA-N,"InChI=1S/C27H33N5O5S/c1-5-17-10-6-8-12-20(17)29-23(33)16-38-26(36)32-31-24(34)22(30-25(35)37-27(2,3)4)14-18-15-28-21-13-9-7-11-19(18)21/h6-13,15,22,28H,5,14,16H2,1-4H3,(H,29,33)(H,30,35)(H,31,34)(H,32,36)/t22-/m1/s1",36679,CCc1ccccc1NC(=O)CSC(=O)NNC(=O)[C@@H](Cc2c[nH]c3ccccc23)NC(=O)OC(C)(C)C,NA
Input,BRD-K16370162,0.20099051,InputSig,NA,NA,LINCSCP_296440,VCAP,5uM,24h,prostate,NA,NA,QYOWCAGNJDGPGP-TXAHVWHTSA-N,"InChI=1S/C34H39N5O4/c1-23-19-39(24(2)22-40)33(41)18-27-17-28(36-34(42)37-30-10-6-8-26-7-4-5-9-29(26)30)11-12-31(27)43-32(23)21-38(3)20-25-13-15-35-16-14-25/h4-17,23-24,32,40H,18-22H2,1-3H3,(H2,36,37,42)/t23-,24-,32+/m0/s1",11999,C[C@@H](CO)N1C[C@H](C)[C@@H](CN(C)Cc2ccncc2)Oc3ccc(NC(=O)Nc4cccc5ccccc45)cc3CC1=O,NA
Input,Hydroxytyrosol,0.20094423,InputSig,NA,NA,LINCSCP_41166,NEU,10uM,24h,NA,HIV integrase inhibitor,NA,JUUBCHWRXWPFFH-UHFFFAOYSA-N,"InChI=1S/C8H10O3/c9-4-3-6-1-2-7(10)8(11)5-6/h1-2,5,9-11H,3-4H2",39844,OCCc1ccc(O)c(O)c1,NA
Input,BRD-K11883928,0.20092768,InputSig,NA,NA,LINCSCP_225915,HT29,10uM,6h,large intestine,NA,NA,XSAPARVONWBHKR-KYALDGGBSA-N,"InChI=1S/C29H43N3O8S2/c1-21-18-32(22(2)20-33)29(34)26-17-24(30-42(37,38)25-12-7-6-8-13-25)14-15-27(26)40-23(3)11-9-10-16-39-28(21)19-31(4)41(5,35)36/h6-8,12-15,17,21-23,28,30,33H,9-11,16,18-20H2,1-5H3/t21-,22+,23-,28-/m0/s1",11877,C[C@H](CO)N1C[C@H](C)[C@H](CN(C)S(=O)(=O)C)OCCCC[C@H](C)Oc2ccc(NS(=O)(=O)c3ccccc3)cc2C1=O,NA
Input,PJ34,0.2009055,InputSig,NA,NA,LINCSCP_54496,SW948,10uM,6h,large intestine,PARP inhibitor,NA,UYJZZVDLGDDTCL-UHFFFAOYSA-N,"InChI=1S/C17H17N3O2/c1-20(2)10-16(21)18-11-7-8-15-14(9-11)12-5-3-4-6-13(12)17(22)19-15/h3-9H,10H2,1-2H3,(H,18,21)(H,19,22)",16209,CN(C)CC(=O)Nc1ccc2NC(=O)c3ccccc3c2c1,NA
Input,CHEMBL1591577,0.20087982,InputSig,NA,NA,LINCSCP_57682,VCAP,10uM,6h,prostate,DYRK inhibitor,CLK1|CLK4|DYRK1A|DYRK1B,LXDHFJUOCGKVAV-UHFFFAOYSA-N,"InChI=1S/C21H17N3O2S/c1-24(11-16-3-2-8-27-16)21-17-9-14(4-6-18(17)22-12-23-21)15-5-7-19-20(10-15)26-13-25-19/h2-10,12H,11,13H2,1H3",14312,CN(Cc1cccs1)c2ncnc3ccc(cc23)c4ccc5OCOc5c4,NA
Input,Amiprilose hydrochloride,0.20086948,InputSig,NA,NA,LINCSCP_162248,PC3,10uM,24h,prostate,NA,NA,YXBQLONCIPUQKO-UJPOAAIJSA-N,"InChI=1S/C14H27NO6/c1-14(2)20-12-11(18-7-5-6-15(3)4)10(9(17)8-16)19-13(12)21-14/h9-13,16-17H,5-8H2,1-4H3/t9-,10-,11+,12-,13-/m1/s1",26902,CN(C)CCCO[C@H]1[C@H](O[C@@H]2OC(C)(C)O[C@H]12)[C@H](O)CO,NA
Input,CHEMBL3400874,0.2008401,InputSig,NA,NA,LINCSCP_37057,MCF7,3uM,24h,breast,NA,NA,JVQYZDSRPVTFBX-CURJATOHSA-N,"InChI=1S/C35H40N4O6/c1-22-16-39(23(2)20-40)35(42)28-15-26(36-34(41)14-25-18-38(4)29-8-6-5-7-27(25)29)10-12-30(28)45-33(22)19-37(3)17-24-9-11-31-32(13-24)44-21-43-31/h5-13,15,18,22-23,33,40H,14,16-17,19-21H2,1-4H3,(H,36,41)/t22-,23-,33+/m1/s1",40345,C[C@H](CO)N1C[C@@H](C)[C@H](CN(C)Cc2ccc3OCOc3c2)Oc4ccc(NC(=O)Cc5cn(C)c6ccccc56)cc4C1=O,NA
Input,BRD-U32049204,0.20077414,InputSig,NA,NA,LINCSCP_16090,HA1E,10uM,6h,kidney epithelial,NA,NA,NA,NA,42699,NA,NA
Input,59826-53-8,0.20075641,InputSig,NA,NA,LINCSCP_58887,VCAP,10uM,24h,prostate,NA,NA,DXJICGSIRAJIDN-UHFFFAOYSA-N,"InChI=1S/C6H7ClN2O2/c1-4-2-5(9-11-4)8-6(10)3-7/h2H,3H2,1H3,(H,8,9,10)",7322,Cc1onc(NC(=O)CCl)c1,NA
Input,AC1MSUFC,0.20070591,InputSig,NA,NA,LINCSCP_25687,HT29,40uM,6h,large intestine,HMGCR inhibitor,HMGCR,QLJODMDSTUBWDW-UHFFFAOYSA-N,"InChI=1S/C24H38O6/c1-5-15(3)24(29)30-21-11-14(2)10-17-7-6-16(4)20(23(17)21)9-8-18(25)12-19(26)13-22(27)28/h6-7,10,14-16,18-21,23,25-26H,5,8-9,11-13H2,1-4H3,(H,27,28)",36673,CCC(C)C(=O)OC1CC(C)C=C2C=CC(C)C(CCC(O)CC(O)CC(=O)O)C12,NA
Input,BRD-K46746428,0.20069536,InputSig,NA,NA,LINCSCP_231776,HT29,5uM,24h,large intestine,NA,NA,MMMDBRZAUZWGES-OAQYLSRUSA-N,"InChI=1S/C25H29F2N3O2/c1-29-22-12-18(32-2)4-5-19(22)23-24(29)21(14-31)28-15-25(23)7-9-30(10-8-25)13-16-11-17(26)3-6-20(16)27/h3-6,11-12,21,28,31H,7-10,13-15H2,1-2H3/t21-/m1/s1",12818,COc1ccc2c3c([C@@H](CO)NCC34CCN(Cc5cc(F)ccc5F)CC4)n(C)c2c1,NA
Input,BRD-K11480730,0.20069001,InputSig,NA,NA,LINCSCP_59836,VCAP,5uM,24h,prostate,NA,NA,BPRBOEBHCISTIC-MZXMJASYSA-N,"InChI=1S/C36H46N4O5/c1-26-22-40(27(2)25-41)36(43)32-21-31(37-35(42)15-16-39-17-19-44-20-18-39)13-14-33(32)45-34(26)24-38(3)23-28-9-11-30(12-10-28)29-7-5-4-6-8-29/h4-14,21,26-27,34,41H,15-20,22-25H2,1-3H3,(H,37,42)/t26-,27+,34-/m0/s1",31966,C[C@H](CO)N1C[C@H](C)[C@H](CN(C)Cc2ccc(cc2)c3ccccc3)Oc4ccc(NC(=O)CCN5CCOCC5)cc4C1=O,NA
Input,SR-02000000448,0.20065298,InputSig,NA,NA,LINCSCP_5486,A549,10uM,6h,lung,NA,NA,FFXHAANGHHWSSY-UHFFFAOYSA-N,"InChI=1S/C21H21ClN2O3/c1-13(2)18-10-5-15(11-14(18)3)24-21(25)20(19(22)12-23-24)27-17-8-6-16(26-4)7-9-17/h5-13H,1-4H3",35435,COc1ccc(OC2=C(Cl)C=NN(C2=O)c3ccc(C(C)C)c(C)c3)cc1,NA
Input,Quinoclamine,0.20062418,InputSig,NA,NA,LINCSCP_264235,OV7,10uM,6h,ovary,Algicide,NA,OBLNWSCLAYSJJR-UHFFFAOYSA-N,"InChI=1S/C10H6ClNO2/c11-7-8(12)10(14)6-4-2-1-3-5(6)9(7)13/h1-4H,12H2",22928,NC1=C(Cl)C(=O)c2ccccc2C1=O,NA
Input,SR59230A,0.20060525,InputSig,NA,NA,LINCSCP_7164,A549,10uM,6h,lung,Adrenergic receptor antagonist,ADRB3,VFDHMSXXELYMRW-ICSRJNTNSA-N,"InChI=1S/C21H27NO2/c1-2-16-8-4-6-13-21(16)24-15-18(23)14-22-20-12-7-10-17-9-3-5-11-19(17)20/h3-6,8-9,11,13,18,20,22-23H,2,7,10,12,14-15H2,1H3/t18-,20-/m0/s1",35694,CCc1ccccc1OC[C@@H](O)CN[C@H]2CCCc3ccccc23,NA
Input,BRD-K24621485,0.20051128,InputSig,NA,NA,LINCSCP_37442,MCF7,0.5uM,24h,breast,NA,NA,ZCDZHCWZNJFIKB-IHETXDGRSA-N,"InChI=1S/C19H26Cl2N2O4/c1-22-19(25)7-14-3-5-17-18(27-14)11-26-10-13(24)9-23(17)8-12-2-4-15(20)16(21)6-12/h2,4,6,13-14,17-18,24H,3,5,7-11H2,1H3,(H,22,25)/t13-,14+,17-,18+/m0/s1",24109,CNC(=O)C[C@H]1CC[C@H]2[C@@H](COC[C@@H](O)CN2Cc3ccc(Cl)c(Cl)c3)O1,NA
Input,CAY10603,0.20049445,InputSig,NA,NA,LINCSCP_787,A375,10uM,24h,skin,HDAC inhibitor,HDAC6,WWGBHDIHIVGYLZ-UHFFFAOYSA-N,"InChI=1S/C22H30N4O6/c1-22(2,3)31-21(29)24-16-11-9-15(10-12-16)18-14-17(26-32-18)20(28)23-13-7-5-4-6-8-19(27)25-30/h9-12,14,30H,4-8,13H2,1-3H3,(H,23,28)(H,24,29)(H,25,27)",16213,CC(C)(C)OC(=O)Nc1ccc(cc1)c2onc(c2)C(=O)NCCCCCCC(=O)NO,NA
Input,Odq,0.20040463,InputSig,NA,NA,LINCSCP_50098,PHH,10uM,24h,NA,Guanylyl cyclase inhibitor,GUCY1A2,LZMHWZHOZLVYDL-UHFFFAOYSA-N,InChI=1S/C9H5N3O2/c13-9-12-7-4-2-1-3-6(7)10-5-8(12)11-14-9/h1-5H,3161,O=C1ON=C2C=Nc3ccccc3N12,NA
Input,5-Nonyloxytryptamine,0.2003996,InputSig,NA,NA,LINCSCP_19838,HCC515,10uM,6h,lung,Serotonin receptor agonist,NA,YHSMSRREJYOGQJ-UHFFFAOYSA-N,"InChI=1S/C19H30N2O/c1-2-3-4-5-6-7-8-13-22-17-9-10-19-18(14-17)16(11-12-20)15-21-19/h9-10,14-15,21H,2-8,11-13,20H2,1H3",38619,CCCCCCCCCOc1ccc2[nH]cc(CCN)c2c1,NA
Input,AZELAIC ACID,0.20039501,InputSig,NA,NA,LINCSCP_167859,YAPC,3.33uM,24h,pancreas,NA,NA,BDJRBEYXGGNYIS-UHFFFAOYSA-N,"InChI=1S/C9H16O4/c10-8(11)6-4-2-1-3-5-7-9(12)13/h1-7H2,(H,10,11)(H,12,13)",26750,OC(=O)CCCCCCCC(=O)O,4
Input,Oligomycin A,0.20038211,InputSig,NA,NA,LINCSCP_15510,HA1E,10uM,6h,kidney epithelial,ATPase inhibitor|ATP synthase inhibitor,ATP5A1,MNULEGDCPYONBU-VVXVDZGXSA-N,"InChI=1S/C45H74O11/c1-12-34-17-15-13-14-16-27(4)42(51)44(11,53)43(52)32(9)40(50)31(8)39(49)30(7)38(48)26(3)18-21-37(47)54-41-29(6)35(20-19-34)55-45(33(41)10)23-22-25(2)36(56-45)24-28(5)46/h13-15,17-18,21,25-36,38,40-42,46,48,50-51,53H,12,16,19-20,22-24H2,1-11H3/b14-13+,17-15+,21-18+/t25-,26-,27+,28+,29+,30-,31+,32+,33-,34?,35?,36?,38+,40-,41?,42-,44+,45?/m1/s1",42685,CCC1CCC2OC3(CC[C@@H](C)C(C[C@H](C)O)O3)[C@H](C)C(OC(=O)\C=C\[C@@H](C)[C@H](O)[C@@H](C)C(=O)[C@H](C)[C@@H](O)[C@H](C)C(=O)[C@@](C)(O)[C@H](O)[C@@H](C)C\C=C\C=C\1)[C@H]2C,NA
Input,MLS000106055,0.2002989,InputSig,NA,NA,LINCSCP_34746,MCF7,20uM,24h,breast,HDAC activator,NA,GTVMVQFZEJEDKO-UHFFFAOYSA-N,"InChI=1S/C17H19ClN2O4/c1-23-11-6-7-13(24-2)12(10-11)20-16(21)14(18)15(17(20)22)19-8-4-3-5-9-19/h6-7,10H,3-5,8-9H2,1-2H3",39953,COc1ccc(OC)c(c1)N2C(=O)C(=C(N3CCCCC3)C2=O)Cl,NA
Input,CHEMBL3183439,0.20027194,InputSig,NA,NA,LINCSCP_16789,HA1E,10uM,6h,kidney epithelial,NA,NA,RUOZLMFIBHXSJW-GTNJKRJXSA-N,"InChI=1S/C31H35F3N4O4/c1-20-16-38(21(2)19-39)29(40)26-15-25(36-30(41)35-24-7-5-4-6-8-24)13-14-27(26)42-28(20)18-37(3)17-22-9-11-23(12-10-22)31(32,33)34/h4-15,20-21,28,39H,16-19H2,1-3H3,(H2,35,36,41)/t20-,21+,28-/m0/s1",19570,C[C@H](CO)N1C[C@H](C)[C@H](CN(C)Cc2ccc(cc2)C(F)(F)F)Oc3ccc(NC(=O)Nc4ccccc4)cc3C1=O,NA
Input,CGP-53353,0.20018558,InputSig,NA,NA,LINCSCP_28759,HUH7,3uM,24h,liver,EGFR inhibitor|PKC inhibitor,EGFR,RONQPWQYDRPRGG-UHFFFAOYSA-N,"InChI=1S/C20H13F2N3O2/c21-11-1-5-13(6-2-11)23-17-9-15-16(20(27)25-19(15)26)10-18(17)24-14-7-3-12(22)4-8-14/h1-10,23-24H,(H,25,26,27)",35669,Fc1ccc(Nc2cc3C(=O)NC(=O)c3cc2Nc4ccc(F)cc4)cc1,NA
Input,Zacopride,0.20017164,InputSig,NA,NA,LINCSCP_189937,A549,10uM,24h,lung,Serotonin receptor antagonist,HTR3A|HTR4,FEROPKNOYKURCJ-UHFFFAOYSA-N,"InChI=1S/C15H20ClN3O2/c1-21-14-7-12(17)11(16)6-10(14)15(20)18-13-8-19-4-2-9(13)3-5-19/h6-7,9,13H,2-5,8,17H2,1H3,(H,18,20)",35406,COc1cc(N)c(Cl)cc1C(=O)NC2CN3CCC2CC3,NA
Input,Masitinib,0.20015013,InputSig,NA,NA,LINCSCP_12209,BT20,0.1uM,24h,breast,KIT inhibitor|PDGFR tyrosine kinase receptor inhibitor|Src inhibitor,FGFR3|KIT|LYN|PDGFRA|PDGFRB,WJEOLQLKVOPQFV-UHFFFAOYSA-N,"InChI=1S/C28H30N6OS/c1-20-5-10-24(16-25(20)31-28-32-26(19-36-28)23-4-3-11-29-17-23)30-27(35)22-8-6-21(7-9-22)18-34-14-12-33(2)13-15-34/h3-11,16-17,19H,12-15,18H2,1-2H3,(H,30,35)(H,31,32)",17526,CN1CCN(Cc2ccc(cc2)C(=O)Nc3ccc(C)c(Nc4nc(cs4)c5cccnc5)c3)CC1,3
Input,BRD-K18772888-001-01-4,0.20013828,InputSig,NA,NA,LINCSCP_59641,VCAP,5uM,24h,prostate,NA,NA,RPGIBJKWWMWOCH-TWUWCHPWSA-N,"InChI=1S/C30H35N5O6/c1-19-14-35(20(2)17-36)29(37)24-12-22(32-30(38)33-23-5-7-26-27(13-23)40-18-39-26)4-6-25(24)41-28(19)16-34(3)15-21-8-10-31-11-9-21/h4-13,19-20,28,36H,14-18H2,1-3H3,(H2,32,33,38)/t19-,20+,28+/m0/s1",32159,C[C@H](CO)N1C[C@H](C)[C@@H](CN(C)Cc2ccncc2)Oc3ccc(NC(=O)Nc4ccc5OCOc5c4)cc3C1=O,NA
Input,KUC104486,0.20011992,InputSig,NA,NA,LINCSCP_19893,HCC515,10uM,6h,lung,NA,NA,SFNWNSAJWDYPJC-UHFFFAOYSA-N,"InChI=1S/C28H25N5O3/c1-35-25-10-6-5-9-22(25)24-17-26-29-23(20-7-3-2-4-8-20)18-27(33(26)30-24)31-12-14-32(15-13-31)28(34)21-11-16-36-19-21/h2-11,16-19H,12-15H2,1H3",38518,COc1ccccc1c2cc3nc(cc(N4CCN(CC4)C(=O)c5cocc5)n3n2)c6ccccc6,NA
Input,BRD-K34238482,0.20011321,InputSig,NA,NA,LINCSCP_63365,VCAP,5uM,24h,prostate,NA,NA,WCNQFBRPFNRKRV-KODFZCBSSA-N,"InChI=1S/C31H32FN3O6S/c1-35-26-12-11-23(17-30(36)33-22-14-19-6-2-3-7-20(19)15-22)41-28(26)18-40-27-13-10-21(16-24(27)31(35)37)34-42(38,39)29-9-5-4-8-25(29)32/h2-10,13,16,22-23,26,28,34H,11-12,14-15,17-18H2,1H3,(H,33,36)/t23-,26-,28-/m1/s1",2822,CN1[C@@H]2CC[C@H](CC(=O)NC3Cc4ccccc4C3)O[C@@H]2COc5ccc(NS(=O)(=O)c6ccccc6F)cc5C1=O,NA
Input,TAK-715,0.20004483,InputSig,NA,NA,LINCSCP_58898,VCAP,10uM,24h,prostate,P38 MAPK inhibitor,MAPK14,HEKAIDKUDLCBRU-UHFFFAOYSA-N,"InChI=1S/C24H21N3OS/c1-3-21-27-22(18-11-7-8-16(2)14-18)23(29-21)19-12-13-25-20(15-19)26-24(28)17-9-5-4-6-10-17/h4-15H,3H2,1-2H3,(H,25,26,28)",17496,CCc1nc(c2cccc(C)c2)c(s1)c3ccnc(NC(=O)c4ccccc4)c3,2
Input,MLS003337116,0.20001811,InputSig,NA,NA,LINCSCP_177880,A375,10uM,24h,skin,NA,NA,DTKKCMOZVGYPIG-UHFFFAOYSA-N,"InChI=1S/C23H23N5O3/c1-16(29)26-8-10-27(11-9-26)23-15-20(21-7-4-12-31-21)24-22-14-19(25-28(22)23)17-5-3-6-18(13-17)30-2/h3-7,12-15H,8-11H2,1-2H3",15832,COc1cccc(c1)c2cc3nc(cc(N4CCN(CC4)C(=O)C)n3n2)c5occc5,NA
Input,BRD-K13513398,0.20001693,InputSig,NA,NA,LINCSCP_62078,VCAP,5uM,6h,prostate,NA,NA,TWVDNKQJDYICCW-DZKIICNBSA-N,"InChI=1S/C17H28N4O3/c1-11(2)15-9-21(20-19-15)8-7-13-5-6-14(16(10-22)24-13)18-17(23)12-3-4-12/h9,11-14,16,22H,3-8,10H2,1-2H3,(H,18,23)/t13-,14-,16-/m0/s1",2200,CC(C)c1cn(CC[C@@H]2CC[C@H](NC(=O)C3CC3)[C@H](CO)O2)nn1,NA
