Source,Target,Similarity,SourceSignature,SourceCellLine,SourceTime,TargetSignature,TargetCellLine,TargetConcentration,TargetTime,tissue,integratedMoas,GeneTargets,canonical_inchi_key,canonical_inchi,perturbagen_id,canonical_smiles,max_fda_phase
Input,Guanadrel,0.34153043,InputSig,NA,NA,LINCSCP_121369,HT29,1.11uM,24h,large intestine,Norepinephrine transporter substrate,SLC6A2,HPBNRIOWIXYZFK-UHFFFAOYSA-N,"InChI=1S/C10H19N3O2/c11-9(12)13-6-8-7-14-10(15-8)4-2-1-3-5-10/h8H,1-7H2,(H4,11,12,13)",40041,NC(=N)NCC1COC2(CCCCC2)O1,4
Input,CGP 60474,0.32910191,InputSig,NA,NA,LINCSCP_131611,MCF10A,3.33uM,3h,breast epithelial,CDK inhibitor,CDK1,IYNDTACKOAXKBJ-UHFFFAOYSA-N,"InChI=1S/C18H18ClN5O/c19-14-3-1-4-15(12-14)23-18-22-9-6-16(24-18)13-5-8-21-17(11-13)20-7-2-10-25/h1,3-6,8-9,11-12,25H,2,7,10H2,(H,20,21)(H,22,23,24)",16652,OCCCNc1cc(ccn1)c2ccnc(Nc3cccc(Cl)c3)n2,NA
Input,PG 490,0.32698235,InputSig,NA,NA,LINCSCP_19450,HCC515,0.1uM,6h,lung,RNA polymerase inhibitor,NA,DFBIRQPKNDILPW-KTGKZQHOSA-N,"InChI=1S/C20H24O6/c1-8(2)18-13(25-18)14-20(26-14)17(3)5-4-9-10(7-23-15(9)21)11(17)6-12-19(20,24-12)16(18)22/h8,11-14,16,22H,4-7H2,1-3H3/t11?,12-,13-,14-,16+,17-,18-,19+,20+/m0/s1",23403,CC(C)[C@]12O[C@H]1[C@@H]3O[C@@]34[C@@]5(C)CCC6=C(COC6=O)C5C[C@@H]7O[C@]47[C@@H]2O,NA
Input,ETHYLENEDIAMINE TETRACETATE TETRA-ETHANOLAMINE,0.32428694,InputSig,NA,NA,LINCSCP_124770,HT29,3.33uM,24h,large intestine,NA,NA,KCXVZYZYPLLWCC-UHFFFAOYSA-N,"InChI=1S/C10H16N2O8/c13-7(14)3-11(4-8(15)16)1-2-12(5-9(17)18)6-10(19)20/h1-6H2,(H,13,14)(H,15,16)(H,17,18)(H,19,20)",26934,OC(=O)CN(CCN(CC(=O)O)CC(=O)O)CC(=O)O,3
Input,3-Chloro-l-alanine,0.32186464,InputSig,NA,NA,LINCSCP_9804,A549,0.5uM,6h,lung,Protein synthesis inhibitor,RPS2,ASBJGPTTYPEMLP-REOHCLBHSA-N,"InChI=1S/C3H6ClNO2/c4-1-2(5)3(6)7/h2H,1,5H2,(H,6,7)/t2-/m0/s1",12647,N[C@@H](CCl)C(=O)O,NA
Input,PHA-793887,0.31778929,InputSig,NA,NA,LINCSCP_163937,SKBR3,0.37uM,3h,breast,CDK inhibitor,CDK1|CDK10|CDK11B|CDK12|CDK13|CDK14|CDK15|CDK16|CDK17|CDK18|CDK19|CDK2|CDK20|CDK3|CDK4|CDK5|CDK6|CDK7|CDK8|CDK9,HUXYBQXJVXOMKX-UHFFFAOYSA-N,"InChI=1S/C19H31N5O2/c1-12(2)10-15(25)20-17-14-11-24(19(3,4)16(14)21-22-17)18(26)13-6-8-23(5)9-7-13/h12-13H,6-11H2,1-5H3,(H2,20,21,22,25)",15128,CC(C)CC(=O)Nc1n[nH]c2c1CN(C(=O)C3CCN(C)CC3)C2(C)C,1
Input,Navitoclax,0.31421329,InputSig,NA,NA,LINCSCP_97198,HA1E,0.04uM,24h,kidney epithelial,BCL inhibitor,BCL2|BCL2L1|BCL2L2,JLYAXFNOILIKPP-KXQOOQHDSA-N,"InChI=1S/C47H55ClF3N5O6S3/c1-46(2)20-18-42(34-8-12-37(48)13-9-34)36(31-46)32-55-22-24-56(25-23-55)39-14-10-35(11-15-39)45(57)53-65(60,61)41-16-17-43(44(30-41)64(58,59)47(49,50)51)52-38(19-21-54-26-28-62-29-27-54)33-63-40-6-4-3-5-7-40/h3-17,30,38,52H,18-29,31-33H2,1-2H3,(H,53,57)/t38-/m1/s1",16188,CC1(C)CCC(=C(CN2CCN(CC2)c3ccc(cc3)C(=O)NS(=O)(=O)c4ccc(N[C@H](CCN5CCOCC5)CSc6ccccc6)c(c4)S(=O)(=O)C(F)(F)F)C1)c7ccc(Cl)cc7,2
Input,CHEMBL1673039,0.30956552,InputSig,NA,NA,LINCSCP_235517,MCF10A,0.1uM,6h,breast epithelial,Leucine rich repeat kinase inhibitor|MAP kinase inhibitor,LRRK2|MAPK7,DDTPGANIPBKTNU-UHFFFAOYSA-N,"InChI=1S/C25H29N7O2/c1-29-11-13-32(14-12-29)17-9-10-19(22(15-17)34-4)27-25-26-16-21-23(28-25)30(2)20-8-6-5-7-18(20)24(33)31(21)3/h5-10,15-16H,11-14H2,1-4H3,(H,26,27,28)",15131,COc1cc(ccc1Nc2ncc3N(C)C(=O)c4ccccc4N(C)c3n2)N5CCN(C)CC5,NA
Input,AT-7519,0.30898741,InputSig,NA,NA,LINCSCP_131701,MCF10A,3.33uM,3h,breast epithelial,CDK inhibitor|Cell cycle inhibitor,CDK1|CDK10|CDK11B|CDK12|CDK13|CDK14|CDK15|CDK16|CDK17|CDK18|CDK19|CDK2|CDK20|CDK3|CDK4|CDK5|CDK6|CDK7|CDK8|CDK9,OVPNQJVDAFNBDN-UHFFFAOYSA-N,"InChI=1S/C16H17Cl2N5O2/c17-10-2-1-3-11(18)13(10)15(24)22-12-8-20-23-14(12)16(25)21-9-4-6-19-7-5-9/h1-3,8-9,19H,4-7H2,(H,20,23)(H,21,25)(H,22,24)",36797,Clc1cccc(Cl)c1C(=O)Nc2c[nH]nc2C(=O)NC3CCNCC3,2
Input,AZD-5438,0.3053139,InputSig,NA,NA,LINCSCP_131682,MCF10A,10uM,3h,breast epithelial,CDK inhibitor,CDK1|CDK10|CDK11B|CDK12|CDK13|CDK14|CDK15|CDK16|CDK17|CDK18|CDK19|CDK2|CDK20|CDK3|CDK4|CDK5|CDK6|CDK7|CDK8|CDK9,WJRRGYBTGDJBFX-UHFFFAOYSA-N,"InChI=1S/C18H21N5O2S/c1-12(2)23-13(3)20-11-17(23)16-9-10-19-18(22-16)21-14-5-7-15(8-6-14)26(4,24)25/h5-12H,1-4H3,(H,19,21,22)",17553,CC(C)n1c(C)ncc1c2ccnc(Nc3ccc(cc3)S(=O)(=O)C)n2,1
Input,Orphenadrine,0.30419455,InputSig,NA,NA,LINCSCP_158268,PC3,0.37uM,24h,prostate,Acetylcholine receptor antagonist,GRIN1|GRIN2A|GRIN2B|GRIN2C|GRIN2D|GRIN3A|GRIN3B|HRH1|SCN10A|SCN11A|SCN1A|SCN2A|SCN3A|SCN4A|SCN5A|SCN7A|SCN8A|SCN9A|SLC6A2,QVYRGXJJSLMXQH-UHFFFAOYSA-N,"InChI=1S/C18H23NO/c1-15-9-7-8-12-17(15)18(20-14-13-19(2)3)16-10-5-4-6-11-16/h4-12,18H,13-14H2,1-3H3",6257,CN(C)CCOC(c1ccccc1)c2ccccc2C,4
Input,10-DEBC,0.3027248,InputSig,NA,NA,LINCSCP_91775,HA1E,3.33uM,24h,kidney epithelial,AKT inhibitor,PIM1,GYBXAGDWMCJZJK-UHFFFAOYSA-N,"InChI=1S/C20H25ClN2O/c1-3-22(4-2)13-7-8-14-23-17-9-5-6-10-19(17)24-20-12-11-16(21)15-18(20)23/h5-6,9-12,15H,3-4,7-8,13-14H2,1-2H3",16184,CCN(CC)CCCCN1c2ccccc2Oc3ccc(Cl)cc13,NA
Input,Alvocidib,0.30141728,InputSig,NA,NA,LINCSCP_131495,MCF10A,0.04uM,3h,breast epithelial,CDK inhibitor,CDK1|CDK2|CDK4|CDK5|CDK6|CDK7|CDK8|CDK9|EGFR|PYGM,BIIVYFLTOXDAOV-YVEFUNNKSA-N,"InChI=1S/C21H20ClNO5/c1-23-7-6-12(17(27)10-23)19-14(24)8-15(25)20-16(26)9-18(28-21(19)20)11-4-2-3-5-13(11)22/h2-5,8-9,12,17,24-25,27H,6-7,10H2,1H3/t12-,17+/m0/s1",16629,CN1CC[C@@H]([C@H](O)C1)c2c(O)cc(O)c3C(=O)C=C(Oc23)c4ccccc4Cl,3
Input,Masitinib,0.30120774,InputSig,NA,NA,LINCSCP_86697,CD34,3.33uM,24h,bone marrow,KIT inhibitor|PDGFR tyrosine kinase receptor inhibitor|Src inhibitor,FGFR3|KIT|LYN|PDGFRA|PDGFRB,WJEOLQLKVOPQFV-UHFFFAOYSA-N,"InChI=1S/C28H30N6OS/c1-20-5-10-24(16-25(20)31-28-32-26(19-36-28)23-4-3-11-29-17-23)30-27(35)22-8-6-21(7-9-22)18-34-14-12-33(2)13-15-34/h3-11,16-17,19H,12-15,18H2,1-2H3,(H,30,35)(H,31,32)",17526,CN1CCN(Cc2ccc(cc2)C(=O)Nc3ccc(C)c(Nc4nc(cs4)c5cccnc5)c3)CC1,3
Input,Skiii,0.29976825,InputSig,NA,NA,LINCSCP_21185,HCT116,40uM,6h,large intestine,Sphingosine kinase inhibitor,SPHK1,ZFGXZJKLOFCECI-UHFFFAOYSA-N,"InChI=1S/C15H11ClN2OS/c16-11-3-1-10(2-4-11)14-9-20-15(18-14)17-12-5-7-13(19)8-6-12/h1-9,19H,(H,17,18)",15485,Oc1ccc(Nc2nc(cs2)c3ccc(Cl)cc3)cc1,NA
Input,Mitoxantrone,0.29864042,InputSig,NA,NA,LINCSCP_99762,HCC515,10uM,24h,lung,DNA topoisomerase II alpha inhibitor,TOP2A,KKZJGLLVHKMTCM-UHFFFAOYSA-N,"InChI=1S/C22H28N4O6/c27-11-9-23-5-7-25-13-1-2-14(26-8-6-24-10-12-28)18-17(13)21(31)19-15(29)3-4-16(30)20(19)22(18)32/h1-4,23-30H,5-12H2",15491,OCCNCCNc1ccc(NCCNCCO)c2C(=O)c3c(O)ccc(O)c3C(=O)c12,4
Input,Everolimus,0.29541486,InputSig,NA,NA,LINCSCP_121308,HT29,3.33uM,24h,large intestine,FK506-binding protein 1A inhibitor|mTOR inhibitor,FKBP1A|MTOR,HKVAMNSJSFKALM-GKUWKFKPSA-N,"InChI=1S/C53H83NO14/c1-32-16-12-11-13-17-33(2)44(63-8)30-40-21-19-38(7)53(62,68-40)50(59)51(60)54-23-15-14-18-41(54)52(61)67-45(35(4)28-39-20-22-43(66-25-24-55)46(29-39)64-9)31-42(56)34(3)27-37(6)48(58)49(65-10)47(57)36(5)26-32/h11-13,16-17,27,32,34-36,38-41,43-46,48-49,55,58,62H,14-15,18-26,28-31H2,1-10H3/b13-11+,16-12+,33-17+,37-27+/t32-,34-,35-,36-,38-,39+,40+,41+,43-,44+,45+,46-,48-,49+,53-/m1/s1",35187,CO[C@@H]1C[C@H](C[C@@H](C)[C@@H]2CC(=O)[C@H](C)\C=C(/C)\[C@@H](O)[C@@H](OC)C(=O)[C@H](C)C[C@H](C)\C=C\C=C\C=C(/C)\[C@H](C[C@@H]3CC[C@@H](C)[C@@](O)(O3)C(=O)C(=O)N4CCCC[C@H]4C(=O)O2)OC)CC[C@H]1OCCO,4
Input,Quinacrine,0.29396431,InputSig,NA,NA,LINCSCP_25010,HT115,10uM,6h,large intestine,Cytokine production inhibitor|NFkB pathway inhibitor|TP53 activator,TP53,GPKJTRJOBQGKQK-UHFFFAOYSA-N,"InChI=1S/C23H30ClN3O/c1-5-27(6-2)13-7-8-16(3)25-23-19-11-9-17(24)14-22(19)26-21-12-10-18(28-4)15-20(21)23/h9-12,14-16H,5-8,13H2,1-4H3,(H,25,26)",15253,CCN(CC)CCCC(C)Nc1c2ccc(Cl)cc2nc3ccc(OC)cc13,2
Input,Saxagliptin,0.29180919,InputSig,NA,NA,LINCSCP_97187,HA1E,10uM,24h,kidney epithelial,Dipeptidyl peptidase IV inhibitor,DPP4,QGJUIPDUBHWZPV-SGTAVMJGSA-N,"InChI=1S/C18H25N3O2/c19-8-13-2-12-3-14(12)21(13)16(22)15(20)17-4-10-1-11(5-17)7-18(23,6-10)9-17/h10-15,23H,1-7,9,20H2/t10?,11?,12-,13+,14+,15-,17?,18?/m1/s1",27155,N[C@H](C(=O)N1[C@@H](C[C@@H]2C[C@H]12)C#N)C34CC5CC(CC(O)(C5)C3)C4,4
Input,WZ3105,0.29161263,InputSig,NA,NA,LINCSCP_130859,MCF10A,10uM,3h,breast epithelial,CLK2 inihibitor,CLK2|CSNK1E|FLT3|ULK1,DGEBYERMQBTMHV-IRJFHVNHSA-N,"InChI=1S/C25H34N8O/c1-6-21(34)27-18-8-7-9-19(14-18)28-23-22-24(33(15-26-22)16(2)3)31-25(30-23)29-17-10-12-20(13-11-17)32(4)5/h6-9,14-17,20H,1,10-13H2,2-5H3,(H,27,34)(H2,28,29,30,31)/t17-,20-",22305,CC(C)n1cnc2c(Nc3cccc(NC(=O)C=C)c3)nc(N[C@@H]4CC[C@H](CC4)N(C)C)nc12,NA
Input,Meclofenamic acid,0.29061826,InputSig,NA,NA,LINCSCP_96097,HA1E,10uM,24h,kidney epithelial,Cyclooxygenase inhibitor|Prostanoid receptor antagonist,ALOX5|PTGS1|PTGS2,SBDNJUWAMKYJOX-UHFFFAOYSA-N,"InChI=1S/C14H11Cl2NO2/c1-8-6-7-10(15)13(12(8)16)17-11-5-3-2-4-9(11)14(18)19/h2-7,17H,1H3,(H,18,19)",15704,Cc1ccc(Cl)c(Nc2ccccc2C(=O)O)c1Cl,4
Input,SA-1939126,0.28974328,InputSig,NA,NA,LINCSCP_260302,NKDBA,10uM,24h,kidney epithelial,NA,NA,GATATIFOBUODSE-QHCPKHFHSA-N,"InChI=1S/C28H26FN5O4/c1-38-19-9-10-20-22(12-19)32-25-23(13-35)34(27(37)31-18-7-5-17(29)6-8-18)16-28(24(20)25)14-33(15-28)26(36)21-4-2-3-11-30-21/h2-12,23,32,35H,13-16H2,1H3,(H,31,37)/t23-/m0/s1",12645,COc1ccc2c3c([nH]c2c1)[C@H](CO)N(CC34CN(C4)C(=O)c5ccccn5)C(=O)Nc6ccc(F)cc6,NA
Input,AC1NWAUW,0.28912361,InputSig,NA,NA,LINCSCP_98635,HA1E,0.04uM,24h,kidney epithelial,Adenosine receptor agonist|CAMP stimulant,PRKACA,CJGYSWNGNKCJSB-ZBSNKJFMSA-N,"InChI=1S/C18H24N5O8P/c1-3-5-11(24)22-16-13-17(20-8-19-16)23(9-21-13)18-15(30-12(25)6-4-2)14-10(29-18)7-28-32(26,27)31-14/h8-10,14-15,18H,3-7H2,1-2H3,(H,26,27)(H,19,20,22,24)/t10-,14-,15-,18?/m1/s1",22159,CCCC(=O)Nc1ncnc2c1ncn2C3O[C@@H]4COP(=O)(O)O[C@H]4[C@H]3OC(=O)CCC,NA
Input,(S)-Tipifarnib,0.28868404,InputSig,NA,NA,LINCSCP_53817,SNUC4,10uM,6h,large intestine,Farnesyltransferase inhibitor,NA,PLHJCIYEEKOWNM-MHZLTWQESA-N,"InChI=1S/C27H22Cl2N4O/c1-32-16-31-15-25(32)27(30,18-6-9-20(28)10-7-18)19-8-11-24-23(13-19)22(14-26(34)33(24)2)17-4-3-5-21(29)12-17/h3-16H,30H2,1-2H3/t27-/m0/s1",36694,CN1C(=O)C=C(c2cccc(Cl)c2)c3cc(ccc13)[C@@](N)(c4ccc(Cl)cc4)c5cncn5C,NA
Input,"Temsirolimus (CCI-779, NSC 683864)",0.28721025,InputSig,NA,NA,LINCSCP_73166,A375,0.12uM,24h,skin,mTOR inhibitor,MTOR,CBPNZQVSJQDFBE-SREVRWKESA-N,"InChI=1S/C56H87NO16/c1-33-17-13-12-14-18-34(2)45(68-9)29-41-22-20-39(7)56(67,73-41)51(63)52(64)57-24-16-15-19-42(57)53(65)71-46(30-43(60)35(3)26-38(6)49(62)50(70-11)48(61)37(5)25-33)36(4)27-40-21-23-44(47(28-40)69-10)72-54(66)55(8,31-58)32-59/h12-14,17-18,26,33,35-37,39-42,44-47,49-50,58-59,62,67H,15-16,19-25,27-32H2,1-11H3/b14-12+,17-13+,34-18+,38-26+/t33-,35-,36-,37-,39-,40+,41-,42+,44+,45+,46+,47-,49-,50+,56-/m1/s1",27192,CO[C@@H]1C[C@H](C[C@@H](C)[C@@H]2CC(=O)[C@H](C)\C=C(/C)\[C@@H](O)[C@@H](OC)C(=O)[C@H](C)C[C@H](C)\C=C\C=C\C=C(/C)\[C@H](C[C@H]3CC[C@@H](C)[C@@](O)(O3)C(=O)C(=O)N4CCCC[C@H]4C(=O)O2)OC)CC[C@@H]1OC(=O)C(C)(CO)CO,NA
Input,AZ628,0.2871699,InputSig,NA,NA,LINCSCP_11891,BT20,10uM,6h,breast,RAF inhibitor,BRAF|RAF1,ZGBGPEDJXCYQPH-UHFFFAOYSA-N,"InChI=1S/C27H25N5O2/c1-17-8-9-21(31-25(33)18-6-5-7-19(12-18)27(2,3)15-28)14-24(17)30-20-10-11-23-22(13-20)26(34)32(4)16-29-23/h5-14,16,30H,1-4H3,(H,31,33)",15125,CN1C=Nc2ccc(Nc3cc(NC(=O)c4cccc(c4)C(C)(C)C#N)ccc3C)cc2C1=O,NA
Input,3-(4-Pyridyl)indole,0.28598218,InputSig,NA,NA,LINCSCP_13325,FIBRNPC,10uM,6h,NA,Rho associated kinase inhibitor,ROCK1,LLJRXVHJOJRCSM-UHFFFAOYSA-N,"InChI=1S/C13H10N2/c1-2-4-13-11(3-1)12(9-15-13)10-5-7-14-8-6-10/h1-9,15H",22231,c1ccc2c(c[nH]c2c1)c3ccncc3,NA
Input,Merbarone,0.2843494,InputSig,NA,NA,LINCSCP_159733,PC3,0.04uM,24h,prostate,NA,NA,JARCFMKMOFFIGZ-UHFFFAOYSA-N,"InChI=1S/C11H9N3O3S/c15-8(12-6-4-2-1-3-5-6)7-9(16)13-11(18)14-10(7)17/h1-5,7H,(H,12,15)(H2,13,14,16,17,18)",26700,O=C(Nc1ccccc1)C2C(=O)NC(=S)NC2=O,NA
Input,BGT-226,0.28432143,InputSig,NA,NA,LINCSCP_69970,A375,0.04uM,24h,skin,PI3-kinase class I inhibitor|Serine/threonine-protein kinase mTOR inhibitor,MTOR|PIK3CA|PIK3CB|PIK3CD|PIK3CG|PIK3R1|PIK3R2|PIK3R3|PIK3R5,BMMXYEBLEBULND-UHFFFAOYSA-N,"InChI=1S/C28H25F3N6O2/c1-35-24-16-33-22-6-3-17(18-4-8-25(39-2)34-15-18)13-20(22)26(24)37(27(35)38)19-5-7-23(21(14-19)28(29,30)31)36-11-9-32-10-12-36/h3-8,13-16,32H,9-12H2,1-2H3",36775,COc1ccc(cn1)c2ccc3ncc4N(C)C(=O)N(c5ccc(N6CCNCC6)c(c5)C(F)(F)F)c4c3c2,2
Input,Imiloxan,0.28341502,InputSig,NA,NA,LINCSCP_102835,HELA,0.12uM,24h,large intestine,Adrenergic receptor antagonist,ADRA2A|ADRA2B,UXABARREKCJULM-UHFFFAOYSA-N,"InChI=1S/C14H16N2O2/c1-2-16-8-7-15-14(16)9-11-10-17-12-5-3-4-6-13(12)18-11/h3-8,11H,2,9-10H2,1H3",35325,CCn1ccnc1CC2COc3ccccc3O2,NA
Input,FPL-55712,0.28296746,InputSig,NA,NA,LINCSCP_144018,MCF7,3.33uM,24h,breast,Leukotriene receptor antagonist,NA,LMQBMWHHGVZWMR-UHFFFAOYSA-N,"InChI=1S/C27H30O9/c1-4-6-19-22(10-8-17(15(3)28)25(19)31)34-13-16(29)14-35-23-11-9-18-21(30)12-24(27(32)33)36-26(18)20(23)7-5-2/h8-12,16,29,31H,4-7,13-14H2,1-3H3,(H,32,33)",15345,CCCc1c(O)c(ccc1OCC(O)COc2ccc3C(=O)C=C(Oc3c2CCC)C(=O)O)C(=O)C,NA
Input,Tolvaptan,0.28267042,InputSig,NA,NA,LINCSCP_97186,HA1E,0.04uM,24h,kidney epithelial,Vasopressin V2 receptor antagonist,AVPR2,GYHCTFXIZSNGJT-UHFFFAOYSA-N,"InChI=1S/C26H25ClN2O3/c1-16-6-3-4-7-20(16)25(31)28-19-10-11-21(17(2)14-19)26(32)29-13-5-8-24(30)22-15-18(27)9-12-23(22)29/h3-4,6-7,9-12,14-15,24,30H,5,8,13H2,1-2H3,(H,28,31)",27037,Cc1ccccc1C(=O)Nc2ccc(C(=O)N3CCCC(O)c4cc(Cl)ccc34)c(C)c2,4
Input,Dasatinib,0.28241877,InputSig,NA,NA,LINCSCP_163656,SKBR3,1.11uM,24h,breast,Bcr-Abl kinase inhibitor|Ephrin inhibitor|KIT inhibitor|PDGFR tyrosine kinase receptor inhibitor|Src inhibitor|Tyrosine kinase inhibitor,ABL1|BCR|BLK|EPHA2|FGR|FRK|FYN|HCK|KIT|LCK|LYN|PDGFRB|SRC|SRMS|YES1,ZBNZXTGUTAYRHI-UHFFFAOYSA-N,"InChI=1S/C22H26ClN7O2S/c1-14-4-3-5-16(23)20(14)28-21(32)17-13-24-22(33-17)27-18-12-19(26-15(2)25-18)30-8-6-29(7-9-30)10-11-31/h3-5,12-13,31H,6-11H2,1-2H3,(H,28,32)(H,24,25,26,27)",16640,Cc1nc(Nc2ncc(s2)C(=O)Nc3c(C)cccc3Cl)cc(n1)N4CCN(CCO)CC4,4
Input,PF-562271,0.28192866,InputSig,NA,NA,LINCSCP_131598,MCF10A,10uM,3h,breast epithelial,Focal adhesion kinase inhibitor,PTK2|PTK2B,MZDKLVOWGIOKTN-UHFFFAOYSA-N,"InChI=1S/C21H20F3N7O3S/c1-31(35(2,33)34)19-12(4-3-7-25-19)10-26-18-15(21(22,23)24)11-27-20(30-18)28-14-5-6-16-13(8-14)9-17(32)29-16/h3-8,11H,9-10H2,1-2H3,(H,29,32)(H2,26,27,28,30)",35273,CN(c1ncccc1CNc2nc(Nc3ccc4NC(=O)Cc4c3)ncc2C(F)(F)F)S(=O)(=O)C,1
Input,A-443654,0.28145443,InputSig,NA,NA,LINCSCP_29729,MCF10A,10uM,6h,breast epithelial,AKT inhibitor,AKT1|AKT2,YWTBGJGMTBHQTM-IBGZPJMESA-N,"InChI=1S/C24H23N5O/c1-15-22-10-16(6-7-24(22)29-28-15)17-9-20(13-26-11-17)30-14-19(25)8-18-12-27-23-5-3-2-4-21(18)23/h2-7,9-13,19,27H,8,14,25H2,1H3,(H,28,29)/t19-/m0/s1",15124,Cc1[nH]nc2ccc(cc12)c3cncc(OC[C@@H](N)Cc4c[nH]c5ccccc45)c3,NA
Input,WH-4-025,0.28109805,InputSig,NA,NA,LINCSCP_51348,SKBR3,1uM,24h,breast,NA,NA,MWWDOHSKUDECFQ-UHFFFAOYSA-N,"InChI=1S/C39H38F3N7O5/c1-25-8-9-26(36(50)44-29-7-5-6-27(23-29)39(40,41)42)22-33(25)54-38(51)49(32-15-14-31(52-3)24-34(32)53-4)35-16-17-43-37(46-35)45-28-10-12-30(13-11-28)48-20-18-47(2)19-21-48/h5-17,22-24H,18-21H2,1-4H3,(H,44,50)(H,43,45,46)",26522,COc1ccc(N(C(=O)Oc2cc(ccc2C)C(=O)Nc3cccc(c3)C(F)(F)F)c4ccnc(Nc5ccc(cc5)N6CCN(C)CC6)n4)c(OC)c1,NA
Input,Temoporfin,0.2797711,InputSig,NA,NA,LINCSCP_155239,PC3,0.12uM,24h,prostate,NA,NA,LYPFDBRUNKHDGX-UHFFFAOYSA-N,"InChI=1S/C44H32N4O4/c49-29-9-1-5-25(21-29)41-33-13-15-35(45-33)42(26-6-2-10-30(50)22-26)37-17-19-39(47-37)44(28-8-4-12-32(52)24-28)40-20-18-38(48-40)43(36-16-14-34(41)46-36)27-7-3-11-31(51)23-27/h1-17,19,21-24,46-47,49-52H,18,20H2",27193,Oc1cccc(c1)c2c3CCc(n3)c(c4cccc(O)c4)c5ccc([nH]5)c(c6cccc(O)c6)c7ccc(n7)c(c8C=Cc2[nH]8)c9cccc(O)c9,NA
Input,BMS-387032,0.27840788,InputSig,NA,NA,LINCSCP_163997,SKBR3,0.37uM,3h,breast,CDK inhibitor|Cell cycle inhibitor|MCL1 inhibitor,CDK2|CDK7|CDK9,OUSFTKFNBAZUKL-UHFFFAOYSA-N,"InChI=1S/C17H24N4O2S2/c1-17(2,3)12-8-19-13(23-12)10-24-14-9-20-16(25-14)21-15(22)11-4-6-18-7-5-11/h8-9,11,18H,4-7,10H2,1-3H3,(H,20,21,22)",17528,CC(C)(C)c1oc(CSc2cnc(NC(=O)C3CCNCC3)s2)nc1,1
Input,CHEMBL1316687,0.27803629,InputSig,NA,NA,LINCSCP_5585,A549,10uM,24h,lung,Protein phosphatase inhibitor,NA,GTRVPJBVKDIFNU-UDWIEESQSA-N,"InChI=1S/C20H12FN3O4S2/c21-16-6-8-18(9-7-16)29(25,26)20(14-23)12-17-4-2-10-24(17)30(27,28)19-5-1-3-15(11-19)13-22/h1-12H/b20-12+",40427,Fc1ccc(cc1)S(=O)(=O)\C(=C\c2cccn2S(=O)(=O)c3cccc(c3)C#N)\C#N,NA
Input,MLS002474103,0.27779004,InputSig,NA,NA,LINCSCP_59345,VCAP,10uM,6h,prostate,NA,NA,GQBJBCNAEKUCKM-LZCXECNNSA-N,"InChI=1S/C29H34N4O4/c1-20-16-33(21(2)19-34)29(36)24-10-7-11-25(31-28(35)23-12-14-30-15-13-23)27(24)37-26(20)18-32(3)17-22-8-5-4-6-9-22/h4-15,20-21,26,34H,16-19H2,1-3H3,(H,31,35)/t20-,21+,26+/m0/s1",16492,C[C@H](CO)N1C[C@H](C)[C@@H](CN(C)Cc2ccccc2)Oc3c(NC(=O)c4ccncc4)cccc3C1=O,NA
Input,CEFOTETAN,0.2763998,InputSig,NA,NA,LINCSCP_97869,HA1E,0.04uM,24h,kidney epithelial,NA,NA,SRZNHPXWXCNNDU-PGEKIEPBSA-N,"InChI=1S/C17H17N7O8S4/c1-23-16(20-21-22-23)34-4-5-3-33-15-17(32-2,14(31)24(15)7(5)11(29)30)19-9(26)13-35-12(36-13)6(8(18)25)10(27)28/h13,15H,3-4H2,1-2H3,(H2,18,25)(H,19,26)(H,27,28)(H,29,30)/t13?,15?,17-/m0/s1",26871,CO[C@]1(NC(=O)C2SC(=C(C(=O)N)C(=O)O)S2)C3SCC(=C(N3C1=O)C(=O)O)CSc4nnnn4C,NA
Input,CHEMBL3186197,0.27639502,InputSig,NA,NA,LINCSCP_54890,THP1,10uM,6h,haematopoietic and lymphoid tissue,IGF-1 inhibitor,IGF1R|INSR,RGLPLEBXLNEXKU-UHFFFAOYSA-N,"InChI=1S/C27H25N5/c1-27(2)15-20(16-27)26-31-23(24-25(28)29-12-13-32(24)26)19-9-8-18-10-11-21(30-22(18)14-19)17-6-4-3-5-7-17/h3-14,20H,15-16H2,1-2H3,(H2,28,29)",36681,CC1(C)CC(C1)c2nc(c3ccc4ccc(nc4c3)c5ccccc5)c6c(N)nccn26,NA
Input,Salmeterol,0.2761697,InputSig,NA,NA,LINCSCP_6926,A549,10uM,6h,lung,Adrenergic receptor agonist,ADRB2,GIIZNNXWQWCKIB-UHFFFAOYSA-N,"InChI=1S/C25H37NO4/c27-20-23-18-22(13-14-24(23)28)25(29)19-26-15-7-1-2-8-16-30-17-9-6-12-21-10-4-3-5-11-21/h3-5,10-11,13-14,18,25-29H,1-2,6-9,12,15-17,19-20H2",15155,OCc1cc(ccc1O)C(O)CNCCCCCCOCCCCc2ccccc2,4
Input,SKF-83959,0.27587737,InputSig,NA,NA,LINCSCP_78837,A375,3.33uM,24h,skin,NA,NA,NA,NA,NA,NA,NA
Input,Cyclizine,0.27502154,InputSig,NA,NA,LINCSCP_97905,HA1E,0.04uM,24h,kidney epithelial,Histamine receptor modulator,HRH1,UVKZSORBKUEBAZ-UHFFFAOYSA-N,"InChI=1S/C18H22N2/c1-19-12-14-20(15-13-19)18(16-8-4-2-5-9-16)17-10-6-3-7-11-17/h2-11,18H,12-15H2,1H3",36565,CN1CCN(CC1)C(c2ccccc2)c3ccccc3,4
Input,IWR-1-ENDO,0.27480894,InputSig,NA,NA,LINCSCP_54974,THP1,10uM,6h,haematopoietic and lymphoid tissue,PARP inhibitor,TNKS|TNKS2,ZGSXEXBYLJIOGF-ALFLXDJESA-N,"InChI=1S/C25H19N3O3/c29-23(27-19-5-1-3-14-4-2-12-26-22(14)19)15-8-10-18(11-9-15)28-24(30)20-16-6-7-17(13-16)21(20)25(28)31/h1-12,16-17,20-21H,13H2,(H,27,29)/t16-,17+,20-,21+",23305,O=C(Nc1cccc2cccnc12)c3ccc(cc3)N4C(=O)[C@@H]5[C@H]6C[C@H](C=C6)[C@@H]5C4=O,NA
Input,Diazoxide,0.27407256,InputSig,NA,NA,LINCSCP_160975,PC3,0.04uM,24h,prostate,Potassium channel activator,KCNJ11,GDLBFKVLRPITMI-UHFFFAOYSA-N,"InChI=1S/C8H7ClN2O2S/c1-5-10-7-3-2-6(9)4-8(7)14(12,13)11-5/h2-4H,1H3,(H,10,11)",23031,CC1=Nc2ccc(Cl)cc2S(=O)(=O)N1,NA
Input,2'-Deoxycytidine (hydrochloride),0.27216953,InputSig,NA,NA,LINCSCP_143262,MCF7,3.33uM,24h,breast,NA,NA,CKTSBUTUHBMZGZ-SHYZEUOFSA-N,"InChI=1S/C9H13N3O4/c10-7-1-2-12(9(15)11-7)8-3-5(14)6(4-13)16-8/h1-2,5-6,8,13-14H,3-4H2,(H2,10,11,15)/t5-,6+,8+/m0/s1",26994,NC1=NC(=O)N(C=C1)[C@H]2C[C@H](O)[C@@H](CO)O2,NA
Input,Cabazitaxel,0.27209061,InputSig,NA,NA,LINCSCP_121728,HT29,3.33uM,24h,large intestine,NA,NA,BMQGVNUXMIRLCK-VCPXPHFHSA-N,"InChI=1S/C45H57NO14/c1-24-28(57-39(51)33(48)32(26-17-13-11-14-18-26)46-40(52)60-41(3,4)5)22-45(53)37(58-38(50)27-19-15-12-16-20-27)35-43(8,36(49)34(55-10)31(24)42(45,6)7)29(54-9)21-30-44(35,23-56-30)59-25(2)47/h11-20,28-30,32-35,37,48,53H,21-23H2,1-10H3,(H,46,52)/t28-,29+,30+,32-,33+,34+,35-,37+,43+,44-,45-/m0/s1",27200,CO[C@@H]1C[C@H]2OC[C@@]2(OC(=O)C)[C@H]3[C@@H](OC(=O)c4ccccc4)[C@@]5(O)C[C@H](OC(=O)[C@H](O)[C@@H](NC(=O)OC(C)(C)C)c6ccccc6)C(=C([C@@H](OC)C(=O)[C@]13C)C5(C)C)C,NA
Input,AC1O9I2Y,0.27204308,InputSig,NA,NA,LINCSCP_32229,MCF7,10uM,24h,breast,NA,NA,UEOBAWISWUMQRS-ZIOZGJSESA-N,"InChI=1S/C48H40N4O9S/c1-59-26-27-60-47(58)51-36-24-19-29(12-10-11-25-53)28-34(36)48(45(51)57)38(43(55)50-46-49-35-17-8-9-18-37(35)62-46)40-44(56)61-41(31-15-6-3-7-16-31)39(30-13-4-2-5-14-30)52(40)42(48)32-20-22-33(54)23-21-32/h2-9,13-24,28,38-42,53-54H,11,25-27H2,1H3,(H,49,50,55)/t38-,39-,40-,41+,42+,48-/m0/s1",199,COCCOC(=O)N1C(=O)[C@]2([C@@H]([C@@H]3N([C@H]([C@H](OC3=O)c4ccccc4)c5ccccc5)[C@@H]2c6ccc(O)cc6)C(=O)Nc7nc8ccccc8s7)c9cc(ccc19)C#CCCO,NA
Input,Gliquidone,0.27169246,InputSig,NA,NA,LINCSCP_108338,HELA,0.37uM,24h,large intestine,Sulfonylurea,ABCC8,LLJFMFZYVVLQKT-UHFFFAOYSA-N,"InChI=1S/C27H33N3O6S/c1-27(2)23-14-11-20(36-3)17-22(23)24(31)30(25(27)32)16-15-18-9-12-21(13-10-18)37(34,35)29-26(33)28-19-7-5-4-6-8-19/h9-14,17,19H,4-8,15-16H2,1-3H3,(H2,28,29,33)",36042,COc1ccc2c(c1)C(=O)N(CCc3ccc(cc3)S(=O)(=O)NC(=O)NC4CCCCC4)C(=O)C2(C)C,4
Input,LXR-623,0.27123999,InputSig,NA,NA,LINCSCP_73396,A375,0.04uM,24h,skin,LXR-alpha agonist|LXR-beta agonist,NR1H2|NR1H3,KYWWJENKIMRJBI-UHFFFAOYSA-N,"InChI=1S/C21H12ClF5N2/c22-18-10-15(24)9-6-13(18)11-29-20(12-4-7-14(23)8-5-12)16-2-1-3-17(19(16)28-29)21(25,26)27/h1-10H,11H2",27097,Fc1ccc(cc1)c2c3cccc(c3nn2Cc4ccc(F)cc4Cl)C(F)(F)F,1
Input,BRD-K52047117,0.27079199,InputSig,NA,NA,LINCSCP_65660,VCAP,10uM,24h,prostate,NA,NA,WTUFVLVPXRCGPW-ZOFLEUFXSA-N,"InChI=1S/C26H31N3O7/c1-29(2)12-25(32)28-16-4-6-20-18(8-16)19-9-17(35-23(13-30)26(19)36-20)10-24(31)27-11-15-3-5-21-22(7-15)34-14-33-21/h3-8,17,19,23,26,30H,9-14H2,1-2H3,(H,27,31)(H,28,32)/t17-,19+,23-,26-/m1/s1",25668,CN(C)CC(=O)Nc1ccc2O[C@H]3[C@@H](CO)O[C@@H](CC(=O)NCc4ccc5OCOc5c4)C[C@H]3c2c1,NA
Input,MK-2866 (GTx-024),0.27067796,InputSig,NA,NA,LINCSCP_101436,HELA,3.33uM,24h,large intestine,Androgen Receptor modulator,AR,JNGVJMBLXIUVRD-SFHVURJKSA-N,"InChI=1S/C19H14F3N3O3/c1-18(27,11-28-15-6-2-12(9-23)3-7-15)17(26)25-14-5-4-13(10-24)16(8-14)19(20,21)22/h2-8,27H,11H2,1H3,(H,25,26)/t18-/m0/s1",26647,C[C@](O)(COc1ccc(cc1)C#N)C(=O)Nc2ccc(C#N)c(c2)C(F)(F)F,3
Input,Benzbromarone,0.26993211,InputSig,NA,NA,LINCSCP_91117,HA1E,0.04uM,24h,kidney epithelial,Chloride channel blocker,NA,WHQCHUCQKNIQEC-UHFFFAOYSA-N,"InChI=1S/C17H12Br2O3/c1-2-13-15(10-5-3-4-6-14(10)22-13)16(20)9-7-11(18)17(21)12(19)8-9/h3-8,21H,2H2,1H3",35524,CCc1oc2ccccc2c1C(=O)c3cc(Br)c(O)c(Br)c3,4
Input,"SIN-1, Hydrochloride",0.26935697,InputSig,NA,NA,LINCSCP_97545,HA1E,0.12uM,24h,kidney epithelial,NA,NA,FKDHHVKWGRFRTG-UHFFFAOYSA-N,"InChI=1S/C6H10N4O2/c7-6-5-10(8-12-6)9-1-3-11-4-2-9/h5,7H,1-4H2",27057,N=C1O[N-][N+](=C1)N2CCOCC2,NA
Input,Clofibric acid,0.26933995,InputSig,NA,NA,LINCSCP_141711,MCF7,0.12uM,24h,breast,PPAR receptor agonist,PPARA,TXCGAZHTZHNUAI-UHFFFAOYSA-N,"InChI=1S/C10H11ClO3/c1-10(2,9(12)13)14-8-5-3-7(11)4-6-8/h3-6H,1-2H3,(H,12,13)",15469,CC(C)(Oc1ccc(Cl)cc1)C(=O)O,NA
Input,Benzamil,0.26925009,InputSig,NA,NA,LINCSCP_92070,HA1E,1.11uM,24h,kidney epithelial,Sodium channel blocker,PKD2L1|SCNN1A|SCNN1B|SCNN1D|SCNN1G|SLC8A1,KXDROGADUISDGY-UHFFFAOYSA-N,"InChI=1S/C13H14ClN7O/c14-9-11(16)20-10(15)8(19-9)12(22)21-13(17)18-6-7-4-2-1-3-5-7/h1-5H,6H2,(H4,15,16,20)(H3,17,18,21,22)",15204,NC(=NC(=O)c1nc(Cl)c(N)nc1N)NCc2ccccc2,NA
Input,"N-(3-Fluoro-4-((7-methoxyquinolin-4-yl)oxy)phenyl)-1-(2-hydroxy-2-methylpropyl)-5-methyl-3-oxo-2-phenyl-2,3-dihydro-1H-pyrazole-4-carboxamide",0.26883173,InputSig,NA,NA,LINCSCP_152294,PC3,3.33uM,24h,prostate,Hepatocyte growth factor receptor inhibitor,NA,UYMSIPINLJNNOU-UHFFFAOYSA-N,"InChI=1S/C31H29FN4O5/c1-19-28(30(38)36(21-8-6-5-7-9-21)35(19)18-31(2,3)39)29(37)34-20-10-13-27(24(32)16-20)41-26-14-15-33-25-17-22(40-4)11-12-23(25)26/h5-17,39H,18H2,1-4H3,(H,34,37)",37804,COc1ccc2c(Oc3ccc(NC(=O)C4=C(C)N(CC(C)(C)O)N(C4=O)c5ccccc5)cc3F)ccnc2c1,NA
Input,AC1O44XP,0.26821857,InputSig,NA,NA,LINCSCP_64477,VCAP,1uM,24h,prostate,PPAR receptor agonist,PPARG,VHRUMKCAEVRUBK-XSDKJXIISA-N,"InChI=1S/C20H28O3/c1-2-3-4-5-6-10-13-18-17(15-16-19(18)21)12-9-7-8-11-14-20(22)23/h6-7,9-10,13,15-17H,2-5,8,11-12,14H2,1H3,(H,22,23)/b9-7+,10-6+,18-13+",3193,CCCCC\C=C\C=C\1/C(C\C=C\CCCC(=O)O)C=CC1=O,NA
Input,Triclabendazole,0.26796668,InputSig,NA,NA,LINCSCP_125189,HT29,3.33uM,24h,large intestine,Microtubule inhibitor,DNMT1,NQPDXQQQCQDHHW-UHFFFAOYSA-N,"InChI=1S/C14H9Cl3N2OS/c1-21-14-18-9-5-8(16)12(6-10(9)19-14)20-11-4-2-3-7(15)13(11)17/h2-6H,1H3,(H,18,19)",16435,CSc1nc2cc(Cl)c(Oc3cccc(Cl)c3Cl)cc2[nH]1,NA
Input,MLN-0128,0.26717198,InputSig,NA,NA,LINCSCP_113920,HME1,0.37uM,24h,breast,Serine/threonine-protein kinase mTOR inhibitor,MTOR,GYLDXIAOMVERTK-UHFFFAOYSA-N,"InChI=1S/C15H15N7O/c1-7(2)22-14-11(13(16)18-6-19-14)12(21-22)8-3-4-10-9(5-8)20-15(17)23-10/h3-7H,1-2H3,(H2,17,20)(H2,16,18,19)",15180,CC(C)n1nc(c2ccc3oc(N)nc3c2)c4c(N)ncnc14,2
Input,XAV 939,0.26675042,InputSig,NA,NA,LINCSCP_35917,MCF7,0.5uM,24h,breast,Tankyrase inhibitor,TNKS|TNKS2,KLGQSVMIPOVQAX-UHFFFAOYSA-N,"InChI=1S/C14H11F3N2OS/c15-14(16,17)9-3-1-8(2-4-9)12-18-11-5-6-21-7-10(11)13(20)19-12/h1-4H,5-7H2,(H,18,19,20)",16300,Oc1nc(nc2CCSCc12)c3ccc(cc3)C(F)(F)F,NA
Input,WH-4-023,0.26574176,InputSig,NA,NA,LINCSCP_51391,SKBR3,10uM,24h,breast,Src inhibitor,ABL1|SRC,NBTNHSGBRGTFJS-UHFFFAOYSA-N,"InChI=1S/C32H36N6O4/c1-22-7-6-8-23(2)30(22)42-32(39)38(27-14-13-26(40-4)21-28(27)41-5)29-15-16-33-31(35-29)34-24-9-11-25(12-10-24)37-19-17-36(3)18-20-37/h6-16,21H,17-20H2,1-5H3,(H,33,34,35)",36485,COc1ccc(N(C(=O)Oc2c(C)cccc2C)c3ccnc(Nc4ccc(cc4)N5CCN(C)CC5)n3)c(OC)c1,NA
Input,Tamibarotene,0.26553408,InputSig,NA,NA,LINCSCP_118988,HT29,10uM,24h,large intestine,Retinoid receptor agonist,RARA|RARB,MUTNCGKQJGXKEM-UHFFFAOYSA-N,"InChI=1S/C22H25NO3/c1-21(2)11-12-22(3,4)18-13-16(9-10-17(18)21)23-19(24)14-5-7-15(8-6-14)20(25)26/h5-10,13H,11-12H2,1-4H3,(H,23,24)(H,25,26)",16329,CC1(C)CCC(C)(C)c2cc(NC(=O)c3ccc(cc3)C(=O)O)ccc12,2
Input,TRAP-101,0.26512994,InputSig,NA,NA,LINCSCP_14491,HA1E,10uM,24h,kidney epithelial,Nociceptin/orphanin FQ (NOP) receptor antagonist|Opioid receptor antagonist,OPRL1,DCRGHMJXEBSRQG-UHFFFAOYSA-N,"InChI=1S/C24H35N3O2/c1-2-26-22-12-8-9-13-23(22)27(24(26)29)21-14-15-25(17-20(21)18-28)16-19-10-6-4-3-5-7-11-19/h8-9,12-13,19,28H,2-7,10-11,14-18H2,1H3",15870,CCN1C(=O)N(C2=C(CO)CN(CC3CCCCCCC3)CC2)c4ccccc14,NA
Input,VX-745,0.26473997,InputSig,NA,NA,LINCSCP_240362,MCF7,10uM,24h,breast,P38 MAPK inhibitor,MAPK14,VEPKQEUBKLEPRA-UHFFFAOYSA-N,InChI=1S/C19H9Cl2F2N3OS/c20-11-2-1-3-12(21)17(11)18-14-5-7-16(25-26(14)9-24-19(18)27)28-15-6-4-10(22)8-13(15)23/h1-9H,37864,Fc1ccc(SC2=NN3C=NC(=O)C(=C3C=C2)c4c(Cl)cccc4Cl)c(F)c1,2
Input,Lintitript,0.26461087,InputSig,NA,NA,LINCSCP_33081,MCF7,10uM,24h,breast,CCK receptor antagonist,CCKAR,ILNRQFBVVQUOLP-UHFFFAOYSA-N,"InChI=1S/C20H14ClN3O3S/c21-14-7-3-2-6-13(14)15-11-28-20(22-15)23-19(27)17-9-12-5-1-4-8-16(12)24(17)10-18(25)26/h1-9,11H,10H2,(H,25,26)(H,22,23,27)",15579,OC(=O)Cn1c(cc2ccccc12)C(=O)Nc3nc(cs3)c4ccccc4Cl,NA
Input,DOCETAXEL,0.26421222,InputSig,NA,NA,LINCSCP_121680,HT29,3.33uM,24h,large intestine,NA,NA,ZDZOTLJHXYCWBA-JXHJHTFNSA-N,"InChI=1S/C43H53NO14/c1-22-26(55-37(51)32(48)30(24-15-11-9-12-16-24)44-38(52)58-39(3,4)5)20-43(53)35(56-36(50)25-17-13-10-14-18-25)33-41(8,34(49)31(47)29(22)40(43,6)7)27(46)19-28-42(33,21-54-28)57-23(2)45/h9-18,26-28,30-33,35,46-48,53H,19-21H2,1-8H3,(H,44,52)/t26-,27-,28+,30-,31+,32+,33?,35-,41+,42-,43+/m0/s1",26849,CC(=O)O[C@@]12CO[C@@H]1C[C@H](O)[C@]3(C)C2[C@H](OC(=O)c4ccccc4)[C@]5(O)C[C@H](OC(=O)[C@H](O)[C@@H](NC(=O)OC(C)(C)C)c6ccccc6)C(=C([C@@H](O)C3=O)C5(C)C)C,NA
Input,Fluticasone Propionate,0.26416219,InputSig,NA,NA,LINCSCP_124064,HT29,0.37uM,24h,large intestine,Glucocorticoid receptor agonist,NR3C1|PGR,WMWTYOKRWGGJOA-CENSZEJFSA-N,"InChI=1S/C25H31F3O5S/c1-5-20(31)33-25(21(32)34-12-26)13(2)8-15-16-10-18(27)17-9-14(29)6-7-22(17,3)24(16,28)19(30)11-23(15,25)4/h6-7,9,13,15-16,18-19,30H,5,8,10-12H2,1-4H3/t13-,15+,16+,18+,19+,22+,23+,24+,25+/m1/s1",35912,CCC(=O)O[C@@]1([C@H](C)C[C@H]2[C@@H]3C[C@H](F)C4=CC(=O)C=C[C@]4(C)[C@@]3(F)[C@@H](O)C[C@]12C)C(=O)SCF,4
Input,NSC119236,0.26387029,InputSig,NA,NA,LINCSCP_57103,VCAP,20uM,6h,prostate,NA,NA,RCDIUAFMNCXJRV-UHFFFAOYSA-N,"InChI=1S/C19H13NO4/c1-2-24-19(23)14-13-9-5-6-10-20(13)16-15(14)17(21)11-7-3-4-8-12(11)18(16)22/h3-10H,2H2,1H3",36261,CCOC(=O)c1c2C(=O)c3ccccc3C(=O)c2n4ccccc14,NA
Input,Allitinib,0.26329175,InputSig,NA,NA,LINCSCP_164352,SKL.C,1.11uM,24h,NA,NA,NA,MVZGYPSXNDCANY-UHFFFAOYSA-N,"InChI=1S/C24H18ClFN4O2/c1-2-23(31)29-17-6-8-21-19(11-17)24(28-14-27-21)30-18-7-9-22(20(25)12-18)32-13-15-4-3-5-16(26)10-15/h2-12,14H,1,13H2,(H,29,31)(H,27,28,30)",35294,Fc1cccc(COc2ccc(Nc3ncnc4ccc(NC(=O)C=C)cc34)cc2Cl)c1,NA
Input,CEFEPIME HYDROCHLORIDE,0.26256873,InputSig,NA,NA,LINCSCP_121167,HT29,0.12uM,24h,large intestine,NA,NA,HVFLCNVBZFFHBT-UHFFFAOYSA-O,"InChI=1S/C19H24N6O5S2/c1-25(5-3-4-6-25)7-10-8-31-17-13(16(27)24(17)14(10)18(28)29)22-15(26)12(23-30-2)11-9-32-19(20)21-11/h9,13,17H,3-8H2,1-2H3,(H3-,20,21,22,26,28,29)/p+1",26472,CON=C(C(=O)NC1C2SCC(=C(N2C1=O)C(=O)O)C[N+]3(C)CCCC3)c4csc(N)n4,NA
Input,BRD-K24925721,0.26162723,InputSig,NA,NA,LINCSCP_48389,PC3,5uM,24h,prostate,NA,NA,PVPFWHYBAZYTSA-FQEVSTJZSA-N,"InChI=1S/C25H29N5O4/c1-15(2)27-24(33)30-14-25(12-29(13-25)23(32)16-5-4-8-26-10-16)21-18-7-6-17(34-3)9-19(18)28-22(21)20(30)11-31/h4-10,15,20,28,31H,11-14H2,1-3H3,(H,27,33)/t20-/m0/s1",12211,COc1ccc2c3c([nH]c2c1)[C@H](CO)N(CC34CN(C4)C(=O)c5cccnc5)C(=O)NC(C)C,NA
Input,Carbamazepine,0.2611129,InputSig,NA,NA,LINCSCP_79157,A375,0.12uM,24h,skin,Sodium channel alpha subunit blocker,SCN10A|SCN11A|SCN1A|SCN2A|SCN3A|SCN4A|SCN5A|SCN7A|SCN8A|SCN9A,FFGPTBGBLSHEPO-UHFFFAOYSA-N,"InChI=1S/C15H12N2O/c16-15(18)17-13-7-3-1-5-11(13)9-10-12-6-2-4-8-14(12)17/h1-10H,(H2,16,18)",35986,NC(=O)N1c2ccccc2C=Cc3ccccc13,4
Input,Vemurafenib,0.26051205,InputSig,NA,NA,LINCSCP_55501,U937,10uM,6h,haematopoietic and lymphoid tissue,RAF inhibitor,BRAF,NA,NA,42752,NA,NA
Input,Vemurafenib,0.26051205,InputSig,NA,NA,LINCSCP_55501,U937,10uM,6h,haematopoietic and lymphoid tissue,RAF inhibitor,BRAF,GPXBXXGIAQBQNI-UHFFFAOYSA-N,"InChI=1S/C23H18ClF2N3O3S/c1-2-9-33(31,32)29-19-8-7-18(25)20(21(19)26)22(30)17-12-28-23-16(17)10-14(11-27-23)13-3-5-15(24)6-4-13/h3-8,10-12,29H,2,9H2,1H3,(H,27,28)",35271,CCCS(=O)(=O)Nc1ccc(F)c(C(=O)c2c[nH]c3ncc(cc23)c4ccc(Cl)cc4)c1F,4
Input,Gaboxadol,0.26010146,InputSig,NA,NA,LINCSCP_273443,PC3,10uM,24h,prostate,GABA receptor agonist,GABRA1|GABRA2|GABRA3|GABRA4|GABRA5|GABRA6|GABRB1|GABRB2|GABRB3|GABRD,ZXRVKCBLGJOCEE-UHFFFAOYSA-N,"InChI=1S/C6H8N2O2/c9-6-4-1-2-7-3-5(4)10-8-6/h7H,1-3H2,(H,8,9)",16453,Oc1noc2CNCCc12,3
Input,CHEMBL1950303,0.26002543,InputSig,NA,NA,LINCSCP_152343,PC3,1.11uM,24h,prostate,NA,NA,IBGLGMOPHJQDJB-ROKHWSDSSA-N,"InChI=1S/C21H23F3N6O2/c22-11-7-15(23)18(16(24)8-11)28-21-27-17-9-25-20(26-12-1-3-14(31)4-2-12)29-19(17)30(21)13-5-6-32-10-13/h7-9,12-14,31H,1-6,10H2,(H,27,28)(H,25,26,29)/t12?,13-,14?/m1/s1",17495,OC1CCC(CC1)Nc2ncc3nc(Nc4c(F)cc(F)cc4F)n([C@@H]5CCOC5)c3n2,NA
Input,Mozavaptan,0.25996437,InputSig,NA,NA,LINCSCP_120989,HT29,10uM,24h,large intestine,NA,NA,WRNXUQJJCIZICJ-UHFFFAOYSA-N,"InChI=1S/C27H29N3O2/c1-19-9-4-5-10-22(19)26(31)28-21-16-14-20(15-17-21)27(32)30-18-8-13-24(29(2)3)23-11-6-7-12-25(23)30/h4-7,9-12,14-17,24H,8,13,18H2,1-3H3,(H,28,31)",27112,CN(C)C1CCCN(C(=O)c2ccc(NC(=O)c3ccccc3C)cc2)c4ccccc14,NA
Input,PF431396,0.25954714,InputSig,NA,NA,LINCSCP_130871,MCF10A,10uM,3h,breast epithelial,Focal adhesion kinase inhibitor,NA,POJZIZBONPAWIV-UHFFFAOYSA-N,"InChI=1S/C22H21F3N6O3S/c1-31(35(2,33)34)18-6-4-3-5-13(18)11-26-20-16(22(23,24)25)12-27-21(30-20)28-15-7-8-17-14(9-15)10-19(32)29-17/h3-9,12H,10-11H2,1-2H3,(H,29,32)(H2,26,27,28,30)",17513,CN(c1ccccc1CNc2nc(Nc3ccc4NC(=O)Cc4c3)ncc2C(F)(F)F)S(=O)(=O)C,NA
Input,Doxazosin,0.25921651,InputSig,NA,NA,LINCSCP_104521,HELA,1.11uM,24h,large intestine,Adrenergic receptor antagonist,ADRA1A|ADRA1B|ADRA1D,RUZYUOTYCVRMRZ-UHFFFAOYSA-N,"InChI=1S/C23H25N5O5/c1-30-18-11-14-15(12-19(18)31-2)25-23(26-21(14)24)28-9-7-27(8-10-28)22(29)20-13-32-16-5-3-4-6-17(16)33-20/h3-6,11-12,20H,7-10,13H2,1-2H3,(H2,24,25,26)",36220,COc1cc2nc(nc(N)c2cc1OC)N3CCN(CC3)C(=O)C4COc5ccccc5O4,4
Input,Veliparib,0.25888904,InputSig,NA,NA,LINCSCP_251082,MCF7,0.001uM,24h,breast,PARP inhibitor,PARP1|PARP2,JNAHVYVRKWKWKQ-CYBMUJFWSA-N,"InChI=1S/C13H16N4O/c1-13(6-3-7-15-13)12-16-9-5-2-4-8(11(14)18)10(9)17-12/h2,4-5,15H,3,6-7H2,1H3,(H2,14,18)(H,16,17)/t13-/m1/s1",23021,C[C@@]1(CCCN1)c2nc3c(cccc3[nH]2)C(=O)N,NA
Input,Moxisylyte,0.25879488,InputSig,NA,NA,LINCSCP_50,A375,3uM,6h,skin,Adrenergic receptor antagonist,NA,VRYMTAVOXVTQEF-UHFFFAOYSA-N,"InChI=1S/C16H25NO3/c1-11(2)14-10-15(20-13(4)18)12(3)9-16(14)19-8-7-17(5)6/h9-11H,7-8H2,1-6H3",16433,CC(C)c1cc(OC(=O)C)c(C)cc1OCCN(C)C,4
Input,Gatifloxacin,0.25878869,InputSig,NA,NA,LINCSCP_142074,MCF7,3.33uM,24h,breast,Bacterial DNA gyrase inhibitor,NA,XUBOMFCQGDBHNK-UHFFFAOYSA-N,"InChI=1S/C19H22FN3O4/c1-10-8-22(6-5-21-10)16-14(20)7-12-15(18(16)27-2)23(11-3-4-11)9-13(17(12)24)19(25)26/h7,9-11,21H,3-6,8H2,1-2H3,(H,25,26)",16252,COc1c(N2CCNC(C)C2)c(F)cc3C(=O)C(=CN(C4CC4)c13)C(=O)O,4
Input,Zaprinast,0.25821787,InputSig,NA,NA,LINCSCP_101607,HELA,0.12uM,24h,large intestine,Phosphodiesterase inhibitor,PDE5A,REZGGXNDEMKIQB-UHFFFAOYSA-N,"InChI=1S/C13H13N5O2/c1-2-7-20-9-6-4-3-5-8(9)11-14-12-10(13(19)15-11)16-18-17-12/h3-6H,2,7H2,1H3,(H2,14,15,16,17,18,19)",22561,CCCOc1ccccc1c2nc(O)c3[nH]nnc3n2,NA
Input,TAK-285,0.25798155,InputSig,NA,NA,LINCSCP_108319,HELA,1.11uM,24h,large intestine,Epidermal growth factor receptor erbB1 inhibitor|Receptor protein-tyrosine kinase erbB-2 inhibitor,EGFR|ERBB2,ZYQXEVJIFYIBHZ-UHFFFAOYSA-N,"InChI=1S/C26H25ClF3N5O3/c1-25(2,37)14-22(36)31-9-11-35-10-8-20-23(35)24(33-15-32-20)34-17-6-7-21(19(27)13-17)38-18-5-3-4-16(12-18)26(28,29)30/h3-8,10,12-13,15,37H,9,11,14H2,1-2H3,(H,31,36)(H,32,33,34)",27187,CC(C)(O)CC(=O)NCCn1ccc2ncnc(Nc3ccc(Oc4cccc(c4)C(F)(F)F)c(Cl)c3)c12,1
Input,"Forskolin, NKH477",0.25795441,InputSig,NA,NA,LINCSCP_135642,MCF7,0.12uM,24h,breast,NA,NA,RSOZZQTUMVBTMR-XGUNBQNXSA-N,"InChI=1S/C27H43NO8/c1-10-24(5)15-18(31)27(33)25(6)17(30)11-13-23(3,4)21(25)20(35-19(32)12-14-28(8)9)22(34-16(2)29)26(27,7)36-24/h10,17,20-22,30,33H,1,11-15H2,2-9H3/t17-,20-,21-,22-,24-,25-,26+,27-/m0/s1",26643,CN(C)CCC(=O)O[C@@H]1[C@H](OC(=O)C)[C@@]2(C)O[C@](C)(CC(=O)[C@]2(O)[C@@]3(C)[C@@H](O)CCC(C)(C)[C@H]13)C=C,NA
Input,Pazopanib,0.25790772,InputSig,NA,NA,LINCSCP_86691,CD34,3.33uM,24h,bone marrow,KIT inhibitor|PDGFR tyrosine kinase receptor inhibitor|VEGFR inhibitor,CSF1R|FGFR1|FGFR3|FLT1|FLT4|ITK|KDR|KIT|LCK|PDGFRA|PDGFRB,CUIHSIWYWATEQL-UHFFFAOYSA-N,"InChI=1S/C21H23N7O2S/c1-13-5-6-15(11-19(13)31(22,29)30)24-21-23-10-9-20(25-21)27(3)16-7-8-17-14(2)28(4)26-18(17)12-16/h5-12H,1-4H3,(H2,22,29,30)(H,23,24,25)",15129,CN(c1ccc2c(C)n(C)nc2c1)c3ccnc(Nc4ccc(C)c(c4)S(=O)(=O)N)n3,4
Input,Dapivirine (TMC120),0.25660407,InputSig,NA,NA,LINCSCP_104452,HELA,0.04uM,24h,large intestine,NA,NA,ILAYIAGXTHKHNT-UHFFFAOYSA-N,"InChI=1S/C20H19N5/c1-13-10-14(2)19(15(3)11-13)24-18-8-9-22-20(25-18)23-17-6-4-16(12-21)5-7-17/h4-11H,1-3H3,(H2,22,23,24,25)",26663,Cc1cc(C)c(Nc2ccnc(Nc3ccc(cc3)C#N)n2)c(C)c1,3
Input,Momelotinib,0.25639509,InputSig,NA,NA,LINCSCP_69299,A375,0.37uM,24h,skin,Tyrosine-protein kinase JAK1  inhibitor|Tyrosine-protein kinase JAK2 inhibitor,JAK1|JAK2,ZVHNDZWQTBEVRY-UHFFFAOYSA-N,"InChI=1S/C23H22N6O2/c24-10-12-25-22(30)18-3-1-17(2-4-18)21-9-11-26-23(28-21)27-19-5-7-20(8-6-19)29-13-15-31-16-14-29/h1-9,11H,12-16H2,(H,25,30)(H,26,27,28)",15140,O=C(NCC#N)c1ccc(cc1)c2ccnc(Nc3ccc(cc3)N4CCOCC4)n2,3
Input,Arundine,0.25632622,InputSig,NA,NA,LINCSCP_105504,HELA,0.04uM,24h,large intestine,"CHK inhibitor|Cytochrome P450 activator|Indoleamine 2,3-dioxygenase inhibitor",AR|HIF1A|IFNG|PI3,VFTRKSBEFQDZKX-UHFFFAOYSA-N,"InChI=1S/C17H14N2/c1-3-7-16-14(5-1)12(10-18-16)9-13-11-19-17-8-4-2-6-15(13)17/h1-8,10-11,18-19H,9H2",16168,C(c1c[nH]c2ccccc12)c3c[nH]c4ccccc34,NA
Input,Daphnetin,0.25586984,InputSig,NA,NA,LINCSCP_15081,HA1E,10uM,24h,kidney epithelial,Protein kinase inhibitor,NA,ATEFPOUAMCWAQS-UHFFFAOYSA-N,"InChI=1S/C9H6O4/c10-6-3-1-5-2-4-7(11)13-9(5)8(6)12/h1-4,10,12H",15789,Oc1ccc2C=CC(=O)Oc2c1O,NA
Input,BRD-K16172779,0.25554524,InputSig,NA,NA,LINCSCP_61321,VCAP,5uM,6h,prostate,NA,NA,WWIWLTDSUPVNED-JLHGSKIFSA-N,"InChI=1S/C24H37N3O4/c1-16-13-25-17(2)15-31-21-11-10-19(26-23(28)18-8-6-5-7-9-18)12-20(21)24(29)27(3)14-22(16)30-4/h10-12,16-18,22,25H,5-9,13-15H2,1-4H3,(H,26,28)/t16-,17+,22+/m1/s1",7117,CO[C@H]1CN(C)C(=O)c2cc(NC(=O)C3CCCCC3)ccc2OC[C@H](C)NC[C@H]1C,NA
Input,AMSACRINE,0.25530136,InputSig,NA,NA,LINCSCP_160687,PC3,0.04uM,24h,prostate,NA,NA,XCPGHVQEEXUHNC-UHFFFAOYSA-N,"InChI=1S/C21H19N3O3S/c1-27-20-13-14(24-28(2,25)26)11-12-19(20)23-21-15-7-3-5-9-17(15)22-18-10-6-4-8-16(18)21/h3-13,24H,1-2H3,(H,22,23)",27172,COc1cc(NS(=O)(=O)C)ccc1Nc2c3ccccc3nc4ccccc24,4
Input,BRD-K94312010,0.25493942000000003,InputSig,NA,NA,LINCSCP_310709,VCAP,10uM,6h,prostate,NA,NA,GJXITPCKIIOKJV-CUVVAGTFSA-N,"InChI=1S/C28H35FN2O5S/c1-19-16-31(20(2)18-32)37(34,35)27-14-11-23(21-7-5-4-6-8-21)15-25(27)36-26(19)17-30(3)28(33)22-9-12-24(29)13-10-22/h7,9-15,19-20,26,32H,4-6,8,16-18H2,1-3H3/t19-,20-,26+/m0/s1",13983,C[C@@H](CO)N1C[C@H](C)[C@@H](CN(C)C(=O)c2ccc(F)cc2)Oc3cc(ccc3S1(=O)=O)C4=CCCCC4,NA
Input,TORIN1,0.2548157,InputSig,NA,NA,LINCSCP_113282,HME1,0.04uM,24h,breast,MTOR inhibitor|PI3K inhibitor,MTOR,AKCRNFFTGXBONI-UHFFFAOYSA-N,"InChI=1S/C35H28F3N5O2/c1-2-32(44)42-15-13-41(14-16-42)31-11-9-26(19-28(31)35(36,37)38)43-33(45)12-8-24-20-40-30-10-7-22(18-27(30)34(24)43)25-17-23-5-3-4-6-29(23)39-21-25/h3-12,17-21H,2,13-16H2,1H3",35275,CCC(=O)N1CCN(CC1)c2ccc(cc2C(F)(F)F)N3C(=O)C=Cc4cnc5ccc(cc5c34)c6cnc7ccccc7c6,NA
Input,Tipiracil (hydrochloride),0.25470606,InputSig,NA,NA,LINCSCP_121159,HT29,1.11uM,24h,large intestine,Thymidine phosphorylase inhibitor,TYMP,QQHMKNYGKVVGCZ-UHFFFAOYSA-N,"InChI=1S/C9H11ClN4O2/c10-7-5(12-9(16)13-8(7)15)4-14-3-1-2-6(14)11/h11H,1-4H2,(H2,12,13,15,16)",26761,ClC1=C(CN2CCCC2=N)NC(=O)NC1=O,4
Input,Dinoprost,0.25447759,InputSig,NA,NA,LINCSCP_94691,HA1E,0.12uM,24h,kidney epithelial,Prostanoid FP receptor agonist,PTGFR,PXGPLTODNUVGFL-YNNPMVKQSA-N,"InChI=1S/C20H34O5/c1-2-3-6-9-15(21)12-13-17-16(18(22)14-19(17)23)10-7-4-5-8-11-20(24)25/h4,7,12-13,15-19,21-23H,2-3,5-6,8-11,14H2,1H3,(H,24,25)/b7-4-,13-12+/t15-,16+,17+,18-,19+/m0/s1",26799,CCCCC[C@H](O)\C=C\[C@H]1[C@H](O)C[C@H](O)[C@@H]1C\C=C/CCCC(=O)O,4
Input,Y-39983,0.25427483,InputSig,NA,NA,LINCSCP_36817,MCF7,1uM,24h,breast,Rho associated kinase inhibitor,ROCK1|ROCK2,JTVBXQAYBIJXRP-SNVBAGLBSA-N,"InChI=1S/C16H16N4O/c1-10(17)11-2-4-12(5-3-11)16(21)20-14-7-9-19-15-13(14)6-8-18-15/h2-10H,17H2,1H3,(H2,18,19,20,21)/t10-/m1/s1",17547,C[C@@H](N)c1ccc(cc1)C(=O)Nc2ccnc3[nH]ccc23,1
Input,BMS-777607,0.25412299,InputSig,NA,NA,LINCSCP_146553,NEU,0.12uM,24h,NA,AXL kinase inhibitor|C-Met inhibitor|FLT3 inhibitor|Hepatocyte growth factor receptor inhibitor|Macrophage inhibitor|Tyrosine kinase inhibitor,AXL|MERTK|MET|MST1R|TYRO3,VNBRGSXVFBYQNN-UHFFFAOYSA-N,"InChI=1S/C25H19ClF2N4O4/c1-2-35-19-10-12-32(16-6-3-14(27)4-7-16)25(34)21(19)24(33)31-15-5-8-18(17(28)13-15)36-20-9-11-30-23(29)22(20)26/h3-13H,2H2,1H3,(H2,29,30)(H,31,33)",37825,CCOC1=C(C(=O)Nc2ccc(Oc3ccnc(N)c3Cl)c(F)c2)C(=O)N(C=C1)c4ccc(F)cc4,2
Input,Voreloxin (Hydrochloride),0.25399161,InputSig,NA,NA,LINCSCP_119209,HT29,0.04uM,24h,large intestine,DNA topoisomerase II inhibitor,TOP2A|TOP2B,XZAFZXJXZHRNAQ-STQMWFEESA-N,"InChI=1S/C18H19N5O4S/c1-19-12-8-22(9-13(12)27-2)14-4-3-10-15(24)11(17(25)26)7-23(16(10)21-14)18-20-5-6-28-18/h3-7,12-13,19H,8-9H2,1-2H3,(H,25,26)/t12-,13-/m0/s1",26817,CN[C@H]1CN(C[C@@H]1OC)c2ccc3C(=O)C(=CN(c4nccs4)c3n2)C(=O)O,3
Input,BRD-A75471153,0.25375186,InputSig,NA,NA,LINCSCP_141514,MCF7,0.04uM,24h,breast,NA,NA,NA,NA,NA,NA,NA
Input,MLS002264459,0.25351769,InputSig,NA,NA,LINCSCP_57582,VCAP,10uM,24h,prostate,NA,NA,DTBNAXOZCXXWDM-UHFFFAOYSA-N,"InChI=1S/C20H14N6S2/c1-26-20(23-24-25-26)28-19-17-16(11-27-18(17)21-12-22-19)15-9-7-14(8-10-15)13-5-3-2-4-6-13/h2-12H,1H3",3248,Cn1nnnc1Sc2ncnc3scc(c4ccc(cc4)c5ccccc5)c23,NA
Input,BRD-K57766599,0.25332668,InputSig,NA,NA,LINCSCP_304533,VCAP,5uM,24h,prostate,NA,NA,JTIGHJUHEGWKGG-SEPYTNNBSA-N,"InChI=1S/C25H32F5N3O3/c1-16(23(36-4)14-32(3)13-18-11-20(26)7-10-22(18)27)12-33(17(2)15-34)24(35)31-21-8-5-19(6-9-21)25(28,29)30/h5-11,16-17,23,34H,12-15H2,1-4H3,(H,31,35)/t16-,17-,23-/m1/s1",41470,CO[C@H](CN(C)Cc1cc(F)ccc1F)[C@H](C)CN([C@H](C)CO)C(=O)Nc2ccc(cc2)C(F)(F)F,NA
Input,Dactolisib,0.253143,InputSig,NA,NA,LINCSCP_9556,A549,0.5uM,6h,lung,MTOR inhibitor|PI3K inhibitor,MTOR|PIK3CA|PIK3CB|PIK3CD|PIK3CG|PIK3R1|PIK3R2|PIK3R3|PIK3R5,JOGKUKXHTYWRGZ-UHFFFAOYSA-N,"InChI=1S/C30H23N5O/c1-30(2,18-31)22-9-11-23(12-10-22)35-28-24-15-19(21-14-20-6-4-5-7-25(20)32-16-21)8-13-26(24)33-17-27(28)34(3)29(35)36/h4-17H,1-3H3",15058,CN1C(=O)N(c2ccc(cc2)C(C)(C)C#N)c3c1cnc4ccc(cc34)c5cnc6ccccc6c5,2
Input,rifampicin,0.25274218,InputSig,NA,NA,LINCSCP_86151,BT20,0.37uM,24h,breast,NA,NA,NA,NA,NA,NA,NA
Input,BRD-K44366812,0.25255098,InputSig,NA,NA,LINCSCP_28361,HT29,10uM,24h,large intestine,NA,NA,JELGKZCIOQUBDC-ZVDOUQERSA-N,"InChI=1S/C22H25FN2O3/c1-3-20(27)25-18(21(19(25)14-26)15-9-5-4-6-10-15)13-24(2)22(28)16-11-7-8-12-17(16)23/h4-12,18-19,21,26H,3,13-14H2,1-2H3/t18-,19+,21-/m0/s1",12752,CCC(=O)N1[C@H](CO)[C@H]([C@@H]1CN(C)C(=O)c2ccccc2F)c3ccccc3,NA
Input,YK 4-279,0.2517812,InputSig,NA,NA,LINCSCP_25418,HT29,10uM,24h,large intestine,Apoptosis stimulant|Binding of RNA helicase A to the transcription factor EWS-FLI1 inhibitor,DHX9|FLI1,HLXSCTYHLQHQDJ-UHFFFAOYSA-N,"InChI=1S/C17H13Cl2NO4/c1-24-10-4-2-9(3-5-10)13(21)8-17(23)14-11(18)6-7-12(19)15(14)20-16(17)22/h2-7,23H,8H2,1H3,(H,20,22)",36321,COc1ccc(cc1)C(=O)CC2(O)C(=O)Nc3c(Cl)ccc(Cl)c23,NA
Input,Erlotinib,0.25153546,InputSig,NA,NA,LINCSCP_142185,MCF7,0.12uM,24h,breast,EGFR inhibitor,EGFR,AAKJLRGGTJKAMG-UHFFFAOYSA-N,"InChI=1S/C22H23N3O4/c1-4-16-6-5-7-17(12-16)25-22-18-13-20(28-10-8-26-2)21(29-11-9-27-3)14-19(18)23-15-24-22/h1,5-7,12-15H,8-11H2,2-3H3,(H,23,24,25)",4277,COCCOc1cc2ncnc(Nc3cccc(c3)C#C)c2cc1OCCOC,4
Input,Sertindole,0.25150668,InputSig,NA,NA,LINCSCP_109133,HELA,1.11uM,24h,large intestine,Dopamine receptor antagonist|Serotonin receptor antagonist,DRD2|HTR2A|HTR2C,GZKLJWGUPQBVJQ-UHFFFAOYSA-N,"InChI=1S/C24H26ClFN4O/c25-18-1-6-23-21(15-18)22(16-30(23)20-4-2-19(26)3-5-20)17-7-10-28(11-8-17)13-14-29-12-9-27-24(29)31/h1-6,15-17H,7-14H2,(H,27,31)",16401,Fc1ccc(cc1)n2cc(C3CCN(CCN4CCNC4=O)CC3)c5cc(Cl)ccc25,4
Input,Bepotastine Besilate,0.25121117,InputSig,NA,NA,LINCSCP_109785,HELA,10uM,24h,large intestine,Histamine H1 receptor antagonist,HRH1,YWGDOWXRIALTES-NRFANRHFSA-N,"InChI=1S/C21H25ClN2O3/c22-17-8-6-16(7-9-17)21(19-4-1-2-12-23-19)27-18-10-14-24(15-11-18)13-3-5-20(25)26/h1-2,4,6-9,12,18,21H,3,5,10-11,13-15H2,(H,25,26)/t21-/m0/s1",26680,OC(=O)CCCN1CCC(CC1)O[C@@H](c2ccc(Cl)cc2)c3ccccn3,4
Input,CHEMBL585951,0.25105348,InputSig,NA,NA,LINCSCP_131718,MCF10A,10uM,3h,breast epithelial,JNK inhibitor,MAPK8,AHMHIFXJPSHHPH-UHFFFAOYSA-N,"InChI=1S/C26H27FN8O2/c27-20-15-19(16-23(17-20)33-7-11-36-12-8-33)24-5-6-28-25(31-24)30-21-1-3-22(4-2-21)35-18-29-26(32-35)34-9-13-37-14-10-34/h1-6,15-18H,7-14H2,(H,28,30,31)",19429,Fc1cc(cc(c1)c2ccnc(Nc3ccc(cc3)n4cnc(n4)N5CCOCC5)n2)N6CCOCC6,NA
Input,Alprostadil,0.25057279,InputSig,NA,NA,LINCSCP_137148,MCF7,10uM,24h,breast,Prostanoid EP1 receptor agonist|Prostanoid EP2 receptor agonist,PTGER1|PTGER2,GMVPRGQOIOIIMI-AIJKCLAYSA-N,"InChI=1S/C20H34O5/c1-2-3-6-9-15(21)12-13-17-16(18(22)14-19(17)23)10-7-4-5-8-11-20(24)25/h12-13,15-17,19,21,23H,2-11,14H2,1H3,(H,24,25)/b13-12+/t15-,16-,17-,19-/m0/s1",26730,CCCCC[C@H](O)\C=C\[C@@H]1[C@@H](O)CC(=O)[C@H]1CCCCCCC(=O)O,NA
Input,Alprostadil,0.25057279,InputSig,NA,NA,LINCSCP_137148,MCF7,10uM,24h,breast,Prostanoid EP1 receptor agonist|Prostanoid EP2 receptor agonist,PTGER1|PTGER2,GMVPRGQOIOIIMI-DWKJAMRDSA-N,"InChI=1S/C20H34O5/c1-2-3-6-9-15(21)12-13-17-16(18(22)14-19(17)23)10-7-4-5-8-11-20(24)25/h12-13,15-17,19,21,23H,2-11,14H2,1H3,(H,24,25)/b13-12+/t15-,16+,17+,19+/m0/s1",148,CCCCC[C@H](O)\C=C\[C@H]1[C@H](O)CC(=O)[C@@H]1CCCCCCC(=O)O,4
Input,Isocycloheximide,0.25046448,InputSig,NA,NA,LINCSCP_52712,SKB,10uM,24h,NA,Protein synthesis inhibitor,RPL3,YPHMISFOHDHNIV-UHFFFAOYSA-N,"InChI=1S/C15H23NO4/c1-8-3-9(2)15(20)11(4-8)12(17)5-10-6-13(18)16-14(19)7-10/h8-12,17H,3-7H2,1-2H3,(H,16,18,19)",15279,CC1CC(C)C(=O)C(C1)C(O)CC2CC(=O)NC(=O)C2,NA
Input,BRD-K85797809,0.25006534,InputSig,NA,NA,LINCSCP_253398,MCF7,1uM,6h,breast,NA,NA,ZCDZHCWZNJFIKB-JFTQMJAMSA-N,"InChI=1S/C19H26Cl2N2O4/c1-22-19(25)7-14-3-5-17-18(27-14)11-26-10-13(24)9-23(17)8-12-2-4-15(20)16(21)6-12/h2,4,6,13-14,17-18,24H,3,5,7-11H2,1H3,(H,22,25)/t13-,14+,17+,18-/m0/s1",4440,CNC(=O)C[C@H]1CC[C@@H]2[C@H](COC[C@@H](O)CN2Cc3ccc(Cl)c(Cl)c3)O1,NA
Input,Danusertib,0.24999348,InputSig,NA,NA,LINCSCP_90763,HA1E,0.04uM,24h,kidney epithelial,Aurora kinase inhibitor|Growth factor receptor inhibitor,AURKA|AURKB|AURKC|FGFR1|NTRK1|RET,XKFTZKGMDDZMJI-HSZRJFAPSA-N,"InChI=1S/C26H30N6O3/c1-30-12-14-31(15-13-30)20-10-8-19(9-11-20)25(33)27-24-21-16-32(17-22(21)28-29-24)26(34)23(35-2)18-6-4-3-5-7-18/h3-11,23H,12-17H2,1-2H3,(H2,27,28,29,33)/t23-/m1/s1",36404,CO[C@@H](C(=O)N1Cc2[nH]nc(NC(=O)c3ccc(cc3)N4CCN(C)CC4)c2C1)c5ccccc5,2
Input,Palbociclib,0.24993936,InputSig,NA,NA,LINCSCP_139912,MCF7,0.04uM,24h,breast,CDK inhibitor,CCND1|CDK4|CDK6,AHJRHEGDXFFMBM-UHFFFAOYSA-N,"InChI=1S/C24H29N7O2/c1-15-19-14-27-24(28-20-8-7-18(13-26-20)30-11-9-25-10-12-30)29-22(19)31(17-5-3-4-6-17)23(33)21(15)16(2)32/h7-8,13-14,17,25H,3-6,9-12H2,1-2H3,(H,26,27,28,29)",17501,CC(=O)C1=C(C)c2cnc(Nc3ccc(cn3)N4CCNCC4)nc2N(C5CCCC5)C1=O,4
Input,Allopurinol,0.24979089,InputSig,NA,NA,LINCSCP_96803,HA1E,0.04uM,24h,kidney epithelial,Xanthine oxidase inhibitor,XDH,OFCNXPDARWKPPY-UHFFFAOYSA-N,"InChI=1S/C5H4N4O/c10-5-3-1-8-9-4(3)6-2-7-5/h1-2H,(H2,6,7,8,9,10)",35215,O=C1NC=Nc2[nH]ncc12,4
Input,BRD-K21913257,0.24932375,InputSig,NA,NA,LINCSCP_35183,MCF7,10uM,24h,breast,NA,NA,OJLJDVMGKDSXAU-PMWMKWCKSA-N,"InChI=1S/C29H32N4O5S/c1-33-24-6-5-21(16-27(34)31-13-10-19-8-11-30-12-9-19)38-26(24)18-37-25-7-4-20(15-23(25)29(33)36)32-28(35)17-22-3-2-14-39-22/h2-4,7-9,11-12,14-15,21,24,26H,5-6,10,13,16-18H2,1H3,(H,31,34)(H,32,35)/t21-,24-,26+/m0/s1",24036,CN1[C@H]2CC[C@@H](CC(=O)NCCc3ccncc3)O[C@@H]2COc4ccc(NC(=O)Cc5cccs5)cc4C1=O,NA
Input,Acetazolamide,0.24916752,InputSig,NA,NA,LINCSCP_93899,HA1E,0.04uM,24h,kidney epithelial,Carbonic anhydrase inhibitor,CA1|CA12|CA14|CA2|CA4|CA7,BZKPWHYZMXOIDC-UHFFFAOYSA-N,"InChI=1S/C4H6N4O3S2/c1-2(9)6-3-7-8-4(12-3)13(5,10)11/h1H3,(H2,5,10,11)(H,6,7,9)",36460,CC(=O)Nc1nnc(s1)S(=O)(=O)N,4
Input,MW-STK33-97,0.24872042,InputSig,NA,NA,LINCSCP_42053,NOMO1,3uM,6h,haematopoietic and lymphoid tissue,NA,NA,KLOUDXWXLQTXME-LCYFTJDESA-N,"InChI=1S/C16H13N3O3S/c1-22-12-8-10(5-6-11(12)20)9-13-15(21)19-16(23-13)18-14-4-2-3-7-17-14/h2-9,20H,1H3,(H,17,18,19,21)/b13-9-",9815,COc1cc(\C=C\2/SC(=NC2=O)Nc3ccccn3)ccc1O,NA
Input,Methazolamide,0.24866879,InputSig,NA,NA,LINCSCP_272006,PC3,10uM,24h,prostate,Carbonic anhydrase inhibitor,CA1|CA2|CA4|CA7,FLOSMHQXBMRNHR-DAXSKMNVSA-N,"InChI=1S/C5H8N4O3S2/c1-3(10)7-4-9(2)8-5(13-4)14(6,11)12/h1-2H3,(H2,6,11,12)/b7-4-",36415,CN1N=C(SC1=NC(=O)C)S(=O)(=O)N,NA
Input,Meadacid,0.24864972,InputSig,NA,NA,LINCSCP_7104,A549,10uM,24h,lung,KPL-1 tumor suppressor,NA,UNSRRHDPHVZAHH-YOILPLPUSA-N,"InChI=1S/C20H34O2/c1-2-3-4-5-6-7-8-9-10-11-12-13-14-15-16-17-18-19-20(21)22/h9-10,12-13,15-16H,2-8,11,14,17-19H2,1H3,(H,21,22)/b10-9-,13-12-,16-15-",37324,CCCCCCCC\C=C/C\C=C/C\C=C/CCCC(=O)O,NA
Input,Nicardipine,0.24854978,InputSig,NA,NA,LINCSCP_53862,SNUC5,10uM,6h,large intestine,Calcium channel blocker,CACNA1C|CACNA1D|CACNA1F|CACNA1S,ZBBHBTPTTSWHBA-UHFFFAOYSA-N,"InChI=1S/C26H29N3O6/c1-17-22(25(30)34-4)24(20-11-8-12-21(15-20)29(32)33)23(18(2)27-17)26(31)35-14-13-28(3)16-19-9-6-5-7-10-19/h5-12,15,24,27H,13-14,16H2,1-4H3",35353,COC(=O)C1=C(C)NC(=C(C1c2cccc(c2)[N+](=O)[O-])C(=O)OCCN(C)Cc3ccccc3)C,4
Input,PI-103,0.24851624,InputSig,NA,NA,LINCSCP_133090,MCF7,0.04uM,3h,breast,MTOR inhibitor|PI3K inhibitor,MTOR|PIK3CA|PIK3CB|PIK3CD|PIK3CG,TUVCWJQQGGETHL-UHFFFAOYSA-N,"InChI=1S/C19H16N4O3/c24-13-4-1-3-12(11-13)17-21-15-14-5-2-6-20-19(14)26-16(15)18(22-17)23-7-9-25-10-8-23/h1-6,11,24H,7-10H2",17518,Oc1cccc(c1)c2nc(N3CCOCC3)c4oc5ncccc5c4n2,NA
Input,WYE 125132,0.24847961,InputSig,NA,NA,LINCSCP_69561,A375,3.33uM,24h,skin,MTOR inhibitor,MTOR,QLHHRYZMBGPBJG-UHFFFAOYSA-N,"InChI=1S/C27H33N7O4/c1-28-26(35)30-18-4-2-17(3-5-18)23-31-24(33-15-20-6-7-21(16-33)38-20)22-14-29-34(25(22)32-23)19-8-10-27(11-9-19)36-12-13-37-27/h2-5,14,19-21H,6-13,15-16H2,1H3,(H2,28,30,35)",17499,CNC(=O)Nc1ccc(cc1)c2nc(N3CC4CCC(C3)O4)c5cnn(C6CCC7(CC6)OCCO7)c5n2,NA
Input,Elliptecine,0.24830346,InputSig,NA,NA,LINCSCP_59125,VCAP,10uM,6h,prostate,Topoisomerase inhibitor,TOP2A|TOP2B,CTSPAMFJBXKSOY-UHFFFAOYSA-N,"InChI=1S/C17H14N2/c1-10-14-9-18-8-7-12(14)11(2)17-16(10)13-5-3-4-6-15(13)19-17/h3-9,19H,1-2H3",38623,Cc1c2ccncc2c(C)c3c4ccccc4[nH]c13,NA
Input,SMR001317659,0.24817916,InputSig,NA,NA,LINCSCP_25459,HT29,0.5uM,24h,large intestine,NA,NA,DZAUSKKPHXFGNN-UHFFFAOYSA-N,"InChI=1S/C20H20N4O4S/c1-25-13-6-8-16(26-2)14(10-13)19-21-22-20-24(19)23-15(11-29-20)12-5-7-17(27-3)18(9-12)28-4/h5-10H,11H2,1-4H3",38156,COc1ccc(OC)c(c1)c2nnc3SCC(=Nn23)c4ccc(OC)c(OC)c4,NA
Input,Brefeldin A,0.24807887,InputSig,NA,NA,LINCSCP_52522,SKB,10uM,24h,NA,Brefeldin A inhibited guanine nucleotide exchange protein inhibitors|Golgi-specific brefeldin A-resistance guanine nucleotide exchange factor inhibitor|Protein synthesis inhibitor,NA,KQNZDYYTLMIZCT-UHFFFAOYSA-N,"InChI=1S/C16H24O4/c1-11-5-3-2-4-6-12-9-13(17)10-14(12)15(18)7-8-16(19)20-11/h4,6-8,11-15,17-18H,2-3,5,9-10H2,1H3",35340,CC1CCCC=CC2CC(O)CC2C(O)C=CC(=O)O1,NA
Input,Brefeldin A,0.24807887,InputSig,NA,NA,LINCSCP_52522,SKB,10uM,24h,NA,Brefeldin A inhibited guanine nucleotide exchange protein inhibitors|Golgi-specific brefeldin A-resistance guanine nucleotide exchange factor inhibitor|Protein synthesis inhibitor,NA,KQNZDYYTLMIZCT-MOIRPGTBSA-N,"InChI=1S/C16H24O4/c1-11-5-3-2-4-6-12-9-13(17)10-14(12)15(18)7-8-16(19)20-11/h4,6-8,11-15,17-18H,2-3,5,9-10H2,1H3/b6-4-,8-7-",5079,CC1CCC\C=C/C2CC(O)CC2C(O)\C=C/C(=O)O1,NA
Input,59826-53-8,0.24798923,InputSig,NA,NA,LINCSCP_216470,HCC515,10uM,6h,lung,NA,NA,DXJICGSIRAJIDN-UHFFFAOYSA-N,"InChI=1S/C6H7ClN2O2/c1-4-2-5(9-11-4)8-6(10)3-7/h2H,3H2,1H3,(H,8,9,10)",7322,Cc1onc(NC(=O)CCl)c1,NA
Input,KO143,0.24778808,InputSig,NA,NA,LINCSCP_41888,NOMO1,40uM,6h,haematopoietic and lymphoid tissue,Breast cancer resistance protein inhibitor,ABCG2,NXNRAECHCJZNRF-JBACZVJFSA-N,"InChI=1S/C26H35N3O5/c1-14(2)11-20-23-17(16-8-7-15(33-6)12-19(16)27-23)13-21-24(31)28-18(25(32)29(20)21)9-10-22(30)34-26(3,4)5/h7-8,12,14,18,20-21,27H,9-11,13H2,1-6H3,(H,28,31)/t18-,20-,21-/m0/s1",16530,COc1ccc2c3C[C@@H]4N([C@@H](CC(C)C)c3[nH]c2c1)C(=O)[C@H](CCC(=O)OC(C)(C)C)NC4=O,NA
Input,Tipranavir,0.24776746,InputSig,NA,NA,LINCSCP_167961,YAPC,3.33uM,24h,pancreas,NA,NA,MYXACKZCYFKMTE-JETRDCLMSA-N,"InChI=1S/C31H33F3N2O5S/c1-3-16-30(17-15-21-9-6-5-7-10-21)19-26(37)28(29(38)41-30)25(4-2)22-11-8-12-24(18-22)36-42(39,40)27-14-13-23(20-35-27)31(32,33)34/h5-14,18,20,25,28,36H,3-4,15-17,19H2,1-2H3/t25-,28?,30-/m1/s1",26921,CCC[C@@]1(CCc2ccccc2)CC(=O)C([C@H](CC)c3cccc(NS(=O)(=O)c4ccc(cn4)C(F)(F)F)c3)C(=O)O1,NA
Input,SCHEMBL2557158,0.24763035,InputSig,NA,NA,LINCSCP_31424,MCF7,10uM,24h,breast,NA,NA,QKLJLRGZFIWPLI-UHFFFAOYSA-N,"InChI=1S/C19H23BrN4OS/c20-16-3-1-14(2-4-16)17-13-26-19(22-17)24-9-5-15(6-10-24)18(25)23-11-7-21-8-12-23/h1-4,13,15,21H,5-12H2",16063,Brc1ccc(cc1)c2csc(n2)N3CCC(CC3)C(=O)N4CCNCC4,NA
Input,Parthenolide,0.24751216,InputSig,NA,NA,LINCSCP_53738,SNU1040,10uM,6h,large intestine,NFkB pathway inhibitor,NA,KTEXNACQROZXEV-SLXBATTESA-N,"InChI=1S/C15H20O3/c1-9-5-4-8-15(3)13(18-15)12-11(7-6-9)10(2)14(16)17-12/h5,11-13H,2,4,6-8H2,1,3H3/b9-5+/t11-,12-,13-,15+/m0/s1",19795,C\C\1=C/CC[C@@]2(C)O[C@H]2[C@H]3OC(=O)C(=C)[C@@H]3CC1,NA
Input,Parthenolide,0.24751216,InputSig,NA,NA,LINCSCP_53738,SNU1040,10uM,6h,large intestine,NFkB pathway inhibitor,NA,KTEXNACQROZXEV-SFDCQRBFSA-N,"InChI=1S/C15H20O3/c1-9-5-4-8-15(3)13(18-15)12-11(7-6-9)10(2)14(16)17-12/h5,11-13H,2,4,6-8H2,1,3H3/t11-,12+,13-,15+/m0/s1",23425,CC1=CCC[C@@]2(C)O[C@H]2[C@@H]3OC(=O)C(=C)[C@@H]3CC1,NA
Input,BCL-2 Inhibitor,0.24672017,InputSig,NA,NA,LINCSCP_18246,HCC515,10uM,24h,lung,BCL inhibitor,BCL2,YPSXFMHXRZAGTG-UHFFFAOYSA-N,"InChI=1S/C16H16N2O4/c1-21-13-5-7-15(17-19)11(9-13)3-4-12-10-14(22-2)6-8-16(12)18-20/h5-10H,3-4H2,1-2H3",22728,COc1ccc(N=O)c(CCc2cc(OC)ccc2N=O)c1,NA
Input,Colchicine,0.24670583,InputSig,NA,NA,LINCSCP_121893,HT29,0.12uM,24h,large intestine,Tubulin inhibitor,TUBA1A|TUBA1B|TUBA1C|TUBA3E|TUBA4A|TUBB|TUBB1|TUBB2A|TUBB2B|TUBB3|TUBB4A|TUBB4B|TUBB6|TUBB8,IAKHMKGGTNLKSZ-INIZCTEOSA-N,"InChI=1S/C22H25NO6/c1-12(24)23-16-8-6-13-10-19(27-3)21(28-4)22(29-5)20(13)14-7-9-18(26-2)17(25)11-15(14)16/h7,9-11,16H,6,8H2,1-5H3,(H,23,24)/t16-/m0/s1",16317,COC1=CC=C2C(=C(CCc3cc(OC)c(OC)c(OC)c23)NC(=O)C)C=C1O,4
Input,JZL-184,0.24668686,InputSig,NA,NA,LINCSCP_234760,LOVO,10uM,6h,intestine,Monoacylglucerol lipase inhibitor,NA,SEGYOKHGGFKMCX-UHFFFAOYSA-N,"InChI=1S/C27H24N2O9/c30-26(38-21-5-3-20(4-6-21)29(32)33)28-11-9-17(10-12-28)27(31,18-1-7-22-24(13-18)36-15-34-22)19-2-8-23-25(14-19)37-16-35-23/h1-8,13-14,17,31H,9-12,15-16H2",16525,OC(C1CCN(CC1)C(=O)Oc2ccc(cc2)[N+](=O)[O-])(c3ccc4OCOc4c3)c5ccc6OCOc6c5,NA
Input,BRD-K22181332,0.24666182,InputSig,NA,NA,LINCSCP_62130,VCAP,5uM,24h,prostate,NA,NA,QHWKOKDSIMAAGX-BRWVUGGUSA-N,"InChI=1S/C18H26N2O5/c1-12(22)20-16-7-6-15(25-17(16)11-21)9-18(23)19-10-13-4-3-5-14(8-13)24-2/h3-5,8,15-17,21H,6-7,9-11H2,1-2H3,(H,19,23)(H,20,22)/t15-,16-,17-/m1/s1",6234,COc1cccc(CNC(=O)C[C@H]2CC[C@@H](NC(=O)C)[C@@H](CO)O2)c1,NA
Input,Quinidine Gluconate,0.24653122,InputSig,NA,NA,LINCSCP_139805,MCF7,0.04uM,24h,breast,Sodium channel blocker,SCN5A,LOUPRKONTZGTKE-LHHVKLHASA-N,"InChI=1S/C20H24N2O2/c1-3-13-12-22-9-7-14(13)10-19(22)20(23)16-6-8-21-18-5-4-15(24-2)11-17(16)18/h3-6,8,11,13-14,19-20,23H,1,7,9-10,12H2,2H3/t13-,14-,19+,20-/m0/s1",27222,COc1ccc2nccc([C@H](O)[C@H]3C[C@@H]4CC[N@]3C[C@@H]4C=C)c2c1,NA
Input,BRD-K57064803,0.24631235,InputSig,NA,NA,LINCSCP_38695,MCF7,0.12uM,24h,breast,NA,NA,MRJCPWMBHXTRFB-ACEYUQJJSA-N,"InChI=1S/C29H32N2O5/c1-31(2)20-10-13-26-24(14-20)25-15-23(35-27(18-32)29(25)36-26)16-28(33)30-17-19-8-11-22(12-9-19)34-21-6-4-3-5-7-21/h3-14,23,25,27,29,32H,15-18H2,1-2H3,(H,30,33)/t23-,25-,27-,29+/m1/s1",23510,CN(C)c1ccc2O[C@@H]3[C@@H](CO)O[C@@H](CC(=O)NCc4ccc(Oc5ccccc5)cc4)C[C@@H]3c2c1,NA
Input,BRD-K13697129,0.2462655,InputSig,NA,NA,LINCSCP_303486,VCAP,5uM,24h,prostate,NA,NA,HWEAQBDEOFZYHR-GUBFDYSESA-N,"InChI=1S/C23H35N3O4/c1-25(2)16-6-7-20-18(12-16)19-13-17(29-21(15-27)23(19)30-20)14-22(28)24-8-11-26-9-4-3-5-10-26/h6-7,12,17,19,21,23,27H,3-5,8-11,13-15H2,1-2H3,(H,24,28)/t17-,19+,21-,23-/m1/s1",2202,CN(C)c1ccc2O[C@H]3[C@@H](CO)O[C@@H](CC(=O)NCCN4CCCCC4)C[C@H]3c2c1,NA
Input,SB-431542,0.24567231,InputSig,NA,NA,LINCSCP_52772,SKB,10uM,24h,NA,TGF beta receptor inhibitor,ACVR1C|TGFBR1,FHYUGAJXYORMHI-UHFFFAOYSA-N,"InChI=1S/C22H16N4O3/c23-21(27)13-4-6-14(7-5-13)22-25-19(20(26-22)16-3-1-2-10-24-16)15-8-9-17-18(11-15)29-12-28-17/h1-11H,12H2,(H2,23,27)(H,25,26)",15848,NC(=O)c1ccc(cc1)c2nc(c3ccc4OCOc4c3)c([nH]2)c5ccccn5,NA
Input,BRD-K89479751,0.24544349,InputSig,NA,NA,LINCSCP_61294,VCAP,5uM,24h,prostate,NA,NA,WQZORWGHLUMPIH-MPCDZSKCSA-N,"InChI=1S/C27H41N3O5/c1-18-14-30(15-20-5-6-20)19(2)17-35-24-8-7-22(28-26(31)21-9-11-34-12-10-21)13-23(24)27(32)29(3)16-25(18)33-4/h7-8,13,18-21,25H,5-6,9-12,14-17H2,1-4H3,(H,28,31)/t18-,19-,25-/m1/s1",4592,CO[C@@H]1CN(C)C(=O)c2cc(NC(=O)C3CCOCC3)ccc2OC[C@@H](C)N(CC4CC4)C[C@H]1C,NA
Input,MLS002276484,0.2446058,InputSig,NA,NA,LINCSCP_25907,HT29,10uM,24h,large intestine,NA,NA,RCXFLVFXWDZVMN-UHFFFAOYSA-N,"InChI=1S/C23H20N4O/c1-26-10-9-18-12-16(6-8-22(18)26)17-5-7-21-20(13-17)23(25-15-24-21)27(2)14-19-4-3-11-28-19/h3-13,15H,14H2,1-2H3",3313,CN(Cc1occc1)c2ncnc3ccc(cc23)c4ccc5c(ccn5C)c4,NA
Input,Cycloheximide,0.24460338,InputSig,NA,NA,LINCSCP_65965,VCAP,1uM,24h,prostate,Protein synthesis inhibitor,RPL3,YPHMISFOHDHNIV-FSZOTQKASA-N,"InChI=1S/C15H23NO4/c1-8-3-9(2)15(20)11(4-8)12(17)5-10-6-13(18)16-14(19)7-10/h8-12,17H,3-7H2,1-2H3,(H,16,18,19)/t8-,9-,11-,12+/m0/s1",3596,C[C@H]1C[C@H](C)C(=O)[C@@H](C1)[C@H](O)CC2CC(=O)NC(=O)C2,NA
Input,SPECTRUM5_002023,0.24452818,InputSig,NA,NA,LINCSCP_10980,ASC,10uM,24h,adipose,NA,NA,XMRPGKVKISIQBV-IKAFFPRBSA-N,"InChI=1S/C21H32O2/c1-13(22)17-6-7-18-16-5-4-14-12-15(23)8-10-20(14,2)19(16)9-11-21(17,18)3/h14,16-19H,4-12H2,1-3H3/t14-,16+,17?,18+,19+,20+,21-/m1/s1",1470,CC(=O)C1CC[C@H]2[C@@H]3CC[C@@H]4CC(=O)CC[C@]4(C)[C@H]3CC[C@]12C,NA
Input,BRD-K77422873,0.24322565,InputSig,NA,NA,LINCSCP_60322,VCAP,5uM,6h,prostate,NA,NA,XXZIILLLBOPLBY-KGYLXKDPSA-N,"InChI=1S/C26H32N4O5/c1-17-14-30(18(2)16-31)26(34)22-11-21(6-5-19(3)32)13-28-25(22)35-23(17)15-29(4)24(33)12-20-7-9-27-10-8-20/h7-11,13,17-19,23,31-32H,12,14-16H2,1-4H3/t17-,18-,19-,23-/m0/s1",22799,C[C@H](O)C#Cc1cnc2O[C@@H](CN(C)C(=O)Cc3ccncc3)[C@@H](C)CN([C@@H](C)CO)C(=O)c2c1,NA
Input,CX-4945 (Silmitasertib),0.24318459,InputSig,NA,NA,LINCSCP_125153,HT29,3.33uM,24h,large intestine,Casein kinase II alpha inhibitor,CSNK2A1,MUOKSQABCJCOPU-UHFFFAOYSA-N,"InChI=1S/C19H12ClN3O2/c20-12-2-1-3-13(9-12)22-18-15-6-7-21-10-16(15)14-5-4-11(19(24)25)8-17(14)23-18/h1-10H,(H,22,23)(H,24,25)",26667,OC(=O)c1ccc2c(c1)nc(Nc3cccc(Cl)c3)c4ccncc24,2
Input,Saracatinib,0.24318291,InputSig,NA,NA,LINCSCP_163547,SKBR3,3.33uM,24h,breast,Src inhibitor,ABL1|SRC,OUKYUETWWIPKQR-UHFFFAOYSA-N,"InChI=1S/C27H32ClN5O5/c1-32-6-8-33(9-7-32)10-13-35-19-14-21-24(23(15-19)38-18-4-11-34-12-5-18)27(30-16-29-21)31-25-20(28)2-3-22-26(25)37-17-36-22/h2-3,14-16,18H,4-13,17H2,1H3,(H,29,30,31)",36840,CN1CCN(CCOc2cc(OC3CCOCC3)c4c(Nc5c(Cl)ccc6OCOc56)ncnc4c2)CC1,3
Input,Birinapant,0.2431268,InputSig,NA,NA,LINCSCP_97010,HA1E,0.37uM,24h,kidney epithelial,cIAP1/cIAP2 inhibitor,BIRC2|BIRC3,PKWRMUKBEYJEIX-DXXQBUJASA-N,"InChI=1S/C42H56F2N8O6/c1-7-33(49-39(55)21(3)45-5)41(57)51-19-27(53)15-25(51)17-31-29-11-9-23(43)13-35(29)47-37(31)38-32(30-12-10-24(44)14-36(30)48-38)18-26-16-28(54)20-52(26)42(58)34(8-2)50-40(56)22(4)46-6/h9-14,21-22,25-28,33-34,45-48,53-54H,7-8,15-20H2,1-6H3,(H,49,55)(H,50,56)/t21-,22-,25-,26-,27-,28-,33-,34-/m0/s1",27058,CC[C@H](NC(=O)[C@H](C)NC)C(=O)N1C[C@@H](O)C[C@H]1Cc2c([nH]c3cc(F)ccc23)c4[nH]c5cc(F)ccc5c4C[C@@H]6C[C@H](O)CN6C(=O)[C@H](CC)NC(=O)[C@H](C)NC,2
Input,N6022,0.24292279,InputSig,NA,NA,LINCSCP_77793,A375,0.04uM,24h,skin,NA,NA,YVPGZQLRPAGKLA-UHFFFAOYSA-N,"InChI=1S/C24H22N4O3/c1-16-14-18(24(25)31)4-9-21(16)28-20(8-11-23(29)30)7-10-22(28)17-2-5-19(6-3-17)27-13-12-26-15-27/h2-7,9-10,12-15H,8,11H2,1H3,(H2,25,31)(H,29,30)",26897,Cc1cc(ccc1n2c(CCC(=O)O)ccc2c3ccc(cc3)n4ccnc4)C(=O)N,NA
Input,ABT-751,0.24244207,InputSig,NA,NA,LINCSCP_25643,HT29,10uM,24h,large intestine,Tubulin inhibitor,NA,URCVCIZFVQDVPM-UHFFFAOYSA-N,"InChI=1S/C18H17N3O4S/c1-25-15-8-10-16(11-9-15)26(23,24)21-17-3-2-12-19-18(17)20-13-4-6-14(22)7-5-13/h2-12,21-22H,1H3,(H,19,20)",36703,COc1ccc(cc1)S(=O)(=O)Nc2cccnc2Nc3ccc(O)cc3,NA
Input,VILAZODONE HYDROCHLORIDE,0.2416894,InputSig,NA,NA,LINCSCP_157899,PC3,10uM,24h,prostate,Serotonin 1a (5-HT1a) receptor partial agonist (Serotonin 1a|Serotonin transporter inhibitor,HTR1A|SLC6A4,SGEGOXDYSFKCPT-UHFFFAOYSA-N,"InChI=1S/C26H27N5O2/c27-16-18-4-6-23-22(13-18)19(17-29-23)3-1-2-8-30-9-11-31(12-10-30)21-5-7-24-20(14-21)15-25(33-24)26(28)32/h4-7,13-15,17,29H,1-3,8-12H2,(H2,28,32)",26589,NC(=O)c1oc2ccc(cc2c1)N3CCN(CCCCc4c[nH]c5ccc(cc45)C#N)CC3,4
Input,Sirolimus,0.24157037,InputSig,NA,NA,LINCSCP_39142,MDAMB231,10uM,6h,NA,MTOR inhibitor,FKBP1A|MTOR,QFJCIRLUMZQUOT-KADBNGAOSA-N,"InChI=1S/C51H79NO13/c1-30-16-12-11-13-17-31(2)42(61-8)28-38-21-19-36(7)51(60,65-38)48(57)49(58)52-23-15-14-18-39(52)50(59)64-43(33(4)26-37-20-22-40(53)44(27-37)62-9)29-41(54)32(3)25-35(6)46(56)47(63-10)45(55)34(5)24-30/h11-13,16-17,25,30,32-34,36-40,42-44,46-47,53,56,60H,14-15,18-24,26-29H2,1-10H3/b13-11+,16-12-,31-17+,35-25+/t30-,32-,33-,34-,36-,37+,38+,39+,40-,42+,43+,44-,46-,47+,51-/m1/s1",1770,CO[C@@H]1C[C@H](C[C@@H](C)[C@@H]2CC(=O)[C@H](C)\C=C(/C)\[C@@H](O)[C@@H](OC)C(=O)[C@H](C)C[C@H](C)\C=C/C=C/C=C(\C)/[C@H](C[C@@H]3CC[C@@H](C)[C@@](O)(O3)C(=O)C(=O)N4CCCC[C@H]4C(=O)O2)OC)CC[C@H]1O,NA
Input,Sirolimus,0.24157037,InputSig,NA,NA,LINCSCP_39142,MDAMB231,10uM,6h,NA,MTOR inhibitor,FKBP1A|MTOR,QFJCIRLUMZQUOT-GWUMUYGYSA-N,"InChI=1S/C51H79NO13/c1-30-16-12-11-13-17-31(2)42(61-8)28-38-21-19-36(7)51(60,65-38)48(57)49(58)52-23-15-14-18-39(52)50(59)64-43(33(4)26-37-20-22-40(53)44(27-37)62-9)29-41(54)32(3)25-35(6)46(56)47(63-10)45(55)34(5)24-30/h11-13,16-17,25,30,32-34,36-40,42-44,46-47,53,56,60H,14-15,18-24,26-29H2,1-10H3/b13-11+,16-12+,31-17-,35-25+/t30-,32-,33?,34+,36-,37?,38+,39+,40-,42+,43+,44-,46-,47+,51-/m1/s1",5352,CO[C@@H]1CC(CC(C)[C@@H]2CC(=O)[C@H](C)\C=C(/C)\[C@@H](O)[C@@H](OC)C(=O)[C@@H](C)C[C@H](C)\C=C\C=C\C=C(\C)/[C@H](C[C@@H]3CC[C@@H](C)[C@@](O)(O3)C(=O)C(=O)N4CCCC[C@H]4C(=O)O2)OC)CC[C@H]1O,NA
Input,Sirolimus,0.24157037,InputSig,NA,NA,LINCSCP_39142,MDAMB231,10uM,6h,NA,MTOR inhibitor,FKBP1A|MTOR,QFJCIRLUMZQUOT-HPLJOQBZSA-N,"InChI=1S/C51H79NO13/c1-30-16-12-11-13-17-31(2)42(61-8)28-38-21-19-36(7)51(60,65-38)48(57)49(58)52-23-15-14-18-39(52)50(59)64-43(33(4)26-37-20-22-40(53)44(27-37)62-9)29-41(54)32(3)25-35(6)46(56)47(63-10)45(55)34(5)24-30/h11-13,16-17,25,30,32-34,36-40,42-44,46-47,53,56,60H,14-15,18-24,26-29H2,1-10H3/b13-11+,16-12+,31-17+,35-25+/t30-,32-,33-,34-,36-,37+,38+,39+,40-,42+,43+,44-,46-,47+,51-/m1/s1",37778,CO[C@@H]1C[C@H](C[C@@H](C)[C@@H]2CC(=O)[C@H](C)\C=C(/C)\[C@@H](O)[C@@H](OC)C(=O)[C@H](C)C[C@H](C)\C=C\C=C\C=C(/C)\[C@H](C[C@@H]3CC[C@@H](C)[C@@](O)(O3)C(=O)C(=O)N4CCCC[C@H]4C(=O)O2)OC)CC[C@H]1O,4
Input,TAK-875,0.24149364,InputSig,NA,NA,LINCSCP_171076,YAPC,10uM,24h,pancreas,Free fatty acid receptor 1 positive allosteric modulator,FFAR1,BZCALJIHZVNMGJ-HSZRJFAPSA-N,"InChI=1S/C29H32O7S/c1-19-12-25(34-10-5-11-37(3,32)33)13-20(2)29(19)22-7-4-6-21(14-22)17-35-24-8-9-26-23(15-28(30)31)18-36-27(26)16-24/h4,6-9,12-14,16,23H,5,10-11,15,17-18H2,1-3H3,(H,30,31)/t23-/m1/s1",26925,Cc1cc(OCCCS(=O)(=O)C)cc(C)c1c2cccc(COc3ccc4[C@H](CC(=O)O)COc4c3)c2,3
Input,AVL-292,0.24131456,InputSig,NA,NA,LINCSCP_98293,HA1E,0.04uM,24h,kidney epithelial,Tyrosine-protein kinase BTK inhibitor,BTK,KXBDTLQSDKGAEB-UHFFFAOYSA-N,"InChI=1S/C22H22FN5O3/c1-3-20(29)25-16-5-4-6-17(13-16)26-21-19(23)14-24-22(28-21)27-15-7-9-18(10-8-15)31-12-11-30-2/h3-10,13-14H,1,11-12H2,2H3,(H,25,29)(H2,24,26,27,28)",27148,COCCOc1ccc(Nc2ncc(F)c(Nc3cccc(NC(=O)C=C)c3)n2)cc1,2
Input,AZD-8055,0.24118277,InputSig,NA,NA,LINCSCP_788,A375,10uM,24h,skin,MTOR inhibitor,MTOR,KVLFRAWTRWDEDF-IRXDYDNUSA-N,"InChI=1S/C25H31N5O4/c1-16-14-33-10-8-29(16)24-20-5-6-21(18-4-7-22(32-3)19(12-18)13-31)26-23(20)27-25(28-24)30-9-11-34-15-17(30)2/h4-7,12,16-17,31H,8-11,13-15H2,1-3H3/t16-,17-/m0/s1",36801,COc1ccc(cc1CO)c2ccc3c(nc(nc3n2)N4CCOC[C@@H]4C)N5CCOC[C@@H]5C,1
Input,BRD-K21216453,0.24108134,InputSig,NA,NA,LINCSCP_63984,VCAP,5uM,24h,prostate,NA,NA,VLQJEDUGSYPRCL-MMTHZHQFSA-N,"InChI=1S/C27H28N2O5/c1-33-23-11-7-6-10-18(23)19-12-13-21-25-24(27(32)34-2)20(16-30)22(15-29(21)26(19)31)28(25)14-17-8-4-3-5-9-17/h3-13,20,22,24-25,30H,14-16H2,1-2H3/t20-,22-,24+,25+/m0/s1",2374,COC(=O)[C@@H]1[C@@H](CO)[C@@H]2CN3C(=CC=C(C3=O)c4ccccc4OC)[C@H]1N2Cc5ccccc5,NA
Input,Sumatriptan,0.24081381,InputSig,NA,NA,LINCSCP_95059,HA1E,0.04uM,24h,kidney epithelial,Serotonin receptor agonist,HTR1A|HTR1B|HTR1D|HTR1F,KQKPFRSPSRPDEB-UHFFFAOYSA-N,"InChI=1S/C14H21N3O2S/c1-15-20(18,19)10-11-4-5-14-13(8-11)12(9-16-14)6-7-17(2)3/h4-5,8-9,15-16H,6-7,10H2,1-3H3",36487,CNS(=O)(=O)Cc1ccc2[nH]cc(CCN(C)C)c2c1,4
Input,BRD-K45033698,0.24061455,InputSig,NA,NA,LINCSCP_63158,VCAP,5uM,6h,prostate,NA,NA,KJLVFPZXKUGLPF-HRQNTSHBSA-N,"InChI=1S/C20H25N3O3/c1-2-3-15-4-6-16(7-5-15)20-17(12-21)23(18(20)14-24)19(25)13-22-8-10-26-11-9-22/h2-7,17-18,20,24H,8-11,13-14H2,1H3/b3-2+/t17-,18+,20-/m0/s1",25827,C\C=C\c1ccc(cc1)[C@@H]2[C@@H](CO)N([C@H]2C#N)C(=O)CN3CCOCC3,NA
Input,ON-01910,0.24061283,InputSig,NA,NA,LINCSCP_2157,A375,10uM,6h,skin,PLK inhibitor,CDK1|FLT1|FYN|PDGFRA|PLK1|PLK2|SRC,POSHWWRILMRTTE-JXMROGBWSA-N,"InChI=1S/C21H25NO7S/c1-26-16-12-20(28-3)17(21(13-16)29-4)7-10-30(24,25)14-15-5-6-19(27-2)18(11-15)22-8-9-23/h5-7,9-13,22H,8,14H2,1-4H3/b10-7+",13590,COc1cc(OC)c(\C=C\S(=O)(=O)Cc2ccc(OC)c(NCC=O)c2)c(OC)c1,NA
Input,"24(S),25-epoxycholesterol",0.24038788,InputSig,NA,NA,LINCSCP_26679,HT29,10uM,6h,large intestine,LXR agonist,NR1H2|NR1H3,OSENKJZWYQXHBN-XVYZBDJZSA-N,"InChI=1S/C27H44O2/c1-17(6-11-24-25(2,3)29-24)21-9-10-22-20-8-7-18-16-19(28)12-14-26(18,4)23(20)13-15-27(21,22)5/h7,17,19-24,28H,6,8-16H2,1-5H3/t17-,19+,20+,21-,22+,23+,24+,26+,27-/m1/s1",36512,C[C@H](CC[C@@H]1OC1(C)C)[C@H]2CC[C@H]3[C@@H]4CC=C5C[C@@H](O)CC[C@]5(C)[C@H]4CC[C@]23C,NA
Input,FPA1_000112,0.24017659,InputSig,NA,NA,LINCSCP_20149,HCC515,10uM,6h,lung,NA,NA,YUXQQBVTNNWDQF-KCZVDYSFSA-N,"InChI=1S/C24H36N4O5/c1-27(2)11-6-4-3-5-10-25-23(31)19-15-20-24(32)26-16-21(30)28(20)22(19)17-8-7-9-18(14-17)33-13-12-29/h7-9,14,19-20,22,29H,3-6,10-13,15-16H2,1-2H3,(H,25,31)(H,26,32)/t19-,20-,22-/m1/s1",702,CN(C)CCCCCCNC(=O)[C@@H]1C[C@H]2N([C@@H]1c3cccc(OCCO)c3)C(=O)CNC2=O,NA
Input,Dabrafenib,0.24010442,InputSig,NA,NA,LINCSCP_102759,HELA,10uM,24h,large intestine,RAF inhibitor,BRAF,BFSMGDJOXZAERB-UHFFFAOYSA-N,"InChI=1S/C23H20F3N5O2S2/c1-23(2,3)21-30-18(19(34-21)16-10-11-28-22(27)29-16)12-6-4-9-15(17(12)26)31-35(32,33)20-13(24)7-5-8-14(20)25/h4-11,31H,1-3H3,(H2,27,28,29)",18582,CC(C)(C)c1nc(c2cccc(NS(=O)(=O)c3c(F)cccc3F)c2F)c(s1)c4ccnc(N)n4,4
Input,AC1O9CB0,0.23999942,InputSig,NA,NA,LINCSCP_309719,VCAP,10uM,24h,prostate,NA,NA,DEKIJPKQVLBTGQ-AEWJWUJOSA-N,"InChI=1S/C47H44N6O7/c54-27-10-9-12-31-19-20-36-35(30-31)47(45(58)50-36)38(43(56)51-23-25-52(26-24-51)46-48-21-11-22-49-46)40-44(57)60-41(33-15-5-2-6-16-33)39(32-13-3-1-4-14-32)53(40)42(47)34-17-7-8-18-37(34)59-29-28-55/h1-8,11,13-22,30,38-42,54-55H,10,23-29H2,(H,50,58)/t38-,39-,40-,41+,42+,47-/m0/s1",11468,OCCOc1ccccc1[C@H]2N3[C@@H]([C@@H](C(=O)N4CCN(CC4)c5ncccn5)[C@]26C(=O)Nc7ccc(cc67)C#CCCO)C(=O)O[C@@H]([C@@H]3c8ccccc8)c9ccccc9,NA
Input,Rebastinib,0.23975038,InputSig,NA,NA,LINCSCP_128172,HUES3,10uM,24h,NA,Tyrosine-protein kinase ABL inhibitor,ABL1,WVXNSAVVKYZVOE-UHFFFAOYSA-N,"InChI=1S/C30H28FN7O3/c1-30(2,3)26-17-27(38(37-26)19-7-9-23-18(14-19)6-5-12-33-23)36-29(40)35-24-10-8-20(15-22(24)31)41-21-11-13-34-25(16-21)28(39)32-4/h5-17H,1-4H3,(H,32,39)(H2,35,36,40)",36774,CNC(=O)c1cc(Oc2ccc(NC(=O)Nc3cc(nn3c4ccc5ncccc5c4)C(C)(C)C)c(F)c2)ccn1,2
Input,6-Aminochrysene,0.23973013,InputSig,NA,NA,LINCSCP_5928,A549,10uM,24h,lung,Transferase inhibitor,NA,KIVUHCNVDWYUNP-UHFFFAOYSA-N,"InChI=1S/C18H13N/c19-18-11-17-13-6-2-1-5-12(13)9-10-15(17)14-7-3-4-8-16(14)18/h1-11H,19H2",36252,Nc1cc2c3ccccc3ccc2c4ccccc14,NA
Input,PLX-4720,0.23948247,InputSig,NA,NA,LINCSCP_51577,SKBR3,0.5uM,6h,breast,RAF inhibitor,BRAF,YZDJQTHVDDOVHR-UHFFFAOYSA-N,"InChI=1S/C17H14ClF2N3O3S/c1-2-5-27(25,26)23-13-4-3-12(19)14(15(13)20)16(24)11-8-22-17-10(11)6-9(18)7-21-17/h3-4,6-8,23H,2,5H2,1H3,(H,21,22)",35267,CCCS(=O)(=O)Nc1ccc(F)c(C(=O)c2c[nH]c3ncc(Cl)cc23)c1F,NA
Input,TIE2 Kinase Inhibitor,0.23932894,InputSig,NA,NA,LINCSCP_165233,SKL.C,0.04uM,24h,NA,NA,NA,SINQIEAULQKUPD-UHFFFAOYSA-N,"InChI=1S/C26H21N3O2S/c1-31-22-8-5-19-15-21(4-3-20(19)16-22)25-24(17-11-13-27-14-12-17)28-26(29-25)18-6-9-23(10-7-18)32(2)30/h3-16H,1-2H3,(H,28,29)",19902,COc1ccc2cc(ccc2c1)c3nc([nH]c3c4ccncc4)c5ccc(cc5)S(=O)C,NA
Input,JTE 013,0.23922203,InputSig,NA,NA,LINCSCP_7307,A549,10uM,24h,lung,Lysophospholipid receptor antagonist,S1PR2,RNSLRQNDXRSASX-UHFFFAOYSA-N,"InChI=1S/C17H19Cl2N7O/c1-8(2)11-7-14(22-16-15(11)9(3)25-26(16)4)23-24-17(27)20-10-5-12(18)21-13(19)6-10/h5-8H,1-4H3,(H,22,23)(H2,20,21,24,27)",4671,CC(C)c1cc(NNC(=O)Nc2cc(Cl)nc(Cl)c2)nc3c1c(C)nn3C,NA
Input,GSK 3BETA Inhibitor VIII,0.23903947,InputSig,NA,NA,LINCSCP_33526,MCF7,10uM,6h,breast,Glycogen synthase kinase inhibitor,GSK3B,YAEMHJKFIIIULI-UHFFFAOYSA-N,"InChI=1S/C12H12N4O4S/c1-20-9-4-2-8(3-5-9)6-13-11(17)15-12-14-7-10(21-12)16(18)19/h2-5,7H,6H2,1H3,(H2,13,14,15,17)",11412,COc1ccc(CNC(=O)Nc2ncc(s2)[N+](=O)[O-])cc1,NA
Input,Etanidazole,0.23896625,InputSig,NA,NA,LINCSCP_80882,A375,0.37uM,24h,skin,Bacterial cell wall synthesis inhibitor,NA,WCDWBPCFGJXFJZ-UHFFFAOYSA-N,"InChI=1S/C7H10N4O4/c12-4-2-8-6(13)5-10-3-1-9-7(10)11(14)15/h1,3,12H,2,4-5H2,(H,8,13)",31098,OCCNC(=O)Cn1ccnc1[N+](=O)[O-],NA
Input,Tyrphostin AG-1478,0.2388761,InputSig,NA,NA,LINCSCP_53715,SNU1040,60uM,6h,large intestine,EGFR inhibitor,EGFR,GFNNBHLJANVSQV-UHFFFAOYSA-N,"InChI=1S/C16H14ClN3O2/c1-21-14-7-12-13(8-15(14)22-2)18-9-19-16(12)20-11-5-3-4-10(17)6-11/h3-9H,1-2H3,(H,18,19,20)",15150,COc1cc2ncnc(Nc3cccc(Cl)c3)c2cc1OC,NA
Input,AZD1208,0.23886335,InputSig,NA,NA,LINCSCP_135704,MCF7,10uM,24h,breast,NA,NA,MCUJKPPARUPFJM-UWCCDQBKSA-N,"InChI=1S/C21H21N3O2S/c22-16-9-5-11-24(13-16)19-15(12-18-20(25)23-21(26)27-18)8-4-10-17(19)14-6-2-1-3-7-14/h1-4,6-8,10,12,16H,5,9,11,13,22H2,(H,23,25,26)/b18-12-/t16-/m1/s1",26851,N[C@@H]1CCCN(C1)c2c(\C=C\3/SC(=O)NC3=O)cccc2c4ccccc4,NA
Input,Probucol,0.23818908,InputSig,NA,NA,LINCSCP_160892,PC3,10uM,24h,prostate,Atherogenesis inhibitor,ABCA1,FYPMFJGVHOHGLL-UHFFFAOYSA-N,"InChI=1S/C31H48O2S2/c1-27(2,3)21-15-19(16-22(25(21)32)28(4,5)6)34-31(13,14)35-20-17-23(29(7,8)9)26(33)24(18-20)30(10,11)12/h15-18,32-33H,1-14H3",38530,CC(C)(C)c1cc(SC(C)(C)Sc2cc(c(O)c(c2)C(C)(C)C)C(C)(C)C)cc(c1O)C(C)(C)C,4
Input,AHU-377 (hemicalcium salt),0.23809786,InputSig,NA,NA,LINCSCP_143206,MCF7,0.04uM,24h,breast,Neprilysin inhibitor,MME,PYNXFZCZUAOOQC-UTKZUKDTSA-N,"InChI=1S/C24H29NO5/c1-3-30-24(29)17(2)15-21(25-22(26)13-14-23(27)28)16-18-9-11-20(12-10-18)19-7-5-4-6-8-19/h4-12,17,21H,3,13-16H2,1-2H3,(H,25,26)(H,27,28)/t17-,21+/m1/s1",26843,CCOC(=O)[C@H](C)C[C@@H](Cc1ccc(cc1)c2ccccc2)NC(=O)CCC(=O)O,4
Input,CHEMBL567341,0.2377758,InputSig,NA,NA,LINCSCP_15862,HA1E,10uM,6h,kidney epithelial,NA,NA,SZYYBVWPURUFRR-UHFFFAOYSA-N,"InChI=1S/C14H10F2N6/c1-2-22-7-18-12-13(20-11(6-17)21-14(12)22)19-10-4-8(15)3-9(16)5-10/h3-5,7H,2H2,1H3,(H,19,20,21)",15515,CCn1cnc2c(Nc3cc(F)cc(F)c3)nc(nc12)C#N,NA
Input,AZD7687,0.23770468,InputSig,NA,NA,LINCSCP_104258,HELA,0.37uM,24h,large intestine,NA,NA,YXFNPRHZMOGREC-SHTZXODSSA-N,"InChI=1S/C21H25N3O3/c1-12-19(24-20(21(22)27)13(2)23-12)17-9-7-16(8-10-17)15-5-3-14(4-6-15)11-18(25)26/h7-10,14-15H,3-6,11H2,1-2H3,(H2,22,27)(H,25,26)/t14-,15-",26461,Cc1nc(C)c(nc1C(=O)N)c2ccc(cc2)[C@@H]3CC[C@@H](CC(=O)O)CC3,NA
Input,VX-809 (Lumacaftor),0.23763232,InputSig,NA,NA,LINCSCP_142164,MCF7,3.33uM,24h,breast,Cystic fibrosis transmembrane conductance regulator stabiliser,CFTR,UFSKUSARDNFIRC-UHFFFAOYSA-N,"InChI=1S/C24H18F2N2O5/c1-13-5-8-19(27-20(13)14-3-2-4-15(11-14)21(29)30)28-22(31)23(9-10-23)16-6-7-17-18(12-16)33-24(25,26)32-17/h2-8,11-12H,9-10H2,1H3,(H,29,30)(H,27,28,31)",26771,Cc1ccc(NC(=O)C2(CC2)c3ccc4OC(F)(F)Oc4c3)nc1c5cccc(c5)C(=O)O,4
Input,Dipivefrin,0.23747925,InputSig,NA,NA,LINCSCP_209465,HA1E,10uM,24h,kidney epithelial,Adrenergic receptor agonist,ADRA1A|ADRA1B|ADRA1D|ADRA2A|ADRA2B|ADRA2C|ADRB1|ADRB2|ADRB3,OCUJLLGVOUDECM-UHFFFAOYSA-N,"InChI=1S/C19H29NO5/c1-18(2,3)16(22)24-14-9-8-12(13(21)11-20-7)10-15(14)25-17(23)19(4,5)6/h8-10,13,20-21H,11H2,1-7H3",15254,CNCC(O)c1ccc(OC(=O)C(C)(C)C)c(OC(=O)C(C)(C)C)c1,4
Input,ALDA 1,0.23722025,InputSig,NA,NA,LINCSCP_54153,SW620,40uM,6h,large intestine,Aldehyde dehydrogenase activator,ALDH2,NMKJFZCBCIUYHI-UHFFFAOYSA-N,"InChI=1S/C15H11Cl2NO3/c16-10-2-1-3-11(17)14(10)15(19)18-7-9-4-5-12-13(6-9)21-8-20-12/h1-6H,7-8H2,(H,18,19)",16515,Clc1cccc(Cl)c1C(=O)NCc2ccc3OCOc3c2,NA
Input,CHEMBL578159,0.23721627,InputSig,NA,NA,LINCSCP_293364,VCAP,10uM,24h,prostate,NA,NA,VMJFQUMKCMNFSX-UHFFFAOYSA-N,"InChI=1S/C14H8F4N6/c15-7-1-8(16)3-9(2-7)21-13-12-14(23-11(4-19)22-13)24(6-20-12)5-10(17)18/h1-3,6,10H,5H2,(H,21,22,23)",15618,FC(F)Cn1cnc2c(Nc3cc(F)cc(F)c3)nc(nc12)C#N,NA
Input,Chlorpropamide,0.23716752,InputSig,NA,NA,LINCSCP_97924,HA1E,10uM,24h,kidney epithelial,"Sulfonylurea receptor 1, Kir6.2 blocker",ABCC8|KCNJ11,RKWGIWYCVPQPMF-UHFFFAOYSA-N,"InChI=1S/C10H13ClN2O3S/c1-2-7-12-10(14)13-17(15,16)9-5-3-8(11)4-6-9/h3-6H,2,7H2,1H3,(H2,12,13,14)",16609,CCCNC(=O)NS(=O)(=O)c1ccc(Cl)cc1,4
Input,CHEMBL2140880,0.23704354,InputSig,NA,NA,LINCSCP_38052,MCF7,1uM,6h,breast,NA,NA,ZOHSXZUSSPRGFE-HPBDAGMYSA-N,"InChI=1S/C20H29N3O6/c1-21-19(25)9-16-6-7-17-18(29-16)12-28-11-14(24)10-23(17)20(26)22-13-4-3-5-15(8-13)27-2/h3-5,8,14,16-18,24H,6-7,9-12H2,1-2H3,(H,21,25)(H,22,26)/t14-,16+,17+,18-/m0/s1",22987,CNC(=O)C[C@H]1CC[C@@H]2[C@H](COC[C@@H](O)CN2C(=O)Nc3cccc(OC)c3)O1,NA
Input,Tizanidine,0.23695046,InputSig,NA,NA,LINCSCP_104925,HELA,0.04uM,24h,large intestine,Adrenergic receptor agonist,ADRA2A|ADRA2B|ADRA2C,XFYDIVBRZNQMJC-UHFFFAOYSA-N,"InChI=1S/C9H8ClN5S/c10-5-1-2-6-8(15-16-14-6)7(5)13-9-11-3-4-12-9/h1-2H,3-4H2,(H2,11,12,13)",24250,Clc1ccc2nsnc2c1NC3=NCCN3,4
Input,Parbendazole,0.23687314,InputSig,NA,NA,LINCSCP_25451,HT29,0.5uM,24h,large intestine,Tubulin inhibitor,TUBB,YRWLZFXJFBZBEY-UHFFFAOYSA-N,"InChI=1S/C13H17N3O2/c1-3-4-5-9-6-7-10-11(8-9)15-12(14-10)16-13(17)18-2/h6-8H,3-5H2,1-2H3,(H2,14,15,16,17)",36317,CCCCc1ccc2[nH]c(NC(=O)OC)nc2c1,NA
Input,Purmorphamine,0.2368442,InputSig,NA,NA,LINCSCP_55004,THP1,40uM,6h,haematopoietic and lymphoid tissue,Smoothened receptor agonist,SMO,FYBHCRQFSFYWPY-UHFFFAOYSA-N,"InChI=1S/C31H32N6O2/c1-2-9-25(10-3-1)37-21-32-28-29(33-23-13-15-24(16-14-23)36-17-19-38-20-18-36)34-31(35-30(28)37)39-27-12-6-8-22-7-4-5-11-26(22)27/h4-8,11-16,21,25H,1-3,9-10,17-20H2,(H,33,34,35)",36000,C1CCC(CC1)n2cnc3c(Nc4ccc(cc4)N5CCOCC5)nc(Oc6cccc7ccccc67)nc23,NA
Input,BRD-A02747686,0.23630623,InputSig,NA,NA,LINCSCP_160508,PC3,10uM,24h,prostate,NA,NA,NA,NA,NA,NA,NA
Input,Chaetocin,0.23612334,InputSig,NA,NA,LINCSCP_286974,SNUC4,0.1uM,6h,large intestine,Histone lysine methyltransferase inhibitor,SUV39H1,PZPPOCZWRGNKIR-UHFFFAOYSA-N,"InChI=1S/C30H28N6O6S4/c1-33-21(39)27-11-25(15-7-3-5-9-17(15)31-19(25)35(27)23(41)29(33,13-37)45-43-27)26-12-28-22(40)34(2)30(14-38,46-44-28)24(42)36(28)20(26)32-18-10-6-4-8-16(18)26/h3-10,19-20,31-32,37-38H,11-14H2,1-2H3",1710,CN1C(=O)C23CC4(C(Nc5ccccc45)N2C(=O)C1(CO)SS3)C67CC89SSC(CO)(N(C)C8=O)C(=O)N9C6Nc%10ccccc7%10,NA
Input,CHEMBL2358575,0.23592398,InputSig,NA,NA,LINCSCP_65600,VCAP,10uM,24h,prostate,NA,NA,RXIJSVCALBVVES-QZCKSCMDSA-N,"InChI=1S/C35H45Cl2N3O6S/c1-24-20-40(25(2)23-41)35(42)30-19-28(38-47(43,44)29-11-6-5-7-12-29)14-16-33(30)46-26(3)10-8-9-17-45-34(24)22-39(4)21-27-13-15-31(36)32(37)18-27/h5-7,11-16,18-19,24-26,34,38,41H,8-10,17,20-23H2,1-4H3/t24-,25+,26-,34+/m0/s1",19584,C[C@H](CO)N1C[C@H](C)[C@@H](CN(C)Cc2ccc(Cl)c(Cl)c2)OCCCC[C@H](C)Oc3ccc(NS(=O)(=O)c4ccccc4)cc3C1=O,NA
Input,Valdecoxib,0.23577742,InputSig,NA,NA,LINCSCP_92670,HA1E,0.37uM,24h,kidney epithelial,Cyclooxygenase inhibitor,PTGS2,LNPDTQAFDNKSHK-UHFFFAOYSA-N,"InChI=1S/C16H14N2O3S/c1-11-15(12-7-9-14(10-8-12)22(17,19)20)16(18-21-11)13-5-3-2-4-6-13/h2-10H,1H3,(H2,17,19,20)",16301,Cc1onc(c2ccccc2)c1c3ccc(cc3)S(=O)(=O)N,4
Input,"4-(3-Ethyl[1,2,4]triazolo[3,4-b][1,3,4]thiadiazol-6-yl)aniline",0.23577398,InputSig,NA,NA,LINCSCP_39813,MDST8,10uM,6h,intestine,NA,NA,GAJKVTDZIAHPIA-UHFFFAOYSA-N,"InChI=1S/C11H11N5S/c1-2-9-13-14-11-16(9)15-10(17-11)7-3-5-8(12)6-4-7/h3-6H,2,12H2,1H3",25357,CCc1nnc2sc(nn12)c3ccc(N)cc3,NA
Input,Pentosalen,0.23570096,InputSig,NA,NA,LINCSCP_14015,HA1E,10uM,24h,kidney epithelial,CDK inhibitor,NA,OLOOJGVNMBJLLR-UHFFFAOYSA-N,"InChI=1S/C16H14O4/c1-10(2)5-7-19-16-14-12(6-8-18-14)9-11-3-4-13(17)20-15(11)16/h3-6,8-9H,7H2,1-2H3",35494,CC(=CCOc1c2OC(=O)C=Cc2cc3ccoc13)C,NA
Input,BRD-K87838816,0.23562338,InputSig,NA,NA,LINCSCP_197377,A549,5uM,24h,lung,NA,NA,OUTWOBHUWTVFCP-MKXGPGLRSA-N,"InChI=1S/C21H29F3N2O4/c1-25(2)20(28)9-17-7-8-18-19(30-17)13-29-12-16(27)11-26(18)10-14-3-5-15(6-4-14)21(22,23)24/h3-6,16-19,27H,7-13H2,1-2H3/t16-,17-,18-,19+/m1/s1",4506,CN(C)C(=O)C[C@H]1CC[C@@H]2[C@H](COC[C@H](O)CN2Cc3ccc(cc3)C(F)(F)F)O1,NA
Input,MLS002264406,0.23551899,InputSig,NA,NA,LINCSCP_31317,MCF7,10uM,24h,breast,NA,NA,UIMQHKKHXDXZLM-UHFFFAOYSA-N,"InChI=1S/C28H19N3O2/c32-27(20-12-5-2-6-13-20)31-26-25-23(19-10-3-1-4-11-19)24-21-14-8-7-9-18(21)15-16-22(24)33-28(25)30-17-29-26/h1-17,23H,(H,29,30,31,32)",35396,O=C(Nc1ncnc2Oc3ccc4ccccc4c3C(c5ccccc5)c12)c6ccccc6,NA
Input,SPECTRUM1505012,0.23546855,InputSig,NA,NA,LINCSCP_97576,HA1E,0.04uM,24h,kidney epithelial,Aromatase inhibitor,CYP19A1,BFYIZQONLCFLEV-VQIOPMHJSA-N,"InChI=1S/C20H24O2/c1-12-10-14-15-4-5-18(22)20(15,3)9-7-16(14)19(2)8-6-13(21)11-17(12)19/h6,8,11,14-16H,1,4-5,7,9-10H2,2-3H3/t14?,15?,16?,19-,20+/m1/s1",449,C[C@]12CCC3C(CC(=C)C4=CC(=O)C=C[C@]34C)C1CCC2=O,NA
Input,Oxymetazoline,0.23538835,InputSig,NA,NA,LINCSCP_101563,HELA,1.11uM,24h,large intestine,Adrenergic receptor agonist,ADRA1A|ADRA1B|ADRA1D|ADRA2A|ADRA2B|ADRA2C,WYWIFABBXFUGLM-UHFFFAOYSA-N,"InChI=1S/C16H24N2O/c1-10-8-13(16(3,4)5)15(19)11(2)12(10)9-14-17-6-7-18-14/h8,19H,6-7,9H2,1-5H3,(H,17,18)",35568,Cc1cc(c(O)c(C)c1CC2=NCCN2)C(C)(C)C,4
Input,PF-3084014,0.2351583,InputSig,NA,NA,LINCSCP_95401,HA1E,0.04uM,24h,kidney epithelial,NA,NA,VFCRKLWBYMDAED-REWPJTCUSA-N,"InChI=1S/C27H41F2N5O/c1-7-8-23(32-20-10-9-18-11-19(28)12-22(29)21(18)13-20)25(35)33-24-14-34(17-31-24)27(5,6)16-30-15-26(2,3)4/h11-12,14,17,20,23,30,32H,7-10,13,15-16H2,1-6H3,(H,33,35)/t20-,23-/m0/s1",27140,CCC[C@H](N[C@H]1CCc2cc(F)cc(F)c2C1)C(=O)Nc3cn(cn3)C(C)(C)CNCC(C)(C)C,NA
Input,Enoxacin,0.2346503,InputSig,NA,NA,LINCSCP_97821,HA1E,0.04uM,24h,kidney epithelial,Topoisomerase inhibitor,NA,IDYZIJYBMGIQMJ-UHFFFAOYSA-N,"InChI=1S/C15H17FN4O3/c1-2-19-8-10(15(22)23)12(21)9-7-11(16)14(18-13(9)19)20-5-3-17-4-6-20/h7-8,17H,2-6H2,1H3,(H,22,23)",16388,CCN1C=C(C(=O)O)C(=O)c2cc(F)c(nc12)N3CCNCC3,4
Input,Amthamine,0.23462723,InputSig,NA,NA,LINCSCP_193196,A549,10uM,24h,lung,Histamine receptor agonist,NA,LHVRFUVVRXGZPV-UHFFFAOYSA-N,"InChI=1S/C6H11N3S/c1-4-5(2-3-7)10-6(8)9-4/h2-3,7H2,1H3,(H2,8,9)",13956,Cc1nc(N)sc1CCN,NA
Input,MLS003179192,0.23457556,InputSig,NA,NA,LINCSCP_239951,MCF7,10uM,24h,breast,Caspase inhibitor,NA,NPOUMSIYVDQJDX-DGIFUFQNSA-N,"InChI=1S/C33H35ClN4O6S/c1-21-18-38(22(2)20-39)32(40)27-11-7-13-29(36-33(41)35-28-12-6-9-23-8-4-5-10-26(23)28)31(27)44-30(21)19-37(3)45(42,43)25-16-14-24(34)15-17-25/h4-17,21-22,30,39H,18-20H2,1-3H3,(H2,35,36,41)/t21-,22+,30+/m1/s1",15858,C[C@@H](CO)N1C[C@@H](C)[C@H](CN(C)S(=O)(=O)c2ccc(Cl)cc2)Oc3c(NC(=O)Nc4cccc5ccccc45)cccc3C1=O,NA
Input,Atomoxetine,0.23454338,InputSig,NA,NA,LINCSCP_225663,HT29,10uM,6h,large intestine,Norepinephrine transporter inhibitor,SLC6A2|SLC6A3|SLC6A4,VHGCDTVCOLNTBX-QGZVFWFLSA-N,"InChI=1S/C17H21NO/c1-14-8-6-7-11-16(14)19-17(12-13-18-2)15-9-4-3-5-10-15/h3-11,17-18H,12-13H2,1-2H3/t17-/m1/s1",15480,CNCC[C@@H](Oc1ccccc1C)c2ccccc2,4
Input,Nepafenac,0.23446775,InputSig,NA,NA,LINCSCP_92929,HA1E,0.04uM,24h,kidney epithelial,Cyclooxygenase inhibitor,PTGS1|PTGS2,QEFAQIPZVLVERP-UHFFFAOYSA-N,"InChI=1S/C15H14N2O2/c16-13(18)9-11-7-4-8-12(14(11)17)15(19)10-5-2-1-3-6-10/h1-8H,9,17H2,(H2,16,18)",26929,NC(=O)Cc1cccc(C(=O)c2ccccc2)c1N,4
Input,Hydrastine,0.23443989,InputSig,NA,NA,LINCSCP_290022,VCAP,10uM,24h,prostate,Tyrosine hydroxylase inhibitor,NA,JZUTXVTYJDCMDU-MOPGFXCFSA-N,"InChI=1S/C21H21NO6/c1-22-7-6-11-8-15-16(27-10-26-15)9-13(11)18(22)19-12-4-5-14(24-2)20(25-3)17(12)21(23)28-19/h4-5,8-9,18-19H,6-7,10H2,1-3H3/t18-,19+/m1/s1",35479,COc1ccc2[C@H](OC(=O)c2c1OC)[C@@H]3N(C)CCc4cc5OCOc5cc34,NA
Input,CC-930,0.23436585,InputSig,NA,NA,LINCSCP_107790,HELA,10uM,24h,large intestine,c-Jun N-terminal kinase 1 inhibitor|c-Jun N-terminal kinase 2 inhibitor|c-Jun N-terminal kinase 3 inhibitor,MAPK10|MAPK8|MAPK9,IBGLGMOPHJQDJB-IHRRRGAJSA-N,"InChI=1S/C21H23F3N6O2/c22-11-7-15(23)18(16(24)8-11)28-21-27-17-9-25-20(26-12-1-3-14(31)4-2-12)29-19(17)30(21)13-5-6-32-10-13/h7-9,12-14,31H,1-6,10H2,(H,27,28)(H,25,26,29)/t12-,13-,14-/m0/s1",26454,O[C@@H]1CC[C@H](CC1)Nc2ncc3nc(Nc4c(F)cc(F)cc4F)n([C@H]5CCOC5)c3n2,2
Input,Cevimeline hydrochloride,0.23430739,InputSig,NA,NA,LINCSCP_73751,A375,1.11uM,24h,skin,NA,NA,YMMKDPCCYMGDHD-JWGPUQBJSA-N,"InChI=1S/2C10H17NOS/c2*1-8-12-10(7-13-8)6-11-4-2-9(10)3-5-11/h2*8-9H,2-7H2,1H3/t2*8-,10-/m10/s1",26654,C[C@@H]1O[C@@]2(CS1)CN3CCC2CC3.C[C@H]4O[C@]5(CS4)CN6CCC5CC6,NA
Input,GW9508,0.23410507,InputSig,NA,NA,LINCSCP_4998,A549,10uM,24h,lung,Free Fatty Acid Receptor 1 (FFAR1; GPR40) Agonists|Free fatty acid receptor agonist|G protein coupled receptor agonist|G protein-coupled receptor agonist,FFAR1|FFAR4,DGENZVKCTGIDRZ-UHFFFAOYSA-N,"InChI=1S/C22H21NO3/c24-22(25)14-11-17-9-12-19(13-10-17)23-16-18-5-4-8-21(15-18)26-20-6-2-1-3-7-20/h1-10,12-13,15,23H,11,14,16H2,(H,24,25)",24050,OC(=O)CCc1ccc(NCc2cccc(Oc3ccccc3)c2)cc1,NA
Input,Endecaphyllin X,0.2340719,InputSig,NA,NA,LINCSCP_18284,HCC515,10uM,24h,lung,NA,NA,JMPKPWBLQUWFHQ-LUAGPVBASA-N,"InChI=1S/C18H24N4O18/c23-11(1-5-19(28)29)36-9-10-15(38-12(24)2-6-20(30)31)16(39-13(25)3-7-21(32)33)17(18(27)37-10)40-14(26)4-8-22(34)35/h10,15-18,27H,1-9H2/t10-,15-,16+,17-,18-/m1/s1",15735,O[C@@H]1O[C@H](COC(=O)CC[N+](=O)[O-])[C@@H](OC(=O)CC[N+](=O)[O-])[C@H](OC(=O)CC[N+](=O)[O-])[C@H]1OC(=O)CC[N+](=O)[O-],NA
Input,"Apitolisib (gdc-0980, rg7422)",0.23402186,InputSig,NA,NA,LINCSCP_132430,MCF7,0.12uM,3h,breast,PI3K inhibitor|mTOR inhibitor,PIK3CA|PIK3CB|PIK3CD|PIK3CG|MTOR,YOVVNQKCSKSHKT-UHFFFAOYSA-N,"InChI=1S/C23H30N8O3S/c1-14-17(13-29-3-5-31(6-4-29)22(33)15(2)32)35-19-18(14)27-20(16-11-25-23(24)26-12-16)28-21(19)30-7-9-34-10-8-30/h11-12,15,32H,3-10,13H2,1-2H3,(H2,24,25,26)",14191,CC(O)C(=O)N1CCN(Cc2sc3c(nc(nc3c2C)c4cnc(N)nc4)N5CCOCC5)CC1,NA
Input,OSI-930,0.23391297,InputSig,NA,NA,LINCSCP_86603,CD34,3.33uM,24h,bone marrow,KIT inhibitor|VEGFR inhibitor,FLT1|FLT4|KDR|KIT,FGTCROZDHDSNIO-UHFFFAOYSA-N,"InChI=1S/C22H16F3N3O2S/c23-22(24,25)30-16-7-5-15(6-8-16)28-21(29)20-19(10-12-31-20)27-13-14-9-11-26-18-4-2-1-3-17(14)18/h1-12,27H,13H2,(H,28,29)",15171,FC(F)(F)Oc1ccc(NC(=O)c2sccc2NCc3ccnc4ccccc34)cc1,1
Input,N-Benzyl-1-(3-chlorobenzyl)-n-methylpiperidine-3-carboxamide,0.23374407,InputSig,NA,NA,LINCSCP_294784,VCAP,10uM,24h,prostate,NA,NA,IAZWNNACOSEBDJ-UHFFFAOYSA-N,"InChI=1S/C21H25ClN2O/c1-23(14-17-7-3-2-4-8-17)21(25)19-10-6-12-24(16-19)15-18-9-5-11-20(22)13-18/h2-5,7-9,11,13,19H,6,10,12,14-16H2,1H3",35438,CN(Cc1ccccc1)C(=O)C2CCCN(Cc3cccc(Cl)c3)C2,NA
Input,Nemonapride,0.23374205,InputSig,NA,NA,LINCSCP_41157,NEU,10uM,24h,NA,Dopamine receptor antagonist,DRD2|DRD3,QCYCDKUNJFKYEI-ZVWWNKPMSA-N,"InChI=1S/2C21H26ClN3O2/c2*1-14-18(9-10-25(14)13-15-7-5-4-6-8-15)24-21(26)16-11-17(22)19(23-2)12-20(16)27-3/h2*4-8,11-12,14,18,23H,9-10,13H2,1-3H3,(H,24,26)/t2*14-,18-/m10/s1",26697,CNc1cc(OC)c(cc1Cl)C(=O)N[C@H]2CCN(Cc3ccccc3)[C@H]2C.CNc4cc(OC)c(cc4Cl)C(=O)N[C@@H]5CCN(Cc6ccccc6)[C@@H]5C,NA
Input,Nemonapride,0.23374205,InputSig,NA,NA,LINCSCP_41157,NEU,10uM,24h,NA,Dopamine receptor antagonist,DRD2|DRD3,KRVOJOCLBAAKSJ-UHFFFAOYSA-N,"InChI=1S/C21H26ClN3O2/c1-14-18(9-10-25(14)13-15-7-5-4-6-8-15)24-21(26)16-11-17(22)19(23-2)12-20(16)27-3/h4-8,11-12,14,18,23H,9-10,13H2,1-3H3,(H,24,26)",15293,CNc1cc(OC)c(cc1Cl)C(=O)NC2CCN(Cc3ccccc3)C2C,NA
Input,CTK8E7509,0.23355238,InputSig,NA,NA,LINCSCP_52921,SKB,10uM,24h,NA,Leukotriene receptor antagonist,CYSLTR1,BZMKNPGKXJAIDV-UHFFFAOYSA-N,"InChI=1S/C23H28N2O3S/c1-3-23(4-2,22(27)28)14-20(26)24-18-10-5-7-16(13-18)11-12-21-25-19(15-29-21)17-8-6-9-17/h5,7,10-13,15,17H,3-4,6,8-9,14H2,1-2H3,(H,24,26)(H,27,28)",1128,CCC(CC)(CC(=O)Nc1cccc(C=Cc2nc(cs2)C3CCC3)c1)C(=O)O,NA
Input,VX-11E,0.23334161,InputSig,NA,NA,LINCSCP_257474,NCIH508,0.5uM,6h,large intestine,MAP kinase inhibitor,MAPK1,WUTVMXLIGHTZJC-OAQYLSRUSA-N,"InChI=1S/C24H20Cl2FN5O2/c1-13-10-29-24(31-19-6-5-17(27)9-18(19)26)32-22(13)15-8-20(28-11-15)23(34)30-21(12-33)14-3-2-4-16(25)7-14/h2-11,21,28,33H,12H2,1H3,(H,30,34)(H,29,31,32)/t21-/m1/s1",36704,Cc1cnc(Nc2ccc(F)cc2Cl)nc1c3c[nH]c(c3)C(=O)N[C@H](CO)c4cccc(Cl)c4,NA
Input,Pregnenolone,0.23331153,InputSig,NA,NA,LINCSCP_73339,A375,1.11uM,24h,skin,NA,NA,ORNBQBCIOKFOEO-QGVNFLHTSA-N,"InChI=1S/C21H32O2/c1-13(22)17-6-7-18-16-5-4-14-12-15(23)8-10-20(14,2)19(16)9-11-21(17,18)3/h4,15-19,23H,5-12H2,1-3H3/t15-,16-,17+,18-,19-,20-,21+/m0/s1",16342,CC(=O)[C@H]1CC[C@H]2[C@@H]3CC=C4C[C@@H](O)CC[C@]4(C)[C@H]3CC[C@]12C,NA
Input,HMS1476K01,0.23298133,InputSig,NA,NA,LINCSCP_6162,A549,10uM,24h,lung,NA,NA,CJOVWWBJTBBBSU-NBVRZTHBSA-N,"InChI=1S/C23H16BrNO2/c24-19-12-10-16(11-13-19)14-18-15-21(17-6-2-1-3-7-17)25(23(18)27)20-8-4-5-9-22(20)26/h1-15,26H/b18-14+",5358,Oc1ccccc1N2C(=O)\C(=C\c3ccc(Br)cc3)\C=C2c4ccccc4,NA
Input,CHEMBL2333346,0.23284659,InputSig,NA,NA,LINCSCP_28690,HT29,0.12uM,24h,large intestine,NA,NA,RYYGSXXWQSXKRP-UHFFFAOYSA-N,"InChI=1S/C6H9NO2/c8-6(7-9)5-3-1-2-4-5/h3,9H,1-2,4H2,(H,7,8)",39905,ONC(=O)C1=CCCC1,NA
Input,5-Methoxytryptamine,0.23283887,InputSig,NA,NA,LINCSCP_22177,HEPG2,10uM,6h,liver,Serotonin receptor agonist,HTR2A|HTR6,JTEJPPKMYBDEMY-UHFFFAOYSA-N,"InChI=1S/C11H14N2O/c1-14-9-2-3-11-10(6-9)8(4-5-12)7-13-11/h2-3,6-7,13H,4-5,12H2,1H3",25106,COc1ccc2[nH]cc(CCN)c2c1,NA
Input,TIROFIBAN HYDROCHLORIDE,0.2327707,InputSig,NA,NA,LINCSCP_105484,HELA,3.33uM,24h,large intestine,Integrin alpha-IIb/beta-3 inhibitor,ITGA2B|ITGB3,COKMIXFXJJXBQG-NRFANRHFSA-N,"InChI=1S/C22H36N2O5S/c1-2-3-16-30(27,28)24-21(22(25)26)17-19-7-9-20(10-8-19)29-15-5-4-6-18-11-13-23-14-12-18/h7-10,18,21,23-24H,2-6,11-17H2,1H3,(H,25,26)/t21-/m0/s1",27071,CCCCS(=O)(=O)N[C@@H](Cc1ccc(OCCCCC2CCNCC2)cc1)C(=O)O,4
Input,CID 45006067,0.23263559,InputSig,NA,NA,LINCSCP_32104,MCF7,10uM,24h,breast,NFkB pathway inhibitor,NA,KTEXNACQROZXEV-LKQBIRKESA-N,"InChI=1S/C15H20O3/c1-9-5-4-8-15(3)13(18-15)12-11(7-6-9)10(2)14(16)17-12/h5,11-13H,2,4,6-8H2,1,3H3/b9-5+/t11-,12-,13?,15-/m0/s1",22321,C\C\1=C/CC[C@]2(C)OC2[C@H]3OC(=O)C(=C)[C@@H]3CC1,NA
Input,BRD-K60796852,0.23241701,InputSig,NA,NA,LINCSCP_232924,HT29,10uM,24h,large intestine,NA,NA,CPZPDKPINUWRBY-GMXVVIOVSA-N,"InChI=1S/C13H15BrN2O2/c14-9-3-1-8(2-4-9)13-10-5-15-6-12(18)16(10)11(13)7-17/h1-4,10-11,13,15,17H,5-7H2/t10-,11-,13+/m0/s1",13149,OC[C@H]1[C@@H]([C@@H]2CNCC(=O)N12)c3ccc(Br)cc3,NA
Input,FR-180204,0.23236618,InputSig,NA,NA,LINCSCP_113940,HME1,0.04uM,24h,breast,MAP kinase inhibitor,MAPK1|MAPK3,XVECMUKVOMUNLE-UHFFFAOYSA-N,"InChI=1S/C18H13N7/c19-17-12-10-13(20-22-18(12)23-21-17)15-14-8-4-5-9-25(14)24-16(15)11-6-2-1-3-7-11/h1-10H,(H3,19,21,22,23)",27855,Nc1[nH]nc2nnc(cc12)c3c(nn4ccccc34)c5ccccc5,NA
Input,Nefazodone,0.23216746,InputSig,NA,NA,LINCSCP_155581,PC3,0.04uM,24h,prostate,Adrenergic inhibitor|Norepinephrine reuptake inhibitor|Serotonin receptor antagonist|Serotonin reuptake inhibitor,HTR2A|HTR2C|SLC6A2|SLC6A4,VRBKIVRKKCLPHA-UHFFFAOYSA-N,"InChI=1S/C25H32ClN5O2/c1-2-24-27-31(25(32)30(24)18-19-33-23-10-4-3-5-11-23)13-7-12-28-14-16-29(17-15-28)22-9-6-8-21(26)20-22/h3-6,8-11,20H,2,7,12-19H2,1H3",36130,CCC1=NN(CCCN2CCN(CC2)c3cccc(Cl)c3)C(=O)N1CCOc4ccccc4,4
Input,GSK256066,0.23206446,InputSig,NA,NA,LINCSCP_93644,HA1E,1.11uM,24h,kidney epithelial,NA,NA,JFHROPTYMMSOLG-UHFFFAOYSA-N,"InChI=1S/C27H26N4O5S/c1-16-11-21(37(34,35)20-10-5-7-17(12-20)27(33)31(2)3)14-22-24(16)29-15-23(26(28)32)25(22)30-18-8-6-9-19(13-18)36-4/h5-15H,1-4H3,(H2,28,32)(H,29,30)",27184,COc1cccc(Nc2c(cnc3c(C)cc(cc23)S(=O)(=O)c4cccc(c4)C(=O)N(C)C)C(=O)N)c1,NA
Input,FK 866,0.23168803,InputSig,NA,NA,LINCSCP_73619,A375,1.11uM,24h,skin,Niacinamide phosphoribosyltransferase inhibitor,NAMPT,KPBNHDGDUADAGP-VAWYXSNFSA-N,"InChI=1S/C24H29N3O2/c28-23(12-11-21-8-6-15-25-19-21)26-16-5-4-7-20-13-17-27(18-14-20)24(29)22-9-2-1-3-10-22/h1-3,6,8-12,15,19-20H,4-5,7,13-14,16-18H2,(H,26,28)/b12-11+",37971,O=C(NCCCCC1CCN(CC1)C(=O)c2ccccc2)\C=C\c3cccnc3,NA
Input,Oglemilast,0.23167016000000001,InputSig,NA,NA,LINCSCP_162076,PC3,1.11uM,24h,prostate,NA,NA,OKFDRAHPFKMAJH-UHFFFAOYSA-N,"InChI=1S/C20H13Cl2F2N3O5S/c1-33(29,30)27-9-2-4-14-11(6-9)16-10(3-5-15(18(16)31-14)32-20(23)24)19(28)26-17-12(21)7-25-8-13(17)22/h2-8,20,27H,1H3,(H,25,26,28)",26856,CS(=O)(=O)Nc1ccc2oc3c(OC(F)F)ccc(C(=O)Nc4c(Cl)cncc4Cl)c3c2c1,NA
Input,PIK-75,0.23165001,InputSig,NA,NA,LINCSCP_22634,HEPG2,10uM,6h,liver,DNA protein kinase inhibitor|PI3K inhibitor,PIK3CA,NA,NA,NA,NA,NA
Input,HLI-373,0.23155677,InputSig,NA,NA,LINCSCP_25055,HT115,10uM,6h,large intestine,MDM inhibitor,MDM2,LNRUPMPQQGPSQT-UHFFFAOYSA-N,"InChI=1S/C18H23N5O2/c1-21(2)11-7-10-19-15-12-8-5-6-9-13(12)22(3)16-14(15)17(24)23(4)18(25)20-16/h5-6,8-9,19H,7,10-11H2,1-4H3",15081,CN(C)CCCNC1=C2C(=O)N(C)C(=O)N=C2N(C)c3ccccc13,NA
Input,Buspirone,0.23137579,InputSig,NA,NA,LINCSCP_214767,HCC515,10uM,24h,lung,Serotonin receptor agonist,HTR1A,QWCRAEMEVRGPNT-UHFFFAOYSA-N,"InChI=1S/C21H31N5O2/c27-18-16-21(6-1-2-7-21)17-19(28)26(18)11-4-3-10-24-12-14-25(15-13-24)20-22-8-5-9-23-20/h5,8-9H,1-4,6-7,10-17H2",16059,O=C1CC2(CCCC2)CC(=O)N1CCCCN3CCN(CC3)c4ncccn4,4
Input,Cis-Platin,0.23133211,InputSig,NA,NA,LINCSCP_10185,A549,0.01uM,6h,lung,DNA alkylating agent|DNA synthesis inhibitor,XIAP,LXZZYRPGZAFOLE-UHFFFAOYSA-L,InChI=1S/2ClH.2H3N.Pt/h2*1H;2*1H3;/q;;;;+2/p-2,22209,Cl[Pt]([NH3])([NH3])Cl,NA
Input,BRD-A25736793,0.2312244,InputSig,NA,NA,LINCSCP_113905,HME1,10uM,24h,breast,mTOR inhibitor,MTOR,HKVAMNSJSFKALM-PYJGUTGCSA-N,"InChI=1S/C53H83NO14/c1-32-16-12-11-13-17-33(2)44(63-8)30-40-21-19-38(7)53(62,68-40)50(59)51(60)54-23-15-14-18-41(54)52(61)67-45(35(4)28-39-20-22-43(66-25-24-55)46(29-39)64-9)31-42(56)34(3)27-37(6)48(58)49(65-10)47(57)36(5)26-32/h11-13,16-17,27,32,34-36,38-41,43-46,48-49,55,58,62H,14-15,18-26,28-31H2,1-10H3/b13-11+,16-12+,33-17+,37-27+",1547,COC1CC(CC(C)C2CC(=O)C(C)\C=C(/C)\C(O)C(OC)C(=O)C(C)CC(C)\C=C\C=C\C=C(/C)\C(CC3CCC(C)C(O)(O3)C(=O)C(=O)N4CCCCC4C(=O)O2)OC)CCC1OCCO,NA
Input,Trametinib,0.23114572,InputSig,NA,NA,LINCSCP_85796,BT20,1.11uM,3h,breast,MEK inhibitor,MAP2K1|MAP2K2,LIRYPHYGHXZJBZ-UHFFFAOYSA-N,"InChI=1S/C26H23FIN5O4/c1-13-22-21(23(31(3)24(13)35)30-20-10-7-15(28)11-19(20)27)25(36)33(17-8-9-17)26(37)32(22)18-6-4-5-16(12-18)29-14(2)34/h4-7,10-12,17,30H,8-9H2,1-3H3,(H,29,34)",37824,CN1C(=O)C(=C2N(C(=O)N(C3CC3)C(=O)C2=C1Nc4ccc(I)cc4F)c5cccc(NC(=O)C)c5)C,4
Input,VX222,0.2309071,InputSig,NA,NA,LINCSCP_32550,MCF7,10uM,24h,breast,HCV inhibitor,NA,WPMJNLCLKAKMLA-UHFFFAOYSA-N,"InChI=1S/C25H35NO4S/c1-16-5-7-17(8-6-16)23(28)26(18-9-11-19(27)12-10-18)21-15-20(13-14-25(2,3)4)31-22(21)24(29)30/h15-19,27H,5-12H2,1-4H3,(H,29,30)",16434,CC1CCC(CC1)C(=O)N(C2CCC(O)CC2)c3cc(C#CC(C)(C)C)sc3C(=O)O,NA
Input,SA-90377,0.23081393,InputSig,NA,NA,LINCSCP_253104,MCF7,0.5uM,24h,breast,NA,NA,BPRBOEBHCISTIC-SBCJZHDBSA-N,"InChI=1S/C36H46N4O5/c1-26-22-40(27(2)25-41)36(43)32-21-31(37-35(42)15-16-39-17-19-44-20-18-39)13-14-33(32)45-34(26)24-38(3)23-28-9-11-30(12-10-28)29-7-5-4-6-8-29/h4-14,21,26-27,34,41H,15-20,22-25H2,1-3H3,(H,37,42)/t26-,27-,34-/m0/s1",12920,C[C@@H](CO)N1C[C@H](C)[C@H](CN(C)Cc2ccc(cc2)c3ccccc3)Oc4ccc(NC(=O)CCN5CCOCC5)cc4C1=O,NA
Input,CHROMOMYCIN-A3,0.23049755,InputSig,NA,NA,LINCSCP_20356,HCC515,10uM,6h,lung,DNA binding agent,NA,LNGHEQSPMNWBCU-RUGPHKIXSA-N,"InChI=1S/C56H82O24/c1-21-34(76-40-19-37(53(28(8)74-40)75-29(9)58)79-38-16-33(59)52(68-11)27(7)73-38)15-31-13-30-14-32(54(69-12)51(66)46(61)23(3)57)55(50(65)44(30)49(64)43(31)45(21)60)80-41-18-35(47(62)26(6)72-41)77-39-17-36(48(63)25(5)71-39)78-42-20-56(10,67)22(2)24(4)70-42/h13,15,22-28,32-33,35-42,46-48,52-55,57,59-64,67H,14,16-20H2,1-12H3/t22?,23-,24?,25?,26?,27?,28?,32-,33?,35?,36?,37?,38?,39?,40?,41?,42?,46+,47?,48?,52?,53?,54+,55+,56?/m1/s1",218,CO[C@@H]([C@H]1Cc2cc3cc(OC4CC(OC5CC(O)C(OC)C(C)O5)C(OC(=O)C)C(C)O4)c(C)c(O)c3c(O)c2C(=O)[C@H]1OC6CC(OC7CC(OC8CC(C)(O)C(C)C(C)O8)C(O)C(C)O7)C(O)C(C)O6)C(=O)[C@@H](O)[C@@H](C)O,NA
Input,L-Norepinephrine,0.23039026,InputSig,NA,NA,LINCSCP_43236,NPC,10uM,24h,neural progenitor cells,Adrenergic receptor agonist,ADRA1A|ADRA1B|ADRA1D|ADRA2A|ADRA2B|ADRA2C|ADRB1|ADRB3,SFLSHLFXELFNJZ-MRVPVSSYSA-N,"InChI=1S/C8H11NO3/c9-4-8(12)5-1-2-6(10)7(11)3-5/h1-3,8,10-12H,4,9H2/t8-/m1/s1",19475,NC[C@@H](O)c1ccc(O)c(O)c1,NA
Input,SA-1938757,0.23027721,InputSig,NA,NA,LINCSCP_41674,NKDBA,1uM,24h,kidney epithelial,NA,NA,MKCVBDBEIVTPQG-HSZRJFAPSA-N,"InChI=1S/C30H28FN5O6/c1-40-20-7-8-21-22(11-20)34-27-23(12-37)36(29(39)32-18-4-2-17(31)3-5-18)15-30(26(21)27)13-35(14-30)28(38)33-19-6-9-24-25(10-19)42-16-41-24/h2-11,23,34,37H,12-16H2,1H3,(H,32,39)(H,33,38)/t23-/m1/s1",33529,COc1ccc2c3c([nH]c2c1)[C@@H](CO)N(CC34CN(C4)C(=O)Nc5ccc6OCOc6c5)C(=O)Nc7ccc(F)cc7,NA
Input,SCHEMBL13991002,0.22997732,InputSig,NA,NA,LINCSCP_12871,DV90,40uM,6h,lung,NA,NA,UUTYCZUIECRVAL-YFKPBYRVSA-O,"InChI=1S/C6H9N3O3/c7-5(6(11)12)2-1-4(10)3-9-8/h5H,1-3,7H2/p+1/t5-/m0/s1",42648,N[C@@H](CCC(=O)C[N+]#N)C(=O)O,NA
Input,BMS-536924,0.22985848,InputSig,NA,NA,LINCSCP_10374,A673,10uM,6h,bone,IGF-1 inhibitor,IGF1R,ZWVZORIKUNOTCS-OAQYLSRUSA-N,"InChI=1S/C25H26ClN5O3/c1-15-11-18(31-7-9-34-10-8-31)13-20-23(15)30-24(29-20)22-19(5-6-27-25(22)33)28-14-21(32)16-3-2-4-17(26)12-16/h2-6,11-13,21,32H,7-10,14H2,1H3,(H,29,30)(H2,27,28,33)/t21-/m1/s1",35291,Cc1cc(cc2[nH]c(nc12)c3c(O)nccc3NC[C@@H](O)c4cccc(Cl)c4)N5CCOCC5,NA
Input,Apocynin,0.22954934,InputSig,NA,NA,LINCSCP_95041,HA1E,0.04uM,24h,kidney epithelial,NA,NA,DFYRUELUNQRZTB-UHFFFAOYSA-N,"InChI=1S/C9H10O3/c1-6(10)7-3-4-8(11)9(5-7)12-2/h3-5,11H,1-2H3",27104,COc1cc(ccc1O)C(=O)C,NA
Input,ML100,0.22948467,InputSig,NA,NA,LINCSCP_10661,AGS,10uM,6h,stomach,NA,NA,VRYFPFHGCPTRHR-UHFFFAOYSA-N,"InChI=1S/C12H11Cl2N3S/c1-7-3-5-8(6-4-7)10-15-11(9(13)14)17-12(16-10)18-2/h3-6,9H,1-2H3",36680,CSc1nc(nc(n1)c2ccc(C)cc2)C(Cl)Cl,NA
Input,Perindopril,0.22941017,InputSig,NA,NA,LINCSCP_14791,HA1E,10uM,24h,kidney epithelial,Angiotensin converting enzyme inhibitor,ACE,IPVQLZZIHOAWMC-QXKUPLGCSA-N,"InChI=1S/C19H32N2O5/c1-4-8-14(19(25)26-5-2)20-12(3)17(22)21-15-10-7-6-9-13(15)11-16(21)18(23)24/h12-16,20H,4-11H2,1-3H3,(H,23,24)/t12-,13-,14-,15-,16-/m0/s1",16052,CCC[C@H](N[C@@H](C)C(=O)N1[C@H]2CCCC[C@H]2C[C@H]1C(=O)O)C(=O)OCC,4
Input,BRD-K23558120,0.22933194,InputSig,NA,NA,LINCSCP_253274,MCF7,0.5uM,6h,breast,NA,NA,NLZWENHPOORBAO-QOKUDNMUSA-N,"InChI=1S/C25H27Cl2FN2O5/c26-19-7-5-15(9-20(19)27)11-29-24(32)10-17-6-8-22-23(35-17)14-34-13-16(31)12-30(22)25(33)18-3-1-2-4-21(18)28/h1-5,7,9,16-17,22-23,31H,6,8,10-14H2,(H,29,32)/t16-,17+,22+,23-/m0/s1",2456,O[C@@H]1COC[C@@H]2O[C@@H](CC(=O)NCc3ccc(Cl)c(Cl)c3)CC[C@H]2N(C1)C(=O)c4ccccc4F,NA
Input,Taselisib,0.22921526,InputSig,NA,NA,LINCSCP_77434,A375,0.04uM,24h,skin,PI3-kinase class I inhibitor,PIK3CA|PIK3CB|PIK3CD|PIK3CG|PIK3R1|PIK3R2|PIK3R3|PIK3R5,BEUQXVWXFDOSAQ-UHFFFAOYSA-N,"InChI=1S/C24H28N8O2/c1-14(2)32-22(27-15(3)29-32)19-13-30-8-9-34-20-10-16(6-7-18(20)21(30)28-19)17-11-26-31(12-17)24(4,5)23(25)33/h6-7,10-14H,8-9H2,1-5H3,(H2,25,33)",14181,CC(C)n1nc(C)nc1c2cn3CCOc4cc(ccc4c3n2)c5cnn(c5)C(C)(C)C(=O)N,3
Input,FPH2,0.22920364,InputSig,NA,NA,LINCSCP_27347,HT29,10uM,6h,large intestine,NA,NA,PCHRYHSDDPPZBV-UHFFFAOYSA-N,"InChI=1S/C14H16ClN5O2S/c1-3-20-7-10(12(19-20)13(16)21)18-14(23)17-9-6-8(15)4-5-11(9)22-2/h4-7H,3H2,1-2H3,(H2,16,21)(H2,17,18,23)",25330,CCn1cc(NC(=S)Nc2cc(Cl)ccc2OC)c(n1)C(=O)N,NA
Input,Tryptoline,0.22920101,InputSig,NA,NA,LINCSCP_45913,PC3,10uM,24h,prostate,Monoamine oxidase inhibitor|Serotonin receptor agonist,NA,CFTOTSJVQRFXOF-UHFFFAOYSA-N,"InChI=1S/C11H12N2/c1-2-4-10-8(3-1)9-5-6-12-7-11(9)13-10/h1-4,12-13H,5-7H2",35544,C1Cc2c(CN1)[nH]c3ccccc23,NA
Input,R-N-Propylnorapomorphine,0.22915721,InputSig,NA,NA,LINCSCP_223271,HT29,10uM,6h,large intestine,Dopamine receptor agonist,DRD1|DRD2,BTGAJCKRXPNBFI-OAHLLOKOSA-N,"InChI=1S/C19H21NO2/c1-2-9-20-10-8-12-4-3-5-14-17(12)15(20)11-13-6-7-16(21)19(22)18(13)14/h3-7,15,21-22H,2,8-11H2,1H3/t15-/m1/s1",35548,CCCN1CCc2cccc3c2[C@H]1Cc4ccc(O)c(O)c34,NA
Input,Taranabant,0.2291489,InputSig,NA,NA,LINCSCP_92552,HA1E,0.04uM,24h,kidney epithelial,Cannabinoid CB1 receptor inverse agonist,CNR1,QLYKJCMUNUWAGO-GAJHUEQPSA-N,"InChI=1S/C27H25ClF3N3O2/c1-17(34-25(35)26(2,3)36-24-12-9-21(16-33-24)27(29,30)31)23(14-18-7-10-22(28)11-8-18)20-6-4-5-19(13-20)15-32/h4-13,16-17,23H,14H2,1-3H3,(H,34,35)/t17-,23+/m0/s1",27003,C[C@H](NC(=O)C(C)(C)Oc1ccc(cn1)C(F)(F)F)[C@@H](Cc2ccc(Cl)cc2)c3cccc(c3)C#N,3
Input,BRD-K45230579,0.22908485,InputSig,NA,NA,LINCSCP_41056,NEU,10uM,24h,NA,NA,NA,ANPNCKARMDTJMY-XKCSPQBFSA-N,"InChI=1S/C26H31N3O6/c1-15-9-16(2)11-18(10-15)28-26(32)27-17-5-8-22-20(12-17)25(31)29(3)21-7-6-19(13-24(30)33-4)35-23(21)14-34-22/h5,8-12,19,21,23H,6-7,13-14H2,1-4H3,(H2,27,28,32)/t19-,21+,23+/m0/s1",24700,COC(=O)C[C@@H]1CC[C@@H]2[C@@H](COc3ccc(NC(=O)Nc4cc(C)cc(C)c4)cc3C(=O)N2C)O1,NA
Input,2-Methoxyestradiol,0.22901518,InputSig,NA,NA,LINCSCP_168511,YAPC,10uM,24h,pancreas,NA,NA,CQOQDQWUFQDJMK-SSTWWWIQSA-N,"InChI=1S/C19H26O3/c1-19-8-7-12-13(15(19)5-6-18(19)21)4-3-11-9-16(20)17(22-2)10-14(11)12/h9-10,12-13,15,18,20-21H,3-8H2,1-2H3/t12-,13+,15-,18-,19-/m0/s1",26690,COc1cc2[C@H]3CC[C@]4(C)[C@@H](O)CC[C@H]4[C@@H]3CCc2cc1O,NA
Input,ZK-93423,0.22893068,InputSig,NA,NA,LINCSCP_102054,HELA,1.11uM,24h,large intestine,Benzodiazepine receptor agonist,GABRA1|GABRA2|GABRA3|GABRA5,ALBKMJDFBZVHAK-UHFFFAOYSA-N,"InChI=1S/C23H22N2O4/c1-3-28-23(26)22-18(14-27-2)21-17-11-16(29-13-15-7-5-4-6-8-15)9-10-19(17)25-20(21)12-24-22/h4-12,25H,3,13-14H2,1-2H3",35682,CCOC(=O)c1ncc2[nH]c3ccc(OCc4ccccc4)cc3c2c1COC,NA
Input,BRD-U65466710,0.22879515,InputSig,NA,NA,LINCSCP_259602,NEU,10uM,24h,NA,NA,NA,NA,NA,42725,NA,NA
Input,BRD-K94390774,0.22873451,InputSig,NA,NA,LINCSCP_37498,MCF7,0.5uM,24h,breast,NA,NA,QCHQNBIYSRQADD-JLLPCOHGSA-N,"InChI=1S/C26H32F3N3O4/c27-26(28,29)20-3-1-2-19(12-20)14-32-15-21(33)16-35-17-24-23(32)5-4-22(36-24)13-25(34)31-11-8-18-6-9-30-10-7-18/h1-3,6-7,9-10,12,21-24,33H,4-5,8,11,13-17H2,(H,31,34)/t21-,22-,23+,24-/m1/s1",25318,O[C@H]1COC[C@H]2O[C@@H](CC(=O)NCCc3ccncc3)CC[C@@H]2N(Cc4cccc(c4)C(F)(F)F)C1,NA
Input,NVP-BHG712,0.22869492,InputSig,NA,NA,LINCSCP_87372,CD34,3.33uM,24h,bone marrow,NA,NA,ZCCPLJOKGAACRT-UHFFFAOYSA-N,"InChI=1S/C26H20F3N7O/c1-15-8-9-16(25(37)32-19-7-3-6-18(12-19)26(27,28)29)11-21(15)33-23-20-14-31-36(2)24(20)35-22(34-23)17-5-4-10-30-13-17/h3-14H,1-2H3,(H,32,37)(H,33,34,35)",14186,Cc1ccc(cc1Nc2nc(nc3c2cnn3C)c4cccnc4)C(=O)Nc5cccc(c5)C(F)(F)F,NA
Input,AC1MEVG9,0.22867883,InputSig,NA,NA,LINCSCP_51015,RMGI,10uM,6h,ovary,Tyrosine phosphatase inhibitor,PTPN1,NMLOLMOZTQCQJF-UHFFFAOYSA-N,"InChI=1S/C20H10BrN3O4S/c21-10-7-14-17(22-9-10)24-18(25)16(29-20(24)23-14)8-11-5-6-15(28-11)12-3-1-2-4-13(12)19(26)27/h1-9H,(H,26,27)",16005,OC(=O)c1ccccc1c2oc(C=C3Sc4nc5cc(Br)cnc5n4C3=O)cc2,NA
Input,Clozapine,0.2286385,InputSig,NA,NA,LINCSCP_170625,YAPC,0.37uM,24h,pancreas,Dopamine receptor antagonist|Serotonin receptor antagonist,ADRA1A|ADRA1B|CHRM1|CHRM2|CHRM3|CHRM4|DRD1|DRD2|DRD3|DRD4|HRH1|HRH4|HTR1A|HTR1B|HTR1D|HTR1E|HTR2A|HTR2C|HTR6|HTR7,QZUDBNBUXVUHMW-UHFFFAOYSA-N,"InChI=1S/C18H19ClN4/c1-22-8-10-23(11-9-22)18-14-4-2-3-5-15(14)20-16-7-6-13(19)12-17(16)21-18/h2-7,12,20H,8-11H2,1H3",35712,CN1CCN(CC1)C2=Nc3cc(Cl)ccc3Nc4ccccc24,4
Input,Ambroxol,0.2285216,InputSig,NA,NA,LINCSCP_94007,HA1E,0.04uM,24h,kidney epithelial,Sodium channel blocker,CYP3A4,JBDGDEWWOUBZPM-XYPYZODXSA-N,"InChI=1S/C13H18Br2N2O/c14-9-5-8(13(16)12(15)6-9)7-17-10-1-3-11(18)4-2-10/h5-6,10-11,17-18H,1-4,7,16H2/t10-,11-",15754,Nc1c(Br)cc(Br)cc1CN[C@@H]2CC[C@@H](O)CC2,3
Input,BRD-K93958918,0.22850271,InputSig,NA,NA,LINCSCP_298410,VCAP,5uM,24h,prostate,NA,NA,LZCYHHOYYPSMEH-MBOZVWFJSA-N,"InChI=1S/C22H32N2O5S/c1-16-14-24(17(2)15-25)30(27,28)21-7-6-18(8-11-22(26)9-4-5-10-22)12-19(21)29-20(16)13-23-3/h6-7,12,16-17,20,23,25-26H,4-5,9-10,13-15H2,1-3H3/t16-,17-,20-/m1/s1",459,CNC[C@H]1Oc2cc(ccc2S(=O)(=O)N(C[C@H]1C)[C@H](C)CO)C#CC3(O)CCCC3,NA
Input,BRD-K33597548,0.22828111,InputSig,NA,NA,LINCSCP_253921,MCF7,3uM,24h,breast,NA,NA,PUGQOLSXQKZMDA-RPQPUBLWSA-N,"InChI=1S/C32H44N4O6S2/c1-23-19-36(24(2)22-37)32(38)28-18-27(34-44(39,40)31-9-7-17-43-31)10-11-29(28)42-25(3)8-5-6-16-41-30(23)21-35(4)20-26-12-14-33-15-13-26/h7,9-15,17-18,23-25,30,34,37H,5-6,8,16,19-22H2,1-4H3/t23-,24+,25+,30-/m0/s1",12450,C[C@H](CO)N1C[C@H](C)[C@H](CN(C)Cc2ccncc2)OCCCC[C@@H](C)Oc3ccc(NS(=O)(=O)c4cccs4)cc3C1=O,NA
Input,Actarit,0.22808928,InputSig,NA,NA,LINCSCP_5735,A549,10uM,24h,lung,Interleukin receptor agonist,NA,MROJXXOCABQVEF-UHFFFAOYSA-N,"InChI=1S/C10H11NO3/c1-7(12)11-9-4-2-8(3-5-9)6-10(13)14/h2-5H,6H2,1H3,(H,11,12)(H,13,14)",16326,CC(=O)Nc1ccc(CC(=O)O)cc1,NA
Input,BRD-K43874853,0.2280641,InputSig,NA,NA,LINCSCP_8363,A549,5uM,24h,lung,NA,NA,APWUXYFXBMGRIO-CGQTXMLISA-N,"InChI=1S/C31H35N3O6/c1-20-15-34(21(2)17-35)30(36)26-11-7-6-10-25(26)24-9-5-4-8-22(24)18-38-29(20)16-33(3)31(37)32-23-12-13-27-28(14-23)40-19-39-27/h4-14,20-21,29,35H,15-19H2,1-3H3,(H,32,37)/t20-,21+,29+/m1/s1",36981,C[C@@H](CO)N1C[C@@H](C)[C@H](CN(C)C(=O)Nc2ccc3OCOc3c2)OCc4ccccc4c5ccccc5C1=O,NA
Input,CHEMBL1705313,0.22764006,InputSig,NA,NA,LINCSCP_26193,HT29,10uM,6h,large intestine,NA,NA,BBGBEKIWIWQGAB-UHFFFAOYSA-N,"InChI=1S/C20H23N3OS2/c1-12(2)23-10-6-7-14-17(11-23)26-19(21-13(3)24)18(14)20-22-15-8-4-5-9-16(15)25-20/h4-5,8-9,12H,6-7,10-11H2,1-3H3,(H,21,24)",17813,CC(C)N1CCCc2c(C1)sc(NC(=O)C)c2c3nc4ccccc4s3,NA
Input,Benzonatate,0.22755151,InputSig,NA,NA,LINCSCP_243576,MCF7,10uM,24h,breast,Local anesthetic,SCN5A,MAFMQEKGGFWBAB-UHFFFAOYSA-N,"InChI=1S/C30H53NO11/c1-3-4-9-31-29-7-5-28(6-8-29)30(32)42-27-26-41-25-24-40-23-22-39-21-20-38-19-18-37-17-16-36-15-14-35-13-12-34-11-10-33-2/h5-8,31H,3-4,9-27H2,1-2H3",36137,CCCCNc1ccc(cc1)C(=O)OCCOCCOCCOCCOCCOCCOCCOCCOCCOC,4
Input,Licoagrochacone A,0.22749056,InputSig,NA,NA,LINCSCP_43529,NPC,10uM,24h,neural progenitor cells,Topoisomerase inhibitor,NA,KAZSKMJFUPEHHW-DHZHZOJOSA-N,"InChI=1S/C21H22O4/c1-5-21(2,3)17-12-15(20(25-4)13-19(17)24)8-11-18(23)14-6-9-16(22)10-7-14/h5-13,22,24H,1H2,2-4H3/b11-8+",17790,COc1cc(O)c(cc1\C=C\C(=O)c2ccc(O)cc2)C(C)(C)C=C,NA
Input,Enzalutamide,0.2274063,InputSig,NA,NA,LINCSCP_44968,PC3,0.1uM,24h,prostate,Androgen receptor antagonist,AR,WXCXUHSOUPDCQV-UHFFFAOYSA-N,"InChI=1S/C21H16F4N4O2S/c1-20(2)18(31)28(12-5-4-11(10-26)15(8-12)21(23,24)25)19(32)29(20)13-6-7-14(16(22)9-13)17(30)27-3/h4-9H,1-3H3,(H,27,30)",16528,CNC(=O)c1ccc(cc1F)N2C(=S)N(C(=O)C2(C)C)c3ccc(C#N)c(c3)C(F)(F)F,4
Input,936890-98-1,0.22732356,InputSig,NA,NA,LINCSCP_113053,HME1,1.11uM,24h,breast,mTOR inhibitor,MTOR,CDNMDRUIGNHEMR-SAPNQHFASA-N,"InChI=1S/C21H22N6O3/c1-30-15-4-2-3-13-9-14(25-16(13)15)17-18-19(22)23-10-24-27(18)20(26-17)11-5-7-12(8-6-11)21(28)29/h2-4,9-12H,5-8,22H2,1H3,(H,23,24)(H,28,29)/b17-14+",24520,COc1cccc2cc([nH]c12)c3nc(C4CCC(CC4)C(=O)O)n5ncnc(N)c35,NA
Input,BRD-A32440707,0.2269665,InputSig,NA,NA,LINCSCP_74905,A375,0.04uM,24h,skin,NA,NA,JBBNFGYRYNBDIH-HEXHOXMLSA-N,"InChI=1S/C25H34O6/c1-14(26)18-6-7-19-17-5-4-15-12-16(27)10-11-24(15,2)23(17)20(13-25(18,19)3)31-22(30)9-8-21(28)29/h12,17-20,23H,4-11,13H2,1-3H3,(H,28,29)/t17?,18-,19?,20-,23?,24+,25-/m1/s1",1376,CC(=O)[C@H]1CCC2C3CCC4=CC(=O)CC[C@]4(C)C3[C@@H](C[C@]12C)OC(=O)CCC(=O)O,NA
Input,R-7128,0.22694925,InputSig,NA,NA,LINCSCP_125962,HT29,10uM,24h,large intestine,NA,NA,MLESJYFEMSJZLZ-MAAOGQSESA-N,"InChI=1S/C18H26FN3O6/c1-9(2)14(23)26-8-11-13(28-15(24)10(3)4)18(5,19)16(27-11)22-7-6-12(20)21-17(22)25/h6-7,9-11,13,16H,8H2,1-5H3,(H2,20,21,25)/t11-,13-,16-,18-/m1/s1",26827,CC(C)C(=O)OC[C@H]1O[C@@H](N2C=CC(=NC2=O)N)[C@](C)(F)[C@@H]1OC(=O)C(C)C,2
Input,AC1OCDAW,0.22676969,InputSig,NA,NA,LINCSCP_19026,HCC515,10uM,6h,lung,Topoisomerase inhibitor,TOP2A,AOJJSUZBOXZQNB-BLSUDJMZSA-N,"InChI=1S/C27H29NO11/c1-10-22(31)13(28)6-17(38-10)39-15-8-27(36,16(30)9-29)7-12-19(15)26(35)21-20(24(12)33)23(32)11-4-3-5-14(37-2)18(11)25(21)34/h3-5,10,13,15,17,22,29,31,33,35-36H,6-9,28H2,1-2H3/t10-,13-,15-,17?,22+,27-/m0/s1",22421,COc1cccc2C(=O)c3c(O)c4C[C@](O)(C[C@H](OC5C[C@H](N)[C@H](O)[C@H](C)O5)c4c(O)c3C(=O)c12)C(=O)CO,NA
Input,Felodipine,0.22659631,InputSig,NA,NA,LINCSCP_191877,A549,10uM,6h,lung,Mineralocorticoid receptor antagonist|Voltage-gated L-type calcium channel blocker,CACNA1C|CACNA1D|CACNA1F|CACNA1S|NR3C2,RZTAMFZIAATZDJ-UHFFFAOYSA-N,"InChI=1S/C18H19Cl2NO4/c1-5-25-18(23)14-10(3)21-9(2)13(17(22)24-4)15(14)11-7-6-8-12(19)16(11)20/h6-8,15,21H,5H2,1-4H3",17707,CCOC(=O)C1=C(C)NC(=C(C1c2cccc(Cl)c2Cl)C(=O)OC)C,4
Input,GSK 525762A,0.2265634,InputSig,NA,NA,LINCSCP_90775,HA1E,0.04uM,24h,kidney epithelial,NA,NA,AAAQFGUYHFJNHI-SFHVURJKSA-N,"InChI=1S/C22H22ClN5O2/c1-4-24-20(29)12-18-22-27-26-13(2)28(22)19-10-9-16(30-3)11-17(19)21(25-18)14-5-7-15(23)8-6-14/h5-11,18H,4,12H2,1-3H3,(H,24,29)/t18-/m0/s1",19908,CCNC(=O)C[C@@H]1N=C(c2ccc(Cl)cc2)c3cc(OC)ccc3n4c(C)nnc14,NA
Input,16Beta-bromoandrosterone,0.22650271,InputSig,NA,NA,LINCSCP_30679,MCF7,10uM,24h,breast,Glucose 6-phosphate dehydrogenase inhibitor,G6PD,CWVMWSZEMZOUPC-RWUIUEHLSA-N,"InChI=1S/C19H29BrO2/c1-18-7-5-12(21)9-11(18)3-4-13-14(18)6-8-19(2)15(13)10-16(20)17(19)22/h11-16,21H,3-10H2,1-2H3/t11-,12+,13+,14-,15-,16-,18-,19-/m0/s1",13534,C[C@]12CC[C@@H](O)C[C@@H]1CC[C@@H]3[C@@H]2CC[C@@]4(C)[C@H]3C[C@H](Br)C4=O,NA
Input,MLS001060800,0.22649661,InputSig,NA,NA,LINCSCP_5062,A549,10uM,6h,lung,NA,NA,KCPLVYSMWBXVEW-UHFFFAOYSA-N,"InChI=1S/C13H20FNO3/c1-8(2)15-7-11(16)9-5-10(14)13(18-4)12(6-9)17-3/h5-6,8,11,15-16H,7H2,1-4H3",8818,COc1cc(cc(F)c1OC)C(O)CNC(C)C,NA
Input,Oxybenzone,0.22626218,InputSig,NA,NA,LINCSCP_94543,HA1E,0.04uM,24h,kidney epithelial,Lipase inhibitor,NA,DXGLGDHPHMLXJC-UHFFFAOYSA-N,"InChI=1S/C14H12O3/c1-17-11-7-8-12(13(15)9-11)14(16)10-5-3-2-4-6-10/h2-9,15H,1H3",22917,COc1ccc(C(=O)c2ccccc2)c(O)c1,4
Input,FGIN1-27,0.22613511,InputSig,NA,NA,LINCSCP_54893,THP1,10uM,6h,haematopoietic and lymphoid tissue,Inositol monophosphatase inhibitor,TSPO,VUWXAQFLTSBUDB-UHFFFAOYSA-N,"InChI=1S/C28H37FN2O/c1-3-5-7-11-19-31(20-12-8-6-4-2)27(32)21-25-24-13-9-10-14-26(24)30-28(25)22-15-17-23(29)18-16-22/h9-10,13-18,30H,3-8,11-12,19-21H2,1-2H3",35512,CCCCCCN(CCCCCC)C(=O)Cc1c([nH]c2ccccc12)c3ccc(F)cc3,NA
Input,MLS003650114,0.22606982,InputSig,NA,NA,LINCSCP_312152,VCAP,10uM,6h,prostate,NA,NA,VYCGBAYEGCCJIH-SGKWCMOWSA-N,"InChI=1S/C25H29ClF2N2O4/c26-18-3-1-16(2-4-18)11-29-25(32)10-21-6-8-23-24(34-21)15-33-14-20(31)13-30(23)12-17-9-19(27)5-7-22(17)28/h1-5,7,9,20-21,23-24,31H,6,8,10-15H2,(H,29,32)/t20-,21+,23-,24+/m0/s1",37453,O[C@@H]1COC[C@H]2O[C@@H](CC(=O)NCc3ccc(Cl)cc3)CC[C@@H]2N(Cc4cc(F)ccc4F)C1,NA
Input,Macitentan,0.22601291,InputSig,NA,NA,LINCSCP_78124,A375,10uM,24h,skin,"Endothelin receptor, ET-A/ET-B antagonist",EDNRA|EDNRB,JGCMEBMXRHSZKX-UHFFFAOYSA-N,"InChI=1S/C19H20Br2N6O4S/c1-2-7-26-32(28,29)27-17-16(13-3-5-14(20)6-4-13)18(25-12-24-17)30-8-9-31-19-22-10-15(21)11-23-19/h3-6,10-12,26H,2,7-9H2,1H3,(H,24,25,27)",26620,CCCNS(=O)(=O)Nc1ncnc(OCCOc2ncc(Br)cn2)c1c3ccc(Br)cc3,4
Input,Cholic acid,0.22599482,InputSig,NA,NA,LINCSCP_6617,A549,10uM,6h,lung,Bile acid,CES1|FECH|PLA2G1B,BHQCQFFYRZLCQQ-OELDTZBJSA-N,"InChI=1S/C24H40O5/c1-13(4-7-21(28)29)16-5-6-17-22-18(12-20(27)24(16,17)3)23(2)9-8-15(25)10-14(23)11-19(22)26/h13-20,22,25-27H,4-12H2,1-3H3,(H,28,29)/t13-,14+,15-,16-,17+,18+,19-,20+,22+,23+,24-/m1/s1",36459,C[C@H](CCC(=O)O)[C@H]1CC[C@H]2[C@@H]3[C@H](O)C[C@@H]4C[C@H](O)CC[C@]4(C)[C@H]3C[C@H](O)[C@]12C,4
Input,Altretamine,0.2258058,InputSig,NA,NA,LINCSCP_227987,HT29,10uM,6h,large intestine,DNA synthesis inhibitor,NA,UUVWYPNAQBNQJQ-UHFFFAOYSA-N,InChI=1S/C9H18N6/c1-13(2)7-10-8(14(3)4)12-9(11-7)15(5)6/h1-6H3,11481,CN(C)c1nc(nc(n1)N(C)C)N(C)C,4
Input,BRD-K24656059,0.2256938,InputSig,NA,NA,LINCSCP_41043,NEU,10uM,24h,NA,NA,NA,JZSLTRUJUOZFGD-GVAUOCQISA-N,"InChI=1S/C27H29N3O4/c31-18-25-24(30-26(32)15-19-5-4-14-28-17-19)13-12-23(34-25)16-27(33)29-22-10-8-21(9-11-22)20-6-2-1-3-7-20/h1-11,14,17,23-25,31H,12-13,15-16,18H2,(H,29,33)(H,30,32)/t23-,24+,25-/m0/s1",24111,OC[C@@H]1O[C@H](CC(=O)Nc2ccc(cc2)c3ccccc3)CC[C@H]1NC(=O)Cc4cccnc4,NA
Input,GSK-923295,0.22566066,InputSig,NA,NA,LINCSCP_120641,HT29,10uM,24h,large intestine,NA,NA,WHMXDBPHBVLYRC-OFVILXPXSA-N,"InChI=1S/C32H38ClN5O4/c1-20(2)42-29-13-12-24(16-27(29)33)32(41)35-25(17-34-30(40)19-37(4)5)15-22-8-10-23(11-9-22)28-18-38-14-6-7-26(21(3)39)31(38)36-28/h6-14,16,18,20-21,25,39H,15,17,19H2,1-5H3,(H,34,40)(H,35,41)/t21-,25-/m0/s1",26892,CC(C)Oc1ccc(cc1Cl)C(=O)N[C@H](CNC(=O)CN(C)C)Cc2ccc(cc2)c3cn4cccc([C@H](C)O)c4n3,NA
Input,CHEMBL1269202,0.22562977,InputSig,NA,NA,LINCSCP_45888,PC3,10uM,24h,prostate,BCL inhibitor,BCL2,UJVSRUOVYSHYAG-UHFFFAOYSA-N,"InChI=1S/C12H9Cl3N2O2/c1-16(2)10-9(15)11(18)17(12(10)19)6-3-4-7(13)8(14)5-6/h3-5H,1-2H3",33543,CN(C)C1=C(Cl)C(=O)N(C1=O)c2ccc(Cl)c(Cl)c2,NA
Input,tioconazole,0.225535,InputSig,NA,NA,LINCSCP_108543,HELA,0.12uM,24h,large intestine,NA,NA,NA,NA,NA,NA,NA
Input,MLS002264463,0.22536221,InputSig,NA,NA,LINCSCP_57580,VCAP,10uM,24h,prostate,NA,NA,DBCSPALPUCNROA-UHFFFAOYSA-N,"InChI=1S/C12H8N6S3/c1-18-12(15-16-17-18)21-11-9-8(7-2-3-19-4-7)5-20-10(9)13-6-14-11/h2-6H,1H3",25107,Cn1nnnc1Sc2ncnc3scc(c4ccsc4)c23,NA
Input,AS-605240,0.22535862,InputSig,NA,NA,LINCSCP_133214,MCF7,0.37uM,3h,breast,PI3K inhibitor,PIK3CG,SQWZFLMPDUSYGV-UXBLZVDNSA-N,"InChI=1S/C12H7N3O2S/c16-11-10(18-12(17)15-11)6-7-1-2-8-9(5-7)14-4-3-13-8/h1-6H,(H,15,16,17)/b10-6+",22116,O=C1NC(=O)\C(=C/c2ccc3nccnc3c2)\S1,NA
Input,Sulindac,0.22533827,InputSig,NA,NA,LINCSCP_13280,FIBRNPC,10uM,6h,NA,Cyclooxygenase inhibitor,AKR1B1|PTGS1|PTGS2,MLKXDPUZXIRXEP-MFOYZWKCSA-N,"InChI=1S/C20H17FO3S/c1-12-17(9-13-3-6-15(7-4-13)25(2)24)16-8-5-14(21)10-19(16)18(12)11-20(22)23/h3-10H,11H2,1-2H3,(H,22,23)/b17-9-",9465,CC1=C(CC(=O)O)c2cc(F)ccc2/C/1=C\c3ccc(cc3)S(=O)C,4
Input,Diacerein,0.22521673,InputSig,NA,NA,LINCSCP_109152,HELA,0.37uM,24h,large intestine,Interleukin inhibitor,IL1B,TYNLGDBUJLVSMA-UHFFFAOYSA-N,"InChI=1S/C19H12O8/c1-8(20)26-13-5-3-4-11-15(13)18(23)16-12(17(11)22)6-10(19(24)25)7-14(16)27-9(2)21/h3-7H,1-2H3,(H,24,25)",36529,CC(=O)Oc1cccc2C(=O)c3cc(cc(OC(=O)C)c3C(=O)c12)C(=O)O,4
Input,Sasapyrine,0.22503813,InputSig,NA,NA,LINCSCP_78109,A375,0.37uM,24h,skin,NA,NA,WVYADZUPLLSGPU-UHFFFAOYSA-N,"InChI=1S/C14H10O5/c15-11-7-3-1-5-9(11)14(18)19-12-8-4-2-6-10(12)13(16)17/h1-8,15H,(H,16,17)",26717,OC(=O)c1ccccc1OC(=O)c2ccccc2O,4
Input,OSI-027,0.22503082,InputSig,NA,NA,LINCSCP_51498,SKBR3,0.5uM,24h,breast,MTOR inhibitor,MTOR,JROFGZPOBKIAEW-TXEJJXNPSA-N,"InChI=1S/C21H22N6O3/c1-30-15-4-2-3-13-9-14(25-16(13)15)17-18-19(22)23-10-24-27(18)20(26-17)11-5-7-12(8-6-11)21(28)29/h2-4,9-12,25H,5-8H2,1H3,(H,28,29)(H2,22,23,24)/t11-,12+",266,COc1cccc2cc([nH]c12)c3nc([C@@H]4CC[C@@H](CC4)C(=O)O)n5ncnc(N)c35,NA
Input,OSI-027,0.22503082,InputSig,NA,NA,LINCSCP_51498,SKBR3,0.5uM,24h,breast,MTOR inhibitor,MTOR,JROFGZPOBKIAEW-HAQNSBGRSA-N,"InChI=1S/C21H22N6O3/c1-30-15-4-2-3-13-9-14(25-16(13)15)17-18-19(22)23-10-24-27(18)20(26-17)11-5-7-12(8-6-11)21(28)29/h2-4,9-12,25H,5-8H2,1H3,(H,28,29)(H2,22,23,24)/t11-,12-",19898,COc1cccc2cc([nH]c12)c3nc([C@@H]4CC[C@H](CC4)C(=O)O)n5ncnc(N)c35,2
Input,Vicriviroc,0.22501798,InputSig,NA,NA,LINCSCP_159737,PC3,0.37uM,24h,prostate,C-C chemokine receptor type 5 antagonist,CCR5,CNPVJJQCETWNEU-CYFREDJKSA-N,"InChI=1S/C28H38F3N5O2/c1-19-16-35(14-15-36(19)24(17-38-5)22-6-8-23(9-7-22)28(29,30)31)27(4)10-12-34(13-11-27)26(37)25-20(2)32-18-33-21(25)3/h6-9,18-19,24H,10-17H2,1-5H3/t19-,24-/m0/s1",15076,COC[C@H](N1CCN(C[C@@H]1C)C2(C)CCN(CC2)C(=O)c3c(C)ncnc3C)c4ccc(cc4)C(F)(F)F,3
Input,AZD-6482,0.22495747,InputSig,NA,NA,LINCSCP_16672,HA1E,10uM,6h,kidney epithelial,PI3K inhibitor,PIK3CA|PIK3CB|PIK3CD|PIK3CG|PIK3R1|PIK3R2|PIK3R3|PIK3R5,IRTDIKMSKMREGO-OAHLLOKOSA-N,"InChI=1S/C22H24N4O4/c1-14-11-17(15(2)23-18-6-4-3-5-16(18)22(28)29)21-24-19(12-20(27)26(21)13-14)25-7-9-30-10-8-25/h3-6,11-13,15,23H,7-10H2,1-2H3,(H,28,29)/t15-/m1/s1",37782,C[C@@H](Nc1ccccc1C(=O)O)C2=CC(=CN3C(=O)C=C(N=C23)N4CCOCC4)C,1
Input,BRD-K19914944,0.22474528,InputSig,NA,NA,LINCSCP_23365,HEPG2,10uM,24h,liver,NA,NA,DBVJKEGLTFFIFT-PCCBWWKXSA-N,"InChI=1S/C22H25N3OS/c1-2-18-13-24-22(27-18)25-19(12-23)21(20(25)14-26)17-10-8-16(9-11-17)15-6-4-3-5-7-15/h6,8-11,13,19-21,26H,2-5,7,14H2,1H3/t19-,20-,21+/m0/s1",23501,CCc1cnc(s1)N2[C@@H](CO)[C@@H]([C@@H]2C#N)c3ccc(cc3)C4=CCCCC4,NA
Input,BRD-K52225919,0.22457141,InputSig,NA,NA,LINCSCP_43019,NPC,10uM,24h,neural progenitor cells,NA,NA,DIIJYNJFSHJSFY-OQUNMALSSA-N,"InChI=1S/C29H35N3O5/c1-31-19-26-25(35-3)13-12-23(37-26)14-15-36-28-21(17-30)10-7-11-24(28)29(34)32(2)18-22(16-27(31)33)20-8-5-4-6-9-20/h4-11,22-23,25-26H,12-16,18-19H2,1-3H3/t22-,23-,25-,26-/m1/s1",39284,CO[C@@H]1CC[C@@H]2CCOc3c(cccc3C(=O)N(C)C[C@@H](CC(=O)N(C)C[C@H]1O2)c4ccccc4)C#N,NA
Input,Triclosan,0.2244852,InputSig,NA,NA,LINCSCP_94328,HA1E,0.12uM,24h,kidney epithelial,Enoyl-[acyl-carrier-protein] reductase [NADH] inhibitor,DNMT1,XEFQLINVKFYRCS-UHFFFAOYSA-N,"InChI=1S/C12H7Cl3O2/c13-7-1-3-11(9(15)5-7)17-12-4-2-8(14)6-10(12)16/h1-6,16H",22915,Oc1cc(Cl)ccc1Oc2ccc(Cl)cc2Cl,4
Input,MLS003128866,0.22442776,InputSig,NA,NA,LINCSCP_34856,MCF7,5uM,24h,breast,NA,NA,OPCOPDBCCFUTHV-YDXRHMNESA-N,"InChI=1S/C31H47N3O4/c1-23-19-34(24(2)22-35)31(36)28-18-27(32(4)5)15-16-29(28)38-25(3)12-10-11-17-37-30(23)21-33(6)20-26-13-8-7-9-14-26/h7-9,13-16,18,23-25,30,35H,10-12,17,19-22H2,1-6H3/t23-,24+,25-,30+/m0/s1",37663,C[C@H](CO)N1C[C@H](C)[C@@H](CN(C)Cc2ccccc2)OCCCC[C@H](C)Oc3ccc(cc3C1=O)N(C)C,NA
Input,WZ 4002,0.22441728,InputSig,NA,NA,LINCSCP_86769,CD34,3.33uM,24h,bone marrow,EGFR inhibitor,EGFR|ERBB2,ITTRLTNMFYIYPA-UHFFFAOYSA-N,"InChI=1S/C25H27ClN6O3/c1-4-23(33)28-17-6-5-7-19(14-17)35-24-20(26)16-27-25(30-24)29-21-9-8-18(15-22(21)34-3)32-12-10-31(2)11-13-32/h4-9,14-16H,1,10-13H2,2-3H3,(H,28,33)(H,27,29,30)",35277,COc1cc(ccc1Nc2ncc(Cl)c(Oc3cccc(NC(=O)C=C)c3)n2)N4CCN(C)CC4,NA
Input,PENICILLIN V POTASSIUM,0.22436877,InputSig,NA,NA,LINCSCP_93959,HA1E,0.04uM,24h,kidney epithelial,Bacterial penicillin-binding protein inhibitor,NA,BPLBGHOLXOTWMN-MBNYWOFBSA-N,"InChI=1S/C16H18N2O5S/c1-16(2)12(15(21)22)18-13(20)11(14(18)24-16)17-10(19)8-23-9-6-4-3-5-7-9/h3-7,11-12,14H,8H2,1-2H3,(H,17,19)(H,21,22)/t11-,12+,14-/m1/s1",26857,CC1(C)S[C@@H]2[C@H](NC(=O)COc3ccccc3)C(=O)N2[C@H]1C(=O)O,4
Input,BRD-K63828515,0.22429959,InputSig,NA,NA,LINCSCP_35229,MCF7,10uM,24h,breast,NA,NA,TYGOPRMPKRHVEQ-UITIVDIESA-N,"InChI=1S/C32H47N5O6/c1-21(2)34-32(41)35-26-10-11-28-27(17-26)31(40)37(23(4)20-38)18-22(3)29(42-16-8-7-9-24(5)43-28)19-36(6)30(39)25-12-14-33-15-13-25/h10-15,17,21-24,29,38H,7-9,16,18-20H2,1-6H3,(H2,34,35,41)/t22-,23-,24-,29-/m0/s1",5073,CC(C)NC(=O)Nc1ccc2O[C@@H](C)CCCCO[C@@H](CN(C)C(=O)c3ccncc3)[C@@H](C)CN([C@@H](C)CO)C(=O)c2c1,NA
Input,PDK1 Inhibitor,0.22422579,InputSig,NA,NA,LINCSCP_36602,MCF7,0.1uM,6h,breast,Phosphoinositide dependent kinase inhibitor,PDPK1,GCWCGSPBENFEPE-VWLOTQADSA-N,"InChI=1S/C28H22F2N4O4/c29-21-10-8-17(13-22(21)30)15-34-12-4-7-20(27(34)36)26(35)31-25(18-5-2-1-3-6-18)16-38-19-9-11-23-24(14-19)33-28(37)32-23/h1-14,25H,15-16H2,(H,31,35)(H2,32,33,37)/t25-/m0/s1",35276,Fc1ccc(CN2C=CC=C(C(=O)N[C@@H](COc3ccc4NC(=O)Nc4c3)c5ccccc5)C2=O)cc1F,NA
Input,Febuxostat,0.22416761,InputSig,NA,NA,LINCSCP_107783,HELA,0.04uM,24h,large intestine,Xanthine oxidase inhibitor,XDH,BQSJTQLCZDPROO-UHFFFAOYSA-N,"InChI=1S/C16H16N2O3S/c1-9(2)8-21-13-5-4-11(6-12(13)7-17)15-18-10(3)14(22-15)16(19)20/h4-6,9H,8H2,1-3H3,(H,19,20)",38458,CC(C)COc1ccc(cc1C#N)c2nc(C)c(s2)C(=O)O,4
Input,SB525334,0.22399687,InputSig,NA,NA,LINCSCP_12136,BT20,1uM,24h,breast,TGF beta receptor inhibitor,TGFBR1,DKPQHFZUICCZHF-UHFFFAOYSA-N,"InChI=1S/C21H21N5/c1-13-6-5-7-16(24-13)19-18(25-20(26-19)21(2,3)4)14-8-9-15-17(12-14)23-11-10-22-15/h5-12H,1-4H3,(H,25,26)",35285,Cc1cccc(n1)c2[nH]c(nc2c3ccc4nccnc4c3)C(C)(C)C,NA
Input,Tosedostat,0.22391855,InputSig,NA,NA,LINCSCP_143210,MCF7,0.37uM,24h,breast,Peptidase inhibitor,ANPEP|C9orf3|DNPEP|ENPEP|ERAP1|ERAP2|LAP3|LNPEP|LVRN|METAP1|METAP1D|METAP2|NPEPL1|NPEPPS|RNPEP|RNPEPL1|XPNPEP1|XPNPEP2|XPNPEP3,FWFGIHPGRQZWIW-SQNIBIBYSA-N,"InChI=1S/C21H30N2O6/c1-13(2)12-16(18(24)20(26)23-28)19(25)22-17(14-8-4-3-5-9-14)21(27)29-15-10-6-7-11-15/h3-5,8-9,13,15-18,24,28H,6-7,10-12H2,1-2H3,(H,22,25)(H,23,26)/t16-,17+,18+/m1/s1",16537,CC(C)C[C@H]([C@H](O)C(=O)NO)C(=O)N[C@H](C(=O)OC1CCCC1)c2ccccc2,2
Input,MLS003129427,0.22386858,InputSig,NA,NA,LINCSCP_65545,VCAP,10uM,6h,prostate,NA,NA,FYUBIBUWDYYNKH-XYJFISCASA-N,"InChI=1S/C20H35N5O5/c1-14(2)30-20(28)23(5)11-18-15(3)9-25(16(4)12-26)19(27)7-6-8-24-10-17(13-29-18)21-22-24/h10,14-16,18,26H,6-9,11-13H2,1-5H3/t15-,16-,18+/m0/s1",9365,CC(C)OC(=O)N(C)C[C@H]1OCc2cn(CCCC(=O)N(C[C@@H]1C)[C@@H](C)CO)nn2,NA
Input,MBX-2982,0.2236056,InputSig,NA,NA,LINCSCP_169430,YAPC,1.11uM,24h,pancreas,NA,NA,NFTMKHWBOINJGM-UHFFFAOYSA-N,"InChI=1S/C22H24N8OS/c1-2-16-11-23-22(24-12-16)29-9-7-17(8-10-29)21-26-18(14-32-21)13-31-20-5-3-19(4-6-20)30-15-25-27-28-30/h3-6,11-12,14-15,17H,2,7-10,13H2,1H3",26594,CCc1cnc(nc1)N2CCC(CC2)c3nc(COc4ccc(cc4)n5cnnn5)cs3,NA
Input,Pidotimod,0.22350978,InputSig,NA,NA,LINCSCP_120153,HT29,0.37uM,24h,large intestine,Interferon receptor agonist|Interleukin receptor agonist,NA,UUTKICFRNVKFRG-WDSKDSINSA-N,"InChI=1S/C9H12N2O4S/c12-7-2-1-5(10-7)8(13)11-4-16-3-6(11)9(14)15/h5-6H,1-4H2,(H,10,12)(H,14,15)/t5-,6-/m0/s1",38767,OC(=O)[C@@H]1CSCN1C(=O)[C@@H]2CCC(=O)N2,NA
Input,Erastin,0.22348341,InputSig,NA,NA,LINCSCP_4430,A549,5uM,24h,lung,Ion channel antagonist,VDAC2,BKQFRNYHFIQEKN-UHFFFAOYSA-N,"InChI=1S/C30H31ClN4O4/c1-3-38-27-11-7-6-10-26(27)35-29(32-25-9-5-4-8-24(25)30(35)37)21(2)33-16-18-34(19-17-33)28(36)20-39-23-14-12-22(31)13-15-23/h4-15,21H,3,16-20H2,1-2H3",36319,CCOc1ccccc1N2C(=O)c3ccccc3N=C2C(C)N4CCN(CC4)C(=O)COc5ccc(Cl)cc5,NA
Input,BRD-K47571551,0.22341504,InputSig,NA,NA,LINCSCP_60685,VCAP,5uM,6h,prostate,NA,NA,APDMZOWNVCUUKT-DBXWQHBBSA-N,"InChI=1S/C23H40N6O4/c1-17-12-29(18(2)15-30)22(31)10-7-11-28-13-20(25-26-28)16-33-21(17)14-27(3)23(32)24-19-8-5-4-6-9-19/h13,17-19,21,30H,4-12,14-16H2,1-3H3,(H,24,32)/t17-,18-,21-/m1/s1",1924,C[C@H](CO)N1C[C@@H](C)[C@@H](CN(C)C(=O)NC2CCCCC2)OCc3cn(CCCC1=O)nn3,NA
Input,SPECTRUM_000211,0.22299948,InputSig,NA,NA,LINCSCP_266207,PC3,10uM,24h,prostate,Adrenergic receptor antagonist,ADRA2A|ADRA2B|ADRA2C|HTR1A|HTR1B|HTR1D|HTR2B,BLGXFZZNTVWLAY-AMZRAFDVSA-N,"InChI=1S/C21H26N2O3/c1-26-21(25)19-15-10-17-20-14(13-4-2-3-5-16(13)22-20)8-9-23(17)11-12(15)6-7-18(19)24/h2-5,12,15,17-19,22,24H,6-11H2,1H3/t12-,15-,17-,18-,19?/m0/s1",22480,COC(=O)C1[C@@H](O)CC[C@H]2CN3CCc4c([nH]c5ccccc45)[C@@H]3C[C@H]12,NA
Input,Proglumide,0.22294348,InputSig,NA,NA,LINCSCP_140997,MCF7,0.12uM,24h,breast,CCK receptor antagonist,CCKAR|CCKBR,DGMKFQYCZXERLX-UHFFFAOYSA-N,"InChI=1S/C18H26N2O4/c1-3-12-20(13-4-2)18(24)15(10-11-16(21)22)19-17(23)14-8-6-5-7-9-14/h5-9,15H,3-4,10-13H2,1-2H3,(H,19,23)(H,21,22)",9491,CCCN(CCC)C(=O)C(CCC(=O)O)NC(=O)c1ccccc1,4
Input,KUC103424N,0.22293326,InputSig,NA,NA,LINCSCP_238280,MCF7,10uM,24h,breast,NA,NA,SEFPMDWDYXOHAS-UHFFFAOYSA-N,"InChI=1S/C22H21N3O2S/c1-16-6-5-9-18(14-16)22-15-21(17-7-3-2-4-8-17)24-25(22)19-10-12-20(13-11-19)28(23,26)27/h2-14,22H,15H2,1H3,(H2,23,26,27)",35440,Cc1cccc(c1)C2CC(=NN2c3ccc(cc3)S(=O)(=O)N)c4ccccc4,NA
Input,BRD-K33832590,0.22281785,InputSig,NA,NA,LINCSCP_298946,VCAP,5uM,6h,prostate,NA,NA,BWTMYHAPSQQINJ-GLDPYIMESA-N,"InChI=1S/C26H36N6O4/c1-18-13-32(19(2)16-33)25(34)6-5-10-31-14-22(27-28-31)17-36-24(18)15-30(4)26(35)21-8-7-20-9-11-29(3)23(20)12-21/h7-9,11-12,14,18-19,24,33H,5-6,10,13,15-17H2,1-4H3/t18-,19+,24-/m0/s1",623,C[C@H](CO)N1C[C@H](C)[C@H](CN(C)C(=O)c2ccc3ccn(C)c3c2)OCc4cn(CCCC1=O)nn4,NA
Input,MLS002473639,0.22281541,InputSig,NA,NA,LINCSCP_31157,MCF7,10uM,24h,breast,NA,NA,HRONYAMGJANALM-UHFFFAOYSA-N,"InChI=1S/C19H21N3OS/c1-23-16-4-2-14(3-5-16)12-15-6-9-22(10-7-15)18-17-8-11-24-19(17)21-13-20-18/h2-5,8,11,13,15H,6-7,9-10,12H2,1H3",826,COc1ccc(CC2CCN(CC2)c3ncnc4sccc34)cc1,NA
Input,BG-STK33-59,0.22272778,InputSig,NA,NA,LINCSCP_261305,NOMO1,0.01uM,6h,haematopoietic and lymphoid tissue,Serine/threonine kinase inhibitor,NA,HWOYIOLMBQSTQS-UHFFFAOYSA-N,"InChI=1S/C22H19N3O2S/c1-13(2)14-9-10-16(24-21(26)19-8-5-11-28-19)15(12-14)20-22(27)25-18-7-4-3-6-17(18)23-20/h3-13H,1-2H3,(H,24,26)(H,25,27)",10343,CC(C)c1ccc(NC(=O)c2cccs2)c(c1)C3=Nc4ccccc4NC3=O,NA
Input,MLS002264468,0.22259851,InputSig,NA,NA,LINCSCP_57563,VCAP,10uM,24h,prostate,NA,NA,IIEFAIOSYLQBJX-UHFFFAOYSA-N,"InChI=1S/C15H12N6O2S3/c1-21-15(18-19-20-21)25-14-12-11(7-24-13(12)16-8-17-14)9-4-3-5-10(6-9)26(2,22)23/h3-8H,1-2H3",23873,Cn1nnnc1Sc2ncnc3scc(c4cccc(c4)S(=O)(=O)C)c23,NA
Input,282089-49-0,0.22253341,InputSig,NA,NA,LINCSCP_172523,YAPC,0.12uM,24h,pancreas,Cannabinoid receptor inverse agonist,CNR2,GRAJFFFXJYFVOC-UHFFFAOYSA-N,"InChI=1S/C24H26N2O6/c1-3-4-5-10-30-22-19(29-2)9-7-16-12-17(24(28)26-21(16)22)23(27)25-13-15-6-8-18-20(11-15)32-14-31-18/h6-9,11-12H,3-5,10,13-14H2,1-2H3,(H,25,27)(H,26,28)",38524,CCCCCOc1c(OC)ccc2C=C(C(=O)NCc3ccc4OCOc4c3)C(=O)Nc12,NA
Input,Rolipram,0.22232595,InputSig,NA,NA,LINCSCP_54413,SW948,10uM,6h,large intestine,Phosphodiesterase inhibitor,PDE4A|PDE4B|PDE4C|PDE4D,HJORMJIFDVBMOB-UHFFFAOYSA-N,"InChI=1S/C16H21NO3/c1-19-14-7-6-11(12-9-16(18)17-10-12)8-15(14)20-13-4-2-3-5-13/h6-8,12-13H,2-5,9-10H2,1H3,(H,17,18)",15221,COc1ccc(cc1OC2CCCC2)C3CNC(=O)C3,2
Input,BRD-K16481946,0.22231887,InputSig,NA,NA,LINCSCP_231678,HT29,5uM,24h,large intestine,NA,NA,DPDWIGHHXKQASU-NRFANRHFSA-N,"InChI=1S/C26H31N5O4/c1-3-8-28-25(34)31-16-26(14-30(15-26)22(33)10-17-5-4-9-27-12-17)23-19-7-6-18(35-2)11-20(19)29-24(23)21(31)13-32/h4-7,9,11-12,21,29,32H,3,8,10,13-16H2,1-2H3,(H,28,34)/t21-/m0/s1",12002,CCCNC(=O)N1CC2(CN(C2)C(=O)Cc3cccnc3)c4c([nH]c5cc(OC)ccc45)[C@@H]1CO,NA
Input,MLS003587251,0.22206641,InputSig,NA,NA,LINCSCP_27221,HT29,10uM,6h,large intestine,NA,NA,OHHJNGLKVUGETM-VMPITWQZSA-N,"InChI=1S/C15H18N2OS/c1-11(2)13-6-3-12(4-7-13)5-8-14(18)17-15-16-9-10-19-15/h3-8,11H,9-10H2,1-2H3,(H,16,17,18)/b8-5+",17701,CC(C)c1ccc(\C=C\C(=O)NC2=NCCS2)cc1,NA
Input,BML-259,0.22193179,InputSig,NA,NA,LINCSCP_51201,RMUGS,80uM,6h,ovary,CDK inhibitor,CDK2|CDK5,IGRZXNLKVUEFDM-UHFFFAOYSA-N,"InChI=1S/C14H16N2OS/c1-10(2)12-9-15-14(18-12)16-13(17)8-11-6-4-3-5-7-11/h3-7,9-10H,8H2,1-2H3,(H,15,16,17)",24747,CC(C)c1cnc(NC(=O)Cc2ccccc2)s1,NA
Input,Fluphenazine,0.2218883,InputSig,NA,NA,LINCSCP_140134,MCF7,0.04uM,24h,breast,Dopamine D2 receptor antagonist,DRD1|DRD2,PLDUPXSUYLZYBN-UHFFFAOYSA-N,"InChI=1S/C22H26F3N3OS/c23-22(24,25)17-6-7-21-19(16-17)28(18-4-1-2-5-20(18)30-21)9-3-8-26-10-12-27(13-11-26)14-15-29/h1-2,4-7,16,29H,3,8-15H2",35854,OCCN1CCN(CCCN2c3ccccc3Sc4ccc(cc24)C(F)(F)F)CC1,4
Input,CHEMBL1242477,0.22188013,InputSig,NA,NA,LINCSCP_12781,DV90,20uM,6h,lung,PI3K inhibitor,PIK3CA|PIK3CB|PIK3CD|PIK3CG,ULPBTMCLMXCXEB-UHFFFAOYSA-N,"InChI=1S/C15H15N7/c1-8(2)22-15-12(14(16)17-7-18-15)13(21-22)9-3-4-10-6-19-20-11(10)5-9/h3-8H,1-2H3,(H,19,20)(H2,16,17,18)",1711,CC(C)n1nc(c2ccc3cn[nH]c3c2)c4c(N)ncnc14,NA
Input,SCHEMBL17857056,0.22176325,InputSig,NA,NA,LINCSCP_11948,BT20,0.5uM,6h,breast,EGFR inhibitor,NA,SFLKJNSBBVSPFE-UHFFFAOYSA-N,"InChI=1S/C34H36Cl2N8O4/c1-5-30(45)40-24-8-6-22(7-9-24)20-44(34(46)41-33-31(35)26(47-3)18-27(48-4)32(33)36)29-19-28(37-21-38-29)39-23-10-12-25(13-11-23)43-16-14-42(2)15-17-43/h5-13,18-19,21H,1,14-17,20H2,2-4H3,(H,40,45)(H,41,46)(H,37,38,39)",7077,COc1cc(OC)c(Cl)c(NC(=O)N(Cc2ccc(NC(=O)C=C)cc2)c3cc(Nc4ccc(cc4)N5CCN(C)CC5)ncn3)c1Cl,NA
Input,DR 2313,0.2216876,InputSig,NA,NA,LINCSCP_36310,MCF7,0.01uM,24h,breast,PARP inhibitor,NA,HRYKZAKEAVZGJD-UHFFFAOYSA-N,"InChI=1S/C8H10N2OS/c1-5-9-7-2-3-12-4-6(7)8(11)10-5/h2-4H2,1H3,(H,9,10,11)",38549,CC1=NC(=O)C2=C(CCSC2)N1,NA
Input,Rosiglitazone,0.2216613,InputSig,NA,NA,LINCSCP_238817,MCF7,10uM,24h,breast,Peroxisome proliferator-activated receptor gamma agonist,PPARG,YASAKCUCGLMORW-UHFFFAOYSA-N,"InChI=1S/C18H19N3O3S/c1-21(16-4-2-3-9-19-16)10-11-24-14-7-5-13(6-8-14)12-15-17(22)20-18(23)25-15/h2-9,15H,10-12H2,1H3,(H,20,22,23)",15349,CN(CCOc1ccc(CC2SC(=O)NC2=O)cc1)c3ccccn3,4
Input,PD-0325901,0.22154318,InputSig,NA,NA,LINCSCP_146639,NEU,1.11uM,24h,NA,MAP kinase inhibitor|MEK inhibitor|Protein kinase inhibitor,MAP2K1|MAP2K2,SUDAHWBOROXANE-SECBINFHSA-N,"InChI=1S/C16H14F3IN2O4/c17-11-3-2-10(16(25)22-26-7-9(24)6-23)15(14(11)19)21-13-4-1-8(20)5-12(13)18/h1-5,9,21,23-24H,6-7H2,(H,22,25)/t9-/m1/s1",35278,OC[C@@H](O)CONC(=O)c1ccc(F)c(F)c1Nc2ccc(I)cc2F,2
Input,SCHEMBL3655059,0.2213633,InputSig,NA,NA,LINCSCP_6310,A549,10uM,24h,lung,DNA synthesis inhibitor,RRM1,HBUBKKRHXORPQB-VKJDSPIKSA-N,"InChI=1S/C10H12FN5O4/c11-10-14-7(12)4-8(15-10)16(2-13-4)9-6(19)5(18)3(1-17)20-9/h2-3,5-6,9,17-19H,1H2,(H2,12,14,15)/t3-,5?,6?,9-/m1/s1",23204,Nc1nc(F)nc2c1ncn2[C@@H]3O[C@H](CO)C(O)C3O,NA
Input,Fingolimod (FTY720) HCl,0.22130897,InputSig,NA,NA,LINCSCP_155519,PC3,0.37uM,24h,prostate,Sphingosine 1-phosphate receptor agonist,S1PR1|S1PR2|S1PR3|S1PR4|S1PR5,KKGQTZUTZRNORY-UHFFFAOYSA-N,"InChI=1S/C19H33NO2/c1-2-3-4-5-6-7-8-17-9-11-18(12-10-17)13-14-19(20,15-21)16-22/h9-12,21-22H,2-8,13-16,20H2,1H3",26616,CCCCCCCCc1ccc(CCC(N)(CO)CO)cc1,4
Input,SA-102787,0.2211441,InputSig,NA,NA,LINCSCP_253527,MCF7,0.5uM,24h,breast,NA,NA,CQAPGXQILCXECR-QUULSXEQSA-N,"InChI=1S/C34H59N5O6/c1-25-22-39(26(2)24-40)34(43)29-21-28(35-32(41)14-11-18-36(4)5)16-17-30(29)45-27(3)13-9-10-20-44-31(25)23-38(8)33(42)15-12-19-37(6)7/h16-17,21,25-27,31,40H,9-15,18-20,22-24H2,1-8H3,(H,35,41)/t25-,26+,27+,31-/m0/s1",13015,C[C@H](CO)N1C[C@H](C)[C@H](CN(C)C(=O)CCCN(C)C)OCCCC[C@@H](C)Oc2ccc(NC(=O)CCCN(C)C)cc2C1=O,NA
Input,"376348-65-1, Uk-427857, uk427857",0.22066016,InputSig,NA,NA,LINCSCP_138132,MCF7,10uM,24h,breast,CC chemokine receptor antagonist,CCR5,GSNHKUDZZFZSJB-ILVMPNSOSA-N,"InChI=1S/C29H41F2N5O/c1-19(2)27-34-33-20(3)36(27)25-17-23-9-10-24(18-25)35(23)16-13-26(21-7-5-4-6-8-21)32-28(37)22-11-14-29(30,31)15-12-22/h4-8,19,22-26H,9-18H2,1-3H3,(H,32,37)/t23?,24?,25?,26-/m0/s1",16509,CC(C)c1nnc(C)n1C2CC3CCC(C2)N3CC[C@H](NC(=O)C4CCC(F)(F)CC4)c5ccccc5,NA
Input,GSK 1059615,0.22059111,InputSig,NA,NA,LINCSCP_148972,NPC,0.04uM,24h,neural progenitor cells,PI3K inhibitor,PIK3CA|PIK3CB|PIK3CD|PIK3CG,QDITZBLZQQZVEE-UHFFFAOYSA-N,"InChI=1S/C18H11N3O2S/c22-17-16(24-18(23)21-17)10-11-1-2-15-14(9-11)13(5-8-20-15)12-3-6-19-7-4-12/h1-10H,(H,21,22,23)",33564,O=C1NC(=O)C(=Cc2ccc3nccc(c4ccncc4)c3c2)S1,NA
Input,GSK 1059615,0.22059111,InputSig,NA,NA,LINCSCP_148972,NPC,0.04uM,24h,neural progenitor cells,PI3K inhibitor,PIK3CA|PIK3CB|PIK3CD|PIK3CG,QDITZBLZQQZVEE-MHWRWJLKSA-N,"InChI=1S/C18H11N3O2S/c22-17-16(24-18(23)21-17)10-11-1-2-15-14(9-11)13(5-8-20-15)12-3-6-19-7-4-12/h1-10H,(H,21,22,23)/b16-10+",72,O=C1NC(=O)\C(=C/c2ccc3nccc(c4ccncc4)c3c2)\S1,NA
Input,Quinine,0.22055302,InputSig,NA,NA,LINCSCP_865,A375,10uM,24h,skin,Hemozoin biocrystallization inhibitor,KCNN4,LOUPRKONTZGTKE-UHFFFAOYSA-N,"InChI=1S/C20H24N2O2/c1-3-13-12-22-9-7-14(13)10-19(22)20(23)16-6-8-21-18-5-4-15(24-2)11-17(16)18/h3-6,8,11,13-14,19-20,23H,1,7,9-10,12H2,2H3",16249,COc1ccc2nccc(C(O)C3CC4CCN3CC4C=C)c2c1,NA
Input,Quinine,0.22055302,InputSig,NA,NA,LINCSCP_865,A375,10uM,24h,skin,Hemozoin biocrystallization inhibitor,KCNN4,NA,NA,42711,NA,NA
Input,Griseofulvin,0.22035037,InputSig,NA,NA,LINCSCP_121196,HT29,0.37uM,24h,large intestine,Tubulin inhibitor,NA,DDUHZTYCFQRHIY-CQLKUDPESA-N,"InChI=1S/C17H17ClO6/c1-8-5-9(19)6-12(23-4)17(8)16(20)13-10(21-2)7-11(22-3)14(18)15(13)24-17/h6-8H,5H2,1-4H3/t8-,17-/m1/s1",26913,COC1=CC(=O)C[C@@H](C)[C@@]12Oc3c(Cl)c(OC)cc(OC)c3C2=O,NA
Input,Griseofulvin,0.22035037,InputSig,NA,NA,LINCSCP_121196,HT29,0.37uM,24h,large intestine,Tubulin inhibitor,NA,DDUHZTYCFQRHIY-RBHXEPJQSA-N,"InChI=1S/C17H17ClO6/c1-8-5-9(19)6-12(23-4)17(8)16(20)13-10(21-2)7-11(22-3)14(18)15(13)24-17/h6-8H,5H2,1-4H3/t8-,17+/m1/s1",34719,COC1=CC(=O)C[C@@H](C)[C@]12Oc3c(Cl)c(OC)cc(OC)c3C2=O,4
Input,BRD-K28431278,0.21985057,InputSig,NA,NA,LINCSCP_48435,PC3,10uM,24h,prostate,NA,NA,HICHWNNNCJDVID-LQZKXZFMSA-N,"InChI=1S/C32H43ClF3N3O7S/c1-21-18-39(22(2)20-40)31(42)27-17-25(37-47(43,44)26-11-8-24(33)9-12-26)10-13-28(27)46-23(3)7-5-6-16-45-29(21)19-38(4)30(41)14-15-32(34,35)36/h8-13,17,21-23,29,37,40H,5-7,14-16,18-20H2,1-4H3/t21-,22+,23-,29+/m0/s1",32417,C[C@H](CO)N1C[C@H](C)[C@@H](CN(C)C(=O)CCC(F)(F)F)OCCCC[C@H](C)Oc2ccc(NS(=O)(=O)c3ccc(Cl)cc3)cc2C1=O,NA
Input,TH02453-036-P1,0.21982963,InputSig,NA,NA,LINCSCP_10430,A673,10uM,6h,bone,NA,NA,PUQVAXDZGUENDK-BEVDRBHNSA-N,"InChI=1S/C23H31N5O3/c1-14(2)20(27-21(29)15(3)24-4)23(31)28-13-7-11-19(28)22(30)26-18-10-5-9-17-16(18)8-6-12-25-17/h5-6,8-10,12,14-15,19-20,24H,7,11,13H2,1-4H3,(H,26,30)(H,27,29)/t15-,19+,20-/m0/s1",1726,CN[C@@H](C)C(=O)N[C@@H](C(C)C)C(=O)N1CCC[C@@H]1C(=O)Nc2cccc3ncccc23,NA
Input,KX2-391,0.2196738,InputSig,NA,NA,LINCSCP_120920,HT29,0.37uM,24h,large intestine,Tyrosine-protein kinase SRC inhibitor,SRC,HUNGUWOZPQBXGX-UHFFFAOYSA-N,"InChI=1S/C26H29N3O3/c30-26(28-19-21-4-2-1-3-5-21)18-24-9-6-23(20-27-24)22-7-10-25(11-8-22)32-17-14-29-12-15-31-16-13-29/h1-11,20H,12-19H2,(H,28,30)",27090,O=C(Cc1ccc(cn1)c2ccc(OCCN3CCOCC3)cc2)NCc4ccccc4,2
Input,TWS 119,0.21954579,InputSig,NA,NA,LINCSCP_115354,HS578T,0.12uM,3h,breast,Glycogen synthase kinase inhibitor,GSK3B,VPVLEBIVXZSOMQ-UHFFFAOYSA-N,"InChI=1S/C18H14N4O2/c19-12-4-1-3-11(7-12)16-9-15-17(22-16)20-10-21-18(15)24-14-6-2-5-13(23)8-14/h1-10,23H,19H2,(H,20,21,22)",15136,Nc1cccc(c1)c2cc3c(Oc4cccc(O)c4)ncnc3[nH]2,NA
Input,BRD-K27986637,0.21948389,InputSig,NA,NA,LINCSCP_59192,VCAP,10uM,24h,prostate,NA,NA,DSHPDBIZJLDJKA-GLDPYIMESA-N,"InChI=1S/C25H37N5O5/c1-18-12-30(19(2)16-31)25(32)5-4-8-29-14-21(26-27-29)17-35-24(18)15-28(3)13-20-6-7-22-23(11-20)34-10-9-33-22/h6-7,11,14,18-19,24,31H,4-5,8-10,12-13,15-17H2,1-3H3/t18-,19+,24-/m0/s1",22336,C[C@H](CO)N1C[C@H](C)[C@H](CN(C)Cc2ccc3OCCOc3c2)OCc4cn(CCCC1=O)nn4,NA
Input,Simeprevir,0.21933809,InputSig,NA,NA,LINCSCP_174290,YAPC,0.37uM,24h,pancreas,NA,NA,JTZZSQYMACOLNN-SNWGISBASA-N,"InChI=1S/C38H47N5O7S2/c1-21(2)30-20-51-35(40-30)29-18-32(26-13-14-31(49-5)22(3)33(26)39-29)50-24-16-27-28(17-24)36(45)43(4)15-9-7-6-8-10-23-19-38(23,41-34(27)44)37(46)42-52(47,48)25-11-12-25/h8,10,13-14,18,20-21,23-25,27-28H,6-7,9,11-12,15-17,19H2,1-5H3,(H,41,44)(H,42,46)/b10-8-/t23-,24-,27-,28?,38-/m1/s1",26798,COc1ccc2c(O[C@@H]3C[C@@H]4C(C3)C(=O)N(C)CCCC\C=C/[C@@H]5C[C@]5(NC4=O)C(=O)NS(=O)(=O)C6CC6)cc(nc2c1C)c7nc(cs7)C(C)C,NA
Input,MILNACIPRAN HYDROCHLORIDE,0.21917565,InputSig,NA,NA,LINCSCP_121477,HT29,1.11uM,24h,large intestine,Norepinephrine transporter inhibitor|Serotonin transporter inhibitor,SLC6A2|SLC6A4,GJJFMKBJSRMPLA-UHFFFAOYSA-N,"InChI=1S/C15H22N2O/c1-3-17(4-2)14(18)15(10-13(15)11-16)12-8-6-5-7-9-12/h5-9,13H,3-4,10-11,16H2,1-2H3",27070,CCN(CC)C(=O)C1(CC1CN)c2ccccc2,4
Input,BRD-K38841486,0.21908015,InputSig,NA,NA,LINCSCP_279291,PC3,10uM,24h,prostate,NA,NA,KSPMYNSTGYPJSZ-BPYKYCOYSA-N,"InChI=1S/C26H34N2O4S/c1-5-15-27(4)18-25-20(2)17-28(21(3)19-29)33(30,31)26-14-13-23(16-24(26)32-25)12-11-22-9-7-6-8-10-22/h6-10,13-14,16,20-21,25,29H,5,15,17-19H2,1-4H3/t20-,21+,25+/m0/s1",12589,CCCN(C)C[C@H]1Oc2cc(ccc2S(=O)(=O)N(C[C@@H]1C)[C@H](C)CO)C#Cc3ccccc3,NA
Input,MLS003129983,0.2190709,InputSig,NA,NA,LINCSCP_60167,VCAP,5uM,24h,prostate,NA,NA,YXMZKKBYJQSMSA-SIFCLUCFSA-N,"InChI=1S/C23H27BrF3N3O5S/c1-14-11-30(15(2)13-31)36(33,34)21-9-6-17(24)10-19(21)35-20(14)12-29(3)22(32)28-18-7-4-16(5-8-18)23(25,26)27/h4-10,14-15,20,31H,11-13H2,1-3H3,(H,28,32)/t14-,15+,20+/m1/s1",36908,C[C@@H](CO)N1C[C@@H](C)[C@H](CN(C)C(=O)Nc2ccc(cc2)C(F)(F)F)Oc3cc(Br)ccc3S1(=O)=O,NA
Input,Balicatib,0.2190393,InputSig,NA,NA,LINCSCP_72437,A375,1.11uM,24h,skin,NA,NA,LLCRBOWRJOUJAE-UHFFFAOYSA-N,"InChI=1S/C23H33N5O2/c1-2-14-27-15-17-28(18-16-27)20-8-6-19(7-9-20)21(29)26-23(10-4-3-5-11-23)22(30)25-13-12-24/h6-9H,2-5,10-11,13-18H2,1H3,(H,25,30)(H,26,29)",26847,CCCN1CCN(CC1)c2ccc(cc2)C(=O)NC3(CCCCC3)C(=O)NCC#N,2
Input,Fasudil,0.2189975,InputSig,NA,NA,LINCSCP_175168,YAPC,10uM,24h,pancreas,Rho associated kinase inhibitor,ROCK1|ROCK2,NGOGFTYYXHNFQH-UHFFFAOYSA-N,"InChI=1S/C14H17N3O2S/c18-20(19,17-9-2-6-15-8-10-17)14-4-1-3-12-11-16-7-5-13(12)14/h1,3-5,7,11,15H,2,6,8-10H2",15916,O=S(=O)(N1CCCNCC1)c2cccc3cnccc23,3
Input,XL-147,0.2189378,InputSig,NA,NA,LINCSCP_78112,A375,10uM,24h,skin,PI3-kinase class I inhibitor,PIK3CA|PIK3CB|PIK3CD|PIK3CG|PIK3R1|PIK3R2|PIK3R3|PIK3R5,QINPEPAQOBZPOF-UHFFFAOYSA-N,"InChI=1S/C25H25ClN6O4S/c1-25(2,27)24(33)28-15-7-6-8-17(13-15)37(34,35)32-23-22(29-19-9-4-5-10-20(19)30-23)31-21-14-16(36-3)11-12-18(21)26/h4-14H,27H2,1-3H3,(H,28,33)(H,29,31)(H,30,32)",26874,COc1ccc(Cl)c(Nc2nc3ccccc3nc2NS(=O)(=O)c4cccc(NC(=O)C(C)(C)N)c4)c1,2
Input,SCHEMBL570779,0.21883143,InputSig,NA,NA,LINCSCP_36768,MCF7,10uM,24h,breast,PI3K inhibitor,NA,NCUAOBDESQDAII-UHFFFAOYSA-N,"InChI=1S/C21H16N6O2S2/c1-13-9-11-14(12-10-13)31(28,29)27-21-20(22-15-5-2-3-6-16(15)23-21)24-17-7-4-8-18-19(17)26-30-25-18/h2-12H,1H3,(H,22,24)(H,23,27)",22135,Cc1ccc(cc1)S(=O)(=O)Nc2nc3ccccc3nc2Nc4cccc5nsnc45,NA
Input,SCHEMBL12410954,0.21874907,InputSig,NA,NA,LINCSCP_218113,HCC515,1.11uM,24h,lung,Nucleophosmin inhibitor,NA,BYQQNSVZQGCUKN-UHFFFAOYSA-N,"InChI=1S/C21H25NO2/c1-19(2)11-15-14-9-13-7-8-21(5,6)24-17(13)10-16(14)22(23)18(15)20(3,4)12-19/h7-11H,12H2,1-6H3",11552,CC1(C)CC(C)(C)C2=[N+]([O-])c3cc4OC(C)(C)C=Cc4cc3C2=C1,NA
Input,FLUDARABINE PHOSPHATE,0.2186527,InputSig,NA,NA,LINCSCP_126067,HT29,0.37uM,24h,large intestine,DNA polymerase (alpha/delta/epsilon) inhibitor (DNA polymerase|Ribonucleoside-diphosphate reductase RR1 inhibitor,POLA1|POLD1|POLE|RRM1|RRM2|RRM2B,GIUYCYHIANZCFB-FJFJXFQQSA-N,"InChI=1S/C10H13FN5O7P/c11-10-14-7(12)4-8(15-10)16(2-13-4)9-6(18)5(17)3(23-9)1-22-24(19,20)21/h2-3,5-6,9,17-18H,1H2,(H2,12,14,15)(H2,19,20,21)/t3-,5-,6+,9-/m1/s1",27062,Nc1nc(F)nc2c1ncn2[C@@H]3O[C@H](COP(=O)(O)O)[C@@H](O)[C@@H]3O,4
Input,TP14,0.21862685,InputSig,NA,NA,LINCSCP_17525,HA1E,10uM,24h,kidney epithelial,NA,NA,XWOMTTOIGDQNSS-SSDOTTSWSA-N,"InChI=1S/C11H11IN2O/c1-7-6-10(15)13-14-11(7)8-2-4-9(12)5-3-8/h2-5,7H,6H2,1H3,(H,13,15)/t7-/m1/s1",26514,C[C@@H]1CC(=O)NN=C1c2ccc(I)cc2,NA
Input,Clofoctol,0.21806849,InputSig,NA,NA,LINCSCP_93516,HA1E,10uM,24h,kidney epithelial,NA,NA,HQVZOORKDNCGCK-UHFFFAOYSA-N,"InChI=1S/C21H26Cl2O/c1-20(2,3)13-21(4,5)16-7-9-19(24)15(11-16)10-14-6-8-17(22)12-18(14)23/h6-9,11-12,24H,10,13H2,1-5H3",37616,CC(C)(C)CC(C)(C)c1ccc(O)c(Cc2ccc(Cl)cc2Cl)c1,NA
Input,Ginkgolide B,0.21805771,InputSig,NA,NA,LINCSCP_141812,MCF7,0.37uM,24h,breast,NA,NA,SQOJOAFXDQDRGF-IWNUMIARSA-N,"InChI=1S/C20H24O10/c1-6-12(23)28-11-9(21)18-8-5-7(16(2,3)4)17(18)10(22)13(24)29-15(17)30-20(18,14(25)27-8)19(6,11)26/h6-11,15,21-22,26H,5H2,1-4H3/t6-,7+,8-,9+,10+,11+,15+,17+,18?,19-,20+/m1/s1",26704,C[C@@H]1C(=O)O[C@H]2[C@H](O)C34[C@H]5C[C@@H](C(C)(C)C)[C@]36[C@@H](OC(=O)[C@@H]6O)O[C@]4(C(=O)O5)[C@@]12O,NA
Input,Aminosalicylic acid,0.21791363,InputSig,NA,NA,LINCSCP_108334,HELA,0.04uM,24h,large intestine,Cyclooxygenase inhibitor,PTGS1|PTGS2,WUBBRNOQWQTFEX-UHFFFAOYSA-N,"InChI=1S/C7H7NO3/c8-4-1-2-5(7(10)11)6(9)3-4/h1-3,9H,8H2,(H,10,11)",16431,Nc1ccc(C(=O)O)c(O)c1,4
Input,BRD-K95047050,0.21762699,InputSig,NA,NA,LINCSCP_8979,A549,10uM,24h,lung,NA,NA,IWOCERDKTBEBEC-HSZRJFAPSA-N,"InChI=1S/C27H34N4O4/c1-29-22-13-20(35-3)6-7-21(22)25-26(29)23(16-32)31(24(33)17-34-2)18-27(25)8-11-30(12-9-27)15-19-5-4-10-28-14-19/h4-7,10,13-14,23,32H,8-9,11-12,15-18H2,1-3H3/t23-/m1/s1",13997,COCC(=O)N1CC2(CCN(Cc3cccnc3)CC2)c4c([C@H]1CO)n(C)c5cc(OC)ccc45,NA
Input,PCI-32765,0.21757172,InputSig,NA,NA,LINCSCP_148562,NPC,10uM,24h,neural progenitor cells,BTK inhibitor,BTK,XYFPWWZEPKGCCK-UHFFFAOYSA-N,"InChI=1S/C25H24N6O2/c1-2-21(32)30-14-6-7-18(15-30)31-25-22(24(26)27-16-28-25)23(29-31)17-10-12-20(13-11-17)33-19-8-4-3-5-9-19/h2-5,8-13,16,18H,1,6-7,14-15H2,(H2,26,27,28)",17525,Nc1ncnc2c1c(nn2C3CCCN(C3)C(=O)C=C)c4ccc(Oc5ccccc5)cc4,NA
Input,BRD-K84218095,0.21756509,InputSig,NA,NA,LINCSCP_8653,A549,5uM,24h,lung,NA,NA,WSFSIZCPNKDEIH-LTIDMASMSA-N,"InChI=1S/C18H33N3O4/c22-14-11-20-16-5-4-15(25-17(16)13-24-12-14)10-18(23)19-6-9-21-7-2-1-3-8-21/h14-17,20,22H,1-13H2,(H,19,23)/t14-,15+,16+,17-/m1/s1",25028,O[C@@H]1CN[C@H]2CC[C@@H](CC(=O)NCCN3CCCCC3)O[C@@H]2COC1,NA
Input,Zaurategrast,0.21746768,InputSig,NA,NA,LINCSCP_94318,HA1E,0.04uM,24h,kidney epithelial,NA,NA,KYHVWHYLKOHLKA-FQEVSTJZSA-N,"InChI=1S/C26H25BrN4O3/c27-21-22(26(23(21)32)10-2-1-3-11-26)31-20(25(33)34)14-16-4-6-18(7-5-16)30-24-19-15-28-12-8-17(19)9-13-29-24/h4-9,12-13,15,20,31H,1-3,10-11,14H2,(H,29,30)(H,33,34)/t20-/m0/s1",26809,OC(=O)[C@H](Cc1ccc(Nc2nccc3ccncc23)cc1)NC4=C(Br)C(=O)C45CCCCC5,NA
Input,NKP608,0.21740848,InputSig,NA,NA,LINCSCP_175790,YAPC,10uM,24h,pancreas,NA,NA,NXLUTEDAEFXMQR-BJKOFHAPSA-N,"InChI=1S/C31H24ClF6N3O2/c32-22-7-5-18(6-8-22)13-24-17-23(40-28(42)26-9-11-39-27-4-2-1-3-25(26)27)10-12-41(24)29(43)19-14-20(30(33,34)35)16-21(15-19)31(36,37)38/h1-9,11,14-16,23-24H,10,12-13,17H2,(H,40,42)/t23-,24+/m0/s1",26850,FC(F)(F)c1cc(cc(c1)C(F)(F)F)C(=O)N2CC[C@@H](C[C@H]2Cc3ccc(Cl)cc3)NC(=O)c4ccnc5ccccc45,NA
Input,Hemado,0.21735667,InputSig,NA,NA,LINCSCP_7357,A549,10uM,6h,lung,Adenosine receptor agonist,ADORA3,KOCIMZNSNPOGOP-UHFFFAOYSA-N,"InChI=1S/C17H23N5O4/c1-3-4-5-6-7-11-20-15(18-2)12-16(21-11)22(9-19-12)17-14(25)13(24)10(8-23)26-17/h9-10,13-14,17,23-25H,3-5,8H2,1-2H3,(H,18,20,21)",22141,CCCCC#Cc1nc(NC)c2ncn(C3OC(CO)C(O)C3O)c2n1,NA
Input,SUGA1_007824,0.21734267,InputSig,NA,NA,LINCSCP_5962,A549,10uM,24h,lung,NA,NA,MBUSULDPCTYKRU-XMMPIXPASA-N,"InChI=1S/C24H30N2O5/c1-29-15-5-13-25-23(28)24(17-19-7-3-2-4-8-19)18-31-22(26-24)20-9-11-21(12-10-20)30-16-6-14-27/h2-4,7-12,27H,5-6,13-18H2,1H3,(H,25,28)/t24-/m1/s1",10966,COCCCNC(=O)[C@@]1(Cc2ccccc2)COC(=N1)c3ccc(OCCCO)cc3,NA
Input,Nalbuphine,0.21708073,InputSig,NA,NA,LINCSCP_95691,HA1E,3.33uM,24h,kidney epithelial,Opioid receptor agonist|Opioid receptor antagonist,OPRD1|OPRK1|OPRM1,NETZHAKZCGBWSS-CEDHKZHLSA-N,"InChI=1S/C21H27NO4/c23-14-5-4-13-10-16-21(25)7-6-15(24)19-20(21,17(13)18(14)26-19)8-9-22(16)11-12-2-1-3-12/h4-5,12,15-16,19,23-25H,1-3,6-11H2/t15-,16+,19-,20-,21+/m0/s1",15049,O[C@H]1CC[C@@]2(O)[C@H]3Cc4ccc(O)c5O[C@@H]1[C@]2(CCN3CC6CCC6)c45,4
Input,Vitamin B12,0.21697965,InputSig,NA,NA,LINCSCP_99353,HA1E,0.04uM,24h,kidney epithelial,NA,NA,XIMXJQOPHNZJDD-UHFFFAOYSA-N,"InChI=1S/C62H90N13O14P/c1-29-20-39-40(21-30(29)2)75(28-70-39)57-52(84)53(41(27-76)87-57)89-90(85,86)88-31(3)26-69-49(83)18-19-59(8)37(22-46(66)80)56-62(11)61(10,25-48(68)82)36(14-17-45(65)79)51(74-62)33(5)55-60(9,24-47(67)81)34(12-15-43(63)77)38(71-55)23-42-58(6,7)35(13-16-44(64)78)50(72-42)32(4)54(59)73-56/h20-21,23,28,31,34-37,41,52-53,56-57,73,76,84H,12-19,22,24-27H2,1-11H3,(H2,63,77)(H2,64,78)(H2,65,79)(H2,66,80)(H2,67,81)(H2,68,82)(H,69,83)(H,85,86)",27202,CC(CNC(=O)CCC1(C)C(CC(=O)N)C2NC1=C(C)C3=NC(=CC4=NC(=C(C)C5=NC2(C)C(C)(CC(=O)N)C5CCC(=O)N)C(C)(CC(=O)N)C4CCC(=O)N)C(C)(C)C3CCC(=O)N)OP(=O)(O)OC6C(O)C(OC6CO)n7cnc8cc(C)c(C)cc78,NA
Input,ZM-241385,0.21691244,InputSig,NA,NA,LINCSCP_289610,VCAP,10uM,24h,prostate,Adenosine receptor antagonist,ADORA1|ADORA2A|ADORA2B,PWTBZOIUWZOPFT-UHFFFAOYSA-N,"InChI=1S/C16H15N7O2/c17-14-20-15(18-8-7-10-3-5-11(24)6-4-10)21-16-19-13(22-23(14)16)12-2-1-9-25-12/h1-6,9,24H,7-8H2,(H3,17,18,19,20,21,22)",15479,Nc1nc(NCCc2ccc(O)cc2)nc3nc(nn13)c4occc4,NA
Input,SPECTRUM_000886,0.21686747,InputSig,NA,NA,LINCSCP_99012,HA1E,0.12uM,24h,kidney epithelial,Estrogen receptor antagonist|Progesterone receptor agonist,ESR1|GNRHR,POZRVZJJTULAOH-GSQPBCFPSA-N,"InChI=1S/C22H27NO2/c1-4-22(24)10-8-18-16-6-5-15-11-19-14(13-23-25-19)12-20(15,2)17(16)7-9-21(18,22)3/h1,11,13,16-18,24H,5-10,12H2,2-3H3/t16?,17?,18?,20-,21-,22-/m0/s1",22196,C[C@]12Cc3cnoc3C=C1CCC4C2CC[C@@]5(C)C4CC[C@@]5(O)C#C,NA
Input,ZINC00952128,0.21681267,InputSig,NA,NA,LINCSCP_191356,A549,10uM,6h,lung,NA,NA,ATKWSZXMSHHBOU-UHFFFAOYSA-N,"InChI=1S/C23H20Cl2N2O4/c1-14-3-10-21(30-2)20(11-14)27-23(29)15-4-7-17(8-5-15)31-13-22(28)26-19-12-16(24)6-9-18(19)25/h3-12H,13H2,1-2H3,(H,26,28)(H,27,29)",23171,COc1ccc(C)cc1NC(=O)c2ccc(OCC(=O)Nc3cc(Cl)ccc3Cl)cc2,NA
Input,MLS002425843,0.21666762,InputSig,NA,NA,LINCSCP_19787,HCC515,10uM,6h,lung,NA,NA,UUPNXRQGWXFBRW-UHFFFAOYSA-N,"InChI=1S/C16H12N2O4S/c19-10-2-3-11(13(20)6-10)12-7-23-16(18-12)17-9-1-4-14-15(5-9)22-8-21-14/h1-7,19-20H,8H2,(H,17,18)",3582,Oc1ccc(c(O)c1)c2csc(Nc3ccc4OCOc4c3)n2,NA
Input,Nifedipine,0.21660155,InputSig,NA,NA,LINCSCP_53631,SNGM,10uM,6h,endometrium,Voltage-gated L-type calcium channel blocker,CACNA1C|CACNA1D|CACNA1F|CACNA1S|CACNA2D1,HYIMSNHJOBLJNT-UHFFFAOYSA-N,"InChI=1S/C17H18N2O6/c1-9-13(16(20)24-3)15(14(10(2)18-9)17(21)25-4)11-7-5-6-8-12(11)19(22)23/h5-8,15,18H,1-4H3",36177,COC(=O)C1=C(C)NC(=C(C1c2ccccc2[N+](=O)[O-])C(=O)OC)C,4
Input,MAYBRIDGE4_003950,0.21652873,InputSig,NA,NA,LINCSCP_243284,MCF7,10uM,6h,breast,NA,NA,BQQXRPSVROFRFL-UHFFFAOYSA-N,"InChI=1S/C15H21F3N4O/c1-14(2,3)20-13(23)22-9-7-21(8-10-22)12-11(15(16,17)18)5-4-6-19-12/h4-6H,7-10H2,1-3H3,(H,20,23)",16186,CC(C)(C)NC(=O)N1CCN(CC1)c2ncccc2C(F)(F)F,NA
Input,AC480 (BMS-599626),0.21649537,InputSig,NA,NA,LINCSCP_93151,HA1E,0.04uM,24h,kidney epithelial,Epidermal growth factor receptor erbB1 inhibitor|Receptor protein-tyrosine kinase erbB-2 inhibitor|Receptor protein-tyrosine kinase erbB-4 inhibitor,EGFR|ERBB2|ERBB4,LUJZZYWHBDHDQX-QFIPXVFZSA-N,"InChI=1S/C27H27FN8O3/c1-17-23(34-27(37)39-15-22-14-38-8-7-29-22)13-36-25(17)26(30-16-32-36)33-21-5-6-24-19(10-21)11-31-35(24)12-18-3-2-4-20(28)9-18/h2-6,9-11,13,16,22,29H,7-8,12,14-15H2,1H3,(H,34,37)(H,30,32,33)/t22-/m0/s1",26694,Cc1c(NC(=O)OC[C@@H]2COCCN2)cn3ncnc(Nc4ccc5c(cnn5Cc6cccc(F)c6)c4)c13,1
Input,ST4048456,0.21649222,InputSig,NA,NA,LINCSCP_190582,A549,10uM,24h,lung,NA,NA,DRVRCPIXTBQSMC-UHFFFAOYSA-N,"InChI=1S/C16H19N5S/c1-4-8-21(9-5-1)10-11-22-16-18-15-14(19-20-16)12-6-2-3-7-13(12)17-15/h2-3,6-7H,1,4-5,8-11H2,(H,17,18,20)",1433,C(CN1CCCCC1)Sc2nnc3c4ccccc4[nH]c3n2,NA
Input,C19H19FN4O3,0.21636818,InputSig,NA,NA,LINCSCP_85789,BT20,3.33uM,3h,breast,FGFR inhibitor|VEGFR inhibitor,FGFR1|FLT1|KDR,WCWUXEGQKLTGDX-UHFFFAOYSA-N,"InChI=1S/C19H19FN4O3/c1-10-6-13-14(23-10)4-5-15(17(13)20)27-19-18-12(3)16(26-8-11(2)25)7-24(18)22-9-21-19/h4-7,9,11,23,25H,8H2,1-3H3",37840,CC(O)COc1cn2ncnc(Oc3ccc4[nH]c(C)cc4c3F)c2c1C,NA
Input,UNII-5308DT8060,0.2159094,InputSig,NA,NA,LINCSCP_18098,HCC515,10uM,6h,lung,Mediator release inhibitor|SYK inhibitor,SYK,CFPDEQBPNROZDC-UHFFFAOYSA-N,"InChI=1S/C18H20N2O/c1-12-8-9-15-17(13(12)2)20(11-5-10-19)16-7-4-3-6-14(16)18(15)21/h3-4,6-9H,5,10-11,19H2,1-2H3",35527,Cc1ccc2C(=O)c3ccccc3N(CCCN)c2c1C,NA
Input,LACOSAMIDE,0.21589653,InputSig,NA,NA,LINCSCP_142451,MCF7,10uM,24h,breast,Sodium channel alpha subunit blocker,SCN10A|SCN11A|SCN1A|SCN2A|SCN3A|SCN4A|SCN5A|SCN7A|SCN8A|SCN9A,VPPJLAIAVCUEMN-GFCCVEGCSA-N,"InChI=1S/C13H18N2O3/c1-10(16)15-12(9-18-2)13(17)14-8-11-6-4-3-5-7-11/h3-7,12H,8-9H2,1-2H3,(H,14,17)(H,15,16)/t12-/m1/s1",26585,COC[C@@H](NC(=O)C)C(=O)NCc1ccccc1,4
Input,MIGLITOL,0.21585273,InputSig,NA,NA,LINCSCP_124132,HT29,0.04uM,24h,large intestine,NA,NA,IBAQFPQHRJAVAV-WMEPKMGJSA-N,"InChI=1S/C8H17NO5/c10-2-1-9-3-6(12)8(14)7(13)5(9)4-11/h5-8,10-14H,1-4H2/t5?,6-,7?,8-/m1/s1",26890,OCCN1C[C@@H](O)[C@@H](O)C(O)C1CO,NA
Input,Glafenine,0.21575147,InputSig,NA,NA,LINCSCP_154956,PC3,1.11uM,24h,prostate,DeltaF508-CFTR Correctors,CFTR,GWOFUCIGLDBNKM-UHFFFAOYSA-N,"InChI=1S/C19H17ClN2O4/c20-12-5-6-14-17(7-8-21-18(14)9-12)22-16-4-2-1-3-15(16)19(25)26-11-13(24)10-23/h1-9,13,23-24H,10-11H2,(H,21,22)",16139,OCC(O)COC(=O)c1ccccc1Nc2ccnc3cc(Cl)ccc23,4
Input,BRD-K25249292,0.21552591,InputSig,NA,NA,LINCSCP_61025,VCAP,5uM,24h,prostate,NA,NA,QUELGMPZNWRZSJ-IEOSBIPESA-N,"InChI=1S/C32H36FN3O5/c1-21-18-36(32(39)25-12-8-9-13-27(25)33)22(2)20-41-28-17-24(34-30(37)16-23-10-6-5-7-11-23)14-15-26(28)31(38)35(3)19-29(21)40-4/h5-15,17,21-22,29H,16,18-20H2,1-4H3,(H,34,37)/t21-,22-,29-/m1/s1",2540,CO[C@@H]1CN(C)C(=O)c2ccc(NC(=O)Cc3ccccc3)cc2OC[C@@H](C)N(C[C@H]1C)C(=O)c4ccccc4F,NA
Input,WYE 354,0.21536618,InputSig,NA,NA,LINCSCP_2429,A375,10uM,6h,skin,MTOR inhibitor,MTOR,IMXHGCRIEAKIBU-UHFFFAOYSA-N,"InChI=1S/C24H29N7O5/c1-34-23(32)26-17-5-3-16(4-6-17)20-27-21(29-11-13-36-14-12-29)19-15-25-31(22(19)28-20)18-7-9-30(10-8-18)24(33)35-2/h3-6,15,18H,7-14H2,1-2H3,(H,26,32)",36561,COC(=O)Nc1ccc(cc1)c2nc(N3CCOCC3)c4cnn(C5CCN(CC5)C(=O)OC)c4n2,NA
Input,Hydroflumethiazide,0.21535037,InputSig,NA,NA,LINCSCP_243464,MCF7,10uM,24h,breast,Sodium/potassium/chloride transporter inhibitor,SLC12A1|SLC12A3,DMDGGSIALPNSEE-UHFFFAOYSA-N,"InChI=1S/C8H8F3N3O4S2/c9-8(10,11)4-1-5-7(2-6(4)19(12,15)16)20(17,18)14-3-13-5/h1-2,13-14H,3H2,(H2,12,15,16)",16332,NS(=O)(=O)c1cc2c(NCNS2(=O)=O)cc1C(F)(F)F,4
Input,BRD-K50868745,0.21512945,InputSig,NA,NA,LINCSCP_249796,MCF7,10uM,24h,breast,NA,NA,AMMWEOQELITDAS-GSPCLOLRSA-N,"InChI=1S/C25H37N3O6/c29-20-16-28(25(31)19-5-2-1-3-6-19)22-8-7-21(34-23(22)18-33-17-20)15-24(30)26-9-4-10-27-11-13-32-14-12-27/h1-3,5-6,20-23,29H,4,7-18H2,(H,26,30)/t20-,21+,22-,23+/m0/s1",3414,O[C@@H]1COC[C@H]2O[C@@H](CC(=O)NCCCN3CCOCC3)CC[C@@H]2N(C1)C(=O)c4ccccc4,NA
Input,ZINC6718453,0.21512801,InputSig,NA,NA,LINCSCP_148289,NPC.CAS9,3.33uM,24h,NA,NA,NA,DYVFBWXIOCLHPP-UHFFFAOYSA-N,"InChI=1S/C21H24N4O2/c22-11-16-15(14-6-8-24-9-7-14)10-17(25-21(16)23)20-18(26)2-1-3-19(20)27-12-13-4-5-13/h1-3,10,13-14,24,26H,4-9,12H2,(H2,23,25)",19904,Nc1nc(cc(C2CCNCC2)c1C#N)c3c(O)cccc3OCC4CC4,NA
Input,EXALAMIDE,0.2151256,InputSig,NA,NA,LINCSCP_121201,HT29,1.11uM,24h,large intestine,NA,NA,CKSJXOVLXUMMFF-UHFFFAOYSA-N,"InChI=1S/C13H19NO2/c1-2-3-4-7-10-16-12-9-6-5-8-11(12)13(14)15/h5-6,8-9H,2-4,7,10H2,1H3,(H2,14,15)",27060,CCCCCCOc1ccccc1C(=O)N,NA
Input,(S)-(-)-BAY K 8644,0.21499765,InputSig,NA,NA,LINCSCP_25051,HT115,10uM,6h,large intestine,L-type calcium channel activator,CACNA1C,ZFLWDHHVRRZMEI-ZDUSSCGKSA-N,"InChI=1S/C16H15F3N2O4/c1-8-12(15(22)25-3)13(14(21(23)24)9(2)20-8)10-6-4-5-7-11(10)16(17,18)19/h4-7,13,20H,1-3H3/t13-/m0/s1",1405,COC(=O)C1=C(C)NC(=C([C@H]1c2ccccc2C(F)(F)F)[N+](=O)[O-])C,NA
Input,Selumetinib,0.21467201,InputSig,NA,NA,LINCSCP_29772,MCF10A,0.1uM,6h,breast epithelial,MEK inhibitor,MAP2K1|MAP2K2,CYOHGALHFOKKQC-UHFFFAOYSA-N,"InChI=1S/C17H15BrClFN4O3/c1-24-8-21-16-13(24)7-10(17(26)23-27-5-4-25)15(14(16)20)22-12-3-2-9(18)6-11(12)19/h2-3,6-8,22,25H,4-5H2,1H3,(H,23,26)",37781,Cn1cnc2c(F)c(Nc3ccc(Br)cc3Cl)c(cc12)C(=O)NOCCO,3
Input,CHEMBL254777,0.21462483,InputSig,NA,NA,LINCSCP_291435,VCAP,10uM,6h,prostate,Glutamate receptor antagonist,GRM1,VWOMTTIMBHBPBI-UHFFFAOYSA-N,"InChI=1S/C17H20N4OS/c1-10-15(16(22)19-12-5-3-2-4-6-12)23-17-20-13-8-7-11(18)9-14(13)21(10)17/h7-9,12H,2-6,18H2,1H3,(H,19,22)",34189,Cc1c(sc2nc3ccc(N)cc3n12)C(=O)NC4CCCCC4,NA
Input,CHEMBL2357204,0.21449938,InputSig,NA,NA,LINCSCP_35350,MCF7,10uM,24h,breast,NA,NA,JLFHHDVKVXKGLO-PABCKOPISA-N,"InChI=1S/C25H31ClN2O6S/c1-17-6-2-5-9-24(17)35(31,32)28-14-19(29)15-33-16-23-22(28)11-10-20(34-23)12-25(30)27-13-18-7-3-4-8-21(18)26/h2-9,19-20,22-23,29H,10-16H2,1H3,(H,27,30)/t19-,20+,22-,23+/m0/s1",37588,Cc1ccccc1S(=O)(=O)N2C[C@H](O)COC[C@H]3O[C@@H](CC(=O)NCc4ccccc4Cl)CC[C@H]23,NA
Input,Batimastat,0.21448159,InputSig,NA,NA,LINCSCP_30644,MCF7,40uM,24h,breast,Matrix metalloprotease inhibitor,NA,XFILPEOLDIKJHX-QYZOEREBSA-N,"InChI=1S/C23H31N3O4S2/c1-15(2)12-17(18(22(28)26-30)14-32-20-10-7-11-31-20)21(27)25-19(23(29)24-3)13-16-8-5-4-6-9-16/h4-11,15,17-19,30H,12-14H2,1-3H3,(H,24,29)(H,25,27)(H,26,28)/t17-,18+,19+/m1/s1",36699,CNC(=O)[C@H](Cc1ccccc1)NC(=O)[C@H](CC(C)C)[C@H](CSc2cccs2)C(=O)NO,NA
Input,SR3335,0.21439667,InputSig,NA,NA,LINCSCP_19853,HCC515,10uM,6h,lung,ROR inverse agonist,RORA,LZWUNZRMANFRAO-UHFFFAOYSA-N,"InChI=1S/C13H9F6NO3S2/c14-12(15,16)11(21,13(17,18)19)8-3-5-9(6-4-8)20-25(22,23)10-2-1-7-24-10/h1-7,20-21H",15481,OC(c1ccc(NS(=O)(=O)c2cccs2)cc1)(C(F)(F)F)C(F)(F)F,NA
Input,MLS-0435542.0001,0.21438853,InputSig,NA,NA,LINCSCP_46706,PC3,10uM,24h,prostate,NA,NA,HFHMZZBOHTVBEJ-UHFFFAOYSA-N,"InChI=1S/C22H28N2O5S2/c1-3-15-4-7-20-16(12-15)13-21(30-20)22(25)23-18-14-17(5-6-19(18)28-2)31(26,27)24-8-10-29-11-9-24/h5-6,13-15H,3-4,7-12H2,1-2H3,(H,23,25)",15343,CCC1CCc2sc(cc2C1)C(=O)Nc3cc(ccc3OC)S(=O)(=O)N4CCOCC4,NA
Input,AC1O52XK,0.21421623,InputSig,NA,NA,LINCSCP_6190,A549,10uM,24h,lung,NA,NA,LOVMOOUQHWMIHZ-RZNTYIFUSA-N,"InChI=1S/C17H14O7/c1-22-12-3-8(4-13(23-2)16(12)20)5-14-17(21)15-10(19)6-9(18)7-11(15)24-14/h3-7,18-20H,1-2H3/b14-5-",15112,COc1cc(\C=C\2/Oc3cc(O)cc(O)c3C2=O)cc(OC)c1O,NA
Input,BRD-K80408402,0.21414199,InputSig,NA,NA,LINCSCP_27601,HT29,5uM,24h,large intestine,NA,NA,QWCXAENNPFGWBU-SQWLQELKSA-N,"InChI=1S/C18H25N3O5/c22-12-16-14(20-18(24)15-3-1-2-6-19-15)5-4-13(26-16)11-17(23)21-7-9-25-10-8-21/h1-3,6,13-14,16,22H,4-5,7-12H2,(H,20,24)/t13-,14+,16+/m0/s1",7430,OC[C@H]1O[C@H](CC(=O)N2CCOCC2)CC[C@H]1NC(=O)c3ccccn3,NA
Input,Estrone,0.21412845,InputSig,NA,NA,LINCSCP_41593,NEU,10uM,6h,NA,Estrogen receptor alpha agonist,ESR1,DNXHEGUUPJUMQT-CBZIJGRNSA-N,"InChI=1S/C18H22O2/c1-18-9-8-14-13-5-3-12(19)10-11(13)2-4-15(14)16(18)6-7-17(18)20/h3,5,10,14-16,19H,2,4,6-9H2,1H3/t14-,15-,16+,18+/m1/s1",18217,C[C@]12CC[C@H]3[C@@H](CCc4cc(O)ccc34)[C@@H]1CCC2=O,4
Input,EMF-sumo1-1,0.21381401,InputSig,NA,NA,LINCSCP_88995,HA1E,0.37uM,24h,kidney epithelial,NA,NA,NA,NA,NA,NA,NA
Input,BRD-A01645196,0.21380216,InputSig,NA,NA,LINCSCP_87160,CD34,10uM,24h,bone marrow,NA,NA,GRBDTJPMNXXXCP-QQGAXKBNSA-N,"InChI=1S/C37H48O6/c1-21(2)11-12-26(24(7)8)19-36-20-27(17-23(5)6)35(9,10)37(34(36)43,16-15-22(3)4)33(42)30(32(36)41)31(40)25-13-14-28(38)29(39)18-25/h11,13-15,17-18,26-27,30,38-39H,7,12,16,19-20H2,1-6,8-10H3/t26-,27+,30?,36+,37-/m0/s1",14130,CC(=CC[C@@H](C[C@@]12C[C@@H](C=C(C)C)C(C)(C)[C@@](CC=C(C)C)(C(=O)C(C(=O)c3ccc(O)c(O)c3)C1=O)C2=O)C(=C)C)C,NA
Input,GDC-0068,0.21370822,InputSig,NA,NA,LINCSCP_160440,PC3,0.12uM,24h,prostate,NA,NA,GRZXWCHAXNAUHY-AHRSYUTCSA-N,"InChI=1S/C24H32ClN5O2/c1-15(2)26-13-19(17-4-6-18(25)7-5-17)24(32)30-10-8-29(9-11-30)23-21-16(3)12-20(31)22(21)27-14-28-23/h4-7,14-16,19-20,26,31H,8-13H2,1-3H3/t16-,19-,20+/m1/s1",26947,CC(C)NC[C@@H](C(=O)N1CCN(CC1)c2ncnc3[C@@H](O)C[C@@H](C)c23)c4ccc(Cl)cc4,NA
Input,BRD-K17427497,0.21368238,InputSig,NA,NA,LINCSCP_63979,VCAP,5uM,24h,prostate,NA,NA,KHFULICTXBCFCV-ULDOEVFSSA-N,"InChI=1S/C28H32FN3O3/c29-23-8-4-3-7-19(23)14-32-25-21(22(16-33)26(32)27(34)30-13-17-9-10-17)15-31-24(25)12-11-20(28(31)35)18-5-1-2-6-18/h3-5,7-8,11-12,17,21-22,25-26,33H,1-2,6,9-10,13-16H2,(H,30,34)/t21-,22-,25+,26-/m1/s1",2105,OC[C@@H]1[C@H]2CN3C(=CC=C(C4=CCCC4)C3=O)[C@H]2N(Cc5ccccc5F)[C@H]1C(=O)NCC6CC6,NA
Input,Doxapram,0.21359147,InputSig,NA,NA,LINCSCP_77540,A375,0.37uM,24h,skin,Potassium channel blocker,KCNK3|KCNK9,XFDJYSQDBULQSI-UHFFFAOYSA-N,"InChI=1S/C24H30N2O2/c1-2-26-19-22(13-14-25-15-17-28-18-16-25)24(23(26)27,20-9-5-3-6-10-20)21-11-7-4-8-12-21/h3-12,22H,2,13-19H2,1H3",36365,CCN1CC(CCN2CCOCC2)C(C1=O)(c3ccccc3)c4ccccc4,4
Input,SCHEMBL2231351,0.21358263,InputSig,NA,NA,LINCSCP_55141,THP1,1uM,6h,haematopoietic and lymphoid tissue,Rho associated kinase inhibitor,NA,UGJIFGVOVGCXQP-UHFFFAOYSA-N,"InChI=1S/C15H19N3O2S/c1-12-10-17-11-13-4-2-5-14(15(12)13)21(19,20)18-8-3-6-16-7-9-18/h2,4-5,10-11,16H,3,6-9H2,1H3",31511,Cc1cncc2cccc(c12)S(=O)(=O)N3CCCNCC3,NA
Input,BRD-K68876477,0.21352336,InputSig,NA,NA,LINCSCP_60315,VCAP,5uM,6h,prostate,NA,NA,YNLPQPKWJFYZTR-CSODHUTKSA-N,"InChI=1S/C23H31N3O5S/c1-15-6-8-18(9-7-15)19-10-20-22(24-11-19)31-21(13-25(4)32(5,29)30)16(2)12-26(23(20)28)17(3)14-27/h6-11,16-17,21,27H,12-14H2,1-5H3/t16-,17+,21+/m0/s1",7791,C[C@H](CO)N1C[C@H](C)[C@@H](CN(C)S(=O)(=O)C)Oc2ncc(cc2C1=O)c3ccc(C)cc3,NA
Input,Andrographolide,0.21344426,InputSig,NA,NA,LINCSCP_95349,HA1E,3.33uM,24h,kidney epithelial,NA,NA,BOJKULTULYSRAS-JAAXSKLYSA-N,"InChI=1S/C20H30O5/c1-12-4-7-16-19(2,9-8-17(23)20(16,3)11-21)14(12)6-5-13-15(22)10-25-18(13)24/h5,14-17,21-23H,1,4,6-11H2,2-3H3/b13-5+/t14-,15-,16?,17-,19+,20+/m1/s1",26795,C[C@@]1(CO)[C@H](O)CC[C@@]2(C)[C@H](C\C=C\3/[C@H](O)COC3=O)C(=C)CCC12,NA
Input,SA-84905,0.21332653,InputSig,NA,NA,LINCSCP_38154,MCF7,3uM,24h,breast,NA,NA,JRDUENCFVDHCHL-IKDMDFKBSA-N,"InChI=1S/C30H34ClN3O7S/c1-19-14-34(20(2)17-35)30(36)25-13-23(32-42(37,38)24-8-5-22(31)6-9-24)7-11-26(25)41-29(19)16-33(3)15-21-4-10-27-28(12-21)40-18-39-27/h4-13,19-20,29,32,35H,14-18H2,1-3H3/t19-,20+,29+/m1/s1",11966,C[C@@H](CO)N1C[C@@H](C)[C@H](CN(C)Cc2ccc3OCOc3c2)Oc4ccc(NS(=O)(=O)c5ccc(Cl)cc5)cc4C1=O,NA
Input,ASC-J9,0.2132701,InputSig,NA,NA,LINCSCP_166647,YAPC,3.33uM,24h,pancreas,NA,NA,HMJSBVCDPKODEX-NXZHAISVSA-N,"InChI=1S/C23H24O6/c1-26-20-11-7-16(13-22(20)28-3)5-9-18(24)15-19(25)10-6-17-8-12-21(27-2)23(14-17)29-4/h5-14H,15H2,1-4H3/b9-5+,10-6+",26842,COc1ccc(\C=C\C(=O)CC(=O)\C=C\c2ccc(OC)c(OC)c2)cc1OC,NA
Input,Trimethobenzamide,0.2132102,InputSig,NA,NA,LINCSCP_243460,MCF7,10uM,24h,breast,Histamine receptor antagonist,DRD2,FEZBIKUBAYAZIU-UHFFFAOYSA-N,"InChI=1S/C21H28N2O5/c1-23(2)10-11-28-17-8-6-15(7-9-17)14-22-21(24)16-12-18(25-3)20(27-5)19(13-16)26-4/h6-9,12-13H,10-11,14H2,1-5H3,(H,22,24)",15561,COc1cc(cc(OC)c1OC)C(=O)NCc2ccc(OCCN(C)C)cc2,4
Input,Kenpaullone,0.21318762,InputSig,NA,NA,LINCSCP_50452,PHH,20uM,6h,NA,CDK inhibitor|Glycogen synthase kinase inhibitor,CDK1|CDK5|GSK3B,QQUXFYAWXPMDOE-UHFFFAOYSA-N,"InChI=1S/C16H11BrN2O/c17-9-5-6-14-11(7-9)12-8-15(20)18-13-4-2-1-3-10(13)16(12)19-14/h1-7,19H,8H2,(H,18,20)",793,Brc1ccc2[nH]c3c(CC(=O)Nc4ccccc34)c2c1,NA
Input,Rilpivirine,0.21290756,InputSig,NA,NA,LINCSCP_121685,HT29,10uM,24h,large intestine,Human immunodeficiency virus type 1 reverse transcriptase inhibitor,NA,YIBOMRUWOWDFLG-ONEGZZNKSA-N,"InChI=1S/C22H18N6/c1-15-12-18(4-3-10-23)13-16(2)21(15)27-20-9-11-25-22(28-20)26-19-7-5-17(14-24)6-8-19/h3-9,11-13H,1-2H3,(H2,25,26,27,28)/b4-3+",26977,Cc1cc(\C=C\C#N)cc(C)c1Nc2ccnc(Nc3ccc(cc3)C#N)n2,4
Input,Vinorelbine,0.2128206,InputSig,NA,NA,LINCSCP_1953,A375,10uM,6h,skin,Tubulin inhibitor,TUBB,GBABOYUKABKIAF-JKVZWNDSSA-N,"InChI=1S/C45H54N4O8/c1-8-27-19-28-22-44(40(51)55-6,36-30(25-48(23-27)24-28)29-13-10-11-14-33(29)46-36)32-20-31-34(21-35(32)54-5)47(4)38-43(31)16-18-49-17-12-15-42(9-2,37(43)49)39(57-26(3)50)45(38,53)41(52)56-7/h10-15,19-21,28,37-39,46,53H,8-9,16-18,22-25H2,1-7H3/t28-,37+,38-,39-,42-,43-,44+,45+/m1/s1",1671,CCC1=C[C@H]2CN(C1)Cc3c([nH]c4ccccc34)[C@@](C2)(C(=O)OC)c5cc6c(cc5OC)N(C)[C@H]7[C@](O)([C@H](OC(=O)C)[C@]8(CC)C=CCN9CC[C@]67[C@H]89)C(=O)OC,NA
Input,Cabergoline,0.2127686,InputSig,NA,NA,LINCSCP_108669,HELA,0.12uM,24h,large intestine,Dopamine receptor agonist,ADRA1A|ADRA2A|ADRA2B|ADRA2C|DRD1|DRD2|DRD3|DRD4|DRD5|HTR1A|HTR1B|HTR1D|HTR2A|HTR2B|HTR2C,KORNTPPJEAJQIU-KJXAQDMKSA-N,"InChI=1S/C26H37N5O2/c1-5-11-30-17-19(25(32)31(26(33)27-6-2)13-8-12-29(3)4)14-21-20-9-7-10-22-24(20)18(16-28-22)15-23(21)30/h5,7,9-10,16,19,21,23,28H,1,6,8,11-15,17H2,2-4H3,(H,27,33)/t19-,21-,23-/m1/s1",16006,CCNC(=O)N(CCCN(C)C)C(=O)[C@@H]1C[C@H]2[C@@H](Cc3c[nH]c4cccc2c34)N(CC=C)C1,4
Input,MW-A1-14,0.21266473,InputSig,NA,NA,LINCSCP_237335,MCF7,10uM,24h,breast,NA,NA,ADSOEWOILXZRRA-UHFFFAOYSA-N,InChI=1S/C15H10N2O2S/c18-17(19)14-10-16-13-9-5-4-8-12(13)15(14)20-11-6-2-1-3-7-11/h1-10H,35502,[O-][N+](=O)c1cnc2ccccc2c1Sc3ccccc3,NA
Input,Prosteride,0.21265105,InputSig,NA,NA,LINCSCP_77796,A375,1.11uM,24h,skin,5 alpha reductase inhibitor,SRD5A1|SRD5A2,DBEPLOCGEIEOCV-BYQKQGHSSA-N,"InChI=1S/C23H36N2O2/c1-21(2,3)25-20(27)17-8-7-15-14-6-9-18-23(5,13-11-19(26)24-18)16(14)10-12-22(15,17)4/h11,13-18H,6-10,12H2,1-5H3,(H,24,26)(H,25,27)/t14?,15?,16?,17-,18?,22+,23-/m1/s1",464,CC(C)(C)NC(=O)[C@H]1CCC2C3CCC4NC(=O)C=C[C@]4(C)C3CC[C@]12C,NA
Input,Estradiol,0.21259316,InputSig,NA,NA,LINCSCP_10051,A549,0.04uM,24h,lung,Estrogen receptor alpha agonist,ESR1|ESR2|NR1I2,VOXZDWNPVJITMN-ZBRFXRBCSA-N,"InChI=1S/C18H24O2/c1-18-9-8-14-13-5-3-12(19)10-11(13)2-4-15(14)16(18)6-7-17(18)20/h3,5,10,14-17,19-20H,2,4,6-9H2,1H3/t14-,15-,16+,17+,18+/m1/s1",15465,C[C@]12CC[C@H]3[C@@H](CCc4cc(O)ccc34)[C@@H]1CC[C@@H]2O,4
Input,BRD-K96552587,0.21243674,InputSig,NA,NA,LINCSCP_41075,NEU,10uM,24h,NA,NA,NA,OUKAGPBTRJAGIF-CMKODMSKSA-N,"InChI=1S/C20H19N3O2/c21-9-13-1-3-14(4-2-13)15-5-7-16(8-6-15)20-17-10-22-11-19(25)23(17)18(20)12-24/h1-8,17-18,20,22,24H,10-12H2/t17-,18-,20+/m0/s1",14041,OC[C@H]1[C@@H]([C@@H]2CNCC(=O)N12)c3ccc(cc3)c4ccc(cc4)C#N,NA
Input,BRD-K36091499,0.21232777,InputSig,NA,NA,LINCSCP_49125,PC3,10uM,6h,prostate,NA,NA,ISYWMCSQLOVTPH-RCUDDFTLSA-N,"InChI=1S/C37H49N5O5/c1-26-22-42(27(2)25-43)37(46)21-29-20-30(18-19-33(29)47-34(26)24-41(3)23-28-12-6-4-7-13-28)39-35(44)16-8-5-9-17-36(45)40-32-15-11-10-14-31(32)38/h4,6-7,10-15,18-20,26-27,34,43H,5,8-9,16-17,21-25,38H2,1-3H3,(H,39,44)(H,40,45)/t26-,27+,34+/m0/s1",12512,C[C@H](CO)N1C[C@H](C)[C@@H](CN(C)Cc2ccccc2)Oc3ccc(NC(=O)CCCCCC(=O)Nc4ccccc4N)cc3CC1=O,NA
Input,C24H30O6,0.21212419,InputSig,NA,NA,LINCSCP_6771,A549,10uM,24h,lung,Cytochrome P450 inhibitor,NR3C2,JUKPWJGBANNWMW-UHFFFAOYSA-N,"InChI=1S/C24H30O6/c1-21-7-4-14(25)10-13(21)11-15(20(27)28-3)19-16-5-8-23(9-6-18(26)30-23)22(16,2)12-17-24(19,21)29-17/h10,15-17,19H,4-9,11-12H2,1-3H3",381,COC(=O)C1CC2=CC(=O)CCC2(C)C34OC3CC5(C)C(CCC56CCC(=O)O6)C14,NA
Input,Staurosporine,0.21206096,InputSig,NA,NA,LINCSCP_20584,HCC515,10uM,6h,lung,PKC inhibitor,CDK2|GSK3B,HKSZLNNOFSGOKW-FYTWVXJKSA-N,"InChI=1S/C28H26N4O3/c1-28-26(34-3)17(29-2)12-20(35-28)31-18-10-6-4-8-14(18)22-23-16(13-30-27(23)33)21-15-9-5-7-11-19(15)32(28)25(21)24(22)31/h4-11,17,20,26,29H,12-13H2,1-3H3,(H,30,33)/t17-,20-,26-,28+/m1/s1",15148,CN[C@@H]1C[C@H]2O[C@@](C)([C@@H]1OC)n3c4ccccc4c5c6CNC(=O)c6c7c8ccccc8n2c7c35,NA
Input,Rimantadine,0.21205652,InputSig,NA,NA,LINCSCP_143321,MCF7,10uM,24h,breast,Antiviral|RNA synthesis inhibitor,NA,UBCHPRBFMUDMNC-WBLSUYMSSA-N,"InChI=1S/C12H21N/c1-8(13)12-5-9-2-10(6-12)4-11(3-9)7-12/h8-11H,2-7,13H2,1H3/t8?,9-,10-,11-,12-",23435,CC(N)[C@@]12C[C@@H]3C[C@@H](C[C@H](C3)C1)C2,NA
Input,Rimantadine,0.21205652,InputSig,NA,NA,LINCSCP_143321,MCF7,10uM,24h,breast,Antiviral|RNA synthesis inhibitor,NA,UBCHPRBFMUDMNC-UHFFFAOYSA-N,"InChI=1S/C12H21N/c1-8(13)12-5-9-2-10(6-12)4-11(3-9)7-12/h8-11H,2-7,13H2,1H3",36377,CC(N)C12CC3CC(CC(C3)C1)C2,4
Input,Tubaic acid,0.21163019,InputSig,NA,NA,LINCSCP_6738,A549,10uM,24h,lung,Mitochondrial complex I inhibitor|NADH-ubiquinone oxidoreductase (Complex I) inhibitor,NA,CMXGHLJKXLIMAQ-UHFFFAOYSA-N,"InChI=1S/C12H12O4/c1-6(2)10-5-8-9(16-10)4-3-7(11(8)13)12(14)15/h3-4,10,13H,1,5H2,2H3,(H,14,15)",32813,CC(=C)C1Cc2c(O)c(ccc2O1)C(=O)O,NA
Input,CHEMBL2138369,0.21160922,InputSig,NA,NA,LINCSCP_20953,HCC515,10uM,24h,lung,NA,NA,DKFJGYQTLBOWCX-MKGJDZFWSA-N,"InChI=1S/C33H42N4O4/c1-6-9-32(38)35-27-15-16-30-28(18-27)33(39)36(4)21-31(40-5)23(2)19-37(24(3)22-41-30)20-25-11-13-26(14-12-25)29-10-7-8-17-34-29/h7-8,10-18,23-24,31H,6,9,19-22H2,1-5H3,(H,35,38)/t23-,24-,31-/m0/s1",40043,CCCC(=O)Nc1ccc2OC[C@H](C)N(Cc3ccc(cc3)c4ccccn4)C[C@H](C)[C@H](CN(C)C(=O)c2c1)OC,NA
Input,SCH-28080,0.21138509,InputSig,NA,NA,LINCSCP_122974,HT29,10uM,24h,large intestine,ATPase inhibitor,ATP4A,PYKJFEPAUKAXNN-UHFFFAOYSA-N,"InChI=1S/C17H15N3O/c1-13-15(9-10-18)20-11-5-8-16(17(20)19-13)21-12-14-6-3-2-4-7-14/h2-8,11H,9,12H2,1H3",35863,Cc1nc2c(OCc3ccccc3)cccn2c1CC#N,NA
Input,TPCA-1,0.21136458,InputSig,NA,NA,LINCSCP_82980,ASC.C,3.33uM,24h,NA,IKK inhibitor,IKBKB,SAYGKHKXGCPTLX-UHFFFAOYSA-N,"InChI=1S/C12H10FN3O2S/c13-7-3-1-6(2-4-7)9-5-8(10(14)17)11(19-9)16-12(15)18/h1-5H,(H2,14,17)(H3,15,16,18)",37816,NC(=O)Nc1sc(cc1C(=O)N)c2ccc(F)cc2,NA
Input,Verapamil,0.21123075,InputSig,NA,NA,LINCSCP_90958,HA1E,1.11uM,24h,kidney epithelial,Calcium channel blocker,CACNA1C|CACNA1D|CACNA1F|CACNA1G|CACNA1S,SGTNSNPWRIOYBX-UHFFFAOYSA-N,"InChI=1S/C27H38N2O4/c1-20(2)27(19-28,22-10-12-24(31-5)26(18-22)33-7)14-8-15-29(3)16-13-21-9-11-23(30-4)25(17-21)32-6/h9-12,17-18,20H,8,13-16H2,1-7H3",15173,COc1ccc(CCN(C)CCCC(C#N)(C(C)C)c2ccc(OC)c(OC)c2)cc1OC,4
Input,CHEMBL3182395,0.21102432,InputSig,NA,NA,LINCSCP_111972,HEPG2,3.33uM,24h,liver,MEK inhibitor,MAP2K5|MAPK7,HOMJAAIVTDVQJA-UHFFFAOYSA-N,"InChI=1S/C27H28N4O2/c1-30(2)17-18-9-8-12-21(15-18)28-25(19-10-6-5-7-11-19)24-22-14-13-20(27(33)31(3)4)16-23(22)29-26(24)32/h5-16,28H,17H2,1-4H3,(H,29,32)",34319,CN(C)Cc1cccc(c1)\N=C(/c2ccccc2)\c3c(O)[nH]c4cc(ccc34)C(=O)N(C)C,NA
Input,ALD1-H_000553,0.21102361,InputSig,NA,NA,LINCSCP_190621,A549,10uM,24h,lung,NA,NA,GRZYSBZPIRQMCQ-LFIBNONCSA-N,"InChI=1S/C15H20N2O3/c1-12-7-5-6-8-13(12)11-16-17-14(18)9-3-2-4-10-15(19)20/h5-8,11H,2-4,9-10H2,1H3,(H,17,18)(H,19,20)/b16-11+",1,Cc1ccccc1\C=N\NC(=O)CCCCCC(=O)O,NA
Input,Pyrilamine,0.2106184,InputSig,NA,NA,LINCSCP_44425,PC3,10uM,24h,prostate,Histamine receptor antagonist,HRH1,YECBIJXISLIIDS-UHFFFAOYSA-N,"InChI=1S/C17H23N3O/c1-19(2)12-13-20(17-6-4-5-11-18-17)14-15-7-9-16(21-3)10-8-15/h4-11H,12-14H2,1-3H3",16093,COc1ccc(CN(CCN(C)C)c2ccccn2)cc1,4
Input,2-Fluoroadenosine,0.21048989,InputSig,NA,NA,LINCSCP_20145,HCC515,10uM,6h,lung,DNA synthesis inhibitor,RRM1,HBUBKKRHXORPQB-UUOKFMHZSA-N,"InChI=1S/C10H12FN5O4/c11-10-14-7(12)4-8(15-10)16(2-13-4)9-6(19)5(18)3(1-17)20-9/h2-3,5-6,9,17-19H,1H2,(H2,12,14,15)/t3-,5-,6-,9-/m1/s1",36315,Nc1nc(F)nc2c1ncn2[C@@H]3O[C@H](CO)[C@@H](O)[C@H]3O,NA
Input,AC1L1IKY,0.2104691,InputSig,NA,NA,LINCSCP_122997,HT29,0.04uM,24h,large intestine,NA,NA,QRJJEGAJXVEBNE-UHFFFAOYSA-N,"InChI=1S/C18H13Cl4N3O/c19-13-2-1-12(16(21)7-13)10-26-24-18(9-25-6-5-23-11-25)15-4-3-14(20)8-17(15)22/h1-8,11H,9-10H2",7069,Clc1ccc(CON=C(Cn2ccnc2)c3ccc(Cl)cc3Cl)c(Cl)c1,NA
Input,Cytochalasin B,0.21045984,InputSig,NA,NA,LINCSCP_12938,EFO27,10uM,6h,ovary,Microtubule inhibitor,ACTB,GBOGMAARMMDZGR-FFXRSMCQSA-N,"InChI=1S/C29H37NO5/c1-18-9-7-13-22(31)15-16-25(32)35-29-23(14-8-10-18)27(33)20(3)19(2)26(29)24(30-28(29)34)17-21-11-5-4-6-12-21/h4-6,8,11-12,14-16,18-19,22-24,26-27,31,33H,3,7,9-10,13,17H2,1-2H3,(H,30,34)/b14-8+,16-15-/t18-,19-,22-,23+,24+,26+,27-,29-/m1/s1",27318,C[C@@H]1CCC[C@@H](O)\C=C/C(=O)O[C@]23[C@@H](\C=C\C1)[C@H](O)C(=C)[C@@H](C)[C@H]2[C@H](Cc4ccccc4)NC3=O,NA
Input,Cytochalasin B,0.21045984,InputSig,NA,NA,LINCSCP_12938,EFO27,10uM,6h,ovary,Microtubule inhibitor,ACTB,GBOGMAARMMDZGR-TYHYBEHESA-N,"InChI=1S/C29H37NO5/c1-18-9-7-13-22(31)15-16-25(32)35-29-23(14-8-10-18)27(33)20(3)19(2)26(29)24(30-28(29)34)17-21-11-5-4-6-12-21/h4-6,8,11-12,14-16,18-19,22-24,26-27,31,33H,3,7,9-10,13,17H2,1-2H3,(H,30,34)/b14-8+,16-15+/t18-,19-,22-,23+,24+,26+,27-,29-/m1/s1",24524,C[C@@H]1CCC[C@@H](O)\C=C\C(=O)O[C@]23[C@@H](\C=C\C1)[C@H](O)C(=C)[C@@H](C)[C@H]2[C@H](Cc4ccccc4)NC3=O,NA
Input,C30H33N3O5S,0.21044207,InputSig,NA,NA,LINCSCP_39340,MDAMB231,0.1uM,24h,NA,ATM kinase inhibitor,ATM,SCELLOWTHJGVIC-UHFFFAOYSA-N,"InChI=1S/C30H33N3O5S/c1-19-16-32(17-20(2)37-19)18-28(35)31-23-6-7-27-22(13-23)12-21-4-3-5-25(30(21)39-27)26-14-24(34)15-29(38-26)33-8-10-36-11-9-33/h3-7,13-15,19-20H,8-12,16-18H2,1-2H3,(H,31,35)",99,CC1CN(CC(=O)Nc2ccc3Sc4c(Cc3c2)cccc4C5=CC(=O)C=C(O5)N6CCOCC6)CC(C)O1,NA
Input,AZD5363,0.21029856,InputSig,NA,NA,LINCSCP_175580,YAPC,10uM,24h,pancreas,AKT inhibitor,AKT1|AKT2|AKT3,JDUBGYFRJFOXQC-KRWDZBQOSA-N,"InChI=1S/C21H25ClN6O2/c22-15-3-1-14(2-4-15)17(6-12-29)27-20(30)21(23)7-10-28(11-8-21)19-16-5-9-24-18(16)25-13-26-19/h1-5,9,13,17,29H,6-8,10-12,23H2,(H,27,30)(H,24,25,26)/t17-/m0/s1",27068,NC1(CCN(CC1)c2ncnc3[nH]ccc23)C(=O)N[C@@H](CCO)c4ccc(Cl)cc4,NA
Input,Amidate,0.21026029,InputSig,NA,NA,LINCSCP_158426,PC3,0.04uM,24h,prostate,GABA receptor modulator,GABRA1|GABRA2|GABRA3|GABRA4|GABRA5|GABRA6|GABRB1|GABRB2|GABRB3|GABRD|GABRE|GABRG1|GABRG2|GABRG3|GABRP|GABRQ,NPUKDXXFDDZOKR-UHFFFAOYSA-N,"InChI=1S/C14H16N2O2/c1-3-18-14(17)13-9-15-10-16(13)11(2)12-7-5-4-6-8-12/h4-11H,3H2,1-2H3",15266,CCOC(=O)c1cncn1C(C)c2ccccc2,NA
Input,BRD-K63926219,0.21021876,InputSig,NA,NA,LINCSCP_62674,VCAP,5uM,24h,prostate,NA,NA,KXSIODNMTPRENB-PFSLXQJOSA-N,"InChI=1S/C21H28N2O6/c1-27-19(25)10-14-9-16-15-8-13(23-21(26)22-12-4-2-3-5-12)6-7-17(15)29-20(16)18(11-24)28-14/h6-8,12,14,16,18,20,24H,2-5,9-11H2,1H3,(H2,22,23,26)/t14-,16-,18-,20+/m0/s1",936,COC(=O)C[C@@H]1C[C@@H]2[C@@H](Oc3ccc(NC(=O)NC4CCCC4)cc23)[C@H](CO)O1,NA
Input,Semaxanib,0.21012322,InputSig,NA,NA,LINCSCP_172536,YAPC,0.04uM,24h,pancreas,VEGFR inhibitor,FLT1|FLT4|KDR|KIT|PDGFRB,WUWDLXZGHZSWQZ-WQLSENKSSA-N,"InChI=1S/C15H14N2O/c1-9-7-10(2)16-14(9)8-12-11-5-3-4-6-13(11)17-15(12)18/h3-8,16H,1-2H3,(H,17,18)/b12-8-",17049,Cc1cc(C)c(\C=C\2/C(=O)Nc3ccccc23)[nH]1,3
Input,"6,10,10B-Trihydroxy-3,4a,7,7,10a-pentamethyl-1-oxo-3-vinyldodecahydro-1H-benzo[f]chromen-5-yl acetate",0.20966521,InputSig,NA,NA,LINCSCP_30440,MCF7,10uM,24h,breast,Adenylyl cyclase activator,ADCY2,OHCQJHSOBUTRHG-UHFFFAOYSA-N,"InChI=1S/C22H34O7/c1-8-19(5)11-14(25)22(27)20(6)13(24)9-10-18(3,4)16(20)15(26)17(28-12(2)23)21(22,7)29-19/h8,13,15-17,24,26-27H,1,9-11H2,2-7H3",36248,CC(=O)OC1C(O)C2C(C)(C)CCC(O)C2(C)C3(O)C(=O)CC(C)(OC13C)C=C,NA
Input,Quercetin,0.20965778,InputSig,NA,NA,LINCSCP_99330,HA1E,10uM,24h,kidney epithelial,Polar auxin transport inhibitor,PIK3CG,REFJWTPEDVJJIY-UHFFFAOYSA-N,"InChI=1S/C15H10O7/c16-7-4-10(19)12-11(5-7)22-15(14(21)13(12)20)6-1-2-8(17)9(18)3-6/h1-5,16-19,21H",36192,OC1=C(Oc2cc(O)cc(O)c2C1=O)c3ccc(O)c(O)c3,NA
Input,"MEK162 (ARRY-162, ARRY-438162)",0.20961067,InputSig,NA,NA,LINCSCP_108409,HELA,1.11uM,24h,large intestine,Dual specificity mitogen-activated protein kinase kinase 1 inhibitor|Dual specificity mitogen-activated protein kinase kinase 2 inhibitor,MAP2K1|MAP2K2,ACWZRVQXLIRSDF-UHFFFAOYSA-N,"InChI=1S/C17H15BrF2N4O3/c1-24-8-21-16-13(24)7-10(17(26)23-27-5-4-25)15(14(16)20)22-12-3-2-9(18)6-11(12)19/h2-3,6-8,22,25H,4-5H2,1H3,(H,23,26)",26840,Cn1cnc2c(F)c(Nc3ccc(Br)cc3F)c(cc12)C(=O)NOCCO,3
Input,BRD-K40471863,0.20959172,InputSig,NA,NA,LINCSCP_8734,A549,5uM,24h,lung,NA,NA,ZCKQQEZZHOAJHU-SJBKTWHCSA-N,"InChI=1S/C23H26N4O4/c28-15-20-22-17-5-1-2-6-18(17)26(23(30)16-4-3-7-24-12-16)13-19(22)27(20)21(29)14-25-8-10-31-11-9-25/h1-7,12,19-20,22,28H,8-11,13-15H2/t19-,20-,22+/m1/s1",32734,OC[C@@H]1[C@@H]2[C@@H](CN(C(=O)c3cccnc3)c4ccccc24)N1C(=O)CN5CCOCC5,NA
Input,BRD-K06619089,0.20942439,InputSig,NA,NA,LINCSCP_63469,VCAP,5uM,24h,prostate,NA,NA,LCHNJAZNAXXEPD-SCDRESIJSA-N,"InChI=1S/C26H33N5O5/c32-20-16-31(26(34)22-15-27-8-9-28-22)23-7-6-21(36-24(23)18-35-17-20)14-25(33)30-12-10-29(11-13-30)19-4-2-1-3-5-19/h1-5,8-9,15,20-21,23-24,32H,6-7,10-14,16-18H2/t20-,21+,23+,24-/m0/s1",10207,O[C@@H]1COC[C@@H]2O[C@@H](CC(=O)N3CCN(CC3)c4ccccc4)CC[C@H]2N(C1)C(=O)c5cnccn5,NA
Input,STK009254,0.20917709,InputSig,NA,NA,LINCSCP_144276,MCF7,3.33uM,24h,breast,Sodium channel blocker,INS,JYIJIIVLEOETIQ-RFPFOJJUSA-N,"InChI=1S/C15H24N2O/c18-15-6-3-5-14-11-8-12(10-17(14)15)13-4-1-2-7-16(13)9-11/h11-14H,1-10H2/t11?,12?,13-,14?/m0/s1",477,O=C1CCCC2C3CC(CN12)[C@@H]4CCCCN4C3,NA
Input,Sertaconazole,0.20916095,InputSig,NA,NA,LINCSCP_110723,HELA,0.12uM,24h,large intestine,Cytochrome P450 51 inhibitor,NA,JLGKQTAYUIMGRK-UHFFFAOYSA-N,"InChI=1S/C20H15Cl3N2OS/c21-14-4-5-16(18(23)8-14)19(9-25-7-6-24-12-25)26-10-13-11-27-20-15(13)2-1-3-17(20)22/h1-8,11-12,19H,9-10H2",15344,Clc1ccc(C(Cn2ccnc2)OCc3csc4c(Cl)cccc34)c(Cl)c1,4
Input,127408-30-4,0.20907415,InputSig,NA,NA,LINCSCP_75541,A375,0.04uM,24h,skin,Potassium channel activator,KCNJ8,RHFUXPCCELGMFC-UXHICEINSA-N,"InChI=1S/C21H22N2O4/c1-14(24)23(26-13-15-7-5-4-6-8-15)19-17-11-16(12-22)9-10-18(17)27-21(2,3)20(19)25/h4-11,19-20,25H,13H2,1-3H3/t19-,20+/m1/s1",15649,CC(=O)N(OCc1ccccc1)[C@H]2[C@H](O)C(C)(C)Oc3ccc(cc23)C#N,NA
Input,ZINC03977775,0.20905398,InputSig,NA,NA,LINCSCP_273339,PC3,10uM,24h,prostate,Glucocorticoid receptor agonist,NR3C1,ILKJAFIWWBXGDU-KNPIAJNZSA-N,"InChI=1S/C28H35FO7/c1-16(30)34-15-22(33)28-23(35-26(36-28)9-4-5-10-26)13-20-19-7-6-17-12-18(31)8-11-24(17,2)27(19,29)21(32)14-25(20,28)3/h8,11-12,19-21,23,32H,4-7,9-10,13-15H2,1-3H3/t19-,20+,21+,23-,24+,25+,27+,28-/m1/s1",1567,CC(=O)OCC(=O)[C@@]12OC3(CCCC3)O[C@@H]1C[C@H]4[C@H]5CCC6=CC(=O)C=C[C@]6(C)[C@@]5(F)[C@@H](O)C[C@]24C,NA
Input,PIK-93,0.20903707,InputSig,NA,NA,LINCSCP_131011,MCF10A,1.11uM,3h,breast epithelial,NA,NA,JFVNFXCESCXMBC-UHFFFAOYSA-N,"InChI=1S/C14H16ClN3O4S2/c1-8-13(23-14(17-8)18-9(2)20)10-3-4-11(15)12(7-10)24(21,22)16-5-6-19/h3-4,7,16,19H,5-6H2,1-2H3,(H,17,18,20)",34323,CC(=O)Nc1nc(C)c(s1)c2ccc(Cl)c(c2)S(=O)(=O)NCCO,NA
Input,ATN-161 (trifluoroacetate salt),0.20902116,InputSig,NA,NA,LINCSCP_170323,YAPC,3.33uM,24h,pancreas,NA,NA,MMHDBUJXLOFTLC-WOYTXXSLSA-N,"InChI=1S/C23H35N9O8S/c1-11(34)32-4-2-3-17(32)23(40)29-14(5-12-7-26-10-27-12)20(37)30-15(8-33)21(38)31-16(9-41)22(39)28-13(19(25)36)6-18(24)35/h7,10,13-17,33,41H,2-6,8-9H2,1H3,(H2,24,35)(H2,25,36)(H,26,27)(H,28,39)(H,29,40)(H,30,37)(H,31,38)/t13-,14-,15-,16-,17-/m0/s1",26505,CC(=O)N1CCC[C@H]1C(=O)N[C@@H](Cc2c[nH]cn2)C(=O)N[C@@H](CO)C(=O)N[C@@H](CS)C(=O)N[C@@H](CC(=O)N)C(=O)N,NA
Input,"Carbazole, 9-(4-methylbenzoyl)-",0.20898399,InputSig,NA,NA,LINCSCP_25960,HT29,10uM,24h,large intestine,NA,NA,AWZNVFKAFFHLEY-UHFFFAOYSA-N,"InChI=1S/C20H15NO/c1-14-10-12-15(13-11-14)20(22)21-18-8-4-2-6-16(18)17-7-3-5-9-19(17)21/h2-13H,1H3",15883,Cc1ccc(cc1)C(=O)n2c3ccccc3c4ccccc24,NA
Input,SB-216763,0.20897765,InputSig,NA,NA,LINCSCP_54271,SW620,10uM,6h,large intestine,Glycogen synthase kinase inhibitor,GSK3B,JCSGFHVFHSKIJH-UHFFFAOYSA-N,"InChI=1S/C19H12Cl2N2O2/c1-23-9-13(11-4-2-3-5-15(11)23)17-16(18(24)22-19(17)25)12-7-6-10(20)8-14(12)21/h2-9H,1H3,(H,22,24,25)",37835,Cn1cc(C2=C(C(=O)NC2=O)c3ccc(Cl)cc3Cl)c4ccccc14,NA
Input,CHIR-265,0.20882934,InputSig,NA,NA,LINCSCP_114627,HME1,1.11uM,24h,breast,Serine/threonine-protein kinase B-raf inhibitor|Vascular endothelial growth factor receptor 2 inhibitor,BRAF|KDR,YABJJWZLRMPFSI-UHFFFAOYSA-N,"InChI=1S/C24H16F6N6O/c1-36-19-7-6-15(10-17(19)34-22(36)33-14-4-2-13(3-5-14)23(25,26)27)37-16-8-9-31-18(11-16)21-32-12-20(35-21)24(28,29)30/h2-12H,1H3,(H,32,35)(H,33,34)",15146,Cn1c(Nc2ccc(cc2)C(F)(F)F)nc3cc(Oc4ccnc(c4)c5ncc([nH]5)C(F)(F)F)ccc13,2
Input,Spiramide,0.20848846,InputSig,NA,NA,LINCSCP_18986,HCC515,10uM,24h,lung,Dopamine receptor antagonist|Serotonin receptor antagonist,HTR1A|HTR2A,FJUKDAZEABGEIH-UHFFFAOYSA-N,"InChI=1S/C22H26FN3O2/c23-18-7-9-20(10-8-18)28-16-4-13-25-14-11-22(12-15-25)21(27)24-17-26(22)19-5-2-1-3-6-19/h1-3,5-10H,4,11-17H2,(H,24,27)",36167,Fc1ccc(OCCCN2CCC3(CC2)N(CNC3=O)c4ccccc4)cc1,NA
Input,BRD-K02279849,0.20848279,InputSig,NA,NA,LINCSCP_296624,VCAP,5uM,6h,prostate,NA,NA,LBSHWJURJCXAHO-VKIDHGPPSA-N,"InChI=1S/C29H40N4O6/c1-18(2)30-29(36)31-23-7-9-24-22(11-23)12-28(35)33(20(4)16-34)13-19(3)27(39-24)15-32(5)14-21-6-8-25-26(10-21)38-17-37-25/h6-11,18-20,27,34H,12-17H2,1-5H3,(H2,30,31,36)/t19-,20+,27-/m0/s1",31753,CC(C)NC(=O)Nc1ccc2O[C@@H](CN(C)Cc3ccc4OCOc4c3)[C@@H](C)CN([C@H](C)CO)C(=O)Cc2c1,NA
Input,apigenin,0.20837437,InputSig,NA,NA,LINCSCP_115358,HS578T,1.11uM,3h,breast,Casein kinase inhibitor|Cell proliferation inhibitor|Cytochrome P450 inhibitor,NA,NA,NA,NA,NA,NA
Input,Clemizole,0.2083195,InputSig,NA,NA,LINCSCP_121585,HT29,1.11uM,24h,large intestine,HCV inhibitor,NA,CJXAEXPPLWQRFR-UHFFFAOYSA-N,"InChI=1S/C19H20ClN3/c20-16-9-7-15(8-10-16)13-23-18-6-2-1-5-17(18)21-19(23)14-22-11-3-4-12-22/h1-2,5-10H,3-4,11-14H2",16274,Clc1ccc(Cn2c(CN3CCCC3)nc4ccccc24)cc1,1
Input,BRD-K33762302,0.20822572,InputSig,NA,NA,LINCSCP_180515,A375,10uM,6h,skin,NA,NA,OZYYCECXSZQYIA-GNBJCERTSA-N,"InChI=1S/C29H32ClFN4O6S/c1-18-15-35(19(2)17-36)28(37)24-5-4-6-25(33-29(38)32-22-11-9-21(31)10-12-22)27(24)41-26(18)16-34(3)42(39,40)23-13-7-20(30)8-14-23/h4-14,18-19,26,36H,15-17H2,1-3H3,(H2,32,33,38)/t18-,19+,26+/m0/s1",23379,C[C@H](CO)N1C[C@H](C)[C@@H](CN(C)S(=O)(=O)c2ccc(Cl)cc2)Oc3c(NC(=O)Nc4ccc(F)cc4)cccc3C1=O,NA
Input,LY2090314,0.20822076,InputSig,NA,NA,LINCSCP_109644,HELA,0.37uM,24h,large intestine,Glycogen synthase kinase-3 alpha inhibitor|Glycogen synthase kinase-3 beta inhibitor,GSK3A|GSK3B,HRJWTAWVFDCTGO-UHFFFAOYSA-N,"InChI=1S/C28H25FN6O3/c29-18-12-17-15-34(28(38)32-7-3-1-4-8-32)11-10-33-16-20(19(13-18)25(17)33)23-24(27(37)31-26(23)36)21-14-30-22-6-2-5-9-35(21)22/h2,5-6,9,12-14,16H,1,3-4,7-8,10-11,15H2,(H,31,36,37)",27115,Fc1cc2CN(CCn3cc(C4=C(C(=O)NC4=O)c5cnc6ccccn56)c(c1)c23)C(=O)N7CCCCC7,2
Input,BRD-K86011921,0.20818731,InputSig,NA,NA,LINCSCP_312059,VCAP,10uM,24h,prostate,NA,NA,ULSHRNFHFOMVNH-UWWLJTJFSA-N,"InChI=1S/C36H45F3N4O5/c1-24-20-43(25(2)23-44)35(46)31-19-30(41-34(45)28-14-16-40-17-15-28)12-13-32(31)48-26(3)7-5-6-18-47-33(24)22-42(4)21-27-8-10-29(11-9-27)36(37,38)39/h8-17,19,24-26,33,44H,5-7,18,20-23H2,1-4H3,(H,41,45)/t24-,25-,26+,33-/m0/s1",13803,C[C@@H](CO)N1C[C@H](C)[C@H](CN(C)Cc2ccc(cc2)C(F)(F)F)OCCCC[C@@H](C)Oc3ccc(NC(=O)c4ccncc4)cc3C1=O,NA
Input,"Epothilone B (EPO906, Patupilone)",0.20815368,InputSig,NA,NA,LINCSCP_125514,HT29,1.11uM,24h,large intestine,NA,NA,QXRSDHAAWVKZLJ-AXCXJGFASA-N,"InChI=1S/C27H41NO6S/c1-15-9-8-10-27(7)22(34-27)12-20(16(2)11-19-14-35-18(4)28-19)33-23(30)13-21(29)26(5,6)25(32)17(3)24(15)31/h11,14-15,17,20-22,24,29,31H,8-10,12-13H2,1-7H3/b16-11+/t15-,17+,20+,21+,22-,24-,27+/m0/s1",27199,C[C@H]1CCC[C@@]2(C)O[C@H]2C[C@@H](OC(=O)C[C@@H](O)C(C)(C)C(=O)[C@H](C)[C@H]1O)\C(=C\c3csc(C)n3)\C,NA
Input,Neostigmine,0.20800901,InputSig,NA,NA,LINCSCP_119729,HT29,0.37uM,24h,large intestine,Acetylcholinesterase inhibitor,ACHE,ALWKGYPQUAPLQC-UHFFFAOYSA-N,"InChI=1S/C12H19N2O2/c1-13(2)12(15)16-11-8-6-7-10(9-11)14(3,4)5/h6-9H,1-5H3/q+1",16310,CN(C)C(=O)Oc1cccc(c1)[N+](C)(C)C,4
Input,BRD-K73080020,0.20800007,InputSig,NA,NA,LINCSCP_65337,VCAP,10uM,24h,prostate,NA,NA,LUSCQGWIOGZNHP-SXDGJLEOSA-N,"InChI=1S/C30H40N2O7S2/c1-22-19-32(23(2)21-33)41(36,37)30-17-16-25(13-9-12-24-10-5-6-11-24)18-27(30)39-28(22)20-31(3)40(34,35)29-15-8-7-14-26(29)38-4/h7-8,14-18,22-24,28,33H,5-6,10-12,19-21H2,1-4H3/t22-,23+,28+/m0/s1",25672,COc1ccccc1S(=O)(=O)N(C)C[C@H]2Oc3cc(ccc3S(=O)(=O)N(C[C@@H]2C)[C@H](C)CO)C#CCC4CCCC4,NA
Input,CHEMBL2354415,0.20794425,InputSig,NA,NA,LINCSCP_61539,VCAP,5uM,6h,prostate,NA,NA,RWOMJVAVZPFCIF-QLVXXPONSA-N,"InChI=1S/C30H33N3O5S/c1-21-17-33(22(2)19-34)30(35)28-14-7-6-13-27(28)26-12-5-4-10-24(26)20-38-29(21)18-32(3)39(36,37)25-11-8-9-23(15-25)16-31/h4-15,21-22,29,34H,17-20H2,1-3H3/t21-,22-,29+/m1/s1",17423,C[C@H](CO)N1C[C@@H](C)[C@H](CN(C)S(=O)(=O)c2cccc(c2)C#N)OCc3ccccc3c4ccccc4C1=O,NA
Input,MLS003649975,0.20788305,InputSig,NA,NA,LINCSCP_62108,VCAP,5uM,6h,prostate,NA,NA,LRDWIZFOJOHHOT-CDHQVMDDSA-N,"InChI=1S/C21H22Cl2N2O5S/c22-17-8-6-14(10-18(17)23)12-24-21(27)11-15-7-9-19(20(13-26)30-15)25-31(28,29)16-4-2-1-3-5-16/h1-10,15,19-20,25-26H,11-13H2,(H,24,27)/t15-,19-,20-/m1/s1",37708,OC[C@H]1O[C@@H](CC(=O)NCc2ccc(Cl)c(Cl)c2)C=C[C@H]1NS(=O)(=O)c3ccccc3,NA
Input,EX527,0.20774274,InputSig,NA,NA,LINCSCP_143294,MCF7,0.37uM,24h,breast,SIRT inhibitor,SIRT1,FUZYTVDVLBBXDL-UHFFFAOYSA-N,"InChI=1S/C13H13ClN2O/c14-7-4-5-11-10(6-7)8-2-1-3-9(13(15)17)12(8)16-11/h4-6,9,16H,1-3H2,(H2,15,17)",39848,NC(=O)C1CCCc2c1[nH]c3ccc(Cl)cc23,NA
Input,BRD-K76528265,0.20763631,InputSig,NA,NA,LINCSCP_311353,VCAP,10uM,24h,prostate,NA,NA,HABPCLIMXOARHP-WMTXJRDZSA-N,"InChI=1S/C25H26FN3O3/c1-27(2)13-3-4-17-5-7-18(8-6-17)24-21-14-28(15-23(31)29(21)22(24)16-30)25(32)19-9-11-20(26)12-10-19/h5-12,21-22,24,30H,13-16H2,1-2H3/t21-,22+,24+/m0/s1",13530,CN(C)CC#Cc1ccc(cc1)[C@H]2[C@@H](CO)N3[C@H]2CN(CC3=O)C(=O)c4ccc(F)cc4,NA
Input,SCHEMBL618594,0.20761513,InputSig,NA,NA,LINCSCP_84392,ASC,1.11uM,24h,adipose,NA,NA,KZLQLABUFJNPSZ-UHFFFAOYSA-N,"InChI=1S/C28H39N7O3/c1-18-15-25(36)34(3)23-17-29-28(32-26(23)35(18)21-7-5-6-8-21)31-22-10-9-19(16-24(22)38-4)27(37)30-20-11-13-33(2)14-12-20/h9-10,16-18,20-21H,5-8,11-15H2,1-4H3,(H,30,37)(H,29,31,32)",25573,COc1cc(ccc1Nc2ncc3N(C)C(=O)CC(C)N(C4CCCC4)c3n2)C(=O)NC5CCN(C)CC5,NA
Input,Tirasemtiv,0.20755261,InputSig,NA,NA,LINCSCP_123335,HT29,0.12uM,24h,large intestine,NA,NA,RSQGZEAXODVTOL-UHFFFAOYSA-N,"InChI=1S/C12H14N4O/c1-4-8-7-13-10-11(14-8)16(12(17)15-10)9(5-2)6-3/h1,7,9H,5-6H2,2-3H3,(H,13,15,17)",27153,CCC(CC)N1C(=O)Nc2ncc(nc12)C#C,NA
Input,Cromakalim,0.20748647,InputSig,NA,NA,LINCSCP_7135,A549,10uM,6h,lung,Potassium channel activator,KCNJ8,TVZCRIROJQEVOT-UHFFFAOYSA-N,"InChI=1S/C16H18N2O3/c1-16(2)15(20)14(18-7-3-4-13(18)19)11-8-10(9-17)5-6-12(11)21-16/h5-6,8,14-15,20H,3-4,7H2,1-2H3",35423,CC1(C)Oc2ccc(cc2C(C1O)N3CCCC3=O)C#N,NA
Input,Cromakalim,0.20748647,InputSig,NA,NA,LINCSCP_7135,A549,10uM,6h,lung,Potassium channel activator,KCNJ8,BVMDRSUIADWFLV-PNSAJKJISA-N,"InChI=1S/2C16H18N2O3/c2*1-16(2)15(20)14(18-7-3-4-13(18)19)11-8-10(9-17)5-6-12(11)21-16/h2*5-6,8,14-15,20H,3-4,7H2,1-2H3/t2*14-,15+/m10/s1",26574,CC1(C)Oc2ccc(cc2[C@@H]([C@H]1O)N3CCCC3=O)C#N.CC4(C)Oc5ccc(cc5[C@H]([C@@H]4O)N6CCCC6=O)C#N,NA
Input,Tyrphostin 23,0.20731195,InputSig,NA,NA,LINCSCP_289644,VCAP,10uM,24h,prostate,EGFR inhibitor|Tyrosine kinase inhibitor,EGFR,VTJXFTPMFYAJJU-UHFFFAOYSA-N,"InChI=1S/C10H6N2O2/c11-5-8(6-12)3-7-1-2-9(13)10(14)4-7/h1-4,13-14H",35815,Oc1ccc(C=C(C#N)C#N)cc1O,NA
Input,4L7B,0.20717327,InputSig,NA,NA,LINCSCP_38580,MCF7,0.41uM,24h,breast,Kelch-like ECH-associated protein ligand,KEAP1,LNENLABLFGGAFF-BHIFYINESA-N,"InChI=1S/C26H26N2O5/c29-23(20-11-5-6-12-21(20)26(32)33)27-14-13-16-7-1-2-8-17(16)22(27)15-28-24(30)18-9-3-4-10-19(18)25(28)31/h1-4,7-10,20-22H,5-6,11-15H2,(H,32,33)/t20-,21+,22-/m1/s1",39907,OC(=O)[C@H]1CCCC[C@H]1C(=O)N2CCc3ccccc3[C@H]2CN4C(=O)c5ccccc5C4=O,NA
Input,BRD-K39504007,0.20717007,InputSig,NA,NA,LINCSCP_277891,PC3,10uM,24h,prostate,NA,NA,MOMUNQNAFOIKEQ-GBPFJNKXSA-N,"InChI=1S/C24H32N2O5/c27-13-21-23-19(11-17(30-21)12-22(28)25-15-6-1-2-7-15)18-10-16(8-9-20(18)31-23)26-24(29)14-4-3-5-14/h8-10,14-15,17,19,21,23,27H,1-7,11-13H2,(H,25,28)(H,26,29)/t17-,19+,21+,23-/m0/s1",3015,OC[C@H]1O[C@H](CC(=O)NC2CCCC2)C[C@H]3[C@@H]1Oc4ccc(NC(=O)C5CCC5)cc34,NA
Input,Emtricitabine,0.20712016,InputSig,NA,NA,LINCSCP_106492,HELA,1.11uM,24h,large intestine,Human immunodeficiency virus type 1 reverse transcriptase inhibitor,NA,XQSPYNMVSIKCOC-NTSWFWBYSA-N,"InChI=1S/C8H10FN3O3S/c9-4-1-12(8(14)11-7(4)10)5-3-16-6(2-13)15-5/h1,5-6,13H,2-3H2,(H2,10,11,14)/t5-,6+/m0/s1",26930,NC1=NC(=O)N(C=C1F)[C@@H]2CS[C@H](CO)O2,4
Input,Rivaroxaban,0.20708917,InputSig,NA,NA,LINCSCP_108310,HELA,0.04uM,24h,large intestine,NA,NA,KGFYHTZWPPHNLQ-UHFFFAOYSA-N,"InChI=1S/C19H18ClN3O5S/c20-16-6-5-15(29-16)18(25)21-9-14-10-23(19(26)28-14)13-3-1-12(2-4-13)22-7-8-27-11-17(22)24/h1-6,14H,7-11H2,(H,21,25)",27151,Clc1ccc(s1)C(=O)NCC2CN(C(=O)O2)c3ccc(cc3)N4CCOCC4=O,NA
Input,Rivaroxaban,0.20708917,InputSig,NA,NA,LINCSCP_108310,HELA,0.04uM,24h,large intestine,NA,NA,KGFYHTZWPPHNLQ-AWEZNQCLSA-N,"InChI=1S/C19H18ClN3O5S/c20-16-6-5-15(29-16)18(25)21-9-14-10-23(19(26)28-14)13-3-1-12(2-4-13)22-7-8-27-11-17(22)24/h1-6,14H,7-11H2,(H,21,25)/t14-/m0/s1",23271,Clc1ccc(s1)C(=O)NC[C@H]2CN(C(=O)O2)c3ccc(cc3)N4CCOCC4=O,4
Input,BRN 1601185,0.20708255,InputSig,NA,NA,LINCSCP_27254,HT29,10uM,6h,large intestine,NA,NA,FCSIXXHVPJCRTN-UHFFFAOYSA-N,"InChI=1S/C19H23N3O4/c1-24-15-12-14(13-16(25-2)18(15)26-3)19(23)22-10-8-21(9-11-22)17-6-4-5-7-20-17/h4-7,12-13H,8-11H2,1-3H3",18238,COc1cc(cc(OC)c1OC)C(=O)N2CCN(CC2)c3ccccn3,NA
Input,SA-89068,0.20703556,InputSig,NA,NA,LINCSCP_37202,MCF7,0.5uM,6h,breast,NA,NA,JVQYZDSRPVTFBX-SOTYFPCESA-N,"InChI=1S/C35H40N4O6/c1-22-16-39(23(2)20-40)35(42)28-15-26(36-34(41)14-25-18-38(4)29-8-6-5-7-27(25)29)10-12-30(28)45-33(22)19-37(3)17-24-9-11-31-32(13-24)44-21-43-31/h5-13,15,18,22-23,33,40H,14,16-17,19-21H2,1-4H3,(H,36,41)/t22-,23+,33-/m1/s1",34129,C[C@@H](CO)N1C[C@@H](C)[C@@H](CN(C)Cc2ccc3OCOc3c2)Oc4ccc(NC(=O)Cc5cn(C)c6ccccc56)cc4C1=O,NA
Input,BRD-K10087454,0.20699689,InputSig,NA,NA,LINCSCP_8878,A549,10uM,24h,lung,NA,NA,KNZOATPLJIEOET-BILGYAHESA-N,"InChI=1S/C28H48N4O5/c1-19(2)29-28(35)31(8)17-26-20(3)16-32(21(4)18-33)27(34)24-15-23(30(6)7)12-13-25(24)37-22(5)11-9-10-14-36-26/h12-13,15,19-22,26,33H,9-11,14,16-18H2,1-8H3,(H,29,35)/t20-,21-,22-,26+/m1/s1",25480,CC(C)NC(=O)N(C)C[C@@H]1OCCCC[C@@H](C)Oc2ccc(cc2C(=O)N(C[C@H]1C)[C@H](C)CO)N(C)C,NA
Input,Prostoglandin A1,0.20697054,InputSig,NA,NA,LINCSCP_41840,NOMO1,1uM,6h,haematopoietic and lymphoid tissue,HSP inducer|NFkB pathway inhibitor,NA,BGKHCLZFGPIKKU-LDDQNKHRSA-N,"InChI=1S/C20H32O4/c1-2-3-6-9-17(21)14-12-16-13-15-19(22)18(16)10-7-4-5-8-11-20(23)24/h12-18,21H,2-11H2,1H3,(H,23,24)/b14-12+/t16-,17-,18+/m0/s1",37799,CCCCC[C@H](O)\C=C\[C@H]1C=CC(=O)[C@@H]1CCCCCCC(=O)O,NA
Input,BRD-K05912972,0.20694286,InputSig,NA,NA,LINCSCP_64739,VCAP,10uM,6h,prostate,NA,NA,HYEFXMLKRFQNEN-PWRHEVILSA-N,"InChI=1S/C34H48N4O7/c1-22-17-38(23(2)20-39)33(40)28-15-26(35-34(41)36-27-11-13-30-31(16-27)44-21-43-30)10-12-29(28)45-24(3)7-5-6-14-42-32(22)19-37(4)18-25-8-9-25/h10-13,15-16,22-25,32,39H,5-9,14,17-21H2,1-4H3,(H2,35,36,41)/t22-,23+,24-,32+/m0/s1",11745,C[C@H](CO)N1C[C@H](C)[C@@H](CN(C)CC2CC2)OCCCC[C@H](C)Oc3ccc(NC(=O)Nc4ccc5OCOc5c4)cc3C1=O,NA
Input,BRD-K50608366,0.20689555,InputSig,NA,NA,LINCSCP_61051,VCAP,5uM,24h,prostate,NA,NA,FPIGUEAYUNMTQH-YTZAWJCFSA-N,"InChI=1S/C27H35ClN4O5/c1-6-25(33)32-14-17(2)24(36-5)15-31(4)26(34)22-12-11-21(13-23(22)37-16-18(32)3)30-27(35)29-20-9-7-19(28)8-10-20/h7-13,17-18,24H,6,14-16H2,1-5H3,(H2,29,30,35)/t17-,18+,24+/m1/s1",38603,CCC(=O)N1C[C@@H](C)[C@H](CN(C)C(=O)c2ccc(NC(=O)Nc3ccc(Cl)cc3)cc2OC[C@@H]1C)OC,NA
Input,QL-X-138,0.20688779,InputSig,NA,NA,LINCSCP_49997,PHH,10uM,24h,NA,MTOR inhibitor,BTK|JAK3|MKNK2|MTOR|PRKDC,NA,NA,42747,NA,NA
Input,YL-59,0.2068603,InputSig,NA,NA,LINCSCP_47396,PC3,10uM,6h,prostate,NA,NA,GGLDQJNBYFODOM-HQYAZLBHSA-N,"InChI=1S/C103H184N40O26S/c1-13-55(6)77(141-87(161)62(29-23-45-123-99(113)114)130-82(156)60(27-21-43-121-97(109)110)128-74(147)38-48-119-58(9)144)93(167)135-65(32-35-72(104)145)84(158)134-68(39-49-170-12)86(160)137-70(51-54(4)5)89(163)138-69(50-53(2)3)88(162)133-66(33-36-75(148)149)81(155)127-56(7)79(153)126-57(8)80(154)136-71(52-73(105)146)90(164)132-64(31-25-47-125-101(117)118)92(166)143-103(11)41-19-17-15-14-16-18-40-102(10,94(168)139-59(78(106)152)26-20-42-120-96(107)108)142-91(165)63(30-24-46-124-100(115)116)131-83(157)61(28-22-44-122-98(111)112)129-85(159)67(140-95(103)169)34-37-76(150)151/h14-15,53-57,59-71,77H,13,16-52H2,1-12H3,(H2,104,145)(H2,105,146)(H2,106,152)(H,119,144)(H,126,153)(H,127,155)(H,128,147)(H,129,159)(H,130,156)(H,131,157)(H,132,164)(H,133,162)(H,134,158)(H,135,167)(H,136,154)(H,137,160)(H,138,163)(H,139,168)(H,140,169)(H,141,161)(H,142,165)(H,143,166)(H,148,149)(H,150,151)(H4,107,108,120)(H4,109,110,121)(H4,111,112,122)(H4,113,114,123)(H4,115,116,124)(H4,117,118,125)/b15-14-/t55-,56-,57-,59-,60-,61-,62-,63-,64-,65-,66-,67-,68-,69-,70-,71-,77-,102+,103+/m0/s1",5602,CC[C@H](C)[C@H](NC(=O)[C@H](CCCNC(=N)N)NC(=O)[C@H](CCCNC(=N)N)NC(=O)CCNC(=O)C)C(=O)N[C@@H](CCC(=O)N)C(=O)N[C@@H](CCSC)C(=O)N[C@@H](CC(C)C)C(=O)N[C@@H](CC(C)C)C(=O)N[C@@H](CCC(=O)O)C(=O)N[C@@H](C)C(=O)N[C@@H](C)C(=O)N[C@@H](CC(=O)N)C(=O)N[C@@H](CCCNC(=N)N)C(=O)N[C@]1(C)CCC\C=C/CCC[C@@](C)(NC(=O)[C@H](CCCNC(=N)N)NC(=O)[C@H](CCCNC(=N)N)NC(=O)[C@H](CCC(=O)O)NC1=O)C(=O)N[C@@H](CCCNC(=N)N)C(=O)N,NA
Input,Broad-Sai-443,0.20684855,InputSig,NA,NA,LINCSCP_20948,HCC515,0.12uM,24h,lung,NA,NA,NA,NA,NA,NA,NA
Input,SGX-523,0.20681165,InputSig,NA,NA,LINCSCP_101055,HCC515,0.37uM,24h,lung,Hepatocyte growth factor receptor inhibitor,MET,BCZUAADEACICHN-UHFFFAOYSA-N,"InChI=1S/C18H13N7S/c1-24-11-13(10-20-24)16-6-7-17-21-22-18(25(17)23-16)26-14-4-5-15-12(9-14)3-2-8-19-15/h2-11H,1H3",35286,Cn1cc(cn1)c2ccc3nnc(Sc4ccc5ncccc5c4)n3n2,1
Input,SCHEMBL15556278,0.20676391,InputSig,NA,NA,LINCSCP_114667,HME1,10uM,24h,breast,Ephrin inhibitor,DDR1,IYUFHBXMTTXZBE-UHFFFAOYSA-N,"InChI=1S/C23H18F3N5O3/c1-13-3-4-17(10-19(13)30-22(33)20-5-6-28-34-20)29-21(32)15-7-16(23(24,25)26)9-18(8-15)31-11-14(2)27-12-31/h3-12H,1-2H3,(H,29,32)(H,30,33)",24692,Cc1cn(cn1)c2cc(cc(c2)C(F)(F)F)C(=O)Nc3ccc(C)c(NC(=O)c4oncc4)c3,NA
Input,Bisindolylmaleimide IX,0.20669076,InputSig,NA,NA,LINCSCP_22729,HEPG2,10uM,6h,liver,PKC inhibitor,SIRT1,DSXXEELGXBCYNQ-UHFFFAOYSA-N,"InChI=1S/C25H23N5O2S/c1-29-13-17(15-7-2-4-9-19(15)29)21-22(24(32)28-23(21)31)18-14-30(11-6-12-33-25(26)27)20-10-5-3-8-16(18)20/h2-5,7-10,13-14H,6,11-12H2,1H3,(H3,26,27)(H,28,31,32)",35487,Cn1cc(C2=C(C(=O)NC2=O)c3cn(CCCSC(=N)N)c4ccccc34)c5ccccc15,NA
Input,SB239063,0.20657965,InputSig,NA,NA,LINCSCP_149364,NPC,0.37uM,24h,neural progenitor cells,P38 MAPK inhibitor,MAPK11|MAPK14,ZQUSFAUAYSEREK-UHFFFAOYSA-N,"InChI=1S/C20H21FN4O2/c1-27-20-22-11-10-17(24-20)19-18(13-2-4-14(21)5-3-13)23-12-25(19)15-6-8-16(26)9-7-15/h2-5,10-12,15-16,26H,6-9H2,1H3",35263,COc1nccc(n1)c2c(ncn2C3CCC(O)CC3)c4ccc(F)cc4,NA
Input,Diclofensine (hydrochloride),0.20657932,InputSig,NA,NA,LINCSCP_139817,MCF7,0.04uM,24h,breast,NA,NA,ZJDCGVDEEHWEIG-UHFFFAOYSA-N,"InChI=1S/C17H17Cl2NO/c1-20-9-12-7-13(21-2)4-5-14(12)15(10-20)11-3-6-16(18)17(19)8-11/h3-8,15H,9-10H2,1-2H3",26832,COc1ccc2C(CN(C)Cc2c1)c3ccc(Cl)c(Cl)c3,NA
Input,BRD-K45735142,0.20652011,InputSig,NA,NA,LINCSCP_60766,VCAP,5uM,24h,prostate,NA,NA,DSHPDBIZJLDJKA-KHCICDEESA-N,"InChI=1S/C25H37N5O5/c1-18-12-30(19(2)16-31)25(32)5-4-8-29-14-21(26-27-29)17-35-24(18)15-28(3)13-20-6-7-22-23(11-20)34-10-9-33-22/h6-7,11,14,18-19,24,31H,4-5,8-10,12-13,15-17H2,1-3H3/t18-,19-,24-/m1/s1",23488,C[C@H](CO)N1C[C@@H](C)[C@@H](CN(C)Cc2ccc3OCCOc3c2)OCc4cn(CCCC1=O)nn4,NA
Input,Naftopidil,0.20645684,InputSig,NA,NA,LINCSCP_156805,PC3,3.33uM,24h,prostate,Adrenergic receptor antagonist,NA,HRRBJVNMSRJFHQ-UHFFFAOYSA-N,"InChI=1S/C24H28N2O3/c1-28-24-11-5-4-10-22(24)26-15-13-25(14-16-26)17-20(27)18-29-23-12-6-8-19-7-2-3-9-21(19)23/h2-12,20,27H,13-18H2,1H3",36222,COc1ccccc1N2CCN(CC(O)COc3cccc4ccccc34)CC2,3
Input,Apigenin,0.20645577,InputSig,NA,NA,LINCSCP_59017,VCAP,10uM,6h,prostate,Casein kinase inhibitor|Cell proliferation inhibitor|Cytochrome P450 inhibitor,NA,KZNIFHPLKGYRTM-UHFFFAOYSA-N,"InChI=1S/C15H10O5/c16-9-3-1-8(2-4-9)13-7-12(19)15-11(18)5-10(17)6-14(15)20-13/h1-7,16-18H",27873,Oc1ccc(cc1)C2=CC(=O)c3c(O)cc(O)cc3O2,NA
Input,BRD-K07125273,0.20642296,InputSig,NA,NA,LINCSCP_252134,MCF7,10uM,24h,breast,NA,NA,VIAXYKVUXVILCJ-QSFXBCCZSA-N,"InChI=1S/C23H26N2O6S/c1-25-18-7-6-15(11-22(27)29-2)31-20(18)13-30-19-8-5-14(10-17(19)23(25)28)24-21(26)12-16-4-3-9-32-16/h3-5,8-10,15,18,20H,6-7,11-13H2,1-2H3,(H,24,26)/t15-,18-,20-/m0/s1",33717,COC(=O)C[C@@H]1CC[C@H]2[C@H](COc3ccc(NC(=O)Cc4cccs4)cc3C(=O)N2C)O1,NA
Input,Dacomitinib,0.20622705,InputSig,NA,NA,LINCSCP_165384,SKL,1.11uM,24h,skeletal muscle,Epidermal growth factor receptor erbB1 inhibitor|Epidermal growth factor receptor inhibitor|Receptor protein-tyrosine kinase erbB-2 inhibitor|Receptor protein-tyrosine kinase erbB-4 inhibitor,EGFR|ERBB2|ERBB3|ERBB4,LVXJQMNHJWSHET-AATRIKPKSA-N,"InChI=1S/C24H25ClFN5O2/c1-33-22-14-20-17(24(28-15-27-20)29-16-7-8-19(26)18(25)12-16)13-21(22)30-23(32)6-5-11-31-9-3-2-4-10-31/h5-8,12-15H,2-4,9-11H2,1H3,(H,30,32)(H,27,28,29)/b6-5+",5080,COc1cc2ncnc(Nc3ccc(F)c(Cl)c3)c2cc1NC(=O)\C=C\CN4CCCCC4,3
Input,181144-66-1,0.20614044,InputSig,NA,NA,LINCSCP_108838,HELA,0.04uM,24h,large intestine,NA,NA,MHUUDVZSPFRUSK-UHFFFAOYSA-N,"InChI=1S/C14H12FN3O2/c15-11-3-7-13(8-4-11)20-12-5-1-10(2-6-12)9-17-18-14(16)19/h1-9H,(H3,16,18,19)",22542,NC(=O)NN=Cc1ccc(Oc2ccc(F)cc2)cc1,NA
Input,Triamterene,0.20608777,InputSig,NA,NA,LINCSCP_56308,VCAP,10uM,24h,prostate,"Amiloride-sensitive sodium channel, ENaC blocker",SCNN1A|SCNN1B|SCNN1G,FNYLWPVRPXGIIP-UHFFFAOYSA-N,"InChI=1S/C12H11N7/c13-9-7(6-4-2-1-3-5-6)16-8-10(14)18-12(15)19-11(8)17-9/h1-5H,(H6,13,14,15,17,18,19)",7545,Nc1nc(N)c2nc(c(N)nc2n1)c3ccccc3,4
Input,Minaprine,0.20608718,InputSig,NA,NA,LINCSCP_138695,MCF7,0.04uM,24h,breast,Serotonin reuptake inhibitor,HTR2B|SLC6A4,LDMWSLGGVTVJPG-UHFFFAOYSA-N,"InChI=1S/C17H22N4O/c1-14-13-16(15-5-3-2-4-6-15)19-20-17(14)18-7-8-21-9-11-22-12-10-21/h2-6,13H,7-12H2,1H3,(H,18,20)",15377,Cc1cc(nnc1NCCN2CCOCC2)c3ccccc3,4
Input,Ricolinostat,0.20597359,InputSig,NA,NA,LINCSCP_165713,SKL,3.33uM,24h,skeletal muscle,NA,NA,QGZYDVAGYRLSKP-UHFFFAOYSA-N,"InChI=1S/C24H27N5O3/c30-22(28-32)15-9-1-2-10-16-25-23(31)19-17-26-24(27-18-19)29(20-11-5-3-6-12-20)21-13-7-4-8-14-21/h3-8,11-14,17-18,32H,1-2,9-10,15-16H2,(H,25,31)(H,28,30)",16569,ONC(=O)CCCCCCNC(=O)c1cnc(nc1)N(c2ccccc2)c3ccccc3,1
Input,Lapatinib,0.20592377,InputSig,NA,NA,LINCSCP_251525,MCF7,0.1uM,6h,breast,EGFR inhibitor|ErbB2 inhibitor,EGFR|ERBB2,BCFGMOOMADDAQU-UHFFFAOYSA-N,"InChI=1S/C29H26ClFN4O4S/c1-40(36,37)12-11-32-16-23-7-10-27(39-23)20-5-8-26-24(14-20)29(34-18-33-26)35-22-6-9-28(25(30)15-22)38-17-19-3-2-4-21(31)13-19/h2-10,13-15,18,32H,11-12,16-17H2,1H3,(H,33,34,35)",35268,CS(=O)(=O)CCNCc1oc(cc1)c2ccc3ncnc(Nc4ccc(OCc5cccc(F)c5)c(Cl)c4)c3c2,4
Input,PKC Beta Inhibitor,0.20568289,InputSig,NA,NA,LINCSCP_54813,T3M10,10uM,6h,lung,PKC inhibitor,PRKCB,KIWODJBCHRADND-UHFFFAOYSA-N,"InChI=1S/C24H21N5O2/c30-23-21(22(24(31)27-23)26-17-7-2-1-3-8-17)19-15-29(20-10-5-4-9-18(19)20)13-6-12-28-14-11-25-16-28/h1-5,7-11,14-16H,6,12-13H2,(H2,26,27,30,31)",36303,O=C1NC(=O)C(=C1Nc2ccccc2)c3cn(CCCn4ccnc4)c5ccccc35,NA
Input,SA-85290,0.20554025,InputSig,NA,NA,LINCSCP_252402,MCF7,1uM,6h,breast,NA,NA,ZSZRFUWYOKUGNE-UDKTZTBJSA-N,"InChI=1S/C34H45N5O5/c1-22-18-39(23(2)21-40)33(42)28-17-26(35-32(41)16-24-19-37(3)29-13-9-8-12-27(24)29)14-15-30(28)44-31(22)20-38(4)34(43)36-25-10-6-5-7-11-25/h8-9,12-15,17,19,22-23,25,31,40H,5-7,10-11,16,18,20-21H2,1-4H3,(H,35,41)(H,36,43)/t22-,23+,31+/m1/s1",11996,C[C@@H](CO)N1C[C@@H](C)[C@H](CN(C)C(=O)NC2CCCCC2)Oc3ccc(NC(=O)Cc4cn(C)c5ccccc45)cc3C1=O,NA
Input,PF-04217903,0.20552269,InputSig,NA,NA,LINCSCP_146443,NEU,3.33uM,24h,NA,C-Met inhibitor,MET,PDMUGYOXRHVNMO-UHFFFAOYSA-N,"InChI=1S/C19H16N8O/c28-7-6-26-12-15(9-22-26)17-10-21-18-19(23-17)27(25-24-18)11-13-3-4-16-14(8-13)2-1-5-20-16/h1-5,8-10,12,28H,6-7,11H2",4162,OCCn1cc(cn1)c2cnc3nnn(Cc4ccc5ncccc5c4)c3n2,1
Input,Droperidol,0.20544906,InputSig,NA,NA,LINCSCP_18991,HCC515,10uM,24h,lung,Dopamine receptor antagonist,DRD2,RMEDXOLNCUSCGS-UHFFFAOYSA-N,"InChI=1S/C22H22FN3O2/c23-17-9-7-16(8-10-17)21(27)6-3-13-25-14-11-18(12-15-25)26-20-5-2-1-4-19(20)24-22(26)28/h1-2,4-5,7-11H,3,6,12-15H2,(H,24,28)",23111,Oc1nc2ccccc2n1C3=CCN(CCCC(=O)c4ccc(F)cc4)CC3,4
Input,Nicotin-Amide,0.2053937,InputSig,NA,NA,LINCSCP_73920,A375,10uM,24h,skin,Protein synthesis stimulant,PARP1,DFPAKSUCGFBDDF-UHFFFAOYSA-N,"InChI=1S/C6H6N2O/c7-6(9)5-2-1-3-8-4-5/h1-4H,(H2,7,9)",36625,NC(=O)c1cccnc1,4
Input,MLS002264465,0.20539347,InputSig,NA,NA,LINCSCP_57793,VCAP,10uM,24h,prostate,NA,NA,DEVPNNKKGPZYFO-UHFFFAOYSA-N,"InChI=1S/C20H12N6S3/c1-26-20(23-24-25-26)29-19-16-14(9-27-18(16)21-10-22-19)13-7-4-6-12-11-5-2-3-8-15(11)28-17(12)13/h2-10H,1H3",4148,Cn1nnnc1Sc2ncnc3scc(c4cccc5c6ccccc6sc45)c23,NA
Input,AMG 487,0.20535356,InputSig,NA,NA,LINCSCP_120656,HT29,0.37uM,24h,large intestine,NA,NA,WQTKNBPCJKRYPA-OAQYLSRUSA-N,"InChI=1S/C32H28F3N5O4/c1-3-43-25-14-10-24(11-15-25)40-30(38-29-27(31(40)42)7-5-17-37-29)21(2)39(20-23-6-4-16-36-19-23)28(41)18-22-8-12-26(13-9-22)44-32(33,34)35/h4-17,19,21H,3,18,20H2,1-2H3/t21-/m1/s1",27138,CCOc1ccc(cc1)N2C(=O)c3cccnc3N=C2[C@@H](C)N(Cc4cccnc4)C(=O)Cc5ccc(OC(F)(F)F)cc5,NA
Input,HG-9-91-01,0.20530948,InputSig,NA,NA,LINCSCP_128206,HUES3,10uM,24h,NA,NA,NA,YVHQGJBMHCXEPW-UHFFFAOYSA-N,"InChI=1S/C33H39N7O4/c1-22-8-7-9-23(2)32(22)37-33(41)40(27-13-11-25(42-4)19-29(27)44-6)31-20-30(34-21-35-31)36-26-12-10-24(18-28(26)43-5)39-16-14-38(3)15-17-39/h7-13,18-21H,14-17H2,1-6H3,(H,37,41)(H,34,35,36)",22308,COc1ccc(N(C(=O)Nc2c(C)cccc2C)c3cc(Nc4ccc(cc4OC)N5CCN(C)CC5)ncn3)c(OC)c1,NA
Input,Diethylcarbamazine,0.20523542,InputSig,NA,NA,LINCSCP_44570,PC3,10uM,24h,prostate,Lipoxygenase inhibitor,ALOX5,RCKMWOKWVGPNJF-UHFFFAOYSA-N,"InChI=1S/C10H21N3O/c1-4-12(5-2)10(14)13-8-6-11(3)7-9-13/h4-9H2,1-3H3",34205,CCN(CC)C(=O)N1CCN(C)CC1,4
Input,BRD-K78904620,0.2050871,InputSig,NA,NA,LINCSCP_27389,HT29,5uM,24h,large intestine,NA,NA,CUCZIJHOBJDKMN-YVHKJVDXSA-N,"InChI=1S/C24H32N4O4/c1-16-13-28(17(2)15-29)23(30)20-12-19(10-11-21(20)32-22(16)14-27(3)4)26-24(31)25-18-8-6-5-7-9-18/h5-12,16-17,22,29H,13-15H2,1-4H3,(H2,25,26,31)/t16-,17-,22+/m1/s1",33698,C[C@H](CO)N1C[C@@H](C)[C@H](CN(C)C)Oc2ccc(NC(=O)Nc3ccccc3)cc2C1=O,NA
Input,Dihydrorobustic acid,0.20508228,InputSig,NA,NA,LINCSCP_56078,VCAP,10uM,24h,prostate,NA,NA,WJMJXJYEGROEHH-UHFFFAOYSA-N,"InChI=1S/C22H22O6/c1-22(2)10-9-14-15(28-22)11-16-18(20(14)26-4)19(23)17(21(24)27-16)12-5-7-13(25-3)8-6-12/h5-8,11,23H,9-10H2,1-4H3",36165,COc1ccc(cc1)C2=C(O)c3c(OC2=O)cc4OC(C)(C)CCc4c3OC,NA
Input,MLS002460410,0.20499296,InputSig,NA,NA,LINCSCP_267762,PC3,10uM,24h,prostate,NA,NA,CFBONDGWZILACS-UHFFFAOYSA-N,"InChI=1S/C14H11NOS2/c16-14(12-5-2-7-17-12)15-9-11-4-1-3-10-6-8-18-13(10)11/h1-8H,9H2,(H,15,16)",5171,O=C(NCc1cccc2ccsc12)c3cccs3,NA
Input,Tyrphostin 25,0.20490715,InputSig,NA,NA,LINCSCP_14678,HA1E,10uM,24h,kidney epithelial,EGFR inhibitor,EGFR,YZOFLYUAQDJWKV-UHFFFAOYSA-N,"InChI=1S/C10H6N2O3/c11-4-7(5-12)1-6-2-8(13)10(15)9(14)3-6/h1-3,13-15H",5405,Oc1cc(C=C(C#N)C#N)cc(O)c1O,NA
Input,BRD-K77983109,0.2048492,InputSig,NA,NA,LINCSCP_64217,VCAP,5uM,24h,prostate,NA,NA,IEZOTXDZAGKSTL-BCVXLEMTSA-N,"InChI=1S/C34H50N4O6/c1-23(2)35-34(42)36-28-15-16-30-29(19-28)33(41)38(25(4)22-39)20-24(3)31(43-17-11-10-12-26(5)44-30)21-37(6)32(40)18-27-13-8-7-9-14-27/h7-9,13-16,19,23-26,31,39H,10-12,17-18,20-22H2,1-6H3,(H2,35,36,42)/t24-,25+,26+,31+/m0/s1",25610,CC(C)NC(=O)Nc1ccc2O[C@H](C)CCCCO[C@H](CN(C)C(=O)Cc3ccccc3)[C@@H](C)CN([C@H](C)CO)C(=O)c2c1,NA
Input,"VX-222 (VCH-222, Lomibuvir)",0.20483779,InputSig,NA,NA,LINCSCP_160831,PC3,0.04uM,24h,prostate,NA,NA,WPMJNLCLKAKMLA-UGLKCIBTSA-N,"InChI=1S/C25H35NO4S/c1-16-5-7-17(8-6-16)23(28)26(18-9-11-19(27)12-10-18)21-15-20(13-14-25(2,3)4)31-22(21)24(29)30/h15-19,27H,5-12H2,1-4H3,(H,29,30)/t16-,17-,18-,19+",26494,C[C@@H]1CC[C@H](CC1)C(=O)N([C@@H]2CC[C@H](O)CC2)c3cc(C#CC(C)(C)C)sc3C(=O)O,NA
Input,1-(4-Bromophenyl)-3-morpholin-4-yl-2-phenylpropan-1-one,0.20475106,InputSig,NA,NA,LINCSCP_20360,HCC515,10uM,6h,lung,NA,NA,GBENPFHLRCFAOS-UHFFFAOYSA-N,"InChI=1S/C19H20BrNO2/c20-17-8-6-16(7-9-17)19(22)18(15-4-2-1-3-5-15)14-21-10-12-23-13-11-21/h1-9,18H,10-14H2",750,Brc1ccc(cc1)C(=O)C(CN2CCOCC2)c3ccccc3,NA
Input,Estriol,0.20460014,InputSig,NA,NA,LINCSCP_28593,HT29,1.11uM,24h,large intestine,Estrogen receptor agonist,ESR1|ESR2,PROQIPRRNZUXQM-ZXXIGWHRSA-N,"InChI=1S/C18H24O3/c1-18-7-6-13-12-5-3-11(19)8-10(12)2-4-14(13)15(18)9-16(20)17(18)21/h3,5,8,13-17,19-21H,2,4,6-7,9H2,1H3/t13-,14-,15+,16-,17+,18+/m1/s1",35573,C[C@]12CC[C@H]3[C@@H](CCc4cc(O)ccc34)[C@@H]1C[C@@H](O)[C@@H]2O,4
Input,BRD-K94206926,0.20450808,InputSig,NA,NA,LINCSCP_195524,A549,5uM,24h,lung,NA,NA,LINNEEFEDHMFDS-LRDNONRASA-N,"InChI=1S/C22H32N4O6S/c1-13-10-23-14(2)12-31-19-8-7-17(9-18(19)22(27)26(5)11-20(13)30-6)25-33(28,29)21-15(3)24-32-16(21)4/h7-9,13-14,20,23,25H,10-12H2,1-6H3/t13-,14+,20+/m0/s1",25310,CO[C@@H]1CN(C)C(=O)c2cc(NS(=O)(=O)c3c(C)onc3C)ccc2OC[C@@H](C)NC[C@@H]1C,NA
Input,RESORCINOL,0.20447379,InputSig,NA,NA,LINCSCP_142821,MCF7,0.12uM,24h,breast,NA,NA,GHMLBKRAJCXXBS-UHFFFAOYSA-N,"InChI=1S/C6H6O2/c7-5-2-1-3-6(8)4-5/h1-4,7-8H",27113,Oc1cccc(O)c1,4
Input,BRD-K95419055,0.20447356,InputSig,NA,NA,LINCSCP_48170,PC3,5uM,24h,prostate,NA,NA,OANCONKVZGQSHB-ZLFFOLKFSA-N,"InChI=1S/C35H46N4O5/c1-25-21-39(26(2)24-40)35(42)31-20-30(37-34(41)29-15-17-36-18-16-29)13-14-32(31)44-27(3)10-8-9-19-43-33(25)23-38(4)22-28-11-6-5-7-12-28/h5-7,11-18,20,25-27,33,40H,8-10,19,21-24H2,1-4H3,(H,37,41)/t25-,26-,27+,33+/m1/s1",14008,C[C@H](CO)N1C[C@@H](C)[C@H](CN(C)Cc2ccccc2)OCCCC[C@H](C)Oc3ccc(NC(=O)c4ccncc4)cc3C1=O,NA
Input,Enzastaurin,0.20443596,InputSig,NA,NA,LINCSCP_130503,MCF10A,0.37uM,24h,breast epithelial,PKC inhibitor,PRKCB,AXRCEOKUDYDWLF-UHFFFAOYSA-N,"InChI=1S/C32H29N5O2/c1-35-19-25(23-9-2-4-11-27(23)35)29-30(32(39)34-31(29)38)26-20-37(28-12-5-3-10-24(26)28)22-13-16-36(17-14-22)18-21-8-6-7-15-33-21/h2-12,15,19-20,22H,13-14,16-18H2,1H3,(H,34,38,39)",25574,Cn1cc(C2=C(C(=O)NC2=O)c3cn(C4CCN(Cc5ccccn5)CC4)c6ccccc36)c7ccccc17,3
Input,K784-3187,0.20437875,InputSig,NA,NA,LINCSCP_125144,HT29,0.12uM,24h,large intestine,Estrogen receptor beta agonist,ESR2,NA,NA,NA,NA,NA
Input,Isosorbide Mononitrate,0.20426915,InputSig,NA,NA,LINCSCP_160007,PC3,0.37uM,24h,prostate,Nitric oxide stimulant,GUCY1A2|GUCY1A3|GUCY1B3,YWXYYJSYQOXTPL-SLPGGIOYSA-N,"InChI=1S/C6H9NO6/c8-3-1-11-6-4(13-7(9)10)2-12-5(3)6/h3-6,8H,1-2H2/t3-,4+,5+,6+/m0/s1",36572,O[C@H]1CO[C@@H]2[C@@H](CO[C@H]12)O[N+](=O)[O-],4
Input,MLS002607677,0.20409875,InputSig,NA,NA,LINCSCP_225134,HT29,10uM,6h,large intestine,NA,NA,URKGXOWAJDCVER-UHFFFAOYSA-N,"InChI=1S/C21H18NPS/c1-22-16-21(19-14-8-9-15-20(19)22)23(24,17-10-4-2-5-11-17)18-12-6-3-7-13-18/h2-16H,1H3",35860,Cn1cc(c2ccccc12)P(=S)(c3ccccc3)c4ccccc4,NA
Input,Triflupromazine,0.20409366,InputSig,NA,NA,LINCSCP_176497,A375,0.5uM,6h,skin,Dopamine receptor antagonist,DRD2|HTR2B,XSCGXQMFQXDFCW-UHFFFAOYSA-N,"InChI=1S/C18H19F3N2S/c1-22(2)10-5-11-23-14-6-3-4-7-16(14)24-17-9-8-13(12-15(17)23)18(19,20)21/h3-4,6-9,12H,5,10-11H2,1-2H3",35924,CN(C)CCCN1c2ccccc2Sc3ccc(cc13)C(F)(F)F,4
Input,TSU-68,0.20407887,InputSig,NA,NA,LINCSCP_44964,PC3,5uM,24h,prostate,FGFR inhibitor|PDGFR tyrosine kinase receptor inhibitor|VEGFR inhibitor,AURKA|AURKB|FGFR1|FGFR2|FGFR3|FGFR4|KDR|PDGFRA|PDGFRB,NHFDRBXTEDBWCZ-ZROIWOOFSA-N,"InChI=1S/C18H18N2O3/c1-10-12(7-8-17(21)22)11(2)19-16(10)9-14-13-5-3-4-6-15(13)20-18(14)23/h3-6,9,19H,7-8H2,1-2H3,(H,20,23)(H,21,22)/b14-9-",37970,Cc1[nH]c(\C=C\2/C(=O)Nc3ccccc23)c(C)c1CCC(=O)O,3
Input,YL-61,0.20407508,InputSig,NA,NA,LINCSCP_20739,HCC515,10uM,6h,lung,NA,NA,OQHLPAAWWGDXAW-GUFDHMHMSA-N,"InChI=1S/C94H163N37O22S/c1-11-51(6)70(128-77(143)59(26-21-36-112-91(102)103)119-73(139)56(23-18-33-109-88(96)97)117-74(140)57(24-19-34-110-89(98)99)120-78(144)62(39-49(2)3)122-75(141)58(25-20-35-111-90(100)101)118-76(142)61(28-29-69(136)137)116-68(135)30-38-108-53(8)134)85(151)131-94(10)32-17-15-13-12-14-16-31-93(9,130-84(150)60(27-22-37-113-92(104)105)121-83(149)67(46-154)125-79(145)63(40-50(4)5)126-87(94)153)86(152)127-65(42-55-44-107-48-115-55)81(147)123-64(41-54-43-106-47-114-54)80(146)124-66(45-132)82(148)129-71(52(7)133)72(95)138/h12-13,43-44,47-52,56-67,70-71,132-133,154H,11,14-42,45-46H2,1-10H3,(H2,95,138)(H,106,114)(H,107,115)(H,108,134)(H,116,135)(H,117,140)(H,118,142)(H,119,139)(H,120,144)(H,121,149)(H,122,141)(H,123,147)(H,124,146)(H,125,145)(H,126,153)(H,127,152)(H,128,143)(H,129,148)(H,130,150)(H,131,151)(H,136,137)(H4,96,97,109)(H4,98,99,110)(H4,100,101,111)(H4,102,103,112)(H4,104,105,113)/b13-12-/t51-,52+,56-,57-,58-,59-,60-,61-,62-,63-,64-,65-,66-,67-,70-,71-,93+,94+/m0/s1",5613,CC[C@H](C)[C@H](NC(=O)[C@H](CCCNC(=N)N)NC(=O)[C@H](CCCNC(=N)N)NC(=O)[C@H](CCCNC(=N)N)NC(=O)[C@H](CC(C)C)NC(=O)[C@H](CCCNC(=N)N)NC(=O)[C@H](CCC(=O)O)NC(=O)CCNC(=O)C)C(=O)N[C@]1(C)CCC\C=C/CCC[C@@](C)(NC(=O)[C@H](CCCNC(=N)N)NC(=O)[C@H](CS)NC(=O)[C@H](CC(C)C)NC1=O)C(=O)N[C@@H](Cc2c[nH]cn2)C(=O)N[C@@H](Cc3c[nH]cn3)C(=O)N[C@@H](CO)C(=O)N[C@@H]([C@@H](C)O)C(=O)N,NA
Input,Quinapril,0.20395225,InputSig,NA,NA,LINCSCP_174039,YAPC,0.12uM,24h,pancreas,Angiotensin converting enzyme inhibitor,ACE,JSDRRTOADPPCHY-HSQYWUDLSA-N,"InChI=1S/C25H30N2O5/c1-3-32-25(31)21(14-13-18-9-5-4-6-10-18)26-17(2)23(28)27-16-20-12-8-7-11-19(20)15-22(27)24(29)30/h4-12,17,21-22,26H,3,13-16H2,1-2H3,(H,29,30)/t17-,21-,22-/m0/s1",35990,CCOC(=O)[C@H](CCc1ccccc1)N[C@@H](C)C(=O)N2Cc3ccccc3C[C@H]2C(=O)O,4
Input,Norethindrone,0.20384164,InputSig,NA,NA,LINCSCP_194220,A549,10uM,6h,lung,Progesterone receptor agonist,PGR,VIKNJXKGJWUCNN-XGXHKTLJSA-N,"InChI=1S/C20H26O2/c1-3-20(22)11-9-18-17-6-4-13-12-14(21)5-7-15(13)16(17)8-10-19(18,20)2/h1,12,15-18,22H,4-11H2,2H3/t15-,16+,17+,18-,19-,20-/m0/s1",16048,C[C@]12CC[C@H]3[C@@H](CCC4=CC(=O)CC[C@H]34)[C@@H]1CC[C@@]2(O)C#C,4
Input,OSI-906 (Linsitinib),0.20380199,InputSig,NA,NA,LINCSCP_77905,A375,0.37uM,24h,skin,Insulin-like growth factor I receptor inhibitor|Insulin receptor inhibitor,IGF1R|INSR,PKCDDUHJAFVJJB-VLZXCDOPSA-N,"InChI=1S/C26H23N5O/c1-26(32)14-19(15-26)25-30-22(23-24(27)28-11-12-31(23)25)18-8-7-17-9-10-20(29-21(17)13-18)16-5-3-2-4-6-16/h2-13,19,32H,14-15H2,1H3,(H2,27,28)/t19-,26+",26488,C[C@@]1(O)C[C@@H](C1)c2nc(c3ccc4ccc(nc4c3)c5ccccc5)c6c(N)nccn26,3
Input,83002-04-4,0.20365497,InputSig,NA,NA,LINCSCP_289157,VCAP,10uM,24h,prostate,Cannabinoid receptor agonist,CNR1|CNR2|GPR55,YNZFFALZMRAPHQ-UHFFFAOYSA-N,"InChI=1S/C24H40O3/c1-4-5-6-7-14-24(2,3)19-11-13-21(23(27)16-19)22-17-20(26)12-10-18(22)9-8-15-25/h11,13,16,18,20,22,25-27H,4-10,12,14-15,17H2,1-3H3",22147,CCCCCCC(C)(C)c1ccc(C2CC(O)CCC2CCCO)c(O)c1,NA
Input,CHEMBL259628,0.20361074,InputSig,NA,NA,LINCSCP_285868,SKM1,10uM,6h,haematopoietic and lymphoid tissue,AMPK activator,PTPN1,BWJOQFMMTKEZGA-UHFFFAOYSA-N,"InChI=1S/C12H7BrF2NO3P/c13-11-5-8-2-1-7(6-16)3-9(8)4-10(11)12(14,15)20(17,18)19/h1-5H,(H2,17,18,19)",36685,OP(=O)(O)C(F)(F)c1cc2cc(ccc2cc1Br)C#N,NA
Input,BRD-K54022924,0.20358973,InputSig,NA,NA,LINCSCP_64006,VCAP,5uM,24h,prostate,NA,NA,LVLNEDZJLRSBBP-MYSJAJEPSA-N,"InChI=1S/C27H27FN4O4/c1-2-11-30-25(34)24-20(15-33)19-14-31-22(10-9-17(26(31)35)16-6-5-12-29-13-16)23(19)32(24)27(36)18-7-3-4-8-21(18)28/h3-10,12-13,19-20,23-24,33H,2,11,14-15H2,1H3,(H,30,34)/t19-,20-,23+,24-/m1/s1",39926,CCCNC(=O)[C@H]1[C@H](CO)[C@H]2CN3C(=CC=C(C3=O)c4cccnc4)[C@H]2N1C(=O)c5ccccc5F,NA
Input,Z-Pro-Prolinal,0.20358167,InputSig,NA,NA,LINCSCP_192962,A549,10uM,6h,lung,Prolyl endopeptidase inhibitor,PREP,ORZXYSPOAVJYRU-HOTGVXAUSA-N,"InChI=1S/C18H22N2O4/c21-12-15-8-4-10-19(15)17(22)16-9-5-11-20(16)18(23)24-13-14-6-2-1-3-7-14/h1-3,6-7,12,15-16H,4-5,8-11,13H2/t15-,16-/m0/s1",15780,O=C[C@@H]1CCCN1C(=O)[C@@H]2CCCN2C(=O)OCc3ccccc3,NA
Input,Epivincamine,0.20355922,InputSig,NA,NA,LINCSCP_137346,MCF7,10uM,24h,breast,NA,NA,RXPRRQLKFXBCSJ-HLAWJBBLSA-N,"InChI=1S/C21H26N2O3/c1-3-20-10-6-11-22-12-9-15-14-7-4-5-8-16(14)23(17(15)18(20)22)21(25,13-20)19(24)26-2/h4-5,7-8,18,25H,3,6,9-13H2,1-2H3/t18-,20+,21-/m1/s1",19932,CC[C@@]12CCCN3CCc4c([C@H]13)n(c5ccccc45)[C@@](O)(C2)C(=O)OC,NA
Input,Fexofenadine,0.20350064,InputSig,NA,NA,LINCSCP_174095,YAPC,10uM,24h,pancreas,Histamine receptor antagonist,HRH1,RWTNPBWLLIMQHL-UHFFFAOYSA-N,"InChI=1S/C32H39NO4/c1-31(2,30(35)36)25-17-15-24(16-18-25)29(34)14-9-21-33-22-19-28(20-23-33)32(37,26-10-5-3-6-11-26)27-12-7-4-8-13-27/h3-8,10-13,15-18,28-29,34,37H,9,14,19-23H2,1-2H3,(H,35,36)",15301,CC(C)(C(=O)O)c1ccc(cc1)C(O)CCCN2CCC(CC2)C(O)(c3ccccc3)c4ccccc4,4
Input,PRIMA 1,0.203425,InputSig,NA,NA,LINCSCP_29316,LOVO,40uM,6h,intestine,TP53 inhibitor,ACHE,RFBVBRVVOPAAFS-UHFFFAOYSA-N,"InChI=1S/C9H15NO3/c11-5-9(6-12)8(13)7-1-3-10(9)4-2-7/h7,11-12H,1-6H2",16517,OCC1(CO)N2CCC(CC2)C1=O,NA
Input,AC1NDE46,0.20332927,InputSig,NA,NA,LINCSCP_17875,HCC515,10uM,24h,lung,Endothelin receptor antagonist,EDNRB,UZDORQWMYRRLQV-UHFFFAOYSA-N,"InChI=1S/C36H35N3O4/c1-23-17-24(2)19-28(18-23)35(41)39(3)33(20-25-13-15-27(16-14-25)26-9-5-4-6-10-26)34(40)38-32(36(42)43)21-29-22-37-31-12-8-7-11-30(29)31/h4-19,22,32-33,37H,20-21H2,1-3H3,(H,38,40)(H,42,43)",409,CN(C(Cc1ccc(cc1)c2ccccc2)C(=O)NC(Cc3c[nH]c4ccccc34)C(=O)O)C(=O)c5cc(C)cc(C)c5,NA
Input,CPI-613,0.20330134,InputSig,NA,NA,LINCSCP_121745,HT29,10uM,24h,large intestine,NA,NA,ZYRLHJIMTROTBO-UHFFFAOYSA-N,"InChI=1S/C22H28O2S2/c23-22(24)14-8-7-13-21(26-18-20-11-5-2-6-12-20)15-16-25-17-19-9-3-1-4-10-19/h1-6,9-12,21H,7-8,13-18H2,(H,23,24)",27073,OC(=O)CCCCC(CCSCc1ccccc1)SCc2ccccc2,NA
Input,Trifluridine,0.20327254,InputSig,NA,NA,LINCSCP_41165,NEU,10uM,24h,NA,DNA directed DNA polymerase inhibitor|Thymidylate synthase inhibitor,TYMS,VSQQQLOSPVPRAZ-RRKCRQDMSA-N,"InChI=1S/C10H11F3N2O5/c11-10(12,13)4-2-15(9(19)14-8(4)18)7-1-5(17)6(3-16)20-7/h2,5-7,16-17H,1,3H2,(H,14,18,19)/t5-,6+,7+/m0/s1",36391,OC[C@H]1O[C@H](C[C@@H]1O)N2C=C(C(=O)NC2=O)C(F)(F)F,4
Input,2-Chloro-n-(1-phenyl-3-propyl-1H-pyrazol-5-yl)acetamide,0.2030862,InputSig,NA,NA,LINCSCP_57280,VCAP,10uM,24h,prostate,NA,NA,JFZBHJLHWLTYRN-UHFFFAOYSA-N,"InChI=1S/C14H16ClN3O/c1-2-6-11-9-13(16-14(19)10-15)18(17-11)12-7-4-3-5-8-12/h3-5,7-9H,2,6,10H2,1H3,(H,16,19)",15513,CCCc1cc(NC(=O)CCl)n(n1)c2ccccc2,NA
Input,BRD-K80579245,0.20304377,InputSig,NA,NA,LINCSCP_259345,NEU,10uM,24h,NA,NA,NA,AHPRIPWQPCWYIR-BDTNDASRSA-N,"InChI=1S/C22H27N3O3/c1-4-24(15(2)27)13-20-22(21(14-26)25(20)16(3)28)18-9-7-17(8-10-18)19-6-5-11-23-12-19/h5-12,20-22,26H,4,13-14H2,1-3H3/t20-,21+,22-/m0/s1",13651,CCN(C[C@H]1[C@@H]([C@@H](CO)N1C(=O)C)c2ccc(cc2)c3cccnc3)C(=O)C,NA
Input,AGI-5198,0.20300106,InputSig,NA,NA,LINCSCP_171169,YAPC,0.37uM,24h,pancreas,NA,NA,FNYGWXSATBUBER-UHFFFAOYSA-N,"InChI=1S/C27H31FN4O2/c1-19-9-6-7-14-24(19)26(27(34)30-22-11-4-3-5-12-22)32(23-13-8-10-21(28)17-23)25(33)18-31-16-15-29-20(31)2/h6-10,13-17,22,26H,3-5,11-12,18H2,1-2H3,(H,30,34)",26869,Cc1ccccc1C(N(C(=O)Cn2ccnc2C)c3cccc(F)c3)C(=O)NC4CCCCC4,NA
Input,Lidocaine,0.20288637,InputSig,NA,NA,LINCSCP_225737,HT29,10uM,6h,large intestine,Histamine receptor agonist,SCN10A|SCN11A|SCN1A|SCN2A|SCN3A|SCN4A|SCN5A|SCN7A|SCN8A|SCN9A,NNJVILVZKWQKPM-UHFFFAOYSA-N,"InChI=1S/C14H22N2O/c1-5-16(6-2)10-13(17)15-14-11(3)8-7-9-12(14)4/h7-9H,5-6,10H2,1-4H3,(H,15,17)",34503,CCN(CC)CC(=O)Nc1c(C)cccc1C,4
Input,Amantadine,0.20283766,InputSig,NA,NA,LINCSCP_96946,HA1E,0.04uM,24h,kidney epithelial,Glutamate receptor antagonist,GRIN1|GRIN2A|GRIN2B|GRIN2C|GRIN2D|GRIN3A|GRIN3B,DKNWSYNQZKUICI-DFLMOOGLSA-N,"InChI=1S/C10H17N/c11-10-4-7-1-8(5-10)3-9(2-7)6-10/h7-9H,1-6,11H2/t7-,8-,9-,10-",34092,N[C@@]12C[C@@H]3C[C@@H](C[C@H](C3)C1)C2,NA
Input,Amantadine,0.20283766,InputSig,NA,NA,LINCSCP_96946,HA1E,0.04uM,24h,kidney epithelial,Glutamate receptor antagonist,GRIN1|GRIN2A|GRIN2B|GRIN2C|GRIN2D|GRIN3A|GRIN3B,DKNWSYNQZKUICI-UHFFFAOYSA-N,"InChI=1S/C10H17N/c11-10-4-7-1-8(5-10)3-9(2-7)6-10/h7-9H,1-6,11H2",35972,NC12CC3CC(CC(C3)C1)C2,4
Input,MK-0752,0.20282092,InputSig,NA,NA,LINCSCP_119026,HT29,1.11uM,24h,large intestine,NA,NA,XCGJIFAKUZNNOR-QCKZDCLWSA-N,"InChI=1S/C21H21ClF2O4S/c22-15-2-5-17(6-3-15)29(27,28)21(18-13-16(23)4-7-19(18)24)11-9-14(10-12-21)1-8-20(25)26/h2-7,13-14H,1,8-12H2,(H,25,26)/t14-,21+",26476,OC(=O)CC[C@@H]1CC[C@](CC1)(c2cc(F)ccc2F)S(=O)(=O)c3ccc(Cl)cc3,NA
Input,Avanafil,0.20257376,InputSig,NA,NA,LINCSCP_172668,YAPC,0.04uM,24h,pancreas,Phosphodiesterase 5A inhibitor,PDE5A,WEAJZXNPAWBCOA-INIZCTEOSA-N,"InChI=1S/C23H26ClN7O3/c1-34-19-6-5-15(10-18(19)24)11-27-21-17(22(33)28-13-20-25-7-3-8-26-20)12-29-23(30-21)31-9-2-4-16(31)14-32/h3,5-8,10,12,16,32H,2,4,9,11,13-14H2,1H3,(H,28,33)(H,27,29,30)/t16-/m0/s1",26656,COc1ccc(CNc2nc(ncc2C(=O)NCc3ncccn3)N4CCC[C@H]4CO)cc1Cl,4
Input,Plinabulin,0.20250675,InputSig,NA,NA,LINCSCP_295495,VCAP,10uM,6h,prostate,Tubulin inhibitor,TUBA1A|TUBA1B|TUBA1C|TUBA3E|TUBA4A|TUBB|TUBB1|TUBB2A|TUBB2B|TUBB3|TUBB4A|TUBB4B|TUBB6|TUBB8,UNRCMCRRFYFGFX-TYPNBTCFSA-N,"InChI=1S/C19H20N4O2/c1-19(2,3)16-13(20-11-21-16)10-15-18(25)22-14(17(24)23-15)9-12-7-5-4-6-8-12/h4-11H,1-3H3,(H,20,21)(H,22,25)(H,23,24)/b14-9-,15-10-",17695,CC(C)(C)c1[nH]cnc1\C=C\2/NC(=O)\C(=C\c3ccccc3)\NC2=O,3
Input,BRD-K05690403,0.20248331,InputSig,NA,NA,LINCSCP_301154,VCAP,5uM,24h,prostate,NA,NA,GTRXSASKUSVSHJ-UETOGOEVSA-N,"InChI=1S/C30H36N2O6S/c1-21-17-32(22(2)19-33)30(34)28-15-8-7-14-27(28)26-13-6-5-10-23(26)20-38-29(21)18-31(3)39(35,36)25-12-9-11-24(16-25)37-4/h5-16,21-22,29,33H,17-20H2,1-4H3/t21-,22+,29-/m1/s1",25468,COc1cccc(c1)S(=O)(=O)N(C)C[C@H]2OCc3ccccc3c4ccccc4C(=O)N(C[C@H]2C)[C@@H](C)CO,NA
Input,BRD-K18972207,0.20245633,InputSig,NA,NA,LINCSCP_8782,A549,5uM,24h,lung,NA,NA,NFZYNUJZKBEEKB-INIZCTEOSA-N,"InChI=1S/C20H29N3O4S/c1-4-28(25,26)23-9-7-20(8-10-23)13-21-16(12-24)19-18(20)15-6-5-14(27-3)11-17(15)22(19)2/h5-6,11,16,21,24H,4,7-10,12-13H2,1-3H3/t16-/m0/s1",12063,CCS(=O)(=O)N1CCC2(CC1)CN[C@@H](CO)c3c2c4ccc(OC)cc4n3C,NA
Input,BRD-K18542345,0.20233438,InputSig,NA,NA,LINCSCP_258912,NEU,10uM,24h,NA,NA,NA,PLPDORRRKBPITR-WLIZDUGGSA-N,"InChI=1S/C31H41N3O6/c1-38-28-10-6-5-9-26(28)32-31(37)34-19-24(35)20-39-21-29-27(34)12-11-25(40-29)18-30(36)33-15-13-23(14-16-33)17-22-7-3-2-4-8-22/h2-10,23-25,27,29,35H,11-21H2,1H3,(H,32,37)/t24-,25-,27+,29-/m0/s1",23910,COc1ccccc1NC(=O)N2C[C@H](O)COC[C@@H]3O[C@H](CC(=O)N4CCC(Cc5ccccc5)CC4)CC[C@@H]23,NA
Input,Dexrazoxane,0.20217162,InputSig,NA,NA,LINCSCP_46717,PC3,10uM,24h,prostate,Chelating agent|Topoisomerase inhibitor,TOP2A|TOP2B,BMKDZUISNHGIBY-ZETCQYMHSA-N,"InChI=1S/C11H16N4O4/c1-7(15-5-10(18)13-11(19)6-15)2-14-3-8(16)12-9(17)4-14/h7H,2-6H2,1H3,(H,12,16,17)(H,13,18,19)/t7-/m0/s1",36402,C[C@@H](CN1CC(=O)NC(=O)C1)N2CC(=O)NC(=O)C2,4
Input,Prochlorperazine,0.20207155,InputSig,NA,NA,LINCSCP_153823,PC3,3.33uM,24h,prostate,Dopamine D2 receptor antagonist,DRD2,WIKYUJGCLQQFNW-UHFFFAOYSA-N,"InChI=1S/C20H24ClN3S/c1-22-11-13-23(14-12-22)9-4-10-24-17-5-2-3-6-19(17)25-20-8-7-16(21)15-18(20)24/h2-3,5-8,15H,4,9-14H2,1H3",35592,CN1CCN(CCCN2c3ccccc3Sc4ccc(Cl)cc24)CC1,4
Input,"4,6-Dimethyl-n-phenylquinolin-2-amine",0.20199292,InputSig,NA,NA,LINCSCP_7773,A549,10uM,24h,lung,NA,NA,BFOWTYGBWYCXKR-UHFFFAOYSA-N,"InChI=1S/C17H16N2/c1-12-8-9-16-15(10-12)13(2)11-17(19-16)18-14-6-4-3-5-7-14/h3-11H,1-2H3,(H,18,19)",16205,Cc1ccc2nc(Nc3ccccc3)cc(C)c2c1,NA
Input,Bicalutamide,0.20197706,InputSig,NA,NA,LINCSCP_73942,A375,0.12uM,24h,skin,Androgen receptor antagonist,AR,LKJPYSCBVHEWIU-UHFFFAOYSA-N,"InChI=1S/C18H14F4N2O4S/c1-17(26,10-29(27,28)14-6-3-12(19)4-7-14)16(25)24-13-5-2-11(9-23)15(8-13)18(20,21)22/h2-8,26H,10H2,1H3,(H,24,25)",15213,CC(O)(CS(=O)(=O)c1ccc(F)cc1)C(=O)Nc2ccc(C#N)c(c2)C(F)(F)F,4
Input,Dobutamine,0.20190831,InputSig,NA,NA,LINCSCP_47470,PC3,10uM,24h,prostate,Adrenergic receptor agonist,ADRB1|ADRB2,JRWZLRBJNMZMFE-UHFFFAOYSA-N,"InChI=1S/C18H23NO3/c1-13(2-3-14-4-7-16(20)8-5-14)19-11-10-15-6-9-17(21)18(22)12-15/h4-9,12-13,19-22H,2-3,10-11H2,1H3",15316,CC(CCc1ccc(O)cc1)NCCc2ccc(O)c(O)c2,4
Input,SMR001318078,0.20179691,InputSig,NA,NA,LINCSCP_4882,A549,10uM,24h,lung,NA,NA,IIAWFCSWILLFRY-UHFFFAOYSA-N,"InChI=1S/C16H12N2O3S/c19-16-10-4-1-2-5-11(10)17-15(18(16)20)13-8-7-12(21-13)14-6-3-9-22-14/h1-9,15,17,20H",8768,ON1C(Nc2ccccc2C1=O)c3oc(cc3)c4cccs4,NA
Input,Nesbuvir,0.20168901,InputSig,NA,NA,LINCSCP_110095,HELA,0.04uM,24h,large intestine,NA,NA,WTDWVLJJJOTABN-UHFFFAOYSA-N,"InChI=1S/C22H23FN2O5S/c1-24-22(27)20-17-11-16(13-3-4-13)18(25(9-10-26)31(2,28)29)12-19(17)30-21(20)14-5-7-15(23)8-6-14/h5-8,11-13,26H,3-4,9-10H2,1-2H3,(H,24,27)",26870,CNC(=O)c1c(oc2cc(N(CCO)S(=O)(=O)C)c(cc12)C3CC3)c4ccc(F)cc4,2
Input,Evodiamine,0.20165609,InputSig,NA,NA,LINCSCP_25423,HT29,10uM,24h,large intestine,ATPase inhibitor|TRPV agonist,TRPV1,TXDUTHBFYKGSAH-UHFFFAOYSA-N,"InChI=1S/C19H17N3O/c1-21-16-9-5-3-7-14(16)19(23)22-11-10-13-12-6-2-4-8-15(12)20-17(13)18(21)22/h2-9,18,20H,10-11H2,1H3",36720,CN1C2N(CCc3c2[nH]c4ccccc34)C(=O)c5ccccc15,NA
Input,MLS002703293,0.20161905,InputSig,NA,NA,LINCSCP_5048,A549,10uM,6h,lung,NA,NA,XSKZSTBHFOFNSO-UHFFFAOYSA-N,"InChI=1S/C11H10Cl2N2O/c12-6-4-7-10(8(13)5-6)14-9-2-1-3-15(9)11(7)16/h4-5,11,16H,1-3H2",35351,OC1N2CCCC2=Nc3c(Cl)cc(Cl)cc13,NA
Input,Galeterone,0.20154315,InputSig,NA,NA,LINCSCP_90764,HA1E,10uM,24h,kidney epithelial,NA,NA,PAFKTGFSEFKSQG-BLYLLKCRSA-N,"InChI=1S/C26H32N2O/c1-25-13-11-18(29)15-17(25)7-8-19-20-9-10-24(26(20,2)14-12-21(19)25)28-16-27-22-5-3-4-6-23(22)28/h3-7,10,16,18-21,29H,8-9,11-15H2,1-2H3/t18-,19?,20?,21?,25-,26-/m0/s1",26679,C[C@]12CCC3C(CC=C4C[C@@H](O)CC[C@]34C)C1CC=C2n5cnc6ccccc56,NA
Input,BRD-K77793090,0.20141758,InputSig,NA,NA,LINCSCP_48576,PC3,10uM,24h,prostate,NA,NA,NWXQZACELVQCTR-GOHWNWGWSA-N,"InChI=1S/C28H40N4O5/c1-7-13-32-16-19(2)26(36-6)17-31(4)27(33)24-12-11-22(15-25(24)37-18-20(32)3)30-28(34)29-21-9-8-10-23(14-21)35-5/h8-12,14-15,19-20,26H,7,13,16-18H2,1-6H3,(H2,29,30,34)/t19-,20+,26+/m1/s1",6070,CCCN1C[C@@H](C)[C@H](CN(C)C(=O)c2ccc(NC(=O)Nc3cccc(OC)c3)cc2OC[C@@H]1C)OC,NA
Input,Rotenone,0.20121484,InputSig,NA,NA,LINCSCP_13309,FIBRNPC,10uM,6h,NA,Mitochondrial complex I inhibitor,MT-ND1,JUVIOZPCNVVQFO-HBGVWJBISA-N,"InChI=1S/C23H22O6/c1-11(2)16-8-14-15(28-16)6-5-12-22(24)21-13-7-18(25-3)19(26-4)9-17(13)27-10-20(21)29-23(12)14/h5-7,9,16,20-21H,1,8,10H2,2-4H3/t16-,20-,21+/m1/s1",28074,COc1cc2OC[C@H]3Oc4c5C[C@@H](Oc5ccc4C(=O)[C@H]3c2cc1OC)C(=C)C,NA
Input,Elacridar,0.20108194,InputSig,NA,NA,LINCSCP_73779,A375,10uM,24h,skin,NA,NA,OSFCMRGOZNQUSW-UHFFFAOYSA-N,"InChI=1S/C34H33N3O5/c1-40-28-9-5-7-26-32(28)36-31-25(33(26)38)6-4-8-27(31)34(39)35-24-12-10-21(11-13-24)14-16-37-17-15-22-18-29(41-2)30(42-3)19-23(22)20-37/h4-13,18-19H,14-17,20H2,1-3H3,(H,35,39)(H,36,38)",26779,COc1cccc2C(=O)c3cccc(C(=O)Nc4ccc(CCN5CCc6cc(OC)c(OC)cc6C5)cc4)c3Nc12,NA
Input,869288-64-2,0.20106212,InputSig,NA,NA,LINCSCP_148270,NPC.CAS9,0.04uM,24h,NA,NA,NA,HESLKTSGTIBHJU-UHFFFAOYSA-N,"InChI=1S/C22H20F3N5O3S/c1-34(32,33)16-4-2-3-13(9-16)11-26-20-17(22(23,24)25)12-27-21(30-20)28-15-6-7-18-14(10-15)5-8-19(31)29-18/h2-4,6-7,9-10,12H,5,8,11H2,1H3,(H,29,31)(H2,26,27,28,30)",19899,CS(=O)(=O)c1cccc(CNc2nc(Nc3ccc4NC(=O)CCc4c3)ncc2C(F)(F)F)c1,NA
Input,BRD-K39921295,0.20102612,InputSig,NA,NA,LINCSCP_33857,MCF7,10uM,24h,breast,NA,NA,FIGGLCUVZRSRTI-UTLSLIQUSA-N,"InChI=1S/C43H53N5O6/c1-30-26-48(31(2)29-49)43(52)25-33-24-34(45-41(50)16-8-5-9-17-42(51)46-38-15-11-10-14-37(38)44)20-23-39(33)54-40(30)28-47(3)27-32-18-21-36(22-19-32)53-35-12-6-4-7-13-35/h4,6-7,10-15,18-24,30-31,40,49H,5,8-9,16-17,25-29,44H2,1-3H3,(H,45,50)(H,46,51)/t30-,31+,40-/m1/s1",12628,C[C@@H](CO)N1C[C@@H](C)[C@@H](CN(C)Cc2ccc(Oc3ccccc3)cc2)Oc4ccc(NC(=O)CCCCCC(=O)Nc5ccccc5N)cc4CC1=O,NA
Input,BRD-K47788371,0.20098973,InputSig,NA,NA,LINCSCP_60299,VCAP,5uM,6h,prostate,NA,NA,KSASPYMRGHUFQD-OWOAZTCBSA-N,"InChI=1S/C29H33FN2O6S/c1-19-15-32(20(2)18-33)39(36,37)28-13-10-22(21-8-11-24(30)12-9-21)14-26(28)38-27(19)17-31(3)16-23-6-4-5-7-25(23)29(34)35/h4-14,19-20,27,33H,15-18H2,1-3H3,(H,34,35)/t19-,20-,27+/m0/s1",22641,C[C@@H](CO)N1C[C@H](C)[C@@H](CN(C)Cc2ccccc2C(=O)O)Oc3cc(ccc3S1(=O)=O)c4ccc(F)cc4,NA
Input,IN1549,0.200963,InputSig,NA,NA,LINCSCP_4461,A549,10uM,24h,lung,Calpain inhibitor,NA,PGGUOGKHUUUWAF-UHFFFAOYSA-N,"InChI=1S/C20H30N2O4/c1-4-5-11-17(13-23)21-19(24)18(12-15(2)3)22-20(25)26-14-16-9-7-6-8-10-16/h6-10,13,15,17-18H,4-5,11-12,14H2,1-3H3,(H,21,24)(H,22,25)",5964,CCCCC(NC(=O)C(CC(C)C)NC(=O)OCc1ccccc1)C=O,NA
Input,Pyrimethamine,0.20095275,InputSig,NA,NA,LINCSCP_161763,PC3,3.33uM,24h,prostate,Dihydrofolate reductase inhibitor,NA,WKSAUQYGYAYLPV-UHFFFAOYSA-N,"InChI=1S/C12H13ClN4/c1-2-9-10(11(14)17-12(15)16-9)7-3-5-8(13)6-4-7/h3-6H,2H2,1H3,(H4,14,15,16,17)",1251,CCc1nc(N)nc(N)c1c2ccc(Cl)cc2,4
Input,Ethacrynic acid,0.20091431,InputSig,NA,NA,LINCSCP_531,A375,10uM,6h,skin,Sodium/potassium/chloride transporter inhibitor,SLC12A1,AVOLMBLBETYQHX-UHFFFAOYSA-N,"InChI=1S/C13H12Cl2O4/c1-3-7(2)13(18)8-4-5-9(12(15)11(8)14)19-6-10(16)17/h4-5H,2-3,6H2,1H3,(H,16,17)",35923,CCC(=C)C(=O)c1ccc(OCC(=O)O)c(Cl)c1Cl,4
Input,NCGC00011767,0.2008545,InputSig,NA,NA,LINCSCP_189493,A549,10uM,24h,lung,NA,NA,DBTWZLIQIQEKBB-UHFFFAOYSA-N,"InChI=1S/C20H17N3O/c1-14-3-2-4-15(9-14)11-21-20-18-10-16(17-7-8-24-12-17)5-6-19(18)22-13-23-20/h2-10,12-13H,11H2,1H3,(H,21,22,23)",1839,Cc1cccc(CNc2ncnc3ccc(cc23)c4cocc4)c1,NA
Input,TGX-115,0.20080108,InputSig,NA,NA,LINCSCP_999,A375,100uM,6h,skin,PI3K inhibitor,NA,FWYYZGLCNUZWPF-UHFFFAOYSA-N,"InChI=1S/C20H20N2O3/c1-14-5-2-3-7-17(14)25-18-8-4-6-15-16(23)13-19(21-20(15)18)22-9-11-24-12-10-22/h2-8,13H,9-12H2,1H3,(H,21,23)",1718,Cc1ccccc1Oc2cccc3C(=O)C=C(Nc23)N4CCOCC4,NA
Input,IMEXON,0.200725,InputSig,NA,NA,LINCSCP_161633,PC3,0.37uM,24h,prostate,NA,NA,BIXBBIPTYBJTRY-UHFFFAOYSA-N,"InChI=1S/C4H5N3O/c5-3-2-1-7(2)4(8)6-3/h2H,1H2,(H2,5,6,8)",26444,Nc1nc(O)n2Cc12,NA
Input,CHEMBL2354536,0.20069909,InputSig,NA,NA,LINCSCP_50275,PHH,3uM,24h,NA,NA,NA,HJQSQTAMFLANGO-CDFDACKPSA-N,"InChI=1S/C33H38N2O5/c36-27-21-35(19-24-10-12-29(13-11-24)39-28-8-2-1-3-9-28)31-15-14-30(40-32(31)23-38-22-27)18-33(37)34-17-16-25-6-4-5-7-26(25)20-34/h1-13,27,30-32,36H,14-23H2/t27-,30+,31+,32-/m1/s1",36810,O[C@H]1COC[C@H]2O[C@H](CC(=O)N3CCc4ccccc4C3)CC[C@@H]2N(Cc5ccc(Oc6ccccc6)cc5)C1,NA
Input,MK-8245,0.2006369,InputSig,NA,NA,LINCSCP_118217,HT29,1.11uM,24h,large intestine,NA,NA,UJEAABFSXKCSGI-UHFFFAOYSA-N,"InChI=1S/C17H16BrFN6O4/c18-12-2-1-10(19)7-13(12)28-11-3-5-24(6-4-11)15-8-14(29-22-15)17-20-23-25(21-17)9-16(26)27/h1-2,7-8,11H,3-6,9H2,(H,26,27)",26956,OC(=O)Cn1nnc(n1)c2onc(c2)N3CCC(CC3)Oc4cc(F)ccc4Br,NA
Input,BIO2_000413,0.20061814,InputSig,NA,NA,LINCSCP_22582,HEPG2,10uM,6h,liver,PKC inhibitor,CDK2|GSK3B,XTGJCWHCHWNXSE-WQGXBGQBSA-N,"InChI=1S/C28H26N4O3/c1-28-12-17(29-2)25(34-3)27(35-28)31-18-10-6-4-8-14(18)20-16-13-30-26(33)22(16)21-15-9-5-7-11-19(15)32(28)24(21)23(20)31/h4-11,17,25,27,29H,12-13H2,1-3H3,(H,30,33)/t17-,25-,27+,28-/m1/s1",36536,CN[C@@H]1C[C@@]2(C)O[C@@H]([C@@H]1OC)n3c4ccccc4c5c6CNC(=O)c6c7c8ccccc8n2c7c35,NA
Input,N-Butyldeoxynojirmycin HCL,0.20059513,InputSig,NA,NA,LINCSCP_91942,HA1E,10uM,24h,kidney epithelial,Ceramide glucosyltransferase inhibitor,UGCG,UQRORFVVSGFNRO-UTINFBMNSA-N,"InChI=1S/C10H21NO4/c1-2-3-4-11-5-8(13)10(15)9(14)7(11)6-12/h7-10,12-15H,2-6H2,1H3/t7-,8+,9-,10-/m1/s1",27162,CCCCN1C[C@H](O)[C@@H](O)[C@H](O)[C@H]1CO,4
Input,Dolasetron,0.20058659,InputSig,NA,NA,LINCSCP_73587,A375,10uM,24h,skin,NA,NA,UKTAZPQNNNJVKR-ZSZSROOQSA-N,"InChI=1S/C19H20N2O3/c22-18-10-21-12-5-11(18)6-13(21)8-14(7-12)24-19(23)16-9-20-17-4-2-1-3-15(16)17/h1-4,9,11-14,20H,5-8,10H2/t11-,12-,13+,14-",24660,O=C(O[C@@H]1C[C@@H]2C[C@@H]3C[C@H](C1)N2CC3=O)c4c[nH]c5ccccc45,NA
Input,Dolasetron,0.20058659,InputSig,NA,NA,LINCSCP_73587,A375,10uM,24h,skin,NA,NA,UKTAZPQNNNJVKR-XDQVBPFNSA-N,"InChI=1S/C19H20N2O3/c22-18-10-21-12-5-11(18)6-13(21)8-14(7-12)24-19(23)16-9-20-17-4-2-1-3-15(16)17/h1-4,9,11-14,20H,5-8,10H2/t11-,12-,13-,14+/m0/s1",26451,O=C(O[C@@H]1C[C@@H]2C[C@H]3C[C@@H](C1)N2CC3=O)c4c[nH]c5ccccc45,NA
Input,CHEMBL1612418,0.20058212,InputSig,NA,NA,LINCSCP_6405,A549,10uM,24h,lung,NA,NA,LKAZLKLHUAIYCE-UHFFFAOYSA-N,"InChI=1S/C22H20N4O2/c1-15-7-10-18(11-8-15)26-24-19-12-9-17(13-20(19)25-26)23-22(27)14-28-21-6-4-3-5-16(21)2/h3-13H,14H2,1-2H3,(H,23,27)",36264,Cc1ccc(cc1)n2nc3ccc(NC(=O)COc4ccccc4C)cc3n2,NA
Input,Sildenafil,0.20053746,InputSig,NA,NA,LINCSCP_97893,HA1E,0.04uM,24h,kidney epithelial,Phosphodiesterase inhibitor,PDE5A,BNRNXUUZRGQAQC-UHFFFAOYSA-N,"InChI=1S/C22H30N6O4S/c1-5-7-17-19-20(27(4)25-17)22(29)24-21(23-19)16-14-15(8-9-18(16)32-6-2)33(30,31)28-12-10-26(3)11-13-28/h8-9,14H,5-7,10-13H2,1-4H3,(H,23,24,29)",15956,CCCc1nn(C)c2c(O)nc(nc12)c3cc(ccc3OCC)S(=O)(=O)N4CCN(C)CC4,4
Input,BRD-K41390249,0.20045172,InputSig,NA,NA,LINCSCP_48771,PC3,10uM,24h,prostate,NA,NA,XITHNPJDKKPLRP-YUKNNVIKSA-N,"InChI=1S/C37H53N5O8/c1-24-20-42(25(2)22-43)35(44)30-18-28(38-36(45)39-29-14-16-32-33(19-29)49-23-48-32)13-15-31(30)50-26(3)10-8-9-17-47-34(24)21-41(4)37(46)40-27-11-6-5-7-12-27/h13-16,18-19,24-27,34,43H,5-12,17,20-23H2,1-4H3,(H,40,46)(H2,38,39,45)/t24-,25-,26+,34-/m1/s1",32753,C[C@H](CO)N1C[C@@H](C)[C@@H](CN(C)C(=O)NC2CCCCC2)OCCCC[C@H](C)Oc3ccc(NC(=O)Nc4ccc5OCOc5c4)cc3C1=O,NA
Input,PP-30,0.20041441,InputSig,NA,NA,LINCSCP_40072,NCIH2073,10uM,6h,lung,RAF inhibitor,RAF1,RWRBSEISHUTNQL-UHFFFAOYSA-N,"InChI=1S/C19H21N7O/c1-11(2)26-18-15(17(20)22-10-23-18)16(25-26)12-5-3-6-13(9-12)19(27)24-14-7-4-8-21-14/h3,5-6,9-11H,4,7-8H2,1-2H3,(H2,20,22,23)(H,21,24,27)",23413,CC(C)n1nc(c2cccc(c2)C(=O)NC3=NCCC3)c4c(N)ncnc14,NA
Input,BRD-K91044787,0.20033451,InputSig,NA,NA,LINCSCP_312582,VCAP,0.5uM,24h,prostate,NA,NA,MIUSDJBPCCVFPT-VJGNERBWSA-N,"InChI=1S/C28H35N3O3/c1-34-24-14-12-23(13-15-24)29-28(33)30-16-4-5-17-31-25(18-30)27(26(31)19-32)22-10-8-21(9-11-22)20-6-2-3-7-20/h6,8-15,25-27,32H,2-5,7,16-19H2,1H3,(H,29,33)/t25-,26+,27-/m0/s1",34044,COc1ccc(NC(=O)N2CCCCN3[C@H](CO)[C@H]([C@@H]3C2)c4ccc(cc4)C5=CCCC5)cc1,NA
Input,BRD-K87410008,0.20031048,InputSig,NA,NA,LINCSCP_60997,VCAP,5uM,6h,prostate,NA,NA,GXRZKRPKTHFHBM-PONJGIIJSA-N,"InChI=1S/C25H31F3N4O4/c1-15-12-29-16(2)14-36-21-10-9-19(11-20(21)23(33)32(3)13-22(15)35-4)31-24(34)30-18-7-5-17(6-8-18)25(26,27)28/h5-11,15-16,22,29H,12-14H2,1-4H3,(H2,30,31,34)/t15-,16-,22+/m0/s1",4493,CO[C@@H]1CN(C)C(=O)c2cc(NC(=O)Nc3ccc(cc3)C(F)(F)F)ccc2OC[C@H](C)NC[C@@H]1C,NA
Input,BRD-K69420053,0.20025327,InputSig,NA,NA,LINCSCP_61074,VCAP,5uM,24h,prostate,NA,NA,MQWQDAVBIBJDRV-RHGYRFJNSA-N,"InChI=1S/C26H36N4O5/c1-17-14-29(3)18(2)16-35-22-12-11-19(13-20(22)25(31)30(4)15-24(17)34-6)27-26(32)28-21-9-7-8-10-23(21)33-5/h7-13,17-18,24H,14-16H2,1-6H3,(H2,27,28,32)/t17-,18+,24-/m0/s1",1921,CO[C@H]1CN(C)C(=O)c2cc(NC(=O)Nc3ccccc3OC)ccc2OC[C@@H](C)N(C)C[C@@H]1C,NA
Input,BRD-K14614387-001-01-8,0.20020848,InputSig,NA,NA,LINCSCP_27357,HT29,5uM,24h,large intestine,NA,NA,BPRBOEBHCISTIC-RCUDDFTLSA-N,"InChI=1S/C36H46N4O5/c1-26-22-40(27(2)25-41)36(43)32-21-31(37-35(42)15-16-39-17-19-44-20-18-39)13-14-33(32)45-34(26)24-38(3)23-28-9-11-30(12-10-28)29-7-5-4-6-8-29/h4-14,21,26-27,34,41H,15-20,22-25H2,1-3H3,(H,37,42)/t26-,27+,34+/m0/s1",11953,C[C@H](CO)N1C[C@H](C)[C@@H](CN(C)Cc2ccc(cc2)c3ccccc3)Oc4ccc(NC(=O)CCN5CCOCC5)cc4C1=O,NA
Input,CHEMBL2158275,0.20020163,InputSig,NA,NA,LINCSCP_188997,A549,10uM,24h,lung,NA,NA,UMKSGEWGYQSSMF-UHFFFAOYSA-N,"InChI=1S/C18H13N3O6S/c1-11-6-7-19-18(20-11)28-10-14-8-15(22)16(9-26-14)27-17(23)12-2-4-13(5-3-12)21(24)25/h2-9H,10H2,1H3",15906,Cc1ccnc(SCC2=CC(=O)C(=CO2)OC(=O)c3ccc(cc3)[N+](=O)[O-])n1,NA
Input,Propylthiouracil,0.2001964,InputSig,NA,NA,LINCSCP_155158,PC3,3.33uM,24h,prostate,Thyroid peroxidase inhibitor,DIO1|TPO,KNAHARQHSZJURB-UHFFFAOYSA-N,"InChI=1S/C7H10N2OS/c1-2-3-5-4-6(10)9-7(11)8-5/h4H,2-3H2,1H3,(H2,8,9,10,11)",18473,CCCC1=CC(=O)NC(=S)N1,4
Input,BRD-K62768020,0.20017099,InputSig,NA,NA,LINCSCP_32210,MCF7,10uM,24h,breast,NA,NA,JQYMSOQAVLOHGP-MDWZMJQESA-N,"InChI=1S/C12H17N3O7S/c16-10(4-2-1-3-5-11(17)15-18)14-13-8-9-6-7-12(22-9)23(19,20)21/h6-8,18H,1-5H2,(H,14,16)(H,15,17)(H,19,20,21)/b13-8+",22050,ONC(=O)CCCCCC(=O)NN=Cc1oc(cc1)S(=O)(=O)O,NA
Input,Splitomicin,0.20010779,InputSig,NA,NA,LINCSCP_41516,NEU,10uM,6h,NA,SIRT inhibitor,NA,ISFPDBUKMJDAJH-UHFFFAOYSA-N,"InChI=1S/C13H10O2/c14-13-8-6-11-10-4-2-1-3-9(10)5-7-12(11)15-13/h1-5,7H,6,8H2",33982,O=C1CCc2c(O1)ccc3ccccc23,NA
Input,BRD-K27343142,0.20002079,InputSig,NA,NA,LINCSCP_63682,VCAP,5uM,24h,prostate,NA,NA,QGGFARYSPQJNIH-MXEMCNAFSA-N,"InChI=1S/C22H41N3O4/c1-24(2)11-5-10-23-22(27)12-19-8-9-20-21(29-19)16-28-15-18(26)14-25(20)13-17-6-3-4-7-17/h17-21,26H,3-16H2,1-2H3,(H,23,27)/t18-,19-,20+,21-/m1/s1",24148,CN(C)CCCNC(=O)C[C@H]1CC[C@H]2[C@@H](COC[C@H](O)CN2CC3CCCC3)O1,NA
