Source,Target,Similarity,SourceSignature,SourceCellLine,SourceTime,TargetSignature,TargetCellLine,TargetConcentration,TargetTime,tissue,integratedMoas,GeneTargets,canonical_inchi_key,canonical_inchi,perturbagen_id,canonical_smiles,max_fda_phase
Input,Guanadrel,0.34153043,InputSig,NA,NA,LINCSCP_121369,HT29,1.11uM,24h,large intestine,Norepinephrine transporter substrate,SLC6A2,HPBNRIOWIXYZFK-UHFFFAOYSA-N,"InChI=1S/C10H19N3O2/c11-9(12)13-6-8-7-14-10(15-8)4-2-1-3-5-10/h8H,1-7H2,(H4,11,12,13)",40041,NC(=N)NCC1COC2(CCCCC2)O1,4
Input,CGP 60474,0.32910191,InputSig,NA,NA,LINCSCP_131611,MCF10A,3.33uM,3h,breast epithelial,CDK inhibitor,CDK1,IYNDTACKOAXKBJ-UHFFFAOYSA-N,"InChI=1S/C18H18ClN5O/c19-14-3-1-4-15(12-14)23-18-22-9-6-16(24-18)13-5-8-21-17(11-13)20-7-2-10-25/h1,3-6,8-9,11-12,25H,2,7,10H2,(H,20,21)(H,22,23,24)",16652,OCCCNc1cc(ccn1)c2ccnc(Nc3cccc(Cl)c3)n2,NA
Input,PG 490,0.32698235,InputSig,NA,NA,LINCSCP_19450,HCC515,0.1uM,6h,lung,RNA polymerase inhibitor,NA,DFBIRQPKNDILPW-KTGKZQHOSA-N,"InChI=1S/C20H24O6/c1-8(2)18-13(25-18)14-20(26-14)17(3)5-4-9-10(7-23-15(9)21)11(17)6-12-19(20,24-12)16(18)22/h8,11-14,16,22H,4-7H2,1-3H3/t11?,12-,13-,14-,16+,17-,18-,19+,20+/m0/s1",23403,CC(C)[C@]12O[C@H]1[C@@H]3O[C@@]34[C@@]5(C)CCC6=C(COC6=O)C5C[C@@H]7O[C@]47[C@@H]2O,NA
Input,ETHYLENEDIAMINE TETRACETATE TETRA-ETHANOLAMINE,0.32428694,InputSig,NA,NA,LINCSCP_124770,HT29,3.33uM,24h,large intestine,NA,NA,KCXVZYZYPLLWCC-UHFFFAOYSA-N,"InChI=1S/C10H16N2O8/c13-7(14)3-11(4-8(15)16)1-2-12(5-9(17)18)6-10(19)20/h1-6H2,(H,13,14)(H,15,16)(H,17,18)(H,19,20)",26934,OC(=O)CN(CCN(CC(=O)O)CC(=O)O)CC(=O)O,3
Input,3-Chloro-l-alanine,0.32186464,InputSig,NA,NA,LINCSCP_9804,A549,0.5uM,6h,lung,Protein synthesis inhibitor,RPS2,ASBJGPTTYPEMLP-REOHCLBHSA-N,"InChI=1S/C3H6ClNO2/c4-1-2(5)3(6)7/h2H,1,5H2,(H,6,7)/t2-/m0/s1",12647,N[C@@H](CCl)C(=O)O,NA
Input,PHA-793887,0.31778929,InputSig,NA,NA,LINCSCP_163937,SKBR3,0.37uM,3h,breast,CDK inhibitor,CDK1|CDK10|CDK11B|CDK12|CDK13|CDK14|CDK15|CDK16|CDK17|CDK18|CDK19|CDK2|CDK20|CDK3|CDK4|CDK5|CDK6|CDK7|CDK8|CDK9,HUXYBQXJVXOMKX-UHFFFAOYSA-N,"InChI=1S/C19H31N5O2/c1-12(2)10-15(25)20-17-14-11-24(19(3,4)16(14)21-22-17)18(26)13-6-8-23(5)9-7-13/h12-13H,6-11H2,1-5H3,(H2,20,21,22,25)",15128,CC(C)CC(=O)Nc1n[nH]c2c1CN(C(=O)C3CCN(C)CC3)C2(C)C,1
Input,Navitoclax,0.31421329,InputSig,NA,NA,LINCSCP_97198,HA1E,0.04uM,24h,kidney epithelial,BCL inhibitor,BCL2|BCL2L1|BCL2L2,JLYAXFNOILIKPP-KXQOOQHDSA-N,"InChI=1S/C47H55ClF3N5O6S3/c1-46(2)20-18-42(34-8-12-37(48)13-9-34)36(31-46)32-55-22-24-56(25-23-55)39-14-10-35(11-15-39)45(57)53-65(60,61)41-16-17-43(44(30-41)64(58,59)47(49,50)51)52-38(19-21-54-26-28-62-29-27-54)33-63-40-6-4-3-5-7-40/h3-17,30,38,52H,18-29,31-33H2,1-2H3,(H,53,57)/t38-/m1/s1",16188,CC1(C)CCC(=C(CN2CCN(CC2)c3ccc(cc3)C(=O)NS(=O)(=O)c4ccc(N[C@H](CCN5CCOCC5)CSc6ccccc6)c(c4)S(=O)(=O)C(F)(F)F)C1)c7ccc(Cl)cc7,2
Input,CHEMBL1673039,0.30956552,InputSig,NA,NA,LINCSCP_235517,MCF10A,0.1uM,6h,breast epithelial,Leucine rich repeat kinase inhibitor|MAP kinase inhibitor,LRRK2|MAPK7,DDTPGANIPBKTNU-UHFFFAOYSA-N,"InChI=1S/C25H29N7O2/c1-29-11-13-32(14-12-29)17-9-10-19(22(15-17)34-4)27-25-26-16-21-23(28-25)30(2)20-8-6-5-7-18(20)24(33)31(21)3/h5-10,15-16H,11-14H2,1-4H3,(H,26,27,28)",15131,COc1cc(ccc1Nc2ncc3N(C)C(=O)c4ccccc4N(C)c3n2)N5CCN(C)CC5,NA
Input,AT-7519,0.30898741,InputSig,NA,NA,LINCSCP_131701,MCF10A,3.33uM,3h,breast epithelial,CDK inhibitor|Cell cycle inhibitor,CDK1|CDK10|CDK11B|CDK12|CDK13|CDK14|CDK15|CDK16|CDK17|CDK18|CDK19|CDK2|CDK20|CDK3|CDK4|CDK5|CDK6|CDK7|CDK8|CDK9,OVPNQJVDAFNBDN-UHFFFAOYSA-N,"InChI=1S/C16H17Cl2N5O2/c17-10-2-1-3-11(18)13(10)15(24)22-12-8-20-23-14(12)16(25)21-9-4-6-19-7-5-9/h1-3,8-9,19H,4-7H2,(H,20,23)(H,21,25)(H,22,24)",36797,Clc1cccc(Cl)c1C(=O)Nc2c[nH]nc2C(=O)NC3CCNCC3,2
Input,AZD-5438,0.3053139,InputSig,NA,NA,LINCSCP_131682,MCF10A,10uM,3h,breast epithelial,CDK inhibitor,CDK1|CDK10|CDK11B|CDK12|CDK13|CDK14|CDK15|CDK16|CDK17|CDK18|CDK19|CDK2|CDK20|CDK3|CDK4|CDK5|CDK6|CDK7|CDK8|CDK9,WJRRGYBTGDJBFX-UHFFFAOYSA-N,"InChI=1S/C18H21N5O2S/c1-12(2)23-13(3)20-11-17(23)16-9-10-19-18(22-16)21-14-5-7-15(8-6-14)26(4,24)25/h5-12H,1-4H3,(H,19,21,22)",17553,CC(C)n1c(C)ncc1c2ccnc(Nc3ccc(cc3)S(=O)(=O)C)n2,1
Input,Orphenadrine,0.30419455,InputSig,NA,NA,LINCSCP_158268,PC3,0.37uM,24h,prostate,Acetylcholine receptor antagonist,GRIN1|GRIN2A|GRIN2B|GRIN2C|GRIN2D|GRIN3A|GRIN3B|HRH1|SCN10A|SCN11A|SCN1A|SCN2A|SCN3A|SCN4A|SCN5A|SCN7A|SCN8A|SCN9A|SLC6A2,QVYRGXJJSLMXQH-UHFFFAOYSA-N,"InChI=1S/C18H23NO/c1-15-9-7-8-12-17(15)18(20-14-13-19(2)3)16-10-5-4-6-11-16/h4-12,18H,13-14H2,1-3H3",6257,CN(C)CCOC(c1ccccc1)c2ccccc2C,4
Input,10-DEBC,0.3027248,InputSig,NA,NA,LINCSCP_91775,HA1E,3.33uM,24h,kidney epithelial,AKT inhibitor,PIM1,GYBXAGDWMCJZJK-UHFFFAOYSA-N,"InChI=1S/C20H25ClN2O/c1-3-22(4-2)13-7-8-14-23-17-9-5-6-10-19(17)24-20-12-11-16(21)15-18(20)23/h5-6,9-12,15H,3-4,7-8,13-14H2,1-2H3",16184,CCN(CC)CCCCN1c2ccccc2Oc3ccc(Cl)cc13,NA
Input,Alvocidib,0.30141728,InputSig,NA,NA,LINCSCP_131495,MCF10A,0.04uM,3h,breast epithelial,CDK inhibitor,CDK1|CDK2|CDK4|CDK5|CDK6|CDK7|CDK8|CDK9|EGFR|PYGM,BIIVYFLTOXDAOV-YVEFUNNKSA-N,"InChI=1S/C21H20ClNO5/c1-23-7-6-12(17(27)10-23)19-14(24)8-15(25)20-16(26)9-18(28-21(19)20)11-4-2-3-5-13(11)22/h2-5,8-9,12,17,24-25,27H,6-7,10H2,1H3/t12-,17+/m0/s1",16629,CN1CC[C@@H]([C@H](O)C1)c2c(O)cc(O)c3C(=O)C=C(Oc23)c4ccccc4Cl,3
Input,Masitinib,0.30120774,InputSig,NA,NA,LINCSCP_86697,CD34,3.33uM,24h,bone marrow,KIT inhibitor|PDGFR tyrosine kinase receptor inhibitor|Src inhibitor,FGFR3|KIT|LYN|PDGFRA|PDGFRB,WJEOLQLKVOPQFV-UHFFFAOYSA-N,"InChI=1S/C28H30N6OS/c1-20-5-10-24(16-25(20)31-28-32-26(19-36-28)23-4-3-11-29-17-23)30-27(35)22-8-6-21(7-9-22)18-34-14-12-33(2)13-15-34/h3-11,16-17,19H,12-15,18H2,1-2H3,(H,30,35)(H,31,32)",17526,CN1CCN(Cc2ccc(cc2)C(=O)Nc3ccc(C)c(Nc4nc(cs4)c5cccnc5)c3)CC1,3
Input,Skiii,0.29976825,InputSig,NA,NA,LINCSCP_21185,HCT116,40uM,6h,large intestine,Sphingosine kinase inhibitor,SPHK1,ZFGXZJKLOFCECI-UHFFFAOYSA-N,"InChI=1S/C15H11ClN2OS/c16-11-3-1-10(2-4-11)14-9-20-15(18-14)17-12-5-7-13(19)8-6-12/h1-9,19H,(H,17,18)",15485,Oc1ccc(Nc2nc(cs2)c3ccc(Cl)cc3)cc1,NA
Input,Mitoxantrone,0.29864042,InputSig,NA,NA,LINCSCP_99762,HCC515,10uM,24h,lung,DNA topoisomerase II alpha inhibitor,TOP2A,KKZJGLLVHKMTCM-UHFFFAOYSA-N,"InChI=1S/C22H28N4O6/c27-11-9-23-5-7-25-13-1-2-14(26-8-6-24-10-12-28)18-17(13)21(31)19-15(29)3-4-16(30)20(19)22(18)32/h1-4,23-30H,5-12H2",15491,OCCNCCNc1ccc(NCCNCCO)c2C(=O)c3c(O)ccc(O)c3C(=O)c12,4
Input,Everolimus,0.29541486,InputSig,NA,NA,LINCSCP_121308,HT29,3.33uM,24h,large intestine,FK506-binding protein 1A inhibitor|mTOR inhibitor,FKBP1A|MTOR,HKVAMNSJSFKALM-GKUWKFKPSA-N,"InChI=1S/C53H83NO14/c1-32-16-12-11-13-17-33(2)44(63-8)30-40-21-19-38(7)53(62,68-40)50(59)51(60)54-23-15-14-18-41(54)52(61)67-45(35(4)28-39-20-22-43(66-25-24-55)46(29-39)64-9)31-42(56)34(3)27-37(6)48(58)49(65-10)47(57)36(5)26-32/h11-13,16-17,27,32,34-36,38-41,43-46,48-49,55,58,62H,14-15,18-26,28-31H2,1-10H3/b13-11+,16-12+,33-17+,37-27+/t32-,34-,35-,36-,38-,39+,40+,41+,43-,44+,45+,46-,48-,49+,53-/m1/s1",35187,CO[C@@H]1C[C@H](C[C@@H](C)[C@@H]2CC(=O)[C@H](C)\C=C(/C)\[C@@H](O)[C@@H](OC)C(=O)[C@H](C)C[C@H](C)\C=C\C=C\C=C(/C)\[C@H](C[C@@H]3CC[C@@H](C)[C@@](O)(O3)C(=O)C(=O)N4CCCC[C@H]4C(=O)O2)OC)CC[C@H]1OCCO,4
Input,Quinacrine,0.29396431,InputSig,NA,NA,LINCSCP_25010,HT115,10uM,6h,large intestine,Cytokine production inhibitor|NFkB pathway inhibitor|TP53 activator,TP53,GPKJTRJOBQGKQK-UHFFFAOYSA-N,"InChI=1S/C23H30ClN3O/c1-5-27(6-2)13-7-8-16(3)25-23-19-11-9-17(24)14-22(19)26-21-12-10-18(28-4)15-20(21)23/h9-12,14-16H,5-8,13H2,1-4H3,(H,25,26)",15253,CCN(CC)CCCC(C)Nc1c2ccc(Cl)cc2nc3ccc(OC)cc13,2
Input,Saxagliptin,0.29180919,InputSig,NA,NA,LINCSCP_97187,HA1E,10uM,24h,kidney epithelial,Dipeptidyl peptidase IV inhibitor,DPP4,QGJUIPDUBHWZPV-SGTAVMJGSA-N,"InChI=1S/C18H25N3O2/c19-8-13-2-12-3-14(12)21(13)16(22)15(20)17-4-10-1-11(5-17)7-18(23,6-10)9-17/h10-15,23H,1-7,9,20H2/t10?,11?,12-,13+,14+,15-,17?,18?/m1/s1",27155,N[C@H](C(=O)N1[C@@H](C[C@@H]2C[C@H]12)C#N)C34CC5CC(CC(O)(C5)C3)C4,4
Input,WZ3105,0.29161263,InputSig,NA,NA,LINCSCP_130859,MCF10A,10uM,3h,breast epithelial,CLK2 inihibitor,CLK2|CSNK1E|FLT3|ULK1,DGEBYERMQBTMHV-IRJFHVNHSA-N,"InChI=1S/C25H34N8O/c1-6-21(34)27-18-8-7-9-19(14-18)28-23-22-24(33(15-26-22)16(2)3)31-25(30-23)29-17-10-12-20(13-11-17)32(4)5/h6-9,14-17,20H,1,10-13H2,2-5H3,(H,27,34)(H2,28,29,30,31)/t17-,20-",22305,CC(C)n1cnc2c(Nc3cccc(NC(=O)C=C)c3)nc(N[C@@H]4CC[C@H](CC4)N(C)C)nc12,NA
Input,Meclofenamic acid,0.29061826,InputSig,NA,NA,LINCSCP_96097,HA1E,10uM,24h,kidney epithelial,Cyclooxygenase inhibitor|Prostanoid receptor antagonist,ALOX5|PTGS1|PTGS2,SBDNJUWAMKYJOX-UHFFFAOYSA-N,"InChI=1S/C14H11Cl2NO2/c1-8-6-7-10(15)13(12(8)16)17-11-5-3-2-4-9(11)14(18)19/h2-7,17H,1H3,(H,18,19)",15704,Cc1ccc(Cl)c(Nc2ccccc2C(=O)O)c1Cl,4
Input,SA-1939126,0.28974328,InputSig,NA,NA,LINCSCP_260302,NKDBA,10uM,24h,kidney epithelial,NA,NA,GATATIFOBUODSE-QHCPKHFHSA-N,"InChI=1S/C28H26FN5O4/c1-38-19-9-10-20-22(12-19)32-25-23(13-35)34(27(37)31-18-7-5-17(29)6-8-18)16-28(24(20)25)14-33(15-28)26(36)21-4-2-3-11-30-21/h2-12,23,32,35H,13-16H2,1H3,(H,31,37)/t23-/m0/s1",12645,COc1ccc2c3c([nH]c2c1)[C@H](CO)N(CC34CN(C4)C(=O)c5ccccn5)C(=O)Nc6ccc(F)cc6,NA
Input,AC1NWAUW,0.28912361,InputSig,NA,NA,LINCSCP_98635,HA1E,0.04uM,24h,kidney epithelial,Adenosine receptor agonist|CAMP stimulant,PRKACA,CJGYSWNGNKCJSB-ZBSNKJFMSA-N,"InChI=1S/C18H24N5O8P/c1-3-5-11(24)22-16-13-17(20-8-19-16)23(9-21-13)18-15(30-12(25)6-4-2)14-10(29-18)7-28-32(26,27)31-14/h8-10,14-15,18H,3-7H2,1-2H3,(H,26,27)(H,19,20,22,24)/t10-,14-,15-,18?/m1/s1",22159,CCCC(=O)Nc1ncnc2c1ncn2C3O[C@@H]4COP(=O)(O)O[C@H]4[C@H]3OC(=O)CCC,NA
Input,(S)-Tipifarnib,0.28868404,InputSig,NA,NA,LINCSCP_53817,SNUC4,10uM,6h,large intestine,Farnesyltransferase inhibitor,NA,PLHJCIYEEKOWNM-MHZLTWQESA-N,"InChI=1S/C27H22Cl2N4O/c1-32-16-31-15-25(32)27(30,18-6-9-20(28)10-7-18)19-8-11-24-23(13-19)22(14-26(34)33(24)2)17-4-3-5-21(29)12-17/h3-16H,30H2,1-2H3/t27-/m0/s1",36694,CN1C(=O)C=C(c2cccc(Cl)c2)c3cc(ccc13)[C@@](N)(c4ccc(Cl)cc4)c5cncn5C,NA
Input,"Temsirolimus (CCI-779, NSC 683864)",0.28721025,InputSig,NA,NA,LINCSCP_73166,A375,0.12uM,24h,skin,mTOR inhibitor,MTOR,CBPNZQVSJQDFBE-SREVRWKESA-N,"InChI=1S/C56H87NO16/c1-33-17-13-12-14-18-34(2)45(68-9)29-41-22-20-39(7)56(67,73-41)51(63)52(64)57-24-16-15-19-42(57)53(65)71-46(30-43(60)35(3)26-38(6)49(62)50(70-11)48(61)37(5)25-33)36(4)27-40-21-23-44(47(28-40)69-10)72-54(66)55(8,31-58)32-59/h12-14,17-18,26,33,35-37,39-42,44-47,49-50,58-59,62,67H,15-16,19-25,27-32H2,1-11H3/b14-12+,17-13+,34-18+,38-26+/t33-,35-,36-,37-,39-,40+,41-,42+,44+,45+,46+,47-,49-,50+,56-/m1/s1",27192,CO[C@@H]1C[C@H](C[C@@H](C)[C@@H]2CC(=O)[C@H](C)\C=C(/C)\[C@@H](O)[C@@H](OC)C(=O)[C@H](C)C[C@H](C)\C=C\C=C\C=C(/C)\[C@H](C[C@H]3CC[C@@H](C)[C@@](O)(O3)C(=O)C(=O)N4CCCC[C@H]4C(=O)O2)OC)CC[C@@H]1OC(=O)C(C)(CO)CO,NA
Input,AZ628,0.2871699,InputSig,NA,NA,LINCSCP_11891,BT20,10uM,6h,breast,RAF inhibitor,BRAF|RAF1,ZGBGPEDJXCYQPH-UHFFFAOYSA-N,"InChI=1S/C27H25N5O2/c1-17-8-9-21(31-25(33)18-6-5-7-19(12-18)27(2,3)15-28)14-24(17)30-20-10-11-23-22(13-20)26(34)32(4)16-29-23/h5-14,16,30H,1-4H3,(H,31,33)",15125,CN1C=Nc2ccc(Nc3cc(NC(=O)c4cccc(c4)C(C)(C)C#N)ccc3C)cc2C1=O,NA
Input,3-(4-Pyridyl)indole,0.28598218,InputSig,NA,NA,LINCSCP_13325,FIBRNPC,10uM,6h,NA,Rho associated kinase inhibitor,ROCK1,LLJRXVHJOJRCSM-UHFFFAOYSA-N,"InChI=1S/C13H10N2/c1-2-4-13-11(3-1)12(9-15-13)10-5-7-14-8-6-10/h1-9,15H",22231,c1ccc2c(c[nH]c2c1)c3ccncc3,NA
Input,Merbarone,0.2843494,InputSig,NA,NA,LINCSCP_159733,PC3,0.04uM,24h,prostate,NA,NA,JARCFMKMOFFIGZ-UHFFFAOYSA-N,"InChI=1S/C11H9N3O3S/c15-8(12-6-4-2-1-3-5-6)7-9(16)13-11(18)14-10(7)17/h1-5,7H,(H,12,15)(H2,13,14,16,17,18)",26700,O=C(Nc1ccccc1)C2C(=O)NC(=S)NC2=O,NA
Input,BGT-226,0.28432143,InputSig,NA,NA,LINCSCP_69970,A375,0.04uM,24h,skin,PI3-kinase class I inhibitor|Serine/threonine-protein kinase mTOR inhibitor,MTOR|PIK3CA|PIK3CB|PIK3CD|PIK3CG|PIK3R1|PIK3R2|PIK3R3|PIK3R5,BMMXYEBLEBULND-UHFFFAOYSA-N,"InChI=1S/C28H25F3N6O2/c1-35-24-16-33-22-6-3-17(18-4-8-25(39-2)34-15-18)13-20(22)26(24)37(27(35)38)19-5-7-23(21(14-19)28(29,30)31)36-11-9-32-10-12-36/h3-8,13-16,32H,9-12H2,1-2H3",36775,COc1ccc(cn1)c2ccc3ncc4N(C)C(=O)N(c5ccc(N6CCNCC6)c(c5)C(F)(F)F)c4c3c2,2
Input,Imiloxan,0.28341502,InputSig,NA,NA,LINCSCP_102835,HELA,0.12uM,24h,large intestine,Adrenergic receptor antagonist,ADRA2A|ADRA2B,UXABARREKCJULM-UHFFFAOYSA-N,"InChI=1S/C14H16N2O2/c1-2-16-8-7-15-14(16)9-11-10-17-12-5-3-4-6-13(12)18-11/h3-8,11H,2,9-10H2,1H3",35325,CCn1ccnc1CC2COc3ccccc3O2,NA
Input,FPL-55712,0.28296746,InputSig,NA,NA,LINCSCP_144018,MCF7,3.33uM,24h,breast,Leukotriene receptor antagonist,NA,LMQBMWHHGVZWMR-UHFFFAOYSA-N,"InChI=1S/C27H30O9/c1-4-6-19-22(10-8-17(15(3)28)25(19)31)34-13-16(29)14-35-23-11-9-18-21(30)12-24(27(32)33)36-26(18)20(23)7-5-2/h8-12,16,29,31H,4-7,13-14H2,1-3H3,(H,32,33)",15345,CCCc1c(O)c(ccc1OCC(O)COc2ccc3C(=O)C=C(Oc3c2CCC)C(=O)O)C(=O)C,NA
Input,Tolvaptan,0.28267042,InputSig,NA,NA,LINCSCP_97186,HA1E,0.04uM,24h,kidney epithelial,Vasopressin V2 receptor antagonist,AVPR2,GYHCTFXIZSNGJT-UHFFFAOYSA-N,"InChI=1S/C26H25ClN2O3/c1-16-6-3-4-7-20(16)25(31)28-19-10-11-21(17(2)14-19)26(32)29-13-5-8-24(30)22-15-18(27)9-12-23(22)29/h3-4,6-7,9-12,14-15,24,30H,5,8,13H2,1-2H3,(H,28,31)",27037,Cc1ccccc1C(=O)Nc2ccc(C(=O)N3CCCC(O)c4cc(Cl)ccc34)c(C)c2,4
Input,Dasatinib,0.28241877,InputSig,NA,NA,LINCSCP_163656,SKBR3,1.11uM,24h,breast,Bcr-Abl kinase inhibitor|Ephrin inhibitor|KIT inhibitor|PDGFR tyrosine kinase receptor inhibitor|Src inhibitor|Tyrosine kinase inhibitor,ABL1|BCR|BLK|EPHA2|FGR|FRK|FYN|HCK|KIT|LCK|LYN|PDGFRB|SRC|SRMS|YES1,ZBNZXTGUTAYRHI-UHFFFAOYSA-N,"InChI=1S/C22H26ClN7O2S/c1-14-4-3-5-16(23)20(14)28-21(32)17-13-24-22(33-17)27-18-12-19(26-15(2)25-18)30-8-6-29(7-9-30)10-11-31/h3-5,12-13,31H,6-11H2,1-2H3,(H,28,32)(H,24,25,26,27)",16640,Cc1nc(Nc2ncc(s2)C(=O)Nc3c(C)cccc3Cl)cc(n1)N4CCN(CCO)CC4,4
Input,PF-562271,0.28192866,InputSig,NA,NA,LINCSCP_131598,MCF10A,10uM,3h,breast epithelial,Focal adhesion kinase inhibitor,PTK2|PTK2B,MZDKLVOWGIOKTN-UHFFFAOYSA-N,"InChI=1S/C21H20F3N7O3S/c1-31(35(2,33)34)19-12(4-3-7-25-19)10-26-18-15(21(22,23)24)11-27-20(30-18)28-14-5-6-16-13(8-14)9-17(32)29-16/h3-8,11H,9-10H2,1-2H3,(H,29,32)(H2,26,27,28,30)",35273,CN(c1ncccc1CNc2nc(Nc3ccc4NC(=O)Cc4c3)ncc2C(F)(F)F)S(=O)(=O)C,1
Input,A-443654,0.28145443,InputSig,NA,NA,LINCSCP_29729,MCF10A,10uM,6h,breast epithelial,AKT inhibitor,AKT1|AKT2,YWTBGJGMTBHQTM-IBGZPJMESA-N,"InChI=1S/C24H23N5O/c1-15-22-10-16(6-7-24(22)29-28-15)17-9-20(13-26-11-17)30-14-19(25)8-18-12-27-23-5-3-2-4-21(18)23/h2-7,9-13,19,27H,8,14,25H2,1H3,(H,28,29)/t19-/m0/s1",15124,Cc1[nH]nc2ccc(cc12)c3cncc(OC[C@@H](N)Cc4c[nH]c5ccccc45)c3,NA
Input,WH-4-025,0.28109805,InputSig,NA,NA,LINCSCP_51348,SKBR3,1uM,24h,breast,NA,NA,MWWDOHSKUDECFQ-UHFFFAOYSA-N,"InChI=1S/C39H38F3N7O5/c1-25-8-9-26(36(50)44-29-7-5-6-27(23-29)39(40,41)42)22-33(25)54-38(51)49(32-15-14-31(52-3)24-34(32)53-4)35-16-17-43-37(46-35)45-28-10-12-30(13-11-28)48-20-18-47(2)19-21-48/h5-17,22-24H,18-21H2,1-4H3,(H,44,50)(H,43,45,46)",26522,COc1ccc(N(C(=O)Oc2cc(ccc2C)C(=O)Nc3cccc(c3)C(F)(F)F)c4ccnc(Nc5ccc(cc5)N6CCN(C)CC6)n4)c(OC)c1,NA
Input,Temoporfin,0.2797711,InputSig,NA,NA,LINCSCP_155239,PC3,0.12uM,24h,prostate,NA,NA,LYPFDBRUNKHDGX-UHFFFAOYSA-N,"InChI=1S/C44H32N4O4/c49-29-9-1-5-25(21-29)41-33-13-15-35(45-33)42(26-6-2-10-30(50)22-26)37-17-19-39(47-37)44(28-8-4-12-32(52)24-28)40-20-18-38(48-40)43(36-16-14-34(41)46-36)27-7-3-11-31(51)23-27/h1-17,19,21-24,46-47,49-52H,18,20H2",27193,Oc1cccc(c1)c2c3CCc(n3)c(c4cccc(O)c4)c5ccc([nH]5)c(c6cccc(O)c6)c7ccc(n7)c(c8C=Cc2[nH]8)c9cccc(O)c9,NA
Input,BMS-387032,0.27840788,InputSig,NA,NA,LINCSCP_163997,SKBR3,0.37uM,3h,breast,CDK inhibitor|Cell cycle inhibitor|MCL1 inhibitor,CDK2|CDK7|CDK9,OUSFTKFNBAZUKL-UHFFFAOYSA-N,"InChI=1S/C17H24N4O2S2/c1-17(2,3)12-8-19-13(23-12)10-24-14-9-20-16(25-14)21-15(22)11-4-6-18-7-5-11/h8-9,11,18H,4-7,10H2,1-3H3,(H,20,21,22)",17528,CC(C)(C)c1oc(CSc2cnc(NC(=O)C3CCNCC3)s2)nc1,1
Input,CHEMBL1316687,0.27803629,InputSig,NA,NA,LINCSCP_5585,A549,10uM,24h,lung,Protein phosphatase inhibitor,NA,GTRVPJBVKDIFNU-UDWIEESQSA-N,"InChI=1S/C20H12FN3O4S2/c21-16-6-8-18(9-7-16)29(25,26)20(14-23)12-17-4-2-10-24(17)30(27,28)19-5-1-3-15(11-19)13-22/h1-12H/b20-12+",40427,Fc1ccc(cc1)S(=O)(=O)\C(=C\c2cccn2S(=O)(=O)c3cccc(c3)C#N)\C#N,NA
Input,MLS002474103,0.27779004,InputSig,NA,NA,LINCSCP_59345,VCAP,10uM,6h,prostate,NA,NA,GQBJBCNAEKUCKM-LZCXECNNSA-N,"InChI=1S/C29H34N4O4/c1-20-16-33(21(2)19-34)29(36)24-10-7-11-25(31-28(35)23-12-14-30-15-13-23)27(24)37-26(20)18-32(3)17-22-8-5-4-6-9-22/h4-15,20-21,26,34H,16-19H2,1-3H3,(H,31,35)/t20-,21+,26+/m0/s1",16492,C[C@H](CO)N1C[C@H](C)[C@@H](CN(C)Cc2ccccc2)Oc3c(NC(=O)c4ccncc4)cccc3C1=O,NA
Input,CEFOTETAN,0.2763998,InputSig,NA,NA,LINCSCP_97869,HA1E,0.04uM,24h,kidney epithelial,NA,NA,SRZNHPXWXCNNDU-PGEKIEPBSA-N,"InChI=1S/C17H17N7O8S4/c1-23-16(20-21-22-23)34-4-5-3-33-15-17(32-2,14(31)24(15)7(5)11(29)30)19-9(26)13-35-12(36-13)6(8(18)25)10(27)28/h13,15H,3-4H2,1-2H3,(H2,18,25)(H,19,26)(H,27,28)(H,29,30)/t13?,15?,17-/m0/s1",26871,CO[C@]1(NC(=O)C2SC(=C(C(=O)N)C(=O)O)S2)C3SCC(=C(N3C1=O)C(=O)O)CSc4nnnn4C,NA
Input,CHEMBL3186197,0.27639502,InputSig,NA,NA,LINCSCP_54890,THP1,10uM,6h,haematopoietic and lymphoid tissue,IGF-1 inhibitor,IGF1R|INSR,RGLPLEBXLNEXKU-UHFFFAOYSA-N,"InChI=1S/C27H25N5/c1-27(2)15-20(16-27)26-31-23(24-25(28)29-12-13-32(24)26)19-9-8-18-10-11-21(30-22(18)14-19)17-6-4-3-5-7-17/h3-14,20H,15-16H2,1-2H3,(H2,28,29)",36681,CC1(C)CC(C1)c2nc(c3ccc4ccc(nc4c3)c5ccccc5)c6c(N)nccn26,NA
Input,Salmeterol,0.2761697,InputSig,NA,NA,LINCSCP_6926,A549,10uM,6h,lung,Adrenergic receptor agonist,ADRB2,GIIZNNXWQWCKIB-UHFFFAOYSA-N,"InChI=1S/C25H37NO4/c27-20-23-18-22(13-14-24(23)28)25(29)19-26-15-7-1-2-8-16-30-17-9-6-12-21-10-4-3-5-11-21/h3-5,10-11,13-14,18,25-29H,1-2,6-9,12,15-17,19-20H2",15155,OCc1cc(ccc1O)C(O)CNCCCCCCOCCCCc2ccccc2,4
Input,SKF-83959,0.27587737,InputSig,NA,NA,LINCSCP_78837,A375,3.33uM,24h,skin,NA,NA,NA,NA,NA,NA,NA
Input,Cyclizine,0.27502154,InputSig,NA,NA,LINCSCP_97905,HA1E,0.04uM,24h,kidney epithelial,Histamine receptor modulator,HRH1,UVKZSORBKUEBAZ-UHFFFAOYSA-N,"InChI=1S/C18H22N2/c1-19-12-14-20(15-13-19)18(16-8-4-2-5-9-16)17-10-6-3-7-11-17/h2-11,18H,12-15H2,1H3",36565,CN1CCN(CC1)C(c2ccccc2)c3ccccc3,4
Input,IWR-1-ENDO,0.27480894,InputSig,NA,NA,LINCSCP_54974,THP1,10uM,6h,haematopoietic and lymphoid tissue,PARP inhibitor,TNKS|TNKS2,ZGSXEXBYLJIOGF-ALFLXDJESA-N,"InChI=1S/C25H19N3O3/c29-23(27-19-5-1-3-14-4-2-12-26-22(14)19)15-8-10-18(11-9-15)28-24(30)20-16-6-7-17(13-16)21(20)25(28)31/h1-12,16-17,20-21H,13H2,(H,27,29)/t16-,17+,20-,21+",23305,O=C(Nc1cccc2cccnc12)c3ccc(cc3)N4C(=O)[C@@H]5[C@H]6C[C@H](C=C6)[C@@H]5C4=O,NA
Input,Diazoxide,0.27407256,InputSig,NA,NA,LINCSCP_160975,PC3,0.04uM,24h,prostate,Potassium channel activator,KCNJ11,GDLBFKVLRPITMI-UHFFFAOYSA-N,"InChI=1S/C8H7ClN2O2S/c1-5-10-7-3-2-6(9)4-8(7)14(12,13)11-5/h2-4H,1H3,(H,10,11)",23031,CC1=Nc2ccc(Cl)cc2S(=O)(=O)N1,NA
Input,2'-Deoxycytidine (hydrochloride),0.27216953,InputSig,NA,NA,LINCSCP_143262,MCF7,3.33uM,24h,breast,NA,NA,CKTSBUTUHBMZGZ-SHYZEUOFSA-N,"InChI=1S/C9H13N3O4/c10-7-1-2-12(9(15)11-7)8-3-5(14)6(4-13)16-8/h1-2,5-6,8,13-14H,3-4H2,(H2,10,11,15)/t5-,6+,8+/m0/s1",26994,NC1=NC(=O)N(C=C1)[C@H]2C[C@H](O)[C@@H](CO)O2,NA
Input,Cabazitaxel,0.27209061,InputSig,NA,NA,LINCSCP_121728,HT29,3.33uM,24h,large intestine,NA,NA,BMQGVNUXMIRLCK-VCPXPHFHSA-N,"InChI=1S/C45H57NO14/c1-24-28(57-39(51)33(48)32(26-17-13-11-14-18-26)46-40(52)60-41(3,4)5)22-45(53)37(58-38(50)27-19-15-12-16-20-27)35-43(8,36(49)34(55-10)31(24)42(45,6)7)29(54-9)21-30-44(35,23-56-30)59-25(2)47/h11-20,28-30,32-35,37,48,53H,21-23H2,1-10H3,(H,46,52)/t28-,29+,30+,32-,33+,34+,35-,37+,43+,44-,45-/m0/s1",27200,CO[C@@H]1C[C@H]2OC[C@@]2(OC(=O)C)[C@H]3[C@@H](OC(=O)c4ccccc4)[C@@]5(O)C[C@H](OC(=O)[C@H](O)[C@@H](NC(=O)OC(C)(C)C)c6ccccc6)C(=C([C@@H](OC)C(=O)[C@]13C)C5(C)C)C,NA
Input,AC1O9I2Y,0.27204308,InputSig,NA,NA,LINCSCP_32229,MCF7,10uM,24h,breast,NA,NA,UEOBAWISWUMQRS-ZIOZGJSESA-N,"InChI=1S/C48H40N4O9S/c1-59-26-27-60-47(58)51-36-24-19-29(12-10-11-25-53)28-34(36)48(45(51)57)38(43(55)50-46-49-35-17-8-9-18-37(35)62-46)40-44(56)61-41(31-15-6-3-7-16-31)39(30-13-4-2-5-14-30)52(40)42(48)32-20-22-33(54)23-21-32/h2-9,13-24,28,38-42,53-54H,11,25-27H2,1H3,(H,49,50,55)/t38-,39-,40-,41+,42+,48-/m0/s1",199,COCCOC(=O)N1C(=O)[C@]2([C@@H]([C@@H]3N([C@H]([C@H](OC3=O)c4ccccc4)c5ccccc5)[C@@H]2c6ccc(O)cc6)C(=O)Nc7nc8ccccc8s7)c9cc(ccc19)C#CCCO,NA
Input,Gliquidone,0.27169246,InputSig,NA,NA,LINCSCP_108338,HELA,0.37uM,24h,large intestine,Sulfonylurea,ABCC8,LLJFMFZYVVLQKT-UHFFFAOYSA-N,"InChI=1S/C27H33N3O6S/c1-27(2)23-14-11-20(36-3)17-22(23)24(31)30(25(27)32)16-15-18-9-12-21(13-10-18)37(34,35)29-26(33)28-19-7-5-4-6-8-19/h9-14,17,19H,4-8,15-16H2,1-3H3,(H2,28,29,33)",36042,COc1ccc2c(c1)C(=O)N(CCc3ccc(cc3)S(=O)(=O)NC(=O)NC4CCCCC4)C(=O)C2(C)C,4
Input,LXR-623,0.27123999,InputSig,NA,NA,LINCSCP_73396,A375,0.04uM,24h,skin,LXR-alpha agonist|LXR-beta agonist,NR1H2|NR1H3,KYWWJENKIMRJBI-UHFFFAOYSA-N,"InChI=1S/C21H12ClF5N2/c22-18-10-15(24)9-6-13(18)11-29-20(12-4-7-14(23)8-5-12)16-2-1-3-17(19(16)28-29)21(25,26)27/h1-10H,11H2",27097,Fc1ccc(cc1)c2c3cccc(c3nn2Cc4ccc(F)cc4Cl)C(F)(F)F,1
Input,BRD-K52047117,0.27079199,InputSig,NA,NA,LINCSCP_65660,VCAP,10uM,24h,prostate,NA,NA,WTUFVLVPXRCGPW-ZOFLEUFXSA-N,"InChI=1S/C26H31N3O7/c1-29(2)12-25(32)28-16-4-6-20-18(8-16)19-9-17(35-23(13-30)26(19)36-20)10-24(31)27-11-15-3-5-21-22(7-15)34-14-33-21/h3-8,17,19,23,26,30H,9-14H2,1-2H3,(H,27,31)(H,28,32)/t17-,19+,23-,26-/m1/s1",25668,CN(C)CC(=O)Nc1ccc2O[C@H]3[C@@H](CO)O[C@@H](CC(=O)NCc4ccc5OCOc5c4)C[C@H]3c2c1,NA
Input,MK-2866 (GTx-024),0.27067796,InputSig,NA,NA,LINCSCP_101436,HELA,3.33uM,24h,large intestine,Androgen Receptor modulator,AR,JNGVJMBLXIUVRD-SFHVURJKSA-N,"InChI=1S/C19H14F3N3O3/c1-18(27,11-28-15-6-2-12(9-23)3-7-15)17(26)25-14-5-4-13(10-24)16(8-14)19(20,21)22/h2-8,27H,11H2,1H3,(H,25,26)/t18-/m0/s1",26647,C[C@](O)(COc1ccc(cc1)C#N)C(=O)Nc2ccc(C#N)c(c2)C(F)(F)F,3
Input,Benzbromarone,0.26993211,InputSig,NA,NA,LINCSCP_91117,HA1E,0.04uM,24h,kidney epithelial,Chloride channel blocker,NA,WHQCHUCQKNIQEC-UHFFFAOYSA-N,"InChI=1S/C17H12Br2O3/c1-2-13-15(10-5-3-4-6-14(10)22-13)16(20)9-7-11(18)17(21)12(19)8-9/h3-8,21H,2H2,1H3",35524,CCc1oc2ccccc2c1C(=O)c3cc(Br)c(O)c(Br)c3,4
Input,"SIN-1, Hydrochloride",0.26935697,InputSig,NA,NA,LINCSCP_97545,HA1E,0.12uM,24h,kidney epithelial,NA,NA,FKDHHVKWGRFRTG-UHFFFAOYSA-N,"InChI=1S/C6H10N4O2/c7-6-5-10(8-12-6)9-1-3-11-4-2-9/h5,7H,1-4H2",27057,N=C1O[N-][N+](=C1)N2CCOCC2,NA
Input,Clofibric acid,0.26933995,InputSig,NA,NA,LINCSCP_141711,MCF7,0.12uM,24h,breast,PPAR receptor agonist,PPARA,TXCGAZHTZHNUAI-UHFFFAOYSA-N,"InChI=1S/C10H11ClO3/c1-10(2,9(12)13)14-8-5-3-7(11)4-6-8/h3-6H,1-2H3,(H,12,13)",15469,CC(C)(Oc1ccc(Cl)cc1)C(=O)O,NA
Input,Benzamil,0.26925009,InputSig,NA,NA,LINCSCP_92070,HA1E,1.11uM,24h,kidney epithelial,Sodium channel blocker,PKD2L1|SCNN1A|SCNN1B|SCNN1D|SCNN1G|SLC8A1,KXDROGADUISDGY-UHFFFAOYSA-N,"InChI=1S/C13H14ClN7O/c14-9-11(16)20-10(15)8(19-9)12(22)21-13(17)18-6-7-4-2-1-3-5-7/h1-5H,6H2,(H4,15,16,20)(H3,17,18,21,22)",15204,NC(=NC(=O)c1nc(Cl)c(N)nc1N)NCc2ccccc2,NA
Input,"N-(3-Fluoro-4-((7-methoxyquinolin-4-yl)oxy)phenyl)-1-(2-hydroxy-2-methylpropyl)-5-methyl-3-oxo-2-phenyl-2,3-dihydro-1H-pyrazole-4-carboxamide",0.26883173,InputSig,NA,NA,LINCSCP_152294,PC3,3.33uM,24h,prostate,Hepatocyte growth factor receptor inhibitor,NA,UYMSIPINLJNNOU-UHFFFAOYSA-N,"InChI=1S/C31H29FN4O5/c1-19-28(30(38)36(21-8-6-5-7-9-21)35(19)18-31(2,3)39)29(37)34-20-10-13-27(24(32)16-20)41-26-14-15-33-25-17-22(40-4)11-12-23(25)26/h5-17,39H,18H2,1-4H3,(H,34,37)",37804,COc1ccc2c(Oc3ccc(NC(=O)C4=C(C)N(CC(C)(C)O)N(C4=O)c5ccccc5)cc3F)ccnc2c1,NA
Input,AC1O44XP,0.26821857,InputSig,NA,NA,LINCSCP_64477,VCAP,1uM,24h,prostate,PPAR receptor agonist,PPARG,VHRUMKCAEVRUBK-XSDKJXIISA-N,"InChI=1S/C20H28O3/c1-2-3-4-5-6-10-13-18-17(15-16-19(18)21)12-9-7-8-11-14-20(22)23/h6-7,9-10,13,15-17H,2-5,8,11-12,14H2,1H3,(H,22,23)/b9-7+,10-6+,18-13+",3193,CCCCC\C=C\C=C\1/C(C\C=C\CCCC(=O)O)C=CC1=O,NA
Input,Triclabendazole,0.26796668,InputSig,NA,NA,LINCSCP_125189,HT29,3.33uM,24h,large intestine,Microtubule inhibitor,DNMT1,NQPDXQQQCQDHHW-UHFFFAOYSA-N,"InChI=1S/C14H9Cl3N2OS/c1-21-14-18-9-5-8(16)12(6-10(9)19-14)20-11-4-2-3-7(15)13(11)17/h2-6H,1H3,(H,18,19)",16435,CSc1nc2cc(Cl)c(Oc3cccc(Cl)c3Cl)cc2[nH]1,NA
Input,MLN-0128,0.26717198,InputSig,NA,NA,LINCSCP_113920,HME1,0.37uM,24h,breast,Serine/threonine-protein kinase mTOR inhibitor,MTOR,GYLDXIAOMVERTK-UHFFFAOYSA-N,"InChI=1S/C15H15N7O/c1-7(2)22-14-11(13(16)18-6-19-14)12(21-22)8-3-4-10-9(5-8)20-15(17)23-10/h3-7H,1-2H3,(H2,17,20)(H2,16,18,19)",15180,CC(C)n1nc(c2ccc3oc(N)nc3c2)c4c(N)ncnc14,2
Input,XAV 939,0.26675042,InputSig,NA,NA,LINCSCP_35917,MCF7,0.5uM,24h,breast,Tankyrase inhibitor,TNKS|TNKS2,KLGQSVMIPOVQAX-UHFFFAOYSA-N,"InChI=1S/C14H11F3N2OS/c15-14(16,17)9-3-1-8(2-4-9)12-18-11-5-6-21-7-10(11)13(20)19-12/h1-4H,5-7H2,(H,18,19,20)",16300,Oc1nc(nc2CCSCc12)c3ccc(cc3)C(F)(F)F,NA
Input,WH-4-023,0.26574176,InputSig,NA,NA,LINCSCP_51391,SKBR3,10uM,24h,breast,Src inhibitor,ABL1|SRC,NBTNHSGBRGTFJS-UHFFFAOYSA-N,"InChI=1S/C32H36N6O4/c1-22-7-6-8-23(2)30(22)42-32(39)38(27-14-13-26(40-4)21-28(27)41-5)29-15-16-33-31(35-29)34-24-9-11-25(12-10-24)37-19-17-36(3)18-20-37/h6-16,21H,17-20H2,1-5H3,(H,33,34,35)",36485,COc1ccc(N(C(=O)Oc2c(C)cccc2C)c3ccnc(Nc4ccc(cc4)N5CCN(C)CC5)n3)c(OC)c1,NA
Input,Tamibarotene,0.26553408,InputSig,NA,NA,LINCSCP_118988,HT29,10uM,24h,large intestine,Retinoid receptor agonist,RARA|RARB,MUTNCGKQJGXKEM-UHFFFAOYSA-N,"InChI=1S/C22H25NO3/c1-21(2)11-12-22(3,4)18-13-16(9-10-17(18)21)23-19(24)14-5-7-15(8-6-14)20(25)26/h5-10,13H,11-12H2,1-4H3,(H,23,24)(H,25,26)",16329,CC1(C)CCC(C)(C)c2cc(NC(=O)c3ccc(cc3)C(=O)O)ccc12,2
Input,TRAP-101,0.26512994,InputSig,NA,NA,LINCSCP_14491,HA1E,10uM,24h,kidney epithelial,Nociceptin/orphanin FQ (NOP) receptor antagonist|Opioid receptor antagonist,OPRL1,DCRGHMJXEBSRQG-UHFFFAOYSA-N,"InChI=1S/C24H35N3O2/c1-2-26-22-12-8-9-13-23(22)27(24(26)29)21-14-15-25(17-20(21)18-28)16-19-10-6-4-3-5-7-11-19/h8-9,12-13,19,28H,2-7,10-11,14-18H2,1H3",15870,CCN1C(=O)N(C2=C(CO)CN(CC3CCCCCCC3)CC2)c4ccccc14,NA
Input,VX-745,0.26473997,InputSig,NA,NA,LINCSCP_240362,MCF7,10uM,24h,breast,P38 MAPK inhibitor,MAPK14,VEPKQEUBKLEPRA-UHFFFAOYSA-N,InChI=1S/C19H9Cl2F2N3OS/c20-11-2-1-3-12(21)17(11)18-14-5-7-16(25-26(14)9-24-19(18)27)28-15-6-4-10(22)8-13(15)23/h1-9H,37864,Fc1ccc(SC2=NN3C=NC(=O)C(=C3C=C2)c4c(Cl)cccc4Cl)c(F)c1,2
Input,Lintitript,0.26461087,InputSig,NA,NA,LINCSCP_33081,MCF7,10uM,24h,breast,CCK receptor antagonist,CCKAR,ILNRQFBVVQUOLP-UHFFFAOYSA-N,"InChI=1S/C20H14ClN3O3S/c21-14-7-3-2-6-13(14)15-11-28-20(22-15)23-19(27)17-9-12-5-1-4-8-16(12)24(17)10-18(25)26/h1-9,11H,10H2,(H,25,26)(H,22,23,27)",15579,OC(=O)Cn1c(cc2ccccc12)C(=O)Nc3nc(cs3)c4ccccc4Cl,NA
Input,DOCETAXEL,0.26421222,InputSig,NA,NA,LINCSCP_121680,HT29,3.33uM,24h,large intestine,NA,NA,ZDZOTLJHXYCWBA-JXHJHTFNSA-N,"InChI=1S/C43H53NO14/c1-22-26(55-37(51)32(48)30(24-15-11-9-12-16-24)44-38(52)58-39(3,4)5)20-43(53)35(56-36(50)25-17-13-10-14-18-25)33-41(8,34(49)31(47)29(22)40(43,6)7)27(46)19-28-42(33,21-54-28)57-23(2)45/h9-18,26-28,30-33,35,46-48,53H,19-21H2,1-8H3,(H,44,52)/t26-,27-,28+,30-,31+,32+,33?,35-,41+,42-,43+/m0/s1",26849,CC(=O)O[C@@]12CO[C@@H]1C[C@H](O)[C@]3(C)C2[C@H](OC(=O)c4ccccc4)[C@]5(O)C[C@H](OC(=O)[C@H](O)[C@@H](NC(=O)OC(C)(C)C)c6ccccc6)C(=C([C@@H](O)C3=O)C5(C)C)C,NA
Input,Fluticasone Propionate,0.26416219,InputSig,NA,NA,LINCSCP_124064,HT29,0.37uM,24h,large intestine,Glucocorticoid receptor agonist,NR3C1|PGR,WMWTYOKRWGGJOA-CENSZEJFSA-N,"InChI=1S/C25H31F3O5S/c1-5-20(31)33-25(21(32)34-12-26)13(2)8-15-16-10-18(27)17-9-14(29)6-7-22(17,3)24(16,28)19(30)11-23(15,25)4/h6-7,9,13,15-16,18-19,30H,5,8,10-12H2,1-4H3/t13-,15+,16+,18+,19+,22+,23+,24+,25+/m1/s1",35912,CCC(=O)O[C@@]1([C@H](C)C[C@H]2[C@@H]3C[C@H](F)C4=CC(=O)C=C[C@]4(C)[C@@]3(F)[C@@H](O)C[C@]12C)C(=O)SCF,4
Input,NSC119236,0.26387029,InputSig,NA,NA,LINCSCP_57103,VCAP,20uM,6h,prostate,NA,NA,RCDIUAFMNCXJRV-UHFFFAOYSA-N,"InChI=1S/C19H13NO4/c1-2-24-19(23)14-13-9-5-6-10-20(13)16-15(14)17(21)11-7-3-4-8-12(11)18(16)22/h3-10H,2H2,1H3",36261,CCOC(=O)c1c2C(=O)c3ccccc3C(=O)c2n4ccccc14,NA
Input,Allitinib,0.26329175,InputSig,NA,NA,LINCSCP_164352,SKL.C,1.11uM,24h,NA,NA,NA,MVZGYPSXNDCANY-UHFFFAOYSA-N,"InChI=1S/C24H18ClFN4O2/c1-2-23(31)29-17-6-8-21-19(11-17)24(28-14-27-21)30-18-7-9-22(20(25)12-18)32-13-15-4-3-5-16(26)10-15/h2-12,14H,1,13H2,(H,29,31)(H,27,28,30)",35294,Fc1cccc(COc2ccc(Nc3ncnc4ccc(NC(=O)C=C)cc34)cc2Cl)c1,NA
Input,CEFEPIME HYDROCHLORIDE,0.26256873,InputSig,NA,NA,LINCSCP_121167,HT29,0.12uM,24h,large intestine,NA,NA,HVFLCNVBZFFHBT-UHFFFAOYSA-O,"InChI=1S/C19H24N6O5S2/c1-25(5-3-4-6-25)7-10-8-31-17-13(16(27)24(17)14(10)18(28)29)22-15(26)12(23-30-2)11-9-32-19(20)21-11/h9,13,17H,3-8H2,1-2H3,(H3-,20,21,22,26,28,29)/p+1",26472,CON=C(C(=O)NC1C2SCC(=C(N2C1=O)C(=O)O)C[N+]3(C)CCCC3)c4csc(N)n4,NA
Input,BRD-K24925721,0.26162723,InputSig,NA,NA,LINCSCP_48389,PC3,5uM,24h,prostate,NA,NA,PVPFWHYBAZYTSA-FQEVSTJZSA-N,"InChI=1S/C25H29N5O4/c1-15(2)27-24(33)30-14-25(12-29(13-25)23(32)16-5-4-8-26-10-16)21-18-7-6-17(34-3)9-19(18)28-22(21)20(30)11-31/h4-10,15,20,28,31H,11-14H2,1-3H3,(H,27,33)/t20-/m0/s1",12211,COc1ccc2c3c([nH]c2c1)[C@H](CO)N(CC34CN(C4)C(=O)c5cccnc5)C(=O)NC(C)C,NA
Input,Carbamazepine,0.2611129,InputSig,NA,NA,LINCSCP_79157,A375,0.12uM,24h,skin,Sodium channel alpha subunit blocker,SCN10A|SCN11A|SCN1A|SCN2A|SCN3A|SCN4A|SCN5A|SCN7A|SCN8A|SCN9A,FFGPTBGBLSHEPO-UHFFFAOYSA-N,"InChI=1S/C15H12N2O/c16-15(18)17-13-7-3-1-5-11(13)9-10-12-6-2-4-8-14(12)17/h1-10H,(H2,16,18)",35986,NC(=O)N1c2ccccc2C=Cc3ccccc13,4
Input,Vemurafenib,0.26051205,InputSig,NA,NA,LINCSCP_55501,U937,10uM,6h,haematopoietic and lymphoid tissue,RAF inhibitor,BRAF,NA,NA,42752,NA,NA
Input,Vemurafenib,0.26051205,InputSig,NA,NA,LINCSCP_55501,U937,10uM,6h,haematopoietic and lymphoid tissue,RAF inhibitor,BRAF,GPXBXXGIAQBQNI-UHFFFAOYSA-N,"InChI=1S/C23H18ClF2N3O3S/c1-2-9-33(31,32)29-19-8-7-18(25)20(21(19)26)22(30)17-12-28-23-16(17)10-14(11-27-23)13-3-5-15(24)6-4-13/h3-8,10-12,29H,2,9H2,1H3,(H,27,28)",35271,CCCS(=O)(=O)Nc1ccc(F)c(C(=O)c2c[nH]c3ncc(cc23)c4ccc(Cl)cc4)c1F,4
Input,Gaboxadol,0.26010146,InputSig,NA,NA,LINCSCP_273443,PC3,10uM,24h,prostate,GABA receptor agonist,GABRA1|GABRA2|GABRA3|GABRA4|GABRA5|GABRA6|GABRB1|GABRB2|GABRB3|GABRD,ZXRVKCBLGJOCEE-UHFFFAOYSA-N,"InChI=1S/C6H8N2O2/c9-6-4-1-2-7-3-5(4)10-8-6/h7H,1-3H2,(H,8,9)",16453,Oc1noc2CNCCc12,3
Input,CHEMBL1950303,0.26002543,InputSig,NA,NA,LINCSCP_152343,PC3,1.11uM,24h,prostate,NA,NA,IBGLGMOPHJQDJB-ROKHWSDSSA-N,"InChI=1S/C21H23F3N6O2/c22-11-7-15(23)18(16(24)8-11)28-21-27-17-9-25-20(26-12-1-3-14(31)4-2-12)29-19(17)30(21)13-5-6-32-10-13/h7-9,12-14,31H,1-6,10H2,(H,27,28)(H,25,26,29)/t12?,13-,14?/m1/s1",17495,OC1CCC(CC1)Nc2ncc3nc(Nc4c(F)cc(F)cc4F)n([C@@H]5CCOC5)c3n2,NA
Input,Mozavaptan,0.25996437,InputSig,NA,NA,LINCSCP_120989,HT29,10uM,24h,large intestine,NA,NA,WRNXUQJJCIZICJ-UHFFFAOYSA-N,"InChI=1S/C27H29N3O2/c1-19-9-4-5-10-22(19)26(31)28-21-16-14-20(15-17-21)27(32)30-18-8-13-24(29(2)3)23-11-6-7-12-25(23)30/h4-7,9-12,14-17,24H,8,13,18H2,1-3H3,(H,28,31)",27112,CN(C)C1CCCN(C(=O)c2ccc(NC(=O)c3ccccc3C)cc2)c4ccccc14,NA
Input,PF431396,0.25954714,InputSig,NA,NA,LINCSCP_130871,MCF10A,10uM,3h,breast epithelial,Focal adhesion kinase inhibitor,NA,POJZIZBONPAWIV-UHFFFAOYSA-N,"InChI=1S/C22H21F3N6O3S/c1-31(35(2,33)34)18-6-4-3-5-13(18)11-26-20-16(22(23,24)25)12-27-21(30-20)28-15-7-8-17-14(9-15)10-19(32)29-17/h3-9,12H,10-11H2,1-2H3,(H,29,32)(H2,26,27,28,30)",17513,CN(c1ccccc1CNc2nc(Nc3ccc4NC(=O)Cc4c3)ncc2C(F)(F)F)S(=O)(=O)C,NA
Input,Doxazosin,0.25921651,InputSig,NA,NA,LINCSCP_104521,HELA,1.11uM,24h,large intestine,Adrenergic receptor antagonist,ADRA1A|ADRA1B|ADRA1D,RUZYUOTYCVRMRZ-UHFFFAOYSA-N,"InChI=1S/C23H25N5O5/c1-30-18-11-14-15(12-19(18)31-2)25-23(26-21(14)24)28-9-7-27(8-10-28)22(29)20-13-32-16-5-3-4-6-17(16)33-20/h3-6,11-12,20H,7-10,13H2,1-2H3,(H2,24,25,26)",36220,COc1cc2nc(nc(N)c2cc1OC)N3CCN(CC3)C(=O)C4COc5ccccc5O4,4
Input,Veliparib,0.25888904,InputSig,NA,NA,LINCSCP_251082,MCF7,0.001uM,24h,breast,PARP inhibitor,PARP1|PARP2,JNAHVYVRKWKWKQ-CYBMUJFWSA-N,"InChI=1S/C13H16N4O/c1-13(6-3-7-15-13)12-16-9-5-2-4-8(11(14)18)10(9)17-12/h2,4-5,15H,3,6-7H2,1H3,(H2,14,18)(H,16,17)/t13-/m1/s1",23021,C[C@@]1(CCCN1)c2nc3c(cccc3[nH]2)C(=O)N,NA
Input,Moxisylyte,0.25879488,InputSig,NA,NA,LINCSCP_50,A375,3uM,6h,skin,Adrenergic receptor antagonist,NA,VRYMTAVOXVTQEF-UHFFFAOYSA-N,"InChI=1S/C16H25NO3/c1-11(2)14-10-15(20-13(4)18)12(3)9-16(14)19-8-7-17(5)6/h9-11H,7-8H2,1-6H3",16433,CC(C)c1cc(OC(=O)C)c(C)cc1OCCN(C)C,4
Input,Gatifloxacin,0.25878869,InputSig,NA,NA,LINCSCP_142074,MCF7,3.33uM,24h,breast,Bacterial DNA gyrase inhibitor,NA,XUBOMFCQGDBHNK-UHFFFAOYSA-N,"InChI=1S/C19H22FN3O4/c1-10-8-22(6-5-21-10)16-14(20)7-12-15(18(16)27-2)23(11-3-4-11)9-13(17(12)24)19(25)26/h7,9-11,21H,3-6,8H2,1-2H3,(H,25,26)",16252,COc1c(N2CCNC(C)C2)c(F)cc3C(=O)C(=CN(C4CC4)c13)C(=O)O,4
Input,Zaprinast,0.25821787,InputSig,NA,NA,LINCSCP_101607,HELA,0.12uM,24h,large intestine,Phosphodiesterase inhibitor,PDE5A,REZGGXNDEMKIQB-UHFFFAOYSA-N,"InChI=1S/C13H13N5O2/c1-2-7-20-9-6-4-3-5-8(9)11-14-12-10(13(19)15-11)16-18-17-12/h3-6H,2,7H2,1H3,(H2,14,15,16,17,18,19)",22561,CCCOc1ccccc1c2nc(O)c3[nH]nnc3n2,NA
Input,TAK-285,0.25798155,InputSig,NA,NA,LINCSCP_108319,HELA,1.11uM,24h,large intestine,Epidermal growth factor receptor erbB1 inhibitor|Receptor protein-tyrosine kinase erbB-2 inhibitor,EGFR|ERBB2,ZYQXEVJIFYIBHZ-UHFFFAOYSA-N,"InChI=1S/C26H25ClF3N5O3/c1-25(2,37)14-22(36)31-9-11-35-10-8-20-23(35)24(33-15-32-20)34-17-6-7-21(19(27)13-17)38-18-5-3-4-16(12-18)26(28,29)30/h3-8,10,12-13,15,37H,9,11,14H2,1-2H3,(H,31,36)(H,32,33,34)",27187,CC(C)(O)CC(=O)NCCn1ccc2ncnc(Nc3ccc(Oc4cccc(c4)C(F)(F)F)c(Cl)c3)c12,1
Input,"Forskolin, NKH477",0.25795441,InputSig,NA,NA,LINCSCP_135642,MCF7,0.12uM,24h,breast,NA,NA,RSOZZQTUMVBTMR-XGUNBQNXSA-N,"InChI=1S/C27H43NO8/c1-10-24(5)15-18(31)27(33)25(6)17(30)11-13-23(3,4)21(25)20(35-19(32)12-14-28(8)9)22(34-16(2)29)26(27,7)36-24/h10,17,20-22,30,33H,1,11-15H2,2-9H3/t17-,20-,21-,22-,24-,25-,26+,27-/m0/s1",26643,CN(C)CCC(=O)O[C@@H]1[C@H](OC(=O)C)[C@@]2(C)O[C@](C)(CC(=O)[C@]2(O)[C@@]3(C)[C@@H](O)CCC(C)(C)[C@H]13)C=C,NA
Input,Pazopanib,0.25790772,InputSig,NA,NA,LINCSCP_86691,CD34,3.33uM,24h,bone marrow,KIT inhibitor|PDGFR tyrosine kinase receptor inhibitor|VEGFR inhibitor,CSF1R|FGFR1|FGFR3|FLT1|FLT4|ITK|KDR|KIT|LCK|PDGFRA|PDGFRB,CUIHSIWYWATEQL-UHFFFAOYSA-N,"InChI=1S/C21H23N7O2S/c1-13-5-6-15(11-19(13)31(22,29)30)24-21-23-10-9-20(25-21)27(3)16-7-8-17-14(2)28(4)26-18(17)12-16/h5-12H,1-4H3,(H2,22,29,30)(H,23,24,25)",15129,CN(c1ccc2c(C)n(C)nc2c1)c3ccnc(Nc4ccc(C)c(c4)S(=O)(=O)N)n3,4
Input,Dapivirine (TMC120),0.25660407,InputSig,NA,NA,LINCSCP_104452,HELA,0.04uM,24h,large intestine,NA,NA,ILAYIAGXTHKHNT-UHFFFAOYSA-N,"InChI=1S/C20H19N5/c1-13-10-14(2)19(15(3)11-13)24-18-8-9-22-20(25-18)23-17-6-4-16(12-21)5-7-17/h4-11H,1-3H3,(H2,22,23,24,25)",26663,Cc1cc(C)c(Nc2ccnc(Nc3ccc(cc3)C#N)n2)c(C)c1,3
Input,Momelotinib,0.25639509,InputSig,NA,NA,LINCSCP_69299,A375,0.37uM,24h,skin,Tyrosine-protein kinase JAK1  inhibitor|Tyrosine-protein kinase JAK2 inhibitor,JAK1|JAK2,ZVHNDZWQTBEVRY-UHFFFAOYSA-N,"InChI=1S/C23H22N6O2/c24-10-12-25-22(30)18-3-1-17(2-4-18)21-9-11-26-23(28-21)27-19-5-7-20(8-6-19)29-13-15-31-16-14-29/h1-9,11H,12-16H2,(H,25,30)(H,26,27,28)",15140,O=C(NCC#N)c1ccc(cc1)c2ccnc(Nc3ccc(cc3)N4CCOCC4)n2,3
Input,Arundine,0.25632622,InputSig,NA,NA,LINCSCP_105504,HELA,0.04uM,24h,large intestine,"CHK inhibitor|Cytochrome P450 activator|Indoleamine 2,3-dioxygenase inhibitor",AR|HIF1A|IFNG|PI3,VFTRKSBEFQDZKX-UHFFFAOYSA-N,"InChI=1S/C17H14N2/c1-3-7-16-14(5-1)12(10-18-16)9-13-11-19-17-8-4-2-6-15(13)17/h1-8,10-11,18-19H,9H2",16168,C(c1c[nH]c2ccccc12)c3c[nH]c4ccccc34,NA
Input,Daphnetin,0.25586984,InputSig,NA,NA,LINCSCP_15081,HA1E,10uM,24h,kidney epithelial,Protein kinase inhibitor,NA,ATEFPOUAMCWAQS-UHFFFAOYSA-N,"InChI=1S/C9H6O4/c10-6-3-1-5-2-4-7(11)13-9(5)8(6)12/h1-4,10,12H",15789,Oc1ccc2C=CC(=O)Oc2c1O,NA
Input,BRD-K16172779,0.25554524,InputSig,NA,NA,LINCSCP_61321,VCAP,5uM,6h,prostate,NA,NA,WWIWLTDSUPVNED-JLHGSKIFSA-N,"InChI=1S/C24H37N3O4/c1-16-13-25-17(2)15-31-21-11-10-19(26-23(28)18-8-6-5-7-9-18)12-20(21)24(29)27(3)14-22(16)30-4/h10-12,16-18,22,25H,5-9,13-15H2,1-4H3,(H,26,28)/t16-,17+,22+/m1/s1",7117,CO[C@H]1CN(C)C(=O)c2cc(NC(=O)C3CCCCC3)ccc2OC[C@H](C)NC[C@H]1C,NA
Input,AMSACRINE,0.25530136,InputSig,NA,NA,LINCSCP_160687,PC3,0.04uM,24h,prostate,NA,NA,XCPGHVQEEXUHNC-UHFFFAOYSA-N,"InChI=1S/C21H19N3O3S/c1-27-20-13-14(24-28(2,25)26)11-12-19(20)23-21-15-7-3-5-9-17(15)22-18-10-6-4-8-16(18)21/h3-13,24H,1-2H3,(H,22,23)",27172,COc1cc(NS(=O)(=O)C)ccc1Nc2c3ccccc3nc4ccccc24,4
Input,BRD-K94312010,0.25493942000000003,InputSig,NA,NA,LINCSCP_310709,VCAP,10uM,6h,prostate,NA,NA,GJXITPCKIIOKJV-CUVVAGTFSA-N,"InChI=1S/C28H35FN2O5S/c1-19-16-31(20(2)18-32)37(34,35)27-14-11-23(21-7-5-4-6-8-21)15-25(27)36-26(19)17-30(3)28(33)22-9-12-24(29)13-10-22/h7,9-15,19-20,26,32H,4-6,8,16-18H2,1-3H3/t19-,20-,26+/m0/s1",13983,C[C@@H](CO)N1C[C@H](C)[C@@H](CN(C)C(=O)c2ccc(F)cc2)Oc3cc(ccc3S1(=O)=O)C4=CCCCC4,NA
Input,TORIN1,0.2548157,InputSig,NA,NA,LINCSCP_113282,HME1,0.04uM,24h,breast,MTOR inhibitor|PI3K inhibitor,MTOR,AKCRNFFTGXBONI-UHFFFAOYSA-N,"InChI=1S/C35H28F3N5O2/c1-2-32(44)42-15-13-41(14-16-42)31-11-9-26(19-28(31)35(36,37)38)43-33(45)12-8-24-20-40-30-10-7-22(18-27(30)34(24)43)25-17-23-5-3-4-6-29(23)39-21-25/h3-12,17-21H,2,13-16H2,1H3",35275,CCC(=O)N1CCN(CC1)c2ccc(cc2C(F)(F)F)N3C(=O)C=Cc4cnc5ccc(cc5c34)c6cnc7ccccc7c6,NA
Input,Tipiracil (hydrochloride),0.25470606,InputSig,NA,NA,LINCSCP_121159,HT29,1.11uM,24h,large intestine,Thymidine phosphorylase inhibitor,TYMP,QQHMKNYGKVVGCZ-UHFFFAOYSA-N,"InChI=1S/C9H11ClN4O2/c10-7-5(12-9(16)13-8(7)15)4-14-3-1-2-6(14)11/h11H,1-4H2,(H2,12,13,15,16)",26761,ClC1=C(CN2CCCC2=N)NC(=O)NC1=O,4
Input,Dinoprost,0.25447759,InputSig,NA,NA,LINCSCP_94691,HA1E,0.12uM,24h,kidney epithelial,Prostanoid FP receptor agonist,PTGFR,PXGPLTODNUVGFL-YNNPMVKQSA-N,"InChI=1S/C20H34O5/c1-2-3-6-9-15(21)12-13-17-16(18(22)14-19(17)23)10-7-4-5-8-11-20(24)25/h4,7,12-13,15-19,21-23H,2-3,5-6,8-11,14H2,1H3,(H,24,25)/b7-4-,13-12+/t15-,16+,17+,18-,19+/m0/s1",26799,CCCCC[C@H](O)\C=C\[C@H]1[C@H](O)C[C@H](O)[C@@H]1C\C=C/CCCC(=O)O,4
Input,Y-39983,0.25427483,InputSig,NA,NA,LINCSCP_36817,MCF7,1uM,24h,breast,Rho associated kinase inhibitor,ROCK1|ROCK2,JTVBXQAYBIJXRP-SNVBAGLBSA-N,"InChI=1S/C16H16N4O/c1-10(17)11-2-4-12(5-3-11)16(21)20-14-7-9-19-15-13(14)6-8-18-15/h2-10H,17H2,1H3,(H2,18,19,20,21)/t10-/m1/s1",17547,C[C@@H](N)c1ccc(cc1)C(=O)Nc2ccnc3[nH]ccc23,1
Input,BMS-777607,0.25412299,InputSig,NA,NA,LINCSCP_146553,NEU,0.12uM,24h,NA,AXL kinase inhibitor|C-Met inhibitor|FLT3 inhibitor|Hepatocyte growth factor receptor inhibitor|Macrophage inhibitor|Tyrosine kinase inhibitor,AXL|MERTK|MET|MST1R|TYRO3,VNBRGSXVFBYQNN-UHFFFAOYSA-N,"InChI=1S/C25H19ClF2N4O4/c1-2-35-19-10-12-32(16-6-3-14(27)4-7-16)25(34)21(19)24(33)31-15-5-8-18(17(28)13-15)36-20-9-11-30-23(29)22(20)26/h3-13H,2H2,1H3,(H2,29,30)(H,31,33)",37825,CCOC1=C(C(=O)Nc2ccc(Oc3ccnc(N)c3Cl)c(F)c2)C(=O)N(C=C1)c4ccc(F)cc4,2
Input,Voreloxin (Hydrochloride),0.25399161,InputSig,NA,NA,LINCSCP_119209,HT29,0.04uM,24h,large intestine,DNA topoisomerase II inhibitor,TOP2A|TOP2B,XZAFZXJXZHRNAQ-STQMWFEESA-N,"InChI=1S/C18H19N5O4S/c1-19-12-8-22(9-13(12)27-2)14-4-3-10-15(24)11(17(25)26)7-23(16(10)21-14)18-20-5-6-28-18/h3-7,12-13,19H,8-9H2,1-2H3,(H,25,26)/t12-,13-/m0/s1",26817,CN[C@H]1CN(C[C@@H]1OC)c2ccc3C(=O)C(=CN(c4nccs4)c3n2)C(=O)O,3
Input,BRD-A75471153,0.25375186,InputSig,NA,NA,LINCSCP_141514,MCF7,0.04uM,24h,breast,NA,NA,NA,NA,NA,NA,NA
Input,MLS002264459,0.25351769,InputSig,NA,NA,LINCSCP_57582,VCAP,10uM,24h,prostate,NA,NA,DTBNAXOZCXXWDM-UHFFFAOYSA-N,"InChI=1S/C20H14N6S2/c1-26-20(23-24-25-26)28-19-17-16(11-27-18(17)21-12-22-19)15-9-7-14(8-10-15)13-5-3-2-4-6-13/h2-12H,1H3",3248,Cn1nnnc1Sc2ncnc3scc(c4ccc(cc4)c5ccccc5)c23,NA
Input,BRD-K57766599,0.25332668,InputSig,NA,NA,LINCSCP_304533,VCAP,5uM,24h,prostate,NA,NA,JTIGHJUHEGWKGG-SEPYTNNBSA-N,"InChI=1S/C25H32F5N3O3/c1-16(23(36-4)14-32(3)13-18-11-20(26)7-10-22(18)27)12-33(17(2)15-34)24(35)31-21-8-5-19(6-9-21)25(28,29)30/h5-11,16-17,23,34H,12-15H2,1-4H3,(H,31,35)/t16-,17-,23-/m1/s1",41470,CO[C@H](CN(C)Cc1cc(F)ccc1F)[C@H](C)CN([C@H](C)CO)C(=O)Nc2ccc(cc2)C(F)(F)F,NA
Input,Dactolisib,0.253143,InputSig,NA,NA,LINCSCP_9556,A549,0.5uM,6h,lung,MTOR inhibitor|PI3K inhibitor,MTOR|PIK3CA|PIK3CB|PIK3CD|PIK3CG|PIK3R1|PIK3R2|PIK3R3|PIK3R5,JOGKUKXHTYWRGZ-UHFFFAOYSA-N,"InChI=1S/C30H23N5O/c1-30(2,18-31)22-9-11-23(12-10-22)35-28-24-15-19(21-14-20-6-4-5-7-25(20)32-16-21)8-13-26(24)33-17-27(28)34(3)29(35)36/h4-17H,1-3H3",15058,CN1C(=O)N(c2ccc(cc2)C(C)(C)C#N)c3c1cnc4ccc(cc34)c5cnc6ccccc6c5,2
Input,rifampicin,0.25274218,InputSig,NA,NA,LINCSCP_86151,BT20,0.37uM,24h,breast,NA,NA,NA,NA,NA,NA,NA
Input,BRD-K44366812,0.25255098,InputSig,NA,NA,LINCSCP_28361,HT29,10uM,24h,large intestine,NA,NA,JELGKZCIOQUBDC-ZVDOUQERSA-N,"InChI=1S/C22H25FN2O3/c1-3-20(27)25-18(21(19(25)14-26)15-9-5-4-6-10-15)13-24(2)22(28)16-11-7-8-12-17(16)23/h4-12,18-19,21,26H,3,13-14H2,1-2H3/t18-,19+,21-/m0/s1",12752,CCC(=O)N1[C@H](CO)[C@H]([C@@H]1CN(C)C(=O)c2ccccc2F)c3ccccc3,NA
Input,YK 4-279,0.2517812,InputSig,NA,NA,LINCSCP_25418,HT29,10uM,24h,large intestine,Apoptosis stimulant|Binding of RNA helicase A to the transcription factor EWS-FLI1 inhibitor,DHX9|FLI1,HLXSCTYHLQHQDJ-UHFFFAOYSA-N,"InChI=1S/C17H13Cl2NO4/c1-24-10-4-2-9(3-5-10)13(21)8-17(23)14-11(18)6-7-12(19)15(14)20-16(17)22/h2-7,23H,8H2,1H3,(H,20,22)",36321,COc1ccc(cc1)C(=O)CC2(O)C(=O)Nc3c(Cl)ccc(Cl)c23,NA
Input,Erlotinib,0.25153546,InputSig,NA,NA,LINCSCP_142185,MCF7,0.12uM,24h,breast,EGFR inhibitor,EGFR,AAKJLRGGTJKAMG-UHFFFAOYSA-N,"InChI=1S/C22H23N3O4/c1-4-16-6-5-7-17(12-16)25-22-18-13-20(28-10-8-26-2)21(29-11-9-27-3)14-19(18)23-15-24-22/h1,5-7,12-15H,8-11H2,2-3H3,(H,23,24,25)",4277,COCCOc1cc2ncnc(Nc3cccc(c3)C#C)c2cc1OCCOC,4
Input,Sertindole,0.25150668,InputSig,NA,NA,LINCSCP_109133,HELA,1.11uM,24h,large intestine,Dopamine receptor antagonist|Serotonin receptor antagonist,DRD2|HTR2A|HTR2C,GZKLJWGUPQBVJQ-UHFFFAOYSA-N,"InChI=1S/C24H26ClFN4O/c25-18-1-6-23-21(15-18)22(16-30(23)20-4-2-19(26)3-5-20)17-7-10-28(11-8-17)13-14-29-12-9-27-24(29)31/h1-6,15-17H,7-14H2,(H,27,31)",16401,Fc1ccc(cc1)n2cc(C3CCN(CCN4CCNC4=O)CC3)c5cc(Cl)ccc25,4
Input,Bepotastine Besilate,0.25121117,InputSig,NA,NA,LINCSCP_109785,HELA,10uM,24h,large intestine,Histamine H1 receptor antagonist,HRH1,YWGDOWXRIALTES-NRFANRHFSA-N,"InChI=1S/C21H25ClN2O3/c22-17-8-6-16(7-9-17)21(19-4-1-2-12-23-19)27-18-10-14-24(15-11-18)13-3-5-20(25)26/h1-2,4,6-9,12,18,21H,3,5,10-11,13-15H2,(H,25,26)/t21-/m0/s1",26680,OC(=O)CCCN1CCC(CC1)O[C@@H](c2ccc(Cl)cc2)c3ccccn3,4
Input,CHEMBL585951,0.25105348,InputSig,NA,NA,LINCSCP_131718,MCF10A,10uM,3h,breast epithelial,JNK inhibitor,MAPK8,AHMHIFXJPSHHPH-UHFFFAOYSA-N,"InChI=1S/C26H27FN8O2/c27-20-15-19(16-23(17-20)33-7-11-36-12-8-33)24-5-6-28-25(31-24)30-21-1-3-22(4-2-21)35-18-29-26(32-35)34-9-13-37-14-10-34/h1-6,15-18H,7-14H2,(H,28,30,31)",19429,Fc1cc(cc(c1)c2ccnc(Nc3ccc(cc3)n4cnc(n4)N5CCOCC5)n2)N6CCOCC6,NA
Input,Alprostadil,0.25057279,InputSig,NA,NA,LINCSCP_137148,MCF7,10uM,24h,breast,Prostanoid EP1 receptor agonist|Prostanoid EP2 receptor agonist,PTGER1|PTGER2,GMVPRGQOIOIIMI-AIJKCLAYSA-N,"InChI=1S/C20H34O5/c1-2-3-6-9-15(21)12-13-17-16(18(22)14-19(17)23)10-7-4-5-8-11-20(24)25/h12-13,15-17,19,21,23H,2-11,14H2,1H3,(H,24,25)/b13-12+/t15-,16-,17-,19-/m0/s1",26730,CCCCC[C@H](O)\C=C\[C@@H]1[C@@H](O)CC(=O)[C@H]1CCCCCCC(=O)O,NA
Input,Alprostadil,0.25057279,InputSig,NA,NA,LINCSCP_137148,MCF7,10uM,24h,breast,Prostanoid EP1 receptor agonist|Prostanoid EP2 receptor agonist,PTGER1|PTGER2,GMVPRGQOIOIIMI-DWKJAMRDSA-N,"InChI=1S/C20H34O5/c1-2-3-6-9-15(21)12-13-17-16(18(22)14-19(17)23)10-7-4-5-8-11-20(24)25/h12-13,15-17,19,21,23H,2-11,14H2,1H3,(H,24,25)/b13-12+/t15-,16+,17+,19+/m0/s1",148,CCCCC[C@H](O)\C=C\[C@H]1[C@H](O)CC(=O)[C@@H]1CCCCCCC(=O)O,4
Input,Isocycloheximide,0.25046448,InputSig,NA,NA,LINCSCP_52712,SKB,10uM,24h,NA,Protein synthesis inhibitor,RPL3,YPHMISFOHDHNIV-UHFFFAOYSA-N,"InChI=1S/C15H23NO4/c1-8-3-9(2)15(20)11(4-8)12(17)5-10-6-13(18)16-14(19)7-10/h8-12,17H,3-7H2,1-2H3,(H,16,18,19)",15279,CC1CC(C)C(=O)C(C1)C(O)CC2CC(=O)NC(=O)C2,NA
Input,BRD-K85797809,0.25006534,InputSig,NA,NA,LINCSCP_253398,MCF7,1uM,6h,breast,NA,NA,ZCDZHCWZNJFIKB-JFTQMJAMSA-N,"InChI=1S/C19H26Cl2N2O4/c1-22-19(25)7-14-3-5-17-18(27-14)11-26-10-13(24)9-23(17)8-12-2-4-15(20)16(21)6-12/h2,4,6,13-14,17-18,24H,3,5,7-11H2,1H3,(H,22,25)/t13-,14+,17+,18-/m0/s1",4440,CNC(=O)C[C@H]1CC[C@@H]2[C@H](COC[C@@H](O)CN2Cc3ccc(Cl)c(Cl)c3)O1,NA
Input,Danusertib,0.24999348,InputSig,NA,NA,LINCSCP_90763,HA1E,0.04uM,24h,kidney epithelial,Aurora kinase inhibitor|Growth factor receptor inhibitor,AURKA|AURKB|AURKC|FGFR1|NTRK1|RET,XKFTZKGMDDZMJI-HSZRJFAPSA-N,"InChI=1S/C26H30N6O3/c1-30-12-14-31(15-13-30)20-10-8-19(9-11-20)25(33)27-24-21-16-32(17-22(21)28-29-24)26(34)23(35-2)18-6-4-3-5-7-18/h3-11,23H,12-17H2,1-2H3,(H2,27,28,29,33)/t23-/m1/s1",36404,CO[C@@H](C(=O)N1Cc2[nH]nc(NC(=O)c3ccc(cc3)N4CCN(C)CC4)c2C1)c5ccccc5,2
Input,Palbociclib,0.24993936,InputSig,NA,NA,LINCSCP_139912,MCF7,0.04uM,24h,breast,CDK inhibitor,CCND1|CDK4|CDK6,AHJRHEGDXFFMBM-UHFFFAOYSA-N,"InChI=1S/C24H29N7O2/c1-15-19-14-27-24(28-20-8-7-18(13-26-20)30-11-9-25-10-12-30)29-22(19)31(17-5-3-4-6-17)23(33)21(15)16(2)32/h7-8,13-14,17,25H,3-6,9-12H2,1-2H3,(H,26,27,28,29)",17501,CC(=O)C1=C(C)c2cnc(Nc3ccc(cn3)N4CCNCC4)nc2N(C5CCCC5)C1=O,4
Input,Allopurinol,0.24979089,InputSig,NA,NA,LINCSCP_96803,HA1E,0.04uM,24h,kidney epithelial,Xanthine oxidase inhibitor,XDH,OFCNXPDARWKPPY-UHFFFAOYSA-N,"InChI=1S/C5H4N4O/c10-5-3-1-8-9-4(3)6-2-7-5/h1-2H,(H2,6,7,8,9,10)",35215,O=C1NC=Nc2[nH]ncc12,4
Input,BRD-K21913257,0.24932375,InputSig,NA,NA,LINCSCP_35183,MCF7,10uM,24h,breast,NA,NA,OJLJDVMGKDSXAU-PMWMKWCKSA-N,"InChI=1S/C29H32N4O5S/c1-33-24-6-5-21(16-27(34)31-13-10-19-8-11-30-12-9-19)38-26(24)18-37-25-7-4-20(15-23(25)29(33)36)32-28(35)17-22-3-2-14-39-22/h2-4,7-9,11-12,14-15,21,24,26H,5-6,10,13,16-18H2,1H3,(H,31,34)(H,32,35)/t21-,24-,26+/m0/s1",24036,CN1[C@H]2CC[C@@H](CC(=O)NCCc3ccncc3)O[C@@H]2COc4ccc(NC(=O)Cc5cccs5)cc4C1=O,NA
Input,Acetazolamide,0.24916752,InputSig,NA,NA,LINCSCP_93899,HA1E,0.04uM,24h,kidney epithelial,Carbonic anhydrase inhibitor,CA1|CA12|CA14|CA2|CA4|CA7,BZKPWHYZMXOIDC-UHFFFAOYSA-N,"InChI=1S/C4H6N4O3S2/c1-2(9)6-3-7-8-4(12-3)13(5,10)11/h1H3,(H2,5,10,11)(H,6,7,9)",36460,CC(=O)Nc1nnc(s1)S(=O)(=O)N,4
Input,MW-STK33-97,0.24872042,InputSig,NA,NA,LINCSCP_42053,NOMO1,3uM,6h,haematopoietic and lymphoid tissue,NA,NA,KLOUDXWXLQTXME-LCYFTJDESA-N,"InChI=1S/C16H13N3O3S/c1-22-12-8-10(5-6-11(12)20)9-13-15(21)19-16(23-13)18-14-4-2-3-7-17-14/h2-9,20H,1H3,(H,17,18,19,21)/b13-9-",9815,COc1cc(\C=C\2/SC(=NC2=O)Nc3ccccn3)ccc1O,NA
Input,Methazolamide,0.24866879,InputSig,NA,NA,LINCSCP_272006,PC3,10uM,24h,prostate,Carbonic anhydrase inhibitor,CA1|CA2|CA4|CA7,FLOSMHQXBMRNHR-DAXSKMNVSA-N,"InChI=1S/C5H8N4O3S2/c1-3(10)7-4-9(2)8-5(13-4)14(6,11)12/h1-2H3,(H2,6,11,12)/b7-4-",36415,CN1N=C(SC1=NC(=O)C)S(=O)(=O)N,NA
Input,Meadacid,0.24864972,InputSig,NA,NA,LINCSCP_7104,A549,10uM,24h,lung,KPL-1 tumor suppressor,NA,UNSRRHDPHVZAHH-YOILPLPUSA-N,"InChI=1S/C20H34O2/c1-2-3-4-5-6-7-8-9-10-11-12-13-14-15-16-17-18-19-20(21)22/h9-10,12-13,15-16H,2-8,11,14,17-19H2,1H3,(H,21,22)/b10-9-,13-12-,16-15-",37324,CCCCCCCC\C=C/C\C=C/C\C=C/CCCC(=O)O,NA
Input,Nicardipine,0.24854978,InputSig,NA,NA,LINCSCP_53862,SNUC5,10uM,6h,large intestine,Calcium channel blocker,CACNA1C|CACNA1D|CACNA1F|CACNA1S,ZBBHBTPTTSWHBA-UHFFFAOYSA-N,"InChI=1S/C26H29N3O6/c1-17-22(25(30)34-4)24(20-11-8-12-21(15-20)29(32)33)23(18(2)27-17)26(31)35-14-13-28(3)16-19-9-6-5-7-10-19/h5-12,15,24,27H,13-14,16H2,1-4H3",35353,COC(=O)C1=C(C)NC(=C(C1c2cccc(c2)[N+](=O)[O-])C(=O)OCCN(C)Cc3ccccc3)C,4
Input,PI-103,0.24851624,InputSig,NA,NA,LINCSCP_133090,MCF7,0.04uM,3h,breast,MTOR inhibitor|PI3K inhibitor,MTOR|PIK3CA|PIK3CB|PIK3CD|PIK3CG,TUVCWJQQGGETHL-UHFFFAOYSA-N,"InChI=1S/C19H16N4O3/c24-13-4-1-3-12(11-13)17-21-15-14-5-2-6-20-19(14)26-16(15)18(22-17)23-7-9-25-10-8-23/h1-6,11,24H,7-10H2",17518,Oc1cccc(c1)c2nc(N3CCOCC3)c4oc5ncccc5c4n2,NA
Input,WYE 125132,0.24847961,InputSig,NA,NA,LINCSCP_69561,A375,3.33uM,24h,skin,MTOR inhibitor,MTOR,QLHHRYZMBGPBJG-UHFFFAOYSA-N,"InChI=1S/C27H33N7O4/c1-28-26(35)30-18-4-2-17(3-5-18)23-31-24(33-15-20-6-7-21(16-33)38-20)22-14-29-34(25(22)32-23)19-8-10-27(11-9-19)36-12-13-37-27/h2-5,14,19-21H,6-13,15-16H2,1H3,(H2,28,30,35)",17499,CNC(=O)Nc1ccc(cc1)c2nc(N3CC4CCC(C3)O4)c5cnn(C6CCC7(CC6)OCCO7)c5n2,NA
Input,Elliptecine,0.24830346,InputSig,NA,NA,LINCSCP_59125,VCAP,10uM,6h,prostate,Topoisomerase inhibitor,TOP2A|TOP2B,CTSPAMFJBXKSOY-UHFFFAOYSA-N,"InChI=1S/C17H14N2/c1-10-14-9-18-8-7-12(14)11(2)17-16(10)13-5-3-4-6-15(13)19-17/h3-9,19H,1-2H3",38623,Cc1c2ccncc2c(C)c3c4ccccc4[nH]c13,NA
Input,SMR001317659,0.24817916,InputSig,NA,NA,LINCSCP_25459,HT29,0.5uM,24h,large intestine,NA,NA,DZAUSKKPHXFGNN-UHFFFAOYSA-N,"InChI=1S/C20H20N4O4S/c1-25-13-6-8-16(26-2)14(10-13)19-21-22-20-24(19)23-15(11-29-20)12-5-7-17(27-3)18(9-12)28-4/h5-10H,11H2,1-4H3",38156,COc1ccc(OC)c(c1)c2nnc3SCC(=Nn23)c4ccc(OC)c(OC)c4,NA
Input,Brefeldin A,0.24807887,InputSig,NA,NA,LINCSCP_52522,SKB,10uM,24h,NA,Brefeldin A inhibited guanine nucleotide exchange protein inhibitors|Golgi-specific brefeldin A-resistance guanine nucleotide exchange factor inhibitor|Protein synthesis inhibitor,NA,KQNZDYYTLMIZCT-UHFFFAOYSA-N,"InChI=1S/C16H24O4/c1-11-5-3-2-4-6-12-9-13(17)10-14(12)15(18)7-8-16(19)20-11/h4,6-8,11-15,17-18H,2-3,5,9-10H2,1H3",35340,CC1CCCC=CC2CC(O)CC2C(O)C=CC(=O)O1,NA
Input,Brefeldin A,0.24807887,InputSig,NA,NA,LINCSCP_52522,SKB,10uM,24h,NA,Brefeldin A inhibited guanine nucleotide exchange protein inhibitors|Golgi-specific brefeldin A-resistance guanine nucleotide exchange factor inhibitor|Protein synthesis inhibitor,NA,KQNZDYYTLMIZCT-MOIRPGTBSA-N,"InChI=1S/C16H24O4/c1-11-5-3-2-4-6-12-9-13(17)10-14(12)15(18)7-8-16(19)20-11/h4,6-8,11-15,17-18H,2-3,5,9-10H2,1H3/b6-4-,8-7-",5079,CC1CCC\C=C/C2CC(O)CC2C(O)\C=C/C(=O)O1,NA
Input,59826-53-8,0.24798923,InputSig,NA,NA,LINCSCP_216470,HCC515,10uM,6h,lung,NA,NA,DXJICGSIRAJIDN-UHFFFAOYSA-N,"InChI=1S/C6H7ClN2O2/c1-4-2-5(9-11-4)8-6(10)3-7/h2H,3H2,1H3,(H,8,9,10)",7322,Cc1onc(NC(=O)CCl)c1,NA
Input,KO143,0.24778808,InputSig,NA,NA,LINCSCP_41888,NOMO1,40uM,6h,haematopoietic and lymphoid tissue,Breast cancer resistance protein inhibitor,ABCG2,NXNRAECHCJZNRF-JBACZVJFSA-N,"InChI=1S/C26H35N3O5/c1-14(2)11-20-23-17(16-8-7-15(33-6)12-19(16)27-23)13-21-24(31)28-18(25(32)29(20)21)9-10-22(30)34-26(3,4)5/h7-8,12,14,18,20-21,27H,9-11,13H2,1-6H3,(H,28,31)/t18-,20-,21-/m0/s1",16530,COc1ccc2c3C[C@@H]4N([C@@H](CC(C)C)c3[nH]c2c1)C(=O)[C@H](CCC(=O)OC(C)(C)C)NC4=O,NA
Input,Tipranavir,0.24776746,InputSig,NA,NA,LINCSCP_167961,YAPC,3.33uM,24h,pancreas,NA,NA,MYXACKZCYFKMTE-JETRDCLMSA-N,"InChI=1S/C31H33F3N2O5S/c1-3-16-30(17-15-21-9-6-5-7-10-21)19-26(37)28(29(38)41-30)25(4-2)22-11-8-12-24(18-22)36-42(39,40)27-14-13-23(20-35-27)31(32,33)34/h5-14,18,20,25,28,36H,3-4,15-17,19H2,1-2H3/t25-,28?,30-/m1/s1",26921,CCC[C@@]1(CCc2ccccc2)CC(=O)C([C@H](CC)c3cccc(NS(=O)(=O)c4ccc(cn4)C(F)(F)F)c3)C(=O)O1,NA
Input,SCHEMBL2557158,0.24763035,InputSig,NA,NA,LINCSCP_31424,MCF7,10uM,24h,breast,NA,NA,QKLJLRGZFIWPLI-UHFFFAOYSA-N,"InChI=1S/C19H23BrN4OS/c20-16-3-1-14(2-4-16)17-13-26-19(22-17)24-9-5-15(6-10-24)18(25)23-11-7-21-8-12-23/h1-4,13,15,21H,5-12H2",16063,Brc1ccc(cc1)c2csc(n2)N3CCC(CC3)C(=O)N4CCNCC4,NA
Input,Parthenolide,0.24751216,InputSig,NA,NA,LINCSCP_53738,SNU1040,10uM,6h,large intestine,NFkB pathway inhibitor,NA,KTEXNACQROZXEV-SLXBATTESA-N,"InChI=1S/C15H20O3/c1-9-5-4-8-15(3)13(18-15)12-11(7-6-9)10(2)14(16)17-12/h5,11-13H,2,4,6-8H2,1,3H3/b9-5+/t11-,12-,13-,15+/m0/s1",19795,C\C\1=C/CC[C@@]2(C)O[C@H]2[C@H]3OC(=O)C(=C)[C@@H]3CC1,NA
Input,Parthenolide,0.24751216,InputSig,NA,NA,LINCSCP_53738,SNU1040,10uM,6h,large intestine,NFkB pathway inhibitor,NA,KTEXNACQROZXEV-SFDCQRBFSA-N,"InChI=1S/C15H20O3/c1-9-5-4-8-15(3)13(18-15)12-11(7-6-9)10(2)14(16)17-12/h5,11-13H,2,4,6-8H2,1,3H3/t11-,12+,13-,15+/m0/s1",23425,CC1=CCC[C@@]2(C)O[C@H]2[C@@H]3OC(=O)C(=C)[C@@H]3CC1,NA
Input,BCL-2 Inhibitor,0.24672017,InputSig,NA,NA,LINCSCP_18246,HCC515,10uM,24h,lung,BCL inhibitor,BCL2,YPSXFMHXRZAGTG-UHFFFAOYSA-N,"InChI=1S/C16H16N2O4/c1-21-13-5-7-15(17-19)11(9-13)3-4-12-10-14(22-2)6-8-16(12)18-20/h5-10H,3-4H2,1-2H3",22728,COc1ccc(N=O)c(CCc2cc(OC)ccc2N=O)c1,NA
Input,Colchicine,0.24670583,InputSig,NA,NA,LINCSCP_121893,HT29,0.12uM,24h,large intestine,Tubulin inhibitor,TUBA1A|TUBA1B|TUBA1C|TUBA3E|TUBA4A|TUBB|TUBB1|TUBB2A|TUBB2B|TUBB3|TUBB4A|TUBB4B|TUBB6|TUBB8,IAKHMKGGTNLKSZ-INIZCTEOSA-N,"InChI=1S/C22H25NO6/c1-12(24)23-16-8-6-13-10-19(27-3)21(28-4)22(29-5)20(13)14-7-9-18(26-2)17(25)11-15(14)16/h7,9-11,16H,6,8H2,1-5H3,(H,23,24)/t16-/m0/s1",16317,COC1=CC=C2C(=C(CCc3cc(OC)c(OC)c(OC)c23)NC(=O)C)C=C1O,4
Input,JZL-184,0.24668686,InputSig,NA,NA,LINCSCP_234760,LOVO,10uM,6h,intestine,Monoacylglucerol lipase inhibitor,NA,SEGYOKHGGFKMCX-UHFFFAOYSA-N,"InChI=1S/C27H24N2O9/c30-26(38-21-5-3-20(4-6-21)29(32)33)28-11-9-17(10-12-28)27(31,18-1-7-22-24(13-18)36-15-34-22)19-2-8-23-25(14-19)37-16-35-23/h1-8,13-14,17,31H,9-12,15-16H2",16525,OC(C1CCN(CC1)C(=O)Oc2ccc(cc2)[N+](=O)[O-])(c3ccc4OCOc4c3)c5ccc6OCOc6c5,NA
Input,BRD-K22181332,0.24666182,InputSig,NA,NA,LINCSCP_62130,VCAP,5uM,24h,prostate,NA,NA,QHWKOKDSIMAAGX-BRWVUGGUSA-N,"InChI=1S/C18H26N2O5/c1-12(22)20-16-7-6-15(25-17(16)11-21)9-18(23)19-10-13-4-3-5-14(8-13)24-2/h3-5,8,15-17,21H,6-7,9-11H2,1-2H3,(H,19,23)(H,20,22)/t15-,16-,17-/m1/s1",6234,COc1cccc(CNC(=O)C[C@H]2CC[C@@H](NC(=O)C)[C@@H](CO)O2)c1,NA
Input,Quinidine Gluconate,0.24653122,InputSig,NA,NA,LINCSCP_139805,MCF7,0.04uM,24h,breast,Sodium channel blocker,SCN5A,LOUPRKONTZGTKE-LHHVKLHASA-N,"InChI=1S/C20H24N2O2/c1-3-13-12-22-9-7-14(13)10-19(22)20(23)16-6-8-21-18-5-4-15(24-2)11-17(16)18/h3-6,8,11,13-14,19-20,23H,1,7,9-10,12H2,2H3/t13-,14-,19+,20-/m0/s1",27222,COc1ccc2nccc([C@H](O)[C@H]3C[C@@H]4CC[N@]3C[C@@H]4C=C)c2c1,NA
Input,BRD-K57064803,0.24631235,InputSig,NA,NA,LINCSCP_38695,MCF7,0.12uM,24h,breast,NA,NA,MRJCPWMBHXTRFB-ACEYUQJJSA-N,"InChI=1S/C29H32N2O5/c1-31(2)20-10-13-26-24(14-20)25-15-23(35-27(18-32)29(25)36-26)16-28(33)30-17-19-8-11-22(12-9-19)34-21-6-4-3-5-7-21/h3-14,23,25,27,29,32H,15-18H2,1-2H3,(H,30,33)/t23-,25-,27-,29+/m1/s1",23510,CN(C)c1ccc2O[C@@H]3[C@@H](CO)O[C@@H](CC(=O)NCc4ccc(Oc5ccccc5)cc4)C[C@@H]3c2c1,NA
Input,BRD-K13697129,0.2462655,InputSig,NA,NA,LINCSCP_303486,VCAP,5uM,24h,prostate,NA,NA,HWEAQBDEOFZYHR-GUBFDYSESA-N,"InChI=1S/C23H35N3O4/c1-25(2)16-6-7-20-18(12-16)19-13-17(29-21(15-27)23(19)30-20)14-22(28)24-8-11-26-9-4-3-5-10-26/h6-7,12,17,19,21,23,27H,3-5,8-11,13-15H2,1-2H3,(H,24,28)/t17-,19+,21-,23-/m1/s1",2202,CN(C)c1ccc2O[C@H]3[C@@H](CO)O[C@@H](CC(=O)NCCN4CCCCC4)C[C@H]3c2c1,NA
Input,SB-431542,0.24567231,InputSig,NA,NA,LINCSCP_52772,SKB,10uM,24h,NA,TGF beta receptor inhibitor,ACVR1C|TGFBR1,FHYUGAJXYORMHI-UHFFFAOYSA-N,"InChI=1S/C22H16N4O3/c23-21(27)13-4-6-14(7-5-13)22-25-19(20(26-22)16-3-1-2-10-24-16)15-8-9-17-18(11-15)29-12-28-17/h1-11H,12H2,(H2,23,27)(H,25,26)",15848,NC(=O)c1ccc(cc1)c2nc(c3ccc4OCOc4c3)c([nH]2)c5ccccn5,NA
Input,BRD-K89479751,0.24544349,InputSig,NA,NA,LINCSCP_61294,VCAP,5uM,24h,prostate,NA,NA,WQZORWGHLUMPIH-MPCDZSKCSA-N,"InChI=1S/C27H41N3O5/c1-18-14-30(15-20-5-6-20)19(2)17-35-24-8-7-22(28-26(31)21-9-11-34-12-10-21)13-23(24)27(32)29(3)16-25(18)33-4/h7-8,13,18-21,25H,5-6,9-12,14-17H2,1-4H3,(H,28,31)/t18-,19-,25-/m1/s1",4592,CO[C@@H]1CN(C)C(=O)c2cc(NC(=O)C3CCOCC3)ccc2OC[C@@H](C)N(CC4CC4)C[C@H]1C,NA
Input,MLS002276484,0.2446058,InputSig,NA,NA,LINCSCP_25907,HT29,10uM,24h,large intestine,NA,NA,RCXFLVFXWDZVMN-UHFFFAOYSA-N,"InChI=1S/C23H20N4O/c1-26-10-9-18-12-16(6-8-22(18)26)17-5-7-21-20(13-17)23(25-15-24-21)27(2)14-19-4-3-11-28-19/h3-13,15H,14H2,1-2H3",3313,CN(Cc1occc1)c2ncnc3ccc(cc23)c4ccc5c(ccn5C)c4,NA
Input,Cycloheximide,0.24460338,InputSig,NA,NA,LINCSCP_65965,VCAP,1uM,24h,prostate,Protein synthesis inhibitor,RPL3,YPHMISFOHDHNIV-FSZOTQKASA-N,"InChI=1S/C15H23NO4/c1-8-3-9(2)15(20)11(4-8)12(17)5-10-6-13(18)16-14(19)7-10/h8-12,17H,3-7H2,1-2H3,(H,16,18,19)/t8-,9-,11-,12+/m0/s1",3596,C[C@H]1C[C@H](C)C(=O)[C@@H](C1)[C@H](O)CC2CC(=O)NC(=O)C2,NA
Input,SPECTRUM5_002023,0.24452818,InputSig,NA,NA,LINCSCP_10980,ASC,10uM,24h,adipose,NA,NA,XMRPGKVKISIQBV-IKAFFPRBSA-N,"InChI=1S/C21H32O2/c1-13(22)17-6-7-18-16-5-4-14-12-15(23)8-10-20(14,2)19(16)9-11-21(17,18)3/h14,16-19H,4-12H2,1-3H3/t14-,16+,17?,18+,19+,20+,21-/m1/s1",1470,CC(=O)C1CC[C@H]2[C@@H]3CC[C@@H]4CC(=O)CC[C@]4(C)[C@H]3CC[C@]12C,NA
Input,BRD-K77422873,0.24322565,InputSig,NA,NA,LINCSCP_60322,VCAP,5uM,6h,prostate,NA,NA,XXZIILLLBOPLBY-KGYLXKDPSA-N,"InChI=1S/C26H32N4O5/c1-17-14-30(18(2)16-31)26(34)22-11-21(6-5-19(3)32)13-28-25(22)35-23(17)15-29(4)24(33)12-20-7-9-27-10-8-20/h7-11,13,17-19,23,31-32H,12,14-16H2,1-4H3/t17-,18-,19-,23-/m0/s1",22799,C[C@H](O)C#Cc1cnc2O[C@@H](CN(C)C(=O)Cc3ccncc3)[C@@H](C)CN([C@@H](C)CO)C(=O)c2c1,NA
Input,CX-4945 (Silmitasertib),0.24318459,InputSig,NA,NA,LINCSCP_125153,HT29,3.33uM,24h,large intestine,Casein kinase II alpha inhibitor,CSNK2A1,MUOKSQABCJCOPU-UHFFFAOYSA-N,"InChI=1S/C19H12ClN3O2/c20-12-2-1-3-13(9-12)22-18-15-6-7-21-10-16(15)14-5-4-11(19(24)25)8-17(14)23-18/h1-10H,(H,22,23)(H,24,25)",26667,OC(=O)c1ccc2c(c1)nc(Nc3cccc(Cl)c3)c4ccncc24,2
Input,Saracatinib,0.24318291,InputSig,NA,NA,LINCSCP_163547,SKBR3,3.33uM,24h,breast,Src inhibitor,ABL1|SRC,OUKYUETWWIPKQR-UHFFFAOYSA-N,"InChI=1S/C27H32ClN5O5/c1-32-6-8-33(9-7-32)10-13-35-19-14-21-24(23(15-19)38-18-4-11-34-12-5-18)27(30-16-29-21)31-25-20(28)2-3-22-26(25)37-17-36-22/h2-3,14-16,18H,4-13,17H2,1H3,(H,29,30,31)",36840,CN1CCN(CCOc2cc(OC3CCOCC3)c4c(Nc5c(Cl)ccc6OCOc56)ncnc4c2)CC1,3
Input,Birinapant,0.2431268,InputSig,NA,NA,LINCSCP_97010,HA1E,0.37uM,24h,kidney epithelial,cIAP1/cIAP2 inhibitor,BIRC2|BIRC3,PKWRMUKBEYJEIX-DXXQBUJASA-N,"InChI=1S/C42H56F2N8O6/c1-7-33(49-39(55)21(3)45-5)41(57)51-19-27(53)15-25(51)17-31-29-11-9-23(43)13-35(29)47-37(31)38-32(30-12-10-24(44)14-36(30)48-38)18-26-16-28(54)20-52(26)42(58)34(8-2)50-40(56)22(4)46-6/h9-14,21-22,25-28,33-34,45-48,53-54H,7-8,15-20H2,1-6H3,(H,49,55)(H,50,56)/t21-,22-,25-,26-,27-,28-,33-,34-/m0/s1",27058,CC[C@H](NC(=O)[C@H](C)NC)C(=O)N1C[C@@H](O)C[C@H]1Cc2c([nH]c3cc(F)ccc23)c4[nH]c5cc(F)ccc5c4C[C@@H]6C[C@H](O)CN6C(=O)[C@H](CC)NC(=O)[C@H](C)NC,2
Input,N6022,0.24292279,InputSig,NA,NA,LINCSCP_77793,A375,0.04uM,24h,skin,NA,NA,YVPGZQLRPAGKLA-UHFFFAOYSA-N,"InChI=1S/C24H22N4O3/c1-16-14-18(24(25)31)4-9-21(16)28-20(8-11-23(29)30)7-10-22(28)17-2-5-19(6-3-17)27-13-12-26-15-27/h2-7,9-10,12-15H,8,11H2,1H3,(H2,25,31)(H,29,30)",26897,Cc1cc(ccc1n2c(CCC(=O)O)ccc2c3ccc(cc3)n4ccnc4)C(=O)N,NA
Input,ABT-751,0.24244207,InputSig,NA,NA,LINCSCP_25643,HT29,10uM,24h,large intestine,Tubulin inhibitor,NA,URCVCIZFVQDVPM-UHFFFAOYSA-N,"InChI=1S/C18H17N3O4S/c1-25-15-8-10-16(11-9-15)26(23,24)21-17-3-2-12-19-18(17)20-13-4-6-14(22)7-5-13/h2-12,21-22H,1H3,(H,19,20)",36703,COc1ccc(cc1)S(=O)(=O)Nc2cccnc2Nc3ccc(O)cc3,NA
Input,VILAZODONE HYDROCHLORIDE,0.2416894,InputSig,NA,NA,LINCSCP_157899,PC3,10uM,24h,prostate,Serotonin 1a (5-HT1a) receptor partial agonist (Serotonin 1a|Serotonin transporter inhibitor,HTR1A|SLC6A4,SGEGOXDYSFKCPT-UHFFFAOYSA-N,"InChI=1S/C26H27N5O2/c27-16-18-4-6-23-22(13-18)19(17-29-23)3-1-2-8-30-9-11-31(12-10-30)21-5-7-24-20(14-21)15-25(33-24)26(28)32/h4-7,13-15,17,29H,1-3,8-12H2,(H2,28,32)",26589,NC(=O)c1oc2ccc(cc2c1)N3CCN(CCCCc4c[nH]c5ccc(cc45)C#N)CC3,4
Input,Sirolimus,0.24157037,InputSig,NA,NA,LINCSCP_39142,MDAMB231,10uM,6h,NA,MTOR inhibitor,FKBP1A|MTOR,QFJCIRLUMZQUOT-KADBNGAOSA-N,"InChI=1S/C51H79NO13/c1-30-16-12-11-13-17-31(2)42(61-8)28-38-21-19-36(7)51(60,65-38)48(57)49(58)52-23-15-14-18-39(52)50(59)64-43(33(4)26-37-20-22-40(53)44(27-37)62-9)29-41(54)32(3)25-35(6)46(56)47(63-10)45(55)34(5)24-30/h11-13,16-17,25,30,32-34,36-40,42-44,46-47,53,56,60H,14-15,18-24,26-29H2,1-10H3/b13-11+,16-12-,31-17+,35-25+/t30-,32-,33-,34-,36-,37+,38+,39+,40-,42+,43+,44-,46-,47+,51-/m1/s1",1770,CO[C@@H]1C[C@H](C[C@@H](C)[C@@H]2CC(=O)[C@H](C)\C=C(/C)\[C@@H](O)[C@@H](OC)C(=O)[C@H](C)C[C@H](C)\C=C/C=C/C=C(\C)/[C@H](C[C@@H]3CC[C@@H](C)[C@@](O)(O3)C(=O)C(=O)N4CCCC[C@H]4C(=O)O2)OC)CC[C@H]1O,NA
Input,Sirolimus,0.24157037,InputSig,NA,NA,LINCSCP_39142,MDAMB231,10uM,6h,NA,MTOR inhibitor,FKBP1A|MTOR,QFJCIRLUMZQUOT-GWUMUYGYSA-N,"InChI=1S/C51H79NO13/c1-30-16-12-11-13-17-31(2)42(61-8)28-38-21-19-36(7)51(60,65-38)48(57)49(58)52-23-15-14-18-39(52)50(59)64-43(33(4)26-37-20-22-40(53)44(27-37)62-9)29-41(54)32(3)25-35(6)46(56)47(63-10)45(55)34(5)24-30/h11-13,16-17,25,30,32-34,36-40,42-44,46-47,53,56,60H,14-15,18-24,26-29H2,1-10H3/b13-11+,16-12+,31-17-,35-25+/t30-,32-,33?,34+,36-,37?,38+,39+,40-,42+,43+,44-,46-,47+,51-/m1/s1",5352,CO[C@@H]1CC(CC(C)[C@@H]2CC(=O)[C@H](C)\C=C(/C)\[C@@H](O)[C@@H](OC)C(=O)[C@@H](C)C[C@H](C)\C=C\C=C\C=C(\C)/[C@H](C[C@@H]3CC[C@@H](C)[C@@](O)(O3)C(=O)C(=O)N4CCCC[C@H]4C(=O)O2)OC)CC[C@H]1O,NA
Input,Sirolimus,0.24157037,InputSig,NA,NA,LINCSCP_39142,MDAMB231,10uM,6h,NA,MTOR inhibitor,FKBP1A|MTOR,QFJCIRLUMZQUOT-HPLJOQBZSA-N,"InChI=1S/C51H79NO13/c1-30-16-12-11-13-17-31(2)42(61-8)28-38-21-19-36(7)51(60,65-38)48(57)49(58)52-23-15-14-18-39(52)50(59)64-43(33(4)26-37-20-22-40(53)44(27-37)62-9)29-41(54)32(3)25-35(6)46(56)47(63-10)45(55)34(5)24-30/h11-13,16-17,25,30,32-34,36-40,42-44,46-47,53,56,60H,14-15,18-24,26-29H2,1-10H3/b13-11+,16-12+,31-17+,35-25+/t30-,32-,33-,34-,36-,37+,38+,39+,40-,42+,43+,44-,46-,47+,51-/m1/s1",37778,CO[C@@H]1C[C@H](C[C@@H](C)[C@@H]2CC(=O)[C@H](C)\C=C(/C)\[C@@H](O)[C@@H](OC)C(=O)[C@H](C)C[C@H](C)\C=C\C=C\C=C(/C)\[C@H](C[C@@H]3CC[C@@H](C)[C@@](O)(O3)C(=O)C(=O)N4CCCC[C@H]4C(=O)O2)OC)CC[C@H]1O,4
Input,TAK-875,0.24149364,InputSig,NA,NA,LINCSCP_171076,YAPC,10uM,24h,pancreas,Free fatty acid receptor 1 positive allosteric modulator,FFAR1,BZCALJIHZVNMGJ-HSZRJFAPSA-N,"InChI=1S/C29H32O7S/c1-19-12-25(34-10-5-11-37(3,32)33)13-20(2)29(19)22-7-4-6-21(14-22)17-35-24-8-9-26-23(15-28(30)31)18-36-27(26)16-24/h4,6-9,12-14,16,23H,5,10-11,15,17-18H2,1-3H3,(H,30,31)/t23-/m1/s1",26925,Cc1cc(OCCCS(=O)(=O)C)cc(C)c1c2cccc(COc3ccc4[C@H](CC(=O)O)COc4c3)c2,3
Input,AVL-292,0.24131456,InputSig,NA,NA,LINCSCP_98293,HA1E,0.04uM,24h,kidney epithelial,Tyrosine-protein kinase BTK inhibitor,BTK,KXBDTLQSDKGAEB-UHFFFAOYSA-N,"InChI=1S/C22H22FN5O3/c1-3-20(29)25-16-5-4-6-17(13-16)26-21-19(23)14-24-22(28-21)27-15-7-9-18(10-8-15)31-12-11-30-2/h3-10,13-14H,1,11-12H2,2H3,(H,25,29)(H2,24,26,27,28)",27148,COCCOc1ccc(Nc2ncc(F)c(Nc3cccc(NC(=O)C=C)c3)n2)cc1,2
Input,AZD-8055,0.24118277,InputSig,NA,NA,LINCSCP_788,A375,10uM,24h,skin,MTOR inhibitor,MTOR,KVLFRAWTRWDEDF-IRXDYDNUSA-N,"InChI=1S/C25H31N5O4/c1-16-14-33-10-8-29(16)24-20-5-6-21(18-4-7-22(32-3)19(12-18)13-31)26-23(20)27-25(28-24)30-9-11-34-15-17(30)2/h4-7,12,16-17,31H,8-11,13-15H2,1-3H3/t16-,17-/m0/s1",36801,COc1ccc(cc1CO)c2ccc3c(nc(nc3n2)N4CCOC[C@@H]4C)N5CCOC[C@@H]5C,1
Input,BRD-K21216453,0.24108134,InputSig,NA,NA,LINCSCP_63984,VCAP,5uM,24h,prostate,NA,NA,VLQJEDUGSYPRCL-MMTHZHQFSA-N,"InChI=1S/C27H28N2O5/c1-33-23-11-7-6-10-18(23)19-12-13-21-25-24(27(32)34-2)20(16-30)22(15-29(21)26(19)31)28(25)14-17-8-4-3-5-9-17/h3-13,20,22,24-25,30H,14-16H2,1-2H3/t20-,22-,24+,25+/m0/s1",2374,COC(=O)[C@@H]1[C@@H](CO)[C@@H]2CN3C(=CC=C(C3=O)c4ccccc4OC)[C@H]1N2Cc5ccccc5,NA
Input,Sumatriptan,0.24081381,InputSig,NA,NA,LINCSCP_95059,HA1E,0.04uM,24h,kidney epithelial,Serotonin receptor agonist,HTR1A|HTR1B|HTR1D|HTR1F,KQKPFRSPSRPDEB-UHFFFAOYSA-N,"InChI=1S/C14H21N3O2S/c1-15-20(18,19)10-11-4-5-14-13(8-11)12(9-16-14)6-7-17(2)3/h4-5,8-9,15-16H,6-7,10H2,1-3H3",36487,CNS(=O)(=O)Cc1ccc2[nH]cc(CCN(C)C)c2c1,4
Input,BRD-K45033698,0.24061455,InputSig,NA,NA,LINCSCP_63158,VCAP,5uM,6h,prostate,NA,NA,KJLVFPZXKUGLPF-HRQNTSHBSA-N,"InChI=1S/C20H25N3O3/c1-2-3-15-4-6-16(7-5-15)20-17(12-21)23(18(20)14-24)19(25)13-22-8-10-26-11-9-22/h2-7,17-18,20,24H,8-11,13-14H2,1H3/b3-2+/t17-,18+,20-/m0/s1",25827,C\C=C\c1ccc(cc1)[C@@H]2[C@@H](CO)N([C@H]2C#N)C(=O)CN3CCOCC3,NA
Input,ON-01910,0.24061283,InputSig,NA,NA,LINCSCP_2157,A375,10uM,6h,skin,PLK inhibitor,CDK1|FLT1|FYN|PDGFRA|PLK1|PLK2|SRC,POSHWWRILMRTTE-JXMROGBWSA-N,"InChI=1S/C21H25NO7S/c1-26-16-12-20(28-3)17(21(13-16)29-4)7-10-30(24,25)14-15-5-6-19(27-2)18(11-15)22-8-9-23/h5-7,9-13,22H,8,14H2,1-4H3/b10-7+",13590,COc1cc(OC)c(\C=C\S(=O)(=O)Cc2ccc(OC)c(NCC=O)c2)c(OC)c1,NA
Input,"24(S),25-epoxycholesterol",0.24038788,InputSig,NA,NA,LINCSCP_26679,HT29,10uM,6h,large intestine,LXR agonist,NR1H2|NR1H3,OSENKJZWYQXHBN-XVYZBDJZSA-N,"InChI=1S/C27H44O2/c1-17(6-11-24-25(2,3)29-24)21-9-10-22-20-8-7-18-16-19(28)12-14-26(18,4)23(20)13-15-27(21,22)5/h7,17,19-24,28H,6,8-16H2,1-5H3/t17-,19+,20+,21-,22+,23+,24+,26+,27-/m1/s1",36512,C[C@H](CC[C@@H]1OC1(C)C)[C@H]2CC[C@H]3[C@@H]4CC=C5C[C@@H](O)CC[C@]5(C)[C@H]4CC[C@]23C,NA
Input,FPA1_000112,0.24017659,InputSig,NA,NA,LINCSCP_20149,HCC515,10uM,6h,lung,NA,NA,YUXQQBVTNNWDQF-KCZVDYSFSA-N,"InChI=1S/C24H36N4O5/c1-27(2)11-6-4-3-5-10-25-23(31)19-15-20-24(32)26-16-21(30)28(20)22(19)17-8-7-9-18(14-17)33-13-12-29/h7-9,14,19-20,22,29H,3-6,10-13,15-16H2,1-2H3,(H,25,31)(H,26,32)/t19-,20-,22-/m1/s1",702,CN(C)CCCCCCNC(=O)[C@@H]1C[C@H]2N([C@@H]1c3cccc(OCCO)c3)C(=O)CNC2=O,NA
Input,Dabrafenib,0.24010442,InputSig,NA,NA,LINCSCP_102759,HELA,10uM,24h,large intestine,RAF inhibitor,BRAF,BFSMGDJOXZAERB-UHFFFAOYSA-N,"InChI=1S/C23H20F3N5O2S2/c1-23(2,3)21-30-18(19(34-21)16-10-11-28-22(27)29-16)12-6-4-9-15(17(12)26)31-35(32,33)20-13(24)7-5-8-14(20)25/h4-11,31H,1-3H3,(H2,27,28,29)",18582,CC(C)(C)c1nc(c2cccc(NS(=O)(=O)c3c(F)cccc3F)c2F)c(s1)c4ccnc(N)n4,4
Input,AC1O9CB0,0.23999942,InputSig,NA,NA,LINCSCP_309719,VCAP,10uM,24h,prostate,NA,NA,DEKIJPKQVLBTGQ-AEWJWUJOSA-N,"InChI=1S/C47H44N6O7/c54-27-10-9-12-31-19-20-36-35(30-31)47(45(58)50-36)38(43(56)51-23-25-52(26-24-51)46-48-21-11-22-49-46)40-44(57)60-41(33-15-5-2-6-16-33)39(32-13-3-1-4-14-32)53(40)42(47)34-17-7-8-18-37(34)59-29-28-55/h1-8,11,13-22,30,38-42,54-55H,10,23-29H2,(H,50,58)/t38-,39-,40-,41+,42+,47-/m0/s1",11468,OCCOc1ccccc1[C@H]2N3[C@@H]([C@@H](C(=O)N4CCN(CC4)c5ncccn5)[C@]26C(=O)Nc7ccc(cc67)C#CCCO)C(=O)O[C@@H]([C@@H]3c8ccccc8)c9ccccc9,NA
Input,Rebastinib,0.23975038,InputSig,NA,NA,LINCSCP_128172,HUES3,10uM,24h,NA,Tyrosine-protein kinase ABL inhibitor,ABL1,WVXNSAVVKYZVOE-UHFFFAOYSA-N,"InChI=1S/C30H28FN7O3/c1-30(2,3)26-17-27(38(37-26)19-7-9-23-18(14-19)6-5-12-33-23)36-29(40)35-24-10-8-20(15-22(24)31)41-21-11-13-34-25(16-21)28(39)32-4/h5-17H,1-4H3,(H,32,39)(H2,35,36,40)",36774,CNC(=O)c1cc(Oc2ccc(NC(=O)Nc3cc(nn3c4ccc5ncccc5c4)C(C)(C)C)c(F)c2)ccn1,2
Input,6-Aminochrysene,0.23973013,InputSig,NA,NA,LINCSCP_5928,A549,10uM,24h,lung,Transferase inhibitor,NA,KIVUHCNVDWYUNP-UHFFFAOYSA-N,"InChI=1S/C18H13N/c19-18-11-17-13-6-2-1-5-12(13)9-10-15(17)14-7-3-4-8-16(14)18/h1-11H,19H2",36252,Nc1cc2c3ccccc3ccc2c4ccccc14,NA
Input,PLX-4720,0.23948247,InputSig,NA,NA,LINCSCP_51577,SKBR3,0.5uM,6h,breast,RAF inhibitor,BRAF,YZDJQTHVDDOVHR-UHFFFAOYSA-N,"InChI=1S/C17H14ClF2N3O3S/c1-2-5-27(25,26)23-13-4-3-12(19)14(15(13)20)16(24)11-8-22-17-10(11)6-9(18)7-21-17/h3-4,6-8,23H,2,5H2,1H3,(H,21,22)",35267,CCCS(=O)(=O)Nc1ccc(F)c(C(=O)c2c[nH]c3ncc(Cl)cc23)c1F,NA
Input,TIE2 Kinase Inhibitor,0.23932894,InputSig,NA,NA,LINCSCP_165233,SKL.C,0.04uM,24h,NA,NA,NA,SINQIEAULQKUPD-UHFFFAOYSA-N,"InChI=1S/C26H21N3O2S/c1-31-22-8-5-19-15-21(4-3-20(19)16-22)25-24(17-11-13-27-14-12-17)28-26(29-25)18-6-9-23(10-7-18)32(2)30/h3-16H,1-2H3,(H,28,29)",19902,COc1ccc2cc(ccc2c1)c3nc([nH]c3c4ccncc4)c5ccc(cc5)S(=O)C,NA
Input,JTE 013,0.23922203,InputSig,NA,NA,LINCSCP_7307,A549,10uM,24h,lung,Lysophospholipid receptor antagonist,S1PR2,RNSLRQNDXRSASX-UHFFFAOYSA-N,"InChI=1S/C17H19Cl2N7O/c1-8(2)11-7-14(22-16-15(11)9(3)25-26(16)4)23-24-17(27)20-10-5-12(18)21-13(19)6-10/h5-8H,1-4H3,(H,22,23)(H2,20,21,24,27)",4671,CC(C)c1cc(NNC(=O)Nc2cc(Cl)nc(Cl)c2)nc3c1c(C)nn3C,NA
Input,GSK 3BETA Inhibitor VIII,0.23903947,InputSig,NA,NA,LINCSCP_33526,MCF7,10uM,6h,breast,Glycogen synthase kinase inhibitor,GSK3B,YAEMHJKFIIIULI-UHFFFAOYSA-N,"InChI=1S/C12H12N4O4S/c1-20-9-4-2-8(3-5-9)6-13-11(17)15-12-14-7-10(21-12)16(18)19/h2-5,7H,6H2,1H3,(H2,13,14,15,17)",11412,COc1ccc(CNC(=O)Nc2ncc(s2)[N+](=O)[O-])cc1,NA
Input,Etanidazole,0.23896625,InputSig,NA,NA,LINCSCP_80882,A375,0.37uM,24h,skin,Bacterial cell wall synthesis inhibitor,NA,WCDWBPCFGJXFJZ-UHFFFAOYSA-N,"InChI=1S/C7H10N4O4/c12-4-2-8-6(13)5-10-3-1-9-7(10)11(14)15/h1,3,12H,2,4-5H2,(H,8,13)",31098,OCCNC(=O)Cn1ccnc1[N+](=O)[O-],NA
Input,Tyrphostin AG-1478,0.2388761,InputSig,NA,NA,LINCSCP_53715,SNU1040,60uM,6h,large intestine,EGFR inhibitor,EGFR,GFNNBHLJANVSQV-UHFFFAOYSA-N,"InChI=1S/C16H14ClN3O2/c1-21-14-7-12-13(8-15(14)22-2)18-9-19-16(12)20-11-5-3-4-10(17)6-11/h3-9H,1-2H3,(H,18,19,20)",15150,COc1cc2ncnc(Nc3cccc(Cl)c3)c2cc1OC,NA
Input,AZD1208,0.23886335,InputSig,NA,NA,LINCSCP_135704,MCF7,10uM,24h,breast,NA,NA,MCUJKPPARUPFJM-UWCCDQBKSA-N,"InChI=1S/C21H21N3O2S/c22-16-9-5-11-24(13-16)19-15(12-18-20(25)23-21(26)27-18)8-4-10-17(19)14-6-2-1-3-7-14/h1-4,6-8,10,12,16H,5,9,11,13,22H2,(H,23,25,26)/b18-12-/t16-/m1/s1",26851,N[C@@H]1CCCN(C1)c2c(\C=C\3/SC(=O)NC3=O)cccc2c4ccccc4,NA
Input,Probucol,0.23818908,InputSig,NA,NA,LINCSCP_160892,PC3,10uM,24h,prostate,Atherogenesis inhibitor,ABCA1,FYPMFJGVHOHGLL-UHFFFAOYSA-N,"InChI=1S/C31H48O2S2/c1-27(2,3)21-15-19(16-22(25(21)32)28(4,5)6)34-31(13,14)35-20-17-23(29(7,8)9)26(33)24(18-20)30(10,11)12/h15-18,32-33H,1-14H3",38530,CC(C)(C)c1cc(SC(C)(C)Sc2cc(c(O)c(c2)C(C)(C)C)C(C)(C)C)cc(c1O)C(C)(C)C,4
Input,AHU-377 (hemicalcium salt),0.23809786,InputSig,NA,NA,LINCSCP_143206,MCF7,0.04uM,24h,breast,Neprilysin inhibitor,MME,PYNXFZCZUAOOQC-UTKZUKDTSA-N,"InChI=1S/C24H29NO5/c1-3-30-24(29)17(2)15-21(25-22(26)13-14-23(27)28)16-18-9-11-20(12-10-18)19-7-5-4-6-8-19/h4-12,17,21H,3,13-16H2,1-2H3,(H,25,26)(H,27,28)/t17-,21+/m1/s1",26843,CCOC(=O)[C@H](C)C[C@@H](Cc1ccc(cc1)c2ccccc2)NC(=O)CCC(=O)O,4
Input,CHEMBL567341,0.2377758,InputSig,NA,NA,LINCSCP_15862,HA1E,10uM,6h,kidney epithelial,NA,NA,SZYYBVWPURUFRR-UHFFFAOYSA-N,"InChI=1S/C14H10F2N6/c1-2-22-7-18-12-13(20-11(6-17)21-14(12)22)19-10-4-8(15)3-9(16)5-10/h3-5,7H,2H2,1H3,(H,19,20,21)",15515,CCn1cnc2c(Nc3cc(F)cc(F)c3)nc(nc12)C#N,NA
Input,AZD7687,0.23770468,InputSig,NA,NA,LINCSCP_104258,HELA,0.37uM,24h,large intestine,NA,NA,YXFNPRHZMOGREC-SHTZXODSSA-N,"InChI=1S/C21H25N3O3/c1-12-19(24-20(21(22)27)13(2)23-12)17-9-7-16(8-10-17)15-5-3-14(4-6-15)11-18(25)26/h7-10,14-15H,3-6,11H2,1-2H3,(H2,22,27)(H,25,26)/t14-,15-",26461,Cc1nc(C)c(nc1C(=O)N)c2ccc(cc2)[C@@H]3CC[C@@H](CC(=O)O)CC3,NA
Input,VX-809 (Lumacaftor),0.23763232,InputSig,NA,NA,LINCSCP_142164,MCF7,3.33uM,24h,breast,Cystic fibrosis transmembrane conductance regulator stabiliser,CFTR,UFSKUSARDNFIRC-UHFFFAOYSA-N,"InChI=1S/C24H18F2N2O5/c1-13-5-8-19(27-20(13)14-3-2-4-15(11-14)21(29)30)28-22(31)23(9-10-23)16-6-7-17-18(12-16)33-24(25,26)32-17/h2-8,11-12H,9-10H2,1H3,(H,29,30)(H,27,28,31)",26771,Cc1ccc(NC(=O)C2(CC2)c3ccc4OC(F)(F)Oc4c3)nc1c5cccc(c5)C(=O)O,4
Input,Dipivefrin,0.23747925,InputSig,NA,NA,LINCSCP_209465,HA1E,10uM,24h,kidney epithelial,Adrenergic receptor agonist,ADRA1A|ADRA1B|ADRA1D|ADRA2A|ADRA2B|ADRA2C|ADRB1|ADRB2|ADRB3,OCUJLLGVOUDECM-UHFFFAOYSA-N,"InChI=1S/C19H29NO5/c1-18(2,3)16(22)24-14-9-8-12(13(21)11-20-7)10-15(14)25-17(23)19(4,5)6/h8-10,13,20-21H,11H2,1-7H3",15254,CNCC(O)c1ccc(OC(=O)C(C)(C)C)c(OC(=O)C(C)(C)C)c1,4
Input,ALDA 1,0.23722025,InputSig,NA,NA,LINCSCP_54153,SW620,40uM,6h,large intestine,Aldehyde dehydrogenase activator,ALDH2,NMKJFZCBCIUYHI-UHFFFAOYSA-N,"InChI=1S/C15H11Cl2NO3/c16-10-2-1-3-11(17)14(10)15(19)18-7-9-4-5-12-13(6-9)21-8-20-12/h1-6H,7-8H2,(H,18,19)",16515,Clc1cccc(Cl)c1C(=O)NCc2ccc3OCOc3c2,NA
Input,CHEMBL578159,0.23721627,InputSig,NA,NA,LINCSCP_293364,VCAP,10uM,24h,prostate,NA,NA,VMJFQUMKCMNFSX-UHFFFAOYSA-N,"InChI=1S/C14H8F4N6/c15-7-1-8(16)3-9(2-7)21-13-12-14(23-11(4-19)22-13)24(6-20-12)5-10(17)18/h1-3,6,10H,5H2,(H,21,22,23)",15618,FC(F)Cn1cnc2c(Nc3cc(F)cc(F)c3)nc(nc12)C#N,NA
Input,Chlorpropamide,0.23716752,InputSig,NA,NA,LINCSCP_97924,HA1E,10uM,24h,kidney epithelial,"Sulfonylurea receptor 1, Kir6.2 blocker",ABCC8|KCNJ11,RKWGIWYCVPQPMF-UHFFFAOYSA-N,"InChI=1S/C10H13ClN2O3S/c1-2-7-12-10(14)13-17(15,16)9-5-3-8(11)4-6-9/h3-6H,2,7H2,1H3,(H2,12,13,14)",16609,CCCNC(=O)NS(=O)(=O)c1ccc(Cl)cc1,4
Input,CHEMBL2140880,0.23704354,InputSig,NA,NA,LINCSCP_38052,MCF7,1uM,6h,breast,NA,NA,ZOHSXZUSSPRGFE-HPBDAGMYSA-N,"InChI=1S/C20H29N3O6/c1-21-19(25)9-16-6-7-17-18(29-16)12-28-11-14(24)10-23(17)20(26)22-13-4-3-5-15(8-13)27-2/h3-5,8,14,16-18,24H,6-7,9-12H2,1-2H3,(H,21,25)(H,22,26)/t14-,16+,17+,18-/m0/s1",22987,CNC(=O)C[C@H]1CC[C@@H]2[C@H](COC[C@@H](O)CN2C(=O)Nc3cccc(OC)c3)O1,NA
Input,Tizanidine,0.23695046,InputSig,NA,NA,LINCSCP_104925,HELA,0.04uM,24h,large intestine,Adrenergic receptor agonist,ADRA2A|ADRA2B|ADRA2C,XFYDIVBRZNQMJC-UHFFFAOYSA-N,"InChI=1S/C9H8ClN5S/c10-5-1-2-6-8(15-16-14-6)7(5)13-9-11-3-4-12-9/h1-2H,3-4H2,(H2,11,12,13)",24250,Clc1ccc2nsnc2c1NC3=NCCN3,4
Input,Parbendazole,0.23687314,InputSig,NA,NA,LINCSCP_25451,HT29,0.5uM,24h,large intestine,Tubulin inhibitor,TUBB,YRWLZFXJFBZBEY-UHFFFAOYSA-N,"InChI=1S/C13H17N3O2/c1-3-4-5-9-6-7-10-11(8-9)15-12(14-10)16-13(17)18-2/h6-8H,3-5H2,1-2H3,(H2,14,15,16,17)",36317,CCCCc1ccc2[nH]c(NC(=O)OC)nc2c1,NA
Input,Purmorphamine,0.2368442,InputSig,NA,NA,LINCSCP_55004,THP1,40uM,6h,haematopoietic and lymphoid tissue,Smoothened receptor agonist,SMO,FYBHCRQFSFYWPY-UHFFFAOYSA-N,"InChI=1S/C31H32N6O2/c1-2-9-25(10-3-1)37-21-32-28-29(33-23-13-15-24(16-14-23)36-17-19-38-20-18-36)34-31(35-30(28)37)39-27-12-6-8-22-7-4-5-11-26(22)27/h4-8,11-16,21,25H,1-3,9-10,17-20H2,(H,33,34,35)",36000,C1CCC(CC1)n2cnc3c(Nc4ccc(cc4)N5CCOCC5)nc(Oc6cccc7ccccc67)nc23,NA
Input,BRD-A02747686,0.23630623,InputSig,NA,NA,LINCSCP_160508,PC3,10uM,24h,prostate,NA,NA,NA,NA,NA,NA,NA
Input,Chaetocin,0.23612334,InputSig,NA,NA,LINCSCP_286974,SNUC4,0.1uM,6h,large intestine,Histone lysine methyltransferase inhibitor,SUV39H1,PZPPOCZWRGNKIR-UHFFFAOYSA-N,"InChI=1S/C30H28N6O6S4/c1-33-21(39)27-11-25(15-7-3-5-9-17(15)31-19(25)35(27)23(41)29(33,13-37)45-43-27)26-12-28-22(40)34(2)30(14-38,46-44-28)24(42)36(28)20(26)32-18-10-6-4-8-16(18)26/h3-10,19-20,31-32,37-38H,11-14H2,1-2H3",1710,CN1C(=O)C23CC4(C(Nc5ccccc45)N2C(=O)C1(CO)SS3)C67CC89SSC(CO)(N(C)C8=O)C(=O)N9C6Nc%10ccccc7%10,NA
Input,CHEMBL2358575,0.23592398,InputSig,NA,NA,LINCSCP_65600,VCAP,10uM,24h,prostate,NA,NA,RXIJSVCALBVVES-QZCKSCMDSA-N,"InChI=1S/C35H45Cl2N3O6S/c1-24-20-40(25(2)23-41)35(42)30-19-28(38-47(43,44)29-11-6-5-7-12-29)14-16-33(30)46-26(3)10-8-9-17-45-34(24)22-39(4)21-27-13-15-31(36)32(37)18-27/h5-7,11-16,18-19,24-26,34,38,41H,8-10,17,20-23H2,1-4H3/t24-,25+,26-,34+/m0/s1",19584,C[C@H](CO)N1C[C@H](C)[C@@H](CN(C)Cc2ccc(Cl)c(Cl)c2)OCCCC[C@H](C)Oc3ccc(NS(=O)(=O)c4ccccc4)cc3C1=O,NA
Input,Valdecoxib,0.23577742,InputSig,NA,NA,LINCSCP_92670,HA1E,0.37uM,24h,kidney epithelial,Cyclooxygenase inhibitor,PTGS2,LNPDTQAFDNKSHK-UHFFFAOYSA-N,"InChI=1S/C16H14N2O3S/c1-11-15(12-7-9-14(10-8-12)22(17,19)20)16(18-21-11)13-5-3-2-4-6-13/h2-10H,1H3,(H2,17,19,20)",16301,Cc1onc(c2ccccc2)c1c3ccc(cc3)S(=O)(=O)N,4
Input,"4-(3-Ethyl[1,2,4]triazolo[3,4-b][1,3,4]thiadiazol-6-yl)aniline",0.23577398,InputSig,NA,NA,LINCSCP_39813,MDST8,10uM,6h,intestine,NA,NA,GAJKVTDZIAHPIA-UHFFFAOYSA-N,"InChI=1S/C11H11N5S/c1-2-9-13-14-11-16(9)15-10(17-11)7-3-5-8(12)6-4-7/h3-6H,2,12H2,1H3",25357,CCc1nnc2sc(nn12)c3ccc(N)cc3,NA
Input,Pentosalen,0.23570096,InputSig,NA,NA,LINCSCP_14015,HA1E,10uM,24h,kidney epithelial,CDK inhibitor,NA,OLOOJGVNMBJLLR-UHFFFAOYSA-N,"InChI=1S/C16H14O4/c1-10(2)5-7-19-16-14-12(6-8-18-14)9-11-3-4-13(17)20-15(11)16/h3-6,8-9H,7H2,1-2H3",35494,CC(=CCOc1c2OC(=O)C=Cc2cc3ccoc13)C,NA
Input,BRD-K87838816,0.23562338,InputSig,NA,NA,LINCSCP_197377,A549,5uM,24h,lung,NA,NA,OUTWOBHUWTVFCP-MKXGPGLRSA-N,"InChI=1S/C21H29F3N2O4/c1-25(2)20(28)9-17-7-8-18-19(30-17)13-29-12-16(27)11-26(18)10-14-3-5-15(6-4-14)21(22,23)24/h3-6,16-19,27H,7-13H2,1-2H3/t16-,17-,18-,19+/m1/s1",4506,CN(C)C(=O)C[C@H]1CC[C@@H]2[C@H](COC[C@H](O)CN2Cc3ccc(cc3)C(F)(F)F)O1,NA
Input,MLS002264406,0.23551899,InputSig,NA,NA,LINCSCP_31317,MCF7,10uM,24h,breast,NA,NA,UIMQHKKHXDXZLM-UHFFFAOYSA-N,"InChI=1S/C28H19N3O2/c32-27(20-12-5-2-6-13-20)31-26-25-23(19-10-3-1-4-11-19)24-21-14-8-7-9-18(21)15-16-22(24)33-28(25)30-17-29-26/h1-17,23H,(H,29,30,31,32)",35396,O=C(Nc1ncnc2Oc3ccc4ccccc4c3C(c5ccccc5)c12)c6ccccc6,NA
Input,SPECTRUM1505012,0.23546855,InputSig,NA,NA,LINCSCP_97576,HA1E,0.04uM,24h,kidney epithelial,Aromatase inhibitor,CYP19A1,BFYIZQONLCFLEV-VQIOPMHJSA-N,"InChI=1S/C20H24O2/c1-12-10-14-15-4-5-18(22)20(15,3)9-7-16(14)19(2)8-6-13(21)11-17(12)19/h6,8,11,14-16H,1,4-5,7,9-10H2,2-3H3/t14?,15?,16?,19-,20+/m1/s1",449,C[C@]12CCC3C(CC(=C)C4=CC(=O)C=C[C@]34C)C1CCC2=O,NA
Input,Oxymetazoline,0.23538835,InputSig,NA,NA,LINCSCP_101563,HELA,1.11uM,24h,large intestine,Adrenergic receptor agonist,ADRA1A|ADRA1B|ADRA1D|ADRA2A|ADRA2B|ADRA2C,WYWIFABBXFUGLM-UHFFFAOYSA-N,"InChI=1S/C16H24N2O/c1-10-8-13(16(3,4)5)15(19)11(2)12(10)9-14-17-6-7-18-14/h8,19H,6-7,9H2,1-5H3,(H,17,18)",35568,Cc1cc(c(O)c(C)c1CC2=NCCN2)C(C)(C)C,4
Input,PF-3084014,0.2351583,InputSig,NA,NA,LINCSCP_95401,HA1E,0.04uM,24h,kidney epithelial,NA,NA,VFCRKLWBYMDAED-REWPJTCUSA-N,"InChI=1S/C27H41F2N5O/c1-7-8-23(32-20-10-9-18-11-19(28)12-22(29)21(18)13-20)25(35)33-24-14-34(17-31-24)27(5,6)16-30-15-26(2,3)4/h11-12,14,17,20,23,30,32H,7-10,13,15-16H2,1-6H3,(H,33,35)/t20-,23-/m0/s1",27140,CCC[C@H](N[C@H]1CCc2cc(F)cc(F)c2C1)C(=O)Nc3cn(cn3)C(C)(C)CNCC(C)(C)C,NA
Input,Enoxacin,0.2346503,InputSig,NA,NA,LINCSCP_97821,HA1E,0.04uM,24h,kidney epithelial,Topoisomerase inhibitor,NA,IDYZIJYBMGIQMJ-UHFFFAOYSA-N,"InChI=1S/C15H17FN4O3/c1-2-19-8-10(15(22)23)12(21)9-7-11(16)14(18-13(9)19)20-5-3-17-4-6-20/h7-8,17H,2-6H2,1H3,(H,22,23)",16388,CCN1C=C(C(=O)O)C(=O)c2cc(F)c(nc12)N3CCNCC3,4
Input,Amthamine,0.23462723,InputSig,NA,NA,LINCSCP_193196,A549,10uM,24h,lung,Histamine receptor agonist,NA,LHVRFUVVRXGZPV-UHFFFAOYSA-N,"InChI=1S/C6H11N3S/c1-4-5(2-3-7)10-6(8)9-4/h2-3,7H2,1H3,(H2,8,9)",13956,Cc1nc(N)sc1CCN,NA
Input,MLS003179192,0.23457556,InputSig,NA,NA,LINCSCP_239951,MCF7,10uM,24h,breast,Caspase inhibitor,NA,NPOUMSIYVDQJDX-DGIFUFQNSA-N,"InChI=1S/C33H35ClN4O6S/c1-21-18-38(22(2)20-39)32(40)27-11-7-13-29(36-33(41)35-28-12-6-9-23-8-4-5-10-26(23)28)31(27)44-30(21)19-37(3)45(42,43)25-16-14-24(34)15-17-25/h4-17,21-22,30,39H,18-20H2,1-3H3,(H2,35,36,41)/t21-,22+,30+/m1/s1",15858,C[C@@H](CO)N1C[C@@H](C)[C@H](CN(C)S(=O)(=O)c2ccc(Cl)cc2)Oc3c(NC(=O)Nc4cccc5ccccc45)cccc3C1=O,NA
Input,Atomoxetine,0.23454338,InputSig,NA,NA,LINCSCP_225663,HT29,10uM,6h,large intestine,Norepinephrine transporter inhibitor,SLC6A2|SLC6A3|SLC6A4,VHGCDTVCOLNTBX-QGZVFWFLSA-N,"InChI=1S/C17H21NO/c1-14-8-6-7-11-16(14)19-17(12-13-18-2)15-9-4-3-5-10-15/h3-11,17-18H,12-13H2,1-2H3/t17-/m1/s1",15480,CNCC[C@@H](Oc1ccccc1C)c2ccccc2,4
Input,Nepafenac,0.23446775,InputSig,NA,NA,LINCSCP_92929,HA1E,0.04uM,24h,kidney epithelial,Cyclooxygenase inhibitor,PTGS1|PTGS2,QEFAQIPZVLVERP-UHFFFAOYSA-N,"InChI=1S/C15H14N2O2/c16-13(18)9-11-7-4-8-12(14(11)17)15(19)10-5-2-1-3-6-10/h1-8H,9,17H2,(H2,16,18)",26929,NC(=O)Cc1cccc(C(=O)c2ccccc2)c1N,4
Input,Hydrastine,0.23443989,InputSig,NA,NA,LINCSCP_290022,VCAP,10uM,24h,prostate,Tyrosine hydroxylase inhibitor,NA,JZUTXVTYJDCMDU-MOPGFXCFSA-N,"InChI=1S/C21H21NO6/c1-22-7-6-11-8-15-16(27-10-26-15)9-13(11)18(22)19-12-4-5-14(24-2)20(25-3)17(12)21(23)28-19/h4-5,8-9,18-19H,6-7,10H2,1-3H3/t18-,19+/m1/s1",35479,COc1ccc2[C@H](OC(=O)c2c1OC)[C@@H]3N(C)CCc4cc5OCOc5cc34,NA
Input,CC-930,0.23436585,InputSig,NA,NA,LINCSCP_107790,HELA,10uM,24h,large intestine,c-Jun N-terminal kinase 1 inhibitor|c-Jun N-terminal kinase 2 inhibitor|c-Jun N-terminal kinase 3 inhibitor,MAPK10|MAPK8|MAPK9,IBGLGMOPHJQDJB-IHRRRGAJSA-N,"InChI=1S/C21H23F3N6O2/c22-11-7-15(23)18(16(24)8-11)28-21-27-17-9-25-20(26-12-1-3-14(31)4-2-12)29-19(17)30(21)13-5-6-32-10-13/h7-9,12-14,31H,1-6,10H2,(H,27,28)(H,25,26,29)/t12-,13-,14-/m0/s1",26454,O[C@@H]1CC[C@H](CC1)Nc2ncc3nc(Nc4c(F)cc(F)cc4F)n([C@H]5CCOC5)c3n2,2
Input,Cevimeline hydrochloride,0.23430739,InputSig,NA,NA,LINCSCP_73751,A375,1.11uM,24h,skin,NA,NA,YMMKDPCCYMGDHD-JWGPUQBJSA-N,"InChI=1S/2C10H17NOS/c2*1-8-12-10(7-13-8)6-11-4-2-9(10)3-5-11/h2*8-9H,2-7H2,1H3/t2*8-,10-/m10/s1",26654,C[C@@H]1O[C@@]2(CS1)CN3CCC2CC3.C[C@H]4O[C@]5(CS4)CN6CCC5CC6,NA
Input,GW9508,0.23410507,InputSig,NA,NA,LINCSCP_4998,A549,10uM,24h,lung,Free Fatty Acid Receptor 1 (FFAR1; GPR40) Agonists|Free fatty acid receptor agonist|G protein coupled receptor agonist|G protein-coupled receptor agonist,FFAR1|FFAR4,DGENZVKCTGIDRZ-UHFFFAOYSA-N,"InChI=1S/C22H21NO3/c24-22(25)14-11-17-9-12-19(13-10-17)23-16-18-5-4-8-21(15-18)26-20-6-2-1-3-7-20/h1-10,12-13,15,23H,11,14,16H2,(H,24,25)",24050,OC(=O)CCc1ccc(NCc2cccc(Oc3ccccc3)c2)cc1,NA
Input,Endecaphyllin X,0.2340719,InputSig,NA,NA,LINCSCP_18284,HCC515,10uM,24h,lung,NA,NA,JMPKPWBLQUWFHQ-LUAGPVBASA-N,"InChI=1S/C18H24N4O18/c23-11(1-5-19(28)29)36-9-10-15(38-12(24)2-6-20(30)31)16(39-13(25)3-7-21(32)33)17(18(27)37-10)40-14(26)4-8-22(34)35/h10,15-18,27H,1-9H2/t10-,15-,16+,17-,18-/m1/s1",15735,O[C@@H]1O[C@H](COC(=O)CC[N+](=O)[O-])[C@@H](OC(=O)CC[N+](=O)[O-])[C@H](OC(=O)CC[N+](=O)[O-])[C@H]1OC(=O)CC[N+](=O)[O-],NA
Input,"Apitolisib (gdc-0980, rg7422)",0.23402186,InputSig,NA,NA,LINCSCP_132430,MCF7,0.12uM,3h,breast,PI3K inhibitor|mTOR inhibitor,PIK3CA|PIK3CB|PIK3CD|PIK3CG|MTOR,YOVVNQKCSKSHKT-UHFFFAOYSA-N,"InChI=1S/C23H30N8O3S/c1-14-17(13-29-3-5-31(6-4-29)22(33)15(2)32)35-19-18(14)27-20(16-11-25-23(24)26-12-16)28-21(19)30-7-9-34-10-8-30/h11-12,15,32H,3-10,13H2,1-2H3,(H2,24,25,26)",14191,CC(O)C(=O)N1CCN(Cc2sc3c(nc(nc3c2C)c4cnc(N)nc4)N5CCOCC5)CC1,NA
Input,OSI-930,0.23391297,InputSig,NA,NA,LINCSCP_86603,CD34,3.33uM,24h,bone marrow,KIT inhibitor|VEGFR inhibitor,FLT1|FLT4|KDR|KIT,FGTCROZDHDSNIO-UHFFFAOYSA-N,"InChI=1S/C22H16F3N3O2S/c23-22(24,25)30-16-7-5-15(6-8-16)28-21(29)20-19(10-12-31-20)27-13-14-9-11-26-18-4-2-1-3-17(14)18/h1-12,27H,13H2,(H,28,29)",15171,FC(F)(F)Oc1ccc(NC(=O)c2sccc2NCc3ccnc4ccccc34)cc1,1
Input,N-Benzyl-1-(3-chlorobenzyl)-n-methylpiperidine-3-carboxamide,0.23374407,InputSig,NA,NA,LINCSCP_294784,VCAP,10uM,24h,prostate,NA,NA,IAZWNNACOSEBDJ-UHFFFAOYSA-N,"InChI=1S/C21H25ClN2O/c1-23(14-17-7-3-2-4-8-17)21(25)19-10-6-12-24(16-19)15-18-9-5-11-20(22)13-18/h2-5,7-9,11,13,19H,6,10,12,14-16H2,1H3",35438,CN(Cc1ccccc1)C(=O)C2CCCN(Cc3cccc(Cl)c3)C2,NA
Input,Nemonapride,0.23374205,InputSig,NA,NA,LINCSCP_41157,NEU,10uM,24h,NA,Dopamine receptor antagonist,DRD2|DRD3,QCYCDKUNJFKYEI-ZVWWNKPMSA-N,"InChI=1S/2C21H26ClN3O2/c2*1-14-18(9-10-25(14)13-15-7-5-4-6-8-15)24-21(26)16-11-17(22)19(23-2)12-20(16)27-3/h2*4-8,11-12,14,18,23H,9-10,13H2,1-3H3,(H,24,26)/t2*14-,18-/m10/s1",26697,CNc1cc(OC)c(cc1Cl)C(=O)N[C@H]2CCN(Cc3ccccc3)[C@H]2C.CNc4cc(OC)c(cc4Cl)C(=O)N[C@@H]5CCN(Cc6ccccc6)[C@@H]5C,NA
Input,Nemonapride,0.23374205,InputSig,NA,NA,LINCSCP_41157,NEU,10uM,24h,NA,Dopamine receptor antagonist,DRD2|DRD3,KRVOJOCLBAAKSJ-UHFFFAOYSA-N,"InChI=1S/C21H26ClN3O2/c1-14-18(9-10-25(14)13-15-7-5-4-6-8-15)24-21(26)16-11-17(22)19(23-2)12-20(16)27-3/h4-8,11-12,14,18,23H,9-10,13H2,1-3H3,(H,24,26)",15293,CNc1cc(OC)c(cc1Cl)C(=O)NC2CCN(Cc3ccccc3)C2C,NA
Input,CTK8E7509,0.23355238,InputSig,NA,NA,LINCSCP_52921,SKB,10uM,24h,NA,Leukotriene receptor antagonist,CYSLTR1,BZMKNPGKXJAIDV-UHFFFAOYSA-N,"InChI=1S/C23H28N2O3S/c1-3-23(4-2,22(27)28)14-20(26)24-18-10-5-7-16(13-18)11-12-21-25-19(15-29-21)17-8-6-9-17/h5,7,10-13,15,17H,3-4,6,8-9,14H2,1-2H3,(H,24,26)(H,27,28)",1128,CCC(CC)(CC(=O)Nc1cccc(C=Cc2nc(cs2)C3CCC3)c1)C(=O)O,NA
Input,VX-11E,0.23334161,InputSig,NA,NA,LINCSCP_257474,NCIH508,0.5uM,6h,large intestine,MAP kinase inhibitor,MAPK1,WUTVMXLIGHTZJC-OAQYLSRUSA-N,"InChI=1S/C24H20Cl2FN5O2/c1-13-10-29-24(31-19-6-5-17(27)9-18(19)26)32-22(13)15-8-20(28-11-15)23(34)30-21(12-33)14-3-2-4-16(25)7-14/h2-11,21,28,33H,12H2,1H3,(H,30,34)(H,29,31,32)/t21-/m1/s1",36704,Cc1cnc(Nc2ccc(F)cc2Cl)nc1c3c[nH]c(c3)C(=O)N[C@H](CO)c4cccc(Cl)c4,NA
Input,Pregnenolone,0.23331153,InputSig,NA,NA,LINCSCP_73339,A375,1.11uM,24h,skin,NA,NA,ORNBQBCIOKFOEO-QGVNFLHTSA-N,"InChI=1S/C21H32O2/c1-13(22)17-6-7-18-16-5-4-14-12-15(23)8-10-20(14,2)19(16)9-11-21(17,18)3/h4,15-19,23H,5-12H2,1-3H3/t15-,16-,17+,18-,19-,20-,21+/m0/s1",16342,CC(=O)[C@H]1CC[C@H]2[C@@H]3CC=C4C[C@@H](O)CC[C@]4(C)[C@H]3CC[C@]12C,NA
Input,HMS1476K01,0.23298133,InputSig,NA,NA,LINCSCP_6162,A549,10uM,24h,lung,NA,NA,CJOVWWBJTBBBSU-NBVRZTHBSA-N,"InChI=1S/C23H16BrNO2/c24-19-12-10-16(11-13-19)14-18-15-21(17-6-2-1-3-7-17)25(23(18)27)20-8-4-5-9-22(20)26/h1-15,26H/b18-14+",5358,Oc1ccccc1N2C(=O)\C(=C\c3ccc(Br)cc3)\C=C2c4ccccc4,NA
Input,CHEMBL2333346,0.23284659,InputSig,NA,NA,LINCSCP_28690,HT29,0.12uM,24h,large intestine,NA,NA,RYYGSXXWQSXKRP-UHFFFAOYSA-N,"InChI=1S/C6H9NO2/c8-6(7-9)5-3-1-2-4-5/h3,9H,1-2,4H2,(H,7,8)",39905,ONC(=O)C1=CCCC1,NA
Input,5-Methoxytryptamine,0.23283887,InputSig,NA,NA,LINCSCP_22177,HEPG2,10uM,6h,liver,Serotonin receptor agonist,HTR2A|HTR6,JTEJPPKMYBDEMY-UHFFFAOYSA-N,"InChI=1S/C11H14N2O/c1-14-9-2-3-11-10(6-9)8(4-5-12)7-13-11/h2-3,6-7,13H,4-5,12H2,1H3",25106,COc1ccc2[nH]cc(CCN)c2c1,NA
Input,TIROFIBAN HYDROCHLORIDE,0.2327707,InputSig,NA,NA,LINCSCP_105484,HELA,3.33uM,24h,large intestine,Integrin alpha-IIb/beta-3 inhibitor,ITGA2B|ITGB3,COKMIXFXJJXBQG-NRFANRHFSA-N,"InChI=1S/C22H36N2O5S/c1-2-3-16-30(27,28)24-21(22(25)26)17-19-7-9-20(10-8-19)29-15-5-4-6-18-11-13-23-14-12-18/h7-10,18,21,23-24H,2-6,11-17H2,1H3,(H,25,26)/t21-/m0/s1",27071,CCCCS(=O)(=O)N[C@@H](Cc1ccc(OCCCCC2CCNCC2)cc1)C(=O)O,4
Input,CID 45006067,0.23263559,InputSig,NA,NA,LINCSCP_32104,MCF7,10uM,24h,breast,NFkB pathway inhibitor,NA,KTEXNACQROZXEV-LKQBIRKESA-N,"InChI=1S/C15H20O3/c1-9-5-4-8-15(3)13(18-15)12-11(7-6-9)10(2)14(16)17-12/h5,11-13H,2,4,6-8H2,1,3H3/b9-5+/t11-,12-,13?,15-/m0/s1",22321,C\C\1=C/CC[C@]2(C)OC2[C@H]3OC(=O)C(=C)[C@@H]3CC1,NA
Input,BRD-K60796852,0.23241701,InputSig,NA,NA,LINCSCP_232924,HT29,10uM,24h,large intestine,NA,NA,CPZPDKPINUWRBY-GMXVVIOVSA-N,"InChI=1S/C13H15BrN2O2/c14-9-3-1-8(2-4-9)13-10-5-15-6-12(18)16(10)11(13)7-17/h1-4,10-11,13,15,17H,5-7H2/t10-,11-,13+/m0/s1",13149,OC[C@H]1[C@@H]([C@@H]2CNCC(=O)N12)c3ccc(Br)cc3,NA
Input,FR-180204,0.23236618,InputSig,NA,NA,LINCSCP_113940,HME1,0.04uM,24h,breast,MAP kinase inhibitor,MAPK1|MAPK3,XVECMUKVOMUNLE-UHFFFAOYSA-N,"InChI=1S/C18H13N7/c19-17-12-10-13(20-22-18(12)23-21-17)15-14-8-4-5-9-25(14)24-16(15)11-6-2-1-3-7-11/h1-10H,(H3,19,21,22,23)",27855,Nc1[nH]nc2nnc(cc12)c3c(nn4ccccc34)c5ccccc5,NA
Input,Nefazodone,0.23216746,InputSig,NA,NA,LINCSCP_155581,PC3,0.04uM,24h,prostate,Adrenergic inhibitor|Norepinephrine reuptake inhibitor|Serotonin receptor antagonist|Serotonin reuptake inhibitor,HTR2A|HTR2C|SLC6A2|SLC6A4,VRBKIVRKKCLPHA-UHFFFAOYSA-N,"InChI=1S/C25H32ClN5O2/c1-2-24-27-31(25(32)30(24)18-19-33-23-10-4-3-5-11-23)13-7-12-28-14-16-29(17-15-28)22-9-6-8-21(26)20-22/h3-6,8-11,20H,2,7,12-19H2,1H3",36130,CCC1=NN(CCCN2CCN(CC2)c3cccc(Cl)c3)C(=O)N1CCOc4ccccc4,4
Input,GSK256066,0.23206446,InputSig,NA,NA,LINCSCP_93644,HA1E,1.11uM,24h,kidney epithelial,NA,NA,JFHROPTYMMSOLG-UHFFFAOYSA-N,"InChI=1S/C27H26N4O5S/c1-16-11-21(37(34,35)20-10-5-7-17(12-20)27(33)31(2)3)14-22-24(16)29-15-23(26(28)32)25(22)30-18-8-6-9-19(13-18)36-4/h5-15H,1-4H3,(H2,28,32)(H,29,30)",27184,COc1cccc(Nc2c(cnc3c(C)cc(cc23)S(=O)(=O)c4cccc(c4)C(=O)N(C)C)C(=O)N)c1,NA
Input,FK 866,0.23168803,InputSig,NA,NA,LINCSCP_73619,A375,1.11uM,24h,skin,Niacinamide phosphoribosyltransferase inhibitor,NAMPT,KPBNHDGDUADAGP-VAWYXSNFSA-N,"InChI=1S/C24H29N3O2/c28-23(12-11-21-8-6-15-25-19-21)26-16-5-4-7-20-13-17-27(18-14-20)24(29)22-9-2-1-3-10-22/h1-3,6,8-12,15,19-20H,4-5,7,13-14,16-18H2,(H,26,28)/b12-11+",37971,O=C(NCCCCC1CCN(CC1)C(=O)c2ccccc2)\C=C\c3cccnc3,NA
Input,Oglemilast,0.23167016000000001,InputSig,NA,NA,LINCSCP_162076,PC3,1.11uM,24h,prostate,NA,NA,OKFDRAHPFKMAJH-UHFFFAOYSA-N,"InChI=1S/C20H13Cl2F2N3O5S/c1-33(29,30)27-9-2-4-14-11(6-9)16-10(3-5-15(18(16)31-14)32-20(23)24)19(28)26-17-12(21)7-25-8-13(17)22/h2-8,20,27H,1H3,(H,25,26,28)",26856,CS(=O)(=O)Nc1ccc2oc3c(OC(F)F)ccc(C(=O)Nc4c(Cl)cncc4Cl)c3c2c1,NA
Input,PIK-75,0.23165001,InputSig,NA,NA,LINCSCP_22634,HEPG2,10uM,6h,liver,DNA protein kinase inhibitor|PI3K inhibitor,PIK3CA,NA,NA,NA,NA,NA
Input,HLI-373,0.23155677,InputSig,NA,NA,LINCSCP_25055,HT115,10uM,6h,large intestine,MDM inhibitor,MDM2,LNRUPMPQQGPSQT-UHFFFAOYSA-N,"InChI=1S/C18H23N5O2/c1-21(2)11-7-10-19-15-12-8-5-6-9-13(12)22(3)16-14(15)17(24)23(4)18(25)20-16/h5-6,8-9,19H,7,10-11H2,1-4H3",15081,CN(C)CCCNC1=C2C(=O)N(C)C(=O)N=C2N(C)c3ccccc13,NA
Input,Buspirone,0.23137579,InputSig,NA,NA,LINCSCP_214767,HCC515,10uM,24h,lung,Serotonin receptor agonist,HTR1A,QWCRAEMEVRGPNT-UHFFFAOYSA-N,"InChI=1S/C21H31N5O2/c27-18-16-21(6-1-2-7-21)17-19(28)26(18)11-4-3-10-24-12-14-25(15-13-24)20-22-8-5-9-23-20/h5,8-9H,1-4,6-7,10-17H2",16059,O=C1CC2(CCCC2)CC(=O)N1CCCCN3CCN(CC3)c4ncccn4,4
Input,Cis-Platin,0.23133211,InputSig,NA,NA,LINCSCP_10185,A549,0.01uM,6h,lung,DNA alkylating agent|DNA synthesis inhibitor,XIAP,LXZZYRPGZAFOLE-UHFFFAOYSA-L,InChI=1S/2ClH.2H3N.Pt/h2*1H;2*1H3;/q;;;;+2/p-2,22209,Cl[Pt]([NH3])([NH3])Cl,NA
Input,BRD-A25736793,0.2312244,InputSig,NA,NA,LINCSCP_113905,HME1,10uM,24h,breast,mTOR inhibitor,MTOR,HKVAMNSJSFKALM-PYJGUTGCSA-N,"InChI=1S/C53H83NO14/c1-32-16-12-11-13-17-33(2)44(63-8)30-40-21-19-38(7)53(62,68-40)50(59)51(60)54-23-15-14-18-41(54)52(61)67-45(35(4)28-39-20-22-43(66-25-24-55)46(29-39)64-9)31-42(56)34(3)27-37(6)48(58)49(65-10)47(57)36(5)26-32/h11-13,16-17,27,32,34-36,38-41,43-46,48-49,55,58,62H,14-15,18-26,28-31H2,1-10H3/b13-11+,16-12+,33-17+,37-27+",1547,COC1CC(CC(C)C2CC(=O)C(C)\C=C(/C)\C(O)C(OC)C(=O)C(C)CC(C)\C=C\C=C\C=C(/C)\C(CC3CCC(C)C(O)(O3)C(=O)C(=O)N4CCCCC4C(=O)O2)OC)CCC1OCCO,NA
Input,Trametinib,0.23114572,InputSig,NA,NA,LINCSCP_85796,BT20,1.11uM,3h,breast,MEK inhibitor,MAP2K1|MAP2K2,LIRYPHYGHXZJBZ-UHFFFAOYSA-N,"InChI=1S/C26H23FIN5O4/c1-13-22-21(23(31(3)24(13)35)30-20-10-7-15(28)11-19(20)27)25(36)33(17-8-9-17)26(37)32(22)18-6-4-5-16(12-18)29-14(2)34/h4-7,10-12,17,30H,8-9H2,1-3H3,(H,29,34)",37824,CN1C(=O)C(=C2N(C(=O)N(C3CC3)C(=O)C2=C1Nc4ccc(I)cc4F)c5cccc(NC(=O)C)c5)C,4
Input,VX222,0.2309071,InputSig,NA,NA,LINCSCP_32550,MCF7,10uM,24h,breast,HCV inhibitor,NA,WPMJNLCLKAKMLA-UHFFFAOYSA-N,"InChI=1S/C25H35NO4S/c1-16-5-7-17(8-6-16)23(28)26(18-9-11-19(27)12-10-18)21-15-20(13-14-25(2,3)4)31-22(21)24(29)30/h15-19,27H,5-12H2,1-4H3,(H,29,30)",16434,CC1CCC(CC1)C(=O)N(C2CCC(O)CC2)c3cc(C#CC(C)(C)C)sc3C(=O)O,NA
Input,SA-90377,0.23081393,InputSig,NA,NA,LINCSCP_253104,MCF7,0.5uM,24h,breast,NA,NA,BPRBOEBHCISTIC-SBCJZHDBSA-N,"InChI=1S/C36H46N4O5/c1-26-22-40(27(2)25-41)36(43)32-21-31(37-35(42)15-16-39-17-19-44-20-18-39)13-14-33(32)45-34(26)24-38(3)23-28-9-11-30(12-10-28)29-7-5-4-6-8-29/h4-14,21,26-27,34,41H,15-20,22-25H2,1-3H3,(H,37,42)/t26-,27-,34-/m0/s1",12920,C[C@@H](CO)N1C[C@H](C)[C@H](CN(C)Cc2ccc(cc2)c3ccccc3)Oc4ccc(NC(=O)CCN5CCOCC5)cc4C1=O,NA
Input,CHROMOMYCIN-A3,0.23049755,InputSig,NA,NA,LINCSCP_20356,HCC515,10uM,6h,lung,DNA binding agent,NA,LNGHEQSPMNWBCU-RUGPHKIXSA-N,"InChI=1S/C56H82O24/c1-21-34(76-40-19-37(53(28(8)74-40)75-29(9)58)79-38-16-33(59)52(68-11)27(7)73-38)15-31-13-30-14-32(54(69-12)51(66)46(61)23(3)57)55(50(65)44(30)49(64)43(31)45(21)60)80-41-18-35(47(62)26(6)72-41)77-39-17-36(48(63)25(5)71-39)78-42-20-56(10,67)22(2)24(4)70-42/h13,15,22-28,32-33,35-42,46-48,52-55,57,59-64,67H,14,16-20H2,1-12H3/t22?,23-,24?,25?,26?,27?,28?,32-,33?,35?,36?,37?,38?,39?,40?,41?,42?,46+,47?,48?,52?,53?,54+,55+,56?/m1/s1",218,CO[C@@H]([C@H]1Cc2cc3cc(OC4CC(OC5CC(O)C(OC)C(C)O5)C(OC(=O)C)C(C)O4)c(C)c(O)c3c(O)c2C(=O)[C@H]1OC6CC(OC7CC(OC8CC(C)(O)C(C)C(C)O8)C(O)C(C)O7)C(O)C(C)O6)C(=O)[C@@H](O)[C@@H](C)O,NA
Input,L-Norepinephrine,0.23039026,InputSig,NA,NA,LINCSCP_43236,NPC,10uM,24h,neural progenitor cells,Adrenergic receptor agonist,ADRA1A|ADRA1B|ADRA1D|ADRA2A|ADRA2B|ADRA2C|ADRB1|ADRB3,SFLSHLFXELFNJZ-MRVPVSSYSA-N,"InChI=1S/C8H11NO3/c9-4-8(12)5-1-2-6(10)7(11)3-5/h1-3,8,10-12H,4,9H2/t8-/m1/s1",19475,NC[C@@H](O)c1ccc(O)c(O)c1,NA
Input,SA-1938757,0.23027721,InputSig,NA,NA,LINCSCP_41674,NKDBA,1uM,24h,kidney epithelial,NA,NA,MKCVBDBEIVTPQG-HSZRJFAPSA-N,"InChI=1S/C30H28FN5O6/c1-40-20-7-8-21-22(11-20)34-27-23(12-37)36(29(39)32-18-4-2-17(31)3-5-18)15-30(26(21)27)13-35(14-30)28(38)33-19-6-9-24-25(10-19)42-16-41-24/h2-11,23,34,37H,12-16H2,1H3,(H,32,39)(H,33,38)/t23-/m1/s1",33529,COc1ccc2c3c([nH]c2c1)[C@@H](CO)N(CC34CN(C4)C(=O)Nc5ccc6OCOc6c5)C(=O)Nc7ccc(F)cc7,NA
Input,SCHEMBL13991002,0.22997732,InputSig,NA,NA,LINCSCP_12871,DV90,40uM,6h,lung,NA,NA,UUTYCZUIECRVAL-YFKPBYRVSA-O,"InChI=1S/C6H9N3O3/c7-5(6(11)12)2-1-4(10)3-9-8/h5H,1-3,7H2/p+1/t5-/m0/s1",42648,N[C@@H](CCC(=O)C[N+]#N)C(=O)O,NA
Input,BMS-536924,0.22985848,InputSig,NA,NA,LINCSCP_10374,A673,10uM,6h,bone,IGF-1 inhibitor,IGF1R,ZWVZORIKUNOTCS-OAQYLSRUSA-N,"InChI=1S/C25H26ClN5O3/c1-15-11-18(31-7-9-34-10-8-31)13-20-23(15)30-24(29-20)22-19(5-6-27-25(22)33)28-14-21(32)16-3-2-4-17(26)12-16/h2-6,11-13,21,32H,7-10,14H2,1H3,(H,29,30)(H2,27,28,33)/t21-/m1/s1",35291,Cc1cc(cc2[nH]c(nc12)c3c(O)nccc3NC[C@@H](O)c4cccc(Cl)c4)N5CCOCC5,NA
Input,Apocynin,0.22954934,InputSig,NA,NA,LINCSCP_95041,HA1E,0.04uM,24h,kidney epithelial,NA,NA,DFYRUELUNQRZTB-UHFFFAOYSA-N,"InChI=1S/C9H10O3/c1-6(10)7-3-4-8(11)9(5-7)12-2/h3-5,11H,1-2H3",27104,COc1cc(ccc1O)C(=O)C,NA
Input,ML100,0.22948467,InputSig,NA,NA,LINCSCP_10661,AGS,10uM,6h,stomach,NA,NA,VRYFPFHGCPTRHR-UHFFFAOYSA-N,"InChI=1S/C12H11Cl2N3S/c1-7-3-5-8(6-4-7)10-15-11(9(13)14)17-12(16-10)18-2/h3-6,9H,1-2H3",36680,CSc1nc(nc(n1)c2ccc(C)cc2)C(Cl)Cl,NA
Input,Perindopril,0.22941017,InputSig,NA,NA,LINCSCP_14791,HA1E,10uM,24h,kidney epithelial,Angiotensin converting enzyme inhibitor,ACE,IPVQLZZIHOAWMC-QXKUPLGCSA-N,"InChI=1S/C19H32N2O5/c1-4-8-14(19(25)26-5-2)20-12(3)17(22)21-15-10-7-6-9-13(15)11-16(21)18(23)24/h12-16,20H,4-11H2,1-3H3,(H,23,24)/t12-,13-,14-,15-,16-/m0/s1",16052,CCC[C@H](N[C@@H](C)C(=O)N1[C@H]2CCCC[C@H]2C[C@H]1C(=O)O)C(=O)OCC,4
Input,BRD-K23558120,0.22933194,InputSig,NA,NA,LINCSCP_253274,MCF7,0.5uM,6h,breast,NA,NA,NLZWENHPOORBAO-QOKUDNMUSA-N,"InChI=1S/C25H27Cl2FN2O5/c26-19-7-5-15(9-20(19)27)11-29-24(32)10-17-6-8-22-23(35-17)14-34-13-16(31)12-30(22)25(33)18-3-1-2-4-21(18)28/h1-5,7,9,16-17,22-23,31H,6,8,10-14H2,(H,29,32)/t16-,17+,22+,23-/m0/s1",2456,O[C@@H]1COC[C@@H]2O[C@@H](CC(=O)NCc3ccc(Cl)c(Cl)c3)CC[C@H]2N(C1)C(=O)c4ccccc4F,NA
Input,Taselisib,0.22921526,InputSig,NA,NA,LINCSCP_77434,A375,0.04uM,24h,skin,PI3-kinase class I inhibitor,PIK3CA|PIK3CB|PIK3CD|PIK3CG|PIK3R1|PIK3R2|PIK3R3|PIK3R5,BEUQXVWXFDOSAQ-UHFFFAOYSA-N,"InChI=1S/C24H28N8O2/c1-14(2)32-22(27-15(3)29-32)19-13-30-8-9-34-20-10-16(6-7-18(20)21(30)28-19)17-11-26-31(12-17)24(4,5)23(25)33/h6-7,10-14H,8-9H2,1-5H3,(H2,25,33)",14181,CC(C)n1nc(C)nc1c2cn3CCOc4cc(ccc4c3n2)c5cnn(c5)C(C)(C)C(=O)N,3
Input,FPH2,0.22920364,InputSig,NA,NA,LINCSCP_27347,HT29,10uM,6h,large intestine,NA,NA,PCHRYHSDDPPZBV-UHFFFAOYSA-N,"InChI=1S/C14H16ClN5O2S/c1-3-20-7-10(12(19-20)13(16)21)18-14(23)17-9-6-8(15)4-5-11(9)22-2/h4-7H,3H2,1-2H3,(H2,16,21)(H2,17,18,23)",25330,CCn1cc(NC(=S)Nc2cc(Cl)ccc2OC)c(n1)C(=O)N,NA
Input,Tryptoline,0.22920101,InputSig,NA,NA,LINCSCP_45913,PC3,10uM,24h,prostate,Monoamine oxidase inhibitor|Serotonin receptor agonist,NA,CFTOTSJVQRFXOF-UHFFFAOYSA-N,"InChI=1S/C11H12N2/c1-2-4-10-8(3-1)9-5-6-12-7-11(9)13-10/h1-4,12-13H,5-7H2",35544,C1Cc2c(CN1)[nH]c3ccccc23,NA
Input,R-N-Propylnorapomorphine,0.22915721,InputSig,NA,NA,LINCSCP_223271,HT29,10uM,6h,large intestine,Dopamine receptor agonist,DRD1|DRD2,BTGAJCKRXPNBFI-OAHLLOKOSA-N,"InChI=1S/C19H21NO2/c1-2-9-20-10-8-12-4-3-5-14-17(12)15(20)11-13-6-7-16(21)19(22)18(13)14/h3-7,15,21-22H,2,8-11H2,1H3/t15-/m1/s1",35548,CCCN1CCc2cccc3c2[C@H]1Cc4ccc(O)c(O)c34,NA
Input,Taranabant,0.2291489,InputSig,NA,NA,LINCSCP_92552,HA1E,0.04uM,24h,kidney epithelial,Cannabinoid CB1 receptor inverse agonist,CNR1,QLYKJCMUNUWAGO-GAJHUEQPSA-N,"InChI=1S/C27H25ClF3N3O2/c1-17(34-25(35)26(2,3)36-24-12-9-21(16-33-24)27(29,30)31)23(14-18-7-10-22(28)11-8-18)20-6-4-5-19(13-20)15-32/h4-13,16-17,23H,14H2,1-3H3,(H,34,35)/t17-,23+/m0/s1",27003,C[C@H](NC(=O)C(C)(C)Oc1ccc(cn1)C(F)(F)F)[C@@H](Cc2ccc(Cl)cc2)c3cccc(c3)C#N,3
Input,BRD-K45230579,0.22908485,InputSig,NA,NA,LINCSCP_41056,NEU,10uM,24h,NA,NA,NA,ANPNCKARMDTJMY-XKCSPQBFSA-N,"InChI=1S/C26H31N3O6/c1-15-9-16(2)11-18(10-15)28-26(32)27-17-5-8-22-20(12-17)25(31)29(3)21-7-6-19(13-24(30)33-4)35-23(21)14-34-22/h5,8-12,19,21,23H,6-7,13-14H2,1-4H3,(H2,27,28,32)/t19-,21+,23+/m0/s1",24700,COC(=O)C[C@@H]1CC[C@@H]2[C@@H](COc3ccc(NC(=O)Nc4cc(C)cc(C)c4)cc3C(=O)N2C)O1,NA
Input,2-Methoxyestradiol,0.22901518,InputSig,NA,NA,LINCSCP_168511,YAPC,10uM,24h,pancreas,NA,NA,CQOQDQWUFQDJMK-SSTWWWIQSA-N,"InChI=1S/C19H26O3/c1-19-8-7-12-13(15(19)5-6-18(19)21)4-3-11-9-16(20)17(22-2)10-14(11)12/h9-10,12-13,15,18,20-21H,3-8H2,1-2H3/t12-,13+,15-,18-,19-/m0/s1",26690,COc1cc2[C@H]3CC[C@]4(C)[C@@H](O)CC[C@H]4[C@@H]3CCc2cc1O,NA
Input,ZK-93423,0.22893068,InputSig,NA,NA,LINCSCP_102054,HELA,1.11uM,24h,large intestine,Benzodiazepine receptor agonist,GABRA1|GABRA2|GABRA3|GABRA5,ALBKMJDFBZVHAK-UHFFFAOYSA-N,"InChI=1S/C23H22N2O4/c1-3-28-23(26)22-18(14-27-2)21-17-11-16(29-13-15-7-5-4-6-8-15)9-10-19(17)25-20(21)12-24-22/h4-12,25H,3,13-14H2,1-2H3",35682,CCOC(=O)c1ncc2[nH]c3ccc(OCc4ccccc4)cc3c2c1COC,NA
Input,BRD-U65466710,0.22879515,InputSig,NA,NA,LINCSCP_259602,NEU,10uM,24h,NA,NA,NA,NA,NA,42725,NA,NA
Input,BRD-K94390774,0.22873451,InputSig,NA,NA,LINCSCP_37498,MCF7,0.5uM,24h,breast,NA,NA,QCHQNBIYSRQADD-JLLPCOHGSA-N,"InChI=1S/C26H32F3N3O4/c27-26(28,29)20-3-1-2-19(12-20)14-32-15-21(33)16-35-17-24-23(32)5-4-22(36-24)13-25(34)31-11-8-18-6-9-30-10-7-18/h1-3,6-7,9-10,12,21-24,33H,4-5,8,11,13-17H2,(H,31,34)/t21-,22-,23+,24-/m1/s1",25318,O[C@H]1COC[C@H]2O[C@@H](CC(=O)NCCc3ccncc3)CC[C@@H]2N(Cc4cccc(c4)C(F)(F)F)C1,NA
Input,NVP-BHG712,0.22869492,InputSig,NA,NA,LINCSCP_87372,CD34,3.33uM,24h,bone marrow,NA,NA,ZCCPLJOKGAACRT-UHFFFAOYSA-N,"InChI=1S/C26H20F3N7O/c1-15-8-9-16(25(37)32-19-7-3-6-18(12-19)26(27,28)29)11-21(15)33-23-20-14-31-36(2)24(20)35-22(34-23)17-5-4-10-30-13-17/h3-14H,1-2H3,(H,32,37)(H,33,34,35)",14186,Cc1ccc(cc1Nc2nc(nc3c2cnn3C)c4cccnc4)C(=O)Nc5cccc(c5)C(F)(F)F,NA
Input,AC1MEVG9,0.22867883,InputSig,NA,NA,LINCSCP_51015,RMGI,10uM,6h,ovary,Tyrosine phosphatase inhibitor,PTPN1,NMLOLMOZTQCQJF-UHFFFAOYSA-N,"InChI=1S/C20H10BrN3O4S/c21-10-7-14-17(22-9-10)24-18(25)16(29-20(24)23-14)8-11-5-6-15(28-11)12-3-1-2-4-13(12)19(26)27/h1-9H,(H,26,27)",16005,OC(=O)c1ccccc1c2oc(C=C3Sc4nc5cc(Br)cnc5n4C3=O)cc2,NA
Input,Clozapine,0.2286385,InputSig,NA,NA,LINCSCP_170625,YAPC,0.37uM,24h,pancreas,Dopamine receptor antagonist|Serotonin receptor antagonist,ADRA1A|ADRA1B|CHRM1|CHRM2|CHRM3|CHRM4|DRD1|DRD2|DRD3|DRD4|HRH1|HRH4|HTR1A|HTR1B|HTR1D|HTR1E|HTR2A|HTR2C|HTR6|HTR7,QZUDBNBUXVUHMW-UHFFFAOYSA-N,"InChI=1S/C18H19ClN4/c1-22-8-10-23(11-9-22)18-14-4-2-3-5-15(14)20-16-7-6-13(19)12-17(16)21-18/h2-7,12,20H,8-11H2,1H3",35712,CN1CCN(CC1)C2=Nc3cc(Cl)ccc3Nc4ccccc24,4
Input,Ambroxol,0.2285216,InputSig,NA,NA,LINCSCP_94007,HA1E,0.04uM,24h,kidney epithelial,Sodium channel blocker,CYP3A4,JBDGDEWWOUBZPM-XYPYZODXSA-N,"InChI=1S/C13H18Br2N2O/c14-9-5-8(13(16)12(15)6-9)7-17-10-1-3-11(18)4-2-10/h5-6,10-11,17-18H,1-4,7,16H2/t10-,11-",15754,Nc1c(Br)cc(Br)cc1CN[C@@H]2CC[C@@H](O)CC2,3
Input,BRD-K93958918,0.22850271,InputSig,NA,NA,LINCSCP_298410,VCAP,5uM,24h,prostate,NA,NA,LZCYHHOYYPSMEH-MBOZVWFJSA-N,"InChI=1S/C22H32N2O5S/c1-16-14-24(17(2)15-25)30(27,28)21-7-6-18(8-11-22(26)9-4-5-10-22)12-19(21)29-20(16)13-23-3/h6-7,12,16-17,20,23,25-26H,4-5,9-10,13-15H2,1-3H3/t16-,17-,20-/m1/s1",459,CNC[C@H]1Oc2cc(ccc2S(=O)(=O)N(C[C@H]1C)[C@H](C)CO)C#CC3(O)CCCC3,NA
Input,BRD-K33597548,0.22828111,InputSig,NA,NA,LINCSCP_253921,MCF7,3uM,24h,breast,NA,NA,PUGQOLSXQKZMDA-RPQPUBLWSA-N,"InChI=1S/C32H44N4O6S2/c1-23-19-36(24(2)22-37)32(38)28-18-27(34-44(39,40)31-9-7-17-43-31)10-11-29(28)42-25(3)8-5-6-16-41-30(23)21-35(4)20-26-12-14-33-15-13-26/h7,9-15,17-18,23-25,30,34,37H,5-6,8,16,19-22H2,1-4H3/t23-,24+,25+,30-/m0/s1",12450,C[C@H](CO)N1C[C@H](C)[C@H](CN(C)Cc2ccncc2)OCCCC[C@@H](C)Oc3ccc(NS(=O)(=O)c4cccs4)cc3C1=O,NA
Input,Actarit,0.22808928,InputSig,NA,NA,LINCSCP_5735,A549,10uM,24h,lung,Interleukin receptor agonist,NA,MROJXXOCABQVEF-UHFFFAOYSA-N,"InChI=1S/C10H11NO3/c1-7(12)11-9-4-2-8(3-5-9)6-10(13)14/h2-5H,6H2,1H3,(H,11,12)(H,13,14)",16326,CC(=O)Nc1ccc(CC(=O)O)cc1,NA
Input,BRD-K43874853,0.2280641,InputSig,NA,NA,LINCSCP_8363,A549,5uM,24h,lung,NA,NA,APWUXYFXBMGRIO-CGQTXMLISA-N,"InChI=1S/C31H35N3O6/c1-20-15-34(21(2)17-35)30(36)26-11-7-6-10-25(26)24-9-5-4-8-22(24)18-38-29(20)16-33(3)31(37)32-23-12-13-27-28(14-23)40-19-39-27/h4-14,20-21,29,35H,15-19H2,1-3H3,(H,32,37)/t20-,21+,29+/m1/s1",36981,C[C@@H](CO)N1C[C@@H](C)[C@H](CN(C)C(=O)Nc2ccc3OCOc3c2)OCc4ccccc4c5ccccc5C1=O,NA
Input,CHEMBL1705313,0.22764006,InputSig,NA,NA,LINCSCP_26193,HT29,10uM,6h,large intestine,NA,NA,BBGBEKIWIWQGAB-UHFFFAOYSA-N,"InChI=1S/C20H23N3OS2/c1-12(2)23-10-6-7-14-17(11-23)26-19(21-13(3)24)18(14)20-22-15-8-4-5-9-16(15)25-20/h4-5,8-9,12H,6-7,10-11H2,1-3H3,(H,21,24)",17813,CC(C)N1CCCc2c(C1)sc(NC(=O)C)c2c3nc4ccccc4s3,NA
Input,Benzonatate,0.22755151,InputSig,NA,NA,LINCSCP_243576,MCF7,10uM,24h,breast,Local anesthetic,SCN5A,MAFMQEKGGFWBAB-UHFFFAOYSA-N,"InChI=1S/C30H53NO11/c1-3-4-9-31-29-7-5-28(6-8-29)30(32)42-27-26-41-25-24-40-23-22-39-21-20-38-19-18-37-17-16-36-15-14-35-13-12-34-11-10-33-2/h5-8,31H,3-4,9-27H2,1-2H3",36137,CCCCNc1ccc(cc1)C(=O)OCCOCCOCCOCCOCCOCCOCCOCCOCCOC,4
Input,Licoagrochacone A,0.22749056,InputSig,NA,NA,LINCSCP_43529,NPC,10uM,24h,neural progenitor cells,Topoisomerase inhibitor,NA,KAZSKMJFUPEHHW-DHZHZOJOSA-N,"InChI=1S/C21H22O4/c1-5-21(2,3)17-12-15(20(25-4)13-19(17)24)8-11-18(23)14-6-9-16(22)10-7-14/h5-13,22,24H,1H2,2-4H3/b11-8+",17790,COc1cc(O)c(cc1\C=C\C(=O)c2ccc(O)cc2)C(C)(C)C=C,NA
Input,Enzalutamide,0.2274063,InputSig,NA,NA,LINCSCP_44968,PC3,0.1uM,24h,prostate,Androgen receptor antagonist,AR,WXCXUHSOUPDCQV-UHFFFAOYSA-N,"InChI=1S/C21H16F4N4O2S/c1-20(2)18(31)28(12-5-4-11(10-26)15(8-12)21(23,24)25)19(32)29(20)13-6-7-14(16(22)9-13)17(30)27-3/h4-9H,1-3H3,(H,27,30)",16528,CNC(=O)c1ccc(cc1F)N2C(=S)N(C(=O)C2(C)C)c3ccc(C#N)c(c3)C(F)(F)F,4
Input,936890-98-1,0.22732356,InputSig,NA,NA,LINCSCP_113053,HME1,1.11uM,24h,breast,mTOR inhibitor,MTOR,CDNMDRUIGNHEMR-SAPNQHFASA-N,"InChI=1S/C21H22N6O3/c1-30-15-4-2-3-13-9-14(25-16(13)15)17-18-19(22)23-10-24-27(18)20(26-17)11-5-7-12(8-6-11)21(28)29/h2-4,9-12H,5-8,22H2,1H3,(H,23,24)(H,28,29)/b17-14+",24520,COc1cccc2cc([nH]c12)c3nc(C4CCC(CC4)C(=O)O)n5ncnc(N)c35,NA
Input,BRD-A32440707,0.2269665,InputSig,NA,NA,LINCSCP_74905,A375,0.04uM,24h,skin,NA,NA,JBBNFGYRYNBDIH-HEXHOXMLSA-N,"InChI=1S/C25H34O6/c1-14(26)18-6-7-19-17-5-4-15-12-16(27)10-11-24(15,2)23(17)20(13-25(18,19)3)31-22(30)9-8-21(28)29/h12,17-20,23H,4-11,13H2,1-3H3,(H,28,29)/t17?,18-,19?,20-,23?,24+,25-/m1/s1",1376,CC(=O)[C@H]1CCC2C3CCC4=CC(=O)CC[C@]4(C)C3[C@@H](C[C@]12C)OC(=O)CCC(=O)O,NA
Input,R-7128,0.22694925,InputSig,NA,NA,LINCSCP_125962,HT29,10uM,24h,large intestine,NA,NA,MLESJYFEMSJZLZ-MAAOGQSESA-N,"InChI=1S/C18H26FN3O6/c1-9(2)14(23)26-8-11-13(28-15(24)10(3)4)18(5,19)16(27-11)22-7-6-12(20)21-17(22)25/h6-7,9-11,13,16H,8H2,1-5H3,(H2,20,21,25)/t11-,13-,16-,18-/m1/s1",26827,CC(C)C(=O)OC[C@H]1O[C@@H](N2C=CC(=NC2=O)N)[C@](C)(F)[C@@H]1OC(=O)C(C)C,2
Input,AC1OCDAW,0.22676969,InputSig,NA,NA,LINCSCP_19026,HCC515,10uM,6h,lung,Topoisomerase inhibitor,TOP2A,AOJJSUZBOXZQNB-BLSUDJMZSA-N,"InChI=1S/C27H29NO11/c1-10-22(31)13(28)6-17(38-10)39-15-8-27(36,16(30)9-29)7-12-19(15)26(35)21-20(24(12)33)23(32)11-4-3-5-14(37-2)18(11)25(21)34/h3-5,10,13,15,17,22,29,31,33,35-36H,6-9,28H2,1-2H3/t10-,13-,15-,17?,22+,27-/m0/s1",22421,COc1cccc2C(=O)c3c(O)c4C[C@](O)(C[C@H](OC5C[C@H](N)[C@H](O)[C@H](C)O5)c4c(O)c3C(=O)c12)C(=O)CO,NA
Input,Felodipine,0.22659631,InputSig,NA,NA,LINCSCP_191877,A549,10uM,6h,lung,Mineralocorticoid receptor antagonist|Voltage-gated L-type calcium channel blocker,CACNA1C|CACNA1D|CACNA1F|CACNA1S|NR3C2,RZTAMFZIAATZDJ-UHFFFAOYSA-N,"InChI=1S/C18H19Cl2NO4/c1-5-25-18(23)14-10(3)21-9(2)13(17(22)24-4)15(14)11-7-6-8-12(19)16(11)20/h6-8,15,21H,5H2,1-4H3",17707,CCOC(=O)C1=C(C)NC(=C(C1c2cccc(Cl)c2Cl)C(=O)OC)C,4
Input,GSK 525762A,0.2265634,InputSig,NA,NA,LINCSCP_90775,HA1E,0.04uM,24h,kidney epithelial,NA,NA,AAAQFGUYHFJNHI-SFHVURJKSA-N,"InChI=1S/C22H22ClN5O2/c1-4-24-20(29)12-18-22-27-26-13(2)28(22)19-10-9-16(30-3)11-17(19)21(25-18)14-5-7-15(23)8-6-14/h5-11,18H,4,12H2,1-3H3,(H,24,29)/t18-/m0/s1",19908,CCNC(=O)C[C@@H]1N=C(c2ccc(Cl)cc2)c3cc(OC)ccc3n4c(C)nnc14,NA
Input,16Beta-bromoandrosterone,0.22650271,InputSig,NA,NA,LINCSCP_30679,MCF7,10uM,24h,breast,Glucose 6-phosphate dehydrogenase inhibitor,G6PD,CWVMWSZEMZOUPC-RWUIUEHLSA-N,"InChI=1S/C19H29BrO2/c1-18-7-5-12(21)9-11(18)3-4-13-14(18)6-8-19(2)15(13)10-16(20)17(19)22/h11-16,21H,3-10H2,1-2H3/t11-,12+,13+,14-,15-,16-,18-,19-/m0/s1",13534,C[C@]12CC[C@@H](O)C[C@@H]1CC[C@@H]3[C@@H]2CC[C@@]4(C)[C@H]3C[C@H](Br)C4=O,NA
Input,MLS001060800,0.22649661,InputSig,NA,NA,LINCSCP_5062,A549,10uM,6h,lung,NA,NA,KCPLVYSMWBXVEW-UHFFFAOYSA-N,"InChI=1S/C13H20FNO3/c1-8(2)15-7-11(16)9-5-10(14)13(18-4)12(6-9)17-3/h5-6,8,11,15-16H,7H2,1-4H3",8818,COc1cc(cc(F)c1OC)C(O)CNC(C)C,NA
Input,Oxybenzone,0.22626218,InputSig,NA,NA,LINCSCP_94543,HA1E,0.04uM,24h,kidney epithelial,Lipase inhibitor,NA,DXGLGDHPHMLXJC-UHFFFAOYSA-N,"InChI=1S/C14H12O3/c1-17-11-7-8-12(13(15)9-11)14(16)10-5-3-2-4-6-10/h2-9,15H,1H3",22917,COc1ccc(C(=O)c2ccccc2)c(O)c1,4
Input,FGIN1-27,0.22613511,InputSig,NA,NA,LINCSCP_54893,THP1,10uM,6h,haematopoietic and lymphoid tissue,Inositol monophosphatase inhibitor,TSPO,VUWXAQFLTSBUDB-UHFFFAOYSA-N,"InChI=1S/C28H37FN2O/c1-3-5-7-11-19-31(20-12-8-6-4-2)27(32)21-25-24-13-9-10-14-26(24)30-28(25)22-15-17-23(29)18-16-22/h9-10,13-18,30H,3-8,11-12,19-21H2,1-2H3",35512,CCCCCCN(CCCCCC)C(=O)Cc1c([nH]c2ccccc12)c3ccc(F)cc3,NA
Input,MLS003650114,0.22606982,InputSig,NA,NA,LINCSCP_312152,VCAP,10uM,6h,prostate,NA,NA,VYCGBAYEGCCJIH-SGKWCMOWSA-N,"InChI=1S/C25H29ClF2N2O4/c26-18-3-1-16(2-4-18)11-29-25(32)10-21-6-8-23-24(34-21)15-33-14-20(31)13-30(23)12-17-9-19(27)5-7-22(17)28/h1-5,7,9,20-21,23-24,31H,6,8,10-15H2,(H,29,32)/t20-,21+,23-,24+/m0/s1",37453,O[C@@H]1COC[C@H]2O[C@@H](CC(=O)NCc3ccc(Cl)cc3)CC[C@@H]2N(Cc4cc(F)ccc4F)C1,NA
Input,Macitentan,0.22601291,InputSig,NA,NA,LINCSCP_78124,A375,10uM,24h,skin,"Endothelin receptor, ET-A/ET-B antagonist",EDNRA|EDNRB,JGCMEBMXRHSZKX-UHFFFAOYSA-N,"InChI=1S/C19H20Br2N6O4S/c1-2-7-26-32(28,29)27-17-16(13-3-5-14(20)6-4-13)18(25-12-24-17)30-8-9-31-19-22-10-15(21)11-23-19/h3-6,10-12,26H,2,7-9H2,1H3,(H,24,25,27)",26620,CCCNS(=O)(=O)Nc1ncnc(OCCOc2ncc(Br)cn2)c1c3ccc(Br)cc3,4
Input,Cholic acid,0.22599482,InputSig,NA,NA,LINCSCP_6617,A549,10uM,6h,lung,Bile acid,CES1|FECH|PLA2G1B,BHQCQFFYRZLCQQ-OELDTZBJSA-N,"InChI=1S/C24H40O5/c1-13(4-7-21(28)29)16-5-6-17-22-18(12-20(27)24(16,17)3)23(2)9-8-15(25)10-14(23)11-19(22)26/h13-20,22,25-27H,4-12H2,1-3H3,(H,28,29)/t13-,14+,15-,16-,17+,18+,19-,20+,22+,23+,24-/m1/s1",36459,C[C@H](CCC(=O)O)[C@H]1CC[C@H]2[C@@H]3[C@H](O)C[C@@H]4C[C@H](O)CC[C@]4(C)[C@H]3C[C@H](O)[C@]12C,4
Input,Altretamine,0.2258058,InputSig,NA,NA,LINCSCP_227987,HT29,10uM,6h,large intestine,DNA synthesis inhibitor,NA,UUVWYPNAQBNQJQ-UHFFFAOYSA-N,InChI=1S/C9H18N6/c1-13(2)7-10-8(14(3)4)12-9(11-7)15(5)6/h1-6H3,11481,CN(C)c1nc(nc(n1)N(C)C)N(C)C,4
Input,BRD-K24656059,0.2256938,InputSig,NA,NA,LINCSCP_41043,NEU,10uM,24h,NA,NA,NA,JZSLTRUJUOZFGD-GVAUOCQISA-N,"InChI=1S/C27H29N3O4/c31-18-25-24(30-26(32)15-19-5-4-14-28-17-19)13-12-23(34-25)16-27(33)29-22-10-8-21(9-11-22)20-6-2-1-3-7-20/h1-11,14,17,23-25,31H,12-13,15-16,18H2,(H,29,33)(H,30,32)/t23-,24+,25-/m0/s1",24111,OC[C@@H]1O[C@H](CC(=O)Nc2ccc(cc2)c3ccccc3)CC[C@H]1NC(=O)Cc4cccnc4,NA
Input,GSK-923295,0.22566066,InputSig,NA,NA,LINCSCP_120641,HT29,10uM,24h,large intestine,NA,NA,WHMXDBPHBVLYRC-OFVILXPXSA-N,"InChI=1S/C32H38ClN5O4/c1-20(2)42-29-13-12-24(16-27(29)33)32(41)35-25(17-34-30(40)19-37(4)5)15-22-8-10-23(11-9-22)28-18-38-14-6-7-26(21(3)39)31(38)36-28/h6-14,16,18,20-21,25,39H,15,17,19H2,1-5H3,(H,34,40)(H,35,41)/t21-,25-/m0/s1",26892,CC(C)Oc1ccc(cc1Cl)C(=O)N[C@H](CNC(=O)CN(C)C)Cc2ccc(cc2)c3cn4cccc([C@H](C)O)c4n3,NA
Input,CHEMBL1269202,0.22562977,InputSig,NA,NA,LINCSCP_45888,PC3,10uM,24h,prostate,BCL inhibitor,BCL2,UJVSRUOVYSHYAG-UHFFFAOYSA-N,"InChI=1S/C12H9Cl3N2O2/c1-16(2)10-9(15)11(18)17(12(10)19)6-3-4-7(13)8(14)5-6/h3-5H,1-2H3",33543,CN(C)C1=C(Cl)C(=O)N(C1=O)c2ccc(Cl)c(Cl)c2,NA
Input,tioconazole,0.225535,InputSig,NA,NA,LINCSCP_108543,HELA,0.12uM,24h,large intestine,NA,NA,NA,NA,NA,NA,NA
Input,MLS002264463,0.22536221,InputSig,NA,NA,LINCSCP_57580,VCAP,10uM,24h,prostate,NA,NA,DBCSPALPUCNROA-UHFFFAOYSA-N,"InChI=1S/C12H8N6S3/c1-18-12(15-16-17-18)21-11-9-8(7-2-3-19-4-7)5-20-10(9)13-6-14-11/h2-6H,1H3",25107,Cn1nnnc1Sc2ncnc3scc(c4ccsc4)c23,NA
Input,AS-605240,0.22535862,InputSig,NA,NA,LINCSCP_133214,MCF7,0.37uM,3h,breast,PI3K inhibitor,PIK3CG,SQWZFLMPDUSYGV-UXBLZVDNSA-N,"InChI=1S/C12H7N3O2S/c16-11-10(18-12(17)15-11)6-7-1-2-8-9(5-7)14-4-3-13-8/h1-6H,(H,15,16,17)/b10-6+",22116,O=C1NC(=O)\C(=C/c2ccc3nccnc3c2)\S1,NA
Input,Sulindac,0.22533827,InputSig,NA,NA,LINCSCP_13280,FIBRNPC,10uM,6h,NA,Cyclooxygenase inhibitor,AKR1B1|PTGS1|PTGS2,MLKXDPUZXIRXEP-MFOYZWKCSA-N,"InChI=1S/C20H17FO3S/c1-12-17(9-13-3-6-15(7-4-13)25(2)24)16-8-5-14(21)10-19(16)18(12)11-20(22)23/h3-10H,11H2,1-2H3,(H,22,23)/b17-9-",9465,CC1=C(CC(=O)O)c2cc(F)ccc2/C/1=C\c3ccc(cc3)S(=O)C,4
Input,Diacerein,0.22521673,InputSig,NA,NA,LINCSCP_109152,HELA,0.37uM,24h,large intestine,Interleukin inhibitor,IL1B,TYNLGDBUJLVSMA-UHFFFAOYSA-N,"InChI=1S/C19H12O8/c1-8(20)26-13-5-3-4-11-15(13)18(23)16-12(17(11)22)6-10(19(24)25)7-14(16)27-9(2)21/h3-7H,1-2H3,(H,24,25)",36529,CC(=O)Oc1cccc2C(=O)c3cc(cc(OC(=O)C)c3C(=O)c12)C(=O)O,4
Input,Sasapyrine,0.22503813,InputSig,NA,NA,LINCSCP_78109,A375,0.37uM,24h,skin,NA,NA,WVYADZUPLLSGPU-UHFFFAOYSA-N,"InChI=1S/C14H10O5/c15-11-7-3-1-5-9(11)14(18)19-12-8-4-2-6-10(12)13(16)17/h1-8,15H,(H,16,17)",26717,OC(=O)c1ccccc1OC(=O)c2ccccc2O,4
Input,OSI-027,0.22503082,InputSig,NA,NA,LINCSCP_51498,SKBR3,0.5uM,24h,breast,MTOR inhibitor,MTOR,JROFGZPOBKIAEW-TXEJJXNPSA-N,"InChI=1S/C21H22N6O3/c1-30-15-4-2-3-13-9-14(25-16(13)15)17-18-19(22)23-10-24-27(18)20(26-17)11-5-7-12(8-6-11)21(28)29/h2-4,9-12,25H,5-8H2,1H3,(H,28,29)(H2,22,23,24)/t11-,12+",266,COc1cccc2cc([nH]c12)c3nc([C@@H]4CC[C@@H](CC4)C(=O)O)n5ncnc(N)c35,NA
Input,OSI-027,0.22503082,InputSig,NA,NA,LINCSCP_51498,SKBR3,0.5uM,24h,breast,MTOR inhibitor,MTOR,JROFGZPOBKIAEW-HAQNSBGRSA-N,"InChI=1S/C21H22N6O3/c1-30-15-4-2-3-13-9-14(25-16(13)15)17-18-19(22)23-10-24-27(18)20(26-17)11-5-7-12(8-6-11)21(28)29/h2-4,9-12,25H,5-8H2,1H3,(H,28,29)(H2,22,23,24)/t11-,12-",19898,COc1cccc2cc([nH]c12)c3nc([C@@H]4CC[C@H](CC4)C(=O)O)n5ncnc(N)c35,2
Input,Vicriviroc,0.22501798,InputSig,NA,NA,LINCSCP_159737,PC3,0.37uM,24h,prostate,C-C chemokine receptor type 5 antagonist,CCR5,CNPVJJQCETWNEU-CYFREDJKSA-N,"InChI=1S/C28H38F3N5O2/c1-19-16-35(14-15-36(19)24(17-38-5)22-6-8-23(9-7-22)28(29,30)31)27(4)10-12-34(13-11-27)26(37)25-20(2)32-18-33-21(25)3/h6-9,18-19,24H,10-17H2,1-5H3/t19-,24-/m0/s1",15076,COC[C@H](N1CCN(C[C@@H]1C)C2(C)CCN(CC2)C(=O)c3c(C)ncnc3C)c4ccc(cc4)C(F)(F)F,3
Input,AZD-6482,0.22495747,InputSig,NA,NA,LINCSCP_16672,HA1E,10uM,6h,kidney epithelial,PI3K inhibitor,PIK3CA|PIK3CB|PIK3CD|PIK3CG|PIK3R1|PIK3R2|PIK3R3|PIK3R5,IRTDIKMSKMREGO-OAHLLOKOSA-N,"InChI=1S/C22H24N4O4/c1-14-11-17(15(2)23-18-6-4-3-5-16(18)22(28)29)21-24-19(12-20(27)26(21)13-14)25-7-9-30-10-8-25/h3-6,11-13,15,23H,7-10H2,1-2H3,(H,28,29)/t15-/m1/s1",37782,C[C@@H](Nc1ccccc1C(=O)O)C2=CC(=CN3C(=O)C=C(N=C23)N4CCOCC4)C,1
Input,BRD-K19914944,0.22474528,InputSig,NA,NA,LINCSCP_23365,HEPG2,10uM,24h,liver,NA,NA,DBVJKEGLTFFIFT-PCCBWWKXSA-N,"InChI=1S/C22H25N3OS/c1-2-18-13-24-22(27-18)25-19(12-23)21(20(25)14-26)17-10-8-16(9-11-17)15-6-4-3-5-7-15/h6,8-11,13,19-21,26H,2-5,7,14H2,1H3/t19-,20-,21+/m0/s1",23501,CCc1cnc(s1)N2[C@@H](CO)[C@@H]([C@@H]2C#N)c3ccc(cc3)C4=CCCCC4,NA
Input,BRD-K52225919,0.22457141,InputSig,NA,NA,LINCSCP_43019,NPC,10uM,24h,neural progenitor cells,NA,NA,DIIJYNJFSHJSFY-OQUNMALSSA-N,"InChI=1S/C29H35N3O5/c1-31-19-26-25(35-3)13-12-23(37-26)14-15-36-28-21(17-30)10-7-11-24(28)29(34)32(2)18-22(16-27(31)33)20-8-5-4-6-9-20/h4-11,22-23,25-26H,12-16,18-19H2,1-3H3/t22-,23-,25-,26-/m1/s1",39284,CO[C@@H]1CC[C@@H]2CCOc3c(cccc3C(=O)N(C)C[C@@H](CC(=O)N(C)C[C@H]1O2)c4ccccc4)C#N,NA
Input,Triclosan,0.2244852,InputSig,NA,NA,LINCSCP_94328,HA1E,0.12uM,24h,kidney epithelial,Enoyl-[acyl-carrier-protein] reductase [NADH] inhibitor,DNMT1,XEFQLINVKFYRCS-UHFFFAOYSA-N,"InChI=1S/C12H7Cl3O2/c13-7-1-3-11(9(15)5-7)17-12-4-2-8(14)6-10(12)16/h1-6,16H",22915,Oc1cc(Cl)ccc1Oc2ccc(Cl)cc2Cl,4
Input,MLS003128866,0.22442776,InputSig,NA,NA,LINCSCP_34856,MCF7,5uM,24h,breast,NA,NA,OPCOPDBCCFUTHV-YDXRHMNESA-N,"InChI=1S/C31H47N3O4/c1-23-19-34(24(2)22-35)31(36)28-18-27(32(4)5)15-16-29(28)38-25(3)12-10-11-17-37-30(23)21-33(6)20-26-13-8-7-9-14-26/h7-9,13-16,18,23-25,30,35H,10-12,17,19-22H2,1-6H3/t23-,24+,25-,30+/m0/s1",37663,C[C@H](CO)N1C[C@H](C)[C@@H](CN(C)Cc2ccccc2)OCCCC[C@H](C)Oc3ccc(cc3C1=O)N(C)C,NA
Input,WZ 4002,0.22441728,InputSig,NA,NA,LINCSCP_86769,CD34,3.33uM,24h,bone marrow,EGFR inhibitor,EGFR|ERBB2,ITTRLTNMFYIYPA-UHFFFAOYSA-N,"InChI=1S/C25H27ClN6O3/c1-4-23(33)28-17-6-5-7-19(14-17)35-24-20(26)16-27-25(30-24)29-21-9-8-18(15-22(21)34-3)32-12-10-31(2)11-13-32/h4-9,14-16H,1,10-13H2,2-3H3,(H,28,33)(H,27,29,30)",35277,COc1cc(ccc1Nc2ncc(Cl)c(Oc3cccc(NC(=O)C=C)c3)n2)N4CCN(C)CC4,NA
Input,PENICILLIN V POTASSIUM,0.22436877,InputSig,NA,NA,LINCSCP_93959,HA1E,0.04uM,24h,kidney epithelial,Bacterial penicillin-binding protein inhibitor,NA,BPLBGHOLXOTWMN-MBNYWOFBSA-N,"InChI=1S/C16H18N2O5S/c1-16(2)12(15(21)22)18-13(20)11(14(18)24-16)17-10(19)8-23-9-6-4-3-5-7-9/h3-7,11-12,14H,8H2,1-2H3,(H,17,19)(H,21,22)/t11-,12+,14-/m1/s1",26857,CC1(C)S[C@@H]2[C@H](NC(=O)COc3ccccc3)C(=O)N2[C@H]1C(=O)O,4
Input,BRD-K63828515,0.22429959,InputSig,NA,NA,LINCSCP_35229,MCF7,10uM,24h,breast,NA,NA,TYGOPRMPKRHVEQ-UITIVDIESA-N,"InChI=1S/C32H47N5O6/c1-21(2)34-32(41)35-26-10-11-28-27(17-26)31(40)37(23(4)20-38)18-22(3)29(42-16-8-7-9-24(5)43-28)19-36(6)30(39)25-12-14-33-15-13-25/h10-15,17,21-24,29,38H,7-9,16,18-20H2,1-6H3,(H2,34,35,41)/t22-,23-,24-,29-/m0/s1",5073,CC(C)NC(=O)Nc1ccc2O[C@@H](C)CCCCO[C@@H](CN(C)C(=O)c3ccncc3)[C@@H](C)CN([C@@H](C)CO)C(=O)c2c1,NA
Input,PDK1 Inhibitor,0.22422579,InputSig,NA,NA,LINCSCP_36602,MCF7,0.1uM,6h,breast,Phosphoinositide dependent kinase inhibitor,PDPK1,GCWCGSPBENFEPE-VWLOTQADSA-N,"InChI=1S/C28H22F2N4O4/c29-21-10-8-17(13-22(21)30)15-34-12-4-7-20(27(34)36)26(35)31-25(18-5-2-1-3-6-18)16-38-19-9-11-23-24(14-19)33-28(37)32-23/h1-14,25H,15-16H2,(H,31,35)(H2,32,33,37)/t25-/m0/s1",35276,Fc1ccc(CN2C=CC=C(C(=O)N[C@@H](COc3ccc4NC(=O)Nc4c3)c5ccccc5)C2=O)cc1F,NA
Input,Febuxostat,0.22416761,InputSig,NA,NA,LINCSCP_107783,HELA,0.04uM,24h,large intestine,Xanthine oxidase inhibitor,XDH,BQSJTQLCZDPROO-UHFFFAOYSA-N,"InChI=1S/C16H16N2O3S/c1-9(2)8-21-13-5-4-11(6-12(13)7-17)15-18-10(3)14(22-15)16(19)20/h4-6,9H,8H2,1-3H3,(H,19,20)",38458,CC(C)COc1ccc(cc1C#N)c2nc(C)c(s2)C(=O)O,4
Input,SB525334,0.22399687,InputSig,NA,NA,LINCSCP_12136,BT20,1uM,24h,breast,TGF beta receptor inhibitor,TGFBR1,DKPQHFZUICCZHF-UHFFFAOYSA-N,"InChI=1S/C21H21N5/c1-13-6-5-7-16(24-13)19-18(25-20(26-19)21(2,3)4)14-8-9-15-17(12-14)23-11-10-22-15/h5-12H,1-4H3,(H,25,26)",35285,Cc1cccc(n1)c2[nH]c(nc2c3ccc4nccnc4c3)C(C)(C)C,NA
Input,Tosedostat,0.22391855,InputSig,NA,NA,LINCSCP_143210,MCF7,0.37uM,24h,breast,Peptidase inhibitor,ANPEP|C9orf3|DNPEP|ENPEP|ERAP1|ERAP2|LAP3|LNPEP|LVRN|METAP1|METAP1D|METAP2|NPEPL1|NPEPPS|RNPEP|RNPEPL1|XPNPEP1|XPNPEP2|XPNPEP3,FWFGIHPGRQZWIW-SQNIBIBYSA-N,"InChI=1S/C21H30N2O6/c1-13(2)12-16(18(24)20(26)23-28)19(25)22-17(14-8-4-3-5-9-14)21(27)29-15-10-6-7-11-15/h3-5,8-9,13,15-18,24,28H,6-7,10-12H2,1-2H3,(H,22,25)(H,23,26)/t16-,17+,18+/m1/s1",16537,CC(C)C[C@H]([C@H](O)C(=O)NO)C(=O)N[C@H](C(=O)OC1CCCC1)c2ccccc2,2
Input,MLS003129427,0.22386858,InputSig,NA,NA,LINCSCP_65545,VCAP,10uM,6h,prostate,NA,NA,FYUBIBUWDYYNKH-XYJFISCASA-N,"InChI=1S/C20H35N5O5/c1-14(2)30-20(28)23(5)11-18-15(3)9-25(16(4)12-26)19(27)7-6-8-24-10-17(13-29-18)21-22-24/h10,14-16,18,26H,6-9,11-13H2,1-5H3/t15-,16-,18+/m0/s1",9365,CC(C)OC(=O)N(C)C[C@H]1OCc2cn(CCCC(=O)N(C[C@@H]1C)[C@@H](C)CO)nn2,NA
Input,MBX-2982,0.2236056,InputSig,NA,NA,LINCSCP_169430,YAPC,1.11uM,24h,pancreas,NA,NA,NFTMKHWBOINJGM-UHFFFAOYSA-N,"InChI=1S/C22H24N8OS/c1-2-16-11-23-22(24-12-16)29-9-7-17(8-10-29)21-26-18(14-32-21)13-31-20-5-3-19(4-6-20)30-15-25-27-28-30/h3-6,11-12,14-15,17H,2,7-10,13H2,1H3",26594,CCc1cnc(nc1)N2CCC(CC2)c3nc(COc4ccc(cc4)n5cnnn5)cs3,NA
Input,Pidotimod,0.22350978,InputSig,NA,NA,LINCSCP_120153,HT29,0.37uM,24h,large intestine,Interferon receptor agonist|Interleukin receptor agonist,NA,UUTKICFRNVKFRG-WDSKDSINSA-N,"InChI=1S/C9H12N2O4S/c12-7-2-1-5(10-7)8(13)11-4-16-3-6(11)9(14)15/h5-6H,1-4H2,(H,10,12)(H,14,15)/t5-,6-/m0/s1",38767,OC(=O)[C@@H]1CSCN1C(=O)[C@@H]2CCC(=O)N2,NA
Input,Erastin,0.22348341,InputSig,NA,NA,LINCSCP_4430,A549,5uM,24h,lung,Ion channel antagonist,VDAC2,BKQFRNYHFIQEKN-UHFFFAOYSA-N,"InChI=1S/C30H31ClN4O4/c1-3-38-27-11-7-6-10-26(27)35-29(32-25-9-5-4-8-24(25)30(35)37)21(2)33-16-18-34(19-17-33)28(36)20-39-23-14-12-22(31)13-15-23/h4-15,21H,3,16-20H2,1-2H3",36319,CCOc1ccccc1N2C(=O)c3ccccc3N=C2C(C)N4CCN(CC4)C(=O)COc5ccc(Cl)cc5,NA
Input,BRD-K47571551,0.22341504,InputSig,NA,NA,LINCSCP_60685,VCAP,5uM,6h,prostate,NA,NA,APDMZOWNVCUUKT-DBXWQHBBSA-N,"InChI=1S/C23H40N6O4/c1-17-12-29(18(2)15-30)22(31)10-7-11-28-13-20(25-26-28)16-33-21(17)14-27(3)23(32)24-19-8-5-4-6-9-19/h13,17-19,21,30H,4-12,14-16H2,1-3H3,(H,24,32)/t17-,18-,21-/m1/s1",1924,C[C@H](CO)N1C[C@@H](C)[C@@H](CN(C)C(=O)NC2CCCCC2)OCc3cn(CCCC1=O)nn3,NA
Input,SPECTRUM_000211,0.22299948,InputSig,NA,NA,LINCSCP_266207,PC3,10uM,24h,prostate,Adrenergic receptor antagonist,ADRA2A|ADRA2B|ADRA2C|HTR1A|HTR1B|HTR1D|HTR2B,BLGXFZZNTVWLAY-AMZRAFDVSA-N,"InChI=1S/C21H26N2O3/c1-26-21(25)19-15-10-17-20-14(13-4-2-3-5-16(13)22-20)8-9-23(17)11-12(15)6-7-18(19)24/h2-5,12,15,17-19,22,24H,6-11H2,1H3/t12-,15-,17-,18-,19?/m0/s1",22480,COC(=O)C1[C@@H](O)CC[C@H]2CN3CCc4c([nH]c5ccccc45)[C@@H]3C[C@H]12,NA
Input,Proglumide,0.22294348,InputSig,NA,NA,LINCSCP_140997,MCF7,0.12uM,24h,breast,CCK receptor antagonist,CCKAR|CCKBR,DGMKFQYCZXERLX-UHFFFAOYSA-N,"InChI=1S/C18H26N2O4/c1-3-12-20(13-4-2)18(24)15(10-11-16(21)22)19-17(23)14-8-6-5-7-9-14/h5-9,15H,3-4,10-13H2,1-2H3,(H,19,23)(H,21,22)",9491,CCCN(CCC)C(=O)C(CCC(=O)O)NC(=O)c1ccccc1,4
Input,KUC103424N,0.22293326,InputSig,NA,NA,LINCSCP_238280,MCF7,10uM,24h,breast,NA,NA,SEFPMDWDYXOHAS-UHFFFAOYSA-N,"InChI=1S/C22H21N3O2S/c1-16-6-5-9-18(14-16)22-15-21(17-7-3-2-4-8-17)24-25(22)19-10-12-20(13-11-19)28(23,26)27/h2-14,22H,15H2,1H3,(H2,23,26,27)",35440,Cc1cccc(c1)C2CC(=NN2c3ccc(cc3)S(=O)(=O)N)c4ccccc4,NA
Input,BRD-K33832590,0.22281785,InputSig,NA,NA,LINCSCP_298946,VCAP,5uM,6h,prostate,NA,NA,BWTMYHAPSQQINJ-GLDPYIMESA-N,"InChI=1S/C26H36N6O4/c1-18-13-32(19(2)16-33)25(34)6-5-10-31-14-22(27-28-31)17-36-24(18)15-30(4)26(35)21-8-7-20-9-11-29(3)23(20)12-21/h7-9,11-12,14,18-19,24,33H,5-6,10,13,15-17H2,1-4H3/t18-,19+,24-/m0/s1",623,C[C@H](CO)N1C[C@H](C)[C@H](CN(C)C(=O)c2ccc3ccn(C)c3c2)OCc4cn(CCCC1=O)nn4,NA
Input,MLS002473639,0.22281541,InputSig,NA,NA,LINCSCP_31157,MCF7,10uM,24h,breast,NA,NA,HRONYAMGJANALM-UHFFFAOYSA-N,"InChI=1S/C19H21N3OS/c1-23-16-4-2-14(3-5-16)12-15-6-9-22(10-7-15)18-17-8-11-24-19(17)21-13-20-18/h2-5,8,11,13,15H,6-7,9-10,12H2,1H3",826,COc1ccc(CC2CCN(CC2)c3ncnc4sccc34)cc1,NA
Input,BG-STK33-59,0.22272778,InputSig,NA,NA,LINCSCP_261305,NOMO1,0.01uM,6h,haematopoietic and lymphoid tissue,Serine/threonine kinase inhibitor,NA,HWOYIOLMBQSTQS-UHFFFAOYSA-N,"InChI=1S/C22H19N3O2S/c1-13(2)14-9-10-16(24-21(26)19-8-5-11-28-19)15(12-14)20-22(27)25-18-7-4-3-6-17(18)23-20/h3-13H,1-2H3,(H,24,26)(H,25,27)",10343,CC(C)c1ccc(NC(=O)c2cccs2)c(c1)C3=Nc4ccccc4NC3=O,NA
Input,MLS002264468,0.22259851,InputSig,NA,NA,LINCSCP_57563,VCAP,10uM,24h,prostate,NA,NA,IIEFAIOSYLQBJX-UHFFFAOYSA-N,"InChI=1S/C15H12N6O2S3/c1-21-15(18-19-20-21)25-14-12-11(7-24-13(12)16-8-17-14)9-4-3-5-10(6-9)26(2,22)23/h3-8H,1-2H3",23873,Cn1nnnc1Sc2ncnc3scc(c4cccc(c4)S(=O)(=O)C)c23,NA
Input,282089-49-0,0.22253341,InputSig,NA,NA,LINCSCP_172523,YAPC,0.12uM,24h,pancreas,Cannabinoid receptor inverse agonist,CNR2,GRAJFFFXJYFVOC-UHFFFAOYSA-N,"InChI=1S/C24H26N2O6/c1-3-4-5-10-30-22-19(29-2)9-7-16-12-17(24(28)26-21(16)22)23(27)25-13-15-6-8-18-20(11-15)32-14-31-18/h6-9,11-12H,3-5,10,13-14H2,1-2H3,(H,25,27)(H,26,28)",38524,CCCCCOc1c(OC)ccc2C=C(C(=O)NCc3ccc4OCOc4c3)C(=O)Nc12,NA
Input,Rolipram,0.22232595,InputSig,NA,NA,LINCSCP_54413,SW948,10uM,6h,large intestine,Phosphodiesterase inhibitor,PDE4A|PDE4B|PDE4C|PDE4D,HJORMJIFDVBMOB-UHFFFAOYSA-N,"InChI=1S/C16H21NO3/c1-19-14-7-6-11(12-9-16(18)17-10-12)8-15(14)20-13-4-2-3-5-13/h6-8,12-13H,2-5,9-10H2,1H3,(H,17,18)",15221,COc1ccc(cc1OC2CCCC2)C3CNC(=O)C3,2
Input,BRD-K16481946,0.22231887,InputSig,NA,NA,LINCSCP_231678,HT29,5uM,24h,large intestine,NA,NA,DPDWIGHHXKQASU-NRFANRHFSA-N,"InChI=1S/C26H31N5O4/c1-3-8-28-25(34)31-16-26(14-30(15-26)22(33)10-17-5-4-9-27-12-17)23-19-7-6-18(35-2)11-20(19)29-24(23)21(31)13-32/h4-7,9,11-12,21,29,32H,3,8,10,13-16H2,1-2H3,(H,28,34)/t21-/m0/s1",12002,CCCNC(=O)N1CC2(CN(C2)C(=O)Cc3cccnc3)c4c([nH]c5cc(OC)ccc45)[C@@H]1CO,NA
Input,MLS003587251,0.22206641,InputSig,NA,NA,LINCSCP_27221,HT29,10uM,6h,large intestine,NA,NA,OHHJNGLKVUGETM-VMPITWQZSA-N,"InChI=1S/C15H18N2OS/c1-11(2)13-6-3-12(4-7-13)5-8-14(18)17-15-16-9-10-19-15/h3-8,11H,9-10H2,1-2H3,(H,16,17,18)/b8-5+",17701,CC(C)c1ccc(\C=C\C(=O)NC2=NCCS2)cc1,NA
Input,BML-259,0.22193179,InputSig,NA,NA,LINCSCP_51201,RMUGS,80uM,6h,ovary,CDK inhibitor,CDK2|CDK5,IGRZXNLKVUEFDM-UHFFFAOYSA-N,"InChI=1S/C14H16N2OS/c1-10(2)12-9-15-14(18-12)16-13(17)8-11-6-4-3-5-7-11/h3-7,9-10H,8H2,1-2H3,(H,15,16,17)",24747,CC(C)c1cnc(NC(=O)Cc2ccccc2)s1,NA
Input,Fluphenazine,0.2218883,InputSig,NA,NA,LINCSCP_140134,MCF7,0.04uM,24h,breast,Dopamine D2 receptor antagonist,DRD1|DRD2,PLDUPXSUYLZYBN-UHFFFAOYSA-N,"InChI=1S/C22H26F3N3OS/c23-22(24,25)17-6-7-21-19(16-17)28(18-4-1-2-5-20(18)30-21)9-3-8-26-10-12-27(13-11-26)14-15-29/h1-2,4-7,16,29H,3,8-15H2",35854,OCCN1CCN(CCCN2c3ccccc3Sc4ccc(cc24)C(F)(F)F)CC1,4
Input,CHEMBL1242477,0.22188013,InputSig,NA,NA,LINCSCP_12781,DV90,20uM,6h,lung,PI3K inhibitor,PIK3CA|PIK3CB|PIK3CD|PIK3CG,ULPBTMCLMXCXEB-UHFFFAOYSA-N,"InChI=1S/C15H15N7/c1-8(2)22-15-12(14(16)17-7-18-15)13(21-22)9-3-4-10-6-19-20-11(10)5-9/h3-8H,1-2H3,(H,19,20)(H2,16,17,18)",1711,CC(C)n1nc(c2ccc3cn[nH]c3c2)c4c(N)ncnc14,NA
Input,SCHEMBL17857056,0.22176325,InputSig,NA,NA,LINCSCP_11948,BT20,0.5uM,6h,breast,EGFR inhibitor,NA,SFLKJNSBBVSPFE-UHFFFAOYSA-N,"InChI=1S/C34H36Cl2N8O4/c1-5-30(45)40-24-8-6-22(7-9-24)20-44(34(46)41-33-31(35)26(47-3)18-27(48-4)32(33)36)29-19-28(37-21-38-29)39-23-10-12-25(13-11-23)43-16-14-42(2)15-17-43/h5-13,18-19,21H,1,14-17,20H2,2-4H3,(H,40,45)(H,41,46)(H,37,38,39)",7077,COc1cc(OC)c(Cl)c(NC(=O)N(Cc2ccc(NC(=O)C=C)cc2)c3cc(Nc4ccc(cc4)N5CCN(C)CC5)ncn3)c1Cl,NA
Input,DR 2313,0.2216876,InputSig,NA,NA,LINCSCP_36310,MCF7,0.01uM,24h,breast,PARP inhibitor,NA,HRYKZAKEAVZGJD-UHFFFAOYSA-N,"InChI=1S/C8H10N2OS/c1-5-9-7-2-3-12-4-6(7)8(11)10-5/h2-4H2,1H3,(H,9,10,11)",38549,CC1=NC(=O)C2=C(CCSC2)N1,NA
Input,Rosiglitazone,0.2216613,InputSig,NA,NA,LINCSCP_238817,MCF7,10uM,24h,breast,Peroxisome proliferator-activated receptor gamma agonist,PPARG,YASAKCUCGLMORW-UHFFFAOYSA-N,"InChI=1S/C18H19N3O3S/c1-21(16-4-2-3-9-19-16)10-11-24-14-7-5-13(6-8-14)12-15-17(22)20-18(23)25-15/h2-9,15H,10-12H2,1H3,(H,20,22,23)",15349,CN(CCOc1ccc(CC2SC(=O)NC2=O)cc1)c3ccccn3,4
Input,PD-0325901,0.22154318,InputSig,NA,NA,LINCSCP_146639,NEU,1.11uM,24h,NA,MAP kinase inhibitor|MEK inhibitor|Protein kinase inhibitor,MAP2K1|MAP2K2,SUDAHWBOROXANE-SECBINFHSA-N,"InChI=1S/C16H14F3IN2O4/c17-11-3-2-10(16(25)22-26-7-9(24)6-23)15(14(11)19)21-13-4-1-8(20)5-12(13)18/h1-5,9,21,23-24H,6-7H2,(H,22,25)/t9-/m1/s1",35278,OC[C@@H](O)CONC(=O)c1ccc(F)c(F)c1Nc2ccc(I)cc2F,2
Input,SCHEMBL3655059,0.2213633,InputSig,NA,NA,LINCSCP_6310,A549,10uM,24h,lung,DNA synthesis inhibitor,RRM1,HBUBKKRHXORPQB-VKJDSPIKSA-N,"InChI=1S/C10H12FN5O4/c11-10-14-7(12)4-8(15-10)16(2-13-4)9-6(19)5(18)3(1-17)20-9/h2-3,5-6,9,17-19H,1H2,(H2,12,14,15)/t3-,5?,6?,9-/m1/s1",23204,Nc1nc(F)nc2c1ncn2[C@@H]3O[C@H](CO)C(O)C3O,NA
Input,Fingolimod (FTY720) HCl,0.22130897,InputSig,NA,NA,LINCSCP_155519,PC3,0.37uM,24h,prostate,Sphingosine 1-phosphate receptor agonist,S1PR1|S1PR2|S1PR3|S1PR4|S1PR5,KKGQTZUTZRNORY-UHFFFAOYSA-N,"InChI=1S/C19H33NO2/c1-2-3-4-5-6-7-8-17-9-11-18(12-10-17)13-14-19(20,15-21)16-22/h9-12,21-22H,2-8,13-16,20H2,1H3",26616,CCCCCCCCc1ccc(CCC(N)(CO)CO)cc1,4
Input,SA-102787,0.2211441,InputSig,NA,NA,LINCSCP_253527,MCF7,0.5uM,24h,breast,NA,NA,CQAPGXQILCXECR-QUULSXEQSA-N,"InChI=1S/C34H59N5O6/c1-25-22-39(26(2)24-40)34(43)29-21-28(35-32(41)14-11-18-36(4)5)16-17-30(29)45-27(3)13-9-10-20-44-31(25)23-38(8)33(42)15-12-19-37(6)7/h16-17,21,25-27,31,40H,9-15,18-20,22-24H2,1-8H3,(H,35,41)/t25-,26+,27+,31-/m0/s1",13015,C[C@H](CO)N1C[C@H](C)[C@H](CN(C)C(=O)CCCN(C)C)OCCCC[C@@H](C)Oc2ccc(NC(=O)CCCN(C)C)cc2C1=O,NA
Input,"376348-65-1, Uk-427857, uk427857",0.22066016,InputSig,NA,NA,LINCSCP_138132,MCF7,10uM,24h,breast,CC chemokine receptor antagonist,CCR5,GSNHKUDZZFZSJB-ILVMPNSOSA-N,"InChI=1S/C29H41F2N5O/c1-19(2)27-34-33-20(3)36(27)25-17-23-9-10-24(18-25)35(23)16-13-26(21-7-5-4-6-8-21)32-28(37)22-11-14-29(30,31)15-12-22/h4-8,19,22-26H,9-18H2,1-3H3,(H,32,37)/t23?,24?,25?,26-/m0/s1",16509,CC(C)c1nnc(C)n1C2CC3CCC(C2)N3CC[C@H](NC(=O)C4CCC(F)(F)CC4)c5ccccc5,NA
Input,GSK 1059615,0.22059111,InputSig,NA,NA,LINCSCP_148972,NPC,0.04uM,24h,neural progenitor cells,PI3K inhibitor,PIK3CA|PIK3CB|PIK3CD|PIK3CG,QDITZBLZQQZVEE-UHFFFAOYSA-N,"InChI=1S/C18H11N3O2S/c22-17-16(24-18(23)21-17)10-11-1-2-15-14(9-11)13(5-8-20-15)12-3-6-19-7-4-12/h1-10H,(H,21,22,23)",33564,O=C1NC(=O)C(=Cc2ccc3nccc(c4ccncc4)c3c2)S1,NA
Input,GSK 1059615,0.22059111,InputSig,NA,NA,LINCSCP_148972,NPC,0.04uM,24h,neural progenitor cells,PI3K inhibitor,PIK3CA|PIK3CB|PIK3CD|PIK3CG,QDITZBLZQQZVEE-MHWRWJLKSA-N,"InChI=1S/C18H11N3O2S/c22-17-16(24-18(23)21-17)10-11-1-2-15-14(9-11)13(5-8-20-15)12-3-6-19-7-4-12/h1-10H,(H,21,22,23)/b16-10+",72,O=C1NC(=O)\C(=C/c2ccc3nccc(c4ccncc4)c3c2)\S1,NA
Input,Quinine,0.22055302,InputSig,NA,NA,LINCSCP_865,A375,10uM,24h,skin,Hemozoin biocrystallization inhibitor,KCNN4,LOUPRKONTZGTKE-UHFFFAOYSA-N,"InChI=1S/C20H24N2O2/c1-3-13-12-22-9-7-14(13)10-19(22)20(23)16-6-8-21-18-5-4-15(24-2)11-17(16)18/h3-6,8,11,13-14,19-20,23H,1,7,9-10,12H2,2H3",16249,COc1ccc2nccc(C(O)C3CC4CCN3CC4C=C)c2c1,NA
Input,Quinine,0.22055302,InputSig,NA,NA,LINCSCP_865,A375,10uM,24h,skin,Hemozoin biocrystallization inhibitor,KCNN4,NA,NA,42711,NA,NA
Input,Griseofulvin,0.22035037,InputSig,NA,NA,LINCSCP_121196,HT29,0.37uM,24h,large intestine,Tubulin inhibitor,NA,DDUHZTYCFQRHIY-CQLKUDPESA-N,"InChI=1S/C17H17ClO6/c1-8-5-9(19)6-12(23-4)17(8)16(20)13-10(21-2)7-11(22-3)14(18)15(13)24-17/h6-8H,5H2,1-4H3/t8-,17-/m1/s1",26913,COC1=CC(=O)C[C@@H](C)[C@@]12Oc3c(Cl)c(OC)cc(OC)c3C2=O,NA
Input,Griseofulvin,0.22035037,InputSig,NA,NA,LINCSCP_121196,HT29,0.37uM,24h,large intestine,Tubulin inhibitor,NA,DDUHZTYCFQRHIY-RBHXEPJQSA-N,"InChI=1S/C17H17ClO6/c1-8-5-9(19)6-12(23-4)17(8)16(20)13-10(21-2)7-11(22-3)14(18)15(13)24-17/h6-8H,5H2,1-4H3/t8-,17+/m1/s1",34719,COC1=CC(=O)C[C@@H](C)[C@]12Oc3c(Cl)c(OC)cc(OC)c3C2=O,4
Input,BRD-K28431278,0.21985057,InputSig,NA,NA,LINCSCP_48435,PC3,10uM,24h,prostate,NA,NA,HICHWNNNCJDVID-LQZKXZFMSA-N,"InChI=1S/C32H43ClF3N3O7S/c1-21-18-39(22(2)20-40)31(42)27-17-25(37-47(43,44)26-11-8-24(33)9-12-26)10-13-28(27)46-23(3)7-5-6-16-45-29(21)19-38(4)30(41)14-15-32(34,35)36/h8-13,17,21-23,29,37,40H,5-7,14-16,18-20H2,1-4H3/t21-,22+,23-,29+/m0/s1",32417,C[C@H](CO)N1C[C@H](C)[C@@H](CN(C)C(=O)CCC(F)(F)F)OCCCC[C@H](C)Oc2ccc(NS(=O)(=O)c3ccc(Cl)cc3)cc2C1=O,NA
Input,TH02453-036-P1,0.21982963,InputSig,NA,NA,LINCSCP_10430,A673,10uM,6h,bone,NA,NA,PUQVAXDZGUENDK-BEVDRBHNSA-N,"InChI=1S/C23H31N5O3/c1-14(2)20(27-21(29)15(3)24-4)23(31)28-13-7-11-19(28)22(30)26-18-10-5-9-17-16(18)8-6-12-25-17/h5-6,8-10,12,14-15,19-20,24H,7,11,13H2,1-4H3,(H,26,30)(H,27,29)/t15-,19+,20-/m0/s1",1726,CN[C@@H](C)C(=O)N[C@@H](C(C)C)C(=O)N1CCC[C@@H]1C(=O)Nc2cccc3ncccc23,NA
Input,KX2-391,0.2196738,InputSig,NA,NA,LINCSCP_120920,HT29,0.37uM,24h,large intestine,Tyrosine-protein kinase SRC inhibitor,SRC,HUNGUWOZPQBXGX-UHFFFAOYSA-N,"InChI=1S/C26H29N3O3/c30-26(28-19-21-4-2-1-3-5-21)18-24-9-6-23(20-27-24)22-7-10-25(11-8-22)32-17-14-29-12-15-31-16-13-29/h1-11,20H,12-19H2,(H,28,30)",27090,O=C(Cc1ccc(cn1)c2ccc(OCCN3CCOCC3)cc2)NCc4ccccc4,2
Input,TWS 119,0.21954579,InputSig,NA,NA,LINCSCP_115354,HS578T,0.12uM,3h,breast,Glycogen synthase kinase inhibitor,GSK3B,VPVLEBIVXZSOMQ-UHFFFAOYSA-N,"InChI=1S/C18H14N4O2/c19-12-4-1-3-11(7-12)16-9-15-17(22-16)20-10-21-18(15)24-14-6-2-5-13(23)8-14/h1-10,23H,19H2,(H,20,21,22)",15136,Nc1cccc(c1)c2cc3c(Oc4cccc(O)c4)ncnc3[nH]2,NA
Input,BRD-K27986637,0.21948389,InputSig,NA,NA,LINCSCP_59192,VCAP,10uM,24h,prostate,NA,NA,DSHPDBIZJLDJKA-GLDPYIMESA-N,"InChI=1S/C25H37N5O5/c1-18-12-30(19(2)16-31)25(32)5-4-8-29-14-21(26-27-29)17-35-24(18)15-28(3)13-20-6-7-22-23(11-20)34-10-9-33-22/h6-7,11,14,18-19,24,31H,4-5,8-10,12-13,15-17H2,1-3H3/t18-,19+,24-/m0/s1",22336,C[C@H](CO)N1C[C@H](C)[C@H](CN(C)Cc2ccc3OCCOc3c2)OCc4cn(CCCC1=O)nn4,NA
Input,Simeprevir,0.21933809,InputSig,NA,NA,LINCSCP_174290,YAPC,0.37uM,24h,pancreas,NA,NA,JTZZSQYMACOLNN-SNWGISBASA-N,"InChI=1S/C38H47N5O7S2/c1-21(2)30-20-51-35(40-30)29-18-32(26-13-14-31(49-5)22(3)33(26)39-29)50-24-16-27-28(17-24)36(45)43(4)15-9-7-6-8-10-23-19-38(23,41-34(27)44)37(46)42-52(47,48)25-11-12-25/h8,10,13-14,18,20-21,23-25,27-28H,6-7,9,11-12,15-17,19H2,1-5H3,(H,41,44)(H,42,46)/b10-8-/t23-,24-,27-,28?,38-/m1/s1",26798,COc1ccc2c(O[C@@H]3C[C@@H]4C(C3)C(=O)N(C)CCCC\C=C/[C@@H]5C[C@]5(NC4=O)C(=O)NS(=O)(=O)C6CC6)cc(nc2c1C)c7nc(cs7)C(C)C,NA
Input,MILNACIPRAN HYDROCHLORIDE,0.21917565,InputSig,NA,NA,LINCSCP_121477,HT29,1.11uM,24h,large intestine,Norepinephrine transporter inhibitor|Serotonin transporter inhibitor,SLC6A2|SLC6A4,GJJFMKBJSRMPLA-UHFFFAOYSA-N,"InChI=1S/C15H22N2O/c1-3-17(4-2)14(18)15(10-13(15)11-16)12-8-6-5-7-9-12/h5-9,13H,3-4,10-11,16H2,1-2H3",27070,CCN(CC)C(=O)C1(CC1CN)c2ccccc2,4
Input,BRD-K38841486,0.21908015,InputSig,NA,NA,LINCSCP_279291,PC3,10uM,24h,prostate,NA,NA,KSPMYNSTGYPJSZ-BPYKYCOYSA-N,"InChI=1S/C26H34N2O4S/c1-5-15-27(4)18-25-20(2)17-28(21(3)19-29)33(30,31)26-14-13-23(16-24(26)32-25)12-11-22-9-7-6-8-10-22/h6-10,13-14,16,20-21,25,29H,5,15,17-19H2,1-4H3/t20-,21+,25+/m0/s1",12589,CCCN(C)C[C@H]1Oc2cc(ccc2S(=O)(=O)N(C[C@@H]1C)[C@H](C)CO)C#Cc3ccccc3,NA
Input,MLS003129983,0.2190709,InputSig,NA,NA,LINCSCP_60167,VCAP,5uM,24h,prostate,NA,NA,YXMZKKBYJQSMSA-SIFCLUCFSA-N,"InChI=1S/C23H27BrF3N3O5S/c1-14-11-30(15(2)13-31)36(33,34)21-9-6-17(24)10-19(21)35-20(14)12-29(3)22(32)28-18-7-4-16(5-8-18)23(25,26)27/h4-10,14-15,20,31H,11-13H2,1-3H3,(H,28,32)/t14-,15+,20+/m1/s1",36908,C[C@@H](CO)N1C[C@@H](C)[C@H](CN(C)C(=O)Nc2ccc(cc2)C(F)(F)F)Oc3cc(Br)ccc3S1(=O)=O,NA
Input,Balicatib,0.2190393,InputSig,NA,NA,LINCSCP_72437,A375,1.11uM,24h,skin,NA,NA,LLCRBOWRJOUJAE-UHFFFAOYSA-N,"InChI=1S/C23H33N5O2/c1-2-14-27-15-17-28(18-16-27)20-8-6-19(7-9-20)21(29)26-23(10-4-3-5-11-23)22(30)25-13-12-24/h6-9H,2-5,10-11,13-18H2,1H3,(H,25,30)(H,26,29)",26847,CCCN1CCN(CC1)c2ccc(cc2)C(=O)NC3(CCCCC3)C(=O)NCC#N,2
Input,Fasudil,0.2189975,InputSig,NA,NA,LINCSCP_175168,YAPC,10uM,24h,pancreas,Rho associated kinase inhibitor,ROCK1|ROCK2,NGOGFTYYXHNFQH-UHFFFAOYSA-N,"InChI=1S/C14H17N3O2S/c18-20(19,17-9-2-6-15-8-10-17)14-4-1-3-12-11-16-7-5-13(12)14/h1,3-5,7,11,15H,2,6,8-10H2",15916,O=S(=O)(N1CCCNCC1)c2cccc3cnccc23,3
Input,XL-147,0.2189378,InputSig,NA,NA,LINCSCP_78112,A375,10uM,24h,skin,PI3-kinase class I inhibitor,PIK3CA|PIK3CB|PIK3CD|PIK3CG|PIK3R1|PIK3R2|PIK3R3|PIK3R5,QINPEPAQOBZPOF-UHFFFAOYSA-N,"InChI=1S/C25H25ClN6O4S/c1-25(2,27)24(33)28-15-7-6-8-17(13-15)37(34,35)32-23-22(29-19-9-4-5-10-20(19)30-23)31-21-14-16(36-3)11-12-18(21)26/h4-14H,27H2,1-3H3,(H,28,33)(H,29,31)(H,30,32)",26874,COc1ccc(Cl)c(Nc2nc3ccccc3nc2NS(=O)(=O)c4cccc(NC(=O)C(C)(C)N)c4)c1,2
Input,SCHEMBL570779,0.21883143,InputSig,NA,NA,LINCSCP_36768,MCF7,10uM,24h,breast,PI3K inhibitor,NA,NCUAOBDESQDAII-UHFFFAOYSA-N,"InChI=1S/C21H16N6O2S2/c1-13-9-11-14(12-10-13)31(28,29)27-21-20(22-15-5-2-3-6-16(15)23-21)24-17-7-4-8-18-19(17)26-30-25-18/h2-12H,1H3,(H,22,24)(H,23,27)",22135,Cc1ccc(cc1)S(=O)(=O)Nc2nc3ccccc3nc2Nc4cccc5nsnc45,NA
Input,SCHEMBL12410954,0.21874907,InputSig,NA,NA,LINCSCP_218113,HCC515,1.11uM,24h,lung,Nucleophosmin inhibitor,NA,BYQQNSVZQGCUKN-UHFFFAOYSA-N,"InChI=1S/C21H25NO2/c1-19(2)11-15-14-9-13-7-8-21(5,6)24-17(13)10-16(14)22(23)18(15)20(3,4)12-19/h7-11H,12H2,1-6H3",11552,CC1(C)CC(C)(C)C2=[N+]([O-])c3cc4OC(C)(C)C=Cc4cc3C2=C1,NA
Input,FLUDARABINE PHOSPHATE,0.2186527,InputSig,NA,NA,LINCSCP_126067,HT29,0.37uM,24h,large intestine,DNA polymerase (alpha/delta/epsilon) inhibitor (DNA polymerase|Ribonucleoside-diphosphate reductase RR1 inhibitor,POLA1|POLD1|POLE|RRM1|RRM2|RRM2B,GIUYCYHIANZCFB-FJFJXFQQSA-N,"InChI=1S/C10H13FN5O7P/c11-10-14-7(12)4-8(15-10)16(2-13-4)9-6(18)5(17)3(23-9)1-22-24(19,20)21/h2-3,5-6,9,17-18H,1H2,(H2,12,14,15)(H2,19,20,21)/t3-,5-,6+,9-/m1/s1",27062,Nc1nc(F)nc2c1ncn2[C@@H]3O[C@H](COP(=O)(O)O)[C@@H](O)[C@@H]3O,4
Input,TP14,0.21862685,InputSig,NA,NA,LINCSCP_17525,HA1E,10uM,24h,kidney epithelial,NA,NA,XWOMTTOIGDQNSS-SSDOTTSWSA-N,"InChI=1S/C11H11IN2O/c1-7-6-10(15)13-14-11(7)8-2-4-9(12)5-3-8/h2-5,7H,6H2,1H3,(H,13,15)/t7-/m1/s1",26514,C[C@@H]1CC(=O)NN=C1c2ccc(I)cc2,NA
Input,Clofoctol,0.21806849,InputSig,NA,NA,LINCSCP_93516,HA1E,10uM,24h,kidney epithelial,NA,NA,HQVZOORKDNCGCK-UHFFFAOYSA-N,"InChI=1S/C21H26Cl2O/c1-20(2,3)13-21(4,5)16-7-9-19(24)15(11-16)10-14-6-8-17(22)12-18(14)23/h6-9,11-12,24H,10,13H2,1-5H3",37616,CC(C)(C)CC(C)(C)c1ccc(O)c(Cc2ccc(Cl)cc2Cl)c1,NA
Input,Ginkgolide B,0.21805771,InputSig,NA,NA,LINCSCP_141812,MCF7,0.37uM,24h,breast,NA,NA,SQOJOAFXDQDRGF-IWNUMIARSA-N,"InChI=1S/C20H24O10/c1-6-12(23)28-11-9(21)18-8-5-7(16(2,3)4)17(18)10(22)13(24)29-15(17)30-20(18,14(25)27-8)19(6,11)26/h6-11,15,21-22,26H,5H2,1-4H3/t6-,7+,8-,9+,10+,11+,15+,17+,18?,19-,20+/m1/s1",26704,C[C@@H]1C(=O)O[C@H]2[C@H](O)C34[C@H]5C[C@@H](C(C)(C)C)[C@]36[C@@H](OC(=O)[C@@H]6O)O[C@]4(C(=O)O5)[C@@]12O,NA
Input,Aminosalicylic acid,0.21791363,InputSig,NA,NA,LINCSCP_108334,HELA,0.04uM,24h,large intestine,Cyclooxygenase inhibitor,PTGS1|PTGS2,WUBBRNOQWQTFEX-UHFFFAOYSA-N,"InChI=1S/C7H7NO3/c8-4-1-2-5(7(10)11)6(9)3-4/h1-3,9H,8H2,(H,10,11)",16431,Nc1ccc(C(=O)O)c(O)c1,4
Input,BRD-K95047050,0.21762699,InputSig,NA,NA,LINCSCP_8979,A549,10uM,24h,lung,NA,NA,IWOCERDKTBEBEC-HSZRJFAPSA-N,"InChI=1S/C27H34N4O4/c1-29-22-13-20(35-3)6-7-21(22)25-26(29)23(16-32)31(24(33)17-34-2)18-27(25)8-11-30(12-9-27)15-19-5-4-10-28-14-19/h4-7,10,13-14,23,32H,8-9,11-12,15-18H2,1-3H3/t23-/m1/s1",13997,COCC(=O)N1CC2(CCN(Cc3cccnc3)CC2)c4c([C@H]1CO)n(C)c5cc(OC)ccc45,NA
Input,PCI-32765,0.21757172,InputSig,NA,NA,LINCSCP_148562,NPC,10uM,24h,neural progenitor cells,BTK inhibitor,BTK,XYFPWWZEPKGCCK-UHFFFAOYSA-N,"InChI=1S/C25H24N6O2/c1-2-21(32)30-14-6-7-18(15-30)31-25-22(24(26)27-16-28-25)23(29-31)17-10-12-20(13-11-17)33-19-8-4-3-5-9-19/h2-5,8-13,16,18H,1,6-7,14-15H2,(H2,26,27,28)",17525,Nc1ncnc2c1c(nn2C3CCCN(C3)C(=O)C=C)c4ccc(Oc5ccccc5)cc4,NA
Input,BRD-K84218095,0.21756509,InputSig,NA,NA,LINCSCP_8653,A549,5uM,24h,lung,NA,NA,WSFSIZCPNKDEIH-LTIDMASMSA-N,"InChI=1S/C18H33N3O4/c22-14-11-20-16-5-4-15(25-17(16)13-24-12-14)10-18(23)19-6-9-21-7-2-1-3-8-21/h14-17,20,22H,1-13H2,(H,19,23)/t14-,15+,16+,17-/m1/s1",25028,O[C@@H]1CN[C@H]2CC[C@@H](CC(=O)NCCN3CCCCC3)O[C@@H]2COC1,NA
Input,Zaurategrast,0.21746768,InputSig,NA,NA,LINCSCP_94318,HA1E,0.04uM,24h,kidney epithelial,NA,NA,KYHVWHYLKOHLKA-FQEVSTJZSA-N,"InChI=1S/C26H25BrN4O3/c27-21-22(26(23(21)32)10-2-1-3-11-26)31-20(25(33)34)14-16-4-6-18(7-5-16)30-24-19-15-28-12-8-17(19)9-13-29-24/h4-9,12-13,15,20,31H,1-3,10-11,14H2,(H,29,30)(H,33,34)/t20-/m0/s1",26809,OC(=O)[C@H](Cc1ccc(Nc2nccc3ccncc23)cc1)NC4=C(Br)C(=O)C45CCCCC5,NA
Input,NKP608,0.21740848,InputSig,NA,NA,LINCSCP_175790,YAPC,10uM,24h,pancreas,NA,NA,NXLUTEDAEFXMQR-BJKOFHAPSA-N,"InChI=1S/C31H24ClF6N3O2/c32-22-7-5-18(6-8-22)13-24-17-23(40-28(42)26-9-11-39-27-4-2-1-3-25(26)27)10-12-41(24)29(43)19-14-20(30(33,34)35)16-21(15-19)31(36,37)38/h1-9,11,14-16,23-24H,10,12-13,17H2,(H,40,42)/t23-,24+/m0/s1",26850,FC(F)(F)c1cc(cc(c1)C(F)(F)F)C(=O)N2CC[C@@H](C[C@H]2Cc3ccc(Cl)cc3)NC(=O)c4ccnc5ccccc45,NA
Input,Hemado,0.21735667,InputSig,NA,NA,LINCSCP_7357,A549,10uM,6h,lung,Adenosine receptor agonist,ADORA3,KOCIMZNSNPOGOP-UHFFFAOYSA-N,"InChI=1S/C17H23N5O4/c1-3-4-5-6-7-11-20-15(18-2)12-16(21-11)22(9-19-12)17-14(25)13(24)10(8-23)26-17/h9-10,13-14,17,23-25H,3-5,8H2,1-2H3,(H,18,20,21)",22141,CCCCC#Cc1nc(NC)c2ncn(C3OC(CO)C(O)C3O)c2n1,NA
Input,SUGA1_007824,0.21734267,InputSig,NA,NA,LINCSCP_5962,A549,10uM,24h,lung,NA,NA,MBUSULDPCTYKRU-XMMPIXPASA-N,"InChI=1S/C24H30N2O5/c1-29-15-5-13-25-23(28)24(17-19-7-3-2-4-8-19)18-31-22(26-24)20-9-11-21(12-10-20)30-16-6-14-27/h2-4,7-12,27H,5-6,13-18H2,1H3,(H,25,28)/t24-/m1/s1",10966,COCCCNC(=O)[C@@]1(Cc2ccccc2)COC(=N1)c3ccc(OCCCO)cc3,NA
Input,Nalbuphine,0.21708073,InputSig,NA,NA,LINCSCP_95691,HA1E,3.33uM,24h,kidney epithelial,Opioid receptor agonist|Opioid receptor antagonist,OPRD1|OPRK1|OPRM1,NETZHAKZCGBWSS-CEDHKZHLSA-N,"InChI=1S/C21H27NO4/c23-14-5-4-13-10-16-21(25)7-6-15(24)19-20(21,17(13)18(14)26-19)8-9-22(16)11-12-2-1-3-12/h4-5,12,15-16,19,23-25H,1-3,6-11H2/t15-,16+,19-,20-,21+/m0/s1",15049,O[C@H]1CC[C@@]2(O)[C@H]3Cc4ccc(O)c5O[C@@H]1[C@]2(CCN3CC6CCC6)c45,4
Input,Vitamin B12,0.21697965,InputSig,NA,NA,LINCSCP_99353,HA1E,0.04uM,24h,kidney epithelial,NA,NA,XIMXJQOPHNZJDD-UHFFFAOYSA-N,"InChI=1S/C62H90N13O14P/c1-29-20-39-40(21-30(29)2)75(28-70-39)57-52(84)53(41(27-76)87-57)89-90(85,86)88-31(3)26-69-49(83)18-19-59(8)37(22-46(66)80)56-62(11)61(10,25-48(68)82)36(14-17-45(65)79)51(74-62)33(5)55-60(9,24-47(67)81)34(12-15-43(63)77)38(71-55)23-42-58(6,7)35(13-16-44(64)78)50(72-42)32(4)54(59)73-56/h20-21,23,28,31,34-37,41,52-53,56-57,73,76,84H,12-19,22,24-27H2,1-11H3,(H2,63,77)(H2,64,78)(H2,65,79)(H2,66,80)(H2,67,81)(H2,68,82)(H,69,83)(H,85,86)",27202,CC(CNC(=O)CCC1(C)C(CC(=O)N)C2NC1=C(C)C3=NC(=CC4=NC(=C(C)C5=NC2(C)C(C)(CC(=O)N)C5CCC(=O)N)C(C)(CC(=O)N)C4CCC(=O)N)C(C)(C)C3CCC(=O)N)OP(=O)(O)OC6C(O)C(OC6CO)n7cnc8cc(C)c(C)cc78,NA
Input,ZM-241385,0.21691244,InputSig,NA,NA,LINCSCP_289610,VCAP,10uM,24h,prostate,Adenosine receptor antagonist,ADORA1|ADORA2A|ADORA2B,PWTBZOIUWZOPFT-UHFFFAOYSA-N,"InChI=1S/C16H15N7O2/c17-14-20-15(18-8-7-10-3-5-11(24)6-4-10)21-16-19-13(22-23(14)16)12-2-1-9-25-12/h1-6,9,24H,7-8H2,(H3,17,18,19,20,21,22)",15479,Nc1nc(NCCc2ccc(O)cc2)nc3nc(nn13)c4occc4,NA
Input,SPECTRUM_000886,0.21686747,InputSig,NA,NA,LINCSCP_99012,HA1E,0.12uM,24h,kidney epithelial,Estrogen receptor antagonist|Progesterone receptor agonist,ESR1|GNRHR,POZRVZJJTULAOH-GSQPBCFPSA-N,"InChI=1S/C22H27NO2/c1-4-22(24)10-8-18-16-6-5-15-11-19-14(13-23-25-19)12-20(15,2)17(16)7-9-21(18,22)3/h1,11,13,16-18,24H,5-10,12H2,2-3H3/t16?,17?,18?,20-,21-,22-/m0/s1",22196,C[C@]12Cc3cnoc3C=C1CCC4C2CC[C@@]5(C)C4CC[C@@]5(O)C#C,NA
Input,ZINC00952128,0.21681267,InputSig,NA,NA,LINCSCP_191356,A549,10uM,6h,lung,NA,NA,ATKWSZXMSHHBOU-UHFFFAOYSA-N,"InChI=1S/C23H20Cl2N2O4/c1-14-3-10-21(30-2)20(11-14)27-23(29)15-4-7-17(8-5-15)31-13-22(28)26-19-12-16(24)6-9-18(19)25/h3-12H,13H2,1-2H3,(H,26,28)(H,27,29)",23171,COc1ccc(C)cc1NC(=O)c2ccc(OCC(=O)Nc3cc(Cl)ccc3Cl)cc2,NA
Input,MLS002425843,0.21666762,InputSig,NA,NA,LINCSCP_19787,HCC515,10uM,6h,lung,NA,NA,UUPNXRQGWXFBRW-UHFFFAOYSA-N,"InChI=1S/C16H12N2O4S/c19-10-2-3-11(13(20)6-10)12-7-23-16(18-12)17-9-1-4-14-15(5-9)22-8-21-14/h1-7,19-20H,8H2,(H,17,18)",3582,Oc1ccc(c(O)c1)c2csc(Nc3ccc4OCOc4c3)n2,NA
Input,Nifedipine,0.21660155,InputSig,NA,NA,LINCSCP_53631,SNGM,10uM,6h,endometrium,Voltage-gated L-type calcium channel blocker,CACNA1C|CACNA1D|CACNA1F|CACNA1S|CACNA2D1,HYIMSNHJOBLJNT-UHFFFAOYSA-N,"InChI=1S/C17H18N2O6/c1-9-13(16(20)24-3)15(14(10(2)18-9)17(21)25-4)11-7-5-6-8-12(11)19(22)23/h5-8,15,18H,1-4H3",36177,COC(=O)C1=C(C)NC(=C(C1c2ccccc2[N+](=O)[O-])C(=O)OC)C,4
Input,MAYBRIDGE4_003950,0.21652873,InputSig,NA,NA,LINCSCP_243284,MCF7,10uM,6h,breast,NA,NA,BQQXRPSVROFRFL-UHFFFAOYSA-N,"InChI=1S/C15H21F3N4O/c1-14(2,3)20-13(23)22-9-7-21(8-10-22)12-11(15(16,17)18)5-4-6-19-12/h4-6H,7-10H2,1-3H3,(H,20,23)",16186,CC(C)(C)NC(=O)N1CCN(CC1)c2ncccc2C(F)(F)F,NA
Input,AC480 (BMS-599626),0.21649537,InputSig,NA,NA,LINCSCP_93151,HA1E,0.04uM,24h,kidney epithelial,Epidermal growth factor receptor erbB1 inhibitor|Receptor protein-tyrosine kinase erbB-2 inhibitor|Receptor protein-tyrosine kinase erbB-4 inhibitor,EGFR|ERBB2|ERBB4,LUJZZYWHBDHDQX-QFIPXVFZSA-N,"InChI=1S/C27H27FN8O3/c1-17-23(34-27(37)39-15-22-14-38-8-7-29-22)13-36-25(17)26(30-16-32-36)33-21-5-6-24-19(10-21)11-31-35(24)12-18-3-2-4-20(28)9-18/h2-6,9-11,13,16,22,29H,7-8,12,14-15H2,1H3,(H,34,37)(H,30,32,33)/t22-/m0/s1",26694,Cc1c(NC(=O)OC[C@@H]2COCCN2)cn3ncnc(Nc4ccc5c(cnn5Cc6cccc(F)c6)c4)c13,1
Input,ST4048456,0.21649222,InputSig,NA,NA,LINCSCP_190582,A549,10uM,24h,lung,NA,NA,DRVRCPIXTBQSMC-UHFFFAOYSA-N,"InChI=1S/C16H19N5S/c1-4-8-21(9-5-1)10-11-22-16-18-15-14(19-20-16)12-6-2-3-7-13(12)17-15/h2-3,6-7H,1,4-5,8-11H2,(H,17,18,20)",1433,C(CN1CCCCC1)Sc2nnc3c4ccccc4[nH]c3n2,NA
Input,C19H19FN4O3,0.21636818,InputSig,NA,NA,LINCSCP_85789,BT20,3.33uM,3h,breast,FGFR inhibitor|VEGFR inhibitor,FGFR1|FLT1|KDR,WCWUXEGQKLTGDX-UHFFFAOYSA-N,"InChI=1S/C19H19FN4O3/c1-10-6-13-14(23-10)4-5-15(17(13)20)27-19-18-12(3)16(26-8-11(2)25)7-24(18)22-9-21-19/h4-7,9,11,23,25H,8H2,1-3H3",37840,CC(O)COc1cn2ncnc(Oc3ccc4[nH]c(C)cc4c3F)c2c1C,NA
Input,UNII-5308DT8060,0.2159094,InputSig,NA,NA,LINCSCP_18098,HCC515,10uM,6h,lung,Mediator release inhibitor|SYK inhibitor,SYK,CFPDEQBPNROZDC-UHFFFAOYSA-N,"InChI=1S/C18H20N2O/c1-12-8-9-15-17(13(12)2)20(11-5-10-19)16-7-4-3-6-14(16)18(15)21/h3-4,6-9H,5,10-11,19H2,1-2H3",35527,Cc1ccc2C(=O)c3ccccc3N(CCCN)c2c1C,NA
Input,LACOSAMIDE,0.21589653,InputSig,NA,NA,LINCSCP_142451,MCF7,10uM,24h,breast,Sodium channel alpha subunit blocker,SCN10A|SCN11A|SCN1A|SCN2A|SCN3A|SCN4A|SCN5A|SCN7A|SCN8A|SCN9A,VPPJLAIAVCUEMN-GFCCVEGCSA-N,"InChI=1S/C13H18N2O3/c1-10(16)15-12(9-18-2)13(17)14-8-11-6-4-3-5-7-11/h3-7,12H,8-9H2,1-2H3,(H,14,17)(H,15,16)/t12-/m1/s1",26585,COC[C@@H](NC(=O)C)C(=O)NCc1ccccc1,4
Input,MIGLITOL,0.21585273,InputSig,NA,NA,LINCSCP_124132,HT29,0.04uM,24h,large intestine,NA,NA,IBAQFPQHRJAVAV-WMEPKMGJSA-N,"InChI=1S/C8H17NO5/c10-2-1-9-3-6(12)8(14)7(13)5(9)4-11/h5-8,10-14H,1-4H2/t5?,6-,7?,8-/m1/s1",26890,OCCN1C[C@@H](O)[C@@H](O)C(O)C1CO,NA
Input,Glafenine,0.21575147,InputSig,NA,NA,LINCSCP_154956,PC3,1.11uM,24h,prostate,DeltaF508-CFTR Correctors,CFTR,GWOFUCIGLDBNKM-UHFFFAOYSA-N,"InChI=1S/C19H17ClN2O4/c20-12-5-6-14-17(7-8-21-18(14)9-12)22-16-4-2-1-3-15(16)19(25)26-11-13(24)10-23/h1-9,13,23-24H,10-11H2,(H,21,22)",16139,OCC(O)COC(=O)c1ccccc1Nc2ccnc3cc(Cl)ccc23,4
Input,BRD-K25249292,0.21552591,InputSig,NA,NA,LINCSCP_61025,VCAP,5uM,24h,prostate,NA,NA,QUELGMPZNWRZSJ-IEOSBIPESA-N,"InChI=1S/C32H36FN3O5/c1-21-18-36(32(39)25-12-8-9-13-27(25)33)22(2)20-41-28-17-24(34-30(37)16-23-10-6-5-7-11-23)14-15-26(28)31(38)35(3)19-29(21)40-4/h5-15,17,21-22,29H,16,18-20H2,1-4H3,(H,34,37)/t21-,22-,29-/m1/s1",2540,CO[C@@H]1CN(C)C(=O)c2ccc(NC(=O)Cc3ccccc3)cc2OC[C@@H](C)N(C[C@H]1C)C(=O)c4ccccc4F,NA
Input,WYE 354,0.21536618,InputSig,NA,NA,LINCSCP_2429,A375,10uM,6h,skin,MTOR inhibitor,MTOR,IMXHGCRIEAKIBU-UHFFFAOYSA-N,"InChI=1S/C24H29N7O5/c1-34-23(32)26-17-5-3-16(4-6-17)20-27-21(29-11-13-36-14-12-29)19-15-25-31(22(19)28-20)18-7-9-30(10-8-18)24(33)35-2/h3-6,15,18H,7-14H2,1-2H3,(H,26,32)",36561,COC(=O)Nc1ccc(cc1)c2nc(N3CCOCC3)c4cnn(C5CCN(CC5)C(=O)OC)c4n2,NA
Input,Hydroflumethiazide,0.21535037,InputSig,NA,NA,LINCSCP_243464,MCF7,10uM,24h,breast,Sodium/potassium/chloride transporter inhibitor,SLC12A1|SLC12A3,DMDGGSIALPNSEE-UHFFFAOYSA-N,"InChI=1S/C8H8F3N3O4S2/c9-8(10,11)4-1-5-7(2-6(4)19(12,15)16)20(17,18)14-3-13-5/h1-2,13-14H,3H2,(H2,12,15,16)",16332,NS(=O)(=O)c1cc2c(NCNS2(=O)=O)cc1C(F)(F)F,4
Input,BRD-K50868745,0.21512945,InputSig,NA,NA,LINCSCP_249796,MCF7,10uM,24h,breast,NA,NA,AMMWEOQELITDAS-GSPCLOLRSA-N,"InChI=1S/C25H37N3O6/c29-20-16-28(25(31)19-5-2-1-3-6-19)22-8-7-21(34-23(22)18-33-17-20)15-24(30)26-9-4-10-27-11-13-32-14-12-27/h1-3,5-6,20-23,29H,4,7-18H2,(H,26,30)/t20-,21+,22-,23+/m0/s1",3414,O[C@@H]1COC[C@H]2O[C@@H](CC(=O)NCCCN3CCOCC3)CC[C@@H]2N(C1)C(=O)c4ccccc4,NA
Input,ZINC6718453,0.21512801,InputSig,NA,NA,LINCSCP_148289,NPC.CAS9,3.33uM,24h,NA,NA,NA,DYVFBWXIOCLHPP-UHFFFAOYSA-N,"InChI=1S/C21H24N4O2/c22-11-16-15(14-6-8-24-9-7-14)10-17(25-21(16)23)20-18(26)2-1-3-19(20)27-12-13-4-5-13/h1-3,10,13-14,24,26H,4-9,12H2,(H2,23,25)",19904,Nc1nc(cc(C2CCNCC2)c1C#N)c3c(O)cccc3OCC4CC4,NA
Input,EXALAMIDE,0.2151256,InputSig,NA,NA,LINCSCP_121201,HT29,1.11uM,24h,large intestine,NA,NA,CKSJXOVLXUMMFF-UHFFFAOYSA-N,"InChI=1S/C13H19NO2/c1-2-3-4-7-10-16-12-9-6-5-8-11(12)13(14)15/h5-6,8-9H,2-4,7,10H2,1H3,(H2,14,15)",27060,CCCCCCOc1ccccc1C(=O)N,NA
Input,(S)-(-)-BAY K 8644,0.21499765,InputSig,NA,NA,LINCSCP_25051,HT115,10uM,6h,large intestine,L-type calcium channel activator,CACNA1C,ZFLWDHHVRRZMEI-ZDUSSCGKSA-N,"InChI=1S/C16H15F3N2O4/c1-8-12(15(22)25-3)13(14(21(23)24)9(2)20-8)10-6-4-5-7-11(10)16(17,18)19/h4-7,13,20H,1-3H3/t13-/m0/s1",1405,COC(=O)C1=C(C)NC(=C([C@H]1c2ccccc2C(F)(F)F)[N+](=O)[O-])C,NA
Input,Selumetinib,0.21467201,InputSig,NA,NA,LINCSCP_29772,MCF10A,0.1uM,6h,breast epithelial,MEK inhibitor,MAP2K1|MAP2K2,CYOHGALHFOKKQC-UHFFFAOYSA-N,"InChI=1S/C17H15BrClFN4O3/c1-24-8-21-16-13(24)7-10(17(26)23-27-5-4-25)15(14(16)20)22-12-3-2-9(18)6-11(12)19/h2-3,6-8,22,25H,4-5H2,1H3,(H,23,26)",37781,Cn1cnc2c(F)c(Nc3ccc(Br)cc3Cl)c(cc12)C(=O)NOCCO,3
Input,CHEMBL254777,0.21462483,InputSig,NA,NA,LINCSCP_291435,VCAP,10uM,6h,prostate,Glutamate receptor antagonist,GRM1,VWOMTTIMBHBPBI-UHFFFAOYSA-N,"InChI=1S/C17H20N4OS/c1-10-15(16(22)19-12-5-3-2-4-6-12)23-17-20-13-8-7-11(18)9-14(13)21(10)17/h7-9,12H,2-6,18H2,1H3,(H,19,22)",34189,Cc1c(sc2nc3ccc(N)cc3n12)C(=O)NC4CCCCC4,NA
Input,CHEMBL2357204,0.21449938,InputSig,NA,NA,LINCSCP_35350,MCF7,10uM,24h,breast,NA,NA,JLFHHDVKVXKGLO-PABCKOPISA-N,"InChI=1S/C25H31ClN2O6S/c1-17-6-2-5-9-24(17)35(31,32)28-14-19(29)15-33-16-23-22(28)11-10-20(34-23)12-25(30)27-13-18-7-3-4-8-21(18)26/h2-9,19-20,22-23,29H,10-16H2,1H3,(H,27,30)/t19-,20+,22-,23+/m0/s1",37588,Cc1ccccc1S(=O)(=O)N2C[C@H](O)COC[C@H]3O[C@@H](CC(=O)NCc4ccccc4Cl)CC[C@H]23,NA
Input,Batimastat,0.21448159,InputSig,NA,NA,LINCSCP_30644,MCF7,40uM,24h,breast,Matrix metalloprotease inhibitor,NA,XFILPEOLDIKJHX-QYZOEREBSA-N,"InChI=1S/C23H31N3O4S2/c1-15(2)12-17(18(22(28)26-30)14-32-20-10-7-11-31-20)21(27)25-19(23(29)24-3)13-16-8-5-4-6-9-16/h4-11,15,17-19,30H,12-14H2,1-3H3,(H,24,29)(H,25,27)(H,26,28)/t17-,18+,19+/m1/s1",36699,CNC(=O)[C@H](Cc1ccccc1)NC(=O)[C@H](CC(C)C)[C@H](CSc2cccs2)C(=O)NO,NA
Input,SR3335,0.21439667,InputSig,NA,NA,LINCSCP_19853,HCC515,10uM,6h,lung,ROR inverse agonist,RORA,LZWUNZRMANFRAO-UHFFFAOYSA-N,"InChI=1S/C13H9F6NO3S2/c14-12(15,16)11(21,13(17,18)19)8-3-5-9(6-4-8)20-25(22,23)10-2-1-7-24-10/h1-7,20-21H",15481,OC(c1ccc(NS(=O)(=O)c2cccs2)cc1)(C(F)(F)F)C(F)(F)F,NA
Input,MLS-0435542.0001,0.21438853,InputSig,NA,NA,LINCSCP_46706,PC3,10uM,24h,prostate,NA,NA,HFHMZZBOHTVBEJ-UHFFFAOYSA-N,"InChI=1S/C22H28N2O5S2/c1-3-15-4-7-20-16(12-15)13-21(30-20)22(25)23-18-14-17(5-6-19(18)28-2)31(26,27)24-8-10-29-11-9-24/h5-6,13-15H,3-4,7-12H2,1-2H3,(H,23,25)",15343,CCC1CCc2sc(cc2C1)C(=O)Nc3cc(ccc3OC)S(=O)(=O)N4CCOCC4,NA
Input,AC1O52XK,0.21421623,InputSig,NA,NA,LINCSCP_6190,A549,10uM,24h,lung,NA,NA,LOVMOOUQHWMIHZ-RZNTYIFUSA-N,"InChI=1S/C17H14O7/c1-22-12-3-8(4-13(23-2)16(12)20)5-14-17(21)15-10(19)6-9(18)7-11(15)24-14/h3-7,18-20H,1-2H3/b14-5-",15112,COc1cc(\C=C\2/Oc3cc(O)cc(O)c3C2=O)cc(OC)c1O,NA
Input,BRD-K80408402,0.21414199,InputSig,NA,NA,LINCSCP_27601,HT29,5uM,24h,large intestine,NA,NA,QWCXAENNPFGWBU-SQWLQELKSA-N,"InChI=1S/C18H25N3O5/c22-12-16-14(20-18(24)15-3-1-2-6-19-15)5-4-13(26-16)11-17(23)21-7-9-25-10-8-21/h1-3,6,13-14,16,22H,4-5,7-12H2,(H,20,24)/t13-,14+,16+/m0/s1",7430,OC[C@H]1O[C@H](CC(=O)N2CCOCC2)CC[C@H]1NC(=O)c3ccccn3,NA
Input,Estrone,0.21412845,InputSig,NA,NA,LINCSCP_41593,NEU,10uM,6h,NA,Estrogen receptor alpha agonist,ESR1,DNXHEGUUPJUMQT-CBZIJGRNSA-N,"InChI=1S/C18H22O2/c1-18-9-8-14-13-5-3-12(19)10-11(13)2-4-15(14)16(18)6-7-17(18)20/h3,5,10,14-16,19H,2,4,6-9H2,1H3/t14-,15-,16+,18+/m1/s1",18217,C[C@]12CC[C@H]3[C@@H](CCc4cc(O)ccc34)[C@@H]1CCC2=O,4
Input,EMF-sumo1-1,0.21381401,InputSig,NA,NA,LINCSCP_88995,HA1E,0.37uM,24h,kidney epithelial,NA,NA,NA,NA,NA,NA,NA
Input,BRD-A01645196,0.21380216,InputSig,NA,NA,LINCSCP_87160,CD34,10uM,24h,bone marrow,NA,NA,GRBDTJPMNXXXCP-QQGAXKBNSA-N,"InChI=1S/C37H48O6/c1-21(2)11-12-26(24(7)8)19-36-20-27(17-23(5)6)35(9,10)37(34(36)43,16-15-22(3)4)33(42)30(32(36)41)31(40)25-13-14-28(38)29(39)18-25/h11,13-15,17-18,26-27,30,38-39H,7,12,16,19-20H2,1-6,8-10H3/t26-,27+,30?,36+,37-/m0/s1",14130,CC(=CC[C@@H](C[C@@]12C[C@@H](C=C(C)C)C(C)(C)[C@@](CC=C(C)C)(C(=O)C(C(=O)c3ccc(O)c(O)c3)C1=O)C2=O)C(=C)C)C,NA
Input,GDC-0068,0.21370822,InputSig,NA,NA,LINCSCP_160440,PC3,0.12uM,24h,prostate,NA,NA,GRZXWCHAXNAUHY-AHRSYUTCSA-N,"InChI=1S/C24H32ClN5O2/c1-15(2)26-13-19(17-4-6-18(25)7-5-17)24(32)30-10-8-29(9-11-30)23-21-16(3)12-20(31)22(21)27-14-28-23/h4-7,14-16,19-20,26,31H,8-13H2,1-3H3/t16-,19-,20+/m1/s1",26947,CC(C)NC[C@@H](C(=O)N1CCN(CC1)c2ncnc3[C@@H](O)C[C@@H](C)c23)c4ccc(Cl)cc4,NA
Input,BRD-K17427497,0.21368238,InputSig,NA,NA,LINCSCP_63979,VCAP,5uM,24h,prostate,NA,NA,KHFULICTXBCFCV-ULDOEVFSSA-N,"InChI=1S/C28H32FN3O3/c29-23-8-4-3-7-19(23)14-32-25-21(22(16-33)26(32)27(34)30-13-17-9-10-17)15-31-24(25)12-11-20(28(31)35)18-5-1-2-6-18/h3-5,7-8,11-12,17,21-22,25-26,33H,1-2,6,9-10,13-16H2,(H,30,34)/t21-,22-,25+,26-/m1/s1",2105,OC[C@@H]1[C@H]2CN3C(=CC=C(C4=CCCC4)C3=O)[C@H]2N(Cc5ccccc5F)[C@H]1C(=O)NCC6CC6,NA
Input,Doxapram,0.21359147,InputSig,NA,NA,LINCSCP_77540,A375,0.37uM,24h,skin,Potassium channel blocker,KCNK3|KCNK9,XFDJYSQDBULQSI-UHFFFAOYSA-N,"InChI=1S/C24H30N2O2/c1-2-26-19-22(13-14-25-15-17-28-18-16-25)24(23(26)27,20-9-5-3-6-10-20)21-11-7-4-8-12-21/h3-12,22H,2,13-19H2,1H3",36365,CCN1CC(CCN2CCOCC2)C(C1=O)(c3ccccc3)c4ccccc4,4
Input,SCHEMBL2231351,0.21358263,InputSig,NA,NA,LINCSCP_55141,THP1,1uM,6h,haematopoietic and lymphoid tissue,Rho associated kinase inhibitor,NA,UGJIFGVOVGCXQP-UHFFFAOYSA-N,"InChI=1S/C15H19N3O2S/c1-12-10-17-11-13-4-2-5-14(15(12)13)21(19,20)18-8-3-6-16-7-9-18/h2,4-5,10-11,16H,3,6-9H2,1H3",31511,Cc1cncc2cccc(c12)S(=O)(=O)N3CCCNCC3,NA
Input,BRD-K68876477,0.21352336,InputSig,NA,NA,LINCSCP_60315,VCAP,5uM,6h,prostate,NA,NA,YNLPQPKWJFYZTR-CSODHUTKSA-N,"InChI=1S/C23H31N3O5S/c1-15-6-8-18(9-7-15)19-10-20-22(24-11-19)31-21(13-25(4)32(5,29)30)16(2)12-26(23(20)28)17(3)14-27/h6-11,16-17,21,27H,12-14H2,1-5H3/t16-,17+,21+/m0/s1",7791,C[C@H](CO)N1C[C@H](C)[C@@H](CN(C)S(=O)(=O)C)Oc2ncc(cc2C1=O)c3ccc(C)cc3,NA
Input,Andrographolide,0.21344426,InputSig,NA,NA,LINCSCP_95349,HA1E,3.33uM,24h,kidney epithelial,NA,NA,BOJKULTULYSRAS-JAAXSKLYSA-N,"InChI=1S/C20H30O5/c1-12-4-7-16-19(2,9-8-17(23)20(16,3)11-21)14(12)6-5-13-15(22)10-25-18(13)24/h5,14-17,21-23H,1,4,6-11H2,2-3H3/b13-5+/t14-,15-,16?,17-,19+,20+/m1/s1",26795,C[C@@]1(CO)[C@H](O)CC[C@@]2(C)[C@H](C\C=C\3/[C@H](O)COC3=O)C(=C)CCC12,NA
Input,SA-84905,0.21332653,InputSig,NA,NA,LINCSCP_38154,MCF7,3uM,24h,breast,NA,NA,JRDUENCFVDHCHL-IKDMDFKBSA-N,"InChI=1S/C30H34ClN3O7S/c1-19-14-34(20(2)17-35)30(36)25-13-23(32-42(37,38)24-8-5-22(31)6-9-24)7-11-26(25)41-29(19)16-33(3)15-21-4-10-27-28(12-21)40-18-39-27/h4-13,19-20,29,32,35H,14-18H2,1-3H3/t19-,20+,29+/m1/s1",11966,C[C@@H](CO)N1C[C@@H](C)[C@H](CN(C)Cc2ccc3OCOc3c2)Oc4ccc(NS(=O)(=O)c5ccc(Cl)cc5)cc4C1=O,NA
Input,ASC-J9,0.2132701,InputSig,NA,NA,LINCSCP_166647,YAPC,3.33uM,24h,pancreas,NA,NA,HMJSBVCDPKODEX-NXZHAISVSA-N,"InChI=1S/C23H24O6/c1-26-20-11-7-16(13-22(20)28-3)5-9-18(24)15-19(25)10-6-17-8-12-21(27-2)23(14-17)29-4/h5-14H,15H2,1-4H3/b9-5+,10-6+",26842,COc1ccc(\C=C\C(=O)CC(=O)\C=C\c2ccc(OC)c(OC)c2)cc1OC,NA
Input,Trimethobenzamide,0.2132102,InputSig,NA,NA,LINCSCP_243460,MCF7,10uM,24h,breast,Histamine receptor antagonist,DRD2,FEZBIKUBAYAZIU-UHFFFAOYSA-N,"InChI=1S/C21H28N2O5/c1-23(2)10-11-28-17-8-6-15(7-9-17)14-22-21(24)16-12-18(25-3)20(27-5)19(13-16)26-4/h6-9,12-13H,10-11,14H2,1-5H3,(H,22,24)",15561,COc1cc(cc(OC)c1OC)C(=O)NCc2ccc(OCCN(C)C)cc2,4
Input,Kenpaullone,0.21318762,InputSig,NA,NA,LINCSCP_50452,PHH,20uM,6h,NA,CDK inhibitor|Glycogen synthase kinase inhibitor,CDK1|CDK5|GSK3B,QQUXFYAWXPMDOE-UHFFFAOYSA-N,"InChI=1S/C16H11BrN2O/c17-9-5-6-14-11(7-9)12-8-15(20)18-13-4-2-1-3-10(13)16(12)19-14/h1-7,19H,8H2,(H,18,20)",793,Brc1ccc2[nH]c3c(CC(=O)Nc4ccccc34)c2c1,NA
Input,Rilpivirine,0.21290756,InputSig,NA,NA,LINCSCP_121685,HT29,10uM,24h,large intestine,Human immunodeficiency virus type 1 reverse transcriptase inhibitor,NA,YIBOMRUWOWDFLG-ONEGZZNKSA-N,"InChI=1S/C22H18N6/c1-15-12-18(4-3-10-23)13-16(2)21(15)27-20-9-11-25-22(28-20)26-19-7-5-17(14-24)6-8-19/h3-9,11-13H,1-2H3,(H2,25,26,27,28)/b4-3+",26977,Cc1cc(\C=C\C#N)cc(C)c1Nc2ccnc(Nc3ccc(cc3)C#N)n2,4
Input,Vinorelbine,0.2128206,InputSig,NA,NA,LINCSCP_1953,A375,10uM,6h,skin,Tubulin inhibitor,TUBB,GBABOYUKABKIAF-JKVZWNDSSA-N,"InChI=1S/C45H54N4O8/c1-8-27-19-28-22-44(40(51)55-6,36-30(25-48(23-27)24-28)29-13-10-11-14-33(29)46-36)32-20-31-34(21-35(32)54-5)47(4)38-43(31)16-18-49-17-12-15-42(9-2,37(43)49)39(57-26(3)50)45(38,53)41(52)56-7/h10-15,19-21,28,37-39,46,53H,8-9,16-18,22-25H2,1-7H3/t28-,37+,38-,39-,42-,43-,44+,45+/m1/s1",1671,CCC1=C[C@H]2CN(C1)Cc3c([nH]c4ccccc34)[C@@](C2)(C(=O)OC)c5cc6c(cc5OC)N(C)[C@H]7[C@](O)([C@H](OC(=O)C)[C@]8(CC)C=CCN9CC[C@]67[C@H]89)C(=O)OC,NA
Input,Cabergoline,0.2127686,InputSig,NA,NA,LINCSCP_108669,HELA,0.12uM,24h,large intestine,Dopamine receptor agonist,ADRA1A|ADRA2A|ADRA2B|ADRA2C|DRD1|DRD2|DRD3|DRD4|DRD5|HTR1A|HTR1B|HTR1D|HTR2A|HTR2B|HTR2C,KORNTPPJEAJQIU-KJXAQDMKSA-N,"InChI=1S/C26H37N5O2/c1-5-11-30-17-19(25(32)31(26(33)27-6-2)13-8-12-29(3)4)14-21-20-9-7-10-22-24(20)18(16-28-22)15-23(21)30/h5,7,9-10,16,19,21,23,28H,1,6,8,11-15,17H2,2-4H3,(H,27,33)/t19-,21-,23-/m1/s1",16006,CCNC(=O)N(CCCN(C)C)C(=O)[C@@H]1C[C@H]2[C@@H](Cc3c[nH]c4cccc2c34)N(CC=C)C1,4
Input,MW-A1-14,0.21266473,InputSig,NA,NA,LINCSCP_237335,MCF7,10uM,24h,breast,NA,NA,ADSOEWOILXZRRA-UHFFFAOYSA-N,InChI=1S/C15H10N2O2S/c18-17(19)14-10-16-13-9-5-4-8-12(13)15(14)20-11-6-2-1-3-7-11/h1-10H,35502,[O-][N+](=O)c1cnc2ccccc2c1Sc3ccccc3,NA
Input,Prosteride,0.21265105,InputSig,NA,NA,LINCSCP_77796,A375,1.11uM,24h,skin,5 alpha reductase inhibitor,SRD5A1|SRD5A2,DBEPLOCGEIEOCV-BYQKQGHSSA-N,"InChI=1S/C23H36N2O2/c1-21(2,3)25-20(27)17-8-7-15-14-6-9-18-23(5,13-11-19(26)24-18)16(14)10-12-22(15,17)4/h11,13-18H,6-10,12H2,1-5H3,(H,24,26)(H,25,27)/t14?,15?,16?,17-,18?,22+,23-/m1/s1",464,CC(C)(C)NC(=O)[C@H]1CCC2C3CCC4NC(=O)C=C[C@]4(C)C3CC[C@]12C,NA
Input,Estradiol,0.21259316,InputSig,NA,NA,LINCSCP_10051,A549,0.04uM,24h,lung,Estrogen receptor alpha agonist,ESR1|ESR2|NR1I2,VOXZDWNPVJITMN-ZBRFXRBCSA-N,"InChI=1S/C18H24O2/c1-18-9-8-14-13-5-3-12(19)10-11(13)2-4-15(14)16(18)6-7-17(18)20/h3,5,10,14-17,19-20H,2,4,6-9H2,1H3/t14-,15-,16+,17+,18+/m1/s1",15465,C[C@]12CC[C@H]3[C@@H](CCc4cc(O)ccc34)[C@@H]1CC[C@@H]2O,4
Input,BRD-K96552587,0.21243674,InputSig,NA,NA,LINCSCP_41075,NEU,10uM,24h,NA,NA,NA,OUKAGPBTRJAGIF-CMKODMSKSA-N,"InChI=1S/C20H19N3O2/c21-9-13-1-3-14(4-2-13)15-5-7-16(8-6-15)20-17-10-22-11-19(25)23(17)18(20)12-24/h1-8,17-18,20,22,24H,10-12H2/t17-,18-,20+/m0/s1",14041,OC[C@H]1[C@@H]([C@@H]2CNCC(=O)N12)c3ccc(cc3)c4ccc(cc4)C#N,NA
Input,BRD-K36091499,0.21232777,InputSig,NA,NA,LINCSCP_49125,PC3,10uM,6h,prostate,NA,NA,ISYWMCSQLOVTPH-RCUDDFTLSA-N,"InChI=1S/C37H49N5O5/c1-26-22-42(27(2)25-43)37(46)21-29-20-30(18-19-33(29)47-34(26)24-41(3)23-28-12-6-4-7-13-28)39-35(44)16-8-5-9-17-36(45)40-32-15-11-10-14-31(32)38/h4,6-7,10-15,18-20,26-27,34,43H,5,8-9,16-17,21-25,38H2,1-3H3,(H,39,44)(H,40,45)/t26-,27+,34+/m0/s1",12512,C[C@H](CO)N1C[C@H](C)[C@@H](CN(C)Cc2ccccc2)Oc3ccc(NC(=O)CCCCCC(=O)Nc4ccccc4N)cc3CC1=O,NA
Input,C24H30O6,0.21212419,InputSig,NA,NA,LINCSCP_6771,A549,10uM,24h,lung,Cytochrome P450 inhibitor,NR3C2,JUKPWJGBANNWMW-UHFFFAOYSA-N,"InChI=1S/C24H30O6/c1-21-7-4-14(25)10-13(21)11-15(20(27)28-3)19-16-5-8-23(9-6-18(26)30-23)22(16,2)12-17-24(19,21)29-17/h10,15-17,19H,4-9,11-12H2,1-3H3",381,COC(=O)C1CC2=CC(=O)CCC2(C)C34OC3CC5(C)C(CCC56CCC(=O)O6)C14,NA
Input,Staurosporine,0.21206096,InputSig,NA,NA,LINCSCP_20584,HCC515,10uM,6h,lung,PKC inhibitor,CDK2|GSK3B,HKSZLNNOFSGOKW-FYTWVXJKSA-N,"InChI=1S/C28H26N4O3/c1-28-26(34-3)17(29-2)12-20(35-28)31-18-10-6-4-8-14(18)22-23-16(13-30-27(23)33)21-15-9-5-7-11-19(15)32(28)25(21)24(22)31/h4-11,17,20,26,29H,12-13H2,1-3H3,(H,30,33)/t17-,20-,26-,28+/m1/s1",15148,CN[C@@H]1C[C@H]2O[C@@](C)([C@@H]1OC)n3c4ccccc4c5c6CNC(=O)c6c7c8ccccc8n2c7c35,NA
Input,Rimantadine,0.21205652,InputSig,NA,NA,LINCSCP_143321,MCF7,10uM,24h,breast,Antiviral|RNA synthesis inhibitor,NA,UBCHPRBFMUDMNC-WBLSUYMSSA-N,"InChI=1S/C12H21N/c1-8(13)12-5-9-2-10(6-12)4-11(3-9)7-12/h8-11H,2-7,13H2,1H3/t8?,9-,10-,11-,12-",23435,CC(N)[C@@]12C[C@@H]3C[C@@H](C[C@H](C3)C1)C2,NA
Input,Rimantadine,0.21205652,InputSig,NA,NA,LINCSCP_143321,MCF7,10uM,24h,breast,Antiviral|RNA synthesis inhibitor,NA,UBCHPRBFMUDMNC-UHFFFAOYSA-N,"InChI=1S/C12H21N/c1-8(13)12-5-9-2-10(6-12)4-11(3-9)7-12/h8-11H,2-7,13H2,1H3",36377,CC(N)C12CC3CC(CC(C3)C1)C2,4
Input,Tubaic acid,0.21163019,InputSig,NA,NA,LINCSCP_6738,A549,10uM,24h,lung,Mitochondrial complex I inhibitor|NADH-ubiquinone oxidoreductase (Complex I) inhibitor,NA,CMXGHLJKXLIMAQ-UHFFFAOYSA-N,"InChI=1S/C12H12O4/c1-6(2)10-5-8-9(16-10)4-3-7(11(8)13)12(14)15/h3-4,10,13H,1,5H2,2H3,(H,14,15)",32813,CC(=C)C1Cc2c(O)c(ccc2O1)C(=O)O,NA
Input,CHEMBL2138369,0.21160922,InputSig,NA,NA,LINCSCP_20953,HCC515,10uM,24h,lung,NA,NA,DKFJGYQTLBOWCX-MKGJDZFWSA-N,"InChI=1S/C33H42N4O4/c1-6-9-32(38)35-27-15-16-30-28(18-27)33(39)36(4)21-31(40-5)23(2)19-37(24(3)22-41-30)20-25-11-13-26(14-12-25)29-10-7-8-17-34-29/h7-8,10-18,23-24,31H,6,9,19-22H2,1-5H3,(H,35,38)/t23-,24-,31-/m0/s1",40043,CCCC(=O)Nc1ccc2OC[C@H](C)N(Cc3ccc(cc3)c4ccccn4)C[C@H](C)[C@H](CN(C)C(=O)c2c1)OC,NA
Input,SCH-28080,0.21138509,InputSig,NA,NA,LINCSCP_122974,HT29,10uM,24h,large intestine,ATPase inhibitor,ATP4A,PYKJFEPAUKAXNN-UHFFFAOYSA-N,"InChI=1S/C17H15N3O/c1-13-15(9-10-18)20-11-5-8-16(17(20)19-13)21-12-14-6-3-2-4-7-14/h2-8,11H,9,12H2,1H3",35863,Cc1nc2c(OCc3ccccc3)cccn2c1CC#N,NA
Input,TPCA-1,0.21136458,InputSig,NA,NA,LINCSCP_82980,ASC.C,3.33uM,24h,NA,IKK inhibitor,IKBKB,SAYGKHKXGCPTLX-UHFFFAOYSA-N,"InChI=1S/C12H10FN3O2S/c13-7-3-1-6(2-4-7)9-5-8(10(14)17)11(19-9)16-12(15)18/h1-5H,(H2,14,17)(H3,15,16,18)",37816,NC(=O)Nc1sc(cc1C(=O)N)c2ccc(F)cc2,NA
Input,Verapamil,0.21123075,InputSig,NA,NA,LINCSCP_90958,HA1E,1.11uM,24h,kidney epithelial,Calcium channel blocker,CACNA1C|CACNA1D|CACNA1F|CACNA1G|CACNA1S,SGTNSNPWRIOYBX-UHFFFAOYSA-N,"InChI=1S/C27H38N2O4/c1-20(2)27(19-28,22-10-12-24(31-5)26(18-22)33-7)14-8-15-29(3)16-13-21-9-11-23(30-4)25(17-21)32-6/h9-12,17-18,20H,8,13-16H2,1-7H3",15173,COc1ccc(CCN(C)CCCC(C#N)(C(C)C)c2ccc(OC)c(OC)c2)cc1OC,4
Input,CHEMBL3182395,0.21102432,InputSig,NA,NA,LINCSCP_111972,HEPG2,3.33uM,24h,liver,MEK inhibitor,MAP2K5|MAPK7,HOMJAAIVTDVQJA-UHFFFAOYSA-N,"InChI=1S/C27H28N4O2/c1-30(2)17-18-9-8-12-21(15-18)28-25(19-10-6-5-7-11-19)24-22-14-13-20(27(33)31(3)4)16-23(22)29-26(24)32/h5-16,28H,17H2,1-4H3,(H,29,32)",34319,CN(C)Cc1cccc(c1)\N=C(/c2ccccc2)\c3c(O)[nH]c4cc(ccc34)C(=O)N(C)C,NA
Input,ALD1-H_000553,0.21102361,InputSig,NA,NA,LINCSCP_190621,A549,10uM,24h,lung,NA,NA,GRZYSBZPIRQMCQ-LFIBNONCSA-N,"InChI=1S/C15H20N2O3/c1-12-7-5-6-8-13(12)11-16-17-14(18)9-3-2-4-10-15(19)20/h5-8,11H,2-4,9-10H2,1H3,(H,17,18)(H,19,20)/b16-11+",1,Cc1ccccc1\C=N\NC(=O)CCCCCC(=O)O,NA
Input,Pyrilamine,0.2106184,InputSig,NA,NA,LINCSCP_44425,PC3,10uM,24h,prostate,Histamine receptor antagonist,HRH1,YECBIJXISLIIDS-UHFFFAOYSA-N,"InChI=1S/C17H23N3O/c1-19(2)12-13-20(17-6-4-5-11-18-17)14-15-7-9-16(21-3)10-8-15/h4-11H,12-14H2,1-3H3",16093,COc1ccc(CN(CCN(C)C)c2ccccn2)cc1,4
Input,2-Fluoroadenosine,0.21048989,InputSig,NA,NA,LINCSCP_20145,HCC515,10uM,6h,lung,DNA synthesis inhibitor,RRM1,HBUBKKRHXORPQB-UUOKFMHZSA-N,"InChI=1S/C10H12FN5O4/c11-10-14-7(12)4-8(15-10)16(2-13-4)9-6(19)5(18)3(1-17)20-9/h2-3,5-6,9,17-19H,1H2,(H2,12,14,15)/t3-,5-,6-,9-/m1/s1",36315,Nc1nc(F)nc2c1ncn2[C@@H]3O[C@H](CO)[C@@H](O)[C@H]3O,NA
Input,AC1L1IKY,0.2104691,InputSig,NA,NA,LINCSCP_122997,HT29,0.04uM,24h,large intestine,NA,NA,QRJJEGAJXVEBNE-UHFFFAOYSA-N,"InChI=1S/C18H13Cl4N3O/c19-13-2-1-12(16(21)7-13)10-26-24-18(9-25-6-5-23-11-25)15-4-3-14(20)8-17(15)22/h1-8,11H,9-10H2",7069,Clc1ccc(CON=C(Cn2ccnc2)c3ccc(Cl)cc3Cl)c(Cl)c1,NA
Input,Cytochalasin B,0.21045984,InputSig,NA,NA,LINCSCP_12938,EFO27,10uM,6h,ovary,Microtubule inhibitor,ACTB,GBOGMAARMMDZGR-FFXRSMCQSA-N,"InChI=1S/C29H37NO5/c1-18-9-7-13-22(31)15-16-25(32)35-29-23(14-8-10-18)27(33)20(3)19(2)26(29)24(30-28(29)34)17-21-11-5-4-6-12-21/h4-6,8,11-12,14-16,18-19,22-24,26-27,31,33H,3,7,9-10,13,17H2,1-2H3,(H,30,34)/b14-8+,16-15-/t18-,19-,22-,23+,24+,26+,27-,29-/m1/s1",27318,C[C@@H]1CCC[C@@H](O)\C=C/C(=O)O[C@]23[C@@H](\C=C\C1)[C@H](O)C(=C)[C@@H](C)[C@H]2[C@H](Cc4ccccc4)NC3=O,NA
Input,Cytochalasin B,0.21045984,InputSig,NA,NA,LINCSCP_12938,EFO27,10uM,6h,ovary,Microtubule inhibitor,ACTB,GBOGMAARMMDZGR-TYHYBEHESA-N,"InChI=1S/C29H37NO5/c1-18-9-7-13-22(31)15-16-25(32)35-29-23(14-8-10-18)27(33)20(3)19(2)26(29)24(30-28(29)34)17-21-11-5-4-6-12-21/h4-6,8,11-12,14-16,18-19,22-24,26-27,31,33H,3,7,9-10,13,17H2,1-2H3,(H,30,34)/b14-8+,16-15+/t18-,19-,22-,23+,24+,26+,27-,29-/m1/s1",24524,C[C@@H]1CCC[C@@H](O)\C=C\C(=O)O[C@]23[C@@H](\C=C\C1)[C@H](O)C(=C)[C@@H](C)[C@H]2[C@H](Cc4ccccc4)NC3=O,NA
Input,C30H33N3O5S,0.21044207,InputSig,NA,NA,LINCSCP_39340,MDAMB231,0.1uM,24h,NA,ATM kinase inhibitor,ATM,SCELLOWTHJGVIC-UHFFFAOYSA-N,"InChI=1S/C30H33N3O5S/c1-19-16-32(17-20(2)37-19)18-28(35)31-23-6-7-27-22(13-23)12-21-4-3-5-25(30(21)39-27)26-14-24(34)15-29(38-26)33-8-10-36-11-9-33/h3-7,13-15,19-20H,8-12,16-18H2,1-2H3,(H,31,35)",99,CC1CN(CC(=O)Nc2ccc3Sc4c(Cc3c2)cccc4C5=CC(=O)C=C(O5)N6CCOCC6)CC(C)O1,NA
Input,AZD5363,0.21029856,InputSig,NA,NA,LINCSCP_175580,YAPC,10uM,24h,pancreas,AKT inhibitor,AKT1|AKT2|AKT3,JDUBGYFRJFOXQC-KRWDZBQOSA-N,"InChI=1S/C21H25ClN6O2/c22-15-3-1-14(2-4-15)17(6-12-29)27-20(30)21(23)7-10-28(11-8-21)19-16-5-9-24-18(16)25-13-26-19/h1-5,9,13,17,29H,6-8,10-12,23H2,(H,27,30)(H,24,25,26)/t17-/m0/s1",27068,NC1(CCN(CC1)c2ncnc3[nH]ccc23)C(=O)N[C@@H](CCO)c4ccc(Cl)cc4,NA
Input,Amidate,0.21026029,InputSig,NA,NA,LINCSCP_158426,PC3,0.04uM,24h,prostate,GABA receptor modulator,GABRA1|GABRA2|GABRA3|GABRA4|GABRA5|GABRA6|GABRB1|GABRB2|GABRB3|GABRD|GABRE|GABRG1|GABRG2|GABRG3|GABRP|GABRQ,NPUKDXXFDDZOKR-UHFFFAOYSA-N,"InChI=1S/C14H16N2O2/c1-3-18-14(17)13-9-15-10-16(13)11(2)12-7-5-4-6-8-12/h4-11H,3H2,1-2H3",15266,CCOC(=O)c1cncn1C(C)c2ccccc2,NA
Input,BRD-K63926219,0.21021876,InputSig,NA,NA,LINCSCP_62674,VCAP,5uM,24h,prostate,NA,NA,KXSIODNMTPRENB-PFSLXQJOSA-N,"InChI=1S/C21H28N2O6/c1-27-19(25)10-14-9-16-15-8-13(23-21(26)22-12-4-2-3-5-12)6-7-17(15)29-20(16)18(11-24)28-14/h6-8,12,14,16,18,20,24H,2-5,9-11H2,1H3,(H2,22,23,26)/t14-,16-,18-,20+/m0/s1",936,COC(=O)C[C@@H]1C[C@@H]2[C@@H](Oc3ccc(NC(=O)NC4CCCC4)cc23)[C@H](CO)O1,NA
Input,Semaxanib,0.21012322,InputSig,NA,NA,LINCSCP_172536,YAPC,0.04uM,24h,pancreas,VEGFR inhibitor,FLT1|FLT4|KDR|KIT|PDGFRB,WUWDLXZGHZSWQZ-WQLSENKSSA-N,"InChI=1S/C15H14N2O/c1-9-7-10(2)16-14(9)8-12-11-5-3-4-6-13(11)17-15(12)18/h3-8,16H,1-2H3,(H,17,18)/b12-8-",17049,Cc1cc(C)c(\C=C\2/C(=O)Nc3ccccc23)[nH]1,3
Input,"6,10,10B-Trihydroxy-3,4a,7,7,10a-pentamethyl-1-oxo-3-vinyldodecahydro-1H-benzo[f]chromen-5-yl acetate",0.20966521,InputSig,NA,NA,LINCSCP_30440,MCF7,10uM,24h,breast,Adenylyl cyclase activator,ADCY2,OHCQJHSOBUTRHG-UHFFFAOYSA-N,"InChI=1S/C22H34O7/c1-8-19(5)11-14(25)22(27)20(6)13(24)9-10-18(3,4)16(20)15(26)17(28-12(2)23)21(22,7)29-19/h8,13,15-17,24,26-27H,1,9-11H2,2-7H3",36248,CC(=O)OC1C(O)C2C(C)(C)CCC(O)C2(C)C3(O)C(=O)CC(C)(OC13C)C=C,NA
Input,Quercetin,0.20965778,InputSig,NA,NA,LINCSCP_99330,HA1E,10uM,24h,kidney epithelial,Polar auxin transport inhibitor,PIK3CG,REFJWTPEDVJJIY-UHFFFAOYSA-N,"InChI=1S/C15H10O7/c16-7-4-10(19)12-11(5-7)22-15(14(21)13(12)20)6-1-2-8(17)9(18)3-6/h1-5,16-19,21H",36192,OC1=C(Oc2cc(O)cc(O)c2C1=O)c3ccc(O)c(O)c3,NA
Input,"MEK162 (ARRY-162, ARRY-438162)",0.20961067,InputSig,NA,NA,LINCSCP_108409,HELA,1.11uM,24h,large intestine,Dual specificity mitogen-activated protein kinase kinase 1 inhibitor|Dual specificity mitogen-activated protein kinase kinase 2 inhibitor,MAP2K1|MAP2K2,ACWZRVQXLIRSDF-UHFFFAOYSA-N,"InChI=1S/C17H15BrF2N4O3/c1-24-8-21-16-13(24)7-10(17(26)23-27-5-4-25)15(14(16)20)22-12-3-2-9(18)6-11(12)19/h2-3,6-8,22,25H,4-5H2,1H3,(H,23,26)",26840,Cn1cnc2c(F)c(Nc3ccc(Br)cc3F)c(cc12)C(=O)NOCCO,3
Input,BRD-K40471863,0.20959172,InputSig,NA,NA,LINCSCP_8734,A549,5uM,24h,lung,NA,NA,ZCKQQEZZHOAJHU-SJBKTWHCSA-N,"InChI=1S/C23H26N4O4/c28-15-20-22-17-5-1-2-6-18(17)26(23(30)16-4-3-7-24-12-16)13-19(22)27(20)21(29)14-25-8-10-31-11-9-25/h1-7,12,19-20,22,28H,8-11,13-15H2/t19-,20-,22+/m1/s1",32734,OC[C@@H]1[C@@H]2[C@@H](CN(C(=O)c3cccnc3)c4ccccc24)N1C(=O)CN5CCOCC5,NA
Input,BRD-K06619089,0.20942439,InputSig,NA,NA,LINCSCP_63469,VCAP,5uM,24h,prostate,NA,NA,LCHNJAZNAXXEPD-SCDRESIJSA-N,"InChI=1S/C26H33N5O5/c32-20-16-31(26(34)22-15-27-8-9-28-22)23-7-6-21(36-24(23)18-35-17-20)14-25(33)30-12-10-29(11-13-30)19-4-2-1-3-5-19/h1-5,8-9,15,20-21,23-24,32H,6-7,10-14,16-18H2/t20-,21+,23+,24-/m0/s1",10207,O[C@@H]1COC[C@@H]2O[C@@H](CC(=O)N3CCN(CC3)c4ccccc4)CC[C@H]2N(C1)C(=O)c5cnccn5,NA
Input,STK009254,0.20917709,InputSig,NA,NA,LINCSCP_144276,MCF7,3.33uM,24h,breast,Sodium channel blocker,INS,JYIJIIVLEOETIQ-RFPFOJJUSA-N,"InChI=1S/C15H24N2O/c18-15-6-3-5-14-11-8-12(10-17(14)15)13-4-1-2-7-16(13)9-11/h11-14H,1-10H2/t11?,12?,13-,14?/m0/s1",477,O=C1CCCC2C3CC(CN12)[C@@H]4CCCCN4C3,NA
Input,Sertaconazole,0.20916095,InputSig,NA,NA,LINCSCP_110723,HELA,0.12uM,24h,large intestine,Cytochrome P450 51 inhibitor,NA,JLGKQTAYUIMGRK-UHFFFAOYSA-N,"InChI=1S/C20H15Cl3N2OS/c21-14-4-5-16(18(23)8-14)19(9-25-7-6-24-12-25)26-10-13-11-27-20-15(13)2-1-3-17(20)22/h1-8,11-12,19H,9-10H2",15344,Clc1ccc(C(Cn2ccnc2)OCc3csc4c(Cl)cccc34)c(Cl)c1,4
Input,127408-30-4,0.20907415,InputSig,NA,NA,LINCSCP_75541,A375,0.04uM,24h,skin,Potassium channel activator,KCNJ8,RHFUXPCCELGMFC-UXHICEINSA-N,"InChI=1S/C21H22N2O4/c1-14(24)23(26-13-15-7-5-4-6-8-15)19-17-11-16(12-22)9-10-18(17)27-21(2,3)20(19)25/h4-11,19-20,25H,13H2,1-3H3/t19-,20+/m1/s1",15649,CC(=O)N(OCc1ccccc1)[C@H]2[C@H](O)C(C)(C)Oc3ccc(cc23)C#N,NA
Input,ZINC03977775,0.20905398,InputSig,NA,NA,LINCSCP_273339,PC3,10uM,24h,prostate,Glucocorticoid receptor agonist,NR3C1,ILKJAFIWWBXGDU-KNPIAJNZSA-N,"InChI=1S/C28H35FO7/c1-16(30)34-15-22(33)28-23(35-26(36-28)9-4-5-10-26)13-20-19-7-6-17-12-18(31)8-11-24(17,2)27(19,29)21(32)14-25(20,28)3/h8,11-12,19-21,23,32H,4-7,9-10,13-15H2,1-3H3/t19-,20+,21+,23-,24+,25+,27+,28-/m1/s1",1567,CC(=O)OCC(=O)[C@@]12OC3(CCCC3)O[C@@H]1C[C@H]4[C@H]5CCC6=CC(=O)C=C[C@]6(C)[C@@]5(F)[C@@H](O)C[C@]24C,NA
Input,PIK-93,0.20903707,InputSig,NA,NA,LINCSCP_131011,MCF10A,1.11uM,3h,breast epithelial,NA,NA,JFVNFXCESCXMBC-UHFFFAOYSA-N,"InChI=1S/C14H16ClN3O4S2/c1-8-13(23-14(17-8)18-9(2)20)10-3-4-11(15)12(7-10)24(21,22)16-5-6-19/h3-4,7,16,19H,5-6H2,1-2H3,(H,17,18,20)",34323,CC(=O)Nc1nc(C)c(s1)c2ccc(Cl)c(c2)S(=O)(=O)NCCO,NA
Input,ATN-161 (trifluoroacetate salt),0.20902116,InputSig,NA,NA,LINCSCP_170323,YAPC,3.33uM,24h,pancreas,NA,NA,MMHDBUJXLOFTLC-WOYTXXSLSA-N,"InChI=1S/C23H35N9O8S/c1-11(34)32-4-2-3-17(32)23(40)29-14(5-12-7-26-10-27-12)20(37)30-15(8-33)21(38)31-16(9-41)22(39)28-13(19(25)36)6-18(24)35/h7,10,13-17,33,41H,2-6,8-9H2,1H3,(H2,24,35)(H2,25,36)(H,26,27)(H,28,39)(H,29,40)(H,30,37)(H,31,38)/t13-,14-,15-,16-,17-/m0/s1",26505,CC(=O)N1CCC[C@H]1C(=O)N[C@@H](Cc2c[nH]cn2)C(=O)N[C@@H](CO)C(=O)N[C@@H](CS)C(=O)N[C@@H](CC(=O)N)C(=O)N,NA
Input,"Carbazole, 9-(4-methylbenzoyl)-",0.20898399,InputSig,NA,NA,LINCSCP_25960,HT29,10uM,24h,large intestine,NA,NA,AWZNVFKAFFHLEY-UHFFFAOYSA-N,"InChI=1S/C20H15NO/c1-14-10-12-15(13-11-14)20(22)21-18-8-4-2-6-16(18)17-7-3-5-9-19(17)21/h2-13H,1H3",15883,Cc1ccc(cc1)C(=O)n2c3ccccc3c4ccccc24,NA
Input,SB-216763,0.20897765,InputSig,NA,NA,LINCSCP_54271,SW620,10uM,6h,large intestine,Glycogen synthase kinase inhibitor,GSK3B,JCSGFHVFHSKIJH-UHFFFAOYSA-N,"InChI=1S/C19H12Cl2N2O2/c1-23-9-13(11-4-2-3-5-15(11)23)17-16(18(24)22-19(17)25)12-7-6-10(20)8-14(12)21/h2-9H,1H3,(H,22,24,25)",37835,Cn1cc(C2=C(C(=O)NC2=O)c3ccc(Cl)cc3Cl)c4ccccc14,NA
Input,CHIR-265,0.20882934,InputSig,NA,NA,LINCSCP_114627,HME1,1.11uM,24h,breast,Serine/threonine-protein kinase B-raf inhibitor|Vascular endothelial growth factor receptor 2 inhibitor,BRAF|KDR,YABJJWZLRMPFSI-UHFFFAOYSA-N,"InChI=1S/C24H16F6N6O/c1-36-19-7-6-15(10-17(19)34-22(36)33-14-4-2-13(3-5-14)23(25,26)27)37-16-8-9-31-18(11-16)21-32-12-20(35-21)24(28,29)30/h2-12H,1H3,(H,32,35)(H,33,34)",15146,Cn1c(Nc2ccc(cc2)C(F)(F)F)nc3cc(Oc4ccnc(c4)c5ncc([nH]5)C(F)(F)F)ccc13,2
Input,Spiramide,0.20848846,InputSig,NA,NA,LINCSCP_18986,HCC515,10uM,24h,lung,Dopamine receptor antagonist|Serotonin receptor antagonist,HTR1A|HTR2A,FJUKDAZEABGEIH-UHFFFAOYSA-N,"InChI=1S/C22H26FN3O2/c23-18-7-9-20(10-8-18)28-16-4-13-25-14-11-22(12-15-25)21(27)24-17-26(22)19-5-2-1-3-6-19/h1-3,5-10H,4,11-17H2,(H,24,27)",36167,Fc1ccc(OCCCN2CCC3(CC2)N(CNC3=O)c4ccccc4)cc1,NA
Input,BRD-K02279849,0.20848279,InputSig,NA,NA,LINCSCP_296624,VCAP,5uM,6h,prostate,NA,NA,LBSHWJURJCXAHO-VKIDHGPPSA-N,"InChI=1S/C29H40N4O6/c1-18(2)30-29(36)31-23-7-9-24-22(11-23)12-28(35)33(20(4)16-34)13-19(3)27(39-24)15-32(5)14-21-6-8-25-26(10-21)38-17-37-25/h6-11,18-20,27,34H,12-17H2,1-5H3,(H2,30,31,36)/t19-,20+,27-/m0/s1",31753,CC(C)NC(=O)Nc1ccc2O[C@@H](CN(C)Cc3ccc4OCOc4c3)[C@@H](C)CN([C@H](C)CO)C(=O)Cc2c1,NA
Input,apigenin,0.20837437,InputSig,NA,NA,LINCSCP_115358,HS578T,1.11uM,3h,breast,Casein kinase inhibitor|Cell proliferation inhibitor|Cytochrome P450 inhibitor,NA,NA,NA,NA,NA,NA
Input,Clemizole,0.2083195,InputSig,NA,NA,LINCSCP_121585,HT29,1.11uM,24h,large intestine,HCV inhibitor,NA,CJXAEXPPLWQRFR-UHFFFAOYSA-N,"InChI=1S/C19H20ClN3/c20-16-9-7-15(8-10-16)13-23-18-6-2-1-5-17(18)21-19(23)14-22-11-3-4-12-22/h1-2,5-10H,3-4,11-14H2",16274,Clc1ccc(Cn2c(CN3CCCC3)nc4ccccc24)cc1,1
Input,BRD-K33762302,0.20822572,InputSig,NA,NA,LINCSCP_180515,A375,10uM,6h,skin,NA,NA,OZYYCECXSZQYIA-GNBJCERTSA-N,"InChI=1S/C29H32ClFN4O6S/c1-18-15-35(19(2)17-36)28(37)24-5-4-6-25(33-29(38)32-22-11-9-21(31)10-12-22)27(24)41-26(18)16-34(3)42(39,40)23-13-7-20(30)8-14-23/h4-14,18-19,26,36H,15-17H2,1-3H3,(H2,32,33,38)/t18-,19+,26+/m0/s1",23379,C[C@H](CO)N1C[C@H](C)[C@@H](CN(C)S(=O)(=O)c2ccc(Cl)cc2)Oc3c(NC(=O)Nc4ccc(F)cc4)cccc3C1=O,NA
Input,LY2090314,0.20822076,InputSig,NA,NA,LINCSCP_109644,HELA,0.37uM,24h,large intestine,Glycogen synthase kinase-3 alpha inhibitor|Glycogen synthase kinase-3 beta inhibitor,GSK3A|GSK3B,HRJWTAWVFDCTGO-UHFFFAOYSA-N,"InChI=1S/C28H25FN6O3/c29-18-12-17-15-34(28(38)32-7-3-1-4-8-32)11-10-33-16-20(19(13-18)25(17)33)23-24(27(37)31-26(23)36)21-14-30-22-6-2-5-9-35(21)22/h2,5-6,9,12-14,16H,1,3-4,7-8,10-11,15H2,(H,31,36,37)",27115,Fc1cc2CN(CCn3cc(C4=C(C(=O)NC4=O)c5cnc6ccccn56)c(c1)c23)C(=O)N7CCCCC7,2
Input,BRD-K86011921,0.20818731,InputSig,NA,NA,LINCSCP_312059,VCAP,10uM,24h,prostate,NA,NA,ULSHRNFHFOMVNH-UWWLJTJFSA-N,"InChI=1S/C36H45F3N4O5/c1-24-20-43(25(2)23-44)35(46)31-19-30(41-34(45)28-14-16-40-17-15-28)12-13-32(31)48-26(3)7-5-6-18-47-33(24)22-42(4)21-27-8-10-29(11-9-27)36(37,38)39/h8-17,19,24-26,33,44H,5-7,18,20-23H2,1-4H3,(H,41,45)/t24-,25-,26+,33-/m0/s1",13803,C[C@@H](CO)N1C[C@H](C)[C@H](CN(C)Cc2ccc(cc2)C(F)(F)F)OCCCC[C@@H](C)Oc3ccc(NC(=O)c4ccncc4)cc3C1=O,NA
Input,"Epothilone B (EPO906, Patupilone)",0.20815368,InputSig,NA,NA,LINCSCP_125514,HT29,1.11uM,24h,large intestine,NA,NA,QXRSDHAAWVKZLJ-AXCXJGFASA-N,"InChI=1S/C27H41NO6S/c1-15-9-8-10-27(7)22(34-27)12-20(16(2)11-19-14-35-18(4)28-19)33-23(30)13-21(29)26(5,6)25(32)17(3)24(15)31/h11,14-15,17,20-22,24,29,31H,8-10,12-13H2,1-7H3/b16-11+/t15-,17+,20+,21+,22-,24-,27+/m0/s1",27199,C[C@H]1CCC[C@@]2(C)O[C@H]2C[C@@H](OC(=O)C[C@@H](O)C(C)(C)C(=O)[C@H](C)[C@H]1O)\C(=C\c3csc(C)n3)\C,NA
Input,Neostigmine,0.20800901,InputSig,NA,NA,LINCSCP_119729,HT29,0.37uM,24h,large intestine,Acetylcholinesterase inhibitor,ACHE,ALWKGYPQUAPLQC-UHFFFAOYSA-N,"InChI=1S/C12H19N2O2/c1-13(2)12(15)16-11-8-6-7-10(9-11)14(3,4)5/h6-9H,1-5H3/q+1",16310,CN(C)C(=O)Oc1cccc(c1)[N+](C)(C)C,4
Input,BRD-K73080020,0.20800007,InputSig,NA,NA,LINCSCP_65337,VCAP,10uM,24h,prostate,NA,NA,LUSCQGWIOGZNHP-SXDGJLEOSA-N,"InChI=1S/C30H40N2O7S2/c1-22-19-32(23(2)21-33)41(36,37)30-17-16-25(13-9-12-24-10-5-6-11-24)18-27(30)39-28(22)20-31(3)40(34,35)29-15-8-7-14-26(29)38-4/h7-8,14-18,22-24,28,33H,5-6,10-12,19-21H2,1-4H3/t22-,23+,28+/m0/s1",25672,COc1ccccc1S(=O)(=O)N(C)C[C@H]2Oc3cc(ccc3S(=O)(=O)N(C[C@@H]2C)[C@H](C)CO)C#CCC4CCCC4,NA
Input,CHEMBL2354415,0.20794425,InputSig,NA,NA,LINCSCP_61539,VCAP,5uM,6h,prostate,NA,NA,RWOMJVAVZPFCIF-QLVXXPONSA-N,"InChI=1S/C30H33N3O5S/c1-21-17-33(22(2)19-34)30(35)28-14-7-6-13-27(28)26-12-5-4-10-24(26)20-38-29(21)18-32(3)39(36,37)25-11-8-9-23(15-25)16-31/h4-15,21-22,29,34H,17-20H2,1-3H3/t21-,22-,29+/m1/s1",17423,C[C@H](CO)N1C[C@@H](C)[C@H](CN(C)S(=O)(=O)c2cccc(c2)C#N)OCc3ccccc3c4ccccc4C1=O,NA
Input,MLS003649975,0.20788305,InputSig,NA,NA,LINCSCP_62108,VCAP,5uM,6h,prostate,NA,NA,LRDWIZFOJOHHOT-CDHQVMDDSA-N,"InChI=1S/C21H22Cl2N2O5S/c22-17-8-6-14(10-18(17)23)12-24-21(27)11-15-7-9-19(20(13-26)30-15)25-31(28,29)16-4-2-1-3-5-16/h1-10,15,19-20,25-26H,11-13H2,(H,24,27)/t15-,19-,20-/m1/s1",37708,OC[C@H]1O[C@@H](CC(=O)NCc2ccc(Cl)c(Cl)c2)C=C[C@H]1NS(=O)(=O)c3ccccc3,NA
Input,EX527,0.20774274,InputSig,NA,NA,LINCSCP_143294,MCF7,0.37uM,24h,breast,SIRT inhibitor,SIRT1,FUZYTVDVLBBXDL-UHFFFAOYSA-N,"InChI=1S/C13H13ClN2O/c14-7-4-5-11-10(6-7)8-2-1-3-9(13(15)17)12(8)16-11/h4-6,9,16H,1-3H2,(H2,15,17)",39848,NC(=O)C1CCCc2c1[nH]c3ccc(Cl)cc23,NA
Input,BRD-K76528265,0.20763631,InputSig,NA,NA,LINCSCP_311353,VCAP,10uM,24h,prostate,NA,NA,HABPCLIMXOARHP-WMTXJRDZSA-N,"InChI=1S/C25H26FN3O3/c1-27(2)13-3-4-17-5-7-18(8-6-17)24-21-14-28(15-23(31)29(21)22(24)16-30)25(32)19-9-11-20(26)12-10-19/h5-12,21-22,24,30H,13-16H2,1-2H3/t21-,22+,24+/m0/s1",13530,CN(C)CC#Cc1ccc(cc1)[C@H]2[C@@H](CO)N3[C@H]2CN(CC3=O)C(=O)c4ccc(F)cc4,NA
Input,SCHEMBL618594,0.20761513,InputSig,NA,NA,LINCSCP_84392,ASC,1.11uM,24h,adipose,NA,NA,KZLQLABUFJNPSZ-UHFFFAOYSA-N,"InChI=1S/C28H39N7O3/c1-18-15-25(36)34(3)23-17-29-28(32-26(23)35(18)21-7-5-6-8-21)31-22-10-9-19(16-24(22)38-4)27(37)30-20-11-13-33(2)14-12-20/h9-10,16-18,20-21H,5-8,11-15H2,1-4H3,(H,30,37)(H,29,31,32)",25573,COc1cc(ccc1Nc2ncc3N(C)C(=O)CC(C)N(C4CCCC4)c3n2)C(=O)NC5CCN(C)CC5,NA
Input,Tirasemtiv,0.20755261,InputSig,NA,NA,LINCSCP_123335,HT29,0.12uM,24h,large intestine,NA,NA,RSQGZEAXODVTOL-UHFFFAOYSA-N,"InChI=1S/C12H14N4O/c1-4-8-7-13-10-11(14-8)16(12(17)15-10)9(5-2)6-3/h1,7,9H,5-6H2,2-3H3,(H,13,15,17)",27153,CCC(CC)N1C(=O)Nc2ncc(nc12)C#C,NA
Input,Cromakalim,0.20748647,InputSig,NA,NA,LINCSCP_7135,A549,10uM,6h,lung,Potassium channel activator,KCNJ8,TVZCRIROJQEVOT-UHFFFAOYSA-N,"InChI=1S/C16H18N2O3/c1-16(2)15(20)14(18-7-3-4-13(18)19)11-8-10(9-17)5-6-12(11)21-16/h5-6,8,14-15,20H,3-4,7H2,1-2H3",35423,CC1(C)Oc2ccc(cc2C(C1O)N3CCCC3=O)C#N,NA
Input,Cromakalim,0.20748647,InputSig,NA,NA,LINCSCP_7135,A549,10uM,6h,lung,Potassium channel activator,KCNJ8,BVMDRSUIADWFLV-PNSAJKJISA-N,"InChI=1S/2C16H18N2O3/c2*1-16(2)15(20)14(18-7-3-4-13(18)19)11-8-10(9-17)5-6-12(11)21-16/h2*5-6,8,14-15,20H,3-4,7H2,1-2H3/t2*14-,15+/m10/s1",26574,CC1(C)Oc2ccc(cc2[C@@H]([C@H]1O)N3CCCC3=O)C#N.CC4(C)Oc5ccc(cc5[C@H]([C@@H]4O)N6CCCC6=O)C#N,NA
Input,Tyrphostin 23,0.20731195,InputSig,NA,NA,LINCSCP_289644,VCAP,10uM,24h,prostate,EGFR inhibitor|Tyrosine kinase inhibitor,EGFR,VTJXFTPMFYAJJU-UHFFFAOYSA-N,"InChI=1S/C10H6N2O2/c11-5-8(6-12)3-7-1-2-9(13)10(14)4-7/h1-4,13-14H",35815,Oc1ccc(C=C(C#N)C#N)cc1O,NA
Input,4L7B,0.20717327,InputSig,NA,NA,LINCSCP_38580,MCF7,0.41uM,24h,breast,Kelch-like ECH-associated protein ligand,KEAP1,LNENLABLFGGAFF-BHIFYINESA-N,"InChI=1S/C26H26N2O5/c29-23(20-11-5-6-12-21(20)26(32)33)27-14-13-16-7-1-2-8-17(16)22(27)15-28-24(30)18-9-3-4-10-19(18)25(28)31/h1-4,7-10,20-22H,5-6,11-15H2,(H,32,33)/t20-,21+,22-/m1/s1",39907,OC(=O)[C@H]1CCCC[C@H]1C(=O)N2CCc3ccccc3[C@H]2CN4C(=O)c5ccccc5C4=O,NA
Input,BRD-K39504007,0.20717007,InputSig,NA,NA,LINCSCP_277891,PC3,10uM,24h,prostate,NA,NA,MOMUNQNAFOIKEQ-GBPFJNKXSA-N,"InChI=1S/C24H32N2O5/c27-13-21-23-19(11-17(30-21)12-22(28)25-15-6-1-2-7-15)18-10-16(8-9-20(18)31-23)26-24(29)14-4-3-5-14/h8-10,14-15,17,19,21,23,27H,1-7,11-13H2,(H,25,28)(H,26,29)/t17-,19+,21+,23-/m0/s1",3015,OC[C@H]1O[C@H](CC(=O)NC2CCCC2)C[C@H]3[C@@H]1Oc4ccc(NC(=O)C5CCC5)cc34,NA
Input,Emtricitabine,0.20712016,InputSig,NA,NA,LINCSCP_106492,HELA,1.11uM,24h,large intestine,Human immunodeficiency virus type 1 reverse transcriptase inhibitor,NA,XQSPYNMVSIKCOC-NTSWFWBYSA-N,"InChI=1S/C8H10FN3O3S/c9-4-1-12(8(14)11-7(4)10)5-3-16-6(2-13)15-5/h1,5-6,13H,2-3H2,(H2,10,11,14)/t5-,6+/m0/s1",26930,NC1=NC(=O)N(C=C1F)[C@@H]2CS[C@H](CO)O2,4
Input,Rivaroxaban,0.20708917,InputSig,NA,NA,LINCSCP_108310,HELA,0.04uM,24h,large intestine,NA,NA,KGFYHTZWPPHNLQ-UHFFFAOYSA-N,"InChI=1S/C19H18ClN3O5S/c20-16-6-5-15(29-16)18(25)21-9-14-10-23(19(26)28-14)13-3-1-12(2-4-13)22-7-8-27-11-17(22)24/h1-6,14H,7-11H2,(H,21,25)",27151,Clc1ccc(s1)C(=O)NCC2CN(C(=O)O2)c3ccc(cc3)N4CCOCC4=O,NA
Input,Rivaroxaban,0.20708917,InputSig,NA,NA,LINCSCP_108310,HELA,0.04uM,24h,large intestine,NA,NA,KGFYHTZWPPHNLQ-AWEZNQCLSA-N,"InChI=1S/C19H18ClN3O5S/c20-16-6-5-15(29-16)18(25)21-9-14-10-23(19(26)28-14)13-3-1-12(2-4-13)22-7-8-27-11-17(22)24/h1-6,14H,7-11H2,(H,21,25)/t14-/m0/s1",23271,Clc1ccc(s1)C(=O)NC[C@H]2CN(C(=O)O2)c3ccc(cc3)N4CCOCC4=O,4
Input,BRN 1601185,0.20708255,InputSig,NA,NA,LINCSCP_27254,HT29,10uM,6h,large intestine,NA,NA,FCSIXXHVPJCRTN-UHFFFAOYSA-N,"InChI=1S/C19H23N3O4/c1-24-15-12-14(13-16(25-2)18(15)26-3)19(23)22-10-8-21(9-11-22)17-6-4-5-7-20-17/h4-7,12-13H,8-11H2,1-3H3",18238,COc1cc(cc(OC)c1OC)C(=O)N2CCN(CC2)c3ccccn3,NA
Input,SA-89068,0.20703556,InputSig,NA,NA,LINCSCP_37202,MCF7,0.5uM,6h,breast,NA,NA,JVQYZDSRPVTFBX-SOTYFPCESA-N,"InChI=1S/C35H40N4O6/c1-22-16-39(23(2)20-40)35(42)28-15-26(36-34(41)14-25-18-38(4)29-8-6-5-7-27(25)29)10-12-30(28)45-33(22)19-37(3)17-24-9-11-31-32(13-24)44-21-43-31/h5-13,15,18,22-23,33,40H,14,16-17,19-21H2,1-4H3,(H,36,41)/t22-,23+,33-/m1/s1",34129,C[C@@H](CO)N1C[C@@H](C)[C@@H](CN(C)Cc2ccc3OCOc3c2)Oc4ccc(NC(=O)Cc5cn(C)c6ccccc56)cc4C1=O,NA
Input,BRD-K10087454,0.20699689,InputSig,NA,NA,LINCSCP_8878,A549,10uM,24h,lung,NA,NA,KNZOATPLJIEOET-BILGYAHESA-N,"InChI=1S/C28H48N4O5/c1-19(2)29-28(35)31(8)17-26-20(3)16-32(21(4)18-33)27(34)24-15-23(30(6)7)12-13-25(24)37-22(5)11-9-10-14-36-26/h12-13,15,19-22,26,33H,9-11,14,16-18H2,1-8H3,(H,29,35)/t20-,21-,22-,26+/m1/s1",25480,CC(C)NC(=O)N(C)C[C@@H]1OCCCC[C@@H](C)Oc2ccc(cc2C(=O)N(C[C@H]1C)[C@H](C)CO)N(C)C,NA
Input,Prostoglandin A1,0.20697054,InputSig,NA,NA,LINCSCP_41840,NOMO1,1uM,6h,haematopoietic and lymphoid tissue,HSP inducer|NFkB pathway inhibitor,NA,BGKHCLZFGPIKKU-LDDQNKHRSA-N,"InChI=1S/C20H32O4/c1-2-3-6-9-17(21)14-12-16-13-15-19(22)18(16)10-7-4-5-8-11-20(23)24/h12-18,21H,2-11H2,1H3,(H,23,24)/b14-12+/t16-,17-,18+/m0/s1",37799,CCCCC[C@H](O)\C=C\[C@H]1C=CC(=O)[C@@H]1CCCCCCC(=O)O,NA
Input,BRD-K05912972,0.20694286,InputSig,NA,NA,LINCSCP_64739,VCAP,10uM,6h,prostate,NA,NA,HYEFXMLKRFQNEN-PWRHEVILSA-N,"InChI=1S/C34H48N4O7/c1-22-17-38(23(2)20-39)33(40)28-15-26(35-34(41)36-27-11-13-30-31(16-27)44-21-43-30)10-12-29(28)45-24(3)7-5-6-14-42-32(22)19-37(4)18-25-8-9-25/h10-13,15-16,22-25,32,39H,5-9,14,17-21H2,1-4H3,(H2,35,36,41)/t22-,23+,24-,32+/m0/s1",11745,C[C@H](CO)N1C[C@H](C)[C@@H](CN(C)CC2CC2)OCCCC[C@H](C)Oc3ccc(NC(=O)Nc4ccc5OCOc5c4)cc3C1=O,NA
Input,BRD-K50608366,0.20689555,InputSig,NA,NA,LINCSCP_61051,VCAP,5uM,24h,prostate,NA,NA,FPIGUEAYUNMTQH-YTZAWJCFSA-N,"InChI=1S/C27H35ClN4O5/c1-6-25(33)32-14-17(2)24(36-5)15-31(4)26(34)22-12-11-21(13-23(22)37-16-18(32)3)30-27(35)29-20-9-7-19(28)8-10-20/h7-13,17-18,24H,6,14-16H2,1-5H3,(H2,29,30,35)/t17-,18+,24+/m1/s1",38603,CCC(=O)N1C[C@@H](C)[C@H](CN(C)C(=O)c2ccc(NC(=O)Nc3ccc(Cl)cc3)cc2OC[C@@H]1C)OC,NA
Input,QL-X-138,0.20688779,InputSig,NA,NA,LINCSCP_49997,PHH,10uM,24h,NA,MTOR inhibitor,BTK|JAK3|MKNK2|MTOR|PRKDC,NA,NA,42747,NA,NA
Input,YL-59,0.2068603,InputSig,NA,NA,LINCSCP_47396,PC3,10uM,6h,prostate,NA,NA,GGLDQJNBYFODOM-HQYAZLBHSA-N,"InChI=1S/C103H184N40O26S/c1-13-55(6)77(141-87(161)62(29-23-45-123-99(113)114)130-82(156)60(27-21-43-121-97(109)110)128-74(147)38-48-119-58(9)144)93(167)135-65(32-35-72(104)145)84(158)134-68(39-49-170-12)86(160)137-70(51-54(4)5)89(163)138-69(50-53(2)3)88(162)133-66(33-36-75(148)149)81(155)127-56(7)79(153)126-57(8)80(154)136-71(52-73(105)146)90(164)132-64(31-25-47-125-101(117)118)92(166)143-103(11)41-19-17-15-14-16-18-40-102(10,94(168)139-59(78(106)152)26-20-42-120-96(107)108)142-91(165)63(30-24-46-124-100(115)116)131-83(157)61(28-22-44-122-98(111)112)129-85(159)67(140-95(103)169)34-37-76(150)151/h14-15,53-57,59-71,77H,13,16-52H2,1-12H3,(H2,104,145)(H2,105,146)(H2,106,152)(H,119,144)(H,126,153)(H,127,155)(H,128,147)(H,129,159)(H,130,156)(H,131,157)(H,132,164)(H,133,162)(H,134,158)(H,135,167)(H,136,154)(H,137,160)(H,138,163)(H,139,168)(H,140,169)(H,141,161)(H,142,165)(H,143,166)(H,148,149)(H,150,151)(H4,107,108,120)(H4,109,110,121)(H4,111,112,122)(H4,113,114,123)(H4,115,116,124)(H4,117,118,125)/b15-14-/t55-,56-,57-,59-,60-,61-,62-,63-,64-,65-,66-,67-,68-,69-,70-,71-,77-,102+,103+/m0/s1",5602,CC[C@H](C)[C@H](NC(=O)[C@H](CCCNC(=N)N)NC(=O)[C@H](CCCNC(=N)N)NC(=O)CCNC(=O)C)C(=O)N[C@@H](CCC(=O)N)C(=O)N[C@@H](CCSC)C(=O)N[C@@H](CC(C)C)C(=O)N[C@@H](CC(C)C)C(=O)N[C@@H](CCC(=O)O)C(=O)N[C@@H](C)C(=O)N[C@@H](C)C(=O)N[C@@H](CC(=O)N)C(=O)N[C@@H](CCCNC(=N)N)C(=O)N[C@]1(C)CCC\C=C/CCC[C@@](C)(NC(=O)[C@H](CCCNC(=N)N)NC(=O)[C@H](CCCNC(=N)N)NC(=O)[C@H](CCC(=O)O)NC1=O)C(=O)N[C@@H](CCCNC(=N)N)C(=O)N,NA
Input,Broad-Sai-443,0.20684855,InputSig,NA,NA,LINCSCP_20948,HCC515,0.12uM,24h,lung,NA,NA,NA,NA,NA,NA,NA
Input,SGX-523,0.20681165,InputSig,NA,NA,LINCSCP_101055,HCC515,0.37uM,24h,lung,Hepatocyte growth factor receptor inhibitor,MET,BCZUAADEACICHN-UHFFFAOYSA-N,"InChI=1S/C18H13N7S/c1-24-11-13(10-20-24)16-6-7-17-21-22-18(25(17)23-16)26-14-4-5-15-12(9-14)3-2-8-19-15/h2-11H,1H3",35286,Cn1cc(cn1)c2ccc3nnc(Sc4ccc5ncccc5c4)n3n2,1
Input,SCHEMBL15556278,0.20676391,InputSig,NA,NA,LINCSCP_114667,HME1,10uM,24h,breast,Ephrin inhibitor,DDR1,IYUFHBXMTTXZBE-UHFFFAOYSA-N,"InChI=1S/C23H18F3N5O3/c1-13-3-4-17(10-19(13)30-22(33)20-5-6-28-34-20)29-21(32)15-7-16(23(24,25)26)9-18(8-15)31-11-14(2)27-12-31/h3-12H,1-2H3,(H,29,32)(H,30,33)",24692,Cc1cn(cn1)c2cc(cc(c2)C(F)(F)F)C(=O)Nc3ccc(C)c(NC(=O)c4oncc4)c3,NA
Input,Bisindolylmaleimide IX,0.20669076,InputSig,NA,NA,LINCSCP_22729,HEPG2,10uM,6h,liver,PKC inhibitor,SIRT1,DSXXEELGXBCYNQ-UHFFFAOYSA-N,"InChI=1S/C25H23N5O2S/c1-29-13-17(15-7-2-4-9-19(15)29)21-22(24(32)28-23(21)31)18-14-30(11-6-12-33-25(26)27)20-10-5-3-8-16(18)20/h2-5,7-10,13-14H,6,11-12H2,1H3,(H3,26,27)(H,28,31,32)",35487,Cn1cc(C2=C(C(=O)NC2=O)c3cn(CCCSC(=N)N)c4ccccc34)c5ccccc15,NA
Input,SB239063,0.20657965,InputSig,NA,NA,LINCSCP_149364,NPC,0.37uM,24h,neural progenitor cells,P38 MAPK inhibitor,MAPK11|MAPK14,ZQUSFAUAYSEREK-UHFFFAOYSA-N,"InChI=1S/C20H21FN4O2/c1-27-20-22-11-10-17(24-20)19-18(13-2-4-14(21)5-3-13)23-12-25(19)15-6-8-16(26)9-7-15/h2-5,10-12,15-16,26H,6-9H2,1H3",35263,COc1nccc(n1)c2c(ncn2C3CCC(O)CC3)c4ccc(F)cc4,NA
Input,Diclofensine (hydrochloride),0.20657932,InputSig,NA,NA,LINCSCP_139817,MCF7,0.04uM,24h,breast,NA,NA,ZJDCGVDEEHWEIG-UHFFFAOYSA-N,"InChI=1S/C17H17Cl2NO/c1-20-9-12-7-13(21-2)4-5-14(12)15(10-20)11-3-6-16(18)17(19)8-11/h3-8,15H,9-10H2,1-2H3",26832,COc1ccc2C(CN(C)Cc2c1)c3ccc(Cl)c(Cl)c3,NA
Input,BRD-K45735142,0.20652011,InputSig,NA,NA,LINCSCP_60766,VCAP,5uM,24h,prostate,NA,NA,DSHPDBIZJLDJKA-KHCICDEESA-N,"InChI=1S/C25H37N5O5/c1-18-12-30(19(2)16-31)25(32)5-4-8-29-14-21(26-27-29)17-35-24(18)15-28(3)13-20-6-7-22-23(11-20)34-10-9-33-22/h6-7,11,14,18-19,24,31H,4-5,8-10,12-13,15-17H2,1-3H3/t18-,19-,24-/m1/s1",23488,C[C@H](CO)N1C[C@@H](C)[C@@H](CN(C)Cc2ccc3OCCOc3c2)OCc4cn(CCCC1=O)nn4,NA
Input,Naftopidil,0.20645684,InputSig,NA,NA,LINCSCP_156805,PC3,3.33uM,24h,prostate,Adrenergic receptor antagonist,NA,HRRBJVNMSRJFHQ-UHFFFAOYSA-N,"InChI=1S/C24H28N2O3/c1-28-24-11-5-4-10-22(24)26-15-13-25(14-16-26)17-20(27)18-29-23-12-6-8-19-7-2-3-9-21(19)23/h2-12,20,27H,13-18H2,1H3",36222,COc1ccccc1N2CCN(CC(O)COc3cccc4ccccc34)CC2,3
Input,Apigenin,0.20645577,InputSig,NA,NA,LINCSCP_59017,VCAP,10uM,6h,prostate,Casein kinase inhibitor|Cell proliferation inhibitor|Cytochrome P450 inhibitor,NA,KZNIFHPLKGYRTM-UHFFFAOYSA-N,"InChI=1S/C15H10O5/c16-9-3-1-8(2-4-9)13-7-12(19)15-11(18)5-10(17)6-14(15)20-13/h1-7,16-18H",27873,Oc1ccc(cc1)C2=CC(=O)c3c(O)cc(O)cc3O2,NA
Input,BRD-K07125273,0.20642296,InputSig,NA,NA,LINCSCP_252134,MCF7,10uM,24h,breast,NA,NA,VIAXYKVUXVILCJ-QSFXBCCZSA-N,"InChI=1S/C23H26N2O6S/c1-25-18-7-6-15(11-22(27)29-2)31-20(18)13-30-19-8-5-14(10-17(19)23(25)28)24-21(26)12-16-4-3-9-32-16/h3-5,8-10,15,18,20H,6-7,11-13H2,1-2H3,(H,24,26)/t15-,18-,20-/m0/s1",33717,COC(=O)C[C@@H]1CC[C@H]2[C@H](COc3ccc(NC(=O)Cc4cccs4)cc3C(=O)N2C)O1,NA
Input,Dacomitinib,0.20622705,InputSig,NA,NA,LINCSCP_165384,SKL,1.11uM,24h,skeletal muscle,Epidermal growth factor receptor erbB1 inhibitor|Epidermal growth factor receptor inhibitor|Receptor protein-tyrosine kinase erbB-2 inhibitor|Receptor protein-tyrosine kinase erbB-4 inhibitor,EGFR|ERBB2|ERBB3|ERBB4,LVXJQMNHJWSHET-AATRIKPKSA-N,"InChI=1S/C24H25ClFN5O2/c1-33-22-14-20-17(24(28-15-27-20)29-16-7-8-19(26)18(25)12-16)13-21(22)30-23(32)6-5-11-31-9-3-2-4-10-31/h5-8,12-15H,2-4,9-11H2,1H3,(H,30,32)(H,27,28,29)/b6-5+",5080,COc1cc2ncnc(Nc3ccc(F)c(Cl)c3)c2cc1NC(=O)\C=C\CN4CCCCC4,3
Input,181144-66-1,0.20614044,InputSig,NA,NA,LINCSCP_108838,HELA,0.04uM,24h,large intestine,NA,NA,MHUUDVZSPFRUSK-UHFFFAOYSA-N,"InChI=1S/C14H12FN3O2/c15-11-3-7-13(8-4-11)20-12-5-1-10(2-6-12)9-17-18-14(16)19/h1-9H,(H3,16,18,19)",22542,NC(=O)NN=Cc1ccc(Oc2ccc(F)cc2)cc1,NA
Input,Triamterene,0.20608777,InputSig,NA,NA,LINCSCP_56308,VCAP,10uM,24h,prostate,"Amiloride-sensitive sodium channel, ENaC blocker",SCNN1A|SCNN1B|SCNN1G,FNYLWPVRPXGIIP-UHFFFAOYSA-N,"InChI=1S/C12H11N7/c13-9-7(6-4-2-1-3-5-6)16-8-10(14)18-12(15)19-11(8)17-9/h1-5H,(H6,13,14,15,17,18,19)",7545,Nc1nc(N)c2nc(c(N)nc2n1)c3ccccc3,4
Input,Minaprine,0.20608718,InputSig,NA,NA,LINCSCP_138695,MCF7,0.04uM,24h,breast,Serotonin reuptake inhibitor,HTR2B|SLC6A4,LDMWSLGGVTVJPG-UHFFFAOYSA-N,"InChI=1S/C17H22N4O/c1-14-13-16(15-5-3-2-4-6-15)19-20-17(14)18-7-8-21-9-11-22-12-10-21/h2-6,13H,7-12H2,1H3,(H,18,20)",15377,Cc1cc(nnc1NCCN2CCOCC2)c3ccccc3,4
Input,Ricolinostat,0.20597359,InputSig,NA,NA,LINCSCP_165713,SKL,3.33uM,24h,skeletal muscle,NA,NA,QGZYDVAGYRLSKP-UHFFFAOYSA-N,"InChI=1S/C24H27N5O3/c30-22(28-32)15-9-1-2-10-16-25-23(31)19-17-26-24(27-18-19)29(20-11-5-3-6-12-20)21-13-7-4-8-14-21/h3-8,11-14,17-18,32H,1-2,9-10,15-16H2,(H,25,31)(H,28,30)",16569,ONC(=O)CCCCCCNC(=O)c1cnc(nc1)N(c2ccccc2)c3ccccc3,1
Input,Lapatinib,0.20592377,InputSig,NA,NA,LINCSCP_251525,MCF7,0.1uM,6h,breast,EGFR inhibitor|ErbB2 inhibitor,EGFR|ERBB2,BCFGMOOMADDAQU-UHFFFAOYSA-N,"InChI=1S/C29H26ClFN4O4S/c1-40(36,37)12-11-32-16-23-7-10-27(39-23)20-5-8-26-24(14-20)29(34-18-33-26)35-22-6-9-28(25(30)15-22)38-17-19-3-2-4-21(31)13-19/h2-10,13-15,18,32H,11-12,16-17H2,1H3,(H,33,34,35)",35268,CS(=O)(=O)CCNCc1oc(cc1)c2ccc3ncnc(Nc4ccc(OCc5cccc(F)c5)c(Cl)c4)c3c2,4
Input,PKC Beta Inhibitor,0.20568289,InputSig,NA,NA,LINCSCP_54813,T3M10,10uM,6h,lung,PKC inhibitor,PRKCB,KIWODJBCHRADND-UHFFFAOYSA-N,"InChI=1S/C24H21N5O2/c30-23-21(22(24(31)27-23)26-17-7-2-1-3-8-17)19-15-29(20-10-5-4-9-18(19)20)13-6-12-28-14-11-25-16-28/h1-5,7-11,14-16H,6,12-13H2,(H2,26,27,30,31)",36303,O=C1NC(=O)C(=C1Nc2ccccc2)c3cn(CCCn4ccnc4)c5ccccc35,NA
Input,SA-85290,0.20554025,InputSig,NA,NA,LINCSCP_252402,MCF7,1uM,6h,breast,NA,NA,ZSZRFUWYOKUGNE-UDKTZTBJSA-N,"InChI=1S/C34H45N5O5/c1-22-18-39(23(2)21-40)33(42)28-17-26(35-32(41)16-24-19-37(3)29-13-9-8-12-27(24)29)14-15-30(28)44-31(22)20-38(4)34(43)36-25-10-6-5-7-11-25/h8-9,12-15,17,19,22-23,25,31,40H,5-7,10-11,16,18,20-21H2,1-4H3,(H,35,41)(H,36,43)/t22-,23+,31+/m1/s1",11996,C[C@@H](CO)N1C[C@@H](C)[C@H](CN(C)C(=O)NC2CCCCC2)Oc3ccc(NC(=O)Cc4cn(C)c5ccccc45)cc3C1=O,NA
Input,PF-04217903,0.20552269,InputSig,NA,NA,LINCSCP_146443,NEU,3.33uM,24h,NA,C-Met inhibitor,MET,PDMUGYOXRHVNMO-UHFFFAOYSA-N,"InChI=1S/C19H16N8O/c28-7-6-26-12-15(9-22-26)17-10-21-18-19(23-17)27(25-24-18)11-13-3-4-16-14(8-13)2-1-5-20-16/h1-5,8-10,12,28H,6-7,11H2",4162,OCCn1cc(cn1)c2cnc3nnn(Cc4ccc5ncccc5c4)c3n2,1
Input,Droperidol,0.20544906,InputSig,NA,NA,LINCSCP_18991,HCC515,10uM,24h,lung,Dopamine receptor antagonist,DRD2,RMEDXOLNCUSCGS-UHFFFAOYSA-N,"InChI=1S/C22H22FN3O2/c23-17-9-7-16(8-10-17)21(27)6-3-13-25-14-11-18(12-15-25)26-20-5-2-1-4-19(20)24-22(26)28/h1-2,4-5,7-11H,3,6,12-15H2,(H,24,28)",23111,Oc1nc2ccccc2n1C3=CCN(CCCC(=O)c4ccc(F)cc4)CC3,4
Input,Nicotin-Amide,0.2053937,InputSig,NA,NA,LINCSCP_73920,A375,10uM,24h,skin,Protein synthesis stimulant,PARP1,DFPAKSUCGFBDDF-UHFFFAOYSA-N,"InChI=1S/C6H6N2O/c7-6(9)5-2-1-3-8-4-5/h1-4H,(H2,7,9)",36625,NC(=O)c1cccnc1,4
Input,MLS002264465,0.20539347,InputSig,NA,NA,LINCSCP_57793,VCAP,10uM,24h,prostate,NA,NA,DEVPNNKKGPZYFO-UHFFFAOYSA-N,"InChI=1S/C20H12N6S3/c1-26-20(23-24-25-26)29-19-16-14(9-27-18(16)21-10-22-19)13-7-4-6-12-11-5-2-3-8-15(11)28-17(12)13/h2-10H,1H3",4148,Cn1nnnc1Sc2ncnc3scc(c4cccc5c6ccccc6sc45)c23,NA
Input,AMG 487,0.20535356,InputSig,NA,NA,LINCSCP_120656,HT29,0.37uM,24h,large intestine,NA,NA,WQTKNBPCJKRYPA-OAQYLSRUSA-N,"InChI=1S/C32H28F3N5O4/c1-3-43-25-14-10-24(11-15-25)40-30(38-29-27(31(40)42)7-5-17-37-29)21(2)39(20-23-6-4-16-36-19-23)28(41)18-22-8-12-26(13-9-22)44-32(33,34)35/h4-17,19,21H,3,18,20H2,1-2H3/t21-/m1/s1",27138,CCOc1ccc(cc1)N2C(=O)c3cccnc3N=C2[C@@H](C)N(Cc4cccnc4)C(=O)Cc5ccc(OC(F)(F)F)cc5,NA
Input,HG-9-91-01,0.20530948,InputSig,NA,NA,LINCSCP_128206,HUES3,10uM,24h,NA,NA,NA,YVHQGJBMHCXEPW-UHFFFAOYSA-N,"InChI=1S/C33H39N7O4/c1-22-8-7-9-23(2)32(22)37-33(41)40(27-13-11-25(42-4)19-29(27)44-6)31-20-30(34-21-35-31)36-26-12-10-24(18-28(26)43-5)39-16-14-38(3)15-17-39/h7-13,18-21H,14-17H2,1-6H3,(H,37,41)(H,34,35,36)",22308,COc1ccc(N(C(=O)Nc2c(C)cccc2C)c3cc(Nc4ccc(cc4OC)N5CCN(C)CC5)ncn3)c(OC)c1,NA
Input,Diethylcarbamazine,0.20523542,InputSig,NA,NA,LINCSCP_44570,PC3,10uM,24h,prostate,Lipoxygenase inhibitor,ALOX5,RCKMWOKWVGPNJF-UHFFFAOYSA-N,"InChI=1S/C10H21N3O/c1-4-12(5-2)10(14)13-8-6-11(3)7-9-13/h4-9H2,1-3H3",34205,CCN(CC)C(=O)N1CCN(C)CC1,4
Input,BRD-K78904620,0.2050871,InputSig,NA,NA,LINCSCP_27389,HT29,5uM,24h,large intestine,NA,NA,CUCZIJHOBJDKMN-YVHKJVDXSA-N,"InChI=1S/C24H32N4O4/c1-16-13-28(17(2)15-29)23(30)20-12-19(10-11-21(20)32-22(16)14-27(3)4)26-24(31)25-18-8-6-5-7-9-18/h5-12,16-17,22,29H,13-15H2,1-4H3,(H2,25,26,31)/t16-,17-,22+/m1/s1",33698,C[C@H](CO)N1C[C@@H](C)[C@H](CN(C)C)Oc2ccc(NC(=O)Nc3ccccc3)cc2C1=O,NA
Input,Dihydrorobustic acid,0.20508228,InputSig,NA,NA,LINCSCP_56078,VCAP,10uM,24h,prostate,NA,NA,WJMJXJYEGROEHH-UHFFFAOYSA-N,"InChI=1S/C22H22O6/c1-22(2)10-9-14-15(28-22)11-16-18(20(14)26-4)19(23)17(21(24)27-16)12-5-7-13(25-3)8-6-12/h5-8,11,23H,9-10H2,1-4H3",36165,COc1ccc(cc1)C2=C(O)c3c(OC2=O)cc4OC(C)(C)CCc4c3OC,NA
Input,MLS002460410,0.20499296,InputSig,NA,NA,LINCSCP_267762,PC3,10uM,24h,prostate,NA,NA,CFBONDGWZILACS-UHFFFAOYSA-N,"InChI=1S/C14H11NOS2/c16-14(12-5-2-7-17-12)15-9-11-4-1-3-10-6-8-18-13(10)11/h1-8H,9H2,(H,15,16)",5171,O=C(NCc1cccc2ccsc12)c3cccs3,NA
Input,Tyrphostin 25,0.20490715,InputSig,NA,NA,LINCSCP_14678,HA1E,10uM,24h,kidney epithelial,EGFR inhibitor,EGFR,YZOFLYUAQDJWKV-UHFFFAOYSA-N,"InChI=1S/C10H6N2O3/c11-4-7(5-12)1-6-2-8(13)10(15)9(14)3-6/h1-3,13-15H",5405,Oc1cc(C=C(C#N)C#N)cc(O)c1O,NA
Input,BRD-K77983109,0.2048492,InputSig,NA,NA,LINCSCP_64217,VCAP,5uM,24h,prostate,NA,NA,IEZOTXDZAGKSTL-BCVXLEMTSA-N,"InChI=1S/C34H50N4O6/c1-23(2)35-34(42)36-28-15-16-30-29(19-28)33(41)38(25(4)22-39)20-24(3)31(43-17-11-10-12-26(5)44-30)21-37(6)32(40)18-27-13-8-7-9-14-27/h7-9,13-16,19,23-26,31,39H,10-12,17-18,20-22H2,1-6H3,(H2,35,36,42)/t24-,25+,26+,31+/m0/s1",25610,CC(C)NC(=O)Nc1ccc2O[C@H](C)CCCCO[C@H](CN(C)C(=O)Cc3ccccc3)[C@@H](C)CN([C@H](C)CO)C(=O)c2c1,NA
Input,"VX-222 (VCH-222, Lomibuvir)",0.20483779,InputSig,NA,NA,LINCSCP_160831,PC3,0.04uM,24h,prostate,NA,NA,WPMJNLCLKAKMLA-UGLKCIBTSA-N,"InChI=1S/C25H35NO4S/c1-16-5-7-17(8-6-16)23(28)26(18-9-11-19(27)12-10-18)21-15-20(13-14-25(2,3)4)31-22(21)24(29)30/h15-19,27H,5-12H2,1-4H3,(H,29,30)/t16-,17-,18-,19+",26494,C[C@@H]1CC[C@H](CC1)C(=O)N([C@@H]2CC[C@H](O)CC2)c3cc(C#CC(C)(C)C)sc3C(=O)O,NA
Input,1-(4-Bromophenyl)-3-morpholin-4-yl-2-phenylpropan-1-one,0.20475106,InputSig,NA,NA,LINCSCP_20360,HCC515,10uM,6h,lung,NA,NA,GBENPFHLRCFAOS-UHFFFAOYSA-N,"InChI=1S/C19H20BrNO2/c20-17-8-6-16(7-9-17)19(22)18(15-4-2-1-3-5-15)14-21-10-12-23-13-11-21/h1-9,18H,10-14H2",750,Brc1ccc(cc1)C(=O)C(CN2CCOCC2)c3ccccc3,NA
Input,Estriol,0.20460014,InputSig,NA,NA,LINCSCP_28593,HT29,1.11uM,24h,large intestine,Estrogen receptor agonist,ESR1|ESR2,PROQIPRRNZUXQM-ZXXIGWHRSA-N,"InChI=1S/C18H24O3/c1-18-7-6-13-12-5-3-11(19)8-10(12)2-4-14(13)15(18)9-16(20)17(18)21/h3,5,8,13-17,19-21H,2,4,6-7,9H2,1H3/t13-,14-,15+,16-,17+,18+/m1/s1",35573,C[C@]12CC[C@H]3[C@@H](CCc4cc(O)ccc34)[C@@H]1C[C@@H](O)[C@@H]2O,4
Input,BRD-K94206926,0.20450808,InputSig,NA,NA,LINCSCP_195524,A549,5uM,24h,lung,NA,NA,LINNEEFEDHMFDS-LRDNONRASA-N,"InChI=1S/C22H32N4O6S/c1-13-10-23-14(2)12-31-19-8-7-17(9-18(19)22(27)26(5)11-20(13)30-6)25-33(28,29)21-15(3)24-32-16(21)4/h7-9,13-14,20,23,25H,10-12H2,1-6H3/t13-,14+,20+/m0/s1",25310,CO[C@@H]1CN(C)C(=O)c2cc(NS(=O)(=O)c3c(C)onc3C)ccc2OC[C@@H](C)NC[C@@H]1C,NA
Input,RESORCINOL,0.20447379,InputSig,NA,NA,LINCSCP_142821,MCF7,0.12uM,24h,breast,NA,NA,GHMLBKRAJCXXBS-UHFFFAOYSA-N,"InChI=1S/C6H6O2/c7-5-2-1-3-6(8)4-5/h1-4,7-8H",27113,Oc1cccc(O)c1,4
Input,BRD-K95419055,0.20447356,InputSig,NA,NA,LINCSCP_48170,PC3,5uM,24h,prostate,NA,NA,OANCONKVZGQSHB-ZLFFOLKFSA-N,"InChI=1S/C35H46N4O5/c1-25-21-39(26(2)24-40)35(42)31-20-30(37-34(41)29-15-17-36-18-16-29)13-14-32(31)44-27(3)10-8-9-19-43-33(25)23-38(4)22-28-11-6-5-7-12-28/h5-7,11-18,20,25-27,33,40H,8-10,19,21-24H2,1-4H3,(H,37,41)/t25-,26-,27+,33+/m1/s1",14008,C[C@H](CO)N1C[C@@H](C)[C@H](CN(C)Cc2ccccc2)OCCCC[C@H](C)Oc3ccc(NC(=O)c4ccncc4)cc3C1=O,NA
Input,Enzastaurin,0.20443596,InputSig,NA,NA,LINCSCP_130503,MCF10A,0.37uM,24h,breast epithelial,PKC inhibitor,PRKCB,AXRCEOKUDYDWLF-UHFFFAOYSA-N,"InChI=1S/C32H29N5O2/c1-35-19-25(23-9-2-4-11-27(23)35)29-30(32(39)34-31(29)38)26-20-37(28-12-5-3-10-24(26)28)22-13-16-36(17-14-22)18-21-8-6-7-15-33-21/h2-12,15,19-20,22H,13-14,16-18H2,1H3,(H,34,38,39)",25574,Cn1cc(C2=C(C(=O)NC2=O)c3cn(C4CCN(Cc5ccccn5)CC4)c6ccccc36)c7ccccc17,3
Input,K784-3187,0.20437875,InputSig,NA,NA,LINCSCP_125144,HT29,0.12uM,24h,large intestine,Estrogen receptor beta agonist,ESR2,NA,NA,NA,NA,NA
Input,Isosorbide Mononitrate,0.20426915,InputSig,NA,NA,LINCSCP_160007,PC3,0.37uM,24h,prostate,Nitric oxide stimulant,GUCY1A2|GUCY1A3|GUCY1B3,YWXYYJSYQOXTPL-SLPGGIOYSA-N,"InChI=1S/C6H9NO6/c8-3-1-11-6-4(13-7(9)10)2-12-5(3)6/h3-6,8H,1-2H2/t3-,4+,5+,6+/m0/s1",36572,O[C@H]1CO[C@@H]2[C@@H](CO[C@H]12)O[N+](=O)[O-],4
Input,MLS002607677,0.20409875,InputSig,NA,NA,LINCSCP_225134,HT29,10uM,6h,large intestine,NA,NA,URKGXOWAJDCVER-UHFFFAOYSA-N,"InChI=1S/C21H18NPS/c1-22-16-21(19-14-8-9-15-20(19)22)23(24,17-10-4-2-5-11-17)18-12-6-3-7-13-18/h2-16H,1H3",35860,Cn1cc(c2ccccc12)P(=S)(c3ccccc3)c4ccccc4,NA
Input,Triflupromazine,0.20409366,InputSig,NA,NA,LINCSCP_176497,A375,0.5uM,6h,skin,Dopamine receptor antagonist,DRD2|HTR2B,XSCGXQMFQXDFCW-UHFFFAOYSA-N,"InChI=1S/C18H19F3N2S/c1-22(2)10-5-11-23-14-6-3-4-7-16(14)24-17-9-8-13(12-15(17)23)18(19,20)21/h3-4,6-9,12H,5,10-11H2,1-2H3",35924,CN(C)CCCN1c2ccccc2Sc3ccc(cc13)C(F)(F)F,4
Input,TSU-68,0.20407887,InputSig,NA,NA,LINCSCP_44964,PC3,5uM,24h,prostate,FGFR inhibitor|PDGFR tyrosine kinase receptor inhibitor|VEGFR inhibitor,AURKA|AURKB|FGFR1|FGFR2|FGFR3|FGFR4|KDR|PDGFRA|PDGFRB,NHFDRBXTEDBWCZ-ZROIWOOFSA-N,"InChI=1S/C18H18N2O3/c1-10-12(7-8-17(21)22)11(2)19-16(10)9-14-13-5-3-4-6-15(13)20-18(14)23/h3-6,9,19H,7-8H2,1-2H3,(H,20,23)(H,21,22)/b14-9-",37970,Cc1[nH]c(\C=C\2/C(=O)Nc3ccccc23)c(C)c1CCC(=O)O,3
Input,YL-61,0.20407508,InputSig,NA,NA,LINCSCP_20739,HCC515,10uM,6h,lung,NA,NA,OQHLPAAWWGDXAW-GUFDHMHMSA-N,"InChI=1S/C94H163N37O22S/c1-11-51(6)70(128-77(143)59(26-21-36-112-91(102)103)119-73(139)56(23-18-33-109-88(96)97)117-74(140)57(24-19-34-110-89(98)99)120-78(144)62(39-49(2)3)122-75(141)58(25-20-35-111-90(100)101)118-76(142)61(28-29-69(136)137)116-68(135)30-38-108-53(8)134)85(151)131-94(10)32-17-15-13-12-14-16-31-93(9,130-84(150)60(27-22-37-113-92(104)105)121-83(149)67(46-154)125-79(145)63(40-50(4)5)126-87(94)153)86(152)127-65(42-55-44-107-48-115-55)81(147)123-64(41-54-43-106-47-114-54)80(146)124-66(45-132)82(148)129-71(52(7)133)72(95)138/h12-13,43-44,47-52,56-67,70-71,132-133,154H,11,14-42,45-46H2,1-10H3,(H2,95,138)(H,106,114)(H,107,115)(H,108,134)(H,116,135)(H,117,140)(H,118,142)(H,119,139)(H,120,144)(H,121,149)(H,122,141)(H,123,147)(H,124,146)(H,125,145)(H,126,153)(H,127,152)(H,128,143)(H,129,148)(H,130,150)(H,131,151)(H,136,137)(H4,96,97,109)(H4,98,99,110)(H4,100,101,111)(H4,102,103,112)(H4,104,105,113)/b13-12-/t51-,52+,56-,57-,58-,59-,60-,61-,62-,63-,64-,65-,66-,67-,70-,71-,93+,94+/m0/s1",5613,CC[C@H](C)[C@H](NC(=O)[C@H](CCCNC(=N)N)NC(=O)[C@H](CCCNC(=N)N)NC(=O)[C@H](CCCNC(=N)N)NC(=O)[C@H](CC(C)C)NC(=O)[C@H](CCCNC(=N)N)NC(=O)[C@H](CCC(=O)O)NC(=O)CCNC(=O)C)C(=O)N[C@]1(C)CCC\C=C/CCC[C@@](C)(NC(=O)[C@H](CCCNC(=N)N)NC(=O)[C@H](CS)NC(=O)[C@H](CC(C)C)NC1=O)C(=O)N[C@@H](Cc2c[nH]cn2)C(=O)N[C@@H](Cc3c[nH]cn3)C(=O)N[C@@H](CO)C(=O)N[C@@H]([C@@H](C)O)C(=O)N,NA
Input,Quinapril,0.20395225,InputSig,NA,NA,LINCSCP_174039,YAPC,0.12uM,24h,pancreas,Angiotensin converting enzyme inhibitor,ACE,JSDRRTOADPPCHY-HSQYWUDLSA-N,"InChI=1S/C25H30N2O5/c1-3-32-25(31)21(14-13-18-9-5-4-6-10-18)26-17(2)23(28)27-16-20-12-8-7-11-19(20)15-22(27)24(29)30/h4-12,17,21-22,26H,3,13-16H2,1-2H3,(H,29,30)/t17-,21-,22-/m0/s1",35990,CCOC(=O)[C@H](CCc1ccccc1)N[C@@H](C)C(=O)N2Cc3ccccc3C[C@H]2C(=O)O,4
Input,Norethindrone,0.20384164,InputSig,NA,NA,LINCSCP_194220,A549,10uM,6h,lung,Progesterone receptor agonist,PGR,VIKNJXKGJWUCNN-XGXHKTLJSA-N,"InChI=1S/C20H26O2/c1-3-20(22)11-9-18-17-6-4-13-12-14(21)5-7-15(13)16(17)8-10-19(18,20)2/h1,12,15-18,22H,4-11H2,2H3/t15-,16+,17+,18-,19-,20-/m0/s1",16048,C[C@]12CC[C@H]3[C@@H](CCC4=CC(=O)CC[C@H]34)[C@@H]1CC[C@@]2(O)C#C,4
Input,OSI-906 (Linsitinib),0.20380199,InputSig,NA,NA,LINCSCP_77905,A375,0.37uM,24h,skin,Insulin-like growth factor I receptor inhibitor|Insulin receptor inhibitor,IGF1R|INSR,PKCDDUHJAFVJJB-VLZXCDOPSA-N,"InChI=1S/C26H23N5O/c1-26(32)14-19(15-26)25-30-22(23-24(27)28-11-12-31(23)25)18-8-7-17-9-10-20(29-21(17)13-18)16-5-3-2-4-6-16/h2-13,19,32H,14-15H2,1H3,(H2,27,28)/t19-,26+",26488,C[C@@]1(O)C[C@@H](C1)c2nc(c3ccc4ccc(nc4c3)c5ccccc5)c6c(N)nccn26,3
Input,83002-04-4,0.20365497,InputSig,NA,NA,LINCSCP_289157,VCAP,10uM,24h,prostate,Cannabinoid receptor agonist,CNR1|CNR2|GPR55,YNZFFALZMRAPHQ-UHFFFAOYSA-N,"InChI=1S/C24H40O3/c1-4-5-6-7-14-24(2,3)19-11-13-21(23(27)16-19)22-17-20(26)12-10-18(22)9-8-15-25/h11,13,16,18,20,22,25-27H,4-10,12,14-15,17H2,1-3H3",22147,CCCCCCC(C)(C)c1ccc(C2CC(O)CCC2CCCO)c(O)c1,NA
Input,CHEMBL259628,0.20361074,InputSig,NA,NA,LINCSCP_285868,SKM1,10uM,6h,haematopoietic and lymphoid tissue,AMPK activator,PTPN1,BWJOQFMMTKEZGA-UHFFFAOYSA-N,"InChI=1S/C12H7BrF2NO3P/c13-11-5-8-2-1-7(6-16)3-9(8)4-10(11)12(14,15)20(17,18)19/h1-5H,(H2,17,18,19)",36685,OP(=O)(O)C(F)(F)c1cc2cc(ccc2cc1Br)C#N,NA
Input,BRD-K54022924,0.20358973,InputSig,NA,NA,LINCSCP_64006,VCAP,5uM,24h,prostate,NA,NA,LVLNEDZJLRSBBP-MYSJAJEPSA-N,"InChI=1S/C27H27FN4O4/c1-2-11-30-25(34)24-20(15-33)19-14-31-22(10-9-17(26(31)35)16-6-5-12-29-13-16)23(19)32(24)27(36)18-7-3-4-8-21(18)28/h3-10,12-13,19-20,23-24,33H,2,11,14-15H2,1H3,(H,30,34)/t19-,20-,23+,24-/m1/s1",39926,CCCNC(=O)[C@H]1[C@H](CO)[C@H]2CN3C(=CC=C(C3=O)c4cccnc4)[C@H]2N1C(=O)c5ccccc5F,NA
Input,Z-Pro-Prolinal,0.20358167,InputSig,NA,NA,LINCSCP_192962,A549,10uM,6h,lung,Prolyl endopeptidase inhibitor,PREP,ORZXYSPOAVJYRU-HOTGVXAUSA-N,"InChI=1S/C18H22N2O4/c21-12-15-8-4-10-19(15)17(22)16-9-5-11-20(16)18(23)24-13-14-6-2-1-3-7-14/h1-3,6-7,12,15-16H,4-5,8-11,13H2/t15-,16-/m0/s1",15780,O=C[C@@H]1CCCN1C(=O)[C@@H]2CCCN2C(=O)OCc3ccccc3,NA
Input,Epivincamine,0.20355922,InputSig,NA,NA,LINCSCP_137346,MCF7,10uM,24h,breast,NA,NA,RXPRRQLKFXBCSJ-HLAWJBBLSA-N,"InChI=1S/C21H26N2O3/c1-3-20-10-6-11-22-12-9-15-14-7-4-5-8-16(14)23(17(15)18(20)22)21(25,13-20)19(24)26-2/h4-5,7-8,18,25H,3,6,9-13H2,1-2H3/t18-,20+,21-/m1/s1",19932,CC[C@@]12CCCN3CCc4c([C@H]13)n(c5ccccc45)[C@@](O)(C2)C(=O)OC,NA
Input,Fexofenadine,0.20350064,InputSig,NA,NA,LINCSCP_174095,YAPC,10uM,24h,pancreas,Histamine receptor antagonist,HRH1,RWTNPBWLLIMQHL-UHFFFAOYSA-N,"InChI=1S/C32H39NO4/c1-31(2,30(35)36)25-17-15-24(16-18-25)29(34)14-9-21-33-22-19-28(20-23-33)32(37,26-10-5-3-6-11-26)27-12-7-4-8-13-27/h3-8,10-13,15-18,28-29,34,37H,9,14,19-23H2,1-2H3,(H,35,36)",15301,CC(C)(C(=O)O)c1ccc(cc1)C(O)CCCN2CCC(CC2)C(O)(c3ccccc3)c4ccccc4,4
Input,PRIMA 1,0.203425,InputSig,NA,NA,LINCSCP_29316,LOVO,40uM,6h,intestine,TP53 inhibitor,ACHE,RFBVBRVVOPAAFS-UHFFFAOYSA-N,"InChI=1S/C9H15NO3/c11-5-9(6-12)8(13)7-1-3-10(9)4-2-7/h7,11-12H,1-6H2",16517,OCC1(CO)N2CCC(CC2)C1=O,NA
Input,AC1NDE46,0.20332927,InputSig,NA,NA,LINCSCP_17875,HCC515,10uM,24h,lung,Endothelin receptor antagonist,EDNRB,UZDORQWMYRRLQV-UHFFFAOYSA-N,"InChI=1S/C36H35N3O4/c1-23-17-24(2)19-28(18-23)35(41)39(3)33(20-25-13-15-27(16-14-25)26-9-5-4-6-10-26)34(40)38-32(36(42)43)21-29-22-37-31-12-8-7-11-30(29)31/h4-19,22,32-33,37H,20-21H2,1-3H3,(H,38,40)(H,42,43)",409,CN(C(Cc1ccc(cc1)c2ccccc2)C(=O)NC(Cc3c[nH]c4ccccc34)C(=O)O)C(=O)c5cc(C)cc(C)c5,NA
Input,CPI-613,0.20330134,InputSig,NA,NA,LINCSCP_121745,HT29,10uM,24h,large intestine,NA,NA,ZYRLHJIMTROTBO-UHFFFAOYSA-N,"InChI=1S/C22H28O2S2/c23-22(24)14-8-7-13-21(26-18-20-11-5-2-6-12-20)15-16-25-17-19-9-3-1-4-10-19/h1-6,9-12,21H,7-8,13-18H2,(H,23,24)",27073,OC(=O)CCCCC(CCSCc1ccccc1)SCc2ccccc2,NA
Input,Trifluridine,0.20327254,InputSig,NA,NA,LINCSCP_41165,NEU,10uM,24h,NA,DNA directed DNA polymerase inhibitor|Thymidylate synthase inhibitor,TYMS,VSQQQLOSPVPRAZ-RRKCRQDMSA-N,"InChI=1S/C10H11F3N2O5/c11-10(12,13)4-2-15(9(19)14-8(4)18)7-1-5(17)6(3-16)20-7/h2,5-7,16-17H,1,3H2,(H,14,18,19)/t5-,6+,7+/m0/s1",36391,OC[C@H]1O[C@H](C[C@@H]1O)N2C=C(C(=O)NC2=O)C(F)(F)F,4
Input,2-Chloro-n-(1-phenyl-3-propyl-1H-pyrazol-5-yl)acetamide,0.2030862,InputSig,NA,NA,LINCSCP_57280,VCAP,10uM,24h,prostate,NA,NA,JFZBHJLHWLTYRN-UHFFFAOYSA-N,"InChI=1S/C14H16ClN3O/c1-2-6-11-9-13(16-14(19)10-15)18(17-11)12-7-4-3-5-8-12/h3-5,7-9H,2,6,10H2,1H3,(H,16,19)",15513,CCCc1cc(NC(=O)CCl)n(n1)c2ccccc2,NA
Input,BRD-K80579245,0.20304377,InputSig,NA,NA,LINCSCP_259345,NEU,10uM,24h,NA,NA,NA,AHPRIPWQPCWYIR-BDTNDASRSA-N,"InChI=1S/C22H27N3O3/c1-4-24(15(2)27)13-20-22(21(14-26)25(20)16(3)28)18-9-7-17(8-10-18)19-6-5-11-23-12-19/h5-12,20-22,26H,4,13-14H2,1-3H3/t20-,21+,22-/m0/s1",13651,CCN(C[C@H]1[C@@H]([C@@H](CO)N1C(=O)C)c2ccc(cc2)c3cccnc3)C(=O)C,NA
Input,AGI-5198,0.20300106,InputSig,NA,NA,LINCSCP_171169,YAPC,0.37uM,24h,pancreas,NA,NA,FNYGWXSATBUBER-UHFFFAOYSA-N,"InChI=1S/C27H31FN4O2/c1-19-9-6-7-14-24(19)26(27(34)30-22-11-4-3-5-12-22)32(23-13-8-10-21(28)17-23)25(33)18-31-16-15-29-20(31)2/h6-10,13-17,22,26H,3-5,11-12,18H2,1-2H3,(H,30,34)",26869,Cc1ccccc1C(N(C(=O)Cn2ccnc2C)c3cccc(F)c3)C(=O)NC4CCCCC4,NA
Input,Lidocaine,0.20288637,InputSig,NA,NA,LINCSCP_225737,HT29,10uM,6h,large intestine,Histamine receptor agonist,SCN10A|SCN11A|SCN1A|SCN2A|SCN3A|SCN4A|SCN5A|SCN7A|SCN8A|SCN9A,NNJVILVZKWQKPM-UHFFFAOYSA-N,"InChI=1S/C14H22N2O/c1-5-16(6-2)10-13(17)15-14-11(3)8-7-9-12(14)4/h7-9H,5-6,10H2,1-4H3,(H,15,17)",34503,CCN(CC)CC(=O)Nc1c(C)cccc1C,4
Input,Amantadine,0.20283766,InputSig,NA,NA,LINCSCP_96946,HA1E,0.04uM,24h,kidney epithelial,Glutamate receptor antagonist,GRIN1|GRIN2A|GRIN2B|GRIN2C|GRIN2D|GRIN3A|GRIN3B,DKNWSYNQZKUICI-DFLMOOGLSA-N,"InChI=1S/C10H17N/c11-10-4-7-1-8(5-10)3-9(2-7)6-10/h7-9H,1-6,11H2/t7-,8-,9-,10-",34092,N[C@@]12C[C@@H]3C[C@@H](C[C@H](C3)C1)C2,NA
Input,Amantadine,0.20283766,InputSig,NA,NA,LINCSCP_96946,HA1E,0.04uM,24h,kidney epithelial,Glutamate receptor antagonist,GRIN1|GRIN2A|GRIN2B|GRIN2C|GRIN2D|GRIN3A|GRIN3B,DKNWSYNQZKUICI-UHFFFAOYSA-N,"InChI=1S/C10H17N/c11-10-4-7-1-8(5-10)3-9(2-7)6-10/h7-9H,1-6,11H2",35972,NC12CC3CC(CC(C3)C1)C2,4
Input,MK-0752,0.20282092,InputSig,NA,NA,LINCSCP_119026,HT29,1.11uM,24h,large intestine,NA,NA,XCGJIFAKUZNNOR-QCKZDCLWSA-N,"InChI=1S/C21H21ClF2O4S/c22-15-2-5-17(6-3-15)29(27,28)21(18-13-16(23)4-7-19(18)24)11-9-14(10-12-21)1-8-20(25)26/h2-7,13-14H,1,8-12H2,(H,25,26)/t14-,21+",26476,OC(=O)CC[C@@H]1CC[C@](CC1)(c2cc(F)ccc2F)S(=O)(=O)c3ccc(Cl)cc3,NA
Input,Avanafil,0.20257376,InputSig,NA,NA,LINCSCP_172668,YAPC,0.04uM,24h,pancreas,Phosphodiesterase 5A inhibitor,PDE5A,WEAJZXNPAWBCOA-INIZCTEOSA-N,"InChI=1S/C23H26ClN7O3/c1-34-19-6-5-15(10-18(19)24)11-27-21-17(22(33)28-13-20-25-7-3-8-26-20)12-29-23(30-21)31-9-2-4-16(31)14-32/h3,5-8,10,12,16,32H,2,4,9,11,13-14H2,1H3,(H,28,33)(H,27,29,30)/t16-/m0/s1",26656,COc1ccc(CNc2nc(ncc2C(=O)NCc3ncccn3)N4CCC[C@H]4CO)cc1Cl,4
Input,Plinabulin,0.20250675,InputSig,NA,NA,LINCSCP_295495,VCAP,10uM,6h,prostate,Tubulin inhibitor,TUBA1A|TUBA1B|TUBA1C|TUBA3E|TUBA4A|TUBB|TUBB1|TUBB2A|TUBB2B|TUBB3|TUBB4A|TUBB4B|TUBB6|TUBB8,UNRCMCRRFYFGFX-TYPNBTCFSA-N,"InChI=1S/C19H20N4O2/c1-19(2,3)16-13(20-11-21-16)10-15-18(25)22-14(17(24)23-15)9-12-7-5-4-6-8-12/h4-11H,1-3H3,(H,20,21)(H,22,25)(H,23,24)/b14-9-,15-10-",17695,CC(C)(C)c1[nH]cnc1\C=C\2/NC(=O)\C(=C\c3ccccc3)\NC2=O,3
Input,BRD-K05690403,0.20248331,InputSig,NA,NA,LINCSCP_301154,VCAP,5uM,24h,prostate,NA,NA,GTRXSASKUSVSHJ-UETOGOEVSA-N,"InChI=1S/C30H36N2O6S/c1-21-17-32(22(2)19-33)30(34)28-15-8-7-14-27(28)26-13-6-5-10-23(26)20-38-29(21)18-31(3)39(35,36)25-12-9-11-24(16-25)37-4/h5-16,21-22,29,33H,17-20H2,1-4H3/t21-,22+,29-/m1/s1",25468,COc1cccc(c1)S(=O)(=O)N(C)C[C@H]2OCc3ccccc3c4ccccc4C(=O)N(C[C@H]2C)[C@@H](C)CO,NA
Input,BRD-K18972207,0.20245633,InputSig,NA,NA,LINCSCP_8782,A549,5uM,24h,lung,NA,NA,NFZYNUJZKBEEKB-INIZCTEOSA-N,"InChI=1S/C20H29N3O4S/c1-4-28(25,26)23-9-7-20(8-10-23)13-21-16(12-24)19-18(20)15-6-5-14(27-3)11-17(15)22(19)2/h5-6,11,16,21,24H,4,7-10,12-13H2,1-3H3/t16-/m0/s1",12063,CCS(=O)(=O)N1CCC2(CC1)CN[C@@H](CO)c3c2c4ccc(OC)cc4n3C,NA
Input,BRD-K18542345,0.20233438,InputSig,NA,NA,LINCSCP_258912,NEU,10uM,24h,NA,NA,NA,PLPDORRRKBPITR-WLIZDUGGSA-N,"InChI=1S/C31H41N3O6/c1-38-28-10-6-5-9-26(28)32-31(37)34-19-24(35)20-39-21-29-27(34)12-11-25(40-29)18-30(36)33-15-13-23(14-16-33)17-22-7-3-2-4-8-22/h2-10,23-25,27,29,35H,11-21H2,1H3,(H,32,37)/t24-,25-,27+,29-/m0/s1",23910,COc1ccccc1NC(=O)N2C[C@H](O)COC[C@@H]3O[C@H](CC(=O)N4CCC(Cc5ccccc5)CC4)CC[C@@H]23,NA
Input,Dexrazoxane,0.20217162,InputSig,NA,NA,LINCSCP_46717,PC3,10uM,24h,prostate,Chelating agent|Topoisomerase inhibitor,TOP2A|TOP2B,BMKDZUISNHGIBY-ZETCQYMHSA-N,"InChI=1S/C11H16N4O4/c1-7(15-5-10(18)13-11(19)6-15)2-14-3-8(16)12-9(17)4-14/h7H,2-6H2,1H3,(H,12,16,17)(H,13,18,19)/t7-/m0/s1",36402,C[C@@H](CN1CC(=O)NC(=O)C1)N2CC(=O)NC(=O)C2,4
Input,Prochlorperazine,0.20207155,InputSig,NA,NA,LINCSCP_153823,PC3,3.33uM,24h,prostate,Dopamine D2 receptor antagonist,DRD2,WIKYUJGCLQQFNW-UHFFFAOYSA-N,"InChI=1S/C20H24ClN3S/c1-22-11-13-23(14-12-22)9-4-10-24-17-5-2-3-6-19(17)25-20-8-7-16(21)15-18(20)24/h2-3,5-8,15H,4,9-14H2,1H3",35592,CN1CCN(CCCN2c3ccccc3Sc4ccc(Cl)cc24)CC1,4
Input,"4,6-Dimethyl-n-phenylquinolin-2-amine",0.20199292,InputSig,NA,NA,LINCSCP_7773,A549,10uM,24h,lung,NA,NA,BFOWTYGBWYCXKR-UHFFFAOYSA-N,"InChI=1S/C17H16N2/c1-12-8-9-16-15(10-12)13(2)11-17(19-16)18-14-6-4-3-5-7-14/h3-11H,1-2H3,(H,18,19)",16205,Cc1ccc2nc(Nc3ccccc3)cc(C)c2c1,NA
Input,Bicalutamide,0.20197706,InputSig,NA,NA,LINCSCP_73942,A375,0.12uM,24h,skin,Androgen receptor antagonist,AR,LKJPYSCBVHEWIU-UHFFFAOYSA-N,"InChI=1S/C18H14F4N2O4S/c1-17(26,10-29(27,28)14-6-3-12(19)4-7-14)16(25)24-13-5-2-11(9-23)15(8-13)18(20,21)22/h2-8,26H,10H2,1H3,(H,24,25)",15213,CC(O)(CS(=O)(=O)c1ccc(F)cc1)C(=O)Nc2ccc(C#N)c(c2)C(F)(F)F,4
Input,Dobutamine,0.20190831,InputSig,NA,NA,LINCSCP_47470,PC3,10uM,24h,prostate,Adrenergic receptor agonist,ADRB1|ADRB2,JRWZLRBJNMZMFE-UHFFFAOYSA-N,"InChI=1S/C18H23NO3/c1-13(2-3-14-4-7-16(20)8-5-14)19-11-10-15-6-9-17(21)18(22)12-15/h4-9,12-13,19-22H,2-3,10-11H2,1H3",15316,CC(CCc1ccc(O)cc1)NCCc2ccc(O)c(O)c2,4
Input,SMR001318078,0.20179691,InputSig,NA,NA,LINCSCP_4882,A549,10uM,24h,lung,NA,NA,IIAWFCSWILLFRY-UHFFFAOYSA-N,"InChI=1S/C16H12N2O3S/c19-16-10-4-1-2-5-11(10)17-15(18(16)20)13-8-7-12(21-13)14-6-3-9-22-14/h1-9,15,17,20H",8768,ON1C(Nc2ccccc2C1=O)c3oc(cc3)c4cccs4,NA
Input,Nesbuvir,0.20168901,InputSig,NA,NA,LINCSCP_110095,HELA,0.04uM,24h,large intestine,NA,NA,WTDWVLJJJOTABN-UHFFFAOYSA-N,"InChI=1S/C22H23FN2O5S/c1-24-22(27)20-17-11-16(13-3-4-13)18(25(9-10-26)31(2,28)29)12-19(17)30-21(20)14-5-7-15(23)8-6-14/h5-8,11-13,26H,3-4,9-10H2,1-2H3,(H,24,27)",26870,CNC(=O)c1c(oc2cc(N(CCO)S(=O)(=O)C)c(cc12)C3CC3)c4ccc(F)cc4,2
Input,Evodiamine,0.20165609,InputSig,NA,NA,LINCSCP_25423,HT29,10uM,24h,large intestine,ATPase inhibitor|TRPV agonist,TRPV1,TXDUTHBFYKGSAH-UHFFFAOYSA-N,"InChI=1S/C19H17N3O/c1-21-16-9-5-3-7-14(16)19(23)22-11-10-13-12-6-2-4-8-15(12)20-17(13)18(21)22/h2-9,18,20H,10-11H2,1H3",36720,CN1C2N(CCc3c2[nH]c4ccccc34)C(=O)c5ccccc15,NA
Input,MLS002703293,0.20161905,InputSig,NA,NA,LINCSCP_5048,A549,10uM,6h,lung,NA,NA,XSKZSTBHFOFNSO-UHFFFAOYSA-N,"InChI=1S/C11H10Cl2N2O/c12-6-4-7-10(8(13)5-6)14-9-2-1-3-15(9)11(7)16/h4-5,11,16H,1-3H2",35351,OC1N2CCCC2=Nc3c(Cl)cc(Cl)cc13,NA
Input,Galeterone,0.20154315,InputSig,NA,NA,LINCSCP_90764,HA1E,10uM,24h,kidney epithelial,NA,NA,PAFKTGFSEFKSQG-BLYLLKCRSA-N,"InChI=1S/C26H32N2O/c1-25-13-11-18(29)15-17(25)7-8-19-20-9-10-24(26(20,2)14-12-21(19)25)28-16-27-22-5-3-4-6-23(22)28/h3-7,10,16,18-21,29H,8-9,11-15H2,1-2H3/t18-,19?,20?,21?,25-,26-/m0/s1",26679,C[C@]12CCC3C(CC=C4C[C@@H](O)CC[C@]34C)C1CC=C2n5cnc6ccccc56,NA
Input,BRD-K77793090,0.20141758,InputSig,NA,NA,LINCSCP_48576,PC3,10uM,24h,prostate,NA,NA,NWXQZACELVQCTR-GOHWNWGWSA-N,"InChI=1S/C28H40N4O5/c1-7-13-32-16-19(2)26(36-6)17-31(4)27(33)24-12-11-22(15-25(24)37-18-20(32)3)30-28(34)29-21-9-8-10-23(14-21)35-5/h8-12,14-15,19-20,26H,7,13,16-18H2,1-6H3,(H2,29,30,34)/t19-,20+,26+/m1/s1",6070,CCCN1C[C@@H](C)[C@H](CN(C)C(=O)c2ccc(NC(=O)Nc3cccc(OC)c3)cc2OC[C@@H]1C)OC,NA
Input,Rotenone,0.20121484,InputSig,NA,NA,LINCSCP_13309,FIBRNPC,10uM,6h,NA,Mitochondrial complex I inhibitor,MT-ND1,JUVIOZPCNVVQFO-HBGVWJBISA-N,"InChI=1S/C23H22O6/c1-11(2)16-8-14-15(28-16)6-5-12-22(24)21-13-7-18(25-3)19(26-4)9-17(13)27-10-20(21)29-23(12)14/h5-7,9,16,20-21H,1,8,10H2,2-4H3/t16-,20-,21+/m1/s1",28074,COc1cc2OC[C@H]3Oc4c5C[C@@H](Oc5ccc4C(=O)[C@H]3c2cc1OC)C(=C)C,NA
Input,Elacridar,0.20108194,InputSig,NA,NA,LINCSCP_73779,A375,10uM,24h,skin,NA,NA,OSFCMRGOZNQUSW-UHFFFAOYSA-N,"InChI=1S/C34H33N3O5/c1-40-28-9-5-7-26-32(28)36-31-25(33(26)38)6-4-8-27(31)34(39)35-24-12-10-21(11-13-24)14-16-37-17-15-22-18-29(41-2)30(42-3)19-23(22)20-37/h4-13,18-19H,14-17,20H2,1-3H3,(H,35,39)(H,36,38)",26779,COc1cccc2C(=O)c3cccc(C(=O)Nc4ccc(CCN5CCc6cc(OC)c(OC)cc6C5)cc4)c3Nc12,NA
Input,869288-64-2,0.20106212,InputSig,NA,NA,LINCSCP_148270,NPC.CAS9,0.04uM,24h,NA,NA,NA,HESLKTSGTIBHJU-UHFFFAOYSA-N,"InChI=1S/C22H20F3N5O3S/c1-34(32,33)16-4-2-3-13(9-16)11-26-20-17(22(23,24)25)12-27-21(30-20)28-15-6-7-18-14(10-15)5-8-19(31)29-18/h2-4,6-7,9-10,12H,5,8,11H2,1H3,(H,29,31)(H2,26,27,28,30)",19899,CS(=O)(=O)c1cccc(CNc2nc(Nc3ccc4NC(=O)CCc4c3)ncc2C(F)(F)F)c1,NA
Input,BRD-K39921295,0.20102612,InputSig,NA,NA,LINCSCP_33857,MCF7,10uM,24h,breast,NA,NA,FIGGLCUVZRSRTI-UTLSLIQUSA-N,"InChI=1S/C43H53N5O6/c1-30-26-48(31(2)29-49)43(52)25-33-24-34(45-41(50)16-8-5-9-17-42(51)46-38-15-11-10-14-37(38)44)20-23-39(33)54-40(30)28-47(3)27-32-18-21-36(22-19-32)53-35-12-6-4-7-13-35/h4,6-7,10-15,18-24,30-31,40,49H,5,8-9,16-17,25-29,44H2,1-3H3,(H,45,50)(H,46,51)/t30-,31+,40-/m1/s1",12628,C[C@@H](CO)N1C[C@@H](C)[C@@H](CN(C)Cc2ccc(Oc3ccccc3)cc2)Oc4ccc(NC(=O)CCCCCC(=O)Nc5ccccc5N)cc4CC1=O,NA
Input,BRD-K47788371,0.20098973,InputSig,NA,NA,LINCSCP_60299,VCAP,5uM,6h,prostate,NA,NA,KSASPYMRGHUFQD-OWOAZTCBSA-N,"InChI=1S/C29H33FN2O6S/c1-19-15-32(20(2)18-33)39(36,37)28-13-10-22(21-8-11-24(30)12-9-21)14-26(28)38-27(19)17-31(3)16-23-6-4-5-7-25(23)29(34)35/h4-14,19-20,27,33H,15-18H2,1-3H3,(H,34,35)/t19-,20-,27+/m0/s1",22641,C[C@@H](CO)N1C[C@H](C)[C@@H](CN(C)Cc2ccccc2C(=O)O)Oc3cc(ccc3S1(=O)=O)c4ccc(F)cc4,NA
Input,IN1549,0.200963,InputSig,NA,NA,LINCSCP_4461,A549,10uM,24h,lung,Calpain inhibitor,NA,PGGUOGKHUUUWAF-UHFFFAOYSA-N,"InChI=1S/C20H30N2O4/c1-4-5-11-17(13-23)21-19(24)18(12-15(2)3)22-20(25)26-14-16-9-7-6-8-10-16/h6-10,13,15,17-18H,4-5,11-12,14H2,1-3H3,(H,21,24)(H,22,25)",5964,CCCCC(NC(=O)C(CC(C)C)NC(=O)OCc1ccccc1)C=O,NA
Input,Pyrimethamine,0.20095275,InputSig,NA,NA,LINCSCP_161763,PC3,3.33uM,24h,prostate,Dihydrofolate reductase inhibitor,NA,WKSAUQYGYAYLPV-UHFFFAOYSA-N,"InChI=1S/C12H13ClN4/c1-2-9-10(11(14)17-12(15)16-9)7-3-5-8(13)6-4-7/h3-6H,2H2,1H3,(H4,14,15,16,17)",1251,CCc1nc(N)nc(N)c1c2ccc(Cl)cc2,4
Input,Ethacrynic acid,0.20091431,InputSig,NA,NA,LINCSCP_531,A375,10uM,6h,skin,Sodium/potassium/chloride transporter inhibitor,SLC12A1,AVOLMBLBETYQHX-UHFFFAOYSA-N,"InChI=1S/C13H12Cl2O4/c1-3-7(2)13(18)8-4-5-9(12(15)11(8)14)19-6-10(16)17/h4-5H,2-3,6H2,1H3,(H,16,17)",35923,CCC(=C)C(=O)c1ccc(OCC(=O)O)c(Cl)c1Cl,4
Input,NCGC00011767,0.2008545,InputSig,NA,NA,LINCSCP_189493,A549,10uM,24h,lung,NA,NA,DBTWZLIQIQEKBB-UHFFFAOYSA-N,"InChI=1S/C20H17N3O/c1-14-3-2-4-15(9-14)11-21-20-18-10-16(17-7-8-24-12-17)5-6-19(18)22-13-23-20/h2-10,12-13H,11H2,1H3,(H,21,22,23)",1839,Cc1cccc(CNc2ncnc3ccc(cc23)c4cocc4)c1,NA
Input,TGX-115,0.20080108,InputSig,NA,NA,LINCSCP_999,A375,100uM,6h,skin,PI3K inhibitor,NA,FWYYZGLCNUZWPF-UHFFFAOYSA-N,"InChI=1S/C20H20N2O3/c1-14-5-2-3-7-17(14)25-18-8-4-6-15-16(23)13-19(21-20(15)18)22-9-11-24-12-10-22/h2-8,13H,9-12H2,1H3,(H,21,23)",1718,Cc1ccccc1Oc2cccc3C(=O)C=C(Nc23)N4CCOCC4,NA
Input,IMEXON,0.200725,InputSig,NA,NA,LINCSCP_161633,PC3,0.37uM,24h,prostate,NA,NA,BIXBBIPTYBJTRY-UHFFFAOYSA-N,"InChI=1S/C4H5N3O/c5-3-2-1-7(2)4(8)6-3/h2H,1H2,(H2,5,6,8)",26444,Nc1nc(O)n2Cc12,NA
Input,CHEMBL2354536,0.20069909,InputSig,NA,NA,LINCSCP_50275,PHH,3uM,24h,NA,NA,NA,HJQSQTAMFLANGO-CDFDACKPSA-N,"InChI=1S/C33H38N2O5/c36-27-21-35(19-24-10-12-29(13-11-24)39-28-8-2-1-3-9-28)31-15-14-30(40-32(31)23-38-22-27)18-33(37)34-17-16-25-6-4-5-7-26(25)20-34/h1-13,27,30-32,36H,14-23H2/t27-,30+,31+,32-/m1/s1",36810,O[C@H]1COC[C@H]2O[C@H](CC(=O)N3CCc4ccccc4C3)CC[C@@H]2N(Cc5ccc(Oc6ccccc6)cc5)C1,NA
Input,MK-8245,0.2006369,InputSig,NA,NA,LINCSCP_118217,HT29,1.11uM,24h,large intestine,NA,NA,UJEAABFSXKCSGI-UHFFFAOYSA-N,"InChI=1S/C17H16BrFN6O4/c18-12-2-1-10(19)7-13(12)28-11-3-5-24(6-4-11)15-8-14(29-22-15)17-20-23-25(21-17)9-16(26)27/h1-2,7-8,11H,3-6,9H2,(H,26,27)",26956,OC(=O)Cn1nnc(n1)c2onc(c2)N3CCC(CC3)Oc4cc(F)ccc4Br,NA
Input,BIO2_000413,0.20061814,InputSig,NA,NA,LINCSCP_22582,HEPG2,10uM,6h,liver,PKC inhibitor,CDK2|GSK3B,XTGJCWHCHWNXSE-WQGXBGQBSA-N,"InChI=1S/C28H26N4O3/c1-28-12-17(29-2)25(34-3)27(35-28)31-18-10-6-4-8-14(18)20-16-13-30-26(33)22(16)21-15-9-5-7-11-19(15)32(28)24(21)23(20)31/h4-11,17,25,27,29H,12-13H2,1-3H3,(H,30,33)/t17-,25-,27+,28-/m1/s1",36536,CN[C@@H]1C[C@@]2(C)O[C@@H]([C@@H]1OC)n3c4ccccc4c5c6CNC(=O)c6c7c8ccccc8n2c7c35,NA
Input,N-Butyldeoxynojirmycin HCL,0.20059513,InputSig,NA,NA,LINCSCP_91942,HA1E,10uM,24h,kidney epithelial,Ceramide glucosyltransferase inhibitor,UGCG,UQRORFVVSGFNRO-UTINFBMNSA-N,"InChI=1S/C10H21NO4/c1-2-3-4-11-5-8(13)10(15)9(14)7(11)6-12/h7-10,12-15H,2-6H2,1H3/t7-,8+,9-,10-/m1/s1",27162,CCCCN1C[C@H](O)[C@@H](O)[C@H](O)[C@H]1CO,4
Input,Dolasetron,0.20058659,InputSig,NA,NA,LINCSCP_73587,A375,10uM,24h,skin,NA,NA,UKTAZPQNNNJVKR-ZSZSROOQSA-N,"InChI=1S/C19H20N2O3/c22-18-10-21-12-5-11(18)6-13(21)8-14(7-12)24-19(23)16-9-20-17-4-2-1-3-15(16)17/h1-4,9,11-14,20H,5-8,10H2/t11-,12-,13+,14-",24660,O=C(O[C@@H]1C[C@@H]2C[C@@H]3C[C@H](C1)N2CC3=O)c4c[nH]c5ccccc45,NA
Input,Dolasetron,0.20058659,InputSig,NA,NA,LINCSCP_73587,A375,10uM,24h,skin,NA,NA,UKTAZPQNNNJVKR-XDQVBPFNSA-N,"InChI=1S/C19H20N2O3/c22-18-10-21-12-5-11(18)6-13(21)8-14(7-12)24-19(23)16-9-20-17-4-2-1-3-15(16)17/h1-4,9,11-14,20H,5-8,10H2/t11-,12-,13-,14+/m0/s1",26451,O=C(O[C@@H]1C[C@@H]2C[C@H]3C[C@@H](C1)N2CC3=O)c4c[nH]c5ccccc45,NA
Input,CHEMBL1612418,0.20058212,InputSig,NA,NA,LINCSCP_6405,A549,10uM,24h,lung,NA,NA,LKAZLKLHUAIYCE-UHFFFAOYSA-N,"InChI=1S/C22H20N4O2/c1-15-7-10-18(11-8-15)26-24-19-12-9-17(13-20(19)25-26)23-22(27)14-28-21-6-4-3-5-16(21)2/h3-13H,14H2,1-2H3,(H,23,27)",36264,Cc1ccc(cc1)n2nc3ccc(NC(=O)COc4ccccc4C)cc3n2,NA
Input,Sildenafil,0.20053746,InputSig,NA,NA,LINCSCP_97893,HA1E,0.04uM,24h,kidney epithelial,Phosphodiesterase inhibitor,PDE5A,BNRNXUUZRGQAQC-UHFFFAOYSA-N,"InChI=1S/C22H30N6O4S/c1-5-7-17-19-20(27(4)25-17)22(29)24-21(23-19)16-14-15(8-9-18(16)32-6-2)33(30,31)28-12-10-26(3)11-13-28/h8-9,14H,5-7,10-13H2,1-4H3,(H,23,24,29)",15956,CCCc1nn(C)c2c(O)nc(nc12)c3cc(ccc3OCC)S(=O)(=O)N4CCN(C)CC4,4
Input,BRD-K41390249,0.20045172,InputSig,NA,NA,LINCSCP_48771,PC3,10uM,24h,prostate,NA,NA,XITHNPJDKKPLRP-YUKNNVIKSA-N,"InChI=1S/C37H53N5O8/c1-24-20-42(25(2)22-43)35(44)30-18-28(38-36(45)39-29-14-16-32-33(19-29)49-23-48-32)13-15-31(30)50-26(3)10-8-9-17-47-34(24)21-41(4)37(46)40-27-11-6-5-7-12-27/h13-16,18-19,24-27,34,43H,5-12,17,20-23H2,1-4H3,(H,40,46)(H2,38,39,45)/t24-,25-,26+,34-/m1/s1",32753,C[C@H](CO)N1C[C@@H](C)[C@@H](CN(C)C(=O)NC2CCCCC2)OCCCC[C@H](C)Oc3ccc(NC(=O)Nc4ccc5OCOc5c4)cc3C1=O,NA
Input,PP-30,0.20041441,InputSig,NA,NA,LINCSCP_40072,NCIH2073,10uM,6h,lung,RAF inhibitor,RAF1,RWRBSEISHUTNQL-UHFFFAOYSA-N,"InChI=1S/C19H21N7O/c1-11(2)26-18-15(17(20)22-10-23-18)16(25-26)12-5-3-6-13(9-12)19(27)24-14-7-4-8-21-14/h3,5-6,9-11H,4,7-8H2,1-2H3,(H2,20,22,23)(H,21,24,27)",23413,CC(C)n1nc(c2cccc(c2)C(=O)NC3=NCCC3)c4c(N)ncnc14,NA
Input,BRD-K91044787,0.20033451,InputSig,NA,NA,LINCSCP_312582,VCAP,0.5uM,24h,prostate,NA,NA,MIUSDJBPCCVFPT-VJGNERBWSA-N,"InChI=1S/C28H35N3O3/c1-34-24-14-12-23(13-15-24)29-28(33)30-16-4-5-17-31-25(18-30)27(26(31)19-32)22-10-8-21(9-11-22)20-6-2-3-7-20/h6,8-15,25-27,32H,2-5,7,16-19H2,1H3,(H,29,33)/t25-,26+,27-/m0/s1",34044,COc1ccc(NC(=O)N2CCCCN3[C@H](CO)[C@H]([C@@H]3C2)c4ccc(cc4)C5=CCCC5)cc1,NA
Input,BRD-K87410008,0.20031048,InputSig,NA,NA,LINCSCP_60997,VCAP,5uM,6h,prostate,NA,NA,GXRZKRPKTHFHBM-PONJGIIJSA-N,"InChI=1S/C25H31F3N4O4/c1-15-12-29-16(2)14-36-21-10-9-19(11-20(21)23(33)32(3)13-22(15)35-4)31-24(34)30-18-7-5-17(6-8-18)25(26,27)28/h5-11,15-16,22,29H,12-14H2,1-4H3,(H2,30,31,34)/t15-,16-,22+/m0/s1",4493,CO[C@@H]1CN(C)C(=O)c2cc(NC(=O)Nc3ccc(cc3)C(F)(F)F)ccc2OC[C@H](C)NC[C@@H]1C,NA
Input,BRD-K69420053,0.20025327,InputSig,NA,NA,LINCSCP_61074,VCAP,5uM,24h,prostate,NA,NA,MQWQDAVBIBJDRV-RHGYRFJNSA-N,"InChI=1S/C26H36N4O5/c1-17-14-29(3)18(2)16-35-22-12-11-19(13-20(22)25(31)30(4)15-24(17)34-6)27-26(32)28-21-9-7-8-10-23(21)33-5/h7-13,17-18,24H,14-16H2,1-6H3,(H2,27,28,32)/t17-,18+,24-/m0/s1",1921,CO[C@H]1CN(C)C(=O)c2cc(NC(=O)Nc3ccccc3OC)ccc2OC[C@@H](C)N(C)C[C@@H]1C,NA
Input,BRD-K14614387-001-01-8,0.20020848,InputSig,NA,NA,LINCSCP_27357,HT29,5uM,24h,large intestine,NA,NA,BPRBOEBHCISTIC-RCUDDFTLSA-N,"InChI=1S/C36H46N4O5/c1-26-22-40(27(2)25-41)36(43)32-21-31(37-35(42)15-16-39-17-19-44-20-18-39)13-14-33(32)45-34(26)24-38(3)23-28-9-11-30(12-10-28)29-7-5-4-6-8-29/h4-14,21,26-27,34,41H,15-20,22-25H2,1-3H3,(H,37,42)/t26-,27+,34+/m0/s1",11953,C[C@H](CO)N1C[C@H](C)[C@@H](CN(C)Cc2ccc(cc2)c3ccccc3)Oc4ccc(NC(=O)CCN5CCOCC5)cc4C1=O,NA
Input,CHEMBL2158275,0.20020163,InputSig,NA,NA,LINCSCP_188997,A549,10uM,24h,lung,NA,NA,UMKSGEWGYQSSMF-UHFFFAOYSA-N,"InChI=1S/C18H13N3O6S/c1-11-6-7-19-18(20-11)28-10-14-8-15(22)16(9-26-14)27-17(23)12-2-4-13(5-3-12)21(24)25/h2-9H,10H2,1H3",15906,Cc1ccnc(SCC2=CC(=O)C(=CO2)OC(=O)c3ccc(cc3)[N+](=O)[O-])n1,NA
Input,Propylthiouracil,0.2001964,InputSig,NA,NA,LINCSCP_155158,PC3,3.33uM,24h,prostate,Thyroid peroxidase inhibitor,DIO1|TPO,KNAHARQHSZJURB-UHFFFAOYSA-N,"InChI=1S/C7H10N2OS/c1-2-3-5-4-6(10)9-7(11)8-5/h4H,2-3H2,1H3,(H2,8,9,10,11)",18473,CCCC1=CC(=O)NC(=S)N1,4
Input,BRD-K62768020,0.20017099,InputSig,NA,NA,LINCSCP_32210,MCF7,10uM,24h,breast,NA,NA,JQYMSOQAVLOHGP-MDWZMJQESA-N,"InChI=1S/C12H17N3O7S/c16-10(4-2-1-3-5-11(17)15-18)14-13-8-9-6-7-12(22-9)23(19,20)21/h6-8,18H,1-5H2,(H,14,16)(H,15,17)(H,19,20,21)/b13-8+",22050,ONC(=O)CCCCCC(=O)NN=Cc1oc(cc1)S(=O)(=O)O,NA
Input,Splitomicin,0.20010779,InputSig,NA,NA,LINCSCP_41516,NEU,10uM,6h,NA,SIRT inhibitor,NA,ISFPDBUKMJDAJH-UHFFFAOYSA-N,"InChI=1S/C13H10O2/c14-13-8-6-11-10-4-2-1-3-9(10)5-7-12(11)15-13/h1-5,7H,6,8H2",33982,O=C1CCc2c(O1)ccc3ccccc23,NA
Input,BRD-K27343142,0.20002079,InputSig,NA,NA,LINCSCP_63682,VCAP,5uM,24h,prostate,NA,NA,QGGFARYSPQJNIH-MXEMCNAFSA-N,"InChI=1S/C22H41N3O4/c1-24(2)11-5-10-23-22(27)12-19-8-9-20-21(29-19)16-28-15-18(26)14-25(20)13-17-6-3-4-7-17/h17-21,26H,3-16H2,1-2H3,(H,23,27)/t18-,19-,20+,21-/m1/s1",24148,CN(C)CCCNC(=O)C[C@H]1CC[C@H]2[C@@H](COC[C@H](O)CN2CC3CCCC3)O1,NA
Input,CHEMBL3182405,-0.55267739,InputSig,NA,NA,LINCSCP_12639,CORL23,10uM,6h,lung,NA,NA,TXJZRSRTYPUYRW-GHTZIAJQSA-N,"InChI=1S/C23H21ClN2O5/c1-30-22(28)14-9-7-13(8-10-14)21-20-16(15-5-3-4-6-17(15)25-20)11-18(23(29)31-2)26(21)19(27)12-24/h3-10,18,21,25H,11-12H2,1-2H3/t18-,21+/m0/s1",16196,COC(=O)[C@@H]1Cc2c([nH]c3ccccc23)[C@H](N1C(=O)CCl)c4ccc(cc4)C(=O)OC,NA
Input,BRD-A24396574-001-01-5,-0.53041105,InputSig,NA,NA,LINCSCP_145765,MDAMB231,10uM,3h,NA,Anti-inflammatory agent|Antioxidant|HSP inhibitor|NFkB pathway inhibitor|Topoisomerase inhibitor,NA,AQKDBFWJOPNOKZ-TWPXQOCQSA-N,"InChI=1S/C29H38O4/c1-17-18-7-8-21-27(4,19(18)15-20(30)23(17)31)12-14-29(6)22-16-26(3,24(32)33)10-9-25(22,2)11-13-28(21,29)5/h7-8,15,17,22H,9-14,16H2,1-6H3,(H,32,33)/t17?,22-,25-,26-,27+,28-,29?/m1/s1",1467,CC1C(=O)C(=O)C=C2C1=CC=C3[C@@]2(C)CCC4(C)[C@@H]5C[C@@](C)(CC[C@]5(C)CC[C@]34C)C(=O)O,NA
Input,CHEMBL1434137,-0.50767327,InputSig,NA,NA,LINCSCP_54003,SW480,40uM,6h,large intestine,Retinoid receptor agonist,RARG,YSGDXEKQTNMRQN-UHFFFAOYSA-N,"InChI=1S/C27H26O3/c28-25-12-23-10-21(19-1-3-20(4-2-19)26(29)30)5-6-22(23)11-24(25)27-13-16-7-17(14-27)9-18(8-16)15-27/h1-6,10-12,16-18,28H,7-9,13-15H2,(H,29,30)",38878,OC(=O)c1ccc(cc1)c2ccc3cc(c(O)cc3c2)C45CC6CC(CC(C6)C4)C5,NA
Input,Salermide,-0.47729416,InputSig,NA,NA,LINCSCP_54104,SW620,100uM,6h,large intestine,SIRT inhibitor,SIRT1|SIRT2,HQSSEGBEYORUBY-WPWMEQJKSA-N,"InChI=1S/C26H22N2O2/c1-18(19-8-3-2-4-9-19)26(30)28-22-12-7-11-21(16-22)27-17-24-23-13-6-5-10-20(23)14-15-25(24)29/h2-18,29H,1H3,(H,28,30)/b27-17+",16293,CC(C(=O)Nc1cccc(c1)N=Cc2c(O)ccc3ccccc23)c4ccccc4,NA
Input,Gossypol,-0.47435025,InputSig,NA,NA,LINCSCP_54189,SW620,10uM,6h,large intestine,BCL inhibitor|MCL1 inhibitor,BCL2|BCL2L1|MCL1,QBKSWRVVCFFDOT-UHFFFAOYSA-N,"InChI=1S/C30H30O8/c1-11(2)19-15-7-13(5)21(27(35)23(15)17(9-31)25(33)29(19)37)22-14(6)8-16-20(12(3)4)30(38)26(34)18(10-32)24(16)28(22)36/h7-12,33-38H,1-6H3",36687,CC(C)c1c(O)c(O)c(C=O)c2c(O)c(c(C)cc12)c3c(C)cc4c(C(C)C)c(O)c(O)c(C=O)c4c3O,NA
Input,SMR000075319,-0.46873117,InputSig,NA,NA,LINCSCP_21579,HEPG2,60uM,6h,liver,Importin-beta transport receptor inhibitor,KPNB1,HKGJEZIGDHFJFL-UHFFFAOYSA-N,"InChI=1S/C20H22N4/c1-15(16-9-3-2-4-10-16)21-19-17-11-5-6-12-18(17)22-20(23-19)24-13-7-8-14-24/h2-6,9-12,15H,7-8,13-14H2,1H3,(H,21,22,23)",35219,CC(Nc1nc(nc2ccccc12)N3CCCC3)c4ccccc4,NA
Input,QL47,-0.46390516,InputSig,NA,NA,LINCSCP_164156,SKBR3,10uM,3h,breast,BTK inhibitor|Cytoplasmic tyrosine protein kinase BMX inhibitor,BMX|BTK,RTRNJQOBEOISFQ-UHFFFAOYSA-N,"InChI=1S/C27H21N5O2/c1-3-25(33)31-11-10-17-4-7-21(13-24(17)31)32-26(34)9-6-19-14-28-23-8-5-18(12-22(23)27(19)32)20-15-29-30(2)16-20/h3-9,12-16H,1,10-11H2,2H3",25645,Cn1cc(cn1)c2ccc3ncc4C=CC(=O)N(c5ccc6CCN(C(=O)C=C)c6c5)c4c3c2,NA
Input,Withaferin A,-0.4578649,InputSig,NA,NA,LINCSCP_113452,HME1,3.33uM,3h,breast,IKK inhibitor,IKBKB|NAMPT,DBRXOUCRJQVYJQ-CKNDUULBSA-N,"InChI=1S/C28H38O6/c1-14-11-21(33-25(32)17(14)13-29)15(2)18-5-6-19-16-12-24-28(34-24)23(31)8-7-22(30)27(28,4)20(16)9-10-26(18,19)3/h7-8,15-16,18-21,23-24,29,31H,5-6,9-13H2,1-4H3/t15-,16-,18+,19-,20-,21+,23-,24+,26+,27-,28+/m0/s1",16606,C[C@H]([C@H]1CC(=C(CO)C(=O)O1)C)[C@H]2CC[C@H]3[C@@H]4C[C@H]5O[C@]56[C@@H](O)C=CC(=O)[C@]6(C)[C@H]4CC[C@]23C,NA
Input,MLS002703105,-0.44426585,InputSig,NA,NA,LINCSCP_45264,PC3,10uM,24h,prostate,NA,NA,OKEYLXGAJZVHLC-UHFFFAOYSA-N,"InChI=1S/C22H28N2O7S/c1-3-18(21(25)23-20-15-7-12-6-13(9-15)10-16(20)8-12)31-22(26)14-4-5-19(32(2,29)30)17(11-14)24(27)28/h4-5,11-13,15-16,18,20H,3,6-10H2,1-2H3,(H,23,25)",15174,CCC(OC(=O)c1ccc(c(c1)[N+](=O)[O-])S(=O)(=O)C)C(=O)NC2C3CC4CC(CC2C4)C3,NA
Input,CCT036477,-0.44314116,InputSig,NA,NA,LINCSCP_43534,NPC,10uM,6h,neural progenitor cells,NA,NA,IFOHRIXRQPOHQZ-UHFFFAOYSA-N,"InChI=1S/C21H18ClN3/c1-14-20(17-6-2-3-7-18(17)24-14)21(15-9-11-16(22)12-10-15)25-19-8-4-5-13-23-19/h2-13,21,24H,1H3,(H,23,25)",31637,Cc1[nH]c2ccccc2c1C(Nc3ccccn3)c4ccc(Cl)cc4,NA
Input,Tamoxifen,-0.4430434,InputSig,NA,NA,LINCSCP_43683,NPC,10uM,6h,neural progenitor cells,Estrogen receptor alpha modulator,ESR1|ESR2,NKANXQFJJICGDU-QPLCGJKRSA-N,"InChI=1S/C26H29NO/c1-4-25(21-11-7-5-8-12-21)26(22-13-9-6-10-14-22)23-15-17-24(18-16-23)28-20-19-27(2)3/h5-18H,4,19-20H2,1-3H3/b26-25-",17558,CC\C(=C(/c1ccccc1)\c2ccc(OCCN(C)C)cc2)\c3ccccc3,4
Input,Calmidazolium,-0.442261,InputSig,NA,NA,LINCSCP_26588,HT29,10uM,6h,large intestine,Calcium channel blocker|Calmodulin antagonist,ATP2B1|PDE1A,CTKNMSVWMRRCPW-UHFFFAOYSA-N,"InChI=1S/C31H23Cl6N2O/c32-23-6-1-20(2-7-23)31(21-3-8-24(33)9-4-21)39-14-13-38(19-39)17-30(27-12-11-26(35)16-29(27)37)40-18-22-5-10-25(34)15-28(22)36/h1-16,19,30-31H,17-18H2/q+1",23203,Clc1ccc(cc1)C(c2ccc(Cl)cc2)n3cc[n+](CC(OCc4ccc(Cl)cc4Cl)c5ccc(Cl)cc5Cl)c3,NA
Input,TL_HRAS26,-0.44104538,InputSig,NA,NA,LINCSCP_19483,HCC515,10uM,6h,lung,NA,NA,VIBHJPDPEVVDTB-UHFFFAOYSA-N,"InChI=1S/C22H20Cl2N4O4/c1-14-20(28(30)31)19(25-32-14)22(29)27-12-10-26(11-13-27)21(15-2-6-17(23)7-3-15)16-4-8-18(24)9-5-16/h2-9,21H,10-13H2,1H3",15370,Cc1onc(C(=O)N2CCN(CC2)C(c3ccc(Cl)cc3)c4ccc(Cl)cc4)c1[N+](=O)[O-],NA
Input,CHEMBL399379,-0.43810298,InputSig,NA,NA,LINCSCP_54236,SW620,80uM,6h,large intestine,ATP citrase lyase inhibitor,ACLY,SIIPNDKXZOTLEA-UHFFFAOYSA-N,"InChI=1S/C19H15Cl2NO4S/c1-26-17-8-7-13(12-5-3-2-4-6-12)9-16(17)22-27(24,25)18-11-14(20)10-15(21)19(18)23/h2-11,22-23H,1H3",18581,COc1ccc(cc1NS(=O)(=O)c2cc(Cl)cc(Cl)c2O)c3ccccc3,NA
Input,MLS000038106,-0.43420237,InputSig,NA,NA,LINCSCP_51249,RMUGS,10uM,6h,ovary,NA,NA,CYSOFAOLQAYKGU-UHFFFAOYSA-N,"InChI=1S/C15H10N2O2S/c18-20(19)13-6-2-1-5-11(13)12-8-7-10-4-3-9-16-14(10)15(12)17-20/h1-9,17H",15942,O=S1(=O)Nc2c(ccc3cccnc23)c4ccccc14,NA
Input,CDK4 Inhibitor III,-0.43169128,InputSig,NA,NA,LINCSCP_50423,PHH,10uM,6h,NA,Histone lysine methyltransferase inhibitor,CDK4,HFPLHASLIOXVGS-UHFFFAOYSA-N,"InChI=1S/C15H12N2O2S/c1-8-3-5-10(6-4-8)17-11-7-12(18)15-13(14(11)19)16-9(2)20-15/h3-7,17H,1-2H3",35485,Cc1ccc(NC2=CC(=O)c3sc(C)nc3C2=O)cc1,NA
Input,Penfluridol,-0.43162852,InputSig,NA,NA,LINCSCP_57081,VCAP,30uM,6h,prostate,T-type calcium channel blocker,NA,MDLAAYDRRZXJIF-UHFFFAOYSA-N,"InChI=1S/C28H27ClF5NO/c29-26-12-7-21(18-25(26)28(32,33)34)27(36)13-16-35(17-14-27)15-1-2-24(19-3-8-22(30)9-4-19)20-5-10-23(31)11-6-20/h3-12,18,24,36H,1-2,13-17H2",15440,OC1(CCN(CCCC(c2ccc(F)cc2)c3ccc(F)cc3)CC1)c4ccc(Cl)c(c4)C(F)(F)F,NA
Input,IMD-0354,-0.42978941,InputSig,NA,NA,LINCSCP_10421,A673,10uM,6h,bone,IKK inhibitor|NFkB pathway inhibitor,IKBKB,CHILCFMQWMQVAL-UHFFFAOYSA-N,"InChI=1S/C15H8ClF6NO2/c16-9-1-2-12(24)11(6-9)13(25)23-10-4-7(14(17,18)19)3-8(5-10)15(20,21)22/h1-6,24H,(H,23,25)",15907,Oc1ccc(Cl)cc1C(=O)Nc2cc(cc(c2)C(F)(F)F)C(F)(F)F,NA
Input,ST072947,-0.42679225,InputSig,NA,NA,LINCSCP_58708,VCAP,10uM,6h,prostate,NA,NA,GNMYBBZJYXAFKU-LDADJPATSA-N,"InChI=1S/C23H15N3O2S/c27-21-18(12-15-13-24-19-10-4-3-8-16(15)19)22(28)26(23(29)25-21)20-11-5-7-14-6-1-2-9-17(14)20/h1-13,24H,(H,25,27,29)/b18-12+",37089,O=C1NC(=S)N(C(=O)/C/1=C/c2c[nH]c3ccccc23)c4cccc5ccccc45,NA
Input,Sepantronium,-0.42414851,InputSig,NA,NA,LINCSCP_54324,SW620,0.5uM,6h,large intestine,Survivin inhibitor,BIRC5,OTSOOHRUMBRSHZ-UHFFFAOYSA-N,"InChI=1S/C20H19N4O3/c1-13-23(9-10-27-2)17-18(24(13)12-14-11-21-7-8-22-14)20(26)16-6-4-3-5-15(16)19(17)25/h3-8,11H,9-10,12H2,1-2H3/q+1",18449,COCCn1c(C)[n+](Cc2cnccn2)c3C(=O)c4ccccc4C(=O)c13,2
Input,Withaferin-A,-0.41986171,InputSig,NA,NA,LINCSCP_46906,PC3,10uM,6h,prostate,IKK inhibitor,IKBKB|NAMPT,DBRXOUCRJQVYJQ-MZNHJNIISA-N,"InChI=1S/C28H38O6/c1-14-11-21(33-25(32)17(14)13-29)15(2)18-5-6-19-16-12-24-28(34-24)23(31)8-7-22(30)27(28,4)20(16)9-10-26(18,19)3/h7-8,15-16,18-21,23-24,29,31H,5-6,9-13H2,1-4H3/t15?,16-,18-,19-,20?,21+,23+,24-,26+,27-,28+/m1/s1",1518,CC([C@@H]1CC(=C(CO)C(=O)O1)C)[C@H]2CC[C@@H]3[C@H]4C[C@H]5O[C@@]56[C@@H](O)C=CC(=O)[C@@]6(C)C4CC[C@@]23C,NA
Input,ML162,-0.41789025,InputSig,NA,NA,LINCSCP_53400,SKMEL28,10uM,6h,skin,NA,NA,UNVKYJSNMVDZJE-UHFFFAOYSA-N,"InChI=1S/C23H22Cl2N2O3S/c1-30-19-10-9-17(14-18(19)25)27(21(28)15-24)22(20-8-5-13-31-20)23(29)26-12-11-16-6-3-2-4-7-16/h2-10,13-14,22H,11-12,15H2,1H3,(H,26,29)",35365,COc1ccc(cc1Cl)N(C(C(=O)NCCc2ccccc2)c3cccs3)C(=O)CCl,NA
Input,NSC 663284,-0.41718181,InputSig,NA,NA,LINCSCP_23576,HEPG2,3uM,6h,liver,CDC inhibitor,CDC25A|CDC25B,BMKPVDQDJQWBPD-UHFFFAOYSA-N,"InChI=1S/C15H16ClN3O3/c16-11-13(18-4-5-19-6-8-22-9-7-19)15(21)12-10(14(11)20)2-1-3-17-12/h1-3,18H,4-9H2",12097,ClC1=C(NCCN2CCOCC2)C(=O)c3ncccc3C1=O,NA
Input,Chelerythrine,-0.41642397,InputSig,NA,NA,LINCSCP_152287,PC3,10uM,24h,prostate,NA,NA,LLEJIEBFSOEYIV-UHFFFAOYSA-N,"InChI=1S/C21H18NO4/c1-22-10-16-13(6-7-17(23-2)21(16)24-3)14-5-4-12-8-18-19(26-11-25-18)9-15(12)20(14)22/h4-10H,11H2,1-3H3/q+1",37899,COc1ccc2c(c[n+](C)c3c2ccc4cc5OCOc5cc34)c1OC,NA
Input,NCGC00170397-01,-0.41577012,InputSig,NA,NA,LINCSCP_59512,VCAP,10uM,24h,prostate,NA,NA,RVJRMPQLLBUGDF-MHUNNFNASA-N,"InChI=1S/C46H41N3O10/c1-54-43-42(59-46(53)49-38-24-14-12-22-36(38)31-17-7-3-8-18-31)41(58-45(52)48-37-23-13-11-21-35(37)30-15-5-2-6-16-30)40(39(29-50)56-43)57-44(51)47-32-25-27-34(28-26-32)55-33-19-9-4-10-20-33/h2-28,39-43,50H,29H2,1H3,(H,47,51)(H,48,52)(H,49,53)/t39-,40-,41+,42-,43+/m1/s1",11494,CO[C@H]1O[C@H](CO)[C@@H](OC(=O)Nc2ccc(Oc3ccccc3)cc2)[C@H](OC(=O)Nc4ccccc4c5ccccc5)[C@H]1OC(=O)Nc6ccccc6c7ccccc7,NA
Input,KI8751,-0.41388125,InputSig,NA,NA,LINCSCP_503,A375,10uM,6h,skin,KIT inhibitor|PDGFR tyrosine kinase receptor inhibitor|VEGFR inhibitor,KDR,LFKQSJNCVRGFCC-UHFFFAOYSA-N,"InChI=1S/C24H18F3N3O4/c1-32-22-11-15-20(12-23(22)33-2)28-8-7-21(15)34-14-4-6-19(17(27)10-14)30-24(31)29-18-5-3-13(25)9-16(18)26/h3-12H,1-2H3,(H2,29,30,31)",35797,COc1cc2nccc(Oc3ccc(NC(=O)Nc4ccc(F)cc4F)c(F)c3)c2cc1OC,NA
Input,Pifithrin MU,-0.41365708,InputSig,NA,NA,LINCSCP_12667,CORL23,10uM,6h,lung,HSP inhibitor,HSPA1A|TP53,ZZUZYEMRHCMVTB-UHFFFAOYSA-N,"InChI=1S/C8H7NO2S/c9-12(10,11)7-6-8-4-2-1-3-5-8/h1-5H,(H2,9,10,11)",22904,NS(=O)(=O)C#Cc1ccccc1,NA
Input,AKT Inhibitor IV,-0.413623,InputSig,NA,NA,LINCSCP_54759,T3M10,10uM,6h,lung,AKT inhibitor,AKT1,OTHITMYLBRCVIT-UHFFFAOYSA-N,"InChI=1S/C31H27N4S/c1-3-34-28-22-23(31-32-26-16-10-11-17-29(26)36-31)18-19-27(28)35(25-14-8-5-9-15-25)30(34)20-21-33(2)24-12-6-4-7-13-24/h4-22H,3H2,1-2H3/q+1",37956,CC[n+]1c(\C=C\N(C)c2ccccc2)n(c3ccccc3)c4ccc(cc14)c5nc6ccccc6s5,NA
Input,MLS000718723,-0.41317124,InputSig,NA,NA,LINCSCP_1685,A375,10uM,6h,skin,NA,NA,FIUNXRLMZHVJPJ-UHFFFAOYSA-N,"InChI=1S/C11H9ClN2O3/c1-2-13-8-6-4-3-5-7(8)9(12)10(11(13)15)14(16)17/h3-6H,2H2,1H3",15398,CCN1C(=O)C(=C(Cl)c2ccccc12)[N+](=O)[O-],NA
Input,79966-13-5,-0.41053752,InputSig,NA,NA,LINCSCP_54333,SW620,10uM,6h,large intestine,NA,NA,KPDOVJBEKCRATD-UHFFFAOYSA-N,"InChI=1S/C10H7ClN2O3/c1-12-7-5-3-2-4-6(7)8(11)9(10(12)14)13(15)16/h2-5H,1H3",25868,CN1C(=O)C(=C(Cl)c2ccccc12)[N+](=O)[O-],NA
Input,Amiodarone,-0.40983109,InputSig,NA,NA,LINCSCP_41502,NEU,10uM,6h,NA,HERG blocker,KCNH2,IYIKLHRQXLHMJQ-UHFFFAOYSA-N,"InChI=1S/C25H29I2NO3/c1-4-7-11-22-23(18-10-8-9-12-21(18)31-22)24(29)17-15-19(26)25(20(27)16-17)30-14-13-28(5-2)6-3/h8-10,12,15-16H,4-7,11,13-14H2,1-3H3",35575,CCCCc1oc2ccccc2c1C(=O)c3cc(I)c(OCCN(CC)CC)c(I)c3,4
Input,SU-11652,-0.40808212,InputSig,NA,NA,LINCSCP_51173,RMUGS,10uM,6h,ovary,Tyrosine kinase inhibitor,KDR|PDGFRB,XPLJEFSRINKZLC-ATVHPVEESA-N,"InChI=1S/C22H27ClN4O2/c1-5-27(6-2)10-9-24-22(29)20-13(3)19(25-14(20)4)12-17-16-11-15(23)7-8-18(16)26-21(17)28/h7-8,11-12,25H,5-6,9-10H2,1-4H3,(H,24,29)(H,26,28)/b17-12-",17659,CCN(CC)CCNC(=O)c1c(C)[nH]c(\C=C\2/C(=O)Nc3ccc(Cl)cc23)c1C,NA
Input,BIX01294,-0.4080122,InputSig,NA,NA,LINCSCP_43587,NPC,10uM,6h,neural progenitor cells,DNA methyltransferase inhibitor|Histone lysine methyltransferase inhibitor,EHMT2,OSXFATOLZGZLSK-UHFFFAOYSA-N,"InChI=1S/C28H38N6O2/c1-32-12-7-13-34(17-16-32)28-30-24-19-26(36-3)25(35-2)18-23(24)27(31-28)29-22-10-14-33(15-11-22)20-21-8-5-4-6-9-21/h4-6,8-9,18-19,22H,7,10-17,20H2,1-3H3,(H,29,30,31)",16163,COc1cc2nc(nc(NC3CCN(Cc4ccccc4)CC3)c2cc1OC)N5CCCN(C)CC5,NA
Input,CHEMBL2360603,-0.40635473,InputSig,NA,NA,LINCSCP_3520,A375,10uM,24h,skin,NA,NA,SPNWIHHPPMUGLU-HNPLUWAHSA-N,"InChI=1S/C30H34Cl2N4O4/c1-19-15-36(20(2)18-37)29(38)14-23-13-24(34-30(39)22-8-10-33-11-9-22)5-7-27(23)40-28(19)17-35(3)16-21-4-6-25(31)26(32)12-21/h4-13,19-20,28,37H,14-18H2,1-3H3,(H,34,39)/t19-,20+,28+/m1/s1",19537,C[C@@H](CO)N1C[C@@H](C)[C@H](CN(C)Cc2ccc(Cl)c(Cl)c2)Oc3ccc(NC(=O)c4ccncc4)cc3CC1=O,NA
Input,Cerulenin,-0.40365707,InputSig,NA,NA,LINCSCP_10388,A673,40uM,6h,bone,Fatty acid synthase inhibitor,FASN,GVEZIHKRYBHEFX-NQQPLRFYSA-N,"InChI=1S/C12H17NO3/c1-2-3-4-5-6-7-8-9(14)10-11(16-10)12(13)15/h2-3,5-6,10-11H,4,7-8H2,1H3,(H2,13,15)/b3-2+,6-5+/t10-,11-/m1/s1",17044,C\C=C\C\C=C\CCC(=O)[C@H]1O[C@H]1C(=O)N,NA
Input,TW 37,-0.40358653,InputSig,NA,NA,LINCSCP_54208,SW620,10uM,6h,large intestine,BCL inhibitor,BCL2|BCL2L1|MCL1,PQAPVTKIEGUPRN-UHFFFAOYSA-N,"InChI=1S/C33H35NO6S/c1-20(2)25-11-7-6-10-21(25)18-22-19-26(30(36)31(37)29(22)35)32(38)34-23-14-16-24(17-15-23)41(39,40)28-13-9-8-12-27(28)33(3,4)5/h6-17,19-20,35-37H,18H2,1-5H3,(H,34,38)",16521,CC(C)c1ccccc1Cc2cc(C(=O)Nc3ccc(cc3)S(=O)(=O)c4ccccc4C(C)(C)C)c(O)c(O)c2O,NA
Input,CAY10618,-0.40277389,InputSig,NA,NA,LINCSCP_57208,VCAP,10uM,6h,prostate,NAMPT inhibitor,NAMPT,SJOLTIOPWDLDEB-UHFFFAOYSA-N,"InChI=1S/C27H29N5O/c33-27(29-25-16-9-8-15-24(25)22-12-5-4-6-13-22)17-7-2-1-3-10-19-32-21-26(30-31-32)23-14-11-18-28-20-23/h4-6,8-9,11-16,18,20-21H,1-3,7,10,17,19H2,(H,29,33)",16215,O=C(CCCCCCCn1cc(nn1)c2cccnc2)Nc3ccccc3c4ccccc4,NA
Input,CHEMBL2357005,-0.39735405,InputSig,NA,NA,LINCSCP_50432,PHH,10uM,6h,NA,NA,NA,HZYAIKCNCGBDKG-WGJGVDRFSA-N,"InChI=1S/C35H32N2O8/c38-19-32-34-28(27-15-23(9-13-29(27)45-34)37-35(40)22-8-12-30-31(14-22)42-20-41-30)16-26(44-32)17-33(39)36-18-21-6-10-25(11-7-21)43-24-4-2-1-3-5-24/h1-15,26,28,32,34,38H,16-20H2,(H,36,39)(H,37,40)/t26-,28+,32+,34-/m0/s1",16632,OC[C@H]1O[C@H](CC(=O)NCc2ccc(Oc3ccccc3)cc2)C[C@H]4[C@@H]1Oc5ccc(NC(=O)c6ccc7OCOc7c6)cc45,NA
Input,STK178014,-0.39636542,InputSig,NA,NA,LINCSCP_57213,VCAP,50uM,6h,prostate,NA,NA,PMGRYRIPEBUYKR-NTEUORMPSA-N,"InChI=1S/C18H15N3O3S2/c1-10(2)21-16(22)14(25-18(21)23)9-11-7-8-15(24-11)26-17-19-12-5-3-4-6-13(12)20-17/h3-10H,1-2H3,(H,19,20)/b14-9+",17662,CC(C)N1C(=O)S\C(=C\c2oc(Sc3nc4ccccc4[nH]3)cc2)\C1=O,NA
Input,"13-Hydroxy-8,14,19-trimethoxy-4,10,12,16-tetramethyl-3,20,22-trioxo-2-azabicyclo[16.3.1]docosa-1(21),4,6,10,18-pentaen-9-yl carbamate",-0.39617037,InputSig,NA,NA,LINCSCP_64513,VCAP,20uM,48h,prostate,HSP inhibitor,HSP90AA1,QTQAWLPCGQOSGP-VDYWNIEOSA-N,"InChI=1S/C29H40N2O9/c1-15-11-19-25(34)20(14-21(32)27(19)39-7)31-28(35)16(2)9-8-10-22(37-5)26(40-29(30)36)18(4)13-17(3)24(33)23(12-15)38-6/h8-10,13-15,17,22-24,26,33H,11-12H2,1-7H3,(H2,30,36)(H,31,35)/b10-8+,16-9+,18-13+",25572,COC1CC(C)CC2=C(OC)C(=O)C=C(NC(=O)\C(=C\C=C\C(OC)C(OC(=O)N)\C(=C\C(C)C1O)\C)\C)C2=O,NA
Input,INCA-6,-0.39550359,InputSig,NA,NA,LINCSCP_33747,MCF7,10uM,6h,breast,Calcineurin inhibitor,NFATC1,GCHPUOHXXCNSQL-UHFFFAOYSA-N,"InChI=1S/C20H12O2/c21-15-9-10-16(22)20-18-12-6-2-1-5-11(12)17(19(15)20)13-7-3-4-8-14(13)18/h1-10,17-18H",30677,O=C1C=CC(=O)C2=C1C3c4ccccc4C2c5ccccc35,NA
Input,Niclosamide,-0.39546805,InputSig,NA,NA,LINCSCP_10375,A673,10uM,6h,bone,DNA replication inhibitor|STAT inhibitor,STAT3,RJMUSRYZPJIFPJ-UHFFFAOYSA-N,"InChI=1S/C13H8Cl2N2O4/c14-7-1-4-12(18)9(5-7)13(19)16-11-3-2-8(17(20)21)6-10(11)15/h1-6,18H,(H,16,19)",15590,Oc1ccc(Cl)cc1C(=O)Nc2ccc(cc2Cl)[N+](=O)[O-],4
Input,F1566-0341,-0.39428544,InputSig,NA,NA,LINCSCP_46811,PC3,10uM,24h,prostate,NA,NA,IBNDEPGJQYIEJX-UHFFFAOYSA-N,"InChI=1S/C25H17ClN2O3S2/c26-17-10-12-18(13-11-17)33(30,31)28-21-15-23(25(29)20-8-2-1-7-19(20)21)32-22-9-3-5-16-6-4-14-27-24(16)22/h1-15,28-29H",22248,Oc1c(Sc2cccc3cccnc23)cc(NS(=O)(=O)c4ccc(Cl)cc4)c5ccccc15,NA
Input,CHEMBL179288,-0.39112621,InputSig,NA,NA,LINCSCP_27143,HT29,10uM,6h,large intestine,NA,NA,DGZZVIWCMGVHGV-LJQANCHMSA-N,"InChI=1S/C20H26N2O5S/c1-14(2)19(20(23)21-24)22(27-15(3)4)28(25,26)18-12-10-17(11-13-18)16-8-6-5-7-9-16/h5-15,19,24H,1-4H3,(H,21,23)/t19-/m1/s1",15903,CC(C)ON([C@H](C(C)C)C(=O)NO)S(=O)(=O)c1ccc(cc1)c2ccccc2,NA
Input,Piplartine,-0.39108493,InputSig,NA,NA,LINCSCP_10358,A673,10uM,6h,bone,Glutathione transferase inhibitor,NA,VABYUUZNAVQNPG-BQYQJAHWSA-N,"InChI=1S/C17H19NO5/c1-21-13-10-12(11-14(22-2)17(13)23-3)7-8-16(20)18-9-5-4-6-15(18)19/h4,6-8,10-11H,5,9H2,1-3H3/b8-7+",17532,COc1cc(\C=C\C(=O)N2CCC=CC2=O)cc(OC)c1OC,NA
Input,LDN 193189,-0.39028408,InputSig,NA,NA,LINCSCP_163254,SKBR3,3.33uM,3h,breast,Serine/threonine kinase inhibitor,ACVR1|BMPR1A,CDOVNWNANFFLFJ-UHFFFAOYSA-N,"InChI=1S/C25H22N6/c1-2-4-24-22(3-1)21(9-10-27-24)23-16-29-31-17-19(15-28-25(23)31)18-5-7-20(8-6-18)30-13-11-26-12-14-30/h1-10,15-17,26H,11-14H2",15133,C1CN(CCN1)c2ccc(cc2)c3cnc4c(cnn4c3)c5ccnc6ccccc56,NA
Input,BSPBIO_001592,-0.38935059,InputSig,NA,NA,LINCSCP_40236,NCIH508,50uM,6h,large intestine,Cyclooxygenase inhibitor|Histone acetyltransferase inhibitor|Lipoxygenase inhibitor|NFkB pathway inhibitor,PTGS1|PTGS2,VZMSCIKIANDZNI-OAMUUVBCSA-N,"InChI=1S/C21H20O6/c1-26-20-11-7-14(12-19(20)25)6-9-16(22)13-17(23)10-8-15-4-3-5-18(24)21(15)27-2/h3-12,24-25H,13H2,1-2H3/b9-6+,10-8+",22175,COc1ccc(\C=C\C(=O)CC(=O)\C=C\c2cccc(O)c2OC)cc1O,NA
Input,STK249718,-0.38789715,InputSig,NA,NA,LINCSCP_26715,HT29,10uM,6h,large intestine,NA,NA,HDXJYJIPXWVRSM-UHFFFAOYSA-N,"InChI=1S/C12H10N6O2/c1-17-11(19)8-10(15-12(17)20)18(2)16-9(14-8)7-5-3-4-6-13-7/h3-6H,1-2H3",35010,CN1N=C(N=C2C(=O)N(C)C(=O)N=C12)c3ccccn3,NA
Input,SCHEMBL16980366,-0.38675506,InputSig,NA,NA,LINCSCP_50489,PHH,10uM,6h,NA,NA,NA,HZYAIKCNCGBDKG-AMMNGQDBSA-N,"InChI=1S/C35H32N2O8/c38-19-32-34-28(27-15-23(9-13-29(27)45-34)37-35(40)22-8-12-30-31(14-22)42-20-41-30)16-26(44-32)17-33(39)36-18-21-6-10-25(11-7-21)43-24-4-2-1-3-5-24/h1-15,26,28,32,34,38H,16-20H2,(H,36,39)(H,37,40)/t26-,28+,32+,34-/m1/s1",1822,OC[C@@H]1O[C@@H](CC(=O)NCc2ccc(Oc3ccccc3)cc2)C[C@@H]4[C@H]1Oc5ccc(NC(=O)c6ccc7OCOc7c6)cc45,NA
Input,Lanacordin,-0.3866721,InputSig,NA,NA,LINCSCP_27283,HT29,10uM,6h,large intestine,ATPase inhibitor,ATP1A1,LTMHDMANZUZIPE-YUICGFAKSA-N,"InChI=1S/C41H64O14/c1-19-36(47)28(42)15-34(50-19)54-38-21(3)52-35(17-30(38)44)55-37-20(2)51-33(16-29(37)43)53-24-8-10-39(4)23(13-24)6-7-26-27(39)14-31(45)40(5)25(9-11-41(26,40)48)22-12-32(46)49-18-22/h12,19-21,23-31,33-38,42-45,47-48H,6-11,13-18H2,1-5H3/t19-,20-,21-,23-,24+,25?,26-,27+,28+,29+,30+,31-,33+,34+,35+,36-,37-,38-,39+,40+,41+/m1/s1",1486,C[C@H]1O[C@H](C[C@H](O)[C@@H]1O)O[C@H]2[C@@H](O)C[C@H](O[C@H]3[C@@H](O)C[C@H](O[C@H]4CC[C@@]5(C)[C@H](CC[C@@H]6[C@@H]5C[C@@H](O)[C@]7(C)C(CC[C@]67O)C8=CC(=O)OC8)C4)O[C@@H]3C)O[C@@H]2C,NA
Input,MEGXM0_000203,-0.38575938,InputSig,NA,NA,LINCSCP_50410,PHH,10uM,6h,NA,NA,NA,HUIYHYRPRGTYKA-ONSSSSONSA-N,"InChI=1S/C23H34O11/c1-10-4-5-22(8-30-11(2)25)13(6-10)33-19-17(29)18(21(22,3)23(19)9-31-23)34-20-16(28)15(27)14(26)12(7-24)32-20/h6,12-20,24,26-29H,4-5,7-9H2,1-3H3/t12-,13?,14-,15+,16-,17-,18-,19-,20-,21-,22-,23?/m1/s1",10937,CC(=O)OC[C@]12CCC(=CC1O[C@@H]3[C@H](O)[C@@H](O[C@H]4O[C@H](CO)[C@@H](O)[C@H](O)[C@H]4O)[C@@]2(C)C35CO5)C,NA
Input,SCHEMBL5345535,-0.38573289,InputSig,NA,NA,LINCSCP_43338,NPC,10uM,6h,neural progenitor cells,NA,NA,YNIMWJBLZMGERM-UHFFFAOYSA-N,"InChI=1S/C14H14BrNO2/c15-9-14(18)16-7-6-11-3-1-2-10-4-5-12(17)8-13(10)11/h1-5,8,17H,6-7,9H2,(H,16,18)",31673,Oc1ccc2cccc(CCNC(=O)CBr)c2c1,NA
Input,"3,7-Bis(dimethylamino)phenothiazin-5-ium",-0.38546202,InputSig,NA,NA,LINCSCP_54180,SW620,10uM,6h,large intestine,Guanylyl cyclase inhibitor|Monoamine oxidase inhibitor|Nitric oxide production inhibitor|Tau aggregation inhibitor,ACHE,RBTBFTRPCNLSDE-UHFFFAOYSA-N,"InChI=1S/C16H18N3S/c1-18(2)11-5-7-13-15(9-11)20-16-10-12(19(3)4)6-8-14(16)17-13/h5-10H,1-4H3/q+1",36258,CN(C)c1ccc2nc3ccc(cc3[s+]c2c1)N(C)C,3
Input,Menadione,-0.38355262,InputSig,NA,NA,LINCSCP_12654,CORL23,10uM,6h,lung,Mitochondrial DNA polymerase inhibitor|Phosphatase inhibitor,NA,MJVAVZPDRWSRRC-UHFFFAOYSA-N,"InChI=1S/C11H8O2/c1-7-6-10(12)8-4-2-3-5-9(8)11(7)13/h2-6H,1H3",38545,CC1=CC(=O)c2ccccc2C1=O,4
Input,pyrvinium-pamoate,-0.38341456,InputSig,NA,NA,LINCSCP_39896,NCIH1694,10uM,6h,lung,AKT inhibitor|Androgen receptor antagonist,AR,NA,NA,NA,NA,NA
Input,"7,8-Dihydroxychlorpromazine",-0.38270462,InputSig,NA,NA,LINCSCP_43323,NPC,10uM,6h,neural progenitor cells,NA,NA,ZCBSXRWEKNAYOU-UHFFFAOYSA-N,"InChI=1S/C17H19ClN2O2S/c1-19(2)6-3-7-20-12-8-11(18)4-5-16(12)23-17-10-15(22)14(21)9-13(17)20/h4-5,8-10,21-22H,3,6-7H2,1-2H3",19474,CN(C)CCCN1c2cc(Cl)ccc2Sc3cc(O)c(O)cc13,NA
Input,AC1NSOND,-0.38044516,InputSig,NA,NA,LINCSCP_47256,PC3,10uM,6h,prostate,NA,NA,NYSNWKVZPJLWBH-WQRHYEAKSA-N,"InChI=1S/C20H15FN4O/c1-13-18(20(26)23-22-13)11-15-12-25(17-5-3-2-4-6-17)24-19(15)14-7-9-16(21)10-8-14/h2-12H,1H3,(H,23,26)/b18-11-",37339,CC1=NNC(=O)/C/1=C\c2cn(nc2c3ccc(F)cc3)c4ccccc4,NA
Input,BRD-A80960055-001-01-7,-0.38034778,InputSig,NA,NA,LINCSCP_26585,HT29,10uM,6h,large intestine,Anti-inflammatory agent|Antioxidant|HSP inhibitor|NFkB pathway inhibitor|Topoisomerase inhibitor,NA,AQKDBFWJOPNOKZ-HSFLDMIGSA-N,"InChI=1S/C29H38O4/c1-17-18-7-8-21-27(4,19(18)15-20(30)23(17)31)12-14-29(6)22-16-26(3,24(32)33)10-9-25(22,2)11-13-28(21,29)5/h7-8,15,17,22H,9-14,16H2,1-6H3,(H,32,33)/t17?,22-,25-,26-,27+,28-,29+/m0/s1",22266,CC1C(=O)C(=O)C=C2C1=CC=C3[C@]2(C)CC[C@]4(C)[C@H]5C[C@](C)(CC[C@@]5(C)CC[C@@]34C)C(=O)O,NA
Input,Oxyphenbutazone,-0.37923596,InputSig,NA,NA,LINCSCP_43271,NPC,10uM,6h,neural progenitor cells,Cyclooxygenase inhibitor,PTGS1|PTGS2,HFHZKZSRXITVMK-UHFFFAOYSA-N,"InChI=1S/C19H20N2O3/c1-2-3-9-17-18(23)20(14-7-5-4-6-8-14)21(19(17)24)15-10-12-16(22)13-11-15/h4-8,10-13,17,22H,2-3,9H2,1H3",16236,CCCCC1C(=O)N(N(C1=O)c2ccc(O)cc2)c3ccccc3,4
Input,MLS000518920,-0.37905394,InputSig,NA,NA,LINCSCP_20078,HCC515,10uM,6h,lung,NA,NA,OSJWKPHEUAQQKR-UHFFFAOYSA-N,"InChI=1S/C10H9ClN2OS/c1-13-7-4-2-3-5-8(7)15-10(13)12-9(14)6-11/h2-5H,6H2,1H3",21998,CN1C(=NC(=O)CCl)Sc2ccccc12,NA
Input,MLS002703102,-0.3782968,InputSig,NA,NA,LINCSCP_45330,PC3,10uM,24h,prostate,NA,NA,LGWGRZMOWLHHDN-UHFFFAOYSA-N,"InChI=1S/C22H31N3O7S/c1-33(30,31)20-8-7-18(15-19(20)25(28)29)22(27)32-16-21(26)24-13-11-23(12-14-24)10-9-17-5-3-2-4-6-17/h7-8,15,17H,2-6,9-14,16H2,1H3",15940,CS(=O)(=O)c1ccc(cc1[N+](=O)[O-])C(=O)OCC(=O)N2CCN(CCC3CCCCC3)CC2,NA
Input,"(1Ar,7as,10as,10br)-1a,5-Dimethyl-8-methylidene-2,3,6,7,7a,8,10a,10b-octahydrooxireno[9,10]cyclodeca[1,2-b]furan-9(1ah)-one",-0.377918,InputSig,NA,NA,LINCSCP_12658,CORL23,20uM,6h,lung,NFkB pathway inhibitor,NA,KTEXNACQROZXEV-ZRPLFPEYSA-N,"InChI=1S/C15H20O3/c1-9-5-4-8-15(3)13(18-15)12-11(7-6-9)10(2)14(16)17-12/h5,11-13H,2,4,6-8H2,1,3H3/b9-5-/t11-,12-,13+,15+/m0/s1",37954,C\C\1=C\CC[C@@]2(C)O[C@@H]2[C@H]3OC(=O)C(=C)[C@@H]3CC1,NA
Input,GNF-PF-2272,-0.37696481,InputSig,NA,NA,LINCSCP_26714,HT29,10uM,6h,large intestine,NA,NA,CPXHNWKHOFNPDO-UHFFFAOYSA-N,InChI=1S/C8H9N5O2/c1-4-9-5-6(13(3)11-4)10-8(15)12(2)7(5)14/h1-3H3,1789,CN1N=C(C)N=C2C(=O)N(C)C(=O)N=C12,NA
Input,STK177393,-0.37612145,InputSig,NA,NA,LINCSCP_28893,HUH7,10uM,6h,liver,NA,NA,FRIIXXSFULMALB-UHFFFAOYSA-N,"InChI=1S/C19H30N2O2S/c22-24(23,19-10-4-1-5-11-19)17-18(21-14-8-3-9-15-21)16-20-12-6-2-7-13-20/h1,4-5,10-11,18H,2-3,6-9,12-17H2",19439,O=S(=O)(CC(CN1CCCCC1)N2CCCCC2)c3ccccc3,NA
Input,"3,5-Bis(4-methylbenzylidene)piperidin-4-one",-0.37460431,InputSig,NA,NA,LINCSCP_10422,A673,10uM,6h,bone,Ubiquitin specific protease inhibitor,SENP2|USP1|USP2|USP7,PKCYYPHSCUSQDK-UHWBUFEVSA-N,"InChI=1S/C21H21NO/c1-15-3-7-17(8-4-15)11-19-13-22-14-20(21(19)23)12-18-9-5-16(2)6-10-18/h3-12,22H,13-14H2,1-2H3/b19-11-,20-12+",17168,Cc1ccc(\C=C/2\CNC\C(=C/c3ccc(C)cc3)\C2=O)cc1,NA
Input,"3,5-Bis(4-methylbenzylidene)piperidin-4-one",-0.37460431,InputSig,NA,NA,LINCSCP_10422,A673,10uM,6h,bone,Ubiquitin specific protease inhibitor,SENP2|USP1|USP2|USP7,PKCYYPHSCUSQDK-UHFFFAOYSA-N,"InChI=1S/C21H21NO/c1-15-3-7-17(8-4-15)11-19-13-22-14-20(21(19)23)12-18-9-5-16(2)6-10-18/h3-12,22H,13-14H2,1-2H3",792,Cc1ccc(C=C2CNCC(=Cc3ccc(C)cc3)C2=O)cc1,NA
Input,MLS000564806,-0.37294496,InputSig,NA,NA,LINCSCP_54075,SW620,10uM,6h,large intestine,NA,NA,XAFSFXYJOJWLJD-UHFFFAOYSA-N,"InChI=1S/C21H23ClN4O/c1-2-25-9-11-26(12-10-25)20(15-5-3-7-23-14-15)17-13-18(22)16-6-4-8-24-19(16)21(17)27/h3-8,13-14,20,27H,2,9-12H2,1H3",36233,CCN1CCN(CC1)C(c2cccnc2)c3cc(Cl)c4cccnc4c3O,NA
Input,DG-041,-0.37293035,InputSig,NA,NA,LINCSCP_54006,SW480,40uM,6h,large intestine,Prostanoid receptor antagonist,PTGER3,BFBTVZNKWXWKNZ-HWKANZROSA-N,"InChI=1S/C23H15Cl4FN2O3S2/c1-12-10-30(11-14-2-4-15(24)7-18(14)25)22-13(6-16(28)8-17(12)22)3-5-20(31)29-35(32,33)21-9-19(26)23(27)34-21/h2-10H,11H2,1H3,(H,29,31)/b5-3+",37981,Cc1cn(Cc2ccc(Cl)cc2Cl)c3c(\C=C\C(=O)NS(=O)(=O)c4cc(Cl)c(Cl)s4)cc(F)cc13,NA
Input,Chlorpromazine,-0.37276096,InputSig,NA,NA,LINCSCP_43365,NPC,10uM,6h,neural progenitor cells,Serotonin 2a (5-HT2a) receptor antagonist (Serotonin 2a|D2-like dopamine receptor antagonist,ADRA2A|ADRA2B|ADRA2C|DRD1|DRD2|DRD3|DRD4|DRD5|HRH1|HTR1A|HTR2A|HTR2C|HTR6|HTR7,ZPEIMTDSQAKGNT-UHFFFAOYSA-N,"InChI=1S/C17H19ClN2S/c1-19(2)10-5-11-20-14-6-3-4-7-16(14)21-17-9-8-13(18)12-15(17)20/h3-4,6-9,12H,5,10-11H2,1-2H3",36123,CN(C)CCCN1c2ccccc2Sc3ccc(Cl)cc13,4
Input,CHEMBL569102,-0.37082912,InputSig,NA,NA,LINCSCP_41557,NEU,10uM,6h,NA,Anticancer agent,NA,WWBNWNFPDKAYDJ-UHFFFAOYSA-N,"InChI=1S/C23H20FN5O/c1-25-23-28-20-5-3-2-4-19(20)21(29-23)26-14-15-6-12-18(13-7-15)27-22(30)16-8-10-17(24)11-9-16/h2-13H,14H2,1H3,(H,27,30)(H2,25,26,28,29)",19486,CNc1nc(NCc2ccc(NC(=O)c3ccc(F)cc3)cc2)c4ccccc4n1,NA
Input,Elesclomol,-0.3702574,InputSig,NA,NA,LINCSCP_54344,SW620,10uM,6h,large intestine,Oxidative stress inducer,HSPA1A,BKJIXTWSNXCKJH-UHFFFAOYSA-N,"InChI=1S/C19H20N4O2S2/c1-22(18(26)14-9-5-3-6-10-14)20-16(24)13-17(25)21-23(2)19(27)15-11-7-4-8-12-15/h3-12H,13H2,1-2H3,(H,20,24)(H,21,25)",16207,CN(NC(=O)CC(=O)NN(C)C(=S)c1ccccc1)C(=S)c2ccccc2,3
Input,Azacitidine,-0.36877452,InputSig,NA,NA,LINCSCP_27292,HT29,10uM,6h,large intestine,DNA (cytosine-5)-methyltransferase 3A inhibitor (DNA|DNA (cytosine-5)-methyltransferase 1 inhibitor (DNA,DNMT1|DNMT3A,NMUSYJAQQFHJEW-ARQDHWQXSA-N,"InChI=1S/C8H12N4O5/c9-7-10-2-12(8(16)11-7)6-5(15)4(14)3(1-13)17-6/h2-6,13-15H,1H2,(H2,9,11,16)/t3-,4-,5+,6-/m1/s1",26901,NC1=NC(=O)N(C=N1)[C@@H]2O[C@H](CO)[C@@H](O)[C@@H]2O,NA
Input,Azacitidine,-0.36877452,InputSig,NA,NA,LINCSCP_27292,HT29,10uM,6h,large intestine,DNA (cytosine-5)-methyltransferase 3A inhibitor (DNA|DNA (cytosine-5)-methyltransferase 1 inhibitor (DNA,DNMT1|DNMT3A,NMUSYJAQQFHJEW-KVTDHHQDSA-N,"InChI=1S/C8H12N4O5/c9-7-10-2-12(8(16)11-7)6-5(15)4(14)3(1-13)17-6/h2-6,13-15H,1H2,(H2,9,11,16)/t3-,4-,5-,6-/m1/s1",24176,NC1=NC(=O)N(C=N1)[C@@H]2O[C@H](CO)[C@@H](O)[C@H]2O,4
Input,Alisertib,-0.36731976,InputSig,NA,NA,LINCSCP_79347,A375,0.37uM,24h,skin,Aurora kinase inhibitor,AURKA,ZLHFILGSQDJULK-UHFFFAOYSA-N,"InChI=1S/C27H20ClFN4O4/c1-36-21-5-3-4-20(29)23(21)25-19-10-15(28)6-8-17(19)24-14(12-30-25)13-31-27(33-24)32-16-7-9-18(26(34)35)22(11-16)37-2/h3-11,13H,12H2,1-2H3,(H,34,35)(H,31,32,33)",39955,COc1cccc(F)c1C2=NCc3cnc(Nc4ccc(C(=O)O)c(OC)c4)nc3c5ccc(Cl)cc25,3
Input,NO-ASA,-0.36597248,InputSig,NA,NA,LINCSCP_41496,NEU,10uM,6h,NA,Cyclooxygenase inhibitor,PTGS2,IOJUJUOXKXMJNF-UHFFFAOYSA-N,"InChI=1S/C16H13NO7/c1-11(18)23-15-8-3-2-7-14(15)16(19)24-13-6-4-5-12(9-13)10-22-17(20)21/h2-9H,10H2,1H3",31659,CC(=O)Oc1ccccc1C(=O)Oc2cccc(CO[N+](=O)[O-])c2,NA
Input,4-Chloro-3-nitro-quinolin-2(1H)-one,-0.36586825,InputSig,NA,NA,LINCSCP_1715,A375,10uM,6h,skin,NA,NA,MCYSTJLGTLBBTI-UHFFFAOYSA-N,"InChI=1S/C9H5ClN2O3/c10-7-5-3-1-2-4-6(5)11-9(13)8(7)12(14)15/h1-4H,(H,11,13)",26412,[O-][N+](=O)C1=C(Cl)c2ccccc2NC1=O,NA
Input,Pyrvinium pamoate,-0.36366898,InputSig,NA,NA,LINCSCP_43565,NPC,10uM,6h,neural progenitor cells,Androgen receptor antagonist,NA,JSZNAPGSRFTCQR-UHFFFAOYSA-N,"InChI=1S/C26H30N3/c1-19-17-21(20(2)29(19)24-9-7-6-8-10-24)11-13-23-14-12-22-18-25(27(3)4)15-16-26(22)28(23)5/h6-10,12,14-18H,11,13H2,1-5H3/q+1",27320,CN(C)c1ccc2c(ccc(CCc3cc(C)n(c3C)c4ccccc4)[n+]2C)c1.OC(=O)c5cc6ccccc6c(Cc7c(O)c(cc8ccccc78)C(=O)O)c5O,NA
Input,Phloretin,-0.36322497,InputSig,NA,NA,LINCSCP_54179,SW620,100uM,6h,large intestine,Sodium/glucose cotransporter inhibitor,NA,VGEREEWJJVICBM-UHFFFAOYSA-N,"InChI=1S/C15H14O5/c16-10-4-1-9(2-5-10)3-6-12(18)15-13(19)7-11(17)8-14(15)20/h1-2,4-5,7-8,16-17,19-20H,3,6H2",16518,Oc1ccc(CCC(=O)c2c(O)cc(O)cc2O)cc1,NA
Input,ML175,-0.36296496,InputSig,NA,NA,LINCSCP_19656,HCC515,10uM,6h,lung,NA,NA,RPFLJHUKWQKWPO-UHFFFAOYSA-N,"InChI=1S/C13H13ClF3N3O4/c14-8-11(21)19(7-1-6-18-12(22)13(15,16)17)9-2-4-10(5-3-9)20(23)24/h2-5H,1,6-8H2,(H,18,22)",15765,[O-][N+](=O)c1ccc(cc1)N(CCCNC(=O)C(F)(F)F)C(=O)CCl,NA
Input,TL_HRAS24,-0.36286292,InputSig,NA,NA,LINCSCP_19798,HCC515,10uM,6h,lung,NA,NA,HSLDKGXOZPBJAD-UHFFFAOYSA-N,"InChI=1S/C22H20F2N4O4/c1-14-20(28(30)31)19(25-32-14)22(29)27-12-10-26(11-13-27)21(15-2-6-17(23)7-3-15)16-4-8-18(24)9-5-16/h2-9,21H,10-13H2,1H3",16053,Cc1onc(C(=O)N2CCN(CC2)C(c3ccc(F)cc3)c4ccc(F)cc4)c1[N+](=O)[O-],NA
Input,SCHEMBL6874948,-0.36260557,InputSig,NA,NA,LINCSCP_163862,SKBR3,10uM,3h,breast,LCK Inhibitor,LCK,VVTHOUCIAGHQBD-UHFFFAOYSA-N,"InChI=1S/C31H27F3N4O3/c1-40-23-13-21(14-24(17-23)41-2)19-3-6-27-25(15-19)30-20(18-36-27)4-8-29(39)38(30)22-5-7-28(26(16-22)31(32,33)34)37-11-9-35-10-12-37/h3-8,13-18,35H,9-12H2,1-2H3",22273,COc1cc(OC)cc(c1)c2ccc3ncc4C=CC(=O)N(c5ccc(N6CCNCC6)c(c5)C(F)(F)F)c4c3c2,NA
Input,MLS002554302,-0.36242073,InputSig,NA,NA,LINCSCP_45975,PC3,10uM,24h,prostate,NA,NA,DVUUFKVQAGWFAF-UHFFFAOYSA-N,"InChI=1S/C15H8ClF6N3O4S/c16-9-5-6-10(12-11(9)23-29-24-12)30(27,28)25-8-3-1-7(2-4-8)13(26,14(17,18)19)15(20,21)22/h1-6,25-26H",36213,OC(c1ccc(NS(=O)(=O)c2ccc(Cl)c3nonc23)cc1)(C(F)(F)F)C(F)(F)F,NA
Input,STK219801,-0.36198518,InputSig,NA,NA,LINCSCP_12648,CORL23,20uM,6h,lung,Histone acetyltransferase inhibitor,NA,HEKJYZZSCQBJGB-XDHOZWIPSA-N,"InChI=1S/C24H19N3O6/c1-13-10-20(21(27(31)32)11-14(13)2)22-9-8-18(33-22)12-19-15(3)25-26(23(19)28)17-6-4-16(5-7-17)24(29)30/h4-12H,1-3H3,(H,29,30)/b19-12+",1003,CC1=NN(C(=O)/C/1=C/c2oc(cc2)c3cc(C)c(C)cc3[N+](=O)[O-])c4ccc(cc4)C(=O)O,NA
Input,Manumycin-A,-0.35976606,InputSig,NA,NA,LINCSCP_53412,SKMEL28,10uM,6h,skin,Farnesyltransferase inhibitor|NFkB pathway inhibitor,FNTA|IKBKB,XIZGHTZLVCHYJN-YCWSEAROSA-N,"InChI=1S/C31H38N2O7/c1-5-6-11-19(2)16-20(3)17-21(4)30(38)32-22-18-31(39,29-28(40-29)27(22)37)15-10-8-7-9-12-25(36)33-26-23(34)13-14-24(26)35/h7-10,12,15-19,26,28-29,39H,5-6,11,13-14H2,1-4H3,(H,32,38)(H,33,36)/b8-7+,12-9+,15-10+,20-16+,21-17+/t19-,28?,29-,31+/m1/s1",5357,CCCC[C@@H](C)\C=C(/C)\C=C(/C)\C(=O)NC1=C[C@@](O)(\C=C\C=C\C=C\C(=O)NC2C(=O)CCC2=O)[C@@H]3OC3C1=O,NA
Input,MLS001172197,-0.3582365,InputSig,NA,NA,LINCSCP_19658,HCC515,10uM,6h,lung,NA,NA,QQPZDSQLEDTJRI-UHFFFAOYSA-N,"InChI=1S/C19H18ClNO4/c1-2-9-23-16-6-4-3-5-14(16)12-21(19(22)11-20)15-7-8-17-18(10-15)25-13-24-17/h2-8,10H,1,9,11-13H2",38528,ClCC(=O)N(Cc1ccccc1OCC=C)c2ccc3OCOc3c2,NA
Input,ML228,-0.358215,InputSig,NA,NA,LINCSCP_26097,HT29,10uM,6h,large intestine,HIF modulator,HIF1A,QNRODODTMXCRKU-UHFFFAOYSA-N,"InChI=1S/C27H21N5/c1-3-9-21(10-4-1)22-16-14-20(15-17-22)19-29-27-25(23-11-5-2-6-12-23)31-32-26(30-27)24-13-7-8-18-28-24/h1-18H,19H2,(H,29,30,32)",4970,C(Nc1nc(nnc1c2ccccc2)c3ccccn3)c4ccc(cc4)c5ccccc5,NA
Input,BRD-K29064493-001-01-0,-0.3580613,InputSig,NA,NA,LINCSCP_43313,NPC,10uM,6h,neural progenitor cells,Glutamate receptor antagonist,NA,BLHSKYSSIQJRPI-RBUKOAKNSA-N,"InChI=1S/C19H23NSi/c1-19-16-8-6-5-7-13(16)11-18(20-19)15-10-9-14(12-17(15)19)21(2,3)4/h5-10,12,18,20H,11H2,1-4H3/t18-,19+/m0/s1",30886,C[C@@]12N[C@@H](Cc3ccccc13)c4ccc(cc24)[Si](C)(C)C,NA
Input,BRN 1088760,-0.35657739,InputSig,NA,NA,LINCSCP_26538,HT29,10uM,6h,large intestine,NA,NA,MQFZWJTXPQRJEY-JXMROGBWSA-N,"InChI=1S/C15H10N4O3/c1-9-3-2-4-12-14(9)18-15(17-12)10(8-16)7-11-5-6-13(22-11)19(20)21/h2-7H,1H3,(H,17,18)/b10-7+",5385,Cc1cccc2nc([nH]c12)\C(=C\c3oc(cc3)[N+](=O)[O-])\C#N,NA
Input,Methylnaltrexone (Bromide),-0.3562293,InputSig,NA,NA,LINCSCP_71921,A375,10uM,24h,skin,NA,NA,JVLBPIPGETUEET-RESYIPQXSA-O,"InChI=1S/C21H25NO4/c1-22(11-12-2-3-12)9-8-20-17-13-4-5-14(23)18(17)26-19(20)15(24)6-7-21(20,25)16(22)10-13/h4-5,12,16,19,25H,2-3,6-11H2,1H3/p+1/t16-,19+,20+,21+,22+/m1/s1",26838,C[N@@+]1(CC2CC2)CC[C@]34[C@H]5Oc6c(O)ccc(C[C@@H]1[C@@]3(O)CCC5=O)c46,NA
Input,NCGC00170405-01,-0.35466780999999997,InputSig,NA,NA,LINCSCP_59466,VCAP,10uM,24h,prostate,NA,NA,GJUVCFPEPSJMQQ-QGVRFUEOSA-N,"InChI=1S/C42H41N3O9/c1-3-27-15-14-20-30(25-27)43-40(47)52-36-35(26-46)51-39(50-2)38(54-42(49)45-34-24-13-11-22-32(34)29-18-8-5-9-19-29)37(36)53-41(48)44-33-23-12-10-21-31(33)28-16-6-4-7-17-28/h4-25,35-39,46H,3,26H2,1-2H3,(H,43,47)(H,44,48)(H,45,49)/t35-,36-,37+,38-,39+/m1/s1",31592,CCc1cccc(NC(=O)O[C@@H]2[C@@H](CO)O[C@H](OC)[C@H](OC(=O)Nc3ccccc3c4ccccc4)[C@H]2OC(=O)Nc5ccccc5c6ccccc6)c1,NA
Input,GNF-PF-159,-0.35395223,InputSig,NA,NA,LINCSCP_23296,HEPG2,10uM,6h,liver,Tyrosine phosphatase inhibitor,NA,BMHKZVDHCKLDME-MDZDMXLPSA-N,"InChI=1S/C16H15N5O2/c1-3-21-14-13(15(22)20(2)16(23)18-14)17-12(19-21)10-9-11-7-5-4-6-8-11/h4-10H,3H2,1-2H3/b10-9+",17705,CCN1N=C(\C=C\c2ccccc2)N=C3C(=O)N(C)C(=O)N=C13,NA
Input,MLS-0208612.0001,-0.35082603,InputSig,NA,NA,LINCSCP_5661,A549,10uM,6h,lung,NA,NA,UHWSJFLFFIEREG-UHFFFAOYSA-N,"InChI=1S/C12H11Cl2N3S/c1-2-18-12-16-10(8-6-4-3-5-7-8)15-11(17-12)9(13)14/h3-7,9H,2H2,1H3",35843,CCSc1nc(nc(n1)c2ccccc2)C(Cl)Cl,NA
Input,Fedratinib,-0.35075224,InputSig,NA,NA,LINCSCP_53438,SKMEL28,10uM,6h,skin,FLT3 inhibitor|JAK inhibitor,FLT3|JAK2,JOOXLOJCABQBSG-UHFFFAOYSA-N,"InChI=1S/C27H36N6O3S/c1-20-19-28-26(30-21-10-12-23(13-11-21)36-17-16-33-14-5-6-15-33)31-25(20)29-22-8-7-9-24(18-22)37(34,35)32-27(2,3)4/h7-13,18-19,32H,5-6,14-17H2,1-4H3,(H2,28,29,30,31)",37823,Cc1cnc(Nc2ccc(OCCN3CCCC3)cc2)nc1Nc4cccc(c4)S(=O)(=O)NC(C)(C)C,3
Input,Avrainvillamide-analog-6,-0.35046493,InputSig,NA,NA,LINCSCP_4007,A375,10uM,24h,skin,Nucleophosmin inhibitor,NA,VRXTZOBFUMAHKC-GKVSMKOHSA-N,"InChI=1S/C25H27N3O4/c1-23(2)13-25(22(30)27-9-5-6-17(27)21(29)26-25)12-16-15-10-14-7-8-24(3,4)32-19(14)11-18(15)28(31)20(16)23/h7-8,10-12,17H,5-6,9,13H2,1-4H3,(H,26,29)/t17-,25-/m0/s1",11563,CC1(C)Oc2cc3c(cc2C=C1)C4=C[C@@]5(CC(C)(C)C4=[N+]3[O-])NC(=O)[C@@H]6CCCN6C5=O,NA
Input,Arachidonyl Trifluoromethylketone,-0.34989545,InputSig,NA,NA,LINCSCP_54155,SW620,80uM,6h,large intestine,Cytosolic phospholipase inhibitor,PLA2G4A,PLWROONZUDKYKG-DOFZRALJSA-N,"InChI=1S/C21H31F3O/c1-2-3-4-5-6-7-8-9-10-11-12-13-14-15-16-17-18-19-20(25)21(22,23)24/h6-7,9-10,12-13,15-16H,2-5,8,11,14,17-19H2,1H3/b7-6-,10-9-,13-12-,16-15-",17697,CCCCC\C=C/C\C=C/C\C=C/C\C=C/CCCC(=O)C(F)(F)F,NA
Input,Camptothecin,-0.34970688,InputSig,NA,NA,LINCSCP_21078,HCC515,0.5uM,6h,lung,Topoisomerase inhibitor,TOP1,VSJKWCGYPAHWDS-FQEVSTJZSA-N,"InChI=1S/C20H16N2O4/c1-2-20(25)14-8-16-17-12(7-11-5-3-4-6-15(11)21-17)9-22(16)18(23)13(14)10-26-19(20)24/h3-8,25H,2,9-10H2,1H3/t20-/m0/s1",16169,CC[C@@]1(O)C(=O)OCC2=C1C=C3N(Cc4cc5ccccc5nc34)C2=O,NA
Input,NCH-51,-0.34824102,InputSig,NA,NA,LINCSCP_43634,NPC,10uM,6h,neural progenitor cells,HDAC inhibitor,HDAC1|HDAC10|HDAC11|HDAC2|HDAC3|HDAC4|HDAC5|HDAC6|HDAC7|HDAC8|HDAC9,MDYDGUOQFUQOGE-UHFFFAOYSA-N,"InChI=1S/C20H26N2O2S2/c1-15(2)19(24)25-13-9-4-3-8-12-18(23)22-20-21-17(14-26-20)16-10-6-5-7-11-16/h5-7,10-11,14-15H,3-4,8-9,12-13H2,1-2H3,(H,21,22,23)",16363,CC(C)C(=O)SCCCCCCC(=O)Nc1nc(cs1)c2ccccc2,NA
Input,AEG 3482,-0.34797386,InputSig,NA,NA,LINCSCP_29053,HUH7,10uM,6h,liver,HSP inducer|Protein kinase inhibitor,NA,MQUYTXDAVCOCMX-UHFFFAOYSA-N,"InChI=1S/C10H8N4O2S2/c11-18(15,16)10-13-14-6-8(12-9(14)17-10)7-4-2-1-3-5-7/h1-6H,(H2,11,15,16)",10439,NS(=O)(=O)c1nn2cc(nc2s1)c3ccccc3,NA
Input,Proscillaridin A,-0.34640456,InputSig,NA,NA,LINCSCP_25150,HT29,10uM,6h,large intestine,ATPase inhibitor,ATP1A1,MYEJFUXQJGHEQK-BVLCKXLMSA-N,"InChI=1S/C30H42O8/c1-16-24(32)25(33)26(34)27(37-16)38-19-8-11-28(2)18(14-19)5-6-22-21(28)9-12-29(3)20(10-13-30(22,29)35)17-4-7-23(31)36-15-17/h4,7,14-16,19-22,24-27,32-35H,5-6,8-13H2,1-3H3/t16-,19-,20+,21?,22?,24-,25+,26+,27-,28-,29+,30-/m0/s1",15224,C[C@@H]1O[C@@H](O[C@H]2CC[C@]3(C)C4CC[C@]5(C)[C@H](CC[C@]5(O)C4CCC3=C2)C6=COC(=O)C=C6)[C@H](O)[C@H](O)[C@H]1O,NA
Input,BSPBIO_001542,-0.34616532,InputSig,NA,NA,LINCSCP_25323,HT29,10uM,6h,large intestine,Protein phosphatase inhibitor,PPP1CA|PPP2CA,FKAWLXNLHHIHLA-OQLQHIBWSA-N,"InChI=1S/C50H81N4O15P/c1-29(20-22-51)16-14-17-30(2)32(4)24-33(5)42(57)35(7)38(55)25-41(65-13)45-46(69-70(61,62)63)49(8,9)50(68-45)26-39(56)34(6)40(67-50)19-15-18-36-27-66-48(53-36)31(3)21-23-52-47(60)44(59)43(58)37(28-64-12)54(10)11/h14-18,20,24,27,31,33-35,37-46,55-59H,19,21,23,25-26,28H2,1-13H3,(H,52,60)(H2,61,62,63)/b16-14+,18-15+,29-20-,30-17+,32-24+/t31-,33+,34-,35-,37-,38-,39+,40-,41-,42+,43-,44-,45?,46-,50?/m1/s1",37788,COC[C@H]([C@@H](O)[C@@H](O)C(=O)NCC[C@@H](C)c1occ(\C=C\C[C@H]2OC3(C[C@H](O)[C@H]2C)OC([C@@H](C[C@@H](O)[C@@H](C)[C@@H](O)[C@@H](C)\C=C(/C)\C(=C\C=C\C(=C/C#N)\C)\C)OC)[C@@H](OP(=O)(O)O)C3(C)C)n1)N(C)C,NA
Input,PF477736,-0.34528407,InputSig,NA,NA,LINCSCP_85656,BT20,10uM,3h,breast,CHK inhibitor,CHEK1,NDEXUOWTGYUVGA-LJQANCHMSA-N,"InChI=1S/C22H25N7O2/c1-29-11-13(9-25-29)20-16-10-24-28-21(30)15-7-14(8-17(27-20)18(15)16)26-22(31)19(23)12-5-3-2-4-6-12/h7-12,19,27H,2-6,23H2,1H3,(H,26,31)(H,28,30)/t19-/m1/s1",22134,Cn1cc(cn1)c2[nH]c3cc(NC(=O)[C@H](N)C4CCCCC4)cc5C(=O)NN=Cc2c35,NA
Input,BI 78D3,-0.34438538,InputSig,NA,NA,LINCSCP_16698,HA1E,10uM,6h,kidney epithelial,JNK inhibitor,MAPK8,QFRLDZGQEZCCJZ-UHFFFAOYSA-N,"InChI=1S/C13H9N5O5S2/c19-11-15-16-12(25-13-14-6-10(24-13)18(20)21)17(11)7-1-2-8-9(5-7)23-4-3-22-8/h1-2,5-6H,3-4H2,(H,15,19)",36555,Oc1nnc(Sc2ncc(s2)[N+](=O)[O-])n1c3ccc4OCCOc4c3,NA
Input,Irinotecan,-0.34425741,InputSig,NA,NA,LINCSCP_2689,A375,10uM,6h,skin,DNA topoisomerase I inhibitor,TOP1,UWKQSNNFCGGAFS-XIFFEERXSA-N,"InChI=1S/C33H38N4O6/c1-3-22-23-16-21(43-32(40)36-14-10-20(11-15-36)35-12-6-5-7-13-35)8-9-27(23)34-29-24(22)18-37-28(29)17-26-25(30(37)38)19-42-31(39)33(26,41)4-2/h8-9,16-17,20,41H,3-7,10-15,18-19H2,1-2H3/t33-/m0/s1",35503,CCc1c2CN3C(=O)C4=C(C=C3c2nc5ccc(OC(=O)N6CCC(CC6)N7CCCCC7)cc15)[C@@](O)(CC)C(=O)OC4,4
Input,AC1NWALC,-0.3442216,InputSig,NA,NA,LINCSCP_25165,HT29,10uM,6h,large intestine,ATPase inhibitor,ATP1A1,WDJUZGPOPHTGOT-KSVSUYAUSA-N,"InChI=1S/C41H64O13/c1-20-36(46)29(42)16-34(49-20)53-38-22(3)51-35(18-31(38)44)54-37-21(2)50-33(17-30(37)43)52-25-8-11-39(4)24(15-25)6-7-28-27(39)9-12-40(5)26(10-13-41(28,40)47)23-14-32(45)48-19-23/h14,20-22,24-31,33-38,42-44,46-47H,6-13,15-19H2,1-5H3/t20-,21-,22-,24-,25+,26-,27?,28?,29+,30+,31+,33+,34+,35+,36-,37-,38-,39+,40-,41+/m1/s1",22198,C[C@H]1O[C@H](C[C@H](O)[C@@H]1O)O[C@H]2[C@@H](O)C[C@H](O[C@H]3[C@@H](O)C[C@H](O[C@H]4CC[C@@]5(C)[C@H](CCC6C5CC[C@]7(C)[C@H](CC[C@]67O)C8=CC(=O)OC8)C4)O[C@@H]3C)O[C@@H]2C,NA
Input,HY-11007,-0.34343103,InputSig,NA,NA,LINCSCP_24418,HS578T,0.1uM,24h,breast,Bcr-Abl kinase inhibitor,ABL1|BCR,WEVYNIUIFUYDGI-UHFFFAOYSA-N,"InChI=1S/C18H13F3N4O2/c19-18(20,21)27-14-6-4-13(5-7-14)25-16-9-15(23-10-24-16)11-2-1-3-12(8-11)17(22)26/h1-10H,(H2,22,26)(H,23,24,25)",36829,NC(=O)c1cccc(c1)c2cc(Nc3ccc(OC(F)(F)F)cc3)ncn2,NA
Input,MLS002703104,-0.34341929,InputSig,NA,NA,LINCSCP_1274,A375,10uM,6h,skin,NA,NA,NGWLUMJRYXLLMK-UHFFFAOYSA-N,"InChI=1S/C21H26N2O7S/c1-11(20(24)22-19-15-6-12-5-13(8-15)9-16(19)7-12)30-21(25)14-3-4-18(31(2,28)29)17(10-14)23(26)27/h3-4,10-13,15-16,19H,5-9H2,1-2H3,(H,22,24)",15338,CC(OC(=O)c1ccc(c(c1)[N+](=O)[O-])S(=O)(=O)C)C(=O)NC2C3CC4CC(CC2C4)C3,NA
Input,BRD-A52933579,-0.34340592,InputSig,NA,NA,LINCSCP_41262,NEU,10uM,6h,NA,NA,NA,DKACZBNFBGLXDH-YSSMNDQQSA-N,"InChI=1S/C21H23Br2NO/c1-24-18-10-11-19(24)13-20(12-18)25-21(14-2-6-16(22)7-3-14)15-4-8-17(23)9-5-15/h2-9,18-21H,10-13H2,1H3/t18-,19?,20-/m1/s1",23019,CN1[C@@H]2CCC1C[C@@H](C2)OC(c3ccc(Br)cc3)c4ccc(Br)cc4,NA
Input,N-Bromoacetyltryptamine,-0.3433841,InputSig,NA,NA,LINCSCP_43319,NPC,10uM,6h,neural progenitor cells,Melatonin secretion inhibitor,NA,TZRUZONGYSVOGE-UHFFFAOYSA-N,"InChI=1S/C12H13BrN2O/c13-7-12(16)14-6-5-9-8-15-11-4-2-1-3-10(9)11/h1-4,8,15H,5-7H2,(H,14,16)",39938,BrCC(=O)NCCc1c[nH]c2ccccc12,NA
Input,Perhexiline,-0.34229346,InputSig,NA,NA,LINCSCP_25669,HT29,10uM,6h,large intestine,Carnitine palmitoyltransferase inhibitor,CPT1A|CPT2,CYXKNKQEMFBLER-UHFFFAOYSA-N,"InChI=1S/C19H35N/c1-3-9-16(10-4-1)19(17-11-5-2-6-12-17)15-18-13-7-8-14-20-18/h16-20H,1-15H2",16124,C(C(C1CCCCC1)C2CCCCC2)C3CCCCN3,4
Input,O-Demethylated Adapalene,-0.34205936,InputSig,NA,NA,LINCSCP_19527,HCC515,10uM,6h,lung,Retinoid receptor agonist,RARG,LDGIHZJOIQSHPB-UHFFFAOYSA-N,"InChI=1S/C27H26O3/c28-25-6-5-22(20-1-2-21-11-23(26(29)30)4-3-19(21)10-20)12-24(25)27-13-16-7-17(14-27)9-18(8-16)15-27/h1-6,10-12,16-18,28H,7-9,13-15H2,(H,29,30)",16522,OC(=O)c1ccc2cc(ccc2c1)c3ccc(O)c(c3)C45CC6CC(CC(C6)C4)C5,NA
Input,Cucurbitacin I,-0.34106627,InputSig,NA,NA,LINCSCP_28899,HUH7,10uM,6h,liver,JAK inhibitor|Lipocortin synthesis stimulant|STAT inhibitor,JAK2|STAT3,NZZOMHODWAPPJH-YPXOEWKESA-N,"InChI=1S/C30H42O7/c1-25(2,36)12-11-21(33)30(8,37)23-19(32)14-27(5)20-10-9-16-17(13-18(31)24(35)26(16,3)4)29(20,7)22(34)15-28(23,27)6/h9,11-12,17,19-20,23,32,36-37H,10,13-15H2,1-8H3/b12-11+/t17?,19-,20+,23?,27+,28+,29+,30+/m1/s1",25577,CC(C)(O)\C=C\C(=O)[C@](C)(O)C1[C@H](O)C[C@@]2(C)[C@@H]3CC=C4C(CC(=O)C(=O)C4(C)C)[C@]3(C)C(=O)C[C@@]12C,NA
Input,VER 155008,-0.3368515,InputSig,NA,NA,LINCSCP_699,A375,10uM,24h,skin,HSP inhibitor,HSPA1A,ZXGGCBQORXDVTE-UMCMBGNQSA-N,"InChI=1S/C25H23Cl2N7O4/c26-16-6-5-15(7-17(16)27)9-30-25-33-19-22(29)31-12-32-23(19)34(25)24-21(36)20(35)18(38-24)11-37-10-14-3-1-13(8-28)2-4-14/h1-7,12,18,20-21,24,35-36H,9-11H2,(H,30,33)(H2,29,31,32)/t18-,20-,21-,24-/m1/s1",16523,Nc1ncnc2c1nc(NCc3ccc(Cl)c(Cl)c3)n2[C@@H]4O[C@H](COCc5ccc(cc5)C#N)[C@@H](O)[C@H]4O,NA
Input,SMR000217164,-0.33659563,InputSig,NA,NA,LINCSCP_19647,HCC515,10uM,6h,lung,NA,NA,CXTUMFRDQUSBHQ-UHFFFAOYSA-N,"InChI=1S/C16H24ClNO/c1-3-4-5-6-7-11-18(16(19)13-17)15-10-8-9-14(2)12-15/h8-10,12H,3-7,11,13H2,1-2H3",15476,CCCCCCCN(C(=O)CCl)c1cccc(C)c1,NA
Input,SMR000082310,-0.33656933,InputSig,NA,NA,LINCSCP_1801,A375,10uM,6h,skin,NA,NA,YSZZSESTGDKXTF-UHFFFAOYSA-N,"InChI=1S/C15H12F4N2O4S/c1-2-25-13(22)8-26(23,24)14-20-11(7-12(21-14)15(17,18)19)9-3-5-10(16)6-4-9/h3-7H,2,8H2,1H3",3340,CCOC(=O)CS(=O)(=O)c1nc(cc(n1)C(F)(F)F)c2ccc(F)cc2,NA
Input,BRD-A49848186,-0.33562692,InputSig,NA,NA,LINCSCP_16929,HA1E,10uM,6h,kidney epithelial,NA,NA,IXNQCKSMLJTHBD-UHFFFAOYSA-N,"InChI=1S/C19H20FNO2/c20-18-9-5-4-8-16(18)19(22)17(15-6-2-1-3-7-15)14-21-10-12-23-13-11-21/h1-9,17H,10-14H2",11400,Fc1ccccc1C(=O)C(CN2CCOCC2)c3ccccc3,NA
Input,CYTO7H11,-0.33551149,InputSig,NA,NA,LINCSCP_25668,HT29,10uM,6h,large intestine,Cytochrome C release inhibitor,BAX,KUUJEXLRLIPQQJ-UHFFFAOYSA-N,"InChI=1S/C19H21Br2N3O/c20-13-1-3-18-16(9-13)17-10-14(21)2-4-19(17)24(18)12-15(25)11-23-7-5-22-6-8-23/h1-4,9-10,15,22,25H,5-8,11-12H2",36227,OC(CN1CCNCC1)Cn2c3ccc(Br)cc3c4cc(Br)ccc24,NA
Input,CHEMBL2142321,-0.33483627,InputSig,NA,NA,LINCSCP_26367,HT29,10uM,6h,large intestine,NA,NA,JNMZVPMPLIWXEY-UHFFFAOYSA-N,"InChI=1S/C24H27N5/c1-3-9-18(10-4-1)20-14-16-29(17-20)24-22(19-11-5-2-6-12-19)27-28-23(26-24)21-13-7-8-15-25-21/h2,5-8,11-13,15,18,20H,1,3-4,9-10,14,16-17H2",38555,C1CCC(CC1)C2CCN(C2)c3nc(nnc3c4ccccc4)c5ccccn5,NA
Input,Tegaserod,-0.33420983,InputSig,NA,NA,LINCSCP_26337,HT29,10uM,6h,large intestine,Serotonin receptor partial agonist,HTR2B|HTR4,IKBKZGMPCYNSLU-RGVLZGJSSA-N,"InChI=1S/C16H23N5O/c1-3-4-5-8-18-16(17)21-20-11-12-10-19-15-7-6-13(22-2)9-14(12)15/h6-7,9-11,19H,3-5,8H2,1-2H3,(H3,17,18,21)/b20-11+",1585,CCCCCN=C(N)NN=Cc1c[nH]c2ccc(OC)cc12,4
Input,BRD-U86222656,-0.334156,InputSig,NA,NA,LINCSCP_26318,HT29,10uM,6h,large intestine,NA,NA,NA,NA,42728,NA,NA
Input,NSC23766,-0.3338865,InputSig,NA,NA,LINCSCP_12509,CL34,100uM,6h,large intestine,Ras GTPase inhibitor,NA,DEFBCZWQLILOJF-UHFFFAOYSA-N,"InChI=1S/C24H35N7/c1-6-31(7-2)12-8-9-16(3)27-24-28-18(5)14-23(30-24)29-19-10-11-22-20(15-19)21(25)13-17(4)26-22/h10-11,13-16H,6-9,12H2,1-5H3,(H2,25,26)(H2,27,28,29,30)",1162,CCN(CC)CCCC(C)Nc1nc(C)cc(Nc2ccc3nc(C)cc(N)c3c2)n1,NA
Input,Haloprogin,-0.33312581,InputSig,NA,NA,LINCSCP_34571,MCF7,10uM,6h,breast,Other antifungal,NA,CTETYYAZBPJBHE-UHFFFAOYSA-N,"InChI=1S/C9H4Cl3IO/c10-6-4-8(12)9(5-7(6)11)14-3-1-2-13/h4-5H,3H2",37996,Clc1cc(Cl)c(OCC#CI)cc1Cl,4
Input,CHEMBL3184547,-0.33219731,InputSig,NA,NA,LINCSCP_46422,PC3,10uM,24h,prostate,NA,NA,FQRKTLQLLNVYMI-CMDGGOBGSA-N,"InChI=1S/C18H21NO5/c1-22-14-11-13(12-15(23-2)18(14)24-3)8-9-17(21)19-10-6-4-5-7-16(19)20/h5,7-9,11-12H,4,6,10H2,1-3H3/b9-8+",17214,COc1cc(\C=C\C(=O)N2CCCC=CC2=O)cc(OC)c1OC,NA
Input,MLS000094939,-0.33129925,InputSig,NA,NA,LINCSCP_26022,HT29,10uM,6h,large intestine,NA,NA,CAHUZYYLADXTHI-UHFFFAOYSA-N,"InChI=1S/C23H26N2O2/c26-23-19(15-25-12-5-2-6-13-25)14-20(21-10-7-11-24-22(21)23)17-27-16-18-8-3-1-4-9-18/h1,3-4,7-11,14,26H,2,5-6,12-13,15-17H2",15784,Oc1c(CN2CCCCC2)cc(COCc3ccccc3)c4cccnc14,NA
Input,SCH-79797,-0.33055476,InputSig,NA,NA,LINCSCP_55212,TYKNU,10uM,6h,ovary,Proteasome inhibitor,F2R,AVXQPEKZIGPIJW-UHFFFAOYSA-N,"InChI=1S/C23H25N5/c1-14(2)16-5-3-15(4-6-16)13-28-12-11-18-20(28)10-9-19-21(18)22(24)27-23(26-19)25-17-7-8-17/h3-6,9-12,14,17H,7-8,13H2,1-2H3,(H3,24,25,26,27)",36663,CC(C)c1ccc(Cn2ccc3c2ccc4nc(NC5CC5)nc(N)c34)cc1,NA
Input,BDBM50442904,-0.32994726,InputSig,NA,NA,LINCSCP_28895,HUH7,10uM,6h,liver,Antimalarial agent,NA,SCAGQTBCGKJURA-VNBNFIHGSA-N,"InChI=1S/C28H32O7/c1-14(29)34-17-12-26(5)16(15-8-10-33-13-15)11-19-28(26,35-19)27(6)21(17)25(4)9-7-18(30)24(2,3)22(25)20(31)23(27)32/h7-10,13,16-17,19,21-22H,11-12H2,1-6H3/t16-,17+,19+,21?,22?,25+,26-,27-,28+/m0/s1",23149,CC(=O)O[C@@H]1C[C@@]2(C)[C@@H](C[C@H]3O[C@@]23[C@@]4(C)C1[C@@]5(C)C=CC(=O)C(C)(C)C5C(=O)C4=O)c6cocc6,NA
Input,Oxindole I,-0.32990116,InputSig,NA,NA,LINCSCP_22938,HEPG2,10uM,6h,liver,VEGFR inhibitor,KDR,SEZFNTZQMWJIAI-FLIBITNWSA-N,"InChI=1S/C13H10N2O/c16-13-11(8-9-4-3-7-14-9)10-5-1-2-6-12(10)15-13/h1-8,14H,(H,15,16)/b11-8-",10409,O=C1Nc2ccccc2/C/1=C/c3ccc[nH]3,NA
Input,MLS000089581,-0.32986043,InputSig,NA,NA,LINCSCP_26027,HT29,10uM,6h,large intestine,NA,NA,KRZBWKRPRKNWHY-UHFFFAOYSA-N,"InChI=1S/C20H21N3O3/c1-14-9-10-21-18(12-14)22-19(24)8-5-11-26-17-13-20(25)23(2)16-7-4-3-6-15(16)17/h3-4,6-7,9-10,12-13H,5,8,11H2,1-2H3,(H,21,22,24)",15987,CN1C(=O)C=C(OCCCC(=O)Nc2cc(C)ccn2)c3ccccc13,NA
Input,BAY-117821,-0.32962375,InputSig,NA,NA,LINCSCP_934,A375,10uM,6h,skin,NFkB pathway inhibitor,NA,DOEWDSDBFRHVAP-KRXBUXKQSA-N,"InChI=1S/C10H9NO2S/c1-9-3-5-10(6-4-9)14(12,13)8-2-7-11/h2-6,8H,1H3/b8-2+",22956,Cc1ccc(cc1)S(=O)(=O)\C=C\C#N,NA
Input,CHEMBL2361430,-0.32941057,InputSig,NA,NA,LINCSCP_47114,PC3,10uM,24h,prostate,NA,NA,XHCFGJIATIGRMD-WTBTXGFSSA-N,"InChI=1S/C37H42N6O5/c1-24-20-43(25(2)23-44)36(46)29-12-9-15-32(41-37(47)39-28-10-5-4-6-11-28)34(29)48-33(24)22-42(3)21-26-16-18-27(19-17-26)35(45)40-31-14-8-7-13-30(31)38/h4-19,24-25,33,44H,20-23,38H2,1-3H3,(H,40,45)(H2,39,41,47)/t24-,25-,33-/m1/s1",19677,C[C@H](CO)N1C[C@@H](C)[C@@H](CN(C)Cc2ccc(cc2)C(=O)Nc3ccccc3N)Oc4c(NC(=O)Nc5ccccc5)cccc4C1=O,NA
Input,"4,11-Diethyl-4,9-dihydroxy-1H-pyrano[3',4':6,7]indolizino[1,2-b]quinoline-3,14(4H,12H)-dione",-0.32938711,InputSig,NA,NA,LINCSCP_19460,HCC515,0.5uM,6h,lung,Topoisomerase inhibitor,TOP1,FJHBVJOVLFPMQE-UHFFFAOYSA-N,"InChI=1S/C22H20N2O5/c1-3-12-13-7-11(25)5-6-17(13)23-19-14(12)9-24-18(19)8-16-15(20(24)26)10-29-21(27)22(16,28)4-2/h5-8,25,28H,3-4,9-10H2,1-2H3",16512,CCc1c2CN3C(=O)C4=C(C=C3c2nc5ccc(O)cc15)C(O)(CC)C(=O)OC4,NA
Input,AC1LEPRU,-0.32919198,InputSig,NA,NA,LINCSCP_27342,HT29,10uM,6h,large intestine,NA,NA,ZEUTZRYWGMGMEG-UHFFFAOYSA-N,"InChI=1S/C17H14N4O4/c22-16(20-19-10-13-8-9-17(25-13)21(23)24)11-18-15-7-3-5-12-4-1-2-6-14(12)15/h1-10,18H,11H2,(H,20,22)",22634,[O-][N+](=O)c1oc(C=NNC(=O)CNc2cccc3ccccc23)cc1,NA
Input,BRN 1088757,-0.32858367,InputSig,NA,NA,LINCSCP_46649,PC3,10uM,6h,prostate,NA,NA,KYFKUQZHXQMABC-JXMROGBWSA-N,"InChI=1S/C15H10N4O3/c1-9-2-4-12-13(6-9)18-15(17-12)10(8-16)7-11-3-5-14(22-11)19(20)21/h2-7H,1H3,(H,17,18)/b10-7+",17704,Cc1ccc2nc([nH]c2c1)\C(=C\c3oc(cc3)[N+](=O)[O-])\C#N,NA
Input,KUC103867,-0.32828612,InputSig,NA,NA,LINCSCP_15976,HA1E,10uM,6h,kidney epithelial,NA,NA,ADVCMQZATPXDMZ-UHFFFAOYSA-N,"InChI=1S/C14H11NO2S/c1-17-11-8-6-10(7-9-11)15-14(16)12-4-2-3-5-13(12)18-15/h2-9H,1H3",35259,COc1ccc(cc1)N2Sc3ccccc3C2=O,NA
Input,Cymarin,-0.32796056,InputSig,NA,NA,LINCSCP_27050,HT29,10uM,6h,large intestine,ATPase inhibitor,ATP1A1,XQCGNURMLWFQJR-LZLVDNNYSA-N,"InChI=1S/C30H44O9/c1-17-26(33)23(36-3)13-25(38-17)39-19-4-9-28(16-31)21-5-8-27(2)20(18-12-24(32)37-15-18)7-11-30(27,35)22(21)6-10-29(28,34)14-19/h12,16-17,19-23,25-26,33-35H,4-11,13-15H2,1-3H3/t17?,19-,20?,21?,22?,23?,25?,26?,27+,28-,29-,30-/m0/s1",444,COC1CC(O[C@H]2CC[C@]3(C=O)C4CC[C@]5(C)C(CC[C@]5(O)C4CC[C@]3(O)C2)C6=CC(=O)OC6)OC(C)C1O,NA
Input,Cymarin,-0.32796056,InputSig,NA,NA,LINCSCP_27050,HT29,10uM,6h,large intestine,ATPase inhibitor,ATP1A1,XQCGNURMLWFQJR-ZNDDOCHDSA-N,"InChI=1S/C30H44O9/c1-17-26(33)23(36-3)13-25(38-17)39-19-4-9-28(16-31)21-5-8-27(2)20(18-12-24(32)37-15-18)7-11-30(27,35)22(21)6-10-29(28,34)14-19/h12,16-17,19-23,25-26,33-35H,4-11,13-15H2,1-3H3/t17-,19+,20-,21+,22-,23+,25+,26-,27-,28+,29+,30+/m1/s1",34260,CO[C@H]1C[C@H](O[C@H]2CC[C@]3(C=O)[C@H]4CC[C@]5(C)[C@H](CC[C@]5(O)[C@@H]4CC[C@]3(O)C2)C6=CC(=O)OC6)O[C@H](C)[C@H]1O,NA
Input,BRD-K19166598,-0.3270225,InputSig,NA,NA,LINCSCP_26480,HT29,10uM,6h,large intestine,NA,NA,PEUKOTPXCYQHOA-BWLKTWDLSA-N,"InChI=1S/C37H53F3N4O5/c1-25-21-44(26(2)24-45)35(46)32-20-31(42-36(47)41-30-15-13-29(14-16-30)37(38,39)40)17-18-33(32)49-27(3)10-8-9-19-48-34(25)23-43(4)22-28-11-6-5-7-12-28/h13-18,20,25-28,34,45H,5-12,19,21-24H2,1-4H3,(H2,41,42,47)/t25-,26-,27+,34-/m1/s1",12066,C[C@H](CO)N1C[C@@H](C)[C@@H](CN(C)CC2CCCCC2)OCCCC[C@H](C)Oc3ccc(NC(=O)Nc4ccc(cc4)C(F)(F)F)cc3C1=O,NA
Input,NCGC00166323-01,-0.32667256,InputSig,NA,NA,LINCSCP_140430,MCF7,3.33uM,24h,breast,NA,NA,VSQQQLOSPVPRAZ-GFCOJPQKSA-N,"InChI=1S/C10H11F3N2O5/c11-10(12,13)4-2-15(9(19)14-8(4)18)7-1-5(17)6(3-16)20-7/h2,5-7,16-17H,1,3H2,(H,14,18,19)/t5-,6+,7?/m0/s1",289,OC[C@H]1OC(C[C@@H]1O)N2C=C(C(=O)NC2=O)C(F)(F)F,NA
Input,Latrunculin B,-0.32609255,InputSig,NA,NA,LINCSCP_239364,MCF7,10uM,24h,breast,Actin polymerization inhibitor|Unidentified pharmacological activity,WWTR1|YAP1,NSHPHXHGRHSMIK-IWZLBRJHSA-N,"InChI=1S/C20H29NO5S/c1-13-5-3-4-6-14(2)9-18(22)25-16-10-15(8-7-13)26-20(24,11-16)17-12-27-19(23)21-17/h3,5,9,13,15-17,24H,4,6-8,10-12H2,1-2H3,(H,21,23)/b5-3-,14-9-/t13-,15-,16-,17?,20-/m1/s1",35186,C[C@H]1CC[C@@H]2C[C@H](C[C@@](O)(O2)C3CSC(=O)N3)OC(=O)\C=C(\C)/CC\C=C/1,NA
Input,BRD-K82899766,-0.32607619,InputSig,NA,NA,LINCSCP_312556,VCAP,1uM,24h,prostate,NA,NA,OVZIEXAUCBNZBO-JKSBSHDWSA-N,"InChI=1S/C24H32FN3O3/c1-5-10-27(4)14-22-16(2)13-28(17(3)15-29)24(30)21-11-19(12-26-23(21)31-22)18-6-8-20(25)9-7-18/h6-9,11-12,16-17,22,29H,5,10,13-15H2,1-4H3/t16-,17+,22-/m0/s1",13710,CCCN(C)C[C@@H]1Oc2ncc(cc2C(=O)N(C[C@@H]1C)[C@H](C)CO)c3ccc(F)cc3,NA
Input,ARG-A1-22,-0.32510962,InputSig,NA,NA,LINCSCP_22115,HEPG2,10uM,6h,liver,NA,NA,LPQZIJMSKXXKMU-UHFFFAOYSA-N,"InChI=1S/C16H11ClN2O3/c17-14-12-8-4-5-9-13(12)18(16(20)15(14)19(21)22)10-11-6-2-1-3-7-11/h1-9H,10H2",25113,[O-][N+](=O)C1=C(Cl)c2ccccc2N(Cc3ccccc3)C1=O,NA
Input,BRD-K75971499,-0.32473585,InputSig,NA,NA,LINCSCP_43354,NPC,10uM,6h,neural progenitor cells,NA,NA,VIMOOIPASKTXFX-UHFFFAOYSA-N,"InChI=1S/C21H26ClN3O3S/c22-15-2-3-20-16(12-15)25(17-13-18(27)19(28)14-21(17)29-20)5-1-4-23-6-8-24(9-7-23)10-11-26/h2-3,12-14,26-28H,1,4-11H2",31682,OCCN1CCN(CCCN2c3cc(O)c(O)cc3Sc4ccc(Cl)cc24)CC1,NA
Input,Narciclasine,-0.32469087,InputSig,NA,NA,LINCSCP_51089,RMUGS,10uM,6h,ovary,Coflilin signaling pathway activator|LIM kinase activator|Rho associated kinase activator,RHOA,LZAZURSABQIKGB-AEKGRLRDSA-N,"InChI=1S/C14H13NO7/c16-6-1-5-4-2-7-13(22-3-21-7)11(18)8(4)14(20)15-9(5)12(19)10(6)17/h1-2,6,9-10,12,16-19H,3H2,(H,15,20)/t6-,9+,10+,12-/m0/s1",36322,O[C@H]1C=C2[C@@H](NC(=O)c3c(O)c4OCOc4cc23)[C@H](O)[C@@H]1O,NA
Input,ST004815,-0.32382734,InputSig,NA,NA,LINCSCP_50461,PHH,5uM,6h,NA,NA,NA,KYHBLDMJXVGVKJ-UHFFFAOYSA-N,InChI=1S/C16H11NOS/c18-16(12-6-2-1-3-7-12)19-15-10-4-9-14-13(15)8-5-11-17-14/h1-11H,31600,O=C(Sc1cccc2ncccc12)c3ccccc3,NA
Input,PHA-665752,-0.32373768000000003,InputSig,NA,NA,LINCSCP_116259,HT29,10uM,24h,large intestine,C-Met inhibitor,MET,OYONTEXKYJZFHA-OAQYLSRUSA-N,"InChI=1S/C32H34Cl2N4O4S/c1-19-29(35-20(2)30(19)32(40)38-14-6-7-21(38)17-37-12-3-4-13-37)16-24-23-15-22(10-11-28(23)36-31(24)39)43(41,42)18-25-26(33)8-5-9-27(25)34/h5,8-11,15-16,21,35H,3-4,6-7,12-14,17-18H2,1-2H3,(H,36,39)/t21-/m1/s1",27313,Cc1[nH]c(C=C2C(=O)Nc3ccc(cc23)S(=O)(=O)Cc4c(Cl)cccc4Cl)c(C)c1C(=O)N5CCC[C@@H]5CN6CCCC6,NA
Input,PHA-665752,-0.32373768000000003,InputSig,NA,NA,LINCSCP_116259,HT29,10uM,24h,large intestine,C-Met inhibitor,MET,OYONTEXKYJZFHA-SSHUPFPWSA-N,"InChI=1S/C32H34Cl2N4O4S/c1-19-29(35-20(2)30(19)32(40)38-14-6-7-21(38)17-37-12-3-4-13-37)16-24-23-15-22(10-11-28(23)36-31(24)39)43(41,42)18-25-26(33)8-5-9-27(25)34/h5,8-11,15-16,21,35H,3-4,6-7,12-14,17-18H2,1-2H3,(H,36,39)/b24-16-/t21-/m1/s1",37783,Cc1[nH]c(\C=C\2/C(=O)Nc3ccc(cc23)S(=O)(=O)Cc4c(Cl)cccc4Cl)c(C)c1C(=O)N5CCC[C@@H]5CN6CCCC6,NA
Input,Suloctidil,-0.32370943,InputSig,NA,NA,LINCSCP_244250,MCF7,10uM,6h,breast,Adrenergic receptor antagonist,NA,BFCDFTHTSVTWOG-UHFFFAOYSA-N,"InChI=1S/C20H35NOS/c1-5-6-7-8-9-10-15-21-17(4)20(22)18-11-13-19(14-12-18)23-16(2)3/h11-14,16-17,20-22H,5-10,15H2,1-4H3",15219,CCCCCCCCNC(C)C(O)c1ccc(SC(C)C)cc1,NA
Input,Suloctidil,-0.32370943,InputSig,NA,NA,LINCSCP_244250,MCF7,10uM,6h,breast,Adrenergic receptor antagonist,NA,BFCDFTHTSVTWOG-YLJYHZDGSA-N,"InChI=1S/C20H35NOS/c1-5-6-7-8-9-10-15-21-17(4)20(22)18-11-13-19(14-12-18)23-16(2)3/h11-14,16-17,20-22H,5-10,15H2,1-4H3/t17-,20-/m1/s1",18089,CCCCCCCCN[C@H](C)[C@@H](O)c1ccc(SC(C)C)cc1,4
Input,UNII-BXU45ZH6LI,-0.32340647,InputSig,NA,NA,LINCSCP_56330,VCAP,10uM,6h,prostate,Opioid receptor antagonist,OPRL1,VTGBZWHPJFMTKS-UHFFFAOYSA-N,"InChI=1S/C26H25N3O2/c1-3-18-8-11-21(12-9-18)31-16-19-6-4-5-7-22(19)26(30)29-20-10-13-25-23(15-20)24(27)14-17(2)28-25/h4-15H,3,16H2,1-2H3,(H2,27,28)(H,29,30)",35577,CCc1ccc(OCc2ccccc2C(=O)Nc3ccc4nc(C)cc(N)c4c3)cc1,NA
Input,Quinoclamine,-0.3229336,InputSig,NA,NA,LINCSCP_53357,SKMEL1,10uM,6h,skin,Algicide,NA,OBLNWSCLAYSJJR-UHFFFAOYSA-N,"InChI=1S/C10H6ClNO2/c11-7-8(12)10(14)6-4-2-1-3-5(6)9(7)13/h1-4H,12H2",22928,NC1=C(Cl)C(=O)c2ccccc2C1=O,NA
Input,MLS001210968,-0.32240173,InputSig,NA,NA,LINCSCP_15940,HA1E,10uM,6h,kidney epithelial,NA,NA,YPRWBCIJAZDVIK-UHFFFAOYSA-N,"InChI=1S/C17H14N2O3S/c1-11-7-9-12(10-8-11)23-16-13-5-3-4-6-14(13)18(2)17(20)15(16)19(21)22/h3-10H,1-2H3",17814,CN1C(=O)C(=C(Sc2ccc(C)cc2)c3ccccc13)[N+](=O)[O-],NA
Input,"(3S,5R) Fluvastatin sodium salt",-0.32203124,InputSig,NA,NA,LINCSCP_47787,PC3,10uM,24h,prostate,HMGCR inhibitor,HMGCR,FJLGEFLZQAZZCD-OALUTQOASA-N,"InChI=1S/C24H26FNO4/c1-15(2)26-21-6-4-3-5-20(21)24(16-7-9-17(25)10-8-16)22(26)12-11-18(27)13-19(28)14-23(29)30/h3-12,15,18-19,27-28H,13-14H2,1-2H3,(H,29,30)/t18-,19-/m0/s1",23269,CC(C)n1c(C=C[C@H](O)C[C@H](O)CC(=O)O)c(c2ccc(F)cc2)c3ccccc13,NA
Input,MK-5108,-0.32101711,InputSig,NA,NA,LINCSCP_73355,A375,10uM,24h,skin,Aurora kinase inhibitor,AURKA|AURKB,LCVIRAZGMYMNNT-VVONHTQRSA-N,"InChI=1S/C22H21ClFN3O3S/c23-16-4-2-5-17(19(16)24)30-15-7-9-22(10-8-15,20(28)29)13-14-3-1-6-18(26-14)27-21-25-11-12-31-21/h1-6,11-12,15H,7-10,13H2,(H,28,29)(H,25,26,27)/t15-,22-",36715,OC(=O)[C@@]1(Cc2cccc(Nc3nccs3)n2)CC[C@@H](CC1)Oc4cccc(Cl)c4F,NA
Input,NSC95397,-0.32064008,InputSig,NA,NA,LINCSCP_265786,PC3,10uM,24h,prostate,CDC inhibitor,NA,MAASHDQFQDDECQ-UHFFFAOYSA-N,"InChI=1S/C14H14O4S2/c15-5-7-19-13-11(17)9-3-1-2-4-10(9)12(18)14(13)20-8-6-16/h1-4,15-16H,5-8H2",15855,OCCSC1=C(SCCO)C(=O)c2ccccc2C1=O,NA
Input,IKK Inhibitor VII,-0.32034356,InputSig,NA,NA,LINCSCP_22906,HEPG2,10uM,6h,liver,IKK inhibitor,IKBKB,BWZJBXAPRCVCKQ-UHFFFAOYSA-N,"InChI=1S/C28H29N5OS/c34-27(33-17-12-23(13-18-33)32-15-3-4-16-32)20-7-9-22(10-8-20)30-28-29-14-11-24(31-28)26-19-21-5-1-2-6-25(21)35-26/h1-2,5-11,14,19,23H,3-4,12-13,15-18H2,(H,29,30,31)",35556,O=C(N1CCC(CC1)N2CCCC2)c3ccc(Nc4nccc(n4)c5cc6ccccc6s5)cc3,NA
Input,CHEMBL2139663,-0.32030262,InputSig,NA,NA,LINCSCP_26418,HT29,10uM,6h,large intestine,NA,NA,XXSFXQLMBCXBAH-UHFFFAOYSA-N,"InChI=1S/C22H19N5/c1-16-10-12-17(13-11-16)15-24-22-20(18-7-3-2-4-8-18)26-27-21(25-22)19-9-5-6-14-23-19/h2-14H,15H2,1H3,(H,24,25,27)",18814,Cc1ccc(CNc2nc(nnc2c3ccccc3)c4ccccn4)cc1,NA
Input,BRD-K80786583-001-01-5,-0.31936623,InputSig,NA,NA,LINCSCP_26533,HT29,10uM,6h,large intestine,NA,NA,XGMQKVJTWVADHD-JALBGMRZSA-N,"InChI=1S/C38H49F3N4O6/c1-25-21-45(26(2)24-46)36(47)33-20-31(43-37(48)42-30-13-11-29(12-14-30)38(39,40)41)15-18-34(33)51-27(3)8-6-7-19-50-35(25)23-44(4)22-28-9-16-32(49-5)17-10-28/h9-18,20,25-27,35,46H,6-8,19,21-24H2,1-5H3,(H2,42,43,48)/t25-,26-,27+,35+/m0/s1",13659,COc1ccc(CN(C)C[C@H]2OCCCC[C@@H](C)Oc3ccc(NC(=O)Nc4ccc(cc4)C(F)(F)F)cc3C(=O)N(C[C@@H]2C)[C@@H](C)CO)cc1,NA
Input,MK-2206,-0.31916256,InputSig,NA,NA,LINCSCP_163940,SKBR3,10uM,3h,breast,AKT inhibitor,AKT1|AKT2|AKT3,ULDXWLCXEDXJGE-UHFFFAOYSA-N,"InChI=1S/C25H21N5O/c26-25(12-4-13-25)18-9-7-17(8-10-18)22-19(16-5-2-1-3-6-16)15-20-21(27-22)11-14-30-23(20)28-29-24(30)31/h1-3,5-11,14-15H,4,12-13,26H2,(H,29,31)",15042,NC1(CCC1)c2ccc(cc2)c3nc4C=CN5C(=O)NN=C5c4cc3c6ccccc6,2
Input,22862-76-6,-0.31913892,InputSig,NA,NA,LINCSCP_13387,FIBRNPC,10uM,6h,NA,DNA synthesis inhibitor,NA,YKJYKKNCCRKFSL-BFHYXJOUSA-N,"InChI=1S/C14H19NO4/c1-9(16)19-14-12(15-8-13(14)17)7-10-3-5-11(18-2)6-4-10/h3-6,12-15,17H,7-8H2,1-2H3/t12-,13+,14+/m0/s1",16440,COc1ccc(C[C@@H]2NC[C@@H](O)[C@@H]2OC(=O)C)cc1,NA
Input,CHEMBL2360586,-0.31897136,InputSig,NA,NA,LINCSCP_48607,PC3,10uM,24h,prostate,NA,NA,CBAAPWVHONFTKW-KOVGSKFNSA-N,"InChI=1S/C35H47F3N4O7S/c1-22-18-42(23(2)21-43)34(44)30-17-29(40-50(45,46)33-25(4)39-49-26(33)5)14-15-31(30)48-24(3)9-7-8-16-47-32(22)20-41(6)19-27-10-12-28(13-11-27)35(36,37)38/h10-15,17,22-24,32,40,43H,7-9,16,18-21H2,1-6H3/t22-,23+,24-,32-/m1/s1",19884,C[C@@H](CO)N1C[C@@H](C)[C@@H](CN(C)Cc2ccc(cc2)C(F)(F)F)OCCCC[C@@H](C)Oc3ccc(NS(=O)(=O)c4c(C)onc4C)cc3C1=O,NA
Input,5-Nitroso-8-cinnolinol,-0.31882803,InputSig,NA,NA,LINCSCP_43575,NPC,10uM,6h,neural progenitor cells,HDAC inhibitor,HDAC1,RZWRYPGAUIOOMK-UHFFFAOYSA-N,"InChI=1S/C9H6N2O2/c12-8-4-3-7(11-13)6-2-1-5-10-9(6)8/h1-5,12H",15428,Oc1ccc(N=O)c2cccnc12,NA
Input,Selamectin,-0.31793647,InputSig,NA,NA,LINCSCP_21476,HEPG2,10uM,6h,liver,Nematocide,NA,AFJYYKSVHJGXSN-XUCDQRGXSA-N,"InChI=1S/C43H63NO11/c1-24-11-10-14-30-23-50-40-36(44-48)27(4)19-33(43(30,40)47)41(46)52-32-20-31(16-15-25(2)38(24)53-35-21-34(49-6)37(45)28(5)51-35)54-42(22-32)18-17-26(3)39(55-42)29-12-8-7-9-13-29/h10-11,14-15,19,24,26,28-29,31-35,37-40,45,47-48H,7-9,12-13,16-18,20-23H2,1-6H3/b11-10+,25-15+,30-14+,44-36-/t24-,26-,28-,31+,32-,33-,34-,35?,37?,38-,39-,40+,42+,43+/m0/s1",42688,CO[C@H]1CC(O[C@H]2[C@@H](C)\C=C\C=C\3/CO[C@@H]4\C(=N/O)\C(=C[C@@H](C(=O)O[C@H]5C[C@@H](C\C=C\2/C)O[C@@]6(CC[C@H](C)[C@H](O6)C7CCCCC7)C5)[C@]34O)C)O[C@@H](C)C1O,NA
Input,CHEMBL2141722,-0.31740952,InputSig,NA,NA,LINCSCP_26140,HT29,10uM,6h,large intestine,NA,NA,VZQQBRATUAQGEU-UHFFFAOYSA-N,"InChI=1S/C20H23N5/c1-20(2,3)12-14-22-19-17(15-9-5-4-6-10-15)24-25-18(23-19)16-11-7-8-13-21-16/h4-11,13H,12,14H2,1-3H3,(H,22,23,25)",24080,CC(C)(C)CCNc1nc(nnc1c2ccccc2)c3ccccn3,NA
Input,BRN 1087718,-0.31722294,InputSig,NA,NA,LINCSCP_2121,A375,10uM,6h,skin,NA,NA,LISLUXJODLGWGJ-VQHVLOKHSA-N,"InChI=1S/C14H8N4O3/c15-8-9(7-10-5-6-13(21-10)18(19)20)14-16-11-3-1-2-4-12(11)17-14/h1-7H,(H,16,17)/b9-7+",17166,[O-][N+](=O)c1oc(\C=C(/C#N)\c2nc3ccccc3[nH]2)cc1,NA
Input,KUC111774N,-0.31712631,InputSig,NA,NA,LINCSCP_38427,MCF7,3uM,6h,breast,NA,NA,CSYFFQVEQXEIAB-UHFFFAOYSA-N,"InChI=1S/C16H12N2O4S/c17-23(21,22)11-7-5-10(6-8-11)18-14-9-15(19)12-3-1-2-4-13(12)16(14)20/h1-9,18H,(H2,17,21,22)",10656,NS(=O)(=O)c1ccc(NC2=CC(=O)c3ccccc3C2=O)cc1,NA
Input,BRD-A69951442-001-01-3,-0.31693643,InputSig,NA,NA,LINCSCP_10484,AGS,10uM,6h,stomach,Glucocorticoid receptor agonist,NR3C1,UREBDLICKHMUKA-HIERVMNKSA-N,"InChI=1S/C22H29FO5/c1-12-8-16-15-5-4-13-9-14(25)6-7-19(13,2)21(15,23)17(26)10-20(16,3)22(12,28)18(27)11-24/h6-7,9,12,15-17,24,26,28H,4-5,8,10-11H2,1-3H3/t12-,15?,16?,17+,19?,20?,21-,22-/m1/s1",1394,C[C@@H]1CC2C3CCC4=CC(=O)C=CC4(C)[C@]3(F)[C@@H](O)CC2(C)[C@]1(O)C(=O)CO,NA
Input,CHEMBL41721,-0.31613951,InputSig,NA,NA,LINCSCP_16221,HA1E,10uM,6h,kidney epithelial,Glutamate receptor antagonist,CNR1|CNR2|GRIN1,SSQJFGMEZBFMNV-XJDOXCRVSA-N,"InChI=1S/C25H38O3/c1-6-7-8-9-12-24(2,3)18-14-21(27)23-19-13-17(16-26)10-11-20(19)25(4,5)28-22(23)15-18/h10,14-15,19-20,26-27H,6-9,11-13,16H2,1-5H3/t19-,20?/m0/s1",36341,CCCCCCC(C)(C)c1cc(O)c2[C@H]3CC(=CCC3C(C)(C)Oc2c1)CO,NA
Input,CHEMBL2141330,-0.31596143,InputSig,NA,NA,LINCSCP_59353,VCAP,10uM,6h,prostate,NA,NA,VYCOOHAMPRTWAW-YHPNNPEYSA-N,"InChI=1S/C43H53N5O5/c1-30-26-48(31(2)29-49)43(52)25-35-24-36(45-41(50)16-8-5-9-17-42(51)46-38-15-11-10-14-37(38)44)22-23-39(35)53-40(30)28-47(3)27-32-18-20-34(21-19-32)33-12-6-4-7-13-33/h4,6-7,10-15,18-24,30-31,40,49H,5,8-9,16-17,25-29,44H2,1-3H3,(H,45,50)(H,46,51)/t30-,31+,40-/m0/s1",19698,C[C@H](CO)N1C[C@H](C)[C@H](CN(C)Cc2ccc(cc2)c3ccccc3)Oc4ccc(NC(=O)CCCCCC(=O)Nc5ccccc5N)cc4CC1=O,NA
Input,MLS002264464,-0.31586077,InputSig,NA,NA,LINCSCP_1386,A375,10uM,24h,skin,NA,NA,DZXJKBGGMPENFM-UHFFFAOYSA-N,"InChI=1S/C16H10N6OS2/c1-22-16(19-20-21-22)25-15-13-10(7-24-14(13)17-8-18-15)12-6-9-4-2-3-5-11(9)23-12/h2-8H,1H3",35618,Cn1nnnc1Sc2ncnc3scc(c4oc5ccccc5c4)c23,NA
Input,Afatinib,-0.3141973,InputSig,NA,NA,LINCSCP_32362,MCF7,10uM,6h,breast,EGFR inhibitor,EGFR|ERBB2|ERBB4,ULXXDDBFHOBEHA-INIZCTEOSA-N,"InChI=1S/C24H25ClFN5O3/c1-31(2)8-3-4-23(32)30-21-11-17-20(12-22(21)34-16-7-9-33-13-16)27-14-28-24(17)29-15-5-6-19(26)18(25)10-15/h3-6,10-12,14,16H,7-9,13H2,1-2H3,(H,30,32)(H,27,28,29)/t16-/m0/s1",27316,CN(C)CC=CC(=O)Nc1cc2c(Nc3ccc(F)c(Cl)c3)ncnc2cc1O[C@H]4CCOC4,NA
Input,Afatinib,-0.3141973,InputSig,NA,NA,LINCSCP_32362,MCF7,10uM,6h,breast,EGFR inhibitor,EGFR|ERBB2|ERBB4,ULXXDDBFHOBEHA-CWDCEQMOSA-N,"InChI=1S/C24H25ClFN5O3/c1-31(2)8-3-4-23(32)30-21-11-17-20(12-22(21)34-16-7-9-33-13-16)27-14-28-24(17)29-15-5-6-19(26)18(25)10-15/h3-6,10-12,14,16H,7-9,13H2,1-2H3,(H,30,32)(H,27,28,29)/b4-3+/t16-/m0/s1",37973,CN(C)C\C=C\C(=O)Nc1cc2c(Nc3ccc(F)c(Cl)c3)ncnc2cc1O[C@H]4CCOC4,4
Input,AC1Q6JJ5,-0.31401157,InputSig,NA,NA,LINCSCP_36331,MCF7,0.01uM,6h,breast,Topoisomerase inhibitor,TOP2A,XDXDZDZNSLXDNA-YMYDAGKFSA-N,"InChI=1S/C26H27NO9/c1-10-21(29)15(27)7-17(35-10)36-16-9-26(34,11(2)28)8-14-18(16)25(33)20-19(24(14)32)22(30)12-5-3-4-6-13(12)23(20)31/h3-6,10,15-17,21,29,32-34H,7-9,27H2,1-2H3/t10?,15?,16-,17?,21?,26-/m0/s1",36674,CC1OC(CC(N)C1O)O[C@H]2C[C@@](O)(Cc3c(O)c4C(=O)c5ccccc5C(=O)c4c(O)c23)C(=O)C,NA
Input,KW-2449,-0.31397208,InputSig,NA,NA,LINCSCP_133384,MCF7,1.11uM,24h,breast,Serine/threonine-protein kinase Aurora-A inhibitor|Serine/threonine-protein kinase Aurora-B inhibitor|Tyrosine-protein kinase ABL inhibitor|Tyrosine-protein kinase receptor FLT3 inhibitor,ABL1|AURKA|AURKB|FLT3,YYLKKYCXAOBSRM-JXMROGBWSA-N,"InChI=1S/C20H20N4O/c25-20(24-13-11-21-12-14-24)16-8-5-15(6-9-16)7-10-19-17-3-1-2-4-18(17)22-23-19/h1-10,21H,11-14H2,(H,22,23)/b10-7+",16853,O=C(N1CCNCC1)c2ccc(\C=C\c3n[nH]c4ccccc34)cc2,1
Input,CHEMBL1590762,-0.31390633,InputSig,NA,NA,LINCSCP_43633,NPC,10uM,6h,neural progenitor cells,Potassium channel blocker,KCNMA1,UQZQZNKGIUPTGP-DNOATVEHSA-N,"InChI=1S/C35H40ClNO8/c1-13-10-14-17(36)12-18-21-22-25(44-30(2,3)19-11-16(13)34(19,42)23(14)21)15-6-9-33(41)31(4,32(15,5)27(22)37-18)8-7-20-35(33)28(45-35)24(38)26(43-20)29(39)40/h12,15-16,19-20,24-26,28,37-38,41-42H,1,6-11H2,2-5H3,(H,39,40)/t15-,16+,19+,20-,24-,25-,26-,28+,31+,32+,33-,34+,35-/m0/s1",19482,CC1(C)O[C@H]2[C@@H]3CC[C@]4(O)[C@](C)(CC[C@@H]5O[C@@H]([C@H](O)[C@H]6O[C@@]456)C(=O)O)[C@@]3(C)c7[nH]c8cc(Cl)c9CC(=C)[C@H]%10C[C@H]1[C@@]%10(O)c9c8c27,NA
Input,BG-1007,-0.3138609,InputSig,NA,NA,LINCSCP_43647,NPC,10uM,6h,neural progenitor cells,NA,NA,KZOLDOJCWPFTDL-PXLXIMEGSA-N,"InChI=1S/C21H25N3O3/c1-16-7-5-6-8-19(16)18-13-11-17(12-14-18)15-22-23-20(25)9-3-2-4-10-21(26)24-27/h5-8,11-15,27H,2-4,9-10H2,1H3,(H,23,25)(H,24,26)/b22-15+",7,Cc1ccccc1c2ccc(\C=N\NC(=O)CCCCCC(=O)NO)cc2,NA
Input,MLS001033149,-0.31379783,InputSig,NA,NA,LINCSCP_26681,HT29,10uM,6h,large intestine,NA,NA,PYEWRVJBQXWXNV-UHFFFAOYSA-N,"InChI=1S/C12H10Cl2N2OS/c13-7-11(17)15-12-16(5-6-18-12)8-9-3-1-2-4-10(9)14/h1-6H,7-8H2",25859,ClCC(=O)N=C1SC=CN1Cc2ccccc2Cl,NA
Input,Pimozide,-0.31332057,InputSig,NA,NA,LINCSCP_221123,HEPG2,10uM,6h,liver,Dopamine receptor antagonist|Serotonin 2a (5-HT2a) receptor antagonist (Serotonin 2a,DRD1|DRD2|DRD3|DRD4|DRD5|HTR2A,YVUQSNJEYSNKRX-UHFFFAOYSA-N,"InChI=1S/C28H29F2N3O/c29-22-11-7-20(8-12-22)25(21-9-13-23(30)14-10-21)4-3-17-32-18-15-24(16-19-32)33-27-6-2-1-5-26(27)31-28(33)34/h1-2,5-14,24-25H,3-4,15-19H2,(H,31,34)",35465,Fc1ccc(cc1)C(CCCN2CCC(CC2)N3C(=O)Nc4ccccc34)c5ccc(F)cc5,4
Input,Tozasertib,-0.3132716,InputSig,NA,NA,LINCSCP_3864,A375,0.04uM,24h,skin,Aurora kinase inhibitor|Bcr-Abl kinase inhibitor|FLT3 inhibitor|JAK inhibitor,ABL1|AURKA|AURKB|AURKC|BCR|FLT3|JAK2,GCIKSSRWRFVXBI-UHFFFAOYSA-N,"InChI=1S/C23H28N8OS/c1-15-13-20(29-28-15)25-19-14-21(31-11-9-30(2)10-12-31)27-23(26-19)33-18-7-5-17(6-8-18)24-22(32)16-3-4-16/h5-8,13-14,16H,3-4,9-12H2,1-2H3,(H,24,32)(H2,25,26,27,28,29)",16643,CN1CCN(CC1)c2cc(Nc3cc(C)[nH]n3)nc(Sc4ccc(NC(=O)C5CC5)cc4)n2,2
Input,SPB02303,-0.31309335,InputSig,NA,NA,LINCSCP_58435,VCAP,10uM,24h,prostate,NA,NA,KTAHAIAPBLGIOT-UHFFFAOYSA-N,"InChI=1S/C12H10ClN3O2S/c1-7-14-10(6-19-7)12(18)16-15-11(17)8-2-4-9(13)5-3-8/h2-6H,1H3,(H,15,17)(H,16,18)",36207,Cc1nc(cs1)C(=O)NNC(=O)c2ccc(Cl)cc2,NA
Input,PRESTWICK3_000646,-0.31285907,InputSig,NA,NA,LINCSCP_44687,PC3,10uM,24h,prostate,ATPase inhibitor,NA,QBILRDAMJUPXCX-RIBQKGKFSA-N,"InChI=1S/C29H42O9/c1-16-25(33)22(31)12-24(37-16)38-18-3-8-27(15-30)20-4-7-26(2)19(17-11-23(32)36-14-17)6-10-29(26,35)21(20)5-9-28(27,34)13-18/h11,15-16,18-22,24-25,31,33-35H,3-10,12-14H2,1-2H3/t16-,18?,19-,20+,21-,22+,24+,25-,26-,27+,28+,29+/m1/s1",431,C[C@H]1O[C@H](C[C@H](O)[C@@H]1O)OC2CC[C@]3(C=O)[C@H]4CC[C@]5(C)[C@H](CC[C@]5(O)[C@@H]4CC[C@]3(O)C2)C6=CC(=O)OC6,NA
Input,VU0418939-2,-0.31226739,InputSig,NA,NA,LINCSCP_26133,HT29,10uM,6h,large intestine,NA,NA,SKLXOVZCZWTTRY-UHFFFAOYSA-N,"InChI=1S/C25H25N5/c1-25(2,3)20-14-12-18(13-15-20)17-27-24-22(19-9-5-4-6-10-19)29-30-23(28-24)21-11-7-8-16-26-21/h4-16H,17H2,1-3H3,(H,27,28,30)",15863,CC(C)(C)c1ccc(CNc2nc(nnc2c3ccccc3)c4ccccn4)cc1,NA
Input,AC1O9ZP5,-0.31187412,InputSig,NA,NA,LINCSCP_10793,ASC,10uM,24h,adipose,NA,NA,PMJGWWMIDKKJOA-REZTVBANSA-N,"InChI=1S/C14H10Cl2N2O3/c15-9-5-8(13(20)11(16)6-9)7-17-18-14(21)10-3-1-2-4-12(10)19/h1-7,19-20H,(H,18,21)/b17-7+",36768,Oc1ccccc1C(=O)NN=Cc2cc(Cl)cc(Cl)c2O,NA
Input,BRD-K02341409,-0.311421,InputSig,NA,NA,LINCSCP_60338,VCAP,5uM,24h,prostate,NA,NA,GOIFBKSVWMRRGJ-SXDGJLEOSA-N,"InChI=1S/C29H33N3O6S2/c1-21-5-10-26(11-6-21)39(34,35)31(4)19-28-22(2)18-32(23(3)20-33)40(36,37)29-12-9-25(17-27(29)38-28)8-7-24-13-15-30-16-14-24/h5-6,9-17,22-23,28,33H,18-20H2,1-4H3/t22-,23+,28+/m0/s1",7783,C[C@H](CO)N1C[C@H](C)[C@@H](CN(C)S(=O)(=O)c2ccc(C)cc2)Oc3cc(ccc3S1(=O)=O)C#Cc4ccncc4,NA
Input,VU0418934-2,-0.31128909,InputSig,NA,NA,LINCSCP_26160,HT29,10uM,6h,large intestine,NA,NA,FWCNXQLOVXPNKX-UHFFFAOYSA-N,"InChI=1S/C21H16ClN5/c22-17-10-6-7-15(13-17)14-24-21-19(16-8-2-1-3-9-16)26-27-20(25-21)18-11-4-5-12-23-18/h1-13H,14H2,(H,24,25,27)",36117,Clc1cccc(CNc2nc(nnc2c3ccccc3)c4ccccn4)c1,NA
Input,BRD-K86048057,-0.31123826,InputSig,NA,NA,LINCSCP_259103,NEU,10uM,24h,NA,NA,NA,LLXXDGJIXJGBNX-HXUWFJFHSA-N,"InChI=1S/C24H31N5O4S/c1-26-10-21(25-15-26)34(31,32)29-13-24(14-29)12-28(9-16-4-5-16)20(11-30)23-22(24)18-7-6-17(33-3)8-19(18)27(23)2/h6-8,10,15-16,20,30H,4-5,9,11-14H2,1-3H3/t20-/m1/s1",13804,COc1ccc2c3c([C@@H](CO)N(CC4CC4)CC35CN(C5)S(=O)(=O)c6cn(C)cn6)n(C)c2c1,NA
Input,CCG-208137,-0.31119759,InputSig,NA,NA,LINCSCP_43674,NPC,10uM,6h,neural progenitor cells,NA,NA,IEYXVHQWLXJZAG-UHFFFAOYSA-N,"InChI=1S/C13H16N6O8/c1-2-26-13(20)15-5-7-16(8-6-15)19(25)14-27-12-9-10(17(21)22)3-4-11(12)18(23)24/h3-4,9H,2,5-8H2,1H3",10,CCOC(=O)N1CCN(CC1)\[N+](=N\Oc2cc(ccc2[N+](=O)[O-])[N+](=O)[O-])\[O-],NA
Input,ML179,-0.31105077,InputSig,NA,NA,LINCSCP_45534,PC3,10uM,24h,prostate,NA,NA,MFABFKUNLDYKGH-UHFFFAOYSA-N,"InChI=1S/C21H25F3N4O2/c22-21(23,24)15-5-4-8-17(13-15)26-9-11-27(12-10-26)18-14-19(29)28(20(30)25-18)16-6-2-1-3-7-16/h4-5,8,13-14,16H,1-3,6-7,9-12H2,(H,25,30)",1169,FC(F)(F)c1cccc(c1)N2CCN(CC2)C3=CC(=O)N(C4CCCCC4)C(=O)N3,NA
Input,Genz-644282,-0.31052647,InputSig,NA,NA,LINCSCP_143219,MCF7,10uM,24h,breast,NA,NA,BAORCAMWLWRZQG-UHFFFAOYSA-N,"InChI=1S/C22H21N3O5/c1-23-4-5-25-21-14-8-19-20(30-11-29-19)9-16(14)24-10-15(21)12-6-17(27-2)18(28-3)7-13(12)22(25)26/h6-10,23H,4-5,11H2,1-3H3",27038,CNCCN1C(=O)c2cc(OC)c(OC)cc2c3cnc4cc5OCOc5cc4c13,NA
Input,BDBM82056,-0.31015582,InputSig,NA,NA,LINCSCP_46062,PC3,10uM,24h,prostate,Calcium channel blocker,CACNA1C|CACNA1D|CACNA1S,CMRUBVBRILWITQ-UHFFFAOYSA-N,"InChI=1S/C20H24N2O6/c1-11(2)10-28-20(24)17-13(4)21-12(3)16(19(23)27-5)18(17)14-8-6-7-9-15(14)22(25)26/h6-9,11,16,18H,10H2,1-5H3",1496,COC(=O)C1C(C(=C(C)N=C1C)C(=O)OCC(C)C)c2ccccc2[N+](=O)[O-],NA
Input,BRD-K61175124,-0.30943954,InputSig,NA,NA,LINCSCP_46618,PC3,10uM,6h,prostate,NA,NA,FTKXCBYAQTWBTF-HSLFHSRNSA-N,"InChI=1S/C37H43N5O5Si/c1-25-35(48(3,4)30-14-12-29(46-2)13-15-30)33(16-19-40-24-27(18-21-43)38-39-40)47-37(25)31-10-5-6-11-32(31)42(36(37)45)23-26-8-7-9-28(22-26)41-20-17-34(41)44/h5-15,22,24-25,33,35,43H,16-21,23H2,1-4H3/t25-,33+,35-,37+/m1/s1",11487,COc1ccc(cc1)[Si](C)(C)[C@H]2[C@H](CCn3cc(CCO)nn3)O[C@]4([C@@H]2C)C(=O)N(Cc5cccc(c5)N6CCC6=O)c7ccccc47,NA
Input,BRD-A59145032,-0.3091843,InputSig,NA,NA,LINCSCP_2270,A375,10uM,6h,skin,NA,NA,ULFXYGSLIIQWSV-UHFFFAOYSA-N,"InChI=1S/C20H20F3NO2/c21-20(22,23)17-8-6-16(7-9-17)19(25)18(15-4-2-1-3-5-15)14-24-10-12-26-13-11-24/h1-9,18H,10-14H2",11401,FC(F)(F)c1ccc(cc1)C(=O)C(CN2CCOCC2)c3ccccc3,NA
Input,BRD-K95411194,-0.30916236,InputSig,NA,NA,LINCSCP_27457,HT29,5uM,24h,large intestine,NA,NA,BVXYTNIWYSYKAL-XDAUYTPDSA-N,"InChI=1S/C32H47N3O6S/c1-23-19-35(24(2)22-36)32(37)29-18-27(33-42(38,39)28-11-6-5-7-12-28)15-16-30(29)41-25(3)10-8-9-17-40-31(23)21-34(4)20-26-13-14-26/h5-7,11-12,15-16,18,23-26,31,33,36H,8-10,13-14,17,19-22H2,1-4H3/t23-,24+,25-,31-/m1/s1",14007,C[C@@H](CO)N1C[C@@H](C)[C@@H](CN(C)CC2CC2)OCCCC[C@@H](C)Oc3ccc(NS(=O)(=O)c4ccccc4)cc3C1=O,NA
Input,MLS-0435555.0001,-0.30902669,InputSig,NA,NA,LINCSCP_58370,VCAP,10uM,24h,prostate,NA,NA,PLKUYFLKWJFBTD-UHFFFAOYSA-N,"InChI=1S/C25H21N5O4S2/c1-14-9-16-10-20-21(34-8-7-33-20)11-19(16)30-23(14)28-29-25(30)36-13-22(31)27-24-26-18(12-35-24)15-3-5-17(32-2)6-4-15/h3-6,9-12H,7-8,13H2,1-2H3,(H,26,27,31)",15584,COc1ccc(cc1)c2csc(NC(=O)CSc3nnc4c(C)cc5cc6OCCOc6cc5n34)n2,NA
Input,Nilotinib,-0.30892687,InputSig,NA,NA,LINCSCP_16710,HA1E,10uM,6h,kidney epithelial,Abl kinase inhibitor|Bcr-Abl kinase inhibitor,ABL1|BCR|KIT,HHZIURLSWUIHRB-UHFFFAOYSA-N,"InChI=1S/C28H22F3N7O/c1-17-5-6-19(10-25(17)37-27-33-9-7-24(36-27)20-4-3-8-32-14-20)26(39)35-22-11-21(28(29,30)31)12-23(13-22)38-15-18(2)34-16-38/h3-16H,1-2H3,(H,35,39)(H,33,36,37)",15132,Cc1cn(cn1)c2cc(NC(=O)c3ccc(C)c(Nc4nccc(n4)c5cccnc5)c3)cc(c2)C(F)(F)F,4
Input,Aurora A Inhibitor I,-0.30884528,InputSig,NA,NA,LINCSCP_16664,HA1E,10uM,6h,kidney epithelial,Aurora kinase inhibitor,AURKA,AKSIZPIFQAYJGF-UHFFFAOYSA-N,"InChI=1S/C31H31ClFN7O2/c1-2-39-15-17-40(18-16-39)28(41)19-21-7-11-24(12-8-21)36-31-34-20-26(33)29(38-31)35-23-13-9-22(10-14-23)30(42)37-27-6-4-3-5-25(27)32/h3-14,20H,2,15-19H2,1H3,(H,37,42)(H2,34,35,36,38)",35269,CCN1CCN(CC1)C(=O)Cc2ccc(Nc3ncc(F)c(Nc4ccc(cc4)C(=O)Nc5ccccc5Cl)n3)cc2,NA
Input,SCHEMBL3958507,-0.30817202,InputSig,NA,NA,LINCSCP_113325,HME1,10uM,3h,breast,Protein kinase inhibitor,COQ8B|EGFR,IMEGLYUXMGWVQA-UHFFFAOYSA-N,"InChI=1S/C26H32ClN7O4S/c1-15(2)39(36,37)21-7-5-4-6-19(21)30-25-22(27)23(28)32-26(33-25)31-18-9-8-17(14-20(18)38-3)34-12-10-16(11-13-34)24(29)35/h4-9,14-16H,10-13H2,1-3H3,(H2,29,35)(H4,28,30,31,32,33)",36401,COc1cc(ccc1Nc2nc(N)c(Cl)c(Nc3ccccc3S(=O)(=O)C(C)C)n2)N4CCC(CC4)C(=O)N,NA
Input,Aphidicolin,-0.30816317,InputSig,NA,NA,LINCSCP_140160,MCF7,3.33uM,24h,breast,NA,NA,NOFOAYPPHIUXJR-APNQCZIXSA-N,"InChI=1S/C20H34O4/c1-17(11-21)15-4-3-13-9-14-10-19(13,7-8-20(14,24)12-22)18(15,2)6-5-16(17)23/h13-16,21-24H,3-12H2,1-2H3/t13-,14+,15-,16+,17-,18-,19-,20-/m0/s1",26686,C[C@@]1(CO)[C@H](O)CC[C@@]2(C)[C@H]1CC[C@H]3C[C@@H]4C[C@]23CC[C@]4(O)CO,NA
Input,AC1O9CBL,-0.30782029,InputSig,NA,NA,LINCSCP_26398,HT29,10uM,6h,large intestine,NA,NA,KEZALDIRBVRQLC-XVLJERORSA-N,"InChI=1S/C51H47N3O11/c1-62-47(58)36(48(59)63-2)23-14-15-31-25-26-38-37(29-31)51(50(61)53-38)41(46(57)52-30-39(56)32-16-6-3-7-17-32)43-49(60)65-44(34-20-10-5-11-21-34)42(33-18-8-4-9-19-33)54(43)45(51)35-22-12-13-24-40(35)64-28-27-55/h3-13,16-22,24-26,29,36,39,41-45,55-56H,23,27-28,30H2,1-2H3,(H,52,57)(H,53,61)/t39-,41-,42-,43-,44+,45+,51-/m0/s1",23165,COC(=O)C(CC#Cc1ccc2NC(=O)[C@]3([C@@H]([C@@H]4N([C@H]([C@H](OC4=O)c5ccccc5)c6ccccc6)[C@@H]3c7ccccc7OCCO)C(=O)NC[C@H](O)c8ccccc8)c2c1)C(=O)OC,NA
Input,CHEMBL3185054,-0.30759257,InputSig,NA,NA,LINCSCP_46641,PC3,10uM,6h,prostate,NA,NA,XGMQKVJTWVADHD-NUNJUMJCSA-N,"InChI=1S/C38H49F3N4O6/c1-25-21-45(26(2)24-46)36(47)33-20-31(43-37(48)42-30-13-11-29(12-14-30)38(39,40)41)15-18-34(33)51-27(3)8-6-7-19-50-35(25)23-44(4)22-28-9-16-32(49-5)17-10-28/h9-18,20,25-27,35,46H,6-8,19,21-24H2,1-5H3,(H2,42,43,48)/t25-,26-,27+,35+/m1/s1",19780,COc1ccc(CN(C)C[C@@H]2OCCCC[C@H](C)Oc3ccc(NC(=O)Nc4ccc(cc4)C(F)(F)F)cc3C(=O)N(C[C@H]2C)[C@H](C)CO)cc1,NA
Input,BIO2_000029,-0.30754997,InputSig,NA,NA,LINCSCP_44122,PC3,10uM,6h,prostate,Sodium/calcium exchange inhibitor,NA,YVELSDDXFCIBLA-UHFFFAOYSA-N,"InChI=1S/C13H12Cl3N7O/c14-6-2-1-5(7(15)3-6)4-20-13(19)23-12(24)8-10(17)22-11(18)9(16)21-8/h1-3H,4H2,(H4,17,18,22)(H3,19,20,23,24)",15135,Nc1nc(N)c(nc1Cl)C(=O)NC(=N)NCc2ccc(Cl)cc2Cl,NA
Input,Tamatinib,-0.3074345,InputSig,NA,NA,LINCSCP_69364,A375,1.11uM,24h,skin,SYK inhibitor,SYK,NHHQJBCNYHBUSI-UHFFFAOYSA-N,"InChI=1S/C22H23FN6O5/c1-22(2)20(30)28-19-13(34-22)6-7-16(27-19)26-18-12(23)10-24-21(29-18)25-11-8-14(31-3)17(33-5)15(9-11)32-4/h6-10H,1-5H3,(H3,24,25,26,27,28,29,30)",15123,COc1cc(Nc2ncc(F)c(Nc3ccc4OC(C)(C)C(=O)Nc4n3)n2)cc(OC)c1OC,2
Input,Rottlerin,-0.30594679,InputSig,NA,NA,LINCSCP_41488,NEU,10uM,6h,NA,MAP kinase inhibitor|Protein kinase inhibitor,NA,DEZFNHCVIZBHBI-ZHACJKMWSA-N,"InChI=1S/C30H28O8/c1-15-24(33)19(27(36)22(16(2)31)25(15)34)14-20-26(35)18-12-13-30(3,4)38-29(18)23(28(20)37)21(32)11-10-17-8-6-5-7-9-17/h5-13,33-37H,14H2,1-4H3/b11-10+",22166,CC(=O)c1c(O)c(C)c(O)c(Cc2c(O)c3C=CC(C)(C)Oc3c(C(=O)\C=C\c4ccccc4)c2O)c1O,NA
Input,CVF-SUMO-13,-0.30489027,InputSig,NA,NA,LINCSCP_42343,NPC,10uM,24h,neural progenitor cells,NA,NA,MFDWJDXTGBHHCQ-UHFFFAOYSA-N,"InChI=1S/C19H22FNO/c1-3-21(4-2)14-18(15-8-6-5-7-9-15)19(22)16-10-12-17(20)13-11-16/h5-13,18H,3-4,14H2,1-2H3",22240,CCN(CC)CC(C(=O)c1ccc(F)cc1)c2ccccc2,NA
Input,QS-11,-0.304719,InputSig,NA,NA,LINCSCP_50561,PL21,10uM,6h,haematopoietic and lymphoid tissue,ARFGAP inhibitor,ARFGAP1,DOKZLKDGUQWMSX-HKBQPEDESA-N,"InChI=1S/C36H33N5O2/c42-23-31(20-25-8-3-1-4-9-25)38-34-33-35(40-36(39-34)43-32-19-18-28-12-7-13-30(28)21-32)41(24-37-33)22-26-14-16-29(17-15-26)27-10-5-2-6-11-27/h1-6,8-11,14-19,21,24,31,42H,7,12-13,20,22-23H2,(H,38,39,40)/t31-/m0/s1",23218,OC[C@H](Cc1ccccc1)Nc2nc(Oc3ccc4CCCc4c3)nc5c2ncn5Cc6ccc(cc6)c7ccccc7,NA
Input,SMR000076922,-0.30452858,InputSig,NA,NA,LINCSCP_1174,A375,10uM,24h,skin,NA,NA,KEGAOGGMAQQKFO-UHFFFAOYSA-N,"InChI=1S/C17H17N9S/c1-25(2)16-20-14(19-15(18)21-16)10-27-17-22-23-24-26(17)13-9-5-7-11-6-3-4-8-12(11)13/h3-9H,10H2,1-2H3,(H2,18,19,20,21)",38519,CN(C)c1nc(N)nc(CSc2nnnn2c3cccc4ccccc34)n1,NA
Input,BRD-K26545157,-0.30412374,InputSig,NA,NA,LINCSCP_231989,HT29,5uM,24h,large intestine,NA,NA,WQLAOOWGOFCETA-AREMUKBSSA-N,"InChI=1S/C30H39N5O4/c1-32-25-17-23(38-2)3-4-24(25)28-29(32)26(20-36)35(27(37)19-34-13-15-39-16-14-34)21-30(28)7-11-33(12-8-30)18-22-5-9-31-10-6-22/h3-6,9-10,17,26,36H,7-8,11-16,18-21H2,1-2H3/t26-/m1/s1",12262,COc1ccc2c3c([C@@H](CO)N(CC34CCN(Cc5ccncc5)CC4)C(=O)CN6CCOCC6)n(C)c2c1,NA
Input,Teniposide,-0.30407813,InputSig,NA,NA,LINCSCP_2672,A375,10uM,6h,skin,Topoisomerase inhibitor,TOP2A,NRUKOCRGYNPUPR-OQMCATNJSA-N,"InChI=1S/C32H32O13S/c1-37-19-6-13(7-20(38-2)25(19)33)23-14-8-17-18(42-12-41-17)9-15(14)28(16-10-39-30(36)24(16)23)44-32-27(35)26(34)29-21(43-32)11-40-31(45-29)22-4-3-5-46-22/h3-9,16,21,23-24,26-29,31-35H,10-12H2,1-2H3/t16?,21-,23-,24+,26-,27-,28?,29?,31-,32+/m1/s1",22395,COc1cc(cc(OC)c1O)[C@H]2[C@@H]3C(COC3=O)C(O[C@@H]4O[C@@H]5CO[C@H](OC5[C@H](O)[C@H]4O)c6cccs6)c7cc8OCOc8cc27,NA
Input,PK04_098276,-0.30382914,InputSig,NA,NA,LINCSCP_26540,HT29,10uM,6h,large intestine,NA,NA,DDKYFPOWKUAQCP-BTMVTRJRSA-N,"InChI=1S/C28H34BrNO13/c1-4-38-23(32)17-8-6-7-9-18(24(33)39-5-2)26(35)42-22-21(41-25(17)34)20(19(14-31)40-27(22)37-3)43-28(36)30-16-12-10-15(29)11-13-16/h6-7,10-13,17-22,27,31H,4-5,8-9,14H2,1-3H3,(H,30,36)/b7-6+/t17-,18-,19-,20-,21+,22-,27+/m1/s1",25896,CCOC(=O)[C@H]1C\C=C\C[C@H](C(=O)OCC)C(=O)O[C@H]2[C@H](OC(=O)Nc3ccc(Br)cc3)[C@@H](CO)O[C@H](OC)[C@@H]2OC1=O,NA
Input,Puromycin,-0.30341583,InputSig,NA,NA,LINCSCP_26906,HT29,10uM,6h,large intestine,Protein synthesis inhibitor,NA,RXWNCPJZOCPEPQ-NVWDDTSBSA-N,"InChI=1S/C22H29N7O5/c1-28(2)19-17-20(25-10-24-19)29(11-26-17)22-18(31)16(15(9-30)34-22)27-21(32)14(23)8-12-4-6-13(33-3)7-5-12/h4-7,10-11,14-16,18,22,30-31H,8-9,23H2,1-3H3,(H,27,32)/t14-,15+,16+,18+,22+/m0/s1",775,COc1ccc(C[C@H](N)C(=O)N[C@@H]2[C@@H](CO)O[C@H]([C@@H]2O)n3cnc4c(ncnc34)N(C)C)cc1,NA
Input,BDBM50127227,-0.30339336,InputSig,NA,NA,LINCSCP_54330,SW620,10uM,6h,large intestine,Farnesyltransferase inhibitor|NFkB pathway inhibitor,FNTA|IKBKB,XIZGHTZLVCHYJN-MVTGTTCWSA-N,"InChI=1S/C31H38N2O7/c1-5-6-11-19(2)16-20(3)17-21(4)30(38)32-22-18-31(39,29-28(40-29)27(22)37)15-10-8-7-9-12-25(36)33-26-23(34)13-14-24(26)35/h7-10,12,15-19,26,28-29,39H,5-6,11,13-14H2,1-4H3,(H,32,38)(H,33,36)/b8-7+,12-9+,15-10+,20-16+,21-17+/t19-,28-,29-,31+/m1/s1",25679,CCCC[C@@H](C)\C=C(/C)\C=C(/C)\C(=O)NC1=C[C@@](O)(\C=C\C=C\C=C\C(=O)NC2C(=O)CCC2=O)[C@@H]3O[C@@H]3C1=O,NA
Input,sorafenib,-0.30336096,InputSig,NA,NA,LINCSCP_24316,HS578T,0.5uM,24h,breast,FLT3 inhibitor|KIT inhibitor|PDGFR tyrosine kinase receptor inhibitor|RAF inhibitor|RET tyrosine kinase inhibitor|VEGFR inhibitor,BRAF|DDR2|FGFR1|FLT1|FLT3|FLT4|KDR|KIT|PDGFRB|RAF1|RET,NA,NA,NA,NA,NA
Input,Brazilin,-0.30307207,InputSig,NA,NA,LINCSCP_2572,A375,10uM,6h,skin,Nitric oxide production inhibitor,NA,UWHUTZOCTZJUKC-UHFFFAOYSA-N,"InChI=1S/C16H14O5/c17-9-1-2-10-14(4-9)21-7-16(20)6-8-3-12(18)13(19)5-11(8)15(10)16/h1-5,15,17-20H,6-7H2",35437,Oc1ccc2C3c4cc(O)c(O)cc4CC3(O)COc2c1,NA
Input,AC1NWALF,-0.30284481,InputSig,NA,NA,LINCSCP_25167,HT29,10uM,6h,large intestine,ATPase inhibitor,ATP1A1,LTMHDMANZUZIPE-QVYPYPLASA-N,"InChI=1S/C41H64O14/c1-19-36(47)28(42)15-34(50-19)54-38-21(3)52-35(17-30(38)44)55-37-20(2)51-33(16-29(37)43)53-24-8-10-39(4)23(13-24)6-7-26-27(39)14-31(45)40(5)25(9-11-41(26,40)48)22-12-32(46)49-18-22/h12,19-21,23-31,33-38,42-45,47-48H,6-11,13-18H2,1-5H3/t19-,20-,21-,23-,24+,25-,26?,27?,28+,29+,30+,31-,33+,34+,35+,36-,37-,38-,39+,40+,41+/m1/s1",483,C[C@H]1O[C@H](C[C@H](O)[C@@H]1O)O[C@H]2[C@@H](O)C[C@H](O[C@H]3[C@@H](O)C[C@H](O[C@H]4CC[C@@]5(C)[C@H](CCC6C5C[C@@H](O)[C@]7(C)[C@H](CC[C@]67O)C8=CC(=O)OC8)C4)O[C@@H]3C)O[C@@H]2C,NA
Input,Puromycin Hydrochloride,-0.30249473,InputSig,NA,NA,LINCSCP_56101,VCAP,10uM,6h,prostate,Protein synthesis inhibitor,NA,RXWNCPJZOCPEPQ-DYKMBDCPSA-N,"InChI=1S/C22H29N7O5/c1-28(2)19-17-20(25-10-24-19)29(11-26-17)22-18(31)16(15(9-30)34-22)27-21(32)14(23)8-12-4-6-13(33-3)7-5-12/h4-7,10-11,14-16,18,22,30-31H,8-9,23H2,1-3H3,(H,27,32)/t14-,15+,16+,18+,22?/m0/s1",355,COc1ccc(C[C@H](N)C(=O)N[C@@H]2[C@@H](CO)OC([C@@H]2O)n3cnc4c(ncnc34)N(C)C)cc1,NA
Input,"Cis-N,N-Dimethyl-9-(3-(1-Piperazinyl)Propylidene)Thioxanthene-2-Sulfonamide",-0.30214931,InputSig,NA,NA,LINCSCP_31497,MCF7,10uM,6h,breast,Dopamine receptor antagonist,HTR2A,NIOGWJDNUIUWFG-WSVATBPTSA-N,"InChI=1S/C22H27N3O2S2/c1-24(2)29(26,27)17-9-10-22-20(16-17)18(19-6-3-4-8-21(19)28-22)7-5-13-25-14-11-23-12-15-25/h3-4,6-10,16,23H,5,11-15H2,1-2H3/b18-7-",5370,CN(C)S(=O)(=O)c1ccc2Sc3ccccc3\C(=C\CCN4CCNCC4)\c2c1,NA
Input,Auranofin,-0.30205063,InputSig,NA,NA,LINCSCP_50551,PL21,10uM,6h,haematopoietic and lymphoid tissue,NFkB pathway inhibitor,NA,AUJRCFUBUPVWSZ-XTZHGVARSA-M,"InChI=1S/C14H20O9S.C6H15P.Au/c1-6(15)19-5-10-11(20-7(2)16)12(21-8(3)17)13(14(24)23-10)22-9(4)18;1-4-7(5-2)6-3;/h10-14,24H,5H2,1-4H3;4-6H2,1-3H3;/q;;+1/p-1/t10-,11-,12+,13-,14+;;/m1../s1",1361,CCP(=[Au]S[C@@H]1O[C@H](COC(=O)C)[C@@H](OC(=O)C)[C@H](OC(=O)C)[C@H]1OC(=O)C)(CC)CC,NA
Input,Auranofin,-0.30205063,InputSig,NA,NA,LINCSCP_50551,PL21,10uM,6h,haematopoietic and lymphoid tissue,NFkB pathway inhibitor,NA,AUWWGVLGGQVJPJ-UHFFFAOYSA-M,"InChI=1S/C14H20O8S.C6H15P.Au/c1-6(15)19-10-5-11(23)13(21-8(3)17)14(22-9(4)18)12(10)20-7(2)16;1-4-7(5-2)6-3;/h10-14,23H,5H2,1-4H3;4-6H2,1-3H3;/q;;+1/p-1",28468,CCP(=[Au]SC1CC(OC(=O)C)C(OC(=O)C)C(OC(=O)C)C1OC(=O)C)(CC)CC,NA
Input,AC1O9BJ3,-0.30163732,InputSig,NA,NA,LINCSCP_58401,VCAP,10uM,24h,prostate,NA,NA,SIAMCPDTZJAYRI-XDWJUNQNSA-N,"InChI=1S/C51H48N6O10/c1-64-46(60)36(47(61)65-2)19-11-13-32-21-22-38-37(31-32)51(49(63)54-38)40(45(59)55-25-27-56(28-26-55)50-52-23-12-24-53-50)42-48(62)67-43(34-16-7-4-8-17-34)41(33-14-5-3-6-15-33)57(42)44(51)35-18-9-10-20-39(35)66-30-29-58/h3-10,12,14-18,20-24,31,36,40-44,58H,19,25-30H2,1-2H3,(H,54,63)/t40-,41-,42-,43+,44+,51-/m1/s1",200,COC(=O)C(CC#Cc1ccc2NC(=O)[C@@]3([C@H]([C@H]4N([C@@H]([C@@H](OC4=O)c5ccccc5)c6ccccc6)[C@H]3c7ccccc7OCCO)C(=O)N8CCN(CC8)c9ncccn9)c2c1)C(=O)OC,NA
Input,Thioridazine,-0.30160144,InputSig,NA,NA,LINCSCP_68433,VCAP,10uM,24h,prostate,Serotonin 2a (5-HT2a) receptor antagonist (Serotonin 2a|Serotonin 2c (5-HT2c) receptor antagonist (Serotonin 2c|D2-like dopamine receptor antagonist,DRD1|DRD2|DRD3|DRD4|HTR2A|HTR2C,KLBQZWRITKRQQV-UHFFFAOYSA-N,"InChI=1S/C21H26N2S2/c1-22-13-6-5-7-16(22)12-14-23-18-8-3-4-9-20(18)25-21-11-10-17(24-2)15-19(21)23/h3-4,8-11,15-16H,5-7,12-14H2,1-2H3",23814,CSc1ccc2Sc3ccccc3N(CCC4CCCCN4C)c2c1,4
Input,BRD-K93433262-001-01-7,-0.30110425,InputSig,NA,NA,LINCSCP_228044,HT29,10uM,6h,large intestine,Vitamin D receptor agonist,VDR,OFHCOWSQAMBJIW-FFVLKWEISA-N,"InChI=1S/C27H44O2/c1-18(2)8-6-9-19(3)24-13-14-25-21(10-7-15-27(24,25)5)11-12-22-16-23(28)17-26(29)20(22)4/h11-12,18-19,23-26,28-29H,4,6-10,13-17H2,1-3,5H3/b21-11+,22-12-/t19-,23-,24+,25-,26+,27+/m1/s1",5377,CC(C)CCC[C@@H](C)[C@@H]1CC[C@@H]2\C(=C\C=C/3\C[C@@H](O)C[C@H](O)C3=C)\CCC[C@@]12C,NA
Input,MLS001116189,-0.30070339,InputSig,NA,NA,LINCSCP_20075,HCC515,10uM,6h,lung,NA,NA,UMBCEWOZRUBUBU-UHFFFAOYSA-N,"InChI=1S/C18H18ClN5O3S2/c1-10(2)16-23-24-17(28-16)22-15(25)14-13(19)8-20-18(21-14)29(26,27)9-12-6-4-5-11(3)7-12/h4-8,10H,9H2,1-3H3,(H,22,24,25)",36669,CC(C)c1nnc(NC(=O)c2nc(ncc2Cl)S(=O)(=O)Cc3cccc(C)c3)s1,NA
Input,Ouabain,-0.30021317,InputSig,NA,NA,LINCSCP_26905,HT29,10uM,6h,large intestine,ATPase inhibitor,ATP1A1,LPMXVESGRSUGHW-HBYQJFLCSA-N,"InChI=1S/C29H44O12/c1-13-22(34)23(35)24(36)25(40-13)41-15-8-19(32)28(12-30)21-17(3-5-27(28,37)9-15)29(38)6-4-16(14-7-20(33)39-11-14)26(29,2)10-18(21)31/h7,13,15-19,21-25,30-32,34-38H,3-6,8-12H2,1-2H3/t13-,15-,16+,17+,18+,19+,21+,22-,23+,24+,25-,26+,27-,28+,29-/m0/s1",15585,C[C@@H]1O[C@@H](O[C@H]2C[C@@H](O)[C@]3(CO)[C@H]4[C@H](O)C[C@]5(C)[C@H](CC[C@]5(O)[C@@H]4CC[C@]3(O)C2)C6=CC(=O)OC6)[C@H](O)[C@H](O)[C@H]1O,4
Input,PX 12,-0.30014221,InputSig,NA,NA,LINCSCP_50544,PL21,30uM,6h,haematopoietic and lymphoid tissue,Thioredoxin inhibitor,TXN|TXNRD1,BPBPYQWMFCTCNG-UHFFFAOYSA-N,"InChI=1S/C7H12N2S2/c1-3-6(2)10-11-7-8-4-5-9-7/h4-6H,3H2,1-2H3,(H,8,9)",31830,CCC(C)SSc1ncc[nH]1,NA
Input,Etoposide,-0.29996203,InputSig,NA,NA,LINCSCP_1904,A375,10uM,6h,skin,DNA topoisomerase II inhibitor,TOP2A|TOP2B,VJJPUSNTGOMMGY-MRVIYFEKSA-N,"InChI=1S/C29H32O13/c1-11-36-9-20-27(40-11)24(31)25(32)29(41-20)42-26-14-7-17-16(38-10-39-17)6-13(14)21(22-15(26)8-37-28(22)33)12-4-18(34-2)23(30)19(5-12)35-3/h4-7,11,15,20-22,24-27,29-32H,8-10H2,1-3H3/t11-,15+,20-,21-,22+,24-,25-,26-,27-,29+/m1/s1",16543,COc1cc(cc(OC)c1O)[C@H]2[C@@H]3[C@H](COC3=O)[C@H](O[C@@H]4O[C@@H]5CO[C@@H](C)O[C@H]5[C@H](O)[C@H]4O)c6cc7OCOc7cc26,4
Input,VE-821,-0.29984829,InputSig,NA,NA,LINCSCP_149083,NPC,1.11uM,24h,neural progenitor cells,NA,NA,DUIHHZKTCSNTGM-UHFFFAOYSA-N,"InChI=1S/C18H16N4O3S/c1-26(24,25)14-9-7-12(8-10-14)15-11-20-17(19)16(22-15)18(23)21-13-5-3-2-4-6-13/h2-11H,1H3,(H2,19,20)(H,21,23)",9066,CS(=O)(=O)c1ccc(cc1)c2cnc(N)c(n2)C(=O)Nc3ccccc3,NA
Input,Niguldipine,-0.29925227,InputSig,NA,NA,LINCSCP_26955,HT29,10uM,6h,large intestine,Adrenergic receptor antagonist|Calcium channel blocker,ADRA1A|CACNA1C,SVJMLYUFVDMUHP-UHFFFAOYSA-N,"InChI=1S/C36H39N3O6/c1-25-31(34(40)44-3)33(27-12-10-17-30(24-27)39(42)43)32(26(2)37-25)35(41)45-23-11-20-38-21-18-36(19-22-38,28-13-6-4-7-14-28)29-15-8-5-9-16-29/h4-10,12-17,24,33,37H,11,18-23H2,1-3H3",15280,COC(=O)C1=C(C)NC(=C(C1c2cccc(c2)[N+](=O)[O-])C(=O)OCCCN3CCC(CC3)(c4ccccc4)c5ccccc5)C,NA
Input,Corvasal,-0.29906057,InputSig,NA,NA,LINCSCP_124007,HT29,10uM,24h,large intestine,NA,NA,XLFWDASMENKTKL-UHFFFAOYSA-O,"InChI=1S/C9H14N4O4/c1-2-16-9(14)10-8-7-13(11-17-8)12-3-5-15-6-4-12/h7H,2-6H2,1H3/p+1",7953,CCOC(=O)Nc1on[n+](c1)N2CCOCC2,NA
Input,MLS000682490,-0.29781516,InputSig,NA,NA,LINCSCP_25987,HT29,10uM,24h,large intestine,Beta-catenin inhibitor,OPRK1,JEJWQCTZDAJWOX-UHFFFAOYSA-N,"InChI=1S/C27H33N3O3S/c1-21(2)30(20-24-7-5-4-6-8-24)18-17-28-27(31)25-13-11-23(12-14-25)19-29-34(32,33)26-15-9-22(3)10-16-26/h4-16,21,29H,17-20H2,1-3H3,(H,28,31)",36191,CC(C)N(CCNC(=O)c1ccc(CNS(=O)(=O)c2ccc(C)cc2)cc1)Cc3ccccc3,NA
Input,Bardoxolone Methyl,-0.2976055,InputSig,NA,NA,LINCSCP_153949,PC3,3.33uM,24h,prostate,Inhibitor of nuclear factor kappa B kinase beta subunit inhibitor|Keap1/Nrf2 inhibitor|Peroxisome proliferator-activated receptor gamma antagonist,IKBKB|KEAP1|NFE2L2|PPARG,WPTTVJLTNAWYAO-KPOXMGGZSA-N,"InChI=1S/C32H43NO4/c1-27(2)11-13-32(26(36)37-8)14-12-31(7)24(20(32)17-27)21(34)15-23-29(5)16-19(18-33)25(35)28(3,4)22(29)9-10-30(23,31)6/h15-16,20,22,24H,9-14,17H2,1-8H3/t20-,22-,24-,29-,30+,31+,32-/m0/s1",26671,COC(=O)[C@]12CCC(C)(C)C[C@H]1[C@H]3C(=O)C=C4[C@@](C)(CC[C@H]5C(C)(C)C(=O)C(=C[C@]45C)C#N)[C@]3(C)CC2,3
Input,5-Nonyloxytryptamine,-0.2975379,InputSig,NA,NA,LINCSCP_26195,HT29,10uM,6h,large intestine,Serotonin receptor agonist,NA,YHSMSRREJYOGQJ-UHFFFAOYSA-N,"InChI=1S/C19H30N2O/c1-2-3-4-5-6-7-8-13-22-17-9-10-19-18(14-17)16(11-12-20)15-21-19/h9-10,14-15,21H,2-8,11-13,20H2,1H3",38619,CCCCCCCCCOc1ccc2[nH]cc(CCN)c2c1,NA
Input,MLS000038113,-0.29738749,InputSig,NA,NA,LINCSCP_16598,HA1E,10uM,6h,kidney epithelial,NA,NA,HKPDBQHHTHILOX-UHFFFAOYSA-N,"InChI=1S/C19H20FNO2/c20-17-8-6-16(7-9-17)19(22)18(15-4-2-1-3-5-15)14-21-10-12-23-13-11-21/h1-9,18H,10-14H2",18284,Fc1ccc(cc1)C(=O)C(CN2CCOCC2)c3ccccc3,NA
Input,Tivozanib,-0.29700193,InputSig,NA,NA,LINCSCP_164226,SKL.C,10uM,24h,NA,VEGFR inhibitor,FLT1|FLT4|KDR|KIT|PDGFRA|PDGFRB,SPMVMDHWKHCIDT-UHFFFAOYSA-N,"InChI=1S/C22H19ClN4O5/c1-12-8-21(27-32-12)26-22(28)25-16-5-4-13(9-15(16)23)31-18-6-7-24-17-11-20(30-3)19(29-2)10-14(17)18/h4-11H,1-3H3,(H2,25,26,27,28)",36799,COc1cc2nccc(Oc3ccc(NC(=O)Nc4cc(C)on4)c(Cl)c3)c2cc1OC,3
Input,ZM-39923,-0.29696422,InputSig,NA,NA,LINCSCP_307,A375,10uM,24h,skin,JAK inhibitor,NA,JSASWRWALCMOQP-UHFFFAOYSA-N,"InChI=1S/C23H25NO/c1-18(2)24(17-19-8-4-3-5-9-19)15-14-23(25)22-13-12-20-10-6-7-11-21(20)16-22/h3-13,16,18H,14-15,17H2,1-2H3",35745,CC(C)N(CCC(=O)c1ccc2ccccc2c1)Cc3ccccc3,NA
Input,Amuvatinib,-0.29694678,InputSig,NA,NA,LINCSCP_81725,A549,10uM,24h,lung,FLT3 inhibitor|KIT inhibitor|PDGFR tyrosine kinase receptor inhibitor|RAD51 inhibitor|RET tyrosine kinase inhibitor,FLT3|KIT|MET|PDGFRA,FOFDIMHVKGYHRU-UHFFFAOYSA-N,"InChI=1S/C23H21N5O3S/c32-23(24-12-15-5-6-18-19(11-15)30-14-29-18)28-9-7-27(8-10-28)22-21-20(25-13-26-22)16-3-1-2-4-17(16)31-21/h1-6,11,13H,7-10,12,14H2,(H,24,32)",17514,S=C(NCc1ccc2OCOc2c1)N3CCN(CC3)c4ncnc5c4oc6ccccc56,2
Input,CP466722,-0.29609481,InputSig,NA,NA,LINCSCP_24261,HS578T,1uM,24h,breast,ATM kinase inhibitor,ATM,ILBRKJBKDGCSCB-UHFFFAOYSA-N,"InChI=1S/C17H15N7O2/c1-25-13-7-10-12(8-14(13)26-2)20-9-21-16(10)24-17(18)22-15(23-24)11-5-3-4-6-19-11/h3-9H,1-2H3,(H2,18,22,23)",16627,COc1cc2ncnc(c2cc1OC)n3nc(nc3N)c4ccccn4,NA
Input,galantamine,-0.29603444,InputSig,NA,NA,LINCSCP_70488,A375,10uM,24h,skin,NA,NA,NA,NA,NA,NA,NA
Input,K114,-0.2959546,InputSig,NA,NA,LINCSCP_43305,NPC,10uM,6h,neural progenitor cells,NA,NA,OXPHQQMZTXMEGO-RJTULKDBSA-N,"InChI=1S/C22H17BrO2/c23-22-15-18(2-1-16-5-11-20(24)12-6-16)4-10-19(22)9-3-17-7-13-21(25)14-8-17/h1-15,24-25H/b2-1+,9-3+",17788,Oc1ccc(\C=C\c2ccc(\C=C\c3ccc(O)cc3)c(Br)c2)cc1,NA
Input,Pitavastatin Calcium,-0.29551096,InputSig,NA,NA,LINCSCP_31712,MCF7,10uM,6h,breast,HMGCR inhibitor,HMGCR,VGYFMXBACGZSIL-MCBHFWOFSA-N,"InChI=1S/C25H24FNO4/c26-17-9-7-15(8-10-17)24-20-3-1-2-4-22(20)27-25(16-5-6-16)21(24)12-11-18(28)13-19(29)14-23(30)31/h1-4,7-12,16,18-19,28-29H,5-6,13-14H2,(H,30,31)/b12-11+/t18-,19-/m1/s1",27006,O[C@H](C[C@H](O)\C=C\c1c(nc2ccccc2c1c3ccc(F)cc3)C4CC4)CC(=O)O,4
Input,Heliomycin,-0.29508419,InputSig,NA,NA,LINCSCP_59596,VCAP,10uM,6h,prostate,ATP synthase inhibitor|Other antibiotic,NA,ABLACSIRCKEUOB-UHFFFAOYSA-N,"InChI=1S/C22H16O6/c1-7-4-9(23)15-18-13(7)10(24)5-8-14(18)19-16(20(15)27)11(25)6-12(26)17(19)21(28)22(8,2)3/h4-6,23-26H,1-3H3",16387,Cc1cc(O)c2C(=O)c3c(O)cc(O)c4C(=O)C(C)(C)c5cc(O)c1c2c5c34,NA
Input,BRD-K39647256,-0.29504539,InputSig,NA,NA,LINCSCP_28354,HT29,10uM,24h,large intestine,NA,NA,MGGTXCHPOZATJI-KHMOSXFSSA-N,"InChI=1S/C26H24FN3O3S/c1-29-23-11-10-18(8-9-19-5-4-13-28-16-19)15-21(23)26-20(24(29)17-31)12-14-30(26)34(32,33)25-7-3-2-6-22(25)27/h2-7,10-11,13,15-16,20,24,26,31H,12,14,17H2,1H3/t20-,24+,26-/m0/s1",11394,CN1[C@H](CO)[C@@H]2CCN([C@@H]2c3cc(ccc13)C#Cc4cccnc4)S(=O)(=O)c5ccccc5F,NA
Input,LRRK2-IN-1,-0.29484675,InputSig,NA,NA,LINCSCP_11880,BT20,10uM,6h,breast,Leucine rich repeat kinase inhibitor,LRRK2,IWMCPJZTADUIFX-UHFFFAOYSA-N,"InChI=1S/C31H38N8O3/c1-35-15-17-38(18-16-35)22-11-13-39(14-12-22)29(40)21-9-10-24(27(19-21)42-4)33-31-32-20-26-28(34-31)36(2)25-8-6-5-7-23(25)30(41)37(26)3/h5-10,19-20,22H,11-18H2,1-4H3,(H,32,33,34)",15130,COc1cc(ccc1Nc2ncc3N(C)C(=O)c4ccccc4N(C)c3n2)C(=O)N5CCC(CC5)N6CCN(C)CC6,NA
Input,SPOX1_000651,-0.29471118,InputSig,NA,NA,LINCSCP_58583,VCAP,10uM,24h,prostate,NA,NA,UKEFKMJMFRIXER-YPLGXPHSSA-N,"InChI=1S/C46H43N3O10/c1-4-24-47-41(51)36-38-44(54)59-39(30-17-9-6-10-18-30)37(29-15-7-5-8-16-29)49(38)40(31-19-11-12-21-35(31)58-26-25-50)46(36)33-27-28(22-23-34(33)48-45(46)55)14-13-20-32(42(52)56-2)43(53)57-3/h4-12,15-19,21-23,27,32,36-40,50H,1,20,24-26H2,2-3H3,(H,47,51)(H,48,55)/t36-,37-,38-,39+,40+,46-/m0/s1",1418,COC(=O)C(CC#Cc1ccc2NC(=O)[C@]3([C@@H]([C@@H]4N([C@H]([C@H](OC4=O)c5ccccc5)c6ccccc6)[C@@H]3c7ccccc7OCCO)C(=O)NCC=C)c2c1)C(=O)OC,NA
Input,CHEMBL2140299,-0.29389336,InputSig,NA,NA,LINCSCP_27227,HT29,10uM,6h,large intestine,NA,NA,YPKBHAMQCQAOQB-LSJJIYBBSA-N,"InChI=1S/C39H43F3N6O5/c1-24-20-48(25(2)23-49)36(50)19-28-18-31(45-38(52)44-30-14-12-29(13-15-30)39(40,41)42)16-17-34(28)53-35(24)22-47(3)21-26-8-10-27(11-9-26)37(51)46-33-7-5-4-6-32(33)43/h4-18,24-25,35,49H,19-23,43H2,1-3H3,(H,46,51)(H2,44,45,52)/t24-,25+,35-/m0/s1",39898,C[C@H](CO)N1C[C@H](C)[C@H](CN(C)Cc2ccc(cc2)C(=O)Nc3ccccc3N)Oc4ccc(NC(=O)Nc5ccc(cc5)C(F)(F)F)cc4CC1=O,NA
Input,Linifanib,-0.29383407,InputSig,NA,NA,LINCSCP_69518,A375,10uM,24h,skin,PDGFR tyrosine kinase receptor inhibitor|VEGFR inhibitor,CSF1R|FLT1|FLT3|FLT4|KDR|PDGFRA|PDGFRB,MPVGZUGXCQEXTM-UHFFFAOYSA-N,"InChI=1S/C21H18FN5O/c1-12-5-10-16(22)18(11-12)25-21(28)24-14-8-6-13(7-9-14)15-3-2-4-17-19(15)20(23)27-26-17/h2-11H,1H3,(H3,23,26,27)(H2,24,25,28)",17603,Cc1ccc(F)c(NC(=O)Nc2ccc(cc2)c3cccc4[nH]nc(N)c34)c1,3
Input,SCHEMBL2394914,-0.29361792,InputSig,NA,NA,LINCSCP_25281,HT29,10uM,24h,large intestine,EGFR inhibitor,EGFR,JUGSLZCFNSTKBN-UHFFFAOYSA-N,"InChI=1S/C22H27ClFN7/c1-3-30(4-2)13-15-7-9-31(10-8-15)22-25-12-19-20(29-22)21(27-14-26-19)28-16-5-6-18(24)17(23)11-16/h5-6,11-12,14-15H,3-4,7-10,13H2,1-2H3,(H,26,27,28)",35812,CCN(CC)CC1CCN(CC1)c2ncc3ncnc(Nc4ccc(F)c(Cl)c4)c3n2,NA
Input,Tivantinib,-0.29345356,InputSig,NA,NA,LINCSCP_69699,A375,0.37uM,24h,skin,Tyrosine kinase inhibitor,MET,UCEQXRCJXIVODC-PMACEKPBSA-N,"InChI=1S/C23H19N3O2/c27-22-19(16-11-24-18-9-2-1-7-14(16)18)20(23(28)25-22)17-12-26-10-4-6-13-5-3-8-15(17)21(13)26/h1-3,5,7-9,11-12,19-20,24H,4,6,10H2,(H,25,27,28)/t19-,20-/m0/s1",37812,O=C1NC(=O)[C@H]([C@@H]1c2c[nH]c3ccccc23)c4cn5CCCc6cccc4c56,3
Input,Thiostrepton,-0.29338355,InputSig,NA,NA,LINCSCP_46893,PC3,10uM,6h,prostate,FOXM1 inhibitor|Protein synthesis inhibitor,FOXM1,NSFFHOGKXHRQEW-DVRIZHICSA-N,"InChI=1S/C72H85N19O18S5/c1-14-26(3)47-63(105)78-30(7)57(99)75-28(5)56(98)76-31(8)58(100)91-72-19-18-40(66-85-43(22-111-66)59(101)77-29(6)55(97)74-27(4)54(73)96)81-52(72)42-21-112-67(83-42)49(34(11)109-69(107)41-20-37(32(9)92)36-16-17-39(79-47)51(95)50(36)80-41)89-60(102)44-24-113-68(86-44)53(71(13,108)35(12)94)90-62(104)45-23-110-65(84-45)38(15-2)82-64(106)48(33(10)93)88-61(103)46-25-114-70(72)87-46/h15-17,20-22,24-26,30-35,39,45,47-49,51-53,79,92-95,108H,4-6,14,18-19,23H2,1-3,7-13H3,(H2,73,96)(H,74,97)(H,75,99)(H,76,98)(H,77,101)(H,78,105)(H,82,106)(H,88,103)(H,89,102)(H,90,104)(H,91,100)/b38-15+",5364,CCC(C)C1NC2C=Cc3c(cc(nc3C2O)C(=O)OC(C)C4NC(=O)c5csc(n5)C(NC(=O)C6CSC(=N6)\C(=C/C)\NC(=O)C(NC(=O)c7csc(n7)C8(CCC(=NC8c9csc4n9)c%10nc(cs%10)C(=O)NC(=C)C(=O)NC(=C)C(=O)N)NC(=O)C(C)NC(=O)C(=C)NC(=O)C(C)NC1=O)C(C)O)C(C)(O)C(C)O)C(C)O,NA
Input,Thiostrepton,-0.29338355,InputSig,NA,NA,LINCSCP_46893,PC3,10uM,6h,prostate,FOXM1 inhibitor|Protein synthesis inhibitor,FOXM1,NSFFHOGKXHRQEW-IGZQDAKXSA-N,"InChI=1S/C72H85N19O18S5/c1-14-26(3)47-63(105)78-30(7)57(99)75-28(5)56(98)76-31(8)58(100)91-72-19-18-40(66-85-43(22-111-66)59(101)77-29(6)55(97)74-27(4)54(73)96)81-52(72)42-21-112-67(83-42)49(34(11)109-69(107)41-20-37(32(9)92)36-16-17-39(79-47)51(95)50(36)80-41)89-60(102)44-24-113-68(86-44)53(71(13,108)35(12)94)90-62(104)45-23-110-65(84-45)38(15-2)82-64(106)48(33(10)93)88-61(103)46-25-114-70(72)87-46/h15-17,20-22,24-26,30-35,39,45,47-49,51-53,79,92-95,108H,4-6,14,18-19,23H2,1-3,7-13H3,(H2,73,96)(H,74,97)(H,75,99)(H,76,98)(H,77,101)(H,78,105)(H,82,106)(H,88,103)(H,89,102)(H,90,104)(H,91,100)/t26?,30-,31-,32-,33+,34+,35+,39+,45+,47-,48-,49-,51-,52-,53+,71-,72+/m0/s1",22302,CCC(C)[C@@H]1N[C@@H]2C=Cc3c(cc(nc3[C@H]2O)C(=O)O[C@H](C)[C@@H]4NC(=O)c5csc(n5)[C@@H](NC(=O)[C@H]6CSC(=N6)C(=CC)NC(=O)[C@@H](NC(=O)c7csc(n7)[C@]8(CCC(=N[C@H]8c9csc4n9)c%10nc(cs%10)C(=O)NC(=C)C(=O)NC(=C)C(=O)N)NC(=O)[C@H](C)NC(=O)C(=C)NC(=O)[C@H](C)NC1=O)[C@@H](C)O)[C@@](C)(O)[C@@H](C)O)[C@H](C)O,NA
Input,BRD-K04309313,-0.29331238,InputSig,NA,NA,LINCSCP_48719,PC3,10uM,24h,prostate,NA,NA,KBDYTXJNXXZTGD-OVWOLCBMSA-N,"InChI=1S/C33H37N3O5S/c1-24-20-36(25(2)23-37)42(38,39)33-14-11-28(27-15-17-34-18-16-27)19-31(33)41-32(24)22-35(3)21-26-9-12-30(13-10-26)40-29-7-5-4-6-8-29/h4-19,24-25,32,37H,20-23H2,1-3H3/t24-,25+,32-/m1/s1",11704,C[C@@H](CO)N1C[C@@H](C)[C@@H](CN(C)Cc2ccc(Oc3ccccc3)cc2)Oc4cc(ccc4S1(=O)=O)c5ccncc5,NA
Input,Deoxycholic acid,-0.29325489,InputSig,NA,NA,LINCSCP_122932,HT29,10uM,24h,large intestine,Biliverdin reductase A activator|G protein coupled receptor agonist|G protein-coupled receptor agonist|Unidentified pharmacological activity,GPBAR1,KXGVEGMKQFWNSR-LLQZFEROSA-N,"InChI=1S/C24H40O4/c1-14(4-9-22(27)28)18-7-8-19-17-6-5-15-12-16(25)10-11-23(15,2)20(17)13-21(26)24(18,19)3/h14-21,25-26H,4-13H2,1-3H3,(H,27,28)/t14-,15-,16-,17+,18-,19+,20+,21+,23+,24-/m1/s1",16337,C[C@H](CCC(=O)O)[C@H]1CC[C@H]2[C@@H]3CC[C@@H]4C[C@H](O)CC[C@]4(C)[C@H]3C[C@H](O)[C@]12C,4
Input,CHEMBL2131306,-0.29317836,InputSig,NA,NA,LINCSCP_48941,PC3,10uM,24h,prostate,NA,NA,CDIQXANOTLSTIU-CAMFVRPXSA-N,"InChI=1S/C42H46N6O5/c1-27-23-48(28(2)26-49)40(50)22-32-21-33(44-42(52)46-36-14-8-10-30-9-4-5-11-34(30)36)19-20-38(32)53-39(27)25-47(3)24-29-15-17-31(18-16-29)41(51)45-37-13-7-6-12-35(37)43/h4-21,27-28,39,49H,22-26,43H2,1-3H3,(H,45,51)(H2,44,46,52)/t27-,28-,39-/m0/s1",40069,C[C@@H](CO)N1C[C@H](C)[C@H](CN(C)Cc2ccc(cc2)C(=O)Nc3ccccc3N)Oc4ccc(NC(=O)Nc5cccc6ccccc56)cc4CC1=O,NA
Input,Rabusertib,-0.29270554,InputSig,NA,NA,LINCSCP_88958,HA1E,10uM,24h,kidney epithelial,Serine/threonine-protein kinase Chk1  inhibitor,CHEK1,SYYBDNPGDKKJDU-ZDUSSCGKSA-N,"InChI=1S/C18H22BrN5O3/c1-11-5-16(27-10-13-8-20-3-4-26-13)15(6-14(11)19)23-18(25)24-17-9-21-12(2)7-22-17/h5-7,9,13,20H,3-4,8,10H2,1-2H3,(H2,22,23,24,25)/t13-/m0/s1",39887,Cc1cnc(NC(=O)Nc2cc(Br)c(C)cc2OC[C@@H]3CNCCO3)cn1,2
Input,Simvastatin,-0.29238269,InputSig,NA,NA,LINCSCP_167642,YAPC,10uM,24h,pancreas,HMG-CoA reductase inhibitor,HMGCR,RYMZZMVNJRMUDD-HGQWONQESA-N,"InChI=1S/C25H38O5/c1-6-25(4,5)24(28)30-21-12-15(2)11-17-8-7-16(3)20(23(17)21)10-9-19-13-18(26)14-22(27)29-19/h7-8,11,15-16,18-21,23,26H,6,9-10,12-14H2,1-5H3/t15-,16-,18+,19+,20-,21-,23-/m0/s1",35607,CCC(C)(C)C(=O)O[C@H]1C[C@@H](C)C=C2C=C[C@H](C)[C@H](CC[C@@H]3C[C@@H](O)CC(=O)O3)[C@@H]12,4
Input,MLS002264388,-0.2918397,InputSig,NA,NA,LINCSCP_57705,VCAP,10uM,6h,prostate,NA,NA,DIBSYMDYKOPATM-UHFFFAOYSA-N,"InChI=1S/C26H29FN8O2/c1-25(2,3)34-21-18(10-30-34)23(36)32(14-28-21)12-16-8-7-9-17(20(16)27)13-33-15-29-22-19(24(33)37)11-31-35(22)26(4,5)6/h7-11,14-15H,12-13H2,1-6H3",36047,CC(C)(C)n1ncc2C(=O)N(Cc3cccc(CN4C=Nc5c(cnn5C(C)(C)C)C4=O)c3F)C=Nc12,NA
Input,YL-54,-0.29177092,InputSig,NA,NA,LINCSCP_3099,A375,10uM,6h,skin,NA,NA,RHVIOOGDCUZPSJ-DTPFTBJGSA-N,"InChI=1S/C87H155N29O21S/c1-15-49(8)66(114-73(128)55(28-24-38-100-84(93)94)105-69(124)53(26-22-36-98-82(89)90)104-64(119)32-40-97-52(11)117)78(133)116-87(13)35-21-19-17-16-18-20-34-86(12,115-77(132)61(44-48(6)7)112-75(130)60(43-47(4)5)111-72(127)57(33-41-138-14)113-81(87)137)80(136)103-51(10)67(122)102-50(9)68(123)109-62(45-63(88)118)76(131)106-54(27-23-37-99-83(91)92)70(125)110-59(42-46(2)3)74(129)107-56(30-31-65(120)121)71(126)108-58(79(134)135)29-25-39-101-85(95)96/h16-17,46-51,53-62,66H,15,18-45H2,1-14H3,(H2,88,118)(H,97,117)(H,102,122)(H,103,136)(H,104,119)(H,105,124)(H,106,131)(H,107,129)(H,108,126)(H,109,123)(H,110,125)(H,111,127)(H,112,130)(H,113,137)(H,114,128)(H,115,132)(H,116,133)(H,120,121)(H,134,135)(H4,89,90,98)(H4,91,92,99)(H4,93,94,100)(H4,95,96,101)/b17-16-/t49-,50-,51-,53-,54-,55-,56-,57-,58-,59-,60-,61-,62-,66-,86+,87+/m0/s1",5614,CC[C@H](C)[C@H](NC(=O)[C@H](CCCNC(=N)N)NC(=O)[C@H](CCCNC(=N)N)NC(=O)CCNC(=O)C)C(=O)N[C@]1(C)CCC\C=C/CCC[C@@](C)(NC(=O)[C@H](CC(C)C)NC(=O)[C@H](CC(C)C)NC(=O)[C@H](CCSC)NC1=O)C(=O)N[C@@H](C)C(=O)N[C@@H](C)C(=O)N[C@@H](CC(=O)N)C(=O)N[C@@H](CCCNC(=N)N)C(=O)N[C@@H](CC(C)C)C(=O)N[C@@H](CCC(=O)O)C(=O)N[C@@H](CCCNC(=N)N)C(=O)O,NA
Input,2-Bromo-n-(2-phenylethyl)acetamide,-0.29134623,InputSig,NA,NA,LINCSCP_43318,NPC,10uM,6h,neural progenitor cells,NA,NA,NIFSTJXZBDBHDF-UHFFFAOYSA-N,"InChI=1S/C10H12BrNO/c11-8-10(13)12-7-6-9-4-2-1-3-5-9/h1-5H,6-8H2,(H,12,13)",30891,BrCC(=O)NCCc1ccccc1,NA
Input,1268524-70-4,-0.29134276,InputSig,NA,NA,LINCSCP_86960,CD34,1.11uM,24h,bone marrow,NA,NA,DNVXATUJJDPFDM-KRWDZBQOSA-N,"InChI=1S/C23H25ClN4O2S/c1-12-13(2)31-22-19(12)20(15-7-9-16(24)10-8-15)25-17(11-18(29)30-23(4,5)6)21-27-26-14(3)28(21)22/h7-10,17H,11H2,1-6H3/t17-/m0/s1",40383,Cc1sc2c(C(=N[C@@H](CC(=O)OC(C)(C)C)c3nnc(C)n23)c4ccc(Cl)cc4)c1C,NA
Input,SCHEMBL14379041,-0.29133387,InputSig,NA,NA,LINCSCP_54276,SW620,10uM,6h,large intestine,PPAR receptor agonist,PPARG,VHRUMKCAEVRUBK-IMTKWVLRSA-N,"InChI=1S/C20H28O3/c1-2-3-4-5-6-10-13-18-17(15-16-19(18)21)12-9-7-8-11-14-20(22)23/h6-7,9-10,13,15-17H,2-5,8,11-12,14H2,1H3,(H,22,23)/b9-7+,10-6+,18-13+/t17-/m0/s1",3281,CCCCC\C=C\C=C\1/[C@@H](C\C=C\CCCC(=O)O)C=CC1=O,NA
Input,BG-1028,-0.29059472,InputSig,NA,NA,LINCSCP_43676,NPC,10uM,6h,neural progenitor cells,NA,NA,MSBSKEZZBZJPHP-CPNJWEJPSA-N,"InChI=1S/C18H21N3O3S/c22-17(6-2-1-3-7-18(23)21-24)20-19-13-14-8-10-15(11-9-14)16-5-4-12-25-16/h4-5,8-13,24H,1-3,6-7H2,(H,20,22)(H,21,23)/b19-13+",22061,ONC(=O)CCCCCC(=O)NN=Cc1ccc(cc1)c2cccs2,NA
Input,bupivacaine,-0.29025445,InputSig,NA,NA,LINCSCP_119174,HT29,10uM,24h,large intestine,NA,NA,NA,NA,NA,NA,NA
Input,BRD-K51556300-001-01-9,-0.28986151,InputSig,NA,NA,LINCSCP_27222,HT29,10uM,6h,large intestine,NA,NA,VYCOOHAMPRTWAW-UTLSLIQUSA-N,"InChI=1S/C43H53N5O5/c1-30-26-48(31(2)29-49)43(52)25-35-24-36(45-41(50)16-8-5-9-17-42(51)46-38-15-11-10-14-37(38)44)22-23-39(35)53-40(30)28-47(3)27-32-18-20-34(21-19-32)33-12-6-4-7-13-33/h4,6-7,10-15,18-24,30-31,40,49H,5,8-9,16-17,25-29,44H2,1-3H3,(H,45,50)(H,46,51)/t30-,31+,40-/m1/s1",33016,C[C@@H](CO)N1C[C@@H](C)[C@@H](CN(C)Cc2ccc(cc2)c3ccccc3)Oc4ccc(NC(=O)CCCCCC(=O)Nc5ccccc5N)cc4CC1=O,NA
Input,CID 46937236,-0.28977314,InputSig,NA,NA,LINCSCP_45642,PC3,10uM,24h,prostate,NA,NA,OYBBUXRKEHCUIG-UHFFFAOYSA-N,"InChI=1S/C23H26N4O2/c1-2-20-15-9-10-16-26(20)22(28)27-17-21(24-25-27)23(29,18-11-5-3-6-12-18)19-13-7-4-8-14-19/h3-8,11-14,17,20,29H,2,9-10,15-16H2,1H3",24651,CCC1CCCCN1C(=O)n2cc(nn2)C(O)(c3ccccc3)c4ccccc4,NA
Input,NSC25485,-0.28934273,InputSig,NA,NA,LINCSCP_25153,HT29,10uM,6h,large intestine,ATPase inhibitor,ATP1A1,LPMXVESGRSUGHW-UHFFFAOYSA-N,"InChI=1S/C29H44O12/c1-13-22(34)23(35)24(36)25(40-13)41-15-8-19(32)28(12-30)21-17(3-5-27(28,37)9-15)29(38)6-4-16(14-7-20(33)39-11-14)26(29,2)10-18(21)31/h7,13,15-19,21-25,30-32,34-38H,3-6,8-12H2,1-2H3",22412,CC1OC(OC2CC(O)C3(CO)C4C(O)CC5(C)C(CCC5(O)C4CCC3(O)C2)C6=CC(=O)OC6)C(O)C(O)C1O,NA
Input,ZINC4521332,-0.28930407,InputSig,NA,NA,LINCSCP_47631,PC3,10uM,24h,prostate,HMGCR inhibitor,HMGCR,AJLFOPYRIVGYMJ-GJYIOPSLSA-N,"InChI=1S/C23H34O5/c1-4-14(2)23(26)28-20-7-5-6-16-9-8-15(3)19(22(16)20)11-10-18-12-17(24)13-21(25)27-18/h6,8-9,14-15,17-20,22,24H,4-5,7,10-13H2,1-3H3/t14-,15-,17+,18+,19-,20-,22+/m0/s1",229,CC[C@H](C)C(=O)O[C@H]1CCC=C2C=C[C@H](C)[C@H](CC[C@@H]3C[C@@H](O)CC(=O)O3)[C@H]12,NA
Input,Sorafenib,-0.28904382,InputSig,NA,NA,LINCSCP_163850,SKBR3,10uM,3h,breast,FLT3 inhibitor|KIT inhibitor|PDGFR tyrosine kinase receptor inhibitor|RAF inhibitor|RET tyrosine kinase inhibitor|VEGFR inhibitor,BRAF|DDR2|FGFR1|FLT1|FLT3|FLT4|KDR|KIT|PDGFRB|RAF1|RET,MLDQJTXFUGDVEO-UHFFFAOYSA-N,"InChI=1S/C21H16ClF3N4O3/c1-26-19(30)18-11-15(8-9-27-18)32-14-5-2-12(3-6-14)28-20(31)29-13-4-7-17(22)16(10-13)21(23,24)25/h2-11H,1H3,(H,26,30)(H2,28,29,31)",16626,CNC(=O)c1cc(Oc2ccc(NC(=O)Nc3ccc(Cl)c(c3)C(F)(F)F)cc2)ccn1,4
Input,BDBM29595,-0.28901259,InputSig,NA,NA,LINCSCP_43677,NPC,10uM,6h,neural progenitor cells,NA,NA,QCPBJKRCLFMXLT-LICLKQGHSA-N,"InChI=1S/C15H20BrN3O4/c1-23-12-7-8-13(16)11(9-12)10-17-18-14(20)5-3-2-4-6-15(21)19-22/h7-10,22H,2-6H2,1H3,(H,18,20)(H,19,21)/b17-10+",8,COc1ccc(Br)c(\C=N\NC(=O)CCCCCC(=O)NO)c1,NA
Input,BRD-A70541707,-0.28895105,InputSig,NA,NA,LINCSCP_41158,NEU,10uM,24h,NA,NA,NA,REEBVIZJIHXSIU-UHFFFAOYSA-N,"InChI=1S/C17H17ClN2O3S/c1-19(2)8-11(21)9-20-12-5-10(18)3-4-16(12)24-17-7-15(23)14(22)6-13(17)20/h3-7,11,21H,8-9H2,1-2H3",31647,CN(C)CC(O)CN1C2=CC(=O)C(=O)C=C2Sc3ccc(Cl)cc13,NA
Input,BG-1026,-0.28887398,InputSig,NA,NA,LINCSCP_43629,NPC,10uM,6h,neural progenitor cells,NA,NA,SOSXJHXYTVYMTE-FYJGNVAPSA-N,"InChI=1S/C19H22N4O3/c24-18(6-2-1-3-7-19(25)23-26)22-21-13-15-8-10-16(11-9-15)17-5-4-12-20-14-17/h4-5,8-14,26H,1-3,6-7H2,(H,22,24)(H,23,25)/b21-13+",22060,ONC(=O)CCCCCC(=O)NN=Cc1ccc(cc1)c2cccnc2,NA
Input,"Ingenol 3,20-dibenzoate",-0.28879687,InputSig,NA,NA,LINCSCP_10303,A673,10uM,6h,bone,PKC activator,PRKCD|PRKCE,GIMKEHNOTHXONN-UHFFFAOYSA-N,"InChI=1S/C34H36O7/c1-19-17-33-20(2)15-25-26(32(25,3)4)24(28(33)36)16-23(18-40-30(37)21-11-7-5-8-12-21)27(35)34(33,39)29(19)41-31(38)22-13-9-6-10-14-22/h5-14,16-17,20,24-27,29,35,39H,15,18H2,1-4H3",1392,CC1CC2C(C3C=C(COC(=O)c4ccccc4)C(O)C5(O)C(OC(=O)c6ccccc6)C(=CC15C3=O)C)C2(C)C,NA
Input,MLS000718932,-0.28878944,InputSig,NA,NA,LINCSCP_5649,A549,10uM,6h,lung,NA,NA,LKBYYUZEKINDPS-UHFFFAOYSA-N,"InChI=1S/C10H13N5O2/c1-4-5-6-11-7-8(15(3)13-6)12-10(17)14(2)9(7)16/h4-5H2,1-3H3",15531,CCCC1=NN(C)C2=NC(=O)N(C)C(=O)C2=N1,NA
Input,MG-132,-0.28839081,InputSig,NA,NA,LINCSCP_9841,A549,0.5uM,6h,lung,Proteasome inhibitor,PSMB1,TZYWCYJVHRLUCT-VABKMULXSA-N,"InChI=1S/C26H41N3O5/c1-17(2)12-21(15-30)27-24(31)22(13-18(3)4)28-25(32)23(14-19(5)6)29-26(33)34-16-20-10-8-7-9-11-20/h7-11,15,17-19,21-23H,12-14,16H2,1-6H3,(H,27,31)(H,28,32)(H,29,33)/t21-,22-,23-/m0/s1",35280,CC(C)C[C@H](NC(=O)[C@H](CC(C)C)NC(=O)[C@H](CC(C)C)NC(=O)OCc1ccccc1)C=O,NA
Input,EMD-1214063,-0.2882387,InputSig,NA,NA,LINCSCP_127612,HT29,10uM,24h,large intestine,Hepatocyte growth factor receptor inhibitor,MET,AHYMHWXQRWRBKT-UHFFFAOYSA-N,"InChI=1S/C29H28N6O2/c1-34-12-10-21(11-13-34)20-37-26-17-31-29(32-18-26)25-7-3-5-23(15-25)19-35-28(36)9-8-27(33-35)24-6-2-4-22(14-24)16-30/h2-9,14-15,17-18,21H,10-13,19-20H2,1H3",26757,CN1CCC(COc2cnc(nc2)c3cccc(CN4N=C(C=CC4=O)c5cccc(c5)C#N)c3)CC1,2
Input,Bntx,-0.28799296,InputSig,NA,NA,LINCSCP_41177,NEU,10uM,24h,NA,Opioid receptor antagonist,OPRD1,WXOUFNFMPVMGFZ-BDQAUFNLSA-N,"InChI=1S/C27H27NO4/c29-20-9-8-18-13-21-27(31)14-19(12-16-4-2-1-3-5-16)23(30)25-26(27,22(18)24(20)32-25)10-11-28(21)15-17-6-7-17/h1-5,8-9,12,17,21,25,29,31H,6-7,10-11,13-15H2/b19-12+/t21-,25+,26+,27-/m1/s1",17789,Oc1ccc2C[C@H]3N(CC4CC4)CC[C@@]56[C@@H](Oc1c25)C(=O)\C(=C\c7ccccc7)\C[C@@]36O,NA
Input,Iodoacetic acid,-0.28769736,InputSig,NA,NA,LINCSCP_17018,HA1E,10uM,6h,kidney epithelial,Cysteine peptidase inhibitor,NA,JDNTWHVOXJZDSN-UHFFFAOYSA-N,"InChI=1S/C2H3IO2/c3-1-2(4)5/h1H2,(H,4,5)",36552,OC(=O)CI,NA
Input,BRD-K46489288,-0.28717068,InputSig,NA,NA,LINCSCP_298547,VCAP,5uM,6h,prostate,NA,NA,QUERDMQYNZTGQF-UMEGOILYSA-N,"InChI=1S/C28H29FN4O5S/c1-19-16-33(20(2)18-34)28(35)23-13-22(11-10-21-7-6-12-30-14-21)15-31-27(23)38-25(19)17-32(3)39(36,37)26-9-5-4-8-24(26)29/h4-9,12-15,19-20,25,34H,16-18H2,1-3H3/t19-,20-,25-/m1/s1",23606,C[C@H](CO)N1C[C@@H](C)[C@@H](CN(C)S(=O)(=O)c2ccccc2F)Oc3ncc(cc3C1=O)C#Cc4cccnc4,NA
Input,BX 912,-0.28714884,InputSig,NA,NA,LINCSCP_132097,MCF7,3.33uM,24h,breast,Pyruvate dehydrogenase kinase inhibitor,PDK1|PDPK1,DMMILYKXNCVKOJ-UHFFFAOYSA-N,"InChI=1S/C20H23BrN8O/c21-17-12-24-19(28-18(17)23-7-6-16-11-22-13-25-16)26-14-4-3-5-15(10-14)27-20(30)29-8-1-2-9-29/h3-5,10-13H,1-2,6-9H2,(H,22,25)(H,27,30)(H2,23,24,26,28)",22132,Brc1cnc(Nc2cccc(NC(=O)N3CCCC3)c2)nc1NCCc4c[nH]cn4,NA
Input,MLN-8054,-0.28668251,InputSig,NA,NA,LINCSCP_70458,A375,10uM,24h,skin,Aurora kinase inhibitor|Mitotic inhibitor|Protein kinase inhibitor,AURKA,HHFBDROWDBDFBR-UHFFFAOYSA-N,"InChI=1S/C25H15ClF2N4O2/c26-15-6-9-17-18(10-15)23(21-19(27)2-1-3-20(21)28)29-11-14-12-30-25(32-22(14)17)31-16-7-4-13(5-8-16)24(33)34/h1-10,12H,11H2,(H,33,34)(H,30,31,32)",15127,OC(=O)c1ccc(Nc2ncc3CN=C(c4cc(Cl)ccc4c3n2)c5c(F)cccc5F)cc1,1
Input,CHEMBL2355053,-0.28647294,InputSig,NA,NA,LINCSCP_60233,VCAP,5uM,24h,prostate,NA,NA,KSASPYMRGHUFQD-SEXOINJZSA-N,"InChI=1S/C29H33FN2O6S/c1-19-15-32(20(2)18-33)39(36,37)28-13-10-22(21-8-11-24(30)12-9-21)14-26(28)38-27(19)17-31(3)16-23-6-4-5-7-25(23)29(34)35/h4-14,19-20,27,33H,15-18H2,1-3H3,(H,34,35)/t19-,20-,27-/m1/s1",37070,C[C@H](CO)N1C[C@@H](C)[C@@H](CN(C)Cc2ccccc2C(=O)O)Oc3cc(ccc3S1(=O)=O)c4ccc(F)cc4,NA
Input,SA-1921085,-0.28640111,InputSig,NA,NA,LINCSCP_28266,HT29,10uM,24h,large intestine,NA,NA,OWCQDSOVMCWDRH-KLJDGLGGSA-N,"InChI=1S/C27H35N3O3S/c1-21-9-4-5-11-26(21)34(32,33)29-17-6-7-18-30-24(19-29)27(25(30)20-31)23-14-12-22(13-15-23)10-8-16-28(2)3/h4-5,9,11-15,24-25,27,31H,6-7,16-20H2,1-3H3/t24-,25-,27-/m0/s1",33175,CN(C)CC#Cc1ccc(cc1)[C@@H]2[C@H](CO)N3CCCCN(C[C@@H]23)S(=O)(=O)c4ccccc4C,NA
Input,"1,4-Chrysenequinone",-0.28581344,InputSig,NA,NA,LINCSCP_47624,PC3,10uM,24h,prostate,DNA mismatch binding,NA,UORKIKBNUWJNJF-UHFFFAOYSA-N,InChI=1S/C18H10O2/c19-16-9-10-17(20)18-14-6-5-11-3-1-2-4-12(11)13(14)7-8-15(16)18/h1-10H,36432,O=C1C=CC(=O)c2c1ccc3c2ccc4ccccc34,NA
Input,CGK733,-0.28578905,InputSig,NA,NA,LINCSCP_28901,HUH7,10uM,6h,liver,ATM kinase inhibitor|ATR kinase inhibitor,ATM|ATR,HLCDNLNLQNYZTK-UHFFFAOYSA-N,"InChI=1S/C23H18Cl3FN4O3S/c24-23(25,26)21(30-22(35)28-16-11-12-17(27)18(13-16)31(33)34)29-20(32)19(14-7-3-1-4-8-14)15-9-5-2-6-10-15/h1-13,19,21H,(H,29,32)(H2,28,30,35)",15256,[O-][N+](=O)c1cc(NC(=S)NC(NC(=O)C(c2ccccc2)c3ccccc3)C(Cl)(Cl)Cl)ccc1F,NA
Input,GR-127935,-0.28554471,InputSig,NA,NA,LINCSCP_55632,VCAP,10uM,24h,prostate,Serotonin receptor antagonist,HTR1A|HTR1B|HTR1D|HTR2A|HTR2C,YDBCEBYHYKAFRX-UHFFFAOYSA-N,"InChI=1S/C29H31N5O3/c1-19-17-23(28-30-20(2)37-32-28)9-11-25(19)21-5-7-22(8-6-21)29(35)31-24-10-12-27(36-4)26(18-24)34-15-13-33(3)14-16-34/h5-12,17-18H,13-16H2,1-4H3,(H,31,35)",15419,COc1ccc(NC(=O)c2ccc(cc2)c3ccc(cc3C)c4noc(C)n4)cc1N5CCN(C)CC5,NA
Input,MLS003329220,-0.28551529,InputSig,NA,NA,LINCSCP_45517,PC3,10uM,24h,prostate,NA,NA,VXYGCMZXSXTMOF-UHFFFAOYSA-N,"InChI=1S/C19H18BrN3O3/c1-23-15-6-3-2-5-14(15)16(12-19(23)25)26-10-4-7-18(24)22-17-11-13(20)8-9-21-17/h2-3,5-6,8-9,11-12H,4,7,10H2,1H3,(H,21,22,24)",22855,CN1C(=O)C=C(OCCCC(=O)Nc2cc(Br)ccn2)c3ccccc13,NA
Input,Radicicol,-0.28444946,InputSig,NA,NA,LINCSCP_69536,A375,10uM,24h,skin,HSP inhibitor,NA,WYZWZEOGROVVHK-ZUVMSYQZSA-N,"InChI=1S/C18H17ClO6/c1-9-6-15-14(25-15)5-3-2-4-10(20)7-11-16(18(23)24-9)12(21)8-13(22)17(11)19/h2-5,8-9,14-15,21-22H,6-7H2,1H3/b4-2+,5-3+",5384,CC1CC2OC2\C=C\C=C\C(=O)Cc3c(Cl)c(O)cc(O)c3C(=O)O1,NA
Input,MLS000709026,-0.2842041,InputSig,NA,NA,LINCSCP_202898,A673,40uM,6h,bone,RAD51 inhibitor,RAD51,GEKDQXSPTHHANP-OUKQBFOZSA-N,"InChI=1S/C22H17N3O/c26-22-19-10-4-5-11-20(19)24-21(13-12-17-9-6-14-23-15-17)25(22)16-18-7-2-1-3-8-18/h1-15H,16H2/b13-12+",16865,O=C1N(Cc2ccccc2)C(=Nc3ccccc13)\C=C\c4cccnc4,NA
Input,WAY-170523,-0.28400669,InputSig,NA,NA,LINCSCP_26829,HT29,10uM,6h,large intestine,Metalloproteinase inhibitor,MMP13,FARMEEAGJWMFSZ-UHFFFAOYSA-N,"InChI=1S/C33H31N3O7S/c1-22-18-23(2)31(28(19-22)32(37)35-39)36(21-24-8-4-3-5-9-24)44(40,41)27-14-12-26(13-15-27)42-17-16-34-33(38)30-20-25-10-6-7-11-29(25)43-30/h3-15,18-20,39H,16-17,21H2,1-2H3,(H,34,38)(H,35,37)",35701,Cc1cc(C)c(N(Cc2ccccc2)S(=O)(=O)c3ccc(OCCNC(=O)c4oc5ccccc5c4)cc3)c(c1)C(=O)NO,NA
Input,BG-1029,-0.28375942,InputSig,NA,NA,LINCSCP_43597,NPC,10uM,6h,neural progenitor cells,NA,NA,QEGOQCQSDOEZQA-WOJGMQOQSA-N,"InChI=1S/C16H22BrN3O4/c1-24-13-8-9-14(17)12(10-13)11-18-19-15(21)6-4-2-3-5-7-16(22)20-23/h8-11,23H,2-7H2,1H3,(H,19,21)(H,20,22)/b18-11+",22057,COc1ccc(Br)c(\C=N\NC(=O)CCCCCCC(=O)NO)c1,NA
Input,AC1MFIS3,-0.28368004,InputSig,NA,NA,LINCSCP_31840,MCF7,10uM,24h,breast,NA,NA,RCLKJIVDBWUALW-UHFFFAOYSA-N,"InChI=1S/C25H22N2O4/c1-30-18-11-13-19(21(15-18)31-2)23(27-25(29)17-7-4-3-5-8-17)20-12-10-16-9-6-14-26-22(16)24(20)28/h3-15,23,28H,1-2H3,(H,27,29)",280,COc1ccc(C(NC(=O)c2ccccc2)c3ccc4cccnc4c3O)c(OC)c1,NA
Input,Valrubicin,-0.28364382,InputSig,NA,NA,LINCSCP_142742,MCF7,0.37uM,24h,breast,DNA topoisomerase II alpha inhibitor,TOP2A,ZOCKGBMQLCSHFP-KQRAQHLDSA-N,"InChI=1S/C34H36F3NO13/c1-4-5-9-21(40)49-13-20(39)33(47)11-16-24(19(12-33)51-22-10-17(27(41)14(2)50-22)38-32(46)34(35,36)37)31(45)26-25(29(16)43)28(42)15-7-6-8-18(48-3)23(15)30(26)44/h6-8,14,17,19,22,27,41,43,45,47H,4-5,9-13H2,1-3H3,(H,38,46)/t14-,17-,19-,22-,27+,33-/m0/s1",27087,CCCCC(=O)OCC(=O)[C@@]1(O)C[C@H](O[C@H]2C[C@H](NC(=O)C(F)(F)F)[C@H](O)[C@H](C)O2)c3c(O)c4C(=O)c5c(OC)cccc5C(=O)c4c(O)c3C1,4
Input,GSK-2334470,-0.28349959,InputSig,NA,NA,LINCSCP_148302,NPC.CAS9,1.11uM,24h,NA,Pyruvate dehydrogenase kinase inhibitor,PDK1|PDPK1,QLPHOXTXAKOFMU-WBVHZDCISA-N,"InChI=1S/C25H34N8O/c1-15-8-9-17(24(34)28-18-6-4-3-5-7-18)14-33(15)22-13-20(29-25(27-2)30-22)16-10-11-19-21(12-16)31-32-23(19)26/h10-13,15,17-18H,3-9,14H2,1-2H3,(H,28,34)(H3,26,31,32)(H,27,29,30)/t15-,17+/m1/s1",15149,CNc1nc(cc(n1)c2ccc3c(N)n[nH]c3c2)N4C[C@H](CC[C@H]4C)C(=O)NC5CCCCC5,NA
Input,CL-976,-0.28345878,InputSig,NA,NA,LINCSCP_12875,DV90,80uM,6h,lung,ACAT inhibitor,ACAT1,WAFNZAURAWBNDZ-UHFFFAOYSA-N,"InChI=1S/C23H39NO4/c1-7-8-9-10-11-12-13-14-15-23(2,3)22(25)24-21-19(27-5)16-18(26-4)17-20(21)28-6/h16-17H,7-15H2,1-6H3,(H,24,25)",36702,CCCCCCCCCCC(C)(C)C(=O)Nc1c(OC)cc(OC)cc1OC,NA
Input,SPOX1_002925,-0.2830786,InputSig,NA,NA,LINCSCP_10813,ASC,10uM,24h,adipose,NA,NA,BEYMMNWQWYQHRB-IGEPHXAOSA-N,"InChI=1S/C50H49N3O13/c1-5-25-51-44(55)39-41-47(58)66-42(33-18-10-7-11-19-33)40(32-16-8-6-9-17-32)53(41)43(34-20-12-13-22-38(34)64-27-26-54)50(39)36-30-31(15-14-21-35(45(56)62-3)46(57)63-4)23-24-37(36)52(48(50)59)49(60)65-29-28-61-2/h5-13,16-20,22-24,30,35,39-43,54H,1,21,25-29H2,2-4H3,(H,51,55)/t39-,40-,41-,42+,43+,50-/m0/s1",1440,COCCOC(=O)N1C(=O)[C@]2([C@@H]([C@@H]3N([C@H]([C@H](OC3=O)c4ccccc4)c5ccccc5)[C@@H]2c6ccccc6OCCO)C(=O)NCC=C)c7cc(ccc17)C#CCC(C(=O)OC)C(=O)OC,NA
Input,MLS003128612,-0.2828391,InputSig,NA,NA,LINCSCP_1745,A375,10uM,6h,skin,NA,NA,OJYLDJPQAFKURV-UHFFFAOYSA-N,"InChI=1S/C22H19F3N8OS/c23-22(24,25)13-1-2-15-16(9-13)29-17(28-15)10-26-19-18-20(33(12-27-18)14-3-8-35-11-14)31-21(30-19)32-4-6-34-7-5-32/h1-3,8-9,11-12H,4-7,10H2,(H,28,29)(H,26,30,31)",23055,FC(F)(F)c1ccc2[nH]c(CNc3nc(nc4c3ncn4c5ccsc5)N6CCOCC6)nc2c1,NA
Input,ST056792,-0.28279781,InputSig,NA,NA,LINCSCP_2026,A375,10uM,6h,skin,NA,NA,FMVZKGYXMKDRSK-UHFFFAOYSA-N,"InChI=1S/C13H11N3S2/c1-8-7-12(18-13-16-15-9(2)17-13)10-5-3-4-6-11(10)14-8/h3-7H,1-2H3",22235,Cc1cc(Sc2nnc(C)s2)c3ccccc3n1,NA
Input,BIBR-1532,-0.28266876,InputSig,NA,NA,LINCSCP_54144,SW620,80uM,6h,large intestine,Telomerase inhibitor,TERT,PGFQXGLPJUCTOI-WYMLVPIESA-N,"InChI=1S/C21H17NO3/c1-14(16-11-10-15-6-2-3-7-17(15)13-16)12-20(23)22-19-9-5-4-8-18(19)21(24)25/h2-13H,1H3,(H,22,23)(H,24,25)/b14-12+",17071,C\C(=C/C(=O)Nc1ccccc1C(=O)O)\c2ccc3ccccc3c2,NA
Input,XL888,-0.28266353,InputSig,NA,NA,LINCSCP_156301,PC3,3.33uM,24h,prostate,NA,NA,LHGWWAFKVCIILM-LAQKFSSHSA-N,"InChI=1S/C29H37N5O3/c1-4-17(3)32-25-14-23(16(2)11-24(25)28(30)36)29(37)33-20-12-21-8-9-22(13-20)34(21)26-10-7-19(15-31-26)27(35)18-5-6-18/h7,10-11,14-15,17-18,20-22,32H,4-6,8-9,12-13H2,1-3H3,(H2,30,36)(H,33,37)/t17-,20?,21?,22?/m1/s1",26753,CC[C@@H](C)Nc1cc(C(=O)NC2CC3CCC(C2)N3c4ccc(cn4)C(=O)C5CC5)c(C)cc1C(=O)N,NA
Input,SMR000206948,-0.28260579,InputSig,NA,NA,LINCSCP_26265,HT29,10uM,6h,large intestine,NA,NA,RMLMLLHAWZPLLR-UHFFFAOYSA-N,"InChI=1S/C23H26Cl2N2O3/c1-30-20-13-7-16(8-14-20)22(23(29)26-18-5-3-2-4-6-18)27(21(28)15-24)19-11-9-17(25)10-12-19/h7-14,18,22H,2-6,15H2,1H3,(H,26,29)",35345,COc1ccc(cc1)C(N(C(=O)CCl)c2ccc(Cl)cc2)C(=O)NC3CCCCC3,NA
Input,Cladribine,-0.28248258,InputSig,NA,NA,LINCSCP_3124,A375,10uM,6h,skin,Adenosine deaminase inhibitor|Ribonucleoside reductase inhibitor,ADA,PTOAARAWEBMLNO-KVQBGUIXSA-N,"InChI=1S/C10H12ClN5O3/c11-10-14-8(12)7-9(15-10)16(3-13-7)6-1-4(18)5(2-17)19-6/h3-6,17-18H,1-2H2,(H2,12,14,15)/t4-,5+,6+/m0/s1",36589,Nc1nc(Cl)nc2c1ncn2[C@H]3C[C@H](O)[C@@H](CO)O3,4
Input,MLS003153123,-0.2822784,InputSig,NA,NA,LINCSCP_45453,PC3,10uM,24h,prostate,NA,NA,MZQGOTGQTIXEJN-UHFFFAOYSA-N,"InChI=1S/C20H24Cl2N4O2/c21-15-7-4-8-16(19(15)22)24-9-11-25(12-10-24)17-13-18(27)26(20(28)23-17)14-5-2-1-3-6-14/h4,7-8,13-14H,1-3,5-6,9-12H2,(H,23,28)",515,Clc1cccc(N2CCN(CC2)C3=CC(=O)N(C4CCCCC4)C(=O)N3)c1Cl,NA
Input,RO-281675,-0.28218854,InputSig,NA,NA,LINCSCP_21666,HEPG2,100uM,6h,liver,Glucokinase activator,GCK,NEQSWPCDHDQINX-MRXNPFEDSA-N,"InChI=1S/C18H22N2O3S2/c1-25(22,23)15-8-6-14(7-9-15)16(12-13-4-2-3-5-13)17(21)20-18-19-10-11-24-18/h6-11,13,16H,2-5,12H2,1H3,(H,19,20,21)/t16-/m1/s1",36688,CS(=O)(=O)c1ccc(cc1)[C@@H](CC2CCCC2)C(=O)Nc3nccs3,NA
Input,CHEMBL2130568,-0.28218781,InputSig,NA,NA,LINCSCP_26380,HT29,10uM,6h,large intestine,NA,NA,FTHAFMYRINDSEL-UHFFFAOYSA-N,"InChI=1S/C21H23N5/c1-3-9-16(10-4-1)15-23-21-19(17-11-5-2-6-12-17)25-26-20(24-21)18-13-7-8-14-22-18/h2,5-8,11-14,16H,1,3-4,9-10,15H2,(H,23,24,26)",37668,C(Nc1nc(nnc1c2ccccc2)c3ccccn3)C4CCCCC4,NA
Input,AGK 2,-0.28218292,InputSig,NA,NA,LINCSCP_149974,NPC.TAK,10uM,24h,NA,SIRT inhibitor,SIRT2,SVENPFFEMUOOGK-SDNWHVSQSA-N,"InChI=1S/C23H13Cl2N3O2/c24-15-6-8-19(25)18(12-15)22-9-7-16(30-22)11-14(13-26)23(29)28-21-5-1-4-20-17(21)3-2-10-27-20/h1-12H,(H,28,29)/b14-11+",40287,Clc1ccc(Cl)c(c1)c2oc(\C=C(/C#N)\C(=O)Nc3cccc4ncccc34)cc2,NA
Input,Diethylstilbestrol,-0.28212828,InputSig,NA,NA,LINCSCP_3845,A375,10uM,24h,skin,Estrogen receptor alpha agonist,ESR1|ESR2|ESRRG,RGLYKWWBQGJZGM-ISLYRVAYSA-N,"InChI=1S/C18H20O2/c1-3-17(13-5-9-15(19)10-6-13)18(4-2)14-7-11-16(20)12-8-14/h5-12,19-20H,3-4H2,1-2H3/b18-17+",37841,CC\C(=C(\CC)/c1ccc(O)cc1)\c2ccc(O)cc2,4
Input,Quiflapon,-0.28202685,InputSig,NA,NA,LINCSCP_54227,SW620,80uM,6h,large intestine,Leukotriene inhibitor,ALOX5AP,NZOONKHCNQFYCI-UHFFFAOYSA-N,"InChI=1S/C34H35ClN2O3S/c1-33(2,3)41-31-27-18-26(40-21-25-15-12-23-8-6-7-9-28(23)36-25)16-17-29(27)37(20-22-10-13-24(35)14-11-22)30(31)19-34(4,5)32(38)39/h6-18H,19-21H2,1-5H3,(H,38,39)",36690,CC(C)(C)Sc1c(CC(C)(C)C(=O)O)n(Cc2ccc(Cl)cc2)c3ccc(OCc4ccc5ccccc5n4)cc13,NA
Input,Pimavanserin,-0.28201586,InputSig,NA,NA,LINCSCP_124763,HT29,10uM,24h,large intestine,Serotonin 2a (5-HT2a) receptor inverse agonist (Serotonin 2a,HTR2A,RKEWSXXUOLRFBX-UHFFFAOYSA-N,"InChI=1S/C25H34FN3O2/c1-19(2)18-31-24-10-6-20(7-11-24)16-27-25(30)29(23-12-14-28(3)15-13-23)17-21-4-8-22(26)9-5-21/h4-11,19,23H,12-18H2,1-3H3,(H,27,30)",27160,CC(C)COc1ccc(CNC(=O)N(Cc2ccc(F)cc2)C3CCN(C)CC3)cc1,4
Input,AY 62021,-0.28173212,InputSig,NA,NA,LINCSCP_47879,PC3,10uM,6h,prostate,Dopamine receptor antagonist,DRD1|DRD2,WFPIAZLQTJBIFN-UHFFFAOYSA-N,"InChI=1S/C22H25ClN2OS/c23-17-7-8-22-20(16-17)18(19-4-1-2-6-21(19)27-22)5-3-9-24-10-12-25(13-11-24)14-15-26/h1-2,4-8,16,26H,3,9-15H2",22657,OCCN1CCN(CCC=C2c3ccccc3Sc4ccc(Cl)cc24)CC1,NA
Input,BG-1027,-0.28139831,InputSig,NA,NA,LINCSCP_43687,NPC,10uM,6h,neural progenitor cells,NA,NA,IMLRCIJPRAFHAV-UFFVCSGVSA-N,"InChI=1S/C18H21N5O3/c24-17(4-2-1-3-5-18(25)23-26)22-21-10-14-6-8-15(9-7-14)16-11-19-13-20-12-16/h6-13,26H,1-5H2,(H,22,24)(H,23,25)/b21-10+",9,ONC(=O)CCCCCC(=O)NN=Cc1ccc(cc1)c2cncnc2,NA
Input,Iopanoic acid,-0.28132623,InputSig,NA,NA,LINCSCP_52483,SKB,10uM,24h,NA,Radiopaque medium,NA,OIRFJRBSRORBCM-UHFFFAOYSA-N,"InChI=1S/C11H12I3NO2/c1-2-5(11(16)17)3-6-7(12)4-8(13)10(15)9(6)14/h4-5H,2-3,15H2,1H3,(H,16,17)",17598,CCC(Cc1c(I)cc(I)c(N)c1I)C(=O)O,4
Input,AZD1152,-0.28106924,InputSig,NA,NA,LINCSCP_137065,MCF7,3.33uM,24h,breast,Serine/threonine-protein kinase Aurora-B inhibitor,AURKB,GBJVVSCPOBPEIT-UHFFFAOYSA-N,"InChI=1S/C26H31FN7O6P/c1-2-34(10-12-40-41(36,37)38)9-4-11-39-21-7-8-22-23(16-21)28-17-29-26(22)31-24-14-20(32-33-24)15-25(35)30-19-6-3-5-18(27)13-19/h3,5-8,13-14,16-17H,2,4,9-12,15H2,1H3,(H,30,35)(H2,36,37,38)(H2,28,29,31,32,33)",27085,CCN(CCCOc1ccc2c(Nc3cc(CC(=O)Nc4cccc(F)c4)[nH]n3)ncnc2c1)CCOP(=O)(O)O,3
Input,MLS000517073,-0.28085302,InputSig,NA,NA,LINCSCP_3118,A375,10uM,6h,skin,NA,NA,PBBZQGGDDNSZDP-UHFFFAOYSA-N,"InChI=1S/C16H17Cl2NO/c1-11-9-15(16(20)10-17)12(2)19(11)8-7-13-3-5-14(18)6-4-13/h3-6,9H,7-8,10H2,1-2H3",16477,Cc1cc(C(=O)CCl)c(C)n1CCc2ccc(Cl)cc2,NA
Input,SMR000208762,-0.28084156,InputSig,NA,NA,LINCSCP_15953,HA1E,10uM,6h,kidney epithelial,NA,NA,LIQBVUZFMCEFNE-UHFFFAOYSA-N,"InChI=1S/C22H22N4O4/c1-16-20(26(28)29)19(23-30-16)22(27)25-14-12-24(13-15-25)21(17-8-4-2-5-9-17)18-10-6-3-7-11-18/h2-11,21H,12-15H2,1H3",15423,Cc1onc(C(=O)N2CCN(CC2)C(c3ccccc3)c4ccccc4)c1[N+](=O)[O-],NA
Input,Entinostat,-0.28065481,InputSig,NA,NA,LINCSCP_125485,HT29,0.37uM,24h,large intestine,HDAC inhibitor,HDAC1|HDAC10|HDAC11|HDAC2|HDAC3|HDAC4|HDAC5|HDAC6|HDAC7|HDAC8|HDAC9,INVTYAOGFAGBOE-UHFFFAOYSA-N,"InChI=1S/C21H20N4O3/c22-18-5-1-2-6-19(18)25-20(26)17-9-7-15(8-10-17)13-24-21(27)28-14-16-4-3-11-23-12-16/h1-12H,13-14,22H2,(H,24,27)(H,25,26)",16193,Nc1ccccc1NC(=O)c2ccc(CNC(=O)OCc3cccnc3)cc2,3
Input,CHEMBL3182377,-0.28056196,InputSig,NA,NA,LINCSCP_28016,HT29,5uM,24h,large intestine,NA,NA,IFOOEWPAOUEVPY-SYYKKAFVSA-N,"InChI=1S/C26H31N3O5S/c1-28-20-9-8-18(15-24(30)29-11-3-2-4-12-29)34-22(20)16-33-21-10-7-17(14-19(21)26(28)32)27-25(31)23-6-5-13-35-23/h5-7,10,13-14,18,20,22H,2-4,8-9,11-12,15-16H2,1H3,(H,27,31)/t18-,20-,22-/m1/s1",17061,CN1[C@@H]2CC[C@H](CC(=O)N3CCCCC3)O[C@@H]2COc4ccc(NC(=O)c5cccs5)cc4C1=O,NA
Input,XUKUURHRXDUEBC-UHFFFAOYSA-N,-0.2799539,InputSig,NA,NA,LINCSCP_47282,PC3,10uM,24h,prostate,HMGCR inhibitor,DPP4|HMGCR,XUKUURHRXDUEBC-UHFFFAOYSA-N,"InChI=1S/C33H35FN2O5/c1-21(2)31-30(33(41)35-25-11-7-4-8-12-25)29(22-9-5-3-6-10-22)32(23-13-15-24(34)16-14-23)36(31)18-17-26(37)19-27(38)20-28(39)40/h3-16,21,26-27,37-38H,17-20H2,1-2H3,(H,35,41)(H,39,40)",36210,CC(C)c1c(C(=O)Nc2ccccc2)c(c3ccccc3)c(c4ccc(F)cc4)n1CCC(O)CC(O)CC(=O)O,NA
Input,BG-1008,-0.27970754,InputSig,NA,NA,LINCSCP_43537,NPC,10uM,6h,neural progenitor cells,NA,NA,RQXKGXKJNPGJGP-UHFFFAOYSA-N,"InChI=1S/C21H26ClN3O4S/c1-25-18-9-6-5-8-16(18)21(23-13-7-3-2-4-10-20(26)24-27)17-12-11-15(22)14-19(17)30(25,28)29/h5-6,8-9,11-12,14,21,23,27H,2-4,7,10,13H2,1H3,(H,24,26)",11529,CN1c2ccccc2C(NCCCCCCC(=O)NO)c3ccc(Cl)cc3S1(=O)=O,NA
Input,CHEMBL2133926,-0.27967561,InputSig,NA,NA,LINCSCP_47385,PC3,10uM,6h,prostate,NA,NA,ZBLCOVKAEUNWGN-PKIAKLFDSA-N,"InChI=1S/C33H43N5O4/c1-22-18-38(23(2)21-39)32(40)17-26-16-27(36(3)4)14-15-30(26)42-31(22)20-37(5)19-24-10-12-25(13-11-24)33(41)35-29-9-7-6-8-28(29)34/h6-16,22-23,31,39H,17-21,34H2,1-5H3,(H,35,41)/t22-,23-,31+/m1/s1",36788,C[C@H](CO)N1C[C@@H](C)[C@H](CN(C)Cc2ccc(cc2)C(=O)Nc3ccccc3N)Oc4ccc(cc4CC1=O)N(C)C,NA
Input,NUTLIN 3,-0.27927002,InputSig,NA,NA,LINCSCP_867,A375,40uM,6h,skin,MDM inhibitor,MDM2,BDUHCSBCVGXTJM-UHFFFAOYSA-N,"InChI=1S/C30H30Cl2N4O4/c1-18(2)40-25-16-23(39-3)12-13-24(25)29-34-27(19-4-8-21(31)9-5-19)28(20-6-10-22(32)11-7-20)36(29)30(38)35-15-14-33-26(37)17-35/h4-13,16,18,27-28H,14-15,17H2,1-3H3,(H,33,37)",16112,COc1ccc(C2=NC(C(N2C(=O)N3CCNC(=O)C3)c4ccc(Cl)cc4)c5ccc(Cl)cc5)c(OC(C)C)c1,NA
Input,Mocetinostat,-0.27873199,InputSig,NA,NA,LINCSCP_112442,HEPG2,0.04uM,24h,liver,HDAC inhibitor,HDAC1|HDAC11|HDAC2|HDAC3|HDAC8,HRNLUBSXIHFDHP-UHFFFAOYSA-N,"InChI=1S/C23H20N6O/c24-19-5-1-2-6-21(19)28-22(30)17-9-7-16(8-10-17)14-27-23-26-13-11-20(29-23)18-4-3-12-25-15-18/h1-13,15H,14,24H2,(H,28,30)(H,26,27,29)",16307,Nc1ccccc1NC(=O)c2ccc(CNc3nccc(n3)c4cccnc4)cc2,2
Input,Wortmannin,-0.2785272,InputSig,NA,NA,LINCSCP_68364,VCAP,10uM,6h,prostate,PI3K inhibitor,PIK3CA|PIK3CG|PLK1,QDLHCMPXEPAAMD-QAIWCSMKSA-N,"InChI=1S/C23H24O8/c1-10(24)30-13-7-22(2)12(5-6-14(22)25)16-18(13)23(3)15(9-28-4)31-21(27)11-8-29-20(17(11)23)19(16)26/h8,12-13,15H,5-7,9H2,1-4H3/t12-,13+,15+,22-,23-/m0/s1",36100,COC[C@H]1OC(=O)c2coc3C(=O)C4=C([C@@H](C[C@@]5(C)[C@H]4CCC5=O)OC(=O)C)[C@]1(C)c23,NA
Input,6266-99-5,-0.27848898,InputSig,NA,NA,LINCSCP_33782,MCF7,10uM,6h,breast,Glutamate receptor antagonist,GRM5,SISOFUCTXZKSOQ-UHFFFAOYSA-N,"InChI=1S/C14H13N/c1-12-6-5-9-14(15-12)11-10-13-7-3-2-4-8-13/h2-11H,1H3",3173,Cc1cccc(C=Cc2ccccc2)n1,NA
Input,Atorvastatin,-0.27804044,InputSig,NA,NA,LINCSCP_47795,PC3,10uM,24h,prostate,HMGCR inhibitor,DPP4|HMGCR,XUKUURHRXDUEBC-KAYWLYCHSA-N,"InChI=1S/C33H35FN2O5/c1-21(2)31-30(33(41)35-25-11-7-4-8-12-25)29(22-9-5-3-6-10-22)32(23-13-15-24(34)16-14-23)36(31)18-17-26(37)19-27(38)20-28(39)40/h3-16,21,26-27,37-38H,17-20H2,1-2H3,(H,35,41)(H,39,40)/t26-,27-/m1/s1",36530,CC(C)c1c(C(=O)Nc2ccccc2)c(c3ccccc3)c(c4ccc(F)cc4)n1CC[C@@H](O)C[C@@H](O)CC(=O)O,4
Input,CHEMBL2140128,-0.27780578,InputSig,NA,NA,LINCSCP_27226,HT29,10uM,6h,large intestine,NA,NA,VYCOOHAMPRTWAW-QXULMBECSA-N,"InChI=1S/C43H53N5O5/c1-30-26-48(31(2)29-49)43(52)25-35-24-36(45-41(50)16-8-5-9-17-42(51)46-38-15-11-10-14-37(38)44)22-23-39(35)53-40(30)28-47(3)27-32-18-20-34(21-19-32)33-12-6-4-7-13-33/h4,6-7,10-15,18-24,30-31,40,49H,5,8-9,16-17,25-29,44H2,1-3H3,(H,45,50)(H,46,51)/t30-,31-,40-/m0/s1",19728,C[C@@H](CO)N1C[C@H](C)[C@H](CN(C)Cc2ccc(cc2)c3ccccc3)Oc4ccc(NC(=O)CCCCCC(=O)Nc5ccccc5N)cc4CC1=O,NA
Input,BG-1024,-0.27762879,InputSig,NA,NA,LINCSCP_41347,NEU,10uM,24h,NA,NA,NA,KOZXGRRSZNBQGK-UHFFFAOYSA-N,"InChI=1S/C17H15N5O/c18-14-8-4-5-9-15(14)22-16(23)12-10-19-17(20-11-12)21-13-6-2-1-3-7-13/h1-11H,18H2,(H,22,23)(H,19,20,21)",1630,Nc1ccccc1NC(=O)c2cnc(Nc3ccccc3)nc2,NA
Input,SPECTRUM2_001084,-0.27724145,InputSig,NA,NA,LINCSCP_6798,A549,10uM,24h,lung,ATPase inhibitor,ATP1A1,LPMXVESGRSUGHW-XPXORLBYSA-N,"InChI=1S/C29H44O12/c1-13-22(34)23(35)24(36)25(40-13)41-15-8-19(32)28(12-30)21-17(3-5-27(28,37)9-15)29(38)6-4-16(14-7-20(33)39-11-14)26(29,2)10-18(21)31/h7,13,15-19,21-25,30-32,34-38H,3-6,8-12H2,1-2H3/t13-,15-,16+,17?,18+,19+,21?,22-,23+,24+,25-,26+,27-,28+,29-/m0/s1",22448,C[C@@H]1O[C@@H](O[C@H]2C[C@@H](O)[C@]3(CO)C4[C@H](O)C[C@]5(C)[C@H](CC[C@]5(O)C4CC[C@]3(O)C2)C6=CC(=O)OC6)[C@H](O)[C@H](O)[C@H]1O,NA
Input,BRD-K63158888,-0.27715856,InputSig,NA,NA,LINCSCP_28375,HT29,10uM,24h,large intestine,NA,NA,YCMWBXHYJYTYML-AWYWERKOSA-N,"InChI=1S/C25H32N2O4S/c1-3-6-19-7-9-20(10-8-19)25-23-17-26(15-4-5-16-27(23)24(25)18-28)32(29,30)22-13-11-21(31-2)12-14-22/h3,6-14,23-25,28H,4-5,15-18H2,1-2H3/b6-3+/t23-,24-,25+/m0/s1",2223,COc1ccc(cc1)S(=O)(=O)N2CCCCN3[C@@H](CO)[C@@H]([C@@H]3C2)c4ccc(\C=C\C)cc4,NA
Input,CID 57118766,-0.27704061,InputSig,NA,NA,LINCSCP_47679,PC3,10uM,24h,prostate,Vitamin D receptor agonist,VDR,LWQQLNNNIPYSNX-KAOBTJPLSA-N,"InChI=1S/C27H40O3/c1-17(6-13-25(29)20-8-9-20)23-11-12-24-19(5-4-14-27(23,24)3)7-10-21-15-22(28)16-26(30)18(21)2/h6-7,10,13,17,20,22-26,28-30H,2,4-5,8-9,11-12,14-16H2,1,3H3/t17-,22-,23-,24+,25-,26+,27-/m1/s1",20,C[C@H](C=C[C@@H](O)C1CC1)[C@H]2CC[C@H]3C(=CC=C4C[C@@H](O)C[C@H](O)C4=C)CCC[C@]23C,NA
Input,TENOVIN-1,-0.27702773,InputSig,NA,NA,LINCSCP_2298,A375,10uM,6h,skin,SIRT inhibitor|TP53 activator,SIRT1,WOWJIWFCOPZFGV-UHFFFAOYSA-N,"InChI=1S/C20H23N3O2S/c1-13(24)21-16-9-11-17(12-10-16)22-19(26)23-18(25)14-5-7-15(8-6-14)20(2,3)4/h5-12H,1-4H3,(H,21,24)(H2,22,23,25,26)",16278,CC(=O)Nc1ccc(NC(=S)NC(=O)c2ccc(cc2)C(C)(C)C)cc1,NA
Input,SCHEMBL2704865,-0.27666941,InputSig,NA,NA,LINCSCP_43600,NPC,10uM,6h,neural progenitor cells,HDAC inhibitor,NA,AEIVDBATQVVQFS-RCCKNPSSSA-N,"InChI=1S/C20H23N3O3/c24-19(9-5-2-6-10-20(25)23-26)22-21-15-16-11-13-18(14-12-16)17-7-3-1-4-8-17/h1,3-4,7-8,11-15,26H,2,5-6,9-10H2,(H,22,24)(H,23,25)/b21-15+",4,ONC(=O)CCCCCC(=O)NN=Cc1ccc(cc1)c2ccccc2,NA
Input,PP 1,-0.27663553,InputSig,NA,NA,LINCSCP_52616,SKB,10uM,24h,NA,Abl kinase inhibitor|Src inhibitor,NA,ZVPDNRVYHLRXLX-UHFFFAOYSA-N,"InChI=1S/C16H19N5/c1-10-5-7-11(8-6-10)13-12-14(17)18-9-19-15(12)21(20-13)16(2,3)4/h5-9H,1-4H3,(H2,17,18,19)",34217,Cc1ccc(cc1)c2nn(c3ncnc(N)c23)C(C)(C)C,NA
Input,Mevastatin,-0.27647057,InputSig,NA,NA,LINCSCP_46126,PC3,10uM,24h,prostate,HMGCR inhibitor,HMGCR,AJLFOPYRIVGYMJ-INTXDZFKSA-N,"InChI=1S/C23H34O5/c1-4-14(2)23(26)28-20-7-5-6-16-9-8-15(3)19(22(16)20)11-10-18-12-17(24)13-21(25)27-18/h6,8-9,14-15,17-20,22,24H,4-5,7,10-13H2,1-3H3/t14-,15-,17+,18+,19-,20-,22-/m0/s1",36166,CC[C@H](C)C(=O)O[C@H]1CCC=C2C=C[C@H](C)[C@H](CC[C@@H]3C[C@@H](O)CC(=O)O3)[C@@H]12,NA
Input,Istaroxime (hydrochloride),-0.27645123,InputSig,NA,NA,LINCSCP_127498,HT29,10uM,24h,large intestine,NA,NA,MPYLDWFDPHRTEG-PAAYLBSLSA-N,"InChI=1S/C21H32N2O3/c1-20-7-5-13(23-26-10-9-22)11-17(20)18(24)12-14-15-3-4-19(25)21(15,2)8-6-16(14)20/h14-17H,3-12,22H2,1-2H3/b23-13+/t14-,15-,16-,17+,20+,21-/m0/s1",26473,C[C@]12CC\C(=N/OCCN)\C[C@@H]1C(=O)C[C@@H]3[C@@H]2CC[C@@]4(C)[C@H]3CCC4=O,NA
Input,Y-134,-0.27644113,InputSig,NA,NA,LINCSCP_26936,HT29,10uM,6h,large intestine,Estrogen receptor antagonist,ESR1|ESR2,LQEOPHGPHCWOAC-UHFFFAOYSA-N,"InChI=1S/C28H28N2O3S/c1-18(2)29-13-15-30(16-14-29)21-7-3-19(4-8-21)27(33)26-24-12-11-23(32)17-25(24)34-28(26)20-5-9-22(31)10-6-20/h3-12,17-18,31-32H,13-16H2,1-2H3",36170,CC(C)N1CCN(CC1)c2ccc(cc2)C(=O)c3c(sc4cc(O)ccc34)c5ccc(O)cc5,NA
Input,AK-968/11369213,-0.27639559,InputSig,NA,NA,LINCSCP_27320,HT29,10uM,6h,large intestine,NA,NA,CQUNMROLUJQCJW-UHFFFAOYSA-N,"InChI=1S/C19H11Cl2N5O6/c20-14-6-4-10(25(29)30)8-12(14)18(27)23-16-2-1-3-17(22-16)24-19(28)13-9-11(26(31)32)5-7-15(13)21/h1-9H,(H2,22,23,24,27,28)",36750,[O-][N+](=O)c1ccc(Cl)c(c1)C(=O)Nc2cccc(NC(=O)c3cc(ccc3Cl)[N+](=O)[O-])n2,NA
Input,GNF-PF-1339,-0.27631832,InputSig,NA,NA,LINCSCP_58040,VCAP,10uM,6h,prostate,NA,NA,OQPXCZGFVBKXJK-UHFFFAOYSA-N,"InChI=1S/C21H29N2/c1-4-5-6-8-17-23-18-9-7-10-21(23)16-13-19-11-14-20(15-12-19)22(2)3/h7,9-16,18H,4-6,8,17H2,1-3H3/q+1",17578,CCCCCC[n+]1ccccc1\C=C\c2ccc(cc2)N(C)C,NA
Input,BRD-A28746609,-0.2762471,InputSig,NA,NA,LINCSCP_74027,A375,0.04uM,24h,skin,Tubulin inhibitor,NR1I2|TUBB,NA,NA,NA,NA,NA
Input,AZD-1775,-0.27596366,InputSig,NA,NA,LINCSCP_147733,NPC.CAS9,1.11uM,24h,NA,WEE1 kinase inhibitor,WEE1,BKWJAKQVGHWELA-UHFFFAOYSA-N,"InChI=1S/C27H32N8O2/c1-5-13-34-25(36)21-18-28-26(29-19-9-11-20(12-10-19)33-16-14-32(4)15-17-33)31-24(21)35(34)23-8-6-7-22(30-23)27(2,3)37/h5-12,18,37H,1,13-17H2,2-4H3,(H,28,29,31)",15142,CN1CCN(CC1)c2ccc(Nc3ncc4C(=O)N(CC=C)N(c5cccc(n5)C(C)(C)O)c4n3)cc2,2
Input,CHEMBL2362360,-0.2756215,InputSig,NA,NA,LINCSCP_27258,HT29,10uM,6h,large intestine,NA,NA,FIGGLCUVZRSRTI-YHPNNPEYSA-N,"InChI=1S/C43H53N5O6/c1-30-26-48(31(2)29-49)43(52)25-33-24-34(45-41(50)16-8-5-9-17-42(51)46-38-15-11-10-14-37(38)44)20-23-39(33)54-40(30)28-47(3)27-32-18-21-36(22-19-32)53-35-12-6-4-7-13-35/h4,6-7,10-15,18-24,30-31,40,49H,5,8-9,16-17,25-29,44H2,1-3H3,(H,45,50)(H,46,51)/t30-,31+,40-/m0/s1",19836,C[C@H](CO)N1C[C@H](C)[C@H](CN(C)Cc2ccc(Oc3ccccc3)cc2)Oc4ccc(NC(=O)CCCCCC(=O)Nc5ccccc5N)cc4CC1=O,NA
Input,MLS003153124,-0.27532845,InputSig,NA,NA,LINCSCP_45513,PC3,10uM,24h,prostate,NA,NA,SRGHBBMQHNSJOR-UHFFFAOYSA-N,"InChI=1S/C19H23F3N4O2/c1-13(2)12-26-17(27)11-16(23-18(26)28)25-8-6-24(7-9-25)15-5-3-4-14(10-15)19(20,21)22/h3-5,10-11,13H,6-9,12H2,1-2H3,(H,23,28)",973,CC(C)CN1C(=O)NC(=CC1=O)N2CCN(CC2)c3cccc(c3)C(F)(F)F,NA
Input,SB590885,-0.2751797,InputSig,NA,NA,LINCSCP_163379,SKBR3,10uM,3h,breast,NA,NA,DPCXEUSDRQOOGZ-UHFFFAOYSA-N,"InChI=1S/C27H27N5O2/c1-32(2)15-16-34-22-7-3-19(4-8-22)27-29-25(18-11-13-28-14-12-18)26(30-27)21-5-9-23-20(17-21)6-10-24(23)31-33/h3-5,7-9,11-14,17,28H,6,10,15-16H2,1-2H3,(H,29,30)",13478,CN(C)CCOc1ccc(cc1)c2nc(c3ccncc3)c([nH]2)c4ccc5C(=NO)CCc5c4,NA
Input,AC1O7M2R,-0.27501836,InputSig,NA,NA,LINCSCP_27146,HT29,10uM,6h,large intestine,Adenylyl cyclase activator,ADCY2,OHCQJHSOBUTRHG-ZYIXGEAZSA-N,"InChI=1S/C22H34O7/c1-8-19(5)11-14(25)22(27)20(6)13(24)9-10-18(3,4)16(20)15(26)17(28-12(2)23)21(22,7)29-19/h8,13,15-17,24,26-27H,1,9-11H2,2-7H3/t13-,15+,16+,17+,19+,20+,21-,22+/m1/s1",36028,CC(=O)O[C@H]1[C@@H](O)[C@H]2C(C)(C)CC[C@@H](O)[C@]2(C)[C@@]3(O)C(=O)C[C@@](C)(O[C@]13C)C=C,NA
Input,BRD-K01621458,-0.27499995,InputSig,NA,NA,LINCSCP_49339,PC3,5uM,6h,prostate,NA,NA,NA,NA,42707,NA,NA
Input,Gemcitabine,-0.27493899,InputSig,NA,NA,LINCSCP_21062,HCC515,0.5uM,6h,lung,Ribonucleotide reductase inhibitor,POLA1|POLD1|POLE|RRM1|RRM2|RRM2B,SDUQYLNIPVEERB-QPPQHZFASA-N,"InChI=1S/C9H11F2N3O4/c10-9(11)6(16)4(3-15)18-7(9)14-2-1-5(12)13-8(14)17/h1-2,4,6-7,15-16H,3H2,(H2,12,13,17)/t4-,6-,7-/m1/s1",36427,NC1=NC(=O)N(C=C1)[C@@H]2O[C@H](CO)[C@@H](O)C2(F)F,4
Input,BSPBIO_000981,-0.27463058,InputSig,NA,NA,LINCSCP_58569,VCAP,10uM,24h,prostate,Actin polymerization inhibitor,ACTA1,SDZRWUKZFQQKKV-IBUWGYDRSA-N,"InChI=1S/C30H37NO6/c1-17-10-9-13-22-26(33)19(3)18(2)25-23(16-21-11-7-6-8-12-21)31-28(35)30(22,25)24(37-20(4)32)14-15-29(5,36)27(17)34/h6-9,11-15,17-18,22-26,33,36H,3,10,16H2,1-2,4-5H3,(H,31,35)/b13-9+,15-14+/t17-,18+,22-,23-,24+,25-,26+,29-,30+/m0/s1",17666,C[C@H]1C\C=C\[C@H]2[C@H](O)C(=C)[C@@H](C)[C@H]3[C@H](Cc4ccccc4)NC(=O)[C@@]23[C@H](OC(=O)C)\C=C\[C@](C)(O)C1=O,NA
Input,BRD-K95985487-001-01-3,-0.27459239,InputSig,NA,NA,LINCSCP_55124,THP1,3uM,24h,haematopoietic and lymphoid tissue,NA,NA,MWYFHEYFOMQIDN-UHFFFAOYSA-N,"InChI=1S/C24H27N7O2/c1-29-10-12-30(13-11-29)21-9-4-18(14-22(21)33-3)27-24-25-15-17-16-26-31(23(17)28-24)19-5-7-20(32-2)8-6-19/h4-9,14-16H,10-13H2,1-3H3,(H,25,27,28)",11512,COc1ccc(cc1)n2ncc3cnc(Nc4ccc(N5CCN(C)CC5)c(OC)c4)nc23,NA
Input,BRD-K81514393,-0.27452499,InputSig,NA,NA,LINCSCP_47431,PC3,10uM,6h,prostate,NA,NA,NWAOHTRJRZZISF-DXCNDIKUSA-N,"InChI=1S/C35H45FN4O7S/c1-24-21-40(25(2)23-41)34(42)31-20-29(38-48(44,45)30-11-6-5-7-12-30)17-18-32(31)47-26(3)10-8-9-19-46-33(24)22-39(4)35(43)37-28-15-13-27(36)14-16-28/h5-7,11-18,20,24-26,33,38,41H,8-10,19,21-23H2,1-4H3,(H,37,43)/t24-,25-,26-,33+/m0/s1",13672,C[C@@H](CO)N1C[C@H](C)[C@@H](CN(C)C(=O)Nc2ccc(F)cc2)OCCCC[C@H](C)Oc3ccc(NS(=O)(=O)c4ccccc4)cc3C1=O,NA
Input,331771-20-1,-0.27422954,InputSig,NA,NA,LINCSCP_150477,NPC.TAK,10uM,24h,NA,Aurora kinase inhibitor,AURKA|AURKB,OGNYUTNQZVRGMN-UHFFFAOYSA-N,"InChI=1S/C29H31N5O4/c1-36-26-18-24-25(19-27(26)38-15-5-12-34-13-16-37-17-14-34)30-20-31-28(24)32-22-8-10-23(11-9-22)33-29(35)21-6-3-2-4-7-21/h2-4,6-11,18-20H,5,12-17H2,1H3,(H,33,35)(H,30,31,32)",37793,COc1cc2c(Nc3ccc(NC(=O)c4ccccc4)cc3)ncnc2cc1OCCCN5CCOCC5,NA
Input,Diphenoxylate,-0.27406903,InputSig,NA,NA,LINCSCP_58143,VCAP,10uM,24h,prostate,Opioid receptor agonist,OPRM1,HYPPXZBJBPSRLK-UHFFFAOYSA-N,"InChI=1S/C30H32N2O2/c1-2-34-28(33)29(25-12-6-3-7-13-25)18-21-32(22-19-29)23-20-30(24-31,26-14-8-4-9-15-26)27-16-10-5-11-17-27/h3-17H,2,18-23H2,1H3",38765,CCOC(=O)C1(CCN(CCC(C#N)(c2ccccc2)c3ccccc3)CC1)c4ccccc4,4
Input,AV-412 (free base),-0.27384944,InputSig,NA,NA,LINCSCP_154805,PC3,10uM,24h,prostate,NA,NA,ZAJXXUDARPGGOC-UHFFFAOYSA-N,"InChI=1S/C27H28ClFN6O/c1-5-25(36)33-23-16-20-24(30-17-31-26(20)32-19-6-7-22(29)21(28)15-19)14-18(23)8-9-27(2,3)35-12-10-34(4)11-13-35/h5-7,14-17H,1,10-13H2,2-4H3,(H,33,36)(H,30,31,32)",26953,CN1CCN(CC1)C(C)(C)C#Cc2cc3ncnc(Nc4ccc(F)c(Cl)c4)c3cc2NC(=O)C=C,NA
Input,Bosutinib,-0.27352342,InputSig,NA,NA,LINCSCP_69750,A375,10uM,24h,skin,Abl kinase inhibitor|Bcr-Abl kinase inhibitor|Src inhibitor,ABL1|BCR|CAMK2G|HCK|LYN|SRC,UBPYILGKFZZVDX-UHFFFAOYSA-N,"InChI=1S/C26H29Cl2N5O3/c1-32-6-8-33(9-7-32)5-4-10-36-25-13-21-18(11-24(25)35-3)26(17(15-29)16-30-21)31-22-14-23(34-2)20(28)12-19(22)27/h11-14,16H,4-10H2,1-3H3,(H,30,31)",37924,COc1cc(Nc2c(cnc3cc(OCCCN4CCN(C)CC4)c(OC)cc23)C#N)c(Cl)cc1Cl,4
Input,Nortriptyline,-0.27349059,InputSig,NA,NA,LINCSCP_27158,HT29,10uM,6h,large intestine,Serotonin transporter inhibitor|Norepinephrine transporter inhibitor,KCNJ10|SLC6A2|SLC6A4,PHVGLTMQBUFIQQ-UHFFFAOYSA-N,"InChI=1S/C19H21N/c1-20-14-6-11-19-17-9-4-2-7-15(17)12-13-16-8-3-5-10-18(16)19/h2-5,7-11,20H,6,12-14H2,1H3",36133,CNCCC=C1c2ccccc2CCc3ccccc13,4
Input,(+)-Camptothecin,-0.27339242,InputSig,NA,NA,LINCSCP_18359,HCC515,10uM,6h,lung,Topoisomerase inhibitor,TOP1,VSJKWCGYPAHWDS-UHFFFAOYSA-N,"InChI=1S/C20H16N2O4/c1-2-20(25)14-8-16-17-12(7-11-5-3-4-6-15(11)21-17)9-22(16)18(23)13(14)10-26-19(20)24/h3-8,25H,2,9-10H2,1H3",15216,CCC1(O)C(=O)OCC2=C1C=C3N(Cc4cc5ccccc5nc34)C2=O,NA
Input,Ivacaftor (VX-770),-0.27325532,InputSig,NA,NA,LINCSCP_158217,PC3,10uM,24h,prostate,Cystic fibrosis transmembrane conductance regulator positive modulator,CFTR,PURKAOJPTOLRMP-UHFFFAOYSA-N,"InChI=1S/C24H28N2O3/c1-23(2,3)16-11-17(24(4,5)6)20(27)12-19(16)26-22(29)15-13-25-18-10-8-7-9-14(18)21(15)28/h7-13,27H,1-6H3,(H,25,28)(H,26,29)",27175,CC(C)(C)c1cc(c(NC(=O)C2=CNc3ccccc3C2=O)cc1O)C(C)(C)C,4
Input,Calcipotriene,-0.27312969,InputSig,NA,NA,LINCSCP_25293,HT29,10uM,24h,large intestine,Vitamin D receptor agonist,VDR,LWQQLNNNIPYSNX-UROSTWAQSA-N,"InChI=1S/C27H40O3/c1-17(6-13-25(29)20-8-9-20)23-11-12-24-19(5-4-14-27(23,24)3)7-10-21-15-22(28)16-26(30)18(21)2/h6-7,10,13,17,20,22-26,28-30H,2,4-5,8-9,11-12,14-16H2,1,3H3/b13-6+,19-7+,21-10-/t17-,22-,23-,24+,25-,26+,27-/m1/s1",37863,C[C@H](\C=C\[C@@H](O)C1CC1)[C@H]2CC[C@H]3\C(=C\C=C/4\C[C@@H](O)C[C@H](O)C4=C)\CCC[C@]23C,4
Input,SN-38,-0.27285473,InputSig,NA,NA,LINCSCP_169146,YAPC,10uM,24h,pancreas,NA,NA,FJHBVJOVLFPMQE-QFIPXVFZSA-N,"InChI=1S/C22H20N2O5/c1-3-12-13-7-11(25)5-6-17(13)23-19-14(12)9-24-18(19)8-16-15(20(24)26)10-29-21(27)22(16,28)4-2/h5-8,25,28H,3-4,9-10H2,1-2H3/t22-/m0/s1",26763,CCc1c2CN3C(=O)C4=C(C=C3c2nc5ccc(O)cc15)[C@@](O)(CC)C(=O)OC4,NA
Input,GSK-1070916,-0.27281788,InputSig,NA,NA,LINCSCP_29499,MCF10A,10uM,24h,breast epithelial,Aurora kinase inhibitor,AURKB|AURKC,QTBWCSQGBMPECM-UHFFFAOYSA-N,"InChI=1S/C30H33N7O/c1-6-37-19-26(28(34-37)21-10-12-23(13-11-21)32-30(38)36(4)5)24-14-15-31-29-25(24)17-27(33-29)22-9-7-8-20(16-22)18-35(2)3/h7-17,19H,6,18H2,1-5H3,(H,31,33)(H,32,38)",37785,CCn1cc(c2ccnc3[nH]c(cc23)c4cccc(CN(C)C)c4)c(n1)c5ccc(NC(=O)N(C)C)cc5,1
Input,Buparlisib,-0.27262193,InputSig,NA,NA,LINCSCP_115236,HS578T,10uM,3h,breast,PI3K inhibitor,PIK3CA|PIK3CB|PIK3CD|PIK3CG|PIK3R1|PIK3R2|PIK3R3|PIK3R5,CWHUFRVAEUJCEF-UHFFFAOYSA-N,"InChI=1S/C18H21F3N6O2/c19-18(20,21)13-9-15(22)23-11-12(13)14-10-16(26-1-5-28-6-2-26)25-17(24-14)27-3-7-29-8-4-27/h9-11H,1-8H2,(H2,22,23)",15141,Nc1cc(c(cn1)c2cc(nc(n2)N3CCOCC3)N4CCOCC4)C(F)(F)F,3
Input,Amodiaquine,-0.27253063,InputSig,NA,NA,LINCSCP_120617,HT29,10uM,24h,large intestine,Histamine receptor agonist,HNMT,OVCDSSHSILBFBN-UHFFFAOYSA-N,"InChI=1S/C20H22ClN3O/c1-3-24(4-2)13-14-11-16(6-8-20(14)25)23-18-9-10-22-19-12-15(21)5-7-17(18)19/h5-12,25H,3-4,13H2,1-2H3,(H,22,23)",5108,CCN(CC)Cc1cc(Nc2ccnc3cc(Cl)ccc23)ccc1O,4
Input,179324-69-7,-0.27248625,InputSig,NA,NA,LINCSCP_101989,HELA,20uM,24h,large intestine,NFkB pathway inhibitor|Proteasome inhibitor,ADRM1|PSMA1|PSMA2|PSMA3|PSMA4|PSMA5|PSMA6|PSMA7|PSMA8|PSMB1|PSMB10|PSMB11|PSMB2|PSMB3|PSMB4|PSMB5|PSMB6|PSMB7|PSMB8|PSMB9|PSMC1|PSMC2|PSMC3|PSMC4|PSMC5|PSMC6|PSMD1|PSMD11|PSMD12|PSMD13|PSMD14|PSMD2|PSMD3|PSMD4|PSMD6|PSMD7|PSMD8|SEM1,NA,NA,NA,NA,NA
Input,Tacedinaline,-0.272475,InputSig,NA,NA,LINCSCP_171787,YAPC,3.33uM,24h,pancreas,HDAC inhibitor,HDAC1|HDAC10|HDAC11|HDAC2|HDAC3|HDAC4|HDAC5|HDAC6|HDAC7|HDAC8|HDAC9,VAZAPHZUAVEOMC-UHFFFAOYSA-N,"InChI=1S/C15H15N3O2/c1-10(19)17-12-8-6-11(7-9-12)15(20)18-14-5-3-2-4-13(14)16/h2-9H,16H2,1H3,(H,17,19)(H,18,20)",6047,CC(=O)Nc1ccc(cc1)C(=O)Nc2ccccc2N,3
Input,"8-Cyclohexyl-2,3,3a,4,5,6-hexahydro-1H-pyrazino[3,2,1-jk]carbazole",-0.272459,InputSig,NA,NA,LINCSCP_44683,PC3,10uM,24h,prostate,Monoamine oxidase inhibitor,MAOA,AUXCHYJDVJZEPG-UHFFFAOYSA-N,"InChI=1S/C20H26N2/c1-2-5-14(6-3-1)15-9-10-19-17(13-15)16-7-4-8-18-20(16)22(19)12-11-21-18/h9-10,13-14,18,21H,1-8,11-12H2",22422,C1CCC(CC1)c2ccc3c(c2)c4CCCC5NCCn3c45,NA
Input,BRD-K92543914,-0.27229032,InputSig,NA,NA,LINCSCP_28311,HT29,10uM,24h,large intestine,NA,NA,BBZOKLBYXCKCPD-XMGLRAKGSA-N,"InChI=1S/C25H26N2O3S/c1-30-22-9-5-8-21(14-22)19-10-12-20(13-11-19)25-23-15-27(16-24(25)26-23)31(28,29)17-18-6-3-2-4-7-18/h2-14,23-26H,15-17H2,1H3/t23-,24+,25?",11456,COc1cccc(c1)c2ccc(cc2)[C@@H]3[C@@H]4CN(C[C@H]3N4)S(=O)(=O)Cc5ccccc5,NA
Input,SCHEMBL2559280,-0.27212525,InputSig,NA,NA,LINCSCP_31496,MCF7,10uM,6h,breast,NA,NA,GPDDPZSDLKFTKG-UHFFFAOYSA-N,"InChI=1S/C24H26BrN3OS/c25-21-10-8-19(9-11-21)22-17-30-24(27-22)28-15-12-20(13-16-28)23(29)26-14-4-7-18-5-2-1-3-6-18/h1-3,5-6,8-11,17,20H,4,7,12-16H2,(H,26,29)",15724,Brc1ccc(cc1)c2csc(n2)N3CCC(CC3)C(=O)NCCCc4ccccc4,NA
Input,AC1NUE3V,-0.27207041,InputSig,NA,NA,LINCSCP_58990,VCAP,10uM,6h,prostate,Protein phosphatase inhibitor,DUSP1|DUSP6,XJDKPLZUXCIMIS-HKWRFOASSA-N,"InChI=1S/C22H23NO/c24-22-19-14-8-7-13-18(19)21(23-17-11-5-2-6-12-17)20(22)15-16-9-3-1-4-10-16/h1,3-4,7-10,13-15,17,21,23H,2,5-6,11-12H2/b20-15-",17672,O=C1\C(=C/c2ccccc2)\C(NC3CCCCC3)c4ccccc14,NA
Input,Digoxin,-0.27163583,InputSig,NA,NA,LINCSCP_26992,HT29,10uM,6h,large intestine,Sodium/potassium-transporting ATPase inhibitor,ATP1A1|ATP1A2|ATP1A3|ATP1A4|ATP1B1|ATP1B2|ATP1B3|FXYD2,LTMHDMANZUZIPE-PUGKRICDSA-N,"InChI=1S/C41H64O14/c1-19-36(47)28(42)15-34(50-19)54-38-21(3)52-35(17-30(38)44)55-37-20(2)51-33(16-29(37)43)53-24-8-10-39(4)23(13-24)6-7-26-27(39)14-31(45)40(5)25(9-11-41(26,40)48)22-12-32(46)49-18-22/h12,19-21,23-31,33-38,42-45,47-48H,6-11,13-18H2,1-5H3/t19-,20-,21-,23-,24+,25-,26-,27+,28+,29+,30+,31-,33+,34+,35+,36-,37-,38-,39+,40+,41+/m1/s1",15503,C[C@H]1O[C@H](C[C@H](O)[C@@H]1O)O[C@H]2[C@@H](O)C[C@H](O[C@H]3[C@@H](O)C[C@H](O[C@H]4CC[C@@]5(C)[C@H](CC[C@@H]6[C@@H]5C[C@@H](O)[C@]7(C)[C@H](CC[C@]67O)C8=CC(=O)OC8)C4)O[C@@H]3C)O[C@@H]2C,4
Input,CAY10603,-0.27160973,InputSig,NA,NA,LINCSCP_43657,NPC,10uM,6h,neural progenitor cells,HDAC inhibitor,HDAC6,WWGBHDIHIVGYLZ-UHFFFAOYSA-N,"InChI=1S/C22H30N4O6/c1-22(2,3)31-21(29)24-16-11-9-15(10-12-16)18-14-17(26-32-18)20(28)23-13-7-5-4-6-8-19(27)25-30/h9-12,14,30H,4-8,13H2,1-3H3,(H,23,28)(H,24,29)(H,25,27)",16213,CC(C)(C)OC(=O)Nc1ccc(cc1)c2onc(c2)C(=O)NCCCCCCC(=O)NO,NA
Input,CHEMBL520231,-0.27149287,InputSig,NA,NA,LINCSCP_57163,VCAP,10uM,6h,prostate,Exportin antagonist,XPO1,AICKZRPQDLFSPA-SREVYHEPSA-N,"InChI=1S/C12H11ClN4O2/c1-2-19-11(18)6-7-17-15-12(14-16-17)9-4-3-5-10(13)8-9/h3-8H,2H2,1H3/b7-6-",17698,CCOC(=O)\C=C/n1nnc(n1)c2cccc(Cl)c2,NA
Input,CHEMBL2142877,-0.27139524,InputSig,NA,NA,LINCSCP_26439,HT29,10uM,6h,large intestine,NA,NA,SFLIDSZKPUWPJR-UHFFFAOYSA-N,"InChI=1S/C23H16N6S/c1-3-9-16(10-4-1)19-15-30-23(25-19)27-22-20(17-11-5-2-6-12-17)28-29-21(26-22)18-13-7-8-14-24-18/h1-15H,(H,25,26,27,29)",39107,N(c1nc(cs1)c2ccccc2)c3nc(nnc3c4ccccc4)c5ccccn5,NA
Input,MLS000094380,-0.27134257,InputSig,NA,NA,LINCSCP_5596,A549,10uM,24h,lung,NA,NA,CHMQQIFPOIZPIJ-UHFFFAOYSA-N,"InChI=1S/C20H25ClN4O2/c21-15-5-4-8-17(13-15)23-9-11-24(12-10-23)18-14-19(26)25(20(27)22-18)16-6-2-1-3-7-16/h4-5,8,13-14,16H,1-3,6-7,9-12H2,(H,22,27)",35835,Clc1cccc(c1)N2CCN(CC2)C3=CC(=O)N(C4CCCCC4)C(=O)N3,NA
Input,Fluspirilene,-0.27133418,InputSig,NA,NA,LINCSCP_43663,NPC,10uM,6h,neural progenitor cells,Dopamine receptor antagonist,DRD2|HTR2A,QOYHHIBFXOOADH-UHFFFAOYSA-N,"InChI=1S/C29H31F2N3O/c30-24-12-8-22(9-13-24)27(23-10-14-25(31)15-11-23)7-4-18-33-19-16-29(17-20-33)28(35)32-21-34(29)26-5-2-1-3-6-26/h1-3,5-6,8-15,27H,4,7,16-21H2,(H,32,35)",15927,Fc1ccc(cc1)C(CCCN2CCC3(CC2)N(CNC3=O)c4ccccc4)c5ccc(F)cc5,4
Input,Ispinesib,-0.27132895,InputSig,NA,NA,LINCSCP_26512,HT29,10uM,6h,large intestine,Kinesin inhibitor,KIF11,QJZRFPJCWMNVAV-HHHXNRCGSA-N,"InChI=1S/C30H33ClN4O2/c1-20(2)27(34(17-7-16-32)29(36)23-12-10-21(3)11-13-23)28-33-26-18-24(31)14-15-25(26)30(37)35(28)19-22-8-5-4-6-9-22/h4-6,8-15,18,20,27H,7,16-17,19,32H2,1-3H3/t27-/m1/s1",36517,CC(C)[C@@H](N(CCCN)C(=O)c1ccc(C)cc1)C2=Nc3cc(Cl)ccc3C(=O)N2Cc4ccccc4,NA
Input,Chloroxine,-0.27102265,InputSig,NA,NA,LINCSCP_25177,HT29,10uM,6h,large intestine,Opioid receptor antagonist,NA,WDFKMLRRRCGAKS-UHFFFAOYSA-N,"InChI=1S/C9H5Cl2NO/c10-6-4-7(11)9(13)8-5(6)2-1-3-12-8/h1-4,13H",13693,Oc1c(Cl)cc(Cl)c2cccnc12,4
Input,Disulfiram,-0.27089091,InputSig,NA,NA,LINCSCP_71828,A375,0.37uM,24h,skin,Aldehyde dehydrogenase inhibitor,ALDH2,AUZONCFQVSMFAP-UHFFFAOYSA-N,"InChI=1S/C10H20N2S4/c1-5-11(6-2)9(13)15-16-10(14)12(7-3)8-4/h5-8H2,1-4H3",38758,CCN(CC)C(=S)SSC(=S)N(CC)CC,4
Input,Albendazole,-0.27049426,InputSig,NA,NA,LINCSCP_79919,A375,0.37uM,24h,skin,Tubulin inhibitor,NA,HXHWSAZORRCQMX-UHFFFAOYSA-N,"InChI=1S/C12H15N3O2S/c1-3-6-18-8-4-5-9-10(7-8)14-11(13-9)15-12(16)17-2/h4-5,7H,3,6H2,1-2H3,(H2,13,14,15,16)",15946,CCCSc1ccc2[nH]c(NC(=O)OC)nc2c1,4
Input,ZINC04980953,-0.27041446,InputSig,NA,NA,LINCSCP_10697,ASC,10uM,24h,adipose,NA,NA,KMPUYUUZLQNNFX-UHFFFAOYSA-N,"InChI=1S/C15H8Cl2N2O4/c16-8-5-9(17)7-10(6-8)18-13-11-3-1-2-4-12(11)23-15(20)14(13)19(21)22/h1-7,18H",11726,[O-][N+](=O)C1=C(Nc2cc(Cl)cc(Cl)c2)c3ccccc3OC1=O,NA
Input,Prazosin,-0.27034969,InputSig,NA,NA,LINCSCP_76792,A375,10uM,24h,skin,Adrenergic receptor alpha-1 antagonist,ADRA1A|ADRA1B|ADRA1D|ADRA2A|ADRA2B|ADRA2C,IENZQIKPVFGBNW-UHFFFAOYSA-N,"InChI=1S/C19H21N5O4/c1-26-15-10-12-13(11-16(15)27-2)21-19(22-17(12)20)24-7-5-23(6-8-24)18(25)14-4-3-9-28-14/h3-4,9-11H,5-8H2,1-2H3,(H2,20,21,22)",35811,COc1cc2nc(nc(N)c2cc1OC)N3CCN(CC3)C(=O)c4occc4,4
Input,BRD-K30126976,-0.27014171,InputSig,NA,NA,LINCSCP_258946,NEU,10uM,24h,NA,NA,NA,OANCONKVZGQSHB-KIAQLKRMSA-N,"InChI=1S/C35H46N4O5/c1-25-21-39(26(2)24-40)35(42)31-20-30(37-34(41)29-15-17-36-18-16-29)13-14-32(31)44-27(3)10-8-9-19-43-33(25)23-38(4)22-28-11-6-5-7-12-28/h5-7,11-18,20,25-27,33,40H,8-10,19,21-24H2,1-4H3,(H,37,41)/t25-,26-,27-,33-/m0/s1",12354,C[C@@H](CO)N1C[C@H](C)[C@H](CN(C)Cc2ccccc2)OCCCC[C@H](C)Oc3ccc(NC(=O)c4ccncc4)cc3C1=O,NA
Input,RS504393,-0.27002928,InputSig,NA,NA,LINCSCP_44163,PC3,10uM,6h,prostate,CC chemokine receptor antagonist,CCR2,ODNICNWASXKNNQ-UHFFFAOYSA-N,"InChI=1S/C25H27N3O3/c1-17-8-9-22-20(16-17)25(31-24(29)27-22)11-14-28(15-12-25)13-10-21-18(2)30-23(26-21)19-6-4-3-5-7-19/h3-9,16H,10-15H2,1-2H3,(H,27,29)",36103,Cc1ccc2NC(=O)OC3(CCN(CCc4nc(oc4C)c5ccccc5)CC3)c2c1,NA
Input,GF-109203,-0.2699411,InputSig,NA,NA,LINCSCP_43598,NPC,10uM,6h,neural progenitor cells,CDK inhibitor|PKC inhibitor,PRKCA,QMGUOJYZJKLOLH-UHFFFAOYSA-N,"InChI=1S/C25H24N4O2/c1-28(2)12-7-13-29-15-19(17-9-4-6-11-21(17)29)23-22(24(30)27-25(23)31)18-14-26-20-10-5-3-8-16(18)20/h3-6,8-11,14-15,26H,7,12-13H2,1-2H3,(H,27,30,31)",15540,CN(C)CCCn1cc(C2=C(C(=O)NC2=O)c3c[nH]c4ccccc34)c5ccccc15,NA
Input,BRD-K75693278,-0.26957182,InputSig,NA,NA,LINCSCP_63526,VCAP,5uM,24h,prostate,NA,NA,QCHQNBIYSRQADD-KEZOAJOQSA-N,"InChI=1S/C26H32F3N3O4/c27-26(28,29)20-3-1-2-19(12-20)14-32-15-21(33)16-35-17-24-23(32)5-4-22(36-24)13-25(34)31-11-8-18-6-9-30-10-7-18/h1-3,6-7,9-10,12,21-24,33H,4-5,8,11,13-17H2,(H,31,34)/t21-,22+,23+,24-/m0/s1",5086,O[C@@H]1COC[C@@H]2O[C@@H](CC(=O)NCCc3ccncc3)CC[C@H]2N(Cc4cccc(c4)C(F)(F)F)C1,NA
Input,MEGXM0_000149,-0.26909557,InputSig,NA,NA,LINCSCP_2232,A375,10uM,6h,skin,NA,NA,BFKWUALLEWQMII-UHFFFAOYSA-N,"InChI=1S/C16H12O7/c1-22-16(21)8-2-3-9(18)15-12(8)14(20)13-10(19)4-7(6-17)5-11(13)23-15/h2-5,17-19H,6H2,1H3",11945,COC(=O)c1ccc(O)c2Oc3cc(CO)cc(O)c3C(=O)c12,NA
Input,Dilazep,-0.26905874,InputSig,NA,NA,LINCSCP_125056,HT29,10uM,24h,large intestine,Adenosine reuptake inhibitor,SLC29A1,QVZCXCJXTMIDME-UHFFFAOYSA-N,"InChI=1S/C31H44N2O10/c1-36-24-18-22(19-25(37-2)28(24)40-5)30(34)42-16-8-12-32-10-7-11-33(15-14-32)13-9-17-43-31(35)23-20-26(38-3)29(41-6)27(21-23)39-4/h18-21H,7-17H2,1-6H3",35804,COc1cc(cc(OC)c1OC)C(=O)OCCCN2CCCN(CCCOC(=O)c3cc(OC)c(OC)c(OC)c3)CC2,NA
Input,Mycophenolate Mofetil,-0.26890305,InputSig,NA,NA,LINCSCP_6915,A549,10uM,24h,lung,Dehydrogenase inhibitor|Hydroxycarboxylic acid receptor agonist|Immunosuppressant|Inosine monophosphate dehydrogenase inhibitor|Inositol monophosphatase inhibitor,IMPDH1|IMPDH2,RTGDFNSFWBGLEC-SYZQJQIISA-N,"InChI=1S/C23H31NO7/c1-15(5-7-19(25)30-13-10-24-8-11-29-12-9-24)4-6-17-21(26)20-18(14-31-23(20)27)16(2)22(17)28-3/h4,26H,5-14H2,1-3H3/b15-4+",17643,COc1c(C)c2COC(=O)c2c(O)c1C\C=C(/C)\CCC(=O)OCCN3CCOCC3,4
Input,Paroxetine,-0.26886165,InputSig,NA,NA,LINCSCP_26831,HT29,10uM,6h,large intestine,Selective serotonin reuptake inhibitor (SSRI),SLC6A4,AHOUBRCZNHFOSL-YOEHRIQHSA-N,"InChI=1S/C19H20FNO3/c20-15-3-1-13(2-4-15)17-7-8-21-10-14(17)11-22-16-5-6-18-19(9-16)24-12-23-18/h1-6,9,14,17,21H,7-8,10-12H2/t14-,17-/m0/s1",35722,Fc1ccc(cc1)[C@@H]2CCNC[C@H]2COc3ccc4OCOc4c3,4
Input,4-Hydroxytamoxifen,-0.26878174,InputSig,NA,NA,LINCSCP_44704,PC3,10uM,24h,prostate,Estrogen receptor antagonist|Selective estrogen receptor modulator (SERM),ESR1|ESR2,TXUZVZSFRXZGTL-QPLCGJKRSA-N,"InChI=1S/C26H29NO2/c1-4-25(20-8-6-5-7-9-20)26(21-10-14-23(28)15-11-21)22-12-16-24(17-13-22)29-19-18-27(2)3/h5-17,28H,4,18-19H2,1-3H3/b26-25-",17509,CC\C(=C(/c1ccc(O)cc1)\c2ccc(OCCN(C)C)cc2)\c3ccccc3,NA
Input,CGP71683A,-0.26858296,InputSig,NA,NA,LINCSCP_14569,HA1E,10uM,6h,kidney epithelial,Neuropeptide receptor antagonist,NPY5R,UULIGRNKXHCLQN-UHFFFAOYSA-N,"InChI=1S/C26H29N5O2S/c27-25-22-9-3-4-10-23(22)30-26(31-25)28-16-18-12-14-19(15-13-18)17-29-34(32,33)24-11-5-7-20-6-1-2-8-21(20)24/h1-11,18-19,29H,12-17H2,(H3,27,28,30,31)",35667,Nc1nc(NCC2CCC(CNS(=O)(=O)c3cccc4ccccc34)CC2)nc5ccccc15,NA
Input,Cucurbitacin-I,-0.26855515,InputSig,NA,NA,LINCSCP_10294,A673,10uM,6h,bone,JAK inhibitor|Lipocortin synthesis stimulant|STAT inhibitor,JAK2|STAT3,NZZOMHODWAPPJH-YOLQPZLMSA-N,"InChI=1S/C30H42O7/c1-25(2,36)12-11-21(33)30(8,37)23-19(32)14-27(5)20-10-9-16-17(13-18(31)24(35)26(16,3)4)29(20,7)22(34)15-28(23,27)6/h9,11-12,17,19-20,23,32,36-37H,10,13-15H2,1-8H3/b12-11+/t17?,19-,20?,23?,27+,28-,29+,30+/m1/s1",25761,CC(C)(O)\C=C\C(=O)[C@](C)(O)C1[C@H](O)C[C@@]2(C)C3CC=C4C(CC(=O)C(=O)C4(C)C)[C@]3(C)C(=O)C[C@]12C,NA
Input,Terfenadine,-0.26837331,InputSig,NA,NA,LINCSCP_2510,A375,10uM,6h,skin,Histamine receptor antagonist,HRH1|KCNH2,GUGOEEXESWIERI-UHFFFAOYSA-N,"InChI=1S/C32H41NO2/c1-31(2,3)26-18-16-25(17-19-26)30(34)15-10-22-33-23-20-29(21-24-33)32(35,27-11-6-4-7-12-27)28-13-8-5-9-14-28/h4-9,11-14,16-19,29-30,34-35H,10,15,20-24H2,1-3H3",35311,CC(C)(C)c1ccc(cc1)C(O)CCCN2CCC(CC2)C(O)(c3ccccc3)c4ccccc4,4
Input,MLS000583963,-0.26835776,InputSig,NA,NA,LINCSCP_1763,A375,10uM,6h,skin,NA,NA,WZPVBLAQLFFXTN-UHFFFAOYSA-N,"InChI=1S/C23H26Cl2N2O3/c1-30-20-12-10-16(11-13-20)22(23(29)26-18-7-3-2-4-8-18)27(21(28)15-24)19-9-5-6-17(25)14-19/h5-6,9-14,18,22H,2-4,7-8,15H2,1H3,(H,26,29)",35343,COc1ccc(cc1)C(N(C(=O)CCl)c2cccc(Cl)c2)C(=O)NC3CCCCC3,NA
Input,BRD-K74998149,-0.26831071,InputSig,NA,NA,LINCSCP_49014,PC3,10uM,24h,prostate,NA,NA,MCPOEXMSULFVHI-KZFQQWRHSA-N,"InChI=1S/C38H41F3N6O5/c1-23-19-47(24(2)22-48)36(50)30-18-29(44-37(51)43-28-14-12-27(13-15-28)38(39,40)41)16-17-33(30)52-34(23)21-46(3)20-25-8-10-26(11-9-25)35(49)45-32-7-5-4-6-31(32)42/h4-18,23-24,34,48H,19-22,42H2,1-3H3,(H,45,49)(H2,43,44,51)/t23-,24+,34-/m0/s1",13490,C[C@H](CO)N1C[C@H](C)[C@H](CN(C)Cc2ccc(cc2)C(=O)Nc3ccccc3N)Oc4ccc(NC(=O)Nc5ccc(cc5)C(F)(F)F)cc4C1=O,NA
Input,MD-041,-0.2682577,InputSig,NA,NA,LINCSCP_26414,HT29,10uM,6h,large intestine,NA,NA,GSYPVTRHRIBUQT-VNQRMFGESA-N,"InChI=1S/C54H60N4O15/c1-65-40-31-37(16-19-49(62)56-22-10-7-13-46(56)59)32-41(66-2)52(40)71-28-25-55(26-29-72-53-42(67-3)33-38(34-43(53)68-4)17-20-50(63)57-23-11-8-14-47(57)60)27-30-73-54-44(69-5)35-39(36-45(54)70-6)18-21-51(64)58-24-12-9-15-48(58)61/h7-9,13-21,31-36H,10-12,22-30H2,1-6H3/b19-16+,20-17+,21-18+",25763,COc1cc(\C=C\C(=O)N2CCC=CC2=O)cc(OC)c1OCCN(CCOc3c(OC)cc(\C=C\C(=O)N4CCC=CC4=O)cc3OC)CCOc5c(OC)cc(\C=C\C(=O)N6CCC=CC6=O)cc5OC,NA
Input,BRD-K13528168-001-01-6,-0.26824593,InputSig,NA,NA,LINCSCP_259488,NEU,10uM,24h,NA,NA,NA,OJLFFESELHQPKS-UHFFFAOYSA-N,"InChI=1S/C17H17F3N2S/c1-21-9-4-10-22-13-5-2-3-6-15(13)23-16-8-7-12(11-14(16)22)17(18,19)20/h2-3,5-8,11,21H,4,9-10H2,1H3",11548,CNCCCN1c2ccccc2Sc3ccc(cc13)C(F)(F)F,NA
Input,VU0418947-2,-0.26824452,InputSig,NA,NA,LINCSCP_26142,HT29,10uM,6h,large intestine,HIF modulator,NA,MWRDNBONCUGSBY-UHFFFAOYSA-N,"InChI=1S/C27H21N5/c1-3-11-21(12-4-1)23-15-9-10-20(18-23)19-29-27-25(22-13-5-2-6-14-22)31-32-26(30-27)24-16-7-8-17-28-24/h1-18H,19H2,(H,29,30,32)",36021,C(Nc1nc(nnc1c2ccccc2)c3ccccn3)c4cccc(c4)c5ccccc5,NA
Input,Obatoclax,-0.26817783,InputSig,NA,NA,LINCSCP_58706,VCAP,10uM,6h,prostate,BCL inhibitor,BCL2,RFTSSZJZXOSICM-GRSHGNNSSA-N,"InChI=1S/C20H19N3O/c1-12-8-13(2)21-16(12)10-19-20(24-3)11-18(23-19)17-9-14-6-4-5-7-15(14)22-17/h4-11,21-22H,1-3H3/b19-10-",25769,COC1=CC(=N/C/1=C\c2[nH]c(C)cc2C)c3cc4ccccc4[nH]3,NA
Input,ZINC01043777,-0.26816689,InputSig,NA,NA,LINCSCP_16817,HA1E,10uM,6h,kidney epithelial,NA,NA,HUGIUMYAEHKODD-UHFFFAOYSA-N,"InChI=1S/C20H15Cl2FO2/c21-16-5-1-14(2-6-16)20(24,15-3-7-17(22)8-4-15)13-25-19-11-9-18(23)10-12-19/h1-12,24H,13H2",207,OC(COc1ccc(F)cc1)(c2ccc(Cl)cc2)c3ccc(Cl)cc3,NA
Input,SPECTRUM_000011,-0.2681067,InputSig,NA,NA,LINCSCP_44775,PC3,10uM,6h,prostate,Bacterial permeability inducer,NA,BBMULGJBVDDDNI-YFGMYPSKSA-N,"InChI=1S/C34H54O8/c1-9-25(31-21(6)18-34(11-3,42-31)26-16-17-33(40,10-2)23(8)41-26)30(37)22(7)28(35)19(4)12-14-24-15-13-20(5)29(36)27(24)32(38)39/h13,15,19,21-23,25-26,28,31,35-36,40H,9-12,14,16-18H2,1-8H3,(H,38,39)/t19-,21+,22?,23+,25+,26?,28+,31?,33-,34?/m1/s1",22455,CC[C@H](C1OC(CC)(C[C@@H]1C)C2CC[C@](O)(CC)[C@H](C)O2)C(=O)C(C)[C@@H](O)[C@H](C)CCc3ccc(C)c(O)c3C(=O)O,NA
Input,T 98475,-0.26807962,InputSig,NA,NA,LINCSCP_55671,VCAP,10uM,24h,prostate,Gonadotropin releasing factor hormone receptor antagonist,GNRHR,RANJJVIMTOIWIN-UHFFFAOYSA-N,"InChI=1S/C37H37F2N3O4S/c1-22(2)35(44)40-26-16-14-25(15-17-26)34-28(19-41(5)18-24-10-7-6-8-11-24)32-33(43)29(37(45)46-23(3)4)21-42(36(32)47-34)20-27-30(38)12-9-13-31(27)39/h6-17,21-23H,18-20H2,1-5H3,(H,40,44)",35910,CC(C)OC(=O)C1=CN(Cc2c(F)cccc2F)c3sc(c(CN(C)Cc4ccccc4)c3C1=O)c5ccc(NC(=O)C(C)C)cc5,NA
Input,AZD-1152HQPA,-0.26763219,InputSig,NA,NA,LINCSCP_4094,A375,1uM,24h,skin,Aurora kinase inhibitor,NA,NA,NA,42704,NA,NA
Input,Tipifarnib,-0.26762457,InputSig,NA,NA,LINCSCP_140378,MCF7,0.37uM,24h,breast,Farnesyltransferase inhibitor,CHURC1-FNTB|FNTA|FNTB,PLHJCIYEEKOWNM-HHHXNRCGSA-N,"InChI=1S/C27H22Cl2N4O/c1-32-16-31-15-25(32)27(30,18-6-9-20(28)10-7-18)19-8-11-24-23(13-19)22(14-26(34)33(24)2)17-4-3-5-21(29)12-17/h3-16H,30H2,1-2H3/t27-/m1/s1",16529,CN1C(=O)C=C(c2cccc(Cl)c2)c3cc(ccc13)[C@](N)(c4ccc(Cl)cc4)c5cncn5C,3
Input,BG-1010,-0.26721569,InputSig,NA,NA,LINCSCP_43545,NPC,10uM,6h,neural progenitor cells,NA,NA,MDZWCUNUQCQODR-UHFFFAOYSA-N,"InChI=1S/C27H31ClN4O3S/c1-32-24-13-8-5-10-20(24)27(21-16-15-19(28)18-25(21)36(32,34)35)30-17-9-3-2-4-14-26(33)31-23-12-7-6-11-22(23)29/h5-8,10-13,15-16,18,27,30H,2-4,9,14,17,29H2,1H3,(H,31,33)",11537,CN1c2ccccc2C(NCCCCCCC(=O)Nc3ccccc3N)c4ccc(Cl)cc4S1(=O)=O,NA
Input,BG-1025,-0.26721512,InputSig,NA,NA,LINCSCP_43622,NPC,10uM,6h,neural progenitor cells,NA,NA,DZJZQNLBLZSWDQ-KGENOOAVSA-N,"InChI=1S/C19H22N4O3/c24-18(4-2-1-3-5-19(25)23-26)22-21-14-15-6-8-16(9-7-15)17-10-12-20-13-11-17/h6-14,26H,1-5H2,(H,22,24)(H,23,25)/b21-14+",5,ONC(=O)CCCCCC(=O)NN=Cc1ccc(cc1)c2ccncc2,NA
Input,Coleoforsin,-0.26711653,InputSig,NA,NA,LINCSCP_26788,HT29,10uM,6h,large intestine,Adenylyl cyclase activator,ADCY2|ADCY5,OHCQJHSOBUTRHG-VDCUXWMXSA-N,"InChI=1S/C22H34O7/c1-8-19(5)11-14(25)22(27)20(6)13(24)9-10-18(3,4)16(20)15(26)17(28-12(2)23)21(22,7)29-19/h8,13,15-17,24,26-27H,1,9-11H2,2-7H3/t13-,15-,16?,17-,19-,20-,21+,22-/m0/s1",415,CC(=O)O[C@H]1[C@@H](O)C2C(C)(C)CC[C@H](O)[C@]2(C)[C@@]3(O)C(=O)C[C@@](C)(O[C@]13C)C=C,NA
Input,AZD-1152-HQPA,-0.26710817,InputSig,NA,NA,LINCSCP_69028,A375,3.33uM,24h,skin,Aurora kinase inhibitor,AURKA|AURKB,QYZOGCMHVIGURT-UHFFFAOYSA-N,"InChI=1S/C26H30FN7O3/c1-2-34(10-11-35)9-4-12-37-21-7-8-22-23(16-21)28-17-29-26(22)31-24-14-20(32-33-24)15-25(36)30-19-6-3-5-18(27)13-19/h3,5-8,13-14,16-17,35H,2,4,9-12,15H2,1H3,(H,30,36)(H2,28,29,31,32,33)",35270,CCN(CCO)CCCOc1ccc2c(Nc3cc(CC(=O)Nc4cccc(F)c4)[nH]n3)ncnc2c1,NA
Input,Itrazole,-0.26701943,InputSig,NA,NA,LINCSCP_269592,PC3,10uM,24h,prostate,Cytochrome P450 inhibitor,NA,VHVPQPYKVGDNFY-UHFFFAOYSA-N,"InChI=1S/C35H38Cl2N8O4/c1-3-25(2)45-34(46)44(24-40-45)29-7-5-27(6-8-29)41-14-16-42(17-15-41)28-9-11-30(12-10-28)47-19-31-20-48-35(49-31,21-43-23-38-22-39-43)32-13-4-26(36)18-33(32)37/h4-13,18,22-25,31H,3,14-17,19-21H2,1-2H3",36357,CCC(C)N1N=CN(C1=O)c2ccc(cc2)N3CCN(CC3)c4ccc(OCC5COC(Cn6cncn6)(O5)c7ccc(Cl)cc7Cl)cc4,NA
Input,Mibefradil,-0.26698804,InputSig,NA,NA,LINCSCP_26976,HT29,10uM,6h,large intestine,T-type calcium channel blocker,CACNA1C|CACNA1G|CACNA1H|CACNA1I,HBNPJJILLOYFJU-VMPREFPWSA-N,"InChI=1S/C29H38FN3O3/c1-20(2)28-23-12-11-22(30)18-21(23)13-14-29(28,36-27(34)19-35-4)15-17-33(3)16-7-10-26-31-24-8-5-6-9-25(24)32-26/h5-6,8-9,11-12,18,20,28H,7,10,13-17,19H2,1-4H3,(H,31,32)/t28-,29-/m0/s1",15407,COCC(=O)O[C@]1(CCN(C)CCCc2nc3ccccc3[nH]2)CCc4cc(F)ccc4[C@@H]1C(C)C,4
Input,BRD-K73911580,-0.26683583,InputSig,NA,NA,LINCSCP_60487,VCAP,5uM,6h,prostate,NA,NA,AHLJWBISIVXZIU-XFAGBWLFSA-N,"InChI=1S/C25H29FN2O5S/c1-17-14-28(18(2)16-29)34(31,32)25-12-9-21(6-5-20-7-10-22(26)11-8-20)13-23(25)33-24(17)15-27(4)19(3)30/h7-13,17-18,24,29H,14-16H2,1-4H3/t17-,18-,24-/m0/s1",871,C[C@@H](CO)N1C[C@H](C)[C@H](CN(C)C(=O)C)Oc2cc(ccc2S1(=O)=O)C#Cc3ccc(F)cc3,NA
Input,Raloxifene,-0.26677338,InputSig,NA,NA,LINCSCP_280484,PC3,10uM,24h,prostate,Estrogen receptor beta modulator,ESR1|ESR2,GZUITABIAKMVPG-UHFFFAOYSA-N,"InChI=1S/C28H27NO4S/c30-21-8-4-20(5-9-21)28-26(24-13-10-22(31)18-25(24)34-28)27(32)19-6-11-23(12-7-19)33-17-16-29-14-2-1-3-15-29/h4-13,18,30-31H,1-3,14-17H2",35927,Oc1ccc(cc1)c2sc3cc(O)ccc3c2C(=O)c4ccc(OCCN5CCCCC5)cc4,4
Input,AC1OFCDP,-0.26664853,InputSig,NA,NA,LINCSCP_47622,PC3,10uM,24h,prostate,HMGCR inhibitor,HMGCR,PCZOHLXUXFIOCF-ZZUUWIQOSA-N,"InChI=1S/C24H36O5/c1-5-15(3)24(27)29-21-11-14(2)10-17-7-6-16(4)20(23(17)21)9-8-19-12-18(25)13-22(26)28-19/h6-7,10,14-16,18-21,23,25H,5,8-9,11-13H2,1-4H3/t14-,15-,16-,18+,19+,20-,21-,23+/m0/s1",22268,CC[C@H](C)C(=O)O[C@H]1C[C@@H](C)C=C2C=C[C@H](C)[C@H](CC[C@@H]3C[C@@H](O)CC(=O)O3)[C@H]12,NA
Input,CHEMBL1398049,-0.26658552,InputSig,NA,NA,LINCSCP_1256,A375,10uM,24h,skin,NA,NA,UQEANGJNYLXOQG-UHFFFAOYSA-N,"InChI=1S/C18H25N3O7S/c1-13(2)11-19-6-8-20(9-7-19)17(22)12-28-18(23)14-4-5-16(29(3,26)27)15(10-14)21(24)25/h4-5,10,13H,6-9,11-12H2,1-3H3",16071,CC(C)CN1CCN(CC1)C(=O)COC(=O)c2ccc(c(c2)[N+](=O)[O-])S(=O)(=O)C,NA
Input,CHEMBL2135649,-0.26656882,InputSig,NA,NA,LINCSCP_47178,PC3,10uM,24h,prostate,NA,NA,XHCFGJIATIGRMD-SQJKUQPUSA-N,"InChI=1S/C37H42N6O5/c1-24-20-43(25(2)23-44)36(46)29-12-9-15-32(41-37(47)39-28-10-5-4-6-11-28)34(29)48-33(24)22-42(3)21-26-16-18-27(19-17-26)35(45)40-31-14-8-7-13-30(31)38/h4-19,24-25,33,44H,20-23,38H2,1-3H3,(H,40,45)(H2,39,41,47)/t24-,25+,33+/m1/s1",40359,C[C@@H](CO)N1C[C@@H](C)[C@H](CN(C)Cc2ccc(cc2)C(=O)Nc3ccccc3N)Oc4c(NC(=O)Nc5ccccc5)cccc4C1=O,NA
Input,Omacetaxine Mepesuccinate,-0.26640305,InputSig,NA,NA,LINCSCP_50128,PHH,10uM,24h,NA,Protein synthesis inhibitor,NA,HYFHYPWGAURHIV-JFIAXGOJSA-N,"InChI=1S/C29H39NO9/c1-27(2,33)8-5-10-29(34,16-23(31)36-4)26(32)39-25-22(35-3)15-28-9-6-11-30(28)12-7-18-13-20-21(38-17-37-20)14-19(18)24(25)28/h13-15,24-25,33-34H,5-12,16-17H2,1-4H3/t24-,25-,28+,29-/m1/s1",36016,COC(=O)C[C@](O)(CCCC(C)(C)O)C(=O)O[C@H]1[C@H]2c3cc4OCOc4cc3CCN5CCC[C@]25C=C1OC,4
Input,CHEMBL2137269,-0.26634859,InputSig,NA,NA,LINCSCP_47246,PC3,10uM,6h,prostate,NA,NA,FIGGLCUVZRSRTI-QXULMBECSA-N,"InChI=1S/C43H53N5O6/c1-30-26-48(31(2)29-49)43(52)25-33-24-34(45-41(50)16-8-5-9-17-42(51)46-38-15-11-10-14-37(38)44)20-23-39(33)54-40(30)28-47(3)27-32-18-21-36(22-19-32)53-35-12-6-4-7-13-35/h4,6-7,10-15,18-24,30-31,40,49H,5,8-9,16-17,25-29,44H2,1-3H3,(H,45,50)(H,46,51)/t30-,31-,40-/m0/s1",19830,C[C@@H](CO)N1C[C@H](C)[C@H](CN(C)Cc2ccc(Oc3ccccc3)cc2)Oc4ccc(NC(=O)CCCCCC(=O)Nc5ccccc5N)cc4CC1=O,NA
Input,Ursolic acid,-0.26610924,InputSig,NA,NA,LINCSCP_30838,MCF7,70uM,6h,breast,11-beta hydroxysteroid dehydrogenase inhibitor|Acetylcholinesterase inhibitor|Caspase inhibitor|HIV protease inhibitor|Lipid peroxidase inhibitor|Quorum sensing signaling modulator|Steryl sulfatase inhibitor|Tyrosine phosphatase inhibitor|ATPase inhibitor|NFkB pathway inhibitor|STAT inhibitor,HSD11B1|PTPN1,WCGUUGGRBIKTOS-GPOJBZKASA-N,"InChI=1S/C30H48O3/c1-18-10-15-30(25(32)33)17-16-28(6)20(24(30)19(18)2)8-9-22-27(5)13-12-23(31)26(3,4)21(27)11-14-29(22,28)7/h8,18-19,21-24,31H,9-17H2,1-7H3,(H,32,33)/t18-,19+,21+,22-,23+,24+,27+,28-,29-,30+/m1/s1",38708,C[C@@H]1CC[C@@]2(CC[C@]3(C)C(=CC[C@@H]4[C@@]5(C)CC[C@H](O)C(C)(C)[C@@H]5CC[C@@]34C)[C@@H]2[C@H]1C)C(=O)O,NA
Input,Gallocatechin Gallate,-0.26603328,InputSig,NA,NA,LINCSCP_21661,HEPG2,90uM,6h,liver,Nitric oxide synthase inhibitor,BACE1|FASN,WMBWREPUVVBILR-NQIIRXRSSA-N,"InChI=1S/C22H18O11/c23-10-5-12(24)11-7-18(33-22(31)9-3-15(27)20(30)16(28)4-9)21(32-17(11)6-10)8-1-13(25)19(29)14(26)2-8/h1-6,18,21,23-30H,7H2/t18-,21+/m1/s1",16519,Oc1cc(O)c2C[C@@H](OC(=O)c3cc(O)c(O)c(O)c3)[C@@H](Oc2c1)c4cc(O)c(O)c(O)c4,NA
Input,Romidepsin,-0.26594609,InputSig,NA,NA,LINCSCP_158085,PC3,10uM,24h,prostate,NA,NA,OHRURASPPZQGQM-GCCNXGTGSA-N,"InChI=1S/C24H36N4O6S2/c1-6-16-21(30)28-20(14(4)5)24(33)34-15-9-7-8-10-35-36-12-17(22(31)25-16)26-23(32)19(13(2)3)27-18(29)11-15/h6-7,9,13-15,17,19-20H,8,10-12H2,1-5H3,(H,25,31)(H,26,32)(H,27,29)(H,28,30)/b9-7+,16-6-/t15-,17-,19-,20+/m1/s1",26596,C\C=C\1/NC(=O)[C@H]2CSSCC\C=C\[C@H](CC(=O)N[C@H](C(C)C)C(=O)N2)OC(=O)[C@@H](NC1=O)C(C)C,NA
Input,QL-XII-47,-0.26561861,InputSig,NA,NA,LINCSCP_59150,VCAP,10uM,6h,prostate,BTK inhibitor|Cytoplasmic tyrosine protein kinase BMX inhibitor,BMX|BTK,NA,NA,42720,NA,NA
Input,Enclomiphene,-0.26557641,InputSig,NA,NA,LINCSCP_28572,HT29,10uM,24h,large intestine,Estrogen receptor antagonist,ESR1,GKIRPKYJQBWNGO-OCEACIFDSA-N,"InChI=1S/C26H28ClNO/c1-3-28(4-2)19-20-29-24-17-15-22(16-18-24)25(21-11-7-5-8-12-21)26(27)23-13-9-6-10-14-23/h5-18H,3-4,19-20H2,1-2H3/b26-25+",40197,CCN(CC)CCOc1ccc(cc1)\C(=C(\Cl)/c2ccccc2)\c3ccccc3,4
Input,SCHEMBL15422158,-0.26546245,InputSig,NA,NA,LINCSCP_46194,PC3,10uM,24h,prostate,NA,NA,NOGYLJPOBZIXGR-MDZDMXLPSA-N,"InChI=1S/C22H22N2O5/c1-27-18-12-15(13-19(28-2)22(18)29-3)9-10-21(26)24-17(7-4-8-20(24)25)16-6-5-11-23-14-16/h4-6,8-14,17H,7H2,1-3H3/b10-9+",25891,COc1cc(\C=C\C(=O)N2C(CC=CC2=O)c3cccnc3)cc(OC)c1OC,NA
Input,Z36,-0.26539213,InputSig,NA,NA,LINCSCP_41554,NEU,10uM,6h,NA,BCL inhibitor,NA,CQNOITUXWKRVMB-JAIQZWGSSA-N,"InChI=1S/C23H24FN3O2/c1-26(2)9-4-10-27-22-8-5-16(24)12-19(22)20(23(27)28)11-15-14-25-21-7-6-17(29-3)13-18(15)21/h5-8,11-14,25H,4,9-10H2,1-3H3/b20-11-",9819,COc1ccc2[nH]cc(\C=C\3/C(=O)N(CCCN(C)C)c4ccc(F)cc34)c2c1,NA
Input,Miconazole,-0.26536351,InputSig,NA,NA,LINCSCP_34257,MCF7,10uM,24h,breast,Cytochrome P450 51 inhibitor,NA,BYBLEWFAAKGYCD-UHFFFAOYSA-N,"InChI=1S/C18H14Cl4N2O/c19-13-2-1-12(16(21)7-13)10-25-18(9-24-6-5-23-11-24)15-4-3-14(20)8-17(15)22/h1-8,11,18H,9-10H2",2545,Clc1ccc(COC(Cn2ccnc2)c3ccc(Cl)cc3Cl)c(Cl)c1,4
Input,BRD-K17890048,-0.26515619,InputSig,NA,NA,LINCSCP_28216,HT29,10uM,24h,large intestine,NA,NA,LEIVAVATBPHLGA-RFLWCCGPSA-N,"InChI=1S/C27H24F2N4O2/c1-32-24-9-6-17(4-5-18-3-2-11-30-15-18)13-21(24)26-20(25(32)16-34)10-12-33(26)27(35)31-23-14-19(28)7-8-22(23)29/h2-3,6-9,11,13-15,20,25-26,34H,10,12,16H2,1H3,(H,31,35)/t20-,25+,26-/m1/s1",11392,CN1[C@@H](CO)[C@H]2CCN([C@H]2c3cc(ccc13)C#Cc4cccnc4)C(=O)Nc5cc(F)ccc5F,NA
Input,"16,16-Dimethyl prostaglandin e2",-0.26514942,InputSig,NA,NA,LINCSCP_30887,MCF7,10uM,6h,breast,Prostanoid receptor agonist,HPGD,QAOBBBBDJSWHMU-WMBBNPMCSA-N,"InChI=1S/C22H36O5/c1-4-5-14-22(2,3)20(25)13-12-17-16(18(23)15-19(17)24)10-8-6-7-9-11-21(26)27/h6,8,12-13,16-17,19-20,24-25H,4-5,7,9-11,14-15H2,1-3H3,(H,26,27)/b8-6-,13-12+/t16-,17-,19-,20-/m1/s1",37984,CCCCC(C)(C)[C@H](O)\C=C\[C@H]1[C@H](O)CC(=O)[C@@H]1C\C=C/CCCC(=O)O,NA
Input,SR-02000000448,-0.26511111,InputSig,NA,NA,LINCSCP_1697,A375,10uM,6h,skin,NA,NA,FFXHAANGHHWSSY-UHFFFAOYSA-N,"InChI=1S/C21H21ClN2O3/c1-13(2)18-10-5-15(11-14(18)3)24-21(25)20(19(22)12-23-24)27-17-8-6-16(26-4)7-9-17/h5-13H,1-4H3",35435,COc1ccc(OC2=C(Cl)C=NN(C2=O)c3ccc(C(C)C)c(C)c3)cc1,NA
Input,Bufalin,-0.2649425,InputSig,NA,NA,LINCSCP_27135,HT29,10uM,6h,large intestine,ATPase inhibitor,ATP1A1,QEEBRPGZBVVINN-BMPKRDENSA-N,"InChI=1S/C24H34O4/c1-22-10-7-17(25)13-16(22)4-5-20-19(22)8-11-23(2)18(9-12-24(20,23)27)15-3-6-21(26)28-14-15/h3,6,14,16-20,25,27H,4-5,7-13H2,1-2H3/t16-,17+,18-,19+,20-,22+,23-,24+/m1/s1",35922,C[C@]12CC[C@H](O)C[C@H]1CC[C@@H]3[C@@H]2CC[C@]4(C)[C@H](CC[C@]34O)C5=COC(=O)C=C5,NA
Input,Floxuridine,-0.26489776,InputSig,NA,NA,LINCSCP_142768,MCF7,0.04uM,24h,breast,NA,NA,ODKNJVUHOIMIIZ-XVMARJQXSA-N,"InChI=1S/C9H11FN2O5/c10-4-2-12(9(16)11-8(4)15)7-1-5(14)6(3-13)17-7/h2,5-7,13-14H,1,3H2,(H,11,15,16)/t5-,6+,7-/m0/s1",26824,OC[C@H]1O[C@@H](C[C@@H]1O)N2C=C(F)C(=O)NC2=O,NA
Input,Floxuridine,-0.26489776,InputSig,NA,NA,LINCSCP_142768,MCF7,0.04uM,24h,breast,NA,NA,ODKNJVUHOIMIIZ-RRKCRQDMSA-N,"InChI=1S/C9H11FN2O5/c10-4-2-12(9(16)11-8(4)15)7-1-5(14)6(3-13)17-7/h2,5-7,13-14H,1,3H2,(H,11,15,16)/t5-,6+,7+/m0/s1",36474,OC[C@H]1O[C@H](C[C@@H]1O)N2C=C(F)C(=O)NC2=O,4
Input,BG-1006,-0.26484749,InputSig,NA,NA,LINCSCP_43613,NPC,10uM,6h,neural progenitor cells,NA,NA,JIUXQGFMZKHYME-KGENOOAVSA-N,"InChI=1S/C19H22N4O3/c24-18(7-2-1-3-8-19(25)23-26)22-21-14-15-9-11-16(12-10-15)17-6-4-5-13-20-17/h4-6,9-14,26H,1-3,7-8H2,(H,22,24)(H,23,25)/b21-14+",22058,ONC(=O)CCCCCC(=O)NN=Cc1ccc(cc1)c2ccccn2,NA
Input,Osimertinib,-0.26481304,InputSig,NA,NA,LINCSCP_117157,HT29,10uM,24h,large intestine,Epidermal growth factor receptor erbB1 inhibitor|Epidermal growth factor receptor inhibitor,EGFR|ERBB2|ERBB3|ERBB4,DUYJMQONPNNFPI-UHFFFAOYSA-N,"InChI=1S/C28H33N7O2/c1-7-27(36)30-22-16-23(26(37-6)17-25(22)34(4)15-14-33(2)3)32-28-29-13-12-21(31-28)20-18-35(5)24-11-9-8-10-19(20)24/h7-13,16-18H,1,14-15H2,2-6H3,(H,30,36)(H,29,31,32)",16542,COc1cc(N(C)CCN(C)C)c(NC(=O)C=C)cc1Nc2nccc(n2)c3cn(C)c4ccccc34,4
Input,Dorsomorphin,-0.2647847,InputSig,NA,NA,LINCSCP_23080,HEPG2,10uM,6h,liver,AMPK inhibitor,BMPR1A|BMPR1B|PRKAA1,XHBVYDAKJHETMP-UHFFFAOYSA-N,"InChI=1S/C24H25N5O/c1-2-12-28(13-3-1)14-15-30-22-6-4-19(5-7-22)21-16-26-24-23(17-27-29(24)18-21)20-8-10-25-11-9-20/h4-11,16-18H,1-3,12-15H2",22727,C(CN1CCCCC1)Oc2ccc(cc2)c3cnc4c(cnn4c3)c5ccncc5,NA
Input,MLS002276542,-0.26417433,InputSig,NA,NA,LINCSCP_45876,PC3,10uM,24h,prostate,NA,NA,RPXPIKPBDXXDBD-UHFFFAOYSA-N,"InChI=1S/C19H13F3N2O3/c20-19(21,22)12-7-5-11(6-8-12)15-9-10-16(27-15)17-23-14-4-2-1-3-13(14)18(25)24(17)26/h1-10,17,23,26H",15276,ON1C(Nc2ccccc2C1=O)c3oc(cc3)c4ccc(cc4)C(F)(F)F,NA
Input,Isoquercetin,-0.26413218,InputSig,NA,NA,LINCSCP_46112,PC3,10uM,24h,prostate,Aldose reductase inhibitor,AKR1B1,OVSQVDMCBVZWGM-QSOFNFLRSA-N,"InChI=1S/C21H20O12/c22-6-13-15(27)17(29)18(30)21(32-13)33-20-16(28)14-11(26)4-8(23)5-12(14)31-19(20)7-1-2-9(24)10(25)3-7/h1-5,13,15,17-18,21-27,29-30H,6H2/t13-,15-,17+,18-,21+/m1/s1",36556,OC[C@H]1O[C@@H](OC2=C(Oc3cc(O)cc(O)c3C2=O)c4ccc(O)c(O)c4)[C@H](O)[C@@H](O)[C@@H]1O,NA
Input,Reserpine,-0.26383751,InputSig,NA,NA,LINCSCP_127870,HT29,10uM,24h,large intestine,Vesicular monoamine transporter inhibitor,SLC18A1|SLC18A2,QEVHRUUCFGRFIF-MDEJGZGSSA-N,"InChI=1S/C33H40N2O9/c1-38-19-7-8-20-21-9-10-35-16-18-13-27(44-32(36)17-11-25(39-2)30(41-4)26(12-17)40-3)31(42-5)28(33(37)43-6)22(18)15-24(35)29(21)34-23(20)14-19/h7-8,11-12,14,18,22,24,27-28,31,34H,9-10,13,15-16H2,1-6H3/t18-,22+,24-,27-,28+,31+/m1/s1",16082,CO[C@H]1[C@@H](C[C@@H]2CN3CCc4c([nH]c5cc(OC)ccc45)[C@H]3C[C@@H]2[C@@H]1C(=O)OC)OC(=O)c6cc(OC)c(OC)c(OC)c6,4
Input,BI-2536,-0.26364919,InputSig,NA,NA,LINCSCP_163904,SKBR3,10uM,3h,breast,PLK inhibitor,PLK1,XQVVPGYIWAGRNI-JOCHJYFZSA-N,"InChI=1S/C28H39N7O3/c1-5-22-27(37)34(3)23-17-29-28(32-25(23)35(22)20-8-6-7-9-20)31-21-11-10-18(16-24(21)38-4)26(36)30-19-12-14-33(2)15-13-19/h10-11,16-17,19-20,22H,5-9,12-15H2,1-4H3,(H,30,36)(H,29,31,32)/t22-/m1/s1",36846,CC[C@H]1N(C2CCCC2)c3nc(Nc4ccc(cc4OC)C(=O)NC5CCN(C)CC5)ncc3N(C)C1=O,2
Input,Tremulacin,-0.263646,InputSig,NA,NA,LINCSCP_31694,MCF7,10uM,6h,breast,Lipoxygenase inhibitor,NA,RCKCYCDBDYUIGM-LFMHJWGUSA-N,"InChI=1S/C27H28O11/c28-14-19-21(30)22(31)23(38-24(32)16-8-2-1-3-9-16)25(37-19)36-18-11-5-4-10-17(18)15-35-26(33)27(34)13-7-6-12-20(27)29/h1-5,7-11,13,19,21-23,25,28,30-31,34H,6,12,14-15H2/t19-,21-,22+,23-,25-,27?/m1/s1",18423,OC[C@H]1O[C@@H](Oc2ccccc2COC(=O)C3(O)C=CCCC3=O)[C@H](OC(=O)c4ccccc4)[C@@H](O)[C@@H]1O,NA
Input,MLS001060803,-0.26338669,InputSig,NA,NA,LINCSCP_31698,MCF7,10uM,6h,breast,NA,NA,RDRSHCINRMBIOP-UHFFFAOYSA-N,"InChI=1S/C23H23F2NO3/c1-26-13-20(27)18-12-19(24)22(28-14-16-8-4-2-5-9-16)23(21(18)25)29-15-17-10-6-3-7-11-17/h2-12,20,26-27H,13-15H2,1H3",28068,CNCC(O)c1cc(F)c(OCc2ccccc2)c(OCc3ccccc3)c1F,NA
Input,ZINC77024257,-0.2629779,InputSig,NA,NA,LINCSCP_87521,CD34,10uM,24h,bone marrow,MDM inhibitor,MDM2,JCKLHFMOFAYQHE-UHFFFAOYSA-N,"InChI=1S/C21H20N4/c1-2-7-21-20(6-1)16(15-24-21)8-13-23-18-4-3-5-19(14-18)25-17-9-11-22-12-10-17/h1-7,9-12,14-15,23-24H,8,13H2,(H,22,25)",2660,C(Cc1c[nH]c2ccccc12)Nc3cccc(Nc4ccncc4)c3,NA
Input,SCHEMBL16892136,-0.26285808,InputSig,NA,NA,LINCSCP_35499,MCF7,3uM,24h,breast,NA,NA,BXLOOKPAMNLACC-UHFFFAOYSA-N,"InChI=1S/C21H19FN4O3/c22-17-7-8-19(18(23)10-17)26-20(27)16-5-3-14(4-6-16)12-25-21(28)29-13-15-2-1-9-24-11-15/h1-11H,12-13,23H2,(H,25,28)(H,26,27)",34093,Nc1cc(F)ccc1NC(=O)c2ccc(CNC(=O)OCc3cccnc3)cc2,NA
Input,SCHEMBL15422156,-0.26283413,InputSig,NA,NA,LINCSCP_46273,PC3,10uM,24h,prostate,NA,NA,OSMBHPUZSJCCFM-JLHYYAGUSA-N,"InChI=1S/C25H22FNO5/c1-30-21-15-17(16-22(31-2)24(21)32-3)10-13-23(28)27-14-6-8-19(25(27)29)12-11-18-7-4-5-9-20(18)26/h4-5,7-10,13,15-16H,6,14H2,1-3H3/b13-10+",5363,COc1cc(\C=C\C(=O)N2CCC=C(C#Cc3ccccc3F)C2=O)cc(OC)c1OC,NA
Input,CHEMBL1474387,-0.26277729,InputSig,NA,NA,LINCSCP_57415,VCAP,10uM,6h,prostate,Neuropeptide receptor antagonist,NPSR1,VSWYSDPXUHVQCG-DTQAZKPQSA-N,"InChI=1S/C29H26N2PS/c1-24-29(32(33,26-17-7-3-8-18-26)27-19-9-4-10-20-27)31-22-12-11-21-28(31)30(24)23-13-16-25-14-5-2-6-15-25/h2-22H,23H2,1H3/q+1/b16-13+",17550,Cc1c(n2ccccc2[n+]1C\C=C\c3ccccc3)P(=S)(c4ccccc4)c5ccccc5,NA
Input,"PI 3-K/mTOR Inhibitor III, PKI-179",-0.26273625,InputSig,NA,NA,LINCSCP_101303,HELA,10uM,24h,large intestine,PI3-kinase p110-alpha subunit inhibitor|Serine/threonine-protein kinase mTOR inhibitor,MTOR|PIK3CA,WXUUCRLKXQMWRY-UHFFFAOYSA-N,"InChI=1S/C25H28N8O3/c34-25(28-19-7-9-26-10-8-19)27-18-3-1-17(2-4-18)22-29-23(32-11-13-35-14-12-32)31-24(30-22)33-20-5-6-21(33)16-36-15-20/h1-4,7-10,20-21H,5-6,11-16H2,(H2,26,27,28,34)",26678,O=C(Nc1ccncc1)Nc2ccc(cc2)c3nc(nc(n3)N4C5CCC4COC5)N6CCOCC6,1
Input,KUC104337,-0.26240598,InputSig,NA,NA,LINCSCP_26225,HT29,10uM,6h,large intestine,NA,NA,HIHRDBPZNHRLGO-UHFFFAOYSA-N,"InChI=1S/C23H18ClN5O2/c1-2-19-13-22(27-7-9-28(10-8-27)23(30)17-6-11-31-15-17)29-21(25-19)14-20(26-29)16-4-3-5-18(24)12-16/h1,3-6,11-15H,7-10H2",15629,Clc1cccc(c1)c2cc3nc(cc(N4CCN(CC4)C(=O)c5cocc5)n3n2)C#C,NA
Input,Trifluoperazine,-0.26235402,InputSig,NA,NA,LINCSCP_25379,HT29,10uM,6h,large intestine,Serotonin 2a (5-HT2a) receptor antagonist (Serotonin 2a|Serotonin 2c (5-HT2c) receptor antagonist (Serotonin 2c|D2-like dopamine receptor antagonist,DRD2|DRD3|DRD4|HTR2A|HTR2C,ZEWQUBUPAILYHI-UHFFFAOYSA-N,"InChI=1S/C21H24F3N3S/c1-25-11-13-26(14-12-25)9-4-10-27-17-5-2-3-6-19(17)28-20-8-7-16(15-18(20)27)21(22,23)24/h2-3,5-8,15H,4,9-14H2,1H3",16029,CN1CCN(CCCN2c3ccccc3Sc4ccc(cc24)C(F)(F)F)CC1,4
Input,F1061-0166,-0.26220213,InputSig,NA,NA,LINCSCP_46698,PC3,10uM,24h,prostate,NA,NA,NFJXZWXCLRCTGM-UHFFFAOYSA-N,"InChI=1S/C22H20ClN3/c1-14-11-12-24-20(13-14)26-22(16-7-9-17(23)10-8-16)21-15(2)25-19-6-4-3-5-18(19)21/h3-13,22,25H,1-2H3,(H,24,26)",17987,Cc1ccnc(NC(c2ccc(Cl)cc2)c3c(C)[nH]c4ccccc34)c1,NA
Input,BML 210,-0.26213352,InputSig,NA,NA,LINCSCP_43579,NPC,10uM,6h,neural progenitor cells,HDAC inhibitor,NA,RFLHBLWLFUFFDZ-UHFFFAOYSA-N,"InChI=1S/C20H25N3O2/c21-17-12-8-9-13-18(17)23-20(25)15-7-2-1-6-14-19(24)22-16-10-4-3-5-11-16/h3-5,8-13H,1-2,6-7,14-15,21H2,(H,22,24)(H,23,25)",39916,Nc1ccccc1NC(=O)CCCCCCC(=O)Nc2ccccc2,NA
Input,SB-218078,-0.26208898,InputSig,NA,NA,LINCSCP_33039,MCF7,10uM,24h,breast,CHK inhibitor,CHEK1,OTPNDVKVEAIXTI-UHFFFAOYSA-N,"InChI=1S/C24H15N3O3/c28-23-19-17-11-5-1-3-7-13(11)26-15-9-10-16(30-15)27-14-8-4-2-6-12(14)18(22(27)21(17)26)20(19)24(29)25-23/h1-8,15-16H,9-10H2,(H,25,28,29)",35312,O=C1NC(=O)c2c1c3c4ccccc4n5C6CCC(O6)n7c8ccccc8c2c7c35,NA
Input,SCHEMBL15422014,-0.2619338,InputSig,NA,NA,LINCSCP_16228,HA1E,10uM,6h,kidney epithelial,NA,NA,MSUVDRBASYAIJC-MDZDMXLPSA-N,"InChI=1S/C21H21NO5S/c1-25-16-12-14(13-17(26-2)21(16)27-3)9-10-20(24)22-15(6-4-8-19(22)23)18-7-5-11-28-18/h4-5,7-13,15H,6H2,1-3H3/b10-9+",25892,COc1cc(\C=C\C(=O)N2C(CC=CC2=O)c3cccs3)cc(OC)c1OC,NA
Input,SAN1_014122,-0.26191264,InputSig,NA,NA,LINCSCP_52217,SKB,10uM,24h,NA,NA,NA,ACJXWVZLFCGAQD-OZJYBUQCSA-N,"InChI=1S/C28H35FN2O4Si/c1-19-26(36(2,3)29)24(15-17-32)35-28(19)22-8-4-5-9-23(22)31(27(28)34)18-20-11-13-21(14-12-20)30-16-7-6-10-25(30)33/h4-5,8-9,11-14,19,24,26,32H,6-7,10,15-18H2,1-3H3/t19-,24+,26-,28+/m1/s1",11474,C[C@@H]1[C@H]([C@H](CCO)O[C@@]12C(=O)N(Cc3ccc(cc3)N4CCCCC4=O)c5ccccc25)[Si](C)(C)F,NA
Input,BRD-K90329522,-0.26188117,InputSig,NA,NA,LINCSCP_64232,VCAP,5uM,24h,prostate,NA,NA,DGSOXKKLHVIDDH-PWSZPPJVSA-N,"InChI=1S/C26H44N4O5/c1-17(2)28-26(33)29-21-10-11-23-22(13-21)25(32)30(19(4)16-31)15-18(3)24(14-27-6)34-12-8-7-9-20(5)35-23/h10-11,13,17-20,24,27,31H,7-9,12,14-16H2,1-6H3,(H2,28,29,33)/t18-,19-,20+,24+/m0/s1",8754,CNC[C@H]1OCCCC[C@@H](C)Oc2ccc(NC(=O)NC(C)C)cc2C(=O)N(C[C@@H]1C)[C@@H](C)CO,NA
Input,Toremifene,-0.26169537,InputSig,NA,NA,LINCSCP_22205,HEPG2,10uM,6h,liver,Estrogen receptor antagonist|Selective estrogen receptor modulator (SERM),ESR1|ESR2,XFCLJVABOIYOMF-QPLCGJKRSA-N,"InChI=1S/C26H28ClNO/c1-28(2)19-20-29-24-15-13-23(14-16-24)26(22-11-7-4-8-12-22)25(17-18-27)21-9-5-3-6-10-21/h3-16H,17-20H2,1-2H3/b26-25-",37469,CN(C)CCOc1ccc(cc1)\C(=C(\CCCl)/c2ccccc2)\c3ccccc3,4
Input,Dihydroergocristine,-0.26162034,InputSig,NA,NA,LINCSCP_127954,HT29,10uM,24h,large intestine,Adrenergic receptor antagonist|Prolactin inhibitor,ADRA1A|ADRB1|DRD1|DRD2|DRD3|DRD4|DRD5|HTR1A|HTR2A|HTR3A|HTR4|HTR5A|HTR6|HTR7,DEQITUUQPICUMR-HJPBWRTMSA-N,"InChI=1S/C35H41N5O5/c1-20(2)34(37-31(41)23-16-25-24-11-7-12-26-30(24)22(18-36-26)17-27(25)38(3)19-23)33(43)40-28(15-21-9-5-4-6-10-21)32(42)39-14-8-13-29(39)35(40,44)45-34/h4-7,9-12,18,20,23,25,27-29,36,44H,8,13-17,19H2,1-3H3,(H,37,41)/t23-,25-,27-,28+,29+,34-,35+/m1/s1",36193,CC(C)[C@@]1(NC(=O)[C@@H]2C[C@H]3[C@@H](Cc4c[nH]c5cccc3c45)N(C)C2)O[C@@]6(O)[C@@H]7CCCN7C(=O)[C@H](Cc8ccccc8)N6C1=O,4
Input,Amlodipine,-0.26145139,InputSig,NA,NA,LINCSCP_26768,HT29,10uM,6h,large intestine,Calcium channel blocker,CACNA1C|CACNA1D|CACNA1F|CACNA1S|CACNA2D1,HTIQEAQVCYTUBX-UHFFFAOYSA-N,"InChI=1S/C20H25ClN2O5/c1-4-28-20(25)18-15(11-27-10-9-22)23-12(2)16(19(24)26-3)17(18)13-7-5-6-8-14(13)21/h5-8,17,23H,4,9-11,22H2,1-3H3",5287,CCOC(=O)C1=C(COCCN)NC(=C(C1c2ccccc2Cl)C(=O)OC)C,4
Input,Antimycin A,-0.26137548,InputSig,NA,NA,LINCSCP_42355,NPC,10uM,24h,neural progenitor cells,ATP synthase inhibitor,CYCS,UIFFUZWRFRDZJC-RBVQMQRASA-N,"InChI=1S/C28H40N2O9/c1-6-7-8-9-11-20-25(39-22(32)14-16(2)3)18(5)38-28(36)23(17(4)37-27(20)35)30-26(34)19-12-10-13-21(24(19)33)29-15-31/h10,12-13,15-18,20,23,25,33H,6-9,11,14H2,1-5H3,(H,29,31)(H,30,34)/t17-,18+,20?,23+,25+/m1/s1",1482,CCCCCCC1[C@@H](OC(=O)CC(C)C)[C@H](C)OC(=O)[C@@H](NC(=O)c2cccc(NC=O)c2O)[C@@H](C)OC1=O,NA
Input,Antimycin A,-0.26137548,InputSig,NA,NA,LINCSCP_42355,NPC,10uM,24h,neural progenitor cells,ATP synthase inhibitor,CYCS,UIFFUZWRFRDZJC-KSVNMYRZSA-N,"InChI=1S/C28H40N2O9/c1-6-7-8-9-11-20-25(39-22(32)14-16(2)3)18(5)38-28(36)23(17(4)37-27(20)35)30-26(34)19-12-10-13-21(24(19)33)29-15-31/h10,12-13,15-18,20,23,25,33H,6-9,11,14H2,1-5H3,(H,29,31)(H,30,34)/t17-,18+,20-,23?,25+/m1/s1",214,CCCCCC[C@@H]1[C@@H](OC(=O)CC(C)C)[C@H](C)OC(=O)C(NC(=O)c2cccc(NC=O)c2O)[C@@H](C)OC1=O,NA
Input,AC1L99UL,-0.26117031,InputSig,NA,NA,LINCSCP_43981,PC3,10uM,24h,prostate,Oxidosqualene cyclase inhibitor,NA,DMZCCFMMPHJWQY-UHFFFAOYSA-N,"InChI=1S/C25H41NO2/c1-5-26(6-2)15-16-28-19-11-13-24(3)18(17-19)7-8-20-21-9-10-23(27)25(21,4)14-12-22(20)24/h7,19-22H,5-6,8-17H2,1-4H3",15324,CCN(CC)CCOC1CCC2(C)C3CCC4(C)C(CCC4=O)C3CC=C2C1,NA
Input,Quizartinib,-0.26114583,InputSig,NA,NA,LINCSCP_20532,HCC515,10uM,6h,lung,FLT3 inhibitor,CSF1R|FLT3|KIT|PDGFRA|PDGFRB|RET,CVWXJKQAOSCOAB-UHFFFAOYSA-N,"InChI=1S/C29H32N6O4S/c1-29(2,3)25-17-26(33-39-25)32-27(36)30-20-6-4-19(5-7-20)22-18-35-23-9-8-21(16-24(23)40-28(35)31-22)38-15-12-34-10-13-37-14-11-34/h4-9,16-18H,10-15H2,1-3H3,(H2,30,32,33,36)",35264,CC(C)(C)c1onc(NC(=O)Nc2ccc(cc2)c3cn4c5ccc(OCCN6CCOCC6)cc5sc4n3)c1,3
Input,KUC111109N,-0.26107238,InputSig,NA,NA,LINCSCP_28465,HT29,10uM,6h,large intestine,NA,NA,KPBWCZNRGRIOMM-UHFFFAOYSA-N,"InChI=1S/C27H23N3O3/c31-25-21-13-7-8-14-22(21)26(32)24(23(25)28-27(33)19-9-3-1-4-10-19)30-17-15-29(16-18-30)20-11-5-2-6-12-20/h1-14H,15-18H2,(H,28,33)",10760,O=C(NC1=C(N2CCN(CC2)c3ccccc3)C(=O)c4ccccc4C1=O)c5ccccc5,NA
Input,XMD-1185H,-0.26105173,InputSig,NA,NA,LINCSCP_20555,HCC515,10uM,6h,lung,NA,NA,NA,NA,42760,NA,NA
Input,SCHEMBL16226502,-0.26101694,InputSig,NA,NA,LINCSCP_149539,NPC.TAK,10uM,24h,NA,HSP inhibitor,HSP90AA1,AYUNIORJHRXIBJ-ZGQRYRSUSA-N,"InChI=1S/C31H43N3O8/c1-8-12-33-26-21-13-17(2)14-25(41-7)27(36)19(4)15-20(5)29(42-31(32)39)24(40-6)11-9-10-18(3)30(38)34-22(28(21)37)16-23(26)35/h8-11,15-17,19,24-25,27,29,33,36H,1,12-14H2,2-7H3,(H2,32,39)(H,34,38)/b11-9+,18-10+,20-15+",3120,COC1CC(C)CC2=C(NCC=C)C(=O)C=C(NC(=O)\C(=C\C=C\C(OC)C(OC(=O)N)\C(=C\C(C)C1O)\C)\C)C2=O,NA
Input,CHEMBL1354134,-0.26098824,InputSig,NA,NA,LINCSCP_22122,HEPG2,10uM,6h,liver,NA,NA,HOLVNBCAYHKGJL-UHFFFAOYSA-N,"InChI=1S/C21H21N3O2/c1-2-4-14(3-1)11-22-21-17-9-15(5-7-18(17)23-12-24-21)16-6-8-19-20(10-16)26-13-25-19/h5-10,12,14H,1-4,11,13H2,(H,22,23,24)",36201,C(Nc1ncnc2ccc(cc12)c3ccc4OCOc4c3)C5CCCC5,NA
Input,NCGC00170205-01,-0.26080522,InputSig,NA,NA,LINCSCP_27181,HT29,10uM,6h,large intestine,NA,NA,CRNLVHYOIHPORM-FHPVIJFVSA-N,"InChI=1S/C35H34N2O6S/c38-21-9-22-42-29-18-16-27(17-19-29)33-36-35(24-26-10-3-1-4-11-26)32(43-33)31-15-8-7-12-28(31)25-37(34(35)39)20-23-44(40,41)30-13-5-2-6-14-30/h1-8,10-19,32,38H,9,20-25H2/t32-,35-/m1/s1",31586,OCCCOc1ccc(cc1)C2=N[C@]3(Cc4ccccc4)[C@H](O2)c5ccccc5CN(CCS(=O)(=O)c6ccccc6)C3=O,NA
Input,MLS000583956,-0.26067413,InputSig,NA,NA,LINCSCP_25993,HT29,10uM,6h,large intestine,NA,NA,ASSYJPCLSRNQGT-UHFFFAOYSA-N,"InChI=1S/C23H23ClN2O3S/c1-29-19-10-5-9-18(15-19)26(21(27)16-24)22(20-11-6-14-30-20)23(28)25-13-12-17-7-3-2-4-8-17/h2-11,14-15,22H,12-13,16H2,1H3,(H,25,28)",15235,COc1cccc(c1)N(C(C(=O)NCCc2ccccc2)c3cccs3)C(=O)CCl,NA
Input,CHEMBL2138962,-0.26059556,InputSig,NA,NA,LINCSCP_59256,VCAP,10uM,24h,prostate,NA,NA,VYCOOHAMPRTWAW-NNTYELGISA-N,"InChI=1S/C43H53N5O5/c1-30-26-48(31(2)29-49)43(52)25-35-24-36(45-41(50)16-8-5-9-17-42(51)46-38-15-11-10-14-37(38)44)22-23-39(35)53-40(30)28-47(3)27-32-18-20-34(21-19-32)33-12-6-4-7-13-33/h4,6-7,10-15,18-24,30-31,40,49H,5,8-9,16-17,25-29,44H2,1-3H3,(H,45,50)(H,46,51)/t30-,31+,40+/m1/s1",40241,C[C@@H](CO)N1C[C@@H](C)[C@H](CN(C)Cc2ccc(cc2)c3ccccc3)Oc4ccc(NC(=O)CCCCCC(=O)Nc5ccccc5N)cc4CC1=O,NA
Input,Pelitinib,-0.2603095,InputSig,NA,NA,LINCSCP_163313,SKBR3,10uM,3h,breast,EGFR inhibitor,EGFR,WVUNYSQLFKLYNI-AATRIKPKSA-N,"InChI=1S/C24H23ClFN5O2/c1-4-33-22-12-20-17(11-21(22)30-23(32)6-5-9-31(2)3)24(15(13-27)14-28-20)29-16-7-8-19(26)18(25)10-16/h5-8,10-12,14H,4,9H2,1-3H3,(H,28,29)(H,30,32)/b6-5+",24522,CCOc1cc2ncc(C#N)c(Nc3ccc(F)c(Cl)c3)c2cc1NC(=O)\C=C\CN(C)C,2
Input,F1304-0056,-0.26018529,InputSig,NA,NA,LINCSCP_23304,HEPG2,10uM,24h,liver,NA,NA,ZDSHKLYGWOAHJZ-UHFFFAOYSA-N,"InChI=1S/C10H8F3NO5S/c1-19-9(15)5-20(18)8-3-2-6(10(11,12)13)4-7(8)14(16)17/h2-4H,5H2,1H3",11457,COC(=O)CS(=O)c1ccc(cc1[N+](=O)[O-])C(F)(F)F,NA
Input,"13-Methyl-7-[9-(4,4,5,5,5-pentafluoropentylsulfinyl)nonyl]-6,7,8,9,11,12,14,15,16,17-decahydrocyclopenta[a]phenanthrene-3,17-diol",-0.25986479,InputSig,NA,NA,LINCSCP_68466,VCAP,10uM,24h,prostate,Estrogen receptor antagonist,ESR1,VWUXBMIQPBEWFH-UHFFFAOYSA-N,"InChI=1S/C32H47F5O3S/c1-30-17-15-26-25-12-11-24(38)21-23(25)20-22(29(26)27(30)13-14-28(30)39)10-7-5-3-2-4-6-8-18-41(40)19-9-16-31(33,34)32(35,36)37/h11-12,21-22,26-29,38-39H,2-10,13-20H2,1H3",475,CC12CCC3C(C(CCCCCCCCCS(=O)CCCC(F)(F)C(F)(F)F)Cc4cc(O)ccc34)C1CCC2O,NA
Input,Metergoline Phenylmethyl Ester,-0.25981632,InputSig,NA,NA,LINCSCP_25220,HT29,10uM,24h,large intestine,Dopamine receptor agonist|Serotonin receptor antagonist,HTR1A|HTR2A,WZHJKEUHNJHDLS-UHFFFAOYSA-N,"InChI=1S/C25H29N3O2/c1-27-14-18(13-26-25(29)30-16-17-7-4-3-5-8-17)11-21-20-9-6-10-22-24(20)19(12-23(21)27)15-28(22)2/h3-10,15,18,21,23H,11-14,16H2,1-2H3,(H,26,29)",358,CN1CC(CNC(=O)OCc2ccccc2)CC3C1Cc4cn(C)c5cccc3c45,NA
Input,RS-39604,-0.25979498,InputSig,NA,NA,LINCSCP_27092,HT29,10uM,6h,large intestine,Serotonin receptor antagonist,HTR4,BKVIWGRFRKLFIO-UHFFFAOYSA-N,"InChI=1S/C26H36ClN3O6S/c1-34-20-12-19(13-21(14-20)35-2)17-36-26-16-24(28)23(27)15-22(26)25(31)5-4-18-6-9-30(10-7-18)11-8-29-37(3,32)33/h12-16,18,29H,4-11,17,28H2,1-3H3",15484,COc1cc(COc2cc(N)c(Cl)cc2C(=O)CCC3CCN(CCNS(=O)(=O)C)CC3)cc(OC)c1,NA
Input,BIIB 021,-0.25962675,InputSig,NA,NA,LINCSCP_58737,VCAP,10uM,6h,prostate,HSP inhibitor,HSP90AA1,QULDDKSCVCJTPV-UHFFFAOYSA-N,"InChI=1S/C14H15ClN6O/c1-7-4-17-9(8(2)11(7)22-3)5-21-6-18-10-12(15)19-14(16)20-13(10)21/h4,6H,5H2,1-3H3,(H2,16,19,20)",16359,COc1c(C)cnc(Cn2cnc3c(Cl)nc(N)nc23)c1C,NA
Input,Thiothixene,-0.25960149,InputSig,NA,NA,LINCSCP_32943,MCF7,10uM,24h,breast,Dopamine receptor antagonist,HTR2A,GFBKORZTTCHDGY-UFWORHAWSA-N,"InChI=1S/C23H29N3O2S2/c1-24(2)30(27,28)18-10-11-23-21(17-18)19(20-7-4-5-9-22(20)29-23)8-6-12-26-15-13-25(3)14-16-26/h4-5,7-11,17H,6,12-16H2,1-3H3/b19-8+",13549,CN(C)S(=O)(=O)c1ccc2Sc3ccccc3\C(=C/CCN4CCN(C)CC4)\c2c1,NA
Input,CHEMBL2356537,-0.25958126,InputSig,NA,NA,LINCSCP_23627,HEPG2,10uM,6h,liver,NA,NA,BHEWHBNGLCOXBN-SWADQOEESA-N,"InChI=1S/C33H31FN2O7S/c34-22-8-13-27(14-9-22)44(39,40)36-23-10-15-30-28(16-23)29-17-26(42-31(20-37)33(29)43-30)18-32(38)35-19-21-6-11-25(12-7-21)41-24-4-2-1-3-5-24/h1-16,26,29,31,33,36-37H,17-20H2,(H,35,38)/t26-,29+,31+,33-/m0/s1",18584,OC[C@H]1O[C@H](CC(=O)NCc2ccc(Oc3ccccc3)cc2)C[C@H]4[C@@H]1Oc5ccc(NS(=O)(=O)c6ccc(F)cc6)cc45,NA
Input,CHEMBL1083527,-0.25947721,InputSig,NA,NA,LINCSCP_145023,MDAMB231,10uM,3h,NA,NA,NA,MJEHBQIPZHTMNZ-UHFFFAOYSA-N,"InChI=1S/C27H29N5O/c28-26-25-24(21-7-9-23(10-8-21)33-17-19-5-2-1-3-6-19)16-32(27(25)30-18-29-26)22-13-20(14-22)15-31-11-4-12-31/h1-3,5-10,16,18,20,22H,4,11-15,17H2,(H2,28,29,30)",97,Nc1ncnc2c1c(cn2C3CC(CN4CCC4)C3)c5ccc(OCc6ccccc6)cc5,NA
Input,CHEMBL2132717,-0.25936306,InputSig,NA,NA,LINCSCP_47322,PC3,10uM,24h,prostate,NA,NA,ZBLCOVKAEUNWGN-LWPQGVMLSA-N,"InChI=1S/C33H43N5O4/c1-22-18-38(23(2)21-39)32(40)17-26-16-27(36(3)4)14-15-30(26)42-31(22)20-37(5)19-24-10-12-25(13-11-24)33(41)35-29-9-7-6-8-28(29)34/h6-16,22-23,31,39H,17-21,34H2,1-5H3,(H,35,41)/t22-,23+,31-/m0/s1",19715,C[C@H](CO)N1C[C@H](C)[C@H](CN(C)Cc2ccc(cc2)C(=O)Nc3ccccc3N)Oc4ccc(cc4CC1=O)N(C)C,NA
Input,HMN-214,-0.25935713,InputSig,NA,NA,LINCSCP_70597,A375,3.33uM,24h,skin,PLK inhibitor,CSF1R|FLT1|FLT3|FLT4|KDR|KIT|PDGFRB|RET,OCKHRKSTDPOHEN-BQYQJAHWSA-N,"InChI=1S/C22H20N2O5S/c1-17(25)24(30(27,28)21-11-9-20(29-2)10-12-21)22-6-4-3-5-19(22)8-7-18-13-15-23(26)16-14-18/h3-16H,1-2H3/b8-7+",23696,COc1ccc(cc1)S(=O)(=O)N(C(=O)C)c2ccccc2\C=C\c3cc[n+]([O-])cc3,NA
Input,COL-3,-0.25928265,InputSig,NA,NA,LINCSCP_55273,U266,10uM,6h,lymphoid,Matrix metalloprotease inhibitor,NA,MDYVZYDNBUAVCN-MPIXHSIDSA-N,"InChI=1S/C19H17NO7/c20-18(26)14-11(22)6-9-5-8-4-7-2-1-3-10(21)12(7)15(23)13(8)16(24)19(9,27)17(14)25/h1-3,8-9,13-14,21,27H,4-6H2,(H2,20,26)/t8-,9-,13?,14?,19-/m0/s1",11532,NC(=O)C1C(=O)C[C@@H]2C[C@@H]3Cc4cccc(O)c4C(=O)C3C(=O)[C@]2(O)C1=O,NA
Input,Phorbol Myristate Acetate,-0.25924994,InputSig,NA,NA,LINCSCP_55386,U937,0.5uM,6h,haematopoietic and lymphoid tissue,PKC activator,NA,PHEDXBVPIONUQT-RGYGYFBISA-N,"InChI=1S/C36H56O8/c1-7-8-9-10-11-12-13-14-15-16-17-18-29(39)43-32-24(3)35(42)27(30-33(5,6)36(30,32)44-25(4)38)20-26(22-37)21-34(41)28(35)19-23(2)31(34)40/h19-20,24,27-28,30,32,37,41-42H,7-18,21-22H2,1-6H3/t24-,27+,28-,30-,32-,34-,35-,36-/m1/s1",38996,CCCCCCCCCCCCCC(=O)O[C@@H]1[C@@H](C)[C@@]2(O)[C@@H](C=C(CO)C[C@@]3(O)[C@H]2C=C(C)C3=O)[C@@H]4C(C)(C)[C@]14OC(=O)C,NA
Input,MLS000583957,-0.2592171,InputSig,NA,NA,LINCSCP_58011,VCAP,10uM,6h,prostate,NA,NA,STXBWZSVEOQYLQ-UHFFFAOYSA-N,"InChI=1S/C23H23ClN2O3S/c1-29-19-11-9-18(10-12-19)26(21(27)16-24)22(20-8-5-15-30-20)23(28)25-14-13-17-6-3-2-4-7-17/h2-12,15,22H,13-14,16H2,1H3,(H,25,28)",22262,COc1ccc(cc1)N(C(C(=O)NCCc2ccccc2)c3cccs3)C(=O)CCl,NA
Input,Fccp,-0.25919562,InputSig,NA,NA,LINCSCP_23594,HEPG2,3uM,6h,liver,Mitochondrial oxidative phosphorylation uncoupler,NA,BMZRVOVNUMQTIN-UHFFFAOYSA-N,"InChI=1S/C10H5F3N4O/c11-10(12,13)18-9-3-1-7(2-4-9)16-17-8(5-14)6-15/h1-4,16H",35559,FC(F)(F)Oc1ccc(NN=C(C#N)C#N)cc1,NA
Input,PAC-1,-0.25917116,InputSig,NA,NA,LINCSCP_12583,CL34,10uM,6h,large intestine,Caspase activator,CASP3,YQNRVGJCPCNMKT-LFVJCYFKSA-N,"InChI=1S/C23H28N4O2/c1-2-7-20-10-6-11-21(23(20)29)16-24-25-22(28)18-27-14-12-26(13-15-27)17-19-8-4-3-5-9-19/h2-6,8-11,16,29H,1,7,12-15,17-18H2,(H,25,28)/b24-16+",15122,Oc1c(CC=C)cccc1C=NNC(=O)CN2CCN(Cc3ccccc3)CC2,NA
Input,MLS002703118,-0.25910781,InputSig,NA,NA,LINCSCP_25917,HT29,10uM,24h,large intestine,NA,NA,JSFKWPGDWYVELH-UHFFFAOYSA-N,"InChI=1S/C22H27BrN6S/c23-19-9-10-21(27-14-19)29(16-18-6-2-1-3-7-18)13-5-12-26-22(30)25-11-4-8-20-15-24-17-28-20/h1-3,6-7,9-10,14-15,17H,4-5,8,11-13,16H2,(H,24,28)(H2,25,26,30)",15551,Brc1ccc(nc1)N(CCCNC(=S)NCCCc2c[nH]cn2)Cc3ccccc3,NA
Input,AZ20,-0.25908468,InputSig,NA,NA,LINCSCP_88928,HA1E,10uM,24h,kidney epithelial,NA,NA,SCGCBAAYLFTIJU-CQSZACIVSA-N,"InChI=1S/C21H24N4O3S/c1-14-13-28-11-10-25(14)19-12-18(21(7-8-21)29(2,26)27)23-20(24-19)16-4-3-5-17-15(16)6-9-22-17/h3-6,9,12,14,22H,7-8,10-11,13H2,1-2H3/t14-/m1/s1",22038,C[C@@H]1COCCN1c2cc(nc(n2)c3cccc4[nH]ccc34)C5(CC5)S(=O)(=O)C,NA
Input,SR-02000000367,-0.25903785,InputSig,NA,NA,LINCSCP_16008,HA1E,10uM,6h,kidney epithelial,NA,NA,RCOIZIFMFNASTI-UHFFFAOYSA-N,"InChI=1S/C19H17ClN2O3/c1-3-13-4-6-14(7-5-13)22-19(23)18(17(20)12-21-22)25-16-10-8-15(24-2)9-11-16/h4-12H,3H2,1-2H3",35778,CCc1ccc(cc1)N2N=CC(=C(Oc3ccc(OC)cc3)C2=O)Cl,NA
Input,4LY1,-0.25886219,InputSig,NA,NA,LINCSCP_38625,MCF7,10uM,24h,breast,HDAC inhibitor,HDAC1|HDAC2,ABZSPJVXTTUFAA-UHFFFAOYSA-N,"InChI=1S/C19H17N3O2S/c1-12(23)21-15-7-4-13(5-8-15)19(24)22-17-11-14(6-9-16(17)20)18-3-2-10-25-18/h2-11H,20H2,1H3,(H,21,23)(H,22,24)",39148,CC(=O)Nc1ccc(cc1)C(=O)Nc2cc(ccc2N)c3cccs3,NA
Input,NCGC00346967-01,-0.25885032,InputSig,NA,NA,LINCSCP_150221,NPC.TAK,10uM,24h,NA,EPHB3 inhibitor,EPHB3,UISRWLSAXIOCND-UHFFFAOYSA-N,"InChI=1S/C22H23Cl2N5O2S/c1-28-8-10-29(11-9-28)13-6-7-16(17(12-13)31-2)26-22-27-21(25)20(32-22)19(30)18-14(23)4-3-5-15(18)24/h3-7,12H,8-11,25H2,1-2H3,(H,26,27)",1733,COc1cc(ccc1Nc2nc(N)c(s2)C(=O)c3c(Cl)cccc3Cl)N4CCN(C)CC4,NA
Input,EMD-41000,-0.25878821,InputSig,NA,NA,LINCSCP_220818,HEPG2,10uM,6h,liver,NA,NA,DNCRQPWXCICAHX-UHFFFAOYSA-N,"InChI=1S/C14H13N3OS/c1-18-13-7-9(19-2)3-4-10(13)14-16-11-5-6-15-8-12(11)17-14/h3-8H,1-2H3,(H,16,17)",25111,COc1cc(SC)ccc1c2nc3ccncc3[nH]2,NA
Input,"Dihydroorotate Dehydrogenase Inhibitor, Brequinar",-0.25877976,InputSig,NA,NA,LINCSCP_144452,MCF7,0.37uM,24h,breast,NA,NA,PHEZJEYUWHETKO-UHFFFAOYSA-N,"InChI=1S/C23H15F2NO2/c1-13-21(23(27)28)18-12-16(24)10-11-20(18)26-22(13)15-8-6-14(7-9-15)17-4-2-3-5-19(17)25/h2-12H,1H3,(H,27,28)",27152,Cc1c(C(=O)O)c2cc(F)ccc2nc1c3ccc(cc3)c4ccccc4F,NA
Input,GW 405833,-0.25869333,InputSig,NA,NA,LINCSCP_53434,SKMEL28,40uM,6h,skin,Cannabinoid receptor agonist,CNR2,FSFZRNZSZYDVLI-UHFFFAOYSA-N,"InChI=1S/C23H24Cl2N2O3/c1-15-17(8-9-26-10-12-30-13-11-26)19-14-16(29-2)6-7-21(19)27(15)23(28)18-4-3-5-20(24)22(18)25/h3-7,14H,8-13H2,1-2H3",15411,COc1ccc2c(c1)c(CCN3CCOCC3)c(C)n2C(=O)c4cccc(Cl)c4Cl,NA
Input,SKF 86002,-0.25854902,InputSig,NA,NA,LINCSCP_22826,HEPG2,10uM,6h,liver,P38 MAPK inhibitor,NA,YOELZIQOLWZLQC-UHFFFAOYSA-N,"InChI=1S/C16H12FN3S/c17-13-3-1-11(2-4-13)14-15(12-5-7-18-8-6-12)20-9-10-21-16(20)19-14/h1-8H,9-10H2",38551,Fc1ccc(cc1)c2nc3SCCn3c2c4ccncc4,NA
Input,MLS001116216,-0.25853651,InputSig,NA,NA,LINCSCP_3101,A375,10uM,6h,skin,NA,NA,BVJXTFMKVNPXMZ-UHFFFAOYSA-N,"InChI=1S/C16H13ClFN5O3S3/c1-2-27-16-23-22-14(28-16)21-13(24)12-11(17)7-19-15(20-12)29(25,26)8-9-3-5-10(18)6-4-9/h3-7H,2,8H2,1H3,(H,21,22,24)",16483,CCSc1nnc(NC(=O)c2nc(ncc2Cl)S(=O)(=O)Cc3ccc(F)cc3)s1,NA
Input,MLS001060802,-0.25852601,InputSig,NA,NA,LINCSCP_31690,MCF7,10uM,6h,breast,NA,NA,QDZZRQSBQUVQJI-UHFFFAOYSA-N,"InChI=1S/C23H24FNO3/c1-25-14-21(26)19-12-22(27-15-17-8-4-2-5-9-17)23(13-20(19)24)28-16-18-10-6-3-7-11-18/h2-13,21,25-26H,14-16H2,1H3",15203,CNCC(O)c1cc(OCc2ccccc2)c(OCc3ccccc3)cc1F,NA
Input,Pevonedistat,-0.25847591,InputSig,NA,NA,LINCSCP_252708,MCF7,10uM,24h,breast,Nedd activating enzyme inhibitor,NAE1|UBA3,MPUQHZXIXSTTDU-QXGSTGNESA-N,"InChI=1S/C21H25N5O4S/c22-31(28,29)30-11-14-9-15(10-19(14)27)26-8-7-17-20(23-12-24-21(17)26)25-18-6-5-13-3-1-2-4-16(13)18/h1-4,7-8,12,14-15,18-19,27H,5-6,9-11H2,(H2,22,28,29)(H,23,24,25)/t14-,15+,18-,19-/m0/s1",36695,NS(=O)(=O)OC[C@@H]1C[C@H](C[C@@H]1O)n2ccc3c(N[C@H]4CCc5ccccc45)ncnc23,2
Input,2-Aminopurine,-0.25844283,InputSig,NA,NA,LINCSCP_46753,PC3,10uM,24h,prostate,Serine/threonine kinase inhibitor,NA,MWBWWFOAEOYUST-UHFFFAOYSA-N,"InChI=1S/C5H5N5/c6-5-7-1-3-4(10-5)9-2-8-3/h1-2H,(H3,6,7,8,9,10)",28081,Nc1ncc2nc[nH]c2n1,NA
Input,BRD-K31344914,-0.25816797,InputSig,NA,NA,LINCSCP_43316,NPC,10uM,6h,neural progenitor cells,NA,NA,RVSAVAFXZFSSFB-YUMQZZPRSA-N,"InChI=1S/C14H21N3O5/c1-7(15)13(21)17-8(2)14(22)16-4-3-9-5-11(19)12(20)6-10(9)18/h5-8,18-20H,3-4,15H2,1-2H3,(H,16,22)(H,17,21)/t7-,8-/m0/s1",47,C[C@H](N)C(=O)N[C@@H](C)C(=O)NCCc1cc(O)c(O)cc1O,NA
Input,SB-202190,-0.25815899,InputSig,NA,NA,LINCSCP_56019,VCAP,10uM,24h,prostate,P38 MAPK inhibitor,MAPK14,QHKYPYXTTXKZST-UHFFFAOYSA-N,"InChI=1S/C20H14FN3O/c21-16-5-1-13(2-6-16)18-19(14-9-11-22-12-10-14)24-20(23-18)15-3-7-17(25)8-4-15/h1-12,25H,(H,23,24)",14555,Oc1ccc(cc1)c2nc(c3ccc(F)cc3)c([nH]2)c4ccncc4,NA
Input,CT-200783,-0.25805473,InputSig,NA,NA,LINCSCP_10325,A673,10uM,6h,bone,NA,NA,MUVPSNBQKUTVPB-VOTSOKGWSA-N,"InChI=1S/C22H30N2O6/c1-27-18-15-17(6-7-21(26)24-8-4-3-5-20(24)25)16-19(28-2)22(18)30-14-11-23-9-12-29-13-10-23/h6-7,15-16H,3-5,8-14H2,1-2H3/b7-6+",5373,COc1cc(\C=C\C(=O)N2CCCCC2=O)cc(OC)c1OCCN3CCOCC3,NA
Input,BRD-A43331270-001-01-6,-0.25796662,InputSig,NA,NA,LINCSCP_25678,HT29,10uM,6h,large intestine,Adrenergic receptor antagonist|Calcium channel blocker,ADRA1A|CACNA1C,SLTFTBXXKKDMPA-UHFFFAOYSA-N,"InChI=1S/C36H39N3O6/c1-5-21-38-25(2)31(34(40)44-4)33(27-13-12-18-30(24-27)39(42)43)32(26(38)3)35(41)45-37-22-19-36(20-23-37,28-14-8-6-9-15-28)29-16-10-7-11-17-29/h6-18,24,33H,5,19-23H2,1-4H3",1390,CCCN1C(=C(C(C(=C1C)C(=O)ON2CCC(CC2)(c3ccccc3)c4ccccc4)c5cccc(c5)[N+](=O)[O-])C(=O)OC)C,NA
Input,Orlistat,-0.25789232,InputSig,NA,NA,LINCSCP_158933,PC3,1.11uM,24h,prostate,Lipase inhibitor,DAGLA|FASN|LIPF|PNLIP,AHLBNYSZXLDEJQ-FWEHEUNISA-N,"InChI=1S/C29H53NO5/c1-5-7-9-11-12-13-14-15-16-18-24(34-29(33)26(30-22-31)20-23(3)4)21-27-25(28(32)35-27)19-17-10-8-6-2/h22-27H,5-21H2,1-4H3,(H,30,31)/t24-,25-,26-,27-/m0/s1",16386,CCCCCCCCCCC[C@@H](C[C@@H]1OC(=O)[C@H]1CCCCCC)OC(=O)[C@H](CC(C)C)NC=O,4
Input,Vandetanib,-0.25789006,InputSig,NA,NA,LINCSCP_117199,HT29,10uM,24h,large intestine,Ephrin receptor inhibitor|Epidermal growth factor receptor inhibitor|Tyrosine-protein kinase BRK inhibitor|Tyrosine-protein kinase receptor RET inhibitor|Tyrosine-protein kinase SRC inhibitor|Tyrosine-protein kinase TIE-2 inhibitor|Vascular endothelial growth factor receptor inhibitor,EGFR|EPHA1|EPHA10|EPHA2|EPHA3|EPHA4|EPHA5|EPHA6|EPHA7|EPHA8|EPHB1|EPHB2|EPHB3|EPHB4|EPHB6|ERBB2|ERBB3|ERBB4|FLT1|FLT4|KDR|PTK6|RET|SRC|TEK,UHTHHESEBZOYNR-UHFFFAOYSA-N,"InChI=1S/C22H24BrFN4O2/c1-28-7-5-14(6-8-28)12-30-21-11-19-16(10-20(21)29-2)22(26-13-25-19)27-18-4-3-15(23)9-17(18)24/h3-4,9-11,13-14H,5-8,12H2,1-2H3,(H,25,26,27)",35290,COc1cc2c(Nc3ccc(Br)cc3F)ncnc2cc1OCC4CCN(C)CC4,4
Input,Kolestevan,-0.25782938,InputSig,NA,NA,LINCSCP_44698,PC3,10uM,24h,prostate,HMGCR inhibitor,HMGCR,RYMZZMVNJRMUDD-UHFFFAOYSA-N,"InChI=1S/C25H38O5/c1-6-25(4,5)24(28)30-21-12-15(2)11-17-8-7-16(3)20(23(17)21)10-9-19-13-18(26)14-22(27)29-19/h7-8,11,15-16,18-21,23,26H,6,9-10,12-14H2,1-5H3",35430,CCC(C)(C)C(=O)OC1CC(C)C=C2C=CC(C)C(CCC3CC(O)CC(=O)O3)C12,NA
Input,SCHEMBL15422032,-0.25779463,InputSig,NA,NA,LINCSCP_6112,A549,10uM,6h,lung,NA,NA,QJMFPDBBSFMUCX-PKNBQFBNSA-N,"InChI=1S/C22H23NO5/c1-26-18-13-16(14-19(27-2)21(18)28-3)9-11-20(24)23-12-4-5-17(22(23)25)10-8-15-6-7-15/h5,9,11,13-15H,4,6-7,12H2,1-3H3/b11-9+",25776,COc1cc(\C=C\C(=O)N2CCC=C(C#CC3CC3)C2=O)cc(OC)c1OC,NA
Input,CID 6167421,-0.25774297,InputSig,NA,NA,LINCSCP_26460,HT29,10uM,6h,large intestine,NA,NA,ITUAJYCECRCYJL-MFKUBSTISA-N,"InChI=1S/C23H21N3O3/c1-15(16-11-13-17(29-2)14-12-16)25-26-22(19-8-4-6-10-21(19)27)24-20-9-5-3-7-18(20)23(26)28/h3-14,22,24,27H,1-2H3/b25-15+",23298,COc1ccc(cc1)\C(=N\N2C(Nc3ccccc3C2=O)c4ccccc4O)\C,NA
Input,Dichlorobenzamil,-0.25762302,InputSig,NA,NA,LINCSCP_43326,NPC,10uM,6h,neural progenitor cells,NA,NA,OSHKWEFWXCCNJR-UHFFFAOYSA-N,"InChI=1S/C13H12Cl3N7O/c14-6-2-1-5(3-7(6)15)4-20-13(19)23-12(24)8-10(17)22-11(18)9(16)21-8/h1-3H,4H2,(H4,17,18,22)(H3,19,20,23,24)",19476,Nc1nc(N)c(nc1Cl)C(=O)NC(=N)NCc2ccc(Cl)c(Cl)c2,NA
Input,Apilimod,-0.25755104,InputSig,NA,NA,LINCSCP_122455,HT29,0.37uM,24h,large intestine,NA,NA,HSKAZIJJKRAJAV-UHFFFAOYSA-N,"InChI=1S/C23H26N6O2/c1-18-5-4-6-19(15-18)17-25-28-21-16-22(29-10-13-30-14-11-29)27-23(26-21)31-12-8-20-7-2-3-9-24-20/h2-7,9,15-17H,8,10-14H2,1H3,(H,26,27,28)",26496,Cc1cccc(\C=N\Nc2cc(nc(OCCc3ccccn3)n2)N4CCOCC4)c1,NA
Input,BMS-345541,-0.25716134,InputSig,NA,NA,LINCSCP_151159,PC3,10uM,24h,prostate,IKK inhibitor,IKBKB,PSPFQEBFYXJZEV-UHFFFAOYSA-N,"InChI=1S/C14H17N5/c1-9-3-4-11-12(7-9)19-10(2)8-17-14(19)13(18-11)16-6-5-15/h3-4,7-8H,5-6,15H2,1-2H3,(H,16,18)",16654,Cc1ccc2nc(NCCN)c3ncc(C)n3c2c1,NA
Input,Deferasirox,-0.25702735,InputSig,NA,NA,LINCSCP_162698,PC3,10uM,24h,prostate,NA,NA,BOFQWVMAQOTZIW-UHFFFAOYSA-N,"InChI=1S/C21H15N3O4/c25-17-7-3-1-5-15(17)19-22-20(16-6-2-4-8-18(16)26)24(23-19)14-11-9-13(10-12-14)21(27)28/h1-12,25-26H,(H,27,28)",26507,OC(=O)c1ccc(cc1)n2nc(nc2c3ccccc3O)c4ccccc4O,4
Input,AT-9283,-0.2568555,InputSig,NA,NA,LINCSCP_136654,MCF7,0.37uM,24h,breast,Abl kinase inhibitor|Aurora kinase inhibitor|Bcr-Abl kinase inhibitor|FLT3 inhibitor|JAK inhibitor|Mitotic inhibitor|Protein kinase inhibitor,ABL1|AURKA|AURKB|FLT3|JAK2|JAK3,LOLPPWBBNUVNQZ-UHFFFAOYSA-N,"InChI=1S/C19H23N7O2/c27-19(21-13-2-3-13)24-16-10-20-25-17(16)18-22-14-4-1-12(9-15(14)23-18)11-26-5-7-28-8-6-26/h1,4,9-10,13H,2-3,5-8,11H2,(H,20,25)(H,22,23)(H2,21,24,27)",16759,O=C(NC1CC1)Nc2c[nH]nc2c3nc4cc(CN5CCOCC5)ccc4[nH]3,2
Input,CHEMBL2362024,-0.25680335,InputSig,NA,NA,LINCSCP_65721,VCAP,10uM,24h,prostate,NA,NA,STCNQGKHPZHYJD-SCZOVYFASA-N,"InChI=1S/C38H48F3N5O5/c1-25-21-46(26(2)24-47)37(50)20-28-19-30(43-35(48)11-5-4-6-12-36(49)44-32-10-8-7-9-31(32)42)17-18-33(28)51-34(25)23-45(3)22-27-13-15-29(16-14-27)38(39,40)41/h7-10,13-19,25-26,34,47H,4-6,11-12,20-24,42H2,1-3H3,(H,43,48)(H,44,49)/t25-,26+,34-/m0/s1",40318,C[C@H](CO)N1C[C@H](C)[C@H](CN(C)Cc2ccc(cc2)C(F)(F)F)Oc3ccc(NC(=O)CCCCCC(=O)Nc4ccccc4N)cc3CC1=O,NA
Input,AC1O9EM7,-0.25679242,InputSig,NA,NA,LINCSCP_58743,VCAP,10uM,6h,prostate,NA,NA,NMHFAXRTWCWMAY-DFSPRCJXSA-N,"InChI=1S/C55H54N6O13/c1-69-32-33-73-54(68)60-41-23-22-35(14-12-20-39(49(64)70-2)50(65)71-3)34-40(41)55(52(60)67)43(48(63)58-26-28-59(29-27-58)53-56-24-13-25-57-53)45-51(66)74-46(37-17-8-5-9-18-37)44(36-15-6-4-7-16-36)61(45)47(55)38-19-10-11-21-42(38)72-31-30-62/h4-11,13,15-19,21-25,34,39,43-47,62H,20,26-33H2,1-3H3/t43-,44-,45-,46+,47+,55-/m1/s1",16177,COCCOC(=O)N1C(=O)[C@@]2([C@H]([C@H]3N([C@@H]([C@@H](OC3=O)c4ccccc4)c5ccccc5)[C@H]2c6ccccc6OCCO)C(=O)N7CCN(CC7)c8ncccn8)c9cc(ccc19)C#CCC(C(=O)OC)C(=O)OC,NA
Input,Resveratrol,-0.25676368,InputSig,NA,NA,LINCSCP_273607,PC3,10uM,24h,prostate,Cytochrome P450 inhibitor|SIRT activator,PTGS1|PTGS2|SIRT1,LUKBXSAWLPMMSZ-OWOJBTEDSA-N,"InChI=1S/C14H12O3/c15-12-5-3-10(4-6-12)1-2-11-7-13(16)9-14(17)8-11/h1-9,15-17H/b2-1+",22163,Oc1ccc(\C=C\c2cc(O)cc(O)c2)cc1,NA
Input,1228746-78-8,-0.25664632,InputSig,NA,NA,LINCSCP_18783,HCC515,10uM,24h,lung,Cholesterol inhibitor|Niemann-Pick C1-like 1 protein antagonist,NPC1L1,OLNTVTPDXPETLC-OJVMETQDSA-N,"InChI=1S/C24H21F2NO3/c25-17-5-1-15(2-6-17)22(29)14-13-21-23(16-3-11-20(28)12-4-16)27(24(21)30)19-9-7-18(26)8-10-19/h1-12,21-23,28-29H,13-14H2/t21-,22?,23-/m1/s1",152,OC(CC[C@@H]1[C@H](N(C1=O)c2ccc(F)cc2)c3ccc(O)cc3)c4ccc(F)cc4,NA
Input,MLS000106215,-0.25663945,InputSig,NA,NA,LINCSCP_25639,HT29,100uM,24h,large intestine,NA,NA,XAYFWWVZSYKDIS-UHFFFAOYSA-N,"InChI=1S/C19H18N4O/c1-3-7-15(8-4-1)17-18(16-9-5-2-6-10-16)21-22-19(20-17)23-11-13-24-14-12-23/h1-10H,11-14H2",36121,C1CN(CCO1)c2nnc(c3ccccc3)c(n2)c4ccccc4,NA
Input,BL003-049-HDAC3,-0.25662942,InputSig,NA,NA,LINCSCP_49277,PC3,10uM,6h,prostate,NA,NA,BEFOBMGNAJJGSD-UHFFFAOYSA-N,"InChI=1S/C20H24FN3O2/c1-14-6-8-15(9-7-14)20(26)23-12-4-2-3-5-19(25)24-18-11-10-16(21)13-17(18)22/h6-11,13H,2-5,12,22H2,1H3,(H,23,26)(H,24,25)",10608,Cc1ccc(cc1)C(=O)NCCCCCC(=O)Nc2ccc(F)cc2N,NA
Input,Cyclosporin A,-0.25656605,InputSig,NA,NA,LINCSCP_2834,A375,10uM,6h,skin,Calcineurin inhibitor,PPIA|PPP3CA,PMATZTZNYRCHOR-UHFFFAOYSA-N,"InChI=1S/C62H111N11O12/c1-25-27-28-40(15)52(75)51-56(79)65-43(26-2)58(81)67(18)33-48(74)68(19)44(29-34(3)4)55(78)66-49(38(11)12)61(84)69(20)45(30-35(5)6)54(77)63-41(16)53(76)64-42(17)57(80)70(21)46(31-36(7)8)59(82)71(22)47(32-37(9)10)60(83)72(23)50(39(13)14)62(85)73(51)24/h25,27,34-47,49-52,75H,26,28-33H2,1-24H3,(H,63,77)(H,64,76)(H,65,79)(H,66,78)",22188,CCC1NC(=O)C(C(O)C(C)CC=CC)N(C)C(=O)C(C(C)C)N(C)C(=O)C(CC(C)C)N(C)C(=O)C(CC(C)C)N(C)C(=O)C(C)NC(=O)C(C)NC(=O)C(CC(C)C)N(C)C(=O)C(NC(=O)C(CC(C)C)N(C)C(=O)CN(C)C1=O)C(C)C,NA
Input,Cyclosporin A,-0.25656605,InputSig,NA,NA,LINCSCP_2834,A375,10uM,6h,skin,Calcineurin inhibitor,PPIA|PPP3CA,PMATZTZNYRCHOR-IMVLJIQESA-N,"InChI=1S/C62H111N11O12/c1-25-27-28-40(15)52(75)51-56(79)65-43(26-2)58(81)67(18)33-48(74)68(19)44(29-34(3)4)55(78)66-49(38(11)12)61(84)69(20)45(30-35(5)6)54(77)63-41(16)53(76)64-42(17)57(80)70(21)46(31-36(7)8)59(82)71(22)47(32-37(9)10)60(83)72(23)50(39(13)14)62(85)73(51)24/h25,27,34-47,49-52,75H,26,28-33H2,1-24H3,(H,63,77)(H,64,76)(H,65,79)(H,66,78)/b27-25+",145,CCC1NC(=O)C(C(O)C(C)C\C=C\C)N(C)C(=O)C(C(C)C)N(C)C(=O)C(CC(C)C)N(C)C(=O)C(CC(C)C)N(C)C(=O)C(C)NC(=O)C(C)NC(=O)C(CC(C)C)N(C)C(=O)C(NC(=O)C(CC(C)C)N(C)C(=O)CN(C)C1=O)C(C)C,NA
Input,RO 08-2750,-0.2565266,InputSig,NA,NA,LINCSCP_26966,HT29,10uM,6h,large intestine,NGF binding inhibitor,NGF|NGFR,JDEMVNYMYPJJIM-UHFFFAOYSA-N,"InChI=1S/C13H10N4O3/c1-6-3-8-9(4-7(6)5-18)17(2)11-10(14-8)12(19)16-13(20)15-11/h3-5H,1-2H3,(H,16,19,20)",2390,CN1C2=NC(=O)NC(=O)C2=Nc3cc(C)c(C=O)cc13,NA
Input,Ruxolitinib,-0.25650896,InputSig,NA,NA,LINCSCP_132510,MCF7,10uM,3h,breast,JAK inhibitor,JAK1|JAK2|TYK2,HFNKQEVNSGCOJV-OAHLLOKOSA-N,"InChI=1S/C17H18N6/c18-7-5-15(12-3-1-2-4-12)23-10-13(9-22-23)16-14-6-8-19-17(14)21-11-20-16/h6,8-12,15H,1-5H2,(H,19,20,21)/t15-/m1/s1",17534,N#CC[C@H](C1CCCC1)n2cc(cn2)c3ncnc4[nH]ccc34,4
Input,TAE-684,-0.25643869,InputSig,NA,NA,LINCSCP_22372,HEPG2,10uM,6h,liver,ALK tyrosine kinase receptor inhibitor,ALK,QQWUGDVOUVUTOY-UHFFFAOYSA-N,"InChI=1S/C30H40ClN7O3S/c1-21(2)42(39,40)28-8-6-5-7-26(28)33-29-24(31)20-32-30(35-29)34-25-10-9-23(19-27(25)41-4)37-13-11-22(12-14-37)38-17-15-36(3)16-18-38/h5-10,19-22H,11-18H2,1-4H3,(H2,32,33,34,35)",16647,COc1cc(ccc1Nc2ncc(Cl)c(Nc3ccccc3S(=O)(=O)C(C)C)n2)N4CCC(CC4)N5CCN(C)CC5,NA
Input,BAY 61-3606,-0.2563796,InputSig,NA,NA,LINCSCP_150365,NPC.TAK,1.11uM,24h,NA,SYK inhibitor,SYK,JWQOJVOKBAAAAR-UHFFFAOYSA-N,"InChI=1S/C20H18N6O3/c1-28-15-6-5-12(10-16(15)29-2)14-11-17-22-8-9-26(17)20(24-14)25-19-13(18(21)27)4-3-7-23-19/h3-11H,1-2H3,(H2,21,27)(H,23,24,25)",17574,COc1ccc(cc1OC)c2cc3nccn3c(Nc4ncccc4C(=O)N)n2,NA
Input,XMD 8-92,-0.25637232,InputSig,NA,NA,LINCSCP_87216,CD34,10uM,24h,bone marrow,MAP kinase inhibitor,MAPK7,QAPAJIZPZGWAND-UHFFFAOYSA-N,"InChI=1S/C26H30N6O3/c1-4-35-23-15-17(32-13-11-18(33)12-14-32)9-10-20(23)28-26-27-16-22-24(29-26)30(2)21-8-6-5-7-19(21)25(34)31(22)3/h5-10,15-16,18,33H,4,11-14H2,1-3H3,(H,27,28,29)",37792,CCOc1cc(ccc1Nc2ncc3N(C)C(=O)c4ccccc4N(C)c3n2)N5CCC(O)CC5,NA
Input,Astemizole,-0.25636168,InputSig,NA,NA,LINCSCP_34283,MCF7,10uM,24h,breast,Histamine H1 receptor antagonist,HRH1|KCNH2,GXDALQBWZGODGZ-UHFFFAOYSA-N,"InChI=1S/C28H31FN4O/c1-34-25-12-8-21(9-13-25)14-17-32-18-15-24(16-19-32)30-28-31-26-4-2-3-5-27(26)33(28)20-22-6-10-23(29)11-7-22/h2-13,24H,14-20H2,1H3,(H,30,31)",16334,COc1ccc(CCN2CCC(CC2)Nc3nc4ccccc4n3Cc5ccc(F)cc5)cc1,4
Input,CHEMBL1367741,-0.25628751,InputSig,NA,NA,LINCSCP_57798,VCAP,10uM,24h,prostate,NA,NA,WGNVISLMPWGORV-SOFGYWHQSA-N,"InChI=1S/C17H11F2NO/c18-14-4-1-5-15(19)13(14)8-6-11-7-9-16(21)17-12(11)3-2-10-20-17/h1-10,21H/b8-6+",37474,Oc1ccc(\C=C\c2c(F)cccc2F)c3cccnc13,NA
Input,Maprotiline,-0.25600723,InputSig,NA,NA,LINCSCP_58121,VCAP,10uM,24h,prostate,Norepinephrine transporter inhibitor,SLC6A2,QSLMDECMDJKHMQ-GSXCWMCISA-N,"InChI=1S/C20H23N/c1-21-14-6-12-20-13-11-15(16-7-2-4-9-18(16)20)17-8-3-5-10-19(17)20/h2-5,7-10,15,21H,6,11-14H2,1H3/t15-,20+",36706,CNCCC[C@@]12CC[C@@H](c3ccccc13)c4ccccc24,NA
Input,Maprotiline,-0.25600723,InputSig,NA,NA,LINCSCP_58121,VCAP,10uM,24h,prostate,Norepinephrine transporter inhibitor,SLC6A2,QSLMDECMDJKHMQ-UHFFFAOYSA-N,"InChI=1S/C20H23N/c1-21-14-6-12-20-13-11-15(16-7-2-4-9-18(16)20)17-8-3-5-10-19(17)20/h2-5,7-10,15,21H,6,11-14H2,1H3",15379,CNCCCC12CCC(c3ccccc13)c4ccccc24,4
Input,CHEMBL2357390,-0.25579703,InputSig,NA,NA,LINCSCP_48993,PC3,10uM,24h,prostate,NA,NA,ACQXGQRETPVUSO-BEAGFIRGSA-N,"InChI=1S/C38H48F3N5O7/c1-24-21-46(25(2)23-47)35(48)32-20-30(43-36(49)42-28-11-9-27(10-12-28)38(39,40)41)15-18-33(32)53-26(3)8-6-7-19-52-34(24)22-45(4)37(50)44-29-13-16-31(51-5)17-14-29/h9-18,20,24-26,34,47H,6-8,19,21-23H2,1-5H3,(H,44,50)(H2,42,43,49)/t24-,25-,26+,34+/m0/s1",40220,COc1ccc(NC(=O)N(C)C[C@H]2OCCCC[C@@H](C)Oc3ccc(NC(=O)Nc4ccc(cc4)C(F)(F)F)cc3C(=O)N(C[C@@H]2C)[C@@H](C)CO)cc1,NA
Input,Ketoconazole,-0.2554519,InputSig,NA,NA,LINCSCP_157637,PC3,10uM,24h,prostate,NA,NA,XMAYWYJOQHXEEK-OZXSUGGESA-N,"InChI=1S/C26H28Cl2N4O4/c1-19(33)31-10-12-32(13-11-31)21-3-5-22(6-4-21)34-15-23-16-35-26(36-23,17-30-9-8-29-18-30)24-7-2-20(27)14-25(24)28/h2-9,14,18,23H,10-13,15-17H2,1H3/t23-,26-/m0/s1",36501,CC(=O)N1CCN(CC1)c2ccc(OC[C@H]3CO[C@@](Cn4ccnc4)(O3)c5ccc(Cl)cc5Cl)cc2,NA
Input,Ketoconazole,-0.2554519,InputSig,NA,NA,LINCSCP_157637,PC3,10uM,24h,prostate,NA,NA,XMAYWYJOQHXEEK-UHFFFAOYSA-N,"InChI=1S/C26H28Cl2N4O4/c1-19(33)31-10-12-32(13-11-31)21-3-5-22(6-4-21)34-15-23-16-35-26(36-23,17-30-9-8-29-18-30)24-7-2-20(27)14-25(24)28/h2-9,14,18,23H,10-13,15-17H2,1H3",1487,CC(=O)N1CCN(CC1)c2ccc(OCC3COC(Cn4ccnc4)(O3)c5ccc(Cl)cc5Cl)cc2,NA
Input,Ketoconazole,-0.2554519,InputSig,NA,NA,LINCSCP_157637,PC3,10uM,24h,prostate,NA,NA,XMAYWYJOQHXEEK-NASUQTAISA-N,"InChI=1S/C26H28Cl2N4O4/c1-19(33)31-10-12-32(13-11-31)21-3-5-22(6-4-21)34-15-23-16-35-26(36-23,17-30-9-8-29-18-30)24-7-2-20(27)14-25(24)28/h2-9,14,18,23H,10-13,15-17H2,1H3/t23?,26-/m0/s1",14220,CC(=O)N1CCN(CC1)c2ccc(OCC3CO[C@@](Cn4ccnc4)(O3)c5ccc(Cl)cc5Cl)cc2,NA
Input,Vorinostat,-0.25542823,InputSig,NA,NA,LINCSCP_43668,NPC,10uM,6h,neural progenitor cells,Histone deacetylase 1 inhibitor|Histone deacetylase 3 inhibitor|Histone deacetylase 6 inhibitor|Histone deacetylase 2 inhibitor,HDAC1|HDAC2|HDAC3|HDAC6|HDAC8,WAEXFXRVDQXREF-UHFFFAOYSA-N,"InChI=1S/C14H20N2O3/c17-13(15-12-8-4-3-5-9-12)10-6-1-2-7-11-14(18)16-19/h3-5,8-9,19H,1-2,6-7,10-11H2,(H,15,17)(H,16,18)",15970,ONC(=O)CCCCCCC(=O)Nc1ccccc1,4
Input,Cymarigenen,-0.25541338,InputSig,NA,NA,LINCSCP_64842,VCAP,10uM,24h,prostate,ATPase inhibitor,NA,ODJLBQGVINUMMR-UHFFFAOYSA-N,"InChI=1S/C23H32O6/c1-20-6-3-17-18(4-8-22(27)11-15(25)2-7-21(17,22)13-24)23(20,28)9-5-16(20)14-10-19(26)29-12-14/h10,13,15-18,25,27-28H,2-9,11-12H2,1H3",8339,CC12CCC3C(CCC4(O)CC(O)CCC34C=O)C1(O)CCC2C5=CC(=O)OC5,NA
Input,Genistein,-0.25528299,InputSig,NA,NA,LINCSCP_68531,VCAP,10uM,6h,prostate,Tyrosine kinase inhibitor,CFTR|ESR2,TZBJGXHYKVUXJN-UHFFFAOYSA-N,"InChI=1S/C15H10O5/c16-9-3-1-8(2-4-9)11-7-20-13-6-10(17)5-12(18)14(13)15(11)19/h1-7,16-18H",38243,Oc1ccc(cc1)C2=COc3cc(O)cc(O)c3C2=O,NA
Input,CHEMBL299879,-0.25519746,InputSig,NA,NA,LINCSCP_17894,HCC515,10uM,24h,lung,Neuropeptide receptor antagonist,NPY5R,ISSSVYKMIIAPTH-UHFFFAOYSA-N,"InChI=1S/C25H33N3O4S/c29-28(30)24-7-3-4-8-25(24)33(31,32)27-18-20-11-9-19(10-12-20)16-26-17-21-13-14-22-5-1-2-6-23(22)15-21/h1-8,19-21,26-27H,9-18H2",22489,[O-][N+](=O)c1ccccc1S(=O)(=O)NCC2CCC(CNCC3CCc4ccccc4C3)CC2,NA
Input,Neratinib,-0.25516881,InputSig,NA,NA,LINCSCP_163134,SKBR3,3.33uM,3h,breast,EGFR inhibitor,EGFR|ERBB2|ERBB4,JWNPDZNEKVCWMY-UHFFFAOYSA-N,"InChI=1S/C30H29ClN6O3/c1-4-39-28-16-25-23(15-26(28)36-29(38)9-7-13-37(2)3)30(20(17-32)18-34-25)35-21-10-11-27(24(31)14-21)40-19-22-8-5-6-12-33-22/h5-12,14-16,18H,4,13,19H2,1-3H3,(H,34,35)(H,36,38)",27312,CCOc1cc2ncc(C#N)c(Nc3ccc(OCc4ccccn4)c(Cl)c3)c2cc1NC(=O)C=CCN(C)C,NA
Input,Neratinib,-0.25516881,InputSig,NA,NA,LINCSCP_163134,SKBR3,3.33uM,3h,breast,EGFR inhibitor,EGFR|ERBB2|ERBB4,JWNPDZNEKVCWMY-VQHVLOKHSA-N,"InChI=1S/C30H29ClN6O3/c1-4-39-28-16-25-23(15-26(28)36-29(38)9-7-13-37(2)3)30(20(17-32)18-34-25)35-21-10-11-27(24(31)14-21)40-19-22-8-5-6-12-33-22/h5-12,14-16,18H,4,13,19H2,1-3H3,(H,34,35)(H,36,38)/b9-7+",17243,CCOc1cc2ncc(C#N)c(Nc3ccc(OCc4ccccn4)c(Cl)c3)c2cc1NC(=O)\C=C\CN(C)C,3
Input,SMP2_000249,-0.25515786,InputSig,NA,NA,LINCSCP_26957,HT29,10uM,6h,large intestine,ATPase inhibitor,ATP1A1,XSIZUTIZDQZYMA-SBWPMOMYSA-N,"InChI=1S/C26H34O6/c1-13-10-19-18(6-5-16-11-17(28)8-9-25(16,19)3)26-22(13)21(15-4-7-20(29)30-12-15)23(24(26)32-26)31-14(2)27/h4,7,12-13,16-19,21-24,28H,5-6,8-11H2,1-3H3/t13-,16-,17+,18-,19+,21-,22?,23-,24-,25+,26+/m1/s1",22465,C[C@@H]1C[C@H]2[C@@H](CC[C@@H]3C[C@@H](O)CC[C@]23C)[C@@]45O[C@@H]4[C@H](OC(=O)C)[C@@H](C15)C6=COC(=O)C=C6,NA
Input,Bapta-AM,-0.25510846,InputSig,NA,NA,LINCSCP_27002,HT29,10uM,6h,large intestine,Potassium channel blocker,KCNA3|KCNA5|KCNH2,YJIYWYAMZFVECX-UHFFFAOYSA-N,"InChI=1S/C34H40N2O18/c1-23(37)47-19-51-31(41)15-35(16-32(42)52-20-48-24(2)38)27-9-5-7-11-29(27)45-13-14-46-30-12-8-6-10-28(30)36(17-33(43)53-21-49-25(3)39)18-34(44)54-22-50-26(4)40/h5-12H,13-22H2,1-4H3",35748,CC(=O)OCOC(=O)CN(CC(=O)OCOC(=O)C)c1ccccc1OCCOc2ccccc2N(CC(=O)OCOC(=O)C)CC(=O)OCOC(=O)C,NA
Input,Fdurd,-0.25510359,InputSig,NA,NA,LINCSCP_34120,MCF7,10uM,24h,breast,DNA synthesis inhibitor,NA,ODKNJVUHOIMIIZ-UHFFFAOYSA-N,"InChI=1S/C9H11FN2O5/c10-4-2-12(9(16)11-8(4)15)7-1-5(14)6(3-13)17-7/h2,5-7,13-14H,1,3H2,(H,11,15,16)",11547,OCC1OC(CC1O)N2C=C(F)C(=O)NC2=O,NA
Input,SGI-1776,-0.25507786,InputSig,NA,NA,LINCSCP_149596,NPC.TAK,3.33uM,24h,NA,Serine/threonine-protein kinase PIM inhibitor,PIM1|PIM2|PIM3,MHXGEROHKGDZGO-UHFFFAOYSA-N,"InChI=1S/C20H22F3N5O/c1-27-9-7-14(8-10-27)12-24-18-5-6-19-25-13-17(28(19)26-18)15-3-2-4-16(11-15)29-20(21,22)23/h2-6,11,13-14H,7-10,12H2,1H3,(H,24,26)",39313,CN1CCC(CNc2ccc3ncc(c4cccc(OC(F)(F)F)c4)n3n2)CC1,1
Input,AC1MCK5A,-0.25487684,InputSig,NA,NA,LINCSCP_1539,A375,10uM,6h,skin,NA,NA,IOTJXEMRQZVVKK-UHFFFAOYSA-N,"InChI=1S/C19H16ClN5O2S/c1-27-18(26)16-11-22-25(15-9-7-13(20)8-10-15)17(16)12-21-24-19(28)23-14-5-3-2-4-6-14/h2-12H,1H3,(H2,23,24,28)",22676,COC(=O)c1cnn(c1C=NN=C(S)Nc2ccccc2)c3ccc(Cl)cc3,NA
Input,Clofarabine,-0.2547261,InputSig,NA,NA,LINCSCP_71919,A375,0.12uM,24h,skin,DNA polymerase (alpha/delta/epsilon) inhibitor (DNA polymerase|Ribonucleoside-diphosphate reductase RR1 inhibitor,POLA1|POLD1|POLE|RRM1|RRM2|RRM2B,WDDPHFBMKLOVOX-AYQXTPAHSA-N,"InChI=1S/C10H11ClFN5O3/c11-10-15-7(13)5-8(16-10)17(2-14-5)9-4(12)6(19)3(1-18)20-9/h2-4,6,9,18-19H,1H2,(H2,13,15,16)/t3-,4+,6-,9-/m1/s1",26868,Nc1nc(Cl)nc2c1ncn2[C@@H]3O[C@H](CO)[C@@H](O)[C@@H]3F,4
Input,ZINC27645180,-0.25460329,InputSig,NA,NA,LINCSCP_42122,NPC,10uM,24h,neural progenitor cells,NFkB pathway inhibitor,NFKB1|TNF,GGBVTWRQPMDRCK-UHFFFAOYSA-N,"InChI=1S/C22H22N4O/c23-17-8-11-21-20(14-17)22(26-15-25-21)24-13-12-16-6-9-19(10-7-16)27-18-4-2-1-3-5-18/h1-11,14,25H,12-13,15,23H2,(H,24,26)",1507,Nc1ccc2NCN=C(NCCc3ccc(Oc4ccccc4)cc3)c2c1,NA
Input,Altrenogest,-0.25456413,InputSig,NA,NA,LINCSCP_156182,PC3,3.33uM,24h,prostate,NA,NA,VWAUPFMBXBWEQY-JSRAGOMMSA-N,"InChI=1S/C21H26O2/c1-3-10-21(23)12-9-19-18-6-4-14-13-15(22)5-7-16(14)17(18)8-11-20(19,21)2/h3,8,11,13,18-19,23H,1,4-7,9-10,12H2,2H3/t18?,19?,20-,21-/m0/s1",348,C[C@]12C=CC3=C4CCC(=O)C=C4CCC3C1CC[C@@]2(O)CC=C,NA
Input,Altrenogest,-0.25456413,InputSig,NA,NA,LINCSCP_156182,PC3,3.33uM,24h,prostate,NA,NA,VWAUPFMBXBWEQY-IVAOSVALSA-N,"InChI=1S/C21H26O2/c1-3-10-21(23)12-9-19-18-6-4-14-13-15(22)5-7-16(14)17(18)8-11-20(19,21)2/h3,8,11,13,18-19,23H,1,4-7,9-10,12H2,2H3/t18-,19+,20+,21-/m1/s1",27010,C[C@]12C=CC3=C4CCC(=O)C=C4CC[C@H]3[C@@H]1CC[C@]2(O)CC=C,NA
Input,Trichostatin,-0.25452263,InputSig,NA,NA,LINCSCP_43655,NPC,10uM,6h,neural progenitor cells,CDK expression enhancer|HDAC inhibitor|ID1 expression inhibitor,HDAC1|HDAC10|HDAC3|HDAC4|HDAC6|HDAC7|HDAC8,RTKIYFITIVXBLE-QEQCGCAPSA-N,"InChI=1S/C17H22N2O3/c1-12(5-10-16(20)18-22)11-13(2)17(21)14-6-8-15(9-7-14)19(3)4/h5-11,13,22H,1-4H3,(H,18,20)/b10-5+,12-11+/t13-/m1/s1",37875,C[C@H](\C=C(/C)\C=C\C(=O)NO)C(=O)c1ccc(cc1)N(C)C,NA
Input,Perphenazine,-0.25446788,InputSig,NA,NA,LINCSCP_243420,MCF7,10uM,24h,breast,Dopamine D2 receptor antagonist,DRD2,RGCVKNLCSQQDEP-UHFFFAOYSA-N,"InChI=1S/C21H26ClN3OS/c22-17-6-7-21-19(16-17)25(18-4-1-2-5-20(18)27-21)9-3-8-23-10-12-24(13-11-23)14-15-26/h1-2,4-7,16,26H,3,8-15H2",35520,OCCN1CCN(CCCN2c3ccccc3Sc4ccc(Cl)cc24)CC1,4
Input,JW-7-24-1,-0.25445434,InputSig,NA,NA,LINCSCP_20350,HCC515,10uM,6h,lung,LCK Inhibitor,LCK,NA,NA,42754,NA,NA
Input,BRD-K41335306,-0.25416862,InputSig,NA,NA,LINCSCP_48528,PC3,10uM,24h,prostate,NA,NA,ORVIWTYNJHNTDZ-OBGOALODSA-N,"InChI=1S/C29H33N3O/c33-22-28-29(26-14-12-24(13-15-26)11-10-23-7-2-1-3-8-23)27-21-31(17-4-5-18-32(27)28)20-25-9-6-16-30-19-25/h1-3,6-16,19,27-29,33H,4-5,17-18,20-22H2/b11-10+/t27-,28+,29-/m1/s1",8865,OC[C@H]1[C@@H]([C@H]2CN(Cc3cccnc3)CCCCN12)c4ccc(\C=C\c5ccccc5)cc4,NA
Input,"Triazolothiadiazine, 28",-0.25407527,InputSig,NA,NA,LINCSCP_45753,PC3,10uM,24h,prostate,NA,NA,KMUSXZAEXPZCDQ-UHFFFAOYSA-N,"InChI=1S/C22H21ClN4O2S/c1-28-19-11-10-14(12-20(19)29-15-6-2-3-7-15)18-13-30-22-25-24-21(27(22)26-18)16-8-4-5-9-17(16)23/h4-5,8-12,15H,2-3,6-7,13H2,1H3",16090,COc1ccc(cc1OC2CCCC2)C3=Nn4c(SC3)nnc4c5ccccc5Cl,NA
Input,BRD7116,-0.25373003,InputSig,NA,NA,LINCSCP_24212,HS27A,10uM,6h,bone marrow,NA,NA,UHXFWAHRAMUDLJ-UHFFFAOYSA-N,"InChI=1S/C28H36N2O4S/c1-25(2)21(26(25,3)4)23(31)29-17-9-13-19(14-10-17)35(33,34)20-15-11-18(12-16-20)30-24(32)22-27(5,6)28(22,7)8/h9-16,21-22H,1-8H3,(H,29,31)(H,30,32)",31629,CC1(C)C(C(=O)Nc2ccc(cc2)S(=O)(=O)c3ccc(NC(=O)C4C(C)(C)C4(C)C)cc3)C1(C)C,NA
Input,CHEMDIV3_016432,-0.25348421,InputSig,NA,NA,LINCSCP_23713,HEPG2,10uM,6h,liver,NA,NA,HQFCKBKVOWOQIQ-UHFFFAOYSA-N,"InChI=1S/C25H31N3O5S/c1-17-4-3-5-21(14-17)27-25(30)20-8-6-19(7-9-20)16-26-34(31,32)22-10-11-23-24(15-22)33-13-12-28(23)18(2)29/h3-5,10-11,14-15,19-20,26H,6-9,12-13,16H2,1-2H3,(H,27,30)",31122,CC(=O)N1CCOc2cc(ccc12)S(=O)(=O)NCC3CCC(CC3)C(=O)Nc4cccc(C)c4,NA
Input,7Beta-forskolin,-0.25345449,InputSig,NA,NA,LINCSCP_27057,HT29,10uM,6h,large intestine,Adenylyl cyclase activator,ADCY2,PAYHDZDDAHVPDU-ZQVYKFDISA-N,"InChI=1S/C29H48N2O7/c1-8-26(4)18-20(33)29(36)27(5)19(32)11-12-25(2,3)23(27)22(35)24(28(29,6)38-26)37-21(34)10-9-13-31-16-14-30(7)15-17-31/h8,19,22-24,32,35-36H,1,9-18H2,2-7H3/t19-,22-,23-,24-,26-,27-,28+,29-/m0/s1",9823,CN1CCN(CCCC(=O)O[C@H]2[C@@H](O)[C@H]3C(C)(C)CC[C@H](O)[C@]3(C)[C@@]4(O)C(=O)C[C@@](C)(O[C@]24C)C=C)CC1,NA
Input,N-[4-(Acridin-9-ylmethyl)-3-methoxyphenyl]methanesulfonamide,-0.25342923,InputSig,NA,NA,LINCSCP_19149,HCC515,10uM,6h,lung,Topoisomerase inhibitor,TOP2A,JRNUZHHDXNSOMO-UHFFFAOYSA-N,"InChI=1S/C22H20N2O3S/c1-27-22-14-16(24-28(2,25)26)12-11-15(22)13-19-17-7-3-5-9-20(17)23-21-10-6-4-8-18(19)21/h3-12,14,24H,13H2,1-2H3",36198,COc1cc(NS(=O)(=O)C)ccc1Cc2c3ccccc3nc4ccccc24,NA
Input,CHEMBL2135524,-0.25339882,InputSig,NA,NA,LINCSCP_59298,VCAP,10uM,24h,prostate,NA,NA,VYCOOHAMPRTWAW-VEFCPFGPSA-N,"InChI=1S/C43H53N5O5/c1-30-26-48(31(2)29-49)43(52)25-35-24-36(45-41(50)16-8-5-9-17-42(51)46-38-15-11-10-14-37(38)44)22-23-39(35)53-40(30)28-47(3)27-32-18-20-34(21-19-32)33-12-6-4-7-13-33/h4,6-7,10-15,18-24,30-31,40,49H,5,8-9,16-17,25-29,44H2,1-3H3,(H,45,50)(H,46,51)/t30-,31-,40+/m1/s1",19883,C[C@H](CO)N1C[C@@H](C)[C@H](CN(C)Cc2ccc(cc2)c3ccccc3)Oc4ccc(NC(=O)CCCCCC(=O)Nc5ccccc5N)cc4CC1=O,NA
Input,Canertinib,-0.25331857,InputSig,NA,NA,LINCSCP_69470,A375,10uM,24h,skin,EGFR inhibitor,EGFR|ERBB2|ERBB4,OMZCMEYTWSXEPZ-UHFFFAOYSA-N,"InChI=1S/C24H25ClFN5O3/c1-2-23(32)30-21-13-17-20(14-22(21)34-9-3-6-31-7-10-33-11-8-31)27-15-28-24(17)29-16-4-5-19(26)18(25)12-16/h2,4-5,12-15H,1,3,6-11H2,(H,30,32)(H,27,28,29)",35284,Fc1ccc(Nc2ncnc3cc(OCCCN4CCOCC4)c(NC(=O)C=C)cc23)cc1Cl,3
Input,MLS002607804,-0.25330082,InputSig,NA,NA,LINCSCP_237784,MCF7,10uM,24h,breast,NA,NA,SRCMKVWULBOOMX-UHFFFAOYSA-N,"InChI=1S/C29H23N3O3/c1-33-23-14-8-13-21(27(23)34-2)25-24-20-12-7-6-9-18(20)15-16-22(24)35-29-26(25)28(30)32(17-31-29)19-10-4-3-5-11-19/h3-17,25,30H,1-2H3",15331,COc1cccc(C2C3=C(Oc4ccc5ccccc5c24)N=CN(C3=N)c6ccccc6)c1OC,NA
Input,Ketorolac,-0.25328875,InputSig,NA,NA,LINCSCP_19019,HCC515,10uM,6h,lung,Cyclooxygenase inhibitor,PTGS1|PTGS2,OZWKMVRBQXNZKK-UHFFFAOYSA-N,"InChI=1S/C15H13NO3/c17-14(10-4-2-1-3-5-10)13-7-6-12-11(15(18)19)8-9-16(12)13/h1-7,11H,8-9H2,(H,18,19)",35368,OC(=O)C1CCn2c1ccc2C(=O)c3ccccc3,4
Input,Phorbol 12-myristate-13-acetate,-0.25320574,InputSig,NA,NA,LINCSCP_51036,RMUGS,10uM,6h,ovary,PKC activator,PRKCA,PHEDXBVPIONUQT-UHFFFAOYSA-N,"InChI=1S/C36H56O8/c1-7-8-9-10-11-12-13-14-15-16-17-18-29(39)43-32-24(3)35(42)27(30-33(5,6)36(30,32)44-25(4)38)20-26(22-37)21-34(41)28(35)19-23(2)31(34)40/h19-20,24,27-28,30,32,37,41-42H,7-18,21-22H2,1-6H3",169,CCCCCCCCCCCCCC(=O)OC1C(C)C2(O)C(C=C(CO)CC3(O)C2C=C(C)C3=O)C4C(C)(C)C14OC(=O)C,NA
Input,Terreic-acid,-0.25309817,InputSig,NA,NA,LINCSCP_2272,A375,10uM,6h,skin,Bruton's tyrosine kinase (BTK) inhibitor,BTK,NYFMSQHOGRWGFD-OOEDRKFMSA-N,"InChI=1S/C7H6O4/c1-2-3(8)5(10)7-6(11-7)4(2)9/h2,6-7H,1H3/t2?,6-,7+/m1/s1",25399,CC1C(=O)[C@H]2O[C@H]2C(=O)C1=O,NA
Input,Foretinib,-0.25298386,InputSig,NA,NA,LINCSCP_131996,MCF7,1.11uM,24h,breast,VEGFR inhibitor,FLT1|FLT3|FLT4|KDR|KIT|MET|PDGFRA|PDGFRB|TEK,CXQHYVUVSFXTMY-UHFFFAOYSA-N,"InChI=1S/C34H34F2N4O6/c1-43-30-20-25-27(21-31(30)45-16-2-13-40-14-17-44-18-15-40)37-12-9-28(25)46-29-8-7-24(19-26(29)36)39-33(42)34(10-11-34)32(41)38-23-5-3-22(35)4-6-23/h3-9,12,19-21H,2,10-11,13-18H2,1H3,(H,38,41)(H,39,42)",17552,COc1cc2c(Oc3ccc(NC(=O)C4(CC4)C(=O)Nc5ccc(F)cc5)cc3F)ccnc2cc1OCCCN6CCOCC6,2
Input,MLS003329222,-0.25291006,InputSig,NA,NA,LINCSCP_1750,A375,10uM,6h,skin,NA,NA,FECDNNKZAXOAIW-UHFFFAOYSA-N,"InChI=1S/C24H22N4O3/c1-28-20-6-3-2-5-19(20)21(16-24(28)30)31-14-4-7-23(29)27-22-15-18(10-13-26-22)17-8-11-25-12-9-17/h2-3,5-6,8-13,15-16H,4,7,14H2,1H3,(H,26,27,29)",1225,CN1C(=O)C=C(OCCCC(=O)Nc2cc(ccn2)c3ccncc3)c4ccccc14,NA
Input,Dalcetrapib,-0.25289912,InputSig,NA,NA,LINCSCP_4724,A549,80uM,6h,lung,Cholesterylester transfer protein inhibitor,CETP,YZQLWPMZQVHJED-UHFFFAOYSA-N,"InChI=1S/C23H35NO2S/c1-5-18(6-2)16-23(14-10-7-11-15-23)22(26)24-19-12-8-9-13-20(19)27-21(25)17(3)4/h8-9,12-13,17-18H,5-7,10-11,14-16H2,1-4H3,(H,24,26)",36686,CCC(CC)CC1(CCCCC1)C(=O)Nc2ccccc2SC(=O)C(C)C,3
Input,CHEMBL210901,-0.25275384,InputSig,NA,NA,LINCSCP_44125,PC3,10uM,6h,prostate,Proteasome inhibitor,NA,DHLFJZAIZCMWEO-JDGFICQVSA-N,"InChI=1S/C28H45N3O6S/c1-19(2)15-23(13-14-38(7,35)36)29-26(32)24(16-20(3)4)30-27(33)25(17-21(5)6)31-28(34)37-18-22-11-9-8-10-12-22/h8-14,19-21,23-25H,15-18H2,1-7H3,(H,29,32)(H,30,33)(H,31,34)/b14-13+/t23-,24+,25+/m1/s1",17527,CC(C)C[C@H](NC(=O)[C@H](CC(C)C)NC(=O)[C@H](CC(C)C)NC(=O)OCc1ccccc1)\C=C\S(=O)(=O)C,NA
Input,1991-52-2,-0.25273424,InputSig,NA,NA,LINCSCP_2924,A375,10uM,6h,skin,NA,NA,FLLRQABPKFCXSO-UHFFFAOYSA-N,"InChI=1S/C15H24O2/c1-14(2,3)10-9-13(17-7)11(8-12(10)16)15(4,5)6/h8-9,16H,1-7H3",36301,COc1cc(c(O)cc1C(C)(C)C)C(C)(C)C,NA
Input,CHEMBL2137729,-0.25244379,InputSig,NA,NA,LINCSCP_47388,PC3,10uM,6h,prostate,NA,NA,QDRBVCQGVAHXBS-RNDKRWLGSA-N,"InChI=1S/C37H47N5O5/c1-24-20-42(25(2)23-43)37(46)29-12-9-15-32(40-35(44)27-10-5-4-6-11-27)34(29)47-33(24)22-41(3)21-26-16-18-28(19-17-26)36(45)39-31-14-8-7-13-30(31)38/h7-9,12-19,24-25,27,33,43H,4-6,10-11,20-23,38H2,1-3H3,(H,39,45)(H,40,44)/t24-,25+,33-/m1/s1",36641,C[C@@H](CO)N1C[C@@H](C)[C@@H](CN(C)Cc2ccc(cc2)C(=O)Nc3ccccc3N)Oc4c(NC(=O)C5CCCCC5)cccc4C1=O,NA
Input,SCHEMBL10195776,-0.25239937,InputSig,NA,NA,LINCSCP_412,A375,10uM,6h,skin,Tyrosine phosphatase inhibitor,PTPN1|PTPN11|PTPN2,AJVXVYTVAAWZAP-UHFFFAOYSA-N,"InChI=1S/C14H11NO3/c1-14(2)9-10(15-13(14)18)7-5-3-4-6-8(7)11(16)12(9)17/h3-6,9H,1-2H3",23028,CC1(C)C2C(=O)C(=O)c3ccccc3C2=NC1=O,NA
Input,M-344,-0.25228395,InputSig,NA,NA,LINCSCP_43620,NPC,10uM,6h,neural progenitor cells,HDAC inhibitor,NA,MXWDSZWTBOCWBK-UHFFFAOYSA-N,"InChI=1S/C16H25N3O3/c1-19(2)14-10-8-13(9-11-14)16(21)17-12-6-4-3-5-7-15(20)18-22/h8-11,22H,3-7,12H2,1-2H3,(H,17,21)(H,18,20)",19480,CN(C)c1ccc(cc1)C(=O)NCCCCCCC(=O)NO,NA
Input,SCHEMBL15422533,-0.25218874,InputSig,NA,NA,LINCSCP_294486,VCAP,10uM,6h,prostate,NA,NA,JEMWIYVPLBOCIZ-OUKQBFOZSA-N,"InChI=1S/C23H29NO5/c1-27-19-14-16(15-20(28-2)23(19)29-3)12-13-22(26)24-18(10-7-11-21(24)25)17-8-5-4-6-9-17/h7,11-15,17-18H,4-6,8-10H2,1-3H3/b13-12+",25894,COc1cc(\C=C\C(=O)N2C(CC=CC2=O)C3CCCCC3)cc(OC)c1OC,NA
Input,BRD-K60067222,-0.25216552,InputSig,NA,NA,LINCSCP_47133,PC3,10uM,24h,prostate,NA,NA,QVMJLFZOFFUGMH-IABYTQIASA-N,"InChI=1S/C32H41N5O4/c1-21-17-37(22(2)20-38)32(40)26-16-25(35(3)4)14-15-29(26)41-30(21)19-36(5)18-23-10-12-24(13-11-23)31(39)34-28-9-7-6-8-27(28)33/h6-16,21-22,30,38H,17-20,33H2,1-5H3,(H,34,39)/t21-,22+,30+/m0/s1",13131,C[C@H](CO)N1C[C@H](C)[C@@H](CN(C)Cc2ccc(cc2)C(=O)Nc3ccccc3N)Oc4ccc(cc4C1=O)N(C)C,NA
Input,CEPHARANTHINE,-0.25198211,InputSig,NA,NA,LINCSCP_126628,HT29,10uM,24h,large intestine,NA,NA,YVPXVXANRNDGTA-WDYNHAJCSA-N,"InChI=1S/C37H38N2O6/c1-38-13-11-24-18-31(41-4)33-20-27(24)28(38)16-23-7-10-30(40-3)32(17-23)44-26-8-5-22(6-9-26)15-29-35-25(12-14-39(29)2)19-34-36(37(35)45-33)43-21-42-34/h5-10,17-20,28-29H,11-16,21H2,1-4H3/t28-,29+/m1/s1",27118,COc1ccc2C[C@H]3N(C)CCc4cc(OC)c(Oc5c6OCOc6cc7CCN(C)[C@@H](Cc8ccc(Oc1c2)cc8)c57)cc34,NA
Input,BRD-K05686172,-0.25190577,InputSig,NA,NA,LINCSCP_297520,VCAP,5uM,6h,prostate,NA,NA,UFPGTWMRZCUHBI-VHFRWLAGSA-N,"InChI=1S/C30H39N3O7S/c1-21-18-33(22(2)20-34)41(37,38)28-11-10-23(12-15-30(36)13-5-6-14-30)16-26(28)40-27(21)19-32(3)29(35)31-24-8-7-9-25(17-24)39-4/h7-11,16-17,21-22,27,34,36H,5-6,13-14,18-20H2,1-4H3,(H,31,35)/t21-,22-,27-/m1/s1",1847,COc1cccc(NC(=O)N(C)C[C@H]2Oc3cc(ccc3S(=O)(=O)N(C[C@H]2C)[C@H](C)CO)C#CC4(O)CCCC4)c1,NA
Input,CHEMBL2357757,-0.25181622,InputSig,NA,NA,LINCSCP_60366,VCAP,5uM,24h,prostate,NA,NA,GOIFBKSVWMRRGJ-MVOZIGHISA-N,"InChI=1S/C29H33N3O6S2/c1-21-5-10-26(11-6-21)39(34,35)31(4)19-28-22(2)18-32(23(3)20-33)40(36,37)29-12-9-25(17-27(29)38-28)8-7-24-13-15-30-16-14-24/h5-6,9-17,22-23,28,33H,18-20H2,1-4H3/t22-,23-,28-/m1/s1",16711,C[C@H](CO)N1C[C@@H](C)[C@@H](CN(C)S(=O)(=O)c2ccc(C)cc2)Oc3cc(ccc3S1(=O)=O)C#Cc4ccncc4,NA
Input,KW-2478,-0.25171699,InputSig,NA,NA,LINCSCP_105641,HELA,1.11uM,24h,large intestine,NA,NA,VFUXSYAXEKYYMB-UHFFFAOYSA-N,"InChI=1S/C30H42N2O9/c1-5-22-23(19-28(35)32(11-13-37-2)12-14-38-3)29(25(34)20-24(22)33)30(36)21-6-7-26(27(18-21)39-4)41-17-10-31-8-15-40-16-9-31/h6-7,18,20,33-34H,5,8-17,19H2,1-4H3",26604,CCc1c(O)cc(O)c(C(=O)c2ccc(OCCN3CCOCC3)c(OC)c2)c1CC(=O)N(CCOC)CCOC,NA
Input,AC1NWAOC,-0.25168547,InputSig,NA,NA,LINCSCP_76338,A375,10uM,24h,skin,NA,NA,PSGAAPLEWMOORI-GDXVCIIOSA-N,"InChI=1S/C24H34O4/c1-14-12-18-19(22(4)9-6-17(27)13-21(14)22)7-10-23(5)20(18)8-11-24(23,15(2)25)28-16(3)26/h13-14,18-20H,6-12H2,1-5H3/t14-,18?,19?,20?,22+,23-,24-/m0/s1",27708,C[C@H]1CC2C(CC[C@@]3(C)C2CC[C@]3(OC(=O)C)C(=O)C)[C@@]4(C)CCC(=O)C=C14,NA
Input,MLS002264453,-0.25145381,InputSig,NA,NA,LINCSCP_26058,HT29,10uM,6h,large intestine,NA,NA,ISHUIJPLAGGONA-UHFFFAOYSA-N,"InChI=1S/C14H9BrN6S2/c1-21-14(18-19-20-21)23-13-11-10(6-22-12(11)16-7-17-13)8-3-2-4-9(15)5-8/h2-7H,1H3",15391,Cn1nnnc1Sc2ncnc3scc(c4cccc(Br)c4)c23,NA
Input,BRD-K92659561,-0.25125783,InputSig,NA,NA,LINCSCP_49194,PC3,10uM,6h,prostate,NA,NA,KBDYTXJNXXZTGD-VJQVOXFUSA-N,"InChI=1S/C33H37N3O5S/c1-24-20-36(25(2)23-37)42(38,39)33-14-11-28(27-15-17-34-18-16-27)19-31(33)41-32(24)22-35(3)21-26-9-12-30(13-10-26)40-29-7-5-4-6-8-29/h4-19,24-25,32,37H,20-23H2,1-3H3/t24-,25-,32+/m1/s1",13938,C[C@H](CO)N1C[C@@H](C)[C@H](CN(C)Cc2ccc(Oc3ccccc3)cc2)Oc4cc(ccc4S1(=O)=O)c5ccncc5,NA
Input,BG-1003,-0.2511338,InputSig,NA,NA,LINCSCP_43294,NPC,10uM,6h,neural progenitor cells,NA,NA,BRWRMTIGOLBNCP-CJLVFECKSA-N,"InChI=1S/C21H25N3O3/c25-20(10-6-1-2-7-11-21(26)24-27)23-22-16-17-12-14-19(15-13-17)18-8-4-3-5-9-18/h3-5,8-9,12-16,27H,1-2,6-7,10-11H2,(H,23,25)(H,24,26)/b22-16+",3,ONC(=O)CCCCCCC(=O)NN=Cc1ccc(cc1)c2ccccc2,NA
Input,BRD-K56987347,-0.25110322,InputSig,NA,NA,LINCSCP_60778,VCAP,5uM,24h,prostate,NA,NA,WGPDLCVCGOLGPE-JTAQYXEDSA-N,"InChI=1S/C24H37N5O3/c1-18-7-9-21(10-8-18)14-27(4)15-23-19(2)13-28(20(3)16-30)24(31)6-5-11-29-22(17-32-23)12-25-26-29/h7-10,12,19-20,23,30H,5-6,11,13-17H2,1-4H3/t19-,20-,23-/m0/s1",1222,C[C@@H](CO)N1C[C@H](C)[C@H](CN(C)Cc2ccc(C)cc2)OCc3cnnn3CCCC1=O,NA
Input,Apicidin,-0.25109477,InputSig,NA,NA,LINCSCP_43541,NPC,10uM,6h,neural progenitor cells,HDAC inhibitor,HDAC1|HDAC10|HDAC11|HDAC2|HDAC3|HDAC4|HDAC5|HDAC6|HDAC7|HDAC8|HDAC9,JWOGUUIOCYMBPV-LQJYRIKDSA-N,"InChI=1S/C34H49N5O6/c1-5-22(3)30-34(44)38-19-13-12-18-29(38)33(43)35-26(16-9-7-8-14-24(40)6-2)31(41)36-27(32(42)37-30)20-23-21-39(45-4)28-17-11-10-15-25(23)28/h10-11,15,17,21-22,26-27,29-30H,5-9,12-14,16,18-20H2,1-4H3,(H,35,43)(H,36,41)(H,37,42)/t22?,26-,27-,29+,30-/m0/s1",11534,CCC(C)[C@@H]1NC(=O)[C@H](Cc2cn(OC)c3ccccc23)NC(=O)[C@H](CCCCCC(=O)CC)NC(=O)[C@H]4CCCCN4C1=O,NA
Input,BRD-K38477985,-0.25108829,InputSig,NA,NA,LINCSCP_26912,HT29,10uM,6h,large intestine,Protein tyrosine kinase inhibitor,EGFR,MKUVGSJPVXTADZ-UHFFFAOYSA-N,"InChI=1S/C18H22N2O/c1-17(2,3)14-9-12(8-13(11-19)20-7)10-15(16(14)21)18(4,5)6/h8-10,21H,1-6H3",25007,CC(C)(C)c1cc(C=C(C#N)[N+]#[C-])cc(c1O)C(C)(C)C,NA
Input,CHIR-99021,-0.25070391,InputSig,NA,NA,LINCSCP_86499,BT20,0.37uM,3h,breast,Glycogen synthase kinase inhibitor,NA,AQGNHMOJWBZFQQ-UHFFFAOYSA-N,"InChI=1S/C22H18Cl2N8/c1-13-10-29-21(31-13)17-12-30-22(32-20(17)16-4-3-15(23)8-18(16)24)27-7-6-26-19-5-2-14(9-25)11-28-19/h2-5,8,10-12H,6-7H2,1H3,(H,26,28)(H,29,31)(H,27,30,32)",17599,Cc1c[nH]c(n1)c2cnc(NCCNc3ccc(cn3)C#N)nc2c4ccc(Cl)cc4Cl,NA
Input,EMF-SUMO1-39,-0.25046416,InputSig,NA,NA,LINCSCP_3066,A375,10uM,6h,skin,NA,NA,OBWBFKKSRSLTHA-UHFFFAOYSA-N,"InChI=1S/C19H20FNO2/c20-17-8-4-7-16(13-17)19(22)18(15-5-2-1-3-6-15)14-21-9-11-23-12-10-21/h1-8,13,18H,9-12,14H2",11402,Fc1cccc(c1)C(=O)C(CN2CCOCC2)c3ccccc3,NA
Input,Carbacyclin,-0.25035375,InputSig,NA,NA,LINCSCP_12455,CD34,3uM,6h,bone marrow,IP receptor activator|PPAR receptor agonist,PPARD|PTGIR,XZFRIPGNUQRGPI-WBQKLGIQSA-N,"InChI=1S/C21H34O4/c1-2-3-4-8-17(22)10-11-18-19-13-15(7-5-6-9-21(24)25)12-16(19)14-20(18)23/h7,10-11,16-20,22-23H,2-6,8-9,12-14H2,1H3,(H,24,25)/b11-10+,15-7+/t16-,17-,18+,19-,20+/m0/s1",17536,CCCCC[C@H](O)\C=C\[C@H]1[C@H](O)C[C@@H]2C\C(=C/CCCC(=O)O)\C[C@H]12,NA
Input,TAS-103 (dihydrochloride),-0.25018022,InputSig,NA,NA,LINCSCP_167888,YAPC,10uM,24h,pancreas,NA,NA,ROWSTIYZUWEOMM-UHFFFAOYSA-N,"InChI=1S/C20H19N3O2/c1-23(2)10-9-21-20-18-17(13-5-3-4-6-14(13)19(18)25)15-8-7-12(24)11-16(15)22-20/h3-8,11,24H,9-10H2,1-2H3,(H,21,22)",26502,CN(C)CCNc1nc2cc(O)ccc2c3c4ccccc4C(=O)c13,NA
Input,AT 7867,-0.2500939,InputSig,NA,NA,LINCSCP_146323,MNEU.E,10uM,24h,NA,NA,NA,LZMOSYUFVYJEPY-UHFFFAOYSA-N,"InChI=1S/C20H20ClN3/c21-19-7-5-18(6-8-19)20(9-11-22-12-10-20)17-3-1-15(2-4-17)16-13-23-24-14-16/h1-8,13-14,22H,9-12H2,(H,23,24)",15165,Clc1ccc(cc1)C2(CCNCC2)c3ccc(cc3)c4cn[nH]c4,NA
Input,SMR000206939,-0.25007553,InputSig,NA,NA,LINCSCP_1776,A375,10uM,6h,skin,NA,NA,BLDIGKDTIQNPDL-UHFFFAOYSA-N,"InChI=1S/C21H23Cl2N3O2/c22-13-19(27)26(18-10-4-7-16(23)12-18)20(15-6-5-11-24-14-15)21(28)25-17-8-2-1-3-9-17/h4-7,10-12,14,17,20H,1-3,8-9,13H2,(H,25,28)",35414,ClCC(=O)N(C(C(=O)NC1CCCCC1)c2cccnc2)c3cccc(Cl)c3,NA
Input,Adapalene,-0.25000599,InputSig,NA,NA,LINCSCP_43433,NPC,10uM,24h,neural progenitor cells,Retinoid receptor agonist,RARA|RARB|RARG,LZCDAPDGXCYOEH-UHFFFAOYSA-N,"InChI=1S/C28H28O3/c1-31-26-7-6-23(21-2-3-22-12-24(27(29)30)5-4-20(22)11-21)13-25(26)28-14-17-8-18(15-28)10-19(9-17)16-28/h2-7,11-13,17-19H,8-10,14-16H2,1H3,(H,29,30)",19472,COc1ccc(cc1C23CC4CC(CC(C4)C2)C3)c5ccc6cc(ccc6c5)C(=O)O,4
Input,Nor2-Chlorpromazine,-0.24995564,InputSig,NA,NA,LINCSCP_43357,NPC,10uM,6h,neural progenitor cells,NA,NA,ZTQZBABFEUDZFE-UHFFFAOYSA-N,"InChI=1S/C15H15ClN2S/c16-11-6-7-15-13(10-11)18(9-3-8-17)12-4-1-2-5-14(12)19-15/h1-2,4-7,10H,3,8-9,17H2",37983,NCCCN1c2ccccc2Sc3ccc(Cl)cc13,NA
Input,Crizotinib,-0.24989028,InputSig,NA,NA,LINCSCP_39078,MDAMB231,10uM,24h,NA,ALK tyrosine kinase receptor inhibitor,ALK|MET,KTEIFNKAUNYNJU-GFCCVEGCSA-N,"InChI=1S/C21H22Cl2FN5O/c1-12(19-16(22)2-3-17(24)20(19)23)30-18-8-13(9-27-21(18)25)14-10-28-29(11-14)15-4-6-26-7-5-15/h2-3,8-12,15,26H,4-7H2,1H3,(H2,25,27)/t12-/m1/s1",16653,C[C@@H](Oc1cc(cnc1N)c2cnn(c2)C3CCNCC3)c4c(Cl)ccc(F)c4Cl,4
Input,MLS001173269,-0.24985153,InputSig,NA,NA,LINCSCP_16706,HA1E,10uM,6h,kidney epithelial,NA,NA,YTNZJAMWMLPAQY-ZDUSSCGKSA-N,"InChI=1S/C17H19ClN2O3/c1-17(2)15-11(10-6-4-5-7-12(10)19-15)8-13(16(22)23-3)20(17)14(21)9-18/h4-7,13,19H,8-9H2,1-3H3/t13-/m0/s1",15929,COC(=O)[C@@H]1Cc2c([nH]c3ccccc23)C(C)(C)N1C(=O)CCl,NA
Input,SCHEMBL16980224,-0.24971632,InputSig,NA,NA,LINCSCP_148102,NPC.CAS9,1.11uM,24h,NA,Aurora kinase inhibitor,AURKA,PXGLIUGVLBRUBV-UHFFFAOYSA-N,"InChI=1S/C27H30F3N7O/c1-4-36-11-13-37(14-12-36)17-18-9-10-19(15-21(18)27(28,29)30)32-26-31-16-23-24(33-26)34(2)22-8-6-5-7-20(22)25(38)35(23)3/h5-10,15-16H,4,11-14,17H2,1-3H3,(H,31,32,33)",22133,CCN1CCN(Cc2ccc(Nc3ncc4N(C)C(=O)c5ccccc5N(C)c4n3)cc2C(F)(F)F)CC1,NA
Input,AC1L1JM9,-0.24961535,InputSig,NA,NA,LINCSCP_219176,HEPG2,10uM,6h,liver,MAP kinase inhibitor|Protein kinase inhibitor,NA,DEZFNHCVIZBHBI-UHFFFAOYSA-N,"InChI=1S/C30H28O8/c1-15-24(33)19(27(36)22(16(2)31)25(15)34)14-20-26(35)18-12-13-30(3,4)38-29(18)23(28(20)37)21(32)11-10-17-8-6-5-7-9-17/h5-13,33-37H,14H2,1-4H3",5803,CC(=O)c1c(O)c(C)c(O)c(Cc2c(O)c3C=CC(C)(C)Oc3c(C(=O)C=Cc4ccccc4)c2O)c1O,NA
Input,BRD-K47396627,-0.24959056,InputSig,NA,NA,LINCSCP_65985,VCAP,1uM,24h,prostate,NA,NA,OANCONKVZGQSHB-CYNXIGLJSA-N,"InChI=1S/C35H46N4O5/c1-25-21-39(26(2)24-40)35(42)31-20-30(37-34(41)29-15-17-36-18-16-29)13-14-32(31)44-27(3)10-8-9-19-43-33(25)23-38(4)22-28-11-6-5-7-12-28/h5-7,11-18,20,25-27,33,40H,8-10,19,21-24H2,1-4H3,(H,37,41)/t25-,26+,27-,33+/m1/s1",32903,C[C@@H](CO)N1C[C@@H](C)[C@H](CN(C)Cc2ccccc2)OCCCC[C@@H](C)Oc3ccc(NC(=O)c4ccncc4)cc3C1=O,NA
Input,BRD-K41087962,-0.24941146,InputSig,NA,NA,LINCSCP_25071,HT115,0.5uM,6h,large intestine,NA,NA,RHMYANWTFKKYOM-SSXAXAPESA-N,"InChI=1S/C25H26O10/c1-10-8-12-16(17(27)15-11(18(12)29-2)6-5-7-13(15)26)19-14(10)20-21-24(28,33-19)23(9-32-23)25(34-20,35-21)22(30-3)31-4/h8,20-22,27-28H,5-7,9H2,1-4H3/t20-,21-,23-,24+,25-/m0/s1",34254,COC(OC)[C@]12O[C@@H]3[C@H](O1)[C@@](O)(Oc4c3c(C)cc5c(OC)c6CCCC(=O)c6c(O)c45)[C@@]27CO7,NA
Input,AKT Inhibitor VIII,-0.2491631,InputSig,NA,NA,LINCSCP_38921,MDAMB231,10uM,24h,NA,AKT inhibitor,AKT1|AKT2,BIWGYFZAEWGBAL-UHFFFAOYSA-N,"InChI=1S/C34H29N7O/c42-34-39-26-8-4-5-9-31(26)41(34)25-14-16-40(17-15-25)20-22-10-12-24(13-11-22)33-32(23-6-2-1-3-7-23)37-29-18-27-28(36-21-35-27)19-30(29)38-33/h1-13,18-19,21,25H,14-17,20H2,(H,35,36)(H,39,42)",36842,Oc1nc2ccccc2n1C3CCN(Cc4ccc(cc4)c5nc6cc7[nH]cnc7cc6nc5c8ccccc8)CC3,NA
Input,ST059620,-0.2491218,InputSig,NA,NA,LINCSCP_48088,PC3,20uM,24h,prostate,NA,NA,ARYCMKPCDNHQCL-UHFFFAOYSA-N,"InChI=1S/C15H10O6/c16-9-3-1-7(5-12(9)19)13-6-11(18)8-2-4-10(17)14(20)15(8)21-13/h1-6,16-17,19-20H",16761,Oc1ccc(cc1O)C2=CC(=O)c3ccc(O)c(O)c3O2,NA
Input,Bithionol,-0.24899548,InputSig,NA,NA,LINCSCP_25190,HT29,10uM,6h,large intestine,Autotaxin inhibitor,NA,JFIOVJDNOJYLKP-UHFFFAOYSA-N,"InChI=1S/C12H6Cl4O2S/c13-5-1-7(15)11(17)9(3-5)19-10-4-6(14)2-8(16)12(10)18/h1-4,17-18H",35731,Oc1c(Cl)cc(Cl)cc1Sc2cc(Cl)cc(Cl)c2O,4
Input,BRD-K39597586,-0.24885286,InputSig,NA,NA,LINCSCP_277892,PC3,10uM,24h,prostate,NA,NA,VTMUWCMJICVSQX-ZQLNOWDWSA-N,"InChI=1S/C31H36N2O5/c1-21-15-33(22(2)18-34)31(35)27-11-7-6-10-26(27)25-9-5-4-8-24(25)19-36-30(21)17-32(3)16-23-12-13-28-29(14-23)38-20-37-28/h4-14,21-22,30,34H,15-20H2,1-3H3/t21-,22+,30-/m0/s1",24581,C[C@H](CO)N1C[C@H](C)[C@H](CN(C)Cc2ccc3OCOc3c2)OCc4ccccc4c5ccccc5C1=O,NA
Input,2-(Ethylmercuriothio)benzoic acid,-0.24876385,InputSig,NA,NA,LINCSCP_110497,HELA,10uM,24h,large intestine,Other antibiotic,NA,HXQVQGWHFRNKMS-UHFFFAOYSA-M,"InChI=1S/C7H6O2S.C2H5.Hg/c8-7(9)5-3-1-2-4-6(5)10;1-2;/h1-4,10H,(H,8,9);1H2,2H3;/q;;+1/p-1",22277,CC[Hg]Sc1ccccc1C(=O)O,NA
Input,AC1MJFJP,-0.24867752,InputSig,NA,NA,LINCSCP_28898,HUH7,3uM,6h,liver,NA,NA,BBMMLAFHBKDVAL-UHFFFAOYSA-N,"InChI=1S/C16H13N3OS/c1-10-6-8-11(9-7-10)14-18-19-16(21-14)12-4-2-3-5-13(12)17-15(16)20/h2-9,19H,1H3,(H,17,20)",16750,Cc1ccc(cc1)C2=NNC3(S2)C(=O)Nc4ccccc34,NA
Input,AC1MJ3VH,-0.24848572,InputSig,NA,NA,LINCSCP_9394,A549,3uM,24h,lung,RNA synthesis inhibitor|Topoisomerase inhibitor,TOP2A,STQGQHZAVUOBTE-JYZNYWJRSA-N,"InChI=1S/C27H29NO10/c1-10-22(30)14(28)7-17(37-10)38-16-9-27(35,11(2)29)8-13-19(16)26(34)21-20(24(13)32)23(31)12-5-4-6-15(36-3)18(12)25(21)33/h4-6,10,14,16-17,22,30,32,34-35H,7-9,28H2,1-3H3/t10?,14?,16-,17?,22?,27-/m0/s1",35412,COc1cccc2C(=O)c3c(O)c4C[C@](O)(C[C@H](OC5CC(N)C(O)C(C)O5)c4c(O)c3C(=O)c12)C(=O)C,NA
Input,N-Benzylquinazolin-4-amine,-0.24828126,InputSig,NA,NA,LINCSCP_44723,PC3,10uM,24h,prostate,EGFR inhibitor,NA,FVWANTDQRFSCAL-UHFFFAOYSA-N,"InChI=1S/C15H13N3/c1-2-6-12(7-3-1)10-16-15-13-8-4-5-9-14(13)17-11-18-15/h1-9,11H,10H2,(H,16,17,18)",14126,C(Nc1ncnc2ccccc12)c3ccccc3,NA
Input,MLS001116157,-0.24826808,InputSig,NA,NA,LINCSCP_20100,HCC515,10uM,6h,lung,NA,NA,VWDOEFIYQBBRAM-UHFFFAOYSA-N,"InChI=1S/C18H18ClN5O3S2/c1-10(2)16-23-24-17(28-16)22-15(25)14-13(19)8-20-18(21-14)29(26,27)9-12-6-4-11(3)5-7-12/h4-8,10H,9H2,1-3H3,(H,22,24,25)",36670,CC(C)c1nnc(NC(=O)c2nc(ncc2Cl)S(=O)(=O)Cc3ccc(C)cc3)s1,NA
Input,SMR000047763,-0.24806002,InputSig,NA,NA,LINCSCP_1733,A375,10uM,6h,skin,NA,NA,ACNKWXDVXVEMDQ-UHFFFAOYSA-N,"InChI=1S/C22H16ClN5O2S/c1-12-6-7-15(21-27-28-13(2)25-26-22(28)31-21)11-17(12)24-20(29)19-9-8-18(30-19)14-4-3-5-16(23)10-14/h3-11H,1-2H3,(H,24,29)",15745,Cc1ccc(cc1NC(=O)c2oc(cc2)c3cccc(Cl)c3)c4nn5c(C)nnc5s4,NA
Input,Adarotene,-0.24800796,InputSig,NA,NA,LINCSCP_138463,MCF7,3.33uM,24h,breast,NA,NA,QAWBIEIZDDIEMW-FPYGCLRLSA-N,"InChI=1S/C25H26O3/c26-23-7-6-21(20-4-1-16(2-5-20)3-8-24(27)28)12-22(23)25-13-17-9-18(14-25)11-19(10-17)15-25/h1-8,12,17-19,26H,9-11,13-15H2,(H,27,28)/b8-3+",27063,OC(=O)\C=C\c1ccc(cc1)c2ccc(O)c(c2)C34CC5CC(CC(C5)C3)C4,NA
Input,Oxamflatin,-0.24783513,InputSig,NA,NA,LINCSCP_43577,NPC,10uM,6h,neural progenitor cells,HDAC inhibitor,NA,QRPSQQUYPMFERG-LFYBBSHMSA-N,"InChI=1S/C17H14N2O4S/c20-17(18-21)12-5-4-7-14-8-6-9-15(13-14)19-24(22,23)16-10-2-1-3-11-16/h1-3,5-6,8-13,19,21H,(H,18,20)/b12-5+",2031,ONC(=O)\C=C\C#Cc1cccc(NS(=O)(=O)c2ccccc2)c1,NA
Input,Cyclosporine,-0.24774352,InputSig,NA,NA,LINCSCP_209972,HA1E,10uM,6h,kidney epithelial,Calcineurin inhibitor,PPIA|PPP3CA,PMATZTZNYRCHOR-NFOUMSERSA-N,"InChI=1S/C62H111N11O12/c1-25-27-28-40(15)52(75)51-56(79)65-43(26-2)58(81)67(18)33-48(74)68(19)44(29-34(3)4)55(78)66-49(38(11)12)61(84)69(20)45(30-35(5)6)54(77)63-41(16)53(76)64-42(17)57(80)70(21)46(31-36(7)8)59(82)71(22)47(32-37(9)10)60(83)72(23)50(39(13)14)62(85)73(51)24/h25,27,34-47,49-52,75H,26,28-33H2,1-24H3,(H,63,77)(H,64,76)(H,65,79)(H,66,78)/b27-25+/t40-,41?,42-,43?,44?,45?,46?,47?,49?,50?,51?,52-/m1/s1",5087,CCC1NC(=O)C([C@H](O)[C@H](C)C\C=C\C)N(C)C(=O)C(C(C)C)N(C)C(=O)C(CC(C)C)N(C)C(=O)C(CC(C)C)N(C)C(=O)[C@@H](C)NC(=O)C(C)NC(=O)C(CC(C)C)N(C)C(=O)C(NC(=O)C(CC(C)C)N(C)C(=O)CN(C)C1=O)C(C)C,NA
Input,Cyclosporine,-0.24774352,InputSig,NA,NA,LINCSCP_209972,HA1E,10uM,6h,kidney epithelial,Calcineurin inhibitor,PPIA|PPP3CA,PMATZTZNYRCHOR-CGLBZJNRSA-N,"InChI=1S/C62H111N11O12/c1-25-27-28-40(15)52(75)51-56(79)65-43(26-2)58(81)67(18)33-48(74)68(19)44(29-34(3)4)55(78)66-49(38(11)12)61(84)69(20)45(30-35(5)6)54(77)63-41(16)53(76)64-42(17)57(80)70(21)46(31-36(7)8)59(82)71(22)47(32-37(9)10)60(83)72(23)50(39(13)14)62(85)73(51)24/h25,27,34-47,49-52,75H,26,28-33H2,1-24H3,(H,63,77)(H,64,76)(H,65,79)(H,66,78)/b27-25+/t40-,41+,42-,43+,44+,45+,46+,47+,49+,50+,51+,52-/m1/s1",134,CC[C@@H]1NC(=O)[C@H]([C@H](O)[C@H](C)C\C=C\C)N(C)C(=O)[C@H](C(C)C)N(C)C(=O)[C@H](CC(C)C)N(C)C(=O)[C@H](CC(C)C)N(C)C(=O)[C@@H](C)NC(=O)[C@H](C)NC(=O)[C@H](CC(C)C)N(C)C(=O)[C@@H](NC(=O)[C@H](CC(C)C)N(C)C(=O)CN(C)C1=O)C(C)C,4
Input,BRD-K30553817,-0.24774137,InputSig,NA,NA,LINCSCP_41190,NEU,10uM,24h,NA,NA,NA,XHASPPORDLWRPY-UHFFFAOYSA-N,"InChI=1S/C14H14BrNO/c15-10-14(17)16-8-7-11-5-6-12-3-1-2-4-13(12)9-11/h1-6,9H,7-8,10H2,(H,16,17)",8669,BrCC(=O)NCCc1ccc2ccccc2c1,NA
Input,BRD-K29251608,-0.24760948,InputSig,NA,NA,LINCSCP_3554,A375,10uM,24h,skin,NA,NA,NHCHRXXZNQAEEO-BVXAZASISA-N,"InChI=1S/C33H39N5O4/c1-22-17-38(23(2)21-39)33(41)28-16-26(35-32(40)15-25-19-37(4)29-8-6-5-7-27(25)29)9-10-30(28)42-31(22)20-36(3)18-24-11-13-34-14-12-24/h5-14,16,19,22-23,31,39H,15,17-18,20-21H2,1-4H3,(H,35,40)/t22-,23-,31-/m0/s1",12335,C[C@@H](CO)N1C[C@H](C)[C@H](CN(C)Cc2ccncc2)Oc3ccc(NC(=O)Cc4cn(C)c5ccccc45)cc3C1=O,NA
Input,Oxetane,-0.24758561,InputSig,NA,NA,LINCSCP_280023,PC3,3uM,6h,prostate,NA,NA,ZHSBUAYTQYEMOD-FUXZCQTMSA-N,"InChI=1S/C98H155NO46/c1-16-93(11,126)26-22-48-44(36-127-48)81(124)139-75-40(4)132-87(73(121)69(75)117)145-94(12,17-2)25-18-19-43(32-100)80(123)137-57-31-98(90(125)144-89-79(68(116)62(110)50(34-102)135-89)143-86-74(122)77(141-85-72(120)66(114)61(109)49(33-101)133-85)76(41(5)131-86)140-84-71(119)63(111)51(35-103)134-84)46(29-91(57,7)8)45-20-21-54-95(13)27-24-56(92(9,10)53(95)23-28-96(54,14)97(45,15)30-55(98)106)138-82-58(99-42(6)104)65(113)64(112)52(136-82)38-129-88-78(67(115)59(107)39(3)130-88)142-83-70(118)60(108)47(105)37-128-83/h16-17,19-20,39-41,44,46-79,82-89,100-103,105-122,126H,1-2,18,21-38H2,3-15H3,(H,99,104)/b43-19+/t39?,40?,41?,44?,46?,47-,48?,49?,50?,51+,52?,53?,54?,55-,56+,57+,58+,59+,60-,61-,62-,63+,64-,65+,66-,67-,68-,69+,70+,71+,72+,73+,74+,75-,76+,77+,78+,79+,82+,83+,84+,85+,86+,87+,88-,89+,93?,94-,95+,96-,97-,98-/m1/s1",9818,CC1O[C@@H](OCC2O[C@@H](O[C@H]3CC[C@@]4(C)C(CC[C@]5(C)C4CC=C6C7CC(C)(C)[C@H](C[C@@]7([C@H](O)C[C@@]56C)C(=O)O[C@@H]8OC(CO)[C@@H](O)[C@@H](O)[C@@H]8O[C@@H]9OC(C)[C@H](O[C@@H]%10O[C@@H](CO)[C@H](O)[C@@H]%10O)[C@@H](O[C@@H]%11OC(CO)[C@@H](O)[C@@H](O)[C@@H]%11O)[C@@H]9O)OC(=O)\C(=C\CC[C@](C)(O[C@@H]%12OC(C)[C@@H](OC(=O)C%13COC%13CCC(C)(O)C=C)[C@@H](O)[C@@H]%12O)C=C)\CO)C3(C)C)[C@@H](NC(=O)C)[C@H](O)[C@@H]2O)[C@@H](O[C@@H]%14OC[C@@H](O)[C@@H](O)[C@@H]%14O)[C@H](O)[C@H]1O,NA
Input,BRD-K95976153,-0.2474694,InputSig,NA,NA,LINCSCP_26452,HT29,10uM,6h,large intestine,NA,NA,RGDWZLATWUCGFS-FBTROWELSA-N,"InChI=1S/C37H52F3N3O5/c1-25-21-43(26(2)24-44)36(46)32-20-31(41-35(45)29-11-6-5-7-12-29)17-18-33(32)48-27(3)10-8-9-19-47-34(25)23-42(4)22-28-13-15-30(16-14-28)37(38,39)40/h13-18,20,25-27,29,34,44H,5-12,19,21-24H2,1-4H3,(H,41,45)/t25-,26+,27-,34-/m0/s1",34168,C[C@H](CO)N1C[C@H](C)[C@H](CN(C)Cc2ccc(cc2)C(F)(F)F)OCCCC[C@H](C)Oc3ccc(NC(=O)C4CCCCC4)cc3C1=O,NA
Input,AC1O9X68,-0.24729403,InputSig,NA,NA,LINCSCP_32531,MCF7,10uM,24h,breast,NA,NA,GZBFTEUFUFKVOD-OVCLIPMQSA-N,"InChI=1S/C14H12N2O4/c17-11-6-2-1-5-10(11)14(20)16-15-8-9-4-3-7-12(18)13(9)19/h1-8,17-19H,(H,16,20)/b15-8+",1783,Oc1cccc(\C=N\NC(=O)c2ccccc2O)c1O,NA
Input,Scriptaid,-0.24728918,InputSig,NA,NA,LINCSCP_43584,NPC,10uM,6h,neural progenitor cells,HDAC inhibitor,HDAC1,JTDYUFSDZATMKU-UHFFFAOYSA-N,"InChI=1S/C18H18N2O4/c21-15(19-24)10-2-1-3-11-20-17(22)13-8-4-6-12-7-5-9-14(16(12)13)18(20)23/h4-9,24H,1-3,10-11H2,(H,19,21)",15497,ONC(=O)CCCCCN1C(=O)c2cccc3cccc(C1=O)c23,NA
Input,BRD-K96194602,-0.24727451,InputSig,NA,NA,LINCSCP_65548,VCAP,10uM,6h,prostate,NA,NA,URZYNBCGNXSORA-CZSZKKDXSA-N,"InChI=1S/C26H35N3O4S/c1-5-6-7-8-22-9-10-26-24(15-22)33-25(18-28(4)17-23-11-13-27-14-12-23)20(2)16-29(21(3)19-30)34(26,31)32/h9-15,20-21,25,30H,5-6,16-19H2,1-4H3/t20-,21+,25+/m1/s1",34171,CCCC#Cc1ccc2c(O[C@@H](CN(C)Cc3ccncc3)[C@H](C)CN([C@@H](C)CO)S2(=O)=O)c1,NA
Input,RO-3306,-0.24716419,InputSig,NA,NA,LINCSCP_34229,MCF7,10uM,6h,breast,CDK inhibitor,CDK1,XOLMRFUGOINFDQ-YBEGLDIGSA-N,"InChI=1S/C18H13N3OS2/c22-17-16(24-18(21-17)20-11-14-4-2-8-23-14)10-12-5-6-15-13(9-12)3-1-7-19-15/h1-10H,11H2,(H,20,21,22)/b16-10-",2590,O=C1N=C(NCc2cccs2)S/C/1=C\c3ccc4ncccc4c3,NA
Input,Rhodomyrtoxin,-0.24707286,InputSig,NA,NA,LINCSCP_44707,PC3,10uM,24h,prostate,Cytotoxic agent|DNA intercalator,NA,DEUFHKWBUJBCRS-UHFFFAOYSA-N,"InChI=1S/C24H28O7/c1-9(2)7-13(25)15-19(27)11(5)21(29)17-18-22(30)12(6)20(28)16(14(26)8-10(3)4)24(18)31-23(15)17/h9-10,27-30H,7-8H2,1-6H3",35535,CC(C)CC(=O)c1c(O)c(C)c(O)c2c1oc3c(C(=O)CC(C)C)c(O)c(C)c(O)c23,NA
Input,Acetaminophen,-0.24699048,InputSig,NA,NA,LINCSCP_139031,MCF7,0.04uM,24h,breast,Cyclooxygenase inhibitor,FAAH|PTGS1|PTGS2|TRPV1,RZVAJINKPMORJF-UHFFFAOYSA-N,"InChI=1S/C8H9NO2/c1-6(10)9-7-2-4-8(11)5-3-7/h2-5,11H,1H3,(H,9,10)",1062,CC(=O)Nc1ccc(O)cc1,4
Input,Dovitinib,-0.24686532,InputSig,NA,NA,LINCSCP_85548,BT20,10uM,3h,breast,EGFR inhibitor|FGFR inhibitor|FLT3 inhibitor|PDGFR tyrosine kinase receptor inhibitor|VEGFR inhibitor,EGFR|FGFR1|FGFR2|FGFR3|FLT1|FLT3|FLT4|KDR|KIT|PDGFRA|PDGFRB,PIQCTGMSNWUMAF-UHFFFAOYSA-N,"InChI=1S/C21H21FN6O/c1-27-7-9-28(10-8-27)12-5-6-14-16(11-12)25-20(24-14)18-19(23)17-13(22)3-2-4-15(17)26-21(18)29/h2-6,11H,7-10H2,1H3,(H,24,25)(H3,23,26,29)",37808,CN1CCN(CC1)c2ccc3nc([nH]c3c2)C4=C(N)c5c(F)cccc5NC4=O,3
Input,CHEMBL258148,-0.24682095,InputSig,NA,NA,LINCSCP_56824,VCAP,90uM,24h,prostate,Cathepsin inhibitor,CTSL,OTIWAYTTYNFEKL-JOCHJYFZSA-N,"InChI=1S/C27H33N5O5S/c1-5-17-10-6-8-12-20(17)29-23(33)16-38-26(36)32-31-24(34)22(30-25(35)37-27(2,3)4)14-18-15-28-21-13-9-7-11-19(18)21/h6-13,15,22,28H,5,14,16H2,1-4H3,(H,29,33)(H,30,35)(H,31,34)(H,32,36)/t22-/m1/s1",36679,CCc1ccccc1NC(=O)CSC(=O)NNC(=O)[C@@H](Cc2c[nH]c3ccccc23)NC(=O)OC(C)(C)C,NA
Input,CHEMDIV1_016684,-0.24673226,InputSig,NA,NA,LINCSCP_58308,VCAP,10uM,24h,prostate,NA,NA,MFJNCURXIMDTRJ-UHFFFAOYSA-N,"InChI=1S/C26H23ClN2O5/c1-32-17-9-6-15(7-10-17)26(31)29-23(16-8-11-21(33-2)22(13-16)34-3)19-14-20(27)18-5-4-12-28-24(18)25(19)30/h4-14,23,30H,1-3H3,(H,29,31)",16550,COc1ccc(cc1)C(=O)NC(c2ccc(OC)c(OC)c2)c3cc(Cl)c4cccnc4c3O,NA
Input,Rigosertib,-0.24667606,InputSig,NA,NA,LINCSCP_70570,A375,0.12uM,24h,skin,PLK inhibitor,CDK1|F2R|FLT1|FYN|PDGFRA|PLK1|PLK2|SRC,OWBFCJROIKNMGD-BQYQJAHWSA-N,"InChI=1S/C21H25NO8S/c1-27-15-10-19(29-3)16(20(11-15)30-4)7-8-31(25,26)13-14-5-6-18(28-2)17(9-14)22-12-21(23)24/h5-11,22H,12-13H2,1-4H3,(H,23,24)/b8-7+",22178,COc1cc(OC)c(\C=C\S(=O)(=O)Cc2ccc(OC)c(NCC(=O)O)c2)c(OC)c1,3
Input,COT-10B,-0.24666345,InputSig,NA,NA,LINCSCP_15562,HA1E,40uM,6h,kidney epithelial,NA,NA,SHBWGYKUKOFCKR-UHFFFAOYSA-N,"InChI=1S/C21H17N3S/c1-13(22)19-11-17-18(12-24-21(23)20(17)25-19)16-9-5-8-15(10-16)14-6-3-2-4-7-14/h2-12H,1,22H2,(H2,23,24)",23079,NC(=C)c1cc2c(cnc(N)c2s1)c3cccc(c3)c4ccccc4,NA
Input,MLS000859112,-0.24652267,InputSig,NA,NA,LINCSCP_2082,A375,10uM,6h,skin,NA,NA,FDWJVAMEZPQFCN-UHFFFAOYSA-N,"InChI=1S/C13H13NO2S2/c1-16-10-6-4-5-9(7-10)12(15)11(8-14)13(17-2)18-3/h4-7H,1-3H3",36429,COc1cccc(c1)C(=O)C(=C(SC)SC)C#N,NA
Input,CHEMBL2134104,-0.24650698,InputSig,NA,NA,LINCSCP_65687,VCAP,10uM,24h,prostate,NA,NA,GJYWPGQZJRIMRE-HKQNKLGGSA-N,"InChI=1S/C37H55N5O5/c1-26-22-42(27(2)25-43)37(46)21-29-20-30(18-19-33(29)47-34(26)24-41(3)23-28-12-6-4-7-13-28)39-35(44)16-8-5-9-17-36(45)40-32-15-11-10-14-31(32)38/h10-11,14-15,18-20,26-28,34,43H,4-9,12-13,16-17,21-25,38H2,1-3H3,(H,39,44)(H,40,45)/t26-,27+,34-/m1/s1",40251,C[C@@H](CO)N1C[C@@H](C)[C@@H](CN(C)CC2CCCCC2)Oc3ccc(NC(=O)CCCCCC(=O)Nc4ccccc4N)cc3CC1=O,NA
Input,Devazepide,-0.24641095,InputSig,NA,NA,LINCSCP_33206,MCF7,10uM,6h,breast,CCK receptor antagonist,CCKAR,NFHRQQKPEBFUJK-HSZRJFAPSA-N,"InChI=1S/C25H20N4O2/c1-29-21-14-8-6-12-18(21)22(16-9-3-2-4-10-16)27-23(25(29)31)28-24(30)20-15-17-11-5-7-13-19(17)26-20/h2-15,23,26H,1H3,(H,28,30)/t23-/m1/s1",35660,CN1C(=O)[C@@H](NC(=O)c2cc3ccccc3[nH]2)N=C(c4ccccc4)c5ccccc15,NA
Input,Pilaralisib,-0.24620543,InputSig,NA,NA,LINCSCP_295488,VCAP,10uM,6h,prostate,PI3K inhibitor,PIK3CA|PIK3CD|PIK3CG,MQMKRQLTIWPEDM-UHFFFAOYSA-N,"InChI=1S/C21H16N6O2S2/c1-13-6-9-15(10-7-13)31(28,29)27-21-20(23-16-4-2-3-5-17(16)24-21)22-14-8-11-18-19(12-14)26-30-25-18/h2-12H,1H3,(H,22,23)(H,24,27)",36624,Cc1ccc(cc1)S(=O)(=O)Nc2nc3ccccc3nc2Nc4ccc5nsnc5c4,NA
Input,CHEMBL2362834,-0.24589558,InputSig,NA,NA,LINCSCP_23649,HEPG2,10uM,6h,liver,NA,NA,HJQSQTAMFLANGO-JMSBNOGBSA-N,"InChI=1S/C33H38N2O5/c36-27-21-35(19-24-10-12-29(13-11-24)39-28-8-2-1-3-9-28)31-15-14-30(40-32(31)23-38-22-27)18-33(37)34-17-16-25-6-4-5-7-26(25)20-34/h1-13,27,30-32,36H,14-23H2/t27-,30-,31-,32+/m1/s1",16637,O[C@H]1COC[C@@H]2O[C@@H](CC(=O)N3CCc4ccccc4C3)CC[C@H]2N(Cc5ccc(Oc6ccccc6)cc5)C1,NA
Input,BRD-K80169513,-0.24587095,InputSig,NA,NA,LINCSCP_28389,HT29,10uM,24h,large intestine,NA,NA,LOPBZILAZMWERO-MFACLRLHSA-N,"InChI=1S/C30H34N2O6S/c1-21-6-5-9-27(16-21)39(35,36)32-18-25(33)19-37-20-29-28(32)15-14-26(38-29)17-30(34)31-24-12-10-23(11-13-24)22-7-3-2-4-8-22/h2-13,16,25-26,28-29,33H,14-15,17-20H2,1H3,(H,31,34)/t25-,26+,28+,29-/m0/s1",7277,Cc1cccc(c1)S(=O)(=O)N2C[C@H](O)COC[C@@H]3O[C@@H](CC(=O)Nc4ccc(cc4)c5ccccc5)CC[C@@H]23,NA
Input,"9-[3-(3,5-Dimethylpiperazin-1-yl)propyl]-9H-carbazole",-0.24583024,InputSig,NA,NA,LINCSCP_33176,MCF7,10uM,6h,breast,Sigma receptor antagonist,SIGMAR1,GUDVQJXODNJRIJ-UHFFFAOYSA-N,"InChI=1S/C21H27N3/c1-16-14-23(15-17(2)22-16)12-7-13-24-20-10-5-3-8-18(20)19-9-4-6-11-21(19)24/h3-6,8-11,16-17,22H,7,12-15H2,1-2H3",22433,CC1CN(CCCn2c3ccccc3c4ccccc24)CC(C)N1,NA
Input,MD-II-038,-0.24581214,InputSig,NA,NA,LINCSCP_40809,NEU,10uM,24h,NA,NA,NA,FMGMZBMADZKXRH-CMDGGOBGSA-N,"InChI=1S/C20H26N2O5/c1-21(2)11-12-27-20-16(25-3)13-15(14-17(20)26-4)8-9-19(24)22-10-6-5-7-18(22)23/h5,7-9,13-14H,6,10-12H2,1-4H3/b9-8+",5362,COc1cc(\C=C\C(=O)N2CCC=CC2=O)cc(OC)c1OCCN(C)C,NA
Input,ITK Inhibitor,-0.2457375,InputSig,NA,NA,LINCSCP_11605,BT20,1uM,24h,breast,ITK inhibitor,ITK,RRHONYZEMUNMJX-UHFFFAOYSA-N,"InChI=1S/C31H39N5O4S2/c1-19(2)21(4)32-17-23-7-9-24(10-8-23)29(38)34-31-33-18-28(42-31)41-27-16-25(26(40-6)15-20(27)3)30(39)36-13-11-35(12-14-36)22(5)37/h7-10,15-16,18-19,21,32H,11-14,17H2,1-6H3,(H,33,34,38)",5068,COc1cc(C)c(Sc2cnc(NC(=O)c3ccc(CNC(C)C(C)C)cc3)s2)cc1C(=O)N4CCN(CC4)C(=O)C,NA
Input,GSK429286A,-0.24569415,InputSig,NA,NA,LINCSCP_51517,SKBR3,10uM,6h,breast,Rho associated kinase inhibitor,ROCK1,OLIIUAHHAZEXEX-UHFFFAOYSA-N,"InChI=1S/C21H16F4N4O2/c1-10-19(20(31)28-17-6-12-9-26-29-16(12)8-15(17)22)14(7-18(30)27-10)11-2-4-13(5-3-11)21(23,24)25/h2-6,8-9,14H,7H2,1H3,(H,26,29)(H,27,30)(H,28,31)",16631,CC1=C(C(CC(=O)N1)c2ccc(cc2)C(F)(F)F)C(=O)Nc3cc4cn[nH]c4cc3F,NA
Input,ZINC28755859,-0.24551995,InputSig,NA,NA,LINCSCP_46958,PC3,10uM,6h,prostate,IGF-1 inhibitor,INSR,AMJJLDJPDLKNJA-NSHDSACASA-N,"InChI=1S/C11H11O4P/c12-11(16(13,14)15)10-6-5-8-3-1-2-4-9(8)7-10/h1-7,11-12H,(H2,13,14,15)/t11-/m0/s1",7071,O[C@H](c1ccc2ccccc2c1)P(=O)(O)O,NA
Input,AS601245,-0.24550571,InputSig,NA,NA,LINCSCP_24223,HS578T,1uM,24h,breast,JNK inhibitor,MAPK10|MAPK8|MAPK9,RCYPVQCPYKNSTG-UHFFFAOYSA-N,"InChI=1S/C20H16N6S/c21-12-15(19-25-17-5-1-2-6-18(17)27-19)16-8-11-24-20(26-16)23-10-7-14-4-3-9-22-13-14/h1-6,8-9,11,13,15H,7,10H2,(H,23,24,26)",23520,N#CC(c1ccnc(NCCc2cccnc2)n1)c3nc4ccccc4s3,NA
Input,Hoechst 33258,-0.24532882,InputSig,NA,NA,LINCSCP_153241,PC3,10uM,24h,prostate,NA,NA,INAAIJLSXJJHOZ-UHFFFAOYSA-N,"InChI=1S/C25H24N6O/c1-30-10-12-31(13-11-30)18-5-9-21-23(15-18)29-25(27-21)17-4-8-20-22(14-17)28-24(26-20)16-2-6-19(32)7-3-16/h2-9,14-15,32H,10-13H2,1H3,(H,26,28)(H,27,29)",26490,CN1CCN(CC1)c2ccc3nc([nH]c3c2)c4ccc5nc([nH]c5c4)c6ccc(O)cc6,NA
Input,SAN1_003817,-0.24516845,InputSig,NA,NA,LINCSCP_46380,PC3,10uM,6h,prostate,NA,NA,KOUFXVQRKAJODH-NAJWIKHUSA-N,"InChI=1S/C24H33FN2O4Si/c1-5-12-27-19-10-9-17(26-13-7-6-8-21(26)29)15-18(19)24(23(27)30)16(2)22(32(3,4)25)20(31-24)11-14-28/h5,9-10,15-16,20,22,28H,1,6-8,11-14H2,2-4H3/t16-,20+,22-,24+/m1/s1",11495,C[C@@H]1[C@H]([C@H](CCO)O[C@@]12C(=O)N(CC=C)c3ccc(cc23)N4CCCCC4=O)[Si](C)(C)F,NA
Input,Tyrphostin A9,-0.24515904,InputSig,NA,NA,LINCSCP_32486,MCF7,10uM,24h,breast,Protein tyrosine kinase inhibitor|Tyrosine kinase inhibitor,NA,MZOPWQKISXCCTP-UHFFFAOYSA-N,"InChI=1S/C18H22N2O/c1-17(2,3)14-8-12(7-13(10-19)11-20)9-15(16(14)21)18(4,5)6/h7-9,21H,1-6H3",23261,CC(C)(C)c1cc(C=C(C#N)C#N)cc(c1O)C(C)(C)C,NA
Input,MLS002703106,-0.24509702,InputSig,NA,NA,LINCSCP_25884,HT29,10uM,24h,large intestine,Glucosylceramidase inhibitor,GBA,ISTWZTLJICEOOO-UHFFFAOYSA-N,"InChI=1S/C23H28BrClN6S/c24-19-7-10-22(29-14-19)31(16-18-5-8-20(25)9-6-18)13-2-1-11-27-23(32)28-12-3-4-21-15-26-17-30-21/h5-10,14-15,17H,1-4,11-13,16H2,(H,26,30)(H2,27,28,32)",15388,Clc1ccc(CN(CCCCNC(=S)NCCCc2c[nH]cn2)c3ccc(Br)cn3)cc1,NA
Input,Fentanyl Isothiocyanate,-0.24497947,InputSig,NA,NA,LINCSCP_17943,HCC515,10uM,24h,lung,Opioid receptor agonist,OPRD1,VDKBIFPJULZUPU-UHFFFAOYSA-N,"InChI=1S/C23H27N3OS/c1-2-23(27)26(21-6-4-3-5-7-21)22-13-16-25(17-14-22)15-12-19-8-10-20(11-9-19)24-18-28/h3-11,22H,2,12-17H2,1H3",2723,CCC(=O)N(C1CCN(CCc2ccc(cc2)N=C=S)CC1)c3ccccc3,NA
Input,LY 2183240,-0.24487407,InputSig,NA,NA,LINCSCP_18707,HCC515,10uM,6h,lung,FAAH inhibitor|FAAH reuptake inhibitor,FAAH,GZNIYOXWFCDBBJ-UHFFFAOYSA-N,"InChI=1S/C17H17N5O/c1-21(2)17(23)22-16(18-19-20-22)12-13-8-10-15(11-9-13)14-6-4-3-5-7-14/h3-11H,12H2,1-2H3",15610,CN(C)C(=O)n1nnnc1Cc2ccc(cc2)c3ccccc3,NA
Input,NSC653260,-0.24487363,InputSig,NA,NA,LINCSCP_26930,HT29,10uM,6h,large intestine,Tyrosine kinase inhibitor,NA,VEPQEAOWDILSHB-KOJZRSEWSA-N,"InChI=1S/C33H36N4O6/c34-18-24(14-22-5-11-28(38)30(40)16-22)32(42)36-26-7-1-20(2-8-26)13-21-3-9-27(10-4-21)37-33(43)25(19-35)15-23-6-12-29(39)31(41)17-23/h5-6,11-12,14-17,20-21,26-27,38-41H,1-4,7-10,13H2,(H,36,42)(H,37,43)/b24-14+,25-15+",17641,Oc1ccc(\C=C(/C#N)\C(=O)NC2CCC(CC3CCC(CC3)NC(=O)\C(=C\c4ccc(O)c(O)c4)\C#N)CC2)cc1O,NA
Input,Scandenin,-0.24478627,InputSig,NA,NA,LINCSCP_44418,PC3,10uM,24h,prostate,Plant compound with antimicrobiial activity,NA,AAKJUGSASOCUFQ-UHFFFAOYSA-N,"InChI=1S/C26H26O6/c1-14(2)6-11-17-22-18(12-13-26(3,4)32-22)24-20(23(17)30-5)21(28)19(25(29)31-24)15-7-9-16(27)10-8-15/h6-10,12-13,27-28H,11H2,1-5H3",36057,COc1c(CC=C(C)C)c2OC(C)(C)C=Cc2c3OC(=O)C(=C(O)c13)c4ccc(O)cc4,NA
Input,Olaparib,-0.24467008,InputSig,NA,NA,LINCSCP_148412,NPC.CAS9,0.12uM,24h,NA,PARP inhibitor,PARP1|PARP2|PARP3,FDLYAMZZIXQODN-UHFFFAOYSA-N,"InChI=1S/C24H23FN4O3/c25-20-8-5-15(14-21-17-3-1-2-4-18(17)22(30)27-26-21)13-19(20)24(32)29-11-9-28(10-12-29)23(31)16-6-7-16/h1-5,8,13,16H,6-7,9-12,14H2,(H,27,30)",37827,Fc1ccc(CC2=NNC(=O)c3ccccc23)cc1C(=O)N4CCN(CC4)C(=O)C5CC5,4
Input,LY2334737,-0.24460637,InputSig,NA,NA,LINCSCP_138174,MCF7,10uM,24h,breast,NA,NA,MEOYFIHNRBNEPI-UXIGCNINSA-N,"InChI=1S/C17H25F2N3O5/c1-3-5-10(6-4-2)14(25)20-12-7-8-22(16(26)21-12)15-17(18,19)13(24)11(9-23)27-15/h7-8,10-11,13,15,23-24H,3-6,9H2,1-2H3,(H,20,21,25,26)/t11-,13-,15-/m1/s1",26858,CCCC(CCC)C(=O)NC1=NC(=O)N(C=C1)[C@@H]2O[C@H](CO)[C@@H](O)C2(F)F,NA
Input,Vanoxerine,-0.24459912,InputSig,NA,NA,LINCSCP_43317,NPC,10uM,6h,neural progenitor cells,Dopamine uptake inhibitor,SLC6A3,NAUWTFJOPJWYOT-UHFFFAOYSA-N,"InChI=1S/C28H32F2N2O/c29-26-12-8-24(9-13-26)28(25-10-14-27(30)15-11-25)33-22-21-32-19-17-31(18-20-32)16-4-7-23-5-2-1-3-6-23/h1-3,5-6,8-15,28H,4,7,16-22H2",35671,Fc1ccc(cc1)C(OCCN2CCN(CCCc3ccccc3)CC2)c4ccc(F)cc4,3
Input,Fenretinide,-0.24459378,InputSig,NA,NA,LINCSCP_41603,NEU,10uM,6h,NA,Apoptosis stimulant|Retinoid receptor agonist,RARA,AKJHMTWEGVYYSE-FXILSDISSA-N,"InChI=1S/C26H33NO2/c1-19(11-16-24-21(3)10-7-17-26(24,4)5)8-6-9-20(2)18-25(29)27-22-12-14-23(28)15-13-22/h6,8-9,11-16,18,28H,7,10,17H2,1-5H3,(H,27,29)/b9-6+,16-11+,19-8+,20-18+",37820,C\C(=C/C=C/C(=C/C(=O)Nc1ccc(O)cc1)/C)\C=C\C2=C(C)CCCC2(C)C,3
Input,COT Inhibitor-2,-0.2444876,InputSig,NA,NA,LINCSCP_147542,NPC.CAS9,10uM,24h,NA,MAP kinase inhibitor|TNF production inhibitor,NA,PHNZIIMWDVXPGG-UHFFFAOYSA-N,"InChI=1S/C26H25Cl2FN8/c1-2-36-7-5-20(6-8-36)37-15-19(34-35-37)14-31-18-9-21-25(33-17-3-4-24(29)22(27)10-17)16(12-30)13-32-26(21)23(28)11-18/h3-4,9-11,13,15,20,31H,2,5-8,14H2,1H3,(H,32,33)",35288,CCN1CCC(CC1)n2cc(CNc3cc(Cl)c4ncc(C#N)c(Nc5ccc(F)c(Cl)c5)c4c3)nn2,NA
Input,MLS002264458,-0.24437501,InputSig,NA,NA,LINCSCP_57665,VCAP,10uM,6h,prostate,NA,NA,XKMWYIMATZNWHS-UHFFFAOYSA-N,"InChI=1S/C14H9N7O2S2/c1-20-14(17-18-19-20)25-13-11-10(6-24-12(11)15-7-16-13)8-2-4-9(5-3-8)21(22)23/h2-7H,1H3",15655,Cn1nnnc1Sc2ncnc3scc(c4ccc(cc4)[N+](=O)[O-])c23,NA
Input,ABT737,-0.24437332,InputSig,NA,NA,LINCSCP_84471,ASC,3.33uM,24h,adipose,BCL inhibitor,BCL2|BCL2L1|BCL2L2,HPLNQCPCUACXLM-PGUFJCEWSA-N,"InChI=1S/C42H45ClN6O5S2/c1-46(2)23-22-35(30-55-37-9-4-3-5-10-37)44-40-21-20-38(28-41(40)49(51)52)56(53,54)45-42(50)32-14-18-36(19-15-32)48-26-24-47(25-27-48)29-33-8-6-7-11-39(33)31-12-16-34(43)17-13-31/h3-21,28,35,44H,22-27,29-30H2,1-2H3,(H,45,50)/t35-/m1/s1",37882,CN(C)CC[C@H](CSc1ccccc1)Nc2ccc(cc2[N+](=O)[O-])S(=O)(=O)NC(=O)c3ccc(cc3)N4CCN(Cc5ccccc5c6ccc(Cl)cc6)CC4,NA
Input,C23H24CLN3O5,-0.24414978,InputSig,NA,NA,LINCSCP_16231,HA1E,10uM,6h,kidney epithelial,Topoisomerase inhibitor,TOP1,UCFGDBYHRUNTLO-UHFFFAOYSA-N,"InChI=1S/C23H23N3O5/c1-4-23(30)16-8-18-20-12(9-26(18)21(28)15(16)11-31-22(23)29)7-13-14(10-25(2)3)19(27)6-5-17(13)24-20/h5-8,27,30H,4,9-11H2,1-3H3",36221,CCC1(O)C(=O)OCC2=C1C=C3N(Cc4cc5c(CN(C)C)c(O)ccc5nc34)C2=O,NA
Input,Lasalocid,-0.24405566,InputSig,NA,NA,LINCSCP_56248,VCAP,10uM,24h,prostate,Bacterial permeability inducer,NA,BBMULGJBVDDDNI-OWKLGTHSSA-N,"InChI=1S/C34H54O8/c1-9-25(31-21(6)18-34(11-3,42-31)26-16-17-33(40,10-2)23(8)41-26)30(37)22(7)28(35)19(4)12-14-24-15-13-20(5)29(36)27(24)32(38)39/h13,15,19,21-23,25-26,28,31,35-36,40H,9-12,14,16-18H2,1-8H3,(H,38,39)/t19-,21+,22+,23+,25+,26-,28+,31+,33-,34+/m1/s1",35516,CC[C@H]([C@H]1O[C@@](CC)(C[C@@H]1C)[C@H]2CC[C@](O)(CC)[C@H](C)O2)C(=O)[C@@H](C)[C@@H](O)[C@H](C)CCc3ccc(C)c(O)c3C(=O)O,NA
Input,NVP-AUY922,-0.24397101,InputSig,NA,NA,LINCSCP_163294,SKBR3,0.04uM,3h,breast,NA,NA,NDAZATDQFDPQBD-UHFFFAOYSA-N,"InChI=1S/C26H31N3O5/c1-4-27-26(32)24-23(18-7-5-17(6-8-18)15-29-9-11-33-12-10-29)25(34-28-24)20-13-19(16(2)3)21(30)14-22(20)31/h5-8,13-14,16,30-31H,4,9-12,15H2,1-3H3,(H,27,32)",37839,CCNC(=O)c1noc(c2cc(C(C)C)c(O)cc2O)c1c3ccc(CN4CCOCC4)cc3,NA
Input,YM 201636,-0.24380621,InputSig,NA,NA,LINCSCP_116439,HT29,10uM,24h,large intestine,PI3K inhibitor,NA,YBPIBGNBHHGLEB-UHFFFAOYSA-N,"InChI=1S/C25H21N7O3/c26-19-7-6-16(14-28-19)24(33)29-17-4-1-3-15(13-17)22-30-20-18-5-2-8-27-25(18)35-21(20)23(31-22)32-9-11-34-12-10-32/h1-8,13-14H,9-12H2,(H2,26,28)(H,29,33)",35282,Nc1ccc(cn1)C(=O)Nc2cccc(c2)c3nc(N4CCOCC4)c5oc6ncccc6c5n3,NA
Input,KUC104493,-0.24363828,InputSig,NA,NA,LINCSCP_57870,VCAP,10uM,6h,prostate,NA,NA,KCEINUXVJMDYCM-UHFFFAOYSA-N,"InChI=1S/C28H25N5O3/c1-35-24-11-6-5-10-21(24)23-18-26-29-22(20-8-3-2-4-9-20)19-27(33(26)30-23)31-13-15-32(16-14-31)28(34)25-12-7-17-36-25/h2-12,17-19H,13-16H2,1H3",35565,COc1ccccc1c2cc3nc(cc(N4CCN(CC4)C(=O)c5occc5)n3n2)c6ccccc6,NA
Input,CHEMBL2360506,-0.24362074,InputSig,NA,NA,LINCSCP_47136,PC3,10uM,24h,prostate,NA,NA,ZBLCOVKAEUNWGN-UDKTZTBJSA-N,"InChI=1S/C33H43N5O4/c1-22-18-38(23(2)21-39)32(40)17-26-16-27(36(3)4)14-15-30(26)42-31(22)20-37(5)19-24-10-12-25(13-11-24)33(41)35-29-9-7-6-8-28(29)34/h6-16,22-23,31,39H,17-21,34H2,1-5H3,(H,35,41)/t22-,23+,31+/m1/s1",16619,C[C@@H](CO)N1C[C@@H](C)[C@H](CN(C)Cc2ccc(cc2)C(=O)Nc3ccccc3N)Oc4ccc(cc4CC1=O)N(C)C,NA
Input,Peruvoside,-0.24351329,InputSig,NA,NA,LINCSCP_64836,VCAP,0.5uM,24h,prostate,Cardiac glycoside,NA,PMTSPAGBAFCORP-WUHAFPOOSA-N,"InChI=1S/C30H44O9/c1-16-24(33)26(36-3)25(34)27(38-16)39-19-6-10-29(15-31)18(13-19)4-5-22-21(29)7-9-28(2)20(8-11-30(22,28)35)17-12-23(32)37-14-17/h12,15-16,18-22,24-27,33-35H,4-11,13-14H2,1-3H3/t16-,18+,19-,20+,21?,22?,24-,25-,26+,27+,28+,29+,30-/m0/s1",34257,CO[C@@H]1[C@@H](O)[C@H](C)O[C@H](O[C@H]2CC[C@@]3(C=O)[C@H](CCC4C3CC[C@]5(C)[C@H](CC[C@]45O)C6=CC(=O)OC6)C2)[C@H]1O,NA
Input,AZD7762,-0.24350599,InputSig,NA,NA,LINCSCP_173833,YAPC,1.11uM,24h,pancreas,Serine/threonine-protein kinase Chk1  inhibitor,CHEK1,IAYGCINLNONXHY-LBPRGKRZSA-N,"InChI=1S/C17H19FN4O2S/c18-11-4-1-3-10(7-11)14-8-13(22-17(19)24)15(25-14)16(23)21-12-5-2-6-20-9-12/h1,3-4,7-8,12,20H,2,5-6,9H2,(H,21,23)(H3,19,22,24)/t12-/m0/s1",26736,NC(=O)Nc1cc(sc1C(=O)N[C@H]2CCCNC2)c3cccc(F)c3,1
Input,HG-6-64-01,-0.24350414,InputSig,NA,NA,LINCSCP_58673,VCAP,10uM,24h,prostate,RAF inhibitor,NA,NA,NA,42706,NA,NA
Input,1446-61-3,-0.24327837,InputSig,NA,NA,LINCSCP_55672,VCAP,10uM,24h,prostate,Cannabinoid receptor agonist,CNR1,JVVXZOOGOGPDRZ-SLFFLAALSA-N,"InChI=1S/C20H31N/c1-14(2)15-6-8-17-16(12-15)7-9-18-19(3,13-21)10-5-11-20(17,18)4/h6,8,12,14,18H,5,7,9-11,13,21H2,1-4H3/t18-,19-,20+/m0/s1",35911,CC(C)c1ccc2c(CC[C@H]3[C@](C)(CN)CCC[C@]23C)c1,NA
Input,Pralatrexate,-0.2432339,InputSig,NA,NA,LINCSCP_174660,YAPC,3.33uM,24h,pancreas,Dihydrofolate reductase inhibitor,DHFR,OGSBUKJUDHAQEA-WMCAAGNKSA-N,"InChI=1S/C23H23N7O5/c1-2-3-14(10-15-11-26-20-18(27-15)19(24)29-23(25)30-20)12-4-6-13(7-5-12)21(33)28-16(22(34)35)8-9-17(31)32/h1,4-7,11,14,16H,3,8-10H2,(H,28,33)(H,31,32)(H,34,35)(H4,24,25,26,29,30)/t14?,16-/m0/s1",27144,Nc1nc(N)c2nc(CC(CC#C)c3ccc(cc3)C(=O)N[C@@H](CCC(=O)O)C(=O)O)cnc2n1,4
Input,MRE-269,-0.24323305,InputSig,NA,NA,LINCSCP_12444,CD34,3uM,6h,bone marrow,Platelet aggregation inhibitor|Prostanoid receptor agonist,PTGIR,NA,NA,NA,NA,NA
Input,BRD-K71894218,-0.24320154,InputSig,NA,NA,LINCSCP_48820,PC3,10uM,24h,prostate,NA,NA,KBDYTXJNXXZTGD-UNTHUGQZSA-N,"InChI=1S/C33H37N3O5S/c1-24-20-36(25(2)23-37)42(38,39)33-14-11-28(27-15-17-34-18-16-27)19-31(33)41-32(24)22-35(3)21-26-9-12-30(13-10-26)40-29-7-5-4-6-8-29/h4-19,24-25,32,37H,20-23H2,1-3H3/t24-,25+,32-/m0/s1",33505,C[C@H](CO)N1C[C@H](C)[C@H](CN(C)Cc2ccc(Oc3ccccc3)cc2)Oc4cc(ccc4S1(=O)=O)c5ccncc5,NA
Input,BRD-K19181733,-0.24300043,InputSig,NA,NA,LINCSCP_46438,PC3,10uM,24h,prostate,NA,NA,DTGXRBNGNVLSQA-UUIBUHDGSA-N,"InChI=1S/C40H56N4O5/c1-28-24-44(29(2)27-45)39(46)35-23-33(41-40(47)42-36-19-12-17-32-16-8-9-18-34(32)36)20-21-37(35)49-30(3)13-10-11-22-48-38(28)26-43(4)25-31-14-6-5-7-15-31/h8-9,12,16-21,23,28-31,38,45H,5-7,10-11,13-15,22,24-27H2,1-4H3,(H2,41,42,47)/t28-,29+,30-,38+/m0/s1",32176,C[C@H](CO)N1C[C@H](C)[C@@H](CN(C)CC2CCCCC2)OCCCC[C@H](C)Oc3ccc(NC(=O)Nc4cccc5ccccc45)cc3C1=O,NA
Input,84215-10-1,-0.24294236,InputSig,NA,NA,LINCSCP_13759,HA1E,10uM,24h,kidney epithelial,Calmodulin antagonist,CALM2,WAEIMOCPASQBSR-UHFFFAOYSA-N,"InChI=1S/C16H21ClN2O2S/c17-16-7-5-6-13-12-14(8-9-15(13)16)22(20,21)19-11-4-2-1-3-10-18/h5-9,12,19H,1-4,10-11,18H2",15857,NCCCCCCNS(=O)(=O)c1ccc2c(Cl)cccc2c1,NA
Input,BG-51,-0.242902,InputSig,NA,NA,LINCSCP_49274,PC3,10uM,6h,prostate,HDAC inhibitor,HDAC3,NA,NA,NA,NA,NA
Input,Sertraline HCl,-0.24272504,InputSig,NA,NA,LINCSCP_126004,HT29,10uM,24h,large intestine,NA,NA,VGKDLMBJGBXTGI-YVEFUNNKSA-N,"InChI=1S/C17H17Cl2N/c1-20-17-9-7-12(13-4-2-3-5-14(13)17)11-6-8-15(18)16(19)10-11/h2-6,8,10,12,17,20H,7,9H2,1H3/t12-,17+/m0/s1",27179,CN[C@@H]1CC[C@@H](c2ccc(Cl)c(Cl)c2)c3ccccc13,NA
Input,NCGC00025073-01,-0.24253044,InputSig,NA,NA,LINCSCP_44205,PC3,10uM,24h,prostate,Sodium/calcium exchange inhibitor,SLC8A1,UMJUNUMSJDTYTM-UHFFFAOYSA-N,"InChI=1S/C16H17N3O3S/c17-16(18)23-10-9-12-3-7-15(8-4-12)22-11-13-1-5-14(6-2-13)19(20)21/h1-8H,9-11H2,(H3,17,18)",35566,NC(=N)SCCc1ccc(OCc2ccc(cc2)[N+](=O)[O-])cc1,NA
Input,BRD-K08251038,-0.24240358,InputSig,NA,NA,LINCSCP_28332,HT29,10uM,24h,large intestine,NA,NA,UVSCGJDGVAXROK-BGNUVLEZSA-N,"InChI=1S/C37H55N3O6/c1-26-22-40(27(2)25-41)37(43)33-21-31(38-36(42)30-12-7-6-8-13-30)16-19-34(33)46-28(3)11-9-10-20-45-35(26)24-39(4)23-29-14-17-32(44-5)18-15-29/h14-19,21,26-28,30,35,41H,6-13,20,22-25H2,1-5H3,(H,38,42)/t26-,27-,28-,35-/m0/s1",31909,COc1ccc(CN(C)C[C@@H]2OCCCC[C@H](C)Oc3ccc(NC(=O)C4CCCCC4)cc3C(=O)N(C[C@@H]2C)[C@@H](C)CO)cc1,NA
Input,C24H25CLFN5O3,-0.24240119,InputSig,NA,NA,LINCSCP_130218,LNCAP,10uM,3h,prostate,EGFR inhibitor,EGFR|ERBB2|ERBB4,ULXXDDBFHOBEHA-ONEGZZNKSA-N,"InChI=1S/C24H25ClFN5O3/c1-31(2)8-3-4-23(32)30-21-11-17-20(12-22(21)34-16-7-9-33-13-16)27-14-28-24(17)29-15-5-6-19(26)18(25)10-15/h3-6,10-12,14,16H,7-9,13H2,1-2H3,(H,30,32)(H,27,28,29)/b4-3+",5074,CN(C)C\C=C\C(=O)Nc1cc2c(Nc3ccc(F)c(Cl)c3)ncnc2cc1OC4CCOC4,NA
Input,Tanespimycin,-0.24235866,InputSig,NA,NA,LINCSCP_15661,HA1E,0.5uM,6h,kidney epithelial,Heat shock protein HSP90 inhibitor,HSP90AA1|HSP90AB1,AYUNIORJHRXIBJ-TXHRRWQRSA-N,"InChI=1S/C31H43N3O8/c1-8-12-33-26-21-13-17(2)14-25(41-7)27(36)19(4)15-20(5)29(42-31(32)39)24(40-6)11-9-10-18(3)30(38)34-22(28(21)37)16-23(26)35/h8-11,15-17,19,24-25,27,29,33,36H,1,12-14H2,2-7H3,(H2,32,39)(H,34,38)/b11-9-,18-10+,20-15+/t17-,19+,24+,25+,27-,29+/m1/s1",17692,CO[C@H]1C[C@H](C)CC2=C(NCC=C)C(=O)C=C(NC(=O)\C(=C\C=C/[C@H](OC)[C@@H](OC(=O)N)\C(=C\[C@H](C)[C@H]1O)\C)\C)C2=O,3
Input,CHEMBL552425,-0.24207801,InputSig,NA,NA,LINCSCP_128014,HUES3,0.12uM,24h,NA,Ephrin inhibitor,DDR1,SAAYRHKJHDIDPH-UHFFFAOYSA-N,"InChI=1S/C21H17F3N4O2/c1-12-5-6-13(8-18(12)27-17-7-14(19(25)29)10-26-11-17)20(30)28-16-4-2-3-15(9-16)21(22,23)24/h2-11,27H,1H3,(H2,25,29)(H,28,30)",36796,Cc1ccc(cc1Nc2cncc(c2)C(=O)N)C(=O)Nc3cccc(c3)C(F)(F)F,NA
Input,MLS003448149,-0.24207009,InputSig,NA,NA,LINCSCP_54560,SW948,10uM,6h,large intestine,NA,NA,BKTXRPJVVXUPPO-PNCWTNKOSA-N,"InChI=1S/C37H50FN5O6S/c1-26-23-43(27(2)24-41(4)5)36(44)33-22-31(40-37(45)39-30-13-8-7-9-14-30)17-20-34(33)49-28(3)12-10-11-21-48-35(26)25-42(6)50(46,47)32-18-15-29(38)16-19-32/h7-9,13-20,22,26-28,35H,10-12,21,23-25H2,1-6H3,(H2,39,40,45)/t26-,27+,28+,35+/m1/s1",35786,C[C@@H](CN(C)C)N1C[C@@H](C)[C@H](CN(C)S(=O)(=O)c2ccc(F)cc2)OCCCC[C@H](C)Oc3ccc(NC(=O)Nc4ccccc4)cc3C1=O,NA
Input,SPECTRUM2_000920,-0.24194905,InputSig,NA,NA,LINCSCP_72,A375,10uM,6h,skin,DNA alkylating agent|DNA alkylating drug|DNA inhibitor|DNA synthesis inhibitor,NA,NWIBSHFKIJFRCO-CPKMXBGFSA-N,"InChI=1S/C15H18N4O5/c1-5-9(16)12(21)8-6(4-24-14(17)22)15(23-2)13-7(18-13)3-19(15)10(8)11(5)20/h6-7,13,18H,3-4,16H2,1-2H3,(H2,17,22)/t6-,7?,13+,15-/m0/s1",396,CO[C@@]12[C@@H]3NC3CN1C4=C([C@@H]2COC(=O)N)C(=O)C(=C(C)C4=O)N,NA
Input,NCGC00170421-01,-0.24193255,InputSig,NA,NA,LINCSCP_59528,VCAP,10uM,24h,prostate,NA,NA,VTBPZZVSTIPNBO-RXFVIIJJSA-N,"InChI=1S/C29H28F3N3O9/c1-40-25-24(44-28(39)34-19-10-6-3-7-11-19)23(43-27(38)33-18-8-4-2-5-9-18)22(21(16-36)41-25)42-26(37)35-20-14-12-17(13-15-20)29(30,31)32/h2-15,21-25,36H,16H2,1H3,(H,33,38)(H,34,39)(H,35,37)/t21-,22-,23+,24-,25+/m1/s1",11499,CO[C@H]1O[C@H](CO)[C@@H](OC(=O)Nc2ccc(cc2)C(F)(F)F)[C@H](OC(=O)Nc3ccccc3)[C@H]1OC(=O)Nc4ccccc4,NA
Input,NU-7026,-0.24193016,InputSig,NA,NA,LINCSCP_148041,NPC.CAS9,0.12uM,24h,NA,DNA dependent protein kinase inhibitor|MTOR inhibitor|PI3K inhibitor,PRKDC,KKTZALUTXUZPSN-UHFFFAOYSA-N,"InChI=1S/C17H15NO3/c19-15-11-16(18-7-9-20-10-8-18)21-17-13-4-2-1-3-12(13)5-6-14(15)17/h1-6,11H,7-10H2",32922,O=C1C=C(Oc2c1ccc3ccccc23)N4CCOCC4,NA
Input,AN-023/14772014,-0.24160581,InputSig,NA,NA,LINCSCP_29077,HUH7,10uM,6h,liver,NA,NA,MGZPNKXCINPNMX-BDMQEEMLSA-N,"InChI=1S/C26H26N4O2S/c1-17-21(20-13-7-8-14-22(20)29(17)16-24(27)31)15-23-25(32)30(19-11-5-6-12-19)26(33-23)28-18-9-3-2-4-10-18/h2-4,7-10,13-15,19H,5-6,11-12,16H2,1H3,(H2,27,31)/b23-15-,28-26+",25897,Cc1c(\C=C\2/S\C(=N\c3ccccc3)\N(C4CCCC4)C2=O)c5ccccc5n1CC(=O)N,NA
Input,CHEMBL2355585,-0.24157278,InputSig,NA,NA,LINCSCP_277893,PC3,10uM,24h,prostate,NA,NA,IJAJYIACEINGRL-KMDXXIMOSA-N,"InChI=1S/C24H22ClFN2O3S/c25-20-7-3-1-5-16(20)13-27-22-14-28(32(30,31)18-11-9-17(26)10-12-18)21-8-4-2-6-19(21)24(22)23(27)15-29/h1-12,22-24,29H,13-15H2/t22-,23-,24+/m0/s1",40137,OC[C@H]1[C@H]2[C@H](CN(c3ccccc23)S(=O)(=O)c4ccc(F)cc4)N1Cc5ccccc5Cl,NA
Input,BRD-K31931684,-0.24152214,InputSig,NA,NA,LINCSCP_49116,PC3,10uM,6h,prostate,NA,NA,LGHGVWYOLQGVPK-RMTZWNOUSA-N,"InChI=1S/C27H29N3O3/c31-18-24-26(21-12-10-20(11-13-21)8-3-7-19-5-1-2-6-19)23-16-29(17-25(32)30(23)24)27(33)22-9-4-14-28-15-22/h4,9-15,19,23-24,26,31H,1-2,5-7,16-18H2/t23-,24+,26-/m1/s1",12400,OC[C@H]1[C@@H]([C@H]2CN(CC(=O)N12)C(=O)c3cccnc3)c4ccc(cc4)C#CCC5CCCC5,NA
Input,AC1NWAQV,-0.2413989,InputSig,NA,NA,LINCSCP_19164,HCC515,10uM,6h,lung,Glucocorticoid receptor agonist,NR3C1,GFNANZIMVAIWHM-MGVPRKGPSA-N,"InChI=1S/C21H27FO6/c1-18-6-5-12(24)7-11(18)3-4-13-14-8-15(25)21(28,17(27)10-23)19(14,2)9-16(26)20(13,18)22/h5-7,13-16,23,25-26,28H,3-4,8-10H2,1-2H3/t13?,14?,15-,16+,18+,19+,20+,21+/m1/s1",371,C[C@]12C[C@H](O)[C@@]3(F)C(CCC4=CC(=O)C=C[C@]34C)C1C[C@@H](O)[C@]2(O)C(=O)CO,NA
Input,Lomitapide,-0.24134867,InputSig,NA,NA,LINCSCP_161384,PC3,10uM,24h,prostate,Microsomal triglyceride transfer protein inhibitor,MTTP|P4HB,MBBCVAKAJPKAKM-UHFFFAOYSA-N,"InChI=1S/C39H37F6N3O2/c40-38(41,42)25-46-36(50)37(33-13-5-3-10-30(33)31-11-4-6-14-34(31)37)21-7-8-22-48-23-19-28(20-24-48)47-35(49)32-12-2-1-9-29(32)26-15-17-27(18-16-26)39(43,44)45/h1-6,9-18,28H,7-8,19-25H2,(H,46,50)(H,47,49)",26764,FC(F)(F)CNC(=O)C1(CCCCN2CCC(CC2)NC(=O)c3ccccc3c4ccc(cc4)C(F)(F)F)c5ccccc5c6ccccc16,4
Input,SCHEMBL1564574,-0.24121151,InputSig,NA,NA,LINCSCP_29517,MCF10A,1uM,24h,breast epithelial,CHK inhibitor,CHEK1|CHEK2,IAYGCINLNONXHY-GFCCVEGCSA-N,"InChI=1S/C17H19FN4O2S/c18-11-4-1-3-10(7-11)14-8-13(22-17(19)24)15(25-14)16(23)21-12-5-2-6-20-9-12/h1,3-4,7-8,12,20H,2,5-6,9H2,(H,21,23)(H3,19,22,24)/t12-/m1/s1",22341,NC(=O)Nc1cc(sc1C(=O)N[C@@H]2CCCNC2)c3cccc(F)c3,NA
Input,RS-17053,-0.24113894,InputSig,NA,NA,LINCSCP_27028,HT29,10uM,6h,large intestine,Adrenergic receptor antagonist,ADRA1A,XLZHXAXXJVKTFM-UHFFFAOYSA-N,"InChI=1S/C24H29ClN2O2/c1-24(2,14-18-15-26-21-10-9-19(25)13-20(18)21)27-11-12-28-22-5-3-4-6-23(22)29-16-17-7-8-17/h3-6,9-10,13,15,17,26-27H,7-8,11-12,14,16H2,1-2H3",36019,CC(C)(Cc1c[nH]c2ccc(Cl)cc12)NCCOc3ccccc3OCC4CC4,NA
Input,"Trichostatin A, Streptomyces Sp.",-0.24088179,InputSig,NA,NA,LINCSCP_67820,NPC,10uM,6h,neural progenitor cells,CDK expression enhancer|HDAC inhibitor|ID1 expression inhibitor,HDAC1|HDAC10|HDAC3|HDAC4|HDAC6|HDAC7|HDAC8,RTKIYFITIVXBLE-WKWSCTOISA-N,"InChI=1S/C17H22N2O3/c1-12(5-10-16(20)18-22)11-13(2)17(21)14-6-8-15(9-7-14)19(3)4/h5-11,13,22H,1-4H3,(H,18,20)/b10-5+,12-11+",37019,CC(\C=C(/C)\C=C\C(=O)NO)C(=O)c1ccc(cc1)N(C)C,NA
Input,AMG 232,-0.24087406,InputSig,NA,NA,LINCSCP_140826,MCF7,3.33uM,24h,breast,NA,NA,DRLCSJFKKILATL-YWCVFVGNSA-N,"InChI=1S/C28H35Cl2NO5S/c1-17(2)24(16-37(35,36)18(3)4)31-26(19-9-11-21(29)12-10-19)23(20-7-6-8-22(30)13-20)14-28(5,27(31)34)15-25(32)33/h6-13,17-18,23-24,26H,14-16H2,1-5H3,(H,32,33)/t23-,24-,26-,28-/m1/s1",27082,CC(C)[C@@H](CS(=O)(=O)C(C)C)N1[C@@H]([C@H](C[C@](C)(CC(=O)O)C1=O)c2cccc(Cl)c2)c3ccc(Cl)cc3,NA
Input,MLS003329219,-0.24051387,InputSig,NA,NA,LINCSCP_1705,A375,10uM,6h,skin,NA,NA,CYAUHOSEQIDURR-UHFFFAOYSA-N,"InChI=1S/C20H18F3N3O3/c1-26-15-6-3-2-5-14(15)16(12-19(26)28)29-10-4-7-18(27)25-17-11-13(8-9-24-17)20(21,22)23/h2-3,5-6,8-9,11-12H,4,7,10H2,1H3,(H,24,25,27)",6123,CN1C(=O)C=C(OCCCC(=O)Nc2cc(ccn2)C(F)(F)F)c3ccccc13,NA
Input,CHEMBL3188986,-0.24032334,InputSig,NA,NA,LINCSCP_28349,HT29,10uM,24h,large intestine,NA,NA,WYTFSBUXHVGTCT-HPUNYJORSA-N,"InChI=1S/C30H32N4O3/c1-37-28-10-3-2-9-25(28)32-30(36)33-15-4-5-16-34-26(19-33)29(27(34)20-35)23-13-11-22(12-14-23)24-8-6-7-21(17-24)18-31/h2-3,6-14,17,26-27,29,35H,4-5,15-16,19-20H2,1H3,(H,32,36)/t26-,27-,29+/m0/s1",40105,COc1ccccc1NC(=O)N2CCCCN3[C@@H](CO)[C@@H]([C@@H]3C2)c4ccc(cc4)c5cccc(c5)C#N,NA
Input,BRD-K86182839,-0.24026729,InputSig,NA,NA,LINCSCP_49038,PC3,10uM,24h,prostate,NA,NA,UFTUBZJHXRESLK-ZCKQCUHLSA-N,"InChI=1S/C35H44Cl2FN3O6S/c1-23-19-41(24(2)22-42)35(43)30-18-28(39-48(44,45)29-12-9-27(38)10-13-29)11-15-33(30)47-25(3)7-5-6-16-46-34(23)21-40(4)20-26-8-14-31(36)32(37)17-26/h8-15,17-18,23-25,34,39,42H,5-7,16,19-22H2,1-4H3/t23-,24-,25+,34+/m1/s1",13807,C[C@H](CO)N1C[C@@H](C)[C@H](CN(C)Cc2ccc(Cl)c(Cl)c2)OCCCC[C@H](C)Oc3ccc(NS(=O)(=O)c4ccc(F)cc4)cc3C1=O,NA
Input,CHEMBL1555451,-0.24020271,InputSig,NA,NA,LINCSCP_57448,VCAP,10uM,6h,prostate,NA,NA,DKCWJRKSDJZRQP-UHFFFAOYSA-N,"InChI=1S/C14H10N2O/c17-13-3-1-2-11-8-12(9-16-14(11)13)10-4-6-15-7-5-10/h1-9,17H",22898,Oc1cccc2cc(cnc12)c3ccncc3,NA
Input,MLS001207806,-0.2400449,InputSig,NA,NA,LINCSCP_41960,NOMO1,10uM,24h,haematopoietic and lymphoid tissue,NA,NA,VFLCEEKFNGVMNQ-YBEGLDIGSA-N,"InChI=1S/C18H16N2O4S/c1-23-14-6-4-3-5-12(14)19-18-20-17(22)16(25-18)10-11-7-8-13(21)15(9-11)24-2/h3-10,21H,1-2H3,(H,19,20,22)/b16-10-",17658,COc1ccccc1NC2=NC(=O)\C(=C\c3ccc(O)c(OC)c3)\S2,NA
Input,UNC0638,-0.24002348,InputSig,NA,NA,LINCSCP_146951,NEU,10uM,24h,NA,NA,NA,QOECJCJVIMVJGX-UHFFFAOYSA-N,"InChI=1S/C30H47N5O2/c1-22(2)35-17-12-24(13-18-35)31-30-25-20-27(36-3)28(37-19-9-16-34-14-7-8-15-34)21-26(25)32-29(33-30)23-10-5-4-6-11-23/h20-24H,4-19H2,1-3H3,(H,31,32,33)",34335,COc1cc2c(NC3CCN(CC3)C(C)C)nc(nc2cc1OCCCN4CCCC4)C5CCCCC5,NA
Input,CHEMBL2356894,-0.24001434,InputSig,NA,NA,LINCSCP_60490,VCAP,5uM,6h,prostate,NA,NA,GOIFBKSVWMRRGJ-IWHLBADBSA-N,"InChI=1S/C29H33N3O6S2/c1-21-5-10-26(11-6-21)39(34,35)31(4)19-28-22(2)18-32(23(3)20-33)40(36,37)29-12-9-25(17-27(29)38-28)8-7-24-13-15-30-16-14-24/h5-6,9-17,22-23,28,33H,18-20H2,1-4H3/t22-,23+,28+/m1/s1",16847,C[C@@H](CO)N1C[C@@H](C)[C@H](CN(C)S(=O)(=O)c2ccc(C)cc2)Oc3cc(ccc3S1(=O)=O)C#Cc4ccncc4,NA
Input,PU-H-71,-0.23991174,InputSig,NA,NA,LINCSCP_20442,HCC515,10uM,6h,lung,HSP inhibitor,HSP90AA1,SUPVGFZUWFMATN-UHFFFAOYSA-N,"InChI=1S/C18H21IN6O2S/c1-10(2)21-4-3-5-25-17-15(16(20)22-8-23-17)24-18(25)28-14-7-13-12(6-11(14)19)26-9-27-13/h6-8,10,21H,3-5,9H2,1-2H3,(H2,20,22,23)",18461,CC(C)NCCCn1c(Sc2cc3OCOc3cc2I)nc4c(N)ncnc14,NA
Input,CHEMBL2142524,-0.23987159,InputSig,NA,NA,LINCSCP_65582,VCAP,10uM,24h,prostate,NA,NA,GJYWPGQZJRIMRE-TVMHKENRSA-N,"InChI=1S/C37H55N5O5/c1-26-22-42(27(2)25-43)37(46)21-29-20-30(18-19-33(29)47-34(26)24-41(3)23-28-12-6-4-7-13-28)39-35(44)16-8-5-9-17-36(45)40-32-15-11-10-14-31(32)38/h10-11,14-15,18-20,26-28,34,43H,4-9,12-13,16-17,21-25,38H2,1-3H3,(H,39,44)(H,40,45)/t26-,27-,34-/m1/s1",40008,C[C@H](CO)N1C[C@@H](C)[C@@H](CN(C)CC2CCCCC2)Oc3ccc(NC(=O)CCCCCC(=O)Nc4ccccc4N)cc3CC1=O,NA
Input,Iloprost,-0.23967713,InputSig,NA,NA,LINCSCP_12409,CD34,1uM,6h,bone marrow,Prostanoid IP receptor agonist,PTGER1|PTGER2|PTGIR,HIFJCPQKFCZDDL-ACWOEMLNSA-N,"InChI=1S/C22H32O4/c1-3-4-7-15(2)20(23)11-10-18-19-13-16(8-5-6-9-22(25)26)12-17(19)14-21(18)24/h8,10-11,15,17-21,23-24H,5-7,9,12-14H2,1-2H3,(H,25,26)/b11-10+,16-8+/t15?,17-,18+,19-,20+,21+/m0/s1",40282,CC#CCC(C)[C@H](O)\C=C\[C@H]1[C@H](O)C[C@@H]2C\C(=C/CCCC(=O)O)\C[C@H]12,4
Input,GSK-J1,-0.23963113,InputSig,NA,NA,LINCSCP_88707,HA1E,3.33uM,24h,kidney epithelial,NA,NA,AVZCPICCWKMZDT-UHFFFAOYSA-N,"InChI=1S/C22H23N5O2/c28-21(29)8-12-24-19-15-20(26-22(25-19)18-7-3-4-11-23-18)27-13-9-16-5-1-2-6-17(16)10-14-27/h1-7,11,15H,8-10,12-14H2,(H,28,29)(H,24,25,26)",34811,OC(=O)CCNc1cc(nc(n1)c2ccccn2)N3CCc4ccccc4CC3,NA
Input,BRD-K84450674,-0.23957132,InputSig,NA,NA,LINCSCP_47158,PC3,10uM,24h,prostate,NA,NA,VYCOOHAMPRTWAW-KTTQJHDCSA-N,"InChI=1S/C43H53N5O5/c1-30-26-48(31(2)29-49)43(52)25-35-24-36(45-41(50)16-8-5-9-17-42(51)46-38-15-11-10-14-37(38)44)22-23-39(35)53-40(30)28-47(3)27-32-18-20-34(21-19-32)33-12-6-4-7-13-33/h4,6-7,10-15,18-24,30-31,40,49H,5,8-9,16-17,25-29,44H2,1-3H3,(H,45,50)(H,46,51)/t30-,31-,40-/m1/s1",13760,C[C@H](CO)N1C[C@@H](C)[C@@H](CN(C)Cc2ccc(cc2)c3ccccc3)Oc4ccc(NC(=O)CCCCCC(=O)Nc5ccccc5N)cc4CC1=O,NA
Input,YC1,-0.23940661,InputSig,NA,NA,LINCSCP_28830,HUH7,5uM,24h,liver,Guanylyl cyclase activator,GUCY1A2|HIF1A,OQQVFCKUDYMWGV-UHFFFAOYSA-N,"InChI=1S/C19H16N2O2/c22-13-15-10-11-18(23-15)19-16-8-4-5-9-17(16)21(20-19)12-14-6-2-1-3-7-14/h1-11,22H,12-13H2",35896,OCc1oc(cc1)c2nn(Cc3ccccc3)c4ccccc24,NA
Input,Tanaproget,-0.23924204,InputSig,NA,NA,LINCSCP_144161,MCF7,10uM,24h,breast,NA,NA,PYVFWTPEBMRKSR-UHFFFAOYSA-N,"InChI=1S/C16H15N3OS/c1-16(2)12-8-10(4-6-13(12)18-15(21)20-16)14-7-5-11(9-17)19(14)3/h4-8H,1-3H3,(H,18,21)",26980,Cn1c(ccc1c2ccc3NC(=S)OC(C)(C)c3c2)C#N,NA
Input,Avicin-G,-0.23920701,InputSig,NA,NA,LINCSCP_49414,PC3,1uM,6h,prostate,NFkB pathway inhibitor,NA,AAGNHEFESXZZGI-IPSIQHQQSA-N,"InChI=1S/C98H155NO45/c1-17-93(12,126)27-19-21-40(3)80(123)138-75-42(5)131-87(73(121)69(75)117)144-94(13,18-2)28-20-22-45(34-100)81(124)136-57-33-98(90(125)143-89-79(68(116)62(110)50(36-102)134-89)142-86-74(122)77(140-85-72(120)66(114)61(109)49(35-101)132-85)76(43(6)130-86)139-84-71(119)63(111)51(37-103)133-84)47(31-91(57,8)9)46-23-24-54-95(14)29-26-56(92(10,11)53(95)25-30-96(54,15)97(46,16)32-55(98)106)137-82-58(99-44(7)104)65(113)64(112)52(135-82)39-128-88-78(67(115)59(107)41(4)129-88)141-83-70(118)60(108)48(105)38-127-83/h17-18,21-23,41-43,47-79,82-89,100-103,105-122,126H,1-2,19-20,24-39H2,3-16H3,(H,99,104)/b40-21+,45-22+/t41?,42?,43?,47?,48-,49?,50?,51+,52?,53?,54?,55-,56+,57+,58+,59+,60-,61-,62-,63+,64-,65+,66-,67-,68-,69+,70+,71+,72+,73+,74+,75-,76+,77+,78+,79+,82+,83+,84+,85+,86+,87+,88-,89+,93?,94-,95+,96-,97-,98-/m1/s1",25902,CC1O[C@@H](OCC2O[C@@H](O[C@H]3CC[C@@]4(C)C(CC[C@]5(C)C4CC=C6C7CC(C)(C)[C@H](C[C@@]7([C@H](O)C[C@@]56C)C(=O)O[C@@H]8OC(CO)[C@@H](O)[C@@H](O)[C@@H]8O[C@@H]9OC(C)[C@H](O[C@@H]%10O[C@@H](CO)[C@H](O)[C@@H]%10O)[C@@H](O[C@@H]%11OC(CO)[C@@H](O)[C@@H](O)[C@@H]%11O)[C@@H]9O)OC(=O)\C(=C\CC[C@](C)(O[C@@H]%12OC(C)[C@@H](OC(=O)\C(=C\CCC(C)(O)C=C)\C)[C@@H](O)[C@@H]%12O)C=C)\CO)C3(C)C)[C@@H](NC(=O)C)[C@H](O)[C@@H]2O)[C@@H](O[C@@H]%13OC[C@@H](O)[C@@H](O)[C@@H]%13O)[C@H](O)[C@H]1O,NA
Input,SMR000030495,-0.23912357,InputSig,NA,NA,LINCSCP_1350,A375,10uM,6h,skin,NA,NA,VYDKIYBONPPDRB-UHFFFAOYSA-N,"InChI=1S/C23H27N3O2/c1-25-10-12-26(13-11-25)15-19-14-20(17-28-16-18-6-3-2-4-7-18)21-8-5-9-24-22(21)23(19)27/h2-9,14,27H,10-13,15-17H2,1H3",16068,CN1CCN(Cc2cc(COCc3ccccc3)c4cccnc4c2O)CC1,NA
Input,761437-28-9,-0.23897471,InputSig,NA,NA,LINCSCP_133533,MCF7,3.33uM,24h,breast,NA,NA,UYJNQQDJUOUFQJ-UHFFFAOYSA-N,"InChI=1S/C23H25ClN6O3/c1-25-22(31)16-5-3-4-6-18(16)27-21-17(24)14-26-23(29-21)28-19-8-7-15(13-20(19)32-2)30-9-11-33-12-10-30/h3-8,13-14H,9-12H2,1-2H3,(H,25,31)(H2,26,27,28,29)",19906,CNC(=O)c1ccccc1Nc2nc(Nc3ccc(cc3OC)N4CCOCC4)ncc2Cl,NA
Input,"Haematoxylone, Tetramethyl-",-0.23878674,InputSig,NA,NA,LINCSCP_262402,NPC,10uM,24h,neural progenitor cells,NA,NA,OAQFLNPTAZZENS-UHFFFAOYSA-N,"InChI=1S/C20H20O7/c1-23-15-6-5-13-18(22)14-9-17(25-3)16(24-2)8-11(14)7-12(21)10-27-19(13)20(15)26-4/h5-6,8-9H,7,10H2,1-4H3",15959,COc1cc2CC(=O)COc3c(OC)c(OC)ccc3C(=O)c2cc1OC,NA
Input,BRD-K80062189,-0.23874787,InputSig,NA,NA,LINCSCP_43360,NPC,10uM,6h,neural progenitor cells,NA,NA,CHMLDEAVRCQBPF-UHFFFAOYSA-N,"InChI=1S/C18H21ClN2OS/c1-20(2)9-4-10-21-15-7-6-14(22-3)12-18(15)23-17-8-5-13(19)11-16(17)21/h5-8,11-12H,4,9-10H2,1-3H3",31590,COc1ccc2N(CCCN(C)C)c3cc(Cl)ccc3Sc2c1,NA
Input,Topotecan,-0.23871989,InputSig,NA,NA,LINCSCP_5871,A549,10uM,6h,lung,Topoisomerase inhibitor,TOP1|TOP1MT,UCFGDBYHRUNTLO-QHCPKHFHSA-N,"InChI=1S/C23H23N3O5/c1-4-23(30)16-8-18-20-12(9-26(18)21(28)15(16)11-31-22(23)29)7-13-14(10-25(2)3)19(27)6-5-17(13)24-20/h5-8,27,30H,4,9-11H2,1-3H3/t23-/m0/s1",16372,CC[C@@]1(O)C(=O)OCC2=C1C=C3N(Cc4cc5c(CN(C)C)c(O)ccc5nc34)C2=O,4
Input,CHEMBL2131708,-0.23866032,InputSig,NA,NA,LINCSCP_26039,HT29,10uM,6h,large intestine,NA,NA,KRIXABFYBRTIIS-UHFFFAOYSA-N,"InChI=1S/C20H21F3N4S/c1-13-5-6-24-18(7-13)25-19(28)27-11-14-9-26(10-15(14)12-27)17-4-2-3-16(8-17)20(21,22)23/h2-8,14-15H,9-12H2,1H3,(H,24,25,28)",35356,Cc1ccnc(NC(=S)N2CC3CN(CC3C2)c4cccc(c4)C(F)(F)F)c1,NA
Input,BRD-A41986761,-0.23850813,InputSig,NA,NA,LINCSCP_71704,A375,0.04uM,24h,skin,NA,NA,NA,NA,NA,NA,NA
Input,JLK-6,-0.23849709,InputSig,NA,NA,LINCSCP_7155,A549,10uM,6h,lung,Antiamyloidogenic agent|Gamma secretase inhibitor,PSEN1,AMDGKLWVCUXONP-UHFFFAOYSA-N,"InChI=1S/C10H8ClNO3/c1-14-10-8(11)6-3-2-5(12)4-7(6)9(13)15-10/h2-4H,12H2,1H3",33832,COC1=C(Cl)c2ccc(N)cc2C(=O)O1,NA
Input,Dinaciclib,-0.23848797,InputSig,NA,NA,LINCSCP_74414,A375,0.12uM,24h,skin,Cyclin-dependent kinase 1 inhibitor|Cyclin-dependent kinase 2 inhibitor|Cyclin-dependent kinase 5 inhibitor|Cyclin-dependent kinase 9 inhibitor,CDK1|CDK2|CDK5|CDK9,PIMQWRZWLQKKBJ-SFHVURJKSA-N,"InChI=1S/C21H28N6O2/c1-2-17-14-23-27-19(22-13-16-6-5-9-25(29)15-16)12-20(24-21(17)27)26-10-4-3-7-18(26)8-11-28/h5-6,9,12,14-15,18,22,28H,2-4,7-8,10-11,13H2,1H3/t18-/m0/s1",16539,CCc1cnn2c(NCc3ccc[n+]([O-])c3)cc(nc12)N4CCCC[C@H]4CCO,3
Input,TAK-715,-0.23843028,InputSig,NA,NA,LINCSCP_148135,NPC.CAS9,10uM,24h,NA,P38 MAPK inhibitor,MAPK14,HEKAIDKUDLCBRU-UHFFFAOYSA-N,"InChI=1S/C24H21N3OS/c1-3-21-27-22(18-11-7-8-16(2)14-18)23(29-21)19-12-13-25-20(15-19)26-24(28)17-9-5-4-6-10-17/h4-15H,3H2,1-2H3,(H,25,26,28)",17496,CCc1nc(c2cccc(C)c2)c(s1)c3ccnc(NC(=O)c4ccccc4)c3,2
Input,BRD-K47551852,-0.23833298,InputSig,NA,NA,LINCSCP_28259,HT29,10uM,24h,large intestine,NA,NA,OJBHRHOQEWVARJ-LCQQBMRFSA-N,"InChI=1S/C31H34N2O6/c34-25-17-33(16-21-6-13-28-29(14-21)38-20-37-28)27-12-11-26(39-30(27)19-36-18-25)15-31(35)32-24-9-7-23(8-10-24)22-4-2-1-3-5-22/h1-10,13-14,25-27,30,34H,11-12,15-20H2,(H,32,35)/t25-,26-,27-,30+/m1/s1",3278,O[C@H]1COC[C@@H]2O[C@@H](CC(=O)Nc3ccc(cc3)c4ccccc4)CC[C@H]2N(Cc5ccc6OCOc6c5)C1,NA
Input,"2-[(Dimethylamino)methyl]-2,3-dihydro-1H-inden-1-one",-0.23825587,InputSig,NA,NA,LINCSCP_2671,A375,10uM,6h,skin,Inhibitor of translocation of PKCq in T cells,PRKCQ,IOXRKHWIYNWYFF-UHFFFAOYSA-N,"InChI=1S/C12H15NO/c1-13(2)8-10-7-9-5-3-4-6-11(9)12(10)14/h3-6,10H,7-8H2,1-2H3",35358,CN(C)CC1Cc2ccccc2C1=O,NA
Input,PHA-767491,-0.23824725,InputSig,NA,NA,LINCSCP_117055,HT29,10uM,24h,large intestine,NA,NA,DKXHSOUZPMHNIZ-UHFFFAOYSA-N,"InChI=1S/C12H11N3O/c16-12-9-7-11(8-1-4-13-5-2-8)15-10(9)3-6-14-12/h1-2,4-5,7,15H,3,6H2,(H,14,16)",14183,O=C1NCCc2[nH]c(cc12)c3ccncc3,NA
Input,HG-14-10-04,-0.23818774,InputSig,NA,NA,LINCSCP_128573,HUVEC,3.33uM,24h,umbilical vein,NA,NA,HRYNCLKDKCPYBF-UHFFFAOYSA-N,"InChI=1S/C29H34ClN7O/c1-35-13-15-37(16-14-35)20-9-11-36(12-10-20)21-7-8-26(27(17-21)38-2)33-29-32-19-24(30)28(34-29)23-18-31-25-6-4-3-5-22(23)25/h3-8,17-20,31H,9-16H2,1-2H3,(H,32,33,34)",34340,COc1cc(ccc1Nc2ncc(Cl)c(n2)c3c[nH]c4ccccc34)N5CCC(CC5)N6CCN(C)CC6,NA
Input,CHEMBL2130683,-0.23817217,InputSig,NA,NA,LINCSCP_47108,PC3,10uM,24h,prostate,NA,NA,ZBLCOVKAEUNWGN-BVXAZASISA-N,"InChI=1S/C33H43N5O4/c1-22-18-38(23(2)21-39)32(40)17-26-16-27(36(3)4)14-15-30(26)42-31(22)20-37(5)19-24-10-12-25(13-11-24)33(41)35-29-9-7-6-8-28(29)34/h6-16,22-23,31,39H,17-21,34H2,1-5H3,(H,35,41)/t22-,23-,31-/m0/s1",40124,C[C@@H](CO)N1C[C@H](C)[C@H](CN(C)Cc2ccc(cc2)C(=O)Nc3ccccc3N)Oc4ccc(cc4CC1=O)N(C)C,NA
Input,17-DMAG (Alvespimycin) HCl,-0.23815232,InputSig,NA,NA,LINCSCP_101865,HELA,0.04uM,24h,large intestine,NA,NA,KUFRQPKVAWMTJO-TYVPZVKISA-N,"InChI=1S/C32H48N4O8/c1-18-14-22-27(34-12-13-36(5)6)24(37)17-23(29(22)39)35-31(40)19(2)10-9-11-25(42-7)30(44-32(33)41)21(4)16-20(3)28(38)26(15-18)43-8/h9-11,16-18,20,25-26,28,30,34,38H,12-15H2,1-8H3,(H2,33,41)(H,35,40)/b11-9-,19-10-,21-16+/t18-,20+,25+,26+,28-,30+/m1/s1",27317,CO[C@H]1C[C@H](C)CC2=C(NCCN(C)C)C(=O)C=C(NC(=O)\C(=C/C=C\[C@H](OC)[C@@H](OC(=O)N)\C(=C\[C@H](C)[C@H]1O)\C)\C)C2=O,NA
Input,MLN 2238,-0.23803671,InputSig,NA,NA,LINCSCP_37184,MCF7,1uM,6h,breast,Proteasome inhibitor,PSMB1,MXAYKZJJDUDWDS-LBPRGKRZSA-N,"InChI=1S/C14H19BCl2N2O4/c1-8(2)5-12(15(22)23)19-13(20)7-18-14(21)10-6-9(16)3-4-11(10)17/h3-4,6,8,12,22-23H,5,7H2,1-2H3,(H,18,21)(H,19,20)/t12-/m0/s1",16214,CC(C)C[C@H](NC(=O)CNC(=O)c1cc(Cl)ccc1Cl)B(O)O,4
Input,ZK 164015,-0.23798115,InputSig,NA,NA,LINCSCP_43993,PC3,10uM,24h,prostate,Estrogen receptor antagonist,NA,LYJSJVYJLZOMCD-UHFFFAOYSA-N,"InChI=1S/C30H43NO4S/c1-3-4-12-21-36(34,35)22-13-10-8-6-5-7-9-11-20-31-29-19-18-27(33)23-28(29)24(2)30(31)25-14-16-26(32)17-15-25/h14-19,23,32-33H,3-13,20-22H2,1-2H3",38139,CCCCCS(=O)(=O)CCCCCCCCCCn1c(c(C)c2cc(O)ccc12)c3ccc(O)cc3,NA
Input,Zuclomiphene,-0.23793114,InputSig,NA,NA,LINCSCP_30200,MCF7,10uM,6h,breast,Estrogen receptor antagonist,ESR1,GKIRPKYJQBWNGO-QPLCGJKRSA-N,"InChI=1S/C26H28ClNO/c1-3-28(4-2)19-20-29-24-17-15-22(16-18-24)25(21-11-7-5-8-12-21)26(27)23-13-9-6-10-14-23/h5-18H,3-4,19-20H2,1-2H3/b26-25-",37337,CCN(CC)CCOc1ccc(cc1)\C(=C(/Cl)\c2ccccc2)\c3ccccc3,NA
Input,Sertraline,-0.23786321,InputSig,NA,NA,LINCSCP_226750,HT29,10uM,6h,large intestine,Serotonin receptor antagonist,SLC6A4,VGKDLMBJGBXTGI-SJCJKPOMSA-N,"InChI=1S/C17H17Cl2N/c1-20-17-9-7-12(13-4-2-3-5-14(13)17)11-6-8-15(18)16(19)10-11/h2-6,8,10,12,17,20H,7,9H2,1H3/t12-,17-/m0/s1",36061,CN[C@H]1CC[C@@H](c2ccc(Cl)c(Cl)c2)c3ccccc13,4
Input,CHEMBL2355034,-0.23782137,InputSig,NA,NA,LINCSCP_47083,PC3,10uM,24h,prostate,NA,NA,QAVYVNAGSVFDOJ-NJQVLOCASA-N,"InChI=1S/C36H45Cl2N5O5/c1-23-19-43(24(2)22-44)36(47)27-18-26(40-34(45)11-5-4-6-12-35(46)41-31-10-8-7-9-30(31)39)14-16-32(27)48-33(23)21-42(3)20-25-13-15-28(37)29(38)17-25/h7-10,13-18,23-24,33,44H,4-6,11-12,19-22,39H2,1-3H3,(H,40,45)(H,41,46)/t23-,24-,33-/m1/s1",39991,C[C@H](CO)N1C[C@@H](C)[C@@H](CN(C)Cc2ccc(Cl)c(Cl)c2)Oc3ccc(NC(=O)CCCCCC(=O)Nc4ccccc4N)cc3C1=O,NA
Input,CHEMBL2134949,-0.23771376,InputSig,NA,NA,LINCSCP_26412,HT29,10uM,6h,large intestine,NA,NA,UIWHTZIAIXNFGN-USUMGCFOSA-N,"InChI=1S/C40H42N6O5S/c1-25-21-46(26(2)24-47)40(50)31-7-6-10-34(44-38(49)29-15-17-30(18-16-29)39-42-19-20-52-39)36(31)51-35(25)23-45(3)22-27-11-13-28(14-12-27)37(48)43-33-9-5-4-8-32(33)41/h4-20,25-26,35,47H,21-24,41H2,1-3H3,(H,43,48)(H,44,49)/t25-,26+,35-/m1/s1",40206,C[C@@H](CO)N1C[C@@H](C)[C@@H](CN(C)Cc2ccc(cc2)C(=O)Nc3ccccc3N)Oc4c(NC(=O)c5ccc(cc5)c6nccs6)cccc4C1=O,NA
Input,Ixabepilone,-0.23746196,InputSig,NA,NA,LINCSCP_74590,A375,0.12uM,24h,skin,Tubulin inhibitor,TUBA1A|TUBA1B|TUBA1C|TUBA3E|TUBA4A|TUBB|TUBB1|TUBB2A|TUBB2B|TUBB3|TUBB4A|TUBB4B|TUBB6|TUBB8,FABUFPQFXZVHFB-PVYNADRNSA-N,"InChI=1S/C27H42N2O5S/c1-15-9-8-10-27(7)22(34-27)12-20(16(2)11-19-14-35-18(4)28-19)29-23(31)13-21(30)26(5,6)25(33)17(3)24(15)32/h11,14-15,17,20-22,24,30,32H,8-10,12-13H2,1-7H3,(H,29,31)/b16-11+/t15-,17+,20-,21-,22-,24-,27+/m0/s1",9474,C[C@H]1CCC[C@@]2(C)O[C@H]2C[C@H](NC(=O)C[C@H](O)C(C)(C)C(=O)[C@H](C)[C@H]1O)\C(=C\c3csc(C)n3)\C,4
Input,BRD-K64523453,-0.23734994,InputSig,NA,NA,LINCSCP_28272,HT29,10uM,24h,large intestine,NA,NA,JBTWBXKZNZMQHX-YGIZDMHFSA-N,"InChI=1S/C35H46N4O5/c1-25-21-39(26(2)24-40)35(42)31-20-28(36-34(41)12-9-19-37(3)4)15-18-32(31)44-33(25)23-38(5)22-27-13-16-30(17-14-27)43-29-10-7-6-8-11-29/h6-8,10-11,13-18,20,25-26,33,40H,9,12,19,21-24H2,1-5H3,(H,36,41)/t25-,26-,33-/m0/s1",33330,C[C@@H](CO)N1C[C@H](C)[C@H](CN(C)Cc2ccc(Oc3ccccc3)cc2)Oc4ccc(NC(=O)CCCN(C)C)cc4C1=O,NA
Input,BRD-K83631404,-0.23733944,InputSig,NA,NA,LINCSCP_48584,PC3,10uM,24h,prostate,NA,NA,MNWVVWQDNRNIMM-RNHFSVANSA-N,"InChI=1S/C26H34FN3O6S2/c1-19-16-30(20(2)18-31)38(34,35)26-12-11-21(8-7-13-28(3)4)14-24(26)36-25(19)17-29(5)37(32,33)23-10-6-9-22(27)15-23/h6,9-12,14-15,19-20,25,31H,13,16-18H2,1-5H3/t19-,20+,25+/m1/s1",28821,C[C@@H](CO)N1C[C@@H](C)[C@H](CN(C)S(=O)(=O)c2cccc(F)c2)Oc3cc(ccc3S1(=O)=O)C#CCN(C)C,NA
Input,BRD-K89097220,-0.23728896,InputSig,NA,NA,LINCSCP_23929,HEPG2,1.11uM,24h,liver,NA,NA,YOSSKNZHADPXJX-SNVBAGLBSA-N,"InChI=1S/C15H20N4O3/c1-4-18(5-2)12-7-6-11(9-13(12)19(21)22)15-10(3)8-14(20)16-17-15/h6-7,9-10H,4-5,8H2,1-3H3,(H,16,20)/t10-/m1/s1",26524,CCN(CC)c1ccc(cc1[N+](=O)[O-])C2=NNC(=O)C[C@H]2C,NA
Input,CHEMBL1172402,-0.23717014,InputSig,NA,NA,LINCSCP_13144,FIBRNPC,10uM,24h,NA,Phosphodiesterase inhibitor,NA,MDUTXYLPODCITG-OWOJBTEDSA-N,"InChI=1S/C14H13NO2/c15-12-5-3-10(4-6-12)1-2-11-7-13(16)9-14(17)8-11/h1-9,16-17H,15H2/b2-1+",17782,Nc1ccc(\C=C\c2cc(O)cc(O)c2)cc1,NA
Input,Brompheniramine,-0.23704622,InputSig,NA,NA,LINCSCP_240597,MCF7,10uM,24h,breast,Histamine receptor antagonist,HRH1,ZDIGNSYAACHWNL-UHFFFAOYSA-N,"InChI=1S/C16H19BrN2/c1-19(2)12-10-15(16-5-3-4-11-18-16)13-6-8-14(17)9-7-13/h3-9,11,15H,10,12H2,1-2H3",15167,CN(C)CCC(c1ccc(Br)cc1)c2ccccn2,4
Input,VU0418000-1,-0.23689233,InputSig,NA,NA,LINCSCP_21947,HEPG2,10uM,6h,liver,NA,NA,ATYKJUSZXWAJQY-UHFFFAOYSA-N,"InChI=1S/C28H33NO2/c1-23-13-15-27(16-14-23)31-22-8-19-29-20-17-26(18-21-29)28(30,24-9-4-2-5-10-24)25-11-6-3-7-12-25/h2-7,9-16,26,30H,8,17-22H2,1H3",36195,Cc1ccc(OCCCN2CCC(CC2)C(O)(c3ccccc3)c4ccccc4)cc1,NA
Input,CHEMBL3188797,-0.23678879,InputSig,NA,NA,LINCSCP_35375,MCF7,10uM,24h,breast,NA,NA,ZAHXKZOKOUSJMC-AGVMNQFGSA-N,"InChI=1S/C27H35N3O2/c1-28(2)19-26(32)29-16-6-7-17-30-24(18-29)27(25(30)20-31)23-14-12-22(13-15-23)11-10-21-8-4-3-5-9-21/h3-5,8-15,24-25,27,31H,6-7,16-20H2,1-2H3/b11-10+/t24-,25-,27-/m0/s1",38185,CN(C)CC(=O)N1CCCCN2[C@@H](CO)[C@H]([C@@H]2C1)c3ccc(\C=C\c4ccccc4)cc3,NA
Input,TL_HRAS27,-0.23665401,InputSig,NA,NA,LINCSCP_57634,VCAP,10uM,6h,prostate,NA,NA,VATZATKKARLDQT-UHFFFAOYSA-N,"InChI=1S/C24H26N4O6/c1-16-22(28(30)31)21(25-34-16)24(29)27-14-12-26(13-15-27)23(17-4-8-19(32-2)9-5-17)18-6-10-20(33-3)11-7-18/h4-11,23H,12-15H2,1-3H3",35560,COc1ccc(cc1)C(N2CCN(CC2)C(=O)c3noc(C)c3[N+](=O)[O-])c4ccc(OC)cc4,NA
Input,BRD-K73008154,-0.23656187,InputSig,NA,NA,LINCSCP_48459,PC3,10uM,24h,prostate,NA,NA,AYZWBNSPUGXEJF-GTNKKZTPSA-N,"InChI=1S/C28H31FN2O3S/c1-20-7-6-8-23(17-20)21-11-13-22(14-12-21)28-25-18-30(15-4-5-16-31(25)26(28)19-32)35(33,34)27-10-3-2-9-24(27)29/h2-3,6-14,17,25-26,28,32H,4-5,15-16,18-19H2,1H3/t25-,26-,28+/m1/s1",33536,Cc1cccc(c1)c2ccc(cc2)[C@@H]3[C@@H](CO)N4CCCCN(C[C@H]34)S(=O)(=O)c5ccccc5F,NA
Input,Avicin-D,-0.23654048,InputSig,NA,NA,LINCSCP_29207,JURKAT,3uM,6h,haematopoietic and lymphoid tissue,NFkB pathway inhibitor,NA,HKEDBKXRDHFCFB-OIUXLAMQSA-N,"InChI=1S/C98H155NO46/c1-16-93(11,127)26-18-20-45(34-101)81(125)139-75-41(4)132-87(73(122)69(75)118)145-94(12,17-2)27-19-21-44(33-100)80(124)137-57-32-98(90(126)144-89-79(68(117)62(111)50(36-103)135-89)143-86-74(123)77(141-85-72(121)66(115)61(110)49(35-102)133-85)76(42(5)131-86)140-84-71(120)63(112)51(37-104)134-84)47(30-91(57,7)8)46-22-23-54-95(13)28-25-56(92(9,10)53(95)24-29-96(54,14)97(46,15)31-55(98)107)138-82-58(99-43(6)105)65(114)64(113)52(136-82)39-129-88-78(67(116)59(108)40(3)130-88)142-83-70(119)60(109)48(106)38-128-83/h16-17,20-22,40-42,47-79,82-89,100-104,106-123,127H,1-2,18-19,23-39H2,3-15H3,(H,99,105)/b44-21+,45-20+/t40?,41?,42?,47?,48-,49?,50?,51+,52?,53?,54?,55-,56+,57+,58+,59+,60-,61-,62-,63+,64-,65+,66-,67-,68-,69+,70+,71+,72+,73+,74+,75-,76+,77+,78+,79+,82+,83+,84+,85+,86+,87+,88-,89+,93?,94-,95+,96-,97-,98-/m1/s1",5590,CC1O[C@@H](OCC2O[C@@H](O[C@H]3CC[C@@]4(C)C(CC[C@]5(C)C4CC=C6C7CC(C)(C)[C@H](C[C@@]7([C@H](O)C[C@@]56C)C(=O)O[C@@H]8OC(CO)[C@@H](O)[C@@H](O)[C@@H]8O[C@@H]9OC(C)[C@H](O[C@@H]%10O[C@@H](CO)[C@H](O)[C@@H]%10O)[C@@H](O[C@@H]%11OC(CO)[C@@H](O)[C@@H](O)[C@@H]%11O)[C@@H]9O)OC(=O)\C(=C\CC[C@](C)(O[C@@H]%12OC(C)[C@@H](OC(=O)\C(=C\CCC(C)(O)C=C)\CO)[C@@H](O)[C@@H]%12O)C=C)\CO)C3(C)C)[C@@H](NC(=O)C)[C@H](O)[C@@H]2O)[C@@H](O[C@@H]%13OC[C@@H](O)[C@@H](O)[C@@H]%13O)[C@H](O)[C@H]1O,NA
Input,MLS006011051,-0.23652987,InputSig,NA,NA,LINCSCP_285547,SKBR3,10uM,6h,breast,RAF inhibitor,BRAF,DEZZLWQELQORIU-RELWKKBWSA-N,"InChI=1S/C19H18N4O2/c24-10-9-23-12-17(19(21-23)13-5-7-20-8-6-13)15-1-3-16-14(11-15)2-4-18(16)22-25/h1,3,5-8,11-12,24-25H,2,4,9-10H2/b22-18+",17500,OCCn1cc(c2ccc3C(=NO)CCc3c2)c(n1)c4ccncc4,NA
Input,BRD-K28578807,-0.23650047,InputSig,NA,NA,LINCSCP_296458,VCAP,5uM,24h,prostate,NA,NA,ZCTHAUMPHRHCFX-RRQZXNHTSA-N,"InChI=1S/C28H34N4O6S/c1-18-15-32(19(2)17-33)27(34)22-12-8-14-24(30-39(4,36)37)26(22)38-25(18)16-31(3)28(35)29-23-13-7-10-20-9-5-6-11-21(20)23/h5-14,18-19,25,30,33H,15-17H2,1-4H3,(H,29,35)/t18-,19-,25+/m1/s1",12313,C[C@H](CO)N1C[C@@H](C)[C@H](CN(C)C(=O)Nc2cccc3ccccc23)Oc4c(NS(=O)(=O)C)cccc4C1=O,NA
Input,BRD-K76938712,-0.23644265,InputSig,NA,NA,LINCSCP_58645,VCAP,10uM,24h,prostate,NA,NA,UIWHTZIAIXNFGN-AWYDNWMNSA-N,"InChI=1S/C40H42N6O5S/c1-25-21-46(26(2)24-47)40(50)31-7-6-10-34(44-38(49)29-15-17-30(18-16-29)39-42-19-20-52-39)36(31)51-35(25)23-45(3)22-27-11-13-28(14-12-27)37(48)43-33-9-5-4-8-32(33)41/h4-20,25-26,35,47H,21-24,41H2,1-3H3,(H,43,48)(H,44,49)/t25-,26+,35+/m1/s1",33644,C[C@@H](CO)N1C[C@@H](C)[C@H](CN(C)Cc2ccc(cc2)C(=O)Nc3ccccc3N)Oc4c(NC(=O)c5ccc(cc5)c6nccs6)cccc4C1=O,NA
Input,BRD-K66805710,-0.23617626,InputSig,NA,NA,LINCSCP_310168,VCAP,30uM,6h,prostate,NA,NA,OPCOPDBCCFUTHV-FJRSXGRASA-N,"InChI=1S/C31H47N3O4/c1-23-19-34(24(2)22-35)31(36)28-18-27(32(4)5)15-16-29(28)38-25(3)12-10-11-17-37-30(23)21-33(6)20-26-13-8-7-9-14-26/h7-9,13-16,18,23-25,30,35H,10-12,17,19-22H2,1-6H3/t23-,24+,25-,30-/m1/s1",9349,C[C@@H](CO)N1C[C@@H](C)[C@@H](CN(C)Cc2ccccc2)OCCCC[C@@H](C)Oc3ccc(cc3C1=O)N(C)C,NA
Input,"Triazolothiadiazine, 22",-0.23604146,InputSig,NA,NA,LINCSCP_21943,HEPG2,10uM,6h,liver,NA,NA,ZXEJWPWMSJXNCZ-UHFFFAOYSA-N,"InChI=1S/C23H24N4O3S/c1-28-19-10-6-5-9-17(19)22-24-25-23-27(22)26-18(14-31-23)15-11-12-20(29-2)21(13-15)30-16-7-3-4-8-16/h5-6,9-13,16H,3-4,7-8,14H2,1-2H3",36172,COc1ccc(cc1OC2CCCC2)C3=Nn4c(SC3)nnc4c5ccccc5OC,NA
Input,Cabozantinib,-0.23597017,InputSig,NA,NA,LINCSCP_139931,MCF7,10uM,24h,breast,Hepatocyte growth factor receptor inhibitor|Vascular endothelial growth factor receptor 2 inhibitor,KDR|MET,ONIQOQHATWINJY-UHFFFAOYSA-N,"InChI=1S/C28H24FN3O5/c1-35-24-15-21-22(16-25(24)36-2)30-14-11-23(21)37-20-9-7-19(8-10-20)32-27(34)28(12-13-28)26(33)31-18-5-3-17(29)4-6-18/h3-11,14-16H,12-13H2,1-2H3,(H,31,33)(H,32,34)",35289,COc1cc2nccc(Oc3ccc(NC(=O)C4(CC4)C(=O)Nc5ccc(F)cc5)cc3)c2cc1OC,4
Input,CHEMBL1456638,-0.23594438,InputSig,NA,NA,LINCSCP_57763,VCAP,10uM,24h,prostate,NA,NA,CEHLLIWABBUNLQ-BQYQJAHWSA-N,"InChI=1S/C17H12FNO/c18-15-6-2-1-4-13(15)8-7-12-9-10-16(20)17-14(12)5-3-11-19-17/h1-11,20H/b8-7+",17516,Oc1ccc(\C=C\c2ccccc2F)c3cccnc13,NA
Input,BRD-K36620425,-0.23594107,InputSig,NA,NA,LINCSCP_310138,VCAP,30uM,6h,prostate,NA,NA,YQEYOYLPOAGOMK-BNLPXROOSA-N,"InChI=1S/C37H48N4O5/c1-27-23-41(28(2)26-42)37(44)22-32-21-33(38-36(43)15-16-40-17-19-45-20-18-40)13-14-34(32)46-35(27)25-39(3)24-29-9-11-31(12-10-29)30-7-5-4-6-8-30/h4-14,21,27-28,35,42H,15-20,22-26H2,1-3H3,(H,38,43)/t27-,28+,35+/m0/s1",32640,C[C@H](CO)N1C[C@H](C)[C@@H](CN(C)Cc2ccc(cc2)c3ccccc3)Oc4ccc(NC(=O)CCN5CCOCC5)cc4CC1=O,NA
Input,GRANISETRON HYDROCHLORIDE,-0.23592072,InputSig,NA,NA,LINCSCP_72710,A375,10uM,24h,skin,Serotonin 3a (5-HT3a) receptor antagonist (Serotonin 3a,HTR3A,MFWNKCLOYSRHCJ-UHFFFAOYSA-N,"InChI=1S/C18H24N4O/c1-21-13-6-5-7-14(21)11-12(10-13)19-18(23)17-15-8-3-4-9-16(15)22(2)20-17/h3-4,8-9,12-14H,5-7,10-11H2,1-2H3,(H,19,23)",26709,CN1C2CCCC1CC(C2)NC(=O)c3nn(C)c4ccccc34,4
Input,KUC104135,-0.23590129,InputSig,NA,NA,LINCSCP_1599,A375,10uM,6h,skin,NA,NA,MEAOCLDEHXULLL-UHFFFAOYSA-N,"InChI=1S/C22H21N5O2/c1-16-13-21(25-8-10-26(11-9-25)22(28)18-7-12-29-15-18)27-20(23-16)14-19(24-27)17-5-3-2-4-6-17/h2-7,12-15H,8-11H2,1H3",35935,Cc1cc(N2CCN(CC2)C(=O)c3cocc3)n4nc(cc4n1)c5ccccc5,NA
Input,"Triazolothiadiazine, 25",-0.23582434,InputSig,NA,NA,LINCSCP_31114,MCF7,10uM,24h,breast,NA,NA,KQYOTSLVCDQZMU-UHFFFAOYSA-N,"InChI=1S/C22H22N4O4S/c1-27-18-6-4-3-5-16(18)21-23-24-22-26(21)25-17(13-31-22)14-7-8-19(28-2)20(11-14)30-15-9-10-29-12-15/h3-8,11,15H,9-10,12-13H2,1-2H3",15339,COc1ccc(cc1OC2CCOC2)C3=Nn4c(SC3)nnc4c5ccccc5OC,NA
Input,RS-23597-190,-0.23579781,InputSig,NA,NA,LINCSCP_25447,HT29,100uM,24h,large intestine,Serotonin receptor antagonist,HTR4,RLSGBCUXLRMTPF-UHFFFAOYSA-N,"InChI=1S/C16H23ClN2O3/c1-21-15-11-14(18)13(17)10-12(15)16(20)22-9-5-8-19-6-3-2-4-7-19/h10-11H,2-9,18H2,1H3",16497,COc1cc(N)c(Cl)cc1C(=O)OCCCN2CCCCC2,NA
Input,AM 281,-0.23579092,InputSig,NA,NA,LINCSCP_19200,HCC515,10uM,6h,lung,Cannabinoid receptor antagonist,CNR1,AJFFBPZYXRNAIC-UHFFFAOYSA-N,"InChI=1S/C21H19Cl2IN4O2/c1-13-19(21(29)26-27-8-10-30-11-9-27)25-28(18-7-4-15(22)12-17(18)23)20(13)14-2-5-16(24)6-3-14/h2-7,12H,8-11H2,1H3,(H,26,29)",35881,Cc1c(nn(c2ccc(Cl)cc2Cl)c1c3ccc(I)cc3)C(=O)NN4CCOCC4,NA
Input,H7,-0.23573901,InputSig,NA,NA,LINCSCP_32620,MCF7,10uM,6h,breast,PKA inhibitor,NA,BDVFVCGFMNCYPV-UHFFFAOYSA-N,"InChI=1S/C14H17N3O2S/c1-11-9-16-7-8-17(11)20(18,19)14-4-2-3-12-10-15-6-5-13(12)14/h2-6,10-11,16H,7-9H2,1H3",36369,CC1CNCCN1S(=O)(=O)c2cccc3cnccc23,NA
Input,"N-(4-Bromophenyl)-2-{[5-(2-chlorophenyl)-4-phenyl-4H-1,2,4-triazol-3-yl]sulfanyl}acetamide",-0.23572698,InputSig,NA,NA,LINCSCP_46716,PC3,10uM,24h,prostate,NA,NA,OZKZBESQIKFNJU-UHFFFAOYSA-N,"InChI=1S/C22H16BrClN4OS/c23-15-10-12-16(13-11-15)25-20(29)14-30-22-27-26-21(18-8-4-5-9-19(18)24)28(22)17-6-2-1-3-7-17/h1-13H,14H2,(H,25,29)",1402,Clc1ccccc1c2nnc(SCC(=O)Nc3ccc(Br)cc3)n2c4ccccc4,NA
Input,AVN-944,-0.23561827,InputSig,NA,NA,LINCSCP_140621,MCF7,10uM,24h,breast,NA,NA,GYCPCOJTCINIFZ-OXJNMPFZSA-N,"InChI=1S/C25H27N5O5/c1-4-20(10-11-26)35-25(32)28-16(2)17-6-5-7-18(12-17)29-24(31)30-19-8-9-21(22(13-19)33-3)23-14-27-15-34-23/h5-9,12-16,20H,4,10H2,1-3H3,(H,28,32)(H2,29,30,31)/t16-,20+/m0/s1",26710,CC[C@H](CC#N)OC(=O)N[C@@H](C)c1cccc(NC(=O)Nc2ccc(c(OC)c2)c3ocnc3)c1,NA
Input,Lacidipine,-0.2355217,InputSig,NA,NA,LINCSCP_46060,PC3,10uM,24h,prostate,Calcium channel blocker,CACNA1C,BGYJFSXPRMOZJK-CCEZHUSRSA-N,"InChI=1S/C26H33NO6/c1-8-31-24(29)21-16(3)27-17(4)22(25(30)32-9-2)23(21)19-13-11-10-12-18(19)14-15-20(28)33-26(5,6)7/h10-15,21,23H,8-9H2,1-7H3/b15-14+",1593,CCOC(=O)C1C(C(=C(C)N=C1C)C(=O)OCC)c2ccccc2\C=C\C(=O)OC(C)(C)C,NA
Input,Lacidipine,-0.2355217,InputSig,NA,NA,LINCSCP_46060,PC3,10uM,24h,prostate,Calcium channel blocker,CACNA1C,GKQPCPXONLDCMU-CCEZHUSRSA-N,"InChI=1S/C26H33NO6/c1-8-31-24(29)21-16(3)27-17(4)22(25(30)32-9-2)23(21)19-13-11-10-12-18(19)14-15-20(28)33-26(5,6)7/h10-15,23,27H,8-9H2,1-7H3/b15-14+",27211,CCOC(=O)C1=C(C)NC(=C(C1c2ccccc2\C=C\C(=O)OC(C)(C)C)C(=O)OCC)C,4
Input,AC1N0EYN,-0.23548065,InputSig,NA,NA,LINCSCP_23542,HEPG2,20uM,6h,liver,NA,NA,XQRSXNVBOLGUNI-UHFFFAOYSA-N,"InChI=1S/C18H16N4O/c1-12-14(11-13-7-3-2-4-8-13)17(23)22(21-12)18-19-15-9-5-6-10-16(15)20-18/h2-10,14H,11H2,1H3,(H,19,20)",19438,CC1=NN(C(=O)C1Cc2ccccc2)c3nc4ccccc4[nH]3,NA
Input,BRD-K01425431,-0.23544501,InputSig,NA,NA,LINCSCP_163689,SKBR3,10uM,24h,breast,NA,NA,NA,NA,NA,NA,NA
Input,GW620972X,-0.23533689,InputSig,NA,NA,LINCSCP_70684,A375,0.12uM,24h,skin,NA,NA,WQGDQGAFSDMBLA-UHFFFAOYSA-N,"InChI=1S/C20H16N2OS/c21-12-17-15-9-3-4-11-18(15)24-20(17)22-19(23)16-10-5-7-13-6-1-2-8-14(13)16/h1-2,5-8,10H,3-4,9,11H2,(H,22,23)",35279,O=C(Nc1sc2CCCCc2c1C#N)c3cccc4ccccc34,NA
Input,SR-02000000354,-0.2353122,InputSig,NA,NA,LINCSCP_15989,HA1E,10uM,6h,kidney epithelial,NA,NA,FPOISEYHNOEDPU-UHFFFAOYSA-N,"InChI=1S/C19H17ClN2O2/c1-3-14-6-10-16(11-7-14)24-18-17(20)12-21-22(19(18)23)15-8-4-13(2)5-9-15/h4-12H,3H2,1-2H3",15569,CCc1ccc(OC2=C(Cl)C=NN(C2=O)c3ccc(C)cc3)cc1,NA
Input,Linagliptin,-0.23527077,InputSig,NA,NA,LINCSCP_135434,MCF7,10uM,24h,breast,Dipeptidyl peptidase IV inhibitor,DPP4,LTXREWYXXSTFRX-QGZVFWFLSA-N,"InChI=1S/C25H28N8O2/c1-4-5-13-32-21-22(29-24(32)31-12-8-9-17(26)14-31)30(3)25(35)33(23(21)34)15-20-27-16(2)18-10-6-7-11-19(18)28-20/h6-7,10-11,17H,8-9,12-15,26H2,1-3H3/t17-/m1/s1",27116,CC#CCn1c(nc2N(C)C(=O)N(Cc3nc(C)c4ccccc4n3)C(=O)c12)N5CCC[C@@H](N)C5,4
Input,Rifapentine,-0.2352634,InputSig,NA,NA,LINCSCP_22025,HEPG2,10uM,6h,liver,RNA polymerase inhibitor,CYP2C8|CYP2C9|CYP3A4,WDZCUPBHRAEYDL-QEDJKGLXSA-N,"InChI=1S/C47H64N4O12/c1-24-13-12-14-25(2)46(59)49-37-32(23-48-51-20-18-50(19-21-51)31-15-10-11-16-31)41(56)34-35(42(37)57)40(55)29(6)44-36(34)45(58)47(8,63-44)61-22-17-33(60-9)26(3)43(62-30(7)52)28(5)39(54)27(4)38(24)53/h12-14,17,22-24,26-28,31,33,38-39,43,53-57H,10-11,15-16,18-21H2,1-9H3,(H,49,59)/b13-12+,22-17+,25-14+,48-23+/t24-,26+,27+,28+,33-,38-,39+,43+,47-/m0/s1",22179,CO[C@H]1\C=C\O[C@@]2(C)Oc3c(C)c(O)c4c(O)c(NC(=O)\C(=C\C=C\[C@H](C)[C@H](O)[C@@H](C)[C@@H](O)[C@@H](C)[C@H](OC(=O)C)[C@@H]1C)\C)c(\C=N\N5CCN(CC5)C6CCCC6)c(O)c4c3C2=O,NA
Input,Rifapentine,-0.2352634,InputSig,NA,NA,LINCSCP_22025,HEPG2,10uM,6h,liver,RNA polymerase inhibitor,CYP2C8|CYP2C9|CYP3A4,WDZCUPBHRAEYDL-GZAUEHORSA-N,"InChI=1S/C47H64N4O12/c1-24-13-12-14-25(2)46(59)49-37-32(23-48-51-20-18-50(19-21-51)31-15-10-11-16-31)41(56)34-35(42(37)57)40(55)29(6)44-36(34)45(58)47(8,63-44)61-22-17-33(60-9)26(3)43(62-30(7)52)28(5)39(54)27(4)38(24)53/h12-14,17,22-24,26-28,31,33,38-39,43,53-57H,10-11,15-16,18-21H2,1-9H3,(H,49,59)/b13-12+,22-17+,25-14-,48-23+/t24-,26+,27+,28+,33-,38-,39+,43+,47-/m0/s1",27208,CO[C@H]1\C=C\O[C@@]2(C)Oc3c(C)c(O)c4c(O)c(NC(=O)\C(=C/C=C/[C@H](C)[C@H](O)[C@@H](C)[C@@H](O)[C@@H](C)[C@H](OC(=O)C)[C@@H]1C)\C)c(\C=N\N5CCN(CC5)C6CCCC6)c(O)c4c3C2=O,4
Input,Mebendazole,-0.23511183,InputSig,NA,NA,LINCSCP_67622,MCF7,40uM,6h,breast,Tubulin inhibitor,NA,OPXLLQIJSORQAM-UHFFFAOYSA-N,"InChI=1S/C16H13N3O3/c1-22-16(21)19-15-17-12-8-7-11(9-13(12)18-15)14(20)10-5-3-2-4-6-10/h2-9H,1H3,(H2,17,18,19,21)",36029,COC(=O)Nc1nc2ccc(cc2[nH]1)C(=O)c3ccccc3,4
Input,Ciproxifan,-0.23504889,InputSig,NA,NA,LINCSCP_43290,NPC,10uM,6h,neural progenitor cells,Histamine receptor antagonist,HRH3,ACQBHJXEAYTHCY-UHFFFAOYSA-N,"InChI=1S/C16H18N2O2/c19-16(12-3-4-12)13-5-7-15(8-6-13)20-9-1-2-14-10-17-11-18-14/h5-8,10-12H,1-4,9H2,(H,17,18)",39922,O=C(C1CC1)c2ccc(OCCCc3c[nH]cn3)cc2,NA
Input,TOFA,-0.23491756,InputSig,NA,NA,LINCSCP_126090,HT29,1.11uM,24h,large intestine,NA,NA,CZRCFAOMWRAFIC-UHFFFAOYSA-N,"InChI=1S/C19H32O4/c1-2-3-4-5-6-7-8-9-10-11-12-13-16-22-18-15-14-17(23-18)19(20)21/h14-15H,2-13,16H2,1H3,(H,20,21)",26629,CCCCCCCCCCCCCCOc1oc(cc1)C(=O)O,NA
Input,BRD-K27824357,-0.23491383,InputSig,NA,NA,LINCSCP_60157,VCAP,5uM,24h,prostate,NA,NA,AEYCXANGZGGWKX-GBPOLFSSSA-N,"InChI=1S/C25H37N3O5/c1-17-13-28(18(2)16-29)25(31)22-11-21(6-5-19(3)30)12-26-24(22)33-23(17)15-27(4)14-20-7-9-32-10-8-20/h11-12,17-20,23,29-30H,7-10,13-16H2,1-4H3/t17-,18-,19+,23+/m1/s1",568,C[C@H](O)C#Cc1cnc2O[C@@H](CN(C)CC3CCOCC3)[C@H](C)CN([C@H](C)CO)C(=O)c2c1,NA
Input,Aminogenistein,-0.23489589,InputSig,NA,NA,LINCSCP_33321,MCF7,10uM,24h,breast,Src inhibitor,LCK,YBQRUOMICVULNM-UHFFFAOYSA-N,"InChI=1S/C15H11NO3/c16-10-3-1-9(2-4-10)15-8-13(18)12-7-11(17)5-6-14(12)19-15/h1-8,17H,16H2",9927,Nc1ccc(cc1)C2=CC(=O)c3cc(O)ccc3O2,NA
Input,FPL64176,-0.23481914,InputSig,NA,NA,LINCSCP_242374,MCF7,10uM,6h,breast,Calcium channel activator,CACNA1C,MDMWHKZANMNXTF-UHFFFAOYSA-N,"InChI=1S/C22H21NO3/c1-14-19(20(15(2)23-14)22(25)26-3)21(24)18-12-8-7-11-17(18)13-16-9-5-4-6-10-16/h4-12,23H,13H2,1-3H3",15944,COC(=O)c1c(C)[nH]c(C)c1C(=O)c2ccccc2Cc3ccccc3,NA
Input,CHEMBL2356693,-0.23477048,InputSig,NA,NA,LINCSCP_47092,PC3,10uM,24h,prostate,NA,NA,QVMJLFZOFFUGMH-PWWNZBMUSA-N,"InChI=1S/C32H41N5O4/c1-21-17-37(22(2)20-38)32(40)26-16-25(35(3)4)14-15-29(26)41-30(21)19-36(5)18-23-10-12-24(13-11-23)31(39)34-28-9-7-6-8-27(28)33/h6-16,21-22,30,38H,17-20,33H2,1-5H3,(H,34,39)/t21-,22-,30-/m0/s1",16617,C[C@@H](CO)N1C[C@H](C)[C@H](CN(C)Cc2ccc(cc2)C(=O)Nc3ccccc3N)Oc4ccc(cc4C1=O)N(C)C,NA
Input,NSC643180,-0.23467653,InputSig,NA,NA,LINCSCP_19678,HCC515,10uM,6h,lung,NA,NA,MFDFEQQOFGIZAS-MDZDMXLPSA-N,"InChI=1S/C18H18O4/c1-20-16-11-13(12-17(21-2)18(16)22-3)9-10-15(19)14-7-5-4-6-8-14/h4-12H,1-3H3/b10-9+",17507,COc1cc(\C=C\C(=O)c2ccccc2)cc(OC)c1OC,NA
Input,Seliciclib,-0.23462761,InputSig,NA,NA,LINCSCP_163326,SKBR3,3.33uM,3h,breast,CDK inhibitor,CDK1|CDK2|CDK5|CDK7|CDK9,BTIHMVBBUGXLCJ-OAHLLOKOSA-N,"InChI=1S/C19H26N6O/c1-4-15(11-26)22-19-23-17(20-10-14-8-6-5-7-9-14)16-18(24-19)25(12-21-16)13(2)3/h5-9,12-13,15,26H,4,10-11H2,1-3H3,(H2,20,22,23,24)/t15-/m1/s1",16622,CC[C@H](CO)Nc1nc(NCc2ccccc2)c3ncn(C(C)C)c3n1,2
Input,VU0420364-1,-0.23462483,InputSig,NA,NA,LINCSCP_1639,A375,10uM,6h,skin,NA,NA,JXGIYKRRPGCLFV-QFIPXVFZSA-N,"InChI=1S/C26H31N3O3/c1-25(2,3)19-11-13-20(14-12-19)29(24(31)21-10-8-16-32-21)22(18-9-7-15-27-17-18)23(30)28-26(4,5)6/h7-17,22H,1-6H3,(H,28,30)/t22-/m0/s1",16014,CC(C)(C)NC(=O)[C@@H](N(C(=O)c1occc1)c2ccc(cc2)C(C)(C)C)c3cccnc3,NA
Input,Cordycepin,-0.23458454,InputSig,NA,NA,LINCSCP_159068,PC3,0.04uM,24h,prostate,NA,NA,OFEZSBMBBKLLBJ-BAJZRUMYSA-N,"InChI=1S/C10H13N5O3/c11-8-7-9(13-3-12-8)15(4-14-7)10-6(17)1-5(2-16)18-10/h3-6,10,16-17H,1-2H2,(H2,11,12,13)/t5-,6+,10+/m0/s1",26979,Nc1ncnc2c1ncn2[C@@H]3O[C@H](CO)C[C@H]3O,NA
Input,BRD-K20197338,-0.23454726,InputSig,NA,NA,LINCSCP_28340,HT29,10uM,24h,large intestine,NA,NA,LOPBZILAZMWERO-ZSLRCHCDSA-N,"InChI=1S/C30H34N2O6S/c1-21-6-5-9-27(16-21)39(35,36)32-18-25(33)19-37-20-29-28(32)15-14-26(38-29)17-30(34)31-24-12-10-23(11-13-24)22-7-3-2-4-8-22/h2-13,16,25-26,28-29,33H,14-15,17-20H2,1H3,(H,31,34)/t25-,26-,28-,29+/m0/s1",23979,Cc1cccc(c1)S(=O)(=O)N2C[C@H](O)COC[C@H]3O[C@H](CC(=O)Nc4ccc(cc4)c5ccccc5)CC[C@H]23,NA
Input,TAN-67,-0.23450795,InputSig,NA,NA,LINCSCP_238075,MCF7,10uM,6h,breast,Delta 1 opioid receptor agonist,OPRD1,LEPBHAAYNPPRRA-WMZHIEFXSA-N,"InChI=1S/C23H24N2O/c1-25-10-9-23(18-6-4-7-20(26)13-18)14-22-17(12-19(23)15-25)11-16-5-2-3-8-21(16)24-22/h2-8,11,13,19,26H,9-10,12,14-15H2,1H3/t19-,23+/m0/s1",19322,CN1CC[C@@]2(Cc3nc4ccccc4cc3C[C@H]2C1)c5cccc(O)c5,NA
Input,CHEMBL2358729,-0.2344586,InputSig,NA,NA,LINCSCP_41074,NEU,10uM,24h,NA,NA,NA,DNZCAJZFONMYBT-QHAWAJNXSA-N,"InChI=1S/C22H33N3O2/c1-3-13-23-22(27)25(2)14-19-21(20(15-26)24-19)18-11-9-17(10-12-18)16-7-5-4-6-8-16/h7,9-12,19-21,24,26H,3-6,8,13-15H2,1-2H3,(H,23,27)/t19-,20+,21-/m1/s1",40346,CCCNC(=O)N(C)C[C@H]1N[C@@H](CO)[C@@H]1c2ccc(cc2)C3=CCCCC3,NA
Input,SCHEMBL10028379,-0.23436266,InputSig,NA,NA,LINCSCP_2062,A375,10uM,6h,skin,NA,NA,JHFBKOXBENMWRE-LQTQAINMSA-N,"InChI=1S/C29H37BrN4O4Si/c1-18-15-23-26(24(30)16-18)33(3)28(36)29(23)19(2)27(39(5,6)22-9-7-21(37-4)8-10-22)25(38-29)11-13-34-17-20(12-14-35)31-32-34/h7-10,15-17,19,25,27,35H,11-14H2,1-6H3/t19-,25+,27-,29+/m1/s1",203,COc1ccc(cc1)[Si](C)(C)[C@H]2[C@H](CCn3cc(CCO)nn3)O[C@]4([C@@H]2C)C(=O)N(C)c5c(Br)cc(C)cc45,NA
Input,Vindesine,-0.23431708,InputSig,NA,NA,LINCSCP_58167,VCAP,10uM,24h,prostate,Tubulin inhibitor,NA,HHJUWIANJFBDHT-KOTLKJBCSA-N,"InChI=1S/C43H55N5O7/c1-6-39(52)21-25-22-42(38(51)55-5,33-27(13-17-47(23-25)24-39)26-11-8-9-12-30(26)45-33)29-19-28-31(20-32(29)54-4)46(3)35-41(28)15-18-48-16-10-14-40(7-2,34(41)48)36(49)43(35,53)37(44)50/h8-12,14,19-20,25,34-36,45,49,52-53H,6-7,13,15-18,21-24H2,1-5H3,(H2,44,50)/t25-,34+,35-,36-,39+,40-,41-,42+,43+/m1/s1",36507,CC[C@]1(O)C[C@H]2CN(CCc3c([nH]c4ccccc34)[C@@](C2)(C(=O)OC)c5cc6c(cc5OC)N(C)[C@H]7[C@](O)([C@H](O)[C@]8(CC)C=CCN9CC[C@]67[C@H]89)C(=O)N)C1,4
Input,Geldanamycin,-0.23429792,InputSig,NA,NA,LINCSCP_41353,NEU,10uM,24h,NA,HSP inhibitor,HSP90AA1,QTQAWLPCGQOSGP-KSRBKZBZSA-N,"InChI=1S/C29H40N2O9/c1-15-11-19-25(34)20(14-21(32)27(19)39-7)31-28(35)16(2)9-8-10-22(37-5)26(40-29(30)36)18(4)13-17(3)24(33)23(12-15)38-6/h8-10,13-15,17,22-24,26,33H,11-12H2,1-7H3,(H2,30,36)(H,31,35)/b10-8-,16-9+,18-13+/t15-,17+,22+,23+,24-,26+/m1/s1",17493,CO[C@H]1C[C@H](C)CC2=C(OC)C(=O)C=C(NC(=O)\C(=C\C=C/[C@H](OC)[C@@H](OC(=O)N)\C(=C\[C@H](C)[C@H]1O)\C)\C)C2=O,NA
Input,Duloxetine,-0.23426078,InputSig,NA,NA,LINCSCP_126082,HT29,10uM,24h,large intestine,Norepinephrine reuptake inhibitor|Serotonin reuptake inhibitor,SLC6A2|SLC6A3|SLC6A4,ZEUITGRIYCTCEM-KRWDZBQOSA-N,"InChI=1S/C18H19NOS/c1-19-12-11-17(18-10-5-13-21-18)20-16-9-4-7-14-6-2-3-8-15(14)16/h2-10,13,17,19H,11-12H2,1H3/t17-/m0/s1",15881,CNCC[C@H](Oc1cccc2ccccc12)c3cccs3,4
Input,"HDACi1,2+3_mix",-0.23422531,InputSig,NA,NA,LINCSCP_49332,PC3,10uM,6h,prostate,NA,NA,NA,NA,NA,NA,NA
Input,Avrainvillamide Analog 5,-0.23415341,InputSig,NA,NA,LINCSCP_28484,HT29,10uM,24h,large intestine,Nucleophosmin inhibitor,NA,CRUOLOXVRBAOST-UHFFFAOYSA-N,"InChI=1S/C26H27N3O4/c1-23(2)8-6-14-10-15-16-12-26-19(13-25(21(30)27-26)7-5-9-28(25)22(26)31)24(3,4)20(16)29(32)17(15)11-18(14)33-23/h6,8,10-12,19H,5,7,9,13H2,1-4H3,(H,27,30)",26519,CC1(C)Oc2cc3c(cc2C=C1)C4=CC56NC(=O)C7(CCCN7C5=O)CC6C(C)(C)C4=[N+]3[O-],NA
Input,Maxacalcitol-D6,-0.23402209,InputSig,NA,NA,LINCSCP_125171,HT29,3.33uM,24h,large intestine,NA,NA,DTXXSJZBSTYZKE-OXMAATCFSA-N,"InChI=1S/C26H42O4/c1-17-20(15-21(27)16-24(17)28)9-8-19-7-6-12-26(5)22(10-11-23(19)26)18(2)30-14-13-25(3,4)29/h8-9,18,21-24,27-29H,1,6-7,10-16H2,2-5H3/b19-8+,20-9-/t18-,21+,22+,23-,24-,26+/m0/s1/i3D3,4D3",26601,[2H]C([2H])([2H])C(O)(CCO[C@@H](C)[C@H]1CC[C@H]2\C(=C\C=C/3\C[C@@H](O)C[C@H](O)C3=C)\CCC[C@]12C)C([2H])([2H])[2H],NA
Input,Betaescin,-0.23396875,InputSig,NA,NA,LINCSCP_47607,PC3,10uM,24h,prostate,Interleukin receptor antagonist,NA,HGPRMPHKXRKCGI-GVUAIZNTSA-N,"InChI=1S/C54H84O25/c1-22(44(68)69)19-72-42-43(73-23(2)59)54(21-58)25(15-49(42,3)4)24-9-10-29-50(5)13-12-31(51(6,20-57)28(50)11-14-52(29,7)53(24,8)16-30(54)60)76-48-40(78-47-37(66)35(64)33(62)27(18-56)75-47)38(67)39(41(79-48)45(70)71)77-46-36(65)34(63)32(61)26(17-55)74-46/h9,19,25-43,46-48,55-58,60-67H,10-18,20-21H2,1-8H3,(H,68,69)(H,70,71)/t25?,26-,27-,28?,29?,30-,31?,32-,33-,34+,35+,36-,37-,38+,39+,40-,41+,42?,43+,46+,47+,48?,50?,51-,52?,53-,54?/m1/s1",262,CC(=O)O[C@H]1C(OC=C(C)C(=O)O)C(C)(C)CC2C3=CCC4C5(C)CCC(OC6O[C@@H]([C@@H](O[C@@H]7O[C@H](CO)[C@@H](O)[C@H](O)[C@H]7O)[C@H](O)[C@H]6O[C@@H]8O[C@H](CO)[C@@H](O)[C@H](O)[C@H]8O)C(=O)O)[C@](C)(CO)C5CCC4(C)[C@]3(C)C[C@@H](O)C12CO,NA
Input,Carfilzomib (PR-171),-0.23387907,InputSig,NA,NA,LINCSCP_169879,YAPC,3.33uM,24h,pancreas,26S proteosome inhibitor,ADRM1|PSMA1|PSMA2|PSMA3|PSMA4|PSMA5|PSMA6|PSMA7|PSMA8|PSMB1|PSMB10|PSMB11|PSMB2|PSMB3|PSMB4|PSMB5|PSMB6|PSMB7|PSMB8|PSMB9|PSMC1|PSMC2|PSMC3|PSMC4|PSMC5|PSMC6|PSMD1|PSMD11|PSMD12|PSMD13|PSMD14|PSMD2|PSMD3|PSMD4|PSMD6|PSMD7|PSMD8|SEM1,BLMPQMFVWMYDKT-NZTKNTHTSA-N,"InChI=1S/C40H57N5O7/c1-27(2)22-32(36(47)40(5)26-52-40)42-39(50)34(24-30-14-10-7-11-15-30)44-38(49)33(23-28(3)4)43-37(48)31(17-16-29-12-8-6-9-13-29)41-35(46)25-45-18-20-51-21-19-45/h6-15,27-28,31-34H,16-26H2,1-5H3,(H,41,46)(H,42,50)(H,43,48)(H,44,49)/t31-,32-,33-,34-,40+/m0/s1",26747,CC(C)C[C@H](NC(=O)[C@H](CCc1ccccc1)NC(=O)CN2CCOCC2)C(=O)N[C@@H](Cc3ccccc3)C(=O)N[C@@H](CC(C)C)C(=O)[C@@]4(C)CO4,4
Input,BRD-K70794677,-0.23387066,InputSig,NA,NA,LINCSCP_48818,PC3,10uM,24h,prostate,NA,NA,QJIARHQWIRWSQE-DLQZEWICSA-N,"InChI=1S/C44H56N6O7/c1-29-25-50(30(2)28-51)43(53)37-24-35(47-44(54)46-34-17-20-36(55-5)21-18-34)19-22-40(37)57-31(3)10-8-9-23-56-41(29)27-49(4)26-32-13-15-33(16-14-32)42(52)48-39-12-7-6-11-38(39)45/h6-7,11-22,24,29-31,41,51H,8-10,23,25-28,45H2,1-5H3,(H,48,52)(H2,46,47,54)/t29-,30+,31+,41-/m0/s1",13378,COc1ccc(NC(=O)Nc2ccc3O[C@H](C)CCCCO[C@@H](CN(C)Cc4ccc(cc4)C(=O)Nc5ccccc5N)[C@@H](C)CN([C@H](C)CO)C(=O)c3c2)cc1,NA
Input,OTSSP167,-0.23373527,InputSig,NA,NA,LINCSCP_146653,NEU,0.12uM,24h,NA,NA,NA,DKZYXHCYPUVGAF-JCNLHEQBSA-N,"InChI=1S/C25H28Cl2N4O2/c1-14(32)18-12-28-22-9-8-21(16-10-19(26)25(33)20(27)11-16)30-24(22)23(18)29-17-6-4-15(5-7-17)13-31(2)3/h8-12,15,17,33H,4-7,13H2,1-3H3,(H,28,29)/t15-,17-",5821,CN(C)C[C@@H]1CC[C@H](CC1)Nc2c(cnc3ccc(nc23)c4cc(Cl)c(O)c(Cl)c4)C(=O)C,NA
Input,AC1MSUFC,-0.23373456,InputSig,NA,NA,LINCSCP_44847,PC3,40uM,24h,prostate,HMGCR inhibitor,HMGCR,QLJODMDSTUBWDW-UHFFFAOYSA-N,"InChI=1S/C24H38O6/c1-5-15(3)24(29)30-21-11-14(2)10-17-7-6-16(4)20(23(17)21)9-8-18(25)12-19(26)13-22(27)28/h6-7,10,14-16,18-21,23,25-26H,5,8-9,11-13H2,1-4H3,(H,27,28)",36673,CCC(C)C(=O)OC1CC(C)C=C2C=CC(C)C(CCC(O)CC(O)CC(=O)O)C12,NA
Input,Rhodomyrtoxin B,-0.2336205,InputSig,NA,NA,LINCSCP_44758,PC3,10uM,6h,prostate,Cytotoxic agent|DNA intercalator,SLCO1B3,SGFCERQKVVMREN-UHFFFAOYSA-N,"InChI=1S/C24H28O7/c1-7-9(3)17(25)15-19(27)11(5)23-13(21(15)29)14-22(30)16(18(26)10(4)8-2)20(28)12(6)24(14)31-23/h9-10,27-30H,7-8H2,1-6H3",8044,CCC(C)C(=O)c1c(O)c(C)c2oc3c(C)c(O)c(C(=O)C(C)CC)c(O)c3c2c1O,NA
Input,R428,-0.23343338,InputSig,NA,NA,LINCSCP_137994,MCF7,10uM,24h,breast,NA,NA,KXMZDGSRSGHMMK-VWLOTQADSA-N,"InChI=1S/C30H34N8/c31-29-33-30(32-24-13-10-20-11-14-25(15-12-22(20)18-24)37-16-3-4-17-37)36-38(29)27-19-23-8-5-7-21-6-1-2-9-26(21)28(23)35-34-27/h1-2,6,9-10,13,18-19,25H,3-5,7-8,11-12,14-17H2,(H3,31,32,33,36)/t25-/m0/s1",26774,Nc1nc(Nc2ccc3CC[C@@H](CCc3c2)N4CCCC4)nn1c5cc6CCCc7ccccc7c6nn5,NA
Input,CVF-SUMO-11,-0.23329473,InputSig,NA,NA,LINCSCP_27279,HT29,10uM,6h,large intestine,NA,NA,KHAJVRBVKPILIO-UHFFFAOYSA-N,"InChI=1S/C19H20FNO/c20-17-10-8-16(9-11-17)19(22)18(14-21-12-4-5-13-21)15-6-2-1-3-7-15/h1-3,6-11,18H,4-5,12-14H2",6485,Fc1ccc(cc1)C(=O)C(CN2CCCC2)c3ccccc3,NA
Input,BRD-K78738487,-0.23319653,InputSig,NA,NA,LINCSCP_59920,VCAP,5uM,24h,prostate,NA,NA,OTRZZVMKCVISTM-OJLQRUNKSA-N,"InChI=1S/C27H33FN4O5/c1-16-13-32(17(2)15-33)26(35)22-12-21(29-25(34)18-4-5-18)10-11-23(22)37-24(16)14-31(3)27(36)30-20-8-6-19(28)7-9-20/h6-12,16-18,24,33H,4-5,13-15H2,1-3H3,(H,29,34)(H,30,36)/t16-,17-,24+/m1/s1",13591,C[C@H](CO)N1C[C@@H](C)[C@H](CN(C)C(=O)Nc2ccc(F)cc2)Oc3ccc(NC(=O)C4CC4)cc3C1=O,NA
Input,ETOPOSIDE,-0.23316981,InputSig,NA,NA,LINCSCP_138451,MCF7,3.33uM,24h,breast,DNA topoisomerase II inhibitor,TOP2A|TOP2B,VJJPUSNTGOMMGY-GEGAHKOSSA-N,"InChI=1S/C29H32O13/c1-11-36-9-20-27(40-11)24(31)25(32)29(41-20)42-26-14-7-17-16(38-10-39-17)6-13(14)21(22-15(26)8-37-28(22)33)12-4-18(34-2)23(30)19(5-12)35-3/h4-7,11,15,20-22,24-27,29-32H,8-10H2,1-3H3/t11?,15?,20-,21-,22+,24-,25-,26?,27-,29?/m1/s1",27072,COc1cc(cc(OC)c1O)[C@H]2[C@@H]3C(COC3=O)C(OC4O[C@@H]5COC(C)O[C@H]5[C@H](O)[C@H]4O)c6cc7OCOc7cc26,NA
Input,BRD-K37612077,-0.2330501,InputSig,NA,NA,LINCSCP_63076,VCAP,5uM,24h,prostate,NA,NA,ANDSQWRABKLSGR-QYZOEREBSA-N,"InChI=1S/C19H22N2O/c20-12-17-19(18(13-22)21-17)16-10-8-15(9-11-16)7-6-14-4-2-1-3-5-14/h8-11,14,17-19,21-22H,1-5,13H2/t17-,18+,19+/m1/s1",23946,OC[C@@H]1N[C@H](C#N)[C@@H]1c2ccc(cc2)C#CC3CCCCC3,NA
Input,MLS003128611,-0.23295955,InputSig,NA,NA,LINCSCP_57626,VCAP,10uM,6h,prostate,NA,NA,YKFITDVTDUOHEH-UHFFFAOYSA-N,"InChI=1S/C25H22N8OS/c1-2-4-17-12-20-19(11-16(17)3-1)28-21(29-20)13-26-23-22-24(33(15-27-22)18-5-10-35-14-18)31-25(30-23)32-6-8-34-9-7-32/h1-5,10-12,14-15H,6-9,13H2,(H,28,29)(H,26,30,31)",15414,C(Nc1nc(nc2c1ncn2c3ccsc3)N4CCOCC4)c5nc6cc7ccccc7cc6[nH]5,NA
Input,ZSTK 474,-0.23286094,InputSig,NA,NA,LINCSCP_145910,MDAMB231,3.33uM,3h,NA,PI3K inhibitor,PIK3CG,HGVNLRPZOWWDKD-UHFFFAOYSA-N,"InChI=1S/C19H21F2N7O2/c20-15(21)16-22-13-3-1-2-4-14(13)28(16)19-24-17(26-5-9-29-10-6-26)23-18(25-19)27-7-11-30-12-8-27/h1-4,15H,5-12H2",15126,FC(F)c1nc2ccccc2n1c3nc(nc(n3)N4CCOCC4)N5CCOCC5,NA
Input,SR-02000000238,-0.23277087,InputSig,NA,NA,LINCSCP_45950,PC3,10uM,24h,prostate,NA,NA,QSVJKTIWOLSLAA-UHFFFAOYSA-N,"InChI=1S/C19H15F2NO2/c1-11-4-3-5-12(2)18(11)22-19(23)17-9-8-16(24-17)14-10-13(20)6-7-15(14)21/h3-10H,1-2H3,(H,22,23)",18213,Cc1cccc(C)c1NC(=O)c2oc(cc2)c3cc(F)ccc3F,NA
Input,MLS002703112,-0.23252023,InputSig,NA,NA,LINCSCP_46013,PC3,10uM,6h,prostate,NA,NA,LLAPOGNBVGIRHM-UHFFFAOYSA-N,"InChI=1S/C28H26N2PS/c1-23-28(31(32,25-15-7-3-8-16-25)26-17-9-4-10-18-26)30-21-12-11-19-27(30)29(23)22-20-24-13-5-2-6-14-24/h2-19,21H,20,22H2,1H3/q+1",35756,Cc1c(n2ccccc2[n+]1CCc3ccccc3)P(=S)(c4ccccc4)c5ccccc5,NA
Input,BRD-K00256608,-0.2323855,InputSig,NA,NA,LINCSCP_43086,NPC,10uM,24h,neural progenitor cells,NA,NA,OEVRCWMHWGKQED-BSRJHKFKSA-N,"InChI=1S/C24H33ClFN3O3/c1-17(13-29(18(2)16-30)14-19-7-5-6-8-22(19)25)23(32-4)15-28(3)24(31)27-21-11-9-20(26)10-12-21/h5-12,17-18,23,30H,13-16H2,1-4H3,(H,27,31)/t17-,18-,23-/m0/s1",2153,CO[C@@H](CN(C)C(=O)Nc1ccc(F)cc1)[C@@H](C)CN(Cc2ccccc2Cl)[C@@H](C)CO,NA
Input,MLS003128614,-0.23234822,InputSig,NA,NA,LINCSCP_1363,A375,10uM,24h,skin,NA,NA,XUHNVGCKTKHKED-UHFFFAOYSA-N,"InChI=1S/C21H19N9O3S/c31-30(32)13-1-2-15-16(9-13)25-17(24-15)10-22-19-18-20(29(12-23-18)14-3-8-34-11-14)27-21(26-19)28-4-6-33-7-5-28/h1-3,8-9,11-12H,4-7,10H2,(H,24,25)(H,22,26,27)",514,[O-][N+](=O)c1ccc2[nH]c(CNc3nc(nc4c3ncn4c5ccsc5)N6CCOCC6)nc2c1,NA
Input,Diphenyleneiodonium,-0.23196789,InputSig,NA,NA,LINCSCP_33521,MCF7,10uM,6h,breast,Nitric oxide synthase inhibitor,NOS2|NOS3,QFXKXRXFBRLLPQ-UHFFFAOYSA-N,InChI=1S/C12H8I/c1-3-7-11-9(5-1)10-6-2-4-8-12(10)13-11/h1-8H/q+1,15838,c1ccc2c(c1)[i+]c3ccccc23,NA
Input,Belinostat,-0.23186353,InputSig,NA,NA,LINCSCP_118541,HT29,1.11uM,24h,large intestine,HDAC inhibitor,HDAC1|HDAC10|HDAC11|HDAC2|HDAC3|HDAC4|HDAC5|HDAC6|HDAC7|HDAC8|HDAC9,NCNRHFGMJRPRSK-MDZDMXLPSA-N,"InChI=1S/C15H14N2O4S/c18-15(16-19)10-9-12-5-4-8-14(11-12)22(20,21)17-13-6-2-1-3-7-13/h1-11,17,19H,(H,16,18)/b10-9+",17039,ONC(=O)\C=C\c1cccc(c1)S(=O)(=O)Nc2ccccc2,4
Input,Regorafenib,-0.23179265,InputSig,NA,NA,LINCSCP_129319,HUVEC,1.11uM,24h,umbilical vein,Discoidin domain-containing receptor 2 inhibitor|Fibroblast growth factor receptor 1 inhibitor|Fibroblast growth factor receptor 2 inhibitor|MAP kinase p38 beta inhibitor|Platelet-derived growth factor receptor inhibitor|Serine/threonine-protein kinase B-raf inhibitor|Serine/threonine-protein kinase RAF inhibitor|Stem cell growth factor receptor inhibitor|Tyrosine-protein kinase ABL inhibitor|Tyrosine-protein kinase FRK inhibitor|Tyrosine-protein kinase receptor RET inhibitor|Tyrosine-protein kinase TIE-2 inhibitor|Vascular endothelial growth factor receptor inhibitor,ABL1|BRAF|DDR2|FGFR1|FGFR2|FLT1|FLT4|FRK|KDR|KIT|MAPK11|PDGFRA|PDGFRB|RAF1|RET|TEK,FNHKPVJBJVTLMP-UHFFFAOYSA-N,"InChI=1S/C21H15ClF4N4O3/c1-27-19(31)18-10-13(6-7-28-18)33-12-3-5-17(16(23)9-12)30-20(32)29-11-2-4-15(22)14(8-11)21(24,25)26/h2-10H,1H3,(H,27,31)(H2,29,30,32)",35296,CNC(=O)c1cc(Oc2ccc(NC(=O)Nc3ccc(Cl)c(c3)C(F)(F)F)c(F)c2)ccn1,4
Input,LBH-589,-0.23177448,InputSig,NA,NA,LINCSCP_43377,NPC,10uM,6h,neural progenitor cells,HDAC inhibitor,NA,NA,NA,42724,NA,NA
Input,SMP2_000081,-0.23168687,InputSig,NA,NA,LINCSCP_925,A375,20uM,6h,skin,Calcineurin inhibitor,FKBP1A,KDEJOJSUWQBZSP-JWZPFBAESA-N,"InChI=1S/C45H71NO12/c1-10-13-32-19-26(2)18-27(3)20-33(54-7)24-40-39(56-9)22-29(5)45(53,58-40)42(50)43(51)46-17-12-11-14-34(46)44(52)57-41(30(6)36(48)25-37(32)49)28(4)21-31-15-16-35(47)38(23-31)55-8/h10,19,21,27,29-36,38-41,47-48,53H,1,11-18,20,22-25H2,2-9H3/b26-19-,28-21+/t27-,29+,30+,31-,32+,33-,34-,35+,36-,38+,39-,40+,41+,45+/m0/s1",5382,CO[C@H]1C[C@@H](C)C\C(=C/[C@@H](CC=C)C(=O)C[C@H](O)[C@@H](C)[C@H](OC(=O)[C@@H]2CCCCN2C(=O)C(=O)[C@]3(O)O[C@H](C1)[C@H](C[C@H]3C)OC)\C(=C\[C@@H]4CC[C@@H](O)[C@@H](C4)OC)\C)\C,NA
Input,BRD-K69888333,-0.23155919,InputSig,NA,NA,LINCSCP_49878,PHH,10uM,24h,NA,NA,NA,UIWHTZIAIXNFGN-XUKQSAIQSA-N,"InChI=1S/C40H42N6O5S/c1-25-21-46(26(2)24-47)40(50)31-7-6-10-34(44-38(49)29-15-17-30(18-16-29)39-42-19-20-52-39)36(31)51-35(25)23-45(3)22-27-11-13-28(14-12-27)37(48)43-33-9-5-4-8-32(33)41/h4-20,25-26,35,47H,21-24,41H2,1-3H3,(H,43,48)(H,44,49)/t25-,26+,35-/m0/s1",13347,C[C@H](CO)N1C[C@H](C)[C@H](CN(C)Cc2ccc(cc2)C(=O)Nc3ccccc3N)Oc4c(NC(=O)c5ccc(cc5)c6nccs6)cccc4C1=O,NA
Input,CHEMBL2139291,-0.23152989,InputSig,NA,NA,LINCSCP_47153,PC3,10uM,24h,prostate,NA,NA,XHCFGJIATIGRMD-PHLCOOFXSA-N,"InChI=1S/C37H42N6O5/c1-24-20-43(25(2)23-44)36(46)29-12-9-15-32(41-37(47)39-28-10-5-4-6-11-28)34(29)48-33(24)22-42(3)21-26-16-18-27(19-17-26)35(45)40-31-14-8-7-13-30(31)38/h4-19,24-25,33,44H,20-23,38H2,1-3H3,(H,40,45)(H2,39,41,47)/t24-,25-,33+/m1/s1",19807,C[C@H](CO)N1C[C@@H](C)[C@H](CN(C)Cc2ccc(cc2)C(=O)Nc3ccccc3N)Oc4c(NC(=O)Nc5ccccc5)cccc4C1=O,NA
Input,SU 11274,-0.23149779,InputSig,NA,NA,LINCSCP_2292,A375,10uM,6h,skin,Hepatocyte growth factor receptor inhibitor|Tyrosine kinase inhibitor,MET,FPYJSJDOHRDAMT-KQWNVCNZSA-N,"InChI=1S/C28H30ClN5O4S/c1-17-25(30-18(2)26(17)28(36)34-12-10-32(3)11-13-34)16-23-22-15-21(8-9-24(22)31-27(23)35)39(37,38)33(4)20-7-5-6-19(29)14-20/h5-9,14-16,30H,10-13H2,1-4H3,(H,31,35)/b23-16-",17494,CN(c1cccc(Cl)c1)S(=O)(=O)c2ccc3NC(=O)\C(=C/c4[nH]c(C)c(C(=O)N5CCN(C)CC5)c4C)\c3c2,NA
Input,CCG-214295,-0.23149194,InputSig,NA,NA,LINCSCP_7547,A549,10uM,24h,lung,NA,NA,ZXHLDNILIVGKPC-XVHXIHMNSA-N,"InChI=1S/C26H30O5/c1-22(2)16-6-11-24(4)17(23(16,3)10-8-18(22)27)7-12-25(5)19(15-9-13-29-14-15)30-21(28)20-26(24,25)31-20/h6,8-11,13-14,16-17,19-20H,7,12H2,1-5H3/t16?,17?,19-,20+,23-,24+,25-,26-/m0/s1",22211,CC1(C)C2C=C[C@]3(C)C(CC[C@@]4(C)[C@@H](OC(=O)[C@H]5O[C@@]345)c6cocc6)[C@@]2(C)C=CC1=O,NA
Input,BRD-K35188965,-0.2313626,InputSig,NA,NA,LINCSCP_62277,VCAP,5uM,24h,prostate,NA,NA,YLZXNIXKCHRFQK-OQBJRAFVSA-N,"InChI=1S/C21H28N2O7/c1-27-12-19(25)22-13-2-3-17-15(8-13)16-9-14(29-18(11-24)21(16)30-17)10-20(26)23-4-6-28-7-5-23/h2-3,8,14,16,18,21,24H,4-7,9-12H2,1H3,(H,22,25)/t14-,16-,18-,21+/m1/s1",5176,COCC(=O)Nc1ccc2O[C@@H]3[C@@H](CO)O[C@@H](CC(=O)N4CCOCC4)C[C@@H]3c2c1,NA
Input,PF750,-0.23125828,InputSig,NA,NA,LINCSCP_21765,HEPG2,80uM,6h,liver,FAAH inhibitor,FAAH,BIODYGOZWZNCAG-UHFFFAOYSA-N,"InChI=1S/C22H23N3O/c26-22(24-20-7-2-1-3-8-20)25-12-10-17(11-13-25)14-18-15-19-6-4-5-9-21(19)23-16-18/h1-9,15-17H,10-14H2,(H,24,26)",36700,O=C(Nc1ccccc1)N2CCC(Cc3cnc4ccccc4c3)CC2,NA
Input,BRD-K84528570,-0.23102406,InputSig,NA,NA,LINCSCP_3634,A375,10uM,24h,skin,NA,NA,LMYACBAJSFEPOG-GLPSKGHJSA-N,"InChI=1S/C35H47N5O5/c1-25-21-40(26(2)24-41)34(42)31-20-30(38-35(43)37-29-11-6-5-7-12-29)13-14-32(31)45-27(3)10-8-9-19-44-33(25)23-39(4)22-28-15-17-36-18-16-28/h5-7,11-18,20,25-27,33,41H,8-10,19,21-24H2,1-4H3,(H2,37,38,43)/t25-,26+,27-,33-/m1/s1",5129,C[C@@H](CO)N1C[C@@H](C)[C@@H](CN(C)Cc2ccncc2)OCCCC[C@@H](C)Oc3ccc(NC(=O)Nc4ccccc4)cc3C1=O,NA
Input,Hypericin,-0.23101403,InputSig,NA,NA,LINCSCP_71283,A375,10uM,24h,skin,Tyrosine kinase inhibitor,NA,BTXNYTINYBABQR-UHFFFAOYSA-N,"InChI=1S/C30H16O8/c1-7-3-9(31)19-23-15(7)16-8(2)4-10(32)20-24(16)28-26-18(12(34)6-14(36)22(26)30(20)38)17-11(33)5-13(35)21(29(19)37)25(17)27(23)28/h3-6,31-36H,1-2H3",15536,Cc1cc(O)c2C(=O)c3c(O)cc(O)c4c5c(O)cc(O)c6C(=O)c7c(O)cc(C)c8c1c2c(c34)c(c78)c56,NA
Input,Tubastatin A,-0.23083767,InputSig,NA,NA,LINCSCP_49266,PC3,10uM,6h,prostate,HDAC inhibitor,HDAC6,GOVYBPLHWIEHEJ-UHFFFAOYSA-N,"InChI=1S/C20H21N3O2/c1-22-11-10-19-17(13-22)16-4-2-3-5-18(16)23(19)12-14-6-8-15(9-7-14)20(24)21-25/h2-9,25H,10-13H2,1H3,(H,21,24)",29113,CN1CCc2c(C1)c3ccccc3n2Cc4ccc(cc4)C(=O)NO,NA
Input,Phenolphthalein,-0.23069418,InputSig,NA,NA,LINCSCP_32882,MCF7,10uM,24h,breast,Indicator dye,NA,KJFMBFZCATUALV-UHFFFAOYSA-N,"InChI=1S/C20H14O4/c21-15-9-5-13(6-10-15)20(14-7-11-16(22)12-8-14)18-4-2-1-3-17(18)19(23)24-20/h1-12,21-22H",30552,Oc1ccc(cc1)C2(OC(=O)c3ccccc23)c4ccc(O)cc4,4
Input,Chlorprothixene,-0.23067653,InputSig,NA,NA,LINCSCP_19123,HCC515,10uM,6h,lung,Dopamine receptor antagonist,DRD2|DRD3|HTR2A|HTR2C,WSPOMRSOLSGNFJ-VGOFMYFVSA-N,"InChI=1S/C18H18ClNS/c1-20(2)11-5-7-14-15-6-3-4-8-17(15)21-18-10-9-13(19)12-16(14)18/h3-4,6-10,12H,5,11H2,1-2H3/b14-7+",1941,CN(C)CC\C=C\1/c2ccccc2Sc3ccc(Cl)cc13,NA
Input,Chlorprothixene,-0.23067653,InputSig,NA,NA,LINCSCP_19123,HCC515,10uM,6h,lung,Dopamine receptor antagonist,DRD2|DRD3|HTR2A|HTR2C,WSPOMRSOLSGNFJ-UHFFFAOYSA-N,"InChI=1S/C18H18ClNS/c1-20(2)11-5-7-14-15-6-3-4-8-17(15)21-18-10-9-13(19)12-16(14)18/h3-4,6-10,12H,5,11H2,1-2H3",22856,CN(C)CCC=C1c2ccccc2Sc3ccc(Cl)cc13,NA
Input,CHEMBL2355494,-0.23060152,InputSig,NA,NA,LINCSCP_60189,VCAP,5uM,24h,prostate,NA,NA,PIKMQEDGBFJLCE-NOMHHCBYSA-N,"InChI=1S/C28H38N2O7S2/c1-20-17-30(21(2)19-31)39(34,35)28-14-13-23(22-9-6-5-7-10-22)15-26(28)37-27(20)18-29(3)38(32,33)25-12-8-11-24(16-25)36-4/h8-9,11-16,20-21,27,31H,5-7,10,17-19H2,1-4H3/t20-,21-,27+/m0/s1",16744,COc1cccc(c1)S(=O)(=O)N(C)C[C@H]2Oc3cc(ccc3S(=O)(=O)N(C[C@@H]2C)[C@@H](C)CO)C4=CCCCC4,NA
Input,BRD-K92209998,-0.2303654,InputSig,NA,NA,LINCSCP_61384,VCAP,5uM,6h,prostate,NA,NA,RAFMLKNPZZMZRA-IQLGONJTSA-N,"InChI=1S/C33H39N3O6/c1-22-18-36(31(37)21-40-4)23(2)20-42-29-16-15-27(17-28(29)33(39)35(3)19-30(22)41-5)34-32(38)26-13-11-25(12-14-26)24-9-7-6-8-10-24/h6-17,22-23,30H,18-21H2,1-5H3,(H,34,38)/t22-,23-,30-/m1/s1",25253,COCC(=O)N1C[C@@H](C)[C@@H](CN(C)C(=O)c2cc(NC(=O)c3ccc(cc3)c4ccccc4)ccc2OC[C@H]1C)OC,NA
Input,Dexamethasone Acetate,-0.2302756,InputSig,NA,NA,LINCSCP_179959,A375,10uM,6h,skin,Corticosteroid agonist|Cytochrome P450 inhibitor|Glucocorticoid receptor agonist,NR3C1,AKUJBENLRBOFTD-HIBZCRSPSA-N,"InChI=1S/C24H31FO6/c1-13-9-18-17-6-5-15-10-16(27)7-8-21(15,3)23(17,25)19(28)11-22(18,4)24(13,30)20(29)12-31-14(2)26/h7-8,10,13,17-19,28,30H,5-6,9,11-12H2,1-4H3/t13-,17?,18?,19+,21+,22+,23+,24+/m1/s1",22199,C[C@@H]1CC2C3CCC4=CC(=O)C=C[C@]4(C)[C@@]3(F)[C@@H](O)C[C@]2(C)[C@@]1(O)C(=O)COC(=O)C,NA
Input,Loperamide,-0.23021281,InputSig,NA,NA,LINCSCP_123277,HT29,10uM,24h,large intestine,Mu opioid receptor agonist,OPRD1|OPRM1,RDOIQAHITMMDAJ-UHFFFAOYSA-N,"InChI=1S/C29H33ClN2O2/c1-31(2)27(33)29(24-9-5-3-6-10-24,25-11-7-4-8-12-25)19-22-32-20-17-28(34,18-21-32)23-13-15-26(30)16-14-23/h3-16,34H,17-22H2,1-2H3",15788,CN(C)C(=O)C(CCN1CCC(O)(CC1)c2ccc(Cl)cc2)(c3ccccc3)c4ccccc4,4
Input,SPECTRUM_000403,-0.23016458,InputSig,NA,NA,LINCSCP_173065,YAPC,1.11uM,24h,pancreas,Glucocorticoid receptor agonist,NR3C1,POPFMWWJOGLOIF-KYSSJFEUSA-N,"InChI=1S/C24H33FO6/c1-21(2)30-19-9-14-13-8-16(25)15-7-12(27)5-6-22(15,3)20(13)17(28)10-23(14,4)24(19,31-21)18(29)11-26/h7,13-14,16-17,19-20,26,28H,5-6,8-11H2,1-4H3/t13?,14?,16-,17-,19+,20?,22-,23-,24+/m0/s1",399,CC1(C)O[C@@H]2CC3C4C[C@H](F)C5=CC(=O)CC[C@]5(C)C4[C@@H](O)C[C@]3(C)[C@@]2(O1)C(=O)CO,NA
Input,CHEMBL27449,-0.23004153,InputSig,NA,NA,LINCSCP_41175,NEU,10uM,24h,NA,GGTase inhibitor,NA,PKMVDYSKPDHRLR-KOSHJBKYSA-N,"InChI=1S/C26H31N3O3S/c1-16(2)12-24(26(31)32)29-25(30)22-11-10-19(28-14-18(27)15-33)13-23(22)21-9-5-7-17-6-3-4-8-20(17)21/h3-11,13,16,18,24,28,33H,12,14-15,27H2,1-2H3,(H,29,30)(H,31,32)/t18-,24+/m1/s1",19467,CC(C)C[C@H](NC(=O)c1ccc(NC[C@@H](N)CS)cc1c2cccc3ccccc23)C(=O)O,NA
Input,Idelalisib,-0.22999586,InputSig,NA,NA,LINCSCP_147698,NPC.CAS9,0.04uM,24h,NA,PI3K inhibitor,PIK3CD|PIK3CG,IFSDAJWBUCMOAH-HNNXBMFYSA-N,"InChI=1S/C22H18FN7O/c1-2-15(28-20-18-19(25-11-24-18)26-12-27-20)21-29-16-10-6-9-14(23)17(16)22(31)30(21)13-7-4-3-5-8-13/h3-12,15H,2H2,1H3,(H2,24,25,26,27,28)/t15-/m0/s1",15179,CC[C@H](Nc1ncnc2[nH]cnc12)C3=Nc4cccc(F)c4C(=O)N3c5ccccc5,4
Input,BRD-K28026280-001-01-7,-0.22996835,InputSig,NA,NA,LINCSCP_47783,PC3,10uM,24h,prostate,HMGCR inhibitor,HMGCR,RYMZZMVNJRMUDD-HFFZACBOSA-N,"InChI=1S/C25H38O5/c1-6-25(4,5)24(28)30-21-12-15(2)11-17-8-7-16(3)20(23(17)21)10-9-19-13-18(26)14-22(27)29-19/h7-8,11,15-16,18-21,23,26H,6,9-10,12-14H2,1-5H3/t15-,16-,18+,19+,20+,21-,23+/m0/s1",1591,CCC(C)(C)C(=O)O[C@H]1C[C@@H](C)C=C2C=C[C@H](C)[C@@H](CC[C@@H]3C[C@@H](O)CC(=O)O3)[C@H]12,NA
Input,LY2874455,-0.22996507,InputSig,NA,NA,LINCSCP_71574,A375,0.12uM,24h,skin,NA,NA,GKJCVYLDJWTWQU-CXLRFSCWSA-N,"InChI=1S/C21H19Cl2N5O2/c1-13(21-17(22)10-24-11-18(21)23)30-15-3-5-20-16(8-15)19(26-27-20)4-2-14-9-25-28(12-14)6-7-29/h2-5,8-13,29H,6-7H2,1H3,(H,26,27)/b4-2+/t13-/m1/s1",26859,C[C@@H](Oc1ccc2[nH]nc(\C=C\c3cnn(CCO)c3)c2c1)c4c(Cl)cncc4Cl,NA
Input,BRD-K66689236,-0.22995137,InputSig,NA,NA,LINCSCP_62468,VCAP,5uM,24h,prostate,NA,NA,GAKFIKLLFOVZGV-DCCOOJGFSA-N,"InChI=1S/C27H32FN3O5/c28-21-8-4-5-9-22(21)31-27(34)30-17-10-11-23-19(12-17)20-13-18(35-24(15-32)26(20)36-23)14-25(33)29-16-6-2-1-3-7-16/h4-5,8-12,16,18,20,24,26,32H,1-3,6-7,13-15H2,(H,29,33)(H2,30,31,34)/t18-,20-,24+,26+/m0/s1",4019,OC[C@H]1O[C@H](CC(=O)NC2CCCCC2)C[C@@H]3[C@H]1Oc4ccc(NC(=O)Nc5ccccc5F)cc34,NA
Input,BRD-K89020690,-0.22994907,InputSig,NA,NA,LINCSCP_66059,VCAP,1uM,24h,prostate,NA,NA,SUHQAMSFJCSMJM-KABRZNFWSA-N,"InChI=1S/C30H36F3N5O5/c1-17-13-38(18(2)16-39)28(40)24-12-23(34-29(41)35-27-19(3)36-43-20(27)4)10-11-25(24)42-26(17)15-37(5)14-21-6-8-22(9-7-21)30(31,32)33/h6-12,17-18,26,39H,13-16H2,1-5H3,(H2,34,35,41)/t17-,18-,26+/m1/s1",13856,C[C@H](CO)N1C[C@@H](C)[C@H](CN(C)Cc2ccc(cc2)C(F)(F)F)Oc3ccc(NC(=O)Nc4c(C)onc4C)cc3C1=O,NA
Input,CHEMBL2359019,-0.22989615,InputSig,NA,NA,LINCSCP_50504,PHH,10uM,6h,NA,NA,NA,BSKZHQCAOYVBFU-RMDSEJHCSA-N,"InChI=1S/C30H36FN3O5/c1-34-25-12-11-23(16-28(35)32-17-19-6-3-2-4-7-19)39-27(25)18-38-26-13-10-22(15-24(26)30(34)37)33-29(36)20-8-5-9-21(31)14-20/h5,8-10,13-15,19,23,25,27H,2-4,6-7,11-12,16-18H2,1H3,(H,32,35)(H,33,36)/t23-,25-,27-/m0/s1",16649,CN1[C@H]2CC[C@@H](CC(=O)NCC3CCCCC3)O[C@H]2COc4ccc(NC(=O)c5cccc(F)c5)cc4C1=O,NA
Input,MLS003568130,-0.22984231,InputSig,NA,NA,LINCSCP_31136,MCF7,10uM,24h,breast,NA,NA,ACESCAOJCUGDGU-UHFFFAOYSA-N,"InChI=1S/C22H18N6/c23-21-25-18-12-6-7-13-19(18)28(21)22-26-17-11-5-4-10-16(17)20(27-22)24-14-15-8-2-1-3-9-15/h1-13H,14H2,(H2,23,25)(H,24,26,27)",22608,Nc1nc2ccccc2n1c3nc(NCc4ccccc4)c5ccccc5n3,NA
Input,SB225002,-0.22976144,InputSig,NA,NA,LINCSCP_50631,PL21,10uM,6h,haematopoietic and lymphoid tissue,CC chemokine receptor antagonist,CXCR2,MQBZVUNNWUIPMK-UHFFFAOYSA-N,"InChI=1S/C13H10BrN3O4/c14-9-3-1-2-4-10(9)15-13(19)16-11-6-5-8(17(20)21)7-12(11)18/h1-7,18H,(H2,15,16,19)",15790,Oc1cc(ccc1NC(=O)Nc2ccccc2Br)[N+](=O)[O-],NA
Input,Myricetin,-0.22963772,InputSig,NA,NA,LINCSCP_273651,PC3,10uM,6h,prostate,Androgen receptor agonist|Cytochrome P450 inhibitor,PIK3CG,IKMDFBPHZNJCSN-UHFFFAOYSA-N,"InChI=1S/C15H10O8/c16-6-3-7(17)11-10(4-6)23-15(14(22)13(11)21)5-1-8(18)12(20)9(19)2-5/h1-4,16-20,22H",15651,OC1=C(Oc2cc(O)cc(O)c2C1=O)c3cc(O)c(O)c(O)c3,NA
Input,Ciclopirox,-0.22948242,InputSig,NA,NA,LINCSCP_47615,PC3,10uM,24h,prostate,Membrane integrity inhibitor,ATP1A1,SCKYRAXSEDYPSA-UHFFFAOYSA-N,"InChI=1S/C12H17NO2/c1-9-7-11(13(15)12(14)8-9)10-5-3-2-4-6-10/h7-8,10,15H,2-6H2,1H3",16345,CC1=CC(=O)N(O)C(=C1)C2CCCCC2,4
Input,Troxipide,-0.22944262,InputSig,NA,NA,LINCSCP_178679,A375,10uM,6h,skin,Glucosamine synthetase stimulant,NA,YSIITVVESCNIPR-UHFFFAOYSA-N,"InChI=1S/C15H22N2O4/c1-19-12-7-10(8-13(20-2)14(12)21-3)15(18)17-11-5-4-6-16-9-11/h7-8,11,16H,4-6,9H2,1-3H3,(H,17,18)",9986,COc1cc(cc(OC)c1OC)C(=O)NC2CCCNC2,NA
Input,AC1N6AX4,-0.22931128,InputSig,NA,NA,LINCSCP_55571,VCAP,10uM,24h,prostate,NA,NA,PSPANKCQVWSVHM-UHFFFAOYSA-N,"InChI=1S/C33H32N2O3/c36-26-13-12-22-16-27-33(37)17-24-23-8-4-5-9-25(23)35(19-20-6-2-1-3-7-20)29(24)31-32(33,28(22)30(26)38-31)14-15-34(27)18-21-10-11-21/h1-9,12-13,21,27,31,36-37H,10-11,14-19H2",22149,Oc1ccc2CC3N(CC4CC4)CCC56C(Oc1c25)c7c(CC36O)c8ccccc8n7Cc9ccccc9,NA
Input,BS-181,-0.22925802,InputSig,NA,NA,LINCSCP_164511,SKL.C,10uM,24h,NA,NA,NA,DNYBIOICMDTDAP-UHFFFAOYSA-N,"InChI=1S/C22H32N6/c1-17(2)19-16-26-28-21(25-15-18-10-6-5-7-11-18)14-20(27-22(19)28)24-13-9-4-3-8-12-23/h5-7,10-11,14,16-17,25H,3-4,8-9,12-13,15,23H2,1-2H3,(H,24,27)",14197,CC(C)c1cnn2c(NCc3ccccc3)cc(NCCCCCCN)nc12,NA
Input,"15-Benzyl-4-cyclopropylmethyl-10,17-dihydroxy-(1S,13R,15R,17S)-12-oxa-4-azapentacyclo[9.6.1.01,13.05,17.07,18]octadeca-7,9,11(18)-trien-14-one",-0.22924503,InputSig,NA,NA,LINCSCP_15113,HA1E,10uM,6h,kidney epithelial,Opioid receptor antagonist,OPRD1,WXOUFNFMPVMGFZ-WLNGDWEISA-N,"InChI=1S/C27H27NO4/c29-20-9-8-18-13-21-27(31)14-19(12-16-4-2-1-3-5-16)23(30)25-26(27,22(18)24(20)32-25)10-11-28(21)15-17-6-7-17/h1-5,8-9,12,17,21,25,29,31H,6-7,10-11,13-15H2/b19-12+/t21?,25-,26-,27+/m0/s1",25578,Oc1ccc2CC3N(CC4CC4)CC[C@@]56[C@@H](Oc1c25)C(=O)\C(=C\c7ccccc7)\C[C@@]36O,NA
Input,MLS000583951,-0.22917533,InputSig,NA,NA,LINCSCP_20058,HCC515,10uM,6h,lung,NA,NA,ZRDIMGZPSNNFQF-UHFFFAOYSA-N,"InChI=1S/C23H28ClN3O2/c1-16-10-11-20(13-17(16)2)27(21(28)14-24)22(18-7-6-12-25-15-18)23(29)26-19-8-4-3-5-9-19/h6-7,10-13,15,19,22H,3-5,8-9,14H2,1-2H3,(H,26,29)",35425,Cc1ccc(cc1C)N(C(C(=O)NC2CCCCC2)c3cccnc3)C(=O)CCl,NA
Input,BRD-K65148580,-0.22914404,InputSig,NA,NA,LINCSCP_28274,HT29,10uM,24h,large intestine,NA,NA,CBAAPWVHONFTKW-OBFUEJMCSA-N,"InChI=1S/C35H47F3N4O7S/c1-22-18-42(23(2)21-43)34(44)30-17-29(40-50(45,46)33-25(4)39-49-26(33)5)14-15-31(30)48-24(3)9-7-8-16-47-32(22)20-41(6)19-27-10-12-28(13-11-27)35(36,37)38/h10-15,17,22-24,32,40,43H,7-9,16,18-21H2,1-6H3/t22-,23+,24+,32+/m0/s1",33349,C[C@H](CO)N1C[C@H](C)[C@@H](CN(C)Cc2ccc(cc2)C(F)(F)F)OCCCC[C@@H](C)Oc3ccc(NS(=O)(=O)c4c(C)onc4C)cc3C1=O,NA
Input,Digitoxin,-0.22912938,InputSig,NA,NA,LINCSCP_64936,VCAP,0.5uM,24h,prostate,ATPase inhibitor,ATP1A1,WDJUZGPOPHTGOT-DTLXFLGHSA-N,"InChI=1S/C41H64O13/c1-20-36(46)29(42)16-34(49-20)53-38-22(3)51-35(18-31(38)44)54-37-21(2)50-33(17-30(37)43)52-25-8-11-39(4)24(15-25)6-7-28-27(39)9-12-40(5)26(10-13-41(28,40)47)23-14-32(45)48-19-23/h14,20-22,24-31,33-38,42-44,46-47H,6-13,15-19H2,1-5H3/t20-,21-,22-,24-,25+,26-,27+,28-,29+,30+,31+,33-,34-,35-,36-,37-,38-,39+,40-,41+/m1/s1",33583,C[C@H]1O[C@@H](C[C@H](O)[C@@H]1O)O[C@H]2[C@@H](O)C[C@@H](O[C@H]3[C@@H](O)C[C@@H](O[C@H]4CC[C@@]5(C)[C@H](CC[C@@H]6[C@@H]5CC[C@]7(C)[C@H](CC[C@]67O)C8=CC(=O)OC8)C4)O[C@@H]3C)O[C@@H]2C,NA
Input,EX-8678,-0.22912153,InputSig,NA,NA,LINCSCP_51850,SKBR3,10uM,24h,breast,MTOR inhibitor|PI3K inhibitor,NA,NPPBBAURRJGWEH-UHFFFAOYSA-N,"InChI=1S/C25H17F2N5O3S/c1-35-25-24(32-36(33,34)23-5-3-17(26)13-21(23)27)19(8-10-29-25)15-2-4-22-20(12-15)18(7-9-28-22)16-6-11-30-31-14-16/h2-14,32H,1H3",25592,COc1nccc(c1NS(=O)(=O)c2ccc(F)cc2F)c3ccc4nccc(c5ccnnc5)c4c3,NA
Input,BRD-K94241935,-0.22909705,InputSig,NA,NA,LINCSCP_62191,VCAP,5uM,24h,prostate,NA,NA,SBFIZHFYYISGJV-ORYQWCPZSA-N,"InChI=1S/C22H27FN2O5S/c1-15-6-9-17(10-7-15)31(28,29)25-20-11-8-16(30-21(20)14-26)12-13-24-22(27)18-4-2-3-5-19(18)23/h2-7,9-10,16,20-21,25-26H,8,11-14H2,1H3,(H,24,27)/t16-,20-,21+/m0/s1",4732,Cc1ccc(cc1)S(=O)(=O)N[C@H]2CC[C@@H](CCNC(=O)c3ccccc3F)O[C@@H]2CO,NA
Input,MLS003429130,-0.22906624,InputSig,NA,NA,LINCSCP_177798,A375,10uM,24h,skin,NA,NA,ULGYLIIHFCGDFU-DZHGSHHNSA-N,"InChI=1S/C20H21ClFN3OS/c1-5-23-20-24(6-2)19(26)18(27-20)10-14-9-12(3)25(13(14)4)17-8-7-15(21)11-16(17)22/h7-11H,5-6H2,1-4H3/b18-10+,23-20+",17535,CCN=C1S\C(=C\c2cc(C)n(c2C)c3ccc(Cl)cc3F)\C(=O)N1CC,NA
Input,CHEMBL277800,-0.22906503,InputSig,NA,NA,LINCSCP_18088,HCC515,10uM,6h,lung,Ribonucleoside reductase inhibitor,POLA1|RRM1|RRM2,WDDPHFBMKLOVOX-UHFFFAOYSA-N,"InChI=1S/C10H11ClFN5O3/c11-10-15-7(13)5-8(16-10)17(2-14-5)9-4(12)6(19)3(1-18)20-9/h2-4,6,9,18-19H,1H2,(H2,13,15,16)",15328,Nc1nc(Cl)nc2c1ncn2C3OC(CO)C(O)C3F,NA
Input,ZM336372,-0.22887288,InputSig,NA,NA,LINCSCP_53604,SNGM,100uM,6h,endometrium,RAF inhibitor,NA,PYEFPDQFAZNXLI-UHFFFAOYSA-N,"InChI=1S/C23H23N3O3/c1-15-7-10-18(24-23(29)17-5-4-6-19(13-17)26(2)3)14-21(15)25-22(28)16-8-11-20(27)12-9-16/h4-14,27H,1-3H3,(H,24,29)(H,25,28)",16532,CN(C)c1cccc(c1)C(=O)Nc2ccc(C)c(NC(=O)c3ccc(O)cc3)c2,NA
Input,BRD-K96396151,-0.22880377,InputSig,NA,NA,LINCSCP_28318,HT29,10uM,24h,large intestine,NA,NA,BIBACOGHJXNCPI-OAQYLSRUSA-N,"InChI=1S/C25H31N3O4S/c1-17-5-4-6-19(13-17)33(30,31)28-11-9-25(10-12-28)16-26-21(15-29)24-23(25)20-8-7-18(32-3)14-22(20)27(24)2/h4-8,13-14,21,26,29H,9-12,15-16H2,1-3H3/t21-/m1/s1",14036,COc1ccc2c3c([C@@H](CO)NCC34CCN(CC4)S(=O)(=O)c5cccc(C)c5)n(C)c2c1,NA
Input,BROAD-SAI-071,-0.22876943,InputSig,NA,NA,LINCSCP_2147,A375,10uM,6h,skin,NA,NA,VKCLYFOKKNFKSX-UHFFFAOYSA-N,"InChI=1S/C25H29N5O2S/c1-29-12-14-30(15-13-29)11-10-27-24(31)18-4-6-19(7-5-18)25(32)28-22-17-20(8-9-21(22)26)23-3-2-16-33-23/h2-9,16-17H,10-15,26H2,1H3,(H,27,31)(H,28,32)",11508,CN1CCN(CCNC(=O)c2ccc(cc2)C(=O)Nc3cc(ccc3N)c4cccs4)CC1,NA
Input,AG 14361,-0.22859979,InputSig,NA,NA,LINCSCP_36072,MCF7,10uM,6h,breast,PARP inhibitor,PARP1,SEKJSSBJKFLZIT-UHFFFAOYSA-N,"InChI=1S/C19H20N4O/c1-22(2)12-13-6-8-14(9-7-13)18-21-16-5-3-4-15-17(16)23(18)11-10-20-19(15)24/h3-9H,10-12H2,1-2H3,(H,20,24)",15360,CN(C)Cc1ccc(cc1)c2nc3cccc4C(=O)NCCn2c34,NA
Input,WZ-4-145,-0.22841604,InputSig,NA,NA,LINCSCP_58976,VCAP,10uM,24h,prostate,EGFR inhibitor,NA,NA,NA,42756,NA,NA
Input,Anisomycin,-0.22835988,InputSig,NA,NA,LINCSCP_18451,HCC515,10uM,6h,lung,DNA synthesis inhibitor,NA,YKJYKKNCCRKFSL-RDBSUJKOSA-N,"InChI=1S/C14H19NO4/c1-9(16)19-14-12(15-8-13(14)17)7-10-3-5-11(18-2)6-4-10/h3-6,12-15,17H,7-8H2,1-2H3/t12-,13+,14+/m1/s1",16044,COc1ccc(C[C@H]2NC[C@H](O)[C@H]2OC(=O)C)cc1,NA
Input,BRD-K00150267,-0.22829892,InputSig,NA,NA,LINCSCP_62073,VCAP,5uM,6h,prostate,NA,NA,BOSRLBMZBBTOKS-SYYKKAFVSA-N,"InChI=1S/C24H27F2N3O4/c25-17-5-7-19(26)21(11-17)28-24(32)27-20-8-6-18(33-22(20)14-30)12-23(31)29-10-9-15-3-1-2-4-16(15)13-29/h1-5,7,11,18,20,22,30H,6,8-10,12-14H2,(H2,27,28,32)/t18-,20-,22-/m1/s1",1101,OC[C@H]1O[C@@H](CC(=O)N2CCc3ccccc3C2)CC[C@H]1NC(=O)Nc4cc(F)ccc4F,NA
Input,AC1O8PYD,-0.22824142,InputSig,NA,NA,LINCSCP_26956,HT29,10uM,6h,large intestine,Glucocorticoid receptor agonist,NR3C1,CBGUOGMQLZIXBE-DZLFUUCZSA-N,"InChI=1S/C25H32ClFO5/c1-5-21(31)32-25(20(30)13-26)14(2)10-18-17-7-6-15-11-16(28)8-9-22(15,3)24(17,27)19(29)12-23(18,25)4/h8-9,11,14,17-19,29H,5-7,10,12-13H2,1-4H3/t14-,17-,18-,19-,22-,23-,24-,25?/m0/s1",15285,CCC(=O)OC1([C@@H](C)C[C@H]2[C@@H]3CCC4=CC(=O)C=C[C@]4(C)[C@@]3(F)[C@@H](O)C[C@]12C)C(=O)CCl,NA
Input,BRD-K63000292,-0.22821242,InputSig,NA,NA,LINCSCP_28374,HT29,10uM,24h,large intestine,NA,NA,OJBHRHOQEWVARJ-KMFVSHEXSA-N,"InChI=1S/C31H34N2O6/c34-25-17-33(16-21-6-13-28-29(14-21)38-20-37-28)27-12-11-26(39-30(27)19-36-18-25)15-31(35)32-24-9-7-23(8-10-24)22-4-2-1-3-5-22/h1-10,13-14,25-27,30,34H,11-12,15-20H2,(H,32,35)/t25-,26-,27+,30-/m1/s1",921,O[C@H]1COC[C@H]2O[C@@H](CC(=O)Nc3ccc(cc3)c4ccccc4)CC[C@@H]2N(Cc5ccc6OCOc6c5)C1,NA
Input,I-BET151,-0.22813214,InputSig,NA,NA,LINCSCP_87078,CD34,1.11uM,24h,bone marrow,NA,NA,VUVUVNZRUGEAHB-CYBMUJFWSA-N,"InChI=1S/C23H21N5O3/c1-12-21(14(3)31-27-12)16-9-18-15(10-20(16)30-4)22-19(11-25-18)26-23(29)28(22)13(2)17-7-5-6-8-24-17/h5-11,13H,1-4H3,(H,26,29)/t13-/m1/s1",19910,COc1cc2c3N([C@H](C)c4ccccn4)C(=O)Nc3cnc2cc1c5c(C)onc5C,NA
Input,BRD-K11624501,-0.22811271,InputSig,NA,NA,LINCSCP_48917,PC3,10uM,24h,prostate,NA,NA,DTGXRBNGNVLSQA-VZHNYULCSA-N,"InChI=1S/C40H56N4O5/c1-28-24-44(29(2)27-45)39(46)35-23-33(41-40(47)42-36-19-12-17-32-16-8-9-18-34(32)36)20-21-37(35)49-30(3)13-10-11-22-48-38(28)26-43(4)25-31-14-6-5-7-15-31/h8-9,12,16-21,23,28-31,38,45H,5-7,10-11,13-15,22,24-27H2,1-4H3,(H2,41,42,47)/t28-,29-,30-,38-/m1/s1",11866,C[C@H](CO)N1C[C@@H](C)[C@@H](CN(C)CC2CCCCC2)OCCCC[C@@H](C)Oc3ccc(NC(=O)Nc4cccc5ccccc45)cc3C1=O,NA
Input,(S)-Zearalenone,-0.22800565,InputSig,NA,NA,LINCSCP_17083,HA1E,20uM,24h,kidney epithelial,Estrogenic metabolite,NA,MBMQEIFVQACCCH-XVNBXDOJSA-N,"InChI=1S/C18H22O5/c1-12-6-5-9-14(19)8-4-2-3-7-13-10-15(20)11-16(21)17(13)18(22)23-12/h3,7,10-12,20-21H,2,4-6,8-9H2,1H3/b7-3+",12059,CC1CCCC(=O)CCC\C=C\c2cc(O)cc(O)c2C(=O)O1,NA
Input,BRD-K62320150,-0.22799679,InputSig,NA,NA,LINCSCP_62906,VCAP,5uM,24h,prostate,NA,NA,YDHXSWOLXDIZHC-KJYLGWKASA-N,"InChI=1S/C25H35N3O6/c1-16-22(32-5)14-28(3)25(30)19-12-17(13-26)6-8-20(19)33-15-23-21(31-4)9-7-18(34-23)10-11-27(2)24(16)29/h6,8,12,16,18,21-23H,7,9-11,14-15H2,1-5H3/t16-,18-,21-,22-,23+/m0/s1",24837,CO[C@H]1CC[C@H]2CCN(C)C(=O)[C@@H](C)[C@H](CN(C)C(=O)c3cc(ccc3OC[C@H]1O2)C#N)OC,NA
Input,"2,4-Dihydroxy-d-phenylalanine",-0.22792089,InputSig,NA,NA,LINCSCP_259539,NEU,10uM,24h,NA,NA,NA,UTIMIHJZXIJZKZ-SSDOTTSWSA-N,"InChI=1S/C9H11NO4/c10-7(9(13)14)3-5-1-2-6(11)4-8(5)12/h1-2,4,7,11-12H,3,10H2,(H,13,14)/t7-/m1/s1",31676,N[C@H](Cc1ccc(O)cc1O)C(=O)O,NA
Input,Vidofludimus,-0.22783827,InputSig,NA,NA,LINCSCP_122914,HT29,10uM,24h,large intestine,NA,NA,XPRDUGXOWVXZLL-UHFFFAOYSA-N,"InChI=1S/C20H18FNO4/c1-26-14-5-2-4-12(10-14)13-8-9-18(17(21)11-13)22-19(23)15-6-3-7-16(15)20(24)25/h2,4-5,8-11H,3,6-7H2,1H3,(H,22,23)(H,24,25)",26800,COc1cccc(c1)c2ccc(NC(=O)C3=C(CCC3)C(=O)O)c(F)c2,NA
Input,SPECTRUM1505034,-0.22779714,InputSig,NA,NA,LINCSCP_14001,HA1E,10uM,24h,kidney epithelial,Paclitaxel precursor,NA,OVMSOCFBDVBLFW-IAGPSASASA-N,"InChI=1S/C31H38O11/c1-15-19(34)13-31(38)26(41-27(37)18-10-8-7-9-11-18)24-29(6,20(35)12-21-30(24,14-39-21)42-17(3)33)25(36)23(40-16(2)32)22(15)28(31,4)5/h7-11,19-21,23-24,26,34-35,38H,12-14H2,1-6H3/t19-,20-,21+,23+,24?,26-,29+,30-,31+/m0/s1",22470,CC(=O)O[C@H]1C(=O)[C@]2(C)[C@@H](O)C[C@H]3OC[C@@]3(OC(=O)C)C2[C@H](OC(=O)c4ccccc4)[C@]5(O)C[C@H](O)C(=C1C5(C)C)C,NA
Input,PD-407824,-0.22773633,InputSig,NA,NA,LINCSCP_55844,VCAP,10uM,6h,prostate,PKC inhibitor,NA,IAUZTOZLTFSMIE-UHFFFAOYSA-N,"InChI=1S/C20H12N2O3/c23-11-6-7-14-13(8-11)16-15(21-14)9-12(10-4-2-1-3-5-10)17-18(16)20(25)22-19(17)24/h1-9,21,23H,(H,22,24,25)",15980,Oc1ccc2[nH]c3cc(c4ccccc4)c5C(=O)NC(=O)c5c3c2c1,NA
Input,Trimipramine,-0.22772081,InputSig,NA,NA,LINCSCP_241009,MCF7,10uM,24h,breast,Histamine H1 receptor antagonist|Dopamine D2 receptor antagonist|Serotonin 2a (5-HT2a) receptor antagonist (Serotonin 2a|Serotonin 2c (5-HT2c) receptor antagonist (Serotonin 2c|Norepinephrine transporter inhibitor|Adrenergic receptor alpha-1 antagonist,ADRA1A|ADRA1B|ADRA1D|DRD2|HRH1|HTR2A|HTR2C|SLC6A2|SLC6A3|SLC6A4,ZSCDBOWYZJWBIY-UHFFFAOYSA-N,"InChI=1S/C20H26N2/c1-16(14-21(2)3)15-22-19-10-6-4-8-17(19)12-13-18-9-5-7-11-20(18)22/h4-11,16H,12-15H2,1-3H3",15198,CC(CN(C)C)CN1c2ccccc2CCc3ccccc13,4
Input,SCHEMBL17052537,-0.22770902,InputSig,NA,NA,LINCSCP_163605,SKBR3,0.04uM,24h,breast,MTOR inhibitor,BTK|JAK3|MKNK2|MTOR|PRKDC,JMVDIGHUQAXWIE-UHFFFAOYSA-N,"InChI=1S/C25H19N5O2/c1-3-23(31)29-22-11-19(7-4-15(22)2)30-24(32)9-6-17-12-26-21-8-5-16(10-20(21)25(17)30)18-13-27-28-14-18/h3-14H,1H2,2H3,(H,27,28)(H,29,31)",1620,Cc1ccc(cc1NC(=O)C=C)N2C(=O)C=Cc3cnc4ccc(cc4c23)c5cn[nH]c5,NA
Input,Dolastatin 10,-0.22745584,InputSig,NA,NA,LINCSCP_174850,YAPC,0.04uM,24h,pancreas,NA,NA,OFDNQWIFNXBECV-VFSYNPLYSA-N,"InChI=1S/C42H68N6O6S/c1-13-28(6)37(47(10)42(52)35(26(2)3)45-40(51)36(27(4)5)46(8)9)33(53-11)25-34(49)48-22-17-20-32(48)38(54-12)29(7)39(50)44-31(41-43-21-23-55-41)24-30-18-15-14-16-19-30/h14-16,18-19,21,23,26-29,31-33,35-38H,13,17,20,22,24-25H2,1-12H3,(H,44,50)(H,45,51)/t28-,29+,31-,32-,33+,35-,36-,37-,38+/m0/s1",27143,CC[C@H](C)[C@@H]([C@@H](CC(=O)N1CCC[C@H]1[C@H](OC)[C@@H](C)C(=O)N[C@@H](Cc2ccccc2)c3nccs3)OC)N(C)C(=O)[C@@H](NC(=O)[C@H](C(C)C)N(C)C)C(C)C,NA
Input,Mifepristone,-0.22742967,InputSig,NA,NA,LINCSCP_289626,VCAP,10uM,24h,prostate,Glucocorticoid receptor antagonist|Progesterone receptor antagonist,AR|NR3C1|PGR,VKHAHZOOUSRJNA-GCNJZUOMSA-N,"InChI=1S/C29H35NO2/c1-5-15-29(32)16-14-26-24-12-8-20-17-22(31)11-13-23(20)27(24)25(18-28(26,29)2)19-6-9-21(10-7-19)30(3)4/h6-7,9-10,17,24-26,32H,8,11-14,16,18H2,1-4H3/t24-,25+,26-,28-,29-/m0/s1",35711,CC#C[C@]1(O)CC[C@H]2[C@@H]3CCC4=CC(=O)CCC4=C3[C@H](C[C@]12C)c5ccc(cc5)N(C)C,4
Input,DICUMAROL,-0.22725199,InputSig,NA,NA,LINCSCP_124899,HT29,0.04uM,24h,large intestine,NADPH inhibitor,NQO1|VKORC1,DOBMPNYZJYQDGZ-UHFFFAOYSA-N,"InChI=1S/C19H12O6/c20-16-10-5-1-3-7-14(10)24-18(22)12(16)9-13-17(21)11-6-2-4-8-15(11)25-19(13)23/h1-8,20-21H,9H2",26961,OC1=C(CC2=C(O)c3ccccc3OC2=O)C(=O)Oc4ccccc14,4
Input,Defactinib,-0.2272295,InputSig,NA,NA,LINCSCP_157326,PC3,3.33uM,24h,prostate,Focal adhesion kinase 1 inhibitor|Protein tyrosine kinase 2 beta inhibitor,PTK2|PTK2B,FWLMVFUGMHIOAA-UHFFFAOYSA-N,"InChI=1S/C20H21F3N8O3S/c1-24-18(32)12-4-6-13(7-5-12)29-19-28-10-14(20(21,22)23)16(30-19)27-11-15-17(26-9-8-25-15)31(2)35(3,33)34/h4-10H,11H2,1-3H3,(H,24,32)(H2,27,28,29,30)",23016,CNC(=O)c1ccc(Nc2ncc(c(NCc3nccnc3N(C)S(=O)(=O)C)n2)C(F)(F)F)cc1,2
Input,Podofilox,-0.22711744,InputSig,NA,NA,LINCSCP_28993,HUH7,3uM,6h,liver,Microtubule inhibitor|Tubulin inhibitor,NA,YJGVMLPVUAXIQN-XVVDYKMHSA-N,"InChI=1S/C22H22O8/c1-25-16-4-10(5-17(26-2)21(16)27-3)18-11-6-14-15(30-9-29-14)7-12(11)20(23)13-8-28-22(24)19(13)18/h4-7,13,18-20,23H,8-9H2,1-3H3/t13-,18+,19-,20-/m0/s1",18131,COc1cc(cc(OC)c1OC)[C@H]2[C@@H]3[C@H](COC3=O)[C@@H](O)c4cc5OCOc5cc24,4
Input,PCL2_000057,-0.22705032,InputSig,NA,NA,LINCSCP_26544,HT29,10uM,6h,large intestine,NA,NA,CLQKVWHPBZCCFN-UNVMMQEESA-N,"InChI=1S/C37H40IN3O4/c1-40(2)22-10-21-39-36(44)37(23-28-11-4-8-15-32(28)38)31-14-7-6-13-30(31)35(43)41(24-29-12-5-9-16-33(29)45-3)34(37)27-19-17-26(25-42)18-20-27/h4-9,11-20,34,42H,10,21-25H2,1-3H3,(H,39,44)/t34-,37-/m0/s1",31616,COc1ccccc1CN2[C@@H](c3ccc(CO)cc3)[C@@](Cc4ccccc4I)(C(=O)NCCCN(C)C)c5ccccc5C2=O,NA
Input,BRD-K70918484,-0.22690202,InputSig,NA,NA,LINCSCP_62916,VCAP,5uM,24h,prostate,NA,NA,YDHXSWOLXDIZHC-SSPLDBJCSA-N,"InChI=1S/C25H35N3O6/c1-16-22(32-5)14-28(3)25(30)19-12-17(13-26)6-8-20(19)33-15-23-21(31-4)9-7-18(34-23)10-11-27(2)24(16)29/h6,8,12,16,18,21-23H,7,9-11,14-15H2,1-5H3/t16-,18-,21+,22-,23-/m1/s1",4176,CO[C@H]1CC[C@@H]2CCN(C)C(=O)[C@H](C)[C@@H](CN(C)C(=O)c3cc(ccc3OC[C@H]1O2)C#N)OC,NA
Input,MEGXP0_000860,-0.22685384,InputSig,NA,NA,LINCSCP_42095,NPC,10uM,24h,neural progenitor cells,NA,NA,VRCXJKSBSNVDFC-UHFFFAOYSA-N,"InChI=1S/C16H20O5/c1-16(2,20-4)13(17)9-11-12(19-3)7-5-10-6-8-14(18)21-15(10)11/h5-8,13,17H,9H2,1-4H3",23131,COc1ccc2C=CC(=O)Oc2c1CC(O)C(C)(C)OC,NA
Input,Phenformin,-0.22657008,InputSig,NA,NA,LINCSCP_18685,HCC515,10uM,6h,lung,AMPK activator,NA,ICFJFFQQTFMIBG-UHFFFAOYSA-N,"InChI=1S/C10H15N5/c11-9(12)15-10(13)14-7-6-8-4-2-1-3-5-8/h1-5H,6-7H2,(H6,11,12,13,14,15)",22552,NC(=N)NC(=N)NCCc1ccccc1,4
Input,CHEMBL2131967,-0.22656184,InputSig,NA,NA,LINCSCP_26545,HT29,10uM,6h,large intestine,NA,NA,UIWHTZIAIXNFGN-XLCATFGMSA-N,"InChI=1S/C40H42N6O5S/c1-25-21-46(26(2)24-47)40(50)31-7-6-10-34(44-38(49)29-15-17-30(18-16-29)39-42-19-20-52-39)36(31)51-35(25)23-45(3)22-27-11-13-28(14-12-27)37(48)43-33-9-5-4-8-32(33)41/h4-20,25-26,35,47H,21-24,41H2,1-3H3,(H,43,48)(H,44,49)/t25-,26+,35+/m0/s1",19861,C[C@H](CO)N1C[C@H](C)[C@@H](CN(C)Cc2ccc(cc2)C(=O)Nc3ccccc3N)Oc4c(NC(=O)c5ccc(cc5)c6nccs6)cccc4C1=O,NA
Input,MLS000095184,-0.22650187,InputSig,NA,NA,LINCSCP_25896,HT29,10uM,24h,large intestine,NA,NA,DJAFUYUUNCOPGL-UHFFFAOYSA-N,"InChI=1S/C25H37ClN4O2/c1-4-13-29(14-5-2)17-12-27-24(31)20-10-15-30(16-11-20)18-23-19(3)32-25(28-23)21-6-8-22(26)9-7-21/h6-9,20H,4-5,10-18H2,1-3H3,(H,27,31)",17907,CCCN(CCC)CCNC(=O)C1CCN(Cc2nc(oc2C)c3ccc(Cl)cc3)CC1,NA
Input,CHEMBL3188326,-0.22645838,InputSig,NA,NA,LINCSCP_46494,PC3,10uM,24h,prostate,NA,NA,JKKSALWVHJQDDV-PKNBQFBNSA-N,"InChI=1S/C13H13NO3S/c15-13-8-4-5-10-14(13)18(16,17)11-9-12-6-2-1-3-7-12/h1-4,6-9,11H,5,10H2/b11-9+",11717,O=C1C=CCCN1S(=O)(=O)\C=C\c2ccccc2,NA
Input,BRD-K08448573,-0.22641656,InputSig,NA,NA,LINCSCP_27183,HT29,10uM,6h,large intestine,NA,NA,INJZEKVZBKVNHN-ZVTQMECVSA-N,"InChI=1S/C33H38N2O5Si/c1-22-31(41(3,4)26-15-13-25(39-2)14-16-26)29(18-20-36)40-33(22)27-7-5-6-8-28(27)35(32(33)38)21-23-9-11-24(12-10-23)34-19-17-30(34)37/h5-16,22,29,31,36H,17-21H2,1-4H3/t22-,29+,31-,33+/m0/s1",31588,COc1ccc(cc1)[Si](C)(C)[C@@H]2[C@@H](CCO)O[C@@]3([C@H]2C)C(=O)N(Cc4ccc(cc4)N5CCC5=O)c6ccccc36,NA
Input,6-(4-Hydroxy-6-methoxy-7-methyl-3-oxo-1H-2-benzofuran-5-yl)-4-methylhex-4-enoic acid,-0.22637558,InputSig,NA,NA,LINCSCP_33613,MCF7,10uM,24h,breast,Dehydrogenase inhibitor|Inositol monophosphatase inhibitor,IMPDH1|IMPDH2,HPNSFSBZBAHARI-UHFFFAOYSA-N,"InChI=1S/C17H20O6/c1-9(5-7-13(18)19)4-6-11-15(20)14-12(8-23-17(14)21)10(2)16(11)22-3/h4,20H,5-8H2,1-3H3,(H,18,19)",24982,COc1c(C)c2COC(=O)c2c(O)c1CC=C(C)CCC(=O)O,NA
Input,MLS002703119,-0.22632704,InputSig,NA,NA,LINCSCP_22265,HEPG2,10uM,6h,liver,NA,NA,HQWAEGQRZDJNPK-UHFFFAOYSA-N,"InChI=1S/C19H29BrN6S/c1-2-3-11-26(18-8-7-16(20)13-24-18)12-5-10-23-19(27)22-9-4-6-17-14-21-15-25-17/h7-8,13-15H,2-6,9-12H2,1H3,(H,21,25)(H2,22,23,27)",36164,CCCCN(CCCNC(=S)NCCCc1c[nH]cn1)c2ccc(Br)cn2,NA
Input,Gefitinib,-0.22614725,InputSig,NA,NA,LINCSCP_145928,MDAMB231,3.33uM,3h,NA,EGFR inhibitor,EGFR,XGALLCVXEZPNRQ-UHFFFAOYSA-N,"InChI=1S/C22H24ClFN4O3/c1-29-20-13-19-16(12-21(20)31-8-2-5-28-6-9-30-10-7-28)22(26-14-25-19)27-15-3-4-18(24)17(23)11-15/h3-4,11-14H,2,5-10H2,1H3,(H,25,26,27)",37794,COc1cc2ncnc(Nc3ccc(F)c(Cl)c3)c2cc1OCCCN4CCOCC4,4
Input,SAN1_000751,-0.22603606,InputSig,NA,NA,LINCSCP_27195,HT29,10uM,6h,large intestine,NA,NA,GXOHVFDPSWVPKP-WXDSMJSUSA-N,"InChI=1S/C41H43N5O5Si/c1-6-21-45-34-18-13-29(46-35-12-8-10-27-9-7-11-32(37(27)35)39(46)48)24-33(34)41(40(45)49)26(2)38(52(4,5)31-16-14-30(50-3)15-17-31)36(51-41)19-22-44-25-28(20-23-47)42-43-44/h6-18,24-26,36,38,47H,1,19-23H2,2-5H3/t26-,36+,38-,41+/m0/s1",31597,COc1ccc(cc1)[Si](C)(C)[C@@H]2[C@@H](CCn3cc(CCO)nn3)O[C@@]4([C@H]2C)C(=O)N(CC=C)c5ccc(cc45)N6C(=O)c7cccc8cccc6c78,NA
Input,Lonafarnib,-0.2260119,InputSig,NA,NA,LINCSCP_157727,PC3,10uM,24h,prostate,Protein farnesyltransferase inhibitor,CHURC1-FNTB|FNTA|FNTB,DHMTURDWPRKSOA-RUZDIDTESA-N,"InChI=1S/C27H31Br2ClN4O2/c28-20-12-19-2-1-18-13-21(30)14-22(29)24(18)25(26(19)32-15-20)17-5-9-33(10-6-17)23(35)11-16-3-7-34(8-4-16)27(31)36/h12-17,25H,1-11H2,(H2,31,36)/t25-/m1/s1",26916,NC(=O)N1CCC(CC(=O)N2CCC(CC2)[C@H]3c4ncc(Br)cc4CCc5cc(Cl)cc(Br)c35)CC1,3
Input,BRD-K10211010,-0.22596974,InputSig,NA,NA,LINCSCP_27791,HT29,5uM,24h,large intestine,NA,NA,OJBHRHOQEWVARJ-NJBJSMFESA-N,"InChI=1S/C31H34N2O6/c34-25-17-33(16-21-6-13-28-29(14-21)38-20-37-28)27-12-11-26(39-30(27)19-36-18-25)15-31(35)32-24-9-7-23(8-10-24)22-4-2-1-3-5-22/h1-10,13-14,25-27,30,34H,11-12,15-20H2,(H,32,35)/t25-,26-,27-,30+/m0/s1",1622,O[C@@H]1COC[C@H]2O[C@H](CC(=O)Nc3ccc(cc3)c4ccccc4)CC[C@@H]2N(Cc5ccc6OCOc6c5)C1,NA
Input,SCHEMBL17783967,-0.22596035,InputSig,NA,NA,LINCSCP_48698,PC3,10uM,6h,prostate,NA,NA,ZCUGYRQXJWLUBG-SANMLTNESA-N,"InChI=1S/C30H34N4O2/c1-33-27-17-23(36-2)10-11-24(27)28-29(33)26(19-35)32-20-30(28)12-15-34(16-13-30)18-21-6-8-22(9-7-21)25-5-3-4-14-31-25/h3-11,14,17,26,32,35H,12-13,15-16,18-20H2,1-2H3/t26-/m0/s1",19815,COc1ccc2c3c([C@H](CO)NCC34CCN(Cc5ccc(cc5)c6ccccn6)CC4)n(C)c2c1,NA
Input,CID 75060944,-0.22589445,InputSig,NA,NA,LINCSCP_46342,PC3,10uM,6h,prostate,NA,NA,TXRJXQZGDNMWFJ-YZSQISJMSA-N,"InChI=1S/C25H27N3O4/c29-22-16-15-18-9-5-6-10-19(18)20(22)17-26-28-25(32)14-4-2-1-3-13-24(31)27-21-11-7-8-12-23(21)30/h5-12,15-17,29-30H,1-4,13-14H2,(H,27,31)(H,28,32)/b26-17+",22158,Oc1ccccc1NC(=O)CCCCCCC(=O)NN=Cc2c(O)ccc3ccccc23,NA
Input,CHEMBL2131444,-0.22586786,InputSig,NA,NA,LINCSCP_27247,HT29,10uM,6h,large intestine,NA,NA,FLULYEBPWOEKQH-ULPIOCOXSA-N,"InChI=1S/C35H44ClN5O7S/c1-23-20-41(24(2)22-42)35(45)27-10-9-13-30(34(27)48-31(23)21-40(3)49(46,47)26-18-16-25(36)17-19-26)39-33(44)15-6-4-5-14-32(43)38-29-12-8-7-11-28(29)37/h7-13,16-19,23-24,31,42H,4-6,14-15,20-22,37H2,1-3H3,(H,38,43)(H,39,44)/t23-,24+,31-/m1/s1",40262,C[C@@H](CO)N1C[C@@H](C)[C@@H](CN(C)S(=O)(=O)c2ccc(Cl)cc2)Oc3c(NC(=O)CCCCCC(=O)Nc4ccccc4N)cccc3C1=O,NA
Input,BRD-K40963620,-0.22585131,InputSig,NA,NA,LINCSCP_43000,NPC,10uM,24h,neural progenitor cells,NA,NA,XFRFIHVPRYILDM-OHSXHVKISA-N,"InChI=1S/C28H29FN2O3/c29-23-14-12-22(13-15-23)28(34)30-16-24-27(25(18-32)31(24)26(33)17-30)21-10-8-20(9-11-21)7-3-6-19-4-1-2-5-19/h8-15,19,24-25,27,32H,1-2,4-6,16-18H2/t24-,25-,27+/m0/s1",12663,OC[C@H]1[C@@H]([C@@H]2CN(CC(=O)N12)C(=O)c3ccc(F)cc3)c4ccc(cc4)C#CCC5CCCC5,NA
Input,852475-26-4,-0.22579954,InputSig,NA,NA,LINCSCP_70258,A375,3.33uM,24h,skin,NA,NA,QRDAPCMJAOQZSU-KQQUZDAGSA-N,"InChI=1S/C17H15FN2O3/c1-20-11-12(9-15(20)6-8-17(22)19-23)5-7-16(21)13-3-2-4-14(18)10-13/h2-11,23H,1H3,(H,19,22)/b7-5+,8-6+",17934,Cn1cc(\C=C\C(=O)c2cccc(F)c2)cc1\C=C\C(=O)NO,NA
Input,CX-5461,-0.22556979,InputSig,NA,NA,LINCSCP_147956,NPC.CAS9,0.37uM,24h,NA,NA,NA,XGPBJCHFROADCK-UHFFFAOYSA-N,"InChI=1S/C27H27N7O2S/c1-17-14-29-18(15-28-17)16-30-26(36)23-24(35)19-8-9-22(33-11-5-10-32(2)12-13-33)31-25(19)34-20-6-3-4-7-21(20)37-27(23)34/h3-4,6-9,14-15H,5,10-13,16H2,1-2H3,(H,30,36)",34338,CN1CCCN(CC1)c2ccc3C(=O)C(=C4Sc5ccccc5N4c3n2)C(=O)NCc6cnc(C)cn6,NA
Input,Volasertib (BI 6727),-0.22551397,InputSig,NA,NA,LINCSCP_79022,A375,3.33uM,24h,skin,Serine/threonine-protein kinase PLK1 inhibitor,PLK1,NA,NA,NA,NA,NA
Input,Lovastatin,-0.22545942,InputSig,NA,NA,LINCSCP_44363,PC3,10uM,24h,prostate,HMG-CoA reductase inhibitor,HMGCR,PCZOHLXUXFIOCF-BXMDZJJMSA-N,"InChI=1S/C24H36O5/c1-5-15(3)24(27)29-21-11-14(2)10-17-7-6-16(4)20(23(17)21)9-8-19-12-18(25)13-22(26)28-19/h6-7,10,14-16,18-21,23,25H,5,8-9,11-13H2,1-4H3/t14-,15-,16-,18+,19+,20-,21-,23-/m0/s1",38178,CC[C@H](C)C(=O)O[C@H]1C[C@@H](C)C=C2C=C[C@H](C)[C@H](CC[C@@H]3C[C@@H](O)CC(=O)O3)[C@@H]12,4
Input,Decitabine,-0.22541876,InputSig,NA,NA,LINCSCP_100703,HCC515,0.37uM,24h,lung,DNA methyltransferase inhibitor,DNMT1|DNMT3A,XAUDJQYHKZQPEU-KVQBGUIXSA-N,"InChI=1S/C8H12N4O4/c9-7-10-3-12(8(15)11-7)6-1-4(14)5(2-13)16-6/h3-6,13-14H,1-2H2,(H2,9,11,15)/t4-,5+,6+/m0/s1",36564,NC1=NC(=O)N(C=N1)[C@H]2C[C@H](O)[C@@H](CO)O2,4
Input,CAY-10594,-0.22539696,InputSig,NA,NA,LINCSCP_54976,THP1,20uM,6h,haematopoietic and lymphoid tissue,Phospholipase inhibitor,PLD2,FAIFAFUXFFWVNQ-UHFFFAOYSA-N,"InChI=1S/C26H28N4O2/c31-24(22-11-10-20-6-4-5-7-21(20)18-22)27-14-17-29-15-12-26(13-16-29)25(32)28-19-30(26)23-8-2-1-3-9-23/h1-11,18H,12-17,19H2,(H,27,31)(H,28,32)",23416,O=C(NCCN1CCC2(CC1)N(CNC2=O)c3ccccc3)c4ccc5ccccc5c4,NA
Input,E 2012,-0.22535489,InputSig,NA,NA,LINCSCP_159500,PC3,10uM,24h,prostate,NA,NA,PUOAETJYKQITMO-LANLRWRYSA-N,"InChI=1S/C25H26FN3O2/c1-17-15-28(16-27-17)23-11-6-19(14-24(23)31-3)13-21-5-4-12-29(25(21)30)18(2)20-7-9-22(26)10-8-20/h6-11,13-16,18H,4-5,12H2,1-3H3/b21-13+/t18-/m0/s1",26970,COc1cc(\C=C\2/CCCN([C@@H](C)c3ccc(F)cc3)C2=O)ccc1n4cnc(C)c4,NA
Input,BRD-K42197878,-0.22512024,InputSig,NA,NA,LINCSCP_3572,A375,10uM,24h,skin,NA,NA,PGWILGQCTOMTBZ-PWWNZBMUSA-N,"InChI=1S/C32H37N3O6/c1-21-16-35(22(2)19-36)32(38)26-15-25(33-31(37)14-23-7-5-4-6-8-23)10-12-27(26)41-30(21)18-34(3)17-24-9-11-28-29(13-24)40-20-39-28/h4-13,15,21-22,30,36H,14,16-20H2,1-3H3,(H,33,37)/t21-,22-,30-/m0/s1",12692,C[C@@H](CO)N1C[C@H](C)[C@H](CN(C)Cc2ccc3OCOc3c2)Oc4ccc(NC(=O)Cc5ccccc5)cc4C1=O,NA
Input,Ganetespib (STA-9090),-0.22506348,InputSig,NA,NA,LINCSCP_136756,MCF7,0.37uM,24h,breast,Heat shock protein HSP90 inhibitor,HSP90AA1|HSP90AB1,RVAQIUULWULRNW-UHFFFAOYSA-N,"InChI=1S/C20H20N4O3/c1-11(2)14-9-15(18(26)10-17(14)25)19-21-22-20(27)24(19)13-4-5-16-12(8-13)6-7-23(16)3/h4-11,25-26H,1-3H3,(H,22,27)",26491,CC(C)c1cc(C2=NNC(=O)N2c3ccc4c(ccn4C)c3)c(O)cc1O,3
Input,SCHEMBL16980377,-0.22494285,InputSig,NA,NA,LINCSCP_10039,A549,0.12uM,24h,lung,NA,NA,MRJCPWMBHXTRFB-HGAMEBRSSA-N,"InChI=1S/C29H32N2O5/c1-31(2)20-10-13-26-24(14-20)25-15-23(35-27(18-32)29(25)36-26)16-28(33)30-17-19-8-11-22(12-9-19)34-21-6-4-3-5-7-21/h3-14,23,25,27,29,32H,15-18H2,1-2H3,(H,30,33)/t23-,25-,27-,29+/m0/s1",1811,CN(C)c1ccc2O[C@H]3[C@H](CO)O[C@H](CC(=O)NCc4ccc(Oc5ccccc5)cc4)C[C@H]3c2c1,NA
Input,Methotrexate,-0.22486966,InputSig,NA,NA,LINCSCP_243784,MCF7,10uM,6h,breast,Dihydrofolate reductase inhibitor,DHFR,FBOZXECLQNJBKD-ZDUSSCGKSA-N,"InChI=1S/C20H22N8O5/c1-28(9-11-8-23-17-15(24-11)16(21)26-20(22)27-17)12-4-2-10(3-5-12)18(31)25-13(19(32)33)6-7-14(29)30/h2-5,8,13H,6-7,9H2,1H3,(H,25,31)(H,29,30)(H,32,33)(H4,21,22,23,26,27)/t13-/m0/s1",36505,CN(Cc1cnc2nc(N)nc(N)c2n1)c3ccc(cc3)C(=O)N[C@@H](CCC(=O)O)C(=O)O,4
Input,AZD-8330,-0.22472742,InputSig,NA,NA,LINCSCP_132337,MCF7,3.33uM,3h,breast,MEK inhibitor,MAP2K1|MAP2K2,RWEVIPRMPFNTLO-UHFFFAOYSA-N,"InChI=1S/C16H17FIN3O4/c1-9-7-11(15(23)20-25-6-5-22)14(21(2)16(9)24)19-13-4-3-10(18)8-12(13)17/h3-4,7-8,19,22H,5-6H2,1-2H3,(H,20,23)",37854,CN1C(=O)C(=CC(=C1Nc2ccc(I)cc2F)C(=O)NOCCO)C,1
Input,CHEMBL2355362,-0.22472021,InputSig,NA,NA,LINCSCP_43056,NPC,10uM,24h,neural progenitor cells,NA,NA,CBAAPWVHONFTKW-JTBGFZTISA-N,"InChI=1S/C35H47F3N4O7S/c1-22-18-42(23(2)21-43)34(44)30-17-29(40-50(45,46)33-25(4)39-49-26(33)5)14-15-31(30)48-24(3)9-7-8-16-47-32(22)20-41(6)19-27-10-12-28(13-11-27)35(36,37)38/h10-15,17,22-24,32,40,43H,7-9,16,18-21H2,1-6H3/t22-,23-,24+,32-/m0/s1",19804,C[C@@H](CO)N1C[C@H](C)[C@H](CN(C)Cc2ccc(cc2)C(F)(F)F)OCCCC[C@@H](C)Oc3ccc(NS(=O)(=O)c4c(C)onc4C)cc3C1=O,NA
Input,MLS002264454,-0.22461716,InputSig,NA,NA,LINCSCP_26247,HT29,10uM,6h,large intestine,NA,NA,OYFRFXHZWLMGDU-UHFFFAOYSA-N,"InChI=1S/C14H9BrN6S2/c1-21-14(18-19-20-21)23-13-11-10(6-22-12(11)16-7-17-13)8-2-4-9(15)5-3-8/h2-7H,1H3",36015,Cn1nnnc1Sc2ncnc3scc(c4ccc(Br)cc4)c23,NA
Input,BRD-M30664582,-0.2245762,InputSig,NA,NA,LINCSCP_63913,VCAP,5uM,24h,prostate,NA,NA,QEPNFHJXKIVVNT-HFOXQMJASA-N,"InChI=1S/C27H33N3O3/c1-2-8-19-13-14-23-24-21(16-29(23)27(19)33)22(17-31)25(30(24)15-18-9-6-7-10-18)26(32)28-20-11-4-3-5-12-20/h2-5,8,11-14,18,21-22,24-25,31H,6-7,9-10,15-17H2,1H3,(H,28,32)/t21-,22-,24+,25-/m0/s1",14147,CC=CC1=CC=C2[C@H]3[C@@H](CN2C1=O)[C@H](CO)[C@H](N3CC4CCCC4)C(=O)Nc5ccccc5,NA
Input,MLS001007458,-0.22451235,InputSig,NA,NA,LINCSCP_45289,PC3,10uM,24h,prostate,NA,NA,AJQCKNBBHOVJGO-UHFFFAOYSA-N,"InChI=1S/C18H19N3S/c1-2-4-14(5-3-1)12-15-6-9-21(10-7-15)17-16-8-11-22-18(16)20-13-19-17/h1-5,8,11,13,15H,6-7,9-10,12H2",35553,C(C1CCN(CC1)c2ncnc3sccc23)c4ccccc4,NA
Input,RG7388,-0.22434229,InputSig,NA,NA,LINCSCP_140657,MCF7,10uM,24h,breast,NA,NA,TVTXCJFHQKSQQM-LJQIRTBHSA-N,"InChI=1S/C31H29Cl2F2N3O4/c1-30(2,3)14-24-31(15-36,19-10-9-17(32)13-21(19)34)25(18-6-5-7-20(33)26(18)35)27(38-24)28(39)37-22-11-8-16(29(40)41)12-23(22)42-4/h5-13,24-25,27,38H,14H2,1-4H3,(H,37,39)(H,40,41)/t24-,25-,27+,31-/m0/s1",27158,COc1cc(ccc1NC(=O)[C@@H]2N[C@@H](CC(C)(C)C)[C@@](C#N)([C@H]2c3cccc(Cl)c3F)c4ccc(Cl)cc4F)C(=O)O,3
Input,Doxorubicin,-0.22411111,InputSig,NA,NA,LINCSCP_9646,A549,0.5uM,6h,lung,DNA topoisomerase II alpha inhibitor,TOP2A,AOJJSUZBOXZQNB-TZSSRYMLSA-N,"InChI=1S/C27H29NO11/c1-10-22(31)13(28)6-17(38-10)39-15-8-27(36,16(30)9-29)7-12-19(15)26(35)21-20(24(12)33)23(32)11-4-3-5-14(37-2)18(11)25(21)34/h3-5,10,13,15,17,22,29,31,33,35-36H,6-9,28H2,1-2H3/t10-,13-,15-,17-,22+,27-/m0/s1",36141,COc1cccc2C(=O)c3c(O)c4C[C@](O)(C[C@H](O[C@H]5C[C@H](N)[C@H](O)[C@H](C)O5)c4c(O)c3C(=O)c12)C(=O)CO,4
Input,CHEMBL323994,-0.22405471,InputSig,NA,NA,LINCSCP_22877,HEPG2,10uM,6h,liver,JAK inhibitor,JAK3,IQNTXIMXKCURDC-YBEGLDIGSA-N,"InChI=1S/C18H13N3O/c22-18-16(10-14-4-2-8-20-14)15-9-12(5-6-17(15)21-18)13-3-1-7-19-11-13/h1-11,20H,(H,21,22)/b16-10-",19756,O=C1Nc2ccc(cc2/C/1=C/c3ccc[nH]3)c4cccnc4,NA
Input,BRD-K12683703,-0.2238896,InputSig,NA,NA,LINCSCP_8101,A549,5uM,24h,lung,NA,NA,DHFYMYKOVLGPGL-PBDKAQRYSA-N,"InChI=1S/C31H42N4O6/c1-20-16-35(21(2)19-36)29(37)25-10-7-11-26(33-31(40)32-24-8-5-4-6-9-24)28(25)41-27(20)18-34(3)17-22-12-14-23(15-13-22)30(38)39/h7,10-15,20-21,24,27,36H,4-6,8-9,16-19H2,1-3H3,(H,38,39)(H2,32,33,40)/t20-,21+,27-/m1/s1",31997,C[C@@H](CO)N1C[C@@H](C)[C@@H](CN(C)Cc2ccc(cc2)C(=O)O)Oc3c(NC(=O)NC4CCCCC4)cccc3C1=O,NA
Input,Lidoflazine,-0.22387465,InputSig,NA,NA,LINCSCP_34395,MCF7,10uM,6h,breast,Calcium channel blocker,NA,ZBIAKUMOEKILTF-UHFFFAOYSA-N,"InChI=1S/C30H35F2N3O/c1-22-5-3-6-23(2)30(22)33-29(36)21-35-19-17-34(18-20-35)16-4-7-28(24-8-12-26(31)13-9-24)25-10-14-27(32)15-11-25/h3,5-6,8-15,28H,4,7,16-21H2,1-2H3,(H,33,36)",15805,Cc1cccc(C)c1NC(=O)CN2CCN(CCCC(c3ccc(F)cc3)c4ccc(F)cc4)CC2,4
Input,SMR000206936,-0.22376418,InputSig,NA,NA,LINCSCP_1770,A375,10uM,6h,skin,NA,NA,IGCXFVOTAXQEEE-UHFFFAOYSA-N,"InChI=1S/C21H23ClFN3O2/c22-13-19(27)26(18-10-8-16(23)9-11-18)20(15-5-4-12-24-14-15)21(28)25-17-6-2-1-3-7-17/h4-5,8-12,14,17,20H,1-3,6-7,13H2,(H,25,28)",9602,Fc1ccc(cc1)N(C(C(=O)NC2CCCCC2)c3cccnc3)C(=O)CCl,NA
Input,Plumbagin,-0.22370297,InputSig,NA,NA,LINCSCP_13340,FIBRNPC,10uM,6h,NA,Apoptosis stimulant,NA,VCMMXZQDRFWYSE-UHFFFAOYSA-N,"InChI=1S/C11H8O3/c1-6-5-9(13)10-7(11(6)14)3-2-4-8(10)12/h2-5,12H,1H3",19466,CC1=CC(=O)c2c(O)cccc2C1=O,NA
Input,BRD-K70068608,-0.22351435,InputSig,NA,NA,LINCSCP_48816,PC3,10uM,24h,prostate,NA,NA,IIFWPLPYOKXIHM-GNMOFYLKSA-N,"InChI=1S/C30H34F3N3O5S/c1-19-5-7-22(8-6-19)23-9-14-28-26(15-23)41-27(20(2)16-36(21(3)18-37)42(28,39)40)17-35(4)29(38)34-25-12-10-24(11-13-25)30(31,32)33/h5-15,20-21,27,37H,16-18H2,1-4H3,(H,34,38)/t20-,21-,27+/m1/s1",13350,C[C@H](CO)N1C[C@@H](C)[C@H](CN(C)C(=O)Nc2ccc(cc2)C(F)(F)F)Oc3cc(ccc3S1(=O)=O)c4ccc(C)cc4,NA
Input,Protionamide,-0.22343156,InputSig,NA,NA,LINCSCP_32944,MCF7,10uM,24h,breast,Mycobacterium tuberculosis enoyl-[acyl-carrier-protein] reductase [NADH] (inhA) inhibitor,NA,VRDIULHPQTYCLN-UHFFFAOYSA-N,"InChI=1S/C9H12N2S/c1-2-3-8-6-7(9(10)12)4-5-11-8/h4-6H,2-3H2,1H3,(H2,10,12)",35201,CCCc1cc(ccn1)C(=S)N,4
Input,etoposide,-0.2232245,InputSig,NA,NA,LINCSCP_30315,MCF7,10uM,6h,breast,DNA topoisomerase II inhibitor,TOP2A|TOP2B,NA,NA,NA,NA,NA
Input,1-(4-fluorobenzyl)-N-(piperidin-4-yl)-1H-benzo[d]imidazol-2-amine,-0.22306206,InputSig,NA,NA,LINCSCP_124565,HT29,10uM,24h,large intestine,NA,NA,SFOVDSLXFUGAIV-UHFFFAOYSA-N,"InChI=1S/C19H21FN4/c20-15-7-5-14(6-8-15)13-24-18-4-2-1-3-17(18)23-19(24)22-16-9-11-21-12-10-16/h1-8,16,21H,9-13H2,(H,22,23)",26808,Fc1ccc(Cn2c(NC3CCNCC3)nc4ccccc24)cc1,NA
Input,BRD-K67090983,-0.22302884,InputSig,NA,NA,LINCSCP_33904,MCF7,10uM,24h,breast,NA,NA,QDRBVCQGVAHXBS-DVIHYUSWSA-N,"InChI=1S/C37H47N5O5/c1-24-20-42(25(2)23-43)37(46)29-12-9-15-32(40-35(44)27-10-5-4-6-11-27)34(29)47-33(24)22-41(3)21-26-16-18-28(19-17-26)36(45)39-31-14-8-7-13-30(31)38/h7-9,12-19,24-25,27,33,43H,4-6,10-11,20-23,38H2,1-3H3,(H,39,45)(H,40,44)/t24-,25+,33-/m0/s1",23389,C[C@H](CO)N1C[C@H](C)[C@H](CN(C)Cc2ccc(cc2)C(=O)Nc3ccccc3N)Oc4c(NC(=O)C5CCCCC5)cccc4C1=O,NA
Input,NCGC00172397-01,-0.22295117,InputSig,NA,NA,LINCSCP_6010,A549,10uM,6h,lung,NA,NA,SUBGWCBFFPRODX-HFONSACISA-N,"InChI=1S/C25H32BrNO4Si/c1-15-13-19-22(20(26)14-15)27(3)24(29)25(19)16(2)23(21(31-25)11-12-28)32(5,6)18-9-7-17(30-4)8-10-18/h7-10,13-14,16,21,23,28H,11-12H2,1-6H3/t16-,21+,23-,25+/m0/s1",11469,COc1ccc(cc1)[Si](C)(C)[C@@H]2[C@@H](CCO)O[C@@]3([C@H]2C)C(=O)N(C)c4c(Br)cc(C)cc34,NA
Input,Pentamidine,-0.22293638,InputSig,NA,NA,LINCSCP_34470,MCF7,10uM,24h,breast,Anti-pneumocystis agent,NA,XDRYMKDFEDOLFX-UHFFFAOYSA-N,"InChI=1S/C19H24N4O2/c20-18(21)14-4-8-16(9-5-14)24-12-2-1-3-13-25-17-10-6-15(7-11-17)19(22)23/h4-11H,1-3,12-13H2,(H3,20,21)(H3,22,23)",194,NC(=N)c1ccc(OCCCCCOc2ccc(cc2)C(=N)N)cc1,4
Input,Capsaicin,-0.22290506,InputSig,NA,NA,LINCSCP_25543,HT29,100uM,24h,large intestine,TRPV agonist,TRPV1,YKPUWZUDDOIDPM-SOFGYWHQSA-N,"InChI=1S/C18H27NO3/c1-14(2)8-6-4-5-7-9-18(21)19-13-15-10-11-16(20)17(12-15)22-3/h6,8,10-12,14,20H,4-5,7,9,13H2,1-3H3,(H,19,21)/b8-6+",37298,COc1cc(CNC(=O)CCCC\C=C\C(C)C)ccc1O,4
Input,Androstenedione,-0.22280808,InputSig,NA,NA,LINCSCP_263842,NPC,10uM,24h,neural progenitor cells,Cytochrome P450 inhibitor,AKR1C3|HSD17B1|HSD3B1,AEMFNILZOJDQLW-QAGGRKNESA-N,"InChI=1S/C19H26O2/c1-18-9-7-13(20)11-12(18)3-4-14-15-5-6-17(21)19(15,2)10-8-16(14)18/h11,14-16H,3-10H2,1-2H3/t14-,15-,16-,18-,19-/m0/s1",18456,C[C@]12CC[C@H]3[C@@H](CCC4=CC(=O)CC[C@]34C)[C@@H]1CCC2=O,NA
Input,Cadmium Dichloride,-0.22268811,InputSig,NA,NA,LINCSCP_17046,HA1E,20uM,24h,kidney epithelial,Coloring agent,NA,YKYOUMDCQGMQQO-UHFFFAOYSA-L,InChI=1S/Cd.2ClH/h;2*1H/q+2;;/p-2,23617,Cl[Cd]Cl,NA
Input,Lonidamine,-0.22263032,InputSig,NA,NA,LINCSCP_54645,SW948,100uM,6h,large intestine,Glucokinase inhibitor,NA,WDRYRZXSPDWGEB-UHFFFAOYSA-N,"InChI=1S/C15H10Cl2N2O2/c16-10-6-5-9(12(17)7-10)8-19-13-4-2-1-3-11(13)14(18-19)15(20)21/h1-7H,8H2,(H,20,21)",36698,OC(=O)c1nn(Cc2ccc(Cl)cc2Cl)c3ccccc13,3
Input,BRD-K22080587,-0.22262385,InputSig,NA,NA,LINCSCP_63570,VCAP,5uM,6h,prostate,NA,NA,WSFSIZCPNKDEIH-LUKYLMHMSA-N,"InChI=1S/C18H33N3O4/c22-14-11-20-16-5-4-15(25-17(16)13-24-12-14)10-18(23)19-6-9-21-7-2-1-3-8-21/h14-17,20,22H,1-13H2,(H,19,23)/t14-,15-,16-,17+/m0/s1",2394,O[C@H]1CN[C@H]2CC[C@@H](CC(=O)NCCN3CCCCC3)O[C@@H]2COC1,NA
Input,BAS 00535043,-0.22244319,InputSig,NA,NA,LINCSCP_58462,VCAP,10uM,6h,prostate,NA,NA,GJSQVQUKCXYAMW-YZSQISJMSA-N,"InChI=1S/C25H23N7O4/c33-22(21-10-5-13-35-21)36-20-9-4-6-18(16-20)17-26-31-24-28-23(27-19-7-2-1-3-8-19)29-25(30-24)32-11-14-34-15-12-32/h1-10,13,16-17H,11-12,14-15H2,(H2,27,28,29,30,31)/b26-17+",15041,O=C(Oc1cccc(\C=N\Nc2nc(Nc3ccccc3)nc(n2)N4CCOCC4)c1)c5occc5,NA
Input,ST-4062971,-0.22236204,InputSig,NA,NA,LINCSCP_37807,MCF7,10uM,6h,breast,NA,NA,AZMVVBDUDPIZOY-UHFFFAOYSA-N,"InChI=1S/C14H9N4O3/c15-9-14-12-7-6-11(18(20)21)8-13(12)17(19)16(14)10-4-2-1-3-5-10/h1-8,19H/q+1",31623,On1c2cc(ccc2c(C#N)[n+]1c3ccccc3)[N+](=O)[O-],NA
Input,F0012-0289,-0.2222798,InputSig,NA,NA,LINCSCP_16652,HA1E,10uM,6h,kidney epithelial,NA,NA,DAGFDXMLUFAFEX-UHFFFAOYSA-N,"InChI=1S/C20H14N2O3/c1-22-19(24)16-10-9-13(11-17(16)20(22)25)21-18(23)15-8-4-6-12-5-2-3-7-14(12)15/h2-11H,1H3,(H,21,23)",16172,CN1C(=O)c2ccc(NC(=O)c3cccc4ccccc34)cc2C1=O,NA
Input,Cercosporin,-0.22202153,InputSig,NA,NA,LINCSCP_457,A375,10uM,6h,skin,Photoactivated toxin,NA,JWFLIMIGORGZMQ-UHFFFAOYSA-N,"InChI=1S/C29H26O10/c1-10(30)5-12-18-19-13(6-11(2)31)29(37-4)27(35)21-15(33)8-17-23(25(19)21)22-16(38-9-39-17)7-14(32)20(24(18)22)26(34)28(12)36-3/h7-8,10-11,30-32,35H,5-6,9H2,1-4H3",155,COC1=C(CC(C)O)c2c3c(CC(C)O)c(OC)c(O)c4C(=O)C=C5OCOc6cc(O)c(C1=O)c2c6c5c34,NA
Input,Digitoxigenin,-0.22196443,InputSig,NA,NA,LINCSCP_25349,HT29,10uM,6h,large intestine,ATPase inhibitor,NA,XZTUSOXSLKTKJQ-CESUGQOBSA-N,"InChI=1S/C23H34O4/c1-21-8-5-16(24)12-15(21)3-4-19-18(21)6-9-22(2)17(7-10-23(19,22)26)14-11-20(25)27-13-14/h11,15-19,24,26H,3-10,12-13H2,1-2H3/t15-,16+,17-,18+,19-,21+,22-,23+/m1/s1",35583,C[C@]12CC[C@H](O)C[C@H]1CC[C@@H]3[C@@H]2CC[C@]4(C)[C@H](CC[C@]34O)C5=CC(=O)OC5,NA
Input,SPBIO_003097,-0.22176827,InputSig,NA,NA,LINCSCP_47790,PC3,10uM,24h,prostate,NFkB pathway inhibitor,NA,ZLWMZCWKIALKPX-UHFFFAOYSA-N,"InChI=1S/C59H96O12/c1-54(2,3)38-57(10,11)48-16-18-51(69-41-66-29-26-63-23-20-60)44(34-48)32-46-36-50(59(14,15)40-56(7,8)9)37-47(53(46)71-43-68-31-28-65-25-22-62)33-45-35-49(58(12,13)39-55(4,5)6)17-19-52(45)70-42-67-30-27-64-24-21-61/h16-19,34-37,60-62H,20-33,38-43H2,1-15H3",18471,CC(C)(C)CC(C)(C)c1ccc(OCOCCOCCO)c(Cc2cc(cc(Cc3cc(ccc3OCOCCOCCO)C(C)(C)CC(C)(C)C)c2OCOCCOCCO)C(C)(C)CC(C)(C)C)c1,NA
Input,XMD-1527,-0.22173178,InputSig,NA,NA,LINCSCP_32792,MCF7,10uM,6h,breast,NA,NA,NA,NA,42757,NA,NA
Input,BRD-K10916986-001-01-6,-0.22171014,InputSig,NA,NA,LINCSCP_20409,HCC515,10uM,6h,lung,Tubulin inhibitor,TUBB,GBABOYUKABKIAF-JEEMQKELSA-N,"InChI=1S/C45H54N4O8/c1-8-27-19-28-22-44(40(51)55-6,36-30(25-48(23-27)24-28)29-13-10-11-14-33(29)46-36)32-20-31-34(21-35(32)54-5)47(4)38-43(31)16-18-49-17-12-15-42(9-2,37(43)49)39(57-26(3)50)45(38,53)41(52)56-7/h10-15,19-21,28,37-39,46,53H,8-9,16-18,22-25H2,1-7H3/t28-,37-,38+,39+,42-,43+,44-,45-/m0/s1",1517,CCC1=C[C@@H]2C[N@](C1)Cc3c([nH]c4ccccc34)[C@@](C2)(C(=O)OC)c5cc6c(cc5OC)N(C)[C@H]7[C@](O)([C@H](OC(=O)C)[C@@]8(CC)C=CCN9CC[C@]67[C@H]89)C(=O)OC,NA
Input,Lanatoside C,-0.22161259,InputSig,NA,NA,LINCSCP_64840,VCAP,1uM,24h,prostate,Cardiac glycoside,NA,JAYAGJDXJIDEKI-YBYZECQXSA-N,"InChI=1S/C49H76O20/c1-21-43(67-38-17-32(53)44(22(2)62-38)68-39-18-33(64-24(4)51)45(23(3)63-39)69-46-42(58)41(57)40(56)34(19-50)66-46)31(52)16-37(61-21)65-27-9-11-47(5)26(14-27)7-8-29-30(47)15-35(54)48(6)28(10-12-49(29,48)59)25-13-36(55)60-20-25/h13,21-23,26-35,37-46,50,52-54,56-59H,7-12,14-20H2,1-6H3/t21-,22-,23-,26?,27+,28-,29?,30?,31+,32+,33+,34-,35-,37+,38+,39+,40-,41+,42-,43-,44-,45-,46+,47+,48+,49+/m1/s1",34258,C[C@H]1O[C@H](C[C@H](O)[C@@H]1O[C@H]2C[C@H](O)[C@H](O[C@H]3C[C@H](OC(=O)C)[C@H](O[C@@H]4O[C@H](CO)[C@@H](O)[C@H](O)[C@H]4O)[C@@H](C)O3)[C@@H](C)O2)O[C@H]5CC[C@@]6(C)C(CCC7C6C[C@@H](O)[C@]8(C)[C@H](CC[C@]78O)C9=CC(=O)OC9)C5,NA
Input,BAS 02002358,-0.22144756,InputSig,NA,NA,LINCSCP_53101,SKM1,20uM,6h,haematopoietic and lymphoid tissue,Estrogen receptor antagonist,GPER1,YOLTZIVRJAPVPH-UHFFFAOYSA-N,"InChI=1S/C19H16BrNO2/c20-15-9-18-17(22-10-23-18)8-14(15)19-13-6-3-5-11(13)12-4-1-2-7-16(12)21-19/h1-5,7-9,11,13,19,21H,6,10H2",22471,Brc1cc2OCOc2cc1C3Nc4ccccc4C5C=CCC35,NA
Input,BRD-K95482240,-0.22136966,InputSig,NA,NA,LINCSCP_23291,HEPG2,10uM,6h,liver,NA,NA,SIHGKWCNYKQFFR-LSJJIYBBSA-N,"InChI=1S/C37H40N4O7/c1-24-19-41(25(2)22-42)36(43)31-17-27(38-37(44)39-28-12-16-33-34(18-28)46-23-45-33)11-15-32(31)48-35(24)21-40(3)20-26-9-13-30(14-10-26)47-29-7-5-4-6-8-29/h4-18,24-25,35,42H,19-23H2,1-3H3,(H2,38,39,44)/t24-,25+,35-/m0/s1",34153,C[C@H](CO)N1C[C@H](C)[C@H](CN(C)Cc2ccc(Oc3ccccc3)cc2)Oc4ccc(NC(=O)Nc5ccc6OCOc6c5)cc4C1=O,NA
Input,Raltitrexed,-0.22119545,InputSig,NA,NA,LINCSCP_31666,MCF7,10uM,24h,breast,Thymidylate synthase inhibitor,TYMS,IVTVGDXNLFLDRM-HNNXBMFYSA-N,"InChI=1S/C21H22N4O6S/c1-11-22-14-4-3-12(9-13(14)19(28)23-11)10-25(2)17-7-6-16(32-17)20(29)24-15(21(30)31)5-8-18(26)27/h3-4,6-7,9,15H,5,8,10H2,1-2H3,(H,24,29)(H,26,27)(H,30,31)(H,22,23,28)/t15-/m0/s1",36592,CN(Cc1ccc2NC(=NC(=O)c2c1)C)c3ccc(s3)C(=O)N[C@@H](CCC(=O)O)C(=O)O,4
Input,Risperidone,-0.221139,InputSig,NA,NA,LINCSCP_43336,NPC,10uM,6h,neural progenitor cells,Dopamine receptor antagonist|Serotonin receptor antagonist,ADRA1A|ADRA1B|DRD2|DRD3|DRD4|HRH1|HTR1A|HTR1D|HTR2A|HTR2C,RAPZEAPATHNIPO-UHFFFAOYSA-N,"InChI=1S/C23H27FN4O2/c1-15-18(23(29)28-10-3-2-4-21(28)25-15)9-13-27-11-7-16(8-12-27)22-19-6-5-17(24)14-20(19)30-26-22/h5-6,14,16H,2-4,7-13H2,1H3",15728,CC1=C(CCN2CCC(CC2)c3noc4cc(F)ccc34)C(=O)N5CCCCC5=N1,4
Input,CHEMBL2358826,-0.22091041,InputSig,NA,NA,LINCSCP_23722,HEPG2,10uM,6h,liver,NA,NA,BHEWHBNGLCOXBN-VNUFNPPTSA-N,"InChI=1S/C33H31FN2O7S/c34-22-8-13-27(14-9-22)44(39,40)36-23-10-15-30-28(16-23)29-17-26(42-31(20-37)33(29)43-30)18-32(38)35-19-21-6-11-25(12-7-21)41-24-4-2-1-3-5-24/h1-16,26,29,31,33,36-37H,17-20H2,(H,35,38)/t26-,29+,31+,33-/m1/s1",16648,OC[C@@H]1O[C@@H](CC(=O)NCc2ccc(Oc3ccccc3)cc2)C[C@@H]4[C@H]1Oc5ccc(NS(=O)(=O)c6ccc(F)cc6)cc45,NA
Input,CCT 018159,-0.22086809,InputSig,NA,NA,LINCSCP_2906,A375,10uM,6h,skin,HSP inhibitor,HSP90AA1,OWPMENVYXDJDOW-UHFFFAOYSA-N,"InChI=1S/C20H20N2O4/c1-3-12-8-14(16(24)10-15(12)23)20-19(11(2)21-22-20)13-4-5-17-18(9-13)26-7-6-25-17/h4-5,8-10,23-24H,3,6-7H2,1-2H3,(H,21,22)",15834,CCc1cc(c(O)cc1O)c2n[nH]c(C)c2c3ccc4OCCOc4c3,NA
Input,KBIO3_000694,-0.22084065,InputSig,NA,NA,LINCSCP_44767,PC3,10uM,6h,prostate,HSP inhibitor,NA,BQDRKSSNLHIYIM-DFIIIIPRSA-N,"InChI=1S/C26H34O5/c1-23(2)17-12-20(28)26(5)16(24(17,3)10-7-19(23)27)6-9-25(4)18(26)13-21(29)31-22(25)15-8-11-30-14-15/h8,11,13-14,16-17,20,22,28H,6-7,9-10,12H2,1-5H3/t16?,17?,20-,22+,24-,25-,26-/m1/s1",22413,CC1(C)C2C[C@@H](O)[C@]3(C)C(CC[C@@]4(C)[C@@H](OC(=O)C=C34)c5cocc5)[C@@]2(C)CCC1=O,NA
Input,NCGC00179649-07,-0.22080844,InputSig,NA,NA,LINCSCP_47553,PC3,10uM,24h,prostate,Glucocorticoid receptor agonist,NA,OIGNJSKKLXVSLS-JXJRQGLWSA-N,"InChI=1S/C21H28O5/c1-19-7-5-13(23)9-12(19)3-4-14-15-6-8-21(26,17(25)11-22)20(15,2)10-16(24)18(14)19/h5,7,9,14-16,18,22,24,26H,3-4,6,8,10-11H2,1-2H3/t14-,15+,16-,18+,19-,20-,21-/m0/s1",1607,C[C@]12C[C@H](O)[C@H]3[C@@H](CCC4=CC(=O)C=C[C@]34C)[C@H]1CC[C@]2(O)C(=O)CO,NA
Input,CVF-SUMO-14,-0.22077223,InputSig,NA,NA,LINCSCP_3068,A375,10uM,6h,skin,NA,NA,ZSTFBDBEPIYXAW-UHFFFAOYSA-N,"InChI=1S/C20H22FNO/c21-18-11-9-17(10-12-18)20(23)19(16-7-3-1-4-8-16)15-22-13-5-2-6-14-22/h1,3-4,7-12,19H,2,5-6,13-15H2",6502,Fc1ccc(cc1)C(=O)C(CN2CCCCC2)c3ccccc3,NA
Input,CHEMBL2359109,-0.2207343,InputSig,NA,NA,LINCSCP_37452,MCF7,3uM,24h,breast,NA,NA,OJBHRHOQEWVARJ-BXAWWBQVSA-N,"InChI=1S/C31H34N2O6/c34-25-17-33(16-21-6-13-28-29(14-21)38-20-37-28)27-12-11-26(39-30(27)19-36-18-25)15-31(35)32-24-9-7-23(8-10-24)22-4-2-1-3-5-22/h1-10,13-14,25-27,30,34H,11-12,15-20H2,(H,32,35)/t25-,26+,27-,30+/m1/s1",37390,O[C@H]1COC[C@@H]2O[C@H](CC(=O)Nc3ccc(cc3)c4ccccc4)CC[C@H]2N(Cc5ccc6OCOc6c5)C1,NA
Input,CP-724714,-0.22062986,InputSig,NA,NA,LINCSCP_12024,BT20,0.5uM,6h,breast,EGFR inhibitor|Tyrosine kinase inhibitor,ERBB2,LLVZBTWPGQVVLW-SNAWJCMRSA-N,"InChI=1S/C27H27N5O3/c1-18-13-21(8-11-25(18)35-22-9-6-19(2)29-15-22)32-27-23-14-20(7-10-24(23)30-17-31-27)5-4-12-28-26(33)16-34-3/h4-11,13-15,17H,12,16H2,1-3H3,(H,28,33)(H,30,31,32)/b5-4+",17229,COCC(=O)NC\C=C\c1ccc2ncnc(Nc3ccc(Oc4ccc(C)nc4)c(C)c3)c2c1,2
Input,SCHEMBL16065773,-0.22039574,InputSig,NA,NA,LINCSCP_39556,MDAMB231,10uM,6h,NA,NA,NA,XGICKGXGLUYWDW-MDWZMJQESA-N,"InChI=1S/C25H27N7O2/c1-30(2)14-8-13-22(33)27-17-9-7-10-18(15-17)28-25-26-16-21-23(29-25)31(3)20-12-6-5-11-19(20)24(34)32(21)4/h5-13,15-16H,14H2,1-4H3,(H,27,33)(H,26,28,29)/b13-8+",5376,CN(C)C\C=C\C(=O)Nc1cccc(Nc2ncc3N(C)C(=O)c4ccccc4N(C)c3n2)c1,NA
Input,GW843682X,-0.220382,InputSig,NA,NA,LINCSCP_145660,MDAMB231,0.37uM,3h,NA,PLK inhibitor,PLK1|PLK3,JSKUWFIZUALZLX-UHFFFAOYSA-N,"InChI=1S/C22H18F3N3O4S/c1-30-16-7-14-15(8-17(16)31-2)28(11-27-14)19-9-18(20(33-19)21(26)29)32-10-12-5-3-4-6-13(12)22(23,24)25/h3-9,11H,10H2,1-2H3,(H2,26,29)",36816,COc1cc2ncn(c3cc(OCc4ccccc4C(F)(F)F)c(s3)C(=O)N)c2cc1OC,NA
Input,KUC104495,-0.22035452,InputSig,NA,NA,LINCSCP_26137,HT29,10uM,6h,large intestine,NA,NA,MIISNFZCQYXPLO-UHFFFAOYSA-N,"InChI=1S/C23H23N5O3/c1-16-14-22(26-9-11-27(12-10-26)23(29)20-4-3-13-31-20)28-21(24-16)15-19(25-28)17-5-7-18(30-2)8-6-17/h3-8,13-15H,9-12H2,1-2H3",15896,COc1ccc(cc1)c2cc3nc(C)cc(N4CCN(CC4)C(=O)c5occc5)n3n2,NA
Input,PF-03814735,-0.22025681,InputSig,NA,NA,LINCSCP_142143,MCF7,0.12uM,24h,breast,NA,NA,RYYNGWLOYLRZLK-RBUKOAKNSA-N,"InChI=1S/C23H25F3N6O2/c1-12(33)27-11-20(34)32-18-7-8-19(32)16-9-14(5-6-15(16)18)30-22-28-10-17(23(24,25)26)21(31-22)29-13-3-2-4-13/h5-6,9-10,13,18-19H,2-4,7-8,11H2,1H3,(H,27,33)(H2,28,29,30,31)/t18-,19+/m0/s1",26637,CC(=O)NCC(=O)N1[C@H]2CC[C@@H]1c3cc(Nc4ncc(c(NC5CCC5)n4)C(F)(F)F)ccc23,NA
Input,Alfacalcidol,-0.22025347,InputSig,NA,NA,LINCSCP_47665,PC3,10uM,24h,prostate,Vitamin D receptor agonist,VDR,OFHCOWSQAMBJIW-HBHUAMBYSA-N,"InChI=1S/C27H44O2/c1-18(2)8-6-9-19(3)24-13-14-25-21(10-7-15-27(24,25)5)11-12-22-16-23(28)17-26(29)20(22)4/h11-12,18-19,23-26,28-29H,4,6-10,13-17H2,1-3,5H3/t19-,23-,24-,25+,26+,27-/m1/s1",1646,CC(C)CCC[C@@H](C)[C@H]1CC[C@H]2C(=CC=C3C[C@@H](O)C[C@H](O)C3=C)CCC[C@]12C,NA
Input,Doramapimod,-0.22023002,InputSig,NA,NA,LINCSCP_129587,JURKAT,0.12uM,24h,haematopoietic and lymphoid tissue,P38 MAPK inhibitor,MAPK11|MAPK12|MAPK14,MVCOAUNKQVWQHZ-UHFFFAOYSA-N,"InChI=1S/C31H37N5O3/c1-22-9-11-23(12-10-22)36-29(21-28(34-36)31(2,3)4)33-30(37)32-26-13-14-27(25-8-6-5-7-24(25)26)39-20-17-35-15-18-38-19-16-35/h5-14,21H,15-20H2,1-4H3,(H2,32,33,37)",17577,Cc1ccc(cc1)n2nc(cc2NC(=O)Nc3ccc(OCCN4CCOCC4)c5ccccc35)C(C)(C)C,2
Input,Imatinib,-0.22005912,InputSig,NA,NA,LINCSCP_22441,HEPG2,10uM,6h,liver,Bcr-Abl kinase inhibitor|KIT inhibitor|PDGFR tyrosine kinase receptor inhibitor,ABL1|BCR|CSF1R|KIT|PDGFRA|PDGFRB,KTUFNOKKBVMGRW-UHFFFAOYSA-N,"InChI=1S/C29H31N7O/c1-21-5-10-25(18-27(21)34-29-31-13-11-26(33-29)24-4-3-12-30-19-24)32-28(37)23-8-6-22(7-9-23)20-36-16-14-35(2)15-17-36/h3-13,18-19H,14-17,20H2,1-2H3,(H,32,37)(H,31,33,34)",16646,CN1CCN(Cc2ccc(cc2)C(=O)Nc3ccc(C)c(Nc4nccc(n4)c5cccnc5)c3)CC1,4
Input,BRD-K74461819,-0.22004243,InputSig,NA,NA,LINCSCP_35359,MCF7,10uM,24h,breast,NA,NA,ZAHXKZOKOUSJMC-RLPBRSBZSA-N,"InChI=1S/C27H35N3O2/c1-28(2)19-26(32)29-16-6-7-17-30-24(18-29)27(25(30)20-31)23-14-12-22(13-15-23)11-10-21-8-4-3-5-9-21/h3-5,8-15,24-25,27,31H,6-7,16-20H2,1-2H3/b11-10+/t24-,25+,27-/m0/s1",22895,CN(C)CC(=O)N1CCCCN2[C@H](CO)[C@H]([C@@H]2C1)c3ccc(\C=C\c4ccccc4)cc3,NA
Input,Apatinib Hydrochloride,-0.2199819,InputSig,NA,NA,LINCSCP_43645,NPC,10uM,6h,neural progenitor cells,HDAC inhibitor,HDAC1|HDAC10|HDAC11|HDAC2|HDAC3|HDAC4|HDAC5|HDAC6|HDAC7|HDAC8|HDAC9,JWOGUUIOCYMBPV-VWIQTCEGSA-N,"InChI=1S/C34H49N5O6/c1-5-22(3)30-34(44)38-19-13-12-18-29(38)33(43)35-26(16-9-7-8-14-24(40)6-2)31(41)36-27(32(42)37-30)20-23-21-39(45-4)28-17-11-10-15-25(23)28/h10-11,15,17,21-22,26-27,29-30H,5-9,12-14,16,18-20H2,1-4H3,(H,35,43)(H,36,41)(H,37,42)/t22-,26+,27+,29-,30+/m1/s1",1448,CC[C@@H](C)[C@@H]1NC(=O)[C@H](Cc2cn(OC)c3ccccc23)NC(=O)[C@H](CCCCCC(=O)CC)NC(=O)[C@H]4CCCCN4C1=O,NA
Input,Avasimibe,-0.21980521,InputSig,NA,NA,LINCSCP_160635,PC3,3.33uM,24h,prostate,NA,NA,PTQXTEKSNBVPQJ-UHFFFAOYSA-N,"InChI=1S/C29H43NO4S/c1-17(2)22-14-25(20(7)8)27(26(15-22)21(9)10)16-28(31)30-35(32,33)34-29-23(18(3)4)12-11-13-24(29)19(5)6/h11-15,17-21H,16H2,1-10H3,(H,30,31)",26617,CC(C)c1cc(C(C)C)c(CC(=O)NS(=O)(=O)Oc2c(cccc2C(C)C)C(C)C)c(c1)C(C)C,NA
Input,NNC 05-2090,-0.21977327,InputSig,NA,NA,LINCSCP_18041,HCC515,10uM,24h,lung,GABA uptake inhibitor|GAT inhibitor,SLC6A12,XZZYCJOGZYEPPW-UHFFFAOYSA-N,"InChI=1S/C27H30N2O2/c1-31-26-14-7-4-11-23(26)27(30)15-19-28(20-16-27)17-8-18-29-24-12-5-2-9-21(24)22-10-3-6-13-25(22)29/h2-7,9-14,30H,8,15-20H2,1H3",15995,COc1ccccc1C2(O)CCN(CCCn3c4ccccc4c5ccccc35)CC2,NA
Input,SCHEMBL10015911,-0.21969867,InputSig,NA,NA,LINCSCP_59555,VCAP,10uM,6h,prostate,Prostanoid receptor agonist,PTGFR,AQOKCDNYWBIDND-NFTGKOCPSA-N,"InChI=1S/C25H37NO4/c1-2-26-25(30)13-9-4-3-8-12-21-22(24(29)18-23(21)28)17-16-20(27)15-14-19-10-6-5-7-11-19/h3,5-8,10-11,16-17,20-24,27-29H,2,4,9,12-15,18H2,1H3,(H,26,30)/b8-3-,17-16+/t20?,21?,22-,23?,24?/m1/s1",24665,CCNC(=O)CCC\C=C/CC1C(O)CC(O)[C@@H]1\C=C\C(O)CCc2ccccc2,NA
Input,sunitinib,-0.21965583,InputSig,NA,NA,LINCSCP_59139,VCAP,10uM,6h,prostate,FLT3 inhibitor|KIT inhibitor|PDGFR tyrosine kinase receptor inhibitor|RET tyrosine kinase inhibitor|VEGFR inhibitor,FLT1|FLT3|FLT4|KDR|KIT|PDGFRA|PDGFRB|RET,NA,NA,NA,NA,NA
Input,PFI-1,-0.21954689,InputSig,NA,NA,LINCSCP_86988,CD34,10uM,24h,bone marrow,NA,NA,TXZPMHLMPKIUGK-UHFFFAOYSA-N,"InChI=1S/C16H17N3O4S/c1-19-10-11-9-12(7-8-13(11)17-16(19)20)18-24(21,22)15-6-4-3-5-14(15)23-2/h3-9,18H,10H2,1-2H3,(H,17,20)",14199,COc1ccccc1S(=O)(=O)Nc2ccc3NC(=O)N(C)Cc3c2,NA
Input,CHEMBL2133868,-0.21950712,InputSig,NA,NA,LINCSCP_46470,PC3,10uM,24h,prostate,NA,NA,UIWHTZIAIXNFGN-AZAGJHQNSA-N,"InChI=1S/C40H42N6O5S/c1-25-21-46(26(2)24-47)40(50)31-7-6-10-34(44-38(49)29-15-17-30(18-16-29)39-42-19-20-52-39)36(31)51-35(25)23-45(3)22-27-11-13-28(14-12-27)37(48)43-33-9-5-4-8-32(33)41/h4-20,25-26,35,47H,21-24,41H2,1-3H3,(H,43,48)(H,44,49)/t25-,26-,35-/m1/s1",19697,C[C@H](CO)N1C[C@@H](C)[C@@H](CN(C)Cc2ccc(cc2)C(=O)Nc3ccccc3N)Oc4c(NC(=O)c5ccc(cc5)c6nccs6)cccc4C1=O,NA
Input,CHEMBL2359657,-0.21943729,InputSig,NA,NA,LINCSCP_60035,VCAP,5uM,24h,prostate,NA,NA,AWBBMFXXCINDIY-SGQNLQFHSA-N,"InChI=1S/C30H35N3O5S/c1-22-18-33(23(2)21-34)39(35,36)30-14-12-24(11-13-26-9-5-6-10-27(26)37-4)16-28(30)38-29(22)20-32(3)19-25-8-7-15-31-17-25/h5-10,12,14-17,22-23,29,34H,18-21H2,1-4H3/t22-,23-,29+/m1/s1",37207,COc1ccccc1C#Cc2ccc3c(O[C@@H](CN(C)Cc4cccnc4)[C@H](C)CN([C@H](C)CO)S3(=O)=O)c2,NA
Input,Dexamethasone 21-acetate,-0.21943671,InputSig,NA,NA,LINCSCP_179548,A375,10uM,6h,skin,Glucocorticoid receptor agonist,NR3C1,AKUJBENLRBOFTD-RPRRAYFGSA-N,"InChI=1S/C24H31FO6/c1-13-9-18-17-6-5-15-10-16(27)7-8-21(15,3)23(17,25)19(28)11-22(18,4)24(13,30)20(29)12-31-14(2)26/h7-8,10,13,17-19,28,30H,5-6,9,11-12H2,1-4H3/t13-,17+,18+,19+,21+,22+,23+,24+/m1/s1",15689,C[C@@H]1C[C@H]2[C@@H]3CCC4=CC(=O)C=C[C@]4(C)[C@@]3(F)[C@@H](O)C[C@]2(C)[C@@]1(O)C(=O)COC(=O)C,NA
Input,ZM323881,-0.21942174,InputSig,NA,NA,LINCSCP_22783,HEPG2,10uM,6h,liver,VEGFR inhibitor,KDR,NVBNDZZLJRYRPD-UHFFFAOYSA-N,"InChI=1S/C22H18FN3O2/c1-14-9-18(23)20(11-21(14)27)26-22-17-8-7-16(10-19(17)24-13-25-22)28-12-15-5-3-2-4-6-15/h2-11,13,27H,12H2,1H3,(H,24,25,26)",30822,Cc1cc(F)c(Nc2ncnc3cc(OCc4ccccc4)ccc23)cc1O,NA
Input,"2-(2,4-Dichlorophenoxy)-n-(4-methyl-2-nitrophenyl)acetamide",-0.21909147,InputSig,NA,NA,LINCSCP_46748,PC3,10uM,24h,prostate,NA,NA,LKJBIEDLNAMERY-UHFFFAOYSA-N,"InChI=1S/C15H12Cl2N2O4/c1-9-2-4-12(13(6-9)19(21)22)18-15(20)8-23-14-5-3-10(16)7-11(14)17/h2-7H,8H2,1H3,(H,18,20)",22232,Cc1ccc(NC(=O)COc2ccc(Cl)cc2Cl)c(c1)[N+](=O)[O-],NA
Input,Cediranib,-0.21895499,InputSig,NA,NA,LINCSCP_124871,HT29,10uM,24h,large intestine,KIT inhibitor|VEGFR inhibitor,FLT1|FLT4|KDR|KIT|PDGFRA|PDGFRB,XXJWYDDUDKYVKI-UHFFFAOYSA-N,"InChI=1S/C25H27FN4O3/c1-16-12-17-19(29-16)6-7-21(24(17)26)33-25-18-13-22(31-2)23(14-20(18)27-15-28-25)32-11-5-10-30-8-3-4-9-30/h6-7,12-15,29H,3-5,8-11H2,1-2H3",16449,COc1cc2c(Oc3ccc4[nH]c(C)cc4c3F)ncnc2cc1OCCCN5CCCC5,3
Input,NU-7441,-0.21874787,InputSig,NA,NA,LINCSCP_81054,A549,1.11uM,24h,lung,DNA dependent protein kinase inhibitor|P-glycoprotein inhibitor,PRKDC,JAMULYFATHSZJM-UHFFFAOYSA-N,"InChI=1S/C25H19NO3S/c27-21-15-23(26-11-13-28-14-12-26)29-24-17(6-3-9-20(21)24)19-8-4-7-18-16-5-1-2-10-22(16)30-25(18)19/h1-10,15H,11-14H2",37780,O=C1C=C(Oc2c1cccc2c3cccc4c5ccccc5sc34)N6CCOCC6,NA
Input,Mirin,-0.21872027,InputSig,NA,NA,LINCSCP_59082,VCAP,10uM,6h,prostate,MRE11A exonuclease inhibitor,MRE11,YBHQCJILTOVLHD-YVMONPNESA-N,"InChI=1S/C10H8N2O2S/c11-10-12-9(14)8(15-10)5-6-1-3-7(13)4-2-6/h1-5,13H,(H2,11,12,14)/b8-5-",2032,NC1=NC(=O)\C(=C\c2ccc(O)cc2)\S1,NA
Input,Etomoxir,-0.21870979,InputSig,NA,NA,LINCSCP_90140,HA1E,0.04uM,24h,kidney epithelial,Carnitine palmitoyltransferase inhibitor,CPT1A,DZLOHEOHWICNIL-QGZVFWFLSA-N,"InChI=1S/C17H23ClO4/c1-2-20-16(19)17(13-22-17)11-5-3-4-6-12-21-15-9-7-14(18)8-10-15/h7-10H,2-6,11-13H2,1H3/t17-/m1/s1",16524,CCOC(=O)[C@@]1(CCCCCCOc2ccc(Cl)cc2)CO1,NA
Input,Midostaurin,-0.21864857,InputSig,NA,NA,LINCSCP_26985,HT29,10uM,6h,large intestine,FLT3 inhibitor|KIT inhibitor|PKC inhibitor,FLT3|KDR|KIT|PDGFRA|PDGFRB|PRKCA|PRKCB|PRKCD|PRKCE|PRKCG|PRKCH|PRKCI|PRKCQ|PRKCZ|PRKD1|PRKD3,BMGQWWVMWDBQGC-IIFHNQTCSA-N,"InChI=1S/C35H30N4O4/c1-35-32(42-3)25(37(2)34(41)19-11-5-4-6-12-19)17-26(43-35)38-23-15-9-7-13-20(23)28-29-22(18-36-33(29)40)27-21-14-8-10-16-24(21)39(35)31(27)30(28)38/h4-16,25-26,32H,17-18H2,1-3H3,(H,36,40)/t25-,26-,32-,35+/m1/s1",15431,CO[C@@H]1[C@@H](C[C@H]2O[C@]1(C)n3c4ccccc4c5c6CNC(=O)c6c7c8ccccc8n2c7c35)N(C)C(=O)c9ccccc9,3
Input,Diloxanide Furoate,-0.21862218,InputSig,NA,NA,LINCSCP_2588,A375,10uM,6h,skin,Protein synthesis inhibitor,NA,BDYYDXJSHYEDGB-UHFFFAOYSA-N,"InChI=1S/C14H11Cl2NO4/c1-17(13(18)12(15)16)9-4-6-10(7-5-9)21-14(19)11-3-2-8-20-11/h2-8,12H,1H3",35519,CN(C(=O)C(Cl)Cl)c1ccc(OC(=O)c2occc2)cc1,4
Input,SCHEMBL8038519,-0.21846249,InputSig,NA,NA,LINCSCP_41297,NEU,10uM,6h,NA,Dopamine receptor antagonist,ADRA2A|ADRA2B|ADRA2C|DRD1|DRD2|DRD3|DRD4|DRD5|HRH1|HTR1A|HTR2A|HTR2C|HTR6|HTR7,QZUVYCFQTWCVBQ-UHFFFAOYSA-N,"InChI=1S/C19H24ClN3S/c20-15-8-9-19-17(14-15)23(13-5-12-22-11-4-3-10-21)16-6-1-2-7-18(16)24-19/h1-2,6-9,14,22H,3-5,10-13,21H2",11564,NCCCCNCCCN1c2ccccc2Sc3ccc(Cl)cc13,NA
Input,BM 5,-0.21834622,InputSig,NA,NA,LINCSCP_206910,FIBRNPC,10uM,24h,NA,Acetylcholine receptor agonist,NA,VHYUYQHTMPWAPK-UHFFFAOYSA-N,"InChI=1S/C12H20N2O/c1-11(13(3)12(2)15)7-6-10-14-8-4-5-9-14/h11H,4-5,8-10H2,1-3H3",19458,CC(C#CCN1CCCC1)N(C)C(=O)C,NA
Input,BRD-K65404805-001-01-6,-0.21832124,InputSig,NA,NA,LINCSCP_33900,MCF7,10uM,24h,breast,NA,NA,WIYHORLWMFSPCL-WDCHQWTNSA-N,"InChI=1S/C32H47N3O6/c1-22-17-35(23(2)20-36)32(37)27-16-26(33(4)5)11-13-28(27)41-24(3)9-7-8-14-38-31(22)19-34(6)18-25-10-12-29-30(15-25)40-21-39-29/h10-13,15-16,22-24,31,36H,7-9,14,17-21H2,1-6H3/t22-,23+,24-,31+/m1/s1",311,C[C@@H](CO)N1C[C@@H](C)[C@H](CN(C)Cc2ccc3OCOc3c2)OCCCC[C@@H](C)Oc4ccc(cc4C1=O)N(C)C,NA
Input,BRD-K94534355,-0.21826443,InputSig,NA,NA,LINCSCP_60491,VCAP,5uM,6h,prostate,NA,NA,GOIFBKSVWMRRGJ-LXWOLXCRSA-N,"InChI=1S/C29H33N3O6S2/c1-21-5-10-26(11-6-21)39(34,35)31(4)19-28-22(2)18-32(23(3)20-33)40(36,37)29-12-9-25(17-27(29)38-28)8-7-24-13-15-30-16-14-24/h5-6,9-17,22-23,28,33H,18-20H2,1-4H3/t22-,23-,28-/m0/s1",49,C[C@@H](CO)N1C[C@H](C)[C@H](CN(C)S(=O)(=O)c2ccc(C)cc2)Oc3cc(ccc3S1(=O)=O)C#Cc4ccncc4,NA
Input,Rivastigmine,-0.21825239,InputSig,NA,NA,LINCSCP_47898,PC3,10uM,6h,prostate,Acetylcholinesterase inhibitor,ACHE|BCHE,XSVMFMHYUFZWBK-NSHDSACASA-N,"InChI=1S/C14H22N2O2/c1-6-16(5)14(17)18-13-9-7-8-12(10-13)11(2)15(3)4/h7-11H,6H2,1-5H3/t11-/m0/s1",16290,CCN(C)C(=O)Oc1cccc(c1)[C@H](C)N(C)C,4
Input,CHEMBL2143638,-0.21819799,InputSig,NA,NA,LINCSCP_23250,HEPG2,10uM,6h,liver,NA,NA,YPKBHAMQCQAOQB-ZENPUIFLSA-N,"InChI=1S/C39H43F3N6O5/c1-24-20-48(25(2)23-49)36(50)19-28-18-31(45-38(52)44-30-14-12-29(13-15-30)39(40,41)42)16-17-34(28)53-35(24)22-47(3)21-26-8-10-27(11-9-26)37(51)46-33-7-5-4-6-32(33)43/h4-18,24-25,35,49H,19-23,43H2,1-3H3,(H,46,51)(H2,44,45,52)/t24-,25+,35-/m1/s1",40249,C[C@@H](CO)N1C[C@@H](C)[C@@H](CN(C)Cc2ccc(cc2)C(=O)Nc3ccccc3N)Oc4ccc(NC(=O)Nc5ccc(cc5)C(F)(F)F)cc4CC1=O,NA
Input,GAP-134 (Hydrochloride),-0.21806485,InputSig,NA,NA,LINCSCP_153722,PC3,1.11uM,24h,prostate,NA,NA,BIZKIHUJGMSVFD-MNOVXSKESA-N,"InChI=1S/C14H17N3O4/c15-7-12(18)17-8-10(6-11(17)14(20)21)16-13(19)9-4-2-1-3-5-9/h1-5,10-11H,6-8,15H2,(H,16,19)(H,20,21)/t10-,11+/m1/s1",26732,NCC(=O)N1C[C@@H](C[C@H]1C(=O)O)NC(=O)c2ccccc2,2
Input,BRD-K08121566,-0.21804709,InputSig,NA,NA,LINCSCP_310102,VCAP,30uM,6h,prostate,NA,NA,FFQVOCVWRNAJCW-LNIFMVABSA-N,"InChI=1S/C31H33N3O6/c1-19-14-34(20(2)17-35)31(36)24-11-23(27-12-22-6-4-5-7-25(22)39-27)13-32-30(24)40-29(19)16-33(3)15-21-8-9-26-28(10-21)38-18-37-26/h4-13,19-20,29,35H,14-18H2,1-3H3/t19-,20+,29-/m0/s1",31901,C[C@H](CO)N1C[C@H](C)[C@H](CN(C)Cc2ccc3OCOc3c2)Oc4ncc(cc4C1=O)c5oc6ccccc6c5,NA
Input,Clocortolone Pivalate,-0.21802206,InputSig,NA,NA,LINCSCP_18708,HCC515,10uM,6h,lung,Steroid,NR3C1,SXYZQZLHAIHKKY-GSTUPEFVSA-N,"InChI=1S/C27H36ClFO5/c1-14-9-16-17-11-19(29)18-10-15(30)7-8-26(18,6)27(17,28)21(32)12-25(16,5)22(14)20(31)13-34-23(33)24(2,3)4/h7-8,10,14,16-17,19,21-22,32H,9,11-13H2,1-6H3/t14-,16+,17+,19+,21+,22-,25+,26+,27+/m1/s1",35723,C[C@@H]1C[C@H]2[C@@H]3C[C@H](F)C4=CC(=O)C=C[C@]4(C)[C@@]3(Cl)[C@@H](O)C[C@]2(C)[C@H]1C(=O)COC(=O)C(C)(C)C,4
Input,Strophanthidin,-0.21795945,InputSig,NA,NA,LINCSCP_23743,HEPG2,5uM,6h,liver,ATPase inhibitor,ATP1A1,ODJLBQGVINUMMR-HZXDTFASSA-N,"InChI=1S/C23H32O6/c1-20-6-3-17-18(4-8-22(27)11-15(25)2-7-21(17,22)13-24)23(20,28)9-5-16(20)14-10-19(26)29-12-14/h10,13,15-18,25,27-28H,2-9,11-12H2,1H3/t15-,16+,17-,18+,20+,21-,22-,23-/m0/s1",36078,C[C@]12CC[C@H]3[C@@H](CC[C@]4(O)C[C@@H](O)CC[C@]34C=O)[C@@]1(O)CC[C@@H]2C5=CC(=O)OC5,NA
Input,CI-1040,-0.2179239,InputSig,NA,NA,LINCSCP_42243,NPC,10uM,24h,neural progenitor cells,MEK inhibitor,MAP2K1|MAP2K2,GFMMXOIFOQCCGU-UHFFFAOYSA-N,"InChI=1S/C17H14ClF2IN2O2/c18-12-7-10(21)3-6-14(12)22-16-11(4-5-13(19)15(16)20)17(24)23-25-8-9-1-2-9/h3-7,9,22H,1-2,8H2,(H,23,24)",35266,Fc1ccc(C(=O)NOCC2CC2)c(Nc3ccc(I)cc3Cl)c1F,2
Input,BRD-K47514459,-0.21786844,InputSig,NA,NA,LINCSCP_61347,VCAP,5uM,6h,prostate,NA,NA,ZVOSTPFCAQQCID-DPOKWSEZSA-N,"InChI=1S/C27H35F2N3O5/c1-17-12-32(13-19-10-20(28)6-8-23(19)29)18(2)15-37-24-9-7-21(30-26(33)16-35-4)11-22(24)27(34)31(3)14-25(17)36-5/h6-11,17-18,25H,12-16H2,1-5H3,(H,30,33)/t17-,18-,25+/m0/s1",3277,COCC(=O)Nc1ccc2OC[C@H](C)N(Cc3cc(F)ccc3F)C[C@H](C)[C@@H](CN(C)C(=O)c2c1)OC,NA
Input,"ICI-199,441",-0.21785016,InputSig,NA,NA,LINCSCP_33652,MCF7,10uM,24h,breast,Opioid receptor agonist,OPRK1,AEJOEPSMZCEYJN-HXUWFJFHSA-N,"InChI=1S/C21H24Cl2N2O/c1-24(21(26)14-16-9-10-18(22)19(23)13-16)20(15-25-11-5-6-12-25)17-7-3-2-4-8-17/h2-4,7-10,13,20H,5-6,11-12,14-15H2,1H3/t20-/m1/s1",15900,CN([C@H](CN1CCCC1)c2ccccc2)C(=O)Cc3ccc(Cl)c(Cl)c3,NA
Input,GW-5074,-0.21777946,InputSig,NA,NA,LINCSCP_83759,ASC.C,3.33uM,24h,NA,Leucine rich repeat kinase inhibitor|RAF inhibitor,RAF1,LMXYVLFTZRPNRV-KMKOMSMNSA-N,"InChI=1S/C15H8Br2INO2/c16-11-4-7(5-12(17)14(11)20)3-10-9-6-8(18)1-2-13(9)19-15(10)21/h1-6,20H,(H,19,21)/b10-3-",37524,Oc1c(Br)cc(\C=C\2/C(=O)Nc3ccc(I)cc23)cc1Br,NA
Input,BRD-K43048602,-0.21777311,InputSig,NA,NA,LINCSCP_61233,VCAP,5uM,24h,prostate,NA,NA,OTFQVXLKCTXKNS-JXQFQVJHSA-N,"InChI=1S/C27H35N3O5/c1-6-25(31)30-15-18(2)24(34-5)16-29(4)27(33)22-13-12-21(14-23(22)35-17-19(30)3)28-26(32)20-10-8-7-9-11-20/h7-14,18-19,24H,6,15-17H2,1-5H3,(H,28,32)/t18-,19-,24-/m0/s1",36716,CCC(=O)N1C[C@H](C)[C@H](CN(C)C(=O)c2ccc(NC(=O)c3ccccc3)cc2OC[C@@H]1C)OC,NA
Input,BRD-K74133369-001-01-8,-0.21769857,InputSig,NA,NA,LINCSCP_26525,HT29,10uM,6h,large intestine,ATPase inhibitor|ATP synthase inhibitor,ATP5A1,MNULEGDCPYONBU-JBMMDCLPSA-N,"InChI=1S/C45H74O11/c1-12-34-17-15-13-14-16-27(4)42(51)44(11,53)43(52)32(9)40(50)31(8)39(49)30(7)38(48)26(3)18-21-37(47)54-41-29(6)35(20-19-34)55-45(33(41)10)23-22-25(2)36(56-45)24-28(5)46/h13-15,17-18,21,25-36,38,40-42,46,48,50-51,53H,12,16,19-20,22-24H2,1-11H3/b14-13+,17-15+,21-18+/t25-,26-,27+,28-,29+,30-,31-,32-,33-,34-,35+,36-,38+,40+,41-,42-,44+,45+/m1/s1",42682,CC[C@H]1CC[C@@H]2O[C@]3(CC[C@@H](C)[C@@H](C[C@@H](C)O)O3)[C@H](C)[C@H](OC(=O)\C=C\[C@@H](C)[C@H](O)[C@@H](C)C(=O)[C@@H](C)[C@H](O)[C@@H](C)C(=O)[C@@](C)(O)[C@H](O)[C@@H](C)C\C=C\C=C\1)[C@H]2C,NA
Input,Thioproperazine,-0.2175604,InputSig,NA,NA,LINCSCP_47486,PC3,10uM,24h,prostate,Dopamine receptor antagonist,NA,VZYCZNZBPPHOFY-UHFFFAOYSA-N,"InChI=1S/C22H30N4O2S2/c1-23(2)30(27,28)18-9-10-22-20(17-18)26(19-7-4-5-8-21(19)29-22)12-6-11-25-15-13-24(3)14-16-25/h4-5,7-10,17H,6,11-16H2,1-3H3",15399,CN(C)S(=O)(=O)c1ccc2Sc3ccccc3N(CCCN4CCN(C)CC4)c2c1,NA
Input,MLS002264466,-0.21750926,InputSig,NA,NA,LINCSCP_26256,HT29,10uM,6h,large intestine,NA,NA,QBDCQPFFYLAJJK-UHFFFAOYSA-N,"InChI=1S/C12H9N7S2/c1-19-12(16-17-18-19)21-11-9-7(8-3-2-4-13-8)5-20-10(9)14-6-15-11/h2-6,13H,1H3",4355,Cn1nnnc1Sc2ncnc3scc(c4ccc[nH]4)c23,NA
Input,ML181,-0.21742244,InputSig,NA,NA,LINCSCP_1711,A375,10uM,6h,skin,Neuropeptide receptor antagonist,NPBWR1,RTIGBOQZDVBXCO-UHFFFAOYSA-N,"InChI=1S/C19H17ClN2O3/c1-12-8-13(2)10-14(9-12)22-19(23)18(17(20)11-21-22)25-16-6-4-15(24-3)5-7-16/h4-11H,1-3H3",35700,COc1ccc(OC2=C(Cl)C=NN(C2=O)c3cc(C)cc(C)c3)cc1,NA
Input,BRD-K43683841,-0.21738954,InputSig,NA,NA,LINCSCP_279069,PC3,10uM,6h,prostate,NA,NA,JGSPVHKLUFJULS-NLOXLPDLSA-N,"InChI=1S/C22H31N3OS/c1-5-7-16-8-10-17(11-9-16)21-19(12-23-15(3)4)25(20(21)13-26)22-24-18(6-2)14-27-22/h5,7-11,14-15,19-21,23,26H,6,12-13H2,1-4H3/b7-5+/t19-,20-,21+/m1/s1",88,CCc1csc(n1)N2[C@H](CO)[C@H]([C@H]2CNC(C)C)c3ccc(\C=C\C)cc3,NA
Input,BRD-K85549762,-0.21699899,InputSig,NA,NA,LINCSCP_28033,HT29,5uM,24h,large intestine,NA,NA,RRCKKFPVDDPSKT-HFSMHLIXSA-N,"InChI=1S/C23H34N4O6S/c1-4-34(30,31)24-16-5-8-20-18(13-16)23(29)26(3)19-7-6-17(33-21(19)15-32-20)14-22(28)27-11-9-25(2)10-12-27/h5,8,13,17,19,21,24H,4,6-7,9-12,14-15H2,1-3H3/t17-,19-,21+/m0/s1",4421,CCS(=O)(=O)Nc1ccc2OC[C@H]3O[C@H](CC(=O)N4CCN(C)CC4)CC[C@@H]3N(C)C(=O)c2c1,NA
Input,BRD-K48031880,-0.21696827,InputSig,NA,NA,LINCSCP_279081,PC3,10uM,6h,prostate,NA,NA,YNRAMKWVNRHNLY-BERHBOFZSA-N,"InChI=1S/C29H38N2O5S/c1-21-18-31(22(2)20-32)37(34,35)28-15-14-25(24-12-8-5-9-13-24)17-26(28)36-27(21)19-30(3)29(33)16-23-10-6-4-7-11-23/h4,6-7,10-12,14-15,17,21-22,27,32H,5,8-9,13,16,18-20H2,1-3H3/t21-,22-,27-/m0/s1",32925,C[C@@H](CO)N1C[C@H](C)[C@H](CN(C)C(=O)Cc2ccccc2)Oc3cc(ccc3S1(=O)=O)C4=CCCCC4,NA
Input,Butamben,-0.21689072,InputSig,NA,NA,LINCSCP_47629,PC3,10uM,24h,prostate,Sodium channel blocker,NA,IUWVALYLNVXWKX-UHFFFAOYSA-N,"InChI=1S/C11H15NO2/c1-2-3-8-14-11(13)9-4-6-10(12)7-5-9/h4-7H,2-3,8,12H2,1H3",36445,CCCCOC(=O)c1ccc(N)cc1,4
Input,BRD-K19677752,-0.21684269,InputSig,NA,NA,LINCSCP_61864,VCAP,5uM,6h,prostate,NA,NA,YLLZUOSUTCBCJJ-SKRQURTPSA-N,"InChI=1S/C22H27FN2O5S/c1-15(16-6-3-2-4-7-16)24-22(27)13-18-10-11-20(21(14-26)30-18)25-31(28,29)19-9-5-8-17(23)12-19/h2-9,12,15,18,20-21,25-26H,10-11,13-14H2,1H3,(H,24,27)/t15-,18+,20+,21-/m0/s1",2314,C[C@H](NC(=O)C[C@H]1CC[C@@H](NS(=O)(=O)c2cccc(F)c2)[C@H](CO)O1)c3ccccc3,NA
Input,Thalidomide,-0.21676804,InputSig,NA,NA,LINCSCP_214845,HCC515,10uM,6h,lung,TNF production inhibitor,CRBN|CUL4A|DDB1|RBX1|TNF,UEJJHQNACJXSKW-UHFFFAOYSA-N,"InChI=1S/C13H10N2O4/c16-10-6-5-9(11(17)14-10)15-12(18)7-3-1-2-4-8(7)13(15)19/h1-4,9H,5-6H2,(H,14,16,17)",35446,O=C1CCC(N2C(=O)c3ccccc3C2=O)C(=O)N1,4
Input,BDBM52947,-0.21662806,InputSig,NA,NA,LINCSCP_119430,HT29,0.12uM,24h,large intestine,NA,NA,VXVNYCRICCVPTD-MULYGRJNSA-N,"InChI=1S/C22H24N2O8/c1-7-8-5-4-6-9(25)11(8)16(26)12-10(7)17(27)14-15(24(2)3)18(28)13(21(23)31)20(30)22(14,32)19(12)29/h4-7,10,12-15,17,25,27,32H,1-3H3,(H2,23,31)/t7-,10+,12?,13?,14+,15-,17-,22-/m0/s1",168,C[C@@H]1[C@H]2[C@H](O)[C@H]3[C@H](N(C)C)C(=O)C(C(=O)N)C(=O)[C@@]3(O)C(=O)C2C(=O)c4c(O)cccc14,NA
Input,Rimcazole,-0.21649464,InputSig,NA,NA,LINCSCP_126028,HT29,10uM,24h,large intestine,Sigma receptor antagonist,SIGMAR1,GUDVQJXODNJRIJ-CALCHBBNSA-N,"InChI=1S/C21H27N3/c1-16-14-23(15-17(2)22-16)12-7-13-24-20-10-5-3-8-18(20)19-9-4-6-11-21(19)24/h3-6,8-11,16-17,22H,7,12-15H2,1-2H3/t16-,17+",36533,C[C@@H]1CN(CCCn2c3ccccc3c4ccccc24)C[C@H](C)N1,NA
Input,Broad-Sai-560,-0.21648259,InputSig,NA,NA,LINCSCP_38777,MCF7,0.37uM,24h,breast,HDAC inhibitor,NA,NA,NA,42710,NA,NA
Input,BX-795,-0.21643491,InputSig,NA,NA,LINCSCP_21360,HEC108,10uM,6h,endometrium,IKK inhibitor,PDK1|PDPK1,VAVXGGRQQJZYBL-UHFFFAOYSA-N,"InChI=1S/C23H26IN7O2S/c24-18-15-27-22(30-20(18)25-9-5-10-26-21(32)19-8-4-13-34-19)28-16-6-3-7-17(14-16)29-23(33)31-11-1-2-12-31/h3-4,6-8,13-15H,1-2,5,9-12H2,(H,26,32)(H,29,33)(H2,25,27,28,30)",37923,Ic1cnc(Nc2cccc(NC(=O)N3CCCC3)c2)nc1NCCCNC(=O)c4cccs4,NA
Input,Btcp,-0.21641372,InputSig,NA,NA,LINCSCP_43301,NPC,10uM,6h,neural progenitor cells,Dopamine receptor agonist,NA,RGSVXQJPSWZXOP-UHFFFAOYSA-N,"InChI=1S/C19H25NS/c1-5-11-19(12-6-1,20-13-7-2-8-14-20)18-15-16-9-3-4-10-17(16)21-18/h3-4,9-10,15H,1-2,5-8,11-14H2",36256,C1CCN(CC1)C2(CCCCC2)c3cc4ccccc4s3,NA
Input,Palovarotene,-0.2163348,InputSig,NA,NA,LINCSCP_160076,PC3,10uM,24h,prostate,Retinoic acid receptor gamma agonist,RARG,YTFHCXIPDIHOIA-DHZHZOJOSA-N,"InChI=1S/C27H30N2O2/c1-26(2)12-13-27(3,4)24-17-22(18-29-15-5-14-28-29)21(16-23(24)26)11-8-19-6-9-20(10-7-19)25(30)31/h5-11,14-17H,12-13,18H2,1-4H3,(H,30,31)/b11-8+",26712,CC1(C)CCC(C)(C)c2cc(\C=C\c3ccc(cc3)C(=O)O)c(Cn4cccn4)cc12,2
Input,CHEMBL2142684,-0.21627663,InputSig,NA,NA,LINCSCP_31928,MCF7,10uM,24h,breast,NA,NA,UIWHTZIAIXNFGN-SFXKCFQESA-N,"InChI=1S/C40H42N6O5S/c1-25-21-46(26(2)24-47)40(50)31-7-6-10-34(44-38(49)29-15-17-30(18-16-29)39-42-19-20-52-39)36(31)51-35(25)23-45(3)22-27-11-13-28(14-12-27)37(48)43-33-9-5-4-8-32(33)41/h4-20,25-26,35,47H,21-24,41H2,1-3H3,(H,43,48)(H,44,49)/t25-,26-,35+/m0/s1",19709,C[C@@H](CO)N1C[C@H](C)[C@@H](CN(C)Cc2ccc(cc2)C(=O)Nc3ccccc3N)Oc4c(NC(=O)c5ccc(cc5)c6nccs6)cccc4C1=O,NA
Input,CHEMBL2355399,-0.21627384,InputSig,NA,NA,LINCSCP_46463,PC3,10uM,24h,prostate,NA,NA,CMRLNGHJTMMURI-DNHJLFCISA-N,"InChI=1S/C33H46F3N3O7S/c1-22-9-12-27(13-10-22)47(43,44)37-26-11-14-29-28(18-26)32(42)39(24(3)21-40)19-23(2)30(45-17-7-6-8-25(4)46-29)20-38(5)31(41)15-16-33(34,35)36/h9-14,18,23-25,30,37,40H,6-8,15-17,19-21H2,1-5H3/t23-,24-,25-,30+/m0/s1",19673,C[C@@H](CO)N1C[C@H](C)[C@@H](CN(C)C(=O)CCC(F)(F)F)OCCCC[C@H](C)Oc2ccc(NS(=O)(=O)c3ccc(C)cc3)cc2C1=O,NA
Input,CHEMBL3188086,-0.21612338,InputSig,NA,NA,LINCSCP_28217,HT29,10uM,24h,large intestine,NA,NA,NRAVNVUUWRMRFK-REUBFRLUSA-N,"InChI=1S/C29H34N2O3/c1-34-27-10-3-2-7-22(27)14-11-21-12-15-23(16-13-21)28-25-19-30(29(33)24-8-6-9-24)17-4-5-18-31(25)26(28)20-32/h2-3,7,10,12-13,15-16,24-26,28,32H,4-6,8-9,17-20H2,1H3/t25-,26+,28-/m0/s1",19573,COc1ccccc1C#Cc2ccc(cc2)[C@@H]3[C@@H](CO)N4CCCCN(C[C@@H]34)C(=O)C5CCC5,NA
Input,Eseroline,-0.21612025,InputSig,NA,NA,LINCSCP_43300,NPC,10uM,6h,neural progenitor cells,Acetylcholinesterase inhibitor,NA,HKGWQUVGHPDEBZ-OLZOCXBDSA-N,"InChI=1S/C13H18N2O/c1-13-6-7-14(2)12(13)15(3)11-5-4-9(16)8-10(11)13/h4-5,8,12,16H,6-7H2,1-3H3/t12-,13+/m1/s1",19333,CN1CC[C@]2(C)[C@H]1N(C)c3ccc(O)cc23,NA
Input,BRD-K62265198,-0.21605718,InputSig,NA,NA,LINCSCP_306620,VCAP,5uM,6h,prostate,NA,NA,UIBIEJVTTJAUBZ-LCBFVJPYSA-N,"InChI=1S/C30H32ClN3O6S/c1-19(20-6-4-3-5-7-20)32-29(35)17-23-11-14-26-28(40-23)18-39-27-15-10-22(16-25(27)30(36)34(26)2)33-41(37,38)24-12-8-21(31)9-13-24/h3-10,12-13,15-16,19,23,26,28,33H,11,14,17-18H2,1-2H3,(H,32,35)/t19-,23+,26+,28+/m1/s1",3858,C[C@@H](NC(=O)C[C@@H]1CC[C@H]2[C@H](COc3ccc(NS(=O)(=O)c4ccc(Cl)cc4)cc3C(=O)N2C)O1)c5ccccc5,NA
Input,KU0060648,-0.21601065,InputSig,NA,NA,LINCSCP_12612,CORL23,10uM,6h,lung,DNA dependent protein kinase inhibitor|PI3K inhibitor,PIK3CA|PIK3CB|PIK3CD|PRKDC,AATCBLYHOUOCTO-UHFFFAOYSA-N,"InChI=1S/C33H34N4O4S/c1-2-35-12-14-36(15-13-35)21-29(39)34-26-11-10-23(33-31(26)25-6-3-4-9-28(25)42-33)22-7-5-8-24-27(38)20-30(41-32(22)24)37-16-18-40-19-17-37/h3-11,20H,2,12-19,21H2,1H3,(H,34,39)",16208,CCN1CCN(CC(=O)Nc2ccc(c3cccc4C(=O)C=C(Oc34)N5CCOCC5)c6sc7ccccc7c26)CC1,NA
Input,CHEMBL2358276,-0.21588758,InputSig,NA,NA,LINCSCP_48588,PC3,10uM,24h,prostate,NA,NA,ZAHXKZOKOUSJMC-ACXDTAFXSA-N,"InChI=1S/C27H35N3O2/c1-28(2)19-26(32)29-16-6-7-17-30-24(18-29)27(25(30)20-31)23-14-12-22(13-15-23)11-10-21-8-4-3-5-9-21/h3-5,8-15,24-25,27,31H,6-7,16-20H2,1-2H3/b11-10+/t24-,25-,27-/m1/s1",38184,CN(C)CC(=O)N1CCCCN2[C@H](CO)[C@@H]([C@H]2C1)c3ccc(\C=C\c4ccccc4)cc3,NA
Input,CHEMBL493153,-0.21572291,InputSig,NA,NA,LINCSCP_45335,PC3,10uM,24h,prostate,NA,NA,MZQYEXKXFXQJMD-UHFFFAOYSA-N,"InChI=1S/C16H14ClN3O/c17-12-3-6-15-14(9-12)16(20-10-19-15)18-8-7-11-1-4-13(21)5-2-11/h1-6,9-10,21H,7-8H2,(H,18,19,20)",3583,Oc1ccc(CCNc2ncnc3ccc(Cl)cc23)cc1,NA
Input,BRD-K06432527,-0.21559051,InputSig,NA,NA,LINCSCP_278956,PC3,10uM,6h,prostate,NA,NA,YKADZYQVAJPHMU-LQHHRKQYSA-N,"InChI=1S/C36H55N3O6S/c1-26-14-17-32(18-15-26)46(42,43)37-31-16-19-34-33(21-31)36(41)39(28(3)25-40)22-27(2)35(44-20-10-9-11-29(4)45-34)24-38(5)23-30-12-7-6-8-13-30/h14-19,21,27-30,35,37,40H,6-13,20,22-25H2,1-5H3/t27-,28+,29-,35+/m0/s1",31856,C[C@H](CO)N1C[C@H](C)[C@@H](CN(C)CC2CCCCC2)OCCCC[C@H](C)Oc3ccc(NS(=O)(=O)c4ccc(C)cc4)cc3C1=O,NA
Input,MLS003128613,-0.21548176,InputSig,NA,NA,LINCSCP_1651,A375,10uM,6h,skin,NA,NA,KACBDTJKYGZZRI-UHFFFAOYSA-N,"InChI=1S/C21H19ClN8OS/c22-13-1-2-15-16(9-13)26-17(25-15)10-23-19-18-20(30(12-24-18)14-3-8-32-11-14)28-21(27-19)29-4-6-31-7-5-29/h1-3,8-9,11-12H,4-7,10H2,(H,25,26)(H,23,27,28)",7103,Clc1ccc2[nH]c(CNc3nc(nc4c3ncn4c5ccsc5)N6CCOCC6)nc2c1,NA
Input,Chlorhexidine,-0.21547646,InputSig,NA,NA,LINCSCP_34296,MCF7,10uM,24h,breast,Membrane integrity inhibitor,NA,GHXZTYHSJHQHIJ-UHFFFAOYSA-N,"InChI=1S/C22H30Cl2N10/c23-15-5-9-17(10-6-15)31-21(27)33-19(25)29-13-3-1-2-4-14-30-20(26)34-22(28)32-18-11-7-16(24)8-12-18/h5-12H,1-4,13-14H2,(H5,25,27,29,31,33)(H5,26,28,30,32,34)",16362,Clc1ccc(NC(=N)NC(=N)NCCCCCCNC(=N)NC(=N)Nc2ccc(Cl)cc2)cc1,4
Input,ASN 04454474,-0.21546445,InputSig,NA,NA,LINCSCP_21899,HEPG2,10uM,6h,liver,NA,NA,VTIQOPXBRQFVHQ-UHFFFAOYSA-N,"InChI=1S/C23H19N5O2S2/c1-14-11-16-5-3-4-6-19(16)28-21(14)26-27-23(28)32-13-20(29)25-22-24-18(12-31-22)15-7-9-17(30-2)10-8-15/h3-12H,13H2,1-2H3,(H,24,25,29)",35925,COc1ccc(cc1)c2csc(NC(=O)CSc3nnc4c(C)cc5ccccc5n34)n2,NA
Input,Broad-Sai-045,-0.21543296,InputSig,NA,NA,LINCSCP_49644,PC3,10uM,24h,prostate,NA,NA,BBHURYMVPMFILR-UHFFFAOYSA-N,"InChI=1S/C20H18N4O2/c1-13(25)23-17-5-2-15(3-6-17)20(26)24-19-12-16(4-7-18(19)21)14-8-10-22-11-9-14/h2-12H,21H2,1H3,(H,23,25)(H,24,26)",26532,CC(=O)Nc1ccc(cc1)C(=O)Nc2cc(ccc2N)c3ccncc3,NA
Input,LY-294002,-0.21542441,InputSig,NA,NA,LINCSCP_68491,VCAP,10uM,24h,prostate,MTOR inhibitor|DNA dependent protein kinase inhibitor|Phosphodiesterase inhibitor|PLK inhibitor,MTOR|PIK3CA|PIK3CB|PIK3CD|PIK3CG|PLK1|PRKDC,CZQHHVNHHHRRDU-UHFFFAOYSA-N,"InChI=1S/C19H17NO3/c21-17-13-18(20-9-11-22-12-10-20)23-19-15(7-4-8-16(17)19)14-5-2-1-3-6-14/h1-8,13H,9-12H2",38531,O=C1C=C(Oc2c1cccc2c3ccccc3)N4CCOCC4,NA
Input,MLS002264461,-0.2153193,InputSig,NA,NA,LINCSCP_1398,A375,10uM,24h,skin,NA,NA,TTWDAOGBFIRZMA-UHFFFAOYSA-N,"InChI=1S/C15H10N6O2S2/c1-21-15(18-19-20-21)25-14-12-9(5-24-13(12)16-6-17-14)8-2-3-10-11(4-8)23-7-22-10/h2-6H,7H2,1H3",25011,Cn1nnnc1Sc2ncnc3scc(c4ccc5OCOc5c4)c23,NA
Input,C2-Ceramide,-0.21525381,InputSig,NA,NA,LINCSCP_30370,MCF7,10uM,6h,breast,Phosphoenolpyruvate carboxylase activator|Serine/threonine protein phosphatase activator,NA,BLTCBVOJNNKFKC-QUDYQQOWSA-N,"InChI=1S/C20H39NO3/c1-3-4-5-6-7-8-9-10-11-12-13-14-15-16-20(24)19(17-22)21-18(2)23/h15-16,19-20,22,24H,3-14,17H2,1-2H3,(H,21,23)/b16-15+/t19-,20+/m0/s1",17557,CCCCCCCCCCCCC\C=C\[C@@H](O)[C@H](CO)NC(=O)C,NA
Input,MLS003370625,-0.21520145,InputSig,NA,NA,LINCSCP_1450,A375,10uM,24h,skin,NA,NA,SQDZRLDQWVTYLW-CSKARUKUSA-N,"InChI=1S/C20H18O3/c1-20(2)13-12-15-9-11-17(22)18(19(15)23-20)16(21)10-8-14-6-4-3-5-7-14/h3-13,22H,1-2H3/b10-8+",33649,CC1(C)Oc2c(C=C1)ccc(O)c2C(=O)\C=C\c3ccccc3,NA
Input,Axitinib,-0.21505747,InputSig,NA,NA,LINCSCP_32163,MCF7,10uM,24h,breast,PDGFR tyrosine kinase receptor inhibitor|VEGFR inhibitor,FLT1|FLT4|KDR,RITAVMQDGBJQJZ-FMIVXFBMSA-N,"InChI=1S/C22H18N4OS/c1-23-22(27)18-7-2-3-8-21(18)28-16-10-11-17-19(25-26-20(17)14-16)12-9-15-6-4-5-13-24-15/h2-14H,1H3,(H,23,27)(H,25,26)/b12-9+",5369,CNC(=O)c1ccccc1Sc2ccc3c(\C=C\c4ccccn4)n[nH]c3c2,4
Input,Quisinostat,-0.21488419,InputSig,NA,NA,LINCSCP_32554,MCF7,10uM,24h,breast,HDAC inhibitor,HDAC1|MDM2,PAWIYAYFNXQGAP-UHFFFAOYSA-N,"InChI=1S/C21H26N6O2/c1-26-14-17(18-4-2-3-5-19(18)26)11-22-10-15-6-8-27(9-7-15)21-23-12-16(13-24-21)20(28)25-29/h2-5,12-15,22,29H,6-11H2,1H3,(H,25,28)",36574,Cn1cc(CNCC2CCN(CC2)c3ncc(cn3)C(=O)NO)c4ccccc14,2
Input,BRD-K91946056,-0.21466958,InputSig,NA,NA,LINCSCP_48597,PC3,10uM,24h,prostate,NA,NA,XNACUZIZQDXWGE-OBSHWXBWSA-N,"InChI=1S/C25H30FN3O2/c1-2-5-18-6-8-19(9-7-18)24-22-16-28(14-3-4-15-29(22)23(24)17-30)25(31)27-21-12-10-20(26)11-13-21/h2,5-13,22-24,30H,3-4,14-17H2,1H3,(H,27,31)/b5-2+/t22-,23+,24-/m0/s1",4864,C\C=C\c1ccc(cc1)[C@@H]2[C@@H](CO)N3CCCCN(C[C@@H]23)C(=O)Nc4ccc(F)cc4,NA
Input,H9,-0.21460258,InputSig,NA,NA,LINCSCP_56178,VCAP,10uM,6h,prostate,PKA inhibitor,PRKACA,DCVZSHVZGVWQKV-UHFFFAOYSA-N,"InChI=1S/C11H13N3O2S/c12-5-7-14-17(15,16)11-3-1-2-9-8-13-6-4-10(9)11/h1-4,6,8,14H,5,7,12H2",35974,NCCNS(=O)(=O)c1cccc2cnccc12,NA
Input,Broad-Sai-686,-0.21442568,InputSig,NA,NA,LINCSCP_49292,PC3,10uM,6h,prostate,NA,NA,NA,NA,NA,NA,NA
Input,Hinokitiol,-0.21424974,InputSig,NA,NA,LINCSCP_33086,MCF7,10uM,24h,breast,Tyrosinase inhibitor,NA,FUWUEFKEXZQKKA-UHFFFAOYSA-N,"InChI=1S/C10H12O2/c1-7(2)8-4-3-5-9(11)10(12)6-8/h3-7H,1-2H3,(H,11,12)",15609,CC(C)C1=CC=CC(=O)C(=C1)O,NA
Input,DSSTOX_CID_25343,-0.21420544,InputSig,NA,NA,LINCSCP_47627,PC3,10uM,24h,prostate,Bacterial DNA inhibitor,NA,YCWSUKQGVSGXJO-UHFFFAOYSA-N,"InChI=1S/C12H9N3O5/c16-9-3-1-8(2-4-9)12(17)14-13-7-10-5-6-11(20-10)15(18)19/h1-7,16H,(H,14,17)",18452,Oc1ccc(cc1)C(=O)NN=Cc2oc(cc2)[N+](=O)[O-],NA
Input,C21H27N7O3,-0.21413297,InputSig,NA,NA,LINCSCP_162899,SKBR3,0.04uM,24h,breast,AKT inhibitor,AKT1|AKT2|AKT3|PRKCQ,KGPGFQWBCSZGEL-UHFFFAOYSA-N,"InChI=1S/C21H27N7O3/c1-4-28-18-15(30-12-13-6-5-9-23-10-13)11-24-14(7-8-21(2,3)29)16(18)25-20(28)17-19(22)27-31-26-17/h11,13,23,29H,4-6,9-10,12H2,1-3H3,(H2,22,27)",17523,CCn1c(nc2c(ncc(OCC3CCCNC3)c12)C#CC(C)(C)O)c4nonc4N,NA
Input,BRD-K83816656,-0.2141197,InputSig,NA,NA,LINCSCP_47156,PC3,10uM,24h,prostate,NA,NA,QAVYVNAGSVFDOJ-LOTJKCTMSA-N,"InChI=1S/C36H45Cl2N5O5/c1-23-19-43(24(2)22-44)36(47)27-18-26(40-34(45)11-5-4-6-12-35(46)41-31-10-8-7-9-30(31)39)14-16-32(27)48-33(23)21-42(3)20-25-13-15-28(37)29(38)17-25/h7-10,13-18,23-24,33,44H,4-6,11-12,19-22,39H2,1-3H3,(H,40,45)(H,41,46)/t23-,24+,33-/m0/s1",33856,C[C@H](CO)N1C[C@H](C)[C@H](CN(C)Cc2ccc(Cl)c(Cl)c2)Oc3ccc(NC(=O)CCCCCC(=O)Nc4ccccc4N)cc3C1=O,NA
Input,MLS002473918,-0.21401884,InputSig,NA,NA,LINCSCP_47407,PC3,10uM,6h,prostate,NA,NA,QDRBVCQGVAHXBS-JQASONJCSA-N,"InChI=1S/C37H47N5O5/c1-24-20-42(25(2)23-43)37(46)29-12-9-15-32(40-35(44)27-10-5-4-6-11-27)34(29)47-33(24)22-41(3)21-26-16-18-28(19-17-26)36(45)39-31-14-8-7-13-30(31)38/h7-9,12-19,24-25,27,33,43H,4-6,10-11,20-23,38H2,1-3H3,(H,39,45)(H,40,44)/t24-,25+,33+/m0/s1",16495,C[C@H](CO)N1C[C@H](C)[C@@H](CN(C)Cc2ccc(cc2)C(=O)Nc3ccccc3N)Oc4c(NC(=O)C5CCCCC5)cccc4C1=O,NA
Input,ML239,-0.21400002,InputSig,NA,NA,LINCSCP_51074,RMUGS,10uM,6h,ovary,NA,NA,NVEDPFICKAIHKD-NGYBGAFCSA-N,"InChI=1S/C13H10Cl3N3O2/c14-8-4-10(15)13(11(16)5-8)21-7-12(20)19-18-6-9-2-1-3-17-9/h1-6,17H,7H2,(H,19,20)/b18-6+",36073,Clc1cc(Cl)c(OCC(=O)NN=Cc2ccc[nH]2)c(Cl)c1,NA
Input,Ammonium Glycyrrhizinate,-0.21380209,InputSig,NA,NA,LINCSCP_169870,YAPC,0.12uM,24h,pancreas,NA,NA,LPLVUJXQOOQHMX-FKSWRZCVSA-N,"InChI=1S/C42H62O16/c1-37(2)21-8-11-42(7)31(20(43)16-18-19-17-39(4,36(53)54)13-12-38(19,3)14-15-41(18,42)6)40(21,5)10-9-22(37)55-35-30(26(47)25(46)29(57-35)33(51)52)58-34-27(48)23(44)24(45)28(56-34)32(49)50/h16,19,21-31,34-35,44-48H,8-15,17H2,1-7H3,(H,49,50)(H,51,52)(H,53,54)/t19-,21-,22-,23-,24-,25-,26-,27+,28-,29-,30-,31+,34-,35-,38+,39-,40+,41+,42+/m0/s1",27201,CC1(C)[C@H](CC[C@]2(C)[C@H]1CC[C@]3(C)[C@@H]2C(=O)C=C4[C@@H]5C[C@](C)(CC[C@]5(C)CC[C@@]34C)C(=O)O)O[C@H]6O[C@@H]([C@@H](O)[C@H](O)[C@@H]6O[C@@H]7O[C@@H]([C@@H](O)[C@H](O)[C@H]7O)C(=O)O)C(=O)O,NA
Input,Lexibulin,-0.21350153,InputSig,NA,NA,LINCSCP_50589,PL21,1uM,6h,haematopoietic and lymphoid tissue,Tubulin inhibitor,TUBA1A|TUBA1B|TUBA1C|TUBA3E|TUBA4A|TUBB|TUBB1|TUBB2A|TUBB2B|TUBB3|TUBB4A|TUBB4B|TUBB6|TUBB8,MTJHLONVHHPNSI-IBGZPJMESA-N,"InChI=1S/C24H30N6O2/c1-5-8-19(18-9-7-12-25-15-18)28-22-16(3)14-27-23(30-22)17-10-11-20(21(13-17)32-4)29-24(31)26-6-2/h7,9-15,19H,5-6,8H2,1-4H3,(H2,26,29,31)(H,27,28,30)/t19-/m0/s1",16520,CCC[C@H](Nc1nc(ncc1C)c2ccc(NC(=O)NCC)c(OC)c2)c3cccnc3,2
Input,CHEMBL3188944,-0.21344542,InputSig,NA,NA,LINCSCP_29626,MCF10A,10uM,24h,breast epithelial,NA,NA,WBLZCNIEEVRRTG-UHFFFAOYSA-N,"InChI=1S/C21H20N4O2/c26-20(12-4-5-12)23-19-17-9-6-14(11-18(17)24-25-19)13-2-1-3-15(10-13)21(27)22-16-7-8-16/h1-3,6,9-12,16H,4-5,7-8H2,(H,22,27)(H2,23,24,25,26)",261,O=C(Nc1n[nH]c2cc(ccc12)c3cccc(c3)C(=O)NC4CC4)C5CC5,NA
Input,Meisoindigo,-0.21340695,InputSig,NA,NA,LINCSCP_92769,HA1E,10uM,24h,kidney epithelial,NA,NA,QNOCRUSVMMAKSC-CCEZHUSRSA-N,"InChI=1S/C17H12N2O2/c1-19-13-9-5-3-7-11(13)15(17(19)21)14-10-6-2-4-8-12(10)18-16(14)20/h2-9H,1H3,(H,18,20)/b15-14+",27040,CN1C(=O)\C(=C/2\C(=O)Nc3ccccc23)\c4ccccc14,NA
Input,Olmesartan Medoxomil,-0.21339156,InputSig,NA,NA,LINCSCP_174844,YAPC,0.04uM,24h,pancreas,Angiotensin receptor antagonist,AGTR1,UQGKUQLKSCSZGY-UHFFFAOYSA-N,"InChI=1S/C29H30N6O6/c1-5-8-23-30-25(29(3,4)38)24(27(36)39-16-22-17(2)40-28(37)41-22)35(23)15-18-11-13-19(14-12-18)20-9-6-7-10-21(20)26-31-33-34-32-26/h6-7,9-14,38H,5,8,15-16H2,1-4H3,(H,31,32,33,34)",36032,CCCc1nc(c(C(=O)OCC2=C(C)OC(=O)O2)n1Cc3ccc(cc3)c4ccccc4c5nn[nH]n5)C(C)(C)O,4
Input,SMR000043984,-0.21335222,InputSig,NA,NA,LINCSCP_15709,HA1E,10uM,24h,kidney epithelial,NA,NA,KKTOITAISCXMHG-UHFFFAOYSA-N,"InChI=1S/C23H29N5O2/c1-2-27-12-14-28(15-13-27)22-21(25-19-10-6-7-11-20(19)26-22)18(16-24)23(29)30-17-8-4-3-5-9-17/h6-7,10-11,17-18H,2-5,8-9,12-15H2,1H3",33504,CCN1CCN(CC1)c2nc3ccccc3nc2C(C#N)C(=O)OC4CCCCC4,NA
Input,SC_I_004,-0.21330587,InputSig,NA,NA,LINCSCP_6048,A549,10uM,6h,lung,NA,NA,YZWZHVMMCUBEBC-PKNBQFBNSA-N,"InChI=1S/C24H22N2O5/c1-29-20-14-18(15-21(30-2)23(20)31-3)9-11-22(27)26-13-5-7-19(24(26)28)10-8-17-6-4-12-25-16-17/h4,6-7,9,11-12,14-16H,5,13H2,1-3H3/b11-9+",26534,COc1cc(\C=C\C(=O)N2CCC=C(C#Cc3cccnc3)C2=O)cc(OC)c1OC,NA
Input,GSK J4,-0.21325504,InputSig,NA,NA,LINCSCP_146801,NEU,10uM,24h,NA,NA,NA,WBKCKEHGXNWYMO-UHFFFAOYSA-N,"InChI=1S/C24H27N5O2/c1-2-31-23(30)10-14-26-21-17-22(28-24(27-21)20-9-5-6-13-25-20)29-15-11-18-7-3-4-8-19(18)12-16-29/h3-9,13,17H,2,10-12,14-16H2,1H3,(H,26,27,28)",40381,CCOC(=O)CCNc1cc(nc(n1)c2ccccn2)N3CCc4ccccc4CC3,NA
Input,SCHEMBL12684744,-0.21325037,InputSig,NA,NA,LINCSCP_47126,PC3,10uM,24h,prostate,NA,NA,XHCFGJIATIGRMD-RNDKRWLGSA-N,"InChI=1S/C37H42N6O5/c1-24-20-43(25(2)23-44)36(46)29-12-9-15-32(41-37(47)39-28-10-5-4-6-11-28)34(29)48-33(24)22-42(3)21-26-16-18-27(19-17-26)35(45)40-31-14-8-7-13-30(31)38/h4-19,24-25,33,44H,20-23,38H2,1-3H3,(H,40,45)(H2,39,41,47)/t24-,25+,33-/m1/s1",13011,C[C@@H](CO)N1C[C@@H](C)[C@@H](CN(C)Cc2ccc(cc2)C(=O)Nc3ccccc3N)Oc4c(NC(=O)Nc5ccccc5)cccc4C1=O,NA
Input,BRD-K79532217,-0.21324279,InputSig,NA,NA,LINCSCP_41122,NEU,10uM,24h,NA,NA,NA,QOQOLXTVYWSIIG-VWKPWSFCSA-N,"InChI=1S/C23H31N3O6S/c1-15-13-26(16(2)14-27)23(28)19-6-5-7-20(22(19)32-21(15)12-24-3)25-33(29,30)18-10-8-17(31-4)9-11-18/h5-11,15-16,21,24-25,27H,12-14H2,1-4H3/t15-,16+,21-/m1/s1",33712,CNC[C@H]1Oc2c(NS(=O)(=O)c3ccc(OC)cc3)cccc2C(=O)N(C[C@H]1C)[C@@H](C)CO,NA
Input,BRD-K40690989,-0.213211,InputSig,NA,NA,LINCSCP_311709,VCAP,10uM,24h,prostate,NA,NA,DYFXALJZQJAGQY-NOOBJOLFSA-N,"InChI=1S/C24H30N4O5/c1-28(2)13-23(31)27-16-5-6-20-18(8-16)19-9-17(32-21(14-29)24(19)33-20)10-22(30)26-12-15-4-3-7-25-11-15/h3-8,11,17,19,21,24,29H,9-10,12-14H2,1-2H3,(H,26,30)(H,27,31)/t17-,19-,21+,24+/m0/s1",25658,CN(C)CC(=O)Nc1ccc2O[C@H]3[C@@H](CO)O[C@H](CC(=O)NCc4cccnc4)C[C@H]3c2c1,NA
Input,ZINC01037382,-0.21319257,InputSig,NA,NA,LINCSCP_47037,PC3,10uM,6h,prostate,NA,NA,VAUYKIRTPDSWGR-MHWRWJLKSA-N,"InChI=1S/C18H12F6N2O2S/c1-11-2-4-15(5-3-11)29(27,28)16(9-25)10-26-14-7-12(17(19,20)21)6-13(8-14)18(22,23)24/h2-8,10,26H,1H3/b16-10+",25757,Cc1ccc(cc1)S(=O)(=O)\C(=C\Nc2cc(cc(c2)C(F)(F)F)C(F)(F)F)\C#N,NA
Input,Parachlorophenol,-0.21319054,InputSig,NA,NA,LINCSCP_33631,MCF7,10uM,24h,breast,Antiinfective drug,NA,WXNZTHHGJRFXKQ-UHFFFAOYSA-N,"InChI=1S/C6H5ClO/c7-5-1-3-6(8)4-2-5/h1-4,8H",10874,Oc1ccc(Cl)cc1,NA
Input,SSR 69071,-0.21316803,InputSig,NA,NA,LINCSCP_56349,VCAP,10uM,6h,prostate,Leukocyte elastase inhibitor,ELANE,DRZXDZYWZSKFDL-UHFFFAOYSA-N,"InChI=1S/C27H32N4O7S/c1-18(2)20-14-19(36-3)15-22-25(20)27(33)31(39(22,34)35)17-38-23-16-24(32)30-11-7-8-21(26(30)28-23)37-13-12-29-9-5-4-6-10-29/h7-8,11,14-16,18H,4-6,9-10,12-13,17H2,1-3H3",15895,COc1cc(C(C)C)c2C(=O)N(COC3=CC(=O)N4C=CC=C(OCCN5CCCCC5)C4=N3)S(=O)(=O)c2c1,NA
Input,Primaquine,-0.21309121,InputSig,NA,NA,LINCSCP_26790,HT29,10uM,6h,large intestine,Antimalarial agent|DNA inhibitor,NA,INDBQLZJXZLFIT-UHFFFAOYSA-N,"InChI=1S/C15H21N3O/c1-11(5-3-7-16)18-14-10-13(19-2)9-12-6-4-8-17-15(12)14/h4,6,8-11,18H,3,5,7,16H2,1-2H3",15268,COc1cc(NC(C)CCCN)c2ncccc2c1,4
Input,Lu AE58054 (Hydrochloride),-0.21301691,InputSig,NA,NA,LINCSCP_143441,MCF7,10uM,24h,breast,Serotonin 6 (5-HT6) receptor antagonist (Serotonin 6,HTR6,YBAWYTYNMZWMMJ-UHFFFAOYSA-N,"InChI=1S/C20H19F5N2O/c21-15-4-5-17-14(11-27-18(17)9-15)6-7-26-10-13-2-1-3-16(8-13)28-12-20(24,25)19(22)23/h1-5,8-9,11,19,26-27H,6-7,10,12H2",26737,FC(F)C(F)(F)COc1cccc(CNCCc2c[nH]c3cc(F)ccc23)c1,3
Input,BRD-K85471465,-0.2129574,InputSig,NA,NA,LINCSCP_302182,VCAP,5uM,24h,prostate,NA,NA,VZTWMEPVNSFWIB-QRQLOZEOSA-N,"InChI=1S/C20H27FN2O5S/c21-14-6-9-17(10-7-14)29(26,27)23-18-11-8-16(28-19(18)13-24)12-20(25)22-15-4-2-1-3-5-15/h6-11,15-16,18-19,23-24H,1-5,12-13H2,(H,22,25)/t16-,18-,19+/m1/s1",4414,OC[C@@H]1O[C@@H](CC(=O)NC2CCCCC2)C=C[C@H]1NS(=O)(=O)c3ccc(F)cc3,NA
Input,MLS002264491,-0.21294416,InputSig,NA,NA,LINCSCP_292688,VCAP,10uM,6h,prostate,NA,NA,IGXWYLBNMQLMCN-UHFFFAOYSA-N,"InChI=1S/C18H18F2N2O6S2/c19-14-2-1-3-15(20)18(14)29(23,24)21-9-12-10-22(11-12)30(25,26)13-4-5-16-17(8-13)28-7-6-27-16/h1-5,8,12,21H,6-7,9-11H2",16067,Fc1cccc(F)c1S(=O)(=O)NCC2CN(C2)S(=O)(=O)c3ccc4OCCOc4c3,NA
Input,CEP-18770 (Delanzomib),-0.21286406,InputSig,NA,NA,LINCSCP_75876,A375,10uM,24h,skin,NA,NA,SJFBTAPEPRWNKH-CCKFTAQKSA-N,"InChI=1S/C21H28BN3O5/c1-13(2)12-18(22(29)30)24-21(28)19(14(3)26)25-20(27)17-11-7-10-16(23-17)15-8-5-4-6-9-15/h4-11,13-14,18-19,26,29-30H,12H2,1-3H3,(H,24,28)(H,25,27)/t14-,18+,19+/m1/s1",26610,CC(C)C[C@H](NC(=O)[C@@H](NC(=O)c1cccc(n1)c2ccccc2)[C@@H](C)O)B(O)O,NA
Input,levopropoxyphene,-0.21281935,InputSig,NA,NA,LINCSCP_153152,PC3,3.33uM,24h,prostate,NA,NA,NA,NA,NA,NA,NA
Input,Pracinostat,-0.21272902,InputSig,NA,NA,LINCSCP_117423,HT29,0.12uM,24h,large intestine,NA,NA,JHDKZFFAIZKUCU-ZRDIBKRKSA-N,"InChI=1S/C20H30N4O2/c1-4-7-8-19-21-17-15-16(10-12-20(25)22-26)9-11-18(17)24(19)14-13-23(5-2)6-3/h9-12,15,26H,4-8,13-14H2,1-3H3,(H,22,25)/b12-10+",6114,CCCCc1nc2cc(\C=C\C(=O)NO)ccc2n1CCN(CC)CC,NA
Input,Amitriptyline,-0.21265133,InputSig,NA,NA,LINCSCP_155103,PC3,10uM,24h,prostate,Serotonin transporter inhibitor|Norepinephrine transporter inhibitor,CHRM1|CHRM2|CHRM3|CHRM4|CHRM5|HRH1|HTR6|SLC6A2|SLC6A4,KRMDCWKBEZIMAB-UHFFFAOYSA-N,"InChI=1S/C20H23N/c1-21(2)15-7-12-20-18-10-5-3-8-16(18)13-14-17-9-4-6-11-19(17)20/h3-6,8-12H,7,13-15H2,1-2H3",15727,CN(C)CCC=C1c2ccccc2CCc3ccccc13,4
Input,AC1NSZCT,-0.21261028,InputSig,NA,NA,LINCSCP_262058,NPC,10uM,24h,neural progenitor cells,Glucocorticoid receptor agonist,NR3C1,JYGXADMDTFJGBT-YDAVOWJHSA-N,"InChI=1S/C21H30O5/c1-19-7-5-13(23)9-12(19)3-4-14-15-6-8-21(26,17(25)11-22)20(15,2)10-16(24)18(14)19/h9,14-16,18,22,24,26H,3-8,10-11H2,1-2H3/t14?,15?,16-,18?,19-,20-,21-/m0/s1",451,C[C@]12CCC(=O)C=C1CCC3C4CC[C@](O)(C(=O)CO)[C@@]4(C)C[C@H](O)C23,NA
Input,AMD-070 (hydrochloride),-0.21260858,InputSig,NA,NA,LINCSCP_139081,MCF7,3.33uM,24h,breast,NA,NA,WVLHHLRVNDMIAR-IBGZPJMESA-N,"InChI=1S/C21H27N5/c22-12-3-4-14-26(15-20-24-17-9-1-2-10-18(17)25-20)19-11-5-7-16-8-6-13-23-21(16)19/h1-2,6,8-10,13,19H,3-5,7,11-12,14-15,22H2,(H,24,25)/t19-/m0/s1",26791,NCCCCN(Cc1nc2ccccc2[nH]1)[C@H]3CCCc4cccnc34,NA
Input,LY2784544,-0.21260597,InputSig,NA,NA,LINCSCP_72363,A375,10uM,24h,skin,NA,NA,SQSZANZGUXWJEA-UHFFFAOYSA-N,"InChI=1S/C23H25ClFN7O/c1-14-9-21(29-28-14)27-22-11-17(13-31-5-7-33-8-6-31)23-26-15(2)20(32(23)30-22)10-16-3-4-18(24)12-19(16)25/h3-4,9,11-12H,5-8,10,13H2,1-2H3,(H2,27,28,29,30)",26475,Cc1cc(Nc2cc(CN3CCOCC3)c4nc(C)c(Cc5ccc(Cl)cc5F)n4n2)[nH]n1,NA
Input,Sulpiride,-0.21250646,InputSig,NA,NA,LINCSCP_155154,PC3,0.37uM,24h,prostate,Dopamine receptor antagonist,CA7|DRD2|DRD3,BGRJTUBHPOOWDU-UHFFFAOYSA-N,"InChI=1S/C15H23N3O4S/c1-3-18-8-4-5-11(18)10-17-15(19)13-9-12(23(16,20)21)6-7-14(13)22-2/h6-7,9,11H,3-5,8,10H2,1-2H3,(H,17,19)(H2,16,20,21)",16248,CCN1CCCC1CNC(=O)c2cc(ccc2OC)S(=O)(=O)N,4
Input,LY451395,-0.21250337,InputSig,NA,NA,LINCSCP_139104,MCF7,10uM,24h,breast,Glutamate receptor ionotropic AMPA positive allosteric modulator,GRIA1|GRIA2|GRIA3|GRIA4,ULRDYYKSPCRXAJ-KRWDZBQOSA-N,"InChI=1S/C21H30N2O4S2/c1-16(2)29(26,27)23-15-17(3)19-9-11-21(12-10-19)20-7-5-18(6-8-20)13-14-22-28(4,24)25/h5-12,16-17,22-23H,13-15H2,1-4H3/t17-/m0/s1",26918,CC(C)S(=O)(=O)NC[C@H](C)c1ccc(cc1)c2ccc(CCNS(=O)(=O)C)cc2,2
Input,"N,N-Dimethyl-n'-{5-[(2-methyl-4-quinolyl)thio]-1,3,4-thiadiazol-2-yl}iminoformamide",-0.2124978,InputSig,NA,NA,LINCSCP_32382,MCF7,10uM,6h,breast,NA,NA,TUKHBNWSNXWSSM-CXUHLZMHSA-N,"InChI=1S/C15H15N5S2/c1-10-8-13(11-6-4-5-7-12(11)17-10)21-15-19-18-14(22-15)16-9-20(2)3/h4-9H,1-3H3/b16-9+",36399,CN(C)\C=N\c1nnc(Sc2cc(C)nc3ccccc23)s1,NA
Input,AB00540133,-0.21249301,InputSig,NA,NA,LINCSCP_10354,A673,10uM,6h,bone,NA,NA,TUPPZGFKINLCEX-UHFFFAOYSA-N,"InChI=1S/C16H14N2O2S/c1-17(2)15(19)11-6-5-7-12(10-11)18-16(20)13-8-3-4-9-14(13)21-18/h3-10H,1-2H3",17394,CN(C)C(=O)c1cccc(c1)N2Sc3ccccc3C2=O,NA
Input,CGS-15943,-0.21248505,InputSig,NA,NA,LINCSCP_252665,MCF7,40uM,24h,breast,Adenosine receptor antagonist,ADORA1|ADORA2A|ADORA2B,MSJODEOZODDVGW-UHFFFAOYSA-N,"InChI=1S/C13H8ClN5O/c14-7-3-4-9-8(6-7)12-17-11(10-2-1-5-20-10)18-19(12)13(15)16-9/h1-6H,(H2,15,16)",15693,Nc1nc2ccc(Cl)cc2c3nc(nn13)c4occc4,NA
Input,"2-(4-(4-Chloro-1,2-diphenylbut-1-en-1-yl)phenoxy)-n,n-dimethylethanamine",-0.2124753,InputSig,NA,NA,LINCSCP_280498,PC3,10uM,24h,prostate,Estrogen receptor antagonist|Selective estrogen receptor modulator (SERM),ESR1,XFCLJVABOIYOMF-OCEACIFDSA-N,"InChI=1S/C26H28ClNO/c1-28(2)19-20-29-24-15-13-23(14-16-24)26(22-11-7-4-8-12-22)25(17-18-27)21-9-5-3-6-10-21/h3-16H,17-20H2,1-2H3/b26-25+",2344,CN(C)CCOc1ccc(cc1)\C(=C(/CCCl)\c2ccccc2)\c3ccccc3,NA
Input,atorvastatin,-0.21245347,InputSig,NA,NA,LINCSCP_45069,PC3,10uM,24h,prostate,HMGCR inhibitor,DPP4|HMGCR,NA,NA,NA,NA,NA
Input,SCHEMBL6851809,-0.21244693,InputSig,NA,NA,LINCSCP_57015,VCAP,10uM,6h,prostate,MTOR inhibitor,MTOR,CBPNZQVSJQDFBE-WEDGMEQVSA-N,"InChI=1S/C56H87NO16/c1-33-17-13-12-14-18-34(2)45(68-9)29-41-22-20-39(7)56(67,73-41)51(63)52(64)57-24-16-15-19-42(57)53(65)71-46(30-43(60)35(3)26-38(6)49(62)50(70-11)48(61)37(5)25-33)36(4)27-40-21-23-44(47(28-40)69-10)72-54(66)55(8,31-58)32-59/h12-14,17-18,26,33,35-37,39-42,44-47,49-50,58-59,62,67H,15-16,19-25,27-32H2,1-11H3/b14-12+,17-13+,34-18+,38-26+",42684,COC1CC(CC(C)C2CC(=O)C(C)\C=C(/C)\C(O)C(OC)C(=O)C(C)CC(C)\C=C\C=C\C=C(/C)\C(CC3CCC(C)C(O)(O3)C(=O)C(=O)N4CCCCC4C(=O)O2)OC)CCC1OC(=O)C(C)(CO)CO,NA
Input,ANISODAMINE HYDROBROMIDE,-0.21239441,InputSig,NA,NA,LINCSCP_89612,HA1E,0.12uM,24h,kidney epithelial,NA,NA,WTQYWNWRJNXDEG-GZPFGDLZSA-N,"InChI=1S/C17H23NO4/c1-18-12-7-13(9-15(18)16(20)8-12)22-17(21)14(10-19)11-5-3-2-4-6-11/h2-6,12-16,19-20H,7-10H2,1H3/t12?,13-,14+,15+,16-/m0/s1",26681,CN1C2C[C@@H](C[C@@H]1[C@@H](O)C2)OC(=O)[C@H](CO)c3ccccc3,NA
Input,ST50177349,-0.21235235,InputSig,NA,NA,LINCSCP_7204,A549,10uM,6h,lung,Smoothened receptor antagonist,SHH|SMO,FOORCIAZMIWALX-UHFFFAOYSA-N,"InChI=1S/C23H27N5/c1-19-23(20(2)28(25-19)22-11-7-4-8-12-22)17-24-27-15-13-26(14-16-27)18-21-9-5-3-6-10-21/h3-12,17H,13-16,18H2,1-2H3",23062,Cc1nn(c(C)c1C=NN2CCN(Cc3ccccc3)CC2)c4ccccc4,NA
Input,Benzoxiquine,-0.21231597,InputSig,NA,NA,LINCSCP_56450,VCAP,10uM,24h,prostate,Antiinfective drug,NA,BHKPHCKISVSDGV-UHFFFAOYSA-N,InChI=1S/C16H11NO2/c18-16(13-6-2-1-3-7-13)19-14-10-4-8-12-9-5-11-17-15(12)14/h1-11H,1108,O=C(Oc1cccc2cccnc12)c3ccccc3,NA
Input,Fludarabine,-0.21231414,InputSig,NA,NA,LINCSCP_272085,PC3,10uM,24h,prostate,DNA synthesis inhibitor,RRM1,HBUBKKRHXORPQB-FJFJXFQQSA-N,"InChI=1S/C10H12FN5O4/c11-10-14-7(12)4-8(15-10)16(2-13-4)9-6(19)5(18)3(1-17)20-9/h2-3,5-6,9,17-19H,1H2,(H2,12,14,15)/t3-,5-,6+,9-/m1/s1",36521,Nc1nc(F)nc2c1ncn2[C@@H]3O[C@H](CO)[C@@H](O)[C@@H]3O,NA
Input,KN93,-0.21226684,InputSig,NA,NA,LINCSCP_44268,PC3,10uM,24h,prostate,Calcium/calmodulin dependent protein kinase inhibitor,CAMK2A,LLLQTDSSHZREGW-AATRIKPKSA-N,"InChI=1S/C26H29ClN2O4S/c1-28(17-5-6-21-9-11-23(27)12-10-21)20-22-7-3-4-8-26(22)29(18-19-30)34(31,32)25-15-13-24(33-2)14-16-25/h3-16,30H,17-20H2,1-2H3/b6-5+",17226,COc1ccc(cc1)S(=O)(=O)N(CCO)c2ccccc2CN(C)C\C=C\c3ccc(Cl)cc3,NA
Input,Aripiprazole,-0.21219472,InputSig,NA,NA,LINCSCP_142175,MCF7,10uM,24h,breast,Serotonin receptor agonist|Serotonin receptor antagonist,DRD2|HRH1|HTR1A|HTR1B|HTR1D|HTR2A|HTR2C,CEUORZQYGODEFX-UHFFFAOYSA-N,"InChI=1S/C23H27Cl2N3O2/c24-19-4-3-5-21(23(19)25)28-13-11-27(12-14-28)10-1-2-15-30-18-8-6-17-7-9-22(29)26-20(17)16-18/h3-6,8,16H,1-2,7,9-15H2,(H,26,29)",16405,Clc1cccc(N2CCN(CCCCOc3ccc4CCC(=O)Nc4c3)CC2)c1Cl,4
Input,BRD-K12450081,-0.21217258,InputSig,NA,NA,LINCSCP_310110,VCAP,30uM,6h,prostate,NA,NA,XNWPWURMKBHVTJ-VXLXPWSCSA-N,"InChI=1S/C31H38F3N5O5/c1-18-14-39(19(2)17-40)28(41)13-23-12-25(35-30(42)36-29-20(3)37-44-21(29)4)10-11-26(23)43-27(18)16-38(5)15-22-6-8-24(9-7-22)31(32,33)34/h6-12,18-19,27,40H,13-17H2,1-5H3,(H2,35,36,42)/t18-,19+,27-/m1/s1",11893,C[C@@H](CO)N1C[C@@H](C)[C@@H](CN(C)Cc2ccc(cc2)C(F)(F)F)Oc3ccc(NC(=O)Nc4c(C)onc4C)cc3CC1=O,NA
Input,BRD-A07407288,-0.2119304,InputSig,NA,NA,LINCSCP_47181,PC3,10uM,6h,prostate,NA,NA,CISVJPXUQJEUAP-UHFFFAOYSA-N,"InChI=1S/C18H21N3O3/c1-18(2,3)12-6-7-14-15(9-12)24-16(11-23-14)17(22)21-20-10-13-5-4-8-19-13/h4-10,16,19H,11H2,1-3H3,(H,21,22)",22387,CC(C)(C)c1ccc2OCC(Oc2c1)C(=O)NN=Cc3ccc[nH]3,NA
Input,BRD-K05174693,-0.21184542,InputSig,NA,NA,LINCSCP_309975,VCAP,30uM,24h,prostate,NA,NA,HCQLERWFCRODCT-FVCFNFBRSA-N,"InChI=1S/C34H45N3O7S2/c1-24-21-37(25(2)23-38)34(40)29-20-28(35-32(39)19-27-12-6-5-7-13-27)15-16-30(29)44-26(3)11-8-9-17-43-31(24)22-36(4)46(41,42)33-14-10-18-45-33/h5-7,10,12-16,18,20,24-26,31,38H,8-9,11,17,19,21-23H2,1-4H3,(H,35,39)/t24-,25+,26-,31-/m1/s1",11721,C[C@@H](CO)N1C[C@@H](C)[C@@H](CN(C)S(=O)(=O)c2cccs2)OCCCC[C@@H](C)Oc3ccc(NC(=O)Cc4ccccc4)cc3C1=O,NA
Input,Falnidamol,-0.21181805,InputSig,NA,NA,LINCSCP_32926,MCF7,10uM,24h,breast,EGFR inhibitor|Tyrosine kinase inhibitor,EGFR,FTFRZXFNZVCRSK-UHFFFAOYSA-N,"InChI=1S/C18H19ClFN7/c1-27-6-4-11(5-7-27)25-18-21-9-15-16(26-18)17(23-10-22-15)24-12-2-3-14(20)13(19)8-12/h2-3,8-11H,4-7H2,1H3,(H,21,25,26)(H,22,23,24)",35980,CN1CCC(CC1)Nc2ncc3ncnc(Nc4ccc(F)c(Cl)c4)c3n2,1
Input,AT13387,-0.21168844,InputSig,NA,NA,LINCSCP_157487,PC3,10uM,24h,prostate,NA,NA,IFRGXKKQHBVPCQ-UHFFFAOYSA-N,"InChI=1S/C24H31N3O3/c1-16(2)20-11-21(23(29)12-22(20)28)24(30)27-14-18-5-4-17(10-19(18)15-27)13-26-8-6-25(3)7-9-26/h4-5,10-12,16,28-29H,6-9,13-15H2,1-3H3",26714,CC(C)c1cc(C(=O)N2Cc3ccc(CN4CCN(C)CC4)cc3C2)c(O)cc1O,2
Input,SCHEMBL16980379,-0.21164022,InputSig,NA,NA,LINCSCP_50422,PHH,10uM,6h,NA,NA,NA,HJQSQTAMFLANGO-WREQKUGYSA-N,"InChI=1S/C33H38N2O5/c36-27-21-35(19-24-10-12-29(13-11-24)39-28-8-2-1-3-9-28)31-15-14-30(40-32(31)23-38-22-27)18-33(37)34-17-16-25-6-4-5-7-26(25)20-34/h1-13,27,30-32,36H,14-23H2/t27-,30+,31-,32+/m0/s1",318,O[C@@H]1COC[C@H]2O[C@@H](CC(=O)N3CCc4ccccc4C3)CC[C@@H]2N(Cc5ccc(Oc6ccccc6)cc5)C1,NA
Input,BRD-K63455741,-0.21161111,InputSig,NA,NA,LINCSCP_259306,NEU,10uM,24h,NA,NA,NA,TXADMCPTZYKUFW-QWFCFKBJSA-N,"InChI=1S/C20H31N3O3/c1-15(2)23(19(25)13-22-8-10-26-11-9-22)12-17-20(18(14-24)21-17)16-6-4-3-5-7-16/h3-7,15,17-18,20-21,24H,8-14H2,1-2H3/t17-,18-,20-/m1/s1",33313,CC(C)N(C[C@H]1N[C@H](CO)[C@@H]1c2ccccc2)C(=O)CN3CCOCC3,NA
Input,STK054715,-0.21157832,InputSig,NA,NA,LINCSCP_31444,MCF7,10uM,6h,breast,NA,NA,JJGHVQNGNRZIMN-UHFFFAOYSA-N,"InChI=1S/C21H15N3O/c22-20-19-17(14-7-2-1-3-8-14)18-15-9-5-4-6-13(15)10-11-16(18)25-21(19)24-12-23-20/h1-12,17H,(H2,22,23,24)",22491,Nc1ncnc2Oc3ccc4ccccc4c3C(c5ccccc5)c12,NA
Input,Sulfadoxine,-0.21156344,InputSig,NA,NA,LINCSCP_155127,PC3,10uM,24h,prostate,Dihydropteroate synthase inhibitor,NA,PJSFRIWCGOHTNF-UHFFFAOYSA-N,"InChI=1S/C12H14N4O4S/c1-19-10-11(14-7-15-12(10)20-2)16-21(17,18)9-5-3-8(13)4-6-9/h3-7H,13H2,1-2H3,(H,14,15,16)",36494,COc1ncnc(NS(=O)(=O)c2ccc(N)cc2)c1OC,4
Input,AM-580,-0.21155079,InputSig,NA,NA,LINCSCP_55444,U937,10uM,6h,haematopoietic and lymphoid tissue,Retinoid receptor agonist,RARA,SZWKGOZKRMMLAJ-UHFFFAOYSA-N,"InChI=1S/C22H25NO3/c1-21(2)11-12-22(3,4)18-13-15(7-10-17(18)21)19(24)23-16-8-5-14(6-9-16)20(25)26/h5-10,13H,11-12H2,1-4H3,(H,23,24)(H,25,26)",2509,CC1(C)CCC(C)(C)c2cc(ccc12)C(=O)Nc3ccc(cc3)C(=O)O,NA
Input,Kinetin Riboside,-0.21144925,InputSig,NA,NA,LINCSCP_54380,SW620,10uM,6h,large intestine,Apoptosis stimulant,NA,CAGLGYNQQSIUGX-SDBHATRESA-N,"InChI=1S/C15H17N5O5/c21-5-9-11(22)12(23)15(25-9)20-7-19-10-13(17-6-18-14(10)20)16-4-8-2-1-3-24-8/h1-3,6-7,9,11-12,15,21-23H,4-5H2,(H,16,17,18)/t9-,11-,12-,15-/m1/s1",36705,OC[C@H]1O[C@H]([C@H](O)[C@@H]1O)n2cnc3c(NCc4occc4)ncnc23,NA
Input,BRD-K84447176,-0.21142612,InputSig,NA,NA,LINCSCP_60244,VCAP,5uM,24h,prostate,NA,NA,BMTZFXAWOLTARL-UZINWLIJSA-N,"InChI=1S/C27H36N2O5S/c1-6-14-28(4)18-26-20(2)17-29(21(3)19-30)35(31,32)27-13-12-23(16-25(27)34-26)11-10-22-8-7-9-24(15-22)33-5/h7-9,12-13,15-16,20-21,26,30H,6,14,17-19H2,1-5H3/t20-,21+,26-/m0/s1",28948,CCCN(C)C[C@@H]1Oc2cc(ccc2S(=O)(=O)N(C[C@@H]1C)[C@H](C)CO)C#Cc3cccc(OC)c3,NA
Input,MLS001116217,-0.21127891,InputSig,NA,NA,LINCSCP_261417,NPC,10uM,24h,neural progenitor cells,NA,NA,KQXGUMFOKFQRCK-UHFFFAOYSA-N,"InChI=1S/C16H14ClN5O3S2/c1-2-12-21-22-15(26-12)20-14(23)13-11(17)8-18-16(19-13)27(24,25)9-10-6-4-3-5-7-10/h3-8H,2,9H2,1H3,(H,20,22,23)",23398,CCc1nnc(NC(=O)c2nc(ncc2Cl)S(=O)(=O)Cc3ccccc3)s1,NA
Input,Xanthohumol,-0.21124437,InputSig,NA,NA,LINCSCP_11074,ASC,10uM,24h,adipose,ATPase inhibitor,VCP,ORXQGKIUCDPEAJ-YRNVUSSQSA-N,"InChI=1S/C21H22O5/c1-13(2)4-10-16-18(24)12-19(26-3)20(21(16)25)17(23)11-7-14-5-8-15(22)9-6-14/h4-9,11-12,22,24-25H,10H2,1-3H3/b11-7+",37975,COc1cc(O)c(CC=C(C)C)c(O)c1C(=O)\C=C\c2ccc(O)cc2,NA
Input,"(R,S)-Indatraline",-0.2112374,InputSig,NA,NA,LINCSCP_58095,VCAP,10uM,24h,prostate,Norepinephrine transporter inhibitor,MAOA|MAOB,SVFXPTLYMIXFRX-XJKSGUPXSA-N,"InChI=1S/C16H15Cl2N/c1-19-16-9-13(11-4-2-3-5-12(11)16)10-6-7-14(17)15(18)8-10/h2-8,13,16,19H,9H2,1H3/t13-,16+/m0/s1",36385,CN[C@@H]1C[C@@H](c2ccc(Cl)c(Cl)c2)c3ccccc13,NA
Input,IDOXURIDINE,-0.21110921,InputSig,NA,NA,LINCSCP_125386,HT29,10uM,24h,large intestine,NA,NA,XQFRJNBWHJMXHO-REJBHVJUSA-N,"InChI=1S/C9H11IN2O5/c10-4-2-12(9(16)11-8(4)15)7-1-5(14)6(3-13)17-7/h2,5-7,13-14H,1,3H2,(H,11,15,16)/t5-,6?,7+/m0/s1",26984,OCC1O[C@H](C[C@@H]1O)N2C=C(I)C(=O)NC2=O,NA
Input,ST057710,-0.21108548,InputSig,NA,NA,LINCSCP_48091,PC3,20uM,24h,prostate,NA,NA,WAOMPPQDRVQLSX-UHFFFAOYSA-N,"InChI=1S/C15H10O5/c16-8-4-5-13-10(6-8)12(18)7-14(20-13)9-2-1-3-11(17)15(9)19/h1-7,16-17,19H",38165,Oc1ccc2OC(=CC(=O)c2c1)c3cccc(O)c3O,NA
Input,L-690488,-0.21100791,InputSig,NA,NA,LINCSCP_54303,SW620,10uM,6h,large intestine,Inositol monophosphatase inhibitor,IMPA1,LOTSPVPQHAUHCE-UHFFFAOYSA-N,"InChI=1S/C32H52O16P2/c1-28(2,3)24(34)40-18-44-49(38,45-19-41-25(35)29(4,5)6)32(13,48-23-16-14-22(33)15-17-23)50(39,46-20-42-26(36)30(7,8)9)47-21-43-27(37)31(10,11)12/h14-17,33H,18-21H2,1-13H3",16182,CC(C)(C)C(=O)OCOP(=O)(OCOC(=O)C(C)(C)C)C(C)(Oc1ccc(O)cc1)P(=O)(OCOC(=O)C(C)(C)C)OCOC(=O)C(C)(C)C,NA
Input,2-Acetylphenothiazine,-0.21073092,InputSig,NA,NA,LINCSCP_31710,MCF7,10uM,6h,breast,NADPH inhibitor,NOX1,JWGBOHJGWOPYCL-UHFFFAOYSA-N,"InChI=1S/C14H11NOS/c1-9(16)10-6-7-14-12(8-10)15-11-4-2-3-5-13(11)17-14/h2-8,15H,1H3",38248,CC(=O)c1ccc2Sc3ccccc3Nc2c1,NA
Input,CHEMBL2140960,-0.21070574,InputSig,NA,NA,LINCSCP_65057,VCAP,10uM,6h,prostate,NA,NA,GJYWPGQZJRIMRE-MZXMJASYSA-N,"InChI=1S/C37H55N5O5/c1-26-22-42(27(2)25-43)37(46)21-29-20-30(18-19-33(29)47-34(26)24-41(3)23-28-12-6-4-7-13-28)39-35(44)16-8-5-9-17-36(45)40-32-15-11-10-14-31(32)38/h10-11,14-15,18-20,26-28,34,43H,4-9,12-13,16-17,21-25,38H2,1-3H3,(H,39,44)(H,40,45)/t26-,27+,34-/m0/s1",19772,C[C@H](CO)N1C[C@H](C)[C@H](CN(C)CC2CCCCC2)Oc3ccc(NC(=O)CCCCCC(=O)Nc4ccccc4N)cc3CC1=O,NA
Input,AC1OAV9H,-0.21061476,InputSig,NA,NA,LINCSCP_58403,VCAP,10uM,24h,prostate,NA,NA,FWCLTYYMXFHMFZ-REZTVBANSA-N,"InChI=1S/C14H10Br2N2O3/c15-9-5-8(13(20)11(16)6-9)7-17-18-14(21)10-3-1-2-4-12(10)19/h1-7,19-20H,(H,18,21)/b17-7+",3504,Oc1ccccc1C(=O)NN=Cc2cc(Br)cc(Br)c2O,NA
Input,23979-41-1,-0.2105809,InputSig,NA,NA,LINCSCP_47633,PC3,10uM,24h,prostate,Cyclooxygenase inhibitor,PTGS1|PTGS2,CMWTZPSULFXXJA-SECBINFHSA-N,"InChI=1S/C14H14O3/c1-9(14(15)16)10-3-4-12-8-13(17-2)6-5-11(12)7-10/h3-9H,1-2H3,(H,15,16)/t9-/m1/s1",18459,COc1ccc2cc(ccc2c1)[C@@H](C)C(=O)O,NA
Input,MLS002276469,-0.21054574,InputSig,NA,NA,LINCSCP_1334,A375,10uM,6h,skin,Apoptosis inhibitor,NA,LTGLGIQQZXSLLF-UHFFFAOYSA-N,"InChI=1S/C22H24N2O2/c25-22-18(14-24-11-4-5-12-24)13-19(20-9-6-10-23-21(20)22)16-26-15-17-7-2-1-3-8-17/h1-3,6-10,13,25H,4-5,11-12,14-16H2",36001,Oc1c(CN2CCCC2)cc(COCc3ccccc3)c4cccnc14,NA
Input,Ingenol Mebutate,-0.21049139,InputSig,NA,NA,LINCSCP_162136,PC3,1.11uM,24h,prostate,NA,NA,VDJHFHXMUKFKET-WDUFCVPESA-N,"InChI=1S/C25H34O6/c1-7-12(2)22(29)31-21-13(3)10-24-14(4)8-17-18(23(17,5)6)16(20(24)28)9-15(11-26)19(27)25(21,24)30/h7,9-10,14,16-19,21,26-27,30H,8,11H2,1-6H3/b12-7-/t14-,16+,17-,18+,19-,21+,24+,25+/m1/s1",26881,C\C=C(\C)/C(=O)O[C@H]1C(=C[C@@]23[C@H](C)C[C@@H]4[C@H]([C@H](C=C(CO)[C@@H](O)[C@]12O)C3=O)C4(C)C)C,4
Input,Artesunate,-0.2104117,InputSig,NA,NA,LINCSCP_10302,A673,10uM,6h,bone,DNA synthesis inhibitor,NA,FIHJKUPKCHIPAT-AURIRKAZSA-N,"InChI=1S/C19H28O8/c1-10-4-5-13-11(2)16(23-15(22)7-6-14(20)21)24-17-19(13)12(10)8-9-18(3,25-17)26-27-19/h10-13,16-17H,4-9H2,1-3H3,(H,20,21)/t10-,11-,12+,13+,16?,17?,18+,19-/m1/s1",11849,C[C@@H]1CC[C@H]2[C@@H](C)C(OC(=O)CCC(=O)O)OC3O[C@]4(C)CC[C@@H]1[C@@]23OO4,NA
Input,AZD4547,-0.21015975,InputSig,NA,NA,LINCSCP_128434,HUVEC,10uM,24h,umbilical vein,NA,NA,VRQMAABPASPXMW-HDICACEKSA-N,"InChI=1S/C26H33N5O3/c1-17-15-31(16-18(2)27-17)22-9-6-20(7-10-22)26(32)28-25-13-21(29-30-25)8-5-19-11-23(33-3)14-24(12-19)34-4/h6-7,9-14,17-18,27H,5,8,15-16H2,1-4H3,(H2,28,29,30,32)/t17-,18+",24521,COc1cc(CCc2cc(NC(=O)c3ccc(cc3)N4C[C@@H](C)N[C@@H](C)C4)n[nH]2)cc(OC)c1,NA
Input,Ibrutinib (PCI-32765),-0.21004966,InputSig,NA,NA,LINCSCP_174356,YAPC,0.37uM,24h,pancreas,Tyrosine-protein kinase BTK inhibitor,BTK,XYFPWWZEPKGCCK-GOSISDBHSA-N,"InChI=1S/C25H24N6O2/c1-2-21(32)30-14-6-7-18(15-30)31-25-22(24(26)27-16-28-25)23(29-31)17-10-12-20(13-11-17)33-19-8-4-3-5-9-19/h2-5,8-13,16,18H,1,6-7,14-15H2,(H2,26,27,28)/t18-/m1/s1",27030,Nc1ncnc2c1c(nn2[C@@H]3CCCN(C3)C(=O)C=C)c4ccc(Oc5ccccc5)cc4,4
Input,Pictilisib,-0.21004399,InputSig,NA,NA,LINCSCP_251378,MCF7,10uM,24h,breast,PI3K inhibitor,PIK3CA|PIK3CB|PIK3CD|PIK3CG|PIK3R1|PIK3R2|PIK3R3|PIK3R5,LHNIIDJUOCFXAP-UHFFFAOYSA-N,"InChI=1S/C23H27N7O3S2/c1-35(31,32)30-7-5-28(6-8-30)15-16-13-20-21(34-16)23(29-9-11-33-12-10-29)26-22(25-20)17-3-2-4-19-18(17)14-24-27-19/h2-4,13-14H,5-12,15H2,1H3,(H,24,27)",35265,CS(=O)(=O)N1CCN(Cc2cc3nc(nc(N4CCOCC4)c3s2)c5cccc6[nH]ncc56)CC1,2
Input,THZ-2-98-01,-0.20993693,InputSig,NA,NA,LINCSCP_38996,MDAMB231,0.1uM,24h,NA,IRAK1 inhibitor,NA,YYVIVPUDXXGAKS-WUXMJOGZSA-N,"InChI=1S/C28H27N7O2/c1-35(2)16-6-12-26(36)31-22-9-3-7-20(17-22)27(37)32-23-10-4-11-24(18-23)33-28-30-15-13-25(34-28)21-8-5-14-29-19-21/h3-15,17-19H,16H2,1-2H3,(H,31,36)(H,32,37)(H,30,33,34)/b12-6+",26531,CN(C)C\C=C\C(=O)Nc1cccc(c1)C(=O)Nc2cccc(Nc3nccc(n3)c4cccnc4)c2,NA
Input,THZ-2-98-01,-0.20993693,InputSig,NA,NA,LINCSCP_38996,MDAMB231,0.1uM,24h,NA,IRAK1 inhibitor,NA,NA,NA,42713,NA,NA
Input,THZ-2-98-01,-0.20993693,InputSig,NA,NA,LINCSCP_38996,MDAMB231,0.1uM,24h,NA,IRAK1 inhibitor,NA,NA,NA,42733,NA,NA
Input,BRD-K01608965,-0.20985996,InputSig,NA,NA,LINCSCP_35176,MCF7,10uM,24h,breast,NA,NA,DBVJKEGLTFFIFT-PWRODBHTSA-N,"InChI=1S/C22H25N3OS/c1-2-18-13-24-22(27-18)25-19(12-23)21(20(25)14-26)17-10-8-16(9-11-17)15-6-4-3-5-7-15/h6,8-11,13,19-21,26H,2-5,7,14H2,1H3/t19-,20+,21+/m0/s1",1174,CCc1cnc(s1)N2[C@H](CO)[C@@H]([C@@H]2C#N)c3ccc(cc3)C4=CCCCC4,NA
Input,UK 383367,-0.20981779,InputSig,NA,NA,LINCSCP_74742,A375,1.11uM,24h,skin,NA,NA,ARJCBSRIPGJMAD-LLVKDONJSA-N,"InChI=1S/C15H24N4O4/c16-13(21)14-17-15(23-19-14)11(9-12(20)18-22)8-4-7-10-5-2-1-3-6-10/h10-11,22H,1-9H2,(H2,16,21)(H,18,20)/t11-/m1/s1",27110,NC(=O)c1noc(n1)[C@H](CCCC2CCCCC2)CC(=O)NO,NA
Input,Tunicamycin From Streptomyces Sp.,-0.20966289,InputSig,NA,NA,LINCSCP_26384,HT29,10uM,6h,large intestine,GLCNAC phosphotransferase inhibitor,GNPTAB,YJQCOFNZVFGCAF-WPTOCQRYSA-N,"InChI=1S/C37H60N4O16/c1-18(2)12-10-8-6-4-5-7-9-11-13-23(45)39-26-30(50)27(47)21(54-36(26)57-35-25(38-19(3)43)29(49)28(48)22(17-42)55-35)16-20(44)33-31(51)32(52)34(56-33)41-15-14-24(46)40-37(41)53/h11,13-15,18,20-22,25-36,42,44,47-52H,4-10,12,16-17H2,1-3H3,(H,38,43)(H,39,45)(H,40,46,53)/b13-11+/t20-,21-,22+,25+,26-,27+,28+,29+,30-,31+,32-,33-,34-,35+,36+/m1/s1",5367,CC(C)CCCCCCCC\C=C\C(=O)N[C@@H]1[C@@H](O)[C@@H](O)[C@@H](C[C@@H](O)[C@H]2O[C@H]([C@H](O)[C@@H]2O)N3C=CC(=O)NC3=O)O[C@H]1O[C@@H]4O[C@@H](CO)[C@H](O)[C@@H](O)[C@@H]4NC(=O)C,NA
Input,BRD-K21374126,-0.20951082,InputSig,NA,NA,LINCSCP_200915,A549,10uM,24h,lung,NA,NA,HYTBDRSJFLLOBU-QWFCFKBJSA-N,"InChI=1S/C21H24N2O4/c1-27-14-19(25)22-12-17-20(15-8-4-2-5-9-15)18(13-24)23(17)21(26)16-10-6-3-7-11-16/h2-11,17-18,20,24H,12-14H2,1H3,(H,22,25)/t17-,18-,20-/m1/s1",32235,COCC(=O)NC[C@@H]1[C@H]([C@@H](CO)N1C(=O)c2ccccc2)c3ccccc3,NA
Input,BRD-K54636101,-0.20946105,InputSig,NA,NA,LINCSCP_62894,VCAP,5uM,24h,prostate,NA,NA,WNHZFTQVONQUSH-SMMRIJLZSA-N,"InChI=1S/C23H31N3O5/c1-15-13-25(2)23(28)18-7-5-6-16(12-24)21(18)30-11-10-17-8-9-19(29-4)20(31-17)14-26(3)22(15)27/h5-7,15,17,19-20H,8-11,13-14H2,1-4H3/t15-,17-,19+,20+/m0/s1",40061,CO[C@@H]1CC[C@H]2CCOc3c(cccc3C(=O)N(C)C[C@H](C)C(=O)N(C)C[C@H]1O2)C#N,NA
Input,amcinonide,-0.20944614,InputSig,NA,NA,LINCSCP_164927,SKL.C,1.11uM,24h,NA,NA,NA,NA,NA,NA,NA,NA
Input,Lumicolchicine,-0.20928808,InputSig,NA,NA,LINCSCP_52790,SKB,10uM,24h,NA,"Colchicine isomer, non-binder of microtubules",NA,VKPVZFOUXUQJMW-FHSNZYRGSA-N,"InChI=1S/C22H25NO6/c1-10(24)23-13-7-6-11-8-15(27-3)21(28-4)22(29-5)16(11)17-12-9-14(26-2)20(25)18(12)19(13)17/h8-9,12-13,18H,6-7H2,1-5H3,(H,23,24)/t12-,13+,18-/m1/s1",36203,COC1=C[C@H]2[C@@H](C1=O)C3=C2c4c(CC[C@@H]3NC(=O)C)cc(OC)c(OC)c4OC,NA
Input,CHEMBL416418,-0.20918909,InputSig,NA,NA,LINCSCP_4476,A549,60uM,24h,lung,Glucosyltransferase inhibitor,ASAH1|UGCG,UYNCFCUHRNOSCN-FYYLOGMGSA-N,"InChI=1S/C23H38N2O3/c1-2-3-4-5-6-7-11-14-22(26)24-21(19-25-15-17-28-18-16-25)23(27)20-12-9-8-10-13-20/h8-10,12-13,21,23,27H,2-7,11,14-19H2,1H3,(H,24,26)/t21-,23-/m1/s1",16514,CCCCCCCCCC(=O)N[C@H](CN1CCOCC1)[C@H](O)c2ccccc2,NA
Input,BRD-K47303556,-0.2091431,InputSig,NA,NA,LINCSCP_307966,VCAP,5uM,6h,prostate,NA,NA,MKIQWJGRPCGZSV-XLAORIBOSA-N,"InChI=1S/C19H29N3O4/c1-2-21-19(24)9-16-3-4-17-18(26-16)13-25-12-15(23)11-22(17)10-14-5-7-20-8-6-14/h5-8,15-18,23H,2-4,9-13H2,1H3,(H,21,24)/t15-,16-,17-,18+/m0/s1",24735,CCNC(=O)C[C@@H]1CC[C@H]2[C@@H](COC[C@@H](O)CN2Cc3ccncc3)O1,NA
Input,BRD-K30409687,-0.20913533,InputSig,NA,NA,LINCSCP_59651,VCAP,5uM,24h,prostate,NA,NA,LBSHWJURJCXAHO-OSOCVKALSA-N,"InChI=1S/C29H40N4O6/c1-18(2)30-29(36)31-23-7-9-24-22(11-23)12-28(35)33(20(4)16-34)13-19(3)27(39-24)15-32(5)14-21-6-8-25-26(10-21)38-17-37-25/h6-11,18-20,27,34H,12-17H2,1-5H3,(H2,30,31,36)/t19-,20-,27-/m0/s1",32477,CC(C)NC(=O)Nc1ccc2O[C@@H](CN(C)Cc3ccc4OCOc4c3)[C@@H](C)CN([C@@H](C)CO)C(=O)Cc2c1,NA
Input,BRD-K76418961,-0.20910077,InputSig,NA,NA,LINCSCP_3621,A375,10uM,24h,skin,NA,NA,NHCHRXXZNQAEEO-WDCWYOMISA-N,"InChI=1S/C33H39N5O4/c1-22-17-38(23(2)21-39)33(41)28-16-26(35-32(40)15-25-19-37(4)29-8-6-5-7-27(25)29)9-10-30(28)42-31(22)20-36(3)18-24-11-13-34-14-12-24/h5-14,16,19,22-23,31,39H,15,17-18,20-21H2,1-4H3,(H,35,40)/t22-,23-,31+/m0/s1",13528,C[C@@H](CO)N1C[C@H](C)[C@@H](CN(C)Cc2ccncc2)Oc3ccc(NC(=O)Cc4cn(C)c5ccccc45)cc3C1=O,NA
Input,BRD-K30837577,-0.20909185,InputSig,NA,NA,LINCSCP_28236,HT29,10uM,24h,large intestine,NA,NA,QYSMODXJNCJWNA-QNBQWMASSA-N,"InChI=1S/C26H32ClN3O5/c1-17(18-6-3-2-4-7-18)28-25(32)13-22-10-11-23-24(35-22)16-34-15-21(31)14-30(23)26(33)29-20-9-5-8-19(27)12-20/h2-9,12,17,21-24,31H,10-11,13-16H2,1H3,(H,28,32)(H,29,33)/t17-,21+,22+,23+,24-/m0/s1",2713,C[C@H](NC(=O)C[C@H]1CC[C@@H]2[C@H](COC[C@H](O)CN2C(=O)Nc3cccc(Cl)c3)O1)c4ccccc4,NA
Input,AC1LDBAO,-0.20907354,InputSig,NA,NA,LINCSCP_12579,CL34,20uM,6h,large intestine,NA,NA,FSHFRKKIBVABAJ-UHFFFAOYSA-N,"InChI=1S/C19H14N4OS/c1-11-20-17-12-6-2-5-9-15(12)24-18(17)19(21-11)25-10-16-22-13-7-3-4-8-14(13)23-16/h2-9H,10H2,1H3,(H,22,23)",36131,Cc1nc(SCc2nc3ccccc3[nH]2)c4oc5ccccc5c4n1,NA
Input,XMD-16144,-0.20901157,InputSig,NA,NA,LINCSCP_26754,HT29,10uM,6h,large intestine,NA,NA,NA,NA,42714,NA,NA
Input,SMR000206938,-0.20898822,InputSig,NA,NA,LINCSCP_45355,PC3,10uM,6h,prostate,NA,NA,NIVDDIMEGJOZQH-UHFFFAOYSA-N,"InChI=1S/C22H26ClN3O3/c1-29-19-11-9-18(10-12-19)26(20(27)14-23)21(16-6-5-13-24-15-16)22(28)25-17-7-3-2-4-8-17/h5-6,9-13,15,17,21H,2-4,7-8,14H2,1H3,(H,25,28)",15270,COc1ccc(cc1)N(C(C(=O)NC2CCCCC2)c3cccnc3)C(=O)CCl,NA
Input,Lypressin,-0.20875833,InputSig,NA,NA,LINCSCP_46854,PC3,10uM,24h,prostate,Vasopressin receptor agonist,AVPR1A|AVPR1B|AVPR2,BJFIDCADFRDPIO-DZCXQCEKSA-N,"InChI=1S/C46H65N13O12S2/c47-17-5-4-9-29(40(65)52-22-38(51)63)54-45(70)35-10-6-18-59(35)46(71)34-24-73-72-23-28(48)39(64)55-31(20-26-11-13-27(60)14-12-26)43(68)56-32(19-25-7-2-1-3-8-25)42(67)53-30(15-16-36(49)61)41(66)57-33(21-37(50)62)44(69)58-34/h1-3,7-8,11-14,28-35,60H,4-6,9-10,15-24,47-48H2,(H2,49,61)(H2,50,62)(H2,51,63)(H,52,65)(H,53,67)(H,54,70)(H,55,64)(H,56,68)(H,57,66)(H,58,69)/t28-,29-,30-,31-,32-,33-,34-,35-/m0/s1",36595,NCCCC[C@H](NC(=O)[C@@H]1CCCN1C(=O)[C@@H]2CSSC[C@H](N)C(=O)N[C@@H](Cc3ccc(O)cc3)C(=O)N[C@@H](Cc4ccccc4)C(=O)N[C@@H](CCC(=O)N)C(=O)N[C@@H](CC(=O)N)C(=O)N2)C(=O)NCC(=O)N,4
Input,SR-02000000346,-0.20863975,InputSig,NA,NA,LINCSCP_16033,HA1E,10uM,6h,kidney epithelial,NA,NA,ODBFITQLIBHDCW-UHFFFAOYSA-N,"InChI=1S/C19H17ClN2O3/c1-3-24-15-8-10-16(11-9-15)25-18-17(20)12-21-22(19(18)23)14-6-4-13(2)5-7-14/h4-12H,3H2,1-2H3",35877,CCOc1ccc(OC2=C(Cl)C=NN(C2=O)c3ccc(C)cc3)cc1,NA
Input,BRD-K94740841,-0.20856969,InputSig,NA,NA,LINCSCP_9097,A549,10uM,24h,lung,NA,NA,FCVPSBUWBQZYJZ-SANMLTNESA-N,"InChI=1S/C31H38N4O5/c1-33-25-17-23(40-3)11-12-24(25)27-28(33)26(18-36)35(29(37)20-5-4-6-20)19-31(27)13-15-34(16-14-31)30(38)32-21-7-9-22(39-2)10-8-21/h7-12,17,20,26,36H,4-6,13-16,18-19H2,1-3H3,(H,32,38)/t26-/m0/s1",34138,COc1ccc(NC(=O)N2CCC3(CC2)CN([C@@H](CO)c4c3c5ccc(OC)cc5n4C)C(=O)C6CCC6)cc1,NA
Input,Phenylbutazone,-0.20852812,InputSig,NA,NA,LINCSCP_208463,HA1E,10uM,6h,kidney epithelial,Cyclooxygenase inhibitor|Prostanoid receptor antagonist,PTGS1|PTGS2,VYMDGNCVAMGZFE-UHFFFAOYSA-N,"InChI=1S/C19H20N2O2/c1-2-3-14-17-18(22)20(15-10-6-4-7-11-15)21(19(17)23)16-12-8-5-9-13-16/h4-13,17H,2-3,14H2,1H3",15413,CCCCC1C(=O)N(N(C1=O)c2ccccc2)c3ccccc3,4
Input,altrenogest,-0.20846155,InputSig,NA,NA,LINCSCP_171660,YAPC,0.12uM,24h,pancreas,NA,NA,NA,NA,NA,NA,NA
Input,Hexetidine,-0.20842336,InputSig,NA,NA,LINCSCP_47687,PC3,10uM,6h,prostate,Local anesthetic,NA,DTOUUUZOYKYHEP-UHFFFAOYSA-N,"InChI=1S/C21H45N3/c1-6-10-12-19(8-3)14-23-16-21(5,22)17-24(18-23)15-20(9-4)13-11-7-2/h19-20H,6-18,22H2,1-5H3",36323,CCCCC(CC)CN1CN(CC(CC)CCCC)CC(C)(N)C1,4
Input,BRD-K92431661,-0.20834241,InputSig,NA,NA,LINCSCP_65541,VCAP,10uM,6h,prostate,NA,NA,IOGICXGLCRDSGV-KLOSBIIFSA-N,"InChI=1S/C41H49F3N4O5/c1-27-23-48(28(2)26-49)39(50)35-22-33(45-40(51)46-36-14-9-12-31-11-5-6-13-34(31)36)19-20-37(35)53-29(3)10-7-8-21-52-38(27)25-47(4)24-30-15-17-32(18-16-30)41(42,43)44/h5-6,9,11-20,22,27-29,38,49H,7-8,10,21,23-26H2,1-4H3,(H2,45,46,51)/t27-,28-,29+,38+/m0/s1",13934,C[C@@H](CO)N1C[C@H](C)[C@@H](CN(C)Cc2ccc(cc2)C(F)(F)F)OCCCC[C@@H](C)Oc3ccc(NC(=O)Nc4cccc5ccccc45)cc3C1=O,NA
Input,"Triazolothiadiazine, 6",-0.20827739,InputSig,NA,NA,LINCSCP_19759,HCC515,10uM,6h,lung,NA,NA,HHVDAPYADHRFBI-UHFFFAOYSA-N,"InChI=1S/C24H26N4O4S/c1-29-17-9-11-20(30-2)18(13-17)23-25-26-24-28(23)27-19(14-33-24)15-8-10-21(31-3)22(12-15)32-16-6-4-5-7-16/h8-13,16H,4-7,14H2,1-3H3",35873,COc1ccc(OC)c(c1)c2nnc3SCC(=Nn23)c4ccc(OC)c(OC5CCCC5)c4,NA
Input,Ivermectin,-0.20818595,InputSig,NA,NA,LINCSCP_159387,PC3,3.33uM,24h,prostate,GABA receptor agonist,NA,AZSNMRSAGSSBNP-VRFQAOMKSA-N,"InChI=1S/C48H74O14/c1-11-25(2)43-28(5)17-18-47(62-43)23-34-20-33(61-47)16-15-27(4)42(26(3)13-12-14-32-24-55-45-40(49)29(6)19-35(46(51)58-34)48(32,45)52)59-39-22-37(54-10)44(31(8)57-39)60-38-21-36(53-9)41(50)30(7)56-38/h12-15,19,25-26,28,30-31,33-45,49-50,52H,11,16-18,20-24H2,1-10H3/t25-,26-,28-,30-,31-,33+,34-,35-,36-,37-,38-,39-,40+,41-,42-,43+,44-,45+,47+,48+/m0/s1",38753,CC[C@H](C)[C@H]1O[C@]2(CC[C@@H]1C)C[C@@H]3C[C@@H](CC=C(C)[C@@H](O[C@H]4C[C@H](OC)[C@@H](O[C@H]5C[C@H](OC)[C@@H](O)[C@H](C)O5)[C@H](C)O4)[C@@H](C)C=CC=C6CO[C@@H]7[C@H](O)C(=C[C@@H](C(=O)O3)[C@]67O)C)O2,NA
Input,Ivermectin,-0.20818595,InputSig,NA,NA,LINCSCP_159387,PC3,3.33uM,24h,prostate,GABA receptor agonist,NA,AZSNMRSAGSSBNP-ONDMGMIHSA-N,"InChI=1S/C48H74O14/c1-11-25(2)43-28(5)17-18-47(62-43)23-34-20-33(61-47)16-15-27(4)42(26(3)13-12-14-32-24-55-45-40(49)29(6)19-35(46(51)58-34)48(32,45)52)59-39-22-37(54-10)44(31(8)57-39)60-38-21-36(53-9)41(50)30(7)56-38/h12-15,19,25-26,28,30-31,33-45,49-50,52H,11,16-18,20-24H2,1-10H3/b13-12+,27-15+,32-14+/t25?,26-,28-,30-,31-,33+,34-,35-,36-,37-,38-,39?,40+,41-,42-,43+,44?,45+,47+,48+/m0/s1",25575,CCC(C)[C@H]1O[C@]2(CC[C@@H]1C)C[C@@H]3C[C@@H](C\C=C(/C)\[C@@H](OC4C[C@H](OC)C(O[C@H]5C[C@H](OC)[C@@H](O)[C@H](C)O5)[C@H](C)O4)[C@@H](C)\C=C\C=C\6/CO[C@@H]7[C@H](O)C(=C[C@@H](C(=O)O3)[C@]67O)C)O2,NA
Input,N9-Isopropylolomoucine,-0.20816869,InputSig,NA,NA,LINCSCP_30845,MCF7,100uM,6h,breast,CDK inhibitor,CDK1|CDK5,WHDJEAZLMYPLGL-UHFFFAOYSA-N,"InChI=1S/C17H22N6O/c1-12(2)23-11-20-14-15(19-10-13-6-4-3-5-7-13)21-17(18-8-9-24)22-16(14)23/h3-7,11-12,24H,8-10H2,1-2H3,(H2,18,19,21,22)",35984,CC(C)n1cnc2c(NCc3ccccc3)nc(NCCO)nc12,NA
Input,spiramycin,-0.20808161,InputSig,NA,NA,LINCSCP_272870,PC3,10uM,24h,prostate,Bacterial 50S ribosomal subunit inhibitor,NA,NA,NA,NA,NA,NA
Input,AC1L3XM7,-0.20806674,InputSig,NA,NA,LINCSCP_42883,NPC,10uM,24h,neural progenitor cells,Dopamine uptake inhibitor,NA,XFBDGHFDKJITGC-UHFFFAOYSA-N,"InChI=1S/C28H32N2O/c1-4-11-25(12-5-1)13-10-18-29-19-21-30(22-20-29)23-24-31-28(26-14-6-2-7-15-26)27-16-8-3-9-17-27/h1-17,28H,18-24H2",22687,C(CN1CCN(CC=Cc2ccccc2)CC1)OC(c3ccccc3)c4ccccc4,NA
Input,BRD-K43226598,-0.20784116,InputSig,NA,NA,LINCSCP_47112,PC3,10uM,24h,prostate,NA,NA,VYCOOHAMPRTWAW-HYXMALDRSA-N,"InChI=1S/C43H53N5O5/c1-30-26-48(31(2)29-49)43(52)25-35-24-36(45-41(50)16-8-5-9-17-42(51)46-38-15-11-10-14-37(38)44)22-23-39(35)53-40(30)28-47(3)27-32-18-20-34(21-19-32)33-12-6-4-7-13-33/h4,6-7,10-15,18-24,30-31,40,49H,5,8-9,16-17,25-29,44H2,1-3H3,(H,45,50)(H,46,51)/t30-,31+,40+/m0/s1",12714,C[C@H](CO)N1C[C@H](C)[C@@H](CN(C)Cc2ccc(cc2)c3ccccc3)Oc4ccc(NC(=O)CCCCCC(=O)Nc5ccccc5N)cc4CC1=O,NA
Input,CHEMBL1887751,-0.20779815,InputSig,NA,NA,LINCSCP_1533,A375,10uM,6h,skin,NA,NA,IMPABEWSEMMGHP-UHFFFAOYSA-N,"InChI=1S/C16H14N2O2S2/c1-9(19)17-15-14(10-6-7-20-8-13(10)22-15)16-18-11-4-2-3-5-12(11)21-16/h2-5H,6-8H2,1H3,(H,17,19)",15535,CC(=O)Nc1sc2COCCc2c1c3nc4ccccc4s3,NA
Input,BRD-K71555338,-0.20776879,InputSig,NA,NA,LINCSCP_59788,VCAP,5uM,6h,prostate,NA,NA,WPUIFJYVSOAUNQ-RHGYRFJNSA-N,"InChI=1S/C26H36N4O5/c1-17-14-30(18(2)16-31)25(32)22-13-20(28(3)4)9-12-23(22)35-24(17)15-29(5)26(33)27-19-7-10-21(34-6)11-8-19/h7-13,17-18,24,31H,14-16H2,1-6H3,(H,27,33)/t17-,18+,24-/m0/s1",33497,COc1ccc(NC(=O)N(C)C[C@@H]2Oc3ccc(cc3C(=O)N(C[C@@H]2C)[C@H](C)CO)N(C)C)cc1,NA
Input,SUGA2_000002,-0.20773256,InputSig,NA,NA,LINCSCP_48693,PC3,10uM,6h,prostate,NA,NA,WWEBOVFTBDOWQR-QZTJIDSGSA-N,"InChI=1S/C20H20N4O5/c1-27-20(26)17-18(15-5-2-3-6-16(15)23-24-21)29-19(22-17)13-7-9-14(10-8-13)28-12-4-11-25/h2-3,5-10,17-18,25H,4,11-12H2,1H3/t17-,18-/m1/s1",11493,COC(=O)[C@@H]1N=C(O[C@@H]1c2ccccc2N=[N+]=[N-])c3ccc(OCCCO)cc3,NA
Input,ST51024947,-0.2076233,InputSig,NA,NA,LINCSCP_2221,A375,10uM,6h,skin,NA,NA,JJHNYZCQOJJCBH-CSKARUKUSA-N,"InChI=1S/C20H11F3N2OS2/c21-20(22,23)15-11-16(18-7-4-9-27-18)25-19(14(15)12-24)28-10-8-17(26)13-5-2-1-3-6-13/h1-11H/b10-8+",5361,FC(F)(F)c1cc(nc(S\C=C\C(=O)c2ccccc2)c1C#N)c3cccs3,NA
Input,"Triazolothiadiazine, 29",-0.2076197,InputSig,NA,NA,LINCSCP_22081,HEPG2,10uM,6h,liver,NA,NA,UEKKLXKPDPZNIT-UHFFFAOYSA-N,"InChI=1S/C21H19ClN4O2S/c1-27-18-9-8-14(10-19(18)28-11-13-6-7-13)17-12-29-21-24-23-20(26(21)25-17)15-4-2-3-5-16(15)22/h2-5,8-10,13H,6-7,11-12H2,1H3",15816,COc1ccc(cc1OCC2CC2)C3=Nn4c(SC3)nnc4c5ccccc5Cl,NA
Input,R547,-0.20755778,InputSig,NA,NA,LINCSCP_123398,HT29,3.33uM,24h,large intestine,NA,NA,JRNJNYBQQYBCLE-UHFFFAOYSA-N,"InChI=1S/C18H21F2N5O4S/c1-29-13-4-3-12(19)15(20)14(13)16(26)11-9-22-18(24-17(11)21)23-10-5-7-25(8-6-10)30(2,27)28/h3-4,9-10H,5-8H2,1-2H3,(H3,21,22,23,24)",27012,COc1ccc(F)c(F)c1C(=O)c2cnc(NC3CCN(CC3)S(=O)(=O)C)nc2N,2
Input,SA-1922659,-0.20755674,InputSig,NA,NA,LINCSCP_252693,MCF7,10uM,24h,breast,NA,NA,SLKWXVVSRMTQQR-TWLDFKIOSA-N,"InChI=1S/C31H33N3O3/c1-37-29-12-6-5-11-26(29)32-31(36)33-19-7-8-20-34-27(21-33)30(28(34)22-35)25-17-15-24(16-18-25)14-13-23-9-3-2-4-10-23/h2-6,9-12,15-18,27-28,30,35H,7-8,19-22H2,1H3,(H,32,36)/t27-,28-,30+/m0/s1",33264,COc1ccccc1NC(=O)N2CCCCN3[C@@H](CO)[C@@H]([C@@H]3C2)c4ccc(cc4)C#Cc5ccccc5,NA
Input,SB-203580,-0.20749932,InputSig,NA,NA,LINCSCP_84875,ASC,0.04uM,24h,adipose,P38 MAPK inhibitor,MAPK1|MAPK11|MAPK14,CDMGBJANTYXAIV-UHFFFAOYSA-N,"InChI=1S/C21H16FN3OS/c1-27(26)18-8-4-16(5-9-18)21-24-19(14-2-6-17(22)7-3-14)20(25-21)15-10-12-23-13-11-15/h2-13H,1H3,(H,24,25)",37859,CS(=O)c1ccc(cc1)c2nc(c3ccc(F)cc3)c([nH]2)c4ccncc4,NA
Input,BRD-K55260239,-0.20745385,InputSig,NA,NA,LINCSCP_35336,MCF7,10uM,24h,breast,NA,NA,LLXXDGJIXJGBNX-FQEVSTJZSA-N,"InChI=1S/C24H31N5O4S/c1-26-10-21(25-15-26)34(31,32)29-13-24(14-29)12-28(9-16-4-5-16)20(11-30)23-22(24)18-7-6-17(33-3)8-19(18)27(23)2/h6-8,10,15-16,20,30H,4-5,9,11-14H2,1-3H3/t20-/m0/s1",13018,COc1ccc2c3c([C@H](CO)N(CC4CC4)CC35CN(C5)S(=O)(=O)c6cn(C)cn6)n(C)c2c1,NA
Input,BRD-K21387011,-0.20743052,InputSig,NA,NA,LINCSCP_64174,VCAP,5uM,24h,prostate,NA,NA,NPRRWKGRZALGNG-MSZDEVHKSA-N,"InChI=1S/C30H47F3N4O6/c1-19(2)34-29(41)35-23-10-11-25-24(15-23)28(40)37(21(4)18-38)16-20(3)26(42-14-8-7-9-22(5)43-25)17-36(6)27(39)12-13-30(31,32)33/h10-11,15,19-22,26,38H,7-9,12-14,16-18H2,1-6H3,(H2,34,35,41)/t20-,21+,22-,26-/m0/s1",5000,CC(C)NC(=O)Nc1ccc2O[C@@H](C)CCCCO[C@@H](CN(C)C(=O)CCC(F)(F)F)[C@@H](C)CN([C@H](C)CO)C(=O)c2c1,NA
Input,Tacalcitol,-0.20735032,InputSig,NA,NA,LINCSCP_125710,HT29,10uM,24h,large intestine,NA,NA,BJYLYJCXYAMOFT-RSFVBTMBSA-N,"InChI=1S/C27H44O3/c1-17(2)25(29)13-8-18(3)23-11-12-24-20(7-6-14-27(23,24)5)9-10-21-15-22(28)16-26(30)19(21)4/h9-10,17-18,22-26,28-30H,4,6-8,11-16H2,1-3,5H3/b20-9+,21-10-/t18-,22-,23-,24+,25-,26+,27-/m1/s1",26718,CC(C)[C@H](O)CC[C@@H](C)[C@H]1CC[C@H]2\C(=C\C=C/3\C[C@@H](O)C[C@H](O)C3=C)\CCC[C@]12C,4
Input,6-Azauridine,-0.2072183,InputSig,NA,NA,LINCSCP_31624,MCF7,10uM,24h,breast,Antiviral,NA,WYXSYVWAUAUWLD-SHUUEZRQSA-N,"InChI=1S/C8H11N3O6/c12-2-3-5(14)6(15)7(17-3)11-8(16)10-4(13)1-9-11/h1,3,5-7,12,14-15H,2H2,(H,10,13,16)/t3-,5-,6-,7-/m1/s1",19488,OC[C@H]1O[C@H]([C@H](O)[C@@H]1O)N2N=CC(=O)NC2=O,NA
Input,Gemfibrozil,-0.20720455,InputSig,NA,NA,LINCSCP_154433,PC3,0.04uM,24h,prostate,Lipoprotein lipase activator,CYP2C8|LPL|PPARA,HEMJJKBWTPKOJG-UHFFFAOYSA-N,"InChI=1S/C15H22O3/c1-11-6-7-12(2)13(10-11)18-9-5-8-15(3,4)14(16)17/h6-7,10H,5,8-9H2,1-4H3,(H,16,17)",15416,Cc1ccc(C)c(OCCCC(C)(C)C(=O)O)c1,4
Input,SB408124,-0.20714508,InputSig,NA,NA,LINCSCP_44241,PC3,10uM,24h,prostate,Orexin receptor antagonist,HCRTR1,JTARFZSNUAGHRB-UHFFFAOYSA-N,"InChI=1S/C19H18F2N4O/c1-11-8-17(15-9-12(20)10-16(21)18(15)22-11)24-19(26)23-13-4-6-14(7-5-13)25(2)3/h4-10H,1-3H3,(H2,22,23,24,26)",15729,CN(C)c1ccc(NC(=O)Nc2cc(C)nc3c(F)cc(F)cc23)cc1,NA
Input,Cytarabine,-0.20704466,InputSig,NA,NA,LINCSCP_34484,MCF7,10uM,24h,breast,Ribonucleotide reductase inhibitor,POLA1|POLB|POLD1|POLE,UHDGCWIWMRVCDJ-CCXZUQQUSA-N,"InChI=1S/C9H13N3O5/c10-5-1-2-12(9(16)11-5)8-7(15)6(14)4(3-13)17-8/h1-2,4,6-8,13-15H,3H2,(H2,10,11,16)/t4-,6-,7+,8-/m1/s1",16323,NC1=NC(=O)N(C=C1)[C@@H]2O[C@H](CO)[C@@H](O)[C@@H]2O,4
Input,BRD-K01595245,-0.20703404,InputSig,NA,NA,LINCSCP_59625,VCAP,5uM,24h,prostate,NA,NA,KBNILDCQMNAARZ-UDCNLSRBSA-N,"InChI=1S/C30H37N5O6/c1-18-15-35(19(2)17-36)29(38)24-14-23(31-27(37)13-22-9-7-6-8-10-22)11-12-25(24)40-26(18)16-34(5)30(39)32-28-20(3)33-41-21(28)4/h6-12,14,18-19,26,36H,13,15-17H2,1-5H3,(H,31,37)(H,32,39)/t18-,19-,26+/m1/s1",11631,C[C@H](CO)N1C[C@@H](C)[C@H](CN(C)C(=O)Nc2c(C)onc2C)Oc3ccc(NC(=O)Cc4ccccc4)cc3C1=O,NA
Input,CHEMBL1271322,-0.20701977,InputSig,NA,NA,LINCSCP_45280,PC3,10uM,24h,prostate,NA,NA,ARXGQLDPZZWOCY-UHFFFAOYSA-N,"InChI=1S/C23H15ClN2O3S/c24-18-12-10-17(11-13-18)22(27)28-14-3-4-15-30-23-26-25-21(29-23)20-9-5-7-16-6-1-2-8-19(16)20/h1-2,5-13H,14-15H2",15362,Clc1ccc(cc1)C(=O)OCC#CCSc2oc(nn2)c3cccc4ccccc34,NA
Input,SUGA1_010488,-0.20695339,InputSig,NA,NA,LINCSCP_294791,VCAP,10uM,24h,prostate,NA,NA,KVDQICFBKMFZAV-GRKNLSHJSA-N,"InChI=1S/C31H32N8O5/c32-37-34-21-24-7-2-1-6-23(24)20-31(30(41)39-14-18-42-19-15-39)28(26-8-3-4-9-27(26)36-38-33)44-29(35-31)22-10-12-25(13-11-22)43-17-5-16-40/h1-4,6-13,28,40H,5,14-21H2/t28-,31-/m1/s1",11470,OCCCOc1ccc(cc1)C2=N[C@](Cc3ccccc3CN=[N+]=[N-])([C@H](O2)c4ccccc4N=[N+]=[N-])C(=O)N5CCOCC5,NA
Input,GSK-461364,-0.20689383,InputSig,NA,NA,LINCSCP_128695,HUVEC,10uM,24h,umbilical vein,PLK inhibitor,PLK1,ZHJGWYRLJUCMRT-QGZVFWFLSA-N,"InChI=1S/C27H28F3N5O2S/c1-17(19-5-3-4-6-20(19)27(28,29)30)37-23-14-24(38-25(23)26(31)36)35-16-32-21-8-7-18(13-22(21)35)15-34-11-9-33(2)10-12-34/h3-8,13-14,16-17H,9-12,15H2,1-2H3,(H2,31,36)/t17-/m1/s1",36812,C[C@@H](Oc1cc(sc1C(=O)N)n2cnc3ccc(CN4CCN(C)CC4)cc23)c5ccccc5C(F)(F)F,1
Input,CBIOL_001848,-0.20683602,InputSig,NA,NA,LINCSCP_11168,ASC,10uM,24h,adipose,Apoptosis stimulant|Retinoid receptor agonist,RARA,AKJHMTWEGVYYSE-UHFFFAOYSA-N,"InChI=1S/C26H33NO2/c1-19(11-16-24-21(3)10-7-17-26(24,4)5)8-6-9-20(2)18-25(29)27-22-12-14-23(28)15-13-22/h6,8-9,11-16,18,28H,7,10,17H2,1-5H3,(H,27,29)",38949,CC(=CC=CC(=CC(=O)Nc1ccc(O)cc1)C)C=CC2=C(C)CCCC2(C)C,NA
Input,Propylpyrazoletriol,-0.2067312,InputSig,NA,NA,LINCSCP_44352,PC3,10uM,24h,prostate,Estrogen receptor agonist,ESR1,IOTXSIGGFRQYKW-UHFFFAOYSA-N,"InChI=1S/C24H22N2O3/c1-2-3-22-23(16-4-10-19(27)11-5-16)25-26(18-8-14-21(29)15-9-18)24(22)17-6-12-20(28)13-7-17/h4-15,27-29H,2-3H2,1H3",38059,CCCc1c(nn(c2ccc(O)cc2)c1c3ccc(O)cc3)c4ccc(O)cc4,NA
Input,AM 251,-0.2067228,InputSig,NA,NA,LINCSCP_44266,PC3,10uM,24h,prostate,Cannabinoid receptor antagonist,CNR1,BUZAJRPLUGXRAB-UHFFFAOYSA-N,"InChI=1S/C22H21Cl2IN4O/c1-14-20(22(30)27-28-11-3-2-4-12-28)26-29(19-10-7-16(23)13-18(19)24)21(14)15-5-8-17(25)9-6-15/h5-10,13H,2-4,11-12H2,1H3,(H,27,30)",36139,Cc1c(nn(c2ccc(Cl)cc2Cl)c1c3ccc(I)cc3)C(=O)NN4CCCCC4,NA
Input,BRD-K32665240,-0.20671712,InputSig,NA,NA,LINCSCP_61119,VCAP,5uM,6h,prostate,NA,NA,AICRRUIGWBNRBB-GLDPYIMESA-N,"InChI=1S/C26H36N4O4/c1-6-25(31)28-21-7-8-23-22(13-21)26(32)29(4)16-24(33-5)18(2)14-30(19(3)17-34-23)15-20-9-11-27-12-10-20/h7-13,18-19,24H,6,14-17H2,1-5H3,(H,28,31)/t18-,19+,24-/m0/s1",24364,CCC(=O)Nc1ccc2OC[C@@H](C)N(Cc3ccncc3)C[C@H](C)[C@H](CN(C)C(=O)c2c1)OC,NA
Input,BRD-K55341496,-0.20655679,InputSig,NA,NA,LINCSCP_65996,VCAP,1uM,24h,prostate,NA,NA,NEJRRDNCCIILSE-LZJOCLMNSA-N,"InChI=1S/C23H34N2O5S/c1-5-23(27)24(4)14-21-16(2)13-25(17(3)15-26)31(28,29)22-11-10-19(12-20(22)30-21)18-8-6-7-9-18/h8,10-12,16-17,21,26H,5-7,9,13-15H2,1-4H3/t16-,17-,21+/m1/s1",33100,CCC(=O)N(C)C[C@@H]1Oc2cc(ccc2S(=O)(=O)N(C[C@H]1C)[C@H](C)CO)C3=CCCC3,NA
Input,Ethaverine,-0.2064811,InputSig,NA,NA,LINCSCP_34662,MCF7,10uM,24h,breast,Calcium channel blocker,NA,ZOWYFYXTIWQBEP-UHFFFAOYSA-N,"InChI=1S/C24H29NO4/c1-5-26-21-10-9-17(14-22(21)27-6-2)13-20-19-16-24(29-8-4)23(28-7-3)15-18(19)11-12-25-20/h9-12,14-16H,5-8,13H2,1-4H3",16330,CCOc1ccc(Cc2nccc3cc(OCC)c(OCC)cc23)cc1OCC,NA
Input,MLS003329221,-0.20642551,InputSig,NA,NA,LINCSCP_5432,A549,10uM,24h,lung,NA,NA,MULJTSUGOUUWJE-UHFFFAOYSA-N,"InChI=1S/C22H21N5O3/c1-27-18-6-3-2-5-17(18)19(12-22(27)29)30-10-4-7-21(28)26-20-11-15(8-9-23-20)16-13-24-25-14-16/h2-3,5-6,8-9,11-14H,4,7,10H2,1H3,(H,24,25)(H,23,26,28)",1207,CN1C(=O)C=C(OCCCC(=O)Nc2cc(ccn2)c3cn[nH]c3)c4ccccc14,NA
Input,"2-(2-Bromo-4-methyl-phenylamino)-pyrido[3,2-e][1,3]thiazin-4-one",-0.20642478,InputSig,NA,NA,LINCSCP_43861,PC3,10uM,6h,prostate,NA,NA,XPVMDHZRMCTXST-UHFFFAOYSA-N,"InChI=1S/C14H10BrN3OS/c1-8-4-5-11(10(15)7-8)17-14-18-12(19)9-3-2-6-16-13(9)20-14/h2-7H,1H3,(H,17,18,19)",26518,Cc1ccc(NC2=NC(=O)c3cccnc3S2)c(Br)c1,NA
Input,BRD-K49477330,-0.20631155,InputSig,NA,NA,LINCSCP_28365,HT29,10uM,24h,large intestine,NA,NA,ZAHXKZOKOUSJMC-HOCVFBEKSA-N,"InChI=1S/C27H35N3O2/c1-28(2)19-26(32)29-16-6-7-17-30-24(18-29)27(25(30)20-31)23-14-12-22(13-15-23)11-10-21-8-4-3-5-9-21/h3-5,8-15,24-25,27,31H,6-7,16-20H2,1-2H3/b11-10+/t24-,25+,27+/m1/s1",24217,CN(C)CC(=O)N1CCCCN2[C@@H](CO)[C@H]([C@H]2C1)c3ccc(\C=C\c4ccccc4)cc3,NA
Input,BRD-K02409808,-0.20630608,InputSig,NA,NA,LINCSCP_8988,A549,10uM,24h,lung,NA,NA,INJNPRWYOQJIJD-BVSLBCMMSA-N,"InChI=1S/C23H27FN4O4S/c24-20-8-4-5-9-23(20)33(30,31)26-21-11-10-19(32-22(21)16-29)12-13-28-15-18(25-27-28)14-17-6-2-1-3-7-17/h1-9,15,19,21-22,26,29H,10-14,16H2/t19-,21-,22-/m0/s1",1202,OC[C@@H]1O[C@H](CCn2cc(Cc3ccccc3)nn2)CC[C@@H]1NS(=O)(=O)c4ccccc4F,NA
Input,MLS002264437,-0.20624352,InputSig,NA,NA,LINCSCP_15932,HA1E,10uM,6h,kidney epithelial,NA,NA,VBBQLTUTNDYBQT-UHFFFAOYSA-N,"InChI=1S/C20H25N5O/c1-13-19(14(2)26-24-13)15-7-8-18-17(10-15)20(23-12-22-18)21-11-16-6-4-5-9-25(16)3/h7-8,10,12,16H,4-6,9,11H2,1-3H3,(H,21,22,23)",35253,CN1CCCCC1CNc2ncnc3ccc(cc23)c4c(C)onc4C,NA
Input,GR-103691,-0.20619831,InputSig,NA,NA,LINCSCP_30287,MCF7,10uM,24h,breast,Dopamine receptor antagonist,DRD3,JARNORYOPMINDY-UHFFFAOYSA-N,"InChI=1S/C30H35N3O3/c1-23(34)24-9-11-25(12-10-24)26-13-15-27(16-14-26)30(35)31-17-5-6-18-32-19-21-33(22-20-32)28-7-3-4-8-29(28)36-2/h3-4,7-16H,5-6,17-22H2,1-2H3,(H,31,35)",15708,COc1ccccc1N2CCN(CCCCNC(=O)c3ccc(cc3)c4ccc(cc4)C(=O)C)CC2,NA
Input,AQ-RA-741,-0.20618138,InputSig,NA,NA,LINCSCP_11326,ASC,10uM,24h,adipose,Acetylcholine receptor antagonist,CHRM2,BCUGCHZRMKTPMU-UHFFFAOYSA-N,"InChI=1S/C27H37N5O2/c1-3-30(4-2)17-8-7-10-21-14-18-31(19-15-21)20-25(33)32-24-13-6-5-11-22(24)27(34)29-23-12-9-16-28-26(23)32/h5-6,9,11-13,16,21H,3-4,7-8,10,14-15,17-20H2,1-2H3,(H,29,34)",36056,CCN(CC)CCCCC1CCN(CC(=O)N2c3ccccc3C(=O)Nc4cccnc24)CC1,NA
Input,Chlorambucil,-0.2060891,InputSig,NA,NA,LINCSCP_17089,HA1E,20uM,24h,kidney epithelial,DNA inhibitor,NA,JCKYGMPEJWAADB-UHFFFAOYSA-N,"InChI=1S/C14H19Cl2NO2/c15-8-10-17(11-9-16)13-6-4-12(5-7-13)2-1-3-14(18)19/h4-7H,1-3,8-11H2,(H,18,19)",15533,OC(=O)CCCc1ccc(cc1)N(CCCl)CCCl,4
Input,PF 3845,-0.20608384,InputSig,NA,NA,LINCSCP_206044,CORL23,10uM,6h,lung,FAAH inhibitor,FAAH,NBOJHRYUGLRASX-UHFFFAOYSA-N,"InChI=1S/C24H23F3N4O2/c25-24(26,27)19-6-7-22(29-15-19)33-21-5-1-3-18(14-21)13-17-8-11-31(12-9-17)23(32)30-20-4-2-10-28-16-20/h1-7,10,14-17H,8-9,11-13H2,(H,30,32)",16531,FC(F)(F)c1ccc(Oc2cccc(CC3CCN(CC3)C(=O)Nc4cccnc4)c2)nc1,NA
Input,KU-55933,-0.20604702,InputSig,NA,NA,LINCSCP_11018,ASC,10uM,24h,adipose,ATM kinase inhibitor,ATM,XRKYMMUGXMWDAO-UHFFFAOYSA-N,"InChI=1S/C21H17NO3S2/c23-14-12-16(25-20(13-14)22-8-10-24-11-9-22)15-4-3-7-19-21(15)27-18-6-2-1-5-17(18)26-19/h1-7,12-13H,8-11H2",35274,O=C1C=C(OC(=C1)c2cccc3Sc4ccccc4Sc23)N5CCOCC5,NA
Input,MLS000108814,-0.20601875,InputSig,NA,NA,LINCSCP_45354,PC3,10uM,6h,prostate,NA,NA,PBZYAPZLINAHET-UHFFFAOYSA-N,"InChI=1S/C18H18N2O3/c1-11(2)18(22)20-16(14-6-4-10-23-14)13-8-7-12-5-3-9-19-15(12)17(13)21/h3-11,16,21H,1-2H3,(H,20,22)",35242,CC(C)C(=O)NC(c1occc1)c2ccc3cccnc3c2O,NA
Input,"10-(3-Aminopropyl)-8-chloro-10H-phenothiazine-2,3-diol",-0.20592745,InputSig,NA,NA,LINCSCP_43312,NPC,10uM,6h,neural progenitor cells,NA,NA,DGBZHMALEIDADV-UHFFFAOYSA-N,"InChI=1S/C15H15ClN2O2S/c16-9-2-3-14-10(6-9)18(5-1-4-17)11-7-12(19)13(20)8-15(11)21-14/h2-3,6-8,19-20H,1,4-5,17H2",11554,NCCCN1c2cc(Cl)ccc2Sc3cc(O)c(O)cc13,NA
Input,Curcumin,-0.20576436,InputSig,NA,NA,LINCSCP_3778,A375,10uM,6h,skin,Cyclooxygenase inhibitor|Histone acetyltransferase inhibitor|Lipoxygenase inhibitor|NFkB pathway inhibitor,PTGS1|PTGS2,VFLDPWHFBUODDF-FCXRPNKRSA-N,"InChI=1S/C21H20O6/c1-26-20-11-14(5-9-18(20)24)3-7-16(22)13-17(23)8-4-15-6-10-19(25)21(12-15)27-2/h3-12,24-25H,13H2,1-2H3/b7-3+,8-4+",37495,COc1cc(\C=C\C(=O)CC(=O)\C=C\c2ccc(O)c(OC)c2)ccc1O,NA
Input,ABACAVIR SULFATE,-0.20576217,InputSig,NA,NA,LINCSCP_176207,YAPC,0.12uM,24h,pancreas,NA,NA,MCGSCOLBFJQGHM-HNHGDDPOSA-N,"InChI=1S/C14H18N6O/c15-14-18-12(17-9-2-3-9)11-13(19-14)20(7-16-11)10-4-1-8(5-10)6-21/h1,4,7-10,21H,2-3,5-6H2,(H3,15,17,18,19)/t8-,10?/m1/s1",27163,Nc1nc(NC2CC2)c3ncn(C4C[C@H](CO)C=C4)c3n1,NA
Input,CHEMBL2355469,-0.20570647,InputSig,NA,NA,LINCSCP_60386,VCAP,5uM,24h,prostate,NA,NA,OYKBHWDUAQJSNT-GGJMMHKRSA-N,"InChI=1S/C30H32N4O7S/c1-20-16-34(21(2)18-35)42(37,38)29-9-6-23(5-4-22-10-12-31-13-11-22)14-27(29)41-28(20)17-33(3)30(36)32-24-7-8-25-26(15-24)40-19-39-25/h6-15,20-21,28,35H,16-19H2,1-3H3,(H,32,36)/t20-,21+,28+/m1/s1",36968,C[C@@H](CO)N1C[C@@H](C)[C@H](CN(C)C(=O)Nc2ccc3OCOc3c2)Oc4cc(ccc4S1(=O)=O)C#Cc5ccncc5,NA
Input,BMS-509744,-0.20557944,InputSig,NA,NA,LINCSCP_149836,NPC.TAK,10uM,24h,NA,NA,NA,ZHXNIYGJAOPMSO-UHFFFAOYSA-N,"InChI=1S/C32H41N5O4S2/c1-20-16-26(41-7)25(30(40)37-14-12-36(13-15-37)22(3)38)17-27(20)42-28-19-34-31(43-28)35-29(39)24-10-8-23(9-11-24)18-33-21(2)32(4,5)6/h8-11,16-17,19,21,33H,12-15,18H2,1-7H3,(H,34,35,39)",19900,COc1cc(C)c(Sc2cnc(NC(=O)c3ccc(CNC(C)C(C)(C)C)cc3)s2)cc1C(=O)N4CCN(CC4)C(=O)C,NA
Input,Fluoxetine,-0.20550429,InputSig,NA,NA,LINCSCP_118647,HT29,10uM,24h,large intestine,Serotonin transporter inhibitor,SLC6A4,RTHCYVBBDHJXIQ-UHFFFAOYSA-N,"InChI=1S/C17H18F3NO/c1-21-12-11-16(13-5-3-2-4-6-13)22-15-9-7-14(8-10-15)17(18,19)20/h2-10,16,21H,11-12H2,1H3",15046,CNCCC(Oc1ccc(cc1)C(F)(F)F)c2ccccc2,4
Input,Panobinostat,-0.2054873,InputSig,NA,NA,LINCSCP_49270,PC3,10uM,6h,prostate,HDAC inhibitor,HDAC1|HDAC10|HDAC11|HDAC2|HDAC3|HDAC4|HDAC5|HDAC6|HDAC7|HDAC8|HDAC9,FPOHNWQLNRZRFC-ZHACJKMWSA-N,"InChI=1S/C21H23N3O2/c1-15-18(19-4-2-3-5-20(19)23-15)12-13-22-14-17-8-6-16(7-9-17)10-11-21(25)24-26/h2-11,22-23,26H,12-14H2,1H3,(H,24,25)/b11-10+",22172,Cc1[nH]c2ccccc2c1CCNCc3ccc(\C=C\C(=O)NO)cc3,4
Input,Linsitinib,-0.20542031,InputSig,NA,NA,LINCSCP_163453,SKBR3,1.11uM,3h,breast,IGF-1 inhibitor,IGF1R|INSR,PKCDDUHJAFVJJB-UHFFFAOYSA-N,"InChI=1S/C26H23N5O/c1-26(32)14-19(15-26)25-30-22(23-24(27)28-11-12-31(23)25)18-8-7-17-9-10-20(29-21(17)13-18)16-5-3-2-4-6-16/h2-13,19,32H,14-15H2,1H3,(H2,27,28)",37815,CC1(O)CC(C1)c2nc(c3ccc4ccc(nc4c3)c5ccccc5)c6c(N)nccn26,NA
Input,Cis Lacidipine,-0.20539436,InputSig,NA,NA,LINCSCP_47611,PC3,10uM,24h,prostate,Calcium channel blocker,CACNA1C,GKQPCPXONLDCMU-UHFFFAOYSA-N,"InChI=1S/C26H33NO6/c1-8-31-24(29)21-16(3)27-17(4)22(25(30)32-9-2)23(21)19-13-11-10-12-18(19)14-15-20(28)33-26(5,6)7/h10-15,23,27H,8-9H2,1-7H3",36397,CCOC(=O)C1=C(C)NC(=C(C1c2ccccc2C=CC(=O)OC(C)(C)C)C(=O)OCC)C,NA
Input,Mosapride,-0.20537588,InputSig,NA,NA,LINCSCP_42351,NPC,10uM,24h,neural progenitor cells,Serotonin receptor agonist,HTR4,YPELFRMCRYSPKZ-UHFFFAOYSA-N,"InChI=1S/C21H25ClFN3O3/c1-2-28-20-10-19(24)18(22)9-17(20)21(27)25-11-16-13-26(7-8-29-16)12-14-3-5-15(23)6-4-14/h3-6,9-10,16H,2,7-8,11-13,24H2,1H3,(H,25,27)",16238,CCOc1cc(N)c(Cl)cc1C(=O)NCC2CN(Cc3ccc(F)cc3)CCO2,3
Input,Cerivastatin,-0.2053651,InputSig,NA,NA,LINCSCP_46118,PC3,10uM,24h,prostate,HMGCR inhibitor,HMGCR,SEERZIQQUAZTOL-ANMDKAQQSA-N,"InChI=1S/C26H34FNO5/c1-15(2)25-21(11-10-19(29)12-20(30)13-23(31)32)24(17-6-8-18(27)9-7-17)22(14-33-5)26(28-25)16(3)4/h6-11,15-16,19-20,29-30H,12-14H2,1-5H3,(H,31,32)/b11-10+/t19-,20-/m1/s1",37977,COCc1c(nc(C(C)C)c(\C=C\[C@@H](O)C[C@@H](O)CC(=O)O)c1c2ccc(F)cc2)C(C)C,4
Input,PD-173074,-0.20532108,InputSig,NA,NA,LINCSCP_26548,HT29,10uM,6h,large intestine,FGFR inhibitor|VEGFR inhibitor,FGFR1|FGFR3,DXCUKNQANPLTEJ-UHFFFAOYSA-N,"InChI=1S/C28H41N7O3/c1-8-35(9-2)13-11-10-12-29-26-30-18-20-16-23(19-14-21(37-6)17-22(15-19)38-7)25(31-24(20)32-26)33-27(36)34-28(3,4)5/h14-18H,8-13H2,1-7H3,(H3,29,30,31,32,33,34,36)",36834,CCN(CC)CCCCNc1ncc2cc(c(NC(=O)NC(C)(C)C)nc2n1)c3cc(OC)cc(OC)c3,NA
Input,Bafilomycin A1,-0.20528204,InputSig,NA,NA,LINCSCP_41326,NEU,10uM,24h,NA,ATPase inhibitor,NA,XDHNQDDQEHDUTM-JQWOJBOSSA-N,"InChI=1S/C35H58O9/c1-19(2)32-24(7)27(36)18-35(40,44-32)26(9)31(38)25(8)33-28(41-10)14-12-13-20(3)15-22(5)30(37)23(6)16-21(4)17-29(42-11)34(39)43-33/h12-14,16-17,19,22-28,30-33,36-38,40H,15,18H2,1-11H3/b14-12+,20-13+,21-16+,29-17-/t22-,23+,24-,25-,26-,27+,28-,30-,31+,32+,33+,35+/m0/s1",38188,CO[C@H]1\C=C\C=C(/C)\C[C@H](C)[C@H](O)[C@H](C)\C=C(/C)\C=C(/OC)\C(=O)O[C@@H]1[C@@H](C)[C@@H](O)[C@H](C)[C@@]2(O)C[C@@H](O)[C@H](C)[C@H](O2)C(C)C,NA
Input,Bafilomycin A1,-0.20528204,InputSig,NA,NA,LINCSCP_41326,NEU,10uM,24h,NA,ATPase inhibitor,NA,XDHNQDDQEHDUTM-MKFMMVOISA-N,"InChI=1S/C35H58O9/c1-19(2)32-24(7)27(36)18-35(40,44-32)26(9)31(38)25(8)33-28(41-10)14-12-13-20(3)15-22(5)30(37)23(6)16-21(4)17-29(42-11)34(39)43-33/h12-14,16-17,19,22-28,30-33,36-38,40H,15,18H2,1-11H3/b14-12-,20-13+,21-16+,29-17-/t22-,23+,24-,25-,26-,27+,28-,30-,31+,32+,33?,35+/m0/s1",25903,CO[C@H]1\C=C/C=C(\C)/C[C@H](C)[C@H](O)[C@H](C)\C=C(/C)\C=C(/OC)\C(=O)OC1[C@@H](C)[C@@H](O)[C@H](C)[C@@]2(O)C[C@@H](O)[C@H](C)[C@H](O2)C(C)C,NA
Input,BRD-K61341215-004-01-2,-0.20519314,InputSig,NA,NA,LINCSCP_42437,NPC,10uM,24h,neural progenitor cells,Acetylcholine receptor antagonist,CHRNA2,BGSZAXLLHYERSY-NGQATJDKSA-N,"InChI=1S/C34H57N2O4/c1-23(37)39-31-20-25-12-13-26-27(34(25,4)22-29(31)35-16-8-6-9-17-35)14-15-33(3)28(26)21-30(32(33)40-24(2)38)36(5)18-10-7-11-19-36/h25-32H,6-22H2,1-5H3/q+1/t25-,26+,27-,28-,29+,30+,31+,32+,33-,34-/m1/s1",241,CC(=O)O[C@H]1C[C@H]2CC[C@H]3[C@@H](CC[C@]4(C)[C@@H]3C[C@@H]([C@@H]4OC(=O)C)[N+]5(C)CCCCC5)[C@]2(C)C[C@@H]1N6CCCCC6,NA
Input,Dizocilpine,-0.20518291,InputSig,NA,NA,LINCSCP_47542,PC3,10uM,24h,prostate,Glutamate receptor antagonist,GRIN1|GRIN2A|GRIN2B,LBOJYSIDWZQNJS-CVEARBPZSA-N,"InChI=1S/C16H15N/c1-16-13-8-4-2-6-11(13)10-15(17-16)12-7-3-5-9-14(12)16/h2-9,15,17H,10H2,1H3/t15-,16+/m1/s1",36503,C[C@]12N[C@H](Cc3ccccc13)c4ccccc24,NA
Input,NCGC00170233-01,-0.20517377,InputSig,NA,NA,LINCSCP_26523,HT29,10uM,6h,large intestine,NA,NA,FIFDTTGQCKVDCF-CYEXUTLASA-N,"InChI=1S/C35H40N2O8S/c1-34(2,3)45-30(39)18-19-35-31(44-32(36-35)25-14-16-27(17-15-25)43-22-9-21-38)29-13-8-7-10-26(29)24-37(33(35)40)20-23-46(41,42)28-11-5-4-6-12-28/h4-8,10-17,31,38H,9,18-24H2,1-3H3/t31-,35-/m1/s1",11491,CC(C)(C)OC(=O)CC[C@@]12N=C(O[C@@H]1c3ccccc3CN(CCS(=O)(=O)c4ccccc4)C2=O)c5ccc(OCCCO)cc5,NA
Input,MLS002264457,-0.20513166,InputSig,NA,NA,LINCSCP_22104,HEPG2,10uM,6h,liver,NA,NA,HCEMNQMDDCPNJR-UHFFFAOYSA-N,"InChI=1S/C15H9N7S2/c1-22-15(19-20-21-22)24-14-12-11(7-23-13(12)17-8-18-14)10-4-2-9(6-16)3-5-10/h2-5,7-8H,1H3",36059,Cn1nnnc1Sc2ncnc3scc(c4ccc(cc4)C#N)c23,NA
Input,Golvatinib (E7050),-0.20502544,InputSig,NA,NA,LINCSCP_160730,PC3,10uM,24h,prostate,Hepatocyte growth factor receptor inhibitor|Vascular endothelial growth factor receptor 2 inhibitor,KDR|MET,UQRCJCNVNUFYDX-UHFFFAOYSA-N,"InChI=1S/C33H37F2N7O4/c1-40-16-18-41(19-17-40)24-9-14-42(15-10-24)32(45)39-29-21-26(8-13-36-29)46-25-6-7-28(27(35)20-25)38-31(44)33(11-12-33)30(43)37-23-4-2-22(34)3-5-23/h2-8,13,20-21,24H,9-12,14-19H2,1H3,(H,37,43)(H,38,44)(H,36,39,45)",27004,CN1CCN(CC1)C2CCN(CC2)C(=O)Nc3cc(Oc4ccc(NC(=O)C5(CC5)C(=O)Nc6ccc(F)cc6)c(F)c4)ccn3,2
Input,Troglitazone,-0.20499858,InputSig,NA,NA,LINCSCP_47591,PC3,10uM,24h,prostate,Peroxisome proliferator-activated receptor gamma agonist,PPARG,GXPHKUHSUJUWKP-UHFFFAOYSA-N,"InChI=1S/C24H27NO5S/c1-13-14(2)21-18(15(3)20(13)26)9-10-24(4,30-21)12-29-17-7-5-16(6-8-17)11-19-22(27)25-23(28)31-19/h5-8,19,26H,9-12H2,1-4H3,(H,25,27,28)",16202,Cc1c(C)c2OC(C)(COc3ccc(CC4SC(=O)NC4=O)cc3)CCc2c(C)c1O,4
Input,MLS000047258,-0.20476271,InputSig,NA,NA,LINCSCP_22264,HEPG2,10uM,6h,liver,NA,NA,FCERKWLJIGNRPV-UHFFFAOYSA-N,"InChI=1S/C24H21N3O4/c1-29-20-8-5-7-18(14-20)24-26-23(27-31-24)16-10-12-19(13-11-16)25-22(28)15-17-6-3-4-9-21(17)30-2/h3-14H,15H2,1-2H3,(H,25,28)",36155,COc1cccc(c1)c2onc(n2)c3ccc(NC(=O)Cc4ccccc4OC)cc3,NA
Input,CEP-37440,-0.20474518,InputSig,NA,NA,LINCSCP_142733,MCF7,10uM,24h,breast,NA,NA,BCSHRERPHLTPEE-NRFANRHFSA-N,"InChI=1S/C30H38ClN7O3/c1-32-29(40)23-7-3-4-9-25(23)34-28-24(31)19-33-30(36-28)35-26-11-10-20-18-21(6-5-8-22(20)27(26)41-2)38-14-12-37(13-15-38)16-17-39/h3-4,7,9-11,19,21,39H,5-6,8,12-18H2,1-2H3,(H,32,40)(H2,33,34,35,36)/t21-/m0/s1",27049,CNC(=O)c1ccccc1Nc2nc(Nc3ccc4C[C@H](CCCc4c3OC)N5CCN(CCO)CC5)ncc2Cl,NA
Input,Tacrolimus,-0.20459391,InputSig,NA,NA,LINCSCP_223390,HT29,10uM,6h,large intestine,Calcineurin inhibitor,FKBP1A,QJJXYPPXXYFBGM-LFZNUXCKSA-N,"InChI=1S/C44H69NO12/c1-10-13-31-19-25(2)18-26(3)20-37(54-8)40-38(55-9)22-28(5)44(52,57-40)41(49)42(50)45-17-12-11-14-32(45)43(51)56-39(29(6)34(47)24-35(31)48)27(4)21-30-15-16-33(46)36(23-30)53-7/h10,19,21,26,28-34,36-40,46-47,52H,1,11-18,20,22-24H2,2-9H3/b25-19+,27-21+/t26-,28+,29+,30-,31+,32-,33+,34-,36+,37-,38-,39+,40+,44+/m0/s1",17601,CO[C@@H]1C[C@@H](CC[C@H]1O)\C=C(/C)\[C@H]2OC(=O)[C@@H]3CCCCN3C(=O)C(=O)[C@]4(O)O[C@H]([C@H](C[C@@H](C)C\C(=C\[C@@H](CC=C)C(=O)C[C@H](O)[C@H]2C)\C)OC)[C@H](C[C@H]4C)OC,4
Input,SMR000173514,-0.20455168,InputSig,NA,NA,LINCSCP_47176,PC3,10uM,24h,prostate,NA,NA,BXJYYWCZOQPVNC-UHFFFAOYSA-N,"InChI=1S/C21H21ClN4OS2/c1-27-18-7-2-4-15(12-18)19-14-29-21(24-19)26-10-8-25(9-11-26)20(28)23-17-6-3-5-16(22)13-17/h2-7,12-14H,8-11H2,1H3,(H,23,28)",18346,COc1cccc(c1)c2csc(n2)N3CCN(CC3)C(=Nc4cccc(Cl)c4)S,NA
Input,CHEMBL3183436,-0.20453254,InputSig,NA,NA,LINCSCP_23963,HEPG2,0.12uM,24h,liver,NA,NA,NGRSXEMLDRQNMH-LPBFERMMSA-N,"InChI=1S/C32H38N4O7/c1-20-15-36(21(2)18-37)31(38)26-14-24(34-32(39)33-23-6-9-25(40-4)10-7-23)8-12-27(26)43-30(20)17-35(3)16-22-5-11-28-29(13-22)42-19-41-28/h5-14,20-21,30,37H,15-19H2,1-4H3,(H2,33,34,39)/t20-,21-,30-/m0/s1",37874,COc1ccc(NC(=O)Nc2ccc3O[C@@H](CN(C)Cc4ccc5OCOc5c4)[C@@H](C)CN([C@@H](C)CO)C(=O)c3c2)cc1,NA
Input,BRD-K54127914,-0.20452459,InputSig,NA,NA,LINCSCP_65994,VCAP,10uM,24h,prostate,NA,NA,NPSYZFOGEPYHIL-FIDNPTQWSA-N,"InChI=1S/C24H25N3O/c1-28-23-5-3-2-4-20(23)14-27-15-21-24(22(16-27)26-21)19-8-6-17(7-9-19)18-10-12-25-13-11-18/h2-13,21-22,24,26H,14-16H2,1H3/t21-,22+,24+",27283,COc1ccccc1CN2C[C@@H]3N[C@H](C2)[C@@H]3c4ccc(cc4)c5ccncc5,NA
Input,BRD-K88866336,-0.2044952,InputSig,NA,NA,LINCSCP_300822,VCAP,5uM,24h,prostate,NA,NA,RDYUFLZMPZQAJV-WZOHSFFVSA-N,"InChI=1S/C30H36F3N3O4/c1-19-15-36(20(2)17-37)29(39)28-27(23-11-7-8-12-24(23)35(28)4)22-10-6-5-9-21(22)18-40-25(19)16-34(3)26(38)13-14-30(31,32)33/h5-12,19-20,25,37H,13-18H2,1-4H3/t19-,20+,25+/m0/s1",4549,C[C@H](CO)N1C[C@H](C)[C@@H](CN(C)C(=O)CCC(F)(F)F)OCc2ccccc2c3c(C1=O)n(C)c4ccccc34,NA
Input,Bambuterol,-0.20446835,InputSig,NA,NA,LINCSCP_34331,MCF7,10uM,6h,breast,Adrenergic receptor agonist,ADRB2,ANZXOIAKUNOVQU-UHFFFAOYSA-N,"InChI=1S/C18H29N3O5/c1-18(2,3)19-11-15(22)12-8-13(25-16(23)20(4)5)10-14(9-12)26-17(24)21(6)7/h8-10,15,19,22H,11H2,1-7H3",36226,CN(C)C(=O)Oc1cc(OC(=O)N(C)C)cc(c1)C(O)CNC(C)(C)C,3
Input,Oprozomib (ONX 0912),-0.20442102,InputSig,NA,NA,LINCSCP_102166,HELA,10uM,24h,large intestine,NA,NA,SWZXEVABPLUDIO-QNLBTCDKSA-N,"InChI=1S/C25H32N4O7S/c1-15-26-11-20(37-15)24(33)29-19(13-35-4)23(32)28-18(12-34-3)22(31)27-17(21(30)25(2)14-36-25)10-16-8-6-5-7-9-16/h5-9,11,17-19H,10,12-14H2,1-4H3,(H,27,31)(H,28,32)(H,29,33)/t17-,18-,19-,25?/m0/s1",26696,COC[C@H](NC(=O)[C@H](COC)NC(=O)c1cnc(C)s1)C(=O)N[C@@H](Cc2ccccc2)C(=O)C3(C)CO3,NA
Input,Methiazole,-0.20435532,InputSig,NA,NA,LINCSCP_53268,SKM1,10uM,6h,haematopoietic and lymphoid tissue,Anthelmintic agent,NA,SXJIZQPZESTWLD-UHFFFAOYSA-N,"InChI=1S/C12H15N3O2S/c1-7(2)18-8-4-5-9-10(6-8)14-11(13-9)15-12(16)17-3/h4-7H,1-3H3,(H2,13,14,15,16)",16204,COC(=O)Nc1nc2cc(SC(C)C)ccc2[nH]1,NA
Input,BRD-K53923090,-0.20432106,InputSig,NA,NA,LINCSCP_65104,VCAP,10uM,24h,prostate,NA,NA,CMNGXMPORQTCON-VHNUMCGNSA-N,"InChI=1S/C36H47N5O5/c1-25-21-41(26(2)24-42)36(45)28-15-12-18-31(35(28)46-32(25)23-40(3)22-27-13-6-4-7-14-27)39-34(44)20-9-5-8-19-33(43)38-30-17-11-10-16-29(30)37/h4,6-7,10-18,25-26,32,42H,5,8-9,19-24,37H2,1-3H3,(H,38,43)(H,39,44)/t25-,26-,32+/m1/s1",33062,C[C@H](CO)N1C[C@@H](C)[C@H](CN(C)Cc2ccccc2)Oc3c(NC(=O)CCCCCC(=O)Nc4ccccc4N)cccc3C1=O,NA
Input,Merimepodib,-0.20424061,InputSig,NA,NA,LINCSCP_119516,HT29,10uM,24h,large intestine,NA,NA,JBPUGFODGPKTDW-SFHVURJKSA-N,"InChI=1S/C23H24N4O6/c1-30-20-10-17(5-6-19(20)21-12-24-14-32-21)27-22(28)26-16-4-2-3-15(9-16)11-25-23(29)33-18-7-8-31-13-18/h2-6,9-10,12,14,18H,7-8,11,13H2,1H3,(H,25,29)(H2,26,27,28)/t18-/m0/s1",26703,COc1cc(NC(=O)Nc2cccc(CNC(=O)O[C@H]3CCOC3)c2)ccc1c4ocnc4,2
Input,Tyrphostin AG 879,-0.20422928,InputSig,NA,NA,LINCSCP_55822,VCAP,10uM,6h,prostate,Angiogenesis inhibitor|Tyrosine kinase inhibitor|VEGFR inhibitor,ERBB2|KDR|NTRK1,XRZYELWZLNAXGE-KPKJPENVSA-N,"InChI=1S/C18H24N2OS/c1-17(2,3)13-8-11(7-12(10-19)16(20)22)9-14(15(13)21)18(4,5)6/h7-9,21H,1-6H3,(H2,20,22)/b12-7+",15776,CC(C)(C)c1cc(\C=C(/C#N)\C(=S)N)cc(c1O)C(C)(C)C,NA
Input,BRD-K48619543,-0.20415599,InputSig,NA,NA,LINCSCP_48786,PC3,10uM,24h,prostate,NA,NA,AZUAACLSGPQINZ-TYPXCFOJSA-N,"InChI=1S/C30H39N3O4/c1-21-17-33(22(2)20-34)30(35)27-15-25(10-9-23-11-13-26(36-4)14-12-23)16-31-29(27)37-28(21)19-32(3)18-24-7-5-6-8-24/h11-16,21-22,24,28,34H,5-8,17-20H2,1-4H3/t21-,22+,28-/m0/s1",12866,COc1ccc(cc1)C#Cc2cnc3O[C@@H](CN(C)CC4CCCC4)[C@@H](C)CN([C@H](C)CO)C(=O)c3c2,NA
Input,Hydroxyprogesterone Caproate,-0.20409562,InputSig,NA,NA,LINCSCP_89622,HA1E,1.11uM,24h,kidney epithelial,Progesterone receptor agonist,AR|ESR1|ESR2|NR1H4|NR1I2|NR3C1|PGR,DOMWKUIIPQCAJU-JKPPDDDBSA-N,"InChI=1S/C27H40O4/c1-5-6-7-8-24(30)31-27(18(2)28)16-13-23-21-10-9-19-17-20(29)11-14-25(19,3)22(21)12-15-26(23,27)4/h17,21-23H,5-16H2,1-4H3/t21?,22?,23?,25-,26-,27-/m0/s1",23187,CCCCCC(=O)O[C@@]1(CCC2C3CCC4=CC(=O)CC[C@]4(C)C3CC[C@]12C)C(=O)C,NA
Input,RG 108,-0.20402532,InputSig,NA,NA,LINCSCP_55546,U937,80uM,6h,haematopoietic and lymphoid tissue,DNA methyltransferase inhibitor,DNMT1,HPTXLHAHLXOAKV-INIZCTEOSA-N,"InChI=1S/C19H14N2O4/c22-17-13-6-1-2-7-14(13)18(23)21(17)16(19(24)25)9-11-10-20-15-8-4-3-5-12(11)15/h1-8,10,16,20H,9H2,(H,24,25)/t16-/m0/s1",16536,OC(=O)[C@H](Cc1c[nH]c2ccccc12)N3C(=O)c4ccccc4C3=O,NA
Input,Fluorouracil,-0.20399551,InputSig,NA,NA,LINCSCP_135788,MCF7,10uM,24h,breast,RNA synthesis inhibitor|Thymidylate synthase inhibitor,DPYD|TYMS,GHASVSINZRGABV-UHFFFAOYSA-N,"InChI=1S/C4H3FN2O2/c5-2-1-6-4(9)7-3(2)8/h1H,(H2,6,7,8,9)",15063,FC1=CNC(=O)NC1=O,4
Input,SPECTRUM_000224,-0.20383851,InputSig,NA,NA,LINCSCP_19179,HCC515,10uM,6h,lung,Corticosteroid agonist|Glucocorticoid receptor agonist|Immunosuppressant,NR3C1,YNDXUCZADRHECN-BPHAHLGOSA-N,"InChI=1S/C24H31FO6/c1-20(2)30-19-10-16-15-6-5-13-9-14(27)7-8-21(13,3)23(15,25)17(28)11-22(16,4)24(19,31-20)18(29)12-26/h7-9,15-17,19,26,28H,5-6,10-12H2,1-4H3/t15?,16?,17-,19+,21-,22-,23-,24+/m0/s1",157,CC1(C)O[C@@H]2CC3C4CCC5=CC(=O)C=C[C@]5(C)[C@@]4(F)[C@@H](O)C[C@]3(C)[C@@]2(O1)C(=O)CO,NA
Input,WAY-262611,-0.20380766,InputSig,NA,NA,LINCSCP_41386,NEU,10uM,24h,NA,WNT agonist,NA,QHLITPHIARVDJI-UHFFFAOYSA-N,"InChI=1S/C20H22N4/c21-14-15-8-11-24(12-9-15)20-22-10-7-19(23-20)18-6-5-16-3-1-2-4-17(16)13-18/h1-7,10,13,15H,8-9,11-12,14,21H2",11227,NCC1CCN(CC1)c2nccc(n2)c3ccc4ccccc4c3,NA
Input,MLS002473505,-0.20373614,InputSig,NA,NA,LINCSCP_1794,A375,10uM,6h,skin,NA,NA,IVTPEBQGBIHMKX-UHFFFAOYSA-N,"InChI=1S/C12H9IN2O2S/c1-8(11-14-6-7-18-11)15-17-12(16)9-2-4-10(13)5-3-9/h2-7H,1H3",9807,CC(=NOC(=O)c1ccc(I)cc1)c2nccs2,NA
Input,MLS002548989,-0.20371166,InputSig,NA,NA,LINCSCP_45721,PC3,10uM,24h,prostate,NA,NA,HARSXQVGRZLKGB-UHFFFAOYSA-N,"InChI=1S/C17H17N3OS/c1-2-4-13(5-3-1)21-14-6-9-20(10-7-14)16-15-8-11-22-17(15)19-12-18-16/h1-5,8,11-12,14H,6-7,9-10H2",22865,C1CN(CCC1Oc2ccccc2)c3ncnc4sccc34,NA
Input,BRD-K69406317-001-01-8,-0.20365058,InputSig,NA,NA,LINCSCP_32067,MCF7,10uM,6h,breast,NA,NA,XGMQKVJTWVADHD-MEOLXUPJSA-N,"InChI=1S/C38H49F3N4O6/c1-25-21-45(26(2)24-46)36(47)33-20-31(43-37(48)42-30-13-11-29(12-14-30)38(39,40)41)15-18-34(33)51-27(3)8-6-7-19-50-35(25)23-44(4)22-28-9-16-32(49-5)17-10-28/h9-18,20,25-27,35,46H,6-8,19,21-24H2,1-5H3,(H2,42,43,48)/t25-,26-,27+,35-/m0/s1",33449,COc1ccc(CN(C)C[C@@H]2OCCCC[C@@H](C)Oc3ccc(NC(=O)Nc4ccc(cc4)C(F)(F)F)cc3C(=O)N(C[C@@H]2C)[C@@H](C)CO)cc1,NA
Input,MLS002607703,-0.20361838,InputSig,NA,NA,LINCSCP_31498,MCF7,10uM,6h,breast,NA,NA,AZMPNDKCBUEXJV-UHFFFAOYSA-N,"InChI=1S/C15H10FNO/c16-13-6-2-1-4-11(13)10-7-8-14(18)15-12(10)5-3-9-17-15/h1-9,18H",15744,Oc1ccc(c2ccccc2F)c3cccnc13,NA
Input,Bendroflumethiazide,-0.20353594,InputSig,NA,NA,LINCSCP_33055,MCF7,10uM,24h,breast,Sodium/potassium/chloride transporter inhibitor,SLC12A3,HDWIHXWEUNVBIY-UHFFFAOYSA-N,"InChI=1S/C15H14F3N3O4S2/c16-15(17,18)10-7-11-13(8-12(10)26(19,22)23)27(24,25)21-14(20-11)6-9-4-2-1-3-5-9/h1-5,7-8,14,20-21H,6H2,(H2,19,22,23)",15319,NS(=O)(=O)c1cc2c(NC(Cc3ccccc3)NS2(=O)=O)cc1C(F)(F)F,4
Input,ZINC01792951,-0.20350352,InputSig,NA,NA,LINCSCP_4945,A549,10uM,24h,lung,NA,NA,ABKPQYWVTSGYSD-UHFFFAOYSA-N,"InChI=1S/C13H10ClN3O/c1-2-7-16-13-11(8-15)17-12(18-13)9-3-5-10(14)6-4-9/h2-6,16H,1,7H2",15544,Clc1ccc(cc1)c2oc(NCC=C)c(n2)C#N,NA
Input,"(S)-2-Amino-3-(2,4-dihydroxyphenyl)propanoic acid",-0.20348531,InputSig,NA,NA,LINCSCP_41182,NEU,10uM,24h,NA,NA,NA,UTIMIHJZXIJZKZ-ZETCQYMHSA-N,"InChI=1S/C9H11NO4/c10-7(9(13)14)3-5-1-2-6(11)4-8(5)12/h1-2,4,7,11-12H,3,10H2,(H,13,14)/t7-/m0/s1",11182,N[C@@H](Cc1ccc(O)cc1O)C(=O)O,NA
Input,BRD-K75051049,-0.20337561,InputSig,NA,NA,LINCSCP_48824,PC3,10uM,24h,prostate,NA,NA,PIYCFRUDBRJOMI-AWYDNWMNSA-N,"InChI=1S/C37H43N5O6S/c1-25-21-42(26(2)24-43)36(44)20-29-19-30(40-49(46,47)31-9-5-4-6-10-31)17-18-34(29)48-35(25)23-41(3)22-27-13-15-28(16-14-27)37(45)39-33-12-8-7-11-32(33)38/h4-19,25-26,35,40,43H,20-24,38H2,1-3H3,(H,39,45)/t25-,26+,35+/m1/s1",33596,C[C@@H](CO)N1C[C@@H](C)[C@H](CN(C)Cc2ccc(cc2)C(=O)Nc3ccccc3N)Oc4ccc(NS(=O)(=O)c5ccccc5)cc4CC1=O,NA
Input,196868-63-0,-0.20329727,InputSig,NA,NA,LINCSCP_18609,HCC515,10uM,24h,lung,IGF-1 inhibitor|Insulin growth factor receptor inhibitor,IGF1R,YBLWOZUPHDKFOT-UHFFFAOYSA-N,"InChI=1S/C18H16ClN3O2/c1-11-9-15(13-5-3-4-6-14(13)20-11)21-18(23)22-16-10-12(19)7-8-17(16)24-2/h3-10H,1-2H3,(H2,20,21,22,23)",35949,COc1ccc(Cl)cc1NC(=O)Nc2cc(C)nc3ccccc23,NA
Input,SPECTRUM_001645,-0.20314547,InputSig,NA,NA,LINCSCP_32846,MCF7,10uM,24h,breast,Opioid receptor antagonist,OPRD1|OPRK1|OPRM1,DQCKKXVULJGBQN-PODIIYFMSA-N,"InChI=1S/C20H23NO4/c22-13-4-3-12-9-15-20(24)6-5-14(23)18-19(20,16(12)17(13)25-18)7-8-21(15)10-11-1-2-11/h3-4,11,15,18,22,24H,1-2,5-10H2/t15-,18+,19?,20-/m1/s1",434,Oc1ccc2C[C@H]3N(CC4CC4)CCC56[C@@H](Oc1c25)C(=O)CC[C@@]36O,NA
Input,Sulconazole,-0.20311567,InputSig,NA,NA,LINCSCP_14529,HA1E,10uM,6h,kidney epithelial,Cytochrome P450 51 inhibitor,NA,AFNXATANNDIXLG-UHFFFAOYSA-N,"InChI=1S/C18H15Cl3N2S/c19-14-3-1-13(2-4-14)11-24-18(10-23-8-7-22-12-23)16-6-5-15(20)9-17(16)21/h1-9,12,18H,10-11H2",35419,Clc1ccc(CSC(Cn2ccnc2)c3ccc(Cl)cc3Cl)cc1,4
Input,MLS002729057,-0.20306245,InputSig,NA,NA,LINCSCP_26312,HT29,10uM,6h,large intestine,NA,NA,BPJXTVCIZAREGR-UHFFFAOYSA-N,"InChI=1S/C15H12N2O/c18-14-8-4-5-11-9-13(10-16-15(11)14)17-12-6-2-1-3-7-12/h1-10,17-18H",15936,Oc1cccc2cc(Nc3ccccc3)cnc12,NA
Input,BRD-K20013327,-0.2030465,InputSig,NA,NA,LINCSCP_60520,VCAP,5uM,24h,prostate,NA,NA,DEGZSTUNWMGQCY-JKSBSHDWSA-N,"InChI=1S/C24H34N6O6/c1-16-10-30(17(2)13-31)23(32)5-4-8-29-11-19(26-27-29)14-34-22(16)12-28(3)24(33)25-18-6-7-20-21(9-18)36-15-35-20/h6-7,9,11,16-17,22,31H,4-5,8,10,12-15H2,1-3H3,(H,25,33)/t16-,17+,22-/m0/s1",22516,C[C@H](CO)N1C[C@H](C)[C@H](CN(C)C(=O)Nc2ccc3OCOc3c2)OCc4cn(CCCC1=O)nn4,NA
Input,Haloperidol,-0.2029464,InputSig,NA,NA,LINCSCP_172346,YAPC,10uM,24h,pancreas,Serotonin 2a (5-HT2a) receptor antagonist (Serotonin 2a|D2-like dopamine receptor inverse agonist,DRD1|DRD2|DRD3|DRD4|HTR2A,LNEPOXFFQSENCJ-UHFFFAOYSA-N,"InChI=1S/C21H23ClFNO2/c22-18-7-5-17(6-8-18)21(26)11-14-24(15-12-21)13-1-2-20(25)16-3-9-19(23)10-4-16/h3-10,26H,1-2,11-15H2",35951,OC1(CCN(CCCC(=O)c2ccc(F)cc2)CC1)c3ccc(Cl)cc3,4
Input,BRD-K83431831,-0.20290377,InputSig,NA,NA,LINCSCP_279541,PC3,10uM,6h,prostate,NA,NA,ZUCJYVPDHBVELS-DXCNDIKUSA-N,"InChI=1S/C36H45F3N4O7S/c1-24-21-43(25(2)23-44)34(45)31-20-29(41-35(46)40-28-15-13-27(14-16-28)36(37,38)39)17-18-32(31)50-26(3)10-8-9-19-49-33(24)22-42(4)51(47,48)30-11-6-5-7-12-30/h5-7,11-18,20,24-26,33,44H,8-10,19,21-23H2,1-4H3,(H2,40,41,46)/t24-,25-,26-,33+/m0/s1",13732,C[C@@H](CO)N1C[C@H](C)[C@@H](CN(C)S(=O)(=O)c2ccccc2)OCCCC[C@H](C)Oc3ccc(NC(=O)Nc4ccc(cc4)C(F)(F)F)cc3C1=O,NA
Input,Siramesine (hydrochloride),-0.20260144,InputSig,NA,NA,LINCSCP_155013,PC3,10uM,24h,prostate,NA,NA,XWAONOGAGZNUSF-UHFFFAOYSA-N,"InChI=1S/C30H31FN2O/c31-25-12-14-26(15-13-25)33-21-23(27-9-2-4-11-29(27)33)7-5-6-18-32-19-16-30(17-20-32)28-10-3-1-8-24(28)22-34-30/h1-4,8-15,21H,5-7,16-20,22H2",26905,Fc1ccc(cc1)n2cc(CCCCN3CCC4(CC3)OCc5ccccc45)c6ccccc26,NA
Input,BRD-K00664012,-0.20254277,InputSig,NA,NA,LINCSCP_59559,VCAP,10uM,6h,prostate,NA,NA,NWAOHTRJRZZISF-CEMVDLCSSA-N,"InChI=1S/C35H45FN4O7S/c1-24-21-40(25(2)23-41)34(42)31-20-29(38-48(44,45)30-11-6-5-7-12-30)17-18-32(31)47-26(3)10-8-9-19-46-33(24)22-39(4)35(43)37-28-15-13-27(36)14-16-28/h5-7,11-18,20,24-26,33,38,41H,8-10,19,21-23H2,1-4H3,(H,37,43)/t24-,25+,26-,33-/m0/s1",31716,C[C@H](CO)N1C[C@H](C)[C@H](CN(C)C(=O)Nc2ccc(F)cc2)OCCCC[C@H](C)Oc3ccc(NS(=O)(=O)c4ccccc4)cc3C1=O,NA
Input,BRD-K46088987,-0.20253481,InputSig,NA,NA,LINCSCP_50466,PHH,10uM,6h,NA,NA,NA,BPOGNEBUOZNYSO-GNKBHMEESA-N,"InChI=1S/C26H20FN3O2/c27-22-9-5-19(6-10-22)2-1-18-3-7-21(8-4-18)26-23(16-28)30(24(26)17-31)25(32)15-20-11-13-29-14-12-20/h3-14,23-24,26,31H,15,17H2/t23-,24-,26-/m0/s1",1817,OC[C@H]1[C@H]([C@H](C#N)N1C(=O)Cc2ccncc2)c3ccc(cc3)C#Cc4ccc(F)cc4,NA
Input,N6-Methyladenosine,-0.20249755,InputSig,NA,NA,LINCSCP_47565,PC3,10uM,24h,prostate,NA,NA,VQAYFKKCNSOZKM-IOSLPCCCSA-N,"InChI=1S/C11H15N5O4/c1-12-9-6-10(14-3-13-9)16(4-15-6)11-8(19)7(18)5(2-17)20-11/h3-5,7-8,11,17-19H,2H2,1H3,(H,12,13,14)/t5-,7-,8-,11-/m1/s1",15974,CNc1ncnc2c1ncn2[C@@H]3O[C@H](CO)[C@@H](O)[C@H]3O,NA
Input,Dihydroouabain,-0.20248754,InputSig,NA,NA,LINCSCP_64841,VCAP,10uM,24h,prostate,ATPase inhibitor,NA,ZTFGOPUOTATSAL-CFVDWFIMSA-N,"InChI=1S/C29H46O12/c1-13-22(34)23(35)24(36)25(40-13)41-15-8-19(32)28(12-30)21-17(3-5-27(28,37)9-15)29(38)6-4-16(14-7-20(33)39-11-14)26(29,2)10-18(21)31/h13-19,21-25,30-32,34-38H,3-12H2,1-2H3/t13-,14?,15-,16+,17+,18+,19+,21+,22-,23+,24+,25-,26+,27-,28+,29-/m0/s1",40361,C[C@@H]1O[C@@H](O[C@H]2C[C@@H](O)[C@]3(CO)[C@H]4[C@H](O)C[C@]5(C)[C@H](CC[C@]5(O)[C@@H]4CC[C@]3(O)C2)C6COC(=O)C6)[C@H](O)[C@H](O)[C@H]1O,NA
Input,BRD4770,-0.20245067,InputSig,NA,NA,LINCSCP_31968,MCF7,10uM,24h,breast,Histone lysine methyltransferase inhibitor,EHMT2,UCGWYCMPZXDHNR-UHFFFAOYSA-N,"InChI=1S/C25H23N3O3/c1-31-24(30)20-14-15-22-21(17-20)26-25(27-23(29)19-12-6-3-7-13-19)28(22)16-8-11-18-9-4-2-5-10-18/h2-7,9-10,12-15,17H,8,11,16H2,1H3,(H,26,27,29)",34255,COC(=O)c1ccc2c(c1)nc(NC(=O)c3ccccc3)n2CCCc4ccccc4,NA
Input,Ticlopidine,-0.20236284,InputSig,NA,NA,LINCSCP_170330,YAPC,1.11uM,24h,pancreas,Purinergic receptor P2Y12 antagonist,P2RY12,PHWBOXQYWZNQIN-UHFFFAOYSA-N,"InChI=1S/C14H14ClNS/c15-13-4-2-1-3-11(13)9-16-7-5-14-12(10-16)6-8-17-14/h1-4,6,8H,5,7,9-10H2",35460,Clc1ccccc1CN2CCc3sccc3C2,4
Input,Rosuvastatin,-0.20231753,InputSig,NA,NA,LINCSCP_44592,PC3,10uM,24h,prostate,HMGCR inhibitor,HMGCR,BPRHUIZQVSMCRT-VEUZHWNKSA-N,"InChI=1S/C22H28FN3O6S/c1-13(2)20-18(10-9-16(27)11-17(28)12-19(29)30)21(14-5-7-15(23)8-6-14)25-22(24-20)26(3)33(4,31)32/h5-10,13,16-17,27-28H,11-12H2,1-4H3,(H,29,30)/b10-9+/t16-,17-/m1/s1",37929,CC(C)c1nc(nc(c2ccc(F)cc2)c1\C=C\[C@@H](O)C[C@@H](O)CC(=O)O)N(C)S(=O)(=O)C,4
Input,"7-Bromo-1,2,3,9-tetrahydropyrrolo[2,1-b]quinazoline",-0.20226024,InputSig,NA,NA,LINCSCP_15804,HA1E,10uM,24h,kidney epithelial,NA,NA,IXRIYMMZXPUXNJ-UHFFFAOYSA-N,"InChI=1S/C11H11BrN2/c12-9-3-4-10-8(6-9)7-14-5-1-2-11(14)13-10/h3-4,6H,1-2,5,7H2",3593,Brc1ccc2N=C3CCCN3Cc2c1,NA
Input,SPOX1_000823,-0.20223138,InputSig,NA,NA,LINCSCP_46224,PC3,10uM,24h,prostate,NA,NA,SEAZVQTXRQGRFP-OKZLZZNTSA-N,"InChI=1S/C43H40N6O6/c50-26-27-54-33-19-10-7-16-30(33)38-43(31-17-8-9-18-32(31)46-41(43)53)34(39(51)47-22-24-48(25-23-47)42-44-20-11-21-45-42)36-40(52)55-37(29-14-5-2-6-15-29)35(49(36)38)28-12-3-1-4-13-28/h1-21,34-38,50H,22-27H2,(H,46,53)/t34-,35-,36-,37+,38+,43-/m1/s1",23162,OCCOc1ccccc1[C@@H]2N3[C@@H]([C@@H](OC(=O)[C@H]3[C@H](C(=O)N4CCN(CC4)c5ncccn5)[C@@]26C(=O)Nc7ccccc67)c8ccccc8)c9ccccc9,NA
Input,CHEMBL2355513,-0.20213629,InputSig,NA,NA,LINCSCP_26496,HT29,10uM,6h,large intestine,NA,NA,PEUKOTPXCYQHOA-ZIZQKJAQSA-N,"InChI=1S/C37H53F3N4O5/c1-25-21-44(26(2)24-45)35(46)32-20-31(42-36(47)41-30-15-13-29(14-16-30)37(38,39)40)17-18-33(32)49-27(3)10-8-9-19-48-34(25)23-43(4)22-28-11-6-5-7-12-28/h13-18,20,25-28,34,45H,5-12,19,21-24H2,1-4H3,(H2,41,42,47)/t25-,26+,27+,34-/m1/s1",19672,C[C@@H](CO)N1C[C@@H](C)[C@@H](CN(C)CC2CCCCC2)OCCCC[C@H](C)Oc3ccc(NC(=O)Nc4ccc(cc4)C(F)(F)F)cc3C1=O,NA
Input,SPARFLOXACIN,-0.20209129,InputSig,NA,NA,LINCSCP_102552,HELA,0.37uM,24h,large intestine,NA,NA,DZZWHBIBMUVIIW-IENPIDJESA-N,"InChI=1S/C19H22F2N4O3/c1-8-5-24(6-9(2)23-8)17-13(20)15(22)12-16(14(17)21)25(10-3-4-10)7-11(18(12)26)19(27)28/h7-10,23H,3-6,22H2,1-2H3,(H,27,28)/t8-,9?/m0/s1",27159,C[C@H]1CN(CC(C)N1)c2c(F)c(N)c3C(=O)C(=CN(C4CC4)c3c2F)C(=O)O,NA
Input,SCHEMBL16226068,-0.20207002,InputSig,NA,NA,LINCSCP_30096,MCF7,10uM,24h,breast,HSP inhibitor,HSP90AA1,KUFRQPKVAWMTJO-UBRRALEVSA-N,"InChI=1S/C32H48N4O8/c1-18-14-22-27(34-12-13-36(5)6)24(37)17-23(29(22)39)35-31(40)19(2)10-9-11-25(42-7)30(44-32(33)41)21(4)16-20(3)28(38)26(15-18)43-8/h9-11,16-18,20,25-26,28,30,34,38H,12-15H2,1-8H3,(H2,33,41)(H,35,40)/b11-9+,19-10+,21-16+",313,COC1CC(C)CC2=C(NCCN(C)C)C(=O)C=C(NC(=O)\C(=C\C=C\C(OC)C(OC(=O)N)\C(=C\C(C)C1O)\C)\C)C2=O,NA
Input,BRD-K13943990,-0.20205131,InputSig,NA,NA,LINCSCP_65772,VCAP,10uM,6h,prostate,NA,NA,LHPQGQHPHMSMSB-WYOWBBOASA-N,"InChI=1S/C36H53FN4O5/c1-25-21-41(26(2)24-42)35(43)32-20-31(39-36(44)38-30-15-13-29(37)14-16-30)17-18-33(32)46-27(3)10-8-9-19-45-34(25)23-40(4)22-28-11-6-5-7-12-28/h13-18,20,25-28,34,42H,5-12,19,21-24H2,1-4H3,(H2,38,39,44)/t25-,26-,27-,34+/m1/s1",32021,C[C@H](CO)N1C[C@@H](C)[C@H](CN(C)CC2CCCCC2)OCCCC[C@@H](C)Oc3ccc(NC(=O)Nc4ccc(F)cc4)cc3C1=O,NA
Input,MGCD-265,-0.20203997,InputSig,NA,NA,LINCSCP_24780,HS578T,10uM,24h,breast,VEGFR inhibitor,AXL|FLT1|FLT4|KDR|MET|MST1R|TEK,UFICVEHDQUKCEA-UHFFFAOYSA-N,"InChI=1S/C26H20FN5O2S2/c1-32-14-20(29-15-32)23-13-19-25(36-23)22(9-10-28-19)34-21-8-7-17(12-18(21)27)30-26(35)31-24(33)11-16-5-3-2-4-6-16/h2-10,12-15H,11H2,1H3,(H2,30,31,33,35)",17517,Cn1cnc(c1)c2cc3nccc(Oc4ccc(NC(=S)NC(=O)Cc5ccccc5)cc4F)c3s2,2
Input,CHEMBL1520057,-0.20198283,InputSig,NA,NA,LINCSCP_1105,A375,10uM,24h,skin,NA,NA,YWRKZGLXOGEWFF-UHFFFAOYSA-N,"InChI=1S/C16H11N3O2/c1-10(20)18-16-14(9-17)19-15(21-16)13-8-4-6-11-5-2-3-7-12(11)13/h2-8H,1H3,(H,18,20)",15404,CC(=O)Nc1oc(nc1C#N)c2cccc3ccccc23,NA
Input,ST078797,-0.20183104,InputSig,NA,NA,LINCSCP_2307,A375,10uM,6h,skin,NA,NA,VGGMIZQVTWIWTG-UHFFFAOYSA-N,"InChI=1S/C21H20N4O2S/c1-24-20(18-11-6-12-27-18)22-23-21(24)28-13-19(26)25-16-9-4-2-7-14(16)15-8-3-5-10-17(15)25/h2,4,6-7,9,11-12H,3,5,8,10,13H2,1H3",188,Cn1c(SCC(=O)n2c3CCCCc3c4ccccc24)nnc1c5occc5,NA
Input,BRD-K92441219,-0.20180327,InputSig,NA,NA,LINCSCP_61508,VCAP,5uM,24h,prostate,NA,NA,HAVPCKYPPPKWEI-SEXOINJZSA-N,"InChI=1S/C31H38N4O6S/c1-19-15-35(20(2)17-36)31(37)29-28(25-13-9-10-14-26(25)34(29)6)24-12-8-7-11-23(24)18-40-27(19)16-33(5)42(38,39)30-21(3)32-41-22(30)4/h7-14,19-20,27,36H,15-18H2,1-6H3/t19-,20-,27-/m1/s1",25257,C[C@H](CO)N1C[C@@H](C)[C@@H](CN(C)S(=O)(=O)c2c(C)onc2C)OCc3ccccc3c4c(C1=O)n(C)c5ccccc45,NA
Input,ASN 04482680,-0.2017518,InputSig,NA,NA,LINCSCP_52295,SKB,10uM,24h,NA,NA,NA,VMCNPERZTWTVQD-UHFFFAOYSA-N,"InChI=1S/C23H17N5O3S2/c1-13-7-15-8-18-19(31-12-30-18)9-17(15)28-21(13)26-27-23(28)33-11-20(29)25-22-24-16(10-32-22)14-5-3-2-4-6-14/h2-10H,11-12H2,1H3,(H,24,25,29)",16004,Cc1cc2cc3OCOc3cc2n4c(SCC(=O)Nc5nc(cs5)c6ccccc6)nnc14,NA
Input,Amoxapine,-0.20174174,InputSig,NA,NA,LINCSCP_33455,MCF7,10uM,6h,breast,Serotonin transporter inhibitor|Norepinephrine transporter inhibitor|Dopamine receptor antagonist,DRD1|DRD2|DRD3|DRD4|DRD5|HTR2A|HTR6|SLC6A2|SLC6A4,QWGDMFLQWFTERH-UHFFFAOYSA-N,"InChI=1S/C17H16ClN3O/c18-12-5-6-15-13(11-12)17(21-9-7-19-8-10-21)20-14-3-1-2-4-16(14)22-15/h1-6,11,19H,7-10H2",35471,Clc1ccc2Oc3ccccc3N=C(N4CCNCC4)c2c1,4
Input,ZINC21985599,-0.20173866,InputSig,NA,NA,LINCSCP_43218,NPC,10uM,24h,neural progenitor cells,HMGCR inhibitor,HMGCR,PCRLJXQATRCBPW-SOWWUCBVSA-N,"InChI=1S/C23H36O4/c1-4-15(2)23(25)27-21-7-5-6-17-9-8-16(3)20(22(17)21)11-10-19-14-18(24)12-13-26-19/h6,8-9,15-16,18-22,24H,4-5,7,10-14H2,1-3H3/t15-,16-,18-,19+,20-,21-,22-/m0/s1",31658,CC[C@H](C)C(=O)O[C@H]1CCC=C2C=C[C@H](C)[C@H](CC[C@@H]3C[C@@H](O)CCO3)[C@@H]12,NA
Input,Proadifen,-0.20171661,InputSig,NA,NA,LINCSCP_34492,MCF7,10uM,24h,breast,Nitric oxide synthase inhibitor,NOS1,SNTQPLDRUZOSDP-UHFFFAOYSA-N,"InChI=1S/C23H31NO2/c1-4-17-23(20-13-9-7-10-14-20,21-15-11-8-12-16-21)22(25)26-19-18-24(5-2)6-3/h7-16H,4-6,17-19H2,1-3H3",34261,CCCC(C(=O)OCCN(CC)CC)(c1ccccc1)c2ccccc2,NA
Input,BRD-K03354784,-0.20171153,InputSig,NA,NA,LINCSCP_62960,VCAP,5uM,6h,prostate,NA,NA,YDHXSWOLXDIZHC-IJGBCQEOSA-N,"InChI=1S/C25H35N3O6/c1-16-22(32-5)14-28(3)25(30)19-12-17(13-26)6-8-20(19)33-15-23-21(31-4)9-7-18(34-23)10-11-27(2)24(16)29/h6,8,12,16,18,21-23H,7,9-11,14-15H2,1-5H3/t16-,18-,21-,22+,23-/m0/s1",6345,CO[C@H]1CC[C@H]2CCN(C)C(=O)[C@@H](C)[C@@H](CN(C)C(=O)c3cc(ccc3OC[C@@H]1O2)C#N)OC,NA
Input,Telbivudine,-0.20164213,InputSig,NA,NA,LINCSCP_71428,A375,3.33uM,24h,skin,DNA polymerase/reverse transcriptase inhibitor,NA,IQFYYKKMVGJFEH-CSMHCCOUSA-N,"InChI=1S/C10H14N2O5/c1-5-3-12(10(16)11-9(5)15)8-2-6(14)7(4-13)17-8/h3,6-8,13-14H,2,4H2,1H3,(H,11,15,16)/t6-,7+,8+/m1/s1",27142,CC1=CN([C@@H]2C[C@@H](O)[C@H](CO)O2)C(=O)NC1=O,4
Input,SAR245409,-0.2016263,InputSig,NA,NA,LINCSCP_128040,HUES3,10uM,24h,NA,PI3K inhibitor,NA,HJSSPYJVWLTYHG-UHFFFAOYSA-N,"InChI=1S/C31H29N5O6S/c1-19-9-10-20(15-28(19)42-4)31(37)33-21-11-13-25(14-12-21)43(38,39)36-30-29(34-26-7-5-6-8-27(26)35-30)32-22-16-23(40-2)18-24(17-22)41-3/h5-18H,1-4H3,(H,32,34)(H,33,37)(H,35,36)",17596,COc1cc(Nc2nc3ccccc3nc2NS(=O)(=O)c4ccc(NC(=O)c5ccc(C)c(OC)c5)cc4)cc(OC)c1,NA
Input,BRD-K00566471,-0.20154571,InputSig,NA,NA,LINCSCP_60832,VCAP,5uM,24h,prostate,NA,NA,PDYFFKDIVHOONQ-CJYOKPGZSA-N,"InChI=1S/C30H40FN3O5/c1-20-16-34(17-22-11-13-38-14-12-22)21(2)19-39-27-10-9-23(32-29(35)24-7-5-6-8-26(24)31)15-25(27)30(36)33(3)18-28(20)37-4/h5-10,15,20-22,28H,11-14,16-19H2,1-4H3,(H,32,35)/t20-,21-,28+/m1/s1",5221,CO[C@H]1CN(C)C(=O)c2cc(NC(=O)c3ccccc3F)ccc2OC[C@@H](C)N(CC4CCOCC4)C[C@H]1C,NA
Input,Skatole,-0.20148643,InputSig,NA,NA,LINCSCP_42921,NPC,10uM,24h,neural progenitor cells,Thrombin inhibitor,CYP2F1,ZFRKQXVRDFCRJG-UHFFFAOYSA-N,"InChI=1S/C9H9N/c1-7-6-10-9-5-3-2-4-8(7)9/h2-6,10H,1H3",36959,Cc1c[nH]c2ccccc12,NA
Input,RG2833 (RGFP109),-0.20144125,InputSig,NA,NA,LINCSCP_170502,YAPC,10uM,24h,pancreas,NA,NA,VOPDXHFYDJAYNS-UHFFFAOYSA-N,"InChI=1S/C20H25N3O2/c1-15-10-12-16(13-11-15)20(25)22-14-6-2-3-9-19(24)23-18-8-5-4-7-17(18)21/h4-5,7-8,10-13H,2-3,6,9,14,21H2,1H3,(H,22,25)(H,23,24)",26765,Cc1ccc(cc1)C(=O)NCCCCCC(=O)Nc2ccccc2N,NA
Input,"9-Methyl-5H-6-thia-4,5-diaza-chrysene 6,6-dioxide",-0.20142113,InputSig,NA,NA,LINCSCP_218694,HEC108,10uM,6h,endometrium,NFkB pathway inhibitor,NA,KYPLTYNYSYVGGA-UHFFFAOYSA-N,"InChI=1S/C16H12N2O2S/c1-10-4-7-14-13(9-10)12-6-5-11-3-2-8-17-15(11)16(12)18-21(14,19)20/h2-9,18H,1H3",16516,Cc1ccc2c(c1)c3ccc4cccnc4c3NS2(=O)=O,NA
Input,MST-312,-0.20138614,InputSig,NA,NA,LINCSCP_54190,SW620,10uM,6h,large intestine,Telomerase inhibitor,TERT,MIQUEZGHEJGPJB-UHFFFAOYSA-N,"InChI=1S/C20H16N2O6/c23-15-8-2-6-13(17(15)25)19(27)21-11-4-1-5-12(10-11)22-20(28)14-7-3-9-16(24)18(14)26/h1-10,23-26H,(H,21,27)(H,22,28)",23139,Oc1cccc(C(=O)Nc2cccc(NC(=O)c3cccc(O)c3O)c2)c1O,NA
Input,Levcromakalim,-0.20127774,InputSig,NA,NA,LINCSCP_192927,A549,10uM,6h,lung,Potassium channel activator,KCNJ8,TVZCRIROJQEVOT-CABCVRRESA-N,"InChI=1S/C16H18N2O3/c1-16(2)15(20)14(18-7-3-4-13(18)19)11-8-10(9-17)5-6-12(11)21-16/h5-6,8,14-15,20H,3-4,7H2,1-2H3/t14-,15+/m1/s1",35621,CC1(C)Oc2ccc(cc2[C@H]([C@@H]1O)N3CCCC3=O)C#N,NA
Input,Promazine,-0.2012737,InputSig,NA,NA,LINCSCP_10334,A673,10uM,6h,bone,Serotonin 2a (5-HT2a) receptor antagonist (Serotonin 2a|D2-like dopamine receptor antagonist,CHRM5|DRD2|DRD3|DRD4|HTR2A,ZGUGWUXLJSTTMA-UHFFFAOYSA-N,"InChI=1S/C17H20N2S/c1-18(2)12-7-13-19-14-8-3-5-10-16(14)20-17-11-6-4-9-15(17)19/h3-6,8-11H,7,12-13H2,1-2H3",15389,CN(C)CCCN1c2ccccc2Sc3ccccc13,4
Input,Loratadine,-0.20125115,InputSig,NA,NA,LINCSCP_78280,A375,10uM,24h,skin,Histamine receptor antagonist,HRH1,JCCNYMKQOSZNPW-UHFFFAOYSA-N,"InChI=1S/C22H23ClN2O2/c1-2-27-22(26)25-12-9-15(10-13-25)20-19-8-7-18(23)14-17(19)6-5-16-4-3-11-24-21(16)20/h3-4,7-8,11,14H,2,5-6,9-10,12-13H2,1H3",16441,CCOC(=O)N1CCC(=C2c3ccc(Cl)cc3CCc4cccnc24)CC1,4
Input,Refametinib,-0.20110982,InputSig,NA,NA,LINCSCP_173242,YAPC,0.04uM,24h,pancreas,NA,NA,RDSACQWTXKSHJT-NSHDSACASA-N,"InChI=1S/C19H20F3IN2O5S/c1-30-15-7-13(21)16(22)18(24-14-3-2-10(23)6-12(14)20)17(15)25-31(28,29)19(4-5-19)8-11(27)9-26/h2-3,6-7,11,24-27H,4-5,8-9H2,1H3/t11-/m0/s1",27086,COc1cc(F)c(F)c(Nc2ccc(I)cc2F)c1NS(=O)(=O)C3(C[C@H](O)CO)CC3,NA
Input,CGP-12177,-0.20106294,InputSig,NA,NA,LINCSCP_7372,A549,10uM,6h,lung,Adrenergic receptor agonist,ADRB1|ADRB2|ADRB3,UMQUQWCJKFOUGV-UHFFFAOYSA-N,"InChI=1S/C14H21N3O3/c1-14(2,3)15-7-9(18)8-20-11-6-4-5-10-12(11)17-13(19)16-10/h4-6,9,15,18H,7-8H2,1-3H3,(H2,16,17,19)",38001,CC(C)(C)NCC(O)COc1cccc2[nH]c(O)nc12,NA
Input,GSK962040,-0.20094238,InputSig,NA,NA,LINCSCP_90673,HA1E,0.04uM,24h,kidney epithelial,Motilin receptor agonist,MLNR,RZKDEGZIFSJVNA-IBGZPJMESA-N,"InChI=1S/C25H33FN4O/c1-19-17-29(14-11-27-19)18-21-7-5-20(6-8-21)15-25(31)30-12-9-23(10-13-30)28-24-4-2-3-22(26)16-24/h2-8,16,19,23,27-28H,9-15,17-18H2,1H3/t19-/m0/s1",27054,C[C@H]1CN(Cc2ccc(CC(=O)N3CCC(CC3)Nc4cccc(F)c4)cc2)CCN1,2
Input,BRD-K92434623,-0.2008643,InputSig,NA,NA,LINCSCP_312068,VCAP,10uM,24h,prostate,NA,NA,RGDWZLATWUCGFS-GHVZQYPWSA-N,"InChI=1S/C37H52F3N3O5/c1-25-21-43(26(2)24-44)36(46)32-20-31(41-35(45)29-11-6-5-7-12-29)17-18-33(32)48-27(3)10-8-9-19-47-34(25)23-42(4)22-28-13-15-30(16-14-28)37(38,39)40/h13-18,20,25-27,29,34,44H,5-12,19,21-24H2,1-4H3,(H,41,45)/t25-,26-,27+,34+/m1/s1",34078,C[C@H](CO)N1C[C@@H](C)[C@H](CN(C)Cc2ccc(cc2)C(F)(F)F)OCCCC[C@H](C)Oc3ccc(NC(=O)C4CCCCC4)cc3C1=O,NA
Input,Telmisartan,-0.2008595,InputSig,NA,NA,LINCSCP_244606,MCF7,10uM,24h,breast,Angiotensin receptor antagonist,AGTR1|PPARG,RMMXLENWKUUMAY-UHFFFAOYSA-N,"InChI=1S/C33H30N4O2/c1-4-9-30-35-31-21(2)18-24(32-34-27-12-7-8-13-28(27)36(32)3)19-29(31)37(30)20-22-14-16-23(17-15-22)25-10-5-6-11-26(25)33(38)39/h5-8,10-19H,4,9,20H2,1-3H3,(H,38,39)",18214,CCCc1nc2c(C)cc(cc2n1Cc3ccc(cc3)c4ccccc4C(=O)O)c5nc6ccccc6n5C,4
Input,ZINC101150009,-0.20075512,InputSig,NA,NA,LINCSCP_49937,PHH,10uM,24h,NA,HSP inhibitor,NA,WYZWZEOGROVVHK-VYKNNJQSSA-N,"InChI=1S/C18H17ClO6/c1-9-6-15-14(25-15)5-3-2-4-10(20)7-11-16(18(23)24-9)12(21)8-13(22)17(11)19/h2-5,8-9,14-15,21-22H,6-7H2,1H3/b4-2+,5-3+/t9-,14+,15+/m1/s1",25770,C[C@@H]1C[C@@H]2O[C@H]2\C=C\C=C\C(=O)Cc3c(Cl)c(O)cc(O)c3C(=O)O1,NA
Input,CHEMDIV3_005068,-0.2007536,InputSig,NA,NA,LINCSCP_3022,A375,10uM,6h,skin,NA,NA,GZBUZCUHQUUESZ-DARPEHSRSA-N,"InChI=1S/C23H19NO4/c1-26-18-8-3-15(4-9-18)23-14-21(20-13-17(25)7-12-22(20)28-23)24-16-5-10-19(27-2)11-6-16/h3-14,25H,1-2H3/b24-21+",25500,COc1ccc(cc1)N=C2C=C(Oc3ccc(O)cc23)c4ccc(OC)cc4,NA
Input,Fluvastatin,-0.20073455,InputSig,NA,NA,LINCSCP_44580,PC3,10uM,24h,prostate,HMGCR inhibitor,HMGCR,FJLGEFLZQAZZCD-MCBHFWOFSA-N,"InChI=1S/C24H26FNO4/c1-15(2)26-21-6-4-3-5-20(21)24(16-7-9-17(25)10-8-16)22(26)12-11-18(27)13-19(28)14-23(29)30/h3-12,15,18-19,27-28H,13-14H2,1-2H3,(H,29,30)/b12-11+/t18-,19-/m1/s1",17579,CC(C)n1c(\C=C\[C@@H](O)C[C@@H](O)CC(=O)O)c(c2ccc(F)cc2)c3ccccc13,NA
Input,BRD-K85946956,-0.20069966,InputSig,NA,NA,LINCSCP_310198,VCAP,30uM,6h,prostate,NA,NA,YHPMBPSGDQLXHP-LSBIRFPWSA-N,"InChI=1S/C35H54N4O5/c1-26-22-39(27(2)25-40)35(42)31-21-30(36-34(41)16-12-19-37(4)5)17-18-32(31)44-28(3)13-10-11-20-43-33(26)24-38(6)23-29-14-8-7-9-15-29/h7-9,14-15,17-18,21,26-28,33,40H,10-13,16,19-20,22-25H2,1-6H3,(H,36,41)/t26-,27+,28-,33-/m1/s1",5172,C[C@@H](CO)N1C[C@@H](C)[C@@H](CN(C)Cc2ccccc2)OCCCC[C@@H](C)Oc3ccc(NC(=O)CCCN(C)C)cc3C1=O,NA
Input,MLS001065891,-0.20064422,InputSig,NA,NA,LINCSCP_26030,HT29,10uM,6h,large intestine,NA,NA,NYHYQDXXVQAQGX-UHFFFAOYSA-N,"InChI=1S/C17H17NO6/c1-11(19)24-14-7-5-4-6-13(14)16(21)18-15-10-12(20)8-9-17(15,22-2)23-3/h4-10H,1-3H3,(H,18,21)",16012,COC1(OC)C=CC(=O)C=C1NC(=O)c2ccccc2OC(=O)C,NA
Input,SB743921,-0.20062979,InputSig,NA,NA,LINCSCP_142103,MCF7,10uM,24h,breast,NA,NA,PGXYIBJJCLWJST-MUUNZHRXSA-N,"InChI=1S/C31H33ClN2O3/c1-20(2)28(34(17-7-16-33)31(36)23-12-10-21(3)11-13-23)30-26(18-22-8-5-4-6-9-22)29(35)25-15-14-24(32)19-27(25)37-30/h4-6,8-15,19-20,28H,7,16-18,33H2,1-3H3/t28-/m1/s1",26975,CC(C)[C@@H](N(CCCN)C(=O)c1ccc(C)cc1)C2=C(Cc3ccccc3)C(=O)c4ccc(Cl)cc4O2,NA
Input,BRD-K32381042,-0.20062926,InputSig,NA,NA,LINCSCP_62643,VCAP,5uM,24h,prostate,NA,NA,QUFPSNAFNYGAMM-BBVYRSAVSA-N,"InChI=1S/C29H27ClF3N3O5/c30-18-5-1-16(2-6-18)14-34-26(38)13-21-12-23-22-11-20(9-10-24(22)41-27(23)25(15-37)40-21)36-28(39)35-19-7-3-17(4-8-19)29(31,32)33/h1-11,21,23,25,27,37H,12-15H2,(H,34,38)(H2,35,36,39)/t21-,23+,25+,27-/m0/s1",24353,OC[C@H]1O[C@H](CC(=O)NCc2ccc(Cl)cc2)C[C@H]3[C@@H]1Oc4ccc(NC(=O)Nc5ccc(cc5)C(F)(F)F)cc34,NA
Input,BRD-K53601225,-0.20061068,InputSig,NA,NA,LINCSCP_60202,VCAP,5uM,24h,prostate,NA,NA,UDDMVFRUSJXUEW-MSYCTHLASA-N,"InChI=1S/C25H31N3O6S/c1-18-14-28(19(2)16-29)35(31,32)24-10-9-20(7-8-21-6-5-11-26-13-21)12-22(24)34-23(18)15-27(3)25(30)17-33-4/h5-6,9-13,18-19,23,29H,14-17H2,1-4H3/t18-,19+,23+/m1/s1",747,COCC(=O)N(C)C[C@@H]1Oc2cc(ccc2S(=O)(=O)N(C[C@H]1C)[C@@H](C)CO)C#Cc3cccnc3,NA
Input,BRD-K44777226,-0.20058749,InputSig,NA,NA,LINCSCP_62456,VCAP,5uM,24h,prostate,NA,NA,FWDZHOQSJMEDFJ-UFUIAINPSA-N,"InChI=1S/C28H30N4O6/c1-36-20-8-5-17(6-9-20)31-28(35)32-18-7-10-24-22(12-18)23-13-21(37-25(16-33)27(23)38-24)14-26(34)30-15-19-4-2-3-11-29-19/h2-12,21,23,25,27,33H,13-16H2,1H3,(H,30,34)(H2,31,32,35)/t21-,23-,25-,27+/m1/s1",24683,COc1ccc(NC(=O)Nc2ccc3O[C@@H]4[C@@H](CO)O[C@@H](CC(=O)NCc5ccccn5)C[C@@H]4c3c2)cc1,NA
Input,PF-04457845,-0.20058475,InputSig,NA,NA,LINCSCP_142043,MCF7,10uM,24h,breast,NA,NA,BATCTBJIJJEPHM-UHFFFAOYSA-N,"InChI=1S/C23H20F3N5O2/c24-23(25,26)18-6-7-21(27-15-18)33-19-4-1-3-17(14-19)13-16-8-11-31(12-9-16)22(32)29-20-5-2-10-28-30-20/h1-7,10,13-15H,8-9,11-12H2,(H,29,30,32)",27146,FC(F)(F)c1ccc(Oc2cccc(C=C3CCN(CC3)C(=O)Nc4cccnn4)c2)nc1,NA
Input,CHEMBL1573436,-0.20057671999999999,InputSig,NA,NA,LINCSCP_57926,VCAP,10uM,24h,prostate,Lipoxygenase inhibitor,ALOX12,FREDZQWTOHKXRX-UHFFFAOYSA-N,"InChI=1S/C16H13BrN2O2S/c1-9(20)19-14(13-5-3-7-22-13)11-8-12(17)10-4-2-6-18-15(10)16(11)21/h2-8,14,21H,1H3,(H,19,20)",15264,CC(=O)NC(c1cccs1)c2cc(Br)c3cccnc3c2O,NA
Input,BRD-K04534322,-0.20057227,InputSig,NA,NA,LINCSCP_6014,A549,10uM,6h,lung,NA,NA,GVBLVLNWRIZMPQ-MREBWLGESA-N,"InChI=1S/C32H38N2O5Si/c1-21-30(40(4,5)26-15-13-25(38-3)14-16-26)29(17-18-35)39-32(21)27-11-6-7-12-28(27)34(31(32)37)20-23-9-8-10-24(19-23)33-22(2)36/h6-16,19,21,29-30,35H,17-18,20H2,1-5H3,(H,33,36)/t21-,29+,30-,32+/m1/s1",31584,COc1ccc(cc1)[Si](C)(C)[C@H]2[C@H](CCO)O[C@]3([C@@H]2C)C(=O)N(Cc4cccc(NC(=O)C)c4)c5ccccc35,NA
Input,CHEMBL2356381,-0.2005644,InputSig,NA,NA,LINCSCP_277870,PC3,10uM,24h,prostate,NA,NA,CBAAPWVHONFTKW-LJUIALDASA-N,"InChI=1S/C35H47F3N4O7S/c1-22-18-42(23(2)21-43)34(44)30-17-29(40-50(45,46)33-25(4)39-49-26(33)5)14-15-31(30)48-24(3)9-7-8-16-47-32(22)20-41(6)19-27-10-12-28(13-11-27)35(36,37)38/h10-15,17,22-24,32,40,43H,7-9,16,18-21H2,1-6H3/t22-,23+,24+,32+/m1/s1",40115,C[C@@H](CO)N1C[C@@H](C)[C@H](CN(C)Cc2ccc(cc2)C(F)(F)F)OCCCC[C@H](C)Oc3ccc(NS(=O)(=O)c4c(C)onc4C)cc3C1=O,NA
Input,CHEMBL2362782,-0.20054878,InputSig,NA,NA,LINCSCP_301259,VCAP,5uM,24h,prostate,NA,NA,YAQCSVWFCUIVLJ-DYLHXGEVSA-N,"InChI=1S/C30H37N3O4/c1-19-15-33(20(2)17-34)30(36)28-27(24-11-7-8-12-25(24)32(28)4)23-10-6-5-9-22(23)18-37-26(19)16-31(3)29(35)21-13-14-21/h5-12,19-21,26,34H,13-18H2,1-4H3/t19-,20-,26-/m0/s1",37543,C[C@@H](CO)N1C[C@H](C)[C@H](CN(C)C(=O)C2CC2)OCc3ccccc3c4c(C1=O)n(C)c5ccccc45,NA
Input,RO10-5824,-0.20049354,InputSig,NA,NA,LINCSCP_52646,SKB,10uM,24h,NA,Dopamine receptor agonist,DRD4,KABDATZAOUSYES-UHFFFAOYSA-N,"InChI=1S/C17H20N4/c1-13-19-11-16(17(18)20-13)12-21-9-7-15(8-10-21)14-5-3-2-4-6-14/h2-7,11H,8-10,12H2,1H3,(H2,18,19,20)",15955,Cc1ncc(CN2CCC(=CC2)c3ccccc3)c(N)n1,NA
Input,Daunorubicin,-0.20042004,InputSig,NA,NA,LINCSCP_55373,U937,0.5uM,6h,haematopoietic and lymphoid tissue,DNA topoisomerase II alpha inhibitor,TOP2A,STQGQHZAVUOBTE-VGBVRHCVSA-N,"InChI=1S/C27H29NO10/c1-10-22(30)14(28)7-17(37-10)38-16-9-27(35,11(2)29)8-13-19(16)26(34)21-20(24(13)32)23(31)12-5-4-6-15(36-3)18(12)25(21)33/h4-6,10,14,16-17,22,30,32,34-35H,7-9,28H2,1-3H3/t10-,14-,16-,17-,22+,27-/m0/s1",15653,COc1cccc2C(=O)c3c(O)c4C[C@](O)(C[C@H](O[C@H]5C[C@H](N)[C@H](O)[C@H](C)O5)c4c(O)c3C(=O)c12)C(=O)C,4
Input,BRD-K23582869-001-01-3,-0.20038634,InputSig,NA,NA,LINCSCP_55082,THP1,10uM,24h,haematopoietic and lymphoid tissue,NA,NA,FIGGLCUVZRSRTI-KTTQJHDCSA-N,"InChI=1S/C43H53N5O6/c1-30-26-48(31(2)29-49)43(52)25-33-24-34(45-41(50)16-8-5-9-17-42(51)46-38-15-11-10-14-37(38)44)20-23-39(33)54-40(30)28-47(3)27-32-18-21-36(22-19-32)53-35-12-6-4-7-13-35/h4,6-7,10-15,18-24,30-31,40,49H,5,8-9,16-17,25-29,44H2,1-3H3,(H,45,50)(H,46,51)/t30-,31-,40-/m1/s1",32304,C[C@H](CO)N1C[C@@H](C)[C@@H](CN(C)Cc2ccc(Oc3ccccc3)cc2)Oc4ccc(NC(=O)CCCCCC(=O)Nc5ccccc5N)cc4CC1=O,NA
Input,BRD-K44681861,-0.20034541,InputSig,NA,NA,LINCSCP_61457,VCAP,5uM,24h,prostate,NA,NA,QNPXTRYBNJAKIP-TVCBXBRYSA-N,"InChI=1S/C32H42N4O4/c1-21-17-36(22(2)19-37)32(39)30-29(25-13-8-9-14-26(25)35(30)5)24-12-7-6-11-23(24)20-40-28(21)18-34(4)31(38)27-15-10-16-33(27)3/h6-9,11-14,21-22,27-28,37H,10,15-20H2,1-5H3/t21-,22-,27-,28+/m0/s1",37028,C[C@@H](CO)N1C[C@H](C)[C@@H](CN(C)C(=O)[C@@H]2CCCN2C)OCc3ccccc3c4c(C1=O)n(C)c5ccccc45,NA
Input,BRD-K80301668,-0.20031218,InputSig,NA,NA,LINCSCP_62691,VCAP,5uM,24h,prostate,NA,NA,MOISLORHFJLABX-HXMVMFLPSA-N,"InChI=1S/C28H32N2O8/c31-14-25-27-21(20-10-18(2-4-22(20)38-27)30-28(33)17-5-7-34-8-6-17)11-19(37-25)12-26(32)29-13-16-1-3-23-24(9-16)36-15-35-23/h1-4,9-10,17,19,21,25,27,31H,5-8,11-15H2,(H,29,32)(H,30,33)/t19-,21-,25-,27+/m1/s1",7385,OC[C@H]1O[C@@H](CC(=O)NCc2ccc3OCOc3c2)C[C@H]4[C@@H]1Oc5ccc(NC(=O)C6CCOCC6)cc45,NA
Input,LY2228820,-0.20028246,InputSig,NA,NA,LINCSCP_94100,HA1E,1.11uM,24h,kidney epithelial,MAP kinase p38 alpha inhibitor,MAPK14,XPPBBJCBDOEXDN-UHFFFAOYSA-N,"InChI=1S/C24H29FN6/c1-23(2,3)13-31-20-17(28-22(31)26)12-11-16(27-20)19-18(14-7-9-15(25)10-8-14)29-21(30-19)24(4,5)6/h7-12H,13H2,1-6H3,(H2,26,28)(H,29,30)",26639,CC(C)(C)Cn1c(N)nc2ccc(nc12)c3[nH]c(nc3c4ccc(F)cc4)C(C)(C)C,2
Input,AN-465/41673090,-0.2002355,InputSig,NA,NA,LINCSCP_1661,A375,10uM,6h,skin,NA,NA,MAUJBUWKKPHCKN-UHFFFAOYSA-N,"InChI=1S/C21H27N3O3/c1-16(25)23-10-12-24(13-11-23)19-7-5-18(6-8-19)22-15-17-4-9-20(26-2)21(14-17)27-3/h4-9,14,22H,10-13,15H2,1-3H3",16080,COc1ccc(CNc2ccc(cc2)N3CCN(CC3)C(=O)C)cc1OC,NA
Input,Vinburnine,-0.2001494,InputSig,NA,NA,LINCSCP_306,A375,10uM,24h,skin,Adrenergic receptor antagonist,NA,WYJAPUKIYAZSEM-MOPGFXCFSA-N,"InChI=1S/C19H22N2O/c1-2-19-9-5-10-20-11-8-14-13-6-3-4-7-15(13)21(16(22)12-19)17(14)18(19)20/h3-4,6-7,18H,2,5,8-12H2,1H3/t18-,19+/m1/s1",15628,CC[C@@]12CCCN3CCc4c([C@H]13)n(C(=O)C2)c5ccccc45,NA
Input,BRD-A11009626,-0.20013046,InputSig,NA,NA,LINCSCP_43267,NPC,10uM,6h,neural progenitor cells,NA,NA,VGJKDQPCCSDBJN-UHFFFAOYSA-N,"InChI=1S/C21H25BrCl2N2O/c1-25-9-6-16-12-20(22)21(27)13-18(16)19(14-25)15-2-4-17(5-3-15)26(10-7-23)11-8-24/h2-5,12-13,19,27H,6-11,14H2,1H3",31288,CN1CCc2cc(Br)c(O)cc2C(C1)c3ccc(cc3)N(CCCl)CCCl,NA
Input,KUC104486,-0.20009745,InputSig,NA,NA,LINCSCP_57894,VCAP,10uM,6h,prostate,NA,NA,SFNWNSAJWDYPJC-UHFFFAOYSA-N,"InChI=1S/C28H25N5O3/c1-35-25-10-6-5-9-22(25)24-17-26-29-23(20-7-3-2-4-8-20)18-27(33(26)30-24)31-12-14-32(15-13-31)28(34)21-11-16-36-19-21/h2-11,16-19H,12-15H2,1H3",38518,COc1ccccc1c2cc3nc(cc(N4CCN(CC4)C(=O)c5cocc5)n3n2)c6ccccc6,NA
Input,MLS003129922,-0.20003865,InputSig,NA,NA,LINCSCP_260589,NKDBA,3uM,24h,kidney epithelial,NA,NA,KKGFASYBCNAVFA-IECBHUPTSA-N,"InChI=1S/C25H37N5O5/c1-18-13-29(19(2)16-31)25(32)5-4-8-30-21(12-26-27-30)17-35-24(18)15-28(3)14-20-6-7-22-23(11-20)34-10-9-33-22/h6-7,11-12,18-19,24,31H,4-5,8-10,13-17H2,1-3H3/t18-,19-,24+/m1/s1",37871,C[C@H](CO)N1C[C@@H](C)[C@H](CN(C)Cc2ccc3OCCOc3c2)OCc4cnnn4CCCC1=O,NA
