Source,Target,Similarity,SourceSignature,SourceCellLine,SourceTime,TargetSignature,TargetCellLine,TargetConcentration,TargetTime,tissue,integratedMoas,GeneTargets,canonical_inchi_key,canonical_inchi,perturbagen_id,canonical_smiles,max_fda_phase
Input,Cordycepin,0.42571504,InputSig,NA,NA,LINCSCP_159068,PC3,0.04uM,24h,prostate,NA,NA,OFEZSBMBBKLLBJ-BAJZRUMYSA-N,"InChI=1S/C10H13N5O3/c11-8-7-9(13-3-12-8)15(4-14-7)10-6(17)1-5(2-16)18-10/h3-6,10,16-17H,1-2H2,(H2,11,12,13)/t5-,6+,10+/m0/s1",26979,Nc1ncnc2c1ncn2[C@@H]3O[C@H](CO)C[C@H]3O,NA
Input,"Cyclohexanecarboxamide, 4-(1-aminoethyl)-n-4-pyridinyl-, trans-",0.39147439,InputSig,NA,NA,LINCSCP_171978,YAPC,10uM,24h,pancreas,Rho associated kinase inhibitor,ROCK1|ROCK2,IYOZTVGMEWJPKR-UHFFFAOYSA-N,"InChI=1S/C14H21N3O/c1-10(15)11-2-4-12(5-3-11)14(18)17-13-6-8-16-9-7-13/h6-12H,2-5,15H2,1H3,(H,16,17,18)",17524,CC(N)C1CCC(CC1)C(=O)Nc2ccncc2,NA
Input,Xanthohumol,0.37607536,InputSig,NA,NA,LINCSCP_32746,MCF7,10uM,6h,breast,ATPase inhibitor,VCP,ORXQGKIUCDPEAJ-YRNVUSSQSA-N,"InChI=1S/C21H22O5/c1-13(2)4-10-16-18(24)12-19(26-3)20(21(16)25)17(23)11-7-14-5-8-15(22)9-6-14/h4-9,11-12,22,24-25H,10H2,1-3H3/b11-7+",37975,COc1cc(O)c(CC=C(C)C)c(O)c1C(=O)\C=C\c2ccc(O)cc2,NA
Input,Bavisant (dihydrochloride hydrate),0.36849374,InputSig,NA,NA,LINCSCP_174894,YAPC,3.33uM,24h,pancreas,Histamine H3 receptor antagonist,HRH3,BGBVSGSIXIIREO-UHFFFAOYSA-N,"InChI=1S/C19H27N3O2/c23-19(22-9-7-21(8-10-22)18-5-6-18)17-3-1-16(2-4-17)15-20-11-13-24-14-12-20/h1-4,18H,5-15H2",26866,O=C(N1CCN(CC1)C2CC2)c3ccc(CN4CCOCC4)cc3,2
Input,CHIR-265,0.36415051,InputSig,NA,NA,LINCSCP_165138,SKL.C,10uM,24h,NA,Serine/threonine-protein kinase B-raf inhibitor|Vascular endothelial growth factor receptor 2 inhibitor,BRAF|KDR,YABJJWZLRMPFSI-UHFFFAOYSA-N,"InChI=1S/C24H16F6N6O/c1-36-19-7-6-15(10-17(19)34-22(36)33-14-4-2-13(3-5-14)23(25,26)27)37-16-8-9-31-18(11-16)21-32-12-20(35-21)24(28,29)30/h2-12H,1H3,(H,32,35)(H,33,34)",15146,Cn1c(Nc2ccc(cc2)C(F)(F)F)nc3cc(Oc4ccnc(c4)c5ncc([nH]5)C(F)(F)F)ccc13,2
Input,BRD-K82899766,0.36257083,InputSig,NA,NA,LINCSCP_312556,VCAP,1uM,24h,prostate,NA,NA,OVZIEXAUCBNZBO-JKSBSHDWSA-N,"InChI=1S/C24H32FN3O3/c1-5-10-27(4)14-22-16(2)13-28(17(3)15-29)24(30)21-11-19(12-26-23(21)31-22)18-6-8-20(25)9-7-18/h6-9,11-12,16-17,22,29H,5,10,13-15H2,1-4H3/t16-,17+,22-/m0/s1",13710,CCCN(C)C[C@@H]1Oc2ncc(cc2C(=O)N(C[C@@H]1C)[C@H](C)CO)c3ccc(F)cc3,NA
Input,"4,6-Dimethyl-n-phenylquinolin-2-amine",0.36142314,InputSig,NA,NA,LINCSCP_33975,MCF7,10uM,6h,breast,NA,NA,BFOWTYGBWYCXKR-UHFFFAOYSA-N,"InChI=1S/C17H16N2/c1-12-8-9-16-15(10-12)13(2)11-17(19-16)18-14-6-4-3-5-7-14/h3-11H,1-2H3,(H,18,19)",16205,Cc1ccc2nc(Nc3ccccc3)cc(C)c2c1,NA
Input,Abiraterone Acetate,0.35806534,InputSig,NA,NA,LINCSCP_118329,HT29,10uM,24h,large intestine,NA,NA,UVIQSJCZCSLXRZ-HCWFNAMGSA-N,"InChI=1S/C26H33NO2/c1-17(28)29-20-10-12-25(2)19(15-20)6-7-21-23-9-8-22(18-5-4-14-27-16-18)26(23,3)13-11-24(21)25/h4-6,8,14,16,20-21,23-24H,7,9-13,15H2,1-3H3/t20-,21+,23-,24+,25-,26+/m0/s1",27080,CC(=O)O[C@H]1CC[C@]2(C)[C@@H]3CC[C@@]4(C)[C@@H](CC=C4c5cccnc5)[C@H]3CC=C2C1,NA
Input,Purmorphamine,0.35623996,InputSig,NA,NA,LINCSCP_33534,MCF7,10uM,6h,breast,Smoothened receptor agonist,SMO,FYBHCRQFSFYWPY-UHFFFAOYSA-N,"InChI=1S/C31H32N6O2/c1-2-9-25(10-3-1)37-21-32-28-29(33-23-13-15-24(16-14-23)36-17-19-38-20-18-36)34-31(35-30(28)37)39-27-12-6-8-22-7-4-5-11-26(22)27/h4-8,11-16,21,25H,1-3,9-10,17-20H2,(H,33,34,35)",36000,C1CCC(CC1)n2cnc3c(Nc4ccc(cc4)N5CCOCC5)nc(Oc6cccc7ccccc67)nc23,NA
Input,Azacitidine,0.3483399,InputSig,NA,NA,LINCSCP_164689,SKL.C,3.33uM,24h,NA,DNA (cytosine-5)-methyltransferase 3A inhibitor (DNA|DNA (cytosine-5)-methyltransferase 1 inhibitor (DNA,DNMT1|DNMT3A,NMUSYJAQQFHJEW-ARQDHWQXSA-N,"InChI=1S/C8H12N4O5/c9-7-10-2-12(8(16)11-7)6-5(15)4(14)3(1-13)17-6/h2-6,13-15H,1H2,(H2,9,11,16)/t3-,4-,5+,6-/m1/s1",26901,NC1=NC(=O)N(C=N1)[C@@H]2O[C@H](CO)[C@@H](O)[C@@H]2O,NA
Input,Azacitidine,0.3483399,InputSig,NA,NA,LINCSCP_164689,SKL.C,3.33uM,24h,NA,DNA (cytosine-5)-methyltransferase 3A inhibitor (DNA|DNA (cytosine-5)-methyltransferase 1 inhibitor (DNA,DNMT1|DNMT3A,NMUSYJAQQFHJEW-KVTDHHQDSA-N,"InChI=1S/C8H12N4O5/c9-7-10-2-12(8(16)11-7)6-5(15)4(14)3(1-13)17-6/h2-6,13-15H,1H2,(H2,9,11,16)/t3-,4-,5-,6-/m1/s1",24176,NC1=NC(=O)N(C=N1)[C@@H]2O[C@H](CO)[C@@H](O)[C@H]2O,4
Input,Ivacaftor (VX-770),0.34551812,InputSig,NA,NA,LINCSCP_171816,YAPC,10uM,24h,pancreas,Cystic fibrosis transmembrane conductance regulator positive modulator,CFTR,PURKAOJPTOLRMP-UHFFFAOYSA-N,"InChI=1S/C24H28N2O3/c1-23(2,3)16-11-17(24(4,5)6)20(27)12-19(16)26-22(29)15-13-25-18-10-8-7-9-14(18)21(15)28/h7-13,27H,1-6H3,(H,25,28)(H,26,29)",27175,CC(C)(C)c1cc(c(NC(=O)C2=CNc3ccccc3C2=O)cc1O)C(C)(C)C,4
Input,Pictilisib,0.34053871,InputSig,NA,NA,LINCSCP_155046,PC3,0.37uM,24h,prostate,PI3K inhibitor,PIK3CA|PIK3CB|PIK3CD|PIK3CG|PIK3R1|PIK3R2|PIK3R3|PIK3R5,LHNIIDJUOCFXAP-UHFFFAOYSA-N,"InChI=1S/C23H27N7O3S2/c1-35(31,32)30-7-5-28(6-8-30)15-16-13-20-21(34-16)23(29-9-11-33-12-10-29)26-22(25-20)17-3-2-4-19-18(17)14-24-27-19/h2-4,13-14H,5-12,15H2,1H3,(H,24,27)",35265,CS(=O)(=O)N1CCN(Cc2cc3nc(nc(N4CCOCC4)c3s2)c5cccc6[nH]ncc56)CC1,2
Input,Deguelin,0.33944355,InputSig,NA,NA,LINCSCP_14473,HA1E,10uM,24h,kidney epithelial,NADH-ubiquinone oxidoreductase (Complex I) inhibitor,AKT1,ORDAZKGHSNRHTD-UXHICEINSA-N,"InChI=1S/C23H22O6/c1-23(2)8-7-12-15(29-23)6-5-13-21(24)20-14-9-17(25-3)18(26-4)10-16(14)27-11-19(20)28-22(12)13/h5-10,19-20H,11H2,1-4H3/t19-,20+/m1/s1",35906,COc1cc2OC[C@H]3Oc4c5C=CC(C)(C)Oc5ccc4C(=O)[C@H]3c2cc1OC,NA
Input,T5832551,0.3392983,InputSig,NA,NA,LINCSCP_57645,VCAP,10uM,6h,prostate,NA,NA,XLLFTIPJXQKZGF-UHFFFAOYSA-N,"InChI=1S/C16H10ClF6NO2/c17-11-5-1-9(2-6-11)13(25)24-12-7-3-10(4-8-12)14(26,15(18,19)20)16(21,22)23/h1-8,26H,(H,24,25)",712,OC(c1ccc(NC(=O)c2ccc(Cl)cc2)cc1)(C(F)(F)F)C(F)(F)F,NA
Input,MAYBRIDGE4_002231,0.33542434,InputSig,NA,NA,LINCSCP_33995,MCF7,10uM,6h,breast,NA,NA,VUUDWEYEOVQVIE-UHFFFAOYSA-N,"InChI=1S/C17H15F6NO2S2/c1-15(2)7-12(25)6-14(28-15)27-8-13(26)24-11-4-9(16(18,19)20)3-10(5-11)17(21,22)23/h3-6H,7-8H2,1-2H3,(H,24,26)",1451,CC1(C)CC(=O)C=C(SCC(=O)Nc2cc(cc(c2)C(F)(F)F)C(F)(F)F)S1,NA
Input,Levomethorphan,0.33535069,InputSig,NA,NA,LINCSCP_14702,HA1E,10uM,24h,kidney epithelial,Glutamate receptor antagonist|Sigma receptor agonist,SIGMAR1|SLC6A4,MKXZASYAUGDDCJ-SZMVWBNQSA-N,"InChI=1S/C18H25NO/c1-19-10-9-18-8-4-3-5-15(18)17(19)11-13-6-7-14(20-2)12-16(13)18/h6-7,12,15,17H,3-5,8-11H2,1-2H3/t15-,17-,18-/m0/s1",22639,COc1ccc2C[C@H]3[C@@H]4CCCC[C@@]4(CCN3C)c2c1,NA
Input,CCG-214295,0.33483807,InputSig,NA,NA,LINCSCP_11495,ASC,10uM,24h,adipose,NA,NA,ZXHLDNILIVGKPC-XVHXIHMNSA-N,"InChI=1S/C26H30O5/c1-22(2)16-6-11-24(4)17(23(16,3)10-8-18(22)27)7-12-25(5)19(15-9-13-29-14-15)30-21(28)20-26(24,25)31-20/h6,8-11,13-14,16-17,19-20H,7,12H2,1-5H3/t16?,17?,19-,20+,23-,24+,25-,26-/m0/s1",22211,CC1(C)C2C=C[C@]3(C)C(CC[C@@]4(C)[C@@H](OC(=O)[C@H]5O[C@@]345)c6cocc6)[C@@]2(C)C=CC1=O,NA
Input,Pyridostigmine,0.33293355,InputSig,NA,NA,LINCSCP_91985,HA1E,3.33uM,24h,kidney epithelial,Cholinesterase inhibitor,ACHE,RVOLLAQWKVFTGE-UHFFFAOYSA-N,"InChI=1S/C9H13N2O2/c1-10(2)9(12)13-8-5-4-6-11(3)7-8/h4-7H,1-3H3/q+1",36502,CN(C)C(=O)Oc1ccc[n+](C)c1,4
Input,STOCK1N-09285,0.33209997,InputSig,NA,NA,LINCSCP_33676,MCF7,10uM,6h,breast,Estrogen receptor agonist,ESR1,IMSSROKUHAOUJS-VYJKVFMHSA-N,"InChI=1S/C21H26O2/c1-4-21(22)12-10-19-18-7-5-14-13-15(23-3)6-8-16(14)17(18)9-11-20(19,21)2/h1,6,8,13,17-19,22H,5,7,9-12H2,2-3H3/t17?,18?,19?,20-,21-/m0/s1",118,COc1ccc2C3CC[C@@]4(C)C(CC[C@@]4(O)C#C)C3CCc2c1,NA
Input,Estradiol,0.33105038,InputSig,NA,NA,LINCSCP_28601,HT29,0.12uM,24h,large intestine,Estrogen receptor alpha agonist,ESR1|ESR2|NR1I2,VOXZDWNPVJITMN-ZBRFXRBCSA-N,"InChI=1S/C18H24O2/c1-18-9-8-14-13-5-3-12(19)10-11(13)2-4-15(14)16(18)6-7-17(18)20/h3,5,10,14-17,19-20H,2,4,6-9H2,1H3/t14-,15-,16+,17+,18+/m1/s1",15465,C[C@]12CC[C@H]3[C@@H](CCc4cc(O)ccc34)[C@@H]1CC[C@@H]2O,4
Input,MK-2866 (GTx-024),0.33087819,InputSig,NA,NA,LINCSCP_101436,HELA,3.33uM,24h,large intestine,Androgen Receptor modulator,AR,JNGVJMBLXIUVRD-SFHVURJKSA-N,"InChI=1S/C19H14F3N3O3/c1-18(27,11-28-15-6-2-12(9-23)3-7-15)17(26)25-14-5-4-13(10-24)16(8-14)19(20,21)22/h2-8,27H,11H2,1H3,(H,25,26)/t18-/m0/s1",26647,C[C@](O)(COc1ccc(cc1)C#N)C(=O)Nc2ccc(C#N)c(c2)C(F)(F)F,3
Input,Piplartine,0.33034597,InputSig,NA,NA,LINCSCP_11427,ASC,10uM,24h,adipose,Glutathione transferase inhibitor,NA,VABYUUZNAVQNPG-BQYQJAHWSA-N,"InChI=1S/C17H19NO5/c1-21-13-10-12(11-14(22-2)17(13)23-3)7-8-16(20)18-9-5-4-6-15(18)19/h4,6-8,10-11H,5,9H2,1-3H3/b8-7+",17532,COc1cc(\C=C\C(=O)N2CCC=CC2=O)cc(OC)c1OC,NA
Input,ZK-93426,0.32989605,InputSig,NA,NA,LINCSCP_33529,MCF7,10uM,6h,breast,Benzodiazepine receptor antagonist,GABRA1,VMDUABMKBUKKPG-UHFFFAOYSA-N,"InChI=1S/C18H20N2O3/c1-5-22-18(21)17-11(4)15-13(9-19-17)20-12-7-6-8-14(16(12)15)23-10(2)3/h6-10,20H,5H2,1-4H3",35956,CCOC(=O)c1ncc2[nH]c3cccc(OC(C)C)c3c2c1C,NA
Input,OTSSP167,0.32789892,InputSig,NA,NA,LINCSCP_117179,HT29,0.12uM,24h,large intestine,NA,NA,DKZYXHCYPUVGAF-JCNLHEQBSA-N,"InChI=1S/C25H28Cl2N4O2/c1-14(32)18-12-28-22-9-8-21(16-10-19(26)25(33)20(27)11-16)30-24(22)23(18)29-17-6-4-15(5-7-17)13-31(2)3/h8-12,15,17,33H,4-7,13H2,1-3H3,(H,28,29)/t15-,17-",5821,CN(C)C[C@@H]1CC[C@H](CC1)Nc2c(cnc3ccc(nc23)c4cc(Cl)c(O)c(Cl)c4)C(=O)C,NA
Input,Famciclovir,0.32759056,InputSig,NA,NA,LINCSCP_172805,YAPC,0.12uM,24h,pancreas,DNA polymerase inhibitor,NA,GGXKWVWZWMLJEH-UHFFFAOYSA-N,"InChI=1S/C14H19N5O4/c1-9(20)22-6-11(7-23-10(2)21)3-4-19-8-17-12-5-16-14(15)18-13(12)19/h5,8,11H,3-4,6-7H2,1-2H3,(H2,15,16,18)",15659,CC(=O)OCC(CCn1cnc2cnc(N)nc12)COC(=O)C,4
Input,CHEMBL1434137,0.32622316,InputSig,NA,NA,LINCSCP_234173,JHUEM2,40uM,6h,endometrium,Retinoid receptor agonist,RARG,YSGDXEKQTNMRQN-UHFFFAOYSA-N,"InChI=1S/C27H26O3/c28-25-12-23-10-21(19-1-3-20(4-2-19)26(29)30)5-6-22(23)11-24(25)27-13-16-7-17(14-27)9-18(8-16)15-27/h1-6,10-12,16-18,28H,7-9,13-15H2,(H,29,30)",38878,OC(=O)c1ccc(cc1)c2ccc3cc(c(O)cc3c2)C45CC6CC(CC(C6)C4)C5,NA
Input,Hydroxycholesterol,0.32589492,InputSig,NA,NA,LINCSCP_32417,MCF7,10uM,24h,breast,LXR agonist,NR1H2|NR1H3,IOWMKBFJCNLRTC-JNZINCJWSA-N,"InChI=1S/C27H46O2/c1-17(2)25(29)11-6-18(3)22-9-10-23-21-8-7-19-16-20(28)12-14-26(19,4)24(21)13-15-27(22,23)5/h7,17-18,20-25,28-29H,6,8-16H2,1-5H3/t18?,20-,21?,22?,23?,24?,25+,26+,27-/m0/s1",1469,CC(C)[C@H](O)CCC(C)C1CCC2C3CC=C4C[C@@H](O)CC[C@@]4(C)C3CC[C@@]12C,NA
Input,BRD-K41087962,0.3240551,InputSig,NA,NA,LINCSCP_25071,HT115,0.5uM,6h,large intestine,NA,NA,RHMYANWTFKKYOM-SSXAXAPESA-N,"InChI=1S/C25H26O10/c1-10-8-12-16(17(27)15-11(18(12)29-2)6-5-7-13(15)26)19-14(10)20-21-24(28,33-19)23(9-32-23)25(34-20,35-21)22(30-3)31-4/h8,20-22,27-28H,5-7,9H2,1-4H3/t20-,21-,23-,24+,25-/m0/s1",34254,COC(OC)[C@]12O[C@@H]3[C@H](O1)[C@@](O)(Oc4c3c(C)cc5c(OC)c6CCCC(=O)c6c(O)c45)[C@@]27CO7,NA
Input,Dabrafenib,0.32258705,InputSig,NA,NA,LINCSCP_165051,SKL.C,0.37uM,24h,NA,RAF inhibitor,BRAF,BFSMGDJOXZAERB-UHFFFAOYSA-N,"InChI=1S/C23H20F3N5O2S2/c1-23(2,3)21-30-18(19(34-21)16-10-11-28-22(27)29-16)12-6-4-9-15(17(12)26)31-35(32,33)20-13(24)7-5-8-14(20)25/h4-11,31H,1-3H3,(H2,27,28,29)",18582,CC(C)(C)c1nc(c2cccc(NS(=O)(=O)c3c(F)cccc3F)c2F)c(s1)c4ccnc(N)n4,4
Input,Pelitinib,0.32196073,InputSig,NA,NA,LINCSCP_114921,HS578T,1.11uM,24h,breast,EGFR inhibitor,EGFR,WVUNYSQLFKLYNI-AATRIKPKSA-N,"InChI=1S/C24H23ClFN5O2/c1-4-33-22-12-20-17(11-21(22)30-23(32)6-5-9-31(2)3)24(15(13-27)14-28-20)29-16-7-8-19(26)18(25)10-16/h5-8,10-12,14H,4,9H2,1-3H3,(H,28,29)(H,30,32)/b6-5+",24522,CCOc1cc2ncc(C#N)c(Nc3ccc(F)c(Cl)c3)c2cc1NC(=O)\C=C\CN(C)C,2
Input,AZD-1775,0.3207387,InputSig,NA,NA,LINCSCP_88628,HA1E,3.33uM,24h,kidney epithelial,WEE1 kinase inhibitor,WEE1,BKWJAKQVGHWELA-UHFFFAOYSA-N,"InChI=1S/C27H32N8O2/c1-5-13-34-25(36)21-18-28-26(29-19-9-11-20(12-10-19)33-16-14-32(4)15-17-33)31-24(21)35(34)23-8-6-7-22(30-23)27(2,3)37/h5-12,18,37H,1,13-17H2,2-4H3,(H,28,29,31)",15142,CN1CCN(CC1)c2ccc(Nc3ncc4C(=O)N(CC=C)N(c5cccc(n5)C(C)(C)O)c4n3)cc2,2
Input,BRD-K65148580,0.32039519,InputSig,NA,NA,LINCSCP_8289,A549,5uM,24h,lung,NA,NA,CBAAPWVHONFTKW-OBFUEJMCSA-N,"InChI=1S/C35H47F3N4O7S/c1-22-18-42(23(2)21-43)34(44)30-17-29(40-50(45,46)33-25(4)39-49-26(33)5)14-15-31(30)48-24(3)9-7-8-16-47-32(22)20-41(6)19-27-10-12-28(13-11-27)35(36,37)38/h10-15,17,22-24,32,40,43H,7-9,16,18-21H2,1-6H3/t22-,23+,24+,32+/m0/s1",33349,C[C@H](CO)N1C[C@H](C)[C@@H](CN(C)Cc2ccc(cc2)C(F)(F)F)OCCCC[C@@H](C)Oc3ccc(NS(=O)(=O)c4c(C)onc4C)cc3C1=O,NA
Input,RS504393,0.32006697,InputSig,NA,NA,LINCSCP_204210,ASC,10uM,24h,adipose,CC chemokine receptor antagonist,CCR2,ODNICNWASXKNNQ-UHFFFAOYSA-N,"InChI=1S/C25H27N3O3/c1-17-8-9-22-20(16-17)25(31-24(29)27-22)11-14-28(15-12-25)13-10-21-18(2)30-23(26-21)19-6-4-3-5-7-19/h3-9,16H,10-15H2,1-2H3,(H,27,29)",36103,Cc1ccc2NC(=O)OC3(CCN(CCc4nc(oc4C)c5ccccc5)CC3)c2c1,NA
Input,BRD-K19914944,0.31970844,InputSig,NA,NA,LINCSCP_28940,HUH7,10uM,6h,liver,NA,NA,DBVJKEGLTFFIFT-PCCBWWKXSA-N,"InChI=1S/C22H25N3OS/c1-2-18-13-24-22(27-18)25-19(12-23)21(20(25)14-26)17-10-8-16(9-11-17)15-6-4-3-5-7-15/h6,8-11,13,19-21,26H,2-5,7,14H2,1H3/t19-,20-,21+/m0/s1",23501,CCc1cnc(s1)N2[C@@H](CO)[C@@H]([C@@H]2C#N)c3ccc(cc3)C4=CCCCC4,NA
Input,Quizartinib,0.31919278,InputSig,NA,NA,LINCSCP_24416,HS578T,10uM,24h,breast,FLT3 inhibitor,CSF1R|FLT3|KIT|PDGFRA|PDGFRB|RET,CVWXJKQAOSCOAB-UHFFFAOYSA-N,"InChI=1S/C29H32N6O4S/c1-29(2,3)25-17-26(33-39-25)32-27(36)30-20-6-4-19(5-7-20)22-18-35-23-9-8-21(16-24(23)40-28(35)31-22)38-15-12-34-10-13-37-14-11-34/h4-9,16-18H,10-15H2,1-3H3,(H2,30,32,33,36)",35264,CC(C)(C)c1onc(NC(=O)Nc2ccc(cc2)c3cn4c5ccc(OCCN6CCOCC6)cc5sc4n3)c1,3
Input,CDK9 Inhibitor,0.31913926,InputSig,NA,NA,LINCSCP_69879,A375,0.37uM,24h,skin,NA,NA,CKUFOBCNTCLXJP-UHFFFAOYSA-N,"InChI=1S/C26H21N5O4S/c1-16-10-11-18(13-22(16)30-36(2,34)35)29-24-14-23(27-15-28-24)17-6-5-7-19(12-17)31-25(32)20-8-3-4-9-21(20)26(31)33/h3-15,30H,1-2H3,(H,27,28,29)",19903,Cc1ccc(Nc2cc(ncn2)c3cccc(c3)N4C(=O)c5ccccc5C4=O)cc1NS(=O)(=O)C,NA
Input,GSK 1059615,0.31884142,InputSig,NA,NA,LINCSCP_128203,HUES3,0.37uM,24h,NA,PI3K inhibitor,PIK3CA|PIK3CB|PIK3CD|PIK3CG,QDITZBLZQQZVEE-UHFFFAOYSA-N,"InChI=1S/C18H11N3O2S/c22-17-16(24-18(23)21-17)10-11-1-2-15-14(9-11)13(5-8-20-15)12-3-6-19-7-4-12/h1-10H,(H,21,22,23)",33564,O=C1NC(=O)C(=Cc2ccc3nccc(c4ccncc4)c3c2)S1,NA
Input,GSK 1059615,0.31884142,InputSig,NA,NA,LINCSCP_128203,HUES3,0.37uM,24h,NA,PI3K inhibitor,PIK3CA|PIK3CB|PIK3CD|PIK3CG,QDITZBLZQQZVEE-MHWRWJLKSA-N,"InChI=1S/C18H11N3O2S/c22-17-16(24-18(23)21-17)10-11-1-2-15-14(9-11)13(5-8-20-15)12-3-6-19-7-4-12/h1-10H,(H,21,22,23)/b16-10+",72,O=C1NC(=O)\C(=C/c2ccc3nccc(c4ccncc4)c3c2)\S1,NA
Input,Tazarotene,0.31815141,InputSig,NA,NA,LINCSCP_174755,YAPC,10uM,24h,pancreas,Retinoic acid receptor agonist,RARA|RARB|RARG,OGQICQVSFDPSEI-UHFFFAOYSA-N,"InChI=1S/C21H21NO2S/c1-4-24-20(23)16-7-9-17(22-14-16)8-5-15-6-10-19-18(13-15)21(2,3)11-12-25-19/h6-7,9-10,13-14H,4,11-12H2,1-3H3",26576,CCOC(=O)c1ccc(nc1)C#Cc2ccc3SCCC(C)(C)c3c2,4
Input,Diphenylpyraline,0.31762538,InputSig,NA,NA,LINCSCP_73084,A375,0.37uM,24h,skin,Dopamine uptake inhibitor,HRH1|SLC6A3,OWQUZNMMYNAXSL-UHFFFAOYSA-N,"InChI=1S/C19H23NO/c1-20-14-12-18(13-15-20)21-19(16-8-4-2-5-9-16)17-10-6-3-7-11-17/h2-11,18-19H,12-15H2,1H3",3329,CN1CCC(CC1)OC(c2ccccc2)c3ccccc3,4
Input,CHIR-99021,0.31692609,InputSig,NA,NA,LINCSCP_86499,BT20,0.37uM,3h,breast,Glycogen synthase kinase inhibitor,NA,AQGNHMOJWBZFQQ-UHFFFAOYSA-N,"InChI=1S/C22H18Cl2N8/c1-13-10-29-21(31-13)17-12-30-22(32-20(17)16-4-3-15(23)8-18(16)24)27-7-6-26-19-5-2-14(9-25)11-28-19/h2-5,8,10-12H,6-7H2,1H3,(H,26,28)(H,29,31)(H,27,30,32)",17599,Cc1c[nH]c(n1)c2cnc(NCCNc3ccc(cn3)C#N)nc2c4ccc(Cl)cc4Cl,NA
Input,VX-745,0.31675596,InputSig,NA,NA,LINCSCP_152330,PC3,3.33uM,24h,prostate,P38 MAPK inhibitor,MAPK14,VEPKQEUBKLEPRA-UHFFFAOYSA-N,InChI=1S/C19H9Cl2F2N3OS/c20-11-2-1-3-12(21)17(11)18-14-5-7-16(25-26(14)9-24-19(18)27)28-15-6-4-10(22)8-13(15)23/h1-9H,37864,Fc1ccc(SC2=NN3C=NC(=O)C(=C3C=C2)c4c(Cl)cccc4Cl)c(F)c1,2
Input,AMG-9810,0.31539025,InputSig,NA,NA,LINCSCP_240921,MCF7,10uM,6h,breast,TRPV antagonist,TRPV1,GZTFUVZVLYUPRG-UHFFFAOYSA-N,"InChI=1S/C21H23NO3/c1-21(2,3)16-7-4-15(5-8-16)6-11-20(23)22-17-9-10-18-19(14-17)25-13-12-24-18/h4-11,14H,12-13H2,1-3H3,(H,22,23)",22757,CC(C)(C)c1ccc(C=CC(=O)Nc2ccc3OCCOc3c2)cc1,NA
Input,Menadione,0.31458209,InputSig,NA,NA,LINCSCP_12861,DV90,10uM,6h,lung,Mitochondrial DNA polymerase inhibitor|Phosphatase inhibitor,NA,MJVAVZPDRWSRRC-UHFFFAOYSA-N,"InChI=1S/C11H8O2/c1-7-6-10(12)8-4-2-3-5-9(8)11(7)13/h2-6H,1H3",38545,CC1=CC(=O)c2ccccc2C1=O,4
Input,2-Chloroadenosine,0.31274454,InputSig,NA,NA,LINCSCP_16209,HA1E,10uM,6h,kidney epithelial,Adenosine receptor agonist,NA,BIXYYZIIJIXVFW-UUOKFMHZSA-N,"InChI=1S/C10H12ClN5O4/c11-10-14-7(12)4-8(15-10)16(2-13-4)9-6(19)5(18)3(1-17)20-9/h2-3,5-6,9,17-19H,1H2,(H2,12,14,15)/t3-,5-,6-,9-/m1/s1",7060,Nc1nc(Cl)nc2c1ncn2[C@@H]3O[C@H](CO)[C@@H](O)[C@H]3O,NA
Input,Butein,0.31231955,InputSig,NA,NA,LINCSCP_11534,ASC,10uM,24h,adipose,EGFR inhibitor|Src inhibitor,ACE,AYMYWHCQALZEGT-ORCRQEGFSA-N,"InChI=1S/C15H12O5/c16-10-3-4-11(14(19)8-10)12(17)5-1-9-2-6-13(18)15(20)7-9/h1-8,16,18-20H/b5-1+",28795,Oc1ccc(C(=O)\C=C\c2ccc(O)c(O)c2)c(O)c1,NA
Input,AT-7519,0.3121866,InputSig,NA,NA,LINCSCP_164052,SKBR3,0.12uM,3h,breast,CDK inhibitor|Cell cycle inhibitor,CDK1|CDK10|CDK11B|CDK12|CDK13|CDK14|CDK15|CDK16|CDK17|CDK18|CDK19|CDK2|CDK20|CDK3|CDK4|CDK5|CDK6|CDK7|CDK8|CDK9,OVPNQJVDAFNBDN-UHFFFAOYSA-N,"InChI=1S/C16H17Cl2N5O2/c17-10-2-1-3-11(18)13(10)15(24)22-12-8-20-23-14(12)16(25)21-9-4-6-19-7-5-9/h1-3,8-9,19H,4-7H2,(H,20,23)(H,21,25)(H,22,24)",36797,Clc1cccc(Cl)c1C(=O)Nc2c[nH]nc2C(=O)NC3CCNCC3,2
Input,Alprostadil,0.31165798,InputSig,NA,NA,LINCSCP_155357,PC3,1.11uM,24h,prostate,Prostanoid EP1 receptor agonist|Prostanoid EP2 receptor agonist,PTGER1|PTGER2,GMVPRGQOIOIIMI-AIJKCLAYSA-N,"InChI=1S/C20H34O5/c1-2-3-6-9-15(21)12-13-17-16(18(22)14-19(17)23)10-7-4-5-8-11-20(24)25/h12-13,15-17,19,21,23H,2-11,14H2,1H3,(H,24,25)/b13-12+/t15-,16-,17-,19-/m0/s1",26730,CCCCC[C@H](O)\C=C\[C@@H]1[C@@H](O)CC(=O)[C@H]1CCCCCCC(=O)O,NA
Input,Alprostadil,0.31165798,InputSig,NA,NA,LINCSCP_155357,PC3,1.11uM,24h,prostate,Prostanoid EP1 receptor agonist|Prostanoid EP2 receptor agonist,PTGER1|PTGER2,GMVPRGQOIOIIMI-DWKJAMRDSA-N,"InChI=1S/C20H34O5/c1-2-3-6-9-15(21)12-13-17-16(18(22)14-19(17)23)10-7-4-5-8-11-20(24)25/h12-13,15-17,19,21,23H,2-11,14H2,1H3,(H,24,25)/b13-12+/t15-,16+,17+,19+/m0/s1",148,CCCCC[C@H](O)\C=C\[C@H]1[C@H](O)CC(=O)[C@@H]1CCCCCCC(=O)O,4
Input,GW842166X,0.31155629,InputSig,NA,NA,LINCSCP_120815,HT29,10uM,24h,large intestine,Cannabinoid CB2 receptor agonist,CNR2,TWQYWUXBZHPIIV-UHFFFAOYSA-N,"InChI=1S/C18H17Cl2F3N4O2/c19-11-1-2-14(13(20)7-11)26-17-25-9-12(15(27-17)18(21,22)23)16(28)24-8-10-3-5-29-6-4-10/h1-2,7,9-10H,3-6,8H2,(H,24,28)(H,25,26,27)",26786,FC(F)(F)c1nc(Nc2ccc(Cl)cc2Cl)ncc1C(=O)NCC3CCOCC3,2
Input,BRD-K83726357,0.30993353,InputSig,NA,NA,LINCSCP_63246,VCAP,5uM,24h,prostate,NA,NA,WOMWNJCZYVCUPK-NMVJMZGASA-N,"InChI=1S/C28H35N3O6/c1-17(2)27(33)30-19-7-12-24-22(13-19)28(34)31(3)23-11-10-21(37-25(23)16-36-24)14-26(32)29-15-18-5-8-20(35-4)9-6-18/h5-9,12-13,17,21,23,25H,10-11,14-16H2,1-4H3,(H,29,32)(H,30,33)/t21-,23+,25-/m1/s1",4336,COc1ccc(CNC(=O)C[C@H]2CC[C@H]3[C@@H](COc4ccc(NC(=O)C(C)C)cc4C(=O)N3C)O2)cc1,NA
Input,BRD-K18144986,0.30953519,InputSig,NA,NA,LINCSCP_62769,VCAP,5uM,24h,prostate,NA,NA,OEVRCWMHWGKQED-PMAPCBKXSA-N,"InChI=1S/C24H33ClFN3O3/c1-17(13-29(18(2)16-30)14-19-7-5-6-8-22(19)25)23(32-4)15-28(3)24(31)27-21-11-9-20(26)10-12-21/h5-12,17-18,23,30H,13-16H2,1-4H3,(H,27,31)/t17-,18-,23-/m1/s1",2240,CO[C@H](CN(C)C(=O)Nc1ccc(F)cc1)[C@H](C)CN(Cc2ccccc2Cl)[C@H](C)CO,NA
Input,UK 356618,0.30927219,InputSig,NA,NA,LINCSCP_25558,HT29,10uM,24h,large intestine,Metalloproteinase inhibitor,MMP3,JJHRUUKMPWUYIB-HVOSOHGQSA-N,"InChI=1S/C34H43N3O4/c1-23-21-25(19-20-29(23)27-16-10-7-11-17-27)13-12-18-28(22-30(38)37-41)32(39)36-31(34(3,4)5)33(40)35-24(2)26-14-8-6-9-15-26/h6-11,14-17,19-21,24,28,31,41H,12-13,18,22H2,1-5H3,(H,35,40)(H,36,39)(H,37,38)/t24-,28-,31-/m1/s1",16211,C[C@@H](NC(=O)[C@@H](NC(=O)[C@H](CCCc1ccc(c(C)c1)c2ccccc2)CC(=O)NO)C(C)(C)C)c3ccccc3,NA
Input,GSK-2334470,0.30897617,InputSig,NA,NA,LINCSCP_134209,MCF7,0.12uM,24h,breast,Pyruvate dehydrogenase kinase inhibitor,PDK1|PDPK1,QLPHOXTXAKOFMU-WBVHZDCISA-N,"InChI=1S/C25H34N8O/c1-15-8-9-17(24(34)28-18-6-4-3-5-7-18)14-33(15)22-13-20(29-25(27-2)30-22)16-10-11-19-21(12-16)31-32-23(19)26/h10-13,15,17-18H,3-9,14H2,1-2H3,(H,28,34)(H3,26,31,32)(H,27,29,30)/t15-,17+/m1/s1",15149,CNc1nc(cc(n1)c2ccc3c(N)n[nH]c3c2)N4C[C@H](CC[C@H]4C)C(=O)NC5CCCCC5,NA
Input,SCHEMBL15422533,0.30841603,InputSig,NA,NA,LINCSCP_10681,ASC,10uM,24h,adipose,NA,NA,JEMWIYVPLBOCIZ-OUKQBFOZSA-N,"InChI=1S/C23H29NO5/c1-27-19-14-16(15-20(28-2)23(19)29-3)12-13-22(26)24-18(10-7-11-21(24)25)17-8-5-4-6-9-17/h7,11-15,17-18H,4-6,8-10H2,1-3H3/b13-12+",25894,COc1cc(\C=C\C(=O)N2C(CC=CC2=O)C3CCCCC3)cc(OC)c1OC,NA
Input,BRD-A41986761,0.30817604,InputSig,NA,NA,LINCSCP_71703,A375,0.12uM,24h,skin,NA,NA,NA,NA,NA,NA,NA
Input,ARTESUNATE,0.30699442,InputSig,NA,NA,LINCSCP_71641,A375,10uM,24h,skin,NA,NA,FIHJKUPKCHIPAT-AXFKQHSWSA-N,"InChI=1S/C19H28O8/c1-10-4-5-13-11(2)16(23-15(22)7-6-14(20)21)24-17-19(13)12(10)8-9-18(3,25-17)26-27-19/h10-13,16-17H,4-9H2,1-3H3,(H,20,21)/t10-,11-,12+,13+,16-,17-,18+,19-/m1/s1",26931,C[C@@H]1CC[C@H]2[C@@H](C)[C@H](OC(=O)CCC(=O)O)O[C@@H]3O[C@]4(C)CC[C@@H]1[C@@]23OO4,NA
Input,Vorinostat,0.30575127,InputSig,NA,NA,LINCSCP_35717,MCF7,0.01uM,24h,breast,Histone deacetylase 1 inhibitor|Histone deacetylase 3 inhibitor|Histone deacetylase 6 inhibitor|Histone deacetylase 2 inhibitor,HDAC1|HDAC2|HDAC3|HDAC6|HDAC8,WAEXFXRVDQXREF-UHFFFAOYSA-N,"InChI=1S/C14H20N2O3/c17-13(15-12-8-4-3-5-9-12)10-6-1-2-7-11-14(18)16-19/h3-5,8-9,19H,1-2,6-7,10-11H2,(H,15,17)(H,16,18)",15970,ONC(=O)CCCCCCC(=O)Nc1ccccc1,4
Input,12K-613S,0.30544338,InputSig,NA,NA,LINCSCP_292111,VCAP,10uM,6h,prostate,NA,NA,XJMZRHHWZAOCMJ-UHFFFAOYSA-N,"InChI=1S/C21H15ClN2O2S/c1-26-18-6-8-19(9-7-18)27-20-10-5-17(12-15(20)13-23)24-21(25)14-3-2-4-16(22)11-14/h2-12H,1H3,(H,24,25)",595,COc1ccc(Sc2ccc(NC(=O)c3cccc(Cl)c3)cc2C#N)cc1,NA
Input,Tivozanib,0.30543609,InputSig,NA,NA,LINCSCP_12835,DV90,10uM,6h,lung,VEGFR inhibitor,FLT1|FLT4|KDR|KIT|PDGFRA|PDGFRB,SPMVMDHWKHCIDT-UHFFFAOYSA-N,"InChI=1S/C22H19ClN4O5/c1-12-8-21(27-32-12)26-22(28)25-16-5-4-13(9-15(16)23)31-18-6-7-24-17-11-20(30-3)19(29-2)10-14(17)18/h4-11H,1-3H3,(H2,25,26,27,28)",36799,COc1cc2nccc(Oc3ccc(NC(=O)Nc4cc(C)on4)c(Cl)c3)c2cc1OC,3
Input,852475-26-4,0.30445753,InputSig,NA,NA,LINCSCP_164772,SKL.C,10uM,24h,NA,NA,NA,QRDAPCMJAOQZSU-KQQUZDAGSA-N,"InChI=1S/C17H15FN2O3/c1-20-11-12(9-15(20)6-8-17(22)19-23)5-7-16(21)13-3-2-4-14(18)10-13/h2-11,23H,1H3,(H,19,22)/b7-5+,8-6+",17934,Cn1cc(\C=C\C(=O)c2cccc(F)c2)cc1\C=C\C(=O)NO,NA
Input,79966-13-5,0.30426586,InputSig,NA,NA,LINCSCP_21403,HEC108,10uM,6h,endometrium,NA,NA,KPDOVJBEKCRATD-UHFFFAOYSA-N,"InChI=1S/C10H7ClN2O3/c1-12-7-5-3-2-4-6(7)8(11)9(10(12)14)13(15)16/h2-5H,1H3",25868,CN1C(=O)C(=C(Cl)c2ccccc12)[N+](=O)[O-],NA
Input,Flunisolide,0.30358575,InputSig,NA,NA,LINCSCP_31491,MCF7,10uM,6h,breast,Glucocorticoid receptor agonist,NR3C1,XSFJVAJPIHIPKU-XWCQMRHXSA-N,"InChI=1S/C24H31FO6/c1-21(2)30-19-9-14-13-8-16(25)15-7-12(27)5-6-22(15,3)20(13)17(28)10-23(14,4)24(19,31-21)18(29)11-26/h5-7,13-14,16-17,19-20,26,28H,8-11H2,1-4H3/t13-,14-,16-,17-,19+,20+,22-,23-,24+/m0/s1",35814,CC1(C)O[C@@H]2C[C@H]3[C@@H]4C[C@H](F)C5=CC(=O)C=C[C@]5(C)[C@H]4[C@@H](O)C[C@]3(C)[C@@]2(O1)C(=O)CO,4
Input,BRD-K42573370-001-01-1,0.3025709,InputSig,NA,NA,LINCSCP_17463,HA1E,3.33uM,24h,kidney epithelial,Nucleophosmin inhibitor,NA,YSHQRTLYKODQCX-PUUVEUEGSA-N,"InChI=1S/C27H25N3O3/c1-25(2)21-15-26-11-6-12-29(26)24(32)27(21,28-23(26)31)14-19-18-10-9-17(16-7-4-3-5-8-16)13-20(18)30(33)22(19)25/h3-5,7-10,13-14,21H,6,11-12,15H2,1-2H3,(H,28,31)/t21-,26-,27-/m0/s1",31670,CC1(C)[C@@H]2C[C@]34CCCN3C(=O)[C@]2(NC4=O)C=C5C1=[N+]([O-])c6cc(ccc56)c7ccccc7,NA
Input,Ticlopidine,0.3023701,InputSig,NA,NA,LINCSCP_170330,YAPC,1.11uM,24h,pancreas,Purinergic receptor P2Y12 antagonist,P2RY12,PHWBOXQYWZNQIN-UHFFFAOYSA-N,"InChI=1S/C14H14ClNS/c15-13-4-2-1-3-11(13)9-16-7-5-14-12(10-16)6-8-17-14/h1-4,6,8H,5,7,9-10H2",35460,Clc1ccccc1CN2CCc3sccc3C2,4
Input,BRD-K92801790,0.30214438,InputSig,NA,NA,LINCSCP_309955,VCAP,30uM,6h,prostate,NA,NA,HXQZPQPZXGHNMT-UHFFFAOYSA-N,"InChI=1S/C16H12N2S/c1-2-7-12(8-3-1)17-16-18-15-13-9-5-4-6-11(13)10-14(15)19-16/h1-9H,10H2,(H,17,18)",26517,C1c2ccccc2c3nc(Nc4ccccc4)sc13,NA
Input,BRD-A01645196,0.30152291,InputSig,NA,NA,LINCSCP_83622,ASC.C,10uM,24h,NA,NA,NA,GRBDTJPMNXXXCP-QQGAXKBNSA-N,"InChI=1S/C37H48O6/c1-21(2)11-12-26(24(7)8)19-36-20-27(17-23(5)6)35(9,10)37(34(36)43,16-15-22(3)4)33(42)30(32(36)41)31(40)25-13-14-28(38)29(39)18-25/h11,13-15,17-18,26-27,30,38-39H,7,12,16,19-20H2,1-6,8-10H3/t26-,27+,30?,36+,37-/m0/s1",14130,CC(=CC[C@@H](C[C@@]12C[C@@H](C=C(C)C)C(C)(C)[C@@](CC=C(C)C)(C(=O)C(C(=O)c3ccc(O)c(O)c3)C1=O)C2=O)C(=C)C)C,NA
Input,Levomepromazine,0.30137481,InputSig,NA,NA,LINCSCP_50103,PHH,10uM,24h,NA,D2-like dopamine receptor antagonist,DRD2|DRD3|DRD4,VRQVVMDWGGWHTJ-CQSZACIVSA-N,"InChI=1S/C19H24N2OS/c1-14(12-20(2)3)13-21-16-7-5-6-8-18(16)23-19-10-9-15(22-4)11-17(19)21/h5-11,14H,12-13H2,1-4H3/t14-/m1/s1",18024,COc1ccc2Sc3ccccc3N(C[C@H](C)CN(C)C)c2c1,4
Input,MLS-0258268.0001,0.3008959,InputSig,NA,NA,LINCSCP_15836,HA1E,10uM,6h,kidney epithelial,NA,NA,LPLIRDQZBOMOQI-UHFFFAOYSA-N,"InChI=1S/C14H10BrN3O2/c15-8-5-6-10-9(7-8)14(13(19)16-10)18-17-11-3-1-2-4-12(11)20-14/h1-7,17-18H,(H,16,19)",28091,Brc1ccc2NC(=O)C3(NNc4ccccc4O3)c2c1,NA
Input,BRD-K71614913,0.30061982,InputSig,NA,NA,LINCSCP_279146,PC3,10uM,6h,prostate,NA,NA,MOSVBDAIGOGSPE-HGPRPZRGSA-N,"InChI=1S/C30H51N3O6S/c1-22-18-33(23(2)21-34)30(35)27-17-26(31-40(5,36)37)14-15-28(27)39-24(3)11-9-10-16-38-29(22)20-32(4)19-25-12-7-6-8-13-25/h14-15,17,22-25,29,31,34H,6-13,16,18-21H2,1-5H3/t22-,23-,24-,29+/m0/s1",5215,C[C@@H](CO)N1C[C@H](C)[C@@H](CN(C)CC2CCCCC2)OCCCC[C@H](C)Oc3ccc(NS(=O)(=O)C)cc3C1=O,NA
Input,GSK J4,0.30035912,InputSig,NA,NA,LINCSCP_100547,HCC515,0.37uM,24h,lung,NA,NA,WBKCKEHGXNWYMO-UHFFFAOYSA-N,"InChI=1S/C24H27N5O2/c1-2-31-23(30)10-14-26-21-17-22(28-24(27-21)20-9-5-6-13-25-20)29-15-11-18-7-3-4-8-19(18)12-16-29/h3-9,13,17H,2,10-12,14-16H2,1H3,(H,26,27,28)",40381,CCOC(=O)CCNc1cc(nc(n1)c2ccccn2)N3CCc4ccccc4CC3,NA
Input,F1304-0056,0.29900689,InputSig,NA,NA,LINCSCP_28695,HUH7,3uM,24h,liver,NA,NA,ZDSHKLYGWOAHJZ-UHFFFAOYSA-N,"InChI=1S/C10H8F3NO5S/c1-19-9(15)5-20(18)8-3-2-6(10(11,12)13)4-7(8)14(16)17/h2-4H,5H2,1H3",11457,COC(=O)CS(=O)c1ccc(cc1[N+](=O)[O-])C(F)(F)F,NA
Input,galantamine,0.29878545,InputSig,NA,NA,LINCSCP_100888,HCC515,0.12uM,24h,lung,NA,NA,NA,NA,NA,NA,NA
Input,AC1O9CU3,0.29835944,InputSig,NA,NA,LINCSCP_65338,VCAP,10uM,24h,prostate,NA,NA,XCXAZUDIRRJDPM-OYMLHXOGSA-N,"InChI=1S/C33H27N3O5/c34-30(38)25-27-31(39)41-28(20-11-5-2-6-12-20)26(19-9-3-1-4-10-19)36(27)29(21-15-17-22(37)18-16-21)33(25)23-13-7-8-14-24(23)35-32(33)40/h1-18,25-29,37H,(H2,34,38)(H,35,40)/t25-,26-,27-,28+,29+,33-/m0/s1",11492,NC(=O)[C@@H]1[C@@H]2N([C@H]([C@H](OC2=O)c3ccccc3)c4ccccc4)[C@H](c5ccc(O)cc5)[C@@]16C(=O)Nc7ccccc67,NA
Input,BRD-K16934333,0.29820591,InputSig,NA,NA,LINCSCP_43101,NPC,10uM,24h,neural progenitor cells,NA,NA,PHEIPYKARIAFSI-GCMLAXDWSA-N,"InChI=1S/C28H27N3O7/c32-14-25-27-21(10-19(37-25)11-26(33)30-13-16-2-1-7-29-12-16)20-9-18(4-6-22(20)38-27)31-28(34)17-3-5-23-24(8-17)36-15-35-23/h1-9,12,19,21,25,27,32H,10-11,13-15H2,(H,30,33)(H,31,34)/t19-,21-,25-,27+/m0/s1",23774,OC[C@@H]1O[C@H](CC(=O)NCc2cccnc2)C[C@@H]3[C@H]1Oc4ccc(NC(=O)c5ccc6OCOc6c5)cc34,NA
Input,Pimobendan,0.29807752,InputSig,NA,NA,LINCSCP_124817,HT29,10uM,24h,large intestine,NA,NA,GLBJJMFZWDBELO-UHFFFAOYSA-N,"InChI=1S/C19H18N4O2/c1-11-9-17(24)22-23-18(11)13-5-8-15-16(10-13)21-19(20-15)12-3-6-14(25-2)7-4-12/h3-8,10-11H,9H2,1-2H3,(H,20,21)(H,22,24)",26466,COc1ccc(cc1)c2nc3cc(ccc3[nH]2)C4=NNC(=O)CC4C,NA
Input,Phensuximide,0.29780749,InputSig,NA,NA,LINCSCP_89962,HA1E,3.33uM,24h,kidney epithelial,Succinimide antiepileptic,CACNA1G|CACNA1H|CACNA1I,WLWFNJKHKGIJNW-UHFFFAOYSA-N,"InChI=1S/C11H11NO2/c1-12-10(13)7-9(11(12)14)8-5-3-2-4-6-8/h2-6,9H,7H2,1H3",15195,CN1C(=O)CC(C1=O)c2ccccc2,4
Input,ZM336372,0.29726699,InputSig,NA,NA,LINCSCP_56935,VCAP,100uM,24h,prostate,RAF inhibitor,NA,PYEFPDQFAZNXLI-UHFFFAOYSA-N,"InChI=1S/C23H23N3O3/c1-15-7-10-18(24-23(29)17-5-4-6-19(13-17)26(2)3)14-21(15)25-22(28)16-8-11-20(27)12-9-16/h4-14,27H,1-3H3,(H,24,29)(H,25,28)",16532,CN(C)c1cccc(c1)C(=O)Nc2ccc(C)c(NC(=O)c3ccc(O)cc3)c2,NA
Input,BG-STK33-59,0.29632694,InputSig,NA,NA,LINCSCP_42054,NOMO1,10uM,6h,haematopoietic and lymphoid tissue,Serine/threonine kinase inhibitor,NA,HWOYIOLMBQSTQS-UHFFFAOYSA-N,"InChI=1S/C22H19N3O2S/c1-13(2)14-9-10-16(24-21(26)19-8-5-11-28-19)15(12-14)20-22(27)25-18-7-4-3-6-17(18)23-20/h3-13H,1-2H3,(H,24,26)(H,25,27)",10343,CC(C)c1ccc(NC(=O)c2cccs2)c(c1)C3=Nc4ccccc4NC3=O,NA
Input,MLS-0390851.0001,0.29626216,InputSig,NA,NA,LINCSCP_15794,HA1E,10uM,24h,kidney epithelial,NA,NA,NDKRISOEDOWGCA-UHFFFAOYSA-N,"InChI=1S/C20H19N3O3S/c1-3-9-23-19(15-6-4-5-13(2)10-15)21-22-20(23)27-12-18(26)14-7-8-16(24)17(25)11-14/h3-8,10-11,24-25H,1,9,12H2,2H3",36030,Cc1cccc(c1)c2nnc(SCC(=O)c3ccc(O)c(O)c3)n2CC=C,NA
Input,"24(S),25-epoxycholesterol",0.29491489,InputSig,NA,NA,LINCSCP_32718,MCF7,10uM,6h,breast,LXR agonist,NR1H2|NR1H3,OSENKJZWYQXHBN-XVYZBDJZSA-N,"InChI=1S/C27H44O2/c1-17(6-11-24-25(2,3)29-24)21-9-10-22-20-8-7-18-16-19(28)12-14-26(18,4)23(20)13-15-27(21,22)5/h7,17,19-24,28H,6,8-16H2,1-5H3/t17-,19+,20+,21-,22+,23+,24+,26+,27-/m1/s1",36512,C[C@H](CC[C@@H]1OC1(C)C)[C@H]2CC[C@H]3[C@@H]4CC=C5C[C@@H](O)CC[C@]5(C)[C@H]4CC[C@]23C,NA
Input,BRD-A08662020,0.29459829,InputSig,NA,NA,LINCSCP_171840,YAPC,10uM,24h,pancreas,NA,NA,NA,NA,NA,NA,NA
Input,CHEMBL1593913,0.29406309,InputSig,NA,NA,LINCSCP_16163,HA1E,10uM,6h,kidney epithelial,NA,NA,GCGNFYVCXLTUEU-UHFFFAOYSA-N,"InChI=1S/C25H24N4O2/c30-20-10-6-9-18-22(20)25(13-4-5-14-25)29-23(26-18)28-24-27-19-15-17(11-12-21(19)31-24)16-7-2-1-3-8-16/h1-3,7-8,11-12,15H,4-6,9-10,13-14H2,(H2,26,27,28,29)",36087,O=C1CCCC2=C1C3(CCCC3)NC(=N2)Nc4oc5ccc(cc5n4)c6ccccc6,NA
Input,Endrin,0.29330154,InputSig,NA,NA,LINCSCP_17080,HA1E,10uM,24h,kidney epithelial,Enhancer of synaptic activity,NA,DFBKLUNHFCTMDC-UHFFFAOYSA-N,"InChI=1S/C12H8Cl6O/c13-8-9(14)11(16)5-3-1-2(6-7(3)19-6)4(5)10(8,15)12(11,17)18/h2-7H,1H2",39725,ClC1=C(Cl)C2(Cl)C3C4CC(C5OC45)C3C1(Cl)C2(Cl)Cl,NA
Input,SA-245650,0.29317496,InputSig,NA,NA,LINCSCP_253194,MCF7,10uM,24h,breast,NA,NA,UCKREMIJSDYNRS-PNCHPQGNSA-N,"InChI=1S/C25H40N4O4/c1-16(2)26-25(32)27-21-8-9-22-20(10-21)11-24(31)29(18(4)15-30)12-17(3)23(33-22)14-28(5)13-19-6-7-19/h8-10,16-19,23,30H,6-7,11-15H2,1-5H3,(H2,26,27,32)/t17-,18-,23+/m1/s1",13876,CC(C)NC(=O)Nc1ccc2O[C@@H](CN(C)CC3CC3)[C@H](C)CN([C@H](C)CO)C(=O)Cc2c1,NA
Input,BRD-K71498541,0.29315537,InputSig,NA,NA,LINCSCP_263264,NPC,10uM,24h,neural progenitor cells,NA,NA,BPHDJJLUUFUQJF-PBDKAQRYSA-N,"InChI=1S/C30H46N4O5/c1-20-17-34(21(2)19-35)29(37)25-16-24(31-28(36)22-10-6-4-7-11-22)14-15-26(25)39-27(20)18-33(3)30(38)32-23-12-8-5-9-13-23/h14-16,20-23,27,35H,4-13,17-19H2,1-3H3,(H,31,36)(H,32,38)/t20-,21+,27-/m1/s1",33496,C[C@@H](CO)N1C[C@@H](C)[C@@H](CN(C)C(=O)NC2CCCCC2)Oc3ccc(NC(=O)C4CCCCC4)cc3C1=O,NA
Input,BRD-K48036219,0.29272546,InputSig,NA,NA,LINCSCP_7974,A549,10uM,6h,lung,NA,NA,HPXQJKADXJMKNX-JQASONJCSA-N,"InChI=1S/C35H38N4O4/c1-24-20-39(25(2)23-40)35(42)31-19-30(37-34(41)29-15-17-36-18-16-29)13-14-32(31)43-33(24)22-38(3)21-26-9-11-28(12-10-26)27-7-5-4-6-8-27/h4-19,24-25,33,40H,20-23H2,1-3H3,(H,37,41)/t24-,25+,33+/m0/s1",12848,C[C@H](CO)N1C[C@H](C)[C@@H](CN(C)Cc2ccc(cc2)c3ccccc3)Oc4ccc(NC(=O)c5ccncc5)cc4C1=O,NA
Input,pyrvinium-pamoate,0.29222773,InputSig,NA,NA,LINCSCP_55059,THP1,10uM,6h,haematopoietic and lymphoid tissue,AKT inhibitor|Androgen receptor antagonist,AR,NA,NA,NA,NA,NA
Input,AZD-1152HQPA,0.29175451,InputSig,NA,NA,LINCSCP_4093,A375,10uM,24h,skin,Aurora kinase inhibitor,NA,NA,NA,42704,NA,NA
Input,Linsitinib,0.29123918,InputSig,NA,NA,LINCSCP_163453,SKBR3,1.11uM,3h,breast,IGF-1 inhibitor,IGF1R|INSR,PKCDDUHJAFVJJB-UHFFFAOYSA-N,"InChI=1S/C26H23N5O/c1-26(32)14-19(15-26)25-30-22(23-24(27)28-11-12-31(23)25)18-8-7-17-9-10-20(29-21(17)13-18)16-5-3-2-4-6-16/h2-13,19,32H,14-15H2,1H3,(H2,27,28)",37815,CC1(O)CC(C1)c2nc(c3ccc4ccc(nc4c3)c5ccccc5)c6c(N)nccn26,NA
Input,LDN 193189,0.29087585,InputSig,NA,NA,LINCSCP_29866,MCF10A,10uM,24h,breast epithelial,Serine/threonine kinase inhibitor,ACVR1|BMPR1A,CDOVNWNANFFLFJ-UHFFFAOYSA-N,"InChI=1S/C25H22N6/c1-2-4-24-22(3-1)21(9-10-27-24)23-16-29-31-17-19(15-28-25(23)31)18-5-7-20(8-6-18)30-13-11-26-12-14-30/h1-10,15-17,26H,11-14H2",15133,C1CN(CCN1)c2ccc(cc2)c3cnc4c(cnn4c3)c5ccnc6ccccc56,NA
Input,Dexamethasone Acetate,0.29075975,InputSig,NA,NA,LINCSCP_99107,HA1E,0.12uM,24h,kidney epithelial,Corticosteroid agonist|Cytochrome P450 inhibitor|Glucocorticoid receptor agonist,NR3C1,AKUJBENLRBOFTD-HIBZCRSPSA-N,"InChI=1S/C24H31FO6/c1-13-9-18-17-6-5-15-10-16(27)7-8-21(15,3)23(17,25)19(28)11-22(18,4)24(13,30)20(29)12-31-14(2)26/h7-8,10,13,17-19,28,30H,5-6,9,11-12H2,1-4H3/t13-,17?,18?,19+,21+,22+,23+,24+/m1/s1",22199,C[C@@H]1CC2C3CCC4=CC(=O)C=C[C@]4(C)[C@@]3(F)[C@@H](O)C[C@]2(C)[C@@]1(O)C(=O)COC(=O)C,NA
Input,Phenytoin,0.28978142,InputSig,NA,NA,LINCSCP_106192,HELA,1.11uM,24h,large intestine,Hydantoin antiepileptic,SCN1A|SCN2A|SCN5A,CXOFVDLJLONNDW-UHFFFAOYSA-N,"InChI=1S/C15H12N2O2/c18-13-15(17-14(19)16-13,11-7-3-1-4-8-11)12-9-5-2-6-10-12/h1-10H,(H2,16,17,18,19)",1588,O=C1NC(=O)C(N1)(c2ccccc2)c3ccccc3,4
Input,Indigo Red,0.28948497,InputSig,NA,NA,LINCSCP_211134,HA1E,10uM,6h,kidney epithelial,CDK inhibitor|Glycogen synthase kinase inhibitor,CDK1|CDK5|GSK3A,CRDNMYFJWFXOCH-YPKPFQOOSA-N,"InChI=1S/C16H10N2O2/c19-15-10-6-2-4-8-12(10)17-14(15)13-9-5-1-3-7-11(9)18-16(13)20/h1-8,17H,(H,18,20)/b14-13-",17133,O=C1Nc2ccccc2/C/1=C\3/Nc4ccccc4C3=O,NA
Input,Cimetidine,0.28901741,InputSig,NA,NA,LINCSCP_104332,HELA,0.04uM,24h,large intestine,Histamine receptor antagonist,HRH2,AQIXAKUUQRKLND-UHFFFAOYSA-N,"InChI=1S/C10H16N6S/c1-8-9(16-7-15-8)5-17-4-3-13-10(12-2)14-6-11/h7H,3-5H2,1-2H3,(H,15,16)(H2,12,13,14)",24956,CN\C(=N\C#N)\NCCSCC1N=CN=C1C,4
Input,Broad-Sai-424,0.288425,InputSig,NA,NA,LINCSCP_49244,PC3,3uM,24h,prostate,NA,NA,NA,NA,NA,NA,NA
Input,SDZ NKT 343,0.28841302,InputSig,NA,NA,LINCSCP_107470,HELA,3.33uM,24h,large intestine,NA,NA,PCVSIMQAFWRUEC-JDXGNMNLSA-N,"InChI=1S/C33H33N5O5/c1-36(22-23-10-3-2-4-11-23)32(40)28(21-24-17-18-25-12-5-6-13-26(25)20-24)34-31(39)30-16-9-19-37(30)33(41)35-27-14-7-8-15-29(27)38(42)43/h2-8,10-15,17-18,20,28,30H,9,16,19,21-22H2,1H3,(H,34,39)(H,35,41)/t28-,30-/m0/s1",26598,CN(Cc1ccccc1)C(=O)[C@H](Cc2ccc3ccccc3c2)NC(=O)[C@@H]4CCCN4C(=O)Nc5ccccc5[N+](=O)[O-],NA
Input,Desmopressin,0.28835054,InputSig,NA,NA,LINCSCP_159437,PC3,0.37uM,24h,prostate,NA,NA,NFLWUMRGJYTJIN-UHFFFAOYSA-N,"InChI=1S/C46H64N14O12S2/c47-35(62)15-14-29-40(67)58-32(22-36(48)63)43(70)59-33(45(72)60-18-5-9-34(60)44(71)56-28(8-4-17-52-46(50)51)39(66)53-23-37(49)64)24-74-73-19-16-38(65)54-30(21-26-10-12-27(61)13-11-26)41(68)57-31(42(69)55-29)20-25-6-2-1-3-7-25/h1-3,6-7,10-13,28-34,61H,4-5,8-9,14-24H2,(H2,47,62)(H2,48,63)(H2,49,64)(H,53,66)(H,54,65)(H,55,69)(H,56,71)(H,57,68)(H,58,67)(H,59,70)(H4,50,51,52)",27204,NC(=O)CCC1NC(=O)C(Cc2ccccc2)NC(=O)C(Cc3ccc(O)cc3)NC(=O)CCSSCC(NC(=O)C(CC(=O)N)NC1=O)C(=O)N4CCCC4C(=O)NC(CCCNC(=N)N)C(=O)NCC(=O)N,NA
Input,CHEMBL3188581,0.28829258,InputSig,NA,NA,LINCSCP_28222,HT29,10uM,24h,large intestine,NA,NA,IWQQPQHTVOLVIH-SANMLTNESA-N,"InChI=1S/C30H36FN3O4/c1-37-23-5-6-24-25(16-23)32-28-26(18-35)34(29(36)21-7-13-38-14-8-21)19-30(27(24)28)9-11-33(12-10-30)17-20-3-2-4-22(31)15-20/h2-6,15-16,21,26,32,35H,7-14,17-19H2,1H3/t26-/m0/s1",40065,COc1ccc2c3c([nH]c2c1)[C@H](CO)N(CC34CCN(Cc5cccc(F)c5)CC4)C(=O)C6CCOCC6,NA
Input,4L7B,0.28773713,InputSig,NA,NA,LINCSCP_38585,MCF7,3.33uM,24h,breast,Kelch-like ECH-associated protein ligand,KEAP1,LNENLABLFGGAFF-BHIFYINESA-N,"InChI=1S/C26H26N2O5/c29-23(20-11-5-6-12-21(20)26(32)33)27-14-13-16-7-1-2-8-17(16)22(27)15-28-24(30)18-9-3-4-10-19(18)25(28)31/h1-4,7-10,20-22H,5-6,11-15H2,(H,32,33)/t20-,21+,22-/m1/s1",39907,OC(=O)[C@H]1CCCC[C@H]1C(=O)N2CCc3ccccc3[C@H]2CN4C(=O)c5ccccc5C4=O,NA
Input,Benzo[Def]Chrysene,0.28758636,InputSig,NA,NA,LINCSCP_13870,HA1E,10uM,6h,kidney epithelial,Carcinogen,NA,FMMWHPNWAFZXNH-UHFFFAOYSA-N,InChI=1S/C20H12/c1-2-7-17-15(4-1)12-16-9-8-13-5-3-6-14-10-11-18(17)20(16)19(13)14/h1-12H,35510,c1ccc2c(c1)cc3ccc4cccc5ccc2c3c45,NA
Input,STK249718,0.28753,InputSig,NA,NA,LINCSCP_11080,ASC,10uM,24h,adipose,NA,NA,HDXJYJIPXWVRSM-UHFFFAOYSA-N,"InChI=1S/C12H10N6O2/c1-17-11(19)8-10(15-12(17)20)18(2)16-9(14-8)7-5-3-4-6-13-7/h3-6H,1-2H3",35010,CN1N=C(N=C2C(=O)N(C)C(=O)N=C12)c3ccccn3,NA
Input,Rescinnamine,0.28723732,InputSig,NA,NA,LINCSCP_52757,SKB,10uM,24h,NA,Synaptic vesicular amine transporter inhibitor,ACE|SLC18A2,SZLZWPPUNLXJEA-QEGASFHISA-N,"InChI=1S/C35H42N2O9/c1-40-21-8-9-22-23-11-12-37-18-20-15-29(46-30(38)10-7-19-13-27(41-2)33(43-4)28(14-19)42-3)34(44-5)31(35(39)45-6)24(20)17-26(37)32(23)36-25(22)16-21/h7-10,13-14,16,20,24,26,29,31,34,36H,11-12,15,17-18H2,1-6H3/b10-7+/t20-,24+,26-,29-,31+,34+/m1/s1",17563,CO[C@H]1[C@@H](C[C@@H]2CN3CCc4c([nH]c5cc(OC)ccc45)[C@H]3C[C@@H]2[C@@H]1C(=O)OC)OC(=O)\C=C\c6cc(OC)c(OC)c(OC)c6,4
Input,Vemurafenib,0.28639082,InputSig,NA,NA,LINCSCP_55501,U937,10uM,6h,haematopoietic and lymphoid tissue,RAF inhibitor,BRAF,NA,NA,42752,NA,NA
Input,Vemurafenib,0.28639082,InputSig,NA,NA,LINCSCP_55501,U937,10uM,6h,haematopoietic and lymphoid tissue,RAF inhibitor,BRAF,GPXBXXGIAQBQNI-UHFFFAOYSA-N,"InChI=1S/C23H18ClF2N3O3S/c1-2-9-33(31,32)29-19-8-7-18(25)20(21(19)26)22(30)17-12-28-23-16(17)10-14(11-27-23)13-3-5-15(24)6-4-13/h3-8,10-12,29H,2,9H2,1H3,(H,27,28)",35271,CCCS(=O)(=O)Nc1ccc(F)c(C(=O)c2c[nH]c3ncc(cc23)c4ccc(Cl)cc4)c1F,4
Input,3-Chloro-l-alanine,0.28610021,InputSig,NA,NA,LINCSCP_36358,MCF7,0.5uM,6h,breast,Protein synthesis inhibitor,RPS2,ASBJGPTTYPEMLP-REOHCLBHSA-N,"InChI=1S/C3H6ClNO2/c4-1-2(5)3(6)7/h2H,1,5H2,(H,6,7)/t2-/m0/s1",12647,N[C@@H](CCl)C(=O)O,NA
Input,Etravirine (TMC125),0.28559683,InputSig,NA,NA,LINCSCP_98097,HA1E,10uM,24h,kidney epithelial,Human immunodeficiency virus type 1 reverse transcriptase inhibitor,NA,PYGWGZALEOIKDF-UHFFFAOYSA-N,"InChI=1S/C20H15BrN6O/c1-11-7-14(10-23)8-12(2)17(11)28-19-16(21)18(24)26-20(27-19)25-15-5-3-13(9-22)4-6-15/h3-8H,1-2H3,(H3,24,25,26,27)",27024,Cc1cc(cc(C)c1Oc2nc(Nc3ccc(cc3)C#N)nc(N)c2Br)C#N,4
Input,Hydroxyprogesterone Caproate,0.28533298,InputSig,NA,NA,LINCSCP_71307,A375,10uM,24h,skin,Progesterone receptor agonist,AR|ESR1|ESR2|NR1H4|NR1I2|NR3C1|PGR,DOMWKUIIPQCAJU-JKPPDDDBSA-N,"InChI=1S/C27H40O4/c1-5-6-7-8-24(30)31-27(18(2)28)16-13-23-21-10-9-19-17-20(29)11-14-25(19,3)22(21)12-15-26(23,27)4/h17,21-23H,5-16H2,1-4H3/t21?,22?,23?,25-,26-,27-/m0/s1",23187,CCCCCC(=O)O[C@@]1(CCC2C3CCC4=CC(=O)CC[C@]4(C)C3CC[C@]12C)C(=O)C,NA
Input,Pilaralisib,0.28510452,InputSig,NA,NA,LINCSCP_58967,VCAP,10uM,24h,prostate,PI3K inhibitor,PIK3CA|PIK3CD|PIK3CG,MQMKRQLTIWPEDM-UHFFFAOYSA-N,"InChI=1S/C21H16N6O2S2/c1-13-6-9-15(10-7-13)31(28,29)27-21-20(23-16-4-2-3-5-17(16)24-21)22-14-8-11-18-19(12-14)26-30-25-18/h2-12H,1H3,(H,22,23)(H,24,27)",36624,Cc1ccc(cc1)S(=O)(=O)Nc2nc3ccccc3nc2Nc4ccc5nsnc5c4,NA
Input,Piceatannol,0.28502387,InputSig,NA,NA,LINCSCP_15812,HA1E,10uM,24h,kidney epithelial,SYK inhibitor,NA,CDRPUGZCRXZLFL-OWOJBTEDSA-N,"InChI=1S/C14H12O4/c15-11-5-10(6-12(16)8-11)2-1-9-3-4-13(17)14(18)7-9/h1-8,15-18H/b2-1+",139,Oc1cc(O)cc(\C=C\c2ccc(O)c(O)c2)c1,NA
Input,Lanatoside-C,0.28501974,InputSig,NA,NA,LINCSCP_47636,PC3,10uM,24h,prostate,Cardiac glycoside,NA,JAYAGJDXJIDEKI-FUVOQQLASA-N,"InChI=1S/C49H76O20/c1-21-43(67-38-17-32(53)44(22(2)62-38)68-39-18-33(64-24(4)51)45(23(3)63-39)69-46-42(58)41(57)40(56)34(19-50)66-46)31(52)16-37(61-21)65-27-9-11-47(5)26(14-27)7-8-29-30(47)15-35(54)48(6)28(10-12-49(29,48)59)25-13-36(55)60-20-25/h13,21-23,26-35,37-46,50,52-54,56-59H,7-12,14-20H2,1-6H3/t21-,22-,23-,26+,27+,28-,29+,30+,31+,32+,33+,34-,35-,37+,38+,39+,40-,41+,42-,43-,44-,45-,46+,47+,48+,49+/m1/s1",1557,C[C@H]1O[C@H](C[C@H](O)[C@@H]1O[C@H]2C[C@H](O)[C@H](O[C@H]3C[C@H](OC(=O)C)[C@H](O[C@@H]4O[C@H](CO)[C@@H](O)[C@H](O)[C@H]4O)[C@@H](C)O3)[C@@H](C)O2)O[C@H]5CC[C@@]6(C)[C@@H](CC[C@H]7[C@@H]6C[C@@H](O)[C@]8(C)[C@H](CC[C@]78O)C9=CC(=O)OC9)C5,NA
Input,Cinaciguat,0.28477676,InputSig,NA,NA,LINCSCP_175282,YAPC,1.11uM,24h,pancreas,NA,NA,WPYWMXNXEZFMAK-UHFFFAOYSA-N,"InChI=1S/C36H39NO5/c38-35(39)12-6-7-24-37(26-30-19-21-33(22-20-30)36(40)41)25-23-32-10-4-5-11-34(32)42-27-31-17-15-29(16-18-31)14-13-28-8-2-1-3-9-28/h1-5,8-11,15-22H,6-7,12-14,23-27H2,(H,38,39)(H,40,41)",27001,OC(=O)CCCCN(CCc1ccccc1OCc2ccc(CCc3ccccc3)cc2)Cc4ccc(cc4)C(=O)O,NA
Input,MLN-0128,0.2846406,InputSig,NA,NA,LINCSCP_128228,HUES3,0.04uM,24h,NA,Serine/threonine-protein kinase mTOR inhibitor,MTOR,GYLDXIAOMVERTK-UHFFFAOYSA-N,"InChI=1S/C15H15N7O/c1-7(2)22-14-11(13(16)18-6-19-14)12(21-22)8-3-4-10-9(5-8)20-15(17)23-10/h3-7H,1-2H3,(H2,17,20)(H2,16,18,19)",15180,CC(C)n1nc(c2ccc3oc(N)nc3c2)c4c(N)ncnc14,2
Input,Chloroguanide,0.28415354,InputSig,NA,NA,LINCSCP_89469,HA1E,0.04uM,24h,kidney epithelial,Dihydrofolate reductase inhibitor,NA,SSOLNOMRVKKSON-UHFFFAOYSA-N,"InChI=1S/C11H16ClN5/c1-7(2)15-10(13)17-11(14)16-9-5-3-8(12)4-6-9/h3-7H,1-2H3,(H5,13,14,15,16,17)",3401,CC(C)NC(=N)NC(=N)Nc1ccc(Cl)cc1,4
Input,meloxicam,0.28372277,InputSig,NA,NA,LINCSCP_75019,A375,3.36uM,24h,skin,NA,NA,NA,NA,NA,NA,NA
Input,IMD-0354,0.28345502,InputSig,NA,NA,LINCSCP_51000,RMGI,10uM,6h,ovary,IKK inhibitor|NFkB pathway inhibitor,IKBKB,CHILCFMQWMQVAL-UHFFFAOYSA-N,"InChI=1S/C15H8ClF6NO2/c16-9-1-2-12(24)11(6-9)13(25)23-10-4-7(14(17,18)19)3-8(5-10)15(20,21)22/h1-6,24H,(H,23,25)",15907,Oc1ccc(Cl)cc1C(=O)Nc2cc(cc(c2)C(F)(F)F)C(F)(F)F,NA
Input,SCHEMBL15422014,0.28329748,InputSig,NA,NA,LINCSCP_10676,ASC,10uM,24h,adipose,NA,NA,MSUVDRBASYAIJC-MDZDMXLPSA-N,"InChI=1S/C21H21NO5S/c1-25-16-12-14(13-17(26-2)21(16)27-3)9-10-20(24)22-15(6-4-8-19(22)23)18-7-5-11-28-18/h4-5,7-13,15H,6H2,1-3H3/b10-9+",25892,COc1cc(\C=C\C(=O)N2C(CC=CC2=O)c3cccs3)cc(OC)c1OC,NA
Input,Labetalol,0.2832428,InputSig,NA,NA,LINCSCP_74869,A375,0.37uM,24h,skin,Adrenergic receptor antagonist,ADRA1A|ADRA1B|ADRA1D|ADRA2A|ADRA2B|ADRA2C|ADRB1|ADRB2|ADRB3,SGUAFYQXFOLMHL-UHFFFAOYSA-N,"InChI=1S/C19H24N2O3/c1-13(7-8-14-5-3-2-4-6-14)21-12-18(23)15-9-10-17(22)16(11-15)19(20)24/h2-6,9-11,13,18,21-23H,7-8,12H2,1H3,(H2,20,24)",4689,CC(CCc1ccccc1)NCC(O)c2ccc(O)c(c2)C(=O)N,4
Input,Palovarotene,0.28319203,InputSig,NA,NA,LINCSCP_173669,YAPC,10uM,24h,pancreas,Retinoic acid receptor gamma agonist,RARG,YTFHCXIPDIHOIA-DHZHZOJOSA-N,"InChI=1S/C27H30N2O2/c1-26(2)12-13-27(3,4)24-17-22(18-29-15-5-14-28-29)21(16-23(24)26)11-8-19-6-9-20(10-7-19)25(30)31/h5-11,14-17H,12-13,18H2,1-4H3,(H,30,31)/b11-8+",26712,CC1(C)CCC(C)(C)c2cc(\C=C\c3ccc(cc3)C(=O)O)c(Cn4cccn4)cc12,2
Input,Miconazole,0.28309688,InputSig,NA,NA,LINCSCP_108414,HELA,3.33uM,24h,large intestine,Cytochrome P450 51 inhibitor,NA,BYBLEWFAAKGYCD-UHFFFAOYSA-N,"InChI=1S/C18H14Cl4N2O/c19-13-2-1-12(16(21)7-13)10-25-18(9-24-6-5-23-11-24)15-4-3-14(20)8-17(15)22/h1-8,11,18H,9-10H2",2545,Clc1ccc(COC(Cn2ccnc2)c3ccc(Cl)cc3Cl)c(Cl)c1,4
Input,12K-516S,0.28302638,InputSig,NA,NA,LINCSCP_32049,MCF7,10uM,6h,breast,NA,NA,PXMCLQNRPDARBK-UHFFFAOYSA-N,"InChI=1S/C21H15FN2OS/c1-14-2-9-19(10-3-14)26-20-11-8-18(12-16(20)13-23)24-21(25)15-4-6-17(22)7-5-15/h2-12H,1H3,(H,24,25)",34194,Cc1ccc(Sc2ccc(NC(=O)c3ccc(F)cc3)cc2C#N)cc1,NA
Input,Avrainvillamide Analog 5,0.28294221,InputSig,NA,NA,LINCSCP_17291,HA1E,3.33uM,24h,kidney epithelial,Nucleophosmin inhibitor,NA,CRUOLOXVRBAOST-UHFFFAOYSA-N,"InChI=1S/C26H27N3O4/c1-23(2)8-6-14-10-15-16-12-26-19(13-25(21(30)27-26)7-5-9-28(25)22(26)31)24(3,4)20(16)29(32)17(15)11-18(14)33-23/h6,8,10-12,19H,5,7,9,13H2,1-4H3,(H,27,30)",26519,CC1(C)Oc2cc3c(cc2C=C1)C4=CC56NC(=O)C7(CCCN7C5=O)CC6C(C)(C)C4=[N+]3[O-],NA
Input,MG-132,0.28268955,InputSig,NA,NA,LINCSCP_75948,A375,20uM,24h,skin,Proteasome inhibitor,PSMB1,TZYWCYJVHRLUCT-VABKMULXSA-N,"InChI=1S/C26H41N3O5/c1-17(2)12-21(15-30)27-24(31)22(13-18(3)4)28-25(32)23(14-19(5)6)29-26(33)34-16-20-10-8-7-9-11-20/h7-11,15,17-19,21-23H,12-14,16H2,1-6H3,(H,27,31)(H,28,32)(H,29,33)/t21-,22-,23-/m0/s1",35280,CC(C)C[C@H](NC(=O)[C@H](CC(C)C)NC(=O)[C@H](CC(C)C)NC(=O)OCc1ccccc1)C=O,NA
Input,SCHEMBL16980377,0.28236573,InputSig,NA,NA,LINCSCP_10041,A549,3.33uM,24h,lung,NA,NA,MRJCPWMBHXTRFB-HGAMEBRSSA-N,"InChI=1S/C29H32N2O5/c1-31(2)20-10-13-26-24(14-20)25-15-23(35-27(18-32)29(25)36-26)16-28(33)30-17-19-8-11-22(12-9-19)34-21-6-4-3-5-7-21/h3-14,23,25,27,29,32H,15-18H2,1-2H3,(H,30,33)/t23-,25-,27-,29+/m0/s1",1811,CN(C)c1ccc2O[C@H]3[C@H](CO)O[C@H](CC(=O)NCc4ccc(Oc5ccccc5)cc4)C[C@H]3c2c1,NA
Input,PHA-793887,0.28216272,InputSig,NA,NA,LINCSCP_116604,HT29,0.37uM,24h,large intestine,CDK inhibitor,CDK1|CDK10|CDK11B|CDK12|CDK13|CDK14|CDK15|CDK16|CDK17|CDK18|CDK19|CDK2|CDK20|CDK3|CDK4|CDK5|CDK6|CDK7|CDK8|CDK9,HUXYBQXJVXOMKX-UHFFFAOYSA-N,"InChI=1S/C19H31N5O2/c1-12(2)10-15(25)20-17-14-11-24(19(3,4)16(14)21-22-17)18(26)13-6-8-23(5)9-7-13/h12-13H,6-11H2,1-5H3,(H2,20,21,22,25)",15128,CC(C)CC(=O)Nc1n[nH]c2c1CN(C(=O)C3CCN(C)CC3)C2(C)C,1
Input,Fenofibrate,0.28187582,InputSig,NA,NA,LINCSCP_56005,VCAP,10uM,24h,prostate,Peroxisome proliferator-activated receptor alpha agonist,PPARA,YMTINGFKWWXKFG-UHFFFAOYSA-N,"InChI=1S/C20H21ClO4/c1-13(2)24-19(23)20(3,4)25-17-11-7-15(8-12-17)18(22)14-5-9-16(21)10-6-14/h5-13H,1-4H3",15703,CC(C)OC(=O)C(C)(C)Oc1ccc(cc1)C(=O)c2ccc(Cl)cc2,4
Input,SCHEMBL2560486,0.28177321,InputSig,NA,NA,LINCSCP_5472,A549,10uM,6h,lung,NA,NA,GJYPMTHSXAOZHG-UHFFFAOYSA-N,"InChI=1S/C18H23N5O/c1-22(2)15-5-3-4-14(12-15)16-6-9-20-18(21-16)23-10-7-13(8-11-23)17(19)24/h3-6,9,12-13H,7-8,10-11H2,1-2H3,(H2,19,24)",35488,CN(C)c1cccc(c1)c2ccnc(n2)N3CCC(CC3)C(=O)N,NA
Input,5-Nitroso-8-cinnolinol,0.28164913,InputSig,NA,NA,LINCSCP_11525,ASC,10uM,24h,adipose,HDAC inhibitor,HDAC1,RZWRYPGAUIOOMK-UHFFFAOYSA-N,"InChI=1S/C9H6N2O2/c12-8-4-3-7(11-13)6-2-1-5-10-9(6)8/h1-5,12H",15428,Oc1ccc(N=O)c2cccnc12,NA
Input,Ziprasidone,0.28133696,InputSig,NA,NA,LINCSCP_71271,A375,10uM,24h,skin,Dopamine receptor antagonist|Serotonin receptor antagonist,DRD2|HRH1|HTR1A|HTR1B|HTR1D|HTR1E|HTR2A|HTR2C|HTR7,MVWVFYHBGMAFLY-UHFFFAOYSA-N,"InChI=1S/C21H21ClN4OS/c22-17-13-18-15(12-20(27)23-18)11-14(17)5-6-25-7-9-26(10-8-25)21-16-3-1-2-4-19(16)28-24-21/h1-4,11,13H,5-10,12H2,(H,23,27)",36448,Clc1cc2NC(=O)Cc2cc1CCN3CCN(CC3)c4nsc5ccccc45,4
Input,BRD-K99303177,0.28123917,InputSig,NA,NA,LINCSCP_203587,ASC,10uM,24h,adipose,NA,NA,CHBVISFKEYYRMC-KHYOSLBOSA-N,"InChI=1S/C21H31N5O5S/c1-14-10-26(15(2)12-27)21(28)8-16-7-17(5-6-18(16)31-19(14)9-22-3)24-32(29,30)20-11-25(4)13-23-20/h5-7,11,13-15,19,22,24,27H,8-10,12H2,1-4H3/t14-,15+,19-/m0/s1",34232,CNC[C@@H]1Oc2ccc(NS(=O)(=O)c3cn(C)cn3)cc2CC(=O)N(C[C@@H]1C)[C@H](C)CO,NA
Input,(-)-Tramadol,0.28107532,InputSig,NA,NA,LINCSCP_137008,MCF7,0.12uM,24h,breast,Norepinephrine reputake inhibitor|Opioid receptor agonist|Serotonin reuptake inhibitor,OPRM1|SLC6A2|SLC6A4,TVYLLZQTGLZFBW-GOEBONIOSA-N,"InChI=1S/C16H25NO2/c1-17(2)12-14-7-4-5-10-16(14,18)13-8-6-9-15(11-13)19-3/h6,8-9,11,14,18H,4-5,7,10,12H2,1-3H3/t14-,16+/m0/s1",22805,COc1cccc(c1)[C@]2(O)CCCC[C@H]2CN(C)C,NA
Input,CHEMBL2362834,0.28056033,InputSig,NA,NA,LINCSCP_233963,HUH7,3uM,24h,liver,NA,NA,HJQSQTAMFLANGO-JMSBNOGBSA-N,"InChI=1S/C33H38N2O5/c36-27-21-35(19-24-10-12-29(13-11-24)39-28-8-2-1-3-9-28)31-15-14-30(40-32(31)23-38-22-27)18-33(37)34-17-16-25-6-4-5-7-26(25)20-34/h1-13,27,30-32,36H,14-23H2/t27-,30-,31-,32+/m1/s1",16637,O[C@H]1COC[C@@H]2O[C@@H](CC(=O)N3CCc4ccccc4C3)CC[C@H]2N(Cc5ccc(Oc6ccccc6)cc5)C1,NA
Input,BRD-K76418961,0.28043535000000003,InputSig,NA,NA,LINCSCP_59977,VCAP,5uM,6h,prostate,NA,NA,NHCHRXXZNQAEEO-WDCWYOMISA-N,"InChI=1S/C33H39N5O4/c1-22-17-38(23(2)21-39)33(41)28-16-26(35-32(40)15-25-19-37(4)29-8-6-5-7-27(25)29)9-10-30(28)42-31(22)20-36(3)18-24-11-13-34-14-12-24/h5-14,16,19,22-23,31,39H,15,17-18,20-21H2,1-4H3,(H,35,40)/t22-,23-,31+/m0/s1",13528,C[C@@H](CO)N1C[C@H](C)[C@@H](CN(C)Cc2ccncc2)Oc3ccc(NC(=O)Cc4cn(C)c5ccccc45)cc3C1=O,NA
Input,SGX-523,0.27963423,InputSig,NA,NA,LINCSCP_134246,MCF7,0.04uM,24h,breast,Hepatocyte growth factor receptor inhibitor,MET,BCZUAADEACICHN-UHFFFAOYSA-N,"InChI=1S/C18H13N7S/c1-24-11-13(10-20-24)16-6-7-17-21-22-18(25(17)23-16)26-14-4-5-15-12(9-14)3-2-8-19-15/h2-11H,1H3",35286,Cn1cc(cn1)c2ccc3nnc(Sc4ccc5ncccc5c4)n3n2,1
Input,179324-69-7,0.27934787,InputSig,NA,NA,LINCSCP_75779,A375,20uM,24h,skin,NFkB pathway inhibitor|Proteasome inhibitor,ADRM1|PSMA1|PSMA2|PSMA3|PSMA4|PSMA5|PSMA6|PSMA7|PSMA8|PSMB1|PSMB10|PSMB11|PSMB2|PSMB3|PSMB4|PSMB5|PSMB6|PSMB7|PSMB8|PSMB9|PSMC1|PSMC2|PSMC3|PSMC4|PSMC5|PSMC6|PSMD1|PSMD11|PSMD12|PSMD13|PSMD14|PSMD2|PSMD3|PSMD4|PSMD6|PSMD7|PSMD8|SEM1,NA,NA,NA,NA,NA
Input,SMR000046567,0.279285,InputSig,NA,NA,LINCSCP_31095,MCF7,10uM,6h,breast,NA,NA,WEAXENWHNHWGBP-UHFFFAOYSA-N,"InChI=1S/C18H23N5OS/c1-11-10-12(2)23(22-11)18-20-16(19-8-5-9-24)15-13-6-3-4-7-14(13)25-17(15)21-18/h10,24H,3-9H2,1-2H3,(H,19,20,21)",1242,Cc1cc(C)n(n1)c2nc(NCCCO)c3c4CCCCc4sc3n2,NA
Input,TL_HRAS26,0.2784879,InputSig,NA,NA,LINCSCP_41833,NOMO1,10uM,6h,haematopoietic and lymphoid tissue,NA,NA,VIBHJPDPEVVDTB-UHFFFAOYSA-N,"InChI=1S/C22H20Cl2N4O4/c1-14-20(28(30)31)19(25-32-14)22(29)27-12-10-26(11-13-27)21(15-2-6-17(23)7-3-15)16-4-8-18(24)9-5-16/h2-9,21H,10-13H2,1H3",15370,Cc1onc(C(=O)N2CCN(CC2)C(c3ccc(Cl)cc3)c4ccc(Cl)cc4)c1[N+](=O)[O-],NA
Input,ASC-J9,0.27834939,InputSig,NA,NA,LINCSCP_71349,A375,10uM,24h,skin,NA,NA,HMJSBVCDPKODEX-NXZHAISVSA-N,"InChI=1S/C23H24O6/c1-26-20-11-7-16(13-22(20)28-3)5-9-18(24)15-19(25)10-6-17-8-12-21(27-2)23(14-17)29-4/h5-14H,15H2,1-4H3/b9-5+,10-6+",26842,COc1ccc(\C=C\C(=O)CC(=O)\C=C\c2ccc(OC)c(OC)c2)cc1OC,NA
Input,Albendazole,0.27827086,InputSig,NA,NA,LINCSCP_79917,A375,3.33uM,24h,skin,Tubulin inhibitor,NA,HXHWSAZORRCQMX-UHFFFAOYSA-N,"InChI=1S/C12H15N3O2S/c1-3-6-18-8-4-5-9-10(7-8)14-11(13-9)15-12(16)17-2/h4-5,7H,3,6H2,1-2H3,(H2,13,14,15,16)",15946,CCCSc1ccc2[nH]c(NC(=O)OC)nc2c1,4
Input,Nilotinib,0.27792915,InputSig,NA,NA,LINCSCP_96533,HA1E,0.04uM,24h,kidney epithelial,Abl kinase inhibitor|Bcr-Abl kinase inhibitor,ABL1|BCR|KIT,HHZIURLSWUIHRB-UHFFFAOYSA-N,"InChI=1S/C28H22F3N7O/c1-17-5-6-19(10-25(17)37-27-33-9-7-24(36-27)20-4-3-8-32-14-20)26(39)35-22-11-21(28(29,30)31)12-23(13-22)38-15-18(2)34-16-38/h3-16H,1-2H3,(H,35,39)(H,33,36,37)",15132,Cc1cn(cn1)c2cc(NC(=O)c3ccc(C)c(Nc4nccc(n4)c5cccnc5)c3)cc(c2)C(F)(F)F,4
Input,5-Iodo-6-nitro-2-piperazinylquinoline,0.27782327,InputSig,NA,NA,LINCSCP_43329,NPC,10uM,6h,neural progenitor cells,NA,NA,IRGBJHWMPCBAGK-UHFFFAOYSA-N,"InChI=1S/C13H13IN4O2/c14-13-9-1-4-12(17-7-5-15-6-8-17)16-10(9)2-3-11(13)18(19)20/h1-4,15H,5-8H2",22041,[O-][N+](=O)c1ccc2nc(ccc2c1I)N3CCNCC3,NA
Input,Lacidipine,0.27721619,InputSig,NA,NA,LINCSCP_5691,A549,10uM,24h,lung,Calcium channel blocker,CACNA1C,BGYJFSXPRMOZJK-CCEZHUSRSA-N,"InChI=1S/C26H33NO6/c1-8-31-24(29)21-16(3)27-17(4)22(25(30)32-9-2)23(21)19-13-11-10-12-18(19)14-15-20(28)33-26(5,6)7/h10-15,21,23H,8-9H2,1-7H3/b15-14+",1593,CCOC(=O)C1C(C(=C(C)N=C1C)C(=O)OCC)c2ccccc2\C=C\C(=O)OC(C)(C)C,NA
Input,Lacidipine,0.27721619,InputSig,NA,NA,LINCSCP_5691,A549,10uM,24h,lung,Calcium channel blocker,CACNA1C,GKQPCPXONLDCMU-CCEZHUSRSA-N,"InChI=1S/C26H33NO6/c1-8-31-24(29)21-16(3)27-17(4)22(25(30)32-9-2)23(21)19-13-11-10-12-18(19)14-15-20(28)33-26(5,6)7/h10-15,23,27H,8-9H2,1-7H3/b15-14+",27211,CCOC(=O)C1=C(C)NC(=C(C1c2ccccc2\C=C\C(=O)OC(C)(C)C)C(=O)OCC)C,4
Input,Gemifloxacin,0.27713996,InputSig,NA,NA,LINCSCP_105613,HELA,0.12uM,24h,large intestine,DNA gyrase inhibitor|Topoisomerase IV inhibitor,NA,ZRCVYEYHRGVLOC-HYARGMPZSA-N,"InChI=1S/C18H20FN5O4/c1-28-22-14-8-23(6-9(14)5-20)17-13(19)4-11-15(25)12(18(26)27)7-24(10-2-3-10)16(11)21-17/h4,7,9-10H,2-3,5-6,8,20H2,1H3,(H,26,27)/b22-14+",40368,CON=C1CN(CC1CN)c2nc3N(C=C(C(=O)O)C(=O)c3cc2F)C4CC4,4
Input,testosterone,0.27684324,InputSig,NA,NA,LINCSCP_143009,MCF7,10uM,24h,breast,Androgen Receptor agonist,AR,NA,NA,NA,NA,NA
Input,CHEMBL2355890,0.27644519,InputSig,NA,NA,LINCSCP_50289,PHH,10uM,24h,NA,NA,NA,AXBJPSYRCLUHNL-QNBZCSHPSA-N,"InChI=1S/C32H38N2O5S/c1-23-19-34(24(2)22-35)40(37,38)32-17-14-26(11-10-25(3)36)18-30(32)39-31(23)21-33(4)20-27-12-15-29(16-13-27)28-8-6-5-7-9-28/h5-9,12-18,23-25,31,35-36H,19-22H2,1-4H3/t23-,24-,25-,31+/m0/s1",16633,C[C@H](O)C#Cc1ccc2c(O[C@H](CN(C)Cc3ccc(cc3)c4ccccc4)[C@@H](C)CN([C@@H](C)CO)S2(=O)=O)c1,NA
Input,Withaferin A,0.27641347,InputSig,NA,NA,LINCSCP_301315,VCAP,10uM,24h,prostate,IKK inhibitor,IKBKB|NAMPT,DBRXOUCRJQVYJQ-CKNDUULBSA-N,"InChI=1S/C28H38O6/c1-14-11-21(33-25(32)17(14)13-29)15(2)18-5-6-19-16-12-24-28(34-24)23(31)8-7-22(30)27(28,4)20(16)9-10-26(18,19)3/h7-8,15-16,18-21,23-24,29,31H,5-6,9-13H2,1-4H3/t15-,16-,18+,19-,20-,21+,23-,24+,26+,27-,28+/m0/s1",16606,C[C@H]([C@H]1CC(=C(CO)C(=O)O1)C)[C@H]2CC[C@H]3[C@@H]4C[C@H]5O[C@]56[C@@H](O)C=CC(=O)[C@]6(C)[C@H]4CC[C@]23C,NA
Input,TAK-242,0.27576675,InputSig,NA,NA,LINCSCP_158096,PC3,0.04uM,24h,prostate,NA,NA,LEEIJTHMHDMWLJ-CQSZACIVSA-N,"InChI=1S/C15H17ClFNO4S/c1-2-22-15(19)11-5-3-4-6-14(11)23(20,21)18-13-8-7-10(17)9-12(13)16/h5,7-9,14,18H,2-4,6H2,1H3/t14-/m1/s1",27134,CCOC(=O)C1=CCCC[C@H]1S(=O)(=O)Nc2ccc(F)cc2Cl,NA
Input,BGT-226,0.27570803,InputSig,NA,NA,LINCSCP_128617,HUVEC,0.12uM,24h,umbilical vein,PI3-kinase class I inhibitor|Serine/threonine-protein kinase mTOR inhibitor,MTOR|PIK3CA|PIK3CB|PIK3CD|PIK3CG|PIK3R1|PIK3R2|PIK3R3|PIK3R5,BMMXYEBLEBULND-UHFFFAOYSA-N,"InChI=1S/C28H25F3N6O2/c1-35-24-16-33-22-6-3-17(18-4-8-25(39-2)34-15-18)13-20(22)26(24)37(27(35)38)19-5-7-23(21(14-19)28(29,30)31)36-11-9-32-10-12-36/h3-8,13-16,32H,9-12H2,1-2H3",36775,COc1ccc(cn1)c2ccc3ncc4N(C)C(=O)N(c5ccc(N6CCNCC6)c(c5)C(F)(F)F)c4c3c2,2
Input,SCHEMBL15444220,0.27559248,InputSig,NA,NA,LINCSCP_10944,ASC,10uM,24h,adipose,NA,NA,RTMCABLCJUSQFP-QUMQEAAQSA-N,"InChI=1S/C37H43N3O10/c1-38(18-20-49-36-28(45-2)22-26(23-29(36)46-3)12-14-34(43)39-16-8-6-10-32(39)41)19-21-50-37-30(47-4)24-27(25-31(37)48-5)13-15-35(44)40-17-9-7-11-33(40)42/h6-7,10-15,22-25H,8-9,16-21H2,1-5H3/b14-12+,15-13+",13567,COc1cc(\C=C\C(=O)N2CCC=CC2=O)cc(OC)c1OCCN(C)CCOc3c(OC)cc(\C=C\C(=O)N4CCC=CC4=O)cc3OC,NA
Input,STK178014,0.27539665,InputSig,NA,NA,LINCSCP_15435,HA1E,50uM,24h,kidney epithelial,NA,NA,PMGRYRIPEBUYKR-NTEUORMPSA-N,"InChI=1S/C18H15N3O3S2/c1-10(2)21-16(22)14(25-18(21)23)9-11-7-8-15(24-11)26-17-19-12-5-3-4-6-13(12)20-17/h3-10H,1-2H3,(H,19,20)/b14-9+",17662,CC(C)N1C(=O)S\C(=C\c2oc(Sc3nc4ccccc4[nH]3)cc2)\C1=O,NA
Input,BRD-K80400482,0.27531625,InputSig,NA,NA,LINCSCP_41123,NEU,10uM,24h,NA,NA,NA,BSUDBHASFVKNIG-SLFFLAALSA-N,"InChI=1S/C21H27N3O2/c1-2-12-23-21(26)24-18(13-22)20(19(24)14-25)17-10-8-16(9-11-17)15-6-4-3-5-7-15/h6,8-11,18-20,25H,2-5,7,12,14H2,1H3,(H,23,26)/t18-,19-,20+/m0/s1",2495,CCCNC(=O)N1[C@@H](CO)[C@@H]([C@@H]1C#N)c2ccc(cc2)C3=CCCCC3,NA
Input,BRD-K74316684,0.27516613,InputSig,NA,NA,LINCSCP_3729,A375,10uM,24h,skin,NA,NA,OBYQZMKDECEVCN-XPWALMASSA-N,"InChI=1S/C24H29N3O2/c1-2-27(24(29)20-8-5-13-25-14-20)15-21-23(22(16-28)26-21)19-11-9-18(10-12-19)17-6-3-4-7-17/h5-6,8-14,21-23,26,28H,2-4,7,15-16H2,1H3/t21-,22+,23-/m1/s1",13466,CCN(C[C@H]1N[C@@H](CO)[C@@H]1c2ccc(cc2)C3=CCCC3)C(=O)c4cccnc4,NA
Input,Adarotene,0.27489919,InputSig,NA,NA,LINCSCP_105088,HELA,10uM,24h,large intestine,NA,NA,QAWBIEIZDDIEMW-FPYGCLRLSA-N,"InChI=1S/C25H26O3/c26-23-7-6-21(20-4-1-16(2-5-20)3-8-24(27)28)12-22(23)25-13-17-9-18(14-25)11-19(10-17)15-25/h1-8,12,17-19,26H,9-11,13-15H2,(H,27,28)/b8-3+",27063,OC(=O)\C=C\c1ccc(cc1)c2ccc(O)c(c2)C34CC5CC(CC(C5)C3)C4,NA
Input,Meclizine,0.27464162,InputSig,NA,NA,LINCSCP_242184,MCF7,10uM,6h,breast,Constitutive androstane receptor (CAR) agonist,HRH1|NR1I3,OCJYIGYOJCODJL-UHFFFAOYSA-N,"InChI=1S/C25H27ClN2/c1-20-6-5-7-21(18-20)19-27-14-16-28(17-15-27)25(22-8-3-2-4-9-22)23-10-12-24(26)13-11-23/h2-13,18,25H,14-17,19H2,1H3",26118,Cc1cccc(CN2CCN(CC2)C(c3ccccc3)c4ccc(Cl)cc4)c1,4
Input,MLS002276522,0.27427319,InputSig,NA,NA,LINCSCP_31084,MCF7,10uM,6h,breast,NA,NA,VIEXGJORTCLTSL-UHFFFAOYSA-N,"InChI=1S/C16H10BrF2N3OS/c1-21-12-5-13(17)24-15(12)10-6-20-22(16(23)14(10)21)7-8-2-3-9(18)4-11(8)19/h2-6H,7H2,1H3",15889,Cn1c2C(=O)N(Cc3ccc(F)cc3F)N=Cc2c4sc(Br)cc14,NA
Input,Acivicin,0.27420112,InputSig,NA,NA,LINCSCP_121260,HT29,3.73uM,24h,large intestine,NA,NA,QAWIHIJWNYOLBE-ZAFYKAAXSA-N,"InChI=1S/C5H7ClN2O3/c6-3-1-2(11-8-3)4(7)5(9)10/h2,4H,1,7H2,(H,9,10)/t2-,4+/m0/s1",26783,N[C@H]([C@@H]1CC(=NO1)Cl)C(=O)O,NA
Input,cortisone-acetate,0.27418158,InputSig,NA,NA,LINCSCP_79731,A375,0.04uM,24h,skin,Tubulin inhibitor,TUBA1A|TUBA1B|TUBA1C|TUBA3E|TUBA4A|TUBB|TUBB1|TUBB2A|TUBB2B|TUBB3|TUBB4A|TUBB4B|TUBB6|TUBB8,NA,NA,NA,NA,NA
Input,"N-(4-{[(1z)-8-Ethoxy-4,4-dimethyl-4,5-dihydro-1H-[1,2]dithiolo[3,4-c]quinolin-1-ylidene]amino}phenyl)acetamide",0.27413532,InputSig,NA,NA,LINCSCP_50367,PHH,10uM,24h,NA,NA,NA,UYNPWJSSBBHQHC-FLFQWRMESA-N,"InChI=1S/C22H23N3O2S2/c1-5-27-16-10-11-18-17(12-16)19-20(22(3,4)25-18)28-29-21(19)24-15-8-6-14(7-9-15)23-13(2)26/h6-12,25H,5H2,1-4H3,(H,23,26)/b24-21-",1060,CCOc1ccc2NC(C)(C)C3=C(\C(=N\c4ccc(NC(=O)C)cc4)\SS3)c2c1,NA
Input,BRD-K76582515,0.27409581,InputSig,NA,NA,LINCSCP_60422,VCAP,5uM,24h,prostate,NA,NA,PPFWZCPDKUHMOP-SNIVGNPDSA-N,"InChI=1S/C30H36N2O4S/c1-23-19-32(24(2)22-33)37(34,35)30-17-16-26(15-14-25-10-6-4-7-11-25)18-28(30)36-29(23)21-31(3)20-27-12-8-5-9-13-27/h4-18,23-24,29,33H,19-22H2,1-3H3/b15-14+/t23-,24-,29-/m1/s1",5430,C[C@H](CO)N1C[C@@H](C)[C@@H](CN(C)Cc2ccccc2)Oc3cc(\C=C\c4ccccc4)ccc3S1(=O)=O,NA
Input,BRD-K76150323,0.27400602,InputSig,NA,NA,LINCSCP_186824,A375,10uM,24h,skin,NA,NA,DQZQMUYWPNMKBM-AUSJPIAWSA-N,"InChI=1S/C22H33N3O4/c1-14-11-25(15(2)13-26)21(27)10-17-9-18(23-22(28)16-5-6-16)7-8-19(17)29-20(14)12-24(3)4/h7-9,14-16,20,26H,5-6,10-13H2,1-4H3,(H,23,28)/t14-,15-,20+/m0/s1",33626,C[C@@H](CO)N1C[C@H](C)[C@@H](CN(C)C)Oc2ccc(NC(=O)C3CC3)cc2CC1=O,NA
Input,ZINC01069258,0.27388372,InputSig,NA,NA,LINCSCP_10812,ASC,10uM,24h,adipose,NA,NA,BSXOMXZEQWAYJE-UHFFFAOYSA-N,"InChI=1S/C18H13ClN4OS/c1-23-14-5-3-2-4-13(14)16-17(23)20-18(22-21-16)25-10-15(24)11-6-8-12(19)9-7-11/h2-9H,10H2,1H3",1439,Cn1c2ccccc2c3nnc(SCC(=O)c4ccc(Cl)cc4)nc13,NA
Input,ST070518,0.27383083,InputSig,NA,NA,LINCSCP_28867,HUH7,3uM,24h,liver,NA,NA,LMUYWIWNNMDOGM-UHFFFAOYSA-N,"InChI=1S/C19H27N3O2/c1-6-24-19(23)16-12-21-17-14(3)13(2)8-9-15(17)18(16)20-10-7-11-22(4)5/h8-9,12H,6-7,10-11H2,1-5H3,(H,20,21)",19434,CCOC(=O)c1cnc2c(C)c(C)ccc2c1NCCCN(C)C,NA
Input,Narciclasine,0.27361845,InputSig,NA,NA,LINCSCP_36363,MCF7,0.1uM,6h,breast,Coflilin signaling pathway activator|LIM kinase activator|Rho associated kinase activator,RHOA,LZAZURSABQIKGB-AEKGRLRDSA-N,"InChI=1S/C14H13NO7/c16-6-1-5-4-2-7-13(22-3-21-7)11(18)8(4)14(20)15-9(5)12(19)10(6)17/h1-2,6,9-10,12,16-19H,3H2,(H,15,20)/t6-,9+,10+,12-/m0/s1",36322,O[C@H]1C=C2[C@@H](NC(=O)c3c(O)c4OCOc4cc23)[C@H](O)[C@@H]1O,NA
Input,Mexiletine,0.27334358,InputSig,NA,NA,LINCSCP_44505,PC3,10uM,24h,prostate,Sodium channel blocker,SCN10A|SCN11A|SCN1A|SCN2A|SCN3A|SCN4A|SCN5A|SCN7A|SCN8A|SCN9A,VLPIATFUUWWMKC-UHFFFAOYSA-N,"InChI=1S/C11H17NO/c1-8-5-4-6-9(2)11(8)13-7-10(3)12/h4-6,10H,7,12H2,1-3H3",29119,CC(N)COc1c(C)cccc1C,4
Input,Curcumin,0.27325459,InputSig,NA,NA,LINCSCP_38630,MCF7,33.33uM,24h,breast,Cyclooxygenase inhibitor|Histone acetyltransferase inhibitor|Lipoxygenase inhibitor|NFkB pathway inhibitor,PTGS1|PTGS2,VFLDPWHFBUODDF-FCXRPNKRSA-N,"InChI=1S/C21H20O6/c1-26-20-11-14(5-9-18(20)24)3-7-16(22)13-17(23)8-4-15-6-10-19(25)21(12-15)27-2/h3-12,24-25H,13H2,1-2H3/b7-3+,8-4+",37495,COc1cc(\C=C\C(=O)CC(=O)\C=C\c2ccc(O)c(OC)c2)ccc1O,NA
Input,Lonidamine,0.27320844,InputSig,NA,NA,LINCSCP_12862,DV90,100uM,6h,lung,Glucokinase inhibitor,NA,WDRYRZXSPDWGEB-UHFFFAOYSA-N,"InChI=1S/C15H10Cl2N2O2/c16-10-6-5-9(12(17)7-10)8-19-13-4-2-1-3-11(13)14(18-19)15(20)21/h1-7H,8H2,(H,20,21)",36698,OC(=O)c1nn(Cc2ccc(Cl)cc2Cl)c3ccccc13,3
Input,Adapalene,0.27297471,InputSig,NA,NA,LINCSCP_92488,HA1E,3.33uM,24h,kidney epithelial,Retinoid receptor agonist,RARA|RARB|RARG,LZCDAPDGXCYOEH-UHFFFAOYSA-N,"InChI=1S/C28H28O3/c1-31-26-7-6-23(21-2-3-22-12-24(27(29)30)5-4-20(22)11-21)13-25(26)28-14-17-8-18(15-28)10-19(9-17)16-28/h2-7,11-13,17-19H,8-10,14-16H2,1H3,(H,29,30)",19472,COc1ccc(cc1C23CC4CC(CC(C4)C2)C3)c5ccc6cc(ccc6c5)C(=O)O,4
Input,Ruxolitinib,0.27283938,InputSig,NA,NA,LINCSCP_115404,HS578T,10uM,3h,breast,JAK inhibitor,JAK1|JAK2|TYK2,HFNKQEVNSGCOJV-OAHLLOKOSA-N,"InChI=1S/C17H18N6/c18-7-5-15(12-3-1-2-4-12)23-10-13(9-22-23)16-14-6-8-19-17(14)21-11-20-16/h6,8-12,15H,1-5H2,(H,19,20,21)/t15-/m1/s1",17534,N#CC[C@H](C1CCCC1)n2cc(cn2)c3ncnc4[nH]ccc34,4
Input,Licochalcone A,0.27278885,InputSig,NA,NA,LINCSCP_89387,HA1E,10uM,24h,kidney epithelial,NA,NA,KAZSKMJFUPEHHW-UHFFFAOYSA-N,"InChI=1S/C21H22O4/c1-5-21(2,3)17-12-15(20(25-4)13-19(17)24)8-11-18(23)14-6-9-16(22)10-7-14/h5-13,22,24H,1H2,2-4H3",27210,COc1cc(O)c(cc1C=CC(=O)c2ccc(O)cc2)C(C)(C)C=C,NA
Input,Dipraglurant,0.27276233,InputSig,NA,NA,LINCSCP_159006,PC3,0.37uM,24h,prostate,Metabotropic glutamate receptor 5 modulator,GRM5,LZXMUJCJAWVHPZ-UHFFFAOYSA-N,"InChI=1S/C16H12FN3/c17-13-8-9-16-19-15(12-20(16)11-13)7-2-1-5-14-6-3-4-10-18-14/h3-4,6,8-12H,2,7H2",27108,Fc1ccc2nc(CCC#Cc3ccccn3)cn2c1,2
Input,BRD-K65300017,0.2725719,InputSig,NA,NA,LINCSCP_61636,VCAP,5uM,24h,prostate,NA,NA,LJWHPXFZVGGEPZ-FSGGQHMVSA-N,"InChI=1S/C33H39N3O5S/c1-23-18-36(24(2)20-37)33(38)32-31(28-16-10-11-17-29(28)35(32)4)27-15-9-8-14-26(27)21-41-30(23)19-34(3)42(39,40)22-25-12-6-5-7-13-25/h5-17,23-24,30,37H,18-22H2,1-4H3/t23-,24+,30-/m1/s1",24908,C[C@@H](CO)N1C[C@@H](C)[C@@H](CN(C)S(=O)(=O)Cc2ccccc2)OCc3ccccc3c4c(C1=O)n(C)c5ccccc45,NA
Input,GSK-1904529A,0.27236677,InputSig,NA,NA,LINCSCP_29961,MCF10A,10uM,6h,breast epithelial,IGF-1 inhibitor|Insulin growth factor receptor inhibitor|Insulin receptor ligand,IGF1R|INSR,MOSKATHMXWSZTQ-UHFFFAOYSA-N,"InChI=1S/C44H47F2N9O5S/c1-5-28-26-35(38(60-3)27-36(28)53-19-15-30(16-20-53)52-21-23-54(24-22-52)61(4,57)58)49-44-47-17-14-34(48-44)42-40(50-39-11-6-7-18-55(39)42)29-12-13-37(59-2)31(25-29)43(56)51-41-32(45)9-8-10-33(41)46/h6-14,17-18,25-27,30H,5,15-16,19-24H2,1-4H3,(H,51,56)(H,47,48,49)",25590,CCc1cc(Nc2nccc(n2)c3c(nc4ccccn34)c5ccc(OC)c(c5)C(=O)Nc6c(F)cccc6F)c(OC)cc1N7CCC(CC7)N8CCN(CC8)S(=O)(=O)C,NA
Input,AS-605240,0.27211582,InputSig,NA,NA,LINCSCP_81678,A549,0.37uM,24h,lung,PI3K inhibitor,PIK3CG,SQWZFLMPDUSYGV-UXBLZVDNSA-N,"InChI=1S/C12H7N3O2S/c16-11-10(18-12(17)15-11)6-7-1-2-8-9(5-7)14-4-3-13-8/h1-6H,(H,15,16,17)/b10-6+",22116,O=C1NC(=O)\C(=C/c2ccc3nccnc3c2)\S1,NA
Input,Tolvaptan,0.27201317,InputSig,NA,NA,LINCSCP_142398,MCF7,3.33uM,24h,breast,Vasopressin V2 receptor antagonist,AVPR2,GYHCTFXIZSNGJT-UHFFFAOYSA-N,"InChI=1S/C26H25ClN2O3/c1-16-6-3-4-7-20(16)25(31)28-19-10-11-21(17(2)14-19)26(32)29-13-5-8-24(30)22-15-18(27)9-12-23(22)29/h3-4,6-7,9-12,14-15,24,30H,5,8,13H2,1-2H3,(H,28,31)",27037,Cc1ccccc1C(=O)Nc2ccc(C(=O)N3CCCC(O)c4cc(Cl)ccc34)c(C)c2,4
Input,MW-SHH-61,0.27168807,InputSig,NA,NA,LINCSCP_9930,A549,0.5uM,6h,lung,NA,NA,RGHAJILHAYNMQS-IZMBPXMOSA-N,"InChI=1S/C22H27ClN2O4/c23-18-10-8-16(9-11-18)14-24-20(26)13-17-5-2-1-3-7-21(27)29-15-19-6-4-12-25(19)22(17)28/h1-2,8-11,17,19H,3-7,12-15H2,(H,24,26)/b2-1+/t17-,19+/m0/s1",5588,Clc1ccc(CNC(=O)C[C@@H]2C\C=C\CCC(=O)OC[C@H]3CCCN3C2=O)cc1,NA
Input,SCHEMBL570779,0.27157869,InputSig,NA,NA,LINCSCP_163264,SKBR3,0.04uM,3h,breast,PI3K inhibitor,NA,NCUAOBDESQDAII-UHFFFAOYSA-N,"InChI=1S/C21H16N6O2S2/c1-13-9-11-14(12-10-13)31(28,29)27-21-20(22-15-5-2-3-6-16(15)23-21)24-17-7-4-8-18-19(17)26-30-25-18/h2-12H,1H3,(H,22,24)(H,23,27)",22135,Cc1ccc(cc1)S(=O)(=O)Nc2nc3ccccc3nc2Nc4cccc5nsnc45,NA
Input,CCT036477,0.27129822,InputSig,NA,NA,LINCSCP_43534,NPC,10uM,6h,neural progenitor cells,NA,NA,IFOHRIXRQPOHQZ-UHFFFAOYSA-N,"InChI=1S/C21H18ClN3/c1-14-20(17-6-2-3-7-18(17)24-14)21(15-9-11-16(22)12-10-15)25-19-8-4-5-13-23-19/h2-13,21,24H,1H3,(H,23,25)",31637,Cc1[nH]c2ccccc2c1C(Nc3ccccn3)c4ccc(Cl)cc4,NA
Input,Dacarbazine,0.27123716,InputSig,NA,NA,LINCSCP_47634,PC3,10uM,24h,prostate,DNA alkylating agent,NA,FDKXTQMXEQVLRF-UHFFFAOYSA-N,"InChI=1S/C6H10N6O/c1-12(2)11-10-6-4(5(7)13)8-3-9-6/h3H,1-2H3,(H2,7,13)(H,8,9)",36017,CN(C)N=Nc1[nH]cnc1C(=O)N,4
Input,GSK-3 Inhibitor IX,0.27110533,InputSig,NA,NA,LINCSCP_132588,MCF7,3.33uM,24h,breast,NA,NA,DDLZLOKCJHBUHD-PHQNPPNDSA-N,"InChI=1S/C16H10BrN3O2/c17-8-5-6-9-12(7-8)19-16(21)13(9)15-14(20-22)10-3-1-2-4-11(10)18-15/h1-7,18,22H,(H,19,21)/b15-13-,20-14?",6133,Oc1[nH]c2cc(Br)ccc2c1c3[nH]c4ccccc4c3N=O,NA
Input,STK177393,0.27068334,InputSig,NA,NA,LINCSCP_28702,HUH7,3uM,24h,liver,NA,NA,FRIIXXSFULMALB-UHFFFAOYSA-N,"InChI=1S/C19H30N2O2S/c22-24(23,19-10-4-1-5-11-19)17-18(21-14-8-3-9-15-21)16-20-12-6-2-7-13-20/h1,4-5,10-11,18H,2-3,6-9,12-17H2",19439,O=S(=O)(CC(CN1CCCCC1)N2CCCCC2)c3ccccc3,NA
Input,BRD-K28065812,0.27035426,InputSig,NA,NA,LINCSCP_298043,VCAP,5uM,6h,prostate,NA,NA,XXZIILLLBOPLBY-XWQURZDVSA-N,"InChI=1S/C26H32N4O5/c1-17-14-30(18(2)16-31)26(34)22-11-21(6-5-19(3)32)13-28-25(22)35-23(17)15-29(4)24(33)12-20-7-9-27-10-8-20/h7-11,13,17-19,23,31-32H,12,14-16H2,1-4H3/t17-,18-,19+,23-/m0/s1",22559,C[C@@H](O)C#Cc1cnc2O[C@@H](CN(C)C(=O)Cc3ccncc3)[C@@H](C)CN([C@@H](C)CO)C(=O)c2c1,NA
Input,133040-77-4,0.27031056999999997,InputSig,NA,NA,LINCSCP_33748,MCF7,10uM,6h,breast,CCK receptor antagonist,CCKBR,KUECXUACQOYKNB-UHFFFAOYSA-N,"InChI=1S/C27H24BrN3O2/c1-17(2)33-21-7-5-6-20(15-21)31-26(30-25-9-4-3-8-22(25)27(31)32)13-10-18-16-29-24-12-11-19(28)14-23(18)24/h3-9,11-12,14-17,29H,10,13H2,1-2H3",15553,CC(C)Oc1cccc(c1)N2C(=Nc3ccccc3C2=O)CCc4c[nH]c5ccc(Br)cc45,NA
Input,Decitabine,0.27015076,InputSig,NA,NA,LINCSCP_125500,HT29,10uM,24h,large intestine,DNA methyltransferase inhibitor,DNMT1|DNMT3A,XAUDJQYHKZQPEU-KVQBGUIXSA-N,"InChI=1S/C8H12N4O4/c9-7-10-3-12(8(15)11-7)6-1-4(14)5(2-13)16-6/h3-6,13-14H,1-2H2,(H2,9,11,15)/t4-,5+,6+/m0/s1",36564,NC1=NC(=O)N(C=N1)[C@H]2C[C@H](O)[C@@H](CO)O2,4
Input,Broad-Sai-443,0.26994193,InputSig,NA,NA,LINCSCP_49220,PC3,0.5uM,24h,prostate,NA,NA,NA,NA,NA,NA,NA
Input,SU-11652,0.26989496,InputSig,NA,NA,LINCSCP_51173,RMUGS,10uM,6h,ovary,Tyrosine kinase inhibitor,KDR|PDGFRB,XPLJEFSRINKZLC-ATVHPVEESA-N,"InChI=1S/C22H27ClN4O2/c1-5-27(6-2)10-9-24-22(29)20-13(3)19(25-14(20)4)12-17-16-11-15(23)7-8-18(16)26-21(17)28/h7-8,11-12,25H,5-6,9-10H2,1-4H3,(H,24,29)(H,26,28)/b17-12-",17659,CCN(CC)CCNC(=O)c1c(C)[nH]c(\C=C\2/C(=O)Nc3ccc(Cl)cc23)c1C,NA
Input,Avrainvillamide Analog 3,0.26980866,InputSig,NA,NA,LINCSCP_17326,HA1E,10uM,24h,kidney epithelial,Nucleophosmin inhibitor,NA,UZVYVYWYDBONHR-SSKFGXFMSA-N,"InChI=1S/C22H21N3O5/c1-20(2)16-9-21-4-3-5-24(21)19(27)22(16,23-18(21)26)8-12-11-6-14-15(30-10-29-14)7-13(11)25(28)17(12)20/h6-8,16H,3-5,9-10H2,1-2H3,(H,23,26)/t16-,21-,22-/m0/s1",26556,CC1(C)[C@@H]2C[C@]34CCCN3C(=O)[C@]2(NC4=O)C=C5C1=[N+]([O-])c6cc7OCOc7cc56,NA
Input,Arctigenin,0.26971406,InputSig,NA,NA,LINCSCP_11301,ASC,10uM,24h,adipose,MEK inhibitor,CHUK|MAP2K1,NQWVSMVXKMHKTF-JKSUJKDBSA-N,"InChI=1S/C21H24O6/c1-24-18-7-5-13(11-20(18)26-3)8-15-12-27-21(23)16(15)9-14-4-6-17(22)19(10-14)25-2/h4-7,10-11,15-16,22H,8-9,12H2,1-3H3/t15-,16+/m0/s1",15725,COc1ccc(C[C@H]2COC(=O)[C@@H]2Cc3ccc(O)c(OC)c3)cc1OC,NA
Input,BRD-A72596465,0.26952385,InputSig,NA,NA,LINCSCP_310094,VCAP,30uM,6h,prostate,PPAR receptor antagonist,PPARA,UEPVEQWUZJXOKB-UHFFFAOYSA-N,"InChI=1S/C35H36F3N3O5/c1-4-44-34(43)39-22-29(40-23(2)20-32(42)26-12-14-28(15-13-26)35(36,37)38)21-25-10-16-30(17-11-25)45-19-18-31-24(3)46-33(41-31)27-8-6-5-7-9-27/h5-17,20,29,40H,4,18-19,21-22H2,1-3H3,(H,39,43)",22454,CCOC(=O)NCC(Cc1ccc(OCCc2nc(oc2C)c3ccccc3)cc1)NC(=CC(=O)c4ccc(cc4)C(F)(F)F)C,NA
Input,Buparlisib,0.26949414,InputSig,NA,NA,LINCSCP_51994,SKBR3,0.5uM,6h,breast,PI3K inhibitor,PIK3CA|PIK3CB|PIK3CD|PIK3CG|PIK3R1|PIK3R2|PIK3R3|PIK3R5,CWHUFRVAEUJCEF-UHFFFAOYSA-N,"InChI=1S/C18H21F3N6O2/c19-18(20,21)13-9-15(22)23-11-12(13)14-10-16(26-1-5-28-6-2-26)25-17(24-14)27-3-7-29-8-4-27/h9-11H,1-8H2,(H2,22,23)",15141,Nc1cc(c(cn1)c2cc(nc(n2)N3CCOCC3)N4CCOCC4)C(F)(F)F,3
Input,Antimycin A,0.26923263,InputSig,NA,NA,LINCSCP_10985,ASC,10uM,24h,adipose,ATP synthase inhibitor,CYCS,UIFFUZWRFRDZJC-RBVQMQRASA-N,"InChI=1S/C28H40N2O9/c1-6-7-8-9-11-20-25(39-22(32)14-16(2)3)18(5)38-28(36)23(17(4)37-27(20)35)30-26(34)19-12-10-13-21(24(19)33)29-15-31/h10,12-13,15-18,20,23,25,33H,6-9,11,14H2,1-5H3,(H,29,31)(H,30,34)/t17-,18+,20?,23+,25+/m1/s1",1482,CCCCCCC1[C@@H](OC(=O)CC(C)C)[C@H](C)OC(=O)[C@@H](NC(=O)c2cccc(NC=O)c2O)[C@@H](C)OC1=O,NA
Input,Antimycin A,0.26923263,InputSig,NA,NA,LINCSCP_10985,ASC,10uM,24h,adipose,ATP synthase inhibitor,CYCS,UIFFUZWRFRDZJC-KSVNMYRZSA-N,"InChI=1S/C28H40N2O9/c1-6-7-8-9-11-20-25(39-22(32)14-16(2)3)18(5)38-28(36)23(17(4)37-27(20)35)30-26(34)19-12-10-13-21(24(19)33)29-15-31/h10,12-13,15-18,20,23,25,33H,6-9,11,14H2,1-5H3,(H,29,31)(H,30,34)/t17-,18+,20-,23?,25+/m1/s1",214,CCCCCC[C@@H]1[C@@H](OC(=O)CC(C)C)[C@H](C)OC(=O)C(NC(=O)c2cccc(NC=O)c2O)[C@@H](C)OC1=O,NA
Input,Batimastat,0.26887749,InputSig,NA,NA,LINCSCP_71019,A375,10uM,24h,skin,NA,NA,XFILPEOLDIKJHX-QYZOEREBSA-N,"InChI=1S/C23H31N3O4S2/c1-15(2)12-17(18(22(28)26-30)14-32-20-10-7-11-31-20)21(27)25-19(23(29)24-3)13-16-8-5-4-6-9-16/h4-11,15,17-19,30H,12-14H2,1-3H3,(H,24,29)(H,25,27)(H,26,28)/t17-,18+,19+/m1/s1",36699,CNC(=O)[C@H](Cc1ccccc1)NC(=O)[C@H](CC(C)C)[C@H](CSc2cccs2)C(=O)NO,NA
Input,CI-1040,0.26864323,InputSig,NA,NA,LINCSCP_51549,SKBR3,10uM,6h,breast,MEK inhibitor,MAP2K1|MAP2K2,GFMMXOIFOQCCGU-UHFFFAOYSA-N,"InChI=1S/C17H14ClF2IN2O2/c18-12-7-10(21)3-6-14(12)22-16-11(4-5-13(19)15(16)20)17(24)23-25-8-9-1-2-9/h3-7,9,22H,1-2,8H2,(H,23,24)",35266,Fc1ccc(C(=O)NOCC2CC2)c(Nc3ccc(I)cc3Cl)c1F,2
Input,Tubastatin A,0.2684263,InputSig,NA,NA,LINCSCP_49209,PC3,3uM,24h,prostate,HDAC inhibitor,HDAC6,GOVYBPLHWIEHEJ-UHFFFAOYSA-N,"InChI=1S/C20H21N3O2/c1-22-11-10-19-17(13-22)16-4-2-3-5-18(16)23(19)12-14-6-8-15(9-7-14)20(24)21-25/h2-9,25H,10-13H2,1H3,(H,21,24)",29113,CN1CCc2c(C1)c3ccccc3n2Cc4ccc(cc4)C(=O)NO,NA
Input,ML239,0.26770961,InputSig,NA,NA,LINCSCP_15224,HA1E,10uM,24h,kidney epithelial,NA,NA,NVEDPFICKAIHKD-NGYBGAFCSA-N,"InChI=1S/C13H10Cl3N3O2/c14-8-4-10(15)13(11(16)5-8)21-7-12(20)19-18-6-9-2-1-3-17-9/h1-6,17H,7H2,(H,19,20)/b18-6+",36073,Clc1cc(Cl)c(OCC(=O)NN=Cc2ccc[nH]2)c(Cl)c1,NA
Input,Gemfibrozil,0.26767543,InputSig,NA,NA,LINCSCP_102849,HELA,10uM,24h,large intestine,Lipoprotein lipase activator,CYP2C8|LPL|PPARA,HEMJJKBWTPKOJG-UHFFFAOYSA-N,"InChI=1S/C15H22O3/c1-11-6-7-12(2)13(10-11)18-9-5-8-15(3,4)14(16)17/h6-7,10H,5,8-9H2,1-4H3,(H,16,17)",15416,Cc1ccc(C)c(OCCCC(C)(C)C(=O)O)c1,4
Input,"Triazolothiadiazine, 23",0.26750493,InputSig,NA,NA,LINCSCP_31169,MCF7,10uM,24h,breast,NA,NA,FRDKEPOOASUUFN-UHFFFAOYSA-N,"InChI=1S/C22H22N4O3S/c1-27-18-6-4-3-5-16(18)21-23-24-22-26(21)25-17(13-30-22)15-9-10-19(28-2)20(11-15)29-12-14-7-8-14/h3-6,9-11,14H,7-8,12-13H2,1-2H3",15697,COc1ccc(cc1OCC2CC2)C3=Nn4c(SC3)nnc4c5ccccc5OC,NA
Input,BRD-K43151809,0.26748144,InputSig,NA,NA,LINCSCP_27521,HT29,5uM,24h,large intestine,NA,NA,JXWMWOXWMMUZLT-ARMFNRFLSA-N,"InChI=1S/C27H36N2O6S/c1-34-22-7-10-24(11-8-22)36(32,33)28-25-12-9-23(35-26(25)19-30)18-27(31)29-15-13-21(14-16-29)17-20-5-3-2-4-6-20/h2-8,10-11,21,23,25-26,28,30H,9,12-19H2,1H3/t23-,25-,26+/m1/s1",3141,COc1ccc(cc1)S(=O)(=O)N[C@@H]2CC[C@H](CC(=O)N3CCC(Cc4ccccc4)CC3)O[C@H]2CO,NA
Input,CHEMBL585951,0.26708821,InputSig,NA,NA,LINCSCP_69549,A375,3.33uM,24h,skin,JNK inhibitor,MAPK8,AHMHIFXJPSHHPH-UHFFFAOYSA-N,"InChI=1S/C26H27FN8O2/c27-20-15-19(16-23(17-20)33-7-11-36-12-8-33)24-5-6-28-25(31-24)30-21-1-3-22(4-2-21)35-18-29-26(32-35)34-9-13-37-14-10-34/h1-6,15-18H,7-14H2,(H,28,30,31)",19429,Fc1cc(cc(c1)c2ccnc(Nc3ccc(cc3)n4cnc(n4)N5CCOCC5)n2)N6CCOCC6,NA
Input,BRD-K26822808,0.2668406,InputSig,NA,NA,LINCSCP_7802,A549,10uM,24h,lung,NA,NA,QYHFPUZBYVVXLB-HNFJUSDZSA-N,"InChI=1S/C32H44F3N3O7S/c1-22-19-38(23(2)21-39)31(41)27-18-25(36-46(42,43)26-11-6-5-7-12-26)13-14-28(27)45-24(3)10-8-9-17-44-29(22)20-37(4)30(40)15-16-32(33,34)35/h5-7,11-14,18,22-24,29,36,39H,8-10,15-17,19-21H2,1-4H3/t22-,23+,24-,29+/m0/s1",32377,C[C@H](CO)N1C[C@H](C)[C@@H](CN(C)C(=O)CCC(F)(F)F)OCCCC[C@H](C)Oc2ccc(NS(=O)(=O)c3ccccc3)cc2C1=O,NA
Input,CG-930,0.26666512,InputSig,NA,NA,LINCSCP_24611,HS578T,0.5uM,6h,breast,JNK inhibitor,MAPK8,IBGLGMOPHJQDJB-MCIONIFRSA-N,"InChI=1S/C21H23F3N6O2/c22-11-7-15(23)18(16(24)8-11)28-21-27-17-9-25-20(26-12-1-3-14(31)4-2-12)29-19(17)30(21)13-5-6-32-10-13/h7-9,12-14,31H,1-6,10H2,(H,27,28)(H,25,26,29)/t12-,13-,14+/m1/s1",1739,O[C@@H]1CC[C@@H](CC1)Nc2ncc3nc(Nc4c(F)cc(F)cc4F)n([C@@H]5CCOC5)c3n2,NA
Input,Tosedostat,0.26662511,InputSig,NA,NA,LINCSCP_143211,MCF7,0.12uM,24h,breast,Peptidase inhibitor,ANPEP|C9orf3|DNPEP|ENPEP|ERAP1|ERAP2|LAP3|LNPEP|LVRN|METAP1|METAP1D|METAP2|NPEPL1|NPEPPS|RNPEP|RNPEPL1|XPNPEP1|XPNPEP2|XPNPEP3,FWFGIHPGRQZWIW-SQNIBIBYSA-N,"InChI=1S/C21H30N2O6/c1-13(2)12-16(18(24)20(26)23-28)19(25)22-17(14-8-4-3-5-9-14)21(27)29-15-10-6-7-11-15/h3-5,8-9,13,15-18,24,28H,6-7,10-12H2,1-2H3,(H,22,25)(H,23,26)/t16-,17+,18+/m1/s1",16537,CC(C)C[C@H]([C@H](O)C(=O)NO)C(=O)N[C@H](C(=O)OC1CCCC1)c2ccccc2,2
Input,SD 169,0.26662474,InputSig,NA,NA,LINCSCP_548,A375,10uM,6h,skin,P38 MAPK inhibitor,MAPK14,GQMYQEAXTITUAE-UHFFFAOYSA-N,"InChI=1S/C9H8N2O/c10-9(12)7-1-2-8-6(5-7)3-4-11-8/h1-5,11H,(H2,10,12)",22926,NC(=O)c1ccc2[nH]ccc2c1,NA
Input,"2-(3,4-Dichlorophenyl)-2,3-dihydro-1,3-benzoxazole",0.2656462,InputSig,NA,NA,LINCSCP_28699,HUH7,3uM,24h,liver,NA,NA,FWCQRNOPBQJMHI-UHFFFAOYSA-N,"InChI=1S/C13H9Cl2NO/c14-9-6-5-8(7-10(9)15)13-16-11-3-1-2-4-12(11)17-13/h1-7,13,16H",31572,Clc1ccc(cc1Cl)C2Nc3ccccc3O2,NA
Input,BRD-K55561254,0.26557371,InputSig,NA,NA,LINCSCP_27809,HT29,5uM,24h,large intestine,NA,NA,YFRMSEXFMHDWES-JTOWHCCKSA-N,"InChI=1S/C19H26N2O6/c22-13-8-20-15-3-2-14(27-18(15)10-24-9-13)6-19(23)21-7-12-1-4-16-17(5-12)26-11-25-16/h1,4-5,13-15,18,20,22H,2-3,6-11H2,(H,21,23)/t13-,14+,15-,18+/m0/s1",24770,O[C@H]1CN[C@H]2CC[C@H](CC(=O)NCc3ccc4OCOc4c3)O[C@@H]2COC1,NA
Input,SU14813,0.26552563,InputSig,NA,NA,LINCSCP_79379,A375,10uM,24h,skin,NA,NA,CTNPALGJUAXMMC-HKJBKDEOSA-N,"InChI=1S/C23H27FN4O4/c1-13-20(10-18-17-9-15(24)3-4-19(17)27-22(18)30)26-14(2)21(13)23(31)25-11-16(29)12-28-5-7-32-8-6-28/h3-4,9-10,16,26,29H,5-8,11-12H2,1-2H3,(H,25,31)(H,27,30)/b18-10+/t16-/m0/s1",26932,Cc1[nH]c(\C=C/2\C(=O)Nc3ccc(F)cc23)c(C)c1C(=O)NC[C@H](O)CN4CCOCC4,NA
Input,Disulfiram,0.26528451,InputSig,NA,NA,LINCSCP_101952,HELA,1.11uM,24h,large intestine,Aldehyde dehydrogenase inhibitor,ALDH2,AUZONCFQVSMFAP-UHFFFAOYSA-N,"InChI=1S/C10H20N2S4/c1-5-11(6-2)9(13)15-16-10(14)12(7-3)8-4/h5-8H2,1-4H3",38758,CCN(CC)C(=S)SSC(=S)N(CC)CC,4
Input,Sulconazole,0.2646843,InputSig,NA,NA,LINCSCP_14373,HA1E,10uM,24h,kidney epithelial,Cytochrome P450 51 inhibitor,NA,AFNXATANNDIXLG-UHFFFAOYSA-N,"InChI=1S/C18H15Cl3N2S/c19-14-3-1-13(2-4-14)11-24-18(10-23-8-7-22-12-23)16-6-5-15(20)9-17(16)21/h1-9,12,18H,10-11H2",35419,Clc1ccc(CSC(Cn2ccnc2)c3ccc(Cl)cc3Cl)cc1,4
Input,RO-281675,0.26454027,InputSig,NA,NA,LINCSCP_51120,RMUGS,100uM,6h,ovary,Glucokinase activator,GCK,NEQSWPCDHDQINX-MRXNPFEDSA-N,"InChI=1S/C18H22N2O3S2/c1-25(22,23)15-8-6-14(7-9-15)16(12-13-4-2-3-5-13)17(21)20-18-19-10-11-24-18/h6-11,13,16H,2-5,12H2,1H3,(H,19,20,21)/t16-/m1/s1",36688,CS(=O)(=O)c1ccc(cc1)[C@@H](CC2CCCC2)C(=O)Nc3nccs3,NA
Input,"3,7-Bis(dimethylamino)phenothiazin-5-ium",0.26451176,InputSig,NA,NA,LINCSCP_54180,SW620,10uM,6h,large intestine,Guanylyl cyclase inhibitor|Monoamine oxidase inhibitor|Nitric oxide production inhibitor|Tau aggregation inhibitor,ACHE,RBTBFTRPCNLSDE-UHFFFAOYSA-N,"InChI=1S/C16H18N3S/c1-18(2)11-5-7-13-15(9-11)20-16-10-12(19(3)4)6-8-14(16)17-13/h5-10H,1-4H3/q+1",36258,CN(C)c1ccc2nc3ccc(cc3[s+]c2c1)N(C)C,3
Input,JNJ-38877605,0.26442137,InputSig,NA,NA,LINCSCP_51947,SKBR3,0.1uM,6h,breast,Tyrosine kinase inhibitor,MET,JRWCBEOAFGHNNU-UHFFFAOYSA-N,"InChI=1S/C19H13F2N7/c1-27-11-13(10-23-27)16-6-7-17-24-25-18(28(17)26-16)19(20,21)14-4-5-15-12(9-14)3-2-8-22-15/h2-11H,1H3",17551,Cn1cc(cn1)c2ccc3nnc(n3n2)C(F)(F)c4ccc5ncccc5c4,1
Input,ML162,0.26441501,InputSig,NA,NA,LINCSCP_12895,EFO27,10uM,6h,ovary,NA,NA,UNVKYJSNMVDZJE-UHFFFAOYSA-N,"InChI=1S/C23H22Cl2N2O3S/c1-30-19-10-9-17(14-18(19)25)27(21(28)15-24)22(20-8-5-13-31-20)23(29)26-12-11-16-6-3-2-4-7-16/h2-10,13-14,22H,11-12,15H2,1H3,(H,26,29)",35365,COc1ccc(cc1Cl)N(C(C(=O)NCCc2ccccc2)c3cccs3)C(=O)CCl,NA
Input,PF-03758309,0.26390151,InputSig,NA,NA,LINCSCP_166017,SKL,0.12uM,24h,skeletal muscle,Serine/threonine-protein kinase PAK 4 inhibitor,PAK4,AYCPARAPKDAOEN-LJQANCHMSA-N,"InChI=1S/C25H30N8OS/c1-15-26-18-11-12-35-20(18)23(27-15)29-22-17-13-33(25(2,3)21(17)30-31-22)24(34)28-19(14-32(4)5)16-9-7-6-8-10-16/h6-12,19H,13-14H2,1-5H3,(H,28,34)(H2,26,27,29,30,31)/t19-/m1/s1",16109,CN(C)C[C@@H](NC(=O)N1Cc2c(Nc3nc(C)nc4ccsc34)n[nH]c2C1(C)C)c5ccccc5,1
Input,SA-101686,0.26389018,InputSig,NA,NA,LINCSCP_37383,MCF7,0.5uM,6h,breast,NA,NA,VMFBELCAXNXFGD-OSESMHQUSA-N,"InChI=1S/C37H53N3O7/c1-25-20-40(26(2)23-41)37(43)31-19-30(38-36(42)29-11-6-5-7-12-29)14-16-32(31)47-27(3)10-8-9-17-44-35(25)22-39(4)21-28-13-15-33-34(18-28)46-24-45-33/h13-16,18-19,25-27,29,35,41H,5-12,17,20-24H2,1-4H3,(H,38,42)/t25-,26+,27+,35+/m0/s1",13704,C[C@H](CO)N1C[C@H](C)[C@@H](CN(C)Cc2ccc3OCOc3c2)OCCCC[C@@H](C)Oc4ccc(NC(=O)C5CCCCC5)cc4C1=O,NA
Input,SSR 69071,0.26373004,InputSig,NA,NA,LINCSCP_33651,MCF7,10uM,24h,breast,Leukocyte elastase inhibitor,ELANE,DRZXDZYWZSKFDL-UHFFFAOYSA-N,"InChI=1S/C27H32N4O7S/c1-18(2)20-14-19(36-3)15-22-25(20)27(33)31(39(22,34)35)17-38-23-16-24(32)30-11-7-8-21(26(30)28-23)37-13-12-29-9-5-4-6-10-29/h7-8,11,14-16,18H,4-6,9-10,12-13,17H2,1-3H3",15895,COc1cc(C(C)C)c2C(=O)N(COC3=CC(=O)N4C=CC=C(OCCN5CCCCC5)C4=N3)S(=O)(=O)c2c1,NA
Input,Lypressin,0.26372713,InputSig,NA,NA,LINCSCP_58965,VCAP,10uM,24h,prostate,Vasopressin receptor agonist,AVPR1A|AVPR1B|AVPR2,BJFIDCADFRDPIO-DZCXQCEKSA-N,"InChI=1S/C46H65N13O12S2/c47-17-5-4-9-29(40(65)52-22-38(51)63)54-45(70)35-10-6-18-59(35)46(71)34-24-73-72-23-28(48)39(64)55-31(20-26-11-13-27(60)14-12-26)43(68)56-32(19-25-7-2-1-3-8-25)42(67)53-30(15-16-36(49)61)41(66)57-33(21-37(50)62)44(69)58-34/h1-3,7-8,11-14,28-35,60H,4-6,9-10,15-24,47-48H2,(H2,49,61)(H2,50,62)(H2,51,63)(H,52,65)(H,53,67)(H,54,70)(H,55,64)(H,56,68)(H,57,66)(H,58,69)/t28-,29-,30-,31-,32-,33-,34-,35-/m0/s1",36595,NCCCC[C@H](NC(=O)[C@@H]1CCCN1C(=O)[C@@H]2CSSC[C@H](N)C(=O)N[C@@H](Cc3ccc(O)cc3)C(=O)N[C@@H](Cc4ccccc4)C(=O)N[C@@H](CCC(=O)N)C(=O)N[C@@H](CC(=O)N)C(=O)N2)C(=O)NCC(=O)N,4
Input,BAS 02002358,0.26368391,InputSig,NA,NA,LINCSCP_19675,HCC515,10uM,6h,lung,Estrogen receptor antagonist,GPER1,YOLTZIVRJAPVPH-UHFFFAOYSA-N,"InChI=1S/C19H16BrNO2/c20-15-9-18-17(22-10-23-18)8-14(15)19-13-6-3-5-11(13)12-4-1-2-7-16(12)21-19/h1-5,7-9,11,13,19,21H,6,10H2",22471,Brc1cc2OCOc2cc1C3Nc4ccccc4C5C=CCC35,NA
Input,Pifithrin MU,0.26354434,InputSig,NA,NA,LINCSCP_13100,FIBRNPC,10uM,6h,NA,HSP inhibitor,HSPA1A|TP53,ZZUZYEMRHCMVTB-UHFFFAOYSA-N,"InChI=1S/C8H7NO2S/c9-12(10,11)7-6-8-4-2-1-3-5-8/h1-5H,(H2,9,10,11)",22904,NS(=O)(=O)C#Cc1ccccc1,NA
Input,BRD-K93666423,0.26349285,InputSig,NA,NA,LINCSCP_64129,VCAP,5uM,6h,prostate,NA,NA,YVZLAXVGGRSZTP-VXSCBNMQSA-N,"InChI=1S/C25H28N4O4/c30-13-18-20-12-28-19(8-7-17(25(28)33)16-2-1-9-26-11-16)22(29(20)24(32)15-5-6-15)21(18)23(31)27-10-14-3-4-14/h1-2,7-9,11,14-15,18,20-22,30H,3-6,10,12-13H2,(H,27,31)/t18-,20-,21+,22+/m0/s1",4715,OC[C@H]1[C@@H]2CN3C(=CC=C(C3=O)c4cccnc4)[C@H]([C@@H]1C(=O)NCC5CC5)N2C(=O)C6CC6,NA
Input,MLS-0390843.0001,0.26268501,InputSig,NA,NA,LINCSCP_15765,HA1E,10uM,24h,kidney epithelial,NA,NA,SLHDNIDGJASXKC-UHFFFAOYSA-N,"InChI=1S/C20H19N3O4S/c1-3-9-23-19(14-5-4-6-15(10-14)27-2)21-22-20(23)28-12-18(26)13-7-8-16(24)17(25)11-13/h3-8,10-11,24-25H,1,9,12H2,2H3",35741,COc1cccc(c1)c2nnc(SCC(=O)c3ccc(O)c(O)c3)n2CC=C,NA
Input,Cymarin,0.26261999,InputSig,NA,NA,LINCSCP_64871,VCAP,10uM,24h,prostate,ATPase inhibitor,ATP1A1,XQCGNURMLWFQJR-LZLVDNNYSA-N,"InChI=1S/C30H44O9/c1-17-26(33)23(36-3)13-25(38-17)39-19-4-9-28(16-31)21-5-8-27(2)20(18-12-24(32)37-15-18)7-11-30(27,35)22(21)6-10-29(28,34)14-19/h12,16-17,19-23,25-26,33-35H,4-11,13-15H2,1-3H3/t17?,19-,20?,21?,22?,23?,25?,26?,27+,28-,29-,30-/m0/s1",444,COC1CC(O[C@H]2CC[C@]3(C=O)C4CC[C@]5(C)C(CC[C@]5(O)C4CC[C@]3(O)C2)C6=CC(=O)OC6)OC(C)C1O,NA
Input,Cymarin,0.26261999,InputSig,NA,NA,LINCSCP_64871,VCAP,10uM,24h,prostate,ATPase inhibitor,ATP1A1,XQCGNURMLWFQJR-ZNDDOCHDSA-N,"InChI=1S/C30H44O9/c1-17-26(33)23(36-3)13-25(38-17)39-19-4-9-28(16-31)21-5-8-27(2)20(18-12-24(32)37-15-18)7-11-30(27,35)22(21)6-10-29(28,34)14-19/h12,16-17,19-23,25-26,33-35H,4-11,13-15H2,1-3H3/t17-,19+,20-,21+,22-,23+,25+,26-,27-,28+,29+,30+/m1/s1",34260,CO[C@H]1C[C@H](O[C@H]2CC[C@]3(C=O)[C@H]4CC[C@]5(C)[C@H](CC[C@]5(O)[C@@H]4CC[C@]3(O)C2)C6=CC(=O)OC6)O[C@H](C)[C@H]1O,NA
Input,BRD-A28746609,0.26241364,InputSig,NA,NA,LINCSCP_92363,HA1E,1.11uM,24h,kidney epithelial,Tubulin inhibitor,NR1I2|TUBB,NA,NA,NA,NA,NA
Input,Tamatinib,0.26211016,InputSig,NA,NA,LINCSCP_69364,A375,1.11uM,24h,skin,SYK inhibitor,SYK,NHHQJBCNYHBUSI-UHFFFAOYSA-N,"InChI=1S/C22H23FN6O5/c1-22(2)20(30)28-19-13(34-22)6-7-16(27-19)26-18-12(23)10-24-21(29-18)25-11-8-14(31-3)17(33-5)15(9-11)32-4/h6-10H,1-5H3,(H3,24,25,26,27,28,29,30)",15123,COc1cc(Nc2ncc(F)c(Nc3ccc4OC(C)(C)C(=O)Nc4n3)n2)cc(OC)c1OC,2
Input,Tipifarnib,0.2620748,InputSig,NA,NA,LINCSCP_158580,PC3,0.37uM,24h,prostate,Farnesyltransferase inhibitor,CHURC1-FNTB|FNTA|FNTB,PLHJCIYEEKOWNM-HHHXNRCGSA-N,"InChI=1S/C27H22Cl2N4O/c1-32-16-31-15-25(32)27(30,18-6-9-20(28)10-7-18)19-8-11-24-23(13-19)22(14-26(34)33(24)2)17-4-3-5-21(29)12-17/h3-16H,30H2,1-2H3/t27-/m1/s1",16529,CN1C(=O)C=C(c2cccc(Cl)c2)c3cc(ccc13)[C@](N)(c4ccc(Cl)cc4)c5cncn5C,3
Input,Baricitinib,0.26207437,InputSig,NA,NA,LINCSCP_136868,MCF7,1.11uM,24h,breast,Tyrosine-protein kinase JAK1  inhibitor|Tyrosine-protein kinase JAK2 inhibitor,JAK1|JAK2,XUZMWHLSFXCVMG-UHFFFAOYSA-N,"InChI=1S/C16H17N7O2S/c1-2-26(24,25)22-9-16(10-22,4-5-17)23-8-12(7-21-23)14-13-3-6-18-15(13)20-11-19-14/h3,6-8,11H,2,4,9-10H2,1H3,(H,18,19,20)",22085,CCS(=O)(=O)N1CC(CC#N)(C1)n2cc(cn2)c3ncnc4[nH]ccc34,4
Input,BRD-K09110452,0.26201831,InputSig,NA,NA,LINCSCP_65401,VCAP,10uM,6h,prostate,NA,NA,LGBLGTHPXJHZTR-PWHSHALESA-N,"InChI=1S/C26H35N5O5/c1-18-14-31(19(2)17-32)26(34)22-12-21(20-4-6-27-7-5-20)13-28-25(22)36-23(18)15-29(3)24(33)16-30-8-10-35-11-9-30/h4-7,12-13,18-19,23,32H,8-11,14-17H2,1-3H3/t18-,19-,23+/m1/s1",31931,C[C@H](CO)N1C[C@@H](C)[C@H](CN(C)C(=O)CN2CCOCC2)Oc3ncc(cc3C1=O)c4ccncc4,NA
Input,BRD-K49215584,0.26190285,InputSig,NA,NA,LINCSCP_61049,VCAP,5uM,24h,prostate,NA,NA,QXYUWGLBJNPRKS-VCBZYWHSSA-N,"InChI=1S/C21H31N5O5S/c1-14-9-22-15(2)12-31-18-8-16(24-32(28,29)20-11-25(3)13-23-20)6-7-17(18)21(27)26(4)10-19(14)30-5/h6-8,11,13-15,19,22,24H,9-10,12H2,1-5H3/t14-,15+,19+/m1/s1",38231,CO[C@H]1CN(C)C(=O)c2ccc(NS(=O)(=O)c3cn(C)cn3)cc2OC[C@H](C)NC[C@H]1C,NA
Input,196868-63-0,0.26147911,InputSig,NA,NA,LINCSCP_33231,MCF7,10uM,6h,breast,IGF-1 inhibitor|Insulin growth factor receptor inhibitor,IGF1R,YBLWOZUPHDKFOT-UHFFFAOYSA-N,"InChI=1S/C18H16ClN3O2/c1-11-9-15(13-5-3-4-6-14(13)20-11)21-18(23)22-16-10-12(19)7-8-17(16)24-2/h3-10H,1-2H3,(H2,20,21,22,23)",35949,COc1ccc(Cl)cc1NC(=O)Nc2cc(C)nc3ccccc23,NA
Input,MLS003079540,0.26142797,InputSig,NA,NA,LINCSCP_57690,VCAP,10uM,6h,prostate,NA,NA,FRZOLKRUNAZTSG-UHFFFAOYSA-N,"InChI=1S/C16H9F8NO2/c17-10-2-1-3-11(18)12(10)13(26)25-9-6-4-8(5-7-9)14(27,15(19,20)21)16(22,23)24/h1-7,27H,(H,25,26)",14223,OC(c1ccc(NC(=O)c2c(F)cccc2F)cc1)(C(F)(F)F)C(F)(F)F,NA
Input,CHEMBL436817,0.26142697,InputSig,NA,NA,LINCSCP_30727,MCF7,40uM,6h,breast,Kinase inhibitor,NA,ONXROKMQGCSOMG-UHFFFAOYSA-N,"InChI=1S/C20H13Cl2FN6/c21-16-4-12(1-2-18(16)23)29-19-11(6-24)7-27-20-15(19)3-13(5-17(20)22)26-9-14-8-25-10-28-14/h1-5,7-8,10,26H,9H2,(H,25,28)(H,27,29)",16480,Fc1ccc(Nc2c(cnc3c(Cl)cc(NCc4cnc[nH]4)cc23)C#N)cc1Cl,NA
Input,Licoagrochacone A,0.26142334,InputSig,NA,NA,LINCSCP_43689,NPC,10uM,6h,neural progenitor cells,Topoisomerase inhibitor,NA,KAZSKMJFUPEHHW-DHZHZOJOSA-N,"InChI=1S/C21H22O4/c1-5-21(2,3)17-12-15(20(25-4)13-19(17)24)8-11-18(23)14-6-9-16(22)10-7-14/h5-13,22,24H,1H2,2-4H3/b11-8+",17790,COc1cc(O)c(cc1\C=C\C(=O)c2ccc(O)cc2)C(C)(C)C=C,NA
Input,MGCD-265,0.26109343,InputSig,NA,NA,LINCSCP_165178,SKL.C,0.12uM,24h,NA,VEGFR inhibitor,AXL|FLT1|FLT4|KDR|MET|MST1R|TEK,UFICVEHDQUKCEA-UHFFFAOYSA-N,"InChI=1S/C26H20FN5O2S2/c1-32-14-20(29-15-32)23-13-19-25(36-23)22(9-10-28-19)34-21-8-7-17(12-18(21)27)30-26(35)31-24(33)11-16-5-3-2-4-6-16/h2-10,12-15H,11H2,1H3,(H2,30,31,33,35)",17517,Cn1cnc(c1)c2cc3nccc(Oc4ccc(NC(=S)NC(=O)Cc5ccccc5)cc4F)c3s2,2
Input,Enzastaurin,0.26106984,InputSig,NA,NA,LINCSCP_51465,SKBR3,1uM,24h,breast,PKC inhibitor,PRKCB,AXRCEOKUDYDWLF-UHFFFAOYSA-N,"InChI=1S/C32H29N5O2/c1-35-19-25(23-9-2-4-11-27(23)35)29-30(32(39)34-31(29)38)26-20-37(28-12-5-3-10-24(26)28)22-13-16-36(17-14-22)18-21-8-6-7-15-33-21/h2-12,15,19-20,22H,13-14,16-18H2,1H3,(H,34,38,39)",25574,Cn1cc(C2=C(C(=O)NC2=O)c3cn(C4CCN(Cc5ccccn5)CC4)c6ccccc36)c7ccccc17,3
Input,GLPG0634,0.26072509,InputSig,NA,NA,LINCSCP_71528,A375,10uM,24h,skin,Tyrosine-protein kinase JAK1  inhibitor,JAK1,RIJLVEAXPNLDTC-UHFFFAOYSA-N,"InChI=1S/C21H23N5O3S/c27-20(17-8-9-17)23-21-22-19-3-1-2-18(26(19)24-21)16-6-4-15(5-7-16)14-25-10-12-30(28,29)13-11-25/h1-7,17H,8-14H2,(H,23,24,27)",27124,O=C(Nc1nc2cccc(c3ccc(CN4CCS(=O)(=O)CC4)cc3)n2n1)C5CC5,3
Input,BRD-K72462994,0.26066251,InputSig,NA,NA,LINCSCP_310173,VCAP,10uM,6h,prostate,NA,NA,NTAPJMTVDZAAND-UHFFFAOYSA-N,"InChI=1S/C17H19N3O/c21-17(14-8-10-18-11-9-14)19-15-4-6-16(7-5-15)20-12-2-1-3-13-20/h4-11H,1-3,12-13H2,(H,19,21)",26566,O=C(Nc1ccc(cc1)N2CCCCC2)c3ccncc3,NA
Input,PK-11195,0.26065227,InputSig,NA,NA,LINCSCP_30703,MCF7,100uM,6h,breast,Benzodiazepine receptor antagonist,TSPO,RAVIZVQZGXBOQO-UHFFFAOYSA-N,"InChI=1S/C21H21ClN2O/c1-4-14(2)24(3)21(25)19-13-15-9-5-6-10-16(15)20(23-19)17-11-7-8-12-18(17)22/h5-14H,4H2,1-3H3",33420,CCC(C)N(C)C(=O)c1cc2ccccc2c(n1)c3ccccc3Cl,NA
Input,MFCD00671792,0.26064924,InputSig,NA,NA,LINCSCP_7081,A549,10uM,24h,lung,Dopamine receptor agonist,DRD1,GHWJEDJMOVUXEC-CYBMUJFWSA-N,"InChI=1S/C16H16ClNO2/c17-15-11-6-7-18-9-13(10-4-2-1-3-5-10)12(11)8-14(19)16(15)20/h1-5,8,13,18-20H,6-7,9H2/t13-/m1/s1",36077,Oc1cc2[C@H](CNCCc2c(Cl)c1O)c3ccccc3,NA
Input,Ttnpb,0.26013061,InputSig,NA,NA,LINCSCP_2369,A375,10uM,6h,skin,Retinoid receptor agonist,RARB,FOIVPCKZDPCJJY-JQIJEIRASA-N,"InChI=1S/C24H28O2/c1-16(14-17-6-8-18(9-7-17)22(25)26)19-10-11-20-21(15-19)24(4,5)13-12-23(20,2)3/h6-11,14-15H,12-13H2,1-5H3,(H,25,26)/b16-14+",17567,C\C(=C/c1ccc(cc1)C(=O)O)\c2ccc3c(c2)C(C)(C)CCC3(C)C,NA
Input,BRD-K43838150,0.26000576,InputSig,NA,NA,LINCSCP_65286,VCAP,10uM,24h,prostate,NA,NA,RTHCXGNRZPZERE-PHSVBEEISA-N,"InChI=1S/C32H46FN3O6S/c1-22-18-36(23(2)21-37)32(38)29-17-27(34-43(39,40)28-13-10-26(33)11-14-28)12-15-30(29)42-24(3)7-5-6-16-41-31(22)20-35(4)19-25-8-9-25/h10-15,17,22-25,31,34,37H,5-9,16,18-21H2,1-4H3/t22-,23+,24-,31+/m0/s1",32808,C[C@H](CO)N1C[C@H](C)[C@@H](CN(C)CC2CC2)OCCCC[C@H](C)Oc3ccc(NS(=O)(=O)c4ccc(F)cc4)cc3C1=O,NA
Input,Tanaproget,0.25994595,InputSig,NA,NA,LINCSCP_127576,HT29,10uM,24h,large intestine,NA,NA,PYVFWTPEBMRKSR-UHFFFAOYSA-N,"InChI=1S/C16H15N3OS/c1-16(2)12-8-10(4-6-13(12)18-15(21)20-16)14-7-5-11(9-17)19(14)3/h4-8H,1-3H3,(H,18,21)",26980,Cn1c(ccc1c2ccc3NC(=S)OC(C)(C)c3c2)C#N,NA
Input,BRD-K04309313,0.25979961,InputSig,NA,NA,LINCSCP_48719,PC3,10uM,24h,prostate,NA,NA,KBDYTXJNXXZTGD-OVWOLCBMSA-N,"InChI=1S/C33H37N3O5S/c1-24-20-36(25(2)23-37)42(38,39)33-14-11-28(27-15-17-34-18-16-27)19-31(33)41-32(24)22-35(3)21-26-9-12-30(13-10-26)40-29-7-5-4-6-8-29/h4-19,24-25,32,37H,20-23H2,1-3H3/t24-,25+,32-/m1/s1",11704,C[C@@H](CO)N1C[C@@H](C)[C@@H](CN(C)Cc2ccc(Oc3ccccc3)cc2)Oc4cc(ccc4S1(=O)=O)c5ccncc5,NA
Input,CL-976,0.2597412,InputSig,NA,NA,LINCSCP_30878,MCF7,80uM,6h,breast,ACAT inhibitor,ACAT1,WAFNZAURAWBNDZ-UHFFFAOYSA-N,"InChI=1S/C23H39NO4/c1-7-8-9-10-11-12-13-14-15-23(2,3)22(25)24-21-19(27-5)16-18(26-4)17-20(21)28-6/h16-17H,7-15H2,1-6H3,(H,24,25)",36702,CCCCCCCCCCC(C)(C)C(=O)Nc1c(OC)cc(OC)cc1OC,NA
Input,CHEMBL2137269,0.25942632,InputSig,NA,NA,LINCSCP_27256,HT29,10uM,6h,large intestine,NA,NA,FIGGLCUVZRSRTI-QXULMBECSA-N,"InChI=1S/C43H53N5O6/c1-30-26-48(31(2)29-49)43(52)25-33-24-34(45-41(50)16-8-5-9-17-42(51)46-38-15-11-10-14-37(38)44)20-23-39(33)54-40(30)28-47(3)27-32-18-21-36(22-19-32)53-35-12-6-4-7-13-35/h4,6-7,10-15,18-24,30-31,40,49H,5,8-9,16-17,25-29,44H2,1-3H3,(H,45,50)(H,46,51)/t30-,31-,40-/m0/s1",19830,C[C@@H](CO)N1C[C@H](C)[C@H](CN(C)Cc2ccc(Oc3ccccc3)cc2)Oc4ccc(NC(=O)CCCCCC(=O)Nc5ccccc5N)cc4CC1=O,NA
Input,BRD-K93140279,0.25917203,InputSig,NA,NA,LINCSCP_62110,VCAP,5uM,6h,prostate,NA,NA,ZKMZGYJTUFHVCC-FRQCXROJSA-N,"InChI=1S/C21H26N2O6/c24-12-19-16(22-21(26)14-4-7-17-18(10-14)28-13-27-17)6-5-15(29-19)11-20(25)23-8-2-1-3-9-23/h4-7,10,15-16,19,24H,1-3,8-9,11-13H2,(H,22,26)/t15-,16+,19+/m0/s1",25277,OC[C@H]1O[C@H](CC(=O)N2CCCCC2)C=C[C@H]1NC(=O)c3ccc4OCOc4c3,NA
Input,Rottlerin,0.25887512,InputSig,NA,NA,LINCSCP_105410,HELA,0.04uM,24h,large intestine,MAP kinase inhibitor|Protein kinase inhibitor,NA,DEZFNHCVIZBHBI-ZHACJKMWSA-N,"InChI=1S/C30H28O8/c1-15-24(33)19(27(36)22(16(2)31)25(15)34)14-20-26(35)18-12-13-30(3,4)38-29(18)23(28(20)37)21(32)11-10-17-8-6-5-7-9-17/h5-13,33-37H,14H2,1-4H3/b11-10+",22166,CC(=O)c1c(O)c(C)c(O)c(Cc2c(O)c3C=CC(C)(C)Oc3c(C(=O)\C=C\c4ccccc4)c2O)c1O,NA
Input,AG490,0.25883935,InputSig,NA,NA,LINCSCP_14264,HA1E,10uM,6h,kidney epithelial,EGFR inhibitor|ErbB2 inhibitor|JAK inhibitor,JAK2|JAK3,TUCIOBMMDDOEMM-RIYZIHGNSA-N,"InChI=1S/C17H14N2O3/c18-10-14(8-13-6-7-15(20)16(21)9-13)17(22)19-11-12-4-2-1-3-5-12/h1-9,20-21H,11H2,(H,19,22)/b14-8+",17150,Oc1ccc(\C=C(/C#N)\C(=O)NCc2ccccc2)cc1O,NA
Input,BRD-K82004089,0.25880385,InputSig,NA,NA,LINCSCP_62694,VCAP,5uM,24h,prostate,NA,NA,YSCGDHRCRJHNHR-YMFLFHJQSA-N,"InChI=1S/C19H26N2O6S/c1-28(24,25)21-12-4-5-16-14(6-12)15-7-13(26-17(10-22)19(15)27-16)8-18(23)20-9-11-2-3-11/h4-6,11,13,15,17,19,21-22H,2-3,7-10H2,1H3,(H,20,23)/t13-,15-,17-,19+/m0/s1",8224,CS(=O)(=O)Nc1ccc2O[C@H]3[C@H](CO)O[C@H](CC(=O)NCC4CC4)C[C@H]3c2c1,NA
Input,Apigenin Triacetate,0.25877893,InputSig,NA,NA,LINCSCP_33719,MCF7,10uM,6h,breast,Casein kinase inhibitor|Cell proliferation inhibitor|Cytochrome P450 inhibitor,NA,IVXFOQQPPONQTB-UHFFFAOYSA-N,"InChI=1S/C21H16O8/c1-11(22)26-15-6-4-14(5-7-15)18-10-17(25)21-19(28-13(3)24)8-16(27-12(2)23)9-20(21)29-18/h4-10H,1-3H3",35528,CC(=O)Oc1ccc(cc1)C2=CC(=O)c3c(OC(=O)C)cc(OC(=O)C)cc3O2,NA
Input,KUC104493,0.25871309,InputSig,NA,NA,LINCSCP_57767,VCAP,10uM,24h,prostate,NA,NA,KCEINUXVJMDYCM-UHFFFAOYSA-N,"InChI=1S/C28H25N5O3/c1-35-24-11-6-5-10-21(24)23-18-26-29-22(20-8-3-2-4-9-20)19-27(33(26)30-23)31-13-15-32(16-14-31)28(34)25-12-7-17-36-25/h2-12,17-19H,13-16H2,1H3",35565,COc1ccccc1c2cc3nc(cc(N4CCN(CC4)C(=O)c5occc5)n3n2)c6ccccc6,NA
Input,QL47,0.25847221,InputSig,NA,NA,LINCSCP_36563,MCF7,1uM,24h,breast,BTK inhibitor|Cytoplasmic tyrosine protein kinase BMX inhibitor,BMX|BTK,RTRNJQOBEOISFQ-UHFFFAOYSA-N,"InChI=1S/C27H21N5O2/c1-3-25(33)31-11-10-17-4-7-21(13-24(17)31)32-26(34)9-6-19-14-28-23-8-5-18(12-22(23)27(19)32)20-15-29-30(2)16-20/h3-9,12-16H,1,10-11H2,2H3",25645,Cn1cc(cn1)c2ccc3ncc4C=CC(=O)N(c5ccc6CCN(C(=O)C=C)c6c5)c4c3c2,NA
Input,MLS002699429,0.25846433,InputSig,NA,NA,LINCSCP_201303,A549,10uM,6h,lung,NA,NA,QXFVQXRFCWCTQE-UFFVCSGVSA-N,"InChI=1S/C16H18F3N3O2/c1-10(21-22-14(23)12-4-2-3-5-12)11-6-8-13(9-7-11)20-15(24)16(17,18)19/h6-9,12H,2-5H2,1H3,(H,20,24)(H,22,23)/b21-10+",40336,C\C(=N/NC(=O)C1CCCC1)\c2ccc(NC(=O)C(F)(F)F)cc2,NA
Input,Sulfadoxine,0.25842861,InputSig,NA,NA,LINCSCP_136921,MCF7,3.33uM,24h,breast,Dihydropteroate synthase inhibitor,NA,PJSFRIWCGOHTNF-UHFFFAOYSA-N,"InChI=1S/C12H14N4O4S/c1-19-10-11(14-7-15-12(10)20-2)16-21(17,18)9-5-3-8(13)4-6-9/h3-7H,13H2,1-2H3,(H,14,15,16)",36494,COc1ncnc(NS(=O)(=O)c2ccc(N)cc2)c1OC,4
Input,Fenretinide,0.25839445,InputSig,NA,NA,LINCSCP_240511,MCF7,10uM,6h,breast,Apoptosis stimulant|Retinoid receptor agonist,RARA,AKJHMTWEGVYYSE-FXILSDISSA-N,"InChI=1S/C26H33NO2/c1-19(11-16-24-21(3)10-7-17-26(24,4)5)8-6-9-20(2)18-25(29)27-22-12-14-23(28)15-13-22/h6,8-9,11-16,18,28H,7,10,17H2,1-5H3,(H,27,29)/b9-6+,16-11+,19-8+,20-18+",37820,C\C(=C/C=C/C(=C/C(=O)Nc1ccc(O)cc1)/C)\C=C\C2=C(C)CCCC2(C)C,3
Input,BRD-K90619727,0.25802594,InputSig,NA,NA,LINCSCP_65539,VCAP,10uM,6h,prostate,NA,NA,XCDXHIWIDBQVIT-WMBRHFINSA-N,"InChI=1S/C36H48ClN3O7S/c1-25-21-40(26(2)24-41)36(42)33-20-30(38-48(43,44)32-16-11-29(37)12-17-32)13-18-34(33)47-27(3)8-6-7-19-46-35(25)23-39(4)22-28-9-14-31(45-5)15-10-28/h9-18,20,25-27,35,38,41H,6-8,19,21-24H2,1-5H3/t25-,26+,27+,35-/m1/s1",13903,COc1ccc(CN(C)C[C@H]2OCCCC[C@H](C)Oc3ccc(NS(=O)(=O)c4ccc(Cl)cc4)cc3C(=O)N(C[C@H]2C)[C@@H](C)CO)cc1,NA
Input,HG-5-113-01,0.25799509,InputSig,NA,NA,LINCSCP_52314,SKB,10uM,24h,NA,Protein kinase inhibitor,NA,NA,NA,42742,NA,NA
Input,Regorafenib,0.25793577,InputSig,NA,NA,LINCSCP_71487,A375,10uM,24h,skin,Discoidin domain-containing receptor 2 inhibitor|Fibroblast growth factor receptor 1 inhibitor|Fibroblast growth factor receptor 2 inhibitor|MAP kinase p38 beta inhibitor|Platelet-derived growth factor receptor inhibitor|Serine/threonine-protein kinase B-raf inhibitor|Serine/threonine-protein kinase RAF inhibitor|Stem cell growth factor receptor inhibitor|Tyrosine-protein kinase ABL inhibitor|Tyrosine-protein kinase FRK inhibitor|Tyrosine-protein kinase receptor RET inhibitor|Tyrosine-protein kinase TIE-2 inhibitor|Vascular endothelial growth factor receptor inhibitor,ABL1|BRAF|DDR2|FGFR1|FGFR2|FLT1|FLT4|FRK|KDR|KIT|MAPK11|PDGFRA|PDGFRB|RAF1|RET|TEK,FNHKPVJBJVTLMP-UHFFFAOYSA-N,"InChI=1S/C21H15ClF4N4O3/c1-27-19(31)18-10-13(6-7-28-18)33-12-3-5-17(16(23)9-12)30-20(32)29-11-2-4-15(22)14(8-11)21(24,25)26/h2-10H,1H3,(H,27,31)(H2,29,30,32)",35296,CNC(=O)c1cc(Oc2ccc(NC(=O)Nc3ccc(Cl)c(c3)C(F)(F)F)c(F)c2)ccn1,4
Input,Tacedinaline,0.25792246,InputSig,NA,NA,LINCSCP_171787,YAPC,3.33uM,24h,pancreas,HDAC inhibitor,HDAC1|HDAC10|HDAC11|HDAC2|HDAC3|HDAC4|HDAC5|HDAC6|HDAC7|HDAC8|HDAC9,VAZAPHZUAVEOMC-UHFFFAOYSA-N,"InChI=1S/C15H15N3O2/c1-10(19)17-12-8-6-11(7-9-12)15(20)18-14-5-3-2-4-13(14)16/h2-9H,16H2,1H3,(H,17,19)(H,18,20)",6047,CC(=O)Nc1ccc(cc1)C(=O)Nc2ccccc2N,3
Input,karakoline,0.2578209,InputSig,NA,NA,LINCSCP_121901,HT29,10uM,24h,large intestine,NA,NA,NA,NA,NA,NA,NA
Input,Lanacordin,0.25762743,InputSig,NA,NA,LINCSCP_27283,HT29,10uM,6h,large intestine,ATPase inhibitor,ATP1A1,LTMHDMANZUZIPE-YUICGFAKSA-N,"InChI=1S/C41H64O14/c1-19-36(47)28(42)15-34(50-19)54-38-21(3)52-35(17-30(38)44)55-37-20(2)51-33(16-29(37)43)53-24-8-10-39(4)23(13-24)6-7-26-27(39)14-31(45)40(5)25(9-11-41(26,40)48)22-12-32(46)49-18-22/h12,19-21,23-31,33-38,42-45,47-48H,6-11,13-18H2,1-5H3/t19-,20-,21-,23-,24+,25?,26-,27+,28+,29+,30+,31-,33+,34+,35+,36-,37-,38-,39+,40+,41+/m1/s1",1486,C[C@H]1O[C@H](C[C@H](O)[C@@H]1O)O[C@H]2[C@@H](O)C[C@H](O[C@H]3[C@@H](O)C[C@H](O[C@H]4CC[C@@]5(C)[C@H](CC[C@@H]6[C@@H]5C[C@@H](O)[C@]7(C)C(CC[C@]67O)C8=CC(=O)OC8)C4)O[C@@H]3C)O[C@@H]2C,NA
Input,AC1Q6JJ5,0.25742009,InputSig,NA,NA,LINCSCP_251126,MCF7,0.001uM,6h,breast,Topoisomerase inhibitor,TOP2A,XDXDZDZNSLXDNA-YMYDAGKFSA-N,"InChI=1S/C26H27NO9/c1-10-21(29)15(27)7-17(35-10)36-16-9-26(34,11(2)28)8-14-18(16)25(33)20-19(24(14)32)22(30)12-5-3-4-6-13(12)23(20)31/h3-6,10,15-17,21,29,32-34H,7-9,27H2,1-2H3/t10?,15?,16-,17?,21?,26-/m0/s1",36674,CC1OC(CC(N)C1O)O[C@H]2C[C@@](O)(Cc3c(O)c4C(=O)c5ccccc5C(=O)c4c(O)c23)C(=O)C,NA
Input,DOCETAXEL,0.25705824,InputSig,NA,NA,LINCSCP_93078,HA1E,0.12uM,24h,kidney epithelial,NA,NA,ZDZOTLJHXYCWBA-JXHJHTFNSA-N,"InChI=1S/C43H53NO14/c1-22-26(55-37(51)32(48)30(24-15-11-9-12-16-24)44-38(52)58-39(3,4)5)20-43(53)35(56-36(50)25-17-13-10-14-18-25)33-41(8,34(49)31(47)29(22)40(43,6)7)27(46)19-28-42(33,21-54-28)57-23(2)45/h9-18,26-28,30-33,35,46-48,53H,19-21H2,1-8H3,(H,44,52)/t26-,27-,28+,30-,31+,32+,33?,35-,41+,42-,43+/m0/s1",26849,CC(=O)O[C@@]12CO[C@@H]1C[C@H](O)[C@]3(C)C2[C@H](OC(=O)c4ccccc4)[C@]5(O)C[C@H](OC(=O)[C@H](O)[C@@H](NC(=O)OC(C)(C)C)c6ccccc6)C(=C([C@@H](O)C3=O)C5(C)C)C,NA
Input,Tranilast,0.25704527,InputSig,NA,NA,LINCSCP_71633,A375,0.12uM,24h,skin,Angiogenesis inhibitor,NA,NZHGWWWHIYHZNX-CSKARUKUSA-N,"InChI=1S/C18H17NO5/c1-23-15-9-7-12(11-16(15)24-2)8-10-17(20)19-14-6-4-3-5-13(14)18(21)22/h3-11H,1-2H3,(H,19,20)(H,21,22)/b10-8+",138,COc1ccc(\C=C\C(=O)Nc2ccccc2C(=O)O)cc1OC,3
Input,BRD-K36200934,0.25665563,InputSig,NA,NA,LINCSCP_8481,A549,5uM,24h,lung,NA,NA,NFTCJLSEEOPUCW-TZRRMPRUSA-N,"InChI=1S/C25H18FN3O2/c26-21-6-2-1-4-18(21)10-7-17-8-11-19(12-9-17)24-22(14-27)29(23(24)16-30)25(31)20-5-3-13-28-15-20/h1-6,8-9,11-13,15,22-24,30H,16H2/t22-,23+,24-/m1/s1",34580,OC[C@H]1[C@@H]([C@@H](C#N)N1C(=O)c2cccnc2)c3ccc(cc3)C#Cc4ccccc4F,NA
Input,TAS-103 (dihydrochloride),0.25657426,InputSig,NA,NA,LINCSCP_102716,HELA,0.04uM,24h,large intestine,NA,NA,ROWSTIYZUWEOMM-UHFFFAOYSA-N,"InChI=1S/C20H19N3O2/c1-23(2)10-9-21-20-18-17(13-5-3-4-6-14(13)19(18)25)15-8-7-12(24)11-16(15)22-20/h3-8,11,24H,9-10H2,1-2H3,(H,21,22)",26502,CN(C)CCNc1nc2cc(O)ccc2c3c4ccccc4C(=O)c13,NA
Input,BRD-K86715531,0.25634169,InputSig,NA,NA,LINCSCP_61170,VCAP,5uM,6h,prostate,NA,NA,NYJPVGKIWASVOA-IMWIBFENSA-N,"InChI=1S/C27H42N4O6/c1-6-11-28-27(34)29-21-7-8-22-23(14-21)37-17-19(3)31(25(32)20-9-12-36-13-10-20)15-18(2)24(35-5)16-30(4)26(22)33/h7-8,14,18-20,24H,6,9-13,15-17H2,1-5H3,(H2,28,29,34)/t18-,19+,24+/m1/s1",25116,CCCNC(=O)Nc1ccc2C(=O)N(C)C[C@H](OC)[C@H](C)CN([C@@H](C)COc2c1)C(=O)C3CCOCC3,NA
Input,Omacetaxine Mepesuccinate,0.25628918,InputSig,NA,NA,LINCSCP_36165,MCF7,0.01uM,6h,breast,Protein synthesis inhibitor,NA,HYFHYPWGAURHIV-JFIAXGOJSA-N,"InChI=1S/C29H39NO9/c1-27(2,33)8-5-10-29(34,16-23(31)36-4)26(32)39-25-22(35-3)15-28-9-6-11-30(28)12-7-18-13-20-21(38-17-37-20)14-19(18)24(25)28/h13-15,24-25,33-34H,5-12,16-17H2,1-4H3/t24-,25-,28+,29-/m1/s1",36016,COC(=O)C[C@](O)(CCCC(C)(C)O)C(=O)O[C@H]1[C@H]2c3cc4OCOc4cc3CCN5CCC[C@]25C=C1OC,4
Input,Licarbazepine,0.25620744,InputSig,NA,NA,LINCSCP_154739,PC3,10uM,24h,prostate,NA,NA,BMPDWHIDQYTSHX-UHFFFAOYSA-N,"InChI=1S/C15H14N2O2/c16-15(19)17-12-7-3-1-5-10(12)9-14(18)11-6-2-4-8-13(11)17/h1-8,14,18H,9H2,(H2,16,19)",27129,NC(=O)N1c2ccccc2CC(O)c3ccccc13,3
Input,Erlotinib,0.25614588,InputSig,NA,NA,LINCSCP_24805,HS578T,0.1uM,24h,breast,EGFR inhibitor,EGFR,AAKJLRGGTJKAMG-UHFFFAOYSA-N,"InChI=1S/C22H23N3O4/c1-4-16-6-5-7-17(12-16)25-22-18-13-20(28-10-8-26-2)21(29-11-9-27-3)14-19(18)23-15-24-22/h1,5-7,12-15H,8-11H2,2-3H3,(H,23,24,25)",4277,COCCOc1cc2ncnc(Nc3cccc(c3)C#C)c2cc1OCCOC,4
Input,Amthamine,0.25601599,InputSig,NA,NA,LINCSCP_11562,ASC,10uM,24h,adipose,Histamine receptor agonist,NA,LHVRFUVVRXGZPV-UHFFFAOYSA-N,"InChI=1S/C6H11N3S/c1-4-5(2-3-7)10-6(8)9-4/h2-3,7H2,1H3,(H2,8,9)",13956,Cc1nc(N)sc1CCN,NA
Input,Phorbol Myristate Acetate,0.25577243,InputSig,NA,NA,LINCSCP_28848,HUH7,3uM,24h,liver,PKC activator,NA,PHEDXBVPIONUQT-RGYGYFBISA-N,"InChI=1S/C36H56O8/c1-7-8-9-10-11-12-13-14-15-16-17-18-29(39)43-32-24(3)35(42)27(30-33(5,6)36(30,32)44-25(4)38)20-26(22-37)21-34(41)28(35)19-23(2)31(34)40/h19-20,24,27-28,30,32,37,41-42H,7-18,21-22H2,1-6H3/t24-,27+,28-,30-,32-,34-,35-,36-/m1/s1",38996,CCCCCCCCCCCCCC(=O)O[C@@H]1[C@@H](C)[C@@]2(O)[C@@H](C=C(CO)C[C@@]3(O)[C@H]2C=C(C)C3=O)[C@@H]4C(C)(C)[C@]14OC(=O)C,NA
Input,BRD-K63442512,0.25577022,InputSig,NA,NA,LINCSCP_59784,VCAP,5uM,6h,prostate,NA,NA,HVZAAXCGJPPTNA-YPCDYVTLSA-N,"InChI=1S/C29H47N5O5/c1-20-17-34(21(2)19-35)28(37)24-16-23(30-27(36)12-9-15-32(3)4)13-14-25(24)39-26(20)18-33(5)29(38)31-22-10-7-6-8-11-22/h13-14,16,20-22,26,35H,6-12,15,17-19H2,1-5H3,(H,30,36)(H,31,38)/t20-,21-,26+/m1/s1",33312,C[C@H](CO)N1C[C@@H](C)[C@H](CN(C)C(=O)NC2CCCCC2)Oc3ccc(NC(=O)CCCN(C)C)cc3C1=O,NA
Input,Daunorubicin,0.25554108,InputSig,NA,NA,LINCSCP_55314,U937,1uM,24h,haematopoietic and lymphoid tissue,DNA topoisomerase II alpha inhibitor,TOP2A,STQGQHZAVUOBTE-VGBVRHCVSA-N,"InChI=1S/C27H29NO10/c1-10-22(30)14(28)7-17(37-10)38-16-9-27(35,11(2)29)8-13-19(16)26(34)21-20(24(13)32)23(31)12-5-4-6-15(36-3)18(12)25(21)33/h4-6,10,14,16-17,22,30,32,34-35H,7-9,28H2,1-3H3/t10-,14-,16-,17-,22+,27-/m0/s1",15653,COc1cccc2C(=O)c3c(O)c4C[C@](O)(C[C@H](O[C@H]5C[C@H](N)[C@H](O)[C@H](C)O5)c4c(O)c3C(=O)c12)C(=O)C,4
Input,HMN-214,0.25546848,InputSig,NA,NA,LINCSCP_70601,A375,0.04uM,24h,skin,PLK inhibitor,CSF1R|FLT1|FLT3|FLT4|KDR|KIT|PDGFRB|RET,OCKHRKSTDPOHEN-BQYQJAHWSA-N,"InChI=1S/C22H20N2O5S/c1-17(25)24(30(27,28)21-11-9-20(29-2)10-12-21)22-6-4-3-5-19(22)8-7-18-13-15-23(26)16-14-18/h3-16H,1-2H3/b8-7+",23696,COc1ccc(cc1)S(=O)(=O)N(C(=O)C)c2ccccc2\C=C\c3cc[n+]([O-])cc3,NA
Input,AC1L1JM9,0.25544453,InputSig,NA,NA,LINCSCP_7707,A549,10uM,6h,lung,MAP kinase inhibitor|Protein kinase inhibitor,NA,DEZFNHCVIZBHBI-UHFFFAOYSA-N,"InChI=1S/C30H28O8/c1-15-24(33)19(27(36)22(16(2)31)25(15)34)14-20-26(35)18-12-13-30(3,4)38-29(18)23(28(20)37)21(32)11-10-17-8-6-5-7-9-17/h5-13,33-37H,14H2,1-4H3",5803,CC(=O)c1c(O)c(C)c(O)c(Cc2c(O)c3C=CC(C)(C)Oc3c(C(=O)C=Cc4ccccc4)c2O)c1O,NA
Input,Meisoindigo,0.25542197,InputSig,NA,NA,LINCSCP_92769,HA1E,10uM,24h,kidney epithelial,NA,NA,QNOCRUSVMMAKSC-CCEZHUSRSA-N,"InChI=1S/C17H12N2O2/c1-19-13-9-5-3-7-11(13)15(17(19)21)14-10-6-2-4-8-12(10)18-16(14)20/h2-9H,1H3,(H,18,20)/b15-14+",27040,CN1C(=O)\C(=C/2\C(=O)Nc3ccccc23)\c4ccccc14,NA
Input,AZD-5438,0.25515696,InputSig,NA,NA,LINCSCP_78783,A375,10uM,24h,skin,CDK inhibitor,CDK1|CDK10|CDK11B|CDK12|CDK13|CDK14|CDK15|CDK16|CDK17|CDK18|CDK19|CDK2|CDK20|CDK3|CDK4|CDK5|CDK6|CDK7|CDK8|CDK9,WJRRGYBTGDJBFX-UHFFFAOYSA-N,"InChI=1S/C18H21N5O2S/c1-12(2)23-13(3)20-11-17(23)16-9-10-19-18(22-16)21-14-5-7-15(8-6-14)26(4,24)25/h5-12H,1-4H3,(H,19,21,22)",17553,CC(C)n1c(C)ncc1c2ccnc(Nc3ccc(cc3)S(=O)(=O)C)n2,1
Input,"13-Hydroxy-8,14,19-trimethoxy-4,10,12,16-tetramethyl-3,20,22-trioxo-2-azabicyclo[16.3.1]docosa-1(21),4,6,10,18-pentaen-9-yl carbamate",0.25509462,InputSig,NA,NA,LINCSCP_68928,VCAP,10uM,24h,prostate,HSP inhibitor,HSP90AA1,QTQAWLPCGQOSGP-VDYWNIEOSA-N,"InChI=1S/C29H40N2O9/c1-15-11-19-25(34)20(14-21(32)27(19)39-7)31-28(35)16(2)9-8-10-22(37-5)26(40-29(30)36)18(4)13-17(3)24(33)23(12-15)38-6/h8-10,13-15,17,22-24,26,33H,11-12H2,1-7H3,(H2,30,36)(H,31,35)/b10-8+,16-9+,18-13+",25572,COC1CC(C)CC2=C(OC)C(=O)C=C(NC(=O)\C(=C\C=C\C(OC)C(OC(=O)N)\C(=C\C(C)C1O)\C)\C)C2=O,NA
Input,SCHEMBL5345535,0.25496887,InputSig,NA,NA,LINCSCP_43338,NPC,10uM,6h,neural progenitor cells,NA,NA,YNIMWJBLZMGERM-UHFFFAOYSA-N,"InChI=1S/C14H14BrNO2/c15-9-14(18)16-7-6-11-3-1-2-10-4-5-12(17)8-13(10)11/h1-5,8,17H,6-7,9H2,(H,16,18)",31673,Oc1ccc2cccc(CCNC(=O)CBr)c2c1,NA
Input,Andrographolide,0.25490579,InputSig,NA,NA,LINCSCP_172358,YAPC,10uM,24h,pancreas,NA,NA,BOJKULTULYSRAS-JAAXSKLYSA-N,"InChI=1S/C20H30O5/c1-12-4-7-16-19(2,9-8-17(23)20(16,3)11-21)14(12)6-5-13-15(22)10-25-18(13)24/h5,14-17,21-23H,1,4,6-11H2,2-3H3/b13-5+/t14-,15-,16?,17-,19+,20+/m1/s1",26795,C[C@@]1(CO)[C@H](O)CC[C@@]2(C)[C@H](C\C=C\3/[C@H](O)COC3=O)C(=C)CCC12,NA
Input,CEP-701,0.25477657,InputSig,NA,NA,LINCSCP_71137,A375,0.12uM,24h,skin,NA,NA,UIARLYUEJFELEN-DMVVYWCZSA-N,"InChI=1S/C26H21N3O4/c1-25-26(32,12-30)10-18(33-25)28-16-8-4-2-6-13(16)20-21-15(11-27-24(21)31)19-14-7-3-5-9-17(14)29(25)23(19)22(20)28/h2-9,18,30,32H,10-12H2,1H3,(H,27,31)/t18?,25-,26-/m0/s1",27044,C[C@]12OC(C[C@]1(O)CO)n3c4ccccc4c5c6C(=O)NCc6c7c8ccccc8n2c7c35,NA
Input,BRD-K36134449,0.2546993,InputSig,NA,NA,LINCSCP_4070,A375,5uM,24h,skin,NA,NA,NGRSXEMLDRQNMH-NOUQMAPCSA-N,"InChI=1S/C32H38N4O7/c1-20-15-36(21(2)18-37)31(38)26-14-24(34-32(39)33-23-6-9-25(40-4)10-7-23)8-12-27(26)43-30(20)17-35(3)16-22-5-11-28-29(13-22)42-19-41-28/h5-14,20-21,30,37H,15-19H2,1-4H3,(H2,33,34,39)/t20-,21+,30-/m0/s1",5194,COc1ccc(NC(=O)Nc2ccc3O[C@@H](CN(C)Cc4ccc5OCOc5c4)[C@@H](C)CN([C@H](C)CO)C(=O)c3c2)cc1,NA
Input,Rebastinib,0.25468202,InputSig,NA,NA,LINCSCP_83159,ASC.C,3.33uM,24h,NA,Tyrosine-protein kinase ABL inhibitor,ABL1,WVXNSAVVKYZVOE-UHFFFAOYSA-N,"InChI=1S/C30H28FN7O3/c1-30(2,3)26-17-27(38(37-26)19-7-9-23-18(14-19)6-5-12-33-23)36-29(40)35-24-10-8-20(15-22(24)31)41-21-11-13-34-25(16-21)28(39)32-4/h5-17H,1-4H3,(H,32,39)(H2,35,36,40)",36774,CNC(=O)c1cc(Oc2ccc(NC(=O)Nc3cc(nn3c4ccc5ncccc5c4)C(C)(C)C)c(F)c2)ccn1,2
Input,Nafronyl,0.25446853,InputSig,NA,NA,LINCSCP_14653,HA1E,10uM,24h,kidney epithelial,Adrenergic receptor antagonist,NA,KBAFPSLPKGSANY-UHFFFAOYSA-N,"InChI=1S/C24H33NO3/c1-3-25(4-2)14-16-28-24(26)21(18-22-12-8-15-27-22)17-20-11-7-10-19-9-5-6-13-23(19)20/h5-7,9-11,13,21-22H,3-4,8,12,14-18H2,1-2H3",35411,CCN(CC)CCOC(=O)C(CC1CCCO1)Cc2cccc3ccccc23,NA
Input,sorafenib,0.25427301,InputSig,NA,NA,LINCSCP_11723,BT20,10uM,24h,breast,FLT3 inhibitor|KIT inhibitor|PDGFR tyrosine kinase receptor inhibitor|RAF inhibitor|RET tyrosine kinase inhibitor|VEGFR inhibitor,BRAF|DDR2|FGFR1|FLT1|FLT3|FLT4|KDR|KIT|PDGFRB|RAF1|RET,NA,NA,NA,NA,NA
Input,BIBR-1532,0.25427199,InputSig,NA,NA,LINCSCP_57052,VCAP,80uM,6h,prostate,Telomerase inhibitor,TERT,PGFQXGLPJUCTOI-WYMLVPIESA-N,"InChI=1S/C21H17NO3/c1-14(16-11-10-15-6-2-3-7-17(15)13-16)12-20(23)22-19-9-5-4-8-18(19)21(24)25/h2-13H,1H3,(H,22,23)(H,24,25)/b14-12+",17071,C\C(=C/C(=O)Nc1ccccc1C(=O)O)\c2ccc3ccccc3c2,NA
Input,Idelalisib,0.25424753,InputSig,NA,NA,LINCSCP_147696,NPC.CAS9,0.37uM,24h,NA,PI3K inhibitor,PIK3CD|PIK3CG,IFSDAJWBUCMOAH-HNNXBMFYSA-N,"InChI=1S/C22H18FN7O/c1-2-15(28-20-18-19(25-11-24-18)26-12-27-20)21-29-16-10-6-9-14(23)17(16)22(31)30(21)13-7-4-3-5-8-13/h3-12,15H,2H2,1H3,(H2,24,25,26,27,28)/t15-/m0/s1",15179,CC[C@H](Nc1ncnc2[nH]cnc12)C3=Nc4cccc(F)c4C(=O)N3c5ccccc5,4
Input,KUC107191N,0.25411652,InputSig,NA,NA,LINCSCP_24159,HL60,10uM,6h,haematopoietic and lymphoid tissue,NA,NA,PXSMEPRWQNYAIL-UHFFFAOYSA-N,"InChI=1S/C23H25NO/c1-23(2,3)15-7-5-14(6-8-15)17-13-18-19-9-10-20(25-19)21(18)22-16(17)11-12-24(22)4/h5-8,11-13,19-20H,9-10H2,1-4H3",26536,Cn1ccc2c(cc3C4CCC(O4)c3c12)c5ccc(cc5)C(C)(C)C,NA
Input,BDBM50127227,0.25383671,InputSig,NA,NA,LINCSCP_4244,A549,10uM,24h,lung,Farnesyltransferase inhibitor|NFkB pathway inhibitor,FNTA|IKBKB,XIZGHTZLVCHYJN-MVTGTTCWSA-N,"InChI=1S/C31H38N2O7/c1-5-6-11-19(2)16-20(3)17-21(4)30(38)32-22-18-31(39,29-28(40-29)27(22)37)15-10-8-7-9-12-25(36)33-26-23(34)13-14-24(26)35/h7-10,12,15-19,26,28-29,39H,5-6,11,13-14H2,1-4H3,(H,32,38)(H,33,36)/b8-7+,12-9+,15-10+,20-16+,21-17+/t19-,28-,29-,31+/m1/s1",25679,CCCC[C@@H](C)\C=C(/C)\C=C(/C)\C(=O)NC1=C[C@@](O)(\C=C\C=C\C=C\C(=O)NC2C(=O)CCC2=O)[C@@H]3O[C@@H]3C1=O,NA
Input,SB-203580,0.25377201,InputSig,NA,NA,LINCSCP_37974,MCF7,1uM,6h,breast,P38 MAPK inhibitor,MAPK1|MAPK11|MAPK14,CDMGBJANTYXAIV-UHFFFAOYSA-N,"InChI=1S/C21H16FN3OS/c1-27(26)18-8-4-16(5-9-18)21-24-19(14-2-6-17(22)7-3-14)20(25-21)15-10-12-23-13-11-15/h2-13H,1H3,(H,24,25)",37859,CS(=O)c1ccc(cc1)c2nc(c3ccc(F)cc3)c([nH]2)c4ccncc4,NA
Input,"Epothilone B (EPO906, Patupilone)",0.25376072,InputSig,NA,NA,LINCSCP_78554,A375,0.12uM,24h,skin,NA,NA,QXRSDHAAWVKZLJ-AXCXJGFASA-N,"InChI=1S/C27H41NO6S/c1-15-9-8-10-27(7)22(34-27)12-20(16(2)11-19-14-35-18(4)28-19)33-23(30)13-21(29)26(5,6)25(32)17(3)24(15)31/h11,14-15,17,20-22,24,29,31H,8-10,12-13H2,1-7H3/b16-11+/t15-,17+,20+,21+,22-,24-,27+/m0/s1",27199,C[C@H]1CCC[C@@]2(C)O[C@H]2C[C@@H](OC(=O)C[C@@H](O)C(C)(C)C(=O)[C@H](C)[C@H]1O)\C(=C\c3csc(C)n3)\C,NA
Input,STK219801,0.25365005,InputSig,NA,NA,LINCSCP_88784,HA1E,10uM,24h,kidney epithelial,Histone acetyltransferase inhibitor,NA,HEKJYZZSCQBJGB-XDHOZWIPSA-N,"InChI=1S/C24H19N3O6/c1-13-10-20(21(27(31)32)11-14(13)2)22-9-8-18(33-22)12-19-15(3)25-26(23(19)28)17-6-4-16(5-7-17)24(29)30/h4-12H,1-3H3,(H,29,30)/b19-12+",1003,CC1=NN(C(=O)/C/1=C/c2oc(cc2)c3cc(C)c(C)cc3[N+](=O)[O-])c4ccc(cc4)C(=O)O,NA
Input,XL335,0.25347769,InputSig,NA,NA,LINCSCP_120315,HT29,0.12uM,24h,large intestine,Bile acid receptor FXR agonist,NR1H4,INASOKQDNHHMRE-UHFFFAOYSA-N,"InChI=1S/C25H24F2N2O3/c1-14(2)32-24(31)17-12-29(23(30)15-9-10-18(26)19(27)11-15)13-25(3,4)21-16-7-5-6-8-20(16)28-22(17)21/h5-12,14,28H,13H2,1-4H3",27059,CC(C)OC(=O)C1=CN(CC(C)(C)c2c1[nH]c3ccccc23)C(=O)c4ccc(F)c(F)c4,1
Input,CID755673,0.25342474,InputSig,NA,NA,LINCSCP_57263,VCAP,10uM,24h,prostate,NA,NA,AACFPJSJOWQNBN-UHFFFAOYSA-N,"InChI=1S/C12H11NO3/c14-7-3-4-10-9(6-7)8-2-1-5-13-12(15)11(8)16-10/h3-4,6,14H,1-2,5H2,(H,13,15)",32250,Oc1ccc2oc3C(=O)NCCCc3c2c1,NA
Input,Tivantinib,0.25318209,InputSig,NA,NA,LINCSCP_69699,A375,0.37uM,24h,skin,Tyrosine kinase inhibitor,MET,UCEQXRCJXIVODC-PMACEKPBSA-N,"InChI=1S/C23H19N3O2/c27-22-19(16-11-24-18-9-2-1-7-14(16)18)20(23(28)25-22)17-12-26-10-4-6-13-5-3-8-15(17)21(13)26/h1-3,5,7-9,11-12,19-20,24H,4,6,10H2,(H,25,27,28)/t19-,20-/m0/s1",37812,O=C1NC(=O)[C@H]([C@@H]1c2c[nH]c3ccccc23)c4cn5CCCc6cccc4c56,3
Input,BRD-K48598367,0.25316716,InputSig,NA,NA,LINCSCP_63167,VCAP,5uM,6h,prostate,NA,NA,LIAUQGYQVCFFMZ-BBWFWOEESA-N,"InChI=1S/C17H15FN2O3S/c18-13-6-8-14(9-7-13)24(22,23)20-15(10-19)17(16(20)11-21)12-4-2-1-3-5-12/h1-9,15-17,21H,11H2/t15-,16+,17-/m0/s1",38018,OC[C@@H]1[C@H]([C@H](C#N)N1S(=O)(=O)c2ccc(F)cc2)c3ccccc3,NA
Input,ZM-39923,0.25300501,InputSig,NA,NA,LINCSCP_307,A375,10uM,24h,skin,JAK inhibitor,NA,JSASWRWALCMOQP-UHFFFAOYSA-N,"InChI=1S/C23H25NO/c1-18(2)24(17-19-8-4-3-5-9-19)15-14-23(25)22-13-12-20-10-6-7-11-21(20)16-22/h3-13,16,18H,14-15,17H2,1-2H3",35745,CC(C)N(CCC(=O)c1ccc2ccccc2c1)Cc3ccccc3,NA
Input,Marimastat,0.25290101,InputSig,NA,NA,LINCSCP_102325,HELA,0.37uM,24h,large intestine,NA,NA,OCSMOTCMPXTDND-OUAUKWLOSA-N,"InChI=1S/C15H29N3O5/c1-8(2)7-9(10(19)13(21)18-23)12(20)17-11(14(22)16-6)15(3,4)5/h8-11,19,23H,7H2,1-6H3,(H,16,22)(H,17,20)(H,18,21)/t9-,10+,11-/m1/s1",26836,CNC(=O)[C@@H](NC(=O)[C@H](CC(C)C)[C@H](O)C(=O)NO)C(C)(C)C,3
Input,MLS001173269,0.25283121,InputSig,NA,NA,LINCSCP_5671,A549,10uM,6h,lung,NA,NA,YTNZJAMWMLPAQY-ZDUSSCGKSA-N,"InChI=1S/C17H19ClN2O3/c1-17(2)15-11(10-6-4-5-7-12(10)19-15)8-13(16(22)23-3)20(17)14(21)9-18/h4-7,13,19H,8-9H2,1-3H3/t13-/m0/s1",15929,COC(=O)[C@@H]1Cc2c([nH]c3ccccc23)C(C)(C)N1C(=O)CCl,NA
Input,BRD-K85751793,0.25274185,InputSig,NA,NA,LINCSCP_65532,VCAP,10uM,6h,prostate,NA,NA,GLVBIXWSAPOEAD-NDEPHWFRSA-N,"InChI=1S/C32H37N3O6S/c1-39-23-8-11-25(12-9-23)42(37,38)35-16-14-32(15-17-35)21-34(19-22-6-4-5-7-29(22)41-3)28(20-36)31-30(32)26-13-10-24(40-2)18-27(26)33-31/h4-13,18,28,33,36H,14-17,19-21H2,1-3H3/t28-/m0/s1",13790,COc1ccc(cc1)S(=O)(=O)N2CCC3(CC2)CN(Cc4ccccc4OC)[C@@H](CO)c5[nH]c6cc(OC)ccc6c35,NA
Input,KU-55933,0.25246738,InputSig,NA,NA,LINCSCP_84410,ASC,10uM,24h,adipose,ATM kinase inhibitor,ATM,XRKYMMUGXMWDAO-UHFFFAOYSA-N,"InChI=1S/C21H17NO3S2/c23-14-12-16(25-20(13-14)22-8-10-24-11-9-22)15-4-3-7-19-21(15)27-18-6-2-1-5-17(18)26-19/h1-7,12-13H,8-11H2",35274,O=C1C=C(OC(=C1)c2cccc3Sc4ccccc4Sc23)N5CCOCC5,NA
Input,HY-11007,0.25238749,InputSig,NA,NA,LINCSCP_83716,ASC.C,10uM,24h,NA,Bcr-Abl kinase inhibitor,ABL1|BCR,WEVYNIUIFUYDGI-UHFFFAOYSA-N,"InChI=1S/C18H13F3N4O2/c19-18(20,21)27-14-6-4-13(5-7-14)25-16-9-15(23-10-24-16)11-2-1-3-12(8-11)17(22)26/h1-10H,(H2,22,26)(H,23,24,25)",36829,NC(=O)c1cccc(c1)c2cc(Nc3ccc(OC(F)(F)F)cc3)ncn2,NA
Input,Broad-Sai-560,0.25224165,InputSig,NA,NA,LINCSCP_49257,PC3,10uM,24h,prostate,HDAC inhibitor,NA,NA,NA,42710,NA,NA
Input,ZM323881,0.25221546,InputSig,NA,NA,LINCSCP_14489,HA1E,10uM,24h,kidney epithelial,VEGFR inhibitor,KDR,NVBNDZZLJRYRPD-UHFFFAOYSA-N,"InChI=1S/C22H18FN3O2/c1-14-9-18(23)20(11-21(14)27)26-22-17-8-7-16(10-19(17)24-13-25-22)28-12-15-5-3-2-4-6-15/h2-11,13,27H,12H2,1H3,(H,24,25,26)",30822,Cc1cc(F)c(Nc2ncnc3cc(OCc4ccccc4)ccc23)cc1O,NA
Input,MLS003129936,0.25217178,InputSig,NA,NA,LINCSCP_60228,VCAP,5uM,24h,prostate,NA,NA,ZNUDODZEVYBNEW-JXXFODFXSA-N,"InChI=1S/C22H29BrN2O7S2/c1-15-12-25(16(2)14-26)34(29,30)22-10-9-17(23)11-19(22)32-20(15)13-24(3)33(27,28)21-8-6-5-7-18(21)31-4/h5-11,15-16,20,26H,12-14H2,1-4H3/t15-,16-,20-/m1/s1",7762,COc1ccccc1S(=O)(=O)N(C)C[C@H]2Oc3cc(Br)ccc3S(=O)(=O)N(C[C@H]2C)[C@H](C)CO,NA
Input,501919-59-1,0.25200704,InputSig,NA,NA,LINCSCP_25070,HT115,100uM,6h,large intestine,STAT inhibitor,STAT3,HWNUSGNZBAISFM-UHFFFAOYSA-N,"InChI=1S/C16H15NO7S/c1-10-2-5-12(6-3-10)25(22,23)24-9-15(19)17-11-4-7-13(16(20)21)14(18)8-11/h2-8,18H,9H2,1H3,(H,17,19)(H,20,21)",15077,Cc1ccc(cc1)S(=O)(=O)OCC(=O)Nc2ccc(C(=O)O)c(O)c2,NA
Input,"3,5-Bis(4-methylbenzylidene)piperidin-4-one",0.25198219,InputSig,NA,NA,LINCSCP_39975,NCIH1836,10uM,6h,lung,Ubiquitin specific protease inhibitor,SENP2|USP1|USP2|USP7,PKCYYPHSCUSQDK-UHWBUFEVSA-N,"InChI=1S/C21H21NO/c1-15-3-7-17(8-4-15)11-19-13-22-14-20(21(19)23)12-18-9-5-16(2)6-10-18/h3-12,22H,13-14H2,1-2H3/b19-11-,20-12+",17168,Cc1ccc(\C=C/2\CNC\C(=C/c3ccc(C)cc3)\C2=O)cc1,NA
Input,"3,5-Bis(4-methylbenzylidene)piperidin-4-one",0.25198219,InputSig,NA,NA,LINCSCP_39975,NCIH1836,10uM,6h,lung,Ubiquitin specific protease inhibitor,SENP2|USP1|USP2|USP7,PKCYYPHSCUSQDK-UHFFFAOYSA-N,"InChI=1S/C21H21NO/c1-15-3-7-17(8-4-15)11-19-13-22-14-20(21(19)23)12-18-9-5-16(2)6-10-18/h3-12,22H,13-14H2,1-2H3",792,Cc1ccc(C=C2CNCC(=Cc3ccc(C)cc3)C2=O)cc1,NA
Input,CHEMBL3186722,0.25193371,InputSig,NA,NA,LINCSCP_35294,MCF7,10uM,24h,breast,NA,NA,JYNWHADBVHDRHI-VWLOTQADSA-N,"InChI=1S/C29H34FN3O3/c1-31-24-15-22(36-2)8-9-23(24)26-27(31)25(17-34)33(28(35)20-6-7-20)18-29(26)10-12-32(13-11-29)16-19-4-3-5-21(30)14-19/h3-5,8-9,14-15,20,25,34H,6-7,10-13,16-18H2,1-2H3/t25-/m0/s1",40038,COc1ccc2c3c([C@H](CO)N(CC34CCN(Cc5cccc(F)c5)CC4)C(=O)C6CC6)n(C)c2c1,NA
Input,PF477736,0.25188584,InputSig,NA,NA,LINCSCP_51951,SKBR3,0.1uM,6h,breast,CHK inhibitor,CHEK1,NDEXUOWTGYUVGA-LJQANCHMSA-N,"InChI=1S/C22H25N7O2/c1-29-11-13(9-25-29)20-16-10-24-28-21(30)15-7-14(8-17(27-20)18(15)16)26-22(31)19(23)12-5-3-2-4-6-12/h7-12,19,27H,2-6,23H2,1H3,(H,26,31)(H,28,30)/t19-/m1/s1",22134,Cn1cc(cn1)c2[nH]c3cc(NC(=O)[C@H](N)C4CCCCC4)cc5C(=O)NN=Cc2c35,NA
Input,BS-181,0.2518421,InputSig,NA,NA,LINCSCP_164512,SKL.C,3.33uM,24h,NA,NA,NA,DNYBIOICMDTDAP-UHFFFAOYSA-N,"InChI=1S/C22H32N6/c1-17(2)19-16-26-28-21(25-15-18-10-6-5-7-11-18)14-20(27-22(19)28)24-13-9-4-3-8-12-23/h5-7,10-11,14,16-17,25H,3-4,8-9,12-13,15,23H2,1-2H3,(H,24,27)",14197,CC(C)c1cnn2c(NCc3ccccc3)cc(NCCCCCCN)nc12,NA
Input,181144-66-1,0.25181001,InputSig,NA,NA,LINCSCP_108836,HELA,0.37uM,24h,large intestine,NA,NA,MHUUDVZSPFRUSK-UHFFFAOYSA-N,"InChI=1S/C14H12FN3O2/c15-11-3-7-13(8-4-11)20-12-5-1-10(2-6-12)9-17-18-14(16)19/h1-9H,(H3,16,18,19)",22542,NC(=O)NN=Cc1ccc(Oc2ccc(F)cc2)cc1,NA
Input,GR-79236,0.25173582,InputSig,NA,NA,LINCSCP_204662,ASC,10uM,24h,adipose,Adenosine receptor agonist,ADORA1,GYWXTRVEUURNEW-TVDBPQCTSA-N,"InChI=1S/C15H21N5O5/c21-4-9-11(23)12(24)15(25-9)20-6-18-10-13(16-5-17-14(10)20)19-7-2-1-3-8(7)22/h5-9,11-12,15,21-24H,1-4H2,(H,16,17,19)/t7-,8-,9+,11+,12+,15+/m0/s1",15631,OC[C@H]1O[C@H]([C@H](O)[C@@H]1O)n2cnc3c(N[C@H]4CCC[C@@H]4O)ncnc23,NA
Input,CHEMBL1609579,0.25171614,InputSig,NA,NA,LINCSCP_31753,MCF7,10uM,6h,breast,NA,NA,ZFSIQBAAQQIRLO-UHFFFAOYSA-N,"InChI=1S/C18H14N4S/c1-3-14(10-19-7-1)13-5-6-17-16(9-13)18(22-12-21-17)20-11-15-4-2-8-23-15/h1-10,12H,11H2,(H,20,21,22)",36153,C(Nc1ncnc2ccc(cc12)c3cccnc3)c4cccs4,NA
Input,Cytosporone B,0.25156364,InputSig,NA,NA,LINCSCP_54667,SW948,10uM,6h,large intestine,NUR77 receptor agonist,NR4A1,UVVWQQKSNZLUQA-UHFFFAOYSA-N,"InChI=1S/C18H26O5/c1-3-5-6-7-8-9-15(20)18-13(11-17(22)23-4-2)10-14(19)12-16(18)21/h10,12,19,21H,3-9,11H2,1-2H3",36701,CCCCCCCC(=O)c1c(O)cc(O)cc1CC(=O)OCC,NA
Input,Phenazopyridine,0.25142826,InputSig,NA,NA,LINCSCP_14297,HA1E,10uM,6h,kidney epithelial,Sodium channel alpha subunit blocker,SCN10A|SCN11A|SCN1A|SCN2A|SCN3A|SCN4A|SCN5A|SCN7A|SCN8A|SCN9A,QPFYXYFORQJZEC-UHFFFAOYSA-N,"InChI=1S/C11H11N5/c12-10-7-6-9(11(13)14-10)16-15-8-4-2-1-3-5-8/h1-7H,(H4,12,13,14)",15914,Nc1ccc(N=Nc2ccccc2)c(N)n1,4
Input,BRD-K76999748,0.25141836,InputSig,NA,NA,LINCSCP_16883,HA1E,10uM,6h,kidney epithelial,NA,NA,QYHFPUZBYVVXLB-UITIVDIESA-N,"InChI=1S/C32H44F3N3O7S/c1-22-19-38(23(2)21-39)31(41)27-18-25(36-46(42,43)26-11-6-5-7-12-26)13-14-28(27)45-24(3)10-8-9-17-44-29(22)20-37(4)30(40)15-16-32(33,34)35/h5-7,11-14,18,22-24,29,36,39H,8-10,15-17,19-21H2,1-4H3/t22-,23-,24-,29-/m0/s1",13547,C[C@@H](CO)N1C[C@H](C)[C@H](CN(C)C(=O)CCC(F)(F)F)OCCCC[C@H](C)Oc2ccc(NS(=O)(=O)c3ccccc3)cc2C1=O,NA
Input,BRD-K67414432-001-01-4,0.25080972,InputSig,NA,NA,LINCSCP_59254,VCAP,10uM,24h,prostate,NA,NA,IMPBBHMDJCWLCX-RHGYRFJNSA-N,"InChI=1S/C27H31Cl2N3O5S2/c1-17-13-32(18(2)16-33)27(34)20-6-4-7-23(30-39(35,36)25-8-5-11-38-25)26(20)37-24(17)15-31(3)14-19-9-10-21(28)22(29)12-19/h4-12,17-18,24,30,33H,13-16H2,1-3H3/t17-,18+,24-/m0/s1",1699,C[C@H](CO)N1C[C@H](C)[C@H](CN(C)Cc2ccc(Cl)c(Cl)c2)Oc3c(NS(=O)(=O)c4cccs4)cccc3C1=O,NA
Input,Lexibulin,0.25077875,InputSig,NA,NA,LINCSCP_72278,A375,0.04uM,24h,skin,Tubulin inhibitor,TUBA1A|TUBA1B|TUBA1C|TUBA3E|TUBA4A|TUBB|TUBB1|TUBB2A|TUBB2B|TUBB3|TUBB4A|TUBB4B|TUBB6|TUBB8,MTJHLONVHHPNSI-IBGZPJMESA-N,"InChI=1S/C24H30N6O2/c1-5-8-19(18-9-7-12-25-15-18)28-22-16(3)14-27-23(30-22)17-10-11-20(21(13-17)32-4)29-24(31)26-6-2/h7,9-15,19H,5-6,8H2,1-4H3,(H2,26,29,31)(H,27,28,30)/t19-/m0/s1",16520,CCC[C@H](Nc1nc(ncc1C)c2ccc(NC(=O)NCC)c(OC)c2)c3cccnc3,2
Input,CHEMBL318111,0.25074623,InputSig,NA,NA,LINCSCP_13679,HA1E,10uM,24h,kidney epithelial,NA,NA,XEXUKNQDDPKEIF-OAHLLOKOSA-N,"InChI=1S/C19H19NO2/c1-2-9-20-10-8-12-4-3-5-14-17(12)15(20)11-13-6-7-16(21)19(22)18(13)14/h2-7,15,21-22H,1,8-11H2/t15-/m1/s1",15390,Oc1ccc2C[C@H]3N(CC=C)CCc4cccc(c34)c2c1O,NA
Input,Candesartan,0.25062318,InputSig,NA,NA,LINCSCP_125302,HT29,10uM,24h,large intestine,Angiotensin receptor antagonist,AGTR1,GHOSNRCGJFBJIB-UHFFFAOYSA-N,"InChI=1S/C33H34N6O6/c1-3-42-32-34-28-15-9-14-27(31(40)43-21(2)44-33(41)45-24-10-5-4-6-11-24)29(28)39(32)20-22-16-18-23(19-17-22)25-12-7-8-13-26(25)30-35-37-38-36-30/h7-9,12-19,21,24H,3-6,10-11,20H2,1-2H3,(H,35,36,37,38)",15291,CCOc1nc2cccc(C(=O)OC(C)OC(=O)OC3CCCCC3)c2n1Cc4ccc(cc4)c5ccccc5c6nnn[nH]6,4
Input,Candesartan,0.25062318,InputSig,NA,NA,LINCSCP_125302,HT29,10uM,24h,large intestine,Angiotensin receptor antagonist,AGTR1,HTQMVQVXFRQIKW-UHFFFAOYSA-N,"InChI=1S/C24H20N6O3/c1-2-33-24-25-20-9-5-8-19(23(31)32)21(20)30(24)14-15-10-12-16(13-11-15)17-6-3-4-7-18(17)22-26-28-29-27-22/h3-13H,2,14H2,1H3,(H,31,32)(H,26,27,28,29)",36575,CCOc1nc2cccc(C(=O)O)c2n1Cc3ccc(cc3)c4ccccc4c5nnn[nH]5,3
Input,Dextromethorphan,0.25026903,InputSig,NA,NA,LINCSCP_14442,HA1E,10uM,24h,kidney epithelial,Glutamate receptor antagonist|Sigma receptor agonist,GRIN2A|SIGMAR1|SLC6A4,MKXZASYAUGDDCJ-NJAFHUGGSA-N,"InChI=1S/C18H25NO/c1-19-10-9-18-8-4-3-5-15(18)17(19)11-13-6-7-14(20-2)12-16(13)18/h6-7,12,15,17H,3-5,8-11H2,1-2H3/t15-,17+,18+/m1/s1",15548,COc1ccc2C[C@H]3[C@H]4CCCC[C@@]4(CCN3C)c2c1,4
Input,PF-562271,0.24985624,InputSig,NA,NA,LINCSCP_127556,HT29,0.12uM,24h,large intestine,Focal adhesion kinase inhibitor,PTK2|PTK2B,MZDKLVOWGIOKTN-UHFFFAOYSA-N,"InChI=1S/C21H20F3N7O3S/c1-31(35(2,33)34)19-12(4-3-7-25-19)10-26-18-15(21(22,23)24)11-27-20(30-18)28-14-5-6-16-13(8-14)9-17(32)29-16/h3-8,11H,9-10H2,1-2H3,(H,29,32)(H2,26,27,28,30)",35273,CN(c1ncccc1CNc2nc(Nc3ccc4NC(=O)Cc4c3)ncc2C(F)(F)F)S(=O)(=O)C,1
Input,Motesanib,0.24951567,InputSig,NA,NA,LINCSCP_133526,MCF7,10uM,24h,breast,KIT inhibitor|PDGFR tyrosine kinase receptor inhibitor|VEGFR inhibitor,FLT1|FLT4|KDR|KIT|PDGFRA|PDGFRB|RET,RAHBGWKEPAQNFF-UHFFFAOYSA-N,"InChI=1S/C22H23N5O/c1-22(2)14-26-19-12-16(5-6-18(19)22)27-21(28)17-4-3-9-24-20(17)25-13-15-7-10-23-11-8-15/h3-12,26H,13-14H2,1-2H3,(H,24,25)(H,27,28)",23526,CC1(C)CNc2cc(NC(=O)c3cccnc3NCc4ccncc4)ccc12,3
Input,W 5,0.24942821,InputSig,NA,NA,LINCSCP_311,A375,10uM,24h,skin,Calmodulin antagonist,NA,FVJRBJIENDRNBE-UHFFFAOYSA-N,"InChI=1S/C16H22N2O2S/c17-12-5-1-2-6-13-18-21(19,20)16-11-7-9-14-8-3-4-10-15(14)16/h3-4,7-11,18H,1-2,5-6,12-13,17H2",27895,NCCCCCCNS(=O)(=O)c1cccc2ccccc12,NA
Input,Apoptosis Activator II,0.24942696,InputSig,NA,NA,LINCSCP_14026,HA1E,10uM,24h,kidney epithelial,Carboxylesterase inhibitor,NA,KGRJPLRFGLMQMV-UHFFFAOYSA-N,"InChI=1S/C15H9Cl2NO2/c16-11-6-5-9(7-12(11)17)8-18-13-4-2-1-3-10(13)14(19)15(18)20/h1-7H,8H2",2712,Clc1ccc(CN2C(=O)C(=O)c3ccccc23)cc1Cl,NA
Input,MLS002703103,0.24936659,InputSig,NA,NA,LINCSCP_1107,A375,10uM,24h,skin,NA,NA,YYDWZZCRNMLZSH-UHFFFAOYSA-N,"InChI=1S/C14H16N2O8S/c1-25(21,22)12-3-2-10(8-11(12)16(19)20)14(18)24-9-13(17)15-4-6-23-7-5-15/h2-3,8H,4-7,9H2,1H3",15410,CS(=O)(=O)c1ccc(cc1[N+](=O)[O-])C(=O)OCC(=O)N2CCOCC2,NA
Input,BX-795,0.24934862,InputSig,NA,NA,LINCSCP_165077,SKL.C,0.04uM,24h,NA,IKK inhibitor,PDK1|PDPK1,VAVXGGRQQJZYBL-UHFFFAOYSA-N,"InChI=1S/C23H26IN7O2S/c24-18-15-27-22(30-20(18)25-9-5-10-26-21(32)19-8-4-13-34-19)28-16-6-3-7-17(14-16)29-23(33)31-11-1-2-12-31/h3-4,6-8,13-15H,1-2,5,9-12H2,(H,26,32)(H,29,33)(H2,25,27,28,30)",37923,Ic1cnc(Nc2cccc(NC(=O)N3CCCC3)c2)nc1NCCCNC(=O)c4cccs4,NA
Input,Doxazosin,0.24933609,InputSig,NA,NA,LINCSCP_104521,HELA,1.11uM,24h,large intestine,Adrenergic receptor antagonist,ADRA1A|ADRA1B|ADRA1D,RUZYUOTYCVRMRZ-UHFFFAOYSA-N,"InChI=1S/C23H25N5O5/c1-30-18-11-14-15(12-19(18)31-2)25-23(26-21(14)24)28-9-7-27(8-10-28)22(29)20-13-32-16-5-3-4-6-17(16)33-20/h3-6,11-12,20H,7-10,13H2,1-2H3,(H2,24,25,26)",36220,COc1cc2nc(nc(N)c2cc1OC)N3CCN(CC3)C(=O)C4COc5ccccc5O4,4
Input,AC1MJ3VH,0.24925677,InputSig,NA,NA,LINCSCP_168826,YAPC,0.37uM,24h,pancreas,RNA synthesis inhibitor|Topoisomerase inhibitor,TOP2A,STQGQHZAVUOBTE-JYZNYWJRSA-N,"InChI=1S/C27H29NO10/c1-10-22(30)14(28)7-17(37-10)38-16-9-27(35,11(2)29)8-13-19(16)26(34)21-20(24(13)32)23(31)12-5-4-6-15(36-3)18(12)25(21)33/h4-6,10,14,16-17,22,30,32,34-35H,7-9,28H2,1-3H3/t10?,14?,16-,17?,22?,27-/m0/s1",35412,COc1cccc2C(=O)c3c(O)c4C[C@](O)(C[C@H](OC5CC(N)C(O)C(C)O5)c4c(O)c3C(=O)c12)C(=O)C,NA
Input,(-)-Chlorpheniramine,0.24912075,InputSig,NA,NA,LINCSCP_154,A375,10uM,6h,skin,Histamine receptor antagonist,HRH1,SOYKEARSMXGVTM-OAHLLOKOSA-N,"InChI=1S/C16H19ClN2/c1-19(2)12-10-15(16-5-3-4-11-18-16)13-6-8-14(17)9-7-13/h3-9,11,15H,10,12H2,1-2H3/t15-/m1/s1",16028,CN(C)CC[C@H](c1ccc(Cl)cc1)c2ccccn2,NA
Input,Aphidicolin,0.24907315,InputSig,NA,NA,LINCSCP_76620,A375,1.11uM,24h,skin,NA,NA,NOFOAYPPHIUXJR-APNQCZIXSA-N,"InChI=1S/C20H34O4/c1-17(11-21)15-4-3-13-9-14-10-19(13,7-8-20(14,24)12-22)18(15,2)6-5-16(17)23/h13-16,21-24H,3-12H2,1-2H3/t13-,14+,15-,16+,17-,18-,19-,20-/m0/s1",26686,C[C@@]1(CO)[C@H](O)CC[C@@]2(C)[C@H]1CC[C@H]3C[C@@H]4C[C@]23CC[C@]4(O)CO,NA
Input,BRD-K22253301,0.24898219,InputSig,NA,NA,LINCSCP_303267,VCAP,5uM,6h,prostate,NA,NA,SYQUHMCSVCULSJ-UKEKDYKDSA-N,"InChI=1S/C30H30F3N3O6/c1-40-24-5-3-2-4-17(24)15-34-27(38)14-21-13-23-22-12-20(10-11-25(22)42-28(23)26(16-37)41-21)36-29(39)35-19-8-6-18(7-9-19)30(31,32)33/h2-12,21,23,26,28,37H,13-16H2,1H3,(H,34,38)(H2,35,36,39)/t21-,23+,26-,28-/m0/s1",2406,COc1ccccc1CNC(=O)C[C@@H]2C[C@H]3[C@H](Oc4ccc(NC(=O)Nc5ccc(cc5)C(F)(F)F)cc34)[C@H](CO)O2,NA
Input,Indomethacin,0.24893906,InputSig,NA,NA,LINCSCP_4232,A549,10uM,24h,lung,Cyclooxygenase inhibitor,PPARG|PTGDR2|PTGS1|PTGS2,CGIGDMFJXJATDK-UHFFFAOYSA-N,"InChI=1S/C19H16ClNO4/c1-11-15(10-18(22)23)16-9-14(25-2)7-8-17(16)21(11)19(24)12-3-5-13(20)6-4-12/h3-9H,10H2,1-2H3,(H,22,23)",35872,COc1ccc2c(c1)c(CC(=O)O)c(C)n2C(=O)c3ccc(Cl)cc3,4
Input,BRD-K69295800,0.24893784,InputSig,NA,NA,LINCSCP_59974,VCAP,5uM,6h,prostate,NA,NA,MYLZFEJTJGFFCG-GNBJCERTSA-N,"InChI=1S/C28H34N4O6S/c1-18-15-32(19(2)17-33)27(34)23-14-21(30-39(4,36)37)12-13-25(23)38-26(18)16-31(3)28(35)29-24-11-7-9-20-8-5-6-10-22(20)24/h5-14,18-19,26,30,33H,15-17H2,1-4H3,(H,29,35)/t18-,19+,26+/m0/s1",13335,C[C@H](CO)N1C[C@H](C)[C@@H](CN(C)C(=O)Nc2cccc3ccccc23)Oc4ccc(NS(=O)(=O)C)cc4C1=O,NA
Input,Ercalcitriol,0.24887554,InputSig,NA,NA,LINCSCP_96690,HA1E,10uM,24h,kidney epithelial,NA,NA,ZGLHBRQAEXKACO-XJRQOBMKSA-N,"InChI=1S/C28H44O3/c1-18(9-10-19(2)27(4,5)31)24-13-14-25-21(8-7-15-28(24,25)6)11-12-22-16-23(29)17-26(30)20(22)3/h9-12,18-19,23-26,29-31H,3,7-8,13-17H2,1-2,4-6H3/b10-9+,21-11+,22-12-/t18-,19+,23-,24-,25+,26+,28-/m1/s1",26988,C[C@H](\C=C\[C@H](C)C(C)(C)O)[C@H]1CC[C@H]2\C(=C\C=C/3\C[C@@H](O)C[C@H](O)C3=C)\CCC[C@]12C,NA
Input,Merbarone,0.24876413,InputSig,NA,NA,LINCSCP_96312,HA1E,10uM,24h,kidney epithelial,NA,NA,JARCFMKMOFFIGZ-UHFFFAOYSA-N,"InChI=1S/C11H9N3O3S/c15-8(12-6-4-2-1-3-5-6)7-9(16)13-11(18)14-10(7)17/h1-5,7H,(H,12,15)(H2,13,14,16,17,18)",26700,O=C(Nc1ccccc1)C2C(=O)NC(=S)NC2=O,NA
Input,MLN-8054,0.24869429,InputSig,NA,NA,LINCSCP_187517,A375,0.1uM,6h,skin,Aurora kinase inhibitor|Mitotic inhibitor|Protein kinase inhibitor,AURKA,HHFBDROWDBDFBR-UHFFFAOYSA-N,"InChI=1S/C25H15ClF2N4O2/c26-15-6-9-17-18(10-15)23(21-19(27)2-1-3-20(21)28)29-11-14-12-30-25(32-22(14)17)31-16-7-4-13(5-8-16)24(33)34/h1-10,12H,11H2,(H,33,34)(H,30,31,32)",15127,OC(=O)c1ccc(Nc2ncc3CN=C(c4cc(Cl)ccc4c3n2)c5c(F)cccc5F)cc1,1
Input,BRD-K18310625,0.248588,InputSig,NA,NA,LINCSCP_61022,VCAP,5uM,24h,prostate,NA,NA,JIFPRSYXXRNMQX-YZZKKUAISA-N,"InChI=1S/C26H40N4O5/c1-6-12-27-26(33)30-14-17(2)23(34-5)15-29(4)25(32)21-11-10-20(13-22(21)35-16-18(30)3)28-24(31)19-8-7-9-19/h10-11,13,17-19,23H,6-9,12,14-16H2,1-5H3,(H,27,33)(H,28,31)/t17-,18+,23+/m0/s1",2250,CCCNC(=O)N1C[C@H](C)[C@@H](CN(C)C(=O)c2ccc(NC(=O)C3CCC3)cc2OC[C@H]1C)OC,NA
Input,TORIN1,0.2483919,InputSig,NA,NA,LINCSCP_120421,HT29,1.11uM,24h,large intestine,MTOR inhibitor|PI3K inhibitor,MTOR,AKCRNFFTGXBONI-UHFFFAOYSA-N,"InChI=1S/C35H28F3N5O2/c1-2-32(44)42-15-13-41(14-16-42)31-11-9-26(19-28(31)35(36,37)38)43-33(45)12-8-24-20-40-30-10-7-22(18-27(30)34(24)43)25-17-23-5-3-4-6-29(23)39-21-25/h3-12,17-21H,2,13-16H2,1H3",35275,CCC(=O)N1CCN(CC1)c2ccc(cc2C(F)(F)F)N3C(=O)C=Cc4cnc5ccc(cc5c34)c6cnc7ccccc7c6,NA
Input,BAY 87-2243,0.24816074,InputSig,NA,NA,LINCSCP_78659,A375,3.33uM,24h,skin,NA,NA,CDJNNOJINJAXPV-UHFFFAOYSA-N,"InChI=1S/C26H26F3N7O2/c1-17-14-22(25-31-24(33-38-25)19-2-6-21(7-3-19)37-26(27,28)29)32-36(17)16-18-8-9-30-23(15-18)35-12-10-34(11-13-35)20-4-5-20/h2-3,6-9,14-15,20H,4-5,10-13,16H2,1H3",26986,Cc1cc(nn1Cc2ccnc(c2)N3CCN(CC3)C4CC4)c5onc(n5)c6ccc(OC(F)(F)F)cc6,NA
Input,BRD-K18059480,0.24810323,InputSig,NA,NA,LINCSCP_33824,MCF7,10uM,24h,breast,NA,NA,LCGKYSOTAAWDQI-CYNXIGLJSA-N,"InChI=1S/C36H52N4O6/c1-25-22-40(26(2)24-41)35(43)31-21-30(37-34(42)28-14-7-5-8-15-28)18-19-32(31)46-27(3)13-11-12-20-45-33(25)23-39(4)36(44)38-29-16-9-6-10-17-29/h6,9-10,16-19,21,25-28,33,41H,5,7-8,11-15,20,22-24H2,1-4H3,(H,37,42)(H,38,44)/t25-,26+,27-,33+/m1/s1",28087,C[C@@H](CO)N1C[C@@H](C)[C@H](CN(C)C(=O)Nc2ccccc2)OCCCC[C@@H](C)Oc3ccc(NC(=O)C4CCCCC4)cc3C1=O,NA
Input,Ixabepilone,0.24806316,InputSig,NA,NA,LINCSCP_169920,YAPC,10uM,24h,pancreas,Tubulin inhibitor,TUBA1A|TUBA1B|TUBA1C|TUBA3E|TUBA4A|TUBB|TUBB1|TUBB2A|TUBB2B|TUBB3|TUBB4A|TUBB4B|TUBB6|TUBB8,FABUFPQFXZVHFB-PVYNADRNSA-N,"InChI=1S/C27H42N2O5S/c1-15-9-8-10-27(7)22(34-27)12-20(16(2)11-19-14-35-18(4)28-19)29-23(31)13-21(30)26(5,6)25(33)17(3)24(15)32/h11,14-15,17,20-22,24,30,32H,8-10,12-13H2,1-7H3,(H,29,31)/b16-11+/t15-,17+,20-,21-,22-,24-,27+/m0/s1",9474,C[C@H]1CCC[C@@]2(C)O[C@H]2C[C@H](NC(=O)C[C@H](O)C(C)(C)C(=O)[C@H](C)[C@H]1O)\C(=C\c3csc(C)n3)\C,4
Input,4LY1,0.24802894,InputSig,NA,NA,LINCSCP_35439,MCF7,10uM,6h,breast,HDAC inhibitor,HDAC1|HDAC2,ABZSPJVXTTUFAA-UHFFFAOYSA-N,"InChI=1S/C19H17N3O2S/c1-12(23)21-15-7-4-13(5-8-15)19(24)22-17-11-14(6-9-16(17)20)18-3-2-10-25-18/h2-11H,20H2,1H3,(H,21,23)(H,22,24)",39148,CC(=O)Nc1ccc(cc1)C(=O)Nc2cc(ccc2N)c3cccs3,NA
Input,GSK962040,0.24800195,InputSig,NA,NA,LINCSCP_102482,HELA,0.04uM,24h,large intestine,Motilin receptor agonist,MLNR,RZKDEGZIFSJVNA-IBGZPJMESA-N,"InChI=1S/C25H33FN4O/c1-19-17-29(14-11-27-19)18-21-7-5-20(6-8-21)15-25(31)30-12-9-23(10-13-30)28-24-4-2-3-22(26)16-24/h2-8,16,19,23,27-28H,9-15,17-18H2,1H3/t19-/m0/s1",27054,C[C@H]1CN(Cc2ccc(CC(=O)N3CCC(CC3)Nc4cccc(F)c4)cc2)CCN1,2
Input,Kinetin Riboside,0.24792485,InputSig,NA,NA,LINCSCP_41766,NKDBA,10uM,24h,kidney epithelial,Apoptosis stimulant,NA,CAGLGYNQQSIUGX-SDBHATRESA-N,"InChI=1S/C15H17N5O5/c21-5-9-11(22)12(23)15(25-9)20-7-19-10-13(17-6-18-14(10)20)16-4-8-2-1-3-24-8/h1-3,6-7,9,11-12,15,21-23H,4-5H2,(H,16,17,18)/t9-,11-,12-,15-/m1/s1",36705,OC[C@H]1O[C@H]([C@H](O)[C@@H]1O)n2cnc3c(NCc4occc4)ncnc23,NA
Input,CHEMBL566722,0.2478799,InputSig,NA,NA,LINCSCP_25982,HT29,10uM,24h,large intestine,NA,NA,UOCWBNXQBNGWEH-UHFFFAOYSA-N,"InChI=1S/C22H16FN3O2/c23-17-3-1-2-14(8-17)11-24-22-18-9-15(4-6-19(18)25-12-26-22)16-5-7-20-21(10-16)28-13-27-20/h1-10,12H,11,13H2,(H,24,25,26)",36147,Fc1cccc(CNc2ncnc3ccc(cc23)c4ccc5OCOc5c4)c1,NA
Input,BRD-K57166447,0.24777804,InputSig,NA,NA,LINCSCP_61895,VCAP,5uM,6h,prostate,NA,NA,SOYBDXBXTZOLGY-OAGGEKHMSA-N,"InChI=1S/C18H24N2O4/c21-11-16-15(20-18(23)12-6-7-12)9-8-14(24-16)10-17(22)19-13-4-2-1-3-5-13/h1-5,12,14-16,21H,6-11H2,(H,19,22)(H,20,23)/t14-,15-,16+/m1/s1",38,OC[C@@H]1O[C@@H](CC(=O)Nc2ccccc2)CC[C@H]1NC(=O)C3CC3,NA
Input,BRD-K67663786,0.24766752,InputSig,NA,NA,LINCSCP_302397,VCAP,5uM,6h,prostate,NA,NA,QPJNNDOFKLWHFX-ZWKOPEQDSA-N,"InChI=1S/C15H16FNO5/c16-11-4-2-1-3-10(11)15(21)17-12-6-5-9(7-14(19)20)22-13(12)8-18/h1-6,9,12-13,18H,7-8H2,(H,17,21)(H,19,20)/t9-,12+,13+/m0/s1",24058,OC[C@H]1O[C@H](CC(=O)O)C=C[C@H]1NC(=O)c2ccccc2F,NA
Input,KSC-16-144,0.24747496,InputSig,NA,NA,LINCSCP_31180,MCF7,10uM,24h,breast,NA,NA,RYHBTLBXXBAGPS-UHFFFAOYSA-N,"InChI=1S/C23H20N4/c1-2-8-17(9-3-1)16-24-22-19-11-5-6-12-20(19)25-23(26-22)27-15-14-18-10-4-7-13-21(18)27/h1-13H,14-16H2,(H,24,25,26)",25042,C(Nc1nc(nc2ccccc12)N3CCc4ccccc34)c5ccccc5,NA
Input,Ellagic acid,0.24713607,InputSig,NA,NA,LINCSCP_134848,MCF7,10uM,24h,breast,Aldose reductase inhibitor|Beta-secretase inhibitor|Glutathione transferase inhibitor|HCV inhibitor|HIV integrase inhibitor|Quorum sensing signaling modulator|Reverse transcriptase inhibitor,CA1|CA12|CA14|CA2|CA4|CA6|CA9|SYK,AFSDNFLWKVMVRB-UHFFFAOYSA-N,"InChI=1S/C14H6O8/c15-5-1-3-7-8-4(14(20)22-11(7)9(5)17)2-6(16)10(18)12(8)21-13(3)19/h1-2,15-18H",39876,Oc1cc2C(=O)Oc3c(O)c(O)cc4C(=O)Oc(c1O)c2c34,2
Input,1-(3-Chlorophenyl)-4-hexylpiperazine,0.24711311,InputSig,NA,NA,LINCSCP_33274,MCF7,10uM,6h,breast,NA,NA,QTPPYQBUYPBJIC-UHFFFAOYSA-N,"InChI=1S/C16H25ClN2/c1-2-3-4-5-9-18-10-12-19(13-11-18)16-8-6-7-15(17)14-16/h6-8,14H,2-5,9-13H2,1H3",36159,CCCCCCN1CCN(CC1)c2cccc(Cl)c2,NA
Input,CX-4945 (Silmitasertib),0.2470163,InputSig,NA,NA,LINCSCP_108355,HELA,1.11uM,24h,large intestine,Casein kinase II alpha inhibitor,CSNK2A1,MUOKSQABCJCOPU-UHFFFAOYSA-N,"InChI=1S/C19H12ClN3O2/c20-12-2-1-3-13(9-12)22-18-15-6-7-21-10-16(15)14-5-4-11(19(24)25)8-17(14)23-18/h1-10H,(H,22,23)(H,24,25)",26667,OC(=O)c1ccc2c(c1)nc(Nc3cccc(Cl)c3)c4ccncc24,2
Input,AQ-RA-741,0.24693806,InputSig,NA,NA,LINCSCP_11326,ASC,10uM,24h,adipose,Acetylcholine receptor antagonist,CHRM2,BCUGCHZRMKTPMU-UHFFFAOYSA-N,"InChI=1S/C27H37N5O2/c1-3-30(4-2)17-8-7-10-21-14-18-31(19-15-21)20-25(33)32-24-13-6-5-11-22(24)27(34)29-23-12-9-16-28-26(23)32/h5-6,9,11-13,16,21H,3-4,7-8,10,14-15,17-20H2,1-2H3,(H,29,34)",36056,CCN(CC)CCCCC1CCN(CC(=O)N2c3ccccc3C(=O)Nc4cccnc24)CC1,NA
Input,MLS001033149,0.24686668,InputSig,NA,NA,LINCSCP_6084,A549,10uM,6h,lung,NA,NA,PYEWRVJBQXWXNV-UHFFFAOYSA-N,"InChI=1S/C12H10Cl2N2OS/c13-7-11(17)15-12-16(5-6-18-12)8-9-3-1-2-4-10(9)14/h1-6H,7-8H2",25859,ClCC(=O)N=C1SC=CN1Cc2ccccc2Cl,NA
Input,Clofoctol,0.24681805,InputSig,NA,NA,LINCSCP_105339,HELA,10uM,24h,large intestine,NA,NA,HQVZOORKDNCGCK-UHFFFAOYSA-N,"InChI=1S/C21H26Cl2O/c1-20(2,3)13-21(4,5)16-7-9-19(24)15(11-16)10-14-6-8-17(22)12-18(14)23/h6-9,11-12,24H,10,13H2,1-5H3",37616,CC(C)(C)CC(C)(C)c1ccc(O)c(Cc2ccc(Cl)cc2Cl)c1,NA
Input,CCG-208038,0.2467945,InputSig,NA,NA,LINCSCP_43547,NPC,10uM,6h,neural progenitor cells,HMGCR inhibitor,NA,YIKKMWSQVKJCOP-GILBNLLESA-N,"InChI=1S/C27H44O2/c1-17(2)7-6-8-18(3)21-9-10-22-25-23(12-14-27(21,22)5)26(4)13-11-20(28)15-19(26)16-24(25)29/h16-18,20-23,25,28H,6-15H2,1-5H3/t18?,20-,21+,22-,23-,25-,26-,27+/m0/s1",31652,CC(C)CCCC(C)[C@H]1CC[C@H]2[C@H]3[C@H](CC[C@]12C)[C@@]4(C)CC[C@H](O)CC4=CC3=O,NA
Input,BRD-K64589075,0.24677473,InputSig,NA,NA,LINCSCP_249030,MCF7,5uM,24h,breast,NA,NA,KJGKBEWVZMGFHV-FQEVSTJZSA-N,"InChI=1S/C25H27FN4O5/c1-34-11-21(32)29-12-25(13-29)14-30(24(33)28-18-6-4-3-5-17(18)26)20(10-31)23-22(25)16-8-7-15(35-2)9-19(16)27-23/h3-9,20,27,31H,10-14H2,1-2H3,(H,28,33)/t20-/m0/s1",13234,COCC(=O)N1CC2(C1)CN([C@@H](CO)c3[nH]c4cc(OC)ccc4c23)C(=O)Nc5ccccc5F,NA
Input,CGP 60474,0.24664189,InputSig,NA,NA,LINCSCP_69073,A375,0.12uM,24h,skin,CDK inhibitor,CDK1,IYNDTACKOAXKBJ-UHFFFAOYSA-N,"InChI=1S/C18H18ClN5O/c19-14-3-1-4-15(12-14)23-18-22-9-6-16(24-18)13-5-8-21-17(11-13)20-7-2-10-25/h1,3-6,8-9,11-12,25H,2,7,10H2,(H,20,21)(H,22,23,24)",16652,OCCCNc1cc(ccn1)c2ccnc(Nc3cccc(Cl)c3)n2,NA
Input,Sorafenib,0.24663116,InputSig,NA,NA,LINCSCP_87926,HA1E,10uM,24h,kidney epithelial,FLT3 inhibitor|KIT inhibitor|PDGFR tyrosine kinase receptor inhibitor|RAF inhibitor|RET tyrosine kinase inhibitor|VEGFR inhibitor,BRAF|DDR2|FGFR1|FLT1|FLT3|FLT4|KDR|KIT|PDGFRB|RAF1|RET,MLDQJTXFUGDVEO-UHFFFAOYSA-N,"InChI=1S/C21H16ClF3N4O3/c1-26-19(30)18-11-15(8-9-27-18)32-14-5-2-12(3-6-14)28-20(31)29-13-4-7-17(22)16(10-13)21(23,24)25/h2-11H,1H3,(H,26,30)(H2,28,29,31)",16626,CNC(=O)c1cc(Oc2ccc(NC(=O)Nc3ccc(Cl)c(c3)C(F)(F)F)cc2)ccn1,4
Input,Zamifenacin,0.24658147,InputSig,NA,NA,LINCSCP_25376,HT29,10uM,6h,large intestine,Acetylcholine receptor antagonist,CHRM3,BDNFQGRSKSQXRI-XMMPIXPASA-N,"InChI=1S/C27H29NO3/c1-3-8-22(9-4-1)27(23-10-5-2-6-11-23)31-24-12-7-16-28(19-24)17-15-21-13-14-25-26(18-21)30-20-29-25/h1-6,8-11,13-14,18,24,27H,7,12,15-17,19-20H2/t24-/m1/s1",36044,C(Cc1ccc2OCOc2c1)N3CCC[C@H](C3)OC(c4ccccc4)c5ccccc5,NA
Input,BRD-K96194602,0.24649218,InputSig,NA,NA,LINCSCP_65548,VCAP,10uM,6h,prostate,NA,NA,URZYNBCGNXSORA-CZSZKKDXSA-N,"InChI=1S/C26H35N3O4S/c1-5-6-7-8-22-9-10-26-24(15-22)33-25(18-28(4)17-23-11-13-27-14-12-23)20(2)16-29(21(3)19-30)34(26,31)32/h9-15,20-21,25,30H,5-6,16-19H2,1-4H3/t20-,21+,25+/m1/s1",34171,CCCC#Cc1ccc2c(O[C@@H](CN(C)Cc3ccncc3)[C@H](C)CN([C@@H](C)CO)S2(=O)=O)c1,NA
Input,CYM50199,0.24648764,InputSig,NA,NA,LINCSCP_57635,VCAP,10uM,6h,prostate,Lysophospholipid receptor agonist,S1PR3,AGOUWTBVEAKQIJ-UHFFFAOYSA-N,"InChI=1S/C14H12BrCl2NO2/c1-9-2-4-13(14(15)18-9)20-7-6-19-12-5-3-10(16)8-11(12)17/h2-5,8H,6-7H2,1H3",35571,Cc1ccc(OCCOc2ccc(Cl)cc2Cl)c(Br)n1,NA
Input,Levetiracetam,0.24645679,InputSig,NA,NA,LINCSCP_96463,HA1E,3.33uM,24h,kidney epithelial,Calcium channel blocker,CACNA1B|SV2A,HPHUVLMMVZITSG-LURJTMIESA-N,"InChI=1S/C8H14N2O2/c1-2-6(8(9)12)10-5-3-4-7(10)11/h6H,2-5H2,1H3,(H2,9,12)/t6-/m0/s1",36480,CC[C@H](N1CCCC1=O)C(=O)N,4
Input,GW620972X,0.24636489,InputSig,NA,NA,LINCSCP_87503,CD34,10uM,24h,bone marrow,NA,NA,WQGDQGAFSDMBLA-UHFFFAOYSA-N,"InChI=1S/C20H16N2OS/c21-12-17-15-9-3-4-11-18(15)24-20(17)22-19(23)16-10-5-7-13-6-1-2-8-14(13)16/h1-2,5-8,10H,3-4,9,11H2,(H,22,23)",35279,O=C(Nc1sc2CCCCc2c1C#N)c3cccc4ccccc34,NA
Input,CHEMBL2426181,0.24620217,InputSig,NA,NA,LINCSCP_31384,MCF7,10uM,24h,breast,NA,NA,UWISMMMGEUUKRE-UHFFFAOYSA-N,"InChI=1S/C14H9Cl2N5S2/c15-10-2-1-9(7-11(10)16)18-13(22)19-14-21-20-12(23-14)8-3-5-17-6-4-8/h1-7H,(H2,18,19,21,22)",15720,Clc1ccc(NC(=S)Nc2nnc(s2)c3ccncc3)cc1Cl,NA
Input,Ozagrel,0.24597567,InputSig,NA,NA,LINCSCP_106646,HELA,1.11uM,24h,large intestine,Thromboxane synthase inhibitor,TBXAS1,SHZKQBHERIJWAO-AATRIKPKSA-N,"InChI=1S/C13H12N2O2/c16-13(17)6-5-11-1-3-12(4-2-11)9-15-8-7-14-10-15/h1-8,10H,9H2,(H,16,17)/b6-5+",142,OC(=O)\C=C\c1ccc(Cn2ccnc2)cc1,3
Input,CDK4 Inhibitor III,0.24595309,InputSig,NA,NA,LINCSCP_50423,PHH,10uM,6h,NA,Histone lysine methyltransferase inhibitor,CDK4,HFPLHASLIOXVGS-UHFFFAOYSA-N,"InChI=1S/C15H12N2O2S/c1-8-3-5-10(6-4-8)17-11-7-12(18)15-13(14(11)19)16-9(2)20-15/h3-7,17H,1-2H3",35485,Cc1ccc(NC2=CC(=O)c3sc(C)nc3C2=O)cc1,NA
Input,Mebendazole,0.2459359,InputSig,NA,NA,LINCSCP_67631,MCF7,10uM,24h,breast,Tubulin inhibitor,NA,OPXLLQIJSORQAM-UHFFFAOYSA-N,"InChI=1S/C16H13N3O3/c1-22-16(21)19-15-17-12-8-7-11(9-13(12)18-15)14(20)10-5-3-2-4-6-10/h2-9H,1H3,(H2,17,18,19,21)",36029,COC(=O)Nc1nc2ccc(cc2[nH]1)C(=O)c3ccccc3,4
Input,Probucol,0.24591345,InputSig,NA,NA,LINCSCP_11587,ASC,10uM,24h,adipose,Atherogenesis inhibitor,ABCA1,FYPMFJGVHOHGLL-UHFFFAOYSA-N,"InChI=1S/C31H48O2S2/c1-27(2,3)21-15-19(16-22(25(21)32)28(4,5)6)34-31(13,14)35-20-17-23(29(7,8)9)26(33)24(18-20)30(10,11)12/h15-18,32-33H,1-14H3",38530,CC(C)(C)c1cc(SC(C)(C)Sc2cc(c(O)c(c2)C(C)(C)C)C(C)(C)C)cc(c1O)C(C)(C)C,4
Input,BRD-K87854506,0.24586537,InputSig,NA,NA,LINCSCP_61092,VCAP,5uM,24h,prostate,NA,NA,BGDCTPQGAPJUMB-AHIWAGSCSA-N,"InChI=1S/C19H28F3N3O5S/c1-12-8-23-13(2)10-30-16-7-14(24-31(27,28)11-19(20,21)22)5-6-15(16)18(26)25(3)9-17(12)29-4/h5-7,12-13,17,23-24H,8-11H2,1-4H3/t12-,13+,17-/m0/s1",8594,CO[C@H]1CN(C)C(=O)c2ccc(NS(=O)(=O)CC(F)(F)F)cc2OC[C@@H](C)NC[C@@H]1C,NA
Input,BX471,0.24579426,InputSig,NA,NA,LINCSCP_127156,HT29,10uM,24h,large intestine,NA,NA,XQYASZNUFDVMFH-CQSZACIVSA-N,"InChI=1S/C21H24ClFN4O3/c1-14-11-26(12-15-2-5-17(23)6-3-15)8-9-27(14)20(28)13-30-19-7-4-16(22)10-18(19)25-21(24)29/h2-7,10,14H,8-9,11-13H2,1H3,(H3,24,25,29)/t14-/m1/s1",26829,C[C@@H]1CN(Cc2ccc(F)cc2)CCN1C(=O)COc3ccc(Cl)cc3NC(=O)N,NA
Input,NSC653260,0.24573922,InputSig,NA,NA,LINCSCP_11340,ASC,10uM,24h,adipose,Tyrosine kinase inhibitor,NA,VEPQEAOWDILSHB-KOJZRSEWSA-N,"InChI=1S/C33H36N4O6/c34-18-24(14-22-5-11-28(38)30(40)16-22)32(42)36-26-7-1-20(2-8-26)13-21-3-9-27(10-4-21)37-33(43)25(19-35)15-23-6-12-29(39)31(41)17-23/h5-6,11-12,14-17,20-21,26-27,38-41H,1-4,7-10,13H2,(H,36,42)(H,37,43)/b24-14+,25-15+",17641,Oc1ccc(\C=C(/C#N)\C(=O)NC2CCC(CC3CCC(CC3)NC(=O)\C(=C\c4ccc(O)c(O)c4)\C#N)CC2)cc1O,NA
Input,CHEMBL2357707,0.24559989,InputSig,NA,NA,LINCSCP_48573,PC3,10uM,24h,prostate,NA,NA,HABLAPXLJDLSLY-MFEFFIJZSA-N,"InChI=1S/C23H31F3N2O4S/c1-16(23(32-4)14-27(3)13-18-11-20(25)7-10-22(18)26)12-28(17(2)15-29)33(30,31)21-8-5-19(24)6-9-21/h5-11,16-17,23,29H,12-15H2,1-4H3/t16-,17+,23-/m0/s1",37638,CO[C@@H](CN(C)Cc1cc(F)ccc1F)[C@@H](C)CN([C@H](C)CO)S(=O)(=O)c2ccc(F)cc2,NA
Input,AC1LHZKN,0.24530287,InputSig,NA,NA,LINCSCP_10691,ASC,10uM,24h,adipose,NA,NA,UWHMXDYANAZWJA-UHFFFAOYSA-N,"InChI=1S/C14H12O7/c1-7-9-3-2-8(20-6-13(17)18)4-11(9)21-14(19)10(7)5-12(15)16/h2-4H,5-6H2,1H3,(H,15,16)(H,17,18)",23153,CC1=C(CC(=O)O)C(=O)Oc2cc(OCC(=O)O)ccc12,NA
Input,BRD-K38294617,0.2451602,InputSig,NA,NA,LINCSCP_59965,VCAP,5uM,6h,prostate,NA,NA,VNWGQZGENSFMNJ-GQIGUUNPSA-N,"InChI=1S/C22H36N4O4/c1-14(2)23-22(29)24-18-7-8-19-17(9-18)10-21(28)26(16(4)13-27)11-15(3)20(30-19)12-25(5)6/h7-9,14-16,20,27H,10-13H2,1-6H3,(H2,23,24,29)/t15-,16+,20-/m1/s1",32683,CC(C)NC(=O)Nc1ccc2O[C@H](CN(C)C)[C@H](C)CN([C@@H](C)CO)C(=O)Cc2c1,NA
Input,AC1MFZU7,0.24510291,InputSig,NA,NA,LINCSCP_2259,A375,10uM,6h,skin,NA,NA,TZLQDAXJSITRIB-UHFFFAOYSA-N,"InChI=1S/C18H14N2O3S/c1-23-12-7-8-14-15(10-12)24-18-19-16(21)13(17(22)20(14)18)9-11-5-3-2-4-6-11/h2-8,10,13H,9H2,1H3",1385,COc1ccc2N3C(=NC(=O)C(Cc4ccccc4)C3=O)Sc2c1,NA
Input,979-32-8,0.2450484,InputSig,NA,NA,LINCSCP_33436,MCF7,10uM,6h,breast,Estrogen receptor agonist,ESR1,RSEPBGGWRJCQGY-ZZSVNSIZSA-N,"InChI=1S/C23H32O3/c1-3-4-5-22(25)26-21-11-10-20-19-8-6-15-14-16(24)7-9-17(15)18(19)12-13-23(20,21)2/h7,9,14,18-21,24H,3-6,8,10-13H2,1-2H3/t18?,19?,20?,21-,23-/m0/s1",22401,CCCCC(=O)O[C@H]1CCC2C3CCc4cc(O)ccc4C3CC[C@]12C,NA
Input,BRD-K44766290,0.24500683,InputSig,NA,NA,LINCSCP_59879,VCAP,5uM,24h,prostate,NA,NA,ATOUFFMQMQIITO-HHJKRLRDSA-N,"InChI=1S/C27H38N4O5/c1-18-15-31(19(2)17-32)26(33)14-20-13-22(29(3)4)9-12-24(20)36-25(18)16-30(5)27(34)28-21-7-10-23(35-6)11-8-21/h7-13,18-19,25,32H,14-17H2,1-6H3,(H,28,34)/t18-,19+,25-/m1/s1",32828,COc1ccc(NC(=O)N(C)C[C@H]2Oc3ccc(cc3CC(=O)N(C[C@H]2C)[C@@H](C)CO)N(C)C)cc1,NA
Input,BMS-707035,0.24495895,InputSig,NA,NA,LINCSCP_78123,A375,0.04uM,24h,skin,NA,NA,VNIWZCGZPBJWBI-UHFFFAOYSA-N,"InChI=1S/C17H19FN4O5S/c1-21-16(25)14(23)13(15(24)19-10-11-4-6-12(18)7-5-11)20-17(21)22-8-2-3-9-28(22,26)27/h4-7,23H,2-3,8-10H2,1H3,(H,19,24)",26701,CN1C(=O)C(=C(N=C1N2CCCCS2(=O)=O)C(=O)NCc3ccc(F)cc3)O,NA
Input,BRD7116,0.24490857,InputSig,NA,NA,LINCSCP_285964,SKM1,10uM,6h,haematopoietic and lymphoid tissue,NA,NA,UHXFWAHRAMUDLJ-UHFFFAOYSA-N,"InChI=1S/C28H36N2O4S/c1-25(2)21(26(25,3)4)23(31)29-17-9-13-19(14-10-17)35(33,34)20-15-11-18(12-16-20)30-24(32)22-27(5,6)28(22,7)8/h9-16,21-22H,1-8H3,(H,29,31)(H,30,32)",31629,CC1(C)C(C(=O)Nc2ccc(cc2)S(=O)(=O)c3ccc(NC(=O)C4C(C)(C)C4(C)C)cc3)C1(C)C,NA
Input,CHEMBL41721,0.24480821,InputSig,NA,NA,LINCSCP_42096,NPC,10uM,24h,neural progenitor cells,Glutamate receptor antagonist,CNR1|CNR2|GRIN1,SSQJFGMEZBFMNV-XJDOXCRVSA-N,"InChI=1S/C25H38O3/c1-6-7-8-9-12-24(2,3)18-14-21(27)23-19-13-17(16-26)10-11-20(19)25(4,5)28-22(23)15-18/h10,14-15,19-20,26-27H,6-9,11-13,16H2,1-5H3/t19-,20?/m0/s1",36341,CCCCCCC(C)(C)c1cc(O)c2[C@H]3CC(=CCC3C(C)(C)Oc2c1)CO,NA
Input,SCHEMBL8038519,0.24480649,InputSig,NA,NA,LINCSCP_13087,FIBRNPC,10uM,6h,NA,Dopamine receptor antagonist,ADRA2A|ADRA2B|ADRA2C|DRD1|DRD2|DRD3|DRD4|DRD5|HRH1|HTR1A|HTR2A|HTR2C|HTR6|HTR7,QZUVYCFQTWCVBQ-UHFFFAOYSA-N,"InChI=1S/C19H24ClN3S/c20-15-8-9-19-17(14-15)23(13-5-12-22-11-4-3-10-21)16-6-1-2-7-18(16)24-19/h1-2,6-9,14,22H,3-5,10-13,21H2",11564,NCCCCNCCCN1c2ccccc2Sc3ccc(Cl)cc13,NA
Input,Avicin-G,0.24475177,InputSig,NA,NA,LINCSCP_17209,HA1E,3uM,24h,kidney epithelial,NFkB pathway inhibitor,NA,AAGNHEFESXZZGI-IPSIQHQQSA-N,"InChI=1S/C98H155NO45/c1-17-93(12,126)27-19-21-40(3)80(123)138-75-42(5)131-87(73(121)69(75)117)144-94(13,18-2)28-20-22-45(34-100)81(124)136-57-33-98(90(125)143-89-79(68(116)62(110)50(36-102)134-89)142-86-74(122)77(140-85-72(120)66(114)61(109)49(35-101)132-85)76(43(6)130-86)139-84-71(119)63(111)51(37-103)133-84)47(31-91(57,8)9)46-23-24-54-95(14)29-26-56(92(10,11)53(95)25-30-96(54,15)97(46,16)32-55(98)106)137-82-58(99-44(7)104)65(113)64(112)52(135-82)39-128-88-78(67(115)59(107)41(4)129-88)141-83-70(118)60(108)48(105)38-127-83/h17-18,21-23,41-43,47-79,82-89,100-103,105-122,126H,1-2,19-20,24-39H2,3-16H3,(H,99,104)/b40-21+,45-22+/t41?,42?,43?,47?,48-,49?,50?,51+,52?,53?,54?,55-,56+,57+,58+,59+,60-,61-,62-,63+,64-,65+,66-,67-,68-,69+,70+,71+,72+,73+,74+,75-,76+,77+,78+,79+,82+,83+,84+,85+,86+,87+,88-,89+,93?,94-,95+,96-,97-,98-/m1/s1",25902,CC1O[C@@H](OCC2O[C@@H](O[C@H]3CC[C@@]4(C)C(CC[C@]5(C)C4CC=C6C7CC(C)(C)[C@H](C[C@@]7([C@H](O)C[C@@]56C)C(=O)O[C@@H]8OC(CO)[C@@H](O)[C@@H](O)[C@@H]8O[C@@H]9OC(C)[C@H](O[C@@H]%10O[C@@H](CO)[C@H](O)[C@@H]%10O)[C@@H](O[C@@H]%11OC(CO)[C@@H](O)[C@@H](O)[C@@H]%11O)[C@@H]9O)OC(=O)\C(=C\CC[C@](C)(O[C@@H]%12OC(C)[C@@H](OC(=O)\C(=C\CCC(C)(O)C=C)\C)[C@@H](O)[C@@H]%12O)C=C)\CO)C3(C)C)[C@@H](NC(=O)C)[C@H](O)[C@@H]2O)[C@@H](O[C@@H]%13OC[C@@H](O)[C@@H](O)[C@@H]%13O)[C@H](O)[C@H]1O,NA
Input,Flutamide,0.24474229,InputSig,NA,NA,LINCSCP_56859,VCAP,30uM,24h,prostate,Androgen Receptor antagonist,AR,MKXKFYHWDHIYRV-UHFFFAOYSA-N,"InChI=1S/C11H11F3N2O3/c1-6(2)10(17)15-7-3-4-9(16(18)19)8(5-7)11(12,13)14/h3-6H,1-2H3,(H,15,17)",15527,CC(C)C(=O)Nc1ccc(c(c1)C(F)(F)F)[N+](=O)[O-],4
Input,CICLESONIDE,0.24462957,InputSig,NA,NA,LINCSCP_71991,A375,0.12uM,24h,skin,Glucocorticoid receptor agonist,NR3C1,LUKZNWIVRBCLON-GXOBDPJESA-N,"InChI=1S/C32H44O7/c1-18(2)28(36)37-17-25(35)32-26(38-29(39-32)19-8-6-5-7-9-19)15-23-22-11-10-20-14-21(33)12-13-30(20,3)27(22)24(34)16-31(23,32)4/h12-14,18-19,22-24,26-27,29,34H,5-11,15-17H2,1-4H3/t22-,23-,24-,26+,27+,29+,30-,31-,32+/m0/s1",26882,CC(C)C(=O)OCC(=O)[C@@]12O[C@@H](O[C@@H]1C[C@H]3[C@@H]4CCC5=CC(=O)C=C[C@]5(C)[C@H]4[C@@H](O)C[C@]23C)C6CCCCC6,4
Input,MEGXM0_000149,0.24444905,InputSig,NA,NA,LINCSCP_22445,HEPG2,10uM,6h,liver,NA,NA,BFKWUALLEWQMII-UHFFFAOYSA-N,"InChI=1S/C16H12O7/c1-22-16(21)8-2-3-9(18)15-12(8)14(20)13-10(19)4-7(6-17)5-11(13)23-15/h2-5,17-19H,6H2,1H3",11945,COC(=O)c1ccc(O)c2Oc3cc(CO)cc(O)c3C(=O)c12,NA
Input,Thiostrepton,0.24428496,InputSig,NA,NA,LINCSCP_10973,ASC,10uM,24h,adipose,FOXM1 inhibitor|Protein synthesis inhibitor,FOXM1,NSFFHOGKXHRQEW-DVRIZHICSA-N,"InChI=1S/C72H85N19O18S5/c1-14-26(3)47-63(105)78-30(7)57(99)75-28(5)56(98)76-31(8)58(100)91-72-19-18-40(66-85-43(22-111-66)59(101)77-29(6)55(97)74-27(4)54(73)96)81-52(72)42-21-112-67(83-42)49(34(11)109-69(107)41-20-37(32(9)92)36-16-17-39(79-47)51(95)50(36)80-41)89-60(102)44-24-113-68(86-44)53(71(13,108)35(12)94)90-62(104)45-23-110-65(84-45)38(15-2)82-64(106)48(33(10)93)88-61(103)46-25-114-70(72)87-46/h15-17,20-22,24-26,30-35,39,45,47-49,51-53,79,92-95,108H,4-6,14,18-19,23H2,1-3,7-13H3,(H2,73,96)(H,74,97)(H,75,99)(H,76,98)(H,77,101)(H,78,105)(H,82,106)(H,88,103)(H,89,102)(H,90,104)(H,91,100)/b38-15+",5364,CCC(C)C1NC2C=Cc3c(cc(nc3C2O)C(=O)OC(C)C4NC(=O)c5csc(n5)C(NC(=O)C6CSC(=N6)\C(=C/C)\NC(=O)C(NC(=O)c7csc(n7)C8(CCC(=NC8c9csc4n9)c%10nc(cs%10)C(=O)NC(=C)C(=O)NC(=C)C(=O)N)NC(=O)C(C)NC(=O)C(=C)NC(=O)C(C)NC1=O)C(C)O)C(C)(O)C(C)O)C(C)O,NA
Input,Thiostrepton,0.24428496,InputSig,NA,NA,LINCSCP_10973,ASC,10uM,24h,adipose,FOXM1 inhibitor|Protein synthesis inhibitor,FOXM1,NSFFHOGKXHRQEW-IGZQDAKXSA-N,"InChI=1S/C72H85N19O18S5/c1-14-26(3)47-63(105)78-30(7)57(99)75-28(5)56(98)76-31(8)58(100)91-72-19-18-40(66-85-43(22-111-66)59(101)77-29(6)55(97)74-27(4)54(73)96)81-52(72)42-21-112-67(83-42)49(34(11)109-69(107)41-20-37(32(9)92)36-16-17-39(79-47)51(95)50(36)80-41)89-60(102)44-24-113-68(86-44)53(71(13,108)35(12)94)90-62(104)45-23-110-65(84-45)38(15-2)82-64(106)48(33(10)93)88-61(103)46-25-114-70(72)87-46/h15-17,20-22,24-26,30-35,39,45,47-49,51-53,79,92-95,108H,4-6,14,18-19,23H2,1-3,7-13H3,(H2,73,96)(H,74,97)(H,75,99)(H,76,98)(H,77,101)(H,78,105)(H,82,106)(H,88,103)(H,89,102)(H,90,104)(H,91,100)/t26?,30-,31-,32-,33+,34+,35+,39+,45+,47-,48-,49-,51-,52-,53+,71-,72+/m0/s1",22302,CCC(C)[C@@H]1N[C@@H]2C=Cc3c(cc(nc3[C@H]2O)C(=O)O[C@H](C)[C@@H]4NC(=O)c5csc(n5)[C@@H](NC(=O)[C@H]6CSC(=N6)C(=CC)NC(=O)[C@@H](NC(=O)c7csc(n7)[C@]8(CCC(=N[C@H]8c9csc4n9)c%10nc(cs%10)C(=O)NC(=C)C(=O)NC(=C)C(=O)N)NC(=O)[C@H](C)NC(=O)C(=C)NC(=O)[C@H](C)NC1=O)[C@@H](C)O)[C@@](C)(O)[C@@H](C)O)[C@H](C)O,NA
Input,Skiii,0.24427266,InputSig,NA,NA,LINCSCP_9575,A549,10uM,6h,lung,Sphingosine kinase inhibitor,SPHK1,ZFGXZJKLOFCECI-UHFFFAOYSA-N,"InChI=1S/C15H11ClN2OS/c16-11-3-1-10(2-4-11)14-9-20-15(18-14)17-12-5-7-13(19)8-6-12/h1-9,19H,(H,17,18)",15485,Oc1ccc(Nc2nc(cs2)c3ccc(Cl)cc3)cc1,NA
Input,GNF-PF-2272,0.24412077,InputSig,NA,NA,LINCSCP_6678,A549,10uM,6h,lung,NA,NA,CPXHNWKHOFNPDO-UHFFFAOYSA-N,InChI=1S/C8H9N5O2/c1-4-9-5-6(13(3)11-4)10-8(15)12(2)7(5)14/h1-3H3,1789,CN1N=C(C)N=C2C(=O)N(C)C(=O)N=C12,NA
Input,Tyrphostin 23,0.24410899,InputSig,NA,NA,LINCSCP_14270,HA1E,10uM,6h,kidney epithelial,EGFR inhibitor|Tyrosine kinase inhibitor,EGFR,VTJXFTPMFYAJJU-UHFFFAOYSA-N,"InChI=1S/C10H6N2O2/c11-5-8(6-12)3-7-1-2-9(13)10(14)4-7/h1-4,13-14H",35815,Oc1ccc(C=C(C#N)C#N)cc1O,NA
Input,Quiflapon,0.24404039,InputSig,NA,NA,LINCSCP_25530,HT29,80uM,24h,large intestine,Leukotriene inhibitor,ALOX5AP,NZOONKHCNQFYCI-UHFFFAOYSA-N,"InChI=1S/C34H35ClN2O3S/c1-33(2,3)41-31-27-18-26(40-21-25-15-12-23-8-6-7-9-28(23)36-25)16-17-29(27)37(20-22-10-13-24(35)14-11-22)30(31)19-34(4,5)32(38)39/h6-18H,19-21H2,1-5H3,(H,38,39)",36690,CC(C)(C)Sc1c(CC(C)(C)C(=O)O)n(Cc2ccc(Cl)cc2)c3ccc(OCc4ccc5ccccc5n4)cc13,NA
Input,GBR12935,0.24388388,InputSig,NA,NA,LINCSCP_52902,SKB,10uM,24h,NA,Dopamine uptake inhibitor,NA,RAQPOZGWANIDQT-UHFFFAOYSA-N,"InChI=1S/C28H34N2O/c1-4-11-25(12-5-1)13-10-18-29-19-21-30(22-20-29)23-24-31-28(26-14-6-2-7-15-26)27-16-8-3-9-17-27/h1-9,11-12,14-17,28H,10,13,18-24H2",15700,C(CN1CCN(CCOC(c2ccccc2)c3ccccc3)CC1)Cc4ccccc4,NA
Input,Olmesartan Medoxomil,0.24387602,InputSig,NA,NA,LINCSCP_161250,PC3,0.12uM,24h,prostate,Angiotensin receptor antagonist,AGTR1,UQGKUQLKSCSZGY-UHFFFAOYSA-N,"InChI=1S/C29H30N6O6/c1-5-8-23-30-25(29(3,4)38)24(27(36)39-16-22-17(2)40-28(37)41-22)35(23)15-18-11-13-19(14-12-18)20-9-6-7-10-21(20)26-31-33-34-32-26/h6-7,9-14,38H,5,8,15-16H2,1-4H3,(H,31,32,33,34)",36032,CCCc1nc(c(C(=O)OCC2=C(C)OC(=O)O2)n1Cc3ccc(cc3)c4ccccc4c5nn[nH]n5)C(C)(C)O,4
Input,(24R)-24-Hydroxycholesterol,0.24382903,InputSig,NA,NA,LINCSCP_43601,NPC,10uM,6h,neural progenitor cells,LXR agonist,NR1H2|NR1H3,IOWMKBFJCNLRTC-RNCHBCSGSA-N,"InChI=1S/C27H46O2/c1-17(2)25(29)11-6-18(3)22-9-10-23-21-8-7-19-16-20(28)12-14-26(19,4)24(21)13-15-27(22,23)5/h7,17-18,20-25,28-29H,6,8-16H2,1-5H3/t18-,20+,21+,22-,23+,24+,25-,26+,27-/m1/s1",39937,CC(C)[C@H](O)CC[C@@H](C)[C@H]1CC[C@H]2[C@@H]3CC=C4C[C@@H](O)CC[C@]4(C)[C@H]3CC[C@]12C,NA
Input,BRD-K00566471,0.24382074,InputSig,NA,NA,LINCSCP_60832,VCAP,5uM,24h,prostate,NA,NA,PDYFFKDIVHOONQ-CJYOKPGZSA-N,"InChI=1S/C30H40FN3O5/c1-20-16-34(17-22-11-13-38-14-12-22)21(2)19-39-27-10-9-23(32-29(35)24-7-5-6-8-26(24)31)15-25(27)30(36)33(3)18-28(20)37-4/h5-10,15,20-22,28H,11-14,16-19H2,1-4H3,(H,32,35)/t20-,21-,28+/m1/s1",5221,CO[C@H]1CN(C)C(=O)c2cc(NC(=O)c3ccccc3F)ccc2OC[C@@H](C)N(CC4CCOCC4)C[C@H]1C,NA
Input,"3-{3-[(1,3-Benzothiazol-2-ylsulfanyl)methyl]-4-hydroxy-5-methoxyphenyl}-2-cyanoprop-2-enamide",0.24364039,InputSig,NA,NA,LINCSCP_204343,ASC,10uM,24h,adipose,EGFR inhibitor,ERBB2,KXDONFLNGBQLTN-UHFFFAOYSA-N,"InChI=1S/C19H15N3O3S2/c1-25-15-8-11(6-12(9-20)18(21)24)7-13(17(15)23)10-26-19-22-14-4-2-3-5-16(14)27-19/h2-8,23H,10H2,1H3,(H2,21,24)",22533,COc1cc(C=C(C#N)C(=O)N)cc(CSc2nc3ccccc3s2)c1O,NA
Input,Roquinimex,0.24344081,InputSig,NA,NA,LINCSCP_105429,HELA,10uM,24h,large intestine,Angiogenesis inhibitor|TNF production inhibitor,NA,SGOOQMRIPALTEL-UHFFFAOYSA-N,"InChI=1S/C18H16N2O3/c1-19(12-8-4-3-5-9-12)17(22)15-16(21)13-10-6-7-11-14(13)20(2)18(15)23/h3-11,21H,1-2H3",15376,CN(C(=O)C1=C(O)c2ccccc2N(C)C1=O)c3ccccc3,NA
Input,BRD-K74998149,0.24340115,InputSig,NA,NA,LINCSCP_65696,VCAP,10uM,24h,prostate,NA,NA,MCPOEXMSULFVHI-KZFQQWRHSA-N,"InChI=1S/C38H41F3N6O5/c1-23-19-47(24(2)22-48)36(50)30-18-29(44-37(51)43-28-14-12-27(13-15-28)38(39,40)41)16-17-33(30)52-34(23)21-46(3)20-25-8-10-26(11-9-25)35(49)45-32-7-5-4-6-31(32)42/h4-18,23-24,34,48H,19-22,42H2,1-3H3,(H,45,49)(H2,43,44,51)/t23-,24+,34-/m0/s1",13490,C[C@H](CO)N1C[C@H](C)[C@H](CN(C)Cc2ccc(cc2)C(=O)Nc3ccccc3N)Oc4ccc(NC(=O)Nc5ccc(cc5)C(F)(F)F)cc4C1=O,NA
Input,CHEMBL2354536,0.24339719,InputSig,NA,NA,LINCSCP_23584,HEPG2,3uM,6h,liver,NA,NA,HJQSQTAMFLANGO-CDFDACKPSA-N,"InChI=1S/C33H38N2O5/c36-27-21-35(19-24-10-12-29(13-11-24)39-28-8-2-1-3-9-28)31-15-14-30(40-32(31)23-38-22-27)18-33(37)34-17-16-25-6-4-5-7-26(25)20-34/h1-13,27,30-32,36H,14-23H2/t27-,30+,31+,32-/m1/s1",36810,O[C@H]1COC[C@H]2O[C@H](CC(=O)N3CCc4ccccc4C3)CC[C@@H]2N(Cc5ccc(Oc6ccccc6)cc5)C1,NA
Input,Cymarigenen,0.24323162,InputSig,NA,NA,LINCSCP_64842,VCAP,10uM,24h,prostate,ATPase inhibitor,NA,ODJLBQGVINUMMR-UHFFFAOYSA-N,"InChI=1S/C23H32O6/c1-20-6-3-17-18(4-8-22(27)11-15(25)2-7-21(17,22)13-24)23(20,28)9-5-16(20)14-10-19(26)29-12-14/h10,13,15-18,25,27-28H,2-9,11-12H2,1H3",8339,CC12CCC3C(CCC4(O)CC(O)CCC34C=O)C1(O)CCC2C5=CC(=O)OC5,NA
Input,Anandamide,0.24318621,InputSig,NA,NA,LINCSCP_93844,HA1E,0.12uM,24h,kidney epithelial,Cannabinoid receptor agonist,CNR1|CNR2|TRPV1,LGEQQWMQCRIYKG-DOFZRALJSA-N,"InChI=1S/C22H37NO2/c1-2-3-4-5-6-7-8-9-10-11-12-13-14-15-16-17-18-19-22(25)23-20-21-24/h6-7,9-10,12-13,15-16,24H,2-5,8,11,14,17-21H2,1H3,(H,23,25)/b7-6-,10-9-,13-12-,16-15-",38013,CCCCC\C=C/C\C=C/C\C=C/C\C=C/CCCC(=O)NCCO,NA
Input,Ethamivan,0.2430941,InputSig,NA,NA,LINCSCP_192021,A549,10uM,6h,lung,Respiratory stimulant,NA,BQJODPIMMWWMFC-UHFFFAOYSA-N,"InChI=1S/C12H17NO3/c1-4-13(5-2)12(15)9-6-7-10(14)11(8-9)16-3/h6-8,14H,4-5H2,1-3H3",15613,CCN(CC)C(=O)c1ccc(O)c(OC)c1,4
Input,Salermide,0.24281819,InputSig,NA,NA,LINCSCP_52957,SKLU1,100uM,6h,lung,SIRT inhibitor,SIRT1|SIRT2,HQSSEGBEYORUBY-WPWMEQJKSA-N,"InChI=1S/C26H22N2O2/c1-18(19-8-3-2-4-9-19)26(30)28-22-12-7-11-21(16-22)27-17-24-23-13-6-5-10-20(23)14-15-25(24)29/h2-18,29H,1H3,(H,28,30)/b27-17+",16293,CC(C(=O)Nc1cccc(c1)N=Cc2c(O)ccc3ccccc23)c4ccccc4,NA
Input,BG-1024,0.24273628,InputSig,NA,NA,LINCSCP_13308,FIBRNPC,10uM,6h,NA,NA,NA,KOZXGRRSZNBQGK-UHFFFAOYSA-N,"InChI=1S/C17H15N5O/c18-14-8-4-5-9-15(14)22-16(23)12-10-19-17(20-11-12)21-13-6-2-1-3-7-13/h1-11H,18H2,(H,22,23)(H,19,20,21)",1630,Nc1ccccc1NC(=O)c2cnc(Nc3ccccc3)nc2,NA
Input,Chelerythrine,0.24253578,InputSig,NA,NA,LINCSCP_152287,PC3,10uM,24h,prostate,NA,NA,LLEJIEBFSOEYIV-UHFFFAOYSA-N,"InChI=1S/C21H18NO4/c1-22-10-16-13(6-7-17(23-2)21(16)24-3)14-5-4-12-8-18-19(26-11-25-18)9-15(12)20(14)22/h4-10H,11H2,1-3H3/q+1",37899,COc1ccc2c(c[n+](C)c3c2ccc4cc5OCOc5cc34)c1OC,NA
Input,Pyrvinium pamoate,0.24251933,InputSig,NA,NA,LINCSCP_43565,NPC,10uM,6h,neural progenitor cells,Androgen receptor antagonist,NA,JSZNAPGSRFTCQR-UHFFFAOYSA-N,"InChI=1S/C26H30N3/c1-19-17-21(20(2)29(19)24-9-7-6-8-10-24)11-13-23-14-12-22-18-25(27(3)4)15-16-26(22)28(23)5/h6-10,12,14-18H,11,13H2,1-5H3/q+1",27320,CN(C)c1ccc2c(ccc(CCc3cc(C)n(c3C)c4ccccc4)[n+]2C)c1.OC(=O)c5cc6ccccc6c(Cc7c(O)c(cc8ccccc78)C(=O)O)c5O,NA
Input,VU-0402605,0.24238135,InputSig,NA,NA,LINCSCP_173950,YAPC,0.04uM,24h,pancreas,NA,NA,NA,NA,NA,NA,NA
Input,CHEMBL567340,0.24233024,InputSig,NA,NA,LINCSCP_1123,A375,10uM,24h,skin,NA,NA,VCHWTZGSALOUAW-UHFFFAOYSA-N,"InChI=1S/C12H8F4N6/c13-6-1-7(14)3-8(2-6)19-12-21-10(4-17)20-11(22-12)18-5-9(15)16/h1-3,9H,5H2,(H2,18,19,20,21,22)",35609,FC(F)CNc1nc(Nc2cc(F)cc(F)c2)nc(n1)C#N,NA
Input,Ornidazole,0.24227446,InputSig,NA,NA,LINCSCP_91484,HA1E,0.12uM,24h,kidney epithelial,Antiprotozoal agent,NA,IPWKIXLWTCNBKN-UHFFFAOYSA-N,"InChI=1S/C7H10ClN3O3/c1-5-9-3-7(11(13)14)10(5)4-6(12)2-8/h3,6,12H,2,4H2,1H3",15244,Cc1ncc([N+](=O)[O-])n1CC(O)CCl,4
Input,"N-(1,3-Benzothiazol-2-yl)thiophene-2-carboxamide",0.24214443,InputSig,NA,NA,LINCSCP_5321,A549,10uM,6h,lung,NA,NA,ZMMOBGPTOLXOEW-UHFFFAOYSA-N,"InChI=1S/C12H8N2OS2/c15-11(10-6-3-7-16-10)14-12-13-8-4-1-2-5-9(8)17-12/h1-7H,(H,13,14,15)",15992,O=C(Nc1nc2ccccc2s1)c3cccs3,NA
Input,Arachidonyl Trifluoromethylketone,0.24210023,InputSig,NA,NA,LINCSCP_644,A375,80uM,24h,skin,Cytosolic phospholipase inhibitor,PLA2G4A,PLWROONZUDKYKG-DOFZRALJSA-N,"InChI=1S/C21H31F3O/c1-2-3-4-5-6-7-8-9-10-11-12-13-14-15-16-17-18-19-20(25)21(22,23)24/h6-7,9-10,12-13,15-16H,2-5,8,11,14,17-19H2,1H3/b7-6-,10-9-,13-12-,16-15-",17697,CCCCC\C=C/C\C=C/C\C=C/C\C=C/CCCC(=O)C(F)(F)F,NA
Input,Ondansetron,0.24206902,InputSig,NA,NA,LINCSCP_178113,A375,10uM,6h,skin,Serotonin receptor antagonist,HTR3A,FELGMEQIXOGIFQ-UHFFFAOYSA-N,"InChI=1S/C18H19N3O/c1-12-19-9-10-21(12)11-13-7-8-16-17(18(13)22)14-5-3-4-6-15(14)20(16)2/h3-6,9-10,13H,7-8,11H2,1-2H3",8575,Cc1nccn1CC2CCc3c(C2=O)c4ccccc4n3C,4
Input,CGS-15943,0.24203398,InputSig,NA,NA,LINCSCP_67580,MCF7,10uM,6h,breast,Adenosine receptor antagonist,ADORA1|ADORA2A|ADORA2B,MSJODEOZODDVGW-UHFFFAOYSA-N,"InChI=1S/C13H8ClN5O/c14-7-3-4-9-8(6-7)12-17-11(10-2-1-5-20-10)18-19(12)13(15)16-9/h1-6H,(H2,15,16)",15693,Nc1nc2ccc(Cl)cc2c3nc(nn13)c4occc4,NA
Input,Zardaverine,0.24197352,InputSig,NA,NA,LINCSCP_75293,A375,1.11uM,24h,skin,Phosphodiesterase inhibitor,PDE4D,HJMQDJPMQIHLPB-UHFFFAOYSA-N,"InChI=1S/C12H10F2N2O3/c1-18-10-6-7(2-4-9(10)19-12(13)14)8-3-5-11(17)16-15-8/h2-6,12H,1H3,(H,16,17)",35717,COc1cc(ccc1OC(F)F)C2=NNC(=O)C=C2,NA
Input,Guggulsterone,0.24192692,InputSig,NA,NA,LINCSCP_14002,HA1E,10uM,24h,kidney epithelial,Cholesterol inhibitor|Estrogen receptor agonist|FXR antagonist|IKK inhibitor|Pregnane X receptor agonist|Progesterone receptor agonist,AR|NR1H4|NR3C1|NR3C2|PGR,WDXRGPWQVHZTQJ-UHFFFAOYSA-N,"InChI=1S/C21H28O2/c1-4-16-19(23)12-18-15-6-5-13-11-14(22)7-9-20(13,2)17(15)8-10-21(16,18)3/h4,11,15,17-18H,5-10,12H2,1-3H3",24882,CC=C1C(=O)CC2C3CCC4=CC(=O)CCC4(C)C3CCC12C,NA
Input,Sulpiride,0.24175187,InputSig,NA,NA,LINCSCP_155154,PC3,0.37uM,24h,prostate,Dopamine receptor antagonist,CA7|DRD2|DRD3,BGRJTUBHPOOWDU-UHFFFAOYSA-N,"InChI=1S/C15H23N3O4S/c1-3-18-8-4-5-11(18)10-17-15(19)13-9-12(23(16,20)21)6-7-14(13)22-2/h6-7,9,11H,3-5,8,10H2,1-2H3,(H,17,19)(H2,16,20,21)",16248,CCN1CCCC1CNC(=O)c2cc(ccc2OC)S(=O)(=O)N,4
Input,Androstenedone,0.24170789,InputSig,NA,NA,LINCSCP_6815,A549,10uM,24h,lung,Aromatase inhibitor,NA,LUJVUUWNAPIQQI-WFZCBACDSA-N,"InChI=1S/C19H24O2/c1-18-9-7-13(20)11-12(18)3-4-14-15-5-6-17(21)19(15,2)10-8-16(14)18/h7,9,11,14-16H,3-6,8,10H2,1-2H3/t14?,15?,16?,18-,19-/m0/s1",22494,C[C@]12CCC3C(CCC4=CC(=O)C=C[C@]34C)C1CCC2=O,NA
Input,MEGXM0_000203,0.24165951,InputSig,NA,NA,LINCSCP_50261,PHH,3uM,24h,NA,NA,NA,HUIYHYRPRGTYKA-ONSSSSONSA-N,"InChI=1S/C23H34O11/c1-10-4-5-22(8-30-11(2)25)13(6-10)33-19-17(29)18(21(22,3)23(19)9-31-23)34-20-16(28)15(27)14(26)12(7-24)32-20/h6,12-20,24,26-29H,4-5,7-9H2,1-3H3/t12-,13?,14-,15+,16-,17-,18-,19-,20-,21-,22-,23?/m1/s1",10937,CC(=O)OC[C@]12CCC(=CC1O[C@@H]3[C@H](O)[C@@H](O[C@H]4O[C@H](CO)[C@@H](O)[C@H](O)[C@H]4O)[C@@]2(C)C35CO5)C,NA
Input,MOXIDECTIN,0.24158461,InputSig,NA,NA,LINCSCP_95343,HA1E,3.33uM,24h,kidney epithelial,NA,NA,YZBLFMPOMVTDJY-CBYMMZEQSA-N,"InChI=1S/C37H53NO8/c1-21(2)14-25(6)33-26(7)31(38-42-8)19-36(46-33)18-29-17-28(45-36)13-12-23(4)15-22(3)10-9-11-27-20-43-34-32(39)24(5)16-30(35(40)44-29)37(27,34)41/h9-12,14,16,21-22,26,28-30,32-34,39,41H,13,15,17-20H2,1-8H3/b10-9+,23-12+,25-14+,27-11+,38-31-/t22-,26-,28+,29-,30-,32+,33+,34+,36-,37+/m0/s1",26457,CON=C1C[C@]2(C[C@@H]3C[C@@H](C\C=C(/C)\C[C@@H](C)\C=C\C=C\4/CO[C@@H]5[C@H](O)C(=C[C@@H](C(=O)O3)[C@]45O)C)O2)O[C@@H]([C@H]1C)\C(=C\C(C)C)\C,NA
Input,Apomorphine,0.24143277,InputSig,NA,NA,LINCSCP_142941,MCF7,0.12uM,24h,breast,D2-like dopamine receptor agonist,DRD2|DRD3|DRD4,VMWNQDUVQKEIOC-CYBMUJFWSA-N,"InChI=1S/C17H17NO2/c1-18-8-7-10-3-2-4-12-15(10)13(18)9-11-5-6-14(19)17(20)16(11)12/h2-6,13,19-20H,7-9H2,1H3/t13-/m1/s1",38990,CN1CCc2cccc3c2[C@H]1Cc4ccc(O)c(O)c34,4
Input,MLS000518920,0.24129849,InputSig,NA,NA,LINCSCP_6026,A549,10uM,6h,lung,NA,NA,OSJWKPHEUAQQKR-UHFFFAOYSA-N,"InChI=1S/C10H9ClN2OS/c1-13-7-4-2-3-5-8(7)15-10(13)12-9(14)6-11/h2-5H,6H2,1H3",21998,CN1C(=NC(=O)CCl)Sc2ccccc12,NA
Input,BRD-K46381939,0.24128842,InputSig,NA,NA,LINCSCP_65980,VCAP,10uM,24h,prostate,NA,NA,BSUDBHASFVKNIG-ZCNNSNEGSA-N,"InChI=1S/C21H27N3O2/c1-2-12-23-21(26)24-18(13-22)20(19(24)14-25)17-10-8-16(9-11-17)15-6-4-3-5-7-15/h6,8-11,18-20,25H,2-5,7,12,14H2,1H3,(H,23,26)/t18-,19+,20-/m0/s1",37266,CCCNC(=O)N1[C@H](CO)[C@H]([C@@H]1C#N)c2ccc(cc2)C3=CCCCC3,NA
Input,BRD-K77282409,0.24128706,InputSig,NA,NA,LINCSCP_298165,VCAP,5uM,6h,prostate,NA,NA,MIOBFWIJYZOKSQ-FONBTEPMSA-N,"InChI=1S/C32H33N3O7/c1-20-16-35(21(2)18-36)32(38)25-13-22(9-10-23-7-5-6-8-26(23)39-4)15-33-30(25)42-29(20)17-34(3)31(37)24-11-12-27-28(14-24)41-19-40-27/h5-8,11-15,20-21,29,36H,16-19H2,1-4H3/t20-,21+,29-/m0/s1",887,COc1ccccc1C#Cc2cnc3O[C@@H](CN(C)C(=O)c4ccc5OCOc5c4)[C@@H](C)CN([C@H](C)CO)C(=O)c3c2,NA
Input,27277-00-5,0.24126826,InputSig,NA,NA,LINCSCP_290693,VCAP,10uM,24h,prostate,Phosphodiesterase inhibitor,NA,UQDVRVNMIJAGRK-UHFFFAOYSA-N,"InChI=1S/C9H13N5O/c1-3-4-13-7(15)6(2)5-14-9(13)11-8(10)12-14/h5H,3-4H2,1-2H3,(H2,10,12)",15550,CCCN1C(=O)C(=Cn2nc(N)nc12)C,NA
Input,Ketotifen,0.24125172,InputSig,NA,NA,LINCSCP_37313,MCF7,0.5uM,6h,breast,Histamine receptor agonist|Histamine receptor ligand|Leukotriene receptor antagonist|Phosphodiesterase inhibitor,HRH1,ZCVMWBYGMWKGHF-UHFFFAOYSA-N,"InChI=1S/C19H19NOS/c1-20-9-6-13(7-10-20)18-15-5-3-2-4-14(15)12-17(21)19-16(18)8-11-22-19/h2-5,8,11H,6-7,9-10,12H2,1H3",15532,CN1CCC(=C2c3ccccc3CC(=O)c4sccc24)CC1,4
Input,VE-821,0.24106956,InputSig,NA,NA,LINCSCP_133952,MCF7,0.37uM,24h,breast,NA,NA,DUIHHZKTCSNTGM-UHFFFAOYSA-N,"InChI=1S/C18H16N4O3S/c1-26(24,25)14-9-7-12(8-10-14)15-11-20-17(19)16(22-15)18(23)21-13-5-3-2-4-6-13/h2-11H,1H3,(H2,19,20)(H,21,23)",9066,CS(=O)(=O)c1ccc(cc1)c2cnc(N)c(n2)C(=O)Nc3ccccc3,NA
Input,ChEBI91594,0.24101096,InputSig,NA,NA,LINCSCP_42696,NPC,10uM,24h,neural progenitor cells,Tubulin inhibitor,NR1I2|TUBB,RCINICONZNJXQF-UHFFFAOYSA-N,"InChI=1S/C47H51NO14/c1-25-31(60-43(56)36(52)35(28-16-10-7-11-17-28)48-41(54)29-18-12-8-13-19-29)23-47(57)40(61-42(55)30-20-14-9-15-21-30)38-45(6,32(51)22-33-46(38,24-58-33)62-27(3)50)39(53)37(59-26(2)49)34(25)44(47,4)5/h7-21,31-33,35-38,40,51-52,57H,22-24H2,1-6H3,(H,48,54)",343,CC(=O)OC1C(=O)C2(C)C(O)CC3OCC3(OC(=O)C)C2C(OC(=O)c4ccccc4)C5(O)CC(OC(=O)C(O)C(NC(=O)c6ccccc6)c7ccccc7)C(=C1C5(C)C)C,NA
Input,MLS006011051,0.24100993,InputSig,NA,NA,LINCSCP_134167,MCF7,0.12uM,24h,breast,RAF inhibitor,BRAF,DEZZLWQELQORIU-RELWKKBWSA-N,"InChI=1S/C19H18N4O2/c24-10-9-23-12-17(19(21-23)13-5-7-20-8-6-13)15-1-3-16-14(11-15)2-4-18(16)22-25/h1,3,5-8,11-12,24-25H,2,4,9-10H2/b22-18+",17500,OCCn1cc(c2ccc3C(=NO)CCc3c2)c(n1)c4ccncc4,NA
Input,MLS001065857,0.24093559,InputSig,NA,NA,LINCSCP_30988,MCF7,10uM,24h,breast,NA,NA,YWVZSRSKYWCHBZ-SFHVURJKSA-N,"InChI=1S/C22H21N3O2/c1-22(2)19-16(15-10-6-7-11-17(15)23-19)12-18-20(26)24(21(27)25(18)22)13-14-8-4-3-5-9-14/h3-11,18,23H,12-13H2,1-2H3/t18-/m0/s1",15798,CC1(C)N2[C@@H](Cc3c1[nH]c4ccccc34)C(=O)N(Cc5ccccc5)C2=O,NA
Input,BRD-K12980773,0.24092202,InputSig,NA,NA,LINCSCP_306730,VCAP,5uM,24h,prostate,NA,NA,YIAMBQQGWRAZTQ-QFSTWRFZSA-N,"InChI=1S/C33H38N4O5S/c1-36-28-11-10-25(17-31(38)35-24-13-14-37(20-24)19-22-6-3-2-4-7-22)42-30(28)21-41-29-12-9-23(16-27(29)33(36)40)34-32(39)18-26-8-5-15-43-26/h2-9,12,15-16,24-25,28,30H,10-11,13-14,17-21H2,1H3,(H,34,39)(H,35,38)/t24-,25-,28+,30-/m0/s1",23470,CN1[C@@H]2CC[C@@H](CC(=O)N[C@H]3CCN(Cc4ccccc4)C3)O[C@H]2COc5ccc(NC(=O)Cc6cccs6)cc5C1=O,NA
Input,SCHEMBL14823984,0.24088505,InputSig,NA,NA,LINCSCP_57676,VCAP,10uM,6h,prostate,NA,NA,OVAMOESLIVIBCJ-UHFFFAOYSA-N,"InChI=1S/C20H23N5O/c1-25-15-9-3-2-7-13(15)22-19(25)23-18-21-14-8-6-10-16(26)17(14)20(24-18)11-4-5-12-20/h2-3,7,9H,4-6,8,10-12H2,1H3,(H2,21,22,23,24)",22829,Cn1c(NC2=NC3=C(C(=O)CCC3)C4(CCCC4)N2)nc5ccccc15,NA
Input,FOXY-5,0.24088396,InputSig,NA,NA,LINCSCP_260087,NEU,10uM,6h,NA,WNT5a peptide mimetic,NA,WFZPJYYCTSHDJI-ATIWLJMLSA-N,"InChI=1S/C26H42N6O12S2/c1-13(2)8-17(26(43)44)32-24(41)15(4-5-20(35)36)30-25(42)18(11-45)29-19(34)10-27-22(39)16(9-21(37)38)31-23(40)14(28-12-33)6-7-46-3/h12-18,45H,4-11H2,1-3H3,(H,27,39)(H,28,33)(H,29,34)(H,30,42)(H,31,40)(H,32,41)(H,35,36)(H,37,38)(H,43,44)/t14-,15-,16-,17-,18-/m0/s1",31661,CSCC[C@H](NC=O)C(=O)N[C@@H](CC(=O)O)C(=O)NCC(=O)N[C@@H](CS)C(=O)N[C@@H](CCC(=O)O)C(=O)N[C@@H](CC(C)C)C(=O)O,NA
Input,Nalbuphine,0.24081928,InputSig,NA,NA,LINCSCP_291492,VCAP,10uM,6h,prostate,Opioid receptor agonist|Opioid receptor antagonist,OPRD1|OPRK1|OPRM1,NETZHAKZCGBWSS-CEDHKZHLSA-N,"InChI=1S/C21H27NO4/c23-14-5-4-13-10-16-21(25)7-6-15(24)19-20(21,17(13)18(14)26-19)8-9-22(16)11-12-2-1-3-12/h4-5,12,15-16,19,23-25H,1-3,6-11H2/t15-,16+,19-,20-,21+/m0/s1",15049,O[C@H]1CC[C@@]2(O)[C@H]3Cc4ccc(O)c5O[C@@H]1[C@]2(CCN3CC6CCC6)c45,4
Input,MLS000583951,0.24063527,InputSig,NA,NA,LINCSCP_6008,A549,10uM,6h,lung,NA,NA,ZRDIMGZPSNNFQF-UHFFFAOYSA-N,"InChI=1S/C23H28ClN3O2/c1-16-10-11-20(13-17(16)2)27(21(28)14-24)22(18-7-6-12-25-15-18)23(29)26-19-8-4-3-5-9-19/h6-7,10-13,15,19,22H,3-5,8-9,14H2,1-2H3,(H,26,29)",35425,Cc1ccc(cc1C)N(C(C(=O)NC2CCCCC2)c3cccnc3)C(=O)CCl,NA
Input,Boldine,0.24062107,InputSig,NA,NA,LINCSCP_290024,VCAP,10uM,24h,prostate,Acetylcholine receptor antagonist|Dopamine receptor antagonist,NA,LZJRNLRASBVRRX-ZDUSSCGKSA-N,"InChI=1S/C19H21NO4/c1-20-5-4-10-7-15(22)19(24-3)18-12-9-16(23-2)14(21)8-11(12)6-13(20)17(10)18/h7-9,13,21-22H,4-6H2,1-3H3/t13-/m0/s1",15381,COc1cc2c(C[C@@H]3N(C)CCc4cc(O)c(OC)c2c34)cc1O,NA
Input,"(1Ar,7as,10as,10br)-1a,5-Dimethyl-8-methylidene-2,3,6,7,7a,8,10a,10b-octahydrooxireno[9,10]cyclodeca[1,2-b]furan-9(1ah)-one",0.24059422,InputSig,NA,NA,LINCSCP_66305,WSUDLCL2,20uM,6h,haematopoietic and lymphoid tissue,NFkB pathway inhibitor,NA,KTEXNACQROZXEV-ZRPLFPEYSA-N,"InChI=1S/C15H20O3/c1-9-5-4-8-15(3)13(18-15)12-11(7-6-9)10(2)14(16)17-12/h5,11-13H,2,4,6-8H2,1,3H3/b9-5-/t11-,12-,13+,15+/m0/s1",37954,C\C\1=C\CC[C@@]2(C)O[C@@H]2[C@H]3OC(=O)C(=C)[C@@H]3CC1,NA
Input,CHEMBL2135417,0.24047019,InputSig,NA,NA,LINCSCP_32374,MCF7,10uM,6h,breast,NA,NA,PRPSIXOCSCMWNX-GTNJKRJXSA-N,"InChI=1S/C34H34F3N5O5S/c1-20-17-42(21(2)19-43)32(45)26-5-4-6-27(40-30(44)22-7-9-23(10-8-22)31-38-15-16-48-31)29(26)47-28(20)18-41(3)33(46)39-25-13-11-24(12-14-25)34(35,36)37/h4-16,20-21,28,43H,17-19H2,1-3H3,(H,39,46)(H,40,44)/t20-,21+,28-/m0/s1",19786,C[C@H](CO)N1C[C@H](C)[C@H](CN(C)C(=O)Nc2ccc(cc2)C(F)(F)F)Oc3c(NC(=O)c4ccc(cc4)c5nccs5)cccc3C1=O,NA
Input,Teniposide,0.24043762,InputSig,NA,NA,LINCSCP_11230,ASC,10uM,24h,adipose,Topoisomerase inhibitor,TOP2A,NRUKOCRGYNPUPR-OQMCATNJSA-N,"InChI=1S/C32H32O13S/c1-37-19-6-13(7-20(38-2)25(19)33)23-14-8-17-18(42-12-41-17)9-15(14)28(16-10-39-30(36)24(16)23)44-32-27(35)26(34)29-21(43-32)11-40-31(45-29)22-4-3-5-46-22/h3-9,16,21,23-24,26-29,31-35H,10-12H2,1-2H3/t16?,21-,23-,24+,26-,27-,28?,29?,31-,32+/m1/s1",22395,COc1cc(cc(OC)c1O)[C@H]2[C@@H]3C(COC3=O)C(O[C@@H]4O[C@@H]5CO[C@H](OC5[C@H](O)[C@H]4O)c6cccs6)c7cc8OCOc8cc27,NA
Input,"Ingenol 3,20-dibenzoate",0.24038584,InputSig,NA,NA,LINCSCP_9151,A549,0.01uM,24h,lung,PKC activator,PRKCD|PRKCE,GIMKEHNOTHXONN-UHFFFAOYSA-N,"InChI=1S/C34H36O7/c1-19-17-33-20(2)15-25-26(32(25,3)4)24(28(33)36)16-23(18-40-30(37)21-11-7-5-8-12-21)27(35)34(33,39)29(19)41-31(38)22-13-9-6-10-14-22/h5-14,16-17,20,24-27,29,35,39H,15,18H2,1-4H3",1392,CC1CC2C(C3C=C(COC(=O)c4ccccc4)C(O)C5(O)C(OC(=O)c6ccccc6)C(=CC15C3=O)C)C2(C)C,NA
Input,Romidepsin,0.24030554,InputSig,NA,NA,LINCSCP_158085,PC3,10uM,24h,prostate,NA,NA,OHRURASPPZQGQM-GCCNXGTGSA-N,"InChI=1S/C24H36N4O6S2/c1-6-16-21(30)28-20(14(4)5)24(33)34-15-9-7-8-10-35-36-12-17(22(31)25-16)26-23(32)19(13(2)3)27-18(29)11-15/h6-7,9,13-15,17,19-20H,8,10-12H2,1-5H3,(H,25,31)(H,26,32)(H,27,29)(H,28,30)/b9-7+,16-6-/t15-,17-,19-,20+/m1/s1",26596,C\C=C\1/NC(=O)[C@H]2CSSCC\C=C\[C@H](CC(=O)N[C@H](C(C)C)C(=O)N2)OC(=O)[C@@H](NC1=O)C(C)C,NA
Input,SMR000798352,0.24030522000000001,InputSig,NA,NA,LINCSCP_1250,A375,10uM,24h,skin,NA,NA,XTEUDLFCDXLLCT-HNNXBMFYSA-N,"InChI=1S/C15H18N2O5/c1-10(2)15(11-8-6-5-7-9-11)12(18)16(13(19)21-3)17(15)14(20)22-4/h5-10H,1-4H3/t15-/m0/s1",36152,COC(=O)N1N(C(=O)OC)[C@](C(C)C)(C1=O)c2ccccc2,NA
Input,C30H33N3O5S,0.24019736,InputSig,NA,NA,LINCSCP_39341,MDAMB231,1uM,24h,NA,ATM kinase inhibitor,ATM,SCELLOWTHJGVIC-UHFFFAOYSA-N,"InChI=1S/C30H33N3O5S/c1-19-16-32(17-20(2)37-19)18-28(35)31-23-6-7-27-22(13-23)12-21-4-3-5-25(30(21)39-27)26-14-24(34)15-29(38-26)33-8-10-36-11-9-33/h3-7,13-15,19-20H,8-12,16-18H2,1-2H3,(H,31,35)",99,CC1CN(CC(=O)Nc2ccc3Sc4c(Cc3c2)cccc4C5=CC(=O)C=C(O5)N6CCOCC6)CC(C)O1,NA
Input,RS102895,0.24014233,InputSig,NA,NA,LINCSCP_30399,MCF7,10uM,6h,breast,CCR antagonist,CCR2,HIDWEYPGMLIQSN-UHFFFAOYSA-N,"InChI=1S/C21H21F3N2O2/c22-21(23,24)16-7-5-15(6-8-16)9-12-26-13-10-20(11-14-26)17-3-1-2-4-18(17)25-19(27)28-20/h1-8H,9-14H2,(H,25,27)",15983,FC(F)(F)c1ccc(CCN2CCC3(CC2)OC(=O)Nc4ccccc34)cc1,NA
Input,CCG-208112,0.24000668,InputSig,NA,NA,LINCSCP_43610,NPC,10uM,6h,neural progenitor cells,NA,NA,HQWTUOLCGKIECB-IHLOFXLRSA-N,"InChI=1S/C33H32N4O4/c38-27-15-13-23(14-16-27)19-29-32(40)35(21-26-11-6-10-25-9-4-5-12-28(25)26)22-30-36(18-17-31(39)37(29)30)33(41)34-20-24-7-2-1-3-8-24/h1-16,29-30,38H,17-22H2,(H,34,41)/t29-,30+/m1/s1",31669,Oc1ccc(C[C@H]2N3[C@@H](CN(Cc4cccc5ccccc45)C2=O)N(CCC3=O)C(=O)NCc6ccccc6)cc1,NA
Input,Bimatoprost,0.23994379,InputSig,NA,NA,LINCSCP_77999,A375,3.33uM,24h,skin,NA,NA,AQOKCDNYWBIDND-GCYMYIANSA-N,"InChI=1S/C25H37NO4/c1-2-26-25(30)13-9-4-3-8-12-21-22(24(29)18-23(21)28)17-16-20(27)15-14-19-10-6-5-7-11-19/h3,5-8,10-11,16-17,20-24,27-29H,2,4,9,12-15,18H2,1H3,(H,26,30)/b8-3-,17-16+/t20?,21-,22-,23+,24-/m1/s1",27026,CCNC(=O)CCC\C=C/C[C@H]1[C@@H](O)C[C@@H](O)[C@@H]1\C=C\C(O)CCc2ccccc2,NA
Input,BRD-K92923799-001-01-0,0.23983225,InputSig,NA,NA,LINCSCP_47674,PC3,10uM,24h,prostate,ATPase inhibitor,NA,XZTUSOXSLKTKJQ-BZQSHQAUSA-N,"InChI=1S/C23H34O4/c1-21-8-5-16(24)12-15(21)3-4-19-18(21)6-9-22(2)17(7-10-23(19,22)26)14-11-20(25)27-13-14/h11,15-19,24,26H,3-10,12-13H2,1-2H3/t15-,16-,17+,18-,19-,21-,22+,23-/m0/s1",28085,C[C@]12CC[C@H](O)C[C@@H]1CC[C@H]3[C@@H]2CC[C@]4(C)[C@H](CC[C@]34O)C5=CC(=O)OC5,NA
Input,CHEMBL578162,0.23966774,InputSig,NA,NA,LINCSCP_57407,VCAP,10uM,6h,prostate,NA,NA,SKIHJAAPCWIBJZ-UHFFFAOYSA-N,"InChI=1S/C17H15ClN6/c18-11-4-3-5-12(8-11)21-16-15-17(23-14(9-19)22-16)24(10-20-15)13-6-1-2-7-13/h3-5,8,10,13H,1-2,6-7H2,(H,21,22,23)",35639,Clc1cccc(Nc2nc(nc3c2ncn3C4CCCC4)C#N)c1,NA
Input,CHEMBL2356693,0.23954779,InputSig,NA,NA,LINCSCP_16796,HA1E,10uM,6h,kidney epithelial,NA,NA,QVMJLFZOFFUGMH-PWWNZBMUSA-N,"InChI=1S/C32H41N5O4/c1-21-17-37(22(2)20-38)32(40)26-16-25(35(3)4)14-15-29(26)41-30(21)19-36(5)18-23-10-12-24(13-11-23)31(39)34-28-9-7-6-8-27(28)33/h6-16,21-22,30,38H,17-20,33H2,1-5H3,(H,34,39)/t21-,22-,30-/m0/s1",16617,C[C@@H](CO)N1C[C@H](C)[C@H](CN(C)Cc2ccc(cc2)C(=O)Nc3ccccc3N)Oc4ccc(cc4C1=O)N(C)C,NA
Input,pancuronium,0.23950537,InputSig,NA,NA,LINCSCP_107739,HELA,0.37uM,24h,large intestine,NA,NA,NA,NA,NA,NA,NA
Input,BRD-K83072410,0.23947925,InputSig,NA,NA,LINCSCP_62106,VCAP,5uM,6h,prostate,NA,NA,XLYDKAUYLYXOHP-CEXWTWQISA-N,"InChI=1S/C21H23N3O4/c25-14-19-18(24-20(26)11-15-5-4-10-22-13-15)9-8-17(28-19)12-21(27)23-16-6-2-1-3-7-16/h1-10,13,17-19,25H,11-12,14H2,(H,23,27)(H,24,26)/t17-,18+,19-/m1/s1",8519,OC[C@H]1O[C@@H](CC(=O)Nc2ccccc2)C=C[C@@H]1NC(=O)Cc3cccnc3,NA
Input,Chloroxine,0.23947655,InputSig,NA,NA,LINCSCP_71546,A375,10uM,24h,skin,Opioid receptor antagonist,NA,WDFKMLRRRCGAKS-UHFFFAOYSA-N,"InChI=1S/C9H5Cl2NO/c10-6-4-7(11)9(13)8-5(6)2-1-3-12-8/h1-4,13H",13693,Oc1c(Cl)cc(Cl)c2cccnc12,4
Input,BL003-049-HDAC3,0.23941296,InputSig,NA,NA,LINCSCP_10081,A549,10uM,24h,lung,NA,NA,BEFOBMGNAJJGSD-UHFFFAOYSA-N,"InChI=1S/C20H24FN3O2/c1-14-6-8-15(9-7-14)20(26)23-12-4-2-3-5-19(25)24-18-11-10-16(21)13-17(18)22/h6-11,13H,2-5,12,22H2,1H3,(H,23,26)(H,24,25)",10608,Cc1ccc(cc1)C(=O)NCCCCCC(=O)Nc2ccc(F)cc2N,NA
Input,CHEMBL3347630,0.23937314,InputSig,NA,NA,LINCSCP_82272,A549,1.11uM,24h,lung,NA,NA,MUJOCHRZXRZONW-FOCLMDBBSA-N,"InChI=1S/C28H31N3O6/c1-36-27(33)16-15-26(32)31(35)18-5-4-17-29-19-21-11-13-22(14-12-21)20-37-28(34)30-25-10-6-8-23-7-2-3-9-24(23)25/h2-3,6-16,29,35H,4-5,17-20H2,1H3,(H,30,34)/b16-15+",17935,COC(=O)\C=C\C(=O)N(O)CCCCNCc1ccc(COC(=O)Nc2cccc3ccccc23)cc1,NA
Input,Hinokitiol,0.23936015,InputSig,NA,NA,LINCSCP_11289,ASC,10uM,24h,adipose,Tyrosinase inhibitor,NA,FUWUEFKEXZQKKA-UHFFFAOYSA-N,"InChI=1S/C10H12O2/c1-7(2)8-4-3-5-9(11)10(12)6-8/h3-7H,1-2H3,(H,11,12)",15609,CC(C)C1=CC=CC(=O)C(=C1)O,NA
Input,BRD-K70068422,0.23927987,InputSig,NA,NA,LINCSCP_61368,VCAP,5uM,6h,prostate,NA,NA,MJQDMCPXEXXQJL-OBWXTZQISA-N,"InChI=1S/C26H32FN3O5/c1-16-13-30(18(3)31)17(2)15-35-23-11-10-19(28-25(32)20-8-6-7-9-22(20)27)12-21(23)26(33)29(4)14-24(16)34-5/h6-12,16-17,24H,13-15H2,1-5H3,(H,28,32)/t16-,17+,24+/m0/s1",2499,CO[C@@H]1CN(C)C(=O)c2cc(NC(=O)c3ccccc3F)ccc2OC[C@@H](C)N(C[C@@H]1C)C(=O)C,NA
Input,BRD-K50777342,0.2392605,InputSig,NA,NA,LINCSCP_310154,VCAP,30uM,6h,prostate,NA,NA,WPBPFKXXTRHSGN-MVYHEMRASA-N,"InChI=1S/C31H33F4N5O5/c1-18-15-40(19(2)17-41)28(42)24-5-4-6-25(38-29(43)36-22-11-7-20(8-12-22)31(33,34)35)27(24)45-26(18)16-39(3)30(44)37-23-13-9-21(32)10-14-23/h4-14,18-19,26,41H,15-17H2,1-3H3,(H,37,44)(H2,36,38,43)/t18-,19+,26+/m1/s1",33000,C[C@@H](CO)N1C[C@@H](C)[C@H](CN(C)C(=O)Nc2ccc(F)cc2)Oc3c(NC(=O)Nc4ccc(cc4)C(F)(F)F)cccc3C1=O,NA
Input,BRD-K91730835,0.23925406,InputSig,NA,NA,LINCSCP_61924,VCAP,5uM,6h,prostate,NA,NA,YLLZUOSUTCBCJJ-GDVKCFTOSA-N,"InChI=1S/C22H27FN2O5S/c1-15(16-6-3-2-4-7-16)24-22(27)13-18-10-11-20(21(14-26)30-18)25-31(28,29)19-9-5-8-17(23)12-19/h2-9,12,15,18,20-21,25-26H,10-11,13-14H2,1H3,(H,24,27)/t15-,18-,20+,21+/m0/s1",4662,C[C@H](NC(=O)C[C@@H]1CC[C@@H](NS(=O)(=O)c2cccc(F)c2)[C@@H](CO)O1)c3ccccc3,NA
Input,Istaroxime (hydrochloride),0.23921515,InputSig,NA,NA,LINCSCP_144084,MCF7,3.33uM,24h,breast,NA,NA,MPYLDWFDPHRTEG-PAAYLBSLSA-N,"InChI=1S/C21H32N2O3/c1-20-7-5-13(23-26-10-9-22)11-17(20)18(24)12-14-15-3-4-19(25)21(15,2)8-6-16(14)20/h14-17H,3-12,22H2,1-2H3/b23-13+/t14-,15-,16-,17+,20+,21-/m0/s1",26473,C[C@]12CC\C(=N/OCCN)\C[C@@H]1C(=O)C[C@@H]3[C@@H]2CC[C@@]4(C)[C@H]3CCC4=O,NA
Input,Topiramate,0.23909812,InputSig,NA,NA,LINCSCP_89595,HA1E,0.04uM,24h,kidney epithelial,Carbonic anhydrase inhibitor|Glutamate receptor antagonist|Kainate receptor antagonist,CA2|CA4|GABRA1|GABRA2|GABRA3|GABRA4|GABRA5|GABRA6|GABRB1|GABRB2|GABRB3|GABRD|GABRE|GABRG1|GABRG2|GABRG3|GABRP|GABRQ|GRIA1|GRIA2|GRIA3|GRIA4|GRIK1|GRIK2|GRIK3|GRIK4|GRIK5|SCN10A|SCN11A|SCN1A|SCN2A|SCN3A|SCN4A|SCN5A|SCN7A|SCN8A|SCN9A,KJADKKWYZYXHBB-XBWDGYHZSA-N,"InChI=1S/C12H21NO8S/c1-10(2)18-7-5-16-12(6-17-22(13,14)15)9(8(7)19-10)20-11(3,4)21-12/h7-9H,5-6H2,1-4H3,(H2,13,14,15)/t7-,8-,9+,12+/m1/s1",16319,CC1(C)O[C@@H]2CO[C@@]3(COS(=O)(=O)N)OC(C)(C)O[C@H]3[C@@H]2O1,4
Input,KUC103658,0.23907726,InputSig,NA,NA,LINCSCP_1727,A375,10uM,6h,skin,NA,NA,XZZLYYYXSWYYKL-UHFFFAOYSA-N,InChI=1S/C13H8ClNOS/c14-9-5-7-10(8-6-9)15-13(16)11-3-1-2-4-12(11)17-15/h1-8H,7883,Clc1ccc(cc1)N2Sc3ccccc3C2=O,NA
Input,Emtricitabine,0.23899561,InputSig,NA,NA,LINCSCP_94663,HA1E,0.04uM,24h,kidney epithelial,Human immunodeficiency virus type 1 reverse transcriptase inhibitor,NA,XQSPYNMVSIKCOC-NTSWFWBYSA-N,"InChI=1S/C8H10FN3O3S/c9-4-1-12(8(14)11-7(4)10)5-3-16-6(2-13)15-5/h1,5-6,13H,2-3H2,(H2,10,11,14)/t5-,6+/m0/s1",26930,NC1=NC(=O)N(C=C1F)[C@@H]2CS[C@H](CO)O2,4
Input,SMR000206936,0.2388623,InputSig,NA,NA,LINCSCP_5620,A549,10uM,6h,lung,NA,NA,IGCXFVOTAXQEEE-UHFFFAOYSA-N,"InChI=1S/C21H23ClFN3O2/c22-13-19(27)26(18-10-8-16(23)9-11-18)20(15-5-4-12-24-14-15)21(28)25-17-6-2-1-3-7-17/h4-5,8-12,14,17,20H,1-3,6-7,13H2,(H,25,28)",9602,Fc1ccc(cc1)N(C(C(=O)NC2CCCCC2)c3cccnc3)C(=O)CCl,NA
Input,Broad-Sai-045,0.23882419,InputSig,NA,NA,LINCSCP_35511,MCF7,3uM,24h,breast,NA,NA,BBHURYMVPMFILR-UHFFFAOYSA-N,"InChI=1S/C20H18N4O2/c1-13(25)23-17-5-2-15(3-6-17)20(26)24-19-12-16(4-7-18(19)21)14-8-10-22-11-9-14/h2-12H,21H2,1H3,(H,23,25)(H,24,26)",26532,CC(=O)Nc1ccc(cc1)C(=O)Nc2cc(ccc2N)c3ccncc3,NA
Input,AC1LEPRU,0.2384445,InputSig,NA,NA,LINCSCP_34233,MCF7,10uM,6h,breast,NA,NA,ZEUTZRYWGMGMEG-UHFFFAOYSA-N,"InChI=1S/C17H14N4O4/c22-16(20-19-10-13-8-9-17(25-13)21(23)24)11-18-15-7-3-5-12-4-1-2-6-14(12)15/h1-10,18H,11H2,(H,20,22)",22634,[O-][N+](=O)c1oc(C=NNC(=O)CNc2cccc3ccccc23)cc1,NA
Input,BRD-K29407738,0.23838055,InputSig,NA,NA,LINCSCP_65438,VCAP,10uM,6h,prostate,NA,NA,UUKRRDUZPZRNGK-JXQFQVJHSA-N,"InChI=1S/C26H33N3O5S/c1-18-15-29(19(2)17-30)35(32,33)25-9-8-22(20-6-4-5-7-20)14-23(25)34-24(18)16-28(3)26(31)21-10-12-27-13-11-21/h6,8-14,18-19,24,30H,4-5,7,15-17H2,1-3H3/t18-,19-,24-/m0/s1",32440,C[C@@H](CO)N1C[C@H](C)[C@H](CN(C)C(=O)c2ccncc2)Oc3cc(ccc3S1(=O)=O)C4=CCCC4,NA
Input,SPECTRUM1505012,0.2383704,InputSig,NA,NA,LINCSCP_14659,HA1E,10uM,24h,kidney epithelial,Aromatase inhibitor,CYP19A1,BFYIZQONLCFLEV-VQIOPMHJSA-N,"InChI=1S/C20H24O2/c1-12-10-14-15-4-5-18(22)20(15,3)9-7-16(14)19(2)8-6-13(21)11-17(12)19/h6,8,11,14-16H,1,4-5,7,9-10H2,2-3H3/t14?,15?,16?,19-,20+/m1/s1",449,C[C@]12CCC3C(CC(=C)C4=CC(=O)C=C[C@]34C)C1CCC2=O,NA
Input,GSK256066,0.23830973,InputSig,NA,NA,LINCSCP_157050,PC3,10uM,24h,prostate,NA,NA,JFHROPTYMMSOLG-UHFFFAOYSA-N,"InChI=1S/C27H26N4O5S/c1-16-11-21(37(34,35)20-10-5-7-17(12-20)27(33)31(2)3)14-22-24(16)29-15-23(26(28)32)25(22)30-18-8-6-9-19(13-18)36-4/h5-15H,1-4H3,(H2,28,32)(H,29,30)",27184,COc1cccc(Nc2c(cnc3c(C)cc(cc23)S(=O)(=O)c4cccc(c4)C(=O)N(C)C)C(=O)N)c1,NA
Input,"N,N-Dimethyl-n'-{5-[(2-methyl-4-quinolyl)thio]-1,3,4-thiadiazol-2-yl}iminoformamide",0.23829417,InputSig,NA,NA,LINCSCP_6213,A549,10uM,24h,lung,NA,NA,TUKHBNWSNXWSSM-CXUHLZMHSA-N,"InChI=1S/C15H15N5S2/c1-10-8-13(11-6-4-5-7-12(11)17-10)21-15-19-18-14(22-15)16-9-20(2)3/h4-9H,1-3H3/b16-9+",36399,CN(C)\C=N\c1nnc(Sc2cc(C)nc3ccccc23)s1,NA
Input,Rolipram,0.23827146,InputSig,NA,NA,LINCSCP_284843,SKB,10uM,24h,NA,Phosphodiesterase inhibitor,PDE4A|PDE4B|PDE4C|PDE4D,HJORMJIFDVBMOB-UHFFFAOYSA-N,"InChI=1S/C16H21NO3/c1-19-14-7-6-11(12-9-16(18)17-10-12)8-15(14)20-13-4-2-3-5-13/h6-8,12-13H,2-5,9-10H2,1H3,(H,17,18)",15221,COc1ccc(cc1OC2CCCC2)C3CNC(=O)C3,2
Input,Calcipotriene,0.23808875,InputSig,NA,NA,LINCSCP_4231,A549,10uM,24h,lung,Vitamin D receptor agonist,VDR,LWQQLNNNIPYSNX-UROSTWAQSA-N,"InChI=1S/C27H40O3/c1-17(6-13-25(29)20-8-9-20)23-11-12-24-19(5-4-14-27(23,24)3)7-10-21-15-22(28)16-26(30)18(21)2/h6-7,10,13,17,20,22-26,28-30H,2,4-5,8-9,11-12,14-16H2,1,3H3/b13-6+,19-7+,21-10-/t17-,22-,23-,24+,25-,26+,27-/m1/s1",37863,C[C@H](\C=C\[C@@H](O)C1CC1)[C@H]2CC[C@H]3\C(=C\C=C/4\C[C@@H](O)C[C@H](O)C4=C)\CCC[C@]23C,4
Input,BRD-K54335715,0.23789988,InputSig,NA,NA,LINCSCP_43142,NPC,10uM,24h,neural progenitor cells,NA,NA,ULPICNQPCCMLSF-NRFANRHFSA-N,"InChI=1S/C24H29N3O4S/c1-16-6-5-7-18(10-16)32(29,30)27-14-24(15-27)13-25(2)21(12-28)23-22(24)19-9-8-17(31-4)11-20(19)26(23)3/h5-11,21,28H,12-15H2,1-4H3/t21-/m0/s1",12990,COc1ccc2c3c([C@H](CO)N(C)CC34CN(C4)S(=O)(=O)c5cccc(C)c5)n(C)c2c1,NA
Input,CHEMBL578159,0.23767914,InputSig,NA,NA,LINCSCP_238586,MCF7,10uM,6h,breast,NA,NA,VMJFQUMKCMNFSX-UHFFFAOYSA-N,"InChI=1S/C14H8F4N6/c15-7-1-8(16)3-9(2-7)21-13-12-14(23-11(4-19)22-13)24(6-20-12)5-10(17)18/h1-3,6,10H,5H2,(H,21,22,23)",15618,FC(F)Cn1cnc2c(Nc3cc(F)cc(F)c3)nc(nc12)C#N,NA
Input,F1061-0166,0.2376156,InputSig,NA,NA,LINCSCP_203406,ASC,10uM,24h,adipose,NA,NA,NFJXZWXCLRCTGM-UHFFFAOYSA-N,"InChI=1S/C22H20ClN3/c1-14-11-12-24-20(13-14)26-22(16-7-9-17(23)10-8-16)21-15(2)25-19-6-4-3-5-18(19)21/h3-13,22,25H,1-2H3,(H,24,26)",17987,Cc1ccnc(NC(c2ccc(Cl)cc2)c3c(C)[nH]c4ccccc34)c1,NA
Input,Penfluridol,0.23759891,InputSig,NA,NA,LINCSCP_51107,RMUGS,30uM,6h,ovary,T-type calcium channel blocker,NA,MDLAAYDRRZXJIF-UHFFFAOYSA-N,"InChI=1S/C28H27ClF5NO/c29-26-12-7-21(18-25(26)28(32,33)34)27(36)13-16-35(17-14-27)15-1-2-24(19-3-8-22(30)9-4-19)20-5-10-23(31)11-6-20/h3-12,18,24,36H,1-2,13-17H2",15440,OC1(CCN(CCCC(c2ccc(F)cc2)c3ccc(F)cc3)CC1)c4ccc(Cl)c(c4)C(F)(F)F,NA
Input,BRD-K40690989,0.23755642,InputSig,NA,NA,LINCSCP_311709,VCAP,10uM,24h,prostate,NA,NA,DYFXALJZQJAGQY-NOOBJOLFSA-N,"InChI=1S/C24H30N4O5/c1-28(2)13-23(31)27-16-5-6-20-18(8-16)19-9-17(32-21(14-29)24(19)33-20)10-22(30)26-12-15-4-3-7-25-11-15/h3-8,11,17,19,21,24,29H,9-10,12-14H2,1-2H3,(H,26,30)(H,27,31)/t17-,19-,21+,24+/m0/s1",25658,CN(C)CC(=O)Nc1ccc2O[C@H]3[C@@H](CO)O[C@H](CC(=O)NCc4cccnc4)C[C@H]3c2c1,NA
Input,H 8,0.23754423,InputSig,NA,NA,LINCSCP_52578,SKB,10uM,24h,NA,PKA inhibitor,NA,PJWUXKNZVMEPPH-UHFFFAOYSA-N,"InChI=1S/C12H15N3O2S/c1-13-7-8-15-18(16,17)12-4-2-3-10-9-14-6-5-11(10)12/h2-6,9,13,15H,7-8H2,1H3",24356,CNCCNS(=O)(=O)c1cccc2cnccc12,NA
Input,ANISODAMINE HYDROBROMIDE,0.23752863,InputSig,NA,NA,LINCSCP_89612,HA1E,0.12uM,24h,kidney epithelial,NA,NA,WTQYWNWRJNXDEG-GZPFGDLZSA-N,"InChI=1S/C17H23NO4/c1-18-12-7-13(9-15(18)16(20)8-12)22-17(21)14(10-19)11-5-3-2-4-6-11/h2-6,12-16,19-20H,7-10H2,1H3/t12?,13-,14+,15+,16-/m0/s1",26681,CN1C2C[C@@H](C[C@@H]1[C@@H](O)C2)OC(=O)[C@H](CO)c3ccccc3,NA
Input,BRD-K24077273,0.23752396,InputSig,NA,NA,LINCSCP_62355,VCAP,5uM,6h,prostate,NA,NA,SYQUHMCSVCULSJ-DTZJUZMMSA-N,"InChI=1S/C30H30F3N3O6/c1-40-24-5-3-2-4-17(24)15-34-27(38)14-21-13-23-22-12-20(10-11-25(22)42-28(23)26(16-37)41-21)36-29(39)35-19-8-6-18(7-9-19)30(31,32)33/h2-12,21,23,26,28,37H,13-16H2,1H3,(H,34,38)(H2,35,36,39)/t21-,23+,26+,28-/m1/s1",2491,COc1ccccc1CNC(=O)C[C@H]2C[C@@H]3[C@@H](Oc4ccc(NC(=O)Nc5ccc(cc5)C(F)(F)F)cc34)[C@H](CO)O2,NA
Input,CHEMBL258148,0.23750521,InputSig,NA,NA,LINCSCP_44886,PC3,90uM,24h,prostate,Cathepsin inhibitor,CTSL,OTIWAYTTYNFEKL-JOCHJYFZSA-N,"InChI=1S/C27H33N5O5S/c1-5-17-10-6-8-12-20(17)29-23(33)16-38-26(36)32-31-24(34)22(30-25(35)37-27(2,3)4)14-18-15-28-21-13-9-7-11-19(18)21/h6-13,15,22,28H,5,14,16H2,1-4H3,(H,29,33)(H,30,35)(H,31,34)(H,32,36)/t22-/m1/s1",36679,CCc1ccccc1NC(=O)CSC(=O)NNC(=O)[C@@H](Cc2c[nH]c3ccccc23)NC(=O)OC(C)(C)C,NA
Input,CHEMBL1552615,0.237471,InputSig,NA,NA,LINCSCP_225231,HT29,10uM,6h,large intestine,NA,NA,YEXMKBTXTVUONI-UHFFFAOYSA-N,"InChI=1S/C15H13N3O/c19-14-6-5-11(13-4-2-8-17-15(13)14)9-18-12-3-1-7-16-10-12/h1-8,10,18-19H,9H2",16055,Oc1ccc(CNc2cccnc2)c3cccnc13,NA
Input,11K-629S,0.23745858,InputSig,NA,NA,LINCSCP_189818,A549,10uM,6h,lung,NA,NA,OMIPDBMWRTVSST-UHFFFAOYSA-N,"InChI=1S/C20H13ClN2OS/c21-16-8-6-14(7-9-16)20(24)23-17-10-11-19(15(12-17)13-22)25-18-4-2-1-3-5-18/h1-12H,(H,23,24)",35976,Clc1ccc(cc1)C(=O)Nc2ccc(Sc3ccccc3)c(c2)C#N,NA
Input,"Ethyl 1-benzyl-4,5-dioxopyrrolidine-3-carboxylate",0.23741809,InputSig,NA,NA,LINCSCP_11391,ASC,10uM,24h,adipose,Aldose reductase inhibitor,AKR1B1,FQMSSTZJKSWSMP-UHFFFAOYSA-N,"InChI=1S/C14H15NO4/c1-2-19-14(18)11-9-15(13(17)12(11)16)8-10-6-4-3-5-7-10/h3-7,11H,2,8-9H2,1H3",15346,CCOC(=O)C1CN(Cc2ccccc2)C(=O)C1=O,NA
Input,KUC104123,0.2373219,InputSig,NA,NA,LINCSCP_1714,A375,10uM,6h,skin,NA,NA,FDTNOJJVSFIKKK-UHFFFAOYSA-N,"InChI=1S/C15H11FN2O2S/c16-10-5-7-11(8-6-10)17-14(19)9-18-15(20)12-3-1-2-4-13(12)21-18/h1-8H,9H2,(H,17,19)",3627,Fc1ccc(NC(=O)CN2Sc3ccccc3C2=O)cc1,NA
Input,ZK-93423,0.23725982,InputSig,NA,NA,LINCSCP_33749,MCF7,10uM,6h,breast,Benzodiazepine receptor agonist,GABRA1|GABRA2|GABRA3|GABRA5,ALBKMJDFBZVHAK-UHFFFAOYSA-N,"InChI=1S/C23H22N2O4/c1-3-28-23(26)22-18(14-27-2)21-17-11-16(29-13-15-7-5-4-6-8-15)9-10-19(17)25-20(21)12-24-22/h4-12,25H,3,13-14H2,1-2H3",35682,CCOC(=O)c1ncc2[nH]c3ccc(OCc4ccccc4)cc3c2c1COC,NA
Input,CHEMBL3182128,0.23721264,InputSig,NA,NA,LINCSCP_48536,PC3,10uM,24h,prostate,NA,NA,CFUPJBLPFAFPTJ-HSZRJFAPSA-N,"InChI=1S/C27H33N3O4/c1-33-17-24(32)30-18-27(10-12-29(13-11-27)15-19-6-4-3-5-7-19)25-21-9-8-20(34-2)14-22(21)28-26(25)23(30)16-31/h3-9,14,23,28,31H,10-13,15-18H2,1-2H3/t23-/m1/s1",19669,COCC(=O)N1CC2(CCN(Cc3ccccc3)CC2)c4c([nH]c5cc(OC)ccc45)[C@H]1CO,NA
Input,BRD-K76896049,0.23711879,InputSig,NA,NA,LINCSCP_62227,VCAP,5uM,6h,prostate,NA,NA,KKHGDJJULHRULI-CYXNTTPDSA-N,"InChI=1S/C28H28N2O5/c31-19-26-25(30-28(33)21-7-3-1-4-8-21)16-15-24(35-26)17-27(32)29-18-20-11-13-23(14-12-20)34-22-9-5-2-6-10-22/h1-16,24-26,31H,17-19H2,(H,29,32)(H,30,33)/t24-,25-,26+/m1/s1",5740,OC[C@@H]1O[C@@H](CC(=O)NCc2ccc(Oc3ccccc3)cc2)C=C[C@H]1NC(=O)c4ccccc4,NA
Input,844499-71-4,0.23710832,InputSig,NA,NA,LINCSCP_100990,HCC515,0.12uM,24h,lung,NA,NA,CTESJDQKVOEUOY-UHFFFAOYSA-N,"InChI=1S/C20H12N2O3S/c21-9-14-18(24)17-15(10-26-20(17)22-19(14)25)12-7-5-11(6-8-12)13-3-1-2-4-16(13)23/h1-8,10,23H,(H2,22,24,25)",40373,OC1=C(C#N)C(=O)Nc2scc(c3ccc(cc3)c4ccccc4O)c12,NA
Input,Conivaptan HCl,0.2370072,InputSig,NA,NA,LINCSCP_170632,YAPC,0.12uM,24h,pancreas,NA,NA,IKENVDNFQMCRTR-UHFFFAOYSA-N,"InChI=1S/C32H26N4O2/c1-21-33-28-19-20-36(29-14-8-7-13-27(29)30(28)34-21)32(38)23-15-17-24(18-16-23)35-31(37)26-12-6-5-11-25(26)22-9-3-2-4-10-22/h2-18H,19-20H2,1H3,(H,33,34)(H,35,37)",26501,Cc1nc2CCN(C(=O)c3ccc(NC(=O)c4ccccc4c5ccccc5)cc3)c6ccccc6c2[nH]1,NA
Input,CHEMBL277800,0.23692169,InputSig,NA,NA,LINCSCP_44102,PC3,10uM,6h,prostate,Ribonucleoside reductase inhibitor,POLA1|RRM1|RRM2,WDDPHFBMKLOVOX-UHFFFAOYSA-N,"InChI=1S/C10H11ClFN5O3/c11-10-15-7(13)5-8(16-10)17(2-14-5)9-4(12)6(19)3(1-18)20-9/h2-4,6,9,18-19H,1H2,(H2,13,15,16)",15328,Nc1nc(Cl)nc2c1ncn2C3OC(CO)C(O)C3F,NA
Input,BRD-K65196043,0.23691087,InputSig,NA,NA,LINCSCP_60119,VCAP,5uM,6h,prostate,NA,NA,VIOYSSVCFLGZJY-OSWQYVSFSA-N,"InChI=1S/C27H31FN2O5S/c1-18-15-30(19(2)17-31)36(33,34)26-12-11-21(10-9-20-7-8-20)13-24(26)35-25(18)16-29(3)27(32)22-5-4-6-23(28)14-22/h4-6,11-14,18-20,25,31H,7-8,15-17H2,1-3H3/t18-,19+,25+/m0/s1",830,C[C@H](CO)N1C[C@H](C)[C@@H](CN(C)C(=O)c2cccc(F)c2)Oc3cc(ccc3S1(=O)=O)C#CC4CC4,NA
Input,Fidaxomicin,0.23690286,InputSig,NA,NA,LINCSCP_94044,HA1E,10uM,24h,kidney epithelial,NA,NA,ZVGNESXIJDCBKN-MHDOWYNASA-N,"InChI=1S/C52H74Cl2O18/c1-13-30-22-26(6)33(56)18-16-15-17-31(23-66-51-45(65-12)42(61)44(29(9)67-51)69-49(64)35-32(14-2)36(53)39(58)37(54)38(35)57)48(63)68-34(28(8)55)20-19-25(5)21-27(7)43(30)70-50-41(60)40(59)46(52(10,11)72-50)71-47(62)24(3)4/h15-17,19,21-22,24,28-30,33-34,40-46,50-51,55-61H,13-14,18,20,23H2,1-12H3/b16-15+,25-19+,26-22-,27-21?,31-17+/t28-,29-,30+,33+,34-,40-,41-,42+,43-,44-,45+,46+,50-,51-/m1/s1",27196,CC[C@H]1\C=C(\C)/[C@@H](O)C\C=C\C=C(/CO[C@@H]2O[C@H](C)[C@@H](OC(=O)c3c(O)c(Cl)c(O)c(Cl)c3CC)[C@H](O)[C@@H]2OC)\C(=O)O[C@H](C\C=C(/C)\C=C(C)[C@H]1O[C@@H]4OC(C)(C)[C@@H](OC(=O)C(C)C)[C@H](O)[C@H]4O)[C@@H](C)O,NA
Input,TW 37,0.2368709,InputSig,NA,NA,LINCSCP_54208,SW620,10uM,6h,large intestine,BCL inhibitor,BCL2|BCL2L1|MCL1,PQAPVTKIEGUPRN-UHFFFAOYSA-N,"InChI=1S/C33H35NO6S/c1-20(2)25-11-7-6-10-21(25)18-22-19-26(30(36)31(37)29(22)35)32(38)34-23-14-16-24(17-15-23)41(39,40)28-13-9-8-12-27(28)33(3,4)5/h6-17,19-20,35-37H,18H2,1-5H3,(H,34,38)",16521,CC(C)c1ccccc1Cc2cc(C(=O)Nc3ccc(cc3)S(=O)(=O)c4ccccc4C(C)(C)C)c(O)c(O)c2O,NA
Input,Hyoscyamine,0.23686017,InputSig,NA,NA,LINCSCP_47517,PC3,10uM,24h,prostate,Acetylcholine receptor antagonist,NA,RKUNBYITZUJHSG-QGAIPKOMSA-N,"InChI=1S/C17H23NO3/c1-18-13-7-8-14(18)10-15(9-13)21-17(20)16(11-19)12-5-3-2-4-6-12/h2-6,13-16,19H,7-11H2,1H3/t13-,14?,15-,16-/m1/s1",22424,CN1[C@@H]2CCC1C[C@@H](C2)OC(=O)[C@H](CO)c3ccccc3,NA
Input,Hyoscyamine,0.23686017,InputSig,NA,NA,LINCSCP_47517,PC3,10uM,24h,prostate,Acetylcholine receptor antagonist,NA,RKUNBYITZUJHSG-IIAWOOMASA-N,"InChI=1S/C17H23NO3/c1-18-13-7-8-14(18)10-15(9-13)21-17(20)16(11-19)12-5-3-2-4-6-12/h2-6,13-16,19H,7-11H2,1H3/t13-,14-,16-/m1/s1",27220,CN1[C@@H]2CC[C@@H]1CC(C2)OC(=O)[C@H](CO)c3ccccc3,NA
Input,Avicin-D,0.23678502,InputSig,NA,NA,LINCSCP_49411,PC3,3uM,6h,prostate,NFkB pathway inhibitor,NA,HKEDBKXRDHFCFB-OIUXLAMQSA-N,"InChI=1S/C98H155NO46/c1-16-93(11,127)26-18-20-45(34-101)81(125)139-75-41(4)132-87(73(122)69(75)118)145-94(12,17-2)27-19-21-44(33-100)80(124)137-57-32-98(90(126)144-89-79(68(117)62(111)50(36-103)135-89)143-86-74(123)77(141-85-72(121)66(115)61(110)49(35-102)133-85)76(42(5)131-86)140-84-71(120)63(112)51(37-104)134-84)47(30-91(57,7)8)46-22-23-54-95(13)28-25-56(92(9,10)53(95)24-29-96(54,14)97(46,15)31-55(98)107)138-82-58(99-43(6)105)65(114)64(113)52(136-82)39-129-88-78(67(116)59(108)40(3)130-88)142-83-70(119)60(109)48(106)38-128-83/h16-17,20-22,40-42,47-79,82-89,100-104,106-123,127H,1-2,18-19,23-39H2,3-15H3,(H,99,105)/b44-21+,45-20+/t40?,41?,42?,47?,48-,49?,50?,51+,52?,53?,54?,55-,56+,57+,58+,59+,60-,61-,62-,63+,64-,65+,66-,67-,68-,69+,70+,71+,72+,73+,74+,75-,76+,77+,78+,79+,82+,83+,84+,85+,86+,87+,88-,89+,93?,94-,95+,96-,97-,98-/m1/s1",5590,CC1O[C@@H](OCC2O[C@@H](O[C@H]3CC[C@@]4(C)C(CC[C@]5(C)C4CC=C6C7CC(C)(C)[C@H](C[C@@]7([C@H](O)C[C@@]56C)C(=O)O[C@@H]8OC(CO)[C@@H](O)[C@@H](O)[C@@H]8O[C@@H]9OC(C)[C@H](O[C@@H]%10O[C@@H](CO)[C@H](O)[C@@H]%10O)[C@@H](O[C@@H]%11OC(CO)[C@@H](O)[C@@H](O)[C@@H]%11O)[C@@H]9O)OC(=O)\C(=C\CC[C@](C)(O[C@@H]%12OC(C)[C@@H](OC(=O)\C(=C\CCC(C)(O)C=C)\CO)[C@@H](O)[C@@H]%12O)C=C)\CO)C3(C)C)[C@@H](NC(=O)C)[C@H](O)[C@@H]2O)[C@@H](O[C@@H]%13OC[C@@H](O)[C@@H](O)[C@@H]%13O)[C@H](O)[C@H]1O,NA
Input,MLS002703102,0.23673575,InputSig,NA,NA,LINCSCP_45330,PC3,10uM,24h,prostate,NA,NA,LGWGRZMOWLHHDN-UHFFFAOYSA-N,"InChI=1S/C22H31N3O7S/c1-33(30,31)20-8-7-18(15-19(20)25(28)29)22(27)32-16-21(26)24-13-11-23(12-14-24)10-9-17-5-3-2-4-6-17/h7-8,15,17H,2-6,9-14,16H2,1H3",15940,CS(=O)(=O)c1ccc(cc1[N+](=O)[O-])C(=O)OCC(=O)N2CCN(CCC3CCCCC3)CC2,NA
Input,MLS002264455,0.23643944,InputSig,NA,NA,LINCSCP_1408,A375,10uM,24h,skin,NA,NA,HHEHBOFRTLPQEV-UHFFFAOYSA-N,"InChI=1S/C14H9ClN6S2/c1-21-14(18-19-20-21)23-13-11-9(6-22-12(11)16-7-17-13)8-4-2-3-5-10(8)15/h2-7H,1H3",15742,Cn1nnnc1Sc2ncnc3scc(c4ccccc4Cl)c23,NA
Input,MLS003129148,0.23643787,InputSig,NA,NA,LINCSCP_60563,VCAP,5uM,24h,prostate,NA,NA,DZRIWTKXHLXUTO-XLNZFTOWSA-N,"InChI=1S/C26H34N6O5/c1-18-14-31(19(2)16-33)25(34)10-7-11-32-21(13-27-29-32)17-36-24(18)15-30(3)26(35)22-12-23(37-28-22)20-8-5-4-6-9-20/h4-6,8-9,12-13,18-19,24,33H,7,10-11,14-17H2,1-3H3/t18-,19+,24+/m0/s1",36934,C[C@H](CO)N1C[C@H](C)[C@@H](CN(C)C(=O)c2cc(on2)c3ccccc3)OCc4cnnn4CCCC1=O,NA
Input,BRD-K59746807,0.23638597,InputSig,NA,NA,LINCSCP_61251,VCAP,5uM,24h,prostate,NA,NA,MJQDMCPXEXXQJL-UAVUOLJFSA-N,"InChI=1S/C26H32FN3O5/c1-16-13-30(18(3)31)17(2)15-35-23-11-10-19(28-25(32)20-8-6-7-9-22(20)27)12-21(23)26(33)29(4)14-24(16)34-5/h6-12,16-17,24H,13-15H2,1-5H3,(H,28,32)/t16-,17-,24-/m0/s1",3767,CO[C@H]1CN(C)C(=O)c2cc(NC(=O)c3ccccc3F)ccc2OC[C@H](C)N(C[C@@H]1C)C(=O)C,NA
Input,U-0126,0.2363523,InputSig,NA,NA,LINCSCP_58963,VCAP,10uM,24h,prostate,MEK inhibitor,MAP2K1|MAP2K2,DVEXZJFMOKTQEZ-MJZABRMRSA-N,"InChI=1S/C18H16N6S2/c19-9-11(17(23)25-15-7-3-1-5-13(15)21)12(10-20)18(24)26-16-8-4-2-6-14(16)22/h1-8H,21-24H2/b17-11-,18-12+",37284,N\C(=C(/C#N)\C(=C(/N)\Sc1ccccc1N)\C#N)\Sc2ccccc2N,NA
Input,MLN9708,0.2362904,InputSig,NA,NA,LINCSCP_172710,YAPC,0.04uM,24h,pancreas,NA,NA,YTXSYWAKVMZICI-PVCZSOGJSA-N,"InChI=1S/C20H23BCl2N2O9/c1-10(2)5-14(21-33-17(29)8-20(34-21,19(31)32)7-16(27)28)25-15(26)9-24-18(30)12-6-11(22)3-4-13(12)23/h3-4,6,10,14H,5,7-9H2,1-2H3,(H,24,30)(H,25,26)(H,27,28)(H,31,32)/t14-,20?/m0/s1",26606,CC(C)C[C@H](NC(=O)CNC(=O)c1cc(Cl)ccc1Cl)B2OC(=O)CC(CC(=O)O)(O2)C(=O)O,NA
Input,BRD-K70077013,0.23619255,InputSig,NA,NA,LINCSCP_63240,VCAP,5uM,24h,prostate,NA,NA,LLFGMIFPADLUOD-QFZRFWILSA-N,"InChI=1S/C28H30FN5O5/c1-16-22(14-33(2)32-16)31-26(35)13-20-8-9-23-25(39-20)15-38-24-10-7-19(12-21(24)28(37)34(23)3)30-27(36)17-5-4-6-18(29)11-17/h4-7,10-12,14,20,23,25H,8-9,13,15H2,1-3H3,(H,30,36)(H,31,35)/t20-,23-,25-/m1/s1",2517,CN1[C@@H]2CC[C@H](CC(=O)Nc3cn(C)nc3C)O[C@@H]2COc4ccc(NC(=O)c5cccc(F)c5)cc4C1=O,NA
Input,CHEMBL2133997,0.23615975,InputSig,NA,NA,LINCSCP_296488,VCAP,5uM,24h,prostate,NA,NA,HSZCUBFTTZDVGX-CUAXAMRHSA-N,"InChI=1S/C28H35Cl2N3O4/c1-17-13-33(18(2)16-34)27(35)12-21-11-22(31-28(36)20-5-6-20)7-9-25(21)37-26(17)15-32(3)14-19-4-8-23(29)24(30)10-19/h4,7-11,17-18,20,26,34H,5-6,12-16H2,1-3H3,(H,31,36)/t17-,18+,26+/m0/s1",19649,C[C@H](CO)N1C[C@H](C)[C@@H](CN(C)Cc2ccc(Cl)c(Cl)c2)Oc3ccc(NC(=O)C4CC4)cc3CC1=O,NA
Input,ETHYLENEDIAMINE TETRACETATE TETRA-ETHANOLAMINE,0.23614542,InputSig,NA,NA,LINCSCP_107971,HELA,1.11uM,24h,large intestine,NA,NA,KCXVZYZYPLLWCC-UHFFFAOYSA-N,"InChI=1S/C10H16N2O8/c13-7(14)3-11(4-8(15)16)1-2-12(5-9(17)18)6-10(19)20/h1-6H2,(H,13,14)(H,15,16)(H,17,18)(H,19,20)",26934,OC(=O)CN(CCN(CC(=O)O)CC(=O)O)CC(=O)O,3
Input,AZ20,0.23603932,InputSig,NA,NA,LINCSCP_128985,HUVEC,3.33uM,24h,umbilical vein,NA,NA,SCGCBAAYLFTIJU-CQSZACIVSA-N,"InChI=1S/C21H24N4O3S/c1-14-13-28-11-10-25(14)19-12-18(21(7-8-21)29(2,26)27)23-20(24-19)16-4-3-5-17-15(16)6-9-22-17/h3-6,9,12,14,22H,7-8,10-11,13H2,1-2H3/t14-/m1/s1",22038,C[C@@H]1COCCN1c2cc(nc(n2)c3cccc4[nH]ccc34)C5(CC5)S(=O)(=O)C,NA
Input,Lonafarnib,0.23602754,InputSig,NA,NA,LINCSCP_94320,HA1E,3.33uM,24h,kidney epithelial,Protein farnesyltransferase inhibitor,CHURC1-FNTB|FNTA|FNTB,DHMTURDWPRKSOA-RUZDIDTESA-N,"InChI=1S/C27H31Br2ClN4O2/c28-20-12-19-2-1-18-13-21(30)14-22(29)24(18)25(26(19)32-15-20)17-5-9-33(10-6-17)23(35)11-16-3-7-34(8-4-16)27(31)36/h12-17,25H,1-11H2,(H2,31,36)/t25-/m1/s1",26916,NC(=O)N1CCC(CC(=O)N2CCC(CC2)[C@H]3c4ncc(Br)cc4CCc5cc(Cl)cc(Br)c35)CC1,3
Input,NSC 663284,0.23602513,InputSig,NA,NA,LINCSCP_92,A375,10uM,6h,skin,CDC inhibitor,CDC25A|CDC25B,BMKPVDQDJQWBPD-UHFFFAOYSA-N,"InChI=1S/C15H16ClN3O3/c16-11-13(18-4-5-19-6-8-22-9-7-19)15(21)12-10(14(11)20)2-1-3-17-12/h1-3,18H,4-9H2",12097,ClC1=C(NCCN2CCOCC2)C(=O)c3ncccc3C1=O,NA
Input,Strophanthidin,0.23592194,InputSig,NA,NA,LINCSCP_50241,PHH,10uM,24h,NA,ATPase inhibitor,ATP1A1,ODJLBQGVINUMMR-HZXDTFASSA-N,"InChI=1S/C23H32O6/c1-20-6-3-17-18(4-8-22(27)11-15(25)2-7-21(17,22)13-24)23(20,28)9-5-16(20)14-10-19(26)29-12-14/h10,13,15-18,25,27-28H,2-9,11-12H2,1H3/t15-,16+,17-,18+,20+,21-,22-,23-/m0/s1",36078,C[C@]12CC[C@H]3[C@@H](CC[C@]4(O)C[C@@H](O)CC[C@]34C=O)[C@@]1(O)CC[C@@H]2C5=CC(=O)OC5,NA
Input,NEFIRACETAM,0.23591198,InputSig,NA,NA,LINCSCP_107468,HELA,0.04uM,24h,large intestine,NA,NA,NGHTXZCKLWZPGK-UHFFFAOYSA-N,"InChI=1S/C14H18N2O2/c1-10-5-3-6-11(2)14(10)15-12(17)9-16-8-4-7-13(16)18/h3,5-6H,4,7-9H2,1-2H3,(H,15,17)",26962,Cc1cccc(C)c1NC(=O)CN2CCCC2=O,2
Input,Lestaurtinib,0.23583668,InputSig,NA,NA,LINCSCP_49936,PHH,10uM,24h,NA,FLT3 inhibitor|Growth factor receptor inhibitor|JAK inhibitor,FLT3|JAK2|NTRK1|NTRK2|NTRK3|RET,UIARLYUEJFELEN-LROUJFHJSA-N,"InChI=1S/C26H21N3O4/c1-25-26(32,12-30)10-18(33-25)28-16-8-4-2-6-13(16)20-21-15(11-27-24(21)31)19-14-7-3-5-9-17(14)29(25)23(19)22(20)28/h2-9,18,30,32H,10-12H2,1H3,(H,27,31)/t18-,25+,26+/m1/s1",35297,C[C@]12O[C@H](C[C@]1(O)CO)n3c4ccccc4c5c6C(=O)NCc6c7c8ccccc8n2c7c35,3
Input,L-Sulforaphane,0.235819,InputSig,NA,NA,LINCSCP_94187,HA1E,10uM,24h,kidney epithelial,Anticancer agent|Aryl hydrocarbon receptor antagonist,NFE2L2,SUVMJBTUFCVSAD-UHFFFAOYSA-N,"InChI=1S/C6H11NOS2/c1-10(8)5-3-2-4-7-6-9/h2-5H2,1H3",31891,CS(=O)CCCCN=C=S,NA
Input,OSI-930,0.23580627,InputSig,NA,NA,LINCSCP_83057,ASC.C,10uM,24h,NA,KIT inhibitor|VEGFR inhibitor,FLT1|FLT4|KDR|KIT,FGTCROZDHDSNIO-UHFFFAOYSA-N,"InChI=1S/C22H16F3N3O2S/c23-22(24,25)30-16-7-5-15(6-8-16)28-21(29)20-19(10-12-31-20)27-13-14-9-11-26-18-4-2-1-3-17(14)18/h1-12,27H,13H2,(H,28,29)",15171,FC(F)(F)Oc1ccc(NC(=O)c2sccc2NCc3ccnc4ccccc34)cc1,1
Input,PIK-93,0.23572913,InputSig,NA,NA,LINCSCP_115316,HS578T,1.11uM,3h,breast,NA,NA,JFVNFXCESCXMBC-UHFFFAOYSA-N,"InChI=1S/C14H16ClN3O4S2/c1-8-13(23-14(17-8)18-9(2)20)10-3-4-11(15)12(7-10)24(21,22)16-5-6-19/h3-4,7,16,19H,5-6H2,1-2H3,(H,17,18,20)",34323,CC(=O)Nc1nc(C)c(s1)c2ccc(Cl)c(c2)S(=O)(=O)NCCO,NA
Input,BRD-K54029516,0.23571442,InputSig,NA,NA,LINCSCP_60976,VCAP,5uM,6h,prostate,NA,NA,QTFKJTMJQVNOKY-ANSQWYIGSA-N,"InChI=1S/C29H36FN3O5/c1-18-15-33(27(34)13-20-5-6-20)19(2)17-38-25-14-23(31-28(35)21-7-9-22(30)10-8-21)11-12-24(25)29(36)32(3)16-26(18)37-4/h7-12,14,18-20,26H,5-6,13,15-17H2,1-4H3,(H,31,35)/t18-,19+,26-/m0/s1",3548,CO[C@H]1CN(C)C(=O)c2ccc(NC(=O)c3ccc(F)cc3)cc2OC[C@@H](C)N(C[C@@H]1C)C(=O)CC4CC4,NA
Input,"7,8-Dihydroxychlorpromazine",0.23568371,InputSig,NA,NA,LINCSCP_43235,NPC,10uM,24h,neural progenitor cells,NA,NA,ZCBSXRWEKNAYOU-UHFFFAOYSA-N,"InChI=1S/C17H19ClN2O2S/c1-19(2)6-3-7-20-12-8-11(18)4-5-16(12)23-17-10-15(22)14(21)9-13(17)20/h4-5,8-10,21-22H,3,6-7H2,1-2H3",19474,CN(C)CCCN1c2cc(Cl)ccc2Sc3cc(O)c(O)cc13,NA
Input,Diphenyleneiodonium,0.23551887,InputSig,NA,NA,LINCSCP_11462,ASC,10uM,24h,adipose,Nitric oxide synthase inhibitor,NOS2|NOS3,QFXKXRXFBRLLPQ-UHFFFAOYSA-N,InChI=1S/C12H8I/c1-3-7-11-9(5-1)10-6-2-4-8-12(10)13-11/h1-8H/q+1,15838,c1ccc2c(c1)[i+]c3ccccc23,NA
Input,LY2886721,0.23550992,InputSig,NA,NA,LINCSCP_71670,A375,0.04uM,24h,skin,NA,NA,NIDRNVHMMDAAIK-MGNBDDOMSA-N,"InChI=1S/C18H16F2N4O2S/c19-11-1-4-15(22-6-11)16(25)23-12-2-3-14(20)13(5-12)18-9-26-7-10(18)8-27-17(21)24-18/h1-6,10H,7-9H2,(H2,21,24)(H,23,25)/t10-,18+/m1/s1",26633,NC1=N[C@]2(COC[C@@H]2CS1)c3cc(NC(=O)c4ccc(F)cn4)ccc3F,NA
Input,BRD-K71611609,0.23547552,InputSig,NA,NA,LINCSCP_62575,VCAP,5uM,6h,prostate,NA,NA,CSQKNNUUWCECGY-YALMDMJRSA-N,"InChI=1S/C26H32N4O5/c31-15-23-25-21(12-19(34-23)13-24(32)28-14-16-7-9-27-10-8-16)20-11-18(5-6-22(20)35-25)30-26(33)29-17-3-1-2-4-17/h5-11,17,19,21,23,25,31H,1-4,12-15H2,(H,28,32)(H2,29,30,33)/t19-,21-,23-,25+/m0/s1",3500,OC[C@@H]1O[C@H](CC(=O)NCc2ccncc2)C[C@@H]3[C@H]1Oc4ccc(NC(=O)NC5CCCC5)cc34,NA
Input,AZD-8055,0.23546682,InputSig,NA,NA,LINCSCP_69317,A375,0.37uM,24h,skin,MTOR inhibitor,MTOR,KVLFRAWTRWDEDF-IRXDYDNUSA-N,"InChI=1S/C25H31N5O4/c1-16-14-33-10-8-29(16)24-20-5-6-21(18-4-7-22(32-3)19(12-18)13-31)26-23(20)27-25(28-24)30-9-11-34-15-17(30)2/h4-7,12,16-17,31H,8-11,13-15H2,1-3H3/t16-,17-/m0/s1",36801,COc1ccc(cc1CO)c2ccc3c(nc(nc3n2)N4CCOC[C@@H]4C)N5CCOC[C@@H]5C,1
Input,CP466722,0.23535206,InputSig,NA,NA,LINCSCP_24487,HS578T,1uM,6h,breast,ATM kinase inhibitor,ATM,ILBRKJBKDGCSCB-UHFFFAOYSA-N,"InChI=1S/C17H15N7O2/c1-25-13-7-10-12(8-14(13)26-2)20-9-21-16(10)24-17(18)22-15(23-24)11-5-3-4-6-19-11/h3-9H,1-2H3,(H2,18,22,23)",16627,COc1cc2ncnc(c2cc1OC)n3nc(nc3N)c4ccccn4,NA
Input,Enalapril,0.23534061,InputSig,NA,NA,LINCSCP_10245,A549,3uM,6h,lung,Angiotensin converting enzyme inhibitor,ACE,GBXSMTUPTTWBMN-XIRDDKMYSA-N,"InChI=1S/C20H28N2O5/c1-3-27-20(26)16(12-11-15-8-5-4-6-9-15)21-14(2)18(23)22-13-7-10-17(22)19(24)25/h4-6,8-9,14,16-17,21H,3,7,10-13H2,1-2H3,(H,24,25)/t14-,16-,17-/m0/s1",15762,CCOC(=O)[C@H](CCc1ccccc1)N[C@@H](C)C(=O)N2CCC[C@H]2C(=O)O,4
Input,BRD-K07569193,0.23507236,InputSig,NA,NA,LINCSCP_41706,NKDBA,1uM,24h,kidney epithelial,NA,NA,QCHQNBIYSRQADD-YCAMKHIRSA-N,"InChI=1S/C26H32F3N3O4/c27-26(28,29)20-3-1-2-19(12-20)14-32-15-21(33)16-35-17-24-23(32)5-4-22(36-24)13-25(34)31-11-8-18-6-9-30-10-7-18/h1-3,6-7,9-10,12,21-24,33H,4-5,8,11,13-17H2,(H,31,34)/t21-,22-,23-,24+/m1/s1",23140,O[C@H]1COC[C@@H]2O[C@@H](CC(=O)NCCc3ccncc3)CC[C@H]2N(Cc4cccc(c4)C(F)(F)F)C1,NA
Input,brefeldin-a,0.235016,InputSig,NA,NA,LINCSCP_160196,PC3,10uM,24h,prostate,NA,NA,NA,NA,NA,NA,NA
Input,BRD-K38586507,0.23501198,InputSig,NA,NA,LINCSCP_199299,A549,5uM,24h,lung,NA,NA,ZQRBUDCDWAFAJY-NDEPHWFRSA-N,"InChI=1S/C32H36N4O5/c1-39-23-6-7-26-27(16-23)34-30-28(19-37)36(18-21-13-24(40-2)15-25(14-21)41-3)20-32(29(26)30)8-11-35(12-9-32)31(38)22-5-4-10-33-17-22/h4-7,10,13-17,28,34,37H,8-9,11-12,18-20H2,1-3H3/t28-/m0/s1",12580,COc1ccc2c3c([nH]c2c1)[C@H](CO)N(Cc4cc(OC)cc(OC)c4)CC35CCN(CC5)C(=O)c6cccnc6,NA
Input,Vinpocetine,0.23494349,InputSig,NA,NA,LINCSCP_171828,YAPC,10uM,24h,pancreas,Phosphodiesterase inhibitor|Sodium channel blocker,PDE1A,DDNCQMVWWZOMLN-IRLDBZIGSA-N,"InChI=1S/C22H26N2O2/c1-3-22-11-7-12-23-13-10-16-15-8-5-6-9-17(15)24(19(16)20(22)23)18(14-22)21(25)26-4-2/h5-6,8-9,14,20H,3-4,7,10-13H2,1-2H3/t20-,22+/m1/s1",35834,CCOC(=O)C1=C[C@]2(CC)CCCN3CCc4c([C@H]23)n1c5ccccc45,4
Input,Pidotimod,0.23491941,InputSig,NA,NA,LINCSCP_168539,YAPC,0.12uM,24h,pancreas,Interferon receptor agonist|Interleukin receptor agonist,NA,UUTKICFRNVKFRG-WDSKDSINSA-N,"InChI=1S/C9H12N2O4S/c12-7-2-1-5(10-7)8(13)11-4-16-3-6(11)9(14)15/h5-6H,1-4H2,(H,10,12)(H,14,15)/t5-,6-/m0/s1",38767,OC(=O)[C@@H]1CSCN1C(=O)[C@@H]2CCC(=O)N2,NA
Input,CHEMBL2140651,0.23490084,InputSig,NA,NA,LINCSCP_27720,HT29,5uM,24h,large intestine,NA,NA,YOONRACURWGVIS-VELXTTODSA-N,"InChI=1S/C32H33FN4O3S/c1-32(2,3)41(40)37-20-25-17-27(31(39)35-19-24-8-4-5-12-26(24)33)36-30(29(25)28(37)13-15-38)22-10-6-9-21(16-22)23-11-7-14-34-18-23/h4-12,14,16-18,28,38H,13,15,19-20H2,1-3H3,(H,35,39)/t28-,41-/m0/s1",17344,CC(C)(C)[S@](=O)N1Cc2cc(nc(c3cccc(c3)c4cccnc4)c2[C@@H]1CCO)C(=O)NCc5ccccc5F,NA
Input,PLX-4720,0.23484756,InputSig,NA,NA,LINCSCP_81231,A549,0.04uM,24h,lung,RAF inhibitor,BRAF,YZDJQTHVDDOVHR-UHFFFAOYSA-N,"InChI=1S/C17H14ClF2N3O3S/c1-2-5-27(25,26)23-13-4-3-12(19)14(15(13)20)16(24)11-8-22-17-10(11)6-9(18)7-21-17/h3-4,6-8,23H,2,5H2,1H3,(H,21,22)",35267,CCCS(=O)(=O)Nc1ccc(F)c(C(=O)c2c[nH]c3ncc(Cl)cc23)c1F,NA
Input,FR-180204,0.23483742,InputSig,NA,NA,LINCSCP_30062,MCF10A,0.1uM,6h,breast epithelial,MAP kinase inhibitor,MAPK1|MAPK3,XVECMUKVOMUNLE-UHFFFAOYSA-N,"InChI=1S/C18H13N7/c19-17-12-10-13(20-22-18(12)23-21-17)15-14-8-4-5-9-25(14)24-16(15)11-6-2-1-3-7-11/h1-10H,(H3,19,21,22,23)",27855,Nc1[nH]nc2nnc(cc12)c3c(nn4ccccc34)c5ccccc5,NA
Input,SCHEMBL17857056,0.23482689,InputSig,NA,NA,LINCSCP_36485,MCF7,10uM,24h,breast,EGFR inhibitor,NA,SFLKJNSBBVSPFE-UHFFFAOYSA-N,"InChI=1S/C34H36Cl2N8O4/c1-5-30(45)40-24-8-6-22(7-9-24)20-44(34(46)41-33-31(35)26(47-3)18-27(48-4)32(33)36)29-19-28(37-21-38-29)39-23-10-12-25(13-11-23)43-16-14-42(2)15-17-43/h5-13,18-19,21H,1,14-17,20H2,2-4H3,(H,40,45)(H,41,46)(H,37,38,39)",7077,COc1cc(OC)c(Cl)c(NC(=O)N(Cc2ccc(NC(=O)C=C)cc2)c3cc(Nc4ccc(cc4)N5CCN(C)CC5)ncn3)c1Cl,NA
Input,BRD-K96345282,0.23480412,InputSig,NA,NA,LINCSCP_61303,VCAP,5uM,24h,prostate,NA,NA,VMCYUUKPCWGJCJ-PWHSHALESA-N,"InChI=1S/C25H35N3O5S/c1-17-9-7-8-10-24(17)34(30,31)26-20-11-12-21-22(13-20)33-16-19(3)27(4)14-18(2)23(32-6)15-28(5)25(21)29/h7-13,18-19,23,26H,14-16H2,1-6H3/t18-,19-,23+/m1/s1",4804,CO[C@H]1CN(C)C(=O)c2ccc(NS(=O)(=O)c3ccccc3C)cc2OC[C@@H](C)N(C)C[C@H]1C,NA
Input,ALD1-H_001009,0.23473961,InputSig,NA,NA,LINCSCP_10807,ASC,10uM,24h,adipose,NA,NA,XXOJFDXWTRAJPB-LDADJPATSA-N,"InChI=1S/C17H22N2O5/c1-24-16(21)11-5-3-2-4-10-15(20)19-18-12-13-8-6-7-9-14(13)17(22)23/h6-9,12H,2-5,10-11H2,1H3,(H,19,20)(H,22,23)/b18-12+",42698,COC(=O)CCCCCCC(=O)NN=Cc1ccccc1C(=O)O,NA
Input,TORIN-2,0.23455598,InputSig,NA,NA,LINCSCP_115279,HS578T,3.33uM,3h,breast,MTOR inhibitor,MTOR,GUXXEUUYCAYESJ-UHFFFAOYSA-N,"InChI=1S/C24H15F3N4O/c25-24(26,27)17-2-1-3-18(11-17)31-22(32)9-6-16-13-29-20-7-4-14(10-19(20)23(16)31)15-5-8-21(28)30-12-15/h1-13H,(H2,28,30)",7104,Nc1ccc(cn1)c2ccc3ncc4C=CC(=O)N(c5cccc(c5)C(F)(F)F)c4c3c2,NA
Input,Tyrphostin AG-1478,0.23450469,InputSig,NA,NA,LINCSCP_51192,RMUGS,60uM,6h,ovary,EGFR inhibitor,EGFR,GFNNBHLJANVSQV-UHFFFAOYSA-N,"InChI=1S/C16H14ClN3O2/c1-21-14-7-12-13(8-15(14)22-2)18-9-19-16(12)20-11-5-3-4-10(17)6-11/h3-9H,1-2H3,(H,18,19,20)",15150,COc1cc2ncnc(Nc3cccc(Cl)c3)c2cc1OC,NA
Input,MLS002264452,0.23449454,InputSig,NA,NA,LINCSCP_45519,PC3,10uM,24h,prostate,NA,NA,UZTGBDSCBZUXBJ-UHFFFAOYSA-N,"InChI=1S/C14H9BrN6S2/c1-21-14(18-19-20-21)23-13-11-9(6-22-12(11)16-7-17-13)8-4-2-3-5-10(8)15/h2-7H,1H3",15792,Cn1nnnc1Sc2ncnc3scc(c4ccccc4Br)c23,NA
Input,Pioglitazone,0.23446294,InputSig,NA,NA,LINCSCP_140327,MCF7,10uM,24h,breast,Peroxisome proliferator-activated receptor gamma agonist,PPARG,HYAFETHFCAUJAY-UHFFFAOYSA-N,"InChI=1S/C19H20N2O3S/c1-2-13-3-6-15(20-12-13)9-10-24-16-7-4-14(5-8-16)11-17-18(22)21-19(23)25-17/h3-8,12,17H,2,9-11H2,1H3,(H,21,22,23)",9611,CCc1ccc(CCOc2ccc(CC3SC(=O)NC3=O)cc2)nc1,4
Input,Docosatrienoic acid (22:3 n-3),0.2344606,InputSig,NA,NA,LINCSCP_204556,ASC,10uM,24h,adipose,LTB4 inhibitor,NA,WBBQTNCISCKUMU-PDBXOOCHSA-N,"InChI=1S/C22H38O2/c1-2-3-4-5-6-7-8-9-10-11-12-13-14-15-16-17-18-19-20-21-22(23)24/h3-4,6-7,9-10H,2,5,8,11-21H2,1H3,(H,23,24)/b4-3-,7-6-,10-9-",37302,CC\C=C/C\C=C/C\C=C/CCCCCCCCCCCC(=O)O,NA
Input,JLK-6,0.23422326,InputSig,NA,NA,LINCSCP_204106,ASC,10uM,24h,adipose,Antiamyloidogenic agent|Gamma secretase inhibitor,PSEN1,AMDGKLWVCUXONP-UHFFFAOYSA-N,"InChI=1S/C10H8ClNO3/c1-14-10-8(11)6-3-2-5(12)4-7(6)9(13)15-10/h2-4H,12H2,1H3",33832,COC1=C(Cl)c2ccc(N)cc2C(=O)O1,NA
Input,SCHEMBL16226502,0.23421691,InputSig,NA,NA,LINCSCP_146342,NEU,10uM,24h,NA,HSP inhibitor,HSP90AA1,AYUNIORJHRXIBJ-ZGQRYRSUSA-N,"InChI=1S/C31H43N3O8/c1-8-12-33-26-21-13-17(2)14-25(41-7)27(36)19(4)15-20(5)29(42-31(32)39)24(40-6)11-9-10-18(3)30(38)34-22(28(21)37)16-23(26)35/h8-11,15-17,19,24-25,27,29,33,36H,1,12-14H2,2-7H3,(H2,32,39)(H,34,38)/b11-9+,18-10+,20-15+",3120,COC1CC(C)CC2=C(NCC=C)C(=O)C=C(NC(=O)\C(=C\C=C\C(OC)C(OC(=O)N)\C(=C\C(C)C1O)\C)\C)C2=O,NA
Input,145040-37-5,0.23408674,InputSig,NA,NA,LINCSCP_25159,HT29,10uM,6h,large intestine,Angiotensin receptor antagonist,AGTR1,NA,NA,NA,NA,NA
Input,MLS003337117,0.23397086,InputSig,NA,NA,LINCSCP_293216,VCAP,10uM,6h,prostate,NA,NA,LWAMRPSNUXYBFU-UHFFFAOYSA-N,"InChI=1S/C18H17BrClNO3/c1-18(2,3)11-6-4-10(5-7-11)16(22)21-15-9-14(20)13(19)8-12(15)17(23)24/h4-9H,1-3H3,(H,21,22)(H,23,24)",36184,CC(C)(C)c1ccc(cc1)C(=O)Nc2cc(Cl)c(Br)cc2C(=O)O,NA
Input,1166227-08-2,0.23389328,InputSig,NA,NA,LINCSCP_146025,MNEU.E,0.04uM,24h,NA,NA,NA,HBPXWEPKNBHKAX-NSHDSACASA-N,"InChI=1S/C17H23N5O2S2/c1-9-12(10-8-25-14(20-10)17(2,3)4)26-15(19-9)21-16(24)22-7-5-6-11(22)13(18)23/h8,11H,5-7H2,1-4H3,(H2,18,23)(H,19,21,24)/t11-/m0/s1",19905,Cc1nc(NC(=O)N2CCC[C@H]2C(=O)N)sc1c3csc(n3)C(C)(C)C,NA
Input,CHEMBL2152368,0.23361579,InputSig,NA,NA,LINCSCP_234630,JURKAT,0.5uM,6h,haematopoietic and lymphoid tissue,NA,NA,AINZSMIJPNBGRE-DBLORFJXSA-N,"InChI=1S/C18H22N2O4/c1-13(21)19-15-10-6-3-7-11-17(22)20-16(12-24-18(15)23)14-8-4-2-5-9-14/h2-6,8-9,15-16H,7,10-12H2,1H3,(H,19,21)(H,20,22)/b6-3+/t15-,16+/m1/s1",38058,CC(=O)N[C@@H]1C\C=C\CCC(=O)N[C@@H](COC1=O)c2ccccc2,NA
Input,BRD-K24750847,0.23342899,InputSig,NA,NA,LINCSCP_60362,VCAP,5uM,24h,prostate,NA,NA,ZLBUSWVWPMDVDO-VKJFTORMSA-N,"InChI=1S/C20H29N3O6S/c1-14-11-23(15(2)13-24)20(25)17-9-16(7-6-8-28-4)10-21-19(17)29-18(14)12-22(3)30(5,26)27/h9-10,14-15,18,24H,8,11-13H2,1-5H3/t14-,15+,18+/m1/s1",23570,COCC#Cc1cnc2O[C@@H](CN(C)S(=O)(=O)C)[C@H](C)CN([C@@H](C)CO)C(=O)c2c1,NA
Input,Olomoucine,0.2333884,InputSig,NA,NA,LINCSCP_44328,PC3,10uM,6h,prostate,CDK inhibitor,CDK1|CDK2|CDK5,GTVPOLSIJWJJNY-UHFFFAOYSA-N,"InChI=1S/C15H18N6O/c1-21-10-18-12-13(17-9-11-5-3-2-4-6-11)19-15(16-7-8-22)20-14(12)21/h2-6,10,22H,7-9H2,1H3,(H2,16,17,19,20)",38547,Cn1cnc2c(NCc3ccccc3)nc(NCCO)nc12,NA
Input,DY131,0.23336917,InputSig,NA,NA,LINCSCP_13918,HA1E,10uM,6h,kidney epithelial,Estrogen receptor agonist|Estrogen-related receptor agonist,ESR2|ESRRG,WLKOCYWYAWBGKY-UHFFFAOYSA-N,"InChI=1S/C18H21N3O2/c1-3-21(4-2)16-9-5-14(6-10-16)13-19-20-18(23)15-7-11-17(22)12-8-15/h5-13,22H,3-4H2,1-2H3,(H,20,23)",22887,CCN(CC)c1ccc(C=NNC(=O)c2ccc(O)cc2)cc1,NA
Input,Manumycin-A,0.23330822,InputSig,NA,NA,LINCSCP_30445,MCF7,10uM,24h,breast,Farnesyltransferase inhibitor|NFkB pathway inhibitor,FNTA|IKBKB,XIZGHTZLVCHYJN-YCWSEAROSA-N,"InChI=1S/C31H38N2O7/c1-5-6-11-19(2)16-20(3)17-21(4)30(38)32-22-18-31(39,29-28(40-29)27(22)37)15-10-8-7-9-12-25(36)33-26-23(34)13-14-24(26)35/h7-10,12,15-19,26,28-29,39H,5-6,11,13-14H2,1-4H3,(H,32,38)(H,33,36)/b8-7+,12-9+,15-10+,20-16+,21-17+/t19-,28?,29-,31+/m1/s1",5357,CCCC[C@@H](C)\C=C(/C)\C=C(/C)\C(=O)NC1=C[C@@](O)(\C=C\C=C\C=C\C(=O)NC2C(=O)CCC2=O)[C@@H]3OC3C1=O,NA
Input,BRD-K09551497,0.23327737,InputSig,NA,NA,LINCSCP_199203,A549,5uM,24h,lung,NA,NA,NFZYNUJZKBEEKB-MRXNPFEDSA-N,"InChI=1S/C20H29N3O4S/c1-4-28(25,26)23-9-7-20(8-10-23)13-21-16(12-24)19-18(20)15-6-5-14(27-3)11-17(15)22(19)2/h5-6,11,16,21,24H,4,7-10,12-13H2,1-3H3/t16-/m1/s1",31936,CCS(=O)(=O)N1CCC2(CC1)CN[C@H](CO)c3c2c4ccc(OC)cc4n3C,NA
Input,BRD-K03883227,0.23326613,InputSig,NA,NA,LINCSCP_65561,VCAP,10uM,24h,prostate,NA,NA,NNNMMCMDOXLHLD-GRTAZNFBSA-N,"InChI=1S/C28H27F3N4O5/c29-28(30,31)16-4-6-17(7-5-16)34-27(38)35-18-8-9-23-21(11-18)22-12-20(39-24(15-36)26(22)40-23)13-25(37)33-14-19-3-1-2-10-32-19/h1-11,20,22,24,26,36H,12-15H2,(H,33,37)(H2,34,35,38)/t20-,22+,24+,26-/m1/s1",9357,OC[C@@H]1O[C@@H](CC(=O)NCc2ccccn2)C[C@@H]3[C@H]1Oc4ccc(NC(=O)Nc5ccc(cc5)C(F)(F)F)cc34,NA
Input,GSK-J1,0.23322808,InputSig,NA,NA,LINCSCP_84477,ASC,3.33uM,24h,adipose,NA,NA,AVZCPICCWKMZDT-UHFFFAOYSA-N,"InChI=1S/C22H23N5O2/c28-21(29)8-12-24-19-15-20(26-22(25-19)18-7-3-4-11-23-18)27-13-9-16-5-1-2-6-17(16)10-14-27/h1-7,11,15H,8-10,12-14H2,(H,28,29)(H,24,25,26)",34811,OC(=O)CCNc1cc(nc(n1)c2ccccn2)N3CCc4ccccc4CC3,NA
Input,7Beta-forskolin,0.23322014,InputSig,NA,NA,LINCSCP_14387,HA1E,10uM,24h,kidney epithelial,Adenylyl cyclase activator,ADCY2,PAYHDZDDAHVPDU-ZQVYKFDISA-N,"InChI=1S/C29H48N2O7/c1-8-26(4)18-20(33)29(36)27(5)19(32)11-12-25(2,3)23(27)22(35)24(28(29,6)38-26)37-21(34)10-9-13-31-16-14-30(7)15-17-31/h8,19,22-24,32,35-36H,1,9-18H2,2-7H3/t19-,22-,23-,24-,26-,27-,28+,29-/m0/s1",9823,CN1CCN(CCCC(=O)O[C@H]2[C@@H](O)[C@H]3C(C)(C)CC[C@H](O)[C@]3(C)[C@@]4(O)C(=O)C[C@@](C)(O[C@]24C)C=C)CC1,NA
Input,SCHEMBL14177979,0.23317992,InputSig,NA,NA,LINCSCP_11137,ASC,10uM,24h,adipose,Tubulin inhibitor,TUBB,OGWKCGZFUXNPDA-CUGARIAGSA-N,"InChI=1S/C46H56N4O10/c1-7-42(55)22-28-23-45(40(53)58-5,36-30(14-18-48(24-28)25-42)29-12-9-10-13-33(29)47-36)32-20-31-34(21-35(32)57-4)50(26-51)38-44(31)16-19-49-17-11-15-43(8-2,37(44)49)39(60-27(3)52)46(38,56)41(54)59-6/h9-13,15,20-21,26,28,37-39,47,55-56H,7-8,14,16-19,22-25H2,1-6H3/t28?,37-,38+,39+,42-,43+,44+,45-,46-/m0/s1",22429,CC[C@]1(O)CC2CN(CCc3c([nH]c4ccccc34)[C@@](C2)(C(=O)OC)c5cc6c(cc5OC)N(C=O)[C@H]7[C@](O)([C@H](OC(=O)C)[C@]8(CC)C=CCN9CC[C@]67[C@H]89)C(=O)OC)C1,NA
Input,SCHEMBL2231351,0.23308198,InputSig,NA,NA,LINCSCP_288114,THP1,0.01uM,24h,haematopoietic and lymphoid tissue,Rho associated kinase inhibitor,NA,UGJIFGVOVGCXQP-UHFFFAOYSA-N,"InChI=1S/C15H19N3O2S/c1-12-10-17-11-13-4-2-5-14(15(12)13)21(19,20)18-8-3-6-16-7-9-18/h2,4-5,10-11,16H,3,6-9H2,1H3",31511,Cc1cncc2cccc(c12)S(=O)(=O)N3CCCNCC3,NA
Input,Trametinib,0.23301562,InputSig,NA,NA,LINCSCP_163125,SKBR3,0.12uM,24h,breast,MEK inhibitor,MAP2K1|MAP2K2,LIRYPHYGHXZJBZ-UHFFFAOYSA-N,"InChI=1S/C26H23FIN5O4/c1-13-22-21(23(31(3)24(13)35)30-20-10-7-15(28)11-19(20)27)25(36)33(17-8-9-17)26(37)32(22)18-6-4-5-16(12-18)29-14(2)34/h4-7,10-12,17,30H,8-9H2,1-3H3,(H,29,34)",37824,CN1C(=O)C(=C2N(C(=O)N(C3CC3)C(=O)C2=C1Nc4ccc(I)cc4F)c5cccc(NC(=O)C)c5)C,4
Input,Mycophenolate Mofetil,0.23283749,InputSig,NA,NA,LINCSCP_50045,PHH,10uM,24h,NA,Dehydrogenase inhibitor|Hydroxycarboxylic acid receptor agonist|Immunosuppressant|Inosine monophosphate dehydrogenase inhibitor|Inositol monophosphatase inhibitor,IMPDH1|IMPDH2,RTGDFNSFWBGLEC-SYZQJQIISA-N,"InChI=1S/C23H31NO7/c1-15(5-7-19(25)30-13-10-24-8-11-29-12-9-24)4-6-17-21(26)20-18(14-31-23(20)27)16(2)22(17)28-3/h4,26H,5-14H2,1-3H3/b15-4+",17643,COc1c(C)c2COC(=O)c2c(O)c1C\C=C(/C)\CCC(=O)OCCN3CCOCC3,4
Input,SA-102607,0.23275807,InputSig,NA,NA,LINCSCP_38157,MCF7,0.5uM,24h,breast,NA,NA,IEZOTXDZAGKSTL-PXFJVXAFSA-N,"InChI=1S/C34H50N4O6/c1-23(2)35-34(42)36-28-15-16-30-29(19-28)33(41)38(25(4)22-39)20-24(3)31(43-17-11-10-12-26(5)44-30)21-37(6)32(40)18-27-13-8-7-9-14-27/h7-9,13-16,19,23-26,31,39H,10-12,17-18,20-22H2,1-6H3,(H2,35,36,42)/t24-,25+,26+,31-/m0/s1",4984,CC(C)NC(=O)Nc1ccc2O[C@H](C)CCCCO[C@@H](CN(C)C(=O)Cc3ccccc3)[C@@H](C)CN([C@H](C)CO)C(=O)c2c1,NA
Input,MLS004683642,0.23267386,InputSig,NA,NA,LINCSCP_38567,MCF7,1.23uM,24h,breast,Kelch-like ECH-associated protein ligand,KEAP1,LNENLABLFGGAFF-BHDDXSALSA-N,"InChI=1S/C26H26N2O5/c29-23(20-11-5-6-12-21(20)26(32)33)27-14-13-16-7-1-2-8-17(16)22(27)15-28-24(30)18-9-3-4-10-19(18)25(28)31/h1-4,7-10,20-22H,5-6,11-15H2,(H,32,33)/t20-,21+,22+/m0/s1",39901,OC(=O)[C@@H]1CCCC[C@@H]1C(=O)N2CCc3ccccc3[C@H]2CN4C(=O)c5ccccc5C4=O,NA
Input,BRD-K55743249,0.23252273,InputSig,NA,NA,LINCSCP_48294,PC3,5uM,24h,prostate,NA,NA,MAZJZTZSELFTOO-HARLFGEKSA-N,"InChI=1S/C25H30FN3O6S/c1-3-36(32,33)28-17-8-11-22-19(12-17)25(31)29(2)21-10-9-18(35-23(21)15-34-22)13-24(30)27-14-16-6-4-5-7-20(16)26/h4-8,11-12,18,21,23,28H,3,9-10,13-15H2,1-2H3,(H,27,30)/t18-,21-,23-/m0/s1",40408,CCS(=O)(=O)Nc1ccc2OC[C@@H]3O[C@H](CC(=O)NCc4ccccc4F)CC[C@@H]3N(C)C(=O)c2c1,NA
Input,MAZ51,0.23248803,InputSig,NA,NA,LINCSCP_44756,PC3,10uM,24h,prostate,VEGFR inhibitor,FLT4,VFCXONOPGCDDBQ-AQTBWJFISA-N,"InChI=1S/C21H18N2O/c1-23(2)20-12-11-14(15-7-3-4-9-17(15)20)13-18-16-8-5-6-10-19(16)22-21(18)24/h3-13H,1-2H3,(H,22,24)/b18-13-",1782,CN(C)c1ccc(\C=C\2/C(=O)Nc3ccccc23)c4ccccc14,NA
Input,SMR000127643,0.23235776,InputSig,NA,NA,LINCSCP_5111,A549,10uM,6h,lung,NA,NA,FMWABCRYNLCXOJ-UHFFFAOYSA-N,"InChI=1S/C15H15ClN2O4/c1-20-13-6-10(14(21-2)5-9(13)16)17-15(19)11-7-12(22-18-11)8-3-4-8/h5-8H,3-4H2,1-2H3,(H,17,19)",10483,COc1cc(NC(=O)c2cc(on2)C3CC3)c(OC)cc1Cl,NA
Input,BRD-A94810754-001-01-2,0.23231355,InputSig,NA,NA,LINCSCP_41477,NEU,10uM,6h,NA,Calcium channel modulator,NA,DICYOBFZDAWHJC-JJUPKYKSSA-N,"InChI=1S/C41H74O7/c1-12-14-26(2)21-28(4)23-31(7)36(44)25-35(43)30(6)22-27(3)15-13-16-29(5)39(46)32(8)37(45)24-34-17-19-41(11,47-34)38-18-20-40(10,48-38)33(9)42/h13,16,26-34,37-39,42,45-46H,12,14-15,17-25H2,1-11H3/b16-13+/t26-,27-,28+,29-,30-,31+,32+,33-,34+,37+,38?,39-,40+,41+/m1/s1",5365,CCC[C@@H](C)C[C@H](C)C[C@H](C)C(=O)CC(=O)[C@H](C)C[C@H](C)C\C=C\[C@@H](C)[C@@H](O)[C@@H](C)[C@@H](O)C[C@@H]1CC[C@](C)(O1)C2CC[C@](C)(O2)[C@@H](C)O,NA
Input,SPECTRUM_001418,0.23221707,InputSig,NA,NA,LINCSCP_171083,YAPC,3.33uM,24h,pancreas,Adrenergic receptor agonist,ADRB2,IOVGROKTTNBUGK-UHFFFAOYSA-N,"InChI=1S/C17H21NO3/c1-12(17(21)14-4-8-16(20)9-5-14)18-11-10-13-2-6-15(19)7-3-13/h2-9,12,17-21H,10-11H2,1H3",35394,CC(NCCc1ccc(O)cc1)C(O)c2ccc(O)cc2,NA
Input,Chlorpheniramine,0.23214006,InputSig,NA,NA,LINCSCP_178629,A375,10uM,6h,skin,Histamine receptor antagonist,HRH1,SOYKEARSMXGVTM-UHFFFAOYSA-N,"InChI=1S/C16H19ClN2/c1-19(2)12-10-15(16-5-3-4-11-18-16)13-6-8-14(17)9-7-13/h3-9,11,15H,10,12H2,1-2H3",22148,CN(C)CCC(c1ccc(Cl)cc1)c2ccccn2,4
Input,NSC23766,0.23207049,InputSig,NA,NA,LINCSCP_25692,HT29,100uM,6h,large intestine,Ras GTPase inhibitor,NA,DEFBCZWQLILOJF-UHFFFAOYSA-N,"InChI=1S/C24H35N7/c1-6-31(7-2)12-8-9-16(3)27-24-28-18(5)14-23(30-24)29-19-10-11-22-20(15-19)21(25)13-17(4)26-22/h10-11,13-16H,6-9,12H2,1-5H3,(H2,25,26)(H2,27,28,29,30)",1162,CCN(CC)CCCC(C)Nc1nc(C)cc(Nc2ccc3nc(C)cc(N)c3c2)n1,NA
Input,NCGC00170405-01,0.23200623,InputSig,NA,NA,LINCSCP_16948,HA1E,10uM,6h,kidney epithelial,NA,NA,GJUVCFPEPSJMQQ-QGVRFUEOSA-N,"InChI=1S/C42H41N3O9/c1-3-27-15-14-20-30(25-27)43-40(47)52-36-35(26-46)51-39(50-2)38(54-42(49)45-34-24-13-11-22-32(34)29-18-8-5-9-19-29)37(36)53-41(48)44-33-23-12-10-21-31(33)28-16-6-4-7-17-28/h4-25,35-39,46H,3,26H2,1-2H3,(H,43,47)(H,44,48)(H,45,49)/t35-,36-,37+,38-,39+/m1/s1",31592,CCc1cccc(NC(=O)O[C@@H]2[C@@H](CO)O[C@H](OC)[C@H](OC(=O)Nc3ccccc3c4ccccc4)[C@H]2OC(=O)Nc5ccccc5c6ccccc6)c1,NA
Input,SPECTRUM_001319,0.23196625,InputSig,NA,NA,LINCSCP_143245,MCF7,1.11uM,24h,breast,11-beta-HSD1 inhibitor,HSD11B1,OBZHEBDUNPOCJG-YQNKGXRGSA-N,"InChI=1S/C34H50O7/c1-29(2)23-10-13-34(7)27(32(23,5)12-11-24(29)41-26(38)9-8-25(36)37)22(35)18-20-21-19-31(4,28(39)40)15-14-30(21,3)16-17-33(20,34)6/h18,21,23-24,27H,8-17,19H2,1-7H3,(H,36,37)(H,39,40)/t21-,23?,24-,27?,30+,31-,32-,33+,34+/m0/s1",492,CC1(C)[C@H](CC[C@@]2(C)C1CC[C@]3(C)C2C(=O)C=C4[C@@H]5C[C@](C)(CC[C@]5(C)CC[C@@]34C)C(=O)O)OC(=O)CCC(=O)O,NA
Input,WZ3105,0.23185907,InputSig,NA,NA,LINCSCP_29639,MCF10A,1uM,24h,breast epithelial,CLK2 inihibitor,CLK2|CSNK1E|FLT3|ULK1,DGEBYERMQBTMHV-IRJFHVNHSA-N,"InChI=1S/C25H34N8O/c1-6-21(34)27-18-8-7-9-19(14-18)28-23-22-24(33(15-26-22)16(2)3)31-25(30-23)29-17-10-12-20(13-11-17)32(4)5/h6-9,14-17,20H,1,10-13H2,2-5H3,(H,27,34)(H2,28,29,30,31)/t17-,20-",22305,CC(C)n1cnc2c(Nc3cccc(NC(=O)C=C)c3)nc(N[C@@H]4CC[C@H](CC4)N(C)C)nc12,NA
Input,BMS 191011,0.23182524,InputSig,NA,NA,LINCSCP_258829,NEU,10uM,24h,NA,Potassium channel activator,KCNMA1,QKOWACXSXTXRKA-UHFFFAOYSA-N,"InChI=1S/C16H10ClF3N2O3/c17-12-5-6-13(23)10(7-12)8-22-15(24)25-14(21-22)9-1-3-11(4-2-9)16(18,19)20/h1-7,23H,8H2",16073,Oc1ccc(Cl)cc1CN2N=C(OC2=O)c3ccc(cc3)C(F)(F)F,NA
Input,Parthenolide,0.23181104,InputSig,NA,NA,LINCSCP_39996,NCIH1836,10uM,6h,lung,NFkB pathway inhibitor,NA,KTEXNACQROZXEV-SLXBATTESA-N,"InChI=1S/C15H20O3/c1-9-5-4-8-15(3)13(18-15)12-11(7-6-9)10(2)14(16)17-12/h5,11-13H,2,4,6-8H2,1,3H3/b9-5+/t11-,12-,13-,15+/m0/s1",19795,C\C\1=C/CC[C@@]2(C)O[C@H]2[C@H]3OC(=O)C(=C)[C@@H]3CC1,NA
Input,Parthenolide,0.23181104,InputSig,NA,NA,LINCSCP_39996,NCIH1836,10uM,6h,lung,NFkB pathway inhibitor,NA,KTEXNACQROZXEV-SFDCQRBFSA-N,"InChI=1S/C15H20O3/c1-9-5-4-8-15(3)13(18-15)12-11(7-6-9)10(2)14(16)17-12/h5,11-13H,2,4,6-8H2,1,3H3/t11-,12+,13-,15+/m0/s1",23425,CC1=CCC[C@@]2(C)O[C@H]2[C@@H]3OC(=O)C(=C)[C@@H]3CC1,NA
Input,Mitoxantrone,0.23152938,InputSig,NA,NA,LINCSCP_50294,PHH,10uM,24h,NA,DNA topoisomerase II alpha inhibitor,TOP2A,KKZJGLLVHKMTCM-UHFFFAOYSA-N,"InChI=1S/C22H28N4O6/c27-11-9-23-5-7-25-13-1-2-14(26-8-6-24-10-12-28)18-17(13)21(31)19-15(29)3-4-16(30)20(19)22(18)32/h1-4,23-30H,5-12H2",15491,OCCNCCNc1ccc(NCCNCCO)c2C(=O)c3c(O)ccc(O)c3C(=O)c12,4
Input,BAY-117821,0.23141069,InputSig,NA,NA,LINCSCP_14025,HA1E,10uM,24h,kidney epithelial,NFkB pathway inhibitor,NA,DOEWDSDBFRHVAP-KRXBUXKQSA-N,"InChI=1S/C10H9NO2S/c1-9-3-5-10(6-4-9)14(12,13)8-2-7-11/h2-6,8H,1H3/b8-2+",22956,Cc1ccc(cc1)S(=O)(=O)\C=C\C#N,NA
Input,BRD-K30228236,0.23134024,InputSig,NA,NA,LINCSCP_60967,VCAP,5uM,6h,prostate,NA,NA,LINNEEFEDHMFDS-JZKQVHKSSA-N,"InChI=1S/C22H32N4O6S/c1-13-10-23-14(2)12-31-19-8-7-17(9-18(19)22(27)26(5)11-20(13)30-6)25-33(28,29)21-15(3)24-32-16(21)4/h7-9,13-14,20,23,25H,10-12H2,1-6H3/t13-,14-,20+/m1/s1",24278,CO[C@H]1CN(C)C(=O)c2cc(NS(=O)(=O)c3c(C)onc3C)ccc2OC[C@@H](C)NC[C@H]1C,NA
Input,UNII-BXU45ZH6LI,0.23131189,InputSig,NA,NA,LINCSCP_11162,ASC,10uM,24h,adipose,Opioid receptor antagonist,OPRL1,VTGBZWHPJFMTKS-UHFFFAOYSA-N,"InChI=1S/C26H25N3O2/c1-3-18-8-11-21(12-9-18)31-16-19-6-4-5-7-22(19)26(30)29-20-10-13-25-23(15-20)24(27)14-17(2)28-25/h4-15H,3,16H2,1-2H3,(H2,27,28)(H,29,30)",35577,CCc1ccc(OCc2ccccc2C(=O)Nc3ccc4nc(C)cc(N)c4c3)cc1,NA
Input,SCHEMBL1675329,0.23130705,InputSig,NA,NA,LINCSCP_5315,A549,10uM,6h,lung,NA,NA,SJIKRFDEDZMKSG-UHFFFAOYSA-N,"InChI=1S/C19H17N3O2/c1-2-12(1)9-20-19-15-7-13(3-5-16(15)21-10-22-19)14-4-6-17-18(8-14)24-11-23-17/h3-8,10,12H,1-2,9,11H2,(H,20,21,22)",15968,C(Nc1ncnc2ccc(cc12)c3ccc4OCOc4c3)C5CC5,NA
Input,BRD-K29745382,0.23125885,InputSig,NA,NA,LINCSCP_296460,VCAP,5uM,24h,prostate,NA,NA,WYNCONGFJQZCFS-OBWXTZQISA-N,"InChI=1S/C27H32Cl2F3N3O4/c1-16-12-35(17(2)15-36)26(38)20-11-19(33-25(37)8-9-27(30,31)32)5-7-23(20)39-24(16)14-34(3)13-18-4-6-21(28)22(29)10-18/h4-7,10-11,16-17,24,36H,8-9,12-15H2,1-3H3,(H,33,37)/t16-,17+,24+/m0/s1",32454,C[C@H](CO)N1C[C@H](C)[C@@H](CN(C)Cc2ccc(Cl)c(Cl)c2)Oc3ccc(NC(=O)CCC(F)(F)F)cc3C1=O,NA
Input,ZINC00969081,0.23122235,InputSig,NA,NA,LINCSCP_189813,A549,10uM,6h,lung,NA,NA,GUSKTHZNCPPTNU-UHFFFAOYSA-N,"InChI=1S/C17H15N9S/c18-15-20-14(21-16(22-15)19-12-7-3-1-4-8-12)11-27-17-23-24-25-26(17)13-9-5-2-6-10-13/h1-10H,11H2,(H3,18,19,20,21,22)",18211,Nc1nc(CSc2nnnn2c3ccccc3)nc(Nc4ccccc4)n1,NA
Input,SCHEMBL17052537,0.23113902,InputSig,NA,NA,LINCSCP_113433,HME1,10uM,3h,breast,MTOR inhibitor,BTK|JAK3|MKNK2|MTOR|PRKDC,JMVDIGHUQAXWIE-UHFFFAOYSA-N,"InChI=1S/C25H19N5O2/c1-3-23(31)29-22-11-19(7-4-15(22)2)30-24(32)9-6-17-12-26-21-8-5-16(10-20(21)25(17)30)18-13-27-28-14-18/h3-14H,1H2,2H3,(H,27,28)(H,29,31)",1620,Cc1ccc(cc1NC(=O)C=C)N2C(=O)C=Cc3cnc4ccc(cc4c23)c5cn[nH]c5,NA
Input,BRD-K18170480,0.23107102,InputSig,NA,NA,LINCSCP_38002,MCF7,1uM,6h,breast,NA,NA,DHTRKFATNYGVIW-QXFFIUSXSA-N,"InChI=1S/C33H48FN5O6/c1-21(2)35-33(43)38(6)19-30-22(3)18-39(23(4)20-40)31(41)28-17-27(37-32(42)36-26-12-10-25(34)11-13-26)14-15-29(28)45-24(5)9-7-8-16-44-30/h10-15,17,21-24,30,40H,7-9,16,18-20H2,1-6H3,(H,35,43)(H2,36,37,42)/t22-,23+,24+,30+/m0/s1",32138,CC(C)NC(=O)N(C)C[C@H]1OCCCC[C@@H](C)Oc2ccc(NC(=O)Nc3ccc(F)cc3)cc2C(=O)N(C[C@@H]1C)[C@H](C)CO,NA
Input,BECLOMETHASONE DIPROPIONATE,0.23103227,InputSig,NA,NA,LINCSCP_91084,HA1E,1.11uM,24h,kidney epithelial,NA,NA,KUVIULQEHSCUHY-UHFFFAOYSA-N,"InChI=1S/C28H37ClO7/c1-6-23(33)35-15-22(32)28(36-24(34)7-2)16(3)12-20-19-9-8-17-13-18(30)10-11-25(17,4)27(19,29)21(31)14-26(20,28)5/h10-11,13,16,19-21,31H,6-9,12,14-15H2,1-5H3",27055,CCC(=O)OCC(=O)C1(OC(=O)CC)C(C)CC2C3CCC4=CC(=O)C=CC4(C)C3(Cl)C(O)CC12C,NA
Input,BRD-K48528697,0.23102615,InputSig,NA,NA,LINCSCP_61350,VCAP,5uM,6h,prostate,NA,NA,PSXVKIUCJIMJLV-PONJGIIJSA-N,"InChI=1S/C23H30ClN3O5S/c1-15-12-25-16(2)14-32-21-11-18(26-33(29,30)19-7-5-6-17(24)10-19)8-9-20(21)23(28)27(3)13-22(15)31-4/h5-11,15-16,22,25-26H,12-14H2,1-4H3/t15-,16-,22+/m0/s1",3321,CO[C@@H]1CN(C)C(=O)c2ccc(NS(=O)(=O)c3cccc(Cl)c3)cc2OC[C@H](C)NC[C@@H]1C,NA
Input,SA-1973507,0.23102133,InputSig,NA,NA,LINCSCP_50308,PHH,10uM,24h,NA,NA,NA,HJQSQTAMFLANGO-AIGPYBJDSA-N,"InChI=1S/C33H38N2O5/c36-27-21-35(19-24-10-12-29(13-11-24)39-28-8-2-1-3-9-28)31-15-14-30(40-32(31)23-38-22-27)18-33(37)34-17-16-25-6-4-5-7-26(25)20-34/h1-13,27,30-32,36H,14-23H2/t27-,30-,31-,32+/m0/s1",1816,O[C@@H]1COC[C@H]2O[C@H](CC(=O)N3CCc4ccccc4C3)CC[C@@H]2N(Cc5ccc(Oc6ccccc6)cc5)C1,NA
Input,Mocetinostat,0.23097505,InputSig,NA,NA,LINCSCP_164729,SKL.C,0.04uM,24h,NA,HDAC inhibitor,HDAC1|HDAC11|HDAC2|HDAC3|HDAC8,HRNLUBSXIHFDHP-UHFFFAOYSA-N,"InChI=1S/C23H20N6O/c24-19-5-1-2-6-21(19)28-22(30)17-9-7-16(8-10-17)14-27-23-26-13-11-20(29-23)18-4-3-12-25-15-18/h1-13,15H,14,24H2,(H,28,30)(H,26,27,29)",16307,Nc1ccccc1NC(=O)c2ccc(CNc3nccc(n3)c4cccnc4)cc2,2
Input,Cobicistat (GS-9350),0.23091458,InputSig,NA,NA,LINCSCP_103617,HELA,0.37uM,24h,large intestine,Cytochrome P450 3A inhibitor,CYP3A4|CYP3A43|CYP3A5|CYP3A7|CYP3A7-CYP3A51P,ZCIGNRJZKPOIKD-CQXVEOKZSA-N,"InChI=1S/C40H53N7O5S2/c1-29(2)38-43-34(27-53-38)25-46(3)39(49)45-36(16-17-47-18-20-51-21-19-47)37(48)42-32(22-30-10-6-4-7-11-30)14-15-33(23-31-12-8-5-9-13-31)44-40(50)52-26-35-24-41-28-54-35/h4-13,24,27-29,32-33,36H,14-23,25-26H2,1-3H3,(H,42,48)(H,44,50)(H,45,49)/t32-,33-,36+/m1/s1",26971,CC(C)c1nc(CN(C)C(=O)N[C@@H](CCN2CCOCC2)C(=O)N[C@H](CC[C@H](Cc3ccccc3)NC(=O)OCc4cncs4)Cc5ccccc5)cs1,4
Input,BRD-K07452532,0.23072248,InputSig,NA,NA,LINCSCP_60729,VCAP,5uM,24h,prostate,NA,NA,DSHPDBIZJLDJKA-JXQFQVJHSA-N,"InChI=1S/C25H37N5O5/c1-18-12-30(19(2)16-31)25(32)5-4-8-29-14-21(26-27-29)17-35-24(18)15-28(3)13-20-6-7-22-23(11-20)34-10-9-33-22/h6-7,11,14,18-19,24,31H,4-5,8-10,12-13,15-17H2,1-3H3/t18-,19-,24-/m0/s1",23494,C[C@@H](CO)N1C[C@H](C)[C@H](CN(C)Cc2ccc3OCCOc3c2)OCc4cn(CCCC1=O)nn4,NA
Input,F1679-0128,0.23060375,InputSig,NA,NA,LINCSCP_16649,HA1E,10uM,6h,kidney epithelial,NA,NA,ZBAOXGUVNUTLHL-UHFFFAOYSA-N,"InChI=1S/C19H12N2O6S/c22-17-14-3-1-2-11-8-13(9-15(16(11)14)18(23)20-17)28(26,27)21-12-6-4-10(5-7-12)19(24)25/h1-9,21H,(H,24,25)(H,20,22,23)",22236,OC(=O)c1ccc(NS(=O)(=O)c2cc3C(=O)NC(=O)c4cccc(c2)c34)cc1,NA
Input,"Triazolothiadiazine, 28",0.23059146,InputSig,NA,NA,LINCSCP_45753,PC3,10uM,24h,prostate,NA,NA,KMUSXZAEXPZCDQ-UHFFFAOYSA-N,"InChI=1S/C22H21ClN4O2S/c1-28-19-11-10-14(12-20(19)29-15-6-2-3-7-15)18-13-30-22-25-24-21(27(22)26-18)16-8-4-5-9-17(16)23/h4-5,8-12,15H,2-3,6-7,13H2,1H3",16090,COc1ccc(cc1OC2CCCC2)C3=Nn4c(SC3)nnc4c5ccccc5Cl,NA
Input,NCGC00172397-01,0.2305268,InputSig,NA,NA,LINCSCP_16239,HA1E,10uM,6h,kidney epithelial,NA,NA,SUBGWCBFFPRODX-HFONSACISA-N,"InChI=1S/C25H32BrNO4Si/c1-15-13-19-22(20(26)14-15)27(3)24(29)25(19)16(2)23(21(31-25)11-12-28)32(5,6)18-9-7-17(30-4)8-10-18/h7-10,13-14,16,21,23,28H,11-12H2,1-6H3/t16-,21+,23-,25+/m0/s1",11469,COc1ccc(cc1)[Si](C)(C)[C@@H]2[C@@H](CCO)O[C@@]3([C@H]2C)C(=O)N(C)c4c(Br)cc(C)cc34,NA
Input,NSC119236,0.2304877,InputSig,NA,NA,LINCSCP_30779,MCF7,20uM,6h,breast,NA,NA,RCDIUAFMNCXJRV-UHFFFAOYSA-N,"InChI=1S/C19H13NO4/c1-2-24-19(23)14-13-9-5-6-10-20(13)16-15(14)17(21)11-7-3-4-8-12(11)18(16)22/h3-10H,2H2,1H3",36261,CCOC(=O)c1c2C(=O)c3ccccc3C(=O)c2n4ccccc14,NA
Input,"Triazolothiadiazine, 25",0.23031115,InputSig,NA,NA,LINCSCP_1360,A375,10uM,24h,skin,NA,NA,KQYOTSLVCDQZMU-UHFFFAOYSA-N,"InChI=1S/C22H22N4O4S/c1-27-18-6-4-3-5-16(18)21-23-24-22-26(21)25-17(13-31-22)14-7-8-19(28-2)20(11-14)30-15-9-10-29-12-15/h3-8,11,15H,9-10,12-13H2,1-2H3",15339,COc1ccc(cc1OC2CCOC2)C3=Nn4c(SC3)nnc4c5ccccc5OC,NA
Input,BRD-K73118655,0.23025423,InputSig,NA,NA,LINCSCP_62224,VCAP,5uM,6h,prostate,NA,NA,OPNJNCHASNUPJL-FGTMMUONSA-N,"InChI=1S/C20H29N3O5/c1-27-15-7-5-14(6-8-15)22-20(26)23-17-10-9-16(28-18(17)12-24)11-19(25)21-13-3-2-4-13/h5-8,13,16-18,24H,2-4,9-12H2,1H3,(H,21,25)(H2,22,23,26)/t16-,17+,18-/m1/s1",4280,COc1ccc(NC(=O)N[C@H]2CC[C@H](CC(=O)NC3CCC3)O[C@@H]2CO)cc1,NA
Input,Elesclomol,0.23020894,InputSig,NA,NA,LINCSCP_142382,MCF7,0.37uM,24h,breast,Oxidative stress inducer,HSPA1A,BKJIXTWSNXCKJH-UHFFFAOYSA-N,"InChI=1S/C19H20N4O2S2/c1-22(18(26)14-9-5-3-6-10-14)20-16(24)13-17(25)21-23(2)19(27)15-11-7-4-8-12-15/h3-12H,13H2,1-2H3,(H,20,24)(H,21,25)",16207,CN(NC(=O)CC(=O)NN(C)C(=S)c1ccccc1)C(=S)c2ccccc2,3
Input,BRD-K08663380,0.23017702,InputSig,NA,NA,LINCSCP_48640,PC3,3uM,6h,prostate,NA,NA,YEVZUBCSLLXCKN-FSZSIQPOSA-N,"InChI=1S/C35H44N4O4S/c1-35(2,3)44(43)39-22-27-21-29(33(41)36-28-15-7-6-8-16-28)37-32(31(27)30(39)17-18-40)25-13-9-11-23(19-25)24-12-10-14-26(20-24)34(42)38(4)5/h9-14,19-21,28,30,40H,6-8,15-18,22H2,1-5H3,(H,36,41)/t30-,44-/m1/s1",1515,CN(C)C(=O)c1cccc(c1)c2cccc(c2)c3nc(cc4CN([C@H](CCO)c34)[S@](=O)C(C)(C)C)C(=O)NC5CCCCC5,NA
Input,BRD-K21259057,0.23017693,InputSig,NA,NA,LINCSCP_8119,A549,5uM,24h,lung,NA,NA,XZCLZSCKQUIJEK-WHSLLNHNSA-N,"InChI=1S/C23H30N4O4/c1-15-13-27(16(2)14-28)22(29)19-11-18(9-10-20(19)31-21(15)12-24-3)26-23(30)25-17-7-5-4-6-8-17/h4-11,15-16,21,24,28H,12-14H2,1-3H3,(H2,25,26,30)/t15-,16-,21-/m1/s1",32231,CNC[C@H]1Oc2ccc(NC(=O)Nc3ccccc3)cc2C(=O)N(C[C@H]1C)[C@H](C)CO,NA
Input,C23H24CLN3O5,0.22987608,InputSig,NA,NA,LINCSCP_58310,VCAP,10uM,24h,prostate,Topoisomerase inhibitor,TOP1,UCFGDBYHRUNTLO-UHFFFAOYSA-N,"InChI=1S/C23H23N3O5/c1-4-23(30)16-8-18-20-12(9-26(18)21(28)15(16)11-31-22(23)29)7-13-14(10-25(2)3)19(27)6-5-17(13)24-20/h5-8,27,30H,4,9-11H2,1-3H3",36221,CCC1(O)C(=O)OCC2=C1C=C3N(Cc4cc5c(CN(C)C)c(O)ccc5nc34)C2=O,NA
Input,BRD-K86947329,0.22980552,InputSig,NA,NA,LINCSCP_49188,PC3,10uM,6h,prostate,NA,NA,FGYBIZORLGBRKO-WTBTXGFSSA-N,"InChI=1S/C35H48N4O4/c1-24-19-39(25(2)23-40)35(42)18-27-16-29(36-34(41)17-28-21-38(4)31-13-9-8-12-30(28)31)14-15-32(27)43-33(24)22-37(3)20-26-10-6-5-7-11-26/h8-9,12-16,21,24-26,33,40H,5-7,10-11,17-20,22-23H2,1-4H3,(H,36,41)/t24-,25-,33-/m1/s1",33928,C[C@H](CO)N1C[C@@H](C)[C@@H](CN(C)CC2CCCCC2)Oc3ccc(NC(=O)Cc4cn(C)c5ccccc45)cc3CC1=O,NA
Input,BRD-K11533227,0.22979252,InputSig,NA,NA,LINCSCP_49219,PC3,3uM,24h,prostate,NA,NA,YDUSCKFRHARVGP-UHFFFAOYSA-N,"InChI=1S/C18H22N4O2S/c1-12(23)20-14-6-8-22(9-7-14)18(24)21-16-11-13(4-5-15(16)19)17-3-2-10-25-17/h2-5,10-11,14H,6-9,19H2,1H3,(H,20,23)(H,21,24)",11507,CC(=O)NC1CCN(CC1)C(=O)Nc2cc(ccc2N)c3cccs3,NA
Input,E319,0.2297913,InputSig,NA,NA,LINCSCP_254618,MCF7,10uM,24h,breast,ATPase inhibitor|MAP kinase inhibitor,NA,BGNXCDMCOKJUMV-UHFFFAOYSA-N,"InChI=1S/C10H14O2/c1-10(2,3)8-6-7(11)4-5-9(8)12/h4-6,11-12H,1-3H3",2075,CC(C)(C)c1cc(O)ccc1O,NA
Input,Dihydro-Obliquin,0.22972042,InputSig,NA,NA,LINCSCP_56614,VCAP,10uM,24h,prostate,NA,NA,IZXSTWMUJGTAMI-UHFFFAOYSA-N,"InChI=1S/C14H14O4/c1-8(2)13-7-16-11-6-10-9(5-12(11)17-13)3-4-14(15)18-10/h3-6,8,13H,7H2,1-2H3",15177,CC(C)C1COc2cc3OC(=O)C=Cc3cc2O1,NA
Input,Apigenin,0.22962667,InputSig,NA,NA,LINCSCP_59017,VCAP,10uM,6h,prostate,Casein kinase inhibitor|Cell proliferation inhibitor|Cytochrome P450 inhibitor,NA,KZNIFHPLKGYRTM-UHFFFAOYSA-N,"InChI=1S/C15H10O5/c16-9-3-1-8(2-4-9)13-7-12(19)15-11(18)5-10(17)6-14(15)20-13/h1-7,16-18H",27873,Oc1ccc(cc1)C2=CC(=O)c3c(O)cc(O)cc3O2,NA
Input,SMR000304369,0.22962106,InputSig,NA,NA,LINCSCP_289210,VCAP,10uM,24h,prostate,Adrenergic receptor antagonist,ADRB1|ADRB2,VWPOSFSPZNDTMJ-UHFFFAOYSA-N,"InChI=1S/C17H27NO4/c1-17(2,3)18-9-12(19)10-22-16-6-4-5-11-7-14(20)15(21)8-13(11)16/h4-6,12,14-15,18-21H,7-10H2,1-3H3",489,CC(C)(C)NCC(O)COc1cccc2CC(O)C(O)Cc12,NA
Input,BMS-794833,0.22961023,InputSig,NA,NA,LINCSCP_154136,PC3,1.11uM,24h,prostate,NA,NA,PDYXPCKITKHFOZ-UHFFFAOYSA-N,"InChI=1S/C23H15ClF2N4O3/c24-20-19(7-8-29-22(20)27)33-18-6-5-14(9-17(18)26)30-23(32)16-11-28-10-15(21(16)31)12-1-3-13(25)4-2-12/h1-11H,(H2,27,29)(H,28,31)(H,30,32)",27064,Nc1nccc(Oc2ccc(NC(=O)C3=CNC=C(C3=O)c4ccc(F)cc4)cc2F)c1Cl,NA
Input,Medetomidine,0.22959887,InputSig,NA,NA,LINCSCP_91297,HA1E,10uM,24h,kidney epithelial,NA,NA,CUHVIMMYOGQXCV-UHFFFAOYSA-N,"InChI=1S/C13H16N2/c1-9-5-4-6-12(10(9)2)11(3)13-7-14-8-15-13/h4-8,11H,1-3H3,(H,14,15)",15232,CC(c1c[nH]cn1)c2cccc(C)c2C,NA
Input,PX 12,0.22959779,InputSig,NA,NA,LINCSCP_43711,OV7,30uM,6h,ovary,Thioredoxin inhibitor,TXN|TXNRD1,BPBPYQWMFCTCNG-UHFFFAOYSA-N,"InChI=1S/C7H12N2S2/c1-3-6(2)10-11-7-8-4-5-9-7/h4-6H,3H2,1-2H3,(H,8,9)",31830,CCC(C)SSc1ncc[nH]1,NA
Input,Isogedunin,0.22952286,InputSig,NA,NA,LINCSCP_14989,HA1E,10uM,24h,kidney epithelial,HSP inhibitor,NA,IYBDWVUOOFQLSF-LLPMONEMSA-N,"InChI=1S/C28H34O7/c1-15(29)33-20-13-18-24(2,3)10-8-19(30)26(18,5)17-7-11-25(4)21(16-9-12-32-14-16)34-23(31)22-28(25,35-22)27(17,20)6/h8-10,12,14,17-18,20-22H,7,11,13H2,1-6H3/t17?,18?,20-,21+,22?,25+,26-,27+,28?/m1/s1",405,CC(=O)O[C@@H]1CC2C(C)(C)C=CC(=O)[C@]2(C)C3CC[C@@]4(C)[C@@H](OC(=O)C5OC45[C@]13C)c6cocc6,NA
Input,Skatole,0.22936312,InputSig,NA,NA,LINCSCP_42921,NPC,10uM,24h,neural progenitor cells,Thrombin inhibitor,CYP2F1,ZFRKQXVRDFCRJG-UHFFFAOYSA-N,"InChI=1S/C9H9N/c1-7-6-10-9-5-3-2-4-8(7)9/h2-6,10H,1H3",36959,Cc1c[nH]c2ccccc12,NA
Input,2-Fluoroadenosine,0.22932793,InputSig,NA,NA,LINCSCP_49881,PHH,10uM,24h,NA,DNA synthesis inhibitor,RRM1,HBUBKKRHXORPQB-UUOKFMHZSA-N,"InChI=1S/C10H12FN5O4/c11-10-14-7(12)4-8(15-10)16(2-13-4)9-6(19)5(18)3(1-17)20-9/h2-3,5-6,9,17-19H,1H2,(H2,12,14,15)/t3-,5-,6-,9-/m1/s1",36315,Nc1nc(F)nc2c1ncn2[C@@H]3O[C@H](CO)[C@@H](O)[C@H]3O,NA
Input,BRD-K94161851,0.22882667,InputSig,NA,NA,LINCSCP_61668,VCAP,5uM,24h,prostate,NA,NA,PCQGWFREXHAZIT-TYPXCFOJSA-N,"InChI=1S/C32H36FN3O5S/c1-21-17-36(22(2)19-37)32(38)31-30(25-13-7-9-15-27(25)35(31)4)24-12-6-5-11-23(24)20-41-28(21)18-34(3)42(39,40)29-16-10-8-14-26(29)33/h5-16,21-22,28,37H,17-20H2,1-4H3/t21-,22+,28-/m0/s1",25305,C[C@H](CO)N1C[C@H](C)[C@H](CN(C)S(=O)(=O)c2ccccc2F)OCc3ccccc3c4c(C1=O)n(C)c5ccccc45,NA
Input,BRD-K81164606-001-01-7,0.22882076,InputSig,NA,NA,LINCSCP_50378,PHH,10uM,24h,NA,NA,NA,NYKFFZXKZNVNOG-AABGKKOBSA-N,"InChI=1S/C21H22FN3O2/c1-2-11-24-21(27)25-18(12-23)20(19(25)13-26)15-9-7-14(8-10-15)16-5-3-4-6-17(16)22/h3-10,18-20,26H,2,11,13H2,1H3,(H,24,27)/t18-,19+,20+/m1/s1",16650,CCCNC(=O)N1[C@@H](CO)[C@H]([C@H]1C#N)c2ccc(cc2)c3ccccc3F,NA
Input,Brivanib,0.22872503,InputSig,NA,NA,LINCSCP_104042,HELA,0.37uM,24h,large intestine,FGFR inhibitor|VEGFR inhibitor,FGFR1|FGFR2|FGFR3|FGFR4|FLT1|FLT4|KDR,WCWUXEGQKLTGDX-LLVKDONJSA-N,"InChI=1S/C19H19FN4O3/c1-10-6-13-14(23-10)4-5-15(17(13)20)27-19-18-12(3)16(26-8-11(2)25)7-24(18)22-9-21-19/h4-7,9,11,23,25H,8H2,1-3H3/t11-/m1/s1",38756,C[C@@H](O)COc1cn2ncnc(Oc3ccc4[nH]c(C)cc4c3F)c2c1C,3
Input,"N-(3-Fluoro-4-((7-methoxyquinolin-4-yl)oxy)phenyl)-1-(2-hydroxy-2-methylpropyl)-5-methyl-3-oxo-2-phenyl-2,3-dihydro-1H-pyrazole-4-carboxamide",0.22868924,InputSig,NA,NA,LINCSCP_84869,ASC,0.04uM,24h,adipose,Hepatocyte growth factor receptor inhibitor,NA,UYMSIPINLJNNOU-UHFFFAOYSA-N,"InChI=1S/C31H29FN4O5/c1-19-28(30(38)36(21-8-6-5-7-9-21)35(19)18-31(2,3)39)29(37)34-20-10-13-27(24(32)16-20)41-26-14-15-33-25-17-22(40-4)11-12-23(25)26/h5-17,39H,18H2,1-4H3,(H,34,37)",37804,COc1ccc2c(Oc3ccc(NC(=O)C4=C(C)N(CC(C)(C)O)N(C4=O)c5ccccc5)cc3F)ccnc2c1,NA
Input,GSK-923295,0.22866375,InputSig,NA,NA,LINCSCP_92040,HA1E,1.11uM,24h,kidney epithelial,NA,NA,WHMXDBPHBVLYRC-OFVILXPXSA-N,"InChI=1S/C32H38ClN5O4/c1-20(2)42-29-13-12-24(16-27(29)33)32(41)35-25(17-34-30(40)19-37(4)5)15-22-8-10-23(11-9-22)28-18-38-14-6-7-26(21(3)39)31(38)36-28/h6-14,16,18,20-21,25,39H,15,17,19H2,1-5H3,(H,34,40)(H,35,41)/t21-,25-/m0/s1",26892,CC(C)Oc1ccc(cc1Cl)C(=O)N[C@H](CNC(=O)CN(C)C)Cc2ccc(cc2)c3cn4cccc([C@H](C)O)c4n3,NA
Input,MLS002703105,0.22864848,InputSig,NA,NA,LINCSCP_57247,VCAP,10uM,24h,prostate,NA,NA,OKEYLXGAJZVHLC-UHFFFAOYSA-N,"InChI=1S/C22H28N2O7S/c1-3-18(21(25)23-20-15-7-12-6-13(9-15)10-16(20)8-12)31-22(26)14-4-5-19(32(2,29)30)17(11-14)24(27)28/h4-5,11-13,15-16,18,20H,3,6-10H2,1-2H3,(H,23,25)",15174,CCC(OC(=O)c1ccc(c(c1)[N+](=O)[O-])S(=O)(=O)C)C(=O)NC2C3CC4CC(CC2C4)C3,NA
Input,BRD-K01981286,0.22850446,InputSig,NA,NA,LINCSCP_8273,A549,5uM,24h,lung,NA,NA,SFUGSXPFEQWGAS-NBTLCYJSSA-N,"InChI=1S/C33H47N5O9S2/c1-23-18-38(24(2)21-39)33(40)29-17-26(35-48(41,42)32-20-36(4)22-34-32)10-15-30(29)47-25(3)9-7-8-16-46-31(23)19-37(5)49(43,44)28-13-11-27(45-6)12-14-28/h10-15,17,20,22-25,31,35,39H,7-9,16,18-19,21H2,1-6H3/t23-,24-,25+,31-/m0/s1",31744,COc1ccc(cc1)S(=O)(=O)N(C)C[C@@H]2OCCCC[C@@H](C)Oc3ccc(NS(=O)(=O)c4cn(C)cn4)cc3C(=O)N(C[C@@H]2C)[C@@H](C)CO,NA
Input,BRD-K26359746,0.22836782,InputSig,NA,NA,LINCSCP_277245,PC3,5uM,24h,prostate,NA,NA,ZLGPKBFYEDHWBK-JOCHJYFZSA-N,"InChI=1S/C26H35N3O5/c1-17(31)29-16-26(8-10-28(11-9-26)25(32)18-6-12-34-13-7-18)23-20-5-4-19(33-3)14-21(20)27(2)24(23)22(29)15-30/h4-5,14,18,22,30H,6-13,15-16H2,1-3H3/t22-/m1/s1",32369,COc1ccc2c3c([C@@H](CO)N(CC34CCN(CC4)C(=O)C5CCOCC5)C(=O)C)n(C)c2c1,NA
Input,ICG-001,0.2283604,InputSig,NA,NA,LINCSCP_55529,U937,10uM,6h,haematopoietic and lymphoid tissue,NA,NA,HQWTUOLCGKIECB-XZWHSSHBSA-N,"InChI=1S/C33H32N4O4/c38-27-15-13-23(14-16-27)19-29-32(40)35(21-26-11-6-10-25-9-4-5-12-28(25)26)22-30-36(18-17-31(39)37(29)30)33(41)34-20-24-7-2-1-3-8-24/h1-16,29-30,38H,17-22H2,(H,34,41)/t29-,30+/m0/s1",36696,Oc1ccc(C[C@@H]2N3[C@H](CN(Cc4cccc5ccccc45)C2=O)N(CCC3=O)C(=O)NCc6ccccc6)cc1,NA
Input,Actarit,0.22835488,InputSig,NA,NA,LINCSCP_92469,HA1E,10uM,24h,kidney epithelial,Interleukin receptor agonist,NA,MROJXXOCABQVEF-UHFFFAOYSA-N,"InChI=1S/C10H11NO3/c1-7(12)11-9-4-2-8(3-5-9)6-10(13)14/h2-5H,6H2,1H3,(H,11,12)(H,13,14)",16326,CC(=O)Nc1ccc(CC(=O)O)cc1,NA
Input,Piperacetazine,0.22831669,InputSig,NA,NA,LINCSCP_13705,HA1E,10uM,24h,kidney epithelial,Dopamine receptor antagonist,NA,BTFMCMVEUCGQDX-UHFFFAOYSA-N,"InChI=1S/C24H30N2O2S/c1-18(28)20-7-8-24-22(17-20)26(21-5-2-3-6-23(21)29-24)13-4-12-25-14-9-19(10-15-25)11-16-27/h2-3,5-8,17,19,27H,4,9-16H2,1H3",15449,CC(=O)c1ccc2Sc3ccccc3N(CCCN4CCC(CCO)CC4)c2c1,4
Input,BRD-K64023191,0.22826714,InputSig,NA,NA,LINCSCP_61260,VCAP,5uM,24h,prostate,NA,NA,ZYUAJIZJWFLNII-FYQCMVGJSA-N,"InChI=1S/C29H45N3O4/c1-20-16-32(17-22-9-6-5-7-10-22)21(2)19-36-26-15-24(30-28(33)23-11-8-12-23)13-14-25(26)29(34)31(3)18-27(20)35-4/h13-15,20-23,27H,5-12,16-19H2,1-4H3,(H,30,33)/t20-,21+,27+/m0/s1",3924,CO[C@@H]1CN(C)C(=O)c2ccc(NC(=O)C3CCC3)cc2OC[C@@H](C)N(CC4CCCCC4)C[C@@H]1C,NA
Input,BRD-K14768034,0.22820791,InputSig,NA,NA,LINCSCP_63010,VCAP,5uM,24h,prostate,NA,NA,PJFGCUVPYCUKFQ-ROUUACIJSA-N,"InChI=1S/C20H28N4O2/c1-15(2)10-18-13-26-14-19-12-24(23-22-19)9-8-17(20(25)21-18)11-16-6-4-3-5-7-16/h3-7,12,15,17-18H,8-11,13-14H2,1-2H3,(H,21,25)/t17-,18-/m0/s1",32049,CC(C)C[C@H]1COCc2cn(CC[C@@H](Cc3ccccc3)C(=O)N1)nn2,NA
Input,Palmidrol,0.22818241,InputSig,NA,NA,LINCSCP_11586,ASC,10uM,24h,adipose,Cannabinoid receptor agonist,CNR2|GPR119,HXYVTAGFYLMHSO-UHFFFAOYSA-N,"InChI=1S/C18H37NO2/c1-2-3-4-5-6-7-8-9-10-11-12-13-14-15-18(21)19-16-17-20/h20H,2-17H2,1H3,(H,19,21)",35905,CCCCCCCCCCCCCCCC(=O)NCCO,NA
Input,Momelotinib,0.22817478,InputSig,NA,NA,LINCSCP_145263,MDAMB231,10uM,3h,NA,Tyrosine-protein kinase JAK1  inhibitor|Tyrosine-protein kinase JAK2 inhibitor,JAK1|JAK2,ZVHNDZWQTBEVRY-UHFFFAOYSA-N,"InChI=1S/C23H22N6O2/c24-10-12-25-22(30)18-3-1-17(2-4-18)21-9-11-26-23(28-21)27-19-5-7-20(8-6-19)29-13-15-31-16-14-29/h1-9,11H,12-16H2,(H,25,30)(H,26,27,28)",15140,O=C(NCC#N)c1ccc(cc1)c2ccnc(Nc3ccc(cc3)N4CCOCC4)n2,3
Input,"4,11-Diethyl-4,9-dihydroxy-1H-pyrano[3',4':6,7]indolizino[1,2-b]quinoline-3,14(4H,12H)-dione",0.2281062,InputSig,NA,NA,LINCSCP_40275,NCIH596,0.5uM,6h,lung,Topoisomerase inhibitor,TOP1,FJHBVJOVLFPMQE-UHFFFAOYSA-N,"InChI=1S/C22H20N2O5/c1-3-12-13-7-11(25)5-6-17(13)23-19-14(12)9-24-18(19)8-16-15(20(24)26)10-29-21(27)22(16,28)4-2/h5-8,25,28H,3-4,9-10H2,1-2H3",16512,CCc1c2CN3C(=O)C4=C(C=C3c2nc5ccc(O)cc15)C(O)(CC)C(=O)OC4,NA
Input,BRD-K44242139,0.22804909,InputSig,NA,NA,LINCSCP_48535,PC3,10uM,24h,prostate,NA,NA,JYNWHADBVHDRHI-RUZDIDTESA-N,"InChI=1S/C29H34FN3O3/c1-31-24-15-22(36-2)8-9-23(24)26-27(31)25(17-34)33(28(35)20-6-7-20)18-29(26)10-12-32(13-11-29)16-19-4-3-5-21(30)14-19/h3-5,8-9,14-15,20,25,34H,6-7,10-13,16-18H2,1-2H3/t25-/m1/s1",32816,COc1ccc2c3c([C@@H](CO)N(CC34CCN(Cc5cccc(F)c5)CC4)C(=O)C6CC6)n(C)c2c1,NA
Input,BRD-K53101279,0.22795653,InputSig,NA,NA,LINCSCP_61140,VCAP,5uM,6h,prostate,NA,NA,AZDABJQXNZGANX-YZVOILCLSA-N,"InChI=1S/C21H33N3O4/c1-6-7-20(25)23-16-8-9-17-18(10-16)28-13-15(3)22-11-14(2)19(27-5)12-24(4)21(17)26/h8-10,14-15,19,22H,6-7,11-13H2,1-5H3,(H,23,25)/t14-,15-,19+/m0/s1",3509,CCCC(=O)Nc1ccc2C(=O)N(C)C[C@@H](OC)[C@@H](C)CN[C@@H](C)COc2c1,NA
Input,"2-(2,4-Dichlorophenoxy)-n-(4-methyl-2-nitrophenyl)acetamide",0.22773938,InputSig,NA,NA,LINCSCP_58863,VCAP,10uM,24h,prostate,NA,NA,LKJBIEDLNAMERY-UHFFFAOYSA-N,"InChI=1S/C15H12Cl2N2O4/c1-9-2-4-12(13(6-9)19(21)22)18-15(20)8-23-14-5-3-10(16)7-11(14)17/h2-7H,8H2,1H3,(H,18,20)",22232,Cc1ccc(NC(=O)COc2ccc(Cl)cc2Cl)c(c1)[N+](=O)[O-],NA
Input,PF-04447943,0.22759593,InputSig,NA,NA,LINCSCP_107897,HELA,10uM,24h,large intestine,NA,NA,IWXUVYOOUMLUTQ-CZUORRHYSA-N,"InChI=1S/C20H25N7O2/c1-13-10-26(12-17-21-5-2-6-22-17)11-16(13)18-24-19-15(20(28)25-18)9-23-27(19)14-3-7-29-8-4-14/h2,5-6,9,13-14,16H,3-4,7-8,10-12H2,1H3,(H,24,25,28)/t13-,16-/m1/s1",26448,C[C@@H]1CN(Cc2ncccn2)C[C@H]1C3=Nc4c(cnn4C5CCOCC5)C(=O)N3,NA
Input,BRD-K47512679,0.22741632,InputSig,NA,NA,LINCSCP_249790,MCF7,10uM,24h,breast,NA,NA,VBBNZRJPYJBSEQ-HSZRJFAPSA-N,"InChI=1S/C27H29F2N3O3/c1-30-22-10-19(35-2)6-7-20(22)24-25(30)23(12-33)31(11-17-9-18(28)5-8-21(17)29)13-27(24)14-32(15-27)26(34)16-3-4-16/h5-10,16,23,33H,3-4,11-15H2,1-2H3/t23-/m1/s1",32908,COc1ccc2c3c([C@@H](CO)N(Cc4cc(F)ccc4F)CC35CN(C5)C(=O)C6CC6)n(C)c2c1,NA
Input,BRD-K41862560,0.22740726,InputSig,NA,NA,LINCSCP_233105,HT29,10uM,24h,large intestine,NA,NA,JEEWDARUSPNTGW-PXFJVXAFSA-N,"InChI=1S/C34H50N4O6/c1-23(2)35-34(42)37(6)21-31-24(3)20-38(25(4)22-39)33(41)29-19-28(36-32(40)18-27-13-8-7-9-14-27)15-16-30(29)44-26(5)12-10-11-17-43-31/h7-9,13-16,19,23-26,31,39H,10-12,17-18,20-22H2,1-6H3,(H,35,42)(H,36,40)/t24-,25+,26+,31-/m0/s1",5044,CC(C)NC(=O)N(C)C[C@@H]1OCCCC[C@@H](C)Oc2ccc(NC(=O)Cc3ccccc3)cc2C(=O)N(C[C@@H]1C)[C@H](C)CO,NA
Input,Gallocatechin Gallate,0.22733078,InputSig,NA,NA,LINCSCP_40058,NCIH2073,90uM,6h,lung,Nitric oxide synthase inhibitor,BACE1|FASN,WMBWREPUVVBILR-NQIIRXRSSA-N,"InChI=1S/C22H18O11/c23-10-5-12(24)11-7-18(33-22(31)9-3-15(27)20(30)16(28)4-9)21(32-17(11)6-10)8-1-13(25)19(29)14(26)2-8/h1-6,18,21,23-30H,7H2/t18-,21+/m1/s1",16519,Oc1cc(O)c2C[C@@H](OC(=O)c3cc(O)c(O)c(O)c3)[C@@H](Oc2c1)c4cc(O)c(O)c(O)c4,NA
Input,Valyltryptophan,0.2272544,InputSig,NA,NA,LINCSCP_44033,PC3,10uM,24h,prostate,NA,NA,LZDNBBYBDGBADK-KBPBESRZSA-N,"InChI=1S/C16H21N3O3/c1-9(2)14(17)15(20)19-13(16(21)22)7-10-8-18-12-6-4-3-5-11(10)12/h3-6,8-9,13-14,18H,7,17H2,1-2H3,(H,19,20)(H,21,22)/t13-,14-/m0/s1",15682,CC(C)[C@H](N)C(=O)N[C@@H](Cc1c[nH]c2ccccc12)C(=O)O,NA
Input,BRD-K35928056,0.22721736,InputSig,NA,NA,LINCSCP_61695,VCAP,5uM,6h,prostate,NA,NA,HTGRXZBGTMWDTQ-GTNJKRJXSA-N,"InChI=1S/C30H33FN2O4/c1-20-16-33(21(2)18-34)30(36)27-11-7-6-10-26(27)25-9-5-4-8-23(25)19-37-28(20)17-32(3)29(35)22-12-14-24(31)15-13-22/h4-15,20-21,28,34H,16-19H2,1-3H3/t20-,21+,28-/m0/s1",24462,C[C@H](CO)N1C[C@H](C)[C@H](CN(C)C(=O)c2ccc(F)cc2)OCc3ccccc3c4ccccc4C1=O,NA
Input,MLS002264450,0.22711849,InputSig,NA,NA,LINCSCP_31480,MCF7,10uM,6h,breast,NA,NA,VLYWPFPPMYHFIY-UHFFFAOYSA-N,"InChI=1S/C15H9F3N6S2/c1-24-14(21-22-23-24)26-13-11-10(6-25-12(11)19-7-20-13)8-3-2-4-9(5-8)15(16,17)18/h2-7H,1H3",15588,Cn1nnnc1Sc2ncnc3scc(c4cccc(c4)C(F)(F)F)c23,NA
Input,Dexniguldipine,0.22708562,InputSig,NA,NA,LINCSCP_122567,HT29,3.33uM,24h,large intestine,NA,NA,SVJMLYUFVDMUHP-MGBGTMOVSA-N,"InChI=1S/C36H39N3O6/c1-25-31(34(40)44-3)33(27-12-10-17-30(24-27)39(42)43)32(26(2)37-25)35(41)45-23-11-20-38-21-18-36(19-22-38,28-13-6-4-7-14-28)29-15-8-5-9-16-29/h4-10,12-17,24,33,37H,11,18-23H2,1-3H3/t33-/m1/s1",17610,COC(=O)C1=C(C)NC(=C([C@@H]1c2cccc(c2)[N+](=O)[O-])C(=O)OCCCN3CCC(CC3)(c4ccccc4)c5ccccc5)C,NA
Input,AZD-8330,0.22704191,InputSig,NA,NA,LINCSCP_115232,HS578T,1.11uM,3h,breast,MEK inhibitor,MAP2K1|MAP2K2,RWEVIPRMPFNTLO-UHFFFAOYSA-N,"InChI=1S/C16H17FIN3O4/c1-9-7-11(15(23)20-25-6-5-22)14(21(2)16(9)24)19-13-4-3-10(18)8-12(13)17/h3-4,7-8,19,22H,5-6H2,1-2H3,(H,20,23)",37854,CN1C(=O)C(=CC(=C1Nc2ccc(I)cc2F)C(=O)NOCCO)C,1
Input,Cephaeline,0.22704145,InputSig,NA,NA,LINCSCP_11322,ASC,10uM,24h,adipose,Protein synthesis inhibitor,NA,DTGZHCFJNDAHEN-OZEXIGSWSA-N,"InChI=1S/C28H38N2O4/c1-5-17-16-30-9-7-19-13-27(33-3)28(34-4)15-22(19)24(30)11-20(17)10-23-21-14-26(32-2)25(31)12-18(21)6-8-29-23/h12-15,17,20,23-24,29,31H,5-11,16H2,1-4H3/t17-,20-,23+,24-/m0/s1",36041,CC[C@H]1CN2CCc3cc(OC)c(OC)cc3[C@@H]2C[C@@H]1C[C@H]4NCCc5cc(O)c(OC)cc45,NA
Input,BRD-K43540029,0.22697975,InputSig,NA,NA,LINCSCP_3702,A375,10uM,24h,skin,NA,NA,OYGJGQMEHJXORO-OZNIXHKMSA-N,"InChI=1S/C28H34N2O3S/c31-21-27-28(24-16-14-23(15-17-24)13-12-22-8-4-5-9-22)26-20-29(18-6-7-19-30(26)27)34(32,33)25-10-2-1-3-11-25/h1-3,10-11,14-17,22,26-28,31H,4-9,18-21H2/t26-,27+,28-/m1/s1",12725,OC[C@H]1[C@@H]([C@H]2CN(CCCCN12)S(=O)(=O)c3ccccc3)c4ccc(cc4)C#CC5CCCC5,NA
Input,MR-16728,0.22688594,InputSig,NA,NA,LINCSCP_18652,HCC515,10uM,6h,lung,Acetylcholine release enhancer|Acetylcholine release stimulant,NA,AGKAAJMNNVUNDK-UHFFFAOYSA-N,"InChI=1S/C23H36N2O/c26-23(24-16-11-19-25-17-9-1-2-10-18-25)22(20-12-5-3-6-13-20)21-14-7-4-8-15-21/h3,5-6,12-13,21-22H,1-2,4,7-11,14-19H2,(H,24,26)",12850,O=C(NCCCN1CCCCCC1)C(C2CCCCC2)c3ccccc3,NA
Input,MLS000583956,0.22687224,InputSig,NA,NA,LINCSCP_1964,A375,10uM,6h,skin,NA,NA,ASSYJPCLSRNQGT-UHFFFAOYSA-N,"InChI=1S/C23H23ClN2O3S/c1-29-19-10-5-9-18(15-19)26(21(27)16-24)22(20-11-6-14-30-20)23(28)25-13-12-17-7-3-2-4-8-17/h2-11,14-15,22H,12-13,16H2,1H3,(H,25,28)",15235,COc1cccc(c1)N(C(C(=O)NCCc2ccccc2)c3cccs3)C(=O)CCl,NA
Input,Meptazinol,0.22675617,InputSig,NA,NA,LINCSCP_47802,PC3,10uM,6h,prostate,Opioid receptor agonist,NA,JLICHNCFTLFZJN-UHFFFAOYSA-N,"InChI=1S/C15H23NO/c1-3-15(9-4-5-10-16(2)12-15)13-7-6-8-14(17)11-13/h6-8,11,17H,3-5,9-10,12H2,1-2H3",15158,CCC1(CCCCN(C)C1)c2cccc(O)c2,4
Input,Dapivirine (TMC120),0.22675579,InputSig,NA,NA,LINCSCP_169630,YAPC,0.12uM,24h,pancreas,NA,NA,ILAYIAGXTHKHNT-UHFFFAOYSA-N,"InChI=1S/C20H19N5/c1-13-10-14(2)19(15(3)11-13)24-18-8-9-22-20(25-18)23-17-6-4-16(12-21)5-7-17/h4-11H,1-3H3,(H2,22,23,24,25)",26663,Cc1cc(C)c(Nc2ccnc(Nc3ccc(cc3)C#N)n2)c(C)c1,3
Input,BRN 1087718,0.22667821,InputSig,NA,NA,LINCSCP_203426,ASC,10uM,24h,adipose,NA,NA,LISLUXJODLGWGJ-VQHVLOKHSA-N,"InChI=1S/C14H8N4O3/c15-8-9(7-10-5-6-13(21-10)18(19)20)14-16-11-3-1-2-4-12(11)17-14/h1-7H,(H,16,17)/b9-7+",17166,[O-][N+](=O)c1oc(\C=C(/C#N)\c2nc3ccccc3[nH]2)cc1,NA
Input,BRD-K37303684,0.22664819,InputSig,NA,NA,LINCSCP_27507,HT29,5uM,24h,large intestine,NA,NA,BDFFQCHCBQOAPA-ZHALLVOQSA-N,"InChI=1S/C21H32N2O7S/c1-28-18-4-2-3-5-20(18)31(26,27)23-17-7-6-16(30-19(17)14-24)8-11-22-21(25)15-9-12-29-13-10-15/h2-5,15-17,19,23-24H,6-14H2,1H3,(H,22,25)/t16-,17-,19-/m1/s1",2936,COc1ccccc1S(=O)(=O)N[C@@H]2CC[C@H](CCNC(=O)C3CCOCC3)O[C@@H]2CO,NA
Input,BRD-K10721194,0.22660653,InputSig,NA,NA,LINCSCP_62120,VCAP,5uM,24h,prostate,NA,NA,XDPGLRIFEVLTPI-OZOXKJRCSA-N,"InChI=1S/C22H29N3O6S/c1-30-20-10-6-5-9-18(20)24-22(27)25-19-12-11-16(31-21(19)15-26)13-14-23-32(28,29)17-7-3-2-4-8-17/h2-10,16,19,21,23,26H,11-15H2,1H3,(H2,24,25,27)/t16-,19-,21-/m1/s1",1651,COc1ccccc1NC(=O)N[C@@H]2CC[C@H](CCNS(=O)(=O)c3ccccc3)O[C@@H]2CO,NA
Input,BRD-K16912444,0.22657624,InputSig,NA,NA,LINCSCP_59845,VCAP,5uM,24h,prostate,NA,NA,LDFNDVLWJVMLLU-ULIDOWHDSA-N,"InChI=1S/C35H38N4O6/c1-22-17-39(23(2)20-40)34(41)27-11-7-13-29(37-35(42)36-28-12-6-9-25-8-4-5-10-26(25)28)33(27)45-32(22)19-38(3)18-24-14-15-30-31(16-24)44-21-43-30/h4-16,22-23,32,40H,17-21H2,1-3H3,(H2,36,37,42)/t22-,23-,32-/m1/s1",12017,C[C@H](CO)N1C[C@@H](C)[C@@H](CN(C)Cc2ccc3OCOc3c2)Oc4c(NC(=O)Nc5cccc6ccccc56)cccc4C1=O,NA
Input,CHEMBL2130568,0.2265468,InputSig,NA,NA,LINCSCP_10703,ASC,10uM,24h,adipose,NA,NA,FTHAFMYRINDSEL-UHFFFAOYSA-N,"InChI=1S/C21H23N5/c1-3-9-16(10-4-1)15-23-21-19(17-11-5-2-6-12-17)25-26-20(24-21)18-13-7-8-14-22-18/h2,5-8,11-14,16H,1,3-4,9-10,15H2,(H,23,24,26)",37668,C(Nc1nc(nnc1c2ccccc2)c3ccccn3)C4CCCCC4,NA
Input,MLS000583963,0.22645306,InputSig,NA,NA,LINCSCP_1763,A375,10uM,6h,skin,NA,NA,WZPVBLAQLFFXTN-UHFFFAOYSA-N,"InChI=1S/C23H26Cl2N2O3/c1-30-20-12-10-16(11-13-20)22(23(29)26-18-7-3-2-4-8-18)27(21(28)15-24)19-9-5-6-17(25)14-19/h5-6,9-14,18,22H,2-4,7-8,15H2,1H3,(H,26,29)",35343,COc1ccc(cc1)C(N(C(=O)CCl)c2cccc(Cl)c2)C(=O)NC3CCCCC3,NA
Input,MLS002264492,0.22645305,InputSig,NA,NA,LINCSCP_5259,A549,10uM,6h,lung,NA,NA,DPFIYYDYFQJIPD-UHFFFAOYSA-N,"InChI=1S/C18H18F2N2O6S2/c19-14-2-1-3-15(20)18(14)30(25,26)22-10-12(11-22)9-21-29(23,24)13-4-5-16-17(8-13)28-7-6-27-16/h1-5,8,12,21H,6-7,9-11H2",15627,Fc1cccc(F)c1S(=O)(=O)N2CC(CNS(=O)(=O)c3ccc4OCCOc4c3)C2,NA
Input,triptolide,0.22644792,InputSig,NA,NA,LINCSCP_70403,A375,0.12uM,24h,skin,NA,NA,NA,NA,NA,NA,NA
Input,LY 2183240,0.22637216,InputSig,NA,NA,LINCSCP_15315,HA1E,10uM,24h,kidney epithelial,FAAH inhibitor|FAAH reuptake inhibitor,FAAH,GZNIYOXWFCDBBJ-UHFFFAOYSA-N,"InChI=1S/C17H17N5O/c1-21(2)17(23)22-16(18-19-20-22)12-13-8-10-15(11-9-13)14-6-4-3-5-7-14/h3-11H,12H2,1-2H3",15610,CN(C)C(=O)n1nnnc1Cc2ccc(cc2)c3ccccc3,NA
Input,CHEMBL3181961,0.22635247,InputSig,NA,NA,LINCSCP_203536,ASC,10uM,24h,adipose,NA,NA,UYKGAEVYWNTSSF-MVPDCNEZSA-N,"InChI=1S/C33H45F3N4O6/c1-22-19-40(23(2)21-41)31(43)27-18-26(37-30(42)15-16-33(34,35)36)13-14-28(27)46-24(3)10-8-9-17-45-29(22)20-39(4)32(44)38-25-11-6-5-7-12-25/h5-7,11-14,18,22-24,29,41H,8-10,15-17,19-21H2,1-4H3,(H,37,42)(H,38,44)/t22-,23+,24-,29-/m0/s1",40237,C[C@H](CO)N1C[C@H](C)[C@H](CN(C)C(=O)Nc2ccccc2)OCCCC[C@H](C)Oc3ccc(NC(=O)CCC(F)(F)F)cc3C1=O,NA
Input,TR-14035,0.22612863,InputSig,NA,NA,LINCSCP_72361,A375,0.12uM,24h,skin,NA,NA,DRSJLVGDSNWQBI-SFHVURJKSA-N,"InChI=1S/C24H21Cl2NO5/c1-31-19-7-4-8-20(32-2)21(19)15-11-9-14(10-12-15)13-18(24(29)30)27-23(28)22-16(25)5-3-6-17(22)26/h3-12,18H,13H2,1-2H3,(H,27,28)(H,29,30)/t18-/m0/s1",26816,COc1cccc(OC)c1c2ccc(C[C@H](NC(=O)c3c(Cl)cccc3Cl)C(=O)O)cc2,NA
Input,BRD-K89354557,0.22606436,InputSig,NA,NA,LINCSCP_64981,VCAP,10uM,24h,prostate,NA,NA,BTVCLUFNXWPDPX-BCQCSXDESA-N,"InChI=1S/C29H38N4O3/c1-21-17-33(22(2)20-34)29(35)26-15-25(10-9-23-11-13-30-14-12-23)16-31-28(26)36-27(21)19-32(3)18-24-7-5-4-6-8-24/h11-16,21-22,24,27,34H,4-8,17-20H2,1-3H3/t21-,22-,27+/m0/s1",13867,C[C@@H](CO)N1C[C@H](C)[C@@H](CN(C)CC2CCCCC2)Oc3ncc(cc3C1=O)C#Cc4ccncc4,NA
Input,BMS-509744,0.22600945,InputSig,NA,NA,LINCSCP_149836,NPC.TAK,10uM,24h,NA,NA,NA,ZHXNIYGJAOPMSO-UHFFFAOYSA-N,"InChI=1S/C32H41N5O4S2/c1-20-16-26(41-7)25(30(40)37-14-12-36(13-15-37)22(3)38)17-27(20)42-28-19-34-31(43-28)35-29(39)24-10-8-23(9-11-24)18-33-21(2)32(4,5)6/h8-11,16-17,19,21,33H,12-15,18H2,1-7H3,(H,34,35,39)",19900,COc1cc(C)c(Sc2cnc(NC(=O)c3ccc(CNC(C)C(C)(C)C)cc3)s2)cc1C(=O)N4CCN(CC4)C(=O)C,NA
Input,Avrainvillamide-analog-6,0.22593801,InputSig,NA,NA,LINCSCP_4007,A375,10uM,24h,skin,Nucleophosmin inhibitor,NA,VRXTZOBFUMAHKC-GKVSMKOHSA-N,"InChI=1S/C25H27N3O4/c1-23(2)13-25(22(30)27-9-5-6-17(27)21(29)26-25)12-16-15-10-14-7-8-24(3,4)32-19(14)11-18(15)28(31)20(16)23/h7-8,10-12,17H,5-6,9,13H2,1-4H3,(H,26,29)/t17-,25-/m0/s1",11563,CC1(C)Oc2cc3c(cc2C=C1)C4=C[C@@]5(CC(C)(C)C4=[N+]3[O-])NC(=O)[C@@H]6CCCN6C5=O,NA
Input,Flubendazole,0.22587523,InputSig,NA,NA,LINCSCP_273434,PC3,10uM,24h,prostate,Tubulin inhibitor,TUBB,CPEUVMUXAHMANV-UHFFFAOYSA-N,"InChI=1S/C16H12FN3O3/c1-23-16(22)20-15-18-12-7-4-10(8-13(12)19-15)14(21)9-2-5-11(17)6-3-9/h2-8H,1H3,(H2,18,19,20,22)",16447,COC(=O)Nc1nc2cc(ccc2[nH]1)C(=O)c3ccc(F)cc3,NA
Input,Isoliquiritigenin,0.22581287,InputSig,NA,NA,LINCSCP_56868,VCAP,10uM,24h,prostate,Guanylate cyclase activator,GABBR1,DXDRHHKMWQZJHT-FPYGCLRLSA-N,"InChI=1S/C15H12O4/c16-11-4-1-10(2-5-11)3-8-14(18)13-7-6-12(17)9-15(13)19/h1-9,16-17,19H/b8-3+",40009,Oc1ccc(\C=C\C(=O)c2ccc(O)cc2O)cc1,NA
Input,Pimecrolimus,0.2257902,InputSig,NA,NA,LINCSCP_79601,A375,10uM,24h,skin,FK506-binding protein 1A inhibitor,FKBP1A,KASDHRXLYQOAKZ-XDSKOBMDSA-N,"InChI=1S/C43H68ClNO11/c1-10-30-18-24(2)17-25(3)19-36(53-8)39-37(54-9)21-27(5)43(51,56-39)40(48)41(49)45-16-12-11-13-32(45)42(50)55-38(28(6)33(46)23-34(30)47)26(4)20-29-14-15-31(44)35(22-29)52-7/h18,20,25,27-33,35-39,46,51H,10-17,19,21-23H2,1-9H3/b24-18+,26-20+/t25-,27+,28+,29-,30+,31-,32-,33-,35+,36-,37-,38+,39+,43+/m0/s1",27137,CC[C@@H]1\C=C(/C)\C[C@H](C)C[C@H](OC)[C@H]2O[C@](O)([C@H](C)C[C@@H]2OC)C(=O)C(=O)N3CCCC[C@H]3C(=O)O[C@@H]([C@H](C)[C@@H](O)CC1=O)\C(=C\[C@@H]4CC[C@H](Cl)[C@@H](C4)OC)\C,4
Input,TWS 119,0.22578138,InputSig,NA,NA,LINCSCP_42788,NPC,10uM,24h,neural progenitor cells,Glycogen synthase kinase inhibitor,GSK3B,VPVLEBIVXZSOMQ-UHFFFAOYSA-N,"InChI=1S/C18H14N4O2/c19-12-4-1-3-11(7-12)16-9-15-17(22-16)20-10-21-18(15)24-14-6-2-5-13(23)8-14/h1-10,23H,19H2,(H,20,21,22)",15136,Nc1cccc(c1)c2cc3c(Oc4cccc(O)c4)ncnc3[nH]2,NA
Input,BRD-K74446951,0.22576422,InputSig,NA,NA,LINCSCP_43048,NPC,10uM,24h,neural progenitor cells,NA,NA,KNZOATPLJIEOET-BOCITWAFSA-N,"InChI=1S/C28H48N4O5/c1-19(2)29-28(35)31(8)17-26-20(3)16-32(21(4)18-33)27(34)24-15-23(30(6)7)12-13-25(24)37-22(5)11-9-10-14-36-26/h12-13,15,19-22,26,33H,9-11,14,16-18H2,1-8H3,(H,29,35)/t20-,21+,22+,26-/m0/s1",5110,CC(C)NC(=O)N(C)C[C@@H]1OCCCC[C@@H](C)Oc2ccc(cc2C(=O)N(C[C@@H]1C)[C@H](C)CO)N(C)C,NA
Input,SB525334,0.22542252,InputSig,NA,NA,LINCSCP_128220,HUES3,1.11uM,24h,NA,TGF beta receptor inhibitor,TGFBR1,DKPQHFZUICCZHF-UHFFFAOYSA-N,"InChI=1S/C21H21N5/c1-13-6-5-7-16(24-13)19-18(25-20(26-19)21(2,3)4)14-8-9-15-17(12-14)23-11-10-22-15/h5-12H,1-4H3,(H,25,26)",35285,Cc1cccc(n1)c2[nH]c(nc2c3ccc4nccnc4c3)C(C)(C)C,NA
Input,MLS000583957,0.22537664,InputSig,NA,NA,LINCSCP_2275,A375,10uM,6h,skin,NA,NA,STXBWZSVEOQYLQ-UHFFFAOYSA-N,"InChI=1S/C23H23ClN2O3S/c1-29-19-11-9-18(10-12-19)26(21(27)16-24)22(20-8-5-15-30-20)23(28)25-14-13-17-6-3-2-4-7-17/h2-12,15,22H,13-14,16H2,1H3,(H,25,28)",22262,COc1ccc(cc1)N(C(C(=O)NCCc2ccccc2)c3cccs3)C(=O)CCl,NA
Input,BRD-K65504774,0.22536901,InputSig,NA,NA,LINCSCP_62307,VCAP,5uM,24h,prostate,NA,NA,RREKHFLFIWGNNG-IGSZLMQBSA-N,"InChI=1S/C25H28FN3O6/c26-19-3-1-2-4-20(19)28-25(32)27-15-5-6-21-17(11-15)18-12-16(34-22(14-30)24(18)35-21)13-23(31)29-7-9-33-10-8-29/h1-6,11,16,18,22,24,30H,7-10,12-14H2,(H2,27,28,32)/t16-,18-,22+,24+/m0/s1",24918,OC[C@H]1O[C@H](CC(=O)N2CCOCC2)C[C@@H]3[C@H]1Oc4ccc(NC(=O)Nc5ccccc5F)cc34,NA
Input,BRD-K15219339,0.22527272,InputSig,NA,NA,LINCSCP_296871,VCAP,5uM,24h,prostate,NA,NA,CJOIYZPSQGIVSU-PJIJBLCYSA-N,"InChI=1S/C21H31N3O4/c1-13-10-24(14(2)12-25)21(27)17-9-16(22-20(26)15-5-6-15)7-8-18(17)28-19(13)11-23(3)4/h7-9,13-15,19,25H,5-6,10-12H2,1-4H3,(H,22,26)/t13-,14-,19-/m1/s1",708,C[C@H](CO)N1C[C@@H](C)[C@@H](CN(C)C)Oc2ccc(NC(=O)C3CC3)cc2C1=O,NA
Input,BRD-K74046820,0.22485312,InputSig,NA,NA,LINCSCP_64216,VCAP,5uM,24h,prostate,NA,NA,TYGOPRMPKRHVEQ-CMSZEEODSA-N,"InChI=1S/C32H47N5O6/c1-21(2)34-32(41)35-26-10-11-28-27(17-26)31(40)37(23(4)20-38)18-22(3)29(42-16-8-7-9-24(5)43-28)19-36(6)30(39)25-12-14-33-15-13-25/h10-15,17,21-24,29,38H,7-9,16,18-20H2,1-6H3,(H2,34,35,41)/t22-,23+,24+,29+/m0/s1",5104,CC(C)NC(=O)Nc1ccc2O[C@H](C)CCCCO[C@H](CN(C)C(=O)c3ccncc3)[C@@H](C)CN([C@H](C)CO)C(=O)c2c1,NA
Input,Bardoxolone Methyl,0.22480061,InputSig,NA,NA,LINCSCP_72243,A375,10uM,24h,skin,Inhibitor of nuclear factor kappa B kinase beta subunit inhibitor|Keap1/Nrf2 inhibitor|Peroxisome proliferator-activated receptor gamma antagonist,IKBKB|KEAP1|NFE2L2|PPARG,WPTTVJLTNAWYAO-KPOXMGGZSA-N,"InChI=1S/C32H43NO4/c1-27(2)11-13-32(26(36)37-8)14-12-31(7)24(20(32)17-27)21(34)15-23-29(5)16-19(18-33)25(35)28(3,4)22(29)9-10-30(23,31)6/h15-16,20,22,24H,9-14,17H2,1-8H3/t20-,22-,24-,29-,30+,31+,32-/m0/s1",26671,COC(=O)[C@]12CCC(C)(C)C[C@H]1[C@H]3C(=O)C=C4[C@@](C)(CC[C@H]5C(C)(C)C(=O)C(=C[C@]45C)C#N)[C@]3(C)CC2,3
Input,BRD-K17863985,0.22477724,InputSig,NA,NA,LINCSCP_62767,VCAP,5uM,24h,prostate,NA,NA,OEVRCWMHWGKQED-PNCHPQGNSA-N,"InChI=1S/C24H33ClFN3O3/c1-17(13-29(18(2)16-30)14-19-7-5-6-8-22(19)25)23(32-4)15-28(3)24(31)27-21-11-9-20(26)10-12-21/h5-12,17-18,23,30H,13-16H2,1-4H3,(H,27,31)/t17-,18-,23+/m1/s1",23848,CO[C@@H](CN(C)C(=O)Nc1ccc(F)cc1)[C@H](C)CN(Cc2ccccc2Cl)[C@H](C)CO,NA
Input,Zucapsaicin,0.2244689,InputSig,NA,NA,LINCSCP_293859,VCAP,10uM,24h,prostate,TRPV agonist,TRPV1,YKPUWZUDDOIDPM-VURMDHGXSA-N,"InChI=1S/C18H27NO3/c1-14(2)8-6-4-5-7-9-18(21)19-13-15-10-11-16(20)17(12-15)22-3/h6,8,10-12,14,20H,4-5,7,9,13H2,1-3H3,(H,19,21)/b8-6-",37257,COc1cc(CNC(=O)CCCC\C=C/C(C)C)ccc1O,3
Input,Doramapimod,0.22437155,InputSig,NA,NA,LINCSCP_83176,ASC.C,10uM,24h,NA,P38 MAPK inhibitor,MAPK11|MAPK12|MAPK14,MVCOAUNKQVWQHZ-UHFFFAOYSA-N,"InChI=1S/C31H37N5O3/c1-22-9-11-23(12-10-22)36-29(21-28(34-36)31(2,3)4)33-30(37)32-26-13-14-27(25-8-6-5-7-24(25)26)39-20-17-35-15-18-38-19-16-35/h5-14,21H,15-20H2,1-4H3,(H2,32,33,37)",17577,Cc1ccc(cc1)n2nc(cc2NC(=O)Nc3ccc(OCCN4CCOCC4)c5ccccc35)C(C)(C)C,2
Input,BRD-K17003857,0.22429303,InputSig,NA,NA,LINCSCP_27859,HT29,5uM,24h,large intestine,NA,NA,TZEUCKCBNOSTOD-DCYQNCPLSA-N,"InChI=1S/C24H34N2O3/c1-4-8-17-11-13-18(14-12-17)23-20(15-25(6-3)22(28)5-2)26(21(23)16-27)24(29)19-9-7-10-19/h4,8,11-14,19-21,23,27H,5-7,9-10,15-16H2,1-3H3/b8-4+/t20-,21+,23-/m1/s1",5935,CCN(C[C@@H]1[C@H]([C@H](CO)N1C(=O)C2CCC2)c3ccc(\C=C\C)cc3)C(=O)CC,NA
Input,NU-7026,0.22424199,InputSig,NA,NA,LINCSCP_133940,MCF7,0.37uM,24h,breast,DNA dependent protein kinase inhibitor|MTOR inhibitor|PI3K inhibitor,PRKDC,KKTZALUTXUZPSN-UHFFFAOYSA-N,"InChI=1S/C17H15NO3/c19-15-11-16(18-7-9-20-10-8-18)21-17-13-4-2-1-3-12(13)5-6-14(15)17/h1-6,11H,7-10H2",32922,O=C1C=C(Oc2c1ccc3ccccc23)N4CCOCC4,NA
Input,BRD-K40476324-001-01-6,0.22419228,InputSig,NA,NA,LINCSCP_47637,PC3,10uM,24h,prostate,ATPase inhibitor,ATP1A1,LTMHDMANZUZIPE-JEJJVJTCSA-N,"InChI=1S/C41H64O14/c1-19-36(47)28(42)15-34(50-19)54-38-21(3)52-35(17-30(38)44)55-37-20(2)51-33(16-29(37)43)53-24-8-10-39(4)23(13-24)6-7-26-27(39)14-31(45)40(5)25(9-11-41(26,40)48)22-12-32(46)49-18-22/h12,19-21,23-31,33-38,42-45,47-48H,6-11,13-18H2,1-5H3/t19-,20-,21-,23+,24+,25-,26+,27+,28+,29+,30+,31-,33+,34+,35+,36-,37-,38-,39+,40+,41+/m1/s1",7075,C[C@H]1O[C@H](C[C@H](O)[C@@H]1O)O[C@H]2[C@@H](O)C[C@H](O[C@H]3[C@@H](O)C[C@H](O[C@H]4CC[C@@]5(C)[C@@H](CC[C@H]6[C@@H]5C[C@@H](O)[C@]7(C)[C@H](CC[C@]67O)C8=CC(=O)OC8)C4)O[C@@H]3C)O[C@@H]2C,NA
Input,Glycocholic acid,0.22412342,InputSig,NA,NA,LINCSCP_14749,HA1E,10uM,24h,kidney epithelial,Cholesterol inhibitor,NA,RFDAIACWWDREDC-FRVQLJSFSA-N,"InChI=1S/C26H43NO6/c1-14(4-7-22(31)27-13-23(32)33)17-5-6-18-24-19(12-21(30)26(17,18)3)25(2)9-8-16(28)10-15(25)11-20(24)29/h14-21,24,28-30H,4-13H2,1-3H3,(H,27,31)(H,32,33)/t14-,15+,16-,17-,18+,19+,20-,21+,24+,25+,26-/m1/s1",15738,C[C@H](CCC(=O)NCC(=O)O)[C@H]1CC[C@H]2[C@@H]3[C@H](O)C[C@@H]4C[C@H](O)CC[C@]4(C)[C@H]3C[C@H](O)[C@]12C,NA
Input,HSCI1_000313,0.22404872,InputSig,NA,NA,LINCSCP_55785,VCAP,10uM,6h,prostate,Chymotrypsin inhibitor,NA,RDFCSSHDJSZMTQ-CYBMUJFWSA-N,"InChI=1S/C14H21ClN2O3S/c1-11-5-7-12(8-6-11)21(19,20)17-13(14(18)10-15)4-2-3-9-16/h5-8,13,17H,2-4,9-10,16H2,1H3/t13-/m1/s1",22548,Cc1ccc(cc1)S(=O)(=O)N[C@H](CCCCN)C(=O)CCl,NA
Input,BRD-K73427206,0.22403173,InputSig,NA,NA,LINCSCP_61371,VCAP,5uM,6h,prostate,NA,NA,KJNJKXAQFIYZGQ-HLFMIMNKSA-N,"InChI=1S/C24H30F2N4O4/c1-14-11-27-15(2)13-34-21-8-6-17(10-18(21)23(31)30(3)12-22(14)33-4)28-24(32)29-20-9-16(25)5-7-19(20)26/h5-10,14-15,22,27H,11-13H2,1-4H3,(H2,28,29,32)/t14-,15-,22+/m1/s1",4294,CO[C@H]1CN(C)C(=O)c2cc(NC(=O)Nc3cc(F)ccc3F)ccc2OC[C@@H](C)NC[C@H]1C,NA
Input,CHEMBL1719929,0.22399755,InputSig,NA,NA,LINCSCP_57657,VCAP,10uM,6h,prostate,NA,NA,BNBPDLHZYILUPO-UHFFFAOYSA-N,"InChI=1S/C17H17N3OS2/c1-10(21)18-16-15(11-7-8-20(2)9-14(11)23-16)17-19-12-5-3-4-6-13(12)22-17/h3-6H,7-9H2,1-2H3,(H,18,21)",35742,CN1CCc2c(C1)sc(NC(=O)C)c2c3nc4ccccc4s3,NA
Input,BIIB 021,0.22382905,InputSig,NA,NA,LINCSCP_106602,HELA,0.04uM,24h,large intestine,HSP inhibitor,HSP90AA1,QULDDKSCVCJTPV-UHFFFAOYSA-N,"InChI=1S/C14H15ClN6O/c1-7-4-17-9(8(2)11(7)22-3)5-21-6-18-10-12(15)19-14(16)20-13(10)21/h4,6H,5H2,1-3H3,(H2,16,19,20)",16359,COc1c(C)cnc(Cn2cnc3c(Cl)nc(N)nc23)c1C,NA
Input,BRD-K48211485,0.2237983,InputSig,NA,NA,LINCSCP_60568,VCAP,5uM,24h,prostate,NA,NA,HYHIJLYQTCYSKX-LVCYWYKZSA-N,"InChI=1S/C23H34N6O4/c1-17-12-29(18(2)15-30)22(31)10-7-11-28-13-20(25-26-28)16-33-21(17)14-27(3)23(32)24-19-8-5-4-6-9-19/h4-6,8-9,13,17-18,21,30H,7,10-12,14-16H2,1-3H3,(H,24,32)/t17-,18+,21-/m1/s1",27390,C[C@@H](CO)N1C[C@@H](C)[C@@H](CN(C)C(=O)Nc2ccccc2)OCc3cn(CCCC1=O)nn3,NA
Input,Deoxycholic acid,0.22374511,InputSig,NA,NA,LINCSCP_139512,MCF7,10uM,24h,breast,Biliverdin reductase A activator|G protein coupled receptor agonist|G protein-coupled receptor agonist|Unidentified pharmacological activity,GPBAR1,KXGVEGMKQFWNSR-LLQZFEROSA-N,"InChI=1S/C24H40O4/c1-14(4-9-22(27)28)18-7-8-19-17-6-5-15-12-16(25)10-11-23(15,2)20(17)13-21(26)24(18,19)3/h14-21,25-26H,4-13H2,1-3H3,(H,27,28)/t14-,15-,16-,17+,18-,19+,20+,21+,23+,24-/m1/s1",16337,C[C@H](CCC(=O)O)[C@H]1CC[C@H]2[C@@H]3CC[C@@H]4C[C@H](O)CC[C@]4(C)[C@H]3C[C@H](O)[C@]12C,4
Input,Dexlansoprazole,0.22369516,InputSig,NA,NA,LINCSCP_34644,MCF7,10uM,24h,breast,ATPase inhibitor,ATP4A|ATP4B,MJIHNNLFOKEZEW-UHFFFAOYSA-N,"InChI=1S/C16H14F3N3O2S/c1-10-13(20-7-6-14(10)24-9-16(17,18)19)8-25(23)15-21-11-4-2-3-5-12(11)22-15/h2-7H,8-9H2,1H3,(H,21,22)",36408,Cc1c(OCC(F)(F)F)ccnc1CS(=O)c2nc3ccccc3[nH]2,4
Input,Zofenopril (calcium),0.22367091,InputSig,NA,NA,LINCSCP_172878,YAPC,0.04uM,24h,pancreas,NA,NA,IAIDUHCBNLFXEF-MNEFBYGVSA-N,"InChI=1S/C22H23NO4S2/c1-15(14-28-22(27)16-8-4-2-5-9-16)20(24)23-13-18(12-19(23)21(25)26)29-17-10-6-3-7-11-17/h2-11,15,18-19H,12-14H2,1H3,(H,25,26)/t15-,18+,19+/m1/s1",26692,C[C@H](CSC(=O)c1ccccc1)C(=O)N2C[C@H](C[C@H]2C(=O)O)Sc3ccccc3,NA
Input,Crotamiton,0.22365098,InputSig,NA,NA,LINCSCP_14577,HA1E,10uM,6h,kidney epithelial,Antipruritic,NA,DNTGGZPQPQTDQF-XBXARRHUSA-N,"InChI=1S/C13H17NO/c1-4-8-13(15)14(5-2)12-10-7-6-9-11(12)3/h4,6-10H,5H2,1-3H3/b8-4+",22162,CCN(C(=O)\C=C\C)c1ccccc1C,4
Input,Andreson,0.22354791,InputSig,NA,NA,LINCSCP_16139,HA1E,10uM,6h,kidney epithelial,Glucocorticoid receptor agonist,NA,MFYSYFVPBJMHGN-ZPOLXVRWSA-N,"InChI=1S/C21H28O5/c1-19-7-5-13(23)9-12(19)3-4-14-15-6-8-21(26,17(25)11-22)20(15,2)10-16(24)18(14)19/h9,14-15,18,22,26H,3-8,10-11H2,1-2H3/t14-,15-,18+,19-,20-,21-/m0/s1",35766,C[C@]12CCC(=O)C=C1CC[C@H]3[C@@H]4CC[C@](O)(C(=O)CO)[C@@]4(C)CC(=O)[C@H]23,NA
Input,AC1O44XP,0.22351352,InputSig,NA,NA,LINCSCP_64561,VCAP,20uM,6h,prostate,PPAR receptor agonist,PPARG,VHRUMKCAEVRUBK-XSDKJXIISA-N,"InChI=1S/C20H28O3/c1-2-3-4-5-6-10-13-18-17(15-16-19(18)21)12-9-7-8-11-14-20(22)23/h6-7,9-10,13,15-17H,2-5,8,11-12,14H2,1H3,(H,22,23)/b9-7+,10-6+,18-13+",3193,CCCCC\C=C\C=C\1/C(C\C=C\CCCC(=O)O)C=CC1=O,NA
Input,BRD-K87159745,0.22345231,InputSig,NA,NA,LINCSCP_63414,VCAP,5uM,24h,prostate,NA,NA,PQVOHAVDCPBJEV-NAYZPBBASA-N,"InChI=1S/C31H34N4O6/c1-35-25-9-8-22(18-29(36)33-16-13-20-11-14-32-15-12-20)41-28(25)19-40-27-10-7-21(17-24(27)31(35)38)34-30(37)23-5-3-4-6-26(23)39-2/h3-7,10-12,14-15,17,22,25,28H,8-9,13,16,18-19H2,1-2H3,(H,33,36)(H,34,37)/t22-,25-,28+/m0/s1",4485,COc1ccccc1C(=O)Nc2ccc3OC[C@H]4O[C@H](CC(=O)NCCc5ccncc5)CC[C@@H]4N(C)C(=O)c3c2,NA
Input,"Triazolothiadiazine, 9",0.22344063,InputSig,NA,NA,LINCSCP_31435,MCF7,10uM,6h,breast,Phosphodiesterase inhibitor,NA,FCIZPPJLBOLIRV-UHFFFAOYSA-N,"InChI=1S/C23H24N4O5S/c1-28-15-5-7-19(29-2)17(11-15)22-24-25-23-27(22)26-18(13-33-23)14-4-6-20(30-3)21(10-14)32-16-8-9-31-12-16/h4-7,10-11,16H,8-9,12-13H2,1-3H3",35339,COc1ccc(OC)c(c1)c2nnc3SCC(=Nn23)c4ccc(OC)c(OC5CCOC5)c4,NA
Input,SMR000206948,0.2234208,InputSig,NA,NA,LINCSCP_5616,A549,10uM,6h,lung,NA,NA,RMLMLLHAWZPLLR-UHFFFAOYSA-N,"InChI=1S/C23H26Cl2N2O3/c1-30-20-13-7-16(8-14-20)22(23(29)26-18-5-3-2-4-6-18)27(21(28)15-24)19-11-9-17(25)10-12-19/h7-14,18,22H,2-6,15H2,1H3,(H,26,29)",35345,COc1ccc(cc1)C(N(C(=O)CCl)c2ccc(Cl)cc2)C(=O)NC3CCCCC3,NA
Input,Flavokawain B,0.22312631,InputSig,NA,NA,LINCSCP_11171,ASC,10uM,24h,adipose,Anticancer agent,IKBKB,QKQLSQLKXBHUSO-CMDGGOBGSA-N,"InChI=1S/C17H16O4/c1-20-13-10-15(19)17(16(11-13)21-2)14(18)9-8-12-6-4-3-5-7-12/h3-11,19H,1-2H3/b9-8+",17136,COc1cc(O)c(C(=O)\C=C\c2ccccc2)c(OC)c1,NA
Input,RG7388,0.2228312,InputSig,NA,NA,LINCSCP_172453,YAPC,10uM,24h,pancreas,NA,NA,TVTXCJFHQKSQQM-LJQIRTBHSA-N,"InChI=1S/C31H29Cl2F2N3O4/c1-30(2,3)14-24-31(15-36,19-10-9-17(32)13-21(19)34)25(18-6-5-7-20(33)26(18)35)27(38-24)28(39)37-22-11-8-16(29(40)41)12-23(22)42-4/h5-13,24-25,27,38H,14H2,1-4H3,(H,37,39)(H,40,41)/t24-,25-,27+,31-/m0/s1",27158,COc1cc(ccc1NC(=O)[C@@H]2N[C@@H](CC(C)(C)C)[C@@](C#N)([C@H]2c3cccc(Cl)c3F)c4ccc(Cl)cc4F)C(=O)O,3
Input,Dacomitinib,0.22281507,InputSig,NA,NA,LINCSCP_129509,JURKAT,0.37uM,24h,haematopoietic and lymphoid tissue,Epidermal growth factor receptor erbB1 inhibitor|Epidermal growth factor receptor inhibitor|Receptor protein-tyrosine kinase erbB-2 inhibitor|Receptor protein-tyrosine kinase erbB-4 inhibitor,EGFR|ERBB2|ERBB3|ERBB4,LVXJQMNHJWSHET-AATRIKPKSA-N,"InChI=1S/C24H25ClFN5O2/c1-33-22-14-20-17(24(28-15-27-20)29-16-7-8-19(26)18(25)12-16)13-21(22)30-23(32)6-5-11-31-9-3-2-4-10-31/h5-8,12-15H,2-4,9-11H2,1H3,(H,30,32)(H,27,28,29)/b6-5+",5080,COc1cc2ncnc(Nc3ccc(F)c(Cl)c3)c2cc1NC(=O)\C=C\CN4CCCCC4,3
Input,BRD-K02063190,0.22267804,InputSig,NA,NA,LINCSCP_60724,VCAP,5uM,24h,prostate,NA,NA,SYWTUHWEQAODFK-BERHBOFZSA-N,"InChI=1S/C28H37N5O6S/c1-21-16-33(22(2)19-34)28(35)10-7-15-32-17-23(29-30-32)20-38-27(21)18-31(3)40(36,37)26-13-11-25(12-14-26)39-24-8-5-4-6-9-24/h4-6,8-9,11-14,17,21-22,27,34H,7,10,15-16,18-20H2,1-3H3/t21-,22-,27-/m0/s1",175,C[C@@H](CO)N1C[C@H](C)[C@H](CN(C)S(=O)(=O)c2ccc(Oc3ccccc3)cc2)OCc4cn(CCCC1=O)nn4,NA
Input,Semaxanib,0.2226518,InputSig,NA,NA,LINCSCP_192262,A549,10uM,24h,lung,VEGFR inhibitor,FLT1|FLT4|KDR|KIT|PDGFRB,WUWDLXZGHZSWQZ-WQLSENKSSA-N,"InChI=1S/C15H14N2O/c1-9-7-10(2)16-14(9)8-12-11-5-3-4-6-13(11)17-15(12)18/h3-8,16H,1-2H3,(H,17,18)/b12-8-",17049,Cc1cc(C)c(\C=C\2/C(=O)Nc3ccccc23)[nH]1,3
Input,ST-4062971,0.22262469,InputSig,NA,NA,LINCSCP_37698,MCF7,10uM,24h,breast,NA,NA,AZMVVBDUDPIZOY-UHFFFAOYSA-N,"InChI=1S/C14H9N4O3/c15-9-14-12-7-6-11(18(20)21)8-13(12)17(19)16(14)10-4-2-1-3-5-10/h1-8,19H/q+1",31623,On1c2cc(ccc2c(C#N)[n+]1c3ccccc3)[N+](=O)[O-],NA
Input,3-Methylcholanthrene,0.22258053,InputSig,NA,NA,LINCSCP_32717,MCF7,10uM,6h,breast,Aryl hydrocarbon receptor agonist,AHR,PPQNQXQZIWHJRB-UHFFFAOYSA-N,"InChI=1S/C21H16/c1-13-6-7-15-12-20-17-5-3-2-4-14(17)8-9-18(20)19-11-10-16(13)21(15)19/h2-9,12H,10-11H2,1H3",16384,Cc1ccc2cc3c(ccc4ccccc34)c5CCc1c25,NA
Input,BRD-K15761174,0.22255064,InputSig,NA,NA,LINCSCP_60463,VCAP,5uM,6h,prostate,NA,NA,CLQLHKYRPGBFMB-UZINWLIJSA-N,"InChI=1S/C28H36N4O3/c1-20-16-32(21(2)19-33)28(34)25-14-23(11-12-24-10-6-7-13-29-24)15-30-27(25)35-26(20)18-31(3)17-22-8-4-5-9-22/h6-7,10,13-15,20-22,26,33H,4-5,8-9,16-19H2,1-3H3/t20-,21+,26-/m0/s1",500,C[C@H](CO)N1C[C@H](C)[C@H](CN(C)CC2CCCC2)Oc3ncc(cc3C1=O)C#Cc4ccccn4,NA
Input,Ivermectin,0.22254266,InputSig,NA,NA,LINCSCP_14364,HA1E,10uM,24h,kidney epithelial,GABA receptor agonist,NA,AZSNMRSAGSSBNP-VRFQAOMKSA-N,"InChI=1S/C48H74O14/c1-11-25(2)43-28(5)17-18-47(62-43)23-34-20-33(61-47)16-15-27(4)42(26(3)13-12-14-32-24-55-45-40(49)29(6)19-35(46(51)58-34)48(32,45)52)59-39-22-37(54-10)44(31(8)57-39)60-38-21-36(53-9)41(50)30(7)56-38/h12-15,19,25-26,28,30-31,33-45,49-50,52H,11,16-18,20-24H2,1-10H3/t25-,26-,28-,30-,31-,33+,34-,35-,36-,37-,38-,39-,40+,41-,42-,43+,44-,45+,47+,48+/m0/s1",38753,CC[C@H](C)[C@H]1O[C@]2(CC[C@@H]1C)C[C@@H]3C[C@@H](CC=C(C)[C@@H](O[C@H]4C[C@H](OC)[C@@H](O[C@H]5C[C@H](OC)[C@@H](O)[C@H](C)O5)[C@H](C)O4)[C@@H](C)C=CC=C6CO[C@@H]7[C@H](O)C(=C[C@@H](C(=O)O3)[C@]67O)C)O2,NA
Input,Ivermectin,0.22254266,InputSig,NA,NA,LINCSCP_14364,HA1E,10uM,24h,kidney epithelial,GABA receptor agonist,NA,AZSNMRSAGSSBNP-ONDMGMIHSA-N,"InChI=1S/C48H74O14/c1-11-25(2)43-28(5)17-18-47(62-43)23-34-20-33(61-47)16-15-27(4)42(26(3)13-12-14-32-24-55-45-40(49)29(6)19-35(46(51)58-34)48(32,45)52)59-39-22-37(54-10)44(31(8)57-39)60-38-21-36(53-9)41(50)30(7)56-38/h12-15,19,25-26,28,30-31,33-45,49-50,52H,11,16-18,20-24H2,1-10H3/b13-12+,27-15+,32-14+/t25?,26-,28-,30-,31-,33+,34-,35-,36-,37-,38-,39?,40+,41-,42-,43+,44?,45+,47+,48+/m0/s1",25575,CCC(C)[C@H]1O[C@]2(CC[C@@H]1C)C[C@@H]3C[C@@H](C\C=C(/C)\[C@@H](OC4C[C@H](OC)C(O[C@H]5C[C@H](OC)[C@@H](O)[C@H](C)O5)[C@H](C)O4)[C@@H](C)\C=C\C=C\6/CO[C@@H]7[C@H](O)C(=C[C@@H](C(=O)O3)[C@]67O)C)O2,NA
Input,Dequalinium,0.22252713,InputSig,NA,NA,LINCSCP_79845,A375,10uM,24h,skin,PKC inhibitor,NA,PCSWXVJAIHCTMO-UHFFFAOYSA-P,"InChI=1S/C30H38N4/c1-23-21-27(31)25-15-9-11-17-29(25)33(23)19-13-7-5-3-4-6-8-14-20-34-24(2)22-28(32)26-16-10-12-18-30(26)34/h9-12,15-18,21-22,31-32H,3-8,13-14,19-20H2,1-2H3/p+2",16428,Cc1cc(N)c2ccccc2[n+]1CCCCCCCCCC[n+]3c(C)cc(N)c4ccccc34,4
Input,Evodiamine,0.22242835,InputSig,NA,NA,LINCSCP_597,A375,10uM,24h,skin,ATPase inhibitor|TRPV agonist,TRPV1,TXDUTHBFYKGSAH-UHFFFAOYSA-N,"InChI=1S/C19H17N3O/c1-21-16-9-5-3-7-14(16)19(23)22-11-10-13-12-6-2-4-8-15(12)20-17(13)18(21)22/h2-9,18,20H,10-11H2,1H3",36720,CN1C2N(CCc3c2[nH]c4ccccc34)C(=O)c5ccccc15,NA
Input,ST074627,0.22239742,InputSig,NA,NA,LINCSCP_203342,ASC,10uM,24h,adipose,NA,NA,QKKZXYRDUGFEDQ-UHFFFAOYSA-N,"InChI=1S/C17H13F6NO3/c1-27-13-8-2-10(3-9-13)14(25)24-12-6-4-11(5-7-12)15(26,16(18,19)20)17(21,22)23/h2-9,26H,1H3,(H,24,25)",204,COc1ccc(cc1)C(=O)Nc2ccc(cc2)C(O)(C(F)(F)F)C(F)(F)F,NA
Input,Oxetane,0.22238093,InputSig,NA,NA,LINCSCP_280023,PC3,3uM,6h,prostate,NA,NA,ZHSBUAYTQYEMOD-FUXZCQTMSA-N,"InChI=1S/C98H155NO46/c1-16-93(11,126)26-22-48-44(36-127-48)81(124)139-75-40(4)132-87(73(121)69(75)117)145-94(12,17-2)25-18-19-43(32-100)80(123)137-57-31-98(90(125)144-89-79(68(116)62(110)50(34-102)135-89)143-86-74(122)77(141-85-72(120)66(114)61(109)49(33-101)133-85)76(41(5)131-86)140-84-71(119)63(111)51(35-103)134-84)46(29-91(57,7)8)45-20-21-54-95(13)27-24-56(92(9,10)53(95)23-28-96(54,14)97(45,15)30-55(98)106)138-82-58(99-42(6)104)65(113)64(112)52(136-82)38-129-88-78(67(115)59(107)39(3)130-88)142-83-70(118)60(108)47(105)37-128-83/h16-17,19-20,39-41,44,46-79,82-89,100-103,105-122,126H,1-2,18,21-38H2,3-15H3,(H,99,104)/b43-19+/t39?,40?,41?,44?,46?,47-,48?,49?,50?,51+,52?,53?,54?,55-,56+,57+,58+,59+,60-,61-,62-,63+,64-,65+,66-,67-,68-,69+,70+,71+,72+,73+,74+,75-,76+,77+,78+,79+,82+,83+,84+,85+,86+,87+,88-,89+,93?,94-,95+,96-,97-,98-/m1/s1",9818,CC1O[C@@H](OCC2O[C@@H](O[C@H]3CC[C@@]4(C)C(CC[C@]5(C)C4CC=C6C7CC(C)(C)[C@H](C[C@@]7([C@H](O)C[C@@]56C)C(=O)O[C@@H]8OC(CO)[C@@H](O)[C@@H](O)[C@@H]8O[C@@H]9OC(C)[C@H](O[C@@H]%10O[C@@H](CO)[C@H](O)[C@@H]%10O)[C@@H](O[C@@H]%11OC(CO)[C@@H](O)[C@@H](O)[C@@H]%11O)[C@@H]9O)OC(=O)\C(=C\CC[C@](C)(O[C@@H]%12OC(C)[C@@H](OC(=O)C%13COC%13CCC(C)(O)C=C)[C@@H](O)[C@@H]%12O)C=C)\CO)C3(C)C)[C@@H](NC(=O)C)[C@H](O)[C@@H]2O)[C@@H](O[C@@H]%14OC[C@@H](O)[C@@H](O)[C@@H]%14O)[C@H](O)[C@H]1O,NA
Input,BRD-K43194109,0.22233393,InputSig,NA,NA,LINCSCP_64770,VCAP,10uM,6h,prostate,NA,NA,DBVJKEGLTFFIFT-HBMCJLEFSA-N,"InChI=1S/C22H25N3OS/c1-2-18-13-24-22(27-18)25-19(12-23)21(20(25)14-26)17-10-8-16(9-11-17)15-6-4-3-5-7-15/h6,8-11,13,19-21,26H,2-5,7,14H2,1H3/t19-,20+,21-/m0/s1",36764,CCc1cnc(s1)N2[C@H](CO)[C@H]([C@@H]2C#N)c3ccc(cc3)C4=CCCCC4,NA
Input,Minoxidil,0.22231233,InputSig,NA,NA,LINCSCP_170148,YAPC,10uM,24h,pancreas,KATP activator|Kir6 channel (KATP) activator|Vasodilator,ABCC9|KCNJ11|KCNJ8,ZFMITUMMTDLWHR-UHFFFAOYSA-N,"InChI=1S/C9H15N5O/c10-7-6-8(12-9(11)14(7)15)13-4-2-1-3-5-13/h6H,1-5,10H2,(H2,11,12)",35491,Nc1cc(nc(N)[n+]1[O-])N2CCCCC2,4
Input,BI 78D3,0.22223947,InputSig,NA,NA,LINCSCP_16698,HA1E,10uM,6h,kidney epithelial,JNK inhibitor,MAPK8,QFRLDZGQEZCCJZ-UHFFFAOYSA-N,"InChI=1S/C13H9N5O5S2/c19-11-15-16-12(25-13-14-6-10(24-13)18(20)21)17(11)7-1-2-8-9(5-7)23-4-3-22-8/h1-2,5-6H,3-4H2,(H,15,19)",36555,Oc1nnc(Sc2ncc(s2)[N+](=O)[O-])n1c3ccc4OCCOc4c3,NA
Input,Rizatriptan,0.22222961,InputSig,NA,NA,LINCSCP_97685,HA1E,3.33uM,24h,kidney epithelial,Serotonin receptor agonist,HTR1B|HTR1D|HTR1F,ULFRLSNUDGIQQP-UHFFFAOYSA-N,"InChI=1S/C15H19N5/c1-19(2)6-5-13-8-17-15-4-3-12(7-14(13)15)9-20-11-16-10-18-20/h3-4,7-8,10-11,17H,5-6,9H2,1-2H3",38544,CN(C)CCc1c[nH]c2ccc(Cn3cncn3)cc12,4
Input,Pyrimethamine,0.22215918,InputSig,NA,NA,LINCSCP_80003,A375,1.11uM,24h,skin,Dihydrofolate reductase inhibitor,NA,WKSAUQYGYAYLPV-UHFFFAOYSA-N,"InChI=1S/C12H13ClN4/c1-2-9-10(11(14)17-12(15)16-9)7-3-5-8(13)6-4-7/h3-6H,2H2,1H3,(H4,14,15,16,17)",1251,CCc1nc(N)nc(N)c1c2ccc(Cl)cc2,4
Input,Peruvoside,0.22214708,InputSig,NA,NA,LINCSCP_64836,VCAP,0.5uM,24h,prostate,Cardiac glycoside,NA,PMTSPAGBAFCORP-WUHAFPOOSA-N,"InChI=1S/C30H44O9/c1-16-24(33)26(36-3)25(34)27(38-16)39-19-6-10-29(15-31)18(13-19)4-5-22-21(29)7-9-28(2)20(8-11-30(22,28)35)17-12-23(32)37-14-17/h12,15-16,18-22,24-27,33-35H,4-11,13-14H2,1-3H3/t16-,18+,19-,20+,21?,22?,24-,25-,26+,27+,28+,29+,30-/m0/s1",34257,CO[C@@H]1[C@@H](O)[C@H](C)O[C@H](O[C@H]2CC[C@@]3(C=O)[C@H](CCC4C3CC[C@]5(C)[C@H](CC[C@]45O)C6=CC(=O)OC6)C2)[C@H]1O,NA
Input,ESTRAMUSTINE,0.22207254,InputSig,NA,NA,LINCSCP_78664,A375,10uM,24h,skin,NA,NA,FRPJXPJMRWBBIH-ZZSVNSIZSA-N,"InChI=1S/C23H31Cl2NO3/c1-23-9-8-18-17-5-3-16(29-22(28)26(12-10-24)13-11-25)14-15(17)2-4-19(18)20(23)6-7-21(23)27/h3,5,14,18-21,27H,2,4,6-13H2,1H3/t18?,19?,20?,21-,23-/m0/s1",26660,C[C@]12CCC3C(CCc4cc(OC(=O)N(CCCl)CCCl)ccc34)C1CC[C@@H]2O,NA
Input,BRD-K24925721,0.22206462,InputSig,NA,NA,LINCSCP_48389,PC3,5uM,24h,prostate,NA,NA,PVPFWHYBAZYTSA-FQEVSTJZSA-N,"InChI=1S/C25H29N5O4/c1-15(2)27-24(33)30-14-25(12-29(13-25)23(32)16-5-4-8-26-10-16)21-18-7-6-17(34-3)9-19(18)28-22(21)20(30)11-31/h4-10,15,20,28,31H,11-14H2,1-3H3,(H,27,33)/t20-/m0/s1",12211,COc1ccc2c3c([nH]c2c1)[C@H](CO)N(CC34CN(C4)C(=O)c5cccnc5)C(=O)NC(C)C,NA
Input,BRD-K91720591,0.22197223,InputSig,NA,NA,LINCSCP_61297,VCAP,5uM,24h,prostate,NA,NA,ZQFWKBSGTDYKBN-GGUMNFRJSA-N,"InChI=1S/C27H35FN4O6/c1-17-13-32(25(33)16-36-4)18(2)15-38-23-10-9-21(12-22(23)26(34)31(3)14-24(17)37-5)30-27(35)29-20-8-6-7-19(28)11-20/h6-12,17-18,24H,13-16H2,1-5H3,(H2,29,30,35)/t17-,18-,24+/m1/s1",8642,COCC(=O)N1C[C@@H](C)[C@H](CN(C)C(=O)c2cc(NC(=O)Nc3cccc(F)c3)ccc2OC[C@H]1C)OC,NA
Input,MLS001060816,0.22177997,InputSig,NA,NA,LINCSCP_4886,A549,10uM,24h,lung,NA,NA,VHRWBTLPHNRAGW-AMGKYWFPSA-N,"InChI=1S/C15H20N2O2/c1-11(12-5-3-2-4-6-12)16-14(18)9-7-13-8-10-15(19)17-13/h2-6,11,13H,7-10H2,1H3,(H,16,18)(H,17,19)/t11-,13?/m0/s1",22466,C[C@H](NC(=O)CCC1CCC(=O)N1)c2ccccc2,NA
Input,MK-5172,0.22166485,InputSig,NA,NA,LINCSCP_72375,A375,10uM,24h,skin,"Hepatitis C virus serine protease, NS3/NS4A inhibitor",NA,OBMNJSNZOWALQB-NCQNOWPTSA-N,"InChI=1S/C38H50N6O9S/c1-6-22-19-38(22,35(47)43-54(49,50)25-13-14-25)42-32(45)29-18-24-20-44(29)34(46)31(37(2,3)4)41-36(48)53-30-16-21(30)10-8-7-9-11-27-33(52-24)40-28-17-23(51-5)12-15-26(28)39-27/h6,12,15,17,21-22,24-25,29-31H,1,7-11,13-14,16,18-20H2,2-5H3,(H,41,48)(H,42,45)(H,43,47)/t21-,22-,24-,29+,30-,31-,38-/m1/s1",26792,COc1ccc2nc3CCCCC[C@@H]4C[C@H]4OC(=O)N[C@H](C(=O)N5C[C@@H](C[C@H]5C(=O)N[C@@]6(C[C@H]6C=C)C(=O)NS(=O)(=O)C7CC7)Oc3nc2c1)C(C)(C)C,4
Input,BRD-K70559158,0.22164906,InputSig,NA,NA,LINCSCP_65510,VCAP,10uM,6h,prostate,NA,NA,GTUQXIUJJGJFLR-CNFUJFEGSA-N,"InChI=1S/C34H46F3N5O6S/c1-23-17-42(24(2)21-43)33(44)29-16-28(39-49(45,46)32-20-41(5)22-38-32)13-14-30(29)48-25(3)8-6-7-15-47-31(23)19-40(4)18-26-9-11-27(12-10-26)34(35,36)37/h9-14,16,20,22-25,31,39,43H,6-8,15,17-19,21H2,1-5H3/t23-,24-,25+,31+/m0/s1",33473,C[C@@H](CO)N1C[C@H](C)[C@@H](CN(C)Cc2ccc(cc2)C(F)(F)F)OCCCC[C@@H](C)Oc3ccc(NS(=O)(=O)c4cn(C)cn4)cc3C1=O,NA
Input,TENOVIN-1,0.22156589,InputSig,NA,NA,LINCSCP_2298,A375,10uM,6h,skin,SIRT inhibitor|TP53 activator,SIRT1,WOWJIWFCOPZFGV-UHFFFAOYSA-N,"InChI=1S/C20H23N3O2S/c1-13(24)21-16-9-11-17(12-10-16)22-19(26)23-18(25)14-5-7-15(8-6-14)20(2,3)4/h5-12H,1-4H3,(H,21,24)(H2,22,23,25,26)",16278,CC(=O)Nc1ccc(NC(=S)NC(=O)c2ccc(cc2)C(C)(C)C)cc1,NA
Input,SPECTRUM1505167,0.22154234,InputSig,NA,NA,LINCSCP_11506,ASC,10uM,24h,adipose,AMPK activator,NA,RTRQQBHATOEIAF-LZGMGDPASA-N,"InChI=1S/C9H14N4O5/c10-7-4(8(11)17)12-2-13(7)9-6(16)5(15)3(1-14)18-9/h2-3,5-6,9,14-16H,1,10H2,(H2,11,17)/t3-,5-,6-,9?/m1/s1",23151,NC(=O)c1ncn(C2O[C@H](CO)[C@@H](O)[C@H]2O)c1N,NA
Input,BRD-K20163346,0.22153856,InputSig,NA,NA,LINCSCP_62081,VCAP,5uM,6h,prostate,NA,NA,QYROUQDLUMQXKE-CEWLAPEOSA-N,"InChI=1S/C22H34ClN3O5S/c23-17-5-4-6-19(15-17)32(29,30)25-20-8-7-18(31-21(20)16-27)9-11-24-22(28)10-14-26-12-2-1-3-13-26/h4-6,15,18,20-21,25,27H,1-3,7-14,16H2,(H,24,28)/t18-,20+,21+/m0/s1",2336,OC[C@H]1O[C@H](CCNC(=O)CCN2CCCCC2)CC[C@H]1NS(=O)(=O)c3cccc(Cl)c3,NA
Input,Cladribine,0.2214962,InputSig,NA,NA,LINCSCP_80511,A375,0.37uM,24h,skin,Adenosine deaminase inhibitor|Ribonucleoside reductase inhibitor,ADA,PTOAARAWEBMLNO-KVQBGUIXSA-N,"InChI=1S/C10H12ClN5O3/c11-10-14-8(12)7-9(15-10)16(3-13-7)6-1-4(18)5(2-17)19-6/h3-6,17-18H,1-2H2,(H2,12,14,15)/t4-,5+,6+/m0/s1",36589,Nc1nc(Cl)nc2c1ncn2[C@H]3C[C@H](O)[C@@H](CO)O3,4
Input,BMS-345541,0.22137878,InputSig,NA,NA,LINCSCP_51318,SKBR3,0.5uM,24h,breast,IKK inhibitor,IKBKB,PSPFQEBFYXJZEV-UHFFFAOYSA-N,"InChI=1S/C14H17N5/c1-9-3-4-11-12(7-9)19-10(2)8-17-14(19)13(18-11)16-6-5-15/h3-4,7-8H,5-6,15H2,1-2H3,(H,16,18)",16654,Cc1ccc2nc(NCCN)c3ncc(C)n3c2c1,NA
Input,L-Hyoscyamine,0.2213691,InputSig,NA,NA,LINCSCP_18251,HCC515,10uM,24h,lung,Acetylcholine receptor antagonist,NA,RKUNBYITZUJHSG-VFSICIBPSA-N,"InChI=1S/C17H23NO3/c1-18-13-7-8-14(18)10-15(9-13)21-17(20)16(11-19)12-5-3-2-4-6-12/h2-6,13-16,19H,7-11H2,1H3/t13-,14+,15?,16-/m1/s1",813,CN1[C@@H]2CC[C@H]1C[C@H](C2)OC(=O)[C@H](CO)c3ccccc3,4
Input,CHEMBL2358216,0.2213492,InputSig,NA,NA,LINCSCP_49137,PC3,10uM,6h,prostate,NA,NA,LXRLVBFXBBYPLC-PHVLTXCSSA-N,"InChI=1S/C30H41FN4O4/c1-20-16-35(21(2)19-36)29(37)26-15-25(33-30(38)32-24-11-9-23(31)10-12-24)13-14-27(26)39-28(20)18-34(3)17-22-7-5-4-6-8-22/h9-15,20-22,28,36H,4-8,16-19H2,1-3H3,(H2,32,33,38)/t20-,21+,28-/m1/s1",19680,C[C@@H](CO)N1C[C@@H](C)[C@@H](CN(C)CC2CCCCC2)Oc3ccc(NC(=O)Nc4ccc(F)cc4)cc3C1=O,NA
Input,AZD-6482,0.22122349,InputSig,NA,NA,LINCSCP_114912,HS578T,0.04uM,24h,breast,PI3K inhibitor,PIK3CA|PIK3CB|PIK3CD|PIK3CG|PIK3R1|PIK3R2|PIK3R3|PIK3R5,IRTDIKMSKMREGO-OAHLLOKOSA-N,"InChI=1S/C22H24N4O4/c1-14-11-17(15(2)23-18-6-4-3-5-16(18)22(28)29)21-24-19(12-20(27)26(21)13-14)25-7-9-30-10-8-25/h3-6,11-13,15,23H,7-10H2,1-2H3,(H,28,29)/t15-/m1/s1",37782,C[C@@H](Nc1ccccc1C(=O)O)C2=CC(=CN3C(=O)C=C(N=C23)N4CCOCC4)C,1
Input,Irinotecan,0.2210634,InputSig,NA,NA,LINCSCP_72490,A375,3.33uM,24h,skin,DNA topoisomerase I inhibitor,TOP1,UWKQSNNFCGGAFS-XIFFEERXSA-N,"InChI=1S/C33H38N4O6/c1-3-22-23-16-21(43-32(40)36-14-10-20(11-15-36)35-12-6-5-7-13-35)8-9-27(23)34-29-24(22)18-37-28(29)17-26-25(30(37)38)19-42-31(39)33(26,41)4-2/h8-9,16-17,20,41H,3-7,10-15,18-19H2,1-2H3/t33-/m0/s1",35503,CCc1c2CN3C(=O)C4=C(C=C3c2nc5ccc(OC(=O)N6CCC(CC6)N7CCCCC7)cc15)[C@@](O)(CC)C(=O)OC4,4
Input,Pomalidomide,0.2210613,InputSig,NA,NA,LINCSCP_74311,A375,1.11uM,24h,skin,CRL4(CRBN) E3 ubiquitin ligase inhibitor,CRBN|CUL4A|DDB1|RBX1,UVSMNLNDYGZFPF-UHFFFAOYSA-N,"InChI=1S/C13H11N3O4/c14-7-3-1-2-6-10(7)13(20)16(12(6)19)8-4-5-9(17)15-11(8)18/h1-3,8H,4-5,14H2,(H,15,17,18)",26837,Nc1cccc2C(=O)N(C3CCC(=O)NC3=O)C(=O)c12,4
Input,SA-102042,0.22078313,InputSig,NA,NA,LINCSCP_38212,MCF7,1uM,24h,breast,NA,NA,PWUGLEHJBFSKRW-RZDWVWPCSA-N,"InChI=1S/C33H51N5O7S/c1-23-18-38(24(2)21-39)33(41)28-17-27(35-32(40)26-12-7-6-8-13-26)14-15-29(28)45-25(3)11-9-10-16-44-30(23)19-37(5)46(42,43)31-20-36(4)22-34-31/h14-15,17,20,22-26,30,39H,6-13,16,18-19,21H2,1-5H3,(H,35,40)/t23-,24+,25+,30+/m0/s1",13141,C[C@H](CO)N1C[C@H](C)[C@@H](CN(C)S(=O)(=O)c2cn(C)cn2)OCCCC[C@@H](C)Oc3ccc(NC(=O)C4CCCCC4)cc3C1=O,NA
Input,AC1NWALC,0.22076232,InputSig,NA,NA,LINCSCP_2762,A375,10uM,6h,skin,ATPase inhibitor,ATP1A1,WDJUZGPOPHTGOT-KSVSUYAUSA-N,"InChI=1S/C41H64O13/c1-20-36(46)29(42)16-34(49-20)53-38-22(3)51-35(18-31(38)44)54-37-21(2)50-33(17-30(37)43)52-25-8-11-39(4)24(15-25)6-7-28-27(39)9-12-40(5)26(10-13-41(28,40)47)23-14-32(45)48-19-23/h14,20-22,24-31,33-38,42-44,46-47H,6-13,15-19H2,1-5H3/t20-,21-,22-,24-,25+,26-,27?,28?,29+,30+,31+,33+,34+,35+,36-,37-,38-,39+,40-,41+/m1/s1",22198,C[C@H]1O[C@H](C[C@H](O)[C@@H]1O)O[C@H]2[C@@H](O)C[C@H](O[C@H]3[C@@H](O)C[C@H](O[C@H]4CC[C@@]5(C)[C@H](CCC6C5CC[C@]7(C)[C@H](CC[C@]67O)C8=CC(=O)OC8)C4)O[C@@H]3C)O[C@@H]2C,NA
Input,4-(Trans-4-butylcyclohexyl)benzoic acid,0.22074161,InputSig,NA,NA,LINCSCP_239464,MCF7,10uM,24h,breast,NA,NA,BFZJIPFMDIHKKI-UHFFFAOYSA-N,"InChI=1S/C17H24O2/c1-2-3-4-13-5-7-14(8-6-13)15-9-11-16(12-10-15)17(18)19/h9-14H,2-8H2,1H3,(H,18,19)",1421,CCCCC1CCC(CC1)c2ccc(cc2)C(=O)O,NA
Input,SCH-79797,0.22069387,InputSig,NA,NA,LINCSCP_51111,RMUGS,10uM,6h,ovary,Proteasome inhibitor,F2R,AVXQPEKZIGPIJW-UHFFFAOYSA-N,"InChI=1S/C23H25N5/c1-14(2)16-5-3-15(4-6-16)13-28-12-11-18-20(28)10-9-19-21(18)22(24)27-23(26-19)25-17-7-8-17/h3-6,9-12,14,17H,7-8,13H2,1-2H3,(H3,24,25,26,27)",36663,CC(C)c1ccc(Cn2ccc3c2ccc4nc(NC5CC5)nc(N)c34)cc1,NA
Input,PCL2_000350,0.22067826,InputSig,NA,NA,LINCSCP_22603,HEPG2,10uM,6h,liver,NA,NA,JVKHVZTXTKKTRY-RPBOFIJWSA-N,"InChI=1S/C27H29N3O4/c1-18-8-13-23(29-16-18)30-25(20-11-9-19(17-31)10-12-20)24(26(32)28-14-5-15-34-2)21-6-3-4-7-22(21)27(30)33/h3-4,6-13,16,24-25,31H,5,14-15,17H2,1-2H3,(H,28,32)/t24-,25+/m1/s1",31126,COCCCNC(=O)[C@H]1[C@@H](N(C(=O)c2ccccc12)c3ccc(C)cn3)c4ccc(CO)cc4,NA
Input,Artesunate,0.22050088,InputSig,NA,NA,LINCSCP_15190,HA1E,10uM,24h,kidney epithelial,DNA synthesis inhibitor,NA,FIHJKUPKCHIPAT-AURIRKAZSA-N,"InChI=1S/C19H28O8/c1-10-4-5-13-11(2)16(23-15(22)7-6-14(20)21)24-17-19(13)12(10)8-9-18(3,25-17)26-27-19/h10-13,16-17H,4-9H2,1-3H3,(H,20,21)/t10-,11-,12+,13+,16?,17?,18+,19-/m1/s1",11849,C[C@@H]1CC[C@H]2[C@@H](C)C(OC(=O)CCC(=O)O)OC3O[C@]4(C)CC[C@@H]1[C@@]23OO4,NA
Input,BRD-K66211423,0.22049078,InputSig,NA,NA,LINCSCP_60407,VCAP,5uM,24h,prostate,NA,NA,GDMNEEJFLGDCSP-SPEDKVCISA-N,"InChI=1S/C25H32N6O4/c1-17-14-31(18(2)16-32)24(33)20-11-19(7-6-10-29(3)4)12-28-23(20)35-22(17)15-30(5)25(34)21-13-26-8-9-27-21/h8-9,11-13,17-18,22,32H,10,14-16H2,1-5H3/t17-,18-,22-/m0/s1",22761,C[C@@H](CO)N1C[C@H](C)[C@H](CN(C)C(=O)c2cnccn2)Oc3ncc(cc3C1=O)C#CCN(C)C,NA
Input,Oprozomib (ONX 0912),0.22039461,InputSig,NA,NA,LINCSCP_118963,HT29,0.04uM,24h,large intestine,NA,NA,SWZXEVABPLUDIO-QNLBTCDKSA-N,"InChI=1S/C25H32N4O7S/c1-15-26-11-20(37-15)24(33)29-19(13-35-4)23(32)28-18(12-34-3)22(31)27-17(21(30)25(2)14-36-25)10-16-8-6-5-7-9-16/h5-9,11,17-19H,10,12-14H2,1-4H3,(H,27,31)(H,28,32)(H,29,33)/t17-,18-,19-,25?/m0/s1",26696,COC[C@H](NC(=O)[C@H](COC)NC(=O)c1cnc(C)s1)C(=O)N[C@@H](Cc2ccccc2)C(=O)C3(C)CO3,NA
Input,JNK-IN-2,0.22036055,InputSig,NA,NA,LINCSCP_24954,HS578T,10uM,6h,breast,JNK inhibitor,IRAK1,VZEONOGFXYTZGT-WEVVVXLNSA-N,"InChI=1S/C28H27N7O2/c1-35(2)17-5-9-26(36)31-22-12-10-20(11-13-22)27(37)32-23-7-3-8-24(18-23)33-28-30-16-14-25(34-28)21-6-4-15-29-19-21/h3-16,18-19H,17H2,1-2H3,(H,31,36)(H,32,37)(H,30,33,34)/b9-5+",17699,CN(C)C\C=C\C(=O)Nc1ccc(cc1)C(=O)Nc2cccc(Nc3nccc(n3)c4cccnc4)c2,NA
Input,C29H35NO2,0.22030502,InputSig,NA,NA,LINCSCP_52535,SKB,10uM,24h,NA,Glucocorticoid receptor antagonist|Progesterone receptor antagonist,AR|NR3C1|PGR,VKHAHZOOUSRJNA-UHFFFAOYSA-N,"InChI=1S/C29H35NO2/c1-5-15-29(32)16-14-26-24-12-8-20-17-22(31)11-13-23(20)27(24)25(18-28(26,29)2)19-6-9-21(10-7-19)30(3)4/h6-7,9-10,17,24-26,32H,8,11-14,16,18H2,1-4H3",22408,CC#CC1(O)CCC2C3CCC4=CC(=O)CCC4=C3C(CC12C)c5ccc(cc5)N(C)C,NA
Input,SCHEMBL15422032,0.22029367,InputSig,NA,NA,LINCSCP_52179,SKB,10uM,24h,NA,NA,NA,QJMFPDBBSFMUCX-PKNBQFBNSA-N,"InChI=1S/C22H23NO5/c1-26-18-13-16(14-19(27-2)21(18)28-3)9-11-20(24)23-12-4-5-17(22(23)25)10-8-15-6-7-15/h5,9,11,13-15H,4,6-7,12H2,1-3H3/b11-9+",25776,COc1cc(\C=C\C(=O)N2CCC=C(C#CC3CC3)C2=O)cc(OC)c1OC,NA
Input,AC1L2X6Z,0.22027742,InputSig,NA,NA,LINCSCP_7607,A549,10uM,24h,lung,Retinoid receptor agonist,RARA|RARB,FOUVTBKPJRMLPE-UHFFFAOYSA-N,"InChI=1S/C24H28O3/c1-23(2,3)19-13-18(14-20(15-19)24(4,5)6)21(25)12-9-16-7-10-17(11-8-16)22(26)27/h7-15H,1-6H3,(H,26,27)",22129,CC(C)(C)c1cc(cc(c1)C(C)(C)C)C(=O)C=Cc2ccc(cc2)C(=O)O,NA
Input,"2-(2,5-Dimethoxyphenylcarbamoyl)phenyl acetate",0.22018445,InputSig,NA,NA,LINCSCP_15760,HA1E,10uM,24h,kidney epithelial,NA,NA,WPDDCDPPSHTJDH-UHFFFAOYSA-N,"InChI=1S/C17H17NO5/c1-11(19)23-15-7-5-4-6-13(15)17(20)18-14-10-12(21-2)8-9-16(14)22-3/h4-10H,1-3H3,(H,18,20)",35713,COc1ccc(OC)c(NC(=O)c2ccccc2OC(=O)C)c1,NA
Input,MLS001172197,0.22016276,InputSig,NA,NA,LINCSCP_2411,A375,10uM,6h,skin,NA,NA,QQPZDSQLEDTJRI-UHFFFAOYSA-N,"InChI=1S/C19H18ClNO4/c1-2-9-23-16-6-4-3-5-14(16)12-21(19(22)11-20)15-7-8-17-18(10-15)25-13-24-17/h2-8,10H,1,9,11-13H2",38528,ClCC(=O)N(Cc1ccccc1OCC=C)c2ccc3OCOc3c2,NA
Input,PNU-74654,0.22015265,InputSig,NA,NA,LINCSCP_218516,HCT116,80uM,6h,large intestine,Beta-catenin inhibitor,CTNNB1|TCF4,JJEDWBQZCRESJL-DEDYPNTBSA-N,"InChI=1S/C19H16N2O3/c1-14-11-12-16(23-14)13-20-21-19(22)17-9-5-6-10-18(17)24-15-7-3-2-4-8-15/h2-13H,1H3,(H,21,22)/b20-13+",28982,Cc1oc(\C=N\NC(=O)c2ccccc2Oc3ccccc3)cc1,NA
Input,MLS002474103,0.22005482,InputSig,NA,NA,LINCSCP_7969,A549,10uM,6h,lung,NA,NA,GQBJBCNAEKUCKM-LZCXECNNSA-N,"InChI=1S/C29H34N4O4/c1-20-16-33(21(2)19-34)29(36)24-10-7-11-25(31-28(35)23-12-14-30-15-13-23)27(24)37-26(20)18-32(3)17-22-8-5-4-6-9-22/h4-15,20-21,26,34H,16-19H2,1-3H3,(H,31,35)/t20-,21+,26+/m0/s1",16492,C[C@H](CO)N1C[C@H](C)[C@@H](CN(C)Cc2ccccc2)Oc3c(NC(=O)c4ccncc4)cccc3C1=O,NA
Input,MLS002264457,0.2199684,InputSig,NA,NA,LINCSCP_5433,A549,10uM,24h,lung,NA,NA,HCEMNQMDDCPNJR-UHFFFAOYSA-N,"InChI=1S/C15H9N7S2/c1-22-15(19-20-21-22)24-14-12-11(7-23-13(12)17-8-18-14)10-4-2-9(6-16)3-5-10/h2-5,7-8H,1H3",36059,Cn1nnnc1Sc2ncnc3scc(c4ccc(cc4)C#N)c23,NA
Input,BRD-K93340102,0.21972348,InputSig,NA,NA,LINCSCP_49195,PC3,10uM,6h,prostate,NA,NA,YYSQTLJNJWYMNJ-XTBAQLHPSA-N,"InChI=1S/C36H53N3O5/c1-26-22-39(27(2)25-40)36(42)32-21-31(37-35(41)30-16-9-6-10-17-30)18-19-33(32)44-28(3)13-11-12-20-43-34(26)24-38(4)23-29-14-7-5-8-15-29/h6,9-10,16-19,21,26-29,34,40H,5,7-8,11-15,20,22-25H2,1-4H3,(H,37,41)/t26-,27-,28-,34+/m1/s1",13957,C[C@H](CO)N1C[C@@H](C)[C@H](CN(C)CC2CCCCC2)OCCCC[C@@H](C)Oc3ccc(NC(=O)c4ccccc4)cc3C1=O,NA
Input,CHEMBL567341,0.21968497,InputSig,NA,NA,LINCSCP_45379,PC3,10uM,6h,prostate,NA,NA,SZYYBVWPURUFRR-UHFFFAOYSA-N,"InChI=1S/C14H10F2N6/c1-2-22-7-18-12-13(20-11(6-17)21-14(12)22)19-10-4-8(15)3-9(16)5-10/h3-5,7H,2H2,1H3,(H,19,20,21)",15515,CCn1cnc2c(Nc3cc(F)cc(F)c3)nc(nc12)C#N,NA
Input,BRD-K08061170,0.21964725,InputSig,NA,NA,LINCSCP_64354,VCAP,5uM,6h,prostate,NA,NA,SFUGSXPFEQWGAS-TXHDDHBJSA-N,"InChI=1S/C33H47N5O9S2/c1-23-18-38(24(2)21-39)33(40)29-17-26(35-48(41,42)32-20-36(4)22-34-32)10-15-30(29)47-25(3)9-7-8-16-46-31(23)19-37(5)49(43,44)28-13-11-27(45-6)12-14-28/h10-15,17,20,22-25,31,35,39H,7-9,16,18-19,21H2,1-6H3/t23-,24+,25-,31+/m0/s1",31900,COc1ccc(cc1)S(=O)(=O)N(C)C[C@H]2OCCCC[C@H](C)Oc3ccc(NS(=O)(=O)c4cn(C)cn4)cc3C(=O)N(C[C@@H]2C)[C@H](C)CO,NA
Input,CHEMBL2355053,0.21957071,InputSig,NA,NA,LINCSCP_60233,VCAP,5uM,24h,prostate,NA,NA,KSASPYMRGHUFQD-SEXOINJZSA-N,"InChI=1S/C29H33FN2O6S/c1-19-15-32(20(2)18-33)39(36,37)28-13-10-22(21-8-11-24(30)12-9-21)14-26(28)38-27(19)17-31(3)16-23-6-4-5-7-25(23)29(34)35/h4-14,19-20,27,33H,15-18H2,1-3H3,(H,34,35)/t19-,20-,27-/m1/s1",37070,C[C@H](CO)N1C[C@@H](C)[C@@H](CN(C)Cc2ccccc2C(=O)O)Oc3cc(ccc3S1(=O)=O)c4ccc(F)cc4,NA
Input,Halofantrine,0.21953045,InputSig,NA,NA,LINCSCP_137014,MCF7,0.12uM,24h,breast,Antimalarial agent,NA,FOHHNHSLJDZUGQ-UHFFFAOYSA-N,"InChI=1S/C26H30Cl2F3NO/c1-3-5-10-32(11-6-4-2)12-9-25(33)23-16-22-21(14-18(27)15-24(22)28)20-13-17(26(29,30)31)7-8-19(20)23/h7-8,13-16,25,33H,3-6,9-12H2,1-2H3",12191,CCCCN(CCCC)CCC(O)c1cc2c(Cl)cc(Cl)cc2c3cc(ccc13)C(F)(F)F,4
Input,Sumatriptan,0.21945308,InputSig,NA,NA,LINCSCP_178795,A375,10uM,6h,skin,Serotonin receptor agonist,HTR1A|HTR1B|HTR1D|HTR1F,KQKPFRSPSRPDEB-UHFFFAOYSA-N,"InChI=1S/C14H21N3O2S/c1-15-20(18,19)10-11-4-5-14-13(8-11)12(9-16-14)6-7-17(2)3/h4-5,8-9,15-16H,6-7,10H2,1-3H3",36487,CNS(=O)(=O)Cc1ccc2[nH]cc(CCN(C)C)c2c1,4
Input,Trichostatin,0.21941407,InputSig,NA,NA,LINCSCP_201635,A549,0.01uM,6h,lung,CDK expression enhancer|HDAC inhibitor|ID1 expression inhibitor,HDAC1|HDAC10|HDAC3|HDAC4|HDAC6|HDAC7|HDAC8,RTKIYFITIVXBLE-QEQCGCAPSA-N,"InChI=1S/C17H22N2O3/c1-12(5-10-16(20)18-22)11-13(2)17(21)14-6-8-15(9-7-14)19(3)4/h5-11,13,22H,1-4H3,(H,18,20)/b10-5+,12-11+/t13-/m1/s1",37875,C[C@H](\C=C(/C)\C=C\C(=O)NO)C(=O)c1ccc(cc1)N(C)C,NA
Input,GNF-PF-159,0.21940706,InputSig,NA,NA,LINCSCP_7996,A549,10uM,6h,lung,Tyrosine phosphatase inhibitor,NA,BMHKZVDHCKLDME-MDZDMXLPSA-N,"InChI=1S/C16H15N5O2/c1-3-21-14-13(15(22)20(2)16(23)18-14)17-12(19-21)10-9-11-7-5-4-6-8-11/h4-10H,3H2,1-2H3/b10-9+",17705,CCN1N=C(\C=C\c2ccccc2)N=C3C(=O)N(C)C(=O)N=C13,NA
Input,761437-28-9,0.21937179,InputSig,NA,NA,LINCSCP_146268,MNEU.E,0.37uM,24h,NA,NA,NA,UYJNQQDJUOUFQJ-UHFFFAOYSA-N,"InChI=1S/C23H25ClN6O3/c1-25-22(31)16-5-3-4-6-18(16)27-21-17(24)14-26-23(29-21)28-19-8-7-15(13-20(19)32-2)30-9-11-33-12-10-30/h3-8,13-14H,9-12H2,1-2H3,(H,25,31)(H2,26,27,28,29)",19906,CNC(=O)c1ccccc1Nc2nc(Nc3ccc(cc3OC)N4CCOCC4)ncc2Cl,NA
Input,BRD-A11009626,0.21932466,InputSig,NA,NA,LINCSCP_43267,NPC,10uM,6h,neural progenitor cells,NA,NA,VGJKDQPCCSDBJN-UHFFFAOYSA-N,"InChI=1S/C21H25BrCl2N2O/c1-25-9-6-16-12-20(22)21(27)13-18(16)19(14-25)15-2-4-17(5-3-15)26(10-7-23)11-8-24/h2-5,12-13,19,27H,6-11,14H2,1H3",31288,CN1CCc2cc(Br)c(O)cc2C(C1)c3ccc(cc3)N(CCCl)CCCl,NA
Input,BRD-K31688005,0.21927714,InputSig,NA,NA,LINCSCP_16811,HA1E,10uM,6h,kidney epithelial,NA,NA,YRAOJEGTHQJVGH-MNGFJMBLSA-N,"InChI=1S/C32H50N4O7S2/c1-23-20-36(24(2)22-37)32(39)27-19-26(33-45(40,41)31-13-10-18-44-31)14-15-28(27)43-25(3)11-7-8-17-42-29(23)21-35(6)30(38)12-9-16-34(4)5/h10,13-15,18-19,23-25,29,33,37H,7-9,11-12,16-17,20-22H2,1-6H3/t23-,24+,25-,29-/m1/s1",12387,C[C@@H](CO)N1C[C@@H](C)[C@@H](CN(C)C(=O)CCCN(C)C)OCCCC[C@@H](C)Oc2ccc(NS(=O)(=O)c3cccs3)cc2C1=O,NA
Input,Ulipristal,0.21922254,InputSig,NA,NA,LINCSCP_174713,YAPC,10uM,24h,pancreas,NA,NA,OOLLAFOLCSJHRE-ONBAZCQBSA-N,"InChI=1S/C30H37NO4/c1-18(32)30(35-19(2)33)15-14-27-25-12-8-21-16-23(34)11-13-24(21)28(25)26(17-29(27,30)3)20-6-9-22(10-7-20)31(4)5/h6-7,9-10,16,25-27H,8,11-15,17H2,1-5H3/t25-,26+,27-,29-,30+/m0/s1",26784,CN(C)c1ccc(cc1)[C@H]2C[C@@]3(C)[C@@H](CC[C@@]3(OC(=O)C)C(=O)C)[C@@H]4CCC5=CC(=O)CCC5=C24,NA
Input,CHEMBL2357823,0.21918405,InputSig,NA,NA,LINCSCP_59587,VCAP,10uM,6h,prostate,NA,NA,IMPBBHMDJCWLCX-QZTZHPFYSA-N,"InChI=1S/C27H31Cl2N3O5S2/c1-17-13-32(18(2)16-33)27(34)20-6-4-7-23(30-39(35,36)25-8-5-11-38-25)26(20)37-24(17)15-31(3)14-19-9-10-21(28)22(29)12-19/h4-12,17-18,24,30,33H,13-16H2,1-3H3/t17-,18-,24-/m1/s1",16498,C[C@H](CO)N1C[C@@H](C)[C@@H](CN(C)Cc2ccc(Cl)c(Cl)c2)Oc3c(NS(=O)(=O)c4cccs4)cccc3C1=O,NA
Input,ST50411348,0.21917122,InputSig,NA,NA,LINCSCP_13981,HA1E,10uM,24h,kidney epithelial,DNA inhibitor|Progesterone receptor agonist,PGR,RQZAXGRLVPAYTJ-VSUSFZLSSA-N,"InChI=1S/C24H32O4/c1-14-12-18-19(22(4)9-6-17(27)13-21(14)22)7-10-23(5)20(18)8-11-24(23,15(2)25)28-16(3)26/h12-13,18-20H,6-11H2,1-5H3/t18?,19?,20?,22?,23?,24-/m0/s1",141,CC(=O)O[C@@]1(CCC2C3C=C(C)C4=CC(=O)CCC4(C)C3CCC12C)C(=O)C,NA
Input,SCHEMBL10195776,0.21897871,InputSig,NA,NA,LINCSCP_178,A375,10uM,24h,skin,Tyrosine phosphatase inhibitor,PTPN1|PTPN11|PTPN2,AJVXVYTVAAWZAP-UHFFFAOYSA-N,"InChI=1S/C14H11NO3/c1-14(2)9-10(15-13(14)18)7-5-3-4-6-8(7)11(16)12(9)17/h3-6,9H,1-2H3",23028,CC1(C)C2C(=O)C(=O)c3ccccc3C2=NC1=O,NA
Input,BRD-K46707636,0.21893907,InputSig,NA,NA,LINCSCP_27529,HT29,5uM,24h,large intestine,NA,NA,WVRHSCPXBJSNMQ-HGHGUNKESA-N,"InChI=1S/C22H25ClN2O7S/c23-15-2-5-17(6-3-15)33(28,29)25-18-7-4-16(32-21(18)12-26)9-10-24-22(27)14-1-8-19-20(11-14)31-13-30-19/h1-3,5-6,8,11,16,18,21,25-26H,4,7,9-10,12-13H2,(H,24,27)/t16-,18-,21-/m1/s1",37352,OC[C@H]1O[C@@H](CCNC(=O)c2ccc3OCOc3c2)CC[C@H]1NS(=O)(=O)c4ccc(Cl)cc4,NA
Input,Cerulenin,0.21882976,InputSig,NA,NA,LINCSCP_21363,HEC108,40uM,6h,endometrium,Fatty acid synthase inhibitor,FASN,GVEZIHKRYBHEFX-NQQPLRFYSA-N,"InChI=1S/C12H17NO3/c1-2-3-4-5-6-7-8-9(14)10-11(16-10)12(13)15/h2-3,5-6,10-11H,4,7-8H2,1H3,(H2,13,15)/b3-2+,6-5+/t10-,11-/m1/s1",17044,C\C=C\C\C=C\CCC(=O)[C@H]1O[C@H]1C(=O)N,NA
Input,Arglabin,0.21878657,InputSig,NA,NA,LINCSCP_77145,A375,1.11uM,24h,skin,NA,NA,UVJYAKBJSGRTHA-CUZKYEQNSA-N,"InChI=1S/C15H18O3/c1-8-4-7-15-11(8)12-10(9(2)13(16)17-12)5-6-14(15,3)18-15/h4,10-12H,2,5-7H2,1,3H3/t10-,11+,12-,14-,15+/m0/s1",26893,CC1=CC[C@]23O[C@@]2(C)CC[C@@H]4[C@H](OC(=O)C4=C)[C@@H]13,NA
Input,BRD-K36415399,0.21876288,InputSig,NA,NA,LINCSCP_61223,VCAP,5uM,24h,prostate,NA,NA,DJGRJRLVSKCCNZ-DFXHWTJYSA-N,"InChI=1S/C30H37FN6O6/c1-17-14-37(30(40)34-27-19(3)35-43-20(27)4)18(2)16-42-25-11-10-23(13-24(25)28(38)36(5)15-26(17)41-6)33-29(39)32-22-9-7-8-21(31)12-22/h7-13,17-18,26H,14-16H2,1-6H3,(H,34,40)(H2,32,33,39)/t17-,18+,26-/m0/s1",2903,CO[C@H]1CN(C)C(=O)c2cc(NC(=O)Nc3cccc(F)c3)ccc2OC[C@@H](C)N(C[C@@H]1C)C(=O)Nc4c(C)onc4C,NA
Input,BRD-K94766424,0.21866984,InputSig,NA,NA,LINCSCP_61301,VCAP,5uM,24h,prostate,NA,NA,FSHWRMSUZBSSQF-KHYOSLBOSA-N,"InChI=1S/C21H34N4O4/c1-6-9-22-21(27)24-16-7-8-18-17(10-16)20(26)25(4)12-19(28-5)14(2)11-23-15(3)13-29-18/h7-8,10,14-15,19,23H,6,9,11-13H2,1-5H3,(H2,22,24,27)/t14-,15+,19-/m0/s1",25327,CCCNC(=O)Nc1ccc2OC[C@@H](C)NC[C@H](C)[C@H](CN(C)C(=O)c2c1)OC,NA
Input,Isocycloheximide,0.21864386,InputSig,NA,NA,LINCSCP_11380,ASC,10uM,24h,adipose,Protein synthesis inhibitor,RPL3,YPHMISFOHDHNIV-UHFFFAOYSA-N,"InChI=1S/C15H23NO4/c1-8-3-9(2)15(20)11(4-8)12(17)5-10-6-13(18)16-14(19)7-10/h8-12,17H,3-7H2,1-2H3,(H,16,18,19)",15279,CC1CC(C)C(=O)C(C1)C(O)CC2CC(=O)NC(=O)C2,NA
Input,Pargyline,0.21846572,InputSig,NA,NA,LINCSCP_14308,HA1E,10uM,6h,kidney epithelial,Monoamine oxidase inhibitor,MAOA|MAOB,DPWPWRLQFGFJFI-UHFFFAOYSA-N,"InChI=1S/C11H13N/c1-3-9-12(2)10-11-7-5-4-6-8-11/h1,4-8H,9-10H2,2H3",36071,CN(CC#C)Cc1ccccc1,4
Input,Rotenone,0.21844674,InputSig,NA,NA,LINCSCP_50278,PHH,0.1uM,24h,NA,Mitochondrial complex I inhibitor,MT-ND1,JUVIOZPCNVVQFO-HBGVWJBISA-N,"InChI=1S/C23H22O6/c1-11(2)16-8-14-15(28-16)6-5-12-22(24)21-13-7-18(25-3)19(26-4)9-17(13)27-10-20(21)29-23(12)14/h5-7,9,16,20-21H,1,8,10H2,2-4H3/t16-,20-,21+/m1/s1",28074,COc1cc2OC[C@H]3Oc4c5C[C@@H](Oc5ccc4C(=O)[C@H]3c2cc1OC)C(=C)C,NA
Input,SPECTRUM_001579,0.21842134,InputSig,NA,NA,LINCSCP_98316,HA1E,0.12uM,24h,kidney epithelial,NA,NA,MUQNGPZZQDCDFT-RLDTZFIDSA-N,"InChI=1S/C24H32ClFO5/c1-20(2)30-19-10-16-15-6-5-13-9-14(27)7-8-21(13,3)23(15,26)17(28)11-22(16,4)24(19,31-20)18(29)12-25/h9,15-17,19,28H,5-8,10-12H2,1-4H3/t15?,16?,17?,19-,21?,22?,23?,24-/m1/s1",34373,CC1(C)O[C@@H]2CC3C4CCC5=CC(=O)CCC5(C)C4(F)C(O)CC3(C)[C@@]2(O1)C(=O)CCl,NA
Input,Cefdinir,0.21839293,InputSig,NA,NA,LINCSCP_89705,HA1E,3.33uM,24h,kidney epithelial,NA,NA,RTXOFQZKPXMALH-PRHODGIISA-N,"InChI=1S/C14H13N5O5S2/c1-2-5-3-25-12-8(11(21)19(12)9(5)13(22)23)17-10(20)7(18-24)6-4-26-14(15)16-6/h2,4,8,12,24H,1,3H2,(H2,15,16)(H,17,20)(H,22,23)/t8-,12-/m1/s1",36390,Nc1nc(cs1)C(=NO)C(=O)N[C@H]2[C@H]3SCC(=C(N3C2=O)C(=O)O)C=C,NA
Input,BRD-K24890551,0.21836107,InputSig,NA,NA,LINCSCP_62086,VCAP,5uM,6h,prostate,NA,NA,QDYPPDFKKOAHDR-IPMKNSEASA-N,"InChI=1S/C21H28N2O5/c1-27-16-7-2-4-14(10-16)12-22-20(25)11-17-8-9-18(19(13-24)28-17)23-21(26)15-5-3-6-15/h2,4,7-10,15,17-19,24H,3,5-6,11-13H2,1H3,(H,22,25)(H,23,26)/t17-,18+,19+/m0/s1",2460,COc1cccc(CNC(=O)C[C@H]2O[C@H](CO)[C@H](NC(=O)C3CCC3)C=C2)c1,NA
Input,MLS002264446,0.21832497,InputSig,NA,NA,LINCSCP_31393,MCF7,10uM,24h,breast,NA,NA,HTGWZEXCLHOICY-UHFFFAOYSA-N,"InChI=1S/C15H12N6OS2/c1-21-15(18-19-20-21)24-14-12-11(7-23-13(12)16-8-17-14)9-4-3-5-10(6-9)22-2/h3-8H,1-2H3",35866,COc1cccc(c1)c2csc3ncnc(Sc4nnnn4C)c23,NA
Input,BRD-K28782753,0.21831085,InputSig,NA,NA,LINCSCP_65137,VCAP,10uM,6h,prostate,NA,NA,PFGGMAQKPUGENT-OAQYLSRUSA-N,"InChI=1S/C25H31N3O4S/c1-17-4-7-19(8-5-17)33(30,31)28-12-10-25(11-13-28)16-26-21(15-29)24-23(25)20-9-6-18(32-3)14-22(20)27(24)2/h4-9,14,21,26,29H,10-13,15-16H2,1-3H3/t21-/m1/s1",12321,COc1ccc2c3c([C@@H](CO)NCC34CCN(CC4)S(=O)(=O)c5ccc(C)cc5)n(C)c2c1,NA
Input,C28H30CIN5O4S,0.21826046,InputSig,NA,NA,LINCSCP_222863,HS578T,1uM,6h,breast,Hepatocyte growth factor receptor inhibitor|Tyrosine kinase inhibitor,MET,FPYJSJDOHRDAMT-XQNSMLJCSA-N,"InChI=1S/C28H30ClN5O4S/c1-17-25(30-18(2)26(17)28(36)34-12-10-32(3)11-13-34)16-23-22-15-21(8-9-24(22)31-27(23)35)39(37,38)33(4)20-7-5-6-19(29)14-20/h5-9,14-16,30H,10-13H2,1-4H3,(H,31,35)/b23-16+",5075,CN(c1cccc(Cl)c1)S(=O)(=O)c2ccc3NC(=O)\C(=C\c4[nH]c(C)c(C(=O)N5CCN(C)CC5)c4C)\c3c2,NA
Input,MLS002725684,0.21823692,InputSig,NA,NA,LINCSCP_178392,A375,10uM,6h,skin,NA,NA,MHYQHWLKERVOMZ-UHFFFAOYSA-N,"InChI=1S/C21H31NO3/c1-24-19-11-10-17(13-20(19)25-2)21(23)18-9-6-12-22(15-18)14-16-7-4-3-5-8-16/h10-11,13,16,18H,3-9,12,14-15H2,1-2H3",33408,COc1ccc(cc1OC)C(=O)C2CCCN(CC3CCCCC3)C2,NA
Input,BRD-K66850406,0.21811407,InputSig,NA,NA,LINCSCP_61148,VCAP,5uM,6h,prostate,NA,NA,CRZDWKBDRGRNEI-STXHMFSFSA-N,"InChI=1S/C22H30N4O7S/c1-14-11-26(34(5,29)30)15(2)13-32-18-7-6-16(24-21(27)19-8-9-23-33-19)10-17(18)22(28)25(3)12-20(14)31-4/h6-10,14-15,20H,11-13H2,1-5H3,(H,24,27)/t14-,15-,20-/m1/s1",956,CO[C@@H]1CN(C)C(=O)c2cc(NC(=O)c3oncc3)ccc2OC[C@@H](C)N(C[C@H]1C)S(=O)(=O)C,NA
Input,ICI 162846,0.21804943,InputSig,NA,NA,LINCSCP_18121,HCC515,10uM,6h,lung,Histamine receptor antagonist,HRH2,ALCSGJCIESECFD-UHFFFAOYSA-N,"InChI=1S/C11H17F3N6O/c12-11(13,14)7-17-10(16)18-9-4-6-20(19-9)5-2-1-3-8(15)21/h4,6H,1-3,5,7H2,(H2,15,21)(H3,16,17,18,19)",35941,NC(=O)CCCCn1ccc(N=C(N)NCC(F)(F)F)n1,NA
Input,Flurandrenolide,0.21804196,InputSig,NA,NA,LINCSCP_42823,NPC,10uM,24h,neural progenitor cells,Glucocorticoid receptor agonist,NR3C1,POPFMWWJOGLOIF-XWCQMRHXSA-N,"InChI=1S/C24H33FO6/c1-21(2)30-19-9-14-13-8-16(25)15-7-12(27)5-6-22(15,3)20(13)17(28)10-23(14,4)24(19,31-21)18(29)11-26/h7,13-14,16-17,19-20,26,28H,5-6,8-11H2,1-4H3/t13-,14-,16-,17-,19+,20+,22-,23-,24+/m0/s1",35462,CC1(C)O[C@@H]2C[C@H]3[C@@H]4C[C@H](F)C5=CC(=O)CC[C@]5(C)[C@H]4[C@@H](O)C[C@]3(C)[C@@]2(O1)C(=O)CO,4
Input,Voriconazole Impurity D,0.2180399,InputSig,NA,NA,LINCSCP_22551,HEPG2,10uM,6h,liver,Cytochrome P450 inhibitor,CYP2C19|CYP2C9|CYP3A4|CYP3A5|PTGS1,BCEHBSKCWLPMDN-QFYYESIMSA-N,"InChI=1S/C16H14F3N5O/c1-10(15-14(19)5-20-7-22-15)16(25,6-24-9-21-8-23-24)12-3-2-11(17)4-13(12)18/h2-5,7-10,25H,6H2,1H3/t10-,16-/m0/s1",22272,C[C@@H](c1ncncc1F)[C@@](O)(Cn2cncn2)c3ccc(F)cc3F,NA
Input,Dictamnine,0.21798586,InputSig,NA,NA,LINCSCP_289463,VCAP,10uM,6h,prostate,Furoquinoline alkaloid,NA,WIONIXOBNMDJFJ-UHFFFAOYSA-N,"InChI=1S/C12H9NO2/c1-14-11-8-4-2-3-5-10(8)13-12-9(11)6-7-15-12/h2-7H,1H3",13901,COc1c2ccoc2nc3ccccc13,NA
Input,HG6-64-1,0.21795766,InputSig,NA,NA,LINCSCP_11851,BT20,0.5uM,24h,breast,RAF inhibitor,NA,UMBFDGUGXMOMHX-BQYQJAHWSA-N,"InChI=1S/C32H34F3N5O2/c1-4-39-13-15-40(16-14-39)20-25-9-10-26(18-28(25)32(33,34)35)38-31(41)23-6-5-21(2)22(17-23)7-8-24-19-37-30-27(11-12-36-30)29(24)42-3/h5-12,17-19H,4,13-16,20H2,1-3H3,(H,36,37)(H,38,41)/b8-7+",25772,CCN1CCN(Cc2ccc(NC(=O)c3ccc(C)c(\C=C\c4cnc5[nH]ccc5c4OC)c3)cc2C(F)(F)F)CC1,NA
Input,Carfilzomib (PR-171),0.21777898,InputSig,NA,NA,LINCSCP_121498,HT29,0.04uM,24h,large intestine,26S proteosome inhibitor,ADRM1|PSMA1|PSMA2|PSMA3|PSMA4|PSMA5|PSMA6|PSMA7|PSMA8|PSMB1|PSMB10|PSMB11|PSMB2|PSMB3|PSMB4|PSMB5|PSMB6|PSMB7|PSMB8|PSMB9|PSMC1|PSMC2|PSMC3|PSMC4|PSMC5|PSMC6|PSMD1|PSMD11|PSMD12|PSMD13|PSMD14|PSMD2|PSMD3|PSMD4|PSMD6|PSMD7|PSMD8|SEM1,BLMPQMFVWMYDKT-NZTKNTHTSA-N,"InChI=1S/C40H57N5O7/c1-27(2)22-32(36(47)40(5)26-52-40)42-39(50)34(24-30-14-10-7-11-15-30)44-38(49)33(23-28(3)4)43-37(48)31(17-16-29-12-8-6-9-13-29)41-35(46)25-45-18-20-51-21-19-45/h6-15,27-28,31-34H,16-26H2,1-5H3,(H,41,46)(H,42,50)(H,43,48)(H,44,49)/t31-,32-,33-,34-,40+/m0/s1",26747,CC(C)C[C@H](NC(=O)[C@H](CCc1ccccc1)NC(=O)CN2CCOCC2)C(=O)N[C@@H](Cc3ccccc3)C(=O)N[C@@H](CC(C)C)C(=O)[C@@]4(C)CO4,4
Input,CHEMBL1394132,0.21775607,InputSig,NA,NA,LINCSCP_57297,VCAP,10uM,24h,prostate,NA,NA,CYPORQUKMUAFNK-UHFFFAOYSA-N,"InChI=1S/C22H18N4S/c1-26-9-8-17-11-15(5-7-21(17)26)16-4-6-20-19(12-16)22(25-14-24-20)23-13-18-3-2-10-27-18/h2-12,14H,13H2,1H3,(H,23,24,25)",15695,Cn1ccc2cc(ccc12)c3ccc4ncnc(NCc5cccs5)c4c3,NA
Input,BRD-K32782699,0.21763716,InputSig,NA,NA,LINCSCP_62445,VCAP,5uM,24h,prostate,NA,NA,QSBPACLFOOFXHF-BIJSTVTOSA-N,"InChI=1S/C22H27F3N2O6/c23-22(24,25)11-26-19(29)9-14-8-16-15-7-13(27-21(30)12-3-5-31-6-4-12)1-2-17(15)33-20(16)18(10-28)32-14/h1-2,7,12,14,16,18,20,28H,3-6,8-11H2,(H,26,29)(H,27,30)/t14-,16-,18+,20+/m1/s1",24368,OC[C@@H]1O[C@@H](CC(=O)NCC(F)(F)F)C[C@H]2[C@@H]1Oc3ccc(NC(=O)C4CCOCC4)cc23,NA
Input,BRD-U65466710,0.21762983,InputSig,NA,NA,LINCSCP_259602,NEU,10uM,24h,NA,NA,NA,NA,NA,42725,NA,NA
Input,MLS003129387,0.21758516,InputSig,NA,NA,LINCSCP_60556,VCAP,5uM,24h,prostate,NA,NA,XRXVGTRBMNTJPS-FVJLSDCUSA-N,"InChI=1S/C22H32ClN5O5S/c1-16-12-27(17(2)14-29)22(30)5-4-10-28-19(11-24-25-28)15-33-21(16)13-26(3)34(31,32)20-8-6-18(23)7-9-20/h6-9,11,16-17,21,29H,4-5,10,12-15H2,1-3H3/t16-,17+,21-/m0/s1",36927,C[C@H](CO)N1C[C@H](C)[C@H](CN(C)S(=O)(=O)c2ccc(Cl)cc2)OCc3cnnn3CCCC1=O,NA
Input,Etoposide,0.21751379,InputSig,NA,NA,LINCSCP_16193,HA1E,10uM,6h,kidney epithelial,DNA topoisomerase II inhibitor,TOP2A|TOP2B,VJJPUSNTGOMMGY-MRVIYFEKSA-N,"InChI=1S/C29H32O13/c1-11-36-9-20-27(40-11)24(31)25(32)29(41-20)42-26-14-7-17-16(38-10-39-17)6-13(14)21(22-15(26)8-37-28(22)33)12-4-18(34-2)23(30)19(5-12)35-3/h4-7,11,15,20-22,24-27,29-32H,8-10H2,1-3H3/t11-,15+,20-,21-,22+,24-,25-,26-,27-,29+/m1/s1",16543,COc1cc(cc(OC)c1O)[C@H]2[C@@H]3[C@H](COC3=O)[C@H](O[C@@H]4O[C@@H]5CO[C@@H](C)O[C@H]5[C@H](O)[C@H]4O)c6cc7OCOc7cc26,4
Input,NVP-BHG712,0.2174163,InputSig,NA,NA,LINCSCP_149262,NPC,0.37uM,24h,neural progenitor cells,NA,NA,ZCCPLJOKGAACRT-UHFFFAOYSA-N,"InChI=1S/C26H20F3N7O/c1-15-8-9-16(25(37)32-19-7-3-6-18(12-19)26(27,28)29)11-21(15)33-23-20-14-31-36(2)24(20)35-22(34-23)17-5-4-10-30-13-17/h3-14H,1-2H3,(H,32,37)(H,33,34,35)",14186,Cc1ccc(cc1Nc2nc(nc3c2cnn3C)c4cccnc4)C(=O)Nc5cccc(c5)C(F)(F)F,NA
Input,A-443654,0.2173882,InputSig,NA,NA,LINCSCP_42411,NPC,10uM,24h,neural progenitor cells,AKT inhibitor,AKT1|AKT2,YWTBGJGMTBHQTM-IBGZPJMESA-N,"InChI=1S/C24H23N5O/c1-15-22-10-16(6-7-24(22)29-28-15)17-9-20(13-26-11-17)30-14-19(25)8-18-12-27-23-5-3-2-4-21(18)23/h2-7,9-13,19,27H,8,14,25H2,1H3,(H,28,29)/t19-/m0/s1",15124,Cc1[nH]nc2ccc(cc12)c3cncc(OC[C@@H](N)Cc4c[nH]c5ccccc45)c3,NA
Input,Triciribine,0.21736791,InputSig,NA,NA,LINCSCP_14947,HA1E,10uM,6h,kidney epithelial,AKT inhibitor,AKT1|AKT2|AKT3,HOGVTUZUJGHKPL-HTVVRFAVSA-N,"InChI=1S/C13H16N6O4/c1-18-11-7-5(10(14)17-18)2-19(12(7)16-4-15-11)13-9(22)8(21)6(3-20)23-13/h2,4,6,8-9,13,20-22H,3H2,1H3,(H2,14,17)/t6-,8-,9-,13-/m1/s1",15961,CN1N=C(N)c2cn([C@@H]3O[C@H](CO)[C@@H](O)[C@H]3O)c4ncnc1c24,NA
Input,SPECTRUM2_000920,0.21726066,InputSig,NA,NA,LINCSCP_42522,NPC,10uM,24h,neural progenitor cells,DNA alkylating agent|DNA alkylating drug|DNA inhibitor|DNA synthesis inhibitor,NA,NWIBSHFKIJFRCO-CPKMXBGFSA-N,"InChI=1S/C15H18N4O5/c1-5-9(16)12(21)8-6(4-24-14(17)22)15(23-2)13-7(18-13)3-19(15)10(8)11(5)20/h6-7,13,18H,3-4,16H2,1-2H3,(H2,17,22)/t6-,7?,13+,15-/m0/s1",396,CO[C@@]12[C@@H]3NC3CN1C4=C([C@@H]2COC(=O)N)C(=O)C(=C(C)C4=O)N,NA
Input,BRD-K46998548,0.21714277,InputSig,NA,NA,LINCSCP_277034,PC3,5uM,24h,prostate,NA,NA,ZECSINWKGOCVAW-DEOSSOPVSA-N,"InChI=1S/C29H26F2N4O4/c1-39-19-10-11-21-23(12-19)33-26-24(13-36)35(28(38)32-18-8-6-17(30)7-9-18)16-29(25(21)26)14-34(15-29)27(37)20-4-2-3-5-22(20)31/h2-12,24,33,36H,13-16H2,1H3,(H,32,38)/t24-/m0/s1",32901,COc1ccc2c3c([nH]c2c1)[C@H](CO)N(CC34CN(C4)C(=O)c5ccccc5F)C(=O)Nc6ccc(F)cc6,NA
Input,TNP 470,0.21704478,InputSig,NA,NA,LINCSCP_41407,NEU,10uM,24h,NA,Methionine aminopeptidase inhibitor,METAP2,MSHZHSPISPJWHW-PVDLLORBSA-N,"InChI=1S/C19H28ClNO6/c1-11(2)5-6-13-18(3,27-13)16-15(24-4)12(7-8-19(16)10-25-19)26-17(23)21-14(22)9-20/h5,12-13,15-16H,6-10H2,1-4H3,(H,21,22,23)/t12-,13-,15-,16-,18+,19+/m1/s1",39946,CO[C@@H]1[C@@H](CC[C@]2(CO2)[C@H]1[C@@]3(C)O[C@@H]3CC=C(C)C)OC(=O)NC(=O)CCl,NA
Input,CHEMBL3181907,0.21694071,InputSig,NA,NA,LINCSCP_60476,VCAP,5uM,6h,prostate,NA,NA,AXBJPSYRCLUHNL-NBTLCYJSSA-N,"InChI=1S/C32H38N2O5S/c1-23-19-34(24(2)22-35)40(37,38)32-17-14-26(11-10-25(3)36)18-30(32)39-31(23)21-33(4)20-27-12-15-29(16-13-27)28-8-6-5-7-9-28/h5-9,12-18,23-25,31,35-36H,19-22H2,1-4H3/t23-,24-,25+,31-/m0/s1",16793,C[C@@H](O)C#Cc1ccc2c(O[C@@H](CN(C)Cc3ccc(cc3)c4ccccc4)[C@@H](C)CN([C@@H](C)CO)S2(=O)=O)c1,NA
Input,Mycophenolic acid,0.21685483,InputSig,NA,NA,LINCSCP_80899,A375,1.11uM,24h,skin,Inosine-5'-monophosphate dehydrogenase (IMPDH) inhibitor (Inosine-5'-monophosphate dehydrogenase,IMPDH1|IMPDH2,HPNSFSBZBAHARI-RUDMXATFSA-N,"InChI=1S/C17H20O6/c1-9(5-7-13(18)19)4-6-11-15(20)14-12(8-23-17(14)21)10(2)16(11)22-3/h4,20H,5-8H2,1-3H3,(H,18,19)/b9-4+",37433,COc1c(C)c2COC(=O)c2c(O)c1C\C=C(/C)\CCC(=O)O,4
Input,JNJ-16259685,0.21680127,InputSig,NA,NA,LINCSCP_284769,SKB,10uM,24h,NA,Glutamate receptor antagonist,GRM1,QOTAQTRFJWLFCR-UHFFFAOYSA-N,"InChI=1S/C20H23NO3/c1-23-17-7-4-13(5-8-17)19(22)14-6-9-18-16(11-14)12-15-3-2-10-24-20(15)21-18/h6,9,11-13,17H,2-5,7-8,10H2,1H3",15825,COC1CCC(CC1)C(=O)c2ccc3nc4OCCCc4cc3c2,NA
Input,KF 38789,0.21671809,InputSig,NA,NA,LINCSCP_33441,MCF7,10uM,6h,breast,P selectin inhibitor,SELP,NHFIAAAMCYVRIW-UHFFFAOYSA-N,"InChI=1S/C19H21NO5S/c1-11-8-15(21)18(19(22)25-11)14-10-17(26-7-6-20-14)13-5-4-12(23-2)9-16(13)24-3/h4-5,8-9,17,21H,6-7,10H2,1-3H3",35389,COc1ccc(C2CC(=NCCS2)C3=C(O)C=C(C)OC3=O)c(OC)c1,NA
Input,Geldanamycin,0.21666143,InputSig,NA,NA,LINCSCP_43408,NPC,10uM,24h,neural progenitor cells,HSP inhibitor,HSP90AA1,QTQAWLPCGQOSGP-KSRBKZBZSA-N,"InChI=1S/C29H40N2O9/c1-15-11-19-25(34)20(14-21(32)27(19)39-7)31-28(35)16(2)9-8-10-22(37-5)26(40-29(30)36)18(4)13-17(3)24(33)23(12-15)38-6/h8-10,13-15,17,22-24,26,33H,11-12H2,1-7H3,(H2,30,36)(H,31,35)/b10-8-,16-9+,18-13+/t15-,17+,22+,23+,24-,26+/m1/s1",17493,CO[C@H]1C[C@H](C)CC2=C(OC)C(=O)C=C(NC(=O)\C(=C\C=C/[C@H](OC)[C@@H](OC(=O)N)\C(=C\[C@H](C)[C@H]1O)\C)\C)C2=O,NA
Input,Physostigmine,0.21663989,InputSig,NA,NA,LINCSCP_101168,HELA,1.11uM,24h,large intestine,Acetylcholinesterase inhibitor|Cholinesterase inhibitor,ACHE,PIJVFDBKTWXHHD-HIFRSBDPSA-N,"InChI=1S/C15H21N3O2/c1-15-7-8-17(3)13(15)18(4)12-6-5-10(9-11(12)15)20-14(19)16-2/h5-6,9,13H,7-8H2,1-4H3,(H,16,19)/t13-,15+/m1/s1",36343,CNC(=O)Oc1ccc2N(C)[C@H]3N(C)CC[C@@]3(C)c2c1,4
Input,Zosuquidar,0.21661956,InputSig,NA,NA,LINCSCP_125741,HT29,3.33uM,24h,large intestine,P-glycoprotein inhibitor,ABCB1,IHOVFYSQUDPMCN-XAKVHENESA-N,"InChI=1S/C32H31F2N3O2/c33-32(34)29-22-7-1-3-9-24(22)31(25-10-4-2-8-23(25)30(29)32)37-17-15-36(16-18-37)19-21(38)20-39-28-13-5-12-27-26(28)11-6-14-35-27/h1-14,21,29-31,38H,15-20H2/t21-,29-,30+,31?/m1/s1",1608,O[C@@H](COc1cccc2ncccc12)CN3CCN(CC3)[C@H]4c5ccccc5[C@H]6[C@@H](c7ccccc47)C6(F)F,3
Input,heraclenol,0.21659606,InputSig,NA,NA,LINCSCP_154750,PC3,0.04uM,24h,prostate,NA,NA,NA,NA,NA,NA,NA
Input,BRD-K69236395,0.21657858,InputSig,NA,NA,LINCSCP_66006,VCAP,3uM,24h,prostate,NA,NA,SDGCQQLHBMCMJM-AREMUKBSSA-N,"InChI=1S/C30H33N3O6S/c1-37-21-8-11-23(12-9-21)40(35,36)33-18-30(19-33)17-32(15-20-6-4-5-7-27(20)39-3)26(16-34)29-28(30)24-13-10-22(38-2)14-25(24)31-29/h4-14,26,31,34H,15-19H2,1-3H3/t26-/m1/s1",13329,COc1ccc(cc1)S(=O)(=O)N2CC3(CN(Cc4ccccc4OC)[C@H](CO)c5[nH]c6cc(OC)ccc6c35)C2,NA
Input,MLS001116217,0.21646267,InputSig,NA,NA,LINCSCP_6044,A549,10uM,6h,lung,NA,NA,KQXGUMFOKFQRCK-UHFFFAOYSA-N,"InChI=1S/C16H14ClN5O3S2/c1-2-12-21-22-15(26-12)20-14(23)13-11(17)8-18-16(19-13)27(24,25)9-10-6-4-3-5-7-10/h3-8H,2,9H2,1H3,(H,20,22,23)",23398,CCc1nnc(NC(=O)c2nc(ncc2Cl)S(=O)(=O)Cc3ccccc3)s1,NA
Input,Vanoxerine,0.21644319,InputSig,NA,NA,LINCSCP_71837,A375,10uM,24h,skin,Dopamine uptake inhibitor,SLC6A3,NAUWTFJOPJWYOT-UHFFFAOYSA-N,"InChI=1S/C28H32F2N2O/c29-26-12-8-24(9-13-26)28(25-10-14-27(30)15-11-25)33-22-21-32-19-17-31(18-20-32)16-4-7-23-5-2-1-3-6-23/h1-3,5-6,8-15,28H,4,7,16-22H2",35671,Fc1ccc(cc1)C(OCCN2CCN(CCCc3ccccc3)CC2)c4ccc(F)cc4,3
Input,Gemcitabine,0.21635791,InputSig,NA,NA,LINCSCP_156241,PC3,10uM,24h,prostate,Ribonucleotide reductase inhibitor,POLA1|POLD1|POLE|RRM1|RRM2|RRM2B,SDUQYLNIPVEERB-QPPQHZFASA-N,"InChI=1S/C9H11F2N3O4/c10-9(11)6(16)4(3-15)18-7(9)14-2-1-5(12)13-8(14)17/h1-2,4,6-7,15-16H,3H2,(H2,12,13,17)/t4-,6-,7-/m1/s1",36427,NC1=NC(=O)N(C=C1)[C@@H]2O[C@H](CO)[C@@H](O)C2(F)F,4
Input,Tasisulam,0.21634978,InputSig,NA,NA,LINCSCP_170854,YAPC,10uM,24h,pancreas,NA,NA,WWONFUQGBVOKOF-UHFFFAOYSA-N,"InChI=1S/C11H6BrCl2NO3S2/c12-9-3-4-10(19-9)20(17,18)15-11(16)7-2-1-6(13)5-8(7)14/h1-5H,(H,15,16)",26966,Clc1ccc(C(=O)NS(=O)(=O)c2ccc(Br)s2)c(Cl)c1,NA
Input,Clofarabine,0.21634437,InputSig,NA,NA,LINCSCP_71915,A375,10uM,24h,skin,DNA polymerase (alpha/delta/epsilon) inhibitor (DNA polymerase|Ribonucleoside-diphosphate reductase RR1 inhibitor,POLA1|POLD1|POLE|RRM1|RRM2|RRM2B,WDDPHFBMKLOVOX-AYQXTPAHSA-N,"InChI=1S/C10H11ClFN5O3/c11-10-15-7(13)5-8(16-10)17(2-14-5)9-4(12)6(19)3(1-18)20-9/h2-4,6,9,18-19H,1H2,(H2,13,15,16)/t3-,4+,6-,9-/m1/s1",26868,Nc1nc(Cl)nc2c1ncn2[C@@H]3O[C@H](CO)[C@@H](O)[C@@H]3F,4
Input,GAP-134 (Hydrochloride),0.21630924,InputSig,NA,NA,LINCSCP_72020,A375,0.37uM,24h,skin,NA,NA,BIZKIHUJGMSVFD-MNOVXSKESA-N,"InChI=1S/C14H17N3O4/c15-7-12(18)17-8-10(6-11(17)14(20)21)16-13(19)9-4-2-1-3-5-9/h1-5,10-11H,6-8,15H2,(H,16,19)(H,20,21)/t10-,11+/m1/s1",26732,NCC(=O)N1C[C@@H](C[C@H]1C(=O)O)NC(=O)c2ccccc2,2
Input,Dinaciclib,0.21628926,InputSig,NA,NA,LINCSCP_151561,PC3,1.11uM,24h,prostate,Cyclin-dependent kinase 1 inhibitor|Cyclin-dependent kinase 2 inhibitor|Cyclin-dependent kinase 5 inhibitor|Cyclin-dependent kinase 9 inhibitor,CDK1|CDK2|CDK5|CDK9,PIMQWRZWLQKKBJ-SFHVURJKSA-N,"InChI=1S/C21H28N6O2/c1-2-17-14-23-27-19(22-13-16-6-5-9-25(29)15-16)12-20(24-21(17)27)26-10-4-3-7-18(26)8-11-28/h5-6,9,12,14-15,18,22,28H,2-4,7-8,10-11,13H2,1H3/t18-/m0/s1",16539,CCc1cnn2c(NCc3ccc[n+]([O-])c3)cc(nc12)N4CCCC[C@H]4CCO,3
Input,"N-(4-Bromophenyl)-2-{[5-(2-chlorophenyl)-4-phenyl-4H-1,2,4-triazol-3-yl]sulfanyl}acetamide",0.21623564,InputSig,NA,NA,LINCSCP_6355,A549,10uM,24h,lung,NA,NA,OZKZBESQIKFNJU-UHFFFAOYSA-N,"InChI=1S/C22H16BrClN4OS/c23-15-10-12-16(13-11-15)25-20(29)14-30-22-27-26-21(18-8-4-5-9-19(18)24)28(22)17-6-2-1-3-7-17/h1-13H,14H2,(H,25,29)",1402,Clc1ccccc1c2nnc(SCC(=O)Nc3ccc(Br)cc3)n2c4ccccc4,NA
Input,AGK 2,0.21622593,InputSig,NA,NA,LINCSCP_86964,CD34,10uM,24h,bone marrow,SIRT inhibitor,SIRT2,SVENPFFEMUOOGK-SDNWHVSQSA-N,"InChI=1S/C23H13Cl2N3O2/c24-15-6-8-19(25)18(12-15)22-9-7-16(30-22)11-14(13-26)23(29)28-21-5-1-4-20-17(21)3-2-10-27-20/h1-12H,(H,28,29)/b14-11+",40287,Clc1ccc(Cl)c(c1)c2oc(\C=C(/C#N)\C(=O)Nc3cccc4ncccc34)cc2,NA
Input,BRD-A25736793,0.21605482,InputSig,NA,NA,LINCSCP_83200,ASC.C,10uM,24h,NA,mTOR inhibitor,MTOR,HKVAMNSJSFKALM-PYJGUTGCSA-N,"InChI=1S/C53H83NO14/c1-32-16-12-11-13-17-33(2)44(63-8)30-40-21-19-38(7)53(62,68-40)50(59)51(60)54-23-15-14-18-41(54)52(61)67-45(35(4)28-39-20-22-43(66-25-24-55)46(29-39)64-9)31-42(56)34(3)27-37(6)48(58)49(65-10)47(57)36(5)26-32/h11-13,16-17,27,32,34-36,38-41,43-46,48-49,55,58,62H,14-15,18-26,28-31H2,1-10H3/b13-11+,16-12+,33-17+,37-27+",1547,COC1CC(CC(C)C2CC(=O)C(C)\C=C(/C)\C(O)C(OC)C(=O)C(C)CC(C)\C=C\C=C\C=C(/C)\C(CC3CCC(C)C(O)(O3)C(=O)C(=O)N4CCCCC4C(=O)O2)OC)CCC1OCCO,NA
Input,Estradiol Valerate,0.21602435,InputSig,NA,NA,LINCSCP_34220,MCF7,10uM,6h,breast,Estrogen receptor agonist,ESR1,RSEPBGGWRJCQGY-RBRWEJTLSA-N,"InChI=1S/C23H32O3/c1-3-4-5-22(25)26-21-11-10-20-19-8-6-15-14-16(24)7-9-17(15)18(19)12-13-23(20,21)2/h7,9,14,18-21,24H,3-6,8,10-13H2,1-2H3/t18-,19-,20+,21+,23+/m1/s1",39945,CCCCC(=O)O[C@H]1CC[C@H]2[C@@H]3CCc4cc(O)ccc4[C@H]3CC[C@]12C,4
Input,BRD-K03430401,0.21599233,InputSig,NA,NA,LINCSCP_63330,VCAP,5uM,24h,prostate,NA,NA,IJWLFSVDDGQQHF-CFFRGQMRSA-N,"InChI=1S/C29H38N4O6S/c1-3-40(36,37)31-21-9-12-26-24(15-21)29(35)32(2)25-11-10-23(39-27(25)19-38-26)16-28(34)30-22-13-14-33(18-22)17-20-7-5-4-6-8-20/h4-9,12,15,22-23,25,27,31H,3,10-11,13-14,16-19H2,1-2H3,(H,30,34)/t22-,23-,25+,27+/m0/s1",1247,CCS(=O)(=O)Nc1ccc2OC[C@H]3O[C@H](CC(=O)N[C@H]4CCN(Cc5ccccc5)C4)CC[C@H]3N(C)C(=O)c2c1,NA
Input,Nandrolone,0.21596606,InputSig,NA,NA,LINCSCP_168631,YAPC,10uM,24h,pancreas,Imidazoline receptor agonist,AR|CYP19A1|MAOA|MAOB|NISCH,NPAGDVCDWIYMMC-IZPLOLCNSA-N,"InChI=1S/C18H26O2/c1-18-9-8-14-13-5-3-12(19)10-11(13)2-4-15(14)16(18)6-7-17(18)20/h10,13-17,20H,2-9H2,1H3/t13-,14+,15+,16-,17-,18-/m0/s1",16361,C[C@]12CC[C@H]3[C@@H](CCC4=CC(=O)CC[C@H]34)[C@@H]1CC[C@@H]2O,NA
Input,SCHEMBL10583556,0.21592703,InputSig,NA,NA,LINCSCP_37278,MCF7,3uM,6h,breast,Cyclooxygenase inhibitor,PTGS1|PTGS2,MNSCVRXKDINXEY-UHFFFAOYSA-N,"InChI=1S/C15H13N3O4S/c1-18-13(15(20)17-12-8-4-5-9-16-12)14(19)10-6-2-3-7-11(10)23(18,21)22/h2-9,13H,1H3,(H,16,17,20)",22427,CN1C(C(=O)Nc2ccccn2)C(=O)c3ccccc3S1(=O)=O,NA
Input,Ingenol Mebutate,0.21590585,InputSig,NA,NA,LINCSCP_143933,MCF7,10uM,24h,breast,NA,NA,VDJHFHXMUKFKET-WDUFCVPESA-N,"InChI=1S/C25H34O6/c1-7-12(2)22(29)31-21-13(3)10-24-14(4)8-17-18(23(17,5)6)16(20(24)28)9-15(11-26)19(27)25(21,24)30/h7,9-10,14,16-19,21,26-27,30H,8,11H2,1-6H3/b12-7-/t14-,16+,17-,18+,19-,21+,24+,25+/m1/s1",26881,C\C=C(\C)/C(=O)O[C@H]1C(=C[C@@]23[C@H](C)C[C@@H]4[C@H]([C@H](C=C(CO)[C@@H](O)[C@]12O)C3=O)C4(C)C)C,4
Input,NSC95397,0.21589373,InputSig,NA,NA,LINCSCP_253361,MCF7,10uM,6h,breast,CDC inhibitor,NA,MAASHDQFQDDECQ-UHFFFAOYSA-N,"InChI=1S/C14H14O4S2/c15-5-7-19-13-11(17)9-3-1-2-4-10(9)12(18)14(13)20-8-6-16/h1-4,15-16H,5-8H2",15855,OCCSC1=C(SCCO)C(=O)c2ccccc2C1=O,NA
Input,Alizapride,0.21586219,InputSig,NA,NA,LINCSCP_75201,A375,0.12uM,24h,skin,Dopamine receptor antagonist,DRD2,KSEYRUGYKHXGFW-UHFFFAOYSA-N,"InChI=1S/C16H21N5O2/c1-3-6-21-7-4-5-11(21)10-17-16(22)12-8-13-14(19-20-18-13)9-15(12)23-2/h3,8-9,11H,1,4-7,10H2,2H3,(H,17,22)(H,18,19,20)",36332,COc1cc2[nH]nnc2cc1C(=O)NCC3CCCN3CC=C,3
Input,Closantel,0.21583562,InputSig,NA,NA,LINCSCP_91217,HA1E,0.37uM,24h,kidney epithelial,Chitinase inhibitor|NFkB pathway inhibitor,NA,JMPFSEBWVLAJKM-UHFFFAOYSA-N,"InChI=1S/C22H14Cl2I2N2O2/c1-11-6-15(17(10-27)12-2-4-13(23)5-3-12)18(24)9-20(11)28-22(30)16-7-14(25)8-19(26)21(16)29/h2-9,17,29H,1H3,(H,28,30)",36339,Cc1cc(C(C#N)c2ccc(Cl)cc2)c(Cl)cc1NC(=O)c3cc(I)cc(I)c3O,NA
Input,CHEMBL3182395,0.21578891,InputSig,NA,NA,LINCSCP_113743,HME1,10uM,24h,breast,MEK inhibitor,MAP2K5|MAPK7,HOMJAAIVTDVQJA-UHFFFAOYSA-N,"InChI=1S/C27H28N4O2/c1-30(2)17-18-9-8-12-21(15-18)28-25(19-10-6-5-7-11-19)24-22-14-13-20(27(33)31(3)4)16-23(22)29-26(24)32/h5-16,28H,17H2,1-4H3,(H,29,32)",34319,CN(C)Cc1cccc(c1)\N=C(/c2ccccc2)\c3c(O)[nH]c4cc(ccc34)C(=O)N(C)C,NA
Input,BRD-K64630692,0.21578706,InputSig,NA,NA,LINCSCP_61146,VCAP,5uM,6h,prostate,NA,NA,IMTXHMNNEPVREU-VWKPWSFCSA-N,"InChI=1S/C23H35N3O4/c1-15-12-25(3)16(2)14-30-20-10-9-18(24-22(27)17-7-6-8-17)11-19(20)23(28)26(4)13-21(15)29-5/h9-11,15-17,21H,6-8,12-14H2,1-5H3,(H,24,27)/t15-,16+,21-/m1/s1",3944,CO[C@@H]1CN(C)C(=O)c2cc(NC(=O)C3CCC3)ccc2OC[C@H](C)N(C)C[C@H]1C,NA
Input,BRD-K97440728,0.21575192,InputSig,NA,NA,LINCSCP_48856,PC3,10uM,24h,prostate,NA,NA,IGUFQSLVAOYZBL-YHJOQWEYSA-N,"InChI=1S/C36H41F3N4O4/c1-23-18-43(24(2)22-44)35(46)17-26-15-29(40-34(45)16-27-20-42(4)31-8-6-5-7-30(27)31)13-14-32(26)47-33(23)21-41(3)19-25-9-11-28(12-10-25)36(37,38)39/h5-15,20,23-24,33,44H,16-19,21-22H2,1-4H3,(H,40,45)/t23-,24-,33+/m0/s1",34202,C[C@@H](CO)N1C[C@H](C)[C@@H](CN(C)Cc2ccc(cc2)C(F)(F)F)Oc3ccc(NC(=O)Cc4cn(C)c5ccccc45)cc3CC1=O,NA
Input,BRD-K51556300-001-01-9,0.2157168,InputSig,NA,NA,LINCSCP_261311,NOMO1,0.001uM,6h,haematopoietic and lymphoid tissue,NA,NA,VYCOOHAMPRTWAW-UTLSLIQUSA-N,"InChI=1S/C43H53N5O5/c1-30-26-48(31(2)29-49)43(52)25-35-24-36(45-41(50)16-8-5-9-17-42(51)46-38-15-11-10-14-37(38)44)22-23-39(35)53-40(30)28-47(3)27-32-18-20-34(21-19-32)33-12-6-4-7-13-33/h4,6-7,10-15,18-24,30-31,40,49H,5,8-9,16-17,25-29,44H2,1-3H3,(H,45,50)(H,46,51)/t30-,31+,40-/m1/s1",33016,C[C@@H](CO)N1C[C@@H](C)[C@@H](CN(C)Cc2ccc(cc2)c3ccccc3)Oc4ccc(NC(=O)CCCCCC(=O)Nc5ccccc5N)cc4CC1=O,NA
Input,MLN 2238,0.21565233,InputSig,NA,NA,LINCSCP_126495,HT29,0.04uM,24h,large intestine,Proteasome inhibitor,PSMB1,MXAYKZJJDUDWDS-LBPRGKRZSA-N,"InChI=1S/C14H19BCl2N2O4/c1-8(2)5-12(15(22)23)19-13(20)7-18-14(21)10-6-9(16)3-4-11(10)17/h3-4,6,8,12,22-23H,5,7H2,1-2H3,(H,18,21)(H,19,20)/t12-/m0/s1",16214,CC(C)C[C@H](NC(=O)CNC(=O)c1cc(Cl)ccc1Cl)B(O)O,4
Input,CCG-208137,0.21561458,InputSig,NA,NA,LINCSCP_41596,NEU,10uM,6h,NA,NA,NA,IEYXVHQWLXJZAG-UHFFFAOYSA-N,"InChI=1S/C13H16N6O8/c1-2-26-13(20)15-5-7-16(8-6-15)19(25)14-27-12-9-10(17(21)22)3-4-11(12)18(23)24/h3-4,9H,2,5-8H2,1H3",10,CCOC(=O)N1CCN(CC1)\[N+](=N\Oc2cc(ccc2[N+](=O)[O-])[N+](=O)[O-])\[O-],NA
Input,AN-023/14772014,0.21551767,InputSig,NA,NA,LINCSCP_28878,HUH7,10uM,24h,liver,NA,NA,MGZPNKXCINPNMX-BDMQEEMLSA-N,"InChI=1S/C26H26N4O2S/c1-17-21(20-13-7-8-14-22(20)29(17)16-24(27)31)15-23-25(32)30(19-11-5-6-12-19)26(33-23)28-18-9-3-2-4-10-18/h2-4,7-10,13-15,19H,5-6,11-12,16H2,1H3,(H2,27,31)/b23-15-,28-26+",25897,Cc1c(\C=C\2/S\C(=N\c3ccccc3)\N(C4CCCC4)C2=O)c5ccccc5n1CC(=O)N,NA
Input,Moxisylyte,0.21550006,InputSig,NA,NA,LINCSCP_125753,HT29,3.33uM,24h,large intestine,Adrenergic receptor antagonist,NA,VRYMTAVOXVTQEF-UHFFFAOYSA-N,"InChI=1S/C16H25NO3/c1-11(2)14-10-15(20-13(4)18)12(3)9-16(14)19-8-7-17(5)6/h9-11H,7-8H2,1-6H3",16433,CC(C)c1cc(OC(=O)C)c(C)cc1OCCN(C)C,4
Input,CHEMBL2132289,0.21544228,InputSig,NA,NA,LINCSCP_36624,MCF7,10uM,6h,breast,Protein kinase inhibitor,RPS6KA3,UPTQGXMIZXGVSC-UHFFFAOYSA-N,"InChI=1S/C21H26FN5O2/c1-14-4-6-15(7-5-14)17-18-20(23)25-13-26-21(18)27(19(17)16(28)12-22)10-3-8-24-9-11-29-2/h4-7,13,24H,3,8-12H2,1-2H3,(H2,23,25,26)",17492,COCCNCCCn1c(C(=O)CF)c(c2ccc(C)cc2)c3c(N)ncnc13,NA
Input,BRD-K50665432,0.21541764,InputSig,NA,NA,LINCSCP_61613,VCAP,5uM,24h,prostate,NA,NA,ZIZYGTWNPVBARE-UETOGOEVSA-N,"InChI=1S/C30H35FN2O3/c1-21-16-33(22(2)19-34)30(35)28-14-7-6-13-27(28)26-12-5-4-10-24(26)20-36-29(21)18-32(3)17-23-9-8-11-25(31)15-23/h4-15,21-22,29,34H,16-20H2,1-3H3/t21-,22+,29-/m1/s1",38660,C[C@@H](CO)N1C[C@@H](C)[C@@H](CN(C)Cc2cccc(F)c2)OCc3ccccc3c4ccccc4C1=O,NA
Input,GW441756X,0.21534483,InputSig,NA,NA,LINCSCP_14206,HA1E,10uM,6h,kidney epithelial,Growth factor receptor inhibitor,NTRK1,NXNQLECPAXXYTR-UHFFFAOYSA-N,"InChI=1S/C17H13N3O/c1-20-10-11(12-5-2-3-7-15(12)20)9-13-16-14(19-17(13)21)6-4-8-18-16/h2-10H,1H3,(H,19,21)",17827,Cn1cc(C=C2C(=O)Nc3cccnc23)c4ccccc14,NA
Input,CHEMBL2057941,0.21533572,InputSig,NA,NA,LINCSCP_57884,VCAP,10uM,6h,prostate,NA,NA,VPTSFXDCXJGRBR-UHFFFAOYSA-N,"InChI=1S/C19H19F2N3OS2/c1-10(2)24-8-7-11-14(9-24)27-19(23-17(25)16(20)21)15(11)18-22-12-5-3-4-6-13(12)26-18/h3-6,10,16H,7-9H2,1-2H3,(H,23,25)",38344,CC(C)N1CCc2c(C1)sc(NC(=O)C(F)F)c2c3nc4ccccc4s3,NA
Input,KUC103671,0.21528594,InputSig,NA,NA,LINCSCP_178252,A375,10uM,6h,skin,NA,NA,DSSXORGEYXPNQS-UHFFFAOYSA-N,InChI=1S/C13H8FNOS/c14-9-6-7-11-12(8-9)17-15(13(11)16)10-4-2-1-3-5-10/h1-8H,34266,Fc1ccc2C(=O)N(Sc2c1)c3ccccc3,NA
Input,CHEMBL2360495,0.21526217,InputSig,NA,NA,LINCSCP_47141,PC3,10uM,24h,prostate,NA,NA,ZBLCOVKAEUNWGN-CEFNRUSXSA-N,"InChI=1S/C33H43N5O4/c1-22-18-38(23(2)21-39)32(40)17-26-16-27(36(3)4)14-15-30(26)42-31(22)20-37(5)19-24-10-12-25(13-11-24)33(41)35-29-9-7-6-8-28(29)34/h6-16,22-23,31,39H,17-21,34H2,1-5H3,(H,35,41)/t22-,23-,31-/m1/s1",36804,C[C@H](CO)N1C[C@@H](C)[C@@H](CN(C)Cc2ccc(cc2)C(=O)Nc3ccccc3N)Oc4ccc(cc4CC1=O)N(C)C,NA
Input,Cadmium Dichloride,0.215177,InputSig,NA,NA,LINCSCP_17064,HA1E,20uM,6h,kidney epithelial,Coloring agent,NA,YKYOUMDCQGMQQO-UHFFFAOYSA-L,InChI=1S/Cd.2ClH/h;2*1H/q+2;;/p-2,23617,Cl[Cd]Cl,NA
Input,MY 5445,0.21516494,InputSig,NA,NA,LINCSCP_33543,MCF7,10uM,6h,breast,Phosphodiesterase inhibitor|Platelet aggregation inhibitor,PDE5A,CEHQLKSLMFIHBF-UHFFFAOYSA-N,"InChI=1S/C20H14ClN3/c21-15-9-6-10-16(13-15)22-20-18-12-5-4-11-17(18)19(23-24-20)14-7-2-1-3-8-14/h1-13H,(H,22,24)",16036,Clc1cccc(Nc2nnc(c3ccccc3)c4ccccc24)c1,NA
Input,Maribavir,0.21511061,InputSig,NA,NA,LINCSCP_94104,HA1E,10uM,24h,kidney epithelial,NA,NA,KJFBVJALEQWJBS-XUXIUFHCSA-N,"InChI=1S/C15H19Cl2N3O4/c1-6(2)18-15-19-9-3-7(16)8(17)4-10(9)20(15)14-13(23)12(22)11(5-21)24-14/h3-4,6,11-14,21-23H,5H2,1-2H3,(H,18,19)/t11-,12-,13-,14-/m0/s1",26790,CC(C)Nc1nc2cc(Cl)c(Cl)cc2n1[C@H]3O[C@@H](CO)[C@H](O)[C@@H]3O,3
Input,CHEMBL599255,0.21503072,InputSig,NA,NA,LINCSCP_6130,A549,10uM,24h,lung,Botulin neurotoxin inhibitor,NA,RDJCCPWITAIICC-UHFFFAOYSA-N,"InChI=1S/C23H20ClN3O2/c1-2-29-17-9-7-15(8-10-17)21(27-16-5-3-11-25-14-16)19-13-20(24)18-6-4-12-26-22(18)23(19)28/h3-14,21,27-28H,2H2,1H3",16116,CCOc1ccc(cc1)C(Nc2cccnc2)c3cc(Cl)c4cccnc4c3O,NA
Input,CHEMBL1271219,0.21493954,InputSig,NA,NA,LINCSCP_16075,HA1E,10uM,6h,kidney epithelial,NA,NA,CKDLLKBLDQIWTK-UHFFFAOYSA-N,"InChI=1S/C23H14F2N2O3S/c24-16-10-11-19(20(25)14-16)22(28)29-12-3-4-13-31-23-27-26-21(30-23)18-9-5-7-15-6-1-2-8-17(15)18/h1-2,5-11,14H,12-13H2",16040,Fc1ccc(C(=O)OCC#CCSc2oc(nn2)c3cccc4ccccc34)c(F)c1,NA
Input,AC1NWALF,0.21487348,InputSig,NA,NA,LINCSCP_162146,PC3,10uM,24h,prostate,ATPase inhibitor,ATP1A1,LTMHDMANZUZIPE-QVYPYPLASA-N,"InChI=1S/C41H64O14/c1-19-36(47)28(42)15-34(50-19)54-38-21(3)52-35(17-30(38)44)55-37-20(2)51-33(16-29(37)43)53-24-8-10-39(4)23(13-24)6-7-26-27(39)14-31(45)40(5)25(9-11-41(26,40)48)22-12-32(46)49-18-22/h12,19-21,23-31,33-38,42-45,47-48H,6-11,13-18H2,1-5H3/t19-,20-,21-,23-,24+,25-,26?,27?,28+,29+,30+,31-,33+,34+,35+,36-,37-,38-,39+,40+,41+/m1/s1",483,C[C@H]1O[C@H](C[C@H](O)[C@@H]1O)O[C@H]2[C@@H](O)C[C@H](O[C@H]3[C@@H](O)C[C@H](O[C@H]4CC[C@@]5(C)[C@H](CCC6C5C[C@@H](O)[C@]7(C)[C@H](CC[C@]67O)C8=CC(=O)OC8)C4)O[C@@H]3C)O[C@@H]2C,NA
Input,Raltegravir,0.21486754,InputSig,NA,NA,LINCSCP_75228,A375,3.33uM,24h,skin,HIV integrase inhibitor,NA,CZFFBEXEKNGXKS-UHFFFAOYSA-N,"InChI=1S/C20H21FN6O5/c1-10-25-26-17(32-10)16(30)24-20(2,3)19-23-13(14(28)18(31)27(19)4)15(29)22-9-11-5-7-12(21)8-6-11/h5-8,28H,9H2,1-4H3,(H,22,29)(H,24,30)",16276,CN1C(=O)C(=C(N=C1C(C)(C)NC(=O)c2oc(C)nn2)C(=O)NCc3ccc(F)cc3)O,4
Input,"3,6-Dimethoxyflavone",0.21486122,InputSig,NA,NA,LINCSCP_227468,HT29,10uM,6h,large intestine,NA,NA,BZKORUNDAHVLAO-UHFFFAOYSA-N,"InChI=1S/C17H14O4/c1-19-12-8-9-14-13(10-12)15(18)17(20-2)16(21-14)11-6-4-3-5-7-11/h3-10H,1-2H3",1573,COC1=C(Oc2ccc(OC)cc2C1=O)c3ccccc3,NA
Input,Oxyphenbutazone,0.21484537,InputSig,NA,NA,LINCSCP_43208,NPC,10uM,24h,neural progenitor cells,Cyclooxygenase inhibitor,PTGS1|PTGS2,HFHZKZSRXITVMK-UHFFFAOYSA-N,"InChI=1S/C19H20N2O3/c1-2-3-9-17-18(23)20(14-7-5-4-6-8-14)21(19(17)24)15-10-12-16(22)13-11-15/h4-8,10-13,17,22H,2-3,9H2,1H3",16236,CCCCC1C(=O)N(N(C1=O)c2ccc(O)cc2)c3ccccc3,4
Input,M3M3FBS,0.21482186,InputSig,NA,NA,LINCSCP_17644,HCC15,80uM,6h,lung,Phospholipase activator,PLCB2|PLCB3|PLCD1|PLCG1|PLCG2,ZIIUUSVHCHPIQD-UHFFFAOYSA-N,"InChI=1S/C16H16F3NO2S/c1-10-7-11(2)15(12(3)8-10)23(21,22)20-14-6-4-5-13(9-14)16(17,18)19/h4-9,20H,1-3H3",15408,Cc1cc(C)c(c(C)c1)S(=O)(=O)Nc2cccc(c2)C(F)(F)F,NA
Input,331771-20-1,0.21481239,InputSig,NA,NA,LINCSCP_24976,HS578T,1uM,6h,breast,Aurora kinase inhibitor,AURKA|AURKB,OGNYUTNQZVRGMN-UHFFFAOYSA-N,"InChI=1S/C29H31N5O4/c1-36-26-18-24-25(19-27(26)38-15-5-12-34-13-16-37-17-14-34)30-20-31-28(24)32-22-8-10-23(11-9-22)33-29(35)21-6-3-2-4-7-21/h2-4,6-11,18-20H,5,12-17H2,1H3,(H,33,35)(H,30,31,32)",37793,COc1cc2c(Nc3ccc(NC(=O)c4ccccc4)cc3)ncnc2cc1OCCCN5CCOCC5,NA
Input,MD-041,0.21474514,InputSig,NA,NA,LINCSCP_10759,ASC,10uM,24h,adipose,NA,NA,GSYPVTRHRIBUQT-VNQRMFGESA-N,"InChI=1S/C54H60N4O15/c1-65-40-31-37(16-19-49(62)56-22-10-7-13-46(56)59)32-41(66-2)52(40)71-28-25-55(26-29-72-53-42(67-3)33-38(34-43(53)68-4)17-20-50(63)57-23-11-8-14-47(57)60)27-30-73-54-44(69-5)35-39(36-45(54)70-6)18-21-51(64)58-24-12-9-15-48(58)61/h7-9,13-21,31-36H,10-12,22-30H2,1-6H3/b19-16+,20-17+,21-18+",25763,COc1cc(\C=C\C(=O)N2CCC=CC2=O)cc(OC)c1OCCN(CCOc3c(OC)cc(\C=C\C(=O)N4CCC=CC4=O)cc3OC)CCOc5c(OC)cc(\C=C\C(=O)N6CCC=CC6=O)cc5OC,NA
Input,"N-[2-Chloro-5-(trifluoromethyl)phenyl]-5-(pyridin-4-yl)-1,3,4-thiadiazol-2-amine",0.21472619,InputSig,NA,NA,LINCSCP_292059,VCAP,10uM,6h,prostate,NA,NA,NELTYWCUMXMUAA-UHFFFAOYSA-N,"InChI=1S/C14H8ClF3N4S/c15-10-2-1-9(14(16,17)18)7-11(10)20-13-22-21-12(23-13)8-3-5-19-6-4-8/h1-7H,(H,20,22)",2472,FC(F)(F)c1ccc(Cl)c(Nc2nnc(s2)c3ccncc3)c1,NA
Input,MLS000709026,0.21472147,InputSig,NA,NA,LINCSCP_655,A375,40uM,24h,skin,RAD51 inhibitor,RAD51,GEKDQXSPTHHANP-OUKQBFOZSA-N,"InChI=1S/C22H17N3O/c26-22-19-10-4-5-11-20(19)24-21(13-12-17-9-6-14-23-15-17)25(22)16-18-7-2-1-3-8-18/h1-15H,16H2/b13-12+",16865,O=C1N(Cc2ccccc2)C(=Nc3ccccc13)\C=C\c4cccnc4,NA
Input,Rocuronium Bromide,0.21459354,InputSig,NA,NA,LINCSCP_106348,HELA,1.11uM,24h,large intestine,NA,NA,YXRDKMPIGHSVRX-KKBURWSNSA-N,"InChI=1S/C32H53N2O4/c1-5-14-34(15-6-7-16-34)28-20-26-24-9-8-23-19-29(36)27(33-12-17-37-18-13-33)21-32(23,4)25(24)10-11-31(26,3)30(28)38-22(2)35/h5,23-30,36H,1,6-21H2,2-4H3/q+1/t23-,24+,25+,26-,27-,28-,29-,30+,31-,32-/m0/s1",27069,CC(=O)O[C@@H]1[C@H](C[C@H]2[C@@H]3CC[C@H]4C[C@H](O)[C@H](C[C@]4(C)[C@@H]3CC[C@]12C)N5CCOCC5)[N+]6(CC=C)CCCC6,NA
Input,O-Demethylated Adapalene,0.21442492,InputSig,NA,NA,LINCSCP_954,A375,10uM,6h,skin,Retinoid receptor agonist,RARG,LDGIHZJOIQSHPB-UHFFFAOYSA-N,"InChI=1S/C27H26O3/c28-25-6-5-22(20-1-2-21-11-23(26(29)30)4-3-19(21)10-20)12-24(25)27-13-16-7-17(14-27)9-18(8-16)15-27/h1-6,10-12,16-18,28H,7-9,13-15H2,(H,29,30)",16522,OC(=O)c1ccc2cc(ccc2c1)c3ccc(O)c(c3)C45CC6CC(CC(C6)C4)C5,NA
Input,BRD-K47514459,0.21440161,InputSig,NA,NA,LINCSCP_61347,VCAP,5uM,6h,prostate,NA,NA,ZVOSTPFCAQQCID-DPOKWSEZSA-N,"InChI=1S/C27H35F2N3O5/c1-17-12-32(13-19-10-20(28)6-8-23(19)29)18(2)15-37-24-9-7-21(30-26(33)16-35-4)11-22(24)27(34)31(3)14-25(17)36-5/h6-11,17-18,25H,12-16H2,1-5H3,(H,30,33)/t17-,18-,25+/m0/s1",3277,COCC(=O)Nc1ccc2OC[C@H](C)N(Cc3cc(F)ccc3F)C[C@H](C)[C@@H](CN(C)C(=O)c2c1)OC,NA
Input,GRANISETRON HYDROCHLORIDE,0.21439295,InputSig,NA,NA,LINCSCP_102841,HELA,0.12uM,24h,large intestine,Serotonin 3a (5-HT3a) receptor antagonist (Serotonin 3a,HTR3A,MFWNKCLOYSRHCJ-UHFFFAOYSA-N,"InChI=1S/C18H24N4O/c1-21-13-6-5-7-14(21)11-12(10-13)19-18(23)17-15-8-3-4-9-16(15)22(2)20-17/h3-4,8-9,12-14H,5-7,10-11H2,1-2H3,(H,19,23)",26709,CN1C2CCCC1CC(C2)NC(=O)c3nn(C)c4ccccc34,4
Input,MEGXP0_001010,0.21429488,InputSig,NA,NA,LINCSCP_295105,VCAP,10uM,6h,prostate,NA,NA,XQDZOCHQAMZEKZ-UKTHLTGXSA-N,"InChI=1S/C26H30O4/c1-17(2)6-10-20-14-19(8-12-23(20)27)9-13-24(28)22-15-21(11-7-18(3)4)25(29)16-26(22)30-5/h6-9,12-16,27,29H,10-11H2,1-5H3/b13-9+",5579,COc1cc(O)c(CC=C(C)C)cc1C(=O)\C=C\c2ccc(O)c(CC=C(C)C)c2,NA
Input,BRD-K85102293,0.21427714,InputSig,NA,NA,LINCSCP_37198,MCF7,10uM,6h,breast,NA,NA,LPGYQMOCGVTLEG-UMQWNRPGSA-N,"InChI=1S/C30H37N3O9S2/c1-20-17-33(21(2)19-34)30(35)26-7-6-8-27(31-43(36,37)24-13-9-22(40-4)10-14-24)29(26)42-28(20)18-32(3)44(38,39)25-15-11-23(41-5)12-16-25/h6-16,20-21,28,31,34H,17-19H2,1-5H3/t20-,21-,28-/m1/s1",13780,COc1ccc(cc1)S(=O)(=O)Nc2cccc3C(=O)N(C[C@@H](C)[C@@H](CN(C)S(=O)(=O)c4ccc(OC)cc4)Oc23)[C@H](C)CO,NA
Input,CAY10603,0.21423941,InputSig,NA,NA,LINCSCP_43486,NPC,10uM,24h,neural progenitor cells,HDAC inhibitor,HDAC6,WWGBHDIHIVGYLZ-UHFFFAOYSA-N,"InChI=1S/C22H30N4O6/c1-22(2,3)31-21(29)24-16-11-9-15(10-12-16)18-14-17(26-32-18)20(28)23-13-7-5-4-6-8-19(27)25-30/h9-12,14,30H,4-8,13H2,1-3H3,(H,23,28)(H,24,29)(H,25,27)",16213,CC(C)(C)OC(=O)Nc1ccc(cc1)c2onc(c2)C(=O)NCCCCCCC(=O)NO,NA
Input,Bepotastine Besilate,0.2142189,InputSig,NA,NA,LINCSCP_97959,HA1E,0.04uM,24h,kidney epithelial,Histamine H1 receptor antagonist,HRH1,YWGDOWXRIALTES-NRFANRHFSA-N,"InChI=1S/C21H25ClN2O3/c22-17-8-6-16(7-9-17)21(19-4-1-2-12-23-19)27-18-10-14-24(15-11-18)13-3-5-20(25)26/h1-2,4,6-9,12,18,21H,3,5,10-11,13-15H2,(H,25,26)/t21-/m0/s1",26680,OC(=O)CCCN1CCC(CC1)O[C@@H](c2ccc(Cl)cc2)c3ccccn3,4
Input,Dexamethasone 21-acetate,0.21406893,InputSig,NA,NA,LINCSCP_14918,HA1E,10uM,6h,kidney epithelial,Glucocorticoid receptor agonist,NR3C1,AKUJBENLRBOFTD-RPRRAYFGSA-N,"InChI=1S/C24H31FO6/c1-13-9-18-17-6-5-15-10-16(27)7-8-21(15,3)23(17,25)19(28)11-22(18,4)24(13,30)20(29)12-31-14(2)26/h7-8,10,13,17-19,28,30H,5-6,9,11-12H2,1-4H3/t13-,17+,18+,19+,21+,22+,23+,24+/m1/s1",15689,C[C@@H]1C[C@H]2[C@@H]3CCC4=CC(=O)C=C[C@]4(C)[C@@]3(F)[C@@H](O)C[C@]2(C)[C@@]1(O)C(=O)COC(=O)C,NA
Input,BRD-K15849229,0.21392243,InputSig,NA,NA,LINCSCP_60355,VCAP,5uM,24h,prostate,NA,NA,YBQMRNJYNXSOKR-SFYKDHMMSA-N,"InChI=1S/C26H32N4O4/c1-17(2)8-9-20-11-22-24(28-12-20)34-23(18(3)14-30(26(22)33)19(4)16-31)15-29(5)25(32)21-7-6-10-27-13-21/h6-7,10-13,17-19,23,31H,14-16H2,1-5H3/t18-,19-,23+/m0/s1",503,CC(C)C#Cc1cnc2O[C@H](CN(C)C(=O)c3cccnc3)[C@@H](C)CN([C@@H](C)CO)C(=O)c2c1,NA
Input,FR-122047,0.21377351,InputSig,NA,NA,LINCSCP_56268,VCAP,10uM,24h,prostate,Cyclooxygenase inhibitor,NA,UBHKJRYGKOSQDJ-UHFFFAOYSA-N,"InChI=1S/C23H25N3O3S/c1-25-12-14-26(15-13-25)23(27)22-24-20(16-4-8-18(28-2)9-5-16)21(30-22)17-6-10-19(29-3)11-7-17/h4-11H,12-15H2,1-3H3",35659,COc1ccc(cc1)c2nc(sc2c3ccc(OC)cc3)C(=O)N4CCN(C)CC4,NA
Input,MLS000089581,0.21377105,InputSig,NA,NA,LINCSCP_15805,HA1E,10uM,24h,kidney epithelial,NA,NA,KRZBWKRPRKNWHY-UHFFFAOYSA-N,"InChI=1S/C20H21N3O3/c1-14-9-10-21-18(12-14)22-19(24)8-5-11-26-17-13-20(25)23(2)16-7-4-3-6-15(16)17/h3-4,6-7,9-10,12-13H,5,8,11H2,1-2H3,(H,21,22,24)",15987,CN1C(=O)C=C(OCCCC(=O)Nc2cc(C)ccn2)c3ccccc13,NA
Input,Hydroflumethiazide,0.21375521,InputSig,NA,NA,LINCSCP_91896,HA1E,1.11uM,24h,kidney epithelial,Sodium/potassium/chloride transporter inhibitor,SLC12A1|SLC12A3,DMDGGSIALPNSEE-UHFFFAOYSA-N,"InChI=1S/C8H8F3N3O4S2/c9-8(10,11)4-1-5-7(2-6(4)19(12,15)16)20(17,18)14-3-13-5/h1-2,13-14H,3H2,(H2,12,15,16)",16332,NS(=O)(=O)c1cc2c(NCNS2(=O)=O)cc1C(F)(F)F,4
Input,Alvespimycin,0.21374384,InputSig,NA,NA,LINCSCP_58953,VCAP,10uM,24h,prostate,HSP inhibitor,HSP90AA1,KUFRQPKVAWMTJO-LMZWQJSESA-N,"InChI=1S/C32H48N4O8/c1-18-14-22-27(34-12-13-36(5)6)24(37)17-23(29(22)39)35-31(40)19(2)10-9-11-25(42-7)30(44-32(33)41)21(4)16-20(3)28(38)26(15-18)43-8/h9-11,16-18,20,25-26,28,30,34,38H,12-15H2,1-8H3,(H2,33,41)(H,35,40)/b11-9-,19-10+,21-16+/t18-,20+,25+,26+,28-,30+/m1/s1",37982,CO[C@H]1C[C@H](C)CC2=C(NCCN(C)C)C(=O)C=C(NC(=O)\C(=C\C=C/[C@H](OC)[C@@H](OC(=O)N)\C(=C\[C@H](C)[C@H]1O)\C)\C)C2=O,1
Input,BG-1027,0.21373391,InputSig,NA,NA,LINCSCP_43527,NPC,10uM,24h,neural progenitor cells,NA,NA,IMLRCIJPRAFHAV-UFFVCSGVSA-N,"InChI=1S/C18H21N5O3/c24-17(4-2-1-3-5-18(25)23-26)22-21-10-14-6-8-15(9-7-14)16-11-19-13-20-12-16/h6-13,26H,1-5H2,(H,22,24)(H,23,25)/b21-10+",9,ONC(=O)CCCCCC(=O)NN=Cc1ccc(cc1)c2cncnc2,NA
Input,KUC104337,0.2136515,InputSig,NA,NA,LINCSCP_16003,HA1E,10uM,6h,kidney epithelial,NA,NA,HIHRDBPZNHRLGO-UHFFFAOYSA-N,"InChI=1S/C23H18ClN5O2/c1-2-19-13-22(27-7-9-28(10-8-27)23(30)17-6-11-31-15-17)29-21(25-19)14-20(26-29)16-4-3-5-18(24)12-16/h1,3-6,11-15H,7-10H2",15629,Clc1cccc(c1)c2cc3nc(cc(N4CCN(CC4)C(=O)c5cocc5)n3n2)C#C,NA
Input,CHEMBL2143638,0.21362632,InputSig,NA,NA,LINCSCP_47143,PC3,10uM,24h,prostate,NA,NA,YPKBHAMQCQAOQB-ZENPUIFLSA-N,"InChI=1S/C39H43F3N6O5/c1-24-20-48(25(2)23-49)36(50)19-28-18-31(45-38(52)44-30-14-12-29(13-15-30)39(40,41)42)16-17-34(28)53-35(24)22-47(3)21-26-8-10-27(11-9-26)37(51)46-33-7-5-4-6-32(33)43/h4-18,24-25,35,49H,19-23,43H2,1-3H3,(H,46,51)(H2,44,45,52)/t24-,25+,35-/m1/s1",40249,C[C@@H](CO)N1C[C@@H](C)[C@@H](CN(C)Cc2ccc(cc2)C(=O)Nc3ccccc3N)Oc4ccc(NC(=O)Nc5ccc(cc5)C(F)(F)F)cc4CC1=O,NA
Input,SA-1456170,0.21361285,InputSig,NA,NA,LINCSCP_37720,MCF7,1uM,24h,breast,NA,NA,NQTUMADNUVHZQX-QPXUXIHVSA-N,"InChI=1S/C26H31N3O5/c30-21-14-29(26(32)19-6-3-9-27-13-19)23-8-7-22(34-24(23)16-33-15-21)12-25(31)28-20-10-17-4-1-2-5-18(17)11-20/h1-6,9,13,20-24,30H,7-8,10-12,14-16H2,(H,28,31)/t21-,22+,23-,24+/m1/s1",33383,O[C@H]1COC[C@@H]2O[C@H](CC(=O)NC3Cc4ccccc4C3)CC[C@H]2N(C1)C(=O)c5cccnc5,NA
Input,BRD-K30633722,0.21359286,InputSig,NA,NA,LINCSCP_64385,VCAP,5uM,6h,prostate,NA,NA,SFUGSXPFEQWGAS-BHUVWSLTSA-N,"InChI=1S/C33H47N5O9S2/c1-23-18-38(24(2)21-39)33(40)29-17-26(35-48(41,42)32-20-36(4)22-34-32)10-15-30(29)47-25(3)9-7-8-16-46-31(23)19-37(5)49(43,44)28-13-11-27(45-6)12-14-28/h10-15,17,20,22-25,31,35,39H,7-9,16,18-19,21H2,1-6H3/t23-,24-,25-,31+/m1/s1",32482,COc1ccc(cc1)S(=O)(=O)N(C)C[C@@H]2OCCCC[C@@H](C)Oc3ccc(NS(=O)(=O)c4cn(C)cn4)cc3C(=O)N(C[C@H]2C)[C@H](C)CO,NA
Input,BRD-K52785744-001-01-7,0.21356096,InputSig,NA,NA,LINCSCP_50339,PHH,10uM,24h,NA,NA,NA,BSUDBHASFVKNIG-AABGKKOBSA-N,"InChI=1S/C21H27N3O2/c1-2-12-23-21(26)24-18(13-22)20(19(24)14-25)17-10-8-16(9-11-17)15-6-4-3-5-7-15/h6,8-11,18-20,25H,2-5,7,12,14H2,1H3,(H,23,26)/t18-,19+,20+/m1/s1",36819,CCCNC(=O)N1[C@@H](CO)[C@H]([C@H]1C#N)c2ccc(cc2)C3=CCCCC3,NA
Input,Paricalcitol,0.21351484,InputSig,NA,NA,LINCSCP_171152,YAPC,0.12uM,24h,pancreas,Vitamin D receptor agonist,VDR,BPKAHTKRCLCHEA-UBFJEZKGSA-N,"InChI=1S/C27H44O3/c1-18(8-9-19(2)26(3,4)30)24-12-13-25-21(7-6-14-27(24,25)5)11-10-20-15-22(28)17-23(29)16-20/h8-11,18-19,22-25,28-30H,6-7,12-17H2,1-5H3/b9-8+,21-11+/t18-,19+,22-,23-,24-,25+,27-/m1/s1",26719,C[C@H](\C=C\[C@H](C)C(C)(C)O)[C@H]1CC[C@H]2\C(=C\C=C3C[C@@H](O)C[C@H](O)C3)\CCC[C@]12C,4
Input,BCL-2 Inhibitor,0.21345969,InputSig,NA,NA,LINCSCP_14066,HA1E,10uM,24h,kidney epithelial,BCL inhibitor,BCL2,YPSXFMHXRZAGTG-UHFFFAOYSA-N,"InChI=1S/C16H16N2O4/c1-21-13-5-7-15(17-19)11(9-13)3-4-12-10-14(22-2)6-8-16(12)18-20/h5-10H,3-4H2,1-2H3",22728,COc1ccc(N=O)c(CCc2cc(OC)ccc2N=O)c1,NA
Input,BRD-K69806016,0.21345147,InputSig,NA,NA,LINCSCP_62682,VCAP,5uM,24h,prostate,NA,NA,VAJXXPPWCPTEHE-ZPNKKQCCSA-N,"InChI=1S/C28H32N2O7/c31-14-25-27-21(12-19(36-25)13-26(32)29-17-4-2-1-3-5-17)20-11-18(7-9-22(20)37-27)30-28(33)16-6-8-23-24(10-16)35-15-34-23/h6-11,17,19,21,25,27,31H,1-5,12-15H2,(H,29,32)(H,30,33)/t19-,21+,25+,27-/m1/s1",2275,OC[C@@H]1O[C@@H](CC(=O)NC2CCCCC2)C[C@@H]3[C@H]1Oc4ccc(NC(=O)c5ccc6OCOc6c5)cc34,NA
Input,CHEMBL1410859,0.21332796,InputSig,NA,NA,LINCSCP_1288,A375,10uM,6h,skin,NA,NA,JQTNPGCWKXTRTO-UHFFFAOYSA-N,"InChI=1S/C17H13N3OS/c1-2-14(22-7-1)9-18-17-15-8-12(13-5-6-21-10-13)3-4-16(15)19-11-20-17/h1-8,10-11H,9H2,(H,18,19,20)",33283,C(Nc1ncnc2ccc(cc12)c3cocc3)c4cccs4,NA
Input,Quinoclamine,0.2132591,InputSig,NA,NA,LINCSCP_30601,MCF7,10uM,24h,breast,Algicide,NA,OBLNWSCLAYSJJR-UHFFFAOYSA-N,"InChI=1S/C10H6ClNO2/c11-7-8(12)10(14)6-4-2-1-3-5(6)9(7)13/h1-4H,12H2",22928,NC1=C(Cl)C(=O)c2ccccc2C1=O,NA
Input,BRD-K07373355,0.21322829,InputSig,NA,NA,LINCSCP_62615,VCAP,5uM,24h,prostate,NA,NA,QUFPSNAFNYGAMM-RESCMLIYSA-N,"InChI=1S/C29H27ClF3N3O5/c30-18-5-1-16(2-6-18)14-34-26(38)13-21-12-23-22-11-20(9-10-24(22)41-27(23)25(15-37)40-21)36-28(39)35-19-7-3-17(4-8-19)29(31,32)33/h1-11,21,23,25,27,37H,12-15H2,(H,34,38)(H2,35,36,39)/t21-,23-,25+,27+/m1/s1",33723,OC[C@@H]1O[C@@H](CC(=O)NCc2ccc(Cl)cc2)C[C@H]3[C@@H]1Oc4ccc(NC(=O)Nc5ccc(cc5)C(F)(F)F)cc34,NA
Input,BRD-K39911750,0.2131721,InputSig,NA,NA,LINCSCP_8732,A549,5uM,24h,lung,NA,NA,IJAJYIACEINGRL-SGNDLWITSA-N,"InChI=1S/C24H22ClFN2O3S/c25-20-7-3-1-5-16(20)13-27-22-14-28(32(30,31)18-11-9-17(26)10-12-18)21-8-4-2-6-19(21)24(22)23(27)15-29/h1-12,22-24,29H,13-15H2/t22-,23+,24+/m1/s1",12627,OC[C@H]1[C@@H]2[C@@H](CN(c3ccccc23)S(=O)(=O)c4ccc(F)cc4)N1Cc5ccccc5Cl,NA
Input,Prazosin,0.21317152,InputSig,NA,NA,LINCSCP_14461,HA1E,10uM,24h,kidney epithelial,Adrenergic receptor alpha-1 antagonist,ADRA1A|ADRA1B|ADRA1D|ADRA2A|ADRA2B|ADRA2C,IENZQIKPVFGBNW-UHFFFAOYSA-N,"InChI=1S/C19H21N5O4/c1-26-15-10-12-13(11-16(15)27-2)21-19(22-17(12)20)24-7-5-23(6-8-24)18(25)14-4-3-9-28-14/h3-4,9-11H,5-8H2,1-2H3,(H2,20,21,22)",35811,COc1cc2nc(nc(N)c2cc1OC)N3CCN(CC3)C(=O)c4occc4,4
Input,BRD-K84976438,0.21304534,InputSig,NA,NA,LINCSCP_307398,VCAP,5uM,24h,prostate,NA,NA,QCHQNBIYSRQADD-UARRHKHWSA-N,"InChI=1S/C26H32F3N3O4/c27-26(28,29)20-3-1-2-19(12-20)14-32-15-21(33)16-35-17-24-23(32)5-4-22(36-24)13-25(34)31-11-8-18-6-9-30-10-7-18/h1-3,6-7,9-10,12,21-24,33H,4-5,8,11,13-17H2,(H,31,34)/t21-,22+,23-,24+/m0/s1",4392,O[C@@H]1COC[C@H]2O[C@@H](CC(=O)NCCc3ccncc3)CC[C@@H]2N(Cc4cccc(c4)C(F)(F)F)C1,NA
Input,WYE 125132,0.21281835,InputSig,NA,NA,LINCSCP_116038,HS578T,10uM,3h,breast,MTOR inhibitor,MTOR,QLHHRYZMBGPBJG-UHFFFAOYSA-N,"InChI=1S/C27H33N7O4/c1-28-26(35)30-18-4-2-17(3-5-18)23-31-24(33-15-20-6-7-21(16-33)38-20)22-14-29-34(25(22)32-23)19-8-10-27(11-9-19)36-12-13-37-27/h2-5,14,19-21H,6-13,15-16H2,1H3,(H2,28,30,35)",17499,CNC(=O)Nc1ccc(cc1)c2nc(N3CC4CCC(C3)O4)c5cnn(C6CCC7(CC6)OCCO7)c5n2,NA
Input,CHEMDIV2_001418,0.2126958,InputSig,NA,NA,LINCSCP_295356,VCAP,10uM,6h,prostate,NA,NA,QTBFTOLJMPSXCU-UHFFFAOYSA-N,"InChI=1S/C20H30N2O4/c1-24-17-9-8-15(18(25-2)19(17)26-3)13-21-10-6-7-16(14-21)20(23)22-11-4-5-12-22/h8-9,16H,4-7,10-14H2,1-3H3",15356,COc1ccc(CN2CCCC(C2)C(=O)N3CCCC3)c(OC)c1OC,NA
Input,Cis-Platin,0.21268173,InputSig,NA,NA,LINCSCP_10184,A549,0.001uM,6h,lung,DNA alkylating agent|DNA synthesis inhibitor,XIAP,LXZZYRPGZAFOLE-UHFFFAOYSA-L,InChI=1S/2ClH.2H3N.Pt/h2*1H;2*1H3;/q;;;;+2/p-2,22209,Cl[Pt]([NH3])([NH3])Cl,NA
Input,Phenethylisothiocyanate,0.21268112,InputSig,NA,NA,LINCSCP_12838,DV90,10uM,6h,lung,Anticancer agent,CYP2E1,IZJDOKYDEWTZSO-UHFFFAOYSA-N,"InChI=1S/C9H9NS/c11-8-10-7-6-9-4-2-1-3-5-9/h1-5H,6-7H2",1453,S=C=NCCc1ccccc1,NA
Input,12K-612S,0.21266511,InputSig,NA,NA,LINCSCP_292115,VCAP,10uM,6h,prostate,NA,NA,YZMLAJBOSVHFEW-UHFFFAOYSA-N,"InChI=1S/C21H15ClN2O2S/c1-26-16-7-9-17(10-8-16)27-20-11-6-15(12-14(20)13-23)24-21(25)18-4-2-3-5-19(18)22/h2-12H,1H3,(H,24,25)",15626,COc1ccc(Sc2ccc(NC(=O)c3ccccc3Cl)cc2C#N)cc1,NA
Input,BRD-K74864389,0.21265632,InputSig,NA,NA,LINCSCP_59695,VCAP,5uM,24h,prostate,NA,NA,LOSHTFMJKXKCOQ-QZMQVMSPSA-N,"InChI=1S/C25H33N3O7S/c1-16-11-28(17(2)14-29)25(30)19-6-5-7-20(26-36(4,31)32)24(19)35-23(16)13-27(3)12-18-8-9-21-22(10-18)34-15-33-21/h5-10,16-17,23,26,29H,11-15H2,1-4H3/t16-,17-,23+/m1/s1",13485,C[C@H](CO)N1C[C@@H](C)[C@H](CN(C)Cc2ccc3OCOc3c2)Oc4c(NS(=O)(=O)C)cccc4C1=O,NA
Input,Androstanol,0.21258243,InputSig,NA,NA,LINCSCP_58984,VCAP,10uM,24h,prostate,CAR antagonist,NA,DJTOLSNIKJIDFF-PHFHYRSDSA-N,"InChI=1S/C19H32O/c1-18-9-3-4-16(18)15-6-5-13-12-14(20)7-11-19(13,2)17(15)8-10-18/h13-17,20H,3-12H2,1-2H3/t13-,14+,15-,16-,17-,18-,19-/m0/s1",30965,C[C@@]12CCC[C@H]1[C@@H]3CC[C@H]4C[C@H](O)CC[C@]4(C)[C@H]3CC2,NA
Input,Androstanol,0.21258243,InputSig,NA,NA,LINCSCP_58984,VCAP,10uM,24h,prostate,CAR antagonist,NA,NA,NA,42741,NA,NA
Input,AMD-070 (hydrochloride),0.21250562,InputSig,NA,NA,LINCSCP_139083,MCF7,0.37uM,24h,breast,NA,NA,WVLHHLRVNDMIAR-IBGZPJMESA-N,"InChI=1S/C21H27N5/c22-12-3-4-14-26(15-20-24-17-9-1-2-10-18(17)25-20)19-11-5-7-16-8-6-13-23-21(16)19/h1-2,6,8-10,13,19H,3-5,7,11-12,14-15,22H2,(H,24,25)/t19-/m0/s1",26791,NCCCCN(Cc1nc2ccccc2[nH]1)[C@H]3CCCc4cccnc34,NA
Input,BMS-387032,0.21246638,InputSig,NA,NA,LINCSCP_69478,A375,1.11uM,24h,skin,CDK inhibitor|Cell cycle inhibitor|MCL1 inhibitor,CDK2|CDK7|CDK9,OUSFTKFNBAZUKL-UHFFFAOYSA-N,"InChI=1S/C17H24N4O2S2/c1-17(2,3)12-8-19-13(23-12)10-24-14-9-20-16(25-14)21-15(22)11-4-6-18-7-5-11/h8-9,11,18H,4-7,10H2,1-3H3,(H,20,21,22)",17528,CC(C)(C)c1oc(CSc2cnc(NC(=O)C3CCNCC3)s2)nc1,1
Input,PDK1 Inhibitor,0.21236357,InputSig,NA,NA,LINCSCP_86654,CD34,10uM,24h,bone marrow,Phosphoinositide dependent kinase inhibitor,PDPK1,GCWCGSPBENFEPE-VWLOTQADSA-N,"InChI=1S/C28H22F2N4O4/c29-21-10-8-17(13-22(21)30)15-34-12-4-7-20(27(34)36)26(35)31-25(18-5-2-1-3-6-18)16-38-19-9-11-23-24(14-19)33-28(37)32-23/h1-14,25H,15-16H2,(H,31,35)(H2,32,33,37)/t25-/m0/s1",35276,Fc1ccc(CN2C=CC=C(C(=O)N[C@@H](COc3ccc4NC(=O)Nc4c3)c5ccccc5)C2=O)cc1F,NA
Input,Floxuridine,0.21234479,InputSig,NA,NA,LINCSCP_160968,PC3,0.12uM,24h,prostate,NA,NA,ODKNJVUHOIMIIZ-XVMARJQXSA-N,"InChI=1S/C9H11FN2O5/c10-4-2-12(9(16)11-8(4)15)7-1-5(14)6(3-13)17-7/h2,5-7,13-14H,1,3H2,(H,11,15,16)/t5-,6+,7-/m0/s1",26824,OC[C@H]1O[C@@H](C[C@@H]1O)N2C=C(F)C(=O)NC2=O,NA
Input,Floxuridine,0.21234479,InputSig,NA,NA,LINCSCP_160968,PC3,0.12uM,24h,prostate,NA,NA,ODKNJVUHOIMIIZ-RRKCRQDMSA-N,"InChI=1S/C9H11FN2O5/c10-4-2-12(9(16)11-8(4)15)7-1-5(14)6(3-13)17-7/h2,5-7,13-14H,1,3H2,(H,11,15,16)/t5-,6+,7+/m0/s1",36474,OC[C@H]1O[C@H](C[C@@H]1O)N2C=C(F)C(=O)NC2=O,4
Input,Phorbol 12-myristate-13-acetate,0.21233621,InputSig,NA,NA,LINCSCP_40267,NCIH596,10uM,6h,lung,PKC activator,PRKCA,PHEDXBVPIONUQT-UHFFFAOYSA-N,"InChI=1S/C36H56O8/c1-7-8-9-10-11-12-13-14-15-16-17-18-29(39)43-32-24(3)35(42)27(30-33(5,6)36(30,32)44-25(4)38)20-26(22-37)21-34(41)28(35)19-23(2)31(34)40/h19-20,24,27-28,30,32,37,41-42H,7-18,21-22H2,1-6H3",169,CCCCCCCCCCCCCC(=O)OC1C(C)C2(O)C(C=C(CO)CC3(O)C2C=C(C)C3=O)C4C(C)(C)C14OC(=O)C,NA
Input,BRD-K01621458,0.21225731,InputSig,NA,NA,LINCSCP_49471,PC3,0.37uM,24h,prostate,NA,NA,NA,NA,42707,NA,NA
Input,MLS001214919,0.21219835,InputSig,NA,NA,LINCSCP_34045,MCF7,10uM,6h,breast,NA,NA,GWBHDJPGXRBLQW-UHFFFAOYSA-N,"InChI=1S/C20H26N4O2/c1-12(2)8-18(25)22-19-16-10-14-9-15(26-5)6-7-17(14)21-20(16)24(23-19)11-13(3)4/h6-7,9-10,12-13H,8,11H2,1-5H3,(H,22,23,25)",36755,COc1ccc2nc3c(cc2c1)c(NC(=O)CC(C)C)nn3CC(C)C,NA
Input,MLS002264453,0.21216077,InputSig,NA,NA,LINCSCP_45460,PC3,10uM,24h,prostate,NA,NA,ISHUIJPLAGGONA-UHFFFAOYSA-N,"InChI=1S/C14H9BrN6S2/c1-21-14(18-19-20-21)23-13-11-10(6-22-12(11)16-7-17-13)8-3-2-4-9(15)5-8/h2-7H,1H3",15391,Cn1nnnc1Sc2ncnc3scc(c4cccc(Br)c4)c23,NA
Input,Selamectin,0.21213151,InputSig,NA,NA,LINCSCP_30175,MCF7,10uM,6h,breast,Nematocide,NA,AFJYYKSVHJGXSN-XUCDQRGXSA-N,"InChI=1S/C43H63NO11/c1-24-11-10-14-30-23-50-40-36(44-48)27(4)19-33(43(30,40)47)41(46)52-32-20-31(16-15-25(2)38(24)53-35-21-34(49-6)37(45)28(5)51-35)54-42(22-32)18-17-26(3)39(55-42)29-12-8-7-9-13-29/h10-11,14-15,19,24,26,28-29,31-35,37-40,45,47-48H,7-9,12-13,16-18,20-23H2,1-6H3/b11-10+,25-15+,30-14+,44-36-/t24-,26-,28-,31+,32-,33-,34-,35?,37?,38-,39-,40+,42+,43+/m0/s1",42688,CO[C@H]1CC(O[C@H]2[C@@H](C)\C=C\C=C\3/CO[C@@H]4\C(=N/O)\C(=C[C@@H](C(=O)O[C@H]5C[C@@H](C\C=C\2/C)O[C@@]6(CC[C@H](C)[C@H](O6)C7CCCCC7)C5)[C@]34O)C)O[C@@H](C)C1O,NA
Input,Phenoxazine,0.21196902,InputSig,NA,NA,LINCSCP_53341,SKMEL1,10uM,6h,skin,NA,NA,TZMSYXZUNZXBOL-UHFFFAOYSA-N,"InChI=1S/C12H9NO/c1-3-7-11-9(5-1)13-10-6-2-4-8-12(10)14-11/h1-8,13H",10234,N1c2ccccc2Oc3ccccc13,NA
Input,AKT Inhibitor IV,0.21191582,InputSig,NA,NA,LINCSCP_952,A375,10uM,6h,skin,AKT inhibitor,AKT1,OTHITMYLBRCVIT-UHFFFAOYSA-N,"InChI=1S/C31H27N4S/c1-3-34-28-22-23(31-32-26-16-10-11-17-29(26)36-31)18-19-27(28)35(25-14-8-5-9-15-25)30(34)20-21-33(2)24-12-6-4-7-13-24/h4-22H,3H2,1-2H3/q+1",37956,CC[n+]1c(\C=C\N(C)c2ccccc2)n(c3ccccc3)c4ccc(cc14)c5nc6ccccc6s5,NA
Input,BG-1009,0.21190829,InputSig,NA,NA,LINCSCP_43495,NPC,10uM,24h,neural progenitor cells,NA,NA,DXEUSIKELUAYLG-UHFFFAOYSA-N,"InChI=1S/C19H16N2O3S/c1-12(22)20-15-7-4-13(5-8-15)19(24)21-16-11-14(6-9-17(16)23)18-3-2-10-25-18/h2-11,23H,1H3,(H,20,22)(H,21,24)",31037,CC(=O)Nc1ccc(cc1)C(=O)Nc2cc(ccc2O)c3cccs3,NA
Input,KBIO2_003002,0.21186014,InputSig,NA,NA,LINCSCP_290445,VCAP,10uM,6h,prostate,NA,NA,PDTLWAZKMKQSLD-UHFFFAOYSA-N,InChI=1S/C20H18Cl2O7/c1-7-10-17(13(22)18(26-5)12(7)21)28-15-8(2)11(19(23)27-6)14(25-4)9(3)16(15)29-20(10)24/h1-6H3,22879,COC(=O)c1c(C)c2Oc3c(Cl)c(OC)c(Cl)c(C)c3C(=O)Oc2c(C)c1OC,NA
Input,Fenbufen,0.21183521,InputSig,NA,NA,LINCSCP_204093,ASC,10uM,24h,adipose,Cyclooxygenase inhibitor,PTGS1|PTGS2,ZPAKPRAICRBAOD-UHFFFAOYSA-N,"InChI=1S/C16H14O3/c17-15(10-11-16(18)19)14-8-6-13(7-9-14)12-4-2-1-3-5-12/h1-9H,10-11H2,(H,18,19)",15424,OC(=O)CCC(=O)c1ccc(cc1)c2ccccc2,4
Input,BRD-K01140360,0.21178533,InputSig,NA,NA,LINCSCP_59822,VCAP,5uM,24h,prostate,NA,NA,KRCYYDXJFSFYMC-JLELKNTQSA-N,"InChI=1S/C33H42N4O4/c1-22(2)34-33(40)35-28-15-16-30-29(17-28)32(39)37(24(4)21-38)18-23(3)31(41-30)20-36(5)19-25-11-13-27(14-12-25)26-9-7-6-8-10-26/h6-17,22-24,31,38H,18-21H2,1-5H3,(H2,34,35,40)/t23-,24+,31-/m0/s1",11624,CC(C)NC(=O)Nc1ccc2O[C@@H](CN(C)Cc3ccc(cc3)c4ccccc4)[C@@H](C)CN([C@H](C)CO)C(=O)c2c1,NA
Input,CEP-18770 (Delanzomib),0.21177767,InputSig,NA,NA,LINCSCP_75876,A375,10uM,24h,skin,NA,NA,SJFBTAPEPRWNKH-CCKFTAQKSA-N,"InChI=1S/C21H28BN3O5/c1-13(2)12-18(22(29)30)24-21(28)19(14(3)26)25-20(27)17-11-7-10-16(23-17)15-8-5-4-6-9-15/h4-11,13-14,18-19,26,29-30H,12H2,1-3H3,(H,24,28)(H,25,27)/t14-,18+,19+/m1/s1",26610,CC(C)C[C@H](NC(=O)[C@@H](NC(=O)c1cccc(n1)c2ccccc2)[C@@H](C)O)B(O)O,NA
Input,BRD-M03817478,0.21175569,InputSig,NA,NA,LINCSCP_64131,VCAP,5uM,6h,prostate,NA,NA,GKHQQRXCSHYBEI-YJMBLLCNSA-N,"InChI=1S/C24H35N3O3/c1-3-7-17-10-11-19-22-21(23(29)25-12-4-2)18(15-28)20(14-27(19)24(17)30)26(22)13-16-8-5-6-9-16/h3,7,10-11,16,18,20-22,28H,4-6,8-9,12-15H2,1-2H3,(H,25,29)/t18-,20-,21+,22+/m1/s1",34263,CCCNC(=O)[C@H]1[C@H](CO)[C@H]2CN3C(=O)C(=CC=C3[C@@H]1N2CC4CCCC4)C=CC,NA
Input,BRD-K76103428,0.21175042,InputSig,NA,NA,LINCSCP_64318,VCAP,5uM,24h,prostate,NA,NA,LVWPDIFFHCBIRV-ANKKVJNISA-N,"InChI=1S/C33H56N4O5/c1-23(2)34-33(40)35-28-15-16-30-29(18-28)32(39)37(25(4)22-38)19-24(3)31(41-17-11-10-12-26(5)42-30)21-36(6)20-27-13-8-7-9-14-27/h15-16,18,23-27,31,38H,7-14,17,19-22H2,1-6H3,(H2,34,35,40)/t24-,25+,26-,31+/m1/s1",13517,CC(C)NC(=O)Nc1ccc2O[C@H](C)CCCCO[C@@H](CN(C)CC3CCCCC3)[C@H](C)CN([C@@H](C)CO)C(=O)c2c1,NA
Input,CHEMBL1923808,0.21171656,InputSig,NA,NA,LINCSCP_43261,NPC,10uM,24h,neural progenitor cells,HDAC inhibitor,NA,LVPDNYLMHLHWBD-UHFFFAOYSA-N,"InChI=1S/C14H19FN2O3/c15-11-7-9-12(10-8-11)16-13(18)5-3-1-2-4-6-14(19)17-20/h7-10,20H,1-6H2,(H,16,18)(H,17,19)",18290,ONC(=O)CCCCCCC(=O)Nc1ccc(F)cc1,NA
Input,Rutin,0.21164049,InputSig,NA,NA,LINCSCP_293871,VCAP,10uM,24h,prostate,Antioxidant|Capillary stabilizing agent|Nitric oxide scavenger,AKR1C3,IKGXIBQEEMLURG-NVPNHPEKSA-N,"InChI=1S/C27H30O16/c1-8-17(32)20(35)22(37)26(40-8)39-7-15-18(33)21(36)23(38)27(42-15)43-25-19(34)16-13(31)5-10(28)6-14(16)41-24(25)9-2-3-11(29)12(30)4-9/h2-6,8,15,17-18,20-23,26-33,35-38H,7H2,1H3/t8-,15+,17-,18+,20+,21-,22+,23+,26+,27-/m0/s1",35599,C[C@@H]1O[C@@H](OC[C@H]2O[C@@H](OC3=C(Oc4cc(O)cc(O)c4C3=O)c5ccc(O)c(O)c5)[C@H](O)[C@@H](O)[C@@H]2O)[C@H](O)[C@H](O)[C@H]1O,2
Input,Mpep,0.21163172,InputSig,NA,NA,LINCSCP_33645,MCF7,10uM,24h,breast,Glutamate receptor antagonist,GRM5,NEWKHUASLBMWRE-UHFFFAOYSA-N,"InChI=1S/C14H11N/c1-12-6-5-9-14(15-12)11-10-13-7-3-2-4-8-13/h2-9H,1H3",22930,Cc1cccc(n1)C#Cc2ccccc2,NA
Input,Tyrphostin 1,0.21161732,InputSig,NA,NA,LINCSCP_13515,H1299,10uM,6h,lung,EGFR inhibitor,NA,UOHFCPXBKJPCAD-UHFFFAOYSA-N,"InChI=1S/C11H8N2O/c1-14-11-4-2-9(3-5-11)6-10(7-12)8-13/h2-6H,1H3",6857,COc1ccc(C=C(C#N)C#N)cc1,NA
Input,BRD-K74133369-001-01-8,0.21160633,InputSig,NA,NA,LINCSCP_58638,VCAP,10uM,24h,prostate,ATPase inhibitor|ATP synthase inhibitor,ATP5A1,MNULEGDCPYONBU-JBMMDCLPSA-N,"InChI=1S/C45H74O11/c1-12-34-17-15-13-14-16-27(4)42(51)44(11,53)43(52)32(9)40(50)31(8)39(49)30(7)38(48)26(3)18-21-37(47)54-41-29(6)35(20-19-34)55-45(33(41)10)23-22-25(2)36(56-45)24-28(5)46/h13-15,17-18,21,25-36,38,40-42,46,48,50-51,53H,12,16,19-20,22-24H2,1-11H3/b14-13+,17-15+,21-18+/t25-,26-,27+,28-,29+,30-,31-,32-,33-,34-,35+,36-,38+,40+,41-,42-,44+,45+/m1/s1",42682,CC[C@H]1CC[C@@H]2O[C@]3(CC[C@@H](C)[C@@H](C[C@@H](C)O)O3)[C@H](C)[C@H](OC(=O)\C=C\[C@@H](C)[C@H](O)[C@@H](C)C(=O)[C@@H](C)[C@H](O)[C@@H](C)C(=O)[C@@](C)(O)[C@H](O)[C@@H](C)C\C=C\C=C\1)[C@H]2C,NA
Input,Progesterone,0.2115519,InputSig,NA,NA,LINCSCP_14481,HA1E,10uM,24h,kidney epithelial,Progesterone receptor agonist,CYP17A1|NR3C2|PGR,RJKFOVLPORLFTN-LEKSSAKUSA-N,"InChI=1S/C21H30O2/c1-13(22)17-6-7-18-16-5-4-14-12-15(23)8-10-20(14,2)19(16)9-11-21(17,18)3/h12,16-19H,4-11H2,1-3H3/t16-,17+,18-,19-,20-,21+/m0/s1",15831,CC(=O)[C@H]1CC[C@H]2[C@@H]3CCC4=CC(=O)CC[C@]4(C)[C@H]3CC[C@]12C,4
Input,5-BrdU,0.21147063,InputSig,NA,NA,LINCSCP_126836,HT29,0.12uM,24h,large intestine,NA,NA,WOVKYSAHUYNSMH-RRKCRQDMSA-N,"InChI=1S/C9H11BrN2O5/c10-4-2-12(9(16)11-8(4)15)7-1-5(14)6(3-13)17-7/h2,5-7,13-14H,1,3H2,(H,11,15,16)/t5-,6+,7+/m0/s1",26693,OC[C@H]1O[C@H](C[C@@H]1O)N2C=C(Br)C(=O)NC2=O,2
Input,Nicaraven,0.21146801,InputSig,NA,NA,LINCSCP_142029,MCF7,0.12uM,24h,breast,NA,NA,KTXBOOWDLPUROC-UHFFFAOYSA-N,"InChI=1S/C15H16N4O2/c1-11(19-15(21)13-5-3-7-17-10-13)8-18-14(20)12-4-2-6-16-9-12/h2-7,9-11H,8H2,1H3,(H,18,20)(H,19,21)",27166,CC(CNC(=O)c1cccnc1)NC(=O)c2cccnc2,NA
Input,CHEMBL399379,0.21145312,InputSig,NA,NA,LINCSCP_53016,SKLU1,80uM,6h,lung,ATP citrase lyase inhibitor,ACLY,SIIPNDKXZOTLEA-UHFFFAOYSA-N,"InChI=1S/C19H15Cl2NO4S/c1-26-17-8-7-13(12-5-3-2-4-6-12)9-16(17)22-27(24,25)18-11-14(20)10-15(21)19(18)23/h2-11,22-23H,1H3",18581,COc1ccc(cc1NS(=O)(=O)c2cc(Cl)cc(Cl)c2O)c3ccccc3,NA
Input,Pyrazolanthrone,0.21139041,InputSig,NA,NA,LINCSCP_164984,SKL.C,10uM,24h,NA,JNK inhibitor,MAPK10|MAPK8|MAPK9|TTK,ACPOUJIDANTYHO-UHFFFAOYSA-N,"InChI=1S/C14H8N2O/c17-14-9-5-2-1-4-8(9)13-12-10(14)6-3-7-11(12)15-16-13/h1-7H,(H,15,16)",3841,O=C1c2ccccc2c3n[nH]c4cccc1c34,NA
Input,SA-1939064,0.21138729,InputSig,NA,NA,LINCSCP_37157,MCF7,10uM,6h,breast,NA,NA,TWWVMBRAYHSHOA-NRFANRHFSA-N,"InChI=1S/C26H26FN5O3S/c1-35-18-6-7-19-20(10-18)30-24-21(12-33)32(25(34)29-17-4-2-16(27)3-5-17)15-26(23(19)24)13-31(14-26)11-22-28-8-9-36-22/h2-10,21,30,33H,11-15H2,1H3,(H,29,34)/t21-/m0/s1",33273,COc1ccc2c3c([nH]c2c1)[C@H](CO)N(CC34CN(Cc5nccs5)C4)C(=O)Nc6ccc(F)cc6,NA
Input,BRD-K20121890,0.21138727,InputSig,NA,NA,LINCSCP_62128,VCAP,5uM,24h,prostate,NA,NA,BAJOMULNWMTCGT-CGTJXYLNSA-N,"InChI=1S/C19H26FN3O5S/c1-22-7-9-23(10-8-22)19(25)12-15-5-6-17(18(13-24)28-15)21-29(26,27)16-4-2-3-14(20)11-16/h2-6,11,15,17-18,21,24H,7-10,12-13H2,1H3/t15-,17+,18+/m0/s1",23975,CN1CCN(CC1)C(=O)C[C@H]2O[C@H](CO)[C@H](NS(=O)(=O)c3cccc(F)c3)C=C2,NA
Input,Trazodone,0.21137859,InputSig,NA,NA,LINCSCP_96973,HA1E,1.11uM,24h,kidney epithelial,Serotonin transporter inhibitor|Serotonin 2a (5-HT2a) receptor antagonist (Serotonin 2a|Serotonin 2c (5-HT2c) receptor antagonist (Serotonin 2c,HTR2A|HTR2C|SLC6A4,PHLBKPHSAVXXEF-UHFFFAOYSA-N,"InChI=1S/C19H22ClN5O/c20-16-5-3-6-17(15-16)23-13-11-22(12-14-23)8-4-10-25-19(26)24-9-2-1-7-18(24)21-25/h1-3,5-7,9,15H,4,8,10-14H2",35977,Clc1cccc(c1)N2CCN(CCCN3N=C4C=CC=CN4C3=O)CC2,4
Input,Balaglitazone,0.21135141,InputSig,NA,NA,LINCSCP_74942,A375,10uM,24h,skin,Peroxisome proliferator-activated receptor gamma partial agonist,PPARG,IETKPTYAGKZLKY-UHFFFAOYSA-N,"InChI=1S/C20H17N3O4S/c1-23-17(21-15-5-3-2-4-14(15)19(23)25)11-27-13-8-6-12(7-9-13)10-16-18(24)22-20(26)28-16/h2-9,16H,10-11H2,1H3,(H,22,24,26)",26944,CN1C(=Nc2ccccc2C1=O)COc3ccc(CC4SC(=O)NC4=O)cc3,3
Input,BSPBIO_001542,0.2113333,InputSig,NA,NA,LINCSCP_430,A375,10uM,6h,skin,Protein phosphatase inhibitor,PPP1CA|PPP2CA,FKAWLXNLHHIHLA-OQLQHIBWSA-N,"InChI=1S/C50H81N4O15P/c1-29(20-22-51)16-14-17-30(2)32(4)24-33(5)42(57)35(7)38(55)25-41(65-13)45-46(69-70(61,62)63)49(8,9)50(68-45)26-39(56)34(6)40(67-50)19-15-18-36-27-66-48(53-36)31(3)21-23-52-47(60)44(59)43(58)37(28-64-12)54(10)11/h14-18,20,24,27,31,33-35,37-46,55-59H,19,21,23,25-26,28H2,1-13H3,(H,52,60)(H2,61,62,63)/b16-14+,18-15+,29-20-,30-17+,32-24+/t31-,33+,34-,35-,37-,38-,39+,40-,41-,42+,43-,44-,45?,46-,50?/m1/s1",37788,COC[C@H]([C@@H](O)[C@@H](O)C(=O)NCC[C@@H](C)c1occ(\C=C\C[C@H]2OC3(C[C@H](O)[C@H]2C)OC([C@@H](C[C@@H](O)[C@@H](C)[C@@H](O)[C@@H](C)\C=C(/C)\C(=C\C=C\C(=C/C#N)\C)\C)OC)[C@@H](OP(=O)(O)O)C3(C)C)n1)N(C)C,NA
Input,"1,3(2H,9bh)-Dibenzofurandione, 2,6-diacetyl-7,9-dihydroxy-8,9b-dimethyl-,(9bs)-",0.21120796,InputSig,NA,NA,LINCSCP_207589,FIBRNPC,10uM,6h,NA,Bacterial DNA inhibitor,NA,CUCUKLJLRRAKFN-KKIBXBACSA-N,"InChI=1S/C18H16O7/c1-6-14(22)12(8(3)20)16-13(15(6)23)18(4)10(25-16)5-9(21)11(7(2)19)17(18)24/h5,11,22-23H,1-4H3/t11?,18-/m1/s1",11544,CC(=O)C1C(=O)C=C2Oc3c(C(=O)C)c(O)c(C)c(O)c3[C@]2(C)C1=O,NA
Input,"4',6-Dihydroxyflavone",0.21110524,InputSig,NA,NA,LINCSCP_204673,ASC,10uM,24h,adipose,NA,NA,FFULTBKXWHYHFQ-UHFFFAOYSA-N,"InChI=1S/C15H10O4/c16-10-3-1-9(2-4-10)15-8-13(18)12-7-11(17)5-6-14(12)19-15/h1-8,16-17H",36278,Oc1ccc(cc1)C2=CC(=O)c3cc(O)ccc3O2,NA
Input,MLS000547267,0.21108296,InputSig,NA,NA,LINCSCP_5632,A549,10uM,6h,lung,NA,NA,KSHSYBSEZAKVGL-UHFFFAOYSA-N,"InChI=1S/C12H9ClN2O2S/c1-8(11-14-6-7-18-11)15-17-12(16)9-2-4-10(13)5-3-9/h2-7H,1H3",38122,CC(=NOC(=O)c1ccc(Cl)cc1)c2nccs2,NA
Input,Genz-644282,0.21105312,InputSig,NA,NA,LINCSCP_143219,MCF7,10uM,24h,breast,NA,NA,BAORCAMWLWRZQG-UHFFFAOYSA-N,"InChI=1S/C22H21N3O5/c1-23-4-5-25-21-14-8-19-20(30-11-29-19)9-16(14)24-10-15(21)12-6-17(27-2)18(28-3)7-13(12)22(25)26/h6-10,23H,4-5,11H2,1-3H3",27038,CNCCN1C(=O)c2cc(OC)c(OC)cc2c3cnc4cc5OCOc5cc4c13,NA
Input,AC1LDAF7,0.21103746,InputSig,NA,NA,LINCSCP_58021,VCAP,10uM,6h,prostate,NA,NA,KWMZBBBMSTVLLF-UHFFFAOYSA-N,"InChI=1S/C19H22ClN5O2/c1-13(20)10-12-25-15-16(23(2)19(27)24(3)17(15)26)22-18(25)21-11-9-14-7-5-4-6-8-14/h4-8,10H,9,11-12H2,1-3H3,(H,21,22)",15500,CN1C(=O)N(C)c2nc(NCCc3ccccc3)n(CC=C(C)Cl)c2C1=O,NA
Input,L 655240,0.21103609,InputSig,NA,NA,LINCSCP_120782,HT29,0.37uM,24h,large intestine,Thromboxane receptor antagonist,NA,JLPYLHLUHJOPNL-UHFFFAOYSA-N,"InChI=1S/C21H21ClFNO2/c1-13-17-10-16(23)8-9-18(17)24(12-14-4-6-15(22)7-5-14)19(13)11-21(2,3)20(25)26/h4-10H,11-12H2,1-3H3,(H,25,26)",16025,Cc1c(CC(C)(C)C(=O)O)n(Cc2ccc(Cl)cc2)c3ccc(F)cc13,NA
Input,MK-0773,0.21102857,InputSig,NA,NA,LINCSCP_122333,HT29,3.33uM,24h,large intestine,NA,NA,GBEUKTWTUSPHEE-JWJWXJQQSA-N,"InChI=1S/C27H34FN5O2/c1-26-11-10-17-15(6-9-21-27(17,2)13-19(28)25(35)33(21)3)16(26)7-8-18(26)24(34)30-14-22-31-20-5-4-12-29-23(20)32-22/h4-5,12-13,15-18,21H,6-11,14H2,1-3H3,(H,30,34)(H,29,31,32)/t15-,16-,17-,18+,21+,26-,27+/m0/s1",26467,CN1[C@@H]2CC[C@H]3[C@@H]4CC[C@H](C(=O)NCc5nc6cccnc6[nH]5)[C@@]4(C)CC[C@@H]3[C@@]2(C)C=C(F)C1=O,NA
Input,Roflumilast,0.21099449,InputSig,NA,NA,LINCSCP_122163,HT29,0.04uM,24h,large intestine,Phosphodiesterase 4 inhibitor,PDE4A|PDE4B|PDE4C|PDE4D,MNDBXUUTURYVHR-UHFFFAOYSA-N,"InChI=1S/C17H14Cl2F2N2O3/c18-11-6-22-7-12(19)15(11)23-16(24)10-3-4-13(26-17(20)21)14(5-10)25-8-9-1-2-9/h3-7,9,17H,1-2,8H2,(H,22,23,24)",27021,FC(F)Oc1ccc(cc1OCC2CC2)C(=O)Nc3c(Cl)cncc3Cl,4
Input,SMR000206938,0.21098905,InputSig,NA,NA,LINCSCP_30908,MCF7,10uM,24h,breast,NA,NA,NIVDDIMEGJOZQH-UHFFFAOYSA-N,"InChI=1S/C22H26ClN3O3/c1-29-19-11-9-18(10-12-19)26(20(27)14-23)21(16-6-5-13-24-15-16)22(28)25-17-7-3-2-4-8-17/h5-6,9-13,15,17,21H,2-4,7-8,14H2,1H3,(H,25,28)",15270,COc1ccc(cc1)N(C(C(=O)NC2CCCCC2)c3cccnc3)C(=O)CCl,NA
Input,AC1NSM0X,0.2109628,InputSig,NA,NA,LINCSCP_106799,HELA,0.04uM,24h,large intestine,Purinergic receptor antagonist,P2RX1,CPISLWFLHGUZHF-UHFFFAOYSA-N,"InChI=1S/C41H32N6O29S8/c48-37(42-23-1-5-29(77(53,54)55)33(15-23)81(65,66)67)19-9-20(38(49)43-24-2-6-30(78(56,57)58)34(16-24)82(68,69)70)12-27(11-19)46-41(52)47-28-13-21(39(50)44-25-3-7-31(79(59,60)61)35(17-25)83(71,72)73)10-22(14-28)40(51)45-26-4-8-32(80(62,63)64)36(18-26)84(74,75)76/h1-18H,(H,42,48)(H,43,49)(H,44,50)(H,45,51)(H2,46,47,52)(H,53,54,55)(H,56,57,58)(H,59,60,61)(H,62,63,64)(H,65,66,67)(H,68,69,70)(H,71,72,73)(H,74,75,76)",23167,OS(=O)(=O)c1ccc(NC(=O)c2cc(NC(=O)Nc3cc(cc(c3)C(=O)Nc4ccc(c(c4)S(=O)(=O)O)S(=O)(=O)O)C(=O)Nc5ccc(c(c5)S(=O)(=O)O)S(=O)(=O)O)cc(c2)C(=O)Nc6ccc(c(c6)S(=O)(=O)O)S(=O)(=O)O)cc1S(=O)(=O)O,NA
Input,SCHEMBL3954849,0.21086723,InputSig,NA,NA,LINCSCP_163147,SKBR3,1.11uM,3h,breast,Protein kinase inhibitor,NA,INAFQGYNNQIERK-UHFFFAOYSA-N,"InChI=1S/C23H24N6O3S/c1-14(2)33(31,32)19-7-5-4-6-17(19)27-18-12-21(29-22-16(18)10-11-25-22)28-20-9-8-15(13-26-20)23(30)24-3/h4-14H,1-3H3,(H,24,30)(H3,25,26,27,28,29)",23357,CNC(=O)c1ccc(Nc2cc(Nc3ccccc3S(=O)(=O)C(C)C)c4cc[nH]c4n2)nc1,NA
Input,CHEMBL2139663,0.21084325,InputSig,NA,NA,LINCSCP_10761,ASC,10uM,24h,adipose,NA,NA,XXSFXQLMBCXBAH-UHFFFAOYSA-N,"InChI=1S/C22H19N5/c1-16-10-12-17(13-11-16)15-24-22-20(18-7-3-2-4-8-18)26-27-21(25-22)19-9-5-6-14-23-19/h2-14H,15H2,1H3,(H,24,25,27)",18814,Cc1ccc(CNc2nc(nnc2c3ccccc3)c4ccccn4)cc1,NA
Input,BRD-K63523728,0.21082429,InputSig,NA,NA,LINCSCP_62565,VCAP,5uM,6h,prostate,NA,NA,FSAONXZLMNAVLZ-GKYRZQBGSA-N,"InChI=1S/C28H34N2O7/c1-34-23-5-3-2-4-18(23)15-29-26(32)14-20-13-22-21-12-19(30-28(33)17-8-10-35-11-9-17)6-7-24(21)37-27(22)25(16-31)36-20/h2-7,12,17,20,22,25,27,31H,8-11,13-16H2,1H3,(H,29,32)(H,30,33)/t20-,22-,25-,27+/m1/s1",928,COc1ccccc1CNC(=O)C[C@H]2C[C@H]3[C@H](Oc4ccc(NC(=O)C5CCOCC5)cc34)[C@@H](CO)O2,NA
Input,Proscillaridin A,0.21082285,InputSig,NA,NA,LINCSCP_25150,HT29,10uM,6h,large intestine,ATPase inhibitor,ATP1A1,MYEJFUXQJGHEQK-BVLCKXLMSA-N,"InChI=1S/C30H42O8/c1-16-24(32)25(33)26(34)27(37-16)38-19-8-11-28(2)18(14-19)5-6-22-21(28)9-12-29(3)20(10-13-30(22,29)35)17-4-7-23(31)36-15-17/h4,7,14-16,19-22,24-27,32-35H,5-6,8-13H2,1-3H3/t16-,19-,20+,21?,22?,24-,25+,26+,27-,28-,29+,30-/m0/s1",15224,C[C@@H]1O[C@@H](O[C@H]2CC[C@]3(C)C4CC[C@]5(C)[C@H](CC[C@]5(O)C4CCC3=C2)C6=COC(=O)C=C6)[C@H](O)[C@H](O)[C@H]1O,NA
Input,Epinephrine HCl,0.21080826,InputSig,NA,NA,LINCSCP_172496,YAPC,3.33uM,24h,pancreas,Adrenergic receptor agonist,ADRA1A|ADRA1B|ADRA1D|ADRA2A|ADRA2B|ADRA2C|ADRB1|ADRB2|ADRB3,UCTWMZQNUQWSLP-VIFPVBQESA-N,"InChI=1S/C9H13NO3/c1-10-5-9(13)6-2-3-7(11)8(12)4-6/h2-4,9-13H,5H2,1H3/t9-/m0/s1",27100,CNC[C@H](O)c1ccc(O)c(O)c1,4
Input,Avasimibe,0.21074543,InputSig,NA,NA,LINCSCP_125848,HT29,10uM,24h,large intestine,NA,NA,PTQXTEKSNBVPQJ-UHFFFAOYSA-N,"InChI=1S/C29H43NO4S/c1-17(2)22-14-25(20(7)8)27(26(15-22)21(9)10)16-28(31)30-35(32,33)34-29-23(18(3)4)12-11-13-24(29)19(5)6/h11-15,17-21H,16H2,1-10H3,(H,30,31)",26617,CC(C)c1cc(C(C)C)c(CC(=O)NS(=O)(=O)Oc2c(cccc2C(C)C)C(C)C)c(c1)C(C)C,NA
Input,Mosapride,0.21060866,InputSig,NA,NA,LINCSCP_10981,ASC,10uM,24h,adipose,Serotonin receptor agonist,HTR4,YPELFRMCRYSPKZ-UHFFFAOYSA-N,"InChI=1S/C21H25ClFN3O3/c1-2-28-20-10-19(24)18(22)9-17(20)21(27)25-11-16-13-26(7-8-29-16)12-14-3-5-15(23)6-4-14/h3-6,9-10,16H,2,7-8,11-13,24H2,1H3,(H,25,27)",16238,CCOc1cc(N)c(Cl)cc1C(=O)NCC2CN(Cc3ccc(F)cc3)CCO2,3
Input,BRD-K50078508,0.21056199,InputSig,NA,NA,LINCSCP_181592,A375,5uM,24h,skin,NA,NA,VOTKEIORIBNPMA-SBZVUBOMSA-N,"InChI=1S/C33H36N4O5S/c1-22-18-37(23(2)20-38)33(39)32-31(27-14-8-9-15-28(27)36(32)4)26-13-7-5-12-25(26)21-42-29(22)19-35(3)43(40,41)30-16-10-6-11-24(30)17-34/h5-16,22-23,29,38H,18-21H2,1-4H3/t22-,23-,29+/m0/s1",38319,C[C@@H](CO)N1C[C@H](C)[C@@H](CN(C)S(=O)(=O)c2ccccc2C#N)OCc3ccccc3c4c(C1=O)n(C)c5ccccc45,NA
Input,IN1436,0.2105573,InputSig,NA,NA,LINCSCP_14407,HA1E,10uM,24h,kidney epithelial,EGFR inhibitor|ErbB2 inhibitor|JAK inhibitor,JAK2|JAK3,TUCIOBMMDDOEMM-UHFFFAOYSA-N,"InChI=1S/C17H14N2O3/c18-10-14(8-13-6-7-15(20)16(21)9-13)17(22)19-11-12-4-2-1-3-5-12/h1-9,20-21H,11H2,(H,19,22)",35531,Oc1ccc(C=C(C#N)C(=O)NCc2ccccc2)cc1O,NA
Input,MLS002264464,0.21052906,InputSig,NA,NA,LINCSCP_1386,A375,10uM,24h,skin,NA,NA,DZXJKBGGMPENFM-UHFFFAOYSA-N,"InChI=1S/C16H10N6OS2/c1-22-16(19-20-21-22)25-15-13-10(7-24-14(13)17-8-18-15)12-6-9-4-2-3-5-11(9)23-12/h2-8H,1H3",35618,Cn1nnnc1Sc2ncnc3scc(c4oc5ccccc5c4)c23,NA
Input,NO-ASA,0.21051541,InputSig,NA,NA,LINCSCP_13310,FIBRNPC,10uM,6h,NA,Cyclooxygenase inhibitor,PTGS2,IOJUJUOXKXMJNF-UHFFFAOYSA-N,"InChI=1S/C16H13NO7/c1-11(18)23-15-8-3-2-7-14(15)16(19)24-13-6-4-5-12(9-13)10-22-17(20)21/h2-9H,10H2,1H3",31659,CC(=O)Oc1ccccc1C(=O)Oc2cccc(CO[N+](=O)[O-])c2,NA
Input,Moxonidine,0.21047203,InputSig,NA,NA,LINCSCP_48035,PC3,10uM,6h,prostate,Imidazoline receptor agonist,NISCH,WPNJAUFVNXKLIM-UHFFFAOYSA-N,"InChI=1S/C9H12ClN5O/c1-5-13-7(10)6(8(14-5)16-2)15-9-11-3-4-12-9/h3-4H2,1-2H3,(H2,11,12,15)",15926,COc1nc(C)nc(Cl)c1NC2=NCCN2,4
Input,AC1NS4S0,0.21045926,InputSig,NA,NA,LINCSCP_15498,HA1E,10uM,6h,kidney epithelial,ATPase inhibitor,ATP2A1,IXFPJGBNCFXKPI-YBFXNURJSA-N,"InChI=1S/C34H50O12/c1-9-12-13-14-15-17-24(37)43-28-26-25(20(5)27(28)44-30(38)19(4)11-3)29-34(41,33(8,40)31(39)45-29)22(42-23(36)16-10-2)18-32(26,7)46-21(6)35/h11,22,26-29,40-41H,9-10,12-18H2,1-8H3/b19-11+",5356,CCCCCCCC(=O)OC1C(OC(=O)\C(=C\C)\C)C(=C2C3OC(=O)C(C)(O)C3(O)C(CC(C)(OC(=O)C)C12)OC(=O)CCC)C,NA
Input,SA-1938740,0.21041804,InputSig,NA,NA,LINCSCP_28156,HT29,5uM,24h,large intestine,NA,NA,SOSOVIUQWTYAEV-OAQYLSRUSA-N,"InChI=1S/C26H30FN5O4/c1-3-10-28-24(34)31-13-26(14-31)15-32(25(35)29-17-6-4-16(27)5-7-17)21(12-33)23-22(26)19-9-8-18(36-2)11-20(19)30-23/h4-9,11,21,30,33H,3,10,12-15H2,1-2H3,(H,28,34)(H,29,35)/t21-/m1/s1",33235,CCCNC(=O)N1CC2(C1)CN([C@H](CO)c3[nH]c4cc(OC)ccc4c23)C(=O)Nc5ccc(F)cc5,NA
Input,CHEMBL2357852,0.21039457,InputSig,NA,NA,LINCSCP_37031,MCF7,10uM,24h,breast,NA,NA,QPXCRYPJEFDDNY-LBEYQYMASA-N,"InChI=1S/C29H32N4O6/c1-17-13-23(32-39-17)28(35)31-20-9-12-25-22(14-20)29(36)33(3)24-11-10-21(38-26(24)16-37-25)15-27(34)30-18(2)19-7-5-4-6-8-19/h4-9,12-14,18,21,24,26H,10-11,15-16H2,1-3H3,(H,30,34)(H,31,35)/t18-,21-,24-,26+/m1/s1",22990,C[C@@H](NC(=O)C[C@H]1CC[C@@H]2[C@H](COc3ccc(NC(=O)c4cc(C)on4)cc3C(=O)N2C)O1)c5ccccc5,NA
Input,BRD-K98194519,0.21036712,InputSig,NA,NA,LINCSCP_61004,VCAP,5uM,6h,prostate,NA,NA,LINNEEFEDHMFDS-MNVSYLFESA-N,"InChI=1S/C22H32N4O6S/c1-13-10-23-14(2)12-31-19-8-7-17(9-18(19)22(27)26(5)11-20(13)30-6)25-33(28,29)21-15(3)24-32-16(21)4/h7-9,13-14,20,23,25H,10-12H2,1-6H3/t13-,14+,20-/m0/s1",4876,CO[C@H]1CN(C)C(=O)c2cc(NS(=O)(=O)c3c(C)onc3C)ccc2OC[C@@H](C)NC[C@@H]1C,NA
Input,Lorazepam,0.21026326,InputSig,NA,NA,LINCSCP_46053,PC3,10uM,24h,prostate,Benzodiazepine receptor agonist,GABRA1|GABRA2|GABRA3|GABRA4|GABRA5|GABRA6|GABRB1|GABRB2|GABRB3|GABRD|GABRE|GABRG1|GABRG2|GABRG3|GABRP|GABRQ,DIWRORZWFLOCLC-UHFFFAOYSA-N,"InChI=1S/C15H10Cl2N2O2/c16-8-5-6-12-10(7-8)13(19-15(21)14(20)18-12)9-3-1-2-4-11(9)17/h1-7,15,21H,(H,18,20)",36345,OC1N=C(c2ccccc2Cl)c3cc(Cl)ccc3NC1=O,4
Input,SCHEMBL16984312,0.2102587,InputSig,NA,NA,LINCSCP_8703,A549,5uM,24h,lung,NA,NA,COTLGVLRTBZUTQ-VTRIWSNPSA-N,"InChI=1S/C34H34N4O6/c1-21-16-28(37-44-21)33(40)36-25-12-15-30-27(17-25)34(41)38(2)29-14-13-26(43-31(29)20-42-30)18-32(39)35-19-22-8-10-24(11-9-22)23-6-4-3-5-7-23/h3-12,15-17,26,29,31H,13-14,18-20H2,1-2H3,(H,35,39)(H,36,40)/t26-,29-,31+/m0/s1",23509,CN1[C@H]2CC[C@@H](CC(=O)NCc3ccc(cc3)c4ccccc4)O[C@@H]2COc5ccc(NC(=O)c6cc(C)on6)cc5C1=O,NA
Input,N-[(4-Fluoro-3-methylphenyl)sulfonyl]glycine,0.21024682,InputSig,NA,NA,LINCSCP_211583,HA1E,10uM,6h,kidney epithelial,NA,NA,AEHCUJFRMRNWTB-UHFFFAOYSA-N,"InChI=1S/C9H10FNO4S/c1-6-4-7(2-3-8(6)10)16(14,15)11-5-9(12)13/h2-4,11H,5H2,1H3,(H,12,13)",1401,Cc1cc(ccc1F)S(=O)(=O)NCC(=O)O,NA
Input,MLS002703104,0.21023624,InputSig,NA,NA,LINCSCP_19635,HCC515,10uM,6h,lung,NA,NA,NGWLUMJRYXLLMK-UHFFFAOYSA-N,"InChI=1S/C21H26N2O7S/c1-11(20(24)22-19-15-6-12-5-13(8-15)9-16(19)7-12)30-21(25)14-3-4-18(31(2,28)29)17(10-14)23(26)27/h3-4,10-13,15-16,19H,5-9H2,1-2H3,(H,22,24)",15338,CC(OC(=O)c1ccc(c(c1)[N+](=O)[O-])S(=O)(=O)C)C(=O)NC2C3CC4CC(CC2C4)C3,NA
Input,BRD-K28105726,0.21020903,InputSig,NA,NA,LINCSCP_304203,VCAP,5uM,6h,prostate,NA,NA,MOISLORHFJLABX-ZPNKKQCCSA-N,"InChI=1S/C28H32N2O8/c31-14-25-27-21(20-10-18(2-4-22(20)38-27)30-28(33)17-5-7-34-8-6-17)11-19(37-25)12-26(32)29-13-16-1-3-23-24(9-16)36-15-35-23/h1-4,9-10,17,19,21,25,27,31H,5-8,11-15H2,(H,29,32)(H,30,33)/t19-,21+,25+,27-/m1/s1",24221,OC[C@@H]1O[C@@H](CC(=O)NCc2ccc3OCOc3c2)C[C@@H]4[C@H]1Oc5ccc(NC(=O)C6CCOCC6)cc45,NA
Input,BRD-K60753740,0.21005318,InputSig,NA,NA,LINCSCP_48295,PC3,5uM,24h,prostate,NA,NA,KEGRQPVLAXHQPZ-NYSBEXSLSA-N,"InChI=1S/C25H25ClF3N3O5/c1-32-19-8-7-15(11-22(33)30-13-25(27,28)29)37-21(19)12-36-20-9-6-14(10-17(20)24(32)35)31-23(34)16-4-2-3-5-18(16)26/h2-6,9-10,15,19,21H,7-8,11-13H2,1H3,(H,30,33)(H,31,34)/t15-,19+,21+/m0/s1",24807,CN1[C@@H]2CC[C@@H](CC(=O)NCC(F)(F)F)O[C@@H]2COc3ccc(NC(=O)c4ccccc4Cl)cc3C1=O,NA
Input,Epirubicin HCl,0.21004751,InputSig,NA,NA,LINCSCP_171432,YAPC,0.37uM,24h,pancreas,NA,NA,AOJJSUZBOXZQNB-SQGPBGNMSA-N,"InChI=1S/C27H29NO11/c1-10-22(31)13(28)6-17(38-10)39-15-8-27(36,16(30)9-29)7-12-19(15)26(35)21-20(24(12)33)23(32)11-4-3-5-14(37-2)18(11)25(21)34/h3-5,10,13,15,17,22,29,31,33,35-36H,6-9,28H2,1-2H3/t10-,13-,15+,17-,22-,27-/m0/s1",26884,COc1cccc2C(=O)c3c(O)c4C[C@](O)(C[C@@H](O[C@H]5C[C@H](N)[C@@H](O)[C@H](C)O5)c4c(O)c3C(=O)c12)C(=O)CO,NA
Input,BRD-K55362990,0.21003398,InputSig,NA,NA,LINCSCP_63292,VCAP,5uM,6h,prostate,NA,NA,OPKRVFTXMKZUJR-WPYKKVEZSA-N,"InChI=1S/C26H36N4O5/c1-30-21-10-9-19(13-24(31)27-14-16-6-7-16)35-23(21)15-34-22-11-8-18(12-20(22)25(30)32)29-26(33)28-17-4-2-3-5-17/h8,11-12,16-17,19,21,23H,2-7,9-10,13-15H2,1H3,(H,27,31)(H2,28,29,33)/t19-,21+,23-/m0/s1",24768,CN1[C@@H]2CC[C@@H](CC(=O)NCC3CC3)O[C@H]2COc4ccc(NC(=O)NC5CCCC5)cc4C1=O,NA
Input,Dexfenfluramine,0.21002735,InputSig,NA,NA,LINCSCP_139718,MCF7,1.11uM,24h,breast,Serotonin receptor agonist,SLC6A4,DBGIVFWFUFKIQN-VIFPVBQESA-N,"InChI=1S/C12H16F3N/c1-3-16-9(2)7-10-5-4-6-11(8-10)12(13,14)15/h4-6,8-9,16H,3,7H2,1-2H3/t9-/m0/s1",16379,CCN[C@@H](C)Cc1cccc(c1)C(F)(F)F,4
Input,BRD-A80960055-001-01-7,0.20992864,InputSig,NA,NA,LINCSCP_52338,SKB,10uM,24h,NA,Anti-inflammatory agent|Antioxidant|HSP inhibitor|NFkB pathway inhibitor|Topoisomerase inhibitor,NA,AQKDBFWJOPNOKZ-HSFLDMIGSA-N,"InChI=1S/C29H38O4/c1-17-18-7-8-21-27(4,19(18)15-20(30)23(17)31)12-14-29(6)22-16-26(3,24(32)33)10-9-25(22,2)11-13-28(21,29)5/h7-8,15,17,22H,9-14,16H2,1-6H3,(H,32,33)/t17?,22-,25-,26-,27+,28-,29+/m0/s1",22266,CC1C(=O)C(=O)C=C2C1=CC=C3[C@]2(C)CC[C@]4(C)[C@H]5C[C@](C)(CC[C@@]5(C)CC[C@@]34C)C(=O)O,NA
Input,Dopamine,0.2099153,InputSig,NA,NA,LINCSCP_139134,MCF7,10uM,24h,breast,Dopamine receptor agonist,ADRB1|DRD1|DRD2|DRD3|DRD4|DRD5,VYFYYTLLBUKUHU-UHFFFAOYSA-N,"InChI=1S/C8H11NO2/c9-4-3-6-1-2-7(10)8(11)5-6/h1-2,5,10-11H,3-4,9H2",36273,NCCc1ccc(O)c(O)c1,4
Input,Mifepristone,0.20979292,InputSig,NA,NA,LINCSCP_14062,HA1E,10uM,24h,kidney epithelial,Glucocorticoid receptor antagonist|Progesterone receptor antagonist,AR|NR3C1|PGR,VKHAHZOOUSRJNA-GCNJZUOMSA-N,"InChI=1S/C29H35NO2/c1-5-15-29(32)16-14-26-24-12-8-20-17-22(31)11-13-23(20)27(24)25(18-28(26,29)2)19-6-9-21(10-7-19)30(3)4/h6-7,9-10,17,24-26,32H,8,11-14,16,18H2,1-4H3/t24-,25+,26-,28-,29-/m0/s1",35711,CC#C[C@]1(O)CC[C@H]2[C@@H]3CCC4=CC(=O)CCC4=C3[C@H](C[C@]12C)c5ccc(cc5)N(C)C,4
Input,MLS-0315872.0001,0.2097163,InputSig,NA,NA,LINCSCP_32103,MCF7,10uM,24h,breast,NA,NA,LTQXESHHKQUOEG-UHFFFAOYSA-N,"InChI=1S/C16H15N3O2/c1-2-19-13-9-5-3-7-11(13)16(15(19)20)18-17-12-8-4-6-10-14(12)21-16/h3-10,17-18H,2H2,1H3",18357,CCN1C(=O)C2(NNc3ccccc3O2)c4ccccc14,NA
Input,Moclobemide,0.20959388,InputSig,NA,NA,LINCSCP_156570,PC3,10uM,24h,prostate,Monoamine oxidase inhibitor,MAOA,YHXISWVBGDMDLQ-UHFFFAOYSA-N,"InChI=1S/C13H17ClN2O2/c14-12-3-1-11(2-4-12)13(17)15-5-6-16-7-9-18-10-8-16/h1-4H,5-10H2,(H,15,17)",16282,Clc1ccc(cc1)C(=O)NCCN2CCOCC2,4
Input,BRD-K80368509,0.20953842,InputSig,NA,NA,LINCSCP_43886,PC3,3uM,6h,prostate,NA,NA,GISDZZJFBVBFBH-UHFFFAOYSA-N,"InChI=1S/C24H25N3O4S/c1-31-23-13-6-5-12-22(23)25-24(28)19-8-7-11-21(18-19)32(29,30)27-16-14-26(15-17-27)20-9-3-2-4-10-20/h2-13,18H,14-17H2,1H3,(H,25,28)",26512,COc1ccccc1NC(=O)c2cccc(c2)S(=O)(=O)N3CCN(CC3)c4ccccc4,NA
Input,CHEMBL607856,0.20950928,InputSig,NA,NA,LINCSCP_43777,OV7,10uM,6h,ovary,NA,NA,KRFQWVXRVPHWCH-UHFFFAOYSA-N,"InChI=1S/C13H14N2O3/c1-2-13-14-5-6-15(13)8-12(18)9-3-4-10(16)11(17)7-9/h3-7,16-17H,2,8H2,1H3",1017,CCc1nccn1CC(=O)c2ccc(O)c(O)c2,NA
Input,Nylidrin,0.20946272,InputSig,NA,NA,LINCSCP_2828,A375,10uM,6h,skin,Adrenergic receptor agonist,ADRB2,PTGXAUBQBSGPKF-UHFFFAOYSA-N,"InChI=1S/C19H25NO2/c1-14(8-9-16-6-4-3-5-7-16)20-15(2)19(22)17-10-12-18(21)13-11-17/h3-7,10-15,19-22H,8-9H2,1-2H3",15229,CC(CCc1ccccc1)NC(C)C(O)c2ccc(O)cc2,NA
Input,Epirizole,0.20935954,InputSig,NA,NA,LINCSCP_16138,HA1E,10uM,6h,kidney epithelial,Cyclooxygenase inhibitor,PTGS1|PTGS2,RHAXSHUQNIEUEY-UHFFFAOYSA-N,"InChI=1S/C11H14N4O2/c1-7-5-9(16-3)13-11(12-7)15-10(17-4)6-8(2)14-15/h5-6H,1-4H3",34201,COc1cc(C)nc(n1)n2nc(C)cc2OC,NA
Input,Cytarabine,0.20931707,InputSig,NA,NA,LINCSCP_104275,HELA,1.11uM,24h,large intestine,Ribonucleotide reductase inhibitor,POLA1|POLB|POLD1|POLE,UHDGCWIWMRVCDJ-CCXZUQQUSA-N,"InChI=1S/C9H13N3O5/c10-5-1-2-12(9(16)11-5)8-7(15)6(14)4(3-13)17-8/h1-2,4,6-8,13-15H,3H2,(H2,10,11,16)/t4-,6-,7+,8-/m1/s1",16323,NC1=NC(=O)N(C=C1)[C@@H]2O[C@H](CO)[C@@H](O)[C@@H]2O,4
Input,MLS002703099,0.20931314,InputSig,NA,NA,LINCSCP_22156,HEPG2,10uM,6h,liver,NA,NA,KNVBOZXKUXBZHJ-UHFFFAOYSA-N,"InChI=1S/C16H12N6OS2/c1-9(23)10-4-3-5-11(6-10)12-7-24-14-13(12)15(18-8-17-14)25-16-19-20-21-22(16)2/h3-8H,1-2H3",5985,CC(=O)c1cccc(c1)c2csc3ncnc(Sc4nnnn4C)c23,NA
Input,BRD-K19818442,0.20929921,InputSig,NA,NA,LINCSCP_64374,VCAP,5uM,6h,prostate,NA,NA,XQVZVPLVZQHPJK-BVISUOFCSA-N,"InChI=1S/C34H46ClN5O8S/c1-21-18-40(22(2)20-41)33(42)29-17-27(36-34(43)37-32-24(4)38-48-25(32)5)12-15-30(29)47-23(3)9-7-8-16-46-31(21)19-39(6)49(44,45)28-13-10-26(35)11-14-28/h10-15,17,21-23,31,41H,7-9,16,18-20H2,1-6H3,(H2,36,37,43)/t21-,22-,23-,31+/m1/s1",32194,C[C@H](CO)N1C[C@@H](C)[C@H](CN(C)S(=O)(=O)c2ccc(Cl)cc2)OCCCC[C@@H](C)Oc3ccc(NC(=O)Nc4c(C)onc4C)cc3C1=O,NA
Input,KW-2449,0.20927302,InputSig,NA,NA,LINCSCP_133385,MCF7,0.37uM,24h,breast,Serine/threonine-protein kinase Aurora-A inhibitor|Serine/threonine-protein kinase Aurora-B inhibitor|Tyrosine-protein kinase ABL inhibitor|Tyrosine-protein kinase receptor FLT3 inhibitor,ABL1|AURKA|AURKB|FLT3,YYLKKYCXAOBSRM-JXMROGBWSA-N,"InChI=1S/C20H20N4O/c25-20(24-13-11-21-12-14-24)16-8-5-15(6-9-16)7-10-19-17-3-1-2-4-18(17)22-23-19/h1-10,21H,11-14H2,(H,22,23)/b10-7+",16853,O=C(N1CCNCC1)c2ccc(\C=C\c3n[nH]c4ccccc34)cc2,1
Input,MLS003129743,0.20924692,InputSig,NA,NA,LINCSCP_60678,VCAP,5uM,6h,prostate,NA,NA,BWTMYHAPSQQINJ-XLNZFTOWSA-N,"InChI=1S/C26H36N6O4/c1-18-13-32(19(2)16-33)25(34)6-5-10-31-14-22(27-28-31)17-36-24(18)15-30(4)26(35)21-8-7-20-9-11-29(3)23(20)12-21/h7-9,11-12,14,18-19,24,33H,5-6,10,13,15-17H2,1-4H3/t18-,19+,24+/m0/s1",16741,C[C@H](CO)N1C[C@H](C)[C@@H](CN(C)C(=O)c2ccc3ccn(C)c3c2)OCc4cn(CCCC1=O)nn4,NA
Input,BRD-K35930698,0.20920497,InputSig,NA,NA,LINCSCP_62780,VCAP,5uM,24h,prostate,NA,NA,XSSRKRLNCLGOQF-TYPXCFOJSA-N,"InChI=1S/C29H37FN4O3/c1-21(17-34(22(2)20-35)29(36)32-26-14-12-25(30)13-15-26)28(37-4)19-33(3)18-23-8-10-24(11-9-23)27-7-5-6-16-31-27/h5-16,21-22,28,35H,17-20H2,1-4H3,(H,32,36)/t21-,22+,28-/m0/s1",2884,CO[C@@H](CN(C)Cc1ccc(cc1)c2ccccn2)[C@@H](C)CN([C@H](C)CO)C(=O)Nc3ccc(F)cc3,NA
Input,BRD-K69661816,0.20919877,InputSig,NA,NA,LINCSCP_229438,HT29,5uM,24h,large intestine,NA,NA,SEDZELNMUHOWSZ-RCCFBDPRSA-N,"InChI=1S/C18H18N2O3S/c19-11-16-18(15-9-5-2-6-10-15)17(12-21)20(16)24(22,23)13-14-7-3-1-4-8-14/h1-10,16-18,21H,12-13H2/t16-,17+,18+/m0/s1",24063,OC[C@@H]1[C@@H]([C@H](C#N)N1S(=O)(=O)Cc2ccccc2)c3ccccc3,NA
Input,Trimethadione,0.20916826,InputSig,NA,NA,LINCSCP_47620,PC3,10uM,24h,prostate,Oxazolidine antiepileptic,CACNA1G|CACNA1H|CACNA1I,IRYJRGCIQBGHIV-UHFFFAOYSA-N,InChI=1S/C6H9NO3/c1-6(2)4(8)7(3)5(9)10-6/h1-3H3,22269,CN1C(=O)OC(C)(C)C1=O,4
Input,CHEMBL566899,0.20914597,InputSig,NA,NA,LINCSCP_57308,VCAP,10uM,24h,prostate,NA,NA,LFOQBXJAFVJUTK-UHFFFAOYSA-N,"InChI=1S/C21H18N4O/c1-26-18-6-2-5-16(10-18)17-7-8-20-19(11-17)21(25-14-24-20)23-13-15-4-3-9-22-12-15/h2-12,14H,13H2,1H3,(H,23,24,25)",35921,COc1cccc(c1)c2ccc3ncnc(NCc4cccnc4)c3c2,NA
Input,CHEMBL1406616,0.20912283,InputSig,NA,NA,LINCSCP_25864,HT29,10uM,24h,large intestine,NA,NA,MWBPUFDYIDUJIE-UHFFFAOYSA-N,"InChI=1S/C15H15ClN2O2/c1-8(19)18-13(9-4-5-9)11-7-12(16)10-3-2-6-17-14(10)15(11)20/h2-3,6-7,9,13,20H,4-5H2,1H3,(H,18,19)",15245,CC(=O)NC(C1CC1)c2cc(Cl)c3cccnc3c2O,NA
Input,MEGXP0_000831,0.20910944,InputSig,NA,NA,LINCSCP_1974,A375,10uM,6h,skin,NA,NA,ZNVUQZAVBXKEGF-WUXMJOGZSA-N,"InChI=1S/C29H30O8/c1-34-26-14-19(5-10-24(26)31)13-21-16-37-29(20-7-11-25(32)27(15-20)35-2)23(21)17-36-28(33)12-6-18-3-8-22(30)9-4-18/h3-12,14-15,21,23,29-32H,13,16-17H2,1-2H3/b12-6+",25755,COc1cc(CC2COC(C2COC(=O)\C=C\c3ccc(O)cc3)c4ccc(O)c(OC)c4)ccc1O,NA
Input,BRD-K52831896,0.20908845,InputSig,NA,NA,LINCSCP_16320,HA1E,10uM,6h,kidney epithelial,NA,NA,HFYAGWLQLDEQBZ-BUUPBASBSA-N,"InChI=1S/C31H49N5O8S/c1-19(2)32-31(39)33-25-12-13-27-26(15-25)30(38)36(21(4)18-37)16-20(3)28(42-14-10-9-11-22(5)43-27)17-35(8)45(40,41)29-23(6)34-44-24(29)7/h12-13,15,19-22,28,37H,9-11,14,16-18H2,1-8H3,(H2,32,33,39)/t20-,21+,22-,28-/m1/s1",12956,CC(C)NC(=O)Nc1ccc2O[C@H](C)CCCCO[C@H](CN(C)S(=O)(=O)c3c(C)onc3C)[C@H](C)CN([C@@H](C)CO)C(=O)c2c1,NA
Input,BRD-K27732957,0.20905905,InputSig,NA,NA,LINCSCP_65951,VCAP,1uM,24h,prostate,NA,NA,XTWZIVUPDNYJMX-ISCCLHIJSA-N,"InChI=1S/C29H31FN4O3/c1-20-16-34(21(2)19-35)29(36)26-13-24(7-6-22-5-4-12-31-14-22)15-32-28(26)37-27(20)18-33(3)17-23-8-10-25(30)11-9-23/h4-5,8-15,20-21,27,35H,16-19H2,1-3H3/t20-,21+,27-/m0/s1",9339,C[C@H](CO)N1C[C@H](C)[C@H](CN(C)Cc2ccc(F)cc2)Oc3ncc(cc3C1=O)C#Cc4cccnc4,NA
Input,BRD-K45735142,0.20905139,InputSig,NA,NA,LINCSCP_16832,HA1E,10uM,6h,kidney epithelial,NA,NA,DSHPDBIZJLDJKA-KHCICDEESA-N,"InChI=1S/C25H37N5O5/c1-18-12-30(19(2)16-31)25(32)5-4-8-29-14-21(26-27-29)17-35-24(18)15-28(3)13-20-6-7-22-23(11-20)34-10-9-33-22/h6-7,11,14,18-19,24,31H,4-5,8-10,12-13,15-17H2,1-3H3/t18-,19-,24-/m1/s1",23488,C[C@H](CO)N1C[C@@H](C)[C@@H](CN(C)Cc2ccc3OCCOc3c2)OCc4cn(CCCC1=O)nn4,NA
Input,BRD-A00474148,0.20892275,InputSig,NA,NA,LINCSCP_90778,HA1E,1.11uM,24h,kidney epithelial,NA,NA,NA,NA,NA,NA,NA
Input,Cabazitaxel,0.20887943,InputSig,NA,NA,LINCSCP_74779,A375,0.37uM,24h,skin,NA,NA,BMQGVNUXMIRLCK-VCPXPHFHSA-N,"InChI=1S/C45H57NO14/c1-24-28(57-39(51)33(48)32(26-17-13-11-14-18-26)46-40(52)60-41(3,4)5)22-45(53)37(58-38(50)27-19-15-12-16-20-27)35-43(8,36(49)34(55-10)31(24)42(45,6)7)29(54-9)21-30-44(35,23-56-30)59-25(2)47/h11-20,28-30,32-35,37,48,53H,21-23H2,1-10H3,(H,46,52)/t28-,29+,30+,32-,33+,34+,35-,37+,43+,44-,45-/m0/s1",27200,CO[C@@H]1C[C@H]2OC[C@@]2(OC(=O)C)[C@H]3[C@@H](OC(=O)c4ccccc4)[C@@]5(O)C[C@H](OC(=O)[C@H](O)[C@@H](NC(=O)OC(C)(C)C)c6ccccc6)C(=C([C@@H](OC)C(=O)[C@]13C)C5(C)C)C,NA
Input,BRD-K50266413,0.20883159,InputSig,NA,NA,LINCSCP_63385,VCAP,5uM,24h,prostate,NA,NA,VIDGDBZXEWMIQL-SYYKKAFVSA-N,"InChI=1S/C25H28FN3O5/c1-28(2)23(30)13-18-9-10-20-22(34-18)14-33-21-11-8-17(12-19(21)25(32)29(20)3)27-24(31)15-4-6-16(26)7-5-15/h4-8,11-12,18,20,22H,9-10,13-14H2,1-3H3,(H,27,31)/t18-,20-,22-/m1/s1",3385,CN(C)C(=O)C[C@H]1CC[C@@H]2[C@@H](COc3ccc(NC(=O)c4ccc(F)cc4)cc3C(=O)N2C)O1,NA
Input,MLS002474283,0.20879292,InputSig,NA,NA,LINCSCP_32345,MCF7,10uM,6h,breast,NA,NA,NBMYFHNRSCNDIP-QLVXXPONSA-N,"InChI=1S/C32H39N5O6/c1-21-18-37(22(2)20-38)30(39)17-23-16-26(34-31(40)33-25-10-13-27(42-4)14-11-25)12-15-28(23)43-29(21)19-36(3)32(41)35-24-8-6-5-7-9-24/h5-16,21-22,29,38H,17-20H2,1-4H3,(H,35,41)(H2,33,34,40)/t21-,22-,29+/m1/s1",36657,COc1ccc(NC(=O)Nc2ccc3O[C@@H](CN(C)C(=O)Nc4ccccc4)[C@H](C)CN([C@H](C)CO)C(=O)Cc3c2)cc1,NA
Input,BRD-K09186736-001-01-2,0.20878828,InputSig,NA,NA,LINCSCP_59571,VCAP,10uM,6h,prostate,NA,NA,XJDNFUDAKLJUOC-QAZWXMQQSA-N,"InChI=1S/C34H52N4O7S/c1-25-22-38(26(2)24-39)34(41)30-21-28(35-33(40)16-12-19-36(4)5)17-18-31(30)45-27(3)13-10-11-20-44-32(25)23-37(6)46(42,43)29-14-8-7-9-15-29/h7-9,14-15,17-18,21,25-27,32,39H,10-13,16,19-20,22-24H2,1-6H3,(H,35,40)/t25-,26-,27+,32+/m0/s1",11815,C[C@@H](CO)N1C[C@H](C)[C@@H](CN(C)S(=O)(=O)c2ccccc2)OCCCC[C@@H](C)Oc3ccc(NC(=O)CCCN(C)C)cc3C1=O,NA
Input,INOSITOL,0.20874731,InputSig,NA,NA,LINCSCP_106855,HELA,0.12uM,24h,large intestine,NA,NA,CDAISMWEOUEBRE-GPIVLXJGSA-N,"InChI=1S/C6H12O6/c7-1-2(8)4(10)6(12)5(11)3(1)9/h1-12H/t1-,2-,3-,4+,5-,6-",26447,O[C@@H]1[C@H](O)[C@H](O)[C@@H](O)[C@H](O)[C@H]1O,NA
Input,SPOX1_002925,0.20869531,InputSig,NA,NA,LINCSCP_10813,ASC,10uM,24h,adipose,NA,NA,BEYMMNWQWYQHRB-IGEPHXAOSA-N,"InChI=1S/C50H49N3O13/c1-5-25-51-44(55)39-41-47(58)66-42(33-18-10-7-11-19-33)40(32-16-8-6-9-17-32)53(41)43(34-20-12-13-22-38(34)64-27-26-54)50(39)36-30-31(15-14-21-35(45(56)62-3)46(57)63-4)23-24-37(36)52(48(50)59)49(60)65-29-28-61-2/h5-13,16-20,22-24,30,35,39-43,54H,1,21,25-29H2,2-4H3,(H,51,55)/t39-,40-,41-,42+,43+,50-/m0/s1",1440,COCCOC(=O)N1C(=O)[C@]2([C@@H]([C@@H]3N([C@H]([C@H](OC3=O)c4ccccc4)c5ccccc5)[C@@H]2c6ccccc6OCCO)C(=O)NCC=C)c7cc(ccc17)C#CCC(C(=O)OC)C(=O)OC,NA
Input,Camptothecin,0.20865559,InputSig,NA,NA,LINCSCP_65028,VCAP,10uM,6h,prostate,Topoisomerase inhibitor,TOP1,VSJKWCGYPAHWDS-FQEVSTJZSA-N,"InChI=1S/C20H16N2O4/c1-2-20(25)14-8-16-17-12(7-11-5-3-4-6-15(11)21-17)9-22(16)18(23)13(14)10-26-19(20)24/h3-8,25H,2,9-10H2,1H3/t20-/m0/s1",16169,CC[C@@]1(O)C(=O)OCC2=C1C=C3N(Cc4cc5ccccc5nc34)C2=O,NA
Input,BRD-K38594532,0.2086542,InputSig,NA,NA,LINCSCP_7833,A549,10uM,24h,lung,NA,NA,DSHPDBIZJLDJKA-XLNZFTOWSA-N,"InChI=1S/C25H37N5O5/c1-18-12-30(19(2)16-31)25(32)5-4-8-29-14-21(26-27-29)17-35-24(18)15-28(3)13-20-6-7-22-23(11-20)34-10-9-33-22/h6-7,11,14,18-19,24,31H,4-5,8-10,12-13,15-17H2,1-3H3/t18-,19+,24+/m0/s1",317,C[C@H](CO)N1C[C@H](C)[C@@H](CN(C)Cc2ccc3OCCOc3c2)OCc4cn(CCCC1=O)nn4,NA
Input,PF-3084014,0.20854058,InputSig,NA,NA,LINCSCP_95397,HA1E,3.33uM,24h,kidney epithelial,NA,NA,VFCRKLWBYMDAED-REWPJTCUSA-N,"InChI=1S/C27H41F2N5O/c1-7-8-23(32-20-10-9-18-11-19(28)12-22(29)21(18)13-20)25(35)33-24-14-34(17-31-24)27(5,6)16-30-15-26(2,3)4/h11-12,14,17,20,23,30,32H,7-10,13,15-16H2,1-6H3,(H,33,35)/t20-,23-/m0/s1",27140,CCC[C@H](N[C@H]1CCc2cc(F)cc(F)c2C1)C(=O)Nc3cn(cn3)C(C)(C)CNCC(C)(C)C,NA
Input,SA-1922975,0.20848563,InputSig,NA,NA,LINCSCP_260952,NKDBA,3uM,24h,kidney epithelial,NA,NA,QDVYWOGHSHKQHP-KLJDGLGGSA-N,"InChI=1S/C27H34N4O2/c1-29(2)15-7-8-21-10-12-22(13-11-21)27-24-19-30(16-5-6-17-31(24)25(27)20-32)26(33)18-23-9-3-4-14-28-23/h3-4,9-14,24-25,27,32H,5-6,15-20H2,1-2H3/t24-,25-,27-/m0/s1",13845,CN(C)CC#Cc1ccc(cc1)[C@@H]2[C@H](CO)N3CCCCN(C[C@@H]23)C(=O)Cc4ccccn4,NA
Input,ZINC02419385,0.20845946,InputSig,NA,NA,LINCSCP_47087,PC3,10uM,24h,prostate,NA,NA,DGRCNIMEGXTULN-UHFFFAOYSA-N,"InChI=1S/C21H15NO3/c1-25-21(24)18-13-22(19-12-5-4-10-16(18)19)20(23)17-11-6-8-14-7-2-3-9-15(14)17/h2-13H,1H3",38639,COC(=O)c1cn(C(=O)c2cccc3ccccc23)c4ccccc14,NA
Input,BRD-K77644833,0.2084324,InputSig,NA,NA,LINCSCP_59697,VCAP,5uM,24h,prostate,NA,NA,SUHQAMSFJCSMJM-CUAXAMRHSA-N,"InChI=1S/C30H36F3N5O5/c1-17-13-38(18(2)16-39)28(40)24-12-23(34-29(41)35-27-19(3)36-43-20(27)4)10-11-25(24)42-26(17)15-37(5)14-21-6-8-22(9-7-21)30(31,32)33/h6-12,17-18,26,39H,13-16H2,1-5H3,(H2,34,35,41)/t17-,18+,26+/m0/s1",13555,C[C@H](CO)N1C[C@H](C)[C@@H](CN(C)Cc2ccc(cc2)C(F)(F)F)Oc3ccc(NC(=O)Nc4c(C)onc4C)cc3C1=O,NA
Input,BRD-K65761985,0.20839834,InputSig,NA,NA,LINCSCP_308736,VCAP,5uM,24h,prostate,NA,NA,BSTTWZJBQFNDNI-IVOMFYJKSA-N,"InChI=1S/C23H29N5O3/c1-25-9-11-26(12-10-25)23(31)21-17(15-29)19-14-27-18(3-2-4-20(27)30)22(21)28(19)13-16-5-7-24-8-6-16/h2-8,17,19,21-22,29H,9-15H2,1H3/t17-,19-,21+,22+/m1/s1",24923,CN1CCN(CC1)C(=O)[C@H]2[C@H](CO)[C@H]3CN4C(=O)C=CC=C4[C@@H]2N3Cc5ccncc5,NA
Input,SCHEMBL11184005,0.20838664,InputSig,NA,NA,LINCSCP_52488,SKB,10uM,24h,NA,Cyclooxygenase inhibitor,PTGS1|PTGS2,SPTMROWPYQRZSX-UHFFFAOYSA-N,"InChI=1S/C14H13N3O5S/c1-8-7-11(16-22-8)15-14(19)12-13(18)9-5-3-4-6-10(9)23(20,21)17(12)2/h3-7,12H,1-2H3,(H,15,16,19)",22461,CN1C(C(=O)Nc2cc(C)on2)C(=O)c3ccccc3S1(=O)=O,NA
Input,Oxybutynin,0.20830761,InputSig,NA,NA,LINCSCP_107067,HELA,10uM,24h,large intestine,Muscarinic acetylcholine receptor M3 antagonist|Muscarinic acetylcholine receptor M2 antagonist,CHRM1|CHRM2|CHRM3,XIQVNETUBQGFHX-UHFFFAOYSA-N,"InChI=1S/C22H31NO3/c1-3-23(4-2)17-11-12-18-26-21(24)22(25,19-13-7-5-8-14-19)20-15-9-6-10-16-20/h5,7-8,13-14,20,25H,3-4,6,9-10,15-18H2,1-2H3",12135,CCN(CC)CC#CCOC(=O)C(O)(C1CCCCC1)c2ccccc2,4
Input,AC1LNRY5,0.20826452,InputSig,NA,NA,LINCSCP_242878,MCF7,10uM,24h,breast,NA,NA,NUIDVSZQRVQJAJ-UHFFFAOYSA-N,"InChI=1S/C7H7N3O5/c1-14-7(11)9-8-4-5-2-3-6(15-5)10(12)13/h2-4H,1H3,(H,9,11)",24970,COC(=O)NN=Cc1oc(cc1)[N+](=O)[O-],NA
Input,CHEMBL397100,0.20825377,InputSig,NA,NA,LINCSCP_45429,PC3,10uM,6h,prostate,Butyrylcholinesterase inhibitor,NA,BXCIQPXSBSOIQX-UHFFFAOYSA-N,"InChI=1S/C20H15NOS/c1-14-10-12-15(13-11-14)20(22)21-16-6-2-4-8-18(16)23-19-9-5-3-7-17(19)21/h2-13H,1H3",36171,Cc1ccc(cc1)C(=O)N2c3ccccc3Sc4ccccc24,NA
Input,(+)-Camptothecin,0.20824436,InputSig,NA,NA,LINCSCP_13978,HA1E,10uM,24h,kidney epithelial,Topoisomerase inhibitor,TOP1,VSJKWCGYPAHWDS-UHFFFAOYSA-N,"InChI=1S/C20H16N2O4/c1-2-20(25)14-8-16-17-12(7-11-5-3-4-6-15(11)21-17)9-22(16)18(23)13(14)10-26-19(20)24/h3-8,25H,2,9-10H2,1H3",15216,CCC1(O)C(=O)OCC2=C1C=C3N(Cc4cc5ccccc5nc34)C2=O,NA
Input,BRD-K74042299,0.20821924,InputSig,NA,NA,LINCSCP_311902,VCAP,10uM,6h,prostate,NA,NA,LTKMQPAAUJNDJU-CQYUBGBPSA-N,"InChI=1S/C26H32F3N3O5S/c1-5-6-19-7-12-24-22(13-19)37-23(17(2)14-32(18(3)16-33)38(24,35)36)15-31(4)25(34)30-21-10-8-20(9-11-21)26(27,28)29/h5-13,17-18,23,33H,14-16H2,1-4H3,(H,30,34)/b6-5+/t17-,18-,23+/m0/s1",22894,C\C=C\c1ccc2c(O[C@H](CN(C)C(=O)Nc3ccc(cc3)C(F)(F)F)[C@@H](C)CN([C@@H](C)CO)S2(=O)=O)c1,NA
Input,BRD-K05456756,0.20820805,InputSig,NA,NA,LINCSCP_55359,U937,0.5uM,6h,haematopoietic and lymphoid tissue,NA,NA,BSYBQLKSCYWWSD-UHFFFAOYSA-N,"InChI=1S/C18H17ClN4O4/c1-11-8-14(22-27-11)20-15(24)10-26-18(25)16-12(2)21-23(17(16)19)9-13-6-4-3-5-7-13/h3-8H,9-10H2,1-2H3,(H,20,22,24)",26549,Cc1onc(NC(=O)COC(=O)c2c(C)nn(Cc3ccccc3)c2Cl)c1,NA
Input,"ABT-888,VELIPARIB",0.20818603,InputSig,NA,NA,LINCSCP_39506,MDAMB231,1uM,6h,NA,PARP inhibitor,PARP1|PARP2,JNAHVYVRKWKWKQ-UHFFFAOYSA-N,"InChI=1S/C13H16N4O/c1-13(6-3-7-15-13)12-16-9-5-2-4-8(11(14)18)10(9)17-12/h2,4-5,15H,3,6-7H2,1H3,(H2,14,18)(H,16,17)",30218,CC1(CCCN1)c2nc3c(cccc3[nH]2)C(=O)N,NA
Input,Triamcinolone Acetonide,0.20816575,InputSig,NA,NA,LINCSCP_16979,HA1E,10uM,6h,kidney epithelial,Glucocorticoid receptor agonist,NR3C1,YNDXUCZADRHECN-JNQJZLCISA-N,"InChI=1S/C24H31FO6/c1-20(2)30-19-10-16-15-6-5-13-9-14(27)7-8-21(13,3)23(15,25)17(28)11-22(16,4)24(19,31-20)18(29)12-26/h7-9,15-17,19,26,28H,5-6,10-12H2,1-4H3/t15-,16-,17-,19+,21-,22-,23-,24+/m0/s1",16364,CC1(C)O[C@@H]2C[C@H]3[C@@H]4CCC5=CC(=O)C=C[C@]5(C)[C@@]4(F)[C@@H](O)C[C@]3(C)[C@@]2(O1)C(=O)CO,4
Input,BRD-K78800374,0.20813295,InputSig,NA,NA,LINCSCP_59698,VCAP,5uM,24h,prostate,NA,NA,VJMXJNGUWGEFKS-PKIAKLFDSA-N,"InChI=1S/C33H37N5O4/c1-22-18-38(23(2)21-39)32(40)28-17-26(35-33(41)36-29-10-6-8-25-7-4-5-9-27(25)29)11-12-30(28)42-31(22)20-37(3)19-24-13-15-34-16-14-24/h4-17,22-23,31,39H,18-21H2,1-3H3,(H2,35,36,41)/t22-,23-,31+/m1/s1",13592,C[C@H](CO)N1C[C@@H](C)[C@H](CN(C)Cc2ccncc2)Oc3ccc(NC(=O)Nc4cccc5ccccc45)cc3C1=O,NA
Input,CBIOL_001848,0.20810099,InputSig,NA,NA,LINCSCP_56267,VCAP,10uM,24h,prostate,Apoptosis stimulant|Retinoid receptor agonist,RARA,AKJHMTWEGVYYSE-UHFFFAOYSA-N,"InChI=1S/C26H33NO2/c1-19(11-16-24-21(3)10-7-17-26(24,4)5)8-6-9-20(2)18-25(29)27-22-12-14-23(28)15-13-22/h6,8-9,11-16,18,28H,7,10,17H2,1-5H3,(H,27,29)",38949,CC(=CC=CC(=CC(=O)Nc1ccc(O)cc1)C)C=CC2=C(C)CCCC2(C)C,NA
Input,Fipronil,0.20805818,InputSig,NA,NA,LINCSCP_56496,VCAP,10uM,6h,prostate,Chloride channel blocker|GABA gated chloride channel blocker,NA,ZOCSXAVNDGMNBV-UHFFFAOYSA-N,"InChI=1S/C12H4Cl2F6N4OS/c13-5-1-4(11(15,16)17)2-6(14)8(5)24-10(22)9(7(3-21)23-24)26(25)12(18,19)20/h1-2H,22H2",400,Nc1c(c(nn1c2c(Cl)cc(cc2Cl)C(F)(F)F)C#N)S(=O)C(F)(F)F,NA
Input,SCHEMBL16892136,0.20803754,InputSig,NA,NA,LINCSCP_3835,A375,10uM,24h,skin,NA,NA,BXLOOKPAMNLACC-UHFFFAOYSA-N,"InChI=1S/C21H19FN4O3/c22-17-7-8-19(18(23)10-17)26-20(27)16-5-3-14(4-6-16)12-25-21(28)29-13-15-2-1-9-24-11-15/h1-11H,12-13,23H2,(H,25,28)(H,26,27)",34093,Nc1cc(F)ccc1NC(=O)c2ccc(CNC(=O)OCc3cccnc3)cc2,NA
Input,Niridazole,0.20802565,InputSig,NA,NA,LINCSCP_343,A375,10uM,24h,skin,Phosphofructokinase inhibitor,NA,RDXLYGJSWZYTFJ-UHFFFAOYSA-N,"InChI=1S/C6H6N4O3S/c11-5-7-1-2-9(5)6-8-3-4(14-6)10(12)13/h3H,1-2H2,(H,7,11)",38522,[O-][N+](=O)c1cnc(s1)N2CCNC2=O,NA
Input,SPOX1_000836,0.20798841,InputSig,NA,NA,LINCSCP_190593,A549,10uM,24h,lung,NA,NA,XSLAKCDQFXHWHL-KTDJTCJASA-N,"InChI=1S/C44H39N3O7/c1-52-34-23-29-21-22-46(25-30(29)24-35(34)53-2)41(49)36-38-42(50)54-39(27-13-7-4-8-14-27)37(26-11-5-3-6-12-26)47(38)40(28-17-19-31(48)20-18-28)44(36)32-15-9-10-16-33(32)45-43(44)51/h3-20,23-24,36-40,48H,21-22,25H2,1-2H3,(H,45,51)/t36-,37-,38-,39+,40+,44-/m1/s1",205,COc1cc2CCN(Cc2cc1OC)C(=O)[C@H]3[C@H]4N([C@@H]([C@@H](OC4=O)c5ccccc5)c6ccccc6)[C@@H](c7ccc(O)cc7)[C@]38C(=O)Nc9ccccc89,NA
Input,SR 33805 oxalate,0.20789636,InputSig,NA,NA,LINCSCP_93886,HA1E,0.12uM,24h,kidney epithelial,NA,NA,GCVFQRRBTCHIPK-UHFFFAOYSA-N,"InChI=1S/C32H40N2O5S/c1-23(2)31-27-10-7-8-11-28(27)34(4)32(31)40(35,36)26-15-13-25(14-16-26)39-21-9-19-33(3)20-18-24-12-17-29(37-5)30(22-24)38-6/h7-8,10-17,22-23H,9,18-21H2,1-6H3",27133,COc1ccc(CCN(C)CCCOc2ccc(cc2)S(=O)(=O)c3c(C(C)C)c4ccccc4n3C)cc1OC,NA
Input,BRD-K92023938,0.20786491000000001,InputSig,NA,NA,LINCSCP_62702,VCAP,5uM,24h,prostate,NA,NA,XWECZACFMCVSEP-PXEJVSPGSA-N,"InChI=1S/C29H31N3O5/c1-18(20-5-3-2-4-6-20)31-28(35)16-22-15-24-23-14-21(32-27(34)13-19-9-11-30-12-10-19)7-8-25(23)37-29(24)26(17-33)36-22/h2-12,14,18,22,24,26,29,33H,13,15-17H2,1H3,(H,31,35)(H,32,34)/t18-,22+,24-,26+,29+/m0/s1",4670,C[C@H](NC(=O)C[C@H]1C[C@@H]2[C@@H](Oc3ccc(NC(=O)Cc4ccncc4)cc23)[C@@H](CO)O1)c5ccccc5,NA
Input,MRE-269,0.20783208,InputSig,NA,NA,LINCSCP_24127,HL60,0.5uM,24h,haematopoietic and lymphoid tissue,Platelet aggregation inhibitor|Prostanoid receptor agonist,PTGIR,NA,NA,NA,NA,NA
Input,PF-04457845,0.2077956,InputSig,NA,NA,LINCSCP_108660,HELA,3.33uM,24h,large intestine,NA,NA,BATCTBJIJJEPHM-UHFFFAOYSA-N,"InChI=1S/C23H20F3N5O2/c24-23(25,26)18-6-7-21(27-15-18)33-19-4-1-3-17(14-19)13-16-8-11-31(12-9-16)22(32)29-20-5-2-10-28-30-20/h1-7,10,13-15H,8-9,11-12H2,(H,29,30,32)",27146,FC(F)(F)c1ccc(Oc2cccc(C=C3CCN(CC3)C(=O)Nc4cccnn4)c2)nc1,NA
Input,Pazopanib,0.2077898,InputSig,NA,NA,LINCSCP_81904,A549,0.37uM,24h,lung,KIT inhibitor|PDGFR tyrosine kinase receptor inhibitor|VEGFR inhibitor,CSF1R|FGFR1|FGFR3|FLT1|FLT4|ITK|KDR|KIT|LCK|PDGFRA|PDGFRB,CUIHSIWYWATEQL-UHFFFAOYSA-N,"InChI=1S/C21H23N7O2S/c1-13-5-6-15(11-19(13)31(22,29)30)24-21-23-10-9-20(25-21)27(3)16-7-8-17-14(2)28(4)26-18(17)12-16/h5-12H,1-4H3,(H2,22,29,30)(H,23,24,25)",15129,CN(c1ccc2c(C)n(C)nc2c1)c3ccnc(Nc4ccc(C)c(c4)S(=O)(=O)N)n3,4
Input,Hypericin,0.20772156,InputSig,NA,NA,LINCSCP_71284,A375,3.33uM,24h,skin,Tyrosine kinase inhibitor,NA,BTXNYTINYBABQR-UHFFFAOYSA-N,"InChI=1S/C30H16O8/c1-7-3-9(31)19-23-15(7)16-8(2)4-10(32)20-24(16)28-26-18(12(34)6-14(36)22(26)30(20)38)17-11(33)5-13(35)21(29(19)37)25(17)27(23)28/h3-6,31-36H,1-2H3",15536,Cc1cc(O)c2C(=O)c3c(O)cc(O)c4c5c(O)cc(O)c6C(=O)c7c(O)cc(C)c8c1c2c(c34)c(c78)c56,NA
Input,Acdpp,0.20772123,InputSig,NA,NA,LINCSCP_310170,VCAP,30uM,6h,prostate,Glutamate receptor antagonist,NA,RNGRUHWJJPTYNR-UHFFFAOYSA-N,"InChI=1S/C12H13ClN6O/c1-19(2)11-9(13)17-8(10(14)18-11)12(20)16-7-4-3-5-15-6-7/h3-6H,1-2H3,(H2,14,18)(H,16,20)",17619,CN(C)c1nc(N)c(nc1Cl)C(=O)Nc2cccnc2,NA
Input,AM 281,0.20763826,InputSig,NA,NA,LINCSCP_19200,HCC515,10uM,6h,lung,Cannabinoid receptor antagonist,CNR1,AJFFBPZYXRNAIC-UHFFFAOYSA-N,"InChI=1S/C21H19Cl2IN4O2/c1-13-19(21(29)26-27-8-10-30-11-9-27)25-28(18-7-4-15(22)12-17(18)23)20(13)14-2-5-16(24)6-3-14/h2-7,12H,8-11H2,1H3,(H,26,29)",35881,Cc1c(nn(c2ccc(Cl)cc2Cl)c1c3ccc(I)cc3)C(=O)NN4CCOCC4,NA
Input,AC1LDCW5,0.20751906,InputSig,NA,NA,LINCSCP_225383,HT29,10uM,6h,large intestine,NA,NA,TZABDFYHNLGMHW-UHFFFAOYSA-N,"InChI=1S/C17H18N4O2S/c1-3-4-10-21-13-14(20(2)16(23)19-15(13)22)18-17(21)24-11-12-8-6-5-7-9-12/h3-9H,10-11H2,1-2H3,(H,19,22,23)",15566,CC=CCn1c(SCc2ccccc2)nc3N(C)C(=O)NC(=O)c13,NA
Input,SCHEMBL12410954,0.20741462,InputSig,NA,NA,LINCSCP_17452,HA1E,10uM,24h,kidney epithelial,Nucleophosmin inhibitor,NA,BYQQNSVZQGCUKN-UHFFFAOYSA-N,"InChI=1S/C21H25NO2/c1-19(2)11-15-14-9-13-7-8-21(5,6)24-17(13)10-16(14)22(23)18(15)20(3,4)12-19/h7-11H,12H2,1-6H3",11552,CC1(C)CC(C)(C)C2=[N+]([O-])c3cc4OC(C)(C)C=Cc4cc3C2=C1,NA
Input,Ovasterol-beta,0.20729694,InputSig,NA,NA,LINCSCP_14824,HA1E,10uM,6h,kidney epithelial,Contraceptive agent,ESR1,UYIFTLBWAOGQBI-UHFFFAOYSA-N,"InChI=1S/C25H28O3/c1-25-14-13-20-19-10-8-18(28-24(27)16-5-3-2-4-6-16)15-17(19)7-9-21(20)22(25)11-12-23(25)26/h2-6,8,10,15,20-23,26H,7,9,11-14H2,1H3",22184,CC12CCC3C(CCc4cc(OC(=O)c5ccccc5)ccc34)C1CCC2O,NA
Input,BRD-K16255194,0.2072963,InputSig,NA,NA,LINCSCP_63345,VCAP,5uM,24h,prostate,NA,NA,IGRBOWQNYYEHHT-VTZPFEBOSA-N,"InChI=1S/C28H33N3O6/c1-31-23-11-10-21(14-26(32)29-15-17-3-4-17)37-25(23)16-36-24-12-7-19(13-22(24)28(31)34)30-27(33)18-5-8-20(35-2)9-6-18/h5-9,12-13,17,21,23,25H,3-4,10-11,14-16H2,1-2H3,(H,29,32)(H,30,33)/t21-,23+,25+/m1/s1",2058,COc1ccc(cc1)C(=O)Nc2ccc3OC[C@@H]4O[C@@H](CC(=O)NCC5CC5)CC[C@@H]4N(C)C(=O)c3c2,NA
Input,BRD-K14417684,0.2072833,InputSig,NA,NA,LINCSCP_63264,VCAP,5uM,6h,prostate,NA,NA,OPKRVFTXMKZUJR-RRPUWOKSSA-N,"InChI=1S/C26H36N4O5/c1-30-21-10-9-19(13-24(31)27-14-16-6-7-16)35-23(21)15-34-22-11-8-18(12-20(22)25(30)32)29-26(33)28-17-4-2-3-5-17/h8,11-12,16-17,19,21,23H,2-7,9-10,13-15H2,1H3,(H,27,31)(H2,28,29,33)/t19-,21-,23-/m0/s1",34103,CN1[C@H]2CC[C@@H](CC(=O)NCC3CC3)O[C@H]2COc4ccc(NC(=O)NC5CCCC5)cc4C1=O,NA
Input,Digitoxin,0.20718052,InputSig,NA,NA,LINCSCP_64936,VCAP,0.5uM,24h,prostate,ATPase inhibitor,ATP1A1,WDJUZGPOPHTGOT-DTLXFLGHSA-N,"InChI=1S/C41H64O13/c1-20-36(46)29(42)16-34(49-20)53-38-22(3)51-35(18-31(38)44)54-37-21(2)50-33(17-30(37)43)52-25-8-11-39(4)24(15-25)6-7-28-27(39)9-12-40(5)26(10-13-41(28,40)47)23-14-32(45)48-19-23/h14,20-22,24-31,33-38,42-44,46-47H,6-13,15-19H2,1-5H3/t20-,21-,22-,24-,25+,26-,27+,28-,29+,30+,31+,33-,34-,35-,36-,37-,38-,39+,40-,41+/m1/s1",33583,C[C@H]1O[C@@H](C[C@H](O)[C@@H]1O)O[C@H]2[C@@H](O)C[C@@H](O[C@H]3[C@@H](O)C[C@@H](O[C@H]4CC[C@@]5(C)[C@H](CC[C@@H]6[C@@H]5CC[C@]7(C)[C@H](CC[C@]67O)C8=CC(=O)OC8)C4)O[C@@H]3C)O[C@@H]2C,NA
Input,MLS003128610,0.20717012,InputSig,NA,NA,LINCSCP_45511,PC3,10uM,24h,prostate,FLT3 inhibitor,NA,NIFSAJKTGRRAOJ-UHFFFAOYSA-N,"InChI=1S/C21H20N8OS/c1-2-4-16-15(3-1)24-17(25-16)11-22-19-18-20(29(13-23-18)14-5-10-31-12-14)27-21(26-19)28-6-8-30-9-7-28/h1-5,10,12-13H,6-9,11H2,(H,24,25)(H,22,26,27)",911,C(Nc1nc(nc2c1ncn2c3ccsc3)N4CCOCC4)c5nc6ccccc6[nH]5,NA
Input,Emedastine,0.20712168,InputSig,NA,NA,LINCSCP_138013,MCF7,3.33uM,24h,breast,Histamine receptor antagonist,HRH1,KBUZBQVCBVDWKX-UHFFFAOYSA-N,"InChI=1S/C17H26N4O/c1-3-22-14-13-21-16-8-5-4-7-15(16)18-17(21)20-10-6-9-19(2)11-12-20/h4-5,7-8H,3,6,9-14H2,1-2H3",36425,CCOCCn1c(nc2ccccc12)N3CCCN(C)CC3,4
Input,BRD-K31108633,0.20711281,InputSig,NA,NA,LINCSCP_8396,A549,5uM,24h,lung,NA,NA,ZSBYESKXZOGBOW-QYDULMRYSA-N,"InChI=1S/C21H31N3O6/c1-24(2)11-20(27)23-13-4-5-17-15(8-13)16-9-14(10-19(26)22-6-7-28-3)29-18(12-25)21(16)30-17/h4-5,8,14,16,18,21,25H,6-7,9-12H2,1-3H3,(H,22,26)(H,23,27)/t14-,16+,18+,21-/m0/s1",2729,COCCNC(=O)C[C@@H]1C[C@H]2[C@H](Oc3ccc(NC(=O)CN(C)C)cc23)[C@@H](CO)O1,NA
Input,TUL_XIX002,0.2070481,InputSig,NA,NA,LINCSCP_288097,THP1,0.001uM,24h,haematopoietic and lymphoid tissue,NA,NA,ILEDKNBEZITSIP-GFCCVEGCSA-N,"InChI=1S/C14H17N3O2S/c1-10-7-16-8-11-3-2-4-13(14(10)11)20(18,19)17-12-5-6-15-9-12/h2-4,7-8,12,15,17H,5-6,9H2,1H3/t12-/m1/s1",11511,Cc1cncc2cccc(c12)S(=O)(=O)N[C@@H]3CCNC3,NA
Input,IN1246,0.20692974,InputSig,NA,NA,LINCSCP_13649,HA1E,10uM,24h,kidney epithelial,Collagenase inhibitor|Metalloproteinase inhibitor,MMP13|MMP2|MMP3,GJOCABIDMCKCEG-UHFFFAOYSA-N,"InChI=1S/C17H18BrNO4S/c1-11(2)16(17(20)21)19-24(22,23)15-9-5-13(6-10-15)12-3-7-14(18)8-4-12/h3-11,16,19H,1-2H3,(H,20,21)",15310,CC(C)C(NS(=O)(=O)c1ccc(cc1)c2ccc(Br)cc2)C(=O)O,NA
Input,BRD-K46255436,0.2069185,InputSig,NA,NA,LINCSCP_48292,PC3,5uM,24h,prostate,NA,NA,YIAMBQQGWRAZTQ-TVGCTAMQSA-N,"InChI=1S/C33H38N4O5S/c1-36-28-11-10-25(17-31(38)35-24-13-14-37(20-24)19-22-6-3-2-4-7-22)42-30(28)21-41-29-12-9-23(16-27(29)33(36)40)34-32(39)18-26-8-5-15-43-26/h2-9,12,15-16,24-25,28,30H,10-11,13-14,17-21H2,1H3,(H,34,39)(H,35,38)/t24-,25-,28-,30-/m0/s1",37198,CN1[C@H]2CC[C@@H](CC(=O)N[C@H]3CCN(Cc4ccccc4)C3)O[C@H]2COc5ccc(NC(=O)Cc6cccs6)cc5C1=O,NA
Input,SMR000857102,0.20688404,InputSig,NA,NA,LINCSCP_2560,A375,10uM,6h,skin,Cytochrome P450 inhibitor,NR3C1,XSFJVAJPIHIPKU-CCRGDLLISA-N,"InChI=1S/C24H31FO6/c1-21(2)30-19-9-14-13-8-16(25)15-7-12(27)5-6-22(15,3)20(13)17(28)10-23(14,4)24(19,31-21)18(29)11-26/h5-7,13-14,16-17,19-20,26,28H,8-11H2,1-4H3/t13?,14?,16-,17?,19+,20?,22?,23?,24+/m0/s1",15289,CC1(C)O[C@@H]2CC3C4C[C@H](F)C5=CC(=O)C=CC5(C)C4C(O)CC3(C)[C@@]2(O1)C(=O)CO,NA
Input,MLS002702107,0.20679524,InputSig,NA,NA,LINCSCP_13114,FIBRNPC,10uM,24h,NA,Topoisomerase inhibitor,TOP2A,AOJJSUZBOXZQNB-SNFLSGHGSA-N,"InChI=1S/C27H29NO11/c1-10-22(31)13(28)6-17(38-10)39-15-8-27(36,16(30)9-29)7-12-19(15)26(35)21-20(24(12)33)23(32)11-4-3-5-14(37-2)18(11)25(21)34/h3-5,10,13,15,17,22,29,31,33,35-36H,6-9,28H2,1-2H3/t10?,13?,15-,17?,22?,27-/m0/s1",39891,COc1cccc2C(=O)c3c(O)c4C[C@](O)(C[C@H](OC5CC(N)C(O)C(C)O5)c4c(O)c3C(=O)c12)C(=O)CO,NA
Input,MLS001116189,0.20676332,InputSig,NA,NA,LINCSCP_16252,HA1E,10uM,6h,kidney epithelial,NA,NA,UMBCEWOZRUBUBU-UHFFFAOYSA-N,"InChI=1S/C18H18ClN5O3S2/c1-10(2)16-23-24-17(28-16)22-15(25)14-13(19)8-20-18(21-14)29(26,27)9-12-6-4-5-11(3)7-12/h4-8,10H,9H2,1-3H3,(H,22,24,25)",36669,CC(C)c1nnc(NC(=O)c2nc(ncc2Cl)S(=O)(=O)Cc3cccc(C)c3)s1,NA
Input,BRD-K70880645,0.20675738,InputSig,NA,NA,LINCSCP_66009,VCAP,3uM,24h,prostate,NA,NA,FAPZFILXRWTTCI-VWLOTQADSA-N,"InChI=1S/C29H33F2N3O3/c1-37-21-6-7-22-24(14-21)32-27-25(16-35)34(15-19-13-20(30)5-8-23(19)31)17-29(26(22)27)9-11-33(12-10-29)28(36)18-3-2-4-18/h5-8,13-14,18,25,32,35H,2-4,9-12,15-17H2,1H3/t25-/m0/s1",13382,COc1ccc2c3c([nH]c2c1)[C@H](CO)N(Cc4cc(F)ccc4F)CC35CCN(CC5)C(=O)C6CCC6,NA
Input,Auranofin,0.20672561,InputSig,NA,NA,LINCSCP_21303,HEC108,10uM,6h,endometrium,NFkB pathway inhibitor,NA,AUJRCFUBUPVWSZ-XTZHGVARSA-M,"InChI=1S/C14H20O9S.C6H15P.Au/c1-6(15)19-5-10-11(20-7(2)16)12(21-8(3)17)13(14(24)23-10)22-9(4)18;1-4-7(5-2)6-3;/h10-14,24H,5H2,1-4H3;4-6H2,1-3H3;/q;;+1/p-1/t10-,11-,12+,13-,14+;;/m1../s1",1361,CCP(=[Au]S[C@@H]1O[C@H](COC(=O)C)[C@@H](OC(=O)C)[C@H](OC(=O)C)[C@H]1OC(=O)C)(CC)CC,NA
Input,Auranofin,0.20672561,InputSig,NA,NA,LINCSCP_21303,HEC108,10uM,6h,endometrium,NFkB pathway inhibitor,NA,AUWWGVLGGQVJPJ-UHFFFAOYSA-M,"InChI=1S/C14H20O8S.C6H15P.Au/c1-6(15)19-10-5-11(23)13(21-8(3)17)14(22-9(4)18)12(10)20-7(2)16;1-4-7(5-2)6-3;/h10-14,23H,5H2,1-4H3;4-6H2,1-3H3;/q;;+1/p-1",28468,CCP(=[Au]SC1CC(OC(=O)C)C(OC(=O)C)C(OC(=O)C)C1OC(=O)C)(CC)CC,NA
Input,Cycloheximide,0.20672519,InputSig,NA,NA,LINCSCP_52884,SKB,10uM,24h,NA,Protein synthesis inhibitor,RPL3,YPHMISFOHDHNIV-FSZOTQKASA-N,"InChI=1S/C15H23NO4/c1-8-3-9(2)15(20)11(4-8)12(17)5-10-6-13(18)16-14(19)7-10/h8-12,17H,3-7H2,1-2H3,(H,16,18,19)/t8-,9-,11-,12+/m0/s1",3596,C[C@H]1C[C@H](C)C(=O)[C@@H](C1)[C@H](O)CC2CC(=O)NC(=O)C2,NA
Input,Guanadrel,0.20668803,InputSig,NA,NA,LINCSCP_104577,HELA,0.12uM,24h,large intestine,Norepinephrine transporter substrate,SLC6A2,HPBNRIOWIXYZFK-UHFFFAOYSA-N,"InChI=1S/C10H19N3O2/c11-9(12)13-6-8-7-14-10(15-8)4-2-1-3-5-10/h8H,1-7H2,(H4,11,12,13)",40041,NC(=N)NCC1COC2(CCCCC2)O1,4
Input,BRD-K38688128,0.20665389,InputSig,NA,NA,LINCSCP_298526,VCAP,5uM,6h,prostate,NA,NA,UQYDBQHFUBHFMT-DNRQZRRGSA-N,"InChI=1S/C28H36N4O4/c1-20-16-32(21(2)19-33)27(34)24-14-22(9-12-28(35)10-5-6-11-28)15-30-26(24)36-25(20)18-31(3)17-23-8-4-7-13-29-23/h4,7-8,13-15,20-21,25,33,35H,5-6,10-11,16-19H2,1-3H3/t20-,21-,25-/m1/s1",651,C[C@H](CO)N1C[C@@H](C)[C@@H](CN(C)Cc2ccccn2)Oc3ncc(cc3C1=O)C#CC4(O)CCCC4,NA
Input,Methoprene acid,0.2066235,InputSig,NA,NA,LINCSCP_179449,A375,10uM,6h,skin,Retinoid receptor agonist,RXRA,MNYBEULOKRVZKY-TZOAMJEDSA-N,"InChI=1S/C16H28O3/c1-13(10-7-11-16(3,4)19-5)8-6-9-14(2)12-15(17)18/h6,9,12-13H,7-8,10-11H2,1-5H3,(H,17,18)/b9-6+,14-12+",17010,COC(C)(C)CCCC(C)C\C=C\C(=C\C(=O)O)\C,NA
Input,AZD5363,0.2066079,InputSig,NA,NA,LINCSCP_175580,YAPC,10uM,24h,pancreas,AKT inhibitor,AKT1|AKT2|AKT3,JDUBGYFRJFOXQC-KRWDZBQOSA-N,"InChI=1S/C21H25ClN6O2/c22-15-3-1-14(2-4-15)17(6-12-29)27-20(30)21(23)7-10-28(11-8-21)19-16-5-9-24-18(16)25-13-26-19/h1-5,9,13,17,29H,6-8,10-12,23H2,(H,27,30)(H,24,25,26)/t17-/m0/s1",27068,NC1(CCN(CC1)c2ncnc3[nH]ccc23)C(=O)N[C@@H](CCO)c4ccc(Cl)cc4,NA
Input,BRD-K88352433,0.2065841,InputSig,NA,NA,LINCSCP_60938,VCAP,5uM,24h,prostate,NA,NA,ZXQGUZCJBQNBQR-ZENTWMBTSA-N,"InChI=1S/C29H32F2N6O5/c1-17-14-37(28(39)24-13-32-9-10-33-24)18(2)16-42-25-12-20(6-7-21(25)27(38)36(3)15-26(17)41-4)34-29(40)35-23-11-19(30)5-8-22(23)31/h5-13,17-18,26H,14-16H2,1-4H3,(H2,34,35,40)/t17-,18+,26+/m1/s1",4531,CO[C@H]1CN(C)C(=O)c2ccc(NC(=O)Nc3cc(F)ccc3F)cc2OC[C@H](C)N(C[C@H]1C)C(=O)c4cnccn4,NA
Input,Droperidol,0.2064534,InputSig,NA,NA,LINCSCP_52695,SKB,10uM,24h,NA,Dopamine receptor antagonist,DRD2,RMEDXOLNCUSCGS-UHFFFAOYSA-N,"InChI=1S/C22H22FN3O2/c23-17-9-7-16(8-10-17)21(27)6-3-13-25-14-11-18(12-15-25)26-20-5-2-1-4-19(20)24-22(26)28/h1-2,4-5,7-11H,3,6,12-15H2,(H,24,28)",23111,Oc1nc2ccccc2n1C3=CCN(CCCC(=O)c4ccc(F)cc4)CC3,4
Input,E-Doxepin,0.20642587,InputSig,NA,NA,LINCSCP_14104,HA1E,10uM,24h,kidney epithelial,Histamine receptor antagonist,HRH1|HRH2|SLC6A2|SLC6A4,ODQWQRRAPPTVAG-GZTJUZNOSA-N,"InChI=1S/C19H21NO/c1-20(2)13-7-11-17-16-9-4-3-8-15(16)14-21-19-12-6-5-10-18(17)19/h3-6,8-12H,7,13-14H2,1-2H3/b17-11+",37441,CN(C)CC\C=C\1/c2ccccc2COc3ccccc13,NA
Input,Ichthynone,0.20641106,InputSig,NA,NA,LINCSCP_282481,PHH,10uM,24h,NA,NA,NA,NPYOKEDYJXYSTA-UHFFFAOYSA-N,"InChI=1S/C23H20O7/c1-23(2)6-5-12-21-14(8-19(26-4)22(12)30-23)20(24)15(10-27-21)13-7-17-18(29-11-28-17)9-16(13)25-3/h5-10H,11H2,1-4H3",711,COc1cc2C(=O)C(=COc2c3C=CC(C)(C)Oc13)c4cc5OCOc5cc4OC,NA
Input,BRD-K82750814,0.20637443,InputSig,NA,NA,LINCSCP_65186,VCAP,10uM,6h,prostate,NA,NA,DLNRXCNZCYEQJO-SFHLNBCPSA-N,"InChI=1S/C22H23BrN2O4/c1-29-22(28)16-4-2-14(3-5-16)10-24-11-18-21(15-6-8-17(23)9-7-15)19(13-26)25(18)20(27)12-24/h2-9,18-19,21,26H,10-13H2,1H3/t18-,19-,21-/m1/s1",33813,COC(=O)c1ccc(CN2C[C@@H]3[C@H]([C@@H](CO)N3C(=O)C2)c4ccc(Br)cc4)cc1,NA
Input,AC1O9CBL,0.20637332,InputSig,NA,NA,LINCSCP_10735,ASC,10uM,24h,adipose,NA,NA,KEZALDIRBVRQLC-XVLJERORSA-N,"InChI=1S/C51H47N3O11/c1-62-47(58)36(48(59)63-2)23-14-15-31-25-26-38-37(29-31)51(50(61)53-38)41(46(57)52-30-39(56)32-16-6-3-7-17-32)43-49(60)65-44(34-20-10-5-11-21-34)42(33-18-8-4-9-19-33)54(43)45(51)35-22-12-13-24-40(35)64-28-27-55/h3-13,16-22,24-26,29,36,39,41-45,55-56H,23,27-28,30H2,1-2H3,(H,52,57)(H,53,61)/t39-,41-,42-,43-,44+,45+,51-/m0/s1",23165,COC(=O)C(CC#Cc1ccc2NC(=O)[C@]3([C@@H]([C@@H]4N([C@H]([C@H](OC4=O)c5ccccc5)c6ccccc6)[C@@H]3c7ccccc7OCCO)C(=O)NC[C@H](O)c8ccccc8)c2c1)C(=O)OC,NA
Input,Digoxigenin,0.20628205,InputSig,NA,NA,LINCSCP_44297,PC3,10uM,6h,prostate,Steroid,NA,SHIBSTMRCDJXLN-KCZCNTNESA-N,"InChI=1S/C23H34O5/c1-21-7-5-15(24)10-14(21)3-4-17-18(21)11-19(25)22(2)16(6-8-23(17,22)27)13-9-20(26)28-12-13/h9,14-19,24-25,27H,3-8,10-12H2,1-2H3/t14-,15+,16-,17-,18+,19-,21+,22+,23+/m1/s1",35585,C[C@]12CC[C@H](O)C[C@H]1CC[C@@H]3[C@@H]2C[C@@H](O)[C@]4(C)[C@H](CC[C@]34O)C5=CC(=O)OC5,NA
Input,SA-1939126,0.20624222,InputSig,NA,NA,LINCSCP_260302,NKDBA,10uM,24h,kidney epithelial,NA,NA,GATATIFOBUODSE-QHCPKHFHSA-N,"InChI=1S/C28H26FN5O4/c1-38-19-9-10-20-22(12-19)32-25-23(13-35)34(27(37)31-18-7-5-17(29)6-8-18)16-28(24(20)25)14-33(15-28)26(36)21-4-2-3-11-30-21/h2-12,23,32,35H,13-16H2,1H3,(H,31,37)/t23-/m0/s1",12645,COc1ccc2c3c([nH]c2c1)[C@H](CO)N(CC34CN(C4)C(=O)c5ccccn5)C(=O)Nc6ccc(F)cc6,NA
Input,Brazilin,0.20620944,InputSig,NA,NA,LINCSCP_14664,HA1E,10uM,24h,kidney epithelial,Nitric oxide production inhibitor,NA,UWHUTZOCTZJUKC-UHFFFAOYSA-N,"InChI=1S/C16H14O5/c17-9-1-2-10-14(4-9)21-7-16(20)6-8-3-12(18)13(19)5-11(8)15(10)16/h1-5,15,17-20H,6-7H2",35437,Oc1ccc2C3c4cc(O)c(O)cc4CC3(O)COc2c1,NA
Input,Siguazodan,0.20619153,InputSig,NA,NA,LINCSCP_289727,VCAP,10uM,6h,prostate,Phosphodiesterase inhibitor,PDE3A,NUHPODZZKHQQET-UHFFFAOYSA-N,"InChI=1S/C14H16N6O/c1-9-7-12(21)19-20-13(9)10-3-5-11(6-4-10)18-14(16-2)17-8-15/h3-6,9H,7H2,1-2H3,(H,19,21)(H2,16,17,18)",32810,CNC(=Nc1ccc(cc1)C2=NNC(=O)CC2C)NC#N,NA
Input,CHEMBL2355430,0.20617248,InputSig,NA,NA,LINCSCP_65509,VCAP,10uM,6h,prostate,NA,NA,PIPSXTOHKBCCEO-BEAGFIRGSA-N,"InChI=1S/C37H46F4N4O5/c1-24-20-45(25(2)23-46)35(47)32-19-31(43-36(48)42-30-14-12-29(38)13-15-30)16-17-33(32)50-26(3)7-5-6-18-49-34(24)22-44(4)21-27-8-10-28(11-9-27)37(39,40)41/h8-17,19,24-26,34,46H,5-7,18,20-23H2,1-4H3,(H2,42,43,48)/t24-,25-,26+,34+/m0/s1",40248,C[C@@H](CO)N1C[C@H](C)[C@@H](CN(C)Cc2ccc(cc2)C(F)(F)F)OCCCC[C@@H](C)Oc3ccc(NC(=O)Nc4ccc(F)cc4)cc3C1=O,NA
Input,BRD-K46088987,0.20616452,InputSig,NA,NA,LINCSCP_50466,PHH,10uM,6h,NA,NA,NA,BPOGNEBUOZNYSO-GNKBHMEESA-N,"InChI=1S/C26H20FN3O2/c27-22-9-5-19(6-10-22)2-1-18-3-7-21(8-4-18)26-23(16-28)30(24(26)17-31)25(32)15-20-11-13-29-14-12-20/h3-14,23-24,26,31H,15,17H2/t23-,24-,26-/m0/s1",1817,OC[C@H]1[C@H]([C@H](C#N)N1C(=O)Cc2ccncc2)c3ccc(cc3)C#Cc4ccc(F)cc4,NA
Input,SPECTRUM_001092,0.20612612,InputSig,NA,NA,LINCSCP_138079,MCF7,3.33uM,24h,breast,Corticosteroid agonist|Glucocorticoid receptor agonist,NR3C1,WJOHZNCJWYWUJD-UUTDCOIBSA-N,"InChI=1S/C26H32F2O7/c1-13(29)33-12-20(32)26-21(34-22(2,3)35-26)10-15-16-9-18(27)17-8-14(30)6-7-23(17,4)25(16,28)19(31)11-24(15,26)5/h6-8,15-16,18-19,21,31H,9-12H2,1-5H3/t15?,16?,18-,19-,21+,23-,24-,25-,26+/m0/s1",120,CC(=O)OCC(=O)[C@@]12OC(C)(C)O[C@@H]1CC3C4C[C@H](F)C5=CC(=O)C=C[C@]5(C)[C@@]4(F)[C@@H](O)C[C@]23C,NA
Input,AC1M08Y6,0.20611665,InputSig,NA,NA,LINCSCP_52454,SKB,10uM,24h,NA,NA,NA,RPGHTMMYAWEOGC-LLVKDONJSA-N,"InChI=1S/C16H14ClN3/c1-11(12-7-3-2-4-8-12)18-15-13-9-5-6-10-14(13)19-16(17)20-15/h2-11H,1H3,(H,18,19,20)/t11-/m1/s1",15,C[C@@H](Nc1nc(Cl)nc2ccccc12)c3ccccc3,NA
Input,ML175,0.20602802,InputSig,NA,NA,LINCSCP_19656,HCC515,10uM,6h,lung,NA,NA,RPFLJHUKWQKWPO-UHFFFAOYSA-N,"InChI=1S/C13H13ClF3N3O4/c14-8-11(21)19(7-1-6-18-12(22)13(15,16)17)9-2-4-10(5-3-9)20(23)24/h2-5H,1,6-8H2,(H,18,22)",15765,[O-][N+](=O)c1ccc(cc1)N(CCCNC(=O)C(F)(F)F)C(=O)CCl,NA
Input,BRD-K28431278,0.20601323,InputSig,NA,NA,LINCSCP_64382,VCAP,5uM,6h,prostate,NA,NA,HICHWNNNCJDVID-LQZKXZFMSA-N,"InChI=1S/C32H43ClF3N3O7S/c1-21-18-39(22(2)20-40)31(42)27-17-25(37-47(43,44)26-11-8-24(33)9-12-26)10-13-28(27)46-23(3)7-5-6-16-45-29(21)19-38(4)30(41)14-15-32(34,35)36/h8-13,17,21-23,29,37,40H,5-7,14-16,18-20H2,1-4H3/t21-,22+,23-,29+/m0/s1",32417,C[C@H](CO)N1C[C@H](C)[C@@H](CN(C)C(=O)CCC(F)(F)F)OCCCC[C@H](C)Oc2ccc(NS(=O)(=O)c3ccc(Cl)cc3)cc2C1=O,NA
Input,BRD-K94177318,0.20600344,InputSig,NA,NA,LINCSCP_62067,VCAP,5uM,24h,prostate,NA,NA,VPHPWASIVZFRRJ-YTQUADARSA-N,"InChI=1S/C20H30N2O5S/c1-14-2-7-17(8-3-14)28(25,26)21-11-10-16-6-9-18(19(13-23)27-16)22-20(24)12-15-4-5-15/h2-3,7-8,15-16,18-19,21,23H,4-6,9-13H2,1H3,(H,22,24)/t16-,18-,19+/m0/s1",25307,Cc1ccc(cc1)S(=O)(=O)NCC[C@@H]2CC[C@H](NC(=O)CC3CC3)[C@@H](CO)O2,NA
Input,CHEMBL2133926,0.20598152,InputSig,NA,NA,LINCSCP_34191,MCF7,10uM,6h,breast,NA,NA,ZBLCOVKAEUNWGN-PKIAKLFDSA-N,"InChI=1S/C33H43N5O4/c1-22-18-38(23(2)21-39)32(40)17-26-16-27(36(3)4)14-15-30(26)42-31(22)20-37(5)19-24-10-12-25(13-11-24)33(41)35-29-9-7-6-8-28(29)34/h6-16,22-23,31,39H,17-21,34H2,1-5H3,(H,35,41)/t22-,23-,31+/m1/s1",36788,C[C@H](CO)N1C[C@@H](C)[C@H](CN(C)Cc2ccc(cc2)C(=O)Nc3ccccc3N)Oc4ccc(cc4CC1=O)N(C)C,NA
Input,Dephostatin,0.20588844,InputSig,NA,NA,LINCSCP_7183,A549,10uM,6h,lung,Tyrosine phosphatase inhibitor,PTPN1|PTPN6,HCJOLYFWJWJPTJ-UHFFFAOYSA-N,"InChI=1S/C7H8N2O3/c1-9(8-12)6-4-5(10)2-3-7(6)11/h2-4,10-11H,1H3",22868,CN(N=O)c1cc(O)ccc1O,NA
Input,WZ 4002,0.20578365,InputSig,NA,NA,LINCSCP_100327,HCC515,0.37uM,24h,lung,EGFR inhibitor,EGFR|ERBB2,ITTRLTNMFYIYPA-UHFFFAOYSA-N,"InChI=1S/C25H27ClN6O3/c1-4-23(33)28-17-6-5-7-19(14-17)35-24-20(26)16-27-25(30-24)29-21-9-8-18(15-22(21)34-3)32-12-10-31(2)11-13-32/h4-9,14-16H,1,10-13H2,2-3H3,(H,28,33)(H,27,29,30)",35277,COc1cc(ccc1Nc2ncc(Cl)c(Oc3cccc(NC(=O)C=C)c3)n2)N4CCN(C)CC4,NA
Input,BRD-K89146275,0.2057598,InputSig,NA,NA,LINCSCP_62824,VCAP,5uM,24h,prostate,NA,NA,XFQUVXMASIHRAZ-KHCICDEESA-N,"InChI=1S/C25H34N2O7S/c1-17-6-9-21(10-7-17)35(30,31)27(19(3)15-28)13-18(2)24(32-5)14-26(4)25(29)20-8-11-22-23(12-20)34-16-33-22/h6-12,18-19,24,28H,13-16H2,1-5H3/t18-,19-,24-/m1/s1",25172,CO[C@H](CN(C)C(=O)c1ccc2OCOc2c1)[C@H](C)CN([C@H](C)CO)S(=O)(=O)c3ccc(C)cc3,NA
Input,Cholic acid,0.20574992,InputSig,NA,NA,LINCSCP_139093,MCF7,3.33uM,24h,breast,Bile acid,CES1|FECH|PLA2G1B,BHQCQFFYRZLCQQ-OELDTZBJSA-N,"InChI=1S/C24H40O5/c1-13(4-7-21(28)29)16-5-6-17-22-18(12-20(27)24(16,17)3)23(2)9-8-15(25)10-14(23)11-19(22)26/h13-20,22,25-27H,4-12H2,1-3H3,(H,28,29)/t13-,14+,15-,16-,17+,18+,19-,20+,22+,23+,24-/m1/s1",36459,C[C@H](CCC(=O)O)[C@H]1CC[C@H]2[C@@H]3[C@H](O)C[C@@H]4C[C@H](O)CC[C@]4(C)[C@H]3C[C@H](O)[C@]12C,4
Input,GW9508,0.20567798,InputSig,NA,NA,LINCSCP_224668,HT29,10uM,6h,large intestine,Free Fatty Acid Receptor 1 (FFAR1; GPR40) Agonists|Free fatty acid receptor agonist|G protein coupled receptor agonist|G protein-coupled receptor agonist,FFAR1|FFAR4,DGENZVKCTGIDRZ-UHFFFAOYSA-N,"InChI=1S/C22H21NO3/c24-22(25)14-11-17-9-12-19(13-10-17)23-16-18-5-4-8-21(15-18)26-20-6-2-1-3-7-20/h1-10,12-13,15,23H,11,14,16H2,(H,24,25)",24050,OC(=O)CCc1ccc(NCc2cccc(Oc3ccccc3)c2)cc1,NA
Input,Lanatoside C,0.20562535,InputSig,NA,NA,LINCSCP_64840,VCAP,1uM,24h,prostate,Cardiac glycoside,NA,JAYAGJDXJIDEKI-YBYZECQXSA-N,"InChI=1S/C49H76O20/c1-21-43(67-38-17-32(53)44(22(2)62-38)68-39-18-33(64-24(4)51)45(23(3)63-39)69-46-42(58)41(57)40(56)34(19-50)66-46)31(52)16-37(61-21)65-27-9-11-47(5)26(14-27)7-8-29-30(47)15-35(54)48(6)28(10-12-49(29,48)59)25-13-36(55)60-20-25/h13,21-23,26-35,37-46,50,52-54,56-59H,7-12,14-20H2,1-6H3/t21-,22-,23-,26?,27+,28-,29?,30?,31+,32+,33+,34-,35-,37+,38+,39+,40-,41+,42-,43-,44-,45-,46+,47+,48+,49+/m1/s1",34258,C[C@H]1O[C@H](C[C@H](O)[C@@H]1O[C@H]2C[C@H](O)[C@H](O[C@H]3C[C@H](OC(=O)C)[C@H](O[C@@H]4O[C@H](CO)[C@@H](O)[C@H](O)[C@H]4O)[C@@H](C)O3)[C@@H](C)O2)O[C@H]5CC[C@@]6(C)C(CCC7C6C[C@@H](O)[C@]8(C)[C@H](CC[C@]78O)C9=CC(=O)OC9)C5,NA
Input,BRD-K08443710,0.20555023,InputSig,NA,NA,LINCSCP_8850,A549,5uM,24h,lung,NA,NA,UDUBVGLVALRKJF-PKOBYXMFSA-N,"InChI=1S/C21H29N3O3/c1-2-18(26)24-17(12-25)19(15-8-4-3-5-9-15)21(24)13-23(14-21)20(27)22-16-10-6-7-11-16/h3-5,8-9,16-17,19,25H,2,6-7,10-14H2,1H3,(H,22,27)/t17-,19+/m0/s1",31917,CCC(=O)N1[C@@H](CO)[C@@H](c2ccccc2)C13CN(C3)C(=O)NC4CCCC4,NA
Input,BRD-K12683703,0.20554548,InputSig,NA,NA,LINCSCP_186515,A375,10uM,24h,skin,NA,NA,DHFYMYKOVLGPGL-PBDKAQRYSA-N,"InChI=1S/C31H42N4O6/c1-20-16-35(21(2)19-36)29(37)25-10-7-11-26(33-31(40)32-24-8-5-4-6-9-24)28(25)41-27(20)18-34(3)17-22-12-14-23(15-13-22)30(38)39/h7,10-15,20-21,24,27,36H,4-6,8-9,16-19H2,1-3H3,(H,38,39)(H2,32,33,40)/t20-,21+,27-/m1/s1",31997,C[C@@H](CO)N1C[C@@H](C)[C@@H](CN(C)Cc2ccc(cc2)C(=O)O)Oc3c(NC(=O)NC4CCCCC4)cccc3C1=O,NA
Input,JNJ-7706621,0.20549629,InputSig,NA,NA,LINCSCP_10855,ASC,10uM,24h,adipose,CDK inhibitor,AURKA|AURKB|CDK1|CDK2,KDKUVYLMPJIGKA-UHFFFAOYSA-N,"InChI=1S/C15H12F2N6O3S/c16-10-2-1-3-11(17)12(10)13(24)23-14(18)21-15(22-23)20-8-4-6-9(7-5-8)27(19,25)26/h1-7H,(H2,19,25,26)(H3,18,20,21,22)",16295,Nc1nc(Nc2ccc(cc2)S(=O)(=O)N)nn1C(=O)c3c(F)cccc3F,NA
Input,NCGC00170421-01,0.20545175,InputSig,NA,NA,LINCSCP_17024,HA1E,10uM,6h,kidney epithelial,NA,NA,VTBPZZVSTIPNBO-RXFVIIJJSA-N,"InChI=1S/C29H28F3N3O9/c1-40-25-24(44-28(39)34-19-10-6-3-7-11-19)23(43-27(38)33-18-8-4-2-5-9-18)22(21(16-36)41-25)42-26(37)35-20-14-12-17(13-15-20)29(30,31)32/h2-15,21-25,36H,16H2,1H3,(H,33,38)(H,34,39)(H,35,37)/t21-,22-,23+,24-,25+/m1/s1",11499,CO[C@H]1O[C@H](CO)[C@@H](OC(=O)Nc2ccc(cc2)C(F)(F)F)[C@H](OC(=O)Nc3ccccc3)[C@H]1OC(=O)Nc4ccccc4,NA
Input,BRD-K71451869-001-01-2,0.20542698,InputSig,NA,NA,LINCSCP_34613,MCF7,10uM,6h,breast,Glucocorticoid receptor agonist,NR3C1,MUQNGPZZQDCDFT-VDJZZIFASA-N,"InChI=1S/C24H32ClFO5/c1-20(2)30-19-10-16-15-6-5-13-9-14(27)7-8-21(13,3)23(15,26)17(28)11-22(16,4)24(19,31-20)18(29)12-25/h9,15-17,19,28H,5-8,10-12H2,1-4H3/t15-,16+,17+,19-,21+,22+,23+,24-/m1/s1",1611,CC1(C)O[C@@H]2C[C@H]3[C@H]4CCC5=CC(=O)CC[C@]5(C)[C@@]4(F)[C@@H](O)C[C@]3(C)[C@@]2(O1)C(=O)CCl,NA
Input,17-DMAG (Alvespimycin) HCl,0.20539115,InputSig,NA,NA,LINCSCP_71735,A375,10uM,24h,skin,NA,NA,KUFRQPKVAWMTJO-TYVPZVKISA-N,"InChI=1S/C32H48N4O8/c1-18-14-22-27(34-12-13-36(5)6)24(37)17-23(29(22)39)35-31(40)19(2)10-9-11-25(42-7)30(44-32(33)41)21(4)16-20(3)28(38)26(15-18)43-8/h9-11,16-18,20,25-26,28,30,34,38H,12-15H2,1-8H3,(H2,33,41)(H,35,40)/b11-9-,19-10-,21-16+/t18-,20+,25+,26+,28-,30+/m1/s1",27317,CO[C@H]1C[C@H](C)CC2=C(NCCN(C)C)C(=O)C=C(NC(=O)\C(=C/C=C\[C@H](OC)[C@@H](OC(=O)N)\C(=C\[C@H](C)[C@H]1O)\C)\C)C2=O,NA
Input,SPIRONOLACTONE,0.20538861,InputSig,NA,NA,LINCSCP_80610,A375,10uM,24h,skin,Mineralocorticoid receptor antagonist,NR3C2,LXMSZDCAJNLERA-SRFJPPJVSA-N,"InChI=1S/C24H32O4S/c1-14(25)29-19-13-15-12-16(26)4-8-22(15,2)17-5-9-23(3)18(21(17)19)6-10-24(23)11-7-20(27)28-24/h12,17-19,21H,4-11,13H2,1-3H3/t17-,18-,19+,21?,22-,23-,24+/m0/s1",26641,CC(=O)S[C@@H]1CC2=CC(=O)CC[C@]2(C)[C@H]3CC[C@@]4(C)[C@@H](CC[C@@]45CCC(=O)O5)C13,NA
Input,Ritodrine,0.20537449,InputSig,NA,NA,LINCSCP_56758,VCAP,10uM,6h,prostate,Adrenergic receptor agonist,ADRB2,IOVGROKTTNBUGK-SJCJKPOMSA-N,"InChI=1S/C17H21NO3/c1-12(17(21)14-4-8-16(20)9-5-14)18-11-10-13-2-6-15(19)7-3-13/h2-9,12,17-21H,10-11H2,1H3/t12-,17-/m0/s1",18201,C[C@H](NCCc1ccc(O)cc1)[C@H](O)c2ccc(O)cc2,4
Input,Finasteride,0.20535557,InputSig,NA,NA,LINCSCP_14384,HA1E,10uM,24h,kidney epithelial,5 alpha reductase inhibitor,SRD5A1|SRD5A2,DBEPLOCGEIEOCV-WSBQPABSSA-N,"InChI=1S/C23H36N2O2/c1-21(2,3)25-20(27)17-8-7-15-14-6-9-18-23(5,13-11-19(26)24-18)16(14)10-12-22(15,17)4/h11,13-18H,6-10,12H2,1-5H3,(H,24,26)(H,25,27)/t14-,15-,16-,17+,18+,22-,23+/m0/s1",35463,CC(C)(C)NC(=O)[C@H]1CC[C@H]2[C@@H]3CC[C@H]4NC(=O)C=C[C@]4(C)[C@H]3CC[C@]12C,4
Input,dactinomycin,0.20535188,InputSig,NA,NA,LINCSCP_50016,PHH,10uM,24h,NA,RNA polymerase inhibitor,POLR2A,NA,NA,NA,NA,NA
Input,BRD-K33936059,0.20534296,InputSig,NA,NA,LINCSCP_309756,VCAP,30uM,24h,prostate,NA,NA,REUODRDBLQASAI-UHFFFAOYSA-N,"InChI=1S/C16H16N2O/c1-12-3-5-14(6-4-12)11-17-15-7-9-16(10-8-15)18-13(2)19/h3-11H,1-2H3,(H,18,19)",26441,CC(=O)Nc1ccc(cc1)N=Cc2ccc(C)cc2,NA
Input,CHEMBL2357005,0.20534224,InputSig,NA,NA,LINCSCP_20934,HCC515,0.37uM,24h,lung,NA,NA,HZYAIKCNCGBDKG-WGJGVDRFSA-N,"InChI=1S/C35H32N2O8/c38-19-32-34-28(27-15-23(9-13-29(27)45-34)37-35(40)22-8-12-30-31(14-22)42-20-41-30)16-26(44-32)17-33(39)36-18-21-6-10-25(11-7-21)43-24-4-2-1-3-5-24/h1-15,26,28,32,34,38H,16-20H2,(H,36,39)(H,37,40)/t26-,28+,32+,34-/m0/s1",16632,OC[C@H]1O[C@H](CC(=O)NCc2ccc(Oc3ccccc3)cc2)C[C@H]4[C@@H]1Oc5ccc(NC(=O)c6ccc7OCOc7c6)cc45,NA
Input,SMR000015484,0.2053281,InputSig,NA,NA,LINCSCP_4895,A549,10uM,24h,lung,NA,NA,MGHRGGHCCMMDND-ONEGZZNKSA-N,"InChI=1S/C19H22N4O2S/c1-3-4-12-23-15-16(22(2)18(25)21-17(15)24)20-19(23)26-13-8-11-14-9-6-5-7-10-14/h3-7,9-10H,8,11-13H2,1-2H3,(H,21,24,25)/b4-3+",132,C\C=C\Cn1c(SCCCc2ccccc2)nc3N(C)C(=O)NC(=O)c13,NA
Input,AC1LDJYQ,0.20532119,InputSig,NA,NA,LINCSCP_15808,HA1E,10uM,24h,kidney epithelial,NA,NA,JKMBWHNQJPEXPW-UHFFFAOYSA-N,"InChI=1S/C12H10F2N2O2/c1-18-11-6(13)4-7-8(9(11)14)5-2-3-15-12(17)10(5)16-7/h4,16H,2-3H2,1H3,(H,15,17)",16003,COc1c(F)cc2[nH]c3C(=O)NCCc3c2c1F,NA
Input,YK 4-279,0.20532086,InputSig,NA,NA,LINCSCP_592,A375,10uM,24h,skin,Apoptosis stimulant|Binding of RNA helicase A to the transcription factor EWS-FLI1 inhibitor,DHX9|FLI1,HLXSCTYHLQHQDJ-UHFFFAOYSA-N,"InChI=1S/C17H13Cl2NO4/c1-24-10-4-2-9(3-5-10)13(21)8-17(23)14-11(18)6-7-12(19)15(14)20-16(17)22/h2-7,23H,8H2,1H3,(H,20,22)",36321,COc1ccc(cc1)C(=O)CC2(O)C(=O)Nc3c(Cl)ccc(Cl)c23,NA
Input,ARG-A1-22,0.20527461,InputSig,NA,NA,LINCSCP_16076,HA1E,10uM,6h,kidney epithelial,NA,NA,LPQZIJMSKXXKMU-UHFFFAOYSA-N,"InChI=1S/C16H11ClN2O3/c17-14-12-8-4-5-9-13(12)18(16(20)15(14)19(21)22)10-11-6-2-1-3-7-11/h1-9H,10H2",25113,[O-][N+](=O)C1=C(Cl)c2ccccc2N(Cc3ccccc3)C1=O,NA
Input,BRD-K43048602,0.20521624,InputSig,NA,NA,LINCSCP_61233,VCAP,5uM,24h,prostate,NA,NA,OTFQVXLKCTXKNS-JXQFQVJHSA-N,"InChI=1S/C27H35N3O5/c1-6-25(31)30-15-18(2)24(34-5)16-29(4)27(33)22-13-12-21(14-23(22)35-17-19(30)3)28-26(32)20-10-8-7-9-11-20/h7-14,18-19,24H,6,15-17H2,1-5H3,(H,28,32)/t18-,19-,24-/m0/s1",36716,CCC(=O)N1C[C@H](C)[C@H](CN(C)C(=O)c2ccc(NC(=O)c3ccccc3)cc2OC[C@@H]1C)OC,NA
Input,331001-62-8,0.20520971,InputSig,NA,NA,LINCSCP_13351,FIBRNPC,10uM,6h,NA,WNT signaling inhibitor,NA,ZXSRRUROLCGTBS-ASEVQSCHSA-N,"InChI=1S/C21H22N4O2/c1-13(26)14-8-10-16(11-9-14)24-25-19(20(22)27)18-17-7-5-4-6-15(17)12-21(2,3)23-18/h4-11,23H,12H2,1-3H3,(H2,22,27)/b19-18+,25-24?",1182,CC(=O)c1ccc(cc1)\N=N\C(=C/2\NC(C)(C)Cc3ccccc23)\C(=O)N,NA
Input,PHA-767491,0.20515819,InputSig,NA,NA,LINCSCP_133455,MCF7,3.33uM,24h,breast,NA,NA,DKXHSOUZPMHNIZ-UHFFFAOYSA-N,"InChI=1S/C12H11N3O/c16-12-9-7-11(8-1-4-13-5-2-8)15-10(9)3-6-14-12/h1-2,4-5,7,15H,3,6H2,(H,14,16)",14183,O=C1NCCc2[nH]c(cc12)c3ccncc3,NA
Input,BRD-K31856043,0.20508799,InputSig,NA,NA,LINCSCP_2964,A375,10uM,6h,skin,NA,NA,QAVYVNAGSVFDOJ-IKTKBOKFSA-N,"InChI=1S/C36H45Cl2N5O5/c1-23-19-43(24(2)22-44)36(47)27-18-26(40-34(45)11-5-4-6-12-35(46)41-31-10-8-7-9-30(31)39)14-16-32(27)48-33(23)21-42(3)20-25-13-15-28(37)29(38)17-25/h7-10,13-18,23-24,33,44H,4-6,11-12,19-22,39H2,1-3H3,(H,40,45)(H,41,46)/t23-,24-,33-/m0/s1",32515,C[C@@H](CO)N1C[C@H](C)[C@H](CN(C)Cc2ccc(Cl)c(Cl)c2)Oc3ccc(NC(=O)CCCCCC(=O)Nc4ccccc4N)cc3C1=O,NA
Input,DR 2313,0.20508074,InputSig,NA,NA,LINCSCP_9877,A549,3uM,6h,lung,PARP inhibitor,NA,HRYKZAKEAVZGJD-UHFFFAOYSA-N,"InChI=1S/C8H10N2OS/c1-5-9-7-2-3-12-4-6(7)8(11)10-5/h2-4H2,1H3,(H,9,10,11)",38549,CC1=NC(=O)C2=C(CCSC2)N1,NA
Input,LY2334737,0.20507604,InputSig,NA,NA,LINCSCP_74645,A375,10uM,24h,skin,NA,NA,MEOYFIHNRBNEPI-UXIGCNINSA-N,"InChI=1S/C17H25F2N3O5/c1-3-5-10(6-4-2)14(25)20-12-7-8-22(16(26)21-12)15-17(18,19)13(24)11(9-23)27-15/h7-8,10-11,13,15,23-24H,3-6,9H2,1-2H3,(H,20,21,25,26)/t11-,13-,15-/m1/s1",26858,CCCC(CCC)C(=O)NC1=NC(=O)N(C=C1)[C@@H]2O[C@H](CO)[C@@H](O)C2(F)F,NA
Input,KUC104235N,0.20503521,InputSig,NA,NA,LINCSCP_210867,HA1E,10uM,6h,kidney epithelial,NA,NA,XAYUBJJWLVNUMR-UHFFFAOYSA-N,"InChI=1S/C25H29N3O4S/c1-28(19-21-6-4-3-5-7-21)17-16-26-25(29)22-10-8-20(9-11-22)18-27-33(30,31)24-14-12-23(32-2)13-15-24/h3-15,27H,16-19H2,1-2H3,(H,26,29)",35678,COc1ccc(cc1)S(=O)(=O)NCc2ccc(cc2)C(=O)NCCN(C)Cc3ccccc3,NA
Input,NCGC00179649-07,0.20484065,InputSig,NA,NA,LINCSCP_47553,PC3,10uM,24h,prostate,Glucocorticoid receptor agonist,NA,OIGNJSKKLXVSLS-JXJRQGLWSA-N,"InChI=1S/C21H28O5/c1-19-7-5-13(23)9-12(19)3-4-14-15-6-8-21(26,17(25)11-22)20(15,2)10-16(24)18(14)19/h5,7,9,14-16,18,22,24,26H,3-4,6,8,10-11H2,1-2H3/t14-,15+,16-,18+,19-,20-,21-/m0/s1",1607,C[C@]12C[C@H](O)[C@H]3[C@@H](CCC4=CC(=O)C=C[C@]34C)[C@H]1CC[C@]2(O)C(=O)CO,NA
Input,BRD-K46587586,0.20482021,InputSig,NA,NA,LINCSCP_63599,VCAP,5uM,6h,prostate,NA,NA,JDRFUATZRDBDCA-BARDWOONSA-N,"InChI=1S/C16H28N2O4/c1-18-8-12(19)9-21-10-15-14(18)6-5-13(22-15)7-16(20)17-11-3-2-4-11/h11-15,19H,2-10H2,1H3,(H,17,20)/t12-,13+,14-,15+/m1/s1",3253,CN1C[C@@H](O)COC[C@@H]2O[C@H](CC(=O)NC3CCC3)CC[C@@H]12,NA
Input,BRD-K13693445,0.20478323,InputSig,NA,NA,LINCSCP_8610,A549,5uM,24h,lung,NA,NA,VMOCTUISBGPURH-ZJSPYRCASA-N,"InChI=1S/C27H35N3O5/c31-23-17-30(16-20-2-1-3-22(14-20)21-6-8-28-9-7-21)25-5-4-24(35-26(25)19-34-18-23)15-27(32)29-10-12-33-13-11-29/h1-3,6-9,14,23-26,31H,4-5,10-13,15-19H2/t23-,24+,25-,26+/m1/s1",1834,O[C@H]1COC[C@@H]2O[C@H](CC(=O)N3CCOCC3)CC[C@H]2N(Cc4cccc(c4)c5ccncc5)C1,NA
Input,BG-1026,0.20471883,InputSig,NA,NA,LINCSCP_43457,NPC,10uM,24h,neural progenitor cells,NA,NA,SOSXJHXYTVYMTE-FYJGNVAPSA-N,"InChI=1S/C19H22N4O3/c24-18(6-2-1-3-7-19(25)23-26)22-21-13-15-8-10-16(11-9-15)17-5-4-12-20-14-17/h4-5,8-14,26H,1-3,6-7H2,(H,22,24)(H,23,25)/b21-13+",22060,ONC(=O)CCCCCC(=O)NN=Cc1ccc(cc1)c2cccnc2,NA
Input,AN-329/41044431,0.20469373,InputSig,NA,NA,LINCSCP_16421,HA1E,10uM,6h,kidney epithelial,NA,NA,SQGLDIRNJCBEHS-UHFFFAOYSA-N,"InChI=1S/C23H30N2O3S/c1-17-13-15-25(16-14-17)29(27,28)21-11-9-20(10-12-21)24-22(26)18-5-7-19(8-6-18)23(2,3)4/h5-12,17H,13-16H2,1-4H3,(H,24,26)",185,CC1CCN(CC1)S(=O)(=O)c2ccc(NC(=O)c3ccc(cc3)C(C)(C)C)cc2,NA
Input,SCHEMBL1995782,0.20468735,InputSig,NA,NA,LINCSCP_55126,THP1,0.001uM,6h,haematopoietic and lymphoid tissue,NA,NA,LEVLNVWBEBXEIX-LBPRGKRZSA-N,"InChI=1S/C14H17N3O2S/c1-10-7-16-8-11-3-2-4-13(14(10)11)20(18,19)17-6-5-12(15)9-17/h2-4,7-8,12H,5-6,9,15H2,1H3/t12-/m0/s1",11510,Cc1cncc2cccc(c12)S(=O)(=O)N3CC[C@H](N)C3,NA
Input,BRD-K31746020,0.20461356,InputSig,NA,NA,LINCSCP_59655,VCAP,5uM,24h,prostate,NA,NA,SWAMQWMVKYBBNH-IZVMNLJQSA-N,"InChI=1S/C31H43N5O6/c1-20-17-36(21(2)19-37)29(38)25-11-8-12-26(34-30(39)32-22-9-6-5-7-10-22)28(25)42-27(20)18-35(3)31(40)33-23-13-15-24(41-4)16-14-23/h8,11-16,20-22,27,37H,5-7,9-10,17-19H2,1-4H3,(H,33,40)(H2,32,34,39)/t20-,21-,27-/m0/s1",32510,COc1ccc(NC(=O)N(C)C[C@@H]2Oc3c(NC(=O)NC4CCCCC4)cccc3C(=O)N(C[C@@H]2C)[C@@H](C)CO)cc1,NA
Input,PAC-1,0.20458952,InputSig,NA,NA,LINCSCP_218826,HEC108,10uM,6h,endometrium,Caspase activator,CASP3,YQNRVGJCPCNMKT-LFVJCYFKSA-N,"InChI=1S/C23H28N4O2/c1-2-7-20-10-6-11-21(23(20)29)16-24-25-22(28)18-27-14-12-26(13-15-27)17-19-8-4-3-5-9-19/h2-6,8-11,16,29H,1,7,12-15,17-18H2,(H,25,28)/b24-16+",15122,Oc1c(CC=C)cccc1C=NNC(=O)CN2CCN(Cc3ccccc3)CC2,NA
Input,SPECTRUM_000894,0.20457911,InputSig,NA,NA,LINCSCP_33304,MCF7,10uM,24h,breast,Choleretic agent,NA,OHXPGWPVLFPUSM-NDGTYXLASA-N,"InChI=1S/C24H34O5/c1-13(4-7-21(28)29)16-5-6-17-22-18(12-20(27)24(16,17)3)23(2)9-8-15(25)10-14(23)11-19(22)26/h13-14,16-18,22H,4-12H2,1-3H3,(H,28,29)/t13-,14?,16-,17?,18?,22?,23+,24-/m1/s1",22436,C[C@H](CCC(=O)O)[C@H]1CCC2C3C(CC(=O)[C@]12C)[C@@]4(C)CCC(=O)CC4CC3=O,NA
Input,Hippeastrine,0.20457559,InputSig,NA,NA,LINCSCP_290166,VCAP,10uM,24h,prostate,Plant alkaloid,NA,DGQPIOQRPAGNGB-DANNLKNASA-N,"InChI=1S/C17H17NO5/c1-18-3-2-8-4-11(19)16-14(15(8)18)9-5-12-13(22-7-21-12)6-10(9)17(20)23-16/h4-6,11,14-16,19H,2-3,7H2,1H3/t11-,14-,15+,16+/m0/s1",15880,CN1CCC2=C[C@H](O)[C@H]3OC(=O)c4cc5OCOc5cc4[C@H]3[C@H]12,NA
Input,TSU-68,0.20450328,InputSig,NA,NA,LINCSCP_170987,YAPC,3.33uM,24h,pancreas,FGFR inhibitor|PDGFR tyrosine kinase receptor inhibitor|VEGFR inhibitor,AURKA|AURKB|FGFR1|FGFR2|FGFR3|FGFR4|KDR|PDGFRA|PDGFRB,NHFDRBXTEDBWCZ-ZROIWOOFSA-N,"InChI=1S/C18H18N2O3/c1-10-12(7-8-17(21)22)11(2)19-16(10)9-14-13-5-3-4-6-15(13)20-18(14)23/h3-6,9,19H,7-8H2,1-2H3,(H,20,23)(H,21,22)/b14-9-",37970,Cc1[nH]c(\C=C\2/C(=O)Nc3ccccc23)c(C)c1CCC(=O)O,3
Input,BRD-K92975271,0.204401,InputSig,NA,NA,LINCSCP_61000,VCAP,5uM,6h,prostate,NA,NA,AMMFZKQUXZGGMQ-DYLHXGEVSA-N,"InChI=1S/C30H34N6O4S/c1-19-14-36(15-21-12-31-18-32-13-21)20(2)17-40-25-10-9-22(11-23(25)30(38)35(3)16-26(19)39-4)33-28(37)29-34-24-7-5-6-8-27(24)41-29/h5-13,18-20,26H,14-17H2,1-4H3,(H,33,37)/t19-,20-,26-/m0/s1",4693,CO[C@H]1CN(C)C(=O)c2cc(NC(=O)c3nc4ccccc4s3)ccc2OC[C@H](C)N(Cc5cncnc5)C[C@@H]1C,NA
Input,Gingerol,0.20433427,InputSig,NA,NA,LINCSCP_4350,A549,10uM,6h,lung,Nitric oxide synthase inhibitor,NA,NLDDIKRKFXEWBK-AWEZNQCLSA-N,"InChI=1S/C17H26O4/c1-3-4-5-6-14(18)12-15(19)9-7-13-8-10-16(20)17(11-13)21-2/h8,10-11,14,18,20H,3-7,9,12H2,1-2H3/t14-/m0/s1",36970,CCCCC[C@H](O)CC(=O)CCc1ccc(O)c(OC)c1,NA
Input,MLS000718932,0.20428844,InputSig,NA,NA,LINCSCP_1803,A375,10uM,6h,skin,NA,NA,LKBYYUZEKINDPS-UHFFFAOYSA-N,"InChI=1S/C10H13N5O2/c1-4-5-6-11-7-8(15(3)13-6)12-10(17)14(2)9(7)16/h4-5H2,1-3H3",15531,CCCC1=NN(C)C2=NC(=O)N(C)C(=O)C2=N1,NA
Input,BAS 00448127,0.2042201,InputSig,NA,NA,LINCSCP_32348,MCF7,10uM,6h,breast,NA,NA,VFUBYRKVTAMKPI-UHFFFAOYSA-N,"InChI=1S/C17H14N2O4/c20-10-9-18-15(21)11-5-7-12(8-6-11)19-16(22)13-3-1-2-4-14(13)17(19)23/h1-8,20H,9-10H2,(H,18,21)",1428,OCCNC(=O)c1ccc(cc1)N2C(=O)c3ccccc3C2=O,NA
Input,7-Hydroxychlorpromazine,0.20421736,InputSig,NA,NA,LINCSCP_43292,NPC,10uM,6h,neural progenitor cells,NA,NA,HICFFJZGXWEIHN-UHFFFAOYSA-N,"InChI=1S/C17H19ClN2OS/c1-19(2)8-3-9-20-14-6-5-13(21)11-17(14)22-16-7-4-12(18)10-15(16)20/h4-7,10-11,21H,3,8-9H2,1-2H3",39752,CN(C)CCCN1c2ccc(O)cc2Sc3ccc(Cl)cc13,NA
Input,DIMINAZENE ACETURATE,0.2041793,InputSig,NA,NA,LINCSCP_110874,HELA,0.04uM,24h,large intestine,NA,NA,XNYZHCFCZNMTFY-UHFFFAOYSA-N,"InChI=1S/C14H15N7/c15-13(16)9-1-5-11(6-2-9)19-21-20-12-7-3-10(4-8-12)14(17)18/h1-8H,(H3,15,16)(H3,17,18)(H,19,20)",27176,NC(=N)c1ccc(N\N=N\c2ccc(cc2)C(=N)N)cc1,NA
Input,BRD-K14327282,0.20417526,InputSig,NA,NA,LINCSCP_60140,VCAP,5uM,24h,prostate,NA,NA,GVDJVSBPXRZCOM-IPVFLDMMSA-N,"InChI=1S/C27H36N4O4S/c1-20-15-31(21(2)18-32)36(33,34)27-11-10-23(9-8-22-6-4-5-7-22)12-25(27)35-26(20)17-30(3)16-24-13-28-19-29-14-24/h10-14,19-22,26,32H,4-7,15-18H2,1-3H3/t20-,21-,26-/m1/s1",1859,C[C@H](CO)N1C[C@@H](C)[C@@H](CN(C)Cc2cncnc2)Oc3cc(ccc3S1(=O)=O)C#CC4CCCC4,NA
Input,Lisofylline,0.20415176,InputSig,NA,NA,LINCSCP_104821,HELA,1.11uM,24h,large intestine,NA,NA,NSMXQKNUPPXBRG-UHFFFAOYSA-N,"InChI=1S/C13H20N4O3/c1-9(18)6-4-5-7-17-12(19)10-11(14-8-15(10)2)16(3)13(17)20/h8-9,18H,4-7H2,1-3H3",26927,CC(O)CCCCN1C(=O)N(C)c2ncn(C)c2C1=O,NA
Input,NUTLIN 3,0.20413855,InputSig,NA,NA,LINCSCP_867,A375,40uM,6h,skin,MDM inhibitor,MDM2,BDUHCSBCVGXTJM-UHFFFAOYSA-N,"InChI=1S/C30H30Cl2N4O4/c1-18(2)40-25-16-23(39-3)12-13-24(25)29-34-27(19-4-8-21(31)9-5-19)28(20-6-10-22(32)11-7-20)36(29)30(38)35-15-14-33-26(37)17-35/h4-13,16,18,27-28H,14-15,17H2,1-3H3,(H,33,37)",16112,COc1ccc(C2=NC(C(N2C(=O)N3CCNC(=O)C3)c4ccc(Cl)cc4)c5ccc(Cl)cc5)c(OC(C)C)c1,NA
Input,Lodoxamide,0.20413213,InputSig,NA,NA,LINCSCP_95272,HA1E,1.11uM,24h,kidney epithelial,NA,NA,RVGLGHVJXCETIO-UHFFFAOYSA-N,"InChI=1S/C11H6ClN3O6/c12-7-5(14-8(16)10(18)19)1-4(3-13)2-6(7)15-9(17)11(20)21/h1-2H,(H,14,16)(H,15,17)(H,18,19)(H,20,21)",27190,OC(=O)C(=O)Nc1cc(cc(NC(=O)C(=O)O)c1Cl)C#N,4
Input,KUC104254,0.20411388,InputSig,NA,NA,LINCSCP_5481,A549,10uM,6h,lung,NA,NA,YKIPCRAQHJHAKU-UHFFFAOYSA-N,"InChI=1S/C28H24ClN5O3/c1-36-23-7-3-5-20(15-23)24-17-27(32-9-11-33(12-10-32)28(35)21-8-13-37-18-21)34-26(30-24)16-25(31-34)19-4-2-6-22(29)14-19/h2-8,13-18H,9-12H2,1H3",35574,COc1cccc(c1)c2cc(N3CCN(CC3)C(=O)c4cocc4)n5nc(cc5n2)c6cccc(Cl)c6,NA
Input,ST014075,0.20410636,InputSig,NA,NA,LINCSCP_34001,MCF7,10uM,6h,breast,NA,NA,OWUGRTFMDNGWSS-UHFFFAOYSA-N,"InChI=1S/C21H24N2OS2/c1-3-23(4-2)21-16-9-6-5-8-15(16)12-20(17(21)13-22)26-14-18(24)19-10-7-11-25-19/h7,10-12H,3-6,8-9,14H2,1-2H3",206,CCN(CC)c1c2CCCCc2cc(SCC(=O)c3cccs3)c1C#N,NA
Input,ST078797,0.20404465,InputSig,NA,NA,LINCSCP_16615,HA1E,10uM,6h,kidney epithelial,NA,NA,VGGMIZQVTWIWTG-UHFFFAOYSA-N,"InChI=1S/C21H20N4O2S/c1-24-20(18-11-6-12-27-18)22-23-21(24)28-13-19(26)25-16-9-4-2-7-14(16)15-8-3-5-10-17(15)25/h2,4,6-7,9,11-12H,3,5,8,10,13H2,1H3",188,Cn1c(SCC(=O)n2c3CCCCc3c4ccccc24)nnc1c5occc5,NA
Input,MLS001163538,0.204037,InputSig,NA,NA,LINCSCP_57523,VCAP,10uM,24h,prostate,PPAR receptor agonist,PPARG,CNMBEYAZXFHTTF-DEDYPNTBSA-N,"InChI=1S/C24H21N3O4S2/c1-15-12-18(31-2)8-9-19(15)22-16(14-27(25-22)17-6-4-3-5-7-17)13-20-23(30)26(24(32)33-20)11-10-21(28)29/h3-9,12-14H,10-11H2,1-2H3,(H,28,29)/b20-13+",17521,COc1ccc(c(C)c1)c2nn(cc2\C=C/3\SC(=S)N(CCC(=O)O)C3=O)c4ccccc4,NA
Input,Herniarin,0.20401011,InputSig,NA,NA,LINCSCP_289316,VCAP,10uM,24h,prostate,Acetylcholinesterase inhibitor,NA,LIIALPBMIOVAHH-UHFFFAOYSA-N,"InChI=1S/C10H8O3/c1-12-8-4-2-7-3-5-10(11)13-9(7)6-8/h2-6H,1H3",36049,COc1ccc2C=CC(=O)Oc2c1,NA
Input,PIK-75,0.20400005,InputSig,NA,NA,LINCSCP_11101,ASC,10uM,24h,adipose,DNA protein kinase inhibitor|PI3K inhibitor,PIK3CA,NA,NA,NA,NA,NA
Input,Oligomycin A,0.20394012,InputSig,NA,NA,LINCSCP_51067,RMUGS,10uM,6h,ovary,ATPase inhibitor|ATP synthase inhibitor,ATP5A1,MNULEGDCPYONBU-VVXVDZGXSA-N,"InChI=1S/C45H74O11/c1-12-34-17-15-13-14-16-27(4)42(51)44(11,53)43(52)32(9)40(50)31(8)39(49)30(7)38(48)26(3)18-21-37(47)54-41-29(6)35(20-19-34)55-45(33(41)10)23-22-25(2)36(56-45)24-28(5)46/h13-15,17-18,21,25-36,38,40-42,46,48,50-51,53H,12,16,19-20,22-24H2,1-11H3/b14-13+,17-15+,21-18+/t25-,26-,27+,28+,29+,30-,31+,32+,33-,34?,35?,36?,38+,40-,41?,42-,44+,45?/m1/s1",42685,CCC1CCC2OC3(CC[C@@H](C)C(C[C@H](C)O)O3)[C@H](C)C(OC(=O)\C=C\[C@@H](C)[C@H](O)[C@@H](C)C(=O)[C@H](C)[C@@H](O)[C@H](C)C(=O)[C@@](C)(O)[C@H](O)[C@@H](C)C\C=C\C=C\1)[C@H]2C,NA
Input,CHEMBL2143684,0.20389039,InputSig,NA,NA,LINCSCP_37339,MCF7,10uM,6h,breast,NA,NA,YCMQTTLPFMFYTR-MEYXWREJSA-N,"InChI=1S/C35H43N5O5/c1-22-18-40(23(2)21-41)33(42)17-27-16-28(37-34(43)26-12-13-26)14-15-31(27)45-32(22)20-39(3)19-24-8-10-25(11-9-24)35(44)38-30-7-5-4-6-29(30)36/h4-11,14-16,22-23,26,32,41H,12-13,17-21,36H2,1-3H3,(H,37,43)(H,38,44)/t22-,23+,32-/m1/s1",17585,C[C@@H](CO)N1C[C@@H](C)[C@@H](CN(C)Cc2ccc(cc2)C(=O)Nc3ccccc3N)Oc4ccc(NC(=O)C5CC5)cc4CC1=O,NA
Input,BRD-K77162730,0.20388013,InputSig,NA,NA,LINCSCP_61825,VCAP,5uM,24h,prostate,NA,NA,YLLZUOSUTCBCJJ-ZQYQINFJSA-N,"InChI=1S/C22H27FN2O5S/c1-15(16-6-3-2-4-7-16)24-22(27)13-18-10-11-20(21(14-26)30-18)25-31(28,29)19-9-5-8-17(23)12-19/h2-9,12,15,18,20-21,25-26H,10-11,13-14H2,1H3,(H,24,27)/t15-,18-,20-,21-/m1/s1",5830,C[C@@H](NC(=O)C[C@H]1CC[C@@H](NS(=O)(=O)c2cccc(F)c2)[C@@H](CO)O1)c3ccccc3,NA
Input,ST50910137,0.20383776,InputSig,NA,NA,LINCSCP_15918,HA1E,10uM,6h,kidney epithelial,NA,NA,QZBXORJMNFUQQM-UHFFFAOYSA-N,"InChI=1S/C17H23NO/c1-11(2)13-5-7-15(8-6-13)18-17(19)16-10-12-3-4-14(16)9-12/h5-8,11-12,14,16H,3-4,9-10H2,1-2H3,(H,18,19)",15214,CC(C)c1ccc(NC(=O)C2CC3CCC2C3)cc1,NA
Input,MLS002473428,0.20382283,InputSig,NA,NA,LINCSCP_16114,HA1E,10uM,6h,kidney epithelial,NA,NA,KQEADXFHFJZFID-UHFFFAOYSA-N,"InChI=1S/C22H22N2O5/c1-24-18-11-6-4-9-16(18)19(14-21(24)26)29-13-7-12-20(25)23-17-10-5-3-8-15(17)22(27)28-2/h3-6,8-11,14H,7,12-13H2,1-2H3,(H,23,25)",35541,COC(=O)c1ccccc1NC(=O)CCCOC2=CC(=O)N(C)c3ccccc23,NA
Input,BRD-K94136966,0.20381138,InputSig,NA,NA,LINCSCP_62423,VCAP,5uM,6h,prostate,NA,NA,HFIMGBHSBJMCIP-VGOBXOCWSA-N,"InChI=1S/C23H23NO8/c1-28-21(26)9-14-8-16-15-7-13(3-5-17(15)32-22(16)20(10-25)31-14)24-23(27)12-2-4-18-19(6-12)30-11-29-18/h2-7,14,16,20,22,25H,8-11H2,1H3,(H,24,27)/t14-,16+,20+,22-/m0/s1",4729,COC(=O)C[C@@H]1C[C@H]2[C@H](Oc3ccc(NC(=O)c4ccc5OCOc5c4)cc23)[C@@H](CO)O1,NA
Input,Capsaicin,0.20377988,InputSig,NA,NA,LINCSCP_57136,VCAP,100uM,6h,prostate,TRPV agonist,TRPV1,YKPUWZUDDOIDPM-SOFGYWHQSA-N,"InChI=1S/C18H27NO3/c1-14(2)8-6-4-5-7-9-18(21)19-13-15-10-11-16(20)17(12-15)22-3/h6,8,10-12,14,20H,4-5,7,9,13H2,1-3H3,(H,19,21)/b8-6+",37298,COc1cc(CNC(=O)CCCC\C=C\C(C)C)ccc1O,4
Input,Osthole,0.20372421,InputSig,NA,NA,LINCSCP_11319,ASC,10uM,24h,adipose,Calcium channel blocker,NA,MBRLOUHOWLUMFF-UHFFFAOYSA-N,"InChI=1S/C15H16O3/c1-10(2)4-7-12-13(17-3)8-5-11-6-9-14(16)18-15(11)12/h4-6,8-9H,7H2,1-3H3",15935,COc1ccc2C=CC(=O)Oc2c1CC=C(C)C,NA
Input,MLS003329222,0.2037039,InputSig,NA,NA,LINCSCP_1750,A375,10uM,6h,skin,NA,NA,FECDNNKZAXOAIW-UHFFFAOYSA-N,"InChI=1S/C24H22N4O3/c1-28-20-6-3-2-5-19(20)21(16-24(28)30)31-14-4-7-23(29)27-22-15-18(10-13-26-22)17-8-11-25-12-9-17/h2-3,5-6,8-13,15-16H,4,7,14H2,1H3,(H,26,27,29)",1225,CN1C(=O)C=C(OCCCC(=O)Nc2cc(ccn2)c3ccncc3)c4ccccc14,NA
Input,Lersivirine,0.20367982,InputSig,NA,NA,LINCSCP_138799,MCF7,3.33uM,24h,breast,NA,NA,MCPUZZJBAHRIPO-UHFFFAOYSA-N,"InChI=1S/C17H18N4O2/c1-3-15-17(16(4-2)21(20-15)5-6-22)23-14-8-12(10-18)7-13(9-14)11-19/h7-9,22H,3-6H2,1-2H3",27053,CCc1nn(CCO)c(CC)c1Oc2cc(cc(c2)C#N)C#N,2
Input,Prothiaden Spofa,0.20362305,InputSig,NA,NA,LINCSCP_52760,SKB,10uM,24h,NA,Norepinephrine reuptake inhibitor|Serotonin reuptake inhibitor|Tricyclic antidepressant,SLC6A2|SLC6A4,PHTUQLWOUWZIMZ-GZTJUZNOSA-N,"InChI=1S/C19H21NS/c1-20(2)13-7-11-17-16-9-4-3-8-15(16)14-21-19-12-6-5-10-18(17)19/h3-6,8-12H,7,13-14H2,1-2H3/b17-11+",17571,CN(C)CC\C=C\1/c2ccccc2CSc3ccccc13,4
Input,Pimasertib,0.20359045,InputSig,NA,NA,LINCSCP_11089,ASC,10uM,24h,adipose,MEK inhibitor,MAP2K1|MAP2K2,VIUAUNHCRHHYNE-JTQLQIEISA-N,"InChI=1S/C15H15FIN3O3/c16-12-5-9(17)1-2-13(12)20-14-7-18-4-3-11(14)15(23)19-6-10(22)8-21/h1-5,7,10,20-22H,6,8H2,(H,19,23)/t10-/m0/s1",36587,OC[C@@H](O)CNC(=O)c1ccncc1Nc2ccc(I)cc2F,2
Input,BRD-K47303556,0.20354404,InputSig,NA,NA,LINCSCP_63700,VCAP,5uM,24h,prostate,NA,NA,MKIQWJGRPCGZSV-XLAORIBOSA-N,"InChI=1S/C19H29N3O4/c1-2-21-19(24)9-16-3-4-17-18(26-16)13-25-12-15(23)11-22(17)10-14-5-7-20-8-6-14/h5-8,15-18,23H,2-4,9-13H2,1H3,(H,21,24)/t15-,16-,17-,18+/m0/s1",24735,CCNC(=O)C[C@@H]1CC[C@H]2[C@@H](COC[C@@H](O)CN2Cc3ccncc3)O1,NA
Input,Ouabain,0.20351238,InputSig,NA,NA,LINCSCP_44458,PC3,10uM,6h,prostate,ATPase inhibitor,ATP1A1,LPMXVESGRSUGHW-HBYQJFLCSA-N,"InChI=1S/C29H44O12/c1-13-22(34)23(35)24(36)25(40-13)41-15-8-19(32)28(12-30)21-17(3-5-27(28,37)9-15)29(38)6-4-16(14-7-20(33)39-11-14)26(29,2)10-18(21)31/h7,13,15-19,21-25,30-32,34-38H,3-6,8-12H2,1-2H3/t13-,15-,16+,17+,18+,19+,21+,22-,23+,24+,25-,26+,27-,28+,29-/m0/s1",15585,C[C@@H]1O[C@@H](O[C@H]2C[C@@H](O)[C@]3(CO)[C@H]4[C@H](O)C[C@]5(C)[C@H](CC[C@]5(O)[C@@H]4CC[C@]3(O)C2)C6=CC(=O)OC6)[C@H](O)[C@H](O)[C@H]1O,4
Input,CT-200783,0.20345798,InputSig,NA,NA,LINCSCP_29109,JHUEM2,10uM,6h,endometrium,NA,NA,MUVPSNBQKUTVPB-VOTSOKGWSA-N,"InChI=1S/C22H30N2O6/c1-27-18-15-17(6-7-21(26)24-8-4-3-5-20(24)25)16-19(28-2)22(18)30-14-11-23-9-12-29-13-10-23/h6-7,15-16H,3-5,8-14H2,1-2H3/b7-6+",5373,COc1cc(\C=C\C(=O)N2CCCCC2=O)cc(OC)c1OCCN3CCOCC3,NA
Input,L-690488,0.2034348,InputSig,NA,NA,LINCSCP_13562,H1299,10uM,6h,lung,Inositol monophosphatase inhibitor,IMPA1,LOTSPVPQHAUHCE-UHFFFAOYSA-N,"InChI=1S/C32H52O16P2/c1-28(2,3)24(34)40-18-44-49(38,45-19-41-25(35)29(4,5)6)32(13,48-23-16-14-22(33)15-17-23)50(39,46-20-42-26(36)30(7,8)9)47-21-43-27(37)31(10,11)12/h14-17,33H,18-21H2,1-13H3",16182,CC(C)(C)C(=O)OCOP(=O)(OCOC(=O)C(C)(C)C)C(C)(Oc1ccc(O)cc1)P(=O)(OCOC(=O)C(C)(C)C)OCOC(=O)C(C)(C)C,NA
Input,AT-9283,0.20341146,InputSig,NA,NA,LINCSCP_136654,MCF7,0.37uM,24h,breast,Abl kinase inhibitor|Aurora kinase inhibitor|Bcr-Abl kinase inhibitor|FLT3 inhibitor|JAK inhibitor|Mitotic inhibitor|Protein kinase inhibitor,ABL1|AURKA|AURKB|FLT3|JAK2|JAK3,LOLPPWBBNUVNQZ-UHFFFAOYSA-N,"InChI=1S/C19H23N7O2/c27-19(21-13-2-3-13)24-16-10-20-25-17(16)18-22-14-4-1-12(9-15(14)23-18)11-26-5-7-28-8-6-26/h1,4,9-10,13H,2-3,5-8,11H2,(H,20,25)(H,22,23)(H2,21,24,27)",16759,O=C(NC1CC1)Nc2c[nH]nc2c3nc4cc(CN5CCOCC5)ccc4[nH]3,2
Input,SPECTRUM_001873,0.20340808,InputSig,NA,NA,LINCSCP_140049,MCF7,0.12uM,24h,breast,NA,NA,VHRSUDSXCMQTMA-IETLARDKSA-N,"InChI=1S/C22H30O5/c1-12-8-14-15-5-7-22(27,18(26)11-23)21(15,3)10-17(25)19(14)20(2)6-4-13(24)9-16(12)20/h4,6,9,12,14-15,17,19,23,25,27H,5,7-8,10-11H2,1-3H3/t12-,14?,15?,17-,19?,20-,21-,22-/m0/s1",34365,C[C@H]1CC2C3CC[C@](O)(C(=O)CO)[C@@]3(C)C[C@H](O)C2[C@@]4(C)C=CC(=O)C=C14,NA
Input,AC1LFTYS,0.20340795,InputSig,NA,NA,LINCSCP_26308,HT29,10uM,6h,large intestine,NA,NA,QYEYTJAHIFEBPH-UHFFFAOYSA-N,"InChI=1S/C17H14N2O3S/c1-11(20)19(13-8-4-5-9-14(13)22-2)18-17-16(21)12-7-3-6-10-15(12)23-17/h3-10H,1-2H3",1132,COc1ccccc1N(N=C2Sc3ccccc3C2=O)C(=O)C,NA
Input,BRD-K60460488-066-01-0,0.20339481,InputSig,NA,NA,LINCSCP_6433,A549,10uM,24h,lung,HIV protease inhibitor,CYP1A2|CYP2B6|CYP2C19|CYP2C9|CYP2D6|CYP3A4|CYP3A7,QAGYKUNXZHXKMR-BBDMRMKHSA-N,"InChI=1S/C32H45N3O4S/c1-21-25(15-10-16-28(21)36)30(38)33-26(20-40-24-13-6-5-7-14-24)29(37)19-35-18-23-12-9-8-11-22(23)17-27(35)31(39)34-32(2,3)4/h5-7,10,13-16,22-23,26-27,29,36-37H,8-9,11-12,17-20H2,1-4H3,(H,33,38)(H,34,39)/t22-,23+,26+,27+,29-/m1/s1",22276,Cc1c(O)cccc1C(=O)N[C@@H](CSc2ccccc2)[C@H](O)CN3C[C@@H]4CCCC[C@@H]4C[C@H]3C(=O)NC(C)(C)C,NA
Input,BRD-K57064803,0.20336318,InputSig,NA,NA,LINCSCP_23451,HEPG2,10uM,24h,liver,NA,NA,MRJCPWMBHXTRFB-ACEYUQJJSA-N,"InChI=1S/C29H32N2O5/c1-31(2)20-10-13-26-24(14-20)25-15-23(35-27(18-32)29(25)36-26)16-28(33)30-17-19-8-11-22(12-9-19)34-21-6-4-3-5-7-21/h3-14,23,25,27,29,32H,15-18H2,1-2H3,(H,30,33)/t23-,25-,27-,29+/m1/s1",23510,CN(C)c1ccc2O[C@@H]3[C@@H](CO)O[C@@H](CC(=O)NCc4ccc(Oc5ccccc5)cc4)C[C@@H]3c2c1,NA
Input,BRD-K38477985,0.20329386,InputSig,NA,NA,LINCSCP_44462,PC3,10uM,6h,prostate,Protein tyrosine kinase inhibitor,EGFR,MKUVGSJPVXTADZ-UHFFFAOYSA-N,"InChI=1S/C18H22N2O/c1-17(2,3)14-9-12(8-13(11-19)20-7)10-15(16(14)21)18(4,5)6/h8-10,21H,1-6H3",25007,CC(C)(C)c1cc(C=C(C#N)[N+]#[C-])cc(c1O)C(C)(C)C,NA
Input,SCHEMBL3958507,0.20325493,InputSig,NA,NA,LINCSCP_234977,MCF10A,10uM,6h,breast epithelial,Protein kinase inhibitor,COQ8B|EGFR,IMEGLYUXMGWVQA-UHFFFAOYSA-N,"InChI=1S/C26H32ClN7O4S/c1-15(2)39(36,37)21-7-5-4-6-19(21)30-25-22(27)23(28)32-26(33-25)31-18-9-8-17(14-20(18)38-3)34-12-10-16(11-13-34)24(29)35/h4-9,14-16H,10-13H2,1-3H3,(H2,29,35)(H4,28,30,31,32,33)",36401,COc1cc(ccc1Nc2nc(N)c(Cl)c(Nc3ccccc3S(=O)(=O)C(C)C)n2)N4CCC(CC4)C(=O)N,NA
Input,SCHEMBL6468298,0.20325188,InputSig,NA,NA,LINCSCP_294376,VCAP,10uM,24h,prostate,NA,NA,VPRUVRPQZVHKTA-OXYPMYLPSA-N,"InChI=1S/C34H38N4O6S/c1-22-15-17-26(18-16-22)45(42,43)37(4)20-31-23(2)19-38(24(3)21-39)33(40)28-12-8-14-30(32(28)44-31)36-34(41)35-29-13-7-10-25-9-5-6-11-27(25)29/h5-18,23-24,31,39H,19-21H2,1-4H3,(H2,35,36,41)/t23-,24+,31+/m1/s1",36656,C[C@@H](CO)N1C[C@@H](C)[C@H](CN(C)S(=O)(=O)c2ccc(C)cc2)Oc3c(NC(=O)Nc4cccc5ccccc45)cccc3C1=O,NA
Input,BRD-K00141503,0.20323158,InputSig,NA,NA,LINCSCP_143488,MCF7,0.04uM,24h,breast,NA,NA,CWJBQADCDQSGJH-BZPMIXESSA-N,"InChI=1S/C14H17BrN2O4S/c1-22(20,21)16-6-11-14(9-2-4-10(15)5-3-9)12(8-18)17(11)13(19)7-16/h2-5,11-12,14,18H,6-8H2,1H3/t11-,12-,14+/m1/s1",11598,CS(=O)(=O)N1C[C@@H]2[C@@H]([C@@H](CO)N2C(=O)C1)c3ccc(Br)cc3,NA
Input,Podofilox,0.20321395,InputSig,NA,NA,LINCSCP_14459,HA1E,10uM,24h,kidney epithelial,Microtubule inhibitor|Tubulin inhibitor,NA,YJGVMLPVUAXIQN-XVVDYKMHSA-N,"InChI=1S/C22H22O8/c1-25-16-4-10(5-17(26-2)21(16)27-3)18-11-6-14-15(30-9-29-14)7-12(11)20(23)13-8-28-22(24)19(13)18/h4-7,13,18-20,23H,8-9H2,1-3H3/t13-,18+,19-,20-/m0/s1",18131,COc1cc(cc(OC)c1OC)[C@H]2[C@@H]3[C@H](COC3=O)[C@@H](O)c4cc5OCOc5cc24,4
Input,NMS-1286937,0.20314941,InputSig,NA,NA,LINCSCP_96658,HA1E,0.12uM,24h,kidney epithelial,NA,NA,QHLVBNKYJGBCQJ-UHFFFAOYSA-N,"InChI=1S/C24H27F3N8O3/c1-33-6-8-34(9-7-33)15-3-5-18(38-24(25,26)27)17(12-15)30-23-29-13-14-2-4-16-20(22(28)37)32-35(10-11-36)21(16)19(14)31-23/h3,5,12-13,36H,2,4,6-11H2,1H3,(H2,28,37)(H,29,30,31)",27018,CN1CCN(CC1)c2ccc(OC(F)(F)F)c(Nc3ncc4CCc5c(nn(CCO)c5c4n3)C(=O)N)c2,NA
Input,BRD-K57420195,0.20311015,InputSig,NA,NA,LINCSCP_43147,NPC,10uM,24h,neural progenitor cells,NA,NA,LGSDFNLODLFSRV-XMMPIXPASA-N,"InChI=1S/C28H28N4O3/c1-35-21-9-10-22-23(12-21)30-26-24(15-33)32(27(34)20-8-5-11-29-13-20)18-28(25(22)26)16-31(17-28)14-19-6-3-2-4-7-19/h2-13,24,30,33H,14-18H2,1H3/t24-/m1/s1",33157,COc1ccc2c3c([nH]c2c1)[C@@H](CO)N(CC34CN(Cc5ccccc5)C4)C(=O)c6cccnc6,NA
Input,Pracinostat,0.20310427,InputSig,NA,NA,LINCSCP_108640,HELA,0.04uM,24h,large intestine,NA,NA,JHDKZFFAIZKUCU-ZRDIBKRKSA-N,"InChI=1S/C20H30N4O2/c1-4-7-8-19-21-17-15-16(10-12-20(25)22-26)9-11-18(17)24(19)14-13-23(5-2)6-3/h9-12,15,26H,4-8,13-14H2,1-3H3,(H,22,25)/b12-10+",6114,CCCCc1nc2cc(\C=C\C(=O)NO)ccc2n1CCN(CC)CC,NA
Input,NVP-AEW541,0.20309929,InputSig,NA,NA,LINCSCP_24838,HS578T,0.1uM,24h,breast,IGF-1 inhibitor,IGF1R,MJEHBQIPZHTMNZ-AQYVVDRMSA-N,"InChI=1S/C27H29N5O/c28-26-25-24(21-7-9-23(10-8-21)33-17-19-5-2-1-3-6-19)16-32(27(25)30-18-29-26)22-13-20(14-22)15-31-11-4-12-31/h1-3,5-10,16,18,20,22H,4,11-15,17H2,(H2,28,29,30)/t20-,22-",22084,Nc1ncnc2c1c(cn2[C@@H]3C[C@@H](CN4CCC4)C3)c5ccc(OCc6ccccc6)cc5,NA
Input,BRD-K75964914,0.20307304,InputSig,NA,NA,LINCSCP_62577,VCAP,5uM,6h,prostate,NA,NA,FBZDSUDTYUQYGJ-YZDMAOCNSA-N,"InChI=1S/C28H36N4O5/c33-18-25-28-23(16-21(36-25)17-26(34)30-10-13-32-11-2-1-3-12-32)22-15-20(4-5-24(22)37-28)31-27(35)14-19-6-8-29-9-7-19/h4-9,15,21,23,25,28,33H,1-3,10-14,16-18H2,(H,30,34)(H,31,35)/t21-,23+,25-,28-/m1/s1",5188,OC[C@H]1O[C@@H](CC(=O)NCCN2CCCCC2)C[C@@H]3[C@H]1Oc4ccc(NC(=O)Cc5ccncc5)cc34,NA
Input,omeprazole,0.20307002,InputSig,NA,NA,LINCSCP_105069,HELA,0.04uM,24h,large intestine,NA,NA,NA,NA,NA,NA,NA
Input,CEFEPIME HYDROCHLORIDE,0.20297751,InputSig,NA,NA,LINCSCP_137742,MCF7,10uM,24h,breast,NA,NA,HVFLCNVBZFFHBT-UHFFFAOYSA-O,"InChI=1S/C19H24N6O5S2/c1-25(5-3-4-6-25)7-10-8-31-17-13(16(27)24(17)14(10)18(28)29)22-15(26)12(23-30-2)11-9-32-19(20)21-11/h9,13,17H,3-8H2,1-2H3,(H3-,20,21,22,26,28,29)/p+1",26472,CON=C(C(=O)NC1C2SCC(=C(N2C1=O)C(=O)O)C[N+]3(C)CCCC3)c4csc(N)n4,NA
Input,GW-5074,0.20297612,InputSig,NA,NA,LINCSCP_164983,SKL.C,0.04uM,24h,NA,Leucine rich repeat kinase inhibitor|RAF inhibitor,RAF1,LMXYVLFTZRPNRV-KMKOMSMNSA-N,"InChI=1S/C15H8Br2INO2/c16-11-4-7(5-12(17)14(11)20)3-10-9-6-8(18)1-2-13(9)19-15(10)21/h1-6,20H,(H,19,21)/b10-3-",37524,Oc1c(Br)cc(\C=C\2/C(=O)Nc3ccc(I)cc23)cc1Br,NA
Input,N-Bromoacetyltryptamine,0.20296146,InputSig,NA,NA,LINCSCP_43319,NPC,10uM,6h,neural progenitor cells,Melatonin secretion inhibitor,NA,TZRUZONGYSVOGE-UHFFFAOYSA-N,"InChI=1S/C12H13BrN2O/c13-7-12(16)14-6-5-9-8-15-11-4-2-1-3-10(9)11/h1-4,8,15H,5-7H2,(H,14,16)",39938,BrCC(=O)NCCc1c[nH]c2ccccc12,NA
Input,"3,6-Dimethyl-9-[6-(oxiran-2-yl)-6-oxohexyl]decahydropyrrolo[1,2-a][1,4,7,10]tetraazacyclododecine-1,4,7,10-tetrone",0.20295511,InputSig,NA,NA,LINCSCP_10982,ASC,10uM,24h,adipose,HDAC inhibitor,NA,GNYCTMYOHGBSBI-UHFFFAOYSA-N,"InChI=1S/C21H32N4O6/c1-12-18(27)22-13(2)19(28)24-14(7-4-3-5-9-16(26)17-11-31-17)21(30)25-10-6-8-15(25)20(29)23-12/h12-15,17H,3-11H2,1-2H3,(H,22,27)(H,23,29)(H,24,28)",14166,CC1NC(=O)C(C)NC(=O)C2CCCN2C(=O)C(CCCCCC(=O)C3CO3)NC1=O,NA
Input,CHEMBL1700271,0.20294722,InputSig,NA,NA,LINCSCP_1393,A375,10uM,24h,skin,NA,NA,OAUFLOAIBLNCFJ-UHFFFAOYSA-N,"InChI=1S/C21H23N3OS2/c1-13(2)24-10-9-16-18(11-24)27-21(22-14(3)25)19(16)20-23-17(12-26-20)15-7-5-4-6-8-15/h4-8,12-13H,9-11H2,1-3H3,(H,22,25)",15545,CC(C)N1CCc2c(C1)sc(NC(=O)C)c2c3nc(cs3)c4ccccc4,NA
Input,Tonabersat,0.20289408,InputSig,NA,NA,LINCSCP_103713,HELA,0.12uM,24h,large intestine,NA,NA,XLIIRNOPGJTBJD-ROUUACIJSA-N,"InChI=1S/C20H19ClFNO4/c1-10(24)11-5-7-16-13(8-11)17(18(25)20(2,3)27-16)23-19(26)12-4-6-15(22)14(21)9-12/h4-9,17-18,25H,1-3H3,(H,23,26)/t17-,18-/m0/s1",27114,CC(=O)c1ccc2OC(C)(C)[C@@H](O)[C@@H](NC(=O)c3ccc(F)c(Cl)c3)c2c1,2
Input,BCPP000194,0.20287907,InputSig,NA,NA,LINCSCP_134310,MCF7,0.37uM,24h,breast,NA,NA,ZATITKHAYUKSBY-UHFFFAOYSA-N,"InChI=1S/C24H24N4O5S/c1-14(23-12-25-13-34-23)27-24(29)28-17-6-5-15(9-20(17)30-2)33-19-7-8-26-18-11-22(32-4)21(31-3)10-16(18)19/h5-14H,1-4H3,(H2,27,28,29)",34322,COc1cc(Oc2ccnc3cc(OC)c(OC)cc23)ccc1NC(=O)NC(C)c4cncs4,NA
Input,HG-9-91-01,0.20286298,InputSig,NA,NA,LINCSCP_69902,A375,1.11uM,24h,skin,NA,NA,YVHQGJBMHCXEPW-UHFFFAOYSA-N,"InChI=1S/C33H39N7O4/c1-22-8-7-9-23(2)32(22)37-33(41)40(27-13-11-25(42-4)19-29(27)44-6)31-20-30(34-21-35-31)36-26-12-10-24(18-28(26)43-5)39-16-14-38(3)15-17-39/h7-13,18-21H,14-17H2,1-6H3,(H,37,41)(H,34,35,36)",22308,COc1ccc(N(C(=O)Nc2c(C)cccc2C)c3cc(Nc4ccc(cc4OC)N5CCN(C)CC5)ncn3)c(OC)c1,NA
Input,4-Chloro-3-nitro-quinolin-2(1H)-one,0.20281851,InputSig,NA,NA,LINCSCP_1715,A375,10uM,6h,skin,NA,NA,MCYSTJLGTLBBTI-UHFFFAOYSA-N,"InChI=1S/C9H5ClN2O3/c10-7-5-3-1-2-4-6(5)11-9(13)8(7)12(14)15/h1-4H,(H,11,13)",26412,[O-][N+](=O)C1=C(Cl)c2ccccc2NC1=O,NA
Input,MLS001065891,0.20274365,InputSig,NA,NA,LINCSCP_19662,HCC515,10uM,6h,lung,NA,NA,NYHYQDXXVQAQGX-UHFFFAOYSA-N,"InChI=1S/C17H17NO6/c1-11(19)24-14-7-5-4-6-13(14)16(21)18-15-10-12(20)8-9-17(15,22-2)23-3/h4-10H,1-3H3,(H,18,21)",16012,COC1(OC)C=CC(=O)C=C1NC(=O)c2ccccc2OC(=O)C,NA
Input,SA-90377,0.20264387,InputSig,NA,NA,LINCSCP_253104,MCF7,0.5uM,24h,breast,NA,NA,BPRBOEBHCISTIC-SBCJZHDBSA-N,"InChI=1S/C36H46N4O5/c1-26-22-40(27(2)25-41)36(43)32-21-31(37-35(42)15-16-39-17-19-44-20-18-39)13-14-33(32)45-34(26)24-38(3)23-28-9-11-30(12-10-28)29-7-5-4-6-8-29/h4-14,21,26-27,34,41H,15-20,22-25H2,1-3H3,(H,37,42)/t26-,27-,34-/m0/s1",12920,C[C@@H](CO)N1C[C@H](C)[C@H](CN(C)Cc2ccc(cc2)c3ccccc3)Oc4ccc(NC(=O)CCN5CCOCC5)cc4C1=O,NA
Input,MLS002473937,0.20258628,InputSig,NA,NA,LINCSCP_59728,VCAP,5uM,6h,prostate,NA,NA,QOQOLXTVYWSIIG-GCKMJXCFSA-N,"InChI=1S/C23H31N3O6S/c1-15-13-26(16(2)14-27)23(28)19-6-5-7-20(22(19)32-21(15)12-24-3)25-33(29,30)18-10-8-17(31-4)9-11-18/h5-11,15-16,21,24-25,27H,12-14H2,1-4H3/t15-,16+,21+/m0/s1",11701,CNC[C@H]1Oc2c(NS(=O)(=O)c3ccc(OC)cc3)cccc2C(=O)N(C[C@@H]1C)[C@H](C)CO,NA
Input,R-7128,0.2025744,InputSig,NA,NA,LINCSCP_97331,HA1E,10uM,24h,kidney epithelial,NA,NA,MLESJYFEMSJZLZ-MAAOGQSESA-N,"InChI=1S/C18H26FN3O6/c1-9(2)14(23)26-8-11-13(28-15(24)10(3)4)18(5,19)16(27-11)22-7-6-12(20)21-17(22)25/h6-7,9-11,13,16H,8H2,1-5H3,(H2,20,21,25)/t11-,13-,16-,18-/m1/s1",26827,CC(C)C(=O)OC[C@H]1O[C@@H](N2C=CC(=NC2=O)N)[C@](C)(F)[C@@H]1OC(=O)C(C)C,2
Input,BRD-K83720640,0.20251255,InputSig,NA,NA,LINCSCP_66042,VCAP,0.5uM,24h,prostate,NA,NA,VZJYGGMRAJVGFO-BHDDXSALSA-N,"InChI=1S/C23H23N3O2/c24-14-20-22(18-11-9-17(10-12-18)16-6-2-1-3-7-16)21(15-27)26(20)23(28)19-8-4-5-13-25-19/h4-6,8-13,20-22,27H,1-3,7,15H2/t20-,21+,22+/m0/s1",33852,OC[C@@H]1[C@@H]([C@H](C#N)N1C(=O)c2ccccn2)c3ccc(cc3)C4=CCCCC4,NA
Input,AC1NSOND,0.20249248,InputSig,NA,NA,LINCSCP_3047,A375,10uM,6h,skin,NA,NA,NYSNWKVZPJLWBH-WQRHYEAKSA-N,"InChI=1S/C20H15FN4O/c1-13-18(20(26)23-22-13)11-15-12-25(17-5-3-2-4-6-17)24-19(15)14-7-9-16(21)10-8-14/h2-12H,1H3,(H,23,26)/b18-11-",37339,CC1=NNC(=O)/C/1=C\c2cn(nc2c3ccc(F)cc3)c4ccccc4,NA
Input,Oxindole I,0.2024801,InputSig,NA,NA,LINCSCP_11445,ASC,10uM,24h,adipose,VEGFR inhibitor,KDR,SEZFNTZQMWJIAI-FLIBITNWSA-N,"InChI=1S/C13H10N2O/c16-13-11(8-9-4-3-7-14-9)10-5-1-2-6-12(10)15-13/h1-8,14H,(H,15,16)/b11-8-",10409,O=C1Nc2ccccc2/C/1=C/c3ccc[nH]3,NA
Input,848193-68-0,0.20243487,InputSig,NA,NA,LINCSCP_807,A375,20uM,24h,skin,SIRT inhibitor,SIRT1,FUZYTVDVLBBXDL-VIFPVBQESA-N,"InChI=1S/C13H13ClN2O/c14-7-4-5-11-10(6-7)8-2-1-3-9(13(15)17)12(8)16-11/h4-6,9,16H,1-3H2,(H2,15,17)/t9-/m0/s1",16533,NC(=O)[C@H]1CCCc2c1[nH]c3ccc(Cl)cc23,NA
Input,Didanosine,0.20242891,InputSig,NA,NA,LINCSCP_47580,PC3,10uM,24h,prostate,Nucleoside reverse transcriptase inhibitor,PNP,BXZVVICBKDXVGW-NKWVEPMBSA-N,"InChI=1S/C10H12N4O3/c15-3-6-1-2-7(17-6)14-5-13-8-9(14)11-4-12-10(8)16/h4-7,15H,1-3H2,(H,11,12,16)/t6-,7+/m0/s1",23285,OC[C@@H]1CC[C@@H](O1)n2cnc3c(O)ncnc23,4
Input,Entecavir,0.20239457,InputSig,NA,NA,LINCSCP_154182,PC3,10uM,24h,prostate,DNA replication inhibitor|Reverse transcriptase inhibitor,NA,QDGZDCVAUDNJFG-FXQIFTODSA-N,"InChI=1S/C12H15N5O3/c1-5-6(3-18)8(19)2-7(5)17-4-14-9-10(17)15-12(13)16-11(9)20/h4,6-8,18-19H,1-3H2,(H3,13,15,16,20)/t6-,7-,8-/m0/s1",23236,NC1=NC(=O)c2ncn([C@H]3C[C@H](O)[C@@H](CO)C3=C)c2N1,4
Input,Papaverine,0.20236097,InputSig,NA,NA,LINCSCP_118287,HT29,10uM,24h,large intestine,Phosphodiesterase inhibitor,PDE10A,XQYZDYMELSJDRZ-UHFFFAOYSA-N,"InChI=1S/C20H21NO4/c1-22-17-6-5-13(10-18(17)23-2)9-16-15-12-20(25-4)19(24-3)11-14(15)7-8-21-16/h5-8,10-12H,9H2,1-4H3",15443,COc1ccc(Cc2nccc3cc(OC)c(OC)cc23)cc1OC,4
Input,BRD-K64391475,0.20235467,InputSig,NA,NA,LINCSCP_63720,VCAP,5uM,24h,prostate,NA,NA,NCINSYYDRJCYKJ-FUMNGEBKSA-N,"InChI=1S/C21H36N2O5/c24-17-12-23(11-16-5-7-26-8-6-16)19-4-3-18(28-20(19)14-27-13-17)9-21(25)22-10-15-1-2-15/h15-20,24H,1-14H2,(H,22,25)/t17-,18+,19+,20-/m1/s1",3935,O[C@H]1COC[C@H]2O[C@H](CC(=O)NCC3CC3)CC[C@@H]2N(CC4CCOCC4)C1,NA
Input,Tofacitinib (CP-690550) Citrate,0.20235255,InputSig,NA,NA,LINCSCP_153762,PC3,10uM,24h,prostate,NA,NA,UJLAWZDWDVHWOW-AAEUAGOBSA-N,"InChI=1S/C16H20N6O/c1-11-5-8-22(14(23)3-6-17)9-13(11)21(2)16-12-4-7-18-15(12)19-10-20-16/h4,7,10-11,13H,3,5,8-9H2,1-2H3,(H,18,19,20)/t11-,13-/m0/s1",26705,C[C@H]1CCN(C[C@@H]1N(C)c2ncnc3[nH]ccc23)C(=O)CC#N,NA
Input,4354-76-1,0.20235233,InputSig,NA,NA,LINCSCP_17073,HA1E,20uM,24h,kidney epithelial,Microtubule inhibitor|Tubulin inhibitor,NA,YJGVMLPVUAXIQN-UHFFFAOYSA-N,"InChI=1S/C22H22O8/c1-25-16-4-10(5-17(26-2)21(16)27-3)18-11-6-14-15(30-9-29-14)7-12(11)20(23)13-8-28-22(24)19(13)18/h4-7,13,18-20,23H,8-9H2,1-3H3",19451,COc1cc(cc(OC)c1OC)C2C3C(COC3=O)C(O)c4cc5OCOc5cc24,NA
Input,GNF-PF-1339,0.20231566,InputSig,NA,NA,LINCSCP_22228,HEPG2,10uM,6h,liver,NA,NA,OQPXCZGFVBKXJK-UHFFFAOYSA-N,"InChI=1S/C21H29N2/c1-4-5-6-8-17-23-18-9-7-10-21(23)16-13-19-11-14-20(15-12-19)22(2)3/h7,9-16,18H,4-6,8,17H2,1-3H3/q+1",17578,CCCCCC[n+]1ccccc1\C=C\c2ccc(cc2)N(C)C,NA
Input,ST51005413,0.20216445,InputSig,NA,NA,LINCSCP_310075,VCAP,10uM,24h,prostate,NA,NA,WTFRYRFNRVFFEJ-UHFFFAOYSA-N,"InChI=1S/C10H9N5/c1-2-4-8(5-3-1)9-6-7-15-10(11-9)12-13-14-15/h1-6H,7H2,(H,11,12,14)",36325,C1C=C(Nc2nnnn12)c3ccccc3,NA
Input,Thioguanine,0.20213658,InputSig,NA,NA,LINCSCP_107830,HELA,0.04uM,24h,large intestine,NA,NA,WYWHKKSPHMUBEB-UHFFFAOYSA-N,"InChI=1S/C5H5N5S/c6-5-9-3-2(4(11)10-5)7-1-8-3/h1H,(H4,6,7,8,9,10,11)",23480,Nc1nc(S)c2[nH]cnc2n1,4
Input,SPECTRUM5_002023,0.20213111,InputSig,NA,NA,LINCSCP_2262,A375,10uM,6h,skin,NA,NA,XMRPGKVKISIQBV-IKAFFPRBSA-N,"InChI=1S/C21H32O2/c1-13(22)17-6-7-18-16-5-4-14-12-15(23)8-10-20(14,2)19(16)9-11-21(17,18)3/h14,16-19H,4-12H2,1-3H3/t14-,16+,17?,18+,19+,20+,21-/m1/s1",1470,CC(=O)C1CC[C@H]2[C@@H]3CC[C@@H]4CC(=O)CC[C@]4(C)[C@H]3CC[C@]12C,NA
Input,YM90709,0.20212856,InputSig,NA,NA,LINCSCP_242231,MCF7,10uM,6h,breast,IL5 inhibitor,IL5RA,HIXSPVQXXDULHS-UHFFFAOYSA-N,"InChI=1S/C22H21N3O2/c1-22(2)12-13-9-19(26-3)20(27-4)10-14(13)18-11-17-21(25(18)22)24-16-8-6-5-7-15(16)23-17/h5-11H,12H2,1-4H3",15378,COc1cc2CC(C)(C)n3c(cc4nc5ccccc5nc34)c2cc1OC,NA
Input,BG-1007,0.20205124,InputSig,NA,NA,LINCSCP_43479,NPC,10uM,24h,neural progenitor cells,NA,NA,KZOLDOJCWPFTDL-PXLXIMEGSA-N,"InChI=1S/C21H25N3O3/c1-16-7-5-6-8-19(16)18-13-11-17(12-14-18)15-22-23-20(25)9-3-2-4-10-21(26)24-27/h5-8,11-15,27H,2-4,9-10H2,1H3,(H,23,25)(H,24,26)/b22-15+",7,Cc1ccccc1c2ccc(\C=N\NC(=O)CCCCCC(=O)NO)cc2,NA
Input,Isomammeisin,0.2019549,InputSig,NA,NA,LINCSCP_44165,PC3,10uM,6h,prostate,Other antibiotic,NA,SBHOAZQBEGVQLJ-UHFFFAOYSA-N,"InChI=1S/C25H26O5/c1-14(2)10-11-17-23(28)21-18(16-8-6-5-7-9-16)13-20(27)30-25(21)22(24(17)29)19(26)12-15(3)4/h5-10,13,15,28-29H,11-12H2,1-4H3",16050,CC(C)CC(=O)c1c(O)c(CC=C(C)C)c(O)c2C(=CC(=O)Oc12)c3ccccc3,NA
Input,Altrenogest,0.20194604,InputSig,NA,NA,LINCSCP_92794,HA1E,3.33uM,24h,kidney epithelial,NA,NA,VWAUPFMBXBWEQY-JSRAGOMMSA-N,"InChI=1S/C21H26O2/c1-3-10-21(23)12-9-19-18-6-4-14-13-15(22)5-7-16(14)17(18)8-11-20(19,21)2/h3,8,11,13,18-19,23H,1,4-7,9-10,12H2,2H3/t18?,19?,20-,21-/m0/s1",348,C[C@]12C=CC3=C4CCC(=O)C=C4CCC3C1CC[C@@]2(O)CC=C,NA
Input,Altrenogest,0.20194604,InputSig,NA,NA,LINCSCP_92794,HA1E,3.33uM,24h,kidney epithelial,NA,NA,VWAUPFMBXBWEQY-IVAOSVALSA-N,"InChI=1S/C21H26O2/c1-3-10-21(23)12-9-19-18-6-4-14-13-15(22)5-7-16(14)17(18)8-11-20(19,21)2/h3,8,11,13,18-19,23H,1,4-7,9-10,12H2,2H3/t18-,19+,20+,21-/m1/s1",27010,C[C@]12C=CC3=C4CCC(=O)C=C4CC[C@H]3[C@@H]1CC[C@]2(O)CC=C,NA
Input,BRD-K46920162,0.201927,InputSig,NA,NA,LINCSCP_62657,VCAP,5uM,24h,prostate,NA,NA,QUFPSNAFNYGAMM-WFHOOFKDSA-N,"InChI=1S/C29H27ClF3N3O5/c30-18-5-1-16(2-6-18)14-34-26(38)13-21-12-23-22-11-20(9-10-24(22)41-27(23)25(15-37)40-21)36-28(39)35-19-7-3-17(4-8-19)29(31,32)33/h1-11,21,23,25,27,37H,12-15H2,(H,34,38)(H2,35,36,39)/t21-,23+,25+,27-/m1/s1",3261,OC[C@@H]1O[C@@H](CC(=O)NCc2ccc(Cl)cc2)C[C@@H]3[C@H]1Oc4ccc(NC(=O)Nc5ccc(cc5)C(F)(F)F)cc34,NA
Input,PD-407824,0.2019174,InputSig,NA,NA,LINCSCP_13944,HA1E,10uM,6h,kidney epithelial,PKC inhibitor,NA,IAUZTOZLTFSMIE-UHFFFAOYSA-N,"InChI=1S/C20H12N2O3/c23-11-6-7-14-13(8-11)16-15(21-14)9-12(10-4-2-1-3-5-10)17-18(16)20(25)22-19(17)24/h1-9,21,23H,(H,22,24,25)",15980,Oc1ccc2[nH]c3cc(c4ccccc4)c5C(=O)NC(=O)c5c3c2c1,NA
Input,Ketoprofen,0.20190993,InputSig,NA,NA,LINCSCP_14534,HA1E,10uM,6h,kidney epithelial,Cyclooxygenase inhibitor,PTGS1|PTGS2,DKYWVDODHFEZIM-UHFFFAOYSA-N,"InChI=1S/C16H14O3/c1-11(16(18)19)13-8-5-9-14(10-13)15(17)12-6-3-2-4-7-12/h2-11H,1H3,(H,18,19)",29812,CC(C(=O)O)c1cccc(c1)C(=O)c2ccccc2,4
Input,BRD-K58808184,0.20178581,InputSig,NA,NA,LINCSCP_59896,VCAP,5uM,24h,prostate,NA,NA,VHEBRLFBVVIGEB-OJLQRUNKSA-N,"InChI=1S/C25H33Cl2N3O5S/c1-16-12-30(17(2)15-31)25(32)11-19-10-20(28-36(4,33)34)6-8-23(19)35-24(16)14-29(3)13-18-5-7-21(26)22(27)9-18/h5-10,16-17,24,28,31H,11-15H2,1-4H3/t16-,17-,24+/m1/s1",13102,C[C@H](CO)N1C[C@@H](C)[C@H](CN(C)Cc2ccc(Cl)c(Cl)c2)Oc3ccc(NS(=O)(=O)C)cc3CC1=O,NA
Input,MLS000594029,0.20178091,InputSig,NA,NA,LINCSCP_5948,A549,10uM,24h,lung,NA,NA,MGAILJXWXNIMOH-UHFFFAOYSA-N,"InChI=1S/C17H12BrNO2/c18-16-11-10-15(21-16)17(20)19-14-9-5-4-8-13(14)12-6-2-1-3-7-12/h1-11H,(H,19,20)",6776,Brc1oc(cc1)C(=O)Nc2ccccc2c3ccccc3,NA
Input,CHEMBL1531985,0.20168811,InputSig,NA,NA,LINCSCP_26194,HT29,10uM,6h,large intestine,NA,NA,BZAFKZSUKIHVCI-UHFFFAOYSA-N,"InChI=1S/C15H11FN2O/c16-11-5-1-2-6-13(11)18-12-7-8-14(19)15-10(12)4-3-9-17-15/h1-9,18-19H",87,Oc1ccc(Nc2ccccc2F)c3cccnc13,NA
Input,BRD-K16625384,0.20165076,InputSig,NA,NA,LINCSCP_59844,VCAP,5uM,24h,prostate,NA,NA,NFIXFXCEHGPRBV-UETOGOEVSA-N,"InChI=1S/C32H37N3O6/c1-21-17-35(22(2)20-36)31(38)27-16-26(33-30(37)15-23-7-5-4-6-8-23)13-14-28(27)41-29(21)19-34(3)18-24-9-11-25(12-10-24)32(39)40/h4-14,16,21-22,29,36H,15,17-20H2,1-3H3,(H,33,37)(H,39,40)/t21-,22+,29-/m1/s1",32099,C[C@@H](CO)N1C[C@@H](C)[C@@H](CN(C)Cc2ccc(cc2)C(=O)O)Oc3ccc(NC(=O)Cc4ccccc4)cc3C1=O,NA
Input,VER 155008,0.20159859,InputSig,NA,NA,LINCSCP_4750,A549,10uM,6h,lung,HSP inhibitor,HSPA1A,ZXGGCBQORXDVTE-UMCMBGNQSA-N,"InChI=1S/C25H23Cl2N7O4/c26-16-6-5-15(7-17(16)27)9-30-25-33-19-22(29)31-12-32-23(19)34(25)24-21(36)20(35)18(38-24)11-37-10-14-3-1-13(8-28)2-4-14/h1-7,12,18,20-21,24,35-36H,9-11H2,(H,30,33)(H2,29,31,32)/t18-,20-,21-,24-/m1/s1",16523,Nc1ncnc2c1nc(NCc3ccc(Cl)c(Cl)c3)n2[C@@H]4O[C@H](COCc5ccc(cc5)C#N)[C@@H](O)[C@H]4O,NA
Input,Estrone,0.2015881,InputSig,NA,NA,LINCSCP_17361,HA1E,0.12uM,24h,kidney epithelial,Estrogen receptor alpha agonist,ESR1,DNXHEGUUPJUMQT-CBZIJGRNSA-N,"InChI=1S/C18H22O2/c1-18-9-8-14-13-5-3-12(19)10-11(13)2-4-15(14)16(18)6-7-17(18)20/h3,5,10,14-16,19H,2,4,6-9H2,1H3/t14-,15-,16+,18+/m1/s1",18217,C[C@]12CC[C@H]3[C@@H](CCc4cc(O)ccc34)[C@@H]1CCC2=O,4
Input,MLS001065825,0.20156106,InputSig,NA,NA,LINCSCP_236888,MCF7,10uM,24h,breast,NA,NA,XJNYPHZFAAXNHO-UHFFFAOYSA-N,"InChI=1S/C16H19F3N6O/c17-16(18,19)11-5-1-2-6-12(11)21-14-22-13(20-7-10-26)23-15(24-14)25-8-3-4-9-25/h1-2,5-6,26H,3-4,7-10H2,(H2,20,21,22,23,24)",15842,OCCNc1nc(Nc2ccccc2C(F)(F)F)nc(n1)N3CCCC3,NA
Input,LY2157299,0.20152732,InputSig,NA,NA,LINCSCP_79869,A375,10uM,24h,skin,TGF-beta receptor type I inhibitor,TGFBR1,IVRXNBXKWIJUQB-UHFFFAOYSA-N,"InChI=1S/C22H19N5O/c1-13-4-2-5-18(25-13)21-20(19-6-3-11-27(19)26-21)15-9-10-24-17-8-7-14(22(23)28)12-16(15)17/h2,4-5,7-10,12H,3,6,11H2,1H3,(H2,23,28)",26801,Cc1cccc(n1)c2nn3CCCc3c2c4ccnc5ccc(cc45)C(=O)N,2
Input,Flavoxate,0.20150617,InputSig,NA,NA,LINCSCP_159342,PC3,0.12uM,24h,prostate,Acetylcholine receptor antagonist,PDE4A|PDE4B|PDE4C|PDE4D|PDE7A|PDE7B|PDE8A|PDE8B,SPIUTQOUKAMGCX-UHFFFAOYSA-N,"InChI=1S/C24H25NO4/c1-17-21(26)19-11-8-12-20(23(19)29-22(17)18-9-4-2-5-10-18)24(27)28-16-15-25-13-6-3-7-14-25/h2,4-5,8-12H,3,6-7,13-16H2,1H3",35801,CC1=C(Oc2c(cccc2C1=O)C(=O)OCCN3CCCCC3)c4ccccc4,4
Input,MLS003128612,0.20144443,InputSig,NA,NA,LINCSCP_57907,VCAP,10uM,6h,prostate,NA,NA,OJYLDJPQAFKURV-UHFFFAOYSA-N,"InChI=1S/C22H19F3N8OS/c23-22(24,25)13-1-2-15-16(9-13)29-17(28-15)10-26-19-18-20(33(12-27-18)14-3-8-35-11-14)31-21(30-19)32-4-6-34-7-5-32/h1-3,8-9,11-12H,4-7,10H2,(H,28,29)(H,26,30,31)",23055,FC(F)(F)c1ccc2[nH]c(CNc3nc(nc4c3ncn4c5ccsc5)N6CCOCC6)nc2c1,NA
Input,CHEMBL3188763,0.20141371,InputSig,NA,NA,LINCSCP_5198,A549,10uM,6h,lung,NA,NA,HAONMKBGCRQXQR-UHFFFAOYSA-N,"InChI=1S/C19H16F2N4O2/c20-11-7-8-17(13(21)9-11)25-16-5-1-3-14(12(16)10-22-25)24-19(27)15-4-2-6-18(26)23-15/h2,4,6-10,14H,1,3,5H2,(H,23,26)(H,24,27)",22437,Oc1cccc(n1)C(=O)NC2CCCc3c2cnn3c4ccc(F)cc4F,NA
Input,Bemegride,0.20135,InputSig,NA,NA,LINCSCP_156239,PC3,0.12uM,24h,prostate,Chemoreceptor agonist,GABRA1,ORRZGUBHBVWWOP-UHFFFAOYSA-N,"InChI=1S/C8H13NO2/c1-3-8(2)4-6(10)9-7(11)5-8/h3-5H2,1-2H3,(H,9,10,11)",34357,CCC1(C)CC(=O)NC(=O)C1,NA
Input,ST50050407,0.20134013,InputSig,NA,NA,LINCSCP_295942,VCAP,10uM,6h,prostate,NA,NA,UNXWHEKNJQKQJW-UHFFFAOYSA-N,"InChI=1S/C22H25N3/c1-15-10-12-25(13-11-15)22-20-7-5-4-6-19(20)21(23-24-22)18-9-8-16(2)17(3)14-18/h4-9,14-15H,10-13H2,1-3H3",38653,CC1CCN(CC1)c2nnc(c3ccc(C)c(C)c3)c4ccccc24,NA
Input,BRD-K79596575,0.20132271,InputSig,NA,NA,LINCSCP_302684,VCAP,5uM,24h,prostate,NA,NA,HBACCIGQRKGJSE-CYXNTTPDSA-N,"InChI=1S/C28H43N3O4/c32-21-26-25(29-27(33)13-16-30-14-5-2-6-15-30)10-9-24(35-26)20-28(34)31-17-11-23(12-18-31)19-22-7-3-1-4-8-22/h1,3-4,7-8,23-26,32H,2,5-6,9-21H2,(H,29,33)/t24-,25-,26+/m1/s1",7051,OC[C@@H]1O[C@@H](CC(=O)N2CCC(Cc3ccccc3)CC2)CC[C@H]1NC(=O)CCN4CCCCC4,NA
Input,"2-(4-Chlorophenyl)-6-(methylthio)-4-oxo-3,4-dihydro-2H-1,3-thiazine-5-carbonitrile",0.20131463,InputSig,NA,NA,LINCSCP_16402,HA1E,10uM,6h,kidney epithelial,NA,NA,GTPGJPLMZNXVTL-UHFFFAOYSA-N,"InChI=1S/C12H9ClN2OS2/c1-17-12-9(6-14)10(16)15-11(18-12)7-2-4-8(13)5-3-7/h2-5,11H,1H3,(H,15,16)",23135,CSC1=C(C#N)C(=O)NC(S1)c2ccc(Cl)cc2,NA
Input,Bufalin,0.20129163,InputSig,NA,NA,LINCSCP_44404,PC3,10uM,24h,prostate,ATPase inhibitor,ATP1A1,QEEBRPGZBVVINN-BMPKRDENSA-N,"InChI=1S/C24H34O4/c1-22-10-7-17(25)13-16(22)4-5-20-19(22)8-11-23(2)18(9-12-24(20,23)27)15-3-6-21(26)28-14-15/h3,6,14,16-20,25,27H,4-5,7-13H2,1-2H3/t16-,17+,18-,19+,20-,22+,23-,24+/m1/s1",35922,C[C@]12CC[C@H](O)C[C@H]1CC[C@@H]3[C@@H]2CC[C@]4(C)[C@H](CC[C@]34O)C5=COC(=O)C=C5,NA
Input,BRD-K58560613,0.20128716,InputSig,NA,NA,LINCSCP_63507,VCAP,5uM,24h,prostate,NA,NA,LOPBZILAZMWERO-PPTZAKONSA-N,"InChI=1S/C30H34N2O6S/c1-21-6-5-9-27(16-21)39(35,36)32-18-25(33)19-37-20-29-28(32)15-14-26(38-29)17-30(34)31-24-12-10-23(11-13-24)22-7-3-2-4-8-22/h2-13,16,25-26,28-29,33H,14-15,17-20H2,1H3,(H,31,34)/t25-,26-,28+,29-/m1/s1",42249,Cc1cccc(c1)S(=O)(=O)N2C[C@@H](O)COC[C@H]3O[C@@H](CC(=O)Nc4ccc(cc4)c5ccccc5)CC[C@H]23,NA
Input,BRN 1088760,0.20125446,InputSig,NA,NA,LINCSCP_16549,HA1E,10uM,6h,kidney epithelial,NA,NA,MQFZWJTXPQRJEY-JXMROGBWSA-N,"InChI=1S/C15H10N4O3/c1-9-3-2-4-12-14(9)18-15(17-12)10(8-16)7-11-5-6-13(22-11)19(20)21/h2-7H,1H3,(H,17,18)/b10-7+",5385,Cc1cccc2nc([nH]c12)\C(=C\c3oc(cc3)[N+](=O)[O-])\C#N,NA
Input,BRD-A88765664,0.20125404,InputSig,NA,NA,LINCSCP_64845,VCAP,10uM,24h,prostate,NA,NA,MQDRUGPJOPOTJB-FXWFHMKKSA-N,"InChI=1S/C26H30O5/c1-22(2)17(27)7-9-23(3)16-6-10-24(4)15(14-8-11-30-13-14)12-18-26(24,31-18)25(16,5)21(29)19(28)20(22)23/h7-9,11,13,15-16,18,20H,6,10,12H2,1-5H3/t15-,16+,18+,20?,23+,24-,25-,26+/m0/s1",34259,CC1(C)C2C(=O)C(=O)[C@]3(C)[C@H](CC[C@@]4(C)[C@@H](C[C@H]5O[C@@]345)c6cocc6)[C@@]2(C)C=CC1=O,NA
Input,MLS001221673,0.20124593,InputSig,NA,NA,LINCSCP_59617,VCAP,10uM,6h,prostate,NA,NA,QSVBKTQBVIMRBD-UHFFFAOYSA-N,"InChI=1S/C19H13N3O2S/c23-18(16-10-5-11-25-16)21-13-7-2-1-6-12(13)17-19(24)22-15-9-4-3-8-14(15)20-17/h1-11H,(H,21,23)(H,22,24)",12469,Oc1nc2ccccc2nc1c3ccccc3NC(=O)c4cccs4,NA
Input,Bisoprolol,0.20120708,InputSig,NA,NA,LINCSCP_175047,YAPC,0.04uM,24h,pancreas,Adrenergic receptor antagonist,ADRB1,VHYCDWMUTMEGQY-UHFFFAOYSA-N,"InChI=1S/C18H31NO4/c1-14(2)19-11-17(20)13-23-18-7-5-16(6-8-18)12-21-9-10-22-15(3)4/h5-8,14-15,17,19-20H,9-13H2,1-4H3",35442,CC(C)NCC(O)COc1ccc(COCCOC(C)C)cc1,4
Input,SPARFLOXACIN,0.20120248,InputSig,NA,NA,LINCSCP_102552,HELA,0.37uM,24h,large intestine,NA,NA,DZZWHBIBMUVIIW-IENPIDJESA-N,"InChI=1S/C19H22F2N4O3/c1-8-5-24(6-9(2)23-8)17-13(20)15(22)12-16(14(17)21)25(10-3-4-10)7-11(18(12)26)19(27)28/h7-10,23H,3-6,22H2,1-2H3,(H,27,28)/t8-,9?/m0/s1",27159,C[C@H]1CN(CC(C)N1)c2c(F)c(N)c3C(=O)C(=CN(C4CC4)c3c2F)C(=O)O,NA
Input,2-Hydroxydopamine,0.20109304,InputSig,NA,NA,LINCSCP_43342,NPC,10uM,6h,neural progenitor cells,NA,NA,WYYIHCWISNZQQY-UHFFFAOYSA-N,"InChI=1S/C8H11NO3/c9-4-3-5-1-2-6(10)8(12)7(5)11/h1-2,10-12H,3-4,9H2",31675,NCCc1ccc(O)c(O)c1O,NA
Input,BRD-K77265816,0.20108883,InputSig,NA,NA,LINCSCP_62813,VCAP,5uM,24h,prostate,NA,NA,IMMALVOVYMCCKV-SELNLUPBSA-N,"InChI=1S/C24H34FN3O5S/c1-17-10-12-20(13-11-17)34(31,32)27(4)15-23(33-5)18(2)14-28(19(3)16-29)24(30)26-22-9-7-6-8-21(22)25/h6-13,18-19,23,29H,14-16H2,1-5H3,(H,26,30)/t18-,19+,23-/m1/s1",5846,CO[C@H](CN(C)S(=O)(=O)c1ccc(C)cc1)[C@H](C)CN([C@@H](C)CO)C(=O)Nc2ccccc2F,NA
Input,SMR000206939,0.20101104,InputSig,NA,NA,LINCSCP_1776,A375,10uM,6h,skin,NA,NA,BLDIGKDTIQNPDL-UHFFFAOYSA-N,"InChI=1S/C21H23Cl2N3O2/c22-13-19(27)26(18-10-4-7-16(23)12-18)20(15-6-5-11-24-14-15)21(28)25-17-8-2-1-3-9-17/h4-7,10-12,14,17,20H,1-3,8-9,13H2,(H,25,28)",35414,ClCC(=O)N(C(C(=O)NC1CCCCC1)c2cccnc2)c3cccc(Cl)c3,NA
Input,AEG 3482,0.20089612,InputSig,NA,NA,LINCSCP_50373,PHH,10uM,24h,NA,HSP inducer|Protein kinase inhibitor,NA,MQUYTXDAVCOCMX-UHFFFAOYSA-N,"InChI=1S/C10H8N4O2S2/c11-18(15,16)10-13-14-6-8(12-9(14)17-10)7-4-2-1-3-5-7/h1-6H,(H2,11,15,16)",10439,NS(=O)(=O)c1nn2cc(nc2s1)c3ccccc3,NA
Input,IN1152,0.20085506,InputSig,NA,NA,LINCSCP_14047,HA1E,10uM,24h,kidney epithelial,SYK inhibitor,NA,CDRPUGZCRXZLFL-UHFFFAOYSA-N,"InChI=1S/C14H12O4/c15-11-5-10(6-12(16)8-11)2-1-9-3-4-13(17)14(18)7-9/h1-8,15-18H",15120,Oc1cc(O)cc(C=Cc2ccc(O)c(O)c2)c1,NA
Input,Ibrutinib (PCI-32765),0.20081104,InputSig,NA,NA,LINCSCP_109173,HELA,10uM,24h,large intestine,Tyrosine-protein kinase BTK inhibitor,BTK,XYFPWWZEPKGCCK-GOSISDBHSA-N,"InChI=1S/C25H24N6O2/c1-2-21(32)30-14-6-7-18(15-30)31-25-22(24(26)27-16-28-25)23(29-31)17-10-12-20(13-11-17)33-19-8-4-3-5-9-19/h2-5,8-13,16,18H,1,6-7,14-15H2,(H2,26,27,28)/t18-/m1/s1",27030,Nc1ncnc2c1c(nn2[C@@H]3CCCN(C3)C(=O)C=C)c4ccc(Oc5ccccc5)cc4,4
Input,MLS000106835,0.20078587,InputSig,NA,NA,LINCSCP_46604,PC3,10uM,6h,prostate,NA,NA,MNPHKJOTGDBSIR-UHFFFAOYSA-N,"InChI=1S/C16H13N3O/c17-10-14-7-12-1-2-16(19-3-5-20-6-4-19)9-13(12)8-15(14)11-18/h1-2,7-9H,3-6H2",16183,N#Cc1cc2ccc(cc2cc1C#N)N3CCOCC3,NA
Input,SPECTRUM_001522,0.20075501,InputSig,NA,NA,LINCSCP_91858,HA1E,10uM,24h,kidney epithelial,Glucocorticoid receptor agonist,NR3C1,ILKJAFIWWBXGDU-ZYDCGBIBSA-N,"InChI=1S/C28H35FO7/c1-16(30)34-15-22(33)28-23(35-26(36-28)9-4-5-10-26)13-20-19-7-6-17-12-18(31)8-11-24(17,2)27(19,29)21(32)14-25(20,28)3/h8,11-12,19-21,23,32H,4-7,9-10,13-15H2,1-3H3/t19?,20?,21-,23+,24-,25-,27-,28+/m0/s1",144,CC(=O)OCC(=O)[C@@]12OC3(CCCC3)O[C@@H]1CC4C5CCC6=CC(=O)C=C[C@]6(C)[C@@]5(F)[C@@H](O)C[C@]24C,NA
Input,CHEMBL3187962,0.20073092,InputSig,NA,NA,LINCSCP_194079,A549,10uM,6h,lung,NA,NA,LCGKYSOTAAWDQI-IZPIQJOWSA-N,"InChI=1S/C36H52N4O6/c1-25-22-40(26(2)24-41)35(43)31-21-30(37-34(42)28-14-7-5-8-15-28)18-19-32(31)46-27(3)13-11-12-20-45-33(25)23-39(4)36(44)38-29-16-9-6-10-17-29/h6,9-10,16-19,21,25-28,33,41H,5,7-8,11-15,20,22-24H2,1-4H3,(H,37,42)(H,38,44)/t25-,26+,27-,33-/m0/s1",16488,C[C@H](CO)N1C[C@H](C)[C@H](CN(C)C(=O)Nc2ccccc2)OCCCC[C@H](C)Oc3ccc(NC(=O)C4CCCCC4)cc3C1=O,NA
Input,SCHEMBL17783934,0.20069649,InputSig,NA,NA,LINCSCP_35089,MCF7,5uM,24h,breast,NA,NA,NTHKEABDFWNRMX-AREMUKBSSA-N,"InChI=1S/C29H33N5O2/c1-36-23-7-8-24-25(13-23)32-28-26(18-35)34(17-21-5-3-2-4-6-21)19-29(27(24)28)9-11-33(12-10-29)16-22-14-30-20-31-15-22/h2-8,13-15,20,26,32,35H,9-12,16-19H2,1H3/t26-/m1/s1",19505,COc1ccc2c3c([nH]c2c1)[C@@H](CO)N(Cc4ccccc4)CC35CCN(Cc6cncnc6)CC5,NA
Input,BRD-K82462147,0.20068537,InputSig,NA,NA,LINCSCP_61287,VCAP,5uM,24h,prostate,NA,NA,AKULYVRZEMKLJR-NXHTTZLHSA-N,"InChI=1S/C25H32F2N4O4/c1-15-12-30(3)16(2)14-35-22-11-18(7-8-19(22)24(32)31(4)13-23(15)34-5)28-25(33)29-21-10-17(26)6-9-20(21)27/h6-11,15-16,23H,12-14H2,1-5H3,(H2,28,29,33)/t15-,16+,23+/m0/s1",8445,CO[C@@H]1CN(C)C(=O)c2ccc(NC(=O)Nc3cc(F)ccc3F)cc2OC[C@@H](C)N(C)C[C@@H]1C,NA
Input,MLS003129502,0.20051851,InputSig,NA,NA,LINCSCP_299072,VCAP,5uM,6h,prostate,NA,NA,QVFRXOMYJDWMPT-KGVIQGDOSA-N,"InChI=1S/C23H35N5O6S/c1-17-13-27(18(2)15-29)23(30)6-5-11-28-19(12-24-25-28)16-34-22(17)14-26(3)35(31,32)21-9-7-20(33-4)8-10-21/h7-10,12,17-18,22,29H,5-6,11,13-16H2,1-4H3/t17-,18+,22-/m1/s1",39149,COc1ccc(cc1)S(=O)(=O)N(C)C[C@H]2OCc3cnnn3CCCC(=O)N(C[C@H]2C)[C@@H](C)CO,NA
Input,SU 1498,0.20049071,InputSig,NA,NA,LINCSCP_14444,HA1E,10uM,24h,kidney epithelial,VEGFR inhibitor,ERBB2,JANPYFTYAGTSIN-FYJGNVAPSA-N,"InChI=1S/C25H30N2O2/c1-17(2)22-14-20(15-23(18(3)4)24(22)28)13-21(16-26)25(29)27-12-8-11-19-9-6-5-7-10-19/h5-7,9-10,13-15,17-18,28H,8,11-12H2,1-4H3,(H,27,29)/b21-13+",37830,CC(C)c1cc(\C=C(/C#N)\C(=O)NCCCc2ccccc2)cc(C(C)C)c1O,NA
Input,Midostaurin,0.20047116,InputSig,NA,NA,LINCSCP_92727,HA1E,10uM,24h,kidney epithelial,FLT3 inhibitor|KIT inhibitor|PKC inhibitor,FLT3|KDR|KIT|PDGFRA|PDGFRB|PRKCA|PRKCB|PRKCD|PRKCE|PRKCG|PRKCH|PRKCI|PRKCQ|PRKCZ|PRKD1|PRKD3,BMGQWWVMWDBQGC-IIFHNQTCSA-N,"InChI=1S/C35H30N4O4/c1-35-32(42-3)25(37(2)34(41)19-11-5-4-6-12-19)17-26(43-35)38-23-15-9-7-13-20(23)28-29-22(18-36-33(29)40)27-21-14-8-10-16-24(21)39(35)31(27)30(28)38/h4-16,25-26,32H,17-18H2,1-3H3,(H,36,40)/t25-,26-,32-,35+/m1/s1",15431,CO[C@@H]1[C@@H](C[C@H]2O[C@]1(C)n3c4ccccc4c5c6CNC(=O)c6c7c8ccccc8n2c7c35)N(C)C(=O)c9ccccc9,3
Input,BRD-K05353139,0.20046465,InputSig,NA,NA,LINCSCP_64352,VCAP,5uM,6h,prostate,NA,NA,SFUGSXPFEQWGAS-RXDUGQIKSA-N,"InChI=1S/C33H47N5O9S2/c1-23-18-38(24(2)21-39)33(40)29-17-26(35-48(41,42)32-20-36(4)22-34-32)10-15-30(29)47-25(3)9-7-8-16-46-31(23)19-37(5)49(43,44)28-13-11-27(45-6)12-14-28/h10-15,17,20,22-25,31,35,39H,7-9,16,18-19,21H2,1-6H3/t23-,24-,25+,31-/m1/s1",31826,COc1ccc(cc1)S(=O)(=O)N(C)C[C@H]2OCCCC[C@H](C)Oc3ccc(NS(=O)(=O)c4cn(C)cn4)cc3C(=O)N(C[C@H]2C)[C@H](C)CO,NA
Input,Topiroxostat,0.20045714,InputSig,NA,NA,LINCSCP_143388,MCF7,3.33uM,24h,breast,NA,NA,UBVZQGOVTLIHLH-UHFFFAOYSA-N,"InChI=1S/C13H8N6/c14-8-11-7-10(3-6-16-11)13-17-12(18-19-13)9-1-4-15-5-2-9/h1-7H,(H,17,18,19)",27027,N#Cc1cc(ccn1)c2n[nH]c(n2)c3ccncc3,NA
Input,"2,2-Dichloro-n-[(1R,2S)-1,3-dihydroxy-1-(4-nitrophenyl)propan-2-yl]acetamide",0.20044273,InputSig,NA,NA,LINCSCP_73063,A375,10uM,24h,skin,NA,NA,WIIZWVCIJKGZOK-DTWKUNHWSA-N,"InChI=1S/C11H12Cl2N2O5/c12-10(13)11(18)14-8(5-16)9(17)6-1-3-7(4-2-6)15(19)20/h1-4,8-10,16-17H,5H2,(H,14,18)/t8-,9+/m0/s1",6660,OC[C@H](NC(=O)C(Cl)Cl)[C@H](O)c1ccc(cc1)[N+](=O)[O-],NA
Input,NSC25485,0.20041404,InputSig,NA,NA,LINCSCP_44498,PC3,10uM,24h,prostate,ATPase inhibitor,ATP1A1,LPMXVESGRSUGHW-UHFFFAOYSA-N,"InChI=1S/C29H44O12/c1-13-22(34)23(35)24(36)25(40-13)41-15-8-19(32)28(12-30)21-17(3-5-27(28,37)9-15)29(38)6-4-16(14-7-20(33)39-11-14)26(29,2)10-18(21)31/h7,13,15-19,21-25,30-32,34-38H,3-6,8-12H2,1-2H3",22412,CC1OC(OC2CC(O)C3(CO)C4C(O)CC5(C)C(CCC5(O)C4CCC3(O)C2)C6=CC(=O)OC6)C(O)C(O)C1O,NA
Input,BRD-K64864583,0.20038443,InputSig,NA,NA,LINCSCP_61902,VCAP,5uM,6h,prostate,NA,NA,QWCXAENNPFGWBU-OFQRWUPVSA-N,"InChI=1S/C18H25N3O5/c22-12-16-14(20-18(24)15-3-1-2-6-19-15)5-4-13(26-16)11-17(23)21-7-9-25-10-8-21/h1-3,6,13-14,16,22H,4-5,7-12H2,(H,20,24)/t13-,14-,16+/m0/s1",3951,OC[C@H]1O[C@H](CC(=O)N2CCOCC2)CC[C@@H]1NC(=O)c3ccccn3,NA
Input,Linifanib,0.20030713,InputSig,NA,NA,LINCSCP_143796,MCF7,3.33uM,24h,breast,PDGFR tyrosine kinase receptor inhibitor|VEGFR inhibitor,CSF1R|FLT1|FLT3|FLT4|KDR|PDGFRA|PDGFRB,MPVGZUGXCQEXTM-UHFFFAOYSA-N,"InChI=1S/C21H18FN5O/c1-12-5-10-16(22)18(11-12)25-21(28)24-14-8-6-13(7-9-14)15-3-2-4-17-19(15)20(23)27-26-17/h2-11H,1H3,(H3,23,26,27)(H2,24,25,28)",17603,Cc1ccc(F)c(NC(=O)Nc2ccc(cc2)c3cccc4[nH]nc(N)c34)c1,3
Input,ST072947,0.20028608,InputSig,NA,NA,LINCSCP_22327,HEPG2,10uM,6h,liver,NA,NA,GNMYBBZJYXAFKU-LDADJPATSA-N,"InChI=1S/C23H15N3O2S/c27-21-18(12-15-13-24-19-10-4-3-8-16(15)19)22(28)26(23(29)25-21)20-11-5-7-14-6-1-2-9-17(14)20/h1-13,24H,(H,25,27,29)/b18-12+",37089,O=C1NC(=S)N(C(=O)/C/1=C/c2c[nH]c3ccccc23)c4cccc5ccccc45,NA
Input,BRD-K65342196,0.20022935,InputSig,NA,NA,LINCSCP_61068,VCAP,5uM,24h,prostate,NA,NA,VFFXTZRIOLHXNX-WOGXIUBCSA-N,"InChI=1S/C26H36N4O5/c1-16-12-30(13-19-6-7-19)17(2)15-34-23-9-8-20(27-25(31)22-10-18(3)35-28-22)11-21(23)26(32)29(4)14-24(16)33-5/h8-11,16-17,19,24H,6-7,12-15H2,1-5H3,(H,27,31)/t16-,17-,24+/m0/s1",3965,CO[C@@H]1CN(C)C(=O)c2cc(NC(=O)c3cc(C)on3)ccc2OC[C@H](C)N(CC4CC4)C[C@@H]1C,NA
Input,CHEMBL2311700,0.20019059,InputSig,NA,NA,LINCSCP_57602,VCAP,10uM,6h,prostate,NA,NA,MRJDBDRLINRLIW-UHFFFAOYSA-N,"InChI=1S/C25H30N4O3/c1-24(2,3)18-9-11-19(12-10-18)29(23(31)20-15-27-16-32-20)21(17-8-7-13-26-14-17)22(30)28-25(4,5)6/h7-16,21H,1-6H3,(H,28,30)",35371,CC(C)(C)NC(=O)C(N(C(=O)c1ocnc1)c2ccc(cc2)C(C)(C)C)c3cccnc3,NA
Input,Pipamperone,0.20018416,InputSig,NA,NA,LINCSCP_25181,HT29,10uM,6h,large intestine,Dopamine receptor antagonist,DRD2|HTR2A,AXKPFOAXAHJUAG-UHFFFAOYSA-N,"InChI=1S/C21H30FN3O2/c22-18-8-6-17(7-9-18)19(26)5-4-12-24-15-10-21(11-16-24,20(23)27)25-13-2-1-3-14-25/h6-9H,1-5,10-16H2,(H2,23,27)",3314,NC(=O)C1(CCN(CCCC(=O)c2ccc(F)cc2)CC1)N3CCCCC3,3
Input,MLS000057540,0.20017354,InputSig,NA,NA,LINCSCP_47292,PC3,10uM,24h,prostate,NA,NA,URSKZILGGPFGHW-UHFFFAOYSA-N,"InChI=1S/C21H24N4O3S/c1-2-12-25-19-11-4-3-10-18(19)22-21(25)23-20(26)16-8-7-9-17(15-16)29(27,28)24-13-5-6-14-24/h3-4,7-11,15H,2,5-6,12-14H2,1H3,(H,22,23,26)",16198,CCCn1c(NC(=O)c2cccc(c2)S(=O)(=O)N3CCCC3)nc4ccccc14,NA
Input,NONOXYNOL 9,0.20017022,InputSig,NA,NA,LINCSCP_14510,HA1E,10uM,24h,kidney epithelial,Membrane integrity inhibitor,NA,FBWNMEQMRUMQSO-UHFFFAOYSA-N,"InChI=1S/C33H60O10/c1-2-3-4-5-6-7-8-9-32-10-12-33(13-11-32)43-31-30-42-29-28-41-27-26-40-25-24-39-23-22-38-21-20-37-19-18-36-17-16-35-15-14-34/h10-13,34H,2-9,14-31H2,1H3",36110,CCCCCCCCCc1ccc(OCCOCCOCCOCCOCCOCCOCCOCCOCCO)cc1,4
Input,MLS002554296,0.20015834,InputSig,NA,NA,LINCSCP_1806,A375,10uM,6h,skin,NA,NA,BQNYQKAQOAPYER-UHFFFAOYSA-N,"InChI=1S/C19H19F6NO3S/c1-16(2,3)12-6-10-15(11-7-12)30(28,29)26-14-8-4-13(5-9-14)17(27,18(20,21)22)19(23,24)25/h4-11,26-27H,1-3H3",15539,CC(C)(C)c1ccc(cc1)S(=O)(=O)Nc2ccc(cc2)C(O)(C(F)(F)F)C(F)(F)F,NA
Input,BRD-K88279116,0.20015291,InputSig,NA,NA,LINCSCP_63250,VCAP,5uM,24h,prostate,NA,NA,RQAOUBOGQGVTCU-LMNJBCLMSA-N,"InChI=1S/C24H25F2N3O5/c1-27-22(30)11-17-4-5-19-21(34-17)12-33-20-6-3-16(10-18(20)24(32)29(19)2)28-23(31)13-7-14(25)9-15(26)8-13/h3,6-10,17,19,21H,4-5,11-12H2,1-2H3,(H,27,30)(H,28,31)/t17-,19+,21+/m1/s1",4526,CNC(=O)C[C@H]1CC[C@H]2[C@H](COc3ccc(NC(=O)c4cc(F)cc(F)c4)cc3C(=O)N2C)O1,NA
Input,UTMB00042,0.20015059,InputSig,NA,NA,LINCSCP_43857,PC3,1uM,6h,prostate,NA,NA,AJGVGNIWSJDEIY-PKOBYXMFSA-N,"InChI=1S/C24H28N2O3S/c1-29-23(27)22-18(21-13-15-7-5-6-10-20(15)30-21)14-17-11-12-19(22)26(17)24(28)25-16-8-3-2-4-9-16/h5-7,10,13,16-17,19H,2-4,8-9,11-12,14H2,1H3,(H,25,28)/t17-,19+/m0/s1",26530,COC(=O)C1=C(C[C@@H]2CC[C@H]1N2C(=O)NC3CCCCC3)c4cc5ccccc5s4,NA
Input,BRD-K93672121,0.20004693,InputSig,NA,NA,LINCSCP_61300,VCAP,5uM,24h,prostate,NA,NA,FSHWRMSUZBSSQF-ZRGWGRIASA-N,"InChI=1S/C21H34N4O4/c1-6-9-22-21(27)24-16-7-8-18-17(10-16)20(26)25(4)12-19(28-5)14(2)11-23-15(3)13-29-18/h7-8,10,14-15,19,23H,6,9,11-13H2,1-5H3,(H2,22,24,27)/t14-,15+,19-/m1/s1",4716,CCCNC(=O)Nc1ccc2OC[C@H](C)NC[C@@H](C)[C@@H](CN(C)C(=O)c2c1)OC,NA
Input,SB743921,0.20001884,InputSig,NA,NA,LINCSCP_108719,HELA,10uM,24h,large intestine,NA,NA,PGXYIBJJCLWJST-MUUNZHRXSA-N,"InChI=1S/C31H33ClN2O3/c1-20(2)28(34(17-7-16-33)31(36)23-12-10-21(3)11-13-23)30-26(18-22-8-5-4-6-9-22)29(35)25-15-14-24(32)19-27(25)37-30/h4-6,8-15,19-20,28H,7,16-18,33H2,1-3H3/t28-/m1/s1",26975,CC(C)[C@@H](N(CCCN)C(=O)c1ccc(C)cc1)C2=C(Cc3ccccc3)C(=O)c4ccc(Cl)cc4O2,NA
