Source,Target,Similarity,SourceSignature,SourceCellLine,SourceTime,TargetSignature,TargetCellLine,TargetConcentration,TargetTime,tissue,integratedMoas,GeneTargets,canonical_inchi_key,canonical_inchi,perturbagen_id,canonical_smiles,max_fda_phase
Input,Lasalocid,-0.4712758,InputSig,NA,NA,LINCSCP_27073,HT29,10uM,6h,large intestine,Bacterial permeability inducer,NA,BBMULGJBVDDDNI-OWKLGTHSSA-N,"InChI=1S/C34H54O8/c1-9-25(31-21(6)18-34(11-3,42-31)26-16-17-33(40,10-2)23(8)41-26)30(37)22(7)28(35)19(4)12-14-24-15-13-20(5)29(36)27(24)32(38)39/h13,15,19,21-23,25-26,28,31,35-36,40H,9-12,14,16-18H2,1-8H3,(H,38,39)/t19-,21+,22+,23+,25+,26-,28+,31+,33-,34+/m1/s1",35516,CC[C@H]([C@H]1O[C@@](CC)(C[C@@H]1C)[C@H]2CC[C@](O)(CC)[C@H](C)O2)C(=O)[C@@H](C)[C@@H](O)[C@H](C)CCc3ccc(C)c(O)c3C(=O)O,NA
Input,CID 46937231,-0.45776473,InputSig,NA,NA,LINCSCP_5520,A549,10uM,6h,lung,NA,NA,WKFAULJTANEMGJ-UHFFFAOYSA-N,"InChI=1S/C28H28N4O2/c33-27(31-18-16-23(17-19-31)20-22-10-4-1-5-11-22)32-21-26(29-30-32)28(34,24-12-6-2-7-13-24)25-14-8-3-9-15-25/h1-15,21,23,34H,16-20H2",1358,OC(c1ccccc1)(c2ccccc2)c3cn(nn3)C(=O)N4CCC(Cc5ccccc5)CC4,NA
Input,RS-39604,-0.44657612,InputSig,NA,NA,LINCSCP_27092,HT29,10uM,6h,large intestine,Serotonin receptor antagonist,HTR4,BKVIWGRFRKLFIO-UHFFFAOYSA-N,"InChI=1S/C26H36ClN3O6S/c1-34-20-12-19(13-21(14-20)35-2)17-36-26-16-24(28)23(27)15-22(26)25(31)5-4-18-6-9-30(10-7-18)11-8-29-37(3,32)33/h12-16,18,29H,4-11,17,28H2,1-3H3",15484,COc1cc(COc2cc(N)c(Cl)cc2C(=O)CCC3CCN(CCNS(=O)(=O)C)CC3)cc(OC)c1,NA
Input,Nortriptyline,-0.43399871,InputSig,NA,NA,LINCSCP_27158,HT29,10uM,6h,large intestine,Serotonin transporter inhibitor|Norepinephrine transporter inhibitor,KCNJ10|SLC6A2|SLC6A4,PHVGLTMQBUFIQQ-UHFFFAOYSA-N,"InChI=1S/C19H21N/c1-20-14-6-11-19-17-9-4-2-7-15(17)12-13-16-8-3-5-10-18(16)19/h2-5,7-11,20H,6,12-14H2,1H3",36133,CNCCC=C1c2ccccc2CCc3ccccc13,4
Input,Fluspirilene,-0.42914999,InputSig,NA,NA,LINCSCP_808,A375,5uM,24h,skin,Dopamine receptor antagonist,DRD2|HTR2A,QOYHHIBFXOOADH-UHFFFAOYSA-N,"InChI=1S/C29H31F2N3O/c30-24-12-8-22(9-13-24)27(23-10-14-25(31)15-11-23)7-4-18-33-19-16-29(17-20-33)28(35)32-21-34(29)26-5-2-1-3-6-26/h1-3,5-6,8-15,27H,4,7,16-21H2,(H,32,35)",15927,Fc1ccc(cc1)C(CCCN2CCC3(CC2)N(CNC3=O)c4ccccc4)c5ccc(F)cc5,4
Input,SMR000075319,-0.42902219,InputSig,NA,NA,LINCSCP_9512,A549,3uM,6h,lung,Importin-beta transport receptor inhibitor,KPNB1,HKGJEZIGDHFJFL-UHFFFAOYSA-N,"InChI=1S/C20H22N4/c1-15(16-9-3-2-4-10-16)21-19-17-11-5-6-12-18(17)22-20(23-19)24-13-7-8-14-24/h2-6,9-12,15H,7-8,13-14H2,1H3,(H,21,22,23)",35219,CC(Nc1nc(nc2ccccc12)N3CCCC3)c4ccccc4,NA
Input,Acebutolol,-0.42542042,InputSig,NA,NA,LINCSCP_16925,HA1E,10uM,6h,kidney epithelial,Adrenergic receptor antagonist,ADRB1,GOEMGAFJFRBGGG-UHFFFAOYSA-N,"InChI=1S/C18H28N2O4/c1-5-6-18(23)20-14-7-8-17(16(9-14)13(4)21)24-11-15(22)10-19-12(2)3/h7-9,12,15,19,22H,5-6,10-11H2,1-4H3,(H,20,23)",16132,CCCC(=O)Nc1ccc(OCC(O)CNC(C)C)c(c1)C(=O)C,4
Input,Loperamide,-0.42382031,InputSig,NA,NA,LINCSCP_759,A375,10uM,24h,skin,Mu opioid receptor agonist,OPRD1|OPRM1,RDOIQAHITMMDAJ-UHFFFAOYSA-N,"InChI=1S/C29H33ClN2O2/c1-31(2)27(33)29(24-9-5-3-6-10-24,25-11-7-4-8-12-25)19-22-32-20-17-28(34,18-21-32)23-13-15-26(30)16-14-23/h3-16,34H,17-22H2,1-2H3",15788,CN(C)C(=O)C(CCN1CCC(O)(CC1)c2ccc(Cl)cc2)(c3ccccc3)c4ccccc4,4
Input,CHEMBL3184089,-0.42242677,InputSig,NA,NA,LINCSCP_61030,VCAP,5uM,24h,prostate,NA,NA,HAJBOXZNCGYLAF-YHGPEZAFSA-N,"InChI=1S/C30H35N3O4/c1-20-17-31-21(2)19-37-27-16-25(14-15-26(27)30(35)33(3)18-28(20)36-4)32-29(34)24-12-10-23(11-13-24)22-8-6-5-7-9-22/h5-16,20-21,28,31H,17-19H2,1-4H3,(H,32,34)/t20-,21-,28+/m0/s1",37380,CO[C@@H]1CN(C)C(=O)c2ccc(NC(=O)c3ccc(cc3)c4ccccc4)cc2OC[C@H](C)NC[C@@H]1C,NA
Input,AKT Inhibitor VIII,-0.42067265,InputSig,NA,NA,LINCSCP_38921,MDAMB231,10uM,24h,NA,AKT inhibitor,AKT1|AKT2,BIWGYFZAEWGBAL-UHFFFAOYSA-N,"InChI=1S/C34H29N7O/c42-34-39-26-8-4-5-9-31(26)41(34)25-14-16-40(17-15-25)20-22-10-12-24(13-11-22)33-32(23-6-2-1-3-7-23)37-29-18-27-28(36-21-35-27)19-30(29)38-33/h1-13,18-19,21,25H,14-17,20H2,(H,35,36)(H,39,42)",36842,Oc1nc2ccccc2n1C3CCN(Cc4ccc(cc4)c5nc6cc7[nH]cnc7cc6nc5c8ccccc8)CC3,NA
Input,MEGXP0_000816,-0.41981309,InputSig,NA,NA,LINCSCP_23330,HEPG2,3uM,24h,liver,NA,NA,IEJFXRHTMBOACN-SNJXGYFGSA-N,"InChI=1S/C48H76O20/c1-43(2)13-15-48(16-14-45(4)21(22(48)17-43)7-8-26-44(3)11-10-28(51)47(6,41(60)61)27(44)9-12-46(26,45)5)42(62)68-40-36(59)37(67-39-35(58)33(56)30(53)24(19-50)65-39)31(54)25(66-40)20-63-38-34(57)32(55)29(52)23(18-49)64-38/h7,22-40,49-59H,8-20H2,1-6H3,(H,60,61)/t22?,23-,24-,25-,26?,27?,28+,29-,30-,31-,32+,33+,34-,35-,36-,37+,38-,39+,40+,44-,45-,46-,47+,48+/m1/s1",31578,CC1(C)CC[C@@]2(CC[C@]3(C)C(=CCC4[C@@]5(C)CC[C@H](O)[C@](C)(C5CC[C@@]34C)C(=O)O)C2C1)C(=O)O[C@@H]6O[C@H](CO[C@@H]7O[C@H](CO)[C@@H](O)[C@H](O)[C@H]7O)[C@@H](O)[C@H](O[C@@H]8O[C@H](CO)[C@@H](O)[C@H](O)[C@H]8O)[C@H]6O,NA
Input,Maprotiline,-0.41936455,InputSig,NA,NA,LINCSCP_27096,HT29,10uM,6h,large intestine,Norepinephrine transporter inhibitor,SLC6A2,QSLMDECMDJKHMQ-GSXCWMCISA-N,"InChI=1S/C20H23N/c1-21-14-6-12-20-13-11-15(16-7-2-4-9-18(16)20)17-8-3-5-10-19(17)20/h2-5,7-10,15,21H,6,11-14H2,1H3/t15-,20+",36706,CNCCC[C@@]12CC[C@@H](c3ccccc13)c4ccccc24,NA
Input,Maprotiline,-0.41936455,InputSig,NA,NA,LINCSCP_27096,HT29,10uM,6h,large intestine,Norepinephrine transporter inhibitor,SLC6A2,QSLMDECMDJKHMQ-UHFFFAOYSA-N,"InChI=1S/C20H23N/c1-21-14-6-12-20-13-11-15(16-7-2-4-9-18(16)20)17-8-3-5-10-19(17)20/h2-5,7-10,15,21H,6,11-14H2,1H3",15379,CNCCCC12CCC(c3ccccc13)c4ccccc24,4
Input,Methylpromazine,-0.41878549,InputSig,NA,NA,LINCSCP_215,A375,10uM,24h,skin,Histamine receptor agonist,HRH1,ZZHLYYDVIOPZBE-UHFFFAOYSA-N,"InChI=1S/C18H22N2S/c1-14(12-19(2)3)13-20-15-8-4-6-10-17(15)21-18-11-7-5-9-16(18)20/h4-11,14H,12-13H2,1-3H3",9762,CC(CN(C)C)CN1c2ccccc2Sc3ccccc13,4
Input,"13-Methyl-7-[9-(4,4,5,5,5-pentafluoropentylsulfinyl)nonyl]-6,7,8,9,11,12,14,15,16,17-decahydrocyclopenta[a]phenanthrene-3,17-diol",-0.4098404,InputSig,NA,NA,LINCSCP_68434,VCAP,10uM,24h,prostate,Estrogen receptor antagonist,ESR1,VWUXBMIQPBEWFH-UHFFFAOYSA-N,"InChI=1S/C32H47F5O3S/c1-30-17-15-26-25-12-11-24(38)21-23(25)20-22(29(26)27(30)13-14-28(30)39)10-7-5-3-2-4-6-8-18-41(40)19-9-16-31(33,34)32(35,36)37/h11-12,21-22,26-29,38-39H,2-10,13-20H2,1H3",475,CC12CCC3C(C(CCCCCCCCCS(=O)CCCC(F)(F)C(F)(F)F)Cc4cc(O)ccc34)C1CCC2O,NA
Input,BAS 00631343,-0.40822527,InputSig,NA,NA,LINCSCP_45051,PC3,10uM,24h,prostate,NA,NA,JPCYSKNELCOPKJ-UHFFFAOYSA-N,"InChI=1S/C23H19N3O/c27-22(19-12-10-18(11-13-19)17-6-2-1-3-7-17)16-26-21-9-5-4-8-20(21)25-15-14-24-23(25)26/h1-13H,14-16H2",25741,O=C(CN1C2=NCCN2c3ccccc13)c4ccc(cc4)c5ccccc5,NA
Input,Thioridazine,-0.40748702,InputSig,NA,NA,LINCSCP_68714,VCAP,10uM,24h,prostate,Serotonin 2a (5-HT2a) receptor antagonist (Serotonin 2a|Serotonin 2c (5-HT2c) receptor antagonist (Serotonin 2c|D2-like dopamine receptor antagonist,DRD1|DRD2|DRD3|DRD4|HTR2A|HTR2C,KLBQZWRITKRQQV-UHFFFAOYSA-N,"InChI=1S/C21H26N2S2/c1-22-13-6-5-7-16(22)12-14-23-18-8-3-4-9-20(18)25-21-11-10-17(24-2)15-19(21)23/h3-4,8-11,15-16H,5-7,12-14H2,1-2H3",23814,CSc1ccc2Sc3ccccc3N(CCC4CCCCN4C)c2c1,4
Input,MK-2206,-0.40677481,InputSig,NA,NA,LINCSCP_778,A375,10uM,24h,skin,AKT inhibitor,AKT1|AKT2|AKT3,ULDXWLCXEDXJGE-UHFFFAOYSA-N,"InChI=1S/C25H21N5O/c26-25(12-4-13-25)18-9-7-17(8-10-18)22-19(16-5-2-1-3-6-16)15-20-21(27-22)11-14-30-23(20)28-29-24(30)31/h1-3,5-11,14-15H,4,12-13,26H2,(H,29,31)",15042,NC1(CCC1)c2ccc(cc2)c3nc4C=CN5C(=O)NN=C5c4cc3c6ccccc6,2
Input,SPECTRUM_000011,-0.40269956,InputSig,NA,NA,LINCSCP_56742,VCAP,10uM,6h,prostate,Bacterial permeability inducer,NA,BBMULGJBVDDDNI-YFGMYPSKSA-N,"InChI=1S/C34H54O8/c1-9-25(31-21(6)18-34(11-3,42-31)26-16-17-33(40,10-2)23(8)41-26)30(37)22(7)28(35)19(4)12-14-24-15-13-20(5)29(36)27(24)32(38)39/h13,15,19,21-23,25-26,28,31,35-36,40H,9-12,14,16-18H2,1-8H3,(H,38,39)/t19-,21+,22?,23+,25+,26?,28+,31?,33-,34?/m1/s1",22455,CC[C@H](C1OC(CC)(C[C@@H]1C)C2CC[C@](O)(CC)[C@H](C)O2)C(=O)C(C)[C@@H](O)[C@H](C)CCc3ccc(C)c(O)c3C(=O)O,NA
Input,BRD-K19181733,-0.40223102,InputSig,NA,NA,LINCSCP_2140,A375,10uM,6h,skin,NA,NA,DTGXRBNGNVLSQA-UUIBUHDGSA-N,"InChI=1S/C40H56N4O5/c1-28-24-44(29(2)27-45)39(46)35-23-33(41-40(47)42-36-19-12-17-32-16-8-9-18-34(32)36)20-21-37(35)49-30(3)13-10-11-22-48-38(28)26-43(4)25-31-14-6-5-7-15-31/h8-9,12,16-21,23,28-31,38,45H,5-7,10-11,13-15,22,24-27H2,1-4H3,(H2,41,42,47)/t28-,29+,30-,38+/m0/s1",32176,C[C@H](CO)N1C[C@H](C)[C@@H](CN(C)CC2CCCCC2)OCCCC[C@H](C)Oc3ccc(NC(=O)Nc4cccc5ccccc45)cc3C1=O,NA
Input,rifampicin,-0.40216248,InputSig,NA,NA,LINCSCP_69662,A375,10uM,24h,skin,NA,NA,NA,NA,NA,NA,NA
Input,BRD-K86336638,-0.40212701,InputSig,NA,NA,LINCSCP_23524,HEPG2,3uM,24h,liver,NA,NA,DRCDGYYITPZHEH-OCUZPWFOSA-N,"InChI=1S/C35H35N3O5S/c1-38-30-15-14-27(19-33(39)36-21-23-9-11-25(12-10-23)24-6-3-2-4-7-24)43-32(30)22-42-31-16-13-26(18-29(31)35(38)41)37-34(40)20-28-8-5-17-44-28/h2-13,16-18,27,30,32H,14-15,19-22H2,1H3,(H,36,39)(H,37,40)/t27-,30-,32+/m0/s1",324,CN1[C@H]2CC[C@@H](CC(=O)NCc3ccc(cc3)c4ccccc4)O[C@@H]2COc5ccc(NC(=O)Cc6cccs6)cc5C1=O,NA
Input,E6 Berbamine,-0.4012467,InputSig,NA,NA,LINCSCP_44730,PC3,10uM,24h,prostate,Calmodulin antagonist,CALM1,PUAVTDKYTXNVBU-OIDHKYIRSA-N,"InChI=1S/C44H43N3O9/c1-45-18-16-29-23-37(51-3)39-25-33(29)34(45)20-26-6-13-32(14-7-26)54-38-22-27(8-15-36(38)56-44(48)28-9-11-31(12-10-28)47(49)50)21-35-41-30(17-19-46(35)2)24-40(52-4)42(53-5)43(41)55-39/h6-15,22-25,34-35H,16-21H2,1-5H3/t34-,35+/m0/s1",15705,COc1cc2CCN(C)[C@H]3Cc4ccc(Oc5cc(C[C@H]6N(C)CCc7cc(OC)c(OC)c(Oc1cc23)c67)ccc5OC(=O)c8ccc(cc8)[N+](=O)[O-])cc4,NA
Input,10-DEBC,-0.39996939,InputSig,NA,NA,LINCSCP_790,A375,20uM,24h,skin,AKT inhibitor,PIM1,GYBXAGDWMCJZJK-UHFFFAOYSA-N,"InChI=1S/C20H25ClN2O/c1-3-22(4-2)13-7-8-14-23-17-9-5-6-10-19(17)24-20-12-11-16(21)15-18(20)23/h5-6,9-12,15H,3-4,7-8,13-14H2,1-2H3",16184,CCN(CC)CCCCN1c2ccccc2Oc3ccc(Cl)cc13,NA
Input,MLS003448149,-0.39854978,InputSig,NA,NA,LINCSCP_177231,A375,10uM,6h,skin,NA,NA,BKTXRPJVVXUPPO-PNCWTNKOSA-N,"InChI=1S/C37H50FN5O6S/c1-26-23-43(27(2)24-41(4)5)36(44)33-22-31(40-37(45)39-30-13-8-7-9-14-30)17-20-34(33)49-28(3)12-10-11-21-48-35(26)25-42(6)50(46,47)32-18-15-29(38)16-19-32/h7-9,13-20,22,26-28,35H,10-12,21,23-25H2,1-6H3,(H2,39,40,45)/t26-,27+,28+,35+/m1/s1",35786,C[C@@H](CN(C)C)N1C[C@@H](C)[C@H](CN(C)S(=O)(=O)c2ccc(F)cc2)OCCCC[C@H](C)Oc3ccc(NC(=O)Nc4ccccc4)cc3C1=O,NA
Input,BRD-K93158953,-0.39612838,InputSig,NA,NA,LINCSCP_3647,A375,10uM,24h,skin,NA,NA,XQVZVPLVZQHPJK-UVOQVYJZSA-N,"InChI=1S/C34H46ClN5O8S/c1-21-18-40(22(2)20-41)33(42)29-17-27(36-34(43)37-32-24(4)38-48-25(32)5)12-15-30(29)47-23(3)9-7-8-16-46-31(21)19-39(6)49(44,45)28-13-10-26(35)11-14-28/h10-15,17,21-23,31,41H,7-9,16,18-20H2,1-6H3,(H2,36,37,43)/t21-,22-,23-,31+/m0/s1",13950,C[C@@H](CO)N1C[C@H](C)[C@@H](CN(C)S(=O)(=O)c2ccc(Cl)cc2)OCCCC[C@H](C)Oc3ccc(NC(=O)Nc4c(C)onc4C)cc3C1=O,NA
Input,Mibefradil,-0.39303726,InputSig,NA,NA,LINCSCP_44000,PC3,10uM,24h,prostate,T-type calcium channel blocker,CACNA1C|CACNA1G|CACNA1H|CACNA1I,HBNPJJILLOYFJU-VMPREFPWSA-N,"InChI=1S/C29H38FN3O3/c1-20(2)28-23-12-11-22(30)18-21(23)13-14-29(28,36-27(34)19-35-4)15-17-33(3)16-7-10-26-31-24-8-5-6-9-25(24)32-26/h5-6,8-9,11-12,18,20,28H,7,10,13-17,19H2,1-4H3,(H,31,32)/t28-,29-/m0/s1",15407,COCC(=O)O[C@]1(CCN(C)CCCc2nc3ccccc3[nH]2)CCc4cc(F)ccc4[C@@H]1C(C)C,4
Input,MLS000682490,-0.39160814,InputSig,NA,NA,LINCSCP_57501,VCAP,10uM,6h,prostate,Beta-catenin inhibitor,OPRK1,JEJWQCTZDAJWOX-UHFFFAOYSA-N,"InChI=1S/C27H33N3O3S/c1-21(2)30(20-24-7-5-4-6-8-24)18-17-28-27(31)25-13-11-23(12-14-25)19-29-34(32,33)26-15-9-22(3)10-16-26/h4-16,21,29H,17-20H2,1-3H3,(H,28,31)",36191,CC(C)N(CCNC(=O)c1ccc(CNS(=O)(=O)c2ccc(C)cc2)cc1)Cc3ccccc3,NA
Input,IKK Inhibitor VII,-0.39098433,InputSig,NA,NA,LINCSCP_18100,HCC515,10uM,6h,lung,IKK inhibitor,IKBKB,BWZJBXAPRCVCKQ-UHFFFAOYSA-N,"InChI=1S/C28H29N5OS/c34-27(33-17-12-23(13-18-33)32-15-3-4-16-32)20-7-9-22(10-8-20)30-28-29-14-11-24(31-28)26-19-21-5-1-2-6-25(21)35-26/h1-2,5-11,14,19,23H,3-4,12-13,15-18H2,(H,29,30,31)",35556,O=C(N1CCC(CC1)N2CCCC2)c3ccc(Nc4nccc(n4)c5cc6ccccc6s5)cc3,NA
Input,MLS001060803,-0.38837189,InputSig,NA,NA,LINCSCP_31698,MCF7,10uM,6h,breast,NA,NA,RDRSHCINRMBIOP-UHFFFAOYSA-N,"InChI=1S/C23H23F2NO3/c1-26-13-20(27)18-12-19(24)22(28-14-16-8-4-2-5-9-16)23(21(18)25)29-15-17-10-6-3-7-11-17/h2-12,20,26-27H,13-15H2,1H3",28068,CNCC(O)c1cc(F)c(OCc2ccccc2)c(OCc3ccccc3)c1F,NA
Input,Tamoxifen,-0.38813903,InputSig,NA,NA,LINCSCP_855,A375,30uM,24h,skin,Estrogen receptor alpha modulator,ESR1|ESR2,NKANXQFJJICGDU-QPLCGJKRSA-N,"InChI=1S/C26H29NO/c1-4-25(21-11-7-5-8-12-21)26(22-13-9-6-10-14-22)23-15-17-24(18-16-23)28-20-19-27(2)3/h5-18H,4,19-20H2,1-3H3/b26-25-",17558,CC\C(=C(/c1ccccc1)\c2ccc(OCCN(C)C)cc2)\c3ccccc3,4
Input,Tetracaine,-0.3879872,InputSig,NA,NA,LINCSCP_173333,YAPC,10uM,24h,pancreas,Membrane integrity inhibitor,SCN10A|SCN11A|SCN1A|SCN2A|SCN3A|SCN4A|SCN5A|SCN7A|SCN8A|SCN9A,GKCBAIGFKIBETG-UHFFFAOYSA-N,"InChI=1S/C15H24N2O2/c1-4-5-10-16-14-8-6-13(7-9-14)15(18)19-12-11-17(2)3/h6-9,16H,4-5,10-12H2,1-3H3",36277,CCCCNc1ccc(cc1)C(=O)OCCN(C)C,4
Input,ITK Inhibitor,-0.38360576,InputSig,NA,NA,LINCSCP_38897,MDAMB231,10uM,24h,NA,ITK inhibitor,ITK,RRHONYZEMUNMJX-UHFFFAOYSA-N,"InChI=1S/C31H39N5O4S2/c1-19(2)21(4)32-17-23-7-9-24(10-8-23)29(38)34-31-33-18-28(42-31)41-27-16-25(26(40-6)15-20(27)3)30(39)36-13-11-35(12-14-36)22(5)37/h7-10,15-16,18-19,21,32H,11-14,17H2,1-6H3,(H,33,34,38)",5068,COc1cc(C)c(Sc2cnc(NC(=O)c3ccc(CNC(C)C(C)C)cc3)s2)cc1C(=O)N4CCN(CC4)C(=O)C,NA
Input,MLS000095184,-0.38345727,InputSig,NA,NA,LINCSCP_1294,A375,10uM,6h,skin,NA,NA,DJAFUYUUNCOPGL-UHFFFAOYSA-N,"InChI=1S/C25H37ClN4O2/c1-4-13-29(14-5-2)17-12-27-24(31)20-10-15-30(16-11-20)18-23-19(3)32-25(28-23)21-6-8-22(26)9-7-21/h6-9,20H,4-5,10-18H2,1-3H3,(H,27,31)",17907,CCCN(CCC)CCNC(=O)C1CCN(Cc2nc(oc2C)c3ccc(Cl)cc3)CC1,NA
Input,Promazine,-0.38306457,InputSig,NA,NA,LINCSCP_643,A375,10uM,24h,skin,Serotonin 2a (5-HT2a) receptor antagonist (Serotonin 2a|D2-like dopamine receptor antagonist,CHRM5|DRD2|DRD3|DRD4|HTR2A,ZGUGWUXLJSTTMA-UHFFFAOYSA-N,"InChI=1S/C17H20N2S/c1-18(2)12-7-13-19-14-8-3-5-10-16(14)20-17-11-6-4-9-15(17)19/h3-6,8-11H,7,12-13H2,1-2H3",15389,CN(C)CCCN1c2ccccc2Sc3ccccc13,4
Input,VU0413238-1,-0.38275225,InputSig,NA,NA,LINCSCP_57716,VCAP,10uM,6h,prostate,NA,NA,NIIIAHQOCFDWKK-UHFFFAOYSA-N,"InChI=1S/C28H30N2O2/c29-22-23-9-7-14-27(21-23)32-20-8-17-30-18-15-26(16-19-30)28(31,24-10-3-1-4-11-24)25-12-5-2-6-13-25/h1-7,9-14,21,26,31H,8,15-20H2",16019,OC(C1CCN(CCCOc2cccc(c2)C#N)CC1)(c3ccccc3)c4ccccc4,NA
Input,MLS002703106,-0.38179768,InputSig,NA,NA,LINCSCP_25884,HT29,10uM,24h,large intestine,Glucosylceramidase inhibitor,GBA,ISTWZTLJICEOOO-UHFFFAOYSA-N,"InChI=1S/C23H28BrClN6S/c24-19-7-10-22(29-14-19)31(16-18-5-8-20(25)9-6-18)13-2-1-11-27-23(32)28-12-3-4-21-15-26-17-30-21/h5-10,14-15,17H,1-4,11-13,16H2,(H,26,30)(H2,27,28,32)",15388,Clc1ccc(CN(CCCCNC(=S)NCCCc2c[nH]cn2)c3ccc(Br)cn3)cc1,NA
Input,Dilazep,-0.38067653,InputSig,NA,NA,LINCSCP_4378,A549,10uM,6h,lung,Adenosine reuptake inhibitor,SLC29A1,QVZCXCJXTMIDME-UHFFFAOYSA-N,"InChI=1S/C31H44N2O10/c1-36-24-18-22(19-25(37-2)28(24)40-5)30(34)42-16-8-12-32-10-7-11-33(15-14-32)13-9-17-43-31(35)23-20-26(38-3)29(41-6)27(21-23)39-4/h18-21H,7-17H2,1-6H3",35804,COc1cc(cc(OC)c1OC)C(=O)OCCCN2CCCN(CCCOC(=O)c3cc(OC)c(OC)c(OC)c3)CC2,NA
Input,Tandutinib,-0.38011982,InputSig,NA,NA,LINCSCP_175394,YAPC,10uM,24h,pancreas,FLT3 inhibitor|KIT inhibitor|PDGFR tyrosine kinase receptor inhibitor,FLT3|KIT|PDGFRA|PDGFRB,UXXQOJXBIDBUAC-UHFFFAOYSA-N,"InChI=1S/C31H42N6O4/c1-23(2)41-25-10-8-24(9-11-25)34-31(38)37-17-15-36(16-18-37)30-26-20-28(39-3)29(21-27(26)32-22-33-30)40-19-7-14-35-12-5-4-6-13-35/h8-11,20-23H,4-7,12-19H2,1-3H3,(H,34,38)",16454,COc1cc2c(ncnc2cc1OCCCN3CCCCC3)N4CCN(CC4)C(=O)Nc5ccc(OC(C)C)cc5,2
Input,KN93,-0.37814655,InputSig,NA,NA,LINCSCP_44268,PC3,10uM,24h,prostate,Calcium/calmodulin dependent protein kinase inhibitor,CAMK2A,LLLQTDSSHZREGW-AATRIKPKSA-N,"InChI=1S/C26H29ClN2O4S/c1-28(17-5-6-21-9-11-23(27)12-10-21)20-22-7-3-4-8-26(22)29(18-19-30)34(31,32)25-15-13-24(33-2)14-16-25/h3-16,30H,17-20H2,1-2H3/b6-5+",17226,COc1ccc(cc1)S(=O)(=O)N(CCO)c2ccccc2CN(C)C\C=C\c3ccc(Cl)cc3,NA
Input,SB-216641,-0.37781259,InputSig,NA,NA,LINCSCP_14895,HA1E,10uM,6h,kidney epithelial,Serotonin receptor antagonist,HTR1B|HTR1D,JRNUKVFYILMMLX-UHFFFAOYSA-N,"InChI=1S/C28H30N4O4/c1-18-16-22(27-29-19(2)36-31-27)10-12-24(18)20-6-8-21(9-7-20)28(33)30-23-11-13-25(34-5)26(17-23)35-15-14-32(3)4/h6-13,16-17H,14-15H2,1-5H3,(H,30,33)",35658,COc1ccc(NC(=O)c2ccc(cc2)c3ccc(cc3C)c4noc(C)n4)cc1OCCN(C)C,NA
Input,Pimozide,-0.37759866,InputSig,NA,NA,LINCSCP_620,A375,10uM,24h,skin,Dopamine receptor antagonist|Serotonin 2a (5-HT2a) receptor antagonist (Serotonin 2a,DRD1|DRD2|DRD3|DRD4|DRD5|HTR2A,YVUQSNJEYSNKRX-UHFFFAOYSA-N,"InChI=1S/C28H29F2N3O/c29-22-11-7-20(8-12-22)25(21-9-13-23(30)14-10-21)4-3-17-32-18-15-24(16-19-32)33-27-6-2-1-5-26(27)31-28(33)34/h1-2,5-14,24-25H,3-4,15-19H2,(H,31,34)",35465,Fc1ccc(cc1)C(CCCN2CCC(CC2)N3C(=O)Nc4ccccc34)c5ccc(F)cc5,4
Input,Ketoconazole,-0.37750438,InputSig,NA,NA,LINCSCP_46083,PC3,10uM,24h,prostate,Sterol demethylase inhibitor,AR|CYP19A1,XMAYWYJOQHXEEK-OZXSUGGESA-N,"InChI=1S/C26H28Cl2N4O4/c1-19(33)31-10-12-32(13-11-31)21-3-5-22(6-4-21)34-15-23-16-35-26(36-23,17-30-9-8-29-18-30)24-7-2-20(27)14-25(24)28/h2-9,14,18,23H,10-13,15-17H2,1H3/t23-,26-/m0/s1",36501,CC(=O)N1CCN(CC1)c2ccc(OC[C@H]3CO[C@@](Cn4ccnc4)(O3)c5ccc(Cl)cc5Cl)cc2,NA
Input,Ketoconazole,-0.37750438,InputSig,NA,NA,LINCSCP_46083,PC3,10uM,24h,prostate,Sterol demethylase inhibitor,AR|CYP19A1,XMAYWYJOQHXEEK-UHFFFAOYSA-N,"InChI=1S/C26H28Cl2N4O4/c1-19(33)31-10-12-32(13-11-31)21-3-5-22(6-4-21)34-15-23-16-35-26(36-23,17-30-9-8-29-18-30)24-7-2-20(27)14-25(24)28/h2-9,14,18,23H,10-13,15-17H2,1H3",1487,CC(=O)N1CCN(CC1)c2ccc(OCC3COC(Cn4ccnc4)(O3)c5ccc(Cl)cc5Cl)cc2,NA
Input,Ketoconazole,-0.37750438,InputSig,NA,NA,LINCSCP_46083,PC3,10uM,24h,prostate,Sterol demethylase inhibitor,AR|CYP19A1,XMAYWYJOQHXEEK-NASUQTAISA-N,"InChI=1S/C26H28Cl2N4O4/c1-19(33)31-10-12-32(13-11-31)21-3-5-22(6-4-21)34-15-23-16-35-26(36-23,17-30-9-8-29-18-30)24-7-2-20(27)14-25(24)28/h2-9,14,18,23H,10-13,15-17H2,1H3/t23?,26-/m0/s1",14220,CC(=O)N1CCN(CC1)c2ccc(OCC3CO[C@@](Cn4ccnc4)(O3)c5ccc(Cl)cc5Cl)cc2,NA
Input,Itrazole,-0.377093,InputSig,NA,NA,LINCSCP_25404,HT29,10uM,24h,large intestine,Cytochrome P450 inhibitor,NA,VHVPQPYKVGDNFY-UHFFFAOYSA-N,"InChI=1S/C35H38Cl2N8O4/c1-3-25(2)45-34(46)44(24-40-45)29-7-5-27(6-8-29)41-14-16-42(17-15-41)28-9-11-30(12-10-28)47-19-31-20-48-35(49-31,21-43-23-38-22-39-43)32-13-4-26(36)18-33(32)37/h4-13,18,22-25,31H,3,14-17,19-21H2,1-2H3",36357,CCC(C)N1N=CN(C1=O)c2ccc(cc2)N3CCN(CC3)c4ccc(OCC5COC(Cn6cncn6)(O5)c7ccc(Cl)cc7Cl)cc4,NA
Input,"ICI-199,441",-0.37699538,InputSig,NA,NA,LINCSCP_27142,HT29,10uM,6h,large intestine,Opioid receptor agonist,OPRK1,AEJOEPSMZCEYJN-HXUWFJFHSA-N,"InChI=1S/C21H24Cl2N2O/c1-24(21(26)14-16-9-10-18(22)19(23)13-16)20(15-25-11-5-6-12-25)17-7-3-2-4-8-17/h2-4,7-10,13,20H,5-6,11-12,14-15H2,1H3/t20-/m1/s1",15900,CN([C@H](CN1CCCC1)c2ccccc2)C(=O)Cc3ccc(Cl)c(Cl)c3,NA
Input,ZINC77024257,-0.37691585,InputSig,NA,NA,LINCSCP_25787,HT29,10uM,6h,large intestine,MDM inhibitor,MDM2,JCKLHFMOFAYQHE-UHFFFAOYSA-N,"InChI=1S/C21H20N4/c1-2-7-21-20(6-1)16(15-24-21)8-13-23-18-4-3-5-19(14-18)25-17-9-11-22-12-10-17/h1-7,9-12,14-15,23-24H,8,13H2,(H,22,25)",2660,C(Cc1c[nH]c2ccccc12)Nc3cccc(Nc4ccncc4)c3,NA
Input,Astemizole,-0.3763306,InputSig,NA,NA,LINCSCP_47513,PC3,10uM,24h,prostate,Histamine H1 receptor antagonist,HRH1|KCNH2,GXDALQBWZGODGZ-UHFFFAOYSA-N,"InChI=1S/C28H31FN4O/c1-34-25-12-8-21(9-13-25)14-17-32-18-15-24(16-19-32)30-28-31-26-4-2-3-5-27(26)33(28)20-22-6-10-23(29)11-7-22/h2-13,24H,14-20H2,1H3,(H,30,31)",16334,COc1ccc(CCN2CCC(CC2)Nc3nc4ccccc4n3Cc5ccc(F)cc5)cc1,4
Input,VU0415011,-0.37357963,InputSig,NA,NA,LINCSCP_5344,A549,10uM,6h,lung,NA,NA,BVVPCKYEPGZFQE-UHFFFAOYSA-N,"InChI=1S/C20H24N6O5S2/c1-25(2)32(27,28)13-5-7-15-17(9-13)23-19(21-15)11-31-12-20-22-16-8-6-14(10-18(16)24-20)33(29,30)26(3)4/h5-10H,11-12H2,1-4H3,(H,21,23)(H,22,24)",1339,CN(C)S(=O)(=O)c1ccc2[nH]c(COCc3nc4cc(ccc4[nH]3)S(=O)(=O)N(C)C)nc2c1,NA
Input,Neratinib,-0.37270138,InputSig,NA,NA,LINCSCP_25831,HT29,10uM,6h,large intestine,EGFR inhibitor,EGFR|ERBB2|ERBB4,JWNPDZNEKVCWMY-UHFFFAOYSA-N,"InChI=1S/C30H29ClN6O3/c1-4-39-28-16-25-23(15-26(28)36-29(38)9-7-13-37(2)3)30(20(17-32)18-34-25)35-21-10-11-27(24(31)14-21)40-19-22-8-5-6-12-33-22/h5-12,14-16,18H,4,13,19H2,1-3H3,(H,34,35)(H,36,38)",27312,CCOc1cc2ncc(C#N)c(Nc3ccc(OCc4ccccn4)c(Cl)c3)c2cc1NC(=O)C=CCN(C)C,NA
Input,Neratinib,-0.37270138,InputSig,NA,NA,LINCSCP_25831,HT29,10uM,6h,large intestine,EGFR inhibitor,EGFR|ERBB2|ERBB4,JWNPDZNEKVCWMY-VQHVLOKHSA-N,"InChI=1S/C30H29ClN6O3/c1-4-39-28-16-25-23(15-26(28)36-29(38)9-7-13-37(2)3)30(20(17-32)18-34-25)35-21-10-11-27(24(31)14-21)40-19-22-8-5-6-12-33-22/h5-12,14-16,18H,4,13,19H2,1-3H3,(H,34,35)(H,36,38)/b9-7+",17243,CCOc1cc2ncc(C#N)c(Nc3ccc(OCc4ccccn4)c(Cl)c3)c2cc1NC(=O)\C=C\CN(C)C,3
Input,BRD-K70012251,-0.37237165,InputSig,NA,NA,LINCSCP_61367,VCAP,5uM,6h,prostate,NA,NA,LPOPNFSKLDAMKV-MRUHUIDDSA-N,"InChI=1S/C24H34F3N3O4/c1-15-12-30(10-9-24(25,26)27)16(2)14-34-20-8-7-18(28-22(31)17-5-6-17)11-19(20)23(32)29(3)13-21(15)33-4/h7-8,11,15-17,21H,5-6,9-10,12-14H2,1-4H3,(H,28,31)/t15-,16+,21-/m0/s1",2475,CO[C@H]1CN(C)C(=O)c2cc(NC(=O)C3CC3)ccc2OC[C@@H](C)N(CCC(F)(F)F)C[C@@H]1C,NA
Input,Lapatinib,-0.3714211,InputSig,NA,NA,LINCSCP_130005,LNCAP,0.37uM,24h,prostate,EGFR inhibitor|ErbB2 inhibitor,EGFR|ERBB2,BCFGMOOMADDAQU-UHFFFAOYSA-N,"InChI=1S/C29H26ClFN4O4S/c1-40(36,37)12-11-32-16-23-7-10-27(39-23)20-5-8-26-24(14-20)29(34-18-33-26)35-22-6-9-28(25(30)15-22)38-17-19-3-2-4-21(31)13-19/h2-10,13-15,18,32H,11-12,16-17H2,1H3,(H,33,34,35)",35268,CS(=O)(=O)CCNCc1oc(cc1)c2ccc3ncnc(Nc4ccc(OCc5cccc(F)c5)c(Cl)c4)c3c2,4
Input,MLS002703118,-0.37043516,InputSig,NA,NA,LINCSCP_25917,HT29,10uM,24h,large intestine,NA,NA,JSFKWPGDWYVELH-UHFFFAOYSA-N,"InChI=1S/C22H27BrN6S/c23-19-9-10-21(27-14-19)29(16-18-6-2-1-3-7-18)13-5-12-26-22(30)25-11-4-8-20-15-24-17-28-20/h1-3,6-7,9-10,14-15,17H,4-5,8,11-13,16H2,(H,24,28)(H2,25,26,30)",15551,Brc1ccc(nc1)N(CCCNC(=S)NCCCc2c[nH]cn2)Cc3ccccc3,NA
Input,VILAZODONE HYDROCHLORIDE,-0.37015875,InputSig,NA,NA,LINCSCP_171500,YAPC,10uM,24h,pancreas,Serotonin 1a (5-HT1a) receptor partial agonist (Serotonin 1a|Serotonin transporter inhibitor,HTR1A|SLC6A4,SGEGOXDYSFKCPT-UHFFFAOYSA-N,"InChI=1S/C26H27N5O2/c27-16-18-4-6-23-22(13-18)19(17-29-23)3-1-2-8-30-9-11-31(12-10-30)21-5-7-24-20(14-21)15-25(33-24)26(28)32/h4-7,13-15,17,29H,1-3,8-12H2,(H2,28,32)",26589,NC(=O)c1oc2ccc(cc2c1)N3CCN(CCCCc4c[nH]c5ccc(cc45)C#N)CC3,4
Input,Imatinib,-0.36883611,InputSig,NA,NA,LINCSCP_69614,A375,10uM,24h,skin,Bcr-Abl kinase inhibitor|KIT inhibitor|PDGFR tyrosine kinase receptor inhibitor,ABL1|BCR|CSF1R|KIT|PDGFRA|PDGFRB,KTUFNOKKBVMGRW-UHFFFAOYSA-N,"InChI=1S/C29H31N7O/c1-21-5-10-25(18-27(21)34-29-31-13-11-26(33-29)24-4-3-12-30-19-24)32-28(37)23-8-6-22(7-9-23)20-36-16-14-35(2)15-17-36/h3-13,18-19H,14-17,20H2,1-2H3,(H,32,37)(H,31,33,34)",16646,CN1CCN(Cc2ccc(cc2)C(=O)Nc3ccc(C)c(Nc4nccc(n4)c5cccnc5)c3)CC1,4
Input,MLS002232309,-0.36736851,InputSig,NA,NA,LINCSCP_38995,MDAMB231,10uM,24h,NA,NA,NA,VIJIVCXRKDRGGA-UHFFFAOYSA-N,"InChI=1S/C29H41N7O3/c1-19(2)36-24-18-30-29(33-27(24)35(16-13-26(36)37)22-7-5-6-8-22)32-23-10-9-20(17-25(23)39-4)28(38)31-21-11-14-34(3)15-12-21/h9-10,17-19,21-22H,5-8,11-16H2,1-4H3,(H,31,38)(H,30,32,33)",36471,COc1cc(ccc1Nc2ncc3N(C(C)C)C(=O)CCN(C4CCCC4)c3n2)C(=O)NC5CCN(C)CC5,NA
Input,SA-1921456,-0.3666703,InputSig,NA,NA,LINCSCP_277980,PC3,10uM,24h,prostate,NA,NA,WYTFSBUXHVGTCT-LSMIHOHGSA-N,"InChI=1S/C30H32N4O3/c1-37-28-10-3-2-9-25(28)32-30(36)33-15-4-5-16-34-26(19-33)29(27(34)20-35)23-13-11-22(12-14-23)24-8-6-7-21(17-24)18-31/h2-3,6-14,17,26-27,29,35H,4-5,15-16,19-20H2,1H3,(H,32,36)/t26-,27-,29-/m1/s1",13467,COc1ccccc1NC(=O)N2CCCCN3[C@H](CO)[C@@H]([C@H]3C2)c4ccc(cc4)c5cccc(c5)C#N,NA
Input,MLS001060802,-0.36657924,InputSig,NA,NA,LINCSCP_26267,HT29,10uM,6h,large intestine,NA,NA,QDZZRQSBQUVQJI-UHFFFAOYSA-N,"InChI=1S/C23H24FNO3/c1-25-14-21(26)19-12-22(27-15-17-8-4-2-5-9-17)23(13-20(19)24)28-16-18-10-6-3-7-11-18/h2-13,21,25-26H,14-16H2,1H3",15203,CNCC(O)c1cc(OCc2ccccc2)c(OCc3ccccc3)cc1F,NA
Input,Sertraline,-0.36635764,InputSig,NA,NA,LINCSCP_225800,HT29,10uM,6h,large intestine,Serotonin receptor antagonist,SLC6A4,VGKDLMBJGBXTGI-SJCJKPOMSA-N,"InChI=1S/C17H17Cl2N/c1-20-17-9-7-12(13-4-2-3-5-14(13)17)11-6-8-15(18)16(19)10-11/h2-6,8,10,12,17,20H,7,9H2,1H3/t12-,17-/m0/s1",36061,CN[C@H]1CC[C@@H](c2ccc(Cl)c(Cl)c2)c3ccccc13,4
Input,METERGOLINE,-0.36544923,InputSig,NA,NA,LINCSCP_174042,YAPC,3.33uM,24h,pancreas,Dopamine receptor agonist|Serotonin receptor antagonist,HTR1A|HTR2A,WZHJKEUHNJHDLS-STDCAVTESA-N,"InChI=1S/C25H29N3O2/c1-27-14-18(13-26-25(29)30-16-17-7-4-3-5-8-17)11-21-20-9-6-10-22-24(20)19(12-23(21)27)15-28(22)2/h3-10,15,18,21,23H,11-14,16H2,1-2H3,(H,26,29)/t18?,21-,23?/m0/s1",27093,CN1CC(CNC(=O)OCc2ccccc2)C[C@@H]3C1Cc4cn(C)c5cccc3c45,NA
Input,BRD-K67454499,-0.36535084,InputSig,NA,NA,LINCSCP_48335,PC3,5uM,24h,prostate,NA,NA,KDYLLPKCSGYBGM-QNWVGRARSA-N,"InChI=1S/C24H30N2O4/c1-30-13-5-6-17-9-11-18(12-10-17)23-20-14-25(15-22(28)26(20)21(23)16-27)24(29)19-7-3-2-4-8-19/h9-12,19-21,23,27H,2-4,7-8,13-16H2,1H3/t20-,21-,23+/m0/s1",33401,COCC#Cc1ccc(cc1)[C@H]2[C@H](CO)N3[C@H]2CN(CC3=O)C(=O)C4CCCCC4,NA
Input,BRD-K17890048,-0.36434353,InputSig,NA,NA,LINCSCP_3538,A375,10uM,24h,skin,NA,NA,LEIVAVATBPHLGA-RFLWCCGPSA-N,"InChI=1S/C27H24F2N4O2/c1-32-24-9-6-17(4-5-18-3-2-11-30-15-18)13-21(24)26-20(25(32)16-34)10-12-33(26)27(35)31-23-14-19(28)7-8-22(23)29/h2-3,6-9,11,13-15,20,25-26,34H,10,12,16H2,1H3,(H,31,35)/t20-,25+,26-/m1/s1",11392,CN1[C@@H](CO)[C@H]2CCN([C@H]2c3cc(ccc13)C#Cc4cccnc4)C(=O)Nc5cc(F)ccc5F,NA
Input,Isoquercetin,-0.36371809,InputSig,NA,NA,LINCSCP_46112,PC3,10uM,24h,prostate,Aldose reductase inhibitor,AKR1B1,OVSQVDMCBVZWGM-QSOFNFLRSA-N,"InChI=1S/C21H20O12/c22-6-13-15(27)17(29)18(30)21(32-13)33-20-16(28)14-11(26)4-8(23)5-12(14)31-19(20)7-1-2-9(24)10(25)3-7/h1-5,13,15,17-18,21-27,29-30H,6H2/t13-,15-,17+,18-,21+/m1/s1",36556,OC[C@H]1O[C@@H](OC2=C(Oc3cc(O)cc(O)c3C2=O)c4ccc(O)c(O)c4)[C@H](O)[C@@H](O)[C@@H]1O,NA
Input,BRD-K49477330,-0.36286693,InputSig,NA,NA,LINCSCP_3710,A375,10uM,24h,skin,NA,NA,ZAHXKZOKOUSJMC-HOCVFBEKSA-N,"InChI=1S/C27H35N3O2/c1-28(2)19-26(32)29-16-6-7-17-30-24(18-29)27(25(30)20-31)23-14-12-22(13-15-23)11-10-21-8-4-3-5-9-21/h3-5,8-15,24-25,27,31H,6-7,16-20H2,1-2H3/b11-10+/t24-,25+,27+/m1/s1",24217,CN(C)CC(=O)N1CCCCN2[C@@H](CO)[C@H]([C@H]2C1)c3ccc(\C=C\c4ccccc4)cc3,NA
Input,Dihydroergocristine,-0.36243031,InputSig,NA,NA,LINCSCP_176329,YAPC,10uM,24h,pancreas,Adrenergic receptor antagonist|Prolactin inhibitor,ADRA1A|ADRB1|DRD1|DRD2|DRD3|DRD4|DRD5|HTR1A|HTR2A|HTR3A|HTR4|HTR5A|HTR6|HTR7,DEQITUUQPICUMR-HJPBWRTMSA-N,"InChI=1S/C35H41N5O5/c1-20(2)34(37-31(41)23-16-25-24-11-7-12-26-30(24)22(18-36-26)17-27(25)38(3)19-23)33(43)40-28(15-21-9-5-4-6-10-21)32(42)39-14-8-13-29(39)35(40,44)45-34/h4-7,9-12,18,20,23,25,27-29,36,44H,8,13-17,19H2,1-3H3,(H,37,41)/t23-,25-,27-,28+,29+,34-,35+/m1/s1",36193,CC(C)[C@@]1(NC(=O)[C@@H]2C[C@H]3[C@@H](Cc4c[nH]c5cccc3c45)N(C)C2)O[C@@]6(O)[C@@H]7CCCN7C(=O)[C@H](Cc8ccccc8)N6C1=O,4
Input,BIOMOL-NT_000059,-0.36232008,InputSig,NA,NA,LINCSCP_235,A375,10uM,24h,skin,Adrenergic receptor antagonist|Prolactin inhibitor,ADRA1A|ADRB1|DRD1|DRD2|DRD3|DRD4|DRD5|HTR1A|HTR2A|HTR3A|HTR4|HTR5A|HTR6|HTR7,DEQITUUQPICUMR-DLVWBKJWSA-N,"InChI=1S/C35H41N5O5/c1-20(2)34(37-31(41)23-16-25-24-11-7-12-26-30(24)22(18-36-26)17-27(25)38(3)19-23)33(43)40-28(15-21-9-5-4-6-10-21)32(42)39-14-8-13-29(39)35(40,44)45-34/h4-7,9-12,18,20,23,25,27-29,36,44H,8,13-17,19H2,1-3H3,(H,37,41)/t23-,25?,27-,28+,29+,34-,35+/m1/s1",22438,CC(C)[C@@]1(NC(=O)[C@@H]2CC3[C@@H](Cc4c[nH]c5cccc3c45)N(C)C2)O[C@@]6(O)[C@@H]7CCCN7C(=O)[C@H](Cc8ccccc8)N6C1=O,NA
Input,Triflupromazine,-0.36220146,InputSig,NA,NA,LINCSCP_18,A375,10uM,24h,skin,Dopamine receptor antagonist,DRD2|HTR2B,XSCGXQMFQXDFCW-UHFFFAOYSA-N,"InChI=1S/C18H19F3N2S/c1-22(2)10-5-11-23-14-6-3-4-7-16(14)24-17-9-8-13(12-15(17)23)18(19,20)21/h3-4,6-9,12H,5,10-11H2,1-2H3",35924,CN(C)CCCN1c2ccccc2Sc3ccc(cc13)C(F)(F)F,4
Input,PD-173074,-0.36194412,InputSig,NA,NA,LINCSCP_39122,MDAMB231,10uM,24h,NA,FGFR inhibitor|VEGFR inhibitor,FGFR1|FGFR3,DXCUKNQANPLTEJ-UHFFFAOYSA-N,"InChI=1S/C28H41N7O3/c1-8-35(9-2)13-11-10-12-29-26-30-18-20-16-23(19-14-21(37-6)17-22(15-19)38-7)25(31-24(20)32-26)33-27(36)34-28(3,4)5/h14-18H,8-13H2,1-7H3,(H3,29,30,31,32,33,34,36)",36834,CCN(CC)CCCCNc1ncc2cc(c(NC(=O)NC(C)(C)C)nc2n1)c3cc(OC)cc(OC)c3,NA
Input,GSK-461364,-0.35966483,InputSig,NA,NA,LINCSCP_39104,MDAMB231,10uM,24h,NA,PLK inhibitor,PLK1,ZHJGWYRLJUCMRT-QGZVFWFLSA-N,"InChI=1S/C27H28F3N5O2S/c1-17(19-5-3-4-6-20(19)27(28,29)30)37-23-14-24(38-25(23)26(31)36)35-16-32-21-8-7-18(13-22(21)35)15-34-11-9-33(2)10-12-34/h3-8,13-14,16-17H,9-12,15H2,1-2H3,(H2,31,36)/t17-/m1/s1",36812,C[C@@H](Oc1cc(sc1C(=O)N)n2cnc3ccc(CN4CCN(C)CC4)cc23)c5ccccc5C(F)(F)F,1
Input,Fluphenazine,-0.35948603,InputSig,NA,NA,LINCSCP_266882,PC3,10uM,24h,prostate,Dopamine D2 receptor antagonist,DRD1|DRD2,PLDUPXSUYLZYBN-UHFFFAOYSA-N,"InChI=1S/C22H26F3N3OS/c23-22(24,25)17-6-7-21-19(16-17)28(18-4-1-2-5-20(18)30-21)9-3-8-26-10-12-27(13-11-26)14-15-29/h1-2,4-7,16,29H,3,8-15H2",35854,OCCN1CCN(CCCN2c3ccccc3Sc4ccc(cc24)C(F)(F)F)CC1,4
Input,AC1M43RN,-0.35881027,InputSig,NA,NA,LINCSCP_258538,NEU,10uM,24h,NA,NA,NA,CSEQFIHKUHSYPC-UHFFFAOYSA-N,"InChI=1S/C17H19N3O3/c1-12-5-6-15(13(2)10-12)19-16(21)7-8-17(22)20-18-11-14-4-3-9-23-14/h3-6,9-11H,7-8H2,1-2H3,(H,19,21)(H,20,22)",22880,Cc1ccc(NC(=O)CCC(=O)NN=Cc2occc2)c(C)c1,NA
Input,Clomipramine,-0.35862001,InputSig,NA,NA,LINCSCP_227512,HT29,10uM,6h,large intestine,Serotonin transporter inhibitor,SLC6A2|SLC6A4,GDLIGKIOYRNHDA-UHFFFAOYSA-N,"InChI=1S/C19H23ClN2/c1-21(2)12-5-13-22-18-7-4-3-6-15(18)8-9-16-10-11-17(20)14-19(16)22/h3-4,6-7,10-11,14H,5,8-9,12-13H2,1-2H3",7991,CN(C)CCCN1c2ccccc2CCc3ccc(Cl)cc13,4
Input,Sirolimus,-0.35828021,InputSig,NA,NA,LINCSCP_27051,HT29,10uM,6h,large intestine,MTOR inhibitor,FKBP1A|MTOR,QFJCIRLUMZQUOT-KADBNGAOSA-N,"InChI=1S/C51H79NO13/c1-30-16-12-11-13-17-31(2)42(61-8)28-38-21-19-36(7)51(60,65-38)48(57)49(58)52-23-15-14-18-39(52)50(59)64-43(33(4)26-37-20-22-40(53)44(27-37)62-9)29-41(54)32(3)25-35(6)46(56)47(63-10)45(55)34(5)24-30/h11-13,16-17,25,30,32-34,36-40,42-44,46-47,53,56,60H,14-15,18-24,26-29H2,1-10H3/b13-11+,16-12-,31-17+,35-25+/t30-,32-,33-,34-,36-,37+,38+,39+,40-,42+,43+,44-,46-,47+,51-/m1/s1",1770,CO[C@@H]1C[C@H](C[C@@H](C)[C@@H]2CC(=O)[C@H](C)\C=C(/C)\[C@@H](O)[C@@H](OC)C(=O)[C@H](C)C[C@H](C)\C=C/C=C/C=C(\C)/[C@H](C[C@@H]3CC[C@@H](C)[C@@](O)(O3)C(=O)C(=O)N4CCCC[C@H]4C(=O)O2)OC)CC[C@H]1O,NA
Input,Sirolimus,-0.35828021,InputSig,NA,NA,LINCSCP_27051,HT29,10uM,6h,large intestine,MTOR inhibitor,FKBP1A|MTOR,QFJCIRLUMZQUOT-GWUMUYGYSA-N,"InChI=1S/C51H79NO13/c1-30-16-12-11-13-17-31(2)42(61-8)28-38-21-19-36(7)51(60,65-38)48(57)49(58)52-23-15-14-18-39(52)50(59)64-43(33(4)26-37-20-22-40(53)44(27-37)62-9)29-41(54)32(3)25-35(6)46(56)47(63-10)45(55)34(5)24-30/h11-13,16-17,25,30,32-34,36-40,42-44,46-47,53,56,60H,14-15,18-24,26-29H2,1-10H3/b13-11+,16-12+,31-17-,35-25+/t30-,32-,33?,34+,36-,37?,38+,39+,40-,42+,43+,44-,46-,47+,51-/m1/s1",5352,CO[C@@H]1CC(CC(C)[C@@H]2CC(=O)[C@H](C)\C=C(/C)\[C@@H](O)[C@@H](OC)C(=O)[C@@H](C)C[C@H](C)\C=C\C=C\C=C(\C)/[C@H](C[C@@H]3CC[C@@H](C)[C@@](O)(O3)C(=O)C(=O)N4CCCC[C@H]4C(=O)O2)OC)CC[C@H]1O,NA
Input,Sirolimus,-0.35828021,InputSig,NA,NA,LINCSCP_27051,HT29,10uM,6h,large intestine,MTOR inhibitor,FKBP1A|MTOR,QFJCIRLUMZQUOT-HPLJOQBZSA-N,"InChI=1S/C51H79NO13/c1-30-16-12-11-13-17-31(2)42(61-8)28-38-21-19-36(7)51(60,65-38)48(57)49(58)52-23-15-14-18-39(52)50(59)64-43(33(4)26-37-20-22-40(53)44(27-37)62-9)29-41(54)32(3)25-35(6)46(56)47(63-10)45(55)34(5)24-30/h11-13,16-17,25,30,32-34,36-40,42-44,46-47,53,56,60H,14-15,18-24,26-29H2,1-10H3/b13-11+,16-12+,31-17+,35-25+/t30-,32-,33-,34-,36-,37+,38+,39+,40-,42+,43+,44-,46-,47+,51-/m1/s1",37778,CO[C@@H]1C[C@H](C[C@@H](C)[C@@H]2CC(=O)[C@H](C)\C=C(/C)\[C@@H](O)[C@@H](OC)C(=O)[C@H](C)C[C@H](C)\C=C\C=C\C=C(/C)\[C@H](C[C@@H]3CC[C@@H](C)[C@@](O)(O3)C(=O)C(=O)N4CCCC[C@H]4C(=O)O2)OC)CC[C@H]1O,4
Input,Rhodomyrtoxin B,-0.35776415,InputSig,NA,NA,LINCSCP_25312,HT29,10uM,6h,large intestine,Cytotoxic agent|DNA intercalator,SLCO1B3,SGFCERQKVVMREN-UHFFFAOYSA-N,"InChI=1S/C24H28O7/c1-7-9(3)17(25)15-19(27)11(5)23-13(21(15)29)14-22(30)16(18(26)10(4)8-2)20(28)12(6)24(14)31-23/h9-10,27-30H,7-8H2,1-6H3",8044,CCC(C)C(=O)c1c(O)c(C)c2oc3c(C)c(O)c(C(=O)C(C)CC)c(O)c3c2c1O,NA
Input,Amiodarone,-0.35680057,InputSig,NA,NA,LINCSCP_671,A375,10uM,24h,skin,HERG blocker,KCNH2,IYIKLHRQXLHMJQ-UHFFFAOYSA-N,"InChI=1S/C25H29I2NO3/c1-4-7-11-22-23(18-10-8-9-12-21(18)31-22)24(29)17-15-19(26)25(20(27)16-17)30-14-13-28(5-2)6-3/h8-10,12,15-16H,4-7,11,13-14H2,1-3H3",35575,CCCCc1oc2ccccc2c1C(=O)c3cc(I)c(OCCN(CC)CC)c(I)c3,4
Input,AC1N6AX4,-0.35630327,InputSig,NA,NA,LINCSCP_13822,HA1E,10uM,6h,kidney epithelial,NA,NA,PSPANKCQVWSVHM-UHFFFAOYSA-N,"InChI=1S/C33H32N2O3/c36-26-13-12-22-16-27-33(37)17-24-23-8-4-5-9-25(23)35(19-20-6-2-1-3-7-20)29(24)31-32(33,28(22)30(26)38-31)14-15-34(27)18-21-10-11-21/h1-9,12-13,21,27,31,36-37H,10-11,14-19H2",22149,Oc1ccc2CC3N(CC4CC4)CCC56C(Oc1c25)c7c(CC36O)c8ccccc8n7Cc9ccccc9,NA
Input,Y-134,-0.35610032,InputSig,NA,NA,LINCSCP_13959,HA1E,10uM,6h,kidney epithelial,Estrogen receptor antagonist,ESR1|ESR2,LQEOPHGPHCWOAC-UHFFFAOYSA-N,"InChI=1S/C28H28N2O3S/c1-18(2)29-13-15-30(16-14-29)21-7-3-19(4-8-21)27(33)26-24-12-11-23(32)17-25(24)34-28(26)20-5-9-22(31)10-6-20/h3-12,17-18,31-32H,13-16H2,1-2H3",36170,CC(C)N1CCN(CC1)c2ccc(cc2)C(=O)c3c(sc4cc(O)ccc34)c5ccc(O)cc5,NA
Input,Raloxifene,-0.35497589,InputSig,NA,NA,LINCSCP_280292,PC3,10uM,24h,prostate,Estrogen receptor beta modulator,ESR1|ESR2,GZUITABIAKMVPG-UHFFFAOYSA-N,"InChI=1S/C28H27NO4S/c30-21-8-4-20(5-9-21)28-26(24-13-10-22(31)18-25(24)34-28)27(32)19-6-11-23(12-7-19)33-17-16-29-14-2-1-3-15-29/h4-13,18,30-31H,1-3,14-17H2",35927,Oc1ccc(cc1)c2sc3cc(O)ccc3c2C(=O)c4ccc(OCCN5CCCCC5)cc4,4
Input,Amitriptyline,-0.35480739,InputSig,NA,NA,LINCSCP_103524,HELA,10uM,24h,large intestine,Serotonin transporter inhibitor|Norepinephrine transporter inhibitor,CHRM1|CHRM2|CHRM3|CHRM4|CHRM5|HRH1|HTR6|SLC6A2|SLC6A4,KRMDCWKBEZIMAB-UHFFFAOYSA-N,"InChI=1S/C20H23N/c1-21(2)15-7-12-20-18-10-5-3-8-16(18)13-14-17-9-4-6-11-19(17)20/h3-6,8-12H,7,13-15H2,1-2H3",15727,CN(C)CCC=C1c2ccccc2CCc3ccccc13,4
Input,CAY10618,-0.35466112,InputSig,NA,NA,LINCSCP_25830,HT29,10uM,6h,large intestine,NAMPT inhibitor,NAMPT,SJOLTIOPWDLDEB-UHFFFAOYSA-N,"InChI=1S/C27H29N5O/c33-27(29-25-16-9-8-15-24(25)22-12-5-4-6-13-22)17-7-2-1-3-10-19-32-21-26(30-31-32)23-14-11-18-28-20-23/h4-6,8-9,11-16,18,20-21H,1-3,7,10,17,19H2,(H,29,33)",16215,O=C(CCCCCCCn1cc(nn1)c2cccnc2)Nc3ccccc3c4ccccc4,NA
Input,Fentanyl Isothiocyanate,-0.35465363,InputSig,NA,NA,LINCSCP_13887,HA1E,10uM,6h,kidney epithelial,Opioid receptor agonist,OPRD1,VDKBIFPJULZUPU-UHFFFAOYSA-N,"InChI=1S/C23H27N3OS/c1-2-23(27)26(21-6-4-3-5-7-21)22-13-16-25(17-14-22)15-12-19-8-10-20(11-9-19)24-18-28/h3-11,22H,2,12-17H2,1H3",2723,CCC(=O)N(C1CCN(CCc2ccc(cc2)N=C=S)CC1)c3ccccc3,NA
Input,BRD-K92543914,-0.35390841,InputSig,NA,NA,LINCSCP_278030,PC3,10uM,24h,prostate,NA,NA,BBZOKLBYXCKCPD-XMGLRAKGSA-N,"InChI=1S/C25H26N2O3S/c1-30-22-9-5-8-21(14-22)19-10-12-20(13-11-19)25-23-15-27(16-24(25)26-23)31(28,29)17-18-6-3-2-4-7-18/h2-14,23-26H,15-17H2,1H3/t23-,24+,25?",11456,COc1cccc(c1)c2ccc(cc2)[C@@H]3[C@@H]4CN(C[C@H]3N4)S(=O)(=O)Cc5ccccc5,NA
Input,amlodipine,-0.35327554,InputSig,NA,NA,LINCSCP_58231,VCAP,10uM,6h,prostate,Calcium channel blocker,CACNA1C|CACNA1D|CACNA1S|CACNA2D1,NA,NA,NA,NA,NA
Input,T 98475,-0.35301381,InputSig,NA,NA,LINCSCP_44040,PC3,10uM,24h,prostate,Gonadotropin releasing factor hormone receptor antagonist,GNRHR,RANJJVIMTOIWIN-UHFFFAOYSA-N,"InChI=1S/C37H37F2N3O4S/c1-22(2)35(44)40-26-16-14-25(15-17-26)34-28(19-41(5)18-24-10-7-6-8-11-24)32-33(43)29(37(45)46-23(3)4)21-42(36(32)47-34)20-27-30(38)12-9-13-31(27)39/h6-17,21-23H,18-20H2,1-5H3,(H,40,44)",35910,CC(C)OC(=O)C1=CN(Cc2c(F)cccc2F)c3sc(c(CN(C)Cc4ccccc4)c3C1=O)c5ccc(NC(=O)C(C)C)cc5,NA
Input,CHEMBL3188797,-0.35262578,InputSig,NA,NA,LINCSCP_48596,PC3,10uM,24h,prostate,NA,NA,ZAHXKZOKOUSJMC-AGVMNQFGSA-N,"InChI=1S/C27H35N3O2/c1-28(2)19-26(32)29-16-6-7-17-30-24(18-29)27(25(30)20-31)23-14-12-22(13-15-23)11-10-21-8-4-3-5-9-21/h3-5,8-15,24-25,27,31H,6-7,16-20H2,1-2H3/b11-10+/t24-,25-,27-/m0/s1",38185,CN(C)CC(=O)N1CCCCN2[C@@H](CO)[C@H]([C@@H]2C1)c3ccc(\C=C\c4ccccc4)cc3,NA
Input,CID 78435479,-0.35248834,InputSig,NA,NA,LINCSCP_16096,HA1E,10uM,6h,kidney epithelial,Calcium channel blocker,CACNA1C|CACNA1D|CACNA1F|CACNA1S|NR3C2,BAARDDGSQHXDDB-UHFFFAOYSA-N,"InChI=1S/C21H26N2O7/c1-12(2)30-21(25)18-14(4)22-13(3)17(20(24)29-10-9-28-5)19(18)15-7-6-8-16(11-15)23(26)27/h6-8,11-12,17,19H,9-10H2,1-5H3",278,COCCOC(=O)C1C(C(=C(C)N=C1C)C(=O)OC(C)C)c2cccc(c2)[N+](=O)[O-],NA
Input,CHEMBL299879,-0.35160891,InputSig,NA,NA,LINCSCP_43986,PC3,10uM,24h,prostate,Neuropeptide receptor antagonist,NPY5R,ISSSVYKMIIAPTH-UHFFFAOYSA-N,"InChI=1S/C25H33N3O4S/c29-28(30)24-7-3-4-8-25(24)33(31,32)27-18-20-11-9-19(10-12-20)16-26-17-21-13-14-22-5-1-2-6-23(22)15-21/h1-8,19-21,26-27H,9-18H2",22489,[O-][N+](=O)c1ccccc1S(=O)(=O)NCC2CCC(CNCC3CCc4ccccc4C3)CC2,NA
Input,BRD-K11976754,-0.35126203,InputSig,NA,NA,LINCSCP_60265,VCAP,5uM,6h,prostate,NA,NA,YNLPQPKWJFYZTR-FIKGOQFSSA-N,"InChI=1S/C23H31N3O5S/c1-15-6-8-18(9-7-15)19-10-20-22(24-11-19)31-21(13-25(4)32(5,29)30)16(2)12-26(23(20)28)17(3)14-27/h6-11,16-17,21,27H,12-14H2,1-5H3/t16-,17-,21-/m0/s1",447,C[C@@H](CO)N1C[C@H](C)[C@H](CN(C)S(=O)(=O)C)Oc2ncc(cc2C1=O)c3ccc(C)cc3,NA
Input,Perphenazine,-0.35017541,InputSig,NA,NA,LINCSCP_243152,MCF7,10uM,6h,breast,Dopamine D2 receptor antagonist,DRD2,RGCVKNLCSQQDEP-UHFFFAOYSA-N,"InChI=1S/C21H26ClN3OS/c22-17-6-7-21-19(16-17)25(18-4-1-2-5-20(18)27-21)9-3-8-23-10-12-24(13-11-23)14-15-26/h1-2,4-7,16,26H,3,8-15H2",35520,OCCN1CCN(CCCN2c3ccccc3Sc4ccc(Cl)cc24)CC1,4
Input,RS-23597-190,-0.34951747,InputSig,NA,NA,LINCSCP_25447,HT29,100uM,24h,large intestine,Serotonin receptor antagonist,HTR4,RLSGBCUXLRMTPF-UHFFFAOYSA-N,"InChI=1S/C16H23ClN2O3/c1-21-15-11-14(18)13(17)10-12(15)16(20)22-9-5-8-19-6-3-2-4-7-19/h10-11H,2-9,18H2,1H3",16497,COc1cc(N)c(Cl)cc1C(=O)OCCCN2CCCCC2,NA
Input,AC1MSUFC,-0.34915419,InputSig,NA,NA,LINCSCP_25425,HT29,40uM,24h,large intestine,HMGCR inhibitor,HMGCR,QLJODMDSTUBWDW-UHFFFAOYSA-N,"InChI=1S/C24H38O6/c1-5-15(3)24(29)30-21-11-14(2)10-17-7-6-16(4)20(23(17)21)9-8-18(25)12-19(26)13-22(27)28/h6-7,10,14-16,18-21,23,25-26H,5,8-9,11-13H2,1-4H3,(H,27,28)",36673,CCC(C)C(=O)OC1CC(C)C=C2C=CC(C)C(CCC(O)CC(O)CC(=O)O)C12,NA
Input,KU0060648,-0.34911864,InputSig,NA,NA,LINCSCP_9820,A549,3uM,6h,lung,DNA dependent protein kinase inhibitor|PI3K inhibitor,PIK3CA|PIK3CB|PIK3CD|PRKDC,AATCBLYHOUOCTO-UHFFFAOYSA-N,"InChI=1S/C33H34N4O4S/c1-2-35-12-14-36(15-13-35)21-29(39)34-26-11-10-23(33-31(26)25-6-3-4-9-28(25)42-33)22-7-5-8-24-27(38)20-30(41-32(22)24)37-16-18-40-19-17-37/h3-11,20H,2,12-19,21H2,1H3,(H,34,39)",16208,CCN1CCN(CC(=O)Nc2ccc(c3cccc4C(=O)C=C(Oc34)N5CCOCC5)c6sc7ccccc7c26)CC1,NA
Input,CYTO7H11,-0.34910274,InputSig,NA,NA,LINCSCP_9765,A549,3uM,6h,lung,Cytochrome C release inhibitor,BAX,KUUJEXLRLIPQQJ-UHFFFAOYSA-N,"InChI=1S/C19H21Br2N3O/c20-13-1-3-18-16(9-13)17-10-14(21)2-4-19(17)24(18)12-15(25)11-23-7-5-22-6-8-23/h1-4,9-10,15,22,25H,5-8,11-12H2",36227,OC(CN1CCNCC1)Cn2c3ccc(Br)cc3c4cc(Br)ccc24,NA
Input,VU0413247-1,-0.34898002,InputSig,NA,NA,LINCSCP_1413,A375,10uM,24h,skin,NA,NA,GAABOABJYSKCPL-UHFFFAOYSA-N,"InChI=1S/C27H30FNO2/c28-25-12-14-26(15-13-25)31-21-7-18-29-19-16-24(17-20-29)27(30,22-8-3-1-4-9-22)23-10-5-2-6-11-23/h1-6,8-15,24,30H,7,16-21H2",15787,OC(C1CCN(CCCOc2ccc(F)cc2)CC1)(c3ccccc3)c4ccccc4,NA
Input,Duloxetine,-0.34861316,InputSig,NA,NA,LINCSCP_225472,HT29,10uM,6h,large intestine,Norepinephrine reuptake inhibitor|Serotonin reuptake inhibitor,SLC6A2|SLC6A3|SLC6A4,ZEUITGRIYCTCEM-KRWDZBQOSA-N,"InChI=1S/C18H19NOS/c1-19-12-11-17(18-10-5-13-21-18)20-16-9-4-7-14-6-2-3-8-15(14)16/h2-10,13,17,19H,11-12H2,1H3/t17-/m0/s1",15881,CNCC[C@H](Oc1cccc2ccccc12)c3cccs3,4
Input,SMR000043984,-0.34842839,InputSig,NA,NA,LINCSCP_15709,HA1E,10uM,24h,kidney epithelial,NA,NA,KKTOITAISCXMHG-UHFFFAOYSA-N,"InChI=1S/C23H29N5O2/c1-2-27-12-14-28(15-13-27)22-21(25-19-10-6-7-11-20(19)26-22)18(16-24)23(29)30-17-8-4-3-5-9-17/h6-7,10-11,17-18H,2-5,8-9,12-15H2,1H3",33504,CCN1CCN(CC1)c2nc3ccccc3nc2C(C#N)C(=O)OC4CCCCC4,NA
Input,CHEMBL416418,-0.34836095,InputSig,NA,NA,LINCSCP_19492,HCC515,60uM,6h,lung,Glucosyltransferase inhibitor,ASAH1|UGCG,UYNCFCUHRNOSCN-FYYLOGMGSA-N,"InChI=1S/C23H38N2O3/c1-2-3-4-5-6-7-11-14-22(26)24-21(19-25-15-17-28-18-16-25)23(27)20-12-9-8-10-13-20/h8-10,12-13,21,23,27H,2-7,11,14-19H2,1H3,(H,24,26)/t21-,23-/m1/s1",16514,CCCCCCCCCC(=O)N[C@H](CN1CCOCC1)[C@H](O)c2ccccc2,NA
Input,CAY-10594,-0.3482162,InputSig,NA,NA,LINCSCP_762,A375,20uM,24h,skin,Phospholipase inhibitor,PLD2,FAIFAFUXFFWVNQ-UHFFFAOYSA-N,"InChI=1S/C26H28N4O2/c31-24(22-11-10-20-6-4-5-7-21(20)18-22)27-14-17-29-15-12-26(13-16-29)25(32)28-19-30(26)23-8-2-1-3-9-23/h1-11,18H,12-17,19H2,(H,27,31)(H,28,32)",23416,O=C(NCCN1CCC2(CC1)N(CNC2=O)c3ccccc3)c4ccc5ccccc5c4,NA
Input,CHEMBL2356381,-0.34821594,InputSig,NA,NA,LINCSCP_3558,A375,10uM,24h,skin,NA,NA,CBAAPWVHONFTKW-LJUIALDASA-N,"InChI=1S/C35H47F3N4O7S/c1-22-18-42(23(2)21-43)34(44)30-17-29(40-50(45,46)33-25(4)39-49-26(33)5)14-15-31(30)48-24(3)9-7-8-16-47-32(22)20-41(6)19-27-10-12-28(13-11-27)35(36,37)38/h10-15,17,22-24,32,40,43H,7-9,16,18-21H2,1-6H3/t22-,23+,24+,32+/m1/s1",40115,C[C@@H](CO)N1C[C@@H](C)[C@H](CN(C)Cc2ccc(cc2)C(F)(F)F)OCCCC[C@H](C)Oc3ccc(NS(=O)(=O)c4c(C)onc4C)cc3C1=O,NA
Input,"9-[3-(3,5-Dimethylpiperazin-1-yl)propyl]-9H-carbazole",-0.34792964,InputSig,NA,NA,LINCSCP_17878,HCC515,10uM,24h,lung,Sigma receptor antagonist,SIGMAR1,GUDVQJXODNJRIJ-UHFFFAOYSA-N,"InChI=1S/C21H27N3/c1-16-14-23(15-17(2)22-16)12-7-13-24-20-10-5-3-8-18(20)19-9-4-6-11-21(19)24/h3-6,8-11,16-17,22H,7,12-15H2,1-2H3",22433,CC1CN(CCCn2c3ccccc3c4ccccc24)CC(C)N1,NA
Input,Trifluoperazine,-0.34752199,InputSig,NA,NA,LINCSCP_272591,PC3,10uM,24h,prostate,Serotonin 2a (5-HT2a) receptor antagonist (Serotonin 2a|Serotonin 2c (5-HT2c) receptor antagonist (Serotonin 2c|D2-like dopamine receptor antagonist,DRD2|DRD3|DRD4|HTR2A|HTR2C,ZEWQUBUPAILYHI-UHFFFAOYSA-N,"InChI=1S/C21H24F3N3S/c1-25-11-13-26(14-12-25)9-4-10-27-17-5-2-3-6-19(17)28-20-8-7-16(15-18(20)27)21(22,23)24/h2-3,5-8,15H,4,9-14H2,1H3",16029,CN1CCN(CCCN2c3ccccc3Sc4ccc(cc24)C(F)(F)F)CC1,4
Input,ACON1_001721,-0.34749404,InputSig,NA,NA,LINCSCP_6075,A549,10uM,6h,lung,NA,NA,JFVQQQJGXXROPE-SAIGWJAVSA-N,"InChI=1S/C20H28O8/c1-2-3-4-5-8-11-15(14(23)10-7-6-9-12-21)27-20-19(26)18(25)17(24)16(13-22)28-20/h2-3,7,10,14-26H,6,9,12-13H2,1H3/b3-2+,10-7+/t14-,15-,16-,17-,18+,19-,20-/m1/s1",9813,C\C=C\C#CC#C[C@@H](O[C@@H]1O[C@H](CO)[C@@H](O)[C@H](O)[C@H]1O)[C@H](O)\C=C\CCCO,NA
Input,Linoleic acid,-0.34723722,InputSig,NA,NA,LINCSCP_472,A375,10uM,6h,skin,Oxidative stress inducer,NA,OYHQOLUKZRVURQ-HZJYTTRNSA-N,"InChI=1S/C18H32O2/c1-2-3-4-5-6-7-8-9-10-11-12-13-14-15-16-17-18(19)20/h6-7,9-10H,2-5,8,11-17H2,1H3,(H,19,20)/b7-6-,10-9-",17511,CCCCC\C=C/C\C=C/CCCCCCCC(=O)O,NA
Input,Bosutinib,-0.34697349,InputSig,NA,NA,LINCSCP_153375,PC3,0.37uM,24h,prostate,Abl kinase inhibitor|Bcr-Abl kinase inhibitor|Src inhibitor,ABL1|BCR|CAMK2G|HCK|LYN|SRC,UBPYILGKFZZVDX-UHFFFAOYSA-N,"InChI=1S/C26H29Cl2N5O3/c1-32-6-8-33(9-7-32)5-4-10-36-25-13-21-18(11-24(25)35-3)26(17(15-29)16-30-21)31-22-14-23(34-2)20(28)12-19(22)27/h11-14,16H,4-10H2,1-3H3,(H,30,31)",37924,COc1cc(Nc2c(cnc3cc(OCCCN4CCN(C)CC4)c(OC)cc23)C#N)c(Cl)cc1Cl,4
Input,NCGC00170189-01,-0.34686824,InputSig,NA,NA,LINCSCP_26522,HT29,10uM,6h,large intestine,NA,NA,QEJXXVDHLHDWRM-GRKNLSHJSA-N,"InChI=1S/C31H32N2O6S/c1-2-17-31-28(39-29(32-31)23-13-15-25(16-14-23)38-20-8-19-34)27-12-7-6-9-24(27)22-33(30(31)35)18-21-40(36,37)26-10-4-3-5-11-26/h2-7,9-16,28,34H,1,8,17-22H2/t28-,31-/m1/s1",11490,OCCCOc1ccc(cc1)C2=N[C@]3(CC=C)[C@H](O2)c4ccccc4CN(CCS(=O)(=O)c5ccccc5)C3=O,NA
Input,Sertraline HCl,-0.34672214,InputSig,NA,NA,LINCSCP_174384,YAPC,3.33uM,24h,pancreas,NA,NA,VGKDLMBJGBXTGI-YVEFUNNKSA-N,"InChI=1S/C17H17Cl2N/c1-20-17-9-7-12(13-4-2-3-5-14(13)17)11-6-8-15(18)16(19)10-11/h2-6,8,10,12,17,20H,7,9H2,1H3/t12-,17+/m0/s1",27179,CN[C@@H]1CC[C@@H](c2ccc(Cl)c(Cl)c2)c3ccccc13,NA
Input,Zaldaride,-0.34635448,InputSig,NA,NA,LINCSCP_14522,HA1E,10uM,6h,kidney epithelial,Calmodulin antagonist,CALM1,HTGCJAAPDHZCHL-UHFFFAOYSA-N,"InChI=1S/C26H28N4O2/c1-26(24-11-6-14-29(24)22-9-4-2-7-19(22)17-32-26)18-28-15-12-20(13-16-28)30-23-10-5-3-8-21(23)27-25(30)31/h2-11,14,20H,12-13,15-18H2,1H3,(H,27,31)",35352,CC1(CN2CCC(CC2)N3C(=O)Nc4ccccc34)OCc5ccccc5n6cccc16,NA
Input,CHEMBL1083527,-0.34545698,InputSig,NA,NA,LINCSCP_99450,HCC515,10uM,24h,lung,NA,NA,MJEHBQIPZHTMNZ-UHFFFAOYSA-N,"InChI=1S/C27H29N5O/c28-26-25-24(21-7-9-23(10-8-21)33-17-19-5-2-1-3-6-19)16-32(27(25)30-18-29-26)22-13-20(14-22)15-31-11-4-12-31/h1-3,5-10,16,18,20,22H,4,11-15,17H2,(H2,28,29,30)",97,Nc1ncnc2c1c(cn2C3CC(CN4CCC4)C3)c5ccc(OCc6ccccc6)cc5,NA
Input,BRD-K96396151,-0.34513853,InputSig,NA,NA,LINCSCP_48474,PC3,10uM,24h,prostate,NA,NA,BIBACOGHJXNCPI-OAQYLSRUSA-N,"InChI=1S/C25H31N3O4S/c1-17-5-4-6-19(13-17)33(30,31)28-11-9-25(10-12-28)16-26-21(15-29)24-23(25)20-8-7-18(32-3)14-22(20)27(24)2/h4-8,13-14,21,26,29H,9-12,15-16H2,1-3H3/t21-/m1/s1",14036,COc1ccc2c3c([C@@H](CO)NCC34CCN(CC4)S(=O)(=O)c5cccc(C)c5)n(C)c2c1,NA
Input,BRD-K49111930,-0.34455825,InputSig,NA,NA,LINCSCP_187480,A375,10uM,24h,skin,NA,NA,VTMUWCMJICVSQX-IABYTQIASA-N,"InChI=1S/C31H36N2O5/c1-21-15-33(22(2)18-34)31(35)27-11-7-6-10-26(27)25-9-5-4-8-24(25)19-36-30(21)17-32(3)16-23-12-13-28-29(14-23)38-20-37-28/h4-14,21-22,30,34H,15-20H2,1-3H3/t21-,22+,30+/m0/s1",3348,C[C@H](CO)N1C[C@H](C)[C@@H](CN(C)Cc2ccc3OCOc3c2)OCc4ccccc4c5ccccc5C1=O,NA
Input,Flumatinib (mesylate),-0.34406367,InputSig,NA,NA,LINCSCP_174318,YAPC,3.33uM,24h,pancreas,Tyrosine-protein kinase ABL inhibitor,ABL1,BJCJYEYYYGBROF-UHFFFAOYSA-N,"InChI=1S/C29H29F3N8O/c1-19-26(38-28-34-9-7-25(37-28)21-4-3-8-33-16-21)15-23(17-35-19)36-27(41)20-5-6-22(24(14-20)29(30,31)32)18-40-12-10-39(2)11-13-40/h3-9,14-17H,10-13,18H2,1-2H3,(H,36,41)(H,34,37,38)",26782,CN1CCN(Cc2ccc(cc2C(F)(F)F)C(=O)Nc3cnc(C)c(Nc4nccc(n4)c5cccnc5)c3)CC1,3
Input,BRD-K89824424,-0.34155276,InputSig,NA,NA,LINCSCP_3745,A375,10uM,24h,skin,NA,NA,CREOWEDUZDMJSE-KCHLEUMXSA-N,"InChI=1S/C29H31FN2O3/c1-35-25-6-4-5-23(17-25)20-7-9-21(10-8-20)28-26-18-31(15-2-3-16-32(26)27(28)19-33)29(34)22-11-13-24(30)14-12-22/h4-14,17,26-28,33H,2-3,15-16,18-19H2,1H3/t26-,27-,28-/m0/s1",34010,COc1cccc(c1)c2ccc(cc2)[C@@H]3[C@H](CO)N4CCCCN(C[C@@H]34)C(=O)c5ccc(F)cc5,NA
Input,N-Desmethylclozapine,-0.34154746,InputSig,NA,NA,LINCSCP_56125,VCAP,10uM,6h,prostate,Acetylcholine receptor agonist,CHRM1|DRD2|DRD3|HTR2A|HTR2C,JNNOSTQEZICQQP-UHFFFAOYSA-N,"InChI=1S/C17H17ClN4/c18-12-5-6-15-16(11-12)21-17(22-9-7-19-8-10-22)13-3-1-2-4-14(13)20-15/h1-6,11,19-20H,7-10H2",32955,Clc1ccc2Nc3ccccc3C(=Nc2c1)N4CCNCC4,NA
Input,NNC 05-2090,-0.34150833,InputSig,NA,NA,LINCSCP_55849,VCAP,10uM,6h,prostate,GABA uptake inhibitor|GAT inhibitor,SLC6A12,XZZYCJOGZYEPPW-UHFFFAOYSA-N,"InChI=1S/C27H30N2O2/c1-31-26-14-7-4-11-23(26)27(30)15-19-28(20-16-27)17-8-18-29-24-12-5-2-9-21(24)22-10-3-6-13-25(22)29/h2-7,9-14,30H,8,15-20H2,1H3",15995,COc1ccccc1C2(O)CCN(CCCn3c4ccccc4c5ccccc35)CC2,NA
Input,ITRACONAZOLE HYDROCHLORIDE,-0.34118215,InputSig,NA,NA,LINCSCP_154800,PC3,3.33uM,24h,prostate,Cytochrome P450 51 inhibitor,NA,VHVPQPYKVGDNFY-ZPGVKDDISA-N,"InChI=1S/C35H38Cl2N8O4/c1-3-25(2)45-34(46)44(24-40-45)29-7-5-27(6-8-29)41-14-16-42(17-15-41)28-9-11-30(12-10-28)47-19-31-20-48-35(49-31,21-43-23-38-22-39-43)32-13-4-26(36)18-33(32)37/h4-13,18,22-25,31H,3,14-17,19-21H2,1-2H3/t25?,31-,35-/m0/s1",26973,CCC(C)N1N=CN(C1=O)c2ccc(cc2)N3CCN(CC3)c4ccc(OC[C@H]5CO[C@@](Cn6cncn6)(O5)c7ccc(Cl)cc7Cl)cc4,4
Input,Carpindolol,-0.34040099,InputSig,NA,NA,LINCSCP_17858,HCC515,10uM,24h,lung,Adrenergic receptor antagonist|Serotonin receptor antagonist,HTR1A|HTR1B,SJYFDORQYYEJLB-UHFFFAOYSA-N,"InChI=1S/C19H28N2O4/c1-12(2)25-18(23)16-9-14-15(21-16)7-6-8-17(14)24-11-13(22)10-20-19(3,4)5/h6-9,12-13,20-22H,10-11H2,1-5H3",35338,CC(C)OC(=O)c1cc2c(OCC(O)CNC(C)(C)C)cccc2[nH]1,NA
Input,Falnidamol,-0.33946454,InputSig,NA,NA,LINCSCP_44584,PC3,10uM,24h,prostate,EGFR inhibitor|Tyrosine kinase inhibitor,EGFR,FTFRZXFNZVCRSK-UHFFFAOYSA-N,"InChI=1S/C18H19ClFN7/c1-27-6-4-11(5-7-27)25-18-21-9-15-16(26-18)17(23-10-22-15)24-12-2-3-14(20)13(19)8-12/h2-3,8-11H,4-7H2,1H3,(H,21,25,26)(H,22,23,24)",35980,CN1CCC(CC1)Nc2ncc3ncnc(Nc4ccc(F)c(Cl)c4)c3n2,1
Input,Blebbistatin,-0.33938986,InputSig,NA,NA,LINCSCP_30719,MCF7,40uM,6h,breast,ATPase inhibitor,MYH2,LZAXPYOBKSJSEX-UHFFFAOYSA-N,"InChI=1S/C18H16N2O2/c1-12-7-8-15-14(11-12)16(21)18(22)9-10-20(17(18)19-15)13-5-3-2-4-6-13/h2-8,11,22H,9-10H2,1H3",36677,Cc1ccc2N=C3N(CCC3(O)C(=O)c2c1)c4ccccc4,NA
Input,R-59022,-0.33864114,InputSig,NA,NA,LINCSCP_348,A375,10uM,24h,skin,Diacylglycerol kinase inhibitor|Protein kinase inhibitor,DGKA,MFVJXLPANKSLLD-UHFFFAOYSA-N,"InChI=1S/C27H26FN3OS/c1-19-24(26(32)31-17-18-33-27(31)29-19)13-16-30-14-11-22(12-15-30)25(20-5-3-2-4-6-20)21-7-9-23(28)10-8-21/h2-10,17-18H,11-16H2,1H3",35852,CC1=C(CCN2CCC(=C(c3ccccc3)c4ccc(F)cc4)CC2)C(=O)N5C=CSC5=N1,NA
Input,SCHEMBL17378613,-0.33817341,InputSig,NA,NA,LINCSCP_39055,MDAMB231,10uM,24h,NA,CSF1R inhibitor,CSF1R,NHOUHWHGHAFDOP-UHFFFAOYSA-N,"InChI=1S/C23H32Cl2N6O3/c1-6-30(7-2)11-9-8-10-26-22-27-13-15-14-31(23(32)29(3)21(15)28-22)20-18(24)16(33-4)12-17(34-5)19(20)25/h12-13H,6-11,14H2,1-5H3,(H,26,27,28)",25583,CCN(CC)CCCCNc1ncc2CN(C(=O)N(C)c2n1)c3c(Cl)c(OC)cc(OC)c3Cl,NA
Input,AC1L99UL,-0.33791294,InputSig,NA,NA,LINCSCP_43981,PC3,10uM,24h,prostate,Oxidosqualene cyclase inhibitor,NA,DMZCCFMMPHJWQY-UHFFFAOYSA-N,"InChI=1S/C25H41NO2/c1-5-26(6-2)15-16-28-19-11-13-24(3)18(17-19)7-8-20-21-9-10-23(27)25(21,4)14-12-22(20)24/h7,19-22H,5-6,8-17H2,1-4H3",15324,CCN(CC)CCOC1CCC2(C)C3CCC4(C)C(CCC4=O)C3CC=C2C1,NA
Input,ZINC150345845,-0.33790888,InputSig,NA,NA,LINCSCP_17016,HA1E,10uM,6h,kidney epithelial,Potassium channel blocker,KCNH2,QMKSCTINHJSWPD-UHFFFAOYSA-N,"InChI=1S/C26H31I2NO3/c1-4-7-8-13-23-24(19-11-9-10-12-22(19)32-23)25(30)18-16-20(27)26(21(28)17-18)31-15-14-29(5-2)6-3/h9-12,16-17H,4-8,13-15H2,1-3H3",1649,CCCCCc1oc2ccccc2c1C(=O)c3cc(I)c(OCCN(CC)CC)c(I)c3,NA
Input,Crizotinib,-0.33751181,InputSig,NA,NA,LINCSCP_39078,MDAMB231,10uM,24h,NA,ALK tyrosine kinase receptor inhibitor,ALK|MET,KTEIFNKAUNYNJU-GFCCVEGCSA-N,"InChI=1S/C21H22Cl2FN5O/c1-12(19-16(22)2-3-17(24)20(19)23)30-18-8-13(9-27-21(18)25)14-10-28-29(11-14)15-4-6-26-7-5-15/h2-3,8-12,15,26H,4-7H2,1H3,(H2,25,27)/t12-/m1/s1",16653,C[C@@H](Oc1cc(cnc1N)c2cnn(c2)C3CCNCC3)c4c(Cl)ccc(F)c4Cl,4
Input,Blonanserin (Lonasen),-0.33732501,InputSig,NA,NA,LINCSCP_71050,A375,3.33uM,24h,skin,NA,NA,XVGOZDAJGBALKS-UHFFFAOYSA-N,"InChI=1S/C23H30FN3/c1-2-26-13-15-27(16-14-26)23-17-21(18-9-11-19(24)12-10-18)20-7-5-3-4-6-8-22(20)25-23/h9-12,17H,2-8,13-16H2,1H3",26917,CCN1CCN(CC1)c2cc(c3CCCCCCc3n2)c4ccc(F)cc4,3
Input,Dabigatran Etexilate,-0.33683201,InputSig,NA,NA,LINCSCP_157852,PC3,10uM,24h,prostate,NA,NA,KSGXQBZTULBEEQ-UHFFFAOYSA-N,"InChI=1S/C34H41N7O5/c1-4-6-7-10-21-46-34(44)39-32(35)24-12-15-26(16-13-24)37-23-30-38-27-22-25(14-17-28(27)40(30)3)33(43)41(20-18-31(42)45-5-2)29-11-8-9-19-36-29/h8-9,11-17,19,22,37H,4-7,10,18,20-21,23H2,1-3H3,(H2,35,39,44)",26459,CCCCCCOC(=O)N=C(N)c1ccc(NCc2nc3cc(ccc3n2C)C(=O)N(CCC(=O)OCC)c4ccccn4)cc1,NA
Input,BRD-K55612480,-0.3366303,InputSig,NA,NA,LINCSCP_26506,HT29,10uM,6h,large intestine,NA,NA,HWJRKQFKDZCYLU-VTRVSUCGSA-N,"InChI=1S/C36H60N4O5/c1-26-22-40(27(2)25-41)35(42)32-21-31(38-36(43)37-30-16-9-6-10-17-30)18-19-33(32)45-28(3)13-11-12-20-44-34(26)24-39(4)23-29-14-7-5-8-15-29/h18-19,21,26-30,34,41H,5-17,20,22-25H2,1-4H3,(H2,37,38,43)/t26-,27+,28-,34-/m1/s1",33106,C[C@@H](CO)N1C[C@@H](C)[C@@H](CN(C)CC2CCCCC2)OCCCC[C@@H](C)Oc3ccc(NC(=O)NC4CCCCC4)cc3C1=O,NA
Input,SCHEMBL2557158,-0.33572068,InputSig,NA,NA,LINCSCP_26257,HT29,10uM,6h,large intestine,NA,NA,QKLJLRGZFIWPLI-UHFFFAOYSA-N,"InChI=1S/C19H23BrN4OS/c20-16-3-1-14(2-4-16)17-13-26-19(22-17)24-9-5-15(6-10-24)18(25)23-11-7-21-8-12-23/h1-4,13,15,21H,5-12H2",16063,Brc1ccc(cc1)c2csc(n2)N3CCC(CC3)C(=O)N4CCNCC4,NA
Input,TPCA-1,-0.33535157,InputSig,NA,NA,LINCSCP_116868,HT29,3.33uM,24h,large intestine,IKK inhibitor,IKBKB,SAYGKHKXGCPTLX-UHFFFAOYSA-N,"InChI=1S/C12H10FN3O2S/c13-7-3-1-6(2-4-7)9-5-8(10(14)17)11(19-9)16-12(15)18/h1-5H,(H2,14,17)(H3,15,16,18)",37816,NC(=O)Nc1sc(cc1C(=O)N)c2ccc(F)cc2,NA
Input,BRD-K16752930,-0.33533597,InputSig,NA,NA,LINCSCP_300033,VCAP,5uM,6h,prostate,NA,NA,REUNTGUOEHKOBZ-NPPFBWRTSA-N,"InChI=1S/C25H40N4O5/c1-8-9-23(30)26-19-10-11-20-21(12-19)34-16-18(3)29(24(31)15-27(4)5)13-17(2)22(33-7)14-28(6)25(20)32/h10-12,17-18,22H,8-9,13-16H2,1-7H3,(H,26,30)/t17-,18-,22+/m0/s1",23771,CCCC(=O)Nc1ccc2C(=O)N(C)C[C@@H](OC)[C@@H](C)CN([C@@H](C)COc2c1)C(=O)CN(C)C,NA
Input,SA-1921085,-0.33477234,InputSig,NA,NA,LINCSCP_277937,PC3,10uM,24h,prostate,NA,NA,OWCQDSOVMCWDRH-KLJDGLGGSA-N,"InChI=1S/C27H35N3O3S/c1-21-9-4-5-11-26(21)34(32,33)29-17-6-7-18-30-24(19-29)27(25(30)20-31)23-14-12-22(13-15-23)10-8-16-28(2)3/h4-5,9,11-15,24-25,27,31H,6-7,16-20H2,1-3H3/t24-,25-,27-/m0/s1",33175,CN(C)CC#Cc1ccc(cc1)[C@@H]2[C@H](CO)N3CCCCN(C[C@@H]23)S(=O)(=O)c4ccccc4C,NA
Input,Tozasertib,-0.33400032,InputSig,NA,NA,LINCSCP_171590,YAPC,10uM,24h,pancreas,Aurora kinase inhibitor|Bcr-Abl kinase inhibitor|FLT3 inhibitor|JAK inhibitor,ABL1|AURKA|AURKB|AURKC|BCR|FLT3|JAK2,GCIKSSRWRFVXBI-UHFFFAOYSA-N,"InChI=1S/C23H28N8OS/c1-15-13-20(29-28-15)25-19-14-21(31-11-9-30(2)10-12-31)27-23(26-19)33-18-7-5-17(6-8-18)24-22(32)16-3-4-16/h5-8,13-14,16H,3-4,9-12H2,1-2H3,(H,24,32)(H2,25,26,27,28,29)",16643,CN1CCN(CC1)c2cc(Nc3cc(C)[nH]n3)nc(Sc4ccc(NC(=O)C5CC5)cc4)n2,2
Input,CHEMBL2360719,-0.33367751,InputSig,NA,NA,LINCSCP_61075,VCAP,5uM,24h,prostate,NA,NA,HAJBOXZNCGYLAF-GGJMMHKRSA-N,"InChI=1S/C30H35N3O4/c1-20-17-31-21(2)19-37-27-16-25(14-15-26(27)30(35)33(3)18-28(20)36-4)32-29(34)24-12-10-23(11-13-24)22-8-6-5-7-9-22/h5-16,20-21,28,31H,17-19H2,1-4H3,(H,32,34)/t20-,21+,28+/m1/s1",37610,CO[C@H]1CN(C)C(=O)c2ccc(NC(=O)c3ccc(cc3)c4ccccc4)cc2OC[C@H](C)NC[C@H]1C,NA
Input,Siramesine (hydrochloride),-0.33358436,InputSig,NA,NA,LINCSCP_103434,HELA,10uM,24h,large intestine,NA,NA,XWAONOGAGZNUSF-UHFFFAOYSA-N,"InChI=1S/C30H31FN2O/c31-25-12-14-26(15-13-25)33-21-23(27-9-2-4-11-29(27)33)7-5-6-18-32-19-16-30(17-20-32)28-10-3-1-8-24(28)22-34-30/h1-4,8-15,21H,5-7,16-20,22H2",26905,Fc1ccc(cc1)n2cc(CCCCN3CCC4(CC3)OCc5ccccc45)c6ccccc26,NA
Input,CGK733,-0.33343633,InputSig,NA,NA,LINCSCP_84708,ASC,0.12uM,24h,adipose,ATM kinase inhibitor|ATR kinase inhibitor,ATM|ATR,HLCDNLNLQNYZTK-UHFFFAOYSA-N,"InChI=1S/C23H18Cl3FN4O3S/c24-23(25,26)21(30-22(35)28-16-11-12-17(27)18(13-16)31(33)34)29-20(32)19(14-7-3-1-4-8-14)15-9-5-2-6-10-15/h1-13,19,21H,(H,29,32)(H2,28,30,35)",15256,[O-][N+](=O)c1cc(NC(=S)NC(NC(=O)C(c2ccccc2)c3ccccc3)C(Cl)(Cl)Cl)ccc1F,NA
Input,MLS003129189,-0.33305688,InputSig,NA,NA,LINCSCP_60516,VCAP,5uM,24h,prostate,NA,NA,QLGFDRXFQQZFKX-OPYAIIAOSA-N,"InChI=1S/C23H35N5O6S/c1-17-13-27(18(2)15-29)23(30)10-7-11-28-19(12-24-25-28)16-34-21(17)14-26(3)35(31,32)22-9-6-5-8-20(22)33-4/h5-6,8-9,12,17-18,21,29H,7,10-11,13-16H2,1-4H3/t17-,18-,21+/m1/s1",517,COc1ccccc1S(=O)(=O)N(C)C[C@@H]2OCc3cnnn3CCCC(=O)N(C[C@H]2C)[C@H](C)CO,NA
Input,Wortmannin,-0.33290681,InputSig,NA,NA,LINCSCP_68786,VCAP,10uM,6h,prostate,PI3K inhibitor,PIK3CA|PIK3CG|PLK1,QDLHCMPXEPAAMD-QAIWCSMKSA-N,"InChI=1S/C23H24O8/c1-10(24)30-13-7-22(2)12(5-6-14(22)25)16-18(13)23(3)15(9-28-4)31-21(27)11-8-29-20(17(11)23)19(16)26/h8,12-13,15H,5-7,9H2,1-4H3/t12-,13+,15+,22-,23-/m0/s1",36100,COC[C@H]1OC(=O)c2coc3C(=O)C4=C([C@@H](C[C@@]5(C)[C@H]4CCC5=O)OC(=O)C)[C@]1(C)c23,NA
Input,Aripiprazole,-0.33283908,InputSig,NA,NA,LINCSCP_173969,YAPC,10uM,24h,pancreas,Serotonin receptor agonist|Serotonin receptor antagonist,DRD2|HRH1|HTR1A|HTR1B|HTR1D|HTR2A|HTR2C,CEUORZQYGODEFX-UHFFFAOYSA-N,"InChI=1S/C23H27Cl2N3O2/c24-19-4-3-5-21(23(19)25)28-13-11-27(12-14-28)10-1-2-15-30-18-8-6-17-7-9-22(29)26-20(17)16-18/h3-6,8,16H,1-2,7,9-15H2,(H,26,29)",16405,Clc1cccc(N2CCN(CCCCOc3ccc4CCC(=O)Nc4c3)CC2)c1Cl,4
Input,"Trans-1,4-bis(2-chlorobenzaminomethyl)cyclohexane dihydrochloride",-0.33267363,InputSig,NA,NA,LINCSCP_227394,HT29,10uM,6h,large intestine,Hedgehog pathway modulator,NA,RZRPZWGIOOZIBE-UHFFFAOYSA-N,"InChI=1S/C22H28Cl2N2/c23-21-7-3-1-5-19(21)15-25-13-17-9-11-18(12-10-17)14-26-16-20-6-2-4-8-22(20)24/h1-8,17-18,25-26H,9-16H2",38084,Clc1ccccc1CNCC2CCC(CNCc3ccccc3Cl)CC2,NA
Input,Toremifene,-0.33255762,InputSig,NA,NA,LINCSCP_73272,A375,10uM,24h,skin,Estrogen receptor antagonist|Selective estrogen receptor modulator (SERM),ESR1|ESR2,XFCLJVABOIYOMF-QPLCGJKRSA-N,"InChI=1S/C26H28ClNO/c1-28(2)19-20-29-24-15-13-23(14-16-24)26(22-11-7-4-8-12-22)25(17-18-27)21-9-5-3-6-10-21/h3-16H,17-20H2,1-2H3/b26-25-",37469,CN(C)CCOc1ccc(cc1)\C(=C(\CCCl)/c2ccccc2)\c3ccccc3,4
Input,BIO2_000029,-0.33168207,InputSig,NA,NA,LINCSCP_26983,HT29,10uM,6h,large intestine,Sodium/calcium exchange inhibitor,NA,YVELSDDXFCIBLA-UHFFFAOYSA-N,"InChI=1S/C13H12Cl3N7O/c14-6-2-1-5(7(15)3-6)4-20-13(19)23-12(24)8-10(17)22-11(18)9(16)21-8/h1-3H,4H2,(H4,17,18,22)(H3,19,20,23,24)",15135,Nc1nc(N)c(nc1Cl)C(=O)NC(=N)NCc2ccc(Cl)cc2Cl,NA
Input,Phenformin,-0.33157337,InputSig,NA,NA,LINCSCP_72789,A375,3.33uM,24h,skin,AMPK activator,NA,ICFJFFQQTFMIBG-UHFFFAOYSA-N,"InChI=1S/C10H15N5/c11-9(12)15-10(13)14-7-6-8-4-2-1-3-5-8/h1-5H,6-7H2,(H6,11,12,13,14,15)",22552,NC(=N)NC(=N)NCCc1ccccc1,4
Input,Zuclomiphene,-0.33138177,InputSig,NA,NA,LINCSCP_73956,A375,10uM,24h,skin,Estrogen receptor antagonist,ESR1,GKIRPKYJQBWNGO-QPLCGJKRSA-N,"InChI=1S/C26H28ClNO/c1-3-28(4-2)19-20-29-24-17-15-22(16-18-24)25(21-11-7-5-8-12-21)26(27)23-13-9-6-10-14-23/h5-18H,3-4,19-20H2,1-2H3/b26-25-",37337,CCN(CC)CCOc1ccc(cc1)\C(=C(/Cl)\c2ccccc2)\c3ccccc3,NA
Input,Perhexiline,-0.33106629,InputSig,NA,NA,LINCSCP_25669,HT29,10uM,6h,large intestine,Carnitine palmitoyltransferase inhibitor,CPT1A|CPT2,CYXKNKQEMFBLER-UHFFFAOYSA-N,"InChI=1S/C19H35N/c1-3-9-16(10-4-1)19(17-11-5-2-6-12-17)15-18-13-7-8-14-20-18/h16-20H,1-15H2",16124,C(C(C1CCCCC1)C2CCCCC2)C3CCCCN3,4
Input,BRD-K32485462,-0.33066568,InputSig,NA,NA,LINCSCP_26397,HT29,10uM,6h,large intestine,NA,NA,UZEHIQNFVBKJCC-DOBRQBTGSA-N,"InChI=1S/C39H40N4O5S/c1-26-22-43(27(2)25-44)39(46)33-10-7-11-34(41-37(45)29-14-16-30(17-15-29)38-40-20-21-49-38)36(33)48-35(26)24-42(3)23-28-12-18-32(19-13-28)47-31-8-5-4-6-9-31/h4-21,26-27,35,44H,22-25H2,1-3H3,(H,41,45)/t26-,27-,35-/m1/s1",12419,C[C@H](CO)N1C[C@@H](C)[C@@H](CN(C)Cc2ccc(Oc3ccccc3)cc2)Oc4c(NC(=O)c5ccc(cc5)c6nccs6)cccc4C1=O,NA
Input,Thiothixene,-0.33007226,InputSig,NA,NA,LINCSCP_80526,A375,10uM,24h,skin,Dopamine receptor antagonist,HTR2A,GFBKORZTTCHDGY-UFWORHAWSA-N,"InChI=1S/C23H29N3O2S2/c1-24(2)30(27,28)18-10-11-23-21(17-18)19(20-7-4-5-9-22(20)29-23)8-6-12-26-15-13-25(3)14-16-26/h4-5,7-11,17H,6,12-16H2,1-3H3/b19-8+",13549,CN(C)S(=O)(=O)c1ccc2Sc3ccccc3\C(=C/CCN4CCN(C)CC4)\c2c1,NA
Input,SULF1-A_000010,-0.32993106,InputSig,NA,NA,LINCSCP_1987,A375,10uM,6h,skin,NA,NA,XIBVZULVNYKJHQ-UHFFFAOYSA-N,"InChI=1S/C23H26N2O4/c26-12-13-29-19-5-3-4-18(14-19)15-24-10-8-17(9-11-24)16-25-22(27)20-6-1-2-7-21(20)23(25)28/h1-7,14,17,26H,8-13,15-16H2",11471,OCCOc1cccc(CN2CCC(CN3C(=O)c4ccccc4C3=O)CC2)c1,NA
Input,CHEMBL2360276,-0.32955079,InputSig,NA,NA,LINCSCP_3512,A375,10uM,24h,skin,NA,NA,WJFNNSWULALGOK-KCHLEUMXSA-N,"InChI=1S/C28H36N2O4S/c1-21(2)8-6-9-22-12-14-23(15-13-22)28-26-19-29(16-4-5-17-30(26)27(28)20-31)35(32,33)25-11-7-10-24(18-25)34-3/h7,10-15,18,21,26-28,31H,4-5,8,16-17,19-20H2,1-3H3/t26-,27-,28-/m0/s1",39977,COc1cccc(c1)S(=O)(=O)N2CCCCN3[C@@H](CO)[C@H]([C@@H]3C2)c4ccc(cc4)C#CCC(C)C,NA
Input,Enclomiphene,-0.32838003,InputSig,NA,NA,LINCSCP_28572,HT29,10uM,24h,large intestine,Estrogen receptor antagonist,ESR1,GKIRPKYJQBWNGO-OCEACIFDSA-N,"InChI=1S/C26H28ClNO/c1-3-28(4-2)19-20-29-24-17-15-22(16-18-24)25(21-11-7-5-8-12-21)26(27)23-13-9-6-10-14-23/h5-18H,3-4,19-20H2,1-2H3/b26-25+",40197,CCN(CC)CCOc1ccc(cc1)\C(=C(\Cl)/c2ccccc2)\c3ccccc3,4
Input,MEK1/2 Inhibitor,-0.32807099,InputSig,NA,NA,LINCSCP_7669,A549,10uM,6h,lung,MEK inhibitor,MAP2K1|MAP2K2,JLOXTZFYJNCPIS-FYWRMAATSA-N,"InChI=1S/C16H12F3N3S/c17-16(18,19)14-4-2-1-3-12(14)13(9-20)15(22)23-11-7-5-10(21)6-8-11/h1-8H,21-22H2/b15-13+",37434,N\C(=C(\C#N)/c1ccccc1C(F)(F)F)\Sc2ccc(N)cc2,NA
Input,Vesamicol,-0.32799002,InputSig,NA,NA,LINCSCP_14548,HA1E,10uM,6h,kidney epithelial,Acetylcholinesterase inhibitor,SLC18A3,YSSBJODGIYRAMI-IAGOWNOFSA-N,"InChI=1S/C17H25NO/c19-17-9-5-4-8-16(17)18-12-10-15(11-13-18)14-6-2-1-3-7-14/h1-3,6-7,15-17,19H,4-5,8-13H2/t16-,17-/m1/s1",35557,O[C@@H]1CCCC[C@H]1N2CCC(CC2)c3ccccc3,NA
Input,Flupentixol,-0.32789731,InputSig,NA,NA,LINCSCP_44409,PC3,10uM,24h,prostate,Dopamine receptor antagonist,DRD1|DRD2,NJMYODHXAKYRHW-DVZOWYKESA-N,"InChI=1S/C23H25F3N2OS/c24-23(25,26)17-7-8-22-20(16-17)18(19-4-1-2-6-21(19)30-22)5-3-9-27-10-12-28(13-11-27)14-15-29/h1-2,4-8,16,29H,3,9-15H2/b18-5-",17602,OCCN1CCN(CC\C=C/2\c3ccccc3Sc4ccc(cc24)C(F)(F)F)CC1,3
Input,XMD-1499,-0.32716247,InputSig,NA,NA,LINCSCP_16750,HA1E,10uM,6h,kidney epithelial,EPHB3 inhibitor,EPHB3,NA,NA,42731,NA,NA
Input,"L741,626",-0.32678311,InputSig,NA,NA,LINCSCP_14207,HA1E,10uM,6h,kidney epithelial,Dopamine receptor antagonist,DRD2,LLBLNMUONVVVPG-UHFFFAOYSA-N,"InChI=1S/C20H21ClN2O/c21-17-7-5-16(6-8-17)20(24)9-11-23(12-10-20)14-15-13-22-19-4-2-1-3-18(15)19/h1-8,13,22,24H,9-12,14H2",5975,OC1(CCN(Cc2c[nH]c3ccccc23)CC1)c4ccc(Cl)cc4,NA
Input,bupivacaine,-0.32661782,InputSig,NA,NA,LINCSCP_72255,A375,10uM,24h,skin,NA,NA,NA,NA,NA,NA,NA
Input,CHEMBL2361224,-0.325252,InputSig,NA,NA,LINCSCP_23423,HEPG2,3uM,24h,liver,NA,NA,AXBJPSYRCLUHNL-CNFUJFEGSA-N,"InChI=1S/C32H38N2O5S/c1-23-19-34(24(2)22-35)40(37,38)32-17-14-26(11-10-25(3)36)18-30(32)39-31(23)21-33(4)20-27-12-15-29(16-13-27)28-8-6-5-7-9-28/h5-9,12-18,23-25,31,35-36H,19-22H2,1-4H3/t23-,24-,25+,31+/m0/s1",16639,C[C@@H](O)C#Cc1ccc2c(O[C@H](CN(C)Cc3ccc(cc3)c4ccccc4)[C@@H](C)CN([C@@H](C)CO)S2(=O)=O)c1,NA
Input,VU-0415556-1,-0.32513315,InputSig,NA,NA,LINCSCP_57611,VCAP,10uM,6h,prostate,NA,NA,RYEZRLQEBRCAQY-UHFFFAOYSA-N,"InChI=1S/C26H31N3O2S/c1-25(2,3)19-11-13-20(14-12-19)29(24(31)21-10-8-16-32-21)22(18-9-7-15-27-17-18)23(30)28-26(4,5)6/h7-17,22H,1-6H3,(H,28,30)",472,CC(C)(C)NC(=O)C(N(C(=O)c1cccs1)c2ccc(cc2)C(C)(C)C)c3cccnc3,NA
Input,C21H27N7O3,-0.32503909,InputSig,NA,NA,LINCSCP_116265,HT29,10uM,24h,large intestine,AKT inhibitor,AKT1|AKT2|AKT3|PRKCQ,KGPGFQWBCSZGEL-UHFFFAOYSA-N,"InChI=1S/C21H27N7O3/c1-4-28-18-15(30-12-13-6-5-9-23-10-13)11-24-14(7-8-21(2,3)29)16(18)25-20(28)17-19(22)27-31-26-17/h11,13,23,29H,4-6,9-10,12H2,1-3H3,(H2,22,27)",17523,CCn1c(nc2c(ncc(OCC3CCCNC3)c12)C#CC(C)(C)O)c4nonc4N,NA
Input,BRD-K69841970-001-01-4,-0.32458924,InputSig,NA,NA,LINCSCP_59787,VCAP,5uM,6h,prostate,NA,NA,FCCAVEYMXYQNMW-RHGYRFJNSA-N,"InChI=1S/C27H36Cl2N4O4/c1-16(2)30-27(36)31-23-8-6-7-20-25(23)37-24(17(3)12-33(26(20)35)18(4)15-34)14-32(5)13-19-9-10-21(28)22(29)11-19/h6-11,16-18,24,34H,12-15H2,1-5H3,(H2,30,31,36)/t17-,18+,24-/m0/s1",13346,CC(C)NC(=O)Nc1cccc2C(=O)N(C[C@H](C)[C@H](CN(C)Cc3ccc(Cl)c(Cl)c3)Oc12)[C@H](C)CO,NA
Input,BRD-K85568664,-0.32424515,InputSig,NA,NA,LINCSCP_64027,VCAP,5uM,24h,prostate,NA,NA,ODVRBXJNMOGDSF-RLBLXZPPSA-N,"InChI=1S/C25H32N4O3/c1-28-22-19(20(15-30)23(28)24(31)27-12-16-6-3-2-4-7-16)14-29-21(22)10-9-18(25(29)32)17-8-5-11-26-13-17/h5,8-11,13,16,19-20,22-23,30H,2-4,6-7,12,14-15H2,1H3,(H,27,31)/t19-,20-,22+,23-/m0/s1",25059,CN1[C@@H]([C@@H](CO)[C@@H]2CN3C(=O)C(=CC=C3[C@H]12)c4cccnc4)C(=O)NCC5CCCCC5,NA
Input,10-{3-[4-(2-Chloroethyl)piperazin-1-yl]propyl}-2-(trifluoromethyl)-10H-phenothiazine,-0.32394325,InputSig,NA,NA,LINCSCP_14576,HA1E,10uM,6h,kidney epithelial,Dopamine receptor antagonist,DRD1|DRD2,WHVNGICQKYBDDP-UHFFFAOYSA-N,"InChI=1S/C22H25ClF3N3S/c23-8-11-28-14-12-27(13-15-28)9-3-10-29-18-4-1-2-5-20(18)30-21-7-6-17(16-19(21)29)22(24,25)26/h1-2,4-7,16H,3,8-15H2",35845,FC(F)(F)c1ccc2Sc3ccccc3N(CCCN4CCN(CCCl)CC4)c2c1,NA
Input,Amodiaquine,-0.3238904,InputSig,NA,NA,LINCSCP_169002,YAPC,10uM,24h,pancreas,Histamine receptor agonist,HNMT,OVCDSSHSILBFBN-UHFFFAOYSA-N,"InChI=1S/C20H22ClN3O/c1-3-24(4-2)13-14-11-16(6-8-20(14)25)23-18-9-10-22-19-12-15(21)5-7-17(18)19/h5-12,25H,3-4,13H2,1-2H3,(H,22,23)",5108,CCN(CC)Cc1cc(Nc2ccnc3cc(Cl)ccc23)ccc1O,4
Input,Quercetin,-0.32388439,InputSig,NA,NA,LINCSCP_18459,HCC515,10uM,6h,lung,Polar auxin transport inhibitor,PIK3CG,REFJWTPEDVJJIY-UHFFFAOYSA-N,"InChI=1S/C15H10O7/c16-7-4-10(19)12-11(5-7)22-15(14(21)13(12)20)6-1-2-8(17)9(18)3-6/h1-5,16-19,21H",36192,OC1=C(Oc2cc(O)cc(O)c2C1=O)c3ccc(O)c(O)c3,NA
Input,CHEMBL3188986,-0.3230173,InputSig,NA,NA,LINCSCP_3691,A375,10uM,24h,skin,NA,NA,WYTFSBUXHVGTCT-HPUNYJORSA-N,"InChI=1S/C30H32N4O3/c1-37-28-10-3-2-9-25(28)32-30(36)33-15-4-5-16-34-26(19-33)29(27(34)20-35)23-13-11-22(12-14-23)24-8-6-7-21(17-24)18-31/h2-3,6-14,17,26-27,29,35H,4-5,15-16,19-20H2,1H3,(H,32,36)/t26-,27-,29+/m0/s1",40105,COc1ccccc1NC(=O)N2CCCCN3[C@@H](CO)[C@@H]([C@@H]3C2)c4ccc(cc4)c5cccc(c5)C#N,NA
Input,BRD-K54074847,-0.32282443,InputSig,NA,NA,LINCSCP_61355,VCAP,5uM,6h,prostate,NA,NA,MFGGAADVNSTJDM-CEYNDMKZSA-N,"InChI=1S/C28H41N3O5/c1-18-15-31(26(32)13-20-9-10-20)19(2)17-36-24-14-22(29-27(33)21-7-5-6-8-21)11-12-23(24)28(34)30(3)16-25(18)35-4/h11-12,14,18-21,25H,5-10,13,15-17H2,1-4H3,(H,29,33)/t18-,19+,25-/m0/s1",3552,CO[C@H]1CN(C)C(=O)c2ccc(NC(=O)C3CCCC3)cc2OC[C@@H](C)N(C[C@@H]1C)C(=O)CC4CC4,NA
Input,BRD-K41700431,-0.32261624,InputSig,NA,NA,LINCSCP_48439,PC3,10uM,24h,prostate,NA,NA,ONZMGLOOFFOJCP-BBANNHEPSA-N,"InChI=1S/C32H46N4O4/c1-23-20-36(18-17-25-11-7-5-8-12-25)24(2)22-40-29-16-15-27(34-32(38)33-26-13-9-6-10-14-26)19-28(29)31(37)35(3)21-30(23)39-4/h5,7-8,11-12,15-16,19,23-24,26,30H,6,9-10,13-14,17-18,20-22H2,1-4H3,(H2,33,34,38)/t23-,24+,30-/m0/s1",24626,CO[C@H]1CN(C)C(=O)c2cc(NC(=O)NC3CCCCC3)ccc2OC[C@@H](C)N(CCc4ccccc4)C[C@@H]1C,NA
Input,H89,-0.32249806,InputSig,NA,NA,LINCSCP_44025,PC3,10uM,24h,prostate,PKA inhibitor,PRKACA,ZKZXNDJNWUTGDK-NSCUHMNNSA-N,"InChI=1S/C20H20BrN3O2S/c21-18-8-6-16(7-9-18)3-2-11-22-13-14-24-27(25,26)20-5-1-4-17-15-23-12-10-19(17)20/h1-10,12,15,22,24H,11,13-14H2/b3-2+",22168,Brc1ccc(\C=C\CNCCNS(=O)(=O)c2cccc3cnccc23)cc1,NA
Input,NU-7441,-0.32248247,InputSig,NA,NA,LINCSCP_116187,HT29,10uM,24h,large intestine,DNA dependent protein kinase inhibitor|P-glycoprotein inhibitor,PRKDC,JAMULYFATHSZJM-UHFFFAOYSA-N,"InChI=1S/C25H19NO3S/c27-21-15-23(26-11-13-28-14-12-26)29-24-17(6-3-9-20(21)24)19-8-4-7-18-16-5-1-2-10-22(16)30-25(18)19/h1-10,15H,11-14H2",37780,O=C1C=C(Oc2c1cccc2c3cccc4c5ccccc5sc34)N6CCOCC6,NA
Input,Pimavanserin,-0.32232699,InputSig,NA,NA,LINCSCP_173141,YAPC,10uM,24h,pancreas,Serotonin 2a (5-HT2a) receptor inverse agonist (Serotonin 2a,HTR2A,RKEWSXXUOLRFBX-UHFFFAOYSA-N,"InChI=1S/C25H34FN3O2/c1-19(2)18-31-24-10-6-20(7-11-24)16-27-25(30)29(23-12-14-28(3)15-13-23)17-21-4-8-22(26)9-5-21/h4-11,19,23H,12-18H2,1-3H3,(H,27,30)",27160,CC(C)COc1ccc(CNC(=O)N(Cc2ccc(F)cc2)C3CCN(C)CC3)cc1,4
Input,Terfenadine,-0.32203802,InputSig,NA,NA,LINCSCP_272399,PC3,10uM,24h,prostate,Histamine receptor antagonist,HRH1|KCNH2,GUGOEEXESWIERI-UHFFFAOYSA-N,"InChI=1S/C32H41NO2/c1-31(2,3)26-18-16-25(17-19-26)30(34)15-10-22-33-23-20-29(21-24-33)32(35,27-11-6-4-7-12-27)28-13-8-5-9-14-28/h4-9,11-14,16-19,29-30,34-35H,10,15,20-24H2,1-3H3",35311,CC(C)(C)c1ccc(cc1)C(O)CCCN2CCC(CC2)C(O)(c3ccccc3)c4ccccc4,4
Input,SCHEMBL618594,-0.32180348,InputSig,NA,NA,LINCSCP_38906,MDAMB231,10uM,24h,NA,NA,NA,KZLQLABUFJNPSZ-UHFFFAOYSA-N,"InChI=1S/C28H39N7O3/c1-18-15-25(36)34(3)23-17-29-28(32-26(23)35(18)21-7-5-6-8-21)31-22-10-9-19(16-24(22)38-4)27(37)30-20-11-13-33(2)14-12-20/h9-10,16-18,20-21H,5-8,11-15H2,1-4H3,(H,30,37)(H,29,31,32)",25573,COc1cc(ccc1Nc2ncc3N(C)C(=O)CC(C)N(C4CCCC4)c3n2)C(=O)NC5CCN(C)CC5,NA
Input,DASA-58,-0.32121524,InputSig,NA,NA,LINCSCP_15659,HA1E,90uM,6h,kidney epithelial,Pyruvate kinase isozyme activator,PKM,GMHIOMMKSMSRLY-UHFFFAOYSA-N,"InChI=1S/C19H23N3O6S2/c20-15-3-1-4-16(13-15)29(23,24)21-7-2-8-22(10-9-21)30(25,26)17-5-6-18-19(14-17)28-12-11-27-18/h1,3-6,13-14H,2,7-12,20H2",15963,Nc1cccc(c1)S(=O)(=O)N2CCCN(CC2)S(=O)(=O)c3ccc4OCCOc4c3,NA
Input,SCHEMBL2394914,-0.32120795,InputSig,NA,NA,LINCSCP_44729,PC3,10uM,24h,prostate,EGFR inhibitor,EGFR,JUGSLZCFNSTKBN-UHFFFAOYSA-N,"InChI=1S/C22H27ClFN7/c1-3-30(4-2)13-15-7-9-31(10-8-15)22-25-12-19-20(29-22)21(27-14-26-19)28-16-5-6-18(24)17(23)11-16/h5-6,11-12,14-15H,3-4,7-10,13H2,1-2H3,(H,26,27,28)",35812,CCN(CC)CC1CCN(CC1)c2ncc3ncnc(Nc4ccc(F)c(Cl)c4)c3n2,NA
Input,Dehydroepiandrosterone (DHEA),-0.32110371,InputSig,NA,NA,LINCSCP_173219,YAPC,10uM,24h,pancreas,NA,NA,FMGSKLZLMKYGDP-NPWKVKMJSA-N,"InChI=1S/C19H28O2/c1-18-9-7-13(20)11-12(18)3-4-14-15-5-6-17(21)19(15,2)10-8-16(14)18/h3,13-16,20H,4-11H2,1-2H3/t13-,14-,15-,16+,18-,19-/m0/s1",27007,C[C@]12CC[C@@H]3[C@@H](CC=C4C[C@@H](O)CC[C@]34C)[C@@H]1CCC2=O,NA
Input,Benzbromarone,-0.3209073,InputSig,NA,NA,LINCSCP_72796,A375,1.11uM,24h,skin,Chloride channel blocker,NA,WHQCHUCQKNIQEC-UHFFFAOYSA-N,"InChI=1S/C17H12Br2O3/c1-2-13-15(10-5-3-4-6-14(10)22-13)16(20)9-7-11(18)17(21)12(19)8-9/h3-8,21H,2H2,1H3",35524,CCc1oc2ccccc2c1C(=O)c3cc(Br)c(O)c(Br)c3,4
Input,Xylazine,-0.32061544,InputSig,NA,NA,LINCSCP_14556,HA1E,10uM,6h,kidney epithelial,Adrenergic receptor agonist,NA,BPICBUSOMSTKRF-UHFFFAOYSA-N,"InChI=1S/C12H16N2S/c1-9-5-3-6-10(2)11(9)14-12-13-7-4-8-15-12/h3,5-6H,4,7-8H2,1-2H3,(H,13,14)",35605,Cc1cccc(C)c1NC2=NCCCS2,NA
Input,"2,8-Dinitroimipramine",-0.32021163,InputSig,NA,NA,LINCSCP_57388,VCAP,10uM,6h,prostate,NA,NA,MKXUVDRBPODBNG-UHFFFAOYSA-N,"InChI=1S/C19H22N4O4/c1-20(2)10-3-11-21-18-8-6-16(22(24)25)12-14(18)4-5-15-13-17(23(26)27)7-9-19(15)21/h6-9,12-13H,3-5,10-11H2,1-2H3",15441,CN(C)CCCN1c2ccc(cc2CCc3cc(ccc13)[N+](=O)[O-])[N+](=O)[O-],NA
Input,Masitinib,-0.31979274,InputSig,NA,NA,LINCSCP_108965,HELA,10uM,24h,large intestine,KIT inhibitor|PDGFR tyrosine kinase receptor inhibitor|Src inhibitor,FGFR3|KIT|LYN|PDGFRA|PDGFRB,WJEOLQLKVOPQFV-UHFFFAOYSA-N,"InChI=1S/C28H30N6OS/c1-20-5-10-24(16-25(20)31-28-32-26(19-36-28)23-4-3-11-29-17-23)30-27(35)22-8-6-21(7-9-22)18-34-14-12-33(2)13-15-34/h3-11,16-17,19H,12-15,18H2,1-2H3,(H,30,35)(H,31,32)",17526,CN1CCN(Cc2ccc(cc2)C(=O)Nc3ccc(C)c(Nc4nc(cs4)c5cccnc5)c3)CC1,3
Input,Nifedipine,-0.31963808,InputSig,NA,NA,LINCSCP_193524,A549,10uM,6h,lung,Voltage-gated L-type calcium channel blocker,CACNA1C|CACNA1D|CACNA1F|CACNA1S|CACNA2D1,HYIMSNHJOBLJNT-UHFFFAOYSA-N,"InChI=1S/C17H18N2O6/c1-9-13(16(20)24-3)15(14(10(2)18-9)17(21)25-4)11-7-5-6-8-12(11)19(22)23/h5-8,15,18H,1-4H3",36177,COC(=O)C1=C(C)NC(=C(C1c2ccccc2[N+](=O)[O-])C(=O)OC)C,4
Input,PD 102807,-0.31929057,InputSig,NA,NA,LINCSCP_27052,HT29,10uM,6h,large intestine,Acetylcholine receptor antagonist,CHRM4,VDDUJINYXKGZLV-UHFFFAOYSA-N,"InChI=1S/C23H24N2O4/c1-4-28-23(26)20-13(2)24-18-7-8-19-17(21(18)20)12-25-10-9-14-11-15(27-3)5-6-16(14)22(25)29-19/h5-8,11,22,24H,4,9-10,12H2,1-3H3",35443,CCOC(=O)c1c(C)[nH]c2ccc3OC4N(CCc5cc(OC)ccc45)Cc3c12,NA
Input,Wiskostatin,-0.31878549,InputSig,NA,NA,LINCSCP_18355,HCC515,10uM,6h,lung,Neural Wiskott-Aldrich syndrome protein inhibitor,WASL,XUBJEDZHBUPBKL-UHFFFAOYSA-N,"InChI=1S/C17H18Br2N2O/c1-20(2)9-13(22)10-21-16-5-3-11(18)7-14(16)15-8-12(19)4-6-17(15)21/h3-8,13,22H,9-10H2,1-2H3",35344,CN(C)CC(O)Cn1c2ccc(Br)cc2c3cc(Br)ccc13,NA
Input,MLS001065837,-0.31821965,InputSig,NA,NA,LINCSCP_291864,VCAP,10uM,24h,prostate,NA,NA,MOPFFGAMTVYGOC-UHFFFAOYSA-N,"InChI=1S/C18H24N6O2/c1-25-15-7-3-2-6-14(15)19-16-20-17(23-8-4-5-9-23)22-18(21-16)24-10-12-26-13-11-24/h2-3,6-7H,4-5,8-13H2,1H3,(H,19,20,21,22)",35636,COc1ccccc1Nc2nc(nc(n2)N3CCOCC3)N4CCCC4,NA
Input,SCHEMBL16980224,-0.31766087,InputSig,NA,NA,LINCSCP_20517,HCC515,10uM,6h,lung,Aurora kinase inhibitor,AURKA,PXGLIUGVLBRUBV-UHFFFAOYSA-N,"InChI=1S/C27H30F3N7O/c1-4-36-11-13-37(14-12-36)17-18-9-10-19(15-21(18)27(28,29)30)32-26-31-16-23-24(33-26)34(2)22-8-6-5-7-20(22)25(38)35(23)3/h5-10,15-16H,4,11-14,17H2,1-3H3,(H,31,32,33)",22133,CCN1CCN(Cc2ccc(Nc3ncc4N(C)C(=O)c5ccccc5N(C)c4n3)cc2C(F)(F)F)CC1,NA
Input,FK888,-0.3170958,InputSig,NA,NA,LINCSCP_44157,PC3,10uM,6h,prostate,Tachykinin antagonist,TACR1,BFNKQTIJVFGCKQ-PDJGWCFMSA-N,"InChI=1S/C36H36N4O4/c1-38-23-30(29-14-8-9-15-32(29)38)35(43)40-22-28(41)20-33(40)34(42)37-31(36(44)39(2)21-24-10-4-3-5-11-24)19-25-16-17-26-12-6-7-13-27(26)18-25/h3-18,23,28,31,33,41H,19-22H2,1-2H3,(H,37,42)/t28-,31+,33+/m1/s1",15984,CN(Cc1ccccc1)C(=O)[C@H](Cc2ccc3ccccc3c2)NC(=O)[C@@H]4C[C@@H](O)CN4C(=O)c5cn(C)c6ccccc56,NA
Input,BRD-K63158888,-0.31680926,InputSig,NA,NA,LINCSCP_3721,A375,10uM,24h,skin,NA,NA,YCMWBXHYJYTYML-AWYWERKOSA-N,"InChI=1S/C25H32N2O4S/c1-3-6-19-7-9-20(10-8-19)25-23-17-26(15-4-5-16-27(23)24(25)18-28)32(29,30)22-13-11-21(31-2)12-14-22/h3,6-14,23-25,28H,4-5,15-18H2,1-2H3/b6-3+/t23-,24-,25+/m0/s1",2223,COc1ccc(cc1)S(=O)(=O)N2CCCCN3[C@@H](CO)[C@@H]([C@@H]3C2)c4ccc(\C=C\C)cc4,NA
Input,Metergoline Phenylmethyl Ester,-0.31664868,InputSig,NA,NA,LINCSCP_44671,PC3,10uM,24h,prostate,Dopamine receptor agonist|Serotonin receptor antagonist,HTR1A|HTR2A,WZHJKEUHNJHDLS-UHFFFAOYSA-N,"InChI=1S/C25H29N3O2/c1-27-14-18(13-26-25(29)30-16-17-7-4-3-5-8-17)11-21-20-9-6-10-22-24(20)19(12-23(21)27)15-28(22)2/h3-10,15,18,21,23H,11-14,16H2,1-2H3,(H,26,29)",358,CN1CC(CNC(=O)OCc2ccccc2)CC3C1Cc4cn(C)c5cccc3c45,NA
Input,BI-2536,-0.3158336,InputSig,NA,NA,LINCSCP_81436,A549,10uM,24h,lung,PLK inhibitor,PLK1,XQVVPGYIWAGRNI-JOCHJYFZSA-N,"InChI=1S/C28H39N7O3/c1-5-22-27(37)34(3)23-17-29-28(32-25(23)35(22)20-8-6-7-9-20)31-21-11-10-18(16-24(21)38-4)26(36)30-19-12-14-33(2)15-13-19/h10-11,16-17,19-20,22H,5-9,12-15H2,1-4H3,(H,30,36)(H,29,31,32)/t22-/m1/s1",36846,CC[C@H]1N(C2CCCC2)c3nc(Nc4ccc(cc4OC)C(=O)NC5CCN(C)CC5)ncc3N(C)C1=O,2
Input,Saracatinib,-0.31565931,InputSig,NA,NA,LINCSCP_69380,A375,10uM,24h,skin,Src inhibitor,ABL1|SRC,OUKYUETWWIPKQR-UHFFFAOYSA-N,"InChI=1S/C27H32ClN5O5/c1-32-6-8-33(9-7-32)10-13-35-19-14-21-24(23(15-19)38-18-4-11-34-12-5-18)27(30-16-29-21)31-25-20(28)2-3-22-26(25)37-17-36-22/h2-3,14-16,18H,4-13,17H2,1H3,(H,29,30,31)",36840,CN1CCN(CCOc2cc(OC3CCOCC3)c4c(Nc5c(Cl)ccc6OCOc56)ncnc4c2)CC1,3
Input,ABT737,-0.31552637,InputSig,NA,NA,LINCSCP_112341,HEPG2,10uM,24h,liver,BCL inhibitor,BCL2|BCL2L1|BCL2L2,HPLNQCPCUACXLM-PGUFJCEWSA-N,"InChI=1S/C42H45ClN6O5S2/c1-46(2)23-22-35(30-55-37-9-4-3-5-10-37)44-40-21-20-38(28-41(40)49(51)52)56(53,54)45-42(50)32-14-18-36(19-15-32)48-26-24-47(25-27-48)29-33-8-6-7-11-39(33)31-12-16-34(43)17-13-31/h3-21,28,35,44H,22-27,29-30H2,1-2H3,(H,45,50)/t35-/m1/s1",37882,CN(C)CC[C@H](CSc1ccccc1)Nc2ccc(cc2[N+](=O)[O-])S(=O)(=O)NC(=O)c3ccc(cc3)N4CCN(Cc5ccccc5c6ccc(Cl)cc6)CC4,NA
Input,"376348-65-1, Uk-427857, uk427857",-0.31544712,InputSig,NA,NA,LINCSCP_15160,HA1E,10uM,24h,kidney epithelial,CC chemokine receptor antagonist,CCR5,GSNHKUDZZFZSJB-ILVMPNSOSA-N,"InChI=1S/C29H41F2N5O/c1-19(2)27-34-33-20(3)36(27)25-17-23-9-10-24(18-25)35(23)16-13-26(21-7-5-4-6-8-21)32-28(37)22-11-14-29(30,31)15-12-22/h4-8,19,22-26H,9-18H2,1-3H3,(H,32,37)/t23?,24?,25?,26-/m0/s1",16509,CC(C)c1nnc(C)n1C2CC3CCC(C2)N3CC[C@H](NC(=O)C4CCC(F)(F)CC4)c5ccccc5,NA
Input,GR-103691,-0.31487969,InputSig,NA,NA,LINCSCP_335,A375,10uM,24h,skin,Dopamine receptor antagonist,DRD3,JARNORYOPMINDY-UHFFFAOYSA-N,"InChI=1S/C30H35N3O3/c1-23(34)24-9-11-25(12-10-24)26-13-15-27(16-14-26)30(35)31-17-5-6-18-32-19-21-33(22-20-32)28-7-3-4-8-29(28)36-2/h3-4,7-16H,5-6,17-22H2,1-2H3,(H,31,35)",15708,COc1ccccc1N2CCN(CCCCNC(=O)c3ccc(cc3)c4ccc(cc4)C(=O)C)CC2,NA
Input,"8-Cyclohexyl-2,3,3a,4,5,6-hexahydro-1H-pyrazino[3,2,1-jk]carbazole",-0.31486704,InputSig,NA,NA,LINCSCP_14991,HA1E,10uM,24h,kidney epithelial,Monoamine oxidase inhibitor,MAOA,AUXCHYJDVJZEPG-UHFFFAOYSA-N,"InChI=1S/C20H26N2/c1-2-5-14(6-3-1)15-9-10-19-17(13-15)16-7-4-8-18-20(16)22(19)12-11-21-18/h9-10,13-14,18,21H,1-8,11-12H2",22422,C1CCC(CC1)c2ccc3c(c2)c4CCCC5NCCn3c45,NA
Input,"Cis-N,N-Dimethyl-9-(3-(1-Piperazinyl)Propylidene)Thioxanthene-2-Sulfonamide",-0.31463685,InputSig,NA,NA,LINCSCP_5531,A549,10uM,6h,lung,Dopamine receptor antagonist,HTR2A,NIOGWJDNUIUWFG-WSVATBPTSA-N,"InChI=1S/C22H27N3O2S2/c1-24(2)29(26,27)17-9-10-22-20(16-17)18(19-6-3-4-8-21(19)28-22)7-5-13-25-14-11-23-12-15-25/h3-4,6-10,16,23H,5,11-15H2,1-2H3/b18-7-",5370,CN(C)S(=O)(=O)c1ccc2Sc3ccccc3\C(=C\CCN4CCNCC4)\c2c1,NA
Input,GSK429286A,-0.31421775,InputSig,NA,NA,LINCSCP_112619,HEPG2,10uM,24h,liver,Rho associated kinase inhibitor,ROCK1,OLIIUAHHAZEXEX-UHFFFAOYSA-N,"InChI=1S/C21H16F4N4O2/c1-10-19(20(31)28-17-6-12-9-26-29-16(12)8-15(17)22)14(7-18(30)27-10)11-2-4-13(5-3-11)21(23,24)25/h2-6,8-9,14H,7H2,1H3,(H,26,29)(H,27,30)(H,28,31)",16631,CC1=C(C(CC(=O)N1)c2ccc(cc2)C(F)(F)F)C(=O)Nc3cc4cn[nH]c4cc3F,NA
Input,MLS002607743,-0.31376347,InputSig,NA,NA,LINCSCP_45749,PC3,10uM,24h,prostate,NA,NA,ADCDIRVZZGACQB-UHFFFAOYSA-N,"InChI=1S/C13H14BrN3S/c14-11-3-1-10(2-4-11)12-9-18-13(16-12)17-7-5-15-6-8-17/h1-4,9,15H,5-8H2",22927,Brc1ccc(cc1)c2csc(n2)N3CCNCC3,NA
Input,Trimipramine,-0.31364052,InputSig,NA,NA,LINCSCP_25146,HT29,10uM,6h,large intestine,Histamine H1 receptor antagonist|Dopamine D2 receptor antagonist|Serotonin 2a (5-HT2a) receptor antagonist (Serotonin 2a|Serotonin 2c (5-HT2c) receptor antagonist (Serotonin 2c|Norepinephrine transporter inhibitor|Adrenergic receptor alpha-1 antagonist,ADRA1A|ADRA1B|ADRA1D|DRD2|HRH1|HTR2A|HTR2C|SLC6A2|SLC6A3|SLC6A4,ZSCDBOWYZJWBIY-UHFFFAOYSA-N,"InChI=1S/C20H26N2/c1-16(14-21(2)3)15-22-19-10-6-4-8-17(19)12-13-18-9-5-7-11-20(18)22/h4-11,16H,12-15H2,1-3H3",15198,CC(CN(C)C)CN1c2ccccc2CCc3ccccc13,4
Input,NCGC00025073-01,-0.313582,InputSig,NA,NA,LINCSCP_44205,PC3,10uM,24h,prostate,Sodium/calcium exchange inhibitor,SLC8A1,UMJUNUMSJDTYTM-UHFFFAOYSA-N,"InChI=1S/C16H17N3O3S/c17-16(18)23-10-9-12-3-7-15(8-4-12)22-11-13-1-5-14(6-2-13)19(20)21/h1-8H,9-11H2,(H3,17,18)",35566,NC(=N)SCCc1ccc(OCc2ccc(cc2)[N+](=O)[O-])cc1,NA
Input,SA4503 (dihydrochloride),-0.31317074,InputSig,NA,NA,LINCSCP_80107,A375,0.04uM,24h,skin,NA,NA,UVSWWUWQVAQPJR-UHFFFAOYSA-N,"InChI=1S/C23H32N2O2/c1-26-22-11-10-21(19-23(22)27-2)12-14-25-17-15-24(16-18-25)13-6-9-20-7-4-3-5-8-20/h3-5,7-8,10-11,19H,6,9,12-18H2,1-2H3",26819,COc1ccc(CCN2CCN(CCCc3ccccc3)CC2)cc1OC,NA
Input,BRD-K08251038,-0.31269459,InputSig,NA,NA,LINCSCP_3669,A375,10uM,24h,skin,NA,NA,UVSCGJDGVAXROK-BGNUVLEZSA-N,"InChI=1S/C37H55N3O6/c1-26-22-40(27(2)25-41)37(43)33-21-31(38-36(42)30-12-7-6-8-13-30)16-19-34(33)46-28(3)11-9-10-20-45-35(26)24-39(4)23-29-14-17-32(44-5)18-15-29/h14-19,21,26-28,30,35,41H,6-13,20,22-25H2,1-5H3,(H,38,42)/t26-,27-,28-,35-/m0/s1",31909,COc1ccc(CN(C)C[C@@H]2OCCCC[C@H](C)Oc3ccc(NC(=O)C4CCCCC4)cc3C(=O)N(C[C@@H]2C)[C@@H](C)CO)cc1,NA
Input,BIX01294,-0.31251562,InputSig,NA,NA,LINCSCP_16282,HA1E,10uM,6h,kidney epithelial,DNA methyltransferase inhibitor|Histone lysine methyltransferase inhibitor,EHMT2,OSXFATOLZGZLSK-UHFFFAOYSA-N,"InChI=1S/C28H38N6O2/c1-32-12-7-13-34(17-16-32)28-30-24-19-26(36-3)25(35-2)18-23(24)27(31-28)29-22-10-14-33(15-11-22)20-21-8-5-4-6-9-21/h4-6,8-9,18-19,22H,7,10-17,20H2,1-3H3,(H,29,30,31)",16163,COc1cc2nc(nc(NC3CCN(Cc4ccccc4)CC3)c2cc1OC)N5CCCN(C)CC5,NA
Input,BRD-K80281472,-0.31240523,InputSig,NA,NA,LINCSCP_60625,VCAP,5uM,24h,prostate,NA,NA,NJZPXWDDBMYIMJ-LVCYWYKZSA-N,"InChI=1S/C22H34N6O3/c1-17-12-27(18(2)15-29)22(30)5-4-10-28-20(11-24-25-28)16-31-21(17)14-26(3)13-19-6-8-23-9-7-19/h6-9,11,17-18,21,29H,4-5,10,12-16H2,1-3H3/t17-,18+,21-/m1/s1",23677,C[C@@H](CO)N1C[C@@H](C)[C@@H](CN(C)Cc2ccncc2)OCc3cnnn3CCCC1=O,NA
Input,BRD-K74461819,-0.31221368,InputSig,NA,NA,LINCSCP_3731,A375,10uM,24h,skin,NA,NA,ZAHXKZOKOUSJMC-RLPBRSBZSA-N,"InChI=1S/C27H35N3O2/c1-28(2)19-26(32)29-16-6-7-17-30-24(18-29)27(25(30)20-31)23-14-12-22(13-15-23)11-10-21-8-4-3-5-9-21/h3-5,8-15,24-25,27,31H,6-7,16-20H2,1-2H3/b11-10+/t24-,25+,27-/m0/s1",22895,CN(C)CC(=O)N1CCCCN2[C@H](CO)[C@H]([C@@H]2C1)c3ccc(\C=C\c4ccccc4)cc3,NA
Input,CHEMBL3185054,-0.31127683,InputSig,NA,NA,LINCSCP_26526,HT29,10uM,6h,large intestine,NA,NA,XGMQKVJTWVADHD-NUNJUMJCSA-N,"InChI=1S/C38H49F3N4O6/c1-25-21-45(26(2)24-46)36(47)33-20-31(43-37(48)42-30-13-11-29(12-14-30)38(39,40)41)15-18-34(33)51-27(3)8-6-7-19-50-35(25)23-44(4)22-28-9-16-32(49-5)17-10-28/h9-18,20,25-27,35,46H,6-8,19,21-24H2,1-5H3,(H2,42,43,48)/t25-,26-,27+,35+/m1/s1",19780,COc1ccc(CN(C)C[C@@H]2OCCCC[C@H](C)Oc3ccc(NC(=O)Nc4ccc(cc4)C(F)(F)F)cc3C(=O)N(C[C@H]2C)[C@H](C)CO)cc1,NA
Input,MK-8245,-0.31119438,InputSig,NA,NA,LINCSCP_71302,A375,3.33uM,24h,skin,NA,NA,UJEAABFSXKCSGI-UHFFFAOYSA-N,"InChI=1S/C17H16BrFN6O4/c18-12-2-1-10(19)7-13(12)28-11-3-5-24(6-4-11)15-8-14(29-22-15)17-20-23-25(21-17)9-16(26)27/h1-2,7-8,11H,3-6,9H2,(H,26,27)",26956,OC(=O)Cn1nnc(n1)c2onc(c2)N3CCC(CC3)Oc4cc(F)ccc4Br,NA
Input,MLS002302556,-0.31117787,InputSig,NA,NA,LINCSCP_221399,HEPG2,10uM,6h,liver,NA,NA,RVZKNQZODAWORS-QGZVFWFLSA-N,"InChI=1S/C26H22O3S/c1-28-23-11-10-16(15-24(23)29-2)17-12-18(14-19(27)13-17)20-7-5-8-22-21-6-3-4-9-25(21)30-26(20)22/h3-11,14-15,17H,12-13H2,1-2H3/t17-/m1/s1",18322,COc1ccc(cc1OC)[C@H]2CC(=O)C=C(C2)c3cccc4c5ccccc5sc34,NA
Input,atorvastatin,-0.31102461,InputSig,NA,NA,LINCSCP_56981,VCAP,10uM,24h,prostate,HMGCR inhibitor,DPP4|HMGCR,NA,NA,NA,NA,NA
Input,BRD-K41335306,-0.30978468,InputSig,NA,NA,LINCSCP_48528,PC3,10uM,24h,prostate,NA,NA,ORVIWTYNJHNTDZ-OBGOALODSA-N,"InChI=1S/C29H33N3O/c33-22-28-29(26-14-12-24(13-15-26)11-10-23-7-2-1-3-8-23)27-21-31(17-4-5-18-32(27)28)20-25-9-6-16-30-19-25/h1-3,6-16,19,27-29,33H,4-5,17-18,20-22H2/b11-10+/t27-,28+,29-/m1/s1",8865,OC[C@H]1[C@@H]([C@H]2CN(Cc3cccnc3)CCCCN12)c4ccc(\C=C\c5ccccc5)cc4,NA
Input,BRD-A43331270-001-01-6,-0.30958834,InputSig,NA,NA,LINCSCP_585,A375,10uM,24h,skin,Adrenergic receptor antagonist|Calcium channel blocker,ADRA1A|CACNA1C,SLTFTBXXKKDMPA-UHFFFAOYSA-N,"InChI=1S/C36H39N3O6/c1-5-21-38-25(2)31(34(40)44-4)33(27-13-12-18-30(24-27)39(42)43)32(26(38)3)35(41)45-37-22-19-36(20-23-37,28-14-8-6-9-15-28)29-16-10-7-11-17-29/h6-18,24,33H,5,19-23H2,1-4H3",1390,CCCN1C(=C(C(C(=C1C)C(=O)ON2CCC(CC2)(c3ccccc3)c4ccccc4)c5cccc(c5)[N+](=O)[O-])C(=O)OC)C,NA
Input,TL_HRAS24,-0.30944648,InputSig,NA,NA,LINCSCP_26164,HT29,10uM,6h,large intestine,NA,NA,HSLDKGXOZPBJAD-UHFFFAOYSA-N,"InChI=1S/C22H20F2N4O4/c1-14-20(28(30)31)19(25-32-14)22(29)27-12-10-26(11-13-27)21(15-2-6-17(23)7-3-15)16-4-8-18(24)9-5-16/h2-9,21H,10-13H2,1H3",16053,Cc1onc(C(=O)N2CCN(CC2)C(c3ccc(F)cc3)c4ccc(F)cc4)c1[N+](=O)[O-],NA
Input,Nicergoline,-0.30920085,InputSig,NA,NA,LINCSCP_14942,HA1E,10uM,6h,kidney epithelial,Adrenergic receptor antagonist,ADRA1A,YSEXMKHXIOCEJA-FVFQAYNVSA-N,"InChI=1S/C24H26BrN3O3/c1-27-13-17-8-21-24(30-3,19-5-4-6-20(27)22(17)19)9-15(12-28(21)2)14-31-23(29)16-7-18(25)11-26-10-16/h4-7,10-11,13,15,21H,8-9,12,14H2,1-3H3/t15-,21-,24+/m1/s1",36018,CO[C@]12C[C@@H](COC(=O)c3cncc(Br)c3)CN(C)[C@@H]1Cc4cn(C)c5cccc2c45,4
Input,Fccp,-0.30914616,InputSig,NA,NA,LINCSCP_23354,HEPG2,3uM,24h,liver,Mitochondrial oxidative phosphorylation uncoupler,NA,BMZRVOVNUMQTIN-UHFFFAOYSA-N,"InChI=1S/C10H5F3N4O/c11-10(12,13)18-9-3-1-7(2-4-9)16-17-8(5-14)6-15/h1-4,16H",35559,FC(F)(F)Oc1ccc(NN=C(C#N)C#N)cc1,NA
Input,Vandetanib,-0.30872985,InputSig,NA,NA,LINCSCP_117199,HT29,10uM,24h,large intestine,Ephrin receptor inhibitor|Epidermal growth factor receptor inhibitor|Tyrosine-protein kinase BRK inhibitor|Tyrosine-protein kinase receptor RET inhibitor|Tyrosine-protein kinase SRC inhibitor|Tyrosine-protein kinase TIE-2 inhibitor|Vascular endothelial growth factor receptor inhibitor,EGFR|EPHA1|EPHA10|EPHA2|EPHA3|EPHA4|EPHA5|EPHA6|EPHA7|EPHA8|EPHB1|EPHB2|EPHB3|EPHB4|EPHB6|ERBB2|ERBB3|ERBB4|FLT1|FLT4|KDR|PTK6|RET|SRC|TEK,UHTHHESEBZOYNR-UHFFFAOYSA-N,"InChI=1S/C22H24BrFN4O2/c1-28-7-5-14(6-8-28)12-30-21-11-19-16(10-20(21)29-2)22(26-13-25-19)27-18-4-3-15(23)9-17(18)24/h3-4,9-11,13-14H,5-8,12H2,1-2H3,(H,25,26,27)",35290,COc1cc2c(Nc3ccc(Br)cc3F)ncnc2cc1OCC4CCN(C)CC4,4
Input,AK-968/11781209,-0.30858224,InputSig,NA,NA,LINCSCP_221479,HEPG2,3uM,24h,liver,NA,NA,LBGRJEKIBROUCP-UHFFFAOYSA-N,"InChI=1S/C24H18F3N5OS/c1-13-7-8-15-16(12-28)23(34-19(15)9-13)30-22(33)18-11-21-29-17(14-5-3-2-4-6-14)10-20(24(25,26)27)32(21)31-18/h2-6,10-11,13H,7-9H2,1H3,(H,30,33)",11462,CC1CCc2c(C1)sc(NC(=O)c3cc4nc(cc(n4n3)C(F)(F)F)c5ccccc5)c2C#N,NA
Input,BRD-K57766599,-0.30845792,InputSig,NA,NA,LINCSCP_304533,VCAP,5uM,24h,prostate,NA,NA,JTIGHJUHEGWKGG-SEPYTNNBSA-N,"InChI=1S/C25H32F5N3O3/c1-16(23(36-4)14-32(3)13-18-11-20(26)7-10-22(18)27)12-33(17(2)15-34)24(35)31-21-8-5-19(6-9-21)25(28,29)30/h5-11,16-17,23,34H,12-15H2,1-4H3,(H,31,35)/t16-,17-,23-/m1/s1",41470,CO[C@H](CN(C)Cc1cc(F)ccc1F)[C@H](C)CN([C@H](C)CO)C(=O)Nc2ccc(cc2)C(F)(F)F,NA
Input,Oligomycin C,-0.30841356,InputSig,NA,NA,LINCSCP_46146,PC3,10uM,6h,prostate,ATPase inhibitor|ATP synthase inhibitor,ATP5A1,CMMLZMMKTYEOKV-JEKNLLRFSA-N,"InChI=1S/C45H74O10/c1-12-35-17-15-13-14-16-26(3)39(48)30(7)41(50)32(9)43(52)33(10)42(51)31(8)40(49)27(4)18-21-38(47)53-44-29(6)36(20-19-35)54-45(34(44)11)23-22-25(2)37(55-45)24-28(5)46/h13-15,17-18,21,25-37,39-40,43-44,46,48-49,52H,12,16,19-20,22-24H2,1-11H3/b14-13+,17-15+,21-18+/t25-,26+,27-,28+,29+,30-,31-,32+,33-,34-,35-,36-,37-,39-,40+,43-,44+,45-/m1/s1",22047,CC[C@H]1CC[C@H]2O[C@@]3(CC[C@@H](C)[C@@H](C[C@H](C)O)O3)[C@H](C)[C@@H](OC(=O)\C=C\[C@@H](C)[C@H](O)[C@@H](C)C(=O)[C@@H](C)[C@H](O)[C@@H](C)C(=O)[C@H](C)[C@H](O)[C@@H](C)C\C=C\C=C\1)[C@H]2C,NA
Input,BRD-K02341409,-0.30828553,InputSig,NA,NA,LINCSCP_60338,VCAP,5uM,24h,prostate,NA,NA,GOIFBKSVWMRRGJ-SXDGJLEOSA-N,"InChI=1S/C29H33N3O6S2/c1-21-5-10-26(11-6-21)39(34,35)31(4)19-28-22(2)18-32(23(3)20-33)40(36,37)29-12-9-25(17-27(29)38-28)8-7-24-13-15-30-16-14-24/h5-6,9-17,22-23,28,33H,18-20H2,1-4H3/t22-,23+,28+/m0/s1",7783,C[C@H](CO)N1C[C@H](C)[C@@H](CN(C)S(=O)(=O)c2ccc(C)cc2)Oc3cc(ccc3S1(=O)=O)C#Cc4ccncc4,NA
Input,AC1OAATK,-0.30826844,InputSig,NA,NA,LINCSCP_211494,HA1E,10uM,6h,kidney epithelial,NA,NA,GBOOMRLVNXMOQM-SRZZPIQSSA-N,"InChI=1S/C18H17ClN4O2/c1-12-3-2-9-23-17(12)22-16(20-8-10-24)15(18(23)25)11-21-14-6-4-13(19)5-7-14/h2-7,9,11,20,24H,8,10H2,1H3/b21-11+",16272,CC1=CC=CN2C(=O)C(=C(NCCO)N=C12)\C=N\c3ccc(Cl)cc3,NA
Input,BAS 00535043,-0.30825915,InputSig,NA,NA,LINCSCP_26388,HT29,10uM,6h,large intestine,NA,NA,GJSQVQUKCXYAMW-YZSQISJMSA-N,"InChI=1S/C25H23N7O4/c33-22(21-10-5-13-35-21)36-20-9-4-6-18(16-20)17-26-31-24-28-23(27-19-7-2-1-3-8-19)29-25(30-24)32-11-14-34-15-12-32/h1-10,13,16-17H,11-12,14-15H2,(H2,27,28,29,30,31)/b26-17+",15041,O=C(Oc1cccc(\C=N\Nc2nc(Nc3ccccc3)nc(n2)N4CCOCC4)c1)c5occc5,NA
Input,PRIMA 1,-0.308054,InputSig,NA,NA,LINCSCP_40054,NCIH2073,40uM,6h,lung,TP53 inhibitor,ACHE,RFBVBRVVOPAAFS-UHFFFAOYSA-N,"InChI=1S/C9H15NO3/c11-5-9(6-12)8(13)7-1-3-10(9)4-2-7/h7,11-12H,1-6H2",16517,OCC1(CO)N2CCC(CC2)C1=O,NA
Input,BRD-K16172779,-0.30701973,InputSig,NA,NA,LINCSCP_61321,VCAP,5uM,6h,prostate,NA,NA,WWIWLTDSUPVNED-JLHGSKIFSA-N,"InChI=1S/C24H37N3O4/c1-16-13-25-17(2)15-31-21-11-10-19(26-23(28)18-8-6-5-7-9-18)12-20(21)24(29)27(3)14-22(16)30-4/h10-12,16-18,22,25H,5-9,13-15H2,1-4H3,(H,26,28)/t16-,17+,22+/m1/s1",7117,CO[C@H]1CN(C)C(=O)c2cc(NC(=O)C3CCCCC3)ccc2OC[C@H](C)NC[C@H]1C,NA
Input,MLS001173561,-0.30688423,InputSig,NA,NA,LINCSCP_14559,HA1E,10uM,6h,kidney epithelial,Glutamate receptor modulator|Glutamate receptor positive allosteric modulator,GRM7,DTZDSNQYNPNCPK-UHFFFAOYSA-N,"InChI=1S/C28H28N2/c1-5-13-23(14-6-1)27(24-15-7-2-8-16-24)29-21-22-30-28(25-17-9-3-10-18-25)26-19-11-4-12-20-26/h1-20,27-30H,21-22H2",24471,C(CNC(c1ccccc1)c2ccccc2)NC(c3ccccc3)c4ccccc4,NA
Input,CHEMBL2358276,-0.30658218,InputSig,NA,NA,LINCSCP_48588,PC3,10uM,24h,prostate,NA,NA,ZAHXKZOKOUSJMC-ACXDTAFXSA-N,"InChI=1S/C27H35N3O2/c1-28(2)19-26(32)29-16-6-7-17-30-24(18-29)27(25(30)20-31)23-14-12-22(13-15-23)11-10-21-8-4-3-5-9-21/h3-5,8-15,24-25,27,31H,6-7,16-20H2,1-2H3/b11-10+/t24-,25-,27-/m1/s1",38184,CN(C)CC(=O)N1CCCCN2[C@H](CO)[C@@H]([C@H]2C1)c3ccc(\C=C\c4ccccc4)cc3,NA
Input,Clomifene,-0.30651058,InputSig,NA,NA,LINCSCP_47575,PC3,10uM,24h,prostate,Estrogen receptor antagonist,ESR1,GKIRPKYJQBWNGO-UHFFFAOYSA-N,"InChI=1S/C26H28ClNO/c1-3-28(4-2)19-20-29-24-17-15-22(16-18-24)25(21-11-7-5-8-12-21)26(27)23-13-9-6-10-14-23/h5-18H,3-4,19-20H2,1-2H3",17840,CCN(CC)CCOc1ccc(cc1)C(=C(Cl)c2ccccc2)c3ccccc3,4
Input,SB590885,-0.30644017,InputSig,NA,NA,LINCSCP_116397,HT29,10uM,24h,large intestine,NA,NA,DPCXEUSDRQOOGZ-UHFFFAOYSA-N,"InChI=1S/C27H27N5O2/c1-32(2)15-16-34-22-7-3-19(4-8-22)27-29-25(18-11-13-28-14-12-18)26(30-27)21-5-9-23-20(17-21)6-10-24(23)31-33/h3-5,7-9,11-14,17,28H,6,10,15-16H2,1-2H3,(H,29,30)",13478,CN(C)CCOc1ccc(cc1)c2nc(c3ccncc3)c([nH]2)c4ccc5C(=NO)CCc5c4,NA
Input,Chlorprothixene,-0.30635053,InputSig,NA,NA,LINCSCP_122710,HT29,10uM,24h,large intestine,Dopamine receptor antagonist,DRD2|DRD3|HTR2A|HTR2C,WSPOMRSOLSGNFJ-VGOFMYFVSA-N,"InChI=1S/C18H18ClNS/c1-20(2)11-5-7-14-15-6-3-4-8-17(15)21-18-10-9-13(19)12-16(14)18/h3-4,6-10,12H,5,11H2,1-2H3/b14-7+",1941,CN(C)CC\C=C\1/c2ccccc2Sc3ccc(Cl)cc13,NA
Input,Chlorprothixene,-0.30635053,InputSig,NA,NA,LINCSCP_122710,HT29,10uM,24h,large intestine,Dopamine receptor antagonist,DRD2|DRD3|HTR2A|HTR2C,WSPOMRSOLSGNFJ-UHFFFAOYSA-N,"InChI=1S/C18H18ClNS/c1-20(2)11-5-7-14-15-6-3-4-8-17(15)21-18-10-9-13(19)12-16(14)18/h3-4,6-10,12H,5,11H2,1-2H3",22856,CN(C)CCC=C1c2ccccc2Sc3ccc(Cl)cc13,NA
Input,BRD-K95976153,-0.30568502,InputSig,NA,NA,LINCSCP_26452,HT29,10uM,6h,large intestine,NA,NA,RGDWZLATWUCGFS-FBTROWELSA-N,"InChI=1S/C37H52F3N3O5/c1-25-21-43(26(2)24-44)36(46)32-20-31(41-35(45)29-11-6-5-7-12-29)17-18-33(32)48-27(3)10-8-9-19-47-34(25)23-42(4)22-28-13-15-30(16-14-28)37(38,39)40/h13-18,20,25-27,29,34,44H,5-12,19,21-24H2,1-4H3,(H,41,45)/t25-,26+,27-,34-/m0/s1",34168,C[C@H](CO)N1C[C@H](C)[C@H](CN(C)Cc2ccc(cc2)C(F)(F)F)OCCCC[C@H](C)Oc3ccc(NC(=O)C4CCCCC4)cc3C1=O,NA
Input,BRD-K47551852,-0.30543772,InputSig,NA,NA,LINCSCP_28259,HT29,10uM,24h,large intestine,NA,NA,OJBHRHOQEWVARJ-LCQQBMRFSA-N,"InChI=1S/C31H34N2O6/c34-25-17-33(16-21-6-13-28-29(14-21)38-20-37-28)27-12-11-26(39-30(27)19-36-18-25)15-31(35)32-24-9-7-23(8-10-24)22-4-2-1-3-5-22/h1-10,13-14,25-27,30,34H,11-12,15-20H2,(H,32,35)/t25-,26-,27-,30+/m1/s1",3278,O[C@H]1COC[C@@H]2O[C@@H](CC(=O)Nc3ccc(cc3)c4ccccc4)CC[C@H]2N(Cc5ccc6OCOc6c5)C1,NA
Input,Niguldipine,-0.30539215,InputSig,NA,NA,LINCSCP_289728,VCAP,10uM,6h,prostate,Adrenergic receptor antagonist|Calcium channel blocker,ADRA1A|CACNA1C,SVJMLYUFVDMUHP-UHFFFAOYSA-N,"InChI=1S/C36H39N3O6/c1-25-31(34(40)44-3)33(27-12-10-17-30(24-27)39(42)43)32(26(2)37-25)35(41)45-23-11-20-38-21-18-36(19-22-38,28-13-6-4-7-14-28)29-15-8-5-9-16-29/h4-10,12-17,24,33,37H,11,18-23H2,1-3H3",15280,COC(=O)C1=C(C)NC(=C(C1c2cccc(c2)[N+](=O)[O-])C(=O)OCCCN3CCC(CC3)(c4ccccc4)c5ccccc5)C,NA
Input,Racecadotril,-0.30519763,InputSig,NA,NA,LINCSCP_102600,HELA,0.37uM,24h,large intestine,Enkephalinase inhibitor,MME,ODUOJXZPIYUATO-UHFFFAOYSA-N,"InChI=1S/C21H23NO4S/c1-16(23)27-15-19(12-17-8-4-2-5-9-17)21(25)22-13-20(24)26-14-18-10-6-3-7-11-18/h2-11,19H,12-15H2,1H3,(H,22,25)",8067,CC(=O)SCC(Cc1ccccc1)C(=O)NCC(=O)OCc2ccccc2,4
Input,NAN-190,-0.30438115,InputSig,NA,NA,LINCSCP_227525,HT29,10uM,6h,large intestine,Serotonin receptor agonist,HTR1A,SJDOMIRMMUGQQK-UHFFFAOYSA-N,"InChI=1S/C23H27N3O3/c1-29-21-11-5-4-10-20(21)25-16-14-24(15-17-25)12-6-7-13-26-22(27)18-8-2-3-9-19(18)23(26)28/h2-5,8-11H,6-7,12-17H2,1H3",15864,COc1ccccc1N2CCN(CCCCN3C(=O)c4ccccc4C3=O)CC2,NA
Input,CHEMBL2356190,-0.30385696,InputSig,NA,NA,LINCSCP_60377,VCAP,5uM,24h,prostate,NA,NA,GOIFBKSVWMRRGJ-UXWDXCIHSA-N,"InChI=1S/C29H33N3O6S2/c1-21-5-10-26(11-6-21)39(34,35)31(4)19-28-22(2)18-32(23(3)20-33)40(36,37)29-12-9-25(17-27(29)38-28)8-7-24-13-15-30-16-14-24/h5-6,9-17,22-23,28,33H,18-20H2,1-4H3/t22-,23-,28+/m0/s1",16743,C[C@@H](CO)N1C[C@H](C)[C@@H](CN(C)S(=O)(=O)c2ccc(C)cc2)Oc3cc(ccc3S1(=O)=O)C#Cc4ccncc4,NA
Input,Rucaparib,-0.3038434,InputSig,NA,NA,LINCSCP_112492,HEPG2,3.33uM,24h,liver,PARP inhibitor,PARP1|PARP2|PARP3,HMABYWSNWIZPAG-UHFFFAOYSA-N,"InChI=1S/C19H18FN3O/c1-21-10-11-2-4-12(5-3-11)18-14-6-7-22-19(24)15-8-13(20)9-16(23-18)17(14)15/h2-5,8-9,21,23H,6-7,10H2,1H3,(H,22,24)",16216,CNCc1ccc(cc1)c2[nH]c3cc(F)cc4C(=O)NCCc2c34,4
Input,GF-109203,-0.30384261,InputSig,NA,NA,LINCSCP_53456,SKMEL28,10uM,6h,skin,CDK inhibitor|PKC inhibitor,PRKCA,QMGUOJYZJKLOLH-UHFFFAOYSA-N,"InChI=1S/C25H24N4O2/c1-28(2)12-7-13-29-15-19(17-9-4-6-11-21(17)29)23-22(24(30)27-25(23)31)18-14-26-20-10-5-3-8-16(18)20/h3-6,8-11,14-15,26H,7,12-13H2,1-2H3,(H,27,30,31)",15540,CN(C)CCCn1cc(C2=C(C(=O)NC2=O)c3c[nH]c4ccccc34)c5ccccc15,NA
Input,Naltrindole,-0.30381294,InputSig,NA,NA,LINCSCP_289409,VCAP,10uM,6h,prostate,Opioid receptor antagonist,OPRD1,WIYUZYBFCWCCQJ-UHFFFAOYSA-N,"InChI=1S/C26H26N2O3/c29-19-8-7-15-11-20-26(30)12-17-16-3-1-2-4-18(16)27-22(17)24-25(26,21(15)23(19)31-24)9-10-28(20)13-14-5-6-14/h1-4,7-8,14,20,24,27,29-30H,5-6,9-13H2",463,Oc1ccc2CC3N(CC4CC4)CCC56C(Oc1c25)c7[nH]c8ccccc8c7CC36O,NA
Input,BRD-K39921295,-0.30360153,InputSig,NA,NA,LINCSCP_193584,A549,10uM,24h,lung,NA,NA,FIGGLCUVZRSRTI-UTLSLIQUSA-N,"InChI=1S/C43H53N5O6/c1-30-26-48(31(2)29-49)43(52)25-33-24-34(45-41(50)16-8-5-9-17-42(51)46-38-15-11-10-14-37(38)44)20-23-39(33)54-40(30)28-47(3)27-32-18-21-36(22-19-32)53-35-12-6-4-7-13-35/h4,6-7,10-15,18-24,30-31,40,49H,5,8-9,16-17,25-29,44H2,1-3H3,(H,45,50)(H,46,51)/t30-,31+,40-/m1/s1",12628,C[C@@H](CO)N1C[C@@H](C)[C@@H](CN(C)Cc2ccc(Oc3ccccc3)cc2)Oc4ccc(NC(=O)CCCCCC(=O)Nc5ccccc5N)cc4CC1=O,NA
Input,CID-2858522,-0.30286237,InputSig,NA,NA,LINCSCP_56900,VCAP,10uM,24h,prostate,NFkB pathway inhibitor,NA,CYCGGKILBWERDJ-UHFFFAOYSA-N,"InChI=1S/C28H39N3O3/c1-17-12-22-23(13-18(17)2)31(26(30-22)29-10-9-11-32)16-24(33)19-14-20(27(3,4)5)25(34)21(15-19)28(6,7)8/h12-15,32,34H,9-11,16H2,1-8H3,(H,29,30)",15778,Cc1cc2nc(NCCCO)n(CC(=O)c3cc(c(O)c(c3)C(C)(C)C)C(C)(C)C)c2cc1C,NA
Input,CHEMBL2355441,-0.30277199,InputSig,NA,NA,LINCSCP_228762,HT29,5uM,24h,large intestine,NA,NA,CBAAPWVHONFTKW-KSUBRIHNSA-N,"InChI=1S/C35H47F3N4O7S/c1-22-18-42(23(2)21-43)34(44)30-17-29(40-50(45,46)33-25(4)39-49-26(33)5)14-15-31(30)48-24(3)9-7-8-16-47-32(22)20-41(6)19-27-10-12-28(13-11-27)35(36,37)38/h10-15,17,22-24,32,40,43H,7-9,16,18-21H2,1-6H3/t22-,23+,24-,32+/m1/s1",40198,C[C@@H](CO)N1C[C@@H](C)[C@H](CN(C)Cc2ccc(cc2)C(F)(F)F)OCCCC[C@@H](C)Oc3ccc(NS(=O)(=O)c4c(C)onc4C)cc3C1=O,NA
Input,MLS000106215,-0.30267437,InputSig,NA,NA,LINCSCP_25639,HT29,100uM,24h,large intestine,NA,NA,XAYFWWVZSYKDIS-UHFFFAOYSA-N,"InChI=1S/C19H18N4O/c1-3-7-15(8-4-1)17-18(16-9-5-2-6-10-16)21-22-19(20-17)23-11-13-24-14-12-23/h1-10H,11-14H2",36121,C1CN(CCO1)c2nnc(c3ccccc3)c(n2)c4ccccc4,NA
Input,CTK8H3236,-0.30239243,InputSig,NA,NA,LINCSCP_26889,HT29,10uM,6h,large intestine,Tachykinin antagonist,TACR1,PCVSIMQAFWRUEC-UHFFFAOYSA-N,"InChI=1S/C33H33N5O5/c1-36(22-23-10-3-2-4-11-23)32(40)28(21-24-17-18-25-12-5-6-13-26(25)20-24)34-31(39)30-16-9-19-37(30)33(41)35-27-14-7-8-15-29(27)38(42)43/h2-8,10-15,17-18,20,28,30H,9,16,19,21-22H2,1H3,(H,34,39)(H,35,41)",462,CN(Cc1ccccc1)C(=O)C(Cc2ccc3ccccc3c2)NC(=O)C4CCCN4C(=O)Nc5ccccc5[N+](=O)[O-],NA
Input,BCB03_000082,-0.30136498,InputSig,NA,NA,LINCSCP_16602,HA1E,10uM,6h,kidney epithelial,NA,NA,FDLQUAHGVJTTSB-UHFFFAOYSA-N,"InChI=1S/C29H26ClN3O4S/c30-25-17-3-1-2-4-20(17)38-21(25)12-32-19-11-18(15-7-5-14(13-34)6-8-15)22(26(32)16-9-10-16)24-23(19)27(35)33(28(24)36)29(31)37/h1-8,11,16,19,22-24,26,34H,9-10,12-13H2,(H2,31,37)",31577,NC(=O)N1C(=O)C2C3C=C(C(C(C4CC4)N3Cc5sc6ccccc6c5Cl)C2C1=O)c7ccc(CO)cc7,NA
Input,MLS003129716,-0.30127083,InputSig,NA,NA,LINCSCP_60610,VCAP,5uM,24h,prostate,NA,NA,XBPVHNZVBFLVIV-REHUZNOOSA-N,"InChI=1S/C26H39N5O5/c1-19-14-30(20(2)17-32)25(33)9-5-10-31-22(13-27-28-31)18-36-24(19)16-29(3)15-21-7-4-8-23-26(21)35-12-6-11-34-23/h4,7-8,13,19-20,24,32H,5-6,9-12,14-18H2,1-3H3/t19-,20-,24+/m1/s1",16819,C[C@H](CO)N1C[C@@H](C)[C@H](CN(C)Cc2cccc3OCCCOc23)OCc4cnnn4CCCC1=O,NA
Input,Lovastatin,-0.30028245,InputSig,NA,NA,LINCSCP_43295,NPC,10uM,6h,neural progenitor cells,HMG-CoA reductase inhibitor,HMGCR,PCZOHLXUXFIOCF-BXMDZJJMSA-N,"InChI=1S/C24H36O5/c1-5-15(3)24(27)29-21-11-14(2)10-17-7-6-16(4)20(23(17)21)9-8-19-12-18(25)13-22(26)28-19/h6-7,10,14-16,18-21,23,25H,5,8-9,11-13H2,1-4H3/t14-,15-,16-,18+,19+,20-,21-,23-/m0/s1",38178,CC[C@H](C)C(=O)O[C@H]1C[C@@H](C)C=C2C=C[C@H](C)[C@H](CC[C@@H]3C[C@@H](O)CC(=O)O3)[C@@H]12,4
Input,Dasatinib,-0.29978423,InputSig,NA,NA,LINCSCP_117358,HT29,0.04uM,24h,large intestine,Bcr-Abl kinase inhibitor|Ephrin inhibitor|KIT inhibitor|PDGFR tyrosine kinase receptor inhibitor|Src inhibitor|Tyrosine kinase inhibitor,ABL1|BCR|BLK|EPHA2|FGR|FRK|FYN|HCK|KIT|LCK|LYN|PDGFRB|SRC|SRMS|YES1,ZBNZXTGUTAYRHI-UHFFFAOYSA-N,"InChI=1S/C22H26ClN7O2S/c1-14-4-3-5-16(23)20(14)28-21(32)17-13-24-22(33-17)27-18-12-19(26-15(2)25-18)30-8-6-29(7-9-30)10-11-31/h3-5,12-13,31H,6-11H2,1-2H3,(H,28,32)(H,24,25,26,27)",16640,Cc1nc(Nc2ncc(s2)C(=O)Nc3c(C)cccc3Cl)cc(n1)N4CCN(CCO)CC4,4
Input,Latrunculin B,-0.29921619,InputSig,NA,NA,LINCSCP_225861,HT29,10uM,6h,large intestine,Actin polymerization inhibitor|Unidentified pharmacological activity,WWTR1|YAP1,NSHPHXHGRHSMIK-IWZLBRJHSA-N,"InChI=1S/C20H29NO5S/c1-13-5-3-4-6-14(2)9-18(22)25-16-10-15(8-7-13)26-20(24,11-16)17-12-27-19(23)21-17/h3,5,9,13,15-17,24H,4,6-8,10-12H2,1-2H3,(H,21,23)/b5-3-,14-9-/t13-,15-,16-,17?,20-/m1/s1",35186,C[C@H]1CC[C@@H]2C[C@H](C[C@@](O)(O2)C3CSC(=O)N3)OC(=O)\C=C(\C)/CC\C=C/1,NA
Input,XMD-1185H,-0.29920634,InputSig,NA,NA,LINCSCP_16760,HA1E,10uM,6h,kidney epithelial,NA,NA,NA,NA,42760,NA,NA
Input,MLS000662068,-0.29879377,InputSig,NA,NA,LINCSCP_16776,HA1E,10uM,6h,kidney epithelial,NA,NA,HOPVGZYLIFZCOP-UHFFFAOYSA-N,"InChI=1S/C16H15NO7S2/c1-26(22,23)13-7-8-15(14(9-13)17(19)20)25(21)11-16(18)24-10-12-5-3-2-4-6-12/h2-9H,10-11H2,1H3",15560,CS(=O)(=O)c1ccc(c(c1)[N+](=O)[O-])S(=O)CC(=O)OCc2ccccc2,NA
Input,Rimcazole,-0.29799462,InputSig,NA,NA,LINCSCP_174407,YAPC,10uM,24h,pancreas,Sigma receptor antagonist,SIGMAR1,GUDVQJXODNJRIJ-CALCHBBNSA-N,"InChI=1S/C21H27N3/c1-16-14-23(15-17(2)22-16)12-7-13-24-20-10-5-3-8-18(20)19-9-4-6-11-21(19)24/h3-6,8-11,16-17,22H,7,12-15H2,1-2H3/t16-,17+",36533,C[C@@H]1CN(CCCn2c3ccccc3c4ccccc24)C[C@H](C)N1,NA
Input,UNII-MET7ZRB8Y7,-0.29720774,InputSig,NA,NA,LINCSCP_290178,VCAP,10uM,24h,prostate,T-type calcium channel blocker,NA,VHHVPDKNKPNKHY-JDXGNMNLSA-N,"InChI=1S/C30H38FN3O2/c1-20(2)28-24-13-12-23(31)19-22(24)14-15-30(28,36-29(35)21-10-11-21)16-18-34(3)17-6-9-27-32-25-7-4-5-8-26(25)33-27/h4-5,7-8,12-13,19-21,28H,6,9-11,14-18H2,1-3H3,(H,32,33)/t28-,30-/m0/s1",15930,CC(C)[C@H]1c2ccc(F)cc2CC[C@@]1(CCN(C)CCCc3nc4ccccc4[nH]3)OC(=O)C5CC5,NA
Input,81-78-7,-0.29701823,InputSig,NA,NA,LINCSCP_13209,FIBRNPC,10uM,24h,NA,NA,NA,VBKQODJWSGDGNQ-UHFFFAOYSA-N,"InChI=1S/C28H18N2O6/c31-25-18-10-6-14-22(30-20-12-4-2-8-16(20)28(35)36)24(18)26(32)17-9-5-13-21(23(17)25)29-19-11-3-1-7-15(19)27(33)34/h1-14,29-30H,(H,33,34)(H,35,36)",11569,OC(=O)c1ccccc1Nc2cccc3C(=O)c4c(Nc5ccccc5C(=O)O)cccc4C(=O)c23,NA
Input,BRD-K86182839,-0.29641561,InputSig,NA,NA,LINCSCP_49038,PC3,10uM,24h,prostate,NA,NA,UFTUBZJHXRESLK-ZCKQCUHLSA-N,"InChI=1S/C35H44Cl2FN3O6S/c1-23-19-41(24(2)22-42)35(43)30-18-28(39-48(44,45)29-12-9-27(38)10-13-29)11-15-33(30)47-25(3)7-5-6-16-46-34(23)21-40(4)20-26-8-14-31(36)32(37)17-26/h8-15,17-18,23-25,34,39,42H,5-7,16,19-22H2,1-4H3/t23-,24-,25+,34+/m1/s1",13807,C[C@H](CO)N1C[C@@H](C)[C@H](CN(C)Cc2ccc(Cl)c(Cl)c2)OCCCC[C@H](C)Oc3ccc(NS(=O)(=O)c4ccc(F)cc4)cc3C1=O,NA
Input,WH-4-025,-0.29632675000000003,InputSig,NA,NA,LINCSCP_116460,HT29,0.37uM,24h,large intestine,NA,NA,MWWDOHSKUDECFQ-UHFFFAOYSA-N,"InChI=1S/C39H38F3N7O5/c1-25-8-9-26(36(50)44-29-7-5-6-27(23-29)39(40,41)42)22-33(25)54-38(51)49(32-15-14-31(52-3)24-34(32)53-4)35-16-17-43-37(46-35)45-28-10-12-30(13-11-28)48-20-18-47(2)19-21-48/h5-17,22-24H,18-21H2,1-4H3,(H,44,50)(H,43,45,46)",26522,COc1ccc(N(C(=O)Oc2cc(ccc2C)C(=O)Nc3cccc(c3)C(F)(F)F)c4ccnc(Nc5ccc(cc5)N6CCN(C)CC6)n4)c(OC)c1,NA
Input,ALD1-H_000967,-0.29619481,InputSig,NA,NA,LINCSCP_16373,HA1E,10uM,6h,kidney epithelial,NA,NA,HMSCJMKJTWCPID-VXLYETTFSA-N,"InChI=1S/C17H21BrN2O5/c1-23-17(22)7-5-3-2-4-6-16(21)20-19-10-12-8-14-15(9-13(12)18)25-11-24-14/h8-10H,2-7,11H2,1H3,(H,20,21)/b19-10+",42695,COC(=O)CCCCCCC(=O)NN=Cc1cc2OCOc2cc1Br,NA
Input,BRD-K76938712,-0.29611021,InputSig,NA,NA,LINCSCP_58764,VCAP,10uM,6h,prostate,NA,NA,UIWHTZIAIXNFGN-AWYDNWMNSA-N,"InChI=1S/C40H42N6O5S/c1-25-21-46(26(2)24-47)40(50)31-7-6-10-34(44-38(49)29-15-17-30(18-16-29)39-42-19-20-52-39)36(31)51-35(25)23-45(3)22-27-11-13-28(14-12-27)37(48)43-33-9-5-4-8-32(33)41/h4-20,25-26,35,47H,21-24,41H2,1-3H3,(H,43,48)(H,44,49)/t25-,26+,35+/m1/s1",33644,C[C@@H](CO)N1C[C@@H](C)[C@H](CN(C)Cc2ccc(cc2)C(=O)Nc3ccccc3N)Oc4c(NC(=O)c5ccc(cc5)c6nccs6)cccc4C1=O,NA
Input,5-Methylfurmethide,-0.29598515,InputSig,NA,NA,LINCSCP_193460,A549,10uM,6h,lung,NA,NA,KOWVJDFMEZKDDT-UHFFFAOYSA-N,"InChI=1S/C9H16NO/c1-8-5-6-9(11-8)7-10(2,3)4/h5-6H,7H2,1-4H3/q+1",22238,Cc1oc(C[N+](C)(C)C)cc1,NA
Input,5-Nonyloxytryptamine,-0.29588088,InputSig,NA,NA,LINCSCP_57865,VCAP,10uM,6h,prostate,Serotonin receptor agonist,NA,YHSMSRREJYOGQJ-UHFFFAOYSA-N,"InChI=1S/C19H30N2O/c1-2-3-4-5-6-7-8-13-22-17-9-10-19-18(14-17)16(11-12-20)15-21-19/h9-10,14-15,21H,2-8,11-13,20H2,1H3",38619,CCCCCCCCCOc1ccc2[nH]cc(CCN)c2c1,NA
Input,BRD-K83631404,-0.29543165,InputSig,NA,NA,LINCSCP_48584,PC3,10uM,24h,prostate,NA,NA,MNWVVWQDNRNIMM-RNHFSVANSA-N,"InChI=1S/C26H34FN3O6S2/c1-19-16-30(20(2)18-31)38(34,35)26-12-11-21(8-7-13-28(3)4)14-24(26)36-25(19)17-29(5)37(32,33)23-10-6-9-22(27)15-23/h6,9-12,14-15,19-20,25,31H,13,16-18H2,1-5H3/t19-,20+,25+/m1/s1",28821,C[C@@H](CO)N1C[C@@H](C)[C@H](CN(C)S(=O)(=O)c2cccc(F)c2)Oc3cc(ccc3S1(=O)=O)C#CCN(C)C,NA
Input,BRD-K64873832,-0.29541068,InputSig,NA,NA,LINCSCP_63514,VCAP,5uM,24h,prostate,NA,NA,JSQZMBUYZHIIMM-XGAJZPNHSA-N,"InChI=1S/C25H39N3O5/c1-31-21-6-4-19(5-7-21)15-28-16-20(29)17-32-18-24-23(28)9-8-22(33-24)14-25(30)26-10-13-27-11-2-3-12-27/h4-7,20,22-24,29H,2-3,8-18H2,1H3,(H,26,30)/t20-,22-,23+,24-/m0/s1",945,COc1ccc(CN2C[C@H](O)COC[C@@H]3O[C@H](CC(=O)NCCN4CCCC4)CC[C@@H]23)cc1,NA
Input,CHEMBL2134949,-0.29521684,InputSig,NA,NA,LINCSCP_26412,HT29,10uM,6h,large intestine,NA,NA,UIWHTZIAIXNFGN-USUMGCFOSA-N,"InChI=1S/C40H42N6O5S/c1-25-21-46(26(2)24-47)40(50)31-7-6-10-34(44-38(49)29-15-17-30(18-16-29)39-42-19-20-52-39)36(31)51-35(25)23-45(3)22-27-11-13-28(14-12-27)37(48)43-33-9-5-4-8-32(33)41/h4-20,25-26,35,47H,21-24,41H2,1-3H3,(H,43,48)(H,44,49)/t25-,26+,35-/m1/s1",40206,C[C@@H](CO)N1C[C@@H](C)[C@@H](CN(C)Cc2ccc(cc2)C(=O)Nc3ccccc3N)Oc4c(NC(=O)c5ccc(cc5)c6nccs6)cccc4C1=O,NA
Input,YM 201636,-0.29485607,InputSig,NA,NA,LINCSCP_116439,HT29,10uM,24h,large intestine,PI3K inhibitor,NA,YBPIBGNBHHGLEB-UHFFFAOYSA-N,"InChI=1S/C25H21N7O3/c26-19-7-6-16(14-28-19)24(33)29-17-4-1-3-15(13-17)22-30-20-18-5-2-8-27-25(18)35-21(20)23(31-22)32-9-11-34-12-10-32/h1-8,13-14H,9-12H2,(H2,26,28)(H,29,33)",35282,Nc1ccc(cn1)C(=O)Nc2cccc(c2)c3nc(N4CCOCC4)c5oc6ncccc6c5n3,NA
Input,Cediranib,-0.29462655,InputSig,NA,NA,LINCSCP_173250,YAPC,3.33uM,24h,pancreas,KIT inhibitor|VEGFR inhibitor,FLT1|FLT4|KDR|KIT|PDGFRA|PDGFRB,XXJWYDDUDKYVKI-UHFFFAOYSA-N,"InChI=1S/C25H27FN4O3/c1-16-12-17-19(29-16)6-7-21(24(17)26)33-25-18-13-22(31-2)23(14-20(18)27-15-28-25)32-11-5-10-30-8-3-4-9-30/h6-7,12-15,29H,3-5,8-11H2,1-2H3",16449,COc1cc2c(Oc3ccc4[nH]c(C)cc4c3F)ncnc2cc1OCCCN5CCCC5,3
Input,PG 490,-0.29449644,InputSig,NA,NA,LINCSCP_54066,SW620,0.1uM,6h,large intestine,RNA polymerase inhibitor,NA,DFBIRQPKNDILPW-KTGKZQHOSA-N,"InChI=1S/C20H24O6/c1-8(2)18-13(25-18)14-20(26-14)17(3)5-4-9-10(7-23-15(9)21)11(17)6-12-19(20,24-12)16(18)22/h8,11-14,16,22H,4-7H2,1-3H3/t11?,12-,13-,14-,16+,17-,18-,19+,20+/m0/s1",23403,CC(C)[C@]12O[C@H]1[C@@H]3O[C@@]34[C@@]5(C)CCC6=C(COC6=O)C5C[C@@H]7O[C@]47[C@@H]2O,NA
Input,Atorvastatin,-0.29415412,InputSig,NA,NA,LINCSCP_125980,HT29,10uM,24h,large intestine,HMGCR inhibitor,DPP4|HMGCR,XUKUURHRXDUEBC-KAYWLYCHSA-N,"InChI=1S/C33H35FN2O5/c1-21(2)31-30(33(41)35-25-11-7-4-8-12-25)29(22-9-5-3-6-10-22)32(23-13-15-24(34)16-14-23)36(31)18-17-26(37)19-27(38)20-28(39)40/h3-16,21,26-27,37-38H,17-20H2,1-2H3,(H,35,41)(H,39,40)/t26-,27-/m1/s1",36530,CC(C)c1c(C(=O)Nc2ccccc2)c(c3ccccc3)c(c4ccc(F)cc4)n1CC[C@@H](O)C[C@@H](O)CC(=O)O,4
Input,Amoxapine,-0.29408703,InputSig,NA,NA,LINCSCP_25168,HT29,10uM,6h,large intestine,Serotonin transporter inhibitor|Norepinephrine transporter inhibitor|Dopamine receptor antagonist,DRD1|DRD2|DRD3|DRD4|DRD5|HTR2A|HTR6|SLC6A2|SLC6A4,QWGDMFLQWFTERH-UHFFFAOYSA-N,"InChI=1S/C17H16ClN3O/c18-12-5-6-15-13(11-12)17(21-9-7-19-8-10-21)20-14-3-1-2-4-16(14)22-15/h1-6,11,19H,7-10H2",35471,Clc1ccc2Oc3ccccc3N=C(N4CCNCC4)c2c1,4
Input,1446-61-3,-0.29384766,InputSig,NA,NA,LINCSCP_55824,VCAP,10uM,6h,prostate,Cannabinoid receptor agonist,CNR1,JVVXZOOGOGPDRZ-SLFFLAALSA-N,"InChI=1S/C20H31N/c1-14(2)15-6-8-17-16(12-15)7-9-18-19(3,13-21)10-5-11-20(17,18)4/h6,8,12,14,18H,5,7,9-11,13,21H2,1-4H3/t18-,19-,20+/m0/s1",35911,CC(C)c1ccc2c(CC[C@H]3[C@](C)(CN)CCC[C@]23C)c1,NA
Input,PHA-665752,-0.29380687,InputSig,NA,NA,LINCSCP_44423,PC3,10uM,24h,prostate,C-Met inhibitor,MET,OYONTEXKYJZFHA-OAQYLSRUSA-N,"InChI=1S/C32H34Cl2N4O4S/c1-19-29(35-20(2)30(19)32(40)38-14-6-7-21(38)17-37-12-3-4-13-37)16-24-23-15-22(10-11-28(23)36-31(24)39)43(41,42)18-25-26(33)8-5-9-27(25)34/h5,8-11,15-16,21,35H,3-4,6-7,12-14,17-18H2,1-2H3,(H,36,39)/t21-/m1/s1",27313,Cc1[nH]c(C=C2C(=O)Nc3ccc(cc23)S(=O)(=O)Cc4c(Cl)cccc4Cl)c(C)c1C(=O)N5CCC[C@@H]5CN6CCCC6,NA
Input,PHA-665752,-0.29380687,InputSig,NA,NA,LINCSCP_44423,PC3,10uM,24h,prostate,C-Met inhibitor,MET,OYONTEXKYJZFHA-SSHUPFPWSA-N,"InChI=1S/C32H34Cl2N4O4S/c1-19-29(35-20(2)30(19)32(40)38-14-6-7-21(38)17-37-12-3-4-13-37)16-24-23-15-22(10-11-28(23)36-31(24)39)43(41,42)18-25-26(33)8-5-9-27(25)34/h5,8-11,15-16,21,35H,3-4,6-7,12-14,17-18H2,1-2H3,(H,36,39)/b24-16-/t21-/m1/s1",37783,Cc1[nH]c(\C=C\2/C(=O)Nc3ccc(cc23)S(=O)(=O)Cc4c(Cl)cccc4Cl)c(C)c1C(=O)N5CCC[C@@H]5CN6CCCC6,NA
Input,GSK 525762A,-0.29374831,InputSig,NA,NA,LINCSCP_119373,HT29,3.33uM,24h,large intestine,NA,NA,AAAQFGUYHFJNHI-SFHVURJKSA-N,"InChI=1S/C22H22ClN5O2/c1-4-24-20(29)12-18-22-27-26-13(2)28(22)19-10-9-16(30-3)11-17(19)21(25-18)14-5-7-15(23)8-6-14/h5-11,18H,4,12H2,1-3H3,(H,24,29)/t18-/m0/s1",19908,CCNC(=O)C[C@@H]1N=C(c2ccc(Cl)cc2)c3cc(OC)ccc3n4c(C)nnc14,NA
Input,Orlistat,-0.2934709,InputSig,NA,NA,LINCSCP_77187,A375,1.11uM,24h,skin,Lipase inhibitor,DAGLA|FASN|LIPF|PNLIP,AHLBNYSZXLDEJQ-FWEHEUNISA-N,"InChI=1S/C29H53NO5/c1-5-7-9-11-12-13-14-15-16-18-24(34-29(33)26(30-22-31)20-23(3)4)21-27-25(28(32)35-27)19-17-10-8-6-2/h22-27H,5-21H2,1-4H3,(H,30,31)/t24-,25-,26-,27-/m0/s1",16386,CCCCCCCCCCC[C@@H](C[C@@H]1OC(=O)[C@H]1CCCCCC)OC(=O)[C@H](CC(C)C)NC=O,4
Input,MLS002699921,-0.29312579,InputSig,NA,NA,LINCSCP_16372,HA1E,10uM,6h,kidney epithelial,NA,NA,CVYPURZTRLVZRF-UHFFFAOYSA-N,"InChI=1S/C22H16N4O2/c1-14-8-10-17(11-9-14)26-21(25-15(2)27)18(12-23)20(19(13-24)22(26)28)16-6-4-3-5-7-16/h3-11H,1-2H3,(H,25,27)",36082,CC(=O)NC1=C(C#N)C(=C(C#N)C(=O)N1c2ccc(C)cc2)c3ccccc3,NA
Input,EMD-1214063,-0.29305429,InputSig,NA,NA,LINCSCP_127612,HT29,10uM,24h,large intestine,Hepatocyte growth factor receptor inhibitor,MET,AHYMHWXQRWRBKT-UHFFFAOYSA-N,"InChI=1S/C29H28N6O2/c1-34-12-10-21(11-13-34)20-37-26-17-31-29(32-18-26)25-7-3-5-23(15-25)19-35-28(36)9-8-27(33-35)24-6-2-4-22(14-24)16-30/h2-9,14-15,17-18,21H,10-13,19-20H2,1H3",26757,CN1CCC(COc2cnc(nc2)c3cccc(CN4N=C(C=CC4=O)c5cccc(c5)C#N)c3)CC1,2
Input,SCHEMBL6874948,-0.2930431,InputSig,NA,NA,LINCSCP_39037,MDAMB231,10uM,24h,NA,LCK Inhibitor,LCK,VVTHOUCIAGHQBD-UHFFFAOYSA-N,"InChI=1S/C31H27F3N4O3/c1-40-23-13-21(14-24(17-23)41-2)19-3-6-27-25(15-19)30-20(18-36-27)4-8-29(39)38(30)22-5-7-28(26(16-22)31(32,33)34)37-11-9-35-10-12-37/h3-8,13-18,35H,9-12H2,1-2H3",22273,COc1cc(OC)cc(c1)c2ccc3ncc4C=CC(=O)N(c5ccc(N6CCNCC6)c(c5)C(F)(F)F)c4c3c2,NA
Input,LRRK2-IN-1,-0.29267165,InputSig,NA,NA,LINCSCP_6567,A549,10uM,6h,lung,Leucine rich repeat kinase inhibitor,LRRK2,IWMCPJZTADUIFX-UHFFFAOYSA-N,"InChI=1S/C31H38N8O3/c1-35-15-17-38(18-16-35)22-11-13-39(14-12-22)29(40)21-9-10-24(27(19-21)42-4)33-31-32-20-26-28(34-31)36(2)25-8-6-5-7-23(25)30(41)37(26)3/h5-10,19-20,22H,11-18H2,1-4H3,(H,32,33,34)",15130,COc1cc(ccc1Nc2ncc3N(C)C(=O)c4ccccc4N(C)c3n2)C(=O)N5CCC(CC5)N6CCN(C)CC6,NA
Input,ST50591990,-0.29249408,InputSig,NA,NA,LINCSCP_5211,A549,10uM,6h,lung,NA,NA,KQZXLGLRCHGVAK-CMDGGOBGSA-N,"InChI=1S/C19H18N2O4/c1-23-16-10-13(11-17(24-2)19(16)25-3)8-9-18(22)21-12-20-14-6-4-5-7-15(14)21/h4-12H,1-3H3/b9-8+",25581,COc1cc(\C=C\C(=O)n2cnc3ccccc23)cc(OC)c1OC,NA
Input,BRD-A96746500,-0.29245638,InputSig,NA,NA,LINCSCP_106053,HELA,10uM,24h,large intestine,NA,NA,NA,NA,NA,NA,NA
Input,LY2228820,-0.29227245,InputSig,NA,NA,LINCSCP_171106,YAPC,10uM,24h,pancreas,MAP kinase p38 alpha inhibitor,MAPK14,XPPBBJCBDOEXDN-UHFFFAOYSA-N,"InChI=1S/C24H29FN6/c1-23(2,3)13-31-20-17(28-22(31)26)12-11-16(27-20)19-18(14-7-9-15(25)10-8-14)29-21(30-19)24(4,5)6/h7-12H,13H2,1-6H3,(H2,26,28)(H,29,30)",26639,CC(C)(C)Cn1c(N)nc2ccc(nc12)c3[nH]c(nc3c4ccc(F)cc4)C(C)(C)C,2
Input,AEE788 (NVP-AEE788),-0.29217532,InputSig,NA,NA,LINCSCP_168577,YAPC,10uM,24h,pancreas,Epidermal growth factor receptor erbB1 inhibitor|Receptor protein-tyrosine kinase erbB-2 inhibitor|Vascular endothelial growth factor receptor 1 inhibitor|Vascular endothelial growth factor receptor 2 inhibitor,EGFR|ERBB2|FLT1|KDR,OONFNUWBHFSNBT-HXUWFJFHSA-N,"InChI=1S/C27H32N6/c1-3-32-13-15-33(16-14-32)18-21-9-11-23(12-10-21)25-17-24-26(28-19-29-27(24)31-25)30-20(2)22-7-5-4-6-8-22/h4-12,17,19-20H,3,13-16,18H2,1-2H3,(H2,28,29,30,31)/t20-/m1/s1",26707,CCN1CCN(Cc2ccc(cc2)c3cc4c(N[C@H](C)c5ccccc5)ncnc4[nH]3)CC1,2
Input,BRD-K56865671,-0.29201768,InputSig,NA,NA,LINCSCP_63813,VCAP,5uM,6h,prostate,NA,NA,JIBJCGLYXNSLDN-KQPVPGJTSA-N,"InChI=1S/C28H37N3O7S/c1-36-23-8-5-9-25(16-23)39(34,35)31-18-22(32)19-37-20-27-26(31)11-10-24(38-27)17-28(33)30-14-12-29(13-15-30)21-6-3-2-4-7-21/h2-9,16,22,24,26-27,32H,10-15,17-20H2,1H3/t22-,24-,26-,27+/m1/s1",40678,COc1cccc(c1)S(=O)(=O)N2C[C@@H](O)COC[C@@H]3O[C@@H](CC(=O)N4CCN(CC4)c5ccccc5)CC[C@@H]23,NA
Input,BRD-K21165668,-0.29156378,InputSig,NA,NA,LINCSCP_211393,HA1E,10uM,6h,kidney epithelial,NA,NA,HYHNGJQOQBBFBA-ISCCLHIJSA-N,"InChI=1S/C30H30F3N3O5S/c1-20-17-36(21(2)19-37)29(38)26-15-23(10-9-22-11-13-24(14-12-22)30(31,32)33)16-34-28(26)41-27(20)18-35(3)42(39,40)25-7-5-4-6-8-25/h4-8,11-16,20-21,27,37H,17-19H2,1-3H3/t20-,21+,27-/m0/s1",12117,C[C@H](CO)N1C[C@H](C)[C@H](CN(C)S(=O)(=O)c2ccccc2)Oc3ncc(cc3C1=O)C#Cc4ccc(cc4)C(F)(F)F,NA
Input,Calmidazolium,-0.29155588,InputSig,NA,NA,LINCSCP_26562,HT29,10uM,6h,large intestine,Calcium channel blocker|Calmodulin antagonist,ATP2B1|PDE1A,CTKNMSVWMRRCPW-UHFFFAOYSA-N,"InChI=1S/C31H23Cl6N2O/c32-23-6-1-20(2-7-23)31(21-3-8-24(33)9-4-21)39-14-13-38(19-39)17-30(27-12-11-26(35)16-29(27)37)40-18-22-5-10-25(34)15-28(22)36/h1-16,19,30-31H,17-18H2/q+1",23203,Clc1ccc(cc1)C(c2ccc(Cl)cc2)n3cc[n+](CC(OCc4ccc(Cl)cc4Cl)c5ccc(Cl)cc5Cl)c3,NA
Input,BRD-K40555995,-0.29155156,InputSig,NA,NA,LINCSCP_62886,VCAP,5uM,24h,prostate,NA,NA,WNHZFTQVONQUSH-LWCVALJOSA-N,"InChI=1S/C23H31N3O5/c1-15-13-25(2)23(28)18-7-5-6-16(12-24)21(18)30-11-10-17-8-9-19(29-4)20(31-17)14-26(3)22(15)27/h5-7,15,17,19-20H,8-11,13-14H2,1-4H3/t15-,17-,19-,20+/m0/s1",3058,CO[C@H]1CC[C@H]2CCOc3c(cccc3C(=O)N(C)C[C@H](C)C(=O)N(C)C[C@H]1O2)C#N,NA
Input,BRD-K85236313,-0.29130121,InputSig,NA,NA,LINCSCP_48404,PC3,5uM,24h,prostate,NA,NA,NQEZVMQIEYGDLX-XMMPIXPASA-N,"InChI=1S/C28H35N3O4/c1-19(33)31-18-28(11-13-30(14-12-28)16-20-7-5-6-8-25(20)35-4)26-22-10-9-21(34-3)15-23(22)29(2)27(26)24(31)17-32/h5-10,15,24,32H,11-14,16-18H2,1-4H3/t24-/m1/s1",33888,COc1ccc2c3c([C@@H](CO)N(CC34CCN(Cc5ccccc5OC)CC4)C(=O)C)n(C)c2c1,NA
Input,423735-93-7,-0.29110065,InputSig,NA,NA,LINCSCP_13538,H1299,10uM,6h,lung,NA,NA,DFOVLSMXPWPCFH-UHFFFAOYSA-N,"InChI=1S/C17H17BrN2O2/c1-2-6-16(21)19-12-7-5-8-13(11-12)20-17(22)14-9-3-4-10-15(14)18/h3-5,7-11H,2,6H2,1H3,(H,19,21)(H,20,22)",35885,CCCC(=O)Nc1cccc(NC(=O)c2ccccc2Br)c1,NA
Input,STK865973,-0.29083794,InputSig,NA,NA,LINCSCP_221486,HEPG2,3uM,24h,liver,NA,NA,CBWRIRMQOLBIDB-UHFFFAOYSA-N,"InChI=1S/C20H23NO2S/c1-20(2,3)15-9-11-16(12-10-15)23-14-6-13-21-17-7-4-5-8-18(17)24-19(21)22/h4-5,7-12H,6,13-14H2,1-3H3",31599,CC(C)(C)c1ccc(OCCCN2C(=O)Sc3ccccc23)cc1,NA
Input,MLS001065839,-0.29056228,InputSig,NA,NA,LINCSCP_57277,VCAP,10uM,24h,prostate,NA,NA,HOTPJJJHRXWYFY-UHFFFAOYSA-N,"InChI=1S/C17H22N6O/c1-2-6-14(7-3-1)18-15-19-16(22-8-4-5-9-22)21-17(20-15)23-10-12-24-13-11-23/h1-3,6-7H,4-5,8-13H2,(H,18,19,20,21)",665,C1CCN(C1)c2nc(Nc3ccccc3)nc(n2)N4CCOCC4,NA
Input,MLS003129537,-0.29010517,InputSig,NA,NA,LINCSCP_298796,VCAP,5uM,24h,prostate,NA,NA,RIHXBZGHHXCGPP-MZKRTTBSSA-N,"InChI=1S/C26H40N8O5/c1-19-15-33(20(2)17-35)25(36)5-4-8-34-22(14-28-30-34)18-39-23(19)16-31(3)26(37)29-21-6-7-27-24(13-21)32-9-11-38-12-10-32/h6-7,13-14,19-20,23,35H,4-5,8-12,15-18H2,1-3H3,(H,27,29,37)/t19-,20+,23-/m0/s1",36988,C[C@H](CO)N1C[C@H](C)[C@H](CN(C)C(=O)Nc2ccnc(c2)N3CCOCC3)OCc4cnnn4CCCC1=O,NA
Input,BRD-K61175124,-0.28998405,InputSig,NA,NA,LINCSCP_46618,PC3,10uM,6h,prostate,NA,NA,FTKXCBYAQTWBTF-HSLFHSRNSA-N,"InChI=1S/C37H43N5O5Si/c1-25-35(48(3,4)30-14-12-29(46-2)13-15-30)33(16-19-40-24-27(18-21-43)38-39-40)47-37(25)31-10-5-6-11-32(31)42(36(37)45)23-26-8-7-9-28(22-26)41-20-17-34(41)44/h5-15,22,24-25,33,35,43H,16-21,23H2,1-4H3/t25-,33+,35-,37+/m1/s1",11487,COc1ccc(cc1)[Si](C)(C)[C@H]2[C@H](CCn3cc(CCO)nn3)O[C@]4([C@@H]2C)C(=O)N(Cc5cccc(c5)N6CCC6=O)c7ccccc47,NA
Input,COT-10B,-0.28991305,InputSig,NA,NA,LINCSCP_9569,A549,10uM,6h,lung,NA,NA,SHBWGYKUKOFCKR-UHFFFAOYSA-N,"InChI=1S/C21H17N3S/c1-13(22)19-11-17-18(12-24-21(23)20(17)25-19)16-9-5-8-15(10-16)14-6-3-2-4-7-14/h2-12H,1,22H2,(H2,23,24)",23079,NC(=C)c1cc2c(cnc(N)c2s1)c3cccc(c3)c4ccccc4,NA
Input,Methixene,-0.28979284,InputSig,NA,NA,LINCSCP_167198,YAPC,10uM,24h,pancreas,Acetylcholine receptor antagonist,CHRM1|CHRM5|HTR2C,MJFJKKXQDNNUJF-UHFFFAOYSA-N,"InChI=1S/C20H23NS/c1-21-12-6-7-15(14-21)13-18-16-8-2-4-10-19(16)22-20-11-5-3-9-17(18)20/h2-5,8-11,15,18H,6-7,12-14H2,1H3",15218,CN1CCCC(CC2c3ccccc3Sc4ccccc24)C1,4
Input,Aminosalicylic acid,-0.28972981,InputSig,NA,NA,LINCSCP_125130,HT29,1.11uM,24h,large intestine,Cyclooxygenase inhibitor,PTGS1|PTGS2,WUBBRNOQWQTFEX-UHFFFAOYSA-N,"InChI=1S/C7H7NO3/c8-4-1-2-5(7(10)11)6(9)3-4/h1-3,9H,8H2,(H,10,11)",16431,Nc1ccc(C(=O)O)c(O)c1,4
Input,ACEXAMIC ACID,-0.28957038,InputSig,NA,NA,LINCSCP_160463,PC3,0.37uM,24h,prostate,NA,NA,WDSCBUNMANHPFH-UHFFFAOYSA-N,"InChI=1S/C8H15NO3/c1-7(10)9-6-4-2-3-5-8(11)12/h2-6H2,1H3,(H,9,10)(H,11,12)",26940,CC(=O)NCCCCCC(=O)O,NA
Input,AC480 (BMS-599626),-0.28936203,InputSig,NA,NA,LINCSCP_156534,PC3,10uM,24h,prostate,Epidermal growth factor receptor erbB1 inhibitor|Receptor protein-tyrosine kinase erbB-2 inhibitor|Receptor protein-tyrosine kinase erbB-4 inhibitor,EGFR|ERBB2|ERBB4,LUJZZYWHBDHDQX-QFIPXVFZSA-N,"InChI=1S/C27H27FN8O3/c1-17-23(34-27(37)39-15-22-14-38-8-7-29-22)13-36-25(17)26(30-16-32-36)33-21-5-6-24-19(10-21)11-31-35(24)12-18-3-2-4-20(28)9-18/h2-6,9-11,13,16,22,29H,7-8,12,14-15H2,1H3,(H,34,37)(H,30,32,33)/t22-/m0/s1",26694,Cc1c(NC(=O)OC[C@@H]2COCCN2)cn3ncnc(Nc4ccc5c(cnn5Cc6cccc(F)c6)c4)c13,1
Input,Cabozantinib,-0.28930918,InputSig,NA,NA,LINCSCP_171734,YAPC,10uM,24h,pancreas,Hepatocyte growth factor receptor inhibitor|Vascular endothelial growth factor receptor 2 inhibitor,KDR|MET,ONIQOQHATWINJY-UHFFFAOYSA-N,"InChI=1S/C28H24FN3O5/c1-35-24-15-21-22(16-25(24)36-2)30-14-11-23(21)37-20-9-7-19(8-10-20)32-27(34)28(12-13-28)26(33)31-18-5-3-17(29)4-6-18/h3-11,14-16H,12-13H2,1-2H3,(H,31,33)(H,32,34)",35289,COc1cc2nccc(Oc3ccc(NC(=O)C4(CC4)C(=O)Nc5ccc(F)cc5)cc3)c2cc1OC,4
Input,Probenecid,-0.28914318,InputSig,NA,NA,LINCSCP_127835,HT29,3.33uM,24h,large intestine,Uricosuric blocker,SLC22A11|SLC22A6|SLC22A8,DBABZHXKTCFAPX-UHFFFAOYSA-N,"InChI=1S/C13H19NO4S/c1-3-9-14(10-4-2)19(17,18)12-7-5-11(6-8-12)13(15)16/h5-8H,3-4,9-10H2,1-2H3,(H,15,16)",23101,CCCN(CCC)S(=O)(=O)c1ccc(cc1)C(=O)O,4
Input,Haloperidol,-0.28856327,InputSig,NA,NA,LINCSCP_172346,YAPC,10uM,24h,pancreas,Serotonin 2a (5-HT2a) receptor antagonist (Serotonin 2a|D2-like dopamine receptor inverse agonist,DRD1|DRD2|DRD3|DRD4|HTR2A,LNEPOXFFQSENCJ-UHFFFAOYSA-N,"InChI=1S/C21H23ClFNO2/c22-18-7-5-17(6-8-18)21(26)11-14-24(15-12-21)13-1-2-20(25)16-3-9-19(23)10-4-16/h3-10,26H,1-2,11-15H2",35951,OC1(CCN(CCCC(=O)c2ccc(F)cc2)CC1)c3ccc(Cl)cc3,4
Input,Terconazole,-0.28843674,InputSig,NA,NA,LINCSCP_226993,HT29,10uM,6h,large intestine,Cytochrome P450 51 inhibitor,NA,BLSQLHNBWJLIBQ-OZXSUGGESA-N,"InChI=1S/C26H31Cl2N5O3/c1-19(2)31-9-11-32(12-10-31)21-4-6-22(7-5-21)34-14-23-15-35-26(36-23,16-33-18-29-17-30-33)24-8-3-20(27)13-25(24)28/h3-8,13,17-19,23H,9-12,14-16H2,1-2H3/t23-,26-/m0/s1",16001,CC(C)N1CCN(CC1)c2ccc(OC[C@H]3CO[C@@](Cn4cncn4)(O3)c5ccc(Cl)cc5Cl)cc2,4
Input,BRD-K59488055,-0.28812222,InputSig,NA,NA,LINCSCP_2042,A375,10uM,6h,skin,NA,NA,YQEYOYLPOAGOMK-NUHOQHIVSA-N,"InChI=1S/C37H48N4O5/c1-27-23-41(28(2)26-42)37(44)22-32-21-33(38-36(43)15-16-40-17-19-45-20-18-40)13-14-34(32)46-35(27)25-39(3)24-29-9-11-31(12-10-29)30-7-5-4-6-8-30/h4-14,21,27-28,35,42H,15-20,22-26H2,1-3H3,(H,38,43)/t27-,28+,35+/m1/s1",33207,C[C@@H](CO)N1C[C@@H](C)[C@H](CN(C)Cc2ccc(cc2)c3ccccc3)Oc4ccc(NC(=O)CCN5CCOCC5)cc4CC1=O,NA
Input,BRD-K92036763,-0.28809334,InputSig,NA,NA,LINCSCP_62187,VCAP,5uM,24h,prostate,NA,NA,RKCCKXKETMZMSY-VWYCJHECSA-N,"InChI=1S/C12H25N3O3/c1-8(2)14-12(17)15-10-4-3-9(5-6-13)18-11(10)7-16/h8-11,16H,3-7,13H2,1-2H3,(H2,14,15,17)/t9-,10+,11+/m1/s1",4672,CC(C)NC(=O)N[C@H]1CC[C@H](CCN)O[C@H]1CO,NA
Input,BRD-K11264391,-0.28791413,InputSig,NA,NA,LINCSCP_253865,MCF7,10uM,24h,breast,NA,NA,ZOMDAKIXTYYPTB-YTCPBCGMSA-N,"InChI=1S/C30H35N3O3/c1-21-7-3-4-8-26(21)22-9-11-23(12-10-22)29-27-19-32(17-5-6-18-33(27)28(29)20-34)30(35)31-24-13-15-25(36-2)16-14-24/h3-4,7-16,27-29,34H,5-6,17-20H2,1-2H3,(H,31,35)/t27-,28-,29+/m0/s1",31962,COc1ccc(NC(=O)N2CCCCN3[C@@H](CO)[C@@H]([C@@H]3C2)c4ccc(cc4)c5ccccc5C)cc1,NA
Input,GR-127935,-0.28790527,InputSig,NA,NA,LINCSCP_55788,VCAP,10uM,6h,prostate,Serotonin receptor antagonist,HTR1A|HTR1B|HTR1D|HTR2A|HTR2C,YDBCEBYHYKAFRX-UHFFFAOYSA-N,"InChI=1S/C29H31N5O3/c1-19-17-23(28-30-20(2)37-32-28)9-11-25(19)21-5-7-22(8-6-21)29(35)31-24-10-12-27(36-4)26(18-24)34-15-13-33(3)14-16-34/h5-12,17-18H,13-16H2,1-4H3,(H,31,35)",15419,COc1ccc(NC(=O)c2ccc(cc2)c3ccc(cc3C)c4noc(C)n4)cc1N5CCN(C)CC5,NA
Input,BRD-K02549628,-0.28786472,InputSig,NA,NA,LINCSCP_48717,PC3,10uM,24h,prostate,NA,NA,NGSVTCXVDNQXPV-IECBHUPTSA-N,"InChI=1S/C25H32N2O5S/c1-18-15-27(19(2)17-28)33(29,30)25-12-11-21(14-23(25)32-24(18)16-26(3)4)10-9-20-7-6-8-22(13-20)31-5/h6-8,11-14,18-19,24,28H,15-17H2,1-5H3/t18-,19-,24+/m1/s1",31758,COc1cccc(c1)C#Cc2ccc3c(O[C@@H](CN(C)C)[C@H](C)CN([C@H](C)CO)S3(=O)=O)c2,NA
Input,Dovitinib,-0.28782818,InputSig,NA,NA,LINCSCP_51910,SKBR3,0.1uM,24h,breast,EGFR inhibitor|FGFR inhibitor|FLT3 inhibitor|PDGFR tyrosine kinase receptor inhibitor|VEGFR inhibitor,EGFR|FGFR1|FGFR2|FGFR3|FLT1|FLT3|FLT4|KDR|KIT|PDGFRA|PDGFRB,PIQCTGMSNWUMAF-UHFFFAOYSA-N,"InChI=1S/C21H21FN6O/c1-27-7-9-28(10-8-27)12-5-6-14-16(11-12)25-20(24-14)18-19(23)17-13(22)3-2-4-15(17)26-21(18)29/h2-6,11H,7-10H2,1H3,(H,24,25)(H3,23,26,29)",37808,CN1CCN(CC1)c2ccc3nc([nH]c3c2)C4=C(N)c5c(F)cccc5NC4=O,3
Input,Amuvatinib,-0.28769962,InputSig,NA,NA,LINCSCP_116862,HT29,3.33uM,24h,large intestine,FLT3 inhibitor|KIT inhibitor|PDGFR tyrosine kinase receptor inhibitor|RAD51 inhibitor|RET tyrosine kinase inhibitor,FLT3|KIT|MET|PDGFRA,FOFDIMHVKGYHRU-UHFFFAOYSA-N,"InChI=1S/C23H21N5O3S/c32-23(24-12-15-5-6-18-19(11-15)30-14-29-18)28-9-7-27(8-10-28)22-21-20(25-13-26-22)16-3-1-2-4-17(16)31-21/h1-6,11,13H,7-10,12,14H2,(H,24,32)",17514,S=C(NCc1ccc2OCOc2c1)N3CCN(CC3)c4ncnc5c4oc6ccccc56,2
Input,Resveratrol,-0.28764045,InputSig,NA,NA,LINCSCP_150138,NPC.TAK,0.37uM,24h,NA,Cytochrome P450 inhibitor|SIRT activator,PTGS1|PTGS2|SIRT1,LUKBXSAWLPMMSZ-OWOJBTEDSA-N,"InChI=1S/C14H12O3/c15-12-5-3-10(4-6-12)1-2-11-7-13(16)9-14(17)8-11/h1-9,15-17H/b2-1+",22163,Oc1ccc(\C=C\c2cc(O)cc(O)c2)cc1,NA
Input,CHEMBL2355935,-0.28752194,InputSig,NA,NA,LINCSCP_3531,A375,10uM,24h,skin,NA,NA,CBAAPWVHONFTKW-DWLUSBQNSA-N,"InChI=1S/C35H47F3N4O7S/c1-22-18-42(23(2)21-43)34(44)30-17-29(40-50(45,46)33-25(4)39-49-26(33)5)14-15-31(30)48-24(3)9-7-8-16-47-32(22)20-41(6)19-27-10-12-28(13-11-27)35(36,37)38/h10-15,17,22-24,32,40,43H,7-9,16,18-21H2,1-6H3/t22-,23+,24-,32-/m0/s1",19562,C[C@H](CO)N1C[C@H](C)[C@H](CN(C)Cc2ccc(cc2)C(F)(F)F)OCCCC[C@H](C)Oc3ccc(NS(=O)(=O)c4c(C)onc4C)cc3C1=O,NA
Input,Chlorpromazine,-0.28734846000000003,InputSig,NA,NA,LINCSCP_175418,YAPC,10uM,24h,pancreas,Serotonin 2a (5-HT2a) receptor antagonist (Serotonin 2a|D2-like dopamine receptor antagonist,ADRA2A|ADRA2B|ADRA2C|DRD1|DRD2|DRD3|DRD4|DRD5|HRH1|HTR1A|HTR2A|HTR2C|HTR6|HTR7,ZPEIMTDSQAKGNT-UHFFFAOYSA-N,"InChI=1S/C17H19ClN2S/c1-19(2)10-5-11-20-14-6-3-4-7-16(14)21-17-9-8-13(18)12-15(17)20/h3-4,6-9,12H,5,10-11H2,1-2H3",36123,CN(C)CCCN1c2ccccc2Sc3ccc(Cl)cc13,4
Input,BRD-K66975912,-0.28656593,InputSig,NA,NA,LINCSCP_60409,VCAP,5uM,24h,prostate,NA,NA,DPWYORMJDFEMPA-XMERXJNXSA-N,"InChI=1S/C29H35N3O5/c1-19-16-32(20(2)18-33)29(35)25-13-23(8-5-21-9-11-24(36-4)12-10-21)15-30-28(25)37-26(19)17-31(3)27(34)14-22-6-7-22/h9-13,15,19-20,22,26,33H,6-7,14,16-18H2,1-4H3/t19-,20-,26-/m1/s1",7790,COc1ccc(cc1)C#Cc2cnc3O[C@H](CN(C)C(=O)CC4CC4)[C@H](C)CN([C@H](C)CO)C(=O)c3c2,NA
Input,FGIN1-27,-0.28654208,InputSig,NA,NA,LINCSCP_50928,RMGI,10uM,6h,ovary,Inositol monophosphatase inhibitor,TSPO,VUWXAQFLTSBUDB-UHFFFAOYSA-N,"InChI=1S/C28H37FN2O/c1-3-5-7-11-19-31(20-12-8-6-4-2)27(32)21-25-24-13-9-10-14-26(24)30-28(25)22-15-17-23(29)18-16-22/h9-10,13-18,30H,3-8,11-12,19-21H2,1-2H3",35512,CCCCCCN(CCCCCC)C(=O)Cc1c([nH]c2ccccc12)c3ccc(F)cc3,NA
Input,NU1025,-0.28647234,InputSig,NA,NA,LINCSCP_722,A375,10uM,24h,skin,DNA dependent protein kinase inhibitor|PARP inhibitor,PARP1,YJDAOHJWLUNFLX-UHFFFAOYSA-N,"InChI=1S/C9H8N2O2/c1-5-10-8-6(9(13)11-5)3-2-4-7(8)12/h2-4,12H,1H3,(H,10,11,13)",36280,CC1=Nc2c(O)cccc2C(=O)N1,NA
Input,Fluoxetine,-0.28627887,InputSig,NA,NA,LINCSCP_167030,YAPC,10uM,24h,pancreas,Serotonin transporter inhibitor,SLC6A4,RTHCYVBBDHJXIQ-UHFFFAOYSA-N,"InChI=1S/C17H18F3NO/c1-21-12-11-16(13-5-3-2-4-6-13)22-15-9-7-14(8-10-15)17(18,19)20/h2-10,16,21H,11-12H2,1H3",15046,CNCCC(Oc1ccc(cc1)C(F)(F)F)c2ccccc2,4
Input,Sufentanil,-0.28592014,InputSig,NA,NA,LINCSCP_103099,HELA,10uM,24h,large intestine,Mu opioid receptor agonist,OPRM1,GGCSSNBKKAUURC-UHFFFAOYSA-N,"InChI=1S/C22H30N2O2S/c1-3-21(25)24(19-8-5-4-6-9-19)22(18-26-2)12-15-23(16-13-22)14-11-20-10-7-17-27-20/h4-10,17H,3,11-16,18H2,1-2H3",26744,CCC(=O)N(c1ccccc1)C2(COC)CCN(CCc3cccs3)CC2,4
Input,COT Inhibitor-2,-0.28580749,InputSig,NA,NA,LINCSCP_117025,HT29,10uM,24h,large intestine,MAP kinase inhibitor|TNF production inhibitor,NA,PHNZIIMWDVXPGG-UHFFFAOYSA-N,"InChI=1S/C26H25Cl2FN8/c1-2-36-7-5-20(6-8-36)37-15-19(34-35-37)14-31-18-9-21-25(33-17-3-4-24(29)22(27)10-17)16(12-30)13-32-26(21)23(28)11-18/h3-4,9-11,13,15,20,31H,2,5-8,14H2,1H3,(H,32,33)",35288,CCN1CCC(CC1)n2cc(CNc3cc(Cl)c4ncc(C#N)c(Nc5ccc(F)c(Cl)c5)c4c3)nn2,NA
Input,BRD-K88449712,-0.28561193,InputSig,NA,NA,LINCSCP_63046,VCAP,5uM,24h,prostate,NA,NA,JCVYOTDVYFHCTF-MUUNZHRXSA-N,"InChI=1S/C34H30FN3O6/c35-26-7-4-21(5-8-26)22-2-1-3-23(16-22)32-31-25(17-27(36-32)34(41)37-11-14-42-15-12-37)19-38(28(31)10-13-39)33(40)24-6-9-29-30(18-24)44-20-43-29/h1-9,16-18,28,39H,10-15,19-20H2/t28-/m1/s1",13850,OCC[C@H]1N(Cc2cc(nc(c3cccc(c3)c4ccc(F)cc4)c12)C(=O)N5CCOCC5)C(=O)c6ccc7OCOc7c6,NA
Input,MLS003129344,-0.28510776,InputSig,NA,NA,LINCSCP_60705,VCAP,5uM,6h,prostate,NA,NA,YAZCQYURBLEIHO-MRJKTFCFSA-N,"InChI=1S/C29H39N5O3/c1-22-17-33(23(2)20-35)29(36)10-7-15-34-27(16-30-31-34)21-37-28(22)19-32(3)18-24-11-13-26(14-12-24)25-8-5-4-6-9-25/h4-6,8-9,11-14,16,22-23,28,35H,7,10,15,17-21H2,1-3H3/t22-,23-,28+/m1/s1",16811,C[C@H](CO)N1C[C@@H](C)[C@H](CN(C)Cc2ccc(cc2)c3ccccc3)OCc4cnnn4CCCC1=O,NA
Input,Triamterene,-0.28488042,InputSig,NA,NA,LINCSCP_56308,VCAP,10uM,24h,prostate,"Amiloride-sensitive sodium channel, ENaC blocker",SCNN1A|SCNN1B|SCNN1G,FNYLWPVRPXGIIP-UHFFFAOYSA-N,"InChI=1S/C12H11N7/c13-9-7(6-4-2-1-3-5-6)16-8-10(14)18-12(15)19-11(8)17-9/h1-5H,(H6,13,14,15,17,18,19)",7545,Nc1nc(N)c2nc(c(N)nc2n1)c3ccccc3,4
Input,Zolantidine,-0.28487826,InputSig,NA,NA,LINCSCP_27070,HT29,10uM,6h,large intestine,Histamine receptor antagonist,NA,KUBONGDXTUOOLM-UHFFFAOYSA-N,"InChI=1S/C22H27N3OS/c1-4-13-25(14-5-1)17-18-8-6-9-19(16-18)26-15-7-12-23-22-24-20-10-2-3-11-21(20)27-22/h2-3,6,8-11,16H,1,4-5,7,12-15,17H2,(H,23,24)",15406,C(CNc1nc2ccccc2s1)COc3cccc(CN4CCCCC4)c3,NA
Input,Bifemelane,-0.28485218,InputSig,NA,NA,LINCSCP_192203,A549,10uM,24h,lung,Acetylcholine release stimulant,MAOA|MAOB,QSQQPMHPCBLLGX-UHFFFAOYSA-N,"InChI=1S/C18H23NO/c1-19-13-7-8-14-20-18-12-6-5-11-17(18)15-16-9-3-2-4-10-16/h2-6,9-12,19H,7-8,13-15H2,1H3",2828,CNCCCCOc1ccccc1Cc2ccccc2,NA
Input,4-Hydroxytamoxifen,-0.2845295,InputSig,NA,NA,LINCSCP_15025,HA1E,10uM,24h,kidney epithelial,Estrogen receptor antagonist|Selective estrogen receptor modulator (SERM),ESR1|ESR2,TXUZVZSFRXZGTL-QPLCGJKRSA-N,"InChI=1S/C26H29NO2/c1-4-25(20-8-6-5-7-9-20)26(21-10-14-23(28)15-11-21)22-12-16-24(17-13-22)29-19-18-27(2)3/h5-17,28H,4,18-19H2,1-3H3/b26-25-",17509,CC\C(=C(/c1ccc(O)cc1)\c2ccc(OCCN(C)C)cc2)\c3ccccc3,NA
Input,U0126,-0.28439178,InputSig,NA,NA,LINCSCP_7713,A549,10uM,6h,lung,NA,NA,DVEXZJFMOKTQEZ-UHFFFAOYSA-N,"InChI=1S/C18H16N6S2/c19-9-11(17(23)25-15-7-3-1-5-13(15)21)12(10-20)18(24)26-16-8-4-2-6-14(16)22/h1-8H,21-24H2",22138,NC(=C(C#N)C(=C(N)Sc1ccccc1N)C#N)Sc2ccccc2N,NA
Input,W13,-0.28395936,InputSig,NA,NA,LINCSCP_14261,HA1E,10uM,6h,kidney epithelial,Calmodulin antagonist,CALM1|MYLK|PDE1A,JJQKICOADUKSNS-UHFFFAOYSA-N,"InChI=1S/C14H17ClN2O2S/c15-14-5-3-4-11-10-12(6-7-13(11)14)20(18,19)17-9-2-1-8-16/h3-7,10,17H,1-2,8-9,16H2",35776,NCCCCNS(=O)(=O)c1ccc2c(Cl)cccc2c1,NA
Input,"L 741,742",-0.28375367,InputSig,NA,NA,LINCSCP_284,A375,10uM,24h,skin,Dopamine receptor antagonist,DRD4,QDMAKDIDFJTXEL-UHFFFAOYSA-N,"InChI=1S/C23H25ClN2O/c1-17-22(25-27-23(17)20-7-9-21(24)10-8-20)19-12-15-26(16-13-19)14-11-18-5-3-2-4-6-18/h2-10,19H,11-16H2,1H3",35539,Cc1c(onc1C2CCN(CCc3ccccc3)CC2)c4ccc(Cl)cc4,NA
Input,Triacsin C,-0.28361679,InputSig,NA,NA,LINCSCP_291658,VCAP,10uM,24h,prostate,Adrenergic receptor antagonist,ACSL1,NKTGCVUIESDXPU-YLEPRARLSA-N,"InChI=1S/C11H17N3O/c1-2-3-4-5-6-7-8-9-10-11-12-13-14-15/h4-5,7-11H,2-3,6H2,1H3,(H,13,15)/b5-4+,8-7+,10-9+,12-11+",22965,CCC/C=C/C/C=C/C=C/C=N/NN=O,NA
Input,BRD-K84702181,-0.28349602,InputSig,NA,NA,LINCSCP_61086,VCAP,5uM,24h,prostate,NA,NA,QTXSGNVPDCTZEW-GUXCAODWSA-N,"InChI=1S/C22H34F3N3O5S/c1-6-34(30,31)26-17-7-8-19-18(11-17)21(29)27(4)13-20(32-5)15(2)12-28(16(3)14-33-19)10-9-22(23,24)25/h7-8,11,15-16,20,26H,6,9-10,12-14H2,1-5H3/t15-,16+,20+/m1/s1",25044,CCS(=O)(=O)Nc1ccc2OC[C@H](C)N(CCC(F)(F)F)C[C@@H](C)[C@H](CN(C)C(=O)c2c1)OC,NA
Input,BRD-K08121566,-0.28348716,InputSig,NA,NA,LINCSCP_309976,VCAP,10uM,24h,prostate,NA,NA,FFQVOCVWRNAJCW-LNIFMVABSA-N,"InChI=1S/C31H33N3O6/c1-19-14-34(20(2)17-35)31(36)24-11-23(27-12-22-6-4-5-7-25(22)39-27)13-32-30(24)40-29(19)16-33(3)15-21-8-9-26-28(10-21)38-18-37-26/h4-13,19-20,29,35H,14-18H2,1-3H3/t19-,20+,29-/m0/s1",31901,C[C@H](CO)N1C[C@H](C)[C@H](CN(C)Cc2ccc3OCOc3c2)Oc4ncc(cc4C1=O)c5oc6ccccc6c5,NA
Input,Troglitazone,-0.28346717,InputSig,NA,NA,LINCSCP_68817,VCAP,10uM,24h,prostate,Peroxisome proliferator-activated receptor gamma agonist,PPARG,GXPHKUHSUJUWKP-UHFFFAOYSA-N,"InChI=1S/C24H27NO5S/c1-13-14(2)21-18(15(3)20(13)26)9-10-24(4,30-21)12-29-17-7-5-16(6-8-17)11-19-22(27)25-23(28)31-19/h5-8,19,26H,9-12H2,1-4H3,(H,25,27,28)",16202,Cc1c(C)c2OC(C)(COc3ccc(CC4SC(=O)NC4=O)cc3)CCc2c(C)c1O,4
Input,BRD-A24396574-001-01-5,-0.28343775,InputSig,NA,NA,LINCSCP_36848,MCF7,0.5uM,6h,breast,Anti-inflammatory agent|Antioxidant|HSP inhibitor|NFkB pathway inhibitor|Topoisomerase inhibitor,NA,AQKDBFWJOPNOKZ-TWPXQOCQSA-N,"InChI=1S/C29H38O4/c1-17-18-7-8-21-27(4,19(18)15-20(30)23(17)31)12-14-29(6)22-16-26(3,24(32)33)10-9-25(22,2)11-13-28(21,29)5/h7-8,15,17,22H,9-14,16H2,1-6H3,(H,32,33)/t17?,22-,25-,26-,27+,28-,29?/m1/s1",1467,CC1C(=O)C(=O)C=C2C1=CC=C3[C@@]2(C)CCC4(C)[C@@H]5C[C@@](C)(CC[C@]5(C)CC[C@]34C)C(=O)O,NA
Input,MLS003568130,-0.28342669,InputSig,NA,NA,LINCSCP_1384,A375,10uM,24h,skin,NA,NA,ACESCAOJCUGDGU-UHFFFAOYSA-N,"InChI=1S/C22H18N6/c23-21-25-18-12-6-7-13-19(18)28(21)22-26-17-11-5-4-10-16(17)20(27-22)24-14-15-8-2-1-3-9-15/h1-13H,14H2,(H2,23,25)(H,24,26,27)",22608,Nc1nc2ccccc2n1c3nc(NCc4ccccc4)c5ccccc5n3,NA
Input,Fedratinib,-0.28324923,InputSig,NA,NA,LINCSCP_81250,A549,10uM,24h,lung,FLT3 inhibitor|JAK inhibitor,FLT3|JAK2,JOOXLOJCABQBSG-UHFFFAOYSA-N,"InChI=1S/C27H36N6O3S/c1-20-19-28-26(30-21-10-12-23(13-11-21)36-17-16-33-14-5-6-15-33)31-25(20)29-22-8-7-9-24(18-22)37(34,35)32-27(2,3)4/h7-13,18-19,32H,5-6,14-17H2,1-4H3,(H2,28,29,30,31)",37823,Cc1cnc(Nc2ccc(OCCN3CCCC3)cc2)nc1Nc4cccc(c4)S(=O)(=O)NC(C)(C)C,3
Input,Caffeic Acid Phenethyl Ester,-0.28318638,InputSig,NA,NA,LINCSCP_23751,HEPG2,5uM,6h,liver,HIV integrase inhibitor|NFkB pathway inhibitor,NA,SWUARLUWKZWEBQ-VQHVLOKHSA-N,"InChI=1S/C17H16O4/c18-15-8-6-14(12-16(15)19)7-9-17(20)21-11-10-13-4-2-1-3-5-13/h1-9,12,18-19H,10-11H2/b9-7+",22186,Oc1ccc(\C=C\C(=O)OCCc2ccccc2)cc1O,NA
Input,Genistein,-0.28315545,InputSig,NA,NA,LINCSCP_13188,FIBRNPC,10uM,24h,NA,Tyrosine kinase inhibitor,CFTR|ESR2,TZBJGXHYKVUXJN-UHFFFAOYSA-N,"InChI=1S/C15H10O5/c16-9-3-1-8(2-4-9)11-7-20-13-6-10(17)5-12(18)14(13)15(11)19/h1-7,16-18H",38243,Oc1ccc(cc1)C2=COc3cc(O)cc(O)c3C2=O,NA
Input,Pitavastatin Calcium,-0.28307652,InputSig,NA,NA,LINCSCP_125478,HT29,1.11uM,24h,large intestine,HMG-CoA reductase inhibitor,HMGCR,VGYFMXBACGZSIL-MCBHFWOFSA-N,"InChI=1S/C25H24FNO4/c26-17-9-7-15(8-10-17)24-20-3-1-2-4-22(20)27-25(16-5-6-16)21(24)12-11-18(28)13-19(29)14-23(30)31/h1-4,7-12,16,18-19,28-29H,5-6,13-14H2,(H,30,31)/b12-11+/t18-,19-/m1/s1",27006,O[C@H](C[C@H](O)\C=C\c1c(nc2ccccc2c1c3ccc(F)cc3)C4CC4)CC(=O)O,4
Input,BRD-K13559922,-0.28303918,InputSig,NA,NA,LINCSCP_3674,A375,10uM,24h,skin,NA,NA,UVSCGJDGVAXROK-FCSDHKMCSA-N,"InChI=1S/C37H55N3O6/c1-26-22-40(27(2)25-41)37(43)33-21-31(38-36(42)30-12-7-6-8-13-30)16-19-34(33)46-28(3)11-9-10-20-45-35(26)24-39(4)23-29-14-17-32(44-5)18-15-29/h14-19,21,26-28,30,35,41H,6-13,20,22-25H2,1-5H3,(H,38,42)/t26-,27-,28-,35-/m1/s1",32018,COc1ccc(CN(C)C[C@H]2OCCCC[C@@H](C)Oc3ccc(NC(=O)C4CCCCC4)cc3C(=O)N(C[C@H]2C)[C@H](C)CO)cc1,NA
Input,Homochlorcyclizine,-0.28295614,InputSig,NA,NA,LINCSCP_167582,YAPC,10uM,24h,pancreas,Antihistamine,HRH1,WEUCDJCFJHYFRL-UHFFFAOYSA-N,"InChI=1S/C19H23ClN2/c1-21-12-5-13-22(15-14-21)19(16-6-3-2-4-7-16)17-8-10-18(20)11-9-17/h2-4,6-11,19H,5,12-15H2,1H3",9448,CN1CCCN(CC1)C(c2ccccc2)c3ccc(Cl)cc3,NA
Input,BRD-K42543304,-0.28173305,InputSig,NA,NA,LINCSCP_272273,PC3,10uM,6h,prostate,NA,NA,LCGKYSOTAAWDQI-LIHQSLCGSA-N,"InChI=1S/C36H52N4O6/c1-25-22-40(26(2)24-41)35(43)31-21-30(37-34(42)28-14-7-5-8-15-28)18-19-32(31)46-27(3)13-11-12-20-45-33(25)23-39(4)36(44)38-29-16-9-6-10-17-29/h6,9-10,16-19,21,25-28,33,41H,5,7-8,11-15,20,22-24H2,1-4H3,(H,37,42)(H,38,44)/t25-,26+,27-,33+/m0/s1",23384,C[C@H](CO)N1C[C@H](C)[C@@H](CN(C)C(=O)Nc2ccccc2)OCCCC[C@H](C)Oc3ccc(NC(=O)C4CCCCC4)cc3C1=O,NA
Input,"(8Xi,11beta,14xi,16beta)-21-Chloro-9-fluoro-11-hydroxy-16-methyl-3,20-dioxopregna-1,4-dien-17-yl propanoate",-0.28110378,InputSig,NA,NA,LINCSCP_117994,HT29,3.33uM,24h,large intestine,Glucocorticoid receptor agonist,NR3C1,CBGUOGMQLZIXBE-BHPVMOEKSA-N,"InChI=1S/C25H32ClFO5/c1-5-21(31)32-25(20(30)13-26)14(2)10-18-17-7-6-15-11-16(28)8-9-22(15,3)24(17,27)19(29)12-23(18,25)4/h8-9,11,14,17-19,29H,5-7,10,12-13H2,1-4H3/t14-,17?,18?,19-,22-,23-,24-,25-/m0/s1",22378,CCC(=O)O[C@@]1([C@@H](C)CC2C3CCC4=CC(=O)C=C[C@]4(C)[C@@]3(F)[C@@H](O)C[C@]12C)C(=O)CCl,NA
Input,BRD-K39597586,-0.28071871,InputSig,NA,NA,LINCSCP_277892,PC3,10uM,24h,prostate,NA,NA,VTMUWCMJICVSQX-ZQLNOWDWSA-N,"InChI=1S/C31H36N2O5/c1-21-15-33(22(2)18-34)31(35)27-11-7-6-10-26(27)25-9-5-4-8-24(25)19-36-30(21)17-32(3)16-23-12-13-28-29(14-23)38-20-37-28/h4-14,21-22,30,34H,15-20H2,1-3H3/t21-,22+,30-/m0/s1",24581,C[C@H](CO)N1C[C@H](C)[C@H](CN(C)Cc2ccc3OCOc3c2)OCc4ccccc4c5ccccc5C1=O,NA
Input,Cytochalasin B,-0.28068114,InputSig,NA,NA,LINCSCP_29128,JHUEM2,10uM,6h,endometrium,Microtubule inhibitor,ACTB,GBOGMAARMMDZGR-FFXRSMCQSA-N,"InChI=1S/C29H37NO5/c1-18-9-7-13-22(31)15-16-25(32)35-29-23(14-8-10-18)27(33)20(3)19(2)26(29)24(30-28(29)34)17-21-11-5-4-6-12-21/h4-6,8,11-12,14-16,18-19,22-24,26-27,31,33H,3,7,9-10,13,17H2,1-2H3,(H,30,34)/b14-8+,16-15-/t18-,19-,22-,23+,24+,26+,27-,29-/m1/s1",27318,C[C@@H]1CCC[C@@H](O)\C=C/C(=O)O[C@]23[C@@H](\C=C\C1)[C@H](O)C(=C)[C@@H](C)[C@H]2[C@H](Cc4ccccc4)NC3=O,NA
Input,Cytochalasin B,-0.28068114,InputSig,NA,NA,LINCSCP_29128,JHUEM2,10uM,6h,endometrium,Microtubule inhibitor,ACTB,GBOGMAARMMDZGR-TYHYBEHESA-N,"InChI=1S/C29H37NO5/c1-18-9-7-13-22(31)15-16-25(32)35-29-23(14-8-10-18)27(33)20(3)19(2)26(29)24(30-28(29)34)17-21-11-5-4-6-12-21/h4-6,8,11-12,14-16,18-19,22-24,26-27,31,33H,3,7,9-10,13,17H2,1-2H3,(H,30,34)/b14-8+,16-15+/t18-,19-,22-,23+,24+,26+,27-,29-/m1/s1",24524,C[C@@H]1CCC[C@@H](O)\C=C\C(=O)O[C@]23[C@@H](\C=C\C1)[C@H](O)C(=C)[C@@H](C)[C@H]2[C@H](Cc4ccccc4)NC3=O,NA
Input,GSK-1070916,-0.28056468,InputSig,NA,NA,LINCSCP_26640,HT29,10uM,6h,large intestine,Aurora kinase inhibitor,AURKB|AURKC,QTBWCSQGBMPECM-UHFFFAOYSA-N,"InChI=1S/C30H33N7O/c1-6-37-19-26(28(34-37)21-10-12-23(13-11-21)32-30(38)36(4)5)24-14-15-31-29-25(24)17-27(33-29)22-9-7-8-20(16-22)18-35(2)3/h7-17,19H,6,18H2,1-5H3,(H,31,33)(H,32,38)",37785,CCn1cc(c2ccnc3[nH]c(cc23)c4cccc(CN(C)C)c4)c(n1)c5ccc(NC(=O)N(C)C)cc5,1
Input,CHEMBL1673039,-0.28054103,InputSig,NA,NA,LINCSCP_235321,MCF10A,1uM,24h,breast epithelial,Leucine rich repeat kinase inhibitor|MAP kinase inhibitor,LRRK2|MAPK7,DDTPGANIPBKTNU-UHFFFAOYSA-N,"InChI=1S/C25H29N7O2/c1-29-11-13-32(14-12-29)17-9-10-19(22(15-17)34-4)27-25-26-16-21-23(28-25)30(2)20-8-6-5-7-18(20)24(33)31(21)3/h5-10,15-16H,11-14H2,1-4H3,(H,26,27,28)",15131,COc1cc(ccc1Nc2ncc3N(C)C(=O)c4ccccc4N(C)c3n2)N5CCN(C)CC5,NA
Input,BRD-K93330237,-0.28046142,InputSig,NA,NA,LINCSCP_27627,HT29,5uM,24h,large intestine,NA,NA,IKYPBPDRSBKALY-OASJLCFRSA-N,"InChI=1S/C29H30N2O7/c32-17-27-24(31-29(34)20-8-13-25-26(14-20)36-18-35-25)12-11-23(38-27)15-28(33)30-16-19-6-9-22(10-7-19)37-21-4-2-1-3-5-21/h1-10,13-14,23-24,27,32H,11-12,15-18H2,(H,30,33)(H,31,34)/t23-,24-,27+/m1/s1",4704,OC[C@@H]1O[C@@H](CC(=O)NCc2ccc(Oc3ccccc3)cc2)CC[C@H]1NC(=O)c4ccc5OCOc5c4,NA
Input,ML9,-0.28045369,InputSig,NA,NA,LINCSCP_4406,A549,10uM,6h,lung,Myosin light chain kinase inhibitor,NA,OZSMSRIUUDGTEP-UHFFFAOYSA-N,"InChI=1S/C15H17ClN2O2S/c16-14-6-1-5-13-12(14)4-2-7-15(13)21(19,20)18-10-3-8-17-9-11-18/h1-2,4-7,17H,3,8-11H2",15845,Clc1cccc2c(cccc12)S(=O)(=O)N3CCCNCC3,NA
Input,Rosuvastatin,-0.27995362,InputSig,NA,NA,LINCSCP_125272,HT29,10uM,24h,large intestine,HMGCR inhibitor,HMGCR,BPRHUIZQVSMCRT-VEUZHWNKSA-N,"InChI=1S/C22H28FN3O6S/c1-13(2)20-18(10-9-16(27)11-17(28)12-19(29)30)21(14-5-7-15(23)8-6-14)25-22(24-20)26(3)33(4,31)32/h5-10,13,16-17,27-28H,11-12H2,1-4H3,(H,29,30)/b10-9+/t16-,17-/m1/s1",37929,CC(C)c1nc(nc(c2ccc(F)cc2)c1\C=C\[C@@H](O)C[C@@H](O)CC(=O)O)N(C)S(=O)(=O)C,4
Input,MLS003448143,-0.27971077,InputSig,NA,NA,LINCSCP_26065,HT29,10uM,6h,large intestine,NA,NA,MCPPKRZJCSECPI-UHFFFAOYSA-N,"InChI=1S/C24H30N4O2/c1-18(2)15-24(30,16-19(3)4)22-17-27(26-25-22)23(29)28(20-11-7-5-8-12-20)21-13-9-6-10-14-21/h5-14,17-19,30H,15-16H2,1-4H3",615,CC(C)CC(O)(CC(C)C)c1cn(nn1)C(=O)N(c2ccccc2)c3ccccc3,NA
Input,BRD-K78122632,-0.27944104,InputSig,NA,NA,LINCSCP_61649,VCAP,5uM,24h,prostate,NA,NA,GTRXSASKUSVSHJ-IHMCZWCLSA-N,"InChI=1S/C30H36N2O6S/c1-21-17-32(22(2)19-33)30(34)28-15-8-7-14-27(28)26-13-6-5-10-23(26)20-38-29(21)18-31(3)39(35,36)25-12-9-11-24(16-25)37-4/h5-16,21-22,29,33H,17-20H2,1-4H3/t21-,22-,29+/m0/s1",6282,COc1cccc(c1)S(=O)(=O)N(C)C[C@H]2OCc3ccccc3c4ccccc4C(=O)N(C[C@@H]2C)[C@@H](C)CO,NA
Input,Amylocaine,-0.27929572,InputSig,NA,NA,LINCSCP_56610,VCAP,10uM,24h,prostate,Local anesthetic,NA,FDMBBCOBEAVDAO-UHFFFAOYSA-N,"InChI=1S/C14H21NO2/c1-5-14(2,11-15(3)4)17-13(16)12-9-7-6-8-10-12/h6-10H,5,11H2,1-4H3",35318,CCC(C)(CN(C)C)OC(=O)c1ccccc1,NA
Input,EVP-6124 (hydrochloride),-0.27928643,InputSig,NA,NA,LINCSCP_174473,YAPC,10uM,24h,pancreas,Neuronal acetylcholine receptor protein alpha-7 subunit partial agonist,CHRFAM7A|CHRNA7,SSRDSYXGYPJKRR-ZDUSSCGKSA-N,"InChI=1S/C16H17ClN2OS/c17-12-3-1-2-11-8-14(21-15(11)12)16(20)18-13-9-19-6-4-10(13)5-7-19/h1-3,8,10,13H,4-7,9H2,(H,18,20)/t13-/m0/s1",26738,Clc1cccc2cc(sc12)C(=O)N[C@H]3CN4CCC3CC4,3
Input,Varlitinib,-0.27922582,InputSig,NA,NA,LINCSCP_158523,PC3,10uM,24h,prostate,Epidermal growth factor receptor erbB1 inhibitor|Receptor protein-tyrosine kinase erbB-2 inhibitor,EGFR|ERBB2,UWXSAYUXVSFDBQ-CYBMUJFWSA-N,"InChI=1S/C22H19ClN6O2S/c1-13-10-31-22(27-13)29-14-2-4-18-16(8-14)21(26-12-25-18)28-15-3-5-19(17(23)9-15)30-11-20-24-6-7-32-20/h2-9,12-13H,10-11H2,1H3,(H,27,29)(H,25,26,28)/t13-/m1/s1",26603,C[C@@H]1COC(=N1)Nc2ccc3ncnc(Nc4ccc(OCc5nccs5)c(Cl)c4)c3c2,2
Input,AC1O9I2Y,-0.27846665,InputSig,NA,NA,LINCSCP_46636,PC3,10uM,6h,prostate,NA,NA,UEOBAWISWUMQRS-ZIOZGJSESA-N,"InChI=1S/C48H40N4O9S/c1-59-26-27-60-47(58)51-36-24-19-29(12-10-11-25-53)28-34(36)48(45(51)57)38(43(55)50-46-49-35-17-8-9-18-37(35)62-46)40-44(56)61-41(31-15-6-3-7-16-31)39(30-13-4-2-5-14-30)52(40)42(48)32-20-22-33(54)23-21-32/h2-9,13-24,28,38-42,53-54H,11,25-27H2,1H3,(H,49,50,55)/t38-,39-,40-,41+,42+,48-/m0/s1",199,COCCOC(=O)N1C(=O)[C@]2([C@@H]([C@@H]3N([C@H]([C@H](OC3=O)c4ccccc4)c5ccccc5)[C@@H]2c6ccc(O)cc6)C(=O)Nc7nc8ccccc8s7)c9cc(ccc19)C#CCCO,NA
Input,SPBIO_000926,-0.27826831,InputSig,NA,NA,LINCSCP_55987,VCAP,10uM,24h,prostate,Lipoxygenase inhibitor,NA,IGTAVCGEZLIHKG-UHFFFAOYSA-N,"InChI=1S/C19H18O8/c1-8-5-13(26-4)11(7-20)17(22)14(8)19(25)27-12-6-9(2)16(21)15(10(12)3)18(23)24/h5-7,21-22H,1-4H3,(H,23,24)",4096,COc1cc(C)c(C(=O)Oc2cc(C)c(O)c(C(=O)O)c2C)c(O)c1C=O,NA
Input,Olaparib,-0.27748818,InputSig,NA,NA,LINCSCP_112958,HEPG2,1.11uM,24h,liver,PARP inhibitor,PARP1|PARP2|PARP3,FDLYAMZZIXQODN-UHFFFAOYSA-N,"InChI=1S/C24H23FN4O3/c25-20-8-5-15(14-21-17-3-1-2-4-18(17)22(30)27-26-21)13-19(20)24(32)29-11-9-28(10-12-29)23(31)16-6-7-16/h1-5,8,13,16H,6-7,9-12,14H2,(H,27,30)",37827,Fc1ccc(CC2=NNC(=O)c3ccccc23)cc1C(=O)N4CCN(CC4)C(=O)C5CC5,4
Input,BRD-K64523453,-0.2772998,InputSig,NA,NA,LINCSCP_41062,NEU,10uM,24h,NA,NA,NA,JBTWBXKZNZMQHX-YGIZDMHFSA-N,"InChI=1S/C35H46N4O5/c1-25-21-39(26(2)24-40)35(42)31-20-28(36-34(41)12-9-19-37(3)4)15-18-32(31)44-33(25)23-38(5)22-27-13-16-30(17-14-27)43-29-10-7-6-8-11-29/h6-8,10-11,13-18,20,25-26,33,40H,9,12,19,21-24H2,1-5H3,(H,36,41)/t25-,26-,33-/m0/s1",33330,C[C@@H](CO)N1C[C@H](C)[C@H](CN(C)Cc2ccc(Oc3ccccc3)cc2)Oc4ccc(NC(=O)CCCN(C)C)cc4C1=O,NA
Input,BRD-K98004941,-0.27689648,InputSig,NA,NA,LINCSCP_26455,HT29,10uM,6h,large intestine,NA,NA,RGDWZLATWUCGFS-GLBCCIBASA-N,"InChI=1S/C37H52F3N3O5/c1-25-21-43(26(2)24-44)36(46)32-20-31(41-35(45)29-11-6-5-7-12-29)17-18-33(32)48-27(3)10-8-9-19-47-34(25)23-42(4)22-28-13-15-30(16-14-28)37(38,39)40/h13-18,20,25-27,29,34,44H,5-12,19,21-24H2,1-4H3,(H,41,45)/t25-,26+,27+,34+/m0/s1",14073,C[C@H](CO)N1C[C@H](C)[C@@H](CN(C)Cc2ccc(cc2)C(F)(F)F)OCCCC[C@@H](C)Oc3ccc(NC(=O)C4CCCCC4)cc3C1=O,NA
Input,BRD-K06816133,-0.27686714,InputSig,NA,NA,LINCSCP_48486,PC3,10uM,24h,prostate,NA,NA,OYGJGQMEHJXORO-KCHLEUMXSA-N,"InChI=1S/C28H34N2O3S/c31-21-27-28(24-16-14-23(15-17-24)13-12-22-8-4-5-9-22)26-20-29(18-6-7-19-30(26)27)34(32,33)25-10-2-1-3-11-25/h1-3,10-11,14-17,22,26-28,31H,4-9,18-21H2/t26-,27-,28-/m0/s1",11762,OC[C@H]1[C@H]([C@@H]2CN(CCCCN12)S(=O)(=O)c3ccccc3)c4ccc(cc4)C#CC5CCCC5,NA
Input,Patupilone,-0.27658557,InputSig,NA,NA,LINCSCP_32051,MCF7,10uM,6h,breast,Microtubule inhibitor,TUBB,QXRSDHAAWVKZLJ-PVYNADRNSA-N,"InChI=1S/C27H41NO6S/c1-15-9-8-10-27(7)22(34-27)12-20(16(2)11-19-14-35-18(4)28-19)33-23(30)13-21(29)26(5,6)25(32)17(3)24(15)31/h11,14-15,17,20-22,24,29,31H,8-10,12-13H2,1-7H3/b16-11+/t15-,17+,20-,21-,22-,24-,27+/m0/s1",17680,C[C@H]1CCC[C@@]2(C)O[C@H]2C[C@H](OC(=O)C[C@H](O)C(C)(C)C(=O)[C@H](C)[C@H]1O)\C(=C\c3csc(C)n3)\C,3
Input,BRD-K63423329,-0.27650819,InputSig,NA,NA,LINCSCP_3722,A375,10uM,24h,skin,NA,NA,ORVIWTYNJHNTDZ-CIQFPYSWSA-N,"InChI=1S/C29H33N3O/c33-22-28-29(26-14-12-24(13-15-26)11-10-23-7-2-1-3-8-23)27-21-31(17-4-5-18-32(27)28)20-25-9-6-16-30-19-25/h1-3,6-16,19,27-29,33H,4-5,17-18,20-22H2/b11-10+/t27-,28+,29+/m1/s1",2353,OC[C@H]1[C@H]([C@H]2CN(Cc3cccnc3)CCCCN12)c4ccc(\C=C\c5ccccc5)cc4,NA
Input,Risperidone,-0.27634629,InputSig,NA,NA,LINCSCP_211219,HA1E,10uM,6h,kidney epithelial,Dopamine receptor antagonist|Serotonin receptor antagonist,ADRA1A|ADRA1B|DRD2|DRD3|DRD4|HRH1|HTR1A|HTR1D|HTR2A|HTR2C,RAPZEAPATHNIPO-UHFFFAOYSA-N,"InChI=1S/C23H27FN4O2/c1-15-18(23(29)28-10-3-2-4-21(28)25-15)9-13-27-11-7-16(8-12-27)22-19-6-5-17(24)14-20(19)30-26-22/h5-6,14,16H,2-4,7-13H2,1H3",15728,CC1=C(CCN2CCC(CC2)c3noc4cc(F)ccc34)C(=O)N5CCCCC5=N1,4
Input,BRD-K54211867,-0.27598666,InputSig,NA,NA,LINCSCP_48414,PC3,5uM,24h,prostate,NA,NA,RYKGWQYDSBDOQK-SOTXCSMQSA-N,"InChI=1S/C25H23FN2O2S/c26-21-12-14-22(15-13-21)31(29,30)28-16-23-25(24(17-28)27-23)20-10-8-19(9-11-20)7-6-18-4-2-1-3-5-18/h1-15,23-25,27H,16-17H2/b7-6+/t23-,24+,25+",27331,Fc1ccc(cc1)S(=O)(=O)N2C[C@@H]3N[C@H](C2)[C@@H]3c4ccc(\C=C\c5ccccc5)cc4,NA
Input,L-733060,-0.2759842,InputSig,NA,NA,LINCSCP_55640,VCAP,10uM,24h,prostate,Tachykinin antagonist,TACR1,FCDRFVCGMLUYPG-ROUUACIJSA-N,"InChI=1S/C20H19F6NO/c21-19(22,23)15-9-13(10-16(11-15)20(24,25)26)12-28-17-7-4-8-27-18(17)14-5-2-1-3-6-14/h1-3,5-6,9-11,17-18,27H,4,7-8,12H2/t17-,18-/m0/s1",15447,FC(F)(F)c1cc(CO[C@H]2CCCN[C@H]2c3ccccc3)cc(c1)C(F)(F)F,NA
Input,VU0418000-1,-0.27584577,InputSig,NA,NA,LINCSCP_57731,VCAP,10uM,6h,prostate,NA,NA,ATYKJUSZXWAJQY-UHFFFAOYSA-N,"InChI=1S/C28H33NO2/c1-23-13-15-27(16-14-23)31-22-8-19-29-20-17-26(18-21-29)28(30,24-9-4-2-5-10-24)25-11-6-3-7-12-25/h2-7,9-16,26,30H,8,17-22H2,1H3",36195,Cc1ccc(OCCCN2CCC(CC2)C(O)(c3ccccc3)c4ccccc4)cc1,NA
Input,CHEMBL2355585,-0.27548582,InputSig,NA,NA,LINCSCP_8733,A549,5uM,24h,lung,NA,NA,IJAJYIACEINGRL-KMDXXIMOSA-N,"InChI=1S/C24H22ClFN2O3S/c25-20-7-3-1-5-16(20)13-27-22-14-28(32(30,31)18-11-9-17(26)10-12-18)21-8-4-2-6-19(21)24(22)23(27)15-29/h1-12,22-24,29H,13-15H2/t22-,23-,24+/m0/s1",40137,OC[C@H]1[C@H]2[C@H](CN(c3ccccc23)S(=O)(=O)c4ccc(F)cc4)N1Cc5ccccc5Cl,NA
Input,BRD-K16980601,-0.27429302,InputSig,NA,NA,LINCSCP_63209,VCAP,5uM,24h,prostate,NA,NA,CEZHWMAQWNYMAY-GEWUYGHSSA-N,"InChI=1S/C30H36FN3O5/c1-34-25-13-12-22(16-28(35)32-17-20-9-5-6-10-24(20)31)39-27(25)18-38-26-14-11-21(15-23(26)30(34)37)33-29(36)19-7-3-2-4-8-19/h5-6,9-11,14-15,19,22,25,27H,2-4,7-8,12-13,16-18H2,1H3,(H,32,35)(H,33,36)/t22-,25+,27+/m0/s1",2092,CN1[C@@H]2CC[C@@H](CC(=O)NCc3ccccc3F)O[C@@H]2COc4ccc(NC(=O)C5CCCCC5)cc4C1=O,NA
Input,BRD-K07105437,-0.27417071,InputSig,NA,NA,LINCSCP_8693,A549,5uM,24h,lung,NA,NA,CJRLOTNMWBMMLN-PMWMKWCKSA-N,"InChI=1S/C29H38N4O6S/c1-32-24-7-6-21(17-27(34)30-9-3-10-33-11-13-37-14-12-33)39-26(24)19-38-25-8-5-20(16-23(25)29(32)36)31-28(35)18-22-4-2-15-40-22/h2,4-5,8,15-16,21,24,26H,3,6-7,9-14,17-19H2,1H3,(H,30,34)(H,31,35)/t21-,24-,26+/m0/s1",13620,CN1[C@H]2CC[C@@H](CC(=O)NCCCN3CCOCC3)O[C@@H]2COc4ccc(NC(=O)Cc5cccs5)cc4C1=O,NA
Input,Selumetinib,-0.27400893,InputSig,NA,NA,LINCSCP_11986,BT20,10uM,6h,breast,MEK inhibitor,MAP2K1|MAP2K2,CYOHGALHFOKKQC-UHFFFAOYSA-N,"InChI=1S/C17H15BrClFN4O3/c1-24-8-21-16-13(24)7-10(17(26)23-27-5-4-25)15(14(16)20)22-12-3-2-9(18)6-11(12)19/h2-3,6-8,22,25H,4-5H2,1H3,(H,23,26)",37781,Cn1cnc2c(F)c(Nc3ccc(Br)cc3Cl)c(cc12)C(=O)NOCCO,3
Input,CHEMBL2361021,-0.2737786,InputSig,NA,NA,LINCSCP_3690,A375,10uM,24h,skin,NA,NA,CBAAPWVHONFTKW-TWQFHJJKSA-N,"InChI=1S/C35H47F3N4O7S/c1-22-18-42(23(2)21-43)34(44)30-17-29(40-50(45,46)33-25(4)39-49-26(33)5)14-15-31(30)48-24(3)9-7-8-16-47-32(22)20-41(6)19-27-10-12-28(13-11-27)35(36,37)38/h10-15,17,22-24,32,40,43H,7-9,16,18-21H2,1-6H3/t22-,23-,24-,32-/m0/s1",40104,C[C@@H](CO)N1C[C@H](C)[C@H](CN(C)Cc2ccc(cc2)C(F)(F)F)OCCCC[C@H](C)Oc3ccc(NS(=O)(=O)c4c(C)onc4C)cc3C1=O,NA
Input,SA-84512,-0.27341625,InputSig,NA,NA,LINCSCP_23178,HEPG2,10uM,6h,liver,NA,NA,JVQYZDSRPVTFBX-VCEFOFBQSA-N,"InChI=1S/C35H40N4O6/c1-22-16-39(23(2)20-40)35(42)28-15-26(36-34(41)14-25-18-38(4)29-8-6-5-7-27(25)29)10-12-30(28)45-33(22)19-37(3)17-24-9-11-31-32(13-24)44-21-43-31/h5-13,15,18,22-23,33,40H,14,16-17,19-21H2,1-4H3,(H,36,41)/t22-,23+,33+/m0/s1",12461,C[C@H](CO)N1C[C@H](C)[C@@H](CN(C)Cc2ccc3OCOc3c2)Oc4ccc(NC(=O)Cc5cn(C)c6ccccc56)cc4C1=O,NA
Input,BRD-K76512739,-0.27337453,InputSig,NA,NA,LINCSCP_310179,VCAP,10uM,6h,prostate,NA,NA,UFFXBMXALLVAPW-CEMVDLCSSA-N,"InChI=1S/C35H50FN3O7S/c1-24-21-39(25(2)23-40)35(42)31-20-29(37-34(41)27-11-6-5-7-12-27)15-18-32(31)46-26(3)10-8-9-19-45-33(24)22-38(4)47(43,44)30-16-13-28(36)14-17-30/h13-18,20,24-27,33,40H,5-12,19,21-23H2,1-4H3,(H,37,41)/t24-,25+,26-,33-/m0/s1",13529,C[C@H](CO)N1C[C@H](C)[C@H](CN(C)S(=O)(=O)c2ccc(F)cc2)OCCCC[C@H](C)Oc3ccc(NC(=O)C4CCCCC4)cc3C1=O,NA
Input,BRD-K22836524,-0.27337282,InputSig,NA,NA,LINCSCP_65940,VCAP,10uM,24h,prostate,NA,NA,DAFHQSDERJEGLI-SANMLTNESA-N,"InChI=1S/C29H37N3O2/c1-30-25-16-23(34-2)10-11-24(25)27-28(30)26(19-33)32(18-21-6-4-3-5-7-21)20-29(27)12-14-31(15-13-29)17-22-8-9-22/h3-7,10-11,16,22,26,33H,8-9,12-15,17-20H2,1-2H3/t26-/m0/s1",12157,COc1ccc2c3c([C@H](CO)N(Cc4ccccc4)CC35CCN(CC6CC6)CC5)n(C)c2c1,NA
Input,BRD-K49098390,-0.27336774,InputSig,NA,NA,LINCSCP_48980,PC3,10uM,24h,prostate,NA,NA,NGSVTCXVDNQXPV-IMWIBFENSA-N,"InChI=1S/C25H32N2O5S/c1-18-15-27(19(2)17-28)33(29,30)25-12-11-21(14-23(25)32-24(18)16-26(3)4)10-9-20-7-6-8-22(13-20)31-5/h6-8,11-14,18-19,24,28H,15-17H2,1-5H3/t18-,19+,24+/m1/s1",32956,COc1cccc(c1)C#Cc2ccc3c(O[C@@H](CN(C)C)[C@H](C)CN([C@@H](C)CO)S3(=O)=O)c2,NA
Input,Bepridil,-0.27330042,InputSig,NA,NA,LINCSCP_214839,HCC515,10uM,6h,lung,Voltage-gated calcium channel blocker,CACNA1A|CACNA1B|CACNA1C|CACNA1D|CACNA1E|CACNA1F|CACNA1G|CACNA1H|CACNA1I|CACNA1S|CACNA2D1|CACNA2D2|CACNA2D3|CACNA2D4|CACNB1|CACNB2|CACNB3|CACNB4|CACNG1|CACNG2|CACNG3|CACNG4|CACNG5|CACNG6|CACNG7|CACNG8,UIEATEWHFDRYRU-UHFFFAOYSA-N,"InChI=1S/C24H34N2O/c1-21(2)19-27-20-24(25-15-9-10-16-25)18-26(23-13-7-4-8-14-23)17-22-11-5-3-6-12-22/h3-8,11-14,21,24H,9-10,15-20H2,1-2H3",23955,CC(C)COCC(CN(Cc1ccccc1)c2ccccc2)N3CCCC3,4
Input,Diltiazem,-0.27301614,InputSig,NA,NA,LINCSCP_16953,HA1E,10uM,6h,kidney epithelial,Voltage-gated L-type calcium channel blocker,CACNA1C|CACNA1D|CACNA1F|CACNA1S,HSUGRBWQSSZJOP-RTWAWAEBSA-N,"InChI=1S/C22H26N2O4S/c1-15(25)28-20-21(16-9-11-17(27-4)12-10-16)29-19-8-6-5-7-18(19)24(22(20)26)14-13-23(2)3/h5-12,20-21H,13-14H2,1-4H3/t20-,21+/m1/s1",35617,COc1ccc(cc1)[C@@H]2Sc3ccccc3N(CCN(C)C)C(=O)[C@@H]2OC(=O)C,4
Input,Benoxinate,-0.27289439,InputSig,NA,NA,LINCSCP_289219,VCAP,10uM,24h,prostate,Local anesthetic,SCN10A|SCN11A|SCN1A|SCN2A|SCN3A|SCN4A|SCN5A|SCN7A|SCN8A|SCN9A,CMHHMUWAYWTMGS-UHFFFAOYSA-N,"InChI=1S/C17H28N2O3/c1-4-7-11-21-16-13-14(8-9-15(16)18)17(20)22-12-10-19(5-2)6-3/h8-9,13H,4-7,10-12,18H2,1-3H3",17834,CCCCOc1cc(ccc1N)C(=O)OCCN(CC)CC,4
Input,SR-02000000238,-0.27281493,InputSig,NA,NA,LINCSCP_45950,PC3,10uM,24h,prostate,NA,NA,QSVJKTIWOLSLAA-UHFFFAOYSA-N,"InChI=1S/C19H15F2NO2/c1-11-4-3-5-12(2)18(11)22-19(23)17-9-8-16(24-17)14-10-13(20)6-7-15(14)21/h3-10H,1-2H3,(H,22,23)",18213,Cc1cccc(C)c1NC(=O)c2oc(cc2)c3cc(F)ccc3F,NA
Input,BRD-K60996261,-0.27276058,InputSig,NA,NA,LINCSCP_47417,PC3,10uM,6h,prostate,NA,NA,NWAOHTRJRZZISF-BWDKEVCWSA-N,"InChI=1S/C35H45FN4O7S/c1-24-21-40(25(2)23-41)34(42)31-20-29(38-48(44,45)30-11-6-5-7-12-30)17-18-32(31)47-26(3)10-8-9-19-46-33(24)22-39(4)35(43)37-28-15-13-27(36)14-16-28/h5-7,11-18,20,24-26,33,38,41H,8-10,19,21-23H2,1-4H3,(H,37,43)/t24-,25-,26-,33-/m1/s1",33250,C[C@H](CO)N1C[C@@H](C)[C@@H](CN(C)C(=O)Nc2ccc(F)cc2)OCCCC[C@@H](C)Oc3ccc(NS(=O)(=O)c4ccccc4)cc3C1=O,NA
Input,Cyclosporine,-0.27268048,InputSig,NA,NA,LINCSCP_583,A375,10uM,24h,skin,Calcineurin inhibitor,PPIA|PPP3CA,PMATZTZNYRCHOR-NFOUMSERSA-N,"InChI=1S/C62H111N11O12/c1-25-27-28-40(15)52(75)51-56(79)65-43(26-2)58(81)67(18)33-48(74)68(19)44(29-34(3)4)55(78)66-49(38(11)12)61(84)69(20)45(30-35(5)6)54(77)63-41(16)53(76)64-42(17)57(80)70(21)46(31-36(7)8)59(82)71(22)47(32-37(9)10)60(83)72(23)50(39(13)14)62(85)73(51)24/h25,27,34-47,49-52,75H,26,28-33H2,1-24H3,(H,63,77)(H,64,76)(H,65,79)(H,66,78)/b27-25+/t40-,41?,42-,43?,44?,45?,46?,47?,49?,50?,51?,52-/m1/s1",5087,CCC1NC(=O)C([C@H](O)[C@H](C)C\C=C\C)N(C)C(=O)C(C(C)C)N(C)C(=O)C(CC(C)C)N(C)C(=O)C(CC(C)C)N(C)C(=O)[C@@H](C)NC(=O)C(C)NC(=O)C(CC(C)C)N(C)C(=O)C(NC(=O)C(CC(C)C)N(C)C(=O)CN(C)C1=O)C(C)C,NA
Input,Cyclosporine,-0.27268048,InputSig,NA,NA,LINCSCP_583,A375,10uM,24h,skin,Calcineurin inhibitor,PPIA|PPP3CA,PMATZTZNYRCHOR-CGLBZJNRSA-N,"InChI=1S/C62H111N11O12/c1-25-27-28-40(15)52(75)51-56(79)65-43(26-2)58(81)67(18)33-48(74)68(19)44(29-34(3)4)55(78)66-49(38(11)12)61(84)69(20)45(30-35(5)6)54(77)63-41(16)53(76)64-42(17)57(80)70(21)46(31-36(7)8)59(82)71(22)47(32-37(9)10)60(83)72(23)50(39(13)14)62(85)73(51)24/h25,27,34-47,49-52,75H,26,28-33H2,1-24H3,(H,63,77)(H,64,76)(H,65,79)(H,66,78)/b27-25+/t40-,41+,42-,43+,44+,45+,46+,47+,49+,50+,51+,52-/m1/s1",134,CC[C@@H]1NC(=O)[C@H]([C@H](O)[C@H](C)C\C=C\C)N(C)C(=O)[C@H](C(C)C)N(C)C(=O)[C@H](CC(C)C)N(C)C(=O)[C@H](CC(C)C)N(C)C(=O)[C@@H](C)NC(=O)[C@H](C)NC(=O)[C@H](CC(C)C)N(C)C(=O)[C@@H](NC(=O)[C@H](CC(C)C)N(C)C(=O)CN(C)C1=O)C(C)C,4
Input,BRD-K81514393,-0.27261408,InputSig,NA,NA,LINCSCP_47431,PC3,10uM,6h,prostate,NA,NA,NWAOHTRJRZZISF-DXCNDIKUSA-N,"InChI=1S/C35H45FN4O7S/c1-24-21-40(25(2)23-41)34(42)31-20-29(38-48(44,45)30-11-6-5-7-12-30)17-18-32(31)47-26(3)10-8-9-19-46-33(24)22-39(4)35(43)37-28-15-13-27(36)14-16-28/h5-7,11-18,20,24-26,33,38,41H,8-10,19,21-23H2,1-4H3,(H,37,43)/t24-,25-,26-,33+/m0/s1",13672,C[C@@H](CO)N1C[C@H](C)[C@@H](CN(C)C(=O)Nc2ccc(F)cc2)OCCCC[C@H](C)Oc3ccc(NS(=O)(=O)c4ccccc4)cc3C1=O,NA
Input,Thioproperazine,-0.27223038,InputSig,NA,NA,LINCSCP_47486,PC3,10uM,24h,prostate,Dopamine receptor antagonist,NA,VZYCZNZBPPHOFY-UHFFFAOYSA-N,"InChI=1S/C22H30N4O2S2/c1-23(2)30(27,28)18-9-10-22-20(17-18)26(19-7-4-5-8-21(19)29-22)12-6-11-25-15-13-24(3)14-16-25/h4-5,7-10,17H,6,11-16H2,1-3H3",15399,CN(C)S(=O)(=O)c1ccc2Sc3ccccc3N(CCCN4CCN(C)CC4)c2c1,NA
Input,GW 405833,-0.27213927,InputSig,NA,NA,LINCSCP_654,A375,40uM,24h,skin,Cannabinoid receptor agonist,CNR2,FSFZRNZSZYDVLI-UHFFFAOYSA-N,"InChI=1S/C23H24Cl2N2O3/c1-15-17(8-9-26-10-12-30-13-11-26)19-14-16(29-2)6-7-21(19)27(15)23(28)18-4-3-5-20(24)22(18)25/h3-7,14H,8-13H2,1-2H3",15411,COc1ccc2c(c1)c(CCN3CCOCC3)c(C)n2C(=O)c4cccc(Cl)c4Cl,NA
Input,CHEMBL179288,-0.27193422,InputSig,NA,NA,LINCSCP_27143,HT29,10uM,6h,large intestine,NA,NA,DGZZVIWCMGVHGV-LJQANCHMSA-N,"InChI=1S/C20H26N2O5S/c1-14(2)19(20(23)21-24)22(27-15(3)4)28(25,26)18-12-10-17(11-13-18)16-8-6-5-7-9-16/h5-15,19,24H,1-4H3,(H,21,23)/t19-/m1/s1",15903,CC(C)ON([C@H](C(C)C)C(=O)NO)S(=O)(=O)c1ccc(cc1)c2ccccc2,NA
Input,BRD-K45714982,-0.27188316,InputSig,NA,NA,LINCSCP_300735,VCAP,5uM,24h,prostate,NA,NA,IOQJCBWFRPGQBJ-JYUFKMNQSA-N,"InChI=1S/C33H41N5O5/c1-23-19-38(24(2)21-39)32(40)29-11-7-6-10-28(29)27-9-5-4-8-25(27)22-43-30(23)20-36(3)33(41)35-26-12-13-34-31(18-26)37-14-16-42-17-15-37/h4-13,18,23-24,30,39H,14-17,19-22H2,1-3H3,(H,34,35,41)/t23-,24-,30-/m0/s1",3222,C[C@@H](CO)N1C[C@H](C)[C@H](CN(C)C(=O)Nc2ccnc(c2)N3CCOCC3)OCc4ccccc4c5ccccc5C1=O,NA
Input,BRD-A68202111,-0.2717559,InputSig,NA,NA,LINCSCP_173639,YAPC,10uM,24h,pancreas,NA,NA,NA,NA,NA,NA,NA
Input,MLS003126519,-0.27165824,InputSig,NA,NA,LINCSCP_292419,VCAP,10uM,24h,prostate,NA,NA,GZLGERNROYEIAV-UHFFFAOYSA-N,"InChI=1S/C14H11F6NO4S2/c1-25-10-6-7-26-11(10)27(23,24)21-9-4-2-8(3-5-9)12(22,13(15,16)17)14(18,19)20/h2-7,21-22H,1H3",1145,COc1ccsc1S(=O)(=O)Nc2ccc(cc2)C(O)(C(F)(F)F)C(F)(F)F,NA
Input,Ethopropazine,-0.27143924,InputSig,NA,NA,LINCSCP_172,A375,10uM,24h,skin,Butyrylcholinesterase inhibitor|Cholinergic receptor antagonist,CHRM1,CDOZDBSBBXSXLB-UHFFFAOYSA-N,"InChI=1S/C19H24N2S/c1-4-20(5-2)15(3)14-21-16-10-6-8-12-18(16)22-19-13-9-7-11-17(19)21/h6-13,15H,4-5,14H2,1-3H3",15187,CCN(CC)C(C)CN1c2ccccc2Sc3ccccc13,4
Input,BRD-K91922990,-0.27117922,InputSig,NA,NA,LINCSCP_61094,VCAP,5uM,24h,prostate,NA,NA,QTXSGNVPDCTZEW-RZQQEMMASA-N,"InChI=1S/C22H34F3N3O5S/c1-6-34(30,31)26-17-7-8-19-18(11-17)21(29)27(4)13-20(32-5)15(2)12-28(16(3)14-33-19)10-9-22(23,24)25/h7-8,11,15-16,20,26H,6,9-10,12-14H2,1-5H3/t15-,16+,20+/m0/s1",25247,CCS(=O)(=O)Nc1ccc2OC[C@@H](C)N(CCC(F)(F)F)C[C@H](C)[C@@H](CN(C)C(=O)c2c1)OC,NA
Input,wiskostatin,-0.27115225,InputSig,NA,NA,LINCSCP_95208,HA1E,0.12uM,24h,kidney epithelial,NA,NA,NA,NA,NA,NA,NA
Input,CGP71683A,-0.27114572,InputSig,NA,NA,LINCSCP_2602,A375,10uM,6h,skin,Neuropeptide receptor antagonist,NPY5R,UULIGRNKXHCLQN-UHFFFAOYSA-N,"InChI=1S/C26H29N5O2S/c27-25-22-9-3-4-10-23(22)30-26(31-25)28-16-18-12-14-19(15-13-18)17-29-34(32,33)24-11-5-7-20-6-1-2-8-21(20)24/h1-11,18-19,29H,12-17H2,(H3,27,28,30,31)",35667,Nc1nc(NCC2CCC(CNS(=O)(=O)c3cccc4ccccc34)CC2)nc5ccccc15,NA
Input,SUGA2_000482,-0.27112396,InputSig,NA,NA,LINCSCP_58344,VCAP,10uM,24h,prostate,NA,NA,QXLFBUYYHPSKGL-VBTAUBHQSA-N,"InChI=1S/C34H33N5O4/c35-39-37-24-29-15-8-7-14-28(29)22-34(33(41)36-23-25-10-3-1-4-11-25)31(26-12-5-2-6-13-26)43-32(38-34)27-16-18-30(19-17-27)42-21-9-20-40/h1-8,10-19,31,40H,9,20-24H2,(H,36,41)/t31-,34-/m0/s1",11475,OCCCOc1ccc(cc1)C2=N[C@@](Cc3ccccc3CN=[N+]=[N-])([C@@H](O2)c4ccccc4)C(=O)NCc5ccccc5,NA
Input,T5820451,-0.27105045,InputSig,NA,NA,LINCSCP_22180,HEPG2,10uM,6h,liver,NA,NA,HIXFBQMTPPZSPM-UHFFFAOYSA-N,"InChI=1S/C14H17N9S/c1-8(2)9-3-5-10(6-4-9)23-14(20-21-22-23)24-7-11-17-12(15)19-13(16)18-11/h3-6,8H,7H2,1-2H3,(H4,15,16,17,18,19)",34089,CC(C)c1ccc(cc1)n2nnnc2SCc3nc(N)nc(N)n3,NA
Input,MLS003587251,-0.27104816,InputSig,NA,NA,LINCSCP_23209,HEPG2,10uM,6h,liver,NA,NA,OHHJNGLKVUGETM-VMPITWQZSA-N,"InChI=1S/C15H18N2OS/c1-11(2)13-6-3-12(4-7-13)5-8-14(18)17-15-16-9-10-19-15/h3-8,11H,9-10H2,1-2H3,(H,16,17,18)/b8-5+",17701,CC(C)c1ccc(\C=C\C(=O)NC2=NCCS2)cc1,NA
Input,"6-(7-Hydroxy-6,7-dihydro-5H-pyrrolo[1,2-c]imidazol-7-yl)-n-methyl-2-naphthamide",-0.27090709,InputSig,NA,NA,LINCSCP_52939,SKLU1,40uM,6h,lung,Androgen biosynthesis inhibitor|Androgen receptor antagonist|Cytochrome P450 inhibitor,CYP17A1,OZPFIJIOIVJZMN-UHFFFAOYSA-N,"InChI=1S/C18H17N3O2/c1-19-17(22)14-3-2-13-9-15(5-4-12(13)8-14)18(23)6-7-21-11-20-10-16(18)21/h2-5,8-11,23H,6-7H2,1H3,(H,19,22)",36664,CNC(=O)c1ccc2cc(ccc2c1)C3(O)CCn4cncc34,NA
Input,NSC409663,-0.27037058,InputSig,NA,NA,LINCSCP_204,A375,10uM,24h,skin,Adrenergic receptor antagonist|Prolactin inhibitor,ADRA1A|ADRB1|DRD1|DRD2|DRD3|DRD4|DRD5|HTR1A|HTR2A|HTR3A|HTR4|HTR5A|HTR6|HTR7,DEQITUUQPICUMR-UHFFFAOYSA-N,"InChI=1S/C35H41N5O5/c1-20(2)34(37-31(41)23-16-25-24-11-7-12-26-30(24)22(18-36-26)17-27(25)38(3)19-23)33(43)40-28(15-21-9-5-4-6-10-21)32(42)39-14-8-13-29(39)35(40,44)45-34/h4-7,9-12,18,20,23,25,27-29,36,44H,8,13-17,19H2,1-3H3,(H,37,41)",15248,CC(C)C1(NC(=O)C2CC3C(Cc4c[nH]c5cccc3c45)N(C)C2)OC6(O)C7CCCN7C(=O)C(Cc8ccccc8)N6C1=O,NA
Input,NNC 26-9100,-0.27016798,InputSig,NA,NA,LINCSCP_44359,PC3,10uM,24h,prostate,Somatostatin receptor agonist,GBA|SSTR4,UREJDUPKGMFJRU-UHFFFAOYSA-N,"InChI=1S/C22H25BrCl2N6S/c23-17-5-7-21(29-12-17)31(14-16-4-6-19(24)20(25)11-16)10-2-9-28-22(32)27-8-1-3-18-13-26-15-30-18/h4-7,11-13,15H,1-3,8-10,14H2,(H,26,30)(H2,27,28,32)",15397,Clc1ccc(CN(CCCNC(=S)NCCCc2c[nH]cn2)c3ccc(Br)cn3)cc1Cl,NA
Input,Entinostat,-0.27013327,InputSig,NA,NA,LINCSCP_108685,HELA,1.11uM,24h,large intestine,HDAC inhibitor,HDAC1|HDAC10|HDAC11|HDAC2|HDAC3|HDAC4|HDAC5|HDAC6|HDAC7|HDAC8|HDAC9,INVTYAOGFAGBOE-UHFFFAOYSA-N,"InChI=1S/C21H20N4O3/c22-18-5-1-2-6-19(18)25-20(26)17-9-7-15(8-10-17)13-24-21(27)28-14-16-4-3-11-23-12-16/h1-12H,13-14,22H2,(H,24,27)(H,25,26)",16193,Nc1ccccc1NC(=O)c2ccc(CNC(=O)OCc3cccnc3)cc2,3
Input,CX-5461,-0.27005263,InputSig,NA,NA,LINCSCP_146924,NEU,0.37uM,24h,NA,NA,NA,XGPBJCHFROADCK-UHFFFAOYSA-N,"InChI=1S/C27H27N7O2S/c1-17-14-29-18(15-28-17)16-30-26(36)23-24(35)19-8-9-22(33-11-5-10-32(2)12-13-33)31-25(19)34-20-6-3-4-7-21(20)37-27(23)34/h3-4,6-9,14-15H,5,10-13,16H2,1-2H3,(H,30,36)",34338,CN1CCCN(CC1)c2ccc3C(=O)C(=C4Sc5ccccc5N4c3n2)C(=O)NCc6cnc(C)cn6,NA
Input,Ipsapirone,-0.269348,InputSig,NA,NA,LINCSCP_291522,VCAP,10uM,6h,prostate,Serotonin receptor agonist,HTR1A,TZJUVVIWVWFLCD-UHFFFAOYSA-N,"InChI=1S/C19H23N5O3S/c25-18-16-6-1-2-7-17(16)28(26,27)24(18)11-4-3-10-22-12-14-23(15-13-22)19-20-8-5-9-21-19/h1-2,5-9H,3-4,10-15H2",4816,O=C1N(CCCCN2CCN(CC2)c3ncccn3)S(=O)(=O)c4ccccc14,NA
Input,SB-202190,-0.26903806,InputSig,NA,NA,LINCSCP_7179,A549,10uM,6h,lung,P38 MAPK inhibitor,MAPK14,QHKYPYXTTXKZST-UHFFFAOYSA-N,"InChI=1S/C20H14FN3O/c21-16-5-1-13(2-6-16)18-19(14-9-11-22-12-10-14)24-20(23-18)15-3-7-17(25)8-4-15/h1-12,25H,(H,23,24)",14555,Oc1ccc(cc1)c2nc(c3ccc(F)cc3)c([nH]2)c4ccncc4,NA
Input,BRD-K14952621,-0.26895196,InputSig,NA,NA,LINCSCP_61947,VCAP,5uM,24h,prostate,NA,NA,WYRQMVCVXSYSKJ-MCIONIFRSA-N,"InChI=1S/C16H28N2O5/c1-18(2)15(20)9-12-3-4-13(14(10-19)23-12)17-16(21)11-5-7-22-8-6-11/h11-14,19H,3-10H2,1-2H3,(H,17,21)/t12-,13-,14+/m1/s1",854,CN(C)C(=O)C[C@H]1CC[C@@H](NC(=O)C2CCOCC2)[C@H](CO)O1,NA
Input,Citalopram,-0.26821365,InputSig,NA,NA,LINCSCP_292715,VCAP,10uM,24h,prostate,Serotonin reuptake inhibitor,SLC6A4,WSEQXVZVJXJVFP-UHFFFAOYSA-N,"InChI=1S/C20H21FN2O/c1-23(2)11-3-10-20(17-5-7-18(21)8-6-17)19-9-4-15(13-22)12-16(19)14-24-20/h4-9,12H,3,10-11,14H2,1-2H3",35379,CN(C)CCCC1(OCc2cc(ccc12)C#N)c3ccc(F)cc3,4
Input,Reserpine,-0.26806631,InputSig,NA,NA,LINCSCP_2656,A375,10uM,6h,skin,Vesicular monoamine transporter inhibitor,SLC18A1|SLC18A2,QEVHRUUCFGRFIF-MDEJGZGSSA-N,"InChI=1S/C33H40N2O9/c1-38-19-7-8-20-21-9-10-35-16-18-13-27(44-32(36)17-11-25(39-2)30(41-4)26(12-17)40-3)31(42-5)28(33(37)43-6)22(18)15-24(35)29(21)34-23(20)14-19/h7-8,11-12,14,18,22,24,27-28,31,34H,9-10,13,15-16H2,1-6H3/t18-,22+,24-,27-,28+,31+/m1/s1",16082,CO[C@H]1[C@@H](C[C@@H]2CN3CCc4c([nH]c5cc(OC)ccc45)[C@H]3C[C@@H]2[C@@H]1C(=O)OC)OC(=O)c6cc(OC)c(OC)c(OC)c6,4
Input,CHEMBL2136821,-0.26795657,InputSig,NA,NA,LINCSCP_59667,VCAP,5uM,24h,prostate,NA,NA,XJOPVLQFFGEWNL-ZRLASMASSA-N,"InChI=1S/C33H38F3N3O4/c1-22-18-39(23(2)21-40)32(42)17-26-16-28(37-31(41)15-24-7-5-4-6-8-24)13-14-29(26)43-30(22)20-38(3)19-25-9-11-27(12-10-25)33(34,35)36/h4-14,16,22-23,30,40H,15,17-21H2,1-3H3,(H,37,41)/t22-,23-,30-/m0/s1",19654,C[C@@H](CO)N1C[C@H](C)[C@H](CN(C)Cc2ccc(cc2)C(F)(F)F)Oc3ccc(NC(=O)Cc4ccccc4)cc3CC1=O,NA
Input,Dorsomorphin,-0.26717793,InputSig,NA,NA,LINCSCP_53470,SKMEL28,10uM,6h,skin,AMPK inhibitor,BMPR1A|BMPR1B|PRKAA1,XHBVYDAKJHETMP-UHFFFAOYSA-N,"InChI=1S/C24H25N5O/c1-2-12-28(13-3-1)14-15-30-22-6-4-19(5-7-22)21-16-26-24-23(17-27-29(24)18-21)20-8-10-25-11-9-20/h4-11,16-18H,1-3,12-15H2",22727,C(CN1CCCCC1)Oc2ccc(cc2)c3cnc4c(cnn4c3)c5ccncc5,NA
Input,Dronedarone HCl,-0.26696275,InputSig,NA,NA,LINCSCP_170029,YAPC,3.33uM,24h,pancreas,Inward rectifier potassium channel 2 blocker|Potassium/sodium hyperpolarization-activated cyclic nucleotide-gated channel 4 blocker|Sodium channel alpha subunit blocker|Voltage-gated L-type calcium channel blocker,CACNA1C|CACNA1D|CACNA1F|CACNA1S|HCN4|KCNJ2|SCN10A|SCN11A|SCN1A|SCN2A|SCN3A|SCN4A|SCN5A|SCN7A|SCN8A|SCN9A,ZQTNQVWKHCQYLQ-UHFFFAOYSA-N,"InChI=1S/C31H44N2O5S/c1-5-8-12-29-30(27-23-25(32-39(4,35)36)15-18-28(27)38-29)31(34)24-13-16-26(17-14-24)37-22-11-21-33(19-9-6-2)20-10-7-3/h13-18,23,32H,5-12,19-22H2,1-4H3",26628,CCCCN(CCCC)CCCOc1ccc(cc1)C(=O)c2c(CCCC)oc3ccc(NS(=O)(=O)C)cc23,4
Input,BRD-K61529775,-0.26682852,InputSig,NA,NA,LINCSCP_26417,HT29,10uM,6h,large intestine,NA,NA,LBSWGOFICLFHSX-HYHRRZRMSA-N,"InChI=1S/C35H51N3O7S/c1-25-22-38(26(2)24-39)35(41)31-21-29(36-46(42,43)30-16-9-6-10-17-30)18-19-32(31)45-27(3)13-11-12-20-44-33(25)23-37(4)34(40)28-14-7-5-8-15-28/h6,9-10,16-19,21,25-28,33,36,39H,5,7-8,11-15,20,22-24H2,1-4H3/t25-,26+,27+,33-/m1/s1",33261,C[C@@H](CO)N1C[C@@H](C)[C@@H](CN(C)C(=O)C2CCCCC2)OCCCC[C@H](C)Oc3ccc(NS(=O)(=O)c4ccccc4)cc3C1=O,NA
Input,BRD-K73008154,-0.2668181,InputSig,NA,NA,LINCSCP_259060,NEU,10uM,24h,NA,NA,NA,AYZWBNSPUGXEJF-GTNKKZTPSA-N,"InChI=1S/C28H31FN2O3S/c1-20-7-6-8-23(17-20)21-11-13-22(14-12-21)28-25-18-30(15-4-5-16-31(25)26(28)19-32)35(33,34)27-10-3-2-9-24(27)29/h2-3,6-14,17,25-26,28,32H,4-5,15-16,18-19H2,1H3/t25-,26-,28+/m1/s1",33536,Cc1cccc(c1)c2ccc(cc2)[C@@H]3[C@@H](CO)N4CCCCN(C[C@H]34)S(=O)(=O)c5ccccc5F,NA
Input,BRD-K39738296,-0.26647749,InputSig,NA,NA,LINCSCP_61229,VCAP,5uM,24h,prostate,NA,NA,KBKSWHGSXCIXAL-RYTUXRKISA-N,"InChI=1S/C29H37N3O6/c1-18-13-32(14-20-5-6-20)19(2)16-36-24-10-8-22(12-23(24)29(34)31(3)15-27(18)35-4)30-28(33)21-7-9-25-26(11-21)38-17-37-25/h7-12,18-20,27H,5-6,13-17H2,1-4H3,(H,30,33)/t18-,19+,27+/m1/s1",3027,CO[C@H]1CN(C)C(=O)c2cc(NC(=O)c3ccc4OCOc4c3)ccc2OC[C@H](C)N(CC5CC5)C[C@H]1C,NA
Input,AT 7867,-0.26637357,InputSig,NA,NA,LINCSCP_112240,HEPG2,0.04uM,24h,liver,NA,NA,LZMOSYUFVYJEPY-UHFFFAOYSA-N,"InChI=1S/C20H20ClN3/c21-19-7-5-18(6-8-19)20(9-11-22-12-10-20)17-3-1-15(2-4-17)16-13-23-24-14-16/h1-8,13-14,22H,9-12H2,(H,23,24)",15165,Clc1ccc(cc1)C2(CCNCC2)c3ccc(cc3)c4cn[nH]c4,NA
Input,CLIMBAZOLE,-0.2663721,InputSig,NA,NA,LINCSCP_170980,YAPC,10uM,24h,pancreas,NA,NA,OWEGWHBOCFMBLP-UHFFFAOYSA-N,"InChI=1S/C15H17ClN2O2/c1-15(2,3)13(19)14(18-9-8-17-10-18)20-12-6-4-11(16)5-7-12/h4-10,14H,1-3H3",26577,CC(C)(C)C(=O)C(Oc1ccc(Cl)cc1)n2ccnc2,NA
Input,WZ-4-145,-0.26633895,InputSig,NA,NA,LINCSCP_59142,VCAP,10uM,6h,prostate,EGFR inhibitor,NA,NA,NA,42756,NA,NA
Input,RS-17053,-0.26629064,InputSig,NA,NA,LINCSCP_55836,VCAP,10uM,6h,prostate,Adrenergic receptor antagonist,ADRA1A,XLZHXAXXJVKTFM-UHFFFAOYSA-N,"InChI=1S/C24H29ClN2O2/c1-24(2,14-18-15-26-21-10-9-19(25)13-20(18)21)27-11-12-28-22-5-3-4-6-23(22)29-16-17-7-8-17/h3-6,9-10,13,15,17,26-27H,7-8,11-12,14,16H2,1-2H3",36019,CC(C)(Cc1c[nH]c2ccc(Cl)cc12)NCCOc3ccccc3OCC4CC4,NA
Input,BRD-K54980807,-0.26623679,InputSig,NA,NA,LINCSCP_62160,VCAP,5uM,24h,prostate,NA,NA,JNXYUDJSGYXBCY-NEWSRXKRSA-N,"InChI=1S/C20H30FN3O6S/c21-15-1-4-17(5-2-15)31(27,28)23-18-6-3-16(30-19(18)14-25)7-8-22-20(26)13-24-9-11-29-12-10-24/h1-2,4-5,16,18-19,23,25H,3,6-14H2,(H,22,26)/t16-,18+,19+/m1/s1",40161,OC[C@@H]1O[C@@H](CCNC(=O)CN2CCOCC2)CC[C@@H]1NS(=O)(=O)c3ccc(F)cc3,NA
Input,Elacridar,-0.26585875,InputSig,NA,NA,LINCSCP_169104,YAPC,10uM,24h,pancreas,NA,NA,OSFCMRGOZNQUSW-UHFFFAOYSA-N,"InChI=1S/C34H33N3O5/c1-40-28-9-5-7-26-32(28)36-31-25(33(26)38)6-4-8-27(31)34(39)35-24-12-10-21(11-13-24)14-16-37-17-15-22-18-29(41-2)30(42-3)19-23(22)20-37/h4-13,18-19H,14-17,20H2,1-3H3,(H,35,39)(H,36,38)",26779,COc1cccc2C(=O)c3cccc(C(=O)Nc4ccc(CCN5CCc6cc(OC)c(OC)cc6C5)cc4)c3Nc12,NA
Input,BRD-K54916924,-0.26579253,InputSig,NA,NA,LINCSCP_48118,PC3,5uM,24h,prostate,NA,NA,IAKBBZLEORGFOS-BSRJHKFKSA-N,"InChI=1S/C25H35N3O6S/c1-17-13-28(18(2)16-29)25(30)21-7-6-8-22(26-35(5,31)32)24(21)34-23(17)15-27(3)14-19-9-11-20(33-4)12-10-19/h6-12,17-18,23,26,29H,13-16H2,1-5H3/t17-,18-,23-/m0/s1",13006,COc1ccc(CN(C)C[C@@H]2Oc3c(NS(=O)(=O)C)cccc3C(=O)N(C[C@@H]2C)[C@@H](C)CO)cc1,NA
Input,BRD-A94793051-001-01-0,-0.26568431,InputSig,NA,NA,LINCSCP_34190,MCF7,10uM,6h,breast,Progesterone receptor antagonist,AR|ESR1|PGR,OXHNQTSIKGHVBH-WVVQBRDUSA-N,"InChI=1S/C21H28O2/c1-3-20-11-9-17-16-8-6-15(22)13-14(16)5-7-18(17)19(20)10-12-21(20,23)4-2/h9,11,13,18-19,23H,3-8,10,12H2,1-2H3/t18-,19?,20-,21+/m1/s1",22270,CC[C@]1(O)CCC2[C@@H]3CCC4=CC(=O)CCC4=C3C=C[C@@]12CC,NA
Input,Erastin,-0.26557812,InputSig,NA,NA,LINCSCP_53973,SW480,5uM,6h,large intestine,Ion channel antagonist,VDAC2,BKQFRNYHFIQEKN-UHFFFAOYSA-N,"InChI=1S/C30H31ClN4O4/c1-3-38-27-11-7-6-10-26(27)35-29(32-25-9-5-4-8-24(25)30(35)37)21(2)33-16-18-34(19-17-33)28(36)20-39-23-14-12-22(31)13-15-23/h4-15,21H,3,16-20H2,1-2H3",36319,CCOc1ccccc1N2C(=O)c3ccccc3N=C2C(C)N4CCN(CC4)C(=O)COc5ccc(Cl)cc5,NA
Input,ST019366,-0.26554398,InputSig,NA,NA,LINCSCP_294957,VCAP,10uM,6h,prostate,NA,NA,PLYNMYXRDBMNTN-UHFFFAOYSA-N,"InChI=1S/C16H18N2O4/c1-3-12(19)17-11-7-10-14(22-16(11)21)9-6-4-5-8(2)13(9)18-15(10)20/h4-6,10-11,14H,3,7H2,1-2H3,(H,17,19)(H,18,20)",174,CCC(=O)NC1CC2C(OC1=O)c3cccc(C)c3NC2=O,NA
Input,CHEMBL3084797,-0.26550233,InputSig,NA,NA,LINCSCP_223697,HT29,10uM,6h,large intestine,NA,NA,ZBCXDUNUUKRQSV-UHFFFAOYSA-N,"InChI=1S/C31H46N4O3/c1-2-3-4-5-6-7-18-34-31(37)29(35-30(36)27-12-8-25(22-32)9-13-27)21-24-10-14-28(15-11-24)38-23-26-16-19-33-20-17-26/h10-11,14-17,19-20,25,27,29H,2-9,12-13,18,21-23,32H2,1H3,(H,34,37)(H,35,36)",109,CCCCCCCCNC(=O)C(Cc1ccc(OCc2ccncc2)cc1)NC(=O)C3CCC(CN)CC3,NA
Input,PF-04217903,-0.26540373,InputSig,NA,NA,LINCSCP_51903,SKBR3,0.1uM,24h,breast,C-Met inhibitor,MET,PDMUGYOXRHVNMO-UHFFFAOYSA-N,"InChI=1S/C19H16N8O/c28-7-6-26-12-15(9-22-26)17-10-21-18-19(23-17)27(25-24-18)11-13-3-4-16-14(8-13)2-1-5-20-16/h1-5,8-10,12,28H,6-7,11H2",4162,OCCn1cc(cn1)c2cnc3nnn(Cc4ccc5ncccc5c4)c3n2,1
Input,BRD-K16434151-001-01-3,-0.26528205,InputSig,NA,NA,LINCSCP_63347,VCAP,5uM,24h,prostate,NA,NA,BSKZHQCAOYVBFU-HYZYYIOASA-N,"InChI=1S/C30H36FN3O5/c1-34-25-12-11-23(16-28(35)32-17-19-6-3-2-4-7-19)39-27(25)18-38-26-13-10-22(15-24(26)30(34)37)33-29(36)20-8-5-9-21(31)14-20/h5,8-10,13-15,19,23,25,27H,2-4,6-7,11-12,16-18H2,1H3,(H,32,35)(H,33,36)/t23-,25-,27+/m1/s1",23755,CN1[C@@H]2CC[C@H](CC(=O)NCC3CCCCC3)O[C@H]2COc4ccc(NC(=O)c5cccc(F)c5)cc4C1=O,NA
Input,BRD-K65160467,-0.26516557,InputSig,NA,NA,LINCSCP_59903,VCAP,5uM,24h,prostate,NA,NA,FCJPELNAJUOLHS-ULPIOCOXSA-N,"InChI=1S/C33H41N3O5/c1-23-19-36(24(2)22-37)33(39)18-27-17-28(34-32(38)16-25-8-6-5-7-9-25)12-15-30(27)41-31(23)21-35(3)20-26-10-13-29(40-4)14-11-26/h5-15,17,23-24,31,37H,16,18-22H2,1-4H3,(H,34,38)/t23-,24+,31-/m1/s1",13250,COc1ccc(CN(C)C[C@H]2Oc3ccc(NC(=O)Cc4ccccc4)cc3CC(=O)N(C[C@H]2C)[C@@H](C)CO)cc1,NA
Input,BRD-K29423519,-0.26516198,InputSig,NA,NA,LINCSCP_59749,VCAP,5uM,6h,prostate,NA,NA,ZJSYKXMVEOUFIY-JXQFQVJHSA-N,"InChI=1S/C27H43N5O5/c1-17(2)28-26(35)29-21-11-12-23-22(13-21)25(34)32(19(4)16-33)14-18(3)24(37-23)15-31(5)27(36)30-20-9-7-6-8-10-20/h11-13,17-20,24,33H,6-10,14-16H2,1-5H3,(H,30,36)(H2,28,29,35)/t18-,19-,24-/m0/s1",32441,CC(C)NC(=O)Nc1ccc2O[C@@H](CN(C)C(=O)NC3CCCCC3)[C@@H](C)CN([C@@H](C)CO)C(=O)c2c1,NA
Input,Tegaserod,-0.26479768,InputSig,NA,NA,LINCSCP_58249,VCAP,10uM,6h,prostate,Serotonin receptor partial agonist,HTR2B|HTR4,IKBKZGMPCYNSLU-RGVLZGJSSA-N,"InChI=1S/C16H23N5O/c1-3-4-5-8-18-16(17)21-20-11-12-10-19-15-7-6-13(22-2)9-14(12)15/h6-7,9-11,19H,3-5,8H2,1-2H3,(H3,17,18,21)/b20-11+",1585,CCCCCN=C(N)NN=Cc1c[nH]c2ccc(OC)cc12,4
Input,Mestranol,-0.26479078,InputSig,NA,NA,LINCSCP_211168,HA1E,10uM,6h,kidney epithelial,Estrogen receptor alpha agonist,ESR1,IMSSROKUHAOUJS-MJCUULBUSA-N,"InChI=1S/C21H26O2/c1-4-21(22)12-10-19-18-7-5-14-13-15(23-3)6-8-16(14)17(18)9-11-20(19,21)2/h1,6,8,13,17-19,22H,5,7,9-12H2,2-3H3/t17-,18-,19+,20+,21+/m1/s1",15542,COc1ccc2[C@H]3CC[C@@]4(C)[C@@H](CC[C@@]4(O)C#C)[C@@H]3CCc2c1,4
Input,Sertindole,-0.26471629,InputSig,NA,NA,LINCSCP_174311,YAPC,10uM,24h,pancreas,Dopamine receptor antagonist|Serotonin receptor antagonist,DRD2|HTR2A|HTR2C,GZKLJWGUPQBVJQ-UHFFFAOYSA-N,"InChI=1S/C24H26ClFN4O/c25-18-1-6-23-21(15-18)22(16-30(23)20-4-2-19(26)3-5-20)17-7-10-28(11-8-17)13-14-29-12-9-27-24(29)31/h1-6,15-17H,7-14H2,(H,27,31)",16401,Fc1ccc(cc1)n2cc(C3CCN(CCN4CCNC4=O)CC3)c5cc(Cl)ccc25,4
Input,ENMD-2076,-0.26467208,InputSig,NA,NA,LINCSCP_174107,YAPC,10uM,24h,pancreas,Aurora kinase inhibitor|FLT3 inhibitor|VEGFR inhibitor,AURKA|AURKB|CSF1R|FGFR3|FLT3|KDR|KIT|PDGFRA|SRC,BLQYVHBZHAISJM-CMDGGOBGSA-N,"InChI=1S/C21H25N7/c1-16-14-20(26-25-16)23-19-15-21(28-12-10-27(2)11-13-28)24-18(22-19)9-8-17-6-4-3-5-7-17/h3-9,14-15H,10-13H2,1-2H3,(H2,22,23,24,25,26)/b9-8+",26537,CN1CCN(CC1)c2cc(Nc3cc(C)[nH]n3)nc(\C=C\c4ccccc4)n2,2
Input,BRD-K23985857,-0.26466663,InputSig,NA,NA,LINCSCP_42969,NPC,10uM,24h,neural progenitor cells,NA,NA,YZTWEKNKNNRJIX-KUXNCQQFSA-N,"InChI=1S/C32H49N3O6S/c1-7-17-34(6)21-31-24(3)20-35(25(4)22-36)32(37)29-19-27(33-42(38,39)28-14-11-23(2)12-15-28)13-16-30(29)41-26(5)10-8-9-18-40-31/h11-16,19,24-26,31,33,36H,7-10,17-18,20-22H2,1-6H3/t24-,25-,26-,31+/m1/s1",5009,CCCN(C)C[C@@H]1OCCCC[C@@H](C)Oc2ccc(NS(=O)(=O)c3ccc(C)cc3)cc2C(=O)N(C[C@H]1C)[C@H](C)CO,NA
Input,BRD-K29639729,-0.26437015,InputSig,NA,NA,LINCSCP_59750,VCAP,5uM,6h,prostate,NA,NA,FBDVMTHRQHSDLA-TYPXCFOJSA-N,"InChI=1S/C31H41F3N4O5/c1-21-17-38(22(2)20-39)30(41)26-16-25(35-29(40)10-11-37-12-14-42-15-13-37)8-9-27(26)43-28(21)19-36(3)18-23-4-6-24(7-5-23)31(32,33)34/h4-9,16,21-22,28,39H,10-15,17-20H2,1-3H3,(H,35,40)/t21-,22+,28-/m0/s1",32449,C[C@H](CO)N1C[C@H](C)[C@H](CN(C)Cc2ccc(cc2)C(F)(F)F)Oc3ccc(NC(=O)CCN4CCOCC4)cc3C1=O,NA
Input,BRD-K29064493-001-01-0,-0.26424788,InputSig,NA,NA,LINCSCP_43313,NPC,10uM,6h,neural progenitor cells,Glutamate receptor antagonist,NA,BLHSKYSSIQJRPI-RBUKOAKNSA-N,"InChI=1S/C19H23NSi/c1-19-16-8-6-5-7-13(16)11-18(20-19)15-10-9-14(12-17(15)19)21(2,3)4/h5-10,12,18,20H,11H2,1-4H3/t18-,19+/m0/s1",30886,C[C@@]12N[C@@H](Cc3ccccc13)c4ccc(cc24)[Si](C)(C)C,NA
Input,Cyproheptadine,-0.26404156,InputSig,NA,NA,LINCSCP_101296,HELA,0.04uM,24h,large intestine,Histamine H1 receptor antagonist,HRH1,JJCFRYNCJDLXIK-UHFFFAOYSA-N,"InChI=1S/C21H21N/c1-22-14-12-18(13-15-22)21-19-8-4-2-6-16(19)10-11-17-7-3-5-9-20(17)21/h2-11H,12-15H2,1H3",236,CN1CCC(=C2c3ccccc3C=Cc4ccccc24)CC1,4
Input,GSK-3 Inhibitor II,-0.26390365,InputSig,NA,NA,LINCSCP_69960,A375,10uM,24h,skin,PKC inhibitor,GSK3B,ZRHRPGSSSVYBRG-UHFFFAOYSA-N,"InChI=1S/C14H10IN3OS/c15-12-3-1-2-10(8-12)9-20-14-18-17-13(19-14)11-4-6-16-7-5-11/h1-8H,9H2",36822,Ic1cccc(CSc2oc(nn2)c3ccncc3)c1,NA
Input,BRD-K11624501,-0.26362674,InputSig,NA,NA,LINCSCP_48917,PC3,10uM,24h,prostate,NA,NA,DTGXRBNGNVLSQA-VZHNYULCSA-N,"InChI=1S/C40H56N4O5/c1-28-24-44(29(2)27-45)39(46)35-23-33(41-40(47)42-36-19-12-17-32-16-8-9-18-34(32)36)20-21-37(35)49-30(3)13-10-11-22-48-38(28)26-43(4)25-31-14-6-5-7-15-31/h8-9,12,16-21,23,28-31,38,45H,5-7,10-11,13-15,22,24-27H2,1-4H3,(H2,41,42,47)/t28-,29-,30-,38-/m1/s1",11866,C[C@H](CO)N1C[C@@H](C)[C@@H](CN(C)CC2CCCCC2)OCCCC[C@@H](C)Oc3ccc(NC(=O)Nc4cccc5ccccc45)cc3C1=O,NA
Input,Sepantronium,-0.26328563,InputSig,NA,NA,LINCSCP_21754,HEPG2,0.5uM,6h,liver,Survivin inhibitor,BIRC5,OTSOOHRUMBRSHZ-UHFFFAOYSA-N,"InChI=1S/C20H19N4O3/c1-13-23(9-10-27-2)17-18(24(13)12-14-11-21-7-8-22-14)20(26)16-6-4-3-5-15(16)19(17)25/h3-8,11H,9-10,12H2,1-2H3/q+1",18449,COCCn1c(C)[n+](Cc2cnccn2)c3C(=O)c4ccccc4C(=O)c13,2
Input,Rhodomyrtoxin,-0.26328263,InputSig,NA,NA,LINCSCP_56661,VCAP,10uM,24h,prostate,Cytotoxic agent|DNA intercalator,NA,DEUFHKWBUJBCRS-UHFFFAOYSA-N,"InChI=1S/C24H28O7/c1-9(2)7-13(25)15-19(27)11(5)21(29)17-18-22(30)12(6)20(28)16(14(26)8-10(3)4)24(18)31-23(15)17/h9-10,27-30H,7-8H2,1-6H3",35535,CC(C)CC(=O)c1c(O)c(C)c(O)c2c1oc3c(C(=O)CC(C)C)c(O)c(C)c(O)c23,NA
Input,Prochlorperazine,-0.26322179,InputSig,NA,NA,LINCSCP_30197,MCF7,10uM,6h,breast,Dopamine D2 receptor antagonist,DRD2,WIKYUJGCLQQFNW-UHFFFAOYSA-N,"InChI=1S/C20H24ClN3S/c1-22-11-13-23(14-12-22)9-4-10-24-17-5-2-3-6-19(17)25-20-8-7-16(21)15-18(20)24/h2-3,5-8,15H,4,9-14H2,1H3",35592,CN1CCN(CCCN2c3ccccc3Sc4ccc(Cl)cc24)CC1,4
Input,CEP-37440,-0.26298041,InputSig,NA,NA,LINCSCP_109347,HELA,10uM,24h,large intestine,NA,NA,BCSHRERPHLTPEE-NRFANRHFSA-N,"InChI=1S/C30H38ClN7O3/c1-32-29(40)23-7-3-4-9-25(23)34-28-24(31)19-33-30(36-28)35-26-11-10-20-18-21(6-5-8-22(20)27(26)41-2)38-14-12-37(13-15-38)16-17-39/h3-4,7,9-11,19,21,39H,5-6,8,12-18H2,1-2H3,(H,32,40)(H2,33,34,35,36)/t21-/m0/s1",27049,CNC(=O)c1ccccc1Nc2nc(Nc3ccc4C[C@H](CCCc4c3OC)N5CCN(CCO)CC5)ncc2Cl,NA
Input,GW843682X,-0.26294384,InputSig,NA,NA,LINCSCP_36727,MCF7,0.1uM,6h,breast,PLK inhibitor,PLK1|PLK3,JSKUWFIZUALZLX-UHFFFAOYSA-N,"InChI=1S/C22H18F3N3O4S/c1-30-16-7-14-15(8-17(16)31-2)28(11-27-14)19-9-18(20(33-19)21(26)29)32-10-12-5-3-4-6-13(12)22(23,24)25/h3-9,11H,10H2,1-2H3,(H2,26,29)",36816,COc1cc2ncn(c3cc(OCc4ccccc4C(F)(F)F)c(s3)C(=O)N)c2cc1OC,NA
Input,BRD-K46499837,-0.26283418,InputSig,NA,NA,LINCSCP_27318,HT29,10uM,6h,large intestine,NA,NA,LCGKYSOTAAWDQI-CDNUTCOBSA-N,"InChI=1S/C36H52N4O6/c1-25-22-40(26(2)24-41)35(43)31-21-30(37-34(42)28-14-7-5-8-15-28)18-19-32(31)46-27(3)13-11-12-20-45-33(25)23-39(4)36(44)38-29-16-9-6-10-17-29/h6,9-10,16-19,21,25-28,33,41H,5,7-8,11-15,20,22-24H2,1-4H3,(H,37,42)(H,38,44)/t25-,26-,27-,33+/m1/s1",249,C[C@H](CO)N1C[C@@H](C)[C@H](CN(C)C(=O)Nc2ccccc2)OCCCC[C@@H](C)Oc3ccc(NC(=O)C4CCCCC4)cc3C1=O,NA
Input,Ponatinib,-0.26278914,InputSig,NA,NA,LINCSCP_251767,MCF7,0.5uM,24h,breast,Bcr-Abl kinase inhibitor|FLT3 inhibitor|PDGFR tyrosine kinase receptor inhibitor,ABL1|BCR|FGFR1|FGFR2|FGFR3|FGFR4|FLT3|KIT|RET|TEK,PHXJVRSECIGDHY-UHFFFAOYSA-N,"InChI=1S/C29H27F3N6O/c1-20-5-6-22(16-21(20)8-10-25-18-33-27-4-3-11-34-38(25)27)28(39)35-24-9-7-23(26(17-24)29(30,31)32)19-37-14-12-36(2)13-15-37/h3-7,9,11,16-18H,12-15,19H2,1-2H3,(H,35,39)",35287,CN1CCN(Cc2ccc(NC(=O)c3ccc(C)c(c3)C#Cc4cnc5cccnn45)cc2C(F)(F)F)CC1,4
Input,Sphingosine,-0.26278574,InputSig,NA,NA,LINCSCP_2397,A375,10uM,6h,skin,Ceramidase inhibitor,NA,WWUZIQQURGPMPG-KRWOKUGFSA-N,"InChI=1S/C18H37NO2/c1-2-3-4-5-6-7-8-9-10-11-12-13-14-15-18(21)17(19)16-20/h14-15,17-18,20-21H,2-13,16,19H2,1H3/b15-14+/t17-,18+/m0/s1",37972,CCCCCCCCCCCCC\C=C\[C@@H](O)[C@@H](N)CO,NA
Input,SMR000217164,-0.26273382,InputSig,NA,NA,LINCSCP_57392,VCAP,10uM,6h,prostate,NA,NA,CXTUMFRDQUSBHQ-UHFFFAOYSA-N,"InChI=1S/C16H24ClNO/c1-3-4-5-6-7-11-18(16(19)13-17)15-10-8-9-14(2)12-15/h8-10,12H,3-7,11,13H2,1-2H3",15476,CCCCCCCN(C(=O)CCl)c1cccc(C)c1,NA
Input,AS601245,-0.26269852,InputSig,NA,NA,LINCSCP_115418,HS578T,1.11uM,3h,breast,JNK inhibitor,MAPK10|MAPK8|MAPK9,RCYPVQCPYKNSTG-UHFFFAOYSA-N,"InChI=1S/C20H16N6S/c21-12-15(19-25-17-5-1-2-6-18(17)27-19)16-8-11-24-20(26-16)23-10-7-14-4-3-9-22-13-14/h1-6,8-9,11,13,15H,7,10H2,(H,23,24,26)",23520,N#CC(c1ccnc(NCCc2cccnc2)n1)c3nc4ccccc4s3,NA
Input,BRD-K00429057,-0.26253572,InputSig,NA,NA,LINCSCP_271661,PC3,10uM,6h,prostate,NA,NA,NWAOHTRJRZZISF-FMALNZMYSA-N,"InChI=1S/C35H45FN4O7S/c1-24-21-40(25(2)23-41)34(42)31-20-29(38-48(44,45)30-11-6-5-7-12-30)17-18-32(31)47-26(3)10-8-9-19-46-33(24)22-39(4)35(43)37-28-15-13-27(36)14-16-28/h5-7,11-18,20,24-26,33,38,41H,8-10,19,21-23H2,1-4H3,(H,37,43)/t24-,25+,26-,33+/m0/s1",31710,C[C@H](CO)N1C[C@H](C)[C@@H](CN(C)C(=O)Nc2ccc(F)cc2)OCCCC[C@H](C)Oc3ccc(NS(=O)(=O)c4ccccc4)cc3C1=O,NA
Input,MLS003129547,-0.26248053,InputSig,NA,NA,LINCSCP_60550,VCAP,5uM,24h,prostate,NA,NA,PZGTZQIYRXDXGV-FHAGJXEFSA-N,"InChI=1S/C27H35N5O5/c1-19-15-31(20(2)17-33)26(34)9-6-12-32-23(14-28-29-32)18-36-25(19)16-30(3)27(35)37-24-11-10-21-7-4-5-8-22(21)13-24/h4-5,7-8,10-11,13-14,19-20,25,33H,6,9,12,15-18H2,1-3H3/t19-,20-,25+/m1/s1",1905,C[C@H](CO)N1C[C@@H](C)[C@H](CN(C)C(=O)Oc2ccc3ccccc3c2)OCc4cnnn4CCCC1=O,NA
Input,PD-0325901,-0.2624698,InputSig,NA,NA,LINCSCP_147337,NEU,0.37uM,24h,NA,MAP kinase inhibitor|MEK inhibitor|Protein kinase inhibitor,MAP2K1|MAP2K2,SUDAHWBOROXANE-SECBINFHSA-N,"InChI=1S/C16H14F3IN2O4/c17-11-3-2-10(16(25)22-26-7-9(24)6-23)15(14(11)19)21-13-4-1-8(20)5-12(13)18/h1-5,9,21,23-24H,6-7H2,(H,22,25)/t9-/m1/s1",35278,OC[C@@H](O)CONC(=O)c1ccc(F)c(F)c1Nc2ccc(I)cc2F,2
Input,MLS003128966,-0.26245473,InputSig,NA,NA,LINCSCP_60058,VCAP,5uM,24h,prostate,NA,NA,VNTYMDDKAMTNEX-FTRWYGJKSA-N,"InChI=1S/C22H28BrN3O5S/c1-15-12-26(16(2)14-27)32(29,30)21-8-7-17(23)10-19(21)31-20(15)13-25(3)22(28)11-18-6-4-5-9-24-18/h4-10,15-16,20,27H,11-14H2,1-3H3/t15-,16-,20-/m0/s1",16803,C[C@@H](CO)N1C[C@H](C)[C@H](CN(C)C(=O)Cc2ccccn2)Oc3cc(Br)ccc3S1(=O)=O,NA
Input,Ispinesib,-0.26242167,InputSig,NA,NA,LINCSCP_58753,VCAP,10uM,6h,prostate,Kinesin inhibitor,KIF11,QJZRFPJCWMNVAV-HHHXNRCGSA-N,"InChI=1S/C30H33ClN4O2/c1-20(2)27(34(17-7-16-32)29(36)23-12-10-21(3)11-13-23)28-33-26-18-24(31)14-15-25(26)30(37)35(28)19-22-8-5-4-6-9-22/h4-6,8-15,18,20,27H,7,16-17,19,32H2,1-3H3/t27-/m1/s1",36517,CC(C)[C@@H](N(CCCN)C(=O)c1ccc(C)cc1)C2=Nc3cc(Cl)ccc3C(=O)N2Cc4ccccc4,NA
Input,MLS003221407,-0.26241035,InputSig,NA,NA,LINCSCP_57724,VCAP,10uM,6h,prostate,NA,NA,SLNSQTDVEFYGGW-UHFFFAOYSA-N,"InChI=1S/C31H27N3O4/c1-21(35)32-25-13-15-26(16-14-25)38-20-24-18-23(12-17-29(24)37-2)30-33-28-11-7-6-10-27(28)31(36)34(30)19-22-8-4-3-5-9-22/h3-18H,19-20H2,1-2H3,(H,32,35)",36142,COc1ccc(cc1COc2ccc(NC(=O)C)cc2)C3=Nc4ccccc4C(=O)N3Cc5ccccc5,NA
Input,4-Hydroxy-retinoic acid,-0.26232928,InputSig,NA,NA,LINCSCP_13297,FIBRNPC,10uM,6h,NA,Retinoid receptor binder,NA,KGUMXGDKXYTTEY-FRCNGJHJSA-N,"InChI=1S/C20H28O3/c1-14(7-6-8-15(2)13-19(22)23)9-10-17-16(3)18(21)11-12-20(17,4)5/h6-10,13,18,21H,11-12H2,1-5H3,(H,22,23)/b8-6+,10-9+,14-7+,15-13+",17673,C\C(=C/C=C/C(=C/C(=O)O)/C)\C=C\C1=C(C)C(O)CCC1(C)C,NA
Input,Gefitinib,-0.26221327,InputSig,NA,NA,LINCSCP_191485,A549,10uM,24h,lung,EGFR inhibitor,EGFR,XGALLCVXEZPNRQ-UHFFFAOYSA-N,"InChI=1S/C22H24ClFN4O3/c1-29-20-13-19-16(12-21(20)31-8-2-5-28-6-9-30-10-7-28)22(26-14-25-19)27-15-3-4-18(24)17(23)11-15/h3-4,11-14H,2,5-10H2,1H3,(H,25,26,27)",37794,COc1cc2ncnc(Nc3ccc(F)c(Cl)c3)c2cc1OCCCN4CCOCC4,4
Input,Nomegestrol Acetate,-0.26211752,InputSig,NA,NA,LINCSCP_55959,VCAP,10uM,24h,prostate,Progesterone receptor agonist,PGR,IIVBFTNIGYRNQY-YQLZSBIMSA-N,"InChI=1S/C23H30O4/c1-13-11-20-18(17-6-5-16(26)12-19(13)17)7-9-22(4)21(20)8-10-23(22,14(2)24)27-15(3)25/h11-12,17-18,20-21H,5-10H2,1-4H3/t17-,18-,20-,21+,22+,23+/m1/s1",35633,CC(=O)O[C@@]1(CC[C@H]2[C@@H]3C=C(C)C4=CC(=O)CC[C@@H]4[C@H]3CC[C@]12C)C(=O)C,3
Input,Volasertib (BI 6727),-0.26175768,InputSig,NA,NA,LINCSCP_109185,HELA,10uM,24h,large intestine,Serine/threonine-protein kinase PLK1 inhibitor,PLK1,NA,NA,NA,NA,NA
Input,Aminogenistein,-0.26146115,InputSig,NA,NA,LINCSCP_55621,VCAP,10uM,24h,prostate,Src inhibitor,LCK,YBQRUOMICVULNM-UHFFFAOYSA-N,"InChI=1S/C15H11NO3/c16-10-3-1-9(2-4-10)15-8-13(18)12-7-11(17)5-6-14(12)19-15/h1-8,17H,16H2",9927,Nc1ccc(cc1)C2=CC(=O)c3cc(O)ccc3O2,NA
Input,CHEMBL2355469,-0.26143365,InputSig,NA,NA,LINCSCP_60386,VCAP,5uM,24h,prostate,NA,NA,OYKBHWDUAQJSNT-GGJMMHKRSA-N,"InChI=1S/C30H32N4O7S/c1-20-16-34(21(2)18-35)42(37,38)29-9-6-23(5-4-22-10-12-31-13-11-22)14-27(29)41-28(20)17-33(3)30(36)32-24-7-8-25-26(15-24)40-19-39-25/h6-15,20-21,28,35H,16-19H2,1-3H3,(H,32,36)/t20-,21+,28+/m1/s1",36968,C[C@@H](CO)N1C[C@@H](C)[C@H](CN(C)C(=O)Nc2ccc3OCOc3c2)Oc4cc(ccc4S1(=O)=O)C#Cc5ccncc5,NA
Input,Moexipril,-0.26130004,InputSig,NA,NA,LINCSCP_11432,ASC,10uM,24h,adipose,Angiotensin converting enzyme inhibitor,ACE,UWWDHYUMIORJTA-HSQYWUDLSA-N,"InChI=1S/C27H34N2O7/c1-5-36-27(33)21(12-11-18-9-7-6-8-10-18)28-17(2)25(30)29-16-20-15-24(35-4)23(34-3)14-19(20)13-22(29)26(31)32/h6-10,14-15,17,21-22,28H,5,11-13,16H2,1-4H3,(H,31,32)/t17-,21-,22-/m0/s1",15563,CCOC(=O)[C@H](CCc1ccccc1)N[C@@H](C)C(=O)N2Cc3cc(OC)c(OC)cc3C[C@H]2C(=O)O,4
Input,Quinacrine,-0.26129549,InputSig,NA,NA,LINCSCP_56781,VCAP,10uM,24h,prostate,Cytokine production inhibitor|NFkB pathway inhibitor|TP53 activator,TP53,GPKJTRJOBQGKQK-UHFFFAOYSA-N,"InChI=1S/C23H30ClN3O/c1-5-27(6-2)13-7-8-16(3)25-23-19-11-9-17(24)14-22(19)26-21-12-10-18(28-4)15-20(21)23/h9-12,14-16H,5-8,13H2,1-4H3,(H,25,26)",15253,CCN(CC)CCCC(C)Nc1c2ccc(Cl)cc2nc3ccc(OC)cc13,2
Input,Metitepine,-0.26125845,InputSig,NA,NA,LINCSCP_47444,PC3,10uM,24h,prostate,Anti-HCVE2,HTR5A|HTR6|HTR7,RLJFTICUTYVZDG-UHFFFAOYSA-N,"InChI=1S/C20H24N2S2/c1-21-9-11-22(12-10-21)18-13-15-5-3-4-6-19(15)24-20-8-7-16(23-2)14-17(18)20/h3-8,14,18H,9-13H2,1-2H3",36224,CSc1ccc2Sc3ccccc3CC(N4CCN(C)CC4)c2c1,NA
Input,BRD-K41429297,-0.26118929,InputSig,NA,NA,LINCSCP_26403,HT29,10uM,6h,large intestine,NA,NA,RYXOQQNEEVIEQP-CUMRGQLISA-N,"InChI=1S/C31H33F4N5O5/c1-18-15-40(19(2)17-41)28(42)25-14-24(37-29(43)36-22-8-4-20(5-9-22)31(33,34)35)12-13-26(25)45-27(18)16-39(3)30(44)38-23-10-6-21(32)7-11-23/h4-14,18-19,27,41H,15-17H2,1-3H3,(H,38,44)(H2,36,37,43)/t18-,19+,27-/m0/s1",23383,C[C@H](CO)N1C[C@H](C)[C@H](CN(C)C(=O)Nc2ccc(F)cc2)Oc3ccc(NC(=O)Nc4ccc(cc4)C(F)(F)F)cc3C1=O,NA
Input,AC1NSZSY,-0.26113086,InputSig,NA,NA,LINCSCP_140950,MCF7,0.04uM,24h,breast,Progesterone receptor agonist,CYP17A1|NR3C2|PGR,RJKFOVLPORLFTN-OYEBDCLDSA-N,"InChI=1S/C21H30O2/c1-13(22)17-6-7-18-16-5-4-14-12-15(23)8-10-20(14,2)19(16)9-11-21(17,18)3/h12,16-19H,4-11H2,1-3H3/t16?,17-,18?,19?,20+,21-/m1/s1",435,CC(=O)[C@H]1CCC2C3CCC4=CC(=O)CC[C@]4(C)C3CC[C@]12C,NA
Input,ST50998727,-0.26103523,InputSig,NA,NA,LINCSCP_16297,HA1E,10uM,6h,kidney epithelial,NA,NA,DQOOAEOXHMQCIQ-PXNMLYILSA-N,InChI=1S/C19H9BrN4O4S/c20-10-7-13-17(21-9-10)23-18(25)16(29-19(23)22-13)8-11-5-6-15(28-11)12-3-1-2-4-14(12)24(26)27/h1-9H/b16-8-,17669,[O-][N+](=O)c1ccccc1c2oc(\C=C\3/Sc4nc5cc(Br)cnc5n4C3=O)cc2,NA
Input,BRD-K96989541,-0.26097628,InputSig,NA,NA,LINCSCP_61389,VCAP,5uM,6h,prostate,NA,NA,YDXYYDXTJISMJT-RNHFSVANSA-N,"InChI=1S/C27H39N5O4/c1-18(2)29-27(34)30-21-10-11-23-24(13-21)36-17-20(4)32(15-22-9-7-8-12-28-22)14-19(3)25(35-6)16-31(5)26(23)33/h7-13,18-20,25H,14-17H2,1-6H3,(H2,29,30,34)/t19-,20+,25+/m1/s1",25388,CO[C@H]1CN(C)C(=O)c2ccc(NC(=O)NC(C)C)cc2OC[C@H](C)N(Cc3ccccn3)C[C@H]1C,NA
Input,BRD-K52981369,-0.260902,InputSig,NA,NA,LINCSCP_63098,VCAP,5uM,24h,prostate,NA,NA,NFTCJLSEEOPUCW-SGNDLWITSA-N,"InChI=1S/C25H18FN3O2/c26-21-6-2-1-4-18(21)10-7-17-8-11-19(12-9-17)24-22(14-27)29(23(24)16-30)25(31)20-5-3-13-28-15-20/h1-6,8-9,11-13,15,22-24,30H,16H2/t22-,23+,24+/m1/s1",39477,OC[C@H]1[C@H]([C@@H](C#N)N1C(=O)c2cccnc2)c3ccc(cc3)C#Cc4ccccc4F,NA
Input,Norlichexanthone,-0.26022266,InputSig,NA,NA,LINCSCP_58432,VCAP,10uM,24h,prostate,Aurora kinase inhibitor|PIM kinase inhibitor|VEGFR inhibitor,AURKB|PIM1,AQZHBCDRWFMXIN-UHFFFAOYSA-N,"InChI=1S/C14H10O5/c1-6-2-7(15)4-10-12(6)14(18)13-9(17)3-8(16)5-11(13)19-10/h2-5,15-17H,1H3",36310,Cc1cc(O)cc2Oc3cc(O)cc(O)c3C(=O)c12,NA
Input,BRD-K57321627,-0.26017694,InputSig,NA,NA,LINCSCP_59894,VCAP,5uM,24h,prostate,NA,NA,BPHDJJLUUFUQJF-LGVUCKNBSA-N,"InChI=1S/C30H46N4O5/c1-20-17-34(21(2)19-35)29(37)25-16-24(31-28(36)22-10-6-4-7-11-22)14-15-26(25)39-27(20)18-33(3)30(38)32-23-12-8-5-9-13-23/h14-16,20-23,27,35H,4-13,17-19H2,1-3H3,(H,31,36)(H,32,38)/t20-,21-,27-/m1/s1",33151,C[C@H](CO)N1C[C@@H](C)[C@@H](CN(C)C(=O)NC2CCCCC2)Oc3ccc(NC(=O)C4CCCCC4)cc3C1=O,NA
Input,Netupitant,-0.25975005,InputSig,NA,NA,LINCSCP_162734,PC3,10uM,24h,prostate,Neurokinin 1 receptor antagonist,TACR1,WAXQNWCZJDTGBU-UHFFFAOYSA-N,"InChI=1S/C30H32F6N4O/c1-19-8-6-7-9-23(19)24-17-26(40-12-10-38(4)11-13-40)37-18-25(24)39(5)27(41)28(2,3)20-14-21(29(31,32)33)16-22(15-20)30(34,35)36/h6-9,14-18H,10-13H2,1-5H3",26659,CN(C(=O)C(C)(C)c1cc(cc(c1)C(F)(F)F)C(F)(F)F)c2cnc(cc2c3ccccc3C)N4CCN(C)CC4,4
Input,CCG-208102,-0.25962285,InputSig,NA,NA,LINCSCP_13256,FIBRNPC,10uM,24h,NA,NA,NA,AOPLBFBLFXYCNE-HVTWWXFQSA-N,"InChI=1S/C30H50N6O13S2/c1-15(2)11-19(28(46)47)35-25(43)16(7-8-22(38)39)33-27(45)20(14-50)32-21(37)13-31-24(42)18(12-23(40)41)34-26(44)17(9-10-51-6)36-29(48)49-30(3,4)5/h15-20,50H,7-14H2,1-6H3,(H,31,42)(H,32,37)(H,33,45)(H,34,44)(H,35,43)(H,36,48)(H,38,39)(H,40,41)(H,46,47)/t16-,17-,18-,19-,20-/m0/s1",11579,CSCC[C@H](NC(=O)OC(C)(C)C)C(=O)N[C@@H](CC(=O)O)C(=O)NCC(=O)N[C@@H](CS)C(=O)N[C@@H](CCC(=O)O)C(=O)N[C@@H](CC(C)C)C(=O)O,NA
Input,CEPHARANTHINE,-0.25956691,InputSig,NA,NA,LINCSCP_126628,HT29,10uM,24h,large intestine,NA,NA,YVPXVXANRNDGTA-WDYNHAJCSA-N,"InChI=1S/C37H38N2O6/c1-38-13-11-24-18-31(41-4)33-20-27(24)28(38)16-23-7-10-30(40-3)32(17-23)44-26-8-5-22(6-9-26)15-29-35-25(12-14-39(29)2)19-34-36(37(35)45-33)43-21-42-34/h5-10,17-20,28-29H,11-16,21H2,1-4H3/t28-,29+/m1/s1",27118,COc1ccc2C[C@H]3N(C)CCc4cc(OC)c(Oc5c6OCOc6cc7CCN(C)[C@@H](Cc8ccc(Oc1c2)cc8)c57)cc34,NA
Input,BRD-K43605845,-0.25939191,InputSig,NA,NA,LINCSCP_297165,VCAP,5uM,6h,prostate,NA,NA,VLYSFBPSHIXFSY-HFZPWKHCSA-N,"InChI=1S/C32H46N4O5/c1-22-18-36(23(2)21-37)31(38)17-25-16-27(34-32(39)33-26-8-6-5-7-9-26)12-15-29(25)41-30(22)20-35(3)19-24-10-13-28(40-4)14-11-24/h10-16,22-23,26,30,37H,5-9,17-21H2,1-4H3,(H2,33,34,39)/t22-,23+,30+/m1/s1",12727,COc1ccc(CN(C)C[C@@H]2Oc3ccc(NC(=O)NC4CCCCC4)cc3CC(=O)N(C[C@H]2C)[C@@H](C)CO)cc1,NA
Input,SA-1922111,-0.25906484,InputSig,NA,NA,LINCSCP_260938,NKDBA,1uM,24h,kidney epithelial,NA,NA,GKJWAAJOXZEIGR-KLJDGLGGSA-N,"InChI=1S/C27H31N3O3S/c1-20-7-2-3-9-26(20)34(32,33)29-15-4-5-16-30-24(18-29)27(25(30)19-31)22-12-10-21(11-13-22)23-8-6-14-28-17-23/h2-3,6-14,17,24-25,27,31H,4-5,15-16,18-19H2,1H3/t24-,25-,27-/m0/s1",13791,Cc1ccccc1S(=O)(=O)N2CCCCN3[C@@H](CO)[C@H]([C@@H]3C2)c4ccc(cc4)c5cccnc5,NA
Input,AC1O9B1U,-0.25900665,InputSig,NA,NA,LINCSCP_6031,A549,10uM,6h,lung,NA,NA,RKZHAKBSCCRTSX-RXUISWLBSA-N,"InChI=1S/C55H49N3O9/c1-63-41-21-16-34(17-22-41)14-15-35-18-25-44-43(30-35)55(54(62)56-44)47(52(60)57-27-26-39-31-45(64-2)46(65-3)32-40(39)33-57)49-53(61)67-50(37-12-8-5-9-13-37)48(36-10-6-4-7-11-36)58(49)51(55)38-19-23-42(24-20-38)66-29-28-59/h4-13,16-25,30-32,47-51,59H,26-29,33H2,1-3H3,(H,56,62)/t47-,48-,49-,50+,51+,55-/m1/s1",23161,COc1ccc(cc1)C#Cc2ccc3NC(=O)[C@@]4([C@H]([C@H]5N([C@@H]([C@@H](OC5=O)c6ccccc6)c7ccccc7)[C@H]4c8ccc(OCCO)cc8)C(=O)N9CCc%10cc(OC)c(OC)cc%10C9)c3c2,NA
Input,Dihydroegotamine,-0.2588918,InputSig,NA,NA,LINCSCP_56640,VCAP,10uM,24h,prostate,Serotonin receptor agonist,HTR1B|HTR1D,LUZRJRNZXALNLM-UHFFFAOYSA-N,"InChI=1S/C33H37N5O5/c1-32(35-29(39)21-15-23-22-10-6-11-24-28(22)20(17-34-24)16-25(23)36(2)18-21)31(41)38-26(14-19-8-4-3-5-9-19)30(40)37-13-7-12-27(37)33(38,42)43-32/h3-6,8-11,17,21,23,25-27,34,42H,7,12-16,18H2,1-2H3,(H,35,39)",15265,CN1CC(CC2C1Cc3c[nH]c4cccc2c34)C(=O)NC5(C)OC6(O)C7CCCN7C(=O)C(Cc8ccccc8)N6C5=O,NA
Input,"2-(4-(4-Chloro-1,2-diphenylbut-1-en-1-yl)phenoxy)-n,n-dimethylethanamine",-0.25889128,InputSig,NA,NA,LINCSCP_280498,PC3,10uM,24h,prostate,Estrogen receptor antagonist|Selective estrogen receptor modulator (SERM),ESR1,XFCLJVABOIYOMF-OCEACIFDSA-N,"InChI=1S/C26H28ClNO/c1-28(2)19-20-29-24-15-13-23(14-16-24)26(22-11-7-4-8-12-22)25(17-18-27)21-9-5-3-6-10-21/h3-16H,17-20H2,1-2H3/b26-25+",2344,CN(C)CCOc1ccc(cc1)\C(=C(/CCCl)\c2ccccc2)\c3ccccc3,NA
Input,DMP 777,-0.25876731,InputSig,NA,NA,LINCSCP_171942,YAPC,10uM,24h,pancreas,NA,NA,ZSDCIRYNTCVTMF-GIGWZHCTSA-N,"InChI=1S/C31H40N4O6/c1-5-8-24(22-11-14-25-26(19-22)40-20-39-25)32-30(38)35-28(37)31(6-2,7-3)29(35)41-23-12-9-21(10-13-23)27(36)34-17-15-33(4)16-18-34/h9-14,19,24,29H,5-8,15-18,20H2,1-4H3,(H,32,38)/t24-,29+/m1/s1",26878,CCC[C@@H](NC(=O)N1[C@@H](Oc2ccc(cc2)C(=O)N3CCN(C)CC3)C(CC)(CC)C1=O)c4ccc5OCOc5c4,NA
Input,KUC104545N,-0.25875423,InputSig,NA,NA,LINCSCP_57654,VCAP,10uM,6h,prostate,NA,NA,GESGZCWZXRTSCL-UHFFFAOYSA-N,"InChI=1S/C25H27ClN6O2/c26-19-6-8-20(9-7-19)30-16-14-29(15-17-30)12-3-11-27-23(33)18-32-24-21(4-1-10-28-24)31-13-2-5-22(31)25(32)34/h1-2,4-10,13H,3,11-12,14-18H2,(H,27,33)",35709,Clc1ccc(cc1)N2CCN(CCCNC(=O)CN3C(=O)c4cccn4c5cccnc35)CC2,NA
Input,TAK-715,-0.25862869,InputSig,NA,NA,LINCSCP_51648,SKBR3,1uM,6h,breast,P38 MAPK inhibitor,MAPK14,HEKAIDKUDLCBRU-UHFFFAOYSA-N,"InChI=1S/C24H21N3OS/c1-3-21-27-22(18-11-7-8-16(2)14-18)23(29-21)19-12-13-25-20(15-19)26-24(28)17-9-5-4-6-10-17/h4-15H,3H2,1-2H3,(H,25,26,28)",17496,CCc1nc(c2cccc(C)c2)c(s1)c3ccnc(NC(=O)c4ccccc4)c3,2
Input,BRD-K42056004,-0.25859288,InputSig,NA,NA,LINCSCP_59765,VCAP,5uM,6h,prostate,NA,NA,IAKBBZLEORGFOS-IUKKYPGJSA-N,"InChI=1S/C25H35N3O6S/c1-17-13-28(18(2)16-29)25(30)21-7-6-8-22(26-35(5,31)32)24(21)34-23(17)15-27(3)14-19-9-11-20(33-4)12-10-19/h6-12,17-18,23,26,29H,13-16H2,1-5H3/t17-,18-,23+/m0/s1",32768,COc1ccc(CN(C)C[C@H]2Oc3c(NS(=O)(=O)C)cccc3C(=O)N(C[C@@H]2C)[C@@H](C)CO)cc1,NA
Input,CCG-207980,-0.25827024,InputSig,NA,NA,LINCSCP_13122,FIBRNPC,10uM,24h,NA,MTOR inhibitor,NA,ISUUIOYLCHDFRW-NDHQICDLSA-N,"InChI=1S/C39H64O13/c1-18-7-12-39(17-47-18)19(2)28-25(52-39)14-24-22-6-5-20-13-21(8-10-37(20,3)23(22)9-11-38(24,28)4)48-36-34(32(45)30(43)27(16-41)50-36)51-35-33(46)31(44)29(42)26(15-40)49-35/h18-36,40-46H,5-17H2,1-4H3/t18?,19-,20+,21-,22+,23-,24-,25-,26+,27+,28-,29+,30-,31-,32-,33+,34+,35-,36+,37-,38-,39-/m0/s1",31650,CC1CC[C@@]2(CO1)O[C@H]3C[C@H]4[C@@H]5CC[C@@H]6C[C@H](CC[C@]6(C)[C@H]5CC[C@]4(C)[C@H]3[C@@H]2C)O[C@@H]7O[C@H](CO)[C@H](O)[C@H](O)[C@H]7O[C@@H]8O[C@H](CO)[C@@H](O)[C@H](O)[C@H]8O,NA
Input,THZ-2-98-01,-0.25808968,InputSig,NA,NA,LINCSCP_29521,MCF10A,0.5uM,24h,breast epithelial,IRAK1 inhibitor,NA,YYVIVPUDXXGAKS-WUXMJOGZSA-N,"InChI=1S/C28H27N7O2/c1-35(2)16-6-12-26(36)31-22-9-3-7-20(17-22)27(37)32-23-10-4-11-24(18-23)33-28-30-15-13-25(34-28)21-8-5-14-29-19-21/h3-15,17-19H,16H2,1-2H3,(H,31,36)(H,32,37)(H,30,33,34)/b12-6+",26531,CN(C)C\C=C\C(=O)Nc1cccc(c1)C(=O)Nc2cccc(Nc3nccc(n3)c4cccnc4)c2,NA
Input,THZ-2-98-01,-0.25808968,InputSig,NA,NA,LINCSCP_29521,MCF10A,0.5uM,24h,breast epithelial,IRAK1 inhibitor,NA,NA,NA,42713,NA,NA
Input,THZ-2-98-01,-0.25808968,InputSig,NA,NA,LINCSCP_29521,MCF10A,0.5uM,24h,breast epithelial,IRAK1 inhibitor,NA,NA,NA,42733,NA,NA
Input,GR-144053,-0.25794925,InputSig,NA,NA,LINCSCP_55633,VCAP,10uM,24h,prostate,Integrin antagonist,ITGB3,QGEGSJUSWLLZLH-UHFFFAOYSA-N,"InChI=1S/C18H27N5O2/c19-18(20)14-1-3-15(4-2-14)22-9-11-23(12-10-22)16-5-7-21(8-6-16)13-17(24)25/h1-4,16H,5-13H2,(H3,19,20)(H,24,25)",24165,NC(=N)c1ccc(cc1)N2CCN(CC2)C3CCN(CC(=O)O)CC3,NA
Input,AZD7545,-0.25787232,InputSig,NA,NA,LINCSCP_15339,HA1E,20uM,24h,kidney epithelial,Pyruvate dehydrogenase kinase inhibitor,NA,DTDZLJHKVNTQGZ-UHFFFAOYSA-N,"InChI=1S/C19H18ClF3N2O5S/c1-18(28,19(21,22)23)17(27)24-15-9-8-13(10-14(15)20)31(29,30)12-6-4-11(5-7-12)16(26)25(2)3/h4-10,28H,1-3H3,(H,24,27)",26875,CN(C)C(=O)c1ccc(cc1)S(=O)(=O)c2ccc(NC(=O)C(C)(O)C(F)(F)F)c(Cl)c2,NA
Input,AZD7545,-0.25787232,InputSig,NA,NA,LINCSCP_15339,HA1E,20uM,24h,kidney epithelial,Pyruvate dehydrogenase kinase inhibitor,NA,DTDZLJHKVNTQGZ-GOSISDBHSA-N,"InChI=1S/C19H18ClF3N2O5S/c1-18(28,19(21,22)23)17(27)24-15-9-8-13(10-14(15)20)31(29,30)12-6-4-11(5-7-12)16(26)25(2)3/h4-10,28H,1-3H3,(H,24,27)/t18-/m1/s1",1720,CN(C)C(=O)c1ccc(cc1)S(=O)(=O)c2ccc(NC(=O)[C@@](C)(O)C(F)(F)F)c(Cl)c2,NA
Input,Kolestevan,-0.25770654,InputSig,NA,NA,LINCSCP_56655,VCAP,10uM,24h,prostate,HMGCR inhibitor,HMGCR,RYMZZMVNJRMUDD-UHFFFAOYSA-N,"InChI=1S/C25H38O5/c1-6-25(4,5)24(28)30-21-12-15(2)11-17-8-7-16(3)20(23(17)21)10-9-19-13-18(26)14-22(27)29-19/h7-8,11,15-16,18-21,23,26H,6,9-10,12-14H2,1-5H3",35430,CCC(C)(C)C(=O)OC1CC(C)C=C2C=CC(C)C(CCC3CC(O)CC(=O)O3)C12,NA
Input,CHEMBL2136735,-0.25750379,InputSig,NA,NA,LINCSCP_69464,A375,10uM,24h,skin,FGFR inhibitor|PDGFR tyrosine kinase receptor inhibitor|VEGFR inhibitor,FGFR1|FGFR3|FLT1|FLT4|KDR|PDGFRA|PDGFRB,XZXHXSATPCNXJR-UHFFFAOYSA-N,"InChI=1S/C31H33N5O4/c1-34-15-17-36(18-16-34)20-27(37)35(2)24-12-10-23(11-13-24)32-29(21-7-5-4-6-8-21)28-25-14-9-22(31(39)40-3)19-26(25)33-30(28)38/h4-14,19,32H,15-18,20H2,1-3H3,(H,33,38)",14184,COC(=O)c1ccc2c(\C(=N\c3ccc(cc3)N(C)C(=O)CN4CCN(C)CC4)\c5ccccc5)c(O)[nH]c2c1,NA
Input,MLS000038106,-0.25733306,InputSig,NA,NA,LINCSCP_35848,MCF7,10uM,6h,breast,NA,NA,CYSOFAOLQAYKGU-UHFFFAOYSA-N,"InChI=1S/C15H10N2O2S/c18-20(19)13-6-2-1-5-11(13)12-8-7-10-4-3-9-16-14(10)15(12)17-20/h1-9,17H",15942,O=S1(=O)Nc2c(ccc3cccnc23)c4ccccc14,NA
Input,CHEMBL212197,-0.25713433,InputSig,NA,NA,LINCSCP_56213,VCAP,10uM,24h,prostate,Serotonin receptor agonist,HTR2A,MPBCKKVERDTCEL-UHFFFAOYSA-N,"InChI=1S/C11H14BrNO2/c1-14-9-4-8(12)11(15-2)7-3-6(5-13)10(7)9/h4,6H,3,5,13H2,1-2H3",15189,COc1cc(Br)c(OC)c2CC(CN)c12,NA
Input,BRD-A26787626-001-02-9,-0.25706906,InputSig,NA,NA,LINCSCP_180,A375,10uM,24h,skin,ATPase inhibitor,ATP2A1,TZCOBUQKVNFIQF-UHFFFAOYSA-N,"InChI=1S/C20H20N2O3/c1-9(23)14-18(24)17-16-11-8-21-13-6-4-5-10(15(11)13)7-12(16)20(2,3)22(17)19(14)25/h4-6,8,12,14,16-17,21H,7H2,1-3H3",22379,CC(=O)C1C(=O)C2C3C(Cc4cccc5[nH]cc3c45)C(C)(C)N2C1=O,NA
Input,"2-Phenyl-n-[4-(1,3-thiazol-2-ylsulfamoyl)phenyl]quinoline-4-carboxamide",-0.2567077,InputSig,NA,NA,LINCSCP_5207,A549,10uM,6h,lung,NA,NA,HMTRBVUBZDRDQO-UHFFFAOYSA-N,"InChI=1S/C25H18N4O3S2/c30-24(27-18-10-12-19(13-11-18)34(31,32)29-25-26-14-15-33-25)21-16-23(17-6-2-1-3-7-17)28-22-9-5-4-8-20(21)22/h1-16H,(H,26,29)(H,27,30)",35459,O=C(Nc1ccc(cc1)S(=O)(=O)Nc2nccs2)c3cc(nc4ccccc34)c5ccccc5,NA
Input,CID 46937243,-0.2566833,InputSig,NA,NA,LINCSCP_1644,A375,10uM,6h,skin,NA,NA,CYZUQDJBXAXVLN-UHFFFAOYSA-N,"InChI=1S/C34H32N4O3/c39-32(38-25-31(35-36-38)34(41,28-17-9-3-10-18-28)29-19-11-4-12-20-29)37-23-21-30(22-24-37)33(40,26-13-5-1-6-14-26)27-15-7-2-8-16-27/h1-20,25,30,40-41H,21-24H2",96,OC(C1CCN(CC1)C(=O)n2cc(nn2)C(O)(c3ccccc3)c4ccccc4)(c5ccccc5)c6ccccc6,NA
Input,BRD-K81218586,-0.25650586,InputSig,NA,NA,LINCSCP_48136,PC3,5uM,24h,prostate,NA,NA,SPNWIHHPPMUGLU-JVAKCPTJSA-N,"InChI=1S/C30H34Cl2N4O4/c1-19-15-36(20(2)18-37)29(38)14-23-13-24(34-30(39)22-8-10-33-11-9-22)5-7-27(23)40-28(19)17-35(3)16-21-4-6-25(31)26(32)12-21/h4-13,19-20,28,37H,14-18H2,1-3H3,(H,34,39)/t19-,20-,28-/m0/s1",33770,C[C@@H](CO)N1C[C@H](C)[C@H](CN(C)Cc2ccc(Cl)c(Cl)c2)Oc3ccc(NC(=O)c4ccncc4)cc3CC1=O,NA
Input,BRD-K14958998,-0.25629788,InputSig,NA,NA,LINCSCP_60845,VCAP,5uM,24h,prostate,NA,NA,FGARXSMYVPQAMN-IMWIBFENSA-N,"InChI=1S/C27H38N4O5S/c1-18-14-31(16-25-28-9-12-37-25)19(2)17-36-23-13-21(29-26(32)20-7-10-35-11-8-20)5-6-22(23)27(33)30(3)15-24(18)34-4/h5-6,9,12-13,18-20,24H,7-8,10-11,14-17H2,1-4H3,(H,29,32)/t18-,19+,24+/m1/s1",6974,CO[C@H]1CN(C)C(=O)c2ccc(NC(=O)C3CCOCC3)cc2OC[C@H](C)N(Cc4nccs4)C[C@H]1C,NA
Input,BRD-U86222656,-0.25628231,InputSig,NA,NA,LINCSCP_26318,HT29,10uM,6h,large intestine,NA,NA,NA,NA,42728,NA,NA
Input,Pinacidil,-0.25623002,InputSig,NA,NA,LINCSCP_75617,A375,0.37uM,24h,skin,ATP channel activator|Potassium channel activator,ABCC8|ABCC9,IVVNZDGDKPTYHK-UHFFFAOYSA-N,"InChI=1S/C13H19N5/c1-10(13(2,3)4)17-12(16-9-14)18-11-5-7-15-8-6-11/h5-8,10H,1-4H3,(H2,15,16,17,18)",32570,CC(N=C(NC#N)Nc1ccncc1)C(C)(C)C,4
Input,Clofibric acid,-0.25616598,InputSig,NA,NA,LINCSCP_108328,HELA,0.04uM,24h,large intestine,PPAR receptor agonist,PPARA,TXCGAZHTZHNUAI-UHFFFAOYSA-N,"InChI=1S/C10H11ClO3/c1-10(2,9(12)13)14-8-5-3-7(11)4-6-8/h3-6H,1-2H3,(H,12,13)",15469,CC(C)(Oc1ccc(Cl)cc1)C(=O)O,NA
Input,Simvastatin,-0.25612263,InputSig,NA,NA,LINCSCP_102465,HELA,10uM,24h,large intestine,HMG-CoA reductase inhibitor,HMGCR,RYMZZMVNJRMUDD-HGQWONQESA-N,"InChI=1S/C25H38O5/c1-6-25(4,5)24(28)30-21-12-15(2)11-17-8-7-16(3)20(23(17)21)10-9-19-13-18(26)14-22(27)29-19/h7-8,11,15-16,18-21,23,26H,6,9-10,12-14H2,1-5H3/t15-,16-,18+,19+,20-,21-,23-/m0/s1",35607,CCC(C)(C)C(=O)O[C@H]1C[C@@H](C)C=C2C=C[C@H](C)[C@H](CC[C@@H]3C[C@@H](O)CC(=O)O3)[C@@H]12,4
Input,JW 55,-0.25610741,InputSig,NA,NA,LINCSCP_84543,ASC,3.33uM,24h,adipose,NA,NA,ZJZWZIXSGNFWQQ-UHFFFAOYSA-N,"InChI=1S/C25H26N2O5/c1-30-21-10-6-19(7-11-21)25(12-15-31-16-13-25)17-26-23(28)18-4-8-20(9-5-18)27-24(29)22-3-2-14-32-22/h2-11,14H,12-13,15-17H2,1H3,(H,26,28)(H,27,29)",34334,COc1ccc(cc1)C2(CNC(=O)c3ccc(NC(=O)c4occc4)cc3)CCOCC2,NA
Input,Altanserin,-0.25607093,InputSig,NA,NA,LINCSCP_227385,HT29,10uM,6h,large intestine,Serotonin receptor antagonist,HTR2A,SMYALUSCZJXWHG-UHFFFAOYSA-N,"InChI=1S/C22H22FN3O2S/c23-17-7-5-15(6-8-17)20(27)16-9-11-25(12-10-16)13-14-26-21(28)18-3-1-2-4-19(18)24-22(26)29/h1-8,16H,9-14H2,(H,24,29)",15359,Fc1ccc(cc1)C(=O)C2CCN(CCN3C(=S)Nc4ccccc4C3=O)CC2,NA
Input,LY-294002,-0.25588976,InputSig,NA,NA,LINCSCP_67507,MCF7,3uM,24h,breast,MTOR inhibitor|DNA dependent protein kinase inhibitor|Phosphodiesterase inhibitor|PLK inhibitor,MTOR|PIK3CA|PIK3CB|PIK3CD|PIK3CG|PLK1|PRKDC,CZQHHVNHHHRRDU-UHFFFAOYSA-N,"InChI=1S/C19H17NO3/c21-17-13-18(20-9-11-22-12-10-20)23-19-15(7-4-8-16(17)19)14-5-2-1-3-6-14/h1-8,13H,9-12H2",38531,O=C1C=C(Oc2c1cccc2c3ccccc3)N4CCOCC4,NA
Input,BRD-K46769156,-0.25561181,InputSig,NA,NA,LINCSCP_297175,VCAP,5uM,6h,prostate,NA,NA,VLYSFBPSHIXFSY-IQLGONJTSA-N,"InChI=1S/C32H46N4O5/c1-22-18-36(23(2)21-37)31(38)17-25-16-27(34-32(39)33-26-8-6-5-7-9-26)12-15-29(25)41-30(22)20-35(3)19-24-10-13-28(40-4)14-11-24/h10-16,22-23,26,30,37H,5-9,17-21H2,1-4H3,(H2,33,34,39)/t22-,23-,30-/m1/s1",32896,COc1ccc(CN(C)C[C@H]2Oc3ccc(NC(=O)NC4CCCCC4)cc3CC(=O)N(C[C@H]2C)[C@H](C)CO)cc1,NA
Input,Iodophenpropit,-0.25543959,InputSig,NA,NA,LINCSCP_56165,VCAP,10uM,6h,prostate,Histamine receptor antagonist,HRH3|HRH4,UBHYDQAARZKHEZ-UHFFFAOYSA-N,"InChI=1S/C15H19IN4S/c16-13-5-3-12(4-6-13)7-8-19-15(17)21-9-1-2-14-10-18-11-20-14/h3-6,10-11H,1-2,7-9H2,(H2,17,19)(H,18,20)",33457,Ic1ccc(CCNC(=N)SCCCc2c[nH]cn2)cc1,NA
Input,AZD4547,-0.25532624,InputSig,NA,NA,LINCSCP_169212,YAPC,10uM,24h,pancreas,NA,NA,VRQMAABPASPXMW-HDICACEKSA-N,"InChI=1S/C26H33N5O3/c1-17-15-31(16-18(2)27-17)22-9-6-20(7-10-22)26(32)28-25-13-21(29-30-25)8-5-19-11-23(33-3)14-24(12-19)34-4/h6-7,9-14,17-18,27H,5,8,15-16H2,1-4H3,(H2,28,29,30,32)/t17-,18+",24521,COc1cc(CCc2cc(NC(=O)c3ccc(cc3)N4C[C@@H](C)N[C@@H](C)C4)n[nH]2)cc(OC)c1,NA
Input,Lidoflazine,-0.25530719,InputSig,NA,NA,LINCSCP_209001,HA1E,10uM,6h,kidney epithelial,Calcium channel blocker,NA,ZBIAKUMOEKILTF-UHFFFAOYSA-N,"InChI=1S/C30H35F2N3O/c1-22-5-3-6-23(2)30(22)33-29(36)21-35-19-17-34(18-20-35)16-4-7-28(24-8-12-26(31)13-9-24)25-10-14-27(32)15-11-25/h3,5-6,8-15,28H,4,7,16-21H2,1-2H3,(H,33,36)",15805,Cc1cccc(C)c1NC(=O)CN2CCN(CCCC(c3ccc(F)cc3)c4ccc(F)cc4)CC2,4
Input,SCHEMBL5945809,-0.2552769,InputSig,NA,NA,LINCSCP_27083,HT29,10uM,6h,large intestine,Serotonin receptor antagonist,HTR2A,AFZLABYDOCWQBQ-WOJBJXKFSA-N,"InChI=1S/C22H29NO3/c1-23-16-20(24)15-19(23)12-13-26-22-9-4-3-7-18(22)11-10-17-6-5-8-21(14-17)25-2/h3-9,14,19-20,24H,10-13,15-16H2,1-2H3/t19-,20-/m1/s1",15444,COc1cccc(CCc2ccccc2OCC[C@@H]3C[C@@H](O)CN3C)c1,NA
Input,BRD-K28397270,-0.25512091,InputSig,NA,NA,LINCSCP_60112,VCAP,5uM,6h,prostate,NA,NA,DIBJIDYNEHVBAV-QDLSXJSUSA-N,"InChI=1S/C30H41N3O5S/c1-22-19-33(23(2)21-34)39(36,37)29-17-16-25(15-14-24-10-6-4-7-11-24)18-27(29)38-28(22)20-32(3)30(35)31-26-12-8-5-9-13-26/h4,6-7,10-11,14-18,22-23,26,28,34H,5,8-9,12-13,19-21H2,1-3H3,(H,31,35)/b15-14+/t22-,23+,28+/m0/s1",5403,C[C@H](CO)N1C[C@H](C)[C@@H](CN(C)C(=O)NC2CCCCC2)Oc3cc(\C=C\c4ccccc4)ccc3S1(=O)=O,NA
Input,SCHEMBL6668531,-0.25495839,InputSig,NA,NA,LINCSCP_13875,HA1E,10uM,6h,kidney epithelial,Dopamine uptake inhibitor,SLC6A3,DASHZBBQOARCMQ-UHFFFAOYSA-N,"InChI=1S/C28H30F2N2O/c29-26-12-8-24(9-13-26)28(25-10-14-27(30)15-11-25)33-22-21-32-19-17-31(18-20-32)16-4-7-23-5-2-1-3-6-23/h1-15,28H,16-22H2",571,Fc1ccc(cc1)C(OCCN2CCN(CC=Cc3ccccc3)CC2)c4ccc(F)cc4,NA
Input,MLS003129672,-0.25465558,InputSig,NA,NA,LINCSCP_60801,VCAP,5uM,24h,prostate,NA,NA,KNHKBBCFGVHHOP-LQWHRVPQSA-N,"InChI=1S/C23H33N5O4/c1-17-12-28(18(2)15-29)22(30)10-7-11-27-13-20(24-25-27)16-32-21(17)14-26(3)23(31)19-8-5-4-6-9-19/h4-6,8-9,13,17-18,21,29H,7,10-12,14-16H2,1-3H3/t17-,18+,21+/m1/s1",1071,C[C@@H](CO)N1C[C@@H](C)[C@H](CN(C)C(=O)c2ccccc2)OCc3cn(CCCC1=O)nn3,NA
Input,Oxethazaine,-0.25459781,InputSig,NA,NA,LINCSCP_47539,PC3,10uM,24h,prostate,Local anesthetic,NA,FTLDJPRFCGDUFH-UHFFFAOYSA-N,"InChI=1S/C28H41N3O3/c1-27(2,19-23-13-9-7-10-14-23)29(5)25(33)21-31(17-18-32)22-26(34)30(6)28(3,4)20-24-15-11-8-12-16-24/h7-16,32H,17-22H2,1-6H3",16375,CN(C(=O)CN(CCO)CC(=O)N(C)C(C)(C)Cc1ccccc1)C(C)(C)Cc2ccccc2,3
Input,HG-14-10-04,-0.25444725,InputSig,NA,NA,LINCSCP_133510,MCF7,1.11uM,24h,breast,NA,NA,HRYNCLKDKCPYBF-UHFFFAOYSA-N,"InChI=1S/C29H34ClN7O/c1-35-13-15-37(16-14-35)20-9-11-36(12-10-20)21-7-8-26(27(17-21)38-2)33-29-32-19-24(30)28(34-29)23-18-31-25-6-4-3-5-22(23)25/h3-8,17-20,31H,9-16H2,1-2H3,(H,32,33,34)",34340,COc1cc(ccc1Nc2ncc(Cl)c(n2)c3c[nH]c4ccccc34)N5CCC(CC5)N6CCN(C)CC6,NA
Input,BRD-K19189705,-0.25421809,InputSig,NA,NA,LINCSCP_59467,VCAP,10uM,24h,prostate,NA,NA,NWAOHTRJRZZISF-DWAIMSSFSA-N,"InChI=1S/C35H45FN4O7S/c1-24-21-40(25(2)23-41)34(42)31-20-29(38-48(44,45)30-11-6-5-7-12-30)17-18-32(31)47-26(3)10-8-9-19-46-33(24)22-39(4)35(43)37-28-15-13-27(36)14-16-28/h5-7,11-18,20,24-26,33,38,41H,8-10,19,21-23H2,1-4H3,(H,37,43)/t24-,25-,26+,33+/m1/s1",12067,C[C@H](CO)N1C[C@@H](C)[C@H](CN(C)C(=O)Nc2ccc(F)cc2)OCCCC[C@H](C)Oc3ccc(NS(=O)(=O)c4ccccc4)cc3C1=O,NA
Input,CHEMBL1474387,-0.25417867,InputSig,NA,NA,LINCSCP_1310,A375,10uM,6h,skin,Neuropeptide receptor antagonist,NPSR1,VSWYSDPXUHVQCG-DTQAZKPQSA-N,"InChI=1S/C29H26N2PS/c1-24-29(32(33,26-17-7-3-8-18-26)27-19-9-4-10-20-27)31-22-12-11-21-28(31)30(24)23-13-16-25-14-5-2-6-15-25/h2-22H,23H2,1H3/q+1/b16-13+",17550,Cc1c(n2ccccc2[n+]1C\C=C\c3ccccc3)P(=S)(c4ccccc4)c5ccccc5,NA
Input,Rabusertib,-0.25408446,InputSig,NA,NA,LINCSCP_117561,HT29,0.12uM,24h,large intestine,Serine/threonine-protein kinase Chk1  inhibitor,CHEK1,SYYBDNPGDKKJDU-ZDUSSCGKSA-N,"InChI=1S/C18H22BrN5O3/c1-11-5-16(27-10-13-8-20-3-4-26-13)15(6-14(11)19)23-18(25)24-17-9-21-12(2)7-22-17/h5-7,9,13,20H,3-4,8,10H2,1-2H3,(H2,22,23,24,25)/t13-/m0/s1",39887,Cc1cnc(NC(=O)Nc2cc(Br)c(C)cc2OC[C@@H]3CNCCO3)cn1,2
Input,BRD-K60056908,-0.25397063,InputSig,NA,NA,LINCSCP_60216,VCAP,5uM,24h,prostate,NA,NA,KFBFJFZZVCOITQ-FRQCXROJSA-N,"InChI=1S/C23H33N3O6/c1-15-11-26(16(2)13-27)22(29)18-9-17(7-8-23(3,4)30)10-24-21(18)32-19(15)12-25(5)20(28)14-31-6/h9-10,15-16,19,27,30H,11-14H2,1-6H3/t15-,16+,19+/m0/s1",670,COCC(=O)N(C)C[C@H]1Oc2ncc(cc2C(=O)N(C[C@@H]1C)[C@H](C)CO)C#CC(C)(C)O,NA
Input,MLS003130220,-0.25389575,InputSig,NA,NA,LINCSCP_298863,VCAP,5uM,6h,prostate,NA,NA,CUSMSBFNEHNGNQ-SXDGJLEOSA-N,"InChI=1S/C29H39N5O4/c1-22-17-33(23(2)20-35)29(36)10-7-15-34-25(16-30-31-34)21-37-28(22)19-32(3)18-24-11-13-27(14-12-24)38-26-8-5-4-6-9-26/h4-6,8-9,11-14,16,22-23,28,35H,7,10,15,17-21H2,1-3H3/t22-,23+,28+/m0/s1",16663,C[C@H](CO)N1C[C@H](C)[C@@H](CN(C)Cc2ccc(Oc3ccccc3)cc2)OCc4cnnn4CCCC1=O,NA
Input,PF431396,-0.25381506,InputSig,NA,NA,LINCSCP_29923,MCF10A,1uM,24h,breast epithelial,Focal adhesion kinase inhibitor,NA,POJZIZBONPAWIV-UHFFFAOYSA-N,"InChI=1S/C22H21F3N6O3S/c1-31(35(2,33)34)18-6-4-3-5-13(18)11-26-20-16(22(23,24)25)12-27-21(30-20)28-15-7-8-17-14(9-15)10-19(32)29-17/h3-9,12H,10-11H2,1-2H3,(H,29,32)(H2,26,27,28,30)",17513,CN(c1ccccc1CNc2nc(Nc3ccc4NC(=O)Cc4c3)ncc2C(F)(F)F)S(=O)(=O)C,NA
Input,BRD-K92209998,-0.25378472,InputSig,NA,NA,LINCSCP_61384,VCAP,5uM,6h,prostate,NA,NA,RAFMLKNPZZMZRA-IQLGONJTSA-N,"InChI=1S/C33H39N3O6/c1-22-18-36(31(37)21-40-4)23(2)20-42-29-16-15-27(17-28(29)33(39)35(3)19-30(22)41-5)34-32(38)26-13-11-25(12-14-26)24-9-7-6-8-10-24/h6-17,22-23,30H,18-21H2,1-5H3,(H,34,38)/t22-,23-,30-/m1/s1",25253,COCC(=O)N1C[C@@H](C)[C@@H](CN(C)C(=O)c2cc(NC(=O)c3ccc(cc3)c4ccccc4)ccc2OC[C@H]1C)OC,NA
Input,Ursolic acid,-0.2537276,InputSig,NA,NA,LINCSCP_56921,VCAP,70uM,24h,prostate,11-beta hydroxysteroid dehydrogenase inhibitor|Acetylcholinesterase inhibitor|Caspase inhibitor|HIV protease inhibitor|Lipid peroxidase inhibitor|Quorum sensing signaling modulator|Steryl sulfatase inhibitor|Tyrosine phosphatase inhibitor|ATPase inhibitor|NFkB pathway inhibitor|STAT inhibitor,HSD11B1|PTPN1,WCGUUGGRBIKTOS-GPOJBZKASA-N,"InChI=1S/C30H48O3/c1-18-10-15-30(25(32)33)17-16-28(6)20(24(30)19(18)2)8-9-22-27(5)13-12-23(31)26(3,4)21(27)11-14-29(22,28)7/h8,18-19,21-24,31H,9-17H2,1-7H3,(H,32,33)/t18-,19+,21+,22-,23+,24+,27+,28-,29-,30+/m1/s1",38708,C[C@@H]1CC[C@@]2(CC[C@]3(C)C(=CC[C@@H]4[C@@]5(C)CC[C@H](O)C(C)(C)[C@@H]5CC[C@@]34C)[C@@H]2[C@H]1C)C(=O)O,NA
Input,BRD-K90281509,-0.25369502,InputSig,NA,NA,LINCSCP_200845,A549,10uM,24h,lung,NA,NA,LFSFSXVVLAKPPY-MQBJWECPSA-N,"InChI=1S/C35H44N4O6/c1-24-21-39(25(2)23-40)35(43)30-20-29(37-33(41)27-11-6-5-7-12-27)13-14-31(30)45-26(3)10-8-9-19-44-32(24)22-38(4)34(42)28-15-17-36-18-16-28/h5-7,11-18,20,24-26,32,40H,8-10,19,21-23H2,1-4H3,(H,37,41)/t24-,25+,26+,32+/m0/s1",13890,C[C@H](CO)N1C[C@H](C)[C@@H](CN(C)C(=O)c2ccncc2)OCCCC[C@@H](C)Oc3ccc(NC(=O)c4ccccc4)cc3C1=O,NA
Input,BRD-K38803221,-0.25363291,InputSig,NA,NA,LINCSCP_48965,PC3,10uM,24h,prostate,NA,NA,IVJGANVISNVREQ-BXOOBUKZSA-N,"InChI=1S/C32H43F3N4O4/c1-21-17-39(22(2)20-40)30(41)16-24-15-27(37-31(42)36-26-7-5-4-6-8-26)13-14-28(24)43-29(21)19-38(3)18-23-9-11-25(12-10-23)32(33,34)35/h9-15,21-22,26,29,40H,4-8,16-20H2,1-3H3,(H2,36,37,42)/t21-,22+,29+/m1/s1",32701,C[C@@H](CO)N1C[C@@H](C)[C@H](CN(C)Cc2ccc(cc2)C(F)(F)F)Oc3ccc(NC(=O)NC4CCCCC4)cc3CC1=O,NA
Input,MLS002607737,-0.2532874,InputSig,NA,NA,LINCSCP_26199,HT29,10uM,6h,large intestine,NA,NA,CHICKUIQNQRQIU-UHFFFAOYSA-N,"InChI=1S/C15H14BrN3S/c16-13-3-1-12(2-4-13)14-10-20-15(18-14)19-7-5-11(9-17)6-8-19/h1-4,10-11H,5-8H2",15409,Brc1ccc(cc1)c2csc(n2)N3CCC(CC3)C#N,NA
Input,TAK-285,-0.2531303,InputSig,NA,NA,LINCSCP_159902,PC3,10uM,24h,prostate,Epidermal growth factor receptor erbB1 inhibitor|Receptor protein-tyrosine kinase erbB-2 inhibitor,EGFR|ERBB2,ZYQXEVJIFYIBHZ-UHFFFAOYSA-N,"InChI=1S/C26H25ClF3N5O3/c1-25(2,37)14-22(36)31-9-11-35-10-8-20-23(35)24(33-15-32-20)34-17-6-7-21(19(27)13-17)38-18-5-3-4-16(12-18)26(28,29)30/h3-8,10,12-13,15,37H,9,11,14H2,1-2H3,(H,31,36)(H,32,33,34)",27187,CC(C)(O)CC(=O)NCCn1ccc2ncnc(Nc3ccc(Oc4cccc(c4)C(F)(F)F)c(Cl)c3)c12,1
Input,BMS-754807,-0.25304791,InputSig,NA,NA,LINCSCP_13476,H1299,10uM,6h,lung,IGF-1 inhibitor,IGF1R|INSR,LQVXSNNAFNGRAH-QHCPKHFHSA-N,"InChI=1S/C23H24FN9O/c1-23(21(34)26-15-7-8-18(24)25-13-15)9-3-10-32(23)22-28-20(17-4-2-11-33(17)31-22)27-19-12-16(29-30-19)14-5-6-14/h2,4,7-8,11-14H,3,5-6,9-10H2,1H3,(H,26,34)(H2,27,28,29,30,31)/t23-/m0/s1",36684,C[C@]1(CCCN1c2nc(Nc3cc([nH]n3)C4CC4)c5cccn5n2)C(=O)Nc6ccc(F)nc6,2
Input,AC1LUIBL,-0.25299974,InputSig,NA,NA,LINCSCP_22622,HEPG2,10uM,6h,liver,NA,NA,HSXDVXSIMYPYTJ-UHFFFAOYSA-N,"InChI=1S/C16H13ClN6O3S2/c1-22-15(10-2-4-11(17)5-3-10)20-21-16(22)27-9-13(24)19-18-8-12-6-7-14(28-12)23(25)26/h2-8H,9H2,1H3,(H,19,24)",23477,Cn1c(SCC(=O)NN=Cc2ccc(s2)[N+](=O)[O-])nnc1c3ccc(Cl)cc3,NA
Input,ZINC21985599,-0.2529356,InputSig,NA,NA,LINCSCP_43293,NPC,10uM,6h,neural progenitor cells,HMGCR inhibitor,HMGCR,PCRLJXQATRCBPW-SOWWUCBVSA-N,"InChI=1S/C23H36O4/c1-4-15(2)23(25)27-21-7-5-6-17-9-8-16(3)20(22(17)21)11-10-19-14-18(24)12-13-26-19/h6,8-9,15-16,18-22,24H,4-5,7,10-14H2,1-3H3/t15-,16-,18-,19+,20-,21-,22-/m0/s1",31658,CC[C@H](C)C(=O)O[C@H]1CCC=C2C=C[C@H](C)[C@H](CC[C@@H]3C[C@@H](O)CCO3)[C@@H]12,NA
Input,BRD-K88652561,-0.25292529,InputSig,NA,NA,LINCSCP_62186,VCAP,5uM,24h,prostate,NA,NA,LQIYJTVMCFCXBS-SSPYTLHUSA-N,"InChI=1S/C24H30N4O5S/c1-32-21-9-5-8-19(14-21)23-15-28(27-25-23)13-12-20-10-11-22(24(16-29)33-20)26-34(30,31)17-18-6-3-2-4-7-18/h2-9,14-15,20,22,24,26,29H,10-13,16-17H2,1H3/t20-,22-,24-/m0/s1",8623,COc1cccc(c1)c2cn(CC[C@@H]3CC[C@H](NS(=O)(=O)Cc4ccccc4)[C@H](CO)O3)nn2,NA
Input,SB225002,-0.25286943,InputSig,NA,NA,LINCSCP_224177,HT29,10uM,6h,large intestine,CC chemokine receptor antagonist,CXCR2,MQBZVUNNWUIPMK-UHFFFAOYSA-N,"InChI=1S/C13H10BrN3O4/c14-9-3-1-2-4-10(9)15-13(19)16-11-6-5-8(17(20)21)7-12(11)18/h1-7,18H,(H2,15,16,19)",15790,Oc1cc(ccc1NC(=O)Nc2ccccc2Br)[N+](=O)[O-],NA
Input,LM-1685,-0.25283296,InputSig,NA,NA,LINCSCP_226013,HT29,10uM,6h,large intestine,Cyclooxygenase inhibitor,PTGS2,UBZBOEWMQPWUKB-UHFFFAOYSA-N,"InChI=1S/C18H16ClNO4S/c1-24-18(21)17-10-13-9-15(25(2,22)23)7-8-16(13)20(17)11-12-3-5-14(19)6-4-12/h3-10H,11H2,1-2H3",1580,COC(=O)c1cc2cc(ccc2n1Cc3ccc(Cl)cc3)S(=O)(=O)C,NA
Input,BRD-K42466986,-0.25275761,InputSig,NA,NA,LINCSCP_298966,VCAP,5uM,6h,prostate,NA,NA,RLIRIECCVMDDQV-SVMVAKDDSA-N,"InChI=1S/C23H35N5O6S/c1-17-12-28(18(2)15-29)23(30)9-6-10-27-13-19(24-25-27)16-34-22(17)14-26(3)35(31,32)21-8-5-7-20(11-21)33-4/h5,7-8,11,13,17-18,22,29H,6,9-10,12,14-16H2,1-4H3/t17-,18+,22-/m0/s1",664,COc1cccc(c1)S(=O)(=O)N(C)C[C@@H]2OCc3cn(CCCC(=O)N(C[C@@H]2C)[C@H](C)CO)nn3,NA
Input,Amlodipine,-0.2526496,InputSig,NA,NA,LINCSCP_14813,HA1E,10uM,6h,kidney epithelial,Calcium channel blocker,CACNA1C|CACNA1D|CACNA1F|CACNA1S|CACNA2D1,HTIQEAQVCYTUBX-UHFFFAOYSA-N,"InChI=1S/C20H25ClN2O5/c1-4-28-20(25)18-15(11-27-10-9-22)23-12(2)16(19(24)26-3)17(18)13-7-5-6-8-14(13)21/h5-8,17,23H,4,9-11,22H2,1-3H3",5287,CCOC(=O)C1=C(COCCN)NC(=C(C1c2ccccc2Cl)C(=O)OC)C,4
Input,BRD-K50887310,-0.25242775,InputSig,NA,NA,LINCSCP_183936,A375,5uM,24h,skin,NA,NA,JLPSQBARJGYMKN-NLEAXPPASA-N,"InChI=1S/C23H32FN3O5/c1-25-8-10-26(11-9-25)22(29)12-17-6-7-20-21(32-17)15-31-14-16(28)13-27(20)23(30)18-4-2-3-5-19(18)24/h2-5,16-17,20-21,28H,6-15H2,1H3/t16-,17+,20+,21-/m0/s1",3416,CN1CCN(CC1)C(=O)C[C@H]2CC[C@@H]3[C@H](COC[C@@H](O)CN3C(=O)c4ccccc4F)O2,NA
Input,AZ628,-0.25241041,InputSig,NA,NA,LINCSCP_11891,BT20,10uM,6h,breast,RAF inhibitor,BRAF|RAF1,ZGBGPEDJXCYQPH-UHFFFAOYSA-N,"InChI=1S/C27H25N5O2/c1-17-8-9-21(31-25(33)18-6-5-7-19(12-18)27(2,3)15-28)14-24(17)30-20-10-11-23-22(13-20)26(34)32(4)16-29-23/h5-14,16,30H,1-4H3,(H,31,33)",15125,CN1C=Nc2ccc(Nc3cc(NC(=O)c4cccc(c4)C(C)(C)C#N)ccc3C)cc2C1=O,NA
Input,ML 3163,-0.25234464,InputSig,NA,NA,LINCSCP_13960,HA1E,10uM,6h,kidney epithelial,P38 MAPK inhibitor,MAPK14,PRYUWQSCZBKGMW-UHFFFAOYSA-N,"InChI=1S/C22H18FN3OS2/c1-29(27)19-8-2-15(3-9-19)14-28-22-25-20(16-4-6-18(23)7-5-16)21(26-22)17-10-12-24-13-11-17/h2-13H,14H2,1H3,(H,25,26)",16069,C[S+](O)c1ccc(CSc2nc(c3ccncc3)c([nH]2)c4ccc(F)cc4)cc1,NA
Input,NCGC00010694,-0.25218109,InputSig,NA,NA,LINCSCP_26297,HT29,10uM,6h,large intestine,NA,NA,XRFQRJXLBUIRJS-UHFFFAOYSA-N,"InChI=1S/C21H19N3O2/c1-24(13-18-7-4-10-26-18)21-19-12-16(8-9-20(19)22-14-23-21)15-5-3-6-17(11-15)25-2/h3-12,14H,13H2,1-2H3",15731,COc1cccc(c1)c2ccc3ncnc(N(C)Cc4occc4)c3c2,NA
Input,CHEMBL1270915,-0.25215709,InputSig,NA,NA,LINCSCP_57890,VCAP,10uM,6h,prostate,NA,NA,SYXWMKBMNLJPDN-UHFFFAOYSA-N,"InChI=1S/C22H14FN3O3S/c23-16-10-8-15(9-11-16)21(27)28-13-1-2-14-30-22-26-25-20(29-22)18-5-3-7-19-17(18)6-4-12-24-19/h3-12H,13-14H2",15692,Fc1ccc(cc1)C(=O)OCC#CCSc2oc(nn2)c3cccc4ncccc34,NA
Input,BRD-K38841486,-0.25207139,InputSig,NA,NA,LINCSCP_279291,PC3,10uM,24h,prostate,NA,NA,KSPMYNSTGYPJSZ-BPYKYCOYSA-N,"InChI=1S/C26H34N2O4S/c1-5-15-27(4)18-25-20(2)17-28(21(3)19-29)33(30,31)26-14-13-23(16-24(26)32-25)12-11-22-9-7-6-8-10-22/h6-10,13-14,16,20-21,25,29H,5,15,17-19H2,1-4H3/t20-,21+,25+/m0/s1",12589,CCCN(C)C[C@H]1Oc2cc(ccc2S(=O)(=O)N(C[C@@H]1C)[C@H](C)CO)C#Cc3ccccc3,NA
Input,Eplerenone,-0.25198465,InputSig,NA,NA,LINCSCP_72908,A375,0.37uM,24h,skin,Mineralocorticoid receptor antagonist,NR3C2,JUKPWJGBANNWMW-VWBFHTRKSA-N,"InChI=1S/C24H30O6/c1-21-7-4-14(25)10-13(21)11-15(20(27)28-3)19-16-5-8-23(9-6-18(26)30-23)22(16,2)12-17-24(19,21)29-17/h10,15-17,19H,4-9,11-12H2,1-3H3/t15-,16+,17-,19+,21+,22+,23-,24-/m1/s1",16852,COC(=O)[C@@H]1CC2=CC(=O)CC[C@]2(C)[C@@]34O[C@@H]3C[C@@]5(C)[C@@H](CC[C@@]56CCC(=O)O6)[C@H]14,4
Input,BRD-K84567604,-0.25190837,InputSig,NA,NA,LINCSCP_62937,VCAP,5uM,24h,prostate,NA,NA,MWNPJFSJRUIJTE-SBEKKQRLSA-N,"InChI=1S/C34H36N4O3S/c1-34(2,3)42(41)38-22-28-19-29(33(40)37-16-13-23-8-4-5-9-27(23)21-37)36-32(31(28)30(38)14-17-39)25-11-6-10-24(18-25)26-12-7-15-35-20-26/h4-12,15,18-20,30,39H,13-14,16-17,21-22H2,1-3H3/t30-,42-/m1/s1",4372,CC(C)(C)[S@@](=O)N1Cc2cc(nc(c3cccc(c3)c4cccnc4)c2[C@H]1CCO)C(=O)N5CCc6ccccc6C5,NA
Input,BRD-K74260403,-0.25167027,InputSig,NA,NA,LINCSCP_61279,VCAP,5uM,24h,prostate,NA,NA,DDFPKKGQTCCPIA-SUNYJGFJSA-N,"InChI=1S/C19H31N3O5S/c1-13-10-21(3)14(2)12-27-17-8-7-15(20-28(6,24)25)9-16(17)19(23)22(4)11-18(13)26-5/h7-9,13-14,18,20H,10-12H2,1-6H3/t13-,14-,18+/m0/s1",3999,CO[C@@H]1CN(C)C(=O)c2cc(NS(=O)(=O)C)ccc2OC[C@H](C)N(C)C[C@@H]1C,NA
Input,BRD-K16950565,-0.25098029,InputSig,NA,NA,LINCSCP_8228,A549,5uM,24h,lung,NA,NA,ZCWFLIQXFDCFQH-VUKRRIEASA-N,"InChI=1S/C34H45N5O5/c1-24-20-39(25(2)23-40)34(42)30-19-29(37-33(41)28-12-16-36-17-13-28)8-9-31(30)44-26(3)7-5-6-18-43-32(24)22-38(4)21-27-10-14-35-15-11-27/h8-17,19,24-26,32,40H,5-7,18,20-23H2,1-4H3,(H,37,41)/t24-,25+,26-,32-/m1/s1",25490,C[C@@H](CO)N1C[C@@H](C)[C@@H](CN(C)Cc2ccncc2)OCCCC[C@@H](C)Oc3ccc(NC(=O)c4ccncc4)cc3C1=O,NA
Input,SMR000127896,-0.25097618,InputSig,NA,NA,LINCSCP_23195,HEPG2,10uM,6h,liver,NA,NA,BWDIIPBAILAAOX-UHFFFAOYSA-N,"InChI=1S/C24H28FN3O3S/c1-2-31-24(30)27-11-9-20(10-12-27)26-23(29)18-5-8-22-21(15-18)28(13-14-32-22)16-17-3-6-19(25)7-4-17/h3-8,15,20H,2,9-14,16H2,1H3,(H,26,29)",18321,CCOC(=O)N1CCC(CC1)NC(=O)c2ccc3SCCN(Cc4ccc(F)cc4)c3c2,NA
Input,BRD-K80169513,-0.25078013,InputSig,NA,NA,LINCSCP_48579,PC3,10uM,24h,prostate,NA,NA,LOPBZILAZMWERO-MFACLRLHSA-N,"InChI=1S/C30H34N2O6S/c1-21-6-5-9-27(16-21)39(35,36)32-18-25(33)19-37-20-29-28(32)15-14-26(38-29)17-30(34)31-24-12-10-23(11-13-24)22-7-3-2-4-8-22/h2-13,16,25-26,28-29,33H,14-15,17-20H2,1H3,(H,31,34)/t25-,26+,28+,29-/m0/s1",7277,Cc1cccc(c1)S(=O)(=O)N2C[C@H](O)COC[C@@H]3O[C@@H](CC(=O)Nc4ccc(cc4)c5ccccc5)CC[C@@H]23,NA
Input,Rilpivirine,-0.2500642,InputSig,NA,NA,LINCSCP_156469,PC3,3.33uM,24h,prostate,Human immunodeficiency virus type 1 reverse transcriptase inhibitor,NA,YIBOMRUWOWDFLG-ONEGZZNKSA-N,"InChI=1S/C22H18N6/c1-15-12-18(4-3-10-23)13-16(2)21(15)27-20-9-11-25-22(28-20)26-19-7-5-17(14-24)6-8-19/h3-9,11-13H,1-2H3,(H2,25,26,27,28)/b4-3+",26977,Cc1cc(\C=C\C#N)cc(C)c1Nc2ccnc(Nc3ccc(cc3)C#N)n2,4
Input,VX-702,-0.2499192,InputSig,NA,NA,LINCSCP_52352,SKB,10uM,24h,NA,P38 MAPK inhibitor,MAPK14,FYSRKRZDBHOFAY-UHFFFAOYSA-N,"InChI=1S/C19H12F4N4O2/c20-9-4-5-10(14(23)8-9)16-11(18(24)28)6-7-15(26-16)27(19(25)29)17-12(21)2-1-3-13(17)22/h1-8H,(H2,24,28)(H2,25,29)",16283,NC(=O)N(c1ccc(C(=O)N)c(n1)c2ccc(F)cc2F)c3c(F)cccc3F,2
Input,BRD-K21363211,-0.2498382,InputSig,NA,NA,LINCSCP_60741,VCAP,5uM,24h,prostate,NA,NA,FOLOUAULJSJVDY-UMVBOHGHSA-N,"InChI=1S/C16H29N5O3/c1-12-9-20(13(2)10-22)16(23)5-4-6-21-14(7-18-19-21)11-24-15(12)8-17-3/h7,12-13,15,17,22H,4-6,8-11H2,1-3H3/t12-,13-,15-/m1/s1",23793,CNC[C@H]1OCc2cnnn2CCCC(=O)N(C[C@H]1C)[C@H](C)CO,NA
Input,BRD4770,-0.24982045,InputSig,NA,NA,LINCSCP_58402,VCAP,10uM,24h,prostate,Histone lysine methyltransferase inhibitor,EHMT2,UCGWYCMPZXDHNR-UHFFFAOYSA-N,"InChI=1S/C25H23N3O3/c1-31-24(30)20-14-15-22-21(17-20)26-25(27-23(29)19-12-6-3-7-13-19)28(22)16-8-11-18-9-4-2-5-10-18/h2-7,9-10,12-15,17H,8,11,16H2,1H3,(H,26,27,29)",34255,COC(=O)c1ccc2c(c1)nc(NC(=O)c3ccccc3)n2CCCc4ccccc4,NA
Input,ML7,-0.24973625,InputSig,NA,NA,LINCSCP_7536,A549,10uM,6h,lung,Myosin light chain kinase inhibitor,MYLK,GEHJIACZUFWBTK-UHFFFAOYSA-N,"InChI=1S/C15H17IN2O2S/c16-14-6-1-5-13-12(14)4-2-7-15(13)21(19,20)18-10-3-8-17-9-11-18/h1-2,4-7,17H,3,8-11H2",8888,Ic1cccc2c(cccc12)S(=O)(=O)N3CCCNCC3,NA
Input,Lithocholic acid,-0.24967274,InputSig,NA,NA,LINCSCP_260093,NEU,10uM,6h,NA,FXR antagonist|MDM inhibitor|PXR ligand|Tyrosine phosphatase inhibitor|Vitamin D receptor agonist|Vitamin D receptor ligand,NR1I2|VDR,SMEROWZSTRWXGI-HVATVPOCSA-N,"InChI=1S/C24H40O3/c1-15(4-9-22(26)27)19-7-8-20-18-6-5-16-14-17(25)10-12-23(16,2)21(18)11-13-24(19,20)3/h15-21,25H,4-14H2,1-3H3,(H,26,27)/t15-,16-,17-,18+,19-,20+,21+,23+,24-/m1/s1",38751,C[C@H](CCC(=O)O)[C@H]1CC[C@H]2[C@@H]3CC[C@@H]4C[C@H](O)CC[C@]4(C)[C@H]3CC[C@]12C,NA
Input,Gaboxadol,-0.24934544,InputSig,NA,NA,LINCSCP_137217,MCF7,0.37uM,24h,breast,GABA receptor agonist,GABRA1|GABRA2|GABRA3|GABRA4|GABRA5|GABRA6|GABRB1|GABRB2|GABRB3|GABRD,ZXRVKCBLGJOCEE-UHFFFAOYSA-N,"InChI=1S/C6H8N2O2/c9-6-4-1-2-7-3-5(4)10-8-6/h7H,1-3H2,(H,8,9)",16453,Oc1noc2CNCCc12,3
Input,R428,-0.24927286,InputSig,NA,NA,LINCSCP_169800,YAPC,10uM,24h,pancreas,NA,NA,KXMZDGSRSGHMMK-VWLOTQADSA-N,"InChI=1S/C30H34N8/c31-29-33-30(32-24-13-10-20-11-14-25(15-12-22(20)18-24)37-16-3-4-17-37)36-38(29)27-19-23-8-5-7-21-6-1-2-9-26(21)28(23)35-34-27/h1-2,6,9-10,13,18-19,25H,3-5,7-8,11-12,14-17H2,(H3,31,32,33,36)/t25-/m0/s1",26774,Nc1nc(Nc2ccc3CC[C@@H](CCc3c2)N4CCCC4)nn1c5cc6CCCc7ccccc7c6nn5,NA
Input,BRD-K65633533,-0.24906281,InputSig,NA,NA,LINCSCP_198793,A549,5uM,24h,lung,NA,NA,XWXBNJNOOSAFDW-DYEKYZERSA-N,"InChI=1S/C14H18N2O3/c1-19-8-13(18)16-11-6-15-10-5-3-2-4-9(10)14(11)12(16)7-17/h2-5,11-12,14-15,17H,6-8H2,1H3/t11-,12+,14+/m1/s1",13259,COCC(=O)N1[C@@H](CO)[C@@H]2[C@H]1CNc3ccccc23,NA
Input,BRD-K32628102,-0.24899343,InputSig,NA,NA,LINCSCP_279452,PC3,10uM,6h,prostate,NA,NA,RACQFZFWZFTGGO-ZLCUHAMRSA-N,"InChI=1S/C28H26F3N3O5/c29-16-5-7-21(30)15(9-16)13-32-26(36)12-18-11-20-19-10-17(6-8-24(19)39-27(20)25(14-35)38-18)33-28(37)34-23-4-2-1-3-22(23)31/h1-10,18,20,25,27,35H,11-14H2,(H,32,36)(H2,33,34,37)/t18-,20-,25-,27+/m0/s1",32539,OC[C@@H]1O[C@H](CC(=O)NCc2cc(F)ccc2F)C[C@@H]3[C@H]1Oc4ccc(NC(=O)Nc5ccccc5F)cc34,NA
Input,BRD-K71894218,-0.24889439,InputSig,NA,NA,LINCSCP_48820,PC3,10uM,24h,prostate,NA,NA,KBDYTXJNXXZTGD-UNTHUGQZSA-N,"InChI=1S/C33H37N3O5S/c1-24-20-36(25(2)23-37)42(38,39)33-14-11-28(27-15-17-34-18-16-27)19-31(33)41-32(24)22-35(3)21-26-9-12-30(13-10-26)40-29-7-5-4-6-8-29/h4-19,24-25,32,37H,20-23H2,1-3H3/t24-,25+,32-/m0/s1",33505,C[C@H](CO)N1C[C@H](C)[C@H](CN(C)Cc2ccc(Oc3ccccc3)cc2)Oc4cc(ccc4S1(=O)=O)c5ccncc5,NA
Input,PK04PUR_000067,-0.24882791,InputSig,NA,NA,LINCSCP_26466,HT29,10uM,6h,large intestine,NA,NA,UZZAMZWKUNZZKI-CSZNDCDSSA-N,"InChI=1S/C35H43IN4O6/c36-30-16-23(21-41)1-6-29(30)32-35(27-2-4-28(5-3-27)40(44)45,33(43)37-7-8-38-9-11-46-12-10-38)20-31(42)39(32)22-34-17-24-13-25(18-34)15-26(14-24)19-34/h1-6,16,24-26,32,41H,7-15,17-22H2,(H,37,43)/t24?,25?,26?,32-,34?,35-/m1/s1",31585,OCc1ccc([C@H]2N(CC34CC5CC(CC(C5)C3)C4)C(=O)C[C@@]2(C(=O)NCCN6CCOCC6)c7ccc(cc7)[N+](=O)[O-])c(I)c1,NA
Input,C26H38O6,-0.2487661,InputSig,NA,NA,LINCSCP_59540,VCAP,10uM,6h,prostate,Glucocorticoid receptor agonist,NA,FZCHYNWYXKICIO-UHFFFAOYSA-N,"InChI=1S/C26H38O6/c1-4-5-6-22(31)32-26(21(30)15-27)12-10-19-18-8-7-16-13-17(28)9-11-24(16,2)23(18)20(29)14-25(19,26)3/h13,18-20,23,27,29H,4-12,14-15H2,1-3H3",209,CCCCC(=O)OC1(CCC2C3CCC4=CC(=O)CCC4(C)C3C(O)CC12C)C(=O)CO,NA
Input,BRD-K07591847,-0.24865118,InputSig,NA,NA,LINCSCP_64060,VCAP,5uM,6h,prostate,NA,NA,ARVCVDNKKYJMNG-TWXAQOBRSA-N,"InChI=1S/C26H27N5O5/c1-2-29-25(33)24-19(12-32)18-11-30-20(5-4-17(26(30)34)16-8-27-13-28-9-16)23(18)31(24)10-15-3-6-21-22(7-15)36-14-35-21/h3-9,13,18-19,23-24,32H,2,10-12,14H2,1H3,(H,29,33)/t18-,19-,23+,24-/m0/s1",1384,CCNC(=O)[C@@H]1[C@@H](CO)[C@@H]2CN3C(=O)C(=CC=C3[C@@H]2N1Cc4ccc5OCOc5c4)c6cncnc6,NA
Input,BRD-K00188019,-0.24862783,InputSig,NA,NA,LINCSCP_64346,VCAP,5uM,6h,prostate,NA,NA,OANCONKVZGQSHB-CDNUTCOBSA-N,"InChI=1S/C35H46N4O5/c1-25-21-39(26(2)24-40)35(42)31-20-30(37-34(41)29-15-17-36-18-16-29)13-14-32(31)44-27(3)10-8-9-19-43-33(25)23-38(4)22-28-11-6-5-7-12-28/h5-7,11-18,20,25-27,33,40H,8-10,19,21-24H2,1-4H3,(H,37,41)/t25-,26-,27-,33+/m1/s1",31703,C[C@H](CO)N1C[C@@H](C)[C@H](CN(C)Cc2ccccc2)OCCCC[C@@H](C)Oc3ccc(NC(=O)c4ccncc4)cc3C1=O,NA
Input,PCI-32765,-0.24856614,InputSig,NA,NA,LINCSCP_83127,ASC.C,0.04uM,24h,NA,BTK inhibitor,BTK,XYFPWWZEPKGCCK-UHFFFAOYSA-N,"InChI=1S/C25H24N6O2/c1-2-21(32)30-14-6-7-18(15-30)31-25-22(24(26)27-16-28-25)23(29-31)17-10-12-20(13-11-17)33-19-8-4-3-5-9-19/h2-5,8-13,16,18H,1,6-7,14-15H2,(H2,26,27,28)",17525,Nc1ncnc2c1c(nn2C3CCCN(C3)C(=O)C=C)c4ccc(Oc5ccccc5)cc4,NA
Input,PNU-99194A,-0.24839691,InputSig,NA,NA,LINCSCP_220772,HEPG2,10uM,6h,liver,Dopamine receptor antagonist,DRD3,UOLJKAPABHXFRE-UHFFFAOYSA-N,"InChI=1S/C17H27NO2/c1-5-7-18(8-6-2)15-9-13-11-16(19-3)17(20-4)12-14(13)10-15/h11-12,15H,5-10H2,1-4H3",6141,CCCN(CCC)C1Cc2cc(OC)c(OC)cc2C1,NA
Input,CHEMBL1982812,-0.24832892,InputSig,NA,NA,LINCSCP_16807,HA1E,10uM,6h,kidney epithelial,NA,NA,GEPQSEIVCGMSGO-DXCNDIKUSA-N,"InChI=1S/C35H45FN4O7S/c1-24-21-40(25(2)23-41)34(42)31-20-29(38-35(43)37-28-11-6-5-7-12-28)15-18-32(31)47-26(3)10-8-9-19-46-33(24)22-39(4)48(44,45)30-16-13-27(36)14-17-30/h5-7,11-18,20,24-26,33,41H,8-10,19,21-23H2,1-4H3,(H2,37,38,43)/t24-,25-,26-,33+/m0/s1",16574,C[C@@H](CO)N1C[C@H](C)[C@@H](CN(C)S(=O)(=O)c2ccc(F)cc2)OCCCC[C@H](C)Oc3ccc(NC(=O)Nc4ccccc4)cc3C1=O,NA
Input,HMS2093P09,-0.24828351,InputSig,NA,NA,LINCSCP_56469,VCAP,10uM,6h,prostate,Progesterone receptor agonist,PGR,KIQQMECNKUGGKA-OMEWWMGKSA-N,"InChI=1S/C23H31NO3/c1-4-22-12-10-19-18-9-7-17(24-26)14-16(18)6-8-20(19)21(22)11-13-23(22,5-2)27-15(3)25/h2,14,18-21,26H,4,6-13H2,1,3H3/b24-17+/t18?,19?,20?,21?,22-,23-/m0/s1",11,CC[C@]12CCC3C(CCC4=C\C(=N\O)\CCC34)C1CC[C@@]2(OC(=O)C)C#C,NA
Input,PF 543,-0.24824001,InputSig,NA,NA,LINCSCP_28671,HT29,10uM,24h,large intestine,Sphingosine kinase inhibitor,SPHK1,NPUXORBZRBIOMQ-RUZDIDTESA-N,"InChI=1S/C27H31NO4S/c1-21-14-24(20-33(30,31)27-7-3-2-4-8-27)16-26(15-21)32-19-23-11-9-22(10-12-23)17-28-13-5-6-25(28)18-29/h2-4,7-12,14-16,25,29H,5-6,13,17-20H2,1H3/t25-/m1/s1",40360,Cc1cc(CS(=O)(=O)c2ccccc2)cc(OCc3ccc(CN4CCC[C@@H]4CO)cc3)c1,NA
Input,Nisoxetine,-0.24808509,InputSig,NA,NA,LINCSCP_80845,A375,1.11uM,24h,skin,Norepinephrine reuptake inhibitor,SLC6A2,ITJNARMNRKSWTA-UHFFFAOYSA-N,"InChI=1S/C17H21NO2/c1-18-13-12-15(14-8-4-3-5-9-14)20-17-11-7-6-10-16(17)19-2/h3-11,15,18H,12-13H2,1-2H3",9189,CNCCC(Oc1ccccc1OC)c2ccccc2,NA
Input,BRD-A82197375,-0.24804521,InputSig,NA,NA,LINCSCP_169416,YAPC,10uM,24h,pancreas,NA,NA,NA,NA,NA,NA,NA
Input,Lomerizine,-0.24797933,InputSig,NA,NA,LINCSCP_172169,YAPC,10uM,24h,pancreas,Calcium channel blocker,NA,JQSAYKKFZOSZGJ-UHFFFAOYSA-N,"InChI=1S/C27H30F2N2O3/c1-32-24-13-8-21(26(33-2)27(24)34-3)18-30-14-16-31(17-15-30)25(19-4-9-22(28)10-5-19)20-6-11-23(29)12-7-20/h4-13,25H,14-18H2,1-3H3",16385,COc1ccc(CN2CCN(CC2)C(c3ccc(F)cc3)c4ccc(F)cc4)c(OC)c1OC,NA
Input,CHEMBL3183439,-0.24795116,InputSig,NA,NA,LINCSCP_16789,HA1E,10uM,6h,kidney epithelial,NA,NA,RUOZLMFIBHXSJW-GTNJKRJXSA-N,"InChI=1S/C31H35F3N4O4/c1-20-16-38(21(2)19-39)29(40)26-15-25(36-30(41)35-24-7-5-4-6-8-24)13-14-27(26)42-28(20)18-37(3)17-22-9-11-23(12-10-22)31(32,33)34/h4-15,20-21,28,39H,16-19H2,1-3H3,(H2,35,36,41)/t20-,21+,28-/m0/s1",19570,C[C@H](CO)N1C[C@H](C)[C@H](CN(C)Cc2ccc(cc2)C(F)(F)F)Oc3ccc(NC(=O)Nc4ccccc4)cc3C1=O,NA
Input,Phenacetin,-0.24792272,InputSig,NA,NA,LINCSCP_30208,MCF7,10uM,6h,breast,Cyclooxygenase inhibitor,PTGS1,CPJSUEIXXCENMM-UHFFFAOYSA-N,"InChI=1S/C10H13NO2/c1-3-13-10-6-4-9(5-7-10)11-8(2)12/h4-7H,3H2,1-2H3,(H,11,12)",35727,CCOc1ccc(NC(=O)C)cc1,4
Input,PI-103,-0.2477785,InputSig,NA,NA,LINCSCP_103620,HELA,10uM,24h,large intestine,MTOR inhibitor|PI3K inhibitor,MTOR|PIK3CA|PIK3CB|PIK3CD|PIK3CG,TUVCWJQQGGETHL-UHFFFAOYSA-N,"InChI=1S/C19H16N4O3/c24-13-4-1-3-12(11-13)17-21-15-14-5-2-6-20-19(14)26-16(15)18(22-17)23-7-9-25-10-8-23/h1-6,11,24H,7-10H2",17518,Oc1cccc(c1)c2nc(N3CCOCC3)c4oc5ncccc5c4n2,NA
Input,F1394-0084,-0.24777519,InputSig,NA,NA,LINCSCP_16337,HA1E,10uM,6h,kidney epithelial,NA,NA,GGOHFJAXUJJYNI-UHFFFAOYSA-N,"InChI=1S/C21H22N4O/c1-15-6-7-19-16(14-15)20-21(23-18-5-3-2-4-17(18)22-20)25(19)9-8-24-10-12-26-13-11-24/h2-7,14H,8-13H2,1H3",36285,Cc1ccc2c(c1)c3nc4ccccc4nc3n2CCN5CCOCC5,NA
Input,MLS003129666,-0.24736046,InputSig,NA,NA,LINCSCP_60567,VCAP,5uM,24h,prostate,NA,NA,MTUQQJRKJJVDPI-WWMYMODYSA-N,"InChI=1S/C24H33F3N6O4/c1-16-12-32(17(2)14-34)22(35)9-6-10-33-18(11-28-30-33)15-37-21(16)13-31(3)23(36)29-20-8-5-4-7-19(20)24(25,26)27/h4-5,7-8,11,16-17,21,34H,6,9-10,12-15H2,1-3H3,(H,29,36)/t16-,17+,21+/m1/s1",685,C[C@@H](CO)N1C[C@@H](C)[C@H](CN(C)C(=O)Nc2ccccc2C(F)(F)F)OCc3cnnn3CCCC1=O,NA
Input,869288-64-2,-0.24728502,InputSig,NA,NA,LINCSCP_147235,NEU,0.37uM,24h,NA,NA,NA,HESLKTSGTIBHJU-UHFFFAOYSA-N,"InChI=1S/C22H20F3N5O3S/c1-34(32,33)16-4-2-3-13(9-16)11-26-20-17(22(23,24)25)12-27-21(30-20)28-15-6-7-18-14(10-15)5-8-19(31)29-18/h2-4,6-7,9-10,12H,5,8,11H2,1H3,(H,29,31)(H2,26,27,28,30)",19899,CS(=O)(=O)c1cccc(CNc2nc(Nc3ccc4NC(=O)CCc4c3)ncc2C(F)(F)F)c1,NA
Input,"Temsirolimus (CCI-779, NSC 683864)",-0.24717429,InputSig,NA,NA,LINCSCP_154880,PC3,0.37uM,24h,prostate,mTOR inhibitor,MTOR,CBPNZQVSJQDFBE-SREVRWKESA-N,"InChI=1S/C56H87NO16/c1-33-17-13-12-14-18-34(2)45(68-9)29-41-22-20-39(7)56(67,73-41)51(63)52(64)57-24-16-15-19-42(57)53(65)71-46(30-43(60)35(3)26-38(6)49(62)50(70-11)48(61)37(5)25-33)36(4)27-40-21-23-44(47(28-40)69-10)72-54(66)55(8,31-58)32-59/h12-14,17-18,26,33,35-37,39-42,44-47,49-50,58-59,62,67H,15-16,19-25,27-32H2,1-11H3/b14-12+,17-13+,34-18+,38-26+/t33-,35-,36-,37-,39-,40+,41-,42+,44+,45+,46+,47-,49-,50+,56-/m1/s1",27192,CO[C@@H]1C[C@H](C[C@@H](C)[C@@H]2CC(=O)[C@H](C)\C=C(/C)\[C@@H](O)[C@@H](OC)C(=O)[C@H](C)C[C@H](C)\C=C\C=C\C=C(/C)\[C@H](C[C@H]3CC[C@@H](C)[C@@](O)(O3)C(=O)C(=O)N4CCCC[C@H]4C(=O)O2)OC)CC[C@@H]1OC(=O)C(C)(CO)CO,NA
Input,BRD-K62265198,-0.24685621,InputSig,NA,NA,LINCSCP_306620,VCAP,5uM,6h,prostate,NA,NA,UIBIEJVTTJAUBZ-LCBFVJPYSA-N,"InChI=1S/C30H32ClN3O6S/c1-19(20-6-4-3-5-7-20)32-29(35)17-23-11-14-26-28(40-23)18-39-27-15-10-22(16-25(27)30(36)34(26)2)33-41(37,38)24-12-8-21(31)9-13-24/h3-10,12-13,15-16,19,23,26,28,33H,11,14,17-18H2,1-2H3,(H,32,35)/t19-,23+,26+,28+/m1/s1",3858,C[C@@H](NC(=O)C[C@@H]1CC[C@H]2[C@H](COc3ccc(NS(=O)(=O)c4ccc(Cl)cc4)cc3C(=O)N2C)O1)c5ccccc5,NA
Input,Salmeterol,-0.24669682,InputSig,NA,NA,LINCSCP_237991,MCF7,10uM,6h,breast,Adrenergic receptor agonist,ADRB2,GIIZNNXWQWCKIB-UHFFFAOYSA-N,"InChI=1S/C25H37NO4/c27-20-23-18-22(13-14-24(23)28)25(29)19-26-15-7-1-2-8-16-30-17-9-6-12-21-10-4-3-5-11-21/h3-5,10-11,13-14,18,25-29H,1-2,6-9,12,15-17,19-20H2",15155,OCc1cc(ccc1O)C(O)CNCCCCCCOCCCCc2ccccc2,4
Input,CHEMBL3182146,-0.24660347,InputSig,NA,NA,LINCSCP_178209,A375,10uM,6h,skin,NA,NA,WKGQAVHYVHTCRH-UHFFFAOYSA-N,"InChI=1S/C19H25Cl2N3O4/c1-4-28-16(25)12-7-9-24(10-8-12)17(26)19(2,3)23-18(27)22-15-6-5-13(20)11-14(15)21/h5-6,11-12H,4,7-10H2,1-3H3,(H2,22,23,27)",35640,CCOC(=O)C1CCN(CC1)C(=O)C(C)(C)NC(=O)Nc2ccc(Cl)cc2Cl,NA
Input,Protriptyline,-0.24656396,InputSig,NA,NA,LINCSCP_157259,PC3,10uM,24h,prostate,Serotonin transporter inhibitor|Norepinephrine transporter inhibitor,SLC6A2|SLC6A4,BWPIARFWQZKAIA-UHFFFAOYSA-N,"InChI=1S/C19H21N/c1-20-14-6-11-19-17-9-4-2-7-15(17)12-13-16-8-3-5-10-18(16)19/h2-5,7-10,12-13,19-20H,6,11,14H2,1H3",27913,CNCCCC1c2ccccc2C=Cc3ccccc13,4
Input,CHEMBL2139002,-0.24647114,InputSig,NA,NA,LINCSCP_193799,A549,10uM,6h,lung,NA,NA,SIHGKWCNYKQFFR-PEFAJXDASA-N,"InChI=1S/C37H40N4O7/c1-24-19-41(25(2)22-42)36(43)31-17-27(38-37(44)39-28-12-16-33-34(18-28)46-23-45-33)11-15-32(31)48-35(24)21-40(3)20-26-9-13-30(14-10-26)47-29-7-5-4-6-8-29/h4-18,24-25,35,42H,19-23H2,1-3H3,(H2,38,39,44)/t24-,25-,35+/m0/s1",40125,C[C@@H](CO)N1C[C@H](C)[C@@H](CN(C)Cc2ccc(Oc3ccccc3)cc2)Oc4ccc(NC(=O)Nc5ccc6OCOc6c5)cc4C1=O,NA
Input,BRD-K84447176,-0.24641548,InputSig,NA,NA,LINCSCP_60244,VCAP,5uM,24h,prostate,NA,NA,BMTZFXAWOLTARL-UZINWLIJSA-N,"InChI=1S/C27H36N2O5S/c1-6-14-28(4)18-26-20(2)17-29(21(3)19-30)35(31,32)27-13-12-23(16-25(27)34-26)11-10-22-8-7-9-24(15-22)33-5/h7-9,12-13,15-16,20-21,26,30H,6,14,17-19H2,1-5H3/t20-,21+,26-/m0/s1",28948,CCCN(C)C[C@@H]1Oc2cc(ccc2S(=O)(=O)N(C[C@@H]1C)[C@H](C)CO)C#Cc3cccc(OC)c3,NA
Input,N9-Isopropylolomoucine,-0.24626035,InputSig,NA,NA,LINCSCP_39798,MDST8,100uM,6h,intestine,CDK inhibitor,CDK1|CDK5,WHDJEAZLMYPLGL-UHFFFAOYSA-N,"InChI=1S/C17H22N6O/c1-12(2)23-11-20-14-15(19-10-13-6-4-3-5-7-13)21-17(18-8-9-24)22-16(14)23/h3-7,11-12,24H,8-10H2,1-2H3,(H2,18,19,21,22)",35984,CC(C)n1cnc2c(NCc3ccccc3)nc(NCCO)nc12,NA
Input,WHI-P97,-0.24615112,InputSig,NA,NA,LINCSCP_117900,HT29,0.37uM,24h,large intestine,EGFR inhibitor|JAK inhibitor|Leukotriene inhibitor|Mediator release inhibitor,JAK3,YVCXQRVVNQMZEI-UHFFFAOYSA-N,"InChI=1S/C16H13Br2N3O3/c1-23-13-5-9-12(6-14(13)24-2)19-7-20-16(9)21-8-3-10(17)15(22)11(18)4-8/h3-7,22H,1-2H3,(H,19,20,21)",23521,COc1cc2ncnc(Nc3cc(Br)c(O)c(Br)c3)c2cc1OC,NA
Input,SMR000651464,-0.24593131,InputSig,NA,NA,LINCSCP_22037,HEPG2,10uM,6h,liver,NA,NA,MXMBOWGXAIDUJE-UHFFFAOYSA-N,"InChI=1S/C21H24N4O2S/c1-14-7-10-23(11-8-14)17(26)13-25-16-6-3-2-5-15(16)18-19(25)20(27)24-9-4-12-28-21(24)22-18/h2-3,5-6,14H,4,7-13H2,1H3",35710,CC1CCN(CC1)C(=O)Cn2c3C(=O)N4CCCSC4=Nc3c5ccccc25,NA
Input,Y-39983,-0.24588834,InputSig,NA,NA,LINCSCP_131814,MCF10A,10uM,3h,breast epithelial,Rho associated kinase inhibitor,ROCK1|ROCK2,JTVBXQAYBIJXRP-SNVBAGLBSA-N,"InChI=1S/C16H16N4O/c1-10(17)11-2-4-12(5-3-11)16(21)20-14-7-9-19-15-13(14)6-8-18-15/h2-10H,17H2,1H3,(H2,18,19,20,21)/t10-/m1/s1",17547,C[C@@H](N)c1ccc(cc1)C(=O)Nc2ccnc3[nH]ccc23,1
Input,ZM-241385,-0.24549211,InputSig,NA,NA,LINCSCP_44298,PC3,10uM,6h,prostate,Adenosine receptor antagonist,ADORA1|ADORA2A|ADORA2B,PWTBZOIUWZOPFT-UHFFFAOYSA-N,"InChI=1S/C16H15N7O2/c17-14-20-15(18-8-7-10-3-5-11(24)6-4-10)21-16-19-13(22-23(14)16)12-2-1-9-25-12/h1-6,9,24H,7-8H2,(H3,17,18,19,20,21,22)",15479,Nc1nc(NCCc2ccc(O)cc2)nc3nc(nn13)c4occc4,NA
Input,CHEMBL3188661,-0.24514635,InputSig,NA,NA,LINCSCP_152216,PC3,3.33uM,24h,prostate,DDR1 inhibitor,DDR1,UASQUKUDXJFTCO-UHFFFAOYSA-N,"InChI=1S/C22H17F3N4O4/c1-3-19(30)27-15-9-14(22(23,24)25)10-16(11-15)28-20(31)13-5-4-12(2)17(8-13)29-21(32)18-6-7-26-33-18/h3-11H,1H2,2H3,(H,27,30)(H,28,31)(H,29,32)",36438,Cc1ccc(cc1NC(=O)c2oncc2)C(=O)Nc3cc(NC(=O)C=C)cc(c3)C(F)(F)F,NA
Input,BRD-K31067719-001-01-7,-0.24492073,InputSig,NA,NA,LINCSCP_61216,VCAP,5uM,24h,prostate,NA,NA,WJKSFTDVZIMVMK-MCFFVMPBSA-N,"InChI=1S/C24H31ClN4O4/c1-15-12-26-16(2)14-33-21-9-8-19(11-20(21)23(30)29(3)13-22(15)32-4)28-24(31)27-18-7-5-6-17(25)10-18/h5-11,15-16,22,26H,12-14H2,1-4H3,(H2,27,28,31)/t15-,16-,22+/m1/s1",2726,CO[C@H]1CN(C)C(=O)c2cc(NC(=O)Nc3cccc(Cl)c3)ccc2OC[C@@H](C)NC[C@H]1C,NA
Input,CHEMBL2358148,-0.24480539,InputSig,NA,NA,LINCSCP_60393,VCAP,5uM,24h,prostate,NA,NA,GOIFBKSVWMRRGJ-MRJKTFCFSA-N,"InChI=1S/C29H33N3O6S2/c1-21-5-10-26(11-6-21)39(34,35)31(4)19-28-22(2)18-32(23(3)20-33)40(36,37)29-12-9-25(17-27(29)38-28)8-7-24-13-15-30-16-14-24/h5-6,9-17,22-23,28,33H,18-20H2,1-4H3/t22-,23-,28+/m1/s1",36989,C[C@H](CO)N1C[C@@H](C)[C@H](CN(C)S(=O)(=O)c2ccc(C)cc2)Oc3cc(ccc3S1(=O)=O)C#Cc4ccncc4,NA
Input,LFM-A12,-0.24472568,InputSig,NA,NA,LINCSCP_289180,VCAP,10uM,24h,prostate,EGFR inhibitor,EGFR,XXNKCLVHOZOIOC-UHFFFAOYSA-N,"InChI=1S/C12H9F3N2O3/c1-7(18)10(6-16)11(19)17-8-2-4-9(5-3-8)20-12(13,14)15/h2-5,10H,1H3,(H,17,19)",24779,CC(=O)C(C#N)C(=O)Nc1ccc(OC(F)(F)F)cc1,NA
Input,Targinine,-0.24471542,InputSig,NA,NA,LINCSCP_75789,A375,0.37uM,24h,skin,NA,NA,NTNWOCRCBQPEKQ-YFKPBYRVSA-N,"InChI=1S/C7H16N4O2/c1-10-7(9)11-4-2-3-5(8)6(12)13/h5H,2-4,8H2,1H3,(H,12,13)(H3,9,10,11)/t5-/m0/s1",28,CN=C(N)NCCC[C@H](N)C(=O)O,3
Input,GSK-J2,-0.24448994,InputSig,NA,NA,LINCSCP_148043,NPC.CAS9,10uM,24h,NA,NA,NA,LJIFOCRGDDQFJF-UHFFFAOYSA-N,"InChI=1S/C22H23N5O2/c28-21(29)7-11-24-19-14-20(26-22(25-19)18-6-3-10-23-15-18)27-12-8-16-4-1-2-5-17(16)9-13-27/h1-6,10,14-15H,7-9,11-13H2,(H,28,29)(H,24,25,26)",35181,OC(=O)CCNc1cc(nc(n1)c2cccnc2)N3CCc4ccccc4CC3,NA
Input,BRD-K12868556,-0.2444727,InputSig,NA,NA,LINCSCP_62434,VCAP,5uM,24h,prostate,NA,NA,ZUSAVEKAEPAMKG-BKVCSMAQSA-N,"InChI=1S/C30H31N3O5/c34-18-27-30-25(15-23(37-27)16-29(36)33-12-9-20-3-1-2-4-21(20)17-33)24-14-22(5-6-26(24)38-30)32-28(35)13-19-7-10-31-11-8-19/h1-8,10-11,14,23,25,27,30,34H,9,12-13,15-18H2,(H,32,35)/t23-,25-,27-,30+/m0/s1",23460,OC[C@@H]1O[C@H](CC(=O)N2CCc3ccccc3C2)C[C@@H]4[C@H]1Oc5ccc(NC(=O)Cc6ccncc6)cc45,NA
Input,RO-194603,-0.24442818,InputSig,NA,NA,LINCSCP_11323,ASC,10uM,24h,adipose,GABA benzodiazepine site receptor inverse agonist,NA,ZIGMMUKDYCABPW-UHFFFAOYSA-N,"InChI=1S/C15H17N3O3S/c1-15(2,3)21-14(20)11-10-7-17(4)13(19)12-9(5-6-22-12)18(10)8-16-11/h5-6,8H,7H2,1-4H3",15966,CN1Cc2c(ncn2c3ccsc3C1=O)C(=O)OC(C)(C)C,NA
Input,noscapine,-0.24439589,InputSig,NA,NA,LINCSCP_116764,HT29,3.33uM,24h,large intestine,NA,NA,NA,NA,NA,NA,NA
Input,Benproperine,-0.24430836,InputSig,NA,NA,LINCSCP_211057,HA1E,10uM,6h,kidney epithelial,Antitussive,NA,JTUQXGZRVLWBCR-UHFFFAOYSA-N,"InChI=1S/C21H27NO/c1-18(22-14-8-3-9-15-22)17-23-21-13-7-6-12-20(21)16-19-10-4-2-5-11-19/h2,4-7,10-13,18H,3,8-9,14-17H2,1H3",36362,CC(COc1ccccc1Cc2ccccc2)N3CCCCC3,NA
Input,KW-2478,-0.24424413,InputSig,NA,NA,LINCSCP_122434,HT29,10uM,24h,large intestine,NA,NA,VFUXSYAXEKYYMB-UHFFFAOYSA-N,"InChI=1S/C30H42N2O9/c1-5-22-23(19-28(35)32(11-13-37-2)12-14-38-3)29(25(34)20-24(22)33)30(36)21-6-7-26(27(18-21)39-4)41-17-10-31-8-15-40-16-9-31/h6-7,18,20,33-34H,5,8-17,19H2,1-4H3",26604,CCc1c(O)cc(O)c(C(=O)c2ccc(OCCN3CCOCC3)c(OC)c2)c1CC(=O)N(CCOC)CCOC,NA
Input,"Apitolisib (gdc-0980, rg7422)",-0.24421261,InputSig,NA,NA,LINCSCP_163013,SKBR3,0.04uM,24h,breast,PI3K inhibitor|mTOR inhibitor,PIK3CA|PIK3CB|PIK3CD|PIK3CG|MTOR,YOVVNQKCSKSHKT-UHFFFAOYSA-N,"InChI=1S/C23H30N8O3S/c1-14-17(13-29-3-5-31(6-4-29)22(33)15(2)32)35-19-18(14)27-20(16-11-25-23(24)26-12-16)28-21(19)30-7-9-34-10-8-30/h11-12,15,32H,3-10,13H2,1-2H3,(H2,24,25,26)",14191,CC(O)C(=O)N1CCN(Cc2sc3c(nc(nc3c2C)c4cnc(N)nc4)N5CCOCC5)CC1,NA
Input,Cyclopamine,-0.24413896,InputSig,NA,NA,LINCSCP_13915,HA1E,10uM,6h,kidney epithelial,Smoothened receptor antagonist,SMO,QASFUMOKHFSJGL-LAFRSMQTSA-N,"InChI=1S/C27H41NO2/c1-15-11-24-25(28-14-15)17(3)27(30-24)10-8-20-21-6-5-18-12-19(29)7-9-26(18,4)23(21)13-22(20)16(27)2/h5,15,17,19-21,23-25,28-29H,6-14H2,1-4H3/t15-,17+,19-,20-,21-,23-,24+,25-,26-,27-/m0/s1",35882,C[C@@H]1CN[C@@H]2[C@@H](C1)O[C@]3(CC[C@H]4[C@@H]5CC=C6C[C@@H](O)CC[C@]6(C)[C@H]5CC4=C3C)[C@@H]2C,NA
Input,BRD-K89808696,-0.24399323,InputSig,NA,NA,LINCSCP_66061,VCAP,0.5uM,24h,prostate,NA,NA,JXCOUSRHXUUARO-VWLOTQADSA-N,"InChI=1S/C28H29FN4O2/c1-35-22-9-10-23-24(12-22)31-27-25(15-34)33(13-19-5-7-20(29)8-6-19)18-28(26(23)27)16-32(17-28)14-21-4-2-3-11-30-21/h2-12,25,31,34H,13-18H2,1H3/t25-/m0/s1",34009,COc1ccc2c3c([nH]c2c1)[C@H](CO)N(Cc4ccc(F)cc4)CC35CN(Cc6ccccn6)C5,NA
Input,XMD-16144,-0.24396499,InputSig,NA,NA,LINCSCP_6722,A549,10uM,6h,lung,NA,NA,NA,NA,42714,NA,NA
Input,BRD-K06759695,-0.24387241,InputSig,NA,NA,LINCSCP_59829,VCAP,5uM,24h,prostate,NA,NA,QTKSJTZHLLMPJE-PNLZDCPESA-N,"InChI=1S/C23H31N3O5S/c1-16-14-26(17(2)15-27)23(28)12-18-11-19(9-10-21(18)31-22(16)13-24-3)25-32(29,30)20-7-5-4-6-8-20/h4-11,16-17,22,24-25,27H,12-15H2,1-3H3/t16-,17-,22+/m0/s1",11760,CNC[C@H]1Oc2ccc(NS(=O)(=O)c3ccccc3)cc2CC(=O)N(C[C@@H]1C)[C@@H](C)CO,NA
Input,paroxetine,-0.24382461,InputSig,NA,NA,LINCSCP_172340,YAPC,10uM,24h,pancreas,NA,NA,NA,NA,NA,NA,NA
Input,BRD-K93433262-001-01-7,-0.24371768,InputSig,NA,NA,LINCSCP_17023,HA1E,10uM,6h,kidney epithelial,Vitamin D receptor agonist,VDR,OFHCOWSQAMBJIW-FFVLKWEISA-N,"InChI=1S/C27H44O2/c1-18(2)8-6-9-19(3)24-13-14-25-21(10-7-15-27(24,25)5)11-12-22-16-23(28)17-26(29)20(22)4/h11-12,18-19,23-26,28-29H,4,6-10,13-17H2,1-3,5H3/b21-11+,22-12-/t19-,23-,24+,25-,26+,27+/m1/s1",5377,CC(C)CCC[C@@H](C)[C@@H]1CC[C@@H]2\C(=C\C=C/3\C[C@@H](O)C[C@H](O)C3=C)\CCC[C@@]12C,NA
Input,"ACE2 Inhibitor, MLN-4760",-0.24363276,InputSig,NA,NA,LINCSCP_95302,HA1E,1.11uM,24h,kidney epithelial,NA,NA,NTCCRGGIJNDEAB-IRXDYDNUSA-N,"InChI=1S/C19H23Cl2N3O4/c1-11(2)3-16(18(25)26)23-17(19(27)28)7-15-8-22-10-24(15)9-12-4-13(20)6-14(21)5-12/h4-6,8,10-11,16-17,23H,3,7,9H2,1-2H3,(H,25,26)(H,27,28)/t16-,17-/m0/s1",26711,CC(C)C[C@H](N[C@@H](Cc1cncn1Cc2cc(Cl)cc(Cl)c2)C(=O)O)C(=O)O,NA
Input,Veliparib,-0.24359698,InputSig,NA,NA,LINCSCP_166279,SKL,0.37uM,24h,skeletal muscle,PARP inhibitor,PARP1|PARP2,JNAHVYVRKWKWKQ-CYBMUJFWSA-N,"InChI=1S/C13H16N4O/c1-13(6-3-7-15-13)12-16-9-5-2-4-8(11(14)18)10(9)17-12/h2,4-5,15H,3,6-7H2,1H3,(H2,14,18)(H,16,17)/t13-/m1/s1",23021,C[C@@]1(CCCN1)c2nc3c(cccc3[nH]2)C(=O)N,NA
Input,CHEMBL1327417,-0.24352472,InputSig,NA,NA,LINCSCP_58411,VCAP,10uM,24h,prostate,NA,NA,USKUFPIZNUIYMV-UHFFFAOYSA-N,"InChI=1S/C16H13NO7S/c1-22-10-7-8-13(23-2)14(9-10)25(20,21)24-17-15(18)11-5-3-4-6-12(11)16(17)19/h3-9H,1-2H3",36295,COc1ccc(OC)c(c1)S(=O)(=O)ON2C(=O)c3ccccc3C2=O,NA
Input,BRD-K54127914,-0.24341335,InputSig,NA,NA,LINCSCP_65994,VCAP,10uM,24h,prostate,NA,NA,NPSYZFOGEPYHIL-FIDNPTQWSA-N,"InChI=1S/C24H25N3O/c1-28-23-5-3-2-4-20(23)14-27-15-21-24(22(16-27)26-21)19-8-6-17(7-9-19)18-10-12-25-13-11-18/h2-13,21-22,24,26H,14-16H2,1H3/t21-,22+,24+",27283,COc1ccccc1CN2C[C@@H]3N[C@H](C2)[C@@H]3c4ccc(cc4)c5ccncc5,NA
Input,TAE-684,-0.24331284,InputSig,NA,NA,LINCSCP_295079,VCAP,10uM,6h,prostate,ALK tyrosine kinase receptor inhibitor,ALK,QQWUGDVOUVUTOY-UHFFFAOYSA-N,"InChI=1S/C30H40ClN7O3S/c1-21(2)42(39,40)28-8-6-5-7-26(28)33-29-24(31)20-32-30(35-29)34-25-10-9-23(19-27(25)41-4)37-13-11-22(12-14-37)38-17-15-36(3)16-18-38/h5-10,19-22H,11-18H2,1-4H3,(H2,32,33,34,35)",16647,COc1cc(ccc1Nc2ncc(Cl)c(Nc3ccccc3S(=O)(=O)C(C)C)n2)N4CCC(CC4)N5CCN(C)CC5,NA
Input,AM 251,-0.24327953,InputSig,NA,NA,LINCSCP_269548,PC3,10uM,6h,prostate,Cannabinoid receptor antagonist,CNR1,BUZAJRPLUGXRAB-UHFFFAOYSA-N,"InChI=1S/C22H21Cl2IN4O/c1-14-20(22(30)27-28-11-3-2-4-12-28)26-29(19-10-7-16(23)13-18(19)24)21(14)15-5-8-17(25)9-6-15/h5-10,13H,2-4,11-12H2,1H3,(H,27,30)",36139,Cc1c(nn(c2ccc(Cl)cc2Cl)c1c3ccc(I)cc3)C(=O)NN4CCCCC4,NA
Input,SPECTRUM_001028,-0.24320592,InputSig,NA,NA,LINCSCP_47521,PC3,10uM,24h,prostate,Estrogen receptor antagonist|Selective estrogen receptor modulator (SERM),ESR1|ESR2,NKANXQFJJICGDU-UHFFFAOYSA-N,"InChI=1S/C26H29NO/c1-4-25(21-11-7-5-8-12-21)26(22-13-9-6-10-14-22)23-15-17-24(18-16-23)28-20-19-27(2)3/h5-18H,4,19-20H2,1-3H3",35767,CCC(=C(c1ccccc1)c2ccc(OCCN(C)C)cc2)c3ccccc3,NA
Input,Ranitidine,-0.2431193,InputSig,NA,NA,LINCSCP_174394,YAPC,0.04uM,24h,pancreas,Histamine receptor antagonist,HRH2,VMXUWOKSQNHOCA-UKTHLTGXSA-N,"InChI=1S/C13H22N4O3S/c1-14-13(9-17(18)19)15-6-7-21-10-12-5-4-11(20-12)8-16(2)3/h4-5,9,14-15H,6-8,10H2,1-3H3/b13-9+",37807,CN\C(=C/[N+](=O)[O-])\NCCSCc1oc(CN(C)C)cc1,NA
Input,Cyclobenzaprine,-0.24297005,InputSig,NA,NA,LINCSCP_170866,YAPC,10uM,24h,pancreas,Adrenergic receptor agonist|Serotonin receptor agonist,HTR2A|HTR2C,JURKNVYFZMSNLP-UHFFFAOYSA-N,"InChI=1S/C20H21N/c1-21(2)15-7-12-20-18-10-5-3-8-16(18)13-14-17-9-4-6-11-19(17)20/h3-6,8-14H,7,15H2,1-2H3",16341,CN(C)CCC=C1c2ccccc2C=Cc3ccccc13,4
Input,Goserelin,-0.24286423,InputSig,NA,NA,LINCSCP_80550,A375,10uM,24h,skin,NA,NA,BLCLNMBMMGCOAS-URPVMXJPSA-N,"InChI=1S/C59H84N18O14/c1-31(2)22-40(49(82)68-39(12-8-20-64-57(60)61)56(89)77-21-9-13-46(77)55(88)75-76-58(62)90)69-54(87)45(29-91-59(3,4)5)74-50(83)41(23-32-14-16-35(79)17-15-32)70-53(86)44(28-78)73-51(84)42(24-33-26-65-37-11-7-6-10-36(33)37)71-52(85)43(25-34-27-63-30-66-34)72-48(81)38-18-19-47(80)67-38/h6-7,10-11,14-17,26-27,30-31,38-46,65,78-79H,8-9,12-13,18-25,28-29H2,1-5H3,(H,63,66)(H,67,80)(H,68,82)(H,69,87)(H,70,86)(H,71,85)(H,72,81)(H,73,84)(H,74,83)(H,75,88)(H4,60,61,64)(H3,62,76,90)/t38-,39-,40-,41-,42-,43-,44-,45+,46-/m0/s1",27203,CC(C)C[C@H](NC(=O)[C@@H](COC(C)(C)C)NC(=O)[C@H](Cc1ccc(O)cc1)NC(=O)[C@H](CO)NC(=O)[C@H](Cc2c[nH]c3ccccc23)NC(=O)[C@H](Cc4c[nH]cn4)NC(=O)[C@@H]5CCC(=O)N5)C(=O)N[C@@H](CCCNC(=N)N)C(=O)N6CCC[C@H]6C(=O)NNC(=O)N,NA
Input,Goserelin,-0.24286423,InputSig,NA,NA,LINCSCP_80550,A375,10uM,24h,skin,NA,NA,BLCLNMBMMGCOAS-KJLMDEBVSA-N,"InChI=1S/C59H84N18O14/c1-31(2)22-40(49(82)68-39(12-8-20-64-57(60)61)56(89)77-21-9-13-46(77)55(88)75-76-58(62)90)69-54(87)45(29-91-59(3,4)5)74-50(83)41(23-32-14-16-35(79)17-15-32)70-53(86)44(28-78)73-51(84)42(24-33-26-65-37-11-7-6-10-36(33)37)71-52(85)43(25-34-27-63-30-66-34)72-48(81)38-18-19-47(80)67-38/h6-7,10-11,14-17,26-27,30-31,38-46,65,78-79H,8-9,12-13,18-25,28-29H2,1-5H3,(H,63,66)(H,67,80)(H,68,82)(H,69,87)(H,70,86)(H,71,85)(H,72,81)(H,73,84)(H,74,83)(H,75,88)(H4,60,61,64)(H3,62,76,90)/t38?,39-,40?,41?,42?,43?,44?,45?,46?/m0/s1",7066,CC(C)CC(NC(=O)C(COC(C)(C)C)NC(=O)C(Cc1ccc(O)cc1)NC(=O)C(CO)NC(=O)C(Cc2c[nH]c3ccccc23)NC(=O)C(Cc4c[nH]cn4)NC(=O)C5CCC(=O)N5)C(=O)N[C@@H](CCCN=C(N)N)C(=O)N6CCCC6C(=O)NNC(=O)N,NA
Input,CHEMBL1880923,-0.24270559,InputSig,NA,NA,LINCSCP_22530,HEPG2,10uM,6h,liver,NA,NA,VOMUYBKWHUZOKW-DGIFUFQNSA-N,"InChI=1S/C35H36F3N5O5/c1-21-18-43(22(2)20-44)32(45)27-11-7-13-29(41-33(46)40-28-12-6-9-23-8-4-5-10-26(23)28)31(27)48-30(21)19-42(3)34(47)39-25-16-14-24(15-17-25)35(36,37)38/h4-17,21-22,30,44H,18-20H2,1-3H3,(H,39,47)(H2,40,41,46)/t21-,22+,30+/m1/s1",16490,C[C@@H](CO)N1C[C@@H](C)[C@H](CN(C)C(=O)Nc2ccc(cc2)C(F)(F)F)Oc3c(NC(=O)Nc4cccc5ccccc45)cccc3C1=O,NA
Input,SCHEMBL2559280,-0.24262344,InputSig,NA,NA,LINCSCP_45826,PC3,10uM,6h,prostate,NA,NA,GPDDPZSDLKFTKG-UHFFFAOYSA-N,"InChI=1S/C24H26BrN3OS/c25-21-10-8-19(9-11-21)22-17-30-24(27-22)28-15-12-20(13-16-28)23(29)26-14-4-7-18-5-2-1-3-6-18/h1-3,5-6,8-11,17,20H,4,7,12-16H2,(H,26,29)",15724,Brc1ccc(cc1)c2csc(n2)N3CCC(CC3)C(=O)NCCCc4ccccc4,NA
Input,CHEMBL2134588,-0.24257258,InputSig,NA,NA,LINCSCP_259139,NEU,10uM,24h,NA,NA,NA,RBSAFUBBOVWQRM-VJBWXMMDSA-N,"InChI=1S/C23H23N3O3S/c27-16-22-23-19-11-4-5-12-20(19)26(30(28,29)18-9-2-1-3-10-18)15-21(23)25(22)14-17-8-6-7-13-24-17/h1-13,21-23,27H,14-16H2/t21-,22+,23+/m1/s1",40351,OC[C@H]1[C@@H]2[C@@H](CN(c3ccccc23)S(=O)(=O)c4ccccc4)N1Cc5ccccn5,NA
Input,"3-Tropanyl-3,5-dichlorobenzoate",-0.24254952,InputSig,NA,NA,LINCSCP_208447,HA1E,10uM,6h,kidney epithelial,Serotonin receptor antagonist,HTR3A,MNJNPLVXBISNSX-UHFFFAOYSA-N,"InChI=1S/C15H17Cl2NO2/c1-18-12-2-3-13(18)8-14(7-12)20-15(19)9-4-10(16)6-11(17)5-9/h4-6,12-14H,2-3,7-8H2,1H3",2154,CN1C2CCC1CC(C2)OC(=O)c3cc(Cl)cc(Cl)c3,NA
Input,SAN1_000362,-0.24248209,InputSig,NA,NA,LINCSCP_58719,VCAP,10uM,6h,prostate,NA,NA,QAFVVOSMYGJBPZ-KBSAFBKOSA-N,"InChI=1S/C22H31FN2O5Si/c1-6-10-25-17-8-7-15(24-20(28)14(3)27)12-16(17)22(21(25)29)13(2)19(31(4,5)23)18(30-22)9-11-26/h6-8,12-14,18-19,26-27H,1,9-11H2,2-5H3,(H,24,28)/t13-,14-,18+,19-,22+/m0/s1",31595,C[C@H](O)C(=O)Nc1ccc2N(CC=C)C(=O)[C@]3(O[C@H](CCO)[C@H]([C@@H]3C)[Si](C)(C)F)c2c1,NA
Input,Palbociclib,-0.24243687,InputSig,NA,NA,LINCSCP_171713,YAPC,0.37uM,24h,pancreas,CDK inhibitor,CCND1|CDK4|CDK6,AHJRHEGDXFFMBM-UHFFFAOYSA-N,"InChI=1S/C24H29N7O2/c1-15-19-14-27-24(28-20-8-7-18(13-26-20)30-11-9-25-10-12-30)29-22(19)31(17-5-3-4-6-17)23(33)21(15)16(2)32/h7-8,13-14,17,25H,3-6,9-12H2,1-2H3,(H,26,27,28,29)",17501,CC(=O)C1=C(C)c2cnc(Nc3ccc(cn3)N4CCNCC4)nc2N(C5CCCC5)C1=O,4
Input,UNII-CVL1685GPH,-0.2424138,InputSig,NA,NA,LINCSCP_106203,HELA,3.33uM,24h,large intestine,NA,NA,RGHYDLZMTYDBDT-UHFFFAOYSA-N,"InChI=1S/C13H14N6O/c1-3-19-11-8(7(2)16-13(14)17-11)6-9(12(19)20)10-4-5-15-18-10/h4-6H,3H2,1-2H3,(H,15,18)(H2,14,16,17)",14641,CCN1C(=O)C(=Cc2c(C)nc(N)nc12)c3cc[nH]n3,NA
Input,Foretinib,-0.24237943,InputSig,NA,NA,LINCSCP_116301,HT29,10uM,24h,large intestine,VEGFR inhibitor,FLT1|FLT3|FLT4|KDR|KIT|MET|PDGFRA|PDGFRB|TEK,CXQHYVUVSFXTMY-UHFFFAOYSA-N,"InChI=1S/C34H34F2N4O6/c1-43-30-20-25-27(21-31(30)45-16-2-13-40-14-17-44-18-15-40)37-12-9-28(25)46-29-8-7-24(19-26(29)36)39-33(42)34(10-11-34)32(41)38-23-5-3-22(35)4-6-23/h3-9,12,19-21H,2,10-11,13-18H2,1H3,(H,38,41)(H,39,42)",17552,COc1cc2c(Oc3ccc(NC(=O)C4(CC4)C(=O)Nc5ccc(F)cc5)cc3F)ccnc2cc1OCCCN6CCOCC6,2
Input,TOFA,-0.24213138,InputSig,NA,NA,LINCSCP_79126,A375,0.37uM,24h,skin,NA,NA,CZRCFAOMWRAFIC-UHFFFAOYSA-N,"InChI=1S/C19H32O4/c1-2-3-4-5-6-7-8-9-10-11-12-13-16-22-18-15-14-17(23-18)19(20)21/h14-15H,2-13,16H2,1H3,(H,20,21)",26629,CCCCCCCCCCCCCCOc1oc(cc1)C(=O)O,NA
Input,BRD-K73434853,-0.24210116,InputSig,NA,NA,LINCSCP_64800,VCAP,10uM,6h,prostate,NA,NA,NXVHKURFMFTURR-IECBHUPTSA-N,"InChI=1S/C26H38N2O5S/c1-18-15-28(19(2)17-29)34(31,32)25-12-11-22(21-7-5-4-6-8-21)14-23(25)33-24(18)16-27(3)26(30)13-20-9-10-20/h7,11-12,14,18-20,24,29H,4-6,8-10,13,15-17H2,1-3H3/t18-,19-,24+/m1/s1",33548,C[C@H](CO)N1C[C@@H](C)[C@H](CN(C)C(=O)CC2CC2)Oc3cc(ccc3S1(=O)=O)C4=CCCCC4,NA
Input,BRD-K05745188,-0.24206274,InputSig,NA,NA,LINCSCP_64863,VCAP,10uM,24h,prostate,NA,NA,IERISQUFPFVSDP-ISJBWFOZSA-N,"InChI=1S/C27H37N3O4S/c1-20-16-30(21(2)19-31)35(32,33)27-12-11-24(23-9-5-4-6-10-23)14-25(27)34-26(20)18-29(3)17-22-8-7-13-28-15-22/h7-9,11-15,20-21,26,31H,4-6,10,16-19H2,1-3H3/t20-,21-,26+/m0/s1",31835,C[C@@H](CO)N1C[C@H](C)[C@@H](CN(C)Cc2cccnc2)Oc3cc(ccc3S1(=O)=O)C4=CCCCC4,NA
Input,AZD 1480,-0.24188688,InputSig,NA,NA,LINCSCP_112871,HEPG2,0.04uM,24h,liver,JAK inhibitor,JAK1|JAK2,PDOQBOJDRPLBQU-UHFFFAOYSA-N,"InChI=1S/C14H14ClFN8/c1-7-3-11(24-23-7)21-13-10(15)6-19-14(22-13)20-8(2)12-17-4-9(16)5-18-12/h3-6,8H,1-2H3,(H3,19,20,21,22,23,24)",15139,CC(Nc1ncc(Cl)c(Nc2cc(C)[nH]n2)n1)c3ncc(F)cn3,NA
Input,CHEMBL3185699,-0.24176521,InputSig,NA,NA,LINCSCP_64284,VCAP,5uM,24h,prostate,NA,NA,YVJGPPMIPDJUMP-IZPIQJOWSA-N,"InChI=1S/C36H47N5O6/c1-25-22-41(26(2)24-42)34(43)31-21-30(38-35(44)37-28-14-7-5-8-15-28)18-19-32(31)47-27(3)13-11-12-20-46-33(25)23-40(4)36(45)39-29-16-9-6-10-17-29/h5-10,14-19,21,25-27,33,42H,11-13,20,22-24H2,1-4H3,(H,39,45)(H2,37,38,44)/t25-,26+,27-,33-/m0/s1",40145,C[C@H](CO)N1C[C@H](C)[C@H](CN(C)C(=O)Nc2ccccc2)OCCCC[C@H](C)Oc3ccc(NC(=O)Nc4ccccc4)cc3C1=O,NA
Input,"Ethyl 2-amino-1-cyclohexyl-1H-pyrrolo[2,3-b]quinoxaline-3-carboxylate",-0.24172799,InputSig,NA,NA,LINCSCP_58615,VCAP,10uM,24h,prostate,NA,NA,PSQUYVWVHWNPIG-UHFFFAOYSA-N,"InChI=1S/C19H22N4O2/c1-2-25-19(24)15-16-18(22-14-11-7-6-10-13(14)21-16)23(17(15)20)12-8-4-3-5-9-12/h6-7,10-12H,2-5,8-9,20H2,1H3",22239,CCOC(=O)c1c(N)n(C2CCCCC2)c3nc4ccccc4nc13,NA
Input,Odq,-0.24166617,InputSig,NA,NA,LINCSCP_50098,PHH,10uM,24h,NA,Guanylyl cyclase inhibitor,GUCY1A2,LZMHWZHOZLVYDL-UHFFFAOYSA-N,InChI=1S/C9H5N3O2/c13-9-12-7-4-2-1-3-6(7)10-5-8(12)11-14-9/h1-5H,3161,O=C1ON=C2C=Nc3ccccc3N12,NA
Input,BRD-K36022244,-0.24157855,InputSig,NA,NA,LINCSCP_2971,A375,10uM,6h,skin,NA,NA,NWAOHTRJRZZISF-WCPDHXNLSA-N,"InChI=1S/C35H45FN4O7S/c1-24-21-40(25(2)23-41)34(42)31-20-29(38-48(44,45)30-11-6-5-7-12-30)17-18-32(31)47-26(3)10-8-9-19-46-33(24)22-39(4)35(43)37-28-15-13-27(36)14-16-28/h5-7,11-18,20,24-26,33,38,41H,8-10,19,21-23H2,1-4H3,(H,37,43)/t24-,25-,26-,33+/m1/s1",12510,C[C@H](CO)N1C[C@@H](C)[C@H](CN(C)C(=O)Nc2ccc(F)cc2)OCCCC[C@@H](C)Oc3ccc(NS(=O)(=O)c4ccccc4)cc3C1=O,NA
Input,Tomelukast,-0.24138743,InputSig,NA,NA,LINCSCP_537,A375,10uM,6h,skin,Leukotriene receptor antagonist,CYSLTR1,MWYHLEQJTQJHSS-UHFFFAOYSA-N,"InChI=1S/C16H22N4O3/c1-3-6-13-14(9-8-12(11(2)21)16(13)22)23-10-5-4-7-15-17-19-20-18-15/h8-9,22H,3-7,10H2,1-2H3,(H,17,18,19,20)",32428,CCCc1c(O)c(ccc1OCCCCc2nnn[nH]2)C(=O)C,NA
Input,BRD-K24656059,-0.24135704,InputSig,NA,NA,LINCSCP_41043,NEU,10uM,24h,NA,NA,NA,JZSLTRUJUOZFGD-GVAUOCQISA-N,"InChI=1S/C27H29N3O4/c31-18-25-24(30-26(32)15-19-5-4-14-28-17-19)13-12-23(34-25)16-27(33)29-22-10-8-21(9-11-22)20-6-2-1-3-7-20/h1-11,14,17,23-25,31H,12-13,15-16,18H2,(H,29,33)(H,30,32)/t23-,24+,25-/m0/s1",24111,OC[C@@H]1O[C@H](CC(=O)Nc2ccc(cc2)c3ccccc3)CC[C@H]1NC(=O)Cc4cccnc4,NA
Input,NVP-AUY922,-0.2413047,InputSig,NA,NA,LINCSCP_116307,HT29,10uM,24h,large intestine,NA,NA,NDAZATDQFDPQBD-UHFFFAOYSA-N,"InChI=1S/C26H31N3O5/c1-4-27-26(32)24-23(18-7-5-17(6-8-18)15-29-9-11-33-12-10-29)25(34-28-24)20-13-19(16(2)3)21(30)14-22(20)31/h5-8,13-14,16,30-31H,4,9-12,15H2,1-3H3,(H,27,32)",37839,CCNC(=O)c1noc(c2cc(C(C)C)c(O)cc2O)c1c3ccc(CN4CCOCC4)cc3,NA
Input,17952-87-3,-0.24129807,InputSig,NA,NA,LINCSCP_22197,HEPG2,10uM,6h,liver,NA,NA,PWARHDUWOJUADN-UHFFFAOYSA-N,"InChI=1S/C12H12N2O2/c1-16-7-2-3-10-9(6-7)8-4-5-13-12(15)11(8)14-10/h2-3,6,14H,4-5H2,1H3,(H,13,15)",35769,COc1ccc2[nH]c3C(=O)NCCc3c2c1,NA
Input,BRD-K32532498,-0.2411663,InputSig,NA,NA,LINCSCP_61588,VCAP,5uM,24h,prostate,NA,NA,UZINPKAPIFGTKL-YZZKKUAISA-N,"InChI=1S/C24H32N2O5S/c1-17-13-26(18(2)15-27)24(28)22-12-8-7-11-21(22)20-10-6-5-9-19(20)16-31-23(17)14-25(3)32(4,29)30/h5-12,17-18,23,27H,13-16H2,1-4H3/t17-,18+,23+/m0/s1",2782,C[C@H](CO)N1C[C@H](C)[C@@H](CN(C)S(=O)(=O)C)OCc2ccccc2c3ccccc3C1=O,NA
Input,SUGA1_010064,-0.24101853,InputSig,NA,NA,LINCSCP_295073,VCAP,10uM,6h,prostate,NA,NA,MCUMXBHPOQQCFP-ZEQKJWHPSA-N,"InChI=1S/C26H25N5O4/c27-25(33)26(17-18-7-2-1-3-8-18)23(21-9-4-5-10-22(21)30-31-28)35-24(29-26)19-11-13-20(14-12-19)34-16-6-15-32/h1-5,7-14,23,32H,6,15-17H2,(H2,27,33)/t23-,26-/m1/s1",11483,NC(=O)[C@]1(Cc2ccccc2)N=C(O[C@@H]1c3ccccc3N=[N+]=[N-])c4ccc(OCCCO)cc4,NA
Input,BW-723C86,-0.24091464,InputSig,NA,NA,LINCSCP_289706,VCAP,10uM,6h,prostate,Serotonin receptor agonist,HTR2B,ALFGDCNSEBJYSP-UHFFFAOYSA-N,"InChI=1S/C16H18N2OS/c1-11(17)7-12-9-18-16-5-4-13(8-15(12)16)19-10-14-3-2-6-20-14/h2-6,8-9,11,18H,7,10,17H2,1H3",15193,CC(N)Cc1c[nH]c2ccc(OCc3cccs3)cc12,NA
Input,Methazolamide,-0.24084436,InputSig,NA,NA,LINCSCP_8028,A549,10uM,6h,lung,Carbonic anhydrase inhibitor,CA1|CA2|CA4|CA7,FLOSMHQXBMRNHR-DAXSKMNVSA-N,"InChI=1S/C5H8N4O3S2/c1-3(10)7-4-9(2)8-5(13-4)14(6,11)12/h1-2H3,(H2,6,11,12)/b7-4-",36415,CN1N=C(SC1=NC(=O)C)S(=O)(=O)N,NA
Input,CHEMBL2136492,-0.2408205,InputSig,NA,NA,LINCSCP_297962,VCAP,5uM,24h,prostate,NA,NA,UDDMVFRUSJXUEW-SELNLUPBSA-N,"InChI=1S/C25H31N3O6S/c1-18-14-28(19(2)16-29)35(31,32)24-10-9-20(7-8-21-6-5-11-26-13-21)12-22(24)34-23(18)15-27(3)25(30)17-33-4/h5-6,9-13,18-19,23,29H,14-17H2,1-4H3/t18-,19+,23-/m1/s1",16839,COCC(=O)N(C)C[C@H]1Oc2cc(ccc2S(=O)(=O)N(C[C@H]1C)[C@@H](C)CO)C#Cc3cccnc3,NA
Input,"1-[2-(4-Methylphenyl)indolizin-3-yl]-2-[(5-methyl-1,3,4-thiadiazol-2-yl)sulfanyl]ethanone",-0.24078958,InputSig,NA,NA,LINCSCP_190671,A549,10uM,6h,lung,NA,NA,ZLBVSLMDMBJJSR-UHFFFAOYSA-N,"InChI=1S/C20H17N3OS2/c1-13-6-8-15(9-7-13)17-11-16-5-3-4-10-23(16)19(17)18(24)12-25-20-22-21-14(2)26-20/h3-11H,12H2,1-2H3",1400,Cc1ccc(cc1)c2cc3ccccn3c2C(=O)CSc4nnc(C)s4,NA
Input,PCL2_000057,-0.24045612,InputSig,NA,NA,LINCSCP_58780,VCAP,10uM,6h,prostate,NA,NA,CLQKVWHPBZCCFN-UNVMMQEESA-N,"InChI=1S/C37H40IN3O4/c1-40(2)22-10-21-39-36(44)37(23-28-11-4-8-15-32(28)38)31-14-7-6-13-30(31)35(43)41(24-29-12-5-9-16-33(29)45-3)34(37)27-19-17-26(25-42)18-20-27/h4-9,11-20,34,42H,10,21-25H2,1-3H3,(H,39,44)/t34-,37-/m0/s1",31616,COc1ccccc1CN2[C@@H](c3ccc(CO)cc3)[C@@](Cc4ccccc4I)(C(=O)NCCCN(C)C)c5ccccc5C2=O,NA
Input,Pevonedistat,-0.24041792,InputSig,NA,NA,LINCSCP_29372,LOVO,10uM,6h,intestine,Nedd activating enzyme inhibitor,NAE1|UBA3,MPUQHZXIXSTTDU-QXGSTGNESA-N,"InChI=1S/C21H25N5O4S/c22-31(28,29)30-11-14-9-15(10-19(14)27)26-8-7-17-20(23-12-24-21(17)26)25-18-6-5-13-3-1-2-4-16(13)18/h1-4,7-8,12,14-15,18-19,27H,5-6,9-11H2,(H2,22,28,29)(H,23,24,25)/t14-,15+,18-,19-/m0/s1",36695,NS(=O)(=O)OC[C@@H]1C[C@H](C[C@@H]1O)n2ccc3c(N[C@H]4CCc5ccccc45)ncnc23,2
Input,BRD-K57841225,-0.24031339,InputSig,NA,NA,LINCSCP_61896,VCAP,5uM,6h,prostate,NA,NA,LJTZBZLXVQJQJX-HRCADAONSA-N,"InChI=1S/C18H33N3O5/c1-25-10-9-19-17(23)11-14-7-8-15(16(12-22)26-14)21-18(24)20-13-5-3-2-4-6-13/h13-16,22H,2-12H2,1H3,(H,19,23)(H2,20,21,24)/t14-,15-,16+/m0/s1",40647,COCCNC(=O)C[C@@H]1CC[C@H](NC(=O)NC2CCCCC2)[C@@H](CO)O1,NA
Input,SU 11274,-0.24028921,InputSig,NA,NA,LINCSCP_69165,A375,10uM,24h,skin,Hepatocyte growth factor receptor inhibitor|Tyrosine kinase inhibitor,MET,FPYJSJDOHRDAMT-KQWNVCNZSA-N,"InChI=1S/C28H30ClN5O4S/c1-17-25(30-18(2)26(17)28(36)34-12-10-32(3)11-13-34)16-23-22-15-21(8-9-24(22)31-27(23)35)39(37,38)33(4)20-7-5-6-19(29)14-20/h5-9,14-16,30H,10-13H2,1-4H3,(H,31,35)/b23-16-",17494,CN(c1cccc(Cl)c1)S(=O)(=O)c2ccc3NC(=O)\C(=C/c4[nH]c(C)c(C(=O)N5CCN(C)CC5)c4C)\c3c2,NA
Input,Cisapride,-0.24025916,InputSig,NA,NA,LINCSCP_74322,A375,3.33uM,24h,skin,Serotonin 4 (5-HT4) receptor agonist (Serotonin 4,HTR4,DCSUBABJRXZOMT-UHFFFAOYSA-N,"InChI=1S/C23H29ClFN3O4/c1-30-21-13-19(26)18(24)12-17(21)23(29)27-20-8-10-28(14-22(20)31-2)9-3-11-32-16-6-4-15(25)5-7-16/h4-7,12-13,20,22H,3,8-11,14,26H2,1-2H3,(H,27,29)",16546,COC1CN(CCCOc2ccc(F)cc2)CCC1NC(=O)c3cc(Cl)c(N)cc3OC,4
Input,PRL-3InhibitorI,-0.24014187,InputSig,NA,NA,LINCSCP_25720,HT29,40uM,6h,large intestine,Tyrosine phosphatase inhibitor,PTP4A3,HXNBAOLVPAWYLT-OVCLIPMQSA-N,"InChI=1S/C17H11Br2NO2S2/c18-12-5-6-14(22-9-10-3-1-2-4-13(10)19)11(7-12)8-15-16(21)20-17(23)24-15/h1-8H,9H2,(H,20,21,23)/b15-8+",9471,Brc1ccc(OCc2ccccc2Br)c(\C=C/3\SC(=S)NC3=O)c1,NA
Input,CHEMBL2356547,-0.24010293,InputSig,NA,NA,LINCSCP_60102,VCAP,5uM,24h,prostate,NA,NA,DYHTZISNAWRTSH-OUDXUNEISA-N,"InChI=1S/C29H40N4O6S/c1-19-16-33(20(2)18-34)40(36,37)27-14-13-24(12-8-11-23-9-6-7-10-23)15-25(27)38-26(19)17-32(5)29(35)30-28-21(3)31-39-22(28)4/h13-15,19-20,23,26,34H,6-7,9-11,16-18H2,1-5H3,(H,30,35)/t19-,20+,26+/m0/s1",35249,C[C@H](CO)N1C[C@H](C)[C@@H](CN(C)C(=O)Nc2c(C)onc2C)Oc3cc(ccc3S1(=O)=O)C#CCC4CCCC4,NA
Input,MLS002264403,-0.24000915,InputSig,NA,NA,LINCSCP_31441,MCF7,10uM,6h,breast,NA,NA,OVXBGBPOTMGUGI-UHFFFAOYSA-N,"InChI=1S/C29H22N2O/c30-29-28-25(17-18-31(29)19-20-9-3-1-4-10-20)32-24-16-15-21-11-7-8-14-23(21)27(24)26(28)22-12-5-2-6-13-22/h1-18,26,30H,19H2",15309,N=C1N(Cc2ccccc2)C=CC3=C1C(c4ccccc4)c5c(O3)ccc6ccccc56,NA
Input,CHEMBL2355399,-0.23998796,InputSig,NA,NA,LINCSCP_295069,VCAP,10uM,6h,prostate,NA,NA,CMRLNGHJTMMURI-DNHJLFCISA-N,"InChI=1S/C33H46F3N3O7S/c1-22-9-12-27(13-10-22)47(43,44)37-26-11-14-29-28(18-26)32(42)39(24(3)21-40)19-23(2)30(45-17-7-6-8-25(4)46-29)20-38(5)31(41)15-16-33(34,35)36/h9-14,18,23-25,30,37,40H,6-8,15-17,19-21H2,1-5H3/t23-,24-,25-,30+/m0/s1",19673,C[C@@H](CO)N1C[C@H](C)[C@@H](CN(C)C(=O)CCC(F)(F)F)OCCCC[C@H](C)Oc2ccc(NS(=O)(=O)c3ccc(C)cc3)cc2C1=O,NA
Input,SAN1_003817,-0.23985433,InputSig,NA,NA,LINCSCP_10794,ASC,10uM,24h,adipose,NA,NA,KOUFXVQRKAJODH-NAJWIKHUSA-N,"InChI=1S/C24H33FN2O4Si/c1-5-12-27-19-10-9-17(26-13-7-6-8-21(26)29)15-18(19)24(23(27)30)16(2)22(32(3,4)25)20(31-24)11-14-28/h5,9-10,15-16,20,22,28H,1,6-8,11-14H2,2-4H3/t16-,20+,22-,24+/m1/s1",11495,C[C@@H]1[C@H]([C@H](CCO)O[C@@]12C(=O)N(CC=C)c3ccc(cc23)N4CCCCC4=O)[Si](C)(C)F,NA
Input,Quetiapine,-0.23968807,InputSig,NA,NA,LINCSCP_281874,PHH,10uM,24h,NA,Dopamine receptor antagonist|Serotonin receptor antagonist,DRD1|DRD2|HRH1|HTR1A|HTR1D|HTR1E|HTR2A|HTR2C,URKOMYMAXPYINW-UHFFFAOYSA-N,"InChI=1S/C21H25N3O2S/c25-14-16-26-15-13-23-9-11-24(12-10-23)21-17-5-1-3-7-19(17)27-20-8-4-2-6-18(20)22-21/h1-8,25H,9-16H2",15862,OCCOCCN1CCN(CC1)C2=Nc3ccccc3Sc4ccccc24,4
Input,Paroxetine,-0.23965419,InputSig,NA,NA,LINCSCP_25189,HT29,10uM,6h,large intestine,Selective serotonin reuptake inhibitor (SSRI),SLC6A4,AHOUBRCZNHFOSL-YOEHRIQHSA-N,"InChI=1S/C19H20FNO3/c20-15-3-1-13(2-4-15)17-7-8-21-10-14(17)11-22-16-5-6-18-19(9-16)24-12-23-18/h1-6,9,14,17,21H,7-8,10-12H2/t14-,17-/m0/s1",35722,Fc1ccc(cc1)[C@@H]2CCNC[C@H]2COc3ccc4OCOc4c3,4
Input,BRD-K19770227,-0.23956257,InputSig,NA,NA,LINCSCP_61744,VCAP,5uM,24h,prostate,NA,NA,ZAZOOTZCNDNOOW-NEWSRXKRSA-N,"InChI=1S/C20H33N3O5S/c1-15-5-8-17(9-6-15)29(26,27)22-18-10-7-16(28-19(18)14-24)13-20(25)21-11-4-12-23(2)3/h5-6,8-9,16,18-19,22,24H,4,7,10-14H2,1-3H3,(H,21,25)/t16-,18+,19+/m1/s1",8859,CN(C)CCCNC(=O)C[C@H]1CC[C@H](NS(=O)(=O)c2ccc(C)cc2)[C@H](CO)O1,NA
Input,SGI-1776,-0.2395001,InputSig,NA,NA,LINCSCP_81781,A549,10uM,24h,lung,Serine/threonine-protein kinase PIM inhibitor,PIM1|PIM2|PIM3,MHXGEROHKGDZGO-UHFFFAOYSA-N,"InChI=1S/C20H22F3N5O/c1-27-9-7-14(8-10-27)12-24-18-5-6-19-25-13-17(28(19)26-18)15-3-2-4-16(11-15)29-20(21,22)23/h2-6,11,13-14H,7-10,12H2,1H3,(H,24,26)",39313,CN1CCC(CNc2ccc3ncc(c4cccc(OC(F)(F)F)c4)n3n2)CC1,1
Input,BRD-K10211010,-0.2394315,InputSig,NA,NA,LINCSCP_48491,PC3,10uM,24h,prostate,NA,NA,OJBHRHOQEWVARJ-NJBJSMFESA-N,"InChI=1S/C31H34N2O6/c34-25-17-33(16-21-6-13-28-29(14-21)38-20-37-28)27-12-11-26(39-30(27)19-36-18-25)15-31(35)32-24-9-7-23(8-10-24)22-4-2-1-3-5-22/h1-10,13-14,25-27,30,34H,11-12,15-20H2,(H,32,35)/t25-,26-,27-,30+/m0/s1",1622,O[C@@H]1COC[C@H]2O[C@H](CC(=O)Nc3ccc(cc3)c4ccccc4)CC[C@@H]2N(Cc5ccc6OCOc6c5)C1,NA
Input,BRD-K20178228,-0.23941657,InputSig,NA,NA,LINCSCP_227613,HT29,10uM,6h,large intestine,NA,NA,HPXQJKADXJMKNX-TZNXZYKKSA-N,"InChI=1S/C35H38N4O4/c1-24-20-39(25(2)23-40)35(42)31-19-30(37-34(41)29-15-17-36-18-16-29)13-14-32(31)43-33(24)22-38(3)21-26-9-11-28(12-10-26)27-7-5-4-6-8-27/h4-19,24-25,33,40H,20-23H2,1-3H3,(H,37,41)/t24-,25-,33-/m0/s1",32206,C[C@@H](CO)N1C[C@H](C)[C@H](CN(C)Cc2ccc(cc2)c3ccccc3)Oc4ccc(NC(=O)c5ccncc5)cc4C1=O,NA
Input,ALX-5407,-0.23937584,InputSig,NA,NA,LINCSCP_291171,VCAP,10uM,24h,prostate,Glycine transporter inhibitor,SLC6A9,FDORQEIHOKEJNX-HSZRJFAPSA-N,"InChI=1S/C24H24FNO3/c1-26(17-24(27)28)16-15-23(20-7-11-21(25)12-8-20)29-22-13-9-19(10-14-22)18-5-3-2-4-6-18/h2-14,23H,15-17H2,1H3,(H,27,28)/t23-/m1/s1",35844,CN(CC[C@@H](Oc1ccc(cc1)c2ccccc2)c3ccc(F)cc3)CC(=O)O,NA
Input,BRD-K44097254,-0.23932274,InputSig,NA,NA,LINCSCP_61345,VCAP,5uM,6h,prostate,NA,NA,RUFIKNIWNRYTLQ-SPEDKVCISA-N,"InChI=1S/C25H40N4O5/c1-7-9-23(30)27-19-10-11-21-20(13-19)24(31)28(5)15-22(33-6)17(3)14-29(18(4)16-34-21)25(32)26-12-8-2/h10-11,13,17-18,22H,7-9,12,14-16H2,1-6H3,(H,26,32)(H,27,30)/t17-,18-,22-/m0/s1",24672,CCCNC(=O)N1C[C@H](C)[C@H](CN(C)C(=O)c2cc(NC(=O)CCC)ccc2OC[C@@H]1C)OC,NA
Input,BRD-K09426613,-0.2393021,InputSig,NA,NA,LINCSCP_61409,VCAP,5uM,24h,prostate,NA,NA,KKDNYDXSJAWXCE-MVYHEMRASA-N,"InChI=1S/C29H35N3O5/c1-18-14-32(19(2)16-33)28(34)25-13-9-8-12-24(25)23-11-7-6-10-22(23)17-36-26(18)15-31(5)29(35)27-20(3)30-37-21(27)4/h6-13,18-19,26,33H,14-17H2,1-5H3/t18-,19+,26+/m1/s1",33833,C[C@@H](CO)N1C[C@@H](C)[C@H](CN(C)C(=O)c2c(C)onc2C)OCc3ccccc3c4ccccc4C1=O,NA
Input,PKC Beta Inhibitor,-0.23922142,InputSig,NA,NA,LINCSCP_10446,A673,10uM,6h,bone,PKC inhibitor,PRKCB,KIWODJBCHRADND-UHFFFAOYSA-N,"InChI=1S/C24H21N5O2/c30-23-21(22(24(31)27-23)26-17-7-2-1-3-8-17)19-15-29(20-10-5-4-9-18(19)20)13-6-12-28-14-11-25-16-28/h1-5,7-11,14-16H,6,12-13H2,(H2,26,27,30,31)",36303,O=C1NC(=O)C(=C1Nc2ccccc2)c3cn(CCCn4ccnc4)c5ccccc35,NA
Input,Pentylenetetrazol,-0.23915021,InputSig,NA,NA,LINCSCP_33017,MCF7,10uM,6h,breast,GABA receptor antagonist,NA,CWRVKFFCRWGWCS-UHFFFAOYSA-N,InChI=1S/C6H10N4/c1-2-4-6-7-8-9-10(6)5-3-1/h1-5H2,7901,C1CCc2nnnn2CC1,NA
Input,N-[4-(1-Benzoylpiperidin-4-yl)butyl]-3-pyridin-3-ylpropanamide,-0.23913848,InputSig,NA,NA,LINCSCP_283225,RMGI,0.5uM,6h,ovary,NAMPT inhibitor|Niacinamide phosphoribosyltransferase inhibitor,NA,UKQGSFUTDYQJST-UHFFFAOYSA-N,"InChI=1S/C24H31N3O2/c28-23(12-11-21-8-6-15-25-19-21)26-16-5-4-7-20-13-17-27(18-14-20)24(29)22-9-2-1-3-10-22/h1-3,6,8-10,15,19-20H,4-5,7,11-14,16-18H2,(H,26,28)",1727,O=C(CCc1cccnc1)NCCCCC2CCN(CC2)C(=O)c3ccccc3,NA
Input,WH-4-023,-0.23906103,InputSig,NA,NA,LINCSCP_39015,MDAMB231,0.5uM,24h,NA,Src inhibitor,ABL1|SRC,NBTNHSGBRGTFJS-UHFFFAOYSA-N,"InChI=1S/C32H36N6O4/c1-22-7-6-8-23(2)30(22)42-32(39)38(27-14-13-26(40-4)21-28(27)41-5)29-15-16-33-31(35-29)34-24-9-11-25(12-10-24)37-19-17-36(3)18-20-37/h6-16,21H,17-20H2,1-5H3,(H,33,34,35)",36485,COc1ccc(N(C(=O)Oc2c(C)cccc2C)c3ccnc(Nc4ccc(cc4)N5CCN(C)CC5)n3)c(OC)c1,NA
Input,Valdecoxib,-0.23887703,InputSig,NA,NA,LINCSCP_30759,MCF7,100uM,6h,breast,Cyclooxygenase inhibitor,PTGS2,LNPDTQAFDNKSHK-UHFFFAOYSA-N,"InChI=1S/C16H14N2O3S/c1-11-15(12-7-9-14(10-8-12)22(17,19)20)16(18-21-11)13-5-3-2-4-6-13/h2-10H,1H3,(H2,17,19,20)",16301,Cc1onc(c2ccccc2)c1c3ccc(cc3)S(=O)(=O)N,4
Input,BRD-K93800099,-0.23875993,InputSig,NA,NA,LINCSCP_28108,HT29,5uM,24h,large intestine,NA,NA,NAUONXSUQMPPJH-QQNWGBJXSA-N,"InChI=1S/C28H31N3O3/c32-19-25-28(22-13-11-21(12-14-22)9-5-8-20-6-1-2-7-20)24-17-30(18-27(34)31(24)25)26(33)16-23-10-3-4-15-29-23/h3-4,10-15,20,24-25,28,32H,1-2,6-8,16-19H2/t24-,25+,28+/m1/s1",34122,OC[C@H]1[C@H]([C@H]2CN(CC(=O)N12)C(=O)Cc3ccccn3)c4ccc(cc4)C#CCC5CCCC5,NA
Input,CHEMBL2359660,-0.23868569,InputSig,NA,NA,LINCSCP_60375,VCAP,5uM,24h,prostate,NA,NA,AXBJPSYRCLUHNL-PBANKSGMSA-N,"InChI=1S/C32H38N2O5S/c1-23-19-34(24(2)22-35)40(37,38)32-17-14-26(11-10-25(3)36)18-30(32)39-31(23)21-33(4)20-27-12-15-29(16-13-27)28-8-6-5-7-9-28/h5-9,12-18,23-25,31,35-36H,19-22H2,1-4H3/t23-,24+,25-,31-/m0/s1",36919,C[C@H](O)C#Cc1ccc2c(O[C@@H](CN(C)Cc3ccc(cc3)c4ccccc4)[C@@H](C)CN([C@H](C)CO)S2(=O)=O)c1,NA
Input,BRD-K60218284,-0.23866659,InputSig,NA,NA,LINCSCP_65166,VCAP,10uM,6h,prostate,NA,NA,FBBSFHIVEPJTOP-VWLOTQADSA-N,"InChI=1S/C29H30FN5O3/c1-33-24-13-22(38-2)10-11-23(24)26-27(33)25(15-36)35(28(37)32-20-8-6-19(30)7-9-20)18-29(26)16-34(17-29)14-21-5-3-4-12-31-21/h3-13,25,36H,14-18H2,1-2H3,(H,32,37)/t25-/m0/s1",13138,COc1ccc2c3c([C@H](CO)N(CC34CN(Cc5ccccn5)C4)C(=O)Nc6ccc(F)cc6)n(C)c2c1,NA
Input,AC1NQXBX,-0.238401,InputSig,NA,NA,LINCSCP_59543,VCAP,10uM,6h,prostate,T-type calcium channel blocker,CACNA1C|CACNA1G|CACNA1H|CACNA1I,HBNPJJILLOYFJU-UHFFFAOYSA-N,"InChI=1S/C29H38FN3O3/c1-20(2)28-23-12-11-22(30)18-21(23)13-14-29(28,36-27(34)19-35-4)15-17-33(3)16-7-10-26-31-24-8-5-6-9-25(24)32-26/h5-6,8-9,11-12,18,20,28H,7,10,13-17,19H2,1-4H3,(H,31,32)",16243,COCC(=O)OC1(CCN(C)CCCc2nc3ccccc3[nH]2)CCc4cc(F)ccc4C1C(C)C,NA
Input,PD-160170,-0.23829132,InputSig,NA,NA,LINCSCP_265332,PC3,10uM,6h,prostate,Neuropeptide receptor antagonist,NPY1R,YUVNGBZROXQYQH-UHFFFAOYSA-N,"InChI=1S/C18H17N3O4S/c1-11(2)12-6-3-4-8-15(12)26(24,25)16-10-14(19)17-13(7-5-9-20-17)18(16)21(22)23/h3-11H,19H2,1-2H3",35529,CC(C)c1ccccc1S(=O)(=O)c2cc(N)c3ncccc3c2[N+](=O)[O-],NA
Input,BRD-K70756309,-0.23817243,InputSig,NA,NA,LINCSCP_61642,VCAP,5uM,24h,prostate,NA,NA,HSJIFMVKIOATEF-CJYOKPGZSA-N,"InChI=1S/C31H34F3N3O4/c1-20-16-37(21(2)18-38)29(39)27-14-7-6-13-26(27)25-12-5-4-9-22(25)19-41-28(20)17-36(3)30(40)35-24-11-8-10-23(15-24)31(32,33)34/h4-15,20-21,28,38H,16-19H2,1-3H3,(H,35,40)/t20-,21-,28+/m1/s1",2761,C[C@H](CO)N1C[C@@H](C)[C@H](CN(C)C(=O)Nc2cccc(c2)C(F)(F)F)OCc3ccccc3c4ccccc4C1=O,NA
Input,BRD-K30837577,-0.23789748,InputSig,NA,NA,LINCSCP_63485,VCAP,5uM,24h,prostate,NA,NA,QYSMODXJNCJWNA-QNBQWMASSA-N,"InChI=1S/C26H32ClN3O5/c1-17(18-6-3-2-4-7-18)28-25(32)13-22-10-11-23-24(35-22)16-34-15-21(31)14-30(23)26(33)29-20-9-5-8-19(27)12-20/h2-9,12,17,21-24,31H,10-11,13-16H2,1H3,(H,28,32)(H,29,33)/t17-,21+,22+,23+,24-/m0/s1",2713,C[C@H](NC(=O)C[C@H]1CC[C@@H]2[C@H](COC[C@H](O)CN2C(=O)Nc3cccc(Cl)c3)O1)c4ccccc4,NA
Input,BX 912,-0.23772924,InputSig,NA,NA,LINCSCP_64922,VCAP,0.5uM,24h,prostate,Pyruvate dehydrogenase kinase inhibitor,PDK1|PDPK1,DMMILYKXNCVKOJ-UHFFFAOYSA-N,"InChI=1S/C20H23BrN8O/c21-17-12-24-19(28-18(17)23-7-6-16-11-22-13-25-16)26-14-4-3-5-15(10-14)27-20(30)29-8-1-2-9-29/h3-5,10-13H,1-2,6-9H2,(H,22,25)(H,27,30)(H2,23,24,26,28)",22132,Brc1cnc(Nc2cccc(NC(=O)N3CCCC3)c2)nc1NCCc4c[nH]cn4,NA
Input,BRD-K76358141,-0.23769309,InputSig,NA,NA,LINCSCP_63742,VCAP,5uM,24h,prostate,NA,NA,SSPYWNJKRFMGCQ-OQIJWPOYSA-N,"InChI=1S/C21H31N3O6/c1-23(2)20(26)10-17-7-8-18-19(30-17)13-29-12-15(25)11-24(18)21(27)22-14-5-4-6-16(9-14)28-3/h4-6,9,15,17-19,25H,7-8,10-13H2,1-3H3,(H,22,27)/t15-,17-,18+,19-/m1/s1",5478,COc1cccc(NC(=O)N2C[C@@H](O)COC[C@H]3O[C@@H](CC(=O)N(C)C)CC[C@H]23)c1,NA
Input,BRD-K37612077,-0.23749368,InputSig,NA,NA,LINCSCP_8487,A549,5uM,24h,lung,NA,NA,ANDSQWRABKLSGR-QYZOEREBSA-N,"InChI=1S/C19H22N2O/c20-12-17-19(18(13-22)21-17)16-10-8-15(9-11-16)7-6-14-4-2-1-3-5-14/h8-11,14,17-19,21-22H,1-5,13H2/t17-,18+,19+/m1/s1",23946,OC[C@@H]1N[C@H](C#N)[C@@H]1c2ccc(cc2)C#CC3CCCCC3,NA
Input,BRD-K40608370,-0.23746247,InputSig,NA,NA,LINCSCP_61882,VCAP,5uM,6h,prostate,NA,NA,VHNINRJVEBHVBF-IKGGRYGDSA-N,"InChI=1S/C19H32N4O5S/c1-23-11-19(21-13-23)29(26,27)22-16-8-7-15(28-17(16)12-24)9-18(25)20-10-14-5-3-2-4-6-14/h11,13-17,22,24H,2-10,12H2,1H3,(H,20,25)/t15-,16+,17+/m1/s1",3063,Cn1cnc(c1)S(=O)(=O)N[C@H]2CC[C@H](CC(=O)NCC3CCCCC3)O[C@H]2CO,NA
Input,MLS002729053,-0.23736618,InputSig,NA,NA,LINCSCP_22256,HEPG2,10uM,6h,liver,NA,NA,YBZYCCDTZPMLOW-UHFFFAOYSA-N,"InChI=1S/C11H14FN5OS/c1-2-7-15-17-10(18)8(12)9(14-11(17)19-7)16-5-3-13-4-6-16/h13H,2-6H2,1H3",1269,CCC1=NN2C(=O)C(=C(N=C2S1)N3CCNCC3)F,NA
Input,BRD-K05001416,-0.23730639,InputSig,NA,NA,LINCSCP_8705,A549,5uM,24h,lung,NA,NA,JVDZBXYYJOYVHG-OYRHQHFDSA-N,"InChI=1S/C25H24N2O4S/c28-17-23-25-20-13-7-8-14-21(20)26(24(29)15-18-9-3-1-4-10-18)16-22(25)27(23)32(30,31)19-11-5-2-6-12-19/h1-14,22-23,25,28H,15-17H2/t22-,23-,25+/m1/s1",11719,OC[C@@H]1[C@@H]2[C@@H](CN(C(=O)Cc3ccccc3)c4ccccc24)N1S(=O)(=O)c5ccccc5,NA
Input,BRD-K79967274,-0.23722559,InputSig,NA,NA,LINCSCP_61651,VCAP,5uM,24h,prostate,NA,NA,FOMDXHZXOKRLRD-RXYILKCJSA-N,"InChI=1S/C30H41N3O4/c1-21-17-33(22(2)19-34)29(35)27-16-10-9-15-26(27)25-14-8-7-11-23(25)20-37-28(21)18-32(3)30(36)31-24-12-5-4-6-13-24/h7-11,14-16,21-22,24,28,34H,4-6,12-13,17-20H2,1-3H3,(H,31,36)/t21-,22-,28+/m0/s1",7202,C[C@@H](CO)N1C[C@H](C)[C@@H](CN(C)C(=O)NC2CCCCC2)OCc3ccccc3c4ccccc4C1=O,NA
Input,BRD-K89627562,-0.23693938,InputSig,NA,NA,LINCSCP_303425,VCAP,5uM,6h,prostate,NA,NA,ZGEAGHWTKPKCOK-HNJJPSDCSA-N,"InChI=1S/C25H28N2O8/c1-31-12-24(30)27-15-3-5-19-17(7-15)18-8-16(34-22(11-28)25(18)35-19)9-23(29)26-10-14-2-4-20-21(6-14)33-13-32-20/h2-7,16,18,22,25,28H,8-13H2,1H3,(H,26,29)(H,27,30)/t16-,18-,22+,25+/m0/s1",25187,COCC(=O)Nc1ccc2O[C@H]3[C@@H](CO)O[C@H](CC(=O)NCc4ccc5OCOc5c4)C[C@H]3c2c1,NA
Input,Ifenprodil,-0.23687055,InputSig,NA,NA,LINCSCP_136618,MCF7,0.37uM,24h,breast,Adrenergic receptor antagonist|Glutamate receptor antagonist,GRIN1|GRIN2B,UYNVMODNBIQBMV-UHFFFAOYSA-N,"InChI=1S/C21H27NO2/c1-16(21(24)19-7-9-20(23)10-8-19)22-13-11-18(12-14-22)15-17-5-3-2-4-6-17/h2-10,16,18,21,23-24H,11-15H2,1H3",36234,CC(C(O)c1ccc(O)cc1)N2CCC(Cc3ccccc3)CC2,4
Input,BRD-K00541818,-0.23674009,InputSig,NA,NA,LINCSCP_122902,HT29,10uM,24h,large intestine,NA,NA,RNIGAGNWOYTJAX-SDNWWYRDSA-N,"InChI=1S/C30H35N3O3S/c1-5-10-21-13-9-14-23(17-21)28-27-24(20-33(26(27)15-16-34)37(36)30(2,3)4)18-25(32-28)29(35)31-19-22-11-7-6-8-12-22/h5-14,17-18,26,34H,15-16,19-20H2,1-4H3,(H,31,35)/b10-5+/t26-,37-/m0/s1",5441,C\C=C\c1cccc(c1)c2nc(cc3CN([C@@H](CCO)c23)[S@@](=O)C(C)(C)C)C(=O)NCc4ccccc4,NA
Input,NCGC00346967-01,-0.23672127,InputSig,NA,NA,LINCSCP_82428,A549,10uM,24h,lung,EPHB3 inhibitor,EPHB3,UISRWLSAXIOCND-UHFFFAOYSA-N,"InChI=1S/C22H23Cl2N5O2S/c1-28-8-10-29(11-9-28)13-6-7-16(17(12-13)31-2)26-22-27-21(25)20(32-22)19(30)18-14(23)4-3-5-15(18)24/h3-7,12H,8-11,25H2,1-2H3,(H,26,27)",1733,COc1cc(ccc1Nc2nc(N)c(s2)C(=O)c3c(Cl)cccc3Cl)N4CCN(C)CC4,NA
Input,K784-3187,-0.23664366,InputSig,NA,NA,LINCSCP_108346,HELA,0.04uM,24h,large intestine,Estrogen receptor beta agonist,ESR2,NA,NA,NA,NA,NA
Input,BRD-K85322309,-0.23654722,InputSig,NA,NA,LINCSCP_63534,VCAP,5uM,24h,prostate,NA,NA,QYSMODXJNCJWNA-UZKJWJASSA-N,"InChI=1S/C26H32ClN3O5/c1-17(18-6-3-2-4-7-18)28-25(32)13-22-10-11-23-24(35-22)16-34-15-21(31)14-30(23)26(33)29-20-9-5-8-19(27)12-20/h2-9,12,17,21-24,31H,10-11,13-16H2,1H3,(H,28,32)(H,29,33)/t17-,21+,22-,23-,24+/m1/s1",4408,C[C@@H](NC(=O)C[C@H]1CC[C@@H]2[C@H](COC[C@@H](O)CN2C(=O)Nc3cccc(Cl)c3)O1)c4ccccc4,NA
Input,VU0413807-2,-0.23648085,InputSig,NA,NA,LINCSCP_292228,VCAP,10uM,24h,prostate,Calcium channel blocker,CACNA1G|CACNA1H|CACNA1I,GSJIGYLGKSBYBC-ALOPSCKCSA-N,"InChI=1S/C19H26Cl2N2O/c1-19(2,3)4-5-23-10-16-15(17(16)11-23)9-22-18(24)12-6-13(20)8-14(21)7-12/h6-8,15-17H,4-5,9-11H2,1-3H3,(H,22,24)/t15?,16-,17+",35384,CC(C)(C)CCN1C[C@@H]2C(CNC(=O)c3cc(Cl)cc(Cl)c3)[C@@H]2C1,NA
Input,"L-755,507",-0.23627787,InputSig,NA,NA,LINCSCP_26803,HT29,10uM,6h,large intestine,Adrenergic receptor agonist,ADRB3,NYYJKMXNVNFOFQ-UHFFFAOYSA-N,"InChI=1S/C30H40N4O6S/c1-2-3-4-5-19-32-30(37)33-24-10-16-29(17-11-24)41(38,39)34-25-8-6-23(7-9-25)18-20-31-21-27(36)22-40-28-14-12-26(35)13-15-28/h6-17,27,31,34-36H,2-5,18-22H2,1H3,(H2,32,33,37)",478,CCCCCCNC(=O)Nc1ccc(cc1)S(=O)(=O)Nc2ccc(CCNCC(O)COc3ccc(O)cc3)cc2,NA
Input,CHEMBL2355724,-0.23624056,InputSig,NA,NA,LINCSCP_60404,VCAP,5uM,24h,prostate,NA,NA,OYKBHWDUAQJSNT-YHGPEZAFSA-N,"InChI=1S/C30H32N4O7S/c1-20-16-34(21(2)18-35)42(37,38)29-9-6-23(5-4-22-10-12-31-13-11-22)14-27(29)41-28(20)17-33(3)30(36)32-24-7-8-25-26(15-24)40-19-39-25/h6-15,20-21,28,35H,16-19H2,1-3H3,(H,32,36)/t20-,21-,28+/m0/s1",37011,C[C@@H](CO)N1C[C@H](C)[C@@H](CN(C)C(=O)Nc2ccc3OCOc3c2)Oc4cc(ccc4S1(=O)=O)C#Cc5ccncc5,NA
Input,SB271046,-0.23615026,InputSig,NA,NA,LINCSCP_78268,A375,10uM,24h,skin,NA,NA,LOCQRDBFWSXQQI-UHFFFAOYSA-N,"InChI=1S/C20H22ClN3O3S2/c1-13-16-11-14(21)3-6-19(16)28-20(13)29(25,26)23-15-4-5-18(27-2)17(12-15)24-9-7-22-8-10-24/h3-6,11-12,22-23H,7-10H2,1-2H3",27088,COc1ccc(NS(=O)(=O)c2sc3ccc(Cl)cc3c2C)cc1N4CCNCC4,NA
Input,UNC 669,-0.23608089,InputSig,NA,NA,LINCSCP_146831,NEU,10uM,24h,NA,NA,NA,CQERVFFAOOUFEQ-UHFFFAOYSA-N,"InChI=1S/C15H20BrN3O/c16-13-9-12(10-17-11-13)15(20)19-7-3-14(4-8-19)18-5-1-2-6-18/h9-11,14H,1-8H2",19911,Brc1cncc(c1)C(=O)N2CCC(CC2)N3CCCC3,NA
Input,84215-10-1,-0.23602923,InputSig,NA,NA,LINCSCP_180118,A375,10uM,6h,skin,Calmodulin antagonist,CALM2,WAEIMOCPASQBSR-UHFFFAOYSA-N,"InChI=1S/C16H21ClN2O2S/c17-16-7-5-6-13-12-14(8-9-15(13)16)22(20,21)19-11-4-2-1-3-10-18/h5-9,12,19H,1-4,10-11,18H2",15857,NCCCCCCNS(=O)(=O)c1ccc2c(Cl)cccc2c1,NA
Input,BRD-K80779790,-0.23590605,InputSig,NA,NA,LINCSCP_3736,A375,10uM,24h,skin,NA,NA,AYZWBNSPUGXEJF-NSVAZKTRSA-N,"InChI=1S/C28H31FN2O3S/c1-20-7-6-8-23(17-20)21-11-13-22(14-12-21)28-25-18-30(15-4-5-16-31(25)26(28)19-32)35(33,34)27-10-3-2-9-24(27)29/h2-3,6-14,17,25-26,28,32H,4-5,15-16,18-19H2,1H3/t25-,26-,28-/m0/s1",33746,Cc1cccc(c1)c2ccc(cc2)[C@@H]3[C@H](CO)N4CCCCN(C[C@@H]34)S(=O)(=O)c5ccccc5F,NA
Input,PSB 36,-0.23579546,InputSig,NA,NA,LINCSCP_44692,PC3,10uM,24h,prostate,Adenosine receptor antagonist,ADORA1,CIBIXJYFYPFMTN-UHFFFAOYSA-N,"InChI=1S/C21H30N4O3/c1-2-3-5-25-18(27)16-17(24(20(25)28)6-4-7-26)23-19(22-16)21-11-13-8-14(12-21)10-15(21)9-13/h13-15,26H,2-12H2,1H3,(H,22,23)",35418,CCCCN1C(=O)N(CCCO)c2nc([nH]c2C1=O)C34CC5CC(CC3C5)C4,NA
Input,BRD-K55343182,-0.23571876,InputSig,NA,NA,LINCSCP_60308,VCAP,5uM,6h,prostate,NA,NA,XXZIILLLBOPLBY-RTXPOLOASA-N,"InChI=1S/C26H32N4O5/c1-17-14-30(18(2)16-31)26(34)22-11-21(6-5-19(3)32)13-28-25(22)35-23(17)15-29(4)24(33)12-20-7-9-27-10-8-20/h7-11,13,17-19,23,31-32H,12,14-16H2,1-4H3/t17-,18+,19+,23+/m0/s1",777,C[C@@H](O)C#Cc1cnc2O[C@H](CN(C)C(=O)Cc3ccncc3)[C@@H](C)CN([C@H](C)CO)C(=O)c2c1,NA
Input,BRD-K71531260,-0.23563137,InputSig,NA,NA,LINCSCP_61815,VCAP,5uM,24h,prostate,NA,NA,YJKUDHPPBXQQCK-SOLBZPMBSA-N,"InChI=1S/C20H29N3O5/c1-23(2)12-20(26)22-16-9-8-15(28-18(16)13-24)10-19(25)21-11-14-6-4-5-7-17(14)27-3/h4-9,15-16,18,24H,10-13H2,1-3H3,(H,21,25)(H,22,26)/t15-,16+,18-/m1/s1",3418,COc1ccccc1CNC(=O)C[C@@H]2O[C@H](CO)[C@@H](NC(=O)CN(C)C)C=C2,NA
Input,MDM2 Inhibitor,-0.23562318,InputSig,NA,NA,LINCSCP_22984,HEPG2,10uM,6h,liver,MDM inhibitor,MDM2,BYMGWCQXSPGCMW-XCVCLJGOSA-N,"InChI=1S/C15H12BIO3/c17-14-8-1-11(2-9-14)3-10-15(18)12-4-6-13(7-5-12)16(19)20/h1-10,19-20H/b10-3+",37932,OB(O)c1ccc(cc1)C(=O)\C=C\c2ccc(I)cc2,NA
Input,BRD-K35669573,-0.23534197,InputSig,NA,NA,LINCSCP_22351,HEPG2,10uM,6h,liver,NA,NA,ILEDKNBEZITSIP-LBPRGKRZSA-N,"InChI=1S/C14H17N3O2S/c1-10-7-16-8-11-3-2-4-13(14(10)11)20(18,19)17-12-5-6-15-9-12/h2-4,7-8,12,15,17H,5-6,9H2,1H3/t12-/m0/s1",8852,Cc1cncc2cccc(c12)S(=O)(=O)N[C@H]3CCNC3,NA
Input,Alisertib,-0.23530243,InputSig,NA,NA,LINCSCP_174689,YAPC,10uM,24h,pancreas,Aurora kinase inhibitor,AURKA,ZLHFILGSQDJULK-UHFFFAOYSA-N,"InChI=1S/C27H20ClFN4O4/c1-36-21-5-3-4-20(29)23(21)25-19-10-15(28)6-8-17(19)24-14(12-30-25)13-31-27(33-24)32-16-7-9-18(26(34)35)22(11-16)37-2/h3-11,13H,12H2,1-2H3,(H,34,35)(H,31,32,33)",39955,COc1cccc(F)c1C2=NCc3cnc(Nc4ccc(C(=O)O)c(OC)c4)nc3c5ccc(Cl)cc25,3
Input,BH3I 1,-0.23524727,InputSig,NA,NA,LINCSCP_204292,ASC,10uM,24h,adipose,BCL inhibitor,BCL2L1,COHIEJLWRGREHV-XFFZJAGNSA-N,"InChI=1S/C15H14BrNO3S2/c1-8(2)12(14(19)20)17-13(18)11(22-15(17)21)7-9-3-5-10(16)6-4-9/h3-8,12H,1-2H3,(H,19,20)/b11-7-",37787,CC(C)C(N1C(=S)S\C(=C/c2ccc(Br)cc2)\C1=O)C(=O)O,NA
Input,L 2167,-0.23514371,InputSig,NA,NA,LINCSCP_26739,HT29,10uM,6h,large intestine,PPAR receptor agonist,PPARD,HBBVCKCCQCQCTJ-UHFFFAOYSA-N,"InChI=1S/C22H26O7/c1-3-5-19-20(11-10-18(15(2)23)22(19)26)28-13-4-12-27-16-6-8-17(9-7-16)29-14-21(24)25/h6-11,26H,3-5,12-14H2,1-2H3,(H,24,25)",18479,CCCc1c(O)c(ccc1OCCCOc2ccc(OCC(=O)O)cc2)C(=O)C,NA
Input,Vidofludimus,-0.23468767,InputSig,NA,NA,LINCSCP_106119,HELA,10uM,24h,large intestine,NA,NA,XPRDUGXOWVXZLL-UHFFFAOYSA-N,"InChI=1S/C20H18FNO4/c1-26-14-5-2-4-12(10-14)13-8-9-18(17(21)11-13)22-19(23)15-6-3-7-16(15)20(24)25/h2,4-5,8-11H,3,6-7H2,1H3,(H,22,23)(H,24,25)",26800,COc1cccc(c1)c2ccc(NC(=O)C3=C(CCC3)C(=O)O)c(F)c2,NA
Input,"THR1 Inhibitor, 2",-0.23464549,InputSig,NA,NA,LINCSCP_55882,VCAP,10uM,24h,prostate,BTK inhibitor,BTK,BQLDGDMKDYAGNE-UHFFFAOYSA-N,"InChI=1S/C11H8Br2N2O2/c1-6(16)8(5-14)11(17)15-10-4-7(12)2-3-9(10)13/h2-4,8H,1H3,(H,15,17)",360,CC(=O)C(C#N)C(=O)Nc1cc(Br)ccc1Br,NA
Input,MLS002425843,-0.23461743,InputSig,NA,NA,LINCSCP_19787,HCC515,10uM,6h,lung,NA,NA,UUPNXRQGWXFBRW-UHFFFAOYSA-N,"InChI=1S/C16H12N2O4S/c19-10-2-3-11(13(20)6-10)12-7-23-16(18-12)17-9-1-4-14-15(5-9)22-8-21-14/h1-7,19-20H,8H2,(H,17,18)",3582,Oc1ccc(c(O)c1)c2csc(Nc3ccc4OCOc4c3)n2,NA
Input,BRD-K04574057,-0.23450921,InputSig,NA,NA,LINCSCP_63467,VCAP,5uM,24h,prostate,NA,NA,TWGHTEGHSVIJBR-MYGLTJDJSA-N,"InChI=1S/C25H32F3N5O5/c1-32-11-18(30-15-32)8-9-29-23(35)10-20-6-7-21-22(38-20)14-37-13-19(34)12-33(21)24(36)31-17-4-2-16(3-5-17)25(26,27)28/h2-5,11,15,19-22,34H,6-10,12-14H2,1H3,(H,29,35)(H,31,36)/t19-,20-,21-,22+/m0/s1",1290,Cn1cnc(CCNC(=O)C[C@@H]2CC[C@H]3[C@@H](COC[C@@H](O)CN3C(=O)Nc4ccc(cc4)C(F)(F)F)O2)c1,NA
Input,BRD-K13077924,-0.23440997,InputSig,NA,NA,LINCSCP_222133,HL60,1uM,24h,haematopoietic and lymphoid tissue,NA,NA,BDBVIRYZFHASTC-GQCTYLIASA-N,"InChI=1S/C19H20N2O2/c1-4-6-15-8-9-17(18(11-15)22-3)23-13-16-12-21-10-5-7-14(2)19(21)20-16/h4-12H,13H2,1-3H3/b6-4+",26563,COc1cc(\C=C\C)ccc1OCc2cn3cccc(C)c3n2,NA
Input,BRD-K76876037,-0.2342524,InputSig,NA,NA,LINCSCP_27593,HT29,5uM,24h,large intestine,NA,NA,PBTCYEHOLZFKGG-QRVBRYPASA-N,"InChI=1S/C21H29N3O4/c1-13(2)22-21(27)24-18-8-7-17(28-19(18)12-25)11-20(26)23-16-9-14-5-3-4-6-15(14)10-16/h3-8,13,16-19,25H,9-12H2,1-2H3,(H,23,26)(H2,22,24,27)/t17-,18-,19+/m1/s1",5737,CC(C)NC(=O)N[C@@H]1C=C[C@H](CC(=O)NC2Cc3ccccc3C2)O[C@H]1CO,NA
Input,BRD-K86727142-001-06-6,-0.2342264,InputSig,NA,NA,LINCSCP_14311,HA1E,10uM,6h,kidney epithelial,HCV inhibitor|XIAP inhibitor,XIAP,FNQDSLSOLMXCMU-UHFFFAOYSA-N,"InChI=1S/C17H26O4/c1-2-3-4-5-6-7-8-9-10-11-13-16(20)14(18)12-15(19)17(13)21/h13H,2-12H2,1H3",1244,CCCCCCCCCCCC1C(=O)C(=O)CC(=O)C1=O,NA
Input,BRD-K51643793,-0.23420207,InputSig,NA,NA,LINCSCP_61469,VCAP,5uM,24h,prostate,NA,NA,ZXKFKEACMTVYCV-HWQLMJRHSA-N,"InChI=1S/C35H41N3O5/c1-23-19-38(24(2)21-39)34(40)32-31(28-17-11-12-18-29(28)37(32)4)27-16-10-9-15-26(27)22-43-30(23)20-36(3)35(41)33(42-5)25-13-7-6-8-14-25/h6-18,23-24,30,33,39H,19-22H2,1-5H3/t23-,24-,30-,33+/m0/s1",39128,CO[C@@H](C(=O)N(C)C[C@@H]1OCc2ccccc2c3c(C(=O)N(C[C@@H]1C)[C@@H](C)CO)n(C)c4ccccc34)c5ccccc5,NA
Input,Austricin,-0.23416934,InputSig,NA,NA,LINCSCP_289282,VCAP,10uM,24h,prostate,Hypolipidemic,NA,YMUOZXZDDBRJEP-XUNJKSNWSA-N,"InChI=1S/C15H18O4/c1-6-4-10(17)13-8(3)15(18)19-14(13)12-7(2)5-9(16)11(6)12/h5,8,10,12-14,17H,4H2,1-3H3/t8-,10-,12-,13+,14+/m0/s1",15820,C[C@H]1[C@@H]2[C@@H](O)CC(=C3C(=CC(=C3[C@H]2OC1=O)C)O)C,NA
Input,BRD-K99756483,-0.23406723,InputSig,NA,NA,LINCSCP_7999,A549,10uM,6h,lung,NA,NA,JVQYZDSRPVTFBX-QYUJLGCLSA-N,"InChI=1S/C35H40N4O6/c1-22-16-39(23(2)20-40)35(42)28-15-26(36-34(41)14-25-18-38(4)29-8-6-5-7-27(25)29)10-12-30(28)45-33(22)19-37(3)17-24-9-11-31-32(13-24)44-21-43-31/h5-13,15,18,22-23,33,40H,14,16-17,19-21H2,1-4H3,(H,36,41)/t22-,23+,33+/m1/s1",34248,C[C@@H](CO)N1C[C@@H](C)[C@H](CN(C)Cc2ccc3OCOc3c2)Oc4ccc(NC(=O)Cc5cn(C)c6ccccc56)cc4C1=O,NA
Input,Sunitinib,-0.23398073,InputSig,NA,NA,LINCSCP_117031,HT29,10uM,24h,large intestine,Macrophage colony stimulating factor  receptor  inhibitor|Platelet-derived growth factor receptor inhibitor|Stem cell growth factor receptor inhibitor|Tyrosine-protein kinase receptor FLT3 inhibitor|Tyrosine-protein kinase receptor RET inhibitor|Vascular endothelial growth factor receptor inhibitor,CSF1R|FLT1|FLT3|FLT4|KDR|KIT|PDGFRA|PDGFRB|RET,WINHZLLDWRZWRT-UHFFFAOYSA-N,"InChI=1S/C22H27FN4O2/c1-5-27(6-2)10-9-24-22(29)20-13(3)19(25-14(20)4)12-17-16-11-15(23)7-8-18(16)26-21(17)28/h7-8,11-12,25H,5-6,9-10H2,1-4H3,(H,24,29)(H,26,28)",27314,CCN(CC)CCNC(=O)c1c(C)[nH]c(C=C2C(=O)Nc3ccc(F)cc23)c1C,NA
Input,Sunitinib,-0.23398073,InputSig,NA,NA,LINCSCP_117031,HT29,10uM,24h,large intestine,Macrophage colony stimulating factor  receptor  inhibitor|Platelet-derived growth factor receptor inhibitor|Stem cell growth factor receptor inhibitor|Tyrosine-protein kinase receptor FLT3 inhibitor|Tyrosine-protein kinase receptor RET inhibitor|Vascular endothelial growth factor receptor inhibitor,CSF1R|FLT1|FLT3|FLT4|KDR|KIT|PDGFRA|PDGFRB|RET,WINHZLLDWRZWRT-ATVHPVEESA-N,"InChI=1S/C22H27FN4O2/c1-5-27(6-2)10-9-24-22(29)20-13(3)19(25-14(20)4)12-17-16-11-15(23)7-8-18(16)26-21(17)28/h7-8,11-12,25H,5-6,9-10H2,1-4H3,(H,24,29)(H,26,28)/b17-12-",37786,CCN(CC)CCNC(=O)c1c(C)[nH]c(\C=C\2/C(=O)Nc3ccc(F)cc23)c1C,4
Input,AC1O8PXK,-0.23391987,InputSig,NA,NA,LINCSCP_191902,A549,10uM,6h,lung,Antioxidant,NA,SGEWCQFRYRRZDC-YWFAZRBLSA-N,"InChI=1S/C21H20O10/c22-7-14-17(27)18(28)19(29)21(31-14)16-11(25)5-10(24)15-12(26)6-13(30-20(15)16)8-1-3-9(23)4-2-8/h1-6,14,17-19,21-25,27-29H,7H2/t14-,17-,18+,19-,21?/m1/s1",15240,OC[C@H]1OC([C@H](O)[C@@H](O)[C@@H]1O)c2c(O)cc(O)c3C(=O)C=C(Oc23)c4ccc(O)cc4,NA
Input,Diclofenac,-0.23390368,InputSig,NA,NA,LINCSCP_90800,HA1E,10uM,24h,kidney epithelial,Cyclooxygenase inhibitor,PTGS1|PTGS2,DCOPUUMXTXDBNB-UHFFFAOYSA-N,"InChI=1S/C14H11Cl2NO2/c15-10-5-3-6-11(16)14(10)17-12-7-2-1-4-9(12)8-13(18)19/h1-7,17H,8H2,(H,18,19)",35501,OC(=O)Cc1ccccc1Nc2c(Cl)cccc2Cl,4
Input,Tremorine,-0.23379132,InputSig,NA,NA,LINCSCP_14398,HA1E,10uM,24h,kidney epithelial,Acetylcholine receptor agonist,NA,JSUAJTLKVREZHV-UHFFFAOYSA-N,"InChI=1S/C12H20N2/c1-2-8-13(7-1)11-5-6-12-14-9-3-4-10-14/h1-4,7-12H2",550,C(C#CCN1CCCC1)N2CCCC2,NA
Input,CHEMBL1222381,-0.23371432,InputSig,NA,NA,LINCSCP_287077,SNUC4,80uM,6h,large intestine,NA,NA,SYENTKHGMVKGAQ-UHFFFAOYSA-N,"InChI=1S/C11H10N2O2S/c14-11(12-7-3-4-7)8-6-9(15-13-8)10-2-1-5-16-10/h1-2,5-7H,3-4H2,(H,12,14)",16526,O=C(NC1CC1)c2cc(on2)c3cccs3,NA
Input,Aurora A Inhibitor I,-0.23364933,InputSig,NA,NA,LINCSCP_26667,HT29,10uM,6h,large intestine,Aurora kinase inhibitor,AURKA,AKSIZPIFQAYJGF-UHFFFAOYSA-N,"InChI=1S/C31H31ClFN7O2/c1-2-39-15-17-40(18-16-39)28(41)19-21-7-11-24(12-8-21)36-31-34-20-26(33)29(38-31)35-23-13-9-22(10-14-23)30(42)37-27-6-4-3-5-25(27)32/h3-14,20H,2,15-19H2,1H3,(H,37,42)(H2,34,35,36,38)",35269,CCN1CCN(CC1)C(=O)Cc2ccc(Nc3ncc(F)c(Nc4ccc(cc4)C(=O)Nc5ccccc5Cl)n3)cc2,NA
Input,MLS000063560,-0.23349888,InputSig,NA,NA,LINCSCP_207821,H1299,10uM,6h,lung,NA,NA,MMKXHTDCKLZHIM-UHFFFAOYSA-N,"InChI=1S/C17H17N3O3/c1-3-21-14-6-5-13(11-15(14)22-4-2)17-19-16(20-23-17)12-7-9-18-10-8-12/h5-11H,3-4H2,1-2H3",35637,CCOc1ccc(cc1OCC)c2onc(n2)c3ccncc3,NA
Input,Isonicotinohydroxamic acid,-0.23346546,InputSig,NA,NA,LINCSCP_43636,NPC,10uM,6h,neural progenitor cells,NA,NA,HZNTVAYNXKPCFK-UHFFFAOYSA-N,"InChI=1S/C6H6N2O2/c9-6(8-10)5-1-3-7-4-2-5/h1-4,10H,(H,8,9)",39900,ONC(=O)c1ccncc1,NA
Input,MLS002264386,-0.2333204,InputSig,NA,NA,LINCSCP_1635,A375,10uM,6h,skin,NA,NA,WGIPEKFXUFWBHH-UHFFFAOYSA-N,"InChI=1S/C16H17BrN4O/c1-16(2,3)21-14-12(8-19-21)15(22)20(10-18-14)9-11-6-4-5-7-13(11)17/h4-8,10H,9H2,1-3H3",36086,CC(C)(C)n1ncc2C(=O)N(Cc3ccccc3Br)C=Nc12,NA
Input,PFI-1,-0.23321717,InputSig,NA,NA,LINCSCP_146810,NEU,0.37uM,24h,NA,NA,NA,TXZPMHLMPKIUGK-UHFFFAOYSA-N,"InChI=1S/C16H17N3O4S/c1-19-10-11-9-12(7-8-13(11)17-16(19)20)18-24(21,22)15-6-4-3-5-14(15)23-2/h3-9,18H,10H2,1-2H3,(H,17,20)",14199,COc1ccccc1S(=O)(=O)Nc2ccc3NC(=O)N(C)Cc3c2,NA
Input,Setiptiline,-0.23315825,InputSig,NA,NA,LINCSCP_153781,PC3,3.33uM,24h,prostate,NA,NA,GVPIXRLYKVFFMK-UHFFFAOYSA-N,"InChI=1S/C19H19N/c1-20-11-10-18-16-8-4-2-6-14(16)12-15-7-3-5-9-17(15)19(18)13-20/h2-9H,10-13H2,1H3",27182,CN1CCC2=C(C1)c3ccccc3Cc4ccccc24,NA
Input,Rosiglitazone,-0.23302165,InputSig,NA,NA,LINCSCP_13129,FIBRNPC,10uM,24h,NA,Peroxisome proliferator-activated receptor gamma agonist,PPARG,YASAKCUCGLMORW-UHFFFAOYSA-N,"InChI=1S/C18H19N3O3S/c1-21(16-4-2-3-9-19-16)10-11-24-14-7-5-13(6-8-14)12-15-17(22)20-18(23)25-15/h2-9,15H,10-12H2,1H3,(H,20,22,23)",15349,CN(CCOc1ccc(CC2SC(=O)NC2=O)cc1)c3ccccn3,4
Input,Zafirlukast,-0.23300348,InputSig,NA,NA,LINCSCP_272332,PC3,10uM,6h,prostate,Leukotriene receptor antagonist,CYSLTR1,YEEZWCHGZNKEEK-UHFFFAOYSA-N,"InChI=1S/C31H33N3O6S/c1-20-8-4-7-11-29(20)41(37,38)33-30(35)22-13-12-21(28(17-22)39-3)16-23-19-34(2)27-15-14-24(18-26(23)27)32-31(36)40-25-9-5-6-10-25/h4,7-8,11-15,17-19,25H,5-6,9-10,16H2,1-3H3,(H,32,36)(H,33,35)",16411,COc1cc(ccc1Cc2cn(C)c3ccc(NC(=O)OC4CCCC4)cc23)C(=O)NS(=O)(=O)c5ccccc5C,4
Input,BRD-K78603557,-0.23299652,InputSig,NA,NA,LINCSCP_6105,A549,10uM,6h,lung,NA,NA,VLUBEHZZNKTZLC-DSNGTPCMSA-N,"InChI=1S/C30H33Cl2FN4O4/c1-18-14-37(19(2)17-38)29(39)23-5-4-6-26(35-30(40)34-22-10-8-21(33)9-11-22)28(23)41-27(18)16-36(3)15-20-7-12-24(31)25(32)13-20/h4-13,18-19,27,38H,14-17H2,1-3H3,(H2,34,35,40)/t18-,19+,27+/m0/s1",1787,C[C@H](CO)N1C[C@H](C)[C@@H](CN(C)Cc2ccc(Cl)c(Cl)c2)Oc3c(NC(=O)Nc4ccc(F)cc4)cccc3C1=O,NA
Input,Ascorbyl-Palmitate,-0.23289247,InputSig,NA,NA,LINCSCP_7950,A549,10uM,6h,lung,Antioxidant,NA,CYJPUZLKFAUFHF-CNBHCMJISA-N,"InChI=1S/C22H38O7/c1-2-3-4-5-6-7-8-9-10-11-12-13-14-15-18(24)28-16-17(23)21-19(25)20(26)22(27)29-21/h17,19,21,23,25H,2-16H2,1H3/t17?,19?,21-/m1/s1",6480,CCCCCCCCCCCCCCCC(=O)OCC(O)[C@H]1OC(=O)C(=O)C1O,NA
Input,Naproxen,-0.23287118,InputSig,NA,NA,LINCSCP_16146,HA1E,10uM,6h,kidney epithelial,Cyclooxygenase inhibitor,PTGS1|PTGS2,CMWTZPSULFXXJA-VIFPVBQESA-N,"InChI=1S/C14H14O3/c1-9(14(15)16)10-3-4-12-8-13(17-2)6-5-11(12)7-10/h3-9H,1-2H3,(H,15,16)/t9-/m0/s1",36504,COc1ccc2cc(ccc2c1)[C@H](C)C(=O)O,4
Input,Lavendustin A,-0.23275506,InputSig,NA,NA,LINCSCP_7689,A549,10uM,6h,lung,EGFR inhibitor,NA,ULTTYPMRMMDONC-UHFFFAOYSA-N,"InChI=1S/C21H19NO6/c23-16-6-8-19(25)14(9-16)12-22(11-13-3-1-2-4-18(13)24)15-5-7-20(26)17(10-15)21(27)28/h1-10,23-26H,11-12H2,(H,27,28)",15506,OC(=O)c1cc(ccc1O)N(Cc2ccccc2O)Cc3cc(O)ccc3O,NA
Input,BRD-K64418359,-0.23274576,InputSig,NA,NA,LINCSCP_63620,VCAP,5uM,6h,prostate,NA,NA,HDTRYUIMSWCRLO-YIYPIFLZSA-N,"InChI=1S/C16H25N3O7S/c1-18-7-15(17-10-18)27(22,23)19-6-11(20)8-25-9-14-13(19)4-3-12(26-14)5-16(21)24-2/h7,10-14,20H,3-6,8-9H2,1-2H3/t11-,12-,13+,14-/m1/s1",3938,COC(=O)C[C@H]1CC[C@H]2[C@@H](COC[C@H](O)CN2S(=O)(=O)c3cn(C)cn3)O1,NA
Input,Ivabradine HCl,-0.23273195,InputSig,NA,NA,LINCSCP_153461,PC3,0.04uM,24h,prostate,NA,NA,ACRHBAYQBXXRTO-NRFANRHFSA-N,"InChI=1S/C27H36N2O5/c1-28(17-21-11-20-14-25(33-4)26(34-5)16-22(20)21)8-6-9-29-10-7-18-12-23(31-2)24(32-3)13-19(18)15-27(29)30/h12-14,16,21H,6-11,15,17H2,1-5H3/t21-/m0/s1",26699,COc1cc2CCN(CCCN(C)C[C@@H]3Cc4cc(OC)c(OC)cc34)C(=O)Cc2cc1OC,NA
Input,Felodipine,-0.23266244,InputSig,NA,NA,LINCSCP_92325,HA1E,10uM,24h,kidney epithelial,Mineralocorticoid receptor antagonist|Voltage-gated L-type calcium channel blocker,CACNA1C|CACNA1D|CACNA1F|CACNA1S|NR3C2,RZTAMFZIAATZDJ-UHFFFAOYSA-N,"InChI=1S/C18H19Cl2NO4/c1-5-25-18(23)14-10(3)21-9(2)13(17(22)24-4)15(14)11-7-6-8-12(19)16(11)20/h6-8,15,21H,5H2,1-4H3",17707,CCOC(=O)C1=C(C)NC(=C(C1c2cccc(Cl)c2Cl)C(=O)OC)C,4
Input,Salvinorin A,-0.23259722,InputSig,NA,NA,LINCSCP_72118,A375,0.04uM,24h,skin,Opioid receptor agonist,OPRK1,OBSYBRPAKCASQB-AGQYDFLVSA-N,"InChI=1S/C23H28O8/c1-12(24)30-16-9-15(20(26)28-4)22(2)7-5-14-21(27)31-17(13-6-8-29-11-13)10-23(14,3)19(22)18(16)25/h6,8,11,14-17,19H,5,7,9-10H2,1-4H3/t14-,15-,16-,17-,19-,22-,23-/m0/s1",15472,COC(=O)[C@@H]1C[C@H](OC(=O)C)C(=O)[C@H]2[C@@]1(C)CC[C@H]3C(=O)O[C@@H](C[C@]23C)c4cocc4,NA
Input,"1-(2,6-Dichlorobenzylideneamino)guanidine",-0.23248591,InputSig,NA,NA,LINCSCP_139623,MCF7,0.37uM,24h,breast,Adrenergic receptor agonist,NA,WDZVGELJXXEGPV-UHFFFAOYSA-N,"InChI=1S/C8H8Cl2N4/c9-6-2-1-3-7(10)5(6)4-13-14-8(11)12/h1-4H,(H4,11,12,14)",35868,NC(=N)NN=Cc1c(Cl)cccc1Cl,NA
Input,BRD-K18772888-001-01-4,-0.23235148,InputSig,NA,NA,LINCSCP_59641,VCAP,5uM,24h,prostate,NA,NA,RPGIBJKWWMWOCH-TWUWCHPWSA-N,"InChI=1S/C30H35N5O6/c1-19-14-35(20(2)17-36)29(37)24-12-22(32-30(38)33-23-5-7-26-27(13-23)40-18-39-26)4-6-25(24)41-28(19)16-34(3)15-21-8-10-31-11-9-21/h4-13,19-20,28,36H,14-18H2,1-3H3,(H2,32,33,38)/t19-,20+,28+/m0/s1",32159,C[C@H](CO)N1C[C@H](C)[C@@H](CN(C)Cc2ccncc2)Oc3ccc(NC(=O)Nc4ccc5OCOc5c4)cc3C1=O,NA
Input,BRD-K28467343,-0.23229982,InputSig,NA,NA,LINCSCP_60468,VCAP,5uM,6h,prostate,NA,NA,QUERDMQYNZTGQF-RNHFSVANSA-N,"InChI=1S/C28H29FN4O5S/c1-19-16-33(20(2)18-34)28(35)23-13-22(11-10-21-7-6-12-30-14-21)15-31-27(23)38-25(19)17-32(3)39(36,37)26-9-5-4-8-24(26)29/h4-9,12-15,19-20,25,34H,16-18H2,1-3H3/t19-,20+,25+/m1/s1",575,C[C@@H](CO)N1C[C@@H](C)[C@H](CN(C)S(=O)(=O)c2ccccc2F)Oc3ncc(cc3C1=O)C#Cc4cccnc4,NA
Input,Solifenacin succinate,-0.2322847,InputSig,NA,NA,LINCSCP_72321,A375,10uM,24h,skin,Muscarinic acetylcholine receptor M2 antagonist|Muscarinic acetylcholine receptor M3 antagonist,CHRM2|CHRM3,FBOUYBDGKBSUES-VXKWHMMOSA-N,"InChI=1S/C23H26N2O2/c26-23(27-21-16-24-13-10-18(21)11-14-24)25-15-12-17-6-4-5-9-20(17)22(25)19-7-2-1-3-8-19/h1-9,18,21-22H,10-16H2/t21-,22-/m0/s1",26623,O=C(O[C@H]1CN2CCC1CC2)N3CCc4ccccc4[C@@H]3c5ccccc5,4
Input,Golvatinib (E7050),-0.23217011,InputSig,NA,NA,LINCSCP_109143,HELA,10uM,24h,large intestine,Hepatocyte growth factor receptor inhibitor|Vascular endothelial growth factor receptor 2 inhibitor,KDR|MET,UQRCJCNVNUFYDX-UHFFFAOYSA-N,"InChI=1S/C33H37F2N7O4/c1-40-16-18-41(19-17-40)24-9-14-42(15-10-24)32(45)39-29-21-26(8-13-36-29)46-25-6-7-28(27(35)20-25)38-31(44)33(11-12-33)30(43)37-23-4-2-22(34)3-5-23/h2-8,13,20-21,24H,9-12,14-19H2,1H3,(H,37,43)(H,38,44)(H,36,39,45)",27004,CN1CCN(CC1)C2CCN(CC2)C(=O)Nc3cc(Oc4ccc(NC(=O)C5(CC5)C(=O)Nc6ccc(F)cc6)c(F)c4)ccn3,2
Input,Naproxol,-0.23212412,InputSig,NA,NA,LINCSCP_203952,ASC,10uM,24h,adipose,Anti-inflammatory agent,PTGS1|PTGS2,LTRANDSQVZFZDG-SNVBAGLBSA-N,"InChI=1S/C14H16O2/c1-10(9-15)11-3-4-13-8-14(16-2)6-5-12(13)7-11/h3-8,10,15H,9H2,1-2H3/t10-/m1/s1",15554,COc1ccc2cc(ccc2c1)[C@H](C)CO,NA
Input,sunitinib,-0.23185857000000001,InputSig,NA,NA,LINCSCP_26750,HT29,10uM,6h,large intestine,FLT3 inhibitor|KIT inhibitor|PDGFR tyrosine kinase receptor inhibitor|RET tyrosine kinase inhibitor|VEGFR inhibitor,FLT1|FLT3|FLT4|KDR|KIT|PDGFRA|PDGFRB|RET,NA,NA,NA,NA,NA
Input,BCB03_000153,-0.23182795,InputSig,NA,NA,LINCSCP_294785,VCAP,10uM,24h,prostate,NA,NA,SYBKMQXYJLMGPR-UHFFFAOYSA-N,"InChI=1S/C32H35F3N4O5/c33-32(34,35)44-23-7-3-5-20(15-23)18-38-24-16-22(6-4-14-40)25(27-26(24)29(41)39(30(27)42)31(36)43)28(38)21-10-8-19(9-11-21)17-37-12-1-2-13-37/h3,5,7-11,15-16,24-28,40H,1-2,4,6,12-14,17-18H2,(H2,36,43)",11463,NC(=O)N1C(=O)C2C3C=C(CCCO)C(C2C1=O)C(N3Cc4cccc(OC(F)(F)F)c4)c5ccc(CN6CCCC6)cc5,NA
Input,BRD-K71387353,-0.23171096,InputSig,NA,NA,LINCSCP_8417,A549,5uM,24h,lung,NA,NA,HABLAPXLJDLSLY-HKARXFIJSA-N,"InChI=1S/C23H31F3N2O4S/c1-16(23(32-4)14-27(3)13-18-11-20(25)7-10-22(18)26)12-28(17(2)15-29)33(30,31)21-8-5-19(24)6-9-21/h5-11,16-17,23,29H,12-15H2,1-4H3/t16-,17-,23+/m0/s1",3151,CO[C@H](CN(C)Cc1cc(F)ccc1F)[C@@H](C)CN([C@@H](C)CO)S(=O)(=O)c2ccc(F)cc2,NA
Input,UNC0638,-0.23167194,InputSig,NA,NA,LINCSCP_146952,NEU,3.33uM,24h,NA,NA,NA,QOECJCJVIMVJGX-UHFFFAOYSA-N,"InChI=1S/C30H47N5O2/c1-22(2)35-17-12-24(13-18-35)31-30-25-20-27(36-3)28(37-19-9-16-34-14-7-8-15-34)21-26(25)32-29(33-30)23-10-5-4-6-11-23/h20-24H,4-19H2,1-3H3,(H,31,32,33)",34335,COc1cc2c(NC3CCN(CC3)C(C)C)nc(nc2cc1OCCCN4CCCC4)C5CCCCC5,NA
Input,CHEMBL2131967,-0.23165111,InputSig,NA,NA,LINCSCP_26545,HT29,10uM,6h,large intestine,NA,NA,UIWHTZIAIXNFGN-XLCATFGMSA-N,"InChI=1S/C40H42N6O5S/c1-25-21-46(26(2)24-47)40(50)31-7-6-10-34(44-38(49)29-15-17-30(18-16-29)39-42-19-20-52-39)36(31)51-35(25)23-45(3)22-27-11-13-28(14-12-27)37(48)43-33-9-5-4-8-32(33)41/h4-20,25-26,35,47H,21-24,41H2,1-3H3,(H,43,48)(H,44,49)/t25-,26+,35+/m0/s1",19861,C[C@H](CO)N1C[C@H](C)[C@@H](CN(C)Cc2ccc(cc2)C(=O)Nc3ccccc3N)Oc4c(NC(=O)c5ccc(cc5)c6nccs6)cccc4C1=O,NA
Input,AC1MS7KY,-0.23162704,InputSig,NA,NA,LINCSCP_432,A375,10uM,6h,skin,Glutamate receptor agonist,GRM1|GRM4,FPXPIEZPAXSELW-UHFFFAOYSA-N,"InChI=1S/C17H14N2O3/c20-16(18-11-6-2-1-3-7-11)17-10-13(17)15(19-21)12-8-4-5-9-14(12)22-17/h1-9,13,21H,10H2,(H,18,20)",397,ON=C1C2CC2(Oc3ccccc13)C(=O)Nc4ccccc4,NA
Input,CHEMBL1950303,-0.23155426,InputSig,NA,NA,LINCSCP_84912,ASC,10uM,24h,adipose,NA,NA,IBGLGMOPHJQDJB-ROKHWSDSSA-N,"InChI=1S/C21H23F3N6O2/c22-11-7-15(23)18(16(24)8-11)28-21-27-17-9-25-20(26-12-1-3-14(31)4-2-12)29-19(17)30(21)13-5-6-32-10-13/h7-9,12-14,31H,1-6,10H2,(H,27,28)(H,25,26,29)/t12?,13-,14?/m1/s1",17495,OC1CCC(CC1)Nc2ncc3nc(Nc4c(F)cc(F)cc4F)n([C@@H]5CCOC5)c3n2,NA
Input,BRD-K20197338,-0.2315415,InputSig,NA,NA,LINCSCP_48505,PC3,10uM,24h,prostate,NA,NA,LOPBZILAZMWERO-ZSLRCHCDSA-N,"InChI=1S/C30H34N2O6S/c1-21-6-5-9-27(16-21)39(35,36)32-18-25(33)19-37-20-29-28(32)15-14-26(38-29)17-30(34)31-24-12-10-23(11-13-24)22-7-3-2-4-8-22/h2-13,16,25-26,28-29,33H,14-15,17-20H2,1H3,(H,31,34)/t25-,26-,28-,29+/m0/s1",23979,Cc1cccc(c1)S(=O)(=O)N2C[C@H](O)COC[C@H]3O[C@H](CC(=O)Nc4ccc(cc4)c5ccccc5)CC[C@H]23,NA
Input,Cabergoline,-0.23148145,InputSig,NA,NA,LINCSCP_108669,HELA,0.12uM,24h,large intestine,Dopamine receptor agonist,ADRA1A|ADRA2A|ADRA2B|ADRA2C|DRD1|DRD2|DRD3|DRD4|DRD5|HTR1A|HTR1B|HTR1D|HTR2A|HTR2B|HTR2C,KORNTPPJEAJQIU-KJXAQDMKSA-N,"InChI=1S/C26H37N5O2/c1-5-11-30-17-19(25(32)31(26(33)27-6-2)13-8-12-29(3)4)14-21-20-9-7-10-22-24(20)18(16-28-22)15-23(21)30/h5,7,9-10,16,19,21,23,28H,1,6,8,11-15,17H2,2-4H3,(H,27,33)/t19-,21-,23-/m1/s1",16006,CCNC(=O)N(CCCN(C)C)C(=O)[C@@H]1C[C@H]2[C@@H](Cc3c[nH]c4cccc2c34)N(CC=C)C1,4
Input,BRD-K12744550-019-01-8,-0.23146379,InputSig,NA,NA,LINCSCP_312429,VCAP,10uM,24h,prostate,NA,NA,WOCRQZHTIDNKHB-WZELWDQOSA-N,"InChI=1S/C26H25N3O/c30-25(16-21-12-14-27-15-13-21)29-17-23-26(24(18-29)28-23)22-10-8-20(9-11-22)7-6-19-4-2-1-3-5-19/h1-15,23-24,26,28H,16-18H2/b7-6+/t23-,24+,26?",5556,O=C(Cc1ccncc1)N2C[C@@H]3N[C@H](C2)[C@@H]3c4ccc(\C=C\c5ccccc5)cc4,NA
Input,ZD-7288,-0.2313798,InputSig,NA,NA,LINCSCP_71722,A375,0.04uM,24h,skin,HCN channel blocker,HCN1|HCN2|HCN3|HCN4,JABSKGQQWUDVRU-UHFFFAOYSA-O,"InChI=1S/C15H20N4/c1-5-19(13-9-7-6-8-10-13)15-11-14(16-3)18(4)12(2)17-15/h6-11H,5H2,1-4H3/p+1",15462,CCN(c1ccccc1)c2cc(NC)[n+](C)c(C)n2,NA
Input,BRD-K16128171,-0.23137613,InputSig,NA,NA,LINCSCP_48646,PC3,10uM,6h,prostate,NA,NA,JUQJYDYSSKEAPO-VJBWXMMDSA-N,"InChI=1S/C24H31N3O2/c25-15-21-23(20-14-8-7-13-19(20)17-9-3-1-4-10-17)22(16-28)27(21)24(29)26-18-11-5-2-6-12-18/h7-9,13-14,18,21-23,28H,1-6,10-12,16H2,(H,26,29)/t21-,22+,23+/m1/s1",32084,OC[C@H]1[C@H]([C@@H](C#N)N1C(=O)NC2CCCCC2)c3ccccc3C4=CCCCC4,NA
Input,DG-041,-0.23131955,InputSig,NA,NA,LINCSCP_30786,MCF7,40uM,6h,breast,Prostanoid receptor antagonist,PTGER3,BFBTVZNKWXWKNZ-HWKANZROSA-N,"InChI=1S/C23H15Cl4FN2O3S2/c1-12-10-30(11-14-2-4-15(24)7-18(14)25)22-13(6-16(28)8-17(12)22)3-5-20(31)29-35(32,33)21-9-19(26)23(27)34-21/h2-10H,11H2,1H3,(H,29,31)/b5-3+",37981,Cc1cn(Cc2ccc(Cl)cc2Cl)c3c(\C=C\C(=O)NS(=O)(=O)c4cc(Cl)c(Cl)s4)cc(F)cc13,NA
Input,UNII-EE9FJW53Z2,-0.23130763,InputSig,NA,NA,LINCSCP_27020,HT29,10uM,6h,large intestine,Guanylate cyclase activator,NA,YZCSJBGQLATPMH-UHFFFAOYSA-N,"InChI=1S/C23H28N4O3/c1-26(2)14-7-15-30-22-16-21(27(25-22)17-18-8-5-4-6-9-18)23(28)24-19-10-12-20(29-3)13-11-19/h4-6,8-13,16H,7,14-15,17H2,1-3H3,(H,24,28)",35930,COc1ccc(NC(=O)c2cc(OCCCN(C)C)nn2Cc3ccccc3)cc1,NA
Input,BRD-K29649571,-0.23118448,InputSig,NA,NA,LINCSCP_64760,VCAP,10uM,6h,prostate,NA,NA,HOVDDXWDVMUCEB-OXCBMLQPSA-N,"InChI=1S/C27H31N3O5S/c31-20-16-30(15-19-6-8-22(9-7-19)34-21-4-2-1-3-5-21)24-11-10-23(35-25(24)18-33-17-20)14-26(32)29-27-28-12-13-36-27/h1-9,12-13,20,23-25,31H,10-11,14-18H2,(H,28,29,32)/t20-,23-,24+,25-/m0/s1",11515,O[C@@H]1COC[C@@H]2O[C@H](CC(=O)Nc3nccs3)CC[C@H]2N(Cc4ccc(Oc5ccccc5)cc4)C1,NA
Input,MLS002473641,-0.23115008,InputSig,NA,NA,LINCSCP_225201,HT29,10uM,6h,large intestine,NA,NA,LWWVHWRAHXDBTP-UHFFFAOYSA-N,"InChI=1S/C18H16ClN3OS/c19-14-3-1-12(2-4-14)16(23)13-5-8-22(9-6-13)17-15-7-10-24-18(15)21-11-20-17/h1-4,7,10-11,13H,5-6,8-9H2",36066,Clc1ccc(cc1)C(=O)C2CCN(CC2)c3ncnc4sccc34,NA
Input,BRD-K85694079,-0.23114546,InputSig,NA,NA,LINCSCP_20333,HCC515,10uM,6h,lung,NA,NA,JQKHDUWQEWCERO-SOLZYKTISA-N,"InChI=1S/C31H43F3N4O7S/c1-20-17-38(21(2)19-39)29(40)26-16-25(36-46(5,42)43)13-14-27(26)45-22(3)8-6-7-15-44-28(20)18-37(4)30(41)35-24-11-9-23(10-12-24)31(32,33)34/h9-14,16,20-22,28,36,39H,6-8,15,17-19H2,1-5H3,(H,35,41)/t20-,21-,22-,28-/m1/s1",13789,C[C@H](CO)N1C[C@@H](C)[C@@H](CN(C)C(=O)Nc2ccc(cc2)C(F)(F)F)OCCCC[C@@H](C)Oc3ccc(NS(=O)(=O)C)cc3C1=O,NA
Input,Deferasirox,-0.23110663,InputSig,NA,NA,LINCSCP_162698,PC3,10uM,24h,prostate,NA,NA,BOFQWVMAQOTZIW-UHFFFAOYSA-N,"InChI=1S/C21H15N3O4/c25-17-7-3-1-5-15(17)19-22-20(16-6-2-4-8-18(16)26)24(23-19)14-11-9-13(10-12-14)21(27)28/h1-12,25-26H,(H,27,28)",26507,OC(=O)c1ccc(cc1)n2nc(nc2c3ccccc3O)c4ccccc4O,4
Input,MLS-0257792.0001,-0.23106656,InputSig,NA,NA,LINCSCP_293005,VCAP,10uM,6h,prostate,NA,NA,UROZAHXMNISVLP-UHFFFAOYSA-N,"InChI=1S/C27H21ClN4O4S/c1-16-17(2)31-36-27(16)32-37(34,35)19-13-11-18(12-14-19)29-26(33)22-15-25(21-8-3-5-9-23(21)28)30-24-10-6-4-7-20(22)24/h3-15,32H,1-2H3,(H,29,33)",15412,Cc1noc(NS(=O)(=O)c2ccc(NC(=O)c3cc(nc4ccccc34)c5ccccc5Cl)cc2)c1C,NA
Input,CHEMBL3186815,-0.23103069,InputSig,NA,NA,LINCSCP_28186,HT29,5uM,24h,large intestine,NA,NA,PXGCQOQEEDCUOW-AKFKNWHVSA-N,"InChI=1S/C25H27N3O3/c1-17(2)6-5-7-18-9-11-19(12-10-18)24-21-14-27(15-23(30)28(21)22(24)16-29)25(31)20-8-3-4-13-26-20/h3-4,8-13,17,21-22,24,29H,6,14-16H2,1-2H3/t21-,22-,24+/m1/s1",40210,CC(C)CC#Cc1ccc(cc1)[C@@H]2[C@@H](CO)N3[C@@H]2CN(CC3=O)C(=O)c4ccccn4,NA
Input,Aminobenztropine,-0.23100612,InputSig,NA,NA,LINCSCP_259636,NEU,10uM,6h,NA,Sodium channel blocker|T-type calcium channel blocker,CA1|CA12|CA7|SCN11A|SCN1A|SCN2A|SCN3A|SCN4A|SCN5A|SCN9A,KZFDKINRISJFCO-UHFFFAOYSA-N,"InChI=1S/C21H26N2O/c1-23-16-11-12-17(23)14-18(13-16)24-21(15-7-3-2-4-8-15)19-9-5-6-10-20(19)22/h2-10,16-18,21H,11-14,22H2,1H3",19425,CN1C2CCC1CC(C2)OC(c3ccccc3)c4ccccc4N,NA
Input,F-L-Leu,-0.23074785,InputSig,NA,NA,LINCSCP_55589,VCAP,10uM,24h,prostate,ICAM 1 antagonist|ICAM1 antagonist,NA,CBPJQFCAFFNICX-UHFFFAOYSA-N,"InChI=1S/C21H23NO4/c1-13(2)11-19(20(23)24)22-21(25)26-12-18-16-9-5-3-7-14(16)15-8-4-6-10-17(15)18/h3-10,13,18-19H,11-12H2,1-2H3,(H,22,25)(H,23,24)",15255,CC(C)CC(NC(=O)OCC1c2ccccc2c3ccccc13)C(=O)O,NA
Input,BRD-A07407288,-0.23062297,InputSig,NA,NA,LINCSCP_57597,VCAP,10uM,6h,prostate,NA,NA,CISVJPXUQJEUAP-UHFFFAOYSA-N,"InChI=1S/C18H21N3O3/c1-18(2,3)12-6-7-14-15(9-12)24-16(11-23-14)17(22)21-20-10-13-5-4-8-19-13/h4-10,16,19H,11H2,1-3H3,(H,21,22)",22387,CC(C)(C)c1ccc2OCC(Oc2c1)C(=O)NN=Cc3ccc[nH]3,NA
Input,Quinelorane,-0.23038739,InputSig,NA,NA,LINCSCP_14547,HA1E,10uM,6h,kidney epithelial,Dopamine receptor agonist,DRD2|DRD3,TUFADSGTJUOBEH-ZWNOBZJWSA-N,"InChI=1S/C14H22N4/c1-2-5-18-6-3-4-10-7-12-11(8-13(10)18)9-16-14(15)17-12/h9-10,13H,2-8H2,1H3,(H2,15,16,17)/t10-,13-/m1/s1",35540,CCCN1CCC[C@@H]2Cc3nc(N)ncc3C[C@@H]12,NA
Input,Osimertinib,-0.23033922,InputSig,NA,NA,LINCSCP_151757,PC3,10uM,24h,prostate,Epidermal growth factor receptor erbB1 inhibitor|Epidermal growth factor receptor inhibitor,EGFR|ERBB2|ERBB3|ERBB4,DUYJMQONPNNFPI-UHFFFAOYSA-N,"InChI=1S/C28H33N7O2/c1-7-27(36)30-22-16-23(26(37-6)17-25(22)34(4)15-14-33(2)3)32-28-29-13-12-21(31-28)20-18-35(5)24-11-9-8-10-19(20)24/h7-13,16-18H,1,14-15H2,2-6H3,(H,30,36)(H,29,31,32)",16542,COc1cc(N(C)CCN(C)C)c(NC(=O)C=C)cc1Nc2nccc(n2)c3cn(C)c4ccccc34,4
Input,CHEMBL2142321,-0.23013243,InputSig,NA,NA,LINCSCP_58445,VCAP,10uM,6h,prostate,NA,NA,JNMZVPMPLIWXEY-UHFFFAOYSA-N,"InChI=1S/C24H27N5/c1-3-9-18(10-4-1)20-14-16-29(17-20)24-22(19-11-5-2-6-12-19)27-28-23(26-24)21-13-7-8-15-25-21/h2,5-8,11-13,15,18,20H,1,3-4,9-10,14,16-17H2",38555,C1CCC(CC1)C2CCN(C2)c3nc(nnc3c4ccccc4)c5ccccn5,NA
Input,Fiacitabine,-0.23012014,InputSig,NA,NA,LINCSCP_93174,HA1E,0.12uM,24h,kidney epithelial,NA,NA,GIMSJJHKKXRFGV-BYPJNBLXSA-N,"InChI=1S/C9H11FIN3O4/c10-5-6(16)4(2-15)18-8(5)14-1-3(11)7(12)13-9(14)17/h1,4-6,8,15-16H,2H2,(H2,12,13,17)/t4-,5+,6-,8-/m1/s1",26963,NC1=NC(=O)N(C=C1I)[C@@H]2O[C@H](CO)[C@@H](O)[C@@H]2F,2
Input,MLS001065875,-0.23006505,InputSig,NA,NA,LINCSCP_267766,PC3,10uM,24h,prostate,NA,NA,ALDXEYSYIRNXBH-LJQANCHMSA-N,"InChI=1S/C23H23N3O2/c1-14-7-6-8-15(11-14)13-25-21(27)19-12-17-16-9-4-5-10-18(16)24-20(17)23(2,3)26(19)22(25)28/h4-11,19,24H,12-13H2,1-3H3/t19-/m1/s1",16083,Cc1cccc(CN2C(=O)[C@H]3Cc4c([nH]c5ccccc45)C(C)(C)N3C2=O)c1,NA
Input,BRD-K77987635,-0.22950672,InputSig,NA,NA,LINCSCP_32244,MCF7,10uM,24h,breast,NA,NA,XMNRWSIHUYWWSG-IABYTQIASA-N,"InChI=1S/C32H40N4O4/c1-21-17-36(22(2)20-37)31(38)16-25-15-26(13-14-29(25)40-30(21)19-35(3)18-23-11-12-23)33-32(39)34-28-10-6-8-24-7-4-5-9-27(24)28/h4-10,13-15,21-23,30,37H,11-12,16-20H2,1-3H3,(H2,33,34,39)/t21-,22+,30+/m0/s1",13564,C[C@H](CO)N1C[C@H](C)[C@@H](CN(C)CC2CC2)Oc3ccc(NC(=O)Nc4cccc5ccccc45)cc3CC1=O,NA
Input,BRD-K92810472,-0.22949599,InputSig,NA,NA,LINCSCP_62064,VCAP,5uM,24h,prostate,NA,NA,ZKMZGYJTUFHVCC-GPMSIDNRSA-N,"InChI=1S/C21H26N2O6/c24-12-19-16(22-21(26)14-4-7-17-18(10-14)28-13-27-17)6-5-15(29-19)11-20(25)23-8-2-1-3-9-23/h4-7,10,15-16,19,24H,1-3,8-9,11-13H2,(H,22,26)/t15-,16-,19-/m1/s1",25268,OC[C@H]1O[C@@H](CC(=O)N2CCCCC2)C=C[C@H]1NC(=O)c3ccc4OCOc4c3,NA
Input,BRD-K07395346,-0.22949032,InputSig,NA,NA,LINCSCP_295008,VCAP,10uM,6h,prostate,NA,NA,YTDSYMZJLPPOGB-JVAFGIKQSA-N,"InChI=1S/C31H40F3N5O5/c1-19-16-39(20(2)18-40)28(41)25-15-24(36-29(42)35-22-7-5-4-6-8-22)13-14-26(25)44-27(19)17-38(3)30(43)37-23-11-9-21(10-12-23)31(32,33)34/h9-15,19-20,22,27,40H,4-8,16-18H2,1-3H3,(H,37,43)(H2,35,36,42)/t19-,20+,27+/m1/s1",1682,C[C@@H](CO)N1C[C@@H](C)[C@H](CN(C)C(=O)Nc2ccc(cc2)C(F)(F)F)Oc3ccc(NC(=O)NC4CCCCC4)cc3C1=O,NA
Input,CHEMBL3186688,-0.22935802,InputSig,NA,NA,LINCSCP_57671,VCAP,10uM,6h,prostate,NA,NA,FUDUOOSWCQXIFI-UHFFFAOYSA-N,"InChI=1S/C25H27NO4/c1-3-28-23-15-10-19(18-24(23)29-4-2)16-17-26-25(27)20-11-13-22(14-12-20)30-21-8-6-5-7-9-21/h5-15,18H,3-4,16-17H2,1-2H3,(H,26,27)",38434,CCOc1ccc(CCNC(=O)c2ccc(Oc3ccccc3)cc2)cc1OCC,NA
Input,SCHEMBL1564574,-0.22925085,InputSig,NA,NA,LINCSCP_116743,HT29,0.12uM,24h,large intestine,CHK inhibitor,CHEK1|CHEK2,IAYGCINLNONXHY-GFCCVEGCSA-N,"InChI=1S/C17H19FN4O2S/c18-11-4-1-3-10(7-11)14-8-13(22-17(19)24)15(25-14)16(23)21-12-5-2-6-20-9-12/h1,3-4,7-8,12,20H,2,5-6,9H2,(H,21,23)(H3,19,22,24)/t12-/m1/s1",22341,NC(=O)Nc1cc(sc1C(=O)N[C@@H]2CCCNC2)c3cccc(F)c3,NA
Input,BRD-K88581223,-0.22922633,InputSig,NA,NA,LINCSCP_27971,HT29,5uM,24h,large intestine,NA,NA,VSSLUMFLNCMGMA-BHIFYINESA-N,"InChI=1S/C22H25FN2O3/c1-14(27)24(3)12-20-22(21(13-26)25(20)15(2)28)18-6-4-16(5-7-18)17-8-10-19(23)11-9-17/h4-11,20-22,26H,12-13H2,1-3H3/t20-,21+,22-/m1/s1",13853,CN(C[C@@H]1[C@H]([C@H](CO)N1C(=O)C)c2ccc(cc2)c3ccc(F)cc3)C(=O)C,NA
Input,Nicotin-Amide,-0.22921454,InputSig,NA,NA,LINCSCP_207469,FIBRNPC,10uM,24h,NA,Protein synthesis stimulant,PARP1,DFPAKSUCGFBDDF-UHFFFAOYSA-N,"InChI=1S/C6H6N2O/c7-6(9)5-2-1-3-8-4-5/h1-4H,(H2,7,9)",36625,NC(=O)c1cccnc1,4
Input,C-Fms Inhibitor,-0.22912404,InputSig,NA,NA,LINCSCP_147284,NEU,0.12uM,24h,NA,NA,NA,DXPSQKSTVIVZLV-UHFFFAOYSA-N,"InChI=1S/C23H30N6O/c1-17-5-7-29(8-6-17)22-14-19(28-11-9-27(2)10-12-28)3-4-20(22)26-23(30)21-13-18(15-24)16-25-21/h3-4,13-14,16-17,25H,5-12H2,1-2H3,(H,26,30)",40375,CC1CCN(CC1)c2cc(ccc2NC(=O)c3cc(c[nH]3)C#N)N4CCN(C)CC4,NA
Input,BRD-K30160673-019-01-7,-0.22902738,InputSig,NA,NA,LINCSCP_65140,VCAP,10uM,6h,prostate,NA,NA,QVVADCIQRXNSKX-CBQGHPETSA-N,"InChI=1S/C22H21FN4/c23-19-3-1-2-15(8-19)11-27-12-20-22(21(13-27)26-20)17-6-4-16(5-7-17)18-9-24-14-25-10-18/h1-10,14,20-22,26H,11-13H2/t20-,21+,22?",31246,Fc1cccc(CN2C[C@@H]3N[C@H](C2)[C@@H]3c4ccc(cc4)c5cncnc5)c1,NA
Input,Dmocp,-0.22884998,InputSig,NA,NA,LINCSCP_41181,NEU,10uM,24h,NA,NA,NA,BQDFHACIOUBBDF-UHFFFAOYSA-N,"InChI=1S/C19H23ClN2O2S/c1-21(2)8-5-9-22-14-10-13(20)6-7-18(14)25-19-12-17(24-4)16(23-3)11-15(19)22/h6-7,10-12H,5,8-9H2,1-4H3",31663,COc1cc2Sc3ccc(Cl)cc3N(CCCN(C)C)c2cc1OC,NA
Input,amcinonide,-0.22882527,InputSig,NA,NA,LINCSCP_89003,HA1E,0.04uM,24h,kidney epithelial,NA,NA,NA,NA,NA,NA,NA
Input,Zaprinast,-0.22871949,InputSig,NA,NA,LINCSCP_71484,A375,0.37uM,24h,skin,Phosphodiesterase inhibitor,PDE5A,REZGGXNDEMKIQB-UHFFFAOYSA-N,"InChI=1S/C13H13N5O2/c1-2-7-20-9-6-4-3-5-8(9)11-14-12-10(13(19)15-11)16-18-17-12/h3-6H,2,7H2,1H3,(H2,14,15,16,17,18,19)",22561,CCCOc1ccccc1c2nc(O)c3[nH]nnc3n2,NA
Input,SB239063,-0.22870435,InputSig,NA,NA,LINCSCP_89242,HA1E,0.04uM,24h,kidney epithelial,P38 MAPK inhibitor,MAPK11|MAPK14,ZQUSFAUAYSEREK-UHFFFAOYSA-N,"InChI=1S/C20H21FN4O2/c1-27-20-22-11-10-17(24-20)19-18(13-2-4-14(21)5-3-13)23-12-25(19)15-6-8-16(26)9-7-15/h2-5,10-12,15-16,26H,6-9H2,1H3",35263,COc1nccc(n1)c2c(ncn2C3CCC(O)CC3)c4ccc(F)cc4,NA
Input,Prosteride,-0.22864007,InputSig,NA,NA,LINCSCP_159546,PC3,0.12uM,24h,prostate,5 alpha reductase inhibitor,SRD5A1|SRD5A2,DBEPLOCGEIEOCV-BYQKQGHSSA-N,"InChI=1S/C23H36N2O2/c1-21(2,3)25-20(27)17-8-7-15-14-6-9-18-23(5,13-11-19(26)24-18)16(14)10-12-22(15,17)4/h11,13-18H,6-10,12H2,1-5H3,(H,24,26)(H,25,27)/t14?,15?,16?,17-,18?,22+,23-/m1/s1",464,CC(C)(C)NC(=O)[C@H]1CCC2C3CCC4NC(=O)C=C[C@]4(C)C3CC[C@]12C,NA
Input,CHEMBL552425,-0.2285745,InputSig,NA,NA,LINCSCP_128014,HUES3,0.12uM,24h,NA,Ephrin inhibitor,DDR1,SAAYRHKJHDIDPH-UHFFFAOYSA-N,"InChI=1S/C21H17F3N4O2/c1-12-5-6-13(8-18(12)27-17-7-14(19(25)29)10-26-11-17)20(30)28-16-4-2-3-15(9-16)21(22,23)24/h2-11,27H,1H3,(H2,25,29)(H,28,30)",36796,Cc1ccc(cc1Nc2cncc(c2)C(=O)N)C(=O)Nc3cccc(c3)C(F)(F)F,NA
Input,BRD-K89020690,-0.22842382,InputSig,NA,NA,LINCSCP_310465,VCAP,10uM,24h,prostate,NA,NA,SUHQAMSFJCSMJM-KABRZNFWSA-N,"InChI=1S/C30H36F3N5O5/c1-17-13-38(18(2)16-39)28(40)24-12-23(34-29(41)35-27-19(3)36-43-20(27)4)10-11-25(24)42-26(17)15-37(5)14-21-6-8-22(9-7-21)30(31,32)33/h6-12,17-18,26,39H,13-16H2,1-5H3,(H2,34,35,41)/t17-,18-,26+/m1/s1",13856,C[C@H](CO)N1C[C@@H](C)[C@H](CN(C)Cc2ccc(cc2)C(F)(F)F)Oc3ccc(NC(=O)Nc4c(C)onc4C)cc3C1=O,NA
Input,BRD-K48775846,-0.22835682,InputSig,NA,NA,LINCSCP_64921,VCAP,10uM,24h,prostate,NA,NA,BVGZNQUUZDWJPB-GOHWNWGWSA-N,"InChI=1S/C28H39N3O5/c1-19-15-31(20(2)18-32)28(33)24-13-22(23-7-5-6-8-25(23)34-4)14-29-27(24)36-26(19)17-30(3)16-21-9-11-35-12-10-21/h5-8,13-14,19-21,26,32H,9-12,15-18H2,1-4H3/t19-,20+,26+/m1/s1",689,COc1ccccc1c2cnc3O[C@@H](CN(C)CC4CCOCC4)[C@H](C)CN([C@@H](C)CO)C(=O)c3c2,NA
Input,Lu AE58054 (Hydrochloride),-0.22834631,InputSig,NA,NA,LINCSCP_79888,A375,3.33uM,24h,skin,Serotonin 6 (5-HT6) receptor antagonist (Serotonin 6,HTR6,YBAWYTYNMZWMMJ-UHFFFAOYSA-N,"InChI=1S/C20H19F5N2O/c21-15-4-5-17-14(11-27-18(17)9-15)6-7-26-10-13-2-1-3-16(8-13)28-12-20(24,25)19(22)23/h1-5,8-9,11,19,26-27H,6-7,10,12H2",26737,FC(F)C(F)(F)COc1cccc(CNCCc2c[nH]c3cc(F)ccc23)c1,3
Input,Lopinavir,-0.2282379,InputSig,NA,NA,LINCSCP_59135,VCAP,10uM,6h,prostate,HIV protease inhibitor,NA,KJHKTHWMRKYKJE-SUGCFTRWSA-N,"InChI=1S/C37H48N4O5/c1-25(2)34(41-20-12-19-38-37(41)45)36(44)39-30(21-28-15-7-5-8-16-28)23-32(42)31(22-29-17-9-6-10-18-29)40-33(43)24-46-35-26(3)13-11-14-27(35)4/h5-11,13-18,25,30-32,34,42H,12,19-24H2,1-4H3,(H,38,45)(H,39,44)(H,40,43)/t30-,31-,32-,34-/m0/s1",36633,CC(C)[C@H](N1CCCNC1=O)C(=O)N[C@H](C[C@H](O)[C@H](Cc2ccccc2)NC(=O)COc3c(C)cccc3C)Cc4ccccc4,4
Input,Propafenone,-0.22812674,InputSig,NA,NA,LINCSCP_152785,PC3,10uM,24h,prostate,Beta-1 adrenergic receptor antagonist|Beta-2 adrenergic receptor antagonist|Sodium channel alpha subunit blocker,ADRB1|ADRB2|KCNH2|SCN10A|SCN11A|SCN1A|SCN2A|SCN3A|SCN4A|SCN5A|SCN7A|SCN8A|SCN9A,JWHAUXFOSRPERK-UHFFFAOYSA-N,"InChI=1S/C21H27NO3/c1-2-14-22-15-18(23)16-25-21-11-7-6-10-19(21)20(24)13-12-17-8-4-3-5-9-17/h3-11,18,22-23H,2,12-16H2,1H3",15205,CCCNCC(O)COc1ccccc1C(=O)CCc2ccccc2,4
Input,"Triazine Scaffold, 34",-0.22786354,InputSig,NA,NA,LINCSCP_25931,HT29,10uM,24h,large intestine,NA,NA,HPGFONOOSSVFJJ-UHFFFAOYSA-N,"InChI=1S/C15H20N6O2/c22-10-7-16-13-18-14(17-11-5-1-2-6-12(11)23)20-15(19-13)21-8-3-4-9-21/h1-2,5-6,22-23H,3-4,7-10H2,(H2,16,17,18,19,20)",15668,OCCNc1nc(Nc2ccccc2O)nc(n1)N3CCCC3,NA
Input,PD-98059,-0.22780094,InputSig,NA,NA,LINCSCP_30825,MCF7,10uM,6h,breast,MAP kinase inhibitor|MEK inhibitor,MAP2K1,QFWCYNPOPKQOKV-UHFFFAOYSA-N,"InChI=1S/C16H13NO3/c1-19-14-8-4-6-11(16(14)17)15-9-12(18)10-5-2-3-7-13(10)20-15/h2-9H,17H2,1H3",15802,COc1cccc(C2=CC(=O)c3ccccc3O2)c1N,NA
Input,BRD-K03394322-001-01-8,-0.22773236,InputSig,NA,NA,LINCSCP_59166,VCAP,10uM,24h,prostate,NA,NA,QYHFPUZBYVVXLB-CDLOMYRSSA-N,"InChI=1S/C32H44F3N3O7S/c1-22-19-38(23(2)21-39)31(41)27-18-25(36-46(42,43)26-11-6-5-7-12-26)13-14-28(27)45-24(3)10-8-9-17-44-29(22)20-37(4)30(40)15-16-32(33,34)35/h5-7,11-14,18,22-24,29,36,39H,8-10,15-17,19-21H2,1-4H3/t22-,23+,24-,29-/m1/s1",706,C[C@@H](CO)N1C[C@@H](C)[C@@H](CN(C)C(=O)CCC(F)(F)F)OCCCC[C@@H](C)Oc2ccc(NS(=O)(=O)c3ccccc3)cc2C1=O,NA
Input,XMD 8-92,-0.22760639,InputSig,NA,NA,LINCSCP_112614,HEPG2,3.33uM,24h,liver,MAP kinase inhibitor,MAPK7,QAPAJIZPZGWAND-UHFFFAOYSA-N,"InChI=1S/C26H30N6O3/c1-4-35-23-15-17(32-13-11-18(33)12-14-32)9-10-20(23)28-26-27-16-22-24(29-26)30(2)21-8-6-5-7-19(21)25(34)31(22)3/h5-10,15-16,18,33H,4,11-14H2,1-3H3,(H,27,28,29)",37792,CCOc1cc(ccc1Nc2ncc3N(C)C(=O)c4ccccc4N(C)c3n2)N5CCC(O)CC5,NA
Input,DICUMAROL,-0.2275741,InputSig,NA,NA,LINCSCP_159685,PC3,0.04uM,24h,prostate,NADPH inhibitor,NQO1|VKORC1,DOBMPNYZJYQDGZ-UHFFFAOYSA-N,"InChI=1S/C19H12O6/c20-16-10-5-1-3-7-14(10)24-18(22)12(16)9-13-17(21)11-6-2-4-8-15(11)25-19(13)23/h1-8,20-21H,9H2",26961,OC1=C(CC2=C(O)c3ccccc3OC2=O)C(=O)Oc4ccccc14,4
Input,Daminozide,-0.22755115,InputSig,NA,NA,LINCSCP_146970,NEU,3.33uM,24h,NA,NA,NA,NOQGZXFMHARMLW-UHFFFAOYSA-N,"InChI=1S/C6H12N2O3/c1-8(2)7-5(9)3-4-6(10)11/h3-4H2,1-2H3,(H,7,9)(H,10,11)",40382,CN(C)NC(=O)CCC(=O)O,NA
Input,MLS002264437,-0.22753036,InputSig,NA,NA,LINCSCP_19829,HCC515,10uM,6h,lung,NA,NA,VBBQLTUTNDYBQT-UHFFFAOYSA-N,"InChI=1S/C20H25N5O/c1-13-19(14(2)26-24-13)15-7-8-18-17(10-15)20(23-12-22-18)21-11-16-6-4-5-9-25(16)3/h7-8,10,12,16H,4-6,9,11H2,1-3H3,(H,21,22,23)",35253,CN1CCCCC1CNc2ncnc3ccc(cc23)c4c(C)onc4C,NA
Input,BRD-K23506413,-0.22748552,InputSig,NA,NA,LINCSCP_60275,VCAP,5uM,6h,prostate,NA,NA,UDDMVFRUSJXUEW-YDHSSHFGSA-N,"InChI=1S/C25H31N3O6S/c1-18-14-28(19(2)16-29)35(31,32)24-10-9-20(7-8-21-6-5-11-26-13-21)12-22(24)34-23(18)15-27(3)25(30)17-33-4/h5-6,9-13,18-19,23,29H,14-17H2,1-4H3/t18-,19-,23-/m0/s1",1872,COCC(=O)N(C)C[C@@H]1Oc2cc(ccc2S(=O)(=O)N(C[C@@H]1C)[C@@H](C)CO)C#Cc3cccnc3,NA
Input,BRD-K45842176,-0.22744547,InputSig,NA,NA,LINCSCP_16314,HA1E,10uM,6h,kidney epithelial,NA,NA,HMSQNPMOULJFRY-VPNVGQJSSA-N,"InChI=1S/C37H43N5O6Si/c1-25-34(49(3,4)30-14-12-29(46-2)13-15-30)33(16-18-40-24-27(17-20-43)38-39-40)48-37(25)31-10-5-6-11-32(31)42(35(37)44)23-26-8-7-9-28(22-26)41-19-21-47-36(41)45/h5-15,22,24-25,33-34,43H,16-21,23H2,1-4H3/t25-,33+,34-,37+/m0/s1",11482,COc1ccc(cc1)[Si](C)(C)[C@@H]2[C@@H](CCn3cc(CCO)nn3)O[C@@]4([C@H]2C)C(=O)N(Cc5cccc(c5)N6CCOC6=O)c7ccccc47,NA
Input,Tripelennamine,-0.2272893,InputSig,NA,NA,LINCSCP_192064,A549,10uM,6h,lung,Histamine receptor antagonist,HRH1,UFLGIAIHIAPJJC-UHFFFAOYSA-N,"InChI=1S/C16H21N3/c1-18(2)12-13-19(16-10-6-7-11-17-16)14-15-8-4-3-5-9-15/h3-11H,12-14H2,1-2H3",15758,CN(C)CCN(Cc1ccccc1)c2ccccn2,4
Input,BRD-K00540336,-0.22723561,InputSig,NA,NA,LINCSCP_8594,A549,5uM,24h,lung,NA,NA,GNCMCFQFNIRUHR-XQFUHLNNSA-N,"InChI=1S/C29H33N3O3/c1-35-25-10-8-23(9-11-25)22-4-6-24(7-5-22)29-26-19-31(16-2-3-17-32(26)27(29)20-33)28(34)18-21-12-14-30-15-13-21/h4-15,26-27,29,33H,2-3,16-20H2,1H3/t26-,27+,29+/m1/s1",31713,COc1ccc(cc1)c2ccc(cc2)[C@@H]3[C@H](CO)N4CCCCN(C[C@H]34)C(=O)Cc5ccncc5,NA
Input,Nimodipine,-0.22719834,InputSig,NA,NA,LINCSCP_13117,FIBRNPC,10uM,24h,NA,Calcium channel blocker,CACNA1C|CACNA1D|CACNA1F|CACNA1S|NR3C2,UIAGMCDKSXEBJQ-UHFFFAOYSA-N,"InChI=1S/C21H26N2O7/c1-12(2)30-21(25)18-14(4)22-13(3)17(20(24)29-10-9-28-5)19(18)15-7-6-8-16(11-15)23(26)27/h6-8,11-12,19,22H,9-10H2,1-5H3",15269,COCCOC(=O)C1=C(C)NC(=C(C1c2cccc(c2)[N+](=O)[O-])C(=O)OC(C)C)C,4
Input,BRD-K69888333,-0.22713242,InputSig,NA,NA,LINCSCP_16351,HA1E,10uM,6h,kidney epithelial,NA,NA,UIWHTZIAIXNFGN-XUKQSAIQSA-N,"InChI=1S/C40H42N6O5S/c1-25-21-46(26(2)24-47)40(50)31-7-6-10-34(44-38(49)29-15-17-30(18-16-29)39-42-19-20-52-39)36(31)51-35(25)23-45(3)22-27-11-13-28(14-12-27)37(48)43-33-9-5-4-8-32(33)41/h4-20,25-26,35,47H,21-24,41H2,1-3H3,(H,43,48)(H,44,49)/t25-,26+,35-/m0/s1",13347,C[C@H](CO)N1C[C@H](C)[C@H](CN(C)Cc2ccc(cc2)C(=O)Nc3ccccc3N)Oc4c(NC(=O)c5ccc(cc5)c6nccs6)cccc4C1=O,NA
Input,VU0413243-1,-0.22701439,InputSig,NA,NA,LINCSCP_57664,VCAP,10uM,6h,prostate,NA,NA,ZNPOXTWCYGKAHQ-UHFFFAOYSA-N,"InChI=1S/C27H30ClNO2/c28-25-12-14-26(15-13-25)31-21-7-18-29-19-16-24(17-20-29)27(30,22-8-3-1-4-9-22)23-10-5-2-6-11-23/h1-6,8-15,24,30H,7,16-21H2",22764,OC(C1CCN(CCCOc2ccc(Cl)cc2)CC1)(c3ccccc3)c4ccccc4,NA
Input,Rifabutin,-0.2269985,InputSig,NA,NA,LINCSCP_92320,HA1E,3.33uM,24h,kidney epithelial,Protein synthesis inhibitor,NA,AZFBLLCNOQPJGJ-NYGPAKPVSA-N,"InChI=1S/C46H62N4O11/c1-22(2)21-50-18-16-46(17-19-50)48-34-31-32-39(54)28(8)42-33(31)43(56)45(10,61-42)59-20-15-30(58-11)25(5)41(60-29(9)51)27(7)38(53)26(6)37(52)23(3)13-12-14-24(4)44(57)47-36(40(32)55)35(34)49-46/h12-15,20,22-23,25-27,30,37-38,41,52-55H,16-19,21H2,1-11H3,(H,47,57)/b13-12+,20-15+,24-14+/t23-,25+,26+,27+,30-,37-,38+,41+,45-/m0/s1",1794,CO[C@H]1\C=C\O[C@@]2(C)Oc3c(C)c(O)c4C(=C(NC(=O)\C(=C\C=C\[C@H](C)[C@H](O)[C@@H](C)[C@@H](O)[C@@H](C)[C@H](OC(=O)C)[C@@H]1C)\C)C5=NC6(CCN(CC(C)C)CC6)N=C5c4c3C2=O)O,NA
Input,Rifabutin,-0.2269985,InputSig,NA,NA,LINCSCP_92320,HA1E,3.33uM,24h,kidney epithelial,Protein synthesis inhibitor,NA,ATEBXHFBFRCZMA-VXTBVIBXSA-N,"InChI=1S/C46H62N4O11/c1-22(2)21-50-18-16-46(17-19-50)48-34-31-32-39(54)28(8)42-33(31)43(56)45(10,61-42)59-20-15-30(58-11)25(5)41(60-29(9)51)27(7)38(53)26(6)37(52)23(3)13-12-14-24(4)44(57)47-36(40(32)55)35(34)49-46/h12-15,20,22-23,25-27,30,37-38,41,49,52-54H,16-19,21H2,1-11H3,(H,47,57)/b13-12+,20-15+,24-14-/t23-,25+,26+,27+,30-,37-,38+,41+,45-/m0/s1",17682,CO[C@H]1\C=C\O[C@@]2(C)Oc3c(C)c(O)c4C(=O)C(=C5NC6(CCN(CC(C)C)CC6)N=C5c4c3C2=O)NC(=O)\C(=C/C=C/[C@H](C)[C@H](O)[C@@H](C)[C@@H](O)[C@@H](C)[C@H](OC(=O)C)[C@@H]1C)\C,4
Input,Aspirin,-0.22699395,InputSig,NA,NA,LINCSCP_72775,A375,0.04uM,24h,skin,Cyclooxygenase inhibitor,PTGS1|PTGS2|TP53,BSYNRYMUTXBXSQ-UHFFFAOYSA-N,"InChI=1S/C9H8O4/c1-6(10)13-8-5-3-2-4-7(8)9(11)12/h2-5H,1H3,(H,11,12)",35205,CC(=O)Oc1ccccc1C(=O)O,4
Input,BRD-U88878891,-0.22665153,InputSig,NA,NA,LINCSCP_5350,A549,10uM,6h,lung,NA,NA,NA,NA,42718,NA,NA
Input,Canertinib,-0.22663562,InputSig,NA,NA,LINCSCP_51859,SKBR3,1uM,24h,breast,EGFR inhibitor,EGFR|ERBB2|ERBB4,OMZCMEYTWSXEPZ-UHFFFAOYSA-N,"InChI=1S/C24H25ClFN5O3/c1-2-23(32)30-21-13-17-20(14-22(21)34-9-3-6-31-7-10-33-11-8-31)27-15-28-24(17)29-16-4-5-19(26)18(25)12-16/h2,4-5,12-15H,1,3,6-11H2,(H,30,32)(H,27,28,29)",35284,Fc1ccc(Nc2ncnc3cc(OCCCN4CCOCC4)c(NC(=O)C=C)cc23)cc1Cl,3
Input,MLS002264379,-0.22660704,InputSig,NA,NA,LINCSCP_293058,VCAP,10uM,6h,prostate,NA,NA,QXQZYSGHLQEFCB-UHFFFAOYSA-N,"InChI=1S/C18H19N3O8S2/c22-21(23)15-3-1-2-4-18(15)31(26,27)20-9-7-19(8-10-20)30(24,25)14-5-6-16-17(13-14)29-12-11-28-16/h1-6,13H,7-12H2",15565,[O-][N+](=O)c1ccccc1S(=O)(=O)N2CCN(CC2)S(=O)(=O)c3ccc4OCCOc4c3,NA
Input,MLS003337112,-0.22644554,InputSig,NA,NA,LINCSCP_21989,HEPG2,10uM,6h,liver,NA,NA,YJFHXEWRTFJWFJ-UHFFFAOYSA-N,"InChI=1S/C22H21N5O2/c1-16(28)25-9-11-26(12-10-25)22-15-19(20-8-5-13-29-20)23-21-14-18(24-27(21)22)17-6-3-2-4-7-17/h2-8,13-15H,9-12H2,1H3",15396,CC(=O)N1CCN(CC1)c2cc(nc3cc(nn23)c4ccccc4)c5occc5,NA
Input,MLS000863584,-0.22640893,InputSig,NA,NA,LINCSCP_23303,HEPG2,10uM,24h,liver,NA,NA,MRPDHXXPDCVBPQ-AATRIKPKSA-N,"InChI=1S/C19H34O8/c1-10-7-12(21)8-18(3,4)19(10,25)6-5-11(2)26-17-16(24)15(23)14(22)13(9-20)27-17/h5-6,10-17,20-25H,7-9H2,1-4H3/b6-5+",17783,CC(OC1OC(CO)C(O)C(O)C1O)\C=C\C2(O)C(C)CC(O)CC2(C)C,NA
Input,LCL161,-0.22614859,InputSig,NA,NA,LINCSCP_72501,A375,3.33uM,24h,skin,NA,NA,UFPFGVNKHCLJJO-SSKFGXFMSA-N,"InChI=1S/C26H33FN4O3S/c1-16(28-2)24(33)30-22(17-7-4-3-5-8-17)26(34)31-14-6-9-21(31)25-29-20(15-35-25)23(32)18-10-12-19(27)13-11-18/h10-13,15-17,21-22,28H,3-9,14H2,1-2H3,(H,30,33)/t16-,21-,22-/m0/s1",27168,CN[C@@H](C)C(=O)N[C@@H](C1CCCCC1)C(=O)N2CCC[C@H]2c3nc(cs3)C(=O)c4ccc(F)cc4,NA
Input,ETOPOSIDE,-0.22603994,InputSig,NA,NA,LINCSCP_105081,HELA,0.04uM,24h,large intestine,DNA topoisomerase II inhibitor,TOP2A|TOP2B,VJJPUSNTGOMMGY-GEGAHKOSSA-N,"InChI=1S/C29H32O13/c1-11-36-9-20-27(40-11)24(31)25(32)29(41-20)42-26-14-7-17-16(38-10-39-17)6-13(14)21(22-15(26)8-37-28(22)33)12-4-18(34-2)23(30)19(5-12)35-3/h4-7,11,15,20-22,24-27,29-32H,8-10H2,1-3H3/t11?,15?,20-,21-,22+,24-,25-,26?,27-,29?/m1/s1",27072,COc1cc(cc(OC)c1O)[C@H]2[C@@H]3C(COC3=O)C(OC4O[C@@H]5COC(C)O[C@H]5[C@H](O)[C@H]4O)c6cc7OCOc7cc26,NA
Input,Butaclamol (+),-0.22595048,InputSig,NA,NA,LINCSCP_168379,YAPC,10uM,24h,pancreas,NA,NA,ZZJYIKPMDIWRSN-TZBSWOFLSA-N,"InChI=1S/C25H31NO/c1-24(2,3)25(27)13-14-26-16-21-19-9-5-4-7-17(19)11-12-18-8-6-10-20(23(18)21)22(26)15-25/h4-10,21-22,27H,11-16H2,1-3H3/t21-,22-,25-/m1/s1",26922,CC(C)(C)[C@@]1(O)CCN2C[C@@H]3c4ccccc4CCc5cccc([C@H]2C1)c35,NA
Input,BRD-K74055572,-0.22586638,InputSig,NA,NA,LINCSCP_60612,VCAP,5uM,24h,prostate,NA,NA,QVHCTLOUCAXGOY-OHUGHZGNSA-N,"InChI=1S/C26H35N5O5S/c1-19-14-31(20(2)17-32)26(33)9-6-12-30-15-23(27-28-30)18-36-25(19)16-29(3)37(34,35)24-11-10-21-7-4-5-8-22(21)13-24/h4-5,7-8,10-11,13,15,19-20,25,32H,6,9,12,14,16-18H2,1-3H3/t19-,20+,25-/m1/s1",873,C[C@@H](CO)N1C[C@@H](C)[C@@H](CN(C)S(=O)(=O)c2ccc3ccccc3c2)OCc4cn(CCCC1=O)nn4,NA
Input,AZD7762,-0.225732,InputSig,NA,NA,LINCSCP_173835,YAPC,0.12uM,24h,pancreas,Serine/threonine-protein kinase Chk1  inhibitor,CHEK1,IAYGCINLNONXHY-LBPRGKRZSA-N,"InChI=1S/C17H19FN4O2S/c18-11-4-1-3-10(7-11)14-8-13(22-17(19)24)15(25-14)16(23)21-12-5-2-6-20-9-12/h1,3-4,7-8,12,20H,2,5-6,9H2,(H,21,23)(H3,19,22,24)/t12-/m0/s1",26736,NC(=O)Nc1cc(sc1C(=O)N[C@H]2CCCNC2)c3cccc(F)c3,1
Input,Cerivastatin,-0.22546448,InputSig,NA,NA,LINCSCP_58189,VCAP,10uM,24h,prostate,HMGCR inhibitor,HMGCR,SEERZIQQUAZTOL-ANMDKAQQSA-N,"InChI=1S/C26H34FNO5/c1-15(2)25-21(11-10-19(29)12-20(30)13-23(31)32)24(17-6-8-18(27)9-7-17)22(14-33-5)26(28-25)16(3)4/h6-11,15-16,19-20,29-30H,12-14H2,1-5H3,(H,31,32)/b11-10+/t19-,20-/m1/s1",37977,COCc1c(nc(C(C)C)c(\C=C\[C@@H](O)C[C@@H](O)CC(=O)O)c1c2ccc(F)cc2)C(C)C,4
Input,Ethacrynic acid,-0.22546209,InputSig,NA,NA,LINCSCP_243244,MCF7,10uM,6h,breast,Sodium/potassium/chloride transporter inhibitor,SLC12A1,AVOLMBLBETYQHX-UHFFFAOYSA-N,"InChI=1S/C13H12Cl2O4/c1-3-7(2)13(18)8-4-5-9(12(15)11(8)14)19-6-10(16)17/h4-5H,2-3,6H2,1H3,(H,16,17)",35923,CCC(=C)C(=O)c1ccc(OCC(=O)O)c(Cl)c1Cl,4
Input,BRD-K22181332,-0.22545886,InputSig,NA,NA,LINCSCP_62130,VCAP,5uM,24h,prostate,NA,NA,QHWKOKDSIMAAGX-BRWVUGGUSA-N,"InChI=1S/C18H26N2O5/c1-12(22)20-16-7-6-15(25-17(16)11-21)9-18(23)19-10-13-4-3-5-14(8-13)24-2/h3-5,8,15-17,21H,6-7,9-11H2,1-2H3,(H,19,23)(H,20,22)/t15-,16-,17-/m1/s1",6234,COc1cccc(CNC(=O)C[C@H]2CC[C@@H](NC(=O)C)[C@@H](CO)O2)c1,NA
Input,CHEMBL2140299,-0.22544194,InputSig,NA,NA,LINCSCP_3000,A375,10uM,6h,skin,NA,NA,YPKBHAMQCQAOQB-LSJJIYBBSA-N,"InChI=1S/C39H43F3N6O5/c1-24-20-48(25(2)23-49)36(50)19-28-18-31(45-38(52)44-30-14-12-29(13-15-30)39(40,41)42)16-17-34(28)53-35(24)22-47(3)21-26-8-10-27(11-9-26)37(51)46-33-7-5-4-6-32(33)43/h4-18,24-25,35,49H,19-23,43H2,1-3H3,(H,46,51)(H2,44,45,52)/t24-,25+,35-/m0/s1",39898,C[C@H](CO)N1C[C@H](C)[C@H](CN(C)Cc2ccc(cc2)C(=O)Nc3ccccc3N)Oc4ccc(NC(=O)Nc5ccc(cc5)C(F)(F)F)cc4CC1=O,NA
Input,GR 159897,-0.2253588,InputSig,NA,NA,LINCSCP_14097,HA1E,10uM,24h,kidney epithelial,Tachykinin antagonist,TAC1|TACR2,BANYJBHWTOJQDU-GDLZYMKVSA-N,"InChI=1S/C23H27FN2O2S/c1-28-23(17-29(27)20-5-3-2-4-6-20)10-13-26(14-11-23)12-9-18-16-25-22-8-7-19(24)15-21(18)22/h2-8,15-16,25H,9-14,17H2,1H3/t29-/m1/s1",35832,COC1(C[S@@](=O)c2ccccc2)CCN(CCc3c[nH]c4ccc(F)cc34)CC1,NA
Input,BRD-K28698886,-0.22523331,InputSig,NA,NA,LINCSCP_198954,A549,5uM,24h,lung,NA,NA,FCIZOZRMZMLHQR-ONBPZOJHSA-N,"InChI=1S/C27H25FN2O3/c28-22-12-10-20(11-13-22)19-6-8-21(9-7-19)27-23-15-29(16-26(33)30(23)24(27)17-31)25(32)14-18-4-2-1-3-5-18/h1-13,23-24,27,31H,14-17H2/t23-,24+,27-/m1/s1",32422,OC[C@H]1[C@@H]([C@H]2CN(CC(=O)N12)C(=O)Cc3ccccc3)c4ccc(cc4)c5ccc(F)cc5,NA
Input,SB-366791,-0.22522407,InputSig,NA,NA,LINCSCP_214608,HCC515,10uM,6h,lung,TRPV antagonist,TRPV1,RYAMDQKWNKKFHD-UHFFFAOYSA-N,"InChI=1S/C16H14ClNO2/c1-20-15-4-2-3-14(11-15)18-16(19)10-7-12-5-8-13(17)9-6-12/h2-11H,1H3,(H,18,19)",1016,COc1cccc(NC(=O)C=Cc2ccc(Cl)cc2)c1,NA
Input,ACON1_002294,-0.22521802,InputSig,NA,NA,LINCSCP_294754,VCAP,10uM,24h,prostate,NA,NA,OSGFJRKJEPQTRB-KSIZGXOFSA-N,"InChI=1S/C54H88O23/c1-23-32(60)42(76-46-40(68)37(65)41(26(20-57)73-46)75-44-38(66)35(63)33(61)24(18-55)71-44)43(77-45-39(67)36(64)34(62)25(19-56)72-45)47(70-23)74-31-10-11-49(4)27(50(31,5)21-58)8-12-51(6)28(49)9-13-54-29-16-48(2,3)14-15-53(29,22-69-54)30(59)17-52(51,54)7/h9,13,23-47,55-68H,8,10-12,14-22H2,1-7H3/t23-,24-,25-,26-,27?,28?,29-,30+,31+,32+,33-,34-,35+,36+,37-,38-,39-,40-,41-,42+,43-,44+,45+,46+,47+,49+,50+,51-,52+,53-,54+/m1/s1",1372,C[C@H]1O[C@@H](O[C@H]2CC[C@@]3(C)C(CC[C@]4(C)C3C=C[C@]56OC[C@@]7(CCC(C)(C)C[C@@H]57)[C@@H](O)C[C@@]46C)[C@]2(C)CO)[C@H](O[C@@H]8O[C@H](CO)[C@@H](O)[C@H](O)[C@H]8O)[C@@H](O[C@@H]9O[C@H](CO)[C@@H](O[C@@H]%10O[C@H](CO)[C@@H](O)[C@H](O)[C@H]%10O)[C@H](O)[C@H]9O)[C@H]1O,NA
Input,Suloctidil,-0.22493558,InputSig,NA,NA,LINCSCP_26777,HT29,10uM,6h,large intestine,Adrenergic receptor antagonist,NA,BFCDFTHTSVTWOG-UHFFFAOYSA-N,"InChI=1S/C20H35NOS/c1-5-6-7-8-9-10-15-21-17(4)20(22)18-11-13-19(14-12-18)23-16(2)3/h11-14,16-17,20-22H,5-10,15H2,1-4H3",15219,CCCCCCCCNC(C)C(O)c1ccc(SC(C)C)cc1,NA
Input,Suloctidil,-0.22493558,InputSig,NA,NA,LINCSCP_26777,HT29,10uM,6h,large intestine,Adrenergic receptor antagonist,NA,BFCDFTHTSVTWOG-YLJYHZDGSA-N,"InChI=1S/C20H35NOS/c1-5-6-7-8-9-10-15-21-17(4)20(22)18-11-13-19(14-12-18)23-16(2)3/h11-14,16-17,20-22H,5-10,15H2,1-4H3/t17-,20-/m1/s1",18089,CCCCCCCCN[C@H](C)[C@@H](O)c1ccc(SC(C)C)cc1,4
Input,CHEMBL1892795,-0.22475451,InputSig,NA,NA,LINCSCP_291972,VCAP,10uM,24h,prostate,NA,NA,MUSVVOMAOFJUNY-UHFFFAOYSA-N,"InChI=1S/C20H19Cl2N3O4S/c1-13(26)14-2-4-15(5-3-14)24-8-10-25(11-9-24)30(28,29)16-6-7-18-17(12-16)20(21,22)19(27)23-18/h2-7,12H,8-11H2,1H3,(H,23,27)",36008,CC(=O)c1ccc(cc1)N2CCN(CC2)S(=O)(=O)c3ccc4NC(=O)C(Cl)(Cl)c4c3,NA
Input,CHEMBL1905358,-0.22470308,InputSig,NA,NA,LINCSCP_203231,ASC,10uM,24h,adipose,NA,NA,ORCUQVZUTYUDHO-OWOAZTCBSA-N,"InChI=1S/C30H34Cl2N4O4/c1-19-15-36(20(2)18-37)29(38)23-10-7-11-26(34-30(39)33-22-8-5-4-6-9-22)28(23)40-27(19)17-35(3)16-21-12-13-24(31)25(32)14-21/h4-14,19-20,27,37H,15-18H2,1-3H3,(H2,33,34,39)/t19-,20-,27+/m0/s1",16566,C[C@@H](CO)N1C[C@H](C)[C@@H](CN(C)Cc2ccc(Cl)c(Cl)c2)Oc3c(NC(=O)Nc4ccccc4)cccc3C1=O,NA
Input,BRD-K22673215,-0.22459519,InputSig,NA,NA,LINCSCP_60273,VCAP,5uM,6h,prostate,NA,NA,PGLSEMLPCXRKER-ATLLOTDBSA-N,"InChI=1S/C28H33N3O6/c1-17-13-31(18(2)15-32)28(34)22-10-21(19-6-4-5-7-19)12-29-26(22)37-25(17)14-30(3)27(33)20-8-9-23-24(11-20)36-16-35-23/h6,8-12,17-18,25,32H,4-5,7,13-16H2,1-3H3/t17-,18+,25-/m0/s1",538,C[C@H](CO)N1C[C@H](C)[C@H](CN(C)C(=O)c2ccc3OCOc3c2)Oc4ncc(cc4C1=O)C5=CCCC5,NA
Input,BML-259,-0.22453062,InputSig,NA,NA,LINCSCP_4590,A549,80uM,24h,lung,CDK inhibitor,CDK2|CDK5,IGRZXNLKVUEFDM-UHFFFAOYSA-N,"InChI=1S/C14H16N2OS/c1-10(2)12-9-15-14(18-12)16-13(17)8-11-6-4-3-5-7-11/h3-7,9-10H,8H2,1-2H3,(H,15,16,17)",24747,CC(C)c1cnc(NC(=O)Cc2ccccc2)s1,NA
Input,MLS002264391,-0.22446176,InputSig,NA,NA,LINCSCP_21935,HEPG2,10uM,6h,liver,NA,NA,ZOACNMUYSNZLNG-UHFFFAOYSA-N,"InChI=1S/C16H16BrClN4O/c1-16(2,3)22-14-10(7-20-22)15(23)21(9-19-14)8-11-12(17)5-4-6-13(11)18/h4-7,9H,8H2,1-3H3",36120,CC(C)(C)n1ncc2C(=O)N(Cc3c(Cl)cccc3Br)C=Nc12,NA
Input,apigenin,-0.22437381,InputSig,NA,NA,LINCSCP_85721,BT20,0.04uM,3h,breast,Casein kinase inhibitor|Cell proliferation inhibitor|Cytochrome P450 inhibitor,NA,NA,NA,NA,NA,NA
Input,CHEMBL2356537,-0.22437055,InputSig,NA,NA,LINCSCP_23395,HEPG2,3uM,24h,liver,NA,NA,BHEWHBNGLCOXBN-SWADQOEESA-N,"InChI=1S/C33H31FN2O7S/c34-22-8-13-27(14-9-22)44(39,40)36-23-10-15-30-28(16-23)29-17-26(42-31(20-37)33(29)43-30)18-32(38)35-19-21-6-11-25(12-7-21)41-24-4-2-1-3-5-24/h1-16,26,29,31,33,36-37H,17-20H2,(H,35,38)/t26-,29+,31+,33-/m0/s1",18584,OC[C@H]1O[C@H](CC(=O)NCc2ccc(Oc3ccccc3)cc2)C[C@H]4[C@@H]1Oc5ccc(NS(=O)(=O)c6ccc(F)cc6)cc45,NA
Input,I-212148,-0.22429488,InputSig,NA,NA,LINCSCP_257908,NEU,10uM,24h,NA,NA,NA,LCALJMSKMJRIPU-HWFRPURRSA-N,"InChI=1S/C38H42O11/c1-43-28-19-12-20-29(44-2)31(28)37(42)47-32-30(23-39)46-38(45-3)34-33(32)48-35(40)26(21-24-13-6-4-7-14-24)17-10-11-18-27(36(41)49-34)22-25-15-8-5-9-16-25/h4-16,19-20,26-27,30,32-34,38-39H,17-18,21-23H2,1-3H3/b11-10+/t26-,27-,30-,32-,33+,34-,38+/m1/s1",5581,CO[C@H]1O[C@H](CO)[C@@H](OC(=O)c2c(OC)cccc2OC)[C@@H]3OC(=O)[C@@H](Cc4ccccc4)C\C=C\C[C@H](Cc5ccccc5)C(=O)O[C@@H]13,NA
Input,Clemastine,-0.22427196,InputSig,NA,NA,LINCSCP_26999,HT29,10uM,6h,large intestine,Histamine H1 receptor antagonist,HRH1,YNNUSGIPVFPVBX-NHCUHLMSSA-N,"InChI=1S/C21H26ClNO/c1-21(17-7-4-3-5-8-17,18-10-12-19(22)13-11-18)24-16-14-20-9-6-15-23(20)2/h3-5,7-8,10-13,20H,6,9,14-16H2,1-2H3/t20-,21-/m1/s1",15537,CN1CCC[C@@H]1CCO[C@](C)(c2ccccc2)c3ccc(Cl)cc3,4
Input,CHEMBL1910803,-0.22418533,InputSig,NA,NA,LINCSCP_57628,VCAP,10uM,6h,prostate,Lysophospholipid receptor agonist,S1PR4,BKQZKTRCUAWRHT-ZGNGNRKCSA-N,"InChI=1S/C20H21F2N3O2S/c1-12-9-14(13(2)25(12)17-6-5-15(21)11-16(17)22)10-18-19(26)24(3)20(28-18)23-7-8-27-4/h5-6,9-11H,7-8H2,1-4H3/b18-10-,23-20-",37789,COCCN=C1S\C(=C/c2cc(C)n(c2C)c3ccc(F)cc3F)\C(=O)N1C,NA
Input,Glyburide,-0.22407854,InputSig,NA,NA,LINCSCP_708,A375,10uM,24h,skin,Sulfonylurea,ABCC8|CFTR|KCNJ11|KCNJ5|KCNJ8,ZNNLBTZKUZBEKO-UHFFFAOYSA-N,"InChI=1S/C23H28ClN3O5S/c1-32-21-12-9-17(24)15-20(21)22(28)25-14-13-16-7-10-19(11-8-16)33(30,31)27-23(29)26-18-5-3-2-4-6-18/h7-12,15,18H,2-6,13-14H2,1H3,(H,25,28)(H2,26,27,29)",35707,COc1ccc(Cl)cc1C(=O)NCCc2ccc(cc2)S(=O)(=O)NC(=O)NC3CCCCC3,4
Input,Megestrol Acetate,-0.22402605,InputSig,NA,NA,LINCSCP_225662,HT29,10uM,6h,large intestine,Progesterone receptor agonist,PGR,RQZAXGRLVPAYTJ-GQFGMJRRSA-N,"InChI=1S/C24H32O4/c1-14-12-18-19(22(4)9-6-17(27)13-21(14)22)7-10-23(5)20(18)8-11-24(23,15(2)25)28-16(3)26/h12-13,18-20H,6-11H2,1-5H3/t18-,19+,20+,22-,23+,24+/m1/s1",35593,CC(=O)O[C@@]1(CC[C@H]2[C@@H]3C=C(C)C4=CC(=O)CC[C@]4(C)[C@H]3CC[C@]12C)C(=O)C,4
Input,BRD-A97035593,-0.22400184,InputSig,NA,NA,LINCSCP_267538,PC3,10uM,24h,prostate,XIAP inhibitor,XIAP,OIAFZXFQHCIAJL-UHFFFAOYSA-N,"InChI=1S/C20H31N5O3/c1-13(2)17(22-18(26)14(3)21-4)20(28)25-12-8-11-16(25)19(27)24-23-15-9-6-5-7-10-15/h5-7,9-10,13-14,16-17,21,23H,8,11-12H2,1-4H3,(H,22,26)(H,24,27)",22496,CNC(C)C(=O)NC(C(C)C)C(=O)N1CCCC1C(=O)NNc2ccccc2,NA
Input,BRD-K36620425,-0.22392922,InputSig,NA,NA,LINCSCP_310013,VCAP,30uM,24h,prostate,NA,NA,YQEYOYLPOAGOMK-BNLPXROOSA-N,"InChI=1S/C37H48N4O5/c1-27-23-41(28(2)26-42)37(44)22-32-21-33(38-36(43)15-16-40-17-19-45-20-18-40)13-14-34(32)46-35(27)25-39(3)24-29-9-11-31(12-10-29)30-7-5-4-6-8-30/h4-14,21,27-28,35,42H,15-20,22-26H2,1-3H3,(H,38,43)/t27-,28+,35+/m0/s1",32640,C[C@H](CO)N1C[C@H](C)[C@@H](CN(C)Cc2ccc(cc2)c3ccccc3)Oc4ccc(NC(=O)CCN5CCOCC5)cc4CC1=O,NA
Input,CHEMBL1271322,-0.22363183,InputSig,NA,NA,LINCSCP_45280,PC3,10uM,24h,prostate,NA,NA,ARXGQLDPZZWOCY-UHFFFAOYSA-N,"InChI=1S/C23H15ClN2O3S/c24-18-12-10-17(11-13-18)22(27)28-14-3-4-15-30-23-26-25-21(29-23)20-9-5-7-16-6-1-2-8-19(16)20/h1-2,5-13H,14-15H2",15362,Clc1ccc(cc1)C(=O)OCC#CCSc2oc(nn2)c3cccc4ccccc34,NA
Input,Alvocidib,-0.22358056,InputSig,NA,NA,LINCSCP_251093,MCF7,0.01uM,24h,breast,CDK inhibitor,CDK1|CDK2|CDK4|CDK5|CDK6|CDK7|CDK8|CDK9|EGFR|PYGM,BIIVYFLTOXDAOV-YVEFUNNKSA-N,"InChI=1S/C21H20ClNO5/c1-23-7-6-12(17(27)10-23)19-14(24)8-15(25)20-16(26)9-18(28-21(19)20)11-4-2-3-5-13(11)22/h2-5,8-9,12,17,24-25,27H,6-7,10H2,1H3/t12-,17+/m0/s1",16629,CN1CC[C@@H]([C@H](O)C1)c2c(O)cc(O)c3C(=O)C=C(Oc23)c4ccccc4Cl,3
Input,BRD-K27009196,-0.22351132,InputSig,NA,NA,LINCSCP_310788,VCAP,10uM,24h,prostate,NA,NA,OJORFHMACFRWQB-FYQCMVGJSA-N,"InChI=1S/C28H37N3O6S/c1-20-15-31(21(2)18-32)38(33,34)28-11-9-22(7-6-12-29(3)4)13-26(28)37-27(20)17-30(5)16-23-8-10-24-25(14-23)36-19-35-24/h8-11,13-14,20-21,27,32H,12,15-19H2,1-5H3/t20-,21+,27+/m0/s1",32382,C[C@H](CO)N1C[C@H](C)[C@@H](CN(C)Cc2ccc3OCOc3c2)Oc4cc(ccc4S1(=O)=O)C#CCN(C)C,NA
Input,BRD-K07438289,-0.2234282,InputSig,NA,NA,LINCSCP_310756,VCAP,10uM,24h,prostate,NA,NA,JYSCHNUNWNBHFC-VRUMLPLGSA-N,"InChI=1S/C27H37N3O4S/c1-21-17-30(22(2)20-31)35(32,33)27-14-13-23(12-9-15-28(3)4)16-25(27)34-26(21)19-29(5)18-24-10-7-6-8-11-24/h6-8,10-11,13-14,16,21-22,26,31H,15,17-20H2,1-5H3/t21-,22+,26-/m0/s1",11779,C[C@H](CO)N1C[C@H](C)[C@H](CN(C)Cc2ccccc2)Oc3cc(ccc3S1(=O)=O)C#CCN(C)C,NA
Input,BRD-K08246588,-0.22341233,InputSig,NA,NA,LINCSCP_61548,VCAP,5uM,24h,prostate,NA,NA,HSJIFMVKIOATEF-CZBREUMFSA-N,"InChI=1S/C31H34F3N3O4/c1-20-16-37(21(2)18-38)29(39)27-14-7-6-13-26(27)25-12-5-4-9-22(25)19-41-28(20)17-36(3)30(40)35-24-11-8-10-23(15-24)31(32,33)34/h4-15,20-21,28,38H,16-19H2,1-3H3,(H,35,40)/t20-,21-,28-/m0/s1",1499,C[C@@H](CO)N1C[C@H](C)[C@H](CN(C)C(=O)Nc2cccc(c2)C(F)(F)F)OCc3ccccc3c4ccccc4C1=O,NA
Input,BRD-K45230579,-0.22340991,InputSig,NA,NA,LINCSCP_41056,NEU,10uM,24h,NA,NA,NA,ANPNCKARMDTJMY-XKCSPQBFSA-N,"InChI=1S/C26H31N3O6/c1-15-9-16(2)11-18(10-15)28-26(32)27-17-5-8-22-20(12-17)25(31)29(3)21-7-6-19(13-24(30)33-4)35-23(21)14-34-22/h5,8-12,19,21,23H,6-7,13-14H2,1-4H3,(H2,27,28,32)/t19-,21+,23+/m0/s1",24700,COC(=O)C[C@@H]1CC[C@@H]2[C@@H](COc3ccc(NC(=O)Nc4cc(C)cc(C)c4)cc3C(=O)N2C)O1,NA
Input,Tyrphostin AG 879,-0.22333196,InputSig,NA,NA,LINCSCP_23456,HEPG2,3uM,24h,liver,Angiogenesis inhibitor|Tyrosine kinase inhibitor|VEGFR inhibitor,ERBB2|KDR|NTRK1,XRZYELWZLNAXGE-KPKJPENVSA-N,"InChI=1S/C18H24N2OS/c1-17(2,3)13-8-11(7-12(10-19)16(20)22)9-14(15(13)21)18(4,5)6/h7-9,21H,1-6H3,(H2,20,22)/b12-7+",15776,CC(C)(C)c1cc(\C=C(/C#N)\C(=S)N)cc(c1O)C(C)(C)C,NA
Input,Cdc,-0.22323885,InputSig,NA,NA,LINCSCP_52728,SKB,10uM,24h,NA,Lipoxygenase inhibitor,ALOX12,XGHYFEJMJXGPGN-CHLGNXTCSA-N,"InChI=1S/C19H15NO4/c20-13-16(11-15-8-9-17(21)18(22)12-15)19(23)24-10-4-7-14-5-2-1-3-6-14/h1-9,11-12,21-22H,10H2/b7-4+,16-11-",37805,Oc1ccc(\C=C(\C#N)/C(=O)OC\C=C\c2ccccc2)cc1O,NA
Input,ZINC6718453,-0.22312885,InputSig,NA,NA,LINCSCP_147260,NEU,0.12uM,24h,NA,NA,NA,DYVFBWXIOCLHPP-UHFFFAOYSA-N,"InChI=1S/C21H24N4O2/c22-11-16-15(14-6-8-24-9-7-14)10-17(25-21(16)23)20-18(26)2-1-3-19(20)27-12-13-4-5-13/h1-3,10,13-14,24,26H,4-9,12H2,(H2,23,25)",19904,Nc1nc(cc(C2CCNCC2)c1C#N)c3c(O)cccc3OCC4CC4,NA
Input,BRD-K67787765,-0.2230297,InputSig,NA,NA,LINCSCP_48150,PC3,5uM,24h,prostate,NA,NA,PLFJTCJSGHSPAZ-FJRSXGRASA-N,"InChI=1S/C33H54N4O6/c1-22(2)34-33(41)36(6)20-30-23(3)19-37(24(4)21-38)32(40)28-18-27(35-31(39)26-13-8-7-9-14-26)15-16-29(28)43-25(5)12-10-11-17-42-30/h15-16,18,22-26,30,38H,7-14,17,19-21H2,1-6H3,(H,34,41)(H,35,39)/t23-,24+,25-,30-/m1/s1",5097,CC(C)NC(=O)N(C)C[C@H]1OCCCC[C@@H](C)Oc2ccc(NC(=O)C3CCCCC3)cc2C(=O)N(C[C@H]1C)[C@@H](C)CO,NA
Input,Seliciclib,-0.22302332,InputSig,NA,NA,LINCSCP_132394,MCF7,0.12uM,3h,breast,CDK inhibitor,CDK1|CDK2|CDK5|CDK7|CDK9,BTIHMVBBUGXLCJ-OAHLLOKOSA-N,"InChI=1S/C19H26N6O/c1-4-15(11-26)22-19-23-17(20-10-14-8-6-5-7-9-14)16-18(24-19)25(12-21-16)13(2)3/h5-9,12-13,15,26H,4,10-11H2,1-3H3,(H2,20,22,23,24)/t15-/m1/s1",16622,CC[C@H](CO)Nc1nc(NCc2ccccc2)c3ncn(C(C)C)c3n1,2
Input,BRD-K73005792,-0.22297314,InputSig,NA,NA,LINCSCP_185204,A375,5uM,24h,skin,NA,NA,FAUCFBZLQVVXHI-OKZBNKHCSA-N,"InChI=1S/C19H20FN3O2/c1-22-16-10-23(19(25)21-14-8-4-3-7-13(14)20)15-9-5-2-6-12(15)18(16)17(22)11-24/h2-9,16-18,24H,10-11H2,1H3,(H,21,25)/t16-,17-,18+/m0/s1",13401,CN1[C@@H](CO)[C@H]2[C@@H]1CN(C(=O)Nc3ccccc3F)c4ccccc24,NA
Input,BRD-K51322285,-0.22297095,InputSig,NA,NA,LINCSCP_63807,VCAP,5uM,6h,prostate,NA,NA,SSPYWNJKRFMGCQ-XGXHKWSGSA-N,"InChI=1S/C21H31N3O6/c1-23(2)20(26)10-17-7-8-18-19(30-17)13-29-12-15(25)11-24(18)21(27)22-14-5-4-6-16(9-14)28-3/h4-6,9,15,17-19,25H,7-8,10-13H2,1-3H3,(H,22,27)/t15-,17+,18+,19-/m1/s1",3437,COc1cccc(NC(=O)N2C[C@@H](O)COC[C@H]3O[C@H](CC(=O)N(C)C)CC[C@H]23)c1,NA
Input,BRD-K64106162,-0.22291673,InputSig,NA,NA,LINCSCP_17488,HA1E,10uM,24h,kidney epithelial,NA,NA,QABZKECKKQKKQZ-ZCFIWIBFSA-N,"InChI=1S/C11H12N4O3/c1-6-4-10(16)13-14-11(6)7-2-3-8(12)9(5-7)15(17)18/h2-3,5-6H,4,12H2,1H3,(H,13,16)/t6-/m1/s1",26547,C[C@@H]1CC(=O)NN=C1c2ccc(N)c(c2)[N+](=O)[O-],NA
Input,Bazedoxifene HCl,-0.22291474,InputSig,NA,NA,LINCSCP_175442,YAPC,10uM,24h,pancreas,Estrogen receptor modulator,ESR1|ESR2,UCJGJABZCDBEDK-UHFFFAOYSA-N,"InChI=1S/C30H34N2O3/c1-22-28-20-26(34)12-15-29(28)32(30(22)24-8-10-25(33)11-9-24)21-23-6-13-27(14-7-23)35-19-18-31-16-4-2-3-5-17-31/h6-15,20,33-34H,2-5,16-19,21H2,1H3",26708,Cc1c(c2ccc(O)cc2)n(Cc3ccc(OCCN4CCCCCC4)cc3)c5ccc(O)cc15,4
Input,WZ-7043,-0.22285708,InputSig,NA,NA,LINCSCP_32791,MCF7,10uM,6h,breast,CSF1R inhibitor,CSF1R,NA,NA,42743,NA,NA
Input,MLS003079542,-0.22285584,InputSig,NA,NA,LINCSCP_188694,A549,10uM,6h,lung,NA,NA,SMHCVHCLAYAMKY-UHFFFAOYSA-N,"InChI=1S/C16H9ClF7NO2/c17-12-7-9(18)3-6-11(12)13(26)25-10-4-1-8(2-5-10)14(27,15(19,20)21)16(22,23)24/h1-7,27H,(H,25,26)",22735,OC(c1ccc(NC(=O)c2ccc(F)cc2Cl)cc1)(C(F)(F)F)C(F)(F)F,NA
Input,BRD-K33218708,-0.22281213,InputSig,NA,NA,LINCSCP_48760,PC3,10uM,24h,prostate,NA,NA,SJHPEWGCSFZDDK-YVHKJVDXSA-N,"InChI=1S/C23H27FN2O4S/c1-16-14-26(17(2)15-27)31(28,29)23-11-9-18(12-21(23)30-22(16)13-25-3)8-10-19-6-4-5-7-20(19)24/h4-7,9,11-12,16-17,22,25,27H,13-15H2,1-3H3/t16-,17-,22+/m1/s1",8744,CNC[C@@H]1Oc2cc(ccc2S(=O)(=O)N(C[C@H]1C)[C@H](C)CO)C#Cc3ccccc3F,NA
Input,"2-[(2,6-Dimethylphenyl)amino]-n,n-diethyl-n-methyl-2-oxoethanaminium",-0.22271242,InputSig,NA,NA,LINCSCP_289870,VCAP,10uM,6h,prostate,Antiarrhythmic medication,NA,HFRFLLYLVAKRMZ-UHFFFAOYSA-O,"InChI=1S/C15H24N2O/c1-6-17(5,7-2)11-14(18)16-15-12(3)9-8-10-13(15)4/h8-10H,6-7,11H2,1-5H3/p+1",22869,CC[N+](C)(CC)CC(=O)Nc1c(C)cccc1C,NA
Input,BRD-K64021372,-0.22265303,InputSig,NA,NA,LINCSCP_62566,VCAP,5uM,6h,prostate,NA,NA,PKVMSJKEIKOOIO-FQTZSRFZSA-N,"InChI=1S/C30H30N2O7/c1-17(18-5-3-2-4-6-18)31-28(34)14-21-13-23-22-12-20(8-10-24(22)39-29(23)27(15-33)38-21)32-30(35)19-7-9-25-26(11-19)37-16-36-25/h2-12,17,21,23,27,29,33H,13-16H2,1H3,(H,31,34)(H,32,35)/t17-,21+,23+,27+,29-/m1/s1",24885,C[C@@H](NC(=O)C[C@@H]1C[C@@H]2[C@@H](Oc3ccc(NC(=O)c4ccc5OCOc5c4)cc23)[C@H](CO)O1)c6ccccc6,NA
Input,AC1OA39F,-0.22259047,InputSig,NA,NA,LINCSCP_1527,A375,10uM,6h,skin,NA,NA,CAISHCQFVSGCPA-CAOOACKPSA-N,"InChI=1S/C14H14ClN3O2/c1-10-7-11(15)4-5-13(10)20-9-14(19)18-17-8-12-3-2-6-16-12/h2-8,16H,9H2,1H3,(H,18,19)/b17-8+",15183,Cc1cc(Cl)ccc1OCC(=O)NN=Cc2ccc[nH]2,NA
Input,BRD-K53406626,-0.22258008,InputSig,NA,NA,LINCSCP_303326,VCAP,5uM,6h,prostate,NA,NA,HTNOASUNFPMBNX-MDRHQERFSA-N,"InChI=1S/C23H26FN3O5/c1-27(2)21(29)11-16-10-18-17-9-15(7-8-19(17)32-22(18)20(12-28)31-16)26-23(30)25-14-5-3-13(24)4-6-14/h3-9,16,18,20,22,28H,10-12H2,1-2H3,(H2,25,26,30)/t16-,18-,20+,22+/m1/s1",3526,CN(C)C(=O)C[C@H]1C[C@H]2[C@H](Oc3ccc(NC(=O)Nc4ccc(F)cc4)cc23)[C@H](CO)O1,NA
Input,BRD-K93880770,-0.22253258,InputSig,NA,NA,LINCSCP_63646,VCAP,5uM,6h,prostate,NA,NA,SYCYKHHPUCXRJT-BXXSPATCSA-N,"InChI=1S/C25H36ClN3O5/c26-18-6-8-19(9-7-18)28-25(32)29-14-20(30)15-33-16-23-22(29)11-10-21(34-23)12-24(31)27-13-17-4-2-1-3-5-17/h6-9,17,20-23,30H,1-5,10-16H2,(H,27,31)(H,28,32)/t20-,21-,22+,23-/m1/s1",25302,O[C@H]1COC[C@H]2O[C@@H](CC(=O)NCC3CCCCC3)CC[C@@H]2N(C1)C(=O)Nc4ccc(Cl)cc4,NA
Input,Dropropizine,-0.2224904,InputSig,NA,NA,LINCSCP_221476,HEPG2,3uM,24h,liver,Antitussive,NA,PTVWPYVOOKLBCG-UHFFFAOYSA-N,"InChI=1S/C13H20N2O2/c16-11-13(17)10-14-6-8-15(9-7-14)12-4-2-1-3-5-12/h1-5,13,16-17H,6-11H2",36239,OCC(O)CN1CCN(CC1)c2ccccc2,3
Input,BRD-K11480730,-0.22247459,InputSig,NA,NA,LINCSCP_59836,VCAP,5uM,24h,prostate,NA,NA,BPRBOEBHCISTIC-MZXMJASYSA-N,"InChI=1S/C36H46N4O5/c1-26-22-40(27(2)25-41)36(43)32-21-31(37-35(42)15-16-39-17-19-44-20-18-39)13-14-33(32)45-34(26)24-38(3)23-28-9-11-30(12-10-28)29-7-5-4-6-8-29/h4-14,21,26-27,34,41H,15-20,22-25H2,1-3H3,(H,37,42)/t26-,27+,34-/m0/s1",31966,C[C@H](CO)N1C[C@H](C)[C@H](CN(C)Cc2ccc(cc2)c3ccccc3)Oc4ccc(NC(=O)CCN5CCOCC5)cc4C1=O,NA
Input,Tolperisone,-0.22246332,InputSig,NA,NA,LINCSCP_71161,A375,0.12uM,24h,skin,NA,NA,FSKFPVLPFLJRQB-UHFFFAOYSA-N,"InChI=1S/C16H23NO/c1-13-6-8-15(9-7-13)16(18)14(2)12-17-10-4-3-5-11-17/h6-9,14H,3-5,10-12H2,1-2H3",1377,CC(CN1CCCCC1)C(=O)c2ccc(C)cc2,2
Input,BRD-K15639930,-0.22241798,InputSig,NA,NA,LINCSCP_61114,VCAP,5uM,6h,prostate,NA,NA,OXAYHDRNXZXDOZ-BKZGZDJESA-N,"InChI=1S/C33H41N3O5/c1-23-20-36(17-16-25-10-7-6-8-11-25)24(2)22-41-30-15-14-27(19-29(30)33(38)35(3)21-31(23)40-5)34-32(37)26-12-9-13-28(18-26)39-4/h6-15,18-19,23-24,31H,16-17,20-22H2,1-5H3,(H,34,37)/t23-,24+,31+/m0/s1",23708,CO[C@@H]1CN(C)C(=O)c2cc(NC(=O)c3cccc(OC)c3)ccc2OC[C@@H](C)N(CCc4ccccc4)C[C@@H]1C,NA
Input,Vortioxetine (Lu AA21004) HBr,-0.2224132,InputSig,NA,NA,LINCSCP_158277,PC3,10uM,24h,prostate,Serotonin 1a (5-HT1a) receptor agonist (Serotonin 1a|Serotonin 3a (5-HT3a) receptor antagonist (Serotonin 3a|Serotonin transporter inhibitor,HTR1A|HTR3A|SLC6A4,YQNWZWMKLDQSAC-UHFFFAOYSA-N,"InChI=1S/C18H22N2S/c1-14-7-8-17(15(2)13-14)21-18-6-4-3-5-16(18)20-11-9-19-10-12-20/h3-8,13,19H,9-12H2,1-2H3",26785,Cc1ccc(Sc2ccccc2N3CCNCC3)c(C)c1,4
Input,BRD-K35638681,-0.22234544,InputSig,NA,NA,LINCSCP_58724,VCAP,10uM,6h,prostate,NA,NA,UIWHTZIAIXNFGN-DGHZZKTQSA-N,"InChI=1S/C40H42N6O5S/c1-25-21-46(26(2)24-47)40(50)31-7-6-10-34(44-38(49)29-15-17-30(18-16-29)39-42-19-20-52-39)36(31)51-35(25)23-45(3)22-27-11-13-28(14-12-27)37(48)43-33-9-5-4-8-32(33)41/h4-20,25-26,35,47H,21-24,41H2,1-3H3,(H,43,48)(H,44,49)/t25-,26-,35+/m1/s1",12501,C[C@H](CO)N1C[C@@H](C)[C@H](CN(C)Cc2ccc(cc2)C(=O)Nc3ccccc3N)Oc4c(NC(=O)c5ccc(cc5)c6nccs6)cccc4C1=O,NA
Input,MLS-0454334.0002,-0.22233317,InputSig,NA,NA,LINCSCP_21997,HEPG2,10uM,6h,liver,NA,NA,MASADMYAERVUKE-UHFFFAOYSA-N,"InChI=1S/C12H7FN2OS2/c13-7-3-1-4-8-10(7)14-12(18-8)15-11(16)9-5-2-6-17-9/h1-6H,(H,14,15,16)",15433,Fc1cccc2sc(NC(=O)c3cccs3)nc12,NA
Input,BRD-K94646939,-0.22220329,InputSig,NA,NA,LINCSCP_63853,VCAP,5uM,6h,prostate,NA,NA,KPSAIAGNOOFEEI-SMOSDQRPSA-N,"InChI=1S/C22H29Cl2N3O5/c23-17-6-4-14(8-18(17)24)26-22(30)27-10-15(28)11-31-12-20-19(27)7-5-16(32-20)9-21(29)25-13-2-1-3-13/h4,6,8,13,15-16,19-20,28H,1-3,5,7,9-12H2,(H,25,29)(H,26,30)/t15-,16-,19-,20+/m1/s1",4742,O[C@H]1COC[C@@H]2O[C@@H](CC(=O)NC3CCC3)CC[C@H]2N(C1)C(=O)Nc4ccc(Cl)c(Cl)c4,NA
Input,Diphenidol,-0.2220825,InputSig,NA,NA,LINCSCP_193347,A549,10uM,6h,lung,Acetylcholine receptor agonist,CHRM1|CHRM3|CHRM4,OGAKLTJNUQRZJU-UHFFFAOYSA-N,"InChI=1S/C21H27NO/c23-21(19-11-4-1-5-12-19,20-13-6-2-7-14-20)15-10-18-22-16-8-3-9-17-22/h1-2,4-7,11-14,23H,3,8-10,15-18H2",35468,OC(CCCN1CCCCC1)(c2ccccc2)c3ccccc3,4
Input,Fadrozole,-0.22198119,InputSig,NA,NA,LINCSCP_102511,HELA,0.12uM,24h,large intestine,Aromatase inhibitor,CYP19A1,CLPFFLWZZBQMAO-UHFFFAOYSA-N,"InChI=1S/C14H13N3/c15-8-11-4-6-12(7-5-11)14-3-1-2-13-9-16-10-17(13)14/h4-7,9-10,14H,1-3H2",11755,N#Cc1ccc(cc1)C2CCCc3cncn23,NA
Input,MLS003179190,-0.22189328,InputSig,NA,NA,LINCSCP_58911,VCAP,10uM,24h,prostate,Caspase inhibitor,CASP3,FXIXTIXYCSOXIT-UDKTZTBJSA-N,"InChI=1S/C34H38N4O7S/c1-22-19-38(23(2)21-39)33(40)28-12-8-14-30(36-34(41)35-29-13-7-10-24-9-5-6-11-27(24)29)32(28)45-31(22)20-37(3)46(42,43)26-17-15-25(44-4)16-18-26/h5-18,22-23,31,39H,19-21H2,1-4H3,(H2,35,36,41)/t22-,23+,31+/m1/s1",35933,COc1ccc(cc1)S(=O)(=O)N(C)C[C@@H]2Oc3c(NC(=O)Nc4cccc5ccccc45)cccc3C(=O)N(C[C@H]2C)[C@@H](C)CO,NA
Input,"Trichostatin A, Streptomyces Sp.",-0.22181787,InputSig,NA,NA,LINCSCP_67155,HT29,10uM,24h,large intestine,CDK expression enhancer|HDAC inhibitor|ID1 expression inhibitor,HDAC1|HDAC10|HDAC3|HDAC4|HDAC6|HDAC7|HDAC8,RTKIYFITIVXBLE-WKWSCTOISA-N,"InChI=1S/C17H22N2O3/c1-12(5-10-16(20)18-22)11-13(2)17(21)14-6-8-15(9-7-14)19(3)4/h5-11,13,22H,1-4H3,(H,18,20)/b10-5+,12-11+",37019,CC(\C=C(/C)\C=C\C(=O)NO)C(=O)c1ccc(cc1)N(C)C,NA
Input,Timolol,-0.22181163,InputSig,NA,NA,LINCSCP_273501,PC3,10uM,6h,prostate,Adrenergic receptor antagonist,ADRB1|ADRB2,BLJRIMJGRPQVNF-JTQLQIEISA-N,"InChI=1S/C13H24N4O3S/c1-13(2,3)14-8-10(18)9-20-12-11(15-21-16-12)17-4-6-19-7-5-17/h10,14,18H,4-9H2,1-3H3/t10-/m0/s1",15402,CC(C)(C)NC[C@H](O)COc1nsnc1N2CCOCC2,4
Input,CHEMBL364005,-0.22179512,InputSig,NA,NA,LINCSCP_33010,MCF7,10uM,6h,breast,Serotonin receptor agonist,HTR6,BPPGPYJBCVXILI-UHFFFAOYSA-N,"InChI=1S/C14H15ClN2/c1-9-14(10-4-6-16-7-5-10)12-8-11(15)2-3-13(12)17-9/h2-4,8,16-17H,5-7H2,1H3",15634,Cc1[nH]c2ccc(Cl)cc2c1C3=CCNCC3,NA
Input,BRD-K24824043,-0.22154984,InputSig,NA,NA,LINCSCP_8722,A549,5uM,24h,lung,NA,NA,JXCIZYZKUTYCFB-IPMKNSEASA-N,"InChI=1S/C21H29N3O3/c1-13(2)22-21(27)23-11-17-19(15-9-5-6-10-16(15)23)18(12-25)24(17)20(26)14-7-3-4-8-14/h5-6,9-10,13-14,17-19,25H,3-4,7-8,11-12H2,1-2H3,(H,22,27)/t17-,18+,19+/m0/s1",12209,CC(C)NC(=O)N1C[C@H]2[C@H]([C@@H](CO)N2C(=O)C3CCCC3)c4ccccc14,NA
Input,MLS004683634,-0.2215112,InputSig,NA,NA,LINCSCP_27251,HT29,10uM,6h,large intestine,NA,NA,ACSVFUACEODJDN-PNRGXICFSA-N,"InChI=1S/C35H38N4O5/c1-24-20-39(25(2)23-40)35(42)30-10-7-11-31(37-34(41)27-16-18-36-19-17-27)33(30)44-32(24)22-38(3)21-26-12-14-29(15-13-26)43-28-8-5-4-6-9-28/h4-19,24-25,32,40H,20-23H2,1-3H3,(H,37,41)/t24-,25-,32+/m0/s1",36642,C[C@@H](CO)N1C[C@H](C)[C@@H](CN(C)Cc2ccc(Oc3ccccc3)cc2)Oc4c(NC(=O)c5ccncc5)cccc4C1=O,NA
Input,SR-02000000367,-0.22147857,InputSig,NA,NA,LINCSCP_57794,VCAP,10uM,24h,prostate,NA,NA,RCOIZIFMFNASTI-UHFFFAOYSA-N,"InChI=1S/C19H17ClN2O3/c1-3-13-4-6-14(7-5-13)22-19(23)18(17(20)12-21-22)25-16-10-8-15(24-2)9-11-16/h4-12H,3H2,1-2H3",35778,CCc1ccc(cc1)N2N=CC(=C(Oc3ccc(OC)cc3)C2=O)Cl,NA
Input,BRD-K26484692,-0.22144621,InputSig,NA,NA,LINCSCP_8897,A549,10uM,24h,lung,NA,NA,WSFSIZCPNKDEIH-VVLHAWIVSA-N,"InChI=1S/C18H33N3O4/c22-14-11-20-16-5-4-15(25-17(16)13-24-12-14)10-18(23)19-6-9-21-7-2-1-3-8-21/h14-17,20,22H,1-13H2,(H,19,23)/t14-,15+,16-,17+/m0/s1",2582,O[C@H]1CN[C@H]2CC[C@H](CC(=O)NCCN3CCCCC3)O[C@@H]2COC1,NA
Input,Metergoline,-0.22136829,InputSig,NA,NA,LINCSCP_47538,PC3,10uM,24h,prostate,Dopamine receptor agonist|Serotonin receptor antagonist,HTR1A|HTR2A,WZHJKEUHNJHDLS-QTGUNEKASA-N,"InChI=1S/C25H29N3O2/c1-27-14-18(13-26-25(29)30-16-17-7-4-3-5-8-17)11-21-20-9-6-10-22-24(20)19(12-23(21)27)15-28(22)2/h3-10,15,18,21,23H,11-14,16H2,1-2H3,(H,26,29)/t18-,21+,23+/m0/s1",35867,CN1C[C@H](CNC(=O)OCc2ccccc2)C[C@H]3[C@H]1Cc4cn(C)c5cccc3c45,4
Input,Desloratadine,-0.22136494,InputSig,NA,NA,LINCSCP_58195,VCAP,10uM,24h,prostate,Histamine receptor antagonist,HRH1,JAUOIFJMECXRGI-UHFFFAOYSA-N,"InChI=1S/C19H19ClN2/c20-16-5-6-17-15(12-16)4-3-14-2-1-9-22-19(14)18(17)13-7-10-21-11-8-13/h1-2,5-6,9,12,21H,3-4,7-8,10-11H2",22282,Clc1ccc2C(=C3CCNCC3)c4ncccc4CCc2c1,4
Input,Dcpib,-0.22133043,InputSig,NA,NA,LINCSCP_33685,MCF7,10uM,6h,breast,Chloride channel blocker|Gap junction modulator|Glutamate inhibitor,SLC1A2,KHKGTPJPBOQECW-UHFFFAOYSA-N,"InChI=1S/C22H28Cl2O4/c1-2-3-10-22(15-7-4-5-8-15)13-14-12-16(28-11-6-9-17(25)26)19(23)20(24)18(14)21(22)27/h12,15H,2-11,13H2,1H3,(H,25,26)",15237,CCCCC1(Cc2cc(OCCCC(=O)O)c(Cl)c(Cl)c2C1=O)C3CCCC3,NA
Input,MLS003130051,-0.22125191,InputSig,NA,NA,LINCSCP_60486,VCAP,5uM,6h,prostate,NA,NA,JAWXPOQCFIAERV-OPYAIIAOSA-N,"InChI=1S/C24H37N3O6S/c1-7-12-25-23(29)26(6)15-21-17(2)14-27(18(3)16-28)34(31,32)22-9-8-19(13-20(22)33-21)10-11-24(4,5)30/h8-9,13,17-18,21,28,30H,7,12,14-16H2,1-6H3,(H,25,29)/t17-,18-,21+/m1/s1",23672,CCCNC(=O)N(C)C[C@@H]1Oc2cc(ccc2S(=O)(=O)N(C[C@H]1C)[C@H](C)CO)C#CC(C)(C)O,NA
Input,Indacaterol Maleate,-0.2212444,InputSig,NA,NA,LINCSCP_127006,HT29,10uM,24h,large intestine,Beta-2 adrenergic receptor agonist,ADRB2,QZZUEBNBZAPZLX-QFIPXVFZSA-N,"InChI=1S/C24H28N2O3/c1-3-14-9-16-11-18(12-17(16)10-15(14)4-2)25-13-22(28)19-5-7-21(27)24-20(19)6-8-23(29)26-24/h5-10,18,22,25,27-28H,3-4,11-13H2,1-2H3,(H,26,29)/t22-/m0/s1",26706,CCc1cc2CC(Cc2cc1CC)NC[C@H](O)c3ccc(O)c4NC(=O)C=Cc34,4
Input,Niclosamide,-0.22124265,InputSig,NA,NA,LINCSCP_168830,YAPC,3.33uM,24h,pancreas,DNA replication inhibitor|STAT inhibitor,STAT3,RJMUSRYZPJIFPJ-UHFFFAOYSA-N,"InChI=1S/C13H8Cl2N2O4/c14-7-1-4-12(18)9(5-7)13(19)16-11-3-2-8(17(20)21)6-10(11)15/h1-6,18H,(H,16,19)",15590,Oc1ccc(Cl)cc1C(=O)Nc2ccc(cc2Cl)[N+](=O)[O-],4
Input,RO 90-7501,-0.22123618,InputSig,NA,NA,LINCSCP_23453,HEPG2,10uM,24h,liver,Beta amyloid inhibitor,APP,PAGZCEHLFCJSPV-UHFFFAOYSA-N,"InChI=1S/C20H16N6/c21-13-4-1-11(2-5-13)19-23-15-7-3-12(9-17(15)25-19)20-24-16-8-6-14(22)10-18(16)26-20/h1-10H,21-22H2,(H,23,25)(H,24,26)",15766,Nc1ccc(cc1)c2nc3ccc(cc3[nH]2)c4nc5ccc(N)cc5[nH]4,NA
Input,BRD-K92978552,-0.22122448,InputSig,NA,NA,LINCSCP_60721,VCAP,5uM,6h,prostate,NA,NA,AHKBAATWJXKTGZ-LVCYWYKZSA-N,"InChI=1S/C23H39N5O4/c1-17-12-28(18(2)15-29)22(30)10-7-11-27-13-20(24-25-27)16-32-21(17)14-26(3)23(31)19-8-5-4-6-9-19/h13,17-19,21,29H,4-12,14-16H2,1-3H3/t17-,18+,21-/m1/s1",995,C[C@@H](CO)N1C[C@@H](C)[C@@H](CN(C)C(=O)C2CCCCC2)OCc3cn(CCCC1=O)nn3,NA
Input,KUC104256,-0.22113306,InputSig,NA,NA,LINCSCP_26062,HT29,10uM,6h,large intestine,NA,NA,DPGXCTRHTPYRPJ-UHFFFAOYSA-N,"InChI=1S/C23H19Cl2N5O/c24-18-8-4-7-17(13-18)19-14-21-26-20(25)15-22(30(21)27-19)28-9-11-29(12-10-28)23(31)16-5-2-1-3-6-16/h1-8,13-15H,9-12H2",15415,Clc1cccc(c1)c2cc3nc(Cl)cc(N4CCN(CC4)C(=O)c5ccccc5)n3n2,NA
Input,BRD-K91898214,-0.2210928,InputSig,NA,NA,LINCSCP_60332,VCAP,5uM,6h,prostate,NA,NA,ZMBSZSRZHSICHB-MHPIHPPYSA-N,"InChI=1S/C28H31FN4O4/c1-18-15-33(19(2)17-34)28(36)24-12-21(20-7-9-22(29)10-8-20)14-31-27(24)37-25(18)16-32(3)26(35)13-23-6-4-5-11-30-23/h4-12,14,18-19,25,34H,13,15-17H2,1-3H3/t18-,19-,25-/m0/s1",2001,C[C@@H](CO)N1C[C@H](C)[C@H](CN(C)C(=O)Cc2ccccn2)Oc3ncc(cc3C1=O)c4ccc(F)cc4,NA
Input,CHEMBL2356468,-0.22109105,InputSig,NA,NA,LINCSCP_26493,HT29,10uM,6h,large intestine,NA,NA,NILCQTKEVAIMRT-NWWIOOOSSA-N,"InChI=1S/C36H59N3O5/c1-26-22-39(27(2)25-40)36(42)32-21-31(37-35(41)30-16-9-6-10-17-30)18-19-33(32)44-28(3)13-11-12-20-43-34(26)24-38(4)23-29-14-7-5-8-15-29/h18-19,21,26-30,34,40H,5-17,20,22-25H2,1-4H3,(H,37,41)/t26-,27-,28-,34-/m0/s1",40143,C[C@@H](CO)N1C[C@H](C)[C@H](CN(C)CC2CCCCC2)OCCCC[C@H](C)Oc3ccc(NC(=O)C4CCCCC4)cc3C1=O,NA
Input,Nemonapride,-0.22097447,InputSig,NA,NA,LINCSCP_41157,NEU,10uM,24h,NA,Dopamine receptor antagonist,DRD2|DRD3,QCYCDKUNJFKYEI-ZVWWNKPMSA-N,"InChI=1S/2C21H26ClN3O2/c2*1-14-18(9-10-25(14)13-15-7-5-4-6-8-15)24-21(26)16-11-17(22)19(23-2)12-20(16)27-3/h2*4-8,11-12,14,18,23H,9-10,13H2,1-3H3,(H,24,26)/t2*14-,18-/m10/s1",26697,CNc1cc(OC)c(cc1Cl)C(=O)N[C@H]2CCN(Cc3ccccc3)[C@H]2C.CNc4cc(OC)c(cc4Cl)C(=O)N[C@@H]5CCN(Cc6ccccc6)[C@@H]5C,NA
Input,Nemonapride,-0.22097447,InputSig,NA,NA,LINCSCP_41157,NEU,10uM,24h,NA,Dopamine receptor antagonist,DRD2|DRD3,KRVOJOCLBAAKSJ-UHFFFAOYSA-N,"InChI=1S/C21H26ClN3O2/c1-14-18(9-10-25(14)13-15-7-5-4-6-8-15)24-21(26)16-11-17(22)19(23-2)12-20(16)27-3/h4-8,11-12,14,18,23H,9-10,13H2,1-3H3,(H,24,26)",15293,CNc1cc(OC)c(cc1Cl)C(=O)NC2CCN(Cc3ccccc3)C2C,NA
Input,7-Hydroxyflavone,-0.22075629,InputSig,NA,NA,LINCSCP_221258,HEPG2,10uM,6h,liver,Anticancer agent,NA,MQGPSCMMNJKMHQ-UHFFFAOYSA-N,"InChI=1S/C15H10O3/c16-11-6-7-12-13(17)9-14(18-15(12)8-11)10-4-2-1-3-5-10/h1-9,16H",12859,Oc1ccc2C(=O)C=C(Oc2c1)c3ccccc3,NA
Input,CHEMBL1616521,-0.22064281,InputSig,NA,NA,LINCSCP_187825,A549,10uM,6h,lung,Opioid receptor antagonist,OPRD1,ZFMVWAWSKLAVOE-OOGIKFLQSA-N,"InChI=1S/C26H26N2O3/c1-14(2)13-28-10-9-25-21-15-7-8-19(29)23(21)31-24(25)22-17(12-26(25,30)20(28)11-15)16-5-3-4-6-18(16)27-22/h3-8,20,24,27,29-30H,1,9-13H2,2H3/t20?,24-,25-,26+/m0/s1",15311,CC(=C)CN1CC[C@]23[C@H]4Oc5c(O)ccc(CC1[C@]2(O)Cc6c4[nH]c7ccccc67)c35,NA
Input,Midazolam,-0.22053693,InputSig,NA,NA,LINCSCP_58092,VCAP,10uM,24h,prostate,Benzodiazepine receptor agonist,GABRA1|GABRA2|GABRA3|GABRA4|GABRA5|GABRA6|GABRB1|GABRB2|GABRB3|GABRD|GABRE|GABRG1|GABRG2|GABRG3|GABRP|GABRQ,DDLIGBOFAVUZHB-UHFFFAOYSA-N,"InChI=1S/C18H13ClFN3/c1-11-21-9-13-10-22-18(14-4-2-3-5-16(14)20)15-8-12(19)6-7-17(15)23(11)13/h2-9H,10H2,1H3",36383,Cc1ncc2CN=C(c3ccccc3F)c4cc(Cl)ccc4n12,4
Input,SUGA1_008424,-0.22044214,InputSig,NA,NA,LINCSCP_6166,A549,10uM,24h,lung,NA,NA,OUMMJSPXCAKZRB-RUZDIDTESA-N,"InChI=1S/C25H30N2O7S/c28-14-4-15-33-21-9-7-20(8-10-21)23-26-25(19-34-23,24(29)27-12-16-32-17-13-27)11-18-35(30,31)22-5-2-1-3-6-22/h1-3,5-10,28H,4,11-19H2/t25-/m1/s1",10959,OCCCOc1ccc(cc1)C2=N[C@](CCS(=O)(=O)c3ccccc3)(CO2)C(=O)N4CCOCC4,NA
Input,WAY-170523,-0.22042004,InputSig,NA,NA,LINCSCP_44389,PC3,10uM,24h,prostate,Metalloproteinase inhibitor,MMP13,FARMEEAGJWMFSZ-UHFFFAOYSA-N,"InChI=1S/C33H31N3O7S/c1-22-18-23(2)31(28(19-22)32(37)35-39)36(21-24-8-4-3-5-9-24)44(40,41)27-14-12-26(13-15-27)42-17-16-34-33(38)30-20-25-10-6-7-11-29(25)43-30/h3-15,18-20,39H,16-17,21H2,1-2H3,(H,34,38)(H,35,37)",35701,Cc1cc(C)c(N(Cc2ccccc2)S(=O)(=O)c3ccc(OCCNC(=O)c4oc5ccccc5c4)cc3)c(c1)C(=O)NO,NA
Input,Tolcapone,-0.2202972,InputSig,NA,NA,LINCSCP_41170,NEU,10uM,24h,NA,Catechol O methyltransferase inhibitor,COMT,MIQPIUSUKVNLNT-UHFFFAOYSA-N,"InChI=1S/C14H11NO5/c1-8-2-4-9(5-3-8)13(17)10-6-11(15(19)20)14(18)12(16)7-10/h2-7,16,18H,1H3",16291,Cc1ccc(cc1)C(=O)c2cc(O)c(O)c(c2)[N+](=O)[O-],4
Input,BRD-K15892609,-0.22014401,InputSig,NA,NA,LINCSCP_28213,HT29,10uM,24h,large intestine,NA,NA,QFAVGRCFIOJHOR-KZNAEPCWSA-N,"InChI=1S/C20H27ClN2O4/c21-15-5-3-14(4-6-15)11-22-19(25)10-16-7-8-17(18(12-24)27-16)23-20(26)9-13-1-2-13/h3-6,13,16-18,24H,1-2,7-12H2,(H,22,25)(H,23,26)/t16-,17-,18-/m1/s1",23717,OC[C@H]1O[C@@H](CC(=O)NCc2ccc(Cl)cc2)CC[C@H]1NC(=O)CC3CC3,NA
Input,BRD-K88710727,-0.21985634,InputSig,NA,NA,LINCSCP_203349,ASC,10uM,24h,adipose,NA,NA,HUVCBMXIFJOAAC-NLRVBDNBSA-N,"InChI=1S/C25H33N3O5/c1-3-32-22-15-11-12-19(25(22)33-4-2)18-26-28-24(31)17-8-6-5-7-16-23(30)27-20-13-9-10-14-21(20)29/h9-15,18,29H,3-8,16-17H2,1-2H3,(H,27,30)(H,28,31)/b26-18+",42697,CCOc1cccc(\C=N\NC(=O)CCCCCCC(=O)Nc2ccccc2O)c1OCC,NA
Input,FK 866,-0.2198423,InputSig,NA,NA,LINCSCP_15614,HA1E,0.1uM,6h,kidney epithelial,Niacinamide phosphoribosyltransferase inhibitor,NAMPT,KPBNHDGDUADAGP-VAWYXSNFSA-N,"InChI=1S/C24H29N3O2/c28-23(12-11-21-8-6-15-25-19-21)26-16-5-4-7-20-13-17-27(18-14-20)24(29)22-9-2-1-3-10-22/h1-3,6,8-12,15,19-20H,4-5,7,13-14,16-18H2,(H,26,28)/b12-11+",37971,O=C(NCCCCC1CCN(CC1)C(=O)c2ccccc2)\C=C\c3cccnc3,NA
Input,SA-1458571,-0.21983365,InputSig,NA,NA,LINCSCP_37224,MCF7,10uM,24h,breast,NA,NA,WTHWQCPYZWPYSX-LGTXBLIGSA-N,"InChI=1S/C29H31N3O5/c33-24-17-32(29(35)22-7-4-14-30-16-22)26-13-12-25(37-27(26)19-36-18-24)15-28(34)31-23-10-8-21(9-11-23)20-5-2-1-3-6-20/h1-11,14,16,24-27,33H,12-13,15,17-19H2,(H,31,34)/t24-,25+,26+,27-/m1/s1",11932,O[C@H]1COC[C@H]2O[C@H](CC(=O)Nc3ccc(cc3)c4ccccc4)CC[C@@H]2N(C1)C(=O)c5cccnc5,NA
Input,Hbdde,-0.21974088,InputSig,NA,NA,LINCSCP_261889,NPC,10uM,24h,neural progenitor cells,PKC inhibitor,PRKCA|PRKCG,NEBCAMAQXZIVRE-UHFFFAOYSA-N,"InChI=1S/C16H18O8/c1-23-5-7-3-9(17)13(19)15(21)11(7)12-8(6-24-2)4-10(18)14(20)16(12)22/h3-4,17-22H,5-6H2,1-2H3",36498,COCc1cc(O)c(O)c(O)c1c2c(O)c(O)c(O)cc2COC,NA
Input,Galeterone,-0.21958462,InputSig,NA,NA,LINCSCP_90766,HA1E,1.11uM,24h,kidney epithelial,NA,NA,PAFKTGFSEFKSQG-BLYLLKCRSA-N,"InChI=1S/C26H32N2O/c1-25-13-11-18(29)15-17(25)7-8-19-20-9-10-24(26(20,2)14-12-21(19)25)28-16-27-22-5-3-4-6-23(22)28/h3-7,10,16,18-21,29H,8-9,11-15H2,1-2H3/t18-,19?,20?,21?,25-,26-/m0/s1",26679,C[C@]12CCC3C(CC=C4C[C@@H](O)CC[C@]34C)C1CC=C2n5cnc6ccccc56,NA
Input,GR-55562,-0.21947379,InputSig,NA,NA,LINCSCP_7175,A549,10uM,6h,lung,Serotonin receptor antagonist,HTR1B,ZAGAUUVCYGSPBP-UHFFFAOYSA-N,"InChI=1S/C23H25N3O2/c1-26(2)15-3-4-19-16-20(7-10-22(19)27)23(28)25-21-8-5-17(6-9-21)18-11-13-24-14-12-18/h5-14,16,27H,3-4,15H2,1-2H3,(H,25,28)",18112,CN(C)CCCc1cc(ccc1O)C(=O)Nc2ccc(cc2)c3ccncc3,NA
Input,MLS003129208,-0.2194497,InputSig,NA,NA,LINCSCP_60812,VCAP,5uM,24h,prostate,NA,NA,FOLOUAULJSJVDY-IPYPFGDCSA-N,"InChI=1S/C16H29N5O3/c1-12-9-20(13(2)10-22)16(23)5-4-6-21-14(7-18-19-21)11-24-15(12)8-17-3/h7,12-13,15,17,22H,4-6,8-11H2,1-3H3/t12-,13+,15+/m1/s1",28086,CNC[C@@H]1OCc2cnnn2CCCC(=O)N(C[C@H]1C)[C@@H](C)CO,NA
Input,Immepip,-0.21933879,InputSig,NA,NA,LINCSCP_290079,VCAP,10uM,24h,prostate,Histamine receptor agonist,HRH3,MCNGUYXRBCIGOV-UHFFFAOYSA-N,"InChI=1S/C9H15N3/c1-3-10-4-2-8(1)5-9-6-11-7-12-9/h6-8,10H,1-5H2,(H,11,12)",3158,C(C1CCNCC1)c2c[nH]cn2,NA
Input,MDL 72832,-0.2192571,InputSig,NA,NA,LINCSCP_14179,HA1E,10uM,6h,kidney epithelial,Serotonin receptor agonist,HTR1A,HCVRCHQFYYZPHT-UHFFFAOYSA-N,"InChI=1S/C22H30N2O4/c25-20-13-22(9-3-4-10-22)14-21(26)24(20)12-6-5-11-23-15-17-16-27-18-7-1-2-8-19(18)28-17/h1-2,7-8,17,23H,3-6,9-16H2",32840,O=C1CC2(CCCC2)CC(=O)N1CCCCNCC3COc4ccccc4O3,NA
Input,Linagliptin,-0.21908431,InputSig,NA,NA,LINCSCP_102066,HELA,1.11uM,24h,large intestine,Dipeptidyl peptidase IV inhibitor,DPP4,LTXREWYXXSTFRX-QGZVFWFLSA-N,"InChI=1S/C25H28N8O2/c1-4-5-13-32-21-22(29-24(32)31-12-8-9-17(26)14-31)30(3)25(35)33(23(21)34)15-20-27-16(2)18-10-6-7-11-19(18)28-20/h6-7,10-11,17H,8-9,12-15,26H2,1-3H3/t17-/m1/s1",27116,CC#CCn1c(nc2N(C)C(=O)N(Cc3nc(C)c4ccccc4n3)C(=O)c12)N5CCC[C@@H](N)C5,4
Input,BRD-K80579245,-0.21902995,InputSig,NA,NA,LINCSCP_43175,NPC,10uM,24h,neural progenitor cells,NA,NA,AHPRIPWQPCWYIR-BDTNDASRSA-N,"InChI=1S/C22H27N3O3/c1-4-24(15(2)27)13-20-22(21(14-26)25(20)16(3)28)18-9-7-17(8-10-18)19-6-5-11-23-12-19/h5-12,20-22,26H,4,13-14H2,1-3H3/t20-,21+,22-/m0/s1",13651,CCN(C[C@H]1[C@@H]([C@@H](CO)N1C(=O)C)c2ccc(cc2)c3cccnc3)C(=O)C,NA
Input,BRD-K19995377,-0.2190088,InputSig,NA,NA,LINCSCP_198069,A549,5uM,24h,lung,NA,NA,UIBIEJVTTJAUBZ-ULUNRTEESA-N,"InChI=1S/C30H32ClN3O6S/c1-19(20-6-4-3-5-7-20)32-29(35)17-23-11-14-26-28(40-23)18-39-27-15-10-22(16-25(27)30(36)34(26)2)33-41(37,38)24-12-8-21(31)9-13-24/h3-10,12-13,15-16,19,23,26,28,33H,11,14,17-18H2,1-2H3,(H,32,35)/t19-,23-,26-,28+/m0/s1",23967,C[C@H](NC(=O)C[C@@H]1CC[C@H]2[C@@H](COc3ccc(NS(=O)(=O)c4ccc(Cl)cc4)cc3C(=O)N2C)O1)c5ccccc5,NA
Input,Norcyclobenzaprine,-0.21899505,InputSig,NA,NA,LINCSCP_56289,VCAP,10uM,24h,prostate,Adrenergic receptor agonist|Serotonin receptor antagonist,NA,XECQQDXTQRYYBH-UHFFFAOYSA-N,"InChI=1S/C19H19N/c1-20-14-6-11-19-17-9-4-2-7-15(17)12-13-16-8-3-5-10-18(16)19/h2-5,7-13,20H,6,14H2,1H3",15809,CNCCC=C1c2ccccc2C=Cc3ccccc13,NA
Input,CHEMBL566495,-0.2189037,InputSig,NA,NA,LINCSCP_1220,A375,10uM,24h,skin,NA,NA,OFJDAOPECRJVTF-UHFFFAOYSA-N,"InChI=1S/C23H21N3O/c1-16-5-3-6-17(11-16)14-24-23-21-13-19(9-10-22(21)25-15-26-23)18-7-4-8-20(12-18)27-2/h3-13,15H,14H2,1-2H3,(H,24,25,26)",36022,COc1cccc(c1)c2ccc3ncnc(NCc4cccc(C)c4)c3c2,NA
Input,2-Methoxyestradiol,-0.2188987,InputSig,NA,NA,LINCSCP_154913,PC3,3.33uM,24h,prostate,NA,NA,CQOQDQWUFQDJMK-SSTWWWIQSA-N,"InChI=1S/C19H26O3/c1-19-8-7-12-13(15(19)5-6-18(19)21)4-3-11-9-16(20)17(22-2)10-14(11)12/h9-10,12-13,15,18,20-21H,3-8H2,1-2H3/t12-,13+,15-,18-,19-/m0/s1",26690,COc1cc2[C@H]3CC[C@]4(C)[C@@H](O)CC[C@H]4[C@@H]3CCc2cc1O,NA
Input,BRN 1549781,-0.21881441,InputSig,NA,NA,LINCSCP_20561,HCC515,10uM,6h,lung,NA,NA,AIEOARPRTKSOKM-UHFFFAOYSA-N,"InChI=1S/C24H31NO/c1-16-5-7-21(13-18(16)3)24(26,22-8-6-17(2)19(4)14-22)23-15-25-11-9-20(23)10-12-25/h5-8,13-14,20,23,26H,9-12,15H2,1-4H3",36247,Cc1ccc(cc1C)C(O)(C2CN3CCC2CC3)c4ccc(C)c(C)c4,NA
Input,BRD-K28036193,-0.21872054,InputSig,NA,NA,LINCSCP_48753,PC3,10uM,24h,prostate,NA,NA,KBDYTXJNXXZTGD-CAHKVJEUSA-N,"InChI=1S/C33H37N3O5S/c1-24-20-36(25(2)23-37)42(38,39)33-14-11-28(27-15-17-34-18-16-27)19-31(33)41-32(24)22-35(3)21-26-9-12-30(13-10-26)40-29-7-5-4-6-8-29/h4-19,24-25,32,37H,20-23H2,1-3H3/t24-,25-,32-/m0/s1",12299,C[C@@H](CO)N1C[C@H](C)[C@H](CN(C)Cc2ccc(Oc3ccccc3)cc2)Oc4cc(ccc4S1(=O)=O)c5ccncc5,NA
Input,D-64131,-0.21869711,InputSig,NA,NA,LINCSCP_18398,HCC515,10uM,6h,lung,Microtubule inhibitor,TUBB,ICMIJSRDISNKOC-UHFFFAOYSA-N,"InChI=1S/C16H13NO2/c1-19-13-7-8-14-12(9-13)10-15(17-14)16(18)11-5-3-2-4-6-11/h2-10,17H,1H3",38109,COc1ccc2[nH]c(cc2c1)C(=O)c3ccccc3,NA
Input,"(R,S)-Indatraline",-0.21859594,InputSig,NA,NA,LINCSCP_58235,VCAP,10uM,6h,prostate,Norepinephrine transporter inhibitor,MAOA|MAOB,SVFXPTLYMIXFRX-XJKSGUPXSA-N,"InChI=1S/C16H15Cl2N/c1-19-16-9-13(11-4-2-3-5-12(11)16)10-6-7-14(17)15(18)8-10/h2-8,13,16,19H,9H2,1H3/t13-,16+/m0/s1",36385,CN[C@@H]1C[C@@H](c2ccc(Cl)c(Cl)c2)c3ccccc13,NA
Input,Venlafaxine,-0.21853338,InputSig,NA,NA,LINCSCP_226593,HT29,10uM,6h,large intestine,Adrenergic inhibitor|Norepinephrine reuptake inhibitor|Serotonin reuptake inhibitor,SLC6A2|SLC6A4,PNVNVHUZROJLTJ-UHFFFAOYSA-N,"InChI=1S/C17H27NO2/c1-18(2)13-16(17(19)11-5-4-6-12-17)14-7-9-15(20-3)10-8-14/h7-10,16,19H,4-6,11-13H2,1-3H3",15259,COc1ccc(cc1)C(CN(C)C)C2(O)CCCCC2,4
Input,BRD-K38611276,-0.21851618,InputSig,NA,NA,LINCSCP_59662,VCAP,5uM,24h,prostate,NA,NA,RZTDCHBKGWJHSA-DUELTEGESA-N,"InChI=1S/C32H39N3O5/c1-22-18-35(23(2)21-36)32(38)28-17-26(33-31(37)16-24-8-6-5-7-9-24)12-15-29(28)40-30(22)20-34(3)19-25-10-13-27(39-4)14-11-25/h5-15,17,22-23,30,36H,16,18-21H2,1-4H3,(H,33,37)/t22-,23+,30-/m1/s1",12583,COc1ccc(CN(C)C[C@H]2Oc3ccc(NC(=O)Cc4ccccc4)cc3C(=O)N(C[C@H]2C)[C@@H](C)CO)cc1,NA
Input,BRD-K58282082,-0.21821713,InputSig,NA,NA,LINCSCP_63295,VCAP,5uM,6h,prostate,NA,NA,VRPVHEJOGHTQDQ-LLZJGCNPSA-N,"InChI=1S/C29H35N3O7/c1-32-24-8-7-22(16-27(33)30-19-4-3-5-21(14-19)36-2)39-26(24)17-38-25-9-6-20(15-23(25)29(32)35)31-28(34)18-10-12-37-13-11-18/h3-6,9,14-15,18,22,24,26H,7-8,10-13,16-17H2,1-2H3,(H,30,33)(H,31,34)/t22-,24-,26+/m0/s1",3715,COc1cccc(NC(=O)C[C@@H]2CC[C@H]3[C@@H](COc4ccc(NC(=O)C5CCOCC5)cc4C(=O)N3C)O2)c1,NA
Input,AC1O1EQ5,-0.21821438,InputSig,NA,NA,LINCSCP_42297,NPC,10uM,24h,neural progenitor cells,HIV integrase inhibitor,NA,CNEGNCUOFPNSCH-XYOKQWHBSA-N,"InChI=1S/C16H13N3O/c1-10-3-6-14-15(7-10)19-16(18-14)12(9-17)8-13-5-4-11(2)20-13/h3-8H,1-2H3,(H,18,19)/b12-8+",25774,Cc1oc(\C=C(/C#N)\c2nc3ccc(C)cc3[nH]2)cc1,NA
Input,SA-427137,-0.21820567,InputSig,NA,NA,LINCSCP_37051,MCF7,1uM,24h,breast,NA,NA,CZGXFYZCYNDJOB-YUKNNVIKSA-N,"InChI=1S/C38H46F6N4O5/c1-24-20-48(25(2)23-49)35(50)32-19-31(46-36(51)45-30-14-12-29(13-15-30)38(42,43)44)16-17-33(32)53-26(3)7-5-6-18-52-34(24)22-47(4)21-27-8-10-28(11-9-27)37(39,40)41/h8-17,19,24-26,34,49H,5-7,18,20-23H2,1-4H3,(H2,45,46,51)/t24-,25-,26+,34-/m1/s1",34110,C[C@H](CO)N1C[C@@H](C)[C@@H](CN(C)Cc2ccc(cc2)C(F)(F)F)OCCCC[C@H](C)Oc3ccc(NC(=O)Nc4ccc(cc4)C(F)(F)F)cc3C1=O,NA
Input,BRD-K21709199-001-01-5,-0.21787511,InputSig,NA,NA,LINCSCP_60666,VCAP,5uM,6h,prostate,NA,NA,LMWGPKORGYIWNW-MCEYFSPLSA-N,"InChI=1S/C28H44N8O4/c1-21-17-35(22(2)19-37)27(38)6-5-11-36-25(16-29-31-36)20-40-26(21)18-33(4)28(39)30-23-7-9-24(10-8-23)34-14-12-32(3)13-15-34/h7-10,16,21-22,26,37H,5-6,11-15,17-20H2,1-4H3,(H,30,39)/t21-,22-,26-/m0/s1",22527,C[C@@H](CO)N1C[C@H](C)[C@H](CN(C)C(=O)Nc2ccc(cc2)N3CCN(C)CC3)OCc4cnnn4CCCC1=O,NA
Input,Loratadine,-0.21785945,InputSig,NA,NA,LINCSCP_26355,HT29,10uM,6h,large intestine,Histamine receptor antagonist,HRH1,JCCNYMKQOSZNPW-UHFFFAOYSA-N,"InChI=1S/C22H23ClN2O2/c1-2-27-22(26)25-12-9-15(10-13-25)20-19-8-7-18(23)14-17(19)6-5-16-4-3-11-24-21(16)20/h3-4,7-8,11,14H,2,5-6,9-10,12-13H2,1H3",16441,CCOC(=O)N1CCC(=C2c3ccc(Cl)cc3CCc4cccnc24)CC1,4
Input,BRD-K92573321,-0.21780311,InputSig,NA,NA,LINCSCP_61177,VCAP,5uM,6h,prostate,NA,NA,FNBLPFIHIJQMKK-YZZKKUAISA-N,"InChI=1S/C26H40N4O5/c1-16(2)27-26(33)28-20-10-11-22-21(12-20)25(32)29(5)14-23(34-6)17(3)13-30(18(4)15-35-22)24(31)19-8-7-9-19/h10-12,16-19,23H,7-9,13-15H2,1-6H3,(H2,27,28,33)/t17-,18+,23+/m0/s1",4682,CO[C@@H]1CN(C)C(=O)c2cc(NC(=O)NC(C)C)ccc2OC[C@@H](C)N(C[C@@H]1C)C(=O)C3CCC3,NA
Input,MLS002264388,-0.21779169,InputSig,NA,NA,LINCSCP_57705,VCAP,10uM,6h,prostate,NA,NA,DIBSYMDYKOPATM-UHFFFAOYSA-N,"InChI=1S/C26H29FN8O2/c1-25(2,3)34-21-18(10-30-34)23(36)32(14-28-21)12-16-8-7-9-17(20(16)27)13-33-15-29-22-19(24(33)37)11-31-35(22)26(4,5)6/h7-11,14-15H,12-13H2,1-6H3",36047,CC(C)(C)n1ncc2C(=O)N(Cc3cccc(CN4C=Nc5c(cnn5C(C)(C)C)C4=O)c3F)C=Nc12,NA
Input,Anacardic acid,-0.21771443,InputSig,NA,NA,LINCSCP_146927,NEU,10uM,24h,NA,Glyceraldehyde 3-phosphate dehydrogenase inhibitor,NA,ADFWQBGTDJIESE-UHFFFAOYSA-N,"InChI=1S/C22H36O3/c1-2-3-4-5-6-7-8-9-10-11-12-13-14-16-19-17-15-18-20(23)21(19)22(24)25/h15,17-18,23H,2-14,16H2,1H3,(H,24,25)",36709,CCCCCCCCCCCCCCCc1cccc(O)c1C(=O)O,NA
Input,SQ22536,-0.21767742,InputSig,NA,NA,LINCSCP_23005,HEPG2,10uM,6h,liver,Adenylyl cyclase inhibitor,ADCY1,UKHMZCMKHPHFOT-UHFFFAOYSA-N,"InChI=1S/C9H11N5O/c10-8-7-9(12-4-11-8)14(5-13-7)6-2-1-3-15-6/h4-6H,1-3H2,(H2,10,11,12)",35222,Nc1ncnc2c1ncn2C3CCCO3,NA
Input,Benzydamine,-0.21765218,InputSig,NA,NA,LINCSCP_118119,HT29,10uM,24h,large intestine,Prostanoid receptor antagonist,NA,CNBGNNVCVSKAQZ-UHFFFAOYSA-N,"InChI=1S/C19H23N3O/c1-21(2)13-8-14-23-19-17-11-6-7-12-18(17)22(20-19)15-16-9-4-3-5-10-16/h3-7,9-12H,8,13-15H2,1-2H3",32065,CN(C)CCCOc1nn(Cc2ccccc2)c3ccccc13,4
Input,BRD-K02987635,-0.21749265,InputSig,NA,NA,LINCSCP_297038,VCAP,5uM,6h,prostate,NA,NA,VLYSFBPSHIXFSY-BURCIIJTSA-N,"InChI=1S/C32H46N4O5/c1-22-18-36(23(2)21-37)31(38)17-25-16-27(34-32(39)33-26-8-6-5-7-9-26)12-15-29(25)41-30(22)20-35(3)19-24-10-13-28(40-4)14-11-24/h10-16,22-23,26,30,37H,5-9,17-21H2,1-4H3,(H2,33,34,39)/t22-,23+,30-/m0/s1",31769,COc1ccc(CN(C)C[C@@H]2Oc3ccc(NC(=O)NC4CCCCC4)cc3CC(=O)N(C[C@@H]2C)[C@H](C)CO)cc1,NA
Input,ZINC01037816,-0.217489,InputSig,NA,NA,LINCSCP_294839,VCAP,10uM,24h,prostate,NA,NA,LITOCZGWAIHTLM-UHFFFAOYSA-N,"InChI=1S/C21H21N3O2S2/c1-21(2)11-14-17(16(25)12-21)19(27-3)28-18(14)15-9-10-24(23-15)20(26)22-13-7-5-4-6-8-13/h4-10H,11-12H2,1-3H3,(H,22,26)",23166,CSc1sc(c2CC(C)(C)CC(=O)c12)c3ccn(n3)C(=O)Nc4ccccc4,NA
Input,MW-STK33-97,-0.21743353,InputSig,NA,NA,LINCSCP_42053,NOMO1,3uM,6h,haematopoietic and lymphoid tissue,NA,NA,KLOUDXWXLQTXME-LCYFTJDESA-N,"InChI=1S/C16H13N3O3S/c1-22-12-8-10(5-6-11(12)20)9-13-15(21)19-16(23-13)18-14-4-2-3-7-17-14/h2-9,20H,1H3,(H,17,18,19,21)/b13-9-",9815,COc1cc(\C=C\2/SC(=NC2=O)Nc3ccccn3)ccc1O,NA
Input,BRD-K98238711,-0.21735167,InputSig,NA,NA,LINCSCP_60452,VCAP,5uM,24h,prostate,NA,NA,KPXBVFREPGCPQF-RNHFSVANSA-N,"InChI=1S/C28H36N4O5/c1-18(2)11-12-21-13-22-26(29-14-21)37-25(19(3)15-32(27(22)34)20(4)17-33)16-31(5)28(35)30-23-9-7-8-10-24(23)36-6/h7-10,13-14,18-20,25,33H,15-17H2,1-6H3,(H,30,35)/t19-,20+,25+/m1/s1",73,COc1ccccc1NC(=O)N(C)C[C@@H]2Oc3ncc(cc3C(=O)N(C[C@H]2C)[C@@H](C)CO)C#CC(C)C,NA
Input,BRD-K18533094,-0.21730851,InputSig,NA,NA,LINCSCP_28069,HT29,5uM,24h,large intestine,NA,NA,LTPPVAHCAPZBBO-QQNWGBJXSA-N,"InChI=1S/C28H31N3O3/c32-19-25-28(23-12-10-21(11-13-23)9-8-20-5-2-1-3-6-20)24-17-30(18-27(34)31(24)25)26(33)15-22-7-4-14-29-16-22/h4,7,10-14,16,20,24-25,28,32H,1-3,5-6,15,17-19H2/t24-,25+,28+/m1/s1",12058,OC[C@H]1[C@H]([C@H]2CN(CC(=O)N12)C(=O)Cc3cccnc3)c4ccc(cc4)C#CC5CCCCC5,NA
Input,Taranabant,-0.21713594,InputSig,NA,NA,LINCSCP_92551,HA1E,0.12uM,24h,kidney epithelial,Cannabinoid CB1 receptor inverse agonist,CNR1,QLYKJCMUNUWAGO-GAJHUEQPSA-N,"InChI=1S/C27H25ClF3N3O2/c1-17(34-25(35)26(2,3)36-24-12-9-21(16-33-24)27(29,30)31)23(14-18-7-10-22(28)11-8-18)20-6-4-5-19(13-20)15-32/h4-13,16-17,23H,14H2,1-3H3,(H,34,35)/t17-,23+/m0/s1",27003,C[C@H](NC(=O)C(C)(C)Oc1ccc(cn1)C(F)(F)F)[C@@H](Cc2ccc(Cl)cc2)c3cccc(c3)C#N,3
Input,CHEMBL2140189,-0.21699905,InputSig,NA,NA,LINCSCP_65453,VCAP,10uM,6h,prostate,NA,NA,YDGJQJIVZCLABT-KAUPTSPVSA-N,"InChI=1S/C37H43N3O5S/c1-26-10-17-34(18-11-26)46(43,44)38-33-16-19-35-32(20-33)21-37(42)40(28(3)25-41)22-27(2)36(45-35)24-39(4)23-29-12-14-31(15-13-29)30-8-6-5-7-9-30/h5-20,27-28,36,38,41H,21-25H2,1-4H3/t27-,28-,36+/m0/s1",40135,C[C@@H](CO)N1C[C@H](C)[C@@H](CN(C)Cc2ccc(cc2)c3ccccc3)Oc4ccc(NS(=O)(=O)c5ccc(C)cc5)cc4CC1=O,NA
Input,MLS003448167,-0.21692723,InputSig,NA,NA,LINCSCP_19739,HCC515,10uM,6h,lung,NA,NA,PJCOHLDUAVDGLC-UHFFFAOYSA-N,"InChI=1S/C16H21N3O2/c1-4-17-14(20)9-10-15-18-16(19-21-15)13-7-5-12(6-8-13)11(2)3/h5-8,11H,4,9-10H2,1-3H3,(H,17,20)",22758,CCNC(=O)CCc1onc(n1)c2ccc(cc2)C(C)C,NA
Input,BRD-K81665681,-0.21692354,InputSig,NA,NA,LINCSCP_66171,VCAP,10uM,24h,prostate,NA,NA,VMFBELCAXNXFGD-JALBGMRZSA-N,"InChI=1S/C37H53N3O7/c1-25-20-40(26(2)23-41)37(43)31-19-30(38-36(42)29-11-6-5-7-12-29)14-16-32(31)47-27(3)10-8-9-17-44-35(25)22-39(4)21-28-13-15-33-34(18-28)46-24-45-33/h13-16,18-19,25-27,29,35,41H,5-12,17,20-24H2,1-4H3,(H,38,42)/t25-,26-,27+,35+/m0/s1",13676,C[C@@H](CO)N1C[C@H](C)[C@@H](CN(C)Cc2ccc3OCOc3c2)OCCCC[C@@H](C)Oc4ccc(NC(=O)C5CCCCC5)cc4C1=O,NA
Input,SB-216763,-0.21688787,InputSig,NA,NA,LINCSCP_43638,NPC,10uM,6h,neural progenitor cells,Glycogen synthase kinase inhibitor,GSK3B,JCSGFHVFHSKIJH-UHFFFAOYSA-N,"InChI=1S/C19H12Cl2N2O2/c1-23-9-13(11-4-2-3-5-15(11)23)17-16(18(24)22-19(17)25)12-7-6-10(20)8-14(12)21/h2-9H,1H3,(H,22,24,25)",37835,Cn1cc(C2=C(C(=O)NC2=O)c3ccc(Cl)cc3Cl)c4ccccc14,NA
Input,BRD-K85770991,-0.21684337,InputSig,NA,NA,LINCSCP_62696,VCAP,5uM,24h,prostate,NA,NA,PXUWSZVSXCWDJI-DJTDUFQSSA-N,"InChI=1S/C23H26F2N2O4/c1-27(2)15-4-6-20-17(8-15)18-9-16(30-21(12-28)23(18)31-20)10-22(29)26-11-13-7-14(24)3-5-19(13)25/h3-8,16,18,21,23,28H,9-12H2,1-2H3,(H,26,29)/t16-,18-,21-,23+/m0/s1",4430,CN(C)c1ccc2O[C@H]3[C@H](CO)O[C@H](CC(=O)NCc4cc(F)ccc4F)C[C@H]3c2c1,NA
Input,Chloroquine,-0.21629187,InputSig,NA,NA,LINCSCP_56520,VCAP,10uM,6h,prostate,Antimalarial agent,NA,WHTVZRBIWZFKQO-UHFFFAOYSA-N,"InChI=1S/C18H26ClN3/c1-4-22(5-2)12-6-7-14(3)21-17-10-11-20-18-13-15(19)8-9-16(17)18/h8-11,13-14H,4-7,12H2,1-3H3,(H,20,21)",23964,CCN(CC)CCCC(C)Nc1ccnc2cc(Cl)ccc12,4
Input,XUKUURHRXDUEBC-UHFFFAOYSA-N,-0.21627748,InputSig,NA,NA,LINCSCP_59444,VCAP,10uM,24h,prostate,HMGCR inhibitor,DPP4|HMGCR,XUKUURHRXDUEBC-UHFFFAOYSA-N,"InChI=1S/C33H35FN2O5/c1-21(2)31-30(33(41)35-25-11-7-4-8-12-25)29(22-9-5-3-6-10-22)32(23-13-15-24(34)16-14-23)36(31)18-17-26(37)19-27(38)20-28(39)40/h3-16,21,26-27,37-38H,17-20H2,1-2H3,(H,35,41)(H,39,40)",36210,CC(C)c1c(C(=O)Nc2ccccc2)c(c3ccccc3)c(c4ccc(F)cc4)n1CCC(O)CC(O)CC(=O)O,NA
Input,Fluocinonide,-0.21626815,InputSig,NA,NA,LINCSCP_16983,HA1E,10uM,6h,kidney epithelial,Glucocorticoid receptor agonist,NR3C1,WJOHZNCJWYWUJD-IUGZLZTKSA-N,"InChI=1S/C26H32F2O7/c1-13(29)33-12-20(32)26-21(34-22(2,3)35-26)10-15-16-9-18(27)17-8-14(30)6-7-23(17,4)25(16,28)19(31)11-24(15,26)5/h6-8,15-16,18-19,21,31H,9-12H2,1-5H3/t15-,16-,18-,19-,21+,23-,24-,25-,26+/m0/s1",38565,CC(=O)OCC(=O)[C@@]12OC(C)(C)O[C@@H]1C[C@H]3[C@@H]4C[C@H](F)C5=CC(=O)C=C[C@]5(C)[C@@]4(F)[C@@H](O)C[C@]23C,4
Input,CP-724714,-0.21620913,InputSig,NA,NA,LINCSCP_51457,SKBR3,10uM,24h,breast,EGFR inhibitor|Tyrosine kinase inhibitor,ERBB2,LLVZBTWPGQVVLW-SNAWJCMRSA-N,"InChI=1S/C27H27N5O3/c1-18-13-21(8-11-25(18)35-22-9-6-19(2)29-15-22)32-27-23-14-20(7-10-24(23)30-17-31-27)5-4-12-28-26(33)16-34-3/h4-11,13-15,17H,12,16H2,1-3H3,(H,28,33)(H,30,31,32)/b5-4+",17229,COCC(=O)NC\C=C\c1ccc2ncnc(Nc3ccc(Oc4ccc(C)nc4)c(C)c3)c2c1,2
Input,BRD-K27292311,-0.21619189,InputSig,NA,NA,LINCSCP_61207,VCAP,5uM,24h,prostate,NA,NA,PSXVKIUCJIMJLV-WJONJSRFSA-N,"InChI=1S/C23H30ClN3O5S/c1-15-12-25-16(2)14-32-21-11-18(26-33(29,30)19-7-5-6-17(24)10-19)8-9-20(21)23(28)27(3)13-22(15)31-4/h5-11,15-16,22,25-26H,12-14H2,1-4H3/t15-,16+,22+/m0/s1",2604,CO[C@@H]1CN(C)C(=O)c2ccc(NS(=O)(=O)c3cccc(Cl)c3)cc2OC[C@@H](C)NC[C@@H]1C,NA
Input,PI828,-0.2161451,InputSig,NA,NA,LINCSCP_55869,VCAP,10uM,6h,prostate,PI3K inhibitor,NA,WUKMIBOGGXMBAC-UHFFFAOYSA-N,"InChI=1S/C19H18N2O3/c20-14-6-4-13(5-7-14)15-2-1-3-16-17(22)12-18(24-19(15)16)21-8-10-23-11-9-21/h1-7,12H,8-11,20H2",25122,Nc1ccc(cc1)c2cccc3C(=O)C=C(Oc23)N4CCOCC4,NA
Input,Fingolimod (FTY720) HCl,-0.21608579,InputSig,NA,NA,LINCSCP_103937,HELA,10uM,24h,large intestine,Sphingosine 1-phosphate receptor agonist,S1PR1|S1PR2|S1PR3|S1PR4|S1PR5,KKGQTZUTZRNORY-UHFFFAOYSA-N,"InChI=1S/C19H33NO2/c1-2-3-4-5-6-7-8-17-9-11-18(12-10-17)13-14-19(20,15-21)16-22/h9-12,21-22H,2-8,13-16,20H2,1H3",26616,CCCCCCCCc1ccc(CCC(N)(CO)CO)cc1,4
Input,AM-92016,-0.21602829,InputSig,NA,NA,LINCSCP_33674,MCF7,10uM,6h,breast,Potassium channel blocker,NA,BQBSHJUQVIWEFM-UHFFFAOYSA-N,"InChI=1S/C19H24Cl2N2O4S/c1-23(10-9-14-3-8-18(20)19(21)11-14)12-16(24)13-27-17-6-4-15(5-7-17)22-28(2,25)26/h3-8,11,16,22,24H,9-10,12-13H2,1-2H3",15181,CN(CCc1ccc(Cl)c(Cl)c1)CC(O)COc2ccc(NS(=O)(=O)C)cc2,NA
Input,Orthothymotinic acid,-0.21599966,InputSig,NA,NA,LINCSCP_56081,VCAP,10uM,24h,prostate,NA,NA,FNWNGQGTFICQJU-UHFFFAOYSA-N,"InChI=1S/C11H14O3/c1-6(2)8-5-4-7(3)9(10(8)12)11(13)14/h4-6,12H,1-3H3,(H,13,14)",36179,CC(C)c1ccc(C)c(C(=O)O)c1O,NA
Input,Carvedilol,-0.21594596,InputSig,NA,NA,LINCSCP_238742,MCF7,10uM,24h,breast,Adrenergic receptor antagonist,ADRA1A|ADRA1B|ADRA1D|ADRB1|ADRB2|ADRB3,OGHNVEJMJSYVRP-UHFFFAOYSA-N,"InChI=1S/C24H26N2O4/c1-28-21-10-4-5-11-22(21)29-14-13-25-15-17(27)16-30-23-12-6-9-20-24(23)18-7-2-3-8-19(18)26-20/h2-12,17,25-27H,13-16H2,1H3",35326,COc1ccccc1OCCNCC(O)COc2cccc3[nH]c4ccccc4c23,4
Input,BRD-K03113036-001-01-9,-0.21584248,InputSig,NA,NA,LINCSCP_28722,HUH7,3uM,24h,liver,NA,NA,UWMJOJNRDSZDAZ-SZIVOMCLSA-N,"InChI=1S/C34H36F2N4O5/c1-39-29-11-9-25(17-32(41)37-24-13-14-40(19-24)18-21-5-3-2-4-6-21)45-31(29)20-44-30-12-8-23(16-26(30)34(39)43)38-33(42)22-7-10-27(35)28(36)15-22/h2-8,10,12,15-16,24-25,29,31H,9,11,13-14,17-20H2,1H3,(H,37,41)(H,38,42)/t24-,25-,29-,31-/m1/s1",23500,CN1[C@@H]2CC[C@H](CC(=O)N[C@@H]3CCN(Cc4ccccc4)C3)O[C@@H]2COc5ccc(NC(=O)c6ccc(F)c(F)c6)cc5C1=O,NA
Input,BRD-K85642378,-0.2157918,InputSig,NA,NA,LINCSCP_66176,VCAP,10uM,24h,prostate,NA,NA,YKADZYQVAJPHMU-HTWTXTHPSA-N,"InChI=1S/C36H55N3O6S/c1-26-14-17-32(18-15-26)46(42,43)37-31-16-19-34-33(21-31)36(41)39(28(3)25-40)22-27(2)35(44-20-10-9-11-29(4)45-34)24-38(5)23-30-12-7-6-8-13-30/h14-19,21,27-30,35,37,40H,6-13,20,22-25H2,1-5H3/t27-,28-,29+,35-/m0/s1",33899,C[C@@H](CO)N1C[C@H](C)[C@H](CN(C)CC2CCCCC2)OCCCC[C@@H](C)Oc3ccc(NS(=O)(=O)c4ccc(C)cc4)cc3C1=O,NA
Input,CHEMBL2355554,-0.2157625,InputSig,NA,NA,LINCSCP_50350,PHH,3uM,24h,NA,NA,NA,COTLGVLRTBZUTQ-KHMDJKJYSA-N,"InChI=1S/C34H34N4O6/c1-21-16-28(37-44-21)33(40)36-25-12-15-30-27(17-25)34(41)38(2)29-14-13-26(43-31(29)20-42-30)18-32(39)35-19-22-8-10-24(11-9-22)23-6-4-3-5-7-23/h3-12,15-17,26,29,31H,13-14,18-20H2,1-2H3,(H,35,39)(H,36,40)/t26-,29-,31+/m1/s1",36825,CN1[C@@H]2CC[C@H](CC(=O)NCc3ccc(cc3)c4ccccc4)O[C@H]2COc5ccc(NC(=O)c6cc(C)on6)cc5C1=O,NA
Input,Calcitriol,-0.21573267,InputSig,NA,NA,LINCSCP_286543,SNGM,1uM,6h,endometrium,Vitamin D receptor agonist,VDR,GMRQFYUYWCNGIN-WEARQXOYSA-N,"InChI=1S/C27H44O3/c1-18(8-6-14-26(3,4)30)23-12-13-24-20(9-7-15-27(23,24)5)10-11-21-16-22(28)17-25(29)19(21)2/h10-11,18,22-25,28-30H,2,6-9,12-17H2,1,3-5H3/b20-10+,21-11-/t18-,22-,23+,24+,25+,27-/m1/s1",27150,C[C@H](CCCC(C)(C)O)[C@@H]1CC[C@H]2\C(=C\C=C/3\C[C@@H](O)C[C@H](O)C3=C)\CCC[C@]12C,NA
Input,Calcitriol,-0.21573267,InputSig,NA,NA,LINCSCP_286543,SNGM,1uM,6h,endometrium,Vitamin D receptor agonist,VDR,GMRQFYUYWCNGIN-NKMMMXOESA-N,"InChI=1S/C27H44O3/c1-18(8-6-14-26(3,4)30)23-12-13-24-20(9-7-15-27(23,24)5)10-11-21-16-22(28)17-25(29)19(21)2/h10-11,18,22-25,28-30H,2,6-9,12-17H2,1,3-5H3/b20-10+,21-11-/t18-,22-,23-,24+,25+,27-/m1/s1",37953,C[C@H](CCCC(C)(C)O)[C@H]1CC[C@H]2\C(=C\C=C/3\C[C@@H](O)C[C@H](O)C3=C)\CCC[C@]12C,4
Input,CHEMBL34095,-0.2153809,InputSig,NA,NA,LINCSCP_14287,HA1E,10uM,6h,kidney epithelial,NA,NA,KKZGFVAZUKHFAC-MRXNPFEDSA-N,"InChI=1S/C19H20BrNO2/c1-2-9-21-10-8-14-15(11-17(22)19(23)18(14)20)16(12-21)13-6-4-3-5-7-13/h2-7,11,16,22-23H,1,8-10,12H2/t16-/m1/s1",35902,Oc1cc2[C@H](CN(CC=C)CCc2c(Br)c1O)c3ccccc3,NA
Input,AC1NZGSN,-0.21532263,InputSig,NA,NA,LINCSCP_6122,A549,10uM,6h,lung,NA,NA,FEIVAVGJDLYRJL-ATVHPVEESA-N,"InChI=1S/C13H15ClN6O/c14-11-5-3-10(4-6-11)12(17-21)9-20-16-13(15-18-20)19-7-1-2-8-19/h3-6,21H,1-2,7-9H2/b17-12-",23737,ON=C(Cn1nnc(n1)N2CCCC2)c3ccc(Cl)cc3,NA
Input,Lenalidomide,-0.21531933,InputSig,NA,NA,LINCSCP_234666,LOVO,100uM,6h,intestine,Anticancer agent,CRBN|CUL4A|DDB1|RBX1|TNF,GOTYRUGSSMKFNF-UHFFFAOYSA-N,"InChI=1S/C13H13N3O3/c14-9-3-1-2-7-8(9)6-16(13(7)19)10-4-5-11(17)15-12(10)18/h1-3,10H,4-6,14H2,(H,15,17,18)",16511,Nc1cccc2C(=O)N(Cc12)C3CCC(=O)NC3=O,4
Input,BRD-K26507936,-0.215303,InputSig,NA,NA,LINCSCP_60858,VCAP,5uM,24h,prostate,NA,NA,ZXQGUZCJBQNBQR-KABRZNFWSA-N,"InChI=1S/C29H32F2N6O5/c1-17-14-37(28(39)24-13-32-9-10-33-24)18(2)16-42-25-12-20(6-7-21(25)27(38)36(3)15-26(17)41-4)34-29(40)35-23-11-19(30)5-8-22(23)31/h5-13,17-18,26H,14-16H2,1-4H3,(H2,34,35,40)/t17-,18-,26+/m1/s1",24167,CO[C@H]1CN(C)C(=O)c2ccc(NC(=O)Nc3cc(F)ccc3F)cc2OC[C@@H](C)N(C[C@H]1C)C(=O)c4cnccn4,NA
Input,Cidoxepin,-0.21522652,InputSig,NA,NA,LINCSCP_171268,YAPC,10uM,24h,pancreas,Histamine receptor antagonist,HRH1|HRH2|SLC6A2|SLC6A4,ODQWQRRAPPTVAG-BOPFTXTBSA-N,"InChI=1S/C19H21NO/c1-20(2)13-7-11-17-16-9-4-3-8-15(16)14-21-19-12-6-5-10-18(17)19/h3-6,8-12H,7,13-14H2,1-2H3/b17-11-",17158,CN(C)CC\C=C/1\c2ccccc2COc3ccccc13,NA
Input,SRT-1720,-0.21518262,InputSig,NA,NA,LINCSCP_29354,LOVO,10uM,6h,intestine,SIRT activator,SIRT1,GXDSSUIUJKSVED-UHFFFAOYSA-N,"InChI=1S/C27H25N7O/c35-27(25-16-29-21-5-1-2-6-22(21)31-25)30-20-14-18(17-34-11-9-28-10-12-34)13-19(15-20)26-32-23-7-3-4-8-24(23)33-26/h1-8,13-16,28H,9-12,17H2,(H,30,35)(H,32,33)",14127,O=C(Nc1cc(CN2CCNCC2)cc(c1)c3nc4ccccc4[nH]3)c5cnc6ccccc6n5,NA
Input,Molindone,-0.21512551,InputSig,NA,NA,LINCSCP_140600,MCF7,0.37uM,24h,breast,Dopamine receptor antagonist,DRD2|HTR2A,KLPWJLBORRMFGK-UHFFFAOYSA-N,"InChI=1S/C16H24N2O2/c1-3-13-11(2)17-14-5-4-12(16(19)15(13)14)10-18-6-8-20-9-7-18/h12,17H,3-10H2,1-2H3",35403,CCc1c(C)[nH]c2CCC(CN3CCOCC3)C(=O)c12,4
Input,Pyroxamide,-0.21499573,InputSig,NA,NA,LINCSCP_6239,A549,10uM,6h,lung,HDAC inhibitor,NA,PTJGLFIIZFVFJV-UHFFFAOYSA-N,"InChI=1S/C13H19N3O3/c17-12(15-11-6-5-9-14-10-11)7-3-1-2-4-8-13(18)16-19/h5-6,9-10,19H,1-4,7-8H2,(H,15,17)(H,16,18)",16122,ONC(=O)CCCCCCC(=O)Nc1cccnc1,NA
Input,BRD-K54756845,-0.21497069,InputSig,NA,NA,LINCSCP_312486,VCAP,10uM,24h,prostate,NA,NA,YKADZYQVAJPHMU-XMUPGDTHSA-N,"InChI=1S/C36H55N3O6S/c1-26-14-17-32(18-15-26)46(42,43)37-31-16-19-34-33(21-31)36(41)39(28(3)25-40)22-27(2)35(44-20-10-9-11-29(4)45-34)24-38(5)23-30-12-7-6-8-13-30/h14-19,21,27-30,35,37,40H,6-13,20,22-25H2,1-5H3/t27-,28+,29-,35+/m1/s1",33082,C[C@@H](CO)N1C[C@@H](C)[C@H](CN(C)CC2CCCCC2)OCCCC[C@@H](C)Oc3ccc(NS(=O)(=O)c4ccc(C)cc4)cc3C1=O,NA
Input,CHEMBL2354467,-0.21474755,InputSig,NA,NA,LINCSCP_28132,HT29,5uM,24h,large intestine,NA,NA,HCLVZZGDPKTERY-QHCPKHFHSA-N,"InChI=1S/C28H32N4O3/c1-31-24-15-21(34-2)8-9-22(24)26-27(31)23(17-33)29-18-28(26)10-12-32(13-11-28)16-20-14-25(35-30-20)19-6-4-3-5-7-19/h3-9,14-15,23,29,33H,10-13,16-18H2,1-2H3/t23-/m0/s1",19776,COc1ccc2c3c([C@H](CO)NCC34CCN(Cc5cc(on5)c6ccccc6)CC4)n(C)c2c1,NA
Input,MLS002703117,-0.21463294,InputSig,NA,NA,LINCSCP_269528,PC3,10uM,6h,prostate,NA,NA,AVTBQIDXNQGEAD-UHFFFAOYSA-N,"InChI=1S/C22H26BrClN6S/c23-18-6-9-21(28-13-18)30(15-17-4-7-19(24)8-5-17)12-2-11-27-22(31)26-10-1-3-20-14-25-16-29-20/h4-9,13-14,16H,1-3,10-12,15H2,(H,25,29)(H2,26,27,31)",36064,Clc1ccc(CN(CCCNC(=S)NCCCc2c[nH]cn2)c3ccc(Br)cn3)cc1,NA
Input,BRD-K47342144-019-01-3,-0.21461738,InputSig,NA,NA,LINCSCP_65157,VCAP,10uM,6h,prostate,NA,NA,MMNQAUQQDWQNRV-IQCGEYIDSA-N,"InChI=1S/C27H28FN3O/c1-30(2)27(32)21-8-5-7-20(14-21)18-10-12-19(13-11-18)26-24-16-31(17-25(26)29-24)15-22-6-3-4-9-23(22)28/h3-14,24-26,29H,15-17H2,1-2H3/t24-,25+,26?",31547,CN(C)C(=O)c1cccc(c1)c2ccc(cc2)[C@H]3[C@@H]4CN(Cc5ccccc5F)C[C@H]3N4,NA
Input,BSPBIO_000981,-0.2145267,InputSig,NA,NA,LINCSCP_58569,VCAP,10uM,24h,prostate,Actin polymerization inhibitor,ACTA1,SDZRWUKZFQQKKV-IBUWGYDRSA-N,"InChI=1S/C30H37NO6/c1-17-10-9-13-22-26(33)19(3)18(2)25-23(16-21-11-7-6-8-12-21)31-28(35)30(22,25)24(37-20(4)32)14-15-29(5,36)27(17)34/h6-9,11-15,17-18,22-26,33,36H,3,10,16H2,1-2,4-5H3,(H,31,35)/b13-9+,15-14+/t17-,18+,22-,23-,24+,25-,26+,29-,30+/m0/s1",17666,C[C@H]1C\C=C\[C@H]2[C@H](O)C(=C)[C@@H](C)[C@H]3[C@H](Cc4ccccc4)NC(=O)[C@@]23[C@H](OC(=O)C)\C=C\[C@](C)(O)C1=O,NA
Input,Bongkrekic acid,-0.21448677,InputSig,NA,NA,LINCSCP_191897,A549,10uM,6h,lung,"Mitochondrial ADP, ATP translocase inhibitor",SLC25A4,SHCXABJSXUACKU-IPUKGTGASA-N,"InChI=1S/C28H38O7/c1-21(15-18-24(19-26(29)30)20-27(31)32)13-11-9-7-5-6-8-10-12-14-25(35-4)22(2)16-17-23(3)28(33)34/h6,8-12,15-19,21,25H,5,7,13-14,20H2,1-4H3,(H,29,30)(H,31,32)(H,33,34)/b8-6+,11-9-,12-10+,18-15-,22-16-,23-17+,24-19+",5088,COC(C\C=C\C=C\CC\C=C/CC(C)\C=C/C(=C\C(=O)O)/CC(=O)O)\C(=C/C=C(\C)/C(=O)O)\C,NA
Input,MLS000925170,-0.21429572,InputSig,NA,NA,LINCSCP_17000,HA1E,10uM,6h,kidney epithelial,NA,NA,PEWAQZDJVNVKEB-UHFFFAOYSA-N,"InChI=1S/C26H27FN2O3S/c1-31-22-8-9-24(32-2)19(15-22)11-12-28-26(30)20-5-10-25-23(16-20)29(13-14-33-25)17-18-3-6-21(27)7-4-18/h3-10,15-16H,11-14,17H2,1-2H3,(H,28,30)",18340,COc1ccc(OC)c(CCNC(=O)c2ccc3SCCN(Cc4ccc(F)cc4)c3c2)c1,NA
Input,Remoxipride,-0.21422848,InputSig,NA,NA,LINCSCP_273358,PC3,10uM,24h,prostate,Dopamine receptor antagonist,DRD2,GUJRSXAPGDDABA-NSHDSACASA-N,"InChI=1S/C16H23BrN2O3/c1-4-19-9-5-6-11(19)10-18-16(20)14-13(21-2)8-7-12(17)15(14)22-3/h7-8,11H,4-6,9-10H2,1-3H3,(H,18,20)/t11-/m0/s1",15730,CCN1CCC[C@H]1CNC(=O)c2c(OC)ccc(Br)c2OC,4
Input,MLS002474082,-0.21422023,InputSig,NA,NA,LINCSCP_59272,VCAP,10uM,24h,prostate,NA,NA,PEHWLDDZWQGNOT-ASHZAFPQSA-N,"InChI=1S/C30H33F3N4O6S/c1-19-16-37(20(2)18-38)28(39)25-15-23(35-29(40)34-22-11-9-21(10-12-22)30(31,32)33)13-14-26(25)43-27(19)17-36(3)44(41,42)24-7-5-4-6-8-24/h4-15,19-20,27,38H,16-18H2,1-3H3,(H2,34,35,40)/t19-,20+,27+/m0/s1",16604,C[C@H](CO)N1C[C@H](C)[C@@H](CN(C)S(=O)(=O)c2ccccc2)Oc3ccc(NC(=O)Nc4ccc(cc4)C(F)(F)F)cc3C1=O,NA
Input,BRD-K51287451,-0.21421249,InputSig,NA,NA,LINCSCP_62667,VCAP,5uM,24h,prostate,NA,NA,WERZBRNJFLNQTM-HTMHUVIFSA-N,"InChI=1S/C30H30N2O7/c33-16-27-29-23(14-21(38-27)15-28(34)31-11-10-18-4-2-1-3-5-18)22-13-20(7-9-24(22)39-29)32-30(35)19-6-8-25-26(12-19)37-17-36-25/h1-9,12-13,21,23,27,29,33H,10-11,14-17H2,(H,31,34)(H,32,35)/t21-,23+,27+,29-/m0/s1",24748,OC[C@H]1O[C@H](CC(=O)NCCc2ccccc2)C[C@H]3[C@@H]1Oc4ccc(NC(=O)c5ccc6OCOc6c5)cc34,NA
Input,CHEMBL3187513,-0.21419116,InputSig,NA,NA,LINCSCP_61124,VCAP,5uM,6h,prostate,NA,NA,HAJBOXZNCGYLAF-CJYOKPGZSA-N,"InChI=1S/C30H35N3O4/c1-20-17-31-21(2)19-37-27-16-25(14-15-26(27)30(35)33(3)18-28(20)36-4)32-29(34)24-12-10-23(11-13-24)22-8-6-5-7-9-22/h5-16,20-21,28,31H,17-19H2,1-4H3,(H,32,34)/t20-,21-,28+/m1/s1",37440,CO[C@H]1CN(C)C(=O)c2ccc(NC(=O)c3ccc(cc3)c4ccccc4)cc2OC[C@@H](C)NC[C@H]1C,NA
Input,"3-Hydroxy-4,5-dimethoxybenzoic acid",-0.21416827,InputSig,NA,NA,LINCSCP_41172,NEU,10uM,24h,NA,NA,NA,WFIBQVFJXGQICQ-UHFFFAOYSA-N,"InChI=1S/C9H10O5/c1-13-7-4-5(9(11)12)3-6(10)8(7)14-2/h3-4,10H,1-2H3,(H,11,12)",39930,COc1cc(cc(O)c1OC)C(=O)O,NA
Input,Axitinib,-0.2140524,InputSig,NA,NA,LINCSCP_58723,VCAP,10uM,6h,prostate,PDGFR tyrosine kinase receptor inhibitor|VEGFR inhibitor,FLT1|FLT4|KDR,RITAVMQDGBJQJZ-FMIVXFBMSA-N,"InChI=1S/C22H18N4OS/c1-23-22(27)18-7-2-3-8-21(18)28-16-10-11-17-19(25-26-20(17)14-16)12-9-15-6-4-5-13-24-15/h2-14H,1H3,(H,23,27)(H,25,26)/b12-9+",5369,CNC(=O)c1ccccc1Sc2ccc3c(\C=C\c4ccccn4)n[nH]c3c2,4
Input,Benzonatate,-0.21379523,InputSig,NA,NA,LINCSCP_11344,ASC,10uM,24h,adipose,Local anesthetic,SCN5A,MAFMQEKGGFWBAB-UHFFFAOYSA-N,"InChI=1S/C30H53NO11/c1-3-4-9-31-29-7-5-28(6-8-29)30(32)42-27-26-41-25-24-40-23-22-39-21-20-38-19-18-37-17-16-36-15-14-35-13-12-34-11-10-33-2/h5-8,31H,3-4,9-27H2,1-2H3",36137,CCCCNc1ccc(cc1)C(=O)OCCOCCOCCOCCOCCOCCOCCOCCOCCOC,4
Input,MLS000080519,-0.21376741,InputSig,NA,NA,LINCSCP_57395,VCAP,10uM,6h,prostate,NA,NA,HDLQKEKTQTTWGA-UHFFFAOYSA-N,"InChI=1S/C20H19N3O4S/c1-3-10-23-19(14-6-4-5-7-18(14)27-2)21-22-20(23)28-12-17(26)13-8-9-15(24)16(25)11-13/h3-9,11,24-25H,1,10,12H2,2H3",15490,COc1ccccc1c2nnc(SCC(=O)c3ccc(O)c(O)c3)n2CC=C,NA
Input,KU-C104137,-0.21371272,InputSig,NA,NA,LINCSCP_19685,HCC515,10uM,6h,lung,NA,NA,MMAGAWGNOCQTNT-UHFFFAOYSA-N,"InChI=1S/C23H23N5O2/c1-16-3-5-18(6-4-16)20-14-21-24-17(2)13-22(28(21)25-20)26-8-10-27(11-9-26)23(29)19-7-12-30-15-19/h3-7,12-15H,8-11H2,1-2H3",24486,Cc1ccc(cc1)c2cc3nc(C)cc(N4CCN(CC4)C(=O)c5cocc5)n3n2,NA
Input,SCHEMBL15556278,-0.21370429,InputSig,NA,NA,LINCSCP_152460,PC3,0.04uM,24h,prostate,Ephrin inhibitor,DDR1,IYUFHBXMTTXZBE-UHFFFAOYSA-N,"InChI=1S/C23H18F3N5O3/c1-13-3-4-17(10-19(13)30-22(33)20-5-6-28-34-20)29-21(32)15-7-16(23(24,25)26)9-18(8-15)31-11-14(2)27-12-31/h3-12H,1-2H3,(H,29,32)(H,30,33)",24692,Cc1cn(cn1)c2cc(cc(c2)C(F)(F)F)C(=O)Nc3ccc(C)c(NC(=O)c4oncc4)c3,NA
Input,PK04_181167,-0.21357524,InputSig,NA,NA,LINCSCP_295182,VCAP,10uM,6h,prostate,NA,NA,BSOCYPJRZOKXMA-YSKXDDPOSA-N,"InChI=1S/C24H21ClN2O6/c25-15-7-4-8-16(14(15)12-28)27-20(21(29)26-11-13-5-2-1-3-6-13)24-10-9-17(33-24)18(23(31)32)19(24)22(27)30/h1-10,17-20,28H,11-12H2,(H,26,29)(H,31,32)/t17-,18+,19+,20-,24+/m0/s1",31619,OCc1c(Cl)cccc1N2[C@@H](C(=O)NCc3ccccc3)[C@@]45O[C@@H](C=C4)[C@H]([C@@H]5C2=O)C(=O)O,NA
Input,BRD-K66805710,-0.21357034,InputSig,NA,NA,LINCSCP_309917,VCAP,30uM,6h,prostate,NA,NA,OPCOPDBCCFUTHV-FJRSXGRASA-N,"InChI=1S/C31H47N3O4/c1-23-19-34(24(2)22-35)31(36)28-18-27(32(4)5)15-16-29(28)38-25(3)12-10-11-17-37-30(23)21-33(6)20-26-13-8-7-9-14-26/h7-9,13-16,18,23-25,30,35H,10-12,17,19-22H2,1-6H3/t23-,24+,25-,30-/m1/s1",9349,C[C@@H](CO)N1C[C@@H](C)[C@@H](CN(C)Cc2ccccc2)OCCCC[C@@H](C)Oc3ccc(cc3C1=O)N(C)C,NA
Input,GSK 3BETA Inhibitor VIII,-0.2135059,InputSig,NA,NA,LINCSCP_42776,NPC,10uM,24h,neural progenitor cells,Glycogen synthase kinase inhibitor,GSK3B,YAEMHJKFIIIULI-UHFFFAOYSA-N,"InChI=1S/C12H12N4O4S/c1-20-9-4-2-8(3-5-9)6-13-11(17)15-12-14-7-10(21-12)16(18)19/h2-5,7H,6H2,1H3,(H2,13,14,15,17)",11412,COc1ccc(CNC(=O)Nc2ncc(s2)[N+](=O)[O-])cc1,NA
Input,Dasb,-0.21350442,InputSig,NA,NA,LINCSCP_207046,FIBRNPC,10uM,24h,NA,Serotonin transporter (SERT) ligand,NA,ISSGCGBRAJLRIY-UHFFFAOYSA-N,"InChI=1S/C16H17N3S/c1-18-13-8-9-16(14(17)10-13)20-15-7-5-4-6-12(15)11-19(2)3/h4-10H,11,17H2,2-3H3",11489,CN(C)Cc1ccccc1Sc2ccc(cc2N)[N+]#[C-],NA
Input,VU0447126-2,-0.2135016,InputSig,NA,NA,LINCSCP_5352,A549,10uM,24h,lung,NA,NA,IDQTVKSYFJYROY-UHFFFAOYSA-N,"InChI=1S/C16H21NO/c1-10-3-6-15(11(2)7-10)17-16(18)14-9-12-4-5-13(14)8-12/h3,6-7,12-14H,4-5,8-9H2,1-2H3,(H,17,18)",12288,Cc1ccc(NC(=O)C2CC3CCC2C3)c(C)c1,NA
Input,BRD-K85822033,-0.21343668,InputSig,NA,NA,LINCSCP_24150,HL60,1uM,24h,haematopoietic and lymphoid tissue,NA,NA,KYQJFRYOHIIHQX-UHFFFAOYSA-N,"InChI=1S/C15H12ClFN2O/c1-10-3-2-6-19-8-12(18-15(10)19)9-20-14-5-4-11(17)7-13(14)16/h2-8H,9H2,1H3",26511,Cc1cccn2cc(COc3ccc(F)cc3Cl)nc12,NA
Input,ZSTK 474,-0.21341742,InputSig,NA,NA,LINCSCP_116777,HT29,1.11uM,24h,large intestine,PI3K inhibitor,PIK3CG,HGVNLRPZOWWDKD-UHFFFAOYSA-N,"InChI=1S/C19H21F2N7O2/c20-15(21)16-22-13-3-1-2-4-14(13)28(16)19-24-17(26-5-9-29-10-6-26)23-18(25-19)27-7-11-30-12-8-27/h1-4,15H,5-12H2",15126,FC(F)c1nc2ccccc2n1c3nc(nc(n3)N4CCOCC4)N5CCOCC5,NA
Input,Epigalocatechin Gallate,-0.21336643,InputSig,NA,NA,LINCSCP_84584,ASC,10uM,24h,adipose,Bacterial DNA gyrase inhibitor,FASN,WMBWREPUVVBILR-WIYYLYMNSA-N,"InChI=1S/C22H18O11/c23-10-5-12(24)11-7-18(33-22(31)9-3-15(27)20(30)16(28)4-9)21(32-17(11)6-10)8-1-13(25)19(29)14(26)2-8/h1-6,18,21,23-30H,7H2/t18-,21-/m1/s1",36497,Oc1cc(O)c2C[C@@H](OC(=O)c3cc(O)c(O)c(O)c3)[C@H](Oc2c1)c4cc(O)c(O)c(O)c4,NA
Input,"5-Bromo-n-(6-butyl-1,3-benzothiazol-2-yl)furan-2-carboxamide",-0.21330984,InputSig,NA,NA,LINCSCP_177817,A375,10uM,24h,skin,NA,NA,VZEYKHUSXMMBQZ-UHFFFAOYSA-N,"InChI=1S/C16H15BrN2O2S/c1-2-3-4-10-5-6-11-13(9-10)22-16(18-11)19-15(20)12-7-8-14(17)21-12/h5-9H,2-4H2,1H3,(H,18,19,20)",15572,CCCCc1ccc2nc(NC(=O)c3oc(Br)cc3)sc2c1,NA
Input,Clarithromycin,-0.21313548,InputSig,NA,NA,LINCSCP_71526,A375,0.12uM,24h,skin,Bacterial 70S ribosome inhibitor,NA,AGOYDEPGAOXOCK-KCBOHYOISA-N,"InChI=1S/C38H69NO13/c1-15-26-38(10,45)31(42)21(4)28(40)19(2)17-37(9,47-14)33(52-35-29(41)25(39(11)12)16-20(3)48-35)22(5)30(23(6)34(44)50-26)51-27-18-36(8,46-13)32(43)24(7)49-27/h19-27,29-33,35,41-43,45H,15-18H2,1-14H3/t19-,20-,21+,22+,23-,24+,25+,26-,27+,29-,30+,31-,32+,33-,35+,36-,37-,38-/m1/s1",36481,CC[C@H]1OC(=O)[C@H](C)[C@@H](O[C@H]2C[C@@](C)(OC)[C@@H](O)[C@H](C)O2)[C@H](C)[C@@H](O[C@@H]3O[C@H](C)C[C@@H]([C@H]3O)N(C)C)[C@@](C)(C[C@@H](C)C(=O)[C@H](C)[C@@H](O)[C@]1(C)O)OC,4
Input,SCH-23390,-0.21308535,InputSig,NA,NA,LINCSCP_252238,MCF7,3uM,24h,breast,Dopamine receptor antagonist,DRD1|DRD5|HTR2C,GOTMKOSCLKVOGG-OAHLLOKOSA-N,"InChI=1S/C17H18ClNO/c1-19-8-7-13-9-16(18)17(20)10-14(13)15(11-19)12-5-3-2-4-6-12/h2-6,9-10,15,20H,7-8,11H2,1H3/t15-/m1/s1",15673,CN1CCc2cc(Cl)c(O)cc2[C@H](C1)c3ccccc3,NA
Input,Ubenimex,-0.21306476,InputSig,NA,NA,LINCSCP_139338,MCF7,10uM,24h,breast,Leukotriene inhibitor,LTA4H|RNPEP,VGGGPCQERPFHOB-RDBSUJKOSA-N,"InChI=1S/C16H24N2O4/c1-10(2)8-13(16(21)22)18-15(20)14(19)12(17)9-11-6-4-3-5-7-11/h3-7,10,12-14,19H,8-9,17H2,1-2H3,(H,18,20)(H,21,22)/t12-,13+,14+/m1/s1",15774,CC(C)C[C@H](NC(=O)[C@@H](O)[C@H](N)Cc1ccccc1)C(=O)O,2
Input,BRD-K30611309,-0.21297947,InputSig,NA,NA,LINCSCP_64646,VCAP,10uM,24h,prostate,NA,NA,BBRSVMSGZNDGOR-XSWJXKHESA-N,"InChI=1S/C19H28N2O5S/c1-13-11-21(14(2)12-22)27(24,25)19-8-7-16(6-5-15(3)23)9-17(19)26-18(13)10-20-4/h7-9,13-15,18,20,22-23H,10-12H2,1-4H3/t13-,14-,15-,18-/m0/s1",12361,CNC[C@@H]1Oc2cc(ccc2S(=O)(=O)N(C[C@@H]1C)[C@@H](C)CO)C#C[C@H](C)O,NA
Input,R-N-Propylnorapomorphine,-0.21295779,InputSig,NA,NA,LINCSCP_227419,HT29,10uM,6h,large intestine,Dopamine receptor agonist,DRD1|DRD2,BTGAJCKRXPNBFI-OAHLLOKOSA-N,"InChI=1S/C19H21NO2/c1-2-9-20-10-8-12-4-3-5-14-17(12)15(20)11-13-6-7-16(21)19(22)18(13)14/h3-7,15,21-22H,2,8-11H2,1H3/t15-/m1/s1",35548,CCCN1CCc2cccc3c2[C@H]1Cc4ccc(O)c(O)c34,NA
Input,Mebeverine,-0.2129466,InputSig,NA,NA,LINCSCP_14806,HA1E,10uM,6h,kidney epithelial,Acetylcholine receptor antagonist,CHRM1,VYVKHNNGDFVQGA-UHFFFAOYSA-N,"InChI=1S/C25H35NO5/c1-6-26(19(2)17-20-9-12-22(28-3)13-10-20)15-7-8-16-31-25(27)21-11-14-23(29-4)24(18-21)30-5/h9-14,18-19H,6-8,15-17H2,1-5H3",35321,CCN(CCCCOC(=O)c1ccc(OC)c(OC)c1)C(C)Cc2ccc(OC)cc2,4
Input,Brexpiprazole,-0.21278738,InputSig,NA,NA,LINCSCP_170370,YAPC,10uM,24h,pancreas,Dopamine D2 receptor partial agonist|Serotonin 1a (5-HT1a) receptor partial agonist (Serotonin 1a|Serotonin 2a (5-HT2a) receptor antagonist (Serotonin 2a,DRD2|HTR1A|HTR2A,ZKIAIYBUSXZPLP-UHFFFAOYSA-N,"InChI=1S/C25H27N3O2S/c29-25-9-7-19-6-8-20(18-22(19)26-25)30-16-2-1-11-27-12-14-28(15-13-27)23-4-3-5-24-21(23)10-17-31-24/h3-10,17-18H,1-2,11-16H2,(H,26,29)",26990,O=C1Nc2cc(OCCCCN3CCN(CC3)c4cccc5sccc45)ccc2C=C1,4
Input,BRD-K12450081,-0.21272132,InputSig,NA,NA,LINCSCP_309859,VCAP,30uM,6h,prostate,NA,NA,XNWPWURMKBHVTJ-VXLXPWSCSA-N,"InChI=1S/C31H38F3N5O5/c1-18-14-39(19(2)17-40)28(41)13-23-12-25(35-30(42)36-29-20(3)37-44-21(29)4)10-11-26(23)43-27(18)16-38(5)15-22-6-8-24(9-7-22)31(32,33)34/h6-12,18-19,27,40H,13-17H2,1-5H3,(H2,35,36,42)/t18-,19+,27-/m1/s1",11893,C[C@@H](CO)N1C[C@@H](C)[C@@H](CN(C)Cc2ccc(cc2)C(F)(F)F)Oc3ccc(NC(=O)Nc4c(C)onc4C)cc3CC1=O,NA
Input,Daidzein,-0.21266289,InputSig,NA,NA,LINCSCP_312,A375,10uM,24h,skin,Estrogen receptor agonist,NA,ZQSIJRDFPHDXIC-UHFFFAOYSA-N,"InChI=1S/C15H10O4/c16-10-3-1-9(2-4-10)13-8-19-14-7-11(17)5-6-12(14)15(13)18/h1-8,16-17H",22749,Oc1ccc(cc1)C2=COc3cc(O)ccc3C2=O,NA
Input,BMS-777607,-0.21265948,InputSig,NA,NA,LINCSCP_84244,ASC,10uM,24h,adipose,AXL kinase inhibitor|C-Met inhibitor|FLT3 inhibitor|Hepatocyte growth factor receptor inhibitor|Macrophage inhibitor|Tyrosine kinase inhibitor,AXL|MERTK|MET|MST1R|TYRO3,VNBRGSXVFBYQNN-UHFFFAOYSA-N,"InChI=1S/C25H19ClF2N4O4/c1-2-35-19-10-12-32(16-6-3-14(27)4-7-16)25(34)21(19)24(33)31-15-5-8-18(17(28)13-15)36-20-9-11-30-23(29)22(20)26/h3-13H,2H2,1H3,(H2,29,30)(H,31,33)",37825,CCOC1=C(C(=O)Nc2ccc(Oc3ccnc(N)c3Cl)c(F)c2)C(=O)N(C=C1)c4ccc(F)cc4,2
Input,BRD-K49911380,-0.21265118,InputSig,NA,NA,LINCSCP_62382,VCAP,5uM,6h,prostate,NA,NA,CJNJMLGGDUQPOS-QSOCRCLWSA-N,"InChI=1S/C24H28N2O7S/c27-15-22-24-20(13-17(32-22)14-23(28)26-8-10-31-11-9-26)19-12-16(6-7-21(19)33-24)25-34(29,30)18-4-2-1-3-5-18/h1-7,12,17,20,22,24-25,27H,8-11,13-15H2/t17-,20-,22-,24+/m1/s1",3371,OC[C@H]1O[C@@H](CC(=O)N2CCOCC2)C[C@H]3[C@@H]1Oc4ccc(NS(=O)(=O)c5ccccc5)cc34,NA
Input,BRD-K10578928,-0.21258998,InputSig,NA,NA,LINCSCP_63665,VCAP,5uM,24h,prostate,NA,NA,IQZRHVPMCXNVFS-VNDOHOEKSA-N,"InChI=1S/C31H37N3O5/c1-37-29-8-3-2-6-25(29)17-33-31(36)16-27-9-10-28-30(39-27)21-38-20-26(35)19-34(28)18-22-5-4-7-24(15-22)23-11-13-32-14-12-23/h2-8,11-15,26-28,30,35H,9-10,16-21H2,1H3,(H,33,36)/t26-,27-,28-,30+/m0/s1",23863,COc1ccccc1CNC(=O)C[C@@H]2CC[C@H]3[C@@H](COC[C@@H](O)CN3Cc4cccc(c4)c5ccncc5)O2,NA
Input,BRD-K00664012,-0.21255102,InputSig,NA,NA,LINCSCP_47382,PC3,10uM,6h,prostate,NA,NA,NWAOHTRJRZZISF-CEMVDLCSSA-N,"InChI=1S/C35H45FN4O7S/c1-24-21-40(25(2)23-41)34(42)31-20-29(38-48(44,45)30-11-6-5-7-12-30)17-18-32(31)47-26(3)10-8-9-19-46-33(24)22-39(4)35(43)37-28-15-13-27(36)14-16-28/h5-7,11-18,20,24-26,33,38,41H,8-10,19,21-23H2,1-4H3,(H,37,43)/t24-,25+,26-,33-/m0/s1",31716,C[C@H](CO)N1C[C@H](C)[C@H](CN(C)C(=O)Nc2ccc(F)cc2)OCCCC[C@H](C)Oc3ccc(NS(=O)(=O)c4ccccc4)cc3C1=O,NA
Input,BRD-K86011921,-0.21244953,InputSig,NA,NA,LINCSCP_312059,VCAP,10uM,24h,prostate,NA,NA,ULSHRNFHFOMVNH-UWWLJTJFSA-N,"InChI=1S/C36H45F3N4O5/c1-24-20-43(25(2)23-44)35(46)31-19-30(41-34(45)28-14-16-40-17-15-28)12-13-32(31)48-26(3)7-5-6-18-47-33(24)22-42(4)21-27-8-10-29(11-9-27)36(37,38)39/h8-17,19,24-26,33,44H,5-7,18,20-23H2,1-4H3,(H,41,45)/t24-,25-,26+,33-/m0/s1",13803,C[C@@H](CO)N1C[C@H](C)[C@H](CN(C)Cc2ccc(cc2)C(F)(F)F)OCCCC[C@@H](C)Oc3ccc(NC(=O)c4ccncc4)cc3C1=O,NA
Input,BRD-K87517219,-0.21242611,InputSig,NA,NA,LINCSCP_62182,VCAP,5uM,24h,prostate,NA,NA,ABKGFAHRWOKBSI-LSTHTHJFSA-N,"InChI=1S/C22H32FN3O4/c23-17-8-4-5-9-18(17)25-22(29)26-19-11-10-16(30-20(19)14-27)12-13-24-21(28)15-6-2-1-3-7-15/h4-5,8-9,15-16,19-20,27H,1-3,6-7,10-14H2,(H,24,28)(H2,25,26,29)/t16-,19+,20-/m1/s1",25138,OC[C@H]1O[C@@H](CCNC(=O)C2CCCCC2)CC[C@@H]1NC(=O)Nc3ccccc3F,NA
Input,BRD-K23657553,-0.21242097,InputSig,NA,NA,LINCSCP_52227,SKB,10uM,24h,NA,NA,NA,GEPWAINBAFOOPW-DOBRQBTGSA-N,"InChI=1S/C37H47N3O5/c1-26-22-40(27(2)25-41)36(42)21-30-20-31(38-37(43)29-10-6-4-7-11-29)16-19-34(30)45-35(26)24-39(3)23-28-14-17-33(18-15-28)44-32-12-8-5-9-13-32/h5,8-9,12-20,26-27,29,35,41H,4,6-7,10-11,21-25H2,1-3H3,(H,38,43)/t26-,27-,35-/m1/s1",32305,C[C@H](CO)N1C[C@@H](C)[C@@H](CN(C)Cc2ccc(Oc3ccccc3)cc2)Oc4ccc(NC(=O)C5CCCCC5)cc4CC1=O,NA
Input,BRD-K33504592,-0.21241038,InputSig,NA,NA,LINCSCP_60870,VCAP,5uM,24h,prostate,NA,NA,OZIBRDAYFOJMNO-SRGWNRLKSA-N,"InChI=1S/C26H32FN3O5/c1-16-13-30(25(32)19-6-8-20(27)9-7-19)17(2)15-35-23-11-10-21(28-18(3)31)12-22(23)26(33)29(4)14-24(16)34-5/h6-12,16-17,24H,13-15H2,1-5H3,(H,28,31)/t16-,17+,24-/m0/s1",24388,CO[C@H]1CN(C)C(=O)c2cc(NC(=O)C)ccc2OC[C@@H](C)N(C[C@@H]1C)C(=O)c3ccc(F)cc3,NA
Input,Equilin,-0.2123463,InputSig,NA,NA,LINCSCP_193351,A549,10uM,6h,lung,Estrogen receptor agonist,HSD17B1,WKRLQDKEXYKHJB-HFTRVMKXSA-N,"InChI=1S/C18H20O2/c1-18-9-8-14-13-5-3-12(19)10-11(13)2-4-15(14)16(18)6-7-17(18)20/h3-5,10,14,16,19H,2,6-9H2,1H3/t14-,16+,18+/m1/s1",17820,C[C@]12CC[C@H]3C(=CCc4cc(O)ccc34)[C@@H]1CCC2=O,NA
Input,"7,4'-Dihydroxyflavone",-0.21222631,InputSig,NA,NA,LINCSCP_33770,MCF7,10uM,6h,breast,Opioid receptor antagonist,NA,LCAWNFIFMLXZPQ-UHFFFAOYSA-N,"InChI=1S/C15H10O4/c16-10-3-1-9(2-4-10)14-8-13(18)12-6-5-11(17)7-15(12)19-14/h1-8,16-17H",16175,Oc1ccc(cc1)C2=CC(=O)c3ccc(O)cc3O2,NA
Input,BRD-K83241810,-0.21221581,InputSig,NA,NA,LINCSCP_60328,VCAP,5uM,6h,prostate,NA,NA,DKZVPIDPIJUHTD-AFKLWXAFSA-N,"InChI=1S/C31H40N2O6S/c1-22-18-33(23(2)21-34)40(37,38)30-15-14-25(11-6-10-24-8-4-5-9-24)17-28(30)39-29(22)20-32(3)19-26-12-7-13-27(16-26)31(35)36/h7,12-17,22-24,29,34H,4-5,8-10,18-21H2,1-3H3,(H,35,36)/t22-,23+,29+/m1/s1",7793,C[C@@H](CO)N1C[C@@H](C)[C@H](CN(C)Cc2cccc(c2)C(=O)O)Oc3cc(ccc3S1(=O)=O)C#CCC4CCCC4,NA
Input,CHEMBL520231,-0.21219589,InputSig,NA,NA,LINCSCP_53199,SKM1,10uM,6h,haematopoietic and lymphoid tissue,Exportin antagonist,XPO1,AICKZRPQDLFSPA-SREVYHEPSA-N,"InChI=1S/C12H11ClN4O2/c1-2-19-11(18)6-7-17-15-12(14-16-17)9-4-3-5-10(13)8-9/h3-8H,2H2,1H3/b7-6-",17698,CCOC(=O)\C=C/n1nnc(n1)c2cccc(Cl)c2,NA
Input,BSPBIO_001592,-0.21218664,InputSig,NA,NA,LINCSCP_13232,FIBRNPC,10uM,24h,NA,Cyclooxygenase inhibitor|Histone acetyltransferase inhibitor|Lipoxygenase inhibitor|NFkB pathway inhibitor,PTGS1|PTGS2,VZMSCIKIANDZNI-OAMUUVBCSA-N,"InChI=1S/C21H20O6/c1-26-20-11-7-14(12-19(20)25)6-9-16(22)13-17(23)10-8-15-4-3-5-18(24)21(15)27-2/h3-12,24-25H,13H2,1-2H3/b9-6+,10-8+",22175,COc1ccc(\C=C\C(=O)CC(=O)\C=C\c2cccc(O)c2OC)cc1O,NA
Input,Mizolastine,-0.21203508,InputSig,NA,NA,LINCSCP_119933,HT29,0.12uM,24h,large intestine,Histamine receptor antagonist,HRH1,PVLJETXTTWAYEW-UHFFFAOYSA-N,"InChI=1S/C24H25FN6O/c1-29(23-26-13-10-22(32)28-23)19-11-14-30(15-12-19)24-27-20-4-2-3-5-21(20)31(24)16-17-6-8-18(25)9-7-17/h2-10,13,19H,11-12,14-16H2,1H3,(H,26,28,32)",16313,CN(C1CCN(CC1)c2nc3ccccc3n2Cc4ccc(F)cc4)C5=NC=CC(=O)N5,4
Input,Thalidomide,-0.21191895,InputSig,NA,NA,LINCSCP_206440,DV90,10uM,6h,lung,TNF production inhibitor,CRBN|CUL4A|DDB1|RBX1|TNF,UEJJHQNACJXSKW-UHFFFAOYSA-N,"InChI=1S/C13H10N2O4/c16-10-6-5-9(11(17)14-10)15-12(18)7-3-1-2-4-8(7)13(15)19/h1-4,9H,5-6H2,(H,14,16,17)",35446,O=C1CCC(N2C(=O)c3ccccc3C2=O)C(=O)N1,4
Input,N-[4-Chloro-3-(trifluoromethyl)phenyl]-2-ethoxybenzamide,-0.2118365,InputSig,NA,NA,LINCSCP_86932,CD34,0.12uM,24h,bone marrow,NA,NA,YDXZSNHARVUYNM-UHFFFAOYSA-N,"InChI=1S/C16H13ClF3NO2/c1-2-23-14-6-4-3-5-11(14)15(22)21-10-7-8-13(17)12(9-10)16(18,19)20/h3-9H,2H2,1H3,(H,21,22)",14187,CCOc1ccccc1C(=O)Nc2ccc(Cl)c(c2)C(F)(F)F,NA
Input,BRD-K53528245,-0.21142914,InputSig,NA,NA,LINCSCP_61620,VCAP,5uM,24h,prostate,NA,NA,SNXQORXMPHKSCQ-GNBJCERTSA-N,"InChI=1S/C29H36N4O5/c1-18-14-33(19(2)16-34)28(35)25-13-9-8-12-24(25)23-11-7-6-10-22(23)17-37-26(18)15-32(5)29(36)30-27-20(3)31-38-21(27)4/h6-13,18-19,26,34H,14-17H2,1-5H3,(H,30,36)/t18-,19+,26+/m0/s1",3528,C[C@H](CO)N1C[C@H](C)[C@@H](CN(C)C(=O)Nc2c(C)onc2C)OCc3ccccc3c4ccccc4C1=O,NA
Input,BRD-K47587697,-0.21113322,InputSig,NA,NA,LINCSCP_62005,VCAP,5uM,24h,prostate,NA,NA,QCIRQJIZWMFOON-QRVBRYPASA-N,"InChI=1S/C21H26N2O4/c24-13-19-18(22-21(26)15-5-6-15)8-7-17(27-19)11-20(25)23-10-9-14-3-1-2-4-16(14)12-23/h1-4,7-8,15,17-19,24H,5-6,9-13H2,(H,22,26)/t17-,18-,19+/m1/s1",37408,OC[C@@H]1O[C@@H](CC(=O)N2CCc3ccccc3C2)C=C[C@H]1NC(=O)C4CC4,NA
Input,"N-{3-[(4-methoxyphenyl)amino]-1,4-dioxo-1,4-dihydronaphthalen-2-yl}acetamide",-0.21107755,InputSig,NA,NA,LINCSCP_222137,HL60,1uM,24h,haematopoietic and lymphoid tissue,NA,NA,DTQUQPAEYFZXBX-UHFFFAOYSA-N,"InChI=1S/C19H16N2O4/c1-11(22)20-16-17(21-12-7-9-13(25-2)10-8-12)19(24)15-6-4-3-5-14(15)18(16)23/h3-10,21H,1-2H3,(H,20,22)",26553,COc1ccc(NC2=C(NC(=O)C)C(=O)c3ccccc3C2=O)cc1,NA
Input,BRD-K92047490,-0.21106373,InputSig,NA,NA,LINCSCP_310078,VCAP,30uM,24h,prostate,NA,NA,IOKLDKVGVLLSQI-PKWXPSSRSA-N,"InChI=1S/C34H49N5O8/c1-21(2)35-34(43)38(6)18-31-22(3)17-39(23(4)19-40)32(41)27-15-25(10-12-28(27)47-24(5)9-7-8-14-44-31)36-33(42)37-26-11-13-29-30(16-26)46-20-45-29/h10-13,15-16,21-24,31,40H,7-9,14,17-20H2,1-6H3,(H,35,43)(H2,36,37,42)/t22-,23+,24-,31-/m0/s1",34066,CC(C)NC(=O)N(C)C[C@@H]1OCCCC[C@H](C)Oc2ccc(NC(=O)Nc3ccc4OCOc4c3)cc2C(=O)N(C[C@@H]1C)[C@H](C)CO,NA
Input,KUC104253,-0.21104612,InputSig,NA,NA,LINCSCP_21940,HEPG2,10uM,6h,liver,NA,NA,JFVCRRUHGZMQLW-UHFFFAOYSA-N,"InChI=1S/C26H21ClN6O2/c27-21-3-1-2-19(14-21)23-15-24-29-22(18-4-7-28-8-5-18)16-25(33(24)30-23)31-9-11-32(12-10-31)26(34)20-6-13-35-17-20/h1-8,13-17H,9-12H2",36144,Clc1cccc(c1)c2cc3nc(cc(N4CCN(CC4)C(=O)c5cocc5)n3n2)c6ccncc6,NA
Input,Yohimbine,-0.21095397,InputSig,NA,NA,LINCSCP_301,A375,10uM,24h,skin,Adrenergic receptor antagonist,ADRA2A|ADRA2B|ADRA2C|HTR1A|HTR1B|HTR1D|HTR2B,BLGXFZZNTVWLAY-SCYLSFHTSA-N,"InChI=1S/C21H26N2O3/c1-26-21(25)19-15-10-17-20-14(13-4-2-3-5-16(13)22-20)8-9-23(17)11-12(15)6-7-18(19)24/h2-5,12,15,17-19,22,24H,6-11H2,1H3/t12-,15-,17-,18-,19+/m0/s1",35696,COC(=O)[C@H]1[C@@H](O)CC[C@H]2CN3CCc4c([nH]c5ccccc45)[C@@H]3C[C@H]12,4
Input,Calpeptin,-0.21088665,InputSig,NA,NA,LINCSCP_55647,VCAP,10uM,24h,prostate,Calpain inhibitor,NA,PGGUOGKHUUUWAF-ROUUACIJSA-N,"InChI=1S/C20H30N2O4/c1-4-5-11-17(13-23)21-19(24)18(12-15(2)3)22-20(25)26-14-16-9-7-6-8-10-16/h6-10,13,15,17-18H,4-5,11-12,14H2,1-3H3,(H,21,24)(H,22,25)/t17-,18-/m0/s1",3244,CCCC[C@H](NC(=O)[C@H](CC(C)C)NC(=O)OCc1ccccc1)C=O,NA
Input,Linolenic acid,-0.21088449,InputSig,NA,NA,LINCSCP_28761,HUH7,0.1uM,24h,liver,Omega 3 fatty acid stimulant,NA,DTOSIQBPPRVQHS-PDBXOOCHSA-N,"InChI=1S/C18H30O2/c1-2-3-4-5-6-7-8-9-10-11-12-13-14-15-16-17-18(19)20/h3-4,6-7,9-10H,2,5,8,11-17H2,1H3,(H,19,20)/b4-3-,7-6-,10-9-",37828,CC\C=C/C\C=C/C\C=C/CCCCCCCC(=O)O,NA
Input,BRD-K66149578,-0.21086889,InputSig,NA,NA,LINCSCP_60066,VCAP,5uM,24h,prostate,NA,NA,LKDAMHONCJEZRZ-IOASZLSFSA-N,"InChI=1S/C19H29BrN4O4/c1-5-6-21-19(27)23(4)10-16-12(2)9-24(13(3)11-25)18(26)15-7-14(20)8-22-17(15)28-16/h7-8,12-13,16,25H,5-6,9-11H2,1-4H3,(H,21,27)/t12-,13-,16+/m1/s1",1967,CCCNC(=O)N(C)C[C@@H]1Oc2ncc(Br)cc2C(=O)N(C[C@H]1C)[C@H](C)CO,NA
Input,Diphenhydramine,-0.21086248,InputSig,NA,NA,LINCSCP_293901,VCAP,10uM,24h,prostate,Histamine receptor antagonist,HRH1,ZZVUWRFHKOJYTH-UHFFFAOYSA-N,"InChI=1S/C17H21NO/c1-18(2)13-14-19-17(15-9-5-3-6-10-15)16-11-7-4-8-12-16/h3-12,17H,13-14H2,1-2H3",35207,CN(C)CCOC(c1ccccc1)c2ccccc2,4
Input,BRD-K59341874,-0.21085819,InputSig,NA,NA,LINCSCP_250016,MCF7,10uM,24h,breast,NA,NA,KVDPTJOHHVUPNF-WAOWUJCRSA-N,"InChI=1S/C21H24N2O4/c1-27-13-20(26)22-10-17-21(18(12-24)23(17)19(25)11-22)16-8-6-15(7-9-16)5-4-14-2-3-14/h6-9,14,17-18,21,24H,2-3,10-13H2,1H3/t17-,18+,21+/m0/s1",33203,COCC(=O)N1C[C@H]2[C@H]([C@@H](CO)N2C(=O)C1)c3ccc(cc3)C#CC4CC4,NA
Input,BRD-K42543764,-0.21085026,InputSig,NA,NA,LINCSCP_3456,A375,5uM,24h,skin,NA,NA,CLVZMKYRVQCIMH-WMTXJRDZSA-N,"InChI=1S/C26H25N3O4/c1-33-23-14-8-6-12-19(23)25(31)28-15-21-24(18-11-5-7-13-20(18)28)22(16-30)29(21)26(32)27-17-9-3-2-4-10-17/h2-14,21-22,24,30H,15-16H2,1H3,(H,27,32)/t21-,22+,24+/m0/s1",32774,COc1ccccc1C(=O)N2C[C@H]3[C@H]([C@@H](CO)N3C(=O)Nc4ccccc4)c5ccccc25,NA
Input,FPA1_000301,-0.21082264,InputSig,NA,NA,LINCSCP_203564,ASC,10uM,24h,adipose,NA,NA,LOBOCHFWHSQCFQ-TUFLPTIASA-O,"InChI=1S/C24H34N4O4/c1-28(2,3)14-5-4-12-25-22(30)18-15-20-23(31)26-13-6-7-19(26)24(32)27(20)21(18)16-8-10-17(29)11-9-16/h8-11,18-21H,4-7,12-15H2,1-3H3,(H-,25,29,30)/p+1/t18-,19-,20-,21-/m0/s1",11498,C[N+](C)(C)CCCCNC(=O)[C@H]1C[C@@H]2N([C@H]1c3ccc(O)cc3)C(=O)[C@@H]4CCCN4C2=O,NA
Input,BRD-K13848456,-0.2107698,InputSig,NA,NA,LINCSCP_60462,VCAP,5uM,6h,prostate,NA,NA,BANHLTBDTXCVOB-MBOIVZQGSA-N,"InChI=1S/C29H39N3O6S/c1-22-18-32(23(2)21-33)39(35,36)28-12-11-25(10-9-24-7-5-4-6-8-24)17-26(28)38-27(22)19-30(3)29(34)20-31-13-15-37-16-14-31/h4-12,17,22-23,27,33H,13-16,18-21H2,1-3H3/b10-9+/t22-,23-,27+/m1/s1",25784,C[C@H](CO)N1C[C@@H](C)[C@H](CN(C)C(=O)CN2CCOCC2)Oc3cc(\C=C\c4ccccc4)ccc3S1(=O)=O,NA
Input,CHEMBL3109370,-0.21073778,InputSig,NA,NA,LINCSCP_23235,HEPG2,10uM,6h,liver,NA,NA,ACSVFUACEODJDN-NPPPIGHJSA-N,"InChI=1S/C35H38N4O5/c1-24-20-39(25(2)23-40)35(42)30-10-7-11-31(37-34(41)27-16-18-36-19-17-27)33(30)44-32(24)22-38(3)21-26-12-14-29(15-13-26)43-28-8-5-4-6-9-28/h4-19,24-25,32,40H,20-23H2,1-3H3,(H,37,41)/t24-,25+,32+/m1/s1",16502,C[C@@H](CO)N1C[C@@H](C)[C@H](CN(C)Cc2ccc(Oc3ccccc3)cc2)Oc4c(NC(=O)c5ccncc5)cccc4C1=O,NA
Input,BRD-K82226238,-0.21062094,InputSig,NA,NA,LINCSCP_65528,VCAP,10uM,6h,prostate,NA,NA,VVKQUOIOXTWGEY-HSGJQSDISA-N,"InChI=1S/C30H43F6N3O6/c1-19-16-39(20(2)18-40)28(43)23-15-22(37-26(41)10-12-29(31,32)33)8-9-24(23)45-21(3)7-5-6-14-44-25(19)17-38(4)27(42)11-13-30(34,35)36/h8-9,15,19-21,25,40H,5-7,10-14,16-18H2,1-4H3,(H,37,41)/t19-,20-,21+,25+/m1/s1",13692,C[C@H](CO)N1C[C@@H](C)[C@H](CN(C)C(=O)CCC(F)(F)F)OCCCC[C@H](C)Oc2ccc(NC(=O)CCC(F)(F)F)cc2C1=O,NA
Input,BRD-K02290471,-0.21052497,InputSig,NA,NA,LINCSCP_48716,PC3,10uM,24h,prostate,NA,NA,XCDXHIWIDBQVIT-PUNARZIMSA-N,"InChI=1S/C36H48ClN3O7S/c1-25-21-40(26(2)24-41)36(42)33-20-30(38-48(43,44)32-16-11-29(37)12-17-32)13-18-34(33)47-27(3)8-6-7-19-46-35(25)23-39(4)22-28-9-14-31(45-5)15-10-28/h9-18,20,25-27,35,38,41H,6-8,19,21-24H2,1-5H3/t25-,26+,27+,35+/m1/s1",31755,COc1ccc(CN(C)C[C@@H]2OCCCC[C@H](C)Oc3ccc(NS(=O)(=O)c4ccc(Cl)cc4)cc3C(=O)N(C[C@H]2C)[C@@H](C)CO)cc1,NA
Input,CID 57118766,-0.21040527,InputSig,NA,NA,LINCSCP_47679,PC3,10uM,24h,prostate,Vitamin D receptor agonist,VDR,LWQQLNNNIPYSNX-KAOBTJPLSA-N,"InChI=1S/C27H40O3/c1-17(6-13-25(29)20-8-9-20)23-11-12-24-19(5-4-14-27(23,24)3)7-10-21-15-22(28)16-26(30)18(21)2/h6-7,10,13,17,20,22-26,28-30H,2,4-5,8-9,11-12,14-16H2,1,3H3/t17-,22-,23-,24+,25-,26+,27-/m1/s1",20,C[C@H](C=C[C@@H](O)C1CC1)[C@H]2CC[C@H]3C(=CC=C4C[C@@H](O)C[C@H](O)C4=C)CCC[C@]23C,NA
Input,SCHEMBL16196749,-0.21036868,InputSig,NA,NA,LINCSCP_52368,SKB,10uM,24h,NA,Growth factor receptor inhibitor,NTRK1,NXNQLECPAXXYTR-UKTHLTGXSA-N,"InChI=1S/C17H13N3O/c1-20-10-11(12-5-2-3-7-15(12)20)9-13-16-14(19-17(13)21)6-4-8-18-16/h2-10H,1H3,(H,19,21)/b13-9+",5090,Cn1cc(\C=C/2\C(=O)Nc3cccnc23)c4ccccc14,NA
Input,BRD-K03608142,-0.21034835,InputSig,NA,NA,LINCSCP_28062,HT29,5uM,24h,large intestine,NA,NA,GTCWMVFGOIOCEG-GTNKKZTPSA-N,"InChI=1S/C29H33N3O4/c1-36-24-11-5-10-23(16-24)30-29(35)31-17-25-28(26(19-33)32(25)27(34)18-31)22-14-12-21(13-15-22)9-4-8-20-6-2-3-7-20/h5,10-16,20,25-26,28,33H,2-3,6-8,17-19H2,1H3,(H,30,35)/t25-,26-,28+/m1/s1",11687,COc1cccc(NC(=O)N2C[C@@H]3[C@@H]([C@@H](CO)N3C(=O)C2)c4ccc(cc4)C#CCC5CCCC5)c1,NA
Input,SAR245409,-0.2103161,InputSig,NA,NA,LINCSCP_222716,HS578T,1uM,24h,breast,PI3K inhibitor,NA,HJSSPYJVWLTYHG-UHFFFAOYSA-N,"InChI=1S/C31H29N5O6S/c1-19-9-10-20(15-28(19)42-4)31(37)33-21-11-13-25(14-12-21)43(38,39)36-30-29(34-26-7-5-6-8-27(26)35-30)32-22-16-23(40-2)18-24(17-22)41-3/h5-18H,1-4H3,(H,32,34)(H,33,37)(H,35,36)",17596,COc1cc(Nc2nc3ccccc3nc2NS(=O)(=O)c4ccc(NC(=O)c5ccc(C)c(OC)c5)cc4)cc(OC)c1,NA
Input,BRD-K47419679,-0.21023922,InputSig,NA,NA,LINCSCP_48978,PC3,10uM,24h,prostate,NA,NA,SKCLKWXALHCSPG-BNJCFXFUSA-N,"InChI=1S/C33H37F3N4O6/c1-20-16-40(21(2)19-41)30(42)15-24-14-27(38-32(45)37-26-10-8-25(9-11-26)33(34,35)36)12-13-28(24)46-29(20)18-39(3)17-22-4-6-23(7-5-22)31(43)44/h4-14,20-21,29,41H,15-19H2,1-3H3,(H,43,44)(H2,37,38,45)/t20-,21+,29+/m0/s1",12831,C[C@H](CO)N1C[C@H](C)[C@@H](CN(C)Cc2ccc(cc2)C(=O)O)Oc3ccc(NC(=O)Nc4ccc(cc4)C(F)(F)F)cc3CC1=O,NA
Input,BRD-K23985677,-0.21017404,InputSig,NA,NA,LINCSCP_61576,VCAP,5uM,24h,prostate,NA,NA,NRKUZRFIJSCRHL-YZIHRLCOSA-N,"InChI=1S/C30H37N5O5S/c1-20-14-35(21(2)17-36)30(37)29-28(24-12-8-9-13-25(24)34(29)5)23-11-7-6-10-22(23)18-40-26(20)15-33(4)41(38,39)27-16-32(3)19-31-27/h6-13,16,19-21,26,36H,14-15,17-18H2,1-5H3/t20-,21+,26-/m1/s1",2486,C[C@@H](CO)N1C[C@@H](C)[C@@H](CN(C)S(=O)(=O)c2cn(C)cn2)OCc3ccccc3c4c(C1=O)n(C)c5ccccc45,NA
Input,Panobinostat,-0.21017059,InputSig,NA,NA,LINCSCP_9947,A549,0.04uM,24h,lung,HDAC inhibitor,HDAC1|HDAC10|HDAC11|HDAC2|HDAC3|HDAC4|HDAC5|HDAC6|HDAC7|HDAC8|HDAC9,FPOHNWQLNRZRFC-ZHACJKMWSA-N,"InChI=1S/C21H23N3O2/c1-15-18(19-4-2-3-5-20(19)23-15)12-13-22-14-17-8-6-16(7-9-17)10-11-21(25)24-26/h2-11,22-23,26H,12-14H2,1H3,(H,24,25)/b11-10+",22172,Cc1[nH]c2ccccc2c1CCNCc3ccc(\C=C\C(=O)NO)cc3,4
Input,Verapamil,-0.21009325,InputSig,NA,NA,LINCSCP_239069,MCF7,10uM,6h,breast,Calcium channel blocker,CACNA1C|CACNA1D|CACNA1F|CACNA1G|CACNA1S,SGTNSNPWRIOYBX-UHFFFAOYSA-N,"InChI=1S/C27H38N2O4/c1-20(2)27(19-28,22-10-12-24(31-5)26(18-22)33-7)14-8-15-29(3)16-13-21-9-11-23(30-4)25(17-21)32-6/h9-12,17-18,20H,8,13-16H2,1-7H3",15173,COc1ccc(CCN(C)CCCC(C#N)(C(C)C)c2ccc(OC)c(OC)c2)cc1OC,4
Input,Acarbose,-0.21008044,InputSig,NA,NA,LINCSCP_5803,A549,10uM,6h,lung,Glucosidase inhibitor,AMY2A|GAA|MGAM,XUFXOAAUWZOOIT-UGEKTDRHSA-N,"InChI=1S/C25H43NO18/c1-6-11(26-8-2-7(3-27)12(30)15(33)13(8)31)14(32)19(37)24(40-6)43-22-10(5-29)42-25(20(38)17(22)35)44-21-9(4-28)41-23(39)18(36)16(21)34/h2,6,8-39H,3-5H2,1H3/t6-,8+,9-,10-,11-,12-,13+,14+,15+,16-,17-,18-,19-,20-,21-,22-,23?,24-,25-/m1/s1",171,C[C@H]1O[C@H](O[C@H]2[C@H](O)[C@@H](O)[C@@H](O[C@H]3[C@H](O)[C@@H](O)C(O)O[C@@H]3CO)O[C@@H]2CO)[C@H](O)[C@@H](O)[C@@H]1N[C@H]4C=C(CO)[C@@H](O)[C@H](O)[C@H]4O,NA
Input,Acarbose,-0.21008044,InputSig,NA,NA,LINCSCP_5803,A549,10uM,6h,lung,Glucosidase inhibitor,AMY2A|GAA|MGAM,XUFXOAAUWZOOIT-SXARVLRPSA-N,"InChI=1S/C25H43NO18/c1-6-11(26-8-2-7(3-27)12(30)15(33)13(8)31)14(32)19(37)24(40-6)43-22-10(5-29)42-25(20(38)17(22)35)44-21-9(4-28)41-23(39)18(36)16(21)34/h2,6,8-39H,3-5H2,1H3/t6-,8+,9-,10-,11-,12-,13+,14+,15+,16-,17-,18-,19-,20-,21-,22-,23-,24-,25-/m1/s1",36276,C[C@H]1O[C@H](O[C@H]2[C@H](O)[C@@H](O)[C@@H](O[C@H]3[C@H](O)[C@@H](O)[C@H](O)O[C@@H]3CO)O[C@@H]2CO)[C@H](O)[C@@H](O)[C@@H]1N[C@H]4C=C(CO)[C@@H](O)[C@H](O)[C@H]4O,4
Input,WZ 3146,-0.20999798,InputSig,NA,NA,LINCSCP_59107,VCAP,10uM,6h,prostate,EGFR inhibitor,EGFR,APHGZZPEOCCYNO-UHFFFAOYSA-N,"InChI=1S/C24H25ClN6O2/c1-3-22(32)27-18-5-4-6-20(15-18)33-23-21(25)16-26-24(29-23)28-17-7-9-19(10-8-17)31-13-11-30(2)12-14-31/h3-10,15-16H,1,11-14H2,2H3,(H,27,32)(H,26,28,29)",16417,CN1CCN(CC1)c2ccc(Nc3ncc(Cl)c(Oc4cccc(NC(=O)C=C)c4)n3)cc2,NA
Input,SMR001318078,-0.20986202,InputSig,NA,NA,LINCSCP_57254,VCAP,10uM,24h,prostate,NA,NA,IIAWFCSWILLFRY-UHFFFAOYSA-N,"InChI=1S/C16H12N2O3S/c19-16-10-4-1-2-5-11(10)17-15(18(16)20)13-8-7-12(21-13)14-6-3-9-22-14/h1-9,15,17,20H",8768,ON1C(Nc2ccccc2C1=O)c3oc(cc3)c4cccs4,NA
Input,2-(6-Methyl-1H-indol-3-yl)ethanamine,-0.20978834,InputSig,NA,NA,LINCSCP_259815,NEU,10uM,6h,NA,NA,NA,GEVXFHYJXGYXJP-UHFFFAOYSA-N,"InChI=1S/C11H14N2/c1-8-2-3-10-9(4-5-12)7-13-11(10)6-8/h2-3,6-7,13H,4-5,12H2,1H3",39952,Cc1ccc2c(CCN)c[nH]c2c1,NA
Input,Maackiain,-0.20974044,InputSig,NA,NA,LINCSCP_55612,VCAP,10uM,24h,prostate,Sodium/glucose cotransporter inhibitor,NA,HUKSJTUUSUGIDC-UHFFFAOYSA-N,"InChI=1S/C16H12O5/c17-8-1-2-9-12(3-8)18-6-11-10-4-14-15(20-7-19-14)5-13(10)21-16(9)11/h1-5,11,16-17H,6-7H2",29625,Oc1ccc2C3Oc4cc5OCOc5cc4C3COc2c1,NA
Input,BRD-K27835062,-0.2096885,InputSig,NA,NA,LINCSCP_60671,VCAP,5uM,6h,prostate,NA,NA,YYALKDZNPSDWDC-SVMVAKDDSA-N,"InChI=1S/C24H36N6O5/c1-17-12-30(18(2)15-31)23(32)9-6-10-29-13-20(26-27-29)16-35-22(17)14-28(3)24(33)25-19-7-5-8-21(11-19)34-4/h5,7-8,11,13,17-18,22,31H,6,9-10,12,14-16H2,1-4H3,(H,25,33)/t17-,18+,22-/m0/s1",22555,COc1cccc(NC(=O)N(C)C[C@@H]2OCc3cn(CCCC(=O)N(C[C@@H]2C)[C@H](C)CO)nn3)c1,NA
Input,GBR12783,-0.2096383,InputSig,NA,NA,LINCSCP_14320,HA1E,10uM,6h,kidney epithelial,Dopamine uptake inhibitor,NA,XFBDGHFDKJITGC-JLHYYAGUSA-N,"InChI=1S/C28H32N2O/c1-4-11-25(12-5-1)13-10-18-29-19-21-30(22-20-29)23-24-31-28(26-14-6-2-7-15-26)27-16-8-3-9-17-27/h1-17,28H,18-24H2/b13-10+",22182,C(CN1CCN(C\C=C\c2ccccc2)CC1)OC(c3ccccc3)c4ccccc4,NA
Input,BRD-K10779199,-0.20951385,InputSig,NA,NA,LINCSCP_48728,PC3,10uM,24h,prostate,NA,NA,GFNSWXFTZDIFMO-QLADTWODSA-N,"InChI=1S/C31H32F2N4O6/c1-37-25-11-9-21(15-29(38)34-16-18-5-3-4-6-26(18)41-2)43-28(25)17-42-27-12-8-19(13-22(27)30(37)39)35-31(40)36-20-7-10-23(32)24(33)14-20/h3-8,10,12-14,21,25,28H,9,11,15-17H2,1-2H3,(H,34,38)(H2,35,36,40)/t21-,25-,28-/m0/s1",11850,COc1ccccc1CNC(=O)C[C@@H]2CC[C@H]3[C@H](COc4ccc(NC(=O)Nc5ccc(F)c(F)c5)cc4C(=O)N3C)O2,NA
Input,Proglumide,-0.2095034,InputSig,NA,NA,LINCSCP_140998,MCF7,0.04uM,24h,breast,CCK receptor antagonist,CCKAR|CCKBR,DGMKFQYCZXERLX-UHFFFAOYSA-N,"InChI=1S/C18H26N2O4/c1-3-12-20(13-4-2)18(24)15(10-11-16(21)22)19-17(23)14-8-6-5-7-9-14/h5-9,15H,3-4,10-13H2,1-2H3,(H,19,23)(H,21,22)",9491,CCCN(CCC)C(=O)C(CCC(=O)O)NC(=O)c1ccccc1,4
Input,Apilimod,-0.20949804,InputSig,NA,NA,LINCSCP_105658,HELA,3.33uM,24h,large intestine,NA,NA,HSKAZIJJKRAJAV-UHFFFAOYSA-N,"InChI=1S/C23H26N6O2/c1-18-5-4-6-19(15-18)17-25-28-21-16-22(29-10-13-30-14-11-29)27-23(26-21)31-12-8-20-7-2-3-9-24-20/h2-7,9,15-17H,8,10-14H2,1H3,(H,26,27,28)",26496,Cc1cccc(\C=N\Nc2cc(nc(OCCc3ccccn3)n2)N4CCOCC4)c1,NA
Input,Arundine,-0.20941404,InputSig,NA,NA,LINCSCP_105501,HELA,1uM,24h,large intestine,"CHK inhibitor|Cytochrome P450 activator|Indoleamine 2,3-dioxygenase inhibitor",AR|HIF1A|IFNG|PI3,VFTRKSBEFQDZKX-UHFFFAOYSA-N,"InChI=1S/C17H14N2/c1-3-7-16-14(5-1)12(10-18-16)9-13-11-19-17-8-4-2-6-15(13)17/h1-8,10-11,18-19H,9H2",16168,C(c1c[nH]c2ccccc12)c3c[nH]c4ccccc34,NA
Input,Sericetin,-0.20937187,InputSig,NA,NA,LINCSCP_55623,VCAP,10uM,24h,prostate,NA,NA,BPGVKIFGOXGHPB-UHFFFAOYSA-N,"InChI=1S/C25H24O5/c1-14(2)10-11-17-23-16(12-13-25(3,4)30-23)19(26)18-20(27)21(28)22(29-24(17)18)15-8-6-5-7-9-15/h5-10,12-13,26,28H,11H2,1-4H3",38157,CC(=CCc1c2OC(=C(O)C(=O)c2c(O)c3C=CC(C)(C)Oc13)c4ccccc4)C,NA
Input,[3H]NEMONAPRIDE,-0.20935544,InputSig,NA,NA,LINCSCP_41211,NEU,10uM,24h,NA,Dopamine receptor antagonist,DRD2|DRD3,KRVOJOCLBAAKSJ-RDTXWAMCSA-N,"InChI=1S/C21H26ClN3O2/c1-14-18(9-10-25(14)13-15-7-5-4-6-8-15)24-21(26)16-11-17(22)19(23-2)12-20(16)27-3/h4-8,11-12,14,18,23H,9-10,13H2,1-3H3,(H,24,26)/t14-,18-/m1/s1",19481,CNc1cc(OC)c(cc1Cl)C(=O)N[C@@H]2CCN(Cc3ccccc3)[C@@H]2C,NA
Input,BRD-K80786583-001-01-5,-0.2091071,InputSig,NA,NA,LINCSCP_6285,A549,10uM,6h,lung,NA,NA,XGMQKVJTWVADHD-JALBGMRZSA-N,"InChI=1S/C38H49F3N4O6/c1-25-21-45(26(2)24-46)36(47)33-20-31(43-37(48)42-30-13-11-29(12-14-30)38(39,40)41)15-18-34(33)51-27(3)8-6-7-19-50-35(25)23-44(4)22-28-9-16-32(49-5)17-10-28/h9-18,20,25-27,35,46H,6-8,19,21-24H2,1-5H3,(H2,42,43,48)/t25-,26-,27+,35+/m0/s1",13659,COc1ccc(CN(C)C[C@H]2OCCCC[C@@H](C)Oc3ccc(NC(=O)Nc4ccc(cc4)C(F)(F)F)cc3C(=O)N(C[C@@H]2C)[C@@H](C)CO)cc1,NA
Input,NCGC00238427-01,-0.20909781,InputSig,NA,NA,LINCSCP_26040,HT29,10uM,6h,large intestine,ROR antagonist,RORC,YEKVAIMYYCZDLI-RJYAGPCLSA-N,"InChI=1S/C25H31NO6/c1-15-7-16(2)13-26(12-15)24(28)11-19(17-5-6-21-22(8-17)32-14-31-21)25-20(27)9-18(29-3)10-23(25)30-4/h5-6,8-10,15-16,19,27H,7,11-14H2,1-4H3/t15?,16?,19-/m0/s1",378,COc1cc(O)c([C@@H](CC(=O)N2CC(C)CC(C)C2)c3ccc4OCOc4c3)c(OC)c1,NA
Input,BRD-K74817145,-0.20897453,InputSig,NA,NA,LINCSCP_61160,VCAP,5uM,6h,prostate,NA,NA,NNPXJSNOAUXSRD-FUMQJTLXSA-N,"InChI=1S/C27H35N3O6/c1-17-14-30(19(3)31)18(2)16-36-24-13-20(28-26(32)21-9-7-8-10-23(21)34-5)11-12-22(24)27(33)29(4)15-25(17)35-6/h7-13,17-18,25H,14-16H2,1-6H3,(H,28,32)/t17-,18+,25-/m1/s1",4710,CO[C@@H]1CN(C)C(=O)c2ccc(NC(=O)c3ccccc3OC)cc2OC[C@H](C)N(C[C@H]1C)C(=O)C,NA
Input,Ipatasertib,-0.20892112,InputSig,NA,NA,LINCSCP_146074,MNEU.E,10uM,24h,NA,Serine/threonine-protein kinase AKT inhibitor,AKT1|AKT2|AKT3,GRZXWCHAXNAUHY-NSISKUIASA-N,"InChI=1S/C24H32ClN5O2/c1-15(2)26-13-19(17-4-6-18(25)7-5-17)24(32)30-10-8-29(9-11-30)23-21-16(3)12-20(31)22(21)27-14-28-23/h4-7,14-16,19-20,26,31H,8-13H2,1-3H3/t16-,19-,20-/m1/s1",36711,CC(C)NC[C@@H](C(=O)N1CCN(CC1)c2ncnc3[C@H](O)C[C@@H](C)c23)c4ccc(Cl)cc4,2
Input,SPECTRUM_001060,-0.20885561,InputSig,NA,NA,LINCSCP_138677,MCF7,0.04uM,24h,breast,DNA directed DNA polymerase stimunlant|Estrogenic component in oral contraceptives|Estrogen receptor agonist,ESR1,BFPYWIDHMRZLRN-OQPPHWFISA-N,"InChI=1S/C20H24O2/c1-3-20(22)11-9-18-17-6-4-13-12-14(21)5-7-15(13)16(17)8-10-19(18,20)2/h1,5,7,12,16-18,21-22H,4,6,8-11H2,2H3/t16?,17?,18?,19-,20-/m0/s1",106,C[C@]12CCC3C(CCc4cc(O)ccc34)C1CC[C@@]2(O)C#C,NA
Input,VU0413255-1,-0.20885466,InputSig,NA,NA,LINCSCP_292464,VCAP,10uM,24h,prostate,NA,NA,CDZBEJLJZGBKFJ-UHFFFAOYSA-N,"InChI=1S/C27H31NO2/c29-27(23-11-4-1-5-12-23,24-13-6-2-7-14-24)25-17-20-28(21-18-25)19-10-22-30-26-15-8-3-9-16-26/h1-9,11-16,25,29H,10,17-22H2",16065,OC(C1CCN(CCCOc2ccccc2)CC1)(c3ccccc3)c4ccccc4,NA
Input,FPL64176,-0.20881827,InputSig,NA,NA,LINCSCP_43802,OV7,10uM,6h,ovary,Calcium channel activator,CACNA1C,MDMWHKZANMNXTF-UHFFFAOYSA-N,"InChI=1S/C22H21NO3/c1-14-19(20(15(2)23-14)22(25)26-3)21(24)18-12-8-7-11-17(18)13-16-9-5-4-6-10-16/h4-12,23H,13H2,1-3H3",15944,COC(=O)c1c(C)[nH]c(C)c1C(=O)c2ccccc2Cc3ccccc3,NA
Input,Metyrapone,-0.20877588,InputSig,NA,NA,LINCSCP_291147,VCAP,10uM,24h,prostate,Cytochrome P450 inhibitor,CYP11B1,FJLBFSROUSIWMA-UHFFFAOYSA-N,"InChI=1S/C14H14N2O/c1-14(2,12-6-4-8-16-10-12)13(17)11-5-3-7-15-9-11/h3-10H,1-2H3",15677,CC(C)(C(=O)c1cccnc1)c2cccnc2,4
Input,MLS000094939,-0.20868082,InputSig,NA,NA,LINCSCP_57441,VCAP,10uM,6h,prostate,NA,NA,CAHUZYYLADXTHI-UHFFFAOYSA-N,"InChI=1S/C23H26N2O2/c26-23-19(15-25-12-5-2-6-13-25)14-20(21-10-7-11-24-22(21)23)17-27-16-18-8-3-1-4-9-18/h1,3-4,7-11,14,26H,2,5-6,12-13,15-17H2",15784,Oc1c(CN2CCCCC2)cc(COCc3ccccc3)c4cccnc14,NA
Input,BRD-K01615174,-0.20862181,InputSig,NA,NA,LINCSCP_48715,PC3,10uM,24h,prostate,NA,NA,XCDXHIWIDBQVIT-NUNJUMJCSA-N,"InChI=1S/C36H48ClN3O7S/c1-25-21-40(26(2)24-41)36(42)33-20-30(38-48(43,44)32-16-11-29(37)12-17-32)13-18-34(33)47-27(3)8-6-7-19-46-35(25)23-39(4)22-28-9-14-31(45-5)15-10-28/h9-18,20,25-27,35,38,41H,6-8,19,21-24H2,1-5H3/t25-,26-,27+,35+/m1/s1",31737,COc1ccc(CN(C)C[C@@H]2OCCCC[C@H](C)Oc3ccc(NS(=O)(=O)c4ccc(Cl)cc4)cc3C(=O)N(C[C@H]2C)[C@H](C)CO)cc1,NA
Input,FAMPRIDINE,-0.20859444,InputSig,NA,NA,LINCSCP_136554,MCF7,0.04uM,24h,breast,Voltage-gated potassium channel blocker,KCNA1|KCNA10|KCNA2|KCNA3|KCNA4|KCNA5|KCNA6|KCNA7|KCNB1|KCNB2|KCNC1|KCNC2|KCNC3|KCNC4|KCND1|KCND2|KCND3|KCNF1|KCNG1|KCNG2|KCNG3|KCNG4|KCNH1|KCNH2|KCNH3|KCNH4|KCNH5|KCNH6|KCNH7|KCNH8|KCNQ1|KCNQ2|KCNQ3|KCNQ4|KCNQ5|KCNS1|KCNS2|KCNS3|KCNV1|KCNV2,NUKYPUAOHBNCPY-UHFFFAOYSA-N,"InChI=1S/C5H6N2/c6-5-1-3-7-4-2-5/h1-4H,(H2,6,7)",26721,Nc1ccncc1,4
Input,TIE2 Kinase Inhibitor,-0.2085752,InputSig,NA,NA,LINCSCP_129359,HUVEC,10uM,24h,umbilical vein,NA,NA,SINQIEAULQKUPD-UHFFFAOYSA-N,"InChI=1S/C26H21N3O2S/c1-31-22-8-5-19-15-21(4-3-20(19)16-22)25-24(17-11-13-27-14-12-17)28-26(29-25)18-6-9-23(10-7-18)32(2)30/h3-16H,1-2H3,(H,28,29)",19902,COc1ccc2cc(ccc2c1)c3nc([nH]c3c4ccncc4)c5ccc(cc5)S(=O)C,NA
Input,BRD-K05273600,-0.20857005,InputSig,NA,NA,LINCSCP_63052,VCAP,5uM,24h,prostate,NA,NA,FLQYRXYGAVUNDA-FUPPJEDESA-N,"InChI=1S/C23H21N3O2/c24-14-20-23(18-10-8-17(9-11-18)7-6-16-4-5-16)21(15-27)26(20)22(28)13-19-3-1-2-12-25-19/h1-3,8-12,16,20-21,23,27H,4-5,13,15H2/t20-,21+,23-/m1/s1",1305,OC[C@H]1[C@@H]([C@@H](C#N)N1C(=O)Cc2ccccn2)c3ccc(cc3)C#CC4CC4,NA
Input,Linopirdine,-0.20839367,InputSig,NA,NA,LINCSCP_56761,VCAP,10uM,6h,prostate,Potassium channel blocker,KCNQ2|KCNQ3,YEJCDKJIEMIWRQ-UHFFFAOYSA-N,"InChI=1S/C26H21N3O/c30-25-26(18-20-10-14-27-15-11-20,19-21-12-16-28-17-13-21)23-8-4-5-9-24(23)29(25)22-6-2-1-3-7-22/h1-17H,18-19H2",15773,O=C1N(c2ccccc2)c3ccccc3C1(Cc4ccncc4)Cc5ccncc5,NA
Input,BRD-K34387287,-0.2083114,InputSig,NA,NA,LINCSCP_26636,HT29,10uM,6h,large intestine,NA,NA,QFGLVRXJBRXPKG-CVBAWMJOSA-N,"InChI=1S/C36H44F4N4O7S/c1-23-20-44(24(2)22-45)34(46)31-19-29(42-35(47)41-28-12-8-26(9-13-28)36(38,39)40)14-17-32(31)51-25(3)7-5-6-18-50-33(23)21-43(4)52(48,49)30-15-10-27(37)11-16-30/h8-17,19,23-25,33,45H,5-7,18,20-22H2,1-4H3,(H2,41,42,47)/t23-,24+,25-,33+/m0/s1",246,C[C@H](CO)N1C[C@H](C)[C@@H](CN(C)S(=O)(=O)c2ccc(F)cc2)OCCCC[C@H](C)Oc3ccc(NC(=O)Nc4ccc(cc4)C(F)(F)F)cc3C1=O,NA
Input,Pregnenolone,-0.20824483,InputSig,NA,NA,LINCSCP_73339,A375,1.11uM,24h,skin,NA,NA,ORNBQBCIOKFOEO-QGVNFLHTSA-N,"InChI=1S/C21H32O2/c1-13(22)17-6-7-18-16-5-4-14-12-15(23)8-10-20(14,2)19(16)9-11-21(17,18)3/h4,15-19,23H,5-12H2,1-3H3/t15-,16-,17+,18-,19-,20-,21+/m0/s1",16342,CC(=O)[C@H]1CC[C@H]2[C@@H]3CC=C4C[C@@H](O)CC[C@]4(C)[C@H]3CC[C@]12C,NA
Input,Lavendustin C,-0.20823386,InputSig,NA,NA,LINCSCP_22601,HEPG2,10uM,6h,liver,EGFR inhibitor,CAMK2A|EGFR|SRC,LULATDWLDJOKCX-UHFFFAOYSA-N,"InChI=1S/C14H13NO5/c16-10-2-4-12(17)8(5-10)7-15-9-1-3-13(18)11(6-9)14(19)20/h1-6,15-18H,7H2,(H,19,20)",36567,OC(=O)c1cc(NCc2cc(O)ccc2O)ccc1O,NA
Input,Tretinoin,-0.20810402,InputSig,NA,NA,LINCSCP_64593,VCAP,5uM,6h,prostate,Retinoic acid receptor agonist,RARA|RARB|RARG|RORB,SHGAZHPCJJPHSC-YCNIQYBTSA-N,"InChI=1S/C20H28O2/c1-15(8-6-9-16(2)14-19(21)22)11-12-18-17(3)10-7-13-20(18,4)5/h6,8-9,11-12,14H,7,10,13H2,1-5H3,(H,21,22)/b9-6+,12-11+,15-8+,16-14+",17505,C\C(=C/C=C/C(=C/C(=O)O)/C)\C=C\C1=C(C)CCCC1(C)C,4
Input,(+)-Tranylcypromine,-0.20809495,InputSig,NA,NA,LINCSCP_13396,FIBRNPC,10uM,6h,NA,Monoamine oxidase inhibitor,KDM1A|MAOA|MAOB,AELCINSCMGFISI-BDAKNGLRSA-N,"InChI=1S/C9H11N/c10-9-6-8(9)7-4-2-1-3-5-7/h1-5,8-9H,6,10H2/t8-,9+/m1/s1",36542,N[C@H]1C[C@@H]1c2ccccc2,NA
Input,SNX-2112 (PF-04928473),-0.20797647,InputSig,NA,NA,LINCSCP_125646,HT29,1.11uM,24h,large intestine,NA,NA,ZFVRYNYOPQZKDG-MQMHXKEQSA-N,"InChI=1S/C23H27F3N4O3/c1-22(2)10-17-19(18(32)11-22)20(23(24,25)26)29-30(17)13-5-8-15(21(27)33)16(9-13)28-12-3-6-14(31)7-4-12/h5,8-9,12,14,28,31H,3-4,6-7,10-11H2,1-2H3,(H2,27,33)/t12-,14-",26469,CC1(C)CC(=O)c2c(C1)n(nc2C(F)(F)F)c3ccc(C(=O)N)c(N[C@@H]4CC[C@@H](O)CC4)c3,NA
Input,Tetraidofluorescein,-0.20793326,InputSig,NA,NA,LINCSCP_18865,HCC515,10uM,24h,lung,Coloring agent,NA,LAINPTZBIXYTIZ-UHFFFAOYSA-N,"InChI=1S/C20H8I4O5/c21-11-5-9-13(7-3-1-2-4-8(7)20(27)28)10-6-12(22)17(26)15(24)19(10)29-18(9)14(23)16(11)25/h1-6,25H,(H,27,28)",9923,OC(=O)c1ccccc1C2=C3C=C(I)C(=O)C(=C3Oc4c(I)c(O)c(I)cc24)I,NA
Input,Carprofen,-0.20792467,InputSig,NA,NA,LINCSCP_101679,HELA,0.12uM,24h,large intestine,Cyclooxygenase inhibitor,PTGS1|PTGS2,PUXBGTOOZJQSKH-UHFFFAOYSA-N,"InChI=1S/C15H12ClNO2/c1-8(15(18)19)9-2-4-11-12-7-10(16)3-5-13(12)17-14(11)6-9/h2-8,17H,1H3,(H,18,19)",15192,CC(C(=O)O)c1ccc2c(c1)[nH]c3ccc(Cl)cc23,4
Input,CHEMBL57427,-0.20778198,InputSig,NA,NA,LINCSCP_7045,A549,10uM,24h,lung,NA,NA,XHLOUFPZLUULGI-UHFFFAOYSA-N,"InChI=1S/C18H19BrN2O/c1-22-16-6-7-18-17(10-16)14(12-21-18)8-9-20-11-13-2-4-15(19)5-3-13/h2-7,10,12,20-21H,8-9,11H2,1H3",35721,COc1ccc2[nH]cc(CCNCc3ccc(Br)cc3)c2c1,NA
Input,BRD-K22261046,-0.20773173,InputSig,NA,NA,LINCSCP_35295,MCF7,10uM,24h,breast,NA,NA,HPPNONYMLIWSNI-RNLGNXJRSA-N,"InChI=1S/C30H51N5O6/c1-19(2)31-29(38)33-24-12-13-26-25(15-24)28(37)35(22(6)18-36)16-21(5)27(17-34(8)30(39)32-20(3)4)40-14-10-9-11-23(7)41-26/h12-13,15,19-23,27,36H,9-11,14,16-18H2,1-8H3,(H,32,39)(H2,31,33,38)/t21-,22-,23-,27+/m0/s1",5004,CC(C)NC(=O)Nc1ccc2O[C@@H](C)CCCCO[C@H](CN(C)C(=O)NC(C)C)[C@@H](C)CN([C@@H](C)CO)C(=O)c2c1,NA
Input,penicillin,-0.20770482,InputSig,NA,NA,LINCSCP_158698,PC3,3.33uM,24h,prostate,NA,NA,NA,NA,NA,NA,NA
Input,BRD-K72539944,-0.20767406,InputSig,NA,NA,LINCSCP_312526,VCAP,10uM,24h,prostate,NA,NA,XBFLRTYNHZZFRG-LYNDRFBJSA-N,"InChI=1S/C37H49N3O5/c1-27-23-40(28(2)26-41)37(43)33-22-32(38-36(42)21-30-14-7-5-8-15-30)18-19-34(33)45-29(3)13-11-12-20-44-35(27)25-39(4)24-31-16-9-6-10-17-31/h5-10,14-19,22,27-29,35,41H,11-13,20-21,23-26H2,1-4H3,(H,38,42)/t27-,28-,29+,35+/m0/s1",13415,C[C@@H](CO)N1C[C@H](C)[C@@H](CN(C)Cc2ccccc2)OCCCC[C@@H](C)Oc3ccc(NC(=O)Cc4ccccc4)cc3C1=O,NA
Input,IOX2,-0.20764078,InputSig,NA,NA,LINCSCP_88688,HA1E,10uM,24h,kidney epithelial,NA,NA,CAOSCCRYLYQBES-UHFFFAOYSA-N,"InChI=1S/C19H16N2O5/c22-15(23)10-20-18(25)16-17(24)13-8-4-5-9-14(13)21(19(16)26)11-12-6-2-1-3-7-12/h1-9,24H,10-11H2,(H,20,25)(H,22,23)",27997,OC(=O)CNC(=O)C1=C(O)c2ccccc2N(Cc3ccccc3)C1=O,NA
Input,BRD-K50177987,-0.20762759,InputSig,NA,NA,LINCSCP_7976,A549,10uM,6h,lung,NA,NA,HPXQJKADXJMKNX-RNDKRWLGSA-N,"InChI=1S/C35H38N4O4/c1-24-20-39(25(2)23-40)35(42)31-19-30(37-34(41)29-15-17-36-18-16-29)13-14-32(31)43-33(24)22-38(3)21-26-9-11-28(12-10-26)27-7-5-4-6-8-27/h4-19,24-25,33,40H,20-23H2,1-3H3,(H,37,41)/t24-,25+,33-/m1/s1",32984,C[C@@H](CO)N1C[C@@H](C)[C@@H](CN(C)Cc2ccc(cc2)c3ccccc3)Oc4ccc(NC(=O)c5ccncc5)cc4C1=O,NA
Input,SR-03000001971,-0.20755224,InputSig,NA,NA,LINCSCP_5313,A549,10uM,6h,lung,NA,NA,XXNRUBCOJRWEOM-OWBHPGMISA-N,"InChI=1S/C17H19NO3S2/c1-2-3-11-21-15(19)9-10-18-16(20)14(23-17(18)22)12-13-7-5-4-6-8-13/h4-8,12H,2-3,9-11H2,1H3/b14-12-",17028,CCCCOC(=O)CCN1C(=S)S\C(=C/c2ccccc2)\C1=O,NA
Input,MLS002264476,-0.20752732,InputSig,NA,NA,LINCSCP_1400,A375,10uM,24h,skin,NA,NA,ZYBBIBXBPXBJPS-UHFFFAOYSA-N,"InChI=1S/C17H21N3O2/c1-14(21)19-8-10-20(11-9-19)16-6-4-15(5-7-16)18-13-17-3-2-12-22-17/h2-7,12,18H,8-11,13H2,1H3",35773,CC(=O)N1CCN(CC1)c2ccc(NCc3occc3)cc2,NA
Input,MLS002725683,-0.20749572,InputSig,NA,NA,LINCSCP_295196,VCAP,10uM,24h,prostate,NA,NA,JAFIERFWYHDPAD-UHFFFAOYSA-N,"InChI=1S/C19H22F3N3O/c1-2-25-12-14(10-23-25)11-24-8-4-6-16(13-24)18(26)15-5-3-7-17(9-15)19(20,21)22/h3,5,7,9-10,12,16H,2,4,6,8,11,13H2,1H3",35333,CCn1cc(CN2CCCC(C2)C(=O)c3cccc(c3)C(F)(F)F)cn1,NA
Input,ST012030,-0.20748699,InputSig,NA,NA,LINCSCP_58537,VCAP,10uM,24h,prostate,NA,NA,CITPXCNSMZMNIW-UHFFFAOYSA-N,"InChI=1S/C22H30N2O3/c1-4-21-9-5-12-23-13-11-22(20(21)23)15-6-7-16(27-3)19(26)18(15)24(14(2)25)17(22)8-10-21/h6-7,17,20,26H,4-5,8-13H2,1-3H3",16154,CCC12CCCN3CCC4(C(CC1)N(C(=O)C)c5c(O)c(OC)ccc45)C23,NA
Input,BRD-K94579454,-0.20744548,InputSig,NA,NA,LINCSCP_61178,VCAP,5uM,6h,prostate,NA,NA,OXAYHDRNXZXDOZ-OXYPMYLPSA-N,"InChI=1S/C33H41N3O5/c1-23-20-36(17-16-25-10-7-6-8-11-25)24(2)22-41-30-15-14-27(19-29(30)33(38)35(3)21-31(23)40-5)34-32(37)26-12-9-13-28(18-26)39-4/h6-15,18-19,23-24,31H,16-17,20-22H2,1-5H3,(H,34,37)/t23-,24+,31+/m1/s1",25320,CO[C@H]1CN(C)C(=O)c2cc(NC(=O)c3cccc(OC)c3)ccc2OC[C@H](C)N(CCc4ccccc4)C[C@H]1C,NA
Input,NCGC00025321-01,-0.20742393,InputSig,NA,NA,LINCSCP_55688,VCAP,10uM,24h,prostate,Hepatotoxicant|Organic compound,NA,IVDUVYRBLGSJAO-UHFFFAOYSA-N,InChI=1S/C14H10Cl2N2/c15-12-4-1-3-11(7-12)9-17-10-18-14-6-2-5-13(16)8-14/h1-10H,1144,Clc1cccc(C=NC=Nc2cccc(Cl)c2)c1,NA
Input,AZD8931 (Sapitinib),-0.20733929,InputSig,NA,NA,LINCSCP_175910,YAPC,10uM,24h,pancreas,Epidermal growth factor receptor erbB1 inhibitor|Receptor protein-tyrosine kinase erbB-2 inhibitor|Receptor tyrosine-protein kinase erbB-3 inhibitor,EGFR|ERBB2|ERBB3,DFJSJLGUIXFDJP-UHFFFAOYSA-N,"InChI=1S/C23H25ClFN5O3/c1-26-21(31)12-30-8-6-14(7-9-30)33-20-10-15-18(11-19(20)32-2)27-13-28-23(15)29-17-5-3-4-16(24)22(17)25/h3-5,10-11,13-14H,6-9,12H2,1-2H3,(H,26,31)(H,27,28,29)",26662,CNC(=O)CN1CCC(CC1)Oc2cc3c(Nc4cccc(Cl)c4F)ncnc3cc2OC,2
Input,WAY-262611,-0.20722378,InputSig,NA,NA,LINCSCP_41531,NEU,10uM,6h,NA,WNT agonist,NA,QHLITPHIARVDJI-UHFFFAOYSA-N,"InChI=1S/C20H22N4/c21-14-15-8-11-24(12-9-15)20-22-10-7-19(23-20)18-6-5-16-3-1-2-4-17(16)13-18/h1-7,10,13,15H,8-9,11-12,14,21H2",11227,NCC1CCN(CC1)c2nccc(n2)c3ccc4ccccc4c3,NA
Input,MLS002264394,-0.20721399,InputSig,NA,NA,LINCSCP_188868,A549,10uM,24h,lung,NA,NA,UPNMPZFREBGMGY-UHFFFAOYSA-N,"InChI=1S/C17H18N2O5S2/c1-18-25(21,22)13-7-5-11-3-4-12-6-8-14(26(23,24)19-2)10-16(12)17(20)15(11)9-13/h5-10,18-19H,3-4H2,1-2H3",35550,CNS(=O)(=O)c1ccc2CCc3ccc(cc3C(=O)c2c1)S(=O)(=O)NC,NA
Input,BRD-K57461880,-0.2070497,InputSig,NA,NA,LINCSCP_60053,VCAP,5uM,24h,prostate,NA,NA,UPQGSBDKNNCSHF-CEYNDMKZSA-N,"InChI=1S/C27H34FN3O3/c1-18-14-31(19(2)17-32)27(33)23-12-22(20-8-4-5-9-20)13-29-26(23)34-25(18)16-30(3)15-21-10-6-7-11-24(21)28/h6-8,10-13,18-19,25,32H,4-5,9,14-17H2,1-3H3/t18-,19+,25-/m0/s1",790,C[C@H](CO)N1C[C@H](C)[C@H](CN(C)Cc2ccccc2F)Oc3ncc(cc3C1=O)C4=CCCC4,NA
Input,Zileuton,-0.20702088,InputSig,NA,NA,LINCSCP_4665,A549,100uM,6h,lung,Leukotriene inhibitor|Lipoxygenase inhibitor,ALOX5,MWLSOWXNZPKENC-UHFFFAOYSA-N,"InChI=1S/C11H12N2O2S/c1-7(13(15)11(12)14)10-6-8-4-2-3-5-9(8)16-10/h2-7,15H,1H3,(H2,12,14)",36370,CC(N(O)C(=O)N)c1cc2ccccc2s1,4
Input,BRD-K56593426,-0.20699319,InputSig,NA,NA,LINCSCP_8744,A549,5uM,24h,lung,NA,NA,XSWGVYBCLSKRHG-VVZHRXSXSA-N,"InChI=1S/C27H27N3O5/c1-33-23-9-5-3-7-19(23)28-27(32)30-14-21-26(18-6-2-4-8-20(18)30)22(15-31)29(21)13-17-10-11-24-25(12-17)35-16-34-24/h2-12,21-22,26,31H,13-16H2,1H3,(H,28,32)/t21-,22+,26+/m0/s1",13050,COc1ccccc1NC(=O)N2C[C@H]3[C@H]([C@@H](CO)N3Cc4ccc5OCOc5c4)c6ccccc26,NA
Input,Dolastatin 10,-0.20696468,InputSig,NA,NA,LINCSCP_109670,HELA,0.04uM,24h,large intestine,NA,NA,OFDNQWIFNXBECV-VFSYNPLYSA-N,"InChI=1S/C42H68N6O6S/c1-13-28(6)37(47(10)42(52)35(26(2)3)45-40(51)36(27(4)5)46(8)9)33(53-11)25-34(49)48-22-17-20-32(48)38(54-12)29(7)39(50)44-31(41-43-21-23-55-41)24-30-18-15-14-16-19-30/h14-16,18-19,21,23,26-29,31-33,35-38H,13,17,20,22,24-25H2,1-12H3,(H,44,50)(H,45,51)/t28-,29+,31-,32-,33+,35-,36-,37-,38+/m0/s1",27143,CC[C@H](C)[C@@H]([C@@H](CC(=O)N1CCC[C@H]1[C@H](OC)[C@@H](C)C(=O)N[C@@H](Cc2ccccc2)c3nccs3)OC)N(C)C(=O)[C@@H](NC(=O)[C@H](C(C)C)N(C)C)C(C)C,NA
Input,Temozolomide,-0.20691492,InputSig,NA,NA,LINCSCP_169403,YAPC,0.04uM,24h,pancreas,DNA alkylating drug,MGMT,BPEGJWRSRHCHSN-UHFFFAOYSA-N,"InChI=1S/C6H6N6O2/c1-11-6(14)12-2-8-3(4(7)13)5(12)9-10-11/h2H,1H3,(H2,7,13)",11975,CN1N=Nc2c(ncn2C1=O)C(=O)N,4
Input,Nitazoxanide,-0.20690175,InputSig,NA,NA,LINCSCP_58215,VCAP,10uM,24h,prostate,Pyruvate ferredoxin oxidoreductase inhibitor,NA,YQNQNVDNTFHQSW-UHFFFAOYSA-N,"InChI=1S/C12H9N3O5S/c1-7(16)20-9-5-3-2-4-8(9)11(17)14-12-13-6-10(21-12)15(18)19/h2-6H,1H3,(H,13,14,17)",36626,CC(=O)Oc1ccccc1C(=O)Nc2ncc(s2)[N+](=O)[O-],4
Input,MLS002473819,-0.20688584,InputSig,NA,NA,LINCSCP_58601,VCAP,10uM,24h,prostate,NA,NA,YTDSYMZJLPPOGB-OSOCVKALSA-N,"InChI=1S/C31H40F3N5O5/c1-19-16-39(20(2)18-40)28(41)25-15-24(36-29(42)35-22-7-5-4-6-8-22)13-14-26(25)44-27(19)17-38(3)30(43)37-23-11-9-21(10-12-23)31(32,33)34/h9-15,19-20,22,27,40H,4-8,16-18H2,1-3H3,(H,37,43)(H2,35,36,42)/t19-,20-,27-/m0/s1",16582,C[C@@H](CO)N1C[C@H](C)[C@H](CN(C)C(=O)Nc2ccc(cc2)C(F)(F)F)Oc3ccc(NC(=O)NC4CCCCC4)cc3C1=O,NA
Input,Diphenoxylate,-0.20686618,InputSig,NA,NA,LINCSCP_1907,A375,10uM,6h,skin,Opioid receptor agonist,OPRM1,HYPPXZBJBPSRLK-UHFFFAOYSA-N,"InChI=1S/C30H32N2O2/c1-2-34-28(33)29(25-12-6-3-7-13-25)18-21-32(22-19-29)23-20-30(24-31,26-14-8-4-9-15-26)27-16-10-5-11-17-27/h3-17H,2,18-23H2,1H3",38765,CCOC(=O)C1(CCN(CCC(C#N)(c2ccccc2)c3ccccc3)CC1)c4ccccc4,4
Input,Tetradecylthioacetic acid,-0.20686535,InputSig,NA,NA,LINCSCP_73614,A375,0.37uM,24h,skin,Lipid peroxidase inhibitor,NA,IPBCWPPBAWQYOO-UHFFFAOYSA-N,"InChI=1S/C16H32O2S/c1-2-3-4-5-6-7-8-9-10-11-12-13-14-19-15-16(17)18/h2-15H2,1H3,(H,17,18)",36129,CCCCCCCCCCCCCCSCC(=O)O,NA
Input,Fentiazac,-0.20685904,InputSig,NA,NA,LINCSCP_101560,HELA,0.04uM,24h,large intestine,Cyclooxygenase inhibitor,PTGS1|PTGS2,JIEKMACRVQTPRC-UHFFFAOYSA-N,"InChI=1S/C17H12ClNO2S/c18-13-8-6-11(7-9-13)16-14(10-15(20)21)22-17(19-16)12-4-2-1-3-5-12/h1-9H,10H2,(H,20,21)",16306,OC(=O)Cc1sc(nc1c2ccc(Cl)cc2)c3ccccc3,NA
Input,AC1MGUE5,-0.20682443,InputSig,NA,NA,LINCSCP_226104,HT29,10uM,6h,large intestine,NA,NA,YTXIGRAWLJNIIJ-UHFFFAOYSA-N,"InChI=1S/C27H31N5O3/c1-27(2,3)22-8-6-21(7-9-22)26(33)31-15-13-30(14-16-31)23-10-11-25(32(34)35)24(17-23)29-19-20-5-4-12-28-18-20/h4-12,17-18,29H,13-16,19H2,1-3H3",1441,CC(C)(C)c1ccc(cc1)C(=O)N2CCN(CC2)c3ccc(c(NCc4cccnc4)c3)[N+](=O)[O-],NA
Input,CHEMBL2359502,-0.20678416,InputSig,NA,NA,LINCSCP_5989,A549,10uM,24h,lung,NA,NA,XGMQKVJTWVADHD-MCYUDXQTSA-N,"InChI=1S/C38H49F3N4O6/c1-25-21-45(26(2)24-46)36(47)33-20-31(43-37(48)42-30-13-11-29(12-14-30)38(39,40)41)15-18-34(33)51-27(3)8-6-7-19-50-35(25)23-44(4)22-28-9-16-32(49-5)17-10-28/h9-18,20,25-27,35,46H,6-8,19,21-24H2,1-5H3,(H2,42,43,48)/t25-,26-,27+,35-/m1/s1",19882,COc1ccc(CN(C)C[C@H]2OCCCC[C@H](C)Oc3ccc(NC(=O)Nc4ccc(cc4)C(F)(F)F)cc3C(=O)N(C[C@H]2C)[C@H](C)CO)cc1,NA
Input,F1822-0459,-0.20663111,InputSig,NA,NA,LINCSCP_268427,PC3,10uM,6h,prostate,NA,NA,MWMPSWOBEJCOBM-UHFFFAOYSA-N,"InChI=1S/C16H11BrN2O3S/c17-10-2-1-3-13-14(10)18-16(23-13)19-15(20)9-4-5-11-12(8-9)22-7-6-21-11/h1-5,8H,6-7H2,(H,18,19,20)",25016,Brc1cccc2sc(NC(=O)c3ccc4OCCOc4c3)nc12,NA
Input,CHEMBL2131444,-0.20661013,InputSig,NA,NA,LINCSCP_27247,HT29,10uM,6h,large intestine,NA,NA,FLULYEBPWOEKQH-ULPIOCOXSA-N,"InChI=1S/C35H44ClN5O7S/c1-23-20-41(24(2)22-42)35(45)27-10-9-13-30(34(27)48-31(23)21-40(3)49(46,47)26-18-16-25(36)17-19-26)39-33(44)15-6-4-5-14-32(43)38-29-12-8-7-11-28(29)37/h7-13,16-19,23-24,31,42H,4-6,14-15,20-22,37H2,1-3H3,(H,38,43)(H,39,44)/t23-,24+,31-/m1/s1",40262,C[C@@H](CO)N1C[C@@H](C)[C@@H](CN(C)S(=O)(=O)c2ccc(Cl)cc2)Oc3c(NC(=O)CCCCCC(=O)Nc4ccccc4N)cccc3C1=O,NA
Input,CHEMBL2140128,-0.20657238,InputSig,NA,NA,LINCSCP_59364,VCAP,10uM,6h,prostate,NA,NA,VYCOOHAMPRTWAW-QXULMBECSA-N,"InChI=1S/C43H53N5O5/c1-30-26-48(31(2)29-49)43(52)25-35-24-36(45-41(50)16-8-5-9-17-42(51)46-38-15-11-10-14-37(38)44)22-23-39(35)53-40(30)28-47(3)27-32-18-20-34(21-19-32)33-12-6-4-7-13-33/h4,6-7,10-15,18-24,30-31,40,49H,5,8-9,16-17,25-29,44H2,1-3H3,(H,45,50)(H,46,51)/t30-,31-,40-/m0/s1",19728,C[C@@H](CO)N1C[C@H](C)[C@H](CN(C)Cc2ccc(cc2)c3ccccc3)Oc4ccc(NC(=O)CCCCCC(=O)Nc5ccccc5N)cc4CC1=O,NA
Input,C24H30O6,-0.20653163,InputSig,NA,NA,LINCSCP_281672,PHH,10uM,24h,NA,Cytochrome P450 inhibitor,NR3C2,JUKPWJGBANNWMW-UHFFFAOYSA-N,"InChI=1S/C24H30O6/c1-21-7-4-14(25)10-13(21)11-15(20(27)28-3)19-16-5-8-23(9-6-18(26)30-23)22(16,2)12-17-24(19,21)29-17/h10,15-17,19H,4-9,11-12H2,1-3H3",381,COC(=O)C1CC2=CC(=O)CCC2(C)C34OC3CC5(C)C(CCC56CCC(=O)O6)C14,NA
Input,SCHEMBL2557982,-0.20641678,InputSig,NA,NA,LINCSCP_22034,HEPG2,10uM,6h,liver,NA,NA,ULWJIMVSDPVKNX-UHFFFAOYSA-N,"InChI=1S/C17H21N3O3S/c1-22-13-7-12(8-14(9-13)23-2)15-10-24-17(19-15)20-5-3-11(4-6-20)16(18)21/h7-11H,3-6H2,1-2H3,(H2,18,21)",35695,COc1cc(OC)cc(c1)c2csc(n2)N3CCC(CC3)C(=O)N,NA
Input,CHEMBL40257,-0.20630501,InputSig,NA,NA,LINCSCP_259442,NEU,10uM,24h,NA,Norepinephrine inhibitor,NA,PUHLVDZPLRDOBQ-UHFFFAOYSA-N,"InChI=1S/C8H10N2O5/c9-3-8(13)4-1-6(11)7(12)2-5(4)10(14)15/h1-2,8,11-13H,3,9H2",39914,NCC(O)c1cc(O)c(O)cc1[N+](=O)[O-],NA
Input,BRD-K33676730,-0.20628798,InputSig,NA,NA,LINCSCP_32043,MCF7,10uM,6h,breast,NA,NA,WAZWVLWQIWHNSB-PVLYCHHLSA-N,"InChI=1S/C37H48N4O7/c1-25-20-41(26(2)23-42)36(43)31-18-29(38-37(44)39-30-14-16-33-34(19-30)47-24-46-33)13-15-32(31)48-27(3)10-8-9-17-45-35(25)22-40(4)21-28-11-6-5-7-12-28/h5-7,11-16,18-19,25-27,35,42H,8-10,17,20-24H2,1-4H3,(H2,38,39,44)/t25-,26-,27-,35+/m1/s1",32560,C[C@H](CO)N1C[C@@H](C)[C@H](CN(C)Cc2ccccc2)OCCCC[C@@H](C)Oc3ccc(NC(=O)Nc4ccc5OCOc5c4)cc3C1=O,NA
Input,Syringic acid,-0.20610307,InputSig,NA,NA,LINCSCP_50472,PHH,10uM,6h,NA,Carbonic anhydrase inhibitor,NA,JMSVCTWVEWCHDZ-UHFFFAOYSA-N,"InChI=1S/C9H10O5/c1-13-6-3-5(9(11)12)4-7(14-2)8(6)10/h3-4,10H,1-2H3,(H,11,12)",18245,COc1cc(cc(OC)c1O)C(=O)O,NA
Input,BRD-K01594737,-0.20605208,InputSig,NA,NA,LINCSCP_8427,A549,5uM,24h,lung,NA,NA,VFHDDKSZNLSDOB-FUPPJEDESA-N,"InChI=1S/C24H22N2O3/c1-29-22-5-3-2-4-17(22)9-6-16-7-10-18(11-8-16)23-20(14-25)26(21(23)15-27)24(28)19-12-13-19/h2-5,7-8,10-11,19-21,23,27H,12-13,15H2,1H3/t20-,21+,23-/m1/s1",27871,COc1ccccc1C#Cc2ccc(cc2)[C@H]3[C@H](CO)N([C@@H]3C#N)C(=O)C4CC4,NA
Input,MLS002607718,-0.20602351,InputSig,NA,NA,LINCSCP_188866,A549,10uM,24h,lung,NA,NA,UORQCNUFZGZPMR-UHFFFAOYSA-N,"InChI=1S/C15H18N4OS/c16-12-3-1-10(2-4-12)13-9-21-15(18-13)19-7-5-11(6-8-19)14(17)20/h1-4,9,11H,5-8,16H2,(H2,17,20)",35526,NC(=O)C1CCN(CC1)c2nc(cs2)c3ccc(N)cc3,NA
Input,Broad-Sai-686,-0.20601433,InputSig,NA,NA,LINCSCP_28545,HT29,10uM,24h,large intestine,NA,NA,NA,NA,NA,NA,NA
Input,CHEMBL153158,-0.20600945,InputSig,NA,NA,LINCSCP_18486,HCC515,10uM,24h,lung,Somatostatin receptor agonist,SSTR4,OPNMQSFIGUSHDH-UHFFFAOYSA-N,"InChI=1S/C25H29F2N5O3/c1-35-24(34)20(10-6-12-30-25(28)29)31-21(33)11-5-9-17-18-13-16(26)14-19(27)23(18)32-22(17)15-7-3-2-4-8-15/h2-4,7-8,13-14,20,32H,5-6,9-12H2,1H3,(H,31,33)(H4,28,29,30)",22394,COC(=O)C(CCCNC(=N)N)NC(=O)CCCc1c([nH]c2c(F)cc(F)cc12)c3ccccc3,NA
Input,CO-1686 (AVL-301),-0.20574442,InputSig,NA,NA,LINCSCP_155885,PC3,0.12uM,24h,prostate,Epidermal growth factor receptor erbB1 inhibitor,EGFR,HUFOZJXAKZVRNJ-UHFFFAOYSA-N,"InChI=1S/C27H28F3N7O3/c1-4-24(39)32-18-6-5-7-19(14-18)33-25-21(27(28,29)30)16-31-26(35-25)34-22-9-8-20(15-23(22)40-3)37-12-10-36(11-13-37)17(2)38/h4-9,14-16H,1,10-13H2,2-3H3,(H,32,39)(H2,31,33,34,35)",26936,COc1cc(ccc1Nc2ncc(c(Nc3cccc(NC(=O)C=C)c3)n2)C(F)(F)F)N4CCN(CC4)C(=O)C,3
Input,C24H25CLFN5O3,-0.20573464,InputSig,NA,NA,LINCSCP_145779,MDAMB231,1.11uM,3h,NA,EGFR inhibitor,EGFR|ERBB2|ERBB4,ULXXDDBFHOBEHA-ONEGZZNKSA-N,"InChI=1S/C24H25ClFN5O3/c1-31(2)8-3-4-23(32)30-21-11-17-20(12-22(21)34-16-7-9-33-13-16)27-14-28-24(17)29-15-5-6-19(26)18(25)10-15/h3-6,10-12,14,16H,7-9,13H2,1-2H3,(H,30,32)(H,27,28,29)/b4-3+",5074,CN(C)C\C=C\C(=O)Nc1cc2c(Nc3ccc(F)c(Cl)c3)ncnc2cc1OC4CCOC4,NA
Input,CHEMBL2362456,-0.20569735,InputSig,NA,NA,LINCSCP_63210,VCAP,5uM,24h,prostate,NA,NA,JZQJXXSKGFWMTL-HLBHGXTFSA-N,"InChI=1S/C33H40N6O6/c1-20-31(21(2)45-37-20)36-33(42)35-23-9-12-28-26(15-23)32(41)38(3)27-11-10-25(44-29(27)19-43-28)16-30(40)34-24-13-14-39(18-24)17-22-7-5-4-6-8-22/h4-9,12,15,24-25,27,29H,10-11,13-14,16-19H2,1-3H3,(H,34,40)(H2,35,36,42)/t24-,25+,27+,29+/m0/s1",17048,CN1[C@@H]2CC[C@H](CC(=O)N[C@H]3CCN(Cc4ccccc4)C3)O[C@@H]2COc5ccc(NC(=O)Nc6c(C)onc6C)cc5C1=O,NA
Input,CEFOTETAN,-0.20569603,InputSig,NA,NA,LINCSCP_109700,HELA,0.04uM,24h,large intestine,NA,NA,SRZNHPXWXCNNDU-PGEKIEPBSA-N,"InChI=1S/C17H17N7O8S4/c1-23-16(20-21-22-23)34-4-5-3-33-15-17(32-2,14(31)24(15)7(5)11(29)30)19-9(26)13-35-12(36-13)6(8(18)25)10(27)28/h13,15H,3-4H2,1-2H3,(H2,18,25)(H,19,26)(H,27,28)(H,29,30)/t13?,15?,17-/m0/s1",26871,CO[C@]1(NC(=O)C2SC(=C(C(=O)N)C(=O)O)S2)C3SCC(=C(N3C1=O)C(=O)O)CSc4nnnn4C,NA
Input,Butoconazole,-0.2055687,InputSig,NA,NA,LINCSCP_18471,HCC515,10uM,24h,lung,Cytochrome P450 51 inhibitor,NA,SWLMUYACZKCSHZ-UHFFFAOYSA-N,"InChI=1S/C19H17Cl3N2S/c20-15-7-4-14(5-8-15)6-9-16(12-24-11-10-23-13-24)25-19-17(21)2-1-3-18(19)22/h1-5,7-8,10-11,13,16H,6,9,12H2",15190,Clc1ccc(CCC(Cn2ccnc2)Sc3c(Cl)cccc3Cl)cc1,4
Input,"Triazine Scaffold, 37",-0.20556636,InputSig,NA,NA,LINCSCP_292199,VCAP,10uM,6h,prostate,Glucosylceramidase inhibitor,GBA,YLYZGVPSUIZOCY-UHFFFAOYSA-N,"InChI=1S/C19H28N6O2/c1-19(2,3)27-15-9-5-4-8-14(15)21-17-22-16(20-10-13-26)23-18(24-17)25-11-6-7-12-25/h4-5,8-9,26H,6-7,10-13H2,1-3H3,(H2,20,21,22,23,24)",16045,CC(C)(C)Oc1ccccc1Nc2nc(NCCO)nc(n2)N3CCCC3,NA
Input,Fludarabine,-0.2055402,InputSig,NA,NA,LINCSCP_227986,HT29,10uM,6h,large intestine,DNA synthesis inhibitor,RRM1,HBUBKKRHXORPQB-FJFJXFQQSA-N,"InChI=1S/C10H12FN5O4/c11-10-14-7(12)4-8(15-10)16(2-13-4)9-6(19)5(18)3(1-17)20-9/h2-3,5-6,9,17-19H,1H2,(H2,12,14,15)/t3-,5-,6+,9-/m1/s1",36521,Nc1nc(F)nc2c1ncn2[C@@H]3O[C@H](CO)[C@@H](O)[C@@H]3O,NA
Input,Remacemide,-0.20546896,InputSig,NA,NA,LINCSCP_191889,A549,10uM,6h,lung,Glutamate receptor antagonist,GRIN1,YSGASDXSLKIKOD-UHFFFAOYSA-N,"InChI=1S/C17H20N2O/c1-17(19-16(20)13-18,15-10-6-3-7-11-15)12-14-8-4-2-5-9-14/h2-11H,12-13,18H2,1H3,(H,19,20)",35364,CC(Cc1ccccc1)(NC(=O)CN)c2ccccc2,NA
Input,BRD-K93545352,-0.20541827,InputSig,NA,NA,LINCSCP_60334,VCAP,5uM,6h,prostate,NA,NA,NJKSHKHIQBEBBM-MRJKTFCFSA-N,"InChI=1S/C30H39N3O7S/c1-22-18-33(23(2)21-34)41(36,37)29-12-9-25(6-5-24-7-10-26(38-4)11-8-24)17-27(29)40-28(22)19-31(3)30(35)20-32-13-15-39-16-14-32/h7-12,17,22-23,28,34H,13-16,18-21H2,1-4H3/t22-,23-,28+/m1/s1",2070,COc1ccc(cc1)C#Cc2ccc3c(O[C@@H](CN(C)C(=O)CN4CCOCC4)[C@H](C)CN([C@H](C)CO)S3(=O)=O)c2,NA
Input,"Forskolin, NKH477",-0.2054068,InputSig,NA,NA,LINCSCP_72147,A375,0.12uM,24h,skin,NA,NA,RSOZZQTUMVBTMR-XGUNBQNXSA-N,"InChI=1S/C27H43NO8/c1-10-24(5)15-18(31)27(33)25(6)17(30)11-13-23(3,4)21(25)20(35-19(32)12-14-28(8)9)22(34-16(2)29)26(27,7)36-24/h10,17,20-22,30,33H,1,11-15H2,2-9H3/t17-,20-,21-,22-,24-,25-,26+,27-/m0/s1",26643,CN(C)CCC(=O)O[C@@H]1[C@H](OC(=O)C)[C@@]2(C)O[C@](C)(CC(=O)[C@]2(O)[C@@]3(C)[C@@H](O)CCC(C)(C)[C@H]13)C=C,NA
Input,BRD-K18350116,-0.20536469,InputSig,NA,NA,LINCSCP_300038,VCAP,5uM,6h,prostate,NA,NA,YQOYUVQVCGNRJC-OSWQYVSFSA-N,"InChI=1S/C28H37N3O7/c1-18-14-31(26(32)17-35-4)19(2)16-38-24-13-21(29-27(33)20-7-10-22(36-5)11-8-20)9-12-23(24)28(34)30(3)15-25(18)37-6/h7-13,18-19,25H,14-17H2,1-6H3,(H,29,33)/t18-,19+,25+/m0/s1",2252,COCC(=O)N1C[C@H](C)[C@@H](CN(C)C(=O)c2ccc(NC(=O)c3ccc(OC)cc3)cc2OC[C@H]1C)OC,NA
Input,Tyrphostin AG 1288,-0.20522954,InputSig,NA,NA,LINCSCP_58833,VCAP,10uM,24h,prostate,TNF production inhibitor,TNF,KUXOYSZHUFZKHN-UHFFFAOYSA-N,"InChI=1S/C10H5N3O4/c11-4-7(5-12)1-6-2-8(13(16)17)10(15)9(14)3-6/h1-3,14-15H",27888,Oc1cc(C=C(C#N)C#N)cc(c1O)[N+](=O)[O-],NA
Input,BRD-K31815095,-0.20517135,InputSig,NA,NA,LINCSCP_306530,VCAP,5uM,6h,prostate,NA,NA,RQAOUBOGQGVTCU-FBBABVLZSA-N,"InChI=1S/C24H25F2N3O5/c1-27-22(30)11-17-4-5-19-21(34-17)12-33-20-6-3-16(10-18(20)24(32)29(19)2)28-23(31)13-7-14(25)9-15(26)8-13/h3,6-10,17,19,21H,4-5,11-12H2,1-2H3,(H,27,30)(H,28,31)/t17-,19+,21+/m0/s1",24332,CNC(=O)C[C@@H]1CC[C@@H]2[C@@H](COc3ccc(NC(=O)c4cc(F)cc(F)c4)cc3C(=O)N2C)O1,NA
Input,BRD-K58856256,-0.20514486,InputSig,NA,NA,LINCSCP_27810,HT29,5uM,24h,large intestine,NA,NA,PSFFUTLOGKFPDU-MRPKTGBJSA-N,"InChI=1S/C26H36N4O5/c31-22-14-30(13-21-15-34-18-27-21)24-7-6-23(35-25(24)17-33-16-22)10-26(32)28-20-8-9-29(12-20)11-19-4-2-1-3-5-19/h1-5,15,18,20,22-25,31H,6-14,16-17H2,(H,28,32)/t20-,22-,23-,24-,25+/m1/s1",42505,O[C@H]1COC[C@@H]2O[C@@H](CC(=O)N[C@@H]3CCN(Cc4ccccc4)C3)CC[C@H]2N(Cc5cocn5)C1,NA
Input,RU-24969,-0.20510391,InputSig,NA,NA,LINCSCP_223251,HT29,10uM,6h,large intestine,Serotonin receptor agonist,HTR1A|HTR1B|HTR6,KRVMLPUDAOWOGN-UHFFFAOYSA-N,"InChI=1S/C14H16N2O/c1-17-11-2-3-14-12(8-11)13(9-16-14)10-4-6-15-7-5-10/h2-4,8-9,15-16H,5-7H2,1H3",15087,COc1ccc2[nH]cc(C3=CCNCC3)c2c1,NA
Input,MLS001065838,-0.2050053,InputSig,NA,NA,LINCSCP_25959,HT29,10uM,24h,large intestine,NA,NA,FGOMPZIBFLBLGA-UHFFFAOYSA-N,"InChI=1S/C18H24N6O2/c1-25-15-6-4-14(5-7-15)19-16-20-17(23-8-2-3-9-23)22-18(21-16)24-10-12-26-13-11-24/h4-7H,2-3,8-13H2,1H3,(H,19,20,21,22)",35982,COc1ccc(Nc2nc(nc(n2)N3CCOCC3)N4CCCC4)cc1,NA
Input,GDC-0980 (RG7422),-0.20493966,InputSig,NA,NA,LINCSCP_154814,PC3,0.37uM,24h,prostate,PI3-kinase class I inhibitor|Serine/threonine-protein kinase mTOR inhibitor,MTOR|PIK3CA|PIK3CB|PIK3CD|PIK3CG|PIK3R1|PIK3R2|PIK3R3|PIK3R5,YOVVNQKCSKSHKT-HNNXBMFYSA-N,"InChI=1S/C23H30N8O3S/c1-14-17(13-29-3-5-31(6-4-29)22(33)15(2)32)35-19-18(14)27-20(16-11-25-23(24)26-12-16)28-21(19)30-7-9-34-10-8-30/h11-12,15,32H,3-10,13H2,1-2H3,(H2,24,25,26)/t15-/m0/s1",26920,C[C@H](O)C(=O)N1CCN(Cc2sc3c(nc(nc3c2C)c4cnc(N)nc4)N5CCOCC5)CC1,2
Input,MLS002264411,-0.20492401,InputSig,NA,NA,LINCSCP_26187,HT29,10uM,6h,large intestine,NA,NA,QUVMAECBIAMORA-UHFFFAOYSA-N,"InChI=1S/C29H21N3O2/c33-24(17-19-9-3-1-4-10-19)32-28-27-25(21-12-5-2-6-13-21)26-22-14-8-7-11-20(22)15-16-23(26)34-29(27)31-18-30-28/h1-16,18,25H,17H2,(H,30,31,32,33)",15330,O=C(Cc1ccccc1)Nc2ncnc3Oc4ccc5ccccc5c4C(c6ccccc6)c23,NA
Input,Resmethrin,-0.20486987,InputSig,NA,NA,LINCSCP_460,A375,10uM,6h,skin,Cytochrome P450 inhibitor,NA,VEMKTZHHVJILDY-UHFFFAOYSA-N,"InChI=1S/C22H26O3/c1-15(2)10-19-20(22(19,3)4)21(23)25-14-17-12-18(24-13-17)11-16-8-6-5-7-9-16/h5-10,12-13,19-20H,11,14H2,1-4H3",15329,CC(=CC1C(C(=O)OCc2coc(Cc3ccccc3)c2)C1(C)C)C,NA
Input,CHEMBL1720543,-0.20482283,InputSig,NA,NA,LINCSCP_19717,HCC515,10uM,6h,lung,NA,NA,NRYSIYZIRHQJSQ-UHFFFAOYSA-N,"InChI=1S/C16H13F2N3OS2/c17-13(18)14(22)21-16-12(8-5-6-19-7-11(8)24-16)15-20-9-3-1-2-4-10(9)23-15/h1-4,13,19H,5-7H2,(H,21,22)",730,FC(F)C(=O)Nc1sc2CNCCc2c1c3nc4ccccc4s3,NA
Input,CHEMDIV3_000020,-0.20476251,InputSig,NA,NA,LINCSCP_257679,NEU,10uM,24h,NA,NA,NA,JLBHTGXFDNZNJL-UHFFFAOYSA-N,"InChI=1S/C23H28O2/c1-15(2)20-14-9-16(3)21(23(20)25)22(24)19-12-10-18(11-13-19)17-7-5-4-6-8-17/h4-8,10-13,15-16,20-22,24H,9,14H2,1-3H3",24671,CC(C)C1CCC(C)C(C(O)c2ccc(cc2)c3ccccc3)C1=O,NA
Input,CGP-12177,-0.20474929,InputSig,NA,NA,LINCSCP_138969,MCF7,0.37uM,24h,breast,NA,NA,UMQUQWCJKFOUGV-UHFFFAOYSA-N,"InChI=1S/C14H21N3O3/c1-14(2,3)15-7-9(18)8-20-11-6-4-5-10-12(11)17-13(19)16-10/h4-6,9,15,18H,7-8H2,1-3H3,(H2,16,17,19)",38001,CC(C)(C)NCC(O)COc1cccc2[nH]c(O)nc12,NA
Input,Estriol,-0.20463967,InputSig,NA,NA,LINCSCP_218086,HCC515,0.04uM,24h,lung,Estrogen receptor agonist,ESR1|ESR2,PROQIPRRNZUXQM-ZXXIGWHRSA-N,"InChI=1S/C18H24O3/c1-18-7-6-13-12-5-3-11(19)8-10(12)2-4-14(13)15(18)9-16(20)17(18)21/h3,5,8,13-17,19-21H,2,4,6-7,9H2,1H3/t13-,14-,15+,16-,17+,18+/m1/s1",35573,C[C@]12CC[C@H]3[C@@H](CCc4cc(O)ccc34)[C@@H]1C[C@@H](O)[C@@H]2O,4
Input,BRD-K21458727,-0.20462641,InputSig,NA,NA,LINCSCP_59743,VCAP,5uM,6h,prostate,NA,NA,KBNILDCQMNAARZ-LJKQEARRSA-N,"InChI=1S/C30H37N5O6/c1-18-15-35(19(2)17-36)29(38)24-14-23(31-27(37)13-22-9-7-6-8-10-22)11-12-25(24)40-26(18)16-34(5)30(39)32-28-20(3)33-41-21(28)4/h6-12,14,18-19,26,36H,13,15-17H2,1-5H3,(H,31,37)(H,32,39)/t18-,19-,26-/m1/s1",12126,C[C@H](CO)N1C[C@@H](C)[C@@H](CN(C)C(=O)Nc2c(C)onc2C)Oc3ccc(NC(=O)Cc4ccccc4)cc3C1=O,NA
Input,Esmolol,-0.20459295,InputSig,NA,NA,LINCSCP_170182,YAPC,0.12uM,24h,pancreas,Adrenergic receptor antagonist,ADRB1|ADRB2,AQNDDEOPVVGCPG-UHFFFAOYSA-N,"InChI=1S/C16H25NO4/c1-12(2)17-10-14(18)11-21-15-7-4-13(5-8-15)6-9-16(19)20-3/h4-5,7-8,12,14,17-18H,6,9-11H2,1-3H3",16217,COC(=O)CCc1ccc(OCC(O)CNC(C)C)cc1,4
Input,BRD-K07923524,-0.20455102,InputSig,NA,NA,LINCSCP_63864,VCAP,5uM,24h,prostate,NA,NA,NQAPPCYATWXMBW-ZBXIDMRXSA-N,"InChI=1S/C26H26N4O5/c31-14-18-20-13-29-19(4-1-5-23(29)32)25(30(20)12-17-3-2-8-27-10-17)24(18)26(33)28-11-16-6-7-21-22(9-16)35-15-34-21/h1-10,18,20,24-25,31H,11-15H2,(H,28,33)/t18-,20-,24+,25+/m1/s1",2178,OC[C@@H]1[C@H]2CN3C(=O)C=CC=C3[C@@H]([C@H]1C(=O)NCc4ccc5OCOc5c4)N2Cc6cccnc6,NA
Input,BRD-K27675859,-0.20447829,InputSig,NA,NA,LINCSCP_60670,VCAP,5uM,6h,prostate,NA,NA,QOPMKJNNAFOQDN-FVJLSDCUSA-N,"InChI=1S/C24H33F3N6O4/c1-16-11-33(17(2)14-34)22(35)8-5-9-32-12-20(29-30-32)15-37-21(16)13-31(3)23(36)28-19-7-4-6-18(10-19)24(25,26)27/h4,6-7,10,12,16-17,21,34H,5,8-9,11,13-15H2,1-3H3,(H,28,36)/t16-,17+,21-/m0/s1",22551,C[C@H](CO)N1C[C@H](C)[C@H](CN(C)C(=O)Nc2cccc(c2)C(F)(F)F)OCc3cn(CCCC1=O)nn3,NA
Input,BRD-K75949681,-0.20446612,InputSig,NA,NA,LINCSCP_312536,VCAP,10uM,24h,prostate,NA,NA,APSCYXRJDHETQP-RKRQLMNWSA-N,"InChI=1S/C37H46Cl2N4O7/c1-23-18-43(24(2)21-44)36(45)29-16-27(40-37(46)41-28-10-13-33-34(17-28)49-22-48-33)9-12-32(29)50-25(3)7-5-6-14-47-35(23)20-42(4)19-26-8-11-30(38)31(39)15-26/h8-13,15-17,23-25,35,44H,5-7,14,18-22H2,1-4H3,(H2,40,41,46)/t23-,24+,25-,35+/m1/s1",13512,C[C@@H](CO)N1C[C@@H](C)[C@H](CN(C)Cc2ccc(Cl)c(Cl)c2)OCCCC[C@@H](C)Oc3ccc(NC(=O)Nc4ccc5OCOc5c4)cc3C1=O,NA
Input,Sulbactam,-0.20437103,InputSig,NA,NA,LINCSCP_96787,HA1E,3.33uM,24h,kidney epithelial,NA,NA,FKENQMMABCRJMK-PHDIDXHHSA-N,"InChI=1S/C8H11NO5S/c1-8(2)6(7(11)12)9-4(10)3-5(9)15(8,13)14/h5-6H,3H2,1-2H3,(H,11,12)/t5-,6-/m1/s1",26831,CC1(C)[C@H](N2[C@@H](CC2=O)S1(=O)=O)C(=O)O,NA
Input,Sulbactam,-0.20437103,InputSig,NA,NA,LINCSCP_96787,HA1E,3.33uM,24h,kidney epithelial,NA,NA,FKENQMMABCRJMK-RITPCOANSA-N,"InChI=1S/C8H11NO5S/c1-8(2)6(7(11)12)9-4(10)3-5(9)15(8,13)14/h5-6H,3H2,1-2H3,(H,11,12)/t5-,6+/m1/s1",36463,CC1(C)[C@@H](N2[C@@H](CC2=O)S1(=O)=O)C(=O)O,4
Input,lapatinib,-0.20434113,InputSig,NA,NA,LINCSCP_6129,A549,10uM,6h,lung,EGFR inhibitor|ErbB2 inhibitor,EGFR|ERBB2,NA,NA,NA,NA,NA
Input,BRD-K64478813,-0.20431204,InputSig,NA,NA,LINCSCP_62801,VCAP,5uM,24h,prostate,NA,NA,FYUSSFRUYFLLAK-SELNLUPBSA-N,"InChI=1S/C23H33ClN2O6S2/c1-17-9-11-21(12-10-17)33(28,29)25(4)15-23(32-5)18(2)14-26(19(3)16-27)34(30,31)22-8-6-7-20(24)13-22/h6-13,18-19,23,27H,14-16H2,1-5H3/t18-,19+,23-/m1/s1",3940,CO[C@H](CN(C)S(=O)(=O)c1ccc(C)cc1)[C@H](C)CN([C@@H](C)CO)S(=O)(=O)c2cccc(Cl)c2,NA
Input,Apafant,-0.20430753,InputSig,NA,NA,LINCSCP_74033,A375,0.04uM,24h,skin,Platelet activating factor receptor antagonist,PTAFR,JGPJQFOROWSRRS-UHFFFAOYSA-N,"InChI=1S/C22H22ClN5O2S/c1-14-25-26-19-13-24-21(16-4-2-3-5-18(16)23)17-12-15(31-22(17)28(14)19)6-7-20(29)27-8-10-30-11-9-27/h2-5,12H,6-11,13H2,1H3",35638,Cc1nnc2CN=C(c3ccccc3Cl)c4cc(CCC(=O)N5CCOCC5)sc4n12,NA
Input,KUC104248,-0.20427725,InputSig,NA,NA,LINCSCP_15975,HA1E,10uM,6h,kidney epithelial,NA,NA,FYEXGWWQIOBTNZ-UHFFFAOYSA-N,"InChI=1S/C24H25N5O3/c1-16-17(2)25-22-14-21(18-4-6-20(31-3)7-5-18)26-29(22)23(16)27-9-11-28(12-10-27)24(30)19-8-13-32-15-19/h4-8,13-15H,9-12H2,1-3H3",35628,COc1ccc(cc1)c2cc3nc(C)c(C)c(N4CCN(CC4)C(=O)c5cocc5)n3n2,NA
Input,BRD-K63000292,-0.20416634,InputSig,NA,NA,LINCSCP_48553,PC3,10uM,24h,prostate,NA,NA,OJBHRHOQEWVARJ-KMFVSHEXSA-N,"InChI=1S/C31H34N2O6/c34-25-17-33(16-21-6-13-28-29(14-21)38-20-37-28)27-12-11-26(39-30(27)19-36-18-25)15-31(35)32-24-9-7-23(8-10-24)22-4-2-1-3-5-22/h1-10,13-14,25-27,30,34H,11-12,15-20H2,(H,32,35)/t25-,26-,27+,30-/m1/s1",921,O[C@H]1COC[C@H]2O[C@@H](CC(=O)Nc3ccc(cc3)c4ccccc4)CC[C@@H]2N(Cc5ccc6OCOc6c5)C1,NA
Input,Noscapine,-0.20415301,InputSig,NA,NA,LINCSCP_57487,VCAP,10uM,6h,prostate,Bradykinin receptor antagonist|Tubulin inhibitor,SIGMAR1,AKNNEGZIBPJZJG-MSOLQXFVSA-N,"InChI=1S/C22H23NO7/c1-23-8-7-11-9-14-20(29-10-28-14)21(27-4)15(11)17(23)18-12-5-6-13(25-2)19(26-3)16(12)22(24)30-18/h5-6,9,17-18H,7-8,10H2,1-4H3/t17-,18+/m1/s1",36118,COc1ccc2[C@H](OC(=O)c2c1OC)[C@@H]3N(C)CCc4cc5OCOc5c(OC)c34,4
Input,"2,2'-Pyridylisatogen",-0.20413662,InputSig,NA,NA,LINCSCP_55992,VCAP,10uM,24h,prostate,Purinergic receptor antagonist,P2RY1,LXEZPPZLNVOLDI-UHFFFAOYSA-N,InChI=1S/C13H8N2O2/c16-13-9-5-1-2-7-11(9)15(17)12(13)10-6-3-4-8-14-10/h1-8H,35770,[O-][N+]1=C(C(=O)c2ccccc12)c3ccccn3,NA
Input,SA-84869,-0.20411719,InputSig,NA,NA,LINCSCP_260401,NKDBA,3uM,24h,kidney epithelial,NA,NA,PBKGJIYWLALRHB-ZEVRPEKRSA-N,"InChI=1S/C40H44N4O5/c1-27-22-44(28(2)26-45)40(47)35-21-31(41-39(46)20-30-24-43(4)36-13-9-8-12-34(30)36)16-19-37(35)49-38(27)25-42(3)23-29-14-17-33(18-15-29)48-32-10-6-5-7-11-32/h5-19,21,24,27-28,38,45H,20,22-23,25-26H2,1-4H3,(H,41,46)/t27-,28+,38+/m1/s1",13503,C[C@@H](CO)N1C[C@@H](C)[C@H](CN(C)Cc2ccc(Oc3ccccc3)cc2)Oc4ccc(NC(=O)Cc5cn(C)c6ccccc56)cc4C1=O,NA
Input,BRD-K63140065,-0.20408962,InputSig,NA,NA,LINCSCP_61632,VCAP,5uM,24h,prostate,NA,NA,GHOSBDATJBJZOG-OXYPMYLPSA-N,"InChI=1S/C35H42N4O5/c1-23-19-39(24(2)21-40)34(41)33-32(29-12-8-9-13-30(29)38(33)4)28-11-7-6-10-26(28)22-44-31(23)20-37(3)35(42)36-18-25-14-16-27(43-5)17-15-25/h6-17,23-24,31,40H,18-22H2,1-5H3,(H,36,42)/t23-,24+,31+/m1/s1",922,COc1ccc(CNC(=O)N(C)C[C@@H]2OCc3ccccc3c4c(C(=O)N(C[C@H]2C)[C@@H](C)CO)n(C)c5ccccc45)cc1,NA
Input,Spiramide,-0.20408818,InputSig,NA,NA,LINCSCP_50522,PHH,3uM,6h,NA,Dopamine receptor antagonist|Serotonin receptor antagonist,HTR1A|HTR2A,FJUKDAZEABGEIH-UHFFFAOYSA-N,"InChI=1S/C22H26FN3O2/c23-18-7-9-20(10-8-18)28-16-4-13-25-14-11-22(12-15-25)21(27)24-17-26(22)19-5-2-1-3-6-19/h1-3,5-10H,4,11-17H2,(H,24,27)",36167,Fc1ccc(OCCCN2CCC3(CC2)N(CNC3=O)c4ccccc4)cc1,NA
Input,Procarbazine,-0.20399827,InputSig,NA,NA,LINCSCP_18534,HCC515,10uM,24h,lung,Monoamine oxidase inhibitor,NA,CPTBDICYNRMXFX-UHFFFAOYSA-N,"InChI=1S/C12H19N3O/c1-9(2)15-12(16)11-6-4-10(5-7-11)8-14-13-3/h4-7,9,13-14H,8H2,1-3H3,(H,15,16)",13618,CNNCc1ccc(cc1)C(=O)NC(C)C,4
Input,BRD-K88008216,-0.20395371,InputSig,NA,NA,LINCSCP_23277,HEPG2,10uM,6h,liver,NA,NA,VBIHEYQLZSGFAG-TWUWCHPWSA-N,"InChI=1S/C31H34F4N4O6S/c1-19-16-39(20(2)18-40)29(41)15-21-14-25(37-30(42)36-24-8-4-22(5-9-24)31(33,34)35)10-13-27(21)45-28(19)17-38(3)46(43,44)26-11-6-23(32)7-12-26/h4-14,19-20,28,40H,15-18H2,1-3H3,(H2,36,37,42)/t19-,20+,28+/m0/s1",13843,C[C@H](CO)N1C[C@H](C)[C@@H](CN(C)S(=O)(=O)c2ccc(F)cc2)Oc3ccc(NC(=O)Nc4ccc(cc4)C(F)(F)F)cc3CC1=O,NA
Input,BRD-K73408523,-0.20391375,InputSig,NA,NA,LINCSCP_41677,NKDBA,10uM,24h,kidney epithelial,NA,NA,UWMJOJNRDSZDAZ-GQUBXBKDSA-N,"InChI=1S/C34H36F2N4O5/c1-39-29-11-9-25(17-32(41)37-24-13-14-40(19-24)18-21-5-3-2-4-6-21)45-31(29)20-44-30-12-8-23(16-26(30)34(39)43)38-33(42)22-7-10-27(35)28(36)15-22/h2-8,10,12,15-16,24-25,29,31H,9,11,13-14,17-20H2,1H3,(H,37,41)(H,38,42)/t24-,25-,29-,31-/m0/s1",4293,CN1[C@H]2CC[C@@H](CC(=O)N[C@H]3CCN(Cc4ccccc4)C3)O[C@H]2COc5ccc(NC(=O)c6ccc(F)c(F)c6)cc5C1=O,NA
Input,BRD-K70983703,-0.20385848,InputSig,NA,NA,LINCSCP_41116,NEU,10uM,24h,NA,NA,NA,ASLPZONUTGKWLH-SBHAEUEKSA-N,"InChI=1S/C22H37N5O4/c28-16-21-19(23-22(29)15-26-10-12-30-13-11-26)7-6-18(31-21)8-9-27-14-20(24-25-27)17-4-2-1-3-5-17/h14,17-19,21,28H,1-13,15-16H2,(H,23,29)/t18-,19-,21+/m1/s1",4178,OC[C@@H]1O[C@@H](CCn2cc(nn2)C3CCCCC3)CC[C@H]1NC(=O)CN4CCOCC4,NA
Input,BRD-K81940726,-0.20375356,InputSig,NA,NA,LINCSCP_27733,HT29,5uM,24h,large intestine,NA,NA,LYYREMJMDQKNES-QNDJGXFYSA-N,"InChI=1S/C22H29N3O5/c1-14-21(26)24(2)13-19-18(28-4)9-8-16(30-19)10-11-29-20-15(12-23)6-5-7-17(20)22(27)25(14)3/h5-7,14,16,18-19H,8-11,13H2,1-4H3/t14-,16+,18-,19+/m0/s1",8184,CO[C@H]1CC[C@@H]2CCOc3c(cccc3C(=O)N(C)[C@@H](C)C(=O)N(C)C[C@H]1O2)C#N,NA
Input,BRD-K69096174,-0.20368876,InputSig,NA,NA,LINCSCP_28851,HUH7,10uM,24h,liver,NA,NA,KJZOGGIMPWHLRO-UYXZNNOOSA-N,"InChI=1S/C30H30F3N5O4/c1-18-15-38(19(2)17-39)28(40)25-12-22(21-6-4-20(13-34)5-7-21)14-35-27(25)42-26(18)16-37(3)29(41)36-24-10-8-23(9-11-24)30(31,32)33/h4-12,14,18-19,26,39H,15-17H2,1-3H3,(H,36,41)/t18-,19+,26-/m1/s1",1823,C[C@@H](CO)N1C[C@@H](C)[C@@H](CN(C)C(=O)Nc2ccc(cc2)C(F)(F)F)Oc3ncc(cc3C1=O)c4ccc(cc4)C#N,NA
Input,Isotretinoin,-0.20362826,InputSig,NA,NA,LINCSCP_59603,VCAP,10uM,6h,prostate,Retinoic acid receptor agonist,RARA|RARB|RARG,SHGAZHPCJJPHSC-XFYACQKRSA-N,"InChI=1S/C20H28O2/c1-15(8-6-9-16(2)14-19(21)22)11-12-18-17(3)10-7-13-20(18,4)5/h6,8-9,11-12,14H,7,10,13H2,1-5H3,(H,21,22)/b9-6+,12-11+,15-8+,16-14-",2587,C\C(=C\C(=O)O)\C=C\C=C(/C)\C=C\C1=C(C)CCCC1(C)C,4
Input,Fumonisin-B1,-0.20361573,InputSig,NA,NA,LINCSCP_15198,HA1E,100uM,24h,kidney epithelial,Sphingosine N acyltransferase inhibitor,CERS1,UVBUBMSSQKOIBE-YPCSWJJOSA-N,"InChI=1S/C34H59NO15/c1-5-6-9-20(3)32(50-31(44)17-23(34(47)48)15-29(41)42)27(49-30(43)16-22(33(45)46)14-28(39)40)13-19(2)12-24(36)10-7-8-11-25(37)18-26(38)21(4)35/h19-27,32,36-38H,5-18,35H2,1-4H3,(H,39,40)(H,41,42)(H,45,46)(H,47,48)/t19?,20-,21+,22-,23-,24-,25-,26+,27+,32-/m1/s1",23404,CCCC[C@@H](C)[C@@H](OC(=O)C[C@@H](CC(=O)O)C(=O)O)[C@H](CC(C)C[C@H](O)CCCC[C@@H](O)C[C@H](O)[C@H](C)N)OC(=O)C[C@@H](CC(=O)O)C(=O)O,NA
Input,BMS-536924,-0.20359633,InputSig,NA,NA,LINCSCP_53458,SKMEL28,10uM,6h,skin,IGF-1 inhibitor,IGF1R,ZWVZORIKUNOTCS-OAQYLSRUSA-N,"InChI=1S/C25H26ClN5O3/c1-15-11-18(31-7-9-34-10-8-31)13-20-23(15)30-24(29-20)22-19(5-6-27-25(22)33)28-14-21(32)16-3-2-4-17(26)12-16/h2-6,11-13,21,32H,7-10,14H2,1H3,(H,29,30)(H2,27,28,33)/t21-/m1/s1",35291,Cc1cc(cc2[nH]c(nc12)c3c(O)nccc3NC[C@@H](O)c4cccc(Cl)c4)N5CCOCC5,NA
Input,BRD-K05111274,-0.20352651,InputSig,NA,NA,LINCSCP_60132,VCAP,5uM,24h,prostate,NA,NA,HVXCQDGXUZNQFT-IECBHUPTSA-N,"InChI=1S/C27H34FN3O4/c1-18-14-31(19(2)17-32)26(33)23-12-20(9-10-27(3,4)34)13-29-25(23)35-24(18)16-30(5)15-21-7-6-8-22(28)11-21/h6-8,11-13,18-19,24,32,34H,14-17H2,1-5H3/t18-,19-,24+/m1/s1",22371,C[C@H](CO)N1C[C@@H](C)[C@H](CN(C)Cc2cccc(F)c2)Oc3ncc(cc3C1=O)C#CC(C)(C)O,NA
Input,Palmitoyl Carnitine,-0.20351824,InputSig,NA,NA,LINCSCP_2278,A375,10uM,6h,skin,NA,NA,XOMRRQXKHMYMOC-UHFFFAOYSA-O,"InChI=1S/C23H45NO4/c1-5-6-7-8-9-10-11-12-13-14-15-16-17-18-23(27)28-21(19-22(25)26)20-24(2,3)4/h21H,5-20H2,1-4H3/p+1",16253,CCCCCCCCCCCCCCCC(=O)OC(CC(=O)O)C[N+](C)(C)C,NA
Input,AC1M52QF,-0.20347792,InputSig,NA,NA,LINCSCP_224030,HT29,10uM,24h,large intestine,NA,NA,XVWCAOUMDSZQPB-WOJGMQOQSA-N,"InChI=1S/C22H14N2O6S/c25-19-18(31-22(24-19)23-15-3-1-2-14(10-15)21(28)29)11-16-8-9-17(30-16)12-4-6-13(7-5-12)20(26)27/h1-11H,(H,26,27)(H,28,29)(H,23,24,25)/b18-11+",25764,OC(=O)c1ccc(cc1)c2oc(\C=C/3\SC(=NC3=O)Nc4cccc(c4)C(=O)O)cc2,NA
Input,MK-0812,-0.20347563,InputSig,NA,NA,LINCSCP_169737,YAPC,0.37uM,24h,pancreas,NA,NA,MTMDXAIUENDNDL-RJSMDTJLSA-N,"InChI=1S/C24H34F3N3O3/c1-15(2)23(7-4-18(11-23)29-20-6-9-33-14-21(20)32-3)22(31)30-8-5-19-16(13-30)10-17(12-28-19)24(25,26)27/h10,12,15,18,20-21,29H,4-9,11,13-14H2,1-3H3/t18-,20+,21-,23+/m1/s1",27056,CO[C@@H]1COCC[C@@H]1N[C@@H]2CC[C@](C2)(C(C)C)C(=O)N3CCc4ncc(cc4C3)C(F)(F)F,NA
Input,BRD-K55633328,-0.20339569,InputSig,NA,NA,LINCSCP_185153,A375,5uM,24h,skin,NA,NA,IUTSGSRNULSIQV-IPYPFGDCSA-N,"InChI=1S/C15H20N2O3/c1-16-7-12-15(10-5-3-4-6-11(10)16)13(8-18)17(12)14(19)9-20-2/h3-6,12-13,15,18H,7-9H2,1-2H3/t12-,13+,15+/m1/s1",13027,COCC(=O)N1[C@@H](CO)[C@@H]2[C@H]1CN(C)c3ccccc23,NA
Input,SCHEMBL16984308,-0.20334917,InputSig,NA,NA,LINCSCP_50341,PHH,10uM,24h,NA,NA,NA,DRCDGYYITPZHEH-BOAXMXEYSA-N,"InChI=1S/C35H35N3O5S/c1-38-30-15-14-27(19-33(39)36-21-23-9-11-25(12-10-23)24-6-3-2-4-7-24)43-32(30)22-42-31-16-13-26(18-29(31)35(38)41)37-34(40)20-28-8-5-17-44-28/h2-13,16-18,27,30,32H,14-15,19-22H2,1H3,(H,36,39)(H,37,40)/t27-,30-,32-/m0/s1",1821,CN1[C@H]2CC[C@@H](CC(=O)NCc3ccc(cc3)c4ccccc4)O[C@H]2COc5ccc(NC(=O)Cc6cccs6)cc5C1=O,NA
Input,CHEMBL1456638,-0.20330845,InputSig,NA,NA,LINCSCP_45671,PC3,10uM,24h,prostate,NA,NA,CEHLLIWABBUNLQ-BQYQJAHWSA-N,"InChI=1S/C17H12FNO/c18-15-6-2-1-4-13(15)8-7-12-9-10-16(20)17-14(12)5-3-11-19-17/h1-11,20H/b8-7+",17516,Oc1ccc(\C=C\c2ccccc2F)c3cccnc13,NA
Input,GSK1292263,-0.20312357,InputSig,NA,NA,LINCSCP_171124,YAPC,10uM,24h,pancreas,NA,NA,AYJRTVVIBJSSKN-UHFFFAOYSA-N,"InChI=1S/C23H28N4O4S/c1-16(2)22-25-23(31-26-22)27-12-10-17(11-13-27)15-30-19-6-9-21(24-14-19)18-4-7-20(8-5-18)32(3,28)29/h4-9,14,16-17H,10-13,15H2,1-3H3",27111,CC(C)c1noc(n1)N2CCC(COc3ccc(nc3)c4ccc(cc4)S(=O)(=O)C)CC2,NA
Input,Sulindac,-0.20311302,InputSig,NA,NA,LINCSCP_207420,FIBRNPC,10uM,24h,NA,Cyclooxygenase inhibitor,AKR1B1|PTGS1|PTGS2,MLKXDPUZXIRXEP-MFOYZWKCSA-N,"InChI=1S/C20H17FO3S/c1-12-17(9-13-3-6-15(7-4-13)25(2)24)16-8-5-14(21)10-19(16)18(12)11-20(22)23/h3-10H,11H2,1-2H3,(H,22,23)/b17-9-",9465,CC1=C(CC(=O)O)c2cc(F)ccc2/C/1=C\c3ccc(cc3)S(=O)C,4
Input,BRD-K25436320,-0.20310635,InputSig,NA,NA,LINCSCP_3551,A375,10uM,24h,skin,NA,NA,XYJNBNRQTGEDGH-DDFCPOBKSA-N,"InChI=1S/C31H39N3O5S/c1-22-18-34(23(2)21-35)31(36)17-27-16-28(32-40(4,37)38)14-15-29(27)39-30(22)20-33(3)19-24-10-12-26(13-11-24)25-8-6-5-7-9-25/h5-16,22-23,30,32,35H,17-21H2,1-4H3/t22-,23+,30+/m0/s1",12228,C[C@H](CO)N1C[C@H](C)[C@@H](CN(C)Cc2ccc(cc2)c3ccccc3)Oc4ccc(NS(=O)(=O)C)cc4CC1=O,NA
Input,BRD-K58607374,-0.20305125,InputSig,NA,NA,LINCSCP_8812,A549,5uM,24h,lung,NA,NA,OHNLIOCTEKXPSN-QHCPKHFHSA-N,"InChI=1S/C27H32ClN3O3/c1-3-24(33)31-17-27(10-12-30(13-11-27)15-18-6-4-5-7-21(18)28)25-20-9-8-19(34-2)14-22(20)29-26(25)23(31)16-32/h4-9,14,23,29,32H,3,10-13,15-17H2,1-2H3/t23-/m0/s1",13099,CCC(=O)N1CC2(CCN(Cc3ccccc3Cl)CC2)c4c([nH]c5cc(OC)ccc45)[C@@H]1CO,NA
Input,KUC105208 KUC105208N,-0.20298692,InputSig,NA,NA,LINCSCP_222177,HL60,0.5uM,24h,haematopoietic and lymphoid tissue,NA,NA,YZURTNKNJIUDGQ-HKBOAZHASA-N,"InChI=1S/C21H23ClN4OS/c22-16-7-5-15(6-8-16)19-10-21(27)20(13-25(19)11-17-2-1-9-28-17)26-12-18(23-24-26)14-3-4-14/h1-2,5-9,12,14,19-21,27H,3-4,10-11,13H2/t19-,20+,21+/m1/s1",26521,O[C@H]1C[C@@H](N(Cc2cccs2)C[C@@H]1n3cc(nn3)C4CC4)c5ccc(Cl)cc5,NA
Input,Ezetimibe,-0.20290309,InputSig,NA,NA,LINCSCP_211190,HA1E,10uM,6h,kidney epithelial,Cholesterol inhibitor|Niemann-Pick C1-like 1 protein antagonist,NPC1L1,OLNTVTPDXPETLC-XPWALMASSA-N,"InChI=1S/C24H21F2NO3/c25-17-5-1-15(2-6-17)22(29)14-13-21-23(16-3-11-20(28)12-4-16)27(24(21)30)19-9-7-18(26)8-10-19/h1-12,21-23,28-29H,13-14H2/t21-,22+,23-/m1/s1",16340,O[C@@H](CC[C@@H]1[C@H](N(C1=O)c2ccc(F)cc2)c3ccc(O)cc3)c4ccc(F)cc4,4
Input,BRD-K63948704,-0.20286149,InputSig,NA,NA,LINCSCP_60062,VCAP,5uM,24h,prostate,NA,NA,PTEFBLKOTMQJFG-CVNGOIGYSA-N,"InChI=1S/C24H31FN2O6S2/c1-5-6-19-7-12-24-22(13-19)33-23(17(2)14-27(18(3)16-28)35(24,31)32)15-26(4)34(29,30)21-10-8-20(25)9-11-21/h5-13,17-18,23,28H,14-16H2,1-4H3/b6-5+/t17-,18-,23-/m1/s1",25800,C\C=C\c1ccc2c(O[C@H](CN(C)S(=O)(=O)c3ccc(F)cc3)[C@H](C)CN([C@H](C)CO)S2(=O)=O)c1,NA
Input,Terreic-acid,-0.20280632,InputSig,NA,NA,LINCSCP_13287,FIBRNPC,10uM,6h,NA,Bruton's tyrosine kinase (BTK) inhibitor,BTK,NYFMSQHOGRWGFD-OOEDRKFMSA-N,"InChI=1S/C7H6O4/c1-2-3(8)5(10)7-6(11-7)4(2)9/h2,6-7H,1H3/t2?,6-,7+/m1/s1",25399,CC1C(=O)[C@H]2O[C@H]2C(=O)C1=O,NA
Input,altrenogest,-0.2027837,InputSig,NA,NA,LINCSCP_106481,HELA,0.37uM,24h,large intestine,NA,NA,NA,NA,NA,NA,NA
Input,Chicago Sky Blue,-0.20271748,InputSig,NA,NA,LINCSCP_47647,PC3,10uM,24h,prostate,Glutamate inhibitor|Glutamate transporter modulator|Macrophage inhibitor|Macrophage migration inhibiting factor inhibitor,MIF,OHMJKMNGYYWCHB-UHFFFAOYSA-N,"InChI=1S/C34H28N6O16S4/c1-55-23-11-15(3-7-19(23)37-39-21-9-5-17-25(57(43,44)45)13-27(59(49,50)51)31(35)29(17)33(21)41)16-4-8-20(24(12-16)56-2)38-40-22-10-6-18-26(58(46,47)48)14-28(60(52,53)54)32(36)30(18)34(22)42/h3-14,41-42H,35-36H2,1-2H3,(H,43,44,45)(H,46,47,48)(H,49,50,51)(H,52,53,54)",23296,COc1cc(ccc1N=Nc2ccc3c(cc(c(N)c3c2O)S(=O)(=O)O)S(=O)(=O)O)c4ccc(N=Nc5ccc6c(cc(c(N)c6c5O)S(=O)(=O)O)S(=O)(=O)O)c(OC)c4,NA
Input,LACOSAMIDE,-0.20258369,InputSig,NA,NA,LINCSCP_142451,MCF7,10uM,24h,breast,Sodium channel alpha subunit blocker,SCN10A|SCN11A|SCN1A|SCN2A|SCN3A|SCN4A|SCN5A|SCN7A|SCN8A|SCN9A,VPPJLAIAVCUEMN-GFCCVEGCSA-N,"InChI=1S/C13H18N2O3/c1-10(16)15-12(9-18-2)13(17)14-8-11-6-4-3-5-7-11/h3-7,12H,8-9H2,1-2H3,(H,14,17)(H,15,16)/t12-/m1/s1",26585,COC[C@@H](NC(=O)C)C(=O)NCc1ccccc1,4
Input,UB-165,-0.20253443,InputSig,NA,NA,LINCSCP_289163,VCAP,10uM,24h,prostate,Acetylcholine receptor agonist,CHRNA3|CHRNA4|CHRNB2,TVSNVPGPFGAKPT-UHFFFAOYSA-N,"InChI=1S/C13H15ClN2/c14-13-7-4-9(8-15-13)11-3-1-2-10-5-6-12(11)16-10/h3-4,7-8,10,12,16H,1-2,5-6H2",23022,Clc1ccc(cn1)C2=CCCC3CCC2N3,NA
Input,T5285107,-0.20240292,InputSig,NA,NA,LINCSCP_25929,HT29,10uM,24h,large intestine,NA,NA,RHPQXKACBFKHMZ-UHFFFAOYSA-N,"InChI=1S/C25H20FN3O2S/c26-20-9-2-4-11-22(20)29-24(31)19-8-1-3-10-21(19)28-25(29)32-15-23(30)27-18-13-12-16-6-5-7-17(16)14-18/h1-4,8-14H,5-7,15H2,(H,27,30)",35761,Fc1ccccc1N2C(=Nc3ccccc3C2=O)SCC(=O)Nc4ccc5CCCc5c4,NA
Input,BRD-K58300499,-0.20236196,InputSig,NA,NA,LINCSCP_300136,VCAP,5uM,6h,prostate,NA,NA,NYJPVGKIWASVOA-JXQFQVJHSA-N,"InChI=1S/C27H42N4O6/c1-6-11-28-27(34)29-21-7-8-22-23(14-21)37-17-19(3)31(25(32)20-9-12-36-13-10-20)15-18(2)24(35-5)16-30(4)26(22)33/h7-8,14,18-20,24H,6,9-13,15-17H2,1-5H3,(H2,28,29,34)/t18-,19-,24-/m0/s1",41938,CCCNC(=O)Nc1ccc2C(=O)N(C)C[C@H](OC)[C@@H](C)CN([C@@H](C)COc2c1)C(=O)C3CCOCC3,NA
Input,BRD-K41042536,-0.20235298,InputSig,NA,NA,LINCSCP_66108,VCAP,10uM,24h,prostate,NA,NA,XBFLRTYNHZZFRG-RDJYNFKMSA-N,"InChI=1S/C37H49N3O5/c1-27-23-40(28(2)26-41)37(43)33-22-32(38-36(42)21-30-14-7-5-8-15-30)18-19-34(33)45-29(3)13-11-12-20-44-35(27)25-39(4)24-31-16-9-6-10-17-31/h5-10,14-19,22,27-29,35,41H,11-13,20-21,23-26H2,1-4H3,(H,38,42)/t27-,28+,29+,35+/m1/s1",12669,C[C@@H](CO)N1C[C@@H](C)[C@H](CN(C)Cc2ccccc2)OCCCC[C@H](C)Oc3ccc(NC(=O)Cc4ccccc4)cc3C1=O,NA
Input,MLS003129190,-0.20233383,InputSig,NA,NA,LINCSCP_60770,VCAP,5uM,24h,prostate,NA,NA,VVYGNONDBDDRFX-LVCYWYKZSA-N,"InChI=1S/C23H33N5O5/c1-17-13-27(18(2)15-29)22(30)10-7-11-28-19(12-24-25-28)16-32-21(17)14-26(3)23(31)33-20-8-5-4-6-9-20/h4-6,8-9,12,17-18,21,29H,7,10-11,13-16H2,1-3H3/t17-,18+,21-/m1/s1",16951,C[C@@H](CO)N1C[C@@H](C)[C@@H](CN(C)C(=O)Oc2ccccc2)OCc3cnnn3CCCC1=O,NA
Input,CHEMBL1982510,-0.20231701,InputSig,NA,NA,LINCSCP_59388,VCAP,10uM,6h,prostate,NA,NA,GEPQSEIVCGMSGO-CEMVDLCSSA-N,"InChI=1S/C35H45FN4O7S/c1-24-21-40(25(2)23-41)34(42)31-20-29(38-35(43)37-28-11-6-5-7-12-28)15-18-32(31)47-26(3)10-8-9-19-46-33(24)22-39(4)48(44,45)30-16-13-27(36)14-17-30/h5-7,11-18,20,24-26,33,41H,8-10,19,21-23H2,1-4H3,(H2,37,38,43)/t24-,25+,26-,33-/m0/s1",36769,C[C@H](CO)N1C[C@H](C)[C@H](CN(C)S(=O)(=O)c2ccc(F)cc2)OCCCC[C@H](C)Oc3ccc(NC(=O)Nc4ccccc4)cc3C1=O,NA
Input,Tiotidine,-0.20231674,InputSig,NA,NA,LINCSCP_242244,MCF7,10uM,6h,breast,Histamine receptor antagonist,HRH2,YDDXVAXDYKBWDX-UHFFFAOYSA-N,"InChI=1S/C10H16N8S2/c1-14-9(16-6-11)15-2-3-19-4-7-5-20-10(17-7)18-8(12)13/h5H,2-4H2,1H3,(H2,14,15,16)(H4,12,13,17,18)",35521,CNC(=NC#N)NCCSCc1csc(N=C(N)N)n1,NA
Input,MLS003130158,-0.20224662,InputSig,NA,NA,LINCSCP_66085,VCAP,10uM,24h,prostate,NA,NA,INVIOEDNEQSFGP-YPCDYVTLSA-N,"InChI=1S/C28H37N3O5S/c1-20-17-31(21(2)19-32)37(34,35)27-12-11-24(23-9-5-4-6-10-23)15-25(27)36-26(20)18-30(3)28(33)14-22-8-7-13-29-16-22/h7-9,11-13,15-16,20-21,26,32H,4-6,10,14,17-19H2,1-3H3/t20-,21-,26+/m1/s1",40018,C[C@H](CO)N1C[C@@H](C)[C@H](CN(C)C(=O)Cc2cccnc2)Oc3cc(ccc3S1(=O)=O)C4=CCCCC4,NA
Input,BRD-A73847809,-0.20192458,InputSig,NA,NA,LINCSCP_294491,VCAP,10uM,6h,prostate,NA,NA,ZOUHRSKPYLZWFE-UHFFFAOYSA-N,"InChI=1S/C23H18N2O6S/c1-11-12(2)32-23(24-11)25-18(14-8-5-9-30-14)17(20(27)22(25)28)19(26)16-10-13-6-4-7-15(29-3)21(13)31-16/h4-10,17-18H,1-3H3",22220,COc1cccc2cc(oc12)C(=O)C3C(N(C(=O)C3=O)c4nc(C)c(C)s4)c5occc5,NA
Input,BRD-K34382714,-0.20191898,InputSig,NA,NA,LINCSCP_8477,A549,5uM,24h,lung,NA,NA,MYJKJHLNWUIKMG-HBMCJLEFSA-N,"InChI=1S/C22H21N3O2/c23-13-19-21(17-10-8-16(9-11-17)15-5-1-2-6-15)20(14-26)25(19)22(27)18-7-3-4-12-24-18/h3-5,7-12,19-21,26H,1-2,6,14H2/t19-,20+,21-/m0/s1",2830,OC[C@@H]1[C@H]([C@H](C#N)N1C(=O)c2ccccn2)c3ccc(cc3)C4=CCCC4,NA
Input,CHEMBL2139763,-0.20187682,InputSig,NA,NA,LINCSCP_65605,VCAP,10uM,24h,prostate,NA,NA,XJOPVLQFFGEWNL-JWUQWVJQSA-N,"InChI=1S/C33H38F3N3O4/c1-22-18-39(23(2)21-40)32(42)17-26-16-28(37-31(41)15-24-7-5-4-6-8-24)13-14-29(26)43-30(22)20-38(3)19-25-9-11-27(12-10-25)33(34,35)36/h4-14,16,22-23,30,40H,15,17-21H2,1-3H3,(H,37,41)/t22-,23-,30+/m1/s1",40074,C[C@H](CO)N1C[C@@H](C)[C@H](CN(C)Cc2ccc(cc2)C(F)(F)F)Oc3ccc(NC(=O)Cc4ccccc4)cc3CC1=O,NA
Input,Oxfendazole,-0.20186739,InputSig,NA,NA,LINCSCP_153574,PC3,0.12uM,24h,prostate,Anthelmintic agent,NA,BEZZFPOZAYTVHN-UHFFFAOYSA-N,"InChI=1S/C15H13N3O3S/c1-21-15(19)18-14-16-12-8-7-11(9-13(12)17-14)22(20)10-5-3-2-4-6-10/h2-9H,1H3,(H2,16,17,18,19)",24749,COC(=O)Nc1nc2ccc(cc2[nH]1)S(=O)c3ccccc3,NA
Input,CHEMBL2359798,-0.20180551,InputSig,NA,NA,LINCSCP_59309,VCAP,10uM,6h,prostate,NA,NA,ZBLCOVKAEUNWGN-IKBQMQIHSA-N,"InChI=1S/C33H43N5O4/c1-22-18-38(23(2)21-39)32(40)17-26-16-27(36(3)4)14-15-30(26)42-31(22)20-37(5)19-24-10-12-25(13-11-24)33(41)35-29-9-7-6-8-28(29)34/h6-16,22-23,31,39H,17-21,34H2,1-5H3,(H,35,41)/t22-,23+,31-/m1/s1",16623,C[C@@H](CO)N1C[C@@H](C)[C@@H](CN(C)Cc2ccc(cc2)C(=O)Nc3ccccc3N)Oc4ccc(cc4CC1=O)N(C)C,NA
Input,SA-1920722,-0.20180241,InputSig,NA,NA,LINCSCP_37737,MCF7,10uM,24h,breast,NA,NA,MQIXLZJMWPJVMP-GNKBHMEESA-N,"InChI=1S/C26H32N2O4S/c1-20-8-3-4-10-25(20)33(30,31)27-15-5-6-16-28-23(18-27)26(24(28)19-29)22-13-11-21(12-14-22)9-7-17-32-2/h3-4,8,10-14,23-24,26,29H,5-6,15-19H2,1-2H3/t23-,24-,26-/m0/s1",13933,COCC#Cc1ccc(cc1)[C@@H]2[C@H](CO)N3CCCCN(C[C@@H]23)S(=O)(=O)c4ccccc4C,NA
Input,ZINC01045466,-0.20179748,InputSig,NA,NA,LINCSCP_23299,HEPG2,10uM,6h,liver,NA,NA,IECBSRBZPZTUKJ-UHFFFAOYSA-N,"InChI=1S/C20H12F2N2O2S3/c21-14-5-1-12(2-6-14)17(25)10-27-19-16(9-23)20(29-24-19)28-11-18(26)13-3-7-15(22)8-4-13/h1-8H,10-11H2",22257,Fc1ccc(cc1)C(=O)CSc2nsc(SCC(=O)c3ccc(F)cc3)c2C#N,NA
Input,MLS000564806,-0.20178852,InputSig,NA,NA,LINCSCP_21289,HEC108,10uM,6h,endometrium,NA,NA,XAFSFXYJOJWLJD-UHFFFAOYSA-N,"InChI=1S/C21H23ClN4O/c1-2-25-9-11-26(12-10-25)20(15-5-3-7-23-14-15)17-13-18(22)16-6-4-8-24-19(16)21(17)27/h3-8,13-14,20,27H,2,9-12H2,1H3",36233,CCN1CCN(CC1)C(c2cccnc2)c3cc(Cl)c4cccnc4c3O,NA
Input,Celecoxib,-0.2017587,InputSig,NA,NA,LINCSCP_225018,HT29,10uM,6h,large intestine,Cyclooxygenase inhibitor,PTGS2,RZEKVGVHFLEQIL-UHFFFAOYSA-N,"InChI=1S/C17H14F3N3O2S/c1-11-2-4-12(5-3-11)15-10-16(17(18,19)20)22-23(15)13-6-8-14(9-7-13)26(21,24)25/h2-10H,1H3,(H2,21,24,25)",15375,Cc1ccc(cc1)c2cc(nn2c3ccc(cc3)S(=O)(=O)N)C(F)(F)F,4
Input,Hexachlorophene,-0.20166384,InputSig,NA,NA,LINCSCP_110391,HELA,1.11uM,24h,large intestine,Potassium channel activator,NA,ACGUYXCXAPNIKK-UHFFFAOYSA-N,"InChI=1S/C13H6Cl6O2/c14-6-2-8(16)12(20)4(10(6)18)1-5-11(19)7(15)3-9(17)13(5)21/h2-3,20-21H,1H2",35217,Oc1c(Cl)cc(Cl)c(Cl)c1Cc2c(O)c(Cl)cc(Cl)c2Cl,4
Input,CHEMBL2354474,-0.20166277,InputSig,NA,NA,LINCSCP_295015,VCAP,10uM,6h,prostate,NA,NA,PJJFGNJDCNNRAD-GLPSKGHJSA-N,"InChI=1S/C36H58N4O6/c1-25-22-40(26(2)24-41)35(43)31-21-30(37-34(42)28-14-7-5-8-15-28)18-19-32(31)46-27(3)13-11-12-20-45-33(25)23-39(4)36(44)38-29-16-9-6-10-17-29/h18-19,21,25-29,33,41H,5-17,20,22-24H2,1-4H3,(H,37,42)(H,38,44)/t25-,26+,27-,33-/m1/s1",19548,C[C@@H](CO)N1C[C@@H](C)[C@@H](CN(C)C(=O)NC2CCCCC2)OCCCC[C@@H](C)Oc3ccc(NC(=O)C4CCCCC4)cc3C1=O,NA
Input,Nelfinavir,-0.20163295,InputSig,NA,NA,LINCSCP_16207,HA1E,10uM,6h,kidney epithelial,HIV protease inhibitor,CYP1A2|CYP2B6|CYP2C19|CYP2C9|CYP2D6|CYP3A4|CYP3A7,QAGYKUNXZHXKMR-HKWSIXNMSA-N,"InChI=1S/C32H45N3O4S/c1-21-25(15-10-16-28(21)36)30(38)33-26(20-40-24-13-6-5-7-14-24)29(37)19-35-18-23-12-9-8-11-22(23)17-27(35)31(39)34-32(2,3)4/h5-7,10,13-16,22-23,26-27,29,36-37H,8-9,11-12,17-20H2,1-4H3,(H,33,38)(H,34,39)/t22-,23+,26-,27-,29+/m0/s1",36557,Cc1c(O)cccc1C(=O)N[C@@H](CSc2ccccc2)[C@H](O)CN3C[C@H]4CCCC[C@H]4C[C@H]3C(=O)NC(C)(C)C,4
Input,Syrosingopine,-0.20159817,InputSig,NA,NA,LINCSCP_18099,HCC515,10uM,6h,lung,Vesicular monoamine transporter inhibitor,NA,ZCDNRPPFBQDQHR-SSYATKPKSA-N,"InChI=1S/C35H42N2O11/c1-7-46-35(40)48-31-26(42-3)12-18(13-27(31)43-4)33(38)47-28-14-19-17-37-11-10-22-21-9-8-20(41-2)15-24(21)36-30(22)25(37)16-23(19)29(32(28)44-5)34(39)45-6/h8-9,12-13,15,19,23,25,28-29,32,36H,7,10-11,14,16-17H2,1-6H3/t19-,23+,25-,28-,29+,32+/m1/s1",15432,CCOC(=O)Oc1c(OC)cc(cc1OC)C(=O)O[C@@H]2C[C@@H]3CN4CCc5c([nH]c6cc(OC)ccc56)[C@H]4C[C@@H]3[C@@H]([C@H]2OC)C(=O)OC,NA
Input,AC1O9CXV,-0.20157346,InputSig,NA,NA,LINCSCP_46459,PC3,10uM,24h,prostate,NA,NA,FDSLGRRNMPJGLN-WYMPLXKRSA-N,"InChI=1S/C22H16BrN3O2S2/c23-15-6-9-19(27)14(10-15)12-24-17-7-8-18-20(11-17)30-22(26-18)29-13-21(28)25-16-4-2-1-3-5-16/h1-12,27H,13H2,(H,25,28)/b24-12+",1493,Oc1ccc(Br)cc1\C=N\c2ccc3nc(SCC(=O)Nc4ccccc4)sc3c2,NA
Input,IN1549,-0.20146738,InputSig,NA,NA,LINCSCP_30724,MCF7,10uM,6h,breast,Calpain inhibitor,NA,PGGUOGKHUUUWAF-UHFFFAOYSA-N,"InChI=1S/C20H30N2O4/c1-4-5-11-17(13-23)21-19(24)18(12-15(2)3)22-20(25)26-14-16-9-7-6-8-10-16/h6-10,13,15,17-18H,4-5,11-12,14H2,1-3H3,(H,21,24)(H,22,25)",5964,CCCCC(NC(=O)C(CC(C)C)NC(=O)OCc1ccccc1)C=O,NA
Input,MLS003448169,-0.20143341,InputSig,NA,NA,LINCSCP_5217,A549,10uM,6h,lung,NA,NA,UUYOFAMMIFCNPB-UHFFFAOYSA-N,"InChI=1S/C17H23N3O2/c1-3-5-6-13-7-9-14(10-8-13)17-19-16(22-20-17)12-11-15(21)18-4-2/h7-10H,3-6,11-12H2,1-2H3,(H,18,21)",24930,CCCCc1ccc(cc1)c2noc(CCC(=O)NCC)n2,NA
Input,Azelastine,-0.20139416,InputSig,NA,NA,LINCSCP_174299,YAPC,10uM,24h,pancreas,Histamine receptor antagonist,HRH1,MBUVEWMHONZEQD-UHFFFAOYSA-N,"InChI=1S/C22H24ClN3O/c1-25-13-4-5-18(12-14-25)26-22(27)20-7-3-2-6-19(20)21(24-26)15-16-8-10-17(23)11-9-16/h2-3,6-11,18H,4-5,12-15H2,1H3",16244,CN1CCCC(CC1)N2N=C(Cc3ccc(Cl)cc3)c4ccccc4C2=O,4
Input,CHEMBL2354402,-0.20137592,InputSig,NA,NA,LINCSCP_59714,VCAP,5uM,24h,prostate,NA,NA,XJOPVLQFFGEWNL-DUELTEGESA-N,"InChI=1S/C33H38F3N3O4/c1-22-18-39(23(2)21-40)32(42)17-26-16-28(37-31(41)15-24-7-5-4-6-8-24)13-14-29(26)43-30(22)20-38(3)19-25-9-11-27(12-10-25)33(34,35)36/h4-14,16,22-23,30,40H,15,17-21H2,1-3H3,(H,37,41)/t22-,23+,30-/m1/s1",19842,C[C@@H](CO)N1C[C@@H](C)[C@@H](CN(C)Cc2ccc(cc2)C(F)(F)F)Oc3ccc(NC(=O)Cc4ccccc4)cc3CC1=O,NA
Input,BRD-K49687221,-0.20137553,InputSig,NA,NA,LINCSCP_35331,MCF7,10uM,24h,breast,NA,NA,OTRZZVMKCVISTM-UAVUOLJFSA-N,"InChI=1S/C27H33FN4O5/c1-16-13-32(17(2)15-33)26(35)22-12-21(29-25(34)18-4-5-18)10-11-23(22)37-24(16)14-31(3)27(36)30-20-8-6-19(28)7-9-20/h6-12,16-18,24,33H,4-5,13-15H2,1-3H3,(H,29,34)(H,30,36)/t16-,17-,24-/m0/s1",32973,C[C@@H](CO)N1C[C@H](C)[C@H](CN(C)C(=O)Nc2ccc(F)cc2)Oc3ccc(NC(=O)C4CC4)cc3C1=O,NA
Input,L-690330,-0.20136815,InputSig,NA,NA,LINCSCP_53002,SKLU1,10uM,6h,lung,Inositol monophosphatase inhibitor,IMPA1,JKOCAAWWDVHWKB-UHFFFAOYSA-N,"InChI=1S/C8H12O8P2/c1-8(17(10,11)12,18(13,14)15)16-7-4-2-6(9)3-5-7/h2-5,9H,1H3,(H2,10,11,12)(H2,13,14,15)",25104,CC(Oc1ccc(O)cc1)(P(=O)(O)O)P(=O)(O)O,NA
Input,BRD-K71240454,-0.20135939,InputSig,NA,NA,LINCSCP_310172,VCAP,30uM,6h,prostate,NA,NA,VTJNXDUZLOWMHH-TZTMDHJLSA-N,"InChI=1S/C30H49N3O5/c1-21-18-33(22(2)20-34)30(36)26-17-25(31-29(35)24-12-7-6-8-13-24)14-15-27(26)38-23(3)11-9-10-16-37-28(21)19-32(4)5/h14-15,17,21-24,28,34H,6-13,16,18-20H2,1-5H3,(H,31,35)/t21-,22-,23-,28-/m1/s1",9350,C[C@H](CO)N1C[C@@H](C)[C@@H](CN(C)C)OCCCC[C@@H](C)Oc2ccc(NC(=O)C3CCCCC3)cc2C1=O,NA
Input,Mozavaptan,-0.20132186,InputSig,NA,NA,LINCSCP_169379,YAPC,0.04uM,24h,pancreas,NA,NA,WRNXUQJJCIZICJ-UHFFFAOYSA-N,"InChI=1S/C27H29N3O2/c1-19-9-4-5-10-22(19)26(31)28-21-16-14-20(15-17-21)27(32)30-18-8-13-24(29(2)3)23-11-6-7-12-25(23)30/h4-7,9-12,14-17,24H,8,13,18H2,1-3H3,(H,28,31)",27112,CN(C)C1CCCN(C(=O)c2ccc(NC(=O)c3ccccc3C)cc2)c4ccccc14,NA
Input,Glafenine,-0.20126858,InputSig,NA,NA,LINCSCP_103377,HELA,0.37uM,24h,large intestine,DeltaF508-CFTR Correctors,CFTR,GWOFUCIGLDBNKM-UHFFFAOYSA-N,"InChI=1S/C19H17ClN2O4/c20-12-5-6-14-17(7-8-21-18(14)9-12)22-16-4-2-1-3-15(16)19(25)26-11-13(24)10-23/h1-9,13,23-24H,10-11H2,(H,21,22)",16139,OCC(O)COC(=O)c1ccccc1Nc2ccnc3cc(Cl)ccc23,4
Input,Alaproclate,-0.20123472,InputSig,NA,NA,LINCSCP_92827,HA1E,0.12uM,24h,kidney epithelial,Serotonin receptor antagonist,SLC6A4,FZSPJBYOKQPKCD-UHFFFAOYSA-N,"InChI=1S/C13H18ClNO2/c1-9(15)12(16)17-13(2,3)8-10-4-6-11(14)7-5-10/h4-7,9H,8,15H2,1-3H3",22907,CC(N)C(=O)OC(C)(C)Cc1ccc(Cl)cc1,NA
Input,ZINC27645180,-0.20123393,InputSig,NA,NA,LINCSCP_46317,PC3,10uM,6h,prostate,NFkB pathway inhibitor,NFKB1|TNF,GGBVTWRQPMDRCK-UHFFFAOYSA-N,"InChI=1S/C22H22N4O/c23-17-8-11-21-20(14-17)22(26-15-25-21)24-13-12-16-6-9-19(10-7-16)27-18-4-2-1-3-5-18/h1-11,14,25H,12-13,15,23H2,(H,24,26)",1507,Nc1ccc2NCN=C(NCCc3ccc(Oc4ccccc4)cc3)c2c1,NA
Input,SMR000208762,-0.20118201,InputSig,NA,NA,LINCSCP_15953,HA1E,10uM,6h,kidney epithelial,NA,NA,LIQBVUZFMCEFNE-UHFFFAOYSA-N,"InChI=1S/C22H22N4O4/c1-16-20(26(28)29)19(23-30-16)22(27)25-14-12-24(13-15-25)21(17-8-4-2-5-9-17)18-10-6-3-7-11-18/h2-11,21H,12-15H2,1H3",15423,Cc1onc(C(=O)N2CCN(CC2)C(c3ccccc3)c4ccccc4)c1[N+](=O)[O-],NA
Input,MLS001065878,-0.20116837,InputSig,NA,NA,LINCSCP_57477,VCAP,10uM,6h,prostate,NA,NA,HXQRPYYCCBMJJT-MRXNPFEDSA-N,"InChI=1S/C20H19N3O3/c1-20(2)17-14(13-7-3-4-8-15(13)21-17)10-16-18(24)22(19(25)23(16)20)11-12-6-5-9-26-12/h3-9,16,21H,10-11H2,1-2H3/t16-/m1/s1",15977,CC1(C)N2[C@H](Cc3c1[nH]c4ccccc34)C(=O)N(Cc5occc5)C2=O,NA
Input,Phloretin,-0.20115527,InputSig,NA,NA,LINCSCP_19506,HCC515,100uM,6h,lung,Sodium/glucose cotransporter inhibitor,NA,VGEREEWJJVICBM-UHFFFAOYSA-N,"InChI=1S/C15H14O5/c16-10-4-1-9(2-5-10)3-6-12(18)15-13(19)7-11(17)8-14(15)20/h1-2,4-5,7-8,16-17,19-20H,3,6H2",16518,Oc1ccc(CCC(=O)c2c(O)cc(O)cc2O)cc1,NA
Input,BRD-K03210181,-0.2010452,InputSig,NA,NA,LINCSCP_62248,VCAP,5uM,24h,prostate,NA,NA,RREKHFLFIWGNNG-SDZNXMPUSA-N,"InChI=1S/C25H28FN3O6/c26-19-3-1-2-4-20(19)28-25(32)27-15-5-6-21-17(11-15)18-12-16(34-22(14-30)24(18)35-21)13-23(31)29-7-9-33-10-8-29/h1-6,11,16,18,22,24,30H,7-10,12-14H2,(H2,27,28,32)/t16-,18-,22+,24+/m1/s1",5518,OC[C@@H]1O[C@@H](CC(=O)N2CCOCC2)C[C@H]3[C@@H]1Oc4ccc(NC(=O)Nc5ccccc5F)cc34,NA
Input,BRD-K28851694,-0.20103641,InputSig,NA,NA,LINCSCP_303284,VCAP,5uM,6h,prostate,NA,NA,DMKXNQOLMYQXCN-XQBMNTQMSA-N,"InChI=1S/C31H30N2O7/c34-16-28-30-24(13-22(39-28)14-29(35)33-10-9-18-3-1-2-4-20(18)15-33)23-12-21(6-8-25(23)40-30)32-31(36)19-5-7-26-27(11-19)38-17-37-26/h1-8,11-12,22,24,28,30,34H,9-10,13-17H2,(H,32,36)/t22-,24-,28+,30+/m0/s1",24241,OC[C@H]1O[C@H](CC(=O)N2CCc3ccccc3C2)C[C@@H]4[C@H]1Oc5ccc(NC(=O)c6ccc7OCOc7c6)cc45,NA
Input,AZD-2014,-0.2009179,InputSig,NA,NA,LINCSCP_57171,VCAP,10uM,6h,prostate,MTOR inhibitor,MTOR,RFSMUFRPPYDYRD-CALCHBBNSA-N,"InChI=1S/C25H31N5O4/c1-16-13-30(14-17(2)34-16)25-27-23-20(24(28-25)29-8-10-33-11-9-29)5-6-21(26-23)18-4-7-22(32-3)19(12-18)15-31/h4-7,12,16-17,31H,8-11,13-15H2,1-3H3/t16-,17+",36523,COc1ccc(cc1CO)c2ccc3c(nc(nc3n2)N4C[C@@H](C)O[C@@H](C)C4)N5CCOCC5,2
Input,Isoxsuprine,-0.20091406,InputSig,NA,NA,LINCSCP_55598,VCAP,10uM,24h,prostate,Adrenergic receptor agonist,ADRB2,BMUKKTUHUDJSNZ-UHFFFAOYSA-N,"InChI=1S/C18H23NO3/c1-13(12-22-17-6-4-3-5-7-17)19-14(2)18(21)15-8-10-16(20)11-9-15/h3-11,13-14,18-21H,12H2,1-2H3",15305,CC(COc1ccccc1)NC(C)C(O)c2ccc(O)cc2,4
Input,SPECTRUM_000898,-0.20086784,InputSig,NA,NA,LINCSCP_56360,VCAP,10uM,24h,prostate,Glucocorticoid receptor agonist,NR3C1,UREBDLICKHMUKA-QCYOSJOCSA-N,"InChI=1S/C22H29FO5/c1-12-8-16-15-5-4-13-9-14(25)6-7-19(13,2)21(15,23)17(26)10-20(16,3)22(12,28)18(27)11-24/h6-7,9,12,15-17,24,26,28H,4-5,8,10-11H2,1-3H3/t12-,15?,16?,17+,19+,20+,21+,22+/m1/s1",22156,C[C@@H]1CC2C3CCC4=CC(=O)C=C[C@]4(C)[C@@]3(F)[C@@H](O)C[C@]2(C)[C@@]1(O)C(=O)CO,NA
Input,BRD-K91946056,-0.20082041,InputSig,NA,NA,LINCSCP_9096,A549,10uM,24h,lung,NA,NA,XNACUZIZQDXWGE-OBSHWXBWSA-N,"InChI=1S/C25H30FN3O2/c1-2-5-18-6-8-19(9-7-18)24-22-16-28(14-3-4-15-29(22)23(24)17-30)25(31)27-21-12-10-20(26)11-13-21/h2,5-13,22-24,30H,3-4,14-17H2,1H3,(H,27,31)/b5-2+/t22-,23+,24-/m0/s1",4864,C\C=C\c1ccc(cc1)[C@@H]2[C@@H](CO)N3CCCCN(C[C@@H]23)C(=O)Nc4ccc(F)cc4,NA
Input,BRD-K86948282,-0.20074924,InputSig,NA,NA,LINCSCP_65534,VCAP,10uM,6h,prostate,NA,NA,IKKPAINHCJPYFK-IPVFLDMMSA-N,"InChI=1S/C27H34N2O4S/c1-20-16-29(21(2)19-30)34(31,32)27-14-13-23(12-11-22-9-10-22)15-25(27)33-26(20)18-28(3)17-24-7-5-4-6-8-24/h4-8,13-15,20-22,26,30H,9-10,16-19H2,1-3H3/t20-,21-,26-/m1/s1",13824,C[C@H](CO)N1C[C@@H](C)[C@@H](CN(C)Cc2ccccc2)Oc3cc(ccc3S1(=O)=O)C#CC4CC4,NA
Input,BRD-K71287386,-0.20060966,InputSig,NA,NA,LINCSCP_301057,VCAP,5uM,6h,prostate,NA,NA,RWOMJVAVZPFCIF-BXOOBUKZSA-N,"InChI=1S/C30H33N3O5S/c1-21-17-33(22(2)19-34)30(35)28-14-7-6-13-27(28)26-12-5-4-10-24(26)20-38-29(21)18-32(3)39(36,37)25-11-8-9-23(15-25)16-31/h4-15,21-22,29,34H,17-20H2,1-3H3/t21-,22+,29+/m1/s1",3234,C[C@@H](CO)N1C[C@@H](C)[C@H](CN(C)S(=O)(=O)c2cccc(c2)C#N)OCc3ccccc3c4ccccc4C1=O,NA
Input,BRD-A40163033,-0.20052842,InputSig,NA,NA,LINCSCP_41146,NEU,10uM,24h,NA,NA,NA,ROCLWLHJSYAVQF-UHFFFAOYSA-N,"InChI=1S/C7H18N2OS/c1-4-7(2,8)5-6-11(3,9)10/h9H,4-6,8H2,1-3H3",22901,CCC(C)(N)CCS(=N)(=O)C,NA
Input,MEGXP0_000778,-0.20034062,InputSig,NA,NA,LINCSCP_40879,NEU,10uM,24h,NA,NA,NA,NGUSMSQYMDPBGF-UHFFFAOYSA-N,"InChI=1S/C29H34O15/c1-37-13-6-4-12(5-7-13)14-10-40-26-19(20(14)32)16(8-17(38-2)25(26)39-3)42-29-27(23(35)22(34)18(9-30)43-29)44-28-24(36)21(33)15(31)11-41-28/h4-8,10,15,18,21-24,27-31,33-36H,9,11H2,1-3H3",22212,COc1ccc(cc1)C2=COc3c(OC)c(OC)cc(OC4OC(CO)C(O)C(O)C4OC5OCC(O)C(O)C5O)c3C2=O,NA
Input,MLS002471788,-0.20025915,InputSig,NA,NA,LINCSCP_21800,HEPG2,10uM,6h,liver,NA,NA,XUWBMGZNJBLYOF-UHFFFAOYSA-N,"InChI=1S/C23H25NO4/c25-20(16-24-23(27)19-14-8-3-9-15-19)28-22(18-12-6-2-7-13-18)21(26)17-10-4-1-5-11-17/h1-2,4-7,10-13,19,22H,3,8-9,14-16H2,(H,24,27)",15281,O=C(CNC(=O)C1CCCCC1)OC(C(=O)c2ccccc2)c3ccccc3,NA
Input,"Dihydroorotate Dehydrogenase Inhibitor, Brequinar",-0.20024639,InputSig,NA,NA,LINCSCP_127867,HT29,0.37uM,24h,large intestine,NA,NA,PHEZJEYUWHETKO-UHFFFAOYSA-N,"InChI=1S/C23H15F2NO2/c1-13-21(23(27)28)18-12-16(24)10-11-20(18)26-22(13)15-8-6-14(7-9-15)17-4-2-3-5-19(17)25/h2-12H,1H3,(H,27,28)",27152,Cc1c(C(=O)O)c2cc(F)ccc2nc1c3ccc(cc3)c4ccccc4F,NA
Input,BRD-K30935394,-0.20023721,InputSig,NA,NA,LINCSCP_311696,VCAP,10uM,24h,prostate,NA,NA,DTSMYPYKMZUDTF-SXGZJXTBSA-N,"InChI=1S/C21H27FN2O4S/c1-14-12-24(15(2)13-25)29(26,27)21-9-8-16(17-6-4-5-7-18(17)22)10-19(21)28-20(14)11-23-3/h4-10,14-15,20,23,25H,11-13H2,1-3H3/t14-,15-,20+/m1/s1",25660,CNC[C@@H]1Oc2cc(ccc2S(=O)(=O)N(C[C@H]1C)[C@H](C)CO)c3ccccc3F,NA
Input,CHEMBL2355630,-0.2001954,InputSig,NA,NA,LINCSCP_49036,PC3,10uM,24h,prostate,NA,NA,VIOGDUQZNOFWDO-JYWVQFHMSA-N,"InChI=1S/C33H43Cl2N3O6S2/c1-22-18-38(23(2)21-39)33(40)27-17-26(36-46(41,42)32-9-7-15-45-32)11-13-30(27)44-24(3)8-5-6-14-43-31(22)20-37(4)19-25-10-12-28(34)29(35)16-25/h7,9-13,15-17,22-24,31,36,39H,5-6,8,14,18-21H2,1-4H3/t22-,23-,24+,31+/m1/s1",40310,C[C@H](CO)N1C[C@@H](C)[C@H](CN(C)Cc2ccc(Cl)c(Cl)c2)OCCCC[C@H](C)Oc3ccc(NS(=O)(=O)c4cccs4)cc3C1=O,NA
Input,4449-51-8,-0.20019053,InputSig,NA,NA,LINCSCP_58677,VCAP,10uM,6h,prostate,Smoothened receptor antagonist,SMO,QASFUMOKHFSJGL-ACLNMQFHSA-N,"InChI=1S/C27H41NO2/c1-15-11-24-25(28-14-15)17(3)27(30-24)10-8-20-21-6-5-18-12-19(29)7-9-26(18,4)23(21)13-22(20)16(27)2/h5,15,17,19-21,23-25,28-29H,6-14H2,1-4H3/t15-,17?,19-,20-,21-,23-,24+,25?,26-,27-/m0/s1",160,C[C@@H]1CNC2[C@@H](C1)O[C@]3(CC[C@H]4[C@@H]5CC=C6C[C@@H](O)CC[C@]6(C)[C@H]5CC4=C3C)C2C,NA
Input,BRD-K69218883,-0.20015091,InputSig,NA,NA,LINCSCP_232937,HT29,10uM,24h,large intestine,NA,NA,RCIJUMNSSGEJFF-FVJLSDCUSA-N,"InChI=1S/C23H38N4O4/c1-15(2)24-23(30)26(7)13-21-16(3)12-27(17(4)14-28)22(29)11-18-10-19(25(5)6)8-9-20(18)31-21/h8-10,15-17,21,28H,11-14H2,1-7H3,(H,24,30)/t16-,17+,21-/m0/s1",33444,CC(C)NC(=O)N(C)C[C@@H]1Oc2ccc(cc2CC(=O)N(C[C@@H]1C)[C@H](C)CO)N(C)C,NA
Input,BRD-K11883928,-0.20011246,InputSig,NA,NA,LINCSCP_225915,HT29,10uM,6h,large intestine,NA,NA,XSAPARVONWBHKR-KYALDGGBSA-N,"InChI=1S/C29H43N3O8S2/c1-21-18-32(22(2)20-33)29(34)26-17-24(30-42(37,38)25-12-7-6-8-13-25)14-15-27(26)40-23(3)11-9-10-16-39-28(21)19-31(4)41(5,35)36/h6-8,12-15,17,21-23,28,30,33H,9-11,16,18-20H2,1-5H3/t21-,22+,23-,28-/m0/s1",11877,C[C@H](CO)N1C[C@H](C)[C@H](CN(C)S(=O)(=O)C)OCCCC[C@H](C)Oc2ccc(NS(=O)(=O)c3ccccc3)cc2C1=O,NA
Input,MLS003128793,-0.20008164,InputSig,NA,NA,LINCSCP_64380,VCAP,5uM,6h,prostate,NA,NA,SBFFLWUBRLNFSF-IMIIHFCZSA-N,"InChI=1S/C28H48N4O5/c1-20-18-32(21(2)19-33)28(35)24-16-23(30-27(34)11-9-14-31(5)6)12-13-25(24)37-22(3)10-7-8-15-36-26(20)17-29-4/h12-13,16,20-22,26,29,33H,7-11,14-15,17-19H2,1-6H3,(H,30,34)/t20-,21+,22-,26+/m0/s1",37365,CNC[C@H]1OCCCC[C@H](C)Oc2ccc(NC(=O)CCCN(C)C)cc2C(=O)N(C[C@@H]1C)[C@H](C)CO,NA
Input,BRD-K75990826,-0.20005721,InputSig,NA,NA,LINCSCP_8317,A549,5uM,24h,lung,NA,NA,MEJUTVOAQGGYHA-MIZPHKNDSA-N,"InChI=1S/C24H37N5O3/c1-18-7-5-8-21(11-18)13-27(4)15-23-19(2)12-29(20(3)16-30)24(31)9-6-10-28-14-22(17-32-23)25-26-28/h5,7-8,11,14,19-20,23,30H,6,9-10,12-13,15-17H2,1-4H3/t19-,20+,23+/m0/s1",1981,C[C@H](CO)N1C[C@H](C)[C@@H](CN(C)Cc2cccc(C)c2)OCc3cn(CCCC1=O)nn3,NA
Input,BRD-K78316354,-0.2000131,InputSig,NA,NA,LINCSCP_307376,VCAP,5uM,24h,prostate,NA,NA,VMOCTUISBGPURH-FXSWLTOZSA-N,"InChI=1S/C27H35N3O5/c31-23-17-30(16-20-2-1-3-22(14-20)21-6-8-28-9-7-21)25-5-4-24(35-26(25)19-34-18-23)15-27(32)29-10-12-33-13-11-29/h1-3,6-9,14,23-26,31H,4-5,10-13,15-19H2/t23-,24-,25+,26-/m1/s1",6394,O[C@H]1COC[C@H]2O[C@@H](CC(=O)N3CCOCC3)CC[C@@H]2N(Cc4cccc(c4)c5ccncc5)C1,NA
