Target,TargetSignature,TargetCellLine,TargetConcentration,TargetTime,FDA_Phase,PNGF_1M,WT_1M,PNGF_3M,WT_3M
Cordycepin,LINCSCP_159068,PC3,0.04uM,24h,NA,0.42571504,0.29768089,-0.32046203,-0.23458454
"Cyclohexanecarboxamide, 4-(1-aminoethyl)-n-4-pyridinyl-, trans-",LINCSCP_171978,YAPC,10uM,24h,NA,0.39147439,NA,NA,NA
Xanthohumol,LINCSCP_32746,MCF7,10uM,6h,NA,0.37607536,NA,-0.28753988,NA
Bavisant (dihydrochloride hydrate),LINCSCP_174894,YAPC,3.33uM,24h,2,0.36849374,NA,NA,NA
CHIR-265,LINCSCP_165138,SKL.C,10uM,24h,2,0.36415051,NA,NA,NA
BRD-K82899766,LINCSCP_312556,VCAP,1uM,24h,NA,0.36257083,0.29276831,-0.28421102,-0.32607619
"4,6-Dimethyl-n-phenylquinolin-2-amine",LINCSCP_33975,MCF7,10uM,6h,NA,0.36142314,NA,-0.24060087,NA
Abiraterone Acetate,LINCSCP_118329,HT29,10uM,24h,NA,0.35806534,NA,NA,NA
Purmorphamine,LINCSCP_33534,MCF7,10uM,6h,NA,0.35623996,NA,-0.24480054,NA
Azacitidine,LINCSCP_164689,SKL.C,3.33uM,24h,NA,0.3483399,NA,NA,NA
Azacitidine,LINCSCP_164689,SKL.C,3.33uM,24h,4,0.3483399,NA,NA,NA
Ivacaftor (VX-770),LINCSCP_171816,YAPC,10uM,24h,4,0.34551812,NA,NA,NA
Pictilisib,LINCSCP_155046,PC3,0.37uM,24h,2,0.34053871,0.26574477,NA,NA
Deguelin,LINCSCP_14473,HA1E,10uM,24h,NA,0.33944355,NA,NA,NA
T5832551,LINCSCP_57645,VCAP,10uM,6h,NA,0.3392983,NA,NA,NA
MAYBRIDGE4_002231,LINCSCP_33995,MCF7,10uM,6h,NA,0.33542434,NA,NA,NA
Levomethorphan,LINCSCP_14702,HA1E,10uM,24h,NA,0.33535069,NA,NA,NA
CCG-214295,LINCSCP_11495,ASC,10uM,24h,NA,0.33483807,NA,NA,NA
Pyridostigmine,LINCSCP_91985,HA1E,3.33uM,24h,4,0.33293355,NA,-0.22692261,NA
STOCK1N-09285,LINCSCP_33676,MCF7,10uM,6h,NA,0.33209997,NA,NA,NA
Estradiol,LINCSCP_28601,HT29,0.12uM,24h,4,0.33105038,NA,-0.25598856,NA
MK-2866 (GTx-024),LINCSCP_101436,HELA,3.33uM,24h,3,0.33087819,-0.24866633,NA,0.27067796
Piplartine,LINCSCP_11427,ASC,10uM,24h,NA,0.33034597,NA,NA,NA
ZK-93426,LINCSCP_33529,MCF7,10uM,6h,NA,0.32989605,NA,NA,NA
OTSSP167,LINCSCP_117179,HT29,0.12uM,24h,NA,0.32789892,NA,NA,NA
Famciclovir,LINCSCP_172805,YAPC,0.12uM,24h,4,0.32759056,NA,NA,NA
CHEMBL1434137,LINCSCP_234173,JHUEM2,40uM,6h,NA,0.32622316,NA,NA,NA
Hydroxycholesterol,LINCSCP_32417,MCF7,10uM,24h,NA,0.32589492,NA,NA,NA
BRD-K41087962,LINCSCP_25071,HT115,0.5uM,6h,NA,0.3240551,0.27614618,-0.34767759,-0.24941146
Dabrafenib,LINCSCP_165051,SKL.C,0.37uM,24h,4,0.32258705,NA,NA,NA
Pelitinib,LINCSCP_114921,HS578T,1.11uM,24h,2,0.32196073,NA,NA,NA
AZD-1775,LINCSCP_88628,HA1E,3.33uM,24h,2,0.3207387,NA,NA,NA
BRD-K65148580,LINCSCP_8289,A549,5uM,24h,NA,0.32039519,NA,NA,NA
RS504393,LINCSCP_204210,ASC,10uM,24h,NA,0.32006697,0.23759993,NA,NA
BRD-K19914944,LINCSCP_28940,HUH7,10uM,6h,NA,0.31970844,NA,NA,NA
Quizartinib,LINCSCP_24416,HS578T,10uM,24h,3,0.31919278,NA,NA,NA
CDK9 Inhibitor,LINCSCP_69879,A375,0.37uM,24h,NA,0.31913926,NA,NA,NA
GSK 1059615,LINCSCP_128203,HUES3,0.37uM,24h,NA,0.31884142,NA,NA,NA
GSK 1059615,LINCSCP_128203,HUES3,0.37uM,24h,NA,0.31884142,NA,NA,NA
Tazarotene,LINCSCP_174755,YAPC,10uM,24h,4,0.31815141,NA,NA,NA
Diphenylpyraline,LINCSCP_73084,A375,0.37uM,24h,4,0.31762538,NA,-0.28718917,NA
CHIR-99021,LINCSCP_86499,BT20,0.37uM,3h,NA,0.31692609,NA,-0.28397196,-0.25070391
VX-745,LINCSCP_152330,PC3,3.33uM,24h,2,0.31675596,NA,-0.31687566,NA
AMG-9810,LINCSCP_240921,MCF7,10uM,6h,NA,0.31539025,NA,-0.23910791,NA
Menadione,LINCSCP_12861,DV90,10uM,6h,4,0.31458209,NA,NA,NA
2-Chloroadenosine,LINCSCP_16209,HA1E,10uM,6h,NA,0.31274454,NA,NA,NA
Butein,LINCSCP_11534,ASC,10uM,24h,NA,0.31231955,NA,NA,NA
AT-7519,LINCSCP_164052,SKBR3,0.12uM,3h,2,0.3121866,NA,-0.34281384,NA
Alprostadil,LINCSCP_155357,PC3,1.11uM,24h,NA,0.31165798,NA,-0.29005357,NA
Alprostadil,LINCSCP_155357,PC3,1.11uM,24h,4,0.31165798,NA,-0.29005357,NA
GW842166X,LINCSCP_120815,HT29,10uM,24h,2,0.31155629,NA,NA,NA
BRD-K83726357,LINCSCP_63246,VCAP,5uM,24h,NA,0.30993353,NA,NA,NA
BRD-K18144986,LINCSCP_62769,VCAP,5uM,24h,NA,0.30953519,NA,-0.20405377,NA
UK 356618,LINCSCP_25558,HT29,10uM,24h,NA,0.30927219,NA,NA,NA
GSK-2334470,LINCSCP_134209,MCF7,0.12uM,24h,NA,0.30897617,NA,-0.34661774,NA
SCHEMBL15422533,LINCSCP_10681,ASC,10uM,24h,NA,0.30841603,NA,NA,NA
BRD-A41986761,LINCSCP_71703,A375,0.12uM,24h,NA,0.30817604,NA,NA,NA
ARTESUNATE,LINCSCP_71641,A375,10uM,24h,NA,0.30699442,NA,-0.23989048,NA
Vorinostat,LINCSCP_35717,MCF7,0.01uM,24h,4,0.30575127,NA,NA,NA
12K-613S,LINCSCP_292111,VCAP,10uM,6h,NA,0.30544338,NA,NA,NA
Tivozanib,LINCSCP_12835,DV90,10uM,6h,3,0.30543609,NA,NA,NA
852475-26-4,LINCSCP_164772,SKL.C,10uM,24h,NA,0.30445753,NA,NA,NA
79966-13-5,LINCSCP_21403,HEC108,10uM,6h,NA,0.30426586,NA,-0.24426754,NA
Flunisolide,LINCSCP_31491,MCF7,10uM,6h,4,0.30358575,NA,NA,NA
BRD-K42573370-001-01-1,LINCSCP_17463,HA1E,3.33uM,24h,NA,0.3025709,NA,NA,NA
Ticlopidine,LINCSCP_170330,YAPC,1.11uM,24h,4,0.3023701,NA,NA,-0.20236284
BRD-K92801790,LINCSCP_309955,VCAP,30uM,6h,NA,0.30214438,NA,NA,NA
BRD-A01645196,LINCSCP_83622,ASC.C,10uM,24h,NA,0.30152291,NA,NA,NA
Levomepromazine,LINCSCP_50103,PHH,10uM,24h,4,0.30137481,NA,NA,NA
MLS-0258268.0001,LINCSCP_15836,HA1E,10uM,6h,NA,0.3008959,NA,NA,NA
BRD-K71614913,LINCSCP_279146,PC3,10uM,6h,NA,0.30061982,NA,-0.31142365,NA
GSK J4,LINCSCP_100547,HCC515,0.37uM,24h,NA,0.30035912,NA,NA,NA
F1304-0056,LINCSCP_28695,HUH7,3uM,24h,NA,0.29900689,NA,NA,NA
galantamine,LINCSCP_100888,HCC515,0.12uM,24h,NA,0.29878545,NA,-0.22245355,NA
AC1O9CU3,LINCSCP_65338,VCAP,10uM,24h,NA,0.29835944,0.23204126,-0.29349748,NA
BRD-K16934333,LINCSCP_43101,NPC,10uM,24h,NA,0.29820591,0.201977,NA,NA
Pimobendan,LINCSCP_124817,HT29,10uM,24h,NA,0.29807752,NA,NA,NA
Phensuximide,LINCSCP_89962,HA1E,3.33uM,24h,4,0.29780749,0.23157937,-0.22626661,NA
ZM336372,LINCSCP_56935,VCAP,100uM,24h,NA,0.29726699,NA,NA,NA
BG-STK33-59,LINCSCP_42054,NOMO1,10uM,6h,NA,0.29632694,NA,NA,NA
MLS-0390851.0001,LINCSCP_15794,HA1E,10uM,24h,NA,0.29626216,NA,NA,NA
"24(S),25-epoxycholesterol",LINCSCP_32718,MCF7,10uM,6h,NA,0.29491489,NA,NA,NA
BRD-A08662020,LINCSCP_171840,YAPC,10uM,24h,NA,0.29459829,NA,NA,NA
CHEMBL1593913,LINCSCP_16163,HA1E,10uM,6h,NA,0.29406309,NA,NA,NA
Endrin,LINCSCP_17080,HA1E,10uM,24h,NA,0.29330154,NA,NA,NA
SA-245650,LINCSCP_253194,MCF7,10uM,24h,NA,0.29317496,NA,NA,NA
BRD-K71498541,LINCSCP_263264,NPC,10uM,24h,NA,0.29315537,NA,NA,NA
BRD-K48036219,LINCSCP_7974,A549,10uM,6h,NA,0.29272546,NA,-0.25017379,NA
pyrvinium-pamoate,LINCSCP_55059,THP1,10uM,6h,NA,0.29222773,NA,NA,NA
AZD-1152HQPA,LINCSCP_4093,A375,10uM,24h,NA,0.29175451,NA,NA,NA
Linsitinib,LINCSCP_163453,SKBR3,1.11uM,3h,NA,0.29123918,NA,-0.314635,-0.20542031
LDN 193189,LINCSCP_29866,MCF10A,10uM,24h,NA,0.29087585,NA,NA,NA
Dexamethasone Acetate,LINCSCP_99107,HA1E,0.12uM,24h,NA,0.29075975,NA,NA,NA
Phenytoin,LINCSCP_106192,HELA,1.11uM,24h,4,0.28978142,NA,-0.2612386,NA
Indigo Red,LINCSCP_211134,HA1E,10uM,6h,NA,0.28948497,NA,NA,NA
Cimetidine,LINCSCP_104332,HELA,0.04uM,24h,4,0.28901741,NA,NA,NA
Broad-Sai-424,LINCSCP_49244,PC3,3uM,24h,NA,0.288425,NA,NA,NA
SDZ NKT 343,LINCSCP_107470,HELA,3.33uM,24h,NA,0.28841302,0.22497775,NA,NA
Desmopressin,LINCSCP_159437,PC3,0.37uM,24h,NA,0.28835054,NA,-0.25511505,NA
CHEMBL3188581,LINCSCP_28222,HT29,10uM,24h,NA,0.28829258,NA,NA,NA
4L7B,LINCSCP_38585,MCF7,3.33uM,24h,NA,0.28773713,NA,-0.23789018,NA
Benzo[Def]Chrysene,LINCSCP_13870,HA1E,10uM,6h,NA,0.28758636,NA,NA,NA
STK249718,LINCSCP_11080,ASC,10uM,24h,NA,0.28753,NA,NA,NA
Rescinnamine,LINCSCP_52757,SKB,10uM,24h,4,0.28723732,NA,-0.28068524,NA
Vemurafenib,LINCSCP_55501,U937,10uM,6h,NA,0.28639082,NA,NA,0.26051205
Vemurafenib,LINCSCP_55501,U937,10uM,6h,4,0.28639082,NA,NA,0.26051205
3-Chloro-l-alanine,LINCSCP_36358,MCF7,0.5uM,6h,NA,0.28610021,NA,NA,NA
Etravirine (TMC125),LINCSCP_98097,HA1E,10uM,24h,4,0.28559683,NA,NA,NA
Hydroxyprogesterone Caproate,LINCSCP_71307,A375,10uM,24h,NA,0.28533298,NA,NA,NA
Pilaralisib,LINCSCP_58967,VCAP,10uM,24h,NA,0.28510452,NA,NA,NA
Piceatannol,LINCSCP_15812,HA1E,10uM,24h,NA,0.28502387,NA,NA,NA
Lanatoside-C,LINCSCP_47636,PC3,10uM,24h,NA,0.28501974,NA,NA,NA
Cinaciguat,LINCSCP_175282,YAPC,1.11uM,24h,NA,0.28477676,NA,NA,NA
MLN-0128,LINCSCP_128228,HUES3,0.04uM,24h,2,0.2846406,NA,NA,NA
Chloroguanide,LINCSCP_89469,HA1E,0.04uM,24h,4,0.28415354,NA,-0.23289323,NA
meloxicam,LINCSCP_75019,A375,3.36uM,24h,NA,0.28372277,NA,-0.2343939,NA
IMD-0354,LINCSCP_51000,RMGI,10uM,6h,NA,0.28345502,NA,NA,NA
SCHEMBL15422014,LINCSCP_10676,ASC,10uM,24h,NA,0.28329748,NA,NA,NA
Labetalol,LINCSCP_74869,A375,0.37uM,24h,4,0.2832428,-0.23059533,-0.20717521,NA
Palovarotene,LINCSCP_173669,YAPC,10uM,24h,2,0.28319203,NA,NA,NA
Miconazole,LINCSCP_108414,HELA,3.33uM,24h,4,0.28309688,NA,NA,NA
12K-516S,LINCSCP_32049,MCF7,10uM,6h,NA,0.28302638,NA,NA,NA
Avrainvillamide Analog 5,LINCSCP_17291,HA1E,3.33uM,24h,NA,0.28294221,NA,NA,NA
MG-132,LINCSCP_75948,A375,20uM,24h,NA,0.28268955,NA,NA,NA
SCHEMBL16980377,LINCSCP_10041,A549,3.33uM,24h,NA,0.28236573,0.220591,NA,NA
PHA-793887,LINCSCP_116604,HT29,0.37uM,24h,1,0.28216272,NA,NA,NA
Fenofibrate,LINCSCP_56005,VCAP,10uM,24h,4,0.28187582,NA,NA,NA
SCHEMBL2560486,LINCSCP_5472,A549,10uM,6h,NA,0.28177321,NA,NA,NA
5-Nitroso-8-cinnolinol,LINCSCP_11525,ASC,10uM,24h,NA,0.28164913,NA,NA,NA
Ziprasidone,LINCSCP_71271,A375,10uM,24h,4,0.28133696,NA,NA,NA
BRD-K99303177,LINCSCP_203587,ASC,10uM,24h,NA,0.28123917,NA,NA,NA
(-)-Tramadol,LINCSCP_137008,MCF7,0.12uM,24h,NA,0.28107532,NA,NA,NA
CHEMBL2362834,LINCSCP_233963,HUH7,3uM,24h,NA,0.28056033,NA,NA,NA
BRD-K76418961,LINCSCP_59977,VCAP,5uM,6h,NA,0.28043535000000003,0.20142388,-0.22453423,NA
SGX-523,LINCSCP_134246,MCF7,0.04uM,24h,1,0.27963423,NA,NA,NA
179324-69-7,LINCSCP_75779,A375,20uM,24h,NA,0.27934787,NA,NA,NA
SMR000046567,LINCSCP_31095,MCF7,10uM,6h,NA,0.279285,NA,NA,NA
TL_HRAS26,LINCSCP_41833,NOMO1,10uM,6h,NA,0.2784879,0.38371937,NA,NA
ASC-J9,LINCSCP_71349,A375,10uM,24h,NA,0.27834939,NA,NA,NA
Albendazole,LINCSCP_79917,A375,3.33uM,24h,4,0.27827086,NA,NA,NA
Nilotinib,LINCSCP_96533,HA1E,0.04uM,24h,4,0.27792915,NA,NA,NA
5-Iodo-6-nitro-2-piperazinylquinoline,LINCSCP_43329,NPC,10uM,6h,NA,0.27782327,NA,NA,NA
Lacidipine,LINCSCP_5691,A549,10uM,24h,NA,0.27721619,NA,-0.22517612,NA
Lacidipine,LINCSCP_5691,A549,10uM,24h,4,0.27721619,NA,-0.22517612,NA
Gemifloxacin,LINCSCP_105613,HELA,0.12uM,24h,4,0.27713996,NA,NA,NA
testosterone,LINCSCP_143009,MCF7,10uM,24h,NA,0.27684324,NA,NA,NA
CHEMBL2355890,LINCSCP_50289,PHH,10uM,24h,NA,0.27644519,NA,NA,NA
Withaferin A,LINCSCP_301315,VCAP,10uM,24h,NA,0.27641347,NA,NA,NA
TAK-242,LINCSCP_158096,PC3,0.04uM,24h,NA,0.27576675,NA,-0.29710145,NA
BGT-226,LINCSCP_128617,HUVEC,0.12uM,24h,2,0.27570803,NA,NA,NA
SCHEMBL15444220,LINCSCP_10944,ASC,10uM,24h,NA,0.27559248,NA,NA,NA
STK178014,LINCSCP_15435,HA1E,50uM,24h,NA,0.27539665,NA,NA,NA
BRD-K80400482,LINCSCP_41123,NEU,10uM,24h,NA,0.27531625,0.22585336,-0.23618141,NA
BRD-K74316684,LINCSCP_3729,A375,10uM,24h,NA,0.27516613,NA,NA,NA
Adarotene,LINCSCP_105088,HELA,10uM,24h,NA,0.27489919,NA,-0.21800721,NA
Meclizine,LINCSCP_242184,MCF7,10uM,6h,4,0.27464162,NA,0.23809808,NA
MLS002276522,LINCSCP_31084,MCF7,10uM,6h,NA,0.27427319,NA,NA,NA
Acivicin,LINCSCP_121260,HT29,3.73uM,24h,NA,0.27420112,NA,NA,NA
cortisone-acetate,LINCSCP_79731,A375,0.04uM,24h,NA,0.27418158,NA,NA,NA
"N-(4-{[(1z)-8-Ethoxy-4,4-dimethyl-4,5-dihydro-1H-[1,2]dithiolo[3,4-c]quinolin-1-ylidene]amino}phenyl)acetamide",LINCSCP_50367,PHH,10uM,24h,NA,0.27413532,NA,NA,NA
BRD-K76582515,LINCSCP_60422,VCAP,5uM,24h,NA,0.27409581,NA,NA,NA
BRD-K76150323,LINCSCP_186824,A375,10uM,24h,NA,0.27400602,NA,NA,NA
ZINC01069258,LINCSCP_10812,ASC,10uM,24h,NA,0.27388372,0.27352534,NA,NA
ST070518,LINCSCP_28867,HUH7,3uM,24h,NA,0.27383083,NA,NA,NA
Narciclasine,LINCSCP_36363,MCF7,0.1uM,6h,NA,0.27361845,NA,0.2283358,NA
Mexiletine,LINCSCP_44505,PC3,10uM,24h,4,0.27334358,NA,-0.26363101,NA
Curcumin,LINCSCP_38630,MCF7,33.33uM,24h,NA,0.27325459,NA,NA,NA
Lonidamine,LINCSCP_12862,DV90,100uM,6h,3,0.27320844,NA,NA,NA
Adapalene,LINCSCP_92488,HA1E,3.33uM,24h,4,0.27297471,NA,NA,NA
Ruxolitinib,LINCSCP_115404,HS578T,10uM,3h,4,0.27283938,NA,-0.24213556,NA
Licochalcone A,LINCSCP_89387,HA1E,10uM,24h,NA,0.27278885,NA,NA,NA
Dipraglurant,LINCSCP_159006,PC3,0.37uM,24h,2,0.27276233,NA,NA,NA
BRD-K65300017,LINCSCP_61636,VCAP,5uM,24h,NA,0.2725719,NA,-0.21656222,NA
GSK-1904529A,LINCSCP_29961,MCF10A,10uM,6h,NA,0.27236677,NA,NA,NA
AS-605240,LINCSCP_81678,A549,0.37uM,24h,NA,0.27211582,NA,NA,NA
Tolvaptan,LINCSCP_142398,MCF7,3.33uM,24h,4,0.27201317,NA,-0.30629738,NA
MW-SHH-61,LINCSCP_9930,A549,0.5uM,6h,NA,0.27168807,NA,NA,NA
SCHEMBL570779,LINCSCP_163264,SKBR3,0.04uM,3h,NA,0.27157869,NA,NA,NA
CCT036477,LINCSCP_43534,NPC,10uM,6h,NA,0.27129822,0.37206075,NA,-0.44314116
Dacarbazine,LINCSCP_47634,PC3,10uM,24h,4,0.27123716,NA,NA,NA
GSK-3 Inhibitor IX,LINCSCP_132588,MCF7,3.33uM,24h,NA,0.27110533,NA,NA,NA
STK177393,LINCSCP_28702,HUH7,3uM,24h,NA,0.27068334,NA,NA,NA
BRD-K28065812,LINCSCP_298043,VCAP,5uM,6h,NA,0.27035426,NA,NA,NA
133040-77-4,LINCSCP_33748,MCF7,10uM,6h,NA,0.27031056999999997,NA,NA,NA
Decitabine,LINCSCP_125500,HT29,10uM,24h,4,0.27015076,NA,NA,NA
Broad-Sai-443,LINCSCP_49220,PC3,0.5uM,24h,NA,0.26994193,NA,NA,NA
SU-11652,LINCSCP_51173,RMUGS,10uM,6h,NA,0.26989496,0.3856342,NA,-0.40808212
Avrainvillamide Analog 3,LINCSCP_17326,HA1E,10uM,24h,NA,0.26980866,NA,NA,NA
Arctigenin,LINCSCP_11301,ASC,10uM,24h,NA,0.26971406,NA,NA,NA
BRD-A72596465,LINCSCP_310094,VCAP,30uM,6h,NA,0.26952385,NA,NA,NA
Buparlisib,LINCSCP_51994,SKBR3,0.5uM,6h,3,0.26949414,NA,-0.25278376,NA
Antimycin A,LINCSCP_10985,ASC,10uM,24h,NA,0.26923263,NA,NA,NA
Antimycin A,LINCSCP_10985,ASC,10uM,24h,NA,0.26923263,NA,NA,NA
Batimastat,LINCSCP_71019,A375,10uM,24h,NA,0.26887749,NA,NA,NA
CI-1040,LINCSCP_51549,SKBR3,10uM,6h,2,0.26864323,NA,NA,NA
Tubastatin A,LINCSCP_49209,PC3,3uM,24h,NA,0.2684263,NA,NA,NA
ML239,LINCSCP_15224,HA1E,10uM,24h,NA,0.26770961,NA,NA,NA
Gemfibrozil,LINCSCP_102849,HELA,10uM,24h,4,0.26767543,NA,NA,NA
"Triazolothiadiazine, 23",LINCSCP_31169,MCF7,10uM,24h,NA,0.26750493,NA,-0.24803399,NA
BRD-K43151809,LINCSCP_27521,HT29,5uM,24h,NA,0.26748144,NA,-0.27091048,NA
CHEMBL585951,LINCSCP_69549,A375,3.33uM,24h,NA,0.26708821,0.22793335,-0.23992409,NA
BRD-K26822808,LINCSCP_7802,A549,10uM,24h,NA,0.2668406,NA,NA,NA
CG-930,LINCSCP_24611,HS578T,0.5uM,6h,NA,0.26666512,NA,NA,NA
Tosedostat,LINCSCP_143211,MCF7,0.12uM,24h,2,0.26662511,NA,NA,NA
SD 169,LINCSCP_548,A375,10uM,6h,NA,0.26662474,NA,-0.31566779,NA
"2-(3,4-Dichlorophenyl)-2,3-dihydro-1,3-benzoxazole",LINCSCP_28699,HUH7,3uM,24h,NA,0.2656462,NA,NA,NA
BRD-K55561254,LINCSCP_27809,HT29,5uM,24h,NA,0.26557371,NA,NA,NA
SU14813,LINCSCP_79379,A375,10uM,24h,NA,0.26552563,NA,NA,NA
Disulfiram,LINCSCP_101952,HELA,1.11uM,24h,4,0.26528451,NA,NA,NA
Sulconazole,LINCSCP_14373,HA1E,10uM,24h,4,0.2646843,NA,NA,NA
RO-281675,LINCSCP_51120,RMUGS,100uM,6h,NA,0.26454027,NA,NA,NA
"3,7-Bis(dimethylamino)phenothiazin-5-ium",LINCSCP_54180,SW620,10uM,6h,3,0.26451176,0.28794428,NA,-0.38546202
JNJ-38877605,LINCSCP_51947,SKBR3,0.1uM,6h,1,0.26442137,NA,NA,NA
ML162,LINCSCP_12895,EFO27,10uM,6h,NA,0.26441501,NA,NA,NA
PF-03758309,LINCSCP_166017,SKL,0.12uM,24h,1,0.26390151,NA,NA,NA
SA-101686,LINCSCP_37383,MCF7,0.5uM,6h,NA,0.26389018,NA,NA,NA
SSR 69071,LINCSCP_33651,MCF7,10uM,24h,NA,0.26373004,NA,NA,NA
Lypressin,LINCSCP_58965,VCAP,10uM,24h,4,0.26372713,NA,NA,NA
BAS 02002358,LINCSCP_19675,HCC515,10uM,6h,NA,0.26368391,NA,NA,NA
Pifithrin MU,LINCSCP_13100,FIBRNPC,10uM,6h,NA,0.26354434,NA,NA,NA
BRD-K93666423,LINCSCP_64129,VCAP,5uM,6h,NA,0.26349285,NA,-0.21195944,NA
MLS-0390843.0001,LINCSCP_15765,HA1E,10uM,24h,NA,0.26268501,NA,NA,NA
Cymarin,LINCSCP_64871,VCAP,10uM,24h,NA,0.26261999,NA,-0.20980747,NA
Cymarin,LINCSCP_64871,VCAP,10uM,24h,NA,0.26261999,NA,-0.20980747,NA
Cymarin,LINCSCP_64871,VCAP,10uM,24h,NA,0.26261999,NA,-0.20980747,NA
Cymarin,LINCSCP_64871,VCAP,10uM,24h,NA,0.26261999,NA,-0.20980747,NA
BRD-A28746609,LINCSCP_92363,HA1E,1.11uM,24h,NA,0.26241364,0.27658771,NA,NA
Tamatinib,LINCSCP_69364,A375,1.11uM,24h,2,0.26211016,0.25526571,NA,-0.3074345
Tipifarnib,LINCSCP_158580,PC3,0.37uM,24h,3,0.2620748,NA,NA,NA
Baricitinib,LINCSCP_136868,MCF7,1.11uM,24h,4,0.26207437,NA,-0.24474052,NA
BRD-K09110452,LINCSCP_65401,VCAP,10uM,6h,NA,0.26201831,NA,-0.26189409,NA
BRD-K49215584,LINCSCP_61049,VCAP,5uM,24h,NA,0.26190285,NA,NA,NA
196868-63-0,LINCSCP_33231,MCF7,10uM,6h,NA,0.26147911,NA,NA,NA
MLS003079540,LINCSCP_57690,VCAP,10uM,6h,NA,0.26142797,NA,NA,NA
CHEMBL436817,LINCSCP_30727,MCF7,40uM,6h,NA,0.26142697,NA,0.24410741,NA
Licoagrochacone A,LINCSCP_43689,NPC,10uM,6h,NA,0.26142334,NA,NA,NA
MGCD-265,LINCSCP_165178,SKL.C,0.12uM,24h,2,0.26109343,NA,NA,NA
Enzastaurin,LINCSCP_51465,SKBR3,1uM,24h,3,0.26106984,NA,NA,NA
GLPG0634,LINCSCP_71528,A375,10uM,24h,3,0.26072509,NA,NA,NA
BRD-K72462994,LINCSCP_310173,VCAP,10uM,6h,NA,0.26066251,NA,NA,NA
PK-11195,LINCSCP_30703,MCF7,100uM,6h,NA,0.26065227,NA,NA,NA
MFCD00671792,LINCSCP_7081,A549,10uM,24h,NA,0.26064924,0.24680229,NA,NA
Ttnpb,LINCSCP_2369,A375,10uM,6h,NA,0.26013061,NA,-0.24389163,NA
BRD-K43838150,LINCSCP_65286,VCAP,10uM,24h,NA,0.26000576,0.20961604,NA,NA
Tanaproget,LINCSCP_127576,HT29,10uM,24h,NA,0.25994595,NA,NA,NA
BRD-K04309313,LINCSCP_48719,PC3,10uM,24h,NA,0.25979961,NA,NA,-0.29331238
CL-976,LINCSCP_30878,MCF7,80uM,6h,NA,0.2597412,NA,NA,NA
CHEMBL2137269,LINCSCP_27256,HT29,10uM,6h,NA,0.25942632,NA,-0.21397627,NA
BRD-K93140279,LINCSCP_62110,VCAP,5uM,6h,NA,0.25917203,NA,NA,NA
Rottlerin,LINCSCP_105410,HELA,0.04uM,24h,NA,0.25887512,NA,-0.26121425,NA
AG490,LINCSCP_14264,HA1E,10uM,6h,NA,0.25883935,NA,NA,NA
BRD-K82004089,LINCSCP_62694,VCAP,5uM,24h,NA,0.25880385,NA,NA,NA
Apigenin Triacetate,LINCSCP_33719,MCF7,10uM,6h,NA,0.25877893,NA,NA,NA
KUC104493,LINCSCP_57767,VCAP,10uM,24h,NA,0.25871309,NA,NA,NA
QL47,LINCSCP_36563,MCF7,1uM,24h,NA,0.25847221,NA,NA,NA
MLS002699429,LINCSCP_201303,A549,10uM,6h,NA,0.25846433,NA,NA,NA
Sulfadoxine,LINCSCP_136921,MCF7,3.33uM,24h,4,0.25842861,NA,-0.22310785,NA
Fenretinide,LINCSCP_240511,MCF7,10uM,6h,3,0.25839445,NA,NA,NA
BRD-K90619727,LINCSCP_65539,VCAP,10uM,6h,NA,0.25802594,NA,-0.20834592,NA
HG-5-113-01,LINCSCP_52314,SKB,10uM,24h,NA,0.25799509,NA,NA,NA
Regorafenib,LINCSCP_71487,A375,10uM,24h,4,0.25793577,NA,-0.24680576,NA
Tacedinaline,LINCSCP_171787,YAPC,3.33uM,24h,3,0.25792246,0.23747144,NA,-0.272475
karakoline,LINCSCP_121901,HT29,10uM,24h,NA,0.2578209,NA,NA,NA
Lanacordin,LINCSCP_27283,HT29,10uM,6h,NA,0.25762743,0.28264518,NA,-0.3866721
AC1Q6JJ5,LINCSCP_251126,MCF7,0.001uM,6h,NA,0.25742009,0.2812588,NA,NA
DOCETAXEL,LINCSCP_93078,HA1E,0.12uM,24h,NA,0.25705824,NA,NA,NA
Tranilast,LINCSCP_71633,A375,0.12uM,24h,3,0.25704527,NA,NA,NA
BRD-K36200934,LINCSCP_8481,A549,5uM,24h,NA,0.25665563,NA,NA,NA
TAS-103 (dihydrochloride),LINCSCP_102716,HELA,0.04uM,24h,NA,0.25657426,NA,-0.24664888,NA
BRD-K86715531,LINCSCP_61170,VCAP,5uM,6h,NA,0.25634169,NA,NA,NA
Omacetaxine Mepesuccinate,LINCSCP_36165,MCF7,0.01uM,6h,4,0.25628918,NA,NA,NA
Licarbazepine,LINCSCP_154739,PC3,10uM,24h,3,0.25620744,NA,NA,NA
Erlotinib,LINCSCP_24805,HS578T,0.1uM,24h,4,0.25614588,NA,NA,NA
Amthamine,LINCSCP_11562,ASC,10uM,24h,NA,0.25601599,NA,NA,NA
Phorbol Myristate Acetate,LINCSCP_28848,HUH7,3uM,24h,NA,0.25577243,NA,NA,NA
BRD-K63442512,LINCSCP_59784,VCAP,5uM,6h,NA,0.25577022,NA,NA,NA
Daunorubicin,LINCSCP_55314,U937,1uM,24h,4,0.25554108,NA,NA,NA
HMN-214,LINCSCP_70601,A375,0.04uM,24h,NA,0.25546848,NA,NA,NA
AC1L1JM9,LINCSCP_7707,A549,10uM,6h,NA,0.25544453,NA,-0.29885518,NA
Meisoindigo,LINCSCP_92769,HA1E,10uM,24h,NA,0.25542197,NA,NA,-0.21340695
AZD-5438,LINCSCP_78783,A375,10uM,24h,1,0.25515696,NA,NA,NA
"13-Hydroxy-8,14,19-trimethoxy-4,10,12,16-tetramethyl-3,20,22-trioxo-2-azabicyclo[16.3.1]docosa-1(21),4,6,10,18-pentaen-9-yl carbamate",LINCSCP_68928,VCAP,10uM,24h,NA,0.25509462,NA,NA,NA
SCHEMBL5345535,LINCSCP_43338,NPC,10uM,6h,NA,0.25496887,0.29471013,NA,-0.38573289
Andrographolide,LINCSCP_172358,YAPC,10uM,24h,NA,0.25490579,NA,NA,NA
CEP-701,LINCSCP_71137,A375,0.12uM,24h,NA,0.25477657,NA,NA,NA
BRD-K36134449,LINCSCP_4070,A375,5uM,24h,NA,0.2546993,NA,NA,NA
Rebastinib,LINCSCP_83159,ASC.C,3.33uM,24h,2,0.25468202,NA,NA,NA
Nafronyl,LINCSCP_14653,HA1E,10uM,24h,NA,0.25446853,NA,NA,NA
sorafenib,LINCSCP_11723,BT20,10uM,24h,NA,0.25427301,NA,NA,NA
BIBR-1532,LINCSCP_57052,VCAP,80uM,6h,NA,0.25427199,NA,NA,NA
Idelalisib,LINCSCP_147696,NPC.CAS9,0.37uM,24h,4,0.25424753,NA,NA,NA
KUC107191N,LINCSCP_24159,HL60,10uM,6h,NA,0.25411652,NA,-0.28158457,NA
BDBM50127227,LINCSCP_4244,A549,10uM,24h,NA,0.25383671,NA,NA,NA
SB-203580,LINCSCP_37974,MCF7,1uM,6h,NA,0.25377201,NA,NA,NA
"Epothilone B (EPO906, Patupilone)",LINCSCP_78554,A375,0.12uM,24h,NA,0.25376072,0.24192783,NA,NA
STK219801,LINCSCP_88784,HA1E,10uM,24h,NA,0.25365005,NA,NA,NA
XL335,LINCSCP_120315,HT29,0.12uM,24h,1,0.25347769,NA,-0.2650812,NA
CID755673,LINCSCP_57263,VCAP,10uM,24h,NA,0.25342474,NA,NA,NA
Tivantinib,LINCSCP_69699,A375,0.37uM,24h,3,0.25318209,NA,NA,-0.29345356
BRD-K48598367,LINCSCP_63167,VCAP,5uM,6h,NA,0.25316716,NA,-0.29718714,NA
ZM-39923,LINCSCP_307,A375,10uM,24h,NA,0.25300501,NA,NA,-0.29696422
Marimastat,LINCSCP_102325,HELA,0.37uM,24h,3,0.25290101,NA,NA,NA
MLS001173269,LINCSCP_5671,A549,10uM,6h,NA,0.25283121,NA,NA,NA
BRD-K85751793,LINCSCP_65532,VCAP,10uM,6h,NA,0.25274185,NA,-0.21514746,NA
KU-55933,LINCSCP_84410,ASC,10uM,24h,NA,0.25246738,NA,NA,NA
HY-11007,LINCSCP_83716,ASC.C,10uM,24h,NA,0.25238749,NA,NA,NA
Broad-Sai-560,LINCSCP_49257,PC3,10uM,24h,NA,0.25224165,NA,NA,NA
ZM323881,LINCSCP_14489,HA1E,10uM,24h,NA,0.25221546,NA,NA,NA
MLS003129936,LINCSCP_60228,VCAP,5uM,24h,NA,0.25217178,NA,NA,NA
501919-59-1,LINCSCP_25070,HT115,100uM,6h,NA,0.25200704,0.20569435,-0.24981569,NA
"3,5-Bis(4-methylbenzylidene)piperidin-4-one",LINCSCP_39975,NCIH1836,10uM,6h,NA,0.25198219,NA,NA,NA
"3,5-Bis(4-methylbenzylidene)piperidin-4-one",LINCSCP_39975,NCIH1836,10uM,6h,NA,0.25198219,NA,NA,NA
CHEMBL3186722,LINCSCP_35294,MCF7,10uM,24h,NA,0.25193371,NA,NA,NA
PF477736,LINCSCP_51951,SKBR3,0.1uM,6h,NA,0.25188584,NA,NA,NA
BS-181,LINCSCP_164512,SKL.C,3.33uM,24h,NA,0.2518421,NA,NA,NA
181144-66-1,LINCSCP_108836,HELA,0.37uM,24h,NA,0.25181001,NA,NA,NA
GR-79236,LINCSCP_204662,ASC,10uM,24h,NA,0.25173582,NA,NA,NA
CHEMBL1609579,LINCSCP_31753,MCF7,10uM,6h,NA,0.25171614,NA,0.24991192,NA
Cytosporone B,LINCSCP_54667,SW948,10uM,6h,NA,0.25156364,NA,NA,NA
Phenazopyridine,LINCSCP_14297,HA1E,10uM,6h,4,0.25142826,NA,NA,NA
BRD-K76999748,LINCSCP_16883,HA1E,10uM,6h,NA,0.25141836,NA,0.21505876,NA
BRD-K67414432-001-01-4,LINCSCP_59254,VCAP,10uM,24h,NA,0.25080972,NA,NA,NA
Lexibulin,LINCSCP_72278,A375,0.04uM,24h,2,0.25077875,NA,NA,NA
CHEMBL318111,LINCSCP_13679,HA1E,10uM,24h,NA,0.25074623,NA,NA,NA
Candesartan,LINCSCP_125302,HT29,10uM,24h,4,0.25062318,NA,NA,NA
Candesartan,LINCSCP_125302,HT29,10uM,24h,3,0.25062318,NA,NA,NA
Dextromethorphan,LINCSCP_14442,HA1E,10uM,24h,4,0.25026903,NA,NA,NA
PF-562271,LINCSCP_127556,HT29,0.12uM,24h,1,0.24985624,NA,NA,NA
Motesanib,LINCSCP_133526,MCF7,10uM,24h,3,0.24951567,NA,NA,NA
W 5,LINCSCP_311,A375,10uM,24h,NA,0.24942821,NA,NA,NA
Apoptosis Activator II,LINCSCP_14026,HA1E,10uM,24h,NA,0.24942696,NA,NA,NA
MLS002703103,LINCSCP_1107,A375,10uM,24h,NA,0.24936659,NA,NA,NA
BX-795,LINCSCP_165077,SKL.C,0.04uM,24h,NA,0.24934862,NA,NA,NA
Doxazosin,LINCSCP_104521,HELA,1.11uM,24h,4,0.24933609,NA,NA,0.25921651
AC1MJ3VH,LINCSCP_168826,YAPC,0.37uM,24h,NA,0.24925677,NA,NA,NA
(-)-Chlorpheniramine,LINCSCP_154,A375,10uM,6h,NA,0.24912075,NA,NA,NA
Aphidicolin,LINCSCP_76620,A375,1.11uM,24h,NA,0.24907315,NA,NA,NA
BRD-K22253301,LINCSCP_303267,VCAP,5uM,6h,NA,0.24898219,NA,-0.24080313,NA
Indomethacin,LINCSCP_4232,A549,10uM,24h,4,0.24893906,NA,NA,NA
BRD-K69295800,LINCSCP_59974,VCAP,5uM,6h,NA,0.24893784,NA,-0.253556,NA
Ercalcitriol,LINCSCP_96690,HA1E,10uM,24h,NA,0.24887554,NA,NA,NA
Merbarone,LINCSCP_96312,HA1E,10uM,24h,NA,0.24876413,NA,NA,NA
MLN-8054,LINCSCP_187517,A375,0.1uM,6h,1,0.24869429,NA,NA,NA
BRD-K18310625,LINCSCP_61022,VCAP,5uM,24h,NA,0.248588,NA,NA,NA
TORIN1,LINCSCP_120421,HT29,1.11uM,24h,NA,0.2483919,NA,NA,NA
BAY 87-2243,LINCSCP_78659,A375,3.33uM,24h,NA,0.24816074,NA,NA,NA
BRD-K18059480,LINCSCP_33824,MCF7,10uM,24h,NA,0.24810323,NA,NA,NA
Ixabepilone,LINCSCP_169920,YAPC,10uM,24h,4,0.24806316,NA,-0.21401167,NA
4LY1,LINCSCP_35439,MCF7,10uM,6h,NA,0.24802894,NA,NA,NA
GSK962040,LINCSCP_102482,HELA,0.04uM,24h,2,0.24800195,NA,NA,NA
Kinetin Riboside,LINCSCP_41766,NKDBA,10uM,24h,NA,0.24792485,NA,NA,NA
CHEMBL566722,LINCSCP_25982,HT29,10uM,24h,NA,0.2478799,NA,NA,NA
BRD-K57166447,LINCSCP_61895,VCAP,5uM,6h,NA,0.24777804,NA,NA,NA
BRD-K67663786,LINCSCP_302397,VCAP,5uM,6h,NA,0.24766752,NA,NA,NA
KSC-16-144,LINCSCP_31180,MCF7,10uM,24h,NA,0.24747496,NA,NA,NA
Ellagic acid,LINCSCP_134848,MCF7,10uM,24h,2,0.24713607,NA,NA,NA
1-(3-Chlorophenyl)-4-hexylpiperazine,LINCSCP_33274,MCF7,10uM,6h,NA,0.24711311,NA,NA,NA
CX-4945 (Silmitasertib),LINCSCP_108355,HELA,1.11uM,24h,2,0.2470163,NA,NA,NA
AQ-RA-741,LINCSCP_11326,ASC,10uM,24h,NA,0.24693806,NA,NA,-0.20618138
MLS001033149,LINCSCP_6084,A549,10uM,6h,NA,0.24686668,NA,NA,NA
Clofoctol,LINCSCP_105339,HELA,10uM,24h,NA,0.24681805,NA,NA,NA
CCG-208038,LINCSCP_43547,NPC,10uM,6h,NA,0.2467945,NA,NA,NA
BRD-K64589075,LINCSCP_249030,MCF7,5uM,24h,NA,0.24677473,NA,NA,NA
CGP 60474,LINCSCP_69073,A375,0.12uM,24h,NA,0.24664189,0.2577795,NA,NA
Sorafenib,LINCSCP_87926,HA1E,10uM,24h,4,0.24663116,NA,NA,NA
Zamifenacin,LINCSCP_25376,HT29,10uM,6h,NA,0.24658147,NA,NA,NA
BRD-K96194602,LINCSCP_65548,VCAP,10uM,6h,NA,0.24649218,NA,-0.23278486,-0.24727451
CYM50199,LINCSCP_57635,VCAP,10uM,6h,NA,0.24648764,NA,NA,NA
Levetiracetam,LINCSCP_96463,HA1E,3.33uM,24h,4,0.24645679,NA,NA,NA
GW620972X,LINCSCP_87503,CD34,10uM,24h,NA,0.24636489,NA,NA,NA
CHEMBL2426181,LINCSCP_31384,MCF7,10uM,24h,NA,0.24620217,NA,-0.2229308,NA
Ozagrel,LINCSCP_106646,HELA,1.11uM,24h,3,0.24597567,0.20362417,NA,NA
CDK4 Inhibitor III,LINCSCP_50423,PHH,10uM,6h,NA,0.24595309,NA,NA,-0.43169128
Mebendazole,LINCSCP_67631,MCF7,10uM,24h,4,0.2459359,NA,NA,NA
Probucol,LINCSCP_11587,ASC,10uM,24h,4,0.24591345,NA,NA,NA
BRD-K87854506,LINCSCP_61092,VCAP,5uM,24h,NA,0.24586537,NA,NA,NA
BX471,LINCSCP_127156,HT29,10uM,24h,NA,0.24579426,NA,NA,NA
NSC653260,LINCSCP_11340,ASC,10uM,24h,NA,0.24573922,NA,NA,NA
CHEMBL2357707,LINCSCP_48573,PC3,10uM,24h,NA,0.24559989,NA,NA,NA
AC1LHZKN,LINCSCP_10691,ASC,10uM,24h,NA,0.24530287,NA,NA,NA
BRD-K38294617,LINCSCP_59965,VCAP,5uM,6h,NA,0.2451602,NA,NA,NA
AC1MFZU7,LINCSCP_2259,A375,10uM,6h,NA,0.24510291,NA,NA,NA
979-32-8,LINCSCP_33436,MCF7,10uM,6h,NA,0.2450484,NA,NA,NA
BRD-K44766290,LINCSCP_59879,VCAP,5uM,24h,NA,0.24500683,0.22197817,-0.2738651,NA
BMS-707035,LINCSCP_78123,A375,0.04uM,24h,NA,0.24495895,NA,NA,NA
BRD7116,LINCSCP_285964,SKM1,10uM,6h,NA,0.24490857,NA,NA,NA
CHEMBL41721,LINCSCP_42096,NPC,10uM,24h,NA,0.24480821,NA,NA,NA
SCHEMBL8038519,LINCSCP_13087,FIBRNPC,10uM,6h,NA,0.24480649,NA,NA,NA
Avicin-G,LINCSCP_17209,HA1E,3uM,24h,NA,0.24475177,NA,NA,NA
Flutamide,LINCSCP_56859,VCAP,30uM,24h,4,0.24474229,NA,NA,NA
CICLESONIDE,LINCSCP_71991,A375,0.12uM,24h,4,0.24462957,NA,NA,NA
MEGXM0_000149,LINCSCP_22445,HEPG2,10uM,6h,NA,0.24444905,NA,NA,NA
Thiostrepton,LINCSCP_10973,ASC,10uM,24h,NA,0.24428496,NA,NA,NA
Thiostrepton,LINCSCP_10973,ASC,10uM,24h,NA,0.24428496,NA,NA,NA
Skiii,LINCSCP_9575,A549,10uM,6h,NA,0.24427266,NA,NA,NA
GNF-PF-2272,LINCSCP_6678,A549,10uM,6h,NA,0.24412077,NA,NA,NA
Tyrphostin 23,LINCSCP_14270,HA1E,10uM,6h,NA,0.24410899,NA,NA,NA
Quiflapon,LINCSCP_25530,HT29,80uM,24h,NA,0.24404039,NA,NA,NA
GBR12935,LINCSCP_52902,SKB,10uM,24h,NA,0.24388388,NA,-0.22968574,NA
Olmesartan Medoxomil,LINCSCP_161250,PC3,0.12uM,24h,4,0.24387602,NA,NA,NA
(24R)-24-Hydroxycholesterol,LINCSCP_43601,NPC,10uM,6h,NA,0.24382903,NA,NA,NA
BRD-K00566471,LINCSCP_60832,VCAP,5uM,24h,NA,0.24382074,0.23907201,NA,-0.20154571
"3-{3-[(1,3-Benzothiazol-2-ylsulfanyl)methyl]-4-hydroxy-5-methoxyphenyl}-2-cyanoprop-2-enamide",LINCSCP_204343,ASC,10uM,24h,NA,0.24364039,NA,NA,NA
Roquinimex,LINCSCP_105429,HELA,10uM,24h,NA,0.24344081,NA,-0.21652075,NA
BRD-K74998149,LINCSCP_65696,VCAP,10uM,24h,NA,0.24340115,NA,NA,NA
CHEMBL2354536,LINCSCP_23584,HEPG2,3uM,6h,NA,0.24339719,NA,NA,NA
Cymarigenen,LINCSCP_64842,VCAP,10uM,24h,NA,0.24323162,NA,-0.21779197,-0.25541338
Anandamide,LINCSCP_93844,HA1E,0.12uM,24h,NA,0.24318621,NA,NA,NA
Ethamivan,LINCSCP_192021,A549,10uM,6h,4,0.2430941,NA,NA,NA
Salermide,LINCSCP_52957,SKLU1,100uM,6h,NA,0.24281819,NA,NA,NA
BG-1024,LINCSCP_13308,FIBRNPC,10uM,6h,NA,0.24273628,NA,NA,NA
Chelerythrine,LINCSCP_152287,PC3,10uM,24h,NA,0.24253578,0.32882464,NA,-0.41642397
Pyrvinium pamoate,LINCSCP_43565,NPC,10uM,6h,NA,0.24251933,0.23616167,NA,-0.36366898
VU-0402605,LINCSCP_173950,YAPC,0.04uM,24h,NA,0.24238135,NA,NA,NA
CHEMBL567340,LINCSCP_1123,A375,10uM,24h,NA,0.24233024,NA,NA,NA
Ornidazole,LINCSCP_91484,HA1E,0.12uM,24h,4,0.24227446,NA,NA,NA
"N-(1,3-Benzothiazol-2-yl)thiophene-2-carboxamide",LINCSCP_5321,A549,10uM,6h,NA,0.24214443,NA,NA,NA
Arachidonyl Trifluoromethylketone,LINCSCP_644,A375,80uM,24h,NA,0.24210023,NA,NA,NA
Ondansetron,LINCSCP_178113,A375,10uM,6h,4,0.24206902,NA,NA,NA
CGS-15943,LINCSCP_67580,MCF7,10uM,6h,NA,0.24203398,NA,NA,NA
Zardaverine,LINCSCP_75293,A375,1.11uM,24h,NA,0.24197352,NA,-0.21803529,NA
Guggulsterone,LINCSCP_14002,HA1E,10uM,24h,NA,0.24192692,NA,NA,NA
Sulpiride,LINCSCP_155154,PC3,0.37uM,24h,4,0.24175187,NA,NA,-0.21250646
Androstenedone,LINCSCP_6815,A549,10uM,24h,NA,0.24170789,NA,NA,NA
MEGXM0_000203,LINCSCP_50261,PHH,3uM,24h,NA,0.24165951,NA,NA,NA
MOXIDECTIN,LINCSCP_95343,HA1E,3.33uM,24h,NA,0.24158461,NA,NA,NA
Apomorphine,LINCSCP_142941,MCF7,0.12uM,24h,4,0.24143277,NA,NA,NA
MLS000518920,LINCSCP_6026,A549,10uM,6h,NA,0.24129849,NA,NA,NA
BRD-K46381939,LINCSCP_65980,VCAP,10uM,24h,NA,0.24128842,NA,NA,NA
BRD-K77282409,LINCSCP_298165,VCAP,5uM,6h,NA,0.24128706,NA,-0.25540923,NA
27277-00-5,LINCSCP_290693,VCAP,10uM,24h,NA,0.24126826,-0.20891075,NA,NA
Ketotifen,LINCSCP_37313,MCF7,0.5uM,6h,4,0.24125172,NA,NA,NA
VE-821,LINCSCP_133952,MCF7,0.37uM,24h,NA,0.24106956,NA,NA,NA
ChEBI91594,LINCSCP_42696,NPC,10uM,24h,NA,0.24101096,0.2218892,NA,NA
MLS006011051,LINCSCP_134167,MCF7,0.12uM,24h,NA,0.24100993,NA,NA,NA
MLS001065857,LINCSCP_30988,MCF7,10uM,24h,NA,0.24093559,NA,NA,NA
BRD-K12980773,LINCSCP_306730,VCAP,5uM,24h,NA,0.24092202,NA,NA,NA
SCHEMBL14823984,LINCSCP_57676,VCAP,10uM,6h,NA,0.24088505,NA,NA,NA
FOXY-5,LINCSCP_260087,NEU,10uM,6h,NA,0.24088396,NA,NA,NA
Nalbuphine,LINCSCP_291492,VCAP,10uM,6h,4,0.24081928,NA,NA,NA
MLS000583951,LINCSCP_6008,A549,10uM,6h,NA,0.24063527,0.24301576,NA,NA
Boldine,LINCSCP_290024,VCAP,10uM,24h,NA,0.24062107,NA,NA,NA
"(1Ar,7as,10as,10br)-1a,5-Dimethyl-8-methylidene-2,3,6,7,7a,8,10a,10b-octahydrooxireno[9,10]cyclodeca[1,2-b]furan-9(1ah)-one",LINCSCP_66305,WSUDLCL2,20uM,6h,NA,0.24059422,NA,NA,NA
CHEMBL2135417,LINCSCP_32374,MCF7,10uM,6h,NA,0.24047019,NA,NA,NA
Teniposide,LINCSCP_11230,ASC,10uM,24h,NA,0.24043762,NA,NA,NA
"Ingenol 3,20-dibenzoate",LINCSCP_9151,A549,0.01uM,24h,NA,0.24038584,NA,-0.21070693,NA
Romidepsin,LINCSCP_158085,PC3,10uM,24h,NA,0.24030554,NA,NA,-0.26594609
SMR000798352,LINCSCP_1250,A375,10uM,24h,NA,0.24030522000000001,NA,NA,NA
C30H33N3O5S,LINCSCP_39341,MDAMB231,1uM,24h,NA,0.24019736,NA,NA,NA
RS102895,LINCSCP_30399,MCF7,10uM,6h,NA,0.24014233,NA,NA,NA
CCG-208112,LINCSCP_43610,NPC,10uM,6h,NA,0.24000668,NA,NA,NA
Bimatoprost,LINCSCP_77999,A375,3.33uM,24h,NA,0.23994379,NA,NA,NA
BRD-K92923799-001-01-0,LINCSCP_47674,PC3,10uM,24h,NA,0.23983225,NA,NA,NA
CHEMBL578162,LINCSCP_57407,VCAP,10uM,6h,NA,0.23966774,NA,NA,NA
CHEMBL2356693,LINCSCP_16796,HA1E,10uM,6h,NA,0.23954779,NA,NA,NA
pancuronium,LINCSCP_107739,HELA,0.37uM,24h,NA,0.23950537,NA,NA,NA
BRD-K83072410,LINCSCP_62106,VCAP,5uM,6h,NA,0.23947925,NA,NA,NA
Chloroxine,LINCSCP_71546,A375,10uM,24h,4,0.23947655,NA,NA,NA
BL003-049-HDAC3,LINCSCP_10081,A549,10uM,24h,NA,0.23941296,NA,NA,NA
CHEMBL3347630,LINCSCP_82272,A549,1.11uM,24h,NA,0.23937314,NA,NA,NA
Hinokitiol,LINCSCP_11289,ASC,10uM,24h,NA,0.23936015,NA,NA,NA
BRD-K70068422,LINCSCP_61368,VCAP,5uM,6h,NA,0.23927987,NA,-0.2221203,NA
BRD-K50777342,LINCSCP_310154,VCAP,30uM,6h,NA,0.2392605,NA,NA,NA
BRD-K91730835,LINCSCP_61924,VCAP,5uM,6h,NA,0.23925406,NA,-0.22187857,NA
Istaroxime (hydrochloride),LINCSCP_144084,MCF7,3.33uM,24h,NA,0.23921515,NA,NA,NA
Topiramate,LINCSCP_89595,HA1E,0.04uM,24h,4,0.23909812,NA,NA,NA
KUC103658,LINCSCP_1727,A375,10uM,6h,NA,0.23907726,NA,-0.28737967,NA
Emtricitabine,LINCSCP_94663,HA1E,0.04uM,24h,4,0.23899561,NA,-0.2537984,NA
SMR000206936,LINCSCP_5620,A549,10uM,6h,NA,0.2388623,NA,NA,NA
Broad-Sai-045,LINCSCP_35511,MCF7,3uM,24h,NA,0.23882419,NA,NA,NA
AC1LEPRU,LINCSCP_34233,MCF7,10uM,6h,NA,0.2384445,NA,NA,NA
BRD-K29407738,LINCSCP_65438,VCAP,10uM,6h,NA,0.23838055,NA,-0.22363974,NA
SPECTRUM1505012,LINCSCP_14659,HA1E,10uM,24h,NA,0.2383704,NA,NA,NA
GSK256066,LINCSCP_157050,PC3,10uM,24h,NA,0.23830973,NA,NA,NA
"N,N-Dimethyl-n'-{5-[(2-methyl-4-quinolyl)thio]-1,3,4-thiadiazol-2-yl}iminoformamide",LINCSCP_6213,A549,10uM,24h,NA,0.23829417,0.22826658,NA,NA
Rolipram,LINCSCP_284843,SKB,10uM,24h,2,0.23827146,NA,NA,NA
Calcipotriene,LINCSCP_4231,A549,10uM,24h,4,0.23808875,NA,NA,NA
BRD-K54335715,LINCSCP_43142,NPC,10uM,24h,NA,0.23789988,NA,-0.2100444,NA
CHEMBL578159,LINCSCP_238586,MCF7,10uM,6h,NA,0.23767914,NA,NA,NA
F1061-0166,LINCSCP_203406,ASC,10uM,24h,NA,0.2376156,NA,-0.25475946,NA
Penfluridol,LINCSCP_51107,RMUGS,30uM,6h,NA,0.23759891,NA,NA,NA
BRD-K40690989,LINCSCP_311709,VCAP,10uM,24h,NA,0.23755642,NA,-0.25052659,-0.213211
H 8,LINCSCP_52578,SKB,10uM,24h,NA,0.23754423,NA,NA,NA
ANISODAMINE HYDROBROMIDE,LINCSCP_89612,HA1E,0.12uM,24h,NA,0.23752863,0.26957054,NA,-0.21239441
BRD-K24077273,LINCSCP_62355,VCAP,5uM,6h,NA,0.23752396,NA,NA,NA
CHEMBL258148,LINCSCP_44886,PC3,90uM,24h,NA,0.23750521,NA,NA,NA
CHEMBL1552615,LINCSCP_225231,HT29,10uM,6h,NA,0.237471,NA,NA,NA
11K-629S,LINCSCP_189818,A549,10uM,6h,NA,0.23745858,NA,NA,NA
"Ethyl 1-benzyl-4,5-dioxopyrrolidine-3-carboxylate",LINCSCP_11391,ASC,10uM,24h,NA,0.23741809,NA,NA,NA
KUC104123,LINCSCP_1714,A375,10uM,6h,NA,0.2373219,NA,NA,NA
ZK-93423,LINCSCP_33749,MCF7,10uM,6h,NA,0.23725982,NA,NA,NA
CHEMBL3182128,LINCSCP_48536,PC3,10uM,24h,NA,0.23721264,NA,NA,NA
BRD-K76896049,LINCSCP_62227,VCAP,5uM,6h,NA,0.23711879,NA,NA,NA
844499-71-4,LINCSCP_100990,HCC515,0.12uM,24h,NA,0.23710832,NA,NA,NA
Conivaptan HCl,LINCSCP_170632,YAPC,0.12uM,24h,NA,0.2370072,NA,-0.22947894,NA
CHEMBL277800,LINCSCP_44102,PC3,10uM,6h,NA,0.23692169,NA,NA,NA
BRD-K65196043,LINCSCP_60119,VCAP,5uM,6h,NA,0.23691087,NA,-0.28079397,NA
Fidaxomicin,LINCSCP_94044,HA1E,10uM,24h,NA,0.23690286,NA,NA,NA
TW 37,LINCSCP_54208,SW620,10uM,6h,NA,0.2368709,0.36139491,NA,-0.40358653
Hyoscyamine,LINCSCP_47517,PC3,10uM,24h,NA,0.23686017,NA,NA,NA
Hyoscyamine,LINCSCP_47517,PC3,10uM,24h,NA,0.23686017,NA,NA,NA
Avicin-D,LINCSCP_49411,PC3,3uM,6h,NA,0.23678502,NA,NA,NA
MLS002703102,LINCSCP_45330,PC3,10uM,24h,NA,0.23673575,0.3120544,NA,-0.3782968
MLS002264455,LINCSCP_1408,A375,10uM,24h,NA,0.23643944,NA,NA,NA
MLS003129148,LINCSCP_60563,VCAP,5uM,24h,NA,0.23643787,NA,NA,NA
BRD-K59746807,LINCSCP_61251,VCAP,5uM,24h,NA,0.23638597,NA,NA,NA
U-0126,LINCSCP_58963,VCAP,10uM,24h,NA,0.2363523,NA,NA,NA
MLN9708,LINCSCP_172710,YAPC,0.04uM,24h,NA,0.2362904,NA,NA,NA
BRD-K70077013,LINCSCP_63240,VCAP,5uM,24h,NA,0.23619255,NA,NA,NA
CHEMBL2133997,LINCSCP_296488,VCAP,5uM,24h,NA,0.23615975,NA,NA,NA
ETHYLENEDIAMINE TETRACETATE TETRA-ETHANOLAMINE,LINCSCP_107971,HELA,1.11uM,24h,3,0.23614542,NA,-0.28770862,NA
AZ20,LINCSCP_128985,HUVEC,3.33uM,24h,NA,0.23603932,NA,NA,NA
Lonafarnib,LINCSCP_94320,HA1E,3.33uM,24h,3,0.23602754,NA,NA,NA
NSC 663284,LINCSCP_92,A375,10uM,6h,NA,0.23602513,NA,NA,NA
Strophanthidin,LINCSCP_50241,PHH,10uM,24h,NA,0.23592194,NA,NA,NA
NEFIRACETAM,LINCSCP_107468,HELA,0.04uM,24h,2,0.23591198,0.22415023,NA,NA
Lestaurtinib,LINCSCP_49936,PHH,10uM,24h,3,0.23583668,0.2077962,-0.20292633,NA
L-Sulforaphane,LINCSCP_94187,HA1E,10uM,24h,NA,0.235819,NA,NA,NA
OSI-930,LINCSCP_83057,ASC.C,10uM,24h,1,0.23580627,NA,NA,NA
PIK-93,LINCSCP_115316,HS578T,1.11uM,3h,NA,0.23572913,NA,NA,NA
BRD-K54029516,LINCSCP_60976,VCAP,5uM,6h,NA,0.23571442,NA,NA,NA
"7,8-Dihydroxychlorpromazine",LINCSCP_43235,NPC,10uM,24h,NA,0.23568371,NA,NA,NA
Diphenyleneiodonium,LINCSCP_11462,ASC,10uM,24h,NA,0.23551887,NA,NA,NA
LY2886721,LINCSCP_71670,A375,0.04uM,24h,NA,0.23550992,NA,-0.24480005,NA
BRD-K71611609,LINCSCP_62575,VCAP,5uM,6h,NA,0.23547552,NA,NA,NA
AZD-8055,LINCSCP_69317,A375,0.37uM,24h,1,0.23546682,NA,NA,NA
CP466722,LINCSCP_24487,HS578T,1uM,6h,NA,0.23535206,NA,NA,NA
Enalapril,LINCSCP_10245,A549,3uM,6h,4,0.23534061,NA,NA,NA
BRD-K07569193,LINCSCP_41706,NKDBA,1uM,24h,NA,0.23507236,NA,NA,NA
brefeldin-a,LINCSCP_160196,PC3,10uM,24h,NA,0.235016,0.20481011,NA,NA
BRD-K38586507,LINCSCP_199299,A549,5uM,24h,NA,0.23501198,NA,NA,NA
Vinpocetine,LINCSCP_171828,YAPC,10uM,24h,4,0.23494349,NA,NA,NA
Pidotimod,LINCSCP_168539,YAPC,0.12uM,24h,NA,0.23491941,NA,NA,NA
CHEMBL2140651,LINCSCP_27720,HT29,5uM,24h,NA,0.23490084,NA,NA,NA
PLX-4720,LINCSCP_81231,A549,0.04uM,24h,NA,0.23484756,NA,NA,NA
FR-180204,LINCSCP_30062,MCF10A,0.1uM,6h,NA,0.23483742,NA,NA,NA
SCHEMBL17857056,LINCSCP_36485,MCF7,10uM,24h,NA,0.23482689,NA,NA,NA
BRD-K96345282,LINCSCP_61303,VCAP,5uM,24h,NA,0.23480412,NA,-0.23391195,NA
ALD1-H_001009,LINCSCP_10807,ASC,10uM,24h,NA,0.23473961,NA,NA,NA
TORIN-2,LINCSCP_115279,HS578T,3.33uM,3h,NA,0.23455598,NA,NA,NA
Tyrphostin AG-1478,LINCSCP_51192,RMUGS,60uM,6h,NA,0.23450469,NA,NA,NA
MLS002264452,LINCSCP_45519,PC3,10uM,24h,NA,0.23449454,NA,NA,NA
Pioglitazone,LINCSCP_140327,MCF7,10uM,24h,4,0.23446294,NA,NA,NA
Docosatrienoic acid (22:3 n-3),LINCSCP_204556,ASC,10uM,24h,NA,0.2344606,NA,NA,NA
JLK-6,LINCSCP_204106,ASC,10uM,24h,NA,0.23422326,NA,NA,NA
SCHEMBL16226502,LINCSCP_146342,NEU,10uM,24h,NA,0.23421691,NA,NA,NA
145040-37-5,LINCSCP_25159,HT29,10uM,6h,NA,0.23408674,NA,NA,NA
MLS003337117,LINCSCP_293216,VCAP,10uM,6h,NA,0.23397086,NA,NA,NA
1166227-08-2,LINCSCP_146025,MNEU.E,0.04uM,24h,NA,0.23389328,NA,NA,NA
CHEMBL2152368,LINCSCP_234630,JURKAT,0.5uM,6h,NA,0.23361579,0.2306864,-0.21510541,NA
BRD-K24750847,LINCSCP_60362,VCAP,5uM,24h,NA,0.23342899,NA,0.20930868,NA
Olomoucine,LINCSCP_44328,PC3,10uM,6h,NA,0.2333884,NA,NA,NA
DY131,LINCSCP_13918,HA1E,10uM,6h,NA,0.23336917,NA,NA,NA
Manumycin-A,LINCSCP_30445,MCF7,10uM,24h,NA,0.23330822,NA,NA,NA
BRD-K09551497,LINCSCP_199203,A549,5uM,24h,NA,0.23327737,NA,NA,NA
BRD-K03883227,LINCSCP_65561,VCAP,10uM,24h,NA,0.23326613,NA,NA,NA
GSK-J1,LINCSCP_84477,ASC,3.33uM,24h,NA,0.23322808,NA,-0.23264657,NA
7Beta-forskolin,LINCSCP_14387,HA1E,10uM,24h,NA,0.23322014,-0.2254969,NA,NA
SCHEMBL14177979,LINCSCP_11137,ASC,10uM,24h,NA,0.23317992,NA,NA,NA
SCHEMBL2231351,LINCSCP_288114,THP1,0.01uM,24h,NA,0.23308198,NA,NA,NA
Trametinib,LINCSCP_163125,SKBR3,0.12uM,24h,4,0.23301562,NA,NA,NA
Mycophenolate Mofetil,LINCSCP_50045,PHH,10uM,24h,4,0.23283749,NA,0.20187271,NA
SA-102607,LINCSCP_38157,MCF7,0.5uM,24h,NA,0.23275807,NA,NA,NA
MLS004683642,LINCSCP_38567,MCF7,1.23uM,24h,NA,0.23267386,NA,NA,NA
BRD-K55743249,LINCSCP_48294,PC3,5uM,24h,NA,0.23252273,NA,NA,NA
MAZ51,LINCSCP_44756,PC3,10uM,24h,NA,0.23248803,NA,NA,NA
SMR000127643,LINCSCP_5111,A549,10uM,6h,NA,0.23235776,NA,NA,NA
BRD-A94810754-001-01-2,LINCSCP_41477,NEU,10uM,6h,NA,0.23231355,NA,-0.20329296,NA
SPECTRUM_001418,LINCSCP_171083,YAPC,3.33uM,24h,NA,0.23221707,NA,NA,NA
Chlorpheniramine,LINCSCP_178629,A375,10uM,6h,4,0.23214006,NA,NA,NA
NSC23766,LINCSCP_25692,HT29,100uM,6h,NA,0.23207049,NA,NA,NA
NCGC00170405-01,LINCSCP_16948,HA1E,10uM,6h,NA,0.23200623,0.2718885,NA,NA
SPECTRUM_001319,LINCSCP_143245,MCF7,1.11uM,24h,NA,0.23196625,NA,-0.2426027,NA
WZ3105,LINCSCP_29639,MCF10A,1uM,24h,NA,0.23185907,NA,NA,NA
BMS 191011,LINCSCP_258829,NEU,10uM,24h,NA,0.23182524,NA,NA,NA
Parthenolide,LINCSCP_39996,NCIH1836,10uM,6h,NA,0.23181104,NA,NA,NA
Parthenolide,LINCSCP_39996,NCIH1836,10uM,6h,NA,0.23181104,NA,NA,NA
Mitoxantrone,LINCSCP_50294,PHH,10uM,24h,4,0.23152938,NA,NA,NA
BAY-117821,LINCSCP_14025,HA1E,10uM,24h,NA,0.23141069,NA,NA,NA
BRD-K30228236,LINCSCP_60967,VCAP,5uM,6h,NA,0.23134024,NA,NA,NA
UNII-BXU45ZH6LI,LINCSCP_11162,ASC,10uM,24h,NA,0.23131189,NA,NA,NA
SCHEMBL1675329,LINCSCP_5315,A549,10uM,6h,NA,0.23130705,NA,NA,NA
BRD-K29745382,LINCSCP_296460,VCAP,5uM,24h,NA,0.23125885,NA,-0.24432343,NA
ZINC00969081,LINCSCP_189813,A549,10uM,6h,NA,0.23122235,NA,-0.20787074,NA
SCHEMBL17052537,LINCSCP_113433,HME1,10uM,3h,NA,0.23113902,NA,NA,NA
BRD-K18170480,LINCSCP_38002,MCF7,1uM,6h,NA,0.23107102,NA,NA,NA
BECLOMETHASONE DIPROPIONATE,LINCSCP_91084,HA1E,1.11uM,24h,NA,0.23103227,NA,NA,NA
BRD-K48528697,LINCSCP_61350,VCAP,5uM,6h,NA,0.23102615,NA,NA,NA
SA-1973507,LINCSCP_50308,PHH,10uM,24h,NA,0.23102133,NA,NA,NA
Mocetinostat,LINCSCP_164729,SKL.C,0.04uM,24h,2,0.23097505,NA,NA,NA
Cobicistat (GS-9350),LINCSCP_103617,HELA,0.37uM,24h,4,0.23091458,NA,NA,NA
BRD-K07452532,LINCSCP_60729,VCAP,5uM,24h,NA,0.23072248,NA,NA,NA
F1679-0128,LINCSCP_16649,HA1E,10uM,6h,NA,0.23060375,NA,NA,NA
"Triazolothiadiazine, 28",LINCSCP_45753,PC3,10uM,24h,NA,0.23059146,NA,NA,-0.25407527
NCGC00172397-01,LINCSCP_16239,HA1E,10uM,6h,NA,0.2305268,NA,NA,NA
NSC119236,LINCSCP_30779,MCF7,20uM,6h,NA,0.2304877,NA,NA,NA
"Triazolothiadiazine, 25",LINCSCP_1360,A375,10uM,24h,NA,0.23031115,NA,NA,NA
BRD-K73118655,LINCSCP_62224,VCAP,5uM,6h,NA,0.23025423,NA,NA,NA
Elesclomol,LINCSCP_142382,MCF7,0.37uM,24h,3,0.23020894,NA,NA,NA
BRD-K08663380,LINCSCP_48640,PC3,3uM,6h,NA,0.23017702,NA,NA,NA
BRD-K21259057,LINCSCP_8119,A549,5uM,24h,NA,0.23017693,NA,NA,NA
C23H24CLN3O5,LINCSCP_58310,VCAP,10uM,24h,NA,0.22987608,NA,NA,NA
BRD-K86947329,LINCSCP_49188,PC3,10uM,6h,NA,0.22980552,NA,-0.22369825,NA
BRD-K11533227,LINCSCP_49219,PC3,3uM,24h,NA,0.22979252,NA,NA,NA
E319,LINCSCP_254618,MCF7,10uM,24h,NA,0.2297913,NA,NA,NA
Dihydro-Obliquin,LINCSCP_56614,VCAP,10uM,24h,NA,0.22972042,NA,NA,NA
Apigenin,LINCSCP_59017,VCAP,10uM,6h,NA,0.22962667,NA,NA,0.20645577
SMR000304369,LINCSCP_289210,VCAP,10uM,24h,NA,0.22962106,NA,NA,NA
BMS-794833,LINCSCP_154136,PC3,1.11uM,24h,NA,0.22961023,0.21966384,-0.22610139,NA
Medetomidine,LINCSCP_91297,HA1E,10uM,24h,NA,0.22959887,NA,NA,NA
PX 12,LINCSCP_43711,OV7,30uM,6h,NA,0.22959779,NA,-0.25536641,NA
Isogedunin,LINCSCP_14989,HA1E,10uM,24h,NA,0.22952286,NA,NA,NA
Skatole,LINCSCP_42921,NPC,10uM,24h,NA,0.22936312,NA,NA,-0.20148643
2-Fluoroadenosine,LINCSCP_49881,PHH,10uM,24h,NA,0.22932793,NA,NA,NA
BRD-K94161851,LINCSCP_61668,VCAP,5uM,24h,NA,0.22882667,NA,NA,NA
BRD-K81164606-001-01-7,LINCSCP_50378,PHH,10uM,24h,NA,0.22882076,NA,NA,NA
Brivanib,LINCSCP_104042,HELA,0.37uM,24h,3,0.22872503,NA,NA,NA
"N-(3-Fluoro-4-((7-methoxyquinolin-4-yl)oxy)phenyl)-1-(2-hydroxy-2-methylpropyl)-5-methyl-3-oxo-2-phenyl-2,3-dihydro-1H-pyrazole-4-carboxamide",LINCSCP_84869,ASC,0.04uM,24h,NA,0.22868924,NA,NA,NA
GSK-923295,LINCSCP_92040,HA1E,1.11uM,24h,NA,0.22866375,NA,NA,NA
MLS002703105,LINCSCP_57247,VCAP,10uM,24h,NA,0.22864848,NA,-0.2051861,NA
BRD-K01981286,LINCSCP_8273,A549,5uM,24h,NA,0.22850446,NA,NA,NA
BRD-K26359746,LINCSCP_277245,PC3,5uM,24h,NA,0.22836782,NA,NA,NA
ICG-001,LINCSCP_55529,U937,10uM,6h,NA,0.2283604,NA,NA,NA
Actarit,LINCSCP_92469,HA1E,10uM,24h,NA,0.22835488,NA,NA,NA
Piperacetazine,LINCSCP_13705,HA1E,10uM,24h,4,0.22831669,NA,NA,NA
BRD-K64023191,LINCSCP_61260,VCAP,5uM,24h,NA,0.22826714,NA,NA,NA
BRD-K14768034,LINCSCP_63010,VCAP,5uM,24h,NA,0.22820791,NA,NA,NA
Palmidrol,LINCSCP_11586,ASC,10uM,24h,NA,0.22818241,NA,NA,NA
Momelotinib,LINCSCP_145263,MDAMB231,10uM,3h,3,0.22817478,NA,NA,NA
"4,11-Diethyl-4,9-dihydroxy-1H-pyrano[3',4':6,7]indolizino[1,2-b]quinoline-3,14(4H,12H)-dione",LINCSCP_40275,NCIH596,0.5uM,6h,NA,0.2281062,NA,NA,NA
BRD-K44242139,LINCSCP_48535,PC3,10uM,24h,NA,0.22804909,NA,NA,NA
BRD-K53101279,LINCSCP_61140,VCAP,5uM,6h,NA,0.22795653,NA,NA,NA
"2-(2,4-Dichlorophenoxy)-n-(4-methyl-2-nitrophenyl)acetamide",LINCSCP_58863,VCAP,10uM,24h,NA,0.22773938,NA,NA,NA
PF-04447943,LINCSCP_107897,HELA,10uM,24h,NA,0.22759593,NA,-0.22084771,NA
BRD-K47512679,LINCSCP_249790,MCF7,10uM,24h,NA,0.22741632,NA,NA,NA
BRD-K41862560,LINCSCP_233105,HT29,10uM,24h,NA,0.22740726,NA,NA,NA
Gallocatechin Gallate,LINCSCP_40058,NCIH2073,90uM,6h,NA,0.22733078,NA,NA,NA
Valyltryptophan,LINCSCP_44033,PC3,10uM,24h,NA,0.2272544,NA,NA,NA
BRD-K35928056,LINCSCP_61695,VCAP,5uM,6h,NA,0.22721736,-0.23039082,NA,NA
MLS002264450,LINCSCP_31480,MCF7,10uM,6h,NA,0.22711849,NA,NA,NA
Dexniguldipine,LINCSCP_122567,HT29,3.33uM,24h,NA,0.22708562,NA,NA,NA
AZD-8330,LINCSCP_115232,HS578T,1.11uM,3h,1,0.22704191,NA,NA,NA
Cephaeline,LINCSCP_11322,ASC,10uM,24h,NA,0.22704145,NA,NA,NA
BRD-K43540029,LINCSCP_3702,A375,10uM,24h,NA,0.22697975,NA,NA,NA
MR-16728,LINCSCP_18652,HCC515,10uM,6h,NA,0.22688594,NA,NA,NA
MLS000583956,LINCSCP_1964,A375,10uM,6h,NA,0.22687224,NA,NA,NA
Meptazinol,LINCSCP_47802,PC3,10uM,6h,4,0.22675617,NA,NA,NA
Dapivirine (TMC120),LINCSCP_169630,YAPC,0.12uM,24h,3,0.22675579,NA,NA,NA
BRN 1087718,LINCSCP_203426,ASC,10uM,24h,NA,0.22667821,NA,NA,NA
BRD-K37303684,LINCSCP_27507,HT29,5uM,24h,NA,0.22664819,NA,-0.21505379,NA
BRD-K10721194,LINCSCP_62120,VCAP,5uM,24h,NA,0.22660653,NA,-0.24017307,NA
BRD-K16912444,LINCSCP_59845,VCAP,5uM,24h,NA,0.22657624,NA,NA,NA
CHEMBL2130568,LINCSCP_10703,ASC,10uM,24h,NA,0.2265468,NA,NA,NA
MLS000583963,LINCSCP_1763,A375,10uM,6h,NA,0.22645306,0.24663823000000001,NA,-0.26835776
MLS002264492,LINCSCP_5259,A549,10uM,6h,NA,0.22645305,NA,NA,NA
triptolide,LINCSCP_70403,A375,0.12uM,24h,NA,0.22644792,NA,NA,NA
LY 2183240,LINCSCP_15315,HA1E,10uM,24h,NA,0.22637216,NA,NA,NA
CHEMBL3181961,LINCSCP_203536,ASC,10uM,24h,NA,0.22635247,NA,NA,NA
TR-14035,LINCSCP_72361,A375,0.12uM,24h,NA,0.22612863,NA,NA,NA
BRD-K89354557,LINCSCP_64981,VCAP,10uM,24h,NA,0.22606436,NA,NA,NA
BMS-509744,LINCSCP_149836,NPC.TAK,10uM,24h,NA,0.22600945,0.23637559,NA,-0.20557944
Avrainvillamide-analog-6,LINCSCP_4007,A375,10uM,24h,NA,0.22593801,NA,NA,-0.35046493
Flubendazole,LINCSCP_273434,PC3,10uM,24h,NA,0.22587523,NA,NA,NA
Isoliquiritigenin,LINCSCP_56868,VCAP,10uM,24h,NA,0.22581287,NA,NA,NA
Pimecrolimus,LINCSCP_79601,A375,10uM,24h,4,0.2257902,NA,NA,NA
TWS 119,LINCSCP_42788,NPC,10uM,24h,NA,0.22578138,NA,NA,NA
BRD-K74446951,LINCSCP_43048,NPC,10uM,24h,NA,0.22576422,NA,NA,NA
SB525334,LINCSCP_128220,HUES3,1.11uM,24h,NA,0.22542252,NA,NA,NA
MLS000583957,LINCSCP_2275,A375,10uM,6h,NA,0.22537664,NA,NA,NA
BRD-K65504774,LINCSCP_62307,VCAP,5uM,24h,NA,0.22536901,NA,-0.22969984,NA
BRD-K15219339,LINCSCP_296871,VCAP,5uM,24h,NA,0.22527272,NA,NA,NA
BRD-K74046820,LINCSCP_64216,VCAP,5uM,24h,NA,0.22485312,NA,NA,NA
Bardoxolone Methyl,LINCSCP_72243,A375,10uM,24h,3,0.22480061,NA,NA,NA
BRD-K17863985,LINCSCP_62767,VCAP,5uM,24h,NA,0.22477724,NA,-0.29749931,NA
Zucapsaicin,LINCSCP_293859,VCAP,10uM,24h,3,0.2244689,NA,NA,NA
Doramapimod,LINCSCP_83176,ASC.C,10uM,24h,2,0.22437155,NA,NA,NA
BRD-K17003857,LINCSCP_27859,HT29,5uM,24h,NA,0.22429303,NA,NA,NA
NU-7026,LINCSCP_133940,MCF7,0.37uM,24h,NA,0.22424199,NA,-0.2878004,NA
BRD-K40476324-001-01-6,LINCSCP_47637,PC3,10uM,24h,NA,0.22419228,NA,NA,NA
Glycocholic acid,LINCSCP_14749,HA1E,10uM,24h,NA,0.22412342,NA,-0.22546986,NA
HSCI1_000313,LINCSCP_55785,VCAP,10uM,6h,NA,0.22404872,NA,NA,NA
BRD-K73427206,LINCSCP_61371,VCAP,5uM,6h,NA,0.22403173,NA,NA,NA
CHEMBL1719929,LINCSCP_57657,VCAP,10uM,6h,NA,0.22399755,NA,NA,NA
BIIB 021,LINCSCP_106602,HELA,0.04uM,24h,NA,0.22382905,NA,NA,NA
BRD-K48211485,LINCSCP_60568,VCAP,5uM,24h,NA,0.2237983,NA,NA,NA
Deoxycholic acid,LINCSCP_139512,MCF7,10uM,24h,4,0.22374511,NA,-0.29551666,NA
Dexlansoprazole,LINCSCP_34644,MCF7,10uM,24h,4,0.22369516,NA,NA,NA
Zofenopril (calcium),LINCSCP_172878,YAPC,0.04uM,24h,NA,0.22367091,NA,NA,NA
Crotamiton,LINCSCP_14577,HA1E,10uM,6h,4,0.22365098,NA,NA,NA
Andreson,LINCSCP_16139,HA1E,10uM,6h,NA,0.22354791,NA,NA,NA
AC1O44XP,LINCSCP_64561,VCAP,20uM,6h,NA,0.22351352,NA,NA,NA
BRD-K87159745,LINCSCP_63414,VCAP,5uM,24h,NA,0.22345231,NA,-0.20896662,NA
"Triazolothiadiazine, 9",LINCSCP_31435,MCF7,10uM,6h,NA,0.22344063,NA,NA,NA
SMR000206948,LINCSCP_5616,A549,10uM,6h,NA,0.2234208,0.20279225,NA,NA
Flavokawain B,LINCSCP_11171,ASC,10uM,24h,NA,0.22312631,NA,NA,NA
RG7388,LINCSCP_172453,YAPC,10uM,24h,3,0.2228312,NA,NA,NA
Dacomitinib,LINCSCP_129509,JURKAT,0.37uM,24h,3,0.22281507,NA,NA,NA
BRD-K02063190,LINCSCP_60724,VCAP,5uM,24h,NA,0.22267804,NA,NA,NA
Semaxanib,LINCSCP_192262,A549,10uM,24h,3,0.2226518,NA,NA,NA
ST-4062971,LINCSCP_37698,MCF7,10uM,24h,NA,0.22262469,NA,NA,NA
3-Methylcholanthrene,LINCSCP_32717,MCF7,10uM,6h,NA,0.22258053,NA,NA,NA
BRD-K15761174,LINCSCP_60463,VCAP,5uM,6h,NA,0.22255064,-0.23542476,NA,NA
Ivermectin,LINCSCP_14364,HA1E,10uM,24h,NA,0.22254266,NA,NA,NA
Ivermectin,LINCSCP_14364,HA1E,10uM,24h,NA,0.22254266,NA,NA,NA
Dequalinium,LINCSCP_79845,A375,10uM,24h,4,0.22252713,NA,-0.25913202,NA
Evodiamine,LINCSCP_597,A375,10uM,24h,NA,0.22242835,NA,NA,NA
ST074627,LINCSCP_203342,ASC,10uM,24h,NA,0.22239742,NA,NA,NA
Oxetane,LINCSCP_280023,PC3,3uM,6h,NA,0.22238093,NA,NA,-0.24758561
BRD-K43194109,LINCSCP_64770,VCAP,10uM,6h,NA,0.22233393,NA,NA,NA
Minoxidil,LINCSCP_170148,YAPC,10uM,24h,4,0.22231233,NA,NA,NA
BI 78D3,LINCSCP_16698,HA1E,10uM,6h,NA,0.22223947,0.27343876,NA,-0.34438538
Rizatriptan,LINCSCP_97685,HA1E,3.33uM,24h,4,0.22222961,0.2005744,NA,NA
Pyrimethamine,LINCSCP_80003,A375,1.11uM,24h,4,0.22215918,NA,NA,NA
Peruvoside,LINCSCP_64836,VCAP,0.5uM,24h,NA,0.22214708,NA,NA,-0.24351329
ESTRAMUSTINE,LINCSCP_78664,A375,10uM,24h,NA,0.22207254,NA,-0.20694100000000001,NA
BRD-K24925721,LINCSCP_48389,PC3,5uM,24h,NA,0.22206462,-0.37630985,NA,0.26162723
BRD-K91720591,LINCSCP_61297,VCAP,5uM,24h,NA,0.22197223,NA,NA,NA
MLS001060816,LINCSCP_4886,A549,10uM,24h,NA,0.22177997,NA,NA,NA
MK-5172,LINCSCP_72375,A375,10uM,24h,4,0.22166485,NA,NA,NA
BRD-K70559158,LINCSCP_65510,VCAP,10uM,6h,NA,0.22164906,NA,-0.20818319,NA
TENOVIN-1,LINCSCP_2298,A375,10uM,6h,NA,0.22156589,NA,NA,-0.27702773
SPECTRUM1505167,LINCSCP_11506,ASC,10uM,24h,NA,0.22154234,NA,NA,NA
BRD-K20163346,LINCSCP_62081,VCAP,5uM,6h,NA,0.22153856,NA,NA,NA
Cladribine,LINCSCP_80511,A375,0.37uM,24h,4,0.2214962,NA,-0.21129399,NA
BMS-345541,LINCSCP_51318,SKBR3,0.5uM,24h,NA,0.22137878,NA,NA,NA
L-Hyoscyamine,LINCSCP_18251,HCC515,10uM,24h,4,0.2213691,NA,NA,NA
CHEMBL2358216,LINCSCP_49137,PC3,10uM,6h,NA,0.2213492,NA,NA,NA
AZD-6482,LINCSCP_114912,HS578T,0.04uM,24h,1,0.22122349,NA,NA,NA
Irinotecan,LINCSCP_72490,A375,3.33uM,24h,4,0.2210634,NA,NA,NA
Pomalidomide,LINCSCP_74311,A375,1.11uM,24h,4,0.2210613,NA,NA,NA
SA-102042,LINCSCP_38212,MCF7,1uM,24h,NA,0.22078313,NA,NA,NA
AC1NWALC,LINCSCP_2762,A375,10uM,6h,NA,0.22076232,NA,NA,NA
4-(Trans-4-butylcyclohexyl)benzoic acid,LINCSCP_239464,MCF7,10uM,24h,NA,0.22074161,NA,NA,NA
SCH-79797,LINCSCP_51111,RMUGS,10uM,6h,NA,0.22069387,NA,NA,NA
PCL2_000350,LINCSCP_22603,HEPG2,10uM,6h,NA,0.22067826,NA,NA,NA
Artesunate,LINCSCP_15190,HA1E,10uM,24h,NA,0.22050088,NA,NA,NA
BRD-K66211423,LINCSCP_60407,VCAP,5uM,24h,NA,0.22049078,NA,-0.21486263,NA
Oprozomib (ONX 0912),LINCSCP_118963,HT29,0.04uM,24h,NA,0.22039461,NA,NA,NA
JNK-IN-2,LINCSCP_24954,HS578T,10uM,6h,NA,0.22036055,NA,NA,NA
C29H35NO2,LINCSCP_52535,SKB,10uM,24h,NA,0.22030502,NA,NA,NA
SCHEMBL15422032,LINCSCP_52179,SKB,10uM,24h,NA,0.22029367,0.28674773,NA,NA
AC1L2X6Z,LINCSCP_7607,A549,10uM,24h,NA,0.22027742,NA,NA,NA
"2-(2,5-Dimethoxyphenylcarbamoyl)phenyl acetate",LINCSCP_15760,HA1E,10uM,24h,NA,0.22018445,NA,NA,NA
MLS001172197,LINCSCP_2411,A375,10uM,6h,NA,0.22016276,NA,NA,NA
PNU-74654,LINCSCP_218516,HCT116,80uM,6h,NA,0.22015265,NA,NA,NA
MLS002474103,LINCSCP_7969,A549,10uM,6h,NA,0.22005482,NA,NA,NA
MLS002264457,LINCSCP_5433,A549,10uM,24h,NA,0.2199684,NA,NA,NA
BRD-K93340102,LINCSCP_49195,PC3,10uM,6h,NA,0.21972348,NA,NA,NA
CHEMBL567341,LINCSCP_45379,PC3,10uM,6h,NA,0.21968497,NA,NA,NA
BRD-K08061170,LINCSCP_64354,VCAP,5uM,6h,NA,0.21964725,NA,NA,NA
CHEMBL2355053,LINCSCP_60233,VCAP,5uM,24h,NA,0.21957071,NA,-0.20041431,-0.28647294
Halofantrine,LINCSCP_137014,MCF7,0.12uM,24h,4,0.21953045,NA,NA,NA
Sumatriptan,LINCSCP_178795,A375,10uM,6h,4,0.21945308,NA,-0.21724002,NA
Trichostatin,LINCSCP_201635,A549,0.01uM,6h,NA,0.21941407,NA,NA,NA
GNF-PF-159,LINCSCP_7996,A549,10uM,6h,NA,0.21940706,NA,NA,NA
761437-28-9,LINCSCP_146268,MNEU.E,0.37uM,24h,NA,0.21937179,NA,NA,NA
BRD-A11009626,LINCSCP_43267,NPC,10uM,6h,NA,0.21932466,0.23220161,NA,-0.20013046
BRD-K31688005,LINCSCP_16811,HA1E,10uM,6h,NA,0.21927714,NA,NA,NA
Ulipristal,LINCSCP_174713,YAPC,10uM,24h,NA,0.21922254,NA,NA,NA
CHEMBL2357823,LINCSCP_59587,VCAP,10uM,6h,NA,0.21918405,NA,-0.22278423,NA
ST50411348,LINCSCP_13981,HA1E,10uM,24h,NA,0.21917122,NA,NA,NA
SCHEMBL10195776,LINCSCP_178,A375,10uM,24h,NA,0.21897871,NA,NA,NA
BRD-K46707636,LINCSCP_27529,HT29,5uM,24h,NA,0.21893907,NA,NA,NA
Cerulenin,LINCSCP_21363,HEC108,40uM,6h,NA,0.21882976,NA,NA,NA
Arglabin,LINCSCP_77145,A375,1.11uM,24h,NA,0.21878657,NA,NA,NA
BRD-K36415399,LINCSCP_61223,VCAP,5uM,24h,NA,0.21876288,NA,NA,NA
BRD-K94766424,LINCSCP_61301,VCAP,5uM,24h,NA,0.21866984,NA,-0.20518029,NA
Isocycloheximide,LINCSCP_11380,ASC,10uM,24h,NA,0.21864386,NA,NA,NA
Pargyline,LINCSCP_14308,HA1E,10uM,6h,4,0.21846572,NA,NA,NA
Rotenone,LINCSCP_50278,PHH,0.1uM,24h,NA,0.21844674,NA,NA,NA
SPECTRUM_001579,LINCSCP_98316,HA1E,0.12uM,24h,NA,0.21842134,NA,NA,NA
Cefdinir,LINCSCP_89705,HA1E,3.33uM,24h,NA,0.21839293,NA,NA,NA
BRD-K24890551,LINCSCP_62086,VCAP,5uM,6h,NA,0.21836107,NA,NA,NA
MLS002264446,LINCSCP_31393,MCF7,10uM,24h,NA,0.21832497,NA,NA,NA
BRD-K28782753,LINCSCP_65137,VCAP,10uM,6h,NA,0.21831085,NA,-0.22321623,NA
C28H30CIN5O4S,LINCSCP_222863,HS578T,1uM,6h,NA,0.21826046,NA,-0.22410047,NA
MLS002725684,LINCSCP_178392,A375,10uM,6h,NA,0.21823692,NA,NA,NA
BRD-K66850406,LINCSCP_61148,VCAP,5uM,6h,NA,0.21811407,NA,-0.20164718,NA
ICI 162846,LINCSCP_18121,HCC515,10uM,6h,NA,0.21804943,NA,NA,NA
Flurandrenolide,LINCSCP_42823,NPC,10uM,24h,4,0.21804196,NA,NA,NA
Voriconazole Impurity D,LINCSCP_22551,HEPG2,10uM,6h,NA,0.2180399,NA,NA,NA
Dictamnine,LINCSCP_289463,VCAP,10uM,6h,NA,0.21798586,NA,NA,NA
HG6-64-1,LINCSCP_11851,BT20,0.5uM,24h,NA,0.21795766,NA,NA,NA
Carfilzomib (PR-171),LINCSCP_121498,HT29,0.04uM,24h,4,0.21777898,NA,NA,NA
CHEMBL1394132,LINCSCP_57297,VCAP,10uM,24h,NA,0.21775607,NA,NA,NA
BRD-K32782699,LINCSCP_62445,VCAP,5uM,24h,NA,0.21763716,NA,0.21597433,NA
BRD-U65466710,LINCSCP_259602,NEU,10uM,24h,NA,0.21762983,-0.20818563,NA,0.22879515
MLS003129387,LINCSCP_60556,VCAP,5uM,24h,NA,0.21758516,NA,NA,NA
Etoposide,LINCSCP_16193,HA1E,10uM,6h,4,0.21751379,NA,NA,NA
NVP-BHG712,LINCSCP_149262,NPC,0.37uM,24h,NA,0.2174163,NA,NA,NA
A-443654,LINCSCP_42411,NPC,10uM,24h,NA,0.2173882,0.20427078,NA,NA
Triciribine,LINCSCP_14947,HA1E,10uM,6h,NA,0.21736791,NA,NA,NA
SPECTRUM2_000920,LINCSCP_42522,NPC,10uM,24h,NA,0.21726066,0.21721118,NA,NA
BRD-K46998548,LINCSCP_277034,PC3,5uM,24h,NA,0.21714277,NA,NA,NA
TNP 470,LINCSCP_41407,NEU,10uM,24h,NA,0.21704478,NA,NA,NA
CHEMBL3181907,LINCSCP_60476,VCAP,5uM,6h,NA,0.21694071,NA,NA,NA
Mycophenolic acid,LINCSCP_80899,A375,1.11uM,24h,4,0.21685483,NA,NA,NA
JNJ-16259685,LINCSCP_284769,SKB,10uM,24h,NA,0.21680127,NA,-0.24234562,NA
KF 38789,LINCSCP_33441,MCF7,10uM,6h,NA,0.21671809,NA,NA,NA
Geldanamycin,LINCSCP_43408,NPC,10uM,24h,NA,0.21666143,NA,NA,NA
Physostigmine,LINCSCP_101168,HELA,1.11uM,24h,4,0.21663989,NA,-0.28390004,NA
Zosuquidar,LINCSCP_125741,HT29,3.33uM,24h,3,0.21661956,NA,NA,NA
heraclenol,LINCSCP_154750,PC3,0.04uM,24h,NA,0.21659606,NA,NA,NA
BRD-K69236395,LINCSCP_66006,VCAP,3uM,24h,NA,0.21657858,NA,NA,NA
MLS001116217,LINCSCP_6044,A549,10uM,6h,NA,0.21646267,NA,NA,NA
Vanoxerine,LINCSCP_71837,A375,10uM,24h,3,0.21644319,NA,-0.24758773,NA
Gemcitabine,LINCSCP_156241,PC3,10uM,24h,4,0.21635791,NA,NA,NA
Tasisulam,LINCSCP_170854,YAPC,10uM,24h,NA,0.21634978,NA,NA,NA
Clofarabine,LINCSCP_71915,A375,10uM,24h,4,0.21634437,NA,NA,NA
GAP-134 (Hydrochloride),LINCSCP_72020,A375,0.37uM,24h,2,0.21630924,NA,NA,NA
Dinaciclib,LINCSCP_151561,PC3,1.11uM,24h,3,0.21628926,NA,NA,NA
"N-(4-Bromophenyl)-2-{[5-(2-chlorophenyl)-4-phenyl-4H-1,2,4-triazol-3-yl]sulfanyl}acetamide",LINCSCP_6355,A549,10uM,24h,NA,0.21623564,NA,-0.22488949,NA
AGK 2,LINCSCP_86964,CD34,10uM,24h,NA,0.21622593,NA,NA,NA
BRD-A25736793,LINCSCP_83200,ASC.C,10uM,24h,NA,0.21605482,NA,NA,NA
Estradiol Valerate,LINCSCP_34220,MCF7,10uM,6h,4,0.21602435,NA,NA,NA
BRD-K03430401,LINCSCP_63330,VCAP,5uM,24h,NA,0.21599233,NA,NA,NA
Nandrolone,LINCSCP_168631,YAPC,10uM,24h,NA,0.21596606,NA,NA,NA
SCHEMBL10583556,LINCSCP_37278,MCF7,3uM,6h,NA,0.21592703,NA,NA,NA
Ingenol Mebutate,LINCSCP_143933,MCF7,10uM,24h,4,0.21590585,NA,NA,NA
NSC95397,LINCSCP_253361,MCF7,10uM,6h,NA,0.21589373,NA,NA,NA
Alizapride,LINCSCP_75201,A375,0.12uM,24h,3,0.21586219,NA,-0.22175633,NA
Closantel,LINCSCP_91217,HA1E,0.37uM,24h,NA,0.21583562,NA,NA,NA
CHEMBL3182395,LINCSCP_113743,HME1,10uM,24h,NA,0.21578891,NA,NA,NA
BRD-K64630692,LINCSCP_61146,VCAP,5uM,6h,NA,0.21578706,NA,NA,NA
BRD-K97440728,LINCSCP_48856,PC3,10uM,24h,NA,0.21575192,NA,NA,NA
BRD-K51556300-001-01-9,LINCSCP_261311,NOMO1,0.001uM,6h,NA,0.2157168,NA,NA,NA
MLN 2238,LINCSCP_126495,HT29,0.04uM,24h,4,0.21565233,NA,NA,NA
CCG-208137,LINCSCP_41596,NEU,10uM,6h,NA,0.21561458,NA,NA,NA
AN-023/14772014,LINCSCP_28878,HUH7,10uM,24h,NA,0.21551767,NA,NA,NA
Moxisylyte,LINCSCP_125753,HT29,3.33uM,24h,4,0.21550006,NA,NA,NA
CHEMBL2132289,LINCSCP_36624,MCF7,10uM,6h,NA,0.21544228,NA,NA,NA
BRD-K50665432,LINCSCP_61613,VCAP,5uM,24h,NA,0.21541764,NA,NA,NA
GW441756X,LINCSCP_14206,HA1E,10uM,6h,NA,0.21534483,NA,NA,NA
CHEMBL2057941,LINCSCP_57884,VCAP,10uM,6h,NA,0.21533572,NA,NA,NA
KUC103671,LINCSCP_178252,A375,10uM,6h,NA,0.21528594,-0.2044645,NA,NA
CHEMBL2360495,LINCSCP_47141,PC3,10uM,24h,NA,0.21526217,NA,NA,NA
Cadmium Dichloride,LINCSCP_17064,HA1E,20uM,6h,NA,0.215177,NA,NA,NA
MY 5445,LINCSCP_33543,MCF7,10uM,6h,NA,0.21516494,NA,NA,NA
Maribavir,LINCSCP_94104,HA1E,10uM,24h,3,0.21511061,NA,NA,NA
CHEMBL599255,LINCSCP_6130,A549,10uM,24h,NA,0.21503072,NA,NA,NA
CHEMBL1271219,LINCSCP_16075,HA1E,10uM,6h,NA,0.21493954,NA,NA,NA
AC1NWALF,LINCSCP_162146,PC3,10uM,24h,NA,0.21487348,NA,NA,NA
Raltegravir,LINCSCP_75228,A375,3.33uM,24h,4,0.21486754,NA,NA,NA
"3,6-Dimethoxyflavone",LINCSCP_227468,HT29,10uM,6h,NA,0.21486122,NA,NA,NA
Oxyphenbutazone,LINCSCP_43208,NPC,10uM,24h,4,0.21484537,NA,NA,NA
M3M3FBS,LINCSCP_17644,HCC15,80uM,6h,NA,0.21482186,NA,NA,NA
331771-20-1,LINCSCP_24976,HS578T,1uM,6h,NA,0.21481239,NA,NA,NA
MD-041,LINCSCP_10759,ASC,10uM,24h,NA,0.21474514,NA,NA,NA
"N-[2-Chloro-5-(trifluoromethyl)phenyl]-5-(pyridin-4-yl)-1,3,4-thiadiazol-2-amine",LINCSCP_292059,VCAP,10uM,6h,NA,0.21472619,NA,NA,NA
MLS000709026,LINCSCP_655,A375,40uM,24h,NA,0.21472147,NA,NA,NA
Rocuronium Bromide,LINCSCP_106348,HELA,1.11uM,24h,NA,0.21459354,NA,NA,NA
O-Demethylated Adapalene,LINCSCP_954,A375,10uM,6h,NA,0.21442492,NA,NA,NA
BRD-K47514459,LINCSCP_61347,VCAP,5uM,6h,NA,0.21440161,NA,NA,-0.21786844
GRANISETRON HYDROCHLORIDE,LINCSCP_102841,HELA,0.12uM,24h,4,0.21439295,NA,NA,NA
MEGXP0_001010,LINCSCP_295105,VCAP,10uM,6h,NA,0.21429488,NA,NA,NA
BRD-K85102293,LINCSCP_37198,MCF7,10uM,6h,NA,0.21427714,NA,NA,NA
CAY10603,LINCSCP_43486,NPC,10uM,24h,NA,0.21423941,NA,NA,NA
Bepotastine Besilate,LINCSCP_97959,HA1E,0.04uM,24h,4,0.2142189,NA,NA,NA
Dexamethasone 21-acetate,LINCSCP_14918,HA1E,10uM,6h,NA,0.21406893,NA,NA,NA
BRD-K15849229,LINCSCP_60355,VCAP,5uM,24h,NA,0.21392243,NA,-0.20626279,NA
FR-122047,LINCSCP_56268,VCAP,10uM,24h,NA,0.21377351,NA,NA,NA
MLS000089581,LINCSCP_15805,HA1E,10uM,24h,NA,0.21377105,NA,NA,NA
Hydroflumethiazide,LINCSCP_91896,HA1E,1.11uM,24h,4,0.21375521,0.33772859,NA,NA
Alvespimycin,LINCSCP_58953,VCAP,10uM,24h,1,0.21374384,NA,-0.22099403,NA
BG-1027,LINCSCP_43527,NPC,10uM,24h,NA,0.21373391,NA,NA,NA
KUC104337,LINCSCP_16003,HA1E,10uM,6h,NA,0.2136515,NA,NA,NA
CHEMBL2143638,LINCSCP_47143,PC3,10uM,24h,NA,0.21362632,NA,NA,NA
SA-1456170,LINCSCP_37720,MCF7,1uM,24h,NA,0.21361285,NA,NA,NA
BRD-K30633722,LINCSCP_64385,VCAP,5uM,6h,NA,0.21359286,NA,NA,NA
BRD-K52785744-001-01-7,LINCSCP_50339,PHH,10uM,24h,NA,0.21356096,NA,NA,NA
Paricalcitol,LINCSCP_171152,YAPC,0.12uM,24h,4,0.21351484,NA,-0.30887163,NA
BCL-2 Inhibitor,LINCSCP_14066,HA1E,10uM,24h,NA,0.21345969,NA,NA,NA
BRD-K69806016,LINCSCP_62682,VCAP,5uM,24h,NA,0.21345147,NA,NA,NA
CHEMBL1410859,LINCSCP_1288,A375,10uM,6h,NA,0.21332796,NA,-0.25604861,NA
Quinoclamine,LINCSCP_30601,MCF7,10uM,24h,NA,0.2132591,NA,NA,NA
BRD-K07373355,LINCSCP_62615,VCAP,5uM,24h,NA,0.21322829,NA,NA,NA
BRD-K39911750,LINCSCP_8732,A549,5uM,24h,NA,0.2131721,NA,NA,NA
Prazosin,LINCSCP_14461,HA1E,10uM,24h,4,0.21317152,NA,NA,NA
BRD-K84976438,LINCSCP_307398,VCAP,5uM,24h,NA,0.21304534,NA,-0.21663803,NA
WYE 125132,LINCSCP_116038,HS578T,10uM,3h,NA,0.21281835,NA,NA,NA
CHEMDIV2_001418,LINCSCP_295356,VCAP,10uM,6h,NA,0.2126958,NA,NA,NA
Cis-Platin,LINCSCP_10184,A549,0.001uM,6h,NA,0.21268173,NA,-0.22154888,NA
Phenethylisothiocyanate,LINCSCP_12838,DV90,10uM,6h,NA,0.21268112,NA,NA,NA
12K-612S,LINCSCP_292115,VCAP,10uM,6h,NA,0.21266511,NA,NA,NA
BRD-K74864389,LINCSCP_59695,VCAP,5uM,24h,NA,0.21265632,NA,-0.22523465,NA
Androstanol,LINCSCP_58984,VCAP,10uM,24h,NA,0.21258243,NA,-0.20358094,NA
Androstanol,LINCSCP_58984,VCAP,10uM,24h,NA,0.21258243,NA,-0.20358094,NA
Androstanol,LINCSCP_58984,VCAP,10uM,24h,NA,0.21258243,NA,-0.20358094,NA
Androstanol,LINCSCP_58984,VCAP,10uM,24h,NA,0.21258243,NA,-0.20358094,NA
AMD-070 (hydrochloride),LINCSCP_139083,MCF7,0.37uM,24h,NA,0.21250562,NA,NA,NA
BMS-387032,LINCSCP_69478,A375,1.11uM,24h,1,0.21246638,NA,NA,NA
PDK1 Inhibitor,LINCSCP_86654,CD34,10uM,24h,NA,0.21236357,NA,NA,NA
Floxuridine,LINCSCP_160968,PC3,0.12uM,24h,NA,0.21234479,NA,NA,NA
Floxuridine,LINCSCP_160968,PC3,0.12uM,24h,4,0.21234479,NA,NA,NA
Phorbol 12-myristate-13-acetate,LINCSCP_40267,NCIH596,10uM,6h,NA,0.21233621,NA,NA,NA
BRD-K01621458,LINCSCP_49471,PC3,0.37uM,24h,NA,0.21225731,NA,NA,NA
MLS001214919,LINCSCP_34045,MCF7,10uM,6h,NA,0.21219835,NA,NA,NA
MLS002264453,LINCSCP_45460,PC3,10uM,24h,NA,0.21216077,NA,NA,NA
Selamectin,LINCSCP_30175,MCF7,10uM,6h,NA,0.21213151,NA,NA,NA
Phenoxazine,LINCSCP_53341,SKMEL1,10uM,6h,NA,0.21196902,NA,-0.20141455,NA
AKT Inhibitor IV,LINCSCP_952,A375,10uM,6h,NA,0.21191582,NA,-0.20097842,NA
BG-1009,LINCSCP_43495,NPC,10uM,24h,NA,0.21190829,NA,NA,NA
KBIO2_003002,LINCSCP_290445,VCAP,10uM,6h,NA,0.21186014,NA,NA,NA
Fenbufen,LINCSCP_204093,ASC,10uM,24h,4,0.21183521,NA,NA,NA
BRD-K01140360,LINCSCP_59822,VCAP,5uM,24h,NA,0.21178533,NA,-0.22790123,NA
CEP-18770 (Delanzomib),LINCSCP_75876,A375,10uM,24h,NA,0.21177767,0.22415041,NA,-0.21286406
BRD-M03817478,LINCSCP_64131,VCAP,5uM,6h,NA,0.21175569,NA,NA,NA
BRD-K76103428,LINCSCP_64318,VCAP,5uM,24h,NA,0.21175042,NA,NA,NA
CHEMBL1923808,LINCSCP_43261,NPC,10uM,24h,NA,0.21171656,0.2054802,NA,NA
Rutin,LINCSCP_293871,VCAP,10uM,24h,2,0.21164049,NA,NA,NA
Mpep,LINCSCP_33645,MCF7,10uM,24h,NA,0.21163172,-0.21722644,NA,NA
Tyrphostin 1,LINCSCP_13515,H1299,10uM,6h,NA,0.21161732,NA,NA,NA
BRD-K74133369-001-01-8,LINCSCP_58638,VCAP,10uM,24h,NA,0.21160633,NA,NA,NA
Progesterone,LINCSCP_14481,HA1E,10uM,24h,4,0.2115519,NA,NA,NA
5-BrdU,LINCSCP_126836,HT29,0.12uM,24h,2,0.21147063,NA,NA,NA
Nicaraven,LINCSCP_142029,MCF7,0.12uM,24h,NA,0.21146801,NA,-0.26794064,NA
CHEMBL399379,LINCSCP_53016,SKLU1,80uM,6h,NA,0.21145312,NA,NA,NA
Pyrazolanthrone,LINCSCP_164984,SKL.C,10uM,24h,NA,0.21139041,NA,NA,NA
SA-1939064,LINCSCP_37157,MCF7,10uM,6h,NA,0.21138729,NA,NA,NA
BRD-K20121890,LINCSCP_62128,VCAP,5uM,24h,NA,0.21138727,NA,NA,NA
Trazodone,LINCSCP_96973,HA1E,1.11uM,24h,4,0.21137859,NA,NA,NA
Balaglitazone,LINCSCP_74942,A375,10uM,24h,3,0.21135141,NA,NA,NA
BSPBIO_001542,LINCSCP_430,A375,10uM,6h,NA,0.2113333,NA,NA,NA
"1,3(2H,9bh)-Dibenzofurandione, 2,6-diacetyl-7,9-dihydroxy-8,9b-dimethyl-,(9bs)-",LINCSCP_207589,FIBRNPC,10uM,6h,NA,0.21120796,NA,-0.21603578,NA
"4',6-Dihydroxyflavone",LINCSCP_204673,ASC,10uM,24h,NA,0.21110524,NA,NA,NA
MLS000547267,LINCSCP_5632,A549,10uM,6h,NA,0.21108296,NA,NA,NA
Genz-644282,LINCSCP_143219,MCF7,10uM,24h,NA,0.21105312,NA,NA,-0.31052647
AC1LDAF7,LINCSCP_58021,VCAP,10uM,6h,NA,0.21103746,NA,-0.22051378,NA
L 655240,LINCSCP_120782,HT29,0.37uM,24h,NA,0.21103609,NA,NA,NA
MK-0773,LINCSCP_122333,HT29,3.33uM,24h,NA,0.21102857,NA,NA,NA
Roflumilast,LINCSCP_122163,HT29,0.04uM,24h,4,0.21099449,NA,NA,NA
SMR000206938,LINCSCP_30908,MCF7,10uM,24h,NA,0.21098905,NA,NA,NA
AC1NSM0X,LINCSCP_106799,HELA,0.04uM,24h,NA,0.2109628,NA,NA,NA
SCHEMBL3954849,LINCSCP_163147,SKBR3,1.11uM,3h,NA,0.21086723,NA,NA,NA
CHEMBL2139663,LINCSCP_10761,ASC,10uM,24h,NA,0.21084325,NA,NA,NA
BRD-K63523728,LINCSCP_62565,VCAP,5uM,6h,NA,0.21082429,-0.24484898,NA,NA
Proscillaridin A,LINCSCP_25150,HT29,10uM,6h,NA,0.21082285,0.28939417,NA,-0.34640456
Epinephrine HCl,LINCSCP_172496,YAPC,3.33uM,24h,4,0.21080826,NA,NA,NA
Avasimibe,LINCSCP_125848,HT29,10uM,24h,NA,0.21074543,NA,NA,NA
Mosapride,LINCSCP_10981,ASC,10uM,24h,3,0.21060866,NA,NA,NA
BRD-K50078508,LINCSCP_181592,A375,5uM,24h,NA,0.21056199,NA,-0.25112961,NA
IN1436,LINCSCP_14407,HA1E,10uM,24h,NA,0.2105573,NA,NA,NA
MLS002264464,LINCSCP_1386,A375,10uM,24h,NA,0.21052906,0.26757579,NA,-0.31586077
NO-ASA,LINCSCP_13310,FIBRNPC,10uM,6h,NA,0.21051541,NA,NA,NA
Moxonidine,LINCSCP_48035,PC3,10uM,6h,4,0.21047203,NA,NA,NA
AC1NS4S0,LINCSCP_15498,HA1E,10uM,6h,NA,0.21045926,0.21329303,NA,NA
SA-1938740,LINCSCP_28156,HT29,5uM,24h,NA,0.21041804,NA,NA,NA
CHEMBL2357852,LINCSCP_37031,MCF7,10uM,24h,NA,0.21039457,NA,NA,NA
BRD-K98194519,LINCSCP_61004,VCAP,5uM,6h,NA,0.21036712,NA,NA,NA
Lorazepam,LINCSCP_46053,PC3,10uM,24h,4,0.21026326,0.20545638,NA,NA
SCHEMBL16984312,LINCSCP_8703,A549,5uM,24h,NA,0.2102587,NA,NA,NA
N-[(4-Fluoro-3-methylphenyl)sulfonyl]glycine,LINCSCP_211583,HA1E,10uM,6h,NA,0.21024682,NA,NA,NA
MLS002703104,LINCSCP_19635,HCC515,10uM,6h,NA,0.21023624,0.33839375,NA,NA
BRD-K28105726,LINCSCP_304203,VCAP,5uM,6h,NA,0.21020903,NA,NA,NA
BRD-K60753740,LINCSCP_48295,PC3,5uM,24h,NA,0.21005318,NA,NA,NA
Epirubicin HCl,LINCSCP_171432,YAPC,0.37uM,24h,NA,0.21004751,NA,NA,NA
BRD-K55362990,LINCSCP_63292,VCAP,5uM,6h,NA,0.21003398,NA,NA,NA
Dexfenfluramine,LINCSCP_139718,MCF7,1.11uM,24h,4,0.21002735,NA,NA,NA
BRD-A80960055-001-01-7,LINCSCP_52338,SKB,10uM,24h,NA,0.20992864,NA,NA,NA
Dopamine,LINCSCP_139134,MCF7,10uM,24h,4,0.2099153,NA,NA,NA
Mifepristone,LINCSCP_14062,HA1E,10uM,24h,4,0.20979292,NA,NA,NA
MLS-0315872.0001,LINCSCP_32103,MCF7,10uM,24h,NA,0.2097163,-0.251491,NA,NA
Moclobemide,LINCSCP_156570,PC3,10uM,24h,4,0.20959388,NA,NA,NA
BRD-K80368509,LINCSCP_43886,PC3,3uM,6h,NA,0.20953842,NA,NA,NA
CHEMBL607856,LINCSCP_43777,OV7,10uM,6h,NA,0.20950928,NA,NA,NA
Nylidrin,LINCSCP_2828,A375,10uM,6h,NA,0.20946272,NA,NA,NA
Epirizole,LINCSCP_16138,HA1E,10uM,6h,NA,0.20935954,NA,NA,NA
Cytarabine,LINCSCP_104275,HELA,1.11uM,24h,4,0.20931707,NA,-0.20852377,NA
MLS002703099,LINCSCP_22156,HEPG2,10uM,6h,NA,0.20931314,NA,NA,NA
BRD-K19818442,LINCSCP_64374,VCAP,5uM,6h,NA,0.20929921,NA,-0.21930123,NA
KW-2449,LINCSCP_133385,MCF7,0.37uM,24h,1,0.20927302,NA,NA,NA
MLS003129743,LINCSCP_60678,VCAP,5uM,6h,NA,0.20924692,NA,-0.25987545,NA
BRD-K35930698,LINCSCP_62780,VCAP,5uM,24h,NA,0.20920497,NA,NA,NA
BRD-K69661816,LINCSCP_229438,HT29,5uM,24h,NA,0.20919877,NA,NA,NA
Trimethadione,LINCSCP_47620,PC3,10uM,24h,4,0.20916826,NA,NA,NA
CHEMBL566899,LINCSCP_57308,VCAP,10uM,24h,NA,0.20914597,NA,NA,NA
CHEMBL1406616,LINCSCP_25864,HT29,10uM,24h,NA,0.20912283,NA,NA,NA
MEGXP0_000831,LINCSCP_1974,A375,10uM,6h,NA,0.20910944,NA,NA,NA
BRD-K52831896,LINCSCP_16320,HA1E,10uM,6h,NA,0.20908845,NA,NA,NA
BRD-K27732957,LINCSCP_65951,VCAP,1uM,24h,NA,0.20905905,NA,-0.20121893,NA
BRD-K45735142,LINCSCP_16832,HA1E,10uM,6h,NA,0.20905139,NA,NA,NA
BRD-A00474148,LINCSCP_90778,HA1E,1.11uM,24h,NA,0.20892275,0.20913194,NA,NA
Cabazitaxel,LINCSCP_74779,A375,0.37uM,24h,NA,0.20887943,NA,NA,NA
BRD-K50266413,LINCSCP_63385,VCAP,5uM,24h,NA,0.20883159,NA,NA,NA
MLS002474283,LINCSCP_32345,MCF7,10uM,6h,NA,0.20879292,NA,NA,NA
BRD-K09186736-001-01-2,LINCSCP_59571,VCAP,10uM,6h,NA,0.20878828,NA,NA,NA
INOSITOL,LINCSCP_106855,HELA,0.12uM,24h,NA,0.20874731,NA,NA,NA
SPOX1_002925,LINCSCP_10813,ASC,10uM,24h,NA,0.20869531,0.25412418,NA,-0.2830786
Camptothecin,LINCSCP_65028,VCAP,10uM,6h,NA,0.20865559,NA,NA,NA
BRD-K38594532,LINCSCP_7833,A549,10uM,24h,NA,0.2086542,-0.22514381,NA,NA
PF-3084014,LINCSCP_95397,HA1E,3.33uM,24h,NA,0.20854058,NA,NA,NA
SA-1922975,LINCSCP_260952,NKDBA,3uM,24h,NA,0.20848563,NA,NA,NA
ZINC02419385,LINCSCP_47087,PC3,10uM,24h,NA,0.20845946,NA,NA,NA
BRD-K77644833,LINCSCP_59697,VCAP,5uM,24h,NA,0.2084324,NA,-0.22540722,NA
BRD-K65761985,LINCSCP_308736,VCAP,5uM,24h,NA,0.20839834,NA,NA,NA
SCHEMBL11184005,LINCSCP_52488,SKB,10uM,24h,NA,0.20838664,NA,NA,NA
Oxybutynin,LINCSCP_107067,HELA,10uM,24h,4,0.20830761,0.21073896,NA,NA
AC1LNRY5,LINCSCP_242878,MCF7,10uM,24h,NA,0.20826452,NA,NA,NA
CHEMBL397100,LINCSCP_45429,PC3,10uM,6h,NA,0.20825377,NA,NA,NA
(+)-Camptothecin,LINCSCP_13978,HA1E,10uM,24h,NA,0.20824436,0.28312102,NA,NA
BRD-K74042299,LINCSCP_311902,VCAP,10uM,6h,NA,0.20821924,NA,NA,NA
BRD-K05456756,LINCSCP_55359,U937,0.5uM,6h,NA,0.20820805,NA,NA,NA
"ABT-888,VELIPARIB",LINCSCP_39506,MDAMB231,1uM,6h,NA,0.20818603,NA,NA,NA
Triamcinolone Acetonide,LINCSCP_16979,HA1E,10uM,6h,4,0.20816575,NA,NA,NA
BRD-K78800374,LINCSCP_59698,VCAP,5uM,24h,NA,0.20813295,NA,-0.22859299,NA
CBIOL_001848,LINCSCP_56267,VCAP,10uM,24h,NA,0.20810099,NA,NA,NA
Fipronil,LINCSCP_56496,VCAP,10uM,6h,NA,0.20805818,NA,NA,NA
SCHEMBL16892136,LINCSCP_3835,A375,10uM,24h,NA,0.20803754,NA,NA,NA
Niridazole,LINCSCP_343,A375,10uM,24h,NA,0.20802565,NA,NA,NA
SPOX1_000836,LINCSCP_190593,A549,10uM,24h,NA,0.20798841,NA,NA,NA
SR 33805 oxalate,LINCSCP_93886,HA1E,0.12uM,24h,NA,0.20789636,NA,NA,NA
BRD-K92023938,LINCSCP_62702,VCAP,5uM,24h,NA,0.20786491000000001,NA,NA,NA
MRE-269,LINCSCP_24127,HL60,0.5uM,24h,NA,0.20783208,NA,-0.20308294,NA
PF-04457845,LINCSCP_108660,HELA,3.33uM,24h,NA,0.2077956,NA,-0.2239456,NA
Pazopanib,LINCSCP_81904,A549,0.37uM,24h,4,0.2077898,NA,NA,NA
Hypericin,LINCSCP_71284,A375,3.33uM,24h,NA,0.20772156,NA,NA,NA
Acdpp,LINCSCP_310170,VCAP,30uM,6h,NA,0.20772123,NA,NA,NA
AM 281,LINCSCP_19200,HCC515,10uM,6h,NA,0.20763826,NA,-0.21725123,-0.23579092
AC1LDCW5,LINCSCP_225383,HT29,10uM,6h,NA,0.20751906,NA,NA,NA
SCHEMBL12410954,LINCSCP_17452,HA1E,10uM,24h,NA,0.20741462,0.21219752,NA,NA
Ovasterol-beta,LINCSCP_14824,HA1E,10uM,6h,NA,0.20729694,NA,NA,NA
BRD-K16255194,LINCSCP_63345,VCAP,5uM,24h,NA,0.2072963,NA,NA,NA
BRD-K14417684,LINCSCP_63264,VCAP,5uM,6h,NA,0.2072833,NA,NA,NA
Digitoxin,LINCSCP_64936,VCAP,0.5uM,24h,NA,0.20718052,NA,-0.21003142,-0.22912938
MLS003128610,LINCSCP_45511,PC3,10uM,24h,NA,0.20717012,NA,NA,NA
Emedastine,LINCSCP_138013,MCF7,3.33uM,24h,4,0.20712168,NA,NA,NA
BRD-K31108633,LINCSCP_8396,A549,5uM,24h,NA,0.20711281,NA,NA,NA
TUL_XIX002,LINCSCP_288097,THP1,0.001uM,24h,NA,0.2070481,NA,NA,NA
IN1246,LINCSCP_13649,HA1E,10uM,24h,NA,0.20692974,NA,NA,NA
BRD-K46255436,LINCSCP_48292,PC3,5uM,24h,NA,0.2069185,NA,NA,NA
SMR000857102,LINCSCP_2560,A375,10uM,6h,NA,0.20688404,NA,NA,NA
MLS002702107,LINCSCP_13114,FIBRNPC,10uM,24h,NA,0.20679524,NA,NA,NA
MLS001116189,LINCSCP_16252,HA1E,10uM,6h,NA,0.20676332,NA,NA,NA
BRD-K70880645,LINCSCP_66009,VCAP,3uM,24h,NA,0.20675738,0.20963446,-0.21802272,NA
Auranofin,LINCSCP_21303,HEC108,10uM,6h,NA,0.20672561,NA,NA,NA
Auranofin,LINCSCP_21303,HEC108,10uM,6h,NA,0.20672561,NA,NA,NA
Cycloheximide,LINCSCP_52884,SKB,10uM,24h,NA,0.20672519,NA,NA,NA
Guanadrel,LINCSCP_104577,HELA,0.12uM,24h,4,0.20668803,NA,NA,NA
BRD-K38688128,LINCSCP_298526,VCAP,5uM,6h,NA,0.20665389,NA,NA,NA
Methoprene acid,LINCSCP_179449,A375,10uM,6h,NA,0.2066235,NA,-0.20768813,NA
AZD5363,LINCSCP_175580,YAPC,10uM,24h,NA,0.2066079,NA,NA,0.21029856
BRD-K88352433,LINCSCP_60938,VCAP,5uM,24h,NA,0.2065841,NA,NA,NA
Droperidol,LINCSCP_52695,SKB,10uM,24h,4,0.2064534,NA,NA,NA
E-Doxepin,LINCSCP_14104,HA1E,10uM,24h,NA,0.20642587,-0.22690385,NA,NA
Ichthynone,LINCSCP_282481,PHH,10uM,24h,NA,0.20641106,NA,NA,NA
BRD-K82750814,LINCSCP_65186,VCAP,10uM,6h,NA,0.20637443,NA,NA,NA
AC1O9CBL,LINCSCP_10735,ASC,10uM,24h,NA,0.20637332,NA,NA,NA
Digoxigenin,LINCSCP_44297,PC3,10uM,6h,NA,0.20628205,NA,NA,NA
SA-1939126,LINCSCP_260302,NKDBA,10uM,24h,NA,0.20624222,-0.26658839,NA,0.28974328
Brazilin,LINCSCP_14664,HA1E,10uM,24h,NA,0.20620944,NA,NA,NA
Siguazodan,LINCSCP_289727,VCAP,10uM,6h,NA,0.20619153,NA,-0.21140633,NA
CHEMBL2355430,LINCSCP_65509,VCAP,10uM,6h,NA,0.20617248,NA,NA,NA
BRD-K46088987,LINCSCP_50466,PHH,10uM,6h,NA,0.20616452,NA,NA,-0.20253481
SPECTRUM_001092,LINCSCP_138079,MCF7,3.33uM,24h,NA,0.20612612,NA,NA,NA
AC1M08Y6,LINCSCP_52454,SKB,10uM,24h,NA,0.20611665,NA,NA,NA
ML175,LINCSCP_19656,HCC515,10uM,6h,NA,0.20602802,0.29415111,NA,-0.36296496
BRD-K28431278,LINCSCP_64382,VCAP,5uM,6h,NA,0.20601323,NA,-0.22867576,NA
BRD-K94177318,LINCSCP_62067,VCAP,5uM,24h,NA,0.20600344,NA,-0.25102489,NA
CHEMBL2133926,LINCSCP_34191,MCF7,10uM,6h,NA,0.20598152,NA,NA,NA
Dephostatin,LINCSCP_7183,A549,10uM,6h,NA,0.20588844,NA,NA,NA
WZ 4002,LINCSCP_100327,HCC515,0.37uM,24h,NA,0.20578365,NA,NA,NA
BRD-K89146275,LINCSCP_62824,VCAP,5uM,24h,NA,0.2057598,NA,NA,NA
Cholic acid,LINCSCP_139093,MCF7,3.33uM,24h,4,0.20574992,NA,NA,NA
GW9508,LINCSCP_224668,HT29,10uM,6h,NA,0.20567798,NA,-0.32622313,NA
Lanatoside C,LINCSCP_64840,VCAP,1uM,24h,NA,0.20562535,NA,NA,-0.22161259
BRD-K08443710,LINCSCP_8850,A549,5uM,24h,NA,0.20555023,NA,NA,NA
BRD-K12683703,LINCSCP_186515,A375,10uM,24h,NA,0.20554548,NA,-0.2007109,NA
JNJ-7706621,LINCSCP_10855,ASC,10uM,24h,NA,0.20549629,NA,NA,NA
NCGC00170421-01,LINCSCP_17024,HA1E,10uM,6h,NA,0.20545175,NA,NA,NA
BRD-K71451869-001-01-2,LINCSCP_34613,MCF7,10uM,6h,NA,0.20542698,NA,NA,NA
17-DMAG (Alvespimycin) HCl,LINCSCP_71735,A375,10uM,24h,NA,0.20539115,NA,NA,NA
SPIRONOLACTONE,LINCSCP_80610,A375,10uM,24h,NA,0.20538861,NA,NA,NA
Ritodrine,LINCSCP_56758,VCAP,10uM,6h,4,0.20537449,NA,NA,NA
Finasteride,LINCSCP_14384,HA1E,10uM,24h,4,0.20535557,NA,NA,NA
dactinomycin,LINCSCP_50016,PHH,10uM,24h,NA,0.20535188,NA,-0.25094744,NA
BRD-K33936059,LINCSCP_309756,VCAP,30uM,24h,NA,0.20534296,NA,NA,NA
CHEMBL2357005,LINCSCP_20934,HCC515,0.37uM,24h,NA,0.20534224,NA,NA,NA
SMR000015484,LINCSCP_4895,A549,10uM,24h,NA,0.2053281,NA,NA,NA
AC1LDJYQ,LINCSCP_15808,HA1E,10uM,24h,NA,0.20532119,NA,NA,NA
YK 4-279,LINCSCP_592,A375,10uM,24h,NA,0.20532086,NA,NA,NA
ARG-A1-22,LINCSCP_16076,HA1E,10uM,6h,NA,0.20527461,NA,-0.2128494,NA
BRD-K43048602,LINCSCP_61233,VCAP,5uM,24h,NA,0.20521624,NA,NA,-0.21777311
331001-62-8,LINCSCP_13351,FIBRNPC,10uM,6h,NA,0.20520971,NA,NA,NA
PHA-767491,LINCSCP_133455,MCF7,3.33uM,24h,NA,0.20515819,NA,NA,NA
BRD-K31856043,LINCSCP_2964,A375,10uM,6h,NA,0.20508799,NA,NA,NA
DR 2313,LINCSCP_9877,A549,3uM,6h,NA,0.20508074,NA,NA,NA
LY2334737,LINCSCP_74645,A375,10uM,24h,NA,0.20507604,NA,NA,NA
KUC104235N,LINCSCP_210867,HA1E,10uM,6h,NA,0.20503521,NA,NA,NA
NCGC00179649-07,LINCSCP_47553,PC3,10uM,24h,NA,0.20484065,NA,-0.25419879,-0.22080844
BRD-K46587586,LINCSCP_63599,VCAP,5uM,6h,NA,0.20482021,NA,NA,NA
BRD-K13693445,LINCSCP_8610,A549,5uM,24h,NA,0.20478323,NA,NA,NA
BG-1026,LINCSCP_43457,NPC,10uM,24h,NA,0.20471883,NA,NA,NA
AN-329/41044431,LINCSCP_16421,HA1E,10uM,6h,NA,0.20469373,NA,NA,NA
SCHEMBL1995782,LINCSCP_55126,THP1,0.001uM,6h,NA,0.20468735,NA,NA,NA
BRD-K31746020,LINCSCP_59655,VCAP,5uM,24h,NA,0.20461356,NA,NA,NA
PAC-1,LINCSCP_218826,HEC108,10uM,6h,NA,0.20458952,NA,NA,NA
SPECTRUM_000894,LINCSCP_33304,MCF7,10uM,24h,NA,0.20457911,NA,NA,NA
Hippeastrine,LINCSCP_290166,VCAP,10uM,24h,NA,0.20457559,NA,NA,NA
TSU-68,LINCSCP_170987,YAPC,3.33uM,24h,3,0.20450328,NA,NA,NA
BRD-K92975271,LINCSCP_61000,VCAP,5uM,6h,NA,0.204401,NA,NA,NA
Gingerol,LINCSCP_4350,A549,10uM,6h,NA,0.20433427,NA,NA,NA
MLS000718932,LINCSCP_1803,A375,10uM,6h,NA,0.20428844,NA,NA,NA
BAS 00448127,LINCSCP_32348,MCF7,10uM,6h,NA,0.2042201,NA,-0.26079144,NA
7-Hydroxychlorpromazine,LINCSCP_43292,NPC,10uM,6h,NA,0.20421736,NA,-0.21852499,NA
DIMINAZENE ACETURATE,LINCSCP_110874,HELA,0.04uM,24h,NA,0.2041793,NA,NA,NA
BRD-K14327282,LINCSCP_60140,VCAP,5uM,24h,NA,0.20417526,NA,-0.22806032,NA
Lisofylline,LINCSCP_104821,HELA,1.11uM,24h,NA,0.20415176,NA,NA,NA
NUTLIN 3,LINCSCP_867,A375,40uM,6h,NA,0.20413855,0.22820236,NA,-0.27927002
Lodoxamide,LINCSCP_95272,HA1E,1.11uM,24h,4,0.20413213,NA,NA,NA
KUC104254,LINCSCP_5481,A549,10uM,6h,NA,0.20411388,NA,NA,NA
ST014075,LINCSCP_34001,MCF7,10uM,6h,NA,0.20410636,NA,NA,NA
ST078797,LINCSCP_16615,HA1E,10uM,6h,NA,0.20404465,NA,NA,NA
MLS001163538,LINCSCP_57523,VCAP,10uM,24h,NA,0.204037,NA,NA,NA
Herniarin,LINCSCP_289316,VCAP,10uM,24h,NA,0.20401011,NA,NA,NA
PIK-75,LINCSCP_11101,ASC,10uM,24h,NA,0.20400005,NA,NA,NA
Oligomycin A,LINCSCP_51067,RMUGS,10uM,6h,NA,0.20394012,NA,NA,NA
CHEMBL2143684,LINCSCP_37339,MCF7,10uM,6h,NA,0.20389039,NA,NA,NA
BRD-K77162730,LINCSCP_61825,VCAP,5uM,24h,NA,0.20388013,NA,NA,NA
ST50910137,LINCSCP_15918,HA1E,10uM,6h,NA,0.20383776,NA,NA,NA
MLS002473428,LINCSCP_16114,HA1E,10uM,6h,NA,0.20382283,NA,NA,NA
BRD-K94136966,LINCSCP_62423,VCAP,5uM,6h,NA,0.20381138,NA,NA,NA
Capsaicin,LINCSCP_57136,VCAP,100uM,6h,4,0.20377988,NA,NA,NA
Osthole,LINCSCP_11319,ASC,10uM,24h,NA,0.20372421,NA,NA,NA
MLS003329222,LINCSCP_1750,A375,10uM,6h,NA,0.2037039,0.21474021,NA,-0.25291006
Lersivirine,LINCSCP_138799,MCF7,3.33uM,24h,2,0.20367982,NA,NA,NA
Prothiaden Spofa,LINCSCP_52760,SKB,10uM,24h,4,0.20362305,NA,NA,NA
Pimasertib,LINCSCP_11089,ASC,10uM,24h,2,0.20359045,NA,NA,NA
BRD-K47303556,LINCSCP_63700,VCAP,5uM,24h,NA,0.20354404,NA,NA,NA
Ouabain,LINCSCP_44458,PC3,10uM,6h,4,0.20351238,NA,NA,NA
CT-200783,LINCSCP_29109,JHUEM2,10uM,6h,NA,0.20345798,NA,NA,NA
L-690488,LINCSCP_13562,H1299,10uM,6h,NA,0.2034348,NA,NA,NA
AT-9283,LINCSCP_136654,MCF7,0.37uM,24h,2,0.20341146,NA,NA,-0.2568555
SPECTRUM_001873,LINCSCP_140049,MCF7,0.12uM,24h,NA,0.20340808,NA,NA,NA
AC1LFTYS,LINCSCP_26308,HT29,10uM,6h,NA,0.20340795,NA,NA,NA
BRD-K60460488-066-01-0,LINCSCP_6433,A549,10uM,24h,NA,0.20339481,NA,NA,NA
BRD-K57064803,LINCSCP_23451,HEPG2,10uM,24h,NA,0.20336318,NA,NA,NA
BRD-K38477985,LINCSCP_44462,PC3,10uM,6h,NA,0.20329386,NA,NA,NA
SCHEMBL3958507,LINCSCP_234977,MCF10A,10uM,6h,NA,0.20325493,NA,NA,NA
SCHEMBL6468298,LINCSCP_294376,VCAP,10uM,24h,NA,0.20325188,NA,NA,NA
BRD-K00141503,LINCSCP_143488,MCF7,0.04uM,24h,NA,0.20323158,NA,-0.24496859000000001,NA
Podofilox,LINCSCP_14459,HA1E,10uM,24h,4,0.20321395,NA,NA,NA
NMS-1286937,LINCSCP_96658,HA1E,0.12uM,24h,NA,0.20314941,NA,NA,NA
BRD-K57420195,LINCSCP_43147,NPC,10uM,24h,NA,0.20311015,NA,NA,NA
Pracinostat,LINCSCP_108640,HELA,0.04uM,24h,NA,0.20310427,NA,NA,NA
NVP-AEW541,LINCSCP_24838,HS578T,0.1uM,24h,NA,0.20309929,NA,NA,NA
BRD-K75964914,LINCSCP_62577,VCAP,5uM,6h,NA,0.20307304,NA,NA,NA
omeprazole,LINCSCP_105069,HELA,0.04uM,24h,NA,0.20307002,NA,NA,NA
CEFEPIME HYDROCHLORIDE,LINCSCP_137742,MCF7,10uM,24h,NA,0.20297751,NA,NA,NA
GW-5074,LINCSCP_164983,SKL.C,0.04uM,24h,NA,0.20297612,NA,NA,NA
N-Bromoacetyltryptamine,LINCSCP_43319,NPC,10uM,6h,NA,0.20296146,0.22644961,NA,-0.3433841
"3,6-Dimethyl-9-[6-(oxiran-2-yl)-6-oxohexyl]decahydropyrrolo[1,2-a][1,4,7,10]tetraazacyclododecine-1,4,7,10-tetrone",LINCSCP_10982,ASC,10uM,24h,NA,0.20295511,NA,NA,NA
CHEMBL1700271,LINCSCP_1393,A375,10uM,24h,NA,0.20294722,NA,NA,NA
Tonabersat,LINCSCP_103713,HELA,0.12uM,24h,2,0.20289408,NA,NA,NA
BCPP000194,LINCSCP_134310,MCF7,0.37uM,24h,NA,0.20287907,NA,NA,NA
HG-9-91-01,LINCSCP_69902,A375,1.11uM,24h,NA,0.20286298,NA,NA,NA
4-Chloro-3-nitro-quinolin-2(1H)-one,LINCSCP_1715,A375,10uM,6h,NA,0.20281851,0.29130847,NA,-0.36586825
MLS001065891,LINCSCP_19662,HCC515,10uM,6h,NA,0.20274365,NA,NA,NA
SA-90377,LINCSCP_253104,MCF7,0.5uM,24h,NA,0.20264387,-0.35262111,NA,0.23081393
MLS002473937,LINCSCP_59728,VCAP,5uM,6h,NA,0.20258628,NA,-0.22071258,NA
R-7128,LINCSCP_97331,HA1E,10uM,24h,2,0.2025744,NA,NA,NA
BRD-K83720640,LINCSCP_66042,VCAP,0.5uM,24h,NA,0.20251255,NA,NA,NA
AC1NSOND,LINCSCP_3047,A375,10uM,6h,NA,0.20249248,0.27624924,NA,NA
Oxindole I,LINCSCP_11445,ASC,10uM,24h,NA,0.2024801,NA,NA,NA
848193-68-0,LINCSCP_807,A375,20uM,24h,NA,0.20243487,NA,NA,NA
Didanosine,LINCSCP_47580,PC3,10uM,24h,4,0.20242891,NA,-0.25392751,NA
Entecavir,LINCSCP_154182,PC3,10uM,24h,4,0.20239457,NA,-0.22888053,NA
Papaverine,LINCSCP_118287,HT29,10uM,24h,4,0.20236097,NA,NA,NA
BRD-K64391475,LINCSCP_63720,VCAP,5uM,24h,NA,0.20235467,NA,NA,NA
Tofacitinib (CP-690550) Citrate,LINCSCP_153762,PC3,10uM,24h,NA,0.20235255,NA,NA,NA
4354-76-1,LINCSCP_17073,HA1E,20uM,24h,NA,0.20235233,NA,NA,NA
GNF-PF-1339,LINCSCP_22228,HEPG2,10uM,6h,NA,0.20231566,NA,NA,NA
ST51005413,LINCSCP_310075,VCAP,10uM,24h,NA,0.20216445,NA,NA,NA
Thioguanine,LINCSCP_107830,HELA,0.04uM,24h,4,0.20213658,NA,NA,NA
SPECTRUM5_002023,LINCSCP_2262,A375,10uM,6h,NA,0.20213111,NA,NA,NA
YM90709,LINCSCP_242231,MCF7,10uM,6h,NA,0.20212856,NA,NA,NA
BG-1007,LINCSCP_43479,NPC,10uM,24h,NA,0.20205124,NA,NA,NA
Isomammeisin,LINCSCP_44165,PC3,10uM,6h,NA,0.2019549,NA,NA,NA
Altrenogest,LINCSCP_92794,HA1E,3.33uM,24h,NA,0.20194604,NA,NA,NA
Altrenogest,LINCSCP_92794,HA1E,3.33uM,24h,NA,0.20194604,NA,NA,NA
BRD-K46920162,LINCSCP_62657,VCAP,5uM,24h,NA,0.201927,NA,NA,NA
PD-407824,LINCSCP_13944,HA1E,10uM,6h,NA,0.2019174,NA,NA,NA
Ketoprofen,LINCSCP_14534,HA1E,10uM,6h,4,0.20190993,NA,NA,NA
BRD-K58808184,LINCSCP_59896,VCAP,5uM,24h,NA,0.20178581,NA,NA,NA
MLS000594029,LINCSCP_5948,A549,10uM,24h,NA,0.20178091,NA,NA,NA
CHEMBL1531985,LINCSCP_26194,HT29,10uM,6h,NA,0.20168811,NA,NA,NA
BRD-K16625384,LINCSCP_59844,VCAP,5uM,24h,NA,0.20165076,NA,NA,NA
VER 155008,LINCSCP_4750,A549,10uM,6h,NA,0.20159859,NA,NA,NA
Estrone,LINCSCP_17361,HA1E,0.12uM,24h,4,0.2015881,NA,NA,NA
MLS001065825,LINCSCP_236888,MCF7,10uM,24h,NA,0.20156106,NA,NA,NA
LY2157299,LINCSCP_79869,A375,10uM,24h,2,0.20152732,NA,-0.20751034,NA
Flavoxate,LINCSCP_159342,PC3,0.12uM,24h,4,0.20150617,NA,NA,NA
MLS003128612,LINCSCP_57907,VCAP,10uM,6h,NA,0.20144443,0.2430749,NA,NA
CHEMBL3188763,LINCSCP_5198,A549,10uM,6h,NA,0.20141371,NA,NA,NA
Bemegride,LINCSCP_156239,PC3,0.12uM,24h,NA,0.20135,NA,NA,NA
ST50050407,LINCSCP_295942,VCAP,10uM,6h,NA,0.20134013,NA,NA,NA
BRD-K79596575,LINCSCP_302684,VCAP,5uM,24h,NA,0.20132271,NA,NA,NA
"2-(4-Chlorophenyl)-6-(methylthio)-4-oxo-3,4-dihydro-2H-1,3-thiazine-5-carbonitrile",LINCSCP_16402,HA1E,10uM,6h,NA,0.20131463,NA,NA,NA
Bufalin,LINCSCP_44404,PC3,10uM,24h,NA,0.20129163,NA,NA,NA
BRD-K58560613,LINCSCP_63507,VCAP,5uM,24h,NA,0.20128716,NA,NA,NA
BRN 1088760,LINCSCP_16549,HA1E,10uM,6h,NA,0.20125446,0.25691852,NA,NA
BRD-A88765664,LINCSCP_64845,VCAP,10uM,24h,NA,0.20125404,NA,NA,NA
MLS001221673,LINCSCP_59617,VCAP,10uM,6h,NA,0.20124593,NA,NA,NA
Bisoprolol,LINCSCP_175047,YAPC,0.04uM,24h,4,0.20120708,NA,NA,NA
SPARFLOXACIN,LINCSCP_102552,HELA,0.37uM,24h,NA,0.20120248,NA,NA,-0.20209129
2-Hydroxydopamine,LINCSCP_43342,NPC,10uM,6h,NA,0.20109304,NA,NA,NA
BRD-K77265816,LINCSCP_62813,VCAP,5uM,24h,NA,0.20108883,NA,NA,NA
SMR000206939,LINCSCP_1776,A375,10uM,6h,NA,0.20101104,0.20286557,-0.20774601,-0.25007553
AEG 3482,LINCSCP_50373,PHH,10uM,24h,NA,0.20089612,NA,NA,NA
IN1152,LINCSCP_14047,HA1E,10uM,24h,NA,0.20085506,NA,NA,NA
Ibrutinib (PCI-32765),LINCSCP_109173,HELA,10uM,24h,4,0.20081104,NA,NA,NA
MLS000106835,LINCSCP_46604,PC3,10uM,6h,NA,0.20078587,NA,NA,NA
SPECTRUM_001522,LINCSCP_91858,HA1E,10uM,24h,NA,0.20075501,NA,NA,NA
CHEMBL3187962,LINCSCP_194079,A549,10uM,6h,NA,0.20073092,NA,NA,NA
SCHEMBL17783934,LINCSCP_35089,MCF7,5uM,24h,NA,0.20069649,NA,NA,NA
BRD-K82462147,LINCSCP_61287,VCAP,5uM,24h,NA,0.20068537,NA,-0.21575394,NA
MLS003129502,LINCSCP_299072,VCAP,5uM,6h,NA,0.20051851,NA,NA,NA
SU 1498,LINCSCP_14444,HA1E,10uM,24h,NA,0.20049071,NA,NA,NA
Midostaurin,LINCSCP_92727,HA1E,10uM,24h,3,0.20047116,NA,NA,NA
BRD-K05353139,LINCSCP_64352,VCAP,5uM,6h,NA,0.20046465,NA,-0.23989262,NA
Topiroxostat,LINCSCP_143388,MCF7,3.33uM,24h,NA,0.20045714,NA,NA,NA
"2,2-Dichloro-n-[(1R,2S)-1,3-dihydroxy-1-(4-nitrophenyl)propan-2-yl]acetamide",LINCSCP_73063,A375,10uM,24h,NA,0.20044273,NA,NA,NA
NSC25485,LINCSCP_44498,PC3,10uM,24h,NA,0.20041404,NA,NA,NA
BRD-K64864583,LINCSCP_61902,VCAP,5uM,6h,NA,0.20038443,NA,NA,NA
Linifanib,LINCSCP_143796,MCF7,3.33uM,24h,3,0.20030713,NA,NA,NA
ST072947,LINCSCP_22327,HEPG2,10uM,6h,NA,0.20028608,NA,-0.21990898,NA
BRD-K65342196,LINCSCP_61068,VCAP,5uM,24h,NA,0.20022935,NA,NA,NA
CHEMBL2311700,LINCSCP_57602,VCAP,10uM,6h,NA,0.20019059,NA,NA,NA
Pipamperone,LINCSCP_25181,HT29,10uM,6h,3,0.20018416,NA,NA,NA
MLS000057540,LINCSCP_47292,PC3,10uM,24h,NA,0.20017354,NA,NA,NA
NONOXYNOL 9,LINCSCP_14510,HA1E,10uM,24h,4,0.20017022,NA,NA,NA
MLS002554296,LINCSCP_1806,A375,10uM,6h,NA,0.20015834,NA,NA,NA
BRD-K88279116,LINCSCP_63250,VCAP,5uM,24h,NA,0.20015291,NA,-0.20604023,NA
UTMB00042,LINCSCP_43857,PC3,1uM,6h,NA,0.20015059,NA,NA,NA
BRD-K93672121,LINCSCP_61300,VCAP,5uM,24h,NA,0.20004693,NA,NA,NA
SB743921,LINCSCP_108719,HELA,10uM,24h,NA,0.20001884,NA,NA,NA
Lasalocid,LINCSCP_27073,HT29,10uM,6h,NA,-0.4712758,NA,0.21566664,NA
CID 46937231,LINCSCP_5520,A549,10uM,6h,NA,-0.45776473,NA,0.27310161,NA
RS-39604,LINCSCP_27092,HT29,10uM,6h,NA,-0.44657612,NA,NA,-0.25979498
Nortriptyline,LINCSCP_27158,HT29,10uM,6h,4,-0.43399871,NA,NA,-0.27349059
Fluspirilene,LINCSCP_808,A375,5uM,24h,4,-0.42914999,NA,0.24504558,NA
SMR000075319,LINCSCP_9512,A549,3uM,6h,NA,-0.42902219,NA,0.25688867,NA
Acebutolol,LINCSCP_16925,HA1E,10uM,6h,4,-0.42542042,NA,0.35628091,NA
Loperamide,LINCSCP_759,A375,10uM,24h,4,-0.42382031,NA,NA,NA
CHEMBL3184089,LINCSCP_61030,VCAP,5uM,24h,NA,-0.42242677,NA,0.23546741,NA
AKT Inhibitor VIII,LINCSCP_38921,MDAMB231,10uM,24h,NA,-0.42067265,NA,NA,-0.2491631
MEGXP0_000816,LINCSCP_23330,HEPG2,3uM,24h,NA,-0.41981309,NA,0.33590783,NA
Maprotiline,LINCSCP_27096,HT29,10uM,6h,NA,-0.41936455,NA,NA,NA
Maprotiline,LINCSCP_27096,HT29,10uM,6h,4,-0.41936455,NA,NA,NA
Methylpromazine,LINCSCP_215,A375,10uM,24h,4,-0.41878549,NA,NA,NA
"13-Methyl-7-[9-(4,4,5,5,5-pentafluoropentylsulfinyl)nonyl]-6,7,8,9,11,12,14,15,16,17-decahydrocyclopenta[a]phenanthrene-3,17-diol",LINCSCP_68434,VCAP,10uM,24h,NA,-0.4098404,NA,NA,NA
BAS 00631343,LINCSCP_45051,PC3,10uM,24h,NA,-0.40822527,NA,0.23395395,NA
Thioridazine,LINCSCP_68714,VCAP,10uM,24h,4,-0.40748702,NA,NA,NA
MK-2206,LINCSCP_778,A375,10uM,24h,2,-0.40677481,NA,NA,NA
SPECTRUM_000011,LINCSCP_56742,VCAP,10uM,6h,NA,-0.40269956,NA,NA,NA
BRD-K19181733,LINCSCP_2140,A375,10uM,6h,NA,-0.40223102,NA,NA,NA
rifampicin,LINCSCP_69662,A375,10uM,24h,NA,-0.40216248,NA,0.25431604,NA
BRD-K86336638,LINCSCP_23524,HEPG2,3uM,24h,NA,-0.40212701,NA,0.3611595,NA
E6 Berbamine,LINCSCP_44730,PC3,10uM,24h,NA,-0.4012467,NA,0.27257795,NA
10-DEBC,LINCSCP_790,A375,20uM,24h,NA,-0.39996939,NA,0.25650008,NA
MLS003448149,LINCSCP_177231,A375,10uM,6h,NA,-0.39854978,NA,NA,NA
BRD-K93158953,LINCSCP_3647,A375,10uM,24h,NA,-0.39612838,NA,NA,NA
Mibefradil,LINCSCP_44000,PC3,10uM,24h,4,-0.39303726,NA,NA,NA
MLS000682490,LINCSCP_57501,VCAP,10uM,6h,NA,-0.39160814,NA,0.24418556,NA
IKK Inhibitor VII,LINCSCP_18100,HCC515,10uM,6h,NA,-0.39098433,NA,NA,NA
MLS001060803,LINCSCP_31698,MCF7,10uM,6h,NA,-0.38837189,NA,0.20647613,-0.26338669
Tamoxifen,LINCSCP_855,A375,30uM,24h,4,-0.38813903,NA,NA,NA
Tetracaine,LINCSCP_173333,YAPC,10uM,24h,4,-0.3879872,NA,NA,NA
ITK Inhibitor,LINCSCP_38897,MDAMB231,10uM,24h,NA,-0.38360576,NA,0.22295875,NA
MLS000095184,LINCSCP_1294,A375,10uM,6h,NA,-0.38345727,NA,NA,NA
Promazine,LINCSCP_643,A375,10uM,24h,4,-0.38306457,NA,NA,NA
VU0413238-1,LINCSCP_57716,VCAP,10uM,6h,NA,-0.38275225,NA,NA,NA
MLS002703106,LINCSCP_25884,HT29,10uM,24h,NA,-0.38179768,NA,NA,-0.24509702
Dilazep,LINCSCP_4378,A549,10uM,6h,NA,-0.38067653,NA,NA,NA
Tandutinib,LINCSCP_175394,YAPC,10uM,24h,2,-0.38011982,NA,0.21013467,NA
KN93,LINCSCP_44268,PC3,10uM,24h,NA,-0.37814655,NA,NA,-0.21226684
SB-216641,LINCSCP_14895,HA1E,10uM,6h,NA,-0.37781259,NA,0.21994474,NA
Pimozide,LINCSCP_620,A375,10uM,24h,4,-0.37759866,NA,0.24874503,NA
Ketoconazole,LINCSCP_46083,PC3,10uM,24h,NA,-0.37750438,NA,0.22626253,NA
Ketoconazole,LINCSCP_46083,PC3,10uM,24h,NA,-0.37750438,NA,0.22626253,NA
Ketoconazole,LINCSCP_46083,PC3,10uM,24h,NA,-0.37750438,NA,0.22626253,NA
Ketoconazole,LINCSCP_46083,PC3,10uM,24h,NA,-0.37750438,NA,0.22626253,NA
Ketoconazole,LINCSCP_46083,PC3,10uM,24h,NA,-0.37750438,NA,0.22626253,NA
Ketoconazole,LINCSCP_46083,PC3,10uM,24h,NA,-0.37750438,NA,0.22626253,NA
Ketoconazole,LINCSCP_46083,PC3,10uM,24h,NA,-0.37750438,NA,0.22626253,NA
Ketoconazole,LINCSCP_46083,PC3,10uM,24h,NA,-0.37750438,NA,0.22626253,NA
Ketoconazole,LINCSCP_46083,PC3,10uM,24h,NA,-0.37750438,NA,0.22626253,NA
Itrazole,LINCSCP_25404,HT29,10uM,24h,NA,-0.377093,NA,NA,NA
"ICI-199,441",LINCSCP_27142,HT29,10uM,6h,NA,-0.37699538,NA,NA,NA
ZINC77024257,LINCSCP_25787,HT29,10uM,6h,NA,-0.37691585,NA,NA,NA
Astemizole,LINCSCP_47513,PC3,10uM,24h,4,-0.3763306,NA,0.22430119,NA
VU0415011,LINCSCP_5344,A549,10uM,6h,NA,-0.37357963,NA,0.36463414,NA
Neratinib,LINCSCP_25831,HT29,10uM,6h,NA,-0.37270138,NA,NA,NA
Neratinib,LINCSCP_25831,HT29,10uM,6h,3,-0.37270138,NA,NA,NA
BRD-K70012251,LINCSCP_61367,VCAP,5uM,6h,NA,-0.37237165,NA,0.36022215,NA
Lapatinib,LINCSCP_130005,LNCAP,0.37uM,24h,4,-0.3714211,NA,0.31032251,NA
MLS002703118,LINCSCP_25917,HT29,10uM,24h,NA,-0.37043516,NA,NA,-0.25910781
VILAZODONE HYDROCHLORIDE,LINCSCP_171500,YAPC,10uM,24h,4,-0.37015875,NA,NA,NA
Imatinib,LINCSCP_69614,A375,10uM,24h,4,-0.36883611,NA,0.26440804,NA
MLS002232309,LINCSCP_38995,MDAMB231,10uM,24h,NA,-0.36736851,NA,NA,NA
SA-1921456,LINCSCP_277980,PC3,10uM,24h,NA,-0.3666703,NA,NA,NA
MLS001060802,LINCSCP_26267,HT29,10uM,6h,NA,-0.36657924,NA,NA,NA
Sertraline,LINCSCP_225800,HT29,10uM,6h,4,-0.36635764,NA,0.22873252,NA
METERGOLINE,LINCSCP_174042,YAPC,3.33uM,24h,NA,-0.36544923,NA,0.22839645,NA
BRD-K67454499,LINCSCP_48335,PC3,5uM,24h,NA,-0.36535084,NA,0.39473706,NA
BRD-K17890048,LINCSCP_3538,A375,10uM,24h,NA,-0.36434353,NA,NA,NA
Isoquercetin,LINCSCP_46112,PC3,10uM,24h,NA,-0.36371809,NA,NA,-0.26413218
BRD-K49477330,LINCSCP_3710,A375,10uM,24h,NA,-0.36286693,NA,0.23594427,NA
Dihydroergocristine,LINCSCP_176329,YAPC,10uM,24h,4,-0.36243031,NA,NA,NA
BIOMOL-NT_000059,LINCSCP_235,A375,10uM,24h,NA,-0.36232008,NA,NA,NA
Triflupromazine,LINCSCP_18,A375,10uM,24h,4,-0.36220146,NA,NA,NA
PD-173074,LINCSCP_39122,MDAMB231,10uM,24h,NA,-0.36194412,NA,NA,NA
GSK-461364,LINCSCP_39104,MDAMB231,10uM,24h,1,-0.35966483,NA,NA,NA
Fluphenazine,LINCSCP_266882,PC3,10uM,24h,4,-0.35948603,NA,NA,NA
AC1M43RN,LINCSCP_258538,NEU,10uM,24h,NA,-0.35881027,NA,0.24617121,NA
Clomipramine,LINCSCP_227512,HT29,10uM,6h,4,-0.35862001,NA,0.25400922,NA
Sirolimus,LINCSCP_27051,HT29,10uM,6h,NA,-0.35828021,NA,NA,NA
Sirolimus,LINCSCP_27051,HT29,10uM,6h,NA,-0.35828021,NA,NA,NA
Sirolimus,LINCSCP_27051,HT29,10uM,6h,4,-0.35828021,NA,NA,NA
Rhodomyrtoxin B,LINCSCP_25312,HT29,10uM,6h,NA,-0.35776415,NA,NA,NA
Amiodarone,LINCSCP_671,A375,10uM,24h,4,-0.35680057,NA,0.22446561,NA
AC1N6AX4,LINCSCP_13822,HA1E,10uM,6h,NA,-0.35630327,NA,NA,NA
Y-134,LINCSCP_13959,HA1E,10uM,6h,NA,-0.35610032,NA,NA,NA
Raloxifene,LINCSCP_280292,PC3,10uM,24h,4,-0.35497589,NA,NA,NA
Amitriptyline,LINCSCP_103524,HELA,10uM,24h,4,-0.35480739,NA,NA,NA
CAY10618,LINCSCP_25830,HT29,10uM,6h,NA,-0.35466112,NA,NA,NA
Fentanyl Isothiocyanate,LINCSCP_13887,HA1E,10uM,6h,NA,-0.35465363,NA,NA,NA
BRD-K92543914,LINCSCP_278030,PC3,10uM,24h,NA,-0.35390841,NA,NA,NA
amlodipine,LINCSCP_58231,VCAP,10uM,6h,NA,-0.35327554,NA,NA,NA
T 98475,LINCSCP_44040,PC3,10uM,24h,NA,-0.35301381,NA,0.22851557,NA
CHEMBL3188797,LINCSCP_48596,PC3,10uM,24h,NA,-0.35262578,NA,NA,NA
CID 78435479,LINCSCP_16096,HA1E,10uM,6h,NA,-0.35248834,NA,0.3542443,NA
CHEMBL299879,LINCSCP_43986,PC3,10uM,24h,NA,-0.35160891,NA,NA,NA
BRD-K11976754,LINCSCP_60265,VCAP,5uM,6h,NA,-0.35126203,NA,NA,NA
Perphenazine,LINCSCP_243152,MCF7,10uM,6h,4,-0.35017541,NA,NA,NA
RS-23597-190,LINCSCP_25447,HT29,100uM,24h,NA,-0.34951747,NA,NA,-0.23579781
AC1MSUFC,LINCSCP_25425,HT29,40uM,24h,NA,-0.34915419,NA,NA,NA
KU0060648,LINCSCP_9820,A549,3uM,6h,NA,-0.34911864,NA,NA,NA
CYTO7H11,LINCSCP_9765,A549,3uM,6h,NA,-0.34910274,NA,NA,NA
VU0413247-1,LINCSCP_1413,A375,10uM,24h,NA,-0.34898002,NA,0.24655008,NA
Duloxetine,LINCSCP_225472,HT29,10uM,6h,4,-0.34861316,NA,NA,NA
SMR000043984,LINCSCP_15709,HA1E,10uM,24h,NA,-0.34842839,NA,NA,-0.21335222
CHEMBL416418,LINCSCP_19492,HCC515,60uM,6h,NA,-0.34836095,NA,0.21855982,NA
CAY-10594,LINCSCP_762,A375,20uM,24h,NA,-0.3482162,NA,NA,NA
CHEMBL2356381,LINCSCP_3558,A375,10uM,24h,NA,-0.34821594,NA,NA,NA
"9-[3-(3,5-Dimethylpiperazin-1-yl)propyl]-9H-carbazole",LINCSCP_17878,HCC515,10uM,24h,NA,-0.34792964,NA,NA,NA
Trifluoperazine,LINCSCP_272591,PC3,10uM,24h,4,-0.34752199,NA,NA,NA
ACON1_001721,LINCSCP_6075,A549,10uM,6h,NA,-0.34749404,NA,0.3264044,NA
Linoleic acid,LINCSCP_472,A375,10uM,6h,NA,-0.34723722,NA,NA,NA
Bosutinib,LINCSCP_153375,PC3,0.37uM,24h,4,-0.34697349,NA,0.23544764,NA
NCGC00170189-01,LINCSCP_26522,HT29,10uM,6h,NA,-0.34686824,NA,NA,NA
Sertraline HCl,LINCSCP_174384,YAPC,3.33uM,24h,NA,-0.34672214,NA,0.20732361,NA
Zaldaride,LINCSCP_14522,HA1E,10uM,6h,NA,-0.34635448,NA,NA,NA
CHEMBL1083527,LINCSCP_99450,HCC515,10uM,24h,NA,-0.34545698,NA,NA,NA
BRD-K96396151,LINCSCP_48474,PC3,10uM,24h,NA,-0.34513853,NA,NA,NA
BRD-K49111930,LINCSCP_187480,A375,10uM,24h,NA,-0.34455825,NA,NA,NA
Flumatinib (mesylate),LINCSCP_174318,YAPC,3.33uM,24h,3,-0.34406367,NA,NA,NA
BRD-K89824424,LINCSCP_3745,A375,10uM,24h,NA,-0.34155276,NA,NA,NA
N-Desmethylclozapine,LINCSCP_56125,VCAP,10uM,6h,NA,-0.34154746,NA,NA,NA
NNC 05-2090,LINCSCP_55849,VCAP,10uM,6h,NA,-0.34150833,NA,NA,NA
ITRACONAZOLE HYDROCHLORIDE,LINCSCP_154800,PC3,3.33uM,24h,4,-0.34118215,NA,NA,NA
Carpindolol,LINCSCP_17858,HCC515,10uM,24h,NA,-0.34040099,NA,NA,NA
Falnidamol,LINCSCP_44584,PC3,10uM,24h,1,-0.33946454,NA,NA,NA
Blebbistatin,LINCSCP_30719,MCF7,40uM,6h,NA,-0.33938986,NA,0.31208649,NA
R-59022,LINCSCP_348,A375,10uM,24h,NA,-0.33864114,NA,0.25526585,NA
SCHEMBL17378613,LINCSCP_39055,MDAMB231,10uM,24h,NA,-0.33817341,NA,NA,NA
AC1L99UL,LINCSCP_43981,PC3,10uM,24h,NA,-0.33791294,NA,NA,-0.26117031
ZINC150345845,LINCSCP_17016,HA1E,10uM,6h,NA,-0.33790888,NA,NA,NA
Crizotinib,LINCSCP_39078,MDAMB231,10uM,24h,4,-0.33751181,NA,NA,-0.24989028
Blonanserin (Lonasen),LINCSCP_71050,A375,3.33uM,24h,3,-0.33732501,NA,0.32045707,NA
Dabigatran Etexilate,LINCSCP_157852,PC3,10uM,24h,NA,-0.33683201,NA,NA,NA
BRD-K55612480,LINCSCP_26506,HT29,10uM,6h,NA,-0.3366303,NA,NA,NA
SCHEMBL2557158,LINCSCP_26257,HT29,10uM,6h,NA,-0.33572068,NA,NA,NA
TPCA-1,LINCSCP_116868,HT29,3.33uM,24h,NA,-0.33535157,NA,NA,NA
BRD-K16752930,LINCSCP_300033,VCAP,5uM,6h,NA,-0.33533597,NA,0.25962542,NA
SA-1921085,LINCSCP_277937,PC3,10uM,24h,NA,-0.33477234,NA,NA,NA
Tozasertib,LINCSCP_171590,YAPC,10uM,24h,2,-0.33400032,NA,NA,NA
CHEMBL2360719,LINCSCP_61075,VCAP,5uM,24h,NA,-0.33367751,NA,NA,NA
Siramesine (hydrochloride),LINCSCP_103434,HELA,10uM,24h,NA,-0.33358436,NA,0.23330251,NA
CGK733,LINCSCP_84708,ASC,0.12uM,24h,NA,-0.33343633,-0.22573867,NA,NA
MLS003129189,LINCSCP_60516,VCAP,5uM,24h,NA,-0.33305688,NA,0.24864677,NA
Wortmannin,LINCSCP_68786,VCAP,10uM,6h,NA,-0.33290681,NA,NA,NA
Aripiprazole,LINCSCP_173969,YAPC,10uM,24h,4,-0.33283908,NA,NA,NA
"Trans-1,4-bis(2-chlorobenzaminomethyl)cyclohexane dihydrochloride",LINCSCP_227394,HT29,10uM,6h,NA,-0.33267363,NA,NA,NA
Toremifene,LINCSCP_73272,A375,10uM,24h,4,-0.33255762,NA,NA,NA
BIO2_000029,LINCSCP_26983,HT29,10uM,6h,NA,-0.33168207,NA,NA,NA
Phenformin,LINCSCP_72789,A375,3.33uM,24h,4,-0.33157337,NA,0.26072607,NA
Zuclomiphene,LINCSCP_73956,A375,10uM,24h,NA,-0.33138177,NA,0.20475467,NA
Perhexiline,LINCSCP_25669,HT29,10uM,6h,4,-0.33106629,NA,NA,-0.34229346
BRD-K32485462,LINCSCP_26397,HT29,10uM,6h,NA,-0.33066568,NA,NA,NA
Thiothixene,LINCSCP_80526,A375,10uM,24h,NA,-0.33007226,NA,NA,NA
SULF1-A_000010,LINCSCP_1987,A375,10uM,6h,NA,-0.32993106,NA,0.21335888,NA
CHEMBL2360276,LINCSCP_3512,A375,10uM,24h,NA,-0.32955079,NA,NA,NA
Enclomiphene,LINCSCP_28572,HT29,10uM,24h,4,-0.32838003,NA,NA,-0.26557641
MEK1/2 Inhibitor,LINCSCP_7669,A549,10uM,6h,NA,-0.32807099,NA,0.29558174,NA
Vesamicol,LINCSCP_14548,HA1E,10uM,6h,NA,-0.32799002,NA,0.27953609,NA
Flupentixol,LINCSCP_44409,PC3,10uM,24h,3,-0.32789731,NA,NA,NA
XMD-1499,LINCSCP_16750,HA1E,10uM,6h,NA,-0.32716247,NA,NA,NA
"L741,626",LINCSCP_14207,HA1E,10uM,6h,NA,-0.32678311,NA,0.24890379,NA
bupivacaine,LINCSCP_72255,A375,10uM,24h,NA,-0.32661782,NA,NA,NA
CHEMBL2361224,LINCSCP_23423,HEPG2,3uM,24h,NA,-0.325252,NA,0.2534672,NA
VU-0415556-1,LINCSCP_57611,VCAP,10uM,6h,NA,-0.32513315,NA,NA,NA
C21H27N7O3,LINCSCP_116265,HT29,10uM,24h,NA,-0.32503909,NA,NA,NA
BRD-K69841970-001-01-4,LINCSCP_59787,VCAP,5uM,6h,NA,-0.32458924,NA,0.27411116,NA
BRD-K85568664,LINCSCP_64027,VCAP,5uM,24h,NA,-0.32424515,NA,0.30211796,NA
10-{3-[4-(2-Chloroethyl)piperazin-1-yl]propyl}-2-(trifluoromethyl)-10H-phenothiazine,LINCSCP_14576,HA1E,10uM,6h,NA,-0.32394325,0.22856604,0.40121521,NA
Amodiaquine,LINCSCP_169002,YAPC,10uM,24h,4,-0.3238904,NA,NA,NA
Quercetin,LINCSCP_18459,HCC515,10uM,6h,NA,-0.32388439,NA,0.29405219,NA
CHEMBL3188986,LINCSCP_3691,A375,10uM,24h,NA,-0.3230173,NA,NA,NA
BRD-K54074847,LINCSCP_61355,VCAP,5uM,6h,NA,-0.32282443,NA,0.29511137,NA
BRD-K41700431,LINCSCP_48439,PC3,10uM,24h,NA,-0.32261624,NA,NA,NA
H89,LINCSCP_44025,PC3,10uM,24h,NA,-0.32249806,NA,NA,NA
NU-7441,LINCSCP_116187,HT29,10uM,24h,NA,-0.32248247,NA,NA,NA
Pimavanserin,LINCSCP_173141,YAPC,10uM,24h,4,-0.32232699,NA,NA,NA
Terfenadine,LINCSCP_272399,PC3,10uM,24h,4,-0.32203802,NA,NA,NA
SCHEMBL618594,LINCSCP_38906,MDAMB231,10uM,24h,NA,-0.32180348,NA,NA,NA
DASA-58,LINCSCP_15659,HA1E,90uM,6h,NA,-0.32121524,NA,NA,NA
SCHEMBL2394914,LINCSCP_44729,PC3,10uM,24h,NA,-0.32120795,NA,NA,NA
Dehydroepiandrosterone (DHEA),LINCSCP_173219,YAPC,10uM,24h,NA,-0.32110371,NA,NA,NA
Benzbromarone,LINCSCP_72796,A375,1.11uM,24h,4,-0.3209073,NA,NA,NA
Xylazine,LINCSCP_14556,HA1E,10uM,6h,NA,-0.32061544,NA,0.31682889,NA
"2,8-Dinitroimipramine",LINCSCP_57388,VCAP,10uM,6h,NA,-0.32021163,NA,0.22565176,NA
Masitinib,LINCSCP_108965,HELA,10uM,24h,3,-0.31979274,NA,NA,NA
Nifedipine,LINCSCP_193524,A549,10uM,6h,4,-0.31963808,NA,0.26989936,NA
PD 102807,LINCSCP_27052,HT29,10uM,6h,NA,-0.31929057,NA,NA,NA
Wiskostatin,LINCSCP_18355,HCC515,10uM,6h,NA,-0.31878549,NA,NA,NA
MLS001065837,LINCSCP_291864,VCAP,10uM,24h,NA,-0.31821965,NA,NA,NA
SCHEMBL16980224,LINCSCP_20517,HCC515,10uM,6h,NA,-0.31766087,NA,NA,NA
FK888,LINCSCP_44157,PC3,10uM,6h,NA,-0.3170958,NA,NA,NA
BRD-K63158888,LINCSCP_3721,A375,10uM,24h,NA,-0.31680926,NA,NA,NA
Metergoline Phenylmethyl Ester,LINCSCP_44671,PC3,10uM,24h,NA,-0.31664868,NA,NA,NA
BI-2536,LINCSCP_81436,A549,10uM,24h,2,-0.3158336,NA,NA,NA
Saracatinib,LINCSCP_69380,A375,10uM,24h,3,-0.31565931,NA,NA,NA
ABT737,LINCSCP_112341,HEPG2,10uM,24h,NA,-0.31552637,0.2663386,0.24514249,NA
"376348-65-1, Uk-427857, uk427857",LINCSCP_15160,HA1E,10uM,24h,NA,-0.31544712,NA,0.23632246,NA
GR-103691,LINCSCP_335,A375,10uM,24h,NA,-0.31487969,NA,NA,NA
"8-Cyclohexyl-2,3,3a,4,5,6-hexahydro-1H-pyrazino[3,2,1-jk]carbazole",LINCSCP_14991,HA1E,10uM,24h,NA,-0.31486704,NA,NA,NA
"Cis-N,N-Dimethyl-9-(3-(1-Piperazinyl)Propylidene)Thioxanthene-2-Sulfonamide",LINCSCP_5531,A549,10uM,6h,NA,-0.31463685,NA,NA,NA
GSK429286A,LINCSCP_112619,HEPG2,10uM,24h,NA,-0.31421775,NA,NA,NA
MLS002607743,LINCSCP_45749,PC3,10uM,24h,NA,-0.31376347,NA,NA,NA
Trimipramine,LINCSCP_25146,HT29,10uM,6h,4,-0.31364052,NA,NA,NA
NCGC00025073-01,LINCSCP_44205,PC3,10uM,24h,NA,-0.313582,NA,NA,-0.24253044
SA4503 (dihydrochloride),LINCSCP_80107,A375,0.04uM,24h,NA,-0.31317074,NA,NA,NA
BRD-K08251038,LINCSCP_3669,A375,10uM,24h,NA,-0.31269459,NA,NA,NA
BIX01294,LINCSCP_16282,HA1E,10uM,6h,NA,-0.31251562,NA,0.22253242,NA
BRD-K80281472,LINCSCP_60625,VCAP,5uM,24h,NA,-0.31240523,NA,0.32942638,NA
BRD-K74461819,LINCSCP_3731,A375,10uM,24h,NA,-0.31221368,NA,NA,NA
CHEMBL3185054,LINCSCP_26526,HT29,10uM,6h,NA,-0.31127683,NA,NA,NA
MK-8245,LINCSCP_71302,A375,3.33uM,24h,NA,-0.31119438,NA,NA,NA
MLS002302556,LINCSCP_221399,HEPG2,10uM,6h,NA,-0.31117787,NA,0.27804876,NA
atorvastatin,LINCSCP_56981,VCAP,10uM,24h,NA,-0.31102461,NA,NA,NA
BRD-K41335306,LINCSCP_48528,PC3,10uM,24h,NA,-0.30978468,NA,NA,-0.25416862
BRD-A43331270-001-01-6,LINCSCP_585,A375,10uM,24h,NA,-0.30958834,NA,NA,NA
TL_HRAS24,LINCSCP_26164,HT29,10uM,6h,NA,-0.30944648,NA,NA,NA
Nicergoline,LINCSCP_14942,HA1E,10uM,6h,4,-0.30920085,NA,0.20550286,NA
Fccp,LINCSCP_23354,HEPG2,3uM,24h,NA,-0.30914616,NA,0.25501481,NA
Vandetanib,LINCSCP_117199,HT29,10uM,24h,4,-0.30872985,NA,NA,-0.25789006
AK-968/11781209,LINCSCP_221479,HEPG2,3uM,24h,NA,-0.30858224,NA,0.248393,NA
BRD-K57766599,LINCSCP_304533,VCAP,5uM,24h,NA,-0.30845792,NA,0.21448191,0.25332668
Oligomycin C,LINCSCP_46146,PC3,10uM,6h,NA,-0.30841356,NA,NA,NA
BRD-K02341409,LINCSCP_60338,VCAP,5uM,24h,NA,-0.30828553,NA,NA,-0.311421
AC1OAATK,LINCSCP_211494,HA1E,10uM,6h,NA,-0.30826844,NA,0.24194248,NA
BAS 00535043,LINCSCP_26388,HT29,10uM,6h,NA,-0.30825915,NA,NA,NA
PRIMA 1,LINCSCP_40054,NCIH2073,40uM,6h,NA,-0.308054,NA,0.20177136,NA
BRD-K16172779,LINCSCP_61321,VCAP,5uM,6h,NA,-0.30701973,-0.22724541,0.30324713,0.25554524
MLS001173561,LINCSCP_14559,HA1E,10uM,6h,NA,-0.30688423,NA,NA,NA
CHEMBL2358276,LINCSCP_48588,PC3,10uM,24h,NA,-0.30658218,NA,NA,-0.21588758
Clomifene,LINCSCP_47575,PC3,10uM,24h,4,-0.30651058,NA,0.25153432,NA
SB590885,LINCSCP_116397,HT29,10uM,24h,NA,-0.30644017,NA,NA,NA
Chlorprothixene,LINCSCP_122710,HT29,10uM,24h,NA,-0.30635053,NA,NA,NA
Chlorprothixene,LINCSCP_122710,HT29,10uM,24h,NA,-0.30635053,NA,NA,NA
BRD-K95976153,LINCSCP_26452,HT29,10uM,6h,NA,-0.30568502,NA,NA,-0.2474694
BRD-K47551852,LINCSCP_28259,HT29,10uM,24h,NA,-0.30543772,NA,NA,-0.23833298
Niguldipine,LINCSCP_289728,VCAP,10uM,6h,NA,-0.30539215,NA,NA,NA
Racecadotril,LINCSCP_102600,HELA,0.37uM,24h,4,-0.30519763,NA,0.33467687,NA
NAN-190,LINCSCP_227525,HT29,10uM,6h,NA,-0.30438115,NA,NA,NA
CHEMBL2356190,LINCSCP_60377,VCAP,5uM,24h,NA,-0.30385696,NA,NA,NA
Rucaparib,LINCSCP_112492,HEPG2,3.33uM,24h,4,-0.3038434,-0.23652804,NA,NA
GF-109203,LINCSCP_53456,SKMEL28,10uM,6h,NA,-0.30384261,NA,NA,NA
Naltrindole,LINCSCP_289409,VCAP,10uM,6h,NA,-0.30381294,NA,NA,NA
BRD-K39921295,LINCSCP_193584,A549,10uM,24h,NA,-0.30360153,NA,0.27633874,NA
CID-2858522,LINCSCP_56900,VCAP,10uM,24h,NA,-0.30286237,NA,NA,NA
CHEMBL2355441,LINCSCP_228762,HT29,5uM,24h,NA,-0.30277199,NA,0.28343736,NA
MLS000106215,LINCSCP_25639,HT29,100uM,24h,NA,-0.30267437,NA,NA,-0.25663945
CTK8H3236,LINCSCP_26889,HT29,10uM,6h,NA,-0.30239243,NA,NA,NA
BCB03_000082,LINCSCP_16602,HA1E,10uM,6h,NA,-0.30136498,NA,0.26758248,NA
MLS003129716,LINCSCP_60610,VCAP,5uM,24h,NA,-0.30127083,NA,0.29298782,NA
Lovastatin,LINCSCP_43295,NPC,10uM,6h,4,-0.30028245,NA,NA,NA
Dasatinib,LINCSCP_117358,HT29,0.04uM,24h,4,-0.29978423,NA,NA,NA
Latrunculin B,LINCSCP_225861,HT29,10uM,6h,NA,-0.29921619,NA,NA,NA
XMD-1185H,LINCSCP_16760,HA1E,10uM,6h,NA,-0.29920634,NA,NA,NA
MLS000662068,LINCSCP_16776,HA1E,10uM,6h,NA,-0.29879377,NA,NA,NA
Rimcazole,LINCSCP_174407,YAPC,10uM,24h,NA,-0.29799462,NA,NA,NA
UNII-MET7ZRB8Y7,LINCSCP_290178,VCAP,10uM,24h,NA,-0.29720774,NA,NA,NA
81-78-7,LINCSCP_13209,FIBRNPC,10uM,24h,NA,-0.29701823,NA,0.24380131,NA
BRD-K86182839,LINCSCP_49038,PC3,10uM,24h,NA,-0.29641561,NA,NA,-0.24026729
WH-4-025,LINCSCP_116460,HT29,0.37uM,24h,NA,-0.29632675000000003,NA,NA,NA
ALD1-H_000967,LINCSCP_16373,HA1E,10uM,6h,NA,-0.29619481,NA,0.33297656,NA
BRD-K76938712,LINCSCP_58764,VCAP,10uM,6h,NA,-0.29611021,NA,NA,NA
5-Methylfurmethide,LINCSCP_193460,A549,10uM,6h,NA,-0.29598515,NA,0.23009228,NA
5-Nonyloxytryptamine,LINCSCP_57865,VCAP,10uM,6h,NA,-0.29588088,NA,NA,NA
BRD-K83631404,LINCSCP_48584,PC3,10uM,24h,NA,-0.29543165,NA,NA,-0.23733944
BRD-K64873832,LINCSCP_63514,VCAP,5uM,24h,NA,-0.29541068,NA,0.31806912,NA
CHEMBL2134949,LINCSCP_26412,HT29,10uM,6h,NA,-0.29521684,NA,NA,-0.23771376
YM 201636,LINCSCP_116439,HT29,10uM,24h,NA,-0.29485607,NA,NA,-0.24380621
Cediranib,LINCSCP_173250,YAPC,3.33uM,24h,3,-0.29462655,NA,NA,NA
PG 490,LINCSCP_54066,SW620,0.1uM,6h,NA,-0.29449644,NA,0.26388264,NA
Atorvastatin,LINCSCP_125980,HT29,10uM,24h,4,-0.29415412,NA,NA,NA
Amoxapine,LINCSCP_25168,HT29,10uM,6h,4,-0.29408703,NA,NA,NA
1446-61-3,LINCSCP_55824,VCAP,10uM,6h,NA,-0.29384766,NA,NA,NA
PHA-665752,LINCSCP_44423,PC3,10uM,24h,NA,-0.29380687,NA,NA,NA
PHA-665752,LINCSCP_44423,PC3,10uM,24h,NA,-0.29380687,NA,NA,NA
GSK 525762A,LINCSCP_119373,HT29,3.33uM,24h,NA,-0.29374831,NA,NA,NA
Orlistat,LINCSCP_77187,A375,1.11uM,24h,4,-0.2934709,NA,NA,NA
MLS002699921,LINCSCP_16372,HA1E,10uM,6h,NA,-0.29312579,NA,0.26844354,NA
EMD-1214063,LINCSCP_127612,HT29,10uM,24h,2,-0.29305429,NA,NA,-0.2882387
SCHEMBL6874948,LINCSCP_39037,MDAMB231,10uM,24h,NA,-0.2930431,NA,NA,NA
LRRK2-IN-1,LINCSCP_6567,A549,10uM,6h,NA,-0.29267165,NA,NA,NA
ST50591990,LINCSCP_5211,A549,10uM,6h,NA,-0.29249408,NA,0.24872087,NA
BRD-A96746500,LINCSCP_106053,HELA,10uM,24h,NA,-0.29245638,NA,0.37721057,NA
LY2228820,LINCSCP_171106,YAPC,10uM,24h,2,-0.29227245,NA,NA,NA
AEE788 (NVP-AEE788),LINCSCP_168577,YAPC,10uM,24h,2,-0.29217532,NA,NA,NA
BRD-K56865671,LINCSCP_63813,VCAP,5uM,6h,NA,-0.29201768,NA,NA,NA
BRD-K21165668,LINCSCP_211393,HA1E,10uM,6h,NA,-0.29156378,NA,0.28328091,NA
Calmidazolium,LINCSCP_26562,HT29,10uM,6h,NA,-0.29155588,NA,NA,NA
BRD-K40555995,LINCSCP_62886,VCAP,5uM,24h,NA,-0.29155156,NA,0.26915985,NA
BRD-K85236313,LINCSCP_48404,PC3,5uM,24h,NA,-0.29130121,NA,0.35090436,NA
423735-93-7,LINCSCP_13538,H1299,10uM,6h,NA,-0.29110065,NA,0.25969823,NA
STK865973,LINCSCP_221486,HEPG2,3uM,24h,NA,-0.29083794,NA,NA,NA
MLS001065839,LINCSCP_57277,VCAP,10uM,24h,NA,-0.29056228,NA,0.20894007,NA
MLS003129537,LINCSCP_298796,VCAP,5uM,24h,NA,-0.29010517,NA,0.2996914,NA
BRD-K61175124,LINCSCP_46618,PC3,10uM,6h,NA,-0.28998405,NA,NA,-0.30943954
COT-10B,LINCSCP_9569,A549,10uM,6h,NA,-0.28991305,NA,NA,NA
Methixene,LINCSCP_167198,YAPC,10uM,24h,4,-0.28979284,NA,NA,NA
Aminosalicylic acid,LINCSCP_125130,HT29,1.11uM,24h,4,-0.28972981,NA,NA,NA
ACEXAMIC ACID,LINCSCP_160463,PC3,0.37uM,24h,NA,-0.28957038,NA,0.24029331,NA
AC480 (BMS-599626),LINCSCP_156534,PC3,10uM,24h,1,-0.28936203,NA,NA,NA
Cabozantinib,LINCSCP_171734,YAPC,10uM,24h,4,-0.28930918,NA,NA,NA
Probenecid,LINCSCP_127835,HT29,3.33uM,24h,4,-0.28914318,NA,0.29195294,NA
Haloperidol,LINCSCP_172346,YAPC,10uM,24h,4,-0.28856327,NA,NA,-0.2029464
Terconazole,LINCSCP_226993,HT29,10uM,6h,4,-0.28843674,NA,NA,NA
BRD-K59488055,LINCSCP_2042,A375,10uM,6h,NA,-0.28812222,NA,NA,NA
BRD-K92036763,LINCSCP_62187,VCAP,5uM,24h,NA,-0.28809334,NA,0.32744215,NA
BRD-K11264391,LINCSCP_253865,MCF7,10uM,24h,NA,-0.28791413,NA,NA,NA
GR-127935,LINCSCP_55788,VCAP,10uM,6h,NA,-0.28790527,NA,NA,NA
BRD-K02549628,LINCSCP_48717,PC3,10uM,24h,NA,-0.28786472,NA,0.2019288,NA
Dovitinib,LINCSCP_51910,SKBR3,0.1uM,24h,3,-0.28782818,NA,0.3568369,NA
Amuvatinib,LINCSCP_116862,HT29,3.33uM,24h,2,-0.28769962,NA,0.33932345,NA
Resveratrol,LINCSCP_150138,NPC.TAK,0.37uM,24h,NA,-0.28764045,NA,NA,NA
CHEMBL2355935,LINCSCP_3531,A375,10uM,24h,NA,-0.28752194,NA,NA,NA
Chlorpromazine,LINCSCP_175418,YAPC,10uM,24h,4,-0.28734846000000003,NA,0.24739163,NA
BRD-K66975912,LINCSCP_60409,VCAP,5uM,24h,NA,-0.28656593,NA,0.23278782,NA
FGIN1-27,LINCSCP_50928,RMGI,10uM,6h,NA,-0.28654208,NA,NA,NA
NU1025,LINCSCP_722,A375,10uM,24h,NA,-0.28647234,NA,0.32108265,NA
Fluoxetine,LINCSCP_167030,YAPC,10uM,24h,4,-0.28627887,NA,NA,NA
Sufentanil,LINCSCP_103099,HELA,10uM,24h,4,-0.28592014,NA,NA,NA
COT Inhibitor-2,LINCSCP_117025,HT29,10uM,24h,NA,-0.28580749,NA,NA,NA
BRD-K88449712,LINCSCP_63046,VCAP,5uM,24h,NA,-0.28561193,NA,0.29227893,NA
MLS003129344,LINCSCP_60705,VCAP,5uM,6h,NA,-0.28510776,NA,NA,NA
Triamterene,LINCSCP_56308,VCAP,10uM,24h,4,-0.28488042,NA,0.22752065,0.20608777
Zolantidine,LINCSCP_27070,HT29,10uM,6h,NA,-0.28487826,NA,NA,NA
Bifemelane,LINCSCP_192203,A549,10uM,24h,NA,-0.28485218,NA,NA,NA
4-Hydroxytamoxifen,LINCSCP_15025,HA1E,10uM,24h,NA,-0.2845295,NA,NA,NA
U0126,LINCSCP_7713,A549,10uM,6h,NA,-0.28439178,NA,0.21905841,NA
W13,LINCSCP_14261,HA1E,10uM,6h,NA,-0.28395936,NA,NA,NA
"L 741,742",LINCSCP_284,A375,10uM,24h,NA,-0.28375367,NA,NA,NA
Triacsin C,LINCSCP_291658,VCAP,10uM,24h,NA,-0.28361679,NA,0.28125521,NA
BRD-K84702181,LINCSCP_61086,VCAP,5uM,24h,NA,-0.28349602,NA,0.28848938,NA
BRD-K08121566,LINCSCP_309976,VCAP,10uM,24h,NA,-0.28348716,NA,NA,NA
Troglitazone,LINCSCP_68817,VCAP,10uM,24h,4,-0.28346717,NA,NA,NA
BRD-A24396574-001-01-5,LINCSCP_36848,MCF7,0.5uM,6h,NA,-0.28343775,NA,NA,NA
MLS003568130,LINCSCP_1384,A375,10uM,24h,NA,-0.28342669,NA,NA,NA
Fedratinib,LINCSCP_81250,A549,10uM,24h,3,-0.28324923,NA,NA,NA
Caffeic Acid Phenethyl Ester,LINCSCP_23751,HEPG2,5uM,6h,NA,-0.28318638,NA,0.22461047,NA
Genistein,LINCSCP_13188,FIBRNPC,10uM,24h,NA,-0.28315545,NA,0.30099859,NA
Pitavastatin Calcium,LINCSCP_125478,HT29,1.11uM,24h,4,-0.28307652,NA,NA,NA
BRD-K13559922,LINCSCP_3674,A375,10uM,24h,NA,-0.28303918,NA,NA,NA
Homochlorcyclizine,LINCSCP_167582,YAPC,10uM,24h,NA,-0.28295614,NA,NA,NA
BRD-K42543304,LINCSCP_272273,PC3,10uM,6h,NA,-0.28173305,NA,NA,NA
"(8Xi,11beta,14xi,16beta)-21-Chloro-9-fluoro-11-hydroxy-16-methyl-3,20-dioxopregna-1,4-dien-17-yl propanoate",LINCSCP_117994,HT29,3.33uM,24h,NA,-0.28110378,NA,NA,NA
BRD-K39597586,LINCSCP_277892,PC3,10uM,24h,NA,-0.28071871,NA,NA,-0.24885286
Cytochalasin B,LINCSCP_29128,JHUEM2,10uM,6h,NA,-0.28068114,NA,0.21605088,NA
Cytochalasin B,LINCSCP_29128,JHUEM2,10uM,6h,NA,-0.28068114,NA,0.21605088,NA
Cytochalasin B,LINCSCP_29128,JHUEM2,10uM,6h,NA,-0.28068114,NA,0.21605088,NA
Cytochalasin B,LINCSCP_29128,JHUEM2,10uM,6h,NA,-0.28068114,NA,0.21605088,NA
GSK-1070916,LINCSCP_26640,HT29,10uM,6h,1,-0.28056468,NA,NA,NA
CHEMBL1673039,LINCSCP_235321,MCF10A,1uM,24h,NA,-0.28054103,NA,NA,NA
BRD-K93330237,LINCSCP_27627,HT29,5uM,24h,NA,-0.28046142,NA,NA,NA
ML9,LINCSCP_4406,A549,10uM,6h,NA,-0.28045369,NA,NA,NA
Rosuvastatin,LINCSCP_125272,HT29,10uM,24h,4,-0.27995362,NA,NA,NA
MLS003448143,LINCSCP_26065,HT29,10uM,6h,NA,-0.27971077,NA,NA,NA
BRD-K78122632,LINCSCP_61649,VCAP,5uM,24h,NA,-0.27944104,NA,0.30973661,NA
Amylocaine,LINCSCP_56610,VCAP,10uM,24h,NA,-0.27929572,NA,0.27035936,NA
EVP-6124 (hydrochloride),LINCSCP_174473,YAPC,10uM,24h,3,-0.27928643,NA,NA,NA
Varlitinib,LINCSCP_158523,PC3,10uM,24h,2,-0.27922582,NA,NA,NA
AC1O9I2Y,LINCSCP_46636,PC3,10uM,6h,NA,-0.27846665,NA,NA,NA
SPBIO_000926,LINCSCP_55987,VCAP,10uM,24h,NA,-0.27826831,-0.21884139,0.27644827,NA
Olaparib,LINCSCP_112958,HEPG2,1.11uM,24h,4,-0.27748818,NA,NA,NA
BRD-K64523453,LINCSCP_41062,NEU,10uM,24h,NA,-0.2772998,NA,NA,NA
BRD-K98004941,LINCSCP_26455,HT29,10uM,6h,NA,-0.27689648,NA,NA,NA
BRD-K06816133,LINCSCP_48486,PC3,10uM,24h,NA,-0.27686714,NA,NA,NA
Patupilone,LINCSCP_32051,MCF7,10uM,6h,3,-0.27658557,NA,0.22131465,NA
BRD-K63423329,LINCSCP_3722,A375,10uM,24h,NA,-0.27650819,NA,NA,NA
Risperidone,LINCSCP_211219,HA1E,10uM,6h,4,-0.27634629,NA,NA,NA
BRD-K54211867,LINCSCP_48414,PC3,5uM,24h,NA,-0.27598666,NA,0.30263951,NA
L-733060,LINCSCP_55640,VCAP,10uM,24h,NA,-0.2759842,NA,0.20686849,NA
VU0418000-1,LINCSCP_57731,VCAP,10uM,6h,NA,-0.27584577,NA,NA,NA
CHEMBL2355585,LINCSCP_8733,A549,5uM,24h,NA,-0.27548582,NA,NA,NA
BRD-K16980601,LINCSCP_63209,VCAP,5uM,24h,NA,-0.27429302,NA,0.23358237,NA
BRD-K07105437,LINCSCP_8693,A549,5uM,24h,NA,-0.27417071,NA,0.27810016,NA
Selumetinib,LINCSCP_11986,BT20,10uM,6h,3,-0.27400893,NA,NA,NA
CHEMBL2361021,LINCSCP_3690,A375,10uM,24h,NA,-0.2737786,NA,NA,NA
SA-84512,LINCSCP_23178,HEPG2,10uM,6h,NA,-0.27341625,NA,0.27446664,NA
BRD-K76512739,LINCSCP_310179,VCAP,10uM,6h,NA,-0.27337453,NA,NA,NA
BRD-K22836524,LINCSCP_65940,VCAP,10uM,24h,NA,-0.27337282,NA,NA,NA
BRD-K49098390,LINCSCP_48980,PC3,10uM,24h,NA,-0.27336774,NA,NA,NA
Bepridil,LINCSCP_214839,HCC515,10uM,6h,4,-0.27330042,NA,NA,NA
Diltiazem,LINCSCP_16953,HA1E,10uM,6h,4,-0.27301614,NA,0.34934554,NA
Benoxinate,LINCSCP_289219,VCAP,10uM,24h,4,-0.27289439,NA,NA,NA
SR-02000000238,LINCSCP_45950,PC3,10uM,24h,NA,-0.27281493,NA,NA,-0.23277087
BRD-K60996261,LINCSCP_47417,PC3,10uM,6h,NA,-0.27276058,NA,NA,NA
Cyclosporine,LINCSCP_583,A375,10uM,24h,NA,-0.27268048,NA,0.29269553,NA
Cyclosporine,LINCSCP_583,A375,10uM,24h,4,-0.27268048,NA,0.29269553,NA
BRD-K81514393,LINCSCP_47431,PC3,10uM,6h,NA,-0.27261408,NA,NA,-0.27452499
Thioproperazine,LINCSCP_47486,PC3,10uM,24h,NA,-0.27223038,NA,NA,-0.2175604
GW 405833,LINCSCP_654,A375,40uM,24h,NA,-0.27213927,NA,NA,NA
CHEMBL179288,LINCSCP_27143,HT29,10uM,6h,NA,-0.27193422,0.2419624,NA,-0.39112621
BRD-K45714982,LINCSCP_300735,VCAP,5uM,24h,NA,-0.27188316,NA,0.2911527,NA
BRD-A68202111,LINCSCP_173639,YAPC,10uM,24h,NA,-0.2717559,NA,0.24749112,NA
MLS003126519,LINCSCP_292419,VCAP,10uM,24h,NA,-0.27165824,NA,NA,NA
Ethopropazine,LINCSCP_172,A375,10uM,24h,4,-0.27143924,NA,NA,NA
BRD-K91922990,LINCSCP_61094,VCAP,5uM,24h,NA,-0.27117922,NA,0.25354556,NA
wiskostatin,LINCSCP_95208,HA1E,0.12uM,24h,NA,-0.27115225,NA,0.24317608,NA
CGP71683A,LINCSCP_2602,A375,10uM,6h,NA,-0.27114572,NA,NA,NA
SUGA2_000482,LINCSCP_58344,VCAP,10uM,24h,NA,-0.27112396,NA,NA,NA
T5820451,LINCSCP_22180,HEPG2,10uM,6h,NA,-0.27105045,NA,0.23527612,NA
MLS003587251,LINCSCP_23209,HEPG2,10uM,6h,NA,-0.27104816,NA,0.25949618,NA
"6-(7-Hydroxy-6,7-dihydro-5H-pyrrolo[1,2-c]imidazol-7-yl)-n-methyl-2-naphthamide",LINCSCP_52939,SKLU1,40uM,6h,NA,-0.27090709,NA,NA,NA
NSC409663,LINCSCP_204,A375,10uM,24h,NA,-0.27037058,NA,NA,NA
NNC 26-9100,LINCSCP_44359,PC3,10uM,24h,NA,-0.27016798,NA,NA,NA
Entinostat,LINCSCP_108685,HELA,1.11uM,24h,3,-0.27013327,NA,NA,NA
CX-5461,LINCSCP_146924,NEU,0.37uM,24h,NA,-0.27005263,NA,NA,NA
Ipsapirone,LINCSCP_291522,VCAP,10uM,6h,NA,-0.269348,NA,NA,NA
SB-202190,LINCSCP_7179,A549,10uM,6h,NA,-0.26903806,-0.23421074,0.23723724,NA
BRD-K14952621,LINCSCP_61947,VCAP,5uM,24h,NA,-0.26895196,NA,0.24600464,NA
Citalopram,LINCSCP_292715,VCAP,10uM,24h,4,-0.26821365,NA,0.25638006,NA
Reserpine,LINCSCP_2656,A375,10uM,6h,4,-0.26806631,NA,NA,NA
CHEMBL2136821,LINCSCP_59667,VCAP,5uM,24h,NA,-0.26795657,NA,0.24682907,NA
Dorsomorphin,LINCSCP_53470,SKMEL28,10uM,6h,NA,-0.26717793,NA,NA,NA
Dronedarone HCl,LINCSCP_170029,YAPC,3.33uM,24h,4,-0.26696275,NA,0.21228165,NA
BRD-K61529775,LINCSCP_26417,HT29,10uM,6h,NA,-0.26682852,NA,NA,NA
BRD-K73008154,LINCSCP_259060,NEU,10uM,24h,NA,-0.2668181,NA,0.32826096,NA
BRD-K39738296,LINCSCP_61229,VCAP,5uM,24h,NA,-0.26647749,NA,0.20949629,NA
AT 7867,LINCSCP_112240,HEPG2,0.04uM,24h,NA,-0.26637357,0.22515546,0.27260704,NA
CLIMBAZOLE,LINCSCP_170980,YAPC,10uM,24h,NA,-0.2663721,NA,NA,NA
WZ-4-145,LINCSCP_59142,VCAP,10uM,6h,NA,-0.26633895,0.20659708,NA,NA
RS-17053,LINCSCP_55836,VCAP,10uM,6h,NA,-0.26629064,NA,NA,NA
BRD-K54980807,LINCSCP_62160,VCAP,5uM,24h,NA,-0.26623679,NA,NA,NA
Elacridar,LINCSCP_169104,YAPC,10uM,24h,NA,-0.26585875,NA,NA,NA
BRD-K54916924,LINCSCP_48118,PC3,5uM,24h,NA,-0.26579253,NA,0.20844037,NA
BRD-A94793051-001-01-0,LINCSCP_34190,MCF7,10uM,6h,NA,-0.26568431,NA,0.29463041,NA
Erastin,LINCSCP_53973,SW480,5uM,6h,NA,-0.26557812,NA,0.2451541,NA
ST019366,LINCSCP_294957,VCAP,10uM,6h,NA,-0.26554398,NA,NA,NA
CHEMBL3084797,LINCSCP_223697,HT29,10uM,6h,NA,-0.26550233,NA,NA,NA
PF-04217903,LINCSCP_51903,SKBR3,0.1uM,24h,1,-0.26540373,NA,0.27499579,NA
BRD-K16434151-001-01-3,LINCSCP_63347,VCAP,5uM,24h,NA,-0.26528205,NA,NA,NA
BRD-K65160467,LINCSCP_59903,VCAP,5uM,24h,NA,-0.26516557,NA,0.2400599,NA
BRD-K29423519,LINCSCP_59749,VCAP,5uM,6h,NA,-0.26516198,NA,0.20495558,NA
Tegaserod,LINCSCP_58249,VCAP,10uM,6h,4,-0.26479768,NA,NA,NA
Mestranol,LINCSCP_211168,HA1E,10uM,6h,4,-0.26479078,NA,NA,NA
Sertindole,LINCSCP_174311,YAPC,10uM,24h,4,-0.26471629,NA,NA,NA
ENMD-2076,LINCSCP_174107,YAPC,10uM,24h,2,-0.26467208,NA,NA,NA
BRD-K23985857,LINCSCP_42969,NPC,10uM,24h,NA,-0.26466663,NA,NA,NA
BRD-K29639729,LINCSCP_59750,VCAP,5uM,6h,NA,-0.26437015,NA,0.33659516,NA
BRD-K29064493-001-01-0,LINCSCP_43313,NPC,10uM,6h,NA,-0.26424788,NA,NA,-0.3580613
Cyproheptadine,LINCSCP_101296,HELA,0.04uM,24h,4,-0.26404156,-0.22109553,0.27432062,NA
GSK-3 Inhibitor II,LINCSCP_69960,A375,10uM,24h,NA,-0.26390365,NA,NA,NA
BRD-K11624501,LINCSCP_48917,PC3,10uM,24h,NA,-0.26362674,NA,NA,-0.22811271
Sepantronium,LINCSCP_21754,HEPG2,0.5uM,6h,2,-0.26328563,NA,0.21570213,NA
Rhodomyrtoxin,LINCSCP_56661,VCAP,10uM,24h,NA,-0.26328263,NA,NA,NA
Prochlorperazine,LINCSCP_30197,MCF7,10uM,6h,4,-0.26322179,NA,0.21940275,NA
CEP-37440,LINCSCP_109347,HELA,10uM,24h,NA,-0.26298041,NA,NA,NA
GW843682X,LINCSCP_36727,MCF7,0.1uM,6h,NA,-0.26294384,NA,NA,NA
BRD-K46499837,LINCSCP_27318,HT29,10uM,6h,NA,-0.26283418,NA,NA,NA
Ponatinib,LINCSCP_251767,MCF7,0.5uM,24h,4,-0.26278914,NA,0.23066693,NA
Sphingosine,LINCSCP_2397,A375,10uM,6h,NA,-0.26278574,NA,NA,NA
SMR000217164,LINCSCP_57392,VCAP,10uM,6h,NA,-0.26273382,NA,NA,NA
AS601245,LINCSCP_115418,HS578T,1.11uM,3h,NA,-0.26269852,NA,NA,NA
BRD-K00429057,LINCSCP_271661,PC3,10uM,6h,NA,-0.26253572,NA,NA,NA
MLS003129547,LINCSCP_60550,VCAP,5uM,24h,NA,-0.26248053,NA,0.2506672,NA
PD-0325901,LINCSCP_147337,NEU,0.37uM,24h,2,-0.2624698,NA,NA,NA
MLS003128966,LINCSCP_60058,VCAP,5uM,24h,NA,-0.26245473,NA,0.21667354,NA
Ispinesib,LINCSCP_58753,VCAP,10uM,6h,NA,-0.26242167,NA,NA,NA
MLS003221407,LINCSCP_57724,VCAP,10uM,6h,NA,-0.26241035,NA,NA,NA
4-Hydroxy-retinoic acid,LINCSCP_13297,FIBRNPC,10uM,6h,NA,-0.26232928,NA,0.234532,NA
Gefitinib,LINCSCP_191485,A549,10uM,24h,4,-0.26221327,NA,0.25802918,NA
Nomegestrol Acetate,LINCSCP_55959,VCAP,10uM,24h,3,-0.26211752,NA,0.23749772,NA
Volasertib (BI 6727),LINCSCP_109185,HELA,10uM,24h,NA,-0.26175768,NA,NA,NA
Aminogenistein,LINCSCP_55621,VCAP,10uM,24h,NA,-0.26146115,NA,0.2232863,NA
CHEMBL2355469,LINCSCP_60386,VCAP,5uM,24h,NA,-0.26143365,NA,NA,-0.20570647
Moexipril,LINCSCP_11432,ASC,10uM,24h,4,-0.26130004,NA,0.24394398,NA
Quinacrine,LINCSCP_56781,VCAP,10uM,24h,2,-0.26129549,NA,0.22327709,NA
Metitepine,LINCSCP_47444,PC3,10uM,24h,NA,-0.26125845,NA,NA,NA
BRD-K41429297,LINCSCP_26403,HT29,10uM,6h,NA,-0.26118929,NA,NA,NA
AC1NSZSY,LINCSCP_140950,MCF7,0.04uM,24h,NA,-0.26113086,NA,NA,NA
ST50998727,LINCSCP_16297,HA1E,10uM,6h,NA,-0.26103523,NA,0.23697685,NA
BRD-K96989541,LINCSCP_61389,VCAP,5uM,6h,NA,-0.26097628,NA,NA,NA
BRD-K52981369,LINCSCP_63098,VCAP,5uM,24h,NA,-0.260902,NA,NA,NA
Norlichexanthone,LINCSCP_58432,VCAP,10uM,24h,NA,-0.26022266,NA,0.27877049,NA
BRD-K57321627,LINCSCP_59894,VCAP,5uM,24h,NA,-0.26017694,NA,NA,NA
Netupitant,LINCSCP_162734,PC3,10uM,24h,4,-0.25975005,NA,NA,NA
CCG-208102,LINCSCP_13256,FIBRNPC,10uM,24h,NA,-0.25962285,NA,NA,NA
CEPHARANTHINE,LINCSCP_126628,HT29,10uM,24h,NA,-0.25956691,NA,NA,-0.25198211
BRD-K43605845,LINCSCP_297165,VCAP,5uM,6h,NA,-0.25939191,NA,NA,NA
SA-1922111,LINCSCP_260938,NKDBA,1uM,24h,NA,-0.25906484,NA,NA,NA
AC1O9B1U,LINCSCP_6031,A549,10uM,6h,NA,-0.25900665,NA,0.21953346,NA
Dihydroegotamine,LINCSCP_56640,VCAP,10uM,24h,NA,-0.2588918,NA,NA,NA
"2-(4-(4-Chloro-1,2-diphenylbut-1-en-1-yl)phenoxy)-n,n-dimethylethanamine",LINCSCP_280498,PC3,10uM,24h,NA,-0.25889128,NA,NA,-0.2124753
DMP 777,LINCSCP_171942,YAPC,10uM,24h,NA,-0.25876731,NA,NA,NA
KUC104545N,LINCSCP_57654,VCAP,10uM,6h,NA,-0.25875423,NA,NA,NA
TAK-715,LINCSCP_51648,SKBR3,1uM,6h,2,-0.25862869,NA,NA,NA
BRD-K42056004,LINCSCP_59765,VCAP,5uM,6h,NA,-0.25859288,NA,0.2496652,NA
CCG-207980,LINCSCP_13122,FIBRNPC,10uM,24h,NA,-0.25827024,NA,NA,NA
THZ-2-98-01,LINCSCP_29521,MCF10A,0.5uM,24h,NA,-0.25808968,NA,0.20803769,NA
THZ-2-98-01,LINCSCP_29521,MCF10A,0.5uM,24h,NA,-0.25808968,NA,0.20803769,NA
THZ-2-98-01,LINCSCP_29521,MCF10A,0.5uM,24h,NA,-0.25808968,NA,0.20803769,NA
THZ-2-98-01,LINCSCP_29521,MCF10A,0.5uM,24h,NA,-0.25808968,NA,0.20803769,NA
THZ-2-98-01,LINCSCP_29521,MCF10A,0.5uM,24h,NA,-0.25808968,NA,0.20803769,NA
THZ-2-98-01,LINCSCP_29521,MCF10A,0.5uM,24h,NA,-0.25808968,NA,0.20803769,NA
THZ-2-98-01,LINCSCP_29521,MCF10A,0.5uM,24h,NA,-0.25808968,NA,0.20803769,NA
THZ-2-98-01,LINCSCP_29521,MCF10A,0.5uM,24h,NA,-0.25808968,NA,0.20803769,NA
THZ-2-98-01,LINCSCP_29521,MCF10A,0.5uM,24h,NA,-0.25808968,NA,0.20803769,NA
GR-144053,LINCSCP_55633,VCAP,10uM,24h,NA,-0.25794925,NA,0.24760049,NA
AZD7545,LINCSCP_15339,HA1E,20uM,24h,NA,-0.25787232,NA,NA,NA
AZD7545,LINCSCP_15339,HA1E,20uM,24h,NA,-0.25787232,NA,NA,NA
Kolestevan,LINCSCP_56655,VCAP,10uM,24h,NA,-0.25770654,NA,NA,NA
CHEMBL2136735,LINCSCP_69464,A375,10uM,24h,NA,-0.25750379,NA,NA,NA
MLS000038106,LINCSCP_35848,MCF7,10uM,6h,NA,-0.25733306,NA,NA,NA
CHEMBL212197,LINCSCP_56213,VCAP,10uM,24h,NA,-0.25713433,NA,0.20624391,NA
BRD-A26787626-001-02-9,LINCSCP_180,A375,10uM,24h,NA,-0.25706906,NA,0.22671064,NA
"2-Phenyl-n-[4-(1,3-thiazol-2-ylsulfamoyl)phenyl]quinoline-4-carboxamide",LINCSCP_5207,A549,10uM,6h,NA,-0.2567077,NA,0.25647351,NA
CID 46937243,LINCSCP_1644,A375,10uM,6h,NA,-0.2566833,NA,0.33547381,NA
BRD-K81218586,LINCSCP_48136,PC3,5uM,24h,NA,-0.25650586,NA,0.21885352,NA
BRD-K14958998,LINCSCP_60845,VCAP,5uM,24h,NA,-0.25629788,NA,NA,NA
BRD-U86222656,LINCSCP_26318,HT29,10uM,6h,NA,-0.25628231,0.21919506,NA,-0.334156
Pinacidil,LINCSCP_75617,A375,0.37uM,24h,4,-0.25623002,NA,NA,NA
Clofibric acid,LINCSCP_108328,HELA,0.04uM,24h,NA,-0.25616598,NA,0.20524835,NA
Simvastatin,LINCSCP_102465,HELA,10uM,24h,4,-0.25612263,NA,NA,NA
JW 55,LINCSCP_84543,ASC,3.33uM,24h,NA,-0.25610741,NA,0.23499341,NA
Altanserin,LINCSCP_227385,HT29,10uM,6h,NA,-0.25607093,NA,NA,NA
LY-294002,LINCSCP_67507,MCF7,3uM,24h,NA,-0.25588976,NA,NA,NA
BRD-K46769156,LINCSCP_297175,VCAP,5uM,6h,NA,-0.25561181,NA,NA,NA
Iodophenpropit,LINCSCP_56165,VCAP,10uM,6h,NA,-0.25543959,NA,NA,NA
AZD4547,LINCSCP_169212,YAPC,10uM,24h,NA,-0.25532624,NA,NA,NA
Lidoflazine,LINCSCP_209001,HA1E,10uM,6h,4,-0.25530719,NA,NA,NA
SCHEMBL5945809,LINCSCP_27083,HT29,10uM,6h,NA,-0.2552769,NA,NA,NA
BRD-K28397270,LINCSCP_60112,VCAP,5uM,6h,NA,-0.25512091,NA,NA,NA
SCHEMBL6668531,LINCSCP_13875,HA1E,10uM,6h,NA,-0.25495839,NA,NA,NA
MLS003129672,LINCSCP_60801,VCAP,5uM,24h,NA,-0.25465558,-0.20867163,NA,NA
Oxethazaine,LINCSCP_47539,PC3,10uM,24h,3,-0.25459781,NA,NA,NA
HG-14-10-04,LINCSCP_133510,MCF7,1.11uM,24h,NA,-0.25444725,NA,NA,NA
BRD-K19189705,LINCSCP_59467,VCAP,10uM,24h,NA,-0.25421809,NA,0.30892193,NA
CHEMBL1474387,LINCSCP_1310,A375,10uM,6h,NA,-0.25417867,NA,NA,NA
Rabusertib,LINCSCP_117561,HT29,0.12uM,24h,2,-0.25408446,NA,0.34950632,NA
BRD-K60056908,LINCSCP_60216,VCAP,5uM,24h,NA,-0.25397063,NA,0.23375285,NA
MLS003130220,LINCSCP_298863,VCAP,5uM,6h,NA,-0.25389575,NA,NA,NA
PF431396,LINCSCP_29923,MCF10A,1uM,24h,NA,-0.25381506,NA,0.28700044,NA
BRD-K92209998,LINCSCP_61384,VCAP,5uM,6h,NA,-0.25378472,NA,NA,-0.2303654
Ursolic acid,LINCSCP_56921,VCAP,70uM,24h,NA,-0.2537276,NA,NA,NA
BRD-K90281509,LINCSCP_200845,A549,10uM,24h,NA,-0.25369502,NA,NA,NA
BRD-K38803221,LINCSCP_48965,PC3,10uM,24h,NA,-0.25363291,NA,NA,NA
MLS002607737,LINCSCP_26199,HT29,10uM,6h,NA,-0.2532874,NA,NA,NA
TAK-285,LINCSCP_159902,PC3,10uM,24h,1,-0.2531303,NA,NA,NA
BMS-754807,LINCSCP_13476,H1299,10uM,6h,2,-0.25304791,NA,NA,NA
AC1LUIBL,LINCSCP_22622,HEPG2,10uM,6h,NA,-0.25299974,NA,0.28922391,NA
ZINC21985599,LINCSCP_43293,NPC,10uM,6h,NA,-0.2529356,NA,NA,NA
BRD-K88652561,LINCSCP_62186,VCAP,5uM,24h,NA,-0.25292529,NA,0.22066511,NA
SB225002,LINCSCP_224177,HT29,10uM,6h,NA,-0.25286943,NA,NA,NA
LM-1685,LINCSCP_226013,HT29,10uM,6h,NA,-0.25283296,NA,NA,NA
BRD-K42466986,LINCSCP_298966,VCAP,5uM,6h,NA,-0.25275761,NA,NA,NA
Amlodipine,LINCSCP_14813,HA1E,10uM,6h,4,-0.2526496,NA,NA,NA
BRD-K50887310,LINCSCP_183936,A375,5uM,24h,NA,-0.25242775,NA,0.32407521,NA
AZ628,LINCSCP_11891,BT20,10uM,6h,NA,-0.25241041,NA,NA,0.2871699
ML 3163,LINCSCP_13960,HA1E,10uM,6h,NA,-0.25234464,NA,NA,NA
NCGC00010694,LINCSCP_26297,HT29,10uM,6h,NA,-0.25218109,NA,NA,NA
CHEMBL1270915,LINCSCP_57890,VCAP,10uM,6h,NA,-0.25215709,NA,NA,NA
BRD-K38841486,LINCSCP_279291,PC3,10uM,24h,NA,-0.25207139,-0.29514072,NA,0.21908015
Eplerenone,LINCSCP_72908,A375,0.37uM,24h,4,-0.25198465,NA,0.30507672,NA
BRD-K84567604,LINCSCP_62937,VCAP,5uM,24h,NA,-0.25190837,NA,0.26256987,NA
BRD-K74260403,LINCSCP_61279,VCAP,5uM,24h,NA,-0.25167027,NA,0.23493558,NA
BRD-K16950565,LINCSCP_8228,A549,5uM,24h,NA,-0.25098029,NA,0.25775036,NA
SMR000127896,LINCSCP_23195,HEPG2,10uM,6h,NA,-0.25097618,NA,NA,NA
BRD-K80169513,LINCSCP_48579,PC3,10uM,24h,NA,-0.25078013,NA,NA,NA
Rilpivirine,LINCSCP_156469,PC3,3.33uM,24h,4,-0.2500642,NA,NA,NA
VX-702,LINCSCP_52352,SKB,10uM,24h,2,-0.2499192,NA,NA,NA
BRD-K21363211,LINCSCP_60741,VCAP,5uM,24h,NA,-0.2498382,NA,0.31582142,NA
BRD4770,LINCSCP_58402,VCAP,10uM,24h,NA,-0.24982045,NA,NA,NA
ML7,LINCSCP_7536,A549,10uM,6h,NA,-0.24973625,NA,NA,NA
Lithocholic acid,LINCSCP_260093,NEU,10uM,6h,NA,-0.24967274,NA,0.24557793,NA
Gaboxadol,LINCSCP_137217,MCF7,0.37uM,24h,3,-0.24934544,NA,NA,NA
R428,LINCSCP_169800,YAPC,10uM,24h,NA,-0.24927286,NA,NA,NA
BRD-K65633533,LINCSCP_198793,A549,5uM,24h,NA,-0.24906281,NA,0.27843455,NA
BRD-K32628102,LINCSCP_279452,PC3,10uM,6h,NA,-0.24899343,NA,NA,NA
BRD-K71894218,LINCSCP_48820,PC3,10uM,24h,NA,-0.24889439,NA,NA,-0.24320154
PK04PUR_000067,LINCSCP_26466,HT29,10uM,6h,NA,-0.24882791,NA,NA,NA
C26H38O6,LINCSCP_59540,VCAP,10uM,6h,NA,-0.2487661,NA,NA,NA
BRD-K07591847,LINCSCP_64060,VCAP,5uM,6h,NA,-0.24865118,NA,0.24747293,NA
BRD-K00188019,LINCSCP_64346,VCAP,5uM,6h,NA,-0.24862783,NA,NA,NA
PCI-32765,LINCSCP_83127,ASC.C,0.04uM,24h,NA,-0.24856614,NA,0.30675086,NA
PNU-99194A,LINCSCP_220772,HEPG2,10uM,6h,NA,-0.24839691,NA,NA,NA
CHEMBL1982812,LINCSCP_16807,HA1E,10uM,6h,NA,-0.24832892,NA,0.32042861,NA
HMS2093P09,LINCSCP_56469,VCAP,10uM,6h,NA,-0.24828351,NA,NA,NA
PF 543,LINCSCP_28671,HT29,10uM,24h,NA,-0.24824001,NA,NA,NA
Nisoxetine,LINCSCP_80845,A375,1.11uM,24h,NA,-0.24808509,NA,NA,NA
BRD-A82197375,LINCSCP_169416,YAPC,10uM,24h,NA,-0.24804521,NA,0.20453024,NA
Lomerizine,LINCSCP_172169,YAPC,10uM,24h,NA,-0.24797933,NA,NA,NA
CHEMBL3183439,LINCSCP_16789,HA1E,10uM,6h,NA,-0.24795116,NA,0.20027194,NA
Phenacetin,LINCSCP_30208,MCF7,10uM,6h,4,-0.24792272,NA,NA,NA
PI-103,LINCSCP_103620,HELA,10uM,24h,NA,-0.2477785,NA,NA,NA
F1394-0084,LINCSCP_16337,HA1E,10uM,6h,NA,-0.24777519,NA,0.30936116,NA
MLS003129666,LINCSCP_60567,VCAP,5uM,24h,NA,-0.24736046,NA,0.22089624,NA
869288-64-2,LINCSCP_147235,NEU,0.37uM,24h,NA,-0.24728502,NA,NA,NA
"Temsirolimus (CCI-779, NSC 683864)",LINCSCP_154880,PC3,0.37uM,24h,NA,-0.24717429,NA,NA,NA
BRD-K62265198,LINCSCP_306620,VCAP,5uM,6h,NA,-0.24685621,NA,NA,-0.21605718
Salmeterol,LINCSCP_237991,MCF7,10uM,6h,4,-0.24669682,NA,NA,NA
CHEMBL3182146,LINCSCP_178209,A375,10uM,6h,NA,-0.24660347,NA,0.2697928,NA
Protriptyline,LINCSCP_157259,PC3,10uM,24h,4,-0.24656396,NA,NA,NA
CHEMBL2139002,LINCSCP_193799,A549,10uM,6h,NA,-0.24647114,NA,NA,NA
BRD-K84447176,LINCSCP_60244,VCAP,5uM,24h,NA,-0.24641548,NA,NA,-0.21142612
N9-Isopropylolomoucine,LINCSCP_39798,MDST8,100uM,6h,NA,-0.24626035,NA,0.22295805,NA
WHI-P97,LINCSCP_117900,HT29,0.37uM,24h,NA,-0.24615112,NA,0.29531376,NA
SMR000651464,LINCSCP_22037,HEPG2,10uM,6h,NA,-0.24593131,NA,NA,NA
Y-39983,LINCSCP_131814,MCF10A,10uM,3h,1,-0.24588834,NA,NA,NA
ZM-241385,LINCSCP_44298,PC3,10uM,6h,NA,-0.24549211,NA,NA,NA
CHEMBL3188661,LINCSCP_152216,PC3,3.33uM,24h,NA,-0.24514635,-0.23086635,-0.22422355,NA
BRD-K31067719-001-01-7,LINCSCP_61216,VCAP,5uM,24h,NA,-0.24492073,NA,0.20416865,NA
CHEMBL2358148,LINCSCP_60393,VCAP,5uM,24h,NA,-0.24480539,NA,NA,NA
LFM-A12,LINCSCP_289180,VCAP,10uM,24h,NA,-0.24472568,NA,NA,NA
Targinine,LINCSCP_75789,A375,0.37uM,24h,3,-0.24471542,NA,NA,NA
GSK-J2,LINCSCP_148043,NPC.CAS9,10uM,24h,NA,-0.24448994,NA,NA,NA
BRD-K12868556,LINCSCP_62434,VCAP,5uM,24h,NA,-0.2444727,NA,0.26871794,NA
RO-194603,LINCSCP_11323,ASC,10uM,24h,NA,-0.24442818,NA,0.26000734,NA
noscapine,LINCSCP_116764,HT29,3.33uM,24h,NA,-0.24439589,NA,NA,NA
Benproperine,LINCSCP_211057,HA1E,10uM,6h,NA,-0.24430836,NA,0.26536635,NA
KW-2478,LINCSCP_122434,HT29,10uM,24h,NA,-0.24424413,NA,NA,NA
"Apitolisib (gdc-0980, rg7422)",LINCSCP_163013,SKBR3,0.04uM,24h,NA,-0.24421261,0.25724044,NA,NA
Cyclopamine,LINCSCP_13915,HA1E,10uM,6h,NA,-0.24413896,NA,NA,NA
BRD-K89808696,LINCSCP_66061,VCAP,0.5uM,24h,NA,-0.24399323,NA,0.20873118,NA
XMD-16144,LINCSCP_6722,A549,10uM,6h,NA,-0.24396499,NA,NA,NA
BRD-K06759695,LINCSCP_59829,VCAP,5uM,24h,NA,-0.24387241,NA,0.26297394,NA
paroxetine,LINCSCP_172340,YAPC,10uM,24h,NA,-0.24382461,NA,NA,NA
BRD-K93433262-001-01-7,LINCSCP_17023,HA1E,10uM,6h,NA,-0.24371768,NA,0.21845789,NA
"ACE2 Inhibitor, MLN-4760",LINCSCP_95302,HA1E,1.11uM,24h,NA,-0.24363276,NA,NA,NA
Veliparib,LINCSCP_166279,SKL,0.37uM,24h,NA,-0.24359698,NA,NA,NA
CHEMBL1327417,LINCSCP_58411,VCAP,10uM,24h,NA,-0.24352472,NA,NA,NA
BRD-K54127914,LINCSCP_65994,VCAP,10uM,24h,NA,-0.24341335,NA,NA,-0.20452459
TAE-684,LINCSCP_295079,VCAP,10uM,6h,NA,-0.24331284,NA,NA,NA
AM 251,LINCSCP_269548,PC3,10uM,6h,NA,-0.24327953,NA,NA,NA
SPECTRUM_001028,LINCSCP_47521,PC3,10uM,24h,NA,-0.24320592,NA,NA,NA
Ranitidine,LINCSCP_174394,YAPC,0.04uM,24h,NA,-0.2431193,NA,NA,NA
Cyclobenzaprine,LINCSCP_170866,YAPC,10uM,24h,4,-0.24297005,NA,NA,NA
Goserelin,LINCSCP_80550,A375,10uM,24h,NA,-0.24286423,NA,0.25844599,NA
Goserelin,LINCSCP_80550,A375,10uM,24h,NA,-0.24286423,NA,0.25844599,NA
Goserelin,LINCSCP_80550,A375,10uM,24h,NA,-0.24286423,NA,0.25844599,NA
Goserelin,LINCSCP_80550,A375,10uM,24h,NA,-0.24286423,NA,0.25844599,NA
CHEMBL1880923,LINCSCP_22530,HEPG2,10uM,6h,NA,-0.24270559,NA,NA,NA
SCHEMBL2559280,LINCSCP_45826,PC3,10uM,6h,NA,-0.24262344,NA,NA,NA
CHEMBL2134588,LINCSCP_259139,NEU,10uM,24h,NA,-0.24257258,NA,0.21610505,NA
"3-Tropanyl-3,5-dichlorobenzoate",LINCSCP_208447,HA1E,10uM,6h,NA,-0.24254952,NA,NA,NA
SAN1_000362,LINCSCP_58719,VCAP,10uM,6h,NA,-0.24248209,NA,NA,NA
Palbociclib,LINCSCP_171713,YAPC,0.37uM,24h,4,-0.24243687,NA,NA,NA
UNII-CVL1685GPH,LINCSCP_106203,HELA,3.33uM,24h,NA,-0.2424138,NA,NA,NA
Foretinib,LINCSCP_116301,HT29,10uM,24h,2,-0.24237943,NA,NA,NA
TOFA,LINCSCP_79126,A375,0.37uM,24h,NA,-0.24213138,NA,NA,NA
BRD-K73434853,LINCSCP_64800,VCAP,10uM,6h,NA,-0.24210116,NA,0.26587602,NA
BRD-K05745188,LINCSCP_64863,VCAP,10uM,24h,NA,-0.24206274,NA,NA,NA
AZD 1480,LINCSCP_112871,HEPG2,0.04uM,24h,NA,-0.24188688,NA,NA,NA
CHEMBL3185699,LINCSCP_64284,VCAP,5uM,24h,NA,-0.24176521,NA,0.21267409,NA
"Ethyl 2-amino-1-cyclohexyl-1H-pyrrolo[2,3-b]quinoxaline-3-carboxylate",LINCSCP_58615,VCAP,10uM,24h,NA,-0.24172799,NA,NA,NA
Odq,LINCSCP_50098,PHH,10uM,24h,NA,-0.24166617,NA,0.20040463,NA
BRD-K36022244,LINCSCP_2971,A375,10uM,6h,NA,-0.24157855,NA,NA,NA
Tomelukast,LINCSCP_537,A375,10uM,6h,NA,-0.24138743,NA,NA,NA
BRD-K24656059,LINCSCP_41043,NEU,10uM,24h,NA,-0.24135704,NA,0.25689306,0.2256938
NVP-AUY922,LINCSCP_116307,HT29,10uM,24h,NA,-0.2413047,NA,NA,NA
17952-87-3,LINCSCP_22197,HEPG2,10uM,6h,NA,-0.24129807,NA,NA,NA
BRD-K32532498,LINCSCP_61588,VCAP,5uM,24h,NA,-0.2411663,NA,NA,NA
SUGA1_010064,LINCSCP_295073,VCAP,10uM,6h,NA,-0.24101853,NA,NA,NA
BW-723C86,LINCSCP_289706,VCAP,10uM,6h,NA,-0.24091464,NA,NA,NA
Methazolamide,LINCSCP_8028,A549,10uM,6h,NA,-0.24084436,NA,0.26979536,NA
CHEMBL2136492,LINCSCP_297962,VCAP,5uM,24h,NA,-0.2408205,NA,0.27982431,NA
"1-[2-(4-Methylphenyl)indolizin-3-yl]-2-[(5-methyl-1,3,4-thiadiazol-2-yl)sulfanyl]ethanone",LINCSCP_190671,A549,10uM,6h,NA,-0.24078958,NA,NA,NA
PCL2_000057,LINCSCP_58780,VCAP,10uM,6h,NA,-0.24045612,NA,NA,NA
Pevonedistat,LINCSCP_29372,LOVO,10uM,6h,2,-0.24041792,NA,0.20966003,NA
BRD-K57841225,LINCSCP_61896,VCAP,5uM,6h,NA,-0.24031339,NA,0.24947314,NA
SU 11274,LINCSCP_69165,A375,10uM,24h,NA,-0.24028921,NA,NA,NA
Cisapride,LINCSCP_74322,A375,3.33uM,24h,4,-0.24025916,NA,NA,NA
PRL-3InhibitorI,LINCSCP_25720,HT29,40uM,6h,NA,-0.24014187,NA,0.2747819,NA
CHEMBL2356547,LINCSCP_60102,VCAP,5uM,24h,NA,-0.24010293,NA,0.21038869,NA
MLS002264403,LINCSCP_31441,MCF7,10uM,6h,NA,-0.24000915,NA,NA,NA
CHEMBL2355399,LINCSCP_295069,VCAP,10uM,6h,NA,-0.23998796,NA,NA,NA
SAN1_003817,LINCSCP_10794,ASC,10uM,24h,NA,-0.23985433,NA,NA,NA
Quetiapine,LINCSCP_281874,PHH,10uM,24h,4,-0.23968807,NA,0.27143403,NA
Paroxetine,LINCSCP_25189,HT29,10uM,6h,4,-0.23965419,NA,-0.23409436,NA
BRD-K19770227,LINCSCP_61744,VCAP,5uM,24h,NA,-0.23956257,NA,NA,NA
SGI-1776,LINCSCP_81781,A549,10uM,24h,1,-0.2395001,NA,NA,NA
BRD-K10211010,LINCSCP_48491,PC3,10uM,24h,NA,-0.2394315,NA,NA,NA
BRD-K20178228,LINCSCP_227613,HT29,10uM,6h,NA,-0.23941657,NA,NA,NA
ALX-5407,LINCSCP_291171,VCAP,10uM,24h,NA,-0.23937584,NA,0.21241365,NA
BRD-K44097254,LINCSCP_61345,VCAP,5uM,6h,NA,-0.23932274,NA,NA,NA
BRD-K09426613,LINCSCP_61409,VCAP,5uM,24h,NA,-0.2393021,NA,0.22199269,NA
PKC Beta Inhibitor,LINCSCP_10446,A673,10uM,6h,NA,-0.23922142,NA,NA,NA
Pentylenetetrazol,LINCSCP_33017,MCF7,10uM,6h,NA,-0.23915021,NA,0.29459121,NA
N-[4-(1-Benzoylpiperidin-4-yl)butyl]-3-pyridin-3-ylpropanamide,LINCSCP_283225,RMGI,0.5uM,6h,NA,-0.23913848,NA,0.21959425,NA
WH-4-023,LINCSCP_39015,MDAMB231,0.5uM,24h,NA,-0.23906103,NA,0.29182455,NA
Valdecoxib,LINCSCP_30759,MCF7,100uM,6h,4,-0.23887703,NA,NA,NA
BRD-K93800099,LINCSCP_28108,HT29,5uM,24h,NA,-0.23875993,NA,NA,NA
CHEMBL2359660,LINCSCP_60375,VCAP,5uM,24h,NA,-0.23868569,-0.2058859,0.27758522,NA
BRD-K60218284,LINCSCP_65166,VCAP,10uM,6h,NA,-0.23866659,NA,NA,NA
AC1NQXBX,LINCSCP_59543,VCAP,10uM,6h,NA,-0.238401,NA,NA,NA
PD-160170,LINCSCP_265332,PC3,10uM,6h,NA,-0.23829132,-0.21745756,0.26438608,NA
BRD-K70756309,LINCSCP_61642,VCAP,5uM,24h,NA,-0.23817243,NA,0.21790473,NA
BRD-K30837577,LINCSCP_63485,VCAP,5uM,24h,NA,-0.23789748,NA,NA,NA
BX 912,LINCSCP_64922,VCAP,0.5uM,24h,NA,-0.23772924,NA,NA,NA
BRD-K76358141,LINCSCP_63742,VCAP,5uM,24h,NA,-0.23769309,NA,0.23700377,NA
BRD-K37612077,LINCSCP_8487,A549,5uM,24h,NA,-0.23749368,NA,0.31676087000000003,NA
BRD-K40608370,LINCSCP_61882,VCAP,5uM,6h,NA,-0.23746247,NA,0.31571232,NA
MLS002729053,LINCSCP_22256,HEPG2,10uM,6h,NA,-0.23736618,NA,0.22261346,NA
BRD-K05001416,LINCSCP_8705,A549,5uM,24h,NA,-0.23730639,NA,NA,NA
BRD-K79967274,LINCSCP_61651,VCAP,5uM,24h,NA,-0.23722559,NA,0.23921384,NA
BRD-K89627562,LINCSCP_303425,VCAP,5uM,6h,NA,-0.23693938,NA,0.2333191,NA
Ifenprodil,LINCSCP_136618,MCF7,0.37uM,24h,4,-0.23687055,NA,NA,NA
BRD-K00541818,LINCSCP_122902,HT29,10uM,24h,NA,-0.23674009,NA,NA,NA
NCGC00346967-01,LINCSCP_82428,A549,10uM,24h,NA,-0.23672127,NA,NA,NA
K784-3187,LINCSCP_108346,HELA,0.04uM,24h,NA,-0.23664366,NA,0.20924879,NA
BRD-K85322309,LINCSCP_63534,VCAP,5uM,24h,NA,-0.23654722,NA,0.22236102,NA
VU0413807-2,LINCSCP_292228,VCAP,10uM,24h,NA,-0.23648085,NA,0.27451899,NA
"L-755,507",LINCSCP_26803,HT29,10uM,6h,NA,-0.23627787,NA,NA,NA
CHEMBL2355724,LINCSCP_60404,VCAP,5uM,24h,NA,-0.23624056,NA,NA,NA
SB271046,LINCSCP_78268,A375,10uM,24h,NA,-0.23615026,NA,NA,NA
UNC 669,LINCSCP_146831,NEU,10uM,24h,NA,-0.23608089,NA,0.24372568,NA
84215-10-1,LINCSCP_180118,A375,10uM,6h,NA,-0.23602923,NA,NA,NA
BRD-K80779790,LINCSCP_3736,A375,10uM,24h,NA,-0.23590605,NA,NA,NA
PSB 36,LINCSCP_44692,PC3,10uM,24h,NA,-0.23579546,NA,NA,NA
BRD-K55343182,LINCSCP_60308,VCAP,5uM,6h,NA,-0.23571876,NA,NA,NA
BRD-K71531260,LINCSCP_61815,VCAP,5uM,24h,NA,-0.23563137,NA,0.22279392,NA
MDM2 Inhibitor,LINCSCP_22984,HEPG2,10uM,6h,NA,-0.23562318,-0.23736773,NA,NA
BRD-K35669573,LINCSCP_22351,HEPG2,10uM,6h,NA,-0.23534197,-0.24386416,NA,NA
Alisertib,LINCSCP_174689,YAPC,10uM,24h,3,-0.23530243,NA,NA,NA
BH3I 1,LINCSCP_204292,ASC,10uM,24h,NA,-0.23524727,NA,NA,NA
L 2167,LINCSCP_26739,HT29,10uM,6h,NA,-0.23514371,NA,0.22738123,NA
Vidofludimus,LINCSCP_106119,HELA,10uM,24h,NA,-0.23468767,NA,NA,NA
"THR1 Inhibitor, 2",LINCSCP_55882,VCAP,10uM,24h,NA,-0.23464549,NA,0.27606451,NA
MLS002425843,LINCSCP_19787,HCC515,10uM,6h,NA,-0.23461743,-0.23702969,0.29927921,0.21666762
BRD-K04574057,LINCSCP_63467,VCAP,5uM,24h,NA,-0.23450921,NA,0.21128682,NA
BRD-K13077924,LINCSCP_222133,HL60,1uM,24h,NA,-0.23440997,NA,0.22654547,NA
BRD-K76876037,LINCSCP_27593,HT29,5uM,24h,NA,-0.2342524,-0.20466062,NA,NA
BRD-K86727142-001-06-6,LINCSCP_14311,HA1E,10uM,6h,NA,-0.2342264,NA,NA,NA
BRD-K51643793,LINCSCP_61469,VCAP,5uM,24h,NA,-0.23420207,NA,NA,NA
Austricin,LINCSCP_289282,VCAP,10uM,24h,NA,-0.23416934,NA,0.21763255,NA
BRD-K99756483,LINCSCP_7999,A549,10uM,6h,NA,-0.23406723,NA,NA,NA
Sunitinib,LINCSCP_117031,HT29,10uM,24h,NA,-0.23398073,NA,NA,NA
Sunitinib,LINCSCP_117031,HT29,10uM,24h,4,-0.23398073,NA,NA,NA
AC1O8PXK,LINCSCP_191902,A549,10uM,6h,NA,-0.23391987,NA,0.23476877,NA
Diclofenac,LINCSCP_90800,HA1E,10uM,24h,4,-0.23390368,NA,NA,NA
Tremorine,LINCSCP_14398,HA1E,10uM,24h,NA,-0.23379132,NA,0.28585972,NA
CHEMBL1222381,LINCSCP_287077,SNUC4,80uM,6h,NA,-0.23371432,NA,NA,NA
Aurora A Inhibitor I,LINCSCP_26667,HT29,10uM,6h,NA,-0.23364933,NA,NA,NA
MLS000063560,LINCSCP_207821,H1299,10uM,6h,NA,-0.23349888,NA,0.27837037,NA
Isonicotinohydroxamic acid,LINCSCP_43636,NPC,10uM,6h,NA,-0.23346546,NA,NA,NA
MLS002264386,LINCSCP_1635,A375,10uM,6h,NA,-0.2333204,NA,0.25877271,NA
PFI-1,LINCSCP_146810,NEU,0.37uM,24h,NA,-0.23321717,NA,NA,NA
Setiptiline,LINCSCP_153781,PC3,3.33uM,24h,NA,-0.23315825,NA,NA,NA
Rosiglitazone,LINCSCP_13129,FIBRNPC,10uM,24h,4,-0.23302165,NA,NA,NA
Zafirlukast,LINCSCP_272332,PC3,10uM,6h,4,-0.23300348,NA,NA,NA
BRD-K78603557,LINCSCP_6105,A549,10uM,6h,NA,-0.23299652,NA,0.2517604,NA
Ascorbyl-Palmitate,LINCSCP_7950,A549,10uM,6h,NA,-0.23289247,NA,0.27017582,NA
Naproxen,LINCSCP_16146,HA1E,10uM,6h,4,-0.23287118,NA,0.2512458,NA
Lavendustin A,LINCSCP_7689,A549,10uM,6h,NA,-0.23275506,NA,NA,NA
BRD-K64418359,LINCSCP_63620,VCAP,5uM,6h,NA,-0.23274576,NA,0.22245422,NA
Ivabradine HCl,LINCSCP_153461,PC3,0.04uM,24h,NA,-0.23273195,NA,0.2195264,NA
Felodipine,LINCSCP_92325,HA1E,10uM,24h,4,-0.23266244,NA,NA,NA
Salvinorin A,LINCSCP_72118,A375,0.04uM,24h,NA,-0.23259722,-0.22171784,NA,NA
"1-(2,6-Dichlorobenzylideneamino)guanidine",LINCSCP_139623,MCF7,0.37uM,24h,NA,-0.23248591,NA,0.27698701,NA
BRD-K18772888-001-01-4,LINCSCP_59641,VCAP,5uM,24h,NA,-0.23235148,NA,0.20013828,NA
BRD-K28467343,LINCSCP_60468,VCAP,5uM,6h,NA,-0.23229982,NA,NA,NA
Solifenacin succinate,LINCSCP_72321,A375,10uM,24h,4,-0.2322847,NA,NA,NA
Golvatinib (E7050),LINCSCP_109143,HELA,10uM,24h,2,-0.23217011,NA,NA,NA
Naproxol,LINCSCP_203952,ASC,10uM,24h,NA,-0.23212412,NA,0.24382676,NA
sunitinib,LINCSCP_26750,HT29,10uM,6h,NA,-0.23185857000000001,NA,NA,NA
BCB03_000153,LINCSCP_294785,VCAP,10uM,24h,NA,-0.23182795,NA,NA,NA
BRD-K71387353,LINCSCP_8417,A549,5uM,24h,NA,-0.23171096,-0.23259795,NA,NA
UNC0638,LINCSCP_146952,NEU,3.33uM,24h,NA,-0.23167194,NA,0.23412383,NA
CHEMBL2131967,LINCSCP_26545,HT29,10uM,6h,NA,-0.23165111,NA,NA,-0.22656184
AC1MS7KY,LINCSCP_432,A375,10uM,6h,NA,-0.23162704,NA,NA,NA
CHEMBL1950303,LINCSCP_84912,ASC,10uM,24h,NA,-0.23155426,NA,NA,NA
BRD-K20197338,LINCSCP_48505,PC3,10uM,24h,NA,-0.2315415,NA,NA,NA
Cabergoline,LINCSCP_108669,HELA,0.12uM,24h,4,-0.23148145,NA,NA,0.2127686
BRD-K12744550-019-01-8,LINCSCP_312429,VCAP,10uM,24h,NA,-0.23146379,NA,NA,NA
ZD-7288,LINCSCP_71722,A375,0.04uM,24h,NA,-0.2313798,NA,NA,NA
BRD-K16128171,LINCSCP_48646,PC3,10uM,6h,NA,-0.23137613,NA,NA,NA
DG-041,LINCSCP_30786,MCF7,40uM,6h,NA,-0.23131955,NA,0.21615521,NA
UNII-EE9FJW53Z2,LINCSCP_27020,HT29,10uM,6h,NA,-0.23130763,NA,NA,NA
BRD-K29649571,LINCSCP_64760,VCAP,10uM,6h,NA,-0.23118448,NA,NA,NA
MLS002473641,LINCSCP_225201,HT29,10uM,6h,NA,-0.23115008,NA,NA,NA
BRD-K85694079,LINCSCP_20333,HCC515,10uM,6h,NA,-0.23114546,NA,NA,NA
Deferasirox,LINCSCP_162698,PC3,10uM,24h,4,-0.23110663,NA,NA,-0.25702735
MLS-0257792.0001,LINCSCP_293005,VCAP,10uM,6h,NA,-0.23106656,NA,0.23033877,NA
CHEMBL3186815,LINCSCP_28186,HT29,5uM,24h,NA,-0.23103069,NA,NA,NA
Aminobenztropine,LINCSCP_259636,NEU,10uM,6h,NA,-0.23100612,NA,0.22017042,NA
F-L-Leu,LINCSCP_55589,VCAP,10uM,24h,NA,-0.23074785,NA,0.26005673,NA
BRD-A07407288,LINCSCP_57597,VCAP,10uM,6h,NA,-0.23062297,NA,NA,NA
Quinelorane,LINCSCP_14547,HA1E,10uM,6h,NA,-0.23038739,NA,0.24445674,NA
Osimertinib,LINCSCP_151757,PC3,10uM,24h,4,-0.23033922,NA,0.22350795,NA
CHEMBL2142321,LINCSCP_58445,VCAP,10uM,6h,NA,-0.23013243,NA,NA,NA
Fiacitabine,LINCSCP_93174,HA1E,0.12uM,24h,2,-0.23012014,-0.20622123,NA,NA
MLS001065875,LINCSCP_267766,PC3,10uM,24h,NA,-0.23006505,NA,NA,NA
BRD-K77987635,LINCSCP_32244,MCF7,10uM,24h,NA,-0.22950672,NA,NA,NA
BRD-K92810472,LINCSCP_62064,VCAP,5uM,24h,NA,-0.22949599,NA,0.23647197,NA
BRD-K07395346,LINCSCP_295008,VCAP,10uM,6h,NA,-0.22949032,NA,NA,NA
CHEMBL3186688,LINCSCP_57671,VCAP,10uM,6h,NA,-0.22935802,NA,NA,NA
SCHEMBL1564574,LINCSCP_116743,HT29,0.12uM,24h,NA,-0.22925085,NA,NA,NA
BRD-K88581223,LINCSCP_27971,HT29,5uM,24h,NA,-0.22922633,NA,NA,NA
Nicotin-Amide,LINCSCP_207469,FIBRNPC,10uM,24h,4,-0.22921454,NA,0.24241409,NA
C-Fms Inhibitor,LINCSCP_147284,NEU,0.12uM,24h,NA,-0.22912404,NA,0.25221378,NA
BRD-K30160673-019-01-7,LINCSCP_65140,VCAP,10uM,6h,NA,-0.22902738,NA,NA,NA
Dmocp,LINCSCP_41181,NEU,10uM,24h,NA,-0.22884998,NA,NA,NA
amcinonide,LINCSCP_89003,HA1E,0.04uM,24h,NA,-0.22882527,NA,NA,NA
Zaprinast,LINCSCP_71484,A375,0.37uM,24h,NA,-0.22871949,NA,NA,NA
SB239063,LINCSCP_89242,HA1E,0.04uM,24h,NA,-0.22870435,NA,0.32320805,NA
Prosteride,LINCSCP_159546,PC3,0.12uM,24h,NA,-0.22864007,NA,NA,NA
CHEMBL552425,LINCSCP_128014,HUES3,0.12uM,24h,NA,-0.2285745,NA,NA,-0.24207801
BRD-K89020690,LINCSCP_310465,VCAP,10uM,24h,NA,-0.22842382,NA,NA,NA
BRD-K48775846,LINCSCP_64921,VCAP,10uM,24h,NA,-0.22835682,NA,NA,NA
Lu AE58054 (Hydrochloride),LINCSCP_79888,A375,3.33uM,24h,3,-0.22834631,NA,NA,NA
Lopinavir,LINCSCP_59135,VCAP,10uM,6h,4,-0.2282379,NA,0.21258372,NA
Propafenone,LINCSCP_152785,PC3,10uM,24h,4,-0.22812674,NA,NA,NA
"Triazine Scaffold, 34",LINCSCP_25931,HT29,10uM,24h,NA,-0.22786354,NA,0.2573691,NA
PD-98059,LINCSCP_30825,MCF7,10uM,6h,NA,-0.22780094,NA,0.27459873,NA
BRD-K03394322-001-01-8,LINCSCP_59166,VCAP,10uM,24h,NA,-0.22773236,NA,NA,NA
XMD 8-92,LINCSCP_112614,HEPG2,3.33uM,24h,NA,-0.22760639,NA,NA,NA
DICUMAROL,LINCSCP_159685,PC3,0.04uM,24h,4,-0.2275741,NA,NA,NA
Daminozide,LINCSCP_146970,NEU,3.33uM,24h,NA,-0.22755115,NA,NA,NA
MLS002264437,LINCSCP_19829,HCC515,10uM,6h,NA,-0.22753036,NA,NA,NA
BRD-K23506413,LINCSCP_60275,VCAP,5uM,6h,NA,-0.22748552,-0.2075744,0.24160972,NA
BRD-K45842176,LINCSCP_16314,HA1E,10uM,6h,NA,-0.22744547,NA,NA,NA
Tripelennamine,LINCSCP_192064,A549,10uM,6h,4,-0.2272893,NA,NA,NA
BRD-K00540336,LINCSCP_8594,A549,5uM,24h,NA,-0.22723561,NA,NA,NA
Nimodipine,LINCSCP_13117,FIBRNPC,10uM,24h,4,-0.22719834,NA,NA,NA
BRD-K69888333,LINCSCP_16351,HA1E,10uM,6h,NA,-0.22713242,NA,0.22099399,NA
VU0413243-1,LINCSCP_57664,VCAP,10uM,6h,NA,-0.22701439,NA,NA,NA
Rifabutin,LINCSCP_92320,HA1E,3.33uM,24h,NA,-0.2269985,-0.26216088,NA,NA
Rifabutin,LINCSCP_92320,HA1E,3.33uM,24h,4,-0.2269985,-0.26216088,NA,NA
Aspirin,LINCSCP_72775,A375,0.04uM,24h,4,-0.22699395,NA,NA,NA
BRD-U88878891,LINCSCP_5350,A549,10uM,6h,NA,-0.22665153,NA,0.22815418,NA
Canertinib,LINCSCP_51859,SKBR3,1uM,24h,3,-0.22663562,NA,NA,NA
MLS002264379,LINCSCP_293058,VCAP,10uM,6h,NA,-0.22660704,NA,NA,NA
MLS003337112,LINCSCP_21989,HEPG2,10uM,6h,NA,-0.22644554,NA,NA,NA
MLS000863584,LINCSCP_23303,HEPG2,10uM,24h,NA,-0.22640893,NA,NA,NA
LCL161,LINCSCP_72501,A375,3.33uM,24h,NA,-0.22614859,NA,NA,NA
ETOPOSIDE,LINCSCP_105081,HELA,0.04uM,24h,NA,-0.22603994,NA,0.24054974,NA
Butaclamol (+),LINCSCP_168379,YAPC,10uM,24h,NA,-0.22595048,NA,NA,NA
BRD-K74055572,LINCSCP_60612,VCAP,5uM,24h,NA,-0.22586638,NA,NA,NA
AZD7762,LINCSCP_173835,YAPC,0.12uM,24h,1,-0.225732,NA,NA,NA
Cerivastatin,LINCSCP_58189,VCAP,10uM,24h,4,-0.22546448,NA,NA,NA
Ethacrynic acid,LINCSCP_243244,MCF7,10uM,6h,4,-0.22546209,NA,NA,NA
BRD-K22181332,LINCSCP_62130,VCAP,5uM,24h,NA,-0.22545886,-0.32774016,0.22237037,0.24666182
CHEMBL2140299,LINCSCP_3000,A375,10uM,6h,NA,-0.22544194,NA,NA,NA
GR 159897,LINCSCP_14097,HA1E,10uM,24h,NA,-0.2253588,NA,NA,NA
BRD-K28698886,LINCSCP_198954,A549,5uM,24h,NA,-0.22523331,NA,0.31945311,NA
SB-366791,LINCSCP_214608,HCC515,10uM,6h,NA,-0.22522407,NA,NA,NA
ACON1_002294,LINCSCP_294754,VCAP,10uM,24h,NA,-0.22521802,NA,NA,NA
Suloctidil,LINCSCP_26777,HT29,10uM,6h,NA,-0.22493558,NA,NA,NA
Suloctidil,LINCSCP_26777,HT29,10uM,6h,4,-0.22493558,NA,NA,NA
CHEMBL1892795,LINCSCP_291972,VCAP,10uM,24h,NA,-0.22475451,NA,NA,NA
CHEMBL1905358,LINCSCP_203231,ASC,10uM,24h,NA,-0.22470308,NA,NA,NA
BRD-K22673215,LINCSCP_60273,VCAP,5uM,6h,NA,-0.22459519,NA,NA,NA
BML-259,LINCSCP_4590,A549,80uM,24h,NA,-0.22453062,NA,NA,NA
MLS002264391,LINCSCP_21935,HEPG2,10uM,6h,NA,-0.22446176,NA,NA,NA
apigenin,LINCSCP_85721,BT20,0.04uM,3h,NA,-0.22437381,NA,NA,NA
CHEMBL2356537,LINCSCP_23395,HEPG2,3uM,24h,NA,-0.22437055,NA,NA,NA
I-212148,LINCSCP_257908,NEU,10uM,24h,NA,-0.22429488,NA,NA,NA
Clemastine,LINCSCP_26999,HT29,10uM,6h,4,-0.22427196,NA,NA,NA
CHEMBL1910803,LINCSCP_57628,VCAP,10uM,6h,NA,-0.22418533,NA,NA,NA
Glyburide,LINCSCP_708,A375,10uM,24h,4,-0.22407854,NA,0.27267095,NA
Megestrol Acetate,LINCSCP_225662,HT29,10uM,6h,4,-0.22402605,NA,NA,NA
BRD-A97035593,LINCSCP_267538,PC3,10uM,24h,NA,-0.22400184,NA,NA,NA
BRD-K36620425,LINCSCP_310013,VCAP,30uM,24h,NA,-0.22392922,NA,NA,NA
CHEMBL1271322,LINCSCP_45280,PC3,10uM,24h,NA,-0.22363183,NA,NA,-0.20701977
Alvocidib,LINCSCP_251093,MCF7,0.01uM,24h,3,-0.22358056,NA,NA,NA
BRD-K27009196,LINCSCP_310788,VCAP,10uM,24h,NA,-0.22351132,NA,NA,NA
BRD-K07438289,LINCSCP_310756,VCAP,10uM,24h,NA,-0.2234282,NA,NA,NA
BRD-K08246588,LINCSCP_61548,VCAP,5uM,24h,NA,-0.22341233,NA,0.24007943,NA
BRD-K45230579,LINCSCP_41056,NEU,10uM,24h,NA,-0.22340991,-0.29378643,0.20659943,0.22908485
Tyrphostin AG 879,LINCSCP_23456,HEPG2,3uM,24h,NA,-0.22333196,NA,NA,NA
Cdc,LINCSCP_52728,SKB,10uM,24h,NA,-0.22323885,NA,0.2093991,NA
ZINC6718453,LINCSCP_147260,NEU,0.12uM,24h,NA,-0.22312885,NA,0.22918104,NA
BRD-K67787765,LINCSCP_48150,PC3,5uM,24h,NA,-0.2230297,NA,NA,NA
Seliciclib,LINCSCP_132394,MCF7,0.12uM,3h,2,-0.22302332,NA,NA,NA
BRD-K73005792,LINCSCP_185204,A375,5uM,24h,NA,-0.22297314,NA,0.27027256,NA
BRD-K51322285,LINCSCP_63807,VCAP,5uM,6h,NA,-0.22297095,NA,0.21157207,NA
BRD-K64106162,LINCSCP_17488,HA1E,10uM,24h,NA,-0.22291673,NA,NA,NA
Bazedoxifene HCl,LINCSCP_175442,YAPC,10uM,24h,4,-0.22291474,NA,NA,NA
WZ-7043,LINCSCP_32791,MCF7,10uM,6h,NA,-0.22285708,NA,NA,NA
MLS003079542,LINCSCP_188694,A549,10uM,6h,NA,-0.22285584,NA,0.22887309,NA
BRD-K33218708,LINCSCP_48760,PC3,10uM,24h,NA,-0.22281213,NA,NA,NA
"2-[(2,6-Dimethylphenyl)amino]-n,n-diethyl-n-methyl-2-oxoethanaminium",LINCSCP_289870,VCAP,10uM,6h,NA,-0.22271242,NA,NA,NA
BRD-K64021372,LINCSCP_62566,VCAP,5uM,6h,NA,-0.22265303,NA,NA,NA
AC1OA39F,LINCSCP_1527,A375,10uM,6h,NA,-0.22259047,NA,NA,NA
BRD-K53406626,LINCSCP_303326,VCAP,5uM,6h,NA,-0.22258008,NA,0.22846444,NA
BRD-K93880770,LINCSCP_63646,VCAP,5uM,6h,NA,-0.22253258,NA,NA,NA
Dropropizine,LINCSCP_221476,HEPG2,3uM,24h,3,-0.2224904,NA,0.22398799,NA
BRD-K11480730,LINCSCP_59836,VCAP,5uM,24h,NA,-0.22247459,-0.21341514,0.20069001,NA
Tolperisone,LINCSCP_71161,A375,0.12uM,24h,2,-0.22246332,NA,NA,NA
BRD-K15639930,LINCSCP_61114,VCAP,5uM,6h,NA,-0.22241798,NA,0.21166894,NA
Vortioxetine (Lu AA21004) HBr,LINCSCP_158277,PC3,10uM,24h,4,-0.2224132,NA,NA,NA
BRD-K35638681,LINCSCP_58724,VCAP,10uM,6h,NA,-0.22234544,NA,NA,NA
MLS-0454334.0002,LINCSCP_21997,HEPG2,10uM,6h,NA,-0.22233317,NA,NA,NA
BRD-K94646939,LINCSCP_63853,VCAP,5uM,6h,NA,-0.22220329,NA,NA,NA
Diphenidol,LINCSCP_193347,A549,10uM,6h,4,-0.2220825,NA,0.24934166,NA
Fadrozole,LINCSCP_102511,HELA,0.12uM,24h,NA,-0.22198119,NA,0.20507632,NA
MLS003179190,LINCSCP_58911,VCAP,10uM,24h,NA,-0.22189328,NA,NA,NA
"Trichostatin A, Streptomyces Sp.",LINCSCP_67155,HT29,10uM,24h,NA,-0.22181787,NA,0.21895007,NA
Timolol,LINCSCP_273501,PC3,10uM,6h,4,-0.22181163,NA,NA,NA
CHEMBL364005,LINCSCP_33010,MCF7,10uM,6h,NA,-0.22179512,NA,NA,NA
BRD-K24824043,LINCSCP_8722,A549,5uM,24h,NA,-0.22154984,NA,NA,NA
MLS004683634,LINCSCP_27251,HT29,10uM,6h,NA,-0.2215112,NA,NA,NA
SR-02000000367,LINCSCP_57794,VCAP,10uM,24h,NA,-0.22147857,NA,NA,NA
BRD-K26484692,LINCSCP_8897,A549,10uM,24h,NA,-0.22144621,NA,NA,NA
Metergoline,LINCSCP_47538,PC3,10uM,24h,4,-0.22136829,NA,NA,NA
Desloratadine,LINCSCP_58195,VCAP,10uM,24h,4,-0.22136494,NA,NA,NA
Dcpib,LINCSCP_33685,MCF7,10uM,6h,NA,-0.22133043,NA,0.23641422,NA
MLS003130051,LINCSCP_60486,VCAP,5uM,6h,NA,-0.22125191,NA,0.24667844,NA
Indacaterol Maleate,LINCSCP_127006,HT29,10uM,24h,4,-0.2212444,NA,NA,NA
Niclosamide,LINCSCP_168830,YAPC,3.33uM,24h,4,-0.22124265,NA,NA,NA
RO 90-7501,LINCSCP_23453,HEPG2,10uM,24h,NA,-0.22123618,NA,NA,NA
BRD-K92978552,LINCSCP_60721,VCAP,5uM,6h,NA,-0.22122448,NA,NA,NA
KUC104256,LINCSCP_26062,HT29,10uM,6h,NA,-0.22113306,NA,NA,NA
BRD-K91898214,LINCSCP_60332,VCAP,5uM,6h,NA,-0.2210928,NA,0.21689668,NA
CHEMBL2356468,LINCSCP_26493,HT29,10uM,6h,NA,-0.22109105,NA,NA,NA
Nemonapride,LINCSCP_41157,NEU,10uM,24h,NA,-0.22097447,NA,0.24715076,0.23374205
Nemonapride,LINCSCP_41157,NEU,10uM,24h,NA,-0.22097447,NA,0.24715076,0.23374205
Nemonapride,LINCSCP_41157,NEU,10uM,24h,NA,-0.22097447,NA,0.24715076,0.23374205
Nemonapride,LINCSCP_41157,NEU,10uM,24h,NA,-0.22097447,NA,0.24715076,0.23374205
Nemonapride,LINCSCP_41157,NEU,10uM,24h,NA,-0.22097447,NA,0.24715076,0.23374205
Nemonapride,LINCSCP_41157,NEU,10uM,24h,NA,-0.22097447,NA,0.24715076,0.23374205
Nemonapride,LINCSCP_41157,NEU,10uM,24h,NA,-0.22097447,NA,0.24715076,0.23374205
Nemonapride,LINCSCP_41157,NEU,10uM,24h,NA,-0.22097447,NA,0.24715076,0.23374205
7-Hydroxyflavone,LINCSCP_221258,HEPG2,10uM,6h,NA,-0.22075629,NA,NA,NA
CHEMBL1616521,LINCSCP_187825,A549,10uM,6h,NA,-0.22064281,NA,NA,NA
Midazolam,LINCSCP_58092,VCAP,10uM,24h,4,-0.22053693,NA,0.24760698,NA
SUGA1_008424,LINCSCP_6166,A549,10uM,24h,NA,-0.22044214,NA,NA,NA
WAY-170523,LINCSCP_44389,PC3,10uM,24h,NA,-0.22042004,NA,NA,NA
Tolcapone,LINCSCP_41170,NEU,10uM,24h,4,-0.2202972,NA,NA,NA
BRD-K15892609,LINCSCP_28213,HT29,10uM,24h,NA,-0.22014401,NA,NA,NA
BRD-K88710727,LINCSCP_203349,ASC,10uM,24h,NA,-0.21985634,NA,NA,NA
FK 866,LINCSCP_15614,HA1E,0.1uM,6h,NA,-0.2198423,NA,0.23762175,NA
SA-1458571,LINCSCP_37224,MCF7,10uM,24h,NA,-0.21983365,NA,0.29621918,NA
Hbdde,LINCSCP_261889,NPC,10uM,24h,NA,-0.21974088,0.25801124,NA,NA
Galeterone,LINCSCP_90766,HA1E,1.11uM,24h,NA,-0.21958462,NA,NA,NA
GR-55562,LINCSCP_7175,A549,10uM,6h,NA,-0.21947379,NA,NA,NA
MLS003129208,LINCSCP_60812,VCAP,5uM,24h,NA,-0.2194497,NA,0.2601843,NA
Immepip,LINCSCP_290079,VCAP,10uM,24h,NA,-0.21933879,NA,0.2320681,NA
MDL 72832,LINCSCP_14179,HA1E,10uM,6h,NA,-0.2192571,NA,NA,NA
Linagliptin,LINCSCP_102066,HELA,1.11uM,24h,4,-0.21908431,-0.21489571,NA,NA
BRD-K80579245,LINCSCP_43175,NPC,10uM,24h,NA,-0.21902995,NA,NA,NA
BRD-K19995377,LINCSCP_198069,A549,5uM,24h,NA,-0.2190088,NA,NA,NA
Norcyclobenzaprine,LINCSCP_56289,VCAP,10uM,24h,NA,-0.21899505,NA,NA,NA
CHEMBL566495,LINCSCP_1220,A375,10uM,24h,NA,-0.2189037,NA,NA,NA
2-Methoxyestradiol,LINCSCP_154913,PC3,3.33uM,24h,NA,-0.2188987,NA,NA,NA
BRN 1549781,LINCSCP_20561,HCC515,10uM,6h,NA,-0.21881441,NA,NA,NA
BRD-K28036193,LINCSCP_48753,PC3,10uM,24h,NA,-0.21872054,NA,NA,NA
D-64131,LINCSCP_18398,HCC515,10uM,6h,NA,-0.21869711,NA,NA,NA
"(R,S)-Indatraline",LINCSCP_58235,VCAP,10uM,6h,NA,-0.21859594,NA,NA,NA
Venlafaxine,LINCSCP_226593,HT29,10uM,6h,4,-0.21853338,NA,0.3639902,NA
BRD-K38611276,LINCSCP_59662,VCAP,5uM,24h,NA,-0.21851618,NA,0.22948503,NA
BRD-K58282082,LINCSCP_63295,VCAP,5uM,6h,NA,-0.21821713,NA,NA,NA
AC1O1EQ5,LINCSCP_42297,NPC,10uM,24h,NA,-0.21821438,NA,NA,NA
SA-427137,LINCSCP_37051,MCF7,1uM,24h,NA,-0.21820567,NA,NA,NA
BRD-K21709199-001-01-5,LINCSCP_60666,VCAP,5uM,6h,NA,-0.21787511,NA,NA,NA
Loratadine,LINCSCP_26355,HT29,10uM,6h,4,-0.21785945,NA,NA,NA
BRD-K92573321,LINCSCP_61177,VCAP,5uM,6h,NA,-0.21780311,NA,NA,NA
MLS002264388,LINCSCP_57705,VCAP,10uM,6h,NA,-0.21779169,NA,NA,-0.2918397
Anacardic acid,LINCSCP_146927,NEU,10uM,24h,NA,-0.21771443,NA,NA,NA
SQ22536,LINCSCP_23005,HEPG2,10uM,6h,NA,-0.21767742,-0.22034908,NA,NA
Benzydamine,LINCSCP_118119,HT29,10uM,24h,4,-0.21765218,NA,NA,NA
BRD-K02987635,LINCSCP_297038,VCAP,5uM,6h,NA,-0.21749265,NA,NA,NA
ZINC01037816,LINCSCP_294839,VCAP,10uM,24h,NA,-0.217489,NA,NA,NA
MW-STK33-97,LINCSCP_42053,NOMO1,3uM,6h,NA,-0.21743353,NA,NA,0.24872042
BRD-K98238711,LINCSCP_60452,VCAP,5uM,24h,NA,-0.21735167,NA,0.22508631,NA
BRD-K18533094,LINCSCP_28069,HT29,5uM,24h,NA,-0.21730851,NA,0.28703996,NA
Taranabant,LINCSCP_92551,HA1E,0.12uM,24h,3,-0.21713594,NA,NA,NA
CHEMBL2140189,LINCSCP_65453,VCAP,10uM,6h,NA,-0.21699905,NA,NA,NA
MLS003448167,LINCSCP_19739,HCC515,10uM,6h,NA,-0.21692723,NA,0.20265066,NA
BRD-K81665681,LINCSCP_66171,VCAP,10uM,24h,NA,-0.21692354,NA,NA,NA
SB-216763,LINCSCP_43638,NPC,10uM,6h,NA,-0.21688787,NA,NA,NA
BRD-K85770991,LINCSCP_62696,VCAP,5uM,24h,NA,-0.21684337,NA,0.2085073,NA
Chloroquine,LINCSCP_56520,VCAP,10uM,6h,4,-0.21629187,NA,0.21421231,NA
XUKUURHRXDUEBC-UHFFFAOYSA-N,LINCSCP_59444,VCAP,10uM,24h,NA,-0.21627748,NA,NA,NA
Fluocinonide,LINCSCP_16983,HA1E,10uM,6h,4,-0.21626815,NA,0.29759456,NA
CP-724714,LINCSCP_51457,SKBR3,10uM,24h,2,-0.21620913,NA,NA,NA
BRD-K27292311,LINCSCP_61207,VCAP,5uM,24h,NA,-0.21619189,NA,0.25134013,NA
PI828,LINCSCP_55869,VCAP,10uM,6h,NA,-0.2161451,NA,NA,NA
Fingolimod (FTY720) HCl,LINCSCP_103937,HELA,10uM,24h,4,-0.21608579,NA,NA,NA
AM-92016,LINCSCP_33674,MCF7,10uM,6h,NA,-0.21602829,NA,NA,NA
Orthothymotinic acid,LINCSCP_56081,VCAP,10uM,24h,NA,-0.21599966,NA,0.23380749,NA
Carvedilol,LINCSCP_238742,MCF7,10uM,24h,4,-0.21594596,NA,NA,NA
BRD-K03113036-001-01-9,LINCSCP_28722,HUH7,3uM,24h,NA,-0.21584248,NA,NA,NA
BRD-K85642378,LINCSCP_66176,VCAP,10uM,24h,NA,-0.2157918,NA,NA,NA
CHEMBL2355554,LINCSCP_50350,PHH,3uM,24h,NA,-0.2157625,NA,NA,NA
Calcitriol,LINCSCP_286543,SNGM,1uM,6h,NA,-0.21573267,NA,NA,NA
Calcitriol,LINCSCP_286543,SNGM,1uM,6h,4,-0.21573267,NA,NA,NA
CHEMBL34095,LINCSCP_14287,HA1E,10uM,6h,NA,-0.2153809,NA,NA,NA
AC1NZGSN,LINCSCP_6122,A549,10uM,6h,NA,-0.21532263,NA,NA,NA
Lenalidomide,LINCSCP_234666,LOVO,100uM,6h,4,-0.21531933,NA,NA,NA
BRD-K26507936,LINCSCP_60858,VCAP,5uM,24h,NA,-0.215303,NA,0.20814926,NA
Cidoxepin,LINCSCP_171268,YAPC,10uM,24h,NA,-0.21522652,NA,NA,NA
SRT-1720,LINCSCP_29354,LOVO,10uM,6h,NA,-0.21518262,NA,0.24088256,NA
Molindone,LINCSCP_140600,MCF7,0.37uM,24h,4,-0.21512551,NA,0.21571338,NA
Pyroxamide,LINCSCP_6239,A549,10uM,6h,NA,-0.21499573,NA,NA,NA
BRD-K54756845,LINCSCP_312486,VCAP,10uM,24h,NA,-0.21497069,NA,NA,NA
CHEMBL2354467,LINCSCP_28132,HT29,5uM,24h,NA,-0.21474755,NA,NA,NA
MLS002703117,LINCSCP_269528,PC3,10uM,6h,NA,-0.21463294,NA,NA,NA
BRD-K47342144-019-01-3,LINCSCP_65157,VCAP,10uM,6h,NA,-0.21461738,NA,NA,NA
BSPBIO_000981,LINCSCP_58569,VCAP,10uM,24h,NA,-0.2145267,NA,NA,-0.27463058
Bongkrekic acid,LINCSCP_191897,A549,10uM,6h,NA,-0.21448677,NA,NA,NA
MLS000925170,LINCSCP_17000,HA1E,10uM,6h,NA,-0.21429572,NA,NA,NA
Remoxipride,LINCSCP_273358,PC3,10uM,24h,4,-0.21422848,NA,NA,NA
MLS002474082,LINCSCP_59272,VCAP,10uM,24h,NA,-0.21422023,NA,0.24938805,NA
BRD-K51287451,LINCSCP_62667,VCAP,5uM,24h,NA,-0.21421249,NA,0.31289763,NA
CHEMBL3187513,LINCSCP_61124,VCAP,5uM,6h,NA,-0.21419116,NA,NA,NA
"3-Hydroxy-4,5-dimethoxybenzoic acid",LINCSCP_41172,NEU,10uM,24h,NA,-0.21416827,NA,NA,NA
Axitinib,LINCSCP_58723,VCAP,10uM,6h,4,-0.2140524,NA,NA,NA
Benzonatate,LINCSCP_11344,ASC,10uM,24h,4,-0.21379523,NA,NA,NA
MLS000080519,LINCSCP_57395,VCAP,10uM,6h,NA,-0.21376741,NA,NA,NA
KU-C104137,LINCSCP_19685,HCC515,10uM,6h,NA,-0.21371272,NA,NA,NA
SCHEMBL15556278,LINCSCP_152460,PC3,0.04uM,24h,NA,-0.21370429,NA,NA,NA
PK04_181167,LINCSCP_295182,VCAP,10uM,6h,NA,-0.21357524,-0.22421107,NA,NA
BRD-K66805710,LINCSCP_309917,VCAP,30uM,6h,NA,-0.21357034,NA,NA,NA
GSK 3BETA Inhibitor VIII,LINCSCP_42776,NPC,10uM,24h,NA,-0.2135059,NA,NA,NA
Dasb,LINCSCP_207046,FIBRNPC,10uM,24h,NA,-0.21350442,NA,NA,NA
VU0447126-2,LINCSCP_5352,A549,10uM,24h,NA,-0.2135016,NA,0.21035611,NA
BRD-K85822033,LINCSCP_24150,HL60,1uM,24h,NA,-0.21343668,NA,0.24074009,NA
ZSTK 474,LINCSCP_116777,HT29,1.11uM,24h,NA,-0.21341742,NA,NA,NA
Epigalocatechin Gallate,LINCSCP_84584,ASC,10uM,24h,NA,-0.21336643,NA,0.27313068,NA
"5-Bromo-n-(6-butyl-1,3-benzothiazol-2-yl)furan-2-carboxamide",LINCSCP_177817,A375,10uM,24h,NA,-0.21330984,NA,NA,NA
Clarithromycin,LINCSCP_71526,A375,0.12uM,24h,4,-0.21313548,0.20373578,0.25004756,NA
SCH-23390,LINCSCP_252238,MCF7,3uM,24h,NA,-0.21308535,NA,NA,NA
Ubenimex,LINCSCP_139338,MCF7,10uM,24h,2,-0.21306476,NA,NA,NA
BRD-K30611309,LINCSCP_64646,VCAP,10uM,24h,NA,-0.21297947,NA,0.20688727,NA
R-N-Propylnorapomorphine,LINCSCP_227419,HT29,10uM,6h,NA,-0.21295779,NA,NA,NA
Mebeverine,LINCSCP_14806,HA1E,10uM,6h,4,-0.2129466,NA,NA,NA
Brexpiprazole,LINCSCP_170370,YAPC,10uM,24h,4,-0.21278738,NA,NA,NA
BRD-K12450081,LINCSCP_309859,VCAP,30uM,6h,NA,-0.21272132,NA,NA,NA
Daidzein,LINCSCP_312,A375,10uM,24h,NA,-0.21266289,NA,0.2101432,NA
BMS-777607,LINCSCP_84244,ASC,10uM,24h,2,-0.21265948,NA,NA,NA
BRD-K49911380,LINCSCP_62382,VCAP,5uM,6h,NA,-0.21265118,0.20372503,0.21072816,NA
BRD-K10578928,LINCSCP_63665,VCAP,5uM,24h,NA,-0.21258998,NA,NA,NA
BRD-K00664012,LINCSCP_47382,PC3,10uM,6h,NA,-0.21255102,NA,NA,NA
BRD-K86011921,LINCSCP_312059,VCAP,10uM,24h,NA,-0.21244953,-0.2488796,NA,0.20818731
BRD-K87517219,LINCSCP_62182,VCAP,5uM,24h,NA,-0.21242611,NA,0.23109819,NA
BRD-K23657553,LINCSCP_52227,SKB,10uM,24h,NA,-0.21242097,NA,NA,NA
BRD-K33504592,LINCSCP_60870,VCAP,5uM,24h,NA,-0.21241038,NA,0.21888643,NA
Equilin,LINCSCP_193351,A549,10uM,6h,NA,-0.2123463,NA,NA,NA
"7,4'-Dihydroxyflavone",LINCSCP_33770,MCF7,10uM,6h,NA,-0.21222631,NA,NA,NA
BRD-K83241810,LINCSCP_60328,VCAP,5uM,6h,NA,-0.21221581,NA,0.29026947,NA
CHEMBL520231,LINCSCP_53199,SKM1,10uM,6h,NA,-0.21219589,NA,NA,NA
BSPBIO_001592,LINCSCP_13232,FIBRNPC,10uM,24h,NA,-0.21218664,NA,NA,NA
Mizolastine,LINCSCP_119933,HT29,0.12uM,24h,4,-0.21203508,NA,NA,NA
Thalidomide,LINCSCP_206440,DV90,10uM,6h,4,-0.21191895,NA,NA,NA
N-[4-Chloro-3-(trifluoromethyl)phenyl]-2-ethoxybenzamide,LINCSCP_86932,CD34,0.12uM,24h,NA,-0.2118365,NA,NA,NA
BRD-K53528245,LINCSCP_61620,VCAP,5uM,24h,NA,-0.21142914,NA,NA,NA
BRD-K47587697,LINCSCP_62005,VCAP,5uM,24h,NA,-0.21113322,NA,NA,NA
"N-{3-[(4-methoxyphenyl)amino]-1,4-dioxo-1,4-dihydronaphthalen-2-yl}acetamide",LINCSCP_222137,HL60,1uM,24h,NA,-0.21107755,NA,0.23422074,NA
BRD-K92047490,LINCSCP_310078,VCAP,30uM,24h,NA,-0.21106373,NA,NA,NA
KUC104253,LINCSCP_21940,HEPG2,10uM,6h,NA,-0.21104612,NA,NA,NA
Yohimbine,LINCSCP_301,A375,10uM,24h,4,-0.21095397,NA,0.25591347,NA
Calpeptin,LINCSCP_55647,VCAP,10uM,24h,NA,-0.21088665,NA,NA,NA
Linolenic acid,LINCSCP_28761,HUH7,0.1uM,24h,NA,-0.21088449,NA,0.21020233,NA
BRD-K66149578,LINCSCP_60066,VCAP,5uM,24h,NA,-0.21086889,NA,0.24797582,NA
Diphenhydramine,LINCSCP_293901,VCAP,10uM,24h,4,-0.21086248,NA,NA,NA
BRD-K59341874,LINCSCP_250016,MCF7,10uM,24h,NA,-0.21085819,NA,0.20629776,NA
BRD-K42543764,LINCSCP_3456,A375,5uM,24h,NA,-0.21085026,NA,0.29066585,NA
FPA1_000301,LINCSCP_203564,ASC,10uM,24h,NA,-0.21082264,NA,0.21190087,NA
BRD-K13848456,LINCSCP_60462,VCAP,5uM,6h,NA,-0.2107698,NA,NA,NA
CHEMBL3109370,LINCSCP_23235,HEPG2,10uM,6h,NA,-0.21073778,NA,NA,NA
BRD-K82226238,LINCSCP_65528,VCAP,10uM,6h,NA,-0.21062094,NA,NA,NA
BRD-K02290471,LINCSCP_48716,PC3,10uM,24h,NA,-0.21052497,NA,NA,NA
CID 57118766,LINCSCP_47679,PC3,10uM,24h,NA,-0.21040527,NA,NA,-0.27704061
SCHEMBL16196749,LINCSCP_52368,SKB,10uM,24h,NA,-0.21036868,NA,0.25568144,NA
BRD-K03608142,LINCSCP_28062,HT29,5uM,24h,NA,-0.21034835,NA,NA,NA
SAR245409,LINCSCP_222716,HS578T,1uM,24h,NA,-0.2103161,NA,0.28756241,NA
BRD-K47419679,LINCSCP_48978,PC3,10uM,24h,NA,-0.21023922,NA,NA,NA
BRD-K23985677,LINCSCP_61576,VCAP,5uM,24h,NA,-0.21017404,NA,0.22149477,NA
Panobinostat,LINCSCP_9947,A549,0.04uM,24h,4,-0.21017059,NA,NA,NA
Verapamil,LINCSCP_239069,MCF7,10uM,6h,4,-0.21009325,NA,NA,NA
Acarbose,LINCSCP_5803,A549,10uM,6h,NA,-0.21008044,NA,NA,NA
Acarbose,LINCSCP_5803,A549,10uM,6h,4,-0.21008044,NA,NA,NA
WZ 3146,LINCSCP_59107,VCAP,10uM,6h,NA,-0.20999798,NA,NA,NA
SMR001318078,LINCSCP_57254,VCAP,10uM,24h,NA,-0.20986202,NA,NA,NA
2-(6-Methyl-1H-indol-3-yl)ethanamine,LINCSCP_259815,NEU,10uM,6h,NA,-0.20978834,NA,NA,NA
Maackiain,LINCSCP_55612,VCAP,10uM,24h,NA,-0.20974044,NA,0.21143858,NA
BRD-K27835062,LINCSCP_60671,VCAP,5uM,6h,NA,-0.2096885,NA,NA,NA
GBR12783,LINCSCP_14320,HA1E,10uM,6h,NA,-0.2096383,NA,NA,NA
BRD-K10779199,LINCSCP_48728,PC3,10uM,24h,NA,-0.20951385,NA,NA,NA
Proglumide,LINCSCP_140998,MCF7,0.04uM,24h,4,-0.2095034,NA,NA,NA
Apilimod,LINCSCP_105658,HELA,3.33uM,24h,NA,-0.20949804,NA,NA,NA
Arundine,LINCSCP_105501,HELA,1uM,24h,NA,-0.20941404,NA,NA,NA
Sericetin,LINCSCP_55623,VCAP,10uM,24h,NA,-0.20937187,NA,0.2328944,NA
[3H]NEMONAPRIDE,LINCSCP_41211,NEU,10uM,24h,NA,-0.20935544,NA,NA,NA
BRD-K80786583-001-01-5,LINCSCP_6285,A549,10uM,6h,NA,-0.2091071,NA,0.26178298,NA
NCGC00238427-01,LINCSCP_26040,HT29,10uM,6h,NA,-0.20909781,NA,NA,NA
BRD-K74817145,LINCSCP_61160,VCAP,5uM,6h,NA,-0.20897453,NA,0.25723861,NA
Ipatasertib,LINCSCP_146074,MNEU.E,10uM,24h,2,-0.20892112,NA,NA,NA
SPECTRUM_001060,LINCSCP_138677,MCF7,0.04uM,24h,NA,-0.20885561,NA,NA,NA
VU0413255-1,LINCSCP_292464,VCAP,10uM,24h,NA,-0.20885466,NA,NA,NA
FPL64176,LINCSCP_43802,OV7,10uM,6h,NA,-0.20881827,NA,NA,NA
Metyrapone,LINCSCP_291147,VCAP,10uM,24h,4,-0.20877588,NA,NA,NA
MLS000094939,LINCSCP_57441,VCAP,10uM,6h,NA,-0.20868082,NA,NA,NA
BRD-K01615174,LINCSCP_48715,PC3,10uM,24h,NA,-0.20862181,NA,NA,NA
FAMPRIDINE,LINCSCP_136554,MCF7,0.04uM,24h,4,-0.20859444,NA,NA,NA
TIE2 Kinase Inhibitor,LINCSCP_129359,HUVEC,10uM,24h,NA,-0.2085752,NA,NA,NA
BRD-K05273600,LINCSCP_63052,VCAP,5uM,24h,NA,-0.20857005,NA,0.23261525,NA
Linopirdine,LINCSCP_56761,VCAP,10uM,6h,NA,-0.20839367,NA,NA,NA
BRD-K34387287,LINCSCP_26636,HT29,10uM,6h,NA,-0.2083114,NA,NA,NA
Pregnenolone,LINCSCP_73339,A375,1.11uM,24h,NA,-0.20824483,-0.22354076,NA,0.23331153
Lavendustin C,LINCSCP_22601,HEPG2,10uM,6h,NA,-0.20823386,NA,NA,NA
Tretinoin,LINCSCP_64593,VCAP,5uM,6h,4,-0.20810402,NA,NA,NA
(+)-Tranylcypromine,LINCSCP_13396,FIBRNPC,10uM,6h,NA,-0.20809495,NA,NA,NA
SNX-2112 (PF-04928473),LINCSCP_125646,HT29,1.11uM,24h,NA,-0.20797647,NA,NA,NA
Tetraidofluorescein,LINCSCP_18865,HCC515,10uM,24h,NA,-0.20793326,NA,NA,NA
Carprofen,LINCSCP_101679,HELA,0.12uM,24h,4,-0.20792467,NA,NA,NA
CHEMBL57427,LINCSCP_7045,A549,10uM,24h,NA,-0.20778198,NA,NA,NA
BRD-K22261046,LINCSCP_35295,MCF7,10uM,24h,NA,-0.20773173,NA,0.29285596,NA
penicillin,LINCSCP_158698,PC3,3.33uM,24h,NA,-0.20770482,NA,NA,NA
BRD-K72539944,LINCSCP_312526,VCAP,10uM,24h,NA,-0.20767406,NA,NA,NA
IOX2,LINCSCP_88688,HA1E,10uM,24h,NA,-0.20764078,NA,NA,NA
BRD-K50177987,LINCSCP_7976,A549,10uM,6h,NA,-0.20762759,NA,NA,NA
SR-03000001971,LINCSCP_5313,A549,10uM,6h,NA,-0.20755224,NA,NA,NA
MLS002264476,LINCSCP_1400,A375,10uM,24h,NA,-0.20752732,NA,NA,NA
MLS002725683,LINCSCP_295196,VCAP,10uM,24h,NA,-0.20749572,NA,NA,NA
ST012030,LINCSCP_58537,VCAP,10uM,24h,NA,-0.20748699,NA,NA,NA
BRD-K94579454,LINCSCP_61178,VCAP,5uM,6h,NA,-0.20744548,NA,NA,NA
NCGC00025321-01,LINCSCP_55688,VCAP,10uM,24h,NA,-0.20742393,NA,0.22674928,NA
AZD8931 (Sapitinib),LINCSCP_175910,YAPC,10uM,24h,2,-0.20733929,NA,NA,NA
WAY-262611,LINCSCP_41531,NEU,10uM,6h,NA,-0.20722378,NA,NA,NA
MLS002264394,LINCSCP_188868,A549,10uM,24h,NA,-0.20721399,NA,NA,NA
BRD-K57461880,LINCSCP_60053,VCAP,5uM,24h,NA,-0.2070497,NA,0.25167158,NA
Zileuton,LINCSCP_4665,A549,100uM,6h,4,-0.20702088,NA,NA,NA
BRD-K56593426,LINCSCP_8744,A549,5uM,24h,NA,-0.20699319,NA,NA,NA
Dolastatin 10,LINCSCP_109670,HELA,0.04uM,24h,NA,-0.20696468,NA,NA,NA
Temozolomide,LINCSCP_169403,YAPC,0.04uM,24h,4,-0.20691492,NA,NA,NA
Nitazoxanide,LINCSCP_58215,VCAP,10uM,24h,4,-0.20690175,NA,NA,NA
MLS002473819,LINCSCP_58601,VCAP,10uM,24h,NA,-0.20688584,NA,NA,NA
Diphenoxylate,LINCSCP_1907,A375,10uM,6h,4,-0.20686618,NA,NA,NA
Tetradecylthioacetic acid,LINCSCP_73614,A375,0.37uM,24h,NA,-0.20686535,NA,NA,NA
Fentiazac,LINCSCP_101560,HELA,0.04uM,24h,NA,-0.20685904,NA,NA,NA
AC1MGUE5,LINCSCP_226104,HT29,10uM,6h,NA,-0.20682443,NA,NA,NA
CHEMBL2359502,LINCSCP_5989,A549,10uM,24h,NA,-0.20678416,NA,0.27279454,NA
F1822-0459,LINCSCP_268427,PC3,10uM,6h,NA,-0.20663111,NA,NA,NA
CHEMBL2131444,LINCSCP_27247,HT29,10uM,6h,NA,-0.20661013,NA,NA,-0.22586786
CHEMBL2140128,LINCSCP_59364,VCAP,10uM,6h,NA,-0.20657238,NA,NA,NA
C24H30O6,LINCSCP_281672,PHH,10uM,24h,NA,-0.20653163,NA,NA,NA
SCHEMBL2557982,LINCSCP_22034,HEPG2,10uM,6h,NA,-0.20641678,NA,NA,NA
CHEMBL40257,LINCSCP_259442,NEU,10uM,24h,NA,-0.20630501,NA,NA,NA
BRD-K33676730,LINCSCP_32043,MCF7,10uM,6h,NA,-0.20628798,NA,NA,NA
Syringic acid,LINCSCP_50472,PHH,10uM,6h,NA,-0.20610307,NA,NA,NA
BRD-K01594737,LINCSCP_8427,A549,5uM,24h,NA,-0.20605208,NA,0.28619991,NA
MLS002607718,LINCSCP_188866,A549,10uM,24h,NA,-0.20602351,-0.20277816,NA,NA
Broad-Sai-686,LINCSCP_28545,HT29,10uM,24h,NA,-0.20601433,NA,NA,NA
CHEMBL153158,LINCSCP_18486,HCC515,10uM,24h,NA,-0.20600945,NA,0.2407702,NA
CO-1686 (AVL-301),LINCSCP_155885,PC3,0.12uM,24h,3,-0.20574442,NA,NA,NA
C24H25CLFN5O3,LINCSCP_145779,MDAMB231,1.11uM,3h,NA,-0.20573464,NA,NA,NA
CHEMBL2362456,LINCSCP_63210,VCAP,5uM,24h,NA,-0.20569735,NA,NA,NA
CEFOTETAN,LINCSCP_109700,HELA,0.04uM,24h,NA,-0.20569603,NA,0.20197005,NA
Butoconazole,LINCSCP_18471,HCC515,10uM,24h,4,-0.2055687,NA,0.23531035,NA
"Triazine Scaffold, 37",LINCSCP_292199,VCAP,10uM,6h,NA,-0.20556636,NA,0.26894449,NA
Fludarabine,LINCSCP_227986,HT29,10uM,6h,NA,-0.2055402,NA,NA,NA
Remacemide,LINCSCP_191889,A549,10uM,6h,NA,-0.20546896,NA,NA,NA
BRD-K93545352,LINCSCP_60334,VCAP,5uM,6h,NA,-0.20541827,NA,NA,NA
"Forskolin, NKH477",LINCSCP_72147,A375,0.12uM,24h,NA,-0.2054068,NA,NA,NA
BRD-K18350116,LINCSCP_300038,VCAP,5uM,6h,NA,-0.20536469,NA,NA,NA
Tyrphostin AG 1288,LINCSCP_58833,VCAP,10uM,24h,NA,-0.20522954,NA,NA,NA
BRD-K31815095,LINCSCP_306530,VCAP,5uM,6h,NA,-0.20517135,NA,-0.26904542,NA
BRD-K58856256,LINCSCP_27810,HT29,5uM,24h,NA,-0.20514486,NA,NA,NA
RU-24969,LINCSCP_223251,HT29,10uM,6h,NA,-0.20510391,NA,NA,NA
MLS001065838,LINCSCP_25959,HT29,10uM,24h,NA,-0.2050053,NA,NA,NA
GDC-0980 (RG7422),LINCSCP_154814,PC3,0.37uM,24h,2,-0.20493966,NA,NA,NA
MLS002264411,LINCSCP_26187,HT29,10uM,6h,NA,-0.20492401,NA,NA,NA
Resmethrin,LINCSCP_460,A375,10uM,6h,NA,-0.20486987,NA,0.23288846,NA
CHEMBL1720543,LINCSCP_19717,HCC515,10uM,6h,NA,-0.20482283,NA,NA,NA
CHEMDIV3_000020,LINCSCP_257679,NEU,10uM,24h,NA,-0.20476251,NA,NA,NA
CGP-12177,LINCSCP_138969,MCF7,0.37uM,24h,NA,-0.20474929,NA,NA,NA
Estriol,LINCSCP_218086,HCC515,0.04uM,24h,4,-0.20463967,NA,NA,NA
BRD-K21458727,LINCSCP_59743,VCAP,5uM,6h,NA,-0.20462641,NA,0.26266865,NA
Esmolol,LINCSCP_170182,YAPC,0.12uM,24h,4,-0.20459295,NA,NA,NA
BRD-K07923524,LINCSCP_63864,VCAP,5uM,24h,NA,-0.20455102,NA,NA,NA
BRD-K27675859,LINCSCP_60670,VCAP,5uM,6h,NA,-0.20447829,NA,NA,NA
BRD-K75949681,LINCSCP_312536,VCAP,10uM,24h,NA,-0.20446612,NA,NA,NA
Sulbactam,LINCSCP_96787,HA1E,3.33uM,24h,NA,-0.20437103,-0.20750505,NA,NA
Sulbactam,LINCSCP_96787,HA1E,3.33uM,24h,4,-0.20437103,-0.20750505,NA,NA
lapatinib,LINCSCP_6129,A549,10uM,6h,NA,-0.20434113,NA,NA,NA
BRD-K64478813,LINCSCP_62801,VCAP,5uM,24h,NA,-0.20431204,NA,0.24739533,NA
Apafant,LINCSCP_74033,A375,0.04uM,24h,NA,-0.20430753,NA,NA,NA
KUC104248,LINCSCP_15975,HA1E,10uM,6h,NA,-0.20427725,NA,NA,NA
BRD-K63000292,LINCSCP_48553,PC3,10uM,24h,NA,-0.20416634,NA,NA,NA
Noscapine,LINCSCP_57487,VCAP,10uM,6h,4,-0.20415301,NA,0.23828571,NA
"2,2'-Pyridylisatogen",LINCSCP_55992,VCAP,10uM,24h,NA,-0.20413662,NA,NA,NA
SA-84869,LINCSCP_260401,NKDBA,3uM,24h,NA,-0.20411719,NA,0.2292132,NA
BRD-K63140065,LINCSCP_61632,VCAP,5uM,24h,NA,-0.20408962,NA,NA,NA
Spiramide,LINCSCP_50522,PHH,3uM,6h,NA,-0.20408818,NA,NA,NA
Procarbazine,LINCSCP_18534,HCC515,10uM,24h,4,-0.20399827,NA,NA,NA
BRD-K88008216,LINCSCP_23277,HEPG2,10uM,6h,NA,-0.20395371,NA,NA,NA
BRD-K73408523,LINCSCP_41677,NKDBA,10uM,24h,NA,-0.20391375,NA,NA,NA
BRD-K70983703,LINCSCP_41116,NEU,10uM,24h,NA,-0.20385848,NA,NA,NA
BRD-K81940726,LINCSCP_27733,HT29,5uM,24h,NA,-0.20375356,NA,NA,NA
BRD-K69096174,LINCSCP_28851,HUH7,10uM,24h,NA,-0.20368876,NA,NA,NA
Isotretinoin,LINCSCP_59603,VCAP,10uM,6h,4,-0.20362826,NA,NA,NA
Fumonisin-B1,LINCSCP_15198,HA1E,100uM,24h,NA,-0.20361573,NA,NA,NA
BMS-536924,LINCSCP_53458,SKMEL28,10uM,6h,NA,-0.20359633,NA,NA,NA
BRD-K05111274,LINCSCP_60132,VCAP,5uM,24h,NA,-0.20352651,NA,0.20671672,NA
Palmitoyl Carnitine,LINCSCP_2278,A375,10uM,6h,NA,-0.20351824,NA,NA,NA
AC1M52QF,LINCSCP_224030,HT29,10uM,24h,NA,-0.20347792,NA,NA,NA
MK-0812,LINCSCP_169737,YAPC,0.37uM,24h,NA,-0.20347563,NA,NA,NA
BRD-K55633328,LINCSCP_185153,A375,5uM,24h,NA,-0.20339569,NA,0.22927732,NA
SCHEMBL16984308,LINCSCP_50341,PHH,10uM,24h,NA,-0.20334917,NA,NA,NA
CHEMBL1456638,LINCSCP_45671,PC3,10uM,24h,NA,-0.20330845,NA,NA,NA
GSK1292263,LINCSCP_171124,YAPC,10uM,24h,NA,-0.20312357,NA,NA,NA
Sulindac,LINCSCP_207420,FIBRNPC,10uM,24h,4,-0.20311302,NA,NA,NA
BRD-K25436320,LINCSCP_3551,A375,10uM,24h,NA,-0.20310635,NA,NA,NA
BRD-K58607374,LINCSCP_8812,A549,5uM,24h,NA,-0.20305125,NA,NA,NA
KUC105208 KUC105208N,LINCSCP_222177,HL60,0.5uM,24h,NA,-0.20298692,-0.2618729,NA,NA
Ezetimibe,LINCSCP_211190,HA1E,10uM,6h,4,-0.20290309,NA,0.23603126,NA
BRD-K63948704,LINCSCP_60062,VCAP,5uM,24h,NA,-0.20286149,NA,0.23503369,NA
Terreic-acid,LINCSCP_13287,FIBRNPC,10uM,6h,NA,-0.20280632,NA,NA,NA
altrenogest,LINCSCP_106481,HELA,0.37uM,24h,NA,-0.2027837,NA,NA,NA
Chicago Sky Blue,LINCSCP_47647,PC3,10uM,24h,NA,-0.20271748,NA,NA,NA
LACOSAMIDE,LINCSCP_142451,MCF7,10uM,24h,4,-0.20258369,NA,NA,0.21589653
UB-165,LINCSCP_289163,VCAP,10uM,24h,NA,-0.20253443,NA,NA,NA
T5285107,LINCSCP_25929,HT29,10uM,24h,NA,-0.20240292,NA,NA,NA
BRD-K58300499,LINCSCP_300136,VCAP,5uM,6h,NA,-0.20236196,NA,NA,NA
BRD-K41042536,LINCSCP_66108,VCAP,10uM,24h,NA,-0.20235298,NA,NA,NA
MLS003129190,LINCSCP_60770,VCAP,5uM,24h,NA,-0.20233383,NA,NA,NA
CHEMBL1982510,LINCSCP_59388,VCAP,10uM,6h,NA,-0.20231701,NA,NA,NA
Tiotidine,LINCSCP_242244,MCF7,10uM,6h,NA,-0.20231674,0.20438791,NA,NA
MLS003130158,LINCSCP_66085,VCAP,10uM,24h,NA,-0.20224662,NA,NA,NA
BRD-A73847809,LINCSCP_294491,VCAP,10uM,6h,NA,-0.20192458,NA,NA,NA
BRD-K34382714,LINCSCP_8477,A549,5uM,24h,NA,-0.20191898,NA,NA,NA
CHEMBL2139763,LINCSCP_65605,VCAP,10uM,24h,NA,-0.20187682,NA,NA,NA
Oxfendazole,LINCSCP_153574,PC3,0.12uM,24h,NA,-0.20186739,NA,NA,NA
CHEMBL2359798,LINCSCP_59309,VCAP,10uM,6h,NA,-0.20180551,NA,NA,NA
SA-1920722,LINCSCP_37737,MCF7,10uM,24h,NA,-0.20180241,NA,NA,NA
ZINC01045466,LINCSCP_23299,HEPG2,10uM,6h,NA,-0.20179748,NA,NA,NA
MLS000564806,LINCSCP_21289,HEC108,10uM,6h,NA,-0.20178852,NA,0.27018258,NA
Celecoxib,LINCSCP_225018,HT29,10uM,6h,4,-0.2017587,NA,NA,NA
Hexachlorophene,LINCSCP_110391,HELA,1.11uM,24h,4,-0.20166384,NA,NA,NA
CHEMBL2354474,LINCSCP_295015,VCAP,10uM,6h,NA,-0.20166277,NA,NA,NA
Nelfinavir,LINCSCP_16207,HA1E,10uM,6h,4,-0.20163295,NA,NA,NA
Syrosingopine,LINCSCP_18099,HCC515,10uM,6h,NA,-0.20159817,NA,0.26272062,NA
AC1O9CXV,LINCSCP_46459,PC3,10uM,24h,NA,-0.20157346,NA,NA,NA
IN1549,LINCSCP_30724,MCF7,10uM,6h,NA,-0.20146738,NA,NA,NA
MLS003448169,LINCSCP_5217,A549,10uM,6h,NA,-0.20143341,NA,NA,NA
Azelastine,LINCSCP_174299,YAPC,10uM,24h,4,-0.20139416,NA,NA,NA
CHEMBL2354402,LINCSCP_59714,VCAP,5uM,24h,NA,-0.20137592,NA,0.22373728,NA
BRD-K49687221,LINCSCP_35331,MCF7,10uM,24h,NA,-0.20137553,NA,0.22550392,NA
L-690330,LINCSCP_53002,SKLU1,10uM,6h,NA,-0.20136815,NA,0.22055101,NA
BRD-K71240454,LINCSCP_310172,VCAP,30uM,6h,NA,-0.20135939,NA,NA,NA
Mozavaptan,LINCSCP_169379,YAPC,0.04uM,24h,NA,-0.20132186,NA,NA,NA
Glafenine,LINCSCP_103377,HELA,0.37uM,24h,4,-0.20126858,NA,NA,NA
Alaproclate,LINCSCP_92827,HA1E,0.12uM,24h,NA,-0.20123472,NA,NA,NA
ZINC27645180,LINCSCP_46317,PC3,10uM,6h,NA,-0.20123393,NA,NA,NA
SMR000208762,LINCSCP_15953,HA1E,10uM,6h,NA,-0.20118201,NA,NA,-0.28084156
MLS001065878,LINCSCP_57477,VCAP,10uM,6h,NA,-0.20116837,NA,0.25754475,NA
Phloretin,LINCSCP_19506,HCC515,100uM,6h,NA,-0.20115527,NA,0.20432305,NA
BRD-K03210181,LINCSCP_62248,VCAP,5uM,24h,NA,-0.2010452,NA,NA,NA
BRD-K28851694,LINCSCP_303284,VCAP,5uM,6h,NA,-0.20103641,NA,0.25524594,NA
AZD-2014,LINCSCP_57171,VCAP,10uM,6h,2,-0.2009179,NA,NA,NA
Isoxsuprine,LINCSCP_55598,VCAP,10uM,24h,4,-0.20091406,NA,0.25030325,NA
SPECTRUM_000898,LINCSCP_56360,VCAP,10uM,24h,NA,-0.20086784,NA,0.26939832,NA
BRD-K91946056,LINCSCP_9096,A549,10uM,24h,NA,-0.20082041,NA,NA,NA
BRD-K86948282,LINCSCP_65534,VCAP,10uM,6h,NA,-0.20074924,-0.20693912,NA,NA
BRD-K71287386,LINCSCP_301057,VCAP,5uM,6h,NA,-0.20060966,NA,NA,NA
BRD-A40163033,LINCSCP_41146,NEU,10uM,24h,NA,-0.20052842,NA,NA,NA
MEGXP0_000778,LINCSCP_40879,NEU,10uM,24h,NA,-0.20034062,NA,NA,NA
MLS002471788,LINCSCP_21800,HEPG2,10uM,6h,NA,-0.20025915,NA,NA,NA
"Dihydroorotate Dehydrogenase Inhibitor, Brequinar",LINCSCP_127867,HT29,0.37uM,24h,NA,-0.20024639,NA,NA,NA
BRD-K30935394,LINCSCP_311696,VCAP,10uM,24h,NA,-0.20023721,NA,NA,NA
CHEMBL2355630,LINCSCP_49036,PC3,10uM,24h,NA,-0.2001954,NA,NA,NA
4449-51-8,LINCSCP_58677,VCAP,10uM,6h,NA,-0.20019053,NA,NA,NA
BRD-K69218883,LINCSCP_232937,HT29,10uM,24h,NA,-0.20015091,NA,NA,NA
BRD-K11883928,LINCSCP_225915,HT29,10uM,6h,NA,-0.20011246,NA,0.20092768,NA
MLS003128793,LINCSCP_64380,VCAP,5uM,6h,NA,-0.20008164,NA,NA,NA
BRD-K75990826,LINCSCP_8317,A549,5uM,24h,NA,-0.20005721,NA,0.24488499,NA
BRD-K78316354,LINCSCP_307376,VCAP,5uM,24h,NA,-0.2000131,NA,NA,NA
SMR000075319,LINCSCP_53393,SKMEL28,60uM,6h,NA,NA,0.44707377,NA,NA
BRD-A24396574-001-01-5,LINCSCP_145765,MDAMB231,10uM,3h,NA,NA,0.42295379,NA,-0.53041105
Manumycin-A,LINCSCP_53412,SKMEL28,10uM,6h,NA,NA,0.41391946,NA,-0.35976606
GNF-PF-159,LINCSCP_23296,HEPG2,10uM,6h,NA,NA,0.41377985,NA,-0.35395223
ST072947,LINCSCP_46569,PC3,10uM,6h,NA,NA,0.40159481,NA,NA
CHEMBL3182405,LINCSCP_12639,CORL23,10uM,6h,NA,NA,0.39930902,NA,-0.55267739
CHEMBL1434137,LINCSCP_54003,SW480,40uM,6h,NA,NA,0.39725036,NA,-0.50767327
79966-13-5,LINCSCP_15657,HA1E,10uM,6h,NA,NA,0.39404863,NA,NA
MLS002703105,LINCSCP_45264,PC3,10uM,24h,NA,NA,0.38854898,NA,-0.44426585
Salermide,LINCSCP_54104,SW620,100uM,6h,NA,NA,0.37522741,NA,-0.47729416
BRD-K20352452,LINCSCP_258917,NEU,10uM,24h,NA,NA,0.37351506,NA,NA
MLS000718723,LINCSCP_1685,A375,10uM,6h,NA,NA,0.3704332,NA,-0.41317124
AKT Inhibitor IV,LINCSCP_10362,A673,10uM,6h,NA,NA,0.36251587,NA,NA
CDK4 Inhibitor III,LINCSCP_22883,HEPG2,10uM,6h,NA,NA,0.35902127,NA,NA
QL47,LINCSCP_113637,HME1,10uM,3h,NA,NA,0.35631736,NA,NA
STK249718,LINCSCP_26715,HT29,10uM,6h,NA,NA,0.35057011,NA,-0.38789715
Sepantronium,LINCSCP_54324,SW620,0.5uM,6h,2,NA,0.34670362,NA,-0.42414851
ML162,LINCSCP_53400,SKMEL28,10uM,6h,NA,NA,0.34541779,NA,-0.41789025
N-(4-METHOXYPHENYL)-1-PHENYL-1H-PYRAZOL-3-AMINE,LINCSCP_76268,A375,1.11uM,24h,NA,NA,0.34490845,NA,NA
BG-1028,LINCSCP_43676,NPC,10uM,6h,NA,NA,0.34481017,NA,-0.29059472
Menadione,LINCSCP_12654,CORL23,10uM,6h,4,NA,0.34475114,NA,-0.38355262
BG-1007,LINCSCP_43647,NPC,10uM,6h,NA,NA,0.34404583,NA,-0.3138609
Penfluridol,LINCSCP_57081,VCAP,30uM,6h,NA,NA,0.34295359,NA,-0.43162852
Gossypol,LINCSCP_54189,SW620,10uM,6h,NA,NA,0.34207129,NA,-0.47435025
CHEMBL399379,LINCSCP_54236,SW620,80uM,6h,NA,NA,0.34098521,NA,-0.43810298
BG-1027,LINCSCP_43687,NPC,10uM,6h,NA,NA,0.34061677,NA,-0.28139831
Withaferin A,LINCSCP_113452,HME1,3.33uM,3h,NA,NA,0.33759488,NA,-0.4578649
NCH-51,LINCSCP_43634,NPC,10uM,6h,NA,NA,0.33647806,NA,-0.34824102
Calmidazolium,LINCSCP_6544,A549,10uM,6h,NA,NA,0.33473476,NA,NA
BDBM29595,LINCSCP_43677,NPC,10uM,6h,NA,NA,0.33436594,NA,-0.28901259
Trichostatin,LINCSCP_43655,NPC,10uM,6h,NA,NA,0.33404032,NA,-0.25452263
SCHEMBL16980366,LINCSCP_50489,PHH,10uM,6h,NA,NA,0.33401464,NA,-0.38675506
LDN 193189,LINCSCP_12519,CL34,10uM,6h,NA,NA,0.33288806,NA,NA
Camptothecin,LINCSCP_21078,HCC515,0.5uM,6h,NA,NA,0.33099646,NA,-0.34970688
GNF-PF-2272,LINCSCP_26714,HT29,10uM,6h,NA,NA,0.33079084,NA,-0.37696481
Tosedostat,LINCSCP_39826,MDST8,80uM,6h,2,NA,0.33055138,NA,NA
MEGXM0_000203,LINCSCP_50410,PHH,10uM,6h,NA,NA,0.33001728,NA,-0.38575938
CAY10618,LINCSCP_57208,VCAP,10uM,6h,NA,NA,0.32785618,NA,-0.40277389
NSC23766,LINCSCP_12509,CL34,100uM,6h,NA,NA,0.32653477,NA,-0.3338865
Guggulsterone,LINCSCP_192408,A549,10uM,6h,NA,NA,0.32425861,NA,NA
PF750,LINCSCP_30869,MCF7,80uM,6h,NA,NA,0.32382885,NA,NA
Pifithrin MU,LINCSCP_12667,CORL23,10uM,6h,NA,NA,0.32358696,NA,-0.41365708
Avrainvillamide-analog-6,LINCSCP_17467,HA1E,10uM,24h,NA,NA,0.32261862,NA,NA
Arachidonyl Trifluoromethylketone,LINCSCP_15538,HA1E,80uM,6h,NA,NA,0.32217537,NA,NA
MLS000038106,LINCSCP_51249,RMUGS,10uM,6h,NA,NA,0.32174227,NA,-0.43420237
"(1Ar,7as,10as,10br)-1a,5-Dimethyl-8-methylidene-2,3,6,7,7a,8,10a,10b-octahydrooxireno[9,10]cyclodeca[1,2-b]furan-9(1ah)-one",LINCSCP_12658,CORL23,20uM,6h,NA,NA,0.31838483,NA,-0.377918
LE-135,LINCSCP_55443,U937,20uM,6h,NA,NA,0.31669294,NA,NA
IMD-0354,LINCSCP_10421,A673,10uM,6h,NA,NA,0.31485766,NA,-0.42978941
BG-1026,LINCSCP_43629,NPC,10uM,6h,NA,NA,0.31330818,NA,-0.28887398
BAY-117821,LINCSCP_934,A375,10uM,6h,NA,NA,0.31310667,NA,-0.32962375
SCHEMBL2704865,LINCSCP_43600,NPC,10uM,6h,NA,NA,0.31251261,NA,-0.27666941
"4,11-Diethyl-4,9-dihydroxy-1H-pyrano[3',4':6,7]indolizino[1,2-b]quinoline-3,14(4H,12H)-dione",LINCSCP_19460,HCC515,0.5uM,6h,NA,NA,0.31221953,NA,-0.32938711
pyrvinium-pamoate,LINCSCP_53521,SKMEL28,10uM,6h,NA,NA,0.31102264,NA,NA
BSPBIO_001542,LINCSCP_25323,HT29,10uM,6h,NA,NA,0.31087815,NA,-0.34616532
Vorinostat,LINCSCP_43668,NPC,10uM,6h,4,NA,0.30967741,NA,-0.25542823
Niclosamide,LINCSCP_10375,A673,10uM,6h,4,NA,0.30894135,NA,-0.39546805
ST004815,LINCSCP_50460,PHH,20uM,6h,NA,NA,0.30838752,NA,NA
LRRK2-IN-1,LINCSCP_11880,BT20,10uM,6h,NA,NA,0.30830222,NA,-0.29484675
5-Nonyloxytryptamine,LINCSCP_21988,HEPG2,10uM,6h,NA,NA,0.30775909,NA,NA
MLS000718932,LINCSCP_22175,HEPG2,10uM,6h,NA,NA,0.3064944,NA,NA
CHEMBL2361430,LINCSCP_47114,PC3,10uM,24h,NA,NA,0.30637594,NA,-0.32941057
BG-1008,LINCSCP_43537,NPC,10uM,6h,NA,NA,0.30509102,NA,-0.27970754
SMR000217164,LINCSCP_19647,HCC515,10uM,6h,NA,NA,0.30502298,NA,-0.33659563
DICUMAROL,LINCSCP_124897,HT29,0.37uM,24h,4,NA,0.30486757,NA,NA
Withaferin-A,LINCSCP_46689,PC3,10uM,24h,NA,NA,0.30432524,NA,NA
BG-1006,LINCSCP_43613,NPC,10uM,6h,NA,NA,0.30166218,NA,-0.26484749
Oxindole I,LINCSCP_22938,HEPG2,10uM,6h,NA,NA,0.30136756,NA,-0.32990116
Piplartine,LINCSCP_10358,A673,10uM,6h,NA,NA,0.30114842000000003,NA,-0.39108493
Tamoxifen,LINCSCP_43683,NPC,10uM,6h,4,NA,0.3010217,NA,-0.4430434
Amiodarone,LINCSCP_41502,NEU,10uM,6h,4,NA,0.30095198,NA,-0.40983109
CHEMBL3184547,LINCSCP_16434,HA1E,10uM,6h,NA,NA,0.30052792,NA,NA
BRD-K05912972,LINCSCP_64739,VCAP,10uM,6h,NA,NA,0.30044123,NA,0.20694286
KUC111774N,LINCSCP_23801,HEPG2,10uM,6h,NA,NA,0.29976604,NA,NA
Oxamflatin,LINCSCP_43577,NPC,10uM,6h,NA,NA,0.29926422,NA,-0.24783513
M-344,LINCSCP_43620,NPC,10uM,6h,NA,NA,0.29924062,NA,-0.25228395
Gemcitabine,LINCSCP_21063,HCC515,1uM,6h,4,NA,0.29814688,NA,NA
Nilotinib,LINCSCP_96528,HA1E,10uM,24h,4,NA,0.29779202,NA,NA
SMR001317659,LINCSCP_5080,A549,10uM,6h,NA,NA,0.29669297,NA,NA
NSC 663284,LINCSCP_50419,PHH,10uM,6h,NA,NA,0.29633218,NA,NA
ML228,LINCSCP_26097,HT29,10uM,6h,NA,NA,0.29602359,NA,-0.358215
Apicidin,LINCSCP_43541,NPC,10uM,6h,NA,NA,0.29587011,NA,-0.25109477
INCA-6,LINCSCP_33619,MCF7,10uM,24h,NA,NA,0.29528906,NA,NA
"Trichostatin A, Streptomyces Sp.",LINCSCP_67690,NEU,10uM,24h,NA,NA,0.29507824,NA,NA
STK178014,LINCSCP_57213,VCAP,50uM,6h,NA,NA,0.29501093,NA,-0.39636542
MLS002554302,LINCSCP_45975,PC3,10uM,24h,NA,NA,0.29452195,NA,-0.36242073
BRD-A49848186,LINCSCP_16929,HA1E,10uM,6h,NA,NA,0.29417239,NA,-0.33562692
STK219801,LINCSCP_53487,SKMEL28,20uM,6h,NA,NA,0.29408422,NA,NA
BG-1029,LINCSCP_43597,NPC,10uM,6h,NA,NA,0.29395747,NA,-0.28375942
CHEMBL2357005,LINCSCP_50432,PHH,10uM,6h,NA,NA,0.29332533,NA,-0.39735405
KI8751,LINCSCP_503,A375,10uM,6h,NA,NA,0.29296011,NA,-0.41388125
PCI-32765,LINCSCP_133412,MCF7,10uM,24h,NA,NA,0.29262503,NA,NA
MLS001172197,LINCSCP_19658,HCC515,10uM,6h,NA,NA,0.29152177,NA,-0.3582365
CHEMBL2360603,LINCSCP_3520,A375,10uM,24h,NA,NA,0.29133856,NA,-0.40635473
Fedratinib,LINCSCP_53438,SKMEL28,10uM,6h,3,NA,0.29120875,NA,-0.35075224
triptolide,LINCSCP_150244,NPC.TAK,0.37uM,24h,NA,NA,0.29097985,NA,NA
Cerulenin,LINCSCP_10388,A673,40uM,6h,NA,NA,0.29048063,NA,-0.40365707
NCGC00170397-01,LINCSCP_59512,VCAP,10uM,24h,NA,NA,0.2902521,NA,-0.41577012
"13-Hydroxy-8,14,19-trimethoxy-4,10,12,16-tetramethyl-3,20,22-trioxo-2-azabicyclo[16.3.1]docosa-1(21),4,6,10,18-pentaen-9-yl carbamate",LINCSCP_68407,VCAP,10uM,6h,NA,NA,0.29022592,NA,NA
MLS-0208612.0001,LINCSCP_20008,HCC515,10uM,6h,NA,NA,0.29021381,NA,NA
MLS001210968,LINCSCP_15940,HA1E,10uM,6h,NA,NA,0.28999347,NA,-0.32240173
852475-26-4,LINCSCP_148978,NPC,0.04uM,24h,NA,NA,0.289991,NA,NA
BAY 87-2243,LINCSCP_78662,A375,0.12uM,24h,NA,NA,0.28947096,NA,NA
SMR001318079,LINCSCP_57364,VCAP,10uM,6h,NA,NA,0.28851737,NA,NA
CCG-208137,LINCSCP_43674,NPC,10uM,6h,NA,NA,0.28830671,NA,-0.31119759
Scriptaid,LINCSCP_43584,NPC,10uM,6h,NA,NA,0.28824356,NA,-0.24728918
179324-69-7,LINCSCP_101989,HELA,20uM,24h,NA,NA,0.28790995,NA,-0.27248625
BRN 1088757,LINCSCP_2215,A375,10uM,6h,NA,NA,0.28782103,NA,NA
MLS000583957,LINCSCP_6558,A549,10uM,6h,NA,NA,0.28778965,NA,NA
O-Demethylated Adapalene,LINCSCP_53913,SNUC5,10uM,6h,NA,NA,0.28761497,NA,NA
Canertinib,LINCSCP_24762,HS578T,10uM,24h,3,NA,0.28761053,NA,NA
Genz-644282,LINCSCP_143222,MCF7,0.37uM,24h,NA,NA,0.28676286,NA,NA
Apatinib Hydrochloride,LINCSCP_43645,NPC,10uM,6h,NA,NA,0.28659984,NA,-0.2199819
"3,5-Bis(4-methylbenzylidene)piperidin-4-one",LINCSCP_21254,HCT116,10uM,6h,NA,NA,0.2865757,NA,NA
"3,5-Bis(4-methylbenzylidene)piperidin-4-one",LINCSCP_21254,HCT116,10uM,6h,NA,NA,0.2865757,NA,NA
MLS000564806,LINCSCP_54075,SW620,10uM,6h,NA,NA,0.28612164,NA,-0.37294496
"Rhodanine derivative, 38",LINCSCP_42209,NPC,10uM,24h,NA,NA,0.28580513,NA,NA
Valdecoxib,LINCSCP_10526,AGS,100uM,6h,4,NA,0.28569238,NA,NA
NMS-1286937,LINCSCP_173666,YAPC,0.37uM,24h,NA,NA,0.28529685,NA,NA
MLS001116216,LINCSCP_3101,A375,10uM,6h,NA,NA,0.28294665,NA,-0.25853651
MLS000038113,LINCSCP_16598,HA1E,10uM,6h,NA,NA,0.28241494,NA,-0.29738749
GW 405833,LINCSCP_53776,SNUC4,40uM,6h,NA,NA,0.2815653,NA,NA
BG-1025,LINCSCP_43622,NPC,10uM,6h,NA,NA,0.28090263,NA,-0.26721512
Masitinib,LINCSCP_24969,HS578T,0.1uM,6h,3,NA,0.28036912,NA,NA
Phorbol Myristate Acetate,LINCSCP_55388,U937,1uM,6h,NA,NA,0.28026715,NA,NA
Dactolisib,LINCSCP_56832,VCAP,0.5uM,24h,2,NA,0.27970933,NA,NA
Mitoxantrone,LINCSCP_9459,A549,10uM,24h,4,NA,0.27921442,NA,NA
CAY10603,LINCSCP_43657,NPC,10uM,6h,NA,NA,0.27828459,NA,-0.27160973
BRD-A59145032,LINCSCP_2270,A375,10uM,6h,NA,NA,0.27813115,NA,-0.3091843
CHEMBL2139663,LINCSCP_26418,HT29,10uM,6h,NA,NA,0.27798818,NA,-0.32030262
Elesclomol,LINCSCP_54344,SW620,10uM,6h,3,NA,0.27778855,-0.23911783,-0.3702574
BDBM50127227,LINCSCP_54330,SW620,10uM,6h,NA,NA,0.2776098,NA,-0.30339336
Tivozanib,LINCSCP_164226,SKL.C,10uM,24h,3,NA,0.27759365,NA,-0.29700193
CHEMBL2141722,LINCSCP_26140,HT29,10uM,6h,NA,NA,0.27756893,NA,-0.31740952
Promazine,LINCSCP_10515,AGS,10uM,6h,4,NA,0.27536561,NA,NA
BG-1003,LINCSCP_43294,NPC,10uM,6h,NA,NA,0.27501832,NA,-0.2511338
Broad-Sai-424,LINCSCP_17344,HA1E,3.33uM,24h,NA,NA,0.27482679,NA,NA
Perhexiline,LINCSCP_53860,SNUC5,10uM,6h,4,NA,0.27456336,NA,NA
Lamivudine,LINCSCP_156957,PC3,0.37uM,24h,4,NA,0.27413149,NA,NA
Cadmium Dichloride,LINCSCP_17046,HA1E,20uM,24h,NA,NA,0.27406589,NA,-0.22268811
MK-8245,LINCSCP_71305,A375,0.12uM,24h,NA,NA,0.2736777,NA,NA
MK-5108,LINCSCP_10089,A549,3.33uM,24h,NA,NA,0.27340345,NA,NA
PP 1,LINCSCP_52616,SKB,10uM,24h,NA,NA,0.27335324,NA,-0.27663553
332874-04-1,LINCSCP_32392,MCF7,10uM,6h,NA,NA,0.27323982,0.20403225,NA
NCGC00172397-01,LINCSCP_6010,A549,10uM,6h,NA,NA,0.27313023,NA,-0.22295117
MLS000859112,LINCSCP_2082,A375,10uM,6h,NA,NA,0.27310061,NA,-0.24652267
GSK-1904529A,LINCSCP_29962,MCF10A,1uM,6h,NA,NA,0.27234122,NA,NA
Rottlerin,LINCSCP_4696,A549,10uM,6h,NA,NA,0.27199968,NA,NA
Teniposide,LINCSCP_19458,HCC515,1uM,6h,NA,NA,0.27173391,NA,NA
Cucurbitacin I,LINCSCP_28899,HUH7,10uM,6h,NA,NA,0.27036362,NA,-0.34106627
SR-02000000448,LINCSCP_1697,A375,10uM,6h,NA,NA,0.2703039,NA,-0.26511111
BSPBIO_001592,LINCSCP_40236,NCIH508,50uM,6h,NA,NA,0.26959185,NA,-0.38935059
CHEMBL1269896,LINCSCP_1120,A375,10uM,24h,NA,NA,0.26956991,NA,NA
Phloretin,LINCSCP_53442,SKMEL28,100uM,6h,NA,NA,0.26892186,NA,NA
BRD-A43331270-001-01-6,LINCSCP_29091,JHUEM2,10uM,6h,NA,NA,0.26841396,NA,NA
Sotrastaurin,LINCSCP_71501,A375,1.11uM,24h,2,NA,0.26823303,NA,NA
ZINC01043777,LINCSCP_16817,HA1E,10uM,6h,NA,NA,0.26789957,NA,-0.26816689
STK177393,LINCSCP_28701,HUH7,10uM,24h,NA,NA,0.26772712,NA,NA
PAC-1,LINCSCP_12583,CL34,10uM,6h,NA,NA,0.26771868,NA,-0.25917116
Broad-Sai-686,LINCSCP_17392,HA1E,3.33uM,24h,NA,NA,0.26746772,NA,NA
AEG 3482,LINCSCP_29053,HUH7,10uM,6h,NA,NA,0.26742515,NA,-0.34797386
Ruxolitinib,LINCSCP_154584,PC3,10uM,24h,4,NA,0.26737256,NA,NA
"Triazolothiadiazine, 9",LINCSCP_5452,A549,10uM,6h,NA,NA,0.26712905,NA,NA
SCH-79797,LINCSCP_21659,HEPG2,10uM,6h,NA,NA,0.26707514,NA,NA
Etoposide,LINCSCP_1904,A375,10uM,6h,4,NA,0.26706041,NA,-0.29996203
LBH-589,LINCSCP_43377,NPC,10uM,6h,NA,NA,0.26680115,NA,-0.23177448
ZINC04980953,LINCSCP_10697,ASC,10uM,24h,NA,NA,0.26651306,NA,-0.27041446
XMD-1185H,LINCSCP_20555,HCC515,10uM,6h,NA,NA,0.26651284,NA,-0.26105173
BRD-K39597586,LINCSCP_38828,MCF7,10uM,6h,NA,NA,0.26627347,NA,NA
BRD-A80960055-001-01-7,LINCSCP_26585,HT29,10uM,6h,NA,NA,0.2662185,NA,-0.38034778
noscapine,LINCSCP_86066,BT20,1.11uM,24h,NA,NA,0.26618086,NA,NA
SCHEMBL15422156,LINCSCP_2068,A375,10uM,6h,NA,NA,0.26587807,NA,NA
SU 11274,LINCSCP_99563,HCC515,0.04uM,24h,NA,NA,0.26587752,NA,NA
QS-11,LINCSCP_50561,PL21,10uM,6h,NA,NA,0.26577005,NA,-0.304719
BRD-K98950492,LINCSCP_299997,VCAP,5uM,24h,NA,NA,0.26550122,NA,NA
Quinoclamine,LINCSCP_17758,HCC15,10uM,6h,NA,NA,0.26503939,NA,NA
CHEMBL2132717,LINCSCP_47322,PC3,10uM,24h,NA,NA,0.26463857,NA,-0.25936306
KUC104486,LINCSCP_5524,A549,10uM,6h,NA,NA,0.26451182,NA,NA
Carbacyclin,LINCSCP_262844,NPC,10uM,24h,NA,NA,0.26369346,NA,NA
CHEMBL41721,LINCSCP_16221,HA1E,10uM,6h,NA,NA,0.26368606,NA,-0.31613951
PHA-793887,LINCSCP_111643,HEPG2,10uM,24h,1,NA,0.26354121,NA,NA
Salmeterol,LINCSCP_240528,MCF7,10uM,24h,4,NA,0.26348184,NA,NA
Licochalcone A,LINCSCP_71073,A375,10uM,24h,NA,NA,0.263383,NA,NA
Estradiol,LINCSCP_38481,MCF7,3.33uM,24h,4,NA,0.26333743,NA,NA
TL_HRAS24,LINCSCP_19798,HCC515,10uM,6h,NA,NA,0.26317971,NA,-0.36286292
Wortmannin,LINCSCP_68479,VCAP,10uM,24h,NA,NA,0.26313538,NA,NA
MG-132,LINCSCP_102070,HELA,20uM,24h,NA,NA,0.26312035,NA,NA
UNC-0321,LINCSCP_264250,OV7,10uM,6h,NA,NA,0.26282457,NA,NA
CHEMBL277800,LINCSCP_18088,HCC515,10uM,6h,NA,NA,0.26235563,NA,-0.22906503
Oprozomib (ONX 0912),LINCSCP_102166,HELA,10uM,24h,NA,NA,0.26231533,NA,-0.20442102
CHEMBL2142321,LINCSCP_26367,HT29,10uM,6h,NA,NA,0.26201346,NA,-0.33483627
Dienestrol,LINCSCP_21043,HCC515,3.33uM,24h,4,NA,0.26187598,NA,NA
NCGC00166323-01,LINCSCP_140429,MCF7,10uM,24h,NA,NA,0.26187046,NA,NA
Gefitinib,LINCSCP_261902,NPC,10uM,24h,4,NA,0.26184508,NA,NA
BRD-A52933579,LINCSCP_41262,NEU,10uM,6h,NA,NA,0.26144933,NA,-0.34340592
TPCA-1,LINCSCP_19546,HCC515,10uM,6h,NA,NA,0.2613929,NA,NA
Mocetinostat,LINCSCP_100604,HCC515,10uM,24h,2,NA,0.26107936,NA,NA
QL-XII-47,LINCSCP_59150,VCAP,10uM,6h,NA,NA,0.26102019,NA,-0.26561861
CHEMBL2137729,LINCSCP_47290,PC3,10uM,24h,NA,NA,0.26097885,NA,NA
AC1O9BJ3,LINCSCP_10776,ASC,10uM,24h,NA,NA,0.26082522,NA,NA
CHEMBL2130683,LINCSCP_47108,PC3,10uM,24h,NA,NA,0.26058623,NA,-0.23817217
Retinyl Acetate,LINCSCP_43648,NPC,10uM,6h,NA,NA,0.25996011,NA,NA
MLS002264439,LINCSCP_19752,HCC515,10uM,6h,NA,NA,0.25993719,NA,NA
BRD-K47396627,LINCSCP_65985,VCAP,1uM,24h,NA,NA,0.25952869,NA,-0.24959056
BIX01294,LINCSCP_41510,NEU,10uM,6h,NA,NA,0.25948025,NA,NA
Corvasal,LINCSCP_124007,HT29,10uM,24h,NA,NA,0.25943019,NA,-0.29906057
MLS001033149,LINCSCP_6642,A549,10uM,6h,NA,NA,0.25926544,NA,NA
SCHEMBL14977174,LINCSCP_26145,HT29,10uM,6h,NA,NA,0.25918973,NA,NA
MK-2206,LINCSCP_163941,SKBR3,3.33uM,3h,2,NA,0.25914239,-0.33052225,NA
CGP-53353,LINCSCP_23059,HEPG2,10uM,6h,NA,NA,0.25839933,NA,NA
ML239,LINCSCP_57038,VCAP,10uM,6h,NA,NA,0.25826076,NA,NA
Anacardic acid,LINCSCP_114280,HME1,0.04uM,24h,NA,NA,0.25792432,NA,NA
IKK Inhibitor VII,LINCSCP_22906,HEPG2,10uM,6h,NA,NA,0.25763708,NA,-0.32034356
MLS006011051,LINCSCP_24961,HS578T,1uM,6h,NA,NA,0.2574796,NA,NA
NVP DPP 728 dihydrochloride,LINCSCP_126400,HT29,10uM,24h,NA,NA,0.25699147,NA,NA
C23H24CLN3O5,LINCSCP_20054,HCC515,10uM,6h,NA,NA,0.25688453,NA,NA
BRD-K36773541,LINCSCP_34868,MCF7,5uM,24h,NA,NA,0.25687451,NA,NA
Trimipramine,LINCSCP_241009,MCF7,10uM,24h,4,NA,0.25671007,NA,-0.22772081
SMR000082310,LINCSCP_16125,HA1E,10uM,6h,NA,NA,0.25667188,NA,NA
Ovasterol-beta,LINCSCP_241019,MCF7,10uM,24h,NA,NA,0.25659077,NA,NA
GBR12935,LINCSCP_14092,HA1E,10uM,24h,NA,NA,0.25640917,NA,NA
AC1LDBAO,LINCSCP_10655,AGS,20uM,6h,NA,NA,0.25605146,0.22985579,NA
Fast Scarlet,LINCSCP_179508,A375,10uM,6h,NA,NA,0.25573434,NA,NA
Methotrexate,LINCSCP_238964,MCF7,10uM,24h,4,NA,0.25553399,NA,NA
"7,8-Dihydroxychlorpromazine",LINCSCP_43323,NPC,10uM,6h,NA,NA,0.25539796,NA,-0.38270462
KBIO3_000694,LINCSCP_44767,PC3,10uM,6h,NA,NA,0.25529955,NA,-0.22084065
Liquiritigenin Dimethyl Ether,LINCSCP_449,A375,10uM,6h,NA,NA,0.25522945,NA,NA
PK04_098276,LINCSCP_32386,MCF7,10uM,6h,NA,NA,0.25508681,NA,NA
Buparlisib,LINCSCP_115236,HS578T,10uM,3h,3,NA,0.25476133,NA,-0.27262193
BRD-K92191596,LINCSCP_60250,VCAP,5uM,24h,NA,NA,0.25468328,NA,NA
TAS-103 (dihydrochloride),LINCSCP_90902,HA1E,10uM,24h,NA,NA,0.25458622,NA,NA
ORG-41841,LINCSCP_1249,A375,10uM,24h,NA,NA,0.25450237,NA,NA
GDC-0068,LINCSCP_160436,PC3,10uM,24h,NA,NA,0.25425212,NA,NA
6-(4-Hydroxy-6-methoxy-7-methyl-3-oxo-1H-2-benzofuran-5-yl)-4-methylhex-4-enoic acid,LINCSCP_7594,A549,10uM,24h,NA,NA,0.25412895,NA,NA
CHEMBL2142877,LINCSCP_26439,HT29,10uM,6h,NA,NA,0.25384097,NA,-0.27139524
VU0418947-2,LINCSCP_26142,HT29,10uM,6h,NA,NA,0.25363309,NA,-0.26824452
NSC643180,LINCSCP_19678,HCC515,10uM,6h,NA,NA,0.25349069,NA,-0.23467653
ZK 164015,LINCSCP_13861,HA1E,10uM,6h,NA,NA,0.25330165,NA,NA
Entinostat,LINCSCP_49699,PC3,10uM,24h,3,NA,0.25318368,NA,NA
"Triazolothiadiazine, 25",LINCSCP_31114,MCF7,10uM,24h,NA,NA,0.25317686,-0.27238146,-0.23582434
Aurora A Inhibitor I,LINCSCP_16664,HA1E,10uM,6h,NA,NA,0.25310539,NA,-0.30884528
Alaproclate,LINCSCP_156211,PC3,10uM,24h,NA,NA,0.2528881,NA,NA
AV-412 (free base),LINCSCP_154805,PC3,10uM,24h,NA,NA,0.25272706,NA,-0.27384944
Quizartinib,LINCSCP_20532,HCC515,10uM,6h,3,NA,0.25264106,NA,-0.26114583
ARG-A1-22,LINCSCP_22115,HEPG2,10uM,6h,NA,NA,0.25257758,NA,-0.32510962
Androstenedone,LINCSCP_2578,A375,10uM,6h,NA,NA,0.25229186,NA,NA
BRN 1087718,LINCSCP_16430,HA1E,10uM,6h,NA,NA,0.25217623,NA,NA
"ACE2 Inhibitor, MLN-4760",LINCSCP_123931,HT29,1.11uM,24h,NA,NA,0.25205823,NA,NA
VE-821,LINCSCP_149083,NPC,1.11uM,24h,NA,NA,0.25194869,NA,-0.29984829
Tesmilifene,LINCSCP_262403,NPC,10uM,24h,2,NA,0.25182705,NA,NA
NVP-BHG712,LINCSCP_166120,SKL,10uM,24h,NA,NA,0.25164466,NA,NA
Pergolide,LINCSCP_266316,PC3,10uM,24h,4,NA,0.25156982,NA,NA
Oxetane,LINCSCP_29221,JURKAT,3uM,6h,NA,NA,0.25115382,NA,NA
916985-21-2,LINCSCP_257316,NCIH508,10uM,6h,NA,NA,0.25092937,NA,NA
AZ20,LINCSCP_100736,HCC515,10uM,24h,NA,NA,0.25079995,NA,NA
SCHEMBL15422014,LINCSCP_16228,HA1E,10uM,6h,NA,NA,0.25067961,NA,-0.2619338
1228746-78-8,LINCSCP_32832,MCF7,10uM,24h,NA,NA,0.25035309,NA,NA
CHEMBL567331,LINCSCP_45527,PC3,10uM,24h,NA,NA,0.25009357,NA,NA
Melatonin,LINCSCP_255667,MCF7,0.1uM,6h,4,NA,0.25004019,NA,NA
"Ingenol 3,20-dibenzoate",LINCSCP_10303,A673,10uM,6h,NA,NA,0.24987377,NA,-0.28879687
Pimozide,LINCSCP_221123,HEPG2,10uM,6h,4,NA,0.24986756,NA,-0.31332057
AC1LEPRU,LINCSCP_27342,HT29,10uM,6h,NA,NA,0.2496359,NA,-0.32919198
MD-041,LINCSCP_26414,HT29,10uM,6h,NA,NA,0.24959976,NA,-0.2682577
galantamine,LINCSCP_70488,A375,10uM,24h,NA,NA,0.24937927,NA,-0.29603444
Dequalinium,LINCSCP_79850,A375,0.04uM,24h,4,NA,0.24918606,NA,NA
WAY-170523,LINCSCP_26829,HT29,10uM,6h,NA,NA,0.24881887,NA,-0.28400669
Pseudoephedrine,LINCSCP_33255,MCF7,10uM,6h,4,NA,0.24872784,NA,NA
Selamectin,LINCSCP_21476,HEPG2,10uM,6h,NA,NA,0.24870899,NA,-0.31793647
LY2886721,LINCSCP_71667,A375,1.11uM,24h,NA,NA,0.24869787,NA,NA
NO-ASA,LINCSCP_43570,NPC,10uM,6h,NA,NA,0.24865365,NA,NA
NSC95397,LINCSCP_219361,HEPG2,10uM,6h,NA,NA,0.24818436,NA,NA
Amlodipine,LINCSCP_220355,HEPG2,10uM,6h,4,NA,0.24815624,NA,NA
Latrunculin B,LINCSCP_239364,MCF7,10uM,24h,NA,NA,0.24796614,NA,-0.32609255
BI-2536,LINCSCP_206034,CORL23,10uM,6h,2,NA,0.24784758,NA,NA
KU0060648,LINCSCP_12612,CORL23,10uM,6h,NA,NA,0.24780417,NA,-0.21601065
Lobendazole,LINCSCP_2592,A375,10uM,6h,NA,NA,0.24770547,NA,NA
F1566-0341,LINCSCP_46811,PC3,10uM,24h,NA,NA,0.24769905,NA,-0.39428544
SCHEMBL8038519,LINCSCP_41297,NEU,10uM,6h,NA,NA,0.247662,NA,-0.21846249
"2,2-Dichloro-n-[(1R,2S)-1,3-dihydroxy-1-(4-nitrophenyl)propan-2-yl]acetamide",LINCSCP_73067,A375,0.12uM,24h,NA,NA,0.24749158,NA,NA
Liranaftate,LINCSCP_72033,A375,0.12uM,24h,NA,NA,0.24742895,NA,NA
Chlorpromazine,LINCSCP_43365,NPC,10uM,6h,4,NA,0.24740639,NA,-0.37276096
MLS000517073,LINCSCP_3118,A375,10uM,6h,NA,NA,0.24723446,NA,-0.28085302
CHEMBL2134949,LINCSCP_46252,PC3,10uM,24h,NA,NA,0.24700253,NA,NA
Tipifarnib,LINCSCP_95162,HA1E,10uM,24h,3,NA,0.24662522,NA,NA
Doxorubicin,LINCSCP_127173,HT29,0.04uM,24h,4,NA,0.24648151,NA,NA
Devazepide,LINCSCP_192456,A549,10uM,6h,NA,NA,0.24642174,NA,NA
BRD-K97318829,LINCSCP_43200,NPC,10uM,24h,NA,NA,0.24640021,NA,NA
MEGXM0_000149,LINCSCP_16563,HA1E,10uM,6h,NA,NA,0.24600542,NA,NA
GP 2A,LINCSCP_33751,MCF7,10uM,6h,NA,NA,0.24596515,NA,NA
VER 155008,LINCSCP_21685,HEPG2,10uM,6h,NA,NA,0.24546156,NA,NA
Radicicol,LINCSCP_69183,A375,10uM,24h,NA,NA,0.24523384,NA,NA
BRD-K95985487-001-01-3,LINCSCP_55124,THP1,3uM,24h,NA,NA,0.24518595,NA,-0.27459239
VU0418939-2,LINCSCP_26133,HT29,10uM,6h,NA,NA,0.24488761,NA,-0.31226739
BDBM50442904,LINCSCP_23312,HEPG2,10uM,24h,NA,NA,0.24486653,NA,NA
Dexamethasone Acetate,LINCSCP_99105,HA1E,1.11uM,24h,NA,NA,0.24480535,NA,NA
WZ 4002,LINCSCP_11066,ASC,10uM,24h,NA,NA,0.24457487,NA,NA
Irinotecan,LINCSCP_2689,A375,10uM,6h,4,NA,0.24452018,NA,-0.34425741
Brefeldin A,LINCSCP_54715,T3M10,0.1uM,6h,NA,NA,0.24430869,NA,NA
Brefeldin A,LINCSCP_54715,T3M10,0.1uM,6h,NA,NA,0.24430869,NA,NA
sorafenib,LINCSCP_51384,SKBR3,10uM,24h,NA,NA,0.24425967,NA,NA
SCHEMBL1670775,LINCSCP_7337,A549,10uM,24h,NA,NA,0.2442185,NA,NA
Reserpine,LINCSCP_127870,HT29,10uM,24h,4,NA,0.24420352,NA,-0.26383751
Apafant,LINCSCP_192447,A549,10uM,6h,NA,NA,0.24402833,NA,NA
CHEMBL2132289,LINCSCP_234883,MCF10A,0.1uM,24h,NA,NA,0.24401087,NA,NA
MLS000583956,LINCSCP_5998,A549,10uM,6h,NA,NA,0.24393704,NA,NA
AC1NQ6YI,LINCSCP_33172,MCF7,10uM,6h,NA,NA,0.2432731,0.27089793,NA
Fluspirilene,LINCSCP_97804,HA1E,10uM,24h,4,NA,0.24308482,NA,NA
GW-5074,LINCSCP_240624,MCF7,10uM,24h,NA,NA,0.24307292,NA,NA
AC1NWALC,LINCSCP_25165,HT29,10uM,6h,NA,NA,0.24286307,NA,-0.3442216
F1061-0166,LINCSCP_46698,PC3,10uM,24h,NA,NA,0.24281041,NA,-0.26220213
313516-66-4,LINCSCP_33615,MCF7,10uM,24h,NA,NA,0.24280024,NA,NA
MLS000094939,LINCSCP_26022,HT29,10uM,6h,NA,NA,0.24279848,NA,-0.33129925
YM 201636,LINCSCP_111484,HEPG2,0.37uM,24h,NA,NA,0.24259196,NA,NA
Batimastat,LINCSCP_25623,HT29,40uM,24h,NA,NA,0.24249181,NA,NA
GF-109203,LINCSCP_43598,NPC,10uM,6h,NA,NA,0.24235259,NA,-0.2699411
SPOX1_000651,LINCSCP_58726,VCAP,10uM,6h,NA,NA,0.2422454,NA,NA
Dabigatran Etexilate,LINCSCP_94442,HA1E,10uM,24h,NA,NA,0.24209388,NA,NA
Tozasertib,LINCSCP_12873,DV90,10uM,6h,2,NA,0.2420771,NA,NA
"HDACi1,2+3_mix",LINCSCP_49332,PC3,10uM,6h,NA,NA,0.24200923,NA,-0.23422531
Vemurafenib,LINCSCP_106232,HELA,10uM,24h,NA,NA,0.24176174,NA,NA
Vemurafenib,LINCSCP_106232,HELA,10uM,24h,4,NA,0.24176174,NA,NA
CHEMBL2141330,LINCSCP_59353,VCAP,10uM,6h,NA,NA,0.2416854,NA,-0.31596143
Suberohydroxamic acid,LINCSCP_43635,NPC,10uM,6h,NA,NA,0.24154704,NA,NA
SCHEMBL15422533,LINCSCP_41618,NKDBA,10uM,24h,NA,NA,0.2415343,NA,NA
Dabrafenib,LINCSCP_82587,A549,0.37uM,24h,4,NA,0.24151669,NA,NA
GSK962040,LINCSCP_90673,HA1E,0.04uM,24h,2,NA,0.24115632,-0.21759931,-0.20094238
Amoxapine,LINCSCP_22873,HEPG2,10uM,6h,4,NA,0.2410788,0.26104944,NA
CID 6167421,LINCSCP_26460,HT29,10uM,6h,NA,NA,0.24105294,NA,-0.25774297
Fadrozole,LINCSCP_72383,A375,1.11uM,24h,NA,NA,0.24048243,NA,NA
NCGC00170233-01,LINCSCP_32370,MCF7,10uM,6h,NA,NA,0.24026826,NA,NA
Olaparib,LINCSCP_84022,ASC.C,10uM,24h,4,NA,0.24024076,NA,NA
NNC 26-9100,LINCSCP_242005,MCF7,10uM,24h,NA,NA,0.24022497,NA,NA
MLS002264403,LINCSCP_45767,PC3,10uM,6h,NA,NA,0.2396931,NA,NA
Papp,LINCSCP_43224,NPC,10uM,24h,NA,NA,0.23965772,NA,NA
AZD4547,LINCSCP_88380,HA1E,0.37uM,24h,NA,NA,0.23912227,NA,NA
AC1NWAQV,LINCSCP_19164,HCC515,10uM,6h,NA,NA,0.23873422,NA,-0.2413989
U 0126,LINCSCP_23600,HEPG2,10uM,6h,NA,NA,0.238656,NA,NA
MLS003329219,LINCSCP_1705,A375,10uM,6h,NA,NA,0.23865281,NA,-0.24051387
SCHEMBL12684744,LINCSCP_47126,PC3,10uM,24h,NA,NA,0.23839346,NA,-0.21325037
301836-43-1,LINCSCP_18526,HCC515,10uM,24h,NA,NA,0.23826081,NA,NA
HG-14-10-04,LINCSCP_117113,HT29,0.12uM,24h,NA,NA,0.23813509,NA,NA
Hydroxyprogesterone Caproate,LINCSCP_89622,HA1E,1.11uM,24h,NA,NA,0.23809011,NA,-0.20409562
IN1152,LINCSCP_7589,A549,10uM,24h,NA,NA,0.23806193,NA,NA
PRESTWICK3_000646,LINCSCP_44687,PC3,10uM,24h,NA,NA,0.23803728,NA,-0.31285907
Methylnaltrexone (Bromide),LINCSCP_71921,A375,10uM,24h,NA,NA,0.23800427,NA,-0.3562293
Sorafenib,LINCSCP_132563,MCF7,10uM,24h,4,NA,0.23794588,NA,NA
BRD-K55533488,LINCSCP_20840,HCC515,3.33uM,24h,NA,NA,0.23773705,NA,NA
AM-580,LINCSCP_33712,MCF7,10uM,6h,NA,NA,0.23765952,NA,NA
RG2833 (RGFP109),LINCSCP_122117,HT29,3.33uM,24h,NA,NA,0.23758773,NA,NA
Auranofin,LINCSCP_25430,HT29,10uM,24h,NA,NA,0.23741896,NA,NA
Auranofin,LINCSCP_25430,HT29,10uM,24h,NA,NA,0.23741896,NA,NA
Nateglinide,LINCSCP_139170,MCF7,10uM,24h,4,NA,0.23735434,NA,NA
Gibberellin A3,LINCSCP_127666,HT29,5.77uM,24h,NA,NA,0.2372694,NA,NA
BRD-K16752617,LINCSCP_61740,VCAP,5uM,24h,NA,NA,0.23717627,NA,NA
NCGC00170189-01,LINCSCP_32368,MCF7,10uM,6h,NA,NA,0.23701739,NA,NA
BRD-K42125900-001-01-9,LINCSCP_42276,NPC,10uM,24h,NA,NA,0.23696497,NA,NA
MLS000518920,LINCSCP_20078,HCC515,10uM,6h,NA,NA,0.23690367,NA,-0.37905394
BRD-K67090983,LINCSCP_47140,PC3,10uM,24h,NA,NA,0.23671616,NA,NA
PX 12,LINCSCP_41818,NOMO1,30uM,6h,NA,NA,0.2365738,NA,NA
GSK-3 Inhibitor II,LINCSCP_30358,MCF7,10uM,6h,NA,NA,0.23656062,NA,NA
DG-041,LINCSCP_54006,SW480,40uM,6h,NA,NA,0.23649896,NA,-0.37293035
Pitavastatin Calcium,LINCSCP_31592,MCF7,10uM,24h,4,NA,0.23615635,NA,NA
Vanoxerine,LINCSCP_33617,MCF7,10uM,24h,3,NA,0.23598528,NA,NA
CHEMBL2130568,LINCSCP_26380,HT29,10uM,6h,NA,NA,0.23595009,NA,-0.28218781
GW842166X,LINCSCP_155600,PC3,10uM,24h,2,NA,0.23589673,NA,NA
Deoxycholic acid,LINCSCP_122932,HT29,10uM,24h,4,NA,0.23576238,NA,-0.29325489
ZINC77024257,LINCSCP_134283,MCF7,10uM,24h,NA,NA,0.23573221,NA,NA
Avicin-G,LINCSCP_29211,JURKAT,3uM,6h,NA,NA,0.23572302,-0.20316023,NA
AZD-1775,LINCSCP_740,A375,10uM,24h,2,NA,0.23562732,NA,NA
BRD-K38477985,LINCSCP_14455,HA1E,10uM,24h,NA,NA,0.23520365,NA,NA
ZIDOVUDINE [AZT],LINCSCP_74139,A375,0.37uM,24h,NA,NA,0.23519668,NA,NA
SPOX1_000823,LINCSCP_5942,A549,10uM,24h,NA,NA,0.23496265,NA,NA
BRD-K80786583-001-01-5,LINCSCP_26533,HT29,10uM,6h,NA,NA,0.23476579,NA,-0.31936623
Zalcitabine,LINCSCP_159633,PC3,3.33uM,24h,4,NA,0.23474635,NA,NA
Chloroxine,LINCSCP_105,A375,10uM,6h,4,NA,0.23465274,NA,NA
BRD-K89097220,LINCSCP_17374,HA1E,1.11uM,24h,NA,NA,0.23462904,NA,NA
JW-7-24-1,LINCSCP_20350,HCC515,10uM,6h,NA,NA,0.23446695,NA,-0.25445434
KN93,LINCSCP_33146,MCF7,10uM,24h,NA,NA,0.23445336,NA,NA
UNII-BXU45ZH6LI,LINCSCP_6963,A549,10uM,6h,NA,NA,0.23443997,NA,NA
CHEMBL1367741,LINCSCP_57798,VCAP,10uM,24h,NA,NA,0.23406398,NA,-0.25628751
ARTESUNATE,LINCSCP_101764,HELA,10uM,24h,NA,NA,0.23404203,NA,NA
SMR000047763,LINCSCP_1733,A375,10uM,6h,NA,NA,0.23368799,NA,-0.24806002
GRANISETRON HYDROCHLORIDE,LINCSCP_102842,HELA,0.04uM,24h,4,NA,0.233653,NA,NA
SCHEMBL6668531,LINCSCP_13691,HA1E,10uM,24h,NA,NA,0.23333261,NA,NA
Timolol,LINCSCP_20716,HCC515,10uM,6h,4,NA,0.23324531,NA,NA
Eseroline,LINCSCP_43300,NPC,10uM,6h,NA,NA,0.23324407,NA,-0.21612025
ZSTK 474,LINCSCP_116068,HS578T,10uM,3h,NA,NA,0.23312841,NA,NA
AC1NWALF,LINCSCP_25167,HT29,10uM,6h,NA,NA,0.23284039,NA,-0.30284481
BRD-K80169513,LINCSCP_201008,A549,10uM,24h,NA,NA,0.23264196,NA,NA
MLS002473640,LINCSCP_5275,A549,10uM,6h,NA,NA,0.23263372,NA,NA
"(8Xi,11beta,14xi,16beta)-21-Chloro-9-fluoro-11-hydroxy-16-methyl-3,20-dioxopregna-1,4-dien-17-yl propanoate",LINCSCP_19009,HCC515,10uM,6h,NA,NA,0.23251392,NA,NA
SCHEMBL570779,LINCSCP_116277,HT29,10uM,24h,NA,NA,0.23231113,NA,NA
MLS003179196,LINCSCP_31436,MCF7,10uM,6h,NA,NA,0.23224844,NA,NA
NCGC00170421-01,LINCSCP_59528,VCAP,10uM,24h,NA,NA,0.23222127,NA,-0.24193255
Enclomiphene,LINCSCP_14391,HA1E,10uM,24h,4,NA,0.23215173,NA,NA
Erastin,LINCSCP_49569,PC3,0.37uM,24h,NA,NA,0.23211012,NA,NA
SPECTRUM2_001084,LINCSCP_6798,A549,10uM,24h,NA,NA,0.23207657,NA,-0.27724145
AMSACRINE,LINCSCP_109097,HELA,1.11uM,24h,4,NA,0.23197029,NA,NA
869288-64-2,LINCSCP_152376,PC3,0.04uM,24h,NA,NA,0.2318595,NA,NA
PD-173074,LINCSCP_226506,HT29,10uM,6h,NA,NA,0.23184481,NA,NA
MLS003128614,LINCSCP_1363,A375,10uM,24h,NA,NA,0.2317869,NA,-0.23234822
Indolophenanthridine,LINCSCP_42659,NPC,10uM,24h,NA,NA,0.23177963,NA,NA
BRD-K79459005,LINCSCP_242763,MCF7,10uM,6h,NA,NA,0.23175698,NA,NA
Arg-Gly-Asp-Ser,LINCSCP_102658,HELA,3.33uM,24h,NA,NA,0.2317472,NA,NA
CHEMBL2131306,LINCSCP_48941,PC3,10uM,24h,NA,NA,0.23160036,NA,-0.29317836
CHEMBL2136858,LINCSCP_47110,PC3,10uM,24h,NA,NA,0.23153671,NA,NA
Dorsomorphin,LINCSCP_23080,HEPG2,10uM,6h,NA,NA,0.23153389,NA,-0.2647847
KUC104493,LINCSCP_31457,MCF7,10uM,6h,NA,NA,0.23151185,NA,NA
Loperamide,LINCSCP_21231,HCT116,10uM,6h,4,NA,0.23124666,NA,NA
Cymarin,LINCSCP_27050,HT29,10uM,6h,NA,NA,0.23105543,NA,-0.32796056
Cymarin,LINCSCP_27050,HT29,10uM,6h,NA,NA,0.23105543,NA,-0.32796056
Cymarin,LINCSCP_27050,HT29,10uM,6h,NA,NA,0.23105543,NA,-0.32796056
Cymarin,LINCSCP_27050,HT29,10uM,6h,NA,NA,0.23105543,NA,-0.32796056
Pipamperone,LINCSCP_2598,A375,10uM,6h,3,NA,0.23104535,NA,NA
Bardoxolone Methyl,LINCSCP_90562,HA1E,1.11uM,24h,3,NA,0.23098925,NA,NA
SPECTRUM1505034,LINCSCP_42814,NPC,10uM,24h,NA,NA,0.23094171,NA,NA
BRD-K94740841,LINCSCP_9097,A549,10uM,24h,NA,NA,0.23090143,NA,-0.20856969
Sirolimus,LINCSCP_306907,VCAP,10uM,6h,NA,NA,0.23082541,NA,NA
Sirolimus,LINCSCP_306907,VCAP,10uM,6h,NA,NA,0.23082541,NA,NA
Sirolimus,LINCSCP_306907,VCAP,10uM,6h,4,NA,0.23082541,NA,NA
BIIB 021,LINCSCP_58737,VCAP,10uM,6h,NA,NA,0.23074877,NA,-0.25962675
TG100-115,LINCSCP_124214,HT29,0.37uM,24h,2,NA,0.2306825,NA,NA
GW620972X,LINCSCP_147328,NEU,10uM,24h,NA,NA,0.230597,NA,NA
AC1LPBDT,LINCSCP_42405,NPC,10uM,24h,NA,NA,0.23052219,NA,NA
Cucurbitacin-I,LINCSCP_10294,A673,10uM,6h,NA,NA,0.23045474,NA,-0.26855515
12K-516S,LINCSCP_1165,A375,10uM,24h,NA,NA,0.2299426,NA,NA
Ciglitazone,LINCSCP_33700,MCF7,10uM,6h,NA,NA,0.22987691,NA,NA
ACON1_002471,LINCSCP_309839,VCAP,30uM,6h,NA,NA,0.22983238,NA,NA
Amitriptyline,LINCSCP_50035,PHH,10uM,24h,4,NA,0.22966652,NA,NA
BRD-K42573370-001-01-1,LINCSCP_10076,A549,3.33uM,24h,NA,NA,0.22963261,NA,NA
BRD-K60067222,LINCSCP_47133,PC3,10uM,24h,NA,NA,0.22952007,NA,-0.25216552
AC1O9ZP5,LINCSCP_10793,ASC,10uM,24h,NA,NA,0.22950881,NA,-0.31187412
SSR 69071,LINCSCP_193250,A549,10uM,24h,NA,NA,0.2292896,NA,NA
KUC103884,LINCSCP_31423,MCF7,10uM,24h,NA,NA,0.22928054,NA,NA
SR 33805 oxalate,LINCSCP_105711,HELA,10uM,24h,NA,NA,0.22919407,NA,NA
BRD-K89020690,LINCSCP_66059,VCAP,1uM,24h,NA,NA,0.22899713,NA,-0.22994907
JNJ-38877605,LINCSCP_47384,PC3,10uM,6h,1,NA,0.22899574,NA,NA
172985-18-1,LINCSCP_203448,ASC,10uM,24h,NA,NA,0.2289506,NA,NA
Broad-Sai-443,LINCSCP_38658,MCF7,10uM,24h,NA,NA,0.22884497,NA,NA
BRD-K94544211,LINCSCP_59293,VCAP,10uM,24h,NA,NA,0.22876394,NA,NA
CL-976,LINCSCP_30654,MCF7,80uM,24h,NA,NA,0.22866501,NA,NA
Panobinostat,LINCSCP_42115,NPC,10uM,24h,4,NA,0.22851869,NA,NA
BRD-K65997856,LINCSCP_23696,HEPG2,10uM,6h,NA,NA,0.22842548,NA,NA
MLS001173269,LINCSCP_20507,HCC515,10uM,6h,NA,NA,0.22837667,NA,NA
"2-(5H-[1,2,4]triazino[5,6-B]indol-3-ylsulfanyl)-n-[3-(trifluoromethyl)phenyl]acetamide",LINCSCP_40840,NEU,10uM,24h,NA,NA,0.22831206,NA,NA
"ICI182, 780",LINCSCP_49466,PC3,10uM,24h,NA,NA,0.22827579,NA,NA
Veliparib,LINCSCP_70027,A375,10uM,24h,NA,NA,0.2282358,NA,NA
PCL2_000074,LINCSCP_42449,NPC,10uM,24h,NA,NA,0.22822167,NA,NA
Iohexol,LINCSCP_34555,MCF7,10uM,6h,4,NA,0.22815398,NA,NA
Mazindol,LINCSCP_174284,YAPC,0.37uM,24h,4,NA,0.22793164,NA,NA
Alisertib,LINCSCP_79347,A375,0.37uM,24h,3,NA,0.22775039,NA,-0.36731976
Duloxetine,LINCSCP_160871,PC3,0.37uM,24h,4,NA,0.22763092,NA,NA
CBIOL_001848,LINCSCP_37673,MCF7,10uM,24h,NA,NA,0.22730133,NA,NA
Heliomycin,LINCSCP_8053,A549,10uM,6h,NA,NA,0.22713387,NA,NA
BRD-K92364610,LINCSCP_64456,VCAP,5uM,6h,NA,NA,0.2270246,NA,NA
22862-76-6,LINCSCP_13387,FIBRNPC,10uM,6h,NA,NA,0.22696087,NA,-0.31913892
Carbonyl Cyanide M-Chlorophenylhydrazone,LINCSCP_14416,HA1E,10uM,24h,NA,NA,0.22686641,NA,NA
17-DMAG (Alvespimycin) HCl,LINCSCP_71740,A375,0.04uM,24h,NA,NA,0.22679094,NA,NA
Benzohydroxamate,LINCSCP_49512,PC3,0.37uM,24h,NA,NA,0.22668437,NA,NA
CID-2858522,LINCSCP_236569,MCF7,10uM,24h,NA,NA,0.22664839,NA,NA
Ganciclovir,LINCSCP_91376,HA1E,3.33uM,24h,NA,NA,0.22651733,NA,NA
CHEMBL3188763,LINCSCP_1357,A375,10uM,24h,NA,NA,0.22638009,NA,NA
Arundine,LINCSCP_242311,MCF7,10uM,6h,NA,NA,0.22625804,NA,NA
ENMD-2076,LINCSCP_23902,HEPG2,10uM,24h,2,NA,0.22621005,NA,NA
HY-11007,LINCSCP_148107,NPC.CAS9,3.33uM,24h,NA,NA,0.22620561,NA,NA
Quiflapon,LINCSCP_15591,HA1E,80uM,6h,NA,NA,0.22618004,NA,NA
Naftopidil,LINCSCP_75069,A375,0.12uM,24h,3,NA,0.22612397,NA,NA
CHEMBL323994,LINCSCP_22877,HEPG2,10uM,6h,NA,NA,0.22588688,NA,-0.22405471
SMR000015484,LINCSCP_31043,MCF7,10uM,6h,NA,NA,0.22583697,0.20359999,NA
BD-1008,LINCSCP_192921,A549,10uM,6h,NA,NA,0.22583326,NA,NA
BRD-K69347381,LINCSCP_34068,MCF7,10uM,6h,NA,NA,0.22575832,NA,NA
Gallocatechin Gallate,LINCSCP_39861,NCIH1694,90uM,6h,NA,NA,0.22570013,NA,NA
Dilazep,LINCSCP_25361,HT29,10uM,6h,NA,NA,0.22569354,NA,NA
AC1O7M2R,LINCSCP_27146,HT29,10uM,6h,NA,NA,0.22564697,NA,-0.27501836
Orphenadrine,LINCSCP_140067,MCF7,0.12uM,24h,4,NA,0.22556048,NA,NA
Aniracetam,LINCSCP_262930,NPC,10uM,24h,NA,NA,0.2255313,NA,NA
Zosuquidar,LINCSCP_125740,HT29,10uM,24h,3,NA,0.22548102,NA,NA
BRD-K06589444,LINCSCP_42947,NPC,10uM,24h,NA,NA,0.2254672,NA,NA
BRD-U88878891,LINCSCP_26173,HT29,10uM,6h,NA,NA,0.22534221,NA,NA
Coleoforsin,LINCSCP_26788,HT29,10uM,6h,NA,NA,0.22520503,NA,-0.26711653
CHEMBL2135649,LINCSCP_59302,VCAP,10uM,24h,NA,NA,0.22519062,NA,NA
BRD-K43776433,LINCSCP_41101,NEU,10uM,24h,NA,NA,0.2251529,NA,NA
Fipronil,LINCSCP_141308,MCF7,0.37uM,24h,NA,NA,0.22512665,NA,NA
BRD-K14833463,LINCSCP_33984,MCF7,10uM,6h,NA,NA,0.22511135,NA,NA
Resveratrol,LINCSCP_133879,MCF7,1.11uM,24h,NA,NA,0.22504137,NA,NA
Bosutinib,LINCSCP_88341,HA1E,10uM,24h,4,NA,0.22468118,NA,NA
BRD-K72620090,LINCSCP_35241,MCF7,10uM,24h,NA,NA,0.22462914,NA,NA
Nicergoline,LINCSCP_192525,A549,10uM,6h,4,NA,0.22462708,NA,NA
Volasertib (BI 6727),LINCSCP_79026,A375,0.04uM,24h,NA,NA,0.22453052,NA,NA
Methoxychlor,LINCSCP_17053,HA1E,10uM,24h,NA,NA,0.22452004,NA,NA
BRD-K86048057,LINCSCP_259103,NEU,10uM,24h,NA,NA,0.22448691,NA,-0.31123826
SCHEMBL10061624,LINCSCP_32080,MCF7,10uM,6h,NA,NA,0.22446236,NA,NA
SCHEMBL2557158,LINCSCP_22118,HEPG2,10uM,6h,NA,NA,0.22439396,NA,NA
PF431396,LINCSCP_132284,MCF7,1.11uM,3h,NA,NA,0.22425265,NA,NA
N-[4-(Acridin-9-ylmethyl)-3-methoxyphenyl]methanesulfonamide,LINCSCP_19149,HCC515,10uM,6h,NA,NA,0.22394018,NA,-0.25342923
"PI 3-K/mTOR Inhibitor III, PKI-179",LINCSCP_101303,HELA,10uM,24h,1,NA,0.22391222,NA,-0.26273625
TWS 119,LINCSCP_81277,A549,0.37uM,24h,NA,NA,0.22389791,NA,NA
Tomelukast,LINCSCP_109498,HELA,0.33uM,24h,NA,NA,0.22372923,-0.22477629,NA
"AKT Inhibitor V, Triciribine",LINCSCP_55889,VCAP,10uM,24h,NA,NA,0.22358851,NA,NA
ST070518,LINCSCP_29063,HUH7,10uM,6h,NA,NA,0.22355493,NA,NA
Fludarabine,LINCSCP_272085,PC3,10uM,24h,NA,NA,0.22334993,NA,-0.21231414
NSC25485,LINCSCP_25153,HT29,10uM,6h,NA,NA,0.22322224,NA,-0.28934273
CHEMBL1673039,LINCSCP_133257,MCF7,0.37uM,24h,NA,NA,0.22285654,NA,NA
Triamterene,LINCSCP_34417,MCF7,10uM,6h,4,NA,0.22270326,NA,NA
"N-(4-Bromophenyl)-2-{[5-(2-chlorophenyl)-4-phenyl-4H-1,2,4-triazol-3-yl]sulfanyl}acetamide",LINCSCP_59024,VCAP,10uM,6h,NA,NA,0.22253203,NA,NA
Azelastine,LINCSCP_78958,A375,0.37uM,24h,4,NA,0.22245476,NA,NA
SCHEMBL6463149,LINCSCP_2224,A375,10uM,6h,NA,NA,0.22241761,NA,NA
AZD-1152HQPA,LINCSCP_4117,A375,5uM,6h,NA,NA,0.22232194,NA,NA
Formoterol,LINCSCP_158284,PC3,3.33uM,24h,NA,NA,0.22222487,NA,NA
Neratinib,LINCSCP_39095,MDAMB231,10uM,24h,NA,NA,0.22215846,NA,NA
Neratinib,LINCSCP_39095,MDAMB231,10uM,24h,3,NA,0.22215846,NA,NA
Avicin-D,LINCSCP_3766,A375,10uM,6h,NA,NA,0.2221165,NA,NA
Dicloxacillin,LINCSCP_237804,MCF7,10uM,24h,4,NA,0.22206155,NA,NA
AC1NUE3V,LINCSCP_2247,A375,10uM,6h,NA,NA,0.22204472,NA,NA
CHEMBL2357503,LINCSCP_50486,PHH,10uM,6h,NA,NA,0.22185749,NA,NA
Brazilin,LINCSCP_2572,A375,10uM,6h,NA,NA,0.22173294,NA,-0.30307207
BRD-K86336638,LINCSCP_28875,HUH7,10uM,24h,NA,NA,0.22169331,NA,NA
SPECTRUM_000403,LINCSCP_173067,YAPC,0.12uM,24h,NA,NA,0.22152147,NA,NA
Itrazole,LINCSCP_10297,A673,10uM,6h,NA,NA,0.22138533,0.20449265,NA
CHEMBL2139291,LINCSCP_47153,PC3,10uM,24h,NA,NA,0.22134747,NA,-0.23152989
Raltegravir,LINCSCP_138767,MCF7,0.04uM,24h,4,NA,0.22129844,NA,NA
GSK-1070916,LINCSCP_11937,BT20,10uM,6h,1,NA,0.22127667,NA,NA
Cyclosporine,LINCSCP_192864,A549,10uM,6h,NA,NA,0.2212178,NA,NA
Cyclosporine,LINCSCP_192864,A549,10uM,6h,4,NA,0.2212178,NA,NA
Broad-Sai-560,LINCSCP_218228,HCC515,3.33uM,24h,NA,NA,0.22106844,NA,NA
TGX 221,LINCSCP_46903,PC3,10uM,6h,NA,NA,0.22094737,NA,NA
Disopyramide,LINCSCP_243096,MCF7,10uM,6h,4,NA,0.22090995,NA,NA
SCHEMBL10583556,LINCSCP_5693,A549,10uM,24h,NA,NA,0.22070156,NA,NA
Netupitant,LINCSCP_99312,HA1E,10uM,24h,4,NA,0.22065198,NA,NA
CHEMBL569102,LINCSCP_41557,NEU,10uM,6h,NA,NA,0.22058217,NA,-0.37082912
NU-7441,LINCSCP_163169,SKBR3,10uM,3h,NA,NA,0.22045745,NA,NA
2-Aminopurine,LINCSCP_46753,PC3,10uM,24h,NA,NA,0.22041766,-0.25603538,-0.25844283
Dutasteride,LINCSCP_89560,HA1E,10uM,24h,4,NA,0.22031207,NA,NA
Paroxetine,LINCSCP_220521,HEPG2,10uM,6h,4,NA,0.22027062,NA,NA
BMS-299897,LINCSCP_52971,SKLU1,10uM,6h,NA,NA,0.22026625,NA,NA
Tyrphostin A9,LINCSCP_6613,A549,10uM,6h,NA,NA,0.22023038,NA,NA
AC1MJ3VH,LINCSCP_9394,A549,3uM,24h,NA,NA,0.22021495,NA,-0.24848572
1268524-70-4,LINCSCP_86960,CD34,1.11uM,24h,NA,NA,0.22016006,NA,-0.29134276
AZD5363,LINCSCP_127205,HT29,3.33uM,24h,NA,NA,0.22014769,NA,NA
CHEMBL2362360,LINCSCP_33934,MCF7,10uM,24h,NA,NA,0.22013167,NA,NA
Cladribine,LINCSCP_3124,A375,10uM,6h,4,NA,0.22010068,NA,-0.28248258
Etomoxir,LINCSCP_30534,MCF7,90uM,24h,NA,NA,0.22003831,NA,NA
GSK429286A,LINCSCP_147048,NEU,0.04uM,24h,NA,NA,0.21998352,NA,NA
CHEMBL2360276,LINCSCP_249686,MCF7,10uM,24h,NA,NA,0.21983691,NA,NA
5-Nitroso-8-cinnolinol,LINCSCP_43575,NPC,10uM,6h,NA,NA,0.21983276,NA,-0.31882803
Quisinostat,LINCSCP_22608,HEPG2,10uM,6h,2,NA,0.21972155,NA,NA
4LY1,LINCSCP_7771,A549,10uM,24h,NA,NA,0.21971394,-0.24305868,NA
Lexibulin,LINCSCP_13493,H1299,1uM,6h,2,NA,0.21953525,NA,NA
Protriptyline,LINCSCP_139056,MCF7,10uM,24h,4,NA,0.21951729,NA,NA
CHEMBL2360978,LINCSCP_59995,VCAP,5uM,24h,NA,NA,0.21929441,NA,NA
1166227-08-2,LINCSCP_146378,NEU,0.12uM,24h,NA,NA,0.21923703,NA,NA
Maprotiline,LINCSCP_5728,A549,10uM,24h,NA,NA,0.21923204,NA,NA
Maprotiline,LINCSCP_5728,A549,10uM,24h,4,NA,0.21923204,NA,NA
Budesonide,LINCSCP_19031,HCC515,10uM,6h,NA,NA,0.21918246,NA,NA
Budesonide,LINCSCP_19031,HCC515,10uM,6h,NA,NA,0.21918246,NA,NA
Budesonide,LINCSCP_19031,HCC515,10uM,6h,4,NA,0.21918246,NA,NA
Doramapimod,LINCSCP_133467,MCF7,3.33uM,24h,2,NA,0.21895028,NA,NA
Oxidopamine,LINCSCP_263459,NPC,10uM,24h,NA,NA,0.21863748,NA,NA
BCL-2 Inhibitor,LINCSCP_262626,NPC,10uM,24h,NA,NA,0.21857427,NA,NA
196868-63-0,LINCSCP_18609,HCC515,10uM,24h,NA,NA,0.21856128,NA,-0.20329727
Chlorambucil,LINCSCP_92272,HA1E,10uM,24h,4,NA,0.21832495,NA,NA
OSI-027,LINCSCP_251470,MCF7,0.1uM,24h,NA,NA,0.2182676,NA,NA
OSI-027,LINCSCP_251470,MCF7,0.1uM,24h,2,NA,0.2182676,NA,NA
Ketorolac,LINCSCP_19019,HCC515,10uM,6h,4,NA,0.21820546,NA,-0.25328875
SPECTRUM_000011,LINCSCP_109365,HELA,10uM,24h,NA,NA,0.21817401,NA,NA
MLS001060803,LINCSCP_5626,A549,10uM,6h,NA,NA,0.21816495,NA,NA
RO 08-2750,LINCSCP_26966,HT29,10uM,6h,NA,NA,0.21792001,NA,-0.2565266
Cholic acid,LINCSCP_75557,A375,0.37uM,24h,4,NA,0.21789844,NA,NA
ZK-93423,LINCSCP_135422,MCF7,10uM,24h,NA,NA,0.21785634,NA,NA
STK054715,LINCSCP_57752,VCAP,10uM,24h,NA,NA,0.21783119,NA,NA
Tyrphostin 25,LINCSCP_94,A375,10uM,6h,NA,NA,0.21770411,NA,NA
Givinostat,LINCSCP_52131,SKB,10uM,24h,NA,NA,0.21770082,NA,NA
Androstenol,LINCSCP_41365,NEU,10uM,24h,NA,NA,0.21764895,NA,NA
CHEMBL2359857,LINCSCP_47144,PC3,10uM,24h,NA,NA,0.21760635,NA,NA
CHEMBL2140299,LINCSCP_33888,MCF7,10uM,24h,NA,NA,0.21760564,NA,NA
WZ3105,LINCSCP_111267,HEPG2,1.11uM,24h,NA,NA,0.21759648,NA,NA
WH-4-025,LINCSCP_111499,HEPG2,10uM,24h,NA,NA,0.21752807,NA,NA
BRD-K11533227,LINCSCP_23849,HEPG2,10uM,24h,NA,NA,0.21741276,NA,NA
(Z)-Guggulsterone,LINCSCP_58860,VCAP,10uM,24h,NA,NA,0.21735167,NA,NA
Molsidomine,LINCSCP_33623,MCF7,10uM,24h,4,NA,0.21731822,NA,NA
Tyrphostin AG 879,LINCSCP_7486,A549,10uM,6h,NA,NA,0.21727552,NA,NA
83002-04-4,LINCSCP_262484,NPC,10uM,24h,NA,NA,0.21716818,NA,NA
Alitretinoin,LINCSCP_283493,SKB,10uM,24h,4,NA,0.21716776,NA,NA
BRD-K01621458,LINCSCP_28488,HT29,10uM,24h,NA,NA,0.21693167,NA,NA
SCHEMBL16980374,LINCSCP_8640,A549,5uM,24h,NA,NA,0.21692715,NA,NA
Papaverine,LINCSCP_33595,MCF7,10uM,24h,4,NA,0.21692589,NA,NA
Valrubicin,LINCSCP_142742,MCF7,0.37uM,24h,4,NA,0.21691863,NA,-0.28364382
Merck-Ketone,LINCSCP_47072,PC3,10uM,24h,NA,NA,0.21687453,NA,NA
Bithionol,LINCSCP_14724,HA1E,10uM,24h,4,NA,0.21685004,NA,NA
Kenpaullone,LINCSCP_23399,HEPG2,20uM,24h,NA,NA,0.21682731,NA,NA
Haloprogin,LINCSCP_34571,MCF7,10uM,6h,4,NA,0.21680018,NA,-0.33312581
BRD-K05130619,LINCSCP_59987,VCAP,5uM,24h,NA,NA,0.21668346,NA,NA
CHEMBL2355441,LINCSCP_34844,MCF7,5uM,24h,NA,NA,0.21665327,NA,NA
Fluocinolone Acetonide,LINCSCP_20761,HCC515,10uM,6h,4,NA,0.21656551,NA,NA
Oxyphenbutazone,LINCSCP_43271,NPC,10uM,6h,4,NA,0.21652518,NA,-0.37923596
Ondansetron,LINCSCP_47822,PC3,10uM,6h,4,NA,0.21644631,NA,NA
SAR245409,LINCSCP_83020,ASC.C,0.37uM,24h,NA,NA,0.21632451,NA,NA
CHEMBL1165368,LINCSCP_52740,SKB,10uM,24h,NA,NA,0.21617068,NA,NA
CHEMBL2133926,LINCSCP_47288,PC3,10uM,24h,NA,NA,0.21598334,NA,NA
HEMICHOLINIUM-3,LINCSCP_37060,MCF7,1uM,6h,NA,NA,0.21592168,NA,NA
BRD-K63388446,LINCSCP_43028,NPC,10uM,24h,NA,NA,0.21582991,NA,NA
"4-(3-Ethyl[1,2,4]triazolo[3,4-b][1,3,4]thiadiazol-6-yl)aniline",LINCSCP_30862,MCF7,10uM,6h,NA,NA,0.2158247,NA,NA
MLS002473641,LINCSCP_5556,A549,10uM,6h,NA,NA,0.21580886,NA,NA
MLS002729057,LINCSCP_5605,A549,10uM,24h,NA,NA,0.21576518,NA,NA
Thioguanine,LINCSCP_141214,MCF7,0.04uM,24h,4,NA,0.21567078,NA,NA
Arctigenin,LINCSCP_7178,A549,10uM,6h,NA,NA,0.21566961,NA,NA
ZINC01037382,LINCSCP_46843,PC3,10uM,24h,NA,NA,0.2156221,NA,NA
AC1NSZCT,LINCSCP_97661,HA1E,3.33uM,24h,NA,NA,0.21556195,NA,NA
PU-H-71,LINCSCP_59055,VCAP,10uM,6h,NA,NA,0.21555963,NA,NA
SMR000076922,LINCSCP_45311,PC3,10uM,24h,NA,NA,0.21555525,NA,NA
Niguldipine,LINCSCP_7256,A549,10uM,24h,NA,NA,0.21547747,NA,NA
Gemfibrozil,LINCSCP_154433,PC3,0.04uM,24h,4,NA,0.21543714,-0.2555843,-0.20720455
SPECTRUM_000224,LINCSCP_19179,HCC515,10uM,6h,NA,NA,0.21534559,NA,-0.20383851
ICG-001,LINCSCP_57189,VCAP,10uM,6h,NA,NA,0.21528879,NA,NA
Sulconazole,LINCSCP_42531,NPC,10uM,24h,4,NA,0.21512895,NA,NA
Huperzine-A,LINCSCP_1998,A375,10uM,6h,NA,NA,0.21510661,NA,NA
BS-181,LINCSCP_164511,SKL.C,10uM,24h,NA,NA,0.21510057,NA,-0.22925802
Iodophenpropit,LINCSCP_22939,HEPG2,10uM,6h,NA,NA,0.21499495,NA,NA
MST-312,LINCSCP_19308,HCC515,10uM,24h,NA,NA,0.21497973,-0.24563986,NA
Pelitinib,LINCSCP_90842,HA1E,10uM,24h,2,NA,0.21475996,NA,NA
"7,2'-Dihydroxyflavone",LINCSCP_33776,MCF7,10uM,6h,NA,NA,0.21447185,NA,NA
Foretinib,LINCSCP_105436,HELA,3.33uM,24h,2,NA,0.21444247,NA,NA
Thiostrepton,LINCSCP_40913,NEU,10uM,24h,NA,NA,0.21431333,NA,NA
Thiostrepton,LINCSCP_40913,NEU,10uM,24h,NA,NA,0.21431333,NA,NA
BRD-K52111234,LINCSCP_243221,MCF7,10uM,6h,NA,NA,0.21425248,NA,NA
BRD-A25736793,LINCSCP_146572,NEU,0.04uM,24h,NA,NA,0.21421815,NA,NA
Necrostatin,LINCSCP_32828,MCF7,10uM,24h,NA,NA,0.21421209,NA,NA
SU4312,LINCSCP_33349,MCF7,10uM,24h,NA,NA,0.2141429,NA,NA
PP 2,LINCSCP_11486,ASC,10uM,24h,NA,NA,0.21401453,NA,NA
Tazarotene,LINCSCP_142964,MCF7,0.37uM,24h,4,NA,0.2139817,NA,NA
BRD-K76938712,LINCSCP_46509,PC3,10uM,24h,NA,NA,0.21393549,NA,NA
C24H25CLFN5O3,LINCSCP_85944,BT20,10uM,24h,NA,NA,0.21385262,NA,NA
"Triazolothiadiazine, 22",LINCSCP_5337,A549,10uM,6h,NA,NA,0.21379801,NA,NA
EMF-SUMO1-39,LINCSCP_20710,HCC515,10uM,6h,NA,NA,0.21375058,NA,NA
AMG-9810,LINCSCP_2618,A375,10uM,6h,NA,NA,0.21371724,NA,NA
Primaquine,LINCSCP_139548,MCF7,10uM,24h,4,NA,0.21368788,NA,NA
SN-38,LINCSCP_103968,HELA,3.33uM,24h,NA,NA,0.21358562,NA,NA
CHEMBL1354134,LINCSCP_22122,HEPG2,10uM,6h,NA,NA,0.21350069,NA,-0.26098824
BRD-K87063646,LINCSCP_59713,VCAP,5uM,24h,NA,NA,0.21342002,NA,NA
MLS002264436,LINCSCP_19692,HCC515,10uM,6h,NA,NA,0.21334053,NA,NA
Rabusertib,LINCSCP_148055,NPC.CAS9,10uM,24h,2,NA,0.21328335,NA,NA
Propylthiouracil,LINCSCP_73433,A375,10uM,24h,4,NA,0.21327832,NA,NA
BRD-K08023754,LINCSCP_298719,VCAP,5uM,24h,NA,NA,0.21317654,NA,NA
BRD-K04534322,LINCSCP_6014,A549,10uM,6h,NA,NA,0.21294275,NA,-0.20057227
BRD-K28578807,LINCSCP_296458,VCAP,5uM,24h,NA,NA,0.21274308,NA,-0.23650047
Brompheniramine,LINCSCP_240597,MCF7,10uM,24h,4,NA,0.2127381,NA,-0.23704622
Bntx,LINCSCP_41177,NEU,10uM,24h,NA,NA,0.21270022,NA,-0.28799296
AC1NWALX,LINCSCP_22839,HEPG2,10uM,6h,NA,NA,0.21267446,NA,NA
CHEMBL2359459,LINCSCP_7873,A549,10uM,24h,NA,NA,0.21266704,NA,NA
"2-(3,4-Dichlorophenyl)-2,3-dihydro-1,3-benzoxazole",LINCSCP_28891,HUH7,10uM,6h,NA,NA,0.21265437,NA,NA
3-(4-Pyridyl)indole,LINCSCP_57099,VCAP,10uM,6h,NA,NA,0.21254599,NA,NA
Puromycin Hydrochloride,LINCSCP_7630,A549,10uM,6h,NA,NA,0.21253049,NA,NA
Epirubicin,LINCSCP_6822,A549,10uM,24h,4,NA,0.21251526,NA,NA
Triamcinolone Diacetate,LINCSCP_19160,HCC515,10uM,6h,NA,NA,0.21250736,NA,NA
SCHEMBL16892136,LINCSCP_35499,MCF7,3uM,24h,NA,NA,0.21245878,NA,-0.26285808
CTS-1027,LINCSCP_141333,MCF7,0.12uM,24h,NA,NA,0.21241312,NA,NA
Raloxifene,LINCSCP_24048,HEPG2,10uM,24h,4,NA,0.21238615,NA,NA
BRD-K74507776,LINCSCP_16997,HA1E,10uM,6h,NA,NA,0.21234047,NA,NA
CAY-10594,LINCSCP_21726,HEPG2,20uM,6h,NA,NA,0.21228326,NA,NA
Puromycin,LINCSCP_311007,VCAP,10uM,6h,NA,NA,0.21208302,NA,NA
SCHEMBL16980376,LINCSCP_29017,HUH7,3uM,6h,NA,NA,0.21207444,NA,NA
Dacinostat,LINCSCP_106257,HELA,3.33uM,24h,NA,NA,0.21201874,NA,NA
Hinokitiol,LINCSCP_42637,NPC,10uM,24h,NA,NA,0.21194428,NA,NA
TCS-359,LINCSCP_382,A375,10uM,24h,NA,NA,0.21188604,NA,NA
BRD-K69888333,LINCSCP_49878,PHH,10uM,24h,NA,NA,0.21173881,NA,-0.23155919
Oligomycin A,LINCSCP_15510,HA1E,10uM,6h,NA,NA,0.21164044,0.20038211,NA
Miconazole,LINCSCP_34257,MCF7,10uM,24h,4,NA,0.211639,NA,-0.26536351
Tioconazole,LINCSCP_137669,MCF7,0.04uM,24h,4,NA,0.21163538,NA,NA
CHEMBL3188797,LINCSCP_35375,MCF7,10uM,24h,NA,NA,0.2115899,NA,-0.23678879
"2,3-Diamino-1-phenylpropan-1-one",LINCSCP_33045,MCF7,10uM,24h,NA,NA,0.21156129,NA,NA
DASA-58,LINCSCP_264262,OV7,90uM,6h,NA,NA,0.21144504,NA,NA
Topotecan,LINCSCP_5871,A549,10uM,6h,4,NA,0.21141212,NA,-0.23871989
Amonafide,LINCSCP_58611,VCAP,10uM,24h,3,NA,0.21136194,NA,NA
ASN 05257430,LINCSCP_10567,AGS,10uM,6h,NA,NA,0.21128535,NA,NA
BRD-A94810754-001-01-2,LINCSCP_43552,NPC,10uM,6h,NA,NA,0.21114862,NA,NA
"6,10,10B-Trihydroxy-3,4a,7,7,10a-pentamethyl-1-oxo-3-vinyldodecahydro-1H-benzo[f]chromen-5-yl acetate",LINCSCP_25688,HT29,10uM,6h,NA,NA,0.21113132,NA,NA
"3,4'-Dimethoxyflavone",LINCSCP_33735,MCF7,10uM,6h,NA,NA,0.21111553,NA,NA
Triflupromazine,LINCSCP_95186,HA1E,10uM,24h,4,NA,0.21107811,NA,NA
BRD-K75576199,LINCSCP_62316,VCAP,5uM,24h,NA,NA,0.21107501,NA,NA
Piceatannol,LINCSCP_14153,HA1E,10uM,24h,NA,NA,0.21105302,NA,NA
BRD-K93127801,LINCSCP_34102,MCF7,10uM,6h,NA,NA,0.21086487,NA,NA
Omacetaxine Mepesuccinate,LINCSCP_50128,PHH,10uM,24h,4,NA,0.21081143,NA,-0.26640305
Rhodomyrtoxin B,LINCSCP_14959,HA1E,10uM,24h,NA,NA,0.21075353,NA,NA
MLS003129492,LINCSCP_42949,NPC,10uM,24h,NA,NA,0.21068779,NA,NA
BRD-K96433222-001-01-3,LINCSCP_2234,A375,10uM,6h,NA,NA,0.21055928,NA,NA
AC1OCDAW,LINCSCP_17404,HA1E,3.33uM,24h,NA,NA,0.21055165,NA,NA
Fluticasone Propionate,LINCSCP_172442,YAPC,3.33uM,24h,4,NA,0.21050339,-0.22224896,NA
RS-39604,LINCSCP_33731,MCF7,10uM,6h,NA,NA,0.21041904,NA,NA
761437-28-9,LINCSCP_81999,A549,1.11uM,24h,NA,NA,0.21038975,NA,NA
PP-30,LINCSCP_13501,H1299,10uM,6h,NA,NA,0.21038186,NA,NA
Disulfiram,LINCSCP_118747,HT29,0.04uM,24h,4,NA,0.21026276,NA,NA
GR-127935,LINCSCP_33472,MCF7,10uM,6h,NA,NA,0.21025926,NA,NA
Epirubicin HCl,LINCSCP_76088,A375,1.11uM,24h,NA,NA,0.21024759,NA,NA
E 2012,LINCSCP_141301,MCF7,1.11uM,24h,NA,NA,0.21011321,NA,NA
BG-1004,LINCSCP_43333,NPC,10uM,6h,NA,NA,0.20997096,NA,NA
DC-45-A2,LINCSCP_25615,HT29,10uM,24h,NA,NA,0.20992576,NA,NA
Tyrphostin AG-112,LINCSCP_50735,RKO,10uM,6h,NA,NA,0.20986839,NA,NA
PCI-34051,LINCSCP_17372,HA1E,10uM,24h,NA,NA,0.20985695,NA,NA
BRD-K64106162,LINCSCP_21004,HCC515,3.33uM,24h,NA,NA,0.20983333,NA,NA
BRD-K23657553,LINCSCP_10872,ASC,10uM,24h,NA,NA,0.20980932,NA,NA
Adarotene,LINCSCP_93280,HA1E,1.11uM,24h,NA,NA,0.20971251,NA,NA
Tandutinib,LINCSCP_110215,HELA,10uM,24h,2,NA,0.209676,NA,NA
Plumbagin,LINCSCP_41383,NEU,10uM,24h,NA,NA,0.2095042,NA,NA
Vidofludimus,LINCSCP_171297,YAPC,10uM,24h,NA,NA,0.20935311,NA,NA
MAYBRIDGE4_001867,LINCSCP_2977,A375,10uM,6h,NA,NA,0.20929384,NA,NA
SA-1459975,LINCSCP_37242,MCF7,3uM,24h,NA,NA,0.20925105,NA,NA
Atomoxetine,LINCSCP_242049,MCF7,10uM,24h,4,NA,0.20910364,NA,NA
Parbendazole,LINCSCP_41782,NKDBA,10uM,24h,NA,NA,0.20909368,NA,NA
BRD-K91440401,LINCSCP_312586,VCAP,3uM,24h,NA,NA,0.20900622,NA,NA
BRD-K78524708,LINCSCP_34079,MCF7,10uM,6h,NA,NA,0.20899761,NA,NA
MLS000047258,LINCSCP_22264,HEPG2,10uM,6h,NA,NA,0.20894583,NA,-0.20476271
CHEMBL1406616,LINCSCP_57249,VCAP,10uM,24h,NA,NA,0.20886716,NA,NA
BRD-K44777226,LINCSCP_62544,VCAP,5uM,6h,NA,NA,0.20883611,NA,NA
T5820451,LINCSCP_281200,PHH,10uM,24h,NA,NA,0.20881912,NA,NA
848193-68-0,LINCSCP_149950,NPC.TAK,10uM,24h,NA,NA,0.20875967,NA,NA
Buthionine Sulfoxime,LINCSCP_42231,NPC,10uM,24h,NA,NA,0.20866028,NA,NA
MLS002699434,LINCSCP_22171,HEPG2,10uM,6h,NA,NA,0.20862332,NA,NA
APIXABAN,LINCSCP_172756,YAPC,0.37uM,24h,4,NA,0.20855079,NA,NA
Metergoline,LINCSCP_42761,NPC,10uM,24h,4,NA,0.20852283,NA,NA
CHEMBL1271012,LINCSCP_31474,MCF7,10uM,6h,NA,NA,0.20851285,NA,NA
BRD-K40170731,LINCSCP_310142,VCAP,30uM,6h,NA,NA,0.20844096,NA,NA
BRD-K74085580,LINCSCP_3367,A375,5uM,24h,NA,NA,0.20841242,NA,NA
Isoflupredone Acetate,LINCSCP_18110,HCC515,10uM,6h,NA,NA,0.20829592,NA,NA
BRD-K43253317,LINCSCP_263215,NPC,10uM,24h,NA,NA,0.20828507,NA,NA
CHEMBL1172402,LINCSCP_41495,NEU,10uM,6h,NA,NA,0.20824048,NA,NA
IOX2,LINCSCP_114101,HME1,10uM,24h,NA,NA,0.20800715,NA,NA
Prostratin,LINCSCP_20679,HCC515,10uM,6h,NA,NA,0.2077412,NA,NA
HG6-64-1,LINCSCP_12075,BT20,10uM,6h,NA,NA,0.20767501,NA,NA
MLS-0435555.0001,LINCSCP_6061,A549,10uM,6h,NA,NA,0.20754316,NA,NA
CHEMBL1555451,LINCSCP_31078,MCF7,10uM,6h,NA,NA,0.20742387,NA,NA
BRD-K85806228,LINCSCP_43186,NPC,10uM,24h,NA,NA,0.20739651,NA,NA
BRD-K80062189,LINCSCP_43360,NPC,10uM,6h,NA,NA,0.20739576,NA,-0.23874787
BRD-K75971499,LINCSCP_43354,NPC,10uM,6h,NA,NA,0.20738455,NA,-0.32473585
SB239063,LINCSCP_166225,SKL,0.37uM,24h,NA,NA,0.20733782,NA,NA
Broad-Sai-045,LINCSCP_20963,HCC515,10uM,24h,NA,NA,0.20729106,NA,NA
STK661558,LINCSCP_239420,MCF7,10uM,24h,NA,NA,0.2071793,NA,NA
Medetomidine,LINCSCP_154687,PC3,1.11uM,24h,NA,NA,0.20692495,NA,NA
BRD-K23886631,LINCSCP_3333,A375,5uM,24h,NA,NA,0.20683608,NA,NA
BRD-K40963620,LINCSCP_43000,NPC,10uM,24h,NA,NA,0.20678925,-0.23617625,-0.22585131
AC1N6AX4,LINCSCP_42594,NPC,10uM,24h,NA,NA,0.20676374,NA,NA
WAY-262611,LINCSCP_41386,NEU,10uM,24h,NA,NA,0.20674225,NA,-0.20380766
ZINC01792951,LINCSCP_4945,A549,10uM,24h,NA,NA,0.2065939,NA,-0.20350352
MLS000089581,LINCSCP_5019,A549,10uM,24h,NA,NA,0.20655981,NA,NA
CHEMBL1271430,LINCSCP_1848,A375,10uM,6h,NA,NA,0.2064743,NA,NA
AC1LM9MI,LINCSCP_65050,VCAP,10uM,6h,NA,NA,0.20646665,NA,NA
MLS000547267,LINCSCP_22154,HEPG2,10uM,6h,NA,NA,0.20645779,NA,NA
CHEMBL2138962,LINCSCP_23246,HEPG2,10uM,6h,NA,NA,0.20645264,NA,NA
Cyclosporin A,LINCSCP_2834,A375,10uM,6h,NA,NA,0.20609654,NA,-0.25656605
Cyclosporin A,LINCSCP_2834,A375,10uM,6h,NA,NA,0.20609654,NA,-0.25656605
Cyclosporin A,LINCSCP_2834,A375,10uM,6h,NA,NA,0.20609654,NA,-0.25656605
Cyclosporin A,LINCSCP_2834,A375,10uM,6h,NA,NA,0.20609654,NA,-0.25656605
Alvocidib,LINCSCP_49897,PHH,10uM,24h,3,NA,0.20607661,NA,NA
BG-1017,LINCSCP_43640,NPC,10uM,6h,NA,NA,0.20603644,NA,NA
AKT Inhibitor VIII,LINCSCP_51289,SKBR3,10uM,24h,NA,NA,0.20598288,NA,NA
CX-5461,LINCSCP_84629,ASC,0.37uM,24h,NA,NA,0.20598179,NA,NA
Solifenacin succinate,LINCSCP_90643,HA1E,0.04uM,24h,4,NA,0.20595335,-0.25079561,NA
CICLESONIDE,LINCSCP_102112,HELA,10uM,24h,4,NA,0.20580154,NA,NA
MLN-0128,LINCSCP_88513,HA1E,0.12uM,24h,2,NA,0.20574556,NA,NA
CHEMBL2140128,LINCSCP_59237,VCAP,10uM,24h,NA,NA,0.20571405,-0.21324334,NA
RG 108,LINCSCP_133826,MCF7,0.37uM,24h,NA,NA,0.20569435,-0.24176692,NA
Istaroxime (hydrochloride),LINCSCP_127498,HT29,10uM,24h,NA,NA,0.20561674,NA,-0.27645123
H89,LINCSCP_7453,A549,10uM,6h,NA,NA,0.20560986,NA,NA
1991-52-2,LINCSCP_2924,A375,10uM,6h,NA,NA,0.20559789,NA,-0.25273424
Sarcolysin,LINCSCP_17070,HA1E,10uM,24h,NA,NA,0.20545142,NA,NA
ZINC02121610,LINCSCP_57437,VCAP,10uM,6h,NA,NA,0.20530831,NA,NA
Iopanoic acid,LINCSCP_52483,SKB,10uM,24h,4,NA,0.20530196,NA,-0.28132623
etoposide,LINCSCP_17069,HA1E,10uM,24h,NA,NA,0.20527652,NA,NA
Terreic-acid,LINCSCP_2272,A375,10uM,6h,NA,NA,0.20519694,NA,-0.25309817
atorvastatin,LINCSCP_28884,HUH7,10uM,24h,NA,NA,0.20517897,NA,NA
OTSSP167,LINCSCP_146653,NEU,0.12uM,24h,NA,NA,0.20505035,NA,-0.23373527
ESTRAMUSTINE,LINCSCP_96999,HA1E,0.12uM,24h,NA,NA,0.20502539,NA,NA
6-Azauridine,LINCSCP_57967,VCAP,10uM,24h,NA,NA,0.20496814,NA,NA
CGS-15943,LINCSCP_252665,MCF7,40uM,24h,NA,NA,0.20489047,NA,-0.21248505
Flumethasone,LINCSCP_18714,HCC515,10uM,6h,NA,NA,0.20484395,NA,NA
MRE-269,LINCSCP_24129,HL60,1uM,24h,NA,NA,0.20482793,NA,NA
BRD-K74316684,LINCSCP_259329,NEU,10uM,24h,NA,NA,0.20465279,NA,NA
MLS002703076,LINCSCP_46243,PC3,10uM,24h,NA,NA,0.20461493,NA,NA
CHEMBL1619263,LINCSCP_42367,NPC,10uM,24h,NA,NA,0.20454929,NA,NA
BRD-K53223020,LINCSCP_64783,VCAP,10uM,6h,NA,NA,0.20413563,NA,NA
Osimertinib,LINCSCP_146631,NEU,10uM,24h,4,NA,0.20410893,NA,NA
Dacarbazine,LINCSCP_72014,A375,0.37uM,24h,4,NA,0.20404522,NA,NA
RS-17053,LINCSCP_7345,A549,10uM,24h,NA,NA,0.20401813,NA,NA
Tanespimycin,LINCSCP_10637,AGS,0.5uM,6h,3,NA,0.20393939,NA,NA
AZD7762,LINCSCP_96823,HA1E,3.33uM,24h,1,NA,0.20389213,NA,NA
CYTO7H11,LINCSCP_203027,AGS,10uM,6h,NA,NA,0.20357345,NA,NA
Phenylalanyltyrosine,LINCSCP_293,A375,10uM,24h,NA,NA,0.20351819,NA,NA
CHEMBL1222381,LINCSCP_12961,EFO27,80uM,6h,NA,NA,0.2033671,NA,NA
AC1NWAOC,LINCSCP_76338,A375,10uM,24h,NA,NA,0.20312769,NA,-0.25168547
Fosinopril,LINCSCP_120233,HT29,10uM,24h,NA,NA,0.20307156,NA,NA
Triclosan,LINCSCP_75990,A375,10uM,24h,4,NA,0.20288536,NA,NA
Linoleamide,LINCSCP_33519,MCF7,10uM,6h,NA,NA,0.20281983,NA,NA
Levetiracetam,LINCSCP_78131,A375,3.33uM,24h,4,NA,0.2028194,NA,NA
BRD-K19870323,LINCSCP_65598,VCAP,10uM,24h,NA,NA,0.20260807,NA,NA
UNII-MET7ZRB8Y7,LINCSCP_11318,ASC,10uM,24h,NA,NA,0.20245767,NA,NA
Pantoprazole,LINCSCP_18648,HCC515,10uM,6h,4,NA,0.20234199,NA,NA
CHEMBL214378,LINCSCP_24704,HS578T,10uM,24h,NA,NA,0.20234136,NA,NA
VU0418934-2,LINCSCP_26160,HT29,10uM,6h,NA,NA,0.20230905,NA,-0.31128909
AC1L2X6Z,LINCSCP_50228,PHH,10uM,24h,NA,NA,0.20223219,NA,NA
H0635_SIGMA,LINCSCP_26266,HT29,10uM,6h,NA,NA,0.20218641,NA,NA
SMR000206938,LINCSCP_19632,HCC515,10uM,6h,NA,NA,0.20215868,NA,NA
SCHEMBL2559280,LINCSCP_31496,MCF7,10uM,6h,NA,NA,0.20208162,-0.20513083,-0.27212525
BX-795,LINCSCP_21360,HEC108,10uM,6h,NA,NA,0.20192476,NA,-0.21643491
SMR000162699,LINCSCP_45924,PC3,10uM,24h,NA,NA,0.20192262,NA,NA
Diphenoxylate,LINCSCP_58143,VCAP,10uM,24h,4,NA,0.20182492,NA,-0.27406903
BRD-K05174693,LINCSCP_309974,VCAP,10uM,24h,NA,NA,0.20177661,NA,NA
Sertraline HCl,LINCSCP_126004,HT29,10uM,24h,NA,NA,0.20166458,NA,-0.24272504
BRD-K35638681,LINCSCP_46591,PC3,10uM,6h,NA,NA,0.20157011,NA,NA
GP 1A,LINCSCP_33647,MCF7,10uM,24h,NA,NA,0.2014966,NA,NA
Blebbistatin,LINCSCP_53098,SKM1,40uM,6h,NA,NA,0.20143462,NA,NA
Evodiamine,LINCSCP_13428,H1299,10uM,6h,NA,NA,0.2013589,NA,NA
BL003-049-HDAC3,LINCSCP_218138,HCC515,10uM,24h,NA,NA,0.20119481,NA,NA
CHEMBL1716096,LINCSCP_5381,A549,10uM,24h,NA,NA,0.20111915,NA,NA
MLS000709026,LINCSCP_10521,AGS,40uM,6h,NA,NA,0.20109363,NA,NA
Rilmenidine,LINCSCP_41485,NEU,10uM,6h,3,NA,0.20104116,NA,NA
CBDIVE_007485,LINCSCP_49826,PHH,10uM,24h,NA,NA,0.2010407,NA,NA
LY2157299,LINCSCP_79870,A375,3.33uM,24h,2,NA,0.20103954,NA,NA
Cimaterol,LINCSCP_44690,PC3,10uM,24h,NA,NA,0.20097608,NA,NA
BRD-K11436949,LINCSCP_64063,VCAP,5uM,6h,NA,NA,0.20097449,NA,NA
ZM336372,LINCSCP_53051,SKLU1,100uM,6h,NA,NA,0.2009611,NA,NA
Aphidicolin,LINCSCP_140160,MCF7,3.33uM,24h,NA,NA,0.20094374,NA,-0.30816317
Daunorubicin,LINCSCP_12379,CD34,0.5uM,24h,4,NA,0.20089195,NA,NA
SKF-83822,LINCSCP_43204,NPC,10uM,24h,NA,NA,0.20085487,NA,NA
CHEMBL2131973,LINCSCP_16332,HA1E,10uM,6h,NA,NA,0.20085107,NA,NA
NSC665366,LINCSCP_33113,MCF7,10uM,24h,NA,NA,0.20083375,NA,NA
Dinaciclib,LINCSCP_69779,A375,0.04uM,24h,3,NA,0.20074614,NA,NA
Patupilone,LINCSCP_42162,NPC,10uM,24h,3,NA,0.20069691,NA,NA
Piribedil,LINCSCP_159833,PC3,0.37uM,24h,4,NA,0.20068351,NA,NA
MLS002264438,LINCSCP_19809,HCC515,10uM,6h,NA,NA,0.20063734,NA,NA
Toltrazuril,LINCSCP_2634,A375,10uM,6h,NA,NA,0.20054347,NA,NA
Tamibarotene,LINCSCP_6395,A549,10uM,24h,2,NA,0.20041915,NA,NA
SMR000030495,LINCSCP_1350,A375,10uM,6h,NA,NA,0.20039674,NA,-0.23912357
"Trans-1,4-bis(2-chlorobenzaminomethyl)cyclohexane dihydrochloride",LINCSCP_14390,HA1E,10uM,24h,NA,NA,0.20027102,NA,NA
Chelidonine,LINCSCP_4357,A549,10uM,6h,NA,NA,0.20024827,0.20946738,NA
CHEMBL1398049,LINCSCP_1256,A375,10uM,24h,NA,NA,0.20024369,NA,-0.26658552
TyrphostinAG835,LINCSCP_14417,HA1E,10uM,24h,NA,NA,0.20014942,NA,NA
BRD-K15918270,LINCSCP_48497,PC3,10uM,24h,NA,NA,0.20008403,NA,NA
FPA1_000112,LINCSCP_42192,NPC,10uM,24h,NA,NA,0.20004313,NA,NA
Y-39983,LINCSCP_113291,HME1,1.11uM,24h,1,NA,-0.39909736,NA,NA
(S)-Tipifarnib,LINCSCP_53817,SNUC4,10uM,6h,NA,NA,-0.39225094,NA,0.28868404
Zaprinast,LINCSCP_101607,HELA,0.12uM,24h,NA,NA,-0.3490013,NA,0.25821787
VX-745,LINCSCP_240362,MCF7,10uM,24h,2,NA,-0.34890405,NA,0.26473997
BRD-K78496556,LINCSCP_65521,VCAP,10uM,6h,NA,NA,-0.34724363,NA,NA
PF477736,LINCSCP_162985,SKBR3,3.33uM,24h,NA,NA,-0.34452054,NA,NA
Pazopanib,LINCSCP_86691,CD34,3.33uM,24h,4,NA,-0.34054195,NA,0.25790772
SA-1938111,LINCSCP_37030,MCF7,10uM,24h,NA,NA,-0.33780199,0.25713317,NA
Lintitript,LINCSCP_102129,HELA,0.04uM,24h,NA,NA,-0.32434939,NA,NA
TIE2 Kinase Inhibitor,LINCSCP_165233,SKL.C,0.04uM,24h,NA,NA,-0.32314015,NA,0.23932894
BMS-345541,LINCSCP_24481,HS578T,0.5uM,6h,NA,NA,-0.32310973,NA,NA
Cabozantinib,LINCSCP_146409,NEU,0.12uM,24h,4,NA,-0.32197763,NA,NA
LY-294002,LINCSCP_68548,VCAP,10uM,6h,NA,NA,-0.31846806,NA,NA
BRD-K69760878,LINCSCP_8184,A549,5uM,24h,NA,NA,-0.3181453,NA,NA
Simeprevir,LINCSCP_174290,YAPC,0.37uM,24h,NA,NA,-0.31771999,NA,0.21933809
"5,6-Dichlorobenzimidazole riboside",LINCSCP_58810,VCAP,10uM,24h,NA,NA,-0.31771791,NA,NA
Parthenolide,LINCSCP_53738,SNU1040,10uM,6h,NA,NA,-0.316759,0.26450443,0.24751216
Parthenolide,LINCSCP_53738,SNU1040,10uM,6h,NA,NA,-0.316759,0.26450443,0.24751216
Parthenolide,LINCSCP_53738,SNU1040,10uM,6h,NA,NA,-0.316759,0.26450443,0.24751216
Parthenolide,LINCSCP_53738,SNU1040,10uM,6h,NA,NA,-0.316759,0.26450443,0.24751216
Parthenolide,LINCSCP_53738,SNU1040,10uM,6h,NA,NA,-0.316759,0.26450443,0.24751216
Parthenolide,LINCSCP_53738,SNU1040,10uM,6h,NA,NA,-0.316759,0.26450443,0.24751216
Parthenolide,LINCSCP_53738,SNU1040,10uM,6h,NA,NA,-0.316759,0.26450443,0.24751216
Parthenolide,LINCSCP_53738,SNU1040,10uM,6h,NA,NA,-0.316759,0.26450443,0.24751216
ACEXAMIC ACID,LINCSCP_160462,PC3,1.11uM,24h,NA,NA,-0.31594735,NA,NA
AC1N08ZR,LINCSCP_211853,HA1E,10uM,6h,NA,NA,-0.31533827,NA,NA
TORIN-2,LINCSCP_51692,SKBR3,1uM,6h,NA,NA,-0.31319849,NA,NA
BMS-777607,LINCSCP_146550,NEU,3.33uM,24h,2,NA,-0.31184946,0.21963393,NA
SMR000024485,LINCSCP_4924,A549,10uM,24h,NA,NA,-0.31040292,NA,NA
PI-103,LINCSCP_133090,MCF7,0.04uM,3h,NA,NA,-0.31019503,NA,0.24851624
Lenvatinib (E7080),LINCSCP_93739,HA1E,3.33uM,24h,4,NA,-0.30934537,NA,NA
ZINC01050121,LINCSCP_35895,MCF7,0.5uM,24h,NA,NA,-0.3080189,NA,NA
GW843682X,LINCSCP_132923,MCF7,10uM,3h,NA,NA,-0.30766571,NA,NA
2-(Ethylmercuriothio)benzoic acid,LINCSCP_127303,HT29,0.37uM,24h,NA,NA,-0.3073573,NA,NA
BRD-K43874853,LINCSCP_8363,A549,5uM,24h,NA,NA,-0.30661322,NA,0.2280641
CEFOTETAN,LINCSCP_174880,YAPC,0.04uM,24h,NA,NA,-0.30561493,NA,NA
AG 14361,LINCSCP_50914,RMGI,20uM,6h,NA,NA,-0.30532554,NA,NA
SA-103123,LINCSCP_7896,A549,10uM,24h,NA,NA,-0.30465835,NA,NA
BRD-K18183699,LINCSCP_312120,VCAP,10uM,6h,NA,NA,-0.30459458,NA,NA
Carbamazepine,LINCSCP_79157,A375,0.12uM,24h,4,NA,-0.30189097,NA,0.2611129
Z-Pro-Prolinal,LINCSCP_192962,A549,10uM,6h,NA,NA,-0.29985646,NA,0.20358167
Motesanib,LINCSCP_86784,CD34,0.12uM,24h,3,NA,-0.29833232,NA,NA
GSK-461364,LINCSCP_144236,MCF7,0.37uM,24h,1,NA,-0.2974116,NA,NA
Tivantinib,LINCSCP_29987,MCF10A,0.1uM,6h,3,NA,-0.29569076,NA,NA
BRD-K52047117,LINCSCP_65660,VCAP,10uM,24h,NA,NA,-0.29515532,NA,0.27079199
Troglitazone,LINCSCP_67186,HT29,10uM,24h,4,NA,-0.29378951,NA,NA
Everolimus,LINCSCP_92704,HA1E,3.33uM,24h,4,NA,-0.29357517,NA,NA
Tipranavir,LINCSCP_167961,YAPC,3.33uM,24h,NA,NA,-0.29275683,NA,0.24776746
Sildenafil,LINCSCP_97891,HA1E,0.37uM,24h,4,NA,-0.2919736,NA,NA
Tyrphostin AG-1478,LINCSCP_53715,SNU1040,60uM,6h,NA,NA,-0.29177924,NA,0.2388761
CHEMBL2354415,LINCSCP_61539,VCAP,5uM,6h,NA,NA,-0.29168173,NA,0.20794425
Bemegride,LINCSCP_92849,HA1E,1.11uM,24h,NA,NA,-0.29151465,NA,NA
6Alpha-fluorotestosterone,LINCSCP_6484,A549,10uM,24h,NA,NA,-0.29135145,NA,NA
Fenretinide,LINCSCP_20529,HCC515,10uM,6h,3,NA,-0.29126128,NA,NA
RVX-208,LINCSCP_72911,A375,10uM,24h,NA,NA,-0.29088865,NA,NA
Merbarone,LINCSCP_159733,PC3,0.04uM,24h,NA,NA,-0.28951893,NA,0.2843494
Taranabant,LINCSCP_74212,A375,0.04uM,24h,3,NA,-0.2891903,NA,NA
BRD-K24789695,LINCSCP_276384,PC3,5uM,24h,NA,NA,-0.28889226,NA,NA
PD-0325901,LINCSCP_146641,NEU,0.12uM,24h,2,NA,-0.28887377,NA,NA
Urapidil,LINCSCP_174068,YAPC,0.37uM,24h,3,NA,-0.28854905,NA,NA
RO-281675,LINCSCP_53785,SNUC4,100uM,6h,NA,NA,-0.28805567,NA,NA
Benzbromarone,LINCSCP_119716,HT29,1.11uM,24h,4,NA,-0.28740149,NA,NA
SCHEMBL16065773,LINCSCP_24727,HS578T,1uM,24h,NA,NA,-0.28584877,NA,NA
CHEMBL259628,LINCSCP_50581,PL21,10uM,6h,NA,NA,-0.284895,NA,NA
"Triazine Scaffold, 28",LINCSCP_15759,HA1E,10uM,24h,NA,NA,-0.2848568,NA,NA
Oglemilast,LINCSCP_162076,PC3,1.11uM,24h,NA,NA,-0.28480502,NA,0.23167016000000001
Amiloride,LINCSCP_175829,YAPC,0.37uM,24h,4,NA,-0.28472359,NA,NA
Sunitinib,LINCSCP_112077,HEPG2,0.12uM,24h,NA,NA,-0.28423061,NA,NA
Sunitinib,LINCSCP_112077,HEPG2,0.12uM,24h,4,NA,-0.28423061,NA,NA
ZINC03876097,LINCSCP_47478,PC3,10uM,24h,NA,NA,-0.28397684,NA,NA
PLX-4720,LINCSCP_150964,PC3,0.37uM,24h,NA,NA,-0.28392183,NA,NA
Butaclamol (+),LINCSCP_103206,HELA,0.04uM,24h,NA,NA,-0.28342476,NA,NA
CHEMBL1083527,LINCSCP_114832,HS578T,0.37uM,24h,NA,NA,-0.2831346,NA,NA
AC1O9I2Y,LINCSCP_32229,MCF7,10uM,24h,NA,NA,-0.28299371,NA,0.27204308
Berberine,LINCSCP_92809,HA1E,0.12uM,24h,1,NA,-0.2829795,NA,NA
Lidoflazine,LINCSCP_107029,HELA,0.12uM,24h,4,NA,-0.28276792,NA,NA
BTS 54-505 hydrochloride,LINCSCP_142459,MCF7,1.11uM,24h,NA,NA,-0.28248574,NA,NA
AGI-5198,LINCSCP_171169,YAPC,0.37uM,24h,NA,NA,-0.2824831,NA,0.20300106
AZD-5438,LINCSCP_164032,SKBR3,1.11uM,3h,1,NA,-0.28146817,NA,NA
HMN-214,LINCSCP_166168,SKL,10uM,24h,NA,NA,-0.28062554,NA,NA
Diazoxide,LINCSCP_97558,HA1E,0.04uM,24h,NA,NA,-0.2804178,NA,NA
N-Benzyl-1-(3-chlorobenzyl)-n-methylpiperidine-3-carboxamide,LINCSCP_294784,VCAP,10uM,24h,NA,NA,-0.27946011,NA,0.23374407
MLS003179192,LINCSCP_237921,MCF7,10uM,24h,NA,NA,-0.27921447,NA,NA
Inolitazone (dihydrochloride),LINCSCP_120050,HT29,1.11uM,24h,2,NA,-0.2791709,NA,NA
BRD-K35002913,LINCSCP_34978,MCF7,5uM,24h,NA,NA,-0.27846605,NA,NA
DOCETAXEL,LINCSCP_138260,MCF7,1.11uM,24h,NA,NA,-0.27814157,NA,NA
BRD-K72055444,LINCSCP_48886,PC3,10uM,6h,NA,NA,-0.27714572,NA,NA
Momelotinib,LINCSCP_110133,HELA,3.33uM,24h,3,NA,-0.27694386,NA,NA
BRD-K39504007,LINCSCP_277891,PC3,10uM,24h,NA,NA,-0.2767964,NA,0.20717007
XAV 939,LINCSCP_35917,MCF7,0.5uM,24h,NA,NA,-0.27649779,0.21882673,0.26675042
Pramipexole,LINCSCP_74749,A375,0.37uM,24h,4,NA,-0.27623158,NA,NA
rifampicin,LINCSCP_130071,LNCAP,0.37uM,24h,NA,NA,-0.27577289,NA,NA
Seliciclib,LINCSCP_144772,MDAMB231,3.33uM,24h,2,NA,-0.27571379,NA,NA
KUC104254,LINCSCP_19846,HCC515,10uM,6h,NA,NA,-0.27516889,NA,NA
PF-04620110,LINCSCP_74060,A375,1.11uM,24h,NA,NA,-0.27513637,NA,NA
Alverine,LINCSCP_243569,MCF7,10uM,24h,4,NA,-0.27501564,NA,NA
BRD-K64618192,LINCSCP_48996,PC3,10uM,24h,NA,NA,-0.27484966,NA,NA
ST021200,LINCSCP_4755,A549,10uM,6h,NA,NA,-0.27463469,NA,NA
MLN-8054,LINCSCP_112692,HEPG2,0.04uM,24h,1,NA,-0.27449493,NA,NA
AC1LCS2I,LINCSCP_210324,HA1E,10uM,6h,NA,NA,-0.27449156,NA,NA
COT-10B,LINCSCP_9568,A549,0.5uM,6h,NA,NA,-0.27434314,NA,NA
3-Chloro-l-alanine,LINCSCP_9804,A549,0.5uM,6h,NA,NA,-0.27406979,NA,0.32186464
Anastrozole,LINCSCP_120251,HT29,10uM,24h,4,NA,-0.27381258,NA,NA
BRD-K24139908,LINCSCP_34759,MCF7,5uM,24h,NA,NA,-0.27306573,NA,NA
PFI-1,LINCSCP_128801,HUVEC,1.11uM,24h,NA,NA,-0.27306118,NA,NA
Imatinib,LINCSCP_86103,BT20,0.37uM,24h,4,NA,-0.27301008,NA,NA
Isocycloheximide,LINCSCP_30176,MCF7,10uM,6h,NA,NA,-0.27293069,NA,NA
Efavirenz,LINCSCP_75427,A375,0.04uM,24h,4,NA,-0.27266932,NA,NA
SB590885,LINCSCP_29677,MCF10A,10uM,6h,NA,NA,-0.27237992,NA,NA
Rigosertib,LINCSCP_166141,SKL,0.37uM,24h,3,NA,-0.27191319,NA,NA
CHIR-99021,LINCSCP_145978,MDAMB231,0.37uM,3h,NA,NA,-0.27130488,NA,NA
Norketamine,LINCSCP_204269,ASC,10uM,24h,NA,NA,-0.27118113,NA,NA
Cycloheximide,LINCSCP_30205,MCF7,10uM,6h,NA,NA,-0.27072848,0.20920297,NA
YK 4-279,LINCSCP_21141,HCT116,10uM,6h,NA,NA,-0.27059965,NA,NA
Pinostrobin,LINCSCP_270995,PC3,10uM,6h,NA,NA,-0.27058187,NA,NA
UNC0638,LINCSCP_114304,HME1,0.04uM,24h,NA,NA,-0.26996293,NA,NA
SCHEMBL17857056,LINCSCP_11948,BT20,0.5uM,6h,NA,NA,-0.26995176,NA,0.22176325
KUC103867,LINCSCP_22021,HEPG2,10uM,6h,NA,NA,-0.26993114,NA,NA
AC1NWAUW,LINCSCP_98635,HA1E,0.04uM,24h,NA,NA,-0.26976065,NA,0.28912361
AC1O9CB0,LINCSCP_309719,VCAP,10uM,24h,NA,NA,-0.26973417,NA,0.23999942
amcinonide,LINCSCP_112644,HEPG2,0.04uM,24h,NA,NA,-0.26903373,NA,NA
GSK 525762A,LINCSCP_146858,NEU,0.37uM,24h,NA,NA,-0.2685041,NA,NA
Voreloxin (Hydrochloride),LINCSCP_119209,HT29,0.04uM,24h,3,NA,-0.26841132,NA,0.25399161
Sulindac,LINCSCP_13280,FIBRNPC,10uM,6h,4,NA,-0.26838838,NA,0.22533827
SB-216763,LINCSCP_116900,HT29,3.33uM,24h,NA,NA,-0.26836029,NA,NA
SAN1_014122,LINCSCP_58556,VCAP,10uM,24h,NA,NA,-0.26796676,NA,NA
BRD-K21913257,LINCSCP_35183,MCF7,10uM,24h,NA,NA,-0.26758665,NA,0.24932375
Paricalcitol,LINCSCP_157551,PC3,0.12uM,24h,4,NA,-0.26733792,NA,NA
FR-180204,LINCSCP_165518,SKL,0.12uM,24h,NA,NA,-0.26720293,NA,NA
Tolazamide,LINCSCP_54215,SW620,10uM,6h,4,NA,-0.26706318,NA,NA
SA-1458902,LINCSCP_38260,MCF7,10uM,24h,NA,NA,-0.2670444,NA,NA
PKC Beta Inhibitor,LINCSCP_54813,T3M10,10uM,6h,NA,NA,-0.26690875,NA,0.20568289
BRD-K63325940-001-01-1,LINCSCP_278423,PC3,10uM,24h,NA,NA,-0.26682937,NA,NA
Castanospermine,LINCSCP_72954,A375,0.37uM,24h,NA,NA,-0.26646575,NA,NA
BRD-K81331655,LINCSCP_63410,VCAP,5uM,24h,NA,NA,-0.26618744,NA,NA
SCHEMBL17497626,LINCSCP_9922,A549,3uM,6h,NA,NA,-0.26581865,NA,NA
LY 2183240,LINCSCP_50606,PL21,10uM,6h,NA,NA,-0.26571728,NA,NA
Sertaconazole,LINCSCP_110723,HELA,0.12uM,24h,4,NA,-0.26571432,NA,0.20916095
BRD-K94312010,LINCSCP_310709,VCAP,10uM,6h,NA,NA,-0.26555443,NA,0.25493942000000003
Risperidone,LINCSCP_106718,HELA,1.11uM,24h,4,NA,-0.26533628,NA,NA
Apremilast (CC-10004),LINCSCP_80353,A375,3.33uM,24h,4,NA,-0.26528333,NA,NA
Trimethoprim,LINCSCP_104990,HELA,0.12uM,24h,4,NA,-0.26525298,NA,NA
AC1Q5RFA,LINCSCP_93167,HA1E,0.37uM,24h,NA,NA,-0.26497843,NA,NA
Rosiglitazone,LINCSCP_127973,HT29,3.33uM,24h,4,NA,-0.26493614,NA,NA
MLS001065860,LINCSCP_57942,VCAP,10uM,24h,NA,NA,-0.26435363,0.2080084,NA
CHEMBL1950303,LINCSCP_152343,PC3,1.11uM,24h,NA,NA,-0.26416052,NA,0.26002543
Idebenone,LINCSCP_238905,MCF7,10uM,24h,4,NA,-0.26386378,NA,NA
BRD-K65165610,LINCSCP_3155,A375,5uM,24h,NA,NA,-0.2635878,NA,NA
BRD-K25029498,LINCSCP_48871,PC3,10uM,6h,NA,NA,-0.26347978,NA,NA
Linsitinib,LINCSCP_115414,HS578T,0.12uM,3h,NA,NA,-0.26307813,NA,NA
100599-27-7,LINCSCP_175292,YAPC,10uM,24h,NA,NA,-0.26304167,NA,NA
Pirarubicin,LINCSCP_46836,PC3,10uM,24h,NA,NA,-0.26227726,NA,NA
CI-1040,LINCSCP_87804,HA1E,0.12uM,24h,2,NA,-0.26222647,NA,NA
CHEMBL1270219,LINCSCP_31375,MCF7,10uM,24h,NA,NA,-0.26181248,NA,NA
Neurodazine,LINCSCP_20425,HCC515,10uM,6h,NA,NA,-0.26162909,NA,NA
BRD-K01425431,LINCSCP_115653,HS578T,0.12uM,24h,NA,NA,-0.26146347,NA,NA
"6,2'-Dimethoxyflavone",LINCSCP_23073,HEPG2,10uM,6h,NA,NA,-0.26128991,NA,NA
SCHEMBL618594,LINCSCP_86875,CD34,0.04uM,24h,NA,NA,-0.26121878,NA,NA
Khellin,LINCSCP_34314,MCF7,10uM,24h,NA,NA,-0.26095038,NA,NA
CHEMBL2134537,LINCSCP_312023,VCAP,10uM,24h,NA,NA,-0.26079468,NA,NA
ETHYLENEDIAMINE TETRACETATE TETRA-ETHANOLAMINE,LINCSCP_124770,HT29,3.33uM,24h,3,NA,-0.26044033,NA,0.32428694
SCHEMBL3958507,LINCSCP_163497,SKBR3,0.04uM,24h,NA,NA,-0.26042404,NA,NA
Carteolol,LINCSCP_284144,SKB,10uM,24h,4,NA,-0.2602774,NA,NA
Dinoprost,LINCSCP_123313,HT29,10uM,24h,4,NA,-0.26022909,NA,NA
331771-20-1,LINCSCP_87472,CD34,0.04uM,24h,NA,NA,-0.26010797,NA,NA
Etanidazole,LINCSCP_176237,YAPC,0.12uM,24h,NA,NA,-0.25990633,NA,NA
PENICILLIN V POTASSIUM,LINCSCP_93959,HA1E,0.04uM,24h,4,NA,-0.25967305,NA,0.22436877
"2-(4-(4-Chloro-1,2-diphenylbut-1-en-1-yl)phenoxy)-n,n-dimethylethanamine",LINCSCP_21012,HCC515,1.11uM,24h,NA,NA,-0.25954819,NA,NA
Pimavanserin,LINCSCP_141352,MCF7,0.04uM,24h,4,NA,-0.25928633,NA,NA
CPI-613,LINCSCP_138325,MCF7,3.33uM,24h,NA,NA,-0.25891843,NA,NA
KW-2449,LINCSCP_165381,SKL,0.04uM,24h,1,NA,-0.25887281,NA,NA
BRD-K94390774,LINCSCP_37498,MCF7,0.5uM,24h,NA,NA,-0.25879447,NA,0.22873451
Alprostadil,LINCSCP_103777,HELA,1.11uM,24h,NA,NA,-0.25869528,NA,NA
Alprostadil,LINCSCP_103777,HELA,1.11uM,24h,4,NA,-0.25869528,NA,NA
BRD-K40655550,LINCSCP_65279,VCAP,10uM,24h,NA,NA,-0.25859416,NA,NA
Otamixaban,LINCSCP_124884,HT29,3.33uM,24h,3,NA,-0.2585376,NA,NA
AZ628,LINCSCP_51552,SKBR3,0.5uM,6h,NA,NA,-0.25843273,NA,NA
F0566-0457,LINCSCP_23318,HEPG2,3uM,24h,NA,NA,-0.25817722,NA,NA
MLS001116217,LINCSCP_46231,PC3,10uM,24h,NA,NA,-0.25817457,NA,NA
BRD-K63513868,LINCSCP_12383,CD34,1uM,24h,NA,NA,-0.25800826,NA,NA
Targinine,LINCSCP_122749,HT29,0.37uM,24h,3,NA,-0.25797835,NA,NA
BRD-K21387011,LINCSCP_65602,VCAP,10uM,24h,NA,NA,-0.25779542,NA,NA
Minoxidil,LINCSCP_74817,A375,0.04uM,24h,4,NA,-0.25739032,NA,NA
Birinapant,LINCSCP_97010,HA1E,0.37uM,24h,2,NA,-0.2573641,NA,0.2431268
Ponatinib,LINCSCP_251766,MCF7,0.1uM,24h,4,NA,-0.25721501,NA,NA
MLS003650114,LINCSCP_312152,VCAP,10uM,6h,NA,NA,-0.25712354,NA,0.22606982
BRD-K49441594,LINCSCP_65656,VCAP,10uM,24h,NA,NA,-0.25683662,NA,NA
BRD-K81826010,LINCSCP_50509,PHH,3uM,6h,NA,NA,-0.256615,NA,NA
Gliquidone,LINCSCP_108338,HELA,0.37uM,24h,4,NA,-0.25619163,NA,0.27169246
Imiloxan,LINCSCP_102835,HELA,0.12uM,24h,NA,NA,-0.25618539,NA,0.28341502
"Cyclohexanecarboxamide, 4-(1-aminoethyl)-n-4-pyridinyl-, trans-",LINCSCP_158384,PC3,0.04uM,24h,NA,NA,-0.25598394,NA,NA
Narciclasine,LINCSCP_9809,A549,0.1uM,6h,NA,NA,-0.25580119,NA,NA
Elvitegravir,LINCSCP_103514,HELA,1.11uM,24h,4,NA,-0.25577952,NA,NA
Balicatib,LINCSCP_72437,A375,1.11uM,24h,2,NA,-0.25565794,NA,0.2190393
C21H27N7O3,LINCSCP_39513,MDAMB231,10uM,6h,NA,NA,-0.25553608,NA,NA
CP-724714,LINCSCP_22418,HEPG2,10uM,6h,2,NA,-0.25547243,NA,NA
Glycodeoxycholate,LINCSCP_16689,HA1E,10uM,6h,NA,NA,-0.25532885,NA,NA
Navitoclax,LINCSCP_97198,HA1E,0.04uM,24h,2,NA,-0.25506854,NA,0.31421329
clobetasol,LINCSCP_103884,HELA,3.33uM,24h,NA,NA,-0.25497585,NA,NA
BRD-K07922534,LINCSCP_65397,VCAP,10uM,6h,NA,NA,-0.25495055,NA,NA
Veliparib (ABT-888),LINCSCP_137784,MCF7,10uM,24h,NA,NA,-0.2548599,NA,NA
SCHEMBL7531261,LINCSCP_13012,FIBRNPC,10uM,24h,NA,NA,-0.25465571,NA,NA
Ambroxol,LINCSCP_94007,HA1E,0.04uM,24h,3,NA,-0.25441499,NA,0.2285216
CHEMBL552425,LINCSCP_100088,HCC515,0.12uM,24h,NA,NA,-0.25435073,NA,NA
BIBR-1532,LINCSCP_54736,T3M10,80uM,6h,NA,NA,-0.25413344,NA,NA
CHEMBL3186197,LINCSCP_209999,HA1E,10uM,6h,NA,NA,-0.25364846,NA,NA
Dipivefrin,LINCSCP_209465,HA1E,10uM,24h,4,NA,-0.25362945,NA,0.23747925
AS-605240,LINCSCP_54234,SW620,10uM,6h,NA,NA,-0.2535341,NA,NA
CHEMBL398733,LINCSCP_294567,VCAP,10uM,6h,NA,NA,-0.25336582,NA,NA
FPL-55712,LINCSCP_175809,YAPC,3.33uM,24h,NA,NA,-0.25316775,NA,NA
BRD-K38044934,LINCSCP_48656,PC3,0.5uM,6h,NA,NA,-0.25300367,NA,NA
CHEMBL2358082,LINCSCP_61681,VCAP,5uM,6h,NA,NA,-0.25298514,NA,NA
FPH2,LINCSCP_27347,HT29,10uM,6h,NA,NA,-0.25278173,NA,0.22920364
N-Benzylquinazolin-4-amine,LINCSCP_15052,HA1E,10uM,24h,NA,NA,-0.25276837,NA,NA
Erlotinib,LINCSCP_132124,MCF7,0.12uM,24h,4,NA,-0.25268028,NA,NA
AC1MFZU7,LINCSCP_10978,ASC,10uM,24h,NA,NA,-0.2526454,NA,NA
Avasimibe,LINCSCP_97218,HA1E,3.33uM,24h,NA,NA,-0.2525477,NA,NA
38194-50-2,LINCSCP_176450,A375,0.1uM,6h,NA,NA,-0.25238216,NA,NA
Nesbuvir,LINCSCP_161683,PC3,0.04uM,24h,2,NA,-0.25228125,NA,NA
TH-302,LINCSCP_103087,HELA,10uM,24h,3,NA,-0.25214405,NA,NA
Iodoacetic acid,LINCSCP_8072,A549,10uM,6h,NA,NA,-0.25172826,NA,NA
SPECTRUM_001418,LINCSCP_105905,HELA,1.11uM,24h,NA,NA,-0.2515162,NA,NA
Celecoxib,LINCSCP_26807,HT29,10uM,6h,4,NA,-0.25147105,NA,NA
Donitriptan hydrochloride,LINCSCP_74041,A375,3.33uM,24h,2,NA,-0.25130475,NA,NA
AVN-944,LINCSCP_158828,PC3,0.04uM,24h,NA,NA,-0.25124685,NA,NA
MLS002276484,LINCSCP_25907,HT29,10uM,24h,NA,NA,-0.25108189,NA,0.2446058
Amuvatinib,LINCSCP_95679,HA1E,3.33uM,24h,2,NA,-0.25105991,NA,NA
SA-102787,LINCSCP_253527,MCF7,0.5uM,24h,NA,NA,-0.25103417,NA,0.2211441
Propranolol,LINCSCP_154391,PC3,0.04uM,24h,4,NA,-0.25102491,NA,NA
Mycophenolic acid,LINCSCP_111076,HELA,0.37uM,24h,4,NA,-0.25088136,NA,NA
AZD-1152-HQPA,LINCSCP_150813,PC3,1.11uM,24h,NA,NA,-0.25081189,NA,NA
Oxymetazoline,LINCSCP_101563,HELA,1.11uM,24h,4,NA,-0.2506,NA,0.23538835
AT-7519,LINCSCP_163700,SKBR3,0.04uM,24h,2,NA,-0.25041737,NA,NA
BRD-K95047050,LINCSCP_8979,A549,10uM,24h,NA,NA,-0.25041173,NA,0.21762699
Azacitidine,LINCSCP_84532,ASC,1.11uM,24h,NA,NA,-0.25037645,NA,NA
Azacitidine,LINCSCP_84532,ASC,1.11uM,24h,4,NA,-0.25037645,NA,NA
ZINC03977775,LINCSCP_273339,PC3,10uM,24h,NA,NA,-0.2503235,NA,0.20905398
Ursolic acid,LINCSCP_54618,SW948,70uM,6h,NA,NA,-0.2502083,NA,NA
Lenalidomide,LINCSCP_218630,HEC108,100uM,6h,4,NA,-0.24983907,NA,NA
Ganaxolone,LINCSCP_101299,HELA,1.11uM,24h,3,NA,-0.24952495,NA,NA
MLS003129427,LINCSCP_65545,VCAP,10uM,6h,NA,NA,-0.24935215,NA,0.22386858
BRD-K78738487,LINCSCP_228274,HT29,5uM,24h,NA,NA,-0.24918123,NA,NA
CP466722,LINCSCP_144758,MDAMB231,0.04uM,24h,NA,NA,-0.24913788,NA,NA
Bepotastine Besilate,LINCSCP_109785,HELA,10uM,24h,4,NA,-0.24908849,NA,0.25121117
PK-11195,LINCSCP_105635,HELA,1.11uM,24h,NA,NA,-0.24905579,NA,NA
Ticagrelor,LINCSCP_77441,A375,10uM,24h,NA,NA,-0.24887169,NA,NA
Nitrendipine,LINCSCP_244677,MCF7,10uM,6h,4,NA,-0.24875475,NA,NA
CDK9 Inhibitor,LINCSCP_149739,NPC.TAK,0.04uM,24h,NA,NA,-0.24873181,NA,NA
Buspirone,LINCSCP_214767,HCC515,10uM,24h,4,NA,-0.24865235,NA,0.23137579
Dasatinib,LINCSCP_251559,MCF7,10uM,6h,4,NA,-0.24864629,NA,NA
Reserpic acid,LINCSCP_14441,HA1E,10uM,24h,NA,NA,-0.24854947,NA,NA
SCHEMBL16980224,LINCSCP_30081,MCF10A,0.1uM,6h,NA,NA,-0.24845449,NA,NA
Triclabendazole,LINCSCP_125189,HT29,3.33uM,24h,NA,NA,-0.24815049,NA,0.26796668
114798-26-4,LINCSCP_45016,PC3,100uM,24h,NA,NA,-0.24811378,NA,NA
AC1MG7IW,LINCSCP_16219,HA1E,10uM,6h,NA,NA,-0.24806855,NA,NA
CHEMBL2356468,LINCSCP_270749,PC3,10uM,24h,NA,NA,-0.2478508,NA,NA
BAY 61-3606,LINCSCP_30034,MCF10A,1uM,6h,NA,NA,-0.24782065,NA,NA
MEGXP0_001265,LINCSCP_309736,VCAP,30uM,24h,NA,NA,-0.24779149,NA,NA
IDOXURIDINE,LINCSCP_96756,HA1E,10uM,24h,NA,NA,-0.24776422,NA,NA
BRD-A69421747,LINCSCP_92423,HA1E,1.11uM,24h,NA,NA,-0.24742528,NA,NA
Linifanib,LINCSCP_129928,LNCAP,0.12uM,24h,3,NA,-0.24733524,NA,NA
BECLOMETHASONE DIPROPIONATE,LINCSCP_154475,PC3,0.04uM,24h,NA,NA,-0.24725042,NA,NA
Palbociclib,LINCSCP_129818,LNCAP,3.33uM,24h,4,NA,-0.24718201,NA,NA
Amodiaquine,LINCSCP_103826,HELA,0.37uM,24h,4,NA,-0.2469833,NA,NA
GDC-0834 (Racemate),LINCSCP_137535,MCF7,0.37uM,24h,NA,NA,-0.24697769,NA,NA
"N-(3-Fluoro-4-((7-methoxyquinolin-4-yl)oxy)phenyl)-1-(2-hydroxy-2-methylpropyl)-5-methyl-3-oxo-2-phenyl-2,3-dihydro-1H-pyrazole-4-carboxamide",LINCSCP_112739,HEPG2,0.04uM,24h,NA,NA,-0.24695153,NA,NA
PDK1 Inhibitor,LINCSCP_133405,MCF7,0.04uM,24h,NA,NA,-0.24678679,NA,NA
CHEMBL2357204,LINCSCP_35350,MCF7,10uM,24h,NA,NA,-0.2467512,NA,0.21449938
BRD-K41139858,LINCSCP_27516,HT29,5uM,24h,NA,NA,-0.24665789,NA,NA
Chromanol 293B,LINCSCP_461,A375,10uM,6h,NA,NA,-0.24662619,NA,NA
BRD-K90610876,LINCSCP_7741,A549,10uM,6h,NA,NA,-0.24659198,NA,NA
CHEMBL436817,LINCSCP_15514,HA1E,40uM,6h,NA,NA,-0.24638907,NA,NA
SMP2_000081,LINCSCP_50753,RKO,20uM,6h,NA,NA,-0.246205,NA,NA
BRD-K78420710,LINCSCP_182837,A375,5uM,24h,NA,NA,-0.24585548,NA,NA
ITK Inhibitor,LINCSCP_10976,ASC,10uM,24h,NA,NA,-0.24585119,NA,NA
CHEMBL2158275,LINCSCP_188997,A549,10uM,24h,NA,NA,-0.24576126,NA,0.20020163
SGX-523,LINCSCP_103003,HELA,0.04uM,24h,1,NA,-0.24572101,NA,NA
TORIN1,LINCSCP_51609,SKBR3,0.5uM,6h,NA,NA,-0.24571488,NA,NA
SCHEMBL15556278,LINCSCP_12008,BT20,0.5uM,6h,NA,NA,-0.24540461,NA,NA
Pyrazolanthrone,LINCSCP_117662,HT29,0.04uM,24h,NA,NA,-0.24540231,NA,NA
Dipropyldopamine,LINCSCP_542,A375,10uM,6h,NA,NA,-0.24532338,NA,NA
2-(Trifluoromethyl)phenothiazine,LINCSCP_21884,HEPG2,10uM,6h,NA,NA,-0.24514949,NA,NA
Enzastaurin,LINCSCP_81087,A549,0.04uM,24h,3,NA,-0.24490428,NA,NA
Desoxypeganine,LINCSCP_104567,HELA,9.58uM,24h,NA,NA,-0.24481149,NA,NA
Danusertib,LINCSCP_90763,HA1E,0.04uM,24h,2,NA,-0.24468861,NA,0.24999348
Varlitinib,LINCSCP_158525,PC3,1.11uM,24h,2,NA,-0.24447161,NA,NA
BMS-536924,LINCSCP_10374,A673,10uM,6h,NA,NA,-0.24425566,NA,0.22985848
AT-9283,LINCSCP_10061,A549,0.04uM,24h,2,NA,-0.24413868,NA,NA
BRD-K57064803,LINCSCP_38695,MCF7,0.12uM,24h,NA,NA,-0.24379895,NA,0.24631235
Mebeverine,LINCSCP_47446,PC3,10uM,24h,4,NA,-0.24370032,NA,NA
Nicardipine,LINCSCP_54077,SW620,10uM,6h,4,NA,-0.24351197,NA,NA
Dovitinib,LINCSCP_99460,HCC515,0.12uM,24h,3,NA,-0.24348867,NA,NA
BRD-K34547533,LINCSCP_279042,PC3,10uM,6h,NA,NA,-0.24337936,NA,NA
Famciclovir,LINCSCP_107626,HELA,0.12uM,24h,4,NA,-0.24332692,NA,NA
BRD-K63828515,LINCSCP_35229,MCF7,10uM,24h,NA,NA,-0.24331016,NA,0.22429959
STOCK1N-09285,LINCSCP_104597,HELA,10uM,24h,NA,NA,-0.24318376,NA,NA
Aliskiren,LINCSCP_104188,HELA,0.04uM,24h,4,NA,-0.24309066,NA,NA
PF-04217903,LINCSCP_146443,NEU,3.33uM,24h,1,NA,-0.24300154,NA,0.20552269
BRD-K82071478,LINCSCP_27605,HT29,5uM,24h,NA,NA,-0.24257538,NA,NA
9-Epiquinine,LINCSCP_80268,A375,10uM,24h,NA,NA,-0.24243301,NA,NA
Fingolimod (FTY720) HCl,LINCSCP_155519,PC3,0.37uM,24h,4,NA,-0.24238184,NA,0.22130897
"16,16-Dimethyl prostaglandin e2",LINCSCP_15452,HA1E,10uM,24h,NA,NA,-0.24238033,NA,NA
Y-27632,LINCSCP_19189,HCC515,10uM,6h,NA,NA,-0.24233084,NA,NA
Epigalocatechin Gallate,LINCSCP_84588,ASC,0.12uM,24h,NA,NA,-0.24225961,NA,NA
NSC650841,LINCSCP_58948,VCAP,10uM,24h,NA,NA,-0.24190846,0.22708757,NA
Fentiazac,LINCSCP_89747,HA1E,3.33uM,24h,NA,NA,-0.24186388,NA,NA
Meadacid,LINCSCP_7104,A549,10uM,24h,NA,NA,-0.24174651,NA,0.24864972
(+)-Timolol,LINCSCP_101456,HELA,0.37uM,24h,NA,NA,-0.24147368,NA,NA
Gelsemine,LINCSCP_4268,A549,10uM,6h,NA,NA,-0.24143995,NA,NA
R547,LINCSCP_106608,HELA,0.04uM,24h,2,NA,-0.24140179,NA,NA
H 8,LINCSCP_14420,HA1E,10uM,24h,NA,NA,-0.241394,NA,NA
BRD-A70541707,LINCSCP_77220,A375,0.04uM,24h,NA,NA,-0.24085506,NA,NA
Stavudine,LINCSCP_127343,HT29,3.33uM,24h,4,NA,-0.24042284,NA,NA
N-[4-Chloro-3-(trifluoromethyl)phenyl]-2-ethoxybenzamide,LINCSCP_112326,HEPG2,0.37uM,24h,NA,NA,-0.24038804,NA,NA
Idelalisib,LINCSCP_311070,VCAP,0.5uM,6h,4,NA,-0.24029822,NA,NA
CHEBI:48565,LINCSCP_208433,HA1E,10uM,6h,NA,NA,-0.24029007,NA,NA
K784-3187,LINCSCP_125142,HT29,1.11uM,24h,NA,NA,-0.24024164,NA,NA
Crizotinib,LINCSCP_115103,HS578T,0.04uM,3h,4,NA,-0.24012204,NA,NA
Eperezolid,LINCSCP_77588,A375,0.37uM,24h,NA,NA,-0.24004542,NA,NA
TOFA,LINCSCP_126092,HT29,0.12uM,24h,NA,NA,-0.23999973,0.2173007,NA
BRD-K93000597,LINCSCP_28173,HT29,5uM,24h,NA,NA,-0.23995987,NA,NA
IN1304,LINCSCP_226542,HT29,10uM,6h,NA,NA,-0.23991559,NA,NA
Quinacrine,LINCSCP_25010,HT115,10uM,6h,2,NA,-0.23991436,NA,0.29396431
Flutamide,LINCSCP_120813,HT29,0.12uM,24h,4,NA,-0.2398295,NA,NA
Rimonabant,LINCSCP_169704,YAPC,10uM,24h,4,NA,-0.23969687,NA,NA
GSK 1059615,LINCSCP_113352,HME1,0.37uM,3h,NA,NA,-0.23948547,NA,NA
GSK 1059615,LINCSCP_113352,HME1,0.37uM,3h,NA,NA,-0.23948547,NA,NA
STK-674938,LINCSCP_109586,HELA,0.04uM,24h,NA,NA,-0.23939994,NA,NA
BRD-K36206486,LINCSCP_27445,HT29,5uM,24h,NA,NA,-0.23924918,NA,NA
CID 46937243,LINCSCP_21934,HEPG2,10uM,6h,NA,NA,-0.2391914,NA,NA
Quinapril,LINCSCP_174037,YAPC,1.11uM,24h,4,NA,-0.23876756,NA,NA
Sertindole,LINCSCP_109133,HELA,1.11uM,24h,4,NA,-0.23874417,NA,0.25150668
BRD-K16670827,LINCSCP_60662,VCAP,5uM,6h,NA,NA,-0.23863996,NA,NA
APD668,LINCSCP_102828,HELA,0.37uM,24h,NA,NA,-0.23863774,NA,NA
Isosorbide Mononitrate,LINCSCP_96591,HA1E,0.37uM,24h,4,NA,-0.23845633,NA,NA
Lisofylline,LINCSCP_93013,HA1E,0.04uM,24h,NA,NA,-0.23842117,NA,NA
Trametinib,LINCSCP_85442,BT20,1.11uM,24h,4,NA,-0.23839252,NA,NA
SPECTRUM_000886,LINCSCP_14669,HA1E,10uM,24h,NA,NA,-0.23835001,NA,NA
NKP608,LINCSCP_175790,YAPC,10uM,24h,NA,NA,-0.2382309,NA,0.21740848
Ketotifen,LINCSCP_73905,A375,0.37uM,24h,4,NA,-0.23821218,NA,NA
Imiquimod,LINCSCP_4513,A549,10uM,24h,4,NA,-0.23818103,NA,NA
BRD-K20604601,LINCSCP_62519,VCAP,5uM,6h,NA,NA,-0.23810681,NA,NA
Dihydrosphingosine,LINCSCP_144366,MCF7,0.33uM,24h,NA,NA,-0.2380977,NA,NA
MLS002276503,LINCSCP_19716,HCC515,10uM,6h,NA,NA,-0.23795652,NA,NA
MK-3207 (Hydrochloride),LINCSCP_159123,PC3,10uM,24h,2,NA,-0.23766811,NA,NA
"SIN-1, Hydrochloride",LINCSCP_97545,HA1E,0.12uM,24h,NA,NA,-0.23766632,NA,0.26935697
SPECTRUM_001048,LINCSCP_50141,PHH,10uM,24h,NA,NA,-0.23762245,NA,NA
BX 912,LINCSCP_163035,SKBR3,0.37uM,24h,NA,NA,-0.23759219,NA,NA
Racecadotril,LINCSCP_154176,PC3,10uM,24h,4,NA,-0.23751269,NA,NA
SCIO 469 hydrochloride,LINCSCP_71612,A375,3.33uM,24h,2,NA,-0.23732461999999999,NA,NA
Avrainvillamide,LINCSCP_28586,HT29,10uM,24h,NA,NA,-0.23730812,NA,NA
MK-2461,LINCSCP_171421,YAPC,0.12uM,24h,2,NA,-0.23730281,NA,NA
1-(4-fluorobenzyl)-N-(piperidin-4-yl)-1H-benzo[d]imidazol-2-amine,LINCSCP_77603,A375,10uM,24h,NA,NA,-0.23722897,NA,NA
THZ-2-98-01,LINCSCP_129979,LNCAP,3.33uM,24h,NA,NA,-0.23718614,NA,NA
THZ-2-98-01,LINCSCP_129979,LNCAP,3.33uM,24h,NA,NA,-0.23718614,NA,NA
THZ-2-98-01,LINCSCP_129979,LNCAP,3.33uM,24h,NA,NA,-0.23718614,NA,NA
AC1OAATK,LINCSCP_294933,VCAP,10uM,24h,NA,NA,-0.23708477,NA,NA
Ixabepilone,LINCSCP_156322,PC3,0.12uM,24h,4,NA,-0.23701648,NA,NA
ABT-751,LINCSCP_25643,HT29,10uM,24h,NA,NA,-0.23694974,NA,0.24244207
Cevimeline hydrochloride,LINCSCP_103896,HELA,3.33uM,24h,NA,NA,-0.23679396,NA,NA
Levobunolol,LINCSCP_101899,HELA,0.37uM,24h,4,NA,-0.2367561,NA,NA
Doxazosin,LINCSCP_92711,HA1E,1.11uM,24h,4,NA,-0.23674856,NA,NA
Fasudil,LINCSCP_109989,HELA,10uM,24h,3,NA,-0.23659257,NA,NA
NCGC00011767,LINCSCP_189493,A549,10uM,24h,NA,NA,-0.23655417,NA,0.2008545
ST51005413,LINCSCP_4850,A549,10uM,6h,NA,NA,-0.23642474,NA,NA
BRD-K18746324,LINCSCP_312281,VCAP,10uM,24h,NA,NA,-0.23640417,NA,NA
Luteolin,LINCSCP_121607,HT29,10uM,24h,NA,NA,-0.23640271,NA,NA
Clofibric acid,LINCSCP_141711,MCF7,0.12uM,24h,NA,NA,-0.23628867,NA,0.26933995
Saracatinib,LINCSCP_99779,HCC515,0.04uM,24h,3,NA,-0.23627142,NA,NA
STO609,LINCSCP_2800,A375,10uM,6h,NA,NA,-0.23615015,NA,NA
BRD-K04750859,LINCSCP_35160,MCF7,5uM,24h,NA,NA,-0.23602601,NA,NA
STK064652,LINCSCP_202844,A673,10uM,6h,NA,NA,-0.23596372,NA,NA
SB-431542,LINCSCP_52772,SKB,10uM,24h,NA,NA,-0.23594203,0.23339729,0.24567231
BRD-K81658952,LINCSCP_35250,MCF7,10uM,24h,NA,NA,-0.23579892,NA,NA
LCL161,LINCSCP_102629,HELA,1.11uM,24h,NA,NA,-0.23564806,NA,NA
BRD-A32440707,LINCSCP_74905,A375,0.04uM,24h,NA,NA,-0.23564386,NA,0.2269665
BRD-K60783789,LINCSCP_65668,VCAP,10uM,24h,NA,NA,-0.23548926,NA,NA
Andrographolide,LINCSCP_95349,HA1E,3.33uM,24h,NA,NA,-0.23544784,NA,0.21344426
Nifedipine,LINCSCP_39893,NCIH1694,10uM,6h,4,NA,-0.2351913,NA,NA
Benoxinate,LINCSCP_33458,MCF7,10uM,6h,4,NA,-0.23504341,0.23422406,NA
SPECTRUM1505012,LINCSCP_97576,HA1E,0.04uM,24h,NA,NA,-0.23502813,NA,0.23546855
KU-C104220,LINCSCP_21953,HEPG2,10uM,6h,NA,NA,-0.23499118,NA,NA
BRD-A01645196,LINCSCP_87162,CD34,1.11uM,24h,NA,NA,-0.23497142,NA,NA
GSK-3 Inhibitor IX,LINCSCP_86196,BT20,10uM,3h,NA,NA,-0.23486527,NA,NA
MLS002699429,LINCSCP_205982,CORL23,40uM,6h,NA,NA,-0.23479645,NA,NA
Ebselen,LINCSCP_101390,HELA,0.37uM,24h,NA,NA,-0.23469926,NA,NA
Gatifloxacin,LINCSCP_142074,MCF7,3.33uM,24h,4,NA,-0.23458032,NA,0.25878869
Hypericin,LINCSCP_262119,NPC,10uM,24h,NA,NA,-0.23456418,NA,NA
PF-04447943,LINCSCP_107901,HELA,0.12uM,24h,NA,NA,-0.23452433,NA,NA
TG 100801,LINCSCP_169609,YAPC,3.33uM,24h,2,NA,-0.23437743,NA,NA
BRD-K88243749,LINCSCP_3164,A375,5uM,24h,NA,NA,-0.23413197,NA,NA
SCHEMBL6874948,LINCSCP_113348,HME1,0.04uM,3h,NA,NA,-0.23409356,NA,NA
PIK-93,LINCSCP_85321,BT20,3.33uM,24h,NA,NA,-0.23384125,NA,NA
Cyclobenzaprine,LINCSCP_105690,HELA,0.37uM,24h,4,NA,-0.23383514,NA,NA
Gaboxadol,LINCSCP_273443,PC3,10uM,24h,3,NA,-0.23380367,NA,0.26010146
Niacin,LINCSCP_94615,HA1E,0.04uM,24h,4,NA,-0.2337179,-0.23990148,NA
CLONAZEPAM,LINCSCP_93692,HA1E,1.11uM,24h,4,NA,-0.23363324,NA,NA
BP-554,LINCSCP_7174,A549,10uM,6h,NA,NA,-0.23347221,NA,NA
NU1025,LINCSCP_9718,A549,0.1uM,24h,NA,NA,-0.23326357,NA,NA
SA-1939079,LINCSCP_252504,MCF7,0.5uM,6h,NA,NA,-0.23317602,NA,NA
Deferiprone,LINCSCP_104938,HELA,10uM,24h,4,NA,-0.23313555,NA,NA
C28H30CIN5O4S,LINCSCP_235303,MCF10A,0.5uM,24h,NA,NA,-0.23301064,NA,NA
Arvanil,LINCSCP_23063,HEPG2,10uM,6h,NA,NA,-0.23273545,NA,NA
Bupropion,LINCSCP_74678,A375,0.37uM,24h,4,NA,-0.23272059,NA,NA
Rilpivirine,LINCSCP_74734,A375,10uM,24h,4,NA,-0.23268241,NA,NA
PHA-767491,LINCSCP_117058,HT29,0.37uM,24h,NA,NA,-0.23255389,NA,NA
Midostaurin,LINCSCP_104539,HELA,1.11uM,24h,3,NA,-0.23252851,NA,NA
Dasb,LINCSCP_263476,NPC,10uM,24h,NA,NA,-0.23245241,NA,NA
PE(15:0/20:0),LINCSCP_310732,VCAP,10uM,24h,NA,NA,-0.23244384,NA,NA
SCHEMBL6465902,LINCSCP_284336,SKB,10uM,24h,NA,NA,-0.2324265,NA,NA
IN1345,LINCSCP_19145,HCC515,10uM,6h,NA,NA,-0.23229201,NA,NA
NP118809,LINCSCP_153110,PC3,3.33uM,24h,2,NA,-0.23218707,NA,NA
Genistein,LINCSCP_255071,MCF7,0.04uM,24h,NA,NA,-0.23214243,NA,NA
Colchicine,LINCSCP_156673,PC3,3.33uM,24h,4,NA,-0.23182601,NA,NA
Temozolomide,LINCSCP_121014,HT29,3.33uM,24h,4,NA,-0.23158539,NA,NA
MLS003129537,LINCSCP_8311,A549,5uM,24h,NA,NA,-0.23157935,NA,NA
Aminosalicylic acid,LINCSCP_108334,HELA,0.04uM,24h,4,NA,-0.23151027,NA,0.21791363
BRD-K20490522,LINCSCP_232850,HT29,10uM,24h,NA,NA,-0.23134428,NA,NA
Meisoindigo,LINCSCP_92772,HA1E,0.37uM,24h,NA,NA,-0.2313262,NA,NA
BRD-K42035280,LINCSCP_181039,A375,5uM,24h,NA,NA,-0.23132011,NA,NA
BRD-K26631510,LINCSCP_48237,PC3,5uM,24h,NA,NA,-0.23118143,NA,NA
GSK-2334470,LINCSCP_256712,NCIH1694,0.1uM,6h,NA,NA,-0.23114591,NA,NA
DMP 777,LINCSCP_94932,HA1E,1.11uM,24h,NA,NA,-0.2311336,NA,NA
ATN-161 (trifluoroacetate salt),LINCSCP_170323,YAPC,3.33uM,24h,NA,NA,-0.23107714,NA,0.20902116
TP14,LINCSCP_17525,HA1E,10uM,24h,NA,NA,-0.2310288,NA,0.21862685
BRD-K51030799,LINCSCP_248999,MCF7,5uM,24h,NA,NA,-0.23093264,NA,NA
4-(Pyridin-3-yloxy)-phthalonitrile,LINCSCP_58637,VCAP,10uM,24h,NA,NA,-0.23091845,NA,NA
Phentolamine,LINCSCP_192118,A549,10uM,6h,4,NA,-0.230885,NA,NA
TAK-715,LINCSCP_285174,SKBR3,0.5uM,6h,2,NA,-0.23083162,NA,NA
MLS-0354783.0001,LINCSCP_16050,HA1E,10uM,6h,NA,NA,-0.23082855,NA,NA
CHEMBL3182395,LINCSCP_151531,PC3,1.11uM,24h,NA,NA,-0.23080182,NA,NA
Licarbazepine,LINCSCP_119957,HT29,0.04uM,24h,3,NA,-0.23052611,NA,NA
BAY 57-1293,LINCSCP_89328,HA1E,3.33uM,24h,NA,NA,-0.23052005,NA,NA
Hydroxycholesterol,LINCSCP_6311,A549,10uM,24h,NA,NA,-0.2304722,NA,NA
BMS-754807,LINCSCP_41853,NOMO1,10uM,6h,2,NA,-0.23039716,NA,NA
Splitomicin,LINCSCP_41516,NEU,10uM,6h,NA,NA,-0.23036333,NA,0.20010779
BRD-M22248829,LINCSCP_230803,HT29,5uM,24h,NA,NA,-0.23029565,NA,NA
Belinostat,LINCSCP_71628,A375,0.04uM,24h,4,NA,-0.23028603,NA,NA
Allopurinol,LINCSCP_173809,YAPC,1.11uM,24h,4,NA,-0.2302419,NA,NA
SB525334,LINCSCP_84268,ASC,10uM,24h,NA,NA,-0.2301937,NA,NA
BRD-K18487725-019-01-8,LINCSCP_311554,VCAP,10uM,6h,NA,NA,-0.2301691,NA,NA
Methazolamide,LINCSCP_272006,PC3,10uM,24h,NA,NA,-0.23014348,NA,0.24866879
AC1OA0Y8,LINCSCP_257726,NEU,10uM,24h,NA,NA,-0.2300012,NA,NA
SCHEMBL1564574,LINCSCP_36641,MCF7,1uM,6h,NA,NA,-0.22965378,NA,NA
OSI-930,LINCSCP_148503,NPC,10uM,24h,1,NA,-0.22963468,NA,NA
BRD-K16034108,LINCSCP_3385,A375,5uM,24h,NA,NA,-0.22958049,NA,NA
PK04_181299,LINCSCP_6346,A549,10uM,24h,NA,NA,-0.2295174,NA,NA
Skiii,LINCSCP_37093,MCF7,0.5uM,6h,NA,NA,-0.22946672,NA,NA
sn-Glycero-3-phosphocholine,LINCSCP_97054,HA1E,0.04uM,24h,3,NA,-0.22945479,NA,NA
Haloperidol,LINCSCP_26303,HT29,10uM,6h,4,NA,-0.22938259,NA,NA
Piperacetazine,LINCSCP_17939,HCC515,10uM,24h,4,NA,-0.22935424,NA,NA
CEP-701,LINCSCP_134627,MCF7,3.33uM,24h,NA,NA,-0.22918236,NA,NA
AC1MEVG9,LINCSCP_51015,RMGI,10uM,6h,NA,NA,-0.22906319,NA,0.22867883
Saxagliptin,LINCSCP_97187,HA1E,10uM,24h,4,NA,-0.22900952,NA,0.29180919
COT Inhibitor-2,LINCSCP_86678,CD34,10uM,24h,NA,NA,-0.22896104,NA,NA
NCGC00012852,LINCSCP_26004,HT29,10uM,6h,NA,NA,-0.22891614,NA,NA
Indigo Red,LINCSCP_287,A375,10uM,24h,NA,NA,-0.22887485,NA,NA
MD-II-038,LINCSCP_46209,PC3,10uM,24h,NA,NA,-0.22879865,NA,NA
Rufinamide,LINCSCP_103050,HELA,0.04uM,24h,4,NA,-0.22876071,NA,NA
M3M3FBS,LINCSCP_53895,SNUC5,80uM,6h,NA,NA,-0.22873529,NA,NA
CHEMBL2136735,LINCSCP_132696,MCF7,3.33uM,24h,NA,NA,-0.22872572,NA,NA
Selumetinib,LINCSCP_29773,MCF10A,0.5uM,6h,3,NA,-0.22872504,NA,NA
Cis-Platin,LINCSCP_10185,A549,0.01uM,6h,NA,NA,-0.2286878,NA,0.23133211
BRD-K47071092,LINCSCP_186772,A375,10uM,24h,NA,NA,-0.22866329,NA,NA
Pracinostat,LINCSCP_100632,HCC515,0.12uM,24h,NA,NA,-0.22848203,NA,NA
alizapride,LINCSCP_96933,HA1E,0.12uM,24h,NA,NA,-0.2283075,NA,NA
Ivabradine HCl,LINCSCP_167058,YAPC,0.12uM,24h,NA,NA,-0.22823067,NA,NA
BRD-K86529788,LINCSCP_231886,HT29,5uM,24h,NA,NA,-0.22797612,NA,NA
BH3I-1&PRIME;,LINCSCP_15007,HA1E,10uM,24h,NA,NA,-0.22792747,NA,NA
EXALAMIDE,LINCSCP_74260,A375,0.04uM,24h,NA,NA,-0.22791783,NA,NA
BRD-K85797809,LINCSCP_253398,MCF7,1uM,6h,NA,NA,-0.22785314,NA,0.25006534
BRD-K98161915,LINCSCP_279376,PC3,10uM,24h,NA,NA,-0.22779815,NA,NA
AZD-8055,LINCSCP_24587,HS578T,0.5uM,6h,1,NA,-0.22768646,NA,NA
Irsogladine,LINCSCP_109460,HELA,0.04uM,24h,NA,NA,-0.22768138,0.20995157,NA
BRD-K75035820,LINCSCP_48168,PC3,5uM,24h,NA,NA,-0.22754959,NA,NA
SA-424294,LINCSCP_37346,MCF7,0.5uM,6h,NA,NA,-0.22748449,NA,NA
Dacomitinib,LINCSCP_83101,ASC.C,0.37uM,24h,3,NA,-0.22717991,NA,NA
WYE 354,LINCSCP_2429,A375,10uM,6h,NA,NA,-0.22703929,NA,0.21536618
SELEGILINE HYDROCHLORIDE,LINCSCP_134683,MCF7,0.37uM,24h,NA,NA,-0.2270344,NA,NA
"Temsirolimus (CCI-779, NSC 683864)",LINCSCP_103300,HELA,0.12uM,24h,NA,NA,-0.22688854,NA,NA
CHIR-265,LINCSCP_112854,HEPG2,10uM,24h,2,NA,-0.22687197,NA,NA
Betulinic acid,LINCSCP_105468,HELA,0.37uM,24h,NA,NA,-0.22679062,NA,NA
Betulinic acid,LINCSCP_105468,HELA,0.37uM,24h,NA,NA,-0.22679062,NA,NA
BRD-K86894445,LINCSCP_59932,VCAP,5uM,24h,NA,NA,-0.22672272,NA,NA
KUC111109N,LINCSCP_288590,U266,3uM,24h,NA,NA,-0.22670277,NA,NA
CHEMBL2381524,LINCSCP_20915,HCC515,10uM,24h,NA,NA,-0.22654139,NA,NA
Gemifloxacin,LINCSCP_122409,HT29,0.04uM,24h,4,NA,-0.22636703,NA,NA
FK 866,LINCSCP_103763,HELA,10uM,24h,NA,NA,-0.22634264,NA,NA
SCHEMBL16980381,LINCSCP_63838,VCAP,5uM,6h,NA,NA,-0.22631783,NA,NA
BRD-K38294617,LINCSCP_258968,NEU,10uM,24h,NA,NA,-0.22624813,NA,NA
Oxalomalicacid,LINCSCP_58814,VCAP,10uM,24h,NA,NA,-0.22615668,NA,NA
AC1LB45U,LINCSCP_5136,A549,10uM,6h,NA,NA,-0.22610025,NA,NA
BRD-K44781077,LINCSCP_7844,A549,10uM,24h,NA,NA,-0.2260997,NA,NA
Sumatriptan,LINCSCP_95059,HA1E,0.04uM,24h,4,NA,-0.22586906,NA,0.24081381
BRD-K79426639,LINCSCP_59699,VCAP,5uM,24h,NA,NA,-0.2258556,NA,NA
BRD-K80058284,LINCSCP_8296,A549,5uM,24h,NA,NA,-0.22580555,NA,NA
UNC 669,LINCSCP_165755,SKL,3.33uM,24h,NA,NA,-0.22575239,NA,NA
BMN 673,LINCSCP_144397,MCF7,1.11uM,24h,NA,NA,-0.22573014,NA,NA
Ramelteon,LINCSCP_101326,HELA,0.04uM,24h,4,NA,-0.22570843,NA,NA
UNM000003657701,LINCSCP_15746,HA1E,10uM,24h,NA,NA,-0.22541008,NA,NA
Darifenacin,LINCSCP_110588,HELA,3.33uM,24h,4,NA,-0.22538846,NA,NA
DMP-543,LINCSCP_13801,HA1E,10uM,24h,NA,NA,-0.22531765,NA,NA
CHEMBL2140880,LINCSCP_37915,MCF7,1uM,24h,NA,NA,-0.22504332,NA,NA
CHEMBL461194,LINCSCP_2177,A375,10uM,6h,NA,NA,-0.22500536,NA,NA
Ttnpb,LINCSCP_13354,FIBRNPC,10uM,6h,NA,NA,-0.22493503,NA,NA
BRD-K45322187,LINCSCP_278631,PC3,10uM,6h,NA,NA,-0.22492656,NA,NA
MAYBRIDGE4_003236,LINCSCP_46541,PC3,10uM,6h,NA,NA,-0.22472298,NA,NA
STK721917,LINCSCP_202073,A549,3uM,24h,NA,NA,-0.22463866,NA,NA
BRD-K28036193,LINCSCP_65435,VCAP,10uM,6h,NA,NA,-0.22445533,NA,NA
Bisoprolol,LINCSCP_79698,A375,1.11uM,24h,4,NA,-0.22442059,NA,NA
Pyrilamine,LINCSCP_127458,HT29,1.11uM,24h,4,NA,-0.2244019,NA,NA
Lonafarnib,LINCSCP_139528,MCF7,0.12uM,24h,3,NA,-0.22439352,NA,NA
XMD-1499,LINCSCP_46872,PC3,10uM,24h,NA,NA,-0.22425059,NA,NA
Metoprolol,LINCSCP_92919,HA1E,3.33uM,24h,4,NA,-0.22424882,NA,NA
TAK-700 (Orteronel),LINCSCP_138542,MCF7,1.11uM,24h,NA,NA,-0.22420021,NA,NA
BRD-K82284120,LINCSCP_303183,VCAP,5uM,24h,NA,NA,-0.2241345,NA,NA
EFLORNITHINE HYDROCHLORIDE,LINCSCP_111088,HELA,0.37uM,24h,4,NA,-0.22407047,0.23161269,NA
BRD-A02747686,LINCSCP_108928,HELA,0.04uM,24h,NA,NA,-0.22403896,NA,NA
CHEMBL2361743,LINCSCP_65800,VCAP,10uM,6h,NA,NA,-0.22391233,NA,NA
Naltrexone,LINCSCP_216295,HCC515,10uM,6h,4,NA,-0.22377684,NA,NA
TH02453-036-P1,LINCSCP_10430,A673,10uM,6h,NA,NA,-0.22376207,NA,0.21982963
BRD-K30267135,LINCSCP_8905,A549,10uM,24h,NA,NA,-0.22374951,NA,NA
Benfluorex,LINCSCP_103174,HELA,0.37uM,24h,4,NA,-0.22370868,NA,NA
MLS001065863,LINCSCP_22184,HEPG2,10uM,6h,NA,NA,-0.22362733,0.22146109,NA
Pentamidine,LINCSCP_92687,HA1E,1.11uM,24h,4,NA,-0.22361845,NA,NA
Cyclizine,LINCSCP_97905,HA1E,0.04uM,24h,4,NA,-0.22344118,NA,0.27502154
Chaetocin,LINCSCP_50910,RMGI,0.1uM,6h,NA,NA,-0.22328169,NA,NA
Chloroquine,LINCSCP_45100,PC3,10uM,6h,4,NA,-0.22317564,NA,NA
SA-84905,LINCSCP_38154,MCF7,3uM,24h,NA,NA,-0.2231098,NA,0.21332653
TAK-285,LINCSCP_141702,MCF7,3.33uM,24h,1,NA,-0.22308018,NA,NA
Actarit,LINCSCP_5735,A549,10uM,24h,NA,NA,-0.22296243,NA,0.22808928
Purmorphamine,LINCSCP_55004,THP1,40uM,6h,NA,NA,-0.22290561,NA,0.2368442
Rebamipide,LINCSCP_71384,A375,0.04uM,24h,3,NA,-0.22280911,NA,NA
Nylidrin,LINCSCP_23001,HEPG2,10uM,6h,NA,NA,-0.2227635,NA,NA
RESORCINOL,LINCSCP_142821,MCF7,0.12uM,24h,4,NA,-0.22275967,NA,0.20447379
CHEMBL1612418,LINCSCP_42415,NPC,10uM,24h,NA,NA,-0.22261903,NA,NA
(S)-(-)-BAY K 8644,LINCSCP_53995,SW480,10uM,6h,NA,NA,-0.22259984,NA,NA
Guanadrel,LINCSCP_121369,HT29,1.11uM,24h,4,NA,-0.22251662,NA,0.34153043
ST4048456,LINCSCP_190582,A549,10uM,24h,NA,NA,-0.22246442,NA,0.21649222
BG-STK33-59,LINCSCP_261305,NOMO1,0.01uM,6h,NA,NA,-0.222442,NA,0.22272778
Moclobemide,LINCSCP_74839,A375,0.37uM,24h,4,NA,-0.2224263,NA,NA
BRD-K45077070,LINCSCP_8669,A549,5uM,24h,NA,NA,-0.22237805,NA,NA
BRD-K13719685,LINCSCP_60139,VCAP,5uM,24h,NA,NA,-0.22234827,NA,NA
EMF-sumo1-1,LINCSCP_87238,CD34,0.12uM,24h,NA,NA,-0.22224119,NA,NA
MLS003650139,LINCSCP_63784,VCAP,5uM,6h,NA,NA,-0.22219773,NA,NA
4-Hydroxynon-2-enal,LINCSCP_27038,HT29,10uM,6h,NA,NA,-0.2221739,NA,NA
Flecainide,LINCSCP_102741,HELA,10uM,24h,4,NA,-0.22206135,NA,NA
N-Beta-alanyldopamine,LINCSCP_41309,NEU,10uM,6h,NA,NA,-0.22198859,NA,NA
Tipiracil (hydrochloride),LINCSCP_121159,HT29,1.11uM,24h,4,NA,-0.2219311,NA,0.25470606
LY288513,LINCSCP_22741,HEPG2,10uM,6h,NA,NA,-0.22189985,NA,NA
Rupatadine Fumarate,LINCSCP_127607,HT29,3.33uM,24h,3,NA,-0.22189869,NA,NA
IC 261,LINCSCP_13869,HA1E,10uM,6h,NA,NA,-0.22185631,NA,NA
MLS000948280,LINCSCP_193558,A549,10uM,24h,NA,NA,-0.22173278,NA,NA
NVP-AUY922,LINCSCP_12827,DV90,10uM,6h,NA,NA,-0.22167675,NA,NA
Orthothymotinic acid,LINCSCP_208403,HA1E,10uM,24h,NA,NA,-0.2213812,NA,NA
Glycopyrrolate,LINCSCP_97150,HA1E,0.04uM,24h,4,NA,-0.22137162,NA,NA
tioconazole,LINCSCP_108543,HELA,0.12uM,24h,NA,NA,-0.22130615,NA,0.225535
SB225002,LINCSCP_210049,HA1E,10uM,6h,NA,NA,-0.22121731,NA,NA
(3-Isopropoxyphenyl)(1-((5-methyl-1-propyl-1H-pyrazol-4-yl)methyl)piperidin-3-yl)methanone,LINCSCP_17547,HCC15,10uM,6h,NA,NA,-0.22113423,NA,NA
Tasquinimod,LINCSCP_169788,YAPC,10uM,24h,3,NA,-0.2209155,NA,NA
Darapladib,LINCSCP_119755,HT29,0.04uM,24h,3,NA,-0.22088128,NA,NA
MGCD-265,LINCSCP_30039,MCF10A,0.5uM,6h,2,NA,-0.2208634,NA,NA
Decitabine,LINCSCP_82357,A549,0.37uM,24h,4,NA,-0.22085728,NA,NA
CHEMBL3183436,LINCSCP_250617,MCF7,0.001uM,6h,NA,NA,-0.22071678,NA,NA
MLS003429132,LINCSCP_45467,PC3,10uM,24h,NA,NA,-0.22067548,NA,NA
BRD-K69040870-001-01-4,LINCSCP_64950,VCAP,10uM,24h,NA,NA,-0.22046794,NA,NA
MLS002607703,LINCSCP_5532,A549,10uM,6h,NA,NA,-0.22046698,NA,NA
Erythromycin Ethylsuccinate,LINCSCP_123360,HT29,0.04uM,24h,4,NA,-0.22043851,NA,NA
BRD-K33676730,LINCSCP_5947,A549,10uM,24h,NA,NA,-0.22040057,NA,NA
LX-1031,LINCSCP_153505,PC3,3.33uM,24h,NA,NA,-0.22038735,NA,NA
Fcodpguefhccia-Uhfffaoysa-N,LINCSCP_694,A375,10uM,24h,NA,NA,-0.22036259,NA,NA
BRD-K16479870,LINCSCP_48928,PC3,10uM,24h,NA,NA,-0.22010852,NA,NA
BRD-K98339888,LINCSCP_260687,NKDBA,1uM,24h,NA,NA,-0.22000469,NA,NA
L(-)Sorbose,LINCSCP_142782,MCF7,3.33uM,24h,NA,NA,-0.22000275,NA,NA
SPECTRUM_000890,LINCSCP_281724,PHH,10uM,24h,NA,NA,-0.21993478,NA,NA
AS601245,LINCSCP_111518,HEPG2,3.33uM,24h,NA,NA,-0.21991449,NA,NA
BRD-K21918725,LINCSCP_55304,U937,0.5uM,24h,NA,NA,-0.2197695,NA,NA
Infigratinib,LINCSCP_88612,HA1E,0.04uM,24h,2,NA,-0.21972555,NA,NA
Amdinocillin Pivoxil,LINCSCP_14766,HA1E,10uM,24h,4,NA,-0.21970505,NA,NA
CHEMBL2203528,LINCSCP_261281,NOMO1,3uM,6h,NA,NA,-0.21962802,NA,NA
Securinine,LINCSCP_26769,HT29,10uM,6h,NA,NA,-0.21950222,NA,NA
Securinine,LINCSCP_26769,HT29,10uM,6h,NA,NA,-0.21950222,NA,NA
"Ridaforolimus (Deforolimus, MK-8669)",LINCSCP_72543,A375,3.33uM,24h,NA,NA,-0.21936767,NA,NA
XMD 8-92,LINCSCP_148074,NPC.CAS9,0.04uM,24h,NA,NA,-0.21935571,NA,NA
BRD-K84879982,LINCSCP_3348,A375,5uM,24h,NA,NA,-0.21930491,NA,NA
AB00540133,LINCSCP_54914,THP1,10uM,6h,NA,NA,-0.21917687,NA,NA
6266-99-5,LINCSCP_56585,VCAP,10uM,6h,NA,NA,-0.219108,NA,NA
Etazolate,LINCSCP_107435,HELA,1.11uM,24h,2,NA,-0.21909207,NA,NA
FGIN1-27,LINCSCP_54893,THP1,10uM,6h,NA,NA,-0.21904013,NA,0.22613511
52490-15-0,LINCSCP_28755,HUH7,5uM,24h,NA,NA,-0.21900231,NA,NA
ST030350,LINCSCP_261450,NPC,10uM,24h,NA,NA,-0.21886593,NA,NA
BRD-A36275421,LINCSCP_155452,PC3,1.11uM,24h,NA,NA,-0.2187863,NA,NA
LXR-623,LINCSCP_73396,A375,0.04uM,24h,1,NA,-0.21873133,NA,0.27123999
Idoxuridine,LINCSCP_47559,PC3,10uM,24h,4,NA,-0.21858792,NA,NA
PD-98059,LINCSCP_260147,NEU,10uM,6h,NA,NA,-0.21840183,NA,NA
"VX-222 (VCH-222, Lomibuvir)",LINCSCP_97409,HA1E,10uM,24h,NA,NA,-0.21834609,NA,NA
BRD-K30935394,LINCSCP_48757,PC3,10uM,24h,NA,NA,-0.21828294,NA,NA
R-N-Propylnorapomorphine,LINCSCP_223271,HT29,10uM,6h,NA,NA,-0.21824595,NA,0.22915721
TUL_XIX002,LINCSCP_55067,THP1,0.1uM,24h,NA,NA,-0.21813998,NA,NA
CHEMBL3185651,LINCSCP_45603,PC3,10uM,6h,NA,NA,-0.21811401,NA,NA
MLS003128721,LINCSCP_3173,A375,5uM,24h,NA,NA,-0.21804195,NA,NA
Olprinone (Hydrochloride),LINCSCP_136430,MCF7,3.33uM,24h,NA,NA,-0.21802085,NA,NA
BRD-K64508546,LINCSCP_8178,A549,5uM,24h,NA,NA,-0.21799476,NA,NA
SCHEMBL17378613,LINCSCP_29578,MCF10A,0.5uM,24h,NA,NA,-0.21797324,NA,NA
Refametinib,LINCSCP_96230,HA1E,1.11uM,24h,NA,NA,-0.21785964,NA,NA
BRD-K40324831,LINCSCP_48968,PC3,10uM,24h,NA,NA,-0.21781815,NA,NA
Pimobendan,LINCSCP_77854,A375,10uM,24h,NA,NA,-0.21781618,NA,NA
BRD-K47368357,LINCSCP_62003,VCAP,5uM,24h,NA,NA,-0.21780122,NA,NA
BRD-K85413794,LINCSCP_48703,PC3,0.1uM,6h,NA,NA,-0.21778484,NA,NA
Etravirine (TMC125),LINCSCP_98102,HA1E,0.04uM,24h,4,NA,-0.21770044,NA,NA
HOECHST-33342,LINCSCP_44360,PC3,10uM,24h,NA,NA,-0.21763073,NA,NA
T5715535,LINCSCP_31584,MCF7,10uM,24h,NA,NA,-0.21758123,NA,NA
Mitiglinide calcium,LINCSCP_168650,YAPC,3.33uM,24h,3,NA,-0.21743018,NA,NA
BRD-K23349860,LINCSCP_60526,VCAP,5uM,24h,NA,NA,-0.21734016,NA,NA
Raclopride,LINCSCP_7021,A549,10uM,24h,1,NA,-0.21728798,NA,NA
Ergothioneine,LINCSCP_154122,PC3,10uM,24h,NA,NA,-0.21724808,NA,NA
936890-98-1,LINCSCP_145726,MDAMB231,0.37uM,3h,NA,NA,-0.2172458,NA,NA
Neostigmine,LINCSCP_119730,HT29,0.12uM,24h,4,NA,-0.21722687,NA,NA
ascorbic-acid,LINCSCP_138655,MCF7,3.33uM,24h,NA,NA,-0.21715579,NA,NA
Semaxanib,LINCSCP_77193,A375,1.11uM,24h,3,NA,-0.21712336,NA,NA
ICI-204448,LINCSCP_14973,HA1E,10uM,24h,NA,NA,-0.21712148,NA,NA
CEFEPIME HYDROCHLORIDE,LINCSCP_169553,YAPC,0.04uM,24h,NA,NA,-0.21709748,NA,NA
Capsaicin,LINCSCP_13522,H1299,100uM,6h,4,NA,-0.21704541,NA,NA
149759-96-6,LINCSCP_13017,FIBRNPC,10uM,24h,NA,NA,-0.21699144,NA,NA
F0014-0057,LINCSCP_29038,HUH7,10uM,6h,NA,NA,-0.21697367,NA,NA
BRD-K65514600,LINCSCP_38080,MCF7,1uM,6h,NA,NA,-0.21690604,NA,NA
CHEMBL1521956,LINCSCP_4879,A549,10uM,24h,NA,NA,-0.21684718,NA,NA
BRD-K02964016,LINCSCP_65753,VCAP,10uM,6h,NA,NA,-0.21676688,NA,NA
Mercaptopurine,LINCSCP_143713,MCF7,1.11uM,24h,4,NA,-0.21675495,NA,NA
Progesterone,LINCSCP_22780,HEPG2,10uM,6h,4,NA,-0.21674736,NA,NA
CHEMBL416418,LINCSCP_54149,SW620,60uM,6h,NA,NA,-0.21672556,NA,NA
CX-4945 (Silmitasertib),LINCSCP_125153,HT29,3.33uM,24h,2,NA,-0.21668393,NA,0.24318459
STK009254,LINCSCP_144276,MCF7,3.33uM,24h,NA,NA,-0.21666278,NA,0.20917709
Peucedanin,LINCSCP_18008,HCC515,10uM,24h,NA,NA,-0.21661783,NA,NA
BRD-K00248354,LINCSCP_169606,YAPC,0.12uM,24h,NA,NA,-0.21655439,NA,NA
Nicotine,LINCSCP_104841,HELA,0.04uM,24h,4,NA,-0.21653137,NA,NA
Atrasentan (hydrochloride),LINCSCP_89763,HA1E,0.04uM,24h,3,NA,-0.21649156,NA,NA
181144-66-1,LINCSCP_160421,PC3,0.37uM,24h,NA,NA,-0.21621504,NA,NA
GDC-0980 (RG7422),LINCSCP_103235,HELA,0.04uM,24h,2,NA,-0.21621069,NA,NA
BRD-K98630904-001-01-7,LINCSCP_7941,A549,10uM,24h,NA,NA,-0.21620034,NA,NA
CC-930,LINCSCP_124592,HT29,0.37uM,24h,2,NA,-0.21615054,NA,NA
Tcpobop,LINCSCP_6598,A549,10uM,6h,NA,NA,-0.21614577,NA,NA
BRD-K54294645,LINCSCP_3713,A375,10uM,24h,NA,NA,-0.21614465,NA,NA
Bitopertin,LINCSCP_92734,HA1E,3.33uM,24h,NA,NA,-0.21605267,NA,NA
Alista,LINCSCP_244873,MCF7,10uM,6h,NA,NA,-0.21603446,NA,NA
Tasisulam,LINCSCP_93846,HA1E,10uM,24h,NA,NA,-0.21598716,NA,NA
Glipizide,LINCSCP_137760,MCF7,10uM,24h,4,NA,-0.21595772,NA,NA
IWR-1-ENDO,LINCSCP_54974,THP1,10uM,6h,NA,NA,-0.21595102,NA,0.27480894
Honokiol,LINCSCP_79595,A375,10uM,24h,NA,NA,-0.21594225,NA,NA
CHEMBL2333346,LINCSCP_38788,MCF7,0.12uM,24h,NA,NA,-0.21587491,NA,NA
SR-2640,LINCSCP_77133,A375,1.11uM,24h,NA,NA,-0.21586393,NA,NA
BRD-K05456756,LINCSCP_55360,U937,3uM,6h,NA,NA,-0.21576488,NA,NA
BRD-K00199686,LINCSCP_160981,PC3,0.04uM,24h,NA,NA,-0.21564156,NA,NA
Tizanidine,LINCSCP_170104,YAPC,0.12uM,24h,4,NA,-0.21554815,NA,NA
BRD-A77864279,LINCSCP_105630,HELA,0.37uM,24h,NA,NA,-0.21543764,NA,NA
Zaldaride,LINCSCP_101183,HELA,0.04uM,24h,NA,NA,-0.21540654,NA,NA
BRD-K62748479-001-01-4,LINCSCP_42176,NPC,10uM,24h,NA,NA,-0.21527096,NA,NA
Nisoxetine,LINCSCP_176198,YAPC,3.33uM,24h,NA,NA,-0.21517411,NA,NA
BL-074,LINCSCP_6524,A549,10uM,24h,NA,NA,-0.21510663,NA,NA
Cilostamide,LINCSCP_17321,HA1E,0.04uM,24h,NA,NA,-0.21508787,NA,NA
TIC10,LINCSCP_167615,YAPC,0.37uM,24h,NA,NA,-0.21506962,NA,NA
Colforsin,LINCSCP_176637,A375,10uM,6h,NA,NA,-0.21504975,NA,NA
Dimesna,LINCSCP_101452,HELA,0.04uM,24h,3,NA,-0.21490981,NA,NA
BRD-K90070572,LINCSCP_48895,PC3,10uM,6h,NA,NA,-0.21487987,NA,NA
BRD-K49669601,LINCSCP_48164,PC3,5uM,24h,NA,NA,-0.21469589,NA,NA
BRD-K75418563,LINCSCP_23497,HEPG2,10uM,24h,NA,NA,-0.21469529,NA,NA
N9-Isopropylolomoucine,LINCSCP_50651,PL21,100uM,6h,NA,NA,-0.21467987,NA,NA
PF-4136309,LINCSCP_144384,MCF7,3.33uM,24h,NA,NA,-0.21466758,NA,NA
Droperidol,LINCSCP_223433,HT29,10uM,6h,4,NA,-0.21454528,NA,NA
AK-968/11369213,LINCSCP_59222,VCAP,10uM,24h,NA,NA,-0.21445505,NA,NA
ZINC04062252,LINCSCP_34468,MCF7,10uM,24h,NA,NA,-0.21435449,NA,NA
Erythromycin,LINCSCP_95179,HA1E,0.04uM,24h,4,NA,-0.21411745,NA,NA
CHEMBL2142684,LINCSCP_10751,ASC,10uM,24h,NA,NA,-0.21408562,NA,NA
CHEMBL2204241,LINCSCP_42075,NOMO1,1uM,6h,NA,NA,-0.21406574,NA,NA
MLS002576689,LINCSCP_5581,A549,10uM,24h,NA,NA,-0.21406451,NA,NA
Lersivirine,LINCSCP_170608,YAPC,0.12uM,24h,2,NA,-0.21400059,NA,NA
PIK 90,LINCSCP_50691,PL21,10uM,6h,NA,NA,-0.21392658,NA,NA
Lapatinib,LINCSCP_86439,BT20,0.37uM,3h,4,NA,-0.2139235,NA,NA
Clinafloxacin,LINCSCP_144352,MCF7,0.04uM,24h,NA,NA,-0.21388641,NA,NA
Rivaroxaban,LINCSCP_78147,A375,0.04uM,24h,NA,NA,-0.21385489,NA,NA
Rivaroxaban,LINCSCP_78147,A375,0.04uM,24h,4,NA,-0.21385489,NA,NA
MLS002264449,LINCSCP_57893,VCAP,10uM,6h,NA,NA,-0.21382934,NA,NA
MLS003129415,LINCSCP_49048,PC3,10uM,24h,NA,NA,-0.21369616,NA,NA
RG 13022,LINCSCP_22982,HEPG2,10uM,6h,NA,NA,-0.21368854,NA,NA
Torcetrapib,LINCSCP_124207,HT29,1.11uM,24h,NA,NA,-0.21360968,NA,NA
Emedastine,LINCSCP_92830,HA1E,3.33uM,24h,4,NA,-0.21360425,NA,NA
ETOPOSIDE,LINCSCP_121876,HT29,0.04uM,24h,NA,NA,-0.21354331,NA,NA
PF-04449913,LINCSCP_102093,HELA,0.04uM,24h,2,NA,-0.21351562,NA,NA
SA-1457415,LINCSCP_41741,NKDBA,0.5uM,24h,NA,NA,-0.21347782,NA,NA
BRD-K08995965,LINCSCP_193546,A549,10uM,24h,NA,NA,-0.21336043,NA,NA
CHEMBL59836,LINCSCP_55957,VCAP,10uM,24h,NA,NA,-0.21331813,NA,NA
BRD-K00544996,LINCSCP_153090,PC3,0.04uM,24h,NA,NA,-0.21325966,NA,NA
Cirazoline,LINCSCP_14102,HA1E,10uM,24h,NA,NA,-0.21322946,NA,NA
Cilomilast,LINCSCP_75387,A375,3.33uM,24h,NA,NA,-0.21320885,NA,NA
Cilomilast,LINCSCP_75387,A375,3.33uM,24h,NA,NA,-0.21320885,NA,NA
TL Aurora 09,LINCSCP_38821,MCF7,0.5uM,6h,NA,NA,-0.2130742,NA,NA
CHEMBL3188110,LINCSCP_292436,VCAP,10uM,24h,NA,NA,-0.21303003,NA,NA
BRD-K26968982,LINCSCP_48946,PC3,10uM,24h,NA,NA,-0.21299459,NA,NA
Anpirtoline,LINCSCP_15077,HA1E,10uM,24h,NA,NA,-0.21280461,NA,NA
Estriol,LINCSCP_28593,HT29,1.11uM,24h,4,NA,-0.21278501,NA,0.20460014
Enoxacin,LINCSCP_97821,HA1E,0.04uM,24h,4,NA,-0.21271483,NA,0.2346503
L 655240,LINCSCP_120784,HT29,0.04uM,24h,NA,NA,-0.21265856,NA,NA
apigenin,LINCSCP_163044,SKBR3,10uM,24h,NA,NA,-0.21263956,NA,NA
BRD-K32581454-001-01-5,LINCSCP_50444,PHH,3uM,6h,NA,NA,-0.21257333,NA,NA
UNC1215,LINCSCP_83437,ASC.C,3.33uM,24h,NA,NA,-0.21251608,NA,NA
Thiabendazole,LINCSCP_142991,MCF7,10uM,24h,4,NA,-0.21250387,NA,NA
"8-Bromo-camp, na",LINCSCP_52806,SKB,10uM,24h,NA,NA,-0.21242274,NA,NA
MLS000863584,LINCSCP_221474,HEPG2,3uM,24h,NA,NA,-0.21236199,NA,NA
AC1MSUFC,LINCSCP_54106,SW620,40uM,6h,NA,NA,-0.21230935,NA,NA
TAE-684,LINCSCP_131364,MCF10A,0.12uM,24h,NA,NA,-0.2123017,NA,NA
BRD-K95722922,LINCSCP_61180,VCAP,5uM,6h,NA,NA,-0.21228257,NA,NA
KX2-391,LINCSCP_104127,HELA,0.12uM,24h,2,NA,-0.2122513,NA,NA
GDC-0152,LINCSCP_78774,A375,0.37uM,24h,NA,NA,-0.21224872,NA,NA
BUDIPINE,LINCSCP_153411,PC3,0.37uM,24h,NA,NA,-0.21206473,NA,NA
L-690330,LINCSCP_289042,U937,10uM,6h,NA,NA,-0.21205097,NA,NA
Probucol,LINCSCP_174485,YAPC,10uM,24h,4,NA,-0.21195849,NA,NA
CHEMBL318111,LINCSCP_192686,A549,10uM,24h,NA,NA,-0.21195773,NA,NA
10-DEBC,LINCSCP_25809,HT29,20uM,6h,NA,NA,-0.21194925,NA,NA
1-(4-Bromophenyl)-3-morpholin-4-yl-2-phenylpropan-1-one,LINCSCP_58794,VCAP,10uM,24h,NA,NA,-0.21190977,NA,NA
Tolvaptan,LINCSCP_97186,HA1E,0.04uM,24h,4,NA,-0.2118089,NA,0.28267042
Diphenidol,LINCSCP_156819,PC3,0.37uM,24h,4,NA,-0.21171226,NA,NA
iloprost,LINCSCP_205476,CD34,10uM,24h,NA,NA,-0.21170989,NA,NA
CHEMBL3186940,LINCSCP_65830,VCAP,10uM,6h,NA,NA,-0.21170214,NA,NA
BRD-K06718821,LINCSCP_3304,A375,5uM,24h,NA,NA,-0.21163056,NA,NA
Broad-Sai-296,LINCSCP_250240,MCF7,5uM,24h,NA,NA,-0.21155831,NA,NA
Taselisib,LINCSCP_107592,HELA,10uM,24h,3,NA,-0.21147282,NA,NA
RO4987655,LINCSCP_95226,HA1E,0.12uM,24h,1,NA,-0.21142567,NA,NA
brivanib,LINCSCP_103129,HELA,10uM,24h,NA,NA,-0.2112975,NA,NA
Candesartan,LINCSCP_108506,HELA,0.37uM,24h,4,NA,-0.21128773,NA,NA
Candesartan,LINCSCP_108506,HELA,0.37uM,24h,3,NA,-0.21128773,NA,NA
Ipatasertib,LINCSCP_83055,ASC.C,0.12uM,24h,2,NA,-0.21126962,NA,NA
Melperone,LINCSCP_144265,MCF7,1.11uM,24h,3,NA,-0.21113502,NA,NA
NU-7026,LINCSCP_82403,A549,3.33uM,24h,NA,NA,-0.21109696,NA,NA
Ubenimex,LINCSCP_171144,YAPC,1.11uM,24h,2,NA,-0.21105559,NA,NA
AC1O44XP,LINCSCP_310232,VCAP,5uM,48h,NA,NA,-0.21096304,0.22609623,NA
Lorglumide,LINCSCP_104121,HELA,0.12uM,24h,NA,NA,-0.21088799,NA,NA
BRD-A81936046,LINCSCP_286970,SNUC4,10uM,6h,NA,NA,-0.21085658,NA,NA
ZINC6718453,LINCSCP_83902,ASC.C,10uM,24h,NA,NA,-0.21076322,NA,NA
Cabazitaxel,LINCSCP_138309,MCF7,0.37uM,24h,NA,NA,-0.21069561,NA,NA
MLS003672589,LINCSCP_287897,T3M10,10uM,6h,NA,NA,-0.21052855,NA,NA
Nobiletin,LINCSCP_18381,HCC515,10uM,6h,NA,NA,-0.21049438,NA,NA
BML-266,LINCSCP_13264,FIBRNPC,10uM,24h,NA,NA,-0.21033649,NA,NA
Saquinavir,LINCSCP_13871,HA1E,10uM,6h,4,NA,-0.21031364,NA,NA
CHEMBL1332325,LINCSCP_4951,A549,10uM,24h,NA,NA,-0.21025865999999999,NA,NA
MLS-0315871.0001,LINCSCP_32087,MCF7,10uM,24h,NA,NA,-0.21018649,NA,NA
SCH-28080,LINCSCP_157759,PC3,0.37uM,24h,NA,NA,-0.21017158,NA,NA
MLS001176107,LINCSCP_6308,A549,10uM,24h,NA,NA,-0.21013885,NA,NA
SCHEMBL17052537,LINCSCP_130199,LNCAP,0.04uM,3h,NA,NA,-0.21007654,NA,NA
BRD-K53359044,LINCSCP_310162,VCAP,30uM,6h,NA,NA,-0.21006644,NA,NA
MLS002473426,LINCSCP_238412,MCF7,10uM,24h,NA,NA,-0.21006248,NA,NA
SA-440832,LINCSCP_253744,MCF7,3uM,6h,NA,NA,-0.21003069,NA,NA
KUC103424N,LINCSCP_238280,MCF7,10uM,24h,NA,NA,-0.21001313,0.20705674,0.22293326
Bexarotene,LINCSCP_144222,MCF7,3.33uM,24h,4,NA,-0.20998112,NA,NA
2'-Deoxycytidine (hydrochloride),LINCSCP_143265,MCF7,0.12uM,24h,NA,NA,-0.20985755,NA,NA
BRD-K17427497,LINCSCP_63979,VCAP,5uM,24h,NA,NA,-0.20985302,NA,0.21368238
Fenobam,LINCSCP_94296,HA1E,3.33uM,24h,1,NA,-0.20976242,NA,NA
CHEMBL1242477,LINCSCP_201119,A549,0.1uM,24h,NA,NA,-0.20973549,NA,NA
Aggc,LINCSCP_6469,A549,10uM,24h,NA,NA,-0.20972878,NA,NA
CI-966,LINCSCP_107147,HELA,1.11uM,24h,NA,NA,-0.20971107,NA,NA
Alfuzosin,LINCSCP_243337,MCF7,10uM,24h,4,NA,-0.20966571,NA,NA
BRD-K13626437,LINCSCP_61943,VCAP,5uM,24h,NA,NA,-0.20963249,NA,NA
Tretinoin,LINCSCP_36000,MCF7,0.1uM,24h,4,NA,-0.20963123,NA,NA
AC1MGPVN,LINCSCP_283817,SKB,10uM,24h,NA,NA,-0.20954598,NA,NA
TIBOLONE,LINCSCP_143366,MCF7,0.37uM,24h,NA,NA,-0.20931698,NA,NA
MLS002703293,LINCSCP_5048,A549,10uM,6h,NA,NA,-0.20926007,NA,0.20161905
BRD-K21953167,LINCSCP_311825,VCAP,10uM,6h,NA,NA,-0.20915374,NA,NA
BRD-K83727172,LINCSCP_65714,VCAP,10uM,24h,NA,NA,-0.20908609,NA,NA
BRD-K37262906,LINCSCP_59760,VCAP,5uM,6h,NA,NA,-0.20896069,NA,NA
Dehydroepiandrosterone (DHEA),LINCSCP_141426,MCF7,3.33uM,24h,NA,NA,-0.20885569,NA,NA
ZINC01282667,LINCSCP_6073,A549,10uM,6h,NA,NA,-0.20883623,NA,NA
BMY-14802,LINCSCP_92911,HA1E,0.04uM,24h,NA,NA,-0.2088162,NA,NA
Pidotimod,LINCSCP_103361,HELA,0.04uM,24h,NA,NA,-0.20873424,NA,NA
SA-89068,LINCSCP_37202,MCF7,0.5uM,6h,NA,NA,-0.20870906,NA,0.20703556
C19H19FN4O3,LINCSCP_145273,MDAMB231,0.12uM,3h,NA,NA,-0.20865211,NA,NA
ST50998710,LINCSCP_261499,NPC,10uM,24h,NA,NA,-0.20859999,NA,NA
VILAZODONE HYDROCHLORIDE,LINCSCP_139698,MCF7,10uM,24h,4,NA,-0.20859209,NA,NA
Diazepam,LINCSCP_134957,MCF7,1.11uM,24h,4,NA,-0.20852529,NA,NA
Ribavirin,LINCSCP_110975,HELA,0.12uM,24h,NA,NA,-0.20850408,NA,NA
Ribavirin,LINCSCP_110975,HELA,0.12uM,24h,4,NA,-0.20850408,NA,NA
BRD-K70900504,LINCSCP_41066,NEU,10uM,24h,NA,NA,-0.20850339,NA,NA
Etofenamate,LINCSCP_97578,HA1E,3.33uM,24h,NA,NA,-0.20844662,NA,NA
BRD-K05378136,LINCSCP_311436,VCAP,10uM,6h,NA,NA,-0.20838678,NA,NA
NCGC00346967-01,LINCSCP_83674,ASC.C,1.11uM,24h,NA,NA,-0.20830909,NA,NA
CHEMBL1984778,LINCSCP_7884,A549,10uM,24h,NA,NA,-0.20820785,0.20400841,NA
Amantadine,LINCSCP_173951,YAPC,10uM,24h,NA,NA,-0.2081121,NA,NA
Amantadine,LINCSCP_173951,YAPC,10uM,24h,4,NA,-0.2081121,NA,NA
SA-1458610,LINCSCP_252712,MCF7,1uM,24h,NA,NA,-0.2080674,NA,NA
BRD-K49553303-001-01-8,LINCSCP_295846,VCAP,10uM,6h,NA,NA,-0.20805571,NA,NA
Chloropyramine,LINCSCP_48047,PC3,10uM,6h,NA,NA,-0.20799239,NA,NA
ON-01910,LINCSCP_2157,A375,10uM,6h,NA,NA,-0.20798021,NA,0.24061283
Mianserin,LINCSCP_90442,HA1E,3.33uM,24h,4,NA,-0.20796836,NA,NA
Etifenin,LINCSCP_13746,HA1E,10uM,24h,NA,NA,-0.20781402,NA,NA
F1304-0056,LINCSCP_50248,PHH,3uM,24h,NA,NA,-0.20764044,NA,NA
NVP-AEW541,LINCSCP_36996,MCF7,0.5uM,6h,NA,NA,-0.20759679,NA,NA
Levothyroxine,LINCSCP_104154,HELA,3.33uM,24h,4,NA,-0.20744289,NA,NA
MLS003178531,LINCSCP_237380,MCF7,10uM,24h,NA,NA,-0.20742686,NA,NA
Tetramisole,LINCSCP_6940,A549,10uM,6h,NA,NA,-0.20718916,NA,NA
CHEMBL3187550,LINCSCP_27998,HT29,5uM,24h,NA,NA,-0.20710885,NA,NA
L-Sulforaphane,LINCSCP_38444,MCF7,3.33uM,24h,NA,NA,-0.2070922,NA,NA
Vicriviroc,LINCSCP_159737,PC3,0.37uM,24h,3,NA,-0.2070051,NA,0.22501798
BRD-K38688128,LINCSCP_60374,VCAP,5uM,24h,NA,NA,-0.20683909,NA,NA
Nemonapride,LINCSCP_108313,HELA,1.11uM,24h,NA,NA,-0.20683286,NA,NA
Nemonapride,LINCSCP_108313,HELA,1.11uM,24h,NA,NA,-0.20683286,NA,NA
Tryptoline,LINCSCP_45913,PC3,10uM,24h,NA,NA,-0.20680604,NA,0.22920101
TL_HRAS27,LINCSCP_237309,MCF7,10uM,24h,NA,NA,-0.20673752,NA,NA
BRD-K13217265,LINCSCP_278978,PC3,10uM,6h,NA,NA,-0.20665214,NA,NA
Norethindrone Acetate,LINCSCP_25212,HT29,10uM,24h,NA,NA,-0.20661606,NA,NA
BRD-A83706824,LINCSCP_155543,PC3,0.37uM,24h,NA,NA,-0.20659625,NA,NA
BRD-K17906992,LINCSCP_8663,A549,5uM,24h,NA,NA,-0.20650416,NA,NA
SLx-2119,LINCSCP_175338,YAPC,0.12uM,24h,NA,NA,-0.20635861,NA,NA
Zaleplon,LINCSCP_34524,MCF7,10uM,24h,4,NA,-0.20632976,NA,NA
BRD-K30822915,LINCSCP_62270,VCAP,5uM,24h,NA,NA,-0.20622444,NA,NA
BRD-K64920356,LINCSCP_27703,HT29,5uM,24h,NA,NA,-0.20621986,NA,NA
BRD-K60836534,LINCSCP_28372,HT29,10uM,24h,NA,NA,-0.20621362,NA,NA
AZD7545,LINCSCP_53805,SNUC4,20uM,6h,NA,NA,-0.20599043,NA,NA
AZD7545,LINCSCP_53805,SNUC4,20uM,6h,NA,NA,-0.20599043,NA,NA
Ranitidine,LINCSCP_142598,MCF7,0.37uM,24h,NA,NA,-0.20594868,NA,NA
CHEMBL1269202,LINCSCP_45888,PC3,10uM,24h,NA,NA,-0.20587736,NA,0.22562977
VX222,LINCSCP_32550,MCF7,10uM,24h,NA,NA,-0.20582743,NA,0.2309071
Tranylcypromine,LINCSCP_112552,HEPG2,3.33uM,24h,NA,NA,-0.20581689,NA,NA
SCHEMBL3655059,LINCSCP_6310,A549,10uM,24h,NA,NA,-0.20575233,NA,0.2213633
Gabexate,LINCSCP_262901,NPC,10uM,24h,3,NA,-0.20569636,NA,NA
BRD-K96403486,LINCSCP_20178,HCC515,10uM,6h,NA,NA,-0.20563656,NA,NA
SMR000031368,LINCSCP_188923,A549,10uM,24h,NA,NA,-0.2055973,NA,NA
Argatroban,LINCSCP_102782,HELA,0.04uM,24h,NA,NA,-0.20547619,NA,NA
Argatroban,LINCSCP_102782,HELA,0.04uM,24h,4,NA,-0.20547619,NA,NA
SR-02000000367,LINCSCP_5519,A549,10uM,6h,NA,NA,-0.20545284,NA,NA
GSK-319347A,LINCSCP_55493,U937,5uM,6h,NA,NA,-0.20542899,NA,NA
BRD-K31315646,LINCSCP_253905,MCF7,1uM,24h,NA,NA,-0.20539925,0.20711182,NA
Pindolol,LINCSCP_143139,MCF7,0.12uM,24h,4,NA,-0.2053168,NA,NA
Ropinirole,LINCSCP_101525,HELA,10uM,24h,4,NA,-0.2052599,NA,NA
PH-797804,LINCSCP_144009,MCF7,0.12uM,24h,2,NA,-0.20524264,NA,NA
BRD-K25125608,LINCSCP_60152,VCAP,5uM,24h,NA,NA,-0.20517436,NA,NA
Anidulafungin,LINCSCP_109956,HELA,0.37uM,24h,NA,NA,-0.20516366,NA,NA
BRD-K84838433,LINCSCP_298658,VCAP,5uM,6h,NA,NA,-0.20500902,NA,NA
VX-661,LINCSCP_162225,PC3,3.33uM,24h,3,NA,-0.20498915,NA,NA
Vandetanib,LINCSCP_84371,ASC,3.33uM,24h,4,NA,-0.20491625,NA,NA
AZD-8330,LINCSCP_87702,HA1E,0.37uM,24h,1,NA,-0.20483642,-0.2137114,NA
Primidone,LINCSCP_14713,HA1E,10uM,24h,4,NA,-0.20478807,NA,NA
HG-9-91-01,LINCSCP_146563,NEU,1.11uM,24h,NA,NA,-0.20476756,NA,NA
Nicotin-Amide,LINCSCP_169251,YAPC,0.37uM,24h,4,NA,-0.20467789,NA,NA
BRD-K13369161,LINCSCP_48733,PC3,10uM,24h,NA,NA,-0.20465797,NA,NA
Daminozide,LINCSCP_100714,HCC515,1.11uM,24h,NA,NA,-0.20459793,NA,NA
Ricolinostat,LINCSCP_128785,HUVEC,0.12uM,24h,1,NA,-0.20459506,NA,NA
Pevonedistat,LINCSCP_41744,NKDBA,0.5uM,24h,2,NA,-0.20452011,NA,NA
Alpelisib,LINCSCP_130716,MCF10A,3.33uM,24h,3,NA,-0.20446498,NA,NA
CHEMDIV3_009089,LINCSCP_23328,HEPG2,3uM,24h,NA,NA,-0.20446027,NA,NA
Venlafaxine,LINCSCP_94757,HA1E,0.12uM,24h,4,NA,-0.20443743,NA,NA
PF-04691502,LINCSCP_74863,A375,0.37uM,24h,2,NA,-0.20442414,NA,NA
SCHEMBL6463646,LINCSCP_294812,VCAP,10uM,24h,NA,NA,-0.20432776,0.24183446,NA
SMR000046567,LINCSCP_45340,PC3,10uM,24h,NA,NA,-0.20431318,NA,NA
BRD-K86858124-001-01-2,LINCSCP_47570,PC3,10uM,24h,NA,NA,-0.20430039,NA,NA
Benzylpenicillin,LINCSCP_44651,PC3,10uM,6h,4,NA,-0.20426909,NA,NA
YC1,LINCSCP_44244,PC3,10uM,24h,NA,NA,-0.20425317,NA,NA
Avrainvillamide Analog 3,LINCSCP_38495,MCF7,0.37uM,24h,NA,NA,-0.2040752,NA,NA
BRD-K50696746,LINCSCP_60387,VCAP,5uM,24h,NA,NA,-0.20405099,NA,NA
BRD-A68202111,LINCSCP_141846,MCF7,3.33uM,24h,NA,NA,-0.20400873,NA,NA
MLS001116189,LINCSCP_46215,PC3,10uM,24h,NA,NA,-0.20398273,NA,NA
Moxifloxacin,LINCSCP_46803,PC3,10uM,24h,4,NA,-0.20395252,NA,NA
BRD-K13765840,LINCSCP_60660,VCAP,5uM,6h,NA,NA,-0.20394206,NA,NA
Dihydrocapsaicin,LINCSCP_43621,NPC,10uM,6h,NA,NA,-0.2039017,NA,NA
"Pfmrk inhibitor, wr 216174",LINCSCP_7452,A549,10uM,6h,NA,NA,-0.20389039,NA,NA
BRD-K87838816,LINCSCP_197377,A549,5uM,24h,NA,NA,-0.20383805,NA,0.23562338
Cefdinir,LINCSCP_134888,MCF7,0.12uM,24h,NA,NA,-0.20379604,NA,NA
SA-441145,LINCSCP_252586,MCF7,10uM,24h,NA,NA,-0.20375218,NA,NA
Chloroguanide,LINCSCP_290085,VCAP,10uM,24h,4,NA,-0.20373821,NA,NA
ALX-5407,LINCSCP_158306,PC3,0.04uM,24h,NA,NA,-0.20368525,NA,NA
Avagacestat (BMS-708163),LINCSCP_160095,PC3,3.33uM,24h,2,NA,-0.2036626,NA,NA
Vidarabine,LINCSCP_97486,HA1E,0.04uM,24h,4,NA,-0.20365934,NA,NA
BRD-K91758467,LINCSCP_63852,VCAP,5uM,6h,NA,NA,-0.20365257,NA,NA
ZINC00158302,LINCSCP_242762,MCF7,10uM,6h,NA,NA,-0.20361769,NA,NA
MLS003128613,LINCSCP_45552,PC3,10uM,24h,NA,NA,-0.20353412,NA,NA
Isoconazole,LINCSCP_80737,A375,3.33uM,24h,4,NA,-0.20347388,NA,NA
BRD-K53619921,LINCSCP_27547,HT29,5uM,24h,NA,NA,-0.20343517,NA,NA
GSK-923295,LINCSCP_155427,PC3,3.33uM,24h,NA,NA,-0.20339951,NA,NA
BRD-K61683215,LINCSCP_63232,VCAP,5uM,24h,NA,NA,-0.20323273,NA,NA
CTK8H3236,LINCSCP_40962,NEU,10uM,24h,NA,NA,-0.20322081,0.27717771,NA
MLS002232305,LINCSCP_32119,MCF7,10uM,24h,NA,NA,-0.20320509,NA,NA
Flavoxate,LINCSCP_124556,HT29,0.37uM,24h,4,NA,-0.20311428,NA,NA
Cinnarizine,LINCSCP_22885,HEPG2,10uM,6h,4,NA,-0.20296649,NA,NA
Flubendazole,LINCSCP_239324,MCF7,10uM,6h,NA,NA,-0.20295968,NA,NA
4-Iodo-6-phenylpyrimidine,LINCSCP_283133,RMGI,40uM,6h,NA,NA,-0.20291125,NA,NA
N-Arachidonoyl-gaba (na-gaba),LINCSCP_227148,HT29,10uM,6h,NA,NA,-0.20276947,NA,NA
SA-103150,LINCSCP_252709,MCF7,10uM,24h,NA,NA,-0.20276513,NA,NA
IN1549,LINCSCP_155169,PC3,10uM,24h,NA,NA,-0.20272254,NA,NA
MLS002276502,LINCSCP_15798,HA1E,10uM,24h,NA,NA,-0.20269743,NA,NA
BRD-K50868745,LINCSCP_249796,MCF7,10uM,24h,NA,NA,-0.20264606,NA,0.21512945
Phenylmethylsulfonylfluoride,LINCSCP_41378,NEU,10uM,24h,NA,NA,-0.20262162,NA,NA
Sufentanil,LINCSCP_168281,YAPC,0.12uM,24h,4,NA,-0.20258988,NA,NA
BRD-K34230554,LINCSCP_28350,HT29,10uM,24h,NA,NA,-0.20257939,NA,NA
STK111867,LINCSCP_4890,A549,10uM,24h,NA,NA,-0.20256492,NA,NA
MLS002264437,LINCSCP_5465,A549,10uM,6h,NA,NA,-0.20254958,NA,NA
Nevirapine,LINCSCP_118284,HT29,0.37uM,24h,4,NA,-0.20242624,NA,NA
BRD-K07627743,LINCSCP_312420,VCAP,3uM,24h,NA,NA,-0.20238444,NA,NA
BRD-K43792870,LINCSCP_60557,VCAP,5uM,24h,NA,NA,-0.20231093,0.22758286,NA
BRD-K68319707,LINCSCP_277959,PC3,10uM,24h,NA,NA,-0.20228238,NA,NA
Resorcinol Monoacetate,LINCSCP_19143,HCC515,10uM,6h,NA,NA,-0.20221746,NA,NA
BRD-K60631585,LINCSCP_48680,PC3,10uM,6h,NA,NA,-0.20221209,NA,NA
Tocainide,LINCSCP_26324,HT29,10uM,6h,4,NA,-0.20218304,NA,NA
Butamben,LINCSCP_47721,PC3,10uM,6h,4,NA,-0.20208567,NA,NA
SR-02000000238,LINCSCP_189543,A549,10uM,24h,NA,NA,-0.20204001,0.21336654,NA
BRD-K90234489,LINCSCP_48845,PC3,10uM,24h,NA,NA,-0.20203772,NA,NA
Rimantadine,LINCSCP_175117,YAPC,0.37uM,24h,NA,NA,-0.20191768,NA,NA
Rimantadine,LINCSCP_175117,YAPC,0.37uM,24h,4,NA,-0.20191768,NA,NA
SMR000798335,LINCSCP_267680,PC3,10uM,24h,NA,NA,-0.20191256,NA,NA
BRD-K48864121,LINCSCP_63092,VCAP,5uM,24h,NA,NA,-0.20187065,NA,NA
Glimepiride,LINCSCP_52748,SKB,10uM,24h,NA,NA,-0.20184554,NA,NA
Glimepiride,LINCSCP_52748,SKB,10uM,24h,4,NA,-0.20184554,NA,NA
Scoulerine,LINCSCP_282123,PHH,10uM,24h,NA,NA,-0.20184448,NA,NA
Phenylephrine,LINCSCP_175260,YAPC,0.12uM,24h,4,NA,-0.20179464,NA,NA
BRD-K34639619-001-01-1,LINCSCP_34011,MCF7,10uM,6h,NA,NA,-0.20175676,NA,NA
Pranlukast,LINCSCP_144523,MCF7,1.11uM,24h,NA,NA,-0.20171644,NA,NA
BRD-K71714567,LINCSCP_38085,MCF7,0.5uM,6h,NA,NA,-0.20164737,NA,NA
Bifemelane,LINCSCP_102214,HELA,10uM,24h,NA,NA,-0.20159451,NA,NA
MLS003153124,LINCSCP_45513,PC3,10uM,24h,NA,NA,-0.20155568,NA,-0.27532845
"MEK162 (ARRY-162, ARRY-438162)",LINCSCP_125211,HT29,0.04uM,24h,3,NA,-0.20155292,NA,NA
BRD-K80806019,LINCSCP_3416,A375,5uM,24h,NA,NA,-0.20147213,NA,NA
BRD-K62957477,LINCSCP_229411,HT29,5uM,24h,NA,NA,-0.20142737,NA,NA
vicriviroc,LINCSCP_42490,NPC,10uM,24h,NA,NA,-0.20139773,NA,NA
MLS002276507,LINCSCP_16116,HA1E,10uM,6h,NA,NA,-0.20126017,NA,NA
Alectinib,LINCSCP_134158,MCF7,3.33uM,24h,4,NA,-0.20125845,NA,NA
BRD-K21374126,LINCSCP_43106,NPC,10uM,24h,NA,NA,-0.20106887,NA,NA
Perindopril,LINCSCP_103853,HELA,10uM,24h,4,NA,-0.20104509,NA,NA
betaescin,LINCSCP_123337,HT29,10uM,24h,NA,NA,-0.2010421,NA,NA
Adenosine,LINCSCP_105207,HELA,10uM,24h,4,NA,-0.20097946,NA,NA
TRAMIPROSATE,LINCSCP_96573,HA1E,0.37uM,24h,3,NA,-0.20080996,NA,NA
CHEMBL3185697,LINCSCP_64751,VCAP,10uM,6h,NA,NA,-0.20071195,NA,NA
639090-55-4,LINCSCP_25900,HT29,10uM,24h,NA,NA,-0.20051781,NA,NA
Trioxsalen,LINCSCP_18592,HCC515,10uM,24h,4,NA,-0.20049294,NA,NA
Clozapine,LINCSCP_170625,YAPC,0.37uM,24h,4,NA,-0.20041455,NA,0.2286385
NCGC00025322-01,LINCSCP_14050,HA1E,10uM,24h,NA,NA,-0.20034843,NA,NA
BRD-K12973880,LINCSCP_312269,VCAP,10uM,24h,NA,NA,-0.20033342,NA,NA
Acivicin,LINCSCP_169649,YAPC,0.05uM,24h,NA,NA,-0.20032683,NA,NA
MBX-2982,LINCSCP_137627,MCF7,0.04uM,24h,NA,NA,-0.20031367,NA,NA
Zileuton,LINCSCP_4445,A549,100uM,24h,4,NA,-0.20015051,NA,NA
Pomalidomide,LINCSCP_137835,MCF7,0.37uM,24h,4,NA,-0.20013357,NA,NA
BRD-K89833083,LINCSCP_312232,VCAP,10uM,6h,NA,NA,-0.20012254,NA,NA
Nisoxetine,LINCSCP_99187,HA1E,10uM,24h,NA,NA,NA,0.36756137,NA
TPCA-1,LINCSCP_88275,HA1E,1.11uM,24h,NA,NA,NA,0.3615027,NA
Olaparib,LINCSCP_84446,ASC,10uM,24h,4,NA,NA,0.3380357,NA
CHEMBL1673039,LINCSCP_116858,HT29,0.37uM,24h,NA,NA,NA,0.33371697,NA
TL_HRAS24,LINCSCP_5335,A549,10uM,6h,NA,NA,NA,0.32143452,NA
Dasb,LINCSCP_41219,NEU,10uM,24h,NA,NA,NA,0.31958943,NA
Idelalisib,LINCSCP_70001,A375,10uM,24h,4,NA,NA,0.3194717,NA
GSK429286A,LINCSCP_112620,HEPG2,3.33uM,24h,NA,NA,NA,0.31926025,NA
Curcumin,LINCSCP_49426,PC3,0.1uM,6h,NA,NA,NA,0.3156138,NA
Raloxifene,LINCSCP_204005,ASC,10uM,24h,4,NA,NA,0.30765759,NA
Famotidine,LINCSCP_238822,MCF7,10uM,24h,4,NA,NA,0.30754188,NA
BRD-K63406313,LINCSCP_60479,VCAP,5uM,6h,NA,NA,NA,0.30621965,NA
Y-39983,LINCSCP_86135,BT20,0.04uM,24h,1,NA,NA,0.30333469,NA
CAY10618,LINCSCP_40136,NCIH2073,10uM,6h,NA,NA,NA,0.30266241,NA
Latrepirdine,LINCSCP_31274,MCF7,10uM,6h,3,NA,NA,0.29953749,NA
CGK733,LINCSCP_87179,CD34,3.33uM,24h,NA,NA,NA,0.29920679,NA
"N-(2,3-Dimethylphenyl)bicyclo[2.2.1]heptane-2-carboxamide",LINCSCP_31324,MCF7,10uM,24h,NA,NA,NA,0.29900389,NA
MLS001065825,LINCSCP_1199,A375,10uM,24h,NA,NA,NA,0.29497276,NA
1166227-08-2,LINCSCP_88294,HA1E,3.33uM,24h,NA,NA,NA,0.2945996,NA
ST070885,LINCSCP_58562,VCAP,10uM,24h,NA,NA,NA,0.29398936,NA
Doramapimod,LINCSCP_88478,HA1E,0.04uM,24h,2,NA,NA,0.29305048,NA
LDN 193189,LINCSCP_150872,PC3,3.33uM,24h,NA,NA,NA,0.29116736,NA
BRD-K03113036-001-01-9,LINCSCP_63329,VCAP,5uM,24h,NA,NA,NA,0.29105846,NA
SCHEMBL1675329,LINCSCP_1628,A375,10uM,6h,NA,NA,NA,0.29052488,NA
Lavendustin A,LINCSCP_33734,MCF7,10uM,6h,NA,NA,NA,0.29049914,NA
MLS002264432,LINCSCP_19965,HCC515,10uM,6h,NA,NA,NA,0.28828631,NA
CHEMBL1242477,LINCSCP_35672,MCF7,0.1uM,24h,NA,NA,NA,0.28783582,NA
Resveratrol,LINCSCP_70295,A375,1.11uM,24h,NA,NA,NA,0.28742011,NA
SMR000651464,LINCSCP_210646,HA1E,10uM,6h,NA,NA,NA,0.2869553,NA
Selumetinib,LINCSCP_38872,MCF7,0.5uM,6h,3,NA,NA,0.28607847,NA
BRD-K00541818,LINCSCP_106107,HELA,10uM,24h,NA,NA,NA,0.28605535,NA
CYTO7H11,LINCSCP_19453,HCC515,10uM,6h,NA,NA,NA,0.28499817,NA
atorvastatin,LINCSCP_23536,HEPG2,3uM,24h,NA,NA,NA,0.28478785,NA
"(3S,11bs)-Tetrabenazine",LINCSCP_111040,HELA,0.37uM,24h,NA,NA,NA,0.28450924,NA
BRD-K58191509,LINCSCP_33886,MCF7,10uM,24h,NA,NA,NA,0.28440836,NA
AC1Q6JJ5,LINCSCP_43716,OV7,0.1uM,6h,NA,NA,NA,0.28429197,NA
NCGC00346967-01,LINCSCP_84738,ASC,1.11uM,24h,NA,NA,NA,0.28420431,NA
Tamatinib,LINCSCP_29716,MCF10A,0.5uM,6h,2,NA,NA,0.28389615,NA
AS-605240,LINCSCP_24518,HS578T,1uM,6h,NA,NA,NA,0.28368423,NA
"1-(1,3-Benzodioxol-5-ylcarbonyl)piperidine",LINCSCP_152730,PC3,0.04uM,24h,NA,NA,NA,0.2827889,NA
"6-(7-Hydroxy-6,7-dihydro-5H-pyrrolo[1,2-c]imidazol-7-yl)-n-methyl-2-naphthamide",LINCSCP_30406,MCF7,40uM,24h,NA,NA,NA,0.28266861,NA
Motesanib,LINCSCP_24650,HS578T,10uM,6h,3,NA,NA,0.28015879,NA
BRD-K16539011,LINCSCP_3330,A375,5uM,24h,NA,NA,NA,0.27963003,NA
MLS001203652,LINCSCP_242452,MCF7,10uM,24h,NA,NA,NA,0.27957226,NA
Veliparib,LINCSCP_117217,HT29,0.12uM,24h,NA,NA,NA,0.27935425,NA
SGX-523,LINCSCP_36895,MCF7,0.1uM,6h,1,NA,NA,0.27898587,NA
CHEMBL567331,LINCSCP_1608,A375,10uM,6h,NA,NA,NA,0.27885622,NA
BRD-K33868913,LINCSCP_183008,A375,5uM,24h,NA,NA,NA,0.27877029,NA
MLS002232309,LINCSCP_29519,MCF10A,0.5uM,24h,NA,NA,NA,0.27862346,NA
CX-5461,LINCSCP_165844,SKL,10uM,24h,NA,NA,NA,0.27824359,NA
MLS003128853,LINCSCP_64460,VCAP,5uM,6h,NA,NA,NA,0.27823846,NA
"13-Methyl-7-[9-(4,4,5,5,5-pentafluoropentylsulfinyl)nonyl]-6,7,8,9,11,12,14,15,16,17-decahydrocyclopenta[a]phenanthrene-3,17-diol",LINCSCP_68811,VCAP,10uM,6h,NA,NA,NA,0.27808879,NA
MAYBRIDGE4_003950,LINCSCP_296131,VCAP,10uM,24h,NA,NA,NA,0.27797256,NA
BRD-K33936059,LINCSCP_310006,VCAP,10uM,24h,NA,NA,NA,0.27790836,NA
MLS006011051,LINCSCP_83877,ASC.C,0.04uM,24h,NA,NA,NA,0.27712306,NA
BRD-K61359353,LINCSCP_59686,VCAP,5uM,24h,NA,NA,NA,0.27681549,NA
Cerulenin,LINCSCP_54250,SW620,40uM,6h,NA,NA,NA,0.27676821,NA
"5-{[3-(Dimethylamino)propyl]amino}-2-(2-fluorophenyl)-1,3-oxazole-4-carbonitrile",LINCSCP_294821,VCAP,10uM,24h,NA,NA,NA,0.2766687,NA
MLS-0258268.0001,LINCSCP_15711,HA1E,10uM,24h,NA,NA,NA,0.27611766,NA
Rucaparib,LINCSCP_13594,H1299,10uM,6h,4,NA,NA,0.27591413,NA
RO10-5824,LINCSCP_241405,MCF7,10uM,6h,NA,NA,NA,0.27551936,NA
Tyrphostin AG-1478,LINCSCP_116979,HT29,1.11uM,24h,NA,NA,NA,0.27547793,NA
PD-0325901,LINCSCP_85045,ASC,3.33uM,24h,2,NA,NA,0.27485944,NA
SCHEMBL17378613,LINCSCP_165401,SKL,3.33uM,24h,NA,NA,NA,0.27471333,NA
SKF96365,LINCSCP_56508,VCAP,10uM,6h,NA,NA,NA,0.2745057,NA
PLX-4720,LINCSCP_130647,MCF10A,0.12uM,24h,NA,NA,NA,0.27417237,NA
BRL50481,LINCSCP_33256,MCF7,10uM,6h,NA,NA,NA,0.27367757,NA
MLS003448149,LINCSCP_13518,H1299,10uM,6h,NA,NA,NA,0.27346252,NA
HSCI1_000314,LINCSCP_43769,OV7,80uM,6h,NA,NA,NA,0.27320931,NA
"(1Ar,7as,10as,10br)-1a,5-Dimethyl-8-methylidene-2,3,6,7,7a,8,10a,10b-octahydrooxireno[9,10]cyclodeca[1,2-b]furan-9(1ah)-one",LINCSCP_54047,SW480,20uM,6h,NA,NA,NA,0.27299419,NA
Naloxone,LINCSCP_243793,MCF7,10uM,6h,4,NA,NA,0.27285135,NA
"4H-1-Benzopyran-4-one, 5,6,7-trimethoxy-3-(2-methoxyphenyl)-",LINCSCP_7095,A549,10uM,24h,NA,NA,NA,0.27245501,NA
Diazepam,LINCSCP_134955,MCF7,10uM,24h,4,NA,NA,0.27236784000000003,NA
ZD-7288,LINCSCP_204613,ASC,10uM,24h,NA,NA,NA,0.27221132,NA
Devazepide,LINCSCP_40982,NEU,10uM,24h,NA,NA,NA,0.27161867,NA
Tivozanib,LINCSCP_116893,HT29,10uM,24h,3,NA,NA,0.27157978,NA
BRD-K37249103,LINCSCP_185090,A375,5uM,24h,NA,NA,NA,0.27147507,NA
Balicatib,LINCSCP_154143,PC3,0.37uM,24h,2,NA,NA,0.27098127,NA
BRD-K34466966,LINCSCP_34977,MCF7,5uM,24h,NA,NA,NA,0.27087426,NA
Loperamide,LINCSCP_51175,RMUGS,10uM,6h,4,NA,NA,0.27005632,NA
F3098-7034,LINCSCP_281280,PHH,10uM,24h,NA,NA,NA,0.26953722,NA
Tetrabromobenzotriazole,LINCSCP_33281,MCF7,10uM,6h,NA,NA,NA,0.26926991,NA
SB590885,LINCSCP_24231,HS578T,0.1uM,24h,NA,NA,NA,0.26786608,NA
Triciribine,LINCSCP_7736,A549,10uM,6h,NA,NA,NA,0.2667729,NA
SCHEMBL618594,LINCSCP_84393,ASC,0.37uM,24h,NA,NA,NA,0.26561982,NA
Tretinoin,LINCSCP_64591,VCAP,1uM,6h,4,NA,NA,0.26560485,NA
JNJ-38877605,LINCSCP_24675,HS578T,0.5uM,24h,1,NA,NA,0.26376886,NA
Vorinostat,LINCSCP_117349,HT29,1.11uM,24h,4,NA,NA,0.263711,NA
Isoolomoucine,LINCSCP_15093,HA1E,10uM,24h,NA,NA,NA,0.26349593,NA
PHA-793887,LINCSCP_163937,SKBR3,0.37uM,3h,1,NA,NA,0.26240689,0.31778929
GSK-1904529A,LINCSCP_222615,HS578T,1uM,24h,NA,NA,NA,0.26218817,NA
Thioridazine,LINCSCP_19477,HCC515,10uM,6h,4,NA,NA,0.26216291,NA
Emend,LINCSCP_2319,A375,10uM,6h,NA,NA,NA,0.26211859,NA
ACON1_001667,LINCSCP_20191,HCC515,10uM,6h,NA,NA,NA,0.26183578,NA
Vandetanib,LINCSCP_112241,HEPG2,10uM,24h,4,NA,NA,0.26108535,NA
ZINC77024257,LINCSCP_251826,MCF7,10uM,24h,NA,NA,NA,0.26105739,NA
Practolol,LINCSCP_56488,VCAP,10uM,6h,4,NA,NA,0.26096386,NA
BRD-K35510956,LINCSCP_63593,VCAP,5uM,6h,NA,NA,NA,0.26078785,NA
17952-87-3,LINCSCP_31609,MCF7,10uM,24h,NA,NA,NA,0.25981905,NA
BRD-K77970970,LINCSCP_61913,VCAP,5uM,6h,NA,NA,NA,0.25980704,NA
Colforsin,LINCSCP_72645,A375,3.33uM,24h,NA,NA,NA,0.25966086,NA
PDK1 Inhibitor,LINCSCP_24255,HS578T,10uM,24h,NA,NA,NA,0.2595239,NA
CHEMBL2133358,LINCSCP_268334,PC3,10uM,6h,NA,NA,NA,0.25939151,NA
4-((4-Chlorophenyl)amino)-1-methyl-3-nitroquinolin-2(1H)-one,LINCSCP_190639,A549,10uM,24h,NA,NA,NA,0.25935485,NA
BRD-K80457386,LINCSCP_3282,A375,5uM,24h,NA,NA,NA,0.25925596,NA
AC1O9I2Y,LINCSCP_216950,HCC515,10uM,6h,NA,NA,NA,0.25920601,NA
PF-562271,LINCSCP_131600,MCF10A,1.11uM,3h,1,NA,NA,0.25917399,NA
Daminozide,LINCSCP_146974,NEU,0.04uM,24h,NA,NA,NA,0.25915781,NA
SCHEMBL14823984,LINCSCP_45512,PC3,10uM,24h,NA,NA,NA,0.25898663,NA
MLS000106835,LINCSCP_216906,HCC515,10uM,6h,NA,NA,NA,0.25894833,NA
SCHEMBL6874948,LINCSCP_24339,HS578T,0.1uM,24h,NA,NA,NA,0.25881541,NA
PF750,LINCSCP_51227,RMUGS,80uM,6h,NA,NA,NA,0.25871267,NA
BG-1025,LINCSCP_13353,FIBRNPC,10uM,6h,NA,NA,NA,0.25870615,NA
D-64131,LINCSCP_50441,PHH,3uM,6h,NA,NA,NA,0.25823112,NA
Marimastat,LINCSCP_72201,A375,0.04uM,24h,3,NA,NA,0.25756624,NA
Amthamine,LINCSCP_50213,PHH,10uM,24h,NA,NA,NA,0.25746409,NA
Trifluoperazine,LINCSCP_19426,HCC515,10uM,24h,4,NA,NA,0.25738061,NA
Desloratadine,LINCSCP_58285,VCAP,10uM,6h,4,NA,NA,0.25732994,NA
Deoxy Cholate,LINCSCP_13174,FIBRNPC,10uM,24h,NA,NA,NA,0.25725793,NA
N-{3-[2-(4-Methyl-pyridin-2-ylamino)-thiazol-4-yl]-phenyl}-acetamide,LINCSCP_34754,MCF7,20uM,6h,NA,NA,NA,0.25711328,NA
NBI 27914,LINCSCP_33227,MCF7,10uM,6h,NA,NA,NA,0.25694281,NA
BRD-K76915833,LINCSCP_35048,MCF7,5uM,24h,NA,NA,NA,0.25685134,NA
BRD-A35207501,LINCSCP_222213,HL60,3uM,6h,NA,NA,NA,0.25682807,NA
BML-286,LINCSCP_41511,NEU,10uM,6h,NA,NA,NA,0.25664816,NA
Luzindole,LINCSCP_282137,PHH,10uM,24h,NA,NA,NA,0.25661158,NA
CHEMDIV3_004193,LINCSCP_58603,VCAP,10uM,24h,NA,NA,NA,0.25648112,NA
Palovarotene,LINCSCP_173673,YAPC,0.12uM,24h,2,NA,NA,0.25643362,NA
Tiagabine,LINCSCP_16204,HA1E,10uM,6h,4,NA,NA,0.25630824,NA
GR 159897,LINCSCP_18277,HCC515,10uM,24h,NA,NA,NA,0.25603882,NA
Skiii,LINCSCP_17672,HCC15,40uM,6h,NA,NA,NA,0.25593356,NA
Allitinib,LINCSCP_83129,ASC.C,3.33uM,24h,NA,NA,NA,0.25542463,NA
Etomoxir,LINCSCP_29335,LOVO,90uM,6h,NA,NA,NA,0.25534175,NA
PD-173074,LINCSCP_24641,HS578T,0.5uM,6h,NA,NA,NA,0.25534047,NA
Capsaicin,LINCSCP_4770,A549,100uM,6h,4,NA,NA,0.25521924,NA
ML100,LINCSCP_10661,AGS,10uM,6h,NA,NA,NA,0.25520005,0.22948467
SCHEMBL17498001,LINCSCP_187028,A375,0.5uM,6h,NA,NA,NA,0.25509385,NA
GSK 525762A,LINCSCP_70203,A375,10uM,24h,NA,NA,NA,0.25500387,NA
BRD-K41115759,LINCSCP_48394,PC3,5uM,24h,NA,NA,NA,0.25499802,NA
SCHEMBL16980381,LINCSCP_23496,HEPG2,3uM,24h,NA,NA,NA,0.25488694,NA
Lu AE58054 (Hydrochloride),LINCSCP_175232,YAPC,10uM,24h,3,NA,NA,0.25436933,NA
CHEMBL3185054,LINCSCP_20319,HCC515,10uM,6h,NA,NA,NA,0.25432316,NA
ST51005413,LINCSCP_287150,SNUC4,10uM,6h,NA,NA,NA,0.25410555,NA
Metolazone,LINCSCP_50153,PHH,10uM,24h,4,NA,NA,0.2540611,NA
XMD 8-92,LINCSCP_39428,MDAMB231,1uM,24h,NA,NA,NA,0.25404913,NA
SPECTRUM_000826,LINCSCP_240741,MCF7,10uM,6h,NA,NA,NA,0.25386053,NA
BRD-K13346599,LINCSCP_64364,VCAP,5uM,6h,NA,NA,NA,0.25351874,NA
SCHEMBL3958507,LINCSCP_130087,LNCAP,3.33uM,3h,NA,NA,NA,0.25350817,NA
TWS 119,LINCSCP_24836,HS578T,0.1uM,24h,NA,NA,NA,0.25319332,NA
Methixene,LINCSCP_71898,A375,3.33uM,24h,4,NA,NA,0.25308612,NA
CHEMBL3186688,LINCSCP_19745,HCC515,10uM,6h,NA,NA,NA,0.2530597,NA
Wortmannin,LINCSCP_66672,A549,1uM,24h,NA,NA,NA,0.25282336,NA
AC1N6AX4,LINCSCP_2661,A375,10uM,6h,NA,NA,NA,0.2527448,NA
GSK-3 Inhibitor II,LINCSCP_151747,PC3,1.11uM,24h,NA,NA,NA,0.25270088,NA
Ambroxol,LINCSCP_94005,HA1E,0.37uM,24h,3,NA,NA,0.25264173,NA
Lidoflazine,LINCSCP_140407,MCF7,1.11uM,24h,4,NA,NA,0.25195521,NA
"Cyclohexanecarboxamide, 4-(1-aminoethyl)-n-4-pyridinyl-, trans-",LINCSCP_36855,MCF7,10uM,6h,NA,NA,NA,0.2516552,NA
Pazopanib,LINCSCP_12339,BT20,0.1uM,6h,4,NA,NA,0.25157649,NA
SU-4312,LINCSCP_179746,A375,10uM,6h,NA,NA,NA,0.25079556,NA
MLS003129496,LINCSCP_60663,VCAP,5uM,6h,NA,NA,NA,0.25076077,NA
Quiflapon,LINCSCP_57124,VCAP,80uM,6h,NA,NA,NA,0.25062512,NA
BSPBIO_001473,LINCSCP_13927,HA1E,10uM,6h,NA,NA,NA,0.25030843,NA
BRD-K63628486,LINCSCP_28092,HT29,5uM,24h,NA,NA,NA,0.25013521,NA
VILAZODONE HYDROCHLORIDE,LINCSCP_123117,HT29,10uM,24h,4,NA,NA,0.250109,NA
Fludarabine,LINCSCP_243000,MCF7,10uM,24h,NA,NA,NA,0.25008175,NA
BRD-K98259048,LINCSCP_62425,VCAP,5uM,6h,NA,NA,NA,0.24971514,NA
Mibefradil,LINCSCP_64873,VCAP,0.5uM,24h,4,NA,NA,0.24956081,NA
BRD-K80313395,LINCSCP_64116,VCAP,5uM,6h,NA,NA,NA,0.24951339,NA
BRD-K22828860,LINCSCP_49848,PHH,10uM,24h,NA,NA,NA,0.24943474,NA
Tranylcypromine,LINCSCP_133911,MCF7,0.12uM,24h,NA,NA,NA,0.24932161,NA
Taselisib,LINCSCP_172776,YAPC,0.04uM,24h,3,NA,NA,0.24924124,NA
Fedratinib,LINCSCP_85333,BT20,3.33uM,24h,3,NA,NA,0.24923686,NA
CHEMBL2358056,LINCSCP_63177,VCAP,5uM,6h,NA,NA,NA,0.24910955,NA
BRD-K37184875,LINCSCP_28077,HT29,5uM,24h,NA,NA,NA,0.24893092,NA
ICI-89406,LINCSCP_227065,HT29,10uM,6h,NA,NA,NA,0.24886353,NA
CID-2858522,LINCSCP_39778,MDST8,10uM,6h,NA,NA,NA,0.2487255,NA
"3,5-Bis(4-methylbenzylidene)piperidin-4-one",LINCSCP_50208,PHH,10uM,24h,NA,NA,NA,0.2486931,NA
"3,5-Bis(4-methylbenzylidene)piperidin-4-one",LINCSCP_50208,PHH,10uM,24h,NA,NA,NA,0.2486931,NA
MLN-8054,LINCSCP_24396,HS578T,0.5uM,24h,1,NA,NA,0.24848197,NA
Ribavirin,LINCSCP_176150,YAPC,3.33uM,24h,NA,NA,NA,0.24843059,NA
Ribavirin,LINCSCP_176150,YAPC,3.33uM,24h,4,NA,NA,0.24843059,NA
Sunitinib,LINCSCP_128495,HUVEC,3.33uM,24h,NA,NA,NA,0.24839417,NA
Sunitinib,LINCSCP_128495,HUVEC,3.33uM,24h,4,NA,NA,0.24839417,NA
SU 11274,LINCSCP_163331,SKBR3,10uM,3h,NA,NA,NA,0.24819347,NA
Mupirocin,LINCSCP_212150,HA1E,10uM,6h,4,NA,NA,0.24809964,NA
BRD-K89833083,LINCSCP_310698,VCAP,10uM,6h,NA,NA,NA,0.24797291,NA
Rifabutin,LINCSCP_104129,HELA,10uM,24h,NA,NA,NA,0.24767129,NA
Rifabutin,LINCSCP_104129,HELA,10uM,24h,4,NA,NA,0.24767129,NA
LRRK2-IN-1,LINCSCP_113296,HME1,3.33uM,24h,NA,NA,NA,0.24736072,NA
BRD-K72516992,LINCSCP_59915,VCAP,5uM,24h,NA,NA,NA,0.24697629,NA
BRD-K93738295,LINCSCP_181721,A375,5uM,24h,NA,NA,NA,0.2469492,NA
BRD-K00199686,LINCSCP_109392,HELA,0.37uM,24h,NA,NA,NA,0.24685371,NA
BRD-K46709181,LINCSCP_3268,A375,5uM,24h,NA,NA,NA,0.24683336,NA
NU-7441,LINCSCP_39144,MDAMB231,10uM,6h,NA,NA,NA,0.24674166,NA
CGP 57380,LINCSCP_52505,SKB,10uM,24h,NA,NA,NA,0.24669405,NA
BRD-K05684908,LINCSCP_33816,MCF7,10uM,24h,NA,NA,NA,0.24662092,NA
Amodiaquine,LINCSCP_73677,A375,10uM,24h,4,NA,NA,0.24659485,NA
AZD 1480,LINCSCP_166213,SKL,0.37uM,24h,NA,NA,NA,0.24655041,NA
BRD-K15502712,LINCSCP_297551,VCAP,5uM,6h,NA,NA,NA,0.24650811,NA
Perindopril,LINCSCP_14791,HA1E,10uM,24h,4,NA,NA,0.24649331,0.22941017
RU-24969,LINCSCP_241982,MCF7,10uM,24h,NA,NA,NA,0.24638326,NA
CHEMBL1270704,LINCSCP_57419,VCAP,10uM,6h,NA,NA,NA,0.24635661,NA
BRD-K66598898,LINCSCP_59502,VCAP,10uM,24h,NA,NA,NA,0.24630817,NA
Tivantinib,LINCSCP_24713,HS578T,0.1uM,24h,3,NA,NA,0.24627958,NA
Phenothiazine,LINCSCP_291735,VCAP,10uM,6h,NA,NA,NA,0.24625251,NA
FR-180204,LINCSCP_117121,HT29,10uM,24h,NA,NA,NA,0.24624542,NA
MLS002699429,LINCSCP_56874,VCAP,40uM,24h,NA,NA,NA,0.24618382,NA
CHEMBL1374544,LINCSCP_57669,VCAP,10uM,6h,NA,NA,NA,0.24616451,NA
Nimesulide,LINCSCP_33238,MCF7,10uM,6h,4,NA,NA,0.24596231,NA
WH-4-025,LINCSCP_81325,A549,0.37uM,24h,NA,NA,NA,0.2459251,NA
MLS003337120,LINCSCP_292675,VCAP,10uM,6h,NA,NA,NA,0.24590535,NA
CDK9 Inhibitor,LINCSCP_86718,CD34,0.12uM,24h,NA,NA,NA,0.24584838,NA
BRD-K33676730,LINCSCP_49854,PHH,10uM,24h,NA,NA,NA,0.24582831,NA
Dihydrorobustic acid,LINCSCP_56078,VCAP,10uM,24h,NA,NA,NA,0.2457063,0.20508228
VE-821,LINCSCP_100764,HCC515,0.12uM,24h,NA,NA,NA,0.24557676,NA
Metoprolol,LINCSCP_13969,HA1E,10uM,24h,4,NA,NA,0.24534433,NA
BRD-K03194608,LINCSCP_65120,VCAP,10uM,6h,NA,NA,NA,0.24528277,NA
"Tropanyl-3,5-dimethylbenzoate",LINCSCP_258628,NEU,10uM,24h,NA,NA,NA,0.24517943,NA
Morphothebaine,LINCSCP_18401,HCC515,10uM,6h,NA,NA,NA,0.24494188,NA
BRD-K92023938,LINCSCP_304385,VCAP,5uM,6h,NA,NA,NA,0.2449105,NA
MLS003126538,LINCSCP_5331,A549,10uM,6h,NA,NA,NA,0.24474118,NA
BRD-K82083906,LINCSCP_61722,VCAP,5uM,6h,NA,NA,NA,0.24468787,NA
BRD-K14328427,LINCSCP_239875,MCF7,10uM,24h,NA,NA,NA,0.24466147,NA
BRD-K89953543,LINCSCP_307163,VCAP,5uM,6h,NA,NA,NA,0.24450497,NA
MLS002703076,LINCSCP_16305,HA1E,10uM,6h,NA,NA,NA,0.24446902,NA
CHEMBL586058,LINCSCP_50207,PHH,10uM,24h,NA,NA,NA,0.24441836,NA
SCHEMBL12636892,LINCSCP_289177,VCAP,10uM,24h,NA,NA,NA,0.24433196,NA
KW-2449,LINCSCP_113801,HME1,0.12uM,24h,1,NA,NA,0.24432967,NA
92953-43-0,LINCSCP_56665,VCAP,10uM,24h,NA,NA,NA,0.24425762,NA
Rofecoxib,LINCSCP_26822,HT29,10uM,6h,4,NA,NA,0.24424296,NA
AZD-1152-HQPA,LINCSCP_24350,HS578T,0.1uM,24h,NA,NA,NA,0.24421117,NA
3-(4-Pyridyl)indole,LINCSCP_21668,HEPG2,10uM,6h,NA,NA,NA,0.2440308,NA
STK009254,LINCSCP_56392,VCAP,10uM,24h,NA,NA,NA,0.24403044,NA
Mephentermine,LINCSCP_101808,HELA,1.11uM,24h,4,NA,NA,0.24369236,NA
Sertaconazole,LINCSCP_175898,YAPC,10uM,24h,4,NA,NA,0.2436817,NA
BRD-K72343629,LINCSCP_259059,NEU,10uM,24h,NA,NA,NA,0.24352358,NA
AP26113,LINCSCP_105830,HELA,0.04uM,24h,NA,NA,NA,0.24352178,NA
CHEMBL1966597,LINCSCP_16792,HA1E,10uM,6h,NA,NA,NA,0.24345283,NA
BRD-K73674426-001-01-3,LINCSCP_228816,HT29,5uM,24h,NA,NA,NA,0.24337295,NA
RS-23597-190,LINCSCP_623,A375,100uM,24h,NA,NA,NA,0.24334161,NA
AC1M52QF,LINCSCP_53806,SNUC4,10uM,6h,NA,NA,NA,0.24330018,NA
TORIN1,LINCSCP_132868,MCF7,0.04uM,24h,NA,NA,NA,0.2432987,NA
Scopolamine hydrochloride,LINCSCP_179827,A375,10uM,6h,NA,NA,NA,0.24322913,NA
BCPP000194,LINCSCP_117911,HT29,1.11uM,24h,NA,NA,NA,0.24312898,NA
AZD-6482,LINCSCP_2389,A375,10uM,6h,1,NA,NA,0.24311354,NA
Dabrafenib,LINCSCP_87363,CD34,0.12uM,24h,4,NA,NA,0.24310497,NA
sunitinib,LINCSCP_6520,A549,10uM,24h,NA,NA,NA,0.24308262,NA
BRD-K44801029,LINCSCP_62154,VCAP,5uM,24h,NA,NA,NA,0.24296042,NA
L-Cis-Diltiazem,LINCSCP_282169,PHH,10uM,24h,NA,NA,NA,0.24284597,NA
JNK-IN-2,LINCSCP_51883,SKBR3,0.1uM,24h,NA,NA,NA,0.24275502,NA
BRD-K17339982,LINCSCP_60005,VCAP,5uM,24h,NA,NA,NA,0.24271086,NA
Zoxazolamine,LINCSCP_240702,MCF7,10uM,24h,NA,NA,NA,0.24259886,NA
CHEMBL1950303,LINCSCP_100953,HCC515,0.37uM,24h,NA,NA,NA,0.24253637,NA
Lamivudine,LINCSCP_294053,VCAP,10uM,6h,4,NA,NA,0.24245257,NA
CHEMBL3184881,LINCSCP_60024,VCAP,5uM,24h,NA,NA,NA,0.2423856,NA
Maribavir,LINCSCP_105937,HELA,0.12uM,24h,3,NA,NA,0.24234298,NA
Metanephrine,LINCSCP_199,A375,10uM,24h,NA,NA,NA,0.24223443,NA
BRD-K99958302,LINCSCP_64462,VCAP,5uM,6h,NA,NA,NA,0.24223258,NA
Phtpp,LINCSCP_33413,MCF7,10uM,24h,NA,NA,NA,0.24221234,NA
CHEMBL300226,LINCSCP_41257,NEU,10uM,6h,NA,NA,NA,0.24180642,NA
Ethamivan,LINCSCP_33005,MCF7,10uM,6h,4,NA,NA,0.24178471,NA
CHEMBL1719251,LINCSCP_16066,HA1E,10uM,6h,NA,NA,NA,0.24172559,NA
GANT58,LINCSCP_767,A375,10uM,24h,NA,NA,NA,0.24165683,NA
ML-4-054,LINCSCP_179082,A375,10uM,6h,NA,NA,NA,0.24153997,NA
AZ20,LINCSCP_165919,SKL,0.37uM,24h,NA,NA,NA,0.24150576,NA
SPOX1_000836,LINCSCP_10792,ASC,10uM,24h,NA,NA,NA,0.24135884,NA
AZD-5438,LINCSCP_86003,BT20,0.04uM,24h,1,NA,NA,0.24126958,NA
Tazarotene,LINCSCP_174757,YAPC,1.11uM,24h,4,NA,NA,0.24117212,NA
Dasatinib,LINCSCP_116207,HT29,1.11uM,24h,4,NA,NA,0.24107506,NA
9-Epiquinine,LINCSCP_127247,HT29,3.33uM,24h,NA,NA,NA,0.24100599,NA
Benperidol,LINCSCP_241404,MCF7,10uM,6h,NA,NA,NA,0.24097743,NA
3-Aminomethylbutanoic acid,LINCSCP_50154,PHH,10uM,24h,NA,NA,NA,0.24089073,NA
AKT Inhibitor VIII,LINCSCP_635,A375,10uM,24h,NA,NA,NA,0.24079114,NA
PCI-34051,LINCSCP_35423,MCF7,0.1uM,24h,NA,NA,NA,0.24075032,NA
BRD-K82814298,LINCSCP_62053,VCAP,5uM,24h,NA,NA,NA,0.24062747,NA
SUGA1_008424,LINCSCP_42269,NPC,10uM,24h,NA,NA,NA,0.2405737,NA
BRD-K96989541,LINCSCP_61305,VCAP,5uM,24h,NA,NA,NA,0.24038316,NA
BRD-M23876883,LINCSCP_308591,VCAP,5uM,6h,NA,NA,NA,0.24038071,NA
STK064652,LINCSCP_564,A375,10uM,24h,NA,NA,NA,0.24032914,NA
Dihomo-Gamma-Linolenic acid,LINCSCP_483,A375,10uM,6h,NA,NA,NA,0.24018595,NA
BRD-K64609558,LINCSCP_65107,VCAP,10uM,24h,NA,NA,NA,0.24011289,NA
levopropoxyphene,LINCSCP_134947,MCF7,0.12uM,24h,NA,NA,NA,0.23995859,NA
BRD-K22721982,LINCSCP_60360,VCAP,5uM,24h,NA,NA,NA,0.23976553,NA
CHEMBL2358078,LINCSCP_61577,VCAP,5uM,24h,NA,NA,NA,0.23972926,NA
BRD-K21549522,LINCSCP_301828,VCAP,5uM,6h,NA,NA,NA,0.23950238,NA
Troglitazone,LINCSCP_64467,VCAP,5uM,24h,4,NA,NA,0.23941527,NA
Dalcetrapib,LINCSCP_4500,A549,80uM,24h,3,NA,NA,0.23927408,NA
Dexfenfluramine,LINCSCP_106344,HELA,0.12uM,24h,4,NA,NA,0.23923991,NA
BRD-K85642378,LINCSCP_312562,VCAP,3uM,24h,NA,NA,NA,0.23904453,NA
"3,6-Dimethyl-9-[6-(oxiran-2-yl)-6-oxohexyl]decahydropyrrolo[1,2-a][1,4,7,10]tetraazacyclododecine-1,4,7,10-tetrone",LINCSCP_22472,HEPG2,10uM,6h,NA,NA,NA,0.23900594,NA
525-72-4,LINCSCP_259419,NEU,10uM,24h,NA,NA,NA,0.23881355,NA
MLS002264411,LINCSCP_5462,A549,10uM,6h,NA,NA,NA,0.23854528,NA
BRD-K45758869-001-01-3,LINCSCP_16969,HA1E,10uM,6h,NA,NA,NA,0.23847241,NA
MLS003126519,LINCSCP_5306,A549,10uM,6h,NA,NA,NA,0.23832744,NA
SCHEMBL570779,LINCSCP_162910,SKBR3,0.12uM,24h,NA,NA,NA,0.23824108,NA
Zileuton,LINCSCP_30429,MCF7,100uM,24h,4,NA,NA,0.23817547,NA
Broad-Sai-370,LINCSCP_35419,MCF7,0.1uM,24h,NA,NA,NA,0.23792401,NA
T5766237,LINCSCP_178470,A375,10uM,6h,NA,NA,NA,0.23790739,NA
BRD-K98988337,LINCSCP_59944,VCAP,5uM,24h,NA,NA,NA,0.2379065,NA
Dmocp,LINCSCP_259731,NEU,10uM,6h,NA,NA,NA,0.23780897,NA
BRD-K09929560,LINCSCP_61551,VCAP,5uM,24h,NA,NA,NA,0.23773344,NA
BRD-K93896332,LINCSCP_63198,VCAP,5uM,6h,NA,NA,NA,0.23771552,NA
GSK-461364,LINCSCP_176024,YAPC,3.33uM,24h,1,NA,NA,0.23765564,NA
Fluocinolone Acetonide,LINCSCP_228049,HT29,10uM,6h,4,NA,NA,0.23745015,NA
KUC104491N,LINCSCP_45597,PC3,10uM,6h,NA,NA,NA,0.23727149,NA
N-Benzyl-2-chloroquinazolin-4-amine,LINCSCP_16258,HA1E,10uM,6h,NA,NA,NA,0.23719516,NA
MLS000778276,LINCSCP_16809,HA1E,10uM,6h,NA,NA,NA,0.23710268,NA
CHEMBL2357432,LINCSCP_37865,MCF7,10uM,24h,NA,NA,NA,0.23688822,NA
NCGC00170564-01,LINCSCP_46364,PC3,10uM,6h,NA,NA,NA,0.23668019,NA
GSK-3 Inhibitor IX,LINCSCP_113359,HME1,0.12uM,3h,NA,NA,NA,0.23663723,NA
SCHEMBL2592382,LINCSCP_15984,HA1E,10uM,6h,NA,NA,NA,0.2365408,NA
Trimipramine,LINCSCP_167396,YAPC,10uM,24h,4,NA,NA,0.23641402,NA
BRD-K00061590,LINCSCP_60829,VCAP,5uM,24h,NA,NA,NA,0.236358,NA
MLS003129576,LINCSCP_60527,VCAP,5uM,24h,NA,NA,NA,0.23630237,NA
Fluphenazine,LINCSCP_223923,HT29,10uM,6h,4,NA,NA,0.23604413,NA
CHEMBL2144559,LINCSCP_62409,VCAP,5uM,6h,NA,NA,NA,0.23572918,NA
AC1NWAJL,LINCSCP_14835,HA1E,10uM,6h,NA,NA,NA,0.23570804,NA
BRD-K47214596,LINCSCP_61886,VCAP,5uM,6h,NA,NA,NA,0.23566832,NA
Hbdde,LINCSCP_32710,MCF7,10uM,6h,NA,NA,NA,0.23561659,NA
KU-55933,LINCSCP_11933,BT20,1uM,6h,NA,NA,NA,0.23542354,NA
Tetrahydrobiopterin,LINCSCP_34117,MCF7,10uM,24h,NA,NA,NA,0.23539474,NA
BRD-K74428993,LINCSCP_63837,VCAP,5uM,6h,NA,NA,NA,0.23537089,NA
BRD-K99303177,LINCSCP_239990,MCF7,10uM,24h,NA,NA,NA,0.23528579,NA
CHEMBL1208118,LINCSCP_33025,MCF7,10uM,6h,NA,NA,NA,0.23523336,NA
MLS001065868,LINCSCP_25980,HT29,10uM,24h,NA,NA,NA,0.23521968,NA
Quizartinib,LINCSCP_86796,CD34,0.12uM,24h,3,NA,NA,0.23520786,NA
PF-4136309,LINCSCP_111000,HELA,0.04uM,24h,NA,NA,NA,0.23511484,NA
BRD-K28646532,LINCSCP_61211,VCAP,5uM,24h,NA,NA,NA,0.23484594,NA
LM-1685,LINCSCP_58380,VCAP,10uM,24h,NA,NA,NA,0.23482829,NA
ML162,LINCSCP_49574,PC3,0.12uM,24h,NA,NA,NA,0.234797,NA
(Z)-Guggulsterone,LINCSCP_6382,A549,10uM,24h,NA,NA,NA,0.23478567,NA
92394-00-8,LINCSCP_57646,VCAP,10uM,6h,NA,NA,NA,0.2347587,NA
Gemcitabine,LINCSCP_49782,PC3,3uM,6h,4,NA,NA,0.23473764,NA
Rimantadine,LINCSCP_143326,MCF7,0.04uM,24h,NA,NA,NA,0.2347163,NA
Rimantadine,LINCSCP_143326,MCF7,0.04uM,24h,4,NA,NA,0.2347163,NA
CHEMBL34095,LINCSCP_23462,HEPG2,10uM,24h,NA,NA,NA,0.23466341,NA
BRD-K57758244,LINCSCP_60117,VCAP,5uM,6h,NA,NA,NA,0.23455812,NA
"L-755,507",LINCSCP_56523,VCAP,10uM,6h,NA,NA,NA,0.23455523,NA
CHEMBL2204241,LINCSCP_41990,NOMO1,0.1uM,24h,NA,NA,NA,0.23454846,NA
Pomalidomide,LINCSCP_137836,MCF7,0.12uM,24h,4,NA,NA,0.23438044,NA
CHEMBL2136735,LINCSCP_131635,MCF10A,3.33uM,3h,NA,NA,NA,0.23431499,NA
BRD-K21305994,LINCSCP_299362,VCAP,5uM,24h,NA,NA,NA,0.23427969,NA
Guanadrel,LINCSCP_137946,MCF7,10uM,24h,4,NA,NA,0.23423605,NA
BRD-K74507776,LINCSCP_8059,A549,10uM,6h,NA,NA,NA,0.23418401,NA
Infigratinib,LINCSCP_88611,HA1E,0.12uM,24h,2,NA,NA,0.23415984,NA
BRD-K54343811,LINCSCP_250226,MCF7,0.5uM,24h,NA,NA,NA,0.23371958,NA
Sildenafil,LINCSCP_56457,VCAP,10uM,24h,4,NA,NA,0.23353753,NA
SCHEMBL3954849,LINCSCP_81032,A549,0.12uM,24h,NA,NA,NA,0.23347191,NA
BRD-K73360774,LINCSCP_60320,VCAP,5uM,6h,NA,NA,NA,0.23343342,NA
BRD-K56945633,LINCSCP_60211,VCAP,5uM,24h,NA,NA,NA,0.23340843,NA
"Methyl-6,7-dimethoxy-4-ethyl-beta-carboline-3-carboxylate",LINCSCP_14549,HA1E,10uM,6h,NA,NA,NA,0.23301447,NA
Dexketoprofen,LINCSCP_22548,HEPG2,10uM,6h,4,NA,NA,0.2329787,NA
Tesmilifene,LINCSCP_33245,MCF7,10uM,6h,2,NA,NA,0.23272565,NA
Gibberellin A3,LINCSCP_18140,HCC515,10uM,6h,NA,NA,NA,0.23268517,NA
Tripelennamine,LINCSCP_226715,HT29,10uM,6h,4,NA,NA,0.23252559,NA
BRD-K67798781,LINCSCP_62805,VCAP,5uM,24h,NA,NA,NA,0.23241296,NA
GSK-J2,LINCSCP_133947,MCF7,0.12uM,24h,NA,NA,NA,0.23238928,NA
MLS000562366,LINCSCP_33965,MCF7,10uM,6h,NA,NA,NA,0.23232349,NA
FPL64176,LINCSCP_207875,H1299,10uM,6h,NA,NA,NA,0.23221827,NA
Zolpidem,LINCSCP_124400,HT29,0.37uM,24h,4,NA,NA,0.23208556,NA
Crizotinib,LINCSCP_49977,PHH,10uM,24h,4,NA,NA,0.23206163,NA
BRD-K18170480,LINCSCP_37879,MCF7,1uM,24h,NA,NA,NA,0.23198902,NA
Ritanserin,LINCSCP_6865,A549,10uM,24h,2,NA,NA,0.23193699,NA
Cucurbitacin-I,LINCSCP_43702,OV7,10uM,6h,NA,NA,NA,0.23175301,NA
SCHEMBL17515404,LINCSCP_233453,HT29,10uM,6h,NA,NA,NA,0.23174719,NA
BS-181,LINCSCP_146658,NEU,0.37uM,24h,NA,NA,NA,0.23173311,NA
"2-(3,4-Dichlorophenyl)-2,3-dihydro-1,3-benzoxazole",LINCSCP_28698,HUH7,10uM,24h,NA,NA,NA,0.23161367,NA
Pimavanserin,LINCSCP_141351,MCF7,0.12uM,24h,4,NA,NA,0.23150174,NA
MLS003129347,LINCSCP_60512,VCAP,5uM,24h,NA,NA,NA,0.23143032,NA
SMR000162699,LINCSCP_9720,A549,0.01uM,24h,NA,NA,NA,0.23136875,NA
H89,LINCSCP_289459,VCAP,10uM,6h,NA,NA,NA,0.23118126,NA
NSC119236,LINCSCP_30521,MCF7,20uM,24h,NA,NA,NA,0.23115382,NA
CID 67066889,LINCSCP_216252,HCC515,10uM,6h,NA,NA,NA,0.23113039,NA
BMS 191011,LINCSCP_291769,VCAP,10uM,6h,NA,NA,NA,0.23093506,NA
SA-1458026,LINCSCP_37565,MCF7,10uM,6h,NA,NA,NA,0.23089014,NA
KUC103671,LINCSCP_19890,HCC515,10uM,6h,NA,NA,NA,0.23088326,NA
Niclosamide,LINCSCP_13510,H1299,10uM,6h,4,NA,NA,0.23068955,NA
"Isoquinolinium, 1,2-dimethyl-",LINCSCP_41271,NEU,10uM,6h,NA,NA,NA,0.23066046,NA
HG6-64-1,LINCSCP_36560,MCF7,0.5uM,24h,NA,NA,NA,0.23062924,NA
BRD-K47517065,LINCSCP_311039,VCAP,10uM,6h,NA,NA,NA,0.23061851,NA
SCHEMBL3092652,LINCSCP_236617,MCF7,10uM,6h,NA,NA,NA,0.23018548,NA
BRD-K31688005,LINCSCP_23169,HEPG2,10uM,6h,NA,NA,NA,0.23010765,NA
BRD-K27817945,LINCSCP_61209,VCAP,5uM,24h,NA,NA,NA,0.22993972,NA
Decitabine,LINCSCP_146960,NEU,0.37uM,24h,4,NA,NA,0.22978563,NA
SCHEMBL17783876,LINCSCP_35125,MCF7,5uM,24h,NA,NA,NA,0.2297733,NA
BMS-509744,LINCSCP_146647,NEU,0.12uM,24h,NA,NA,NA,0.22962303,NA
Epidepride,LINCSCP_263548,NPC,10uM,24h,NA,NA,NA,0.22961485,NA
BRD-K76925500,LINCSCP_296991,VCAP,5uM,24h,NA,NA,NA,0.22944936,NA
BRD-K62995317,LINCSCP_63510,VCAP,5uM,24h,NA,NA,NA,0.22943288,NA
16Beta-bromoandrosterone,LINCSCP_15691,HA1E,10uM,6h,NA,NA,NA,0.2292274,NA
BRD-K98336812,LINCSCP_259594,NEU,10uM,24h,NA,NA,NA,0.22920758,NA
Belinostat,LINCSCP_70292,A375,0.04uM,24h,4,NA,NA,0.22916852,NA
D-LACTITOL MONOHYDRATE,LINCSCP_102076,HELA,10uM,24h,NA,NA,NA,0.22907831,NA
BRD-K74163137,LINCSCP_23256,HEPG2,10uM,6h,NA,NA,NA,0.2289977,NA
CHEMBL3186197,LINCSCP_924,A375,10uM,6h,NA,NA,NA,0.2289643,NA
Dnqx,LINCSCP_55850,VCAP,10uM,6h,NA,NA,NA,0.22893139,NA
CHEMBL259628,LINCSCP_291593,VCAP,10uM,24h,NA,NA,NA,0.22892836,NA
Nabumetone,LINCSCP_534,A375,10uM,6h,4,NA,NA,0.22889563,NA
apigenin,LINCSCP_81282,A549,1.11uM,24h,NA,NA,NA,0.22883505,NA
CHEMBL114275,LINCSCP_259824,NEU,10uM,6h,NA,NA,NA,0.22882644,NA
"ABT-888,VELIPARIB",LINCSCP_222748,HS578T,1uM,6h,NA,NA,NA,0.22878424,NA
BRD-K57490099,LINCSCP_3459,A375,5uM,24h,NA,NA,NA,0.22877958,NA
BRD-K79797751,LINCSCP_65523,VCAP,10uM,6h,NA,NA,NA,0.22874415,NA
ascorbic-acid,LINCSCP_75123,A375,0.12uM,24h,NA,NA,NA,0.22851229,NA
GW-5074,LINCSCP_222471,HS578T,0.5uM,6h,NA,NA,NA,0.22849219,NA
Pirenperone,LINCSCP_14704,HA1E,10uM,24h,NA,NA,NA,0.22846944,NA
AC1L1IDJ,LINCSCP_176911,A375,10uM,6h,NA,NA,NA,0.22844917,NA
IN1048,LINCSCP_17997,HCC515,10uM,24h,NA,NA,NA,0.22842871,NA
CP466722,LINCSCP_29475,MCF10A,1uM,24h,NA,NA,NA,0.22836335,NA
CHEMBL2139002,LINCSCP_23183,HEPG2,10uM,6h,NA,NA,NA,0.22830732,NA
ARC239,LINCSCP_550,A375,10uM,6h,NA,NA,NA,0.22822599,NA
"ICI-199,441",LINCSCP_14593,HA1E,10uM,6h,NA,NA,NA,0.22803475,NA
Staurosporine Aglycon,LINCSCP_179588,A375,10uM,6h,NA,NA,NA,0.22795679,NA
BRD-K36317223,LINCSCP_20612,HCC515,10uM,6h,NA,NA,NA,0.22793782,NA
CHEMBL593506,LINCSCP_31264,MCF7,10uM,6h,NA,NA,NA,0.2278727,NA
BRD-K04025047,LINCSCP_8660,A549,5uM,24h,NA,NA,NA,0.22777045,NA
Brefeldin A,LINCSCP_54080,SW620,0.1uM,6h,NA,NA,NA,0.22771844,NA
Brefeldin A,LINCSCP_54080,SW620,0.1uM,6h,NA,NA,NA,0.22771844,NA
13-Cis-retinol,LINCSCP_13316,FIBRNPC,10uM,6h,NA,NA,NA,0.22765067,NA
ML239,LINCSCP_1633,A375,10uM,6h,NA,NA,NA,0.22753932,NA
BRD-K68670732,LINCSCP_60411,VCAP,5uM,24h,NA,NA,NA,0.2273453,NA
Lintitript,LINCSCP_33081,MCF7,10uM,24h,NA,NA,NA,0.22734063,0.26461087
L-152804,LINCSCP_33437,MCF7,10uM,6h,NA,NA,NA,0.2273263,NA
C30H33N3O5S,LINCSCP_12255,BT20,1uM,6h,NA,NA,NA,0.22732319,NA
AC1L1I54,LINCSCP_26782,HT29,10uM,6h,NA,NA,NA,0.22717638,NA
ABC 294640,LINCSCP_207429,FIBRNPC,10uM,24h,NA,NA,NA,0.22717174,NA
Phentermine,LINCSCP_127402,HT29,10uM,24h,4,NA,NA,0.2270614,NA
SA-89763,LINCSCP_252596,MCF7,10uM,24h,NA,NA,NA,0.22704191,NA
"5-(3,3-Dimethyl-2-oxobutoxy)-4-ethyl-7-methyl-2H-chromen-2-one",LINCSCP_50451,PHH,10uM,6h,NA,NA,NA,0.22700689,NA
SCHEMBL10583556,LINCSCP_94054,HA1E,0.12uM,24h,NA,NA,NA,0.22695451,NA
MEGXM0_000433,LINCSCP_22286,HEPG2,10uM,6h,NA,NA,NA,0.22693433,NA
RO-5-3335,LINCSCP_5233,A549,10uM,6h,NA,NA,NA,0.22689035,NA
Sufentanil,LINCSCP_136475,MCF7,0.12uM,24h,4,NA,NA,0.22686562,NA
Auraptene,LINCSCP_282426,PHH,10uM,24h,NA,NA,NA,0.22685833,NA
Flutamide,LINCSCP_7031,A549,10uM,24h,4,NA,NA,0.22684062,NA
ASN 04482680,LINCSCP_237436,MCF7,10uM,24h,NA,NA,NA,0.22675247,NA
Altanserin,LINCSCP_58094,VCAP,10uM,24h,NA,NA,NA,0.22674789,NA
Amlodipine,LINCSCP_219052,HEPG2,10uM,6h,4,NA,NA,0.22674264,NA
Flecainide,LINCSCP_136112,MCF7,10uM,24h,4,NA,NA,0.22663905,NA
Broad-Sai-595,LINCSCP_250209,MCF7,0.5uM,24h,NA,NA,NA,0.22647362,NA
Canertinib,LINCSCP_256222,MDAMB231,0.5uM,6h,3,NA,NA,0.22645556,NA
SCHEMBL6463149,LINCSCP_20335,HCC515,10uM,6h,NA,NA,NA,0.22645084,NA
Valproic acid,LINCSCP_310242,VCAP,20uM,48h,4,NA,NA,0.22637701,NA
BRD-K80368509,LINCSCP_24148,HL60,0.5uM,24h,NA,NA,NA,0.22634045,NA
BRD-K57406954,LINCSCP_311059,VCAP,10uM,6h,NA,NA,NA,0.22633043,NA
MLS002473641,LINCSCP_16062,HA1E,10uM,6h,NA,NA,NA,0.22625533,NA
CAY-10594,LINCSCP_15369,HA1E,20uM,24h,NA,NA,NA,0.22619385,NA
Fluoropyruvate,LINCSCP_236543,MCF7,40uM,24h,NA,NA,NA,0.22614424,NA
BRD-K76859558,LINCSCP_8261,A549,5uM,24h,NA,NA,NA,0.2260668,NA
"1,3-Dipropyl-8-cyclopentylxanthine",LINCSCP_75098,A375,0.37uM,24h,NA,NA,NA,0.22603365,NA
SMR000250171,LINCSCP_19803,HCC515,10uM,6h,NA,NA,NA,0.22591594,NA
ZINC01050121,LINCSCP_39722,MDST8,20uM,6h,NA,NA,NA,0.22589098,NA
NCGC00172361-01,LINCSCP_16565,HA1E,10uM,6h,NA,NA,NA,0.22586607,NA
BRD-K36080978,LINCSCP_28075,HT29,5uM,24h,NA,NA,NA,0.22578121,NA
MFCD00671792,LINCSCP_55846,VCAP,10uM,6h,NA,NA,NA,0.2257351,NA
CHEMBL2158272,LINCSCP_19895,HCC515,10uM,6h,NA,NA,NA,0.22571326,NA
MLS002264419,LINCSCP_16047,HA1E,10uM,6h,NA,NA,NA,0.22563029,NA
BRD-K39911043,LINCSCP_301872,VCAP,5uM,6h,NA,NA,NA,0.22560011,NA
BRD-K78025571,LINCSCP_8198,A549,5uM,24h,NA,NA,NA,0.22556298,NA
MLS001210968,LINCSCP_211361,HA1E,10uM,6h,NA,NA,NA,0.22554722,NA
GSK 1059615,LINCSCP_12102,BT20,0.1uM,24h,NA,NA,NA,0.22552627,NA
GSK 1059615,LINCSCP_12102,BT20,0.1uM,24h,NA,NA,NA,0.22552627,NA
PF477736,LINCSCP_12106,BT20,0.1uM,24h,NA,NA,NA,0.22550002,NA
MLS001060843,LINCSCP_25913,HT29,10uM,24h,NA,NA,NA,0.22547723,NA
NVP-AEW541,LINCSCP_24839,HS578T,0.5uM,24h,NA,NA,NA,0.22544934,NA
12K-613S,LINCSCP_5950,A549,10uM,24h,NA,NA,NA,0.22525338,NA
BRD-K24002047,LINCSCP_310335,VCAP,10uM,24h,NA,NA,NA,0.22520254,NA
BP-554,LINCSCP_22767,HEPG2,10uM,6h,NA,NA,NA,0.22518147,NA
MLS-0315868.0001,LINCSCP_46887,PC3,10uM,6h,NA,NA,NA,0.22517797,NA
L-Norepinephrine,LINCSCP_41291,NEU,10uM,6h,NA,NA,NA,0.22517693,NA
iloprost,LINCSCP_24137,HL60,1uM,24h,NA,NA,NA,0.22516192,NA
BIO2_000376,LINCSCP_26937,HT29,10uM,6h,NA,NA,NA,0.22513079,NA
Anacardic acid,LINCSCP_146931,NEU,0.12uM,24h,NA,NA,NA,0.22501728,NA
CHEMBL1884008,LINCSCP_59266,VCAP,10uM,24h,NA,NA,NA,0.22495678,NA
MLS002607742,LINCSCP_188970,A549,10uM,24h,NA,NA,NA,0.22488015,NA
"RS-102,221",LINCSCP_33259,MCF7,10uM,6h,NA,NA,NA,0.22487432,NA
BRD-K90562112,LINCSCP_64126,VCAP,5uM,6h,NA,NA,NA,0.22479557,NA
Olprinone (Hydrochloride),LINCSCP_136429,MCF7,10uM,24h,NA,NA,NA,0.22474402,NA
ST081814,LINCSCP_16485,HA1E,10uM,6h,NA,NA,NA,0.22472906,NA
Enzastaurin,LINCSCP_24392,HS578T,0.1uM,24h,3,NA,NA,0.22472689,NA
2-Chloro-7-methoxy-10H-phenothiazine,LINCSCP_57684,VCAP,10uM,6h,NA,NA,NA,0.2245853,NA
852475-26-4,LINCSCP_88847,HA1E,0.37uM,24h,NA,NA,NA,0.2245653,NA
MLS001173561,LINCSCP_40979,NEU,10uM,24h,NA,NA,NA,0.22450943,NA
amcinonide,LINCSCP_133997,MCF7,1.11uM,24h,NA,NA,NA,0.22448149,NA
AC480 (BMS-599626),LINCSCP_170137,YAPC,3.33uM,24h,1,NA,NA,0.22441493,NA
Rosiglitazone,LINCSCP_19479,HCC515,80uM,6h,4,NA,NA,0.22440821,NA
Fenobam,LINCSCP_214582,HCC515,10uM,6h,1,NA,NA,0.22439443,NA
BRD-K31566137,LINCSCP_63586,VCAP,5uM,6h,NA,NA,NA,0.22439053,NA
Fentanyl Isothiocyanate,LINCSCP_44016,PC3,10uM,24h,NA,NA,NA,0.22432861,NA
BRD4770,LINCSCP_239752,MCF7,10uM,6h,NA,NA,NA,0.22431079,NA
CL-976,LINCSCP_1040,A375,80uM,6h,NA,NA,NA,0.22427458,NA
BRD-K76612659,LINCSCP_3500,A375,5uM,24h,NA,NA,NA,0.22420533,NA
PI-103,LINCSCP_235328,MCF10A,0.5uM,24h,NA,NA,NA,0.22419494,NA
Carbamazepine,LINCSCP_18967,HCC515,10uM,24h,4,NA,NA,0.22397081,NA
936890-98-1,LINCSCP_163925,SKBR3,0.37uM,3h,NA,NA,NA,0.22386601,NA
BRD-K96121225,LINCSCP_62332,VCAP,5uM,24h,NA,NA,NA,0.22375616,NA
ALD1-H_000965,LINCSCP_31988,MCF7,10uM,24h,NA,NA,NA,0.22372894,NA
CP94253,LINCSCP_40986,NEU,10uM,24h,NA,NA,NA,0.22371963,NA
Latrunculin B,LINCSCP_10671,ASC,10uM,24h,NA,NA,NA,0.2236951,NA
BRD-K63801873,LINCSCP_33897,MCF7,10uM,24h,NA,NA,NA,0.2236013,NA
BRD-K75291656,LINCSCP_60614,VCAP,5uM,24h,NA,NA,NA,0.22358176,NA
CG-930,LINCSCP_24610,HS578T,0.1uM,6h,NA,NA,NA,0.22354155,NA
XUKUURHRXDUEBC-UHFFFAOYSA-N,LINCSCP_243123,MCF7,10uM,6h,NA,NA,NA,0.22354055,NA
CHEMBL2360382,LINCSCP_8060,A549,10uM,6h,NA,NA,NA,0.22348137,NA
BRD-K99017327,LINCSCP_17027,HA1E,10uM,6h,NA,NA,NA,0.22345564,NA
SA-1973507,LINCSCP_28765,HUH7,3uM,24h,NA,NA,NA,0.22320459,NA
SA-85377,LINCSCP_252632,MCF7,10uM,24h,NA,NA,NA,0.22312061,NA
Auranofin,LINCSCP_39702,MDST8,10uM,6h,NA,NA,NA,0.22306304,NA
Auranofin,LINCSCP_39702,MDST8,10uM,6h,NA,NA,NA,0.22306304,NA
Doxifluridine,LINCSCP_125281,HT29,0.37uM,24h,NA,NA,NA,0.22299724,NA
ZINC28755859,LINCSCP_32677,MCF7,10uM,6h,NA,NA,NA,0.22299627,NA
Nomilin,LINCSCP_55574,VCAP,10uM,24h,NA,NA,NA,0.22296866,NA
"2-Amino-5,6-dihydro-6-methyl-4H-1,3-thiazine",LINCSCP_55735,VCAP,10uM,6h,NA,NA,NA,0.22294584,NA
MLS002699811,LINCSCP_5297,A549,10uM,6h,NA,NA,NA,0.22293648,NA
BRD-K00544996,LINCSCP_118303,HT29,0.12uM,24h,NA,NA,NA,0.22285289,NA
BRD-K21918725,LINCSCP_222140,HL60,0.5uM,24h,NA,NA,NA,0.22280212,NA
Sulbactam,LINCSCP_108620,HELA,0.37uM,24h,NA,NA,NA,0.22279259,NA
Sulbactam,LINCSCP_108620,HELA,0.37uM,24h,4,NA,NA,0.22279259,NA
Relcovaptan,LINCSCP_289352,VCAP,10uM,24h,2,NA,NA,0.22276013,NA
MK-212,LINCSCP_56663,VCAP,10uM,24h,NA,NA,NA,0.22269955,NA
AGK 2,LINCSCP_117319,HT29,1.11uM,24h,NA,NA,NA,0.22263441,NA
MLS003129344,LINCSCP_60600,VCAP,5uM,24h,NA,NA,NA,0.22258918,NA
Rosmarinic acid,LINCSCP_55944,VCAP,10uM,24h,NA,NA,NA,0.22252134,NA
LCL161,LINCSCP_72505,A375,0.04uM,24h,NA,NA,NA,0.22240097,NA
Ibudilast,LINCSCP_55797,VCAP,10uM,6h,2,NA,NA,0.22236548,NA
BRD-K11833731,LINCSCP_303246,VCAP,5uM,6h,NA,NA,NA,0.2223332,NA
BDBM37535,LINCSCP_15107,HA1E,10uM,6h,NA,NA,NA,0.22230333,NA
PK-11195,LINCSCP_21596,HEPG2,100uM,6h,NA,NA,NA,0.22230101,NA
BRD-K23582869-001-01-3,LINCSCP_41953,NOMO1,0.5uM,24h,NA,NA,NA,0.22221377,NA
CHEMBL1515144,LINCSCP_21937,HEPG2,10uM,6h,NA,NA,NA,0.22199288,NA
SRC Kinase Inhibitor II,LINCSCP_289354,VCAP,10uM,24h,NA,NA,NA,0.22194881,NA
SPOX1_002285,LINCSCP_32218,MCF7,10uM,24h,NA,NA,NA,0.22191374,NA
PHA-665752,LINCSCP_235386,MCF10A,1uM,24h,NA,NA,NA,0.22191169,NA
PHA-665752,LINCSCP_235386,MCF10A,1uM,24h,NA,NA,NA,0.22191169,NA
Ergothioneine,LINCSCP_90734,HA1E,10uM,24h,NA,NA,NA,0.22189561,NA
Amitriptyline,LINCSCP_168703,YAPC,10uM,24h,4,NA,NA,0.22180271,NA
BRD-K72217541,LINCSCP_184002,A375,5uM,24h,NA,NA,NA,0.22179914,NA
Temozolomide,LINCSCP_698,A375,10uM,24h,4,NA,NA,0.22178252,NA
Levosalbutamol,LINCSCP_153676,PC3,0.12uM,24h,4,NA,NA,0.22175542,NA
CGS-12066A,LINCSCP_33198,MCF7,10uM,6h,NA,NA,NA,0.22168387,NA
Lonidamine,LINCSCP_66299,WSUDLCL2,100uM,6h,3,NA,NA,0.22158747,NA
Adenosine,LINCSCP_75051,A375,0.12uM,24h,4,NA,NA,0.22153642,NA
BRD-K93368389,LINCSCP_297493,VCAP,5uM,24h,NA,NA,NA,0.2214827,NA
BRD-K73942053,LINCSCP_61492,VCAP,5uM,24h,NA,NA,NA,0.2214535,NA
BRD-K68311329,LINCSCP_60224,VCAP,5uM,24h,NA,NA,NA,0.22145332,NA
BRD-K84336022,LINCSCP_63313,VCAP,5uM,6h,NA,NA,NA,0.22140971,NA
Iniparib,LINCSCP_117257,HT29,10uM,24h,3,NA,NA,0.22137643,NA
"Triazine Scaffold, 36",LINCSCP_20010,HCC515,10uM,6h,NA,NA,NA,0.22129954,NA
Isocycloheximide,LINCSCP_52712,SKB,10uM,24h,NA,NA,NA,0.22113882,0.25046448
"3-Tropanyl-3,5-dichlorobenzoate",LINCSCP_11253,ASC,10uM,24h,NA,NA,NA,0.22111006,NA
SA-1938756,LINCSCP_37011,MCF7,10uM,24h,NA,NA,NA,0.22108975,NA
1-[4-[3-(4-Fluorophenoxy)phenyl]but-3-en-2-yl]-1-hydroxyurea,LINCSCP_50065,PHH,10uM,24h,NA,NA,NA,0.2210794,NA
BRD-K97008061,LINCSCP_63200,VCAP,5uM,6h,NA,NA,NA,0.22106806,NA
Probucol,LINCSCP_14293,HA1E,10uM,6h,4,NA,NA,0.22101619,NA
NSC665366,LINCSCP_33242,MCF7,10uM,6h,NA,NA,NA,0.22100375,NA
Zaleplon,LINCSCP_34631,MCF7,10uM,6h,4,NA,NA,0.22093152,NA
Pantoprazole,LINCSCP_5805,A549,10uM,6h,4,NA,NA,0.22093098,NA
Linifanib,LINCSCP_99914,HCC515,1.11uM,24h,3,NA,NA,0.22082531,NA
Danusertib,LINCSCP_167744,YAPC,10uM,24h,2,NA,NA,0.22080702,NA
PHNFXXZEKWQHDX-UHFFFAOYSA-N,LINCSCP_57502,VCAP,10uM,6h,NA,NA,NA,0.22079469,NA
BRD-K93157782,LINCSCP_8777,A549,5uM,24h,NA,NA,NA,0.22073065,NA
BRD-K17088043,LINCSCP_303257,VCAP,5uM,6h,NA,NA,NA,0.22072647,NA
Isonicotinohydroxamic acid,LINCSCP_250115,MCF7,0.5uM,24h,NA,NA,NA,0.22069052,NA
TSU-68,LINCSCP_742,A375,5uM,24h,3,NA,NA,0.22061021,NA
Piplartine,LINCSCP_14887,HA1E,10uM,6h,NA,NA,NA,0.22047255,NA
Ipratropium,LINCSCP_55572,VCAP,10uM,24h,NA,NA,NA,0.22042464,NA
Ipratropium,LINCSCP_55572,VCAP,10uM,24h,NA,NA,NA,0.22042464,NA
Tamoxifen,LINCSCP_176125,YAPC,10uM,24h,4,NA,NA,0.22041779,NA
SA-432137,LINCSCP_37268,MCF7,10uM,24h,NA,NA,NA,0.2203676,NA
Pyrilamine,LINCSCP_243585,MCF7,10uM,24h,4,NA,NA,0.22030842,NA
SCHEMBL18825,LINCSCP_283708,SKB,10uM,24h,NA,NA,NA,0.22028958,NA
YM 201636,LINCSCP_12158,BT20,0.1uM,24h,NA,NA,NA,0.22027012,NA
TGX 221,LINCSCP_85260,BT20,10uM,24h,NA,NA,NA,0.22026039,NA
AMG 487,LINCSCP_169038,YAPC,10uM,24h,NA,NA,NA,0.22023018,NA
NSC217091,LINCSCP_294368,VCAP,10uM,24h,NA,NA,NA,0.22021563,NA
CHEMBL2359470,LINCSCP_60439,VCAP,5uM,24h,NA,NA,NA,0.22021324,NA
Triflupromazine,LINCSCP_266320,PC3,10uM,24h,4,NA,NA,0.2201615,NA
BRD-K96612346,LINCSCP_59721,VCAP,5uM,24h,NA,NA,NA,0.22005949,NA
CHEMBL2360967,LINCSCP_16450,HA1E,10uM,6h,NA,NA,NA,0.21998419,NA
Saracatinib,LINCSCP_24491,HS578T,0.1uM,6h,3,NA,NA,0.21996669,NA
BRD-K51878684,LINCSCP_64924,VCAP,10uM,24h,NA,NA,NA,0.21995277,NA
C37H48N6O5S2,LINCSCP_295960,VCAP,10uM,24h,NA,NA,NA,0.21991368,NA
BRD-K17427497,LINCSCP_64070,VCAP,5uM,6h,NA,NA,NA,0.21991062,NA
SR-02000000240,LINCSCP_1841,A375,10uM,6h,NA,NA,NA,0.2199089,NA
BRD-K18727181,LINCSCP_59847,VCAP,5uM,24h,NA,NA,NA,0.21989179,NA
BRD-K18891555,LINCSCP_65423,VCAP,10uM,6h,NA,NA,NA,0.21981891,NA
BRD-K93158953,LINCSCP_259123,NEU,10uM,24h,NA,NA,NA,0.21976626,NA
Amiloride,LINCSCP_293968,VCAP,10uM,24h,4,NA,NA,0.21973006,NA
FPA1_000042,LINCSCP_294851,VCAP,10uM,24h,NA,NA,NA,0.21962978,NA
BRD-K90446118,LINCSCP_58428,VCAP,10uM,24h,NA,NA,NA,0.21955136,NA
MLS002264511,LINCSCP_31427,MCF7,10uM,24h,NA,NA,NA,0.2194614,NA
Vegf receptor 2 kinase inhibitor iv,LINCSCP_55670,VCAP,10uM,24h,NA,NA,NA,0.21944733,NA
BRD-K19108281,LINCSCP_62350,VCAP,5uM,6h,NA,NA,NA,0.21941368,NA
BRD-K59524902,LINCSCP_312336,VCAP,0.5uM,24h,NA,NA,NA,0.21928369,NA
BRD-K21421563,LINCSCP_59643,VCAP,5uM,24h,NA,NA,NA,0.21927842,NA
SMR000146610,LINCSCP_31978,MCF7,10uM,24h,NA,NA,NA,0.21921412,NA
AC1O9BZM,LINCSCP_6045,A549,10uM,6h,NA,NA,NA,0.21920932,NA
MLS002264410,LINCSCP_19858,HCC515,10uM,6h,NA,NA,NA,0.21918551,NA
100599-27-7,LINCSCP_33061,MCF7,10uM,24h,NA,NA,NA,0.21911197,NA
BDBM79205,LINCSCP_55740,VCAP,10uM,6h,NA,NA,NA,0.2191096,NA
STK178014,LINCSCP_13589,H1299,50uM,6h,NA,NA,NA,0.21893816,NA
IAA-94,LINCSCP_241420,MCF7,10uM,6h,NA,NA,NA,0.21883172,NA
AB00540134,LINCSCP_281162,PHH,10uM,24h,NA,NA,NA,0.21882805,NA
Famciclovir,LINCSCP_172804,YAPC,0.37uM,24h,4,NA,NA,0.21876986,NA
BRD-K91572503,LINCSCP_181717,A375,5uM,24h,NA,NA,NA,0.21871033,NA
"3,5-Diiodo-l-thyronine",LINCSCP_59094,VCAP,10uM,6h,NA,NA,NA,0.21869656,NA
Cinepazide maleate,LINCSCP_159788,PC3,10uM,24h,4,NA,NA,0.21864011,NA
BRD-K76896049,LINCSCP_62176,VCAP,5uM,24h,NA,NA,NA,0.21858173,NA
SCHEMBL15556278,LINCSCP_152455,PC3,10uM,24h,NA,NA,NA,0.21848099,NA
SC 19220,LINCSCP_25368,HT29,10uM,6h,NA,NA,NA,0.2184802,NA
Ornidazole,LINCSCP_14638,HA1E,10uM,24h,4,NA,NA,0.21841954,NA
SMER28,LINCSCP_57063,VCAP,10uM,6h,NA,NA,NA,0.2183797,NA
ZM323881,LINCSCP_33232,MCF7,10uM,6h,NA,NA,NA,0.21830924,NA
Diflunisal,LINCSCP_102341,HELA,3.33uM,24h,4,NA,NA,0.21825275,NA
AC1LWZG4,LINCSCP_12846,DV90,10uM,6h,NA,NA,NA,0.21822334,NA
4-(Trans-4-butylcyclohexyl)benzoic acid,LINCSCP_294625,VCAP,10uM,6h,NA,NA,NA,0.21814755,NA
BMS 641988,LINCSCP_30559,MCF7,10uM,24h,NA,NA,NA,0.21811576,NA
PK04PUR_000117,LINCSCP_193673,A549,10uM,24h,NA,NA,NA,0.21809252,NA
ZINC01037816,LINCSCP_239899,MCF7,10uM,24h,NA,NA,NA,0.218021,NA
CHEMBL552425,LINCSCP_26483,HT29,10uM,6h,NA,NA,NA,0.2178511,NA
BSPBIO_002472,LINCSCP_281640,PHH,10uM,24h,NA,NA,NA,0.21775785,NA
BH3I 1,LINCSCP_55738,VCAP,10uM,6h,NA,NA,NA,0.21763184,NA
BRD-K46512534,LINCSCP_48368,PC3,5uM,24h,NA,NA,NA,0.21757833,NA
MLS000925170,LINCSCP_34224,MCF7,10uM,6h,NA,NA,NA,0.21738002,NA
IN1152,LINCSCP_289785,VCAP,10uM,6h,NA,NA,NA,0.21737424,NA
PFI-1,LINCSCP_164674,SKL.C,0.12uM,24h,NA,NA,NA,0.21734305,NA
NSC95397,LINCSCP_43785,OV7,10uM,6h,NA,NA,NA,0.21721503,NA
PNU-22394,LINCSCP_55935,VCAP,10uM,24h,NA,NA,NA,0.21719899,NA
CHEMBL1788383,LINCSCP_33253,MCF7,10uM,6h,NA,NA,NA,0.21718049,NA
BRD-K28508449,LINCSCP_62360,VCAP,5uM,6h,NA,NA,NA,0.21710089,NA
CHEMBL520231,LINCSCP_21727,HEPG2,10uM,6h,NA,NA,NA,0.21705871,NA
SA-97343,LINCSCP_37014,MCF7,1uM,24h,NA,NA,NA,0.2170455,NA
VU0011562,LINCSCP_19832,HCC515,10uM,6h,NA,NA,NA,0.21696023,NA
BRD-K13094522,LINCSCP_308867,VCAP,5uM,6h,NA,NA,NA,0.21688523,NA
Levocabastine,LINCSCP_40985,NEU,10uM,24h,4,NA,NA,0.21685256,NA
BRD-K62687522,LINCSCP_8176,A549,5uM,24h,NA,NA,NA,0.21684031,NA
NUTLIN 3,LINCSCP_264081,OV7,40uM,6h,NA,NA,NA,0.21681697,NA
Verapamil,LINCSCP_21580,HEPG2,10uM,6h,4,NA,NA,0.21677855,NA
Plerixafor,LINCSCP_24213,HS27A,10uM,6h,4,NA,NA,0.2167697,NA
BRD-K78247419,LINCSCP_64115,VCAP,5uM,6h,NA,NA,NA,0.21676608,NA
SMR001317716,LINCSCP_293283,VCAP,10uM,24h,NA,NA,NA,0.21671401,NA
COT-10B,LINCSCP_9445,A549,0.01uM,24h,NA,NA,NA,0.21662667,NA
BRD-K95063618,LINCSCP_35055,MCF7,5uM,24h,NA,NA,NA,0.21651691,NA
PRESTWICK3_000652,LINCSCP_179447,A375,10uM,6h,NA,NA,NA,0.21644706,NA
CHEMBL1619263,LINCSCP_49827,PHH,10uM,24h,NA,NA,NA,0.21632859,NA
MLS002232305,LINCSCP_22300,HEPG2,10uM,6h,NA,NA,NA,0.21631444,NA
ZINC04126477,LINCSCP_49873,PHH,10uM,24h,NA,NA,NA,0.21629482,NA
Ipriflavone,LINCSCP_99091,HA1E,10uM,24h,NA,NA,NA,0.21625197,NA
BRD-K72429558,LINCSCP_49883,PHH,10uM,24h,NA,NA,NA,0.21623448,NA
Milrinone,LINCSCP_55830,VCAP,10uM,6h,4,NA,NA,0.2162314,NA
Sulconazole,LINCSCP_52487,SKB,10uM,24h,4,NA,NA,0.21622583,NA
MK-0752,LINCSCP_167408,YAPC,10uM,24h,NA,NA,NA,0.21621326,NA
Ondansetron,LINCSCP_176,A375,10uM,24h,4,NA,NA,0.2161364,NA
AC1MCK4Q,LINCSCP_5302,A549,10uM,6h,NA,NA,NA,0.21603195,NA
Broad-Sai-443,LINCSCP_17102,HA1E,10uM,24h,NA,NA,NA,0.21602116,NA
SMR000033445,LINCSCP_7779,A549,10uM,24h,NA,NA,NA,0.21592649,NA
MLS003130364,LINCSCP_64330,VCAP,3uM,24h,NA,NA,NA,0.21584926,NA
NNC-112,LINCSCP_41186,NEU,10uM,24h,NA,NA,NA,0.21583805,NA
6Alpha-fluorotestosterone,LINCSCP_13386,FIBRNPC,10uM,6h,NA,NA,NA,0.21583022,NA
BRD-K91849632,LINCSCP_61665,VCAP,5uM,24h,NA,NA,NA,0.21578434,NA
Lorazepam,LINCSCP_74231,A375,10uM,24h,4,NA,NA,0.21575451,NA
PP 3,LINCSCP_180012,A375,10uM,6h,NA,NA,NA,0.21574453,NA
BRD-K04986062,LINCSCP_222126,HL60,1uM,24h,NA,NA,NA,0.2157032,NA
Diphenhydramine,LINCSCP_190261,A549,10uM,6h,4,NA,NA,0.21566476,NA
Neratinib,LINCSCP_10440,A673,10uM,6h,NA,NA,NA,0.21555023,NA
Neratinib,LINCSCP_10440,A673,10uM,6h,3,NA,NA,0.21555023,NA
ST012030,LINCSCP_16419,HA1E,10uM,6h,NA,NA,NA,0.2155356,NA
Robotnikinin,LINCSCP_212945,HA1E,0.1uM,6h,NA,NA,NA,0.21542503,NA
Moricizine,LINCSCP_19184,HCC515,10uM,6h,4,NA,NA,0.21522533,NA
Ergoatetrine,LINCSCP_284617,SKB,10uM,24h,NA,NA,NA,0.21516777,NA
Quinoxaline1,LINCSCP_18048,HCC515,10uM,24h,NA,NA,NA,0.21516111,NA
Oxymetholone,LINCSCP_17082,HA1E,20uM,24h,NA,NA,NA,0.21495533,NA
Pifithrin MU,LINCSCP_37601,MCF7,1uM,6h,NA,NA,NA,0.21495152,NA
STK151112,LINCSCP_56850,VCAP,10uM,24h,NA,NA,NA,0.21489027,NA
CHEMBL475341,LINCSCP_54395,SW948,100uM,6h,NA,NA,NA,0.21485289,NA
Valdecoxib,LINCSCP_19503,HCC515,100uM,6h,4,NA,NA,0.21477961,NA
Tigecycline,LINCSCP_234504,JURKAT,0.5uM,6h,NA,NA,NA,0.21470852,NA
BRD-K72318460,LINCSCP_60072,VCAP,5uM,24h,NA,NA,NA,0.21463279,NA
BRD-K19340473,LINCSCP_60851,VCAP,5uM,24h,NA,NA,NA,0.21457213,NA
BRD-K06071925,LINCSCP_22304,HEPG2,10uM,6h,NA,NA,NA,0.21455239,NA
MLS001060859,LINCSCP_236880,MCF7,10uM,24h,NA,NA,NA,0.21449527,NA
Oprozomib (ONX 0912),LINCSCP_102171,HELA,0.04uM,24h,NA,NA,NA,0.2143978,NA
BRD-K97614198,LINCSCP_63326,VCAP,5uM,6h,NA,NA,NA,0.21436362,NA
ST50903421,LINCSCP_58594,VCAP,10uM,24h,NA,NA,NA,0.21433102,NA
APD668,LINCSCP_91017,HA1E,3.33uM,24h,NA,NA,NA,0.21430192,NA
sorafenib,LINCSCP_24315,HS578T,0.1uM,24h,NA,NA,NA,0.21429286,NA
AM 251,LINCSCP_192573,A549,10uM,6h,NA,NA,NA,0.21428851,NA
CHEMBL2361748,LINCSCP_35318,MCF7,10uM,24h,NA,NA,NA,0.21427056,NA
Domperidone,LINCSCP_6863,A549,10uM,24h,4,NA,NA,0.21412789,NA
CHEMBL2361021,LINCSCP_64273,VCAP,5uM,24h,NA,NA,NA,0.21407434,NA
SA-103006,LINCSCP_58672,VCAP,10uM,24h,NA,NA,NA,0.21400446,NA
BRD-K65290386,LINCSCP_65849,VCAP,10uM,6h,NA,NA,NA,0.21394585,NA
BRD-K18249495,LINCSCP_59321,VCAP,10uM,6h,NA,NA,NA,0.21388473,NA
BRD-K49810938,LINCSCP_300322,VCAP,5uM,24h,NA,NA,NA,0.21388147,NA
SMP2_000081,LINCSCP_45126,PC3,20uM,6h,NA,NA,NA,0.21388017,NA
IN1345,LINCSCP_241427,MCF7,10uM,6h,NA,NA,NA,0.21380573,NA
I-BET151,LINCSCP_88836,HA1E,0.12uM,24h,NA,NA,NA,0.21380487,NA
Enoxacin,LINCSCP_109652,HELA,0.04uM,24h,4,NA,NA,0.21380112,NA
AK-968/11369213,LINCSCP_23206,HEPG2,10uM,6h,NA,NA,NA,0.21379565,NA
MLS000332706,LINCSCP_22308,HEPG2,10uM,6h,NA,NA,NA,0.21370575,NA
NVP-BHG712,LINCSCP_148233,NPC.CAS9,0.12uM,24h,NA,NA,NA,0.21363776,NA
Trimethobenzamide,LINCSCP_14443,HA1E,10uM,24h,4,NA,NA,0.21363507,NA
BRD-K12655851,LINCSCP_231399,HT29,5uM,24h,NA,NA,NA,0.21363048,NA
Rolipram,LINCSCP_219271,HEPG2,10uM,6h,2,NA,NA,0.21356062,NA
UK 356618,LINCSCP_748,A375,10uM,24h,NA,NA,NA,0.21353236,NA
Naringenin,LINCSCP_25166,HT29,10uM,6h,NA,NA,NA,0.21352197,NA
Naringenin,LINCSCP_25166,HT29,10uM,6h,NA,NA,NA,0.21352197,NA
BRD-K85694079,LINCSCP_32257,MCF7,10uM,24h,NA,NA,NA,0.21352139,NA
GF-109203,LINCSCP_13503,H1299,10uM,6h,NA,NA,NA,0.21351961,NA
BRD-K60558601,LINCSCP_59684,VCAP,5uM,24h,NA,NA,NA,0.21340896,NA
Guanfacine,LINCSCP_284262,SKB,10uM,24h,4,NA,NA,0.21337295,NA
MLS001116134,LINCSCP_178346,A375,10uM,6h,NA,NA,NA,0.21335555,NA
Nitrendipine,LINCSCP_13408,H1299,10uM,6h,4,NA,NA,0.21325007,NA
Skatole,LINCSCP_221275,HEPG2,10uM,6h,NA,NA,NA,0.21324742,NA
MLS003129369,LINCSCP_60676,VCAP,5uM,6h,NA,NA,NA,0.21320446,NA
WZ 4002,LINCSCP_29595,MCF10A,0.5uM,24h,NA,NA,NA,0.21293318,NA
Gangaleoidin,LINCSCP_28787,HUH7,10uM,24h,NA,NA,NA,0.21290638,NA
ALD1-H_001119,LINCSCP_31909,MCF7,10uM,24h,NA,NA,NA,0.21287736,NA
"N-(4-Hydroxyphenyl)icosa-5,8,11,14-tetraenamide",LINCSCP_55803,VCAP,10uM,6h,NA,NA,NA,0.21279235,NA
MLS003672589,LINCSCP_177131,A375,10uM,24h,NA,NA,NA,0.21270423,NA
GSK J4,LINCSCP_83447,ASC.C,0.04uM,24h,NA,NA,NA,0.21268352,NA
Momelotinib,LINCSCP_111523,HEPG2,10uM,24h,3,NA,NA,0.2126497,NA
MLS002699913,LINCSCP_16263,HA1E,10uM,6h,NA,NA,NA,0.21260424,NA
Gallopamil,LINCSCP_120284,HT29,0.37uM,24h,2,NA,NA,0.21259421,NA
PK04_096316,LINCSCP_58993,VCAP,10uM,6h,NA,NA,NA,0.21256538,NA
Fenofibrate,LINCSCP_213915,HCC515,10uM,24h,4,NA,NA,0.21255868,NA
PK04_101107,LINCSCP_283398,SKB,10uM,24h,NA,NA,NA,0.21247319,NA
ST50850895,LINCSCP_58317,VCAP,10uM,24h,NA,NA,NA,0.21244082,NA
BRD-K37255594,LINCSCP_62371,VCAP,5uM,6h,NA,NA,NA,0.21239144,NA
BRD-K57064803,LINCSCP_49672,PC3,0.37uM,24h,NA,NA,NA,0.21230854,NA
Betahistine,LINCSCP_240729,MCF7,10uM,24h,4,NA,NA,0.21213563,NA
IN1128,LINCSCP_13894,HA1E,10uM,6h,NA,NA,NA,0.21213408,NA
GP 1A,LINCSCP_23085,HEPG2,10uM,6h,NA,NA,NA,0.21211331,NA
ZINC00952128,LINCSCP_20320,HCC515,10uM,6h,NA,NA,NA,0.21210917,NA
AC1Q471E,LINCSCP_33174,MCF7,10uM,6h,NA,NA,NA,0.21189112,NA
AC55649,LINCSCP_15458,HA1E,10uM,24h,NA,NA,NA,0.21181975,NA
SCHEMBL722708,LINCSCP_58060,VCAP,10uM,24h,NA,NA,NA,0.21181661,NA
1135243-19-4,LINCSCP_1588,A375,10uM,6h,NA,NA,NA,0.21174975,NA
Talibegron,LINCSCP_7503,A549,10uM,6h,NA,NA,NA,0.21174688,NA
Clenbuterol,LINCSCP_161126,PC3,10uM,24h,4,NA,NA,0.21167781,NA
BRD-K54219003,LINCSCP_308482,VCAP,5uM,6h,NA,NA,NA,0.21155837,NA
Voglibose,LINCSCP_139785,MCF7,0.37uM,24h,NA,NA,NA,0.21151062,NA
BRD-K36070105,LINCSCP_62880,VCAP,5uM,24h,NA,NA,NA,0.21150507,NA
Pioglitazone,LINCSCP_123746,HT29,0.37uM,24h,4,NA,NA,0.21134868,NA
BRD-K10134498,LINCSCP_62118,VCAP,5uM,24h,NA,NA,NA,0.21132512,NA
SA-1920687,LINCSCP_253573,MCF7,3uM,24h,NA,NA,NA,0.21130829,NA
BRD-K00663349,LINCSCP_77242,A375,0.37uM,24h,NA,NA,NA,0.21130366,NA
SB 239063,LINCSCP_47031,PC3,10uM,6h,NA,NA,NA,0.21129911,NA
2-(4-Methoxybenzylthio)-6-methylpyrimidin-4-ol,LINCSCP_31614,MCF7,10uM,24h,NA,NA,NA,0.2112682,NA
Pictilisib,LINCSCP_36667,MCF7,1uM,6h,2,NA,NA,0.21120023,NA
Econazole,LINCSCP_76431,A375,0.12uM,24h,4,NA,NA,0.21118881,NA
BRD-K79153888,LINCSCP_63460,VCAP,5uM,6h,NA,NA,NA,0.21114519,NA
BAY 57-1293,LINCSCP_166313,YAPC,0.37uM,24h,NA,NA,NA,0.21113153,NA
L 744832,LINCSCP_259668,NEU,10uM,6h,NA,NA,NA,0.21113104,NA
BRD-K32051704,LINCSCP_60166,VCAP,5uM,24h,NA,NA,NA,0.21107144,NA
JSH-23,LINCSCP_206582,DV90,5uM,6h,NA,NA,NA,0.21099253,NA
BRD-K80391949,LINCSCP_61500,VCAP,5uM,24h,NA,NA,NA,0.21091919,NA
BRD-K48673964,LINCSCP_8155,A549,5uM,24h,NA,NA,NA,0.21090246,NA
Chlorthalidone,LINCSCP_189068,A549,10uM,6h,4,NA,NA,0.21085104,NA
alizapride,LINCSCP_173941,YAPC,1.11uM,24h,NA,NA,NA,0.21080064,NA
MD-II-038,LINCSCP_49832,PHH,10uM,24h,NA,NA,NA,0.21054349,NA
Gestrinone,LINCSCP_99342,HA1E,10uM,24h,4,NA,NA,0.21053192,NA
BRD-K33891131,LINCSCP_61763,VCAP,5uM,24h,NA,NA,NA,0.2105128,NA
Prostoglandin A1,LINCSCP_57050,VCAP,1uM,6h,NA,NA,NA,0.21045401,NA
ZINC05054912,LINCSCP_211573,HA1E,10uM,6h,NA,NA,NA,0.21043127,NA
Palbociclib,LINCSCP_163929,SKBR3,3.33uM,3h,4,NA,NA,0.21027631,NA
Metyrapone,LINCSCP_4374,A549,10uM,6h,4,NA,NA,0.21019795,NA
CHEMBL1083527,LINCSCP_132288,MCF7,10uM,3h,NA,NA,NA,0.21014975,NA
Vemurafenib,LINCSCP_19553,HCC515,10uM,6h,NA,NA,NA,0.21014118,NA
Vemurafenib,LINCSCP_19553,HCC515,10uM,6h,4,NA,NA,0.21014118,NA
STO609,LINCSCP_56167,VCAP,10uM,6h,NA,NA,NA,0.21013834,NA
MLS000062185,LINCSCP_57468,VCAP,10uM,6h,NA,NA,NA,0.21010006,NA
Pentosalen,LINCSCP_50176,PHH,10uM,24h,NA,NA,NA,0.21009586,NA
Norfloxacin,LINCSCP_272472,PC3,10uM,24h,4,NA,NA,0.21002918,NA
IN1246,LINCSCP_55599,VCAP,10uM,24h,NA,NA,NA,0.21002719,NA
BRD-K98004941,LINCSCP_294463,VCAP,10uM,24h,NA,NA,NA,0.20995796,NA
CHEMBL610781,LINCSCP_216876,HCC515,10uM,6h,NA,NA,NA,0.20991511,NA
AC1NS4MK,LINCSCP_241917,MCF7,10uM,6h,NA,NA,NA,0.2098855,NA
MLS000709026,LINCSCP_29308,LOVO,40uM,6h,NA,NA,NA,0.20986809,NA
BRD-K62222886,LINCSCP_59688,VCAP,5uM,24h,NA,NA,NA,0.20982364,NA
UNII-U7RWT9J78O,LINCSCP_238293,MCF7,10uM,24h,NA,NA,NA,0.20958591,NA
BRD-K70018966,LINCSCP_60414,VCAP,5uM,24h,NA,NA,NA,0.20951904,NA
TAE-684,LINCSCP_86029,BT20,3.33uM,24h,NA,NA,NA,0.20947705,NA
Mccg,LINCSCP_43237,NPC,10uM,24h,NA,NA,NA,0.20936329,NA
BRD-K40630529,LINCSCP_60180,VCAP,5uM,24h,NA,NA,NA,0.20933458,NA
MLS-0342317.0001,LINCSCP_57402,VCAP,10uM,6h,NA,NA,NA,0.2093309,NA
BRD-K89412540,LINCSCP_308055,VCAP,5uM,6h,NA,NA,NA,0.20932351,NA
CHEMBL1970015,LINCSCP_295670,VCAP,10uM,24h,NA,NA,NA,0.20931662,NA
MLS003179192,LINCSCP_10922,ASC,10uM,24h,NA,NA,NA,0.20926429,NA
MLS001065853,LINCSCP_31750,MCF7,10uM,6h,NA,NA,NA,0.20924338,NA
AC1OA39F,LINCSCP_47207,PC3,10uM,6h,NA,NA,NA,0.20919982,NA
Aminoglutethimide,LINCSCP_290542,VCAP,10uM,24h,4,NA,NA,0.20913562,NA
BRD-K34387287,LINCSCP_52374,SKB,10uM,24h,NA,NA,NA,0.20908651,NA
SMR001317659,LINCSCP_917,A375,0.5uM,6h,NA,NA,NA,0.20908453,NA
MLS000107177,LINCSCP_33854,MCF7,10uM,24h,NA,NA,NA,0.2090232,NA
Guggulsterone,LINCSCP_33186,MCF7,10uM,6h,NA,NA,NA,0.20898706,NA
MLS002474581,LINCSCP_5000,A549,10uM,24h,NA,NA,NA,0.20897909,NA
SCHEMBL17857056,LINCSCP_39203,MDAMB231,10uM,6h,NA,NA,NA,0.20897135,NA
Thiothixene,LINCSCP_98870,HA1E,10uM,24h,NA,NA,NA,0.20888364,NA
BRD-K38659247,LINCSCP_59966,VCAP,5uM,6h,NA,NA,NA,0.20886513,NA
BRD-K86938339,LINCSCP_62059,VCAP,5uM,24h,NA,NA,NA,0.20885239,NA
BRD-K69293497,LINCSCP_61153,VCAP,5uM,6h,NA,NA,NA,0.20884586,NA
Menadione,LINCSCP_53374,SKMEL1,10uM,6h,4,NA,NA,0.20883741,NA
BRD-K80232076,LINCSCP_62045,VCAP,5uM,24h,NA,NA,NA,0.20881891,NA
Dexamethasone 21-acetate,LINCSCP_6877,A549,10uM,24h,NA,NA,NA,0.20877116,NA
YK 4-279,LINCSCP_30712,MCF7,10uM,6h,NA,NA,NA,0.20875925,NA
BG-1027,LINCSCP_13402,FIBRNPC,10uM,6h,NA,NA,NA,0.20859983000000001,NA
MLS-0091943.0001,LINCSCP_26604,HT29,10uM,6h,NA,NA,NA,0.20849439,NA
Carprofen,LINCSCP_101676,HELA,3.33uM,24h,4,NA,NA,0.20841822,NA
CHEMBL489621,LINCSCP_20035,HCC515,10uM,6h,NA,NA,NA,0.20840728,NA
MLS002473999,LINCSCP_59799,VCAP,5uM,6h,NA,NA,NA,0.20837618,NA
Loxapine,LINCSCP_30210,MCF7,10uM,6h,4,NA,NA,0.20835476,NA
CHEMBL3182395,LINCSCP_12216,BT20,0.1uM,24h,NA,NA,NA,0.20830478,NA
BRD-K91701366,LINCSCP_249885,MCF7,10uM,24h,NA,NA,NA,0.20824881,NA
MBX-2982,LINCSCP_92440,HA1E,3.33uM,24h,NA,NA,NA,0.20818177,NA
CHEMBL1731235,LINCSCP_210735,HA1E,10uM,6h,NA,NA,NA,0.20817731,NA
metitepine,LINCSCP_174430,YAPC,0.04uM,24h,NA,NA,NA,0.2081029,NA
Bisacodyl,LINCSCP_2612,A375,10uM,6h,4,NA,NA,0.20805418,NA
2-(Biphenyl-4-ylsulfonamido)pentanedioic acid,LINCSCP_267798,PC3,10uM,6h,NA,NA,NA,0.20803039,NA
Dihydroergotamine,LINCSCP_50125,PHH,10uM,24h,4,NA,NA,0.20799504,NA
BRD-K09031632,LINCSCP_65571,VCAP,10uM,24h,NA,NA,NA,0.20799307,NA
HMN-214,LINCSCP_36829,MCF7,0.5uM,24h,NA,NA,NA,0.20798646,NA
apicidin,LINCSCP_122981,HT29,3.33uM,24h,NA,NA,NA,0.20796477,NA
Oxybutynin,LINCSCP_20704,HCC515,10uM,6h,4,NA,NA,0.20796211,NA
Clonidine,LINCSCP_53853,SNUC4,10uM,6h,4,NA,NA,0.20790679,NA
Propafenone,LINCSCP_16924,HA1E,10uM,6h,4,NA,NA,0.20790659,NA
BRD-K19971276,LINCSCP_63566,VCAP,5uM,6h,NA,NA,NA,0.20790411,NA
BRD-K86727142-001-06-6,LINCSCP_265505,PC3,10uM,6h,NA,NA,NA,0.20787051,NA
BRD-M28080892,LINCSCP_309039,VCAP,5uM,6h,NA,NA,NA,0.20784917,NA
BRD-K69218883,LINCSCP_41064,NEU,10uM,24h,NA,NA,NA,0.20784406,NA
Broad-Sai-045,LINCSCP_3994,A375,0.37uM,24h,NA,NA,NA,0.20783918,NA
QX-222,LINCSCP_4365,A549,10uM,6h,NA,NA,NA,0.20779545,NA
7-Nitroindazole,LINCSCP_30738,MCF7,80uM,6h,NA,NA,NA,0.20774889,NA
BRD-K38144109,LINCSCP_59475,VCAP,10uM,24h,NA,NA,NA,0.20769833,NA
Vidarabine,LINCSCP_79152,A375,0.04uM,24h,4,NA,NA,0.20767448,NA
5-(6-Aminopurin-9-yl)-2-methyltetrahydrofuran-3-ol,LINCSCP_50704,RKO,10uM,6h,NA,NA,NA,0.20765916,NA
BRD-K16026651,LINCSCP_65778,VCAP,10uM,6h,NA,NA,NA,0.20762562,NA
BRD-K71448503,LINCSCP_49168,PC3,10uM,6h,NA,NA,NA,0.20757124,NA
BRD-K21683946,LINCSCP_61572,VCAP,5uM,24h,NA,NA,NA,0.20755225,NA
BRD-K96113587,LINCSCP_185264,A375,5uM,24h,NA,NA,NA,0.20752964,NA
IPRATROPIUM BROMIDE,LINCSCP_176258,YAPC,3.33uM,24h,NA,NA,NA,0.20751324,NA
CHEMBL3084797,LINCSCP_4257,A549,10uM,6h,NA,NA,NA,0.20750247,NA
QL-XII-47,LINCSCP_6732,A549,10uM,6h,NA,NA,NA,0.20748951,NA
PCA-4248,LINCSCP_134732,MCF7,0.12uM,24h,NA,NA,NA,0.20746391,NA
BRD-K00381581,LINCSCP_28193,HT29,10uM,24h,NA,NA,NA,0.20733649,NA
BRD-K76138094,LINCSCP_64442,VCAP,5uM,6h,NA,NA,NA,0.20731969,NA
AC1MGPVN,LINCSCP_203524,ASC,10uM,24h,NA,NA,NA,0.20728204,NA
RO-281675,LINCSCP_30773,MCF7,100uM,6h,NA,NA,NA,0.20720467,NA
LY288513,LINCSCP_7030,A549,10uM,24h,NA,NA,NA,0.20719118,NA
SSR 69071,LINCSCP_7728,A549,10uM,6h,NA,NA,NA,0.20711696,NA
BRD-K55482336,LINCSCP_60395,VCAP,5uM,24h,NA,NA,NA,0.2070451,NA
BRD-K27918075,LINCSCP_60158,VCAP,5uM,24h,NA,NA,NA,0.20699408,NA
BRD-K43848904,LINCSCP_64771,VCAP,10uM,6h,NA,NA,NA,0.20697475,NA
BRD-K15146741,LINCSCP_59636,VCAP,5uM,24h,NA,NA,NA,0.20694673,NA
88495-63-0,LINCSCP_1933,A375,10uM,6h,NA,NA,NA,0.20694179,NA
BRD-K14408783,LINCSCP_60352,VCAP,5uM,24h,NA,NA,NA,0.20691311,NA
BRD-K63880531,LINCSCP_64424,VCAP,5uM,6h,NA,NA,NA,0.20691004,NA
MLS-0315771.0002,LINCSCP_295281,VCAP,10uM,24h,NA,NA,NA,0.20687926,NA
Sotalol,LINCSCP_58066,VCAP,10uM,24h,4,NA,NA,0.2068302,NA
CHEMDIV3_005068,LINCSCP_16884,HA1E,10uM,6h,NA,NA,NA,0.20679917,NA
GW3965,LINCSCP_52500,SKB,10uM,24h,NA,NA,NA,0.20679888,NA
AC1NDE46,LINCSCP_17875,HCC515,10uM,24h,NA,NA,NA,0.20678581,0.20332927
Piretanide,LINCSCP_33261,MCF7,10uM,6h,4,NA,NA,0.20663032,NA
Treprostinil,LINCSCP_49825,PHH,10uM,24h,NA,NA,NA,0.20658177,NA
Procarbazine,LINCSCP_208689,HA1E,10uM,24h,4,NA,NA,0.20655349,NA
EDOXUDINE,LINCSCP_141442,MCF7,0.04uM,24h,NA,NA,NA,0.20652847,NA
CHEMBL2356468,LINCSCP_32330,MCF7,10uM,6h,NA,NA,NA,0.2065226,NA
QL47,LINCSCP_145959,MDAMB231,1.11uM,3h,NA,NA,NA,0.20647982,NA
BRD-K96552587,LINCSCP_28110,HT29,5uM,24h,NA,NA,NA,0.20646573,NA
SB-218078,LINCSCP_6992,A549,10uM,24h,NA,NA,NA,0.20641168,NA
Androstenol,LINCSCP_58857,VCAP,10uM,24h,NA,NA,NA,0.20641165,NA
Arbutin,LINCSCP_90782,HA1E,10uM,24h,NA,NA,NA,0.20640464,NA
WZ 3146,LINCSCP_49970,PHH,10uM,24h,NA,NA,NA,0.20639914,NA
SMR000075623,LINCSCP_211428,HA1E,10uM,6h,NA,NA,NA,0.20635063,NA
BRD-K30229575,LINCSCP_48364,PC3,5uM,24h,NA,NA,NA,0.20633547,NA
BRD-K20537503,LINCSCP_231970,HT29,5uM,24h,NA,NA,NA,0.20630582,NA
Broad-Sai-296,LINCSCP_35413,MCF7,0.5uM,24h,NA,NA,NA,0.20626277,NA
AZD-1775,LINCSCP_112272,HEPG2,0.04uM,24h,2,NA,NA,0.20625272,NA
IC-87114,LINCSCP_296118,VCAP,10uM,24h,NA,NA,NA,0.20612724,NA
Evodiamine,LINCSCP_30437,MCF7,10uM,24h,NA,NA,NA,0.20602726,NA
BRD-K91892860,LINCSCP_63952,VCAP,5uM,6h,NA,NA,NA,0.2059771,NA
NS-3694,LINCSCP_4351,A549,10uM,6h,NA,NA,NA,0.20586954,NA
BMY-7378,LINCSCP_22746,HEPG2,10uM,6h,NA,NA,NA,0.20585115,NA
149759-96-6,LINCSCP_41269,NEU,10uM,6h,NA,NA,NA,0.20584713,NA
AC1L1KV5,LINCSCP_33165,MCF7,10uM,6h,NA,NA,NA,0.20584092,NA
BRD-K75034919,LINCSCP_185212,A375,5uM,24h,NA,NA,NA,0.20582479,NA
4-[(5-Bromoquinolin-8-yl)amino]-4-oxobutanoic acid,LINCSCP_2007,A375,10uM,6h,NA,NA,NA,0.20577055,NA
Necrostatin,LINCSCP_4660,A549,100uM,6h,NA,NA,NA,0.20576019,NA
BRD-K61649900,LINCSCP_302628,VCAP,5uM,24h,NA,NA,NA,0.20569802,NA
BRD-K71746288,LINCSCP_47237,PC3,10uM,6h,NA,NA,NA,0.20564466,NA
114798-26-4,LINCSCP_30631,MCF7,100uM,24h,NA,NA,NA,0.20562141,NA
Ofloxacin,LINCSCP_8005,A549,10uM,6h,4,NA,NA,0.20559675,NA
BRD-K30270755,LINCSCP_307928,VCAP,5uM,6h,NA,NA,NA,0.20558418,NA
BRD-K80676896,LINCSCP_277125,PC3,5uM,24h,NA,NA,NA,0.2055609,NA
ICG-001,LINCSCP_30847,MCF7,10uM,6h,NA,NA,NA,0.20542617,NA
Broad-Sai-424,LINCSCP_250156,MCF7,0.5uM,6h,NA,NA,NA,0.20541805,NA
N-(3-Acetamidophenyl)-3-chlorobenzamide,LINCSCP_58748,VCAP,10uM,6h,NA,NA,NA,0.20541714,NA
BRD-K32069250,LINCSCP_312293,VCAP,3uM,24h,NA,NA,NA,0.20538785,NA
BRD-K77953075,LINCSCP_62410,VCAP,5uM,6h,NA,NA,NA,0.20527481,NA
Arctigenin,LINCSCP_50475,PHH,3uM,6h,NA,NA,NA,0.20521079,NA
Thalidomide,LINCSCP_271976,PC3,10uM,24h,4,NA,NA,0.20515802,NA
BRD-K55341911,LINCSCP_3272,A375,5uM,24h,NA,NA,NA,0.20515011,NA
3-Aminobenzamide,LINCSCP_9199,A549,0.01uM,24h,NA,NA,NA,0.20513164,NA
BRD-K08878345,LINCSCP_57379,VCAP,10uM,6h,NA,NA,NA,0.20512295,NA
Nortriptyline,LINCSCP_175490,YAPC,10uM,24h,4,NA,NA,0.20509707,NA
ST51009565,LINCSCP_2056,A375,10uM,6h,NA,NA,NA,0.20504561,NA
BRD-K02241254,LINCSCP_61932,VCAP,5uM,24h,NA,NA,NA,0.2049864,NA
Tubocurarine,LINCSCP_290760,VCAP,10uM,24h,4,NA,NA,0.20495158,NA
Arundine,LINCSCP_138878,MCF7,0.11uM,24h,NA,NA,NA,0.20491778,NA
CHEMBL3181961,LINCSCP_239945,MCF7,10uM,24h,NA,NA,NA,0.20488493,NA
TAS-301,LINCSCP_353,A375,10uM,24h,NA,NA,NA,0.20484058,NA
MLS003448162,LINCSCP_19775,HCC515,10uM,6h,NA,NA,NA,0.20484028,NA
Captopril,LINCSCP_180821,A375,10uM,6h,4,NA,NA,0.20479763,NA
Procainamide,LINCSCP_59510,VCAP,10uM,24h,4,NA,NA,0.20478737,NA
Melatonin,LINCSCP_10282,A549,10uM,6h,4,NA,NA,0.20474627,NA
CHEMBL584481,LINCSCP_190583,A549,10uM,24h,NA,NA,NA,0.20473377,NA
BRD-K27671514,LINCSCP_65090,VCAP,10uM,24h,NA,NA,NA,0.20471520000000001,NA
"1-(4-Methoxyphenyl)-n,n-dipropyl-1H-pyrazolo[3,4-d]pyrimidin-4-amine",LINCSCP_38391,MCF7,0.1uM,24h,NA,NA,NA,0.20468502,NA
KUC104542N,LINCSCP_57912,VCAP,10uM,6h,NA,NA,NA,0.20454378,NA
MLS002264449,LINCSCP_19892,HCC515,10uM,6h,NA,NA,NA,0.2045237,NA
Broad-Sai-560,LINCSCP_35421,MCF7,0.1uM,24h,NA,NA,NA,0.20450754,NA
BRD-K93445052,LINCSCP_59939,VCAP,5uM,24h,NA,NA,NA,0.204505,NA
BRD-K24149610,LINCSCP_59856,VCAP,5uM,24h,NA,NA,NA,0.2045033,NA
SPECTRUM_000011,LINCSCP_25335,HT29,10uM,6h,NA,NA,NA,0.20450067,NA
BRD-A72498772,LINCSCP_222100,HL60,1uM,24h,NA,NA,NA,0.20449356,NA
BG-1028,LINCSCP_13392,FIBRNPC,10uM,6h,NA,NA,NA,0.20446348,NA
BRD-K16257790,LINCSCP_65231,VCAP,10uM,24h,NA,NA,NA,0.20439247,NA
MAZ51,LINCSCP_552,A375,10uM,6h,NA,NA,NA,0.2043699,NA
BRD-K47499097,LINCSCP_60194,VCAP,5uM,24h,NA,NA,NA,0.20435744,NA
BRD-K26327304,LINCSCP_61868,VCAP,5uM,6h,NA,NA,NA,0.20434961,NA
Celecoxib,LINCSCP_2579,A375,10uM,6h,4,NA,NA,0.20433591,NA
Trichostatin,LINCSCP_22405,HEPG2,10uM,6h,NA,NA,NA,0.20430819,NA
Raltitrexed,LINCSCP_258248,NEU,10uM,24h,4,NA,NA,0.20428269,NA
CHEMBL254777,LINCSCP_25275,HT29,10uM,24h,NA,NA,NA,0.20423901,NA
Voriconazole Impurity D,LINCSCP_32491,MCF7,10uM,24h,NA,NA,NA,0.2042245,NA
Simvastatin,LINCSCP_236657,MCF7,10uM,6h,4,NA,NA,0.2041246,NA
Mead Ethanolamide,LINCSCP_55784,VCAP,10uM,6h,NA,NA,NA,0.20410823,NA
"N-[2-(4-Fluorophenyl)-1,3-benzoxazol-5-yl]-2-(4-nitrophenoxy)acetamide",LINCSCP_58661,VCAP,10uM,24h,NA,NA,NA,0.20404604,NA
KO143,LINCSCP_39964,NCIH1836,40uM,6h,NA,NA,NA,0.20399286,NA
BRD-K72381041,LINCSCP_32369,MCF7,10uM,6h,NA,NA,NA,0.20398441,NA
Riluzole,LINCSCP_154678,PC3,0.04uM,24h,4,NA,NA,0.20398307,NA
SB-366791,LINCSCP_42646,NPC,10uM,24h,NA,NA,NA,0.20397972,NA
NCGC00170233-01,LINCSCP_16534,HA1E,10uM,6h,NA,NA,NA,0.20397715,NA
BAS 02859604,LINCSCP_294346,VCAP,10uM,24h,NA,NA,NA,0.20389962,NA
"(8Xi,11beta,14xi,16beta)-21-Chloro-9-fluoro-11-hydroxy-16-methyl-3,20-dioxopregna-1,4-dien-17-yl propanoate",LINCSCP_56364,VCAP,10uM,24h,NA,NA,NA,0.20389035,NA
CHEMBL372631,LINCSCP_13987,HA1E,10uM,24h,NA,NA,NA,0.20386277,NA
Promazine,LINCSCP_209942,HA1E,10uM,24h,4,NA,NA,0.20385972,NA
ASC-J9,LINCSCP_166647,YAPC,3.33uM,24h,NA,NA,NA,0.20384052,0.2132701
BRD-K80065513,LINCSCP_63185,VCAP,5uM,6h,NA,NA,NA,0.20375865,NA
BRD-K14974894,LINCSCP_63138,VCAP,5uM,6h,NA,NA,NA,0.20371197,NA
Clopenthixol,LINCSCP_22921,HEPG2,10uM,6h,NA,NA,NA,0.20370404,NA
CTK8E8566,LINCSCP_18406,HCC515,10uM,6h,NA,NA,NA,0.20369614,NA
BRD-K43842808,LINCSCP_41102,NEU,10uM,24h,NA,NA,NA,0.20366745,NA
ST50073310,LINCSCP_16284,HA1E,10uM,6h,NA,NA,NA,0.2036581,NA
BIO2_000516,LINCSCP_284623,SKB,10uM,24h,NA,NA,NA,0.20359933,NA
Quipazine,LINCSCP_6908,A549,10uM,24h,NA,NA,NA,0.20359927,NA
BRD-K65213718,LINCSCP_259553,NEU,10uM,24h,NA,NA,NA,0.20359515,NA
Lidocaine,LINCSCP_123431,HT29,0.04uM,24h,4,NA,NA,0.20358826,NA
BRD-K40566034,LINCSCP_7838,A549,10uM,24h,NA,NA,NA,0.20354108,NA
"4-(3-Ethyl[1,2,4]triazolo[3,4-b][1,3,4]thiadiazol-6-yl)aniline",LINCSCP_310061,VCAP,10uM,24h,NA,NA,NA,0.20349284,NA
BRD-K68950762,LINCSCP_249576,MCF7,5uM,24h,NA,NA,NA,0.20345503,NA
MLS003370614,LINCSCP_268833,PC3,10uM,6h,NA,NA,NA,0.20344114,NA
BRD-K99581804-001-01-2,LINCSCP_7948,A549,10uM,24h,NA,NA,NA,0.20341161,NA
CHEMBL1358228,LINCSCP_292550,VCAP,10uM,6h,NA,NA,NA,0.20340033,NA
BRD-K83933044,LINCSCP_62695,VCAP,5uM,24h,NA,NA,NA,0.20333027,NA
Isotretinoin,LINCSCP_20750,HCC515,10uM,6h,4,NA,NA,0.20332661,NA
Semagacestat (LY450139),LINCSCP_97159,HA1E,1.11uM,24h,NA,NA,NA,0.20332342,NA
MLS002607684,LINCSCP_19922,HCC515,10uM,6h,NA,NA,NA,0.20330279,NA
CHEMBL2152358,LINCSCP_23804,HEPG2,0.5uM,6h,NA,NA,NA,0.20326398,NA
Nocodazole,LINCSCP_37772,MCF7,3uM,6h,NA,NA,NA,0.20322709,NA
Ivacaftor (VX-770),LINCSCP_76477,A375,0.37uM,24h,4,NA,NA,0.20322573,NA
3-Phenyl-1H-pyrazole-5-carboxylic acid,LINCSCP_188303,A549,10uM,24h,NA,NA,NA,0.20320784,NA
Denbufylline,LINCSCP_2706,A375,10uM,6h,NA,NA,NA,0.20315174,NA
Navitoclax,LINCSCP_224051,HT29,10uM,24h,2,NA,NA,0.20308166,NA
"2-Propenoic acid, 3-[4-(1H-imidazol-1-ylmethyl)phenyl]-, (z)-",LINCSCP_55802,VCAP,10uM,6h,NA,NA,NA,0.20300838,NA
SA-102695,LINCSCP_37663,MCF7,3uM,24h,NA,NA,NA,0.20296103,NA
Carvedilol,LINCSCP_38264,MCF7,1uM,6h,4,NA,NA,0.20295105,NA
BRD-K88376874,LINCSCP_28107,HT29,5uM,24h,NA,NA,NA,0.20294356,NA
BRD-K33066317,LINCSCP_275503,PC3,5uM,24h,NA,NA,NA,0.2028956,NA
Furosemide,LINCSCP_126422,HT29,0.12uM,24h,4,NA,NA,0.20288045,NA
BRD-K34545919,LINCSCP_65624,VCAP,10uM,24h,NA,NA,NA,0.20287883,NA
SCH-23390,LINCSCP_258706,NEU,10uM,24h,NA,NA,NA,0.20287764,NA
KUC103423N,LINCSCP_31556,MCF7,10uM,24h,NA,NA,NA,0.20285517,NA
NVP DPP 728 dihydrochloride,LINCSCP_142989,MCF7,0.12uM,24h,NA,NA,NA,0.2028103,NA
CHEMBL2357518,LINCSCP_65208,VCAP,10uM,24h,NA,NA,NA,0.20280822,NA
PRESTWICK3_000689,LINCSCP_7266,A549,10uM,24h,NA,NA,NA,0.20273088,NA
SA-1921456,LINCSCP_260913,NKDBA,1uM,24h,NA,NA,NA,0.20271825,NA
Tyrphostin AG-112,LINCSCP_13446,H1299,10uM,6h,NA,NA,NA,0.20262324,NA
Mirtazapine,LINCSCP_258610,NEU,10uM,24h,4,NA,NA,0.20258583,NA
Telmisartan,LINCSCP_22792,HEPG2,10uM,6h,4,NA,NA,0.20251177,NA
Cnqx,LINCSCP_91164,HA1E,0.12uM,24h,NA,NA,NA,0.20250904,NA
Orlistat,LINCSCP_124146,HT29,3.33uM,24h,4,NA,NA,0.20249219,NA
BRD-K26545157,LINCSCP_199543,A549,5uM,24h,NA,NA,NA,0.20248341,NA
CHEMBL3184708,LINCSCP_305603,VCAP,5uM,24h,NA,NA,NA,0.2023991,NA
Dopamine,LINCSCP_27316,HT29,10uM,6h,4,NA,NA,0.20238684,NA
MRS 1754,LINCSCP_284789,SKB,10uM,24h,NA,NA,NA,0.20237852,NA
CHEMBL3220940,LINCSCP_41151,NEU,10uM,24h,NA,NA,NA,0.20236769,NA
BRD-K86800060,LINCSCP_62421,VCAP,5uM,6h,NA,NA,NA,0.20233683,NA
BRD-K76366810,LINCSCP_301964,VCAP,5uM,6h,NA,NA,NA,0.20231824,NA
tunicamycin,LINCSCP_38894,MCH58,NA,144h,NA,NA,NA,0.20231327,NA
BRD-K70974948,LINCSCP_20312,HCC515,10uM,6h,NA,NA,NA,0.20230884,NA
MLS002548992,LINCSCP_19934,HCC515,10uM,6h,NA,NA,NA,0.20228944,NA
252916-29-3,LINCSCP_59130,VCAP,10uM,6h,NA,NA,NA,0.20223029,NA
CHEMBL1270312,LINCSCP_15990,HA1E,10uM,6h,NA,NA,NA,0.20221603,NA
triptolide,LINCSCP_149117,NPC,1.11uM,24h,NA,NA,NA,0.20199351,NA
SPECTRUM_001020,LINCSCP_270,A375,10uM,24h,NA,NA,NA,0.20195548,NA
A-443654,LINCSCP_29727,MCF10A,0.1uM,6h,NA,NA,NA,0.20194372,NA
"3-Chloro-n-{3-[(furan-2-ylmethyl)carbamoyl]-5,6-dihydro-4H-cyclopenta[b]thiophen-2-yl}-1-benzothiophene-2-carboxamide",LINCSCP_2070,A375,10uM,6h,NA,NA,NA,0.20192208,NA
BRD-K09632545,LINCSCP_301806,VCAP,5uM,6h,NA,NA,NA,0.20185776,NA
SCIO 469 hydrochloride,LINCSCP_153317,PC3,0.04uM,24h,2,NA,NA,0.20179371,NA
SCHEMBL17052537,LINCSCP_24594,HS578T,1uM,6h,NA,NA,NA,0.2017843,NA
Toremifene,LINCSCP_168595,YAPC,10uM,24h,4,NA,NA,0.20176025,NA
Cimetidine,LINCSCP_50093,PHH,10uM,24h,4,NA,NA,0.20162748,NA
Coluracetam,LINCSCP_102387,HELA,10uM,24h,NA,NA,NA,0.20156088,NA
Aminocaproic acid,LINCSCP_172263,YAPC,0.04uM,24h,4,NA,NA,0.20156008,NA
Alectinib,LINCSCP_165089,SKL.C,0.04uM,24h,4,NA,NA,0.20150596,NA
BRD-K38797319,LINCSCP_307511,VCAP,5uM,6h,NA,NA,NA,0.20145413,NA
ABT-724,LINCSCP_106050,HELA,0.37uM,24h,NA,NA,NA,0.20144952,NA
Procyclidine,LINCSCP_59428,VCAP,10uM,24h,4,NA,NA,0.2013811,NA
BRD-K02322717,LINCSCP_183804,A375,5uM,24h,NA,NA,NA,0.20136886,NA
BRD-K31112909,LINCSCP_278114,PC3,10uM,24h,NA,NA,NA,0.20127998,NA
181144-66-1,LINCSCP_282274,PHH,10uM,24h,NA,NA,NA,0.20115351,NA
Molsidomine,LINCSCP_50205,PHH,10uM,24h,4,NA,NA,0.20113159,NA
KUC104140,LINCSCP_57784,VCAP,10uM,24h,NA,NA,NA,0.20111436,NA
SPB02303,LINCSCP_178623,A375,10uM,6h,NA,NA,NA,0.20108355,NA
BI 78D3,LINCSCP_11069,ASC,10uM,24h,NA,NA,NA,0.20103034,NA
CHEMBL258148,LINCSCP_923,A375,90uM,6h,NA,NA,NA,0.20101785,NA
BRD-K16370162,LINCSCP_296440,VCAP,5uM,24h,NA,NA,NA,0.20099051,NA
Hydroxytyrosol,LINCSCP_41166,NEU,10uM,24h,NA,NA,NA,0.20094423,NA
PJ34,LINCSCP_54496,SW948,10uM,6h,NA,NA,NA,0.2009055,NA
CHEMBL1591577,LINCSCP_57682,VCAP,10uM,6h,NA,NA,NA,0.20087982,NA
Amiprilose hydrochloride,LINCSCP_162248,PC3,10uM,24h,NA,NA,NA,0.20086948,NA
CHEMBL3400874,LINCSCP_37057,MCF7,3uM,24h,NA,NA,NA,0.2008401,NA
BRD-U32049204,LINCSCP_16090,HA1E,10uM,6h,NA,NA,NA,0.20077414,NA
59826-53-8,LINCSCP_58887,VCAP,10uM,24h,NA,NA,NA,0.20075641,NA
AC1MSUFC,LINCSCP_25687,HT29,40uM,6h,NA,NA,NA,0.20070591,NA
BRD-K46746428,LINCSCP_231776,HT29,5uM,24h,NA,NA,NA,0.20069536,NA
SR-02000000448,LINCSCP_5486,A549,10uM,6h,NA,NA,NA,0.20065298,NA
Quinoclamine,LINCSCP_264235,OV7,10uM,6h,NA,NA,NA,0.20062418,NA
SR59230A,LINCSCP_7164,A549,10uM,6h,NA,NA,NA,0.20060525,NA
BRD-K24621485,LINCSCP_37442,MCF7,0.5uM,24h,NA,NA,NA,0.20051128,NA
CAY10603,LINCSCP_787,A375,10uM,24h,NA,NA,NA,0.20049445,NA
5-Nonyloxytryptamine,LINCSCP_19838,HCC515,10uM,6h,NA,NA,NA,0.2003996,NA
AZELAIC ACID,LINCSCP_167859,YAPC,3.33uM,24h,4,NA,NA,0.20039501,NA
MLS000106055,LINCSCP_34746,MCF7,20uM,24h,NA,NA,NA,0.2002989,NA
CGP-53353,LINCSCP_28759,HUH7,3uM,24h,NA,NA,NA,0.20018558,NA
Zacopride,LINCSCP_189937,A549,10uM,24h,NA,NA,NA,0.20017164,NA
Masitinib,LINCSCP_12209,BT20,0.1uM,24h,3,NA,NA,0.20015013,NA
KUC104486,LINCSCP_19893,HCC515,10uM,6h,NA,NA,NA,0.20011992,NA
BRD-K34238482,LINCSCP_63365,VCAP,5uM,24h,NA,NA,NA,0.20011321,NA
TAK-715,LINCSCP_58898,VCAP,10uM,24h,2,NA,NA,0.20004483,NA
MLS003337116,LINCSCP_177880,A375,10uM,24h,NA,NA,NA,0.20001811,NA
BRD-K13513398,LINCSCP_62078,VCAP,5uM,6h,NA,NA,NA,0.20001693,NA
PU-H-71,LINCSCP_32683,MCF7,10uM,6h,NA,NA,NA,-0.32241512,NA
Cidoxepin,LINCSCP_139466,MCF7,1.11uM,24h,NA,NA,NA,-0.31818334,NA
SCHEMBL1995782,LINCSCP_261271,NOMO1,0.01uM,6h,NA,NA,NA,-0.31011982,NA
Camptothecin,LINCSCP_64905,VCAP,10uM,24h,NA,NA,NA,-0.30789146,NA
BRD-K62993927,LINCSCP_63234,VCAP,5uM,24h,NA,NA,NA,-0.30658418,NA
"13-Hydroxy-8,14,19-trimethoxy-4,10,12,16-tetramethyl-3,20,22-trioxo-2-azabicyclo[16.3.1]docosa-1(21),4,6,10,18-pentaen-9-yl carbamate",LINCSCP_36037,MCF7,0.1uM,6h,NA,NA,NA,-0.30504358,NA
Tamibarotene,LINCSCP_102197,HELA,3.33uM,24h,2,NA,NA,-0.29622459,NA
BRD-K44436874,LINCSCP_60379,VCAP,5uM,24h,NA,NA,NA,-0.28966902,NA
BRD-K01435720,LINCSCP_62749,VCAP,5uM,24h,NA,NA,NA,-0.28868116,NA
331771-20-1,LINCSCP_134231,MCF7,1.11uM,24h,NA,NA,NA,-0.28783418,NA
CI-1040,LINCSCP_144823,MDAMB231,0.12uM,24h,2,NA,NA,-0.28715498,NA
Tipifarnib,LINCSCP_95167,HA1E,0.04uM,24h,3,NA,NA,-0.28579147,NA
Cefozopran (hydrochloride),LINCSCP_125013,HT29,0.04uM,24h,NA,NA,NA,-0.28572693,NA
BRD-K25198488,LINCSCP_60856,VCAP,5uM,24h,NA,NA,NA,-0.28480637,NA
BRD-K10432434,LINCSCP_60344,VCAP,5uM,24h,NA,NA,NA,-0.28424181,NA
848193-68-0,LINCSCP_133692,MCF7,3.33uM,24h,NA,NA,NA,-0.28411466,NA
BRD-K07907451,LINCSCP_59831,VCAP,5uM,24h,NA,NA,NA,-0.28292876,NA
SB-203580,LINCSCP_134098,MCF7,3.33uM,24h,NA,NA,NA,-0.28285008,NA
2-Acetylphenothiazine,LINCSCP_31710,MCF7,10uM,6h,NA,NA,NA,-0.28224855,-0.21073092
BRD-K82881395,LINCSCP_298389,VCAP,5uM,24h,NA,NA,NA,-0.28190458,NA
Etravirine (TMC125),LINCSCP_175109,YAPC,3.33uM,24h,4,NA,NA,-0.2810366,NA
BRD-K49092745,LINCSCP_59673,VCAP,5uM,24h,NA,NA,NA,-0.28024224,NA
Varenicline Tartrate,LINCSCP_124935,HT29,0.04uM,24h,4,NA,NA,-0.27902375,NA
Radicicol,LINCSCP_30136,MCF7,0.5uM,6h,NA,NA,NA,-0.27902182,NA
Maprotiline,LINCSCP_72391,A375,0.12uM,24h,NA,NA,NA,-0.27847443,NA
Maprotiline,LINCSCP_72391,A375,0.12uM,24h,4,NA,NA,-0.27847443,NA
BRD-K35669573,LINCSCP_41956,NOMO1,0.001uM,24h,NA,NA,NA,-0.27832945,NA
BRD-A01645196,LINCSCP_84689,ASC,0.37uM,24h,NA,NA,NA,-0.27828653,NA
LY-294002,LINCSCP_68918,VCAP,0.5uM,6h,NA,NA,NA,-0.27778904,NA
SCHEMBL16226502,LINCSCP_251123,MCF7,0.1uM,6h,NA,NA,NA,-0.27761854,NA
Minoxidil,LINCSCP_15267,HA1E,10uM,24h,4,NA,NA,-0.27677205,NA
MLS003271342,LINCSCP_31531,MCF7,10uM,6h,NA,NA,NA,-0.27659705,NA
"3,7-Bis(dimethylamino)phenothiazin-5-ium",LINCSCP_41854,NOMO1,10uM,6h,3,NA,NA,-0.27624409,NA
Antipyrine,LINCSCP_124989,HT29,0.04uM,24h,4,NA,NA,-0.27566119,NA
BRD-K72425572,LINCSCP_65690,VCAP,10uM,24h,NA,NA,NA,-0.27526788,NA
Avagacestat (BMS-708163),LINCSCP_78348,A375,1.11uM,24h,2,NA,NA,-0.27512323,NA
BRD-A43331270-001-01-6,LINCSCP_50713,RKO,10uM,6h,NA,NA,NA,-0.27450996,NA
BX-795,LINCSCP_117749,HT29,1.11uM,24h,NA,NA,NA,-0.27366208,NA
AC1NSOND,LINCSCP_59296,VCAP,10uM,24h,NA,NA,NA,-0.27357713,NA
BRD-K96005107,LINCSCP_62829,VCAP,5uM,24h,NA,NA,NA,-0.27322014,NA
Cinaciguat,LINCSCP_79937,A375,0.37uM,24h,NA,NA,NA,-0.27287785,NA
BG-51,LINCSCP_212537,HA1E,0.1uM,24h,NA,NA,NA,-0.27168519,NA
BRD-K60554389,LINCSCP_59683,VCAP,5uM,24h,NA,NA,NA,-0.27049981,NA
Setiptiline,LINCSCP_153780,PC3,10uM,24h,NA,NA,NA,-0.27039673,NA
Ethacrynic acid,LINCSCP_123829,HT29,1.11uM,24h,4,NA,NA,-0.27027846,NA
CHEMBL2132289,LINCSCP_36623,MCF7,0.5uM,6h,NA,NA,NA,-0.2701246,NA
Disulfiram,LINCSCP_31802,MCF7,10uM,6h,4,NA,NA,-0.26980367,NA
Withaferin A,LINCSCP_9755,A549,0.001uM,24h,NA,NA,NA,-0.26907008,NA
BRD-K42576592,LINCSCP_65639,VCAP,10uM,24h,NA,NA,NA,-0.26878917,NA
Zafirlukast,LINCSCP_190299,A549,10uM,6h,4,NA,NA,-0.268557,NA
Rifampicin,LINCSCP_296222,VCAP,10uM,6h,4,NA,NA,-0.26845843,NA
BRD-K44410738,LINCSCP_28255,HT29,10uM,24h,NA,NA,NA,-0.26822624,NA
Dexamethasone Acetate,LINCSCP_179959,A375,10uM,6h,NA,NA,NA,-0.26791,-0.2302756
AC1NWAML,LINCSCP_137862,MCF7,10uM,24h,NA,NA,NA,-0.26644112,NA
Ticlopidine,LINCSCP_211099,HA1E,10uM,6h,4,NA,NA,-0.26593525,NA
Etoposide,LINCSCP_58138,VCAP,10uM,24h,4,NA,NA,-0.26572372,NA
CHEMBL2133926,LINCSCP_37988,MCF7,1uM,6h,NA,NA,NA,-0.26571545,NA
MLS004683642,LINCSCP_28536,HT29,100uM,24h,NA,NA,NA,-0.26540406,NA
869288-64-2,LINCSCP_134169,MCF7,10uM,24h,NA,NA,NA,-0.26532721,NA
BRD-K89699317,LINCSCP_61922,VCAP,5uM,6h,NA,NA,NA,-0.2648904,NA
BSPBIO_001592,LINCSCP_4816,A549,50uM,6h,NA,NA,NA,-0.26474811,NA
BRD-K97149069,LINCSCP_190630,A549,10uM,24h,NA,NA,NA,-0.26455073,NA
Risperidone,LINCSCP_1914,A375,10uM,6h,4,NA,NA,-0.2630809,NA
Enzalutamide,LINCSCP_64930,VCAP,10uM,24h,4,NA,NA,-0.26267283,NA
FK888,LINCSCP_7203,A549,10uM,6h,NA,NA,NA,-0.26264712,NA
Cabozantinib,LINCSCP_133324,MCF7,1.11uM,24h,4,NA,NA,-0.26151273,NA
Pelitinib,LINCSCP_72526,A375,1.11uM,24h,2,NA,NA,-0.26141139,NA
Bardoxolone Methyl,LINCSCP_153948,PC3,10uM,24h,3,NA,NA,-0.26107277,NA
6266-99-5,LINCSCP_56448,VCAP,10uM,24h,NA,NA,NA,-0.26095906,NA
Lenalidomide,LINCSCP_153354,PC3,10uM,24h,4,NA,NA,-0.26051378,NA
Nicardipine,LINCSCP_256510,NCIH1694,10uM,6h,4,NA,NA,-0.26004918,NA
Tremulacin,LINCSCP_57928,VCAP,10uM,24h,NA,NA,NA,-0.25878441,NA
AM404,LINCSCP_190044,A549,10uM,24h,NA,NA,NA,-0.25853227,NA
CHEMBL2355586,LINCSCP_59403,VCAP,10uM,6h,NA,NA,NA,-0.25849721,NA
pyrvinium-pamoate,LINCSCP_45068,PC3,10uM,24h,NA,NA,NA,-0.25813339,NA
BRD-K16479870,LINCSCP_279427,PC3,10uM,6h,NA,NA,NA,-0.25780641,NA
CHEMBL2355935,LINCSCP_64249,VCAP,5uM,24h,NA,NA,NA,-0.25754196,NA
BRD-A25736793,LINCSCP_112135,HEPG2,1.11uM,24h,NA,NA,NA,-0.25749891,NA
BRD-K93845141,LINCSCP_66188,VCAP,0.5uM,24h,NA,NA,NA,-0.25733581,NA
BRD-K89961851,LINCSCP_312578,VCAP,3uM,24h,NA,NA,NA,-0.25711476,NA
MLS003221405,LINCSCP_292504,VCAP,10uM,6h,NA,NA,NA,-0.25621079,NA
BRD-K47303556,LINCSCP_307966,VCAP,5uM,6h,NA,NA,NA,-0.2561678,-0.2091431
BRD-K98196975,LINCSCP_49207,PC3,10uM,6h,NA,NA,NA,-0.25548034,NA
BRD-K74964997,LINCSCP_61910,VCAP,5uM,6h,NA,NA,NA,-0.25503857,NA
TL_HRAS26,LINCSCP_624,A375,10uM,24h,NA,NA,NA,-0.25482233,NA
PRESTWICK3_000646,LINCSCP_56739,VCAP,10uM,6h,NA,NA,NA,-0.25429615,NA
SPECTRUM_000224,LINCSCP_139511,MCF7,0.04uM,24h,NA,NA,NA,-0.25403105,NA
MLS002264502,LINCSCP_31230,MCF7,10uM,6h,NA,NA,NA,-0.25336446,NA
NSC169534,LINCSCP_56743,VCAP,10uM,6h,NA,NA,NA,-0.25323566,NA
Sirolimus,LINCSCP_68665,VCAP,10uM,24h,NA,NA,NA,-0.25322472,NA
Sirolimus,LINCSCP_68665,VCAP,10uM,24h,NA,NA,NA,-0.25322472,NA
Sirolimus,LINCSCP_68665,VCAP,10uM,24h,4,NA,NA,-0.25322472,NA
BRD-K57206606,LINCSCP_196568,A549,5uM,24h,NA,NA,NA,-0.2522325,NA
Chlorpheniramine,LINCSCP_74628,A375,3.33uM,24h,4,NA,NA,-0.25201349,NA
BRD-K55260239,LINCSCP_35336,MCF7,10uM,24h,NA,NA,NA,-0.25178433,-0.20745385
STK661558,LINCSCP_2004,A375,10uM,6h,NA,NA,NA,-0.25164591,NA
ZK-93426,LINCSCP_78914,A375,10uM,24h,NA,NA,NA,-0.25147842,NA
Foretinib,LINCSCP_131996,MCF7,1.11uM,24h,2,NA,NA,-0.25113169,-0.25298386
Mirodenafil (dihydrochloride),LINCSCP_173635,YAPC,1.11uM,24h,NA,NA,NA,-0.25108919,NA
CHEMBL2359362,LINCSCP_61488,VCAP,5uM,24h,NA,NA,NA,-0.2510883,NA
testosterone,LINCSCP_79457,A375,10uM,24h,NA,NA,NA,-0.25095899,NA
ZM336372,LINCSCP_25815,HT29,100uM,6h,NA,NA,NA,-0.25089729,NA
SCHEMBL16980224,LINCSCP_134004,MCF7,0.37uM,24h,NA,NA,NA,-0.25069172,NA
BRD-K57552506,LINCSCP_61477,VCAP,5uM,24h,NA,NA,NA,-0.25053798,NA
BRD-K92434623,LINCSCP_49051,PC3,10uM,24h,NA,NA,NA,-0.25044275,NA
MLS002607727,LINCSCP_31504,MCF7,10uM,6h,NA,NA,NA,-0.25038108,NA
BRD-K28927944,LINCSCP_299162,VCAP,5uM,24h,NA,NA,NA,-0.25026031,NA
BRD-K33689388,LINCSCP_61036,VCAP,5uM,24h,NA,NA,NA,-0.24969154,NA
N-[4-(Acridin-9-ylmethyl)-3-methoxyphenyl]methanesulfonamide,LINCSCP_56464,VCAP,10uM,24h,NA,NA,NA,-0.24936322,NA
CHIR-265,LINCSCP_80331,A375,0.37uM,24h,2,NA,NA,-0.2488206,NA
Alisertib,LINCSCP_97682,HA1E,0.12uM,24h,3,NA,NA,-0.24881982,NA
BRD-K96551169,LINCSCP_62954,VCAP,5uM,24h,NA,NA,NA,-0.24854261,NA
BRD-K45185691,LINCSCP_64777,VCAP,10uM,6h,NA,NA,NA,-0.24831575,NA
MLS000583957,LINCSCP_1779,A375,10uM,6h,NA,NA,NA,-0.24829816,NA
Chlorpropamide,LINCSCP_109755,HELA,10uM,24h,4,NA,NA,-0.24823386,NA
Pimecrolimus,LINCSCP_174948,YAPC,3.33uM,24h,4,NA,NA,-0.24817297,NA
BRD-K78528600,LINCSCP_61827,VCAP,5uM,24h,NA,NA,NA,-0.24816097,NA
Indomethacin,LINCSCP_157448,PC3,0.37uM,24h,4,NA,NA,-0.24792042,NA
BRD-K95567178,LINCSCP_8657,A549,5uM,24h,NA,NA,NA,-0.24723837,NA
Mephenesin,LINCSCP_34341,MCF7,10uM,6h,4,NA,NA,-0.24722698,NA
GW843682X,LINCSCP_113337,HME1,10uM,3h,NA,NA,NA,-0.24722595,NA
R-7128,LINCSCP_78997,A375,10uM,24h,2,NA,NA,-0.24701966,NA
KU0060648,LINCSCP_36372,MCF7,0.01uM,6h,NA,NA,NA,-0.24652961,NA
Tadalafil,LINCSCP_18985,HCC515,10uM,24h,4,NA,NA,-0.24643773,NA
Indigo Red,LINCSCP_101761,HELA,0.37uM,24h,NA,NA,NA,-0.24603543,NA
BRD-K07275921,LINCSCP_61014,VCAP,5uM,24h,NA,NA,NA,-0.24593521,NA
CHEBI:82814,LINCSCP_96953,HA1E,10uM,24h,NA,NA,NA,-0.24587353,NA
Parbendazole,LINCSCP_34649,MCF7,10uM,24h,NA,NA,NA,-0.24567107999999999,NA
Zaprinast,LINCSCP_101603,HELA,10uM,24h,NA,NA,NA,-0.24471573,NA
Alpelisib,LINCSCP_163067,SKBR3,0.04uM,24h,3,NA,NA,-0.24462871,NA
BRD-K73658839,LINCSCP_61645,VCAP,5uM,24h,NA,NA,NA,-0.24452204,NA
Meractinomycin,LINCSCP_65058,VCAP,0.5uM,6h,NA,NA,NA,-0.24451232,NA
5-BrdU,LINCSCP_143422,MCF7,0.04uM,24h,2,NA,NA,-0.24427901,NA
Rita,LINCSCP_21620,HEPG2,10uM,6h,NA,NA,NA,-0.2440076,NA
SCH-79797,LINCSCP_55463,U937,10uM,6h,NA,NA,NA,-0.24398821,NA
BRD-K21953167,LINCSCP_48746,PC3,10uM,24h,NA,NA,NA,-0.24387557,NA
BRD-K08369728,LINCSCP_61736,VCAP,5uM,24h,NA,NA,NA,-0.24350861,NA
Metformin,LINCSCP_161325,PC3,3.33uM,24h,4,NA,NA,-0.24337405,NA
"O-(OCTAHYDRO-1H-4,7-METHANOINDEN-5-YL) HYDROGEN CARBONODITHIOATE",LINCSCP_58812,VCAP,10uM,24h,NA,NA,NA,-0.24301487,NA
BRD-K82794234,LINCSCP_303409,VCAP,5uM,6h,NA,NA,NA,-0.24283733,NA
CHEMBL2355494,LINCSCP_60189,VCAP,5uM,24h,NA,NA,NA,-0.24278391,-0.23060152
SPECTRUM_001092,LINCSCP_138078,MCF7,10uM,24h,NA,NA,NA,-0.2427836,NA
AC1MN7OA,LINCSCP_4186,A549,10uM,24h,NA,NA,NA,-0.24262104,NA
AC1MJ3VH,LINCSCP_56319,VCAP,10uM,6h,NA,NA,NA,-0.24260696,NA
O-Demethylated Adapalene,LINCSCP_250910,MCF7,0.01uM,6h,NA,NA,NA,-0.2424446,NA
BRD-K53756103,LINCSCP_60204,VCAP,5uM,24h,NA,NA,NA,-0.24210698,NA
FTI276,LINCSCP_35835,MCF7,0.01uM,6h,NA,NA,NA,-0.24135194,NA
Mitoxantrone,LINCSCP_69369,A375,3.33uM,24h,4,NA,NA,-0.24109674,NA
BRD-K00689442,LINCSCP_59946,VCAP,5uM,6h,NA,NA,NA,-0.24075192,NA
BMS-299897,LINCSCP_138749,MCF7,0.04uM,24h,NA,NA,NA,-0.24058627,NA
MLS000589843,LINCSCP_288246,THP1,0.01uM,6h,NA,NA,NA,-0.24056325,NA
BRD-K08963966,LINCSCP_61407,VCAP,5uM,24h,NA,NA,NA,-0.24019145,NA
BRD-K70068608,LINCSCP_48816,PC3,10uM,24h,NA,NA,NA,-0.23985682,-0.22351435
BRD-K71710045,LINCSCP_61644,VCAP,5uM,24h,NA,NA,NA,-0.23903503,NA
Erlotinib,LINCSCP_52064,SKBR3,10uM,6h,4,NA,NA,-0.23895575,NA
BI-2536,LINCSCP_40227,NCIH508,10uM,6h,2,NA,NA,-0.2389379,NA
Thiocolchicoside,LINCSCP_134612,MCF7,0.12uM,24h,3,NA,NA,-0.23864033,NA
JTE 013,LINCSCP_56160,VCAP,10uM,6h,NA,NA,NA,-0.23850182,NA
MLS-0315871.0001,LINCSCP_42216,NPC,10uM,24h,NA,NA,NA,-0.23844334,NA
BRD-K36418235,LINCSCP_62646,VCAP,5uM,24h,NA,NA,NA,-0.23837078,NA
BRD-K98168679,LINCSCP_3236,A375,5uM,24h,NA,NA,NA,-0.23824501,NA
Topiramate,LINCSCP_101401,HELA,1.11uM,24h,4,NA,NA,-0.23820107,NA
BG45,LINCSCP_43428,NPC,10uM,24h,NA,NA,NA,-0.23810404,NA
BX 912,LINCSCP_39216,MDAMB231,0.5uM,6h,NA,NA,NA,-0.23800236,NA
Olmesartan Medoxomil,LINCSCP_148,A375,10uM,6h,4,NA,NA,-0.23798406,NA
ZK-93423,LINCSCP_50306,PHH,3uM,24h,NA,NA,NA,-0.23789696,NA
C21H27N7O3,LINCSCP_85566,BT20,10uM,3h,NA,NA,NA,-0.2378044,NA
BRD-K98062568,LINCSCP_302024,VCAP,5uM,6h,NA,NA,NA,-0.23752281,NA
ST030350,LINCSCP_6065,A549,10uM,6h,NA,NA,NA,-0.23750531,NA
CHEMBL1271119,LINCSCP_1703,A375,10uM,6h,NA,NA,NA,-0.23747932,NA
Crotamiton,LINCSCP_5875,A549,10uM,6h,4,NA,NA,-0.23746483,NA
Pseudoephedrine,LINCSCP_52656,SKB,10uM,24h,4,NA,NA,-0.2371268,NA
BMS-182874,LINCSCP_523,A375,10uM,6h,NA,NA,NA,-0.23709422,NA
BRD-K74998149,LINCSCP_49014,PC3,10uM,24h,NA,NA,NA,-0.23692939,-0.26831071
OSI-027,LINCSCP_11843,BT20,1uM,24h,NA,NA,NA,-0.23675332,NA
OSI-027,LINCSCP_11843,BT20,1uM,24h,2,NA,NA,-0.23675332,NA
BRD-K03701362-019-01-7,LINCSCP_48409,PC3,5uM,24h,NA,NA,NA,-0.23655989,NA
Agomelatine,LINCSCP_141935,MCF7,10uM,24h,4,NA,NA,-0.23639945,NA
YC1,LINCSCP_23689,HEPG2,5uM,6h,NA,NA,NA,-0.2361307,NA
"8,10-Dimethyl-4-(2-methylphenyl)-3,4-dihydro-1H-pyrido[3',2':4,5]thieno[3,2-e][1,4]diazepine-2,5-dione",LINCSCP_2146,A375,10uM,6h,NA,NA,NA,-0.23591778,NA
PH-797804,LINCSCP_127422,HT29,1.11uM,24h,2,NA,NA,-0.23585906,NA
Clobenpropit,LINCSCP_31821,MCF7,10uM,6h,NA,NA,NA,-0.23584828,NA
MLS003429133,LINCSCP_31138,MCF7,10uM,24h,NA,NA,NA,-0.23577923,NA
179324-69-7,LINCSCP_75775,A375,20uM,24h,NA,NA,NA,-0.23576017,NA
SCHEMBL15444220,LINCSCP_2219,A375,10uM,6h,NA,NA,NA,-0.2356019,NA
Genz-644282,LINCSCP_126636,HT29,1.11uM,24h,NA,NA,NA,-0.23558289,NA
BROAD-SAI-071,LINCSCP_2147,A375,10uM,6h,NA,NA,NA,-0.23525533,-0.22876943
"2-(3-Chlorophenyl)-5-(prop-2-en-1-ylamino)-1,3-oxazole-4-carbonitrile",LINCSCP_292099,VCAP,10uM,6h,NA,NA,NA,-0.23514609,NA
Benzthiazide,LINCSCP_47920,PC3,10uM,6h,4,NA,NA,-0.23459304,NA
MLS000583951,LINCSCP_37858,MCF7,1uM,24h,NA,NA,NA,-0.23444644,NA
BRD-K82263627,LINCSCP_65348,VCAP,10uM,24h,NA,NA,NA,-0.23437659,NA
AC1LNRY5,LINCSCP_237056,MCF7,10uM,6h,NA,NA,NA,-0.23418665,NA
CHEMBL2357677,LINCSCP_60408,VCAP,5uM,24h,NA,NA,NA,-0.2340844,NA
Clofazimine,LINCSCP_139237,MCF7,3.33uM,24h,4,NA,NA,-0.23395487,NA
Bendroflumethiazide,LINCSCP_33055,MCF7,10uM,24h,4,NA,NA,-0.23394313,-0.20353594
Roxithromycin,LINCSCP_105885,HELA,10uM,24h,NA,NA,NA,-0.23320574,NA
Roxithromycin,LINCSCP_105885,HELA,10uM,24h,NA,NA,NA,-0.23320574,NA
Flumazenil,LINCSCP_52789,SKB,10uM,24h,4,NA,NA,-0.23294762,NA
CHEMBL2203528,LINCSCP_261278,NOMO1,0.01uM,6h,NA,NA,NA,-0.23289388,NA
STK219801,LINCSCP_30840,MCF7,20uM,6h,NA,NA,NA,-0.23283907,NA
TCB2,LINCSCP_141822,MCF7,3.33uM,24h,NA,NA,NA,-0.23283575,NA
SPARFLOXACIN,LINCSCP_102550,HELA,3.33uM,24h,NA,NA,NA,-0.23280535,NA
CHEMBL568614,LINCSCP_269189,PC3,10uM,24h,NA,NA,NA,-0.23271053,NA
AC1O9B20,LINCSCP_6089,A549,10uM,6h,NA,NA,NA,-0.23253065,NA
MLS-0044127.0001,LINCSCP_31688,MCF7,10uM,6h,NA,NA,NA,-0.2324635,NA
SA-243193,LINCSCP_253543,MCF7,10uM,24h,NA,NA,NA,-0.232436,NA
BRD-K71714567,LINCSCP_38086,MCF7,10uM,6h,NA,NA,NA,-0.23231089,NA
Chlorprothixene,LINCSCP_19123,HCC515,10uM,6h,NA,NA,NA,-0.23230188,-0.23067653
Chlorprothixene,LINCSCP_19123,HCC515,10uM,6h,NA,NA,NA,-0.23230188,-0.23067653
Chlorprothixene,LINCSCP_19123,HCC515,10uM,6h,NA,NA,NA,-0.23230188,-0.23067653
Chlorprothixene,LINCSCP_19123,HCC515,10uM,6h,NA,NA,NA,-0.23230188,-0.23067653
BAY 61-3606,LINCSCP_134120,MCF7,0.04uM,24h,NA,NA,NA,-0.23228631,NA
BRD-K52099002,LINCSCP_31929,MCF7,10uM,24h,NA,NA,NA,-0.23226658,NA
MLS003130191,LINCSCP_60415,VCAP,5uM,24h,NA,NA,NA,-0.23220076,NA
Bicalutamide,LINCSCP_244704,MCF7,10uM,6h,4,NA,NA,-0.23207609,NA
AC1NWAUW,LINCSCP_14517,HA1E,10uM,6h,NA,NA,NA,-0.23204713,NA
SPECTRUM_000051,LINCSCP_56114,VCAP,10uM,6h,NA,NA,NA,-0.23196037,NA
Pindolol,LINCSCP_109753,HELA,0.12uM,24h,4,NA,NA,-0.23179686,NA
IN1541,LINCSCP_41821,NOMO1,10uM,6h,NA,NA,NA,-0.23162125,NA
CHEMBL2359798,LINCSCP_33808,MCF7,10uM,24h,NA,NA,NA,-0.23143078,NA
Doxorubicin,LINCSCP_110365,HELA,10uM,24h,4,NA,NA,-0.23137891,NA
ST021200,LINCSCP_962,A375,10uM,6h,NA,NA,NA,-0.23130361,NA
BRD-K43122204,LINCSCP_48183,PC3,5uM,24h,NA,NA,NA,-0.23127578,NA
Pirarubicin,LINCSCP_47032,PC3,10uM,6h,NA,NA,NA,-0.2312454,NA
ChEBI91594,LINCSCP_13625,HA1E,10uM,24h,NA,NA,NA,-0.23112006,NA
OSI-930,LINCSCP_133349,MCF7,0.37uM,24h,1,NA,NA,-0.2309246,NA
BRD-K43838150,LINCSCP_278839,PC3,10uM,24h,NA,NA,NA,-0.23084892,NA
Butamben,LINCSCP_47629,PC3,10uM,24h,4,NA,NA,-0.23084785,-0.21689072
Tozasertib,LINCSCP_251584,MCF7,1uM,6h,2,NA,NA,-0.23080864,NA
Tacedinaline,LINCSCP_35406,MCF7,0.5uM,24h,3,NA,NA,-0.23070299,NA
Roxatidine Acetate,LINCSCP_294202,VCAP,10uM,6h,NA,NA,NA,-0.23069241,NA
NVP-AUY922,LINCSCP_201473,A549,0.01uM,24h,NA,NA,NA,-0.23057262,NA
BRD-K51363657,LINCSCP_63500,VCAP,5uM,24h,NA,NA,NA,-0.23055734,NA
BRD-K87755452,LINCSCP_27615,HT29,5uM,24h,NA,NA,NA,-0.23050122,NA
ST092379,LINCSCP_31875,MCF7,10uM,24h,NA,NA,NA,-0.230392,NA
CHEMBL2130935,LINCSCP_48726,PC3,10uM,24h,NA,NA,NA,-0.23030127,NA
Pitavastatin Calcium,LINCSCP_57948,VCAP,10uM,24h,4,NA,NA,-0.23028646,NA
CHEMBL2135770,LINCSCP_33826,MCF7,10uM,24h,NA,NA,NA,-0.23023149,NA
SCHEMBL10015911,LINCSCP_59555,VCAP,10uM,6h,NA,NA,NA,-0.23002539,-0.21969867
BRD-K79116978,LINCSCP_63244,VCAP,5uM,24h,NA,NA,NA,-0.22997072,NA
BMS-387032,LINCSCP_36920,MCF7,10uM,6h,1,NA,NA,-0.22980606,NA
BRD-K99718824,LINCSCP_61671,VCAP,5uM,24h,NA,NA,NA,-0.22962918,NA
CHEMBL2134104,LINCSCP_65687,VCAP,10uM,24h,NA,NA,NA,-0.22956562,-0.24650698
MG-132,LINCSCP_75858,A375,20uM,24h,NA,NA,NA,-0.22944176,NA
PRE-084,LINCSCP_18938,HCC515,10uM,24h,NA,NA,NA,-0.22934673,NA
BRD-K19826330,LINCSCP_61569,VCAP,5uM,24h,NA,NA,NA,-0.22928476,NA
SCHEMBL1564574,LINCSCP_11951,BT20,0.1uM,6h,NA,NA,NA,-0.22921906,NA
Teniposide,LINCSCP_56369,VCAP,10uM,24h,NA,NA,NA,-0.22892996,NA
BRD-K12589632,LINCSCP_297328,VCAP,5uM,24h,NA,NA,NA,-0.2288856,NA
MLS003129588,LINCSCP_60684,VCAP,5uM,6h,NA,NA,NA,-0.22888234,NA
Mevastatin,LINCSCP_46126,PC3,10uM,24h,NA,NA,NA,-0.22877622,-0.27647057
Ioxaglic acid,LINCSCP_7525,A549,10uM,6h,4,NA,NA,-0.22865765,NA
BRD-K65738831,LINCSCP_277081,PC3,5uM,24h,NA,NA,NA,-0.22860173,NA
BRD-K12411600,LINCSCP_8609,A549,5uM,24h,NA,NA,NA,-0.22853109,NA
Propentofylline,LINCSCP_527,A375,10uM,6h,NA,NA,NA,-0.22851643,NA
Articaine,LINCSCP_451,A375,10uM,6h,4,NA,NA,-0.22848563,NA
Bosentan,LINCSCP_79309,A375,3.33uM,24h,4,NA,NA,-0.22844507,NA
Idarubicin,LINCSCP_58277,VCAP,10uM,6h,4,NA,NA,-0.22828789,NA
SPECTRUM_001048,LINCSCP_56362,VCAP,10uM,24h,NA,NA,NA,-0.22826224,NA
CHEMBL2360495,LINCSCP_33905,MCF7,10uM,24h,NA,NA,NA,-0.22824959,NA
Oxymetazoline,LINCSCP_134932,MCF7,3.33uM,24h,4,NA,NA,-0.22815075,NA
Pyrrolidine Dithiocarbamate,LINCSCP_7200,A549,10uM,6h,NA,NA,NA,-0.22790707,NA
CGP 60474,LINCSCP_133672,MCF7,0.04uM,24h,NA,NA,NA,-0.22788984,NA
"2-Phenylethyl 3-(3,4-dihydroxyphenyl)prop-2-enoate",LINCSCP_55707,VCAP,10uM,24h,NA,NA,NA,-0.22783229,NA
Ecopipam,LINCSCP_289342,VCAP,10uM,24h,3,NA,NA,-0.2278283,NA
SCHEMBL14177979,LINCSCP_290262,VCAP,10uM,6h,NA,NA,NA,-0.22772946,NA
Medetomidine,LINCSCP_154686,PC3,3.33uM,24h,NA,NA,NA,-0.22756765,NA
BRD-K75368232,LINCSCP_8646,A549,5uM,24h,NA,NA,NA,-0.22753154,NA
BRD-K01595245,LINCSCP_59625,VCAP,5uM,24h,NA,NA,NA,-0.22739723,-0.20703404
"Temsirolimus (CCI-779, NSC 683864)",LINCSCP_154877,PC3,10uM,24h,NA,NA,NA,-0.22736504,NA
BRD-K31556224,LINCSCP_62364,VCAP,5uM,6h,NA,NA,NA,-0.22731389,NA
Fcodpguefhccia-Uhfffaoysa-N,LINCSCP_54211,SW620,10uM,6h,NA,NA,NA,-0.2272186,NA
AZD-8055,LINCSCP_36534,MCF7,0.1uM,24h,1,NA,NA,-0.22699787,NA
Josamycin,LINCSCP_101190,HELA,10uM,24h,NA,NA,NA,-0.22692711,NA
"Epothilone B (EPO906, Patupilone)",LINCSCP_78552,A375,1.11uM,24h,NA,NA,NA,-0.22690602000000001,NA
BDBM50127227,LINCSCP_376,A375,10uM,24h,NA,NA,NA,-0.22689623,NA
BRD-K41761879,LINCSCP_60376,VCAP,5uM,24h,NA,NA,NA,-0.2268523,NA
Sorafenib,LINCSCP_13,A375,10uM,24h,4,NA,NA,-0.22682527,NA
BRD-K39092862-001-01-2,LINCSCP_186563,A375,10uM,24h,NA,NA,NA,-0.2267224,NA
AC1NWAO0,LINCSCP_408,A375,10uM,6h,NA,NA,NA,-0.22662562,NA
Methyl 7-desoxypurpurogallin-7-carboxylate trimethyl ether,LINCSCP_18118,HCC515,10uM,6h,NA,NA,NA,-0.22661283,NA
"Estra-1,3,5(10),7-tetraen-17-one, 3-hydroxy-",LINCSCP_241754,MCF7,10uM,6h,NA,NA,NA,-0.22653315,NA
Aminopurvalanol,LINCSCP_50277,PHH,50uM,24h,NA,NA,NA,-0.2263879,NA
BRD-K64380185,LINCSCP_62306,VCAP,5uM,24h,NA,NA,NA,-0.22626425,NA
Alaproclate,LINCSCP_61,A375,10uM,6h,NA,NA,NA,-0.22623364,NA
AMBCB17415880,LINCSCP_242405,MCF7,10uM,24h,NA,NA,NA,-0.22615841,NA
EX-8678,LINCSCP_145924,MDAMB231,0.37uM,3h,NA,NA,NA,-0.22612571,NA
BRD-K14602451,LINCSCP_60108,VCAP,5uM,6h,NA,NA,NA,-0.22606815,NA
BRD-K91946056,LINCSCP_3372,A375,5uM,24h,NA,NA,NA,-0.22566966,NA
Acifran,LINCSCP_120908,HT29,0.37uM,24h,NA,NA,NA,-0.22553466,NA
BRD-K06550805,LINCSCP_62760,VCAP,5uM,24h,NA,NA,NA,-0.22551589,NA
H-9,LINCSCP_58838,VCAP,10uM,24h,NA,NA,NA,-0.22546581,NA
BRD-A28746609,LINCSCP_169350,YAPC,10uM,24h,NA,NA,NA,-0.22544942,NA
Valsartan,LINCSCP_77470,A375,0.04uM,24h,4,NA,NA,-0.22544532,NA
CHEMBL3182073,LINCSCP_60177,VCAP,5uM,24h,NA,NA,NA,-0.22541797,NA
SPECTRUM1505012,LINCSCP_97573,HA1E,1.11uM,24h,NA,NA,NA,-0.22541556,NA
Disopyramide,LINCSCP_89607,HA1E,0.04uM,24h,4,NA,NA,-0.22517603,NA
BRD-K88180879,LINCSCP_34990,MCF7,5uM,24h,NA,NA,NA,-0.22513951,NA
SB743921,LINCSCP_78558,A375,1.11uM,24h,NA,NA,NA,-0.22491237,NA
"Triazine Scaffold, 39",LINCSCP_291948,VCAP,10uM,24h,NA,NA,NA,-0.22481845,NA
Oleoylethanolamide,LINCSCP_22574,HEPG2,10uM,6h,NA,NA,NA,-0.22480386,NA
SMR000200744,LINCSCP_178216,A375,10uM,6h,NA,NA,NA,-0.22469528,NA
BRD-K11689127,LINCSCP_249155,MCF7,5uM,24h,NA,NA,NA,-0.22463441,NA
CHEMBL1700681,LINCSCP_5312,A549,10uM,6h,NA,NA,NA,-0.22459926,NA
"Ethyl 2-amino-1-cyclohexyl-1H-pyrrolo[2,3-b]quinoxaline-3-carboxylate",LINCSCP_2184,A375,10uM,6h,NA,NA,NA,-0.2245285,NA
168279-54-7,LINCSCP_31089,MCF7,10uM,6h,NA,NA,NA,-0.2245095,NA
Pimasertib,LINCSCP_20528,HCC515,10uM,6h,2,NA,NA,-0.22450328,NA
BRD-K21152218,LINCSCP_64173,VCAP,5uM,24h,NA,NA,NA,-0.22443243,NA
CDK4 Inhibitor III,LINCSCP_43996,PC3,10uM,24h,NA,NA,NA,-0.22439849,NA
Cobicistat (GS-9350),LINCSCP_120410,HT29,0.37uM,24h,4,NA,NA,-0.22430226,NA
BRD-K88686946,LINCSCP_3300,A375,5uM,24h,NA,NA,NA,-0.22421224,NA
BRD-K21374126,LINCSCP_41086,NEU,10uM,24h,NA,NA,NA,-0.22415431,NA
MLS002703112,LINCSCP_1817,A375,10uM,6h,NA,NA,NA,-0.22411602,NA
CHEMBL566722,LINCSCP_5030,A549,10uM,24h,NA,NA,NA,-0.22400495,NA
Gliquidone,LINCSCP_56185,VCAP,10uM,6h,4,NA,NA,-0.2239603,NA
BRD-K24885102,LINCSCP_59858,VCAP,5uM,24h,NA,NA,NA,-0.22394427,NA
BRD-K00411687,LINCSCP_63653,VCAP,5uM,24h,NA,NA,NA,-0.22389712,NA
CHEMBL2134949,LINCSCP_40844,NEU,10uM,24h,NA,NA,NA,-0.22379873,NA
Amidate,LINCSCP_18792,HCC515,10uM,24h,NA,NA,NA,-0.22378569,NA
MK-2866 (GTx-024),LINCSCP_89628,HA1E,1.11uM,24h,3,NA,NA,-0.22375104,NA
Benzbromarone,LINCSCP_102921,HELA,10uM,24h,4,NA,NA,-0.22372017,NA
Carbetapentane,LINCSCP_252577,MCF7,3uM,24h,4,NA,NA,-0.22369223,NA
Dichloroacetic acid,LINCSCP_31794,MCF7,10uM,6h,NA,NA,NA,-0.2236126,NA
MEGXM0_000348,LINCSCP_239859,MCF7,10uM,24h,NA,NA,NA,-0.22359011,NA
Fluorouracil,LINCSCP_10201,A549,0.001uM,6h,4,NA,NA,-0.22349403,NA
SB705498,LINCSCP_95260,HA1E,1.11uM,24h,2,NA,NA,-0.2234824,NA
N6-Cyclopentyladenosine,LINCSCP_464,A375,10uM,6h,NA,NA,NA,-0.22346022,NA
BRD-K95041551,LINCSCP_35262,MCF7,10uM,24h,NA,NA,NA,-0.22333298,NA
CHEMBL2131967,LINCSCP_6292,A549,10uM,6h,NA,NA,NA,-0.2232976,NA
Chelerythrine,LINCSCP_149215,NPC,0.12uM,24h,NA,NA,NA,-0.2232426,NA
TORIN-2,LINCSCP_58921,VCAP,10uM,24h,NA,NA,NA,-0.22309514,NA
BRD-K65959597,LINCSCP_65324,VCAP,10uM,24h,NA,NA,NA,-0.22308878,NA
MLS004342499,LINCSCP_247180,MCF7,5uM,24h,NA,NA,NA,-0.22302304,NA
Mesoridazine,LINCSCP_293802,VCAP,10uM,24h,4,NA,NA,-0.2230011,NA
BRD-K17139610,LINCSCP_61527,VCAP,5uM,6h,NA,NA,NA,-0.22296331,NA
Diphemanil,LINCSCP_209624,HA1E,10uM,24h,4,NA,NA,-0.22266819,NA
Ursolic acid,LINCSCP_140590,MCF7,0.04uM,24h,NA,NA,NA,-0.22266136,NA
Hydrocortisone,LINCSCP_296387,VCAP,10uM,6h,4,NA,NA,-0.22264679,NA
DICUMAROL,LINCSCP_124896,HT29,1.11uM,24h,4,NA,NA,-0.22260853,NA
BRD-K07382790,LINCSCP_61936,VCAP,5uM,24h,NA,NA,NA,-0.22259141,NA
Oxybenzone,LINCSCP_139751,MCF7,0.04uM,24h,4,NA,NA,-0.22250445,NA
BRD-K07569193,LINCSCP_37222,MCF7,1uM,24h,NA,NA,NA,-0.22250293,NA
Cinnarizine,LINCSCP_33465,MCF7,10uM,6h,4,NA,NA,-0.22246246,NA
BRD-K72505034,LINCSCP_16356,HA1E,10uM,6h,NA,NA,NA,-0.22237746,NA
Ivachtin,LINCSCP_289491,VCAP,10uM,6h,NA,NA,NA,-0.22231217,NA
2'-Deoxycytidine (hydrochloride),LINCSCP_98045,HA1E,1.11uM,24h,NA,NA,NA,-0.22228601,NA
BRD-K03354784,LINCSCP_62847,VCAP,5uM,24h,NA,NA,NA,-0.22222375,NA
BRD-K00715257,LINCSCP_248856,MCF7,5uM,24h,NA,NA,NA,-0.22211646,NA
BMS-536924,LINCSCP_54007,SW480,10uM,6h,NA,NA,NA,-0.222028,NA
ZM-39923,LINCSCP_499,A375,10uM,6h,NA,NA,NA,-0.22202114,NA
BRD-K72382350,LINCSCP_311577,VCAP,0.1uM,6h,NA,NA,NA,-0.22193634,NA
BRD-K83816656,LINCSCP_33928,MCF7,10uM,24h,NA,NA,NA,-0.22186611,NA
Alitretinoin,LINCSCP_190738,A549,10uM,6h,4,NA,NA,-0.22185739,NA
CP-724714,LINCSCP_235070,MCF10A,1uM,6h,2,NA,NA,-0.22179786,NA
BRD-K26684619,LINCSCP_205456,CD34,1uM,24h,NA,NA,NA,-0.22172946,NA
SCHEMBL16065773,LINCSCP_24907,HS578T,1uM,6h,NA,NA,NA,-0.2214825,NA
PNU-74654,LINCSCP_25515,HT29,80uM,24h,NA,NA,NA,-0.22142547,NA
MLS000717682,LINCSCP_45644,PC3,10uM,24h,NA,NA,NA,-0.22140867,NA
SPECTRUM_000715,LINCSCP_55608,VCAP,10uM,24h,NA,NA,NA,-0.22138567,NA
Dacarbazine,LINCSCP_72011,A375,10uM,24h,4,NA,NA,-0.22136361,NA
Levonorgestrel,LINCSCP_109157,HELA,1.11uM,24h,4,NA,NA,-0.22133316,NA
BRD-K82399474,LINCSCP_62228,VCAP,5uM,6h,NA,NA,NA,-0.22120851,NA
Dimethisoquin,LINCSCP_241662,MCF7,10uM,24h,NA,NA,NA,-0.22117516,NA
BRD-K81646882,LINCSCP_64451,VCAP,5uM,6h,NA,NA,NA,-0.22113664,NA
BRD-K42543304,LINCSCP_194120,A549,10uM,6h,NA,NA,NA,-0.22106368,NA
C19H19FN4O3,LINCSCP_115431,HS578T,0.37uM,3h,NA,NA,NA,-0.22102438,NA
SB525334,LINCSCP_133496,MCF7,10uM,24h,NA,NA,NA,-0.22096629,NA
BRD-K95042038,LINCSCP_229503,HT29,5uM,24h,NA,NA,NA,-0.22090632,NA
MLS002276524,LINCSCP_5123,A549,10uM,6h,NA,NA,NA,-0.22084892,NA
BRD-K56646986,LINCSCP_64417,VCAP,5uM,6h,NA,NA,NA,-0.22081216,NA
Pala,LINCSCP_54127,SW620,80uM,6h,NA,NA,NA,-0.22070454,NA
BRD-K51556300-001-01-9,LINCSCP_33876,MCF7,10uM,24h,NA,NA,NA,-0.22065831,NA
Amethopterin,LINCSCP_37210,MCF7,0.5uM,24h,NA,NA,NA,-0.2206561,NA
AC1N1YO4,LINCSCP_5226,A549,10uM,6h,NA,NA,NA,-0.22057971,NA
Rigosertib,LINCSCP_134151,MCF7,10uM,24h,3,NA,NA,-0.22056903,NA
SKF 86002,LINCSCP_33279,MCF7,10uM,6h,NA,NA,NA,-0.22052969,NA
Dinaciclib,LINCSCP_146093,MNEU.E,3.33uM,24h,3,NA,NA,-0.22050307,NA
PCL2_000154,LINCSCP_42278,NPC,10uM,24h,NA,NA,NA,-0.22045973,NA
BRD-K31970894,LINCSCP_63072,VCAP,5uM,24h,NA,NA,NA,-0.22044611,NA
Tacalcitol,LINCSCP_125710,HT29,10uM,24h,4,NA,NA,-0.22040011,-0.20735032
CHEMBL3189023,LINCSCP_63235,VCAP,5uM,24h,NA,NA,NA,-0.22038038,NA
BRD-K66658536,LINCSCP_35351,MCF7,10uM,24h,NA,NA,NA,-0.2202562,NA
Etodolac,LINCSCP_175127,YAPC,3.33uM,24h,4,NA,NA,-0.22024449,NA
BRD-K40413084-001-01-9,LINCSCP_48695,PC3,10uM,6h,NA,NA,NA,-0.22017507,NA
PHA-767491,LINCSCP_147572,NPC.CAS9,10uM,24h,NA,NA,NA,-0.21998236,NA
BRD-K54636101,LINCSCP_62977,VCAP,5uM,6h,NA,NA,NA,-0.21996408,NA
BRD-K99638701,LINCSCP_61524,VCAP,5uM,24h,NA,NA,NA,-0.21995176,NA
AC1NSZSY,LINCSCP_140949,MCF7,0.12uM,24h,NA,NA,NA,-0.21991175,NA
CHEMBL2143402,LINCSCP_33878,MCF7,10uM,24h,NA,NA,NA,-0.21968099,NA
GDC-0152,LINCSCP_125735,HT29,3.33uM,24h,NA,NA,NA,-0.21964826,NA
CHEMBL2362360,LINCSCP_59280,VCAP,10uM,24h,NA,NA,NA,-0.21954295,NA
Ipatasertib,LINCSCP_133341,MCF7,3.33uM,24h,2,NA,NA,-0.21954189,NA
IWR-1-ENDO,LINCSCP_9728,A549,3uM,24h,NA,NA,NA,-0.21949907,NA
SA-242443,LINCSCP_59868,VCAP,5uM,24h,NA,NA,NA,-0.21949785,NA
Ethylbeta-carboline-3-carboxylate,LINCSCP_290127,VCAP,10uM,24h,NA,NA,NA,-0.21939853,NA
BRD-K71353148,LINCSCP_60800,VCAP,5uM,24h,NA,NA,NA,-0.21932139,NA
UNII-BXU45ZH6LI,LINCSCP_89914,HA1E,3.33uM,24h,NA,NA,NA,-0.21929506000000001,NA
AC1N08ZR,LINCSCP_271650,PC3,10uM,6h,NA,NA,NA,-0.21919141,NA
MLS001065876,LINCSCP_25968,HT29,10uM,24h,NA,NA,NA,-0.21912042,NA
SPECTRUM2_000920,LINCSCP_56373,VCAP,10uM,24h,NA,NA,NA,-0.21907587,NA
Entinostat,LINCSCP_133777,MCF7,1.11uM,24h,3,NA,NA,-0.21904999,NA
Calcitriol,LINCSCP_24133,HL60,10uM,24h,NA,NA,NA,-0.21901396,NA
Calcitriol,LINCSCP_24133,HL60,10uM,24h,4,NA,NA,-0.21901396,NA
WZ3105,LINCSCP_116224,HT29,3.33uM,24h,NA,NA,NA,-0.21899253,NA
Desacetoxymatricarin,LINCSCP_30226,MCF7,10uM,6h,NA,NA,NA,-0.21894701,NA
Nilutamide,LINCSCP_32886,MCF7,10uM,24h,4,NA,NA,-0.21874111,NA
ENT-Benazepril,LINCSCP_18761,HCC515,10uM,24h,NA,NA,NA,-0.21873243,NA
AC1NWALF,LINCSCP_80386,A375,0.12uM,24h,NA,NA,NA,-0.21862686,NA
SU-11652,LINCSCP_73457,A375,1.11uM,24h,NA,NA,NA,-0.21857593,NA
Tolazamide,LINCSCP_44456,PC3,10uM,6h,4,NA,NA,-0.21849221,NA
BRD-K79106177,LINCSCP_299949,VCAP,5uM,24h,NA,NA,NA,-0.21847246,NA
MLS002607805,LINCSCP_31314,MCF7,10uM,24h,NA,NA,NA,-0.2183829,NA
BAY-117821,LINCSCP_53440,SKMEL28,10uM,6h,NA,NA,NA,-0.21828092,NA
Gelsemine,LINCSCP_291242,VCAP,10uM,6h,NA,NA,NA,-0.21825959,NA
BRD-K42620042,LINCSCP_62782,VCAP,5uM,24h,NA,NA,NA,-0.21817609,NA
BRD-K94412749,LINCSCP_65735,VCAP,10uM,24h,NA,NA,NA,-0.21817026,NA
BRD-K03394322-001-01-8,LINCSCP_59561,VCAP,10uM,6h,NA,NA,NA,-0.21808309,NA
Epirubicin,LINCSCP_56532,VCAP,10uM,6h,4,NA,NA,-0.21800897,NA
MLS002264428,LINCSCP_45638,PC3,10uM,6h,NA,NA,NA,-0.21798561,NA
BRD-K93944867,LINCSCP_48225,PC3,5uM,24h,NA,NA,NA,-0.21795815,NA
ZINC21985599,LINCSCP_43218,NPC,10uM,24h,NA,NA,NA,-0.21782231,-0.20173866
BRD-K74842589,LINCSCP_65062,VCAP,10uM,6h,NA,NA,NA,-0.21776497,NA
Epibatidine,LINCSCP_25321,HT29,10uM,6h,NA,NA,NA,-0.21769375,NA
BSPBIO_001542,LINCSCP_4155,A549,10uM,24h,NA,NA,NA,-0.21764196,NA
"Cis-N,N-Dimethyl-9-(3-(1-Piperazinyl)Propylidene)Thioxanthene-2-Sulfonamide",LINCSCP_45828,PC3,10uM,6h,NA,NA,NA,-0.2175324,NA
"4,11-Diethyl-4,9-dihydroxy-1H-pyrano[3',4':6,7]indolizino[1,2-b]quinoline-3,14(4H,12H)-dione",LINCSCP_25677,HT29,0.5uM,6h,NA,NA,NA,-0.21752979,NA
Deoxyrhapontin,LINCSCP_44785,PC3,10uM,6h,NA,NA,NA,-0.21752616,NA
Rifaximin,LINCSCP_140357,MCF7,10uM,24h,NA,NA,NA,-0.21749743,NA
Rifaximin,LINCSCP_140357,MCF7,10uM,24h,4,NA,NA,-0.21749743,NA
Methocarbamol,LINCSCP_265273,PC3,10uM,6h,4,NA,NA,-0.21744588,NA
AC1NWAPO,LINCSCP_44492,PC3,10uM,24h,NA,NA,NA,-0.21743104,NA
SKF-77434,LINCSCP_18084,HCC515,10uM,6h,NA,NA,NA,-0.21742084,NA
HG-14-10-04,LINCSCP_84282,ASC,1.11uM,24h,NA,NA,NA,-0.21741032,NA
BRD-K57638192,LINCSCP_35339,MCF7,10uM,24h,NA,NA,NA,-0.21740623,NA
Spironolactone,LINCSCP_34160,MCF7,10uM,24h,4,NA,NA,-0.2173923,NA
BRD-K83431831,LINCSCP_279541,PC3,10uM,6h,NA,NA,NA,-0.21732416,-0.20290377
CHEMBL2354376,LINCSCP_59776,VCAP,5uM,6h,NA,NA,NA,-0.21697249,NA
GDC-0068,LINCSCP_97021,HA1E,1.11uM,24h,NA,NA,NA,-0.21697225,NA
IMD-0354,LINCSCP_66294,WSUDLCL2,10uM,6h,NA,NA,NA,-0.21694547,NA
12K-612S,LINCSCP_188485,A549,10uM,6h,NA,NA,NA,-0.21686074,NA
BRD-K10771753,LINCSCP_298248,VCAP,5uM,24h,NA,NA,NA,-0.21684573,NA
MLS000063258,LINCSCP_293360,VCAP,10uM,24h,NA,NA,NA,-0.21682494,NA
BRD-K16714380,LINCSCP_60962,VCAP,5uM,6h,NA,NA,NA,-0.21680979,NA
ABT-199 (GDC-0199),LINCSCP_140382,MCF7,3.33uM,24h,4,NA,NA,-0.21676457,NA
BRD-K10232869,LINCSCP_297066,VCAP,5uM,6h,NA,NA,NA,-0.21672684,NA
GNF-PF-2272,LINCSCP_40941,NEU,10uM,24h,NA,NA,NA,-0.2166144,NA
BRD-K91395443,LINCSCP_312236,VCAP,10uM,6h,NA,NA,NA,-0.21657018,NA
MAYBRIDGE4_001964,LINCSCP_294539,VCAP,10uM,6h,NA,NA,NA,-0.21656881,NA
Securinine,LINCSCP_14347,HA1E,10uM,24h,NA,NA,NA,-0.21654567,NA
Securinine,LINCSCP_14347,HA1E,10uM,24h,NA,NA,NA,-0.21654567,NA
Nilotinib,LINCSCP_295300,VCAP,10uM,24h,4,NA,NA,-0.21651776,NA
Avicin-D,LINCSCP_55264,U266,10uM,6h,NA,NA,NA,-0.21648438,NA
Nafronyl,LINCSCP_78871,A375,0.04uM,24h,NA,NA,NA,-0.21647564,NA
CHEMBL2002102,LINCSCP_59577,VCAP,10uM,6h,NA,NA,NA,-0.21636663,NA
CHEMBL2356537,LINCSCP_28767,HUH7,10uM,24h,NA,NA,NA,-0.21636432,NA
CHEMBL1773273,LINCSCP_5016,A549,10uM,24h,NA,NA,NA,-0.21631919,NA
AB00540133,LINCSCP_4729,A549,10uM,6h,NA,NA,NA,-0.21630562,NA
4-(4-Octadecylphenyl)-4-oxobut-2-enoic acid,LINCSCP_44137,PC3,10uM,6h,NA,NA,NA,-0.21624788,NA
25-Hydroxycholecalciferol,LINCSCP_47019,PC3,10uM,6h,4,NA,NA,-0.21623406,NA
ZK 756326,LINCSCP_521,A375,10uM,6h,NA,NA,NA,-0.21617723,NA
3-Methyladenine,LINCSCP_51225,RMUGS,10uM,6h,NA,NA,NA,-0.21615068,NA
Ciprofibrate,LINCSCP_47846,PC3,10uM,6h,4,NA,NA,-0.21600694,NA
Maxacalcitol-D6,LINCSCP_125170,HT29,10uM,24h,NA,NA,NA,-0.21599099,NA
138402-11-6,LINCSCP_179571,A375,10uM,6h,NA,NA,NA,-0.21598252,NA
Loratadine,LINCSCP_78280,A375,10uM,24h,4,NA,NA,-0.2159762,-0.20125115
RS504393,LINCSCP_44163,PC3,10uM,6h,NA,NA,NA,-0.21590783,-0.27002928
noscapine,LINCSCP_131398,MCF10A,1.11uM,24h,NA,NA,NA,-0.21587876,NA
HY-11007,LINCSCP_134007,MCF7,10uM,24h,NA,NA,NA,-0.21576511,NA
BRD32048,LINCSCP_251072,MCF7,10uM,24h,NA,NA,NA,-0.21574822,NA
BRD-K29335396,LINCSCP_60533,VCAP,5uM,24h,NA,NA,NA,-0.21572436,NA
OTSSP167,LINCSCP_146306,MNEU.E,3.33uM,24h,NA,NA,NA,-0.2156759,NA
SPECTRUM_001088,LINCSCP_30326,MCF7,10uM,6h,NA,NA,NA,-0.2156365,NA
CHEMBL578162,LINCSCP_4937,A549,10uM,24h,NA,NA,NA,-0.21563142,NA
BRD-K60759206,LINCSCP_63231,VCAP,5uM,24h,NA,NA,NA,-0.21557297,NA
C29H35NO2,LINCSCP_11233,ASC,10uM,24h,NA,NA,NA,-0.21552836,NA
BRD-K78559095,LINCSCP_31979,MCF7,10uM,24h,NA,NA,NA,-0.21548732,NA
BRD-K70685076,LINCSCP_249582,MCF7,5uM,24h,NA,NA,NA,-0.21545009,NA
WYE 125132,LINCSCP_36438,MCF7,0.1uM,24h,NA,NA,NA,-0.21536934,NA
MLS003128613,LINCSCP_26163,HT29,10uM,6h,NA,NA,NA,-0.21529088,NA
Bepotastine Besilate,LINCSCP_126587,HT29,3.33uM,24h,4,NA,NA,-0.21529028,NA
Acarbose,LINCSCP_293803,VCAP,10uM,24h,NA,NA,NA,-0.21526582,NA
Acarbose,LINCSCP_293803,VCAP,10uM,24h,4,NA,NA,-0.21526582,NA
Dantrolene-13C3,LINCSCP_78185,A375,3.33uM,24h,NA,NA,NA,-0.21516123,NA
Zamifenacin,LINCSCP_380,A375,10uM,24h,NA,NA,NA,-0.21509469,NA
BRD-K98123586,LINCSCP_63437,VCAP,5uM,24h,NA,NA,NA,-0.21503407,NA
Daunorubicin,LINCSCP_24135,HL60,0.5uM,24h,4,NA,NA,-0.21503331,NA
Mebendazole,LINCSCP_76171,A375,3.33uM,24h,4,NA,NA,-0.21502788,NA
BDBM82056,LINCSCP_58091,VCAP,10uM,24h,NA,NA,NA,-0.21502691,NA
BRD-K59519347,LINCSCP_62670,VCAP,5uM,24h,NA,NA,NA,-0.21488645,NA
CC-401,LINCSCP_107674,HELA,0.12uM,24h,NA,NA,NA,-0.21474276,NA
TRAVOPROST,LINCSCP_72347,A375,1.11uM,24h,4,NA,NA,-0.21460063,NA
Splitomicin,LINCSCP_490,A375,10uM,6h,NA,NA,NA,-0.21454612,NA
BRD-K62595167,LINCSCP_61630,VCAP,5uM,24h,NA,NA,NA,-0.21454323,NA
CHEMBL3188797,LINCSCP_8603,A549,5uM,24h,NA,NA,NA,-0.21450993,NA
BRD-K78822642-001-01-1,LINCSCP_61497,VCAP,5uM,24h,NA,NA,NA,-0.21446691,NA
Phenolphthalein,LINCSCP_18870,HCC515,10uM,24h,4,NA,NA,-0.2144603,NA
Cilostazol,LINCSCP_172304,YAPC,10uM,24h,4,NA,NA,-0.21445027,NA
Aurora A Inhibitor I,LINCSCP_36671,MCF7,0.1uM,6h,NA,NA,NA,-0.21444354,NA
CHROMOMYCIN-A3,LINCSCP_26556,HT29,10uM,6h,NA,NA,NA,-0.21443217,NA
BRD-K88278225,LINCSCP_33938,MCF7,10uM,24h,NA,NA,NA,-0.21438569,NA
MLS002703117,LINCSCP_31743,MCF7,10uM,6h,NA,NA,NA,-0.21436364,NA
Thiostrepton,LINCSCP_253217,MCF7,10uM,6h,NA,NA,NA,-0.21431124,NA
Thiostrepton,LINCSCP_253217,MCF7,10uM,6h,NA,NA,NA,-0.21431124,NA
Rhamnetin,LINCSCP_223312,HT29,10uM,6h,NA,NA,NA,-0.21425924,NA
Triptolide (PG490),LINCSCP_109010,HELA,0.04uM,24h,NA,NA,NA,-0.21425223,NA
BRD-K84450674,LINCSCP_33930,MCF7,10uM,24h,NA,NA,NA,-0.21419889,NA
CHEMBL2360376,LINCSCP_60838,VCAP,5uM,24h,NA,NA,NA,-0.21414205,NA
Mestranol,LINCSCP_33744,MCF7,10uM,6h,4,NA,NA,-0.21409261,NA
BRD-K77328005,LINCSCP_62927,VCAP,5uM,24h,NA,NA,NA,-0.21403603,NA
Bifemelane,LINCSCP_179687,A375,10uM,6h,NA,NA,NA,-0.21397977,NA
Hydroxycholesterol,LINCSCP_2260,A375,10uM,6h,NA,NA,NA,-0.21395585,NA
MLS003329221,LINCSCP_57908,VCAP,10uM,6h,NA,NA,NA,-0.21393688,NA
MLS002607708,LINCSCP_31510,MCF7,10uM,6h,NA,NA,NA,-0.21393274,NA
BRD-A69951442-001-01-3,LINCSCP_94972,HA1E,10uM,24h,NA,NA,NA,-0.21389972,NA
BRD-K53285126,LINCSCP_181600,A375,5uM,24h,NA,NA,NA,-0.21385062,NA
MLS003370625,LINCSCP_1668,A375,10uM,6h,NA,NA,NA,-0.21384489,NA
SPECTRUM_001418,LINCSCP_105908,HELA,0.04uM,24h,NA,NA,NA,-0.21381637,NA
H7,LINCSCP_32620,MCF7,10uM,6h,NA,NA,NA,-0.21378776,-0.23573901
BRD-K68097207,LINCSCP_35354,MCF7,10uM,24h,NA,NA,NA,-0.21360728,NA
BRD-K96609736,LINCSCP_35059,MCF7,5uM,24h,NA,NA,NA,-0.21358846,NA
BRD-K87643614,LINCSCP_61172,VCAP,5uM,6h,NA,NA,NA,-0.21356528,NA
Fomepizole,LINCSCP_106268,HELA,10uM,24h,4,NA,NA,-0.2135565,NA
Eliprodil,LINCSCP_223511,HT29,10uM,24h,2,NA,NA,-0.21354973,NA
Andrographolide,LINCSCP_95348,HA1E,10uM,24h,NA,NA,NA,-0.21342681,NA
BH3I-1&PRIME;,LINCSCP_4313,A549,10uM,6h,NA,NA,NA,-0.21335096,NA
BRD-K71752918,LINCSCP_61816,VCAP,5uM,24h,NA,NA,NA,-0.21333487,NA
BRD-K92431661,LINCSCP_65541,VCAP,10uM,6h,NA,NA,NA,-0.2133008,-0.20834241
BRD-K09424864,LINCSCP_3211,A375,5uM,24h,NA,NA,NA,-0.21308752,NA
CHEMBL2142684,LINCSCP_31928,MCF7,10uM,24h,NA,NA,NA,-0.21305993,-0.21627663
XE991,LINCSCP_18914,HCC515,10uM,24h,NA,NA,NA,-0.21298044,NA
Seliciclib,LINCSCP_14211,HA1E,10uM,6h,2,NA,NA,-0.2128791,NA
BRD-K75264577,LINCSCP_27954,HT29,5uM,24h,NA,NA,NA,-0.2128724,NA
Apomorphine,LINCSCP_161138,PC3,10uM,24h,4,NA,NA,-0.21284359,NA
BRD-A95504714,LINCSCP_222118,HL60,1uM,24h,NA,NA,NA,-0.21282226,NA
Valrubicin,LINCSCP_109353,HELA,10uM,24h,4,NA,NA,-0.21279611,NA
BRD-K29004135,LINCSCP_61213,VCAP,5uM,24h,NA,NA,NA,-0.21275902,NA
CHEMBL2355362,LINCSCP_64324,VCAP,5uM,24h,NA,NA,NA,-0.21273068,NA
Tanespimycin,LINCSCP_30866,MCF7,0.5uM,6h,3,NA,NA,-0.21242162,NA
ST078797,LINCSCP_32651,MCF7,10uM,6h,NA,NA,NA,-0.21241488,NA
IOX2,LINCSCP_100497,HCC515,3.33uM,24h,NA,NA,NA,-0.21239767,NA
Bevirimat,LINCSCP_101638,HELA,0.04uM,24h,2,NA,NA,-0.21232235,NA
BRD-K50218765,LINCSCP_27539,HT29,5uM,24h,NA,NA,NA,-0.21223739,NA
MLS003649957,LINCSCP_60881,VCAP,5uM,24h,NA,NA,NA,-0.21223491,NA
BRD-K51981081,LINCSCP_309194,VCAP,5uM,24h,NA,NA,NA,-0.21209696,NA
Rotenone,LINCSCP_54888,THP1,0.5uM,6h,NA,NA,NA,-0.21209093,NA
CHEMBL2131671,LINCSCP_60260,VCAP,5uM,6h,NA,NA,NA,-0.2119697,NA
"N-(3-Fluoro-4-((7-methoxyquinolin-4-yl)oxy)phenyl)-1-(2-hydroxy-2-methylpropyl)-5-methyl-3-oxo-2-phenyl-2,3-dihydro-1H-pyrazole-4-carboxamide",LINCSCP_147155,NEU,3.33uM,24h,NA,NA,NA,-0.21195397,NA
BRD-K10916986-001-01-6,LINCSCP_42380,NPC,10uM,24h,NA,NA,NA,-0.21187562,NA
BRD-K38524184,LINCSCP_62650,VCAP,5uM,24h,NA,NA,NA,-0.21185521,NA
Vapiprost,LINCSCP_55773,VCAP,10uM,6h,NA,NA,NA,-0.21163927,NA
BRD-K46192888,LINCSCP_62288,VCAP,5uM,24h,NA,NA,NA,-0.21158606,NA
BRD-K98626176,LINCSCP_263122,NPC,10uM,24h,NA,NA,NA,-0.21158276,NA
BRD-K40567080,LINCSCP_60179,VCAP,5uM,24h,NA,NA,NA,-0.21145532,NA
BRD-K62719675,LINCSCP_20641,HCC515,10uM,6h,NA,NA,NA,-0.21140637,NA
Cobalt (Ii) Chloride,LINCSCP_243053,MCF7,10uM,24h,NA,NA,NA,-0.21128593,NA
Hypericin,LINCSCP_89601,HA1E,0.04uM,24h,NA,NA,NA,-0.21122586,NA
NCGC00018127-01,LINCSCP_47672,PC3,10uM,24h,NA,NA,NA,-0.21116561,NA
MLS-0435542.0001,LINCSCP_258322,NEU,10uM,24h,NA,NA,NA,-0.21113811,NA
GSK-1070916,LINCSCP_100463,HCC515,0.37uM,24h,1,NA,NA,-0.21098232,NA
STOCK1N-09285,LINCSCP_92788,HA1E,3.33uM,24h,NA,NA,NA,-0.21097952,NA
Minaprine,LINCSCP_4332,A549,10uM,6h,4,NA,NA,-0.21095784,NA
M3M3FBS,LINCSCP_21330,HEC108,80uM,6h,NA,NA,NA,-0.21091449,NA
BRD-K08080638,LINCSCP_61016,VCAP,5uM,24h,NA,NA,NA,-0.21091357,NA
IN1304,LINCSCP_6933,A549,10uM,6h,NA,NA,NA,-0.21082697,NA
Epitestosterone,LINCSCP_284251,SKB,10uM,24h,NA,NA,NA,-0.21078026,NA
BRD-K22013971,LINCSCP_62262,VCAP,5uM,24h,NA,NA,NA,-0.21078026,NA
MLS002725684,LINCSCP_6312,A549,10uM,24h,NA,NA,NA,-0.21074945,NA
Fenoterol,LINCSCP_52560,SKB,10uM,24h,4,NA,NA,-0.21070261,NA
BAY 87-2243,LINCSCP_160407,PC3,3.33uM,24h,NA,NA,NA,-0.21068719,NA
BRD-K13707774,LINCSCP_61196,VCAP,5uM,24h,NA,NA,NA,-0.2106598,NA
Benzocaine,LINCSCP_34511,MCF7,10uM,24h,4,NA,NA,-0.21060427,NA
Imiloxan,LINCSCP_72704,A375,10uM,24h,NA,NA,NA,-0.21057235,NA
Gallocatechin Gallate,LINCSCP_52993,SKLU1,90uM,6h,NA,NA,NA,-0.21054976,NA
Fipronil,LINCSCP_18789,HCC515,10uM,24h,NA,NA,NA,-0.21053146,NA
BIO2_000029,LINCSCP_44122,PC3,10uM,6h,NA,NA,NA,-0.2104951,-0.30754997
Dapsone,LINCSCP_296325,VCAP,10uM,6h,4,NA,NA,-0.21028904,NA
Broad-Sai-686,LINCSCP_41452,NEU,10uM,24h,NA,NA,NA,-0.210274,NA
BRD-K67766243,LINCSCP_61487,VCAP,5uM,24h,NA,NA,NA,-0.21025477,NA
BRD-K46419847,LINCSCP_60887,VCAP,5uM,24h,NA,NA,NA,-0.21020739,NA
ZSTK 474,LINCSCP_36519,MCF7,1uM,24h,NA,NA,NA,-0.21018228,NA
L-690488,LINCSCP_54992,THP1,10uM,6h,NA,NA,NA,-0.21018157,NA
BRD-K53914976,LINCSCP_60475,VCAP,5uM,6h,NA,NA,NA,-0.2100783,NA
Cefaclor,LINCSCP_34580,MCF7,10uM,6h,4,NA,NA,-0.21007232,NA
Proscillaridin A,LINCSCP_64992,VCAP,0.5uM,6h,NA,NA,NA,-0.21005412,NA
BRD-K36909552,LINCSCP_64649,VCAP,10uM,24h,NA,NA,NA,-0.21002927,NA
BRD-K89986699,LINCSCP_63539,VCAP,5uM,24h,NA,NA,NA,-0.20997516,NA
Macitentan,LINCSCP_159872,PC3,10uM,24h,4,NA,NA,-0.20989534,NA
BRD-K18641148,LINCSCP_34779,MCF7,5uM,24h,NA,NA,NA,-0.20977472,NA
MLS000763523,LINCSCP_3087,A375,10uM,6h,NA,NA,NA,-0.20971043,NA
BRD-K90163207,LINCSCP_307627,VCAP,5uM,6h,NA,NA,NA,-0.20970666,NA
Fluoxetine,LINCSCP_236001,MCF7,10uM,24h,4,NA,NA,-0.20963497,NA
AZD4547,LINCSCP_69789,A375,0.37uM,24h,NA,NA,NA,-0.20961201,NA
MLS001033149,LINCSCP_2396,A375,10uM,6h,NA,NA,NA,-0.20956966,NA
Alvocidib,LINCSCP_51481,SKBR3,0.5uM,24h,3,NA,NA,-0.20946941,NA
6-Azauridine,LINCSCP_189489,A549,10uM,24h,NA,NA,NA,-0.2094671,NA
Nordihydroguaiaretic acid,LINCSCP_141461,MCF7,10uM,24h,4,NA,NA,-0.20943734,NA
TP7,LINCSCP_255219,MCF7,10uM,6h,NA,NA,NA,-0.20940382,NA
Phenyl Biguanide,LINCSCP_7694,A549,10uM,6h,NA,NA,NA,-0.20937035,NA
BRD-K34787855,LINCSCP_60025,VCAP,5uM,24h,NA,NA,NA,-0.20921125,NA
BRD-K51083659,LINCSCP_180564,A375,10uM,6h,NA,NA,NA,-0.20912705,NA
MLS000877024,LINCSCP_34741,MCF7,1uM,24h,NA,NA,NA,-0.20911882,NA
Somatostatin,LINCSCP_58843,VCAP,10uM,24h,3,NA,NA,-0.20906713,NA
Omeprazole,LINCSCP_244152,MCF7,10uM,6h,4,NA,NA,-0.20904912,NA
Tioconazole,LINCSCP_137667,MCF7,0.37uM,24h,4,NA,NA,-0.20901156,NA
Penitrem A,LINCSCP_290837,VCAP,10uM,6h,NA,NA,NA,-0.20894226,NA
CHEMBL1513361,LINCSCP_57351,VCAP,10uM,6h,NA,NA,NA,-0.20892326,NA
NORGESTREL,LINCSCP_138002,MCF7,1.11uM,24h,NA,NA,NA,-0.20889654,NA
BRD-K59904884,LINCSCP_61252,VCAP,5uM,24h,NA,NA,NA,-0.20889505,NA
BRD-K62689646,LINCSCP_63297,VCAP,5uM,6h,NA,NA,NA,-0.20889027,NA
Hyoscyamine,LINCSCP_243470,MCF7,10uM,24h,NA,NA,NA,-0.20881411,NA
Hyoscyamine,LINCSCP_243470,MCF7,10uM,24h,NA,NA,NA,-0.20881411,NA
BRD-K56562216,LINCSCP_60396,VCAP,5uM,24h,NA,NA,NA,-0.2086816,NA
BRD-K85815049,LINCSCP_48216,PC3,5uM,24h,NA,NA,NA,-0.20866035,NA
Duloxetine,LINCSCP_238409,MCF7,10uM,24h,4,NA,NA,-0.20856676,NA
CEP-701,LINCSCP_71136,A375,0.37uM,24h,NA,NA,NA,-0.20855579,NA
BIIB 021,LINCSCP_32340,MCF7,10uM,6h,NA,NA,NA,-0.20842915,NA
SC-10,LINCSCP_56120,VCAP,10uM,6h,NA,NA,NA,-0.20841321,NA
BRD-K30620974,LINCSCP_61760,VCAP,5uM,24h,NA,NA,NA,-0.20830918,NA
Mozavaptan,LINCSCP_120993,HT29,0.12uM,24h,NA,NA,NA,-0.20826859,NA
Ziprasidone,LINCSCP_152975,PC3,0.12uM,24h,4,NA,NA,-0.20820643,NA
CHEMBL2132570,LINCSCP_59834,VCAP,5uM,24h,NA,NA,NA,-0.2081907,NA
SPECTRUM_001579,LINCSCP_175322,YAPC,10uM,24h,NA,NA,NA,-0.20817662,NA
MLN-0128,LINCSCP_157977,PC3,10uM,24h,2,NA,NA,-0.20814515,NA
BRD-K00859238,LINCSCP_35003,MCF7,5uM,24h,NA,NA,NA,-0.20805755,NA
BRD-M03817478,LINCSCP_308805,VCAP,5uM,24h,NA,NA,NA,-0.20797311,NA
Dilazep,LINCSCP_125061,HT29,0.04uM,24h,NA,NA,NA,-0.20782272,NA
AZ628,LINCSCP_81820,A549,0.37uM,24h,NA,NA,NA,-0.20775829,NA
BRD-K46445327,LINCSCP_16835,HA1E,10uM,6h,NA,NA,NA,-0.20763826,NA
BRD-K76938712,LINCSCP_58645,VCAP,10uM,24h,NA,NA,NA,-0.20761258,-0.23644265
MLS000394288,LINCSCP_25989,HT29,10uM,24h,NA,NA,NA,-0.20759208,NA
C24H25CLFN5O3,LINCSCP_116643,HT29,10uM,24h,NA,NA,NA,-0.20758296,NA
BRD-K85413794,LINCSCP_48702,PC3,0.01uM,6h,NA,NA,NA,-0.20758168,NA
MDL-28170,LINCSCP_56159,VCAP,10uM,6h,NA,NA,NA,-0.20741694,NA
Trapidil,LINCSCP_110574,HELA,0.04uM,24h,NA,NA,NA,-0.20726541,NA
NCH-51,LINCSCP_59486,VCAP,10uM,24h,NA,NA,NA,-0.20717075,NA
MLS001163538,LINCSCP_224813,HT29,10uM,6h,NA,NA,NA,-0.2071691,NA
LY 303511,LINCSCP_52866,SKB,10uM,24h,NA,NA,NA,-0.20711846,NA
Ellagic acid,LINCSCP_134852,MCF7,0.12uM,24h,2,NA,NA,-0.20709579,NA
BRD-K33928422,LINCSCP_258959,NEU,10uM,24h,NA,NA,NA,-0.20706536,NA
Chaetocin,LINCSCP_9185,A549,3uM,24h,NA,NA,NA,-0.20705836,NA
SA-90377,LINCSCP_34786,MCF7,5uM,24h,NA,NA,NA,-0.20700505,NA
Bumetanide,LINCSCP_243731,MCF7,10uM,6h,4,NA,NA,-0.20697981,NA
CHEMBL1910803,LINCSCP_1373,A375,10uM,24h,NA,NA,NA,-0.20693346,NA
YM 976,LINCSCP_169633,YAPC,3.33uM,24h,NA,NA,NA,-0.20687682,NA
AD-193/42475508,LINCSCP_26385,HT29,10uM,6h,NA,NA,NA,-0.20683595,NA
"1-[1-(3-Chloro-4-fluorophenyl)-2,5-dioxopyrrolidin-3-yl]piperidine-4-carboxamide",LINCSCP_32623,MCF7,10uM,6h,NA,NA,NA,-0.20674535,NA
BRD-K59578981,LINCSCP_60587,VCAP,5uM,24h,NA,NA,NA,-0.20671432,NA
BRD-M32495507,LINCSCP_64041,VCAP,5uM,24h,NA,NA,NA,-0.20671365,NA
SCHEMBL10026606,LINCSCP_46608,PC3,10uM,6h,NA,NA,NA,-0.20664011,NA
MLS001065831,LINCSCP_45966,PC3,10uM,24h,NA,NA,NA,-0.20662264,NA
Cediranib,LINCSCP_96241,HA1E,3.33uM,24h,3,NA,NA,-0.20661762,NA
CARGLUMIC ACID,LINCSCP_94636,HA1E,1.11uM,24h,4,NA,NA,-0.20646109,NA
Butaclamol (+),LINCSCP_73071,A375,1.11uM,24h,NA,NA,NA,-0.20637826,NA
BRD-K14079892,LINCSCP_3353,A375,5uM,24h,NA,NA,NA,-0.20632144,NA
BRD-K22945779,LINCSCP_60274,VCAP,5uM,6h,NA,NA,NA,-0.20627956,NA
Etoricoxib,LINCSCP_158313,PC3,10uM,24h,4,NA,NA,-0.20627951,NA
BRD-K33889536,LINCSCP_60541,VCAP,5uM,24h,NA,NA,NA,-0.2062205,NA
Pentoxifylline,LINCSCP_243780,MCF7,10uM,6h,4,NA,NA,-0.20621812,NA
PIK 75,LINCSCP_55491,U937,0.1uM,6h,NA,NA,NA,-0.20615421,NA
Propylthiouracil,LINCSCP_103580,HELA,1.11uM,24h,4,NA,NA,-0.20613215,NA
Losmapimod,LINCSCP_157799,PC3,3.33uM,24h,3,NA,NA,-0.20607739,NA
GW620972X,LINCSCP_129323,HUVEC,10uM,24h,NA,NA,NA,-0.20599336,NA
BRD-K97633445,LINCSCP_8982,A549,10uM,24h,NA,NA,NA,-0.20589571,NA
Benzoxiquine,LINCSCP_18963,HCC515,10uM,24h,NA,NA,NA,-0.20588302,NA
BRD-K80058142,LINCSCP_59797,VCAP,5uM,6h,NA,NA,NA,-0.2058763,NA
BRD-K05885800,LINCSCP_48722,PC3,10uM,24h,NA,NA,NA,-0.20584345,NA
SYK Inhibitor,LINCSCP_44133,PC3,10uM,6h,NA,NA,NA,-0.20567867,NA
SR57227A,LINCSCP_33195,MCF7,10uM,6h,NA,NA,NA,-0.20564376,NA
BRD-K06432527,LINCSCP_311802,VCAP,10uM,6h,NA,NA,NA,-0.20558178,NA
60559-98-0,LINCSCP_7650,A549,10uM,6h,NA,NA,NA,-0.20556341,NA
STK249718,LINCSCP_29058,HUH7,3uM,6h,NA,NA,NA,-0.20555365,NA
"D,L Carbidopa",LINCSCP_238016,MCF7,10uM,6h,NA,NA,NA,-0.20554623,NA
Erismodegib,LINCSCP_234730,LOVO,10uM,6h,4,NA,NA,-0.20553538,NA
Zaurategrast,LINCSCP_139521,MCF7,0.37uM,24h,NA,NA,NA,-0.20553156,NA
CHEMBL2357546,LINCSCP_63914,VCAP,5uM,24h,NA,NA,NA,-0.20548386,NA
BRD-K94250811,LINCSCP_277165,PC3,5uM,24h,NA,NA,NA,-0.20540109,NA
Enrofloxacin,LINCSCP_6905,A549,10uM,24h,NA,NA,NA,-0.20538296,NA
ST50050407,LINCSCP_16908,HA1E,10uM,6h,NA,NA,NA,-0.20536995,NA
BRD-K67868064,LINCSCP_65504,VCAP,10uM,6h,NA,NA,NA,-0.20536227,NA
BRD-K96707310,LINCSCP_63763,VCAP,5uM,24h,NA,NA,NA,-0.20532149,NA
CCT 018159,LINCSCP_44405,PC3,10uM,24h,NA,NA,NA,-0.20530381,NA
BRD-K52183630,LINCSCP_28087,HT29,5uM,24h,NA,NA,NA,-0.20529531,NA
BRD-K32665240,LINCSCP_61033,VCAP,5uM,24h,NA,NA,NA,-0.20528758,NA
BRD-K80171496,LINCSCP_61830,VCAP,5uM,24h,NA,NA,NA,-0.20526761,NA
SCHEMBL16980377,LINCSCP_50286,PHH,10uM,24h,NA,NA,NA,-0.2052676,NA
BRD-K04627808,LINCSCP_61188,VCAP,5uM,24h,NA,NA,NA,-0.20525489,NA
BRD-K27824357,LINCSCP_60157,VCAP,5uM,24h,NA,NA,NA,-0.20520359,-0.23491383
CHEMBL2138962,LINCSCP_65327,VCAP,10uM,24h,NA,NA,NA,-0.2051183,NA
BRD-K15392449,LINCSCP_63565,VCAP,5uM,6h,NA,NA,NA,-0.20510912,NA
Staurosporine,LINCSCP_3981,A375,3.33uM,24h,NA,NA,NA,-0.20498877,NA
PRX-08066 Maleic acid,LINCSCP_153217,PC3,10uM,24h,NA,NA,NA,-0.2049329,NA
CHEMBL2326701,LINCSCP_5199,A549,10uM,6h,NA,NA,NA,-0.20491948,NA
OSI-906 (Linsitinib),LINCSCP_108065,HELA,10uM,24h,3,NA,NA,-0.20483305,NA
Chrysin,LINCSCP_119985,HT29,0.37uM,24h,NA,NA,NA,-0.20482007,NA
CHEMBL2144875,LINCSCP_59201,VCAP,10uM,24h,NA,NA,NA,-0.20446764,NA
Rivaroxaban,LINCSCP_125104,HT29,10uM,24h,NA,NA,NA,-0.20445583,NA
Rivaroxaban,LINCSCP_125104,HT29,10uM,24h,4,NA,NA,-0.20445583,NA
Lexibulin,LINCSCP_54918,THP1,1uM,6h,2,NA,NA,-0.20440325,NA
BRD-K63077891,LINCSCP_59689,VCAP,5uM,24h,NA,NA,NA,-0.20436089,NA
Gamolenic acid,LINCSCP_33601,MCF7,10uM,24h,4,NA,NA,-0.20435937,NA
Trametinib,LINCSCP_87903,HA1E,3.33uM,24h,4,NA,NA,-0.20432355,NA
Pracinostat,LINCSCP_112466,HEPG2,0.04uM,24h,NA,NA,NA,-0.20422056,NA
301836-43-1,LINCSCP_100920,HCC515,10uM,24h,NA,NA,NA,-0.2041997,NA
BRD-K85592362,LINCSCP_243042,MCF7,10uM,24h,NA,NA,NA,-0.20414501,NA
KSC-16-144,LINCSCP_237646,MCF7,10uM,6h,NA,NA,NA,-0.20412662,NA
Reserpine,LINCSCP_144455,MCF7,10uM,24h,4,NA,NA,-0.20400439,NA
Honokiol,LINCSCP_143152,MCF7,0.04uM,24h,NA,NA,NA,-0.20399487,NA
BRD-K57339160,LINCSCP_60583,VCAP,5uM,24h,NA,NA,NA,-0.203967,NA
BRD-K57836103,LINCSCP_193623,A549,10uM,24h,NA,NA,NA,-0.20392433,NA
CHEMBL2143154,LINCSCP_60467,VCAP,5uM,6h,NA,NA,NA,-0.20385797,NA
BRD-K01621458,LINCSCP_212494,HA1E,3uM,24h,NA,NA,NA,-0.20374753,NA
Dactolisib,LINCSCP_101816,HELA,0.12uM,24h,2,NA,NA,-0.20370747,NA
MLS003221407,LINCSCP_31217,MCF7,10uM,24h,NA,NA,NA,-0.20362673,NA
BRD-K55077180,LINCSCP_8168,A549,5uM,24h,NA,NA,NA,-0.2036159,NA
CHEMBL3187124,LINCSCP_230493,HT29,5uM,24h,NA,NA,NA,-0.20352867,NA
BRD-K02847640,LINCSCP_61933,VCAP,5uM,24h,NA,NA,NA,-0.20350142,NA
CHEMBL399379,LINCSCP_55488,U937,80uM,6h,NA,NA,NA,-0.20349988,NA
BRD-K12559526,LINCSCP_64160,VCAP,5uM,24h,NA,NA,NA,-0.20344352,NA
BRD-K64305210,LINCSCP_63174,VCAP,5uM,6h,NA,NA,NA,-0.20342256,NA
AG 14361,LINCSCP_39846,NCIH1694,20uM,6h,NA,NA,NA,-0.20338561,NA
BRD-K94206926,LINCSCP_61001,VCAP,5uM,6h,NA,NA,NA,-0.20336293,NA
VU0420364-1,LINCSCP_57712,VCAP,10uM,6h,NA,NA,NA,-0.20330854,NA
CHEMBL19130,LINCSCP_2888,A375,10uM,6h,NA,NA,NA,-0.20330828,NA
CHEMBL2133868,LINCSCP_46601,PC3,10uM,6h,NA,NA,NA,-0.20315154,NA
BRD-K76454674,LINCSCP_301965,VCAP,5uM,6h,NA,NA,NA,-0.20314283,NA
Doxylamine,LINCSCP_18785,HCC515,10uM,24h,4,NA,NA,-0.20313893,NA
Ala-Ala-Phe-Cmk,LINCSCP_390,A375,10uM,24h,NA,NA,NA,-0.20313505,NA
GDC-0834 (Racemate),LINCSCP_169343,YAPC,0.04uM,24h,NA,NA,NA,-0.20311721,NA
Estradiol Cypionate,LINCSCP_56519,VCAP,10uM,6h,NA,NA,NA,-0.20308472,NA
BRD-K08209559,LINCSCP_298720,VCAP,5uM,24h,NA,NA,NA,-0.20305519,NA
BRD-K62395041,LINCSCP_64104,VCAP,5uM,6h,NA,NA,NA,-0.20294782,NA
BRD-K58945843,LINCSCP_63715,VCAP,5uM,24h,NA,NA,NA,-0.20282564,NA
PK04_130213,LINCSCP_10837,ASC,10uM,24h,NA,NA,NA,-0.20271275,NA
Clemastine,LINCSCP_33368,MCF7,10uM,24h,4,NA,NA,-0.20270497,NA
BRD-K31462841,LINCSCP_62141,VCAP,5uM,24h,NA,NA,NA,-0.20264912,NA
Phorbol Myristate Acetate,LINCSCP_78582,A375,0.9uM,24h,NA,NA,NA,-0.20261564,NA
BRD-K48945537,LINCSCP_8631,A549,5uM,24h,NA,NA,NA,-0.20255245,NA
(3-Chlorophenyl)[4-(7-chloroquinolin-4-yl)piperazin-1-yl]methanone,LINCSCP_179036,A375,10uM,6h,NA,NA,NA,-0.20254398,NA
BRD-K77750380,LINCSCP_64446,VCAP,5uM,6h,NA,NA,NA,-0.20234231,NA
Floxuridine,LINCSCP_109382,HELA,0.04uM,24h,NA,NA,NA,-0.20219027,NA
Floxuridine,LINCSCP_109382,HELA,0.04uM,24h,4,NA,NA,-0.20219027,NA
MOXIDECTIN,LINCSCP_77012,A375,10uM,24h,NA,NA,NA,-0.2021335,NA
BRD-K96640811,LINCSCP_6126,A549,10uM,6h,NA,NA,NA,-0.20207397,NA
MLS002473457,LINCSCP_224968,HT29,10uM,6h,NA,NA,NA,-0.20205368,NA
BRD-K00064877,LINCSCP_61395,VCAP,5uM,24h,NA,NA,NA,-0.20202922,NA
BRD-K97194822,LINCSCP_48227,PC3,5uM,24h,NA,NA,NA,-0.20196169,NA
AC1O7GPT,LINCSCP_34610,MCF7,10uM,6h,NA,NA,NA,-0.20193414,NA
5807-14-7,LINCSCP_34136,MCF7,10uM,24h,NA,NA,NA,-0.20180706,NA
F1743-0035,LINCSCP_190406,A549,10uM,24h,NA,NA,NA,-0.20179657,NA
BIO2_000413,LINCSCP_32532,MCF7,10uM,24h,NA,NA,NA,-0.20178031,NA
BRD-K41871066,LINCSCP_34843,MCF7,5uM,24h,NA,NA,NA,-0.20173155,NA
BRD-K91443444,LINCSCP_60718,VCAP,5uM,6h,NA,NA,NA,-0.20171991,NA
MLS000519739,LINCSCP_45358,PC3,10uM,6h,NA,NA,NA,-0.20168097,NA
MLS002264429,LINCSCP_292530,VCAP,10uM,6h,NA,NA,NA,-0.20163513,NA
BRD-K56176052,LINCSCP_62299,VCAP,5uM,24h,NA,NA,NA,-0.20159659,NA
Oglemilast,LINCSCP_80311,A375,3.33uM,24h,NA,NA,NA,-0.20158719,NA
CHEMBL2137151,LINCSCP_230426,HT29,5uM,24h,NA,NA,NA,-0.20154849,NA
BRD-K84679731,LINCSCP_65191,VCAP,10uM,6h,NA,NA,NA,-0.2015262,NA
Palomid 529 (P529),LINCSCP_140290,MCF7,0.04uM,24h,1,NA,NA,-0.20148865,NA
BRD-K55816391,LINCSCP_48675,PC3,10uM,6h,NA,NA,NA,-0.20147709,NA
Taranabant,LINCSCP_121153,HT29,1.11uM,24h,3,NA,NA,-0.20147193,NA
IWP 2,LINCSCP_260184,NEU,10uM,6h,NA,NA,NA,-0.20146834,NA
VER 155008,LINCSCP_53687,SNU1040,10uM,6h,NA,NA,NA,-0.20143058,NA
BRD-K34431359,LINCSCP_61873,VCAP,5uM,6h,NA,NA,NA,-0.2014103,NA
Montelukast,LINCSCP_31818,MCF7,10uM,6h,4,NA,NA,-0.20134292,NA
BAS 04938498,LINCSCP_240028,MCF7,10uM,6h,NA,NA,NA,-0.20133976,NA
MLS001065891,LINCSCP_26030,HT29,10uM,6h,NA,NA,NA,-0.20130596,-0.20064422
Miconazole,LINCSCP_108417,HELA,0.12uM,24h,4,NA,NA,-0.2012921,NA
MK-2461,LINCSCP_139619,MCF7,0.04uM,24h,2,NA,NA,-0.20125068,NA
SMR000217164,LINCSCP_2323,A375,10uM,6h,NA,NA,NA,-0.20119984,NA
BRD-K88925856,LINCSCP_310693,VCAP,10uM,6h,NA,NA,NA,-0.20117361,NA
MLS002264423,LINCSCP_31231,MCF7,10uM,6h,NA,NA,NA,-0.20115829,NA
BGT-226,LINCSCP_147666,NPC.CAS9,0.37uM,24h,2,NA,NA,-0.20109273,NA
BRD-K20197338,LINCSCP_34885,MCF7,5uM,24h,NA,NA,NA,-0.20105348,NA
NMS-1286937,LINCSCP_173665,YAPC,1.11uM,24h,NA,NA,NA,-0.20101312,NA
BRD-K33761091,LINCSCP_62088,VCAP,5uM,6h,NA,NA,NA,-0.20090903,NA
Bimatoprost,LINCSCP_124964,HT29,0.12uM,24h,NA,NA,NA,-0.20090602,NA
BRD-K20332840,LINCSCP_62721,VCAP,5uM,6h,NA,NA,NA,-0.20086711,NA
BRD-K35193027,LINCSCP_63282,VCAP,5uM,6h,NA,NA,NA,-0.20082977,NA
BRD-K85976669,LINCSCP_63117,VCAP,5uM,24h,NA,NA,NA,-0.2008209,NA
Indirubin-3'monoxime,LINCSCP_25369,HT29,10uM,6h,NA,NA,NA,-0.2008194,NA
BRD-K94544211,LINCSCP_65373,VCAP,10uM,24h,NA,NA,NA,-0.20081114,NA
UNC1215,LINCSCP_133729,MCF7,1.11uM,24h,NA,NA,NA,-0.20077616,NA
6B-Hydroxy-3-tropinone,LINCSCP_193055,A549,10uM,24h,NA,NA,NA,-0.20076355,NA
BRD-K71328603,LINCSCP_310419,VCAP,10uM,24h,NA,NA,NA,-0.20074948,NA
Mocetinostat,LINCSCP_112442,HEPG2,0.04uM,24h,2,NA,NA,-0.20072411,-0.27873199
ST042677,LINCSCP_31732,MCF7,10uM,6h,NA,NA,NA,-0.20065801,NA
BRD-K20931972,LINCSCP_60521,VCAP,5uM,24h,NA,NA,NA,-0.20065761,NA
BRD-K08663380,LINCSCP_66078,VCAP,3uM,24h,NA,NA,NA,-0.20057529,NA
Clemizole,LINCSCP_92982,HA1E,0.12uM,24h,1,NA,NA,-0.20053628,NA
6-Aminoindazole,LINCSCP_46015,PC3,10uM,6h,NA,NA,NA,-0.20050172,NA
BRD-K87865140,LINCSCP_63416,VCAP,5uM,24h,NA,NA,NA,-0.20043697,NA
BRD-K63757709,LINCSCP_60118,VCAP,5uM,6h,NA,NA,NA,-0.20040666,NA
TH02453-036-P1,LINCSCP_295155,VCAP,10uM,6h,NA,NA,NA,-0.20037984,NA
Levocetirizine,LINCSCP_135913,MCF7,0.04uM,24h,4,NA,NA,-0.20035549,NA
CHEMBL2142524,LINCSCP_65582,VCAP,10uM,24h,NA,NA,NA,-0.20028497,-0.23987159
BML 210,LINCSCP_41503,NEU,10uM,6h,NA,NA,NA,-0.20026074,NA
Isosorbide Mononitrate,LINCSCP_141804,MCF7,3.33uM,24h,4,NA,NA,-0.20019357,NA
MLS002276500,LINCSCP_57993,VCAP,10uM,24h,NA,NA,NA,-0.20008724,NA
CHEMBL3182405,LINCSCP_20986,HCC515,0.37uM,24h,NA,NA,NA,-0.2000626,NA
10-Methylphenothiazin-3-amine,LINCSCP_291844,VCAP,10uM,24h,NA,NA,NA,-0.20004728,NA
CHEMBL3184446,LINCSCP_57629,VCAP,10uM,6h,NA,NA,NA,-0.20004335,NA
CGP 60474,LINCSCP_131611,MCF10A,3.33uM,3h,NA,NA,NA,NA,0.32910191
PG 490,LINCSCP_19450,HCC515,0.1uM,6h,NA,NA,NA,NA,0.32698235
CHEMBL1673039,LINCSCP_235517,MCF10A,0.1uM,6h,NA,NA,NA,NA,0.30956552
AT-7519,LINCSCP_131701,MCF10A,3.33uM,3h,2,NA,NA,NA,0.30898741
AZD-5438,LINCSCP_131682,MCF10A,10uM,3h,1,NA,NA,NA,0.3053139
Orphenadrine,LINCSCP_158268,PC3,0.37uM,24h,4,NA,NA,NA,0.30419455
10-DEBC,LINCSCP_91775,HA1E,3.33uM,24h,NA,NA,NA,NA,0.3027248
Alvocidib,LINCSCP_131495,MCF10A,0.04uM,3h,3,NA,NA,NA,0.30141728
Masitinib,LINCSCP_86697,CD34,3.33uM,24h,3,NA,NA,NA,0.30120774
Skiii,LINCSCP_21185,HCT116,40uM,6h,NA,NA,NA,NA,0.29976825
Mitoxantrone,LINCSCP_99762,HCC515,10uM,24h,4,NA,NA,NA,0.29864042
Everolimus,LINCSCP_121308,HT29,3.33uM,24h,4,NA,NA,NA,0.29541486
WZ3105,LINCSCP_130859,MCF10A,10uM,3h,NA,NA,NA,NA,0.29161263
Meclofenamic acid,LINCSCP_96097,HA1E,10uM,24h,4,NA,NA,NA,0.29061826
"Temsirolimus (CCI-779, NSC 683864)",LINCSCP_73166,A375,0.12uM,24h,NA,NA,NA,NA,0.28721025
3-(4-Pyridyl)indole,LINCSCP_13325,FIBRNPC,10uM,6h,NA,NA,NA,NA,0.28598218
BGT-226,LINCSCP_69970,A375,0.04uM,24h,2,NA,NA,NA,0.28432143
FPL-55712,LINCSCP_144018,MCF7,3.33uM,24h,NA,NA,NA,NA,0.28296746
Dasatinib,LINCSCP_163656,SKBR3,1.11uM,24h,4,NA,NA,NA,0.28241877
PF-562271,LINCSCP_131598,MCF10A,10uM,3h,1,NA,NA,NA,0.28192866
A-443654,LINCSCP_29729,MCF10A,10uM,6h,NA,NA,NA,NA,0.28145443
WH-4-025,LINCSCP_51348,SKBR3,1uM,24h,NA,NA,NA,NA,0.28109805
Temoporfin,LINCSCP_155239,PC3,0.12uM,24h,NA,NA,NA,NA,0.2797711
BMS-387032,LINCSCP_163997,SKBR3,0.37uM,3h,1,NA,NA,NA,0.27840788
CHEMBL1316687,LINCSCP_5585,A549,10uM,24h,NA,NA,NA,NA,0.27803629
MLS002474103,LINCSCP_59345,VCAP,10uM,6h,NA,NA,NA,NA,0.27779004
CEFOTETAN,LINCSCP_97869,HA1E,0.04uM,24h,NA,NA,NA,NA,0.2763998
CHEMBL3186197,LINCSCP_54890,THP1,10uM,6h,NA,NA,NA,NA,0.27639502
Salmeterol,LINCSCP_6926,A549,10uM,6h,4,NA,NA,NA,0.2761697
SKF-83959,LINCSCP_78837,A375,3.33uM,24h,NA,NA,NA,NA,0.27587737
Diazoxide,LINCSCP_160975,PC3,0.04uM,24h,NA,NA,NA,NA,0.27407256
2'-Deoxycytidine (hydrochloride),LINCSCP_143262,MCF7,3.33uM,24h,NA,NA,NA,NA,0.27216953
Cabazitaxel,LINCSCP_121728,HT29,3.33uM,24h,NA,NA,NA,NA,0.27209061
Benzbromarone,LINCSCP_91117,HA1E,0.04uM,24h,4,NA,NA,NA,0.26993211
Benzamil,LINCSCP_92070,HA1E,1.11uM,24h,NA,NA,NA,NA,0.26925009
"N-(3-Fluoro-4-((7-methoxyquinolin-4-yl)oxy)phenyl)-1-(2-hydroxy-2-methylpropyl)-5-methyl-3-oxo-2-phenyl-2,3-dihydro-1H-pyrazole-4-carboxamide",LINCSCP_152294,PC3,3.33uM,24h,NA,NA,NA,NA,0.26883173
AC1O44XP,LINCSCP_64477,VCAP,1uM,24h,NA,NA,NA,NA,0.26821857
MLN-0128,LINCSCP_113920,HME1,0.37uM,24h,2,NA,NA,NA,0.26717198
WH-4-023,LINCSCP_51391,SKBR3,10uM,24h,NA,NA,NA,NA,0.26574176
Tamibarotene,LINCSCP_118988,HT29,10uM,24h,2,NA,NA,NA,0.26553408
TRAP-101,LINCSCP_14491,HA1E,10uM,24h,NA,NA,NA,NA,0.26512994
DOCETAXEL,LINCSCP_121680,HT29,3.33uM,24h,NA,NA,NA,NA,0.26421222
Fluticasone Propionate,LINCSCP_124064,HT29,0.37uM,24h,4,NA,NA,NA,0.26416219
NSC119236,LINCSCP_57103,VCAP,20uM,6h,NA,NA,NA,NA,0.26387029
Allitinib,LINCSCP_164352,SKL.C,1.11uM,24h,NA,NA,NA,NA,0.26329175
CEFEPIME HYDROCHLORIDE,LINCSCP_121167,HT29,0.12uM,24h,NA,NA,NA,NA,0.26256873
Mozavaptan,LINCSCP_120989,HT29,10uM,24h,NA,NA,NA,NA,0.25996437
PF431396,LINCSCP_130871,MCF10A,10uM,3h,NA,NA,NA,NA,0.25954714
Veliparib,LINCSCP_251082,MCF7,0.001uM,24h,NA,NA,NA,NA,0.25888904
Moxisylyte,LINCSCP_50,A375,3uM,6h,4,NA,NA,NA,0.25879488
TAK-285,LINCSCP_108319,HELA,1.11uM,24h,1,NA,NA,NA,0.25798155
"Forskolin, NKH477",LINCSCP_135642,MCF7,0.12uM,24h,NA,NA,NA,NA,0.25795441
Dapivirine (TMC120),LINCSCP_104452,HELA,0.04uM,24h,3,NA,NA,NA,0.25660407
Momelotinib,LINCSCP_69299,A375,0.37uM,24h,3,NA,NA,NA,0.25639509
Arundine,LINCSCP_105504,HELA,0.04uM,24h,NA,NA,NA,NA,0.25632622
Daphnetin,LINCSCP_15081,HA1E,10uM,24h,NA,NA,NA,NA,0.25586984
AMSACRINE,LINCSCP_160687,PC3,0.04uM,24h,4,NA,NA,NA,0.25530136
TORIN1,LINCSCP_113282,HME1,0.04uM,24h,NA,NA,NA,NA,0.2548157
Dinoprost,LINCSCP_94691,HA1E,0.12uM,24h,4,NA,NA,NA,0.25447759
Y-39983,LINCSCP_36817,MCF7,1uM,24h,1,NA,NA,NA,0.25427483
BMS-777607,LINCSCP_146553,NEU,0.12uM,24h,2,NA,NA,NA,0.25412299
BRD-A75471153,LINCSCP_141514,MCF7,0.04uM,24h,NA,NA,NA,NA,0.25375186
MLS002264459,LINCSCP_57582,VCAP,10uM,24h,NA,NA,NA,NA,0.25351769
Dactolisib,LINCSCP_9556,A549,0.5uM,6h,2,NA,NA,NA,0.253143
rifampicin,LINCSCP_86151,BT20,0.37uM,24h,NA,NA,NA,NA,0.25274218
BRD-K44366812,LINCSCP_28361,HT29,10uM,24h,NA,NA,NA,NA,0.25255098
YK 4-279,LINCSCP_25418,HT29,10uM,24h,NA,NA,NA,NA,0.2517812
Erlotinib,LINCSCP_142185,MCF7,0.12uM,24h,4,NA,NA,NA,0.25153546
CHEMBL585951,LINCSCP_131718,MCF10A,10uM,3h,NA,NA,NA,NA,0.25105348
Alprostadil,LINCSCP_137148,MCF7,10uM,24h,NA,NA,NA,NA,0.25057279
Alprostadil,LINCSCP_137148,MCF7,10uM,24h,4,NA,NA,NA,0.25057279
Palbociclib,LINCSCP_139912,MCF7,0.04uM,24h,4,NA,NA,NA,0.24993936
Allopurinol,LINCSCP_96803,HA1E,0.04uM,24h,4,NA,NA,NA,0.24979089
Acetazolamide,LINCSCP_93899,HA1E,0.04uM,24h,4,NA,NA,NA,0.24916752
Nicardipine,LINCSCP_53862,SNUC5,10uM,6h,4,NA,NA,NA,0.24854978
WYE 125132,LINCSCP_69561,A375,3.33uM,24h,NA,NA,NA,NA,0.24847961
Elliptecine,LINCSCP_59125,VCAP,10uM,6h,NA,NA,NA,NA,0.24830346
SMR001317659,LINCSCP_25459,HT29,0.5uM,24h,NA,NA,NA,NA,0.24817916
Brefeldin A,LINCSCP_52522,SKB,10uM,24h,NA,NA,NA,NA,0.24807887
Brefeldin A,LINCSCP_52522,SKB,10uM,24h,NA,NA,NA,NA,0.24807887
59826-53-8,LINCSCP_216470,HCC515,10uM,6h,NA,NA,NA,NA,0.24798923
KO143,LINCSCP_41888,NOMO1,40uM,6h,NA,NA,NA,NA,0.24778808
SCHEMBL2557158,LINCSCP_31424,MCF7,10uM,24h,NA,NA,NA,NA,0.24763035
BCL-2 Inhibitor,LINCSCP_18246,HCC515,10uM,24h,NA,NA,NA,NA,0.24672017
Colchicine,LINCSCP_121893,HT29,0.12uM,24h,4,NA,NA,NA,0.24670583
JZL-184,LINCSCP_234760,LOVO,10uM,6h,NA,NA,NA,NA,0.24668686
Quinidine Gluconate,LINCSCP_139805,MCF7,0.04uM,24h,NA,NA,NA,NA,0.24653122
BRD-K13697129,LINCSCP_303486,VCAP,5uM,24h,NA,NA,NA,NA,0.2462655
BRD-K89479751,LINCSCP_61294,VCAP,5uM,24h,NA,NA,NA,NA,0.24544349
Cycloheximide,LINCSCP_65965,VCAP,1uM,24h,NA,NA,NA,NA,0.24460338
SPECTRUM5_002023,LINCSCP_10980,ASC,10uM,24h,NA,NA,NA,NA,0.24452818
BRD-K77422873,LINCSCP_60322,VCAP,5uM,6h,NA,NA,NA,NA,0.24322565
Saracatinib,LINCSCP_163547,SKBR3,3.33uM,24h,3,NA,NA,NA,0.24318291
N6022,LINCSCP_77793,A375,0.04uM,24h,NA,NA,NA,NA,0.24292279
VILAZODONE HYDROCHLORIDE,LINCSCP_157899,PC3,10uM,24h,4,NA,NA,NA,0.2416894
Sirolimus,LINCSCP_39142,MDAMB231,10uM,6h,NA,NA,NA,NA,0.24157037
Sirolimus,LINCSCP_39142,MDAMB231,10uM,6h,NA,NA,NA,NA,0.24157037
Sirolimus,LINCSCP_39142,MDAMB231,10uM,6h,4,NA,NA,NA,0.24157037
TAK-875,LINCSCP_171076,YAPC,10uM,24h,3,NA,NA,NA,0.24149364
AVL-292,LINCSCP_98293,HA1E,0.04uM,24h,2,NA,NA,NA,0.24131456
AZD-8055,LINCSCP_788,A375,10uM,24h,1,NA,NA,NA,0.24118277
BRD-K21216453,LINCSCP_63984,VCAP,5uM,24h,NA,NA,NA,NA,0.24108134
BRD-K45033698,LINCSCP_63158,VCAP,5uM,6h,NA,NA,NA,NA,0.24061455
"24(S),25-epoxycholesterol",LINCSCP_26679,HT29,10uM,6h,NA,NA,NA,NA,0.24038788
FPA1_000112,LINCSCP_20149,HCC515,10uM,6h,NA,NA,NA,NA,0.24017659
Dabrafenib,LINCSCP_102759,HELA,10uM,24h,4,NA,NA,NA,0.24010442
Rebastinib,LINCSCP_128172,HUES3,10uM,24h,2,NA,NA,NA,0.23975038
6-Aminochrysene,LINCSCP_5928,A549,10uM,24h,NA,NA,NA,NA,0.23973013
PLX-4720,LINCSCP_51577,SKBR3,0.5uM,6h,NA,NA,NA,NA,0.23948247
JTE 013,LINCSCP_7307,A549,10uM,24h,NA,NA,NA,NA,0.23922203
GSK 3BETA Inhibitor VIII,LINCSCP_33526,MCF7,10uM,6h,NA,NA,NA,NA,0.23903947
Etanidazole,LINCSCP_80882,A375,0.37uM,24h,NA,NA,NA,NA,0.23896625
AZD1208,LINCSCP_135704,MCF7,10uM,24h,NA,NA,NA,NA,0.23886335
Probucol,LINCSCP_160892,PC3,10uM,24h,4,NA,NA,NA,0.23818908
AHU-377 (hemicalcium salt),LINCSCP_143206,MCF7,0.04uM,24h,4,NA,NA,NA,0.23809786
CHEMBL567341,LINCSCP_15862,HA1E,10uM,6h,NA,NA,NA,NA,0.2377758
AZD7687,LINCSCP_104258,HELA,0.37uM,24h,NA,NA,NA,NA,0.23770468
VX-809 (Lumacaftor),LINCSCP_142164,MCF7,3.33uM,24h,4,NA,NA,NA,0.23763232
ALDA 1,LINCSCP_54153,SW620,40uM,6h,NA,NA,NA,NA,0.23722025
CHEMBL578159,LINCSCP_293364,VCAP,10uM,24h,NA,NA,NA,NA,0.23721627
Chlorpropamide,LINCSCP_97924,HA1E,10uM,24h,4,NA,NA,NA,0.23716752
CHEMBL2140880,LINCSCP_38052,MCF7,1uM,6h,NA,NA,NA,NA,0.23704354
Tizanidine,LINCSCP_104925,HELA,0.04uM,24h,4,NA,NA,NA,0.23695046
Parbendazole,LINCSCP_25451,HT29,0.5uM,24h,NA,NA,NA,NA,0.23687314
BRD-A02747686,LINCSCP_160508,PC3,10uM,24h,NA,NA,NA,NA,0.23630623
Chaetocin,LINCSCP_286974,SNUC4,0.1uM,6h,NA,NA,NA,NA,0.23612334
CHEMBL2358575,LINCSCP_65600,VCAP,10uM,24h,NA,NA,NA,NA,0.23592398
Valdecoxib,LINCSCP_92670,HA1E,0.37uM,24h,4,NA,NA,NA,0.23577742
"4-(3-Ethyl[1,2,4]triazolo[3,4-b][1,3,4]thiadiazol-6-yl)aniline",LINCSCP_39813,MDST8,10uM,6h,NA,NA,NA,NA,0.23577398
Pentosalen,LINCSCP_14015,HA1E,10uM,24h,NA,NA,NA,NA,0.23570096
MLS002264406,LINCSCP_31317,MCF7,10uM,24h,NA,NA,NA,NA,0.23551899
PF-3084014,LINCSCP_95401,HA1E,0.04uM,24h,NA,NA,NA,NA,0.2351583
Amthamine,LINCSCP_193196,A549,10uM,24h,NA,NA,NA,NA,0.23462723
MLS003179192,LINCSCP_239951,MCF7,10uM,24h,NA,NA,NA,NA,0.23457556
Atomoxetine,LINCSCP_225663,HT29,10uM,6h,4,NA,NA,NA,0.23454338
Nepafenac,LINCSCP_92929,HA1E,0.04uM,24h,4,NA,NA,NA,0.23446775
Hydrastine,LINCSCP_290022,VCAP,10uM,24h,NA,NA,NA,NA,0.23443989
CC-930,LINCSCP_107790,HELA,10uM,24h,2,NA,NA,NA,0.23436585
Cevimeline hydrochloride,LINCSCP_73751,A375,1.11uM,24h,NA,NA,NA,NA,0.23430739
GW9508,LINCSCP_4998,A549,10uM,24h,NA,NA,NA,NA,0.23410507
Endecaphyllin X,LINCSCP_18284,HCC515,10uM,24h,NA,NA,NA,NA,0.2340719
"Apitolisib (gdc-0980, rg7422)",LINCSCP_132430,MCF7,0.12uM,3h,NA,NA,NA,NA,0.23402186
OSI-930,LINCSCP_86603,CD34,3.33uM,24h,1,NA,NA,NA,0.23391297
CTK8E7509,LINCSCP_52921,SKB,10uM,24h,NA,NA,NA,NA,0.23355238
VX-11E,LINCSCP_257474,NCIH508,0.5uM,6h,NA,NA,NA,NA,0.23334161
HMS1476K01,LINCSCP_6162,A549,10uM,24h,NA,NA,NA,NA,0.23298133
CHEMBL2333346,LINCSCP_28690,HT29,0.12uM,24h,NA,NA,NA,NA,0.23284659
5-Methoxytryptamine,LINCSCP_22177,HEPG2,10uM,6h,NA,NA,NA,NA,0.23283887
TIROFIBAN HYDROCHLORIDE,LINCSCP_105484,HELA,3.33uM,24h,4,NA,NA,NA,0.2327707
CID 45006067,LINCSCP_32104,MCF7,10uM,24h,NA,NA,NA,NA,0.23263559
BRD-K60796852,LINCSCP_232924,HT29,10uM,24h,NA,NA,NA,NA,0.23241701
FR-180204,LINCSCP_113940,HME1,0.04uM,24h,NA,NA,NA,NA,0.23236618
Nefazodone,LINCSCP_155581,PC3,0.04uM,24h,4,NA,NA,NA,0.23216746
GSK256066,LINCSCP_93644,HA1E,1.11uM,24h,NA,NA,NA,NA,0.23206446
FK 866,LINCSCP_73619,A375,1.11uM,24h,NA,NA,NA,NA,0.23168803
PIK-75,LINCSCP_22634,HEPG2,10uM,6h,NA,NA,NA,NA,0.23165001
HLI-373,LINCSCP_25055,HT115,10uM,6h,NA,NA,NA,NA,0.23155677
BRD-A25736793,LINCSCP_113905,HME1,10uM,24h,NA,NA,NA,NA,0.2312244
Trametinib,LINCSCP_85796,BT20,1.11uM,3h,4,NA,NA,NA,0.23114572
CHROMOMYCIN-A3,LINCSCP_20356,HCC515,10uM,6h,NA,NA,NA,NA,0.23049755
L-Norepinephrine,LINCSCP_43236,NPC,10uM,24h,NA,NA,NA,NA,0.23039026
SA-1938757,LINCSCP_41674,NKDBA,1uM,24h,NA,NA,NA,NA,0.23027721
SCHEMBL13991002,LINCSCP_12871,DV90,40uM,6h,NA,NA,NA,NA,0.22997732
Apocynin,LINCSCP_95041,HA1E,0.04uM,24h,NA,NA,NA,NA,0.22954934
BRD-K23558120,LINCSCP_253274,MCF7,0.5uM,6h,NA,NA,NA,NA,0.22933194
Taselisib,LINCSCP_77434,A375,0.04uM,24h,3,NA,NA,NA,0.22921526
Taranabant,LINCSCP_92552,HA1E,0.04uM,24h,3,NA,NA,NA,0.2291489
2-Methoxyestradiol,LINCSCP_168511,YAPC,10uM,24h,NA,NA,NA,NA,0.22901518
ZK-93423,LINCSCP_102054,HELA,1.11uM,24h,NA,NA,NA,NA,0.22893068
NVP-BHG712,LINCSCP_87372,CD34,3.33uM,24h,NA,NA,NA,NA,0.22869492
BRD-K93958918,LINCSCP_298410,VCAP,5uM,24h,NA,NA,NA,NA,0.22850271
BRD-K33597548,LINCSCP_253921,MCF7,3uM,24h,NA,NA,NA,NA,0.22828111
CHEMBL1705313,LINCSCP_26193,HT29,10uM,6h,NA,NA,NA,NA,0.22764006
Benzonatate,LINCSCP_243576,MCF7,10uM,24h,4,NA,NA,NA,0.22755151
Licoagrochacone A,LINCSCP_43529,NPC,10uM,24h,NA,NA,NA,NA,0.22749056
Enzalutamide,LINCSCP_44968,PC3,0.1uM,24h,4,NA,NA,NA,0.2274063
936890-98-1,LINCSCP_113053,HME1,1.11uM,24h,NA,NA,NA,NA,0.22732356
R-7128,LINCSCP_125962,HT29,10uM,24h,2,NA,NA,NA,0.22694925
AC1OCDAW,LINCSCP_19026,HCC515,10uM,6h,NA,NA,NA,NA,0.22676969
Felodipine,LINCSCP_191877,A549,10uM,6h,4,NA,NA,NA,0.22659631
GSK 525762A,LINCSCP_90775,HA1E,0.04uM,24h,NA,NA,NA,NA,0.2265634
16Beta-bromoandrosterone,LINCSCP_30679,MCF7,10uM,24h,NA,NA,NA,NA,0.22650271
MLS001060800,LINCSCP_5062,A549,10uM,6h,NA,NA,NA,NA,0.22649661
Oxybenzone,LINCSCP_94543,HA1E,0.04uM,24h,4,NA,NA,NA,0.22626218
Macitentan,LINCSCP_78124,A375,10uM,24h,4,NA,NA,NA,0.22601291
Cholic acid,LINCSCP_6617,A549,10uM,6h,4,NA,NA,NA,0.22599482
Altretamine,LINCSCP_227987,HT29,10uM,6h,4,NA,NA,NA,0.2258058
GSK-923295,LINCSCP_120641,HT29,10uM,24h,NA,NA,NA,NA,0.22566066
MLS002264463,LINCSCP_57580,VCAP,10uM,24h,NA,NA,NA,NA,0.22536221
AS-605240,LINCSCP_133214,MCF7,0.37uM,3h,NA,NA,NA,NA,0.22535862
Diacerein,LINCSCP_109152,HELA,0.37uM,24h,4,NA,NA,NA,0.22521673
Sasapyrine,LINCSCP_78109,A375,0.37uM,24h,4,NA,NA,NA,0.22503813
OSI-027,LINCSCP_51498,SKBR3,0.5uM,24h,NA,NA,NA,NA,0.22503082
OSI-027,LINCSCP_51498,SKBR3,0.5uM,24h,2,NA,NA,NA,0.22503082
AZD-6482,LINCSCP_16672,HA1E,10uM,6h,1,NA,NA,NA,0.22495747
BRD-K19914944,LINCSCP_23365,HEPG2,10uM,24h,NA,NA,NA,NA,0.22474528
BRD-K52225919,LINCSCP_43019,NPC,10uM,24h,NA,NA,NA,NA,0.22457141
Triclosan,LINCSCP_94328,HA1E,0.12uM,24h,4,NA,NA,NA,0.2244852
MLS003128866,LINCSCP_34856,MCF7,5uM,24h,NA,NA,NA,NA,0.22442776
WZ 4002,LINCSCP_86769,CD34,3.33uM,24h,NA,NA,NA,NA,0.22441728
PDK1 Inhibitor,LINCSCP_36602,MCF7,0.1uM,6h,NA,NA,NA,NA,0.22422579
Febuxostat,LINCSCP_107783,HELA,0.04uM,24h,4,NA,NA,NA,0.22416761
SB525334,LINCSCP_12136,BT20,1uM,24h,NA,NA,NA,NA,0.22399687
Tosedostat,LINCSCP_143210,MCF7,0.37uM,24h,2,NA,NA,NA,0.22391855
MBX-2982,LINCSCP_169430,YAPC,1.11uM,24h,NA,NA,NA,NA,0.2236056
Pidotimod,LINCSCP_120153,HT29,0.37uM,24h,NA,NA,NA,NA,0.22350978
Erastin,LINCSCP_4430,A549,5uM,24h,NA,NA,NA,NA,0.22348341
BRD-K47571551,LINCSCP_60685,VCAP,5uM,6h,NA,NA,NA,NA,0.22341504
SPECTRUM_000211,LINCSCP_266207,PC3,10uM,24h,NA,NA,NA,NA,0.22299948
Proglumide,LINCSCP_140997,MCF7,0.12uM,24h,4,NA,NA,NA,0.22294348
BRD-K33832590,LINCSCP_298946,VCAP,5uM,6h,NA,NA,NA,NA,0.22281785
MLS002473639,LINCSCP_31157,MCF7,10uM,24h,NA,NA,NA,NA,0.22281541
MLS002264468,LINCSCP_57563,VCAP,10uM,24h,NA,NA,NA,NA,0.22259851
282089-49-0,LINCSCP_172523,YAPC,0.12uM,24h,NA,NA,NA,NA,0.22253341
Rolipram,LINCSCP_54413,SW948,10uM,6h,2,NA,NA,NA,0.22232595
BRD-K16481946,LINCSCP_231678,HT29,5uM,24h,NA,NA,NA,NA,0.22231887
MLS003587251,LINCSCP_27221,HT29,10uM,6h,NA,NA,NA,NA,0.22206641
BML-259,LINCSCP_51201,RMUGS,80uM,6h,NA,NA,NA,NA,0.22193179
Fluphenazine,LINCSCP_140134,MCF7,0.04uM,24h,4,NA,NA,NA,0.2218883
CHEMBL1242477,LINCSCP_12781,DV90,20uM,6h,NA,NA,NA,NA,0.22188013
DR 2313,LINCSCP_36310,MCF7,0.01uM,24h,NA,NA,NA,NA,0.2216876
Rosiglitazone,LINCSCP_238817,MCF7,10uM,24h,4,NA,NA,NA,0.2216613
PD-0325901,LINCSCP_146639,NEU,1.11uM,24h,2,NA,NA,NA,0.22154318
"376348-65-1, Uk-427857, uk427857",LINCSCP_138132,MCF7,10uM,24h,NA,NA,NA,NA,0.22066016
GSK 1059615,LINCSCP_148972,NPC,0.04uM,24h,NA,NA,NA,NA,0.22059111
GSK 1059615,LINCSCP_148972,NPC,0.04uM,24h,NA,NA,NA,NA,0.22059111
Quinine,LINCSCP_865,A375,10uM,24h,NA,NA,NA,NA,0.22055302
Quinine,LINCSCP_865,A375,10uM,24h,NA,NA,NA,NA,0.22055302
Griseofulvin,LINCSCP_121196,HT29,0.37uM,24h,NA,NA,NA,NA,0.22035037
Griseofulvin,LINCSCP_121196,HT29,0.37uM,24h,4,NA,NA,NA,0.22035037
BRD-K28431278,LINCSCP_48435,PC3,10uM,24h,NA,NA,NA,NA,0.21985057
KX2-391,LINCSCP_120920,HT29,0.37uM,24h,2,NA,NA,NA,0.2196738
TWS 119,LINCSCP_115354,HS578T,0.12uM,3h,NA,NA,NA,NA,0.21954579
BRD-K27986637,LINCSCP_59192,VCAP,10uM,24h,NA,NA,NA,NA,0.21948389
MILNACIPRAN HYDROCHLORIDE,LINCSCP_121477,HT29,1.11uM,24h,4,NA,NA,NA,0.21917565
MLS003129983,LINCSCP_60167,VCAP,5uM,24h,NA,NA,NA,NA,0.2190709
Fasudil,LINCSCP_175168,YAPC,10uM,24h,3,NA,NA,NA,0.2189975
XL-147,LINCSCP_78112,A375,10uM,24h,2,NA,NA,NA,0.2189378
SCHEMBL570779,LINCSCP_36768,MCF7,10uM,24h,NA,NA,NA,NA,0.21883143
SCHEMBL12410954,LINCSCP_218113,HCC515,1.11uM,24h,NA,NA,NA,NA,0.21874907
FLUDARABINE PHOSPHATE,LINCSCP_126067,HT29,0.37uM,24h,4,NA,NA,NA,0.2186527
Clofoctol,LINCSCP_93516,HA1E,10uM,24h,NA,NA,NA,NA,0.21806849
Ginkgolide B,LINCSCP_141812,MCF7,0.37uM,24h,NA,NA,NA,NA,0.21805771
PCI-32765,LINCSCP_148562,NPC,10uM,24h,NA,NA,NA,NA,0.21757172
BRD-K84218095,LINCSCP_8653,A549,5uM,24h,NA,NA,NA,NA,0.21756509
Zaurategrast,LINCSCP_94318,HA1E,0.04uM,24h,NA,NA,NA,NA,0.21746768
Hemado,LINCSCP_7357,A549,10uM,6h,NA,NA,NA,NA,0.21735667
SUGA1_007824,LINCSCP_5962,A549,10uM,24h,NA,NA,NA,NA,0.21734267
Nalbuphine,LINCSCP_95691,HA1E,3.33uM,24h,4,NA,NA,NA,0.21708073
Vitamin B12,LINCSCP_99353,HA1E,0.04uM,24h,NA,NA,NA,NA,0.21697965
ZM-241385,LINCSCP_289610,VCAP,10uM,24h,NA,NA,NA,NA,0.21691244
SPECTRUM_000886,LINCSCP_99012,HA1E,0.12uM,24h,NA,NA,NA,NA,0.21686747
ZINC00952128,LINCSCP_191356,A549,10uM,6h,NA,NA,NA,NA,0.21681267
Nifedipine,LINCSCP_53631,SNGM,10uM,6h,4,NA,NA,NA,0.21660155
MAYBRIDGE4_003950,LINCSCP_243284,MCF7,10uM,6h,NA,NA,NA,NA,0.21652873
AC480 (BMS-599626),LINCSCP_93151,HA1E,0.04uM,24h,1,NA,NA,NA,0.21649537
C19H19FN4O3,LINCSCP_85789,BT20,3.33uM,3h,NA,NA,NA,NA,0.21636818
UNII-5308DT8060,LINCSCP_18098,HCC515,10uM,6h,NA,NA,NA,NA,0.2159094
MIGLITOL,LINCSCP_124132,HT29,0.04uM,24h,NA,NA,NA,NA,0.21585273
Glafenine,LINCSCP_154956,PC3,1.11uM,24h,4,NA,NA,NA,0.21575147
BRD-K25249292,LINCSCP_61025,VCAP,5uM,24h,NA,NA,NA,NA,0.21552591
Hydroflumethiazide,LINCSCP_243464,MCF7,10uM,24h,4,NA,NA,NA,0.21535037
ZINC6718453,LINCSCP_148289,NPC.CAS9,3.33uM,24h,NA,NA,NA,NA,0.21512801
EXALAMIDE,LINCSCP_121201,HT29,1.11uM,24h,NA,NA,NA,NA,0.2151256
(S)-(-)-BAY K 8644,LINCSCP_25051,HT115,10uM,6h,NA,NA,NA,NA,0.21499765
Selumetinib,LINCSCP_29772,MCF10A,0.1uM,6h,3,NA,NA,NA,0.21467201
CHEMBL254777,LINCSCP_291435,VCAP,10uM,6h,NA,NA,NA,NA,0.21462483
Batimastat,LINCSCP_30644,MCF7,40uM,24h,NA,NA,NA,NA,0.21448159
SR3335,LINCSCP_19853,HCC515,10uM,6h,NA,NA,NA,NA,0.21439667
MLS-0435542.0001,LINCSCP_46706,PC3,10uM,24h,NA,NA,NA,NA,0.21438853
AC1O52XK,LINCSCP_6190,A549,10uM,24h,NA,NA,NA,NA,0.21421623
BRD-K80408402,LINCSCP_27601,HT29,5uM,24h,NA,NA,NA,NA,0.21414199
Estrone,LINCSCP_41593,NEU,10uM,6h,4,NA,NA,NA,0.21412845
EMF-sumo1-1,LINCSCP_88995,HA1E,0.37uM,24h,NA,NA,NA,NA,0.21381401
BRD-A01645196,LINCSCP_87160,CD34,10uM,24h,NA,NA,NA,NA,0.21380216
GDC-0068,LINCSCP_160440,PC3,0.12uM,24h,NA,NA,NA,NA,0.21370822
Doxapram,LINCSCP_77540,A375,0.37uM,24h,4,NA,NA,NA,0.21359147
SCHEMBL2231351,LINCSCP_55141,THP1,1uM,6h,NA,NA,NA,NA,0.21358263
BRD-K68876477,LINCSCP_60315,VCAP,5uM,6h,NA,NA,NA,NA,0.21352336
Trimethobenzamide,LINCSCP_243460,MCF7,10uM,24h,4,NA,NA,NA,0.2132102
Kenpaullone,LINCSCP_50452,PHH,20uM,6h,NA,NA,NA,NA,0.21318762
Rilpivirine,LINCSCP_121685,HT29,10uM,24h,4,NA,NA,NA,0.21290756
Vinorelbine,LINCSCP_1953,A375,10uM,6h,NA,NA,NA,NA,0.2128206
MW-A1-14,LINCSCP_237335,MCF7,10uM,24h,NA,NA,NA,NA,0.21266473
Prosteride,LINCSCP_77796,A375,1.11uM,24h,NA,NA,NA,NA,0.21265105
Estradiol,LINCSCP_10051,A549,0.04uM,24h,4,NA,NA,NA,0.21259316
BRD-K96552587,LINCSCP_41075,NEU,10uM,24h,NA,NA,NA,NA,0.21243674
BRD-K36091499,LINCSCP_49125,PC3,10uM,6h,NA,NA,NA,NA,0.21232777
C24H30O6,LINCSCP_6771,A549,10uM,24h,NA,NA,NA,NA,0.21212419
Staurosporine,LINCSCP_20584,HCC515,10uM,6h,NA,NA,NA,NA,0.21206096
Rimantadine,LINCSCP_143321,MCF7,10uM,24h,NA,NA,NA,NA,0.21205652
Rimantadine,LINCSCP_143321,MCF7,10uM,24h,4,NA,NA,NA,0.21205652
Tubaic acid,LINCSCP_6738,A549,10uM,24h,NA,NA,NA,NA,0.21163019
CHEMBL2138369,LINCSCP_20953,HCC515,10uM,24h,NA,NA,NA,NA,0.21160922
SCH-28080,LINCSCP_122974,HT29,10uM,24h,NA,NA,NA,NA,0.21138509
TPCA-1,LINCSCP_82980,ASC.C,3.33uM,24h,NA,NA,NA,NA,0.21136458
Verapamil,LINCSCP_90958,HA1E,1.11uM,24h,4,NA,NA,NA,0.21123075
CHEMBL3182395,LINCSCP_111972,HEPG2,3.33uM,24h,NA,NA,NA,NA,0.21102432
ALD1-H_000553,LINCSCP_190621,A549,10uM,24h,NA,NA,NA,NA,0.21102361
Pyrilamine,LINCSCP_44425,PC3,10uM,24h,4,NA,NA,NA,0.2106184
2-Fluoroadenosine,LINCSCP_20145,HCC515,10uM,6h,NA,NA,NA,NA,0.21048989
AC1L1IKY,LINCSCP_122997,HT29,0.04uM,24h,NA,NA,NA,NA,0.2104691
Cytochalasin B,LINCSCP_12938,EFO27,10uM,6h,NA,NA,NA,NA,0.21045984
Cytochalasin B,LINCSCP_12938,EFO27,10uM,6h,NA,NA,NA,NA,0.21045984
C30H33N3O5S,LINCSCP_39340,MDAMB231,0.1uM,24h,NA,NA,NA,NA,0.21044207
Amidate,LINCSCP_158426,PC3,0.04uM,24h,NA,NA,NA,NA,0.21026029
BRD-K63926219,LINCSCP_62674,VCAP,5uM,24h,NA,NA,NA,NA,0.21021876
Semaxanib,LINCSCP_172536,YAPC,0.04uM,24h,3,NA,NA,NA,0.21012322
"6,10,10B-Trihydroxy-3,4a,7,7,10a-pentamethyl-1-oxo-3-vinyldodecahydro-1H-benzo[f]chromen-5-yl acetate",LINCSCP_30440,MCF7,10uM,24h,NA,NA,NA,NA,0.20966521
Quercetin,LINCSCP_99330,HA1E,10uM,24h,NA,NA,NA,NA,0.20965778
"MEK162 (ARRY-162, ARRY-438162)",LINCSCP_108409,HELA,1.11uM,24h,3,NA,NA,NA,0.20961067
BRD-K40471863,LINCSCP_8734,A549,5uM,24h,NA,NA,NA,NA,0.20959172
BRD-K06619089,LINCSCP_63469,VCAP,5uM,24h,NA,NA,NA,NA,0.20942439
127408-30-4,LINCSCP_75541,A375,0.04uM,24h,NA,NA,NA,NA,0.20907415
PIK-93,LINCSCP_131011,MCF10A,1.11uM,3h,NA,NA,NA,NA,0.20903707
"Carbazole, 9-(4-methylbenzoyl)-",LINCSCP_25960,HT29,10uM,24h,NA,NA,NA,NA,0.20898399
SB-216763,LINCSCP_54271,SW620,10uM,6h,NA,NA,NA,NA,0.20897765
CHIR-265,LINCSCP_114627,HME1,1.11uM,24h,2,NA,NA,NA,0.20882934
Spiramide,LINCSCP_18986,HCC515,10uM,24h,NA,NA,NA,NA,0.20848846
BRD-K02279849,LINCSCP_296624,VCAP,5uM,6h,NA,NA,NA,NA,0.20848279
apigenin,LINCSCP_115358,HS578T,1.11uM,3h,NA,NA,NA,NA,0.20837437
Clemizole,LINCSCP_121585,HT29,1.11uM,24h,1,NA,NA,NA,0.2083195
BRD-K33762302,LINCSCP_180515,A375,10uM,6h,NA,NA,NA,NA,0.20822572
LY2090314,LINCSCP_109644,HELA,0.37uM,24h,2,NA,NA,NA,0.20822076
"Epothilone B (EPO906, Patupilone)",LINCSCP_125514,HT29,1.11uM,24h,NA,NA,NA,NA,0.20815368
Neostigmine,LINCSCP_119729,HT29,0.37uM,24h,4,NA,NA,NA,0.20800901
BRD-K73080020,LINCSCP_65337,VCAP,10uM,24h,NA,NA,NA,NA,0.20800007
MLS003649975,LINCSCP_62108,VCAP,5uM,6h,NA,NA,NA,NA,0.20788305
EX527,LINCSCP_143294,MCF7,0.37uM,24h,NA,NA,NA,NA,0.20774274
BRD-K76528265,LINCSCP_311353,VCAP,10uM,24h,NA,NA,NA,NA,0.20763631
SCHEMBL618594,LINCSCP_84392,ASC,1.11uM,24h,NA,NA,NA,NA,0.20761513
Tirasemtiv,LINCSCP_123335,HT29,0.12uM,24h,NA,NA,NA,NA,0.20755261
Cromakalim,LINCSCP_7135,A549,10uM,6h,NA,NA,NA,NA,0.20748647
Cromakalim,LINCSCP_7135,A549,10uM,6h,NA,NA,NA,NA,0.20748647
Tyrphostin 23,LINCSCP_289644,VCAP,10uM,24h,NA,NA,NA,NA,0.20731195
4L7B,LINCSCP_38580,MCF7,0.41uM,24h,NA,NA,NA,NA,0.20717327
Emtricitabine,LINCSCP_106492,HELA,1.11uM,24h,4,NA,NA,NA,0.20712016
Rivaroxaban,LINCSCP_108310,HELA,0.04uM,24h,NA,NA,NA,NA,0.20708917
Rivaroxaban,LINCSCP_108310,HELA,0.04uM,24h,4,NA,NA,NA,0.20708917
BRN 1601185,LINCSCP_27254,HT29,10uM,6h,NA,NA,NA,NA,0.20708255
BRD-K10087454,LINCSCP_8878,A549,10uM,24h,NA,NA,NA,NA,0.20699689
Prostoglandin A1,LINCSCP_41840,NOMO1,1uM,6h,NA,NA,NA,NA,0.20697054
BRD-K50608366,LINCSCP_61051,VCAP,5uM,24h,NA,NA,NA,NA,0.20689555
QL-X-138,LINCSCP_49997,PHH,10uM,24h,NA,NA,NA,NA,0.20688779
YL-59,LINCSCP_47396,PC3,10uM,6h,NA,NA,NA,NA,0.2068603
Broad-Sai-443,LINCSCP_20948,HCC515,0.12uM,24h,NA,NA,NA,NA,0.20684855
SGX-523,LINCSCP_101055,HCC515,0.37uM,24h,1,NA,NA,NA,0.20681165
SCHEMBL15556278,LINCSCP_114667,HME1,10uM,24h,NA,NA,NA,NA,0.20676391
Bisindolylmaleimide IX,LINCSCP_22729,HEPG2,10uM,6h,NA,NA,NA,NA,0.20669076
SB239063,LINCSCP_149364,NPC,0.37uM,24h,NA,NA,NA,NA,0.20657965
Diclofensine (hydrochloride),LINCSCP_139817,MCF7,0.04uM,24h,NA,NA,NA,NA,0.20657932
BRD-K45735142,LINCSCP_60766,VCAP,5uM,24h,NA,NA,NA,NA,0.20652011
Naftopidil,LINCSCP_156805,PC3,3.33uM,24h,3,NA,NA,NA,0.20645684
BRD-K07125273,LINCSCP_252134,MCF7,10uM,24h,NA,NA,NA,NA,0.20642296
Dacomitinib,LINCSCP_165384,SKL,1.11uM,24h,3,NA,NA,NA,0.20622705
181144-66-1,LINCSCP_108838,HELA,0.04uM,24h,NA,NA,NA,NA,0.20614044
Minaprine,LINCSCP_138695,MCF7,0.04uM,24h,4,NA,NA,NA,0.20608718
Ricolinostat,LINCSCP_165713,SKL,3.33uM,24h,1,NA,NA,NA,0.20597359
Lapatinib,LINCSCP_251525,MCF7,0.1uM,6h,4,NA,NA,NA,0.20592377
SA-85290,LINCSCP_252402,MCF7,1uM,6h,NA,NA,NA,NA,0.20554025
Droperidol,LINCSCP_18991,HCC515,10uM,24h,4,NA,NA,NA,0.20544906
Nicotin-Amide,LINCSCP_73920,A375,10uM,24h,4,NA,NA,NA,0.2053937
MLS002264465,LINCSCP_57793,VCAP,10uM,24h,NA,NA,NA,NA,0.20539347
AMG 487,LINCSCP_120656,HT29,0.37uM,24h,NA,NA,NA,NA,0.20535356
HG-9-91-01,LINCSCP_128206,HUES3,10uM,24h,NA,NA,NA,NA,0.20530948
Diethylcarbamazine,LINCSCP_44570,PC3,10uM,24h,4,NA,NA,NA,0.20523542
BRD-K78904620,LINCSCP_27389,HT29,5uM,24h,NA,NA,NA,NA,0.2050871
MLS002460410,LINCSCP_267762,PC3,10uM,24h,NA,NA,NA,NA,0.20499296
Tyrphostin 25,LINCSCP_14678,HA1E,10uM,24h,NA,NA,NA,NA,0.20490715
BRD-K77983109,LINCSCP_64217,VCAP,5uM,24h,NA,NA,NA,NA,0.2048492
"VX-222 (VCH-222, Lomibuvir)",LINCSCP_160831,PC3,0.04uM,24h,NA,NA,NA,NA,0.20483779
1-(4-Bromophenyl)-3-morpholin-4-yl-2-phenylpropan-1-one,LINCSCP_20360,HCC515,10uM,6h,NA,NA,NA,NA,0.20475106
BRD-K94206926,LINCSCP_195524,A549,5uM,24h,NA,NA,NA,NA,0.20450808
BRD-K95419055,LINCSCP_48170,PC3,5uM,24h,NA,NA,NA,NA,0.20447356
Enzastaurin,LINCSCP_130503,MCF10A,0.37uM,24h,3,NA,NA,NA,0.20443596
K784-3187,LINCSCP_125144,HT29,0.12uM,24h,NA,NA,NA,NA,0.20437875
Isosorbide Mononitrate,LINCSCP_160007,PC3,0.37uM,24h,4,NA,NA,NA,0.20426915
MLS002607677,LINCSCP_225134,HT29,10uM,6h,NA,NA,NA,NA,0.20409875
Triflupromazine,LINCSCP_176497,A375,0.5uM,6h,4,NA,NA,NA,0.20409366
TSU-68,LINCSCP_44964,PC3,5uM,24h,3,NA,NA,NA,0.20407887
YL-61,LINCSCP_20739,HCC515,10uM,6h,NA,NA,NA,NA,0.20407508
Quinapril,LINCSCP_174039,YAPC,0.12uM,24h,4,NA,NA,NA,0.20395225
Norethindrone,LINCSCP_194220,A549,10uM,6h,4,NA,NA,NA,0.20384164
OSI-906 (Linsitinib),LINCSCP_77905,A375,0.37uM,24h,3,NA,NA,NA,0.20380199
83002-04-4,LINCSCP_289157,VCAP,10uM,24h,NA,NA,NA,NA,0.20365497
CHEMBL259628,LINCSCP_285868,SKM1,10uM,6h,NA,NA,NA,NA,0.20361074
BRD-K54022924,LINCSCP_64006,VCAP,5uM,24h,NA,NA,NA,NA,0.20358973
Epivincamine,LINCSCP_137346,MCF7,10uM,24h,NA,NA,NA,NA,0.20355922
Fexofenadine,LINCSCP_174095,YAPC,10uM,24h,4,NA,NA,NA,0.20350064
PRIMA 1,LINCSCP_29316,LOVO,40uM,6h,NA,NA,NA,NA,0.203425
CPI-613,LINCSCP_121745,HT29,10uM,24h,NA,NA,NA,NA,0.20330134
Trifluridine,LINCSCP_41165,NEU,10uM,24h,4,NA,NA,NA,0.20327254
2-Chloro-n-(1-phenyl-3-propyl-1H-pyrazol-5-yl)acetamide,LINCSCP_57280,VCAP,10uM,24h,NA,NA,NA,NA,0.2030862
BRD-K80579245,LINCSCP_259345,NEU,10uM,24h,NA,NA,NA,NA,0.20304377
Lidocaine,LINCSCP_225737,HT29,10uM,6h,4,NA,NA,NA,0.20288637
Amantadine,LINCSCP_96946,HA1E,0.04uM,24h,NA,NA,NA,NA,0.20283766
Amantadine,LINCSCP_96946,HA1E,0.04uM,24h,4,NA,NA,NA,0.20283766
MK-0752,LINCSCP_119026,HT29,1.11uM,24h,NA,NA,NA,NA,0.20282092
Avanafil,LINCSCP_172668,YAPC,0.04uM,24h,4,NA,NA,NA,0.20257376
Plinabulin,LINCSCP_295495,VCAP,10uM,6h,3,NA,NA,NA,0.20250675
BRD-K05690403,LINCSCP_301154,VCAP,5uM,24h,NA,NA,NA,NA,0.20248331
BRD-K18972207,LINCSCP_8782,A549,5uM,24h,NA,NA,NA,NA,0.20245633
BRD-K18542345,LINCSCP_258912,NEU,10uM,24h,NA,NA,NA,NA,0.20233438
Dexrazoxane,LINCSCP_46717,PC3,10uM,24h,4,NA,NA,NA,0.20217162
Prochlorperazine,LINCSCP_153823,PC3,3.33uM,24h,4,NA,NA,NA,0.20207155
"4,6-Dimethyl-n-phenylquinolin-2-amine",LINCSCP_7773,A549,10uM,24h,NA,NA,NA,NA,0.20199292
Bicalutamide,LINCSCP_73942,A375,0.12uM,24h,4,NA,NA,NA,0.20197706
Dobutamine,LINCSCP_47470,PC3,10uM,24h,4,NA,NA,NA,0.20190831
SMR001318078,LINCSCP_4882,A549,10uM,24h,NA,NA,NA,NA,0.20179691
Nesbuvir,LINCSCP_110095,HELA,0.04uM,24h,2,NA,NA,NA,0.20168901
Evodiamine,LINCSCP_25423,HT29,10uM,24h,NA,NA,NA,NA,0.20165609
Galeterone,LINCSCP_90764,HA1E,10uM,24h,NA,NA,NA,NA,0.20154315
BRD-K77793090,LINCSCP_48576,PC3,10uM,24h,NA,NA,NA,NA,0.20141758
Rotenone,LINCSCP_13309,FIBRNPC,10uM,6h,NA,NA,NA,NA,0.20121484
Elacridar,LINCSCP_73779,A375,10uM,24h,NA,NA,NA,NA,0.20108194
869288-64-2,LINCSCP_148270,NPC.CAS9,0.04uM,24h,NA,NA,NA,NA,0.20106212
BRD-K39921295,LINCSCP_33857,MCF7,10uM,24h,NA,NA,NA,NA,0.20102612
BRD-K47788371,LINCSCP_60299,VCAP,5uM,6h,NA,NA,NA,NA,0.20098973
IN1549,LINCSCP_4461,A549,10uM,24h,NA,NA,NA,NA,0.200963
Pyrimethamine,LINCSCP_161763,PC3,3.33uM,24h,4,NA,NA,NA,0.20095275
Ethacrynic acid,LINCSCP_531,A375,10uM,6h,4,NA,NA,NA,0.20091431
TGX-115,LINCSCP_999,A375,100uM,6h,NA,NA,NA,NA,0.20080108
IMEXON,LINCSCP_161633,PC3,0.37uM,24h,NA,NA,NA,NA,0.200725
CHEMBL2354536,LINCSCP_50275,PHH,3uM,24h,NA,NA,NA,NA,0.20069909
MK-8245,LINCSCP_118217,HT29,1.11uM,24h,NA,NA,NA,NA,0.2006369
BIO2_000413,LINCSCP_22582,HEPG2,10uM,6h,NA,NA,NA,NA,0.20061814
N-Butyldeoxynojirmycin HCL,LINCSCP_91942,HA1E,10uM,24h,4,NA,NA,NA,0.20059513
Dolasetron,LINCSCP_73587,A375,10uM,24h,NA,NA,NA,NA,0.20058659
Dolasetron,LINCSCP_73587,A375,10uM,24h,NA,NA,NA,NA,0.20058659
CHEMBL1612418,LINCSCP_6405,A549,10uM,24h,NA,NA,NA,NA,0.20058212
Sildenafil,LINCSCP_97893,HA1E,0.04uM,24h,4,NA,NA,NA,0.20053746
BRD-K41390249,LINCSCP_48771,PC3,10uM,24h,NA,NA,NA,NA,0.20045172
PP-30,LINCSCP_40072,NCIH2073,10uM,6h,NA,NA,NA,NA,0.20041441
BRD-K91044787,LINCSCP_312582,VCAP,0.5uM,24h,NA,NA,NA,NA,0.20033451
BRD-K87410008,LINCSCP_60997,VCAP,5uM,6h,NA,NA,NA,NA,0.20031048
BRD-K69420053,LINCSCP_61074,VCAP,5uM,24h,NA,NA,NA,NA,0.20025327
BRD-K14614387-001-01-8,LINCSCP_27357,HT29,5uM,24h,NA,NA,NA,NA,0.20020848
Propylthiouracil,LINCSCP_155158,PC3,3.33uM,24h,4,NA,NA,NA,0.2001964
BRD-K62768020,LINCSCP_32210,MCF7,10uM,24h,NA,NA,NA,NA,0.20017099
BRD-K27343142,LINCSCP_63682,VCAP,5uM,24h,NA,NA,NA,NA,0.20002079
SMR000075319,LINCSCP_21579,HEPG2,60uM,6h,NA,NA,NA,NA,-0.46873117
QL47,LINCSCP_164156,SKBR3,10uM,3h,NA,NA,NA,NA,-0.46390516
Calmidazolium,LINCSCP_26588,HT29,10uM,6h,NA,NA,NA,NA,-0.442261
TL_HRAS26,LINCSCP_19483,HCC515,10uM,6h,NA,NA,NA,NA,-0.44104538
ST072947,LINCSCP_58708,VCAP,10uM,6h,NA,NA,NA,NA,-0.42679225
Withaferin-A,LINCSCP_46906,PC3,10uM,6h,NA,NA,NA,NA,-0.41986171
NSC 663284,LINCSCP_23576,HEPG2,3uM,6h,NA,NA,NA,NA,-0.41718181
AKT Inhibitor IV,LINCSCP_54759,T3M10,10uM,6h,NA,NA,NA,NA,-0.413623
79966-13-5,LINCSCP_54333,SW620,10uM,6h,NA,NA,NA,NA,-0.41053752
BIX01294,LINCSCP_43587,NPC,10uM,6h,NA,NA,NA,NA,-0.4080122
"13-Hydroxy-8,14,19-trimethoxy-4,10,12,16-tetramethyl-3,20,22-trioxo-2-azabicyclo[16.3.1]docosa-1(21),4,6,10,18-pentaen-9-yl carbamate",LINCSCP_64513,VCAP,20uM,48h,NA,NA,NA,NA,-0.39617037
INCA-6,LINCSCP_33747,MCF7,10uM,6h,NA,NA,NA,NA,-0.39550359
LDN 193189,LINCSCP_163254,SKBR3,3.33uM,3h,NA,NA,NA,NA,-0.39028408
pyrvinium-pamoate,LINCSCP_39896,NCIH1694,10uM,6h,NA,NA,NA,NA,-0.38341456
AC1NSOND,LINCSCP_47256,PC3,10uM,6h,NA,NA,NA,NA,-0.38044516
STK177393,LINCSCP_28893,HUH7,10uM,6h,NA,NA,NA,NA,-0.37612145
"3,5-Bis(4-methylbenzylidene)piperidin-4-one",LINCSCP_10422,A673,10uM,6h,NA,NA,NA,NA,-0.37460431
"3,5-Bis(4-methylbenzylidene)piperidin-4-one",LINCSCP_10422,A673,10uM,6h,NA,NA,NA,NA,-0.37460431
Azacitidine,LINCSCP_27292,HT29,10uM,6h,NA,NA,NA,NA,-0.36877452
Azacitidine,LINCSCP_27292,HT29,10uM,6h,4,NA,NA,NA,-0.36877452
NO-ASA,LINCSCP_41496,NEU,10uM,6h,NA,NA,NA,NA,-0.36597248
Phloretin,LINCSCP_54179,SW620,100uM,6h,NA,NA,NA,NA,-0.36322497
SCHEMBL6874948,LINCSCP_163862,SKBR3,10uM,3h,NA,NA,NA,NA,-0.36260557
STK219801,LINCSCP_12648,CORL23,20uM,6h,NA,NA,NA,NA,-0.36198518
BRN 1088760,LINCSCP_26538,HT29,10uM,6h,NA,NA,NA,NA,-0.35657739
NCGC00170405-01,LINCSCP_59466,VCAP,10uM,24h,NA,NA,NA,NA,-0.35466780999999997
MLS-0208612.0001,LINCSCP_5661,A549,10uM,6h,NA,NA,NA,NA,-0.35082603
Arachidonyl Trifluoromethylketone,LINCSCP_54155,SW620,80uM,6h,NA,NA,NA,NA,-0.34989545
PF477736,LINCSCP_85656,BT20,10uM,3h,NA,NA,NA,NA,-0.34528407
HY-11007,LINCSCP_24418,HS578T,0.1uM,24h,NA,NA,NA,NA,-0.34343103
MLS002703104,LINCSCP_1274,A375,10uM,6h,NA,NA,NA,NA,-0.34341929
O-Demethylated Adapalene,LINCSCP_19527,HCC515,10uM,6h,NA,NA,NA,NA,-0.34205936
VER 155008,LINCSCP_699,A375,10uM,24h,NA,NA,NA,NA,-0.3368515
SMR000082310,LINCSCP_1801,A375,10uM,6h,NA,NA,NA,NA,-0.33656933
CYTO7H11,LINCSCP_25668,HT29,10uM,6h,NA,NA,NA,NA,-0.33551149
Tegaserod,LINCSCP_26337,HT29,10uM,6h,4,NA,NA,NA,-0.33420983
CHEMBL3184547,LINCSCP_46422,PC3,10uM,24h,NA,NA,NA,NA,-0.33219731
SCH-79797,LINCSCP_55212,TYKNU,10uM,6h,NA,NA,NA,NA,-0.33055476
BDBM50442904,LINCSCP_28895,HUH7,10uM,6h,NA,NA,NA,NA,-0.32994726
MLS000089581,LINCSCP_26027,HT29,10uM,6h,NA,NA,NA,NA,-0.32986043
BRN 1088757,LINCSCP_46649,PC3,10uM,6h,NA,NA,NA,NA,-0.32858367
KUC103867,LINCSCP_15976,HA1E,10uM,6h,NA,NA,NA,NA,-0.32828612
BRD-K19166598,LINCSCP_26480,HT29,10uM,6h,NA,NA,NA,NA,-0.3270225
NCGC00166323-01,LINCSCP_140430,MCF7,3.33uM,24h,NA,NA,NA,NA,-0.32667256
Narciclasine,LINCSCP_51089,RMUGS,10uM,6h,NA,NA,NA,NA,-0.32469087
ST004815,LINCSCP_50461,PHH,5uM,6h,NA,NA,NA,NA,-0.32382734
PHA-665752,LINCSCP_116259,HT29,10uM,24h,NA,NA,NA,NA,-0.32373768000000003
PHA-665752,LINCSCP_116259,HT29,10uM,24h,NA,NA,NA,NA,-0.32373768000000003
Suloctidil,LINCSCP_244250,MCF7,10uM,6h,NA,NA,NA,NA,-0.32370943
Suloctidil,LINCSCP_244250,MCF7,10uM,6h,4,NA,NA,NA,-0.32370943
UNII-BXU45ZH6LI,LINCSCP_56330,VCAP,10uM,6h,NA,NA,NA,NA,-0.32340647
Quinoclamine,LINCSCP_53357,SKMEL1,10uM,6h,NA,NA,NA,NA,-0.3229336
"(3S,5R) Fluvastatin sodium salt",LINCSCP_47787,PC3,10uM,24h,NA,NA,NA,NA,-0.32203124
MK-5108,LINCSCP_73355,A375,10uM,24h,NA,NA,NA,NA,-0.32101711
NSC95397,LINCSCP_265786,PC3,10uM,24h,NA,NA,NA,NA,-0.32064008
MK-2206,LINCSCP_163940,SKBR3,10uM,3h,2,NA,NA,NA,-0.31916256
CHEMBL2360586,LINCSCP_48607,PC3,10uM,24h,NA,NA,NA,NA,-0.31897136
BRN 1087718,LINCSCP_2121,A375,10uM,6h,NA,NA,NA,NA,-0.31722294
KUC111774N,LINCSCP_38427,MCF7,3uM,6h,NA,NA,NA,NA,-0.31712631
BRD-A69951442-001-01-3,LINCSCP_10484,AGS,10uM,6h,NA,NA,NA,NA,-0.31693643
Afatinib,LINCSCP_32362,MCF7,10uM,6h,NA,NA,NA,NA,-0.3141973
Afatinib,LINCSCP_32362,MCF7,10uM,6h,4,NA,NA,NA,-0.3141973
AC1Q6JJ5,LINCSCP_36331,MCF7,0.01uM,6h,NA,NA,NA,NA,-0.31401157
KW-2449,LINCSCP_133384,MCF7,1.11uM,24h,1,NA,NA,NA,-0.31397208
CHEMBL1590762,LINCSCP_43633,NPC,10uM,6h,NA,NA,NA,NA,-0.31390633
MLS001033149,LINCSCP_26681,HT29,10uM,6h,NA,NA,NA,NA,-0.31379783
Tozasertib,LINCSCP_3864,A375,0.04uM,24h,2,NA,NA,NA,-0.3132716
SPB02303,LINCSCP_58435,VCAP,10uM,24h,NA,NA,NA,NA,-0.31309335
ML179,LINCSCP_45534,PC3,10uM,24h,NA,NA,NA,NA,-0.31105077
BDBM82056,LINCSCP_46062,PC3,10uM,24h,NA,NA,NA,NA,-0.31015582
BRD-K95411194,LINCSCP_27457,HT29,5uM,24h,NA,NA,NA,NA,-0.30916236
MLS-0435555.0001,LINCSCP_58370,VCAP,10uM,24h,NA,NA,NA,NA,-0.30902669
Nilotinib,LINCSCP_16710,HA1E,10uM,6h,4,NA,NA,NA,-0.30892687
SCHEMBL3958507,LINCSCP_113325,HME1,10uM,3h,NA,NA,NA,NA,-0.30817202
AC1O9CBL,LINCSCP_26398,HT29,10uM,6h,NA,NA,NA,NA,-0.30782029
CHEMBL3185054,LINCSCP_46641,PC3,10uM,6h,NA,NA,NA,NA,-0.30759257
Rottlerin,LINCSCP_41488,NEU,10uM,6h,NA,NA,NA,NA,-0.30594679
CVF-SUMO-13,LINCSCP_42343,NPC,10uM,24h,NA,NA,NA,NA,-0.30489027
SMR000076922,LINCSCP_1174,A375,10uM,24h,NA,NA,NA,NA,-0.30452858
BRD-K26545157,LINCSCP_231989,HT29,5uM,24h,NA,NA,NA,NA,-0.30412374
Teniposide,LINCSCP_2672,A375,10uM,6h,NA,NA,NA,NA,-0.30407813
PK04_098276,LINCSCP_26540,HT29,10uM,6h,NA,NA,NA,NA,-0.30382914
Puromycin,LINCSCP_26906,HT29,10uM,6h,NA,NA,NA,NA,-0.30341583
sorafenib,LINCSCP_24316,HS578T,0.5uM,24h,NA,NA,NA,NA,-0.30336096
Puromycin Hydrochloride,LINCSCP_56101,VCAP,10uM,6h,NA,NA,NA,NA,-0.30249473
"Cis-N,N-Dimethyl-9-(3-(1-Piperazinyl)Propylidene)Thioxanthene-2-Sulfonamide",LINCSCP_31497,MCF7,10uM,6h,NA,NA,NA,NA,-0.30214931
Auranofin,LINCSCP_50551,PL21,10uM,6h,NA,NA,NA,NA,-0.30205063
Auranofin,LINCSCP_50551,PL21,10uM,6h,NA,NA,NA,NA,-0.30205063
AC1O9BJ3,LINCSCP_58401,VCAP,10uM,24h,NA,NA,NA,NA,-0.30163732
Thioridazine,LINCSCP_68433,VCAP,10uM,24h,4,NA,NA,NA,-0.30160144
BRD-K93433262-001-01-7,LINCSCP_228044,HT29,10uM,6h,NA,NA,NA,NA,-0.30110425
MLS001116189,LINCSCP_20075,HCC515,10uM,6h,NA,NA,NA,NA,-0.30070339
Ouabain,LINCSCP_26905,HT29,10uM,6h,4,NA,NA,NA,-0.30021317
PX 12,LINCSCP_50544,PL21,30uM,6h,NA,NA,NA,NA,-0.30014221
Niguldipine,LINCSCP_26955,HT29,10uM,6h,NA,NA,NA,NA,-0.29925227
MLS000682490,LINCSCP_25987,HT29,10uM,24h,NA,NA,NA,NA,-0.29781516
Bardoxolone Methyl,LINCSCP_153949,PC3,3.33uM,24h,3,NA,NA,NA,-0.2976055
5-Nonyloxytryptamine,LINCSCP_26195,HT29,10uM,6h,NA,NA,NA,NA,-0.2975379
Amuvatinib,LINCSCP_81725,A549,10uM,24h,2,NA,NA,NA,-0.29694678
CP466722,LINCSCP_24261,HS578T,1uM,24h,NA,NA,NA,NA,-0.29609481
K114,LINCSCP_43305,NPC,10uM,6h,NA,NA,NA,NA,-0.2959546
Pitavastatin Calcium,LINCSCP_31712,MCF7,10uM,6h,4,NA,NA,NA,-0.29551096
Heliomycin,LINCSCP_59596,VCAP,10uM,6h,NA,NA,NA,NA,-0.29508419
BRD-K39647256,LINCSCP_28354,HT29,10uM,24h,NA,NA,NA,NA,-0.29504539
SPOX1_000651,LINCSCP_58583,VCAP,10uM,24h,NA,NA,NA,NA,-0.29471118
CHEMBL2140299,LINCSCP_27227,HT29,10uM,6h,NA,NA,NA,NA,-0.29389336
Linifanib,LINCSCP_69518,A375,10uM,24h,3,NA,NA,NA,-0.29383407
SCHEMBL2394914,LINCSCP_25281,HT29,10uM,24h,NA,NA,NA,NA,-0.29361792
Thiostrepton,LINCSCP_46893,PC3,10uM,6h,NA,NA,NA,NA,-0.29338355
Thiostrepton,LINCSCP_46893,PC3,10uM,6h,NA,NA,NA,NA,-0.29338355
Rabusertib,LINCSCP_88958,HA1E,10uM,24h,2,NA,NA,NA,-0.29270554
Simvastatin,LINCSCP_167642,YAPC,10uM,24h,4,NA,NA,NA,-0.29238269
YL-54,LINCSCP_3099,A375,10uM,6h,NA,NA,NA,NA,-0.29177092
2-Bromo-n-(2-phenylethyl)acetamide,LINCSCP_43318,NPC,10uM,6h,NA,NA,NA,NA,-0.29134623
SCHEMBL14379041,LINCSCP_54276,SW620,10uM,6h,NA,NA,NA,NA,-0.29133387
bupivacaine,LINCSCP_119174,HT29,10uM,24h,NA,NA,NA,NA,-0.29025445
BRD-K51556300-001-01-9,LINCSCP_27222,HT29,10uM,6h,NA,NA,NA,NA,-0.28986151
CID 46937236,LINCSCP_45642,PC3,10uM,24h,NA,NA,NA,NA,-0.28977314
ZINC4521332,LINCSCP_47631,PC3,10uM,24h,NA,NA,NA,NA,-0.28930407
Sorafenib,LINCSCP_163850,SKBR3,10uM,3h,4,NA,NA,NA,-0.28904382
BRD-A70541707,LINCSCP_41158,NEU,10uM,24h,NA,NA,NA,NA,-0.28895105
MLS000718932,LINCSCP_5649,A549,10uM,6h,NA,NA,NA,NA,-0.28878944
MG-132,LINCSCP_9841,A549,0.5uM,6h,NA,NA,NA,NA,-0.28839081
Iodoacetic acid,LINCSCP_17018,HA1E,10uM,6h,NA,NA,NA,NA,-0.28769736
BRD-K46489288,LINCSCP_298547,VCAP,5uM,6h,NA,NA,NA,NA,-0.28717068
BX 912,LINCSCP_132097,MCF7,3.33uM,24h,NA,NA,NA,NA,-0.28714884
MLN-8054,LINCSCP_70458,A375,10uM,24h,1,NA,NA,NA,-0.28668251
SA-1921085,LINCSCP_28266,HT29,10uM,24h,NA,NA,NA,NA,-0.28640111
"1,4-Chrysenequinone",LINCSCP_47624,PC3,10uM,24h,NA,NA,NA,NA,-0.28581344
CGK733,LINCSCP_28901,HUH7,10uM,6h,NA,NA,NA,NA,-0.28578905
GR-127935,LINCSCP_55632,VCAP,10uM,24h,NA,NA,NA,NA,-0.28554471
MLS003329220,LINCSCP_45517,PC3,10uM,24h,NA,NA,NA,NA,-0.28551529
Radicicol,LINCSCP_69536,A375,10uM,24h,NA,NA,NA,NA,-0.28444946
MLS000709026,LINCSCP_202898,A673,40uM,6h,NA,NA,NA,NA,-0.2842041
AC1MFIS3,LINCSCP_31840,MCF7,10uM,24h,NA,NA,NA,NA,-0.28368004
GSK-2334470,LINCSCP_148302,NPC.CAS9,1.11uM,24h,NA,NA,NA,NA,-0.28349959
CL-976,LINCSCP_12875,DV90,80uM,6h,NA,NA,NA,NA,-0.28345878
MLS003128612,LINCSCP_1745,A375,10uM,6h,NA,NA,NA,NA,-0.2828391
ST056792,LINCSCP_2026,A375,10uM,6h,NA,NA,NA,NA,-0.28279781
BIBR-1532,LINCSCP_54144,SW620,80uM,6h,NA,NA,NA,NA,-0.28266876
XL888,LINCSCP_156301,PC3,3.33uM,24h,NA,NA,NA,NA,-0.28266353
SMR000206948,LINCSCP_26265,HT29,10uM,6h,NA,NA,NA,NA,-0.28260579
MLS003153123,LINCSCP_45453,PC3,10uM,24h,NA,NA,NA,NA,-0.2822784
RO-281675,LINCSCP_21666,HEPG2,100uM,6h,NA,NA,NA,NA,-0.28218854
AGK 2,LINCSCP_149974,NPC.TAK,10uM,24h,NA,NA,NA,NA,-0.28218292
Diethylstilbestrol,LINCSCP_3845,A375,10uM,24h,4,NA,NA,NA,-0.28212828
Quiflapon,LINCSCP_54227,SW620,80uM,6h,NA,NA,NA,NA,-0.28202685
Pimavanserin,LINCSCP_124763,HT29,10uM,24h,4,NA,NA,NA,-0.28201586
AY 62021,LINCSCP_47879,PC3,10uM,6h,NA,NA,NA,NA,-0.28173212
AZD1152,LINCSCP_137065,MCF7,3.33uM,24h,3,NA,NA,NA,-0.28106924
Entinostat,LINCSCP_125485,HT29,0.37uM,24h,3,NA,NA,NA,-0.28065481
CHEMBL3182377,LINCSCP_28016,HT29,5uM,24h,NA,NA,NA,NA,-0.28056196
XUKUURHRXDUEBC-UHFFFAOYSA-N,LINCSCP_47282,PC3,10uM,24h,NA,NA,NA,NA,-0.2799539
CHEMBL2133926,LINCSCP_47385,PC3,10uM,6h,NA,NA,NA,NA,-0.27967561
Wortmannin,LINCSCP_68364,VCAP,10uM,6h,NA,NA,NA,NA,-0.2785272
6266-99-5,LINCSCP_33782,MCF7,10uM,6h,NA,NA,NA,NA,-0.27848898
Atorvastatin,LINCSCP_47795,PC3,10uM,24h,4,NA,NA,NA,-0.27804044
CHEMBL2140128,LINCSCP_27226,HT29,10uM,6h,NA,NA,NA,NA,-0.27780578
BG-1024,LINCSCP_41347,NEU,10uM,24h,NA,NA,NA,NA,-0.27762879
BRD-K63158888,LINCSCP_28375,HT29,10uM,24h,NA,NA,NA,NA,-0.27715856
Y-134,LINCSCP_26936,HT29,10uM,6h,NA,NA,NA,NA,-0.27644113
AK-968/11369213,LINCSCP_27320,HT29,10uM,6h,NA,NA,NA,NA,-0.27639559
GNF-PF-1339,LINCSCP_58040,VCAP,10uM,6h,NA,NA,NA,NA,-0.27631832
BRD-A28746609,LINCSCP_74027,A375,0.04uM,24h,NA,NA,NA,NA,-0.2762471
AZD-1775,LINCSCP_147733,NPC.CAS9,1.11uM,24h,2,NA,NA,NA,-0.27596366
CHEMBL2362360,LINCSCP_27258,HT29,10uM,6h,NA,NA,NA,NA,-0.2756215
SB590885,LINCSCP_163379,SKBR3,10uM,3h,NA,NA,NA,NA,-0.2751797
BRD-K01621458,LINCSCP_49339,PC3,5uM,6h,NA,NA,NA,NA,-0.27499995
Gemcitabine,LINCSCP_21062,HCC515,0.5uM,6h,4,NA,NA,NA,-0.27493899
331771-20-1,LINCSCP_150477,NPC.TAK,10uM,24h,NA,NA,NA,NA,-0.27422954
Bosutinib,LINCSCP_69750,A375,10uM,24h,4,NA,NA,NA,-0.27352342
(+)-Camptothecin,LINCSCP_18359,HCC515,10uM,6h,NA,NA,NA,NA,-0.27339242
Ivacaftor (VX-770),LINCSCP_158217,PC3,10uM,24h,4,NA,NA,NA,-0.27325532
Calcipotriene,LINCSCP_25293,HT29,10uM,24h,4,NA,NA,NA,-0.27312969
SN-38,LINCSCP_169146,YAPC,10uM,24h,NA,NA,NA,NA,-0.27285473
GSK-1070916,LINCSCP_29499,MCF10A,10uM,24h,1,NA,NA,NA,-0.27281788
Amodiaquine,LINCSCP_120617,HT29,10uM,24h,4,NA,NA,NA,-0.27253063
"8-Cyclohexyl-2,3,3a,4,5,6-hexahydro-1H-pyrazino[3,2,1-jk]carbazole",LINCSCP_44683,PC3,10uM,24h,NA,NA,NA,NA,-0.272459
BRD-K92543914,LINCSCP_28311,HT29,10uM,24h,NA,NA,NA,NA,-0.27229032
AC1NUE3V,LINCSCP_58990,VCAP,10uM,6h,NA,NA,NA,NA,-0.27207041
Digoxin,LINCSCP_26992,HT29,10uM,6h,4,NA,NA,NA,-0.27163583
CHEMBL520231,LINCSCP_57163,VCAP,10uM,6h,NA,NA,NA,NA,-0.27149287
MLS000094380,LINCSCP_5596,A549,10uM,24h,NA,NA,NA,NA,-0.27134257
Fluspirilene,LINCSCP_43663,NPC,10uM,6h,4,NA,NA,NA,-0.27133418
Ispinesib,LINCSCP_26512,HT29,10uM,6h,NA,NA,NA,NA,-0.27132895
Chloroxine,LINCSCP_25177,HT29,10uM,6h,4,NA,NA,NA,-0.27102265
Disulfiram,LINCSCP_71828,A375,0.37uM,24h,4,NA,NA,NA,-0.27089091
Albendazole,LINCSCP_79919,A375,0.37uM,24h,4,NA,NA,NA,-0.27049426
Prazosin,LINCSCP_76792,A375,10uM,24h,4,NA,NA,NA,-0.27034969
BRD-K30126976,LINCSCP_258946,NEU,10uM,24h,NA,NA,NA,NA,-0.27014171
BRD-K75693278,LINCSCP_63526,VCAP,5uM,24h,NA,NA,NA,NA,-0.26957182
MEGXM0_000149,LINCSCP_2232,A375,10uM,6h,NA,NA,NA,NA,-0.26909557
Dilazep,LINCSCP_125056,HT29,10uM,24h,NA,NA,NA,NA,-0.26905874
Mycophenolate Mofetil,LINCSCP_6915,A549,10uM,24h,4,NA,NA,NA,-0.26890305
Paroxetine,LINCSCP_26831,HT29,10uM,6h,4,NA,NA,NA,-0.26886165
4-Hydroxytamoxifen,LINCSCP_44704,PC3,10uM,24h,NA,NA,NA,NA,-0.26878174
CGP71683A,LINCSCP_14569,HA1E,10uM,6h,NA,NA,NA,NA,-0.26858296
Terfenadine,LINCSCP_2510,A375,10uM,6h,4,NA,NA,NA,-0.26837331
BRD-K13528168-001-01-6,LINCSCP_259488,NEU,10uM,24h,NA,NA,NA,NA,-0.26824593
Obatoclax,LINCSCP_58706,VCAP,10uM,6h,NA,NA,NA,NA,-0.26817783
SPECTRUM_000011,LINCSCP_44775,PC3,10uM,6h,NA,NA,NA,NA,-0.2681067
T 98475,LINCSCP_55671,VCAP,10uM,24h,NA,NA,NA,NA,-0.26807962
AZD-1152HQPA,LINCSCP_4094,A375,1uM,24h,NA,NA,NA,NA,-0.26763219
Tipifarnib,LINCSCP_140378,MCF7,0.37uM,24h,3,NA,NA,NA,-0.26762457
BG-1010,LINCSCP_43545,NPC,10uM,6h,NA,NA,NA,NA,-0.26721569
AZD-1152-HQPA,LINCSCP_69028,A375,3.33uM,24h,NA,NA,NA,NA,-0.26710817
Itrazole,LINCSCP_269592,PC3,10uM,24h,NA,NA,NA,NA,-0.26701943
Mibefradil,LINCSCP_26976,HT29,10uM,6h,4,NA,NA,NA,-0.26698804
BRD-K73911580,LINCSCP_60487,VCAP,5uM,6h,NA,NA,NA,NA,-0.26683583
Raloxifene,LINCSCP_280484,PC3,10uM,24h,4,NA,NA,NA,-0.26677338
AC1OFCDP,LINCSCP_47622,PC3,10uM,24h,NA,NA,NA,NA,-0.26664853
CHEMBL2135649,LINCSCP_47178,PC3,10uM,24h,NA,NA,NA,NA,-0.26656882
CHEMBL2137269,LINCSCP_47246,PC3,10uM,6h,NA,NA,NA,NA,-0.26634859
Ursolic acid,LINCSCP_30838,MCF7,70uM,6h,NA,NA,NA,NA,-0.26610924
Gallocatechin Gallate,LINCSCP_21661,HEPG2,90uM,6h,NA,NA,NA,NA,-0.26603328
SCHEMBL15422158,LINCSCP_46194,PC3,10uM,24h,NA,NA,NA,NA,-0.26546245
Z36,LINCSCP_41554,NEU,10uM,6h,NA,NA,NA,NA,-0.26539213
BRD-K17890048,LINCSCP_28216,HT29,10uM,24h,NA,NA,NA,NA,-0.26515619
"16,16-Dimethyl prostaglandin e2",LINCSCP_30887,MCF7,10uM,6h,NA,NA,NA,NA,-0.26514942
Bufalin,LINCSCP_27135,HT29,10uM,6h,NA,NA,NA,NA,-0.2649425
Floxuridine,LINCSCP_142768,MCF7,0.04uM,24h,NA,NA,NA,NA,-0.26489776
Floxuridine,LINCSCP_142768,MCF7,0.04uM,24h,4,NA,NA,NA,-0.26489776
Osimertinib,LINCSCP_117157,HT29,10uM,24h,4,NA,NA,NA,-0.26481304
MLS002276542,LINCSCP_45876,PC3,10uM,24h,NA,NA,NA,NA,-0.26417433
BI-2536,LINCSCP_163904,SKBR3,10uM,3h,2,NA,NA,NA,-0.26364919
Tremulacin,LINCSCP_31694,MCF7,10uM,6h,NA,NA,NA,NA,-0.263646
ZINC77024257,LINCSCP_87521,CD34,10uM,24h,NA,NA,NA,NA,-0.2629779
SCHEMBL15422156,LINCSCP_46273,PC3,10uM,24h,NA,NA,NA,NA,-0.26283413
CHEMBL1474387,LINCSCP_57415,VCAP,10uM,6h,NA,NA,NA,NA,-0.26277729
KUC104337,LINCSCP_26225,HT29,10uM,6h,NA,NA,NA,NA,-0.26240598
Trifluoperazine,LINCSCP_25379,HT29,10uM,6h,4,NA,NA,NA,-0.26235402
BML 210,LINCSCP_43579,NPC,10uM,6h,NA,NA,NA,NA,-0.26213352
SB-218078,LINCSCP_33039,MCF7,10uM,24h,NA,NA,NA,NA,-0.26208898
SAN1_014122,LINCSCP_52217,SKB,10uM,24h,NA,NA,NA,NA,-0.26191264
BRD-K90329522,LINCSCP_64232,VCAP,5uM,24h,NA,NA,NA,NA,-0.26188117
Toremifene,LINCSCP_22205,HEPG2,10uM,6h,4,NA,NA,NA,-0.26169537
Dihydroergocristine,LINCSCP_127954,HT29,10uM,24h,4,NA,NA,NA,-0.26162034
Amlodipine,LINCSCP_26768,HT29,10uM,6h,4,NA,NA,NA,-0.26145139
Antimycin A,LINCSCP_42355,NPC,10uM,24h,NA,NA,NA,NA,-0.26137548
Antimycin A,LINCSCP_42355,NPC,10uM,24h,NA,NA,NA,NA,-0.26137548
KUC111109N,LINCSCP_28465,HT29,10uM,6h,NA,NA,NA,NA,-0.26107238
SCHEMBL16226502,LINCSCP_149539,NPC.TAK,10uM,24h,NA,NA,NA,NA,-0.26101694
NCGC00170205-01,LINCSCP_27181,HT29,10uM,6h,NA,NA,NA,NA,-0.26080522
MLS000583956,LINCSCP_25993,HT29,10uM,6h,NA,NA,NA,NA,-0.26067413
CHEMBL2138962,LINCSCP_59256,VCAP,10uM,24h,NA,NA,NA,NA,-0.26059556
Pelitinib,LINCSCP_163313,SKBR3,10uM,3h,2,NA,NA,NA,-0.2603095
F1304-0056,LINCSCP_23304,HEPG2,10uM,24h,NA,NA,NA,NA,-0.26018529
"13-Methyl-7-[9-(4,4,5,5,5-pentafluoropentylsulfinyl)nonyl]-6,7,8,9,11,12,14,15,16,17-decahydrocyclopenta[a]phenanthrene-3,17-diol",LINCSCP_68466,VCAP,10uM,24h,NA,NA,NA,NA,-0.25986479
Metergoline Phenylmethyl Ester,LINCSCP_25220,HT29,10uM,24h,NA,NA,NA,NA,-0.25981632
Thiothixene,LINCSCP_32943,MCF7,10uM,24h,NA,NA,NA,NA,-0.25960149
CHEMBL2356537,LINCSCP_23627,HEPG2,10uM,6h,NA,NA,NA,NA,-0.25958126
CHEMBL1083527,LINCSCP_145023,MDAMB231,10uM,3h,NA,NA,NA,NA,-0.25947721
HMN-214,LINCSCP_70597,A375,3.33uM,24h,NA,NA,NA,NA,-0.25935713
COL-3,LINCSCP_55273,U266,10uM,6h,NA,NA,NA,NA,-0.25928265
Phorbol Myristate Acetate,LINCSCP_55386,U937,0.5uM,6h,NA,NA,NA,NA,-0.25924994
MLS000583957,LINCSCP_58011,VCAP,10uM,6h,NA,NA,NA,NA,-0.2592171
Fccp,LINCSCP_23594,HEPG2,3uM,6h,NA,NA,NA,NA,-0.25919562
AZ20,LINCSCP_88928,HA1E,10uM,24h,NA,NA,NA,NA,-0.25908468
SR-02000000367,LINCSCP_16008,HA1E,10uM,6h,NA,NA,NA,NA,-0.25903785
4LY1,LINCSCP_38625,MCF7,10uM,24h,NA,NA,NA,NA,-0.25886219
NCGC00346967-01,LINCSCP_150221,NPC.TAK,10uM,24h,NA,NA,NA,NA,-0.25885032
EMD-41000,LINCSCP_220818,HEPG2,10uM,6h,NA,NA,NA,NA,-0.25878821
"Dihydroorotate Dehydrogenase Inhibitor, Brequinar",LINCSCP_144452,MCF7,0.37uM,24h,NA,NA,NA,NA,-0.25877976
GW 405833,LINCSCP_53434,SKMEL28,40uM,6h,NA,NA,NA,NA,-0.25869333
SKF 86002,LINCSCP_22826,HEPG2,10uM,6h,NA,NA,NA,NA,-0.25854902
MLS001060802,LINCSCP_31690,MCF7,10uM,6h,NA,NA,NA,NA,-0.25852601
Pevonedistat,LINCSCP_252708,MCF7,10uM,24h,2,NA,NA,NA,-0.25847591
BRD-K31344914,LINCSCP_43316,NPC,10uM,6h,NA,NA,NA,NA,-0.25816797
SB-202190,LINCSCP_56019,VCAP,10uM,24h,NA,NA,NA,NA,-0.25815899
CT-200783,LINCSCP_10325,A673,10uM,6h,NA,NA,NA,NA,-0.25805473
BRD-A43331270-001-01-6,LINCSCP_25678,HT29,10uM,6h,NA,NA,NA,NA,-0.25796662
Orlistat,LINCSCP_158933,PC3,1.11uM,24h,4,NA,NA,NA,-0.25789232
Kolestevan,LINCSCP_44698,PC3,10uM,24h,NA,NA,NA,NA,-0.25782938
SCHEMBL15422032,LINCSCP_6112,A549,10uM,6h,NA,NA,NA,NA,-0.25779463
Dichlorobenzamil,LINCSCP_43326,NPC,10uM,6h,NA,NA,NA,NA,-0.25762302
Apilimod,LINCSCP_122455,HT29,0.37uM,24h,NA,NA,NA,NA,-0.25755104
BMS-345541,LINCSCP_151159,PC3,10uM,24h,NA,NA,NA,NA,-0.25716134
CHEMBL2362024,LINCSCP_65721,VCAP,10uM,24h,NA,NA,NA,NA,-0.25680335
AC1O9EM7,LINCSCP_58743,VCAP,10uM,6h,NA,NA,NA,NA,-0.25679242
Resveratrol,LINCSCP_273607,PC3,10uM,24h,NA,NA,NA,NA,-0.25676368
1228746-78-8,LINCSCP_18783,HCC515,10uM,24h,NA,NA,NA,NA,-0.25664632
BL003-049-HDAC3,LINCSCP_49277,PC3,10uM,6h,NA,NA,NA,NA,-0.25662942
Ruxolitinib,LINCSCP_132510,MCF7,10uM,3h,4,NA,NA,NA,-0.25650896
TAE-684,LINCSCP_22372,HEPG2,10uM,6h,NA,NA,NA,NA,-0.25643869
BAY 61-3606,LINCSCP_150365,NPC.TAK,1.11uM,24h,NA,NA,NA,NA,-0.2563796
XMD 8-92,LINCSCP_87216,CD34,10uM,24h,NA,NA,NA,NA,-0.25637232
Astemizole,LINCSCP_34283,MCF7,10uM,24h,4,NA,NA,NA,-0.25636168
Maprotiline,LINCSCP_58121,VCAP,10uM,24h,NA,NA,NA,NA,-0.25600723
Maprotiline,LINCSCP_58121,VCAP,10uM,24h,4,NA,NA,NA,-0.25600723
CHEMBL2357390,LINCSCP_48993,PC3,10uM,24h,NA,NA,NA,NA,-0.25579703
Ketoconazole,LINCSCP_157637,PC3,10uM,24h,NA,NA,NA,NA,-0.2554519
Ketoconazole,LINCSCP_157637,PC3,10uM,24h,NA,NA,NA,NA,-0.2554519
Ketoconazole,LINCSCP_157637,PC3,10uM,24h,NA,NA,NA,NA,-0.2554519
Genistein,LINCSCP_68531,VCAP,10uM,6h,NA,NA,NA,NA,-0.25528299
CHEMBL299879,LINCSCP_17894,HCC515,10uM,24h,NA,NA,NA,NA,-0.25519746
Neratinib,LINCSCP_163134,SKBR3,3.33uM,3h,NA,NA,NA,NA,-0.25516881
Neratinib,LINCSCP_163134,SKBR3,3.33uM,3h,3,NA,NA,NA,-0.25516881
SMP2_000249,LINCSCP_26957,HT29,10uM,6h,NA,NA,NA,NA,-0.25515786
Bapta-AM,LINCSCP_27002,HT29,10uM,6h,NA,NA,NA,NA,-0.25510846
Fdurd,LINCSCP_34120,MCF7,10uM,24h,NA,NA,NA,NA,-0.25510359
SGI-1776,LINCSCP_149596,NPC.TAK,3.33uM,24h,1,NA,NA,NA,-0.25507786
AC1MCK5A,LINCSCP_1539,A375,10uM,6h,NA,NA,NA,NA,-0.25487684
Clofarabine,LINCSCP_71919,A375,0.12uM,24h,4,NA,NA,NA,-0.2547261
ZINC27645180,LINCSCP_42122,NPC,10uM,24h,NA,NA,NA,NA,-0.25460329
Altrenogest,LINCSCP_156182,PC3,3.33uM,24h,NA,NA,NA,NA,-0.25456413
Altrenogest,LINCSCP_156182,PC3,3.33uM,24h,NA,NA,NA,NA,-0.25456413
Perphenazine,LINCSCP_243420,MCF7,10uM,24h,4,NA,NA,NA,-0.25446788
BRD7116,LINCSCP_24212,HS27A,10uM,6h,NA,NA,NA,NA,-0.25373003
CHEMDIV3_016432,LINCSCP_23713,HEPG2,10uM,6h,NA,NA,NA,NA,-0.25348421
7Beta-forskolin,LINCSCP_27057,HT29,10uM,6h,NA,NA,NA,NA,-0.25345449
CHEMBL2135524,LINCSCP_59298,VCAP,10uM,24h,NA,NA,NA,NA,-0.25339882
Canertinib,LINCSCP_69470,A375,10uM,24h,3,NA,NA,NA,-0.25331857
MLS002607804,LINCSCP_237784,MCF7,10uM,24h,NA,NA,NA,NA,-0.25330082
Phorbol 12-myristate-13-acetate,LINCSCP_51036,RMUGS,10uM,6h,NA,NA,NA,NA,-0.25320574
Dalcetrapib,LINCSCP_4724,A549,80uM,6h,3,NA,NA,NA,-0.25289912
CHEMBL210901,LINCSCP_44125,PC3,10uM,6h,NA,NA,NA,NA,-0.25275384
CHEMBL2137729,LINCSCP_47388,PC3,10uM,6h,NA,NA,NA,NA,-0.25244379
SCHEMBL10195776,LINCSCP_412,A375,10uM,6h,NA,NA,NA,NA,-0.25239937
SCHEMBL15422533,LINCSCP_294486,VCAP,10uM,6h,NA,NA,NA,NA,-0.25218874
BRD-K05686172,LINCSCP_297520,VCAP,5uM,6h,NA,NA,NA,NA,-0.25190577
CHEMBL2357757,LINCSCP_60366,VCAP,5uM,24h,NA,NA,NA,NA,-0.25181622
KW-2478,LINCSCP_105641,HELA,1.11uM,24h,NA,NA,NA,NA,-0.25171699
MLS002264453,LINCSCP_26058,HT29,10uM,6h,NA,NA,NA,NA,-0.25145381
BRD-K92659561,LINCSCP_49194,PC3,10uM,6h,NA,NA,NA,NA,-0.25125783
BRD-K56987347,LINCSCP_60778,VCAP,5uM,24h,NA,NA,NA,NA,-0.25110322
BRD-K38477985,LINCSCP_26912,HT29,10uM,6h,NA,NA,NA,NA,-0.25108829
EMF-SUMO1-39,LINCSCP_3066,A375,10uM,6h,NA,NA,NA,NA,-0.25046416
Carbacyclin,LINCSCP_12455,CD34,3uM,6h,NA,NA,NA,NA,-0.25035375
TAS-103 (dihydrochloride),LINCSCP_167888,YAPC,10uM,24h,NA,NA,NA,NA,-0.25018022
AT 7867,LINCSCP_146323,MNEU.E,10uM,24h,NA,NA,NA,NA,-0.2500939
Adapalene,LINCSCP_43433,NPC,10uM,24h,4,NA,NA,NA,-0.25000599
Nor2-Chlorpromazine,LINCSCP_43357,NPC,10uM,6h,NA,NA,NA,NA,-0.24995564
MLS001173269,LINCSCP_16706,HA1E,10uM,6h,NA,NA,NA,NA,-0.24985153
SCHEMBL16980224,LINCSCP_148102,NPC.CAS9,1.11uM,24h,NA,NA,NA,NA,-0.24971632
AC1L1JM9,LINCSCP_219176,HEPG2,10uM,6h,NA,NA,NA,NA,-0.24961535
ST059620,LINCSCP_48088,PC3,20uM,24h,NA,NA,NA,NA,-0.2491218
Bithionol,LINCSCP_25190,HT29,10uM,6h,4,NA,NA,NA,-0.24899548
2-(Ethylmercuriothio)benzoic acid,LINCSCP_110497,HELA,10uM,24h,NA,NA,NA,NA,-0.24876385
AC1MJFJP,LINCSCP_28898,HUH7,3uM,6h,NA,NA,NA,NA,-0.24867752
N-Benzylquinazolin-4-amine,LINCSCP_44723,PC3,10uM,24h,NA,NA,NA,NA,-0.24828126
MLS001116157,LINCSCP_20100,HCC515,10uM,6h,NA,NA,NA,NA,-0.24826808
Adarotene,LINCSCP_138463,MCF7,3.33uM,24h,NA,NA,NA,NA,-0.24800796
Cyclosporine,LINCSCP_209972,HA1E,10uM,6h,NA,NA,NA,NA,-0.24774352
Cyclosporine,LINCSCP_209972,HA1E,10uM,6h,4,NA,NA,NA,-0.24774352
BRD-K30553817,LINCSCP_41190,NEU,10uM,24h,NA,NA,NA,NA,-0.24774137
BRD-K29251608,LINCSCP_3554,A375,10uM,24h,NA,NA,NA,NA,-0.24760948
AC1O9X68,LINCSCP_32531,MCF7,10uM,24h,NA,NA,NA,NA,-0.24729403
RO-3306,LINCSCP_34229,MCF7,10uM,6h,NA,NA,NA,NA,-0.24716419
Rhodomyrtoxin,LINCSCP_44707,PC3,10uM,24h,NA,NA,NA,NA,-0.24707286
Acetaminophen,LINCSCP_139031,MCF7,0.04uM,24h,4,NA,NA,NA,-0.24699048
Dovitinib,LINCSCP_85548,BT20,10uM,3h,3,NA,NA,NA,-0.24686532
CHEMBL258148,LINCSCP_56824,VCAP,90uM,24h,NA,NA,NA,NA,-0.24682095
CHEMDIV1_016684,LINCSCP_58308,VCAP,10uM,24h,NA,NA,NA,NA,-0.24673226
Rigosertib,LINCSCP_70570,A375,0.12uM,24h,3,NA,NA,NA,-0.24667606
COT-10B,LINCSCP_15562,HA1E,40uM,6h,NA,NA,NA,NA,-0.24666345
Devazepide,LINCSCP_33206,MCF7,10uM,6h,NA,NA,NA,NA,-0.24641095
Pilaralisib,LINCSCP_295488,VCAP,10uM,6h,NA,NA,NA,NA,-0.24620543
CHEMBL2362834,LINCSCP_23649,HEPG2,10uM,6h,NA,NA,NA,NA,-0.24589558
BRD-K80169513,LINCSCP_28389,HT29,10uM,24h,NA,NA,NA,NA,-0.24587095
"9-[3-(3,5-Dimethylpiperazin-1-yl)propyl]-9H-carbazole",LINCSCP_33176,MCF7,10uM,6h,NA,NA,NA,NA,-0.24583024
MD-II-038,LINCSCP_40809,NEU,10uM,24h,NA,NA,NA,NA,-0.24581214
ITK Inhibitor,LINCSCP_11605,BT20,1uM,24h,NA,NA,NA,NA,-0.2457375
GSK429286A,LINCSCP_51517,SKBR3,10uM,6h,NA,NA,NA,NA,-0.24569415
ZINC28755859,LINCSCP_46958,PC3,10uM,6h,NA,NA,NA,NA,-0.24551995
AS601245,LINCSCP_24223,HS578T,1uM,24h,NA,NA,NA,NA,-0.24550571
Hoechst 33258,LINCSCP_153241,PC3,10uM,24h,NA,NA,NA,NA,-0.24532882
SAN1_003817,LINCSCP_46380,PC3,10uM,6h,NA,NA,NA,NA,-0.24516845
Tyrphostin A9,LINCSCP_32486,MCF7,10uM,24h,NA,NA,NA,NA,-0.24515904
Fentanyl Isothiocyanate,LINCSCP_17943,HCC515,10uM,24h,NA,NA,NA,NA,-0.24497947
LY 2183240,LINCSCP_18707,HCC515,10uM,6h,NA,NA,NA,NA,-0.24487407
NSC653260,LINCSCP_26930,HT29,10uM,6h,NA,NA,NA,NA,-0.24487363
Scandenin,LINCSCP_44418,PC3,10uM,24h,NA,NA,NA,NA,-0.24478627
Olaparib,LINCSCP_148412,NPC.CAS9,0.12uM,24h,4,NA,NA,NA,-0.24467008
LY2334737,LINCSCP_138174,MCF7,10uM,24h,NA,NA,NA,NA,-0.24460637
Vanoxerine,LINCSCP_43317,NPC,10uM,6h,3,NA,NA,NA,-0.24459912
Fenretinide,LINCSCP_41603,NEU,10uM,6h,3,NA,NA,NA,-0.24459378
COT Inhibitor-2,LINCSCP_147542,NPC.CAS9,10uM,24h,NA,NA,NA,NA,-0.2444876
MLS002264458,LINCSCP_57665,VCAP,10uM,6h,NA,NA,NA,NA,-0.24437501
ABT737,LINCSCP_84471,ASC,3.33uM,24h,NA,NA,NA,NA,-0.24437332
C23H24CLN3O5,LINCSCP_16231,HA1E,10uM,6h,NA,NA,NA,NA,-0.24414978
Lasalocid,LINCSCP_56248,VCAP,10uM,24h,NA,NA,NA,NA,-0.24405566
NVP-AUY922,LINCSCP_163294,SKBR3,0.04uM,3h,NA,NA,NA,NA,-0.24397101
KUC104493,LINCSCP_57870,VCAP,10uM,6h,NA,NA,NA,NA,-0.24363828
CHEMBL2360506,LINCSCP_47136,PC3,10uM,24h,NA,NA,NA,NA,-0.24362074
AZD7762,LINCSCP_173833,YAPC,1.11uM,24h,1,NA,NA,NA,-0.24350599
HG-6-64-01,LINCSCP_58673,VCAP,10uM,24h,NA,NA,NA,NA,-0.24350414
1446-61-3,LINCSCP_55672,VCAP,10uM,24h,NA,NA,NA,NA,-0.24327837
Pralatrexate,LINCSCP_174660,YAPC,3.33uM,24h,4,NA,NA,NA,-0.2432339
MRE-269,LINCSCP_12444,CD34,3uM,6h,NA,NA,NA,NA,-0.24323305
BRD-K19181733,LINCSCP_46438,PC3,10uM,24h,NA,NA,NA,NA,-0.24300043
84215-10-1,LINCSCP_13759,HA1E,10uM,24h,NA,NA,NA,NA,-0.24294236
BG-51,LINCSCP_49274,PC3,10uM,6h,NA,NA,NA,NA,-0.242902
BRD-K08251038,LINCSCP_28332,HT29,10uM,24h,NA,NA,NA,NA,-0.24240358
C24H25CLFN5O3,LINCSCP_130218,LNCAP,10uM,3h,NA,NA,NA,NA,-0.24240119
Tanespimycin,LINCSCP_15661,HA1E,0.5uM,6h,3,NA,NA,NA,-0.24235866
MLS003448149,LINCSCP_54560,SW948,10uM,6h,NA,NA,NA,NA,-0.24207009
SPECTRUM2_000920,LINCSCP_72,A375,10uM,6h,NA,NA,NA,NA,-0.24194905
NU-7026,LINCSCP_148041,NPC.CAS9,0.12uM,24h,NA,NA,NA,NA,-0.24193016
AN-023/14772014,LINCSCP_29077,HUH7,10uM,6h,NA,NA,NA,NA,-0.24160581
CHEMBL2355585,LINCSCP_277893,PC3,10uM,24h,NA,NA,NA,NA,-0.24157278
BRD-K31931684,LINCSCP_49116,PC3,10uM,6h,NA,NA,NA,NA,-0.24152214
Lomitapide,LINCSCP_161384,PC3,10uM,24h,4,NA,NA,NA,-0.24134867
SCHEMBL1564574,LINCSCP_29517,MCF10A,1uM,24h,NA,NA,NA,NA,-0.24121151
RS-17053,LINCSCP_27028,HT29,10uM,6h,NA,NA,NA,NA,-0.24113894
"Trichostatin A, Streptomyces Sp.",LINCSCP_67820,NPC,10uM,6h,NA,NA,NA,NA,-0.24088179
AMG 232,LINCSCP_140826,MCF7,3.33uM,24h,NA,NA,NA,NA,-0.24087406
CHEMBL3188986,LINCSCP_28349,HT29,10uM,24h,NA,NA,NA,NA,-0.24032334
CHEMBL1555451,LINCSCP_57448,VCAP,10uM,6h,NA,NA,NA,NA,-0.24020271
MLS001207806,LINCSCP_41960,NOMO1,10uM,24h,NA,NA,NA,NA,-0.2400449
UNC0638,LINCSCP_146951,NEU,10uM,24h,NA,NA,NA,NA,-0.24002348
CHEMBL2356894,LINCSCP_60490,VCAP,5uM,6h,NA,NA,NA,NA,-0.24001434
PU-H-71,LINCSCP_20442,HCC515,10uM,6h,NA,NA,NA,NA,-0.23991174
Iloprost,LINCSCP_12409,CD34,1uM,6h,4,NA,NA,NA,-0.23967713
GSK-J1,LINCSCP_88707,HA1E,3.33uM,24h,NA,NA,NA,NA,-0.23963113
BRD-K84450674,LINCSCP_47158,PC3,10uM,24h,NA,NA,NA,NA,-0.23957132
YC1,LINCSCP_28830,HUH7,5uM,24h,NA,NA,NA,NA,-0.23940661
Tanaproget,LINCSCP_144161,MCF7,10uM,24h,NA,NA,NA,NA,-0.23924204
Avicin-G,LINCSCP_49414,PC3,1uM,6h,NA,NA,NA,NA,-0.23920701
761437-28-9,LINCSCP_133533,MCF7,3.33uM,24h,NA,NA,NA,NA,-0.23897471
"Haematoxylone, Tetramethyl-",LINCSCP_262402,NPC,10uM,24h,NA,NA,NA,NA,-0.23878674
CHEMBL2131708,LINCSCP_26039,HT29,10uM,6h,NA,NA,NA,NA,-0.23866032
BRD-A41986761,LINCSCP_71704,A375,0.04uM,24h,NA,NA,NA,NA,-0.23850813
JLK-6,LINCSCP_7155,A549,10uM,6h,NA,NA,NA,NA,-0.23849709
Dinaciclib,LINCSCP_74414,A375,0.12uM,24h,3,NA,NA,NA,-0.23848797
TAK-715,LINCSCP_148135,NPC.CAS9,10uM,24h,2,NA,NA,NA,-0.23843028
"2-[(Dimethylamino)methyl]-2,3-dihydro-1H-inden-1-one",LINCSCP_2671,A375,10uM,6h,NA,NA,NA,NA,-0.23825587
PHA-767491,LINCSCP_117055,HT29,10uM,24h,NA,NA,NA,NA,-0.23824725
HG-14-10-04,LINCSCP_128573,HUVEC,3.33uM,24h,NA,NA,NA,NA,-0.23818774
17-DMAG (Alvespimycin) HCl,LINCSCP_101865,HELA,0.04uM,24h,NA,NA,NA,NA,-0.23815232
MLN 2238,LINCSCP_37184,MCF7,1uM,6h,4,NA,NA,NA,-0.23803671
ZK 164015,LINCSCP_43993,PC3,10uM,24h,NA,NA,NA,NA,-0.23798115
Zuclomiphene,LINCSCP_30200,MCF7,10uM,6h,NA,NA,NA,NA,-0.23793114
Sertraline,LINCSCP_226750,HT29,10uM,6h,4,NA,NA,NA,-0.23786321
CHEMBL2355034,LINCSCP_47083,PC3,10uM,24h,NA,NA,NA,NA,-0.23782137
Ixabepilone,LINCSCP_74590,A375,0.12uM,24h,4,NA,NA,NA,-0.23746196
BRD-K64523453,LINCSCP_28272,HT29,10uM,24h,NA,NA,NA,NA,-0.23734994
BRD-K89097220,LINCSCP_23929,HEPG2,1.11uM,24h,NA,NA,NA,NA,-0.23728896
CHEMBL1172402,LINCSCP_13144,FIBRNPC,10uM,24h,NA,NA,NA,NA,-0.23717014
VU0418000-1,LINCSCP_21947,HEPG2,10uM,6h,NA,NA,NA,NA,-0.23689233
TL_HRAS27,LINCSCP_57634,VCAP,10uM,6h,NA,NA,NA,NA,-0.23665401
BRD-K73008154,LINCSCP_48459,PC3,10uM,24h,NA,NA,NA,NA,-0.23656187
Avicin-D,LINCSCP_29207,JURKAT,3uM,6h,NA,NA,NA,NA,-0.23654048
MLS006011051,LINCSCP_285547,SKBR3,10uM,6h,NA,NA,NA,NA,-0.23652987
BRD-K66805710,LINCSCP_310168,VCAP,30uM,6h,NA,NA,NA,NA,-0.23617626
"Triazolothiadiazine, 22",LINCSCP_21943,HEPG2,10uM,6h,NA,NA,NA,NA,-0.23604146
Cabozantinib,LINCSCP_139931,MCF7,10uM,24h,4,NA,NA,NA,-0.23597017
CHEMBL1456638,LINCSCP_57763,VCAP,10uM,24h,NA,NA,NA,NA,-0.23594438
BRD-K36620425,LINCSCP_310138,VCAP,30uM,6h,NA,NA,NA,NA,-0.23594107
GRANISETRON HYDROCHLORIDE,LINCSCP_72710,A375,10uM,24h,4,NA,NA,NA,-0.23592072
KUC104135,LINCSCP_1599,A375,10uM,6h,NA,NA,NA,NA,-0.23590129
"N-(4-Bromophenyl)-2-{[5-(2-chlorophenyl)-4-phenyl-4H-1,2,4-triazol-3-yl]sulfanyl}acetamide",LINCSCP_46716,PC3,10uM,24h,NA,NA,NA,NA,-0.23572698
AVN-944,LINCSCP_140621,MCF7,10uM,24h,NA,NA,NA,NA,-0.23561827
Lacidipine,LINCSCP_46060,PC3,10uM,24h,NA,NA,NA,NA,-0.2355217
Lacidipine,LINCSCP_46060,PC3,10uM,24h,4,NA,NA,NA,-0.2355217
AC1N0EYN,LINCSCP_23542,HEPG2,20uM,6h,NA,NA,NA,NA,-0.23548065
BRD-K01425431,LINCSCP_163689,SKBR3,10uM,24h,NA,NA,NA,NA,-0.23544501
GW620972X,LINCSCP_70684,A375,0.12uM,24h,NA,NA,NA,NA,-0.23533689
SR-02000000354,LINCSCP_15989,HA1E,10uM,6h,NA,NA,NA,NA,-0.2353122
Linagliptin,LINCSCP_135434,MCF7,10uM,24h,4,NA,NA,NA,-0.23527077
Rifapentine,LINCSCP_22025,HEPG2,10uM,6h,NA,NA,NA,NA,-0.2352634
Rifapentine,LINCSCP_22025,HEPG2,10uM,6h,4,NA,NA,NA,-0.2352634
Mebendazole,LINCSCP_67622,MCF7,40uM,6h,4,NA,NA,NA,-0.23511183
Ciproxifan,LINCSCP_43290,NPC,10uM,6h,NA,NA,NA,NA,-0.23504889
TOFA,LINCSCP_126090,HT29,1.11uM,24h,NA,NA,NA,NA,-0.23491756
Aminogenistein,LINCSCP_33321,MCF7,10uM,24h,NA,NA,NA,NA,-0.23489589
FPL64176,LINCSCP_242374,MCF7,10uM,6h,NA,NA,NA,NA,-0.23481914
CHEMBL2356693,LINCSCP_47092,PC3,10uM,24h,NA,NA,NA,NA,-0.23477048
Seliciclib,LINCSCP_163326,SKBR3,3.33uM,3h,2,NA,NA,NA,-0.23462761
VU0420364-1,LINCSCP_1639,A375,10uM,6h,NA,NA,NA,NA,-0.23462483
BRD-K20197338,LINCSCP_28340,HT29,10uM,24h,NA,NA,NA,NA,-0.23454726
TAN-67,LINCSCP_238075,MCF7,10uM,6h,NA,NA,NA,NA,-0.23450795
CHEMBL2358729,LINCSCP_41074,NEU,10uM,24h,NA,NA,NA,NA,-0.2344586
SCHEMBL10028379,LINCSCP_2062,A375,10uM,6h,NA,NA,NA,NA,-0.23436266
Vindesine,LINCSCP_58167,VCAP,10uM,24h,4,NA,NA,NA,-0.23431708
Geldanamycin,LINCSCP_41353,NEU,10uM,24h,NA,NA,NA,NA,-0.23429792
Duloxetine,LINCSCP_126082,HT29,10uM,24h,4,NA,NA,NA,-0.23426078
Avrainvillamide Analog 5,LINCSCP_28484,HT29,10uM,24h,NA,NA,NA,NA,-0.23415341
Maxacalcitol-D6,LINCSCP_125171,HT29,3.33uM,24h,NA,NA,NA,NA,-0.23402209
Betaescin,LINCSCP_47607,PC3,10uM,24h,NA,NA,NA,NA,-0.23396875
Carfilzomib (PR-171),LINCSCP_169879,YAPC,3.33uM,24h,4,NA,NA,NA,-0.23387907
BRD-K70794677,LINCSCP_48818,PC3,10uM,24h,NA,NA,NA,NA,-0.23387066
AC1MSUFC,LINCSCP_44847,PC3,40uM,24h,NA,NA,NA,NA,-0.23373456
Rhodomyrtoxin B,LINCSCP_44758,PC3,10uM,6h,NA,NA,NA,NA,-0.2336205
R428,LINCSCP_137994,MCF7,10uM,24h,NA,NA,NA,NA,-0.23343338
CVF-SUMO-11,LINCSCP_27279,HT29,10uM,6h,NA,NA,NA,NA,-0.23329473
BRD-K78738487,LINCSCP_59920,VCAP,5uM,24h,NA,NA,NA,NA,-0.23319653
ETOPOSIDE,LINCSCP_138451,MCF7,3.33uM,24h,NA,NA,NA,NA,-0.23316981
BRD-K37612077,LINCSCP_63076,VCAP,5uM,24h,NA,NA,NA,NA,-0.2330501
MLS003128611,LINCSCP_57626,VCAP,10uM,6h,NA,NA,NA,NA,-0.23295955
ZSTK 474,LINCSCP_145910,MDAMB231,3.33uM,3h,NA,NA,NA,NA,-0.23286094
MLS002703112,LINCSCP_46013,PC3,10uM,6h,NA,NA,NA,NA,-0.23252023
BRD-K00256608,LINCSCP_43086,NPC,10uM,24h,NA,NA,NA,NA,-0.2323855
Diphenyleneiodonium,LINCSCP_33521,MCF7,10uM,6h,NA,NA,NA,NA,-0.23196789
Belinostat,LINCSCP_118541,HT29,1.11uM,24h,4,NA,NA,NA,-0.23186353
Regorafenib,LINCSCP_129319,HUVEC,1.11uM,24h,4,NA,NA,NA,-0.23179265
SMP2_000081,LINCSCP_925,A375,20uM,6h,NA,NA,NA,NA,-0.23168687
SU 11274,LINCSCP_2292,A375,10uM,6h,NA,NA,NA,NA,-0.23149779
CCG-214295,LINCSCP_7547,A549,10uM,24h,NA,NA,NA,NA,-0.23149194
BRD-K35188965,LINCSCP_62277,VCAP,5uM,24h,NA,NA,NA,NA,-0.2313626
PF750,LINCSCP_21765,HEPG2,80uM,6h,NA,NA,NA,NA,-0.23125828
BRD-K84528570,LINCSCP_3634,A375,10uM,24h,NA,NA,NA,NA,-0.23102406
Hypericin,LINCSCP_71283,A375,10uM,24h,NA,NA,NA,NA,-0.23101403
Tubastatin A,LINCSCP_49266,PC3,10uM,6h,NA,NA,NA,NA,-0.23083767
Phenolphthalein,LINCSCP_32882,MCF7,10uM,24h,4,NA,NA,NA,-0.23069418
Loperamide,LINCSCP_123277,HT29,10uM,24h,4,NA,NA,NA,-0.23021281
SPECTRUM_000403,LINCSCP_173065,YAPC,1.11uM,24h,NA,NA,NA,NA,-0.23016458
CHEMBL27449,LINCSCP_41175,NEU,10uM,24h,NA,NA,NA,NA,-0.23004153
Idelalisib,LINCSCP_147698,NPC.CAS9,0.04uM,24h,4,NA,NA,NA,-0.22999586
BRD-K28026280-001-01-7,LINCSCP_47783,PC3,10uM,24h,NA,NA,NA,NA,-0.22996835
LY2874455,LINCSCP_71574,A375,0.12uM,24h,NA,NA,NA,NA,-0.22996507
BRD-K66689236,LINCSCP_62468,VCAP,5uM,24h,NA,NA,NA,NA,-0.22995137
CHEMBL2359019,LINCSCP_50504,PHH,10uM,6h,NA,NA,NA,NA,-0.22989615
MLS003568130,LINCSCP_31136,MCF7,10uM,24h,NA,NA,NA,NA,-0.22984231
SB225002,LINCSCP_50631,PL21,10uM,6h,NA,NA,NA,NA,-0.22976144
Myricetin,LINCSCP_273651,PC3,10uM,6h,NA,NA,NA,NA,-0.22963772
Ciclopirox,LINCSCP_47615,PC3,10uM,24h,4,NA,NA,NA,-0.22948242
Troxipide,LINCSCP_178679,A375,10uM,6h,NA,NA,NA,NA,-0.22944262
AC1N6AX4,LINCSCP_55571,VCAP,10uM,24h,NA,NA,NA,NA,-0.22931128
"15-Benzyl-4-cyclopropylmethyl-10,17-dihydroxy-(1S,13R,15R,17S)-12-oxa-4-azapentacyclo[9.6.1.01,13.05,17.07,18]octadeca-7,9,11(18)-trien-14-one",LINCSCP_15113,HA1E,10uM,6h,NA,NA,NA,NA,-0.22924503
MLS000583951,LINCSCP_20058,HCC515,10uM,6h,NA,NA,NA,NA,-0.22917533
BRD-K65148580,LINCSCP_28274,HT29,10uM,24h,NA,NA,NA,NA,-0.22914404
EX-8678,LINCSCP_51850,SKBR3,10uM,24h,NA,NA,NA,NA,-0.22912153
BRD-K94241935,LINCSCP_62191,VCAP,5uM,24h,NA,NA,NA,NA,-0.22909705
MLS003429130,LINCSCP_177798,A375,10uM,24h,NA,NA,NA,NA,-0.22906624
ZM336372,LINCSCP_53604,SNGM,100uM,6h,NA,NA,NA,NA,-0.22887288
BRD-K96396151,LINCSCP_28318,HT29,10uM,24h,NA,NA,NA,NA,-0.22880377
AG 14361,LINCSCP_36072,MCF7,10uM,6h,NA,NA,NA,NA,-0.22859979
WZ-4-145,LINCSCP_58976,VCAP,10uM,24h,NA,NA,NA,NA,-0.22841604
Anisomycin,LINCSCP_18451,HCC515,10uM,6h,NA,NA,NA,NA,-0.22835988
BRD-K00150267,LINCSCP_62073,VCAP,5uM,6h,NA,NA,NA,NA,-0.22829892
AC1O8PYD,LINCSCP_26956,HT29,10uM,6h,NA,NA,NA,NA,-0.22824142
BRD-K63000292,LINCSCP_28374,HT29,10uM,24h,NA,NA,NA,NA,-0.22821242
I-BET151,LINCSCP_87078,CD34,1.11uM,24h,NA,NA,NA,NA,-0.22813214
(S)-Zearalenone,LINCSCP_17083,HA1E,20uM,24h,NA,NA,NA,NA,-0.22800565
BRD-K62320150,LINCSCP_62906,VCAP,5uM,24h,NA,NA,NA,NA,-0.22799679
"2,4-Dihydroxy-d-phenylalanine",LINCSCP_259539,NEU,10uM,24h,NA,NA,NA,NA,-0.22792089
Vidofludimus,LINCSCP_122914,HT29,10uM,24h,NA,NA,NA,NA,-0.22783827
SPECTRUM1505034,LINCSCP_14001,HA1E,10uM,24h,NA,NA,NA,NA,-0.22779714
PD-407824,LINCSCP_55844,VCAP,10uM,6h,NA,NA,NA,NA,-0.22773633
SCHEMBL17052537,LINCSCP_163605,SKBR3,0.04uM,24h,NA,NA,NA,NA,-0.22770902
Dolastatin 10,LINCSCP_174850,YAPC,0.04uM,24h,NA,NA,NA,NA,-0.22745584
Mifepristone,LINCSCP_289626,VCAP,10uM,24h,4,NA,NA,NA,-0.22742967
DICUMAROL,LINCSCP_124899,HT29,0.04uM,24h,4,NA,NA,NA,-0.22725199
Defactinib,LINCSCP_157326,PC3,3.33uM,24h,2,NA,NA,NA,-0.2272295
Podofilox,LINCSCP_28993,HUH7,3uM,6h,4,NA,NA,NA,-0.22711744
PCL2_000057,LINCSCP_26544,HT29,10uM,6h,NA,NA,NA,NA,-0.22705032
BRD-K70918484,LINCSCP_62916,VCAP,5uM,24h,NA,NA,NA,NA,-0.22690202
MEGXP0_000860,LINCSCP_42095,NPC,10uM,24h,NA,NA,NA,NA,-0.22685384
Phenformin,LINCSCP_18685,HCC515,10uM,6h,4,NA,NA,NA,-0.22657008
MLS000095184,LINCSCP_25896,HT29,10uM,24h,NA,NA,NA,NA,-0.22650187
CHEMBL3188326,LINCSCP_46494,PC3,10uM,24h,NA,NA,NA,NA,-0.22645838
BRD-K08448573,LINCSCP_27183,HT29,10uM,6h,NA,NA,NA,NA,-0.22641656
6-(4-Hydroxy-6-methoxy-7-methyl-3-oxo-1H-2-benzofuran-5-yl)-4-methylhex-4-enoic acid,LINCSCP_33613,MCF7,10uM,24h,NA,NA,NA,NA,-0.22637558
MLS002703119,LINCSCP_22265,HEPG2,10uM,6h,NA,NA,NA,NA,-0.22632704
Gefitinib,LINCSCP_145928,MDAMB231,3.33uM,3h,4,NA,NA,NA,-0.22614725
SAN1_000751,LINCSCP_27195,HT29,10uM,6h,NA,NA,NA,NA,-0.22603606
Lonafarnib,LINCSCP_157727,PC3,10uM,24h,3,NA,NA,NA,-0.2260119
BRD-K10211010,LINCSCP_27791,HT29,5uM,24h,NA,NA,NA,NA,-0.22596974
SCHEMBL17783967,LINCSCP_48698,PC3,10uM,6h,NA,NA,NA,NA,-0.22596035
CID 75060944,LINCSCP_46342,PC3,10uM,6h,NA,NA,NA,NA,-0.22589445
852475-26-4,LINCSCP_70258,A375,3.33uM,24h,NA,NA,NA,NA,-0.22579954
CX-5461,LINCSCP_147956,NPC.CAS9,0.37uM,24h,NA,NA,NA,NA,-0.22556979
Volasertib (BI 6727),LINCSCP_79022,A375,3.33uM,24h,NA,NA,NA,NA,-0.22551397
Lovastatin,LINCSCP_44363,PC3,10uM,24h,4,NA,NA,NA,-0.22545942
Decitabine,LINCSCP_100703,HCC515,0.37uM,24h,4,NA,NA,NA,-0.22541876
CAY-10594,LINCSCP_54976,THP1,20uM,6h,NA,NA,NA,NA,-0.22539696
E 2012,LINCSCP_159500,PC3,10uM,24h,NA,NA,NA,NA,-0.22535489
BRD-K42197878,LINCSCP_3572,A375,10uM,24h,NA,NA,NA,NA,-0.22512024
Ganetespib (STA-9090),LINCSCP_136756,MCF7,0.37uM,24h,3,NA,NA,NA,-0.22506348
SCHEMBL16980377,LINCSCP_10039,A549,0.12uM,24h,NA,NA,NA,NA,-0.22494285
Methotrexate,LINCSCP_243784,MCF7,10uM,6h,4,NA,NA,NA,-0.22486966
AZD-8330,LINCSCP_132337,MCF7,3.33uM,3h,1,NA,NA,NA,-0.22472742
CHEMBL2355362,LINCSCP_43056,NPC,10uM,24h,NA,NA,NA,NA,-0.22472021
MLS002264454,LINCSCP_26247,HT29,10uM,6h,NA,NA,NA,NA,-0.22461716
BRD-M30664582,LINCSCP_63913,VCAP,5uM,24h,NA,NA,NA,NA,-0.2245762
MLS001007458,LINCSCP_45289,PC3,10uM,24h,NA,NA,NA,NA,-0.22451235
RG7388,LINCSCP_140657,MCF7,10uM,24h,3,NA,NA,NA,-0.22434229
Doxorubicin,LINCSCP_9646,A549,0.5uM,6h,4,NA,NA,NA,-0.22411111
BRD-K12683703,LINCSCP_8101,A549,5uM,24h,NA,NA,NA,NA,-0.2238896
Lidoflazine,LINCSCP_34395,MCF7,10uM,6h,4,NA,NA,NA,-0.22387465
SMR000206936,LINCSCP_1770,A375,10uM,6h,NA,NA,NA,NA,-0.22376418
Plumbagin,LINCSCP_13340,FIBRNPC,10uM,6h,NA,NA,NA,NA,-0.22370297
Protionamide,LINCSCP_32944,MCF7,10uM,24h,4,NA,NA,NA,-0.22343156
etoposide,LINCSCP_30315,MCF7,10uM,6h,NA,NA,NA,NA,-0.2232245
1-(4-fluorobenzyl)-N-(piperidin-4-yl)-1H-benzo[d]imidazol-2-amine,LINCSCP_124565,HT29,10uM,24h,NA,NA,NA,NA,-0.22306206
BRD-K67090983,LINCSCP_33904,MCF7,10uM,24h,NA,NA,NA,NA,-0.22302884
Pentamidine,LINCSCP_34470,MCF7,10uM,24h,4,NA,NA,NA,-0.22293638
Capsaicin,LINCSCP_25543,HT29,100uM,24h,4,NA,NA,NA,-0.22290506
Androstenedione,LINCSCP_263842,NPC,10uM,24h,NA,NA,NA,NA,-0.22280808
Lonidamine,LINCSCP_54645,SW948,100uM,6h,3,NA,NA,NA,-0.22263032
BRD-K22080587,LINCSCP_63570,VCAP,5uM,6h,NA,NA,NA,NA,-0.22262385
BAS 00535043,LINCSCP_58462,VCAP,10uM,6h,NA,NA,NA,NA,-0.22244319
ST-4062971,LINCSCP_37807,MCF7,10uM,6h,NA,NA,NA,NA,-0.22236204
F0012-0289,LINCSCP_16652,HA1E,10uM,6h,NA,NA,NA,NA,-0.2222798
Cercosporin,LINCSCP_457,A375,10uM,6h,NA,NA,NA,NA,-0.22202153
Digitoxigenin,LINCSCP_25349,HT29,10uM,6h,NA,NA,NA,NA,-0.22196443
SPBIO_003097,LINCSCP_47790,PC3,10uM,24h,NA,NA,NA,NA,-0.22176827
XMD-1527,LINCSCP_32792,MCF7,10uM,6h,NA,NA,NA,NA,-0.22173178
BRD-K10916986-001-01-6,LINCSCP_20409,HCC515,10uM,6h,NA,NA,NA,NA,-0.22171014
BAS 02002358,LINCSCP_53101,SKM1,20uM,6h,NA,NA,NA,NA,-0.22144756
BRD-K95482240,LINCSCP_23291,HEPG2,10uM,6h,NA,NA,NA,NA,-0.22136966
Raltitrexed,LINCSCP_31666,MCF7,10uM,24h,4,NA,NA,NA,-0.22119545
Risperidone,LINCSCP_43336,NPC,10uM,6h,4,NA,NA,NA,-0.221139
CHEMBL2358826,LINCSCP_23722,HEPG2,10uM,6h,NA,NA,NA,NA,-0.22091041
CCT 018159,LINCSCP_2906,A375,10uM,6h,NA,NA,NA,NA,-0.22086809
CVF-SUMO-14,LINCSCP_3068,A375,10uM,6h,NA,NA,NA,NA,-0.22077223
CHEMBL2359109,LINCSCP_37452,MCF7,3uM,24h,NA,NA,NA,NA,-0.2207343
CP-724714,LINCSCP_12024,BT20,0.5uM,6h,2,NA,NA,NA,-0.22062986
SCHEMBL16065773,LINCSCP_39556,MDAMB231,10uM,6h,NA,NA,NA,NA,-0.22039574
GW843682X,LINCSCP_145660,MDAMB231,0.37uM,3h,NA,NA,NA,NA,-0.220382
KUC104495,LINCSCP_26137,HT29,10uM,6h,NA,NA,NA,NA,-0.22035452
PF-03814735,LINCSCP_142143,MCF7,0.12uM,24h,NA,NA,NA,NA,-0.22025681
Alfacalcidol,LINCSCP_47665,PC3,10uM,24h,NA,NA,NA,NA,-0.22025347
Doramapimod,LINCSCP_129587,JURKAT,0.12uM,24h,2,NA,NA,NA,-0.22023002
Imatinib,LINCSCP_22441,HEPG2,10uM,6h,4,NA,NA,NA,-0.22005912
BRD-K74461819,LINCSCP_35359,MCF7,10uM,24h,NA,NA,NA,NA,-0.22004243
Avasimibe,LINCSCP_160635,PC3,3.33uM,24h,NA,NA,NA,NA,-0.21980521
NNC 05-2090,LINCSCP_18041,HCC515,10uM,24h,NA,NA,NA,NA,-0.21977327
sunitinib,LINCSCP_59139,VCAP,10uM,6h,NA,NA,NA,NA,-0.21965583
PFI-1,LINCSCP_86988,CD34,10uM,24h,NA,NA,NA,NA,-0.21954689
CHEMBL2133868,LINCSCP_46470,PC3,10uM,24h,NA,NA,NA,NA,-0.21950712
CHEMBL2359657,LINCSCP_60035,VCAP,5uM,24h,NA,NA,NA,NA,-0.21943729
Dexamethasone 21-acetate,LINCSCP_179548,A375,10uM,6h,NA,NA,NA,NA,-0.21943671
ZM323881,LINCSCP_22783,HEPG2,10uM,6h,NA,NA,NA,NA,-0.21942174
"2-(2,4-Dichlorophenoxy)-n-(4-methyl-2-nitrophenyl)acetamide",LINCSCP_46748,PC3,10uM,24h,NA,NA,NA,NA,-0.21909147
Cediranib,LINCSCP_124871,HT29,10uM,24h,3,NA,NA,NA,-0.21895499
NU-7441,LINCSCP_81054,A549,1.11uM,24h,NA,NA,NA,NA,-0.21874787
Mirin,LINCSCP_59082,VCAP,10uM,6h,NA,NA,NA,NA,-0.21872027
Etomoxir,LINCSCP_90140,HA1E,0.04uM,24h,NA,NA,NA,NA,-0.21870979
Midostaurin,LINCSCP_26985,HT29,10uM,6h,3,NA,NA,NA,-0.21864857
Diloxanide Furoate,LINCSCP_2588,A375,10uM,6h,4,NA,NA,NA,-0.21862218
BM 5,LINCSCP_206910,FIBRNPC,10uM,24h,NA,NA,NA,NA,-0.21834622
BRD-K65404805-001-01-6,LINCSCP_33900,MCF7,10uM,24h,NA,NA,NA,NA,-0.21832124
BRD-K94534355,LINCSCP_60491,VCAP,5uM,6h,NA,NA,NA,NA,-0.21826443
Rivastigmine,LINCSCP_47898,PC3,10uM,6h,4,NA,NA,NA,-0.21825239
CHEMBL2143638,LINCSCP_23250,HEPG2,10uM,6h,NA,NA,NA,NA,-0.21819799
GAP-134 (Hydrochloride),LINCSCP_153722,PC3,1.11uM,24h,2,NA,NA,NA,-0.21806485
BRD-K08121566,LINCSCP_310102,VCAP,30uM,6h,NA,NA,NA,NA,-0.21804709
Clocortolone Pivalate,LINCSCP_18708,HCC515,10uM,6h,4,NA,NA,NA,-0.21802206
Strophanthidin,LINCSCP_23743,HEPG2,5uM,6h,NA,NA,NA,NA,-0.21795945
CI-1040,LINCSCP_42243,NPC,10uM,24h,2,NA,NA,NA,-0.2179239
"ICI-199,441",LINCSCP_33652,MCF7,10uM,24h,NA,NA,NA,NA,-0.21785016
GW-5074,LINCSCP_83759,ASC.C,3.33uM,24h,NA,NA,NA,NA,-0.21777946
BRD-K74133369-001-01-8,LINCSCP_26525,HT29,10uM,6h,NA,NA,NA,NA,-0.21769857
MLS002264466,LINCSCP_26256,HT29,10uM,6h,NA,NA,NA,NA,-0.21750926
ML181,LINCSCP_1711,A375,10uM,6h,NA,NA,NA,NA,-0.21742244
BRD-K43683841,LINCSCP_279069,PC3,10uM,6h,NA,NA,NA,NA,-0.21738954
BRD-K85549762,LINCSCP_28033,HT29,5uM,24h,NA,NA,NA,NA,-0.21699899
BRD-K48031880,LINCSCP_279081,PC3,10uM,6h,NA,NA,NA,NA,-0.21696827
BRD-K19677752,LINCSCP_61864,VCAP,5uM,6h,NA,NA,NA,NA,-0.21684269
Thalidomide,LINCSCP_214845,HCC515,10uM,6h,4,NA,NA,NA,-0.21676804
BDBM52947,LINCSCP_119430,HT29,0.12uM,24h,NA,NA,NA,NA,-0.21662806
Rimcazole,LINCSCP_126028,HT29,10uM,24h,NA,NA,NA,NA,-0.21649464
Broad-Sai-560,LINCSCP_38777,MCF7,0.37uM,24h,NA,NA,NA,NA,-0.21648259
Btcp,LINCSCP_43301,NPC,10uM,6h,NA,NA,NA,NA,-0.21641372
Palovarotene,LINCSCP_160076,PC3,10uM,24h,2,NA,NA,NA,-0.2163348
CHEMBL2355399,LINCSCP_46463,PC3,10uM,24h,NA,NA,NA,NA,-0.21627384
CHEMBL3188086,LINCSCP_28217,HT29,10uM,24h,NA,NA,NA,NA,-0.21612338
CHEMBL493153,LINCSCP_45335,PC3,10uM,24h,NA,NA,NA,NA,-0.21572291
BRD-K06432527,LINCSCP_278956,PC3,10uM,6h,NA,NA,NA,NA,-0.21559051
MLS003128613,LINCSCP_1651,A375,10uM,6h,NA,NA,NA,NA,-0.21548176
Chlorhexidine,LINCSCP_34296,MCF7,10uM,24h,4,NA,NA,NA,-0.21547646
ASN 04454474,LINCSCP_21899,HEPG2,10uM,6h,NA,NA,NA,NA,-0.21546445
Broad-Sai-045,LINCSCP_49644,PC3,10uM,24h,NA,NA,NA,NA,-0.21543296
LY-294002,LINCSCP_68491,VCAP,10uM,24h,NA,NA,NA,NA,-0.21542441
MLS002264461,LINCSCP_1398,A375,10uM,24h,NA,NA,NA,NA,-0.2153193
C2-Ceramide,LINCSCP_30370,MCF7,10uM,6h,NA,NA,NA,NA,-0.21525381
MLS003370625,LINCSCP_1450,A375,10uM,24h,NA,NA,NA,NA,-0.21520145
Axitinib,LINCSCP_32163,MCF7,10uM,24h,4,NA,NA,NA,-0.21505747
Quisinostat,LINCSCP_32554,MCF7,10uM,24h,2,NA,NA,NA,-0.21488419
BRD-K91946056,LINCSCP_48597,PC3,10uM,24h,NA,NA,NA,NA,-0.21466958
H9,LINCSCP_56178,VCAP,10uM,6h,NA,NA,NA,NA,-0.21460258
Broad-Sai-686,LINCSCP_49292,PC3,10uM,6h,NA,NA,NA,NA,-0.21442568
Hinokitiol,LINCSCP_33086,MCF7,10uM,24h,NA,NA,NA,NA,-0.21424974
DSSTOX_CID_25343,LINCSCP_47627,PC3,10uM,24h,NA,NA,NA,NA,-0.21420544
C21H27N7O3,LINCSCP_162899,SKBR3,0.04uM,24h,NA,NA,NA,NA,-0.21413297
BRD-K83816656,LINCSCP_47156,PC3,10uM,24h,NA,NA,NA,NA,-0.2141197
MLS002473918,LINCSCP_47407,PC3,10uM,6h,NA,NA,NA,NA,-0.21401884
ML239,LINCSCP_51074,RMUGS,10uM,6h,NA,NA,NA,NA,-0.21400002
Ammonium Glycyrrhizinate,LINCSCP_169870,YAPC,0.12uM,24h,NA,NA,NA,NA,-0.21380209
Lexibulin,LINCSCP_50589,PL21,1uM,6h,2,NA,NA,NA,-0.21350153
CHEMBL3188944,LINCSCP_29626,MCF10A,10uM,24h,NA,NA,NA,NA,-0.21344542
Olmesartan Medoxomil,LINCSCP_174844,YAPC,0.04uM,24h,4,NA,NA,NA,-0.21339156
SC_I_004,LINCSCP_6048,A549,10uM,6h,NA,NA,NA,NA,-0.21330587
GSK J4,LINCSCP_146801,NEU,10uM,24h,NA,NA,NA,NA,-0.21325504
BRD-K79532217,LINCSCP_41122,NEU,10uM,24h,NA,NA,NA,NA,-0.21324279
ZINC01037382,LINCSCP_47037,PC3,10uM,6h,NA,NA,NA,NA,-0.21319257
Parachlorophenol,LINCSCP_33631,MCF7,10uM,24h,NA,NA,NA,NA,-0.21319054
SSR 69071,LINCSCP_56349,VCAP,10uM,6h,NA,NA,NA,NA,-0.21316803
Primaquine,LINCSCP_26790,HT29,10uM,6h,4,NA,NA,NA,-0.21309121
Lu AE58054 (Hydrochloride),LINCSCP_143441,MCF7,10uM,24h,3,NA,NA,NA,-0.21301691
BRD-K85471465,LINCSCP_302182,VCAP,5uM,24h,NA,NA,NA,NA,-0.2129574
MLS002264491,LINCSCP_292688,VCAP,10uM,6h,NA,NA,NA,NA,-0.21294416
levopropoxyphene,LINCSCP_153152,PC3,3.33uM,24h,NA,NA,NA,NA,-0.21281935
Pracinostat,LINCSCP_117423,HT29,0.12uM,24h,NA,NA,NA,NA,-0.21272902
Amitriptyline,LINCSCP_155103,PC3,10uM,24h,4,NA,NA,NA,-0.21265133
AC1NSZCT,LINCSCP_262058,NPC,10uM,24h,NA,NA,NA,NA,-0.21261028
AMD-070 (hydrochloride),LINCSCP_139081,MCF7,3.33uM,24h,NA,NA,NA,NA,-0.21260858
LY2784544,LINCSCP_72363,A375,10uM,24h,NA,NA,NA,NA,-0.21260597
LY451395,LINCSCP_139104,MCF7,10uM,24h,2,NA,NA,NA,-0.21250337
"N,N-Dimethyl-n'-{5-[(2-methyl-4-quinolyl)thio]-1,3,4-thiadiazol-2-yl}iminoformamide",LINCSCP_32382,MCF7,10uM,6h,NA,NA,NA,NA,-0.2124978
AB00540133,LINCSCP_10354,A673,10uM,6h,NA,NA,NA,NA,-0.21249301
atorvastatin,LINCSCP_45069,PC3,10uM,24h,NA,NA,NA,NA,-0.21245347
SCHEMBL6851809,LINCSCP_57015,VCAP,10uM,6h,NA,NA,NA,NA,-0.21244693
ST50177349,LINCSCP_7204,A549,10uM,6h,NA,NA,NA,NA,-0.21235235
Benzoxiquine,LINCSCP_56450,VCAP,10uM,24h,NA,NA,NA,NA,-0.21231597
Aripiprazole,LINCSCP_142175,MCF7,10uM,24h,4,NA,NA,NA,-0.21219472
BRD-K12450081,LINCSCP_310110,VCAP,30uM,6h,NA,NA,NA,NA,-0.21217258
BRD-A07407288,LINCSCP_47181,PC3,10uM,6h,NA,NA,NA,NA,-0.2119304
BRD-K05174693,LINCSCP_309975,VCAP,30uM,24h,NA,NA,NA,NA,-0.21184542
Falnidamol,LINCSCP_32926,MCF7,10uM,24h,1,NA,NA,NA,-0.21181805
AT13387,LINCSCP_157487,PC3,10uM,24h,2,NA,NA,NA,-0.21168844
SCHEMBL16980379,LINCSCP_50422,PHH,10uM,6h,NA,NA,NA,NA,-0.21164022
BRD-K63455741,LINCSCP_259306,NEU,10uM,24h,NA,NA,NA,NA,-0.21161111
STK054715,LINCSCP_31444,MCF7,10uM,6h,NA,NA,NA,NA,-0.21157832
Sulfadoxine,LINCSCP_155127,PC3,10uM,24h,4,NA,NA,NA,-0.21156344
AM-580,LINCSCP_55444,U937,10uM,6h,NA,NA,NA,NA,-0.21155079
Kinetin Riboside,LINCSCP_54380,SW620,10uM,6h,NA,NA,NA,NA,-0.21144925
MLS001116217,LINCSCP_261417,NPC,10uM,24h,NA,NA,NA,NA,-0.21127891
Xanthohumol,LINCSCP_11074,ASC,10uM,24h,NA,NA,NA,NA,-0.21124437
"(R,S)-Indatraline",LINCSCP_58095,VCAP,10uM,24h,NA,NA,NA,NA,-0.2112374
IDOXURIDINE,LINCSCP_125386,HT29,10uM,24h,NA,NA,NA,NA,-0.21110921
ST057710,LINCSCP_48091,PC3,20uM,24h,NA,NA,NA,NA,-0.21108548
L-690488,LINCSCP_54303,SW620,10uM,6h,NA,NA,NA,NA,-0.21100791
CHEMBL2140960,LINCSCP_65057,VCAP,10uM,6h,NA,NA,NA,NA,-0.21070574
AC1OAV9H,LINCSCP_58403,VCAP,10uM,24h,NA,NA,NA,NA,-0.21061476
23979-41-1,LINCSCP_47633,PC3,10uM,24h,NA,NA,NA,NA,-0.2105809
MLS002276469,LINCSCP_1334,A375,10uM,6h,NA,NA,NA,NA,-0.21054574
Ingenol Mebutate,LINCSCP_162136,PC3,1.11uM,24h,4,NA,NA,NA,-0.21049139
Artesunate,LINCSCP_10302,A673,10uM,6h,NA,NA,NA,NA,-0.2104117
AZD4547,LINCSCP_128434,HUVEC,10uM,24h,NA,NA,NA,NA,-0.21015975
Ibrutinib (PCI-32765),LINCSCP_174356,YAPC,0.37uM,24h,4,NA,NA,NA,-0.21004966
Pictilisib,LINCSCP_251378,MCF7,10uM,24h,2,NA,NA,NA,-0.21004399
THZ-2-98-01,LINCSCP_38996,MDAMB231,0.1uM,24h,NA,NA,NA,NA,-0.20993693
THZ-2-98-01,LINCSCP_38996,MDAMB231,0.1uM,24h,NA,NA,NA,NA,-0.20993693
THZ-2-98-01,LINCSCP_38996,MDAMB231,0.1uM,24h,NA,NA,NA,NA,-0.20993693
BRD-K01608965,LINCSCP_35176,MCF7,10uM,24h,NA,NA,NA,NA,-0.20985996
UK 383367,LINCSCP_74742,A375,1.11uM,24h,NA,NA,NA,NA,-0.20981779
Tunicamycin From Streptomyces Sp.,LINCSCP_26384,HT29,10uM,6h,NA,NA,NA,NA,-0.20966289
BRD-K21374126,LINCSCP_200915,A549,10uM,24h,NA,NA,NA,NA,-0.20951082
BRD-K54636101,LINCSCP_62894,VCAP,5uM,24h,NA,NA,NA,NA,-0.20946105
amcinonide,LINCSCP_164927,SKL.C,1.11uM,24h,NA,NA,NA,NA,-0.20944614
Lumicolchicine,LINCSCP_52790,SKB,10uM,24h,NA,NA,NA,NA,-0.20928808
CHEMBL416418,LINCSCP_4476,A549,60uM,24h,NA,NA,NA,NA,-0.20918909
BRD-K30409687,LINCSCP_59651,VCAP,5uM,24h,NA,NA,NA,NA,-0.20913533
BRD-K76418961,LINCSCP_3621,A375,10uM,24h,NA,NA,NA,NA,-0.20910077
BRD-K30837577,LINCSCP_28236,HT29,10uM,24h,NA,NA,NA,NA,-0.20909185
AC1LDBAO,LINCSCP_12579,CL34,20uM,6h,NA,NA,NA,NA,-0.20907354
XMD-16144,LINCSCP_26754,HT29,10uM,6h,NA,NA,NA,NA,-0.20901157
SMR000206938,LINCSCP_45355,PC3,10uM,6h,NA,NA,NA,NA,-0.20898822
Lypressin,LINCSCP_46854,PC3,10uM,24h,4,NA,NA,NA,-0.20875833
SR-02000000346,LINCSCP_16033,HA1E,10uM,6h,NA,NA,NA,NA,-0.20863975
Phenylbutazone,LINCSCP_208463,HA1E,10uM,6h,4,NA,NA,NA,-0.20852812
altrenogest,LINCSCP_171660,YAPC,0.12uM,24h,NA,NA,NA,NA,-0.20846155
Hexetidine,LINCSCP_47687,PC3,10uM,6h,4,NA,NA,NA,-0.20842336
"Triazolothiadiazine, 6",LINCSCP_19759,HCC515,10uM,6h,NA,NA,NA,NA,-0.20827739
Ivermectin,LINCSCP_159387,PC3,3.33uM,24h,NA,NA,NA,NA,-0.20818595
Ivermectin,LINCSCP_159387,PC3,3.33uM,24h,NA,NA,NA,NA,-0.20818595
N9-Isopropylolomoucine,LINCSCP_30845,MCF7,100uM,6h,NA,NA,NA,NA,-0.20816869
spiramycin,LINCSCP_272870,PC3,10uM,24h,NA,NA,NA,NA,-0.20808161
AC1L3XM7,LINCSCP_42883,NPC,10uM,24h,NA,NA,NA,NA,-0.20806674
BRD-K43226598,LINCSCP_47112,PC3,10uM,24h,NA,NA,NA,NA,-0.20784116
CHEMBL1887751,LINCSCP_1533,A375,10uM,6h,NA,NA,NA,NA,-0.20779815
BRD-K71555338,LINCSCP_59788,VCAP,5uM,6h,NA,NA,NA,NA,-0.20776879
SUGA2_000002,LINCSCP_48693,PC3,10uM,6h,NA,NA,NA,NA,-0.20773256
ST51024947,LINCSCP_2221,A375,10uM,6h,NA,NA,NA,NA,-0.2076233
"Triazolothiadiazine, 29",LINCSCP_22081,HEPG2,10uM,6h,NA,NA,NA,NA,-0.2076197
R547,LINCSCP_123398,HT29,3.33uM,24h,2,NA,NA,NA,-0.20755778
SA-1922659,LINCSCP_252693,MCF7,10uM,24h,NA,NA,NA,NA,-0.20755674
SB-203580,LINCSCP_84875,ASC,0.04uM,24h,NA,NA,NA,NA,-0.20749932
BRD-K21387011,LINCSCP_64174,VCAP,5uM,24h,NA,NA,NA,NA,-0.20743052
6-Azauridine,LINCSCP_31624,MCF7,10uM,24h,NA,NA,NA,NA,-0.2072183
SB408124,LINCSCP_44241,PC3,10uM,24h,NA,NA,NA,NA,-0.20714508
Cytarabine,LINCSCP_34484,MCF7,10uM,24h,4,NA,NA,NA,-0.20704466
SUGA1_010488,LINCSCP_294791,VCAP,10uM,24h,NA,NA,NA,NA,-0.20695339
GSK-461364,LINCSCP_128695,HUVEC,10uM,24h,1,NA,NA,NA,-0.20689383
CBIOL_001848,LINCSCP_11168,ASC,10uM,24h,NA,NA,NA,NA,-0.20683602
Propylpyrazoletriol,LINCSCP_44352,PC3,10uM,24h,NA,NA,NA,NA,-0.2067312
AM 251,LINCSCP_44266,PC3,10uM,24h,NA,NA,NA,NA,-0.2067228
BRD-K32665240,LINCSCP_61119,VCAP,5uM,6h,NA,NA,NA,NA,-0.20671712
BRD-K55341496,LINCSCP_65996,VCAP,1uM,24h,NA,NA,NA,NA,-0.20655679
Ethaverine,LINCSCP_34662,MCF7,10uM,24h,NA,NA,NA,NA,-0.2064811
MLS003329221,LINCSCP_5432,A549,10uM,24h,NA,NA,NA,NA,-0.20642551
"2-(2-Bromo-4-methyl-phenylamino)-pyrido[3,2-e][1,3]thiazin-4-one",LINCSCP_43861,PC3,10uM,6h,NA,NA,NA,NA,-0.20642478
BRD-K49477330,LINCSCP_28365,HT29,10uM,24h,NA,NA,NA,NA,-0.20631155
BRD-K02409808,LINCSCP_8988,A549,10uM,24h,NA,NA,NA,NA,-0.20630608
MLS002264437,LINCSCP_15932,HA1E,10uM,6h,NA,NA,NA,NA,-0.20624352
GR-103691,LINCSCP_30287,MCF7,10uM,24h,NA,NA,NA,NA,-0.20619831
Chlorambucil,LINCSCP_17089,HA1E,20uM,24h,4,NA,NA,NA,-0.2060891
PF 3845,LINCSCP_206044,CORL23,10uM,6h,NA,NA,NA,NA,-0.20608384
KU-55933,LINCSCP_11018,ASC,10uM,24h,NA,NA,NA,NA,-0.20604702
MLS000108814,LINCSCP_45354,PC3,10uM,6h,NA,NA,NA,NA,-0.20601875
"10-(3-Aminopropyl)-8-chloro-10H-phenothiazine-2,3-diol",LINCSCP_43312,NPC,10uM,6h,NA,NA,NA,NA,-0.20592745
Curcumin,LINCSCP_3778,A375,10uM,6h,NA,NA,NA,NA,-0.20576436
ABACAVIR SULFATE,LINCSCP_176207,YAPC,0.12uM,24h,NA,NA,NA,NA,-0.20576217
Fluoxetine,LINCSCP_118647,HT29,10uM,24h,4,NA,NA,NA,-0.20550429
Panobinostat,LINCSCP_49270,PC3,10uM,6h,4,NA,NA,NA,-0.2054873
Cis Lacidipine,LINCSCP_47611,PC3,10uM,24h,NA,NA,NA,NA,-0.20539436
Mosapride,LINCSCP_42351,NPC,10uM,24h,3,NA,NA,NA,-0.20537588
Cerivastatin,LINCSCP_46118,PC3,10uM,24h,4,NA,NA,NA,-0.2053651
PD-173074,LINCSCP_26548,HT29,10uM,6h,NA,NA,NA,NA,-0.20532108
Bafilomycin A1,LINCSCP_41326,NEU,10uM,24h,NA,NA,NA,NA,-0.20528204
Bafilomycin A1,LINCSCP_41326,NEU,10uM,24h,NA,NA,NA,NA,-0.20528204
BRD-K61341215-004-01-2,LINCSCP_42437,NPC,10uM,24h,NA,NA,NA,NA,-0.20519314
Dizocilpine,LINCSCP_47542,PC3,10uM,24h,NA,NA,NA,NA,-0.20518291
NCGC00170233-01,LINCSCP_26523,HT29,10uM,6h,NA,NA,NA,NA,-0.20517377
MLS002264457,LINCSCP_22104,HEPG2,10uM,6h,NA,NA,NA,NA,-0.20513166
Golvatinib (E7050),LINCSCP_160730,PC3,10uM,24h,2,NA,NA,NA,-0.20502544
Troglitazone,LINCSCP_47591,PC3,10uM,24h,4,NA,NA,NA,-0.20499858
CEP-37440,LINCSCP_142733,MCF7,10uM,24h,NA,NA,NA,NA,-0.20474518
Tacrolimus,LINCSCP_223390,HT29,10uM,6h,4,NA,NA,NA,-0.20459391
SMR000173514,LINCSCP_47176,PC3,10uM,24h,NA,NA,NA,NA,-0.20455168
CHEMBL3183436,LINCSCP_23963,HEPG2,0.12uM,24h,NA,NA,NA,NA,-0.20453254
BRD-K88866336,LINCSCP_300822,VCAP,5uM,24h,NA,NA,NA,NA,-0.2044952
Bambuterol,LINCSCP_34331,MCF7,10uM,6h,3,NA,NA,NA,-0.20446835
Methiazole,LINCSCP_53268,SKM1,10uM,6h,NA,NA,NA,NA,-0.20435532
BRD-K53923090,LINCSCP_65104,VCAP,10uM,24h,NA,NA,NA,NA,-0.20432106
Merimepodib,LINCSCP_119516,HT29,10uM,24h,2,NA,NA,NA,-0.20424061
Tyrphostin AG 879,LINCSCP_55822,VCAP,10uM,6h,NA,NA,NA,NA,-0.20422928
BRD-K48619543,LINCSCP_48786,PC3,10uM,24h,NA,NA,NA,NA,-0.20415599
RG 108,LINCSCP_55546,U937,80uM,6h,NA,NA,NA,NA,-0.20402532
Fluorouracil,LINCSCP_135788,MCF7,10uM,24h,4,NA,NA,NA,-0.20399551
MLS002473505,LINCSCP_1794,A375,10uM,6h,NA,NA,NA,NA,-0.20373614
MLS002548989,LINCSCP_45721,PC3,10uM,24h,NA,NA,NA,NA,-0.20371166
BRD-K69406317-001-01-8,LINCSCP_32067,MCF7,10uM,6h,NA,NA,NA,NA,-0.20365058
MLS002607703,LINCSCP_31498,MCF7,10uM,6h,NA,NA,NA,NA,-0.20361838
"(S)-2-Amino-3-(2,4-dihydroxyphenyl)propanoic acid",LINCSCP_41182,NEU,10uM,24h,NA,NA,NA,NA,-0.20348531
BRD-K75051049,LINCSCP_48824,PC3,10uM,24h,NA,NA,NA,NA,-0.20337561
SPECTRUM_001645,LINCSCP_32846,MCF7,10uM,24h,NA,NA,NA,NA,-0.20314547
Sulconazole,LINCSCP_14529,HA1E,10uM,6h,4,NA,NA,NA,-0.20311567
MLS002729057,LINCSCP_26312,HT29,10uM,6h,NA,NA,NA,NA,-0.20306245
BRD-K20013327,LINCSCP_60520,VCAP,5uM,24h,NA,NA,NA,NA,-0.2030465
Siramesine (hydrochloride),LINCSCP_155013,PC3,10uM,24h,NA,NA,NA,NA,-0.20260144
BRD-K00664012,LINCSCP_59559,VCAP,10uM,6h,NA,NA,NA,NA,-0.20254277
N6-Methyladenosine,LINCSCP_47565,PC3,10uM,24h,NA,NA,NA,NA,-0.20249755
Dihydroouabain,LINCSCP_64841,VCAP,10uM,24h,NA,NA,NA,NA,-0.20248754
BRD4770,LINCSCP_31968,MCF7,10uM,24h,NA,NA,NA,NA,-0.20245067
Rosuvastatin,LINCSCP_44592,PC3,10uM,24h,4,NA,NA,NA,-0.20231753
"7-Bromo-1,2,3,9-tetrahydropyrrolo[2,1-b]quinazoline",LINCSCP_15804,HA1E,10uM,24h,NA,NA,NA,NA,-0.20226024
SPOX1_000823,LINCSCP_46224,PC3,10uM,24h,NA,NA,NA,NA,-0.20223138
CHEMBL2355513,LINCSCP_26496,HT29,10uM,6h,NA,NA,NA,NA,-0.20213629
SCHEMBL16226068,LINCSCP_30096,MCF7,10uM,24h,NA,NA,NA,NA,-0.20207002
BRD-K13943990,LINCSCP_65772,VCAP,10uM,6h,NA,NA,NA,NA,-0.20205131
MGCD-265,LINCSCP_24780,HS578T,10uM,24h,2,NA,NA,NA,-0.20203997
CHEMBL1520057,LINCSCP_1105,A375,10uM,24h,NA,NA,NA,NA,-0.20198283
ST078797,LINCSCP_2307,A375,10uM,6h,NA,NA,NA,NA,-0.20183104
BRD-K92441219,LINCSCP_61508,VCAP,5uM,24h,NA,NA,NA,NA,-0.20180327
ASN 04482680,LINCSCP_52295,SKB,10uM,24h,NA,NA,NA,NA,-0.2017518
Amoxapine,LINCSCP_33455,MCF7,10uM,6h,4,NA,NA,NA,-0.20174174
Proadifen,LINCSCP_34492,MCF7,10uM,24h,NA,NA,NA,NA,-0.20171661
BRD-K03354784,LINCSCP_62960,VCAP,5uM,6h,NA,NA,NA,NA,-0.20171153
Telbivudine,LINCSCP_71428,A375,3.33uM,24h,4,NA,NA,NA,-0.20164213
SAR245409,LINCSCP_128040,HUES3,10uM,24h,NA,NA,NA,NA,-0.2016263
RG2833 (RGFP109),LINCSCP_170502,YAPC,10uM,24h,NA,NA,NA,NA,-0.20144125
"9-Methyl-5H-6-thia-4,5-diaza-chrysene 6,6-dioxide",LINCSCP_218694,HEC108,10uM,6h,NA,NA,NA,NA,-0.20142113
MST-312,LINCSCP_54190,SW620,10uM,6h,NA,NA,NA,NA,-0.20138614
Levcromakalim,LINCSCP_192927,A549,10uM,6h,NA,NA,NA,NA,-0.20127774
Promazine,LINCSCP_10334,A673,10uM,6h,4,NA,NA,NA,-0.2012737
Refametinib,LINCSCP_173242,YAPC,0.04uM,24h,NA,NA,NA,NA,-0.20110982
CGP-12177,LINCSCP_7372,A549,10uM,6h,NA,NA,NA,NA,-0.20106294
BRD-K92434623,LINCSCP_312068,VCAP,10uM,24h,NA,NA,NA,NA,-0.2008643
Telmisartan,LINCSCP_244606,MCF7,10uM,24h,4,NA,NA,NA,-0.2008595
ZINC101150009,LINCSCP_49937,PHH,10uM,24h,NA,NA,NA,NA,-0.20075512
CHEMDIV3_005068,LINCSCP_3022,A375,10uM,6h,NA,NA,NA,NA,-0.2007536
Fluvastatin,LINCSCP_44580,PC3,10uM,24h,NA,NA,NA,NA,-0.20073455
BRD-K85946956,LINCSCP_310198,VCAP,30uM,6h,NA,NA,NA,NA,-0.20069966
SB743921,LINCSCP_142103,MCF7,10uM,24h,NA,NA,NA,NA,-0.20062979
BRD-K32381042,LINCSCP_62643,VCAP,5uM,24h,NA,NA,NA,NA,-0.20062926
BRD-K53601225,LINCSCP_60202,VCAP,5uM,24h,NA,NA,NA,NA,-0.20061068
BRD-K44777226,LINCSCP_62456,VCAP,5uM,24h,NA,NA,NA,NA,-0.20058749
PF-04457845,LINCSCP_142043,MCF7,10uM,24h,NA,NA,NA,NA,-0.20058475
CHEMBL1573436,LINCSCP_57926,VCAP,10uM,24h,NA,NA,NA,NA,-0.20057671999999999
CHEMBL2356381,LINCSCP_277870,PC3,10uM,24h,NA,NA,NA,NA,-0.2005644
CHEMBL2362782,LINCSCP_301259,VCAP,5uM,24h,NA,NA,NA,NA,-0.20054878
RO10-5824,LINCSCP_52646,SKB,10uM,24h,NA,NA,NA,NA,-0.20049354
Daunorubicin,LINCSCP_55373,U937,0.5uM,6h,4,NA,NA,NA,-0.20042004
BRD-K23582869-001-01-3,LINCSCP_55082,THP1,10uM,24h,NA,NA,NA,NA,-0.20038634
BRD-K44681861,LINCSCP_61457,VCAP,5uM,24h,NA,NA,NA,NA,-0.20034541
BRD-K80301668,LINCSCP_62691,VCAP,5uM,24h,NA,NA,NA,NA,-0.20031218
LY2228820,LINCSCP_94100,HA1E,1.11uM,24h,2,NA,NA,NA,-0.20028246
AN-465/41673090,LINCSCP_1661,A375,10uM,6h,NA,NA,NA,NA,-0.2002355
Vinburnine,LINCSCP_306,A375,10uM,24h,NA,NA,NA,NA,-0.2001494
KUC104486,LINCSCP_57894,VCAP,10uM,6h,NA,NA,NA,NA,-0.20009745
MLS003129922,LINCSCP_260589,NKDBA,3uM,24h,NA,NA,NA,NA,-0.20003865
