Source,Target,Similarity,SourceSignature,SourceCellLine,SourceTime,TargetSignature,TargetCellLine,TargetConcentration,TargetTime,tissue,integratedMoas,GeneTargets,canonical_inchi_key,canonical_inchi,perturbagen_id,canonical_smiles,max_fda_phase
Input,Y-39983,-0.39909736,InputSig,NA,NA,LINCSCP_113291,HME1,1.11uM,24h,breast,Rho associated kinase inhibitor,ROCK1|ROCK2,JTVBXQAYBIJXRP-SNVBAGLBSA-N,"InChI=1S/C16H16N4O/c1-10(17)11-2-4-12(5-3-11)16(21)20-14-7-9-19-15-13(14)6-8-18-15/h2-10H,17H2,1H3,(H2,18,19,20,21)/t10-/m1/s1",17547,C[C@@H](N)c1ccc(cc1)C(=O)Nc2ccnc3[nH]ccc23,1
Input,(S)-Tipifarnib,-0.39225094,InputSig,NA,NA,LINCSCP_53817,SNUC4,10uM,6h,large intestine,Farnesyltransferase inhibitor,NA,PLHJCIYEEKOWNM-MHZLTWQESA-N,"InChI=1S/C27H22Cl2N4O/c1-32-16-31-15-25(32)27(30,18-6-9-20(28)10-7-18)19-8-11-24-23(13-19)22(14-26(34)33(24)2)17-4-3-5-21(29)12-17/h3-16H,30H2,1-2H3/t27-/m0/s1",36694,CN1C(=O)C=C(c2cccc(Cl)c2)c3cc(ccc13)[C@@](N)(c4ccc(Cl)cc4)c5cncn5C,NA
Input,BRD-K24925721,-0.37630985,InputSig,NA,NA,LINCSCP_48389,PC3,5uM,24h,prostate,NA,NA,PVPFWHYBAZYTSA-FQEVSTJZSA-N,"InChI=1S/C25H29N5O4/c1-15(2)27-24(33)30-14-25(12-29(13-25)23(32)16-5-4-8-26-10-16)21-18-7-6-17(34-3)9-19(18)28-22(21)20(30)11-31/h4-10,15,20,28,31H,11-14H2,1-3H3,(H,27,33)/t20-/m0/s1",12211,COc1ccc2c3c([nH]c2c1)[C@H](CO)N(CC34CN(C4)C(=O)c5cccnc5)C(=O)NC(C)C,NA
Input,SA-90377,-0.35262111,InputSig,NA,NA,LINCSCP_253104,MCF7,0.5uM,24h,breast,NA,NA,BPRBOEBHCISTIC-SBCJZHDBSA-N,"InChI=1S/C36H46N4O5/c1-26-22-40(27(2)25-41)36(43)32-21-31(37-35(42)15-16-39-17-19-44-20-18-39)13-14-33(32)45-34(26)24-38(3)23-28-9-11-30(12-10-28)29-7-5-4-6-8-29/h4-14,21,26-27,34,41H,15-20,22-25H2,1-3H3,(H,37,42)/t26-,27-,34-/m0/s1",12920,C[C@@H](CO)N1C[C@H](C)[C@H](CN(C)Cc2ccc(cc2)c3ccccc3)Oc4ccc(NC(=O)CCN5CCOCC5)cc4C1=O,NA
Input,Zaprinast,-0.3490013,InputSig,NA,NA,LINCSCP_101607,HELA,0.12uM,24h,large intestine,Phosphodiesterase inhibitor,PDE5A,REZGGXNDEMKIQB-UHFFFAOYSA-N,"InChI=1S/C13H13N5O2/c1-2-7-20-9-6-4-3-5-8(9)11-14-12-10(13(19)15-11)16-18-17-12/h3-6H,2,7H2,1H3,(H2,14,15,16,17,18,19)",22561,CCCOc1ccccc1c2nc(O)c3[nH]nnc3n2,NA
Input,VX-745,-0.34890405,InputSig,NA,NA,LINCSCP_240362,MCF7,10uM,24h,breast,P38 MAPK inhibitor,MAPK14,VEPKQEUBKLEPRA-UHFFFAOYSA-N,InChI=1S/C19H9Cl2F2N3OS/c20-11-2-1-3-12(21)17(11)18-14-5-7-16(25-26(14)9-24-19(18)27)28-15-6-4-10(22)8-13(15)23/h1-9H,37864,Fc1ccc(SC2=NN3C=NC(=O)C(=C3C=C2)c4c(Cl)cccc4Cl)c(F)c1,2
Input,BRD-K78496556,-0.34724363,InputSig,NA,NA,LINCSCP_65521,VCAP,10uM,6h,prostate,NA,NA,RFBFKJWIMZCTJL-HOOSLVGPSA-N,"InChI=1S/C26H31N3O5S/c1-17-14-29(18(2)16-30)35(32,33)25-10-9-22(21-6-4-5-19(11-21)13-27)12-23(25)34-24(17)15-28(3)26(31)20-7-8-20/h4-6,9-12,17-18,20,24,30H,7-8,14-16H2,1-3H3/t17-,18+,24+/m0/s1",13580,C[C@H](CO)N1C[C@H](C)[C@@H](CN(C)C(=O)C2CC2)Oc3cc(ccc3S1(=O)=O)c4cccc(c4)C#N,NA
Input,PF477736,-0.34452054,InputSig,NA,NA,LINCSCP_162985,SKBR3,3.33uM,24h,breast,CHK inhibitor,CHEK1,NDEXUOWTGYUVGA-LJQANCHMSA-N,"InChI=1S/C22H25N7O2/c1-29-11-13(9-25-29)20-16-10-24-28-21(30)15-7-14(8-17(27-20)18(15)16)26-22(31)19(23)12-5-3-2-4-6-12/h7-12,19,27H,2-6,23H2,1H3,(H,26,31)(H,28,30)/t19-/m1/s1",22134,Cn1cc(cn1)c2[nH]c3cc(NC(=O)[C@H](N)C4CCCCC4)cc5C(=O)NN=Cc2c35,NA
Input,Pazopanib,-0.34054195,InputSig,NA,NA,LINCSCP_86691,CD34,3.33uM,24h,bone marrow,KIT inhibitor|PDGFR tyrosine kinase receptor inhibitor|VEGFR inhibitor,CSF1R|FGFR1|FGFR3|FLT1|FLT4|ITK|KDR|KIT|LCK|PDGFRA|PDGFRB,CUIHSIWYWATEQL-UHFFFAOYSA-N,"InChI=1S/C21H23N7O2S/c1-13-5-6-15(11-19(13)31(22,29)30)24-21-23-10-9-20(25-21)27(3)16-7-8-17-14(2)28(4)26-18(17)12-16/h5-12H,1-4H3,(H2,22,29,30)(H,23,24,25)",15129,CN(c1ccc2c(C)n(C)nc2c1)c3ccnc(Nc4ccc(C)c(c4)S(=O)(=O)N)n3,4
Input,SA-1938111,-0.33780199,InputSig,NA,NA,LINCSCP_37030,MCF7,10uM,24h,breast,NA,NA,KZIDXGDKWGRCPF-QHCPKHFHSA-N,"InChI=1S/C27H34N4O4/c1-4-10-28-26(33)31-16-27(17-31)15-30(13-18-6-5-7-19(11-18)34-2)23(14-32)25-24(27)21-9-8-20(35-3)12-22(21)29-25/h5-9,11-12,23,29,32H,4,10,13-17H2,1-3H3,(H,28,33)/t23-/m0/s1",33144,CCCNC(=O)N1CC2(CN(Cc3cccc(OC)c3)[C@@H](CO)c4[nH]c5cc(OC)ccc5c24)C1,NA
Input,BRD-K22181332,-0.32774016,InputSig,NA,NA,LINCSCP_62130,VCAP,5uM,24h,prostate,NA,NA,QHWKOKDSIMAAGX-BRWVUGGUSA-N,"InChI=1S/C18H26N2O5/c1-12(22)20-16-7-6-15(25-17(16)11-21)9-18(23)19-10-13-4-3-5-14(8-13)24-2/h3-5,8,15-17,21H,6-7,9-11H2,1-2H3,(H,19,23)(H,20,22)/t15-,16-,17-/m1/s1",6234,COc1cccc(CNC(=O)C[C@H]2CC[C@@H](NC(=O)C)[C@@H](CO)O2)c1,NA
Input,Lintitript,-0.32434939,InputSig,NA,NA,LINCSCP_102129,HELA,0.04uM,24h,large intestine,CCK receptor antagonist,CCKAR,ILNRQFBVVQUOLP-UHFFFAOYSA-N,"InChI=1S/C20H14ClN3O3S/c21-14-7-3-2-6-13(14)15-11-28-20(22-15)23-19(27)17-9-12-5-1-4-8-16(12)24(17)10-18(25)26/h1-9,11H,10H2,(H,25,26)(H,22,23,27)",15579,OC(=O)Cn1c(cc2ccccc12)C(=O)Nc3nc(cs3)c4ccccc4Cl,NA
Input,TIE2 Kinase Inhibitor,-0.32314015,InputSig,NA,NA,LINCSCP_165233,SKL.C,0.04uM,24h,NA,NA,NA,SINQIEAULQKUPD-UHFFFAOYSA-N,"InChI=1S/C26H21N3O2S/c1-31-22-8-5-19-15-21(4-3-20(19)16-22)25-24(17-11-13-27-14-12-17)28-26(29-25)18-6-9-23(10-7-18)32(2)30/h3-16H,1-2H3,(H,28,29)",19902,COc1ccc2cc(ccc2c1)c3nc([nH]c3c4ccncc4)c5ccc(cc5)S(=O)C,NA
Input,BMS-345541,-0.32310973,InputSig,NA,NA,LINCSCP_24481,HS578T,0.5uM,6h,breast,IKK inhibitor,IKBKB,PSPFQEBFYXJZEV-UHFFFAOYSA-N,"InChI=1S/C14H17N5/c1-9-3-4-11-12(7-9)19-10(2)8-17-14(19)13(18-11)16-6-5-15/h3-4,7-8H,5-6,15H2,1-2H3,(H,16,18)",16654,Cc1ccc2nc(NCCN)c3ncc(C)n3c2c1,NA
Input,Cabozantinib,-0.32197763,InputSig,NA,NA,LINCSCP_146409,NEU,0.12uM,24h,NA,Hepatocyte growth factor receptor inhibitor|Vascular endothelial growth factor receptor 2 inhibitor,KDR|MET,ONIQOQHATWINJY-UHFFFAOYSA-N,"InChI=1S/C28H24FN3O5/c1-35-24-15-21-22(16-25(24)36-2)30-14-11-23(21)37-20-9-7-19(8-10-20)32-27(34)28(12-13-28)26(33)31-18-5-3-17(29)4-6-18/h3-11,14-16H,12-13H2,1-2H3,(H,31,33)(H,32,34)",35289,COc1cc2nccc(Oc3ccc(NC(=O)C4(CC4)C(=O)Nc5ccc(F)cc5)cc3)c2cc1OC,4
Input,LY-294002,-0.31846806,InputSig,NA,NA,LINCSCP_68548,VCAP,10uM,6h,prostate,MTOR inhibitor|DNA dependent protein kinase inhibitor|Phosphodiesterase inhibitor|PLK inhibitor,MTOR|PIK3CA|PIK3CB|PIK3CD|PIK3CG|PLK1|PRKDC,CZQHHVNHHHRRDU-UHFFFAOYSA-N,"InChI=1S/C19H17NO3/c21-17-13-18(20-9-11-22-12-10-20)23-19-15(7-4-8-16(17)19)14-5-2-1-3-6-14/h1-8,13H,9-12H2",38531,O=C1C=C(Oc2c1cccc2c3ccccc3)N4CCOCC4,NA
Input,BRD-K69760878,-0.3181453,InputSig,NA,NA,LINCSCP_8184,A549,5uM,24h,lung,NA,NA,IJQLDHZDAZBKMH-IIDMSEBBSA-N,"InChI=1S/C21H34N4O4/c1-13(2)22-21(28)23-17-9-7-8-16-19(17)29-18(11-24(5)6)14(3)10-25(20(16)27)15(4)12-26/h7-9,13-15,18,26H,10-12H2,1-6H3,(H2,22,23,28)/t14-,15-,18-/m1/s1",33458,CC(C)NC(=O)Nc1cccc2C(=O)N(C[C@@H](C)[C@@H](CN(C)C)Oc12)[C@H](C)CO,NA
Input,Simeprevir,-0.31771999,InputSig,NA,NA,LINCSCP_174290,YAPC,0.37uM,24h,pancreas,NA,NA,JTZZSQYMACOLNN-SNWGISBASA-N,"InChI=1S/C38H47N5O7S2/c1-21(2)30-20-51-35(40-30)29-18-32(26-13-14-31(49-5)22(3)33(26)39-29)50-24-16-27-28(17-24)36(45)43(4)15-9-7-6-8-10-23-19-38(23,41-34(27)44)37(46)42-52(47,48)25-11-12-25/h8,10,13-14,18,20-21,23-25,27-28H,6-7,9,11-12,15-17,19H2,1-5H3,(H,41,44)(H,42,46)/b10-8-/t23-,24-,27-,28?,38-/m1/s1",26798,COc1ccc2c(O[C@@H]3C[C@@H]4C(C3)C(=O)N(C)CCCC\C=C/[C@@H]5C[C@]5(NC4=O)C(=O)NS(=O)(=O)C6CC6)cc(nc2c1C)c7nc(cs7)C(C)C,NA
Input,"5,6-Dichlorobenzimidazole riboside",-0.31771791,InputSig,NA,NA,LINCSCP_58810,VCAP,10uM,24h,prostate,Casein kinase inhibitor,CSNK2A1,XHSQDZXAVJRBMX-AYLPWXGPSA-N,"InChI=1S/C12H12Cl2N2O4/c13-5-1-7-8(2-6(5)14)16(4-15-7)12-11(19)10(18)9(3-17)20-12/h1-2,4,9-12,17-19H,3H2/t9-,10+,11?,12-/m1/s1",23211,OC[C@H]1O[C@H](C(O)[C@H]1O)n2cnc3cc(Cl)c(Cl)cc23,NA
Input,Parthenolide,-0.316759,InputSig,NA,NA,LINCSCP_53738,SNU1040,10uM,6h,large intestine,NFkB pathway inhibitor,NA,KTEXNACQROZXEV-SLXBATTESA-N,"InChI=1S/C15H20O3/c1-9-5-4-8-15(3)13(18-15)12-11(7-6-9)10(2)14(16)17-12/h5,11-13H,2,4,6-8H2,1,3H3/b9-5+/t11-,12-,13-,15+/m0/s1",19795,C\C\1=C/CC[C@@]2(C)O[C@H]2[C@H]3OC(=O)C(=C)[C@@H]3CC1,NA
Input,Parthenolide,-0.316759,InputSig,NA,NA,LINCSCP_53738,SNU1040,10uM,6h,large intestine,NFkB pathway inhibitor,NA,KTEXNACQROZXEV-SFDCQRBFSA-N,"InChI=1S/C15H20O3/c1-9-5-4-8-15(3)13(18-15)12-11(7-6-9)10(2)14(16)17-12/h5,11-13H,2,4,6-8H2,1,3H3/t11-,12+,13-,15+/m0/s1",23425,CC1=CCC[C@@]2(C)O[C@H]2[C@@H]3OC(=O)C(=C)[C@@H]3CC1,NA
Input,ACEXAMIC ACID,-0.31594735,InputSig,NA,NA,LINCSCP_160462,PC3,1.11uM,24h,prostate,NA,NA,WDSCBUNMANHPFH-UHFFFAOYSA-N,"InChI=1S/C8H15NO3/c1-7(10)9-6-4-2-3-5-8(11)12/h2-6H2,1H3,(H,9,10)(H,11,12)",26940,CC(=O)NCCCCCC(=O)O,NA
Input,AC1N08ZR,-0.31533827,InputSig,NA,NA,LINCSCP_211853,HA1E,10uM,6h,kidney epithelial,NA,NA,RTNAIWGSPRZEIT-UHFFFAOYSA-N,"InChI=1S/C18H15Cl2N3OS/c1-10-7-16(22-15-6-4-3-5-13(10)15)25-11(2)18(24)23-17-14(20)8-12(19)9-21-17/h3-9,11H,1-2H3,(H,21,23,24)",18575,CC(Sc1cc(C)c2ccccc2n1)C(=O)Nc3ncc(Cl)cc3Cl,NA
Input,TORIN-2,-0.31319849,InputSig,NA,NA,LINCSCP_51692,SKBR3,1uM,6h,breast,MTOR inhibitor,MTOR,GUXXEUUYCAYESJ-UHFFFAOYSA-N,"InChI=1S/C24H15F3N4O/c25-24(26,27)17-2-1-3-18(11-17)31-22(32)9-6-16-13-29-20-7-4-14(10-19(20)23(16)31)15-5-8-21(28)30-12-15/h1-13H,(H2,28,30)",7104,Nc1ccc(cn1)c2ccc3ncc4C=CC(=O)N(c5cccc(c5)C(F)(F)F)c4c3c2,NA
Input,BMS-777607,-0.31184946,InputSig,NA,NA,LINCSCP_146550,NEU,3.33uM,24h,NA,AXL kinase inhibitor|C-Met inhibitor|FLT3 inhibitor|Hepatocyte growth factor receptor inhibitor|Macrophage inhibitor|Tyrosine kinase inhibitor,AXL|MERTK|MET|MST1R|TYRO3,VNBRGSXVFBYQNN-UHFFFAOYSA-N,"InChI=1S/C25H19ClF2N4O4/c1-2-35-19-10-12-32(16-6-3-14(27)4-7-16)25(34)21(19)24(33)31-15-5-8-18(17(28)13-15)36-20-9-11-30-23(29)22(20)26/h3-13H,2H2,1H3,(H2,29,30)(H,31,33)",37825,CCOC1=C(C(=O)Nc2ccc(Oc3ccnc(N)c3Cl)c(F)c2)C(=O)N(C=C1)c4ccc(F)cc4,2
Input,SMR000024485,-0.31040292,InputSig,NA,NA,LINCSCP_4924,A549,10uM,24h,lung,NA,NA,DEYMHFHACXKPOV-UHFFFAOYSA-N,"InChI=1S/C14H9BrN4S/c15-11-5-12-13(17-7-11)19-14(18-12)20-8-10-4-2-1-3-9(10)6-16/h1-5,7H,8H2,(H,17,18,19)",22955,Brc1c[nH]c2nc(SCc3ccccc3C#N)nc2c1,NA
Input,PI-103,-0.31019503,InputSig,NA,NA,LINCSCP_133090,MCF7,0.04uM,3h,breast,MTOR inhibitor|PI3K inhibitor,MTOR|PIK3CA|PIK3CB|PIK3CD|PIK3CG,TUVCWJQQGGETHL-UHFFFAOYSA-N,"InChI=1S/C19H16N4O3/c24-13-4-1-3-12(11-13)17-21-15-14-5-2-6-20-19(14)26-16(15)18(22-17)23-7-9-25-10-8-23/h1-6,11,24H,7-10H2",17518,Oc1cccc(c1)c2nc(N3CCOCC3)c4oc5ncccc5c4n2,NA
Input,Lenvatinib (E7080),-0.30934537,InputSig,NA,NA,LINCSCP_93739,HA1E,3.33uM,24h,kidney epithelial,Vascular endothelial growth factor receptor inhibitor,FLT1|FLT4|KDR,WOSKHXYHFSIKNG-UHFFFAOYSA-N,"InChI=1S/C21H19ClN4O4/c1-29-19-10-17-13(9-14(19)20(23)27)18(6-7-24-17)30-12-4-5-16(15(22)8-12)26-21(28)25-11-2-3-11/h4-11H,2-3H2,1H3,(H2,23,27)(H2,25,26,28)",26781,COc1cc2nccc(Oc3ccc(NC(=O)NC4CC4)c(Cl)c3)c2cc1C(=O)N,4
Input,ZINC01050121,-0.3080189,InputSig,NA,NA,LINCSCP_35895,MCF7,0.5uM,24h,breast,NA,NA,OMUJNJUHZHOBJY-UHFFFAOYSA-N,"InChI=1S/C22H21NO6S/c1-27-18-11-9-17(10-12-18)23(22(24)16-7-5-4-6-8-16)30(25,26)21-15-19(28-2)13-14-20(21)29-3/h4-15H,1-3H3",23407,COc1ccc(cc1)N(C(=O)c2ccccc2)S(=O)(=O)c3cc(OC)ccc3OC,NA
Input,GW843682X,-0.30766571,InputSig,NA,NA,LINCSCP_132923,MCF7,10uM,3h,breast,PLK inhibitor,PLK1|PLK3,JSKUWFIZUALZLX-UHFFFAOYSA-N,"InChI=1S/C22H18F3N3O4S/c1-30-16-7-14-15(8-17(16)31-2)28(11-27-14)19-9-18(20(33-19)21(26)29)32-10-12-5-3-4-6-13(12)22(23,24)25/h3-9,11H,10H2,1-2H3,(H2,26,29)",36816,COc1cc2ncn(c3cc(OCc4ccccc4C(F)(F)F)c(s3)C(=O)N)c2cc1OC,NA
Input,2-(Ethylmercuriothio)benzoic acid,-0.3073573,InputSig,NA,NA,LINCSCP_127303,HT29,0.37uM,24h,large intestine,Other antibiotic,NA,HXQVQGWHFRNKMS-UHFFFAOYSA-M,"InChI=1S/C7H6O2S.C2H5.Hg/c8-7(9)5-3-1-2-4-6(5)10;1-2;/h1-4,10H,(H,8,9);1H2,2H3;/q;;+1/p-1",22277,CC[Hg]Sc1ccccc1C(=O)O,NA
Input,BRD-K43874853,-0.30661322,InputSig,NA,NA,LINCSCP_8363,A549,5uM,24h,lung,NA,NA,APWUXYFXBMGRIO-CGQTXMLISA-N,"InChI=1S/C31H35N3O6/c1-20-15-34(21(2)17-35)30(36)26-11-7-6-10-25(26)24-9-5-4-8-22(24)18-38-29(20)16-33(3)31(37)32-23-12-13-27-28(14-23)40-19-39-27/h4-14,20-21,29,35H,15-19H2,1-3H3,(H,32,37)/t20-,21+,29+/m1/s1",36981,C[C@@H](CO)N1C[C@@H](C)[C@H](CN(C)C(=O)Nc2ccc3OCOc3c2)OCc4ccccc4c5ccccc5C1=O,NA
Input,CEFOTETAN,-0.30561493,InputSig,NA,NA,LINCSCP_174880,YAPC,0.04uM,24h,pancreas,NA,NA,SRZNHPXWXCNNDU-PGEKIEPBSA-N,"InChI=1S/C17H17N7O8S4/c1-23-16(20-21-22-23)34-4-5-3-33-15-17(32-2,14(31)24(15)7(5)11(29)30)19-9(26)13-35-12(36-13)6(8(18)25)10(27)28/h13,15H,3-4H2,1-2H3,(H2,18,25)(H,19,26)(H,27,28)(H,29,30)/t13?,15?,17-/m0/s1",26871,CO[C@]1(NC(=O)C2SC(=C(C(=O)N)C(=O)O)S2)C3SCC(=C(N3C1=O)C(=O)O)CSc4nnnn4C,NA
Input,AG 14361,-0.30532554,InputSig,NA,NA,LINCSCP_50914,RMGI,20uM,6h,ovary,PARP inhibitor,PARP1,SEKJSSBJKFLZIT-UHFFFAOYSA-N,"InChI=1S/C19H20N4O/c1-22(2)12-13-6-8-14(9-7-13)18-21-16-5-3-4-15-17(16)23(18)11-10-20-19(15)24/h3-9H,10-12H2,1-2H3,(H,20,24)",15360,CN(C)Cc1ccc(cc1)c2nc3cccc4C(=O)NCCn2c34,NA
Input,SA-103123,-0.30465835,InputSig,NA,NA,LINCSCP_7896,A549,10uM,24h,lung,NA,NA,YRAOJEGTHQJVGH-RTAAPDIRSA-N,"InChI=1S/C32H50N4O7S2/c1-23-20-36(24(2)22-37)32(39)27-19-26(33-45(40,41)31-13-10-18-44-31)14-15-28(27)43-25(3)11-7-8-17-42-29(23)21-35(6)30(38)12-9-16-34(4)5/h10,13-15,18-19,23-25,29,33,37H,7-9,11-12,16-17,20-22H2,1-6H3/t23-,24+,25+,29-/m0/s1",13376,C[C@H](CO)N1C[C@H](C)[C@H](CN(C)C(=O)CCCN(C)C)OCCCC[C@@H](C)Oc2ccc(NS(=O)(=O)c3cccs3)cc2C1=O,NA
Input,BRD-K18183699,-0.30459458,InputSig,NA,NA,LINCSCP_312120,VCAP,10uM,6h,prostate,NA,NA,RGDWZLATWUCGFS-VUYBWUDLSA-N,"InChI=1S/C37H52F3N3O5/c1-25-21-43(26(2)24-44)36(46)32-20-31(41-35(45)29-11-6-5-7-12-29)17-18-33(32)48-27(3)10-8-9-19-47-34(25)23-42(4)22-28-13-15-30(16-14-28)37(38,39)40/h13-18,20,25-27,29,34,44H,5-12,19,21-24H2,1-4H3,(H,41,45)/t25-,26+,27-,34+/m1/s1",12045,C[C@@H](CO)N1C[C@@H](C)[C@H](CN(C)Cc2ccc(cc2)C(F)(F)F)OCCCC[C@@H](C)Oc3ccc(NC(=O)C4CCCCC4)cc3C1=O,NA
Input,Carbamazepine,-0.30189097,InputSig,NA,NA,LINCSCP_79157,A375,0.12uM,24h,skin,Sodium channel alpha subunit blocker,SCN10A|SCN11A|SCN1A|SCN2A|SCN3A|SCN4A|SCN5A|SCN7A|SCN8A|SCN9A,FFGPTBGBLSHEPO-UHFFFAOYSA-N,"InChI=1S/C15H12N2O/c16-15(18)17-13-7-3-1-5-11(13)9-10-12-6-2-4-8-14(12)17/h1-10H,(H2,16,18)",35986,NC(=O)N1c2ccccc2C=Cc3ccccc13,4
Input,Z-Pro-Prolinal,-0.29985646,InputSig,NA,NA,LINCSCP_192962,A549,10uM,6h,lung,Prolyl endopeptidase inhibitor,PREP,ORZXYSPOAVJYRU-HOTGVXAUSA-N,"InChI=1S/C18H22N2O4/c21-12-15-8-4-10-19(15)17(22)16-9-5-11-20(16)18(23)24-13-14-6-2-1-3-7-14/h1-3,6-7,12,15-16H,4-5,8-11,13H2/t15-,16-/m0/s1",15780,O=C[C@@H]1CCCN1C(=O)[C@@H]2CCCN2C(=O)OCc3ccccc3,NA
Input,Motesanib,-0.29833232,InputSig,NA,NA,LINCSCP_86784,CD34,0.12uM,24h,bone marrow,KIT inhibitor|PDGFR tyrosine kinase receptor inhibitor|VEGFR inhibitor,FLT1|FLT4|KDR|KIT|PDGFRA|PDGFRB|RET,RAHBGWKEPAQNFF-UHFFFAOYSA-N,"InChI=1S/C22H23N5O/c1-22(2)14-26-19-12-16(5-6-18(19)22)27-21(28)17-4-3-9-24-20(17)25-13-15-7-10-23-11-8-15/h3-12,26H,13-14H2,1-2H3,(H,24,25)(H,27,28)",23526,CC1(C)CNc2cc(NC(=O)c3cccnc3NCc4ccncc4)ccc12,3
Input,GSK-461364,-0.2974116,InputSig,NA,NA,LINCSCP_144236,MCF7,0.37uM,24h,breast,PLK inhibitor,PLK1,ZHJGWYRLJUCMRT-QGZVFWFLSA-N,"InChI=1S/C27H28F3N5O2S/c1-17(19-5-3-4-6-20(19)27(28,29)30)37-23-14-24(38-25(23)26(31)36)35-16-32-21-8-7-18(13-22(21)35)15-34-11-9-33(2)10-12-34/h3-8,13-14,16-17H,9-12,15H2,1-2H3,(H2,31,36)/t17-/m1/s1",36812,C[C@@H](Oc1cc(sc1C(=O)N)n2cnc3ccc(CN4CCN(C)CC4)cc23)c5ccccc5C(F)(F)F,1
Input,Tivantinib,-0.29569076,InputSig,NA,NA,LINCSCP_29987,MCF10A,0.1uM,6h,breast epithelial,Tyrosine kinase inhibitor,MET,UCEQXRCJXIVODC-PMACEKPBSA-N,"InChI=1S/C23H19N3O2/c27-22-19(16-11-24-18-9-2-1-7-14(16)18)20(23(28)25-22)17-12-26-10-4-6-13-5-3-8-15(17)21(13)26/h1-3,5,7-9,11-12,19-20,24H,4,6,10H2,(H,25,27,28)/t19-,20-/m0/s1",37812,O=C1NC(=O)[C@H]([C@@H]1c2c[nH]c3ccccc23)c4cn5CCCc6cccc4c56,3
Input,BRD-K52047117,-0.29515532,InputSig,NA,NA,LINCSCP_65660,VCAP,10uM,24h,prostate,NA,NA,WTUFVLVPXRCGPW-ZOFLEUFXSA-N,"InChI=1S/C26H31N3O7/c1-29(2)12-25(32)28-16-4-6-20-18(8-16)19-9-17(35-23(13-30)26(19)36-20)10-24(31)27-11-15-3-5-21-22(7-15)34-14-33-21/h3-8,17,19,23,26,30H,9-14H2,1-2H3,(H,27,31)(H,28,32)/t17-,19+,23-,26-/m1/s1",25668,CN(C)CC(=O)Nc1ccc2O[C@H]3[C@@H](CO)O[C@@H](CC(=O)NCc4ccc5OCOc5c4)C[C@H]3c2c1,NA
Input,BRD-K38841486,-0.29514072,InputSig,NA,NA,LINCSCP_279291,PC3,10uM,24h,prostate,NA,NA,KSPMYNSTGYPJSZ-BPYKYCOYSA-N,"InChI=1S/C26H34N2O4S/c1-5-15-27(4)18-25-20(2)17-28(21(3)19-29)33(30,31)26-14-13-23(16-24(26)32-25)12-11-22-9-7-6-8-10-22/h6-10,13-14,16,20-21,25,29H,5,15,17-19H2,1-4H3/t20-,21+,25+/m0/s1",12589,CCCN(C)C[C@H]1Oc2cc(ccc2S(=O)(=O)N(C[C@@H]1C)[C@H](C)CO)C#Cc3ccccc3,NA
Input,Troglitazone,-0.29378951,InputSig,NA,NA,LINCSCP_67186,HT29,10uM,24h,large intestine,Peroxisome proliferator-activated receptor gamma agonist,PPARG,GXPHKUHSUJUWKP-UHFFFAOYSA-N,"InChI=1S/C24H27NO5S/c1-13-14(2)21-18(15(3)20(13)26)9-10-24(4,30-21)12-29-17-7-5-16(6-8-17)11-19-22(27)25-23(28)31-19/h5-8,19,26H,9-12H2,1-4H3,(H,25,27,28)",16202,Cc1c(C)c2OC(C)(COc3ccc(CC4SC(=O)NC4=O)cc3)CCc2c(C)c1O,4
Input,BRD-K45230579,-0.29378643,InputSig,NA,NA,LINCSCP_41056,NEU,10uM,24h,NA,NA,NA,ANPNCKARMDTJMY-XKCSPQBFSA-N,"InChI=1S/C26H31N3O6/c1-15-9-16(2)11-18(10-15)28-26(32)27-17-5-8-22-20(12-17)25(31)29(3)21-7-6-19(13-24(30)33-4)35-23(21)14-34-22/h5,8-12,19,21,23H,6-7,13-14H2,1-4H3,(H2,27,28,32)/t19-,21+,23+/m0/s1",24700,COC(=O)C[C@@H]1CC[C@@H]2[C@@H](COc3ccc(NC(=O)Nc4cc(C)cc(C)c4)cc3C(=O)N2C)O1,NA
Input,Everolimus,-0.29357517,InputSig,NA,NA,LINCSCP_92704,HA1E,3.33uM,24h,kidney epithelial,FK506-binding protein 1A inhibitor|mTOR inhibitor,FKBP1A|MTOR,HKVAMNSJSFKALM-GKUWKFKPSA-N,"InChI=1S/C53H83NO14/c1-32-16-12-11-13-17-33(2)44(63-8)30-40-21-19-38(7)53(62,68-40)50(59)51(60)54-23-15-14-18-41(54)52(61)67-45(35(4)28-39-20-22-43(66-25-24-55)46(29-39)64-9)31-42(56)34(3)27-37(6)48(58)49(65-10)47(57)36(5)26-32/h11-13,16-17,27,32,34-36,38-41,43-46,48-49,55,58,62H,14-15,18-26,28-31H2,1-10H3/b13-11+,16-12+,33-17+,37-27+/t32-,34-,35-,36-,38-,39+,40+,41+,43-,44+,45+,46-,48-,49+,53-/m1/s1",35187,CO[C@@H]1C[C@H](C[C@@H](C)[C@@H]2CC(=O)[C@H](C)\C=C(/C)\[C@@H](O)[C@@H](OC)C(=O)[C@H](C)C[C@H](C)\C=C\C=C\C=C(/C)\[C@H](C[C@@H]3CC[C@@H](C)[C@@](O)(O3)C(=O)C(=O)N4CCCC[C@H]4C(=O)O2)OC)CC[C@H]1OCCO,4
Input,Tipranavir,-0.29275683,InputSig,NA,NA,LINCSCP_167961,YAPC,3.33uM,24h,pancreas,NA,NA,MYXACKZCYFKMTE-JETRDCLMSA-N,"InChI=1S/C31H33F3N2O5S/c1-3-16-30(17-15-21-9-6-5-7-10-21)19-26(37)28(29(38)41-30)25(4-2)22-11-8-12-24(18-22)36-42(39,40)27-14-13-23(20-35-27)31(32,33)34/h5-14,18,20,25,28,36H,3-4,15-17,19H2,1-2H3/t25-,28?,30-/m1/s1",26921,CCC[C@@]1(CCc2ccccc2)CC(=O)C([C@H](CC)c3cccc(NS(=O)(=O)c4ccc(cn4)C(F)(F)F)c3)C(=O)O1,NA
Input,Sildenafil,-0.2919736,InputSig,NA,NA,LINCSCP_97891,HA1E,0.37uM,24h,kidney epithelial,Phosphodiesterase inhibitor,PDE5A,BNRNXUUZRGQAQC-UHFFFAOYSA-N,"InChI=1S/C22H30N6O4S/c1-5-7-17-19-20(27(4)25-17)22(29)24-21(23-19)16-14-15(8-9-18(16)32-6-2)33(30,31)28-12-10-26(3)11-13-28/h8-9,14H,5-7,10-13H2,1-4H3,(H,23,24,29)",15956,CCCc1nn(C)c2c(O)nc(nc12)c3cc(ccc3OCC)S(=O)(=O)N4CCN(C)CC4,4
Input,Tyrphostin AG-1478,-0.29177924,InputSig,NA,NA,LINCSCP_53715,SNU1040,60uM,6h,large intestine,EGFR inhibitor,EGFR,GFNNBHLJANVSQV-UHFFFAOYSA-N,"InChI=1S/C16H14ClN3O2/c1-21-14-7-12-13(8-15(14)22-2)18-9-19-16(12)20-11-5-3-4-10(17)6-11/h3-9H,1-2H3,(H,18,19,20)",15150,COc1cc2ncnc(Nc3cccc(Cl)c3)c2cc1OC,NA
Input,CHEMBL2354415,-0.29168173,InputSig,NA,NA,LINCSCP_61539,VCAP,5uM,6h,prostate,NA,NA,RWOMJVAVZPFCIF-QLVXXPONSA-N,"InChI=1S/C30H33N3O5S/c1-21-17-33(22(2)19-34)30(35)28-14-7-6-13-27(28)26-12-5-4-10-24(26)20-38-29(21)18-32(3)39(36,37)25-11-8-9-23(15-25)16-31/h4-15,21-22,29,34H,17-20H2,1-3H3/t21-,22-,29+/m1/s1",17423,C[C@H](CO)N1C[C@@H](C)[C@H](CN(C)S(=O)(=O)c2cccc(c2)C#N)OCc3ccccc3c4ccccc4C1=O,NA
Input,Bemegride,-0.29151465,InputSig,NA,NA,LINCSCP_92849,HA1E,1.11uM,24h,kidney epithelial,Chemoreceptor agonist,GABRA1,ORRZGUBHBVWWOP-UHFFFAOYSA-N,"InChI=1S/C8H13NO2/c1-3-8(2)4-6(10)9-7(11)5-8/h3-5H2,1-2H3,(H,9,10,11)",34357,CCC1(C)CC(=O)NC(=O)C1,NA
Input,6Alpha-fluorotestosterone,-0.29135145,InputSig,NA,NA,LINCSCP_6484,A549,10uM,24h,lung,NA,NA,GGQPTOITOZXLBE-QXROXWLYSA-N,"InChI=1S/C19H27FO2/c1-18-7-5-11(21)9-15(18)16(20)10-12-13-3-4-17(22)19(13,2)8-6-14(12)18/h9,12-14,16-17,22H,3-8,10H2,1-2H3/t12-,13-,14-,16-,17-,18+,19-/m0/s1",16438,C[C@]12CC[C@H]3[C@@H](C[C@H](F)C4=CC(=O)CC[C@]34C)[C@@H]1CC[C@@H]2O,NA
Input,Fenretinide,-0.29126128,InputSig,NA,NA,LINCSCP_20529,HCC515,10uM,6h,lung,Apoptosis stimulant|Retinoid receptor agonist,RARA,AKJHMTWEGVYYSE-FXILSDISSA-N,"InChI=1S/C26H33NO2/c1-19(11-16-24-21(3)10-7-17-26(24,4)5)8-6-9-20(2)18-25(29)27-22-12-14-23(28)15-13-22/h6,8-9,11-16,18,28H,7,10,17H2,1-5H3,(H,27,29)/b9-6+,16-11+,19-8+,20-18+",37820,C\C(=C/C=C/C(=C/C(=O)Nc1ccc(O)cc1)/C)\C=C\C2=C(C)CCCC2(C)C,3
Input,RVX-208,-0.29088865,InputSig,NA,NA,LINCSCP_72911,A375,10uM,24h,skin,NA,NA,NETXMUIMUZJUTB-UHFFFAOYSA-N,"InChI=1S/C20H22N2O5/c1-11-7-13(8-12(2)18(11)27-6-5-23)19-21-15-9-14(25-3)10-16(26-4)17(15)20(24)22-19/h7-10,23H,5-6H2,1-4H3,(H,21,22,24)",26924,COc1cc2NC(=NC(=O)c2c(OC)c1)c3cc(C)c(OCCO)c(C)c3,NA
Input,Merbarone,-0.28951893,InputSig,NA,NA,LINCSCP_159733,PC3,0.04uM,24h,prostate,NA,NA,JARCFMKMOFFIGZ-UHFFFAOYSA-N,"InChI=1S/C11H9N3O3S/c15-8(12-6-4-2-1-3-5-6)7-9(16)13-11(18)14-10(7)17/h1-5,7H,(H,12,15)(H2,13,14,16,17,18)",26700,O=C(Nc1ccccc1)C2C(=O)NC(=S)NC2=O,NA
Input,Taranabant,-0.2891903,InputSig,NA,NA,LINCSCP_74212,A375,0.04uM,24h,skin,Cannabinoid CB1 receptor inverse agonist,CNR1,QLYKJCMUNUWAGO-GAJHUEQPSA-N,"InChI=1S/C27H25ClF3N3O2/c1-17(34-25(35)26(2,3)36-24-12-9-21(16-33-24)27(29,30)31)23(14-18-7-10-22(28)11-8-18)20-6-4-5-19(13-20)15-32/h4-13,16-17,23H,14H2,1-3H3,(H,34,35)/t17-,23+/m0/s1",27003,C[C@H](NC(=O)C(C)(C)Oc1ccc(cn1)C(F)(F)F)[C@@H](Cc2ccc(Cl)cc2)c3cccc(c3)C#N,3
Input,BRD-K24789695,-0.28889226,InputSig,NA,NA,LINCSCP_276384,PC3,5uM,24h,prostate,NA,NA,QJDNWBNBGNMAFV-GGPKGHCWSA-N,"InChI=1S/C21H23N3O4/c1-13(26)24-17-11-23(21(27)22-15-8-4-6-10-19(15)28-2)16-9-5-3-7-14(16)20(17)18(24)12-25/h3-10,17-18,20,25H,11-12H2,1-2H3,(H,22,27)/t17-,18-,20+/m1/s1",32338,COc1ccccc1NC(=O)N2C[C@@H]3[C@@H]([C@@H](CO)N3C(=O)C)c4ccccc24,NA
Input,PD-0325901,-0.28887377,InputSig,NA,NA,LINCSCP_146641,NEU,0.12uM,24h,NA,MAP kinase inhibitor|MEK inhibitor|Protein kinase inhibitor,MAP2K1|MAP2K2,SUDAHWBOROXANE-SECBINFHSA-N,"InChI=1S/C16H14F3IN2O4/c17-11-3-2-10(16(25)22-26-7-9(24)6-23)15(14(11)19)21-13-4-1-8(20)5-12(13)18/h1-5,9,21,23-24H,6-7H2,(H,22,25)/t9-/m1/s1",35278,OC[C@@H](O)CONC(=O)c1ccc(F)c(F)c1Nc2ccc(I)cc2F,2
Input,Urapidil,-0.28854905,InputSig,NA,NA,LINCSCP_174068,YAPC,0.37uM,24h,pancreas,Adrenergic receptor antagonist,HTR1A,ICMGLRUYEQNHPF-UHFFFAOYSA-N,"InChI=1S/C20H29N5O3/c1-22-18(15-19(26)23(2)20(22)27)21-9-6-10-24-11-13-25(14-12-24)16-7-4-5-8-17(16)28-3/h4-5,7-8,15,21H,6,9-14H2,1-3H3",36550,COc1ccccc1N2CCN(CCCNC3=CC(=O)N(C)C(=O)N3C)CC2,3
Input,RO-281675,-0.28805567,InputSig,NA,NA,LINCSCP_53785,SNUC4,100uM,6h,large intestine,Glucokinase activator,GCK,NEQSWPCDHDQINX-MRXNPFEDSA-N,"InChI=1S/C18H22N2O3S2/c1-25(22,23)15-8-6-14(7-9-15)16(12-13-4-2-3-5-13)17(21)20-18-19-10-11-24-18/h6-11,13,16H,2-5,12H2,1H3,(H,19,20,21)/t16-/m1/s1",36688,CS(=O)(=O)c1ccc(cc1)[C@@H](CC2CCCC2)C(=O)Nc3nccs3,NA
Input,Benzbromarone,-0.28740149,InputSig,NA,NA,LINCSCP_119716,HT29,1.11uM,24h,large intestine,Chloride channel blocker,NA,WHQCHUCQKNIQEC-UHFFFAOYSA-N,"InChI=1S/C17H12Br2O3/c1-2-13-15(10-5-3-4-6-14(10)22-13)16(20)9-7-11(18)17(21)12(19)8-9/h3-8,21H,2H2,1H3",35524,CCc1oc2ccccc2c1C(=O)c3cc(Br)c(O)c(Br)c3,4
Input,SCHEMBL16065773,-0.28584877,InputSig,NA,NA,LINCSCP_24727,HS578T,1uM,24h,breast,NA,NA,XGICKGXGLUYWDW-MDWZMJQESA-N,"InChI=1S/C25H27N7O2/c1-30(2)14-8-13-22(33)27-17-9-7-10-18(15-17)28-25-26-16-21-23(29-25)31(3)20-12-6-5-11-19(20)24(34)32(21)4/h5-13,15-16H,14H2,1-4H3,(H,27,33)(H,26,28,29)/b13-8+",5376,CN(C)C\C=C\C(=O)Nc1cccc(Nc2ncc3N(C)C(=O)c4ccccc4N(C)c3n2)c1,NA
Input,CHEMBL259628,-0.284895,InputSig,NA,NA,LINCSCP_50581,PL21,10uM,6h,haematopoietic and lymphoid tissue,AMPK activator,PTPN1,BWJOQFMMTKEZGA-UHFFFAOYSA-N,"InChI=1S/C12H7BrF2NO3P/c13-11-5-8-2-1-7(6-16)3-9(8)4-10(11)12(14,15)20(17,18)19/h1-5H,(H2,17,18,19)",36685,OP(=O)(O)C(F)(F)c1cc2cc(ccc2cc1Br)C#N,NA
Input,"Triazine Scaffold, 28",-0.2848568,InputSig,NA,NA,LINCSCP_15759,HA1E,10uM,24h,kidney epithelial,NA,NA,GQGYXQXENCTJDT-UHFFFAOYSA-N,"InChI=1S/C15H19ClN6O/c16-11-5-1-2-6-12(11)18-14-19-13(17-7-10-23)20-15(21-14)22-8-3-4-9-22/h1-2,5-6,23H,3-4,7-10H2,(H2,17,18,19,20,21)",15587,OCCNc1nc(Nc2ccccc2Cl)nc(n1)N3CCCC3,NA
Input,Oglemilast,-0.28480502,InputSig,NA,NA,LINCSCP_162076,PC3,1.11uM,24h,prostate,NA,NA,OKFDRAHPFKMAJH-UHFFFAOYSA-N,"InChI=1S/C20H13Cl2F2N3O5S/c1-33(29,30)27-9-2-4-14-11(6-9)16-10(3-5-15(18(16)31-14)32-20(23)24)19(28)26-17-12(21)7-25-8-13(17)22/h2-8,20,27H,1H3,(H,25,26,28)",26856,CS(=O)(=O)Nc1ccc2oc3c(OC(F)F)ccc(C(=O)Nc4c(Cl)cncc4Cl)c3c2c1,NA
Input,Amiloride,-0.28472359,InputSig,NA,NA,LINCSCP_175829,YAPC,0.37uM,24h,pancreas,Sodium channel blocker,ASIC1|ASIC2|SCNN1A|SCNN1B|SCNN1G,XSDQTOBWRPYKKA-UHFFFAOYSA-N,"InChI=1S/C6H8ClN7O/c7-2-4(9)13-3(8)1(12-2)5(15)14-6(10)11/h(H4,8,9,13)(H4,10,11,14,15)",15921,NC(=NC(=O)c1nc(Cl)c(N)nc1N)N,4
Input,Sunitinib,-0.28423061,InputSig,NA,NA,LINCSCP_112077,HEPG2,0.12uM,24h,liver,Macrophage colony stimulating factor  receptor  inhibitor|Platelet-derived growth factor receptor inhibitor|Stem cell growth factor receptor inhibitor|Tyrosine-protein kinase receptor FLT3 inhibitor|Tyrosine-protein kinase receptor RET inhibitor|Vascular endothelial growth factor receptor inhibitor,CSF1R|FLT1|FLT3|FLT4|KDR|KIT|PDGFRA|PDGFRB|RET,WINHZLLDWRZWRT-UHFFFAOYSA-N,"InChI=1S/C22H27FN4O2/c1-5-27(6-2)10-9-24-22(29)20-13(3)19(25-14(20)4)12-17-16-11-15(23)7-8-18(16)26-21(17)28/h7-8,11-12,25H,5-6,9-10H2,1-4H3,(H,24,29)(H,26,28)",27314,CCN(CC)CCNC(=O)c1c(C)[nH]c(C=C2C(=O)Nc3ccc(F)cc23)c1C,NA
Input,Sunitinib,-0.28423061,InputSig,NA,NA,LINCSCP_112077,HEPG2,0.12uM,24h,liver,Macrophage colony stimulating factor  receptor  inhibitor|Platelet-derived growth factor receptor inhibitor|Stem cell growth factor receptor inhibitor|Tyrosine-protein kinase receptor FLT3 inhibitor|Tyrosine-protein kinase receptor RET inhibitor|Vascular endothelial growth factor receptor inhibitor,CSF1R|FLT1|FLT3|FLT4|KDR|KIT|PDGFRA|PDGFRB|RET,WINHZLLDWRZWRT-ATVHPVEESA-N,"InChI=1S/C22H27FN4O2/c1-5-27(6-2)10-9-24-22(29)20-13(3)19(25-14(20)4)12-17-16-11-15(23)7-8-18(16)26-21(17)28/h7-8,11-12,25H,5-6,9-10H2,1-4H3,(H,24,29)(H,26,28)/b17-12-",37786,CCN(CC)CCNC(=O)c1c(C)[nH]c(\C=C\2/C(=O)Nc3ccc(F)cc23)c1C,4
Input,ZINC03876097,-0.28397684,InputSig,NA,NA,LINCSCP_47478,PC3,10uM,24h,prostate,Glucocorticoid receptor agonist,NR3C1,ZOCUOMKMBMEYQV-YQKAUVFSSA-N,"InChI=1S/C23H29FO6/c1-13(25)30-12-19(28)22(29)9-7-16-17-5-4-14-10-15(26)6-8-20(14,2)23(17,24)18(27)11-21(16,22)3/h6,8,10,16-18,27,29H,4-5,7,9,11-12H2,1-3H3/t16-,17+,18-,20-,21-,22-,23-/m0/s1",23216,CC(=O)OCC(=O)[C@@]1(O)CC[C@H]2[C@H]3CCC4=CC(=O)C=C[C@]4(C)[C@@]3(F)[C@@H](O)C[C@]12C,NA
Input,PLX-4720,-0.28392183,InputSig,NA,NA,LINCSCP_150964,PC3,0.37uM,24h,prostate,RAF inhibitor,BRAF,YZDJQTHVDDOVHR-UHFFFAOYSA-N,"InChI=1S/C17H14ClF2N3O3S/c1-2-5-27(25,26)23-13-4-3-12(19)14(15(13)20)16(24)11-8-22-17-10(11)6-9(18)7-21-17/h3-4,6-8,23H,2,5H2,1H3,(H,21,22)",35267,CCCS(=O)(=O)Nc1ccc(F)c(C(=O)c2c[nH]c3ncc(Cl)cc23)c1F,NA
Input,Butaclamol (+),-0.28342476,InputSig,NA,NA,LINCSCP_103206,HELA,0.04uM,24h,large intestine,NA,NA,ZZJYIKPMDIWRSN-TZBSWOFLSA-N,"InChI=1S/C25H31NO/c1-24(2,3)25(27)13-14-26-16-21-19-9-5-4-7-17(19)11-12-18-8-6-10-20(23(18)21)22(26)15-25/h4-10,21-22,27H,11-16H2,1-3H3/t21-,22-,25-/m1/s1",26922,CC(C)(C)[C@@]1(O)CCN2C[C@@H]3c4ccccc4CCc5cccc([C@H]2C1)c35,NA
Input,CHEMBL1083527,-0.2831346,InputSig,NA,NA,LINCSCP_114832,HS578T,0.37uM,24h,breast,NA,NA,MJEHBQIPZHTMNZ-UHFFFAOYSA-N,"InChI=1S/C27H29N5O/c28-26-25-24(21-7-9-23(10-8-21)33-17-19-5-2-1-3-6-19)16-32(27(25)30-18-29-26)22-13-20(14-22)15-31-11-4-12-31/h1-3,5-10,16,18,20,22H,4,11-15,17H2,(H2,28,29,30)",97,Nc1ncnc2c1c(cn2C3CC(CN4CCC4)C3)c5ccc(OCc6ccccc6)cc5,NA
Input,AC1O9I2Y,-0.28299371,InputSig,NA,NA,LINCSCP_32229,MCF7,10uM,24h,breast,NA,NA,UEOBAWISWUMQRS-ZIOZGJSESA-N,"InChI=1S/C48H40N4O9S/c1-59-26-27-60-47(58)51-36-24-19-29(12-10-11-25-53)28-34(36)48(45(51)57)38(43(55)50-46-49-35-17-8-9-18-37(35)62-46)40-44(56)61-41(31-15-6-3-7-16-31)39(30-13-4-2-5-14-30)52(40)42(48)32-20-22-33(54)23-21-32/h2-9,13-24,28,38-42,53-54H,11,25-27H2,1H3,(H,49,50,55)/t38-,39-,40-,41+,42+,48-/m0/s1",199,COCCOC(=O)N1C(=O)[C@]2([C@@H]([C@@H]3N([C@H]([C@H](OC3=O)c4ccccc4)c5ccccc5)[C@@H]2c6ccc(O)cc6)C(=O)Nc7nc8ccccc8s7)c9cc(ccc19)C#CCCO,NA
Input,Berberine,-0.2829795,InputSig,NA,NA,LINCSCP_92809,HA1E,0.12uM,24h,kidney epithelial,NA,NA,YBHILYKTIRIUTE-UHFFFAOYSA-N,"InChI=1S/C20H18NO4/c1-22-17-4-3-12-7-16-14-9-19-18(24-11-25-19)8-13(14)5-6-21(16)10-15(12)20(17)23-2/h3-4,7-10H,5-6,11H2,1-2H3/q+1",36733,COc1ccc2cc3c4cc5OCOc5cc4CC[n+]3cc2c1OC,1
Input,Lidoflazine,-0.28276792,InputSig,NA,NA,LINCSCP_107029,HELA,0.12uM,24h,large intestine,Calcium channel blocker,NA,ZBIAKUMOEKILTF-UHFFFAOYSA-N,"InChI=1S/C30H35F2N3O/c1-22-5-3-6-23(2)30(22)33-29(36)21-35-19-17-34(18-20-35)16-4-7-28(24-8-12-26(31)13-9-24)25-10-14-27(32)15-11-25/h3,5-6,8-15,28H,4,7,16-21H2,1-2H3,(H,33,36)",15805,Cc1cccc(C)c1NC(=O)CN2CCN(CCCC(c3ccc(F)cc3)c4ccc(F)cc4)CC2,4
Input,BTS 54-505 hydrochloride,-0.28248574,InputSig,NA,NA,LINCSCP_142459,MCF7,1.11uM,24h,breast,NA,NA,WQSACWZKKZPCHN-UHFFFAOYSA-N,"InChI=1S/C15H22ClN/c1-11(2)10-14(17)15(8-3-9-15)12-4-6-13(16)7-5-12/h4-7,11,14H,3,8-10,17H2,1-2H3",26626,CC(C)CC(N)C1(CCC1)c2ccc(Cl)cc2,NA
Input,AGI-5198,-0.2824831,InputSig,NA,NA,LINCSCP_171169,YAPC,0.37uM,24h,pancreas,NA,NA,FNYGWXSATBUBER-UHFFFAOYSA-N,"InChI=1S/C27H31FN4O2/c1-19-9-6-7-14-24(19)26(27(34)30-22-11-4-3-5-12-22)32(23-13-8-10-21(28)17-23)25(33)18-31-16-15-29-20(31)2/h6-10,13-17,22,26H,3-5,11-12,18H2,1-2H3,(H,30,34)",26869,Cc1ccccc1C(N(C(=O)Cn2ccnc2C)c3cccc(F)c3)C(=O)NC4CCCCC4,NA
Input,AZD-5438,-0.28146817,InputSig,NA,NA,LINCSCP_164032,SKBR3,1.11uM,3h,breast,CDK inhibitor,CDK1|CDK10|CDK11B|CDK12|CDK13|CDK14|CDK15|CDK16|CDK17|CDK18|CDK19|CDK2|CDK20|CDK3|CDK4|CDK5|CDK6|CDK7|CDK8|CDK9,WJRRGYBTGDJBFX-UHFFFAOYSA-N,"InChI=1S/C18H21N5O2S/c1-12(2)23-13(3)20-11-17(23)16-9-10-19-18(22-16)21-14-5-7-15(8-6-14)26(4,24)25/h5-12H,1-4H3,(H,19,21,22)",17553,CC(C)n1c(C)ncc1c2ccnc(Nc3ccc(cc3)S(=O)(=O)C)n2,1
Input,HMN-214,-0.28062554,InputSig,NA,NA,LINCSCP_166168,SKL,10uM,24h,skeletal muscle,PLK inhibitor,CSF1R|FLT1|FLT3|FLT4|KDR|KIT|PDGFRB|RET,OCKHRKSTDPOHEN-BQYQJAHWSA-N,"InChI=1S/C22H20N2O5S/c1-17(25)24(30(27,28)21-11-9-20(29-2)10-12-21)22-6-4-3-5-19(22)8-7-18-13-15-23(26)16-14-18/h3-16H,1-2H3/b8-7+",23696,COc1ccc(cc1)S(=O)(=O)N(C(=O)C)c2ccccc2\C=C\c3cc[n+]([O-])cc3,NA
Input,Diazoxide,-0.2804178,InputSig,NA,NA,LINCSCP_97558,HA1E,0.04uM,24h,kidney epithelial,Potassium channel activator,KCNJ11,GDLBFKVLRPITMI-UHFFFAOYSA-N,"InChI=1S/C8H7ClN2O2S/c1-5-10-7-3-2-6(9)4-8(7)14(12,13)11-5/h2-4H,1H3,(H,10,11)",23031,CC1=Nc2ccc(Cl)cc2S(=O)(=O)N1,NA
Input,N-Benzyl-1-(3-chlorobenzyl)-n-methylpiperidine-3-carboxamide,-0.27946011,InputSig,NA,NA,LINCSCP_294784,VCAP,10uM,24h,prostate,NA,NA,IAZWNNACOSEBDJ-UHFFFAOYSA-N,"InChI=1S/C21H25ClN2O/c1-23(14-17-7-3-2-4-8-17)21(25)19-10-6-12-24(16-19)15-18-9-5-11-20(22)13-18/h2-5,7-9,11,13,19H,6,10,12,14-16H2,1H3",35438,CN(Cc1ccccc1)C(=O)C2CCCN(Cc3cccc(Cl)c3)C2,NA
Input,MLS003179192,-0.27921447,InputSig,NA,NA,LINCSCP_237921,MCF7,10uM,24h,breast,Caspase inhibitor,NA,NPOUMSIYVDQJDX-DGIFUFQNSA-N,"InChI=1S/C33H35ClN4O6S/c1-21-18-38(22(2)20-39)32(40)27-11-7-13-29(36-33(41)35-28-12-6-9-23-8-4-5-10-26(23)28)31(27)44-30(21)19-37(3)45(42,43)25-16-14-24(34)15-17-25/h4-17,21-22,30,39H,18-20H2,1-3H3,(H2,35,36,41)/t21-,22+,30+/m1/s1",15858,C[C@@H](CO)N1C[C@@H](C)[C@H](CN(C)S(=O)(=O)c2ccc(Cl)cc2)Oc3c(NC(=O)Nc4cccc5ccccc45)cccc3C1=O,NA
Input,Inolitazone (dihydrochloride),-0.2791709,InputSig,NA,NA,LINCSCP_120050,HT29,1.11uM,24h,large intestine,Peroxisome proliferator-activated receptor gamma agonist,PPARG,JCYNMRJCUYVDBC-UHFFFAOYSA-N,"InChI=1S/C27H26N4O4S/c1-15-10-20(11-16(2)25(15)28)35-19-8-9-21-22(13-19)31(3)24(29-21)14-34-18-6-4-17(5-7-18)12-23-26(32)30-27(33)36-23/h4-11,13,23H,12,14,28H2,1-3H3,(H,30,32,33)",26926,Cc1cc(Oc2ccc3nc(COc4ccc(CC5SC(=O)NC5=O)cc4)n(C)c3c2)cc(C)c1N,2
Input,BRD-K35002913,-0.27846605,InputSig,NA,NA,LINCSCP_34978,MCF7,5uM,24h,breast,NA,NA,OJLJDVMGKDSXAU-QQSVUBKYSA-N,"InChI=1S/C29H32N4O5S/c1-33-24-6-5-21(16-27(34)31-13-10-19-8-11-30-12-9-19)38-26(24)18-37-25-7-4-20(15-23(25)29(33)36)32-28(35)17-22-3-2-14-39-22/h2-4,7-9,11-12,14-15,21,24,26H,5-6,10,13,16-18H2,1H3,(H,31,34)(H,32,35)/t21-,24-,26+/m1/s1",24430,CN1[C@@H]2CC[C@H](CC(=O)NCCc3ccncc3)O[C@H]2COc4ccc(NC(=O)Cc5cccs5)cc4C1=O,NA
Input,DOCETAXEL,-0.27814157,InputSig,NA,NA,LINCSCP_138260,MCF7,1.11uM,24h,breast,NA,NA,ZDZOTLJHXYCWBA-JXHJHTFNSA-N,"InChI=1S/C43H53NO14/c1-22-26(55-37(51)32(48)30(24-15-11-9-12-16-24)44-38(52)58-39(3,4)5)20-43(53)35(56-36(50)25-17-13-10-14-18-25)33-41(8,34(49)31(47)29(22)40(43,6)7)27(46)19-28-42(33,21-54-28)57-23(2)45/h9-18,26-28,30-33,35,46-48,53H,19-21H2,1-8H3,(H,44,52)/t26-,27-,28+,30-,31+,32+,33?,35-,41+,42-,43+/m0/s1",26849,CC(=O)O[C@@]12CO[C@@H]1C[C@H](O)[C@]3(C)C2[C@H](OC(=O)c4ccccc4)[C@]5(O)C[C@H](OC(=O)[C@H](O)[C@@H](NC(=O)OC(C)(C)C)c6ccccc6)C(=C([C@@H](O)C3=O)C5(C)C)C,NA
Input,BRD-K72055444,-0.27714572,InputSig,NA,NA,LINCSCP_48886,PC3,10uM,6h,prostate,NA,NA,NAZKFJIDOIPBCY-DGUDUIIESA-N,"InChI=1S/C28H31F2N3O3/c1-18-14-33(19(2)17-34)28(35)24-12-21(23-9-4-5-10-25(23)30)13-31-27(24)36-26(18)16-32(3)15-20-7-6-8-22(29)11-20/h4-13,18-19,26,34H,14-17H2,1-3H3/t18-,19-,26-/m0/s1",5216,C[C@@H](CO)N1C[C@H](C)[C@H](CN(C)Cc2cccc(F)c2)Oc3ncc(cc3C1=O)c4ccccc4F,NA
Input,Momelotinib,-0.27694386,InputSig,NA,NA,LINCSCP_110133,HELA,3.33uM,24h,large intestine,Tyrosine-protein kinase JAK1  inhibitor|Tyrosine-protein kinase JAK2 inhibitor,JAK1|JAK2,ZVHNDZWQTBEVRY-UHFFFAOYSA-N,"InChI=1S/C23H22N6O2/c24-10-12-25-22(30)18-3-1-17(2-4-18)21-9-11-26-23(28-21)27-19-5-7-20(8-6-19)29-13-15-31-16-14-29/h1-9,11H,12-16H2,(H,25,30)(H,26,27,28)",15140,O=C(NCC#N)c1ccc(cc1)c2ccnc(Nc3ccc(cc3)N4CCOCC4)n2,3
Input,BRD-K39504007,-0.2767964,InputSig,NA,NA,LINCSCP_277891,PC3,10uM,24h,prostate,NA,NA,MOMUNQNAFOIKEQ-GBPFJNKXSA-N,"InChI=1S/C24H32N2O5/c27-13-21-23-19(11-17(30-21)12-22(28)25-15-6-1-2-7-15)18-10-16(8-9-20(18)31-23)26-24(29)14-4-3-5-14/h8-10,14-15,17,19,21,23,27H,1-7,11-13H2,(H,25,28)(H,26,29)/t17-,19+,21+,23-/m0/s1",3015,OC[C@H]1O[C@H](CC(=O)NC2CCCC2)C[C@H]3[C@@H]1Oc4ccc(NC(=O)C5CCC5)cc34,NA
Input,XAV 939,-0.27649779,InputSig,NA,NA,LINCSCP_35917,MCF7,0.5uM,24h,breast,Tankyrase inhibitor,TNKS|TNKS2,KLGQSVMIPOVQAX-UHFFFAOYSA-N,"InChI=1S/C14H11F3N2OS/c15-14(16,17)9-3-1-8(2-4-9)12-18-11-5-6-21-7-10(11)13(20)19-12/h1-4H,5-7H2,(H,18,19,20)",16300,Oc1nc(nc2CCSCc12)c3ccc(cc3)C(F)(F)F,NA
Input,Pramipexole,-0.27623158,InputSig,NA,NA,LINCSCP_74749,A375,0.37uM,24h,skin,Dopamine receptor agonist,DRD2|DRD3|DRD4,FASDKYOPVNHBLU-ZETCQYMHSA-N,"InChI=1S/C10H17N3S/c1-2-5-12-7-3-4-8-9(6-7)14-10(11)13-8/h7,12H,2-6H2,1H3,(H2,11,13)/t7-/m0/s1",35272,CCCN[C@H]1CCc2nc(N)sc2C1,4
Input,rifampicin,-0.27577289,InputSig,NA,NA,LINCSCP_130071,LNCAP,0.37uM,24h,prostate,NA,NA,NA,NA,NA,NA,NA
Input,Seliciclib,-0.27571379,InputSig,NA,NA,LINCSCP_144772,MDAMB231,3.33uM,24h,NA,CDK inhibitor,CDK1|CDK2|CDK5|CDK7|CDK9,BTIHMVBBUGXLCJ-OAHLLOKOSA-N,"InChI=1S/C19H26N6O/c1-4-15(11-26)22-19-23-17(20-10-14-8-6-5-7-9-14)16-18(24-19)25(12-21-16)13(2)3/h5-9,12-13,15,26H,4,10-11H2,1-3H3,(H2,20,22,23,24)/t15-/m1/s1",16622,CC[C@H](CO)Nc1nc(NCc2ccccc2)c3ncn(C(C)C)c3n1,2
Input,KUC104254,-0.27516889,InputSig,NA,NA,LINCSCP_19846,HCC515,10uM,6h,lung,NA,NA,YKIPCRAQHJHAKU-UHFFFAOYSA-N,"InChI=1S/C28H24ClN5O3/c1-36-23-7-3-5-20(15-23)24-17-27(32-9-11-33(12-10-32)28(35)21-8-13-37-18-21)34-26(30-24)16-25(31-34)19-4-2-6-22(29)14-19/h2-8,13-18H,9-12H2,1H3",35574,COc1cccc(c1)c2cc(N3CCN(CC3)C(=O)c4cocc4)n5nc(cc5n2)c6cccc(Cl)c6,NA
Input,PF-04620110,-0.27513637,InputSig,NA,NA,LINCSCP_74060,A375,1.11uM,24h,skin,NA,NA,GEVVQZHMFVFGLN-HDJSIYSDSA-N,"InChI=1S/C21H24N4O4/c22-19-18-20(24-12-23-19)29-10-9-25(21(18)28)16-7-5-15(6-8-16)14-3-1-13(2-4-14)11-17(26)27/h5-8,12-14H,1-4,9-11H2,(H,26,27)(H2,22,23,24)/t13-,14-",26503,Nc1ncnc2OCCN(C(=O)c12)c3ccc(cc3)[C@@H]4CC[C@@H](CC(=O)O)CC4,NA
Input,Alverine,-0.27501564,InputSig,NA,NA,LINCSCP_243569,MCF7,10uM,24h,breast,Muscle relaxant,NA,ZPFXAOWNKLFJDN-UHFFFAOYSA-N,"InChI=1S/C20H27N/c1-2-21(17-9-15-19-11-5-3-6-12-19)18-10-16-20-13-7-4-8-14-20/h3-8,11-14H,2,9-10,15-18H2,1H3",35884,CCN(CCCc1ccccc1)CCCc2ccccc2,4
Input,BRD-K64618192,-0.27484966,InputSig,NA,NA,LINCSCP_48996,PC3,10uM,24h,prostate,NA,NA,PJAYKLYFYLNPHZ-WEDFSILCSA-N,"InChI=1S/C24H38N2O5S/c1-5-6-20-7-8-24-22(13-20)31-23(16-25(4)15-21-9-11-30-12-10-21)18(2)14-26(19(3)17-27)32(24,28)29/h5-8,13,18-19,21,23,27H,9-12,14-17H2,1-4H3/b6-5+/t18-,19-,23-/m1/s1",5466,C\C=C\c1ccc2c(O[C@H](CN(C)CC3CCOCC3)[C@H](C)CN([C@H](C)CO)S2(=O)=O)c1,NA
Input,ST021200,-0.27463469,InputSig,NA,NA,LINCSCP_4755,A549,10uM,6h,lung,NA,NA,JOYQBQFJPLXICC-UHFFFAOYSA-N,"InChI=1S/C21H17N3/c1-5-11-19-15(7-1)16-8-2-6-12-20(16)24(19)14-13-21-22-17-9-3-4-10-18(17)23-21/h1-12H,13-14H2,(H,22,23)",22234,C(Cn1c2ccccc2c3ccccc13)c4nc5ccccc5[nH]4,NA
Input,MLN-8054,-0.27449493,InputSig,NA,NA,LINCSCP_112692,HEPG2,0.04uM,24h,liver,Aurora kinase inhibitor|Mitotic inhibitor|Protein kinase inhibitor,AURKA,HHFBDROWDBDFBR-UHFFFAOYSA-N,"InChI=1S/C25H15ClF2N4O2/c26-15-6-9-17-18(10-15)23(21-19(27)2-1-3-20(21)28)29-11-14-12-30-25(32-22(14)17)31-16-7-4-13(5-8-16)24(33)34/h1-10,12H,11H2,(H,33,34)(H,30,31,32)",15127,OC(=O)c1ccc(Nc2ncc3CN=C(c4cc(Cl)ccc4c3n2)c5c(F)cccc5F)cc1,1
Input,AC1LCS2I,-0.27449156,InputSig,NA,NA,LINCSCP_210324,HA1E,10uM,6h,kidney epithelial,NA,NA,XEEBADQXIMNBQG-UHFFFAOYSA-N,"InChI=1S/C13H18N2O2/c1-13(6-7-14)10-8-9(17-3)4-5-11(10)15(2)12(13)16/h4-5,8H,6-7,14H2,1-3H3",437,COc1ccc2N(C)C(=O)C(C)(CCN)c2c1,NA
Input,COT-10B,-0.27434314,InputSig,NA,NA,LINCSCP_9568,A549,0.5uM,6h,lung,NA,NA,SHBWGYKUKOFCKR-UHFFFAOYSA-N,"InChI=1S/C21H17N3S/c1-13(22)19-11-17-18(12-24-21(23)20(17)25-19)16-9-5-8-15(10-16)14-6-3-2-4-7-14/h2-12H,1,22H2,(H2,23,24)",23079,NC(=C)c1cc2c(cnc(N)c2s1)c3cccc(c3)c4ccccc4,NA
Input,3-Chloro-l-alanine,-0.27406979,InputSig,NA,NA,LINCSCP_9804,A549,0.5uM,6h,lung,Protein synthesis inhibitor,RPS2,ASBJGPTTYPEMLP-REOHCLBHSA-N,"InChI=1S/C3H6ClNO2/c4-1-2(5)3(6)7/h2H,1,5H2,(H,6,7)/t2-/m0/s1",12647,N[C@@H](CCl)C(=O)O,NA
Input,Anastrozole,-0.27381258,InputSig,NA,NA,LINCSCP_120251,HT29,10uM,24h,large intestine,Aromatase inhibitor,CYP19A1,YBBLVLTVTVSKRW-UHFFFAOYSA-N,"InChI=1S/C17H19N5/c1-16(2,9-18)14-5-13(8-22-12-20-11-21-22)6-15(7-14)17(3,4)10-19/h5-7,11-12H,8H2,1-4H3",3149,CC(C)(C#N)c1cc(Cn2cncn2)cc(c1)C(C)(C)C#N,4
Input,BRD-K24139908,-0.27306573,InputSig,NA,NA,LINCSCP_34759,MCF7,5uM,24h,breast,NA,NA,SWAMQWMVKYBBNH-PBDKAQRYSA-N,"InChI=1S/C31H43N5O6/c1-20-17-36(21(2)19-37)29(38)25-11-8-12-26(34-30(39)32-22-9-6-5-7-10-22)28(25)42-27(20)18-35(3)31(40)33-23-13-15-24(41-4)16-14-23/h8,11-16,20-22,27,37H,5-7,9-10,17-19H2,1-4H3,(H,33,40)(H2,32,34,39)/t20-,21+,27-/m1/s1",32314,COc1ccc(NC(=O)N(C)C[C@H]2Oc3c(NC(=O)NC4CCCCC4)cccc3C(=O)N(C[C@H]2C)[C@@H](C)CO)cc1,NA
Input,PFI-1,-0.27306118,InputSig,NA,NA,LINCSCP_128801,HUVEC,1.11uM,24h,umbilical vein,NA,NA,TXZPMHLMPKIUGK-UHFFFAOYSA-N,"InChI=1S/C16H17N3O4S/c1-19-10-11-9-12(7-8-13(11)17-16(19)20)18-24(21,22)15-6-4-3-5-14(15)23-2/h3-9,18H,10H2,1-2H3,(H,17,20)",14199,COc1ccccc1S(=O)(=O)Nc2ccc3NC(=O)N(C)Cc3c2,NA
Input,Imatinib,-0.27301008,InputSig,NA,NA,LINCSCP_86103,BT20,0.37uM,24h,breast,Bcr-Abl kinase inhibitor|KIT inhibitor|PDGFR tyrosine kinase receptor inhibitor,ABL1|BCR|CSF1R|KIT|PDGFRA|PDGFRB,KTUFNOKKBVMGRW-UHFFFAOYSA-N,"InChI=1S/C29H31N7O/c1-21-5-10-25(18-27(21)34-29-31-13-11-26(33-29)24-4-3-12-30-19-24)32-28(37)23-8-6-22(7-9-23)20-36-16-14-35(2)15-17-36/h3-13,18-19H,14-17,20H2,1-2H3,(H,32,37)(H,31,33,34)",16646,CN1CCN(Cc2ccc(cc2)C(=O)Nc3ccc(C)c(Nc4nccc(n4)c5cccnc5)c3)CC1,4
Input,Isocycloheximide,-0.27293069,InputSig,NA,NA,LINCSCP_30176,MCF7,10uM,6h,breast,Protein synthesis inhibitor,RPL3,YPHMISFOHDHNIV-UHFFFAOYSA-N,"InChI=1S/C15H23NO4/c1-8-3-9(2)15(20)11(4-8)12(17)5-10-6-13(18)16-14(19)7-10/h8-12,17H,3-7H2,1-2H3,(H,16,18,19)",15279,CC1CC(C)C(=O)C(C1)C(O)CC2CC(=O)NC(=O)C2,NA
Input,Efavirenz,-0.27266932,InputSig,NA,NA,LINCSCP_75427,A375,0.04uM,24h,skin,HIV protease inhibitor,CYP1A2|CYP2B6|CYP2C19|CYP2C9|CYP2D6|CYP3A4,XPOQHMRABVBWPR-ZDUSSCGKSA-N,"InChI=1S/C14H9ClF3NO2/c15-9-3-4-11-10(7-9)13(14(16,17)18,21-12(20)19-11)6-5-8-1-2-8/h3-4,7-8H,1-2H2,(H,19,20)/t13-/m0/s1",18469,FC(F)(F)[C@]1(OC(=O)Nc2ccc(Cl)cc12)C#CC3CC3,4
Input,SB590885,-0.27237992,InputSig,NA,NA,LINCSCP_29677,MCF10A,10uM,6h,breast epithelial,RAF inhibitor,BRAF,DPCXEUSDRQOOGZ-UHFFFAOYSA-N,"InChI=1S/C27H27N5O2/c1-32(2)15-16-34-22-7-3-19(4-8-22)27-29-25(18-11-13-28-14-12-18)26(30-27)21-5-9-23-20(17-21)6-10-24(23)31-33/h3-5,7-9,11-14,17,28H,6,10,15-16H2,1-2H3,(H,29,30)",13478,CN(C)CCOc1ccc(cc1)c2nc(c3ccncc3)c([nH]2)c4ccc5C(=NO)CCc5c4,NA
Input,Rigosertib,-0.27191319,InputSig,NA,NA,LINCSCP_166141,SKL,0.37uM,24h,skeletal muscle,PLK inhibitor,CDK1|F2R|FLT1|FYN|PDGFRA|PLK1|PLK2|SRC,OWBFCJROIKNMGD-BQYQJAHWSA-N,"InChI=1S/C21H25NO8S/c1-27-15-10-19(29-3)16(20(11-15)30-4)7-8-31(25,26)13-14-5-6-18(28-2)17(9-14)22-12-21(23)24/h5-11,22H,12-13H2,1-4H3,(H,23,24)/b8-7+",22178,COc1cc(OC)c(\C=C\S(=O)(=O)Cc2ccc(OC)c(NCC(=O)O)c2)c(OC)c1,3
Input,CHIR-99021,-0.27130488,InputSig,NA,NA,LINCSCP_145978,MDAMB231,0.37uM,3h,NA,Glycogen synthase kinase inhibitor,NA,AQGNHMOJWBZFQQ-UHFFFAOYSA-N,"InChI=1S/C22H18Cl2N8/c1-13-10-29-21(31-13)17-12-30-22(32-20(17)16-4-3-15(23)8-18(16)24)27-7-6-26-19-5-2-14(9-25)11-28-19/h2-5,8,10-12H,6-7H2,1H3,(H,26,28)(H,29,31)(H,27,30,32)",17599,Cc1c[nH]c(n1)c2cnc(NCCNc3ccc(cn3)C#N)nc2c4ccc(Cl)cc4Cl,NA
Input,Norketamine,-0.27118113,InputSig,NA,NA,LINCSCP_204269,ASC,10uM,24h,adipose,Glutamate receptor antagonist,CYP3A4,BEQZHFIKTBVCAU-UHFFFAOYSA-N,"InChI=1S/C12H14ClNO/c13-10-6-2-1-5-9(10)12(14)8-4-3-7-11(12)15/h1-2,5-6H,3-4,7-8,14H2",15043,NC1(CCCCC1=O)c2ccccc2Cl,NA
Input,Cycloheximide,-0.27072848,InputSig,NA,NA,LINCSCP_30205,MCF7,10uM,6h,breast,Protein synthesis inhibitor,RPL3,YPHMISFOHDHNIV-FSZOTQKASA-N,"InChI=1S/C15H23NO4/c1-8-3-9(2)15(20)11(4-8)12(17)5-10-6-13(18)16-14(19)7-10/h8-12,17H,3-7H2,1-2H3,(H,16,18,19)/t8-,9-,11-,12+/m0/s1",3596,C[C@H]1C[C@H](C)C(=O)[C@@H](C1)[C@H](O)CC2CC(=O)NC(=O)C2,NA
Input,YK 4-279,-0.27059965,InputSig,NA,NA,LINCSCP_21141,HCT116,10uM,6h,large intestine,Apoptosis stimulant|Binding of RNA helicase A to the transcription factor EWS-FLI1 inhibitor,DHX9|FLI1,HLXSCTYHLQHQDJ-UHFFFAOYSA-N,"InChI=1S/C17H13Cl2NO4/c1-24-10-4-2-9(3-5-10)13(21)8-17(23)14-11(18)6-7-12(19)15(14)20-16(17)22/h2-7,23H,8H2,1H3,(H,20,22)",36321,COc1ccc(cc1)C(=O)CC2(O)C(=O)Nc3c(Cl)ccc(Cl)c23,NA
Input,Pinostrobin,-0.27058187,InputSig,NA,NA,LINCSCP_270995,PC3,10uM,6h,prostate,Topoisomerase inhibitor,PLA2G1B,ORJDDOBAOGKRJV-CQSZACIVSA-N,"InChI=1S/C16H14O4/c1-19-11-7-12(17)16-13(18)9-14(20-15(16)8-11)10-5-3-2-4-6-10/h2-8,14,17H,9H2,1H3/t14-/m1/s1",19845,COc1cc(O)c2C(=O)C[C@@H](Oc2c1)c3ccccc3,NA
Input,UNC0638,-0.26996293,InputSig,NA,NA,LINCSCP_114304,HME1,0.04uM,24h,breast,NA,NA,QOECJCJVIMVJGX-UHFFFAOYSA-N,"InChI=1S/C30H47N5O2/c1-22(2)35-17-12-24(13-18-35)31-30-25-20-27(36-3)28(37-19-9-16-34-14-7-8-15-34)21-26(25)32-29(33-30)23-10-5-4-6-11-23/h20-24H,4-19H2,1-3H3,(H,31,32,33)",34335,COc1cc2c(NC3CCN(CC3)C(C)C)nc(nc2cc1OCCCN4CCCC4)C5CCCCC5,NA
Input,SCHEMBL17857056,-0.26995176,InputSig,NA,NA,LINCSCP_11948,BT20,0.5uM,6h,breast,EGFR inhibitor,NA,SFLKJNSBBVSPFE-UHFFFAOYSA-N,"InChI=1S/C34H36Cl2N8O4/c1-5-30(45)40-24-8-6-22(7-9-24)20-44(34(46)41-33-31(35)26(47-3)18-27(48-4)32(33)36)29-19-28(37-21-38-29)39-23-10-12-25(13-11-23)43-16-14-42(2)15-17-43/h5-13,18-19,21H,1,14-17,20H2,2-4H3,(H,40,45)(H,41,46)(H,37,38,39)",7077,COc1cc(OC)c(Cl)c(NC(=O)N(Cc2ccc(NC(=O)C=C)cc2)c3cc(Nc4ccc(cc4)N5CCN(C)CC5)ncn3)c1Cl,NA
Input,KUC103867,-0.26993114,InputSig,NA,NA,LINCSCP_22021,HEPG2,10uM,6h,liver,NA,NA,ADVCMQZATPXDMZ-UHFFFAOYSA-N,"InChI=1S/C14H11NO2S/c1-17-11-8-6-10(7-9-11)15-14(16)12-4-2-3-5-13(12)18-15/h2-9H,1H3",35259,COc1ccc(cc1)N2Sc3ccccc3C2=O,NA
Input,AC1NWAUW,-0.26976065,InputSig,NA,NA,LINCSCP_98635,HA1E,0.04uM,24h,kidney epithelial,Adenosine receptor agonist|CAMP stimulant,PRKACA,CJGYSWNGNKCJSB-ZBSNKJFMSA-N,"InChI=1S/C18H24N5O8P/c1-3-5-11(24)22-16-13-17(20-8-19-16)23(9-21-13)18-15(30-12(25)6-4-2)14-10(29-18)7-28-32(26,27)31-14/h8-10,14-15,18H,3-7H2,1-2H3,(H,26,27)(H,19,20,22,24)/t10-,14-,15-,18?/m1/s1",22159,CCCC(=O)Nc1ncnc2c1ncn2C3O[C@@H]4COP(=O)(O)O[C@H]4[C@H]3OC(=O)CCC,NA
Input,AC1O9CB0,-0.26973417,InputSig,NA,NA,LINCSCP_309719,VCAP,10uM,24h,prostate,NA,NA,DEKIJPKQVLBTGQ-AEWJWUJOSA-N,"InChI=1S/C47H44N6O7/c54-27-10-9-12-31-19-20-36-35(30-31)47(45(58)50-36)38(43(56)51-23-25-52(26-24-51)46-48-21-11-22-49-46)40-44(57)60-41(33-15-5-2-6-16-33)39(32-13-3-1-4-14-32)53(40)42(47)34-17-7-8-18-37(34)59-29-28-55/h1-8,11,13-22,30,38-42,54-55H,10,23-29H2,(H,50,58)/t38-,39-,40-,41+,42+,47-/m0/s1",11468,OCCOc1ccccc1[C@H]2N3[C@@H]([C@@H](C(=O)N4CCN(CC4)c5ncccn5)[C@]26C(=O)Nc7ccc(cc67)C#CCCO)C(=O)O[C@@H]([C@@H]3c8ccccc8)c9ccccc9,NA
Input,amcinonide,-0.26903373,InputSig,NA,NA,LINCSCP_112644,HEPG2,0.04uM,24h,liver,NA,NA,NA,NA,NA,NA,NA
Input,GSK 525762A,-0.2685041,InputSig,NA,NA,LINCSCP_146858,NEU,0.37uM,24h,NA,NA,NA,AAAQFGUYHFJNHI-SFHVURJKSA-N,"InChI=1S/C22H22ClN5O2/c1-4-24-20(29)12-18-22-27-26-13(2)28(22)19-10-9-16(30-3)11-17(19)21(25-18)14-5-7-15(23)8-6-14/h5-11,18H,4,12H2,1-3H3,(H,24,29)/t18-/m0/s1",19908,CCNC(=O)C[C@@H]1N=C(c2ccc(Cl)cc2)c3cc(OC)ccc3n4c(C)nnc14,NA
Input,Voreloxin (Hydrochloride),-0.26841132,InputSig,NA,NA,LINCSCP_119209,HT29,0.04uM,24h,large intestine,DNA topoisomerase II inhibitor,TOP2A|TOP2B,XZAFZXJXZHRNAQ-STQMWFEESA-N,"InChI=1S/C18H19N5O4S/c1-19-12-8-22(9-13(12)27-2)14-4-3-10-15(24)11(17(25)26)7-23(16(10)21-14)18-20-5-6-28-18/h3-7,12-13,19H,8-9H2,1-2H3,(H,25,26)/t12-,13-/m0/s1",26817,CN[C@H]1CN(C[C@@H]1OC)c2ccc3C(=O)C(=CN(c4nccs4)c3n2)C(=O)O,3
Input,Sulindac,-0.26838838,InputSig,NA,NA,LINCSCP_13280,FIBRNPC,10uM,6h,NA,Cyclooxygenase inhibitor,AKR1B1|PTGS1|PTGS2,MLKXDPUZXIRXEP-MFOYZWKCSA-N,"InChI=1S/C20H17FO3S/c1-12-17(9-13-3-6-15(7-4-13)25(2)24)16-8-5-14(21)10-19(16)18(12)11-20(22)23/h3-10H,11H2,1-2H3,(H,22,23)/b17-9-",9465,CC1=C(CC(=O)O)c2cc(F)ccc2/C/1=C\c3ccc(cc3)S(=O)C,4
Input,SB-216763,-0.26836029,InputSig,NA,NA,LINCSCP_116900,HT29,3.33uM,24h,large intestine,Glycogen synthase kinase inhibitor,GSK3B,JCSGFHVFHSKIJH-UHFFFAOYSA-N,"InChI=1S/C19H12Cl2N2O2/c1-23-9-13(11-4-2-3-5-15(11)23)17-16(18(24)22-19(17)25)12-7-6-10(20)8-14(12)21/h2-9H,1H3,(H,22,24,25)",37835,Cn1cc(C2=C(C(=O)NC2=O)c3ccc(Cl)cc3Cl)c4ccccc14,NA
Input,SAN1_014122,-0.26796676,InputSig,NA,NA,LINCSCP_58556,VCAP,10uM,24h,prostate,NA,NA,ACJXWVZLFCGAQD-OZJYBUQCSA-N,"InChI=1S/C28H35FN2O4Si/c1-19-26(36(2,3)29)24(15-17-32)35-28(19)22-8-4-5-9-23(22)31(27(28)34)18-20-11-13-21(14-12-20)30-16-7-6-10-25(30)33/h4-5,8-9,11-14,19,24,26,32H,6-7,10,15-18H2,1-3H3/t19-,24+,26-,28+/m1/s1",11474,C[C@@H]1[C@H]([C@H](CCO)O[C@@]12C(=O)N(Cc3ccc(cc3)N4CCCCC4=O)c5ccccc25)[Si](C)(C)F,NA
Input,BRD-K21913257,-0.26758665,InputSig,NA,NA,LINCSCP_35183,MCF7,10uM,24h,breast,NA,NA,OJLJDVMGKDSXAU-PMWMKWCKSA-N,"InChI=1S/C29H32N4O5S/c1-33-24-6-5-21(16-27(34)31-13-10-19-8-11-30-12-9-19)38-26(24)18-37-25-7-4-20(15-23(25)29(33)36)32-28(35)17-22-3-2-14-39-22/h2-4,7-9,11-12,14-15,21,24,26H,5-6,10,13,16-18H2,1H3,(H,31,34)(H,32,35)/t21-,24-,26+/m0/s1",24036,CN1[C@H]2CC[C@@H](CC(=O)NCCc3ccncc3)O[C@@H]2COc4ccc(NC(=O)Cc5cccs5)cc4C1=O,NA
Input,Paricalcitol,-0.26733792,InputSig,NA,NA,LINCSCP_157551,PC3,0.12uM,24h,prostate,Vitamin D receptor agonist,VDR,BPKAHTKRCLCHEA-UBFJEZKGSA-N,"InChI=1S/C27H44O3/c1-18(8-9-19(2)26(3,4)30)24-12-13-25-21(7-6-14-27(24,25)5)11-10-20-15-22(28)17-23(29)16-20/h8-11,18-19,22-25,28-30H,6-7,12-17H2,1-5H3/b9-8+,21-11+/t18-,19+,22-,23-,24-,25+,27-/m1/s1",26719,C[C@H](\C=C\[C@H](C)C(C)(C)O)[C@H]1CC[C@H]2\C(=C\C=C3C[C@@H](O)C[C@H](O)C3)\CCC[C@]12C,4
Input,FR-180204,-0.26720293,InputSig,NA,NA,LINCSCP_165518,SKL,0.12uM,24h,skeletal muscle,MAP kinase inhibitor,MAPK1|MAPK3,XVECMUKVOMUNLE-UHFFFAOYSA-N,"InChI=1S/C18H13N7/c19-17-12-10-13(20-22-18(12)23-21-17)15-14-8-4-5-9-25(14)24-16(15)11-6-2-1-3-7-11/h1-10H,(H3,19,21,22,23)",27855,Nc1[nH]nc2nnc(cc12)c3c(nn4ccccc34)c5ccccc5,NA
Input,Tolazamide,-0.26706318,InputSig,NA,NA,LINCSCP_54215,SW620,10uM,6h,large intestine,ATP channel blocker,ABCC8|KCNJ11,OUDSBRTVNLOZBN-UHFFFAOYSA-N,"InChI=1S/C14H21N3O3S/c1-12-6-8-13(9-7-12)21(19,20)16-14(18)15-17-10-4-2-3-5-11-17/h6-9H,2-5,10-11H2,1H3,(H2,15,16,18)",15543,Cc1ccc(cc1)S(=O)(=O)NC(=O)NN2CCCCCC2,4
Input,SA-1458902,-0.2670444,InputSig,NA,NA,LINCSCP_38260,MCF7,10uM,24h,breast,NA,NA,MHHGGSJJSYEMDJ-LHIMOPHOSA-N,"InChI=1S/C28H36N2O6/c31-22-18-30(17-21-6-8-24(9-7-21)35-23-4-2-1-3-5-23)26-11-10-25(36-27(26)20-34-19-22)16-28(32)29-12-14-33-15-13-29/h1-9,22,25-27,31H,10-20H2/t22-,25+,26+,27-/m1/s1",14060,O[C@H]1COC[C@H]2O[C@H](CC(=O)N3CCOCC3)CC[C@@H]2N(Cc4ccc(Oc5ccccc5)cc4)C1,NA
Input,PKC Beta Inhibitor,-0.26690875,InputSig,NA,NA,LINCSCP_54813,T3M10,10uM,6h,lung,PKC inhibitor,PRKCB,KIWODJBCHRADND-UHFFFAOYSA-N,"InChI=1S/C24H21N5O2/c30-23-21(22(24(31)27-23)26-17-7-2-1-3-8-17)19-15-29(20-10-5-4-9-18(19)20)13-6-12-28-14-11-25-16-28/h1-5,7-11,14-16H,6,12-13H2,(H2,26,27,30,31)",36303,O=C1NC(=O)C(=C1Nc2ccccc2)c3cn(CCCn4ccnc4)c5ccccc35,NA
Input,BRD-K63325940-001-01-1,-0.26682937,InputSig,NA,NA,LINCSCP_278423,PC3,10uM,24h,prostate,NA,NA,PDVFRLLRNBRKOI-ULCIQGNVSA-N,"InChI=1S/C21H22ClN3O/c1-2-5-14-8-10-15(11-9-14)20-18-12-23-13-19(20)25(18)21(26)24-17-7-4-3-6-16(17)22/h2-11,18-20,23H,12-13H2,1H3,(H,24,26)/b5-2+/t18-,19+,20?",2326,C\C=C\c1ccc(cc1)[C@H]2[C@H]3CNC[C@@H]2N3C(=O)Nc4ccccc4Cl,NA
Input,SA-1939126,-0.26658839,InputSig,NA,NA,LINCSCP_260302,NKDBA,10uM,24h,kidney epithelial,NA,NA,GATATIFOBUODSE-QHCPKHFHSA-N,"InChI=1S/C28H26FN5O4/c1-38-19-9-10-20-22(12-19)32-25-23(13-35)34(27(37)31-18-7-5-17(29)6-8-18)16-28(24(20)25)14-33(15-28)26(36)21-4-2-3-11-30-21/h2-12,23,32,35H,13-16H2,1H3,(H,31,37)/t23-/m0/s1",12645,COc1ccc2c3c([nH]c2c1)[C@H](CO)N(CC34CN(C4)C(=O)c5ccccn5)C(=O)Nc6ccc(F)cc6,NA
Input,Castanospermine,-0.26646575,InputSig,NA,NA,LINCSCP_72954,A375,0.37uM,24h,skin,NA,NA,JDVVGAQPNNXQDW-TVNFTVLESA-N,"InChI=1S/C8H15NO4/c10-4-1-2-9-3-5(11)7(12)8(13)6(4)9/h4-8,10-13H,1-3H2/t4-,5-,6+,7+,8+/m0/s1",27091,O[C@H]1CCN2C[C@H](O)[C@@H](O)[C@H](O)[C@@H]12,NA
Input,BRD-K81331655,-0.26618744,InputSig,NA,NA,LINCSCP_63410,VCAP,5uM,24h,prostate,NA,NA,XHIYWAJDGXOPCH-OBZNHSRCSA-N,"InChI=1S/C32H30N4O7/c1-36-25-9-8-23(14-30(37)34-16-20-4-10-27-28(12-20)42-18-41-27)43-29(25)17-40-26-11-7-22(13-24(26)32(36)39)35-31(38)21-5-2-19(15-33)3-6-21/h2-7,10-13,23,25,29H,8-9,14,16-18H2,1H3,(H,34,37)(H,35,38)/t23-,25+,29-/m1/s1",7868,CN1[C@H]2CC[C@H](CC(=O)NCc3ccc4OCOc4c3)O[C@@H]2COc5ccc(NC(=O)c6ccc(cc6)C#N)cc5C1=O,NA
Input,SCHEMBL17497626,-0.26581865,InputSig,NA,NA,LINCSCP_9922,A549,3uM,6h,lung,NA,NA,YAIMJASQNYPANM-JLALNRMCSA-N,"InChI=1S/C17H23NO2/c1-14-9-5-2-3-8-12-18-16(13-20-17(14)19)15-10-6-4-7-11-15/h2,4-7,10-11,14,16,18H,3,8-9,12-13H2,1H3/b5-2+/t14-,16-/m0/s1",5583,C[C@H]1C\C=C\CCCN[C@@H](COC1=O)c2ccccc2,NA
Input,LY 2183240,-0.26571728,InputSig,NA,NA,LINCSCP_50606,PL21,10uM,6h,haematopoietic and lymphoid tissue,FAAH inhibitor|FAAH reuptake inhibitor,FAAH,GZNIYOXWFCDBBJ-UHFFFAOYSA-N,"InChI=1S/C17H17N5O/c1-21(2)17(23)22-16(18-19-20-22)12-13-8-10-15(11-9-13)14-6-4-3-5-7-14/h3-11H,12H2,1-2H3",15610,CN(C)C(=O)n1nnnc1Cc2ccc(cc2)c3ccccc3,NA
Input,Sertaconazole,-0.26571432,InputSig,NA,NA,LINCSCP_110723,HELA,0.12uM,24h,large intestine,Cytochrome P450 51 inhibitor,NA,JLGKQTAYUIMGRK-UHFFFAOYSA-N,"InChI=1S/C20H15Cl3N2OS/c21-14-4-5-16(18(23)8-14)19(9-25-7-6-24-12-25)26-10-13-11-27-20-15(13)2-1-3-17(20)22/h1-8,11-12,19H,9-10H2",15344,Clc1ccc(C(Cn2ccnc2)OCc3csc4c(Cl)cccc34)c(Cl)c1,4
Input,BRD-K94312010,-0.26555443,InputSig,NA,NA,LINCSCP_310709,VCAP,10uM,6h,prostate,NA,NA,GJXITPCKIIOKJV-CUVVAGTFSA-N,"InChI=1S/C28H35FN2O5S/c1-19-16-31(20(2)18-32)37(34,35)27-14-11-23(21-7-5-4-6-8-21)15-25(27)36-26(19)17-30(3)28(33)22-9-12-24(29)13-10-22/h7,9-15,19-20,26,32H,4-6,8,16-18H2,1-3H3/t19-,20-,26+/m0/s1",13983,C[C@@H](CO)N1C[C@H](C)[C@@H](CN(C)C(=O)c2ccc(F)cc2)Oc3cc(ccc3S1(=O)=O)C4=CCCCC4,NA
Input,Risperidone,-0.26533628,InputSig,NA,NA,LINCSCP_106718,HELA,1.11uM,24h,large intestine,Dopamine receptor antagonist|Serotonin receptor antagonist,ADRA1A|ADRA1B|DRD2|DRD3|DRD4|HRH1|HTR1A|HTR1D|HTR2A|HTR2C,RAPZEAPATHNIPO-UHFFFAOYSA-N,"InChI=1S/C23H27FN4O2/c1-15-18(23(29)28-10-3-2-4-21(28)25-15)9-13-27-11-7-16(8-12-27)22-19-6-5-17(24)14-20(19)30-26-22/h5-6,14,16H,2-4,7-13H2,1H3",15728,CC1=C(CCN2CCC(CC2)c3noc4cc(F)ccc34)C(=O)N5CCCCC5=N1,4
Input,Apremilast (CC-10004),-0.26528333,InputSig,NA,NA,LINCSCP_80353,A375,3.33uM,24h,skin,Phosphodiesterase 4 inhibitor,PDE4A|PDE4B|PDE4C|PDE4D,IMOZEMNVLZVGJZ-QGZVFWFLSA-N,"InChI=1S/C22H24N2O7S/c1-5-31-19-11-14(9-10-18(19)30-3)17(12-32(4,28)29)24-21(26)15-7-6-8-16(23-13(2)25)20(15)22(24)27/h6-11,17H,5,12H2,1-4H3,(H,23,25)/t17-/m1/s1",27094,CCOc1cc(ccc1OC)[C@@H](CS(=O)(=O)C)N2C(=O)c3cccc(NC(=O)C)c3C2=O,4
Input,Trimethoprim,-0.26525298,InputSig,NA,NA,LINCSCP_104990,HELA,0.12uM,24h,large intestine,Dihydrofolate reductase inhibitor,NA,IEDVJHCEMCRBQM-UHFFFAOYSA-N,"InChI=1S/C14H18N4O3/c1-19-10-5-8(6-11(20-2)12(10)21-3)4-9-7-17-14(16)18-13(9)15/h5-7H,4H2,1-3H3,(H4,15,16,17,18)",16281,COc1cc(Cc2cnc(N)nc2N)cc(OC)c1OC,4
Input,AC1Q5RFA,-0.26497843,InputSig,NA,NA,LINCSCP_93167,HA1E,0.37uM,24h,kidney epithelial,NA,NA,IECPWNUMDGFDKC-FRVBXGIOSA-N,"InChI=1S/C31H48O6/c1-17(2)9-8-10-20(28(35)36)26-22-15-24(34)27-29(5)13-12-23(33)18(3)21(29)11-14-30(27,6)31(22,7)16-25(26)37-19(4)32/h9,18,21-25,27,33-34H,8,10-16H2,1-7H3,(H,35,36)/b26-20+/t18-,21-,22-,23+,24+,25-,27?,29-,30-,31-/m0/s1",78,C[C@@H]1[C@H](O)CC[C@@]2(C)[C@H]1CC[C@@]3(C)C2[C@H](O)C[C@H]4\C(=C(\CCC=C(C)C)/C(=O)O)\[C@H](C[C@]34C)OC(=O)C,NA
Input,Rosiglitazone,-0.26493614,InputSig,NA,NA,LINCSCP_127973,HT29,3.33uM,24h,large intestine,Peroxisome proliferator-activated receptor gamma agonist,PPARG,YASAKCUCGLMORW-UHFFFAOYSA-N,"InChI=1S/C18H19N3O3S/c1-21(16-4-2-3-9-19-16)10-11-24-14-7-5-13(6-8-14)12-15-17(22)20-18(23)25-15/h2-9,15H,10-12H2,1H3,(H,20,22,23)",15349,CN(CCOc1ccc(CC2SC(=O)NC2=O)cc1)c3ccccn3,4
Input,MLS001065860,-0.26435363,InputSig,NA,NA,LINCSCP_57942,VCAP,10uM,24h,prostate,NA,NA,XLHDISIHIXXBEP-IBGZPJMESA-N,"InChI=1S/C23H23N3O2/c1-14-8-10-15(11-9-14)13-25-21(27)19-12-17-16-6-4-5-7-18(16)24-20(17)23(2,3)26(19)22(25)28/h4-11,19,24H,12-13H2,1-3H3/t19-/m0/s1",35579,Cc1ccc(CN2C(=O)[C@@H]3Cc4c([nH]c5ccccc45)C(C)(C)N3C2=O)cc1,NA
Input,CHEMBL1950303,-0.26416052,InputSig,NA,NA,LINCSCP_152343,PC3,1.11uM,24h,prostate,NA,NA,IBGLGMOPHJQDJB-ROKHWSDSSA-N,"InChI=1S/C21H23F3N6O2/c22-11-7-15(23)18(16(24)8-11)28-21-27-17-9-25-20(26-12-1-3-14(31)4-2-12)29-19(17)30(21)13-5-6-32-10-13/h7-9,12-14,31H,1-6,10H2,(H,27,28)(H,25,26,29)/t12?,13-,14?/m1/s1",17495,OC1CCC(CC1)Nc2ncc3nc(Nc4c(F)cc(F)cc4F)n([C@@H]5CCOC5)c3n2,NA
Input,Idebenone,-0.26386378,InputSig,NA,NA,LINCSCP_238905,MCF7,10uM,24h,breast,Calcium channel modulator,NA,JGPMMRGNQUBGND-UHFFFAOYSA-N,"InChI=1S/C19H30O5/c1-14-15(12-10-8-6-4-5-7-9-11-13-20)17(22)19(24-3)18(23-2)16(14)21/h20H,4-13H2,1-3H3",15582,COC1=C(OC)C(=O)C(=C(C)C1=O)CCCCCCCCCCO,4
Input,BRD-K65165610,-0.2635878,InputSig,NA,NA,LINCSCP_3155,A375,5uM,24h,skin,NA,NA,YBLKRDGTGIUFGT-DUXAABNJSA-N,"InChI=1S/C32H49N5O5/c1-22(2)34-32(40)35-27-10-11-29-28(17-27)31(39)37(24(4)21-38)18-23(3)30(41-16-8-7-9-25(5)42-29)20-36(6)19-26-12-14-33-15-13-26/h10-15,17,22-25,30,38H,7-9,16,18-21H2,1-6H3,(H2,34,35,40)/t23-,24+,25+,30+/m1/s1",25579,CC(C)NC(=O)Nc1ccc2O[C@@H](C)CCCCO[C@@H](CN(C)Cc3ccncc3)[C@H](C)CN([C@@H](C)CO)C(=O)c2c1,NA
Input,BRD-K25029498,-0.26347978,InputSig,NA,NA,LINCSCP_48871,PC3,10uM,6h,prostate,NA,NA,HDXBPNDJZFTSGZ-QMXNRGECSA-N,"InChI=1S/C31H45Cl2N3O4/c1-21-17-36(22(2)20-37)31(38)26-16-25(34(4)5)11-13-29(26)40-23(3)9-7-8-14-39-30(21)19-35(6)18-24-10-12-27(32)28(33)15-24/h10-13,15-16,21-23,30,37H,7-9,14,17-20H2,1-6H3/t21-,22+,23-,30+/m1/s1",12214,C[C@@H](CO)N1C[C@@H](C)[C@H](CN(C)Cc2ccc(Cl)c(Cl)c2)OCCCC[C@@H](C)Oc3ccc(cc3C1=O)N(C)C,NA
Input,Linsitinib,-0.26307813,InputSig,NA,NA,LINCSCP_115414,HS578T,0.12uM,3h,breast,IGF-1 inhibitor,IGF1R|INSR,PKCDDUHJAFVJJB-UHFFFAOYSA-N,"InChI=1S/C26H23N5O/c1-26(32)14-19(15-26)25-30-22(23-24(27)28-11-12-31(23)25)18-8-7-17-9-10-20(29-21(17)13-18)16-5-3-2-4-6-16/h2-13,19,32H,14-15H2,1H3,(H2,27,28)",37815,CC1(O)CC(C1)c2nc(c3ccc4ccc(nc4c3)c5ccccc5)c6c(N)nccn26,NA
Input,100599-27-7,-0.26304167,InputSig,NA,NA,LINCSCP_175292,YAPC,10uM,24h,pancreas,Cyclooxygenase inhibitor,NA,IGPDWKCUDHIIRL-UHFFFAOYSA-N,"InChI=1S/C14H9ClN2O3S/c15-7-3-4-9-8(6-7)11(13(19)17(9)14(16)20)12(18)10-2-1-5-21-10/h1-6,11H,(H2,16,20)",42696,NC(=O)N1C(=O)C(C(=O)c2cccs2)c3cc(Cl)ccc13,NA
Input,Pirarubicin,-0.26227726,InputSig,NA,NA,LINCSCP_46836,PC3,10uM,24h,prostate,Topoisomerase inhibitor,TOP2A,KMSKQZKKOZQFFG-YXRRJAAWSA-N,"InChI=1S/C32H37NO12/c1-14-31(45-21-8-3-4-9-42-21)17(33)10-22(43-14)44-19-12-32(40,20(35)13-34)11-16-24(19)30(39)26-25(28(16)37)27(36)15-6-5-7-18(41-2)23(15)29(26)38/h5-7,14,17,19,21-22,31,34,37,39-40H,3-4,8-13,33H2,1-2H3/t14-,17-,19-,21+,22-,31+,32-/m0/s1",36573,COc1cccc2C(=O)c3c(O)c4C[C@](O)(C[C@H](O[C@H]5C[C@H](N)[C@H](O[C@@H]6CCCCO6)[C@H](C)O5)c4c(O)c3C(=O)c12)C(=O)CO,NA
Input,CI-1040,-0.26222647,InputSig,NA,NA,LINCSCP_87804,HA1E,0.12uM,24h,kidney epithelial,MEK inhibitor,MAP2K1|MAP2K2,GFMMXOIFOQCCGU-UHFFFAOYSA-N,"InChI=1S/C17H14ClF2IN2O2/c18-12-7-10(21)3-6-14(12)22-16-11(4-5-13(19)15(16)20)17(24)23-25-8-9-1-2-9/h3-7,9,22H,1-2,8H2,(H,23,24)",35266,Fc1ccc(C(=O)NOCC2CC2)c(Nc3ccc(I)cc3Cl)c1F,2
Input,Rifabutin,-0.26216088,InputSig,NA,NA,LINCSCP_92320,HA1E,3.33uM,24h,kidney epithelial,Protein synthesis inhibitor,NA,AZFBLLCNOQPJGJ-NYGPAKPVSA-N,"InChI=1S/C46H62N4O11/c1-22(2)21-50-18-16-46(17-19-50)48-34-31-32-39(54)28(8)42-33(31)43(56)45(10,61-42)59-20-15-30(58-11)25(5)41(60-29(9)51)27(7)38(53)26(6)37(52)23(3)13-12-14-24(4)44(57)47-36(40(32)55)35(34)49-46/h12-15,20,22-23,25-27,30,37-38,41,52-55H,16-19,21H2,1-11H3,(H,47,57)/b13-12+,20-15+,24-14+/t23-,25+,26+,27+,30-,37-,38+,41+,45-/m0/s1",1794,CO[C@H]1\C=C\O[C@@]2(C)Oc3c(C)c(O)c4C(=C(NC(=O)\C(=C\C=C\[C@H](C)[C@H](O)[C@@H](C)[C@@H](O)[C@@H](C)[C@H](OC(=O)C)[C@@H]1C)\C)C5=NC6(CCN(CC(C)C)CC6)N=C5c4c3C2=O)O,NA
Input,Rifabutin,-0.26216088,InputSig,NA,NA,LINCSCP_92320,HA1E,3.33uM,24h,kidney epithelial,Protein synthesis inhibitor,NA,ATEBXHFBFRCZMA-VXTBVIBXSA-N,"InChI=1S/C46H62N4O11/c1-22(2)21-50-18-16-46(17-19-50)48-34-31-32-39(54)28(8)42-33(31)43(56)45(10,61-42)59-20-15-30(58-11)25(5)41(60-29(9)51)27(7)38(53)26(6)37(52)23(3)13-12-14-24(4)44(57)47-36(40(32)55)35(34)49-46/h12-15,20,22-23,25-27,30,37-38,41,49,52-54H,16-19,21H2,1-11H3,(H,47,57)/b13-12+,20-15+,24-14-/t23-,25+,26+,27+,30-,37-,38+,41+,45-/m0/s1",17682,CO[C@H]1\C=C\O[C@@]2(C)Oc3c(C)c(O)c4C(=O)C(=C5NC6(CCN(CC(C)C)CC6)N=C5c4c3C2=O)NC(=O)\C(=C/C=C/[C@H](C)[C@H](O)[C@@H](C)[C@@H](O)[C@@H](C)[C@H](OC(=O)C)[C@@H]1C)\C,4
Input,KUC105208 KUC105208N,-0.2618729,InputSig,NA,NA,LINCSCP_222177,HL60,0.5uM,24h,haematopoietic and lymphoid tissue,NA,NA,YZURTNKNJIUDGQ-HKBOAZHASA-N,"InChI=1S/C21H23ClN4OS/c22-16-7-5-15(6-8-16)19-10-21(27)20(13-25(19)11-17-2-1-9-28-17)26-12-18(23-24-26)14-3-4-14/h1-2,5-9,12,14,19-21,27H,3-4,10-11,13H2/t19-,20+,21+/m1/s1",26521,O[C@H]1C[C@@H](N(Cc2cccs2)C[C@@H]1n3cc(nn3)C4CC4)c5ccc(Cl)cc5,NA
Input,CHEMBL1270219,-0.26181248,InputSig,NA,NA,LINCSCP_31375,MCF7,10uM,24h,breast,NA,NA,DVKLTRZHIPWHIV-UHFFFAOYSA-N,"InChI=1S/C24H15F3N2O3S/c25-24(26,27)18-10-5-9-17(15-18)22(30)31-13-3-4-14-33-23-29-28-21(32-23)20-12-6-8-16-7-1-2-11-19(16)20/h1-2,5-12,15H,13-14H2",35759,FC(F)(F)c1cccc(c1)C(=O)OCC#CCSc2oc(nn2)c3cccc4ccccc34,NA
Input,Neurodazine,-0.26162909,InputSig,NA,NA,LINCSCP_20425,HCC515,10uM,6h,lung,Neurogenesis of non-pluripotent C2C12 myoblast inducer,NA,FEEOFPAEDSMOTO-UHFFFAOYSA-N,"InChI=1S/C27H21ClN2O3/c1-31-21-10-6-17(7-11-21)25-26(18-8-12-22(32-2)13-9-18)30-27(29-25)24-15-14-23(33-24)19-4-3-5-20(28)16-19/h3-16H,1-2H3,(H,29,30)",38136,COc1ccc(cc1)c2nc([nH]c2c3ccc(OC)cc3)c4oc(cc4)c5cccc(Cl)c5,NA
Input,BRD-K01425431,-0.26146347,InputSig,NA,NA,LINCSCP_115653,HS578T,0.12uM,24h,breast,NA,NA,NA,NA,NA,NA,NA
Input,"6,2'-Dimethoxyflavone",-0.26128991,InputSig,NA,NA,LINCSCP_23073,HEPG2,10uM,6h,liver,NA,NA,PJJFYUAXYSKODT-UHFFFAOYSA-N,"InChI=1S/C17H14O4/c1-19-11-7-8-16-13(9-11)14(18)10-17(21-16)12-5-3-4-6-15(12)20-2/h3-10H,1-2H3",18501,COc1ccc2OC(=CC(=O)c2c1)c3ccccc3OC,NA
Input,SCHEMBL618594,-0.26121878,InputSig,NA,NA,LINCSCP_86875,CD34,0.04uM,24h,bone marrow,NA,NA,KZLQLABUFJNPSZ-UHFFFAOYSA-N,"InChI=1S/C28H39N7O3/c1-18-15-25(36)34(3)23-17-29-28(32-26(23)35(18)21-7-5-6-8-21)31-22-10-9-19(16-24(22)38-4)27(37)30-20-11-13-33(2)14-12-20/h9-10,16-18,20-21H,5-8,11-15H2,1-4H3,(H,30,37)(H,29,31,32)",25573,COc1cc(ccc1Nc2ncc3N(C)C(=O)CC(C)N(C4CCCC4)c3n2)C(=O)NC5CCN(C)CC5,NA
Input,Khellin,-0.26095038,InputSig,NA,NA,LINCSCP_34314,MCF7,10uM,24h,breast,Vasodilator,NA,HSMPDPBYAYSOBC-UHFFFAOYSA-N,"InChI=1S/C14H12O5/c1-7-6-9(15)10-11(16-2)8-4-5-18-12(8)14(17-3)13(10)19-7/h4-6H,1-3H3",16432,COc1c2OC(=CC(=O)c2c(OC)c3ccoc13)C,NA
Input,CHEMBL2134537,-0.26079468,InputSig,NA,NA,LINCSCP_312023,VCAP,10uM,24h,prostate,NA,NA,NHGHJDDGJPIKGB-GNMOFYLKSA-N,"InChI=1S/C31H41F3N4O4/c1-20-16-38(21(2)19-39)29(40)25-10-7-11-26(36-30(41)35-24-8-5-4-6-9-24)28(25)42-27(20)18-37(3)17-22-12-14-23(15-13-22)31(32,33)34/h7,10-15,20-21,24,27,39H,4-6,8-9,16-19H2,1-3H3,(H2,35,36,41)/t20-,21-,27+/m1/s1",19711,C[C@H](CO)N1C[C@@H](C)[C@H](CN(C)Cc2ccc(cc2)C(F)(F)F)Oc3c(NC(=O)NC4CCCCC4)cccc3C1=O,NA
Input,ETHYLENEDIAMINE TETRACETATE TETRA-ETHANOLAMINE,-0.26044033,InputSig,NA,NA,LINCSCP_124770,HT29,3.33uM,24h,large intestine,NA,NA,KCXVZYZYPLLWCC-UHFFFAOYSA-N,"InChI=1S/C10H16N2O8/c13-7(14)3-11(4-8(15)16)1-2-12(5-9(17)18)6-10(19)20/h1-6H2,(H,13,14)(H,15,16)(H,17,18)(H,19,20)",26934,OC(=O)CN(CCN(CC(=O)O)CC(=O)O)CC(=O)O,3
Input,SCHEMBL3958507,-0.26042404,InputSig,NA,NA,LINCSCP_163497,SKBR3,0.04uM,24h,breast,Protein kinase inhibitor,COQ8B|EGFR,IMEGLYUXMGWVQA-UHFFFAOYSA-N,"InChI=1S/C26H32ClN7O4S/c1-15(2)39(36,37)21-7-5-4-6-19(21)30-25-22(27)23(28)32-26(33-25)31-18-9-8-17(14-20(18)38-3)34-12-10-16(11-13-34)24(29)35/h4-9,14-16H,10-13H2,1-3H3,(H2,29,35)(H4,28,30,31,32,33)",36401,COc1cc(ccc1Nc2nc(N)c(Cl)c(Nc3ccccc3S(=O)(=O)C(C)C)n2)N4CCC(CC4)C(=O)N,NA
Input,Carteolol,-0.2602774,InputSig,NA,NA,LINCSCP_284144,SKB,10uM,24h,NA,Adrenergic receptor antagonist,ADRB1|ADRB2|ADRB3,LWAFSWPYPHEXKX-UHFFFAOYSA-N,"InChI=1S/C16H24N2O3/c1-16(2,3)17-9-11(19)10-21-14-6-4-5-13-12(14)7-8-15(20)18-13/h4-6,11,17,19H,7-10H2,1-3H3,(H,18,20)",35372,CC(C)(C)NCC(O)COc1cccc2NC(=O)CCc12,4
Input,Dinoprost,-0.26022909,InputSig,NA,NA,LINCSCP_123313,HT29,10uM,24h,large intestine,Prostanoid FP receptor agonist,PTGFR,PXGPLTODNUVGFL-YNNPMVKQSA-N,"InChI=1S/C20H34O5/c1-2-3-6-9-15(21)12-13-17-16(18(22)14-19(17)23)10-7-4-5-8-11-20(24)25/h4,7,12-13,15-19,21-23H,2-3,5-6,8-11,14H2,1H3,(H,24,25)/b7-4-,13-12+/t15-,16+,17+,18-,19+/m0/s1",26799,CCCCC[C@H](O)\C=C\[C@H]1[C@H](O)C[C@H](O)[C@@H]1C\C=C/CCCC(=O)O,4
Input,331771-20-1,-0.26010797,InputSig,NA,NA,LINCSCP_87472,CD34,0.04uM,24h,bone marrow,Aurora kinase inhibitor,AURKA|AURKB,OGNYUTNQZVRGMN-UHFFFAOYSA-N,"InChI=1S/C29H31N5O4/c1-36-26-18-24-25(19-27(26)38-15-5-12-34-13-16-37-17-14-34)30-20-31-28(24)32-22-8-10-23(11-9-22)33-29(35)21-6-3-2-4-7-21/h2-4,6-11,18-20H,5,12-17H2,1H3,(H,33,35)(H,30,31,32)",37793,COc1cc2c(Nc3ccc(NC(=O)c4ccccc4)cc3)ncnc2cc1OCCCN5CCOCC5,NA
Input,Etanidazole,-0.25990633,InputSig,NA,NA,LINCSCP_176237,YAPC,0.12uM,24h,pancreas,Bacterial cell wall synthesis inhibitor,NA,WCDWBPCFGJXFJZ-UHFFFAOYSA-N,"InChI=1S/C7H10N4O4/c12-4-2-8-6(13)5-10-3-1-9-7(10)11(14)15/h1,3,12H,2,4-5H2,(H,8,13)",31098,OCCNC(=O)Cn1ccnc1[N+](=O)[O-],NA
Input,PENICILLIN V POTASSIUM,-0.25967305,InputSig,NA,NA,LINCSCP_93959,HA1E,0.04uM,24h,kidney epithelial,Bacterial penicillin-binding protein inhibitor,NA,BPLBGHOLXOTWMN-MBNYWOFBSA-N,"InChI=1S/C16H18N2O5S/c1-16(2)12(15(21)22)18-13(20)11(14(18)24-16)17-10(19)8-23-9-6-4-3-5-7-9/h3-7,11-12,14H,8H2,1-2H3,(H,17,19)(H,21,22)/t11-,12+,14-/m1/s1",26857,CC1(C)S[C@@H]2[C@H](NC(=O)COc3ccccc3)C(=O)N2[C@H]1C(=O)O,4
Input,"2-(4-(4-Chloro-1,2-diphenylbut-1-en-1-yl)phenoxy)-n,n-dimethylethanamine",-0.25954819,InputSig,NA,NA,LINCSCP_21012,HCC515,1.11uM,24h,lung,Estrogen receptor antagonist|Selective estrogen receptor modulator (SERM),ESR1,XFCLJVABOIYOMF-OCEACIFDSA-N,"InChI=1S/C26H28ClNO/c1-28(2)19-20-29-24-15-13-23(14-16-24)26(22-11-7-4-8-12-22)25(17-18-27)21-9-5-3-6-10-21/h3-16H,17-20H2,1-2H3/b26-25+",2344,CN(C)CCOc1ccc(cc1)\C(=C(/CCCl)\c2ccccc2)\c3ccccc3,NA
Input,Pimavanserin,-0.25928633,InputSig,NA,NA,LINCSCP_141352,MCF7,0.04uM,24h,breast,Serotonin 2a (5-HT2a) receptor inverse agonist (Serotonin 2a,HTR2A,RKEWSXXUOLRFBX-UHFFFAOYSA-N,"InChI=1S/C25H34FN3O2/c1-19(2)18-31-24-10-6-20(7-11-24)16-27-25(30)29(23-12-14-28(3)15-13-23)17-21-4-8-22(26)9-5-21/h4-11,19,23H,12-18H2,1-3H3,(H,27,30)",27160,CC(C)COc1ccc(CNC(=O)N(Cc2ccc(F)cc2)C3CCN(C)CC3)cc1,4
Input,CPI-613,-0.25891843,InputSig,NA,NA,LINCSCP_138325,MCF7,3.33uM,24h,breast,NA,NA,ZYRLHJIMTROTBO-UHFFFAOYSA-N,"InChI=1S/C22H28O2S2/c23-22(24)14-8-7-13-21(26-18-20-11-5-2-6-12-20)15-16-25-17-19-9-3-1-4-10-19/h1-6,9-12,21H,7-8,13-18H2,(H,23,24)",27073,OC(=O)CCCCC(CCSCc1ccccc1)SCc2ccccc2,NA
Input,KW-2449,-0.25887281,InputSig,NA,NA,LINCSCP_165381,SKL,0.04uM,24h,skeletal muscle,Serine/threonine-protein kinase Aurora-A inhibitor|Serine/threonine-protein kinase Aurora-B inhibitor|Tyrosine-protein kinase ABL inhibitor|Tyrosine-protein kinase receptor FLT3 inhibitor,ABL1|AURKA|AURKB|FLT3,YYLKKYCXAOBSRM-JXMROGBWSA-N,"InChI=1S/C20H20N4O/c25-20(24-13-11-21-12-14-24)16-8-5-15(6-9-16)7-10-19-17-3-1-2-4-18(17)22-23-19/h1-10,21H,11-14H2,(H,22,23)/b10-7+",16853,O=C(N1CCNCC1)c2ccc(\C=C\c3n[nH]c4ccccc34)cc2,1
Input,BRD-K94390774,-0.25879447,InputSig,NA,NA,LINCSCP_37498,MCF7,0.5uM,24h,breast,NA,NA,QCHQNBIYSRQADD-JLLPCOHGSA-N,"InChI=1S/C26H32F3N3O4/c27-26(28,29)20-3-1-2-19(12-20)14-32-15-21(33)16-35-17-24-23(32)5-4-22(36-24)13-25(34)31-11-8-18-6-9-30-10-7-18/h1-3,6-7,9-10,12,21-24,33H,4-5,8,11,13-17H2,(H,31,34)/t21-,22-,23+,24-/m1/s1",25318,O[C@H]1COC[C@H]2O[C@@H](CC(=O)NCCc3ccncc3)CC[C@@H]2N(Cc4cccc(c4)C(F)(F)F)C1,NA
Input,Alprostadil,-0.25869528,InputSig,NA,NA,LINCSCP_103777,HELA,1.11uM,24h,large intestine,Prostanoid EP1 receptor agonist|Prostanoid EP2 receptor agonist,PTGER1|PTGER2,GMVPRGQOIOIIMI-AIJKCLAYSA-N,"InChI=1S/C20H34O5/c1-2-3-6-9-15(21)12-13-17-16(18(22)14-19(17)23)10-7-4-5-8-11-20(24)25/h12-13,15-17,19,21,23H,2-11,14H2,1H3,(H,24,25)/b13-12+/t15-,16-,17-,19-/m0/s1",26730,CCCCC[C@H](O)\C=C\[C@@H]1[C@@H](O)CC(=O)[C@H]1CCCCCCC(=O)O,NA
Input,Alprostadil,-0.25869528,InputSig,NA,NA,LINCSCP_103777,HELA,1.11uM,24h,large intestine,Prostanoid EP1 receptor agonist|Prostanoid EP2 receptor agonist,PTGER1|PTGER2,GMVPRGQOIOIIMI-DWKJAMRDSA-N,"InChI=1S/C20H34O5/c1-2-3-6-9-15(21)12-13-17-16(18(22)14-19(17)23)10-7-4-5-8-11-20(24)25/h12-13,15-17,19,21,23H,2-11,14H2,1H3,(H,24,25)/b13-12+/t15-,16+,17+,19+/m0/s1",148,CCCCC[C@H](O)\C=C\[C@H]1[C@H](O)CC(=O)[C@@H]1CCCCCCC(=O)O,4
Input,BRD-K40655550,-0.25859416,InputSig,NA,NA,LINCSCP_65279,VCAP,10uM,24h,prostate,NA,NA,YXKXIPILDABBBC-WJZBITPESA-N,"InChI=1S/C24H37N3O2/c1-4-7-18-10-12-20(13-11-18)23-21(14-25-24(29)26-17(2)3)27(22(23)16-28)15-19-8-5-6-9-19/h4,7,10-13,17,19,21-23,28H,5-6,8-9,14-16H2,1-3H3,(H2,25,26,29)/b7-4+/t21-,22-,23-/m1/s1",25582,C\C=C\c1ccc(cc1)[C@H]2[C@@H](CO)N(CC3CCCC3)[C@@H]2CNC(=O)NC(C)C,NA
Input,Otamixaban,-0.2585376,InputSig,NA,NA,LINCSCP_124884,HT29,3.33uM,24h,large intestine,NA,NA,PFGVNLZDWRZPJW-OPAMFIHVSA-N,"InChI=1S/C25H26N4O4/c1-16(22(25(31)33-2)15-17-4-3-5-21(14-17)23(26)27)28-24(30)20-8-6-18(7-9-20)19-10-12-29(32)13-11-19/h3-14,16,22H,15H2,1-2H3,(H3,26,27)(H,28,30)/t16-,22-/m1/s1",27019,COC(=O)[C@H](Cc1cccc(c1)C(=N)N)[C@@H](C)NC(=O)c2ccc(cc2)c3cc[n+]([O-])cc3,3
Input,AZ628,-0.25843273,InputSig,NA,NA,LINCSCP_51552,SKBR3,0.5uM,6h,breast,RAF inhibitor,BRAF|RAF1,ZGBGPEDJXCYQPH-UHFFFAOYSA-N,"InChI=1S/C27H25N5O2/c1-17-8-9-21(31-25(33)18-6-5-7-19(12-18)27(2,3)15-28)14-24(17)30-20-10-11-23-22(13-20)26(34)32(4)16-29-23/h5-14,16,30H,1-4H3,(H,31,33)",15125,CN1C=Nc2ccc(Nc3cc(NC(=O)c4cccc(c4)C(C)(C)C#N)ccc3C)cc2C1=O,NA
Input,F0566-0457,-0.25817722,InputSig,NA,NA,LINCSCP_23318,HEPG2,3uM,24h,liver,NA,NA,LRMNDYRYUUHVHN-XTQSDGFTSA-N,"InChI=1S/C21H22ClN3O4S2/c1-13-11-25(12-14(2)29-13)31(27,28)16-9-7-15(8-10-16)20(26)23-21-24(3)19-17(22)5-4-6-18(19)30-21/h4-10,13-14H,11-12H2,1-3H3/b23-21+",23463,CC1CN(CC(C)O1)S(=O)(=O)c2ccc(cc2)C(=O)N=C3Sc4cccc(Cl)c4N3C,NA
Input,MLS001116217,-0.25817457,InputSig,NA,NA,LINCSCP_46231,PC3,10uM,24h,prostate,NA,NA,KQXGUMFOKFQRCK-UHFFFAOYSA-N,"InChI=1S/C16H14ClN5O3S2/c1-2-12-21-22-15(26-12)20-14(23)13-11(17)8-18-16(19-13)27(24,25)9-10-6-4-3-5-7-10/h3-8H,2,9H2,1H3,(H,20,22,23)",23398,CCc1nnc(NC(=O)c2nc(ncc2Cl)S(=O)(=O)Cc3ccccc3)s1,NA
Input,BRD-K63513868,-0.25800826,InputSig,NA,NA,LINCSCP_12383,CD34,1uM,24h,bone marrow,NA,NA,VWKSSDHHKFBLKY-UHFFFAOYSA-N,"InChI=1S/C21H18N2O/c1-16-6-5-13-23-14-19(22-21(16)23)15-24-20-11-9-18(10-12-20)17-7-3-2-4-8-17/h2-14H,15H2,1H3",26535,Cc1cccn2cc(COc3ccc(cc3)c4ccccc4)nc12,NA
Input,Targinine,-0.25797835,InputSig,NA,NA,LINCSCP_122749,HT29,0.37uM,24h,large intestine,NA,NA,NTNWOCRCBQPEKQ-YFKPBYRVSA-N,"InChI=1S/C7H16N4O2/c1-10-7(9)11-4-2-3-5(8)6(12)13/h5H,2-4,8H2,1H3,(H,12,13)(H3,9,10,11)/t5-/m0/s1",28,CN=C(N)NCCC[C@H](N)C(=O)O,3
Input,BRD-K21387011,-0.25779542,InputSig,NA,NA,LINCSCP_65602,VCAP,10uM,24h,prostate,NA,NA,NPRRWKGRZALGNG-MSZDEVHKSA-N,"InChI=1S/C30H47F3N4O6/c1-19(2)34-29(41)35-23-10-11-25-24(15-23)28(40)37(21(4)18-38)16-20(3)26(42-14-8-7-9-22(5)43-25)17-36(6)27(39)12-13-30(31,32)33/h10-11,15,19-22,26,38H,7-9,12-14,16-18H2,1-6H3,(H2,34,35,41)/t20-,21+,22-,26-/m0/s1",5000,CC(C)NC(=O)Nc1ccc2O[C@@H](C)CCCCO[C@@H](CN(C)C(=O)CCC(F)(F)F)[C@@H](C)CN([C@H](C)CO)C(=O)c2c1,NA
Input,Minoxidil,-0.25739032,InputSig,NA,NA,LINCSCP_74817,A375,0.04uM,24h,skin,KATP activator|Kir6 channel (KATP) activator|Vasodilator,ABCC9|KCNJ11|KCNJ8,ZFMITUMMTDLWHR-UHFFFAOYSA-N,"InChI=1S/C9H15N5O/c10-7-6-8(12-9(11)14(7)15)13-4-2-1-3-5-13/h6H,1-5,10H2,(H2,11,12)",35491,Nc1cc(nc(N)[n+]1[O-])N2CCCCC2,4
Input,Birinapant,-0.2573641,InputSig,NA,NA,LINCSCP_97010,HA1E,0.37uM,24h,kidney epithelial,cIAP1/cIAP2 inhibitor,BIRC2|BIRC3,PKWRMUKBEYJEIX-DXXQBUJASA-N,"InChI=1S/C42H56F2N8O6/c1-7-33(49-39(55)21(3)45-5)41(57)51-19-27(53)15-25(51)17-31-29-11-9-23(43)13-35(29)47-37(31)38-32(30-12-10-24(44)14-36(30)48-38)18-26-16-28(54)20-52(26)42(58)34(8-2)50-40(56)22(4)46-6/h9-14,21-22,25-28,33-34,45-48,53-54H,7-8,15-20H2,1-6H3,(H,49,55)(H,50,56)/t21-,22-,25-,26-,27-,28-,33-,34-/m0/s1",27058,CC[C@H](NC(=O)[C@H](C)NC)C(=O)N1C[C@@H](O)C[C@H]1Cc2c([nH]c3cc(F)ccc23)c4[nH]c5cc(F)ccc5c4C[C@@H]6C[C@H](O)CN6C(=O)[C@H](CC)NC(=O)[C@H](C)NC,2
Input,Ponatinib,-0.25721501,InputSig,NA,NA,LINCSCP_251766,MCF7,0.1uM,24h,breast,Bcr-Abl kinase inhibitor|FLT3 inhibitor|PDGFR tyrosine kinase receptor inhibitor,ABL1|BCR|FGFR1|FGFR2|FGFR3|FGFR4|FLT3|KIT|RET|TEK,PHXJVRSECIGDHY-UHFFFAOYSA-N,"InChI=1S/C29H27F3N6O/c1-20-5-6-22(16-21(20)8-10-25-18-33-27-4-3-11-34-38(25)27)28(39)35-24-9-7-23(26(17-24)29(30,31)32)19-37-14-12-36(2)13-15-37/h3-7,9,11,16-18H,12-15,19H2,1-2H3,(H,35,39)",35287,CN1CCN(Cc2ccc(NC(=O)c3ccc(C)c(c3)C#Cc4cnc5cccnn45)cc2C(F)(F)F)CC1,4
Input,MLS003650114,-0.25712354,InputSig,NA,NA,LINCSCP_312152,VCAP,10uM,6h,prostate,NA,NA,VYCGBAYEGCCJIH-SGKWCMOWSA-N,"InChI=1S/C25H29ClF2N2O4/c26-18-3-1-16(2-4-18)11-29-25(32)10-21-6-8-23-24(34-21)15-33-14-20(31)13-30(23)12-17-9-19(27)5-7-22(17)28/h1-5,7,9,20-21,23-24,31H,6,8,10-15H2,(H,29,32)/t20-,21+,23-,24+/m0/s1",37453,O[C@@H]1COC[C@H]2O[C@@H](CC(=O)NCc3ccc(Cl)cc3)CC[C@@H]2N(Cc4cc(F)ccc4F)C1,NA
Input,BRD-K49441594,-0.25683662,InputSig,NA,NA,LINCSCP_65656,VCAP,10uM,24h,prostate,NA,NA,KRBOYVJOHNAAFC-LIIBOVGXSA-N,"InChI=1S/C33H39N5O3S/c1-33(2,3)42(41)38-22-27-20-28(32(40)35-14-17-37-15-4-5-16-37)36-31(30(27)29(38)13-18-39)26-8-6-7-25(19-26)24-11-9-23(21-34)10-12-24/h6-12,19-20,29,39H,4-5,13-18,22H2,1-3H3,(H,35,40)/t29-,42-/m1/s1",38242,CC(C)(C)[S@@](=O)N1Cc2cc(nc(c3cccc(c3)c4ccc(cc4)C#N)c2[C@H]1CCO)C(=O)NCCN5CCCC5,NA
Input,BRD-K81826010,-0.256615,InputSig,NA,NA,LINCSCP_50509,PHH,3uM,6h,NA,NA,NA,KUAQBUHJEIVZQC-OPHFCASCSA-N,"InChI=1S/C28H35N5O5/c1-33-23-9-8-20(14-26(34)31-15-18-5-3-2-4-6-18)38-25(23)17-37-24-10-7-19(13-21(24)28(33)36)32-27(35)22-16-29-11-12-30-22/h7,10-13,16,18,20,23,25H,2-6,8-9,14-15,17H2,1H3,(H,31,34)(H,32,35)/t20-,23-,25-/m0/s1",1838,CN1[C@H]2CC[C@@H](CC(=O)NCC3CCCCC3)O[C@H]2COc4ccc(NC(=O)c5cnccn5)cc4C1=O,NA
Input,Gliquidone,-0.25619163,InputSig,NA,NA,LINCSCP_108338,HELA,0.37uM,24h,large intestine,Sulfonylurea,ABCC8,LLJFMFZYVVLQKT-UHFFFAOYSA-N,"InChI=1S/C27H33N3O6S/c1-27(2)23-14-11-20(36-3)17-22(23)24(31)30(25(27)32)16-15-18-9-12-21(13-10-18)37(34,35)29-26(33)28-19-7-5-4-6-8-19/h9-14,17,19H,4-8,15-16H2,1-3H3,(H2,28,29,33)",36042,COc1ccc2c(c1)C(=O)N(CCc3ccc(cc3)S(=O)(=O)NC(=O)NC4CCCCC4)C(=O)C2(C)C,4
Input,Imiloxan,-0.25618539,InputSig,NA,NA,LINCSCP_102835,HELA,0.12uM,24h,large intestine,Adrenergic receptor antagonist,ADRA2A|ADRA2B,UXABARREKCJULM-UHFFFAOYSA-N,"InChI=1S/C14H16N2O2/c1-2-16-8-7-15-14(16)9-11-10-17-12-5-3-4-6-13(12)18-11/h3-8,11H,2,9-10H2,1H3",35325,CCn1ccnc1CC2COc3ccccc3O2,NA
Input,"Cyclohexanecarboxamide, 4-(1-aminoethyl)-n-4-pyridinyl-, trans-",-0.25598394,InputSig,NA,NA,LINCSCP_158384,PC3,0.04uM,24h,prostate,Rho associated kinase inhibitor,ROCK1|ROCK2,IYOZTVGMEWJPKR-UHFFFAOYSA-N,"InChI=1S/C14H21N3O/c1-10(15)11-2-4-12(5-3-11)14(18)17-13-6-8-16-9-7-13/h6-12H,2-5,15H2,1H3,(H,16,17,18)",17524,CC(N)C1CCC(CC1)C(=O)Nc2ccncc2,NA
Input,Narciclasine,-0.25580119,InputSig,NA,NA,LINCSCP_9809,A549,0.1uM,6h,lung,Coflilin signaling pathway activator|LIM kinase activator|Rho associated kinase activator,RHOA,LZAZURSABQIKGB-AEKGRLRDSA-N,"InChI=1S/C14H13NO7/c16-6-1-5-4-2-7-13(22-3-21-7)11(18)8(4)14(20)15-9(5)12(19)10(6)17/h1-2,6,9-10,12,16-19H,3H2,(H,15,20)/t6-,9+,10+,12-/m0/s1",36322,O[C@H]1C=C2[C@@H](NC(=O)c3c(O)c4OCOc4cc23)[C@H](O)[C@@H]1O,NA
Input,Elvitegravir,-0.25577952,InputSig,NA,NA,LINCSCP_103514,HELA,1.11uM,24h,large intestine,HIV integrase inhibitor,NA,JUZYLCPPVHEVSV-LJQANCHMSA-N,"InChI=1S/C23H23ClFNO5/c1-12(2)19(11-27)26-10-16(23(29)30)22(28)15-8-14(20(31-3)9-18(15)26)7-13-5-4-6-17(24)21(13)25/h4-6,8-10,12,19,27H,7,11H2,1-3H3,(H,29,30)/t19-/m1/s1",16366,COc1cc2N(C=C(C(=O)O)C(=O)c2cc1Cc3cccc(Cl)c3F)[C@H](CO)C(C)C,4
Input,Balicatib,-0.25565794,InputSig,NA,NA,LINCSCP_72437,A375,1.11uM,24h,skin,NA,NA,LLCRBOWRJOUJAE-UHFFFAOYSA-N,"InChI=1S/C23H33N5O2/c1-2-14-27-15-17-28(18-16-27)20-8-6-19(7-9-20)21(29)26-23(10-4-3-5-11-23)22(30)25-13-12-24/h6-9H,2-5,10-11,13-18H2,1H3,(H,25,30)(H,26,29)",26847,CCCN1CCN(CC1)c2ccc(cc2)C(=O)NC3(CCCCC3)C(=O)NCC#N,2
Input,C21H27N7O3,-0.25553608,InputSig,NA,NA,LINCSCP_39513,MDAMB231,10uM,6h,NA,AKT inhibitor,AKT1|AKT2|AKT3|PRKCQ,KGPGFQWBCSZGEL-UHFFFAOYSA-N,"InChI=1S/C21H27N7O3/c1-4-28-18-15(30-12-13-6-5-9-23-10-13)11-24-14(7-8-21(2,3)29)16(18)25-20(28)17-19(22)27-31-26-17/h11,13,23,29H,4-6,9-10,12H2,1-3H3,(H2,22,27)",17523,CCn1c(nc2c(ncc(OCC3CCCNC3)c12)C#CC(C)(C)O)c4nonc4N,NA
Input,CP-724714,-0.25547243,InputSig,NA,NA,LINCSCP_22418,HEPG2,10uM,6h,liver,EGFR inhibitor|Tyrosine kinase inhibitor,ERBB2,LLVZBTWPGQVVLW-SNAWJCMRSA-N,"InChI=1S/C27H27N5O3/c1-18-13-21(8-11-25(18)35-22-9-6-19(2)29-15-22)32-27-23-14-20(7-10-24(23)30-17-31-27)5-4-12-28-26(33)16-34-3/h4-11,13-15,17H,12,16H2,1-3H3,(H,28,33)(H,30,31,32)/b5-4+",17229,COCC(=O)NC\C=C\c1ccc2ncnc(Nc3ccc(Oc4ccc(C)nc4)c(C)c3)c2c1,2
Input,Glycodeoxycholate,-0.25532885,InputSig,NA,NA,LINCSCP_16689,HA1E,10uM,6h,kidney epithelial,Apoptosis stimulant,NA,WVULKSPCQVQLCU-BUXLTGKBSA-N,"InChI=1S/C26H43NO5/c1-15(4-9-23(30)27-14-24(31)32)19-7-8-20-18-6-5-16-12-17(28)10-11-25(16,2)21(18)13-22(29)26(19,20)3/h15-22,28-29H,4-14H2,1-3H3,(H,27,30)(H,31,32)/t15-,16-,17-,18+,19-,20+,21+,22+,25+,26-/m1/s1",36526,C[C@H](CCC(=O)NCC(=O)O)[C@H]1CC[C@H]2[C@@H]3CC[C@@H]4C[C@H](O)CC[C@]4(C)[C@H]3C[C@H](O)[C@]12C,NA
Input,Navitoclax,-0.25506854,InputSig,NA,NA,LINCSCP_97198,HA1E,0.04uM,24h,kidney epithelial,BCL inhibitor,BCL2|BCL2L1|BCL2L2,JLYAXFNOILIKPP-KXQOOQHDSA-N,"InChI=1S/C47H55ClF3N5O6S3/c1-46(2)20-18-42(34-8-12-37(48)13-9-34)36(31-46)32-55-22-24-56(25-23-55)39-14-10-35(11-15-39)45(57)53-65(60,61)41-16-17-43(44(30-41)64(58,59)47(49,50)51)52-38(19-21-54-26-28-62-29-27-54)33-63-40-6-4-3-5-7-40/h3-17,30,38,52H,18-29,31-33H2,1-2H3,(H,53,57)/t38-/m1/s1",16188,CC1(C)CCC(=C(CN2CCN(CC2)c3ccc(cc3)C(=O)NS(=O)(=O)c4ccc(N[C@H](CCN5CCOCC5)CSc6ccccc6)c(c4)S(=O)(=O)C(F)(F)F)C1)c7ccc(Cl)cc7,2
Input,clobetasol,-0.25497585,InputSig,NA,NA,LINCSCP_103884,HELA,3.33uM,24h,large intestine,Glucocorticoid receptor agonist,NR3C1,NA,NA,NA,NA,NA
Input,BRD-K07922534,-0.25495055,InputSig,NA,NA,LINCSCP_65397,VCAP,10uM,6h,prostate,NA,NA,MGOWLZBQMGKWLP-YDIMBITNSA-N,"InChI=1S/C25H33N3O4S/c1-5-12-27(4)16-24-18(2)15-28(19(3)17-29)33(30,31)25-11-10-22(13-23(25)32-24)21-8-6-20(14-26)7-9-21/h6-11,13,18-19,24,29H,5,12,15-17H2,1-4H3/t18-,19+,24-/m1/s1",9358,CCCN(C)C[C@H]1Oc2cc(ccc2S(=O)(=O)N(C[C@H]1C)[C@@H](C)CO)c3ccc(cc3)C#N,NA
Input,Veliparib (ABT-888),-0.2548599,InputSig,NA,NA,LINCSCP_137784,MCF7,10uM,24h,breast,NA,NA,JNAHVYVRKWKWKQ-ZDUSSCGKSA-N,"InChI=1S/C13H16N4O/c1-13(6-3-7-15-13)12-16-9-5-2-4-8(11(14)18)10(9)17-12/h2,4-5,15H,3,6-7H2,1H3,(H2,14,18)(H,16,17)/t13-/m0/s1",27005,C[C@]1(CCCN1)c2nc3c(cccc3[nH]2)C(=O)N,NA
Input,SCHEMBL7531261,-0.25465571,InputSig,NA,NA,LINCSCP_13012,FIBRNPC,10uM,24h,NA,Adenosine receptor agonist,NA,ZUEJJBKBTNSMGJ-VHBSBENZSA-N,"InChI=1S/C16H17N5O7S/c22-5-10-12(23)13(24)16(28-10)21-7-19-11-14(17-6-18-15(11)21)20-8-1-3-9(4-2-8)29(25,26)27/h1-4,6-7,10,12-13,16,22-24H,5H2,(H,17,18,20)(H,25,26,27)/t10-,12?,13?,16-/m1/s1",11538,OC[C@H]1O[C@H](C(O)C1O)n2cnc3c(Nc4ccc(cc4)S(=O)(=O)O)ncnc23,NA
Input,Ambroxol,-0.25441499,InputSig,NA,NA,LINCSCP_94007,HA1E,0.04uM,24h,kidney epithelial,Sodium channel blocker,CYP3A4,JBDGDEWWOUBZPM-XYPYZODXSA-N,"InChI=1S/C13H18Br2N2O/c14-9-5-8(13(16)12(15)6-9)7-17-10-1-3-11(18)4-2-10/h5-6,10-11,17-18H,1-4,7,16H2/t10-,11-",15754,Nc1c(Br)cc(Br)cc1CN[C@@H]2CC[C@@H](O)CC2,3
Input,CHEMBL552425,-0.25435073,InputSig,NA,NA,LINCSCP_100088,HCC515,0.12uM,24h,lung,Ephrin inhibitor,DDR1,SAAYRHKJHDIDPH-UHFFFAOYSA-N,"InChI=1S/C21H17F3N4O2/c1-12-5-6-13(8-18(12)27-17-7-14(19(25)29)10-26-11-17)20(30)28-16-4-2-3-15(9-16)21(22,23)24/h2-11,27H,1H3,(H2,25,29)(H,28,30)",36796,Cc1ccc(cc1Nc2cncc(c2)C(=O)N)C(=O)Nc3cccc(c3)C(F)(F)F,NA
Input,BIBR-1532,-0.25413344,InputSig,NA,NA,LINCSCP_54736,T3M10,80uM,6h,lung,Telomerase inhibitor,TERT,PGFQXGLPJUCTOI-WYMLVPIESA-N,"InChI=1S/C21H17NO3/c1-14(16-11-10-15-6-2-3-7-17(15)13-16)12-20(23)22-19-9-5-4-8-18(19)21(24)25/h2-13H,1H3,(H,22,23)(H,24,25)/b14-12+",17071,C\C(=C/C(=O)Nc1ccccc1C(=O)O)\c2ccc3ccccc3c2,NA
Input,CHEMBL3186197,-0.25364846,InputSig,NA,NA,LINCSCP_209999,HA1E,10uM,6h,kidney epithelial,IGF-1 inhibitor,IGF1R|INSR,RGLPLEBXLNEXKU-UHFFFAOYSA-N,"InChI=1S/C27H25N5/c1-27(2)15-20(16-27)26-31-23(24-25(28)29-12-13-32(24)26)19-9-8-18-10-11-21(30-22(18)14-19)17-6-4-3-5-7-17/h3-14,20H,15-16H2,1-2H3,(H2,28,29)",36681,CC1(C)CC(C1)c2nc(c3ccc4ccc(nc4c3)c5ccccc5)c6c(N)nccn26,NA
Input,Dipivefrin,-0.25362945,InputSig,NA,NA,LINCSCP_209465,HA1E,10uM,24h,kidney epithelial,Adrenergic receptor agonist,ADRA1A|ADRA1B|ADRA1D|ADRA2A|ADRA2B|ADRA2C|ADRB1|ADRB2|ADRB3,OCUJLLGVOUDECM-UHFFFAOYSA-N,"InChI=1S/C19H29NO5/c1-18(2,3)16(22)24-14-9-8-12(13(21)11-20-7)10-15(14)25-17(23)19(4,5)6/h8-10,13,20-21H,11H2,1-7H3",15254,CNCC(O)c1ccc(OC(=O)C(C)(C)C)c(OC(=O)C(C)(C)C)c1,4
Input,AS-605240,-0.2535341,InputSig,NA,NA,LINCSCP_54234,SW620,10uM,6h,large intestine,PI3K inhibitor,PIK3CG,SQWZFLMPDUSYGV-UXBLZVDNSA-N,"InChI=1S/C12H7N3O2S/c16-11-10(18-12(17)15-11)6-7-1-2-8-9(5-7)14-4-3-13-8/h1-6H,(H,15,16,17)/b10-6+",22116,O=C1NC(=O)\C(=C/c2ccc3nccnc3c2)\S1,NA
Input,CHEMBL398733,-0.25336582,InputSig,NA,NA,LINCSCP_294567,VCAP,10uM,6h,prostate,NA,NA,APIXJNPBVWBSKY-GOSISDBHSA-N,"InChI=1S/C20H22FN3O2S/c1-14-2-4-17(21)11-20(14)27(25,26)23-18-7-9-24(13-18)12-15-3-5-19-16(10-15)6-8-22-19/h2-6,8,10-11,18,22-23H,7,9,12-13H2,1H3/t18-/m1/s1",36262,Cc1ccc(F)cc1S(=O)(=O)N[C@@H]2CCN(Cc3ccc4[nH]ccc4c3)C2,NA
Input,FPL-55712,-0.25316775,InputSig,NA,NA,LINCSCP_175809,YAPC,3.33uM,24h,pancreas,Leukotriene receptor antagonist,NA,LMQBMWHHGVZWMR-UHFFFAOYSA-N,"InChI=1S/C27H30O9/c1-4-6-19-22(10-8-17(15(3)28)25(19)31)34-13-16(29)14-35-23-11-9-18-21(30)12-24(27(32)33)36-26(18)20(23)7-5-2/h8-12,16,29,31H,4-7,13-14H2,1-3H3,(H,32,33)",15345,CCCc1c(O)c(ccc1OCC(O)COc2ccc3C(=O)C=C(Oc3c2CCC)C(=O)O)C(=O)C,NA
Input,BRD-K38044934,-0.25300367,InputSig,NA,NA,LINCSCP_48656,PC3,0.5uM,6h,prostate,NA,NA,QSEJYNGOCYTBNI-IPVFLDMMSA-N,"InChI=1S/C27H37N3O4S/c1-20-16-30(21(2)19-31)35(32,33)27-13-12-23(22-9-5-4-6-10-22)15-25(27)34-26(20)18-29(3)17-24-11-7-8-14-28-24/h7-9,11-15,20-21,26,31H,4-6,10,16-19H2,1-3H3/t20-,21-,26-/m1/s1",32682,C[C@H](CO)N1C[C@@H](C)[C@@H](CN(C)Cc2ccccn2)Oc3cc(ccc3S1(=O)=O)C4=CCCCC4,NA
Input,CHEMBL2358082,-0.25298514,InputSig,NA,NA,LINCSCP_61681,VCAP,5uM,6h,prostate,NA,NA,YAQCSVWFCUIVLJ-UNVFRBQDSA-N,"InChI=1S/C30H37N3O4/c1-19-15-33(20(2)17-34)30(36)28-27(24-11-7-8-12-25(24)32(28)4)23-10-6-5-9-22(23)18-37-26(19)16-31(3)29(35)21-13-14-21/h5-12,19-21,26,34H,13-18H2,1-4H3/t19-,20+,26-/m0/s1",38805,C[C@H](CO)N1C[C@H](C)[C@H](CN(C)C(=O)C2CC2)OCc3ccccc3c4c(C1=O)n(C)c5ccccc45,NA
Input,FPH2,-0.25278173,InputSig,NA,NA,LINCSCP_27347,HT29,10uM,6h,large intestine,NA,NA,PCHRYHSDDPPZBV-UHFFFAOYSA-N,"InChI=1S/C14H16ClN5O2S/c1-3-20-7-10(12(19-20)13(16)21)18-14(23)17-9-6-8(15)4-5-11(9)22-2/h4-7H,3H2,1-2H3,(H2,16,21)(H2,17,18,23)",25330,CCn1cc(NC(=S)Nc2cc(Cl)ccc2OC)c(n1)C(=O)N,NA
Input,N-Benzylquinazolin-4-amine,-0.25276837,InputSig,NA,NA,LINCSCP_15052,HA1E,10uM,24h,kidney epithelial,EGFR inhibitor,NA,FVWANTDQRFSCAL-UHFFFAOYSA-N,"InChI=1S/C15H13N3/c1-2-6-12(7-3-1)10-16-15-13-8-4-5-9-14(13)17-11-18-15/h1-9,11H,10H2,(H,16,17,18)",14126,C(Nc1ncnc2ccccc12)c3ccccc3,NA
Input,Erlotinib,-0.25268028,InputSig,NA,NA,LINCSCP_132124,MCF7,0.12uM,24h,breast,EGFR inhibitor,EGFR,AAKJLRGGTJKAMG-UHFFFAOYSA-N,"InChI=1S/C22H23N3O4/c1-4-16-6-5-7-17(12-16)25-22-18-13-20(28-10-8-26-2)21(29-11-9-27-3)14-19(18)23-15-24-22/h1,5-7,12-15H,8-11H2,2-3H3,(H,23,24,25)",4277,COCCOc1cc2ncnc(Nc3cccc(c3)C#C)c2cc1OCCOC,4
Input,AC1MFZU7,-0.2526454,InputSig,NA,NA,LINCSCP_10978,ASC,10uM,24h,adipose,NA,NA,TZLQDAXJSITRIB-UHFFFAOYSA-N,"InChI=1S/C18H14N2O3S/c1-23-12-7-8-14-15(10-12)24-18-19-16(21)13(17(22)20(14)18)9-11-5-3-2-4-6-11/h2-8,10,13H,9H2,1H3",1385,COc1ccc2N3C(=NC(=O)C(Cc4ccccc4)C3=O)Sc2c1,NA
Input,Avasimibe,-0.2525477,InputSig,NA,NA,LINCSCP_97218,HA1E,3.33uM,24h,kidney epithelial,NA,NA,PTQXTEKSNBVPQJ-UHFFFAOYSA-N,"InChI=1S/C29H43NO4S/c1-17(2)22-14-25(20(7)8)27(26(15-22)21(9)10)16-28(31)30-35(32,33)34-29-23(18(3)4)12-11-13-24(29)19(5)6/h11-15,17-21H,16H2,1-10H3,(H,30,31)",26617,CC(C)c1cc(C(C)C)c(CC(=O)NS(=O)(=O)Oc2c(cccc2C(C)C)C(C)C)c(c1)C(C)C,NA
Input,38194-50-2,-0.25238216,InputSig,NA,NA,LINCSCP_176450,A375,0.1uM,6h,skin,Cyclooxygenase inhibitor,AKR1B1|PTGS1|PTGS2,MLKXDPUZXIRXEP-UHFFFAOYSA-N,"InChI=1S/C20H17FO3S/c1-12-17(9-13-3-6-15(7-4-13)25(2)24)16-8-5-14(21)10-19(16)18(12)11-20(22)23/h3-10H,11H2,1-2H3,(H,22,23)",38553,CC1=C(CC(=O)O)c2cc(F)ccc2C1=Cc3ccc(cc3)S(=O)C,NA
Input,Nesbuvir,-0.25228125,InputSig,NA,NA,LINCSCP_161683,PC3,0.04uM,24h,prostate,NA,NA,WTDWVLJJJOTABN-UHFFFAOYSA-N,"InChI=1S/C22H23FN2O5S/c1-24-22(27)20-17-11-16(13-3-4-13)18(25(9-10-26)31(2,28)29)12-19(17)30-21(20)14-5-7-15(23)8-6-14/h5-8,11-13,26H,3-4,9-10H2,1-2H3,(H,24,27)",26870,CNC(=O)c1c(oc2cc(N(CCO)S(=O)(=O)C)c(cc12)C3CC3)c4ccc(F)cc4,2
Input,TH-302,-0.25214405,InputSig,NA,NA,LINCSCP_103087,HELA,10uM,24h,large intestine,NA,NA,UGJWRPJDTDGERK-UHFFFAOYSA-N,"InChI=1S/C9H16Br2N5O4P/c1-15-8(6-12-9(15)16(17)18)7-20-21(19,13-4-2-10)14-5-3-11/h6H,2-5,7H2,1H3,(H2,13,14,19)",27119,Cn1c(COP(=O)(NCCBr)NCCBr)cnc1[N+](=O)[O-],3
Input,Iodoacetic acid,-0.25172826,InputSig,NA,NA,LINCSCP_8072,A549,10uM,6h,lung,Cysteine peptidase inhibitor,NA,JDNTWHVOXJZDSN-UHFFFAOYSA-N,"InChI=1S/C2H3IO2/c3-1-2(4)5/h1H2,(H,4,5)",36552,OC(=O)CI,NA
Input,SPECTRUM_001418,-0.2515162,InputSig,NA,NA,LINCSCP_105905,HELA,1.11uM,24h,large intestine,Adrenergic receptor agonist,ADRB2,IOVGROKTTNBUGK-UHFFFAOYSA-N,"InChI=1S/C17H21NO3/c1-12(17(21)14-4-8-16(20)9-5-14)18-11-10-13-2-6-15(19)7-3-13/h2-9,12,17-21H,10-11H2,1H3",35394,CC(NCCc1ccc(O)cc1)C(O)c2ccc(O)cc2,NA
Input,MLS-0315872.0001,-0.251491,InputSig,NA,NA,LINCSCP_32103,MCF7,10uM,24h,breast,NA,NA,LTQXESHHKQUOEG-UHFFFAOYSA-N,"InChI=1S/C16H15N3O2/c1-2-19-13-9-5-3-7-11(13)16(15(19)20)18-17-12-8-4-6-10-14(12)21-16/h3-10,17-18H,2H2,1H3",18357,CCN1C(=O)C2(NNc3ccccc3O2)c4ccccc14,NA
Input,Celecoxib,-0.25147105,InputSig,NA,NA,LINCSCP_26807,HT29,10uM,6h,large intestine,Cyclooxygenase inhibitor,PTGS2,RZEKVGVHFLEQIL-UHFFFAOYSA-N,"InChI=1S/C17H14F3N3O2S/c1-11-2-4-12(5-3-11)15-10-16(17(18,19)20)22-23(15)13-6-8-14(9-7-13)26(21,24)25/h2-10H,1H3,(H2,21,24,25)",15375,Cc1ccc(cc1)c2cc(nn2c3ccc(cc3)S(=O)(=O)N)C(F)(F)F,4
Input,Donitriptan hydrochloride,-0.25130475,InputSig,NA,NA,LINCSCP_74041,A375,3.33uM,24h,skin,G protein-coupled receptor 44 antagonist|Serotonin 1b (5-HT1b) receptor agonist (Serotonin 1b|Serotonin 1d (5-HT1d) receptor agonist (Serotonin 1d,HTR1B|HTR1D|PTGDR2,SOHCKWZVTCTQBG-UHFFFAOYSA-N,"InChI=1S/C23H25N5O2/c24-8-7-18-15-26-22-6-5-20(13-21(18)22)30-16-23(29)28-11-9-27(10-12-28)19-3-1-17(14-25)2-4-19/h1-6,13,15,26H,7-12,16,24H2",26630,NCCc1c[nH]c2ccc(OCC(=O)N3CCN(CC3)c4ccc(cc4)C#N)cc12,2
Input,AVN-944,-0.25124685,InputSig,NA,NA,LINCSCP_158828,PC3,0.04uM,24h,prostate,NA,NA,GYCPCOJTCINIFZ-OXJNMPFZSA-N,"InChI=1S/C25H27N5O5/c1-4-20(10-11-26)35-25(32)28-16(2)17-6-5-7-18(12-17)29-24(31)30-19-8-9-21(22(13-19)33-3)23-14-27-15-34-23/h5-9,12-16,20H,4,10H2,1-3H3,(H,28,32)(H2,29,30,31)/t16-,20+/m0/s1",26710,CC[C@H](CC#N)OC(=O)N[C@@H](C)c1cccc(NC(=O)Nc2ccc(c(OC)c2)c3ocnc3)c1,NA
Input,MLS002276484,-0.25108189,InputSig,NA,NA,LINCSCP_25907,HT29,10uM,24h,large intestine,NA,NA,RCXFLVFXWDZVMN-UHFFFAOYSA-N,"InChI=1S/C23H20N4O/c1-26-10-9-18-12-16(6-8-22(18)26)17-5-7-21-20(13-17)23(25-15-24-21)27(2)14-19-4-3-11-28-19/h3-13,15H,14H2,1-2H3",3313,CN(Cc1occc1)c2ncnc3ccc(cc23)c4ccc5c(ccn5C)c4,NA
Input,Amuvatinib,-0.25105991,InputSig,NA,NA,LINCSCP_95679,HA1E,3.33uM,24h,kidney epithelial,FLT3 inhibitor|KIT inhibitor|PDGFR tyrosine kinase receptor inhibitor|RAD51 inhibitor|RET tyrosine kinase inhibitor,FLT3|KIT|MET|PDGFRA,FOFDIMHVKGYHRU-UHFFFAOYSA-N,"InChI=1S/C23H21N5O3S/c32-23(24-12-15-5-6-18-19(11-15)30-14-29-18)28-9-7-27(8-10-28)22-21-20(25-13-26-22)16-3-1-2-4-17(16)31-21/h1-6,11,13H,7-10,12,14H2,(H,24,32)",17514,S=C(NCc1ccc2OCOc2c1)N3CCN(CC3)c4ncnc5c4oc6ccccc56,2
Input,SA-102787,-0.25103417,InputSig,NA,NA,LINCSCP_253527,MCF7,0.5uM,24h,breast,NA,NA,CQAPGXQILCXECR-QUULSXEQSA-N,"InChI=1S/C34H59N5O6/c1-25-22-39(26(2)24-40)34(43)29-21-28(35-32(41)14-11-18-36(4)5)16-17-30(29)45-27(3)13-9-10-20-44-31(25)23-38(8)33(42)15-12-19-37(6)7/h16-17,21,25-27,31,40H,9-15,18-20,22-24H2,1-8H3,(H,35,41)/t25-,26+,27+,31-/m0/s1",13015,C[C@H](CO)N1C[C@H](C)[C@H](CN(C)C(=O)CCCN(C)C)OCCCC[C@@H](C)Oc2ccc(NC(=O)CCCN(C)C)cc2C1=O,NA
Input,Propranolol,-0.25102491,InputSig,NA,NA,LINCSCP_154391,PC3,0.04uM,24h,prostate,Adrenergic receptor antagonist,ADRB1|ADRB2|ADRB3,AQHHHDLHHXJYJD-UHFFFAOYSA-N,"InChI=1S/C16H21NO2/c1-12(2)17-10-14(18)11-19-16-9-5-7-13-6-3-4-8-15(13)16/h3-9,12,14,17-18H,10-11H2,1-2H3",1369,CC(C)NCC(O)COc1cccc2ccccc12,4
Input,Mycophenolic acid,-0.25088136,InputSig,NA,NA,LINCSCP_111076,HELA,0.37uM,24h,large intestine,Inosine-5'-monophosphate dehydrogenase (IMPDH) inhibitor (Inosine-5'-monophosphate dehydrogenase,IMPDH1|IMPDH2,HPNSFSBZBAHARI-RUDMXATFSA-N,"InChI=1S/C17H20O6/c1-9(5-7-13(18)19)4-6-11-15(20)14-12(8-23-17(14)21)10(2)16(11)22-3/h4,20H,5-8H2,1-3H3,(H,18,19)/b9-4+",37433,COc1c(C)c2COC(=O)c2c(O)c1C\C=C(/C)\CCC(=O)O,4
Input,AZD-1152-HQPA,-0.25081189,InputSig,NA,NA,LINCSCP_150813,PC3,1.11uM,24h,prostate,Aurora kinase inhibitor,AURKA|AURKB,QYZOGCMHVIGURT-UHFFFAOYSA-N,"InChI=1S/C26H30FN7O3/c1-2-34(10-11-35)9-4-12-37-21-7-8-22-23(16-21)28-17-29-26(22)31-24-14-20(32-33-24)15-25(36)30-19-6-3-5-18(27)13-19/h3,5-8,13-14,16-17,35H,2,4,9-12,15H2,1H3,(H,30,36)(H2,28,29,31,32,33)",35270,CCN(CCO)CCCOc1ccc2c(Nc3cc(CC(=O)Nc4cccc(F)c4)[nH]n3)ncnc2c1,NA
Input,Oxymetazoline,-0.2506,InputSig,NA,NA,LINCSCP_101563,HELA,1.11uM,24h,large intestine,Adrenergic receptor agonist,ADRA1A|ADRA1B|ADRA1D|ADRA2A|ADRA2B|ADRA2C,WYWIFABBXFUGLM-UHFFFAOYSA-N,"InChI=1S/C16H24N2O/c1-10-8-13(16(3,4)5)15(19)11(2)12(10)9-14-17-6-7-18-14/h8,19H,6-7,9H2,1-5H3,(H,17,18)",35568,Cc1cc(c(O)c(C)c1CC2=NCCN2)C(C)(C)C,4
Input,AT-7519,-0.25041737,InputSig,NA,NA,LINCSCP_163700,SKBR3,0.04uM,24h,breast,CDK inhibitor|Cell cycle inhibitor,CDK1|CDK10|CDK11B|CDK12|CDK13|CDK14|CDK15|CDK16|CDK17|CDK18|CDK19|CDK2|CDK20|CDK3|CDK4|CDK5|CDK6|CDK7|CDK8|CDK9,OVPNQJVDAFNBDN-UHFFFAOYSA-N,"InChI=1S/C16H17Cl2N5O2/c17-10-2-1-3-11(18)13(10)15(24)22-12-8-20-23-14(12)16(25)21-9-4-6-19-7-5-9/h1-3,8-9,19H,4-7H2,(H,20,23)(H,21,25)(H,22,24)",36797,Clc1cccc(Cl)c1C(=O)Nc2c[nH]nc2C(=O)NC3CCNCC3,2
Input,BRD-K95047050,-0.25041173,InputSig,NA,NA,LINCSCP_8979,A549,10uM,24h,lung,NA,NA,IWOCERDKTBEBEC-HSZRJFAPSA-N,"InChI=1S/C27H34N4O4/c1-29-22-13-20(35-3)6-7-21(22)25-26(29)23(16-32)31(24(33)17-34-2)18-27(25)8-11-30(12-9-27)15-19-5-4-10-28-14-19/h4-7,10,13-14,23,32H,8-9,11-12,15-18H2,1-3H3/t23-/m1/s1",13997,COCC(=O)N1CC2(CCN(Cc3cccnc3)CC2)c4c([C@H]1CO)n(C)c5cc(OC)ccc45,NA
Input,Azacitidine,-0.25037645,InputSig,NA,NA,LINCSCP_84532,ASC,1.11uM,24h,adipose,DNA (cytosine-5)-methyltransferase 3A inhibitor (DNA|DNA (cytosine-5)-methyltransferase 1 inhibitor (DNA,DNMT1|DNMT3A,NMUSYJAQQFHJEW-ARQDHWQXSA-N,"InChI=1S/C8H12N4O5/c9-7-10-2-12(8(16)11-7)6-5(15)4(14)3(1-13)17-6/h2-6,13-15H,1H2,(H2,9,11,16)/t3-,4-,5+,6-/m1/s1",26901,NC1=NC(=O)N(C=N1)[C@@H]2O[C@H](CO)[C@@H](O)[C@@H]2O,NA
Input,Azacitidine,-0.25037645,InputSig,NA,NA,LINCSCP_84532,ASC,1.11uM,24h,adipose,DNA (cytosine-5)-methyltransferase 3A inhibitor (DNA|DNA (cytosine-5)-methyltransferase 1 inhibitor (DNA,DNMT1|DNMT3A,NMUSYJAQQFHJEW-KVTDHHQDSA-N,"InChI=1S/C8H12N4O5/c9-7-10-2-12(8(16)11-7)6-5(15)4(14)3(1-13)17-6/h2-6,13-15H,1H2,(H2,9,11,16)/t3-,4-,5-,6-/m1/s1",24176,NC1=NC(=O)N(C=N1)[C@@H]2O[C@H](CO)[C@@H](O)[C@H]2O,4
Input,ZINC03977775,-0.2503235,InputSig,NA,NA,LINCSCP_273339,PC3,10uM,24h,prostate,Glucocorticoid receptor agonist,NR3C1,ILKJAFIWWBXGDU-KNPIAJNZSA-N,"InChI=1S/C28H35FO7/c1-16(30)34-15-22(33)28-23(35-26(36-28)9-4-5-10-26)13-20-19-7-6-17-12-18(31)8-11-24(17,2)27(19,29)21(32)14-25(20,28)3/h8,11-12,19-21,23,32H,4-7,9-10,13-15H2,1-3H3/t19-,20+,21+,23-,24+,25+,27+,28-/m1/s1",1567,CC(=O)OCC(=O)[C@@]12OC3(CCCC3)O[C@@H]1C[C@H]4[C@H]5CCC6=CC(=O)C=C[C@]6(C)[C@@]5(F)[C@@H](O)C[C@]24C,NA
Input,Ursolic acid,-0.2502083,InputSig,NA,NA,LINCSCP_54618,SW948,70uM,6h,large intestine,11-beta hydroxysteroid dehydrogenase inhibitor|Acetylcholinesterase inhibitor|Caspase inhibitor|HIV protease inhibitor|Lipid peroxidase inhibitor|Quorum sensing signaling modulator|Steryl sulfatase inhibitor|Tyrosine phosphatase inhibitor|ATPase inhibitor|NFkB pathway inhibitor|STAT inhibitor,HSD11B1|PTPN1,WCGUUGGRBIKTOS-GPOJBZKASA-N,"InChI=1S/C30H48O3/c1-18-10-15-30(25(32)33)17-16-28(6)20(24(30)19(18)2)8-9-22-27(5)13-12-23(31)26(3,4)21(27)11-14-29(22,28)7/h8,18-19,21-24,31H,9-17H2,1-7H3,(H,32,33)/t18-,19+,21+,22-,23+,24+,27+,28-,29-,30+/m1/s1",38708,C[C@@H]1CC[C@@]2(CC[C@]3(C)C(=CC[C@@H]4[C@@]5(C)CC[C@H](O)C(C)(C)[C@@H]5CC[C@@]34C)[C@@H]2[C@H]1C)C(=O)O,NA
Input,Lenalidomide,-0.24983907,InputSig,NA,NA,LINCSCP_218630,HEC108,100uM,6h,endometrium,Anticancer agent,CRBN|CUL4A|DDB1|RBX1|TNF,GOTYRUGSSMKFNF-UHFFFAOYSA-N,"InChI=1S/C13H13N3O3/c14-9-3-1-2-7-8(9)6-16(13(7)19)10-4-5-11(17)15-12(10)18/h1-3,10H,4-6,14H2,(H,15,17,18)",16511,Nc1cccc2C(=O)N(Cc12)C3CCC(=O)NC3=O,4
Input,Ganaxolone,-0.24952495,InputSig,NA,NA,LINCSCP_101299,HELA,1.11uM,24h,large intestine,NA,NA,PGTVWKLGGCQMBR-FLBATMFCSA-N,"InChI=1S/C22H36O2/c1-14(23)17-7-8-18-16-6-5-15-13-20(2,24)11-12-21(15,3)19(16)9-10-22(17,18)4/h15-19,24H,5-13H2,1-4H3/t15-,16-,17+,18-,19-,20+,21-,22+/m0/s1",26879,CC(=O)[C@H]1CC[C@H]2[C@@H]3CC[C@H]4C[C@](C)(O)CC[C@]4(C)[C@H]3CC[C@]12C,3
Input,MLS003129427,-0.24935215,InputSig,NA,NA,LINCSCP_65545,VCAP,10uM,6h,prostate,NA,NA,FYUBIBUWDYYNKH-XYJFISCASA-N,"InChI=1S/C20H35N5O5/c1-14(2)30-20(28)23(5)11-18-15(3)9-25(16(4)12-26)19(27)7-6-8-24-10-17(13-29-18)21-22-24/h10,14-16,18,26H,6-9,11-13H2,1-5H3/t15-,16-,18+/m0/s1",9365,CC(C)OC(=O)N(C)C[C@H]1OCc2cn(CCCC(=O)N(C[C@@H]1C)[C@@H](C)CO)nn2,NA
Input,BRD-K78738487,-0.24918123,InputSig,NA,NA,LINCSCP_228274,HT29,5uM,24h,large intestine,NA,NA,OTRZZVMKCVISTM-OJLQRUNKSA-N,"InChI=1S/C27H33FN4O5/c1-16-13-32(17(2)15-33)26(35)22-12-21(29-25(34)18-4-5-18)10-11-23(22)37-24(16)14-31(3)27(36)30-20-8-6-19(28)7-9-20/h6-12,16-18,24,33H,4-5,13-15H2,1-3H3,(H,29,34)(H,30,36)/t16-,17-,24+/m1/s1",13591,C[C@H](CO)N1C[C@@H](C)[C@H](CN(C)C(=O)Nc2ccc(F)cc2)Oc3ccc(NC(=O)C4CC4)cc3C1=O,NA
Input,CP466722,-0.24913788,InputSig,NA,NA,LINCSCP_144758,MDAMB231,0.04uM,24h,NA,ATM kinase inhibitor,ATM,ILBRKJBKDGCSCB-UHFFFAOYSA-N,"InChI=1S/C17H15N7O2/c1-25-13-7-10-12(8-14(13)26-2)20-9-21-16(10)24-17(18)22-15(23-24)11-5-3-4-6-19-11/h3-9H,1-2H3,(H2,18,22,23)",16627,COc1cc2ncnc(c2cc1OC)n3nc(nc3N)c4ccccn4,NA
Input,Bepotastine Besilate,-0.24908849,InputSig,NA,NA,LINCSCP_109785,HELA,10uM,24h,large intestine,Histamine H1 receptor antagonist,HRH1,YWGDOWXRIALTES-NRFANRHFSA-N,"InChI=1S/C21H25ClN2O3/c22-17-8-6-16(7-9-17)21(19-4-1-2-12-23-19)27-18-10-14-24(15-11-18)13-3-5-20(25)26/h1-2,4,6-9,12,18,21H,3,5,10-11,13-15H2,(H,25,26)/t21-/m0/s1",26680,OC(=O)CCCN1CCC(CC1)O[C@@H](c2ccc(Cl)cc2)c3ccccn3,4
Input,PK-11195,-0.24905579,InputSig,NA,NA,LINCSCP_105635,HELA,1.11uM,24h,large intestine,Benzodiazepine receptor antagonist,TSPO,RAVIZVQZGXBOQO-UHFFFAOYSA-N,"InChI=1S/C21H21ClN2O/c1-4-14(2)24(3)21(25)19-13-15-9-5-6-10-16(15)20(23-19)17-11-7-8-12-18(17)22/h5-14H,4H2,1-3H3",33420,CCC(C)N(C)C(=O)c1cc2ccccc2c(n1)c3ccccc3Cl,NA
Input,BRD-K86011921,-0.2488796,InputSig,NA,NA,LINCSCP_312059,VCAP,10uM,24h,prostate,NA,NA,ULSHRNFHFOMVNH-UWWLJTJFSA-N,"InChI=1S/C36H45F3N4O5/c1-24-20-43(25(2)23-44)35(46)31-19-30(41-34(45)28-14-16-40-17-15-28)12-13-32(31)48-26(3)7-5-6-18-47-33(24)22-42(4)21-27-8-10-29(11-9-27)36(37,38)39/h8-17,19,24-26,33,44H,5-7,18,20-23H2,1-4H3,(H,41,45)/t24-,25-,26+,33-/m0/s1",13803,C[C@@H](CO)N1C[C@H](C)[C@H](CN(C)Cc2ccc(cc2)C(F)(F)F)OCCCC[C@@H](C)Oc3ccc(NC(=O)c4ccncc4)cc3C1=O,NA
Input,Ticagrelor,-0.24887169,InputSig,NA,NA,LINCSCP_77441,A375,10uM,24h,skin,NA,NA,OEKWJQXRCDYSHL-MGXMICMRSA-N,"InChI=1S/C23H28F2N6O4S/c1-2-7-36-23-27-21(26-15-9-12(15)11-3-4-13(24)14(25)8-11)18-22(28-23)31(30-29-18)16-10-17(35-6-5-32)20(34)19(16)33/h3-4,8,12,15-17,19-20,32-34H,2,5-7,9-10H2,1H3,(H,26,27,28)/t12-,15-,16-,17+,19+,20+/m1/s1",26728,CCCSc1nc(N[C@@H]2C[C@@H]2c3ccc(F)c(F)c3)c4nnn([C@@H]5C[C@H](OCCO)[C@H](O)[C@H]5O)c4n1,NA
Input,Nitrendipine,-0.24875475,InputSig,NA,NA,LINCSCP_244677,MCF7,10uM,6h,breast,Calcium channel blocker,CACNA1C|CACNA1D|CACNA2D1,PVHUJELLJLJGLN-UHFFFAOYSA-N,"InChI=1S/C18H20N2O6/c1-5-26-18(22)15-11(3)19-10(2)14(17(21)25-4)16(15)12-7-6-8-13(9-12)20(23)24/h6-9,16,19H,5H2,1-4H3",35303,CCOC(=O)C1=C(C)NC(=C(C1c2cccc(c2)[N+](=O)[O-])C(=O)OC)C,4
Input,CDK9 Inhibitor,-0.24873181,InputSig,NA,NA,LINCSCP_149739,NPC.TAK,0.04uM,24h,NA,NA,NA,CKUFOBCNTCLXJP-UHFFFAOYSA-N,"InChI=1S/C26H21N5O4S/c1-16-10-11-18(13-22(16)30-36(2,34)35)29-24-14-23(27-15-28-24)17-6-5-7-19(12-17)31-25(32)20-8-3-4-9-21(20)26(31)33/h3-15,30H,1-2H3,(H,27,28,29)",19903,Cc1ccc(Nc2cc(ncn2)c3cccc(c3)N4C(=O)c5ccccc5C4=O)cc1NS(=O)(=O)C,NA
Input,MK-2866 (GTx-024),-0.24866633,InputSig,NA,NA,LINCSCP_101436,HELA,3.33uM,24h,large intestine,Androgen Receptor modulator,AR,JNGVJMBLXIUVRD-SFHVURJKSA-N,"InChI=1S/C19H14F3N3O3/c1-18(27,11-28-15-6-2-12(9-23)3-7-15)17(26)25-14-5-4-13(10-24)16(8-14)19(20,21)22/h2-8,27H,11H2,1H3,(H,25,26)/t18-/m0/s1",26647,C[C@](O)(COc1ccc(cc1)C#N)C(=O)Nc2ccc(C#N)c(c2)C(F)(F)F,3
Input,Buspirone,-0.24865235,InputSig,NA,NA,LINCSCP_214767,HCC515,10uM,24h,lung,Serotonin receptor agonist,HTR1A,QWCRAEMEVRGPNT-UHFFFAOYSA-N,"InChI=1S/C21H31N5O2/c27-18-16-21(6-1-2-7-21)17-19(28)26(18)11-4-3-10-24-12-14-25(15-13-24)20-22-8-5-9-23-20/h5,8-9H,1-4,6-7,10-17H2",16059,O=C1CC2(CCCC2)CC(=O)N1CCCCN3CCN(CC3)c4ncccn4,4
Input,Dasatinib,-0.24864629,InputSig,NA,NA,LINCSCP_251559,MCF7,10uM,6h,breast,Bcr-Abl kinase inhibitor|Ephrin inhibitor|KIT inhibitor|PDGFR tyrosine kinase receptor inhibitor|Src inhibitor|Tyrosine kinase inhibitor,ABL1|BCR|BLK|EPHA2|FGR|FRK|FYN|HCK|KIT|LCK|LYN|PDGFRB|SRC|SRMS|YES1,ZBNZXTGUTAYRHI-UHFFFAOYSA-N,"InChI=1S/C22H26ClN7O2S/c1-14-4-3-5-16(23)20(14)28-21(32)17-13-24-22(33-17)27-18-12-19(26-15(2)25-18)30-8-6-29(7-9-30)10-11-31/h3-5,12-13,31H,6-11H2,1-2H3,(H,28,32)(H,24,25,26,27)",16640,Cc1nc(Nc2ncc(s2)C(=O)Nc3c(C)cccc3Cl)cc(n1)N4CCN(CCO)CC4,4
Input,Reserpic acid,-0.24854947,InputSig,NA,NA,LINCSCP_14441,HA1E,10uM,24h,kidney epithelial,Norepinephrine transporter inhibitor,NA,JVHNBFFHWQQPLL-WOXROFTLSA-N,"InChI=1S/C22H28N2O5/c1-28-12-3-4-13-14-5-6-24-10-11-7-18(25)21(29-2)19(22(26)27)15(11)9-17(24)20(14)23-16(13)8-12/h3-4,8,11,15,17-19,21,23,25H,5-7,9-10H2,1-2H3,(H,26,27)/t11-,15+,17-,18-,19+,21+/m1/s1",35672,CO[C@H]1[C@H](O)C[C@@H]2CN3CCc4c([nH]c5cc(OC)ccc45)[C@H]3C[C@@H]2[C@@H]1C(=O)O,NA
Input,SCHEMBL16980224,-0.24845449,InputSig,NA,NA,LINCSCP_30081,MCF10A,0.1uM,6h,breast epithelial,Aurora kinase inhibitor,AURKA,PXGLIUGVLBRUBV-UHFFFAOYSA-N,"InChI=1S/C27H30F3N7O/c1-4-36-11-13-37(14-12-36)17-18-9-10-19(15-21(18)27(28,29)30)32-26-31-16-23-24(33-26)34(2)22-8-6-5-7-20(22)25(38)35(23)3/h5-10,15-16H,4,11-14,17H2,1-3H3,(H,31,32,33)",22133,CCN1CCN(Cc2ccc(Nc3ncc4N(C)C(=O)c5ccccc5N(C)c4n3)cc2C(F)(F)F)CC1,NA
Input,Triclabendazole,-0.24815049,InputSig,NA,NA,LINCSCP_125189,HT29,3.33uM,24h,large intestine,Microtubule inhibitor,DNMT1,NQPDXQQQCQDHHW-UHFFFAOYSA-N,"InChI=1S/C14H9Cl3N2OS/c1-21-14-18-9-5-8(16)12(6-10(9)19-14)20-11-4-2-3-7(15)13(11)17/h2-6H,1H3,(H,18,19)",16435,CSc1nc2cc(Cl)c(Oc3cccc(Cl)c3Cl)cc2[nH]1,NA
Input,114798-26-4,-0.24811378,InputSig,NA,NA,LINCSCP_45016,PC3,100uM,24h,prostate,Angiotensin receptor antagonist,AGTR1,NA,NA,NA,NA,NA
Input,AC1MG7IW,-0.24806855,InputSig,NA,NA,LINCSCP_16219,HA1E,10uM,6h,kidney epithelial,NA,NA,ZAUGEDQIMRFBDL-UHFFFAOYSA-N,"InChI=1S/C16H19ClN4OS/c17-13-5-3-12(4-6-13)10-21-11-14(8-19-21)20-16(23)18-9-15-2-1-7-22-15/h3-6,8,11,15H,1-2,7,9-10H2,(H2,18,20,23)",23134,Clc1ccc(Cn2cc(NC(=S)NCC3CCCO3)cn2)cc1,NA
Input,CHEMBL2356468,-0.2478508,InputSig,NA,NA,LINCSCP_270749,PC3,10uM,24h,prostate,NA,NA,NILCQTKEVAIMRT-NWWIOOOSSA-N,"InChI=1S/C36H59N3O5/c1-26-22-39(27(2)25-40)36(42)32-21-31(37-35(41)30-16-9-6-10-17-30)18-19-33(32)44-28(3)13-11-12-20-43-34(26)24-38(4)23-29-14-7-5-8-15-29/h18-19,21,26-30,34,40H,5-17,20,22-25H2,1-4H3,(H,37,41)/t26-,27-,28-,34-/m0/s1",40143,C[C@@H](CO)N1C[C@H](C)[C@H](CN(C)CC2CCCCC2)OCCCC[C@H](C)Oc3ccc(NC(=O)C4CCCCC4)cc3C1=O,NA
Input,BAY 61-3606,-0.24782065,InputSig,NA,NA,LINCSCP_30034,MCF10A,1uM,6h,breast epithelial,SYK inhibitor,SYK,JWQOJVOKBAAAAR-UHFFFAOYSA-N,"InChI=1S/C20H18N6O3/c1-28-15-6-5-12(10-16(15)29-2)14-11-17-22-8-9-26(17)20(24-14)25-19-13(18(21)27)4-3-7-23-19/h3-11H,1-2H3,(H2,21,27)(H,23,24,25)",17574,COc1ccc(cc1OC)c2cc3nccn3c(Nc4ncccc4C(=O)N)n2,NA
Input,MEGXP0_001265,-0.24779149,InputSig,NA,NA,LINCSCP_309736,VCAP,30uM,24h,prostate,NA,NA,YGAXNRUXTMXSJA-LDGQGHTNSA-N,"InChI=1S/C46H76O20/c1-11-44(8,66-43-37(57)33(53)39(23(6)61-43)64-41-34(54)30(50)28(48)21(4)59-41)15-16-45(9)20(3)17-27(46(10)19(2)13-12-14-26(45)46)63-40-36(56)32(52)38(22(5)60-40)65-42-35(55)31(51)29(49)25(62-42)18-58-24(7)47/h11,13,20-23,25-43,48-57H,1,12,14-18H2,2-10H3/t20-,21+,22+,23-,25-,26-,27+,28+,29-,30-,31+,32+,33-,34-,35-,36-,37-,38+,39+,40+,41+,42+,43+,44-,45+,46+/m1/s1",11476,C[C@@H]1O[C@@H](O[C@H]2[C@@H](C)O[C@@H](O[C@@](C)(CC[C@@]3(C)[C@H](C)C[C@H](O[C@@H]4O[C@@H](C)[C@H](O[C@@H]5O[C@H](COC(=O)C)[C@@H](O)[C@H](O)[C@H]5O)[C@@H](O)[C@H]4O)[C@]6(C)[C@@H]3CCC=C6C)C=C)[C@H](O)[C@H]2O)[C@H](O)[C@H](O)[C@H]1O,NA
Input,IDOXURIDINE,-0.24776422,InputSig,NA,NA,LINCSCP_96756,HA1E,10uM,24h,kidney epithelial,NA,NA,XQFRJNBWHJMXHO-REJBHVJUSA-N,"InChI=1S/C9H11IN2O5/c10-4-2-12(9(16)11-8(4)15)7-1-5(14)6(3-13)17-7/h2,5-7,13-14H,1,3H2,(H,11,15,16)/t5-,6?,7+/m0/s1",26984,OCC1O[C@H](C[C@@H]1O)N2C=C(I)C(=O)NC2=O,NA
Input,BRD-A69421747,-0.24742528,InputSig,NA,NA,LINCSCP_92423,HA1E,1.11uM,24h,kidney epithelial,NA,NA,NA,NA,NA,NA,NA
Input,Linifanib,-0.24733524,InputSig,NA,NA,LINCSCP_129928,LNCAP,0.12uM,24h,prostate,PDGFR tyrosine kinase receptor inhibitor|VEGFR inhibitor,CSF1R|FLT1|FLT3|FLT4|KDR|PDGFRA|PDGFRB,MPVGZUGXCQEXTM-UHFFFAOYSA-N,"InChI=1S/C21H18FN5O/c1-12-5-10-16(22)18(11-12)25-21(28)24-14-8-6-13(7-9-14)15-3-2-4-17-19(15)20(23)27-26-17/h2-11H,1H3,(H3,23,26,27)(H2,24,25,28)",17603,Cc1ccc(F)c(NC(=O)Nc2ccc(cc2)c3cccc4[nH]nc(N)c34)c1,3
Input,BECLOMETHASONE DIPROPIONATE,-0.24725042,InputSig,NA,NA,LINCSCP_154475,PC3,0.04uM,24h,prostate,NA,NA,KUVIULQEHSCUHY-UHFFFAOYSA-N,"InChI=1S/C28H37ClO7/c1-6-23(33)35-15-22(32)28(36-24(34)7-2)16(3)12-20-19-9-8-17-13-18(30)10-11-25(17,4)27(19,29)21(31)14-26(20,28)5/h10-11,13,16,19-21,31H,6-9,12,14-15H2,1-5H3",27055,CCC(=O)OCC(=O)C1(OC(=O)CC)C(C)CC2C3CCC4=CC(=O)C=CC4(C)C3(Cl)C(O)CC12C,NA
Input,Palbociclib,-0.24718201,InputSig,NA,NA,LINCSCP_129818,LNCAP,3.33uM,24h,prostate,CDK inhibitor,CCND1|CDK4|CDK6,AHJRHEGDXFFMBM-UHFFFAOYSA-N,"InChI=1S/C24H29N7O2/c1-15-19-14-27-24(28-20-8-7-18(13-26-20)30-11-9-25-10-12-30)29-22(19)31(17-5-3-4-6-17)23(33)21(15)16(2)32/h7-8,13-14,17,25H,3-6,9-12H2,1-2H3,(H,26,27,28,29)",17501,CC(=O)C1=C(C)c2cnc(Nc3ccc(cn3)N4CCNCC4)nc2N(C5CCCC5)C1=O,4
Input,Amodiaquine,-0.2469833,InputSig,NA,NA,LINCSCP_103826,HELA,0.37uM,24h,large intestine,Histamine receptor agonist,HNMT,OVCDSSHSILBFBN-UHFFFAOYSA-N,"InChI=1S/C20H22ClN3O/c1-3-24(4-2)13-14-11-16(6-8-20(14)25)23-18-9-10-22-19-12-15(21)5-7-17(18)19/h5-12,25H,3-4,13H2,1-2H3,(H,22,23)",5108,CCN(CC)Cc1cc(Nc2ccnc3cc(Cl)ccc23)ccc1O,4
Input,GDC-0834 (Racemate),-0.24697769,InputSig,NA,NA,LINCSCP_137535,MCF7,0.37uM,24h,breast,NA,NA,CDOOFZZILLRUQH-UHFFFAOYSA-N,"InChI=1S/C33H36N6O3S/c1-20-24(9-7-10-25(20)36-31(40)28-18-22-8-5-6-11-27(22)43-28)26-19-39(4)33(42)30(35-26)34-23-14-12-21(13-15-23)29-32(41)38(3)17-16-37(29)2/h7,9-10,12-15,18-19,29H,5-6,8,11,16-17H2,1-4H3,(H,34,35)(H,36,40)",26749,CN1CCN(C)C(=O)C1c2ccc(NC3=NC(=CN(C)C3=O)c4cccc(NC(=O)c5cc6CCCCc6s5)c4C)cc2,NA
Input,"N-(3-Fluoro-4-((7-methoxyquinolin-4-yl)oxy)phenyl)-1-(2-hydroxy-2-methylpropyl)-5-methyl-3-oxo-2-phenyl-2,3-dihydro-1H-pyrazole-4-carboxamide",-0.24695153,InputSig,NA,NA,LINCSCP_112739,HEPG2,0.04uM,24h,liver,Hepatocyte growth factor receptor inhibitor,NA,UYMSIPINLJNNOU-UHFFFAOYSA-N,"InChI=1S/C31H29FN4O5/c1-19-28(30(38)36(21-8-6-5-7-9-21)35(19)18-31(2,3)39)29(37)34-20-10-13-27(24(32)16-20)41-26-14-15-33-25-17-22(40-4)11-12-23(25)26/h5-17,39H,18H2,1-4H3,(H,34,37)",37804,COc1ccc2c(Oc3ccc(NC(=O)C4=C(C)N(CC(C)(C)O)N(C4=O)c5ccccc5)cc3F)ccnc2c1,NA
Input,PDK1 Inhibitor,-0.24678679,InputSig,NA,NA,LINCSCP_133405,MCF7,0.04uM,24h,breast,Phosphoinositide dependent kinase inhibitor,PDPK1,GCWCGSPBENFEPE-VWLOTQADSA-N,"InChI=1S/C28H22F2N4O4/c29-21-10-8-17(13-22(21)30)15-34-12-4-7-20(27(34)36)26(35)31-25(18-5-2-1-3-6-18)16-38-19-9-11-23-24(14-19)33-28(37)32-23/h1-14,25H,15-16H2,(H,31,35)(H2,32,33,37)/t25-/m0/s1",35276,Fc1ccc(CN2C=CC=C(C(=O)N[C@@H](COc3ccc4NC(=O)Nc4c3)c5ccccc5)C2=O)cc1F,NA
Input,CHEMBL2357204,-0.2467512,InputSig,NA,NA,LINCSCP_35350,MCF7,10uM,24h,breast,NA,NA,JLFHHDVKVXKGLO-PABCKOPISA-N,"InChI=1S/C25H31ClN2O6S/c1-17-6-2-5-9-24(17)35(31,32)28-14-19(29)15-33-16-23-22(28)11-10-20(34-23)12-25(30)27-13-18-7-3-4-8-21(18)26/h2-9,19-20,22-23,29H,10-16H2,1H3,(H,27,30)/t19-,20+,22-,23+/m0/s1",37588,Cc1ccccc1S(=O)(=O)N2C[C@H](O)COC[C@H]3O[C@@H](CC(=O)NCc4ccccc4Cl)CC[C@H]23,NA
Input,BRD-K41139858,-0.24665789,InputSig,NA,NA,LINCSCP_27516,HT29,5uM,24h,large intestine,NA,NA,KXCVLZMSFBFHGZ-OKZBNKHCSA-N,"InChI=1S/C20H23FN4O4/c21-14-3-1-13(2-4-14)20(28)25-17-6-5-16(29-18(17)11-26)9-19(27)23-10-15-7-8-22-12-24-15/h1-4,7-8,12,16-18,26H,5-6,9-11H2,(H,23,27)(H,25,28)/t16-,17-,18+/m0/s1",1778,OC[C@H]1O[C@H](CC(=O)NCc2ccncn2)CC[C@@H]1NC(=O)c3ccc(F)cc3,NA
Input,Chromanol 293B,-0.24662619,InputSig,NA,NA,LINCSCP_461,A375,10uM,6h,skin,Potassium channel blocker,NA,HVSJHHXUORMCGK-UHFFFAOYSA-N,"InChI=1S/C15H20N2O4S/c1-5-22(19,20)17(4)13-11-8-10(9-16)6-7-12(11)21-15(2,3)14(13)18/h6-8,13-14,18H,5H2,1-4H3",15326,CCS(=O)(=O)N(C)C1C(O)C(C)(C)Oc2ccc(cc12)C#N,NA
Input,BRD-K90610876,-0.24659198,InputSig,NA,NA,LINCSCP_7741,A549,10uM,6h,lung,NA,NA,LFTKOPVLNDVECX-QHCPKHFHSA-N,"InChI=1S/C31H37NO6/c1-35-27-12-6-24(7-13-27)31(25-8-14-28(36-2)15-9-25,26-10-16-29(37-3)17-11-26)22-38-20-19-32-18-4-5-23(21-32)30(33)34/h6-17,23H,4-5,18-22H2,1-3H3,(H,33,34)/t23-/m0/s1",31614,COc1ccc(cc1)C(COCCN2CCC[C@@H](C2)C(=O)O)(c3ccc(OC)cc3)c4ccc(OC)cc4,NA
Input,CHEMBL436817,-0.24638907,InputSig,NA,NA,LINCSCP_15514,HA1E,40uM,6h,kidney epithelial,Kinase inhibitor,NA,ONXROKMQGCSOMG-UHFFFAOYSA-N,"InChI=1S/C20H13Cl2FN6/c21-16-4-12(1-2-18(16)23)29-19-11(6-24)7-27-20-15(19)3-13(5-17(20)22)26-9-14-8-25-10-28-14/h1-5,7-8,10,26H,9H2,(H,25,28)(H,27,29)",16480,Fc1ccc(Nc2c(cnc3c(Cl)cc(NCc4cnc[nH]4)cc23)C#N)cc1Cl,NA
Input,SMP2_000081,-0.246205,InputSig,NA,NA,LINCSCP_50753,RKO,20uM,6h,intestine,Calcineurin inhibitor,FKBP1A,KDEJOJSUWQBZSP-JWZPFBAESA-N,"InChI=1S/C45H71NO12/c1-10-13-32-19-26(2)18-27(3)20-33(54-7)24-40-39(56-9)22-29(5)45(53,58-40)42(50)43(51)46-17-12-11-14-34(46)44(52)57-41(30(6)36(48)25-37(32)49)28(4)21-31-15-16-35(47)38(23-31)55-8/h10,19,21,27,29-36,38-41,47-48,53H,1,11-18,20,22-25H2,2-9H3/b26-19-,28-21+/t27-,29+,30+,31-,32+,33-,34-,35+,36-,38+,39-,40+,41+,45+/m0/s1",5382,CO[C@H]1C[C@@H](C)C\C(=C/[C@@H](CC=C)C(=O)C[C@H](O)[C@@H](C)[C@H](OC(=O)[C@@H]2CCCCN2C(=O)C(=O)[C@]3(O)O[C@H](C1)[C@H](C[C@H]3C)OC)\C(=C\[C@@H]4CC[C@@H](O)[C@@H](C4)OC)\C)\C,NA
Input,BRD-K78420710,-0.24585548,InputSig,NA,NA,LINCSCP_182837,A375,5uM,24h,skin,NA,NA,LYYREMJMDQKNES-RGIVZKHGSA-N,"InChI=1S/C22H29N3O5/c1-14-21(26)24(2)13-19-18(28-4)9-8-16(30-19)10-11-29-20-15(12-23)6-5-7-17(20)22(27)25(14)3/h5-7,14,16,18-19H,8-11,13H2,1-4H3/t14-,16+,18+,19+/m0/s1",6441,CO[C@@H]1CC[C@@H]2CCOc3c(cccc3C(=O)N(C)[C@@H](C)C(=O)N(C)C[C@H]1O2)C#N,NA
Input,ITK Inhibitor,-0.24585119,InputSig,NA,NA,LINCSCP_10976,ASC,10uM,24h,adipose,ITK inhibitor,ITK,RRHONYZEMUNMJX-UHFFFAOYSA-N,"InChI=1S/C31H39N5O4S2/c1-19(2)21(4)32-17-23-7-9-24(10-8-23)29(38)34-31-33-18-28(42-31)41-27-16-25(26(40-6)15-20(27)3)30(39)36-13-11-35(12-14-36)22(5)37/h7-10,15-16,18-19,21,32H,11-14,17H2,1-6H3,(H,33,34,38)",5068,COc1cc(C)c(Sc2cnc(NC(=O)c3ccc(CNC(C)C(C)C)cc3)s2)cc1C(=O)N4CCN(CC4)C(=O)C,NA
Input,CHEMBL2158275,-0.24576126,InputSig,NA,NA,LINCSCP_188997,A549,10uM,24h,lung,NA,NA,UMKSGEWGYQSSMF-UHFFFAOYSA-N,"InChI=1S/C18H13N3O6S/c1-11-6-7-19-18(20-11)28-10-14-8-15(22)16(9-26-14)27-17(23)12-2-4-13(5-3-12)21(24)25/h2-9H,10H2,1H3",15906,Cc1ccnc(SCC2=CC(=O)C(=CO2)OC(=O)c3ccc(cc3)[N+](=O)[O-])n1,NA
Input,SGX-523,-0.24572101,InputSig,NA,NA,LINCSCP_103003,HELA,0.04uM,24h,large intestine,Hepatocyte growth factor receptor inhibitor,MET,BCZUAADEACICHN-UHFFFAOYSA-N,"InChI=1S/C18H13N7S/c1-24-11-13(10-20-24)16-6-7-17-21-22-18(25(17)23-16)26-14-4-5-15-12(9-14)3-2-8-19-15/h2-11H,1H3",35286,Cn1cc(cn1)c2ccc3nnc(Sc4ccc5ncccc5c4)n3n2,1
Input,TORIN1,-0.24571488,InputSig,NA,NA,LINCSCP_51609,SKBR3,0.5uM,6h,breast,MTOR inhibitor|PI3K inhibitor,MTOR,AKCRNFFTGXBONI-UHFFFAOYSA-N,"InChI=1S/C35H28F3N5O2/c1-2-32(44)42-15-13-41(14-16-42)31-11-9-26(19-28(31)35(36,37)38)43-33(45)12-8-24-20-40-30-10-7-22(18-27(30)34(24)43)25-17-23-5-3-4-6-29(23)39-21-25/h3-12,17-21H,2,13-16H2,1H3",35275,CCC(=O)N1CCN(CC1)c2ccc(cc2C(F)(F)F)N3C(=O)C=Cc4cnc5ccc(cc5c34)c6cnc7ccccc7c6,NA
Input,SCHEMBL15556278,-0.24540461,InputSig,NA,NA,LINCSCP_12008,BT20,0.5uM,6h,breast,Ephrin inhibitor,DDR1,IYUFHBXMTTXZBE-UHFFFAOYSA-N,"InChI=1S/C23H18F3N5O3/c1-13-3-4-17(10-19(13)30-22(33)20-5-6-28-34-20)29-21(32)15-7-16(23(24,25)26)9-18(8-15)31-11-14(2)27-12-31/h3-12H,1-2H3,(H,29,32)(H,30,33)",24692,Cc1cn(cn1)c2cc(cc(c2)C(F)(F)F)C(=O)Nc3ccc(C)c(NC(=O)c4oncc4)c3,NA
Input,Pyrazolanthrone,-0.24540231,InputSig,NA,NA,LINCSCP_117662,HT29,0.04uM,24h,large intestine,JNK inhibitor,MAPK10|MAPK8|MAPK9|TTK,ACPOUJIDANTYHO-UHFFFAOYSA-N,"InChI=1S/C14H8N2O/c17-14-9-5-2-1-4-8(9)13-12-10(14)6-3-7-11(12)15-16-13/h1-7H,(H,15,16)",3841,O=C1c2ccccc2c3n[nH]c4cccc1c34,NA
Input,Dipropyldopamine,-0.24532338,InputSig,NA,NA,LINCSCP_542,A375,10uM,6h,skin,Dopamine receptor agonist,NA,LMYSNFBROWBKMB-UHFFFAOYSA-N,"InChI=1S/C14H23NO2/c1-3-8-15(9-4-2)10-7-12-5-6-13(16)14(17)11-12/h5-6,11,16-17H,3-4,7-10H2,1-2H3",22923,CCCN(CCC)CCc1ccc(O)c(O)c1,NA
Input,2-(Trifluoromethyl)phenothiazine,-0.24514949,InputSig,NA,NA,LINCSCP_21884,HEPG2,10uM,6h,liver,NA,NA,RKGYJVASTMCSHZ-UHFFFAOYSA-N,"InChI=1S/C13H8F3NS/c14-13(15,16)8-5-6-12-10(7-8)17-9-3-1-2-4-11(9)18-12/h1-7,17H",38521,FC(F)(F)c1ccc2Sc3ccccc3Nc2c1,NA
Input,Enzastaurin,-0.24490428,InputSig,NA,NA,LINCSCP_81087,A549,0.04uM,24h,lung,PKC inhibitor,PRKCB,AXRCEOKUDYDWLF-UHFFFAOYSA-N,"InChI=1S/C32H29N5O2/c1-35-19-25(23-9-2-4-11-27(23)35)29-30(32(39)34-31(29)38)26-20-37(28-12-5-3-10-24(26)28)22-13-16-36(17-14-22)18-21-8-6-7-15-33-21/h2-12,15,19-20,22H,13-14,16-18H2,1H3,(H,34,38,39)",25574,Cn1cc(C2=C(C(=O)NC2=O)c3cn(C4CCN(Cc5ccccn5)CC4)c6ccccc36)c7ccccc17,3
Input,BRD-K63523728,-0.24484898,InputSig,NA,NA,LINCSCP_62565,VCAP,5uM,6h,prostate,NA,NA,FSAONXZLMNAVLZ-GKYRZQBGSA-N,"InChI=1S/C28H34N2O7/c1-34-23-5-3-2-4-18(23)15-29-26(32)14-20-13-22-21-12-19(30-28(33)17-8-10-35-11-9-17)6-7-24(21)37-27(22)25(16-31)36-20/h2-7,12,17,20,22,25,27,31H,8-11,13-16H2,1H3,(H,29,32)(H,30,33)/t20-,22-,25-,27+/m1/s1",928,COc1ccccc1CNC(=O)C[C@H]2C[C@H]3[C@H](Oc4ccc(NC(=O)C5CCOCC5)cc34)[C@@H](CO)O2,NA
Input,Desoxypeganine,-0.24481149,InputSig,NA,NA,LINCSCP_104567,HELA,9.58uM,24h,large intestine,Acetylcholinesterase inhibitor|Monoamine oxidase inhibitor,ACHE|MAOA,WUFQLZTXIWKION-UHFFFAOYSA-N,"InChI=1S/C11H12N2/c1-2-5-10-9(4-1)8-13-7-3-6-11(13)12-10/h1-2,4-5H,3,6-8H2",22567,C1CN2Cc3ccccc3N=C2C1,NA
Input,Danusertib,-0.24468861,InputSig,NA,NA,LINCSCP_90763,HA1E,0.04uM,24h,kidney epithelial,Aurora kinase inhibitor|Growth factor receptor inhibitor,AURKA|AURKB|AURKC|FGFR1|NTRK1|RET,XKFTZKGMDDZMJI-HSZRJFAPSA-N,"InChI=1S/C26H30N6O3/c1-30-12-14-31(15-13-30)20-10-8-19(9-11-20)25(33)27-24-21-16-32(17-22(21)28-29-24)26(34)23(35-2)18-6-4-3-5-7-18/h3-11,23H,12-17H2,1-2H3,(H2,27,28,29,33)/t23-/m1/s1",36404,CO[C@@H](C(=O)N1Cc2[nH]nc(NC(=O)c3ccc(cc3)N4CCN(C)CC4)c2C1)c5ccccc5,2
Input,Varlitinib,-0.24447161,InputSig,NA,NA,LINCSCP_158525,PC3,1.11uM,24h,prostate,Epidermal growth factor receptor erbB1 inhibitor|Receptor protein-tyrosine kinase erbB-2 inhibitor,EGFR|ERBB2,UWXSAYUXVSFDBQ-CYBMUJFWSA-N,"InChI=1S/C22H19ClN6O2S/c1-13-10-31-22(27-13)29-14-2-4-18-16(8-14)21(26-12-25-18)28-15-3-5-19(17(23)9-15)30-11-20-24-6-7-32-20/h2-9,12-13H,10-11H2,1H3,(H,27,29)(H,25,26,28)/t13-/m1/s1",26603,C[C@@H]1COC(=N1)Nc2ccc3ncnc(Nc4ccc(OCc5nccs5)c(Cl)c4)c3c2,2
Input,BMS-536924,-0.24425566,InputSig,NA,NA,LINCSCP_10374,A673,10uM,6h,bone,IGF-1 inhibitor,IGF1R,ZWVZORIKUNOTCS-OAQYLSRUSA-N,"InChI=1S/C25H26ClN5O3/c1-15-11-18(31-7-9-34-10-8-31)13-20-23(15)30-24(29-20)22-19(5-6-27-25(22)33)28-14-21(32)16-3-2-4-17(26)12-16/h2-6,11-13,21,32H,7-10,14H2,1H3,(H,29,30)(H2,27,28,33)/t21-/m1/s1",35291,Cc1cc(cc2[nH]c(nc12)c3c(O)nccc3NC[C@@H](O)c4cccc(Cl)c4)N5CCOCC5,NA
Input,AT-9283,-0.24413868,InputSig,NA,NA,LINCSCP_10061,A549,0.04uM,24h,lung,Abl kinase inhibitor|Aurora kinase inhibitor|Bcr-Abl kinase inhibitor|FLT3 inhibitor|JAK inhibitor|Mitotic inhibitor|Protein kinase inhibitor,ABL1|AURKA|AURKB|FLT3|JAK2|JAK3,LOLPPWBBNUVNQZ-UHFFFAOYSA-N,"InChI=1S/C19H23N7O2/c27-19(21-13-2-3-13)24-16-10-20-25-17(16)18-22-14-4-1-12(9-15(14)23-18)11-26-5-7-28-8-6-26/h1,4,9-10,13H,2-3,5-8,11H2,(H,20,25)(H,22,23)(H2,21,24,27)",16759,O=C(NC1CC1)Nc2c[nH]nc2c3nc4cc(CN5CCOCC5)ccc4[nH]3,2
Input,BRD-K35669573,-0.24386416,InputSig,NA,NA,LINCSCP_22351,HEPG2,10uM,6h,liver,NA,NA,ILEDKNBEZITSIP-LBPRGKRZSA-N,"InChI=1S/C14H17N3O2S/c1-10-7-16-8-11-3-2-4-13(14(10)11)20(18,19)17-12-5-6-15-9-12/h2-4,7-8,12,15,17H,5-6,9H2,1H3/t12-/m0/s1",8852,Cc1cncc2cccc(c12)S(=O)(=O)N[C@H]3CCNC3,NA
Input,BRD-K57064803,-0.24379895,InputSig,NA,NA,LINCSCP_38695,MCF7,0.12uM,24h,breast,NA,NA,MRJCPWMBHXTRFB-ACEYUQJJSA-N,"InChI=1S/C29H32N2O5/c1-31(2)20-10-13-26-24(14-20)25-15-23(35-27(18-32)29(25)36-26)16-28(33)30-17-19-8-11-22(12-9-19)34-21-6-4-3-5-7-21/h3-14,23,25,27,29,32H,15-18H2,1-2H3,(H,30,33)/t23-,25-,27-,29+/m1/s1",23510,CN(C)c1ccc2O[C@@H]3[C@@H](CO)O[C@@H](CC(=O)NCc4ccc(Oc5ccccc5)cc4)C[C@@H]3c2c1,NA
Input,Mebeverine,-0.24370032,InputSig,NA,NA,LINCSCP_47446,PC3,10uM,24h,prostate,Acetylcholine receptor antagonist,CHRM1,VYVKHNNGDFVQGA-UHFFFAOYSA-N,"InChI=1S/C25H35NO5/c1-6-26(19(2)17-20-9-12-22(28-3)13-10-20)15-7-8-16-31-25(27)21-11-14-23(29-4)24(18-21)30-5/h9-14,18-19H,6-8,15-17H2,1-5H3",35321,CCN(CCCCOC(=O)c1ccc(OC)c(OC)c1)C(C)Cc2ccc(OC)cc2,4
Input,Nicardipine,-0.24351197,InputSig,NA,NA,LINCSCP_54077,SW620,10uM,6h,large intestine,Calcium channel blocker,CACNA1C|CACNA1D|CACNA1F|CACNA1S,ZBBHBTPTTSWHBA-UHFFFAOYSA-N,"InChI=1S/C26H29N3O6/c1-17-22(25(30)34-4)24(20-11-8-12-21(15-20)29(32)33)23(18(2)27-17)26(31)35-14-13-28(3)16-19-9-6-5-7-10-19/h5-12,15,24,27H,13-14,16H2,1-4H3",35353,COC(=O)C1=C(C)NC(=C(C1c2cccc(c2)[N+](=O)[O-])C(=O)OCCN(C)Cc3ccccc3)C,4
Input,Dovitinib,-0.24348867,InputSig,NA,NA,LINCSCP_99460,HCC515,0.12uM,24h,lung,EGFR inhibitor|FGFR inhibitor|FLT3 inhibitor|PDGFR tyrosine kinase receptor inhibitor|VEGFR inhibitor,EGFR|FGFR1|FGFR2|FGFR3|FLT1|FLT3|FLT4|KDR|KIT|PDGFRA|PDGFRB,PIQCTGMSNWUMAF-UHFFFAOYSA-N,"InChI=1S/C21H21FN6O/c1-27-7-9-28(10-8-27)12-5-6-14-16(11-12)25-20(24-14)18-19(23)17-13(22)3-2-4-15(17)26-21(18)29/h2-6,11H,7-10H2,1H3,(H,24,25)(H3,23,26,29)",37808,CN1CCN(CC1)c2ccc3nc([nH]c3c2)C4=C(N)c5c(F)cccc5NC4=O,3
Input,BRD-K34547533,-0.24337936,InputSig,NA,NA,LINCSCP_279042,PC3,10uM,6h,prostate,NA,NA,YVJGPPMIPDJUMP-CYNXIGLJSA-N,"InChI=1S/C36H47N5O6/c1-25-22-41(26(2)24-42)34(43)31-21-30(38-35(44)37-28-14-7-5-8-15-28)18-19-32(31)47-27(3)13-11-12-20-46-33(25)23-40(4)36(45)39-29-16-9-6-10-17-29/h5-10,14-19,21,25-27,33,42H,11-13,20,22-24H2,1-4H3,(H,39,45)(H2,37,38,44)/t25-,26+,27-,33+/m1/s1",32578,C[C@@H](CO)N1C[C@@H](C)[C@H](CN(C)C(=O)Nc2ccccc2)OCCCC[C@@H](C)Oc3ccc(NC(=O)Nc4ccccc4)cc3C1=O,NA
Input,Famciclovir,-0.24332692,InputSig,NA,NA,LINCSCP_107626,HELA,0.12uM,24h,large intestine,DNA polymerase inhibitor,NA,GGXKWVWZWMLJEH-UHFFFAOYSA-N,"InChI=1S/C14H19N5O4/c1-9(20)22-6-11(7-23-10(2)21)3-4-19-8-17-12-5-16-14(15)18-13(12)19/h5,8,11H,3-4,6-7H2,1-2H3,(H2,15,16,18)",15659,CC(=O)OCC(CCn1cnc2cnc(N)nc12)COC(=O)C,4
Input,BRD-K63828515,-0.24331016,InputSig,NA,NA,LINCSCP_35229,MCF7,10uM,24h,breast,NA,NA,TYGOPRMPKRHVEQ-UITIVDIESA-N,"InChI=1S/C32H47N5O6/c1-21(2)34-32(41)35-26-10-11-28-27(17-26)31(40)37(23(4)20-38)18-22(3)29(42-16-8-7-9-24(5)43-28)19-36(6)30(39)25-12-14-33-15-13-25/h10-15,17,21-24,29,38H,7-9,16,18-20H2,1-6H3,(H2,34,35,41)/t22-,23-,24-,29-/m0/s1",5073,CC(C)NC(=O)Nc1ccc2O[C@@H](C)CCCCO[C@@H](CN(C)C(=O)c3ccncc3)[C@@H](C)CN([C@@H](C)CO)C(=O)c2c1,NA
Input,STOCK1N-09285,-0.24318376,InputSig,NA,NA,LINCSCP_104597,HELA,10uM,24h,large intestine,Estrogen receptor agonist,ESR1,IMSSROKUHAOUJS-VYJKVFMHSA-N,"InChI=1S/C21H26O2/c1-4-21(22)12-10-19-18-7-5-14-13-15(23-3)6-8-16(14)17(18)9-11-20(19,21)2/h1,6,8,13,17-19,22H,5,7,9-12H2,2-3H3/t17?,18?,19?,20-,21-/m0/s1",118,COc1ccc2C3CC[C@@]4(C)C(CC[C@@]4(O)C#C)C3CCc2c1,NA
Input,Aliskiren,-0.24309066,InputSig,NA,NA,LINCSCP_104188,HELA,0.04uM,24h,large intestine,Antihypertensive agent|Peptidase inhibitor|Protease inhibitor|Renin inhibitor,REN,UXOWGYHJODZGMF-QORCZRPOSA-N,"InChI=1S/C30H53N3O6/c1-19(2)22(14-21-10-11-26(38-8)27(15-21)39-13-9-12-37-7)16-24(31)25(34)17-23(20(3)4)28(35)33-18-30(5,6)29(32)36/h10-11,15,19-20,22-25,34H,9,12-14,16-18,31H2,1-8H3,(H2,32,36)(H,33,35)/t22-,23-,24-,25-/m0/s1",35653,COCCCOc1cc(C[C@@H](C[C@H](N)[C@@H](O)C[C@@H](C(C)C)C(=O)NCC(C)(C)C(=O)N)C(C)C)ccc1OC,4
Input,PF-04217903,-0.24300154,InputSig,NA,NA,LINCSCP_146443,NEU,3.33uM,24h,NA,C-Met inhibitor,MET,PDMUGYOXRHVNMO-UHFFFAOYSA-N,"InChI=1S/C19H16N8O/c28-7-6-26-12-15(9-22-26)17-10-21-18-19(23-17)27(25-24-18)11-13-3-4-16-14(8-13)2-1-5-20-16/h1-5,8-10,12,28H,6-7,11H2",4162,OCCn1cc(cn1)c2cnc3nnn(Cc4ccc5ncccc5c4)c3n2,1
Input,BRD-K82071478,-0.24257538,InputSig,NA,NA,LINCSCP_27605,HT29,5uM,24h,large intestine,NA,NA,QWCXAENNPFGWBU-LZWOXQAQSA-N,"InChI=1S/C18H25N3O5/c22-12-16-14(20-18(24)15-3-1-2-6-19-15)5-4-13(26-16)11-17(23)21-7-9-25-10-8-21/h1-3,6,13-14,16,22H,4-5,7-12H2,(H,20,24)/t13-,14+,16-/m0/s1",8270,OC[C@@H]1O[C@H](CC(=O)N2CCOCC2)CC[C@H]1NC(=O)c3ccccn3,NA
Input,9-Epiquinine,-0.24243301,InputSig,NA,NA,LINCSCP_80268,A375,10uM,24h,skin,Sodium channel blocker,SCN5A,LOUPRKONTZGTKE-FEBSWUBLSA-N,"InChI=1S/C20H24N2O2/c1-3-13-12-22-9-7-14(13)10-19(22)20(23)16-6-8-21-18-5-4-15(24-2)11-17(16)18/h3-6,8,11,13-14,19-20,23H,1,7,9-10,12H2,2H3/t13-,14-,19-,20-/m0/s1",1672,COc1ccc2nccc([C@H](O)[C@@H]3C[C@@H]4CCN3C[C@@H]4C=C)c2c1,NA
Input,Fingolimod (FTY720) HCl,-0.24238184,InputSig,NA,NA,LINCSCP_155519,PC3,0.37uM,24h,prostate,Sphingosine 1-phosphate receptor agonist,S1PR1|S1PR2|S1PR3|S1PR4|S1PR5,KKGQTZUTZRNORY-UHFFFAOYSA-N,"InChI=1S/C19H33NO2/c1-2-3-4-5-6-7-8-17-9-11-18(12-10-17)13-14-19(20,15-21)16-22/h9-12,21-22H,2-8,13-16,20H2,1H3",26616,CCCCCCCCc1ccc(CCC(N)(CO)CO)cc1,4
Input,"16,16-Dimethyl prostaglandin e2",-0.24238033,InputSig,NA,NA,LINCSCP_15452,HA1E,10uM,24h,kidney epithelial,Prostanoid receptor agonist,HPGD,QAOBBBBDJSWHMU-WMBBNPMCSA-N,"InChI=1S/C22H36O5/c1-4-5-14-22(2,3)20(25)13-12-17-16(18(23)15-19(17)24)10-8-6-7-9-11-21(26)27/h6,8,12-13,16-17,19-20,24-25H,4-5,7,9-11,14-15H2,1-3H3,(H,26,27)/b8-6-,13-12+/t16-,17-,19-,20-/m1/s1",37984,CCCCC(C)(C)[C@H](O)\C=C\[C@H]1[C@H](O)CC(=O)[C@@H]1C\C=C/CCCC(=O)O,NA
Input,Y-27632,-0.24233084,InputSig,NA,NA,LINCSCP_19189,HCC515,10uM,6h,lung,Rho associated kinase inhibitor,ROCK1|ROCK2,IYOZTVGMEWJPKR-IJLUTSLNSA-N,"InChI=1S/C14H21N3O/c1-10(15)11-2-4-12(5-3-11)14(18)17-13-6-8-16-9-7-13/h6-12H,2-5,15H2,1H3,(H,16,17,18)/t10-,11-,12-/m1/s1",37143,C[C@@H](N)[C@@H]1CC[C@H](CC1)C(=O)Nc2ccncc2,NA
Input,Epigalocatechin Gallate,-0.24225961,InputSig,NA,NA,LINCSCP_84588,ASC,0.12uM,24h,adipose,Bacterial DNA gyrase inhibitor,FASN,WMBWREPUVVBILR-WIYYLYMNSA-N,"InChI=1S/C22H18O11/c23-10-5-12(24)11-7-18(33-22(31)9-3-15(27)20(30)16(28)4-9)21(32-17(11)6-10)8-1-13(25)19(29)14(26)2-8/h1-6,18,21,23-30H,7H2/t18-,21-/m1/s1",36497,Oc1cc(O)c2C[C@@H](OC(=O)c3cc(O)c(O)c(O)c3)[C@H](Oc2c1)c4cc(O)c(O)c(O)c4,NA
Input,NSC650841,-0.24190846,InputSig,NA,NA,LINCSCP_58948,VCAP,10uM,24h,prostate,NA,NA,IIBOKVBFKUNLNA-UHFFFAOYSA-N,"InChI=1S/C14H9N3S/c1-2-6-10-9(5-1)15-13(16-10)14-17-11-7-3-4-8-12(11)18-14/h1-8H,(H,15,16)",23172,c1ccc2[nH]c(nc2c1)c3nc4ccccc4s3,NA
Input,Fentiazac,-0.24186388,InputSig,NA,NA,LINCSCP_89747,HA1E,3.33uM,24h,kidney epithelial,Cyclooxygenase inhibitor,PTGS1|PTGS2,JIEKMACRVQTPRC-UHFFFAOYSA-N,"InChI=1S/C17H12ClNO2S/c18-13-8-6-11(7-9-13)16-14(10-15(20)21)22-17(19-16)12-4-2-1-3-5-12/h1-9H,10H2,(H,20,21)",16306,OC(=O)Cc1sc(nc1c2ccc(Cl)cc2)c3ccccc3,NA
Input,Meadacid,-0.24174651,InputSig,NA,NA,LINCSCP_7104,A549,10uM,24h,lung,KPL-1 tumor suppressor,NA,UNSRRHDPHVZAHH-YOILPLPUSA-N,"InChI=1S/C20H34O2/c1-2-3-4-5-6-7-8-9-10-11-12-13-14-15-16-17-18-19-20(21)22/h9-10,12-13,15-16H,2-8,11,14,17-19H2,1H3,(H,21,22)/b10-9-,13-12-,16-15-",37324,CCCCCCCC\C=C/C\C=C/C\C=C/CCCC(=O)O,NA
Input,(+)-Timolol,-0.24147368,InputSig,NA,NA,LINCSCP_101456,HELA,0.37uM,24h,large intestine,NA,NA,BLJRIMJGRPQVNF-SNVBAGLBSA-N,"InChI=1S/C13H24N4O3S/c1-13(2,3)14-8-10(18)9-20-12-11(15-21-16-12)17-4-6-19-7-5-17/h10,14,18H,4-9H2,1-3H3/t10-/m1/s1",17625,CC(C)(C)NC[C@@H](O)COc1nsnc1N2CCOCC2,NA
Input,Gelsemine,-0.24143995,InputSig,NA,NA,LINCSCP_4268,A549,10uM,6h,lung,Acetylcholine receptor antagonist|Glycine receptor antagonist,GLRA3,NFYYATWFXNPTRM-CLIGSAHWSA-N,"InChI=1S/C20H22N2O2/c1-3-19-10-22(2)16-11-9-24-15(8-13(11)19)20(17(16)19)12-6-4-5-7-14(12)21-18(20)23/h3-7,11,13,15-17H,1,8-10H2,2H3,(H,21,23)/t11-,13?,15?,16+,17+,19-,20-/m0/s1",113,CN1C[C@@]2(C=C)C3CC4OC[C@@H]3[C@@H]1[C@H]2[C@@]45C(=O)Nc6ccccc56,NA
Input,R547,-0.24140179,InputSig,NA,NA,LINCSCP_106608,HELA,0.04uM,24h,large intestine,NA,NA,JRNJNYBQQYBCLE-UHFFFAOYSA-N,"InChI=1S/C18H21F2N5O4S/c1-29-13-4-3-12(19)15(20)14(13)16(26)11-9-22-18(24-17(11)21)23-10-5-7-25(8-6-10)30(2,27)28/h3-4,9-10H,5-8H2,1-2H3,(H3,21,22,23,24)",27012,COc1ccc(F)c(F)c1C(=O)c2cnc(NC3CCN(CC3)S(=O)(=O)C)nc2N,2
Input,H 8,-0.241394,InputSig,NA,NA,LINCSCP_14420,HA1E,10uM,24h,kidney epithelial,PKA inhibitor,NA,PJWUXKNZVMEPPH-UHFFFAOYSA-N,"InChI=1S/C12H15N3O2S/c1-13-7-8-15-18(16,17)12-4-2-3-10-9-14-6-5-11(10)12/h2-6,9,13,15H,7-8H2,1H3",24356,CNCCNS(=O)(=O)c1cccc2cnccc12,NA
Input,BRD-A70541707,-0.24085506,InputSig,NA,NA,LINCSCP_77220,A375,0.04uM,24h,skin,NA,NA,REEBVIZJIHXSIU-UHFFFAOYSA-N,"InChI=1S/C17H17ClN2O3S/c1-19(2)8-11(21)9-20-12-5-10(18)3-4-16(12)24-17-7-15(23)14(22)6-13(17)20/h3-7,11,21H,8-9H2,1-2H3",31647,CN(C)CC(O)CN1C2=CC(=O)C(=O)C=C2Sc3ccc(Cl)cc13,NA
Input,Stavudine,-0.24042284,InputSig,NA,NA,LINCSCP_127343,HT29,3.33uM,24h,large intestine,DNA directed DNA polymerase inhibitor|Reverse transcriptase inhibitor,NA,XNKLLVCARDGLGL-JGVFFNPUSA-N,"InChI=1S/C10H12N2O4/c1-6-4-12(10(15)11-9(6)14)8-3-2-7(5-13)16-8/h2-4,7-8,13H,5H2,1H3,(H,11,14,15)/t7-,8+/m0/s1",36600,CC1=CN([C@@H]2O[C@H](CO)C=C2)C(=O)NC1=O,4
Input,N-[4-Chloro-3-(trifluoromethyl)phenyl]-2-ethoxybenzamide,-0.24038804,InputSig,NA,NA,LINCSCP_112326,HEPG2,0.37uM,24h,liver,NA,NA,YDXZSNHARVUYNM-UHFFFAOYSA-N,"InChI=1S/C16H13ClF3NO2/c1-2-23-14-6-4-3-5-11(14)15(22)21-10-7-8-13(17)12(9-10)16(18,19)20/h3-9H,2H2,1H3,(H,21,22)",14187,CCOc1ccccc1C(=O)Nc2ccc(Cl)c(c2)C(F)(F)F,NA
Input,Idelalisib,-0.24029822,InputSig,NA,NA,LINCSCP_311070,VCAP,0.5uM,6h,prostate,PI3K inhibitor,PIK3CD|PIK3CG,IFSDAJWBUCMOAH-HNNXBMFYSA-N,"InChI=1S/C22H18FN7O/c1-2-15(28-20-18-19(25-11-24-18)26-12-27-20)21-29-16-10-6-9-14(23)17(16)22(31)30(21)13-7-4-3-5-8-13/h3-12,15H,2H2,1H3,(H2,24,25,26,27,28)/t15-/m0/s1",15179,CC[C@H](Nc1ncnc2[nH]cnc12)C3=Nc4cccc(F)c4C(=O)N3c5ccccc5,4
Input,CHEBI:48565,-0.24029007,InputSig,NA,NA,LINCSCP_208433,HA1E,10uM,6h,kidney epithelial,Adrenergic receptor antagonist,ADRA2A|ADRA2B|ADRA2C|HTR1A|HTR1B|HTR1D|HTR2B,BLGXFZZNTVWLAY-UHFFFAOYSA-N,"InChI=1S/C21H26N2O3/c1-26-21(25)19-15-10-17-20-14(13-4-2-3-5-16(13)22-20)8-9-23(17)11-12(15)6-7-18(19)24/h2-5,12,15,17-19,22,24H,6-11H2,1H3",15257,COC(=O)C1C(O)CCC2CN3CCc4c([nH]c5ccccc45)C3CC12,NA
Input,K784-3187,-0.24024164,InputSig,NA,NA,LINCSCP_125142,HT29,1.11uM,24h,large intestine,Estrogen receptor beta agonist,ESR2,NA,NA,NA,NA,NA
Input,Crizotinib,-0.24012204,InputSig,NA,NA,LINCSCP_115103,HS578T,0.04uM,3h,breast,ALK tyrosine kinase receptor inhibitor,ALK|MET,KTEIFNKAUNYNJU-GFCCVEGCSA-N,"InChI=1S/C21H22Cl2FN5O/c1-12(19-16(22)2-3-17(24)20(19)23)30-18-8-13(9-27-21(18)25)14-10-28-29(11-14)15-4-6-26-7-5-15/h2-3,8-12,15,26H,4-7H2,1H3,(H2,25,27)/t12-/m1/s1",16653,C[C@@H](Oc1cc(cnc1N)c2cnn(c2)C3CCNCC3)c4c(Cl)ccc(F)c4Cl,4
Input,Eperezolid,-0.24004542,InputSig,NA,NA,LINCSCP_77588,A375,0.37uM,24h,skin,NA,NA,SIMWTRCFFSTNMG-AWEZNQCLSA-N,"InChI=1S/C18H23FN4O5/c1-12(25)20-9-14-10-23(18(27)28-14)13-2-3-16(15(19)8-13)21-4-6-22(7-5-21)17(26)11-24/h2-3,8,14,24H,4-7,9-11H2,1H3,(H,20,25)/t14-/m0/s1",26903,CC(=O)NC[C@H]1CN(C(=O)O1)c2ccc(N3CCN(CC3)C(=O)CO)c(F)c2,NA
Input,TOFA,-0.23999973,InputSig,NA,NA,LINCSCP_126092,HT29,0.12uM,24h,large intestine,NA,NA,CZRCFAOMWRAFIC-UHFFFAOYSA-N,"InChI=1S/C19H32O4/c1-2-3-4-5-6-7-8-9-10-11-12-13-16-22-18-15-14-17(23-18)19(20)21/h14-15H,2-13,16H2,1H3,(H,20,21)",26629,CCCCCCCCCCCCCCOc1oc(cc1)C(=O)O,NA
Input,BRD-K93000597,-0.23995987,InputSig,NA,NA,LINCSCP_28173,HT29,5uM,24h,large intestine,NA,NA,NZNKLGUAWMZMPQ-WOJBJXKFSA-N,"InChI=1S/C21H23ClN2O2/c1-15(26)24-19(12-25)20(17-5-3-2-4-6-17)21(24)13-23(14-21)11-16-7-9-18(22)10-8-16/h2-10,19-20,25H,11-14H2,1H3/t19-,20-/m1/s1",34091,CC(=O)N1[C@H](CO)[C@@H](c2ccccc2)C13CN(Cc4ccc(Cl)cc4)C3,NA
Input,IN1304,-0.23991559,InputSig,NA,NA,LINCSCP_226542,HT29,10uM,6h,large intestine,Insulin sensitizer|PPAR receptor agonist,PPARG,QTQMRBZOBKYXCG-UHFFFAOYSA-N,"InChI=1S/C30H29N3O4/c1-33(28-13-7-8-18-31-28)19-20-37-24-16-14-22(15-17-24)21-27(30(35)36)32-26-12-6-5-11-25(26)29(34)23-9-3-2-4-10-23/h2-18,27,32H,19-21H2,1H3,(H,35,36)",121,CN(CCOc1ccc(CC(Nc2ccccc2C(=O)c3ccccc3)C(=O)O)cc1)c4ccccn4,NA
Input,Quinacrine,-0.23991436,InputSig,NA,NA,LINCSCP_25010,HT115,10uM,6h,large intestine,Cytokine production inhibitor|NFkB pathway inhibitor|TP53 activator,TP53,GPKJTRJOBQGKQK-UHFFFAOYSA-N,"InChI=1S/C23H30ClN3O/c1-5-27(6-2)13-7-8-16(3)25-23-19-11-9-17(24)14-22(19)26-21-12-10-18(28-4)15-20(21)23/h9-12,14-16H,5-8,13H2,1-4H3,(H,25,26)",15253,CCN(CC)CCCC(C)Nc1c2ccc(Cl)cc2nc3ccc(OC)cc13,2
Input,Flutamide,-0.2398295,InputSig,NA,NA,LINCSCP_120813,HT29,0.12uM,24h,large intestine,Androgen Receptor antagonist,AR,MKXKFYHWDHIYRV-UHFFFAOYSA-N,"InChI=1S/C11H11F3N2O3/c1-6(2)10(17)15-7-3-4-9(16(18)19)8(5-7)11(12,13)14/h3-6H,1-2H3,(H,15,17)",15527,CC(C)C(=O)Nc1ccc(c(c1)C(F)(F)F)[N+](=O)[O-],4
Input,Rimonabant,-0.23969687,InputSig,NA,NA,LINCSCP_169704,YAPC,10uM,24h,pancreas,Cannabinoid receptor antagonist,CNR1,JZCPYUJPEARBJL-UHFFFAOYSA-N,"InChI=1S/C22H21Cl3N4O/c1-14-20(22(30)27-28-11-3-2-4-12-28)26-29(19-10-9-17(24)13-18(19)25)21(14)15-5-7-16(23)8-6-15/h5-10,13H,2-4,11-12H2,1H3,(H,27,30)",39931,Cc1c(nn(c2ccc(Cl)cc2Cl)c1c3ccc(Cl)cc3)C(=O)NN4CCCCC4,4
Input,GSK 1059615,-0.23948547,InputSig,NA,NA,LINCSCP_113352,HME1,0.37uM,3h,breast,PI3K inhibitor,PIK3CA|PIK3CB|PIK3CD|PIK3CG,QDITZBLZQQZVEE-UHFFFAOYSA-N,"InChI=1S/C18H11N3O2S/c22-17-16(24-18(23)21-17)10-11-1-2-15-14(9-11)13(5-8-20-15)12-3-6-19-7-4-12/h1-10H,(H,21,22,23)",33564,O=C1NC(=O)C(=Cc2ccc3nccc(c4ccncc4)c3c2)S1,NA
Input,GSK 1059615,-0.23948547,InputSig,NA,NA,LINCSCP_113352,HME1,0.37uM,3h,breast,PI3K inhibitor,PIK3CA|PIK3CB|PIK3CD|PIK3CG,QDITZBLZQQZVEE-MHWRWJLKSA-N,"InChI=1S/C18H11N3O2S/c22-17-16(24-18(23)21-17)10-11-1-2-15-14(9-11)13(5-8-20-15)12-3-6-19-7-4-12/h1-10H,(H,21,22,23)/b16-10+",72,O=C1NC(=O)\C(=C/c2ccc3nccc(c4ccncc4)c3c2)\S1,NA
Input,STK-674938,-0.23939994,InputSig,NA,NA,LINCSCP_109586,HELA,0.04uM,24h,large intestine,NA,NA,NA,NA,NA,NA,NA
Input,BRD-K36206486,-0.23924918,InputSig,NA,NA,LINCSCP_27445,HT29,5uM,24h,large intestine,NA,NA,DRBRVKGUSIXHOZ-KKPNIWNPSA-N,"InChI=1S/C27H45N3O6S/c1-19-15-30(20(2)18-31)27(32)24-14-23(28-37(5,33)34)11-12-25(24)36-21(3)8-6-7-13-35-26(19)17-29(4)16-22-9-10-22/h11-12,14,19-22,26,28,31H,6-10,13,15-18H2,1-5H3/t19-,20+,21-,26+/m0/s1",32626,C[C@H](CO)N1C[C@H](C)[C@@H](CN(C)CC2CC2)OCCCC[C@H](C)Oc3ccc(NS(=O)(=O)C)cc3C1=O,NA
Input,CID 46937243,-0.2391914,InputSig,NA,NA,LINCSCP_21934,HEPG2,10uM,6h,liver,NA,NA,CYZUQDJBXAXVLN-UHFFFAOYSA-N,"InChI=1S/C34H32N4O3/c39-32(38-25-31(35-36-38)34(41,28-17-9-3-10-18-28)29-19-11-4-12-20-29)37-23-21-30(22-24-37)33(40,26-13-5-1-6-14-26)27-15-7-2-8-16-27/h1-20,25,30,40-41H,21-24H2",96,OC(C1CCN(CC1)C(=O)n2cc(nn2)C(O)(c3ccccc3)c4ccccc4)(c5ccccc5)c6ccccc6,NA
Input,Quinapril,-0.23876756,InputSig,NA,NA,LINCSCP_174037,YAPC,1.11uM,24h,pancreas,Angiotensin converting enzyme inhibitor,ACE,JSDRRTOADPPCHY-HSQYWUDLSA-N,"InChI=1S/C25H30N2O5/c1-3-32-25(31)21(14-13-18-9-5-4-6-10-18)26-17(2)23(28)27-16-20-12-8-7-11-19(20)15-22(27)24(29)30/h4-12,17,21-22,26H,3,13-16H2,1-2H3,(H,29,30)/t17-,21-,22-/m0/s1",35990,CCOC(=O)[C@H](CCc1ccccc1)N[C@@H](C)C(=O)N2Cc3ccccc3C[C@H]2C(=O)O,4
Input,Sertindole,-0.23874417,InputSig,NA,NA,LINCSCP_109133,HELA,1.11uM,24h,large intestine,Dopamine receptor antagonist|Serotonin receptor antagonist,DRD2|HTR2A|HTR2C,GZKLJWGUPQBVJQ-UHFFFAOYSA-N,"InChI=1S/C24H26ClFN4O/c25-18-1-6-23-21(15-18)22(16-30(23)20-4-2-19(26)3-5-20)17-7-10-28(11-8-17)13-14-29-12-9-27-24(29)31/h1-6,15-17H,7-14H2,(H,27,31)",16401,Fc1ccc(cc1)n2cc(C3CCN(CCN4CCNC4=O)CC3)c5cc(Cl)ccc25,4
Input,BRD-K16670827,-0.23863996,InputSig,NA,NA,LINCSCP_60662,VCAP,5uM,6h,prostate,NA,NA,DZDKJIRUSJXCKT-IEGUWTFLSA-N,"InChI=1S/C25H38N6O6/c1-17-12-31(18(2)15-32)24(33)7-6-10-30-13-19(27-28-30)16-37-23(17)14-29(3)25(34)26-21-9-8-20(35-4)11-22(21)36-5/h8-9,11,13,17-18,23,32H,6-7,10,12,14-16H2,1-5H3,(H,26,34)/t17-,18+,23-/m1/s1",508,COc1ccc(NC(=O)N(C)C[C@H]2OCc3cn(CCCC(=O)N(C[C@H]2C)[C@@H](C)CO)nn3)c(OC)c1,NA
Input,APD668,-0.23863774,InputSig,NA,NA,LINCSCP_102828,HELA,0.37uM,24h,large intestine,NA,NA,XTRUQJBVQBUKSQ-UHFFFAOYSA-N,"InChI=1S/C21H24FN5O5S/c1-13(2)31-21(28)26-8-6-14(7-9-26)32-20-16-11-25-27(19(16)23-12-24-20)18-5-4-15(10-17(18)22)33(3,29)30/h4-5,10-14H,6-9H2,1-3H3",27130,CC(C)OC(=O)N1CCC(CC1)Oc2ncnc3c2cnn3c4ccc(cc4F)S(=O)(=O)C,NA
Input,Isosorbide Mononitrate,-0.23845633,InputSig,NA,NA,LINCSCP_96591,HA1E,0.37uM,24h,kidney epithelial,Nitric oxide stimulant,GUCY1A2|GUCY1A3|GUCY1B3,YWXYYJSYQOXTPL-SLPGGIOYSA-N,"InChI=1S/C6H9NO6/c8-3-1-11-6-4(13-7(9)10)2-12-5(3)6/h3-6,8H,1-2H2/t3-,4+,5+,6+/m0/s1",36572,O[C@H]1CO[C@@H]2[C@@H](CO[C@H]12)O[N+](=O)[O-],4
Input,Lisofylline,-0.23842117,InputSig,NA,NA,LINCSCP_93013,HA1E,0.04uM,24h,kidney epithelial,NA,NA,NSMXQKNUPPXBRG-UHFFFAOYSA-N,"InChI=1S/C13H20N4O3/c1-9(18)6-4-5-7-17-12(19)10-11(14-8-15(10)2)16(3)13(17)20/h8-9,18H,4-7H2,1-3H3",26927,CC(O)CCCCN1C(=O)N(C)c2ncn(C)c2C1=O,NA
Input,Trametinib,-0.23839252,InputSig,NA,NA,LINCSCP_85442,BT20,1.11uM,24h,breast,MEK inhibitor,MAP2K1|MAP2K2,LIRYPHYGHXZJBZ-UHFFFAOYSA-N,"InChI=1S/C26H23FIN5O4/c1-13-22-21(23(31(3)24(13)35)30-20-10-7-15(28)11-19(20)27)25(36)33(17-8-9-17)26(37)32(22)18-6-4-5-16(12-18)29-14(2)34/h4-7,10-12,17,30H,8-9H2,1-3H3,(H,29,34)",37824,CN1C(=O)C(=C2N(C(=O)N(C3CC3)C(=O)C2=C1Nc4ccc(I)cc4F)c5cccc(NC(=O)C)c5)C,4
Input,SPECTRUM_000886,-0.23835001,InputSig,NA,NA,LINCSCP_14669,HA1E,10uM,24h,kidney epithelial,Estrogen receptor antagonist|Progesterone receptor agonist,ESR1|GNRHR,POZRVZJJTULAOH-GSQPBCFPSA-N,"InChI=1S/C22H27NO2/c1-4-22(24)10-8-18-16-6-5-15-11-19-14(13-23-25-19)12-20(15,2)17(16)7-9-21(18,22)3/h1,11,13,16-18,24H,5-10,12H2,2-3H3/t16?,17?,18?,20-,21-,22-/m0/s1",22196,C[C@]12Cc3cnoc3C=C1CCC4C2CC[C@@]5(C)C4CC[C@@]5(O)C#C,NA
Input,NKP608,-0.2382309,InputSig,NA,NA,LINCSCP_175790,YAPC,10uM,24h,pancreas,NA,NA,NXLUTEDAEFXMQR-BJKOFHAPSA-N,"InChI=1S/C31H24ClF6N3O2/c32-22-7-5-18(6-8-22)13-24-17-23(40-28(42)26-9-11-39-27-4-2-1-3-25(26)27)10-12-41(24)29(43)19-14-20(30(33,34)35)16-21(15-19)31(36,37)38/h1-9,11,14-16,23-24H,10,12-13,17H2,(H,40,42)/t23-,24+/m0/s1",26850,FC(F)(F)c1cc(cc(c1)C(F)(F)F)C(=O)N2CC[C@@H](C[C@H]2Cc3ccc(Cl)cc3)NC(=O)c4ccnc5ccccc45,NA
Input,Ketotifen,-0.23821218,InputSig,NA,NA,LINCSCP_73905,A375,0.37uM,24h,skin,Histamine receptor agonist|Histamine receptor ligand|Leukotriene receptor antagonist|Phosphodiesterase inhibitor,HRH1,ZCVMWBYGMWKGHF-UHFFFAOYSA-N,"InChI=1S/C19H19NOS/c1-20-9-6-13(7-10-20)18-15-5-3-2-4-14(15)12-17(21)19-16(18)8-11-22-19/h2-5,8,11H,6-7,9-10,12H2,1H3",15532,CN1CCC(=C2c3ccccc3CC(=O)c4sccc24)CC1,4
Input,Imiquimod,-0.23818103,InputSig,NA,NA,LINCSCP_4513,A549,10uM,24h,lung,Interferon inducer|TLR agonist,TLR7|TLR8,DOUYETYNHWVLEO-UHFFFAOYSA-N,"InChI=1S/C14H16N4/c1-9(2)7-18-8-16-12-13(18)10-5-3-4-6-11(10)17-14(12)15/h3-6,8-9H,7H2,1-2H3,(H2,15,17)",226,CC(C)Cn1cnc2c(N)nc3ccccc3c12,4
Input,BRD-K20604601,-0.23810681,InputSig,NA,NA,LINCSCP_62519,VCAP,5uM,6h,prostate,NA,NA,ZUSAVEKAEPAMKG-VPCZVLKOSA-N,"InChI=1S/C30H31N3O5/c34-18-27-30-25(15-23(37-27)16-29(36)33-12-9-20-3-1-2-4-21(20)17-33)24-14-22(5-6-26(24)38-30)32-28(35)13-19-7-10-31-11-8-19/h1-8,10-11,14,23,25,27,30,34H,9,12-13,15-18H2,(H,32,35)/t23-,25-,27+,30+/m0/s1",23994,OC[C@H]1O[C@H](CC(=O)N2CCc3ccccc3C2)C[C@@H]4[C@H]1Oc5ccc(NC(=O)Cc6ccncc6)cc45,NA
Input,Dihydrosphingosine,-0.2380977,InputSig,NA,NA,LINCSCP_144366,MCF7,0.33uM,24h,breast,NA,NA,OTKJDMGTUTTYMP-ZWKOTPCHSA-N,"InChI=1S/C18H39NO2/c1-2-3-4-5-6-7-8-9-10-11-12-13-14-15-18(21)17(19)16-20/h17-18,20-21H,2-16,19H2,1H3/t17-,18+/m0/s1",26820,CCCCCCCCCCCCCCC[C@@H](O)[C@@H](N)CO,NA
Input,MLS002276503,-0.23795652,InputSig,NA,NA,LINCSCP_19716,HCC515,10uM,6h,lung,NA,NA,NSNDFDGDMWBHFR-UHFFFAOYSA-N,"InChI=1S/C20H15N3O3/c1-4-18-19(26-12-25-18)7-13(1)9-21-20-16-8-14(15-5-6-24-10-15)2-3-17(16)22-11-23-20/h1-8,10-11H,9,12H2,(H,21,22,23)",39286,C(Nc1ncnc2ccc(cc12)c3cocc3)c4ccc5OCOc5c4,NA
Input,MK-3207 (Hydrochloride),-0.23766811,InputSig,NA,NA,LINCSCP_159123,PC3,10uM,24h,prostate,Calcitonin gene-related peptide type 1 receptor antagonist,CALCRL,AZAANWYREOQRFB-SETSBSEESA-N,"InChI=1S/C31H29F2N5O3/c32-21-10-19(11-22(33)13-21)25-16-35-31(7-1-2-8-31)29(41)38(25)17-26(39)36-23-6-5-18-14-30(15-20(18)12-23)24-4-3-9-34-27(24)37-28(30)40/h3-6,9-13,25,35H,1-2,7-8,14-17H2,(H,36,39)(H,34,37,40)/t25-,30+/m0/s1",27096,Fc1cc(F)cc(c1)[C@@H]2CNC3(CCCC3)C(=O)N2CC(=O)Nc4ccc5C[C@]6(Cc5c4)C(=O)Nc7ncccc67,2
Input,"SIN-1, Hydrochloride",-0.23766632,InputSig,NA,NA,LINCSCP_97545,HA1E,0.12uM,24h,kidney epithelial,NA,NA,FKDHHVKWGRFRTG-UHFFFAOYSA-N,"InChI=1S/C6H10N4O2/c7-6-5-10(8-12-6)9-1-3-11-4-2-9/h5,7H,1-4H2",27057,N=C1O[N-][N+](=C1)N2CCOCC2,NA
Input,SPECTRUM_001048,-0.23762245,InputSig,NA,NA,LINCSCP_50141,PHH,10uM,24h,NA,Estrogen receptor agonist,ESR1|ESR2|NR1I2,VOXZDWNPVJITMN-PAOLREHBSA-N,"InChI=1S/C18H24O2/c1-18-9-8-14-13-5-3-12(19)10-11(13)2-4-15(14)16(18)6-7-17(18)20/h3,5,10,14-17,19-20H,2,4,6-9H2,1H3/t14?,15?,16?,17-,18-/m0/s1",22160,C[C@]12CCC3C(CCc4cc(O)ccc34)C1CC[C@@H]2O,NA
Input,BX 912,-0.23759219,InputSig,NA,NA,LINCSCP_163035,SKBR3,0.37uM,24h,breast,Pyruvate dehydrogenase kinase inhibitor,PDK1|PDPK1,DMMILYKXNCVKOJ-UHFFFAOYSA-N,"InChI=1S/C20H23BrN8O/c21-17-12-24-19(28-18(17)23-7-6-16-11-22-13-25-16)26-14-4-3-5-15(10-14)27-20(30)29-8-1-2-9-29/h3-5,10-13H,1-2,6-9H2,(H,22,25)(H,27,30)(H2,23,24,26,28)",22132,Brc1cnc(Nc2cccc(NC(=O)N3CCCC3)c2)nc1NCCc4c[nH]cn4,NA
Input,Racecadotril,-0.23751269,InputSig,NA,NA,LINCSCP_154176,PC3,10uM,24h,prostate,Enkephalinase inhibitor,MME,ODUOJXZPIYUATO-UHFFFAOYSA-N,"InChI=1S/C21H23NO4S/c1-16(23)27-15-19(12-17-8-4-2-5-9-17)21(25)22-13-20(24)26-14-18-10-6-3-7-11-18/h2-11,19H,12-15H2,1H3,(H,22,25)",8067,CC(=O)SCC(Cc1ccccc1)C(=O)NCC(=O)OCc2ccccc2,4
Input,MDM2 Inhibitor,-0.23736773,InputSig,NA,NA,LINCSCP_22984,HEPG2,10uM,6h,liver,MDM inhibitor,MDM2,BYMGWCQXSPGCMW-XCVCLJGOSA-N,"InChI=1S/C15H12BIO3/c17-14-8-1-11(2-9-14)3-10-15(18)12-4-6-13(7-5-12)16(19)20/h1-10,19-20H/b10-3+",37932,OB(O)c1ccc(cc1)C(=O)\C=C\c2ccc(I)cc2,NA
Input,SCIO 469 hydrochloride,-0.23732461999999999,InputSig,NA,NA,LINCSCP_71612,A375,3.33uM,24h,skin,MAP kinase p38 alpha inhibitor,MAPK14,ZMELOYOKMZBMRB-DLBZAZTESA-N,"InChI=1S/C27H30ClFN4O3/c1-16-13-33(17(2)12-32(16)14-18-6-8-19(29)9-7-18)26(35)21-10-20-22(25(34)27(36)30(3)4)15-31(5)24(20)11-23(21)28/h6-11,15-17H,12-14H2,1-5H3/t16-,17+/m0/s1",27067,C[C@@H]1CN(Cc2ccc(F)cc2)[C@@H](C)CN1C(=O)c3cc4c(cn(C)c4cc3Cl)C(=O)C(=O)N(C)C,2
Input,Avrainvillamide,-0.23730812,InputSig,NA,NA,LINCSCP_28586,HT29,10uM,24h,large intestine,Nucleophosmin inhibitor,NA,ALXLLOQTGLPCFG-ATANMQQVSA-N,"InChI=1S/C26H27N3O4/c1-23(2)10-8-15-17(33-23)7-6-14-16-12-26-18(24(3,4)20(16)29(32)19(14)15)13-25(21(30)27-26)9-5-11-28(25)22(26)31/h6-8,10,12,18H,5,9,11,13H2,1-4H3,(H,27,30)/t18-,25-,26-/m0/s1",19887,CC1(C)Oc2ccc3C4=C[C@@]56NC(=O)[C@]7(CCCN7C5=O)C[C@H]6C(C)(C)C4=[N+]([O-])c3c2C=C1,NA
Input,MK-2461,-0.23730281,InputSig,NA,NA,LINCSCP_171421,YAPC,0.12uM,24h,pancreas,Hepatocyte growth factor receptor inhibitor,MET,JGEBLDKNWBUGRZ-HXUWFJFHSA-N,"InChI=1S/C24H25N5O5S/c1-28-13-18(12-26-28)17-9-22-23(25-11-17)6-4-16-3-5-19(10-21(16)24(22)30)27-35(31,32)29(2)14-20-15-33-7-8-34-20/h3-6,9-13,20,27H,7-8,14-15H2,1-2H3/t20-/m1/s1",26760,CN(C[C@@H]1COCCO1)S(=O)(=O)Nc2ccc3C=Cc4ncc(cc4C(=O)c3c2)c5cnn(C)c5,2
Input,1-(4-fluorobenzyl)-N-(piperidin-4-yl)-1H-benzo[d]imidazol-2-amine,-0.23722897,InputSig,NA,NA,LINCSCP_77603,A375,10uM,24h,skin,NA,NA,SFOVDSLXFUGAIV-UHFFFAOYSA-N,"InChI=1S/C19H21FN4/c20-15-7-5-14(6-8-15)13-24-18-4-2-1-3-17(18)23-19(24)22-16-9-11-21-12-10-16/h1-8,16,21H,9-13H2,(H,22,23)",26808,Fc1ccc(Cn2c(NC3CCNCC3)nc4ccccc24)cc1,NA
Input,THZ-2-98-01,-0.23718614,InputSig,NA,NA,LINCSCP_129979,LNCAP,3.33uM,24h,prostate,NA,NA,YYVIVPUDXXGAKS-WUXMJOGZSA-N,"InChI=1S/C28H27N7O2/c1-35(2)16-6-12-26(36)31-22-9-3-7-20(17-22)27(37)32-23-10-4-11-24(18-23)33-28-30-15-13-25(34-28)21-8-5-14-29-19-21/h3-15,17-19H,16H2,1-2H3,(H,31,36)(H,32,37)(H,30,33,34)/b12-6+",26531,CN(C)C\C=C\C(=O)Nc1cccc(c1)C(=O)Nc2cccc(Nc3nccc(n3)c4cccnc4)c2,NA
Input,THZ-2-98-01,-0.23718614,InputSig,NA,NA,LINCSCP_129979,LNCAP,3.33uM,24h,prostate,NA,NA,NA,NA,42713,NA,NA
Input,THZ-2-98-01,-0.23718614,InputSig,NA,NA,LINCSCP_129979,LNCAP,3.33uM,24h,prostate,NA,NA,NA,NA,42733,NA,NA
Input,AC1OAATK,-0.23708477,InputSig,NA,NA,LINCSCP_294933,VCAP,10uM,24h,prostate,NA,NA,GBOOMRLVNXMOQM-SRZZPIQSSA-N,"InChI=1S/C18H17ClN4O2/c1-12-3-2-9-23-17(12)22-16(20-8-10-24)15(18(23)25)11-21-14-6-4-13(19)5-7-14/h2-7,9,11,20,24H,8,10H2,1H3/b21-11+",16272,CC1=CC=CN2C(=O)C(=C(NCCO)N=C12)\C=N\c3ccc(Cl)cc3,NA
Input,MLS002425843,-0.23702969,InputSig,NA,NA,LINCSCP_19787,HCC515,10uM,6h,lung,NA,NA,UUPNXRQGWXFBRW-UHFFFAOYSA-N,"InChI=1S/C16H12N2O4S/c19-10-2-3-11(13(20)6-10)12-7-23-16(18-12)17-9-1-4-14-15(5-9)22-8-21-14/h1-7,19-20H,8H2,(H,17,18)",3582,Oc1ccc(c(O)c1)c2csc(Nc3ccc4OCOc4c3)n2,NA
Input,Ixabepilone,-0.23701648,InputSig,NA,NA,LINCSCP_156322,PC3,0.12uM,24h,prostate,Tubulin inhibitor,TUBA1A|TUBA1B|TUBA1C|TUBA3E|TUBA4A|TUBB|TUBB1|TUBB2A|TUBB2B|TUBB3|TUBB4A|TUBB4B|TUBB6|TUBB8,FABUFPQFXZVHFB-PVYNADRNSA-N,"InChI=1S/C27H42N2O5S/c1-15-9-8-10-27(7)22(34-27)12-20(16(2)11-19-14-35-18(4)28-19)29-23(31)13-21(30)26(5,6)25(33)17(3)24(15)32/h11,14-15,17,20-22,24,30,32H,8-10,12-13H2,1-7H3,(H,29,31)/b16-11+/t15-,17+,20-,21-,22-,24-,27+/m0/s1",9474,C[C@H]1CCC[C@@]2(C)O[C@H]2C[C@H](NC(=O)C[C@H](O)C(C)(C)C(=O)[C@H](C)[C@H]1O)\C(=C\c3csc(C)n3)\C,4
Input,ABT-751,-0.23694974,InputSig,NA,NA,LINCSCP_25643,HT29,10uM,24h,large intestine,Tubulin inhibitor,NA,URCVCIZFVQDVPM-UHFFFAOYSA-N,"InChI=1S/C18H17N3O4S/c1-25-15-8-10-16(11-9-15)26(23,24)21-17-3-2-12-19-18(17)20-13-4-6-14(22)7-5-13/h2-12,21-22H,1H3,(H,19,20)",36703,COc1ccc(cc1)S(=O)(=O)Nc2cccnc2Nc3ccc(O)cc3,NA
Input,Cevimeline hydrochloride,-0.23679396,InputSig,NA,NA,LINCSCP_103896,HELA,3.33uM,24h,large intestine,NA,NA,YMMKDPCCYMGDHD-JWGPUQBJSA-N,"InChI=1S/2C10H17NOS/c2*1-8-12-10(7-13-8)6-11-4-2-9(10)3-5-11/h2*8-9H,2-7H2,1H3/t2*8-,10-/m10/s1",26654,C[C@@H]1O[C@@]2(CS1)CN3CCC2CC3.C[C@H]4O[C@]5(CS4)CN6CCC5CC6,NA
Input,Levobunolol,-0.2367561,InputSig,NA,NA,LINCSCP_101899,HELA,0.37uM,24h,large intestine,Beta-1 adrenergic receptor antagonist|Beta-2 adrenergic receptor antagonist,ADRB1|ADRB2,IXHBTMCLRNMKHZ-LBPRGKRZSA-N,"InChI=1S/C17H25NO3/c1-17(2,3)18-10-12(19)11-21-16-9-5-6-13-14(16)7-4-8-15(13)20/h5-6,9,12,18-19H,4,7-8,10-11H2,1-3H3/t12-/m0/s1",16575,CC(C)(C)NC[C@H](O)COc1cccc2C(=O)CCCc12,4
Input,Doxazosin,-0.23674856,InputSig,NA,NA,LINCSCP_92711,HA1E,1.11uM,24h,kidney epithelial,Adrenergic receptor antagonist,ADRA1A|ADRA1B|ADRA1D,RUZYUOTYCVRMRZ-UHFFFAOYSA-N,"InChI=1S/C23H25N5O5/c1-30-18-11-14-15(12-19(18)31-2)25-23(26-21(14)24)28-9-7-27(8-10-28)22(29)20-13-32-16-5-3-4-6-17(16)33-20/h3-6,11-12,20H,7-10,13H2,1-2H3,(H2,24,25,26)",36220,COc1cc2nc(nc(N)c2cc1OC)N3CCN(CC3)C(=O)C4COc5ccccc5O4,4
Input,Fasudil,-0.23659257,InputSig,NA,NA,LINCSCP_109989,HELA,10uM,24h,large intestine,Rho associated kinase inhibitor,ROCK1|ROCK2,NGOGFTYYXHNFQH-UHFFFAOYSA-N,"InChI=1S/C14H17N3O2S/c18-20(19,17-9-2-6-15-8-10-17)14-4-1-3-12-11-16-7-5-13(12)14/h1,3-5,7,11,15H,2,6,8-10H2",15916,O=S(=O)(N1CCCNCC1)c2cccc3cnccc23,3
Input,NCGC00011767,-0.23655417,InputSig,NA,NA,LINCSCP_189493,A549,10uM,24h,lung,NA,NA,DBTWZLIQIQEKBB-UHFFFAOYSA-N,"InChI=1S/C20H17N3O/c1-14-3-2-4-15(9-14)11-21-20-18-10-16(17-7-8-24-12-17)5-6-19(18)22-13-23-20/h2-10,12-13H,11H2,1H3,(H,21,22,23)",1839,Cc1cccc(CNc2ncnc3ccc(cc23)c4cocc4)c1,NA
Input,Rucaparib,-0.23652804,InputSig,NA,NA,LINCSCP_112492,HEPG2,3.33uM,24h,liver,PARP inhibitor,PARP1|PARP2|PARP3,HMABYWSNWIZPAG-UHFFFAOYSA-N,"InChI=1S/C19H18FN3O/c1-21-10-11-2-4-12(5-3-11)18-14-6-7-22-19(24)15-8-13(20)9-16(23-18)17(14)15/h2-5,8-9,21,23H,6-7,10H2,1H3,(H,22,24)",16216,CNCc1ccc(cc1)c2[nH]c3cc(F)cc4C(=O)NCCc2c34,4
Input,ST51005413,-0.23642474,InputSig,NA,NA,LINCSCP_4850,A549,10uM,6h,lung,NA,NA,WTFRYRFNRVFFEJ-UHFFFAOYSA-N,"InChI=1S/C10H9N5/c1-2-4-8(5-3-1)9-6-7-15-10(11-9)12-13-14-15/h1-6H,7H2,(H,11,12,14)",36325,C1C=C(Nc2nnnn12)c3ccccc3,NA
Input,BRD-K18746324,-0.23640417,InputSig,NA,NA,LINCSCP_312281,VCAP,10uM,24h,prostate,NA,NA,GMLMGXOKFZUTJK-AOHZBQACSA-N,"InChI=1S/C24H25N3O2/c25-15-21-24(20-8-6-19(7-9-20)18-4-2-1-3-5-18)22(16-28)27(21)23(29)14-17-10-12-26-13-11-17/h4,6-13,21-22,24,28H,1-3,5,14,16H2/t21-,22+,24-/m1/s1",2262,OC[C@H]1[C@@H]([C@@H](C#N)N1C(=O)Cc2ccncc2)c3ccc(cc3)C4=CCCCC4,NA
Input,Luteolin,-0.23640271,InputSig,NA,NA,LINCSCP_121607,HT29,10uM,24h,large intestine,Glucosidase inhibitor,NA,IQPNAANSBPBGFQ-UHFFFAOYSA-N,"InChI=1S/C15H10O6/c16-8-4-11(19)15-12(20)6-13(21-14(15)5-8)7-1-2-9(17)10(18)3-7/h1-6,16-19H",36396,Oc1cc(O)c2C(=O)C=C(Oc2c1)c3ccc(O)c(O)c3,NA
Input,Clofibric acid,-0.23628867,InputSig,NA,NA,LINCSCP_141711,MCF7,0.12uM,24h,breast,PPAR receptor agonist,PPARA,TXCGAZHTZHNUAI-UHFFFAOYSA-N,"InChI=1S/C10H11ClO3/c1-10(2,9(12)13)14-8-5-3-7(11)4-6-8/h3-6H,1-2H3,(H,12,13)",15469,CC(C)(Oc1ccc(Cl)cc1)C(=O)O,NA
Input,Saracatinib,-0.23627142,InputSig,NA,NA,LINCSCP_99779,HCC515,0.04uM,24h,lung,Src inhibitor,ABL1|SRC,OUKYUETWWIPKQR-UHFFFAOYSA-N,"InChI=1S/C27H32ClN5O5/c1-32-6-8-33(9-7-32)10-13-35-19-14-21-24(23(15-19)38-18-4-11-34-12-5-18)27(30-16-29-21)31-25-20(28)2-3-22-26(25)37-17-36-22/h2-3,14-16,18H,4-13,17H2,1H3,(H,29,30,31)",36840,CN1CCN(CCOc2cc(OC3CCOCC3)c4c(Nc5c(Cl)ccc6OCOc56)ncnc4c2)CC1,3
Input,STO609,-0.23615015,InputSig,NA,NA,LINCSCP_2800,A375,10uM,6h,skin,Calmodulin antagonist,CAMKK1|CAMKK2,MYKOWOGZBMOVBJ-UHFFFAOYSA-N,"InChI=1S/C19H10N2O3/c22-18-13-5-3-4-10-11(19(23)24)8-9-12(16(10)13)17-20-14-6-1-2-7-15(14)21(17)18/h1-9H,(H,23,24)",35833,OC(=O)c1ccc2c3nc4ccccc4n3C(=O)c5cccc1c25,NA
Input,BRD-K04750859,-0.23602601,InputSig,NA,NA,LINCSCP_35160,MCF7,5uM,24h,breast,NA,NA,VTGHQTOBEXVTNQ-SJLPKXTDSA-N,"InChI=1S/C20H22N4O3/c1-2-17(26)24-16(11-25)18(14-6-4-3-5-7-14)20(24)12-23(13-20)19(27)15-10-21-8-9-22-15/h3-10,16,18,25H,2,11-13H2,1H3/t16-,18-/m1/s1",31811,CCC(=O)N1[C@H](CO)[C@@H](c2ccccc2)C13CN(C3)C(=O)c4cnccn4,NA
Input,STK064652,-0.23596372,InputSig,NA,NA,LINCSCP_202844,A673,10uM,6h,bone,NA,NA,AGQNVTZMIXEHKC-UHFFFAOYSA-N,"InChI=1S/C29H31N3O/c1-3-32(4-2)23-16-14-21(15-17-23)29-28-26(30-24-12-8-9-13-25(24)31-29)18-22(19-27(28)33)20-10-6-5-7-11-20/h5-17,22,29-31H,3-4,18-19H2,1-2H3",16510,CCN(CC)c1ccc(cc1)C2Nc3ccccc3NC4=C2C(=O)CC(C4)c5ccccc5,NA
Input,SB-431542,-0.23594203,InputSig,NA,NA,LINCSCP_52772,SKB,10uM,24h,NA,TGF beta receptor inhibitor,ACVR1C|TGFBR1,FHYUGAJXYORMHI-UHFFFAOYSA-N,"InChI=1S/C22H16N4O3/c23-21(27)13-4-6-14(7-5-13)22-25-19(20(26-22)16-3-1-2-10-24-16)15-8-9-17-18(11-15)29-12-28-17/h1-11H,12H2,(H2,23,27)(H,25,26)",15848,NC(=O)c1ccc(cc1)c2nc(c3ccc4OCOc4c3)c([nH]2)c5ccccn5,NA
Input,BRD-K81658952,-0.23579892,InputSig,NA,NA,LINCSCP_35250,MCF7,10uM,24h,breast,NA,NA,UAPJRYKULVRBJS-PYTYSOFPSA-N,"InChI=1S/C26H31N3O6/c30-15-23-25-21(11-19(34-23)12-24(31)28-14-16-2-1-7-27-13-16)20-10-18(3-4-22(20)35-25)29-26(32)17-5-8-33-9-6-17/h1-4,7,10,13,17,19,21,23,25,30H,5-6,8-9,11-12,14-15H2,(H,28,31)(H,29,32)/t19-,21+,23-,25-/m0/s1",8076,OC[C@@H]1O[C@H](CC(=O)NCc2cccnc2)C[C@H]3[C@@H]1Oc4ccc(NC(=O)C5CCOCC5)cc34,NA
Input,LCL161,-0.23564806,InputSig,NA,NA,LINCSCP_102629,HELA,1.11uM,24h,large intestine,NA,NA,UFPFGVNKHCLJJO-SSKFGXFMSA-N,"InChI=1S/C26H33FN4O3S/c1-16(28-2)24(33)30-22(17-7-4-3-5-8-17)26(34)31-14-6-9-21(31)25-29-20(15-35-25)23(32)18-10-12-19(27)13-11-18/h10-13,15-17,21-22,28H,3-9,14H2,1-2H3,(H,30,33)/t16-,21-,22-/m0/s1",27168,CN[C@@H](C)C(=O)N[C@@H](C1CCCCC1)C(=O)N2CCC[C@H]2c3nc(cs3)C(=O)c4ccc(F)cc4,NA
Input,BRD-A32440707,-0.23564386,InputSig,NA,NA,LINCSCP_74905,A375,0.04uM,24h,skin,NA,NA,JBBNFGYRYNBDIH-HEXHOXMLSA-N,"InChI=1S/C25H34O6/c1-14(26)18-6-7-19-17-5-4-15-12-16(27)10-11-24(15,2)23(17)20(13-25(18,19)3)31-22(30)9-8-21(28)29/h12,17-20,23H,4-11,13H2,1-3H3,(H,28,29)/t17?,18-,19?,20-,23?,24+,25-/m1/s1",1376,CC(=O)[C@H]1CCC2C3CCC4=CC(=O)CC[C@]4(C)C3[C@@H](C[C@]12C)OC(=O)CCC(=O)O,NA
Input,BRD-K60783789,-0.23548926,InputSig,NA,NA,LINCSCP_65668,VCAP,10uM,24h,prostate,NA,NA,QZFJDHDBBHYKPX-IXFSTUDKSA-N,"InChI=1S/C24H33FN2O4S/c1-5-12-26(4)15-23-17(2)14-27(18(3)16-28)32(29,30)24-11-8-20(13-22(24)31-23)19-6-9-21(25)10-7-19/h6-11,13,17-18,23,28H,5,12,14-16H2,1-4H3/t17-,18+,23-/m0/s1",13148,CCCN(C)C[C@@H]1Oc2cc(ccc2S(=O)(=O)N(C[C@@H]1C)[C@H](C)CO)c3ccc(F)cc3,NA
Input,Andrographolide,-0.23544784,InputSig,NA,NA,LINCSCP_95349,HA1E,3.33uM,24h,kidney epithelial,NA,NA,BOJKULTULYSRAS-JAAXSKLYSA-N,"InChI=1S/C20H30O5/c1-12-4-7-16-19(2,9-8-17(23)20(16,3)11-21)14(12)6-5-13-15(22)10-25-18(13)24/h5,14-17,21-23H,1,4,6-11H2,2-3H3/b13-5+/t14-,15-,16?,17-,19+,20+/m1/s1",26795,C[C@@]1(CO)[C@H](O)CC[C@@]2(C)[C@H](C\C=C\3/[C@H](O)COC3=O)C(=C)CCC12,NA
Input,BRD-K15761174,-0.23542476,InputSig,NA,NA,LINCSCP_60463,VCAP,5uM,6h,prostate,NA,NA,CLQLHKYRPGBFMB-UZINWLIJSA-N,"InChI=1S/C28H36N4O3/c1-20-16-32(21(2)19-33)28(34)25-14-23(11-12-24-10-6-7-13-29-24)15-30-27(25)35-26(20)18-31(3)17-22-8-4-5-9-22/h6-7,10,13-15,20-22,26,33H,4-5,8-9,16-19H2,1-3H3/t20-,21+,26-/m0/s1",500,C[C@H](CO)N1C[C@H](C)[C@H](CN(C)CC2CCCC2)Oc3ncc(cc3C1=O)C#Cc4ccccn4,NA
Input,Nifedipine,-0.2351913,InputSig,NA,NA,LINCSCP_39893,NCIH1694,10uM,6h,lung,Voltage-gated L-type calcium channel blocker,CACNA1C|CACNA1D|CACNA1F|CACNA1S|CACNA2D1,HYIMSNHJOBLJNT-UHFFFAOYSA-N,"InChI=1S/C17H18N2O6/c1-9-13(16(20)24-3)15(14(10(2)18-9)17(21)25-4)11-7-5-6-8-12(11)19(22)23/h5-8,15,18H,1-4H3",36177,COC(=O)C1=C(C)NC(=C(C1c2ccccc2[N+](=O)[O-])C(=O)OC)C,4
Input,Benoxinate,-0.23504341,InputSig,NA,NA,LINCSCP_33458,MCF7,10uM,6h,breast,Local anesthetic,SCN10A|SCN11A|SCN1A|SCN2A|SCN3A|SCN4A|SCN5A|SCN7A|SCN8A|SCN9A,CMHHMUWAYWTMGS-UHFFFAOYSA-N,"InChI=1S/C17H28N2O3/c1-4-7-11-21-16-13-14(8-9-15(16)18)17(20)22-12-10-19(5-2)6-3/h8-9,13H,4-7,10-12,18H2,1-3H3",17834,CCCCOc1cc(ccc1N)C(=O)OCCN(CC)CC,4
Input,SPECTRUM1505012,-0.23502813,InputSig,NA,NA,LINCSCP_97576,HA1E,0.04uM,24h,kidney epithelial,Aromatase inhibitor,CYP19A1,BFYIZQONLCFLEV-VQIOPMHJSA-N,"InChI=1S/C20H24O2/c1-12-10-14-15-4-5-18(22)20(15,3)9-7-16(14)19(2)8-6-13(21)11-17(12)19/h6,8,11,14-16H,1,4-5,7,9-10H2,2-3H3/t14?,15?,16?,19-,20+/m1/s1",449,C[C@]12CCC3C(CC(=C)C4=CC(=O)C=C[C@]34C)C1CCC2=O,NA
Input,KU-C104220,-0.23499118,InputSig,NA,NA,LINCSCP_21953,HEPG2,10uM,6h,liver,NA,NA,NA,NA,42709,NA,NA
Input,BRD-A01645196,-0.23497142,InputSig,NA,NA,LINCSCP_87162,CD34,1.11uM,24h,bone marrow,NA,NA,GRBDTJPMNXXXCP-QQGAXKBNSA-N,"InChI=1S/C37H48O6/c1-21(2)11-12-26(24(7)8)19-36-20-27(17-23(5)6)35(9,10)37(34(36)43,16-15-22(3)4)33(42)30(32(36)41)31(40)25-13-14-28(38)29(39)18-25/h11,13-15,17-18,26-27,30,38-39H,7,12,16,19-20H2,1-6,8-10H3/t26-,27+,30?,36+,37-/m0/s1",14130,CC(=CC[C@@H](C[C@@]12C[C@@H](C=C(C)C)C(C)(C)[C@@](CC=C(C)C)(C(=O)C(C(=O)c3ccc(O)c(O)c3)C1=O)C2=O)C(=C)C)C,NA
Input,GSK-3 Inhibitor IX,-0.23486527,InputSig,NA,NA,LINCSCP_86196,BT20,10uM,3h,breast,NA,NA,DDLZLOKCJHBUHD-PHQNPPNDSA-N,"InChI=1S/C16H10BrN3O2/c17-8-5-6-9-12(7-8)19-16(21)13(9)15-14(20-22)10-3-1-2-4-11(10)18-15/h1-7,18,22H,(H,19,21)/b15-13-,20-14?",6133,Oc1[nH]c2cc(Br)ccc2c1c3[nH]c4ccccc4c3N=O,NA
Input,MLS002699429,-0.23479645,InputSig,NA,NA,LINCSCP_205982,CORL23,40uM,6h,lung,NA,NA,QXFVQXRFCWCTQE-UFFVCSGVSA-N,"InChI=1S/C16H18F3N3O2/c1-10(21-22-14(23)12-4-2-3-5-12)11-6-8-13(9-7-11)20-15(24)16(17,18)19/h6-9,12H,2-5H2,1H3,(H,20,24)(H,22,23)/b21-10+",40336,C\C(=N/NC(=O)C1CCCC1)\c2ccc(NC(=O)C(F)(F)F)cc2,NA
Input,Ebselen,-0.23469926,InputSig,NA,NA,LINCSCP_101390,HELA,0.37uM,24h,large intestine,Cyclooxygenase inhibitor|Glutathione peroxidase agonist|H+/K+-ATPase inhibitor|Nitric oxide synthase inhibitor,NA,DYEFUKCXAQOFHX-UHFFFAOYSA-N,InChI=1S/C13H9NOSe/c15-13-11-8-4-5-9-12(11)16-14(13)10-6-2-1-3-7-10/h1-9H,15100,O=C1N([Se]c2ccccc12)c3ccccc3,NA
Input,Gatifloxacin,-0.23458032,InputSig,NA,NA,LINCSCP_142074,MCF7,3.33uM,24h,breast,Bacterial DNA gyrase inhibitor,NA,XUBOMFCQGDBHNK-UHFFFAOYSA-N,"InChI=1S/C19H22FN3O4/c1-10-8-22(6-5-21-10)16-14(20)7-12-15(18(16)27-2)23(11-3-4-11)9-13(17(12)24)19(25)26/h7,9-11,21H,3-6,8H2,1-2H3,(H,25,26)",16252,COc1c(N2CCNC(C)C2)c(F)cc3C(=O)C(=CN(C4CC4)c13)C(=O)O,4
Input,Hypericin,-0.23456418,InputSig,NA,NA,LINCSCP_262119,NPC,10uM,24h,neural progenitor cells,Tyrosine kinase inhibitor,NA,BTXNYTINYBABQR-UHFFFAOYSA-N,"InChI=1S/C30H16O8/c1-7-3-9(31)19-23-15(7)16-8(2)4-10(32)20-24(16)28-26-18(12(34)6-14(36)22(26)30(20)38)17-11(33)5-13(35)21(29(19)37)25(17)27(23)28/h3-6,31-36H,1-2H3",15536,Cc1cc(O)c2C(=O)c3c(O)cc(O)c4c5c(O)cc(O)c6C(=O)c7c(O)cc(C)c8c1c2c(c34)c(c78)c56,NA
Input,PF-04447943,-0.23452433,InputSig,NA,NA,LINCSCP_107901,HELA,0.12uM,24h,large intestine,NA,NA,IWXUVYOOUMLUTQ-CZUORRHYSA-N,"InChI=1S/C20H25N7O2/c1-13-10-26(12-17-21-5-2-6-22-17)11-16(13)18-24-19-15(20(28)25-18)9-23-27(19)14-3-7-29-8-4-14/h2,5-6,9,13-14,16H,3-4,7-8,10-12H2,1H3,(H,24,25,28)/t13-,16-/m1/s1",26448,C[C@@H]1CN(Cc2ncccn2)C[C@H]1C3=Nc4c(cnn4C5CCOCC5)C(=O)N3,NA
Input,TG 100801,-0.23437743,InputSig,NA,NA,LINCSCP_169609,YAPC,3.33uM,24h,pancreas,Ephrin type-B receptor 4 inhibitor|Fibroblast growth factor receptor 1 inhibitor|Fibroblast growth factor receptor 2 inhibitor|Platelet-derived growth factor receptor beta inhibitor|SRC inhibitor|Vascular endothelial growth factor receptor 1 inhibitor|Vascular endothelial growth factor receptor 2 inhibitor,BLK|EPHB4|FGFR1|FGFR2|FGR|FLT1|FRK|FYN|HCK|KDR|LCK|LYN|PDGFRB|SRC|SRMS|YES1,JMGXJHWTVBGOKG-UHFFFAOYSA-N,"InChI=1S/C33H30ClN5O3/c1-22-19-24(28-21-27(13-14-29(28)34)42-32(40)23-7-3-2-4-8-23)20-30-31(22)36-33(38-37-30)35-25-9-11-26(12-10-25)41-18-17-39-15-5-6-16-39/h2-4,7-14,19-21H,5-6,15-18H2,1H3,(H,35,36,38)",27180,Cc1cc(cc2nnc(Nc3ccc(OCCN4CCCC4)cc3)nc12)c5cc(OC(=O)c6ccccc6)ccc5Cl,2
Input,SB-202190,-0.23421074,InputSig,NA,NA,LINCSCP_7179,A549,10uM,6h,lung,P38 MAPK inhibitor,MAPK14,QHKYPYXTTXKZST-UHFFFAOYSA-N,"InChI=1S/C20H14FN3O/c21-16-5-1-13(2-6-16)18-19(14-9-11-22-12-10-14)24-20(23-18)15-3-7-17(25)8-4-15/h1-12,25H,(H,23,24)",14555,Oc1ccc(cc1)c2nc(c3ccc(F)cc3)c([nH]2)c4ccncc4,NA
Input,BRD-K88243749,-0.23413197,InputSig,NA,NA,LINCSCP_3164,A375,5uM,24h,skin,NA,NA,JZEVKSWSVNZKOH-RZDWVWPCSA-N,"InChI=1S/C33H48N4O6/c1-22(2)34-33(41)36(6)20-30-23(3)19-37(24(4)21-38)32(40)28-18-27(35-31(39)26-13-8-7-9-14-26)15-16-29(28)43-25(5)12-10-11-17-42-30/h7-9,13-16,18,22-25,30,38H,10-12,17,19-21H2,1-6H3,(H,34,41)(H,35,39)/t23-,24+,25+,30+/m0/s1",25622,CC(C)NC(=O)N(C)C[C@H]1OCCCC[C@@H](C)Oc2ccc(NC(=O)c3ccccc3)cc2C(=O)N(C[C@@H]1C)[C@H](C)CO,NA
Input,SCHEMBL6874948,-0.23409356,InputSig,NA,NA,LINCSCP_113348,HME1,0.04uM,3h,breast,LCK Inhibitor,LCK,VVTHOUCIAGHQBD-UHFFFAOYSA-N,"InChI=1S/C31H27F3N4O3/c1-40-23-13-21(14-24(17-23)41-2)19-3-6-27-25(15-19)30-20(18-36-27)4-8-29(39)38(30)22-5-7-28(26(16-22)31(32,33)34)37-11-9-35-10-12-37/h3-8,13-18,35H,9-12H2,1-2H3",22273,COc1cc(OC)cc(c1)c2ccc3ncc4C=CC(=O)N(c5ccc(N6CCNCC6)c(c5)C(F)(F)F)c4c3c2,NA
Input,PIK-93,-0.23384125,InputSig,NA,NA,LINCSCP_85321,BT20,3.33uM,24h,breast,NA,NA,JFVNFXCESCXMBC-UHFFFAOYSA-N,"InChI=1S/C14H16ClN3O4S2/c1-8-13(23-14(17-8)18-9(2)20)10-3-4-11(15)12(7-10)24(21,22)16-5-6-19/h3-4,7,16,19H,5-6H2,1-2H3,(H,17,18,20)",34323,CC(=O)Nc1nc(C)c(s1)c2ccc(Cl)c(c2)S(=O)(=O)NCCO,NA
Input,Cyclobenzaprine,-0.23383514,InputSig,NA,NA,LINCSCP_105690,HELA,0.37uM,24h,large intestine,Adrenergic receptor agonist|Serotonin receptor agonist,HTR2A|HTR2C,JURKNVYFZMSNLP-UHFFFAOYSA-N,"InChI=1S/C20H21N/c1-21(2)15-7-12-20-18-10-5-3-8-16(18)13-14-17-9-4-6-11-19(17)20/h3-6,8-14H,7,15H2,1-2H3",16341,CN(C)CCC=C1c2ccccc2C=Cc3ccccc13,4
Input,Gaboxadol,-0.23380367,InputSig,NA,NA,LINCSCP_273443,PC3,10uM,24h,prostate,GABA receptor agonist,GABRA1|GABRA2|GABRA3|GABRA4|GABRA5|GABRA6|GABRB1|GABRB2|GABRB3|GABRD,ZXRVKCBLGJOCEE-UHFFFAOYSA-N,"InChI=1S/C6H8N2O2/c9-6-4-1-2-7-3-5(4)10-8-6/h7H,1-3H2,(H,8,9)",16453,Oc1noc2CNCCc12,3
Input,Niacin,-0.2337179,InputSig,NA,NA,LINCSCP_94615,HA1E,0.04uM,24h,kidney epithelial,NAD precursor with lipid lowering effects|Vitamin B,HCAR2|HCAR3,PVNIIMVLHYAWGP-UHFFFAOYSA-N,"InChI=1S/C6H5NO2/c8-6(9)5-2-1-3-7-4-5/h1-4H,(H,8,9)",15066,OC(=O)c1cccnc1,4
Input,CLONAZEPAM,-0.23363324,InputSig,NA,NA,LINCSCP_93692,HA1E,1.11uM,24h,kidney epithelial,GABA-A receptor; anion channel positive allosteric modulator,GABRA1|GABRA2|GABRA3|GABRA4|GABRA5|GABRA6|GABRB1|GABRB2|GABRB3|GABRD|GABRE|GABRG1|GABRG2|GABRG3|GABRP|GABRQ,DGBIGWXXNGSACT-UHFFFAOYSA-N,"InChI=1S/C15H10ClN3O3/c16-12-4-2-1-3-10(12)15-11-7-9(19(21)22)5-6-13(11)18-14(20)8-17-15/h1-7H,8H2,(H,18,20)",26976,[O-][N+](=O)c1ccc2NC(=O)CN=C(c3ccccc3Cl)c2c1,4
Input,BP-554,-0.23347221,InputSig,NA,NA,LINCSCP_7174,A549,10uM,6h,lung,Serotonin receptor agonist,HTR1A,VUSNBQDZGKZEDL-UHFFFAOYSA-N,"InChI=1S/C20H24N2O3/c1-2-5-17(6-3-1)22-12-10-21(11-13-22)9-4-14-23-18-7-8-19-20(15-18)25-16-24-19/h1-3,5-8,15H,4,9-14,16H2",15674,C(COc1ccc2OCOc2c1)CN3CCN(CC3)c4ccccc4,NA
Input,NU1025,-0.23326357,InputSig,NA,NA,LINCSCP_9718,A549,0.1uM,24h,lung,DNA dependent protein kinase inhibitor|PARP inhibitor,PARP1,YJDAOHJWLUNFLX-UHFFFAOYSA-N,"InChI=1S/C9H8N2O2/c1-5-10-8-6(9(13)11-5)3-2-4-7(8)12/h2-4,12H,1H3,(H,10,11,13)",36280,CC1=Nc2c(O)cccc2C(=O)N1,NA
Input,SA-1939079,-0.23317602,InputSig,NA,NA,LINCSCP_252504,MCF7,0.5uM,6h,breast,NA,NA,VHGYWENKJQVQTR-QFIPXVFZSA-N,"InChI=1S/C27H35N5O5/c1-16-24(17(2)37-30-16)29-26(34)32-15-27(13-31(14-27)11-18-6-8-36-9-7-18)23-20-5-4-19(35-3)10-21(20)28-25(23)22(32)12-33/h4-5,10,18,22,28,33H,6-9,11-15H2,1-3H3,(H,29,34)/t22-/m0/s1",13500,COc1ccc2c3c([nH]c2c1)[C@H](CO)N(CC34CN(CC5CCOCC5)C4)C(=O)Nc6c(C)onc6C,NA
Input,Deferiprone,-0.23313555,InputSig,NA,NA,LINCSCP_104938,HELA,10uM,24h,large intestine,Chelating agent,UGT1A6,TZXKOCQBRNJULO-UHFFFAOYSA-N,"InChI=1S/C7H9NO2/c1-5-7(10)6(9)3-4-8(5)2/h3-4,10H,1-2H3",13077,CN1C=CC(=O)C(=C1C)O,4
Input,C28H30CIN5O4S,-0.23301064,InputSig,NA,NA,LINCSCP_235303,MCF10A,0.5uM,24h,breast epithelial,Hepatocyte growth factor receptor inhibitor|Tyrosine kinase inhibitor,MET,FPYJSJDOHRDAMT-XQNSMLJCSA-N,"InChI=1S/C28H30ClN5O4S/c1-17-25(30-18(2)26(17)28(36)34-12-10-32(3)11-13-34)16-23-22-15-21(8-9-24(22)31-27(23)35)39(37,38)33(4)20-7-5-6-19(29)14-20/h5-9,14-16,30H,10-13H2,1-4H3,(H,31,35)/b23-16+",5075,CN(c1cccc(Cl)c1)S(=O)(=O)c2ccc3NC(=O)\C(=C\c4[nH]c(C)c(C(=O)N5CCN(C)CC5)c4C)\c3c2,NA
Input,Arvanil,-0.23273545,InputSig,NA,NA,LINCSCP_23063,HEPG2,10uM,6h,liver,TRPV agonist,CNR1|TRPV1,QVLMCRFQGHWOPM-ZKWNWVNESA-N,"InChI=1S/C28H41NO3/c1-3-4-5-6-7-8-9-10-11-12-13-14-15-16-17-18-19-20-28(31)29-24-25-21-22-26(30)27(23-25)32-2/h7-8,10-11,13-14,16-17,21-23,30H,3-6,9,12,15,18-20,24H2,1-2H3,(H,29,31)/b8-7-,11-10-,14-13-,17-16-",17546,CCCCC\C=C/C\C=C/C\C=C/C\C=C/CCCC(=O)NCc1ccc(O)c(OC)c1,NA
Input,Bupropion,-0.23272059,InputSig,NA,NA,LINCSCP_74678,A375,0.37uM,24h,skin,Dopamine uptake inhibitor,SLC6A2|SLC6A3,SNPPWIUOZRMYNY-UHFFFAOYSA-N,"InChI=1S/C13H18ClNO/c1-9(15-13(2,3)4)12(16)10-6-5-7-11(14)8-10/h5-9,15H,1-4H3",35308,CC(NC(C)(C)C)C(=O)c1cccc(Cl)c1,4
Input,Rilpivirine,-0.23268241,InputSig,NA,NA,LINCSCP_74734,A375,10uM,24h,skin,Human immunodeficiency virus type 1 reverse transcriptase inhibitor,NA,YIBOMRUWOWDFLG-ONEGZZNKSA-N,"InChI=1S/C22H18N6/c1-15-12-18(4-3-10-23)13-16(2)21(15)27-20-9-11-25-22(28-20)26-19-7-5-17(14-24)6-8-19/h3-9,11-13H,1-2H3,(H2,25,26,27,28)/b4-3+",26977,Cc1cc(\C=C\C#N)cc(C)c1Nc2ccnc(Nc3ccc(cc3)C#N)n2,4
Input,BRD-K71387353,-0.23259795,InputSig,NA,NA,LINCSCP_8417,A549,5uM,24h,lung,NA,NA,HABLAPXLJDLSLY-HKARXFIJSA-N,"InChI=1S/C23H31F3N2O4S/c1-16(23(32-4)14-27(3)13-18-11-20(25)7-10-22(18)26)12-28(17(2)15-29)33(30,31)21-8-5-19(24)6-9-21/h5-11,16-17,23,29H,12-15H2,1-4H3/t16-,17-,23+/m0/s1",3151,CO[C@H](CN(C)Cc1cc(F)ccc1F)[C@@H](C)CN([C@@H](C)CO)S(=O)(=O)c2ccc(F)cc2,NA
Input,PHA-767491,-0.23255389,InputSig,NA,NA,LINCSCP_117058,HT29,0.37uM,24h,large intestine,NA,NA,DKXHSOUZPMHNIZ-UHFFFAOYSA-N,"InChI=1S/C12H11N3O/c16-12-9-7-11(8-1-4-13-5-2-8)15-10(9)3-6-14-12/h1-2,4-5,7,15H,3,6H2,(H,14,16)",14183,O=C1NCCc2[nH]c(cc12)c3ccncc3,NA
Input,Midostaurin,-0.23252851,InputSig,NA,NA,LINCSCP_104539,HELA,1.11uM,24h,large intestine,FLT3 inhibitor|KIT inhibitor|PKC inhibitor,FLT3|KDR|KIT|PDGFRA|PDGFRB|PRKCA|PRKCB|PRKCD|PRKCE|PRKCG|PRKCH|PRKCI|PRKCQ|PRKCZ|PRKD1|PRKD3,BMGQWWVMWDBQGC-IIFHNQTCSA-N,"InChI=1S/C35H30N4O4/c1-35-32(42-3)25(37(2)34(41)19-11-5-4-6-12-19)17-26(43-35)38-23-15-9-7-13-20(23)28-29-22(18-36-33(29)40)27-21-14-8-10-16-24(21)39(35)31(27)30(28)38/h4-16,25-26,32H,17-18H2,1-3H3,(H,36,40)/t25-,26-,32-,35+/m1/s1",15431,CO[C@@H]1[C@@H](C[C@H]2O[C@]1(C)n3c4ccccc4c5c6CNC(=O)c6c7c8ccccc8n2c7c35)N(C)C(=O)c9ccccc9,3
Input,Dasb,-0.23245241,InputSig,NA,NA,LINCSCP_263476,NPC,10uM,24h,neural progenitor cells,Serotonin transporter (SERT) ligand,NA,ISSGCGBRAJLRIY-UHFFFAOYSA-N,"InChI=1S/C16H17N3S/c1-18-13-8-9-16(14(17)10-13)20-15-7-5-4-6-12(15)11-19(2)3/h4-10H,11,17H2,2-3H3",11489,CN(C)Cc1ccccc1Sc2ccc(cc2N)[N+]#[C-],NA
Input,PE(15:0/20:0),-0.23244384,InputSig,NA,NA,LINCSCP_310732,VCAP,10uM,24h,prostate,NA,NA,NJGIRBISCGPRPF-KXQOOQHDSA-N,"InChI=1S/C40H80NO8P/c1-3-5-7-9-11-13-15-17-18-19-20-21-23-25-27-29-31-33-40(43)49-38(37-48-50(44,45)47-35-34-41)36-46-39(42)32-30-28-26-24-22-16-14-12-10-8-6-4-2/h38H,3-37,41H2,1-2H3,(H,44,45)/t38-/m1/s1",14128,CCCCCCCCCCCCCCCCCCCC(=O)O[C@H](COC(=O)CCCCCCCCCCCCCC)COP(=O)(O)OCCN,NA
Input,SCHEMBL6465902,-0.2324265,InputSig,NA,NA,LINCSCP_284336,SKB,10uM,24h,NA,Phosphodiesterase inhibitor,PDE5A,XWBJKKIHTRCECR-IRLDBZIGSA-N,"InChI=1S/C24H25N3O3/c1-3-4-13-26-23(28)20-14-18-17-7-5-6-8-19(17)25-21(18)22(27(20)24(26)29)15-9-11-16(30-2)12-10-15/h5-12,20,22,25H,3-4,13-14H2,1-2H3/t20-,22+/m1/s1",35961,CCCCN1C(=O)[C@H]2Cc3c([nH]c4ccccc34)[C@@H](N2C1=O)c5ccc(OC)cc5,NA
Input,IN1345,-0.23229201,InputSig,NA,NA,LINCSCP_19145,HCC515,10uM,6h,lung,EGFR inhibitor|Tyrosine kinase inhibitor,EGFR,BQCNSTFWSKOWMA-UHFFFAOYSA-N,"InChI=1S/C10H10O4/c1-14-10(13)5-2-7-6-8(11)3-4-9(7)12/h2-6,11-12H,1H3",25109,COC(=O)C=Cc1cc(O)ccc1O,NA
Input,NP118809,-0.23218707,InputSig,NA,NA,LINCSCP_153110,PC3,3.33uM,24h,prostate,Voltage-gated N-type calcium channel alpha-1B subunit blocker,CACNA1B,VCPMZDWBEWTGNW-UHFFFAOYSA-N,"InChI=1S/C32H32N2O/c35-31(25-30(26-13-5-1-6-14-26)27-15-7-2-8-16-27)33-21-23-34(24-22-33)32(28-17-9-3-10-18-28)29-19-11-4-12-20-29/h1-20,30,32H,21-25H2",26965,O=C(CC(c1ccccc1)c2ccccc2)N3CCN(CC3)C(c4ccccc4)c5ccccc5,2
Input,Genistein,-0.23214243,InputSig,NA,NA,LINCSCP_255071,MCF7,0.04uM,24h,breast,Tyrosine kinase inhibitor,CFTR|ESR2,TZBJGXHYKVUXJN-UHFFFAOYSA-N,"InChI=1S/C15H10O5/c16-9-3-1-8(2-4-9)11-7-20-13-6-10(17)5-12(18)14(13)15(11)19/h1-7,16-18H",38243,Oc1ccc(cc1)C2=COc3cc(O)cc(O)c3C2=O,NA
Input,Colchicine,-0.23182601,InputSig,NA,NA,LINCSCP_156673,PC3,3.33uM,24h,prostate,Tubulin inhibitor,TUBA1A|TUBA1B|TUBA1C|TUBA3E|TUBA4A|TUBB|TUBB1|TUBB2A|TUBB2B|TUBB3|TUBB4A|TUBB4B|TUBB6|TUBB8,IAKHMKGGTNLKSZ-INIZCTEOSA-N,"InChI=1S/C22H25NO6/c1-12(24)23-16-8-6-13-10-19(27-3)21(28-4)22(29-5)20(13)14-7-9-18(26-2)17(25)11-15(14)16/h7,9-11,16H,6,8H2,1-5H3,(H,23,24)/t16-/m0/s1",16317,COC1=CC=C2C(=C(CCc3cc(OC)c(OC)c(OC)c23)NC(=O)C)C=C1O,4
Input,Temozolomide,-0.23158539,InputSig,NA,NA,LINCSCP_121014,HT29,3.33uM,24h,large intestine,DNA alkylating drug,MGMT,BPEGJWRSRHCHSN-UHFFFAOYSA-N,"InChI=1S/C6H6N6O2/c1-11-6(14)12-2-8-3(4(7)13)5(12)9-10-11/h2H,1H3,(H2,7,13)",11975,CN1N=Nc2c(ncn2C1=O)C(=O)N,4
Input,MLS003129537,-0.23157935,InputSig,NA,NA,LINCSCP_8311,A549,5uM,24h,lung,NA,NA,RIHXBZGHHXCGPP-MZKRTTBSSA-N,"InChI=1S/C26H40N8O5/c1-19-15-33(20(2)17-35)25(36)5-4-8-34-22(14-28-30-34)18-39-23(19)16-31(3)26(37)29-21-6-7-27-24(13-21)32-9-11-38-12-10-32/h6-7,13-14,19-20,23,35H,4-5,8-12,15-18H2,1-3H3,(H,27,29,37)/t19-,20+,23-/m0/s1",36988,C[C@H](CO)N1C[C@H](C)[C@H](CN(C)C(=O)Nc2ccnc(c2)N3CCOCC3)OCc4cnnn4CCCC1=O,NA
Input,Aminosalicylic acid,-0.23151027,InputSig,NA,NA,LINCSCP_108334,HELA,0.04uM,24h,large intestine,Cyclooxygenase inhibitor,PTGS1|PTGS2,WUBBRNOQWQTFEX-UHFFFAOYSA-N,"InChI=1S/C7H7NO3/c8-4-1-2-5(7(10)11)6(9)3-4/h1-3,9H,8H2,(H,10,11)",16431,Nc1ccc(C(=O)O)c(O)c1,4
Input,BRD-K20490522,-0.23134428,InputSig,NA,NA,LINCSCP_232850,HT29,10uM,24h,large intestine,NA,NA,XKMPVOSJABXCIB-ISJGIBHGSA-N,"InChI=1S/C26H35N3O4S/c1-4-34(32,33)28-15-5-6-16-29-23(17-28)25(24(29)18-30)21-11-7-19(8-12-21)20-9-13-22(14-10-20)26(31)27(2)3/h7-14,23-25,30H,4-6,15-18H2,1-3H3/t23-,24+,25+/m0/s1",32203,CCS(=O)(=O)N1CCCCN2[C@H](CO)[C@@H]([C@@H]2C1)c3ccc(cc3)c4ccc(cc4)C(=O)N(C)C,NA
Input,Meisoindigo,-0.2313262,InputSig,NA,NA,LINCSCP_92772,HA1E,0.37uM,24h,kidney epithelial,NA,NA,QNOCRUSVMMAKSC-CCEZHUSRSA-N,"InChI=1S/C17H12N2O2/c1-19-13-9-5-3-7-11(13)15(17(19)21)14-10-6-2-4-8-12(10)18-16(14)20/h2-9H,1H3,(H,18,20)/b15-14+",27040,CN1C(=O)\C(=C/2\C(=O)Nc3ccccc23)\c4ccccc14,NA
Input,BRD-K42035280,-0.23132011,InputSig,NA,NA,LINCSCP_181039,A375,5uM,24h,skin,NA,NA,JZEVKSWSVNZKOH-ZXPXOXBPSA-N,"InChI=1S/C33H48N4O6/c1-22(2)34-33(41)36(6)20-30-23(3)19-37(24(4)21-38)32(40)28-18-27(35-31(39)26-13-8-7-9-14-26)15-16-29(28)43-25(5)12-10-11-17-42-30/h7-9,13-16,18,22-25,30,38H,10-12,17,19-21H2,1-6H3,(H,34,41)(H,35,39)/t23-,24+,25-,30+/m1/s1",25540,CC(C)NC(=O)N(C)C[C@@H]1OCCCC[C@@H](C)Oc2ccc(NC(=O)c3ccccc3)cc2C(=O)N(C[C@H]1C)[C@@H](C)CO,NA
Input,BRD-K26631510,-0.23118143,InputSig,NA,NA,LINCSCP_48237,PC3,5uM,24h,prostate,NA,NA,FPMJOPUHYZGMQU-YXYSEUPNSA-N,"InChI=1S/C22H27FN4O6S/c23-15-2-1-3-19(8-15)34(30,31)27-11-17(28)12-32-13-21-20(27)5-4-18(33-21)9-22(29)25-10-16-6-7-24-14-26-16/h1-3,6-8,14,17-18,20-21,28H,4-5,9-13H2,(H,25,29)/t17-,18+,20+,21-/m1/s1",2588,O[C@H]1COC[C@H]2O[C@H](CC(=O)NCc3ccncn3)CC[C@@H]2N(C1)S(=O)(=O)c4cccc(F)c4,NA
Input,GSK-2334470,-0.23114591,InputSig,NA,NA,LINCSCP_256712,NCIH1694,0.1uM,6h,lung,Pyruvate dehydrogenase kinase inhibitor,PDK1|PDPK1,QLPHOXTXAKOFMU-WBVHZDCISA-N,"InChI=1S/C25H34N8O/c1-15-8-9-17(24(34)28-18-6-4-3-5-7-18)14-33(15)22-13-20(29-25(27-2)30-22)16-10-11-19-21(12-16)31-32-23(19)26/h10-13,15,17-18H,3-9,14H2,1-2H3,(H,28,34)(H3,26,31,32)(H,27,29,30)/t15-,17+/m1/s1",15149,CNc1nc(cc(n1)c2ccc3c(N)n[nH]c3c2)N4C[C@H](CC[C@H]4C)C(=O)NC5CCCCC5,NA
Input,DMP 777,-0.2311336,InputSig,NA,NA,LINCSCP_94932,HA1E,1.11uM,24h,kidney epithelial,NA,NA,ZSDCIRYNTCVTMF-GIGWZHCTSA-N,"InChI=1S/C31H40N4O6/c1-5-8-24(22-11-14-25-26(19-22)40-20-39-25)32-30(38)35-28(37)31(6-2,7-3)29(35)41-23-12-9-21(10-13-23)27(36)34-17-15-33(4)16-18-34/h9-14,19,24,29H,5-8,15-18,20H2,1-4H3,(H,32,38)/t24-,29+/m1/s1",26878,CCC[C@@H](NC(=O)N1[C@@H](Oc2ccc(cc2)C(=O)N3CCN(C)CC3)C(CC)(CC)C1=O)c4ccc5OCOc5c4,NA
Input,ATN-161 (trifluoroacetate salt),-0.23107714,InputSig,NA,NA,LINCSCP_170323,YAPC,3.33uM,24h,pancreas,NA,NA,MMHDBUJXLOFTLC-WOYTXXSLSA-N,"InChI=1S/C23H35N9O8S/c1-11(34)32-4-2-3-17(32)23(40)29-14(5-12-7-26-10-27-12)20(37)30-15(8-33)21(38)31-16(9-41)22(39)28-13(19(25)36)6-18(24)35/h7,10,13-17,33,41H,2-6,8-9H2,1H3,(H2,24,35)(H2,25,36)(H,26,27)(H,28,39)(H,29,40)(H,30,37)(H,31,38)/t13-,14-,15-,16-,17-/m0/s1",26505,CC(=O)N1CCC[C@H]1C(=O)N[C@@H](Cc2c[nH]cn2)C(=O)N[C@@H](CO)C(=O)N[C@@H](CS)C(=O)N[C@@H](CC(=O)N)C(=O)N,NA
Input,TP14,-0.2310288,InputSig,NA,NA,LINCSCP_17525,HA1E,10uM,24h,kidney epithelial,NA,NA,XWOMTTOIGDQNSS-SSDOTTSWSA-N,"InChI=1S/C11H11IN2O/c1-7-6-10(15)13-14-11(7)8-2-4-9(12)5-3-8/h2-5,7H,6H2,1H3,(H,13,15)/t7-/m1/s1",26514,C[C@@H]1CC(=O)NN=C1c2ccc(I)cc2,NA
Input,BRD-K51030799,-0.23093264,InputSig,NA,NA,LINCSCP_248999,MCF7,5uM,24h,breast,NA,NA,FSNYHUWNWFSPCW-JOCHJYFZSA-N,"InChI=1S/C25H31N3O3/c1-26-14-25(15-26)16-28(12-17-6-5-7-18(10-17)30-3)22(13-29)24-23(25)20-9-8-19(31-4)11-21(20)27(24)2/h5-11,22,29H,12-16H2,1-4H3/t22-/m1/s1",33004,COc1cccc(CN2CC3(CN(C)C3)c4c([C@H]2CO)n(C)c5cc(OC)ccc45)c1,NA
Input,4-(Pyridin-3-yloxy)-phthalonitrile,-0.23091845,InputSig,NA,NA,LINCSCP_58637,VCAP,10uM,24h,prostate,NA,NA,PLUZIFDYUWBQSQ-UHFFFAOYSA-N,"InChI=1S/C13H7N3O/c14-7-10-3-4-12(6-11(10)8-15)17-13-2-1-5-16-9-13/h1-6,9H",7865,N#Cc1ccc(Oc2cccnc2)cc1C#N,NA
Input,Phentolamine,-0.230885,InputSig,NA,NA,LINCSCP_192118,A549,10uM,6h,lung,Adrenergic receptor antagonist,ADRA1A|ADRA1B|ADRA1D|ADRA2A|ADRA2B|ADRA2C,MRBDMNSDAVCSSF-UHFFFAOYSA-N,"InChI=1S/C17H19N3O/c1-13-5-7-14(8-6-13)20(12-17-18-9-10-19-17)15-3-2-4-16(21)11-15/h2-8,11,21H,9-10,12H2,1H3,(H,18,19)",16035,Cc1ccc(cc1)N(CC2=NCCN2)c3cccc(O)c3,4
Input,CHEMBL3188661,-0.23086635,InputSig,NA,NA,LINCSCP_152216,PC3,3.33uM,24h,prostate,DDR1 inhibitor,DDR1,UASQUKUDXJFTCO-UHFFFAOYSA-N,"InChI=1S/C22H17F3N4O4/c1-3-19(30)27-15-9-14(22(23,24)25)10-16(11-15)28-20(31)13-5-4-12(2)17(8-13)29-21(32)18-6-7-26-33-18/h3-11H,1H2,2H3,(H,27,30)(H,28,31)(H,29,32)",36438,Cc1ccc(cc1NC(=O)c2oncc2)C(=O)Nc3cc(NC(=O)C=C)cc(c3)C(F)(F)F,NA
Input,TAK-715,-0.23083162,InputSig,NA,NA,LINCSCP_285174,SKBR3,0.5uM,6h,breast,P38 MAPK inhibitor,MAPK14,HEKAIDKUDLCBRU-UHFFFAOYSA-N,"InChI=1S/C24H21N3OS/c1-3-21-27-22(18-11-7-8-16(2)14-18)23(29-21)19-12-13-25-20(15-19)26-24(28)17-9-5-4-6-10-17/h4-15H,3H2,1-2H3,(H,25,26,28)",17496,CCc1nc(c2cccc(C)c2)c(s1)c3ccnc(NC(=O)c4ccccc4)c3,2
Input,MLS-0354783.0001,-0.23082855,InputSig,NA,NA,LINCSCP_16050,HA1E,10uM,6h,kidney epithelial,NA,NA,VPFJJEBHYFVAOH-UHFFFAOYSA-N,"InChI=1S/C20H22N4OS2/c1-13-21-18(17-14-5-2-3-6-15(14)27-19(17)22-13)23-8-10-24(11-9-23)20(25)16-7-4-12-26-16/h4,7,12H,2-3,5-6,8-11H2,1H3",3308,Cc1nc(N2CCN(CC2)C(=O)c3cccs3)c4c5CCCCc5sc4n1,NA
Input,CHEMBL3182395,-0.23080182,InputSig,NA,NA,LINCSCP_151531,PC3,1.11uM,24h,prostate,MEK inhibitor,MAP2K5|MAPK7,HOMJAAIVTDVQJA-UHFFFAOYSA-N,"InChI=1S/C27H28N4O2/c1-30(2)17-18-9-8-12-21(15-18)28-25(19-10-6-5-7-11-19)24-22-14-13-20(27(33)31(3)4)16-23(22)29-26(24)32/h5-16,28H,17H2,1-4H3,(H,29,32)",34319,CN(C)Cc1cccc(c1)\N=C(/c2ccccc2)\c3c(O)[nH]c4cc(ccc34)C(=O)N(C)C,NA
Input,Labetalol,-0.23059533,InputSig,NA,NA,LINCSCP_74869,A375,0.37uM,24h,skin,Adrenergic receptor antagonist,ADRA1A|ADRA1B|ADRA1D|ADRA2A|ADRA2B|ADRA2C|ADRB1|ADRB2|ADRB3,SGUAFYQXFOLMHL-UHFFFAOYSA-N,"InChI=1S/C19H24N2O3/c1-13(7-8-14-5-3-2-4-6-14)21-12-18(23)15-9-10-17(22)16(11-15)19(20)24/h2-6,9-11,13,18,21-23H,7-8,12H2,1H3,(H2,20,24)",4689,CC(CCc1ccccc1)NCC(O)c2ccc(O)c(c2)C(=O)N,4
Input,Licarbazepine,-0.23052611,InputSig,NA,NA,LINCSCP_119957,HT29,0.04uM,24h,large intestine,NA,NA,BMPDWHIDQYTSHX-UHFFFAOYSA-N,"InChI=1S/C15H14N2O2/c16-15(19)17-12-7-3-1-5-10(12)9-14(18)11-6-2-4-8-13(11)17/h1-8,14,18H,9H2,(H2,16,19)",27129,NC(=O)N1c2ccccc2CC(O)c3ccccc13,3
Input,BAY 57-1293,-0.23052005,InputSig,NA,NA,LINCSCP_89328,HA1E,3.33uM,24h,kidney epithelial,NA,NA,IVZKZONQVYTCKC-UHFFFAOYSA-N,"InChI=1S/C18H18N4O3S2/c1-12-17(27(19,24)25)26-18(21-12)22(2)16(23)11-13-6-8-14(9-7-13)15-5-3-4-10-20-15/h3-10H,11H2,1-2H3,(H2,19,24,25)",26919,CN(C(=O)Cc1ccc(cc1)c2ccccn2)c3nc(C)c(s3)S(=O)(=O)N,NA
Input,Hydroxycholesterol,-0.2304722,InputSig,NA,NA,LINCSCP_6311,A549,10uM,24h,lung,LXR agonist,NR1H2|NR1H3,IOWMKBFJCNLRTC-JNZINCJWSA-N,"InChI=1S/C27H46O2/c1-17(2)25(29)11-6-18(3)22-9-10-23-21-8-7-19-16-20(28)12-14-26(19,4)24(21)13-15-27(22,23)5/h7,17-18,20-25,28-29H,6,8-16H2,1-5H3/t18?,20-,21?,22?,23?,24?,25+,26+,27-/m0/s1",1469,CC(C)[C@H](O)CCC(C)C1CCC2C3CC=C4C[C@@H](O)CC[C@@]4(C)C3CC[C@@]12C,NA
Input,BMS-754807,-0.23039716,InputSig,NA,NA,LINCSCP_41853,NOMO1,10uM,6h,haematopoietic and lymphoid tissue,IGF-1 inhibitor,IGF1R|INSR,LQVXSNNAFNGRAH-QHCPKHFHSA-N,"InChI=1S/C23H24FN9O/c1-23(21(34)26-15-7-8-18(24)25-13-15)9-3-10-32(23)22-28-20(17-4-2-11-33(17)31-22)27-19-12-16(29-30-19)14-5-6-14/h2,4,7-8,11-14H,3,5-6,9-10H2,1H3,(H,26,34)(H2,27,28,29,30,31)/t23-/m0/s1",36684,C[C@]1(CCCN1c2nc(Nc3cc([nH]n3)C4CC4)c5cccn5n2)C(=O)Nc6ccc(F)nc6,2
Input,BRD-K35928056,-0.23039082,InputSig,NA,NA,LINCSCP_61695,VCAP,5uM,6h,prostate,NA,NA,HTGRXZBGTMWDTQ-GTNJKRJXSA-N,"InChI=1S/C30H33FN2O4/c1-20-16-33(21(2)18-34)30(36)27-11-7-6-10-26(27)25-9-5-4-8-23(25)19-37-28(20)17-32(3)29(35)22-12-14-24(31)15-13-22/h4-15,20-21,28,34H,16-19H2,1-3H3/t20-,21+,28-/m0/s1",24462,C[C@H](CO)N1C[C@H](C)[C@H](CN(C)C(=O)c2ccc(F)cc2)OCc3ccccc3c4ccccc4C1=O,NA
Input,Splitomicin,-0.23036333,InputSig,NA,NA,LINCSCP_41516,NEU,10uM,6h,NA,SIRT inhibitor,NA,ISFPDBUKMJDAJH-UHFFFAOYSA-N,"InChI=1S/C13H10O2/c14-13-8-6-11-10-4-2-1-3-9(10)5-7-12(11)15-13/h1-5,7H,6,8H2",33982,O=C1CCc2c(O1)ccc3ccccc23,NA
Input,BRD-M22248829,-0.23029565,InputSig,NA,NA,LINCSCP_230803,HT29,5uM,24h,large intestine,NA,NA,UIYBGHYPRRSBHH-IZBJGVDFSA-N,"InChI=1S/C22H28N4O4/c1-3-5-14-6-7-18-19-16(10-25(18)22(14)29)17(11-27)20(21(28)23-8-4-2)26(19)9-15-12-30-13-24-15/h3,5-7,12-13,16-17,19-20,27H,4,8-11H2,1-2H3,(H,23,28)/t16-,17-,19+,20-/m1/s1",34268,CCCNC(=O)[C@H]1[C@H](CO)[C@H]2CN3C(=O)C(=CC=C3[C@H]2N1Cc4cocn4)C=CC,NA
Input,Belinostat,-0.23028603,InputSig,NA,NA,LINCSCP_71628,A375,0.04uM,24h,skin,HDAC inhibitor,HDAC1|HDAC10|HDAC11|HDAC2|HDAC3|HDAC4|HDAC5|HDAC6|HDAC7|HDAC8|HDAC9,NCNRHFGMJRPRSK-MDZDMXLPSA-N,"InChI=1S/C15H14N2O4S/c18-15(16-19)10-9-12-5-4-8-14(11-12)22(20,21)17-13-6-2-1-3-7-13/h1-11,17,19H,(H,16,18)/b10-9+",17039,ONC(=O)\C=C\c1cccc(c1)S(=O)(=O)Nc2ccccc2,4
Input,Allopurinol,-0.2302419,InputSig,NA,NA,LINCSCP_173809,YAPC,1.11uM,24h,pancreas,Xanthine oxidase inhibitor,XDH,OFCNXPDARWKPPY-UHFFFAOYSA-N,"InChI=1S/C5H4N4O/c10-5-3-1-8-9-4(3)6-2-7-5/h1-2H,(H2,6,7,8,9,10)",35215,O=C1NC=Nc2[nH]ncc12,4
Input,SB525334,-0.2301937,InputSig,NA,NA,LINCSCP_84268,ASC,10uM,24h,adipose,TGF beta receptor inhibitor,TGFBR1,DKPQHFZUICCZHF-UHFFFAOYSA-N,"InChI=1S/C21H21N5/c1-13-6-5-7-16(24-13)19-18(25-20(26-19)21(2,3)4)14-8-9-15-17(12-14)23-11-10-22-15/h5-12H,1-4H3,(H,25,26)",35285,Cc1cccc(n1)c2[nH]c(nc2c3ccc4nccnc4c3)C(C)(C)C,NA
Input,BRD-K18487725-019-01-8,-0.2301691,InputSig,NA,NA,LINCSCP_311554,VCAP,10uM,6h,prostate,NA,NA,JXWNPIBCTGNAKK-YOFSQIOKSA-N,"InChI=1S/C21H24N4O/c26-21(16-3-1-2-4-16)25-11-18-20(19(12-25)24-18)15-7-5-14(6-8-15)17-9-22-13-23-10-17/h5-10,13,16,18-20,24H,1-4,11-12H2/t18-,19+,20?",10427,O=C(C1CCCC1)N2C[C@@H]3N[C@H](C2)[C@H]3c4ccc(cc4)c5cncnc5,NA
Input,Methazolamide,-0.23014348,InputSig,NA,NA,LINCSCP_272006,PC3,10uM,24h,prostate,Carbonic anhydrase inhibitor,CA1|CA2|CA4|CA7,FLOSMHQXBMRNHR-DAXSKMNVSA-N,"InChI=1S/C5H8N4O3S2/c1-3(10)7-4-9(2)8-5(13-4)14(6,11)12/h1-2H3,(H2,6,11,12)/b7-4-",36415,CN1N=C(SC1=NC(=O)C)S(=O)(=O)N,NA
Input,AC1OA0Y8,-0.2300012,InputSig,NA,NA,LINCSCP_257726,NEU,10uM,24h,NA,NA,NA,PGOPGDACDQVNKB-FYJGNVAPSA-N,"InChI=1S/C20H18N2O2/c1-14(23)22(2)17-10-8-16(9-11-17)21-13-19-18-6-4-3-5-15(18)7-12-20(19)24/h3-13,24H,1-2H3/b21-13+",23224,CN(C(=O)C)c1ccc(cc1)N=Cc2c(O)ccc3ccccc23,NA
Input,SCHEMBL1564574,-0.22965378,InputSig,NA,NA,LINCSCP_36641,MCF7,1uM,6h,breast,CHK inhibitor,CHEK1|CHEK2,IAYGCINLNONXHY-GFCCVEGCSA-N,"InChI=1S/C17H19FN4O2S/c18-11-4-1-3-10(7-11)14-8-13(22-17(19)24)15(25-14)16(23)21-12-5-2-6-20-9-12/h1,3-4,7-8,12,20H,2,5-6,9H2,(H,21,23)(H3,19,22,24)/t12-/m1/s1",22341,NC(=O)Nc1cc(sc1C(=O)N[C@@H]2CCCNC2)c3cccc(F)c3,NA
Input,OSI-930,-0.22963468,InputSig,NA,NA,LINCSCP_148503,NPC,10uM,24h,neural progenitor cells,KIT inhibitor|VEGFR inhibitor,FLT1|FLT4|KDR|KIT,FGTCROZDHDSNIO-UHFFFAOYSA-N,"InChI=1S/C22H16F3N3O2S/c23-22(24,25)30-16-7-5-15(6-8-16)28-21(29)20-19(10-12-31-20)27-13-14-9-11-26-18-4-2-1-3-17(14)18/h1-12,27H,13H2,(H,28,29)",15171,FC(F)(F)Oc1ccc(NC(=O)c2sccc2NCc3ccnc4ccccc34)cc1,1
Input,BRD-K16034108,-0.22958049,InputSig,NA,NA,LINCSCP_3385,A375,5uM,24h,skin,NA,NA,VWRSVZSWDSMGOW-KJJMTIBFSA-N,"InChI=1S/C24H28FN3O5/c25-18-3-1-2-16(10-18)12-27-23(30)11-20-4-5-21-22(33-20)15-32-14-19(29)13-28(21)24(31)17-6-8-26-9-7-17/h1-3,6-10,19-22,29H,4-5,11-15H2,(H,27,30)/t19-,20-,21+,22-/m0/s1",2049,O[C@@H]1COC[C@@H]2O[C@H](CC(=O)NCc3cccc(F)c3)CC[C@H]2N(C1)C(=O)c4ccncc4,NA
Input,PK04_181299,-0.2295174,InputSig,NA,NA,LINCSCP_6346,A549,10uM,24h,lung,NA,NA,RXHRLQROHXGSIO-XPWALMASSA-N,"InChI=1S/C25H33NO3/c1-29-24(28)25(15-9-4-10-16-25)26-18-20-13-7-3-8-14-21(20)23(26)22(27)17-19-11-5-2-6-12-19/h2,5-6,8,11-14,21-23,27H,3-4,7,9-10,15-18H2,1H3/t21-,22+,23-/m1/s1",31582,COC(=O)C1(CCCCC1)N2CC3=CCCC=C[C@H]3[C@@H]2[C@@H](O)Cc4ccccc4,NA
Input,Skiii,-0.22946672,InputSig,NA,NA,LINCSCP_37093,MCF7,0.5uM,6h,breast,Sphingosine kinase inhibitor,SPHK1,ZFGXZJKLOFCECI-UHFFFAOYSA-N,"InChI=1S/C15H11ClN2OS/c16-11-3-1-10(2-4-11)14-9-20-15(18-14)17-12-5-7-13(19)8-6-12/h1-9,19H,(H,17,18)",15485,Oc1ccc(Nc2nc(cs2)c3ccc(Cl)cc3)cc1,NA
Input,sn-Glycero-3-phosphocholine,-0.22945479,InputSig,NA,NA,LINCSCP_97054,HA1E,0.04uM,24h,kidney epithelial,NA,NA,SUHOQUVVVLNYQR-MRVPVSSYSA-O,"InChI=1S/C8H20NO6P/c1-9(2,3)4-5-14-16(12,13)15-7-8(11)6-10/h8,10-11H,4-7H2,1-3H3/p+1/t8-/m1/s1",26627,C[N+](C)(C)CCOP(=O)(O)OC[C@H](O)CO,3
Input,Haloperidol,-0.22938259,InputSig,NA,NA,LINCSCP_26303,HT29,10uM,6h,large intestine,Serotonin 2a (5-HT2a) receptor antagonist (Serotonin 2a|D2-like dopamine receptor inverse agonist,DRD1|DRD2|DRD3|DRD4|HTR2A,LNEPOXFFQSENCJ-UHFFFAOYSA-N,"InChI=1S/C21H23ClFNO2/c22-18-7-5-17(6-8-18)21(26)11-14-24(15-12-21)13-1-2-20(25)16-3-9-19(23)10-4-16/h3-10,26H,1-2,11-15H2",35951,OC1(CCN(CCCC(=O)c2ccc(F)cc2)CC1)c3ccc(Cl)cc3,4
Input,Piperacetazine,-0.22935424,InputSig,NA,NA,LINCSCP_17939,HCC515,10uM,24h,lung,Dopamine receptor antagonist,NA,BTFMCMVEUCGQDX-UHFFFAOYSA-N,"InChI=1S/C24H30N2O2S/c1-18(28)20-7-8-24-22(17-20)26(21-5-2-3-6-23(21)29-24)13-4-12-25-14-9-19(10-15-25)11-16-27/h2-3,5-8,17,19,27H,4,9-16H2,1H3",15449,CC(=O)c1ccc2Sc3ccccc3N(CCCN4CCC(CCO)CC4)c2c1,4
Input,CEP-701,-0.22918236,InputSig,NA,NA,LINCSCP_134627,MCF7,3.33uM,24h,breast,NA,NA,UIARLYUEJFELEN-DMVVYWCZSA-N,"InChI=1S/C26H21N3O4/c1-25-26(32,12-30)10-18(33-25)28-16-8-4-2-6-13(16)20-21-15(11-27-24(21)31)19-14-7-3-5-9-17(14)29(25)23(19)22(20)28/h2-9,18,30,32H,10-12H2,1H3,(H,27,31)/t18?,25-,26-/m0/s1",27044,C[C@]12OC(C[C@]1(O)CO)n3c4ccccc4c5c6C(=O)NCc6c7c8ccccc8n2c7c35,NA
Input,AC1MEVG9,-0.22906319,InputSig,NA,NA,LINCSCP_51015,RMGI,10uM,6h,ovary,Tyrosine phosphatase inhibitor,PTPN1,NMLOLMOZTQCQJF-UHFFFAOYSA-N,"InChI=1S/C20H10BrN3O4S/c21-10-7-14-17(22-9-10)24-18(25)16(29-20(24)23-14)8-11-5-6-15(28-11)12-3-1-2-4-13(12)19(26)27/h1-9H,(H,26,27)",16005,OC(=O)c1ccccc1c2oc(C=C3Sc4nc5cc(Br)cnc5n4C3=O)cc2,NA
Input,Saxagliptin,-0.22900952,InputSig,NA,NA,LINCSCP_97187,HA1E,10uM,24h,kidney epithelial,Dipeptidyl peptidase IV inhibitor,DPP4,QGJUIPDUBHWZPV-SGTAVMJGSA-N,"InChI=1S/C18H25N3O2/c19-8-13-2-12-3-14(12)21(13)16(22)15(20)17-4-10-1-11(5-17)7-18(23,6-10)9-17/h10-15,23H,1-7,9,20H2/t10?,11?,12-,13+,14+,15-,17?,18?/m1/s1",27155,N[C@H](C(=O)N1[C@@H](C[C@@H]2C[C@H]12)C#N)C34CC5CC(CC(O)(C5)C3)C4,4
Input,COT Inhibitor-2,-0.22896104,InputSig,NA,NA,LINCSCP_86678,CD34,10uM,24h,bone marrow,MAP kinase inhibitor|TNF production inhibitor,NA,PHNZIIMWDVXPGG-UHFFFAOYSA-N,"InChI=1S/C26H25Cl2FN8/c1-2-36-7-5-20(6-8-36)37-15-19(34-35-37)14-31-18-9-21-25(33-17-3-4-24(29)22(27)10-17)16(12-30)13-32-26(21)23(28)11-18/h3-4,9-11,13,15,20,31H,2,5-8,14H2,1H3,(H,32,33)",35288,CCN1CCC(CC1)n2cc(CNc3cc(Cl)c4ncc(C#N)c(Nc5ccc(F)c(Cl)c5)c4c3)nn2,NA
Input,NCGC00012852,-0.22891614,InputSig,NA,NA,LINCSCP_26004,HT29,10uM,6h,large intestine,NA,NA,YZPNUYIMLUURTL-UHFFFAOYSA-N,"InChI=1S/C18H14N4O/c1-2-13(9-19-6-1)10-20-18-16-8-14(15-5-7-23-11-15)3-4-17(16)21-12-22-18/h1-9,11-12H,10H2,(H,20,21,22)",3894,C(Nc1ncnc2ccc(cc12)c3cocc3)c4cccnc4,NA
Input,Indigo Red,-0.22887485,InputSig,NA,NA,LINCSCP_287,A375,10uM,24h,skin,CDK inhibitor|Glycogen synthase kinase inhibitor,CDK1|CDK5|GSK3A,CRDNMYFJWFXOCH-YPKPFQOOSA-N,"InChI=1S/C16H10N2O2/c19-15-10-6-2-4-8-12(10)17-14(15)13-9-5-1-3-7-11(9)18-16(13)20/h1-8,17H,(H,18,20)/b14-13-",17133,O=C1Nc2ccccc2/C/1=C\3/Nc4ccccc4C3=O,NA
Input,MD-II-038,-0.22879865,InputSig,NA,NA,LINCSCP_46209,PC3,10uM,24h,prostate,NA,NA,FMGMZBMADZKXRH-CMDGGOBGSA-N,"InChI=1S/C20H26N2O5/c1-21(2)11-12-27-20-16(25-3)13-15(14-17(20)26-4)8-9-19(24)22-10-6-5-7-18(22)23/h5,7-9,13-14H,6,10-12H2,1-4H3/b9-8+",5362,COc1cc(\C=C\C(=O)N2CCC=CC2=O)cc(OC)c1OCCN(C)C,NA
Input,Rufinamide,-0.22876071,InputSig,NA,NA,LINCSCP_103050,HELA,0.04uM,24h,large intestine,Sodium channel alpha subunit blocker,SCN10A|SCN11A|SCN1A|SCN2A|SCN3A|SCN4A|SCN5A|SCN7A|SCN8A|SCN9A,POGQSBRIGCQNEG-UHFFFAOYSA-N,"InChI=1S/C10H8F2N4O/c11-7-2-1-3-8(12)6(7)4-16-5-9(10(13)17)14-15-16/h1-3,5H,4H2,(H2,13,17)",26959,NC(=O)c1cn(Cc2c(F)cccc2F)nn1,4
Input,M3M3FBS,-0.22873529,InputSig,NA,NA,LINCSCP_53895,SNUC5,80uM,6h,large intestine,Phospholipase activator,PLCB2|PLCB3|PLCD1|PLCG1|PLCG2,ZIIUUSVHCHPIQD-UHFFFAOYSA-N,"InChI=1S/C16H16F3NO2S/c1-10-7-11(2)15(12(3)8-10)23(21,22)20-14-6-4-5-13(9-14)16(17,18)19/h4-9,20H,1-3H3",15408,Cc1cc(C)c(c(C)c1)S(=O)(=O)Nc2cccc(c2)C(F)(F)F,NA
Input,CHEMBL2136735,-0.22872572,InputSig,NA,NA,LINCSCP_132696,MCF7,3.33uM,24h,breast,FGFR inhibitor|PDGFR tyrosine kinase receptor inhibitor|VEGFR inhibitor,FGFR1|FGFR3|FLT1|FLT4|KDR|PDGFRA|PDGFRB,XZXHXSATPCNXJR-UHFFFAOYSA-N,"InChI=1S/C31H33N5O4/c1-34-15-17-36(18-16-34)20-27(37)35(2)24-12-10-23(11-13-24)32-29(21-7-5-4-6-8-21)28-25-14-9-22(31(39)40-3)19-26(25)33-30(28)38/h4-14,19,32H,15-18,20H2,1-3H3,(H,33,38)",14184,COC(=O)c1ccc2c(\C(=N\c3ccc(cc3)N(C)C(=O)CN4CCN(C)CC4)\c5ccccc5)c(O)[nH]c2c1,NA
Input,Selumetinib,-0.22872504,InputSig,NA,NA,LINCSCP_29773,MCF10A,0.5uM,6h,breast epithelial,MEK inhibitor,MAP2K1|MAP2K2,CYOHGALHFOKKQC-UHFFFAOYSA-N,"InChI=1S/C17H15BrClFN4O3/c1-24-8-21-16-13(24)7-10(17(26)23-27-5-4-25)15(14(16)20)22-12-3-2-9(18)6-11(12)19/h2-3,6-8,22,25H,4-5H2,1H3,(H,23,26)",37781,Cn1cnc2c(F)c(Nc3ccc(Br)cc3Cl)c(cc12)C(=O)NOCCO,3
Input,Cis-Platin,-0.2286878,InputSig,NA,NA,LINCSCP_10185,A549,0.01uM,6h,lung,DNA alkylating agent|DNA synthesis inhibitor,XIAP,LXZZYRPGZAFOLE-UHFFFAOYSA-L,InChI=1S/2ClH.2H3N.Pt/h2*1H;2*1H3;/q;;;;+2/p-2,22209,Cl[Pt]([NH3])([NH3])Cl,NA
Input,BRD-K47071092,-0.22866329,InputSig,NA,NA,LINCSCP_186772,A375,10uM,24h,skin,NA,NA,DOYGEULPHZGEAI-OAWRCXNGSA-N,"InChI=1S/C29H34N2O5S/c1-6-36-28(33)24-17-22-18-31(37(34)29(2,3)4)25(13-14-32)26(22)27(30-24)21-11-7-9-19(15-21)20-10-8-12-23(16-20)35-5/h7-12,15-17,25,32H,6,13-14,18H2,1-5H3/t25-,37?/m0/s1",24725,CCOC(=O)c1cc2CN([C@@H](CCO)c2c(n1)c3cccc(c3)c4cccc(OC)c4)S(=O)C(C)(C)C,NA
Input,Pracinostat,-0.22848203,InputSig,NA,NA,LINCSCP_100632,HCC515,0.12uM,24h,lung,NA,NA,JHDKZFFAIZKUCU-ZRDIBKRKSA-N,"InChI=1S/C20H30N4O2/c1-4-7-8-19-21-17-15-16(10-12-20(25)22-26)9-11-18(17)24(19)14-13-23(5-2)6-3/h9-12,15,26H,4-8,13-14H2,1-3H3,(H,22,25)/b12-10+",6114,CCCCc1nc2cc(\C=C\C(=O)NO)ccc2n1CCN(CC)CC,NA
Input,alizapride,-0.2283075,InputSig,NA,NA,LINCSCP_96933,HA1E,0.12uM,24h,kidney epithelial,NA,NA,NA,NA,NA,NA,NA
Input,Ivabradine HCl,-0.22823067,InputSig,NA,NA,LINCSCP_167058,YAPC,0.12uM,24h,pancreas,NA,NA,ACRHBAYQBXXRTO-NRFANRHFSA-N,"InChI=1S/C27H36N2O5/c1-28(17-21-11-20-14-25(33-4)26(34-5)16-22(20)21)8-6-9-29-10-7-18-12-23(31-2)24(32-3)13-19(18)15-27(29)30/h12-14,16,21H,6-11,15,17H2,1-5H3/t21-/m0/s1",26699,COc1cc2CCN(CCCN(C)C[C@@H]3Cc4cc(OC)c(OC)cc34)C(=O)Cc2cc1OC,NA
Input,BRD-K86529788,-0.22797612,InputSig,NA,NA,LINCSCP_231886,HT29,5uM,24h,large intestine,NA,NA,RSUQALRHXNGDLT-GOSISDBHSA-N,"InChI=1S/C22H32N4O5S/c1-6-32(29,30)25-11-22(12-25)13-26(21(28)23-14(2)3)18(10-27)20-19(22)16-8-7-15(31-5)9-17(16)24(20)4/h7-9,14,18,27H,6,10-13H2,1-5H3,(H,23,28)/t18-/m1/s1",13814,CCS(=O)(=O)N1CC2(C1)CN([C@H](CO)c3c2c4ccc(OC)cc4n3C)C(=O)NC(C)C,NA
Input,BH3I-1&PRIME;,-0.22792747,InputSig,NA,NA,LINCSCP_15007,HA1E,10uM,24h,kidney epithelial,BCL inhibitor,BCL2L1,JZLLRVWRJBPACN-FLIBITNWSA-N,"InChI=1S/C15H15NO3S2/c1-9(2)12(14(18)19)16-13(17)11(21-15(16)20)8-10-6-4-3-5-7-10/h3-9,12H,1-2H3,(H,18,19)/b11-8-",34038,CC(C)C(N1C(=S)S\C(=C/c2ccccc2)\C1=O)C(=O)O,NA
Input,EXALAMIDE,-0.22791783,InputSig,NA,NA,LINCSCP_74260,A375,0.04uM,24h,skin,NA,NA,CKSJXOVLXUMMFF-UHFFFAOYSA-N,"InChI=1S/C13H19NO2/c1-2-3-4-7-10-16-12-9-6-5-8-11(12)13(14)15/h5-6,8-9H,2-4,7,10H2,1H3,(H2,14,15)",27060,CCCCCCOc1ccccc1C(=O)N,NA
Input,BRD-K85797809,-0.22785314,InputSig,NA,NA,LINCSCP_253398,MCF7,1uM,6h,breast,NA,NA,ZCDZHCWZNJFIKB-JFTQMJAMSA-N,"InChI=1S/C19H26Cl2N2O4/c1-22-19(25)7-14-3-5-17-18(27-14)11-26-10-13(24)9-23(17)8-12-2-4-15(20)16(21)6-12/h2,4,6,13-14,17-18,24H,3,5,7-11H2,1H3,(H,22,25)/t13-,14+,17+,18-/m0/s1",4440,CNC(=O)C[C@H]1CC[C@@H]2[C@H](COC[C@@H](O)CN2Cc3ccc(Cl)c(Cl)c3)O1,NA
Input,BRD-K98161915,-0.22779815,InputSig,NA,NA,LINCSCP_279376,PC3,10uM,24h,prostate,NA,NA,AZNYJAZMHSMGDJ-RXYILKCJSA-N,"InChI=1S/C30H42N4O4/c1-21-17-34(22(2)20-35)29(36)16-25-15-26(32-30(37)24-11-13-31-14-12-24)9-10-27(25)38-28(21)19-33(3)18-23-7-5-4-6-8-23/h9-15,21-23,28,35H,4-8,16-20H2,1-3H3,(H,32,37)/t21-,22-,28+/m0/s1",34214,C[C@@H](CO)N1C[C@H](C)[C@@H](CN(C)CC2CCCCC2)Oc3ccc(NC(=O)c4ccncc4)cc3CC1=O,NA
Input,AZD-8055,-0.22768646,InputSig,NA,NA,LINCSCP_24587,HS578T,0.5uM,6h,breast,MTOR inhibitor,MTOR,KVLFRAWTRWDEDF-IRXDYDNUSA-N,"InChI=1S/C25H31N5O4/c1-16-14-33-10-8-29(16)24-20-5-6-21(18-4-7-22(32-3)19(12-18)13-31)26-23(20)27-25(28-24)30-9-11-34-15-17(30)2/h4-7,12,16-17,31H,8-11,13-15H2,1-3H3/t16-,17-/m0/s1",36801,COc1ccc(cc1CO)c2ccc3c(nc(nc3n2)N4CCOC[C@@H]4C)N5CCOC[C@@H]5C,1
Input,Irsogladine,-0.22768138,InputSig,NA,NA,LINCSCP_109460,HELA,0.04uM,24h,large intestine,Phosphodiesterase inhibitor,PDE4A,ATCGGEJZONJOCL-UHFFFAOYSA-N,"InChI=1S/C9H7Cl2N5/c10-4-1-2-6(11)5(3-4)7-14-8(12)16-9(13)15-7/h1-3H,(H4,12,13,14,15,16)",36003,Nc1nc(N)nc(n1)c2cc(Cl)ccc2Cl,NA
Input,BRD-K75035820,-0.22754959,InputSig,NA,NA,LINCSCP_48168,PC3,5uM,24h,prostate,NA,NA,RGRLROMATPOZOC-GHIUXRNCSA-N,"InChI=1S/C29H42N4O7S/c1-20-17-33(21(2)19-34)29(36)25-16-24(31-28(35)23-11-13-30-14-12-23)9-10-26(25)40-22(3)8-6-7-15-39-27(20)18-32(4)41(5,37)38/h9-14,16,20-22,27,34H,6-8,15,17-19H2,1-5H3,(H,31,35)/t20-,21-,22-,27+/m0/s1",33594,C[C@@H](CO)N1C[C@H](C)[C@@H](CN(C)S(=O)(=O)C)OCCCC[C@H](C)Oc2ccc(NC(=O)c3ccncc3)cc2C1=O,NA
Input,SA-424294,-0.22748449,InputSig,NA,NA,LINCSCP_37346,MCF7,0.5uM,6h,breast,NA,NA,HXZIZSCMFAWFBH-FOWIORFYSA-N,"InChI=1S/C37H49N3O8S/c1-26-23-40(27(2)25-41)37(43)33-22-30(38-49(44,45)32-17-15-31(46-5)16-18-32)14-19-34(33)48-28(3)11-9-10-20-47-35(26)24-39(4)36(42)21-29-12-7-6-8-13-29/h6-8,12-19,22,26-28,35,38,41H,9-11,20-21,23-25H2,1-5H3/t26-,27+,28-,35-/m0/s1",33145,COc1ccc(cc1)S(=O)(=O)Nc2ccc3O[C@@H](C)CCCCO[C@@H](CN(C)C(=O)Cc4ccccc4)[C@@H](C)CN([C@H](C)CO)C(=O)c3c2,NA
Input,BRD-K16172779,-0.22724541,InputSig,NA,NA,LINCSCP_61321,VCAP,5uM,6h,prostate,NA,NA,WWIWLTDSUPVNED-JLHGSKIFSA-N,"InChI=1S/C24H37N3O4/c1-16-13-25-17(2)15-31-21-11-10-19(26-23(28)18-8-6-5-7-9-18)12-20(21)24(29)27(3)14-22(16)30-4/h10-12,16-18,22,25H,5-9,13-15H2,1-4H3,(H,26,28)/t16-,17+,22+/m1/s1",7117,CO[C@H]1CN(C)C(=O)c2cc(NC(=O)C3CCCCC3)ccc2OC[C@H](C)NC[C@H]1C,NA
Input,Dacomitinib,-0.22717991,InputSig,NA,NA,LINCSCP_83101,ASC.C,0.37uM,24h,NA,Epidermal growth factor receptor erbB1 inhibitor|Epidermal growth factor receptor inhibitor|Receptor protein-tyrosine kinase erbB-2 inhibitor|Receptor protein-tyrosine kinase erbB-4 inhibitor,EGFR|ERBB2|ERBB3|ERBB4,LVXJQMNHJWSHET-AATRIKPKSA-N,"InChI=1S/C24H25ClFN5O2/c1-33-22-14-20-17(24(28-15-27-20)29-16-7-8-19(26)18(25)12-16)13-21(22)30-23(32)6-5-11-31-9-3-2-4-10-31/h5-8,12-15H,2-4,9-11H2,1H3,(H,30,32)(H,27,28,29)/b6-5+",5080,COc1cc2ncnc(Nc3ccc(F)c(Cl)c3)c2cc1NC(=O)\C=C\CN4CCCCC4,3
Input,WYE 354,-0.22703929,InputSig,NA,NA,LINCSCP_2429,A375,10uM,6h,skin,MTOR inhibitor,MTOR,IMXHGCRIEAKIBU-UHFFFAOYSA-N,"InChI=1S/C24H29N7O5/c1-34-23(32)26-17-5-3-16(4-6-17)20-27-21(29-11-13-36-14-12-29)19-15-25-31(22(19)28-20)18-7-9-30(10-8-18)24(33)35-2/h3-6,15,18H,7-14H2,1-2H3,(H,26,32)",36561,COC(=O)Nc1ccc(cc1)c2nc(N3CCOCC3)c4cnn(C5CCN(CC5)C(=O)OC)c4n2,NA
Input,SELEGILINE HYDROCHLORIDE,-0.2270344,InputSig,NA,NA,LINCSCP_134683,MCF7,0.37uM,24h,breast,NA,NA,MEZLKOACVSPNER-UHFFFAOYSA-N,"InChI=1S/C13H17N/c1-4-10-14(3)12(2)11-13-8-6-5-7-9-13/h1,5-9,12H,10-11H2,2-3H3",27164,CC(Cc1ccccc1)N(C)CC#C,NA
Input,E-Doxepin,-0.22690385,InputSig,NA,NA,LINCSCP_14104,HA1E,10uM,24h,kidney epithelial,Histamine receptor antagonist,HRH1|HRH2|SLC6A2|SLC6A4,ODQWQRRAPPTVAG-GZTJUZNOSA-N,"InChI=1S/C19H21NO/c1-20(2)13-7-11-17-16-9-4-3-8-15(16)14-21-19-12-6-5-10-18(17)19/h3-6,8-12H,7,13-14H2,1-2H3/b17-11+",37441,CN(C)CC\C=C\1/c2ccccc2COc3ccccc13,NA
Input,"Temsirolimus (CCI-779, NSC 683864)",-0.22688854,InputSig,NA,NA,LINCSCP_103300,HELA,0.12uM,24h,large intestine,mTOR inhibitor,MTOR,CBPNZQVSJQDFBE-SREVRWKESA-N,"InChI=1S/C56H87NO16/c1-33-17-13-12-14-18-34(2)45(68-9)29-41-22-20-39(7)56(67,73-41)51(63)52(64)57-24-16-15-19-42(57)53(65)71-46(30-43(60)35(3)26-38(6)49(62)50(70-11)48(61)37(5)25-33)36(4)27-40-21-23-44(47(28-40)69-10)72-54(66)55(8,31-58)32-59/h12-14,17-18,26,33,35-37,39-42,44-47,49-50,58-59,62,67H,15-16,19-25,27-32H2,1-11H3/b14-12+,17-13+,34-18+,38-26+/t33-,35-,36-,37-,39-,40+,41-,42+,44+,45+,46+,47-,49-,50+,56-/m1/s1",27192,CO[C@@H]1C[C@H](C[C@@H](C)[C@@H]2CC(=O)[C@H](C)\C=C(/C)\[C@@H](O)[C@@H](OC)C(=O)[C@H](C)C[C@H](C)\C=C\C=C\C=C(/C)\[C@H](C[C@H]3CC[C@@H](C)[C@@](O)(O3)C(=O)C(=O)N4CCCC[C@H]4C(=O)O2)OC)CC[C@@H]1OC(=O)C(C)(CO)CO,NA
Input,CHIR-265,-0.22687197,InputSig,NA,NA,LINCSCP_112854,HEPG2,10uM,24h,liver,Serine/threonine-protein kinase B-raf inhibitor|Vascular endothelial growth factor receptor 2 inhibitor,BRAF|KDR,YABJJWZLRMPFSI-UHFFFAOYSA-N,"InChI=1S/C24H16F6N6O/c1-36-19-7-6-15(10-17(19)34-22(36)33-14-4-2-13(3-5-14)23(25,26)27)37-16-8-9-31-18(11-16)21-32-12-20(35-21)24(28,29)30/h2-12H,1H3,(H,32,35)(H,33,34)",15146,Cn1c(Nc2ccc(cc2)C(F)(F)F)nc3cc(Oc4ccnc(c4)c5ncc([nH]5)C(F)(F)F)ccc13,2
Input,Betulinic acid,-0.22679062,InputSig,NA,NA,LINCSCP_105468,HELA,0.37uM,24h,large intestine,NA,NA,QGJZLNKBHJESQX-FZFNOLFKSA-N,"InChI=1S/C30H48O3/c1-18(2)19-10-15-30(25(32)33)17-16-28(6)20(24(19)30)8-9-22-27(5)13-12-23(31)26(3,4)21(27)11-14-29(22,28)7/h19-24,31H,1,8-17H2,2-7H3,(H,32,33)/t19-,20+,21-,22+,23-,24+,27-,28+,29+,30-/m0/s1",35787,CC(=C)[C@@H]1CC[C@@]2(CC[C@]3(C)[C@H](CC[C@@H]4[C@@]5(C)CC[C@H](O)C(C)(C)[C@@H]5CC[C@@]34C)[C@@H]12)C(=O)O,NA
Input,Betulinic acid,-0.22679062,InputSig,NA,NA,LINCSCP_105468,HELA,0.37uM,24h,large intestine,NA,NA,QGJZLNKBHJESQX-XNWPAUOFSA-N,"InChI=1S/C30H48O3/c1-18(2)19-10-15-30(25(32)33)17-16-28(6)20(24(19)30)8-9-22-27(5)13-12-23(31)26(3,4)21(27)11-14-29(22,28)7/h19-24,31H,1,8-17H2,2-7H3,(H,32,33)/t19-,20+,21-,22+,23-,24-,27-,28+,29+,30-/m0/s1",26615,CC(=C)[C@@H]1CC[C@@]2(CC[C@]3(C)[C@H](CC[C@@H]4[C@@]5(C)CC[C@H](O)C(C)(C)[C@@H]5CC[C@@]34C)[C@H]12)C(=O)O,NA
Input,BRD-K86894445,-0.22672272,InputSig,NA,NA,LINCSCP_59932,VCAP,5uM,24h,prostate,NA,NA,DQZQMUYWPNMKBM-AVYPCKFXSA-N,"InChI=1S/C22H33N3O4/c1-14-11-25(15(2)13-26)21(27)10-17-9-18(23-22(28)16-5-6-16)7-8-19(17)29-20(14)12-24(3)4/h7-9,14-16,20,26H,5-6,10-13H2,1-4H3,(H,23,28)/t14-,15-,20-/m0/s1",33926,C[C@@H](CO)N1C[C@H](C)[C@H](CN(C)C)Oc2ccc(NC(=O)C3CC3)cc2CC1=O,NA
Input,KUC111109N,-0.22670277,InputSig,NA,NA,LINCSCP_288590,U266,3uM,24h,lymphoid,NA,NA,KPBWCZNRGRIOMM-UHFFFAOYSA-N,"InChI=1S/C27H23N3O3/c31-25-21-13-7-8-14-22(21)26(32)24(23(25)28-27(33)19-9-3-1-4-10-19)30-17-15-29(16-18-30)20-11-5-2-6-12-20/h1-14H,15-18H2,(H,28,33)",10760,O=C(NC1=C(N2CCN(CC2)c3ccccc3)C(=O)c4ccccc4C1=O)c5ccccc5,NA
Input,CHEMBL2381524,-0.22654139,InputSig,NA,NA,LINCSCP_20915,HCC515,10uM,24h,lung,NA,NA,XEHCHKBXLKRMMJ-MDZDMXLPSA-N,"InChI=1S/C16H14N2O3/c19-15(17-14-7-2-1-3-8-14)10-9-12-5-4-6-13(11-12)16(20)18-21/h1-11,21H,(H,17,19)(H,18,20)/b10-9+",17785,ONC(=O)c1cccc(\C=C\C(=O)Nc2ccccc2)c1,NA
Input,Gemifloxacin,-0.22636703,InputSig,NA,NA,LINCSCP_122409,HT29,0.04uM,24h,large intestine,DNA gyrase inhibitor|Topoisomerase IV inhibitor,NA,ZRCVYEYHRGVLOC-HYARGMPZSA-N,"InChI=1S/C18H20FN5O4/c1-28-22-14-8-23(6-9(14)5-20)17-13(19)4-11-15(25)12(18(26)27)7-24(10-2-3-10)16(11)21-17/h4,7,9-10H,2-3,5-6,8,20H2,1H3,(H,26,27)/b22-14+",40368,CON=C1CN(CC1CN)c2nc3N(C=C(C(=O)O)C(=O)c3cc2F)C4CC4,4
Input,FK 866,-0.22634264,InputSig,NA,NA,LINCSCP_103763,HELA,10uM,24h,large intestine,Niacinamide phosphoribosyltransferase inhibitor,NAMPT,KPBNHDGDUADAGP-VAWYXSNFSA-N,"InChI=1S/C24H29N3O2/c28-23(12-11-21-8-6-15-25-19-21)26-16-5-4-7-20-13-17-27(18-14-20)24(29)22-9-2-1-3-10-22/h1-3,6,8-12,15,19-20H,4-5,7,13-14,16-18H2,(H,26,28)/b12-11+",37971,O=C(NCCCCC1CCN(CC1)C(=O)c2ccccc2)\C=C\c3cccnc3,NA
Input,SCHEMBL16980381,-0.22631783,InputSig,NA,NA,LINCSCP_63838,VCAP,5uM,6h,prostate,NA,NA,HZAABOSBDYXUMN-YFJHUXEUSA-N,"InChI=1S/C27H33F3N2O5/c28-27(29,30)12-13-32-16-20(33)17-35-18-25-24(32)11-10-23(37-25)14-26(34)31-15-19-6-8-22(9-7-19)36-21-4-2-1-3-5-21/h1-9,20,23-25,33H,10-18H2,(H,31,34)/t20-,23+,24-,25+/m1/s1",1824,O[C@H]1COC[C@@H]2O[C@H](CC(=O)NCc3ccc(Oc4ccccc4)cc3)CC[C@H]2N(CCC(F)(F)F)C1,NA
Input,BRD-K38294617,-0.22624813,InputSig,NA,NA,LINCSCP_258968,NEU,10uM,24h,NA,NA,NA,VNWGQZGENSFMNJ-GQIGUUNPSA-N,"InChI=1S/C22H36N4O4/c1-14(2)23-22(29)24-18-7-8-19-17(9-18)10-21(28)26(16(4)13-27)11-15(3)20(30-19)12-25(5)6/h7-9,14-16,20,27H,10-13H2,1-6H3,(H2,23,24,29)/t15-,16+,20-/m1/s1",32683,CC(C)NC(=O)Nc1ccc2O[C@H](CN(C)C)[C@H](C)CN([C@@H](C)CO)C(=O)Cc2c1,NA
Input,Oxalomalicacid,-0.22615668,InputSig,NA,NA,LINCSCP_58814,VCAP,10uM,24h,prostate,Isocitrate dehydrogenase inhibitor,ACO1|IDH1,YILAUJBAPQXZGM-UHFFFAOYSA-N,"InChI=1S/C6H6O8/c7-2(5(11)12)1(4(9)10)3(8)6(13)14/h1-2,7H,(H,9,10)(H,11,12)(H,13,14)",1490,OC(C(C(=O)O)C(=O)C(=O)O)C(=O)O,NA
Input,AC1LB45U,-0.22610025,InputSig,NA,NA,LINCSCP_5136,A549,10uM,6h,lung,NA,NA,LYFUGTMFJXJBCO-UHFFFAOYSA-N,"InChI=1S/C16H19ClN2O/c1-18(9-2-3-10-19-11-4-5-12-19)16(20)14-7-6-8-15(17)13-14/h6-8,13H,4-5,9-12H2,1H3",35898,CN(CC#CCN1CCCC1)C(=O)c2cccc(Cl)c2,NA
Input,BRD-K44781077,-0.2260997,InputSig,NA,NA,LINCSCP_7844,A549,10uM,24h,lung,NA,NA,FVBMANNWVHBCBY-IZVMNLJQSA-N,"InChI=1S/C30H36N4O7S/c1-20-17-34(21(2)19-35)29(36)25-11-8-12-26(32-30(37)31-22-9-6-5-7-10-22)28(25)41-27(20)18-33(3)42(38,39)24-15-13-23(40-4)14-16-24/h5-16,20-21,27,35H,17-19H2,1-4H3,(H2,31,32,37)/t20-,21-,27-/m0/s1",1692,COc1ccc(cc1)S(=O)(=O)N(C)C[C@@H]2Oc3c(NC(=O)Nc4ccccc4)cccc3C(=O)N(C[C@@H]2C)[C@@H](C)CO,NA
Input,Sumatriptan,-0.22586906,InputSig,NA,NA,LINCSCP_95059,HA1E,0.04uM,24h,kidney epithelial,Serotonin receptor agonist,HTR1A|HTR1B|HTR1D|HTR1F,KQKPFRSPSRPDEB-UHFFFAOYSA-N,"InChI=1S/C14H21N3O2S/c1-15-20(18,19)10-11-4-5-14-13(8-11)12(9-16-14)6-7-17(2)3/h4-5,8-9,15-16H,6-7,10H2,1-3H3",36487,CNS(=O)(=O)Cc1ccc2[nH]cc(CCN(C)C)c2c1,4
Input,BRD-K79426639,-0.2258556,InputSig,NA,NA,LINCSCP_59699,VCAP,5uM,24h,prostate,NA,NA,IAKBBZLEORGFOS-PMAPCBKXSA-N,"InChI=1S/C25H35N3O6S/c1-17-13-28(18(2)16-29)25(30)21-7-6-8-22(26-35(5,31)32)24(21)34-23(17)15-27(3)14-19-9-11-20(33-4)12-10-19/h6-12,17-18,23,26,29H,13-16H2,1-5H3/t17-,18-,23-/m1/s1",13609,COc1ccc(CN(C)C[C@H]2Oc3c(NS(=O)(=O)C)cccc3C(=O)N(C[C@H]2C)[C@H](C)CO)cc1,NA
Input,BRD-K80058284,-0.22580555,InputSig,NA,NA,LINCSCP_8296,A549,5uM,24h,lung,NA,NA,NRXGVPPIKRTMIX-JUVNKOCGSA-N,"InChI=1S/C34H50N4O6/c1-23-19-38(24(2)22-39)33(40)30-18-28(36-34(41)35-27-11-14-29(42-5)15-12-27)13-16-31(30)44-25(3)8-6-7-17-43-32(23)21-37(4)20-26-9-10-26/h11-16,18,23-26,32,39H,6-10,17,19-22H2,1-5H3,(H2,35,36,41)/t23-,24+,25-,32+/m0/s1",33734,COc1ccc(NC(=O)Nc2ccc3O[C@@H](C)CCCCO[C@H](CN(C)CC4CC4)[C@@H](C)CN([C@H](C)CO)C(=O)c3c2)cc1,NA
Input,UNC 669,-0.22575239,InputSig,NA,NA,LINCSCP_165755,SKL,3.33uM,24h,skeletal muscle,NA,NA,CQERVFFAOOUFEQ-UHFFFAOYSA-N,"InChI=1S/C15H20BrN3O/c16-13-9-12(10-17-11-13)15(20)19-7-3-14(4-8-19)18-5-1-2-6-18/h9-11,14H,1-8H2",19911,Brc1cncc(c1)C(=O)N2CCC(CC2)N3CCCC3,NA
Input,CGK733,-0.22573867,InputSig,NA,NA,LINCSCP_84708,ASC,0.12uM,24h,adipose,ATM kinase inhibitor|ATR kinase inhibitor,ATM|ATR,HLCDNLNLQNYZTK-UHFFFAOYSA-N,"InChI=1S/C23H18Cl3FN4O3S/c24-23(25,26)21(30-22(35)28-16-11-12-17(27)18(13-16)31(33)34)29-20(32)19(14-7-3-1-4-8-14)15-9-5-2-6-10-15/h1-13,19,21H,(H,29,32)(H2,28,30,35)",15256,[O-][N+](=O)c1cc(NC(=S)NC(NC(=O)C(c2ccccc2)c3ccccc3)C(Cl)(Cl)Cl)ccc1F,NA
Input,BMN 673,-0.22573014,InputSig,NA,NA,LINCSCP_144397,MCF7,1.11uM,24h,breast,NA,NA,IUEWAGVJRJORLA-HZPDHXFCSA-N,"InChI=1S/C19H14F2N6O/c1-27-18(22-8-23-27)15-16(9-2-4-10(20)5-3-9)24-13-7-11(21)6-12-14(13)17(15)25-26-19(12)28/h2-8,15-16,25H,1H3,(H,26,28)/t15-,16-/m1/s1",26455,Cn1ncnc1[C@@H]2[C@H](Nc3cc(F)cc4C(=O)NN=C2c34)c5ccc(F)cc5,NA
Input,Ramelteon,-0.22570843,InputSig,NA,NA,LINCSCP_101326,HELA,0.04uM,24h,large intestine,Melatonin receptor agonist,MTNR1A|MTNR1B,YLXDSYKOBKBWJQ-LBPRGKRZSA-N,"InChI=1S/C16H21NO2/c1-2-15(18)17-9-7-12-4-3-11-5-6-14-13(16(11)12)8-10-19-14/h5-6,12H,2-4,7-10H2,1H3,(H,17,18)/t12-/m0/s1",38674,CCC(=O)NCC[C@@H]1CCc2ccc3OCCc3c12,4
Input,7Beta-forskolin,-0.2254969,InputSig,NA,NA,LINCSCP_14387,HA1E,10uM,24h,kidney epithelial,Adenylyl cyclase activator,ADCY2,PAYHDZDDAHVPDU-ZQVYKFDISA-N,"InChI=1S/C29H48N2O7/c1-8-26(4)18-20(33)29(36)27(5)19(32)11-12-25(2,3)23(27)22(35)24(28(29,6)38-26)37-21(34)10-9-13-31-16-14-30(7)15-17-31/h8,19,22-24,32,35-36H,1,9-18H2,2-7H3/t19-,22-,23-,24-,26-,27-,28+,29-/m0/s1",9823,CN1CCN(CCCC(=O)O[C@H]2[C@@H](O)[C@H]3C(C)(C)CC[C@H](O)[C@]3(C)[C@@]4(O)C(=O)C[C@@](C)(O[C@]24C)C=C)CC1,NA
Input,UNM000003657701,-0.22541008,InputSig,NA,NA,LINCSCP_15746,HA1E,10uM,24h,kidney epithelial,NA,NA,XRYOQOUJMQVCBW-UHFFFAOYSA-N,"InChI=1S/C17H18N4O2/c1-11(2)16(22)19-13-9-12(5-6-15(13)23-3)14-10-21-8-4-7-18-17(21)20-14/h4-11H,1-3H3,(H,19,22)",35625,COc1ccc(cc1NC(=O)C(C)C)c2cn3cccnc3n2,NA
Input,Darifenacin,-0.22538846,InputSig,NA,NA,LINCSCP_110588,HELA,3.33uM,24h,large intestine,Acetylcholine receptor antagonist,CHRM1|CHRM2|CHRM3|CHRM4|CHRM5,HXGBXQDTNZMWGS-RUZDIDTESA-N,"InChI=1S/C28H30N2O2/c29-27(31)28(23-7-3-1-4-8-23,24-9-5-2-6-10-24)25-14-17-30(20-25)16-13-21-11-12-26-22(19-21)15-18-32-26/h1-12,19,25H,13-18,20H2,(H2,29,31)/t25-/m1/s1",16471,NC(=O)C([C@@H]1CCN(CCc2ccc3OCCc3c2)C1)(c4ccccc4)c5ccccc5,4
Input,DMP-543,-0.22531765,InputSig,NA,NA,LINCSCP_13801,HA1E,10uM,24h,kidney epithelial,Acetylcholine release stimulant,NA,MUJBUUDUXGDXLW-UHFFFAOYSA-N,"InChI=1S/C26H18F2N2O/c27-23-13-17(9-11-29-23)15-26(16-18-10-12-30-24(28)14-18)21-7-3-1-5-19(21)25(31)20-6-2-4-8-22(20)26/h1-14H,15-16H2",16022,Fc1cc(CC2(Cc3ccnc(F)c3)c4ccccc4C(=O)c5ccccc25)ccn1,NA
Input,BRD-K38594532,-0.22514381,InputSig,NA,NA,LINCSCP_7833,A549,10uM,24h,lung,NA,NA,DSHPDBIZJLDJKA-XLNZFTOWSA-N,"InChI=1S/C25H37N5O5/c1-18-12-30(19(2)16-31)25(32)5-4-8-29-14-21(26-27-29)17-35-24(18)15-28(3)13-20-6-7-22-23(11-20)34-10-9-33-22/h6-7,11,14,18-19,24,31H,4-5,8-10,12-13,15-17H2,1-3H3/t18-,19+,24+/m0/s1",317,C[C@H](CO)N1C[C@H](C)[C@@H](CN(C)Cc2ccc3OCCOc3c2)OCc4cn(CCCC1=O)nn4,NA
Input,CHEMBL2140880,-0.22504332,InputSig,NA,NA,LINCSCP_37915,MCF7,1uM,24h,breast,NA,NA,ZOHSXZUSSPRGFE-HPBDAGMYSA-N,"InChI=1S/C20H29N3O6/c1-21-19(25)9-16-6-7-17-18(29-16)12-28-11-14(24)10-23(17)20(26)22-13-4-3-5-15(8-13)27-2/h3-5,8,14,16-18,24H,6-7,9-12H2,1-2H3,(H,21,25)(H,22,26)/t14-,16+,17+,18-/m0/s1",22987,CNC(=O)C[C@H]1CC[C@@H]2[C@H](COC[C@@H](O)CN2C(=O)Nc3cccc(OC)c3)O1,NA
Input,CHEMBL461194,-0.22500536,InputSig,NA,NA,LINCSCP_2177,A375,10uM,6h,skin,Alkaline phosphatase inhibitor,ALPL,NQORNRXANZIMLI-UHFFFAOYSA-N,"InChI=1S/C12H10Cl3N3O2/c13-7-2-1-6(10(14)11(7)15)8-5-9(18-17-8)12(20)16-3-4-19/h1-2,5,19H,3-4H2,(H,16,20)(H,17,18)",38705,OCCNC(=O)c1cc(n[nH]1)c2ccc(Cl)c(Cl)c2Cl,NA
Input,Ttnpb,-0.22493503,InputSig,NA,NA,LINCSCP_13354,FIBRNPC,10uM,6h,NA,Retinoid receptor agonist,RARB,FOIVPCKZDPCJJY-JQIJEIRASA-N,"InChI=1S/C24H28O2/c1-16(14-17-6-8-18(9-7-17)22(25)26)19-10-11-20-21(15-19)24(4,5)13-12-23(20,2)3/h6-11,14-15H,12-13H2,1-5H3,(H,25,26)/b16-14+",17567,C\C(=C/c1ccc(cc1)C(=O)O)\c2ccc3c(c2)C(C)(C)CCC3(C)C,NA
Input,BRD-K45322187,-0.22492656,InputSig,NA,NA,LINCSCP_278631,PC3,10uM,6h,prostate,NA,NA,XSDFHOHDMKHWQT-SLQPCKNISA-N,"InChI=1S/C27H28N2O3/c1-32-23-13-11-21(12-14-23)20-7-9-22(10-8-20)27-24-16-28(15-19-5-3-2-4-6-19)17-26(31)29(24)25(27)18-30/h2-14,24-25,27,30H,15-18H2,1H3/t24-,25-,27+/m1/s1",12779,COc1ccc(cc1)c2ccc(cc2)[C@@H]3[C@@H](CO)N4[C@@H]3CN(Cc5ccccc5)CC4=O,NA
Input,MAYBRIDGE4_003236,-0.22472298,InputSig,NA,NA,LINCSCP_46541,PC3,10uM,6h,prostate,NA,NA,PINDQHQXJFMBBT-UHFFFAOYSA-N,"InChI=1S/C15H12F3NO5S2/c1-19-26(23,24)13-7-6-9(15(16,17)18)8-12(13)25(22)11-5-3-2-4-10(11)14(20)21/h2-8,19H,1H3,(H,20,21)",17668,CNS(=O)(=O)c1ccc(cc1S(=O)c2ccccc2C(=O)O)C(F)(F)F,NA
Input,STK721917,-0.22463866,InputSig,NA,NA,LINCSCP_202073,A549,3uM,24h,lung,NA,NA,YJAKNSVSOFNUEU-UHFFFAOYSA-N,"InChI=1S/C20H20N2/c1-3-7-16(8-4-1)17-10-12-18(13-11-17)19-15-21-20-9-5-2-6-14-22(19)20/h1,3-4,7-8,10-13,15H,2,5-6,9,14H2",39773,C1CCc2ncc(c3ccc(cc3)c4ccccc4)n2CC1,NA
Input,BRD-K28036193,-0.22445533,InputSig,NA,NA,LINCSCP_65435,VCAP,10uM,6h,prostate,NA,NA,KBDYTXJNXXZTGD-CAHKVJEUSA-N,"InChI=1S/C33H37N3O5S/c1-24-20-36(25(2)23-37)42(38,39)33-14-11-28(27-15-17-34-18-16-27)19-31(33)41-32(24)22-35(3)21-26-9-12-30(13-10-26)40-29-7-5-4-6-8-29/h4-19,24-25,32,37H,20-23H2,1-3H3/t24-,25-,32-/m0/s1",12299,C[C@@H](CO)N1C[C@H](C)[C@H](CN(C)Cc2ccc(Oc3ccccc3)cc2)Oc4cc(ccc4S1(=O)=O)c5ccncc5,NA
Input,Bisoprolol,-0.22442059,InputSig,NA,NA,LINCSCP_79698,A375,1.11uM,24h,skin,Adrenergic receptor antagonist,ADRB1,VHYCDWMUTMEGQY-UHFFFAOYSA-N,"InChI=1S/C18H31NO4/c1-14(2)19-11-17(20)13-23-18-7-5-16(6-8-18)12-21-9-10-22-15(3)4/h5-8,14-15,17,19-20H,9-13H2,1-4H3",35442,CC(C)NCC(O)COc1ccc(COCCOC(C)C)cc1,4
Input,Pyrilamine,-0.2244019,InputSig,NA,NA,LINCSCP_127458,HT29,1.11uM,24h,large intestine,Histamine receptor antagonist,HRH1,YECBIJXISLIIDS-UHFFFAOYSA-N,"InChI=1S/C17H23N3O/c1-19(2)12-13-20(17-6-4-5-11-18-17)14-15-7-9-16(21-3)10-8-15/h4-11H,12-14H2,1-3H3",16093,COc1ccc(CN(CCN(C)C)c2ccccn2)cc1,4
Input,Lonafarnib,-0.22439352,InputSig,NA,NA,LINCSCP_139528,MCF7,0.12uM,24h,breast,Protein farnesyltransferase inhibitor,CHURC1-FNTB|FNTA|FNTB,DHMTURDWPRKSOA-RUZDIDTESA-N,"InChI=1S/C27H31Br2ClN4O2/c28-20-12-19-2-1-18-13-21(30)14-22(29)24(18)25(26(19)32-15-20)17-5-9-33(10-6-17)23(35)11-16-3-7-34(8-4-16)27(31)36/h12-17,25H,1-11H2,(H2,31,36)/t25-/m1/s1",26916,NC(=O)N1CCC(CC(=O)N2CCC(CC2)[C@H]3c4ncc(Br)cc4CCc5cc(Cl)cc(Br)c35)CC1,3
Input,XMD-1499,-0.22425059,InputSig,NA,NA,LINCSCP_46872,PC3,10uM,24h,prostate,EPHB3 inhibitor,EPHB3,NA,NA,42731,NA,NA
Input,Metoprolol,-0.22424882,InputSig,NA,NA,LINCSCP_92919,HA1E,3.33uM,24h,kidney epithelial,Adrenergic receptor antagonist,ADRB1|ADRB2,IUBSYMUCCVWXPE-UHFFFAOYSA-N,"InChI=1S/C15H25NO3/c1-12(2)16-10-14(17)11-19-15-6-4-13(5-7-15)8-9-18-3/h4-7,12,14,16-17H,8-11H2,1-3H3",35307,COCCc1ccc(OCC(O)CNC(C)C)cc1,4
Input,PK04_181167,-0.22421107,InputSig,NA,NA,LINCSCP_295182,VCAP,10uM,6h,prostate,NA,NA,BSOCYPJRZOKXMA-YSKXDDPOSA-N,"InChI=1S/C24H21ClN2O6/c25-15-7-4-8-16(14(15)12-28)27-20(21(29)26-11-13-5-2-1-3-6-13)24-10-9-17(33-24)18(23(31)32)19(24)22(27)30/h1-10,17-20,28H,11-12H2,(H,26,29)(H,31,32)/t17-,18+,19+,20-,24+/m0/s1",31619,OCc1c(Cl)cccc1N2[C@@H](C(=O)NCc3ccccc3)[C@@]45O[C@@H](C=C4)[C@H]([C@@H]5C2=O)C(=O)O,NA
Input,TAK-700 (Orteronel),-0.22420021,InputSig,NA,NA,LINCSCP_138542,MCF7,1.11uM,24h,breast,NA,NA,OZPFIJIOIVJZMN-GOSISDBHSA-N,"InChI=1S/C18H17N3O2/c1-19-17(22)14-3-2-13-9-15(5-4-12(13)8-14)18(23)6-7-21-11-20-10-16(18)21/h2-5,8-11,23H,6-7H2,1H3,(H,19,22)/t18-/m1/s1",26834,CNC(=O)c1ccc2cc(ccc2c1)[C@]3(O)CCn4cncc34,NA
Input,BRD-K82284120,-0.2241345,InputSig,NA,NA,LINCSCP_303183,VCAP,5uM,24h,prostate,NA,NA,PHBUKTREHITDBU-MUUNGVPUSA-N,"InChI=1S/C27H34FN3O6S/c28-18-4-7-21(8-5-18)38(34,35)30-19-6-9-24-22(14-19)23-15-20(36-25(17-32)27(23)37-24)16-26(33)29-10-13-31-11-2-1-3-12-31/h4-9,14,20,23,25,27,30,32H,1-3,10-13,15-17H2,(H,29,33)/t20-,23-,25+,27+/m0/s1",4306,OC[C@H]1O[C@H](CC(=O)NCCN2CCCCC2)C[C@@H]3[C@H]1Oc4ccc(NS(=O)(=O)c5ccc(F)cc5)cc34,NA
Input,EFLORNITHINE HYDROCHLORIDE,-0.22407047,InputSig,NA,NA,LINCSCP_111088,HELA,0.37uM,24h,large intestine,Ornithine decarboxylase inhibitor,ODC1,VLCYCQAOQCDTCN-UHFFFAOYSA-N,"InChI=1S/C6H12F2N2O2/c7-4(8)6(10,5(11)12)2-1-3-9/h4H,1-3,9-10H2,(H,11,12)",26624,NCCCC(N)(C(F)F)C(=O)O,4
Input,BRD-A02747686,-0.22403896,InputSig,NA,NA,LINCSCP_108928,HELA,0.04uM,24h,large intestine,NA,NA,NA,NA,NA,NA,NA
Input,CHEMBL2361743,-0.22391233,InputSig,NA,NA,LINCSCP_65800,VCAP,10uM,6h,prostate,NA,NA,CBAAPWVHONFTKW-PWRHEVILSA-N,"InChI=1S/C35H47F3N4O7S/c1-22-18-42(23(2)21-43)34(44)30-17-29(40-50(45,46)33-25(4)39-49-26(33)5)14-15-31(30)48-24(3)9-7-8-16-47-32(22)20-41(6)19-27-10-12-28(13-11-27)35(36,37)38/h10-15,17,22-24,32,40,43H,7-9,16,18-21H2,1-6H3/t22-,23+,24-,32+/m0/s1",40100,C[C@H](CO)N1C[C@H](C)[C@@H](CN(C)Cc2ccc(cc2)C(F)(F)F)OCCCC[C@H](C)Oc3ccc(NS(=O)(=O)c4c(C)onc4C)cc3C1=O,NA
Input,Naltrexone,-0.22377684,InputSig,NA,NA,LINCSCP_216295,HCC515,10uM,6h,lung,Opioid receptor antagonist,OPRD1|OPRK1|OPRM1,DQCKKXVULJGBQN-XFWGSAIBSA-N,"InChI=1S/C20H23NO4/c22-13-4-3-12-9-15-20(24)6-5-14(23)18-19(20,16(12)17(13)25-18)7-8-21(15)10-11-1-2-11/h3-4,11,15,18,22,24H,1-2,5-10H2/t15-,18+,19+,20-/m1/s1",36106,Oc1ccc2C[C@H]3N(CC4CC4)CC[C@@]56[C@@H](Oc1c25)C(=O)CC[C@@]36O,4
Input,TH02453-036-P1,-0.22376207,InputSig,NA,NA,LINCSCP_10430,A673,10uM,6h,bone,NA,NA,PUQVAXDZGUENDK-BEVDRBHNSA-N,"InChI=1S/C23H31N5O3/c1-14(2)20(27-21(29)15(3)24-4)23(31)28-13-7-11-19(28)22(30)26-18-10-5-9-17-16(18)8-6-12-25-17/h5-6,8-10,12,14-15,19-20,24H,7,11,13H2,1-4H3,(H,26,30)(H,27,29)/t15-,19+,20-/m0/s1",1726,CN[C@@H](C)C(=O)N[C@@H](C(C)C)C(=O)N1CCC[C@@H]1C(=O)Nc2cccc3ncccc23,NA
Input,BRD-K30267135,-0.22374951,InputSig,NA,NA,LINCSCP_8905,A549,10uM,24h,lung,NA,NA,MLJFMAHJLRFJJA-AOIWGVFYSA-N,"InChI=1S/C20H20F3N3O2/c21-20(22,23)8-18(28)26-11-16-19(14-5-1-2-6-15(14)26)17(12-27)25(16)10-13-4-3-7-24-9-13/h1-7,9,16-17,19,27H,8,10-12H2/t16-,17+,19+/m1/s1",32473,OC[C@H]1[C@@H]2[C@@H](CN(C(=O)CC(F)(F)F)c3ccccc23)N1Cc4cccnc4,NA
Input,Benfluorex,-0.22370868,InputSig,NA,NA,LINCSCP_103174,HELA,0.37uM,24h,large intestine,Gluconeogenesis inhibitor,HMGCR,CJAVTWRYCDNHSM-UHFFFAOYSA-N,"InChI=1S/C19H20F3NO2/c1-14(12-15-6-5-9-17(13-15)19(20,21)22)23-10-11-25-18(24)16-7-3-2-4-8-16/h2-9,13-14,23H,10-12H2,1H3",16128,CC(Cc1cccc(c1)C(F)(F)F)NCCOC(=O)c2ccccc2,4
Input,MLS001065863,-0.22362733,InputSig,NA,NA,LINCSCP_22184,HEPG2,10uM,6h,liver,NA,NA,GZMDFKPAEJIEIJ-IBGZPJMESA-N,"InChI=1S/C23H23N3O3/c1-23(2)20-17(16-9-4-5-10-18(16)24-20)12-19-21(27)25(22(28)26(19)23)13-14-7-6-8-15(11-14)29-3/h4-11,19,24H,12-13H2,1-3H3/t19-/m0/s1",15546,COc1cccc(CN2C(=O)[C@@H]3Cc4c([nH]c5ccccc45)C(C)(C)N3C2=O)c1,NA
Input,Pentamidine,-0.22361845,InputSig,NA,NA,LINCSCP_92687,HA1E,1.11uM,24h,kidney epithelial,Anti-pneumocystis agent,NA,XDRYMKDFEDOLFX-UHFFFAOYSA-N,"InChI=1S/C19H24N4O2/c20-18(21)14-4-8-16(9-5-14)24-12-2-1-3-13-25-17-10-6-15(7-11-17)19(22)23/h4-11H,1-3,12-13H2,(H3,20,21)(H3,22,23)",194,NC(=N)c1ccc(OCCCCCOc2ccc(cc2)C(=N)N)cc1,4
Input,Pregnenolone,-0.22354076,InputSig,NA,NA,LINCSCP_73339,A375,1.11uM,24h,skin,NA,NA,ORNBQBCIOKFOEO-QGVNFLHTSA-N,"InChI=1S/C21H32O2/c1-13(22)17-6-7-18-16-5-4-14-12-15(23)8-10-20(14,2)19(16)9-11-21(17,18)3/h4,15-19,23H,5-12H2,1-3H3/t15-,16-,17+,18-,19-,20-,21+/m0/s1",16342,CC(=O)[C@H]1CC[C@H]2[C@@H]3CC=C4C[C@@H](O)CC[C@]4(C)[C@H]3CC[C@]12C,NA
Input,Cyclizine,-0.22344118,InputSig,NA,NA,LINCSCP_97905,HA1E,0.04uM,24h,kidney epithelial,Histamine receptor modulator,HRH1,UVKZSORBKUEBAZ-UHFFFAOYSA-N,"InChI=1S/C18H22N2/c1-19-12-14-20(15-13-19)18(16-8-4-2-5-9-16)17-10-6-3-7-11-17/h2-11,18H,12-15H2,1H3",36565,CN1CCN(CC1)C(c2ccccc2)c3ccccc3,4
Input,Chaetocin,-0.22328169,InputSig,NA,NA,LINCSCP_50910,RMGI,0.1uM,6h,ovary,Histone lysine methyltransferase inhibitor,SUV39H1,PZPPOCZWRGNKIR-UHFFFAOYSA-N,"InChI=1S/C30H28N6O6S4/c1-33-21(39)27-11-25(15-7-3-5-9-17(15)31-19(25)35(27)23(41)29(33,13-37)45-43-27)26-12-28-22(40)34(2)30(14-38,46-44-28)24(42)36(28)20(26)32-18-10-6-4-8-16(18)26/h3-10,19-20,31-32,37-38H,11-14H2,1-2H3",1710,CN1C(=O)C23CC4(C(Nc5ccccc45)N2C(=O)C1(CO)SS3)C67CC89SSC(CO)(N(C)C8=O)C(=O)N9C6Nc%10ccccc7%10,NA
Input,Chloroquine,-0.22317564,InputSig,NA,NA,LINCSCP_45100,PC3,10uM,6h,prostate,Antimalarial agent,NA,WHTVZRBIWZFKQO-UHFFFAOYSA-N,"InChI=1S/C18H26ClN3/c1-4-22(5-2)12-6-7-14(3)21-17-10-11-20-18-13-15(19)8-9-16(17)18/h8-11,13-14H,4-7,12H2,1-3H3,(H,20,21)",23964,CCN(CC)CCCC(C)Nc1ccnc2cc(Cl)ccc12,4
Input,SA-84905,-0.2231098,InputSig,NA,NA,LINCSCP_38154,MCF7,3uM,24h,breast,NA,NA,JRDUENCFVDHCHL-IKDMDFKBSA-N,"InChI=1S/C30H34ClN3O7S/c1-19-14-34(20(2)17-35)30(36)25-13-23(32-42(37,38)24-8-5-22(31)6-9-24)7-11-26(25)41-29(19)16-33(3)15-21-4-10-27-28(12-21)40-18-39-27/h4-13,19-20,29,32,35H,14-18H2,1-3H3/t19-,20+,29+/m1/s1",11966,C[C@@H](CO)N1C[C@@H](C)[C@H](CN(C)Cc2ccc3OCOc3c2)Oc4ccc(NS(=O)(=O)c5ccc(Cl)cc5)cc4C1=O,NA
Input,TAK-285,-0.22308018,InputSig,NA,NA,LINCSCP_141702,MCF7,3.33uM,24h,breast,Epidermal growth factor receptor erbB1 inhibitor|Receptor protein-tyrosine kinase erbB-2 inhibitor,EGFR|ERBB2,ZYQXEVJIFYIBHZ-UHFFFAOYSA-N,"InChI=1S/C26H25ClF3N5O3/c1-25(2,37)14-22(36)31-9-11-35-10-8-20-23(35)24(33-15-32-20)34-17-6-7-21(19(27)13-17)38-18-5-3-4-16(12-18)26(28,29)30/h3-8,10,12-13,15,37H,9,11,14H2,1-2H3,(H,31,36)(H,32,33,34)",27187,CC(C)(O)CC(=O)NCCn1ccc2ncnc(Nc3ccc(Oc4cccc(c4)C(F)(F)F)c(Cl)c3)c12,1
Input,Actarit,-0.22296243,InputSig,NA,NA,LINCSCP_5735,A549,10uM,24h,lung,Interleukin receptor agonist,NA,MROJXXOCABQVEF-UHFFFAOYSA-N,"InChI=1S/C10H11NO3/c1-7(12)11-9-4-2-8(3-5-9)6-10(13)14/h2-5H,6H2,1H3,(H,11,12)(H,13,14)",16326,CC(=O)Nc1ccc(CC(=O)O)cc1,NA
Input,Purmorphamine,-0.22290561,InputSig,NA,NA,LINCSCP_55004,THP1,40uM,6h,haematopoietic and lymphoid tissue,Smoothened receptor agonist,SMO,FYBHCRQFSFYWPY-UHFFFAOYSA-N,"InChI=1S/C31H32N6O2/c1-2-9-25(10-3-1)37-21-32-28-29(33-23-13-15-24(16-14-23)36-17-19-38-20-18-36)34-31(35-30(28)37)39-27-12-6-8-22-7-4-5-11-26(22)27/h4-8,11-16,21,25H,1-3,9-10,17-20H2,(H,33,34,35)",36000,C1CCC(CC1)n2cnc3c(Nc4ccc(cc4)N5CCOCC5)nc(Oc6cccc7ccccc67)nc23,NA
Input,Rebamipide,-0.22280911,InputSig,NA,NA,LINCSCP_71384,A375,0.04uM,24h,skin,Free radical scavenger,NA,ALLWOAVDORUJLA-UHFFFAOYSA-N,"InChI=1S/C19H15ClN2O4/c20-13-7-5-11(6-8-13)18(24)22-16(19(25)26)9-12-10-17(23)21-15-4-2-1-3-14(12)15/h1-8,10,16H,9H2,(H,21,23)(H,22,24)(H,25,26)",16123,OC(=O)C(CC1=CC(=O)Nc2ccccc12)NC(=O)c3ccc(Cl)cc3,3
Input,Nylidrin,-0.2227635,InputSig,NA,NA,LINCSCP_23001,HEPG2,10uM,6h,liver,Adrenergic receptor agonist,ADRB2,PTGXAUBQBSGPKF-UHFFFAOYSA-N,"InChI=1S/C19H25NO2/c1-14(8-9-16-6-4-3-5-7-16)20-15(2)19(22)17-10-12-18(21)13-11-17/h3-7,10-15,19-22H,8-9H2,1-2H3",15229,CC(CCc1ccccc1)NC(C)C(O)c2ccc(O)cc2,NA
Input,RESORCINOL,-0.22275967,InputSig,NA,NA,LINCSCP_142821,MCF7,0.12uM,24h,breast,NA,NA,GHMLBKRAJCXXBS-UHFFFAOYSA-N,"InChI=1S/C6H6O2/c7-5-2-1-3-6(8)4-5/h1-4,7-8H",27113,Oc1cccc(O)c1,4
Input,CHEMBL1612418,-0.22261903,InputSig,NA,NA,LINCSCP_42415,NPC,10uM,24h,neural progenitor cells,NA,NA,LKAZLKLHUAIYCE-UHFFFAOYSA-N,"InChI=1S/C22H20N4O2/c1-15-7-10-18(11-8-15)26-24-19-12-9-17(13-20(19)25-26)23-22(27)14-28-21-6-4-3-5-16(21)2/h3-13H,14H2,1-2H3,(H,23,27)",36264,Cc1ccc(cc1)n2nc3ccc(NC(=O)COc4ccccc4C)cc3n2,NA
Input,(S)-(-)-BAY K 8644,-0.22259984,InputSig,NA,NA,LINCSCP_53995,SW480,10uM,6h,large intestine,L-type calcium channel activator,CACNA1C,ZFLWDHHVRRZMEI-ZDUSSCGKSA-N,"InChI=1S/C16H15F3N2O4/c1-8-12(15(22)25-3)13(14(21(23)24)9(2)20-8)10-6-4-5-7-11(10)16(17,18)19/h4-7,13,20H,1-3H3/t13-/m0/s1",1405,COC(=O)C1=C(C)NC(=C([C@H]1c2ccccc2C(F)(F)F)[N+](=O)[O-])C,NA
Input,Guanadrel,-0.22251662,InputSig,NA,NA,LINCSCP_121369,HT29,1.11uM,24h,large intestine,Norepinephrine transporter substrate,SLC6A2,HPBNRIOWIXYZFK-UHFFFAOYSA-N,"InChI=1S/C10H19N3O2/c11-9(12)13-6-8-7-14-10(15-8)4-2-1-3-5-10/h8H,1-7H2,(H4,11,12,13)",40041,NC(=N)NCC1COC2(CCCCC2)O1,4
Input,ST4048456,-0.22246442,InputSig,NA,NA,LINCSCP_190582,A549,10uM,24h,lung,NA,NA,DRVRCPIXTBQSMC-UHFFFAOYSA-N,"InChI=1S/C16H19N5S/c1-4-8-21(9-5-1)10-11-22-16-18-15-14(19-20-16)12-6-2-3-7-13(12)17-15/h2-3,6-7H,1,4-5,8-11H2,(H,17,18,20)",1433,C(CN1CCCCC1)Sc2nnc3c4ccccc4[nH]c3n2,NA
Input,BG-STK33-59,-0.222442,InputSig,NA,NA,LINCSCP_261305,NOMO1,0.01uM,6h,haematopoietic and lymphoid tissue,Serine/threonine kinase inhibitor,NA,HWOYIOLMBQSTQS-UHFFFAOYSA-N,"InChI=1S/C22H19N3O2S/c1-13(2)14-9-10-16(24-21(26)19-8-5-11-28-19)15(12-14)20-22(27)25-18-7-4-3-6-17(18)23-20/h3-13H,1-2H3,(H,24,26)(H,25,27)",10343,CC(C)c1ccc(NC(=O)c2cccs2)c(c1)C3=Nc4ccccc4NC3=O,NA
Input,Moclobemide,-0.2224263,InputSig,NA,NA,LINCSCP_74839,A375,0.37uM,24h,skin,Monoamine oxidase inhibitor,MAOA,YHXISWVBGDMDLQ-UHFFFAOYSA-N,"InChI=1S/C13H17ClN2O2/c14-12-3-1-11(2-4-12)13(17)15-5-6-16-7-9-18-10-8-16/h1-4H,5-10H2,(H,15,17)",16282,Clc1ccc(cc1)C(=O)NCCN2CCOCC2,4
Input,BRD-K45077070,-0.22237805,InputSig,NA,NA,LINCSCP_8669,A549,5uM,24h,lung,NA,NA,IDLNHXHJUITYBI-ZGXWSNOMSA-N,"InChI=1S/C22H29Cl2N3O6/c23-14-7-15(24)9-16(8-14)25-22(30)27-11-17(28)12-32-13-20-19(27)2-1-18(33-20)10-21(29)26-3-5-31-6-4-26/h7-9,17-20,28H,1-6,10-13H2,(H,25,30)/t17-,18+,19-,20+/m0/s1",3203,O[C@@H]1COC[C@H]2O[C@@H](CC(=O)N3CCOCC3)CC[C@@H]2N(C1)C(=O)Nc4cc(Cl)cc(Cl)c4,NA
Input,BRD-K13719685,-0.22234827,InputSig,NA,NA,LINCSCP_60139,VCAP,5uM,24h,prostate,NA,NA,OBRGIGMGBKKHMR-SVMVAKDDSA-N,"InChI=1S/C23H29N3O4S/c1-17-14-26(18(2)16-27)31(28,29)23-11-9-19(8-10-20-7-5-6-12-24-20)13-21(23)30-22(17)15-25(3)4/h5-7,9,11-13,17-18,22,27H,14-16H2,1-4H3/t17-,18+,22-/m0/s1",24906,C[C@H](CO)N1C[C@H](C)[C@H](CN(C)C)Oc2cc(ccc2S1(=O)=O)C#Cc3ccccn3,NA
Input,EMF-sumo1-1,-0.22224119,InputSig,NA,NA,LINCSCP_87238,CD34,0.12uM,24h,bone marrow,NA,NA,NA,NA,NA,NA,NA
Input,MLS003650139,-0.22219773,InputSig,NA,NA,LINCSCP_63784,VCAP,5uM,6h,prostate,NA,NA,WWAGOAOIMIOBRQ-QWQGWLCTSA-N,"InChI=1S/C26H40N4O5/c1-2-11-27-26(33)30-16-21(31)17-34-18-24-23(30)9-8-22(35-24)13-25(32)28-20-10-12-29(15-20)14-19-6-4-3-5-7-19/h3-7,20-24,31H,2,8-18H2,1H3,(H,27,33)(H,28,32)/t20-,21+,22-,23+,24-/m1/s1",17068,CCCNC(=O)N1C[C@H](O)COC[C@H]2O[C@@H](CC(=O)N[C@@H]3CCN(Cc4ccccc4)C3)CC[C@H]12,NA
Input,4-Hydroxynon-2-enal,-0.2221739,InputSig,NA,NA,LINCSCP_27038,HT29,10uM,6h,large intestine,Cytotoxic lipid peroxidation product,NA,JVJFIQYAHPMBBX-FNORWQNLSA-N,"InChI=1S/C9H16O2/c1-2-3-4-6-9(11)7-5-8-10/h5,7-9,11H,2-4,6H2,1H3/b7-5+",9466,CCCCCC(O)\C=C\C=O,NA
Input,Flecainide,-0.22206135,InputSig,NA,NA,LINCSCP_102741,HELA,10uM,24h,large intestine,Sodium channel protein type V alpha subunit blocker,SCN5A,DJBNUMBKLMJRSA-UHFFFAOYSA-N,"InChI=1S/C17H20F6N2O3/c18-16(19,20)9-27-12-4-5-14(28-10-17(21,22)23)13(7-12)15(26)25-8-11-3-1-2-6-24-11/h4-5,7,11,24H,1-3,6,8-10H2,(H,25,26)",15172,FC(F)(F)COc1ccc(OCC(F)(F)F)c(c1)C(=O)NCC2CCCCN2,4
Input,N-Beta-alanyldopamine,-0.22198859,InputSig,NA,NA,LINCSCP_41309,NEU,10uM,6h,NA,Dopamine receptor agonist,DRD1|DRD2|DRD3|DRD4|DRD5,KGZWXTYWZFMLSQ-UHFFFAOYSA-N,"InChI=1S/C11H16N2O3/c12-5-3-11(16)13-6-4-8-1-2-9(14)10(15)7-8/h1-2,7,14-15H,3-6,12H2,(H,13,16)",31686,NCCC(=O)NCCc1ccc(O)c(O)c1,NA
Input,Tipiracil (hydrochloride),-0.2219311,InputSig,NA,NA,LINCSCP_121159,HT29,1.11uM,24h,large intestine,Thymidine phosphorylase inhibitor,TYMP,QQHMKNYGKVVGCZ-UHFFFAOYSA-N,"InChI=1S/C9H11ClN4O2/c10-7-5(12-9(16)13-8(7)15)4-14-3-1-2-6(14)11/h11H,1-4H2,(H2,12,13,15,16)",26761,ClC1=C(CN2CCCC2=N)NC(=O)NC1=O,4
Input,LY288513,-0.22189985,InputSig,NA,NA,LINCSCP_22741,HEPG2,10uM,6h,liver,CCK receptor antagonist,CCKBR,LMUQHXHWJWQXSD-PMACEKPBSA-N,"InChI=1S/C22H18BrN3O2/c23-17-11-13-18(14-12-17)24-22(28)26-20(16-9-5-2-6-10-16)19(21(27)25-26)15-7-3-1-4-8-15/h1-14,19-20H,(H,24,28)(H,25,27)/t19-,20-/m0/s1",35623,Brc1ccc(NC(=O)N2NC(=O)[C@H]([C@@H]2c3ccccc3)c4ccccc4)cc1,NA
Input,Rupatadine Fumarate,-0.22189869,InputSig,NA,NA,LINCSCP_127607,HT29,3.33uM,24h,large intestine,NA,NA,WUZYKBABMWJHDL-UHFFFAOYSA-N,"InChI=1S/C26H26ClN3/c1-18-13-19(16-28-15-18)17-30-11-8-20(9-12-30)25-24-7-6-23(27)14-22(24)5-4-21-3-2-10-29-26(21)25/h2-3,6-7,10,13-16H,4-5,8-9,11-12,17H2,1H3",26584,Cc1cncc(CN2CCC(=C3c4ccc(Cl)cc4CCc5cccnc35)CC2)c1,3
Input,IC 261,-0.22185631,InputSig,NA,NA,LINCSCP_13869,HA1E,10uM,6h,kidney epithelial,NA,NA,JBJYTZXCZDNOJW-JLHYYAGUSA-N,"InChI=1S/C18H17NO4/c1-21-11-8-16(22-2)14(17(9-11)23-3)10-13-12-6-4-5-7-15(12)19-18(13)20/h4-10H,1-3H3,(H,19,20)/b13-10+",17503,COc1cc(OC)c(\C=C/2\C(=O)Nc3ccccc23)c(OC)c1,NA
Input,MLS000948280,-0.22173278,InputSig,NA,NA,LINCSCP_193558,A549,10uM,24h,lung,NA,NA,AFJWJNWNXFMXPZ-UHFFFAOYSA-N,"InChI=1S/C17H18BrN9O2/c18-12-6-2-1-5-11(12)9-20-22-17(28)14-13(10-26-7-3-4-8-26)27(25-21-14)16-15(19)23-29-24-16/h1-2,5-6,9H,3-4,7-8,10H2,(H2,19,23)(H,22,28)",23441,Nc1nonc1n2nnc(C(=O)NN=Cc3ccccc3Br)c2CN4CCCC4,NA
Input,Salvinorin A,-0.22171784,InputSig,NA,NA,LINCSCP_72118,A375,0.04uM,24h,skin,Opioid receptor agonist,OPRK1,OBSYBRPAKCASQB-AGQYDFLVSA-N,"InChI=1S/C23H28O8/c1-12(24)30-16-9-15(20(26)28-4)22(2)7-5-14-21(27)31-17(13-6-8-29-11-13)10-23(14,3)19(22)18(16)25/h6,8,11,14-17,19H,5,7,9-10H2,1-4H3/t14-,15-,16-,17-,19-,22-,23-/m0/s1",15472,COC(=O)[C@@H]1C[C@H](OC(=O)C)C(=O)[C@H]2[C@@]1(C)CC[C@H]3C(=O)O[C@@H](C[C@]23C)c4cocc4,NA
Input,NVP-AUY922,-0.22167675,InputSig,NA,NA,LINCSCP_12827,DV90,10uM,6h,lung,HSP inhibitor,HSP90AA1|HSP90AB1,NDAZATDQFDPQBD-UHFFFAOYSA-N,"InChI=1S/C26H31N3O5/c1-4-27-26(32)24-23(18-7-5-17(6-8-18)15-29-9-11-33-12-10-29)25(34-28-24)20-13-19(16(2)3)21(30)14-22(20)31/h5-8,13-14,16,30-31H,4,9-12,15H2,1-3H3,(H,27,32)",37839,CCNC(=O)c1noc(c2cc(C(C)C)c(O)cc2O)c1c3ccc(CN4CCOCC4)cc3,NA
Input,Orthothymotinic acid,-0.2213812,InputSig,NA,NA,LINCSCP_208403,HA1E,10uM,24h,kidney epithelial,NA,NA,FNWNGQGTFICQJU-UHFFFAOYSA-N,"InChI=1S/C11H14O3/c1-6(2)8-5-4-7(3)9(10(8)12)11(13)14/h4-6,12H,1-3H3,(H,13,14)",36179,CC(C)c1ccc(C)c(C(=O)O)c1O,NA
Input,Glycopyrrolate,-0.22137162,InputSig,NA,NA,LINCSCP_97150,HA1E,0.04uM,24h,kidney epithelial,Acetylcholine receptor antagonist,CHRM1|CHRM2|CHRM3,ANGKOCUUWGHLCE-UHFFFAOYSA-N,"InChI=1S/C19H28NO3/c1-20(2)13-12-17(14-20)23-18(21)19(22,16-10-6-7-11-16)15-8-4-3-5-9-15/h3-5,8-9,16-17,22H,6-7,10-14H2,1-2H3/q+1",2537,C[N+]1(C)CCC(C1)OC(=O)C(O)(C2CCCC2)c3ccccc3,4
Input,tioconazole,-0.22130615,InputSig,NA,NA,LINCSCP_108543,HELA,0.12uM,24h,large intestine,NA,NA,NA,NA,NA,NA,NA
Input,SB225002,-0.22121731,InputSig,NA,NA,LINCSCP_210049,HA1E,10uM,6h,kidney epithelial,CC chemokine receptor antagonist,CXCR2,MQBZVUNNWUIPMK-UHFFFAOYSA-N,"InChI=1S/C13H10BrN3O4/c14-9-3-1-2-4-10(9)15-13(19)16-11-6-5-8(17(20)21)7-12(11)18/h1-7,18H,(H2,15,16,19)",15790,Oc1cc(ccc1NC(=O)Nc2ccccc2Br)[N+](=O)[O-],NA
Input,(3-Isopropoxyphenyl)(1-((5-methyl-1-propyl-1H-pyrazol-4-yl)methyl)piperidin-3-yl)methanone,-0.22113423,InputSig,NA,NA,LINCSCP_17547,HCC15,10uM,6h,lung,NA,NA,TXMPMEQLXDHGQS-UHFFFAOYSA-N,"InChI=1S/C23H33N3O2/c1-5-11-26-18(4)21(14-24-26)16-25-12-7-9-20(15-25)23(27)19-8-6-10-22(13-19)28-17(2)3/h6,8,10,13-14,17,20H,5,7,9,11-12,15-16H2,1-4H3",15184,CCCn1ncc(CN2CCCC(C2)C(=O)c3cccc(OC(C)C)c3)c1C,NA
Input,Cyproheptadine,-0.22109553,InputSig,NA,NA,LINCSCP_101296,HELA,0.04uM,24h,large intestine,Histamine H1 receptor antagonist,HRH1,JJCFRYNCJDLXIK-UHFFFAOYSA-N,"InChI=1S/C21H21N/c1-22-14-12-18(13-15-22)21-19-8-4-2-6-16(19)10-11-17-7-3-5-9-20(17)21/h2-11H,12-15H2,1H3",236,CN1CCC(=C2c3ccccc3C=Cc4ccccc24)CC1,4
Input,Tasquinimod,-0.2209155,InputSig,NA,NA,LINCSCP_169788,YAPC,10uM,24h,pancreas,NA,NA,ONDYALNGTUAJDX-UHFFFAOYSA-N,"InChI=1S/C20H17F3N2O4/c1-24(12-9-7-11(8-10-12)20(21,22)23)18(27)16-17(26)15-13(25(2)19(16)28)5-4-6-14(15)29-3/h4-10,26H,1-3H3",27015,COc1cccc2N(C)C(=O)C(=C(O)c12)C(=O)N(C)c3ccc(cc3)C(F)(F)F,3
Input,Darapladib,-0.22088128,InputSig,NA,NA,LINCSCP_119755,HT29,0.04uM,24h,large intestine,LDL-associated phospholipase A2 inhibitor,PLA2G7,WDPFJWLDPVQCAJ-UHFFFAOYSA-N,"InChI=1S/C36H38F4N4O2S/c1-3-42(4-2)20-21-43(22-25-8-12-27(13-9-25)28-14-16-29(17-15-28)36(38,39)40)33(45)23-44-32-7-5-6-31(32)34(46)41-35(44)47-24-26-10-18-30(37)19-11-26/h8-19H,3-7,20-24H2,1-2H3",26813,CCN(CC)CCN(Cc1ccc(cc1)c2ccc(cc2)C(F)(F)F)C(=O)CN3C4=C(CCC4)C(=O)N=C3SCc5ccc(F)cc5,3
Input,MGCD-265,-0.2208634,InputSig,NA,NA,LINCSCP_30039,MCF10A,0.5uM,6h,breast epithelial,VEGFR inhibitor,AXL|FLT1|FLT4|KDR|MET|MST1R|TEK,UFICVEHDQUKCEA-UHFFFAOYSA-N,"InChI=1S/C26H20FN5O2S2/c1-32-14-20(29-15-32)23-13-19-25(36-23)22(9-10-28-19)34-21-8-7-17(12-18(21)27)30-26(35)31-24(33)11-16-5-3-2-4-6-16/h2-10,12-15H,11H2,1H3,(H2,30,31,33,35)",17517,Cn1cnc(c1)c2cc3nccc(Oc4ccc(NC(=S)NC(=O)Cc5ccccc5)cc4F)c3s2,2
Input,Decitabine,-0.22085728,InputSig,NA,NA,LINCSCP_82357,A549,0.37uM,24h,lung,DNA methyltransferase inhibitor,DNMT1|DNMT3A,XAUDJQYHKZQPEU-KVQBGUIXSA-N,"InChI=1S/C8H12N4O4/c9-7-10-3-12(8(15)11-7)6-1-4(14)5(2-13)16-6/h3-6,13-14H,1-2H2,(H2,9,11,15)/t4-,5+,6+/m0/s1",36564,NC1=NC(=O)N(C=N1)[C@H]2C[C@H](O)[C@@H](CO)O2,4
Input,CHEMBL3183436,-0.22071678,InputSig,NA,NA,LINCSCP_250617,MCF7,0.001uM,6h,breast,NA,NA,NGRSXEMLDRQNMH-LPBFERMMSA-N,"InChI=1S/C32H38N4O7/c1-20-15-36(21(2)18-37)31(38)26-14-24(34-32(39)33-23-6-9-25(40-4)10-7-23)8-12-27(26)43-30(20)17-35(3)16-22-5-11-28-29(13-22)42-19-41-28/h5-14,20-21,30,37H,15-19H2,1-4H3,(H2,33,34,39)/t20-,21-,30-/m0/s1",37874,COc1ccc(NC(=O)Nc2ccc3O[C@@H](CN(C)Cc4ccc5OCOc5c4)[C@@H](C)CN([C@@H](C)CO)C(=O)c3c2)cc1,NA
Input,MLS003429132,-0.22067548,InputSig,NA,NA,LINCSCP_45467,PC3,10uM,24h,prostate,NA,NA,LTAFWGFYLPUWRU-QSAFIDALSA-N,"InChI=1S/C19H21N3OS/c1-13-10-16(11-17-18(23)21(4)19(20-3)24-17)14(2)22(13)12-15-8-6-5-7-9-15/h5-11H,12H2,1-4H3/b17-11+,20-19+",37809,CN=C1S\C(=C\c2cc(C)n(Cc3ccccc3)c2C)\C(=O)N1C,NA
Input,BRD-K69040870-001-01-4,-0.22046794,InputSig,NA,NA,LINCSCP_64950,VCAP,10uM,24h,prostate,NA,NA,OLEGCAPACSSNFZ-NJDAHSKKSA-N,"InChI=1S/C21H27N3O2/c1-3-11-24(15(2)26)13-19-21(20(14-25)23-19)17-8-6-16(7-9-17)18-5-4-10-22-12-18/h4-10,12,19-21,23,25H,3,11,13-14H2,1-2H3/t19-,20-,21-/m1/s1",13325,CCCN(C[C@H]1N[C@H](CO)[C@@H]1c2ccc(cc2)c3cccnc3)C(=O)C,NA
Input,MLS002607703,-0.22046698,InputSig,NA,NA,LINCSCP_5532,A549,10uM,6h,lung,NA,NA,AZMPNDKCBUEXJV-UHFFFAOYSA-N,"InChI=1S/C15H10FNO/c16-13-6-2-1-4-11(13)10-7-8-14(18)15-12(10)5-3-9-17-15/h1-9,18H",15744,Oc1ccc(c2ccccc2F)c3cccnc13,NA
Input,Erythromycin Ethylsuccinate,-0.22043851,InputSig,NA,NA,LINCSCP_123360,HT29,0.04uM,24h,large intestine,Cytochrome P450 inhibitor|Motilin receptor agonist|NFkB pathway inhibitor|Protein synthesis inhibitor,ABCB1|ALB|CYP3A4|CYP51A1|KCNH2|MLNR|SLC47A1,NSYZCCDSJNWWJL-YXOIYICCSA-N,"InChI=1S/C43H75NO16/c1-15-29-43(11,52)36(48)24(5)33(47)22(3)20-41(9,51)38(25(6)34(26(7)39(50)57-29)59-32-21-42(10,53-14)37(49)27(8)56-32)60-40-35(28(44(12)13)19-23(4)55-40)58-31(46)18-17-30(45)54-16-2/h22-29,32,34-38,40,48-49,51-52H,15-21H2,1-14H3/t22-,23-,24+,25+,26-,27+,28+,29-,32+,34+,35-,36-,37+,38-,40+,41-,42-,43-/m1/s1",15714,CCOC(=O)CCC(=O)O[C@H]1[C@H](O[C@@H]2[C@@H](C)[C@H](O[C@H]3C[C@@](C)(OC)[C@@H](O)[C@H](C)O3)[C@@H](C)C(=O)O[C@H](CC)[C@@](C)(O)[C@H](O)[C@@H](C)C(=O)[C@H](C)C[C@@]2(C)O)O[C@H](C)C[C@@H]1N(C)C,4
Input,BRD-K33676730,-0.22040057,InputSig,NA,NA,LINCSCP_5947,A549,10uM,24h,lung,NA,NA,WAZWVLWQIWHNSB-PVLYCHHLSA-N,"InChI=1S/C37H48N4O7/c1-25-20-41(26(2)23-42)36(43)31-18-29(38-37(44)39-30-14-16-33-34(19-30)47-24-46-33)13-15-32(31)48-27(3)10-8-9-17-45-35(25)22-40(4)21-28-11-6-5-7-12-28/h5-7,11-16,18-19,25-27,35,42H,8-10,17,20-24H2,1-4H3,(H2,38,39,44)/t25-,26-,27-,35+/m1/s1",32560,C[C@H](CO)N1C[C@@H](C)[C@H](CN(C)Cc2ccccc2)OCCCC[C@@H](C)Oc3ccc(NC(=O)Nc4ccc5OCOc5c4)cc3C1=O,NA
Input,LX-1031,-0.22038735,InputSig,NA,NA,LINCSCP_153505,PC3,3.33uM,24h,prostate,NA,NA,XNMUICFMGGQSMZ-WIOPSUGQSA-N,"InChI=1S/C28H25F3N4O4/c1-38-21-4-2-3-20(14-21)17-9-11-19(12-10-17)25(28(29,30)31)39-24-15-23(34-27(33)35-24)18-7-5-16(6-8-18)13-22(32)26(36)37/h2-12,14-15,22,25H,13,32H2,1H3,(H,36,37)(H2,33,34,35)/t22-,25+/m0/s1",26740,COc1cccc(c1)c2ccc(cc2)[C@@H](Oc3cc(nc(N)n3)c4ccc(C[C@H](N)C(=O)O)cc4)C(F)(F)F,NA
Input,Fcodpguefhccia-Uhfffaoysa-N,-0.22036259,InputSig,NA,NA,LINCSCP_694,A375,10uM,24h,skin,Caspase activator,CASP3,FCODPGUEFHCCIA-UHFFFAOYSA-N,"InChI=1S/C23H15N3O4/c27-19-8-4-6-15-12-17(23(29)30-21(15)19)22(28)24-16-7-3-5-14(11-16)18-13-26-10-2-1-9-20(26)25-18/h1-13,27H,(H,24,28)",34253,Oc1cccc2C=C(C(=O)Nc3cccc(c3)c4cn5ccccc5n4)C(=O)Oc12,NA
Input,SQ22536,-0.22034908,InputSig,NA,NA,LINCSCP_23005,HEPG2,10uM,6h,liver,Adenylyl cyclase inhibitor,ADCY1,UKHMZCMKHPHFOT-UHFFFAOYSA-N,"InChI=1S/C9H11N5O/c10-8-7-9(12-4-11-8)14(5-13-7)6-2-1-3-15-6/h4-6H,1-3H2,(H2,10,11,12)",35222,Nc1ncnc2c1ncn2C3CCCO3,NA
Input,BRD-K16479870,-0.22010852,InputSig,NA,NA,LINCSCP_48928,PC3,10uM,24h,prostate,NA,NA,CROBQSVNIOLQSN-OWOAZTCBSA-N,"InChI=1S/C29H35F2N3O5S/c1-19-16-34(20(2)18-35)40(37,38)28-13-10-22(9-8-21-6-4-5-7-21)14-26(28)39-27(19)17-33(3)29(36)32-25-15-23(30)11-12-24(25)31/h10-15,19-21,27,35H,4-7,16-18H2,1-3H3,(H,32,36)/t19-,20-,27+/m0/s1",25651,C[C@@H](CO)N1C[C@H](C)[C@@H](CN(C)C(=O)Nc2cc(F)ccc2F)Oc3cc(ccc3S1(=O)=O)C#CC4CCCC4,NA
Input,BRD-K98339888,-0.22000469,InputSig,NA,NA,LINCSCP_260687,NKDBA,1uM,24h,kidney epithelial,NA,NA,QPXXSBPXMIWUTR-JBYIUTFZSA-N,"InChI=1S/C23H35N5O4/c1-17-12-27(18(2)15-29)23(31)5-4-10-28-20(11-24-25-28)16-32-22(17)14-26(3)13-19-6-8-21(30)9-7-19/h6-9,11,17-18,22,29-30H,4-5,10,12-16H2,1-3H3/t17-,18-,22-/m1/s1",25638,C[C@H](CO)N1C[C@@H](C)[C@@H](CN(C)Cc2ccc(O)cc2)OCc3cnnn3CCCC1=O,NA
Input,L(-)Sorbose,-0.22000275,InputSig,NA,NA,LINCSCP_142782,MCF7,3.33uM,24h,breast,NA,NA,BJHIKXHVCXFQLS-UHFFFAOYSA-N,"InChI=1S/C6H12O6/c7-1-3(9)5(11)6(12)4(10)2-8/h3,5-9,11-12H,1-2H2",27039,OCC(O)C(O)C(O)C(=O)CO,NA
Input,SPECTRUM_000890,-0.21993478,InputSig,NA,NA,LINCSCP_281724,PHH,10uM,24h,NA,Progestogen hormone,NA,VPGRYOFKCNULNK-CLIPTZFXSA-N,"InChI=1S/C23H32O4/c1-14(24)27-13-21(26)20-7-6-18-17-5-4-15-12-16(25)8-10-22(15,2)19(17)9-11-23(18,20)3/h12,17-20H,4-11,13H2,1-3H3/t17?,18?,19?,20-,22+,23+/m1/s1",22459,CC(=O)OCC(=O)[C@H]1CCC2C3CCC4=CC(=O)CC[C@]4(C)C3CC[C@]12C,NA
Input,AS601245,-0.21991449,InputSig,NA,NA,LINCSCP_111518,HEPG2,3.33uM,24h,liver,JNK inhibitor,MAPK10|MAPK8|MAPK9,RCYPVQCPYKNSTG-UHFFFAOYSA-N,"InChI=1S/C20H16N6S/c21-12-15(19-25-17-5-1-2-6-18(17)27-19)16-8-11-24-20(26-16)23-10-7-14-4-3-9-22-13-14/h1-6,8-9,11,13,15H,7,10H2,(H,23,24,26)",23520,N#CC(c1ccnc(NCCc2cccnc2)n1)c3nc4ccccc4s3,NA
Input,BRD-K21918725,-0.2197695,InputSig,NA,NA,LINCSCP_55304,U937,0.5uM,24h,haematopoietic and lymphoid tissue,NA,NA,XVMDUCPLYPUKEG-UHFFFAOYSA-N,"InChI=1S/C22H23FN6S/c1-16-18(15-24-26-22(30)25-20-12-6-5-11-19(20)23)21(28-13-7-8-14-28)29(27-16)17-9-3-2-4-10-17/h2-6,9-12,15H,7-8,13-14H2,1H3,(H2,25,26,30)",26440,Cc1nn(c2ccccc2)c(N3CCCC3)c1C=NNC(=S)Nc4ccccc4F,NA
Input,Infigratinib,-0.21972555,InputSig,NA,NA,LINCSCP_88612,HA1E,0.04uM,24h,kidney epithelial,FGFR inhibitor,FGFR1|FGFR2|FGFR3|FGFR4,QADPYRIHXKWUSV-UHFFFAOYSA-N,"InChI=1S/C26H31Cl2N7O3/c1-5-34-10-12-35(13-11-34)18-8-6-17(7-9-18)31-21-15-22(30-16-29-21)33(2)26(36)32-25-23(27)19(37-3)14-20(38-4)24(25)28/h6-9,14-16H,5,10-13H2,1-4H3,(H,32,36)(H,29,30,31)",17605,CCN1CCN(CC1)c2ccc(Nc3cc(ncn3)N(C)C(=O)Nc4c(Cl)c(OC)cc(OC)c4Cl)cc2,2
Input,Amdinocillin Pivoxil,-0.21970505,InputSig,NA,NA,LINCSCP_14766,HA1E,10uM,24h,kidney epithelial,Bacterial cell wall synthesis inhibitor,NA,NPGNOVNWUSPMDP-UTEPHESZSA-N,"InChI=1S/C21H33N3O5S/c1-20(2,3)19(27)29-13-28-18(26)15-21(4,5)30-17-14(16(25)24(15)17)22-12-23-10-8-6-7-9-11-23/h12,14-15,17H,6-11,13H2,1-5H3/b22-12+/t14-,15+,17-/m1/s1",35347,CC(C)(C)C(=O)OCOC(=O)[C@@H]1N2[C@H](SC1(C)C)[C@H](N=CN3CCCCCC3)C2=O,4
Input,CHEMBL2203528,-0.21962802,InputSig,NA,NA,LINCSCP_261281,NOMO1,3uM,6h,haematopoietic and lymphoid tissue,Serine/threonine kinase inhibitor,NA,QLAGTTKXNSYXDL-UHFFFAOYSA-N,"InChI=1S/C20H14N4O2/c25-19(17-11-5-6-12-21-17)23-14-8-2-1-7-13(14)18-20(26)24-16-10-4-3-9-15(16)22-18/h1-12H,(H,23,25)(H,24,26)",39711,O=C(Nc1ccccc1C2=Nc3ccccc3NC2=O)c4ccccn4,NA
Input,Securinine,-0.21950222,InputSig,NA,NA,LINCSCP_26769,HT29,10uM,6h,large intestine,GABA receptor antagonist|TP53 activator,GABRA1,SWZMSZQQJRKFBP-WZRBSPASSA-N,"InChI=1S/C13H15NO2/c15-12-7-9-4-5-10-8-13(9,16-12)11-3-1-2-6-14(10)11/h4-5,7,10-11H,1-3,6,8H2/t10-,11-,13+/m1/s1",36776,O=C1O[C@@]23C[C@@H](C=CC2=C1)N4CCCC[C@H]34,NA
Input,Securinine,-0.21950222,InputSig,NA,NA,LINCSCP_26769,HT29,10uM,6h,large intestine,GABA receptor antagonist|TP53 activator,GABRA1,SWZMSZQQJRKFBP-KKPNGEORSA-N,"InChI=1S/C13H15NO2/c15-12-7-9-4-5-10-8-13(9,16-12)11-3-1-2-6-14(10)11/h4-5,7,10-11H,1-3,6,8H2/t10-,11-,13?/m1/s1",35350,O=C1OC23C[C@@H](C=CC2=C1)N4CCCC[C@H]34,NA
Input,"Ridaforolimus (Deforolimus, MK-8669)",-0.21936767,InputSig,NA,NA,LINCSCP_72543,A375,3.33uM,24h,skin,mTOR inhibitor,MTOR,BUROJSBIWGDYCN-HSPIJORXSA-N,"InChI=1S/C53H84NO14P/c1-32-18-14-13-15-19-33(2)44(63-8)30-40-23-21-38(7)53(61,67-40)50(58)51(59)54-25-17-16-20-41(54)52(60)66-45(35(4)28-39-22-24-43(46(29-39)64-9)68-69(11,12)62)31-42(55)34(3)27-37(6)48(57)49(65-10)47(56)36(5)26-32/h13-15,18-19,27,32,34-36,38-41,43-46,48-49,57,61H,16-17,20-26,28-31H2,1-12H3/b15-13+,18-14+,33-19+,37-27+/t32-,34-,35-,36-,38-,39+,40-,41+,43+,44+,45+,46-,48-,49+,53-/m1/s1",27195,CO[C@@H]1C[C@H](C[C@@H](C)[C@@H]2CC(=O)[C@H](C)\C=C(/C)\[C@@H](O)[C@@H](OC)C(=O)[C@H](C)C[C@H](C)\C=C\C=C\C=C(/C)\[C@H](C[C@H]3CC[C@@H](C)[C@@](O)(O3)C(=O)C(=O)N4CCCC[C@H]4C(=O)O2)OC)CC[C@@H]1OP(=O)(C)C,NA
Input,XMD 8-92,-0.21935571,InputSig,NA,NA,LINCSCP_148074,NPC.CAS9,0.04uM,24h,NA,MAP kinase inhibitor,MAPK7,QAPAJIZPZGWAND-UHFFFAOYSA-N,"InChI=1S/C26H30N6O3/c1-4-35-23-15-17(32-13-11-18(33)12-14-32)9-10-20(23)28-26-27-16-22-24(29-26)30(2)21-8-6-5-7-19(21)25(34)31(22)3/h5-10,15-16,18,33H,4,11-14H2,1-3H3,(H,27,28,29)",37792,CCOc1cc(ccc1Nc2ncc3N(C)C(=O)c4ccccc4N(C)c3n2)N5CCC(O)CC5,NA
Input,BRD-K84879982,-0.21930491,InputSig,NA,NA,LINCSCP_3348,A375,5uM,24h,skin,NA,NA,ZJDDJVCOZFKVQY-GJHDXROTSA-N,"InChI=1S/C29H35N3O5/c1-31-14-13-23-10-12-26(35-3)27(37-23)19-36-25-11-9-20(17-30)15-24(25)29(34)32(2)18-22(16-28(31)33)21-7-5-4-6-8-21/h4-9,11,15,22-23,26-27H,10,12-14,16,18-19H2,1-3H3/t22-,23+,26-,27+/m1/s1",13771,CO[C@@H]1CC[C@H]2CCN(C)C(=O)C[C@H](CN(C)C(=O)c3cc(ccc3OC[C@@H]1O2)C#N)c4ccccc4,NA
Input,AB00540133,-0.21917687,InputSig,NA,NA,LINCSCP_54914,THP1,10uM,6h,haematopoietic and lymphoid tissue,NA,NA,TUPPZGFKINLCEX-UHFFFAOYSA-N,"InChI=1S/C16H14N2O2S/c1-17(2)15(19)11-6-5-7-12(10-11)18-16(20)13-8-3-4-9-14(13)21-18/h3-10H,1-2H3",17394,CN(C)C(=O)c1cccc(c1)N2Sc3ccccc3C2=O,NA
Input,6266-99-5,-0.219108,InputSig,NA,NA,LINCSCP_56585,VCAP,10uM,6h,prostate,Glutamate receptor antagonist,GRM5,SISOFUCTXZKSOQ-UHFFFAOYSA-N,"InChI=1S/C14H13N/c1-12-6-5-9-14(15-12)11-10-13-7-3-2-4-8-13/h2-11H,1H3",3173,Cc1cccc(C=Cc2ccccc2)n1,NA
Input,Etazolate,-0.21909207,InputSig,NA,NA,LINCSCP_107435,HELA,1.11uM,24h,large intestine,Phosphodiesterase inhibitor,GABRB3|PDE4A,OPQRBXUBWHDHPQ-UHFFFAOYSA-N,"InChI=1S/C14H19N5O2/c1-5-19-13-10(8-16-19)12(18-17-9(3)4)11(7-15-13)14(20)21-6-2/h7-8H,5-6H2,1-4H3,(H,15,18)",35934,CCOC(=O)c1cnc2c(cnn2CC)c1NN=C(C)C,2
Input,FGIN1-27,-0.21904013,InputSig,NA,NA,LINCSCP_54893,THP1,10uM,6h,haematopoietic and lymphoid tissue,Inositol monophosphatase inhibitor,TSPO,VUWXAQFLTSBUDB-UHFFFAOYSA-N,"InChI=1S/C28H37FN2O/c1-3-5-7-11-19-31(20-12-8-6-4-2)27(32)21-25-24-13-9-10-14-26(24)30-28(25)22-15-17-23(29)18-16-22/h9-10,13-18,30H,3-8,11-12,19-21H2,1-2H3",35512,CCCCCCN(CCCCCC)C(=O)Cc1c([nH]c2ccccc12)c3ccc(F)cc3,NA
Input,52490-15-0,-0.21900231,InputSig,NA,NA,LINCSCP_28755,HUH7,5uM,24h,liver,NA,NA,ZHGKQUXXASLVQQ-UHFFFAOYSA-N,"InChI=1S/C19H18O3/c1-2-3-7-17-18(15-6-4-5-8-16(15)22-17)19(21)13-9-11-14(20)12-10-13/h4-6,8-12,20H,2-3,7H2,1H3",33007,CCCCc1oc2ccccc2c1C(=O)c3ccc(O)cc3,NA
Input,ST030350,-0.21886593,InputSig,NA,NA,LINCSCP_261450,NPC,10uM,24h,neural progenitor cells,NA,NA,INGUWWSFDCFHCG-UHFFFAOYSA-N,"InChI=1S/C20H22BrNO4/c1-20(2,3)13-5-8-15(9-6-13)26-12-18(23)22-17-10-7-14(21)11-16(17)19(24)25-4/h5-11H,12H2,1-4H3,(H,22,23)",18578,COC(=O)c1cc(Br)ccc1NC(=O)COc2ccc(cc2)C(C)(C)C,NA
Input,SPBIO_000926,-0.21884139,InputSig,NA,NA,LINCSCP_55987,VCAP,10uM,24h,prostate,Lipoxygenase inhibitor,NA,IGTAVCGEZLIHKG-UHFFFAOYSA-N,"InChI=1S/C19H18O8/c1-8-5-13(26-4)11(7-20)17(22)14(8)19(25)27-12-6-9(2)16(21)15(10(12)3)18(23)24/h5-7,21-22H,1-4H3,(H,23,24)",4096,COc1cc(C)c(C(=O)Oc2cc(C)c(O)c(C(=O)O)c2C)c(O)c1C=O,NA
Input,BRD-A36275421,-0.2187863,InputSig,NA,NA,LINCSCP_155452,PC3,1.11uM,24h,prostate,NA,NA,NA,NA,NA,NA,NA
Input,LXR-623,-0.21873133,InputSig,NA,NA,LINCSCP_73396,A375,0.04uM,24h,skin,LXR-alpha agonist|LXR-beta agonist,NR1H2|NR1H3,KYWWJENKIMRJBI-UHFFFAOYSA-N,"InChI=1S/C21H12ClF5N2/c22-18-10-15(24)9-6-13(18)11-29-20(12-4-7-14(23)8-5-12)16-2-1-3-17(19(16)28-29)21(25,26)27/h1-10H,11H2",27097,Fc1ccc(cc1)c2c3cccc(c3nn2Cc4ccc(F)cc4Cl)C(F)(F)F,1
Input,Idoxuridine,-0.21858792,InputSig,NA,NA,LINCSCP_47559,PC3,10uM,24h,prostate,DNA directed DNA polymerase inhibitor,NA,XQFRJNBWHJMXHO-RRKCRQDMSA-N,"InChI=1S/C9H11IN2O5/c10-4-2-12(9(16)11-8(4)15)7-1-5(14)6(3-13)17-7/h2,5-7,13-14H,1,3H2,(H,11,15,16)/t5-,6+,7+/m0/s1",16424,OC[C@H]1O[C@H](C[C@@H]1O)N2C=C(I)C(=O)NC2=O,4
Input,PD-98059,-0.21840183,InputSig,NA,NA,LINCSCP_260147,NEU,10uM,6h,NA,MAP kinase inhibitor|MEK inhibitor,MAP2K1,QFWCYNPOPKQOKV-UHFFFAOYSA-N,"InChI=1S/C16H13NO3/c1-19-14-8-4-6-11(16(14)17)15-9-12(18)10-5-2-3-7-13(10)20-15/h2-9H,17H2,1H3",15802,COc1cccc(C2=CC(=O)c3ccccc3O2)c1N,NA
Input,"VX-222 (VCH-222, Lomibuvir)",-0.21834609,InputSig,NA,NA,LINCSCP_97409,HA1E,10uM,24h,kidney epithelial,NA,NA,WPMJNLCLKAKMLA-UGLKCIBTSA-N,"InChI=1S/C25H35NO4S/c1-16-5-7-17(8-6-16)23(28)26(18-9-11-19(27)12-10-18)21-15-20(13-14-25(2,3)4)31-22(21)24(29)30/h15-19,27H,5-12H2,1-4H3,(H,29,30)/t16-,17-,18-,19+",26494,C[C@@H]1CC[C@H](CC1)C(=O)N([C@@H]2CC[C@H](O)CC2)c3cc(C#CC(C)(C)C)sc3C(=O)O,NA
Input,BRD-K30935394,-0.21828294,InputSig,NA,NA,LINCSCP_48757,PC3,10uM,24h,prostate,NA,NA,DTSMYPYKMZUDTF-SXGZJXTBSA-N,"InChI=1S/C21H27FN2O4S/c1-14-12-24(15(2)13-25)29(26,27)21-9-8-16(17-6-4-5-7-18(17)22)10-19(21)28-20(14)11-23-3/h4-10,14-15,20,23,25H,11-13H2,1-3H3/t14-,15-,20+/m1/s1",25660,CNC[C@@H]1Oc2cc(ccc2S(=O)(=O)N(C[C@H]1C)[C@H](C)CO)c3ccccc3F,NA
Input,R-N-Propylnorapomorphine,-0.21824595,InputSig,NA,NA,LINCSCP_223271,HT29,10uM,6h,large intestine,Dopamine receptor agonist,DRD1|DRD2,BTGAJCKRXPNBFI-OAHLLOKOSA-N,"InChI=1S/C19H21NO2/c1-2-9-20-10-8-12-4-3-5-14-17(12)15(20)11-13-6-7-16(21)19(22)18(13)14/h3-7,15,21-22H,2,8-11H2,1H3/t15-/m1/s1",35548,CCCN1CCc2cccc3c2[C@H]1Cc4ccc(O)c(O)c34,NA
Input,TUL_XIX002,-0.21813998,InputSig,NA,NA,LINCSCP_55067,THP1,0.1uM,24h,haematopoietic and lymphoid tissue,NA,NA,ILEDKNBEZITSIP-GFCCVEGCSA-N,"InChI=1S/C14H17N3O2S/c1-10-7-16-8-11-3-2-4-13(14(10)11)20(18,19)17-12-5-6-15-9-12/h2-4,7-8,12,15,17H,5-6,9H2,1H3/t12-/m1/s1",11511,Cc1cncc2cccc(c12)S(=O)(=O)N[C@@H]3CCNC3,NA
Input,CHEMBL3185651,-0.21811401,InputSig,NA,NA,LINCSCP_45603,PC3,10uM,6h,prostate,NA,NA,CYNJOLQNKYVWTO-UHFFFAOYSA-N,"InChI=1S/C26H28N2O3S/c1-3-30-23-11-10-19(16-24(23)31-4-2)12-14-27-26(29)22-17-25-21(13-15-32-25)28(22)18-20-8-6-5-7-9-20/h5-11,13,15-17H,3-4,12,14,18H2,1-2H3,(H,27,29)",15751,CCOc1ccc(CCNC(=O)c2cc3sccc3n2Cc4ccccc4)cc1OCC,NA
Input,MLS003128721,-0.21804195,InputSig,NA,NA,LINCSCP_3173,A375,5uM,24h,skin,NA,NA,DPWBPPWCHVQSHF-RPQPUBLWSA-N,"InChI=1S/C32H47N3O5/c1-6-17-34(5)21-30-23(2)20-35(24(3)22-36)32(38)28-19-27(33-31(37)26-13-8-7-9-14-26)15-16-29(28)40-25(4)12-10-11-18-39-30/h7-9,13-16,19,23-25,30,36H,6,10-12,17-18,20-22H2,1-5H3,(H,33,37)/t23-,24+,25+,30-/m0/s1",37292,CCCN(C)C[C@@H]1OCCCC[C@@H](C)Oc2ccc(NC(=O)c3ccccc3)cc2C(=O)N(C[C@@H]1C)[C@H](C)CO,NA
Input,Olprinone (Hydrochloride),-0.21802085,InputSig,NA,NA,LINCSCP_136430,MCF7,3.33uM,24h,breast,NA,NA,JPAWFIIYTJQOKW-UHFFFAOYSA-N,"InChI=1S/C14H10N4O/c1-9-12(6-11(7-15)14(19)17-9)10-2-3-13-16-4-5-18(13)8-10/h2-6,8H,1H3,(H,17,19)",26575,CC1=C(C=C(C#N)C(=O)N1)c2ccc3nccn3c2,NA
Input,BRD-K64508546,-0.21799476,InputSig,NA,NA,LINCSCP_8178,A549,5uM,24h,lung,NA,NA,KRCYYDXJFSFYMC-BKZGZDJESA-N,"InChI=1S/C33H42N4O4/c1-22(2)34-33(40)35-28-15-16-30-29(17-28)32(39)37(24(4)21-38)18-23(3)31(41-30)20-36(5)19-25-11-13-27(14-12-25)26-9-7-6-8-10-26/h6-17,22-24,31,38H,18-21H2,1-5H3,(H2,34,35,40)/t23-,24+,31+/m0/s1",13231,CC(C)NC(=O)Nc1ccc2O[C@H](CN(C)Cc3ccc(cc3)c4ccccc4)[C@@H](C)CN([C@H](C)CO)C(=O)c2c1,NA
Input,SCHEMBL17378613,-0.21797324,InputSig,NA,NA,LINCSCP_29578,MCF10A,0.5uM,24h,breast epithelial,CSF1R inhibitor,CSF1R,NHOUHWHGHAFDOP-UHFFFAOYSA-N,"InChI=1S/C23H32Cl2N6O3/c1-6-30(7-2)11-9-8-10-26-22-27-13-15-14-31(23(32)29(3)21(15)28-22)20-18(24)16(33-4)12-17(34-5)19(20)25/h12-13H,6-11,14H2,1-5H3,(H,26,27,28)",25583,CCN(CC)CCCCNc1ncc2CN(C(=O)N(C)c2n1)c3c(Cl)c(OC)cc(OC)c3Cl,NA
Input,Refametinib,-0.21785964,InputSig,NA,NA,LINCSCP_96230,HA1E,1.11uM,24h,kidney epithelial,NA,NA,RDSACQWTXKSHJT-NSHDSACASA-N,"InChI=1S/C19H20F3IN2O5S/c1-30-15-7-13(21)16(22)18(24-14-3-2-10(23)6-12(14)20)17(15)25-31(28,29)19(4-5-19)8-11(27)9-26/h2-3,6-7,11,24-27H,4-5,8-9H2,1H3/t11-/m0/s1",27086,COc1cc(F)c(F)c(Nc2ccc(I)cc2F)c1NS(=O)(=O)C3(C[C@H](O)CO)CC3,NA
Input,BRD-K40324831,-0.21781815,InputSig,NA,NA,LINCSCP_48968,PC3,10uM,24h,prostate,NA,NA,AOJFCTBUJGGREB-UMTXDNHDSA-N,"InChI=1S/C28H38N2O4S/c1-21-17-30(22(2)20-31)35(32,33)28-15-14-25(24-12-8-5-9-13-24)16-26(28)34-27(21)19-29(3)18-23-10-6-4-7-11-23/h4,6-7,10-12,14-16,21-22,27,31H,5,8-9,13,17-20H2,1-3H3/t21-,22+,27-/m1/s1",12639,C[C@@H](CO)N1C[C@@H](C)[C@@H](CN(C)Cc2ccccc2)Oc3cc(ccc3S1(=O)=O)C4=CCCCC4,NA
Input,Pimobendan,-0.21781618,InputSig,NA,NA,LINCSCP_77854,A375,10uM,24h,skin,NA,NA,GLBJJMFZWDBELO-UHFFFAOYSA-N,"InChI=1S/C19H18N4O2/c1-11-9-17(24)22-23-18(11)13-5-8-15-16(10-13)21-19(20-15)12-3-6-14(25-2)7-4-12/h3-8,10-11H,9H2,1-2H3,(H,20,21)(H,22,24)",26466,COc1ccc(cc1)c2nc3cc(ccc3[nH]2)C4=NNC(=O)CC4C,NA
Input,BRD-K47368357,-0.21780122,InputSig,NA,NA,LINCSCP_62003,VCAP,5uM,24h,prostate,NA,NA,XHJSWNOOJCOHJI-OAGGEKHMSA-N,"InChI=1S/C18H23ClN2O5/c1-25-11-18(24)21-15-7-6-14(26-16(15)10-22)8-17(23)20-9-12-2-4-13(19)5-3-12/h2-7,14-16,22H,8-11H2,1H3,(H,20,23)(H,21,24)/t14-,15-,16+/m1/s1",1303,COCC(=O)N[C@@H]1C=C[C@H](CC(=O)NCc2ccc(Cl)cc2)O[C@H]1CO,NA
Input,BRD-K85413794,-0.21778484,InputSig,NA,NA,LINCSCP_48703,PC3,0.1uM,6h,prostate,NA,NA,SHRVDEFCKQVYRH-NJSLBKSFSA-N,"InChI=1S/C21H26FN3O3/c1-13-11-25(14(2)12-26)21(27)17-8-15(16-6-4-5-7-18(16)22)9-24-20(17)28-19(13)10-23-3/h4-9,13-14,19,23,26H,10-12H2,1-3H3/t13-,14-,19-/m0/s1",9351,CNC[C@@H]1Oc2ncc(cc2C(=O)N(C[C@@H]1C)[C@@H](C)CO)c3ccccc3F,NA
Input,Etravirine (TMC125),-0.21770044,InputSig,NA,NA,LINCSCP_98102,HA1E,0.04uM,24h,kidney epithelial,Human immunodeficiency virus type 1 reverse transcriptase inhibitor,NA,PYGWGZALEOIKDF-UHFFFAOYSA-N,"InChI=1S/C20H15BrN6O/c1-11-7-14(10-23)8-12(2)17(11)28-19-16(21)18(24)26-20(27-19)25-15-5-3-13(9-22)4-6-15/h3-8H,1-2H3,(H3,24,25,26,27)",27024,Cc1cc(cc(C)c1Oc2nc(Nc3ccc(cc3)C#N)nc(N)c2Br)C#N,4
Input,HOECHST-33342,-0.21763073,InputSig,NA,NA,LINCSCP_44360,PC3,10uM,24h,prostate,DNA binding agent,TOP1,PRDFBSVERLRRMY-UHFFFAOYSA-N,"InChI=1S/C27H28N6O/c1-3-34-21-8-4-18(5-9-21)26-28-22-10-6-19(16-24(22)30-26)27-29-23-11-7-20(17-25(23)31-27)33-14-12-32(2)13-15-33/h4-11,16-17H,3,12-15H2,1-2H3,(H,28,30)(H,29,31)",35504,CCOc1ccc(cc1)c2nc3cc(ccc3[nH]2)c4nc5cc(ccc5[nH]4)N6CCN(C)CC6,NA
Input,T5715535,-0.21758123,InputSig,NA,NA,LINCSCP_31584,MCF7,10uM,24h,breast,NA,NA,JTQPAWWMXMKZOP-UHFFFAOYSA-N,"InChI=1S/C16H18N4O4S/c1-23-13-5-3-2-4-11(13)14(21)18-19-15(22)12-10-25-16(17-12)20-6-8-24-9-7-20/h2-5,10H,6-9H2,1H3,(H,18,21)(H,19,22)",2872,COc1ccccc1C(=O)NNC(=O)c2csc(n2)N3CCOCC3,NA
Input,PD-160170,-0.21745756,InputSig,NA,NA,LINCSCP_265332,PC3,10uM,6h,prostate,Neuropeptide receptor antagonist,NPY1R,YUVNGBZROXQYQH-UHFFFAOYSA-N,"InChI=1S/C18H17N3O4S/c1-11(2)12-6-3-4-8-15(12)26(24,25)16-10-14(19)17-13(7-5-9-20-17)18(16)21(22)23/h3-11H,19H2,1-2H3",35529,CC(C)c1ccccc1S(=O)(=O)c2cc(N)c3ncccc3c2[N+](=O)[O-],NA
Input,Mitiglinide calcium,-0.21743018,InputSig,NA,NA,LINCSCP_168650,YAPC,3.33uM,24h,pancreas,NA,NA,WPGGHFDDFPHPOB-BBWFWOEESA-N,"InChI=1S/C19H25NO3/c21-18(20-12-15-8-4-5-9-16(15)13-20)11-17(19(22)23)10-14-6-2-1-3-7-14/h1-3,6-7,15-17H,4-5,8-13H2,(H,22,23)/t15-,16+,17-/m0/s1",26688,OC(=O)[C@H](CC(=O)N1C[C@H]2CCCC[C@H]2C1)Cc3ccccc3,3
Input,BRD-K23349860,-0.21734016,InputSig,NA,NA,LINCSCP_60526,VCAP,5uM,24h,prostate,NA,NA,GMDADKPJAYHJFG-XQBPLPMBSA-N,"InChI=1S/C24H35N5O4/c1-18-13-29(19(2)16-30)23(31)10-7-11-28-14-21(25-26-28)17-33-22(18)15-27(3)24(32)12-20-8-5-4-6-9-20/h4-6,8-9,14,18-19,22,30H,7,10-13,15-17H2,1-3H3/t18-,19+,22-/m1/s1",23565,C[C@@H](CO)N1C[C@@H](C)[C@@H](CN(C)C(=O)Cc2ccccc2)OCc3cn(CCCC1=O)nn3,NA
Input,Raclopride,-0.21728798,InputSig,NA,NA,LINCSCP_7021,A549,10uM,24h,lung,Dopamine receptor antagonist,DRD2|DRD3,WAOQONBSWFLFPE-VIFPVBQESA-N,"InChI=1S/C15H20Cl2N2O3/c1-3-19-6-4-5-9(19)8-18-15(21)12-13(20)10(16)7-11(17)14(12)22-2/h7,9,20H,3-6,8H2,1-2H3,(H,18,21)/t9-/m0/s1",38096,CCN1CCC[C@H]1CNC(=O)c2c(O)c(Cl)cc(Cl)c2OC,1
Input,Ergothioneine,-0.21724808,InputSig,NA,NA,LINCSCP_154122,PC3,10uM,24h,prostate,NA,NA,SSISHJJTAXXQAX-ZETCQYMHSA-O,"InChI=1S/C9H15N3O2S/c1-12(2,3)7(8(13)14)4-6-5-10-9(15)11-6/h5,7H,4H2,1-3H3,(H2-,10,11,13,14,15)/p+1/t7-/m0/s1",27029,C[N+](C)(C)[C@@H](CC1=CNC(=S)N1)C(=O)O,NA
Input,936890-98-1,-0.2172458,InputSig,NA,NA,LINCSCP_145726,MDAMB231,0.37uM,3h,NA,mTOR inhibitor,MTOR,CDNMDRUIGNHEMR-SAPNQHFASA-N,"InChI=1S/C21H22N6O3/c1-30-15-4-2-3-13-9-14(25-16(13)15)17-18-19(22)23-10-24-27(18)20(26-17)11-5-7-12(8-6-11)21(28)29/h2-4,9-12H,5-8,22H2,1H3,(H,23,24)(H,28,29)/b17-14+",24520,COc1cccc2cc([nH]c12)c3nc(C4CCC(CC4)C(=O)O)n5ncnc(N)c35,NA
Input,Neostigmine,-0.21722687,InputSig,NA,NA,LINCSCP_119730,HT29,0.12uM,24h,large intestine,Acetylcholinesterase inhibitor,ACHE,ALWKGYPQUAPLQC-UHFFFAOYSA-N,"InChI=1S/C12H19N2O2/c1-13(2)12(15)16-11-8-6-7-10(9-11)14(3,4)5/h6-9H,1-5H3/q+1",16310,CN(C)C(=O)Oc1cccc(c1)[N+](C)(C)C,4
Input,Mpep,-0.21722644,InputSig,NA,NA,LINCSCP_33645,MCF7,10uM,24h,breast,Glutamate receptor antagonist,GRM5,NEWKHUASLBMWRE-UHFFFAOYSA-N,"InChI=1S/C14H11N/c1-12-6-5-9-14(15-12)11-10-13-7-3-2-4-8-13/h2-9H,1H3",22930,Cc1cccc(n1)C#Cc2ccccc2,NA
Input,ascorbic-acid,-0.21715579,InputSig,NA,NA,LINCSCP_138655,MCF7,3.33uM,24h,breast,NA,NA,NA,NA,NA,NA,NA
Input,Semaxanib,-0.21712336,InputSig,NA,NA,LINCSCP_77193,A375,1.11uM,24h,skin,VEGFR inhibitor,FLT1|FLT4|KDR|KIT|PDGFRB,WUWDLXZGHZSWQZ-WQLSENKSSA-N,"InChI=1S/C15H14N2O/c1-9-7-10(2)16-14(9)8-12-11-5-3-4-6-13(11)17-15(12)18/h3-8,16H,1-2H3,(H,17,18)/b12-8-",17049,Cc1cc(C)c(\C=C\2/C(=O)Nc3ccccc23)[nH]1,3
Input,ICI-204448,-0.21712148,InputSig,NA,NA,LINCSCP_14973,HA1E,10uM,24h,kidney epithelial,Opioid receptor agonist,OPRK1,JKYJSFISYHSNOE-UHFFFAOYSA-N,"InChI=1S/C23H26Cl2N2O4/c1-26(22(28)12-16-7-8-19(24)20(25)11-16)21(14-27-9-2-3-10-27)17-5-4-6-18(13-17)31-15-23(29)30/h4-8,11,13,21H,2-3,9-10,12,14-15H2,1H3,(H,29,30)",15231,CN(C(CN1CCCC1)c2cccc(OCC(=O)O)c2)C(=O)Cc3ccc(Cl)c(Cl)c3,NA
Input,CEFEPIME HYDROCHLORIDE,-0.21709748,InputSig,NA,NA,LINCSCP_169553,YAPC,0.04uM,24h,pancreas,NA,NA,HVFLCNVBZFFHBT-UHFFFAOYSA-O,"InChI=1S/C19H24N6O5S2/c1-25(5-3-4-6-25)7-10-8-31-17-13(16(27)24(17)14(10)18(28)29)22-15(26)12(23-30-2)11-9-32-19(20)21-11/h9,13,17H,3-8H2,1-2H3,(H3-,20,21,22,26,28,29)/p+1",26472,CON=C(C(=O)NC1C2SCC(=C(N2C1=O)C(=O)O)C[N+]3(C)CCCC3)c4csc(N)n4,NA
Input,Capsaicin,-0.21704541,InputSig,NA,NA,LINCSCP_13522,H1299,100uM,6h,lung,TRPV agonist,TRPV1,YKPUWZUDDOIDPM-SOFGYWHQSA-N,"InChI=1S/C18H27NO3/c1-14(2)8-6-4-5-7-9-18(21)19-13-15-10-11-16(20)17(12-15)22-3/h6,8,10-12,14,20H,4-5,7,9,13H2,1-3H3,(H,19,21)/b8-6+",37298,COc1cc(CNC(=O)CCCC\C=C\C(C)C)ccc1O,4
Input,149759-96-6,-0.21699144,InputSig,NA,NA,LINCSCP_13017,FIBRNPC,10uM,24h,NA,Farnesyltransferase inhibitor,NA,QISLMXIYRQCLIR-FUMNGEBKSA-N,"InChI=1S/C22H38N4O3S2/c1-15(2)20(24-12-17(23)14-30)13-25-19(11-16-7-5-4-6-8-16)21(27)26-18(22(28)29)9-10-31-3/h4-8,15,17-20,24-25,30H,9-14,23H2,1-3H3,(H,26,27)(H,28,29)/t17-,18+,19+,20-/m1/s1",38131,CSCC[C@H](NC(=O)[C@H](Cc1ccccc1)NC[C@@H](NC[C@@H](N)CS)C(C)C)C(=O)O,NA
Input,F0014-0057,-0.21697367,InputSig,NA,NA,LINCSCP_29038,HUH7,10uM,6h,liver,NA,NA,JJSOSKRBXNHEPE-UHFFFAOYSA-N,"InChI=1S/C13H16N2OS/c1-8-5-6-9-10(7-8)17-12(14-9)15-11(16)13(2,3)4/h5-7H,1-4H3,(H,14,15,16)",25967,Cc1ccc2N\C(=N/C(=O)C(C)(C)C)\Sc2c1,NA
Input,BRD-K65514600,-0.21690604,InputSig,NA,NA,LINCSCP_38080,MCF7,1uM,6h,breast,NA,NA,VCGJBQKPAYQRQW-IILZIBOQSA-N,"InChI=1S/C30H48N6O7S/c1-20(2)32-30(39)35(7)16-27-21(3)15-36(22(4)18-37)29(38)25-14-24(33-44(40,41)28-17-34(6)19-31-28)11-12-26(25)43-23(5)10-8-9-13-42-27/h11-12,14,17,19-23,27,33,37H,8-10,13,15-16,18H2,1-7H3,(H,32,39)/t21-,22+,23+,27+/m0/s1",33355,CC(C)NC(=O)N(C)C[C@H]1OCCCC[C@@H](C)Oc2ccc(NS(=O)(=O)c3cn(C)cn3)cc2C(=O)N(C[C@@H]1C)[C@H](C)CO,NA
Input,CHEMBL1521956,-0.21684718,InputSig,NA,NA,LINCSCP_4879,A549,10uM,24h,lung,NA,NA,DQTIFNBWFWGMEC-UHFFFAOYSA-N,"InChI=1S/C16H13ClN2O3/c1-9(20)19-14(13-5-3-7-22-13)11-8-12(17)10-4-2-6-18-15(10)16(11)21/h2-8,14,21H,1H3,(H,19,20)",15262,CC(=O)NC(c1occc1)c2cc(Cl)c3cccnc3c2O,NA
Input,BRD-K02964016,-0.21676688,InputSig,NA,NA,LINCSCP_65753,VCAP,10uM,6h,prostate,NA,NA,RAWKXIVYXKZPFJ-CGQTXMLISA-N,"InChI=1S/C32H36F4N4O4/c1-20-16-40(21(2)19-41)30(42)15-23-14-27(38-31(43)37-26-10-8-25(33)9-11-26)12-13-28(23)44-29(20)18-39(3)17-22-4-6-24(7-5-22)32(34,35)36/h4-14,20-21,29,41H,15-19H2,1-3H3,(H2,37,38,43)/t20-,21+,29+/m1/s1",31768,C[C@@H](CO)N1C[C@@H](C)[C@H](CN(C)Cc2ccc(cc2)C(F)(F)F)Oc3ccc(NC(=O)Nc4ccc(F)cc4)cc3CC1=O,NA
Input,Mercaptopurine,-0.21675495,InputSig,NA,NA,LINCSCP_143713,MCF7,1.11uM,24h,breast,Immunosuppressant|Protein synthesis inhibitor|Purine antagonist,PPAT,GLVAUDGFNGKCSF-UHFFFAOYSA-N,"InChI=1S/C5H4N4S/c10-5-3-4(7-1-6-3)8-2-9-5/h1-2H,(H2,6,7,8,9,10)",22077,Sc1ncnc2[nH]cnc12,4
Input,Progesterone,-0.21674736,InputSig,NA,NA,LINCSCP_22780,HEPG2,10uM,6h,liver,Progesterone receptor agonist,CYP17A1|NR3C2|PGR,RJKFOVLPORLFTN-LEKSSAKUSA-N,"InChI=1S/C21H30O2/c1-13(22)17-6-7-18-16-5-4-14-12-15(23)8-10-20(14,2)19(16)9-11-21(17,18)3/h12,16-19H,4-11H2,1-3H3/t16-,17+,18-,19-,20-,21+/m0/s1",15831,CC(=O)[C@H]1CC[C@H]2[C@@H]3CCC4=CC(=O)CC[C@]4(C)[C@H]3CC[C@]12C,4
Input,CHEMBL416418,-0.21672556,InputSig,NA,NA,LINCSCP_54149,SW620,60uM,6h,large intestine,Glucosyltransferase inhibitor,ASAH1|UGCG,UYNCFCUHRNOSCN-FYYLOGMGSA-N,"InChI=1S/C23H38N2O3/c1-2-3-4-5-6-7-11-14-22(26)24-21(19-25-15-17-28-18-16-25)23(27)20-12-9-8-10-13-20/h8-10,12-13,21,23,27H,2-7,11,14-19H2,1H3,(H,24,26)/t21-,23-/m1/s1",16514,CCCCCCCCCC(=O)N[C@H](CN1CCOCC1)[C@H](O)c2ccccc2,NA
Input,CX-4945 (Silmitasertib),-0.21668393,InputSig,NA,NA,LINCSCP_125153,HT29,3.33uM,24h,large intestine,Casein kinase II alpha inhibitor,CSNK2A1,MUOKSQABCJCOPU-UHFFFAOYSA-N,"InChI=1S/C19H12ClN3O2/c20-12-2-1-3-13(9-12)22-18-15-6-7-21-10-16(15)14-5-4-11(19(24)25)8-17(14)23-18/h1-10H,(H,22,23)(H,24,25)",26667,OC(=O)c1ccc2c(c1)nc(Nc3cccc(Cl)c3)c4ccncc24,2
Input,STK009254,-0.21666278,InputSig,NA,NA,LINCSCP_144276,MCF7,3.33uM,24h,breast,Sodium channel blocker,INS,JYIJIIVLEOETIQ-RFPFOJJUSA-N,"InChI=1S/C15H24N2O/c18-15-6-3-5-14-11-8-12(10-17(14)15)13-4-1-2-7-16(13)9-11/h11-14H,1-10H2/t11?,12?,13-,14?/m0/s1",477,O=C1CCCC2C3CC(CN12)[C@@H]4CCCCN4C3,NA
Input,Peucedanin,-0.21661783,InputSig,NA,NA,LINCSCP_18008,HCC515,10uM,24h,lung,Apoptosis stimulant,NA,YQBNJPACAUPNLV-UHFFFAOYSA-N,"InChI=1S/C15H14O4/c1-8(2)14-15(17-3)10-6-9-4-5-13(16)18-11(9)7-12(10)19-14/h4-8H,1-3H3",7353,COc1c(oc2cc3OC(=O)C=Cc3cc12)C(C)C,NA
Input,BRD-K00248354,-0.21655439,InputSig,NA,NA,LINCSCP_169606,YAPC,0.12uM,24h,pancreas,NA,NA,DIUXSDCPAZQGFR-XPKHAYSGSA-N,"InChI=1S/C25H38N2O5S/c1-5-9-20-12-13-24-22(14-20)32-23(16-26(4)25(29)21-10-7-6-8-11-21)18(2)15-27(19(3)17-28)33(24,30)31/h5,9,12-14,18-19,21,23,28H,6-8,10-11,15-17H2,1-4H3/b9-5+/t18-,19+,23-/m1/s1",9789,C\C=C\c1ccc2c(O[C@H](CN(C)C(=O)C3CCCCC3)[C@H](C)CN([C@@H](C)CO)S2(=O)=O)c1,NA
Input,Nicotine,-0.21653137,InputSig,NA,NA,LINCSCP_104841,HELA,0.04uM,24h,large intestine,Acetylcholine receptor agonist,CHRNA10|CHRNA4|CHRNA9|CHRNB2,SNICXCGAKADSCV-JTQLQIEISA-N,"InChI=1S/C10H14N2/c1-12-7-3-5-10(12)9-4-2-6-11-8-9/h2,4,6,8,10H,3,5,7H2,1H3/t10-/m0/s1",6019,CN1CCC[C@H]1c2cccnc2,4
Input,Atrasentan (hydrochloride),-0.21649156,InputSig,NA,NA,LINCSCP_89763,HA1E,0.04uM,24h,kidney epithelial,Endothelin receptor ET-A antagonist,EDNRA,MOTJMGVDPWRKOC-QPVYNBJUSA-N,"InChI=1S/C29H38N2O6/c1-4-6-14-30(15-7-5-2)26(32)18-31-17-23(21-10-13-24-25(16-21)37-19-36-24)27(29(33)34)28(31)20-8-11-22(35-3)12-9-20/h8-13,16,23,27-28H,4-7,14-15,17-19H2,1-3H3,(H,33,34)/t23-,27-,28+/m1/s1",26987,CCCCN(CCCC)C(=O)CN1C[C@@H]([C@H]([C@@H]1c2ccc(OC)cc2)C(=O)O)c3ccc4OCOc4c3,3
Input,181144-66-1,-0.21621504,InputSig,NA,NA,LINCSCP_160421,PC3,0.37uM,24h,prostate,NA,NA,MHUUDVZSPFRUSK-UHFFFAOYSA-N,"InChI=1S/C14H12FN3O2/c15-11-3-7-13(8-4-11)20-12-5-1-10(2-6-12)9-17-18-14(16)19/h1-9H,(H3,16,18,19)",22542,NC(=O)NN=Cc1ccc(Oc2ccc(F)cc2)cc1,NA
Input,GDC-0980 (RG7422),-0.21621069,InputSig,NA,NA,LINCSCP_103235,HELA,0.04uM,24h,large intestine,PI3-kinase class I inhibitor|Serine/threonine-protein kinase mTOR inhibitor,MTOR|PIK3CA|PIK3CB|PIK3CD|PIK3CG|PIK3R1|PIK3R2|PIK3R3|PIK3R5,YOVVNQKCSKSHKT-HNNXBMFYSA-N,"InChI=1S/C23H30N8O3S/c1-14-17(13-29-3-5-31(6-4-29)22(33)15(2)32)35-19-18(14)27-20(16-11-25-23(24)26-12-16)28-21(19)30-7-9-34-10-8-30/h11-12,15,32H,3-10,13H2,1-2H3,(H2,24,25,26)/t15-/m0/s1",26920,C[C@H](O)C(=O)N1CCN(Cc2sc3c(nc(nc3c2C)c4cnc(N)nc4)N5CCOCC5)CC1,2
Input,BRD-K98630904-001-01-7,-0.21620034,InputSig,NA,NA,LINCSCP_7941,A549,10uM,24h,lung,NA,NA,WIYHORLWMFSPCL-UBWFJNMSSA-N,"InChI=1S/C32H47N3O6/c1-22-17-35(23(2)20-36)32(37)27-16-26(33(4)5)11-13-28(27)41-24(3)9-7-8-14-38-31(22)19-34(6)18-25-10-12-29-30(15-25)40-21-39-29/h10-13,15-16,22-24,31,36H,7-9,14,17-21H2,1-6H3/t22-,23-,24+,31+/m0/s1",1812,C[C@@H](CO)N1C[C@H](C)[C@@H](CN(C)Cc2ccc3OCOc3c2)OCCCC[C@@H](C)Oc4ccc(cc4C1=O)N(C)C,NA
Input,CC-930,-0.21615054,InputSig,NA,NA,LINCSCP_124592,HT29,0.37uM,24h,large intestine,c-Jun N-terminal kinase 1 inhibitor|c-Jun N-terminal kinase 2 inhibitor|c-Jun N-terminal kinase 3 inhibitor,MAPK10|MAPK8|MAPK9,IBGLGMOPHJQDJB-IHRRRGAJSA-N,"InChI=1S/C21H23F3N6O2/c22-11-7-15(23)18(16(24)8-11)28-21-27-17-9-25-20(26-12-1-3-14(31)4-2-12)29-19(17)30(21)13-5-6-32-10-13/h7-9,12-14,31H,1-6,10H2,(H,27,28)(H,25,26,29)/t12-,13-,14-/m0/s1",26454,O[C@@H]1CC[C@H](CC1)Nc2ncc3nc(Nc4c(F)cc(F)cc4F)n([C@H]5CCOC5)c3n2,2
Input,Tcpobop,-0.21614577,InputSig,NA,NA,LINCSCP_6598,A549,10uM,6h,lung,CAR agonist,NR1I3,BAFKRPOFIYPKBQ-UHFFFAOYSA-N,InChI=1S/C16H8Cl4N2O2/c17-9-5-13(19)15(21-7-9)23-11-1-2-12(4-3-11)24-16-14(20)6-10(18)8-22-16/h1-8H,16322,Clc1cnc(Oc2ccc(Oc3ncc(Cl)cc3Cl)cc2)c(Cl)c1,NA
Input,BRD-K54294645,-0.21614465,InputSig,NA,NA,LINCSCP_3713,A375,10uM,24h,skin,NA,NA,CSXAVIOBTDLUSY-AKFKNWHVSA-N,"InChI=1S/C25H22FN3O3/c26-20-6-2-1-5-19(20)16-7-9-17(10-8-16)24-21-13-28(14-23(31)29(21)22(24)15-30)25(32)18-4-3-11-27-12-18/h1-12,21-22,24,30H,13-15H2/t21-,22-,24+/m1/s1",12988,OC[C@@H]1[C@H]([C@H]2CN(CC(=O)N12)C(=O)c3cccnc3)c4ccc(cc4)c5ccccc5F,NA
Input,Bitopertin,-0.21605267,InputSig,NA,NA,LINCSCP_92734,HA1E,3.33uM,24h,kidney epithelial,NA,NA,YUUGYIUSCYNSQR-LBPRGKRZSA-N,"InChI=1S/C21H20F7N3O4S/c1-12(20(23,24)25)35-17-4-3-14(36(2,33)34)10-15(17)19(32)31-7-5-30(6-8-31)18-16(22)9-13(11-29-18)21(26,27)28/h3-4,9-12H,5-8H2,1-2H3/t12-/m0/s1",26985,C[C@H](Oc1ccc(cc1C(=O)N2CCN(CC2)c3ncc(cc3F)C(F)(F)F)S(=O)(=O)C)C(F)(F)F,NA
Input,Alista,-0.21603446,InputSig,NA,NA,LINCSCP_244873,MCF7,10uM,6h,breast,Prostanoid receptor antagonist,PTGER1|PTGER2,GMVPRGQOIOIIMI-DODZYUBVSA-N,"InChI=1S/C20H34O5/c1-2-3-6-9-15(21)12-13-17-16(18(22)14-19(17)23)10-7-4-5-8-11-20(24)25/h12-13,15-17,19,21,23H,2-11,14H2,1H3,(H,24,25)/t15-,16+,17+,19+/m0/s1",22815,CCCCC[C@H](O)C=C[C@H]1[C@H](O)CC(=O)[C@@H]1CCCCCCC(=O)O,NA
Input,Tasisulam,-0.21598716,InputSig,NA,NA,LINCSCP_93846,HA1E,10uM,24h,kidney epithelial,NA,NA,WWONFUQGBVOKOF-UHFFFAOYSA-N,"InChI=1S/C11H6BrCl2NO3S2/c12-9-3-4-10(19-9)20(17,18)15-11(16)7-2-1-6(13)5-8(7)14/h1-5H,(H,15,16)",26966,Clc1ccc(C(=O)NS(=O)(=O)c2ccc(Br)s2)c(Cl)c1,NA
Input,Glipizide,-0.21595772,InputSig,NA,NA,LINCSCP_137760,MCF7,10uM,24h,breast,Sulfonylurea,ABCC8|KCNJ11,ZJJXGWJIGJFDTL-UHFFFAOYSA-N,"InChI=1S/C21H27N5O4S/c1-15-13-24-19(14-23-15)20(27)22-12-11-16-7-9-18(10-8-16)31(29,30)26-21(28)25-17-5-3-2-4-6-17/h7-10,13-14,17H,2-6,11-12H2,1H3,(H,22,27)(H2,25,26,28)",15421,Cc1cnc(cn1)C(=O)NCCc2ccc(cc2)S(=O)(=O)NC(=O)NC3CCCCC3,4
Input,IWR-1-ENDO,-0.21595102,InputSig,NA,NA,LINCSCP_54974,THP1,10uM,6h,haematopoietic and lymphoid tissue,PARP inhibitor,TNKS|TNKS2,ZGSXEXBYLJIOGF-ALFLXDJESA-N,"InChI=1S/C25H19N3O3/c29-23(27-19-5-1-3-14-4-2-12-26-22(14)19)15-8-10-18(11-9-15)28-24(30)20-16-6-7-17(13-16)21(20)25(28)31/h1-12,16-17,20-21H,13H2,(H,27,29)/t16-,17+,20-,21+",23305,O=C(Nc1cccc2cccnc12)c3ccc(cc3)N4C(=O)[C@@H]5[C@H]6C[C@H](C=C6)[C@@H]5C4=O,NA
Input,Honokiol,-0.21594225,InputSig,NA,NA,LINCSCP_79595,A375,10uM,24h,skin,AKT inhibitor,NA,FVYXIJYOAGAUQK-UHFFFAOYSA-N,"InChI=1S/C18H18O2/c1-3-5-13-7-9-18(20)16(11-13)14-8-10-17(19)15(12-14)6-4-2/h3-4,7-12,19-20H,1-2,5-6H2",36629,Oc1ccc(cc1CC=C)c2cc(CC=C)ccc2O,NA
Input,CHEMBL2333346,-0.21587491,InputSig,NA,NA,LINCSCP_38788,MCF7,0.12uM,24h,breast,NA,NA,RYYGSXXWQSXKRP-UHFFFAOYSA-N,"InChI=1S/C6H9NO2/c8-6(7-9)5-3-1-2-4-5/h3,9H,1-2,4H2,(H,7,8)",39905,ONC(=O)C1=CCCC1,NA
Input,SR-2640,-0.21586393,InputSig,NA,NA,LINCSCP_77133,A375,1.11uM,24h,skin,NA,NA,LMPZHLXYBWGGNT-UHFFFAOYSA-N,"InChI=1S/C23H18N2O3/c26-23(27)20-9-2-4-11-22(20)24-17-7-5-8-19(14-17)28-15-18-13-12-16-6-1-3-10-21(16)25-18/h1-14,24H,15H2,(H,26,27)",17617,OC(=O)c1ccccc1Nc2cccc(OCc3ccc4ccccc4n3)c2,NA
Input,BRD-K05456756,-0.21576488,InputSig,NA,NA,LINCSCP_55360,U937,3uM,6h,haematopoietic and lymphoid tissue,NA,NA,BSYBQLKSCYWWSD-UHFFFAOYSA-N,"InChI=1S/C18H17ClN4O4/c1-11-8-14(22-27-11)20-15(24)10-26-18(25)16-12(2)21-23(17(16)19)9-13-6-4-3-5-7-13/h3-8H,9-10H2,1-2H3,(H,20,22,24)",26549,Cc1onc(NC(=O)COC(=O)c2c(C)nn(Cc3ccccc3)c2Cl)c1,NA
Input,BRD-K00199686,-0.21564156,InputSig,NA,NA,LINCSCP_160981,PC3,0.04uM,24h,prostate,NA,NA,GJVLYDQXVFQAHZ-CTZMOBNVSA-N,"InChI=1S/C23H28N2O7S/c1-25(2)22(27)12-16-11-19-18-10-14(4-9-20(18)32-23(19)21(13-26)31-16)24-33(28,29)17-7-5-15(30-3)6-8-17/h4-10,16,19,21,23-24,26H,11-13H2,1-3H3/t16-,19+,21+,23-/m1/s1",18325,COc1ccc(cc1)S(=O)(=O)Nc2ccc3O[C@H]4[C@H](CO)O[C@@H](CC(=O)N(C)C)C[C@H]4c3c2,NA
Input,Tizanidine,-0.21554815,InputSig,NA,NA,LINCSCP_170104,YAPC,0.12uM,24h,pancreas,Adrenergic receptor agonist,ADRA2A|ADRA2B|ADRA2C,XFYDIVBRZNQMJC-UHFFFAOYSA-N,"InChI=1S/C9H8ClN5S/c10-5-1-2-6-8(15-16-14-6)7(5)13-9-11-3-4-12-9/h1-2H,3-4H2,(H2,11,12,13)",24250,Clc1ccc2nsnc2c1NC3=NCCN3,4
Input,BRD-A77864279,-0.21543764,InputSig,NA,NA,LINCSCP_105630,HELA,0.37uM,24h,large intestine,NA,NA,NA,NA,NA,NA,NA
Input,Zaldaride,-0.21540654,InputSig,NA,NA,LINCSCP_101183,HELA,0.04uM,24h,large intestine,Calmodulin antagonist,CALM1,HTGCJAAPDHZCHL-UHFFFAOYSA-N,"InChI=1S/C26H28N4O2/c1-26(24-11-6-14-29(24)22-9-4-2-7-19(22)17-32-26)18-28-15-12-20(13-16-28)30-23-10-5-3-8-21(23)27-25(30)31/h2-11,14,20H,12-13,15-18H2,1H3,(H,27,31)",35352,CC1(CN2CCC(CC2)N3C(=O)Nc4ccccc34)OCc5ccccc5n6cccc16,NA
Input,BRD-K62748479-001-01-4,-0.21527096,InputSig,NA,NA,LINCSCP_42176,NPC,10uM,24h,neural progenitor cells,NA,NA,KVTKEIYDKINGSH-KYTVRQNUSA-N,"InChI=1S/C31H40F3N5O5/c1-19-16-39(20(2)18-40)28(41)24-10-7-11-25(37-29(42)35-23-14-12-21(13-15-23)31(32,33)34)27(24)44-26(19)17-38(3)30(43)36-22-8-5-4-6-9-22/h7,10-15,19-20,22,26,40H,4-6,8-9,16-18H2,1-3H3,(H,36,43)(H2,35,37,42)/t19-,20-,26+/m1/s1",250,C[C@H](CO)N1C[C@@H](C)[C@H](CN(C)C(=O)NC2CCCCC2)Oc3c(NC(=O)Nc4ccc(cc4)C(F)(F)F)cccc3C1=O,NA
Input,Nisoxetine,-0.21517411,InputSig,NA,NA,LINCSCP_176198,YAPC,3.33uM,24h,pancreas,Norepinephrine reuptake inhibitor,SLC6A2,ITJNARMNRKSWTA-UHFFFAOYSA-N,"InChI=1S/C17H21NO2/c1-18-13-12-15(14-8-4-3-5-9-14)20-17-11-7-6-10-16(17)19-2/h3-11,15,18H,12-13H2,1-2H3",9189,CNCCC(Oc1ccccc1OC)c2ccccc2,NA
Input,BL-074,-0.21510663,InputSig,NA,NA,LINCSCP_6524,A549,10uM,24h,lung,NA,NA,NA,NA,42715,NA,NA
Input,Cilostamide,-0.21508787,InputSig,NA,NA,LINCSCP_17321,HA1E,0.04uM,24h,kidney epithelial,Phosphodiesterase inhibitor,PDE3A|PDE3B,UIAYVIIHMORPSJ-UHFFFAOYSA-N,"InChI=1S/C20H26N2O3/c1-22(16-6-3-2-4-7-16)20(24)8-5-13-25-17-10-11-18-15(14-17)9-12-19(23)21-18/h9-12,14,16H,2-8,13H2,1H3,(H,21,23)",24978,CN(C1CCCCC1)C(=O)CCCOc2ccc3NC(=O)C=Cc3c2,NA
Input,TIC10,-0.21506962,InputSig,NA,NA,LINCSCP_167615,YAPC,0.37uM,24h,pancreas,NA,NA,RSAQARAFWMUYLL-UHFFFAOYSA-N,"InChI=1S/C24H26N4O/c1-18-7-5-6-10-20(18)16-28-22-11-13-26(15-19-8-3-2-4-9-19)17-21(22)23(29)27-14-12-25-24(27)28/h2-10H,11-17H2,1H3",26887,Cc1ccccc1CN2C3=C(CN(Cc4ccccc4)CC3)C(=O)N5CCN=C25,NA
Input,Colforsin,-0.21504975,InputSig,NA,NA,LINCSCP_176637,A375,10uM,6h,skin,Adenylyl cyclase activator,ADCY2,OHCQJHSOBUTRHG-KGGHGJDLSA-N,"InChI=1S/C22H34O7/c1-8-19(5)11-14(25)22(27)20(6)13(24)9-10-18(3,4)16(20)15(26)17(28-12(2)23)21(22,7)29-19/h8,13,15-17,24,26-27H,1,9-11H2,2-7H3/t13-,15-,16-,17-,19-,20-,21+,22-/m0/s1",35508,CC(=O)O[C@H]1[C@@H](O)[C@H]2C(C)(C)CC[C@H](O)[C@]2(C)[C@@]3(O)C(=O)C[C@@](C)(O[C@]13C)C=C,NA
Input,Dimesna,-0.21490981,InputSig,NA,NA,LINCSCP_101452,HELA,0.04uM,24h,large intestine,NA,NA,BYUKOOOZTSTOOH-UHFFFAOYSA-N,"InChI=1S/C4H10O6S4/c5-13(6,7)3-1-11-12-2-4-14(8,9)10/h1-4H2,(H,5,6,7)(H,8,9,10)",26969,OS(=O)(=O)CCSSCCS(=O)(=O)O,3
Input,Linagliptin,-0.21489571,InputSig,NA,NA,LINCSCP_102066,HELA,1.11uM,24h,large intestine,Dipeptidyl peptidase IV inhibitor,DPP4,LTXREWYXXSTFRX-QGZVFWFLSA-N,"InChI=1S/C25H28N8O2/c1-4-5-13-32-21-22(29-24(32)31-12-8-9-17(26)14-31)30(3)25(35)33(23(21)34)15-20-27-16(2)18-10-6-7-11-19(18)28-20/h6-7,10-11,17H,8-9,12-15,26H2,1-3H3/t17-/m1/s1",27116,CC#CCn1c(nc2N(C)C(=O)N(Cc3nc(C)c4ccccc4n3)C(=O)c12)N5CCC[C@@H](N)C5,4
Input,BRD-K90070572,-0.21487987,InputSig,NA,NA,LINCSCP_48895,PC3,10uM,6h,prostate,NA,NA,SCAIVNUIPZWANK-XMYDELFSSA-N,"InChI=1S/C24H30FN3O5S/c1-5-6-18-11-21-23(26-12-18)33-22(16(2)13-28(24(21)30)17(3)15-29)14-27(4)34(31,32)20-9-7-19(25)8-10-20/h5-12,16-17,22,29H,13-15H2,1-4H3/b6-5+/t16-,17+,22+/m1/s1",713,C\C=C\c1cnc2O[C@@H](CN(C)S(=O)(=O)c3ccc(F)cc3)[C@H](C)CN([C@@H](C)CO)C(=O)c2c1,NA
Input,BRD-K49669601,-0.21469589,InputSig,NA,NA,LINCSCP_48164,PC3,5uM,24h,prostate,NA,NA,DFAHTHVTMMOLJD-SQVYLTPJSA-N,"InChI=1S/C30H47N5O6S/c1-21-15-35(22(2)19-36)30(37)26-14-25(32-42(38,39)29-18-34(5)20-31-29)11-12-27(26)41-23(3)8-6-7-13-40-28(21)17-33(4)16-24-9-10-24/h11-12,14,18,20-24,28,32,36H,6-10,13,15-17,19H2,1-5H3/t21-,22-,23+,28-/m1/s1",12886,C[C@H](CO)N1C[C@@H](C)[C@@H](CN(C)CC2CC2)OCCCC[C@H](C)Oc3ccc(NS(=O)(=O)c4cn(C)cn4)cc3C1=O,NA
Input,BRD-K75418563,-0.21469529,InputSig,NA,NA,LINCSCP_23497,HEPG2,10uM,24h,liver,NA,NA,BMTZFXAWOLTARL-YZIHRLCOSA-N,"InChI=1S/C27H36N2O5S/c1-6-14-28(4)18-26-20(2)17-29(21(3)19-30)35(31,32)27-13-12-23(16-25(27)34-26)11-10-22-8-7-9-24(15-22)33-5/h7-9,12-13,15-16,20-21,26,30H,6,14,17-19H2,1-5H3/t20-,21+,26-/m1/s1",321,CCCN(C)C[C@H]1Oc2cc(ccc2S(=O)(=O)N(C[C@H]1C)[C@@H](C)CO)C#Cc3cccc(OC)c3,NA
Input,N9-Isopropylolomoucine,-0.21467987,InputSig,NA,NA,LINCSCP_50651,PL21,100uM,6h,haematopoietic and lymphoid tissue,CDK inhibitor,CDK1|CDK5,WHDJEAZLMYPLGL-UHFFFAOYSA-N,"InChI=1S/C17H22N6O/c1-12(2)23-11-20-14-15(19-10-13-6-4-3-5-7-13)21-17(18-8-9-24)22-16(14)23/h3-7,11-12,24H,8-10H2,1-2H3,(H2,18,19,21,22)",35984,CC(C)n1cnc2c(NCc3ccccc3)nc(NCCO)nc12,NA
Input,PF-4136309,-0.21466758,InputSig,NA,NA,LINCSCP_144384,MCF7,3.33uM,24h,breast,NA,NA,ZNSVOHSYDRPBGI-LXWOLXCRSA-N,"InChI=1S/C29H31F3N6O3/c30-29(31,32)21-4-1-3-19(15-21)27(40)36-17-25(39)38-14-9-23(18-38)37-22-7-10-28(41,11-8-22)24-6-5-20(16-35-24)26-33-12-2-13-34-26/h1-6,12-13,15-16,22-23,37,41H,7-11,14,17-18H2,(H,36,40)/t22-,23-,28-/m0/s1",26486,O[C@@]1(CC[C@H](CC1)N[C@H]2CCN(C2)C(=O)CNC(=O)c3cccc(c3)C(F)(F)F)c4ccc(cn4)c5ncccn5,NA
Input,Droperidol,-0.21454528,InputSig,NA,NA,LINCSCP_223433,HT29,10uM,6h,large intestine,Dopamine receptor antagonist,DRD2,RMEDXOLNCUSCGS-UHFFFAOYSA-N,"InChI=1S/C22H22FN3O2/c23-17-9-7-16(8-10-17)21(27)6-3-13-25-14-11-18(12-15-25)26-20-5-2-1-4-19(20)24-22(26)28/h1-2,4-5,7-11H,3,6,12-15H2,(H,24,28)",23111,Oc1nc2ccccc2n1C3=CCN(CCCC(=O)c4ccc(F)cc4)CC3,4
Input,AK-968/11369213,-0.21445505,InputSig,NA,NA,LINCSCP_59222,VCAP,10uM,24h,prostate,NA,NA,CQUNMROLUJQCJW-UHFFFAOYSA-N,"InChI=1S/C19H11Cl2N5O6/c20-14-6-4-10(25(29)30)8-12(14)18(27)23-16-2-1-3-17(22-16)24-19(28)13-9-11(26(31)32)5-7-15(13)21/h1-9H,(H2,22,23,24,27,28)",36750,[O-][N+](=O)c1ccc(Cl)c(c1)C(=O)Nc2cccc(NC(=O)c3cc(ccc3Cl)[N+](=O)[O-])n2,NA
Input,ZINC04062252,-0.21435449,InputSig,NA,NA,LINCSCP_34468,MCF7,10uM,24h,breast,Progesterone receptor agonist,PGR,JGMOKGBVKVMRFX-WSBLSWJJSA-N,"InChI=1S/C21H28O2/c1-13(22)17-6-7-18-16-5-4-14-12-15(23)8-10-20(14,2)19(16)9-11-21(17,18)3/h4-5,12,16-19H,6-11H2,1-3H3/t16-,17+,18+,19+,20+,21+/m0/s1",22267,CC(=O)[C@H]1CC[C@@H]2[C@@H]3C=CC4=CC(=O)CC[C@@]4(C)[C@@H]3CC[C@]12C,NA
Input,Erythromycin,-0.21411745,InputSig,NA,NA,LINCSCP_95179,HA1E,0.04uM,24h,kidney epithelial,NFkB pathway inhibitor,MLNR,ULGZDMOVFRHVEP-RWJQBGPGSA-N,"InChI=1S/C37H67NO13/c1-14-25-37(10,45)30(41)20(4)27(39)18(2)16-35(8,44)32(51-34-28(40)24(38(11)12)15-19(3)47-34)21(5)29(22(6)33(43)49-25)50-26-17-36(9,46-13)31(42)23(7)48-26/h18-26,28-32,34,40-42,44-45H,14-17H2,1-13H3/t18-,19-,20+,21+,22-,23+,24+,25-,26+,28-,29+,30-,31+,32-,34+,35-,36-,37-/m1/s1",35920,CC[C@H]1OC(=O)[C@H](C)[C@@H](O[C@H]2C[C@@](C)(OC)[C@@H](O)[C@H](C)O2)[C@H](C)[C@@H](O[C@@H]3O[C@H](C)C[C@@H]([C@H]3O)N(C)C)[C@](C)(O)C[C@@H](C)C(=O)[C@H](C)[C@@H](O)[C@]1(C)O,4
Input,CHEMBL2142684,-0.21408562,InputSig,NA,NA,LINCSCP_10751,ASC,10uM,24h,adipose,NA,NA,UIWHTZIAIXNFGN-SFXKCFQESA-N,"InChI=1S/C40H42N6O5S/c1-25-21-46(26(2)24-47)40(50)31-7-6-10-34(44-38(49)29-15-17-30(18-16-29)39-42-19-20-52-39)36(31)51-35(25)23-45(3)22-27-11-13-28(14-12-27)37(48)43-33-9-5-4-8-32(33)41/h4-20,25-26,35,47H,21-24,41H2,1-3H3,(H,43,48)(H,44,49)/t25-,26-,35+/m0/s1",19709,C[C@@H](CO)N1C[C@H](C)[C@@H](CN(C)Cc2ccc(cc2)C(=O)Nc3ccccc3N)Oc4c(NC(=O)c5ccc(cc5)c6nccs6)cccc4C1=O,NA
Input,CHEMBL2204241,-0.21406574,InputSig,NA,NA,LINCSCP_42075,NOMO1,1uM,6h,haematopoietic and lymphoid tissue,Serine/threonine kinase inhibitor,NA,DWCAZANCTMQOOT-UHFFFAOYSA-N,"InChI=1S/C19H12FN3O2S/c20-11-7-8-12(15(10-11)23-18(24)16-6-3-9-26-16)17-19(25)22-14-5-2-1-4-13(14)21-17/h1-10H,(H,22,25)(H,23,24)",19306,Fc1ccc(C2=Nc3ccccc3NC2=O)c(NC(=O)c4cccs4)c1,NA
Input,MLS002576689,-0.21406451,InputSig,NA,NA,LINCSCP_5581,A549,10uM,24h,lung,Thyroid hormone stimulant,TSHR,JRVXFGNCHKHBPA-UHFFFAOYSA-N,"InChI=1S/C31H29N3O5/c1-20(35)32-24-12-14-25(15-13-24)39-19-23-17-22(11-16-28(23)38-2)30-33-26-9-6-10-27(36)29(26)31(37)34(30)18-21-7-4-3-5-8-21/h3-17,30,33,36H,18-19H2,1-2H3,(H,32,35)",35441,COc1ccc(cc1COc2ccc(NC(=O)C)cc2)C3Nc4cccc(O)c4C(=O)N3Cc5ccccc5,NA
Input,Lersivirine,-0.21400059,InputSig,NA,NA,LINCSCP_170608,YAPC,0.12uM,24h,pancreas,NA,NA,MCPUZZJBAHRIPO-UHFFFAOYSA-N,"InChI=1S/C17H18N4O2/c1-3-15-17(16(4-2)21(20-15)5-6-22)23-14-8-12(10-18)7-13(9-14)11-19/h7-9,22H,3-6H2,1-2H3",27053,CCc1nn(CCO)c(CC)c1Oc2cc(cc(c2)C#N)C#N,2
Input,PIK 90,-0.21392658,InputSig,NA,NA,LINCSCP_50691,PL21,10uM,6h,haematopoietic and lymphoid tissue,PI3K inhibitor,NA,ZJAVHOMVDCMAMF-UHFFFAOYSA-N,"InChI=1S/C18H17N5O3/c1-25-13-6-5-12-14(15(13)26-2)21-18(23-9-8-20-16(12)23)22-17(24)11-4-3-7-19-10-11/h3-7,10H,8-9H2,1-2H3,(H,21,22,24)",16610,COc1ccc2C3=NCCN3C(=Nc2c1OC)NC(=O)c4cccnc4,NA
Input,Lapatinib,-0.2139235,InputSig,NA,NA,LINCSCP_86439,BT20,0.37uM,3h,breast,EGFR inhibitor|ErbB2 inhibitor,EGFR|ERBB2,BCFGMOOMADDAQU-UHFFFAOYSA-N,"InChI=1S/C29H26ClFN4O4S/c1-40(36,37)12-11-32-16-23-7-10-27(39-23)20-5-8-26-24(14-20)29(34-18-33-26)35-22-6-9-28(25(30)15-22)38-17-19-3-2-4-21(31)13-19/h2-10,13-15,18,32H,11-12,16-17H2,1H3,(H,33,34,35)",35268,CS(=O)(=O)CCNCc1oc(cc1)c2ccc3ncnc(Nc4ccc(OCc5cccc(F)c5)c(Cl)c4)c3c2,4
Input,Clinafloxacin,-0.21388641,InputSig,NA,NA,LINCSCP_144352,MCF7,0.04uM,24h,breast,Bacterial DNA gyrase inhibitor,NA,QGPKADBNRMWEQR-UHFFFAOYSA-N,"InChI=1S/C17H17ClFN3O3/c18-13-14-10(5-12(19)15(13)21-4-3-8(20)6-21)16(23)11(17(24)25)7-22(14)9-1-2-9/h5,7-9H,1-4,6,20H2,(H,24,25)",16315,NC1CCN(C1)c2c(F)cc3C(=O)C(=CN(C4CC4)c3c2Cl)C(=O)O,NA
Input,Rivaroxaban,-0.21385489,InputSig,NA,NA,LINCSCP_78147,A375,0.04uM,24h,skin,NA,NA,KGFYHTZWPPHNLQ-UHFFFAOYSA-N,"InChI=1S/C19H18ClN3O5S/c20-16-6-5-15(29-16)18(25)21-9-14-10-23(19(26)28-14)13-3-1-12(2-4-13)22-7-8-27-11-17(22)24/h1-6,14H,7-11H2,(H,21,25)",27151,Clc1ccc(s1)C(=O)NCC2CN(C(=O)O2)c3ccc(cc3)N4CCOCC4=O,NA
Input,Rivaroxaban,-0.21385489,InputSig,NA,NA,LINCSCP_78147,A375,0.04uM,24h,skin,NA,NA,KGFYHTZWPPHNLQ-AWEZNQCLSA-N,"InChI=1S/C19H18ClN3O5S/c20-16-6-5-15(29-16)18(25)21-9-14-10-23(19(26)28-14)13-3-1-12(2-4-13)22-7-8-27-11-17(22)24/h1-6,14H,7-11H2,(H,21,25)/t14-/m0/s1",23271,Clc1ccc(s1)C(=O)NC[C@H]2CN(C(=O)O2)c3ccc(cc3)N4CCOCC4=O,4
Input,MLS002264449,-0.21382934,InputSig,NA,NA,LINCSCP_57893,VCAP,10uM,6h,prostate,NA,NA,PPVZUZPOOWQBMA-UHFFFAOYSA-N,"InChI=1S/C15H9F3N6S2/c1-24-14(21-22-23-24)26-13-11-9(6-25-12(11)19-7-20-13)8-4-2-3-5-10(8)15(16,17)18/h2-7H,1H3",18181,Cn1nnnc1Sc2ncnc3scc(c4ccccc4C(F)(F)F)c23,NA
Input,MLS003129415,-0.21369616,InputSig,NA,NA,LINCSCP_49048,PC3,10uM,24h,prostate,NA,NA,DXNYPMFBKGSJNE-HMFYCAOWSA-N,"InChI=1S/C24H34F3N5O3/c1-17-12-31(18(2)15-33)23(34)8-5-9-32-21(11-28-29-32)16-35-22(17)14-30(3)13-19-6-4-7-20(10-19)24(25,26)27/h4,6-7,10-11,17-18,22,33H,5,8-9,12-16H2,1-3H3/t17-,18-,22+/m1/s1",16843,C[C@H](CO)N1C[C@@H](C)[C@H](CN(C)Cc2cccc(c2)C(F)(F)F)OCc3cnnn3CCCC1=O,NA
Input,RG 13022,-0.21368854,InputSig,NA,NA,LINCSCP_22982,HEPG2,10uM,6h,liver,PDGFR tyrosine kinase receptor inhibitor,NA,DBGZNJVTHYFQJI-RIYZIHGNSA-N,"InChI=1S/C16H14N2O2/c1-19-15-6-5-12(9-16(15)20-2)8-14(10-17)13-4-3-7-18-11-13/h3-9,11H,1-2H3/b14-8+",28818,COc1ccc(\C=C(/C#N)\c2cccnc2)cc1OC,NA
Input,Torcetrapib,-0.21360968,InputSig,NA,NA,LINCSCP_124207,HT29,1.11uM,24h,large intestine,NA,NA,CMSGWTNRGKRWGS-WIYYLYMNSA-N,"InChI=1S/C26H25F9N2O4/c1-4-18-12-21(19-11-15(24(27,28)29)6-7-20(19)37(18)23(39)41-5-2)36(22(38)40-3)13-14-8-16(25(30,31)32)10-17(9-14)26(33,34)35/h6-11,18,21H,4-5,12-13H2,1-3H3/t18-,21-/m1/s1",26743,CCOC(=O)N1[C@H](CC)C[C@@H](N(Cc2cc(cc(c2)C(F)(F)F)C(F)(F)F)C(=O)OC)c3cc(ccc13)C(F)(F)F,NA
Input,Emedastine,-0.21360425,InputSig,NA,NA,LINCSCP_92830,HA1E,3.33uM,24h,kidney epithelial,Histamine receptor antagonist,HRH1,KBUZBQVCBVDWKX-UHFFFAOYSA-N,"InChI=1S/C17H26N4O/c1-3-22-14-13-21-16-8-5-4-7-15(16)18-17(21)20-10-6-9-19(2)11-12-20/h4-5,7-8H,3,6,9-14H2,1-2H3",36425,CCOCCn1c(nc2ccccc12)N3CCCN(C)CC3,4
Input,ETOPOSIDE,-0.21354331,InputSig,NA,NA,LINCSCP_121876,HT29,0.04uM,24h,large intestine,DNA topoisomerase II inhibitor,TOP2A|TOP2B,VJJPUSNTGOMMGY-GEGAHKOSSA-N,"InChI=1S/C29H32O13/c1-11-36-9-20-27(40-11)24(31)25(32)29(41-20)42-26-14-7-17-16(38-10-39-17)6-13(14)21(22-15(26)8-37-28(22)33)12-4-18(34-2)23(30)19(5-12)35-3/h4-7,11,15,20-22,24-27,29-32H,8-10H2,1-3H3/t11?,15?,20-,21-,22+,24-,25-,26?,27-,29?/m1/s1",27072,COc1cc(cc(OC)c1O)[C@H]2[C@@H]3C(COC3=O)C(OC4O[C@@H]5COC(C)O[C@H]5[C@H](O)[C@H]4O)c6cc7OCOc7cc26,NA
Input,PF-04449913,-0.21351562,InputSig,NA,NA,LINCSCP_102093,HELA,0.04uM,24h,large intestine,Smoothened homolog antagonist,SMO,SFNSLLSYNZWZQG-VQIMIIECSA-N,"InChI=1S/C21H22N6O/c1-27-11-10-16(24-21(28)23-15-8-6-14(13-22)7-9-15)12-19(27)20-25-17-4-2-3-5-18(17)26-20/h2-9,16,19H,10-12H2,1H3,(H,25,26)(H2,23,24,28)/t16-,19-/m1/s1",26812,CN1CC[C@H](C[C@@H]1c2nc3ccccc3[nH]2)NC(=O)Nc4ccc(cc4)C#N,2
Input,SA-1457415,-0.21347782,InputSig,NA,NA,LINCSCP_41741,NKDBA,0.5uM,24h,kidney epithelial,NA,NA,HNNNEJGNUHWGOR-RAVGUYNFSA-N,"InChI=1S/C29H31N3O5/c33-24-17-32(29(35)22-12-14-30-15-13-22)26-11-10-25(37-27(26)19-36-18-24)16-28(34)31-23-8-6-21(7-9-23)20-4-2-1-3-5-20/h1-9,12-15,24-27,33H,10-11,16-19H2,(H,31,34)/t24-,25+,26-,27+/m1/s1",13290,O[C@H]1COC[C@@H]2O[C@H](CC(=O)Nc3ccc(cc3)c4ccccc4)CC[C@H]2N(C1)C(=O)c5ccncc5,NA
Input,BRD-K11480730,-0.21341514,InputSig,NA,NA,LINCSCP_59836,VCAP,5uM,24h,prostate,NA,NA,BPRBOEBHCISTIC-MZXMJASYSA-N,"InChI=1S/C36H46N4O5/c1-26-22-40(27(2)25-41)36(43)32-21-31(37-35(42)15-16-39-17-19-44-20-18-39)13-14-33(32)45-34(26)24-38(3)23-28-9-11-30(12-10-28)29-7-5-4-6-8-29/h4-14,21,26-27,34,41H,15-20,22-25H2,1-3H3,(H,37,42)/t26-,27+,34-/m0/s1",31966,C[C@H](CO)N1C[C@H](C)[C@H](CN(C)Cc2ccc(cc2)c3ccccc3)Oc4ccc(NC(=O)CCN5CCOCC5)cc4C1=O,NA
Input,BRD-K08995965,-0.21336043,InputSig,NA,NA,LINCSCP_193546,A549,10uM,24h,lung,NA,NA,DSHPDBIZJLDJKA-YDIMBITNSA-N,"InChI=1S/C25H37N5O5/c1-18-12-30(19(2)16-31)25(32)5-4-8-29-14-21(26-27-29)17-35-24(18)15-28(3)13-20-6-7-22-23(11-20)34-10-9-33-22/h6-7,11,14,18-19,24,31H,4-5,8-10,12-13,15-17H2,1-3H3/t18-,19+,24-/m1/s1",315,C[C@@H](CO)N1C[C@@H](C)[C@@H](CN(C)Cc2ccc3OCCOc3c2)OCc4cn(CCCC1=O)nn4,NA
Input,CHEMBL59836,-0.21331813,InputSig,NA,NA,LINCSCP_55957,VCAP,10uM,24h,prostate,Acetylcholine receptor antagonist,CHRM3,YECZUVJTDYORCB-DEOSSOPVSA-N,"InChI=1S/C24H36N2O2/c1-19(2)9-8-16-26-17-14-22(15-18-26)25-23(27)24(28,21-12-6-7-13-21)20-10-4-3-5-11-20/h3-5,9-11,21-22,28H,6-8,12-18H2,1-2H3,(H,25,27)/t24-/m0/s1",38235,CC(=CCCN1CCC(CC1)NC(=O)[C@@](O)(C2CCCC2)c3ccccc3)C,NA
Input,BRD-K00544996,-0.21325966,InputSig,NA,NA,LINCSCP_153090,PC3,0.04uM,24h,prostate,Peroxisome proliferator-activated receptor alpha agonist|Peroxisome proliferator-activated receptor gamma agonist,PPARA|PPARG,RGLUKSSVDYQFDC-RDBSUJKOSA-N,"InChI=1S/C16H24N2O4/c19-9-14-13(18-16(21)10-4-5-10)7-6-12(22-14)8-15(20)17-11-2-1-3-11/h6-7,10-14,19H,1-5,8-9H2,(H,17,20)(H,18,21)/t12-,13+,14+/m1/s1",1105,OC[C@@H]1O[C@@H](CC(=O)NC2CCC2)C=C[C@@H]1NC(=O)C3CC3,NA
Input,Cirazoline,-0.21322946,InputSig,NA,NA,LINCSCP_14102,HA1E,10uM,24h,kidney epithelial,Adrenergic receptor agonist,ADRA1A,YAORIDZYZDUZCM-UHFFFAOYSA-N,"InChI=1S/C13H16N2O/c1-2-4-12(11(3-1)10-5-6-10)16-9-13-14-7-8-15-13/h1-4,10H,5-9H2,(H,14,15)",35849,C(Oc1ccccc1C2CC2)C3=NCCN3,NA
Input,Cilomilast,-0.21320885,InputSig,NA,NA,LINCSCP_75387,A375,3.33uM,24h,skin,NA,NA,CFBUZOUXXHZCFB-LDTOLXSISA-N,"InChI=1S/C20H25NO4/c1-24-17-7-6-15(12-18(17)25-16-4-2-3-5-16)20(13-21)10-8-14(9-11-20)19(22)23/h6-7,12,14,16H,2-5,8-11H2,1H3,(H,22,23)/t14-,20+",22316,COc1ccc(cc1OC2CCCC2)[C@@]3(CC[C@@H](CC3)C(=O)O)C#N,NA
Input,Cilomilast,-0.21320885,InputSig,NA,NA,LINCSCP_75387,A375,3.33uM,24h,skin,NA,NA,CFBUZOUXXHZCFB-UHFFFAOYSA-N,"InChI=1S/C20H25NO4/c1-24-17-7-6-15(12-18(17)25-16-4-2-3-5-16)20(13-21)10-8-14(9-11-20)19(22)23/h6-7,12,14,16H,2-5,8-11H2,1H3,(H,22,23)",26982,COc1ccc(cc1OC2CCCC2)C3(CCC(CC3)C(=O)O)C#N,NA
Input,TL Aurora 09,-0.2130742,InputSig,NA,NA,LINCSCP_38821,MCF7,0.5uM,6h,breast,NA,NA,ILKICCSVJUWBIY-ICKVEWNLSA-N,"InChI=1S/C38H33N3O7/c1-40-32(35(44)48-3)31(34(42)43)38(33(40)27-12-8-5-9-13-27)29-22-25(15-14-24-16-19-28(47-2)20-17-24)18-21-30(29)41(36(38)45)37(46)39-23-26-10-6-4-7-11-26/h4-13,16-22,31-33H,23H2,1-3H3,(H,39,46)(H,42,43)/t31-,32+,33-,38-/m1/s1",26510,COC(=O)[C@@H]1[C@H](C(=O)O)[C@]2([C@H](N1C)c3ccccc3)C(=O)N(C(=O)NCc4ccccc4)c5ccc(cc25)C#Cc6ccc(OC)cc6,NA
Input,CHEMBL3188110,-0.21303003,InputSig,NA,NA,LINCSCP_292436,VCAP,10uM,24h,prostate,NA,NA,OYUKTDHJKYJEGC-UHFFFAOYSA-N,"InChI=1S/C19H26ClN3O4/c1-4-27-16(24)13-9-11-23(12-10-13)17(25)19(2,3)22-18(26)21-15-8-6-5-7-14(15)20/h5-8,13H,4,9-12H2,1-3H3,(H2,21,22,26)",36096,CCOC(=O)C1CCN(CC1)C(=O)C(C)(C)NC(=O)Nc2ccccc2Cl,NA
Input,BRD-K26968982,-0.21299459,InputSig,NA,NA,LINCSCP_48946,PC3,10uM,24h,prostate,NA,NA,ZUCJYVPDHBVELS-GMNHBYEWSA-N,"InChI=1S/C36H45F3N4O7S/c1-24-21-43(25(2)23-44)34(45)31-20-29(41-35(46)40-28-15-13-27(14-16-28)36(37,38)39)17-18-32(31)50-26(3)10-8-9-19-49-33(24)22-42(4)51(47,48)30-11-6-5-7-12-30/h5-7,11-18,20,24-26,33,44H,8-10,19,21-23H2,1-4H3,(H2,40,41,46)/t24-,25-,26+,33+/m0/s1",12273,C[C@@H](CO)N1C[C@H](C)[C@@H](CN(C)S(=O)(=O)c2ccccc2)OCCCC[C@@H](C)Oc3ccc(NC(=O)Nc4ccc(cc4)C(F)(F)F)cc3C1=O,NA
Input,Anpirtoline,-0.21280461,InputSig,NA,NA,LINCSCP_15077,HA1E,10uM,24h,kidney epithelial,Serotonin receptor agonist,HTR1B,GGALEXMXDMUMDM-UHFFFAOYSA-N,"InChI=1S/C10H13ClN2S/c11-9-2-1-3-10(13-9)14-8-4-6-12-7-5-8/h1-3,8,12H,4-7H2",22916,Clc1cccc(SC2CCNCC2)n1,NA
Input,Estriol,-0.21278501,InputSig,NA,NA,LINCSCP_28593,HT29,1.11uM,24h,large intestine,Estrogen receptor agonist,ESR1|ESR2,PROQIPRRNZUXQM-ZXXIGWHRSA-N,"InChI=1S/C18H24O3/c1-18-7-6-13-12-5-3-11(19)8-10(12)2-4-14(13)15(18)9-16(20)17(18)21/h3,5,8,13-17,19-21H,2,4,6-7,9H2,1H3/t13-,14-,15+,16-,17+,18+/m1/s1",35573,C[C@]12CC[C@H]3[C@@H](CCc4cc(O)ccc34)[C@@H]1C[C@@H](O)[C@@H]2O,4
Input,Enoxacin,-0.21271483,InputSig,NA,NA,LINCSCP_97821,HA1E,0.04uM,24h,kidney epithelial,Topoisomerase inhibitor,NA,IDYZIJYBMGIQMJ-UHFFFAOYSA-N,"InChI=1S/C15H17FN4O3/c1-2-19-8-10(15(22)23)12(21)9-7-11(16)14(18-13(9)19)20-5-3-17-4-6-20/h7-8,17H,2-6H2,1H3,(H,22,23)",16388,CCN1C=C(C(=O)O)C(=O)c2cc(F)c(nc12)N3CCNCC3,4
Input,L 655240,-0.21265856,InputSig,NA,NA,LINCSCP_120784,HT29,0.04uM,24h,large intestine,Thromboxane receptor antagonist,NA,JLPYLHLUHJOPNL-UHFFFAOYSA-N,"InChI=1S/C21H21ClFNO2/c1-13-17-10-16(23)8-9-18(17)24(12-14-4-6-15(22)7-5-14)19(13)11-21(2,3)20(25)26/h4-10H,11-12H2,1-3H3,(H,25,26)",16025,Cc1c(CC(C)(C)C(=O)O)n(Cc2ccc(Cl)cc2)c3ccc(F)cc13,NA
Input,apigenin,-0.21263956,InputSig,NA,NA,LINCSCP_163044,SKBR3,10uM,24h,breast,Casein kinase inhibitor|Cell proliferation inhibitor|Cytochrome P450 inhibitor,NA,NA,NA,NA,NA,NA
Input,BRD-K32581454-001-01-5,-0.21257333,InputSig,NA,NA,LINCSCP_50444,PHH,3uM,6h,NA,NA,NA,HJQSQTAMFLANGO-ZHKQUFGTSA-N,"InChI=1S/C33H38N2O5/c36-27-21-35(19-24-10-12-29(13-11-24)39-28-8-2-1-3-9-28)31-15-14-30(40-32(31)23-38-22-27)18-33(37)34-17-16-25-6-4-5-7-26(25)20-34/h1-13,27,30-32,36H,14-23H2/t27-,30-,31+,32-/m1/s1",1814,O[C@H]1COC[C@H]2O[C@@H](CC(=O)N3CCc4ccccc4C3)CC[C@@H]2N(Cc5ccc(Oc6ccccc6)cc5)C1,NA
Input,UNC1215,-0.21251608,InputSig,NA,NA,LINCSCP_83437,ASC.C,3.33uM,24h,NA,NA,NA,PQOOIERVZAXHBP-UHFFFAOYSA-N,"InChI=1S/C32H43N5O2/c38-31(36-20-12-27(13-21-36)34-16-4-5-17-34)25-10-11-29(30(24-25)33-26-8-2-1-3-9-26)32(39)37-22-14-28(15-23-37)35-18-6-7-19-35/h1-3,8-11,24,27-28,33H,4-7,12-23H2",34336,O=C(N1CCC(CC1)N2CCCC2)c3ccc(C(=O)N4CCC(CC4)N5CCCC5)c(Nc6ccccc6)c3,NA
Input,Thiabendazole,-0.21250387,InputSig,NA,NA,LINCSCP_142991,MCF7,10uM,24h,breast,Angiogenesis inhibitor,NA,WJCNZQLZVWNLKY-UHFFFAOYSA-N,"InChI=1S/C10H7N3S/c1-2-4-8-7(3-1)12-10(13-8)9-5-14-6-11-9/h1-6H,(H,12,13)",27713,c1ccc2[nH]c(nc2c1)c3cscn3,4
Input,"8-Bromo-camp, na",-0.21242274,InputSig,NA,NA,LINCSCP_52806,SKB,10uM,24h,NA,NA,NA,DVKQVRZMKBDMDH-UHFFFAOYSA-N,"InChI=1S/C10H11BrN5O6P/c11-10-15-4-7(12)13-2-14-8(4)16(10)9-5(17)6-3(21-9)1-20-23(18,19)22-6/h2-3,5-6,9,17H,1H2,(H,18,19)(H2,12,13,14)",17590,Nc1ncnc2c1nc(Br)n2C3OC4COP(=O)(O)OC4C3O,NA
Input,MLS000863584,-0.21236199,InputSig,NA,NA,LINCSCP_221474,HEPG2,3uM,24h,liver,NA,NA,MRPDHXXPDCVBPQ-AATRIKPKSA-N,"InChI=1S/C19H34O8/c1-10-7-12(21)8-18(3,4)19(10,25)6-5-11(2)26-17-16(24)15(23)14(22)13(9-20)27-17/h5-6,10-17,20-25H,7-9H2,1-4H3/b6-5+",17783,CC(OC1OC(CO)C(O)C(O)C1O)\C=C\C2(O)C(C)CC(O)CC2(C)C,NA
Input,AC1MSUFC,-0.21230935,InputSig,NA,NA,LINCSCP_54106,SW620,40uM,6h,large intestine,HMGCR inhibitor,HMGCR,QLJODMDSTUBWDW-UHFFFAOYSA-N,"InChI=1S/C24H38O6/c1-5-15(3)24(29)30-21-11-14(2)10-17-7-6-16(4)20(23(17)21)9-8-18(25)12-19(26)13-22(27)28/h6-7,10,14-16,18-21,23,25-26H,5,8-9,11-13H2,1-4H3,(H,27,28)",36673,CCC(C)C(=O)OC1CC(C)C=C2C=CC(C)C(CCC(O)CC(O)CC(=O)O)C12,NA
Input,TAE-684,-0.2123017,InputSig,NA,NA,LINCSCP_131364,MCF10A,0.12uM,24h,breast epithelial,ALK tyrosine kinase receptor inhibitor,ALK,QQWUGDVOUVUTOY-UHFFFAOYSA-N,"InChI=1S/C30H40ClN7O3S/c1-21(2)42(39,40)28-8-6-5-7-26(28)33-29-24(31)20-32-30(35-29)34-25-10-9-23(19-27(25)41-4)37-13-11-22(12-14-37)38-17-15-36(3)16-18-38/h5-10,19-22H,11-18H2,1-4H3,(H2,32,33,34,35)",16647,COc1cc(ccc1Nc2ncc(Cl)c(Nc3ccccc3S(=O)(=O)C(C)C)n2)N4CCC(CC4)N5CCN(C)CC5,NA
Input,BRD-K95722922,-0.21228257,InputSig,NA,NA,LINCSCP_61180,VCAP,5uM,6h,prostate,NA,NA,RIFMDYVXBSMSIP-IXFSTUDKSA-N,"InChI=1S/C25H33N3O4/c1-17-14-26-18(2)16-32-22-11-10-20(27-24(29)12-19-8-6-5-7-9-19)13-21(22)25(30)28(3)15-23(17)31-4/h5-11,13,17-18,23,26H,12,14-16H2,1-4H3,(H,27,29)/t17-,18+,23-/m0/s1",25355,CO[C@H]1CN(C)C(=O)c2cc(NC(=O)Cc3ccccc3)ccc2OC[C@@H](C)NC[C@@H]1C,NA
Input,KX2-391,-0.2122513,InputSig,NA,NA,LINCSCP_104127,HELA,0.12uM,24h,large intestine,Tyrosine-protein kinase SRC inhibitor,SRC,HUNGUWOZPQBXGX-UHFFFAOYSA-N,"InChI=1S/C26H29N3O3/c30-26(28-19-21-4-2-1-3-5-21)18-24-9-6-23(20-27-24)22-7-10-25(11-8-22)32-17-14-29-12-15-31-16-13-29/h1-11,20H,12-19H2,(H,28,30)",27090,O=C(Cc1ccc(cn1)c2ccc(OCCN3CCOCC3)cc2)NCc4ccccc4,2
Input,GDC-0152,-0.21224872,InputSig,NA,NA,LINCSCP_78774,A375,0.37uM,24h,skin,NA,NA,WZRFLSDVFPIXOV-LRQRDZAKSA-N,"InChI=1S/C25H34N6O3S/c1-16(26-2)22(32)27-21(18-12-7-4-8-13-18)25(34)31-15-9-14-19(31)23(33)28-24-20(29-30-35-24)17-10-5-3-6-11-17/h3,5-6,10-11,16,18-19,21,26H,4,7-9,12-15H2,1-2H3,(H,27,32)(H,28,33)/t16-,19-,21-/m0/s1",26625,CN[C@@H](C)C(=O)N[C@@H](C1CCCCC1)C(=O)N2CCC[C@H]2C(=O)Nc3snnc3c4ccccc4,NA
Input,BUDIPINE,-0.21206473,InputSig,NA,NA,LINCSCP_153411,PC3,0.37uM,24h,prostate,NA,NA,QIHLUZAFSSMXHQ-UHFFFAOYSA-N,"InChI=1S/C21H27N/c1-20(2,3)22-16-14-21(15-17-22,18-10-6-4-7-11-18)19-12-8-5-9-13-19/h4-13H,14-17H2,1-3H3",27017,CC(C)(C)N1CCC(CC1)(c2ccccc2)c3ccccc3,NA
Input,L-690330,-0.21205097,InputSig,NA,NA,LINCSCP_289042,U937,10uM,6h,haematopoietic and lymphoid tissue,Inositol monophosphatase inhibitor,IMPA1,JKOCAAWWDVHWKB-UHFFFAOYSA-N,"InChI=1S/C8H12O8P2/c1-8(17(10,11)12,18(13,14)15)16-7-4-2-6(9)3-5-7/h2-5,9H,1H3,(H2,10,11,12)(H2,13,14,15)",25104,CC(Oc1ccc(O)cc1)(P(=O)(O)O)P(=O)(O)O,NA
Input,Probucol,-0.21195849,InputSig,NA,NA,LINCSCP_174485,YAPC,10uM,24h,pancreas,Atherogenesis inhibitor,ABCA1,FYPMFJGVHOHGLL-UHFFFAOYSA-N,"InChI=1S/C31H48O2S2/c1-27(2,3)21-15-19(16-22(25(21)32)28(4,5)6)34-31(13,14)35-20-17-23(29(7,8)9)26(33)24(18-20)30(10,11)12/h15-18,32-33H,1-14H3",38530,CC(C)(C)c1cc(SC(C)(C)Sc2cc(c(O)c(c2)C(C)(C)C)C(C)(C)C)cc(c1O)C(C)(C)C,4
Input,CHEMBL318111,-0.21195773,InputSig,NA,NA,LINCSCP_192686,A549,10uM,24h,lung,NA,NA,XEXUKNQDDPKEIF-OAHLLOKOSA-N,"InChI=1S/C19H19NO2/c1-2-9-20-10-8-12-4-3-5-14-17(12)15(20)11-13-6-7-16(21)19(22)18(13)14/h2-7,15,21-22H,1,8-11H2/t15-/m1/s1",15390,Oc1ccc2C[C@H]3N(CC=C)CCc4cccc(c34)c2c1O,NA
Input,10-DEBC,-0.21194925,InputSig,NA,NA,LINCSCP_25809,HT29,20uM,6h,large intestine,AKT inhibitor,PIM1,GYBXAGDWMCJZJK-UHFFFAOYSA-N,"InChI=1S/C20H25ClN2O/c1-3-22(4-2)13-7-8-14-23-17-9-5-6-10-19(17)24-20-12-11-16(21)15-18(20)23/h5-6,9-12,15H,3-4,7-8,13-14H2,1-2H3",16184,CCN(CC)CCCCN1c2ccccc2Oc3ccc(Cl)cc13,NA
Input,1-(4-Bromophenyl)-3-morpholin-4-yl-2-phenylpropan-1-one,-0.21190977,InputSig,NA,NA,LINCSCP_58794,VCAP,10uM,24h,prostate,NA,NA,GBENPFHLRCFAOS-UHFFFAOYSA-N,"InChI=1S/C19H20BrNO2/c20-17-8-6-16(7-9-17)19(22)18(15-4-2-1-3-5-15)14-21-10-12-23-13-11-21/h1-9,18H,10-14H2",750,Brc1ccc(cc1)C(=O)C(CN2CCOCC2)c3ccccc3,NA
Input,Tolvaptan,-0.2118089,InputSig,NA,NA,LINCSCP_97186,HA1E,0.04uM,24h,kidney epithelial,Vasopressin V2 receptor antagonist,AVPR2,GYHCTFXIZSNGJT-UHFFFAOYSA-N,"InChI=1S/C26H25ClN2O3/c1-16-6-3-4-7-20(16)25(31)28-19-10-11-21(17(2)14-19)26(32)29-13-5-8-24(30)22-15-18(27)9-12-23(22)29/h3-4,6-7,9-12,14-15,24,30H,5,8,13H2,1-2H3,(H,28,31)",27037,Cc1ccccc1C(=O)Nc2ccc(C(=O)N3CCCC(O)c4cc(Cl)ccc34)c(C)c2,4
Input,Diphenidol,-0.21171226,InputSig,NA,NA,LINCSCP_156819,PC3,0.37uM,24h,prostate,Acetylcholine receptor agonist,CHRM1|CHRM3|CHRM4,OGAKLTJNUQRZJU-UHFFFAOYSA-N,"InChI=1S/C21H27NO/c23-21(19-11-4-1-5-12-19,20-13-6-2-7-14-20)15-10-18-22-16-8-3-9-17-22/h1-2,4-7,11-14,23H,3,8-10,15-18H2",35468,OC(CCCN1CCCCC1)(c2ccccc2)c3ccccc3,4
Input,iloprost,-0.21170989,InputSig,NA,NA,LINCSCP_205476,CD34,10uM,24h,bone marrow,Prostanoid IP receptor agonist,PTGER1|PTGER2|PTGIR,NA,NA,NA,NA,NA
Input,CHEMBL3186940,-0.21170214,InputSig,NA,NA,LINCSCP_65830,VCAP,10uM,6h,prostate,NA,NA,GMYAYTAKTSTYEI-LLTQPOKBSA-N,"InChI=1S/C31H43F3N4O5/c1-20-17-38(21(2)19-39)29(40)26-16-25(36-30(41)35-24-11-9-23(10-12-24)31(32,33)34)13-14-27(26)43-22(3)8-6-7-15-42-28(20)18-37(4)5/h9-14,16,20-22,28,39H,6-8,15,17-19H2,1-5H3,(H2,35,36,41)/t20-,21+,22-,28+/m1/s1",17595,C[C@@H](CO)N1C[C@@H](C)[C@H](CN(C)C)OCCCC[C@@H](C)Oc2ccc(NC(=O)Nc3ccc(cc3)C(F)(F)F)cc2C1=O,NA
Input,BRD-K06718821,-0.21163056,InputSig,NA,NA,LINCSCP_3304,A375,5uM,24h,skin,NA,NA,RNMVFZAVZZIVNY-IMZODUIDSA-N,"InChI=1S/C25H33N3O3S/c1-7-9-17-10-8-11-18(14-17)23-22-19(15-20(26-23)24(30)27(5)6)16-28(21(22)12-13-29)32(31)25(2,3)4/h7-11,14-15,21,29H,12-13,16H2,1-6H3/b9-7+/t21-,32-/m0/s1",25810,C\C=C\c1cccc(c1)c2nc(cc3CN([C@@H](CCO)c23)[S@@](=O)C(C)(C)C)C(=O)N(C)C,NA
Input,Broad-Sai-296,-0.21155831,InputSig,NA,NA,LINCSCP_250240,MCF7,5uM,24h,breast,NA,NA,HRMBUIZWNJTBSE-UHFFFAOYSA-N,"InChI=1S/C16H17N3O2/c1-10-3-8-15(14(17)9-10)19-16(21)12-4-6-13(7-5-12)18-11(2)20/h3-9H,17H2,1-2H3,(H,18,20)(H,19,21)",26520,CC(=O)Nc1ccc(cc1)C(=O)Nc2ccc(C)cc2N,NA
Input,Taselisib,-0.21147282,InputSig,NA,NA,LINCSCP_107592,HELA,10uM,24h,large intestine,PI3-kinase class I inhibitor,PIK3CA|PIK3CB|PIK3CD|PIK3CG|PIK3R1|PIK3R2|PIK3R3|PIK3R5,BEUQXVWXFDOSAQ-UHFFFAOYSA-N,"InChI=1S/C24H28N8O2/c1-14(2)32-22(27-15(3)29-32)19-13-30-8-9-34-20-10-16(6-7-18(20)21(30)28-19)17-11-26-31(12-17)24(4,5)23(25)33/h6-7,10-14H,8-9H2,1-5H3,(H2,25,33)",14181,CC(C)n1nc(C)nc1c2cn3CCOc4cc(ccc4c3n2)c5cnn(c5)C(C)(C)C(=O)N,3
Input,RO4987655,-0.21142567,InputSig,NA,NA,LINCSCP_95226,HA1E,0.12uM,24h,kidney epithelial,Dual specificity mitogen-activated protein kinase kinase 1 inhibitor|Dual specificity mitogen-activated protein kinase kinase 2 inhibitor,MAP2K1|MAP2K2,FIMYFEGKMOCQKT-UHFFFAOYSA-N,"InChI=1S/C20H19F3IN3O5/c21-14-9-12(24)3-4-15(14)25-19-13(20(30)26-31-7-5-28)8-11(17(22)18(19)23)10-27-16(29)2-1-6-32-27/h3-4,8-9,25,28H,1-2,5-7,10H2,(H,26,30)",26689,OCCONC(=O)c1cc(CN2OCCCC2=O)c(F)c(F)c1Nc3ccc(I)cc3F,1
Input,brivanib,-0.2112975,InputSig,NA,NA,LINCSCP_103129,HELA,10uM,24h,large intestine,NA,NA,NA,NA,NA,NA,NA
Input,Candesartan,-0.21128773,InputSig,NA,NA,LINCSCP_108506,HELA,0.37uM,24h,large intestine,Angiotensin receptor antagonist,AGTR1,GHOSNRCGJFBJIB-UHFFFAOYSA-N,"InChI=1S/C33H34N6O6/c1-3-42-32-34-28-15-9-14-27(31(40)43-21(2)44-33(41)45-24-10-5-4-6-11-24)29(28)39(32)20-22-16-18-23(19-17-22)25-12-7-8-13-26(25)30-35-37-38-36-30/h7-9,12-19,21,24H,3-6,10-11,20H2,1-2H3,(H,35,36,37,38)",15291,CCOc1nc2cccc(C(=O)OC(C)OC(=O)OC3CCCCC3)c2n1Cc4ccc(cc4)c5ccccc5c6nnn[nH]6,4
Input,Candesartan,-0.21128773,InputSig,NA,NA,LINCSCP_108506,HELA,0.37uM,24h,large intestine,Angiotensin receptor antagonist,AGTR1,HTQMVQVXFRQIKW-UHFFFAOYSA-N,"InChI=1S/C24H20N6O3/c1-2-33-24-25-20-9-5-8-19(23(31)32)21(20)30(24)14-15-10-12-16(13-11-15)17-6-3-4-7-18(17)22-26-28-29-27-22/h3-13H,2,14H2,1H3,(H,31,32)(H,26,27,28,29)",36575,CCOc1nc2cccc(C(=O)O)c2n1Cc3ccc(cc3)c4ccccc4c5nnn[nH]5,3
Input,Ipatasertib,-0.21126962,InputSig,NA,NA,LINCSCP_83055,ASC.C,0.12uM,24h,NA,Serine/threonine-protein kinase AKT inhibitor,AKT1|AKT2|AKT3,GRZXWCHAXNAUHY-NSISKUIASA-N,"InChI=1S/C24H32ClN5O2/c1-15(2)26-13-19(17-4-6-18(25)7-5-17)24(32)30-10-8-29(9-11-30)23-21-16(3)12-20(31)22(21)27-14-28-23/h4-7,14-16,19-20,26,31H,8-13H2,1-3H3/t16-,19-,20-/m1/s1",36711,CC(C)NC[C@@H](C(=O)N1CCN(CC1)c2ncnc3[C@H](O)C[C@@H](C)c23)c4ccc(Cl)cc4,2
Input,Melperone,-0.21113502,InputSig,NA,NA,LINCSCP_144265,MCF7,1.11uM,24h,breast,Dopamine receptor antagonist|Serotonin receptor antagonist,DRD2|HTR2A,DKMFBWQBDIGMHM-UHFFFAOYSA-N,"InChI=1S/C16H22FNO/c1-13-8-11-18(12-9-13)10-2-3-16(19)14-4-6-15(17)7-5-14/h4-7,13H,2-3,8-12H2,1H3",36154,CC1CCN(CCCC(=O)c2ccc(F)cc2)CC1,3
Input,NU-7026,-0.21109696,InputSig,NA,NA,LINCSCP_82403,A549,3.33uM,24h,lung,DNA dependent protein kinase inhibitor|MTOR inhibitor|PI3K inhibitor,PRKDC,KKTZALUTXUZPSN-UHFFFAOYSA-N,"InChI=1S/C17H15NO3/c19-15-11-16(18-7-9-20-10-8-18)21-17-13-4-2-1-3-12(13)5-6-14(15)17/h1-6,11H,7-10H2",32922,O=C1C=C(Oc2c1ccc3ccccc23)N4CCOCC4,NA
Input,Ubenimex,-0.21105559,InputSig,NA,NA,LINCSCP_171144,YAPC,1.11uM,24h,pancreas,Leukotriene inhibitor,LTA4H|RNPEP,VGGGPCQERPFHOB-RDBSUJKOSA-N,"InChI=1S/C16H24N2O4/c1-10(2)8-13(16(21)22)18-15(20)14(19)12(17)9-11-6-4-3-5-7-11/h3-7,10,12-14,19H,8-9,17H2,1-2H3,(H,18,20)(H,21,22)/t12-,13+,14+/m1/s1",15774,CC(C)C[C@H](NC(=O)[C@@H](O)[C@H](N)Cc1ccccc1)C(=O)O,2
Input,AC1O44XP,-0.21096304,InputSig,NA,NA,LINCSCP_310232,VCAP,5uM,48h,prostate,PPAR receptor agonist,PPARG,VHRUMKCAEVRUBK-XSDKJXIISA-N,"InChI=1S/C20H28O3/c1-2-3-4-5-6-10-13-18-17(15-16-19(18)21)12-9-7-8-11-14-20(22)23/h6-7,9-10,13,15-17H,2-5,8,11-12,14H2,1H3,(H,22,23)/b9-7+,10-6+,18-13+",3193,CCCCC\C=C\C=C\1/C(C\C=C\CCCC(=O)O)C=CC1=O,NA
Input,Lorglumide,-0.21088799,InputSig,NA,NA,LINCSCP_104121,HELA,0.12uM,24h,large intestine,CCK receptor antagonist,CCKAR|CCKBR,IEKOTSCYBBDIJC-UHFFFAOYSA-N,"InChI=1S/C22H32Cl2N2O4/c1-3-5-7-13-26(14-8-6-4-2)22(30)19(11-12-20(27)28)25-21(29)16-9-10-17(23)18(24)15-16/h9-10,15,19H,3-8,11-14H2,1-2H3,(H,25,29)(H,27,28)",36241,CCCCCN(CCCCC)C(=O)C(CCC(=O)O)NC(=O)c1ccc(Cl)c(Cl)c1,NA
Input,BRD-A81936046,-0.21085658,InputSig,NA,NA,LINCSCP_286970,SNUC4,10uM,6h,large intestine,NA,NA,BCGHHRAUZWOTNH-ZIWBQIBKSA-N,"InChI=1S/C17H17ClN5O6PS/c1-26-13-12-10(6-27-30(24,25)29-12)28-16(13)23-15-11(14(19)20-7-21-15)22-17(23)31-9-4-2-8(18)3-5-9/h2-5,7,10,12-13,16H,6H2,1H3,(H,24,25)(H2,19,20,21)/t10-,12?,13+,16-/m1/s1",183,CO[C@H]1C2OP(=O)(O)OC[C@H]2O[C@H]1n3c(Sc4ccc(Cl)cc4)nc5c(N)ncnc35,NA
Input,ZINC6718453,-0.21076322,InputSig,NA,NA,LINCSCP_83902,ASC.C,10uM,24h,NA,NA,NA,DYVFBWXIOCLHPP-UHFFFAOYSA-N,"InChI=1S/C21H24N4O2/c22-11-16-15(14-6-8-24-9-7-14)10-17(25-21(16)23)20-18(26)2-1-3-19(20)27-12-13-4-5-13/h1-3,10,13-14,24,26H,4-9,12H2,(H2,23,25)",19904,Nc1nc(cc(C2CCNCC2)c1C#N)c3c(O)cccc3OCC4CC4,NA
Input,Cabazitaxel,-0.21069561,InputSig,NA,NA,LINCSCP_138309,MCF7,0.37uM,24h,breast,NA,NA,BMQGVNUXMIRLCK-VCPXPHFHSA-N,"InChI=1S/C45H57NO14/c1-24-28(57-39(51)33(48)32(26-17-13-11-14-18-26)46-40(52)60-41(3,4)5)22-45(53)37(58-38(50)27-19-15-12-16-20-27)35-43(8,36(49)34(55-10)31(24)42(45,6)7)29(54-9)21-30-44(35,23-56-30)59-25(2)47/h11-20,28-30,32-35,37,48,53H,21-23H2,1-10H3,(H,46,52)/t28-,29+,30+,32-,33+,34+,35-,37+,43+,44-,45-/m0/s1",27200,CO[C@@H]1C[C@H]2OC[C@@]2(OC(=O)C)[C@H]3[C@@H](OC(=O)c4ccccc4)[C@@]5(O)C[C@H](OC(=O)[C@H](O)[C@@H](NC(=O)OC(C)(C)C)c6ccccc6)C(=C([C@@H](OC)C(=O)[C@]13C)C5(C)C)C,NA
Input,MLS003672589,-0.21052855,InputSig,NA,NA,LINCSCP_287897,T3M10,10uM,6h,lung,NA,NA,KFOOHRHDHDMWHL-UHFFFAOYSA-N,"InChI=1S/C16H13ClN2O3S/c1-10-9-23-16(18-10)19-15(20)14-6-5-13(22-14)8-21-12-4-2-3-11(17)7-12/h2-7,9H,8H2,1H3,(H,18,19,20)",31622,Cc1csc(NC(=O)c2oc(COc3cccc(Cl)c3)cc2)n1,NA
Input,Nobiletin,-0.21049438,InputSig,NA,NA,LINCSCP_18381,HCC515,10uM,6h,lung,MEK inhibitor,MAP2K1,MRIAQLRQZPPODS-UHFFFAOYSA-N,"InChI=1S/C21H22O8/c1-23-13-8-7-11(9-15(13)24-2)14-10-12(22)16-17(25-3)19(26-4)21(28-6)20(27-5)18(16)29-14/h7-10H,1-6H3",2507,COc1ccc(cc1OC)C2=CC(=O)c3c(OC)c(OC)c(OC)c(OC)c3O2,NA
Input,BML-266,-0.21033649,InputSig,NA,NA,LINCSCP_13264,FIBRNPC,10uM,24h,NA,SIRT inhibitor,NA,UUJHFIBEJJLZBF-UHFFFAOYSA-N,"InChI=1S/C30H26N2O4/c33-21-9-5-19(6-10-21)15-17-31-25-13-14-26(32-18-16-20-7-11-22(34)12-8-20)28-27(25)29(35)23-3-1-2-4-24(23)30(28)36/h1-14,31-34H,15-18H2",39962,Oc1ccc(CCNc2ccc(NCCc3ccc(O)cc3)c4C(=O)c5ccccc5C(=O)c24)cc1,NA
Input,Saquinavir,-0.21031364,InputSig,NA,NA,LINCSCP_13871,HA1E,10uM,6h,kidney epithelial,Human immunodeficiency virus type 1 protease inhibitor,NA,QWAXKHKRTORLEM-UGJKXSETSA-N,"InChI=1S/C38H50N6O5/c1-38(2,3)43-37(49)32-20-26-14-7-8-15-27(26)22-44(32)23-33(45)30(19-24-11-5-4-6-12-24)41-36(48)31(21-34(39)46)42-35(47)29-18-17-25-13-9-10-16-28(25)40-29/h4-6,9-13,16-18,26-27,30-33,45H,7-8,14-15,19-23H2,1-3H3,(H2,39,46)(H,41,48)(H,42,47)(H,43,49)/t26-,27+,30-,31-,32-,33+/m0/s1",35514,CC(C)(C)NC(=O)[C@@H]1C[C@@H]2CCCC[C@@H]2CN1C[C@@H](O)[C@H](Cc3ccccc3)NC(=O)[C@H](CC(=O)N)NC(=O)c4ccc5ccccc5n4,4
Input,CHEMBL1332325,-0.21025865999999999,InputSig,NA,NA,LINCSCP_4951,A549,10uM,24h,lung,NA,NA,MRHAVVLJBCSEMH-UHFFFAOYSA-N,"InChI=1S/C16H15BrN2O2/c1-2-15(20)18-11-6-5-7-12(10-11)19-16(21)13-8-3-4-9-14(13)17/h3-10H,2H2,1H3,(H,18,20)(H,19,21)",15612,CCC(=O)Nc1cccc(NC(=O)c2ccccc2Br)c1,NA
Input,MLS-0315871.0001,-0.21018649,InputSig,NA,NA,LINCSCP_32087,MCF7,10uM,24h,breast,NA,NA,JOMQEKIENWKNHV-UHFFFAOYSA-N,"InChI=1S/C21H17N3O2/c25-20-21(23-22-17-11-5-7-13-19(17)26-21)16-10-4-6-12-18(16)24(20)14-15-8-2-1-3-9-15/h1-13,22-23H,14H2",15577,O=C1N(Cc2ccccc2)c3ccccc3C14NNc5ccccc5O4,NA
Input,SCH-28080,-0.21017158,InputSig,NA,NA,LINCSCP_157759,PC3,0.37uM,24h,prostate,ATPase inhibitor,ATP4A,PYKJFEPAUKAXNN-UHFFFAOYSA-N,"InChI=1S/C17H15N3O/c1-13-15(9-10-18)20-11-5-8-16(17(20)19-13)21-12-14-6-3-2-4-7-14/h2-8,11H,9,12H2,1H3",35863,Cc1nc2c(OCc3ccccc3)cccn2c1CC#N,NA
Input,MLS001176107,-0.21013885,InputSig,NA,NA,LINCSCP_6308,A549,10uM,24h,lung,NA,NA,FPMBWSWPBUTVSU-UHFFFAOYSA-N,"InChI=1S/C17H16ClNO2/c1-11-7-6-8-12(2)15(11)19-17(21)14(18)16(20)13-9-4-3-5-10-13/h3-10,14H,1-2H3,(H,19,21)",18261,Cc1cccc(C)c1NC(=O)C(Cl)C(=O)c2ccccc2,NA
Input,SCHEMBL17052537,-0.21007654,InputSig,NA,NA,LINCSCP_130199,LNCAP,0.04uM,3h,prostate,MTOR inhibitor,BTK|JAK3|MKNK2|MTOR|PRKDC,JMVDIGHUQAXWIE-UHFFFAOYSA-N,"InChI=1S/C25H19N5O2/c1-3-23(31)29-22-11-19(7-4-15(22)2)30-24(32)9-6-17-12-26-21-8-5-16(10-20(21)25(17)30)18-13-27-28-14-18/h3-14H,1H2,2H3,(H,27,28)(H,29,31)",1620,Cc1ccc(cc1NC(=O)C=C)N2C(=O)C=Cc3cnc4ccc(cc4c23)c5cn[nH]c5,NA
Input,BRD-K53359044,-0.21006644,InputSig,NA,NA,LINCSCP_310162,VCAP,30uM,6h,prostate,NA,NA,DHTRKFATNYGVIW-PUMORYBASA-N,"InChI=1S/C33H48FN5O6/c1-21(2)35-33(43)38(6)19-30-22(3)18-39(23(4)20-40)31(41)28-17-27(37-32(42)36-26-12-10-25(34)11-13-26)14-15-29(28)45-24(5)9-7-8-16-44-30/h10-15,17,21-24,30,40H,7-9,16,18-20H2,1-6H3,(H,35,43)(H2,36,37,42)/t22-,23+,24-,30-/m0/s1",33053,CC(C)NC(=O)N(C)C[C@@H]1OCCCC[C@H](C)Oc2ccc(NC(=O)Nc3ccc(F)cc3)cc2C(=O)N(C[C@@H]1C)[C@H](C)CO,NA
Input,MLS002473426,-0.21006248,InputSig,NA,NA,LINCSCP_238412,MCF7,10uM,24h,breast,NA,NA,LDFPXLXFQZBETF-UHFFFAOYSA-N,"InChI=1S/C21H22N2O3S/c1-23-18-10-4-3-9-17(18)19(14-21(23)25)26-12-6-11-20(24)22-15-7-5-8-16(13-15)27-2/h3-5,7-10,13-14H,6,11-12H2,1-2H3,(H,22,24)",35999,CSc1cccc(NC(=O)CCCOC2=CC(=O)N(C)c3ccccc23)c1,NA
Input,SA-440832,-0.21003069,InputSig,NA,NA,LINCSCP_253744,MCF7,3uM,6h,breast,NA,NA,SDJYLABYIVPCPJ-GOHWNWGWSA-N,"InChI=1S/C28H38N4O4/c1-19-15-32(20(2)18-33)27(34)14-22-13-24(30-28(35)29-23-7-5-4-6-8-23)11-12-25(22)36-26(19)17-31(3)16-21-9-10-21/h4-8,11-13,19-21,26,33H,9-10,14-18H2,1-3H3,(H2,29,30,35)/t19-,20+,26+/m1/s1",13036,C[C@@H](CO)N1C[C@@H](C)[C@H](CN(C)CC2CC2)Oc3ccc(NC(=O)Nc4ccccc4)cc3CC1=O,NA
Input,KUC103424N,-0.21001313,InputSig,NA,NA,LINCSCP_238280,MCF7,10uM,24h,breast,NA,NA,SEFPMDWDYXOHAS-UHFFFAOYSA-N,"InChI=1S/C22H21N3O2S/c1-16-6-5-9-18(14-16)22-15-21(17-7-3-2-4-8-17)24-25(22)19-10-12-20(13-11-19)28(23,26)27/h2-14,22H,15H2,1H3,(H2,23,26,27)",35440,Cc1cccc(c1)C2CC(=NN2c3ccc(cc3)S(=O)(=O)N)c4ccccc4,NA
Input,Bexarotene,-0.20998112,InputSig,NA,NA,LINCSCP_144222,MCF7,3.33uM,24h,breast,Retinoid X receptor agonist,RXRA|RXRB|RXRG,NAVMQTYZDKMPEU-UHFFFAOYSA-N,"InChI=1S/C24H28O2/c1-15-13-20-21(24(5,6)12-11-23(20,3)4)14-19(15)16(2)17-7-9-18(10-8-17)22(25)26/h7-10,13-14H,2,11-12H2,1,3-6H3,(H,25,26)",26578,Cc1cc2c(cc1C(=C)c3ccc(cc3)C(=O)O)C(C)(C)CCC2(C)C,4
Input,2'-Deoxycytidine (hydrochloride),-0.20985755,InputSig,NA,NA,LINCSCP_143265,MCF7,0.12uM,24h,breast,NA,NA,CKTSBUTUHBMZGZ-SHYZEUOFSA-N,"InChI=1S/C9H13N3O4/c10-7-1-2-12(9(15)11-7)8-3-5(14)6(4-13)16-8/h1-2,5-6,8,13-14H,3-4H2,(H2,10,11,15)/t5-,6+,8+/m0/s1",26994,NC1=NC(=O)N(C=C1)[C@H]2C[C@H](O)[C@@H](CO)O2,NA
Input,BRD-K17427497,-0.20985302,InputSig,NA,NA,LINCSCP_63979,VCAP,5uM,24h,prostate,NA,NA,KHFULICTXBCFCV-ULDOEVFSSA-N,"InChI=1S/C28H32FN3O3/c29-23-8-4-3-7-19(23)14-32-25-21(22(16-33)26(32)27(34)30-13-17-9-10-17)15-31-24(25)12-11-20(28(31)35)18-5-1-2-6-18/h3-5,7-8,11-12,17,21-22,25-26,33H,1-2,6,9-10,13-16H2,(H,30,34)/t21-,22-,25+,26-/m1/s1",2105,OC[C@@H]1[C@H]2CN3C(=CC=C(C4=CCCC4)C3=O)[C@H]2N(Cc5ccccc5F)[C@H]1C(=O)NCC6CC6,NA
Input,Fenobam,-0.20976242,InputSig,NA,NA,LINCSCP_94296,HA1E,3.33uM,24h,kidney epithelial,Glutamate receptor antagonist,GRM5,DWPQODZAOSWNHB-UHFFFAOYSA-N,"InChI=1S/C11H11ClN4O2/c1-16-6-9(17)14-10(16)15-11(18)13-8-4-2-3-7(12)5-8/h2-5H,6H2,1H3,(H2,13,14,15,17,18)",15641,CN1CC(=O)N=C1NC(=O)Nc2cccc(Cl)c2,1
Input,CHEMBL1242477,-0.20973549,InputSig,NA,NA,LINCSCP_201119,A549,0.1uM,24h,lung,PI3K inhibitor,PIK3CA|PIK3CB|PIK3CD|PIK3CG,ULPBTMCLMXCXEB-UHFFFAOYSA-N,"InChI=1S/C15H15N7/c1-8(2)22-15-12(14(16)17-7-18-15)13(21-22)9-3-4-10-6-19-20-11(10)5-9/h3-8H,1-2H3,(H,19,20)(H2,16,17,18)",1711,CC(C)n1nc(c2ccc3cn[nH]c3c2)c4c(N)ncnc14,NA
Input,Aggc,-0.20972878,InputSig,NA,NA,LINCSCP_6469,A549,10uM,24h,lung,Inhibitor of methyl esterification of geranylgeranylated proteins,NA,PKFBJSDMCRJYDC-GEZSXCAASA-N,"InChI=1S/C25H41NO3S/c1-19(2)10-7-11-20(3)12-8-13-21(4)14-9-15-22(5)16-17-30-18-24(25(28)29)26-23(6)27/h10,12,14,16,24H,7-9,11,13,15,17-18H2,1-6H3,(H,26,27)(H,28,29)/b20-12+,21-14+,22-16+/t24-/m0/s1",17690,CC(=CCC\C(=C\CC\C(=C\CC\C(=C\CSC[C@H](NC(=O)C)C(=O)O)\C)\C)\C)C,NA
Input,CI-966,-0.20971107,InputSig,NA,NA,LINCSCP_107147,HELA,1.11uM,24h,large intestine,GAT inhibitor,SLC6A1,CMHQDSBIBSKHFP-UHFFFAOYSA-N,"InChI=1S/C23H21F6NO3/c24-22(25,26)18-7-3-15(4-8-18)20(16-5-9-19(10-6-16)23(27,28)29)33-13-12-30-11-1-2-17(14-30)21(31)32/h2-10,20H,1,11-14H2,(H,31,32)",15851,OC(=O)C1=CCCN(CCOC(c2ccc(cc2)C(F)(F)F)c3ccc(cc3)C(F)(F)F)C1,NA
Input,Alfuzosin,-0.20966571,InputSig,NA,NA,LINCSCP_243337,MCF7,10uM,24h,breast,Adrenergic receptor antagonist,ADRA1A|ADRA1B|ADRA1D,WNMJYKCGWZFFKR-UHFFFAOYSA-N,"InChI=1S/C19H27N5O4/c1-24(8-5-7-21-18(25)14-6-4-9-28-14)19-22-13-11-16(27-3)15(26-2)10-12(13)17(20)23-19/h10-11,14H,4-9H2,1-3H3,(H,21,25)(H2,20,22,23)",35317,COc1cc2nc(nc(N)c2cc1OC)N(C)CCCNC(=O)C3CCCO3,4
Input,BRD-K13626437,-0.20963249,InputSig,NA,NA,LINCSCP_61943,VCAP,5uM,24h,prostate,NA,NA,FUQFZQORNFVFMN-TUKIKUTGSA-N,"InChI=1S/C15H24N2O5S/c1-21-12-3-2-4-13(9-12)23(19,20)17-14-6-5-11(7-8-16)22-15(14)10-18/h2-4,9,11,14-15,17-18H,5-8,10,16H2,1H3/t11-,14-,15+/m0/s1",2021,COc1cccc(c1)S(=O)(=O)N[C@H]2CC[C@@H](CCN)O[C@@H]2CO,NA
Input,Tretinoin,-0.20963123,InputSig,NA,NA,LINCSCP_36000,MCF7,0.1uM,24h,breast,Retinoic acid receptor agonist,RARA|RARB|RARG|RORB,SHGAZHPCJJPHSC-YCNIQYBTSA-N,"InChI=1S/C20H28O2/c1-15(8-6-9-16(2)14-19(21)22)11-12-18-17(3)10-7-13-20(18,4)5/h6,8-9,11-12,14H,7,10,13H2,1-5H3,(H,21,22)/b9-6+,12-11+,15-8+,16-14+",17505,C\C(=C/C=C/C(=C/C(=O)O)/C)\C=C\C1=C(C)CCCC1(C)C,4
Input,AC1MGPVN,-0.20954598,InputSig,NA,NA,LINCSCP_283817,SKB,10uM,24h,NA,NA,NA,MNQANISLFLTXTK-UHFFFAOYSA-N,"InChI=1S/C22H22FN5OS/c23-17-6-7-19-18(14-17)20-21(28(19)15-16-4-2-1-3-5-16)24-22(26-25-20)30-13-10-27-8-11-29-12-9-27/h1-7,14H,8-13,15H2",36288,Fc1ccc2c(c1)c3nnc(SCCN4CCOCC4)nc3n2Cc5ccccc5,NA
Input,TIBOLONE,-0.20931698,InputSig,NA,NA,LINCSCP_143366,MCF7,0.37uM,24h,breast,NA,NA,WZDGZWOAQTVYBX-MLWZVTOESA-N,"InChI=1S/C21H28O2/c1-4-21(23)10-8-18-19-13(2)11-14-12-15(22)5-6-16(14)17(19)7-9-20(18,21)3/h1,13,17-19,23H,5-12H2,2-3H3/t13-,17-,18-,19?,20+,21+/m1/s1",27047,C[C@@H]1CC2=C(CCC(=O)C2)[C@H]3CC[C@@]4(C)[C@H](CC[C@@]4(O)C#C)C13,NA
Input,MLS002703293,-0.20926007,InputSig,NA,NA,LINCSCP_5048,A549,10uM,6h,lung,NA,NA,XSKZSTBHFOFNSO-UHFFFAOYSA-N,"InChI=1S/C11H10Cl2N2O/c12-6-4-7-10(8(13)5-6)14-9-2-1-3-15(9)11(7)16/h4-5,11,16H,1-3H2",35351,OC1N2CCCC2=Nc3c(Cl)cc(Cl)cc13,NA
Input,BRD-K21953167,-0.20915374,InputSig,NA,NA,LINCSCP_311825,VCAP,10uM,6h,prostate,NA,NA,TZPADAHRXAHUNQ-NLDZOOGBSA-N,"InChI=1S/C30H36N4O2/c1-32(2)30(36)26-11-7-24(8-12-26)23-5-9-25(10-6-23)29-27-20-33(19-22-13-15-31-16-14-22)17-3-4-18-34(27)28(29)21-35/h5-16,27-29,35H,3-4,17-21H2,1-2H3/t27-,28-,29+/m1/s1",32252,CN(C)C(=O)c1ccc(cc1)c2ccc(cc2)[C@@H]3[C@@H](CO)N4CCCCN(Cc5ccncc5)C[C@H]34,NA
Input,BRD-K83727172,-0.20908609,InputSig,NA,NA,LINCSCP_65714,VCAP,10uM,24h,prostate,NA,NA,GQSHJUMLNLRKMB-GBMSMPDTSA-N,"InChI=1S/C20H24N2O3S/c1-2-6-15-9-11-16(12-10-15)20-18(22-19(20)14-23)13-21-26(24,25)17-7-4-3-5-8-17/h2-12,18-23H,13-14H2,1H3/b6-2+/t18-,19-,20-/m0/s1",4420,C\C=C\c1ccc(cc1)[C@@H]2[C@H](CO)N[C@H]2CNS(=O)(=O)c3ccccc3,NA
Input,BRD-K37262906,-0.20896069,InputSig,NA,NA,LINCSCP_59760,VCAP,5uM,6h,prostate,NA,NA,QWIQMHSQTXUQBK-CGQTXMLISA-N,"InChI=1S/C32H38N4O7/c1-20-15-36(21(2)18-37)31(38)25-6-5-7-26(34-32(39)33-23-9-11-24(40-4)12-10-23)30(25)43-29(20)17-35(3)16-22-8-13-27-28(14-22)42-19-41-27/h5-14,20-21,29,37H,15-19H2,1-4H3,(H2,33,34,39)/t20-,21+,29+/m1/s1",12545,COc1ccc(NC(=O)Nc2cccc3C(=O)N(C[C@@H](C)[C@H](CN(C)Cc4ccc5OCOc5c4)Oc23)[C@@H](C)CO)cc1,NA
Input,27277-00-5,-0.20891075,InputSig,NA,NA,LINCSCP_290693,VCAP,10uM,24h,prostate,Phosphodiesterase inhibitor,NA,UQDVRVNMIJAGRK-UHFFFAOYSA-N,"InChI=1S/C9H13N5O/c1-3-4-13-7(15)6(2)5-14-9(13)11-8(10)12-14/h5H,3-4H2,1-2H3,(H2,10,12)",15550,CCCN1C(=O)C(=Cn2nc(N)nc12)C,NA
Input,Dehydroepiandrosterone (DHEA),-0.20885569,InputSig,NA,NA,LINCSCP_141426,MCF7,3.33uM,24h,breast,NA,NA,FMGSKLZLMKYGDP-NPWKVKMJSA-N,"InChI=1S/C19H28O2/c1-18-9-7-13(20)11-12(18)3-4-14-15-5-6-17(21)19(15,2)10-8-16(14)18/h3,13-16,20H,4-11H2,1-2H3/t13-,14-,15-,16+,18-,19-/m0/s1",27007,C[C@]12CC[C@@H]3[C@@H](CC=C4C[C@@H](O)CC[C@]34C)[C@@H]1CCC2=O,NA
Input,ZINC01282667,-0.20883623,InputSig,NA,NA,LINCSCP_6073,A549,10uM,6h,lung,NA,NA,UTOLQRVJNWFUSN-GIJQJNRQSA-N,"InChI=1S/C16H19BrN4O2S/c1-23-13-8-10(7-12(17)14(13)22)9-18-21-15(19-20-16(21)24)11-5-3-2-4-6-11/h7-9,11,22H,2-6H2,1H3,(H,20,24)/b18-9+",36398,COc1cc(\C=N\n2c(S)nnc2C3CCCCC3)cc(Br)c1O,NA
Input,BMY-14802,-0.2088162,InputSig,NA,NA,LINCSCP_92911,HA1E,0.04uM,24h,kidney epithelial,Sigma receptor antagonist,HTR1A,ZXUYYZPJUGQHLQ-UHFFFAOYSA-N,"InChI=1S/C18H22F2N4O/c19-15-5-3-14(4-6-15)17(25)2-1-7-23-8-10-24(11-9-23)18-21-12-16(20)13-22-18/h3-6,12-13,17,25H,1-2,7-11H2",15186,OC(CCCN1CCN(CC1)c2ncc(F)cn2)c3ccc(F)cc3,NA
Input,Pidotimod,-0.20873424,InputSig,NA,NA,LINCSCP_103361,HELA,0.04uM,24h,large intestine,Interferon receptor agonist|Interleukin receptor agonist,NA,UUTKICFRNVKFRG-WDSKDSINSA-N,"InChI=1S/C9H12N2O4S/c12-7-2-1-5(10-7)8(13)11-4-16-3-6(11)9(14)15/h5-6H,1-4H2,(H,10,12)(H,14,15)/t5-,6-/m0/s1",38767,OC(=O)[C@@H]1CSCN1C(=O)[C@@H]2CCC(=O)N2,NA
Input,SA-89068,-0.20870906,InputSig,NA,NA,LINCSCP_37202,MCF7,0.5uM,6h,breast,NA,NA,JVQYZDSRPVTFBX-SOTYFPCESA-N,"InChI=1S/C35H40N4O6/c1-22-16-39(23(2)20-40)35(42)28-15-26(36-34(41)14-25-18-38(4)29-8-6-5-7-27(25)29)10-12-30(28)45-33(22)19-37(3)17-24-9-11-31-32(13-24)44-21-43-31/h5-13,15,18,22-23,33,40H,14,16-17,19-21H2,1-4H3,(H,36,41)/t22-,23+,33-/m1/s1",34129,C[C@@H](CO)N1C[C@@H](C)[C@@H](CN(C)Cc2ccc3OCOc3c2)Oc4ccc(NC(=O)Cc5cn(C)c6ccccc56)cc4C1=O,NA
Input,MLS003129672,-0.20867163,InputSig,NA,NA,LINCSCP_60801,VCAP,5uM,24h,prostate,NA,NA,KNHKBBCFGVHHOP-LQWHRVPQSA-N,"InChI=1S/C23H33N5O4/c1-17-12-28(18(2)15-29)22(30)10-7-11-27-13-20(24-25-27)16-32-21(17)14-26(3)23(31)19-8-5-4-6-9-19/h4-6,8-9,13,17-18,21,29H,7,10-12,14-16H2,1-3H3/t17-,18+,21+/m1/s1",1071,C[C@@H](CO)N1C[C@@H](C)[C@H](CN(C)C(=O)c2ccccc2)OCc3cn(CCCC1=O)nn3,NA
Input,C19H19FN4O3,-0.20865211,InputSig,NA,NA,LINCSCP_145273,MDAMB231,0.12uM,3h,NA,FGFR inhibitor|VEGFR inhibitor,FGFR1|FLT1|KDR,WCWUXEGQKLTGDX-UHFFFAOYSA-N,"InChI=1S/C19H19FN4O3/c1-10-6-13-14(23-10)4-5-15(17(13)20)27-19-18-12(3)16(26-8-11(2)25)7-24(18)22-9-21-19/h4-7,9,11,23,25H,8H2,1-3H3",37840,CC(O)COc1cn2ncnc(Oc3ccc4[nH]c(C)cc4c3F)c2c1C,NA
Input,ST50998710,-0.20859999,InputSig,NA,NA,LINCSCP_261499,NPC,10uM,24h,neural progenitor cells,NA,NA,VCMZPVCCQDEZRB-XGICHPGQSA-N,InChI=1S/C15H7BrClN3OS/c16-9-6-11-13(18-7-9)20-14(21)12(22-15(20)19-11)5-8-3-1-2-4-10(8)17/h1-7H/b12-5-,40170,Clc1ccccc1\C=C\2/Sc3nc4cc(Br)cnc4n3C2=O,NA
Input,VILAZODONE HYDROCHLORIDE,-0.20859209,InputSig,NA,NA,LINCSCP_139698,MCF7,10uM,24h,breast,Serotonin 1a (5-HT1a) receptor partial agonist (Serotonin 1a|Serotonin transporter inhibitor,HTR1A|SLC6A4,SGEGOXDYSFKCPT-UHFFFAOYSA-N,"InChI=1S/C26H27N5O2/c27-16-18-4-6-23-22(13-18)19(17-29-23)3-1-2-8-30-9-11-31(12-10-30)21-5-7-24-20(14-21)15-25(33-24)26(28)32/h4-7,13-15,17,29H,1-3,8-12H2,(H2,28,32)",26589,NC(=O)c1oc2ccc(cc2c1)N3CCN(CCCCc4c[nH]c5ccc(cc45)C#N)CC3,4
Input,Diazepam,-0.20852529,InputSig,NA,NA,LINCSCP_134957,MCF7,1.11uM,24h,breast,Benzodiazepine receptor agonist,GABRA1|GABRA2|GABRA3|GABRA4|GABRA5|GABRA6|GABRB1|GABRB2|GABRB3|GABRD|GABRE|GABRG1|GABRG2|GABRG3|GABRP|GABRQ,AAOVKJBEBIDNHE-UHFFFAOYSA-N,"InChI=1S/C16H13ClN2O/c1-19-14-8-7-12(17)9-13(14)16(18-10-15(19)20)11-5-3-2-4-6-11/h2-9H,10H2,1H3",35570,CN1C(=O)CN=C(c2ccccc2)c3cc(Cl)ccc13,4
Input,Ribavirin,-0.20850408,InputSig,NA,NA,LINCSCP_110975,HELA,0.12uM,24h,large intestine,NA,NA,IWUCXVSUMQZMFG-DJSMDIAISA-N,"InChI=1S/C8H12N4O5/c9-6(16)7-10-2-12(11-7)8-5(15)4(14)3(1-13)17-8/h2-5,8,13-15H,1H2,(H2,9,16)/t3-,4-,5-,8+/m1/s1",26772,NC(=O)c1ncn(n1)[C@H]2O[C@H](CO)[C@@H](O)[C@H]2O,NA
Input,Ribavirin,-0.20850408,InputSig,NA,NA,LINCSCP_110975,HELA,0.12uM,24h,large intestine,NA,NA,IWUCXVSUMQZMFG-AFCXAGJDSA-N,"InChI=1S/C8H12N4O5/c9-6(16)7-10-2-12(11-7)8-5(15)4(14)3(1-13)17-8/h2-5,8,13-15H,1H2,(H2,9,16)/t3-,4-,5-,8-/m1/s1",38772,NC(=O)c1ncn(n1)[C@@H]2O[C@H](CO)[C@@H](O)[C@H]2O,4
Input,BRD-K70900504,-0.20850339,InputSig,NA,NA,LINCSCP_41066,NEU,10uM,24h,NA,NA,NA,HIXZTRBEXPKGLV-VIZSFHNOSA-N,"InChI=1S/C23H23N3O3/c1-2-21(28)25-13-19-23(20(15-27)26(19)22(29)14-25)18-9-7-16(8-10-18)5-6-17-4-3-11-24-12-17/h3-4,7-12,19-20,23,27H,2,13-15H2,1H3/t19-,20-,23+/m1/s1",33481,CCC(=O)N1C[C@@H]2[C@@H]([C@@H](CO)N2C(=O)C1)c3ccc(cc3)C#Cc4cccnc4,NA
Input,Etofenamate,-0.20844662,InputSig,NA,NA,LINCSCP_97578,HA1E,3.33uM,24h,kidney epithelial,Cyclooxygenase inhibitor,PTGS1|PTGS2,XILVEPYQJIOVNB-UHFFFAOYSA-N,"InChI=1S/C18H18F3NO4/c19-18(20,21)13-4-3-5-14(12-13)22-16-7-2-1-6-15(16)17(24)26-11-10-25-9-8-23/h1-7,12,22-23H,8-11H2",16418,OCCOCCOC(=O)c1ccccc1Nc2cccc(c2)C(F)(F)F,NA
Input,BRD-K05378136,-0.20838678,InputSig,NA,NA,LINCSCP_311436,VCAP,10uM,6h,prostate,NA,NA,PYTMZFQKCRSVHE-AOHZBQACSA-N,"InChI=1S/C25H25FN2O3/c26-20-7-3-6-19(12-20)25(31)27-13-21-24(22(15-29)28(21)23(30)14-27)18-10-8-17(9-11-18)16-4-1-2-5-16/h3-4,6-12,21-22,24,29H,1-2,5,13-15H2/t21-,22+,24-/m1/s1",11729,OC[C@H]1[C@@H]([C@H]2CN(CC(=O)N12)C(=O)c3cccc(F)c3)c4ccc(cc4)C5=CCCC5,NA
Input,NCGC00346967-01,-0.20830909,InputSig,NA,NA,LINCSCP_83674,ASC.C,1.11uM,24h,NA,EPHB3 inhibitor,EPHB3,UISRWLSAXIOCND-UHFFFAOYSA-N,"InChI=1S/C22H23Cl2N5O2S/c1-28-8-10-29(11-9-28)13-6-7-16(17(12-13)31-2)26-22-27-21(25)20(32-22)19(30)18-14(23)4-3-5-15(18)24/h3-7,12H,8-11,25H2,1-2H3,(H,26,27)",1733,COc1cc(ccc1Nc2nc(N)c(s2)C(=O)c3c(Cl)cccc3Cl)N4CCN(C)CC4,NA
Input,CHEMBL1984778,-0.20820785,InputSig,NA,NA,LINCSCP_7884,A549,10uM,24h,lung,NA,NA,GEPQSEIVCGMSGO-GJFGOQOUSA-N,"InChI=1S/C35H45FN4O7S/c1-24-21-40(25(2)23-41)34(42)31-20-29(38-35(43)37-28-11-6-5-7-12-28)15-18-32(31)47-26(3)10-8-9-19-46-33(24)22-39(4)48(44,45)30-16-13-27(36)14-17-30/h5-7,11-18,20,24-26,33,41H,8-10,19,21-23H2,1-4H3,(H2,37,38,43)/t24-,25+,26+,33+/m0/s1",36762,C[C@H](CO)N1C[C@H](C)[C@@H](CN(C)S(=O)(=O)c2ccc(F)cc2)OCCCC[C@@H](C)Oc3ccc(NC(=O)Nc4ccccc4)cc3C1=O,NA
Input,BRD-U65466710,-0.20818563,InputSig,NA,NA,LINCSCP_259602,NEU,10uM,24h,NA,NA,NA,NA,NA,42725,NA,NA
Input,Amantadine,-0.2081121,InputSig,NA,NA,LINCSCP_173951,YAPC,10uM,24h,pancreas,Glutamate receptor antagonist,GRIN1|GRIN2A|GRIN2B|GRIN2C|GRIN2D|GRIN3A|GRIN3B,DKNWSYNQZKUICI-DFLMOOGLSA-N,"InChI=1S/C10H17N/c11-10-4-7-1-8(5-10)3-9(2-7)6-10/h7-9H,1-6,11H2/t7-,8-,9-,10-",34092,N[C@@]12C[C@@H]3C[C@@H](C[C@H](C3)C1)C2,NA
Input,Amantadine,-0.2081121,InputSig,NA,NA,LINCSCP_173951,YAPC,10uM,24h,pancreas,Glutamate receptor antagonist,GRIN1|GRIN2A|GRIN2B|GRIN2C|GRIN2D|GRIN3A|GRIN3B,DKNWSYNQZKUICI-UHFFFAOYSA-N,"InChI=1S/C10H17N/c11-10-4-7-1-8(5-10)3-9(2-7)6-10/h7-9H,1-6,11H2",35972,NC12CC3CC(CC(C3)C1)C2,4
Input,SA-1458610,-0.2080674,InputSig,NA,NA,LINCSCP_252712,MCF7,1uM,24h,breast,NA,NA,OMSXRPOVUJZPFL-RCTAOEEJSA-N,"InChI=1S/C27H33F3N2O4/c28-27(29,30)21-8-4-7-20(13-21)15-32-16-22(33)17-35-18-25-24(32)10-9-23(36-25)14-26(34)31-12-11-19-5-2-1-3-6-19/h1-8,13,22-25,33H,9-12,14-18H2,(H,31,34)/t22-,23+,24-,25+/m1/s1",33476,O[C@H]1COC[C@@H]2O[C@H](CC(=O)NCCc3ccccc3)CC[C@H]2N(Cc4cccc(c4)C(F)(F)F)C1,NA
Input,BRD-K49553303-001-01-8,-0.20805571,InputSig,NA,NA,LINCSCP_295846,VCAP,10uM,6h,prostate,NA,NA,QYHFPUZBYVVXLB-RWJVBYDYSA-N,"InChI=1S/C32H44F3N3O7S/c1-22-19-38(23(2)21-39)31(41)27-18-25(36-46(42,43)26-11-6-5-7-12-26)13-14-28(27)45-24(3)10-8-9-17-44-29(22)20-37(4)30(40)15-16-32(33,34)35/h5-7,11-14,18,22-24,29,36,39H,8-10,15-17,19-21H2,1-4H3/t22-,23-,24-,29-/m1/s1",32970,C[C@H](CO)N1C[C@@H](C)[C@@H](CN(C)C(=O)CCC(F)(F)F)OCCCC[C@@H](C)Oc2ccc(NS(=O)(=O)c3ccccc3)cc2C1=O,NA
Input,Chloropyramine,-0.20799239,InputSig,NA,NA,LINCSCP_48047,PC3,10uM,6h,prostate,Histamine receptor antagonist,HRH1,ICKFFNBDFNZJSX-UHFFFAOYSA-N,"InChI=1S/C16H20ClN3/c1-19(2)11-12-20(16-5-3-4-10-18-16)13-14-6-8-15(17)9-7-14/h3-10H,11-13H2,1-2H3",11910,CN(C)CCN(Cc1ccc(Cl)cc1)c2ccccn2,NA
Input,ON-01910,-0.20798021,InputSig,NA,NA,LINCSCP_2157,A375,10uM,6h,skin,PLK inhibitor,CDK1|FLT1|FYN|PDGFRA|PLK1|PLK2|SRC,POSHWWRILMRTTE-JXMROGBWSA-N,"InChI=1S/C21H25NO7S/c1-26-16-12-20(28-3)17(21(13-16)29-4)7-10-30(24,25)14-15-5-6-19(27-2)18(11-15)22-8-9-23/h5-7,9-13,22H,8,14H2,1-4H3/b10-7+",13590,COc1cc(OC)c(\C=C\S(=O)(=O)Cc2ccc(OC)c(NCC=O)c2)c(OC)c1,NA
Input,Mianserin,-0.20796836,InputSig,NA,NA,LINCSCP_90442,HA1E,3.33uM,24h,kidney epithelial,Serotonin receptor antagonist,ADRA1A|ADRA1B|ADRA1D|DRD2|HRH1|HTR1A|HTR2A|HTR2B|HTR2C|HTR6|HTR7,UEQUQVLFIPOEMF-UHFFFAOYSA-N,"InChI=1S/C18H20N2/c1-19-10-11-20-17-9-5-3-7-15(17)12-14-6-2-4-8-16(14)18(20)13-19/h2-9,18H,10-13H2,1H3",8572,CN1CCN2C(C1)c3ccccc3Cc4ccccc24,4
Input,Etifenin,-0.20781402,InputSig,NA,NA,LINCSCP_13746,HA1E,10uM,24h,kidney epithelial,Compound used in hepatobiliary scans of the liver,NA,WNIDXAKKFOKNEF-UHFFFAOYSA-N,"InChI=1S/C16H22N2O5/c1-3-11-6-5-7-12(4-2)16(11)17-13(19)8-18(9-14(20)21)10-15(22)23/h5-7H,3-4,8-10H2,1-2H3,(H,17,19)(H,20,21)(H,22,23)",35928,CCc1cccc(CC)c1NC(=O)CN(CC(=O)O)CC(=O)O,NA
Input,F1304-0056,-0.20764044,InputSig,NA,NA,LINCSCP_50248,PHH,3uM,24h,NA,NA,NA,ZDSHKLYGWOAHJZ-UHFFFAOYSA-N,"InChI=1S/C10H8F3NO5S/c1-19-9(15)5-20(18)8-3-2-6(10(11,12)13)4-7(8)14(16)17/h2-4H,5H2,1H3",11457,COC(=O)CS(=O)c1ccc(cc1[N+](=O)[O-])C(F)(F)F,NA
Input,NVP-AEW541,-0.20759679,InputSig,NA,NA,LINCSCP_36996,MCF7,0.5uM,6h,breast,IGF-1 inhibitor,IGF1R,MJEHBQIPZHTMNZ-AQYVVDRMSA-N,"InChI=1S/C27H29N5O/c28-26-25-24(21-7-9-23(10-8-21)33-17-19-5-2-1-3-6-19)16-32(27(25)30-18-29-26)22-13-20(14-22)15-31-11-4-12-31/h1-3,5-10,16,18,20,22H,4,11-15,17H2,(H2,28,29,30)/t20-,22-",22084,Nc1ncnc2c1c(cn2[C@@H]3C[C@@H](CN4CCC4)C3)c5ccc(OCc6ccccc6)cc5,NA
Input,BRD-K23506413,-0.2075744,InputSig,NA,NA,LINCSCP_60275,VCAP,5uM,6h,prostate,NA,NA,UDDMVFRUSJXUEW-YDHSSHFGSA-N,"InChI=1S/C25H31N3O6S/c1-18-14-28(19(2)16-29)35(31,32)24-10-9-20(7-8-21-6-5-11-26-13-21)12-22(24)34-23(18)15-27(3)25(30)17-33-4/h5-6,9-13,18-19,23,29H,14-17H2,1-4H3/t18-,19-,23-/m0/s1",1872,COCC(=O)N(C)C[C@@H]1Oc2cc(ccc2S(=O)(=O)N(C[C@@H]1C)[C@@H](C)CO)C#Cc3cccnc3,NA
Input,Sulbactam,-0.20750505,InputSig,NA,NA,LINCSCP_96787,HA1E,3.33uM,24h,kidney epithelial,NA,NA,FKENQMMABCRJMK-PHDIDXHHSA-N,"InChI=1S/C8H11NO5S/c1-8(2)6(7(11)12)9-4(10)3-5(9)15(8,13)14/h5-6H,3H2,1-2H3,(H,11,12)/t5-,6-/m1/s1",26831,CC1(C)[C@H](N2[C@@H](CC2=O)S1(=O)=O)C(=O)O,NA
Input,Sulbactam,-0.20750505,InputSig,NA,NA,LINCSCP_96787,HA1E,3.33uM,24h,kidney epithelial,NA,NA,FKENQMMABCRJMK-RITPCOANSA-N,"InChI=1S/C8H11NO5S/c1-8(2)6(7(11)12)9-4(10)3-5(9)15(8,13)14/h5-6H,3H2,1-2H3,(H,11,12)/t5-,6+/m1/s1",36463,CC1(C)[C@@H](N2[C@@H](CC2=O)S1(=O)=O)C(=O)O,4
Input,Levothyroxine,-0.20744289,InputSig,NA,NA,LINCSCP_104154,HELA,3.33uM,24h,large intestine,Thyroid hormone stimulant,THRA|THRB,XUIIKFGFIJCVMT-LBPRGKRZSA-N,"InChI=1S/C15H11I4NO4/c16-8-4-7(5-9(17)13(8)21)24-14-10(18)1-6(2-11(14)19)3-12(20)15(22)23/h1-2,4-5,12,21H,3,20H2,(H,22,23)/t12-/m0/s1",16321,N[C@@H](Cc1cc(I)c(Oc2cc(I)c(O)c(I)c2)c(I)c1)C(=O)O,4
Input,MLS003178531,-0.20742686,InputSig,NA,NA,LINCSCP_237380,MCF7,10uM,24h,breast,NA,NA,SHWNKRPMUBFWKE-UHFFFAOYSA-N,"InChI=1S/C18H18F2N2O6S2/c19-14-2-1-3-15(20)18(14)30(25,26)22-8-6-21(7-9-22)29(23,24)13-4-5-16-17(12-13)28-11-10-27-16/h1-5,12H,6-11H2",15760,Fc1cccc(F)c1S(=O)(=O)N2CCN(CC2)S(=O)(=O)c3ccc4OCCOc4c3,NA
Input,Tetramisole,-0.20718916,InputSig,NA,NA,LINCSCP_6940,A549,10uM,6h,lung,Immunostimulant,NA,HLFSDGLLUJUHTE-UHFFFAOYSA-N,"InChI=1S/C11H12N2S/c1-2-4-9(5-3-1)10-8-13-6-7-14-11(13)12-10/h1-5,10H,6-8H2",24784,C1CN2CC(N=C2S1)c3ccccc3,NA
Input,CHEMBL3187550,-0.20710885,InputSig,NA,NA,LINCSCP_27998,HT29,5uM,24h,large intestine,NA,NA,XODDPLRMWVREGP-LVRNKHJESA-N,"InChI=1S/C27H28N4O3/c32-17-22-21-16-31-23(9-8-20(27(31)34)7-6-18-4-2-1-3-5-18)24(21)30-25(22)26(33)29-15-12-19-10-13-28-14-11-19/h1-11,13-14,21-22,24-25,30,32H,12,15-17H2,(H,29,33)/b7-6+/t21-,22-,24+,25-/m1/s1",38005,OC[C@@H]1[C@H]2CN3C(=CC=C(\C=C\c4ccccc4)C3=O)[C@H]2N[C@H]1C(=O)NCCc5ccncc5,NA
Input,L-Sulforaphane,-0.2070922,InputSig,NA,NA,LINCSCP_38444,MCF7,3.33uM,24h,breast,Anticancer agent|Aryl hydrocarbon receptor antagonist,NFE2L2,SUVMJBTUFCVSAD-UHFFFAOYSA-N,"InChI=1S/C6H11NOS2/c1-10(8)5-3-2-4-7-6-9/h2-5H2,1H3",31891,CS(=O)CCCCN=C=S,NA
Input,Vicriviroc,-0.2070051,InputSig,NA,NA,LINCSCP_159737,PC3,0.37uM,24h,prostate,C-C chemokine receptor type 5 antagonist,CCR5,CNPVJJQCETWNEU-CYFREDJKSA-N,"InChI=1S/C28H38F3N5O2/c1-19-16-35(14-15-36(19)24(17-38-5)22-6-8-23(9-7-22)28(29,30)31)27(4)10-12-34(13-11-27)26(37)25-20(2)32-18-33-21(25)3/h6-9,18-19,24H,10-17H2,1-5H3/t19-,24-/m0/s1",15076,COC[C@H](N1CCN(C[C@@H]1C)C2(C)CCN(CC2)C(=O)c3c(C)ncnc3C)c4ccc(cc4)C(F)(F)F,3
Input,BRD-K86948282,-0.20693912,InputSig,NA,NA,LINCSCP_65534,VCAP,10uM,6h,prostate,NA,NA,IKKPAINHCJPYFK-IPVFLDMMSA-N,"InChI=1S/C27H34N2O4S/c1-20-16-29(21(2)19-30)34(31,32)27-14-13-23(12-11-22-9-10-22)15-25(27)33-26(20)18-28(3)17-24-7-5-4-6-8-24/h4-8,13-15,20-22,26,30H,9-10,16-19H2,1-3H3/t20-,21-,26-/m1/s1",13824,C[C@H](CO)N1C[C@@H](C)[C@@H](CN(C)Cc2ccccc2)Oc3cc(ccc3S1(=O)=O)C#CC4CC4,NA
Input,BRD-K38688128,-0.20683909,InputSig,NA,NA,LINCSCP_60374,VCAP,5uM,24h,prostate,NA,NA,UQYDBQHFUBHFMT-DNRQZRRGSA-N,"InChI=1S/C28H36N4O4/c1-20-16-32(21(2)19-33)27(34)24-14-22(9-12-28(35)10-5-6-11-28)15-30-26(24)36-25(20)18-31(3)17-23-8-4-7-13-29-23/h4,7-8,13-15,20-21,25,33,35H,5-6,10-11,16-19H2,1-3H3/t20-,21-,25-/m1/s1",651,C[C@H](CO)N1C[C@@H](C)[C@@H](CN(C)Cc2ccccn2)Oc3ncc(cc3C1=O)C#CC4(O)CCCC4,NA
Input,Nemonapride,-0.20683286,InputSig,NA,NA,LINCSCP_108313,HELA,1.11uM,24h,large intestine,NA,NA,QCYCDKUNJFKYEI-ZVWWNKPMSA-N,"InChI=1S/2C21H26ClN3O2/c2*1-14-18(9-10-25(14)13-15-7-5-4-6-8-15)24-21(26)16-11-17(22)19(23-2)12-20(16)27-3/h2*4-8,11-12,14,18,23H,9-10,13H2,1-3H3,(H,24,26)/t2*14-,18-/m10/s1",26697,CNc1cc(OC)c(cc1Cl)C(=O)N[C@H]2CCN(Cc3ccccc3)[C@H]2C.CNc4cc(OC)c(cc4Cl)C(=O)N[C@@H]5CCN(Cc6ccccc6)[C@@H]5C,NA
Input,Nemonapride,-0.20683286,InputSig,NA,NA,LINCSCP_108313,HELA,1.11uM,24h,large intestine,NA,NA,KRVOJOCLBAAKSJ-UHFFFAOYSA-N,"InChI=1S/C21H26ClN3O2/c1-14-18(9-10-25(14)13-15-7-5-4-6-8-15)24-21(26)16-11-17(22)19(23-2)12-20(16)27-3/h4-8,11-12,14,18,23H,9-10,13H2,1-3H3,(H,24,26)",15293,CNc1cc(OC)c(cc1Cl)C(=O)NC2CCN(Cc3ccccc3)C2C,NA
Input,Tryptoline,-0.20680604,InputSig,NA,NA,LINCSCP_45913,PC3,10uM,24h,prostate,Monoamine oxidase inhibitor|Serotonin receptor agonist,NA,CFTOTSJVQRFXOF-UHFFFAOYSA-N,"InChI=1S/C11H12N2/c1-2-4-10-8(3-1)9-5-6-12-7-11(9)13-10/h1-4,12-13H,5-7H2",35544,C1Cc2c(CN1)[nH]c3ccccc23,NA
Input,TL_HRAS27,-0.20673752,InputSig,NA,NA,LINCSCP_237309,MCF7,10uM,24h,breast,NA,NA,VATZATKKARLDQT-UHFFFAOYSA-N,"InChI=1S/C24H26N4O6/c1-16-22(28(30)31)21(25-34-16)24(29)27-14-12-26(13-15-27)23(17-4-8-19(32-2)9-5-17)18-6-10-20(33-3)11-7-18/h4-11,23H,12-15H2,1-3H3",35560,COc1ccc(cc1)C(N2CCN(CC2)C(=O)c3noc(C)c3[N+](=O)[O-])c4ccc(OC)cc4,NA
Input,BRD-K13217265,-0.20665214,InputSig,NA,NA,LINCSCP_278978,PC3,10uM,6h,prostate,NA,NA,SSDPHNXAXFTDFA-IAYPMUAMSA-N,"InChI=1S/C37H54N4O7/c1-25-22-41(26(2)24-42)36(44)32-21-30(38-35(43)28-12-7-6-8-13-28)16-19-33(32)48-27(3)11-9-10-20-47-34(25)23-40(4)37(45)39-29-14-17-31(46-5)18-15-29/h14-19,21,25-28,34,42H,6-13,20,22-24H2,1-5H3,(H,38,43)(H,39,45)/t25-,26+,27+,34+/m1/s1",32012,COc1ccc(NC(=O)N(C)C[C@@H]2OCCCC[C@H](C)Oc3ccc(NC(=O)C4CCCCC4)cc3C(=O)N(C[C@H]2C)[C@@H](C)CO)cc1,NA
Input,Norethindrone Acetate,-0.20661606,InputSig,NA,NA,LINCSCP_25212,HT29,10uM,24h,large intestine,Progestogen hormone,PGR,IMONTRJLAWHYGT-FJMAIUEKSA-N,"InChI=1S/C22H28O3/c1-4-22(25-14(2)23)12-10-20-19-7-5-15-13-16(24)6-8-17(15)18(19)9-11-21(20,22)3/h1,13,17-20H,5-12H2,2-3H3/t17-,18?,19?,20?,21-,22-/m0/s1",35320,CC(=O)O[C@]1(CCC2C3CCC4=CC(=O)CC[C@@H]4C3CC[C@]12C)C#C,NA
Input,BRD-A83706824,-0.20659625,InputSig,NA,NA,LINCSCP_155543,PC3,0.37uM,24h,prostate,NA,NA,NA,NA,NA,NA,NA
Input,BRD-K17906992,-0.20650416,InputSig,NA,NA,LINCSCP_8663,A549,5uM,24h,lung,NA,NA,UZQWVSGPDQQYNK-MYGLTJDJSA-N,"InChI=1S/C23H34FN3O4/c1-25-7-9-26(10-8-25)23(29)12-20-5-6-21-22(31-20)16-30-15-19(28)14-27(21)13-17-3-2-4-18(24)11-17/h2-4,11,19-22,28H,5-10,12-16H2,1H3/t19-,20-,21-,22+/m0/s1",2234,CN1CCN(CC1)C(=O)C[C@@H]2CC[C@H]3[C@@H](COC[C@@H](O)CN3Cc4cccc(F)c4)O2,NA
Input,SLx-2119,-0.20635861,InputSig,NA,NA,LINCSCP_175338,YAPC,0.12uM,24h,pancreas,NA,NA,GKHIVNAUVKXIIY-UHFFFAOYSA-N,"InChI=1S/C26H24N6O2/c1-16(2)28-24(33)15-34-20-7-5-6-17(13-20)25-30-23-9-4-3-8-21(23)26(31-25)29-19-10-11-22-18(12-19)14-27-32-22/h3-14,16H,15H2,1-2H3,(H,27,32)(H,28,33)(H,29,30,31)",26830,CC(C)NC(=O)COc1cccc(c1)c2nc(Nc3ccc4[nH]ncc4c3)c5ccccc5n2,NA
Input,Zaleplon,-0.20632976,InputSig,NA,NA,LINCSCP_34524,MCF7,10uM,24h,breast,Benzodiazepine receptor agonist,GABRA1|GABRB1|GABRG2,HUNXMJYCHXQEGX-UHFFFAOYSA-N,"InChI=1S/C17H15N5O/c1-3-21(12(2)23)15-6-4-5-13(9-15)16-7-8-19-17-14(10-18)11-20-22(16)17/h4-9,11H,3H2,1-2H3",16460,CCN(C(=O)C)c1cccc(c1)c2ccnc3c(cnn23)C#N,4
Input,BRD-K30822915,-0.20622444,InputSig,NA,NA,LINCSCP_62270,VCAP,5uM,24h,prostate,NA,NA,ALLGXHRZPBERLG-ICPKNLHRSA-N,"InChI=1S/C25H30N2O6/c1-15(16-6-4-3-5-7-16)26-23(29)12-18-11-20-19-10-17(27-24(30)14-31-2)8-9-21(19)33-25(20)22(13-28)32-18/h3-10,15,18,20,22,25,28H,11-14H2,1-2H3,(H,26,29)(H,27,30)/t15-,18-,20+,22-,25-/m1/s1",2710,COCC(=O)Nc1ccc2O[C@H]3[C@@H](CO)O[C@@H](CC(=O)N[C@H](C)c4ccccc4)C[C@H]3c2c1,NA
Input,Fiacitabine,-0.20622123,InputSig,NA,NA,LINCSCP_93174,HA1E,0.12uM,24h,kidney epithelial,NA,NA,GIMSJJHKKXRFGV-BYPJNBLXSA-N,"InChI=1S/C9H11FIN3O4/c10-5-6(16)4(2-15)18-8(5)14-1-3(11)7(12)13-9(14)17/h1,4-6,8,15-16H,2H2,(H2,12,13,17)/t4-,5+,6-,8-/m1/s1",26963,NC1=NC(=O)N(C=C1I)[C@@H]2O[C@H](CO)[C@@H](O)[C@@H]2F,2
Input,BRD-K64920356,-0.20621986,InputSig,NA,NA,LINCSCP_27703,HT29,5uM,24h,large intestine,NA,NA,QBIQCDDCSMFVTJ-VELXTTODSA-N,"InChI=1S/C32H37N5O3S/c1-32(2,3)41(40)37-21-26-19-27(31(39)36-15-13-35(4)14-16-36)34-30(29(26)28(37)12-17-38)25-7-5-6-24(18-25)23-10-8-22(20-33)9-11-23/h5-11,18-19,28,38H,12-17,21H2,1-4H3/t28-,41-/m0/s1",24901,CN1CCN(CC1)C(=O)c2cc3CN([C@@H](CCO)c3c(n2)c4cccc(c4)c5ccc(cc5)C#N)[S@@](=O)C(C)(C)C,NA
Input,BRD-K60836534,-0.20621362,InputSig,NA,NA,LINCSCP_28372,HT29,10uM,24h,large intestine,NA,NA,LYYREMJMDQKNES-XIVBQZFQSA-N,"InChI=1S/C22H29N3O5/c1-14-21(26)24(2)13-19-18(28-4)9-8-16(30-19)10-11-29-20-15(12-23)6-5-7-17(20)22(27)25(14)3/h5-7,14,16,18-19H,8-11,13H2,1-4H3/t14-,16+,18+,19+/m1/s1",3798,CO[C@H]1CC[C@H]2CCOc3c(cccc3C(=O)N(C)[C@H](C)C(=O)N(C)C[C@@H]1O2)C#N,NA
Input,AZD7545,-0.20599043,InputSig,NA,NA,LINCSCP_53805,SNUC4,20uM,6h,large intestine,Pyruvate dehydrogenase kinase inhibitor,NA,DTDZLJHKVNTQGZ-UHFFFAOYSA-N,"InChI=1S/C19H18ClF3N2O5S/c1-18(28,19(21,22)23)17(27)24-15-9-8-13(10-14(15)20)31(29,30)12-6-4-11(5-7-12)16(26)25(2)3/h4-10,28H,1-3H3,(H,24,27)",26875,CN(C)C(=O)c1ccc(cc1)S(=O)(=O)c2ccc(NC(=O)C(C)(O)C(F)(F)F)c(Cl)c2,NA
Input,AZD7545,-0.20599043,InputSig,NA,NA,LINCSCP_53805,SNUC4,20uM,6h,large intestine,Pyruvate dehydrogenase kinase inhibitor,NA,DTDZLJHKVNTQGZ-GOSISDBHSA-N,"InChI=1S/C19H18ClF3N2O5S/c1-18(28,19(21,22)23)17(27)24-15-9-8-13(10-14(15)20)31(29,30)12-6-4-11(5-7-12)16(26)25(2)3/h4-10,28H,1-3H3,(H,24,27)/t18-/m1/s1",1720,CN(C)C(=O)c1ccc(cc1)S(=O)(=O)c2ccc(NC(=O)[C@@](C)(O)C(F)(F)F)c(Cl)c2,NA
Input,Ranitidine,-0.20594868,InputSig,NA,NA,LINCSCP_142598,MCF7,0.37uM,24h,breast,Histamine receptor antagonist,HRH2,VMXUWOKSQNHOCA-UKTHLTGXSA-N,"InChI=1S/C13H22N4O3S/c1-14-13(9-17(18)19)15-6-7-21-10-12-5-4-11(20-12)8-16(2)3/h4-5,9,14-15H,6-8,10H2,1-3H3/b13-9+",37807,CN\C(=C/[N+](=O)[O-])\NCCSCc1oc(CN(C)C)cc1,NA
Input,CHEMBL2359660,-0.2058859,InputSig,NA,NA,LINCSCP_60375,VCAP,5uM,24h,prostate,NA,NA,AXBJPSYRCLUHNL-PBANKSGMSA-N,"InChI=1S/C32H38N2O5S/c1-23-19-34(24(2)22-35)40(37,38)32-17-14-26(11-10-25(3)36)18-30(32)39-31(23)21-33(4)20-27-12-15-29(16-13-27)28-8-6-5-7-9-28/h5-9,12-18,23-25,31,35-36H,19-22H2,1-4H3/t23-,24+,25-,31-/m0/s1",36919,C[C@H](O)C#Cc1ccc2c(O[C@@H](CN(C)Cc3ccc(cc3)c4ccccc4)[C@@H](C)CN([C@H](C)CO)S2(=O)=O)c1,NA
Input,CHEMBL1269202,-0.20587736,InputSig,NA,NA,LINCSCP_45888,PC3,10uM,24h,prostate,BCL inhibitor,BCL2,UJVSRUOVYSHYAG-UHFFFAOYSA-N,"InChI=1S/C12H9Cl3N2O2/c1-16(2)10-9(15)11(18)17(12(10)19)6-3-4-7(13)8(14)5-6/h3-5H,1-2H3",33543,CN(C)C1=C(Cl)C(=O)N(C1=O)c2ccc(Cl)c(Cl)c2,NA
Input,VX222,-0.20582743,InputSig,NA,NA,LINCSCP_32550,MCF7,10uM,24h,breast,HCV inhibitor,NA,WPMJNLCLKAKMLA-UHFFFAOYSA-N,"InChI=1S/C25H35NO4S/c1-16-5-7-17(8-6-16)23(28)26(18-9-11-19(27)12-10-18)21-15-20(13-14-25(2,3)4)31-22(21)24(29)30/h15-19,27H,5-12H2,1-4H3,(H,29,30)",16434,CC1CCC(CC1)C(=O)N(C2CCC(O)CC2)c3cc(C#CC(C)(C)C)sc3C(=O)O,NA
Input,Tranylcypromine,-0.20581689,InputSig,NA,NA,LINCSCP_112552,HEPG2,3.33uM,24h,liver,Monoamine oxidase inhibitor,KDM1A|MAOA|MAOB,AELCINSCMGFISI-DTWKUNHWSA-N,"InChI=1S/C9H11N/c10-9-6-8(9)7-4-2-1-3-5-7/h1-5,8-9H,6,10H2/t8-,9+/m0/s1",38769,N[C@@H]1C[C@H]1c2ccccc2,NA
Input,SCHEMBL3655059,-0.20575233,InputSig,NA,NA,LINCSCP_6310,A549,10uM,24h,lung,DNA synthesis inhibitor,RRM1,HBUBKKRHXORPQB-VKJDSPIKSA-N,"InChI=1S/C10H12FN5O4/c11-10-14-7(12)4-8(15-10)16(2-13-4)9-6(19)5(18)3(1-17)20-9/h2-3,5-6,9,17-19H,1H2,(H2,12,14,15)/t3-,5?,6?,9-/m1/s1",23204,Nc1nc(F)nc2c1ncn2[C@@H]3O[C@H](CO)C(O)C3O,NA
Input,Gabexate,-0.20569636,InputSig,NA,NA,LINCSCP_262901,NPC,10uM,24h,neural progenitor cells,Serine protease inhibitor,PRSS1,YKGYIDJEEQRWQH-UHFFFAOYSA-N,"InChI=1S/C16H23N3O4/c1-2-22-15(21)12-7-9-13(10-8-12)23-14(20)6-4-3-5-11-19-16(17)18/h7-10H,2-6,11H2,1H3,(H4,17,18,19)",35889,CCOC(=O)c1ccc(OC(=O)CCCCCN=C(N)N)cc1,3
Input,BRD-K96403486,-0.20563656,InputSig,NA,NA,LINCSCP_20178,HCC515,10uM,6h,lung,NA,NA,FDBARYBHBHZYSL-WOGZVKCMSA-N,"InChI=1S/C33H41N5O7/c1-21-18-38(22(2)20-39)31(40)17-23-16-26(35-32(41)34-24-6-11-27(43-4)12-7-24)10-15-29(23)45-30(21)19-37(3)33(42)36-25-8-13-28(44-5)14-9-25/h6-16,21-22,30,39H,17-20H2,1-5H3,(H,36,42)(H2,34,35,41)/t21-,22-,30+/m1/s1",34175,COc1ccc(NC(=O)Nc2ccc3O[C@@H](CN(C)C(=O)Nc4ccc(OC)cc4)[C@H](C)CN([C@H](C)CO)C(=O)Cc3c2)cc1,NA
Input,SMR000031368,-0.2055973,InputSig,NA,NA,LINCSCP_188923,A549,10uM,24h,lung,NA,NA,RBYOCUDWQCQSAM-UHFFFAOYSA-N,"InChI=1S/C16H14N2O2/c1-20-15(19)11-18-14-10-6-5-9-13(14)16(17-18)12-7-3-2-4-8-12/h2-10H,11H2,1H3",15604,COC(=O)Cn1nc(c2ccccc2)c3ccccc13,NA
Input,Argatroban,-0.20547619,InputSig,NA,NA,LINCSCP_102782,HELA,0.04uM,24h,large intestine,NA,NA,KXNPVXPOPUZYGB-YZYLHUITSA-N,"InChI=1S/C23H36N6O5S/c1-14-8-10-29(18(12-14)22(31)32)21(30)17(6-4-9-26-23(24)25)28-35(33,34)19-7-3-5-16-11-15(2)13-27-20(16)19/h3,5,7,14-15,17-18,27-28H,4,6,8-13H2,1-2H3,(H,31,32)(H4,24,25,26)/t14-,15?,17+,18+/m1/s1",26482,C[C@@H]1CCN([C@@H](C1)C(=O)O)C(=O)[C@H](CCCNC(=N)N)NS(=O)(=O)c2cccc3CC(C)CNc23,NA
Input,Argatroban,-0.20547619,InputSig,NA,NA,LINCSCP_102782,HELA,0.04uM,24h,large intestine,NA,NA,KXNPVXPOPUZYGB-IOVMHBDKSA-N,"InChI=1S/C23H36N6O5S/c1-14-8-10-29(18(12-14)22(31)32)21(30)17(6-4-9-26-23(24)25)28-35(33,34)19-7-3-5-16-11-15(2)13-27-20(16)19/h3,5,7,14-15,17-18,27-28H,4,6,8-13H2,1-2H3,(H,31,32)(H4,24,25,26)/t14-,15?,17+,18-/m1/s1",1476,C[C@@H]1CCN([C@H](C1)C(=O)O)C(=O)[C@H](CCCN=C(N)N)NS(=O)(=O)c2cccc3CC(C)CNc23,4
Input,SR-02000000367,-0.20545284,InputSig,NA,NA,LINCSCP_5519,A549,10uM,6h,lung,NA,NA,RCOIZIFMFNASTI-UHFFFAOYSA-N,"InChI=1S/C19H17ClN2O3/c1-3-13-4-6-14(7-5-13)22-19(23)18(17(20)12-21-22)25-16-10-8-15(24-2)9-11-16/h4-12H,3H2,1-2H3",35778,CCc1ccc(cc1)N2N=CC(=C(Oc3ccc(OC)cc3)C2=O)Cl,NA
Input,GSK-319347A,-0.20542899,InputSig,NA,NA,LINCSCP_55493,U937,5uM,6h,haematopoietic and lymphoid tissue,IKK inhibitor,IKBKG,LDTAHRLHGHFHKP-UHFFFAOYSA-N,"InChI=1S/C22H19N3O5S2/c1-28-17-8-15-16(9-18(17)29-2)25(13-24-15)22-10-19(20(11-23)31-22)30-12-14-6-4-5-7-21(14)32(3,26)27/h4-10,13H,12H2,1-3H3",35292,COc1cc2ncn(c3cc(OCc4ccccc4S(=O)(=O)C)c(C#N)s3)c2cc1OC,NA
Input,BRD-K31315646,-0.20539925,InputSig,NA,NA,LINCSCP_253905,MCF7,1uM,24h,breast,NA,NA,PLFJTCJSGHSPAZ-XZSZPMDUSA-N,"InChI=1S/C33H54N4O6/c1-22(2)34-33(41)36(6)20-30-23(3)19-37(24(4)21-38)32(40)28-18-27(35-31(39)26-13-8-7-9-14-26)15-16-29(28)43-25(5)12-10-11-17-42-30/h15-16,18,22-26,30,38H,7-14,17,19-21H2,1-6H3,(H,34,41)(H,35,39)/t23-,24-,25-,30-/m0/s1",5023,CC(C)NC(=O)N(C)C[C@@H]1OCCCC[C@H](C)Oc2ccc(NC(=O)C3CCCCC3)cc2C(=O)N(C[C@@H]1C)[C@@H](C)CO,NA
Input,Pindolol,-0.2053168,InputSig,NA,NA,LINCSCP_143139,MCF7,0.12uM,24h,breast,Adrenergic receptor antagonist,ADRB1|ADRB2|HTR1A,JZQKKSLKJUAGIC-UHFFFAOYSA-N,"InChI=1S/C14H20N2O2/c1-10(2)16-8-11(17)9-18-14-5-3-4-13-12(14)6-7-15-13/h3-7,10-11,15-17H,8-9H2,1-2H3",15337,CC(C)NCC(O)COc1cccc2[nH]ccc12,4
Input,Ropinirole,-0.2052599,InputSig,NA,NA,LINCSCP_101525,HELA,10uM,24h,large intestine,Dopamine receptor agonist,DRD2|DRD3|DRD4,UHSKFQJFRQCDBE-UHFFFAOYSA-N,"InChI=1S/C16H24N2O/c1-3-9-18(10-4-2)11-8-13-6-5-7-15-14(13)12-16(19)17-15/h5-7H,3-4,8-12H2,1-2H3,(H,17,19)",35567,CCCN(CCC)CCc1cccc2NC(=O)Cc12,4
Input,PH-797804,-0.20524264,InputSig,NA,NA,LINCSCP_144009,MCF7,0.12uM,24h,breast,MAP kinase p38 alpha inhibitor,MAPK14,KCAJXIDMCNPGHZ-UHFFFAOYSA-N,"InChI=1S/C22H19BrF2N2O3/c1-12-4-5-14(21(28)26-3)9-18(12)27-13(2)8-19(20(23)22(27)29)30-11-15-6-7-16(24)10-17(15)25/h4-10H,11H2,1-3H3,(H,26,28)",31510,CNC(=O)c1ccc(C)c(c1)N2C(=CC(=C(Br)C2=O)OCc3ccc(F)cc3F)C,2
Input,BRD-K25125608,-0.20517436,InputSig,NA,NA,LINCSCP_60152,VCAP,5uM,24h,prostate,NA,NA,MNWVVWQDNRNIMM-WZOHSFFVSA-N,"InChI=1S/C26H34FN3O6S2/c1-19-16-30(20(2)18-31)38(34,35)26-12-11-21(8-7-13-28(3)4)14-24(26)36-25(19)17-29(5)37(32,33)23-10-6-9-22(27)15-23/h6,9-12,14-15,19-20,25,31H,13,16-18H2,1-5H3/t19-,20+,25+/m0/s1",22536,C[C@H](CO)N1C[C@H](C)[C@@H](CN(C)S(=O)(=O)c2cccc(F)c2)Oc3cc(ccc3S1(=O)=O)C#CCN(C)C,NA
Input,Anidulafungin,-0.20516366,InputSig,NA,NA,LINCSCP_109956,HELA,0.37uM,24h,large intestine,NA,NA,JHVAMHSQVVQIOT-UHFFFAOYSA-N,"InChI=1S/C58H73N7O17/c1-5-6-7-24-82-40-22-18-35(19-23-40)33-10-8-32(9-11-33)34-12-14-37(15-13-34)51(74)59-41-26-43(70)54(77)63-56(79)47-48(71)29(2)27-65(47)58(81)45(31(4)67)61-55(78)46(50(73)49(72)36-16-20-38(68)21-17-36)62-53(76)42-25-39(69)28-64(42)57(80)44(30(3)66)60-52(41)75/h8-23,29-31,39,41-50,54,66-73,77H,5-7,24-28H2,1-4H3,(H,59,74)(H,60,75)(H,61,78)(H,62,76)(H,63,79)",26734,CCCCCOc1ccc(cc1)c2ccc(cc2)c3ccc(cc3)C(=O)NC4CC(O)C(O)NC(=O)C5C(O)C(C)CN5C(=O)C(NC(=O)C(NC(=O)C6CC(O)CN6C(=O)C(NC4=O)C(C)O)C(O)C(O)c7ccc(O)cc7)C(C)O,NA
Input,BRD-K84838433,-0.20500902,InputSig,NA,NA,LINCSCP_298658,VCAP,5uM,6h,prostate,NA,NA,OLGOXCLKPVLFFW-QZTZHPFYSA-N,"InChI=1S/C26H29FN4O5S/c1-17-14-31(18(2)16-32)26(33)23-12-20(19-8-10-28-11-9-19)13-29-25(23)36-24(17)15-30(3)37(34,35)22-6-4-21(27)5-7-22/h4-13,17-18,24,32H,14-16H2,1-3H3/t17-,18-,24-/m1/s1",8290,C[C@H](CO)N1C[C@@H](C)[C@@H](CN(C)S(=O)(=O)c2ccc(F)cc2)Oc3ncc(cc3C1=O)c4ccncc4,NA
Input,VX-661,-0.20498915,InputSig,NA,NA,LINCSCP_162225,PC3,3.33uM,24h,prostate,Cystic fibrosis transmembrane conductance regulator positive modulator,CFTR,MJUVRTYWUMPBTR-MRXNPFEDSA-N,"InChI=1S/C26H27F3N2O6/c1-24(2,13-33)22-8-14-7-18(17(27)10-19(14)31(22)11-16(34)12-32)30-23(35)25(5-6-25)15-3-4-20-21(9-15)37-26(28,29)36-20/h3-4,7-10,16,32-34H,5-6,11-13H2,1-2H3,(H,30,35)/t16-/m1/s1",26770,CC(C)(CO)c1cc2cc(NC(=O)C3(CC3)c4ccc5OC(F)(F)Oc5c4)c(F)cc2n1C[C@@H](O)CO,3
Input,Vandetanib,-0.20491625,InputSig,NA,NA,LINCSCP_84371,ASC,3.33uM,24h,adipose,Ephrin receptor inhibitor|Epidermal growth factor receptor inhibitor|Tyrosine-protein kinase BRK inhibitor|Tyrosine-protein kinase receptor RET inhibitor|Tyrosine-protein kinase SRC inhibitor|Tyrosine-protein kinase TIE-2 inhibitor|Vascular endothelial growth factor receptor inhibitor,EGFR|EPHA1|EPHA10|EPHA2|EPHA3|EPHA4|EPHA5|EPHA6|EPHA7|EPHA8|EPHB1|EPHB2|EPHB3|EPHB4|EPHB6|ERBB2|ERBB3|ERBB4|FLT1|FLT4|KDR|PTK6|RET|SRC|TEK,UHTHHESEBZOYNR-UHFFFAOYSA-N,"InChI=1S/C22H24BrFN4O2/c1-28-7-5-14(6-8-28)12-30-21-11-19-16(10-20(21)29-2)22(26-13-25-19)27-18-4-3-15(23)9-17(18)24/h3-4,9-11,13-14H,5-8,12H2,1-2H3,(H,25,26,27)",35290,COc1cc2c(Nc3ccc(Br)cc3F)ncnc2cc1OCC4CCN(C)CC4,4
Input,AZD-8330,-0.20483642,InputSig,NA,NA,LINCSCP_87702,HA1E,0.37uM,24h,kidney epithelial,MEK inhibitor,MAP2K1|MAP2K2,RWEVIPRMPFNTLO-UHFFFAOYSA-N,"InChI=1S/C16H17FIN3O4/c1-9-7-11(15(23)20-25-6-5-22)14(21(2)16(9)24)19-13-4-3-10(18)8-12(13)17/h3-4,7-8,19,22H,5-6H2,1-2H3,(H,20,23)",37854,CN1C(=O)C(=CC(=C1Nc2ccc(I)cc2F)C(=O)NOCCO)C,1
Input,Primidone,-0.20478807,InputSig,NA,NA,LINCSCP_14713,HA1E,10uM,24h,kidney epithelial,GABA receptor antagonist,GABRA1|GABRA2|GABRA3|GABRA4|GABRA5|GABRA6|GABRB1|GABRB2|GABRB3|GABRD|GABRE|GABRG1|GABRG2|GABRG3|GABRP|GABRQ|SCN10A|SCN11A|SCN1A|SCN2A|SCN3A|SCN4A|SCN5A|SCN7A|SCN8A|SCN9A,DQMZLTXERSFNPB-UHFFFAOYSA-N,"InChI=1S/C12H14N2O2/c1-2-12(9-6-4-3-5-7-9)10(15)13-8-14-11(12)16/h3-7H,2,8H2,1H3,(H,13,15)(H,14,16)",24989,CCC1(C(=O)NCNC1=O)c2ccccc2,4
Input,HG-9-91-01,-0.20476756,InputSig,NA,NA,LINCSCP_146563,NEU,1.11uM,24h,NA,NA,NA,YVHQGJBMHCXEPW-UHFFFAOYSA-N,"InChI=1S/C33H39N7O4/c1-22-8-7-9-23(2)32(22)37-33(41)40(27-13-11-25(42-4)19-29(27)44-6)31-20-30(34-21-35-31)36-26-12-10-24(18-28(26)43-5)39-16-14-38(3)15-17-39/h7-13,18-21H,14-17H2,1-6H3,(H,37,41)(H,34,35,36)",22308,COc1ccc(N(C(=O)Nc2c(C)cccc2C)c3cc(Nc4ccc(cc4OC)N5CCN(C)CC5)ncn3)c(OC)c1,NA
Input,Nicotin-Amide,-0.20467789,InputSig,NA,NA,LINCSCP_169251,YAPC,0.37uM,24h,pancreas,Protein synthesis stimulant,PARP1,DFPAKSUCGFBDDF-UHFFFAOYSA-N,"InChI=1S/C6H6N2O/c7-6(9)5-2-1-3-8-4-5/h1-4H,(H2,7,9)",36625,NC(=O)c1cccnc1,4
Input,BRD-K76876037,-0.20466062,InputSig,NA,NA,LINCSCP_27593,HT29,5uM,24h,large intestine,NA,NA,PBTCYEHOLZFKGG-QRVBRYPASA-N,"InChI=1S/C21H29N3O4/c1-13(2)22-21(27)24-18-8-7-17(28-19(18)12-25)11-20(26)23-16-9-14-5-3-4-6-15(14)10-16/h3-8,13,16-19,25H,9-12H2,1-2H3,(H,23,26)(H2,22,24,27)/t17-,18-,19+/m1/s1",5737,CC(C)NC(=O)N[C@@H]1C=C[C@H](CC(=O)NC2Cc3ccccc3C2)O[C@H]1CO,NA
Input,BRD-K13369161,-0.20465797,InputSig,NA,NA,LINCSCP_48733,PC3,10uM,24h,prostate,NA,NA,VYSPFUUZGAOWHP-WPFOTENUSA-N,"InChI=1S/C25H33N3O3/c1-17(2)6-5-7-18-10-12-19(13-11-18)24-21-14-27(15-23(30)28(21)22(24)16-29)25(31)26-20-8-3-4-9-20/h10-13,17,20-22,24,29H,3-4,6,8-9,14-16H2,1-2H3,(H,26,31)/t21-,22-,24+/m0/s1",11911,CC(C)CC#Cc1ccc(cc1)[C@H]2[C@H](CO)N3[C@H]2CN(CC3=O)C(=O)NC4CCCC4,NA
Input,Daminozide,-0.20459793,InputSig,NA,NA,LINCSCP_100714,HCC515,1.11uM,24h,lung,NA,NA,NOQGZXFMHARMLW-UHFFFAOYSA-N,"InChI=1S/C6H12N2O3/c1-8(2)7-5(9)3-4-6(10)11/h3-4H2,1-2H3,(H,7,9)(H,10,11)",40382,CN(C)NC(=O)CCC(=O)O,NA
Input,Ricolinostat,-0.20459506,InputSig,NA,NA,LINCSCP_128785,HUVEC,0.12uM,24h,umbilical vein,NA,NA,QGZYDVAGYRLSKP-UHFFFAOYSA-N,"InChI=1S/C24H27N5O3/c30-22(28-32)15-9-1-2-10-16-25-23(31)19-17-26-24(27-18-19)29(20-11-5-3-6-12-20)21-13-7-4-8-14-21/h3-8,11-14,17-18,32H,1-2,9-10,15-16H2,(H,25,31)(H,28,30)",16569,ONC(=O)CCCCCCNC(=O)c1cnc(nc1)N(c2ccccc2)c3ccccc3,1
Input,Pevonedistat,-0.20452011,InputSig,NA,NA,LINCSCP_41744,NKDBA,0.5uM,24h,kidney epithelial,Nedd activating enzyme inhibitor,NAE1|UBA3,MPUQHZXIXSTTDU-QXGSTGNESA-N,"InChI=1S/C21H25N5O4S/c22-31(28,29)30-11-14-9-15(10-19(14)27)26-8-7-17-20(23-12-24-21(17)26)25-18-6-5-13-3-1-2-4-16(13)18/h1-4,7-8,12,14-15,18-19,27H,5-6,9-11H2,(H2,22,28,29)(H,23,24,25)/t14-,15+,18-,19-/m0/s1",36695,NS(=O)(=O)OC[C@@H]1C[C@H](C[C@@H]1O)n2ccc3c(N[C@H]4CCc5ccccc45)ncnc23,2
Input,Alpelisib,-0.20446498,InputSig,NA,NA,LINCSCP_130716,MCF10A,3.33uM,24h,breast epithelial,PI3-kinase p110-alpha subunit inhibitor,PIK3CA,STUWGJZDJHPWGZ-LBPRGKRZSA-N,"InChI=1S/C19H22F3N5O2S/c1-10-14(11-6-7-24-13(9-11)18(2,3)19(20,21)22)30-16(25-10)26-17(29)27-8-4-5-12(27)15(23)28/h6-7,9,12H,4-5,8H2,1-3H3,(H2,23,28)(H,25,26,29)/t12-/m0/s1",15059,Cc1nc(NC(=O)N2CCC[C@H]2C(=O)N)sc1c3ccnc(c3)C(C)(C)C(F)(F)F,3
Input,KUC103671,-0.2044645,InputSig,NA,NA,LINCSCP_178252,A375,10uM,6h,skin,NA,NA,DSSXORGEYXPNQS-UHFFFAOYSA-N,InChI=1S/C13H8FNOS/c14-9-6-7-11-12(8-9)17-15(13(11)16)10-4-2-1-3-5-10/h1-8H,34266,Fc1ccc2C(=O)N(Sc2c1)c3ccccc3,NA
Input,CHEMDIV3_009089,-0.20446027,InputSig,NA,NA,LINCSCP_23328,HEPG2,3uM,24h,liver,NA,NA,BDVBVSQVSNXJDM-UHFFFAOYSA-N,"InChI=1S/C25H29N5OS/c1-16(2)13-21-22(23(31)27-20-11-6-5-7-12-20)18(4)26-24-28-25(29-30(21)24)32-15-19-10-8-9-17(3)14-19/h5-12,14,16,21H,13,15H2,1-4H3,(H,27,31)(H,26,28,29)",31575,CC(C)CC1C(=C(C)Nc2nc(SCc3cccc(C)c3)nn12)C(=O)Nc4ccccc4,NA
Input,Venlafaxine,-0.20443743,InputSig,NA,NA,LINCSCP_94757,HA1E,0.12uM,24h,kidney epithelial,Adrenergic inhibitor|Norepinephrine reuptake inhibitor|Serotonin reuptake inhibitor,SLC6A2|SLC6A4,PNVNVHUZROJLTJ-UHFFFAOYSA-N,"InChI=1S/C17H27NO2/c1-18(2)13-16(17(19)11-5-4-6-12-17)14-7-9-15(20-3)10-8-14/h7-10,16,19H,4-6,11-13H2,1-3H3",15259,COc1ccc(cc1)C(CN(C)C)C2(O)CCCCC2,4
Input,PF-04691502,-0.20442414,InputSig,NA,NA,LINCSCP_74863,A375,0.37uM,24h,skin,PI3-kinase class I inhibitor|Serine/threonine-protein kinase mTOR inhibitor,MTOR|PIK3CA|PIK3CB|PIK3CD|PIK3CG|PIK3R1|PIK3R2|PIK3R3|PIK3R5,XDLYKKIQACFMJG-WKILWMFISA-N,"InChI=1S/C22H27N5O4/c1-13-17-11-18(14-3-8-19(30-2)24-12-14)21(29)27(20(17)26-22(23)25-13)15-4-6-16(7-5-15)31-10-9-28/h3,8,11-12,15-16,28H,4-7,9-10H2,1-2H3,(H2,23,25,26)/t15-,16-",26449,COc1ccc(cn1)C2=Cc3c(C)nc(N)nc3N([C@@H]4CC[C@H](CC4)OCCO)C2=O,2
Input,SCHEMBL6463646,-0.20432776,InputSig,NA,NA,LINCSCP_294812,VCAP,10uM,24h,prostate,NA,NA,LHUPWNMUDNKYCT-DGIFUFQNSA-N,"InChI=1S/C33H35FN4O6S/c1-21-18-38(22(2)20-39)32(40)27-11-7-13-29(36-33(41)35-28-12-6-9-23-8-4-5-10-26(23)28)31(27)44-30(21)19-37(3)45(42,43)25-16-14-24(34)15-17-25/h4-17,21-22,30,39H,18-20H2,1-3H3,(H2,35,36,41)/t21-,22+,30+/m1/s1",38779,C[C@@H](CO)N1C[C@@H](C)[C@H](CN(C)S(=O)(=O)c2ccc(F)cc2)Oc3c(NC(=O)Nc4cccc5ccccc45)cccc3C1=O,NA
Input,SMR000046567,-0.20431318,InputSig,NA,NA,LINCSCP_45340,PC3,10uM,24h,prostate,NA,NA,WEAXENWHNHWGBP-UHFFFAOYSA-N,"InChI=1S/C18H23N5OS/c1-11-10-12(2)23(22-11)18-20-16(19-8-5-9-24)15-13-6-3-4-7-14(13)25-17(15)21-18/h10,24H,3-9H2,1-2H3,(H,19,20,21)",1242,Cc1cc(C)n(n1)c2nc(NCCCO)c3c4CCCCc4sc3n2,NA
Input,BRD-K86858124-001-01-2,-0.20430039,InputSig,NA,NA,LINCSCP_47570,PC3,10uM,24h,prostate,Tubulin inhibitor,NR1I2|TUBB,RCINICONZNJXQF-WMOYPHJMSA-N,"InChI=1S/C47H51NO14/c1-25-31(60-43(56)36(52)35(28-16-10-7-11-17-28)48-41(54)29-18-12-8-13-19-29)23-47(57)40(61-42(55)30-20-14-9-15-21-30)38-45(6,32(51)22-33-46(38,24-58-33)62-27(3)50)39(53)37(59-26(2)49)34(25)44(47,4)5/h7-21,31-33,35-38,40,51-52,57H,22-24H2,1-6H3,(H,48,54)/t31-,32-,33-,35-,36+,37+,38+,40-,45+,46-,47+/m0/s1",23349,CC(=O)O[C@H]1C(=O)[C@]2(C)[C@@H](O)C[C@@H]3OC[C@@]3(OC(=O)C)[C@@H]2[C@H](OC(=O)c4ccccc4)[C@]5(O)C[C@H](OC(=O)[C@H](O)[C@@H](NC(=O)c6ccccc6)c7ccccc7)C(=C1C5(C)C)C,NA
Input,Benzylpenicillin,-0.20426909,InputSig,NA,NA,LINCSCP_44651,PC3,10uM,6h,prostate,Penicillin binding protein inhibitor,NA,JGSARLDLIJGVTE-MBNYWOFBSA-N,"InChI=1S/C16H18N2O4S/c1-16(2)12(15(21)22)18-13(20)11(14(18)23-16)17-10(19)8-9-6-4-3-5-7-9/h3-7,11-12,14H,8H2,1-2H3,(H,17,19)(H,21,22)/t11-,12+,14-/m1/s1",35856,CC1(C)S[C@@H]2[C@H](NC(=O)Cc3ccccc3)C(=O)N2[C@H]1C(=O)O,4
Input,YC1,-0.20425317,InputSig,NA,NA,LINCSCP_44244,PC3,10uM,24h,prostate,Guanylyl cyclase activator,GUCY1A2|HIF1A,OQQVFCKUDYMWGV-UHFFFAOYSA-N,"InChI=1S/C19H16N2O2/c22-13-15-10-11-18(23-15)19-16-8-4-5-9-17(16)21(20-19)12-14-6-2-1-3-7-14/h1-11,22H,12-13H2",35896,OCc1oc(cc1)c2nn(Cc3ccccc3)c4ccccc24,NA
Input,Avrainvillamide Analog 3,-0.2040752,InputSig,NA,NA,LINCSCP_38495,MCF7,0.37uM,24h,breast,Nucleophosmin inhibitor,NA,UZVYVYWYDBONHR-SSKFGXFMSA-N,"InChI=1S/C22H21N3O5/c1-20(2)16-9-21-4-3-5-24(21)19(27)22(16,23-18(21)26)8-12-11-6-14-15(30-10-29-14)7-13(11)25(28)17(12)20/h6-8,16H,3-5,9-10H2,1-2H3,(H,23,26)/t16-,21-,22-/m0/s1",26556,CC1(C)[C@@H]2C[C@]34CCCN3C(=O)[C@]2(NC4=O)C=C5C1=[N+]([O-])c6cc7OCOc7cc56,NA
Input,BRD-K50696746,-0.20405099,InputSig,NA,NA,LINCSCP_60387,VCAP,5uM,24h,prostate,NA,NA,FZSLNURVQGYNPU-DRSNIGMVSA-N,"InChI=1S/C24H29N3O4/c1-16-14-27(17(2)15-28)24(29)21-11-19(12-26-23(21)31-22(16)13-25-3)9-8-18-6-5-7-20(10-18)30-4/h5-7,10-12,16-17,22,25,28H,13-15H2,1-4H3/t16-,17-,22-/m1/s1",22663,CNC[C@H]1Oc2ncc(cc2C(=O)N(C[C@H]1C)[C@H](C)CO)C#Cc3cccc(OC)c3,NA
Input,BRD-A68202111,-0.20400873,InputSig,NA,NA,LINCSCP_141846,MCF7,3.33uM,24h,breast,NA,NA,NA,NA,NA,NA,NA
Input,MLS001116189,-0.20398273,InputSig,NA,NA,LINCSCP_46215,PC3,10uM,24h,prostate,NA,NA,UMBCEWOZRUBUBU-UHFFFAOYSA-N,"InChI=1S/C18H18ClN5O3S2/c1-10(2)16-23-24-17(28-16)22-15(25)14-13(19)8-20-18(21-14)29(26,27)9-12-6-4-5-11(3)7-12/h4-8,10H,9H2,1-3H3,(H,22,24,25)",36669,CC(C)c1nnc(NC(=O)c2nc(ncc2Cl)S(=O)(=O)Cc3cccc(C)c3)s1,NA
Input,Moxifloxacin,-0.20395252,InputSig,NA,NA,LINCSCP_46803,PC3,10uM,24h,prostate,Bacterial DNA gyrase inhibitor,NA,FABPRXSRWADJSP-MEDUHNTESA-N,"InChI=1S/C21H24FN3O4/c1-29-20-17-13(19(26)14(21(27)28)9-25(17)12-4-5-12)7-15(22)18(20)24-8-11-3-2-6-23-16(11)10-24/h7,9,11-12,16,23H,2-6,8,10H2,1H3,(H,27,28)/t11-,16+/m0/s1",16394,COc1c(N2C[C@@H]3CCCN[C@@H]3C2)c(F)cc4C(=O)C(=CN(C5CC5)c14)C(=O)O,4
Input,BRD-K13765840,-0.20394206,InputSig,NA,NA,LINCSCP_60660,VCAP,5uM,6h,prostate,NA,NA,DEGZSTUNWMGQCY-DRSNIGMVSA-N,"InChI=1S/C24H34N6O6/c1-16-10-30(17(2)13-31)23(32)5-4-8-29-11-19(26-27-29)14-34-22(16)12-28(3)24(33)25-18-6-7-20-21(9-18)36-15-35-20/h6-7,9,11,16-17,22,31H,4-5,8,10,12-15H2,1-3H3,(H,25,33)/t16-,17-,22-/m1/s1",485,C[C@H](CO)N1C[C@@H](C)[C@@H](CN(C)C(=O)Nc2ccc3OCOc3c2)OCc4cn(CCCC1=O)nn4,NA
Input,Dihydrocapsaicin,-0.2039017,InputSig,NA,NA,LINCSCP_43621,NPC,10uM,6h,neural progenitor cells,TRPV agonist,NA,XJQPQKLURWNAAH-UHFFFAOYSA-N,"InChI=1S/C18H29NO3/c1-14(2)8-6-4-5-7-9-18(21)19-13-15-10-11-16(20)17(12-15)22-3/h10-12,14,20H,4-9,13H2,1-3H3,(H,19,21)",39942,COc1cc(CNC(=O)CCCCCCC(C)C)ccc1O,NA
Input,"Pfmrk inhibitor, wr 216174",-0.20389039,InputSig,NA,NA,LINCSCP_7452,A549,10uM,6h,lung,PFMRK inhibitor,NA,VVBIXEJMWRHSLL-JYRVWZFOSA-N,"InChI=1S/C16H9BrFNO2/c17-10-3-6-14-12(7-10)13(16(21)19-14)8-15(20)9-1-4-11(18)5-2-9/h1-8H,(H,19,21)/b13-8-",25588,Fc1ccc(cc1)C(=O)\C=C\2/C(=O)Nc3ccc(Br)cc23,NA
Input,BRD-K87838816,-0.20383805,InputSig,NA,NA,LINCSCP_197377,A549,5uM,24h,lung,NA,NA,OUTWOBHUWTVFCP-MKXGPGLRSA-N,"InChI=1S/C21H29F3N2O4/c1-25(2)20(28)9-17-7-8-18-19(30-17)13-29-12-16(27)11-26(18)10-14-3-5-15(6-4-14)21(22,23)24/h3-6,16-19,27H,7-13H2,1-2H3/t16-,17-,18-,19+/m1/s1",4506,CN(C)C(=O)C[C@H]1CC[C@@H]2[C@H](COC[C@H](O)CN2Cc3ccc(cc3)C(F)(F)F)O1,NA
Input,Cefdinir,-0.20379604,InputSig,NA,NA,LINCSCP_134888,MCF7,0.12uM,24h,breast,NA,NA,RTXOFQZKPXMALH-PRHODGIISA-N,"InChI=1S/C14H13N5O5S2/c1-2-5-3-25-12-8(11(21)19(12)9(5)13(22)23)17-10(20)7(18-24)6-4-26-14(15)16-6/h2,4,8,12,24H,1,3H2,(H2,15,16)(H,17,20)(H,22,23)/t8-,12-/m1/s1",36390,Nc1nc(cs1)C(=NO)C(=O)N[C@H]2[C@H]3SCC(=C(N3C2=O)C(=O)O)C=C,NA
Input,SA-441145,-0.20375218,InputSig,NA,NA,LINCSCP_252586,MCF7,10uM,24h,breast,NA,NA,HGWAOVZJNBZMAA-RNHFSVANSA-N,"InChI=1S/C27H38N4O6S/c1-18(2)28-27(34)29-22-11-12-24-21(13-22)14-26(33)31(20(4)17-32)15-19(3)25(37-24)16-30(5)38(35,36)23-9-7-6-8-10-23/h6-13,18-20,25,32H,14-17H2,1-5H3,(H2,28,29,34)/t19-,20+,25+/m1/s1",11878,CC(C)NC(=O)Nc1ccc2O[C@@H](CN(C)S(=O)(=O)c3ccccc3)[C@H](C)CN([C@@H](C)CO)C(=O)Cc2c1,NA
Input,Chloroguanide,-0.20373821,InputSig,NA,NA,LINCSCP_290085,VCAP,10uM,24h,prostate,Dihydrofolate reductase inhibitor,NA,SSOLNOMRVKKSON-UHFFFAOYSA-N,"InChI=1S/C11H16ClN5/c1-7(2)15-10(13)17-11(14)16-9-5-3-8(12)4-6-9/h3-7H,1-2H3,(H5,13,14,15,16,17)",3401,CC(C)NC(=N)NC(=N)Nc1ccc(Cl)cc1,4
Input,ALX-5407,-0.20368525,InputSig,NA,NA,LINCSCP_158306,PC3,0.04uM,24h,prostate,Glycine transporter inhibitor,SLC6A9,FDORQEIHOKEJNX-HSZRJFAPSA-N,"InChI=1S/C24H24FNO3/c1-26(17-24(27)28)16-15-23(20-7-11-21(25)12-8-20)29-22-13-9-19(10-14-22)18-5-3-2-4-6-18/h2-14,23H,15-17H2,1H3,(H,27,28)/t23-/m1/s1",35844,CN(CC[C@@H](Oc1ccc(cc1)c2ccccc2)c3ccc(F)cc3)CC(=O)O,NA
Input,Avagacestat (BMS-708163),-0.2036626,InputSig,NA,NA,LINCSCP_160095,PC3,3.33uM,24h,prostate,Gamma-secretase inhibitor,APH1A|APH1B|NCSTN|PSEN1|PSEN2|PSENEN,XEAOPVUAMONVLA-QGZVFWFLSA-N,"InChI=1S/C20H17ClF4N4O4S/c21-14-3-5-15(6-4-14)34(31,32)29(17(18(26)30)7-8-20(23,24)25)10-13-2-1-12(9-16(13)22)19-27-11-33-28-19/h1-6,9,11,17H,7-8,10H2,(H2,26,30)/t17-/m1/s1",26735,NC(=O)[C@@H](CCC(F)(F)F)N(Cc1ccc(cc1F)c2nocn2)S(=O)(=O)c3ccc(Cl)cc3,2
Input,Vidarabine,-0.20365934,InputSig,NA,NA,LINCSCP_97486,HA1E,0.04uM,24h,kidney epithelial,Human herpesvirus 1 DNA polymerase inhibitor,ADA,OIRDTQYFTABQOQ-UHTZMRCNSA-N,"InChI=1S/C10H13N5O4/c11-8-5-9(13-2-12-8)15(3-14-5)10-7(18)6(17)4(1-16)19-10/h2-4,6-7,10,16-18H,1H2,(H2,11,12,13)/t4-,6-,7+,10-/m1/s1",16413,Nc1ncnc2c1ncn2[C@@H]3O[C@H](CO)[C@@H](O)[C@@H]3O,4
Input,BRD-K91758467,-0.20365257,InputSig,NA,NA,LINCSCP_63852,VCAP,5uM,6h,prostate,NA,NA,XKLJDQDBSRSGED-RCTAOEEJSA-N,"InChI=1S/C27H37N3O4S/c31-22-16-30(17-26-28-10-13-35-26)24-7-6-23(34-25(24)19-33-18-22)15-27(32)29-11-8-21(9-12-29)14-20-4-2-1-3-5-20/h1-5,10,13,21-25,31H,6-9,11-12,14-19H2/t22-,23+,24-,25+/m1/s1",25242,O[C@H]1COC[C@@H]2O[C@H](CC(=O)N3CCC(Cc4ccccc4)CC3)CC[C@H]2N(Cc5nccs5)C1,NA
Input,ZINC00158302,-0.20361769,InputSig,NA,NA,LINCSCP_242762,MCF7,10uM,6h,breast,NA,NA,XWHGBBYCNYAEFF-UHFFFAOYSA-N,InChI=1S/C15H10ClN3O/c16-12-6-8-13(9-7-12)19-17-10-14(18-19)15(20)11-4-2-1-3-5-11/h1-10H,22256,Clc1ccc(cc1)n2ncc(n2)C(=O)c3ccccc3,NA
Input,MLS003128613,-0.20353412,InputSig,NA,NA,LINCSCP_45552,PC3,10uM,24h,prostate,NA,NA,KACBDTJKYGZZRI-UHFFFAOYSA-N,"InChI=1S/C21H19ClN8OS/c22-13-1-2-15-16(9-13)26-17(25-15)10-23-19-18-20(30(12-24-18)14-3-8-32-11-14)28-21(27-19)29-4-6-31-7-5-29/h1-3,8-9,11-12H,4-7,10H2,(H,25,26)(H,23,27,28)",7103,Clc1ccc2[nH]c(CNc3nc(nc4c3ncn4c5ccsc5)N6CCOCC6)nc2c1,NA
Input,Isoconazole,-0.20347388,InputSig,NA,NA,LINCSCP_80737,A375,3.33uM,24h,skin,NA,NA,MPIPASJGOJYODL-UHFFFAOYSA-N,"InChI=1S/C18H14Cl4N2O/c19-12-4-5-13(17(22)8-12)18(9-24-7-6-23-11-24)25-10-14-15(20)2-1-3-16(14)21/h1-8,11,18H,9-10H2",38778,Clc1ccc(C(Cn2ccnc2)OCc3c(Cl)cccc3Cl)c(Cl)c1,4
Input,BRD-K53619921,-0.20343517,InputSig,NA,NA,LINCSCP_27547,HT29,5uM,24h,large intestine,NA,NA,ASLPZONUTGKWLH-SFHLNBCPSA-N,"InChI=1S/C22H37N5O4/c28-16-21-19(23-22(29)15-26-10-12-30-13-11-26)7-6-18(31-21)8-9-27-14-20(24-25-27)17-4-2-1-3-5-17/h14,17-19,21,28H,1-13,15-16H2,(H,23,29)/t18-,19-,21-/m1/s1",3529,OC[C@H]1O[C@@H](CCn2cc(nn2)C3CCCCC3)CC[C@H]1NC(=O)CN4CCOCC4,NA
Input,GSK-923295,-0.20339951,InputSig,NA,NA,LINCSCP_155427,PC3,3.33uM,24h,prostate,NA,NA,WHMXDBPHBVLYRC-OFVILXPXSA-N,"InChI=1S/C32H38ClN5O4/c1-20(2)42-29-13-12-24(16-27(29)33)32(41)35-25(17-34-30(40)19-37(4)5)15-22-8-10-23(11-9-22)28-18-38-14-6-7-26(21(3)39)31(38)36-28/h6-14,16,18,20-21,25,39H,15,17,19H2,1-5H3,(H,34,40)(H,35,41)/t21-,25-/m0/s1",26892,CC(C)Oc1ccc(cc1Cl)C(=O)N[C@H](CNC(=O)CN(C)C)Cc2ccc(cc2)c3cn4cccc([C@H](C)O)c4n3,NA
Input,BRD-K61683215,-0.20323273,InputSig,NA,NA,LINCSCP_63232,VCAP,5uM,24h,prostate,NA,NA,RISZPRWRWDPXQV-IHLLOCCUSA-N,"InChI=1S/C27H29F2N3O6/c1-31-22-6-4-18(14-25(33)32-8-10-36-11-9-32)38-24(22)15-37-23-7-3-17(13-19(23)27(31)35)30-26(34)16-2-5-20(28)21(29)12-16/h2-3,5,7,12-13,18,22,24H,4,6,8-11,14-15H2,1H3,(H,30,34)/t18-,22-,24-/m1/s1",24833,CN1[C@@H]2CC[C@H](CC(=O)N3CCOCC3)O[C@@H]2COc4ccc(NC(=O)c5ccc(F)c(F)c5)cc4C1=O,NA
Input,CTK8H3236,-0.20322081,InputSig,NA,NA,LINCSCP_40962,NEU,10uM,24h,NA,Tachykinin antagonist,TACR1,PCVSIMQAFWRUEC-UHFFFAOYSA-N,"InChI=1S/C33H33N5O5/c1-36(22-23-10-3-2-4-11-23)32(40)28(21-24-17-18-25-12-5-6-13-26(25)20-24)34-31(39)30-16-9-19-37(30)33(41)35-27-14-7-8-15-29(27)38(42)43/h2-8,10-15,17-18,20,28,30H,9,16,19,21-22H2,1H3,(H,34,39)(H,35,41)",462,CN(Cc1ccccc1)C(=O)C(Cc2ccc3ccccc3c2)NC(=O)C4CCCN4C(=O)Nc5ccccc5[N+](=O)[O-],NA
Input,MLS002232305,-0.20320509,InputSig,NA,NA,LINCSCP_32119,MCF7,10uM,24h,breast,NA,NA,BRHMWNJLFOQRIN-UHFFFAOYSA-N,"InChI=1S/C28H39N7O4/c1-33-13-10-19(11-14-33)30-27(38)18-4-9-22(24(16-18)39-3)31-28-29-17-23-26(32-28)35(15-12-25(37)34(23)2)20-5-7-21(36)8-6-20/h4,9,16-17,19-21,36H,5-8,10-15H2,1-3H3,(H,30,38)(H,29,31,32)",16155,COc1cc(ccc1Nc2ncc3N(C)C(=O)CCN(C4CCC(O)CC4)c3n2)C(=O)NC5CCN(C)CC5,NA
Input,Flavoxate,-0.20311428,InputSig,NA,NA,LINCSCP_124556,HT29,0.37uM,24h,large intestine,Acetylcholine receptor antagonist,PDE4A|PDE4B|PDE4C|PDE4D|PDE7A|PDE7B|PDE8A|PDE8B,SPIUTQOUKAMGCX-UHFFFAOYSA-N,"InChI=1S/C24H25NO4/c1-17-21(26)19-11-8-12-20(23(19)29-22(17)18-9-4-2-5-10-18)24(27)28-16-15-25-13-6-3-7-14-25/h2,4-5,8-12H,3,6-7,13-16H2,1H3",35801,CC1=C(Oc2c(cccc2C1=O)C(=O)OCCN3CCCCC3)c4ccccc4,4
Input,Cinnarizine,-0.20296649,InputSig,NA,NA,LINCSCP_22885,HEPG2,10uM,6h,liver,Calcium channel blocker,HRH1,DERZBLKQOCDDDZ-JLHYYAGUSA-N,"InChI=1S/C26H28N2/c1-4-11-23(12-5-1)13-10-18-27-19-21-28(22-20-27)26(24-14-6-2-7-15-24)25-16-8-3-9-17-25/h1-17,26H,18-22H2/b13-10+",22180,C(\C=C\c1ccccc1)N2CCN(CC2)C(c3ccccc3)c4ccccc4,4
Input,Flubendazole,-0.20295968,InputSig,NA,NA,LINCSCP_239324,MCF7,10uM,6h,breast,Tubulin inhibitor,TUBB,CPEUVMUXAHMANV-UHFFFAOYSA-N,"InChI=1S/C16H12FN3O3/c1-23-16(22)20-15-18-12-7-4-10(8-13(12)19-15)14(21)9-2-5-11(17)6-3-9/h2-8H,1H3,(H2,18,19,20,22)",16447,COC(=O)Nc1nc2cc(ccc2[nH]1)C(=O)c3ccc(F)cc3,NA
Input,4-Iodo-6-phenylpyrimidine,-0.20291125,InputSig,NA,NA,LINCSCP_283133,RMGI,40uM,6h,ovary,Macrophage inhibitor,MIF,ZTCJXHNJVLUUMR-UHFFFAOYSA-N,InChI=1S/C10H7IN2/c11-10-6-9(12-7-13-10)8-4-2-1-3-5-8/h1-7H,22078,Ic1cc(ncn1)c2ccccc2,NA
Input,MLS002607718,-0.20277816,InputSig,NA,NA,LINCSCP_188866,A549,10uM,24h,lung,NA,NA,UORQCNUFZGZPMR-UHFFFAOYSA-N,"InChI=1S/C15H18N4OS/c16-12-3-1-10(2-4-12)13-9-21-15(18-13)19-7-5-11(6-8-19)14(17)20/h1-4,9,11H,5-8,16H2,(H2,17,20)",35526,NC(=O)C1CCN(CC1)c2nc(cs2)c3ccc(N)cc3,NA
Input,N-Arachidonoyl-gaba (na-gaba),-0.20276947,InputSig,NA,NA,LINCSCP_227148,HT29,10uM,6h,large intestine,Cannabinoid receptor agonist,NA,JKUDIEXTAYKJNX-UHFFFAOYSA-N,"InChI=1S/C24H39NO3/c1-2-3-4-5-6-7-8-9-10-11-12-13-14-15-16-17-18-20-23(26)25-22-19-21-24(27)28/h6-7,9-10,12-13,15-16H,2-5,8,11,14,17-22H2,1H3,(H,25,26)(H,27,28)",22522,CCCCCC=CCC=CCC=CCC=CCCCC(=O)NCCCC(=O)O,NA
Input,SA-103150,-0.20276513,InputSig,NA,NA,LINCSCP_252709,MCF7,10uM,24h,breast,NA,NA,HJEAOCUSKKXBDN-RTAAPDIRSA-N,"InChI=1S/C32H52N6O7S/c1-23-18-38(24(2)21-39)32(41)27-17-26(34-46(42,43)30-20-36(6)22-33-30)13-14-28(27)45-25(3)11-8-9-16-44-29(23)19-37(7)31(40)12-10-15-35(4)5/h13-14,17,20,22-25,29,34,39H,8-12,15-16,18-19,21H2,1-7H3/t23-,24+,25+,29-/m0/s1",33466,C[C@H](CO)N1C[C@H](C)[C@H](CN(C)C(=O)CCCN(C)C)OCCCC[C@@H](C)Oc2ccc(NS(=O)(=O)c3cn(C)cn3)cc2C1=O,NA
Input,IN1549,-0.20272254,InputSig,NA,NA,LINCSCP_155169,PC3,10uM,24h,prostate,Calpain inhibitor,NA,PGGUOGKHUUUWAF-UHFFFAOYSA-N,"InChI=1S/C20H30N2O4/c1-4-5-11-17(13-23)21-19(24)18(12-15(2)3)22-20(25)26-14-16-9-7-6-8-10-16/h6-10,13,15,17-18H,4-5,11-12,14H2,1-3H3,(H,21,24)(H,22,25)",5964,CCCCC(NC(=O)C(CC(C)C)NC(=O)OCc1ccccc1)C=O,NA
Input,MLS002276502,-0.20269743,InputSig,NA,NA,LINCSCP_15798,HA1E,10uM,24h,kidney epithelial,NA,NA,GKAKYTNTGYXYLB-UHFFFAOYSA-N,"InChI=1S/C21H16N4O2/c1-2-16(11-22-7-1)15-4-5-18-17(9-15)21(25-12-24-18)23-10-14-3-6-19-20(8-14)27-13-26-19/h1-9,11-12H,10,13H2,(H,23,24,25)",36039,C(Nc1ncnc2ccc(cc12)c3cccnc3)c4ccc5OCOc5c4,NA
Input,BRD-K50868745,-0.20264606,InputSig,NA,NA,LINCSCP_249796,MCF7,10uM,24h,breast,NA,NA,AMMWEOQELITDAS-GSPCLOLRSA-N,"InChI=1S/C25H37N3O6/c29-20-16-28(25(31)19-5-2-1-3-6-19)22-8-7-21(34-23(22)18-33-17-20)15-24(30)26-9-4-10-27-11-13-32-14-12-27/h1-3,5-6,20-23,29H,4,7-18H2,(H,26,30)/t20-,21+,22-,23+/m0/s1",3414,O[C@@H]1COC[C@H]2O[C@@H](CC(=O)NCCCN3CCOCC3)CC[C@@H]2N(C1)C(=O)c4ccccc4,NA
Input,Phenylmethylsulfonylfluoride,-0.20262162,InputSig,NA,NA,LINCSCP_41378,NEU,10uM,24h,NA,Serine protease inhibitor,NA,YBYRMVIVWMBXKQ-UHFFFAOYSA-N,"InChI=1S/C7H7FO2S/c8-11(9,10)6-7-4-2-1-3-5-7/h1-5H,6H2",19473,FS(=O)(=O)Cc1ccccc1,NA
Input,Sufentanil,-0.20258988,InputSig,NA,NA,LINCSCP_168281,YAPC,0.12uM,24h,pancreas,Mu opioid receptor agonist,OPRM1,GGCSSNBKKAUURC-UHFFFAOYSA-N,"InChI=1S/C22H30N2O2S/c1-3-21(25)24(19-8-5-4-6-9-19)22(18-26-2)12-15-23(16-13-22)14-11-20-10-7-17-27-20/h4-10,17H,3,11-16,18H2,1-2H3",26744,CCC(=O)N(c1ccccc1)C2(COC)CCN(CCc3cccs3)CC2,4
Input,BRD-K34230554,-0.20257939,InputSig,NA,NA,LINCSCP_28350,HT29,10uM,24h,large intestine,NA,NA,NGHZCWRCBPRMGW-BUEREQSYSA-N,"InChI=1S/C30H42N4O6/c1-20-16-34(21(2)19-35)29(37)25-15-24(31-28(36)7-6-14-32(3)4)12-13-26(25)40-27(20)18-33(5)17-22-8-10-23(11-9-22)30(38)39/h8-13,15,20-21,27,35H,6-7,14,16-19H2,1-5H3,(H,31,36)(H,38,39)/t20-,21+,27+/m1/s1",12462,C[C@@H](CO)N1C[C@@H](C)[C@H](CN(C)Cc2ccc(cc2)C(=O)O)Oc3ccc(NC(=O)CCCN(C)C)cc3C1=O,NA
Input,STK111867,-0.20256492,InputSig,NA,NA,LINCSCP_4890,A549,10uM,24h,lung,NA,NA,MIQGMTKINBACMG-UHFFFAOYSA-N,"InChI=1S/C16H14N4O2/c21-14-11-8-4-5-9-12(11)15(22)20(14)16-17-13(18-19-16)10-6-2-1-3-7-10/h1-7,11-12H,8-9H2,(H,17,18,19)",15334,O=C1C2CC=CCC2C(=O)N1c3nc(n[nH]3)c4ccccc4,NA
Input,MLS002264437,-0.20254958,InputSig,NA,NA,LINCSCP_5465,A549,10uM,6h,lung,NA,NA,VBBQLTUTNDYBQT-UHFFFAOYSA-N,"InChI=1S/C20H25N5O/c1-13-19(14(2)26-24-13)15-7-8-18-17(10-15)20(23-12-22-18)21-11-16-6-4-5-9-25(16)3/h7-8,10,12,16H,4-6,9,11H2,1-3H3,(H,21,22,23)",35253,CN1CCCCC1CNc2ncnc3ccc(cc23)c4c(C)onc4C,NA
Input,Nevirapine,-0.20242624,InputSig,NA,NA,LINCSCP_118284,HT29,0.37uM,24h,large intestine,Reverse transcriptase inhibitor,CYP1A2|CYP2A6|CYP2B6|CYP2C9|CYP2D6|CYP3A4|CYP3A5,NQDJXKOVJZTUJA-UHFFFAOYSA-N,"InChI=1S/C15H14N4O/c1-9-6-8-17-14-12(9)18-15(20)11-3-2-7-16-13(11)19(14)10-4-5-10/h2-3,6-8,10H,4-5H2,1H3,(H,18,20)",16304,Cc1ccnc2N(C3CC3)c4ncccc4C(=O)Nc12,4
Input,BRD-K07627743,-0.20238444,InputSig,NA,NA,LINCSCP_312420,VCAP,3uM,24h,prostate,NA,NA,ICLDRKSGEYCSHN-BDTNDASRSA-N,"InChI=1S/C23H33N3O3/c1-3-13-24-23(29)25-14-20-22(21(15-27)26(20)16(2)28)19-11-9-18(10-12-19)17-7-5-4-6-8-17/h7,9-12,20-22,27H,3-6,8,13-15H2,1-2H3,(H2,24,25,29)/t20-,21+,22-/m0/s1",11785,CCCNC(=O)NC[C@H]1[C@@H]([C@@H](CO)N1C(=O)C)c2ccc(cc2)C3=CCCCC3,NA
Input,BRD-K43792870,-0.20231093,InputSig,NA,NA,LINCSCP_60557,VCAP,5uM,24h,prostate,NA,NA,ATOJIXFYNQCGDG-NMMYMHLASA-N,"InChI=1S/C26H39N5O5/c1-19-13-31(20(2)17-32)25(33)9-5-10-30-15-22(27-28-30)18-36-24(19)16-29(3)14-21-7-4-8-23-26(21)35-12-6-11-34-23/h4,7-8,15,19-20,24,32H,5-6,9-14,16-18H2,1-3H3/t19-,20+,24+/m1/s1",1915,C[C@@H](CO)N1C[C@@H](C)[C@H](CN(C)Cc2cccc3OCCCOc23)OCc4cn(CCCC1=O)nn4,NA
Input,BRD-K68319707,-0.20228238,InputSig,NA,NA,LINCSCP_277959,PC3,10uM,24h,prostate,NA,NA,HICHWNNNCJDVID-PZNASWHRSA-N,"InChI=1S/C32H43ClF3N3O7S/c1-21-18-39(22(2)20-40)31(42)27-17-25(37-47(43,44)26-11-8-24(33)9-12-26)10-13-28(27)46-23(3)7-5-6-16-45-29(21)19-38(4)30(41)14-15-32(34,35)36/h8-13,17,21-23,29,37,40H,5-7,14-16,18-20H2,1-4H3/t21-,22-,23-,29-/m1/s1",13309,C[C@H](CO)N1C[C@@H](C)[C@@H](CN(C)C(=O)CCC(F)(F)F)OCCCC[C@@H](C)Oc2ccc(NS(=O)(=O)c3ccc(Cl)cc3)cc2C1=O,NA
Input,Resorcinol Monoacetate,-0.20221746,InputSig,NA,NA,LINCSCP_19143,HCC515,10uM,6h,lung,Phosphodiesterase inhibitor,NA,ZZPKZRHERLGEKA-UHFFFAOYSA-N,"InChI=1S/C8H8O3/c1-6(9)11-8-4-2-3-7(10)5-8/h2-5,10H,1H3",22924,CC(=O)Oc1cccc(O)c1,NA
Input,BRD-K60631585,-0.20221209,InputSig,NA,NA,LINCSCP_48680,PC3,10uM,6h,prostate,NA,NA,MHVUCJBQMPKDOC-NRFANRHFSA-N,"InChI=1S/C25H30FN3O2/c1-28-22-13-18(31-2)7-8-19(22)23-24(28)21(15-30)27-16-25(23)9-11-29(12-10-25)14-17-5-3-4-6-20(17)26/h3-8,13,21,27,30H,9-12,14-16H2,1-2H3/t21-/m0/s1",13144,COc1ccc2c3c([C@H](CO)NCC34CCN(Cc5ccccc5F)CC4)n(C)c2c1,NA
Input,Tocainide,-0.20218304,InputSig,NA,NA,LINCSCP_26324,HT29,10uM,6h,large intestine,Sodium channel blocker,SCN10A|SCN11A|SCN1A|SCN2A|SCN3A|SCN4A|SCN5A|SCN7A|SCN8A|SCN9A,BUJAGSGYPOAWEI-UHFFFAOYSA-N,"InChI=1S/C11H16N2O/c1-7-5-4-6-8(2)10(7)13-11(14)9(3)12/h4-6,9H,12H2,1-3H3,(H,13,14)",33517,CC(N)C(=O)Nc1c(C)cccc1C,4
Input,Butamben,-0.20208567,InputSig,NA,NA,LINCSCP_47721,PC3,10uM,6h,prostate,Sodium channel blocker,NA,IUWVALYLNVXWKX-UHFFFAOYSA-N,"InChI=1S/C11H15NO2/c1-2-3-8-14-11(13)9-4-6-10(12)7-5-9/h4-7H,2-3,8,12H2,1H3",36445,CCCCOC(=O)c1ccc(N)cc1,4
Input,SR-02000000238,-0.20204001,InputSig,NA,NA,LINCSCP_189543,A549,10uM,24h,lung,NA,NA,QSVJKTIWOLSLAA-UHFFFAOYSA-N,"InChI=1S/C19H15F2NO2/c1-11-4-3-5-12(2)18(11)22-19(23)17-9-8-16(24-17)14-10-13(20)6-7-15(14)21/h3-10H,1-2H3,(H,22,23)",18213,Cc1cccc(C)c1NC(=O)c2oc(cc2)c3cc(F)ccc3F,NA
Input,BRD-K90234489,-0.20203772,InputSig,NA,NA,LINCSCP_48845,PC3,10uM,24h,prostate,NA,NA,CKAVSIOSJSZLML-MZXQNBQBSA-N,"InChI=1S/C40H49N5O6/c1-27-24-45(28(2)26-46)38(47)34-23-32(42-39(48)41-31-16-6-5-7-17-31)20-21-36(34)51-29(3)13-10-11-22-50-37(27)25-44(4)40(49)43-35-19-12-15-30-14-8-9-18-33(30)35/h5-9,12,14-21,23,27-29,37,46H,10-11,13,22,24-26H2,1-4H3,(H,43,49)(H2,41,42,48)/t27-,28+,29+,37-/m0/s1",34026,C[C@H](CO)N1C[C@H](C)[C@H](CN(C)C(=O)Nc2cccc3ccccc23)OCCCC[C@@H](C)Oc4ccc(NC(=O)Nc5ccccc5)cc4C1=O,NA
Input,Rimantadine,-0.20191768,InputSig,NA,NA,LINCSCP_175117,YAPC,0.37uM,24h,pancreas,Antiviral|RNA synthesis inhibitor,NA,UBCHPRBFMUDMNC-WBLSUYMSSA-N,"InChI=1S/C12H21N/c1-8(13)12-5-9-2-10(6-12)4-11(3-9)7-12/h8-11H,2-7,13H2,1H3/t8?,9-,10-,11-,12-",23435,CC(N)[C@@]12C[C@@H]3C[C@@H](C[C@H](C3)C1)C2,NA
Input,Rimantadine,-0.20191768,InputSig,NA,NA,LINCSCP_175117,YAPC,0.37uM,24h,pancreas,Antiviral|RNA synthesis inhibitor,NA,UBCHPRBFMUDMNC-UHFFFAOYSA-N,"InChI=1S/C12H21N/c1-8(13)12-5-9-2-10(6-12)4-11(3-9)7-12/h8-11H,2-7,13H2,1H3",36377,CC(N)C12CC3CC(CC(C3)C1)C2,4
Input,SMR000798335,-0.20191256,InputSig,NA,NA,LINCSCP_267680,PC3,10uM,24h,prostate,NA,NA,PCIUZCZLNGIZPT-INIZCTEOSA-N,"InChI=1S/C16H20N2O5/c1-11(2)10-16(12-8-6-5-7-9-12)13(19)17(14(20)22-3)18(16)15(21)23-4/h5-9,11H,10H2,1-4H3/t16-/m0/s1",23578,COC(=O)N1N(C(=O)OC)[C@](CC(C)C)(C1=O)c2ccccc2,NA
Input,BRD-K48864121,-0.20187065,InputSig,NA,NA,LINCSCP_63092,VCAP,5uM,24h,prostate,NA,NA,FHQNTJUBGIRGFL-FSSWDIPSSA-N,"InChI=1S/C23H29N3O2/c1-16(2)25-23(28)26-20(14-24)22(21(26)15-27)19-12-10-18(11-13-19)9-8-17-6-4-3-5-7-17/h10-13,16-17,20-22,27H,3-7,15H2,1-2H3,(H,25,28)/t20-,21+,22+/m1/s1",38187,CC(C)NC(=O)N1[C@@H](CO)[C@H]([C@H]1C#N)c2ccc(cc2)C#CC3CCCCC3,NA
Input,Glimepiride,-0.20184554,InputSig,NA,NA,LINCSCP_52748,SKB,10uM,24h,NA,Insulin secretagogue,ABCC8|KCNJ11,WIGIZIANZCJQQY-UHFFFAOYSA-N,"InChI=1S/C24H34N4O5S/c1-4-21-17(3)15-28(22(21)29)24(31)25-14-13-18-7-11-20(12-8-18)34(32,33)27-23(30)26-19-9-5-16(2)6-10-19/h7-8,11-12,16,19H,4-6,9-10,13-15H2,1-3H3,(H,25,31)(H2,26,27,30)",35691,CCC1=C(C)CN(C(=O)NCCc2ccc(cc2)S(=O)(=O)NC(=O)NC3CCC(C)CC3)C1=O,NA
Input,Glimepiride,-0.20184554,InputSig,NA,NA,LINCSCP_52748,SKB,10uM,24h,NA,Insulin secretagogue,ABCC8|KCNJ11,WIGIZIANZCJQQY-RUCARUNLSA-N,"InChI=1S/C24H34N4O5S/c1-4-21-17(3)15-28(22(21)29)24(31)25-14-13-18-7-11-20(12-8-18)34(32,33)27-23(30)26-19-9-5-16(2)6-10-19/h7-8,11-12,16,19H,4-6,9-10,13-15H2,1-3H3,(H,25,31)(H2,26,27,30)/t16-,19-",16896,CCC1=C(C)CN(C(=O)NCCc2ccc(cc2)S(=O)(=O)NC(=O)N[C@@H]3CC[C@@H](C)CC3)C1=O,4
Input,Scoulerine,-0.20184448,InputSig,NA,NA,LINCSCP_282123,PHH,10uM,24h,NA,Adrenergic receptor antagonist|GABA receptor antagonist|Serotonin receptor antagonist,ADRA1D|ADRA2A|GABRA1,KNWVMRVOBAFFMH-HNNXBMFYSA-N,"InChI=1S/C19H21NO4/c1-23-17-4-3-11-7-15-13-9-16(21)18(24-2)8-12(13)5-6-20(15)10-14(11)19(17)22/h3-4,8-9,15,21-22H,5-7,10H2,1-2H3/t15-/m0/s1",15799,COc1cc2CCN3Cc4c(C[C@H]3c2cc1O)ccc(OC)c4O,NA
Input,Phenylephrine,-0.20179464,InputSig,NA,NA,LINCSCP_175260,YAPC,0.12uM,24h,pancreas,Adrenergic receptor alpha-1 agonist,ADRA1A|ADRA1B|ADRA1D,SONNWYBIRXJNDC-VIFPVBQESA-N,"InChI=1S/C9H13NO2/c1-10-6-9(12)7-3-2-4-8(11)5-7/h2-5,9-12H,6H2,1H3/t9-/m0/s1",4528,CNC[C@H](O)c1cccc(O)c1,4
Input,BRD-K34639619-001-01-1,-0.20175676,InputSig,NA,NA,LINCSCP_34011,MCF7,10uM,6h,breast,NA,NA,WIYHORLWMFSPCL-ILSPQUDCSA-N,"InChI=1S/C32H47N3O6/c1-22-17-35(23(2)20-36)32(37)27-16-26(33(4)5)11-13-28(27)41-24(3)9-7-8-14-38-31(22)19-34(6)18-25-10-12-29-30(15-25)40-21-39-29/h10-13,15-16,22-24,31,36H,7-9,14,17-21H2,1-6H3/t22-,23-,24-,31+/m0/s1",22338,C[C@@H](CO)N1C[C@H](C)[C@@H](CN(C)Cc2ccc3OCOc3c2)OCCCC[C@H](C)Oc4ccc(cc4C1=O)N(C)C,NA
Input,Pranlukast,-0.20171644,InputSig,NA,NA,LINCSCP_144523,MCF7,1.11uM,24h,breast,Leukotriene receptor antagonist,CYSLTR1|CYSLTR2,NBQKINXMPLXUET-UHFFFAOYSA-N,"InChI=1S/C27H23N5O4/c33-23-17-24(26-29-31-32-30-26)36-25-21(23)10-6-11-22(25)28-27(34)19-12-14-20(15-13-19)35-16-5-4-9-18-7-2-1-3-8-18/h1-3,6-8,10-15,17H,4-5,9,16H2,(H,28,34)(H,29,30,31,32)",1669,O=C(Nc1cccc2C(=O)C=C(Oc12)c3nnn[nH]3)c4ccc(OCCCCc5ccccc5)cc4,NA
Input,BRD-K71714567,-0.20164737,InputSig,NA,NA,LINCSCP_38085,MCF7,0.5uM,6h,breast,NA,NA,SAIBSAHLIFBZIR-JFSTXAPLSA-N,"InChI=1S/C25H29FN2O5/c26-21-9-5-4-8-20(21)25(31)28-14-18(29)15-32-16-23-22(28)11-10-19(33-23)12-24(30)27-13-17-6-2-1-3-7-17/h1-9,18-19,22-23,29H,10-16H2,(H,27,30)/t18-,19+,22-,23+/m0/s1",33502,O[C@@H]1COC[C@H]2O[C@@H](CC(=O)NCc3ccccc3)CC[C@@H]2N(C1)C(=O)c4ccccc4F,NA
Input,Bifemelane,-0.20159451,InputSig,NA,NA,LINCSCP_102214,HELA,10uM,24h,large intestine,Acetylcholine release stimulant,MAOA|MAOB,QSQQPMHPCBLLGX-UHFFFAOYSA-N,"InChI=1S/C18H23NO/c1-19-13-7-8-14-20-18-12-6-5-11-17(18)15-16-9-3-2-4-10-16/h2-6,9-12,19H,7-8,13-15H2,1H3",2828,CNCCCCOc1ccccc1Cc2ccccc2,NA
Input,MLS003153124,-0.20155568,InputSig,NA,NA,LINCSCP_45513,PC3,10uM,24h,prostate,NA,NA,SRGHBBMQHNSJOR-UHFFFAOYSA-N,"InChI=1S/C19H23F3N4O2/c1-13(2)12-26-17(27)11-16(23-18(26)28)25-8-6-24(7-9-25)15-5-3-4-14(10-15)19(20,21)22/h3-5,10-11,13H,6-9,12H2,1-2H3,(H,23,28)",973,CC(C)CN1C(=O)NC(=CC1=O)N2CCN(CC2)c3cccc(c3)C(F)(F)F,NA
Input,"MEK162 (ARRY-162, ARRY-438162)",-0.20155292,InputSig,NA,NA,LINCSCP_125211,HT29,0.04uM,24h,large intestine,Dual specificity mitogen-activated protein kinase kinase 1 inhibitor|Dual specificity mitogen-activated protein kinase kinase 2 inhibitor,MAP2K1|MAP2K2,ACWZRVQXLIRSDF-UHFFFAOYSA-N,"InChI=1S/C17H15BrF2N4O3/c1-24-8-21-16-13(24)7-10(17(26)23-27-5-4-25)15(14(16)20)22-12-3-2-9(18)6-11(12)19/h2-3,6-8,22,25H,4-5H2,1H3,(H,23,26)",26840,Cn1cnc2c(F)c(Nc3ccc(Br)cc3F)c(cc12)C(=O)NOCCO,3
Input,BRD-K80806019,-0.20147213,InputSig,NA,NA,LINCSCP_3416,A375,5uM,24h,skin,NA,NA,MGGTXCHPOZATJI-RJWMVNQGSA-N,"InChI=1S/C26H24FN3O3S/c1-29-23-11-10-18(8-9-19-5-4-13-28-16-19)15-21(23)26-20(24(29)17-31)12-14-30(26)34(32,33)25-7-3-2-6-22(25)27/h2-7,10-11,13,15-16,20,24,26,31H,12,14,17H2,1H3/t20-,24-,26-/m0/s1",33748,CN1[C@@H](CO)[C@@H]2CCN([C@@H]2c3cc(ccc13)C#Cc4cccnc4)S(=O)(=O)c5ccccc5F,NA
Input,BRD-K62957477,-0.20142737,InputSig,NA,NA,LINCSCP_229411,HT29,5uM,24h,large intestine,NA,NA,DNWBFORDJWKZCR-LMMKCTJWSA-N,"InChI=1S/C19H25N3O2/c20-13-16-19(15-7-3-1-4-8-15)17(14-23)22(16)18(24)9-12-21-10-5-2-6-11-21/h1,3-4,7-8,16-17,19,23H,2,5-6,9-12,14H2/t16-,17-,19+/m1/s1",920,OC[C@@H]1[C@H]([C@@H](C#N)N1C(=O)CCN2CCCCC2)c3ccccc3,NA
Input,vicriviroc,-0.20139773,InputSig,NA,NA,LINCSCP_42490,NPC,10uM,24h,neural progenitor cells,CC chemokine receptor antagonist,CCR5,NA,NA,NA,NA,NA
Input,MLS002276507,-0.20126017,InputSig,NA,NA,LINCSCP_16116,HA1E,10uM,6h,kidney epithelial,NA,NA,KBCWMOGVCSMCGQ-UHFFFAOYSA-N,"InChI=1S/C19H16N4S/c1-13-7-16(24-11-13)10-21-19-17-8-14(15-3-2-6-20-9-15)4-5-18(17)22-12-23-19/h2-9,11-12H,10H2,1H3,(H,21,22,23)",2707,Cc1csc(CNc2ncnc3ccc(cc23)c4cccnc4)c1,NA
Input,Alectinib,-0.20125845,InputSig,NA,NA,LINCSCP_134158,MCF7,3.33uM,24h,breast,ALK tyrosine kinase receptor inhibitor|Tyrosine-protein kinase receptor RET inhibitor,ALK|RET,KDGFLJKFZUIJMX-UHFFFAOYSA-N,"InChI=1S/C30H34N4O2/c1-4-20-16-23-24(17-26(20)34-9-7-21(8-10-34)33-11-13-36-14-12-33)30(2,3)29-27(28(23)35)22-6-5-19(18-31)15-25(22)32-29/h5-6,15-17,21,32H,4,7-14H2,1-3H3",15143,CCc1cc2C(=O)c3c([nH]c4cc(ccc34)C#N)C(C)(C)c2cc1N5CCC(CC5)N6CCOCC6,4
Input,BRD-K21374126,-0.20106887,InputSig,NA,NA,LINCSCP_43106,NPC,10uM,24h,neural progenitor cells,NA,NA,HYTBDRSJFLLOBU-QWFCFKBJSA-N,"InChI=1S/C21H24N2O4/c1-27-14-19(25)22-12-17-20(15-8-4-2-5-9-15)18(13-24)23(17)21(26)16-10-6-3-7-11-16/h2-11,17-18,20,24H,12-14H2,1H3,(H,22,25)/t17-,18-,20-/m1/s1",32235,COCC(=O)NC[C@@H]1[C@H]([C@@H](CO)N1C(=O)c2ccccc2)c3ccccc3,NA
Input,Perindopril,-0.20104509,InputSig,NA,NA,LINCSCP_103853,HELA,10uM,24h,large intestine,Angiotensin converting enzyme inhibitor,ACE,IPVQLZZIHOAWMC-QXKUPLGCSA-N,"InChI=1S/C19H32N2O5/c1-4-8-14(19(25)26-5-2)20-12(3)17(22)21-15-10-7-6-9-13(15)11-16(21)18(23)24/h12-16,20H,4-11H2,1-3H3,(H,23,24)/t12-,13-,14-,15-,16-/m0/s1",16052,CCC[C@H](N[C@@H](C)C(=O)N1[C@H]2CCCC[C@H]2C[C@H]1C(=O)O)C(=O)OCC,4
Input,betaescin,-0.2010421,InputSig,NA,NA,LINCSCP_123337,HT29,10uM,24h,large intestine,NA,NA,NA,NA,NA,NA,NA
Input,Adenosine,-0.20097946,InputSig,NA,NA,LINCSCP_105207,HELA,10uM,24h,large intestine,Adenosine receptor agonist,ADORA1|ADORA2A|ADORA2B|ADORA3,OIRDTQYFTABQOQ-KQYNXXCUSA-N,"InChI=1S/C10H13N5O4/c11-8-5-9(13-2-12-8)15(3-14-5)10-7(18)6(17)4(1-16)19-10/h2-4,6-7,10,16-18H,1H2,(H2,11,12,13)/t4-,6-,7-,10-/m1/s1",37644,Nc1ncnc2c1ncn2[C@@H]3O[C@H](CO)[C@@H](O)[C@H]3O,4
Input,TRAMIPROSATE,-0.20080996,InputSig,NA,NA,LINCSCP_96573,HA1E,0.37uM,24h,kidney epithelial,NA,NA,SNKZJIOFVMKAOJ-UHFFFAOYSA-N,"InChI=1S/C3H9NO3S/c4-2-1-3-8(5,6)7/h1-4H2,(H,5,6,7)",26951,NCCCS(=O)(=O)O,3
Input,CHEMBL3185697,-0.20071195,InputSig,NA,NA,LINCSCP_64751,VCAP,10uM,6h,prostate,NA,NA,UFCPYRWCPDLGEX-RNHFSVANSA-N,"InChI=1S/C27H34N2O5S/c1-19-16-29(20(2)18-30)35(32,33)26-14-13-23(21-9-7-8-10-21)15-24(26)34-25(19)17-28(3)27(31)22-11-5-4-6-12-22/h4-6,9,11-15,19-20,25,30H,7-8,10,16-18H2,1-3H3/t19-,20+,25+/m1/s1",19575,C[C@@H](CO)N1C[C@@H](C)[C@H](CN(C)C(=O)c2ccccc2)Oc3cc(ccc3S1(=O)=O)C4=CCCC4,NA
Input,639090-55-4,-0.20051781,InputSig,NA,NA,LINCSCP_25900,HT29,10uM,24h,large intestine,NA,NA,ULVNROIYQBQKBP-UHFFFAOYSA-N,"InChI=1S/C18H17ClN6OS/c1-10-8-16(25-24-10)22-15-9-14(19)21-18(23-15)27-13-6-4-12(5-7-13)20-17(26)11-2-3-11/h4-9,11H,2-3H2,1H3,(H,20,26)(H2,21,22,23,24,25)",35610,Cc1cc(Nc2cc(Cl)nc(Sc3ccc(NC(=O)C4CC4)cc3)n2)[nH]n1,NA
Input,Trioxsalen,-0.20049294,InputSig,NA,NA,LINCSCP_18592,HCC515,10uM,24h,lung,DNA synthesis inhibitor,NA,FMHHVULEAZTJMA-UHFFFAOYSA-N,"InChI=1S/C14H12O3/c1-7-4-12(15)17-14-9(3)13-10(6-11(7)14)5-8(2)16-13/h4-6H,1-3H3",1537,CC1=CC(=O)Oc2c(C)c3oc(C)cc3cc12,4
Input,Clozapine,-0.20041455,InputSig,NA,NA,LINCSCP_170625,YAPC,0.37uM,24h,pancreas,Dopamine receptor antagonist|Serotonin receptor antagonist,ADRA1A|ADRA1B|CHRM1|CHRM2|CHRM3|CHRM4|DRD1|DRD2|DRD3|DRD4|HRH1|HRH4|HTR1A|HTR1B|HTR1D|HTR1E|HTR2A|HTR2C|HTR6|HTR7,QZUDBNBUXVUHMW-UHFFFAOYSA-N,"InChI=1S/C18H19ClN4/c1-22-8-10-23(11-9-22)18-14-4-2-3-5-15(14)20-16-7-6-13(19)12-17(16)21-18/h2-7,12,20H,8-11H2,1H3",35712,CN1CCN(CC1)C2=Nc3cc(Cl)ccc3Nc4ccccc24,4
Input,NCGC00025322-01,-0.20034843,InputSig,NA,NA,LINCSCP_14050,HA1E,10uM,24h,kidney epithelial,Glutamate receptor modulator,GRM5,CWHVUMNEZIBZFC-UHFFFAOYSA-N,"InChI=1S/C16H16N2O2/c1-19-15-7-3-5-13(9-15)11-17-12-18-14-6-4-8-16(10-14)20-2/h3-12H,1-2H3",24987,COc1cccc(C=NC=Nc2cccc(OC)c2)c1,NA
Input,BRD-K12973880,-0.20033342,InputSig,NA,NA,LINCSCP_312269,VCAP,10uM,24h,prostate,NA,NA,AOJFCTBUJGGREB-OREGWCPLSA-N,"InChI=1S/C28H38N2O4S/c1-21-17-30(22(2)20-31)35(32,33)28-15-14-25(24-12-8-5-9-13-24)16-26(28)34-27(21)19-29(3)18-23-10-6-4-7-11-23/h4,6-7,10-12,14-16,21-22,27,31H,5,8-9,13,17-20H2,1-3H3/t21-,22+,27+/m0/s1",11905,C[C@H](CO)N1C[C@H](C)[C@@H](CN(C)Cc2ccccc2)Oc3cc(ccc3S1(=O)=O)C4=CCCCC4,NA
Input,Acivicin,-0.20032683,InputSig,NA,NA,LINCSCP_169649,YAPC,0.05uM,24h,pancreas,NA,NA,QAWIHIJWNYOLBE-ZAFYKAAXSA-N,"InChI=1S/C5H7ClN2O3/c6-3-1-2(11-8-3)4(7)5(9)10/h2,4H,1,7H2,(H,9,10)/t2-,4+/m0/s1",26783,N[C@H]([C@@H]1CC(=NO1)Cl)C(=O)O,NA
Input,MBX-2982,-0.20031367,InputSig,NA,NA,LINCSCP_137627,MCF7,0.04uM,24h,breast,NA,NA,NFTMKHWBOINJGM-UHFFFAOYSA-N,"InChI=1S/C22H24N8OS/c1-2-16-11-23-22(24-12-16)29-9-7-17(8-10-29)21-26-18(14-32-21)13-31-20-5-3-19(4-6-20)30-15-25-27-28-30/h3-6,11-12,14-15,17H,2,7-10,13H2,1H3",26594,CCc1cnc(nc1)N2CCC(CC2)c3nc(COc4ccc(cc4)n5cnnn5)cs3,NA
Input,Zileuton,-0.20015051,InputSig,NA,NA,LINCSCP_4445,A549,100uM,24h,lung,Leukotriene inhibitor|Lipoxygenase inhibitor,ALOX5,MWLSOWXNZPKENC-UHFFFAOYSA-N,"InChI=1S/C11H12N2O2S/c1-7(13(15)11(12)14)10-6-8-4-2-3-5-9(8)16-10/h2-7,15H,1H3,(H2,12,14)",36370,CC(N(O)C(=O)N)c1cc2ccccc2s1,4
Input,Pomalidomide,-0.20013357,InputSig,NA,NA,LINCSCP_137835,MCF7,0.37uM,24h,breast,CRL4(CRBN) E3 ubiquitin ligase inhibitor,CRBN|CUL4A|DDB1|RBX1,UVSMNLNDYGZFPF-UHFFFAOYSA-N,"InChI=1S/C13H11N3O4/c14-7-3-1-2-6-10(7)13(20)16(12(6)19)8-4-5-9(17)15-11(8)18/h1-3,8H,4-5,14H2,(H,15,17,18)",26837,Nc1cccc2C(=O)N(C3CCC(=O)NC3=O)C(=O)c12,4
Input,BRD-K89833083,-0.20012254,InputSig,NA,NA,LINCSCP_312232,VCAP,10uM,6h,prostate,NA,NA,AZNYJAZMHSMGDJ-PFPZSTESSA-N,"InChI=1S/C30H42N4O4/c1-21-17-34(22(2)20-35)29(36)16-25-15-26(32-30(37)24-11-13-31-14-12-24)9-10-27(25)38-28(21)19-33(3)18-23-7-5-4-6-8-23/h9-15,21-23,28,35H,4-8,16-20H2,1-3H3,(H,32,37)/t21-,22+,28+/m0/s1",34011,C[C@H](CO)N1C[C@H](C)[C@@H](CN(C)CC2CCCCC2)Oc3ccc(NC(=O)c4ccncc4)cc3CC1=O,NA
