Source,Target,Similarity,SourceSignature,SourceCellLine,SourceTime,TargetSignature,TargetCellLine,TargetConcentration,TargetTime,tissue,integratedMoas,GeneTargets,canonical_inchi_key,canonical_inchi,perturbagen_id,canonical_smiles,max_fda_phase
Input,SMR000075319,0.44707377,InputSig,NA,NA,LINCSCP_53393,SKMEL28,60uM,6h,skin,Importin-beta transport receptor inhibitor,KPNB1,HKGJEZIGDHFJFL-UHFFFAOYSA-N,"InChI=1S/C20H22N4/c1-15(16-9-3-2-4-10-16)21-19-17-11-5-6-12-18(17)22-20(23-19)24-13-7-8-14-24/h2-6,9-12,15H,7-8,13-14H2,1H3,(H,21,22,23)",35219,CC(Nc1nc(nc2ccccc12)N3CCCC3)c4ccccc4,NA
Input,BRD-A24396574-001-01-5,0.42295379,InputSig,NA,NA,LINCSCP_145765,MDAMB231,10uM,3h,NA,Anti-inflammatory agent|Antioxidant|HSP inhibitor|NFkB pathway inhibitor|Topoisomerase inhibitor,NA,AQKDBFWJOPNOKZ-TWPXQOCQSA-N,"InChI=1S/C29H38O4/c1-17-18-7-8-21-27(4,19(18)15-20(30)23(17)31)12-14-29(6)22-16-26(3,24(32)33)10-9-25(22,2)11-13-28(21,29)5/h7-8,15,17,22H,9-14,16H2,1-6H3,(H,32,33)/t17?,22-,25-,26-,27+,28-,29?/m1/s1",1467,CC1C(=O)C(=O)C=C2C1=CC=C3[C@@]2(C)CCC4(C)[C@@H]5C[C@@](C)(CC[C@]5(C)CC[C@]34C)C(=O)O,NA
Input,Manumycin-A,0.41391946,InputSig,NA,NA,LINCSCP_53412,SKMEL28,10uM,6h,skin,Farnesyltransferase inhibitor|NFkB pathway inhibitor,FNTA|IKBKB,XIZGHTZLVCHYJN-YCWSEAROSA-N,"InChI=1S/C31H38N2O7/c1-5-6-11-19(2)16-20(3)17-21(4)30(38)32-22-18-31(39,29-28(40-29)27(22)37)15-10-8-7-9-12-25(36)33-26-23(34)13-14-24(26)35/h7-10,12,15-19,26,28-29,39H,5-6,11,13-14H2,1-4H3,(H,32,38)(H,33,36)/b8-7+,12-9+,15-10+,20-16+,21-17+/t19-,28?,29-,31+/m1/s1",5357,CCCC[C@@H](C)\C=C(/C)\C=C(/C)\C(=O)NC1=C[C@@](O)(\C=C\C=C\C=C\C(=O)NC2C(=O)CCC2=O)[C@@H]3OC3C1=O,NA
Input,GNF-PF-159,0.41377985,InputSig,NA,NA,LINCSCP_23296,HEPG2,10uM,6h,liver,Tyrosine phosphatase inhibitor,NA,BMHKZVDHCKLDME-MDZDMXLPSA-N,"InChI=1S/C16H15N5O2/c1-3-21-14-13(15(22)20(2)16(23)18-14)17-12(19-21)10-9-11-7-5-4-6-8-11/h4-10H,3H2,1-2H3/b10-9+",17705,CCN1N=C(\C=C\c2ccccc2)N=C3C(=O)N(C)C(=O)N=C13,NA
Input,ST072947,0.40159481,InputSig,NA,NA,LINCSCP_46569,PC3,10uM,6h,prostate,NA,NA,GNMYBBZJYXAFKU-LDADJPATSA-N,"InChI=1S/C23H15N3O2S/c27-21-18(12-15-13-24-19-10-4-3-8-16(15)19)22(28)26(23(29)25-21)20-11-5-7-14-6-1-2-9-17(14)20/h1-13,24H,(H,25,27,29)/b18-12+",37089,O=C1NC(=S)N(C(=O)/C/1=C/c2c[nH]c3ccccc23)c4cccc5ccccc45,NA
Input,CHEMBL3182405,0.39930902,InputSig,NA,NA,LINCSCP_12639,CORL23,10uM,6h,lung,NA,NA,TXJZRSRTYPUYRW-GHTZIAJQSA-N,"InChI=1S/C23H21ClN2O5/c1-30-22(28)14-9-7-13(8-10-14)21-20-16(15-5-3-4-6-17(15)25-20)11-18(23(29)31-2)26(21)19(27)12-24/h3-10,18,21,25H,11-12H2,1-2H3/t18-,21+/m0/s1",16196,COC(=O)[C@@H]1Cc2c([nH]c3ccccc23)[C@H](N1C(=O)CCl)c4ccc(cc4)C(=O)OC,NA
Input,CHEMBL1434137,0.39725036,InputSig,NA,NA,LINCSCP_54003,SW480,40uM,6h,large intestine,Retinoid receptor agonist,RARG,YSGDXEKQTNMRQN-UHFFFAOYSA-N,"InChI=1S/C27H26O3/c28-25-12-23-10-21(19-1-3-20(4-2-19)26(29)30)5-6-22(23)11-24(25)27-13-16-7-17(14-27)9-18(8-16)15-27/h1-6,10-12,16-18,28H,7-9,13-15H2,(H,29,30)",38878,OC(=O)c1ccc(cc1)c2ccc3cc(c(O)cc3c2)C45CC6CC(CC(C6)C4)C5,NA
Input,79966-13-5,0.39404863,InputSig,NA,NA,LINCSCP_15657,HA1E,10uM,6h,kidney epithelial,NA,NA,KPDOVJBEKCRATD-UHFFFAOYSA-N,"InChI=1S/C10H7ClN2O3/c1-12-7-5-3-2-4-6(7)8(11)9(10(12)14)13(15)16/h2-5H,1H3",25868,CN1C(=O)C(=C(Cl)c2ccccc12)[N+](=O)[O-],NA
Input,MLS002703105,0.38854898,InputSig,NA,NA,LINCSCP_45264,PC3,10uM,24h,prostate,NA,NA,OKEYLXGAJZVHLC-UHFFFAOYSA-N,"InChI=1S/C22H28N2O7S/c1-3-18(21(25)23-20-15-7-12-6-13(9-15)10-16(20)8-12)31-22(26)14-4-5-19(32(2,29)30)17(11-14)24(27)28/h4-5,11-13,15-16,18,20H,3,6-10H2,1-2H3,(H,23,25)",15174,CCC(OC(=O)c1ccc(c(c1)[N+](=O)[O-])S(=O)(=O)C)C(=O)NC2C3CC4CC(CC2C4)C3,NA
Input,SU-11652,0.3856342,InputSig,NA,NA,LINCSCP_51173,RMUGS,10uM,6h,ovary,Tyrosine kinase inhibitor,KDR|PDGFRB,XPLJEFSRINKZLC-ATVHPVEESA-N,"InChI=1S/C22H27ClN4O2/c1-5-27(6-2)10-9-24-22(29)20-13(3)19(25-14(20)4)12-17-16-11-15(23)7-8-18(16)26-21(17)28/h7-8,11-12,25H,5-6,9-10H2,1-4H3,(H,24,29)(H,26,28)/b17-12-",17659,CCN(CC)CCNC(=O)c1c(C)[nH]c(\C=C\2/C(=O)Nc3ccc(Cl)cc23)c1C,NA
Input,TL_HRAS26,0.38371937,InputSig,NA,NA,LINCSCP_41833,NOMO1,10uM,6h,haematopoietic and lymphoid tissue,NA,NA,VIBHJPDPEVVDTB-UHFFFAOYSA-N,"InChI=1S/C22H20Cl2N4O4/c1-14-20(28(30)31)19(25-32-14)22(29)27-12-10-26(11-13-27)21(15-2-6-17(23)7-3-15)16-4-8-18(24)9-5-16/h2-9,21H,10-13H2,1H3",15370,Cc1onc(C(=O)N2CCN(CC2)C(c3ccc(Cl)cc3)c4ccc(Cl)cc4)c1[N+](=O)[O-],NA
Input,Salermide,0.37522741,InputSig,NA,NA,LINCSCP_54104,SW620,100uM,6h,large intestine,SIRT inhibitor,SIRT1|SIRT2,HQSSEGBEYORUBY-WPWMEQJKSA-N,"InChI=1S/C26H22N2O2/c1-18(19-8-3-2-4-9-19)26(30)28-22-12-7-11-21(16-22)27-17-24-23-13-6-5-10-20(23)14-15-25(24)29/h2-18,29H,1H3,(H,28,30)/b27-17+",16293,CC(C(=O)Nc1cccc(c1)N=Cc2c(O)ccc3ccccc23)c4ccccc4,NA
Input,BRD-K20352452,0.37351506,InputSig,NA,NA,LINCSCP_258917,NEU,10uM,24h,NA,NA,NA,BPHDJJLUUFUQJF-ISCCLHIJSA-N,"InChI=1S/C30H46N4O5/c1-20-17-34(21(2)19-35)29(37)25-16-24(31-28(36)22-10-6-4-7-11-22)14-15-26(25)39-27(20)18-33(3)30(38)32-23-12-8-5-9-13-23/h14-16,20-23,27,35H,4-13,17-19H2,1-3H3,(H,31,36)(H,32,38)/t20-,21+,27-/m0/s1",12099,C[C@H](CO)N1C[C@H](C)[C@H](CN(C)C(=O)NC2CCCCC2)Oc3ccc(NC(=O)C4CCCCC4)cc3C1=O,NA
Input,CCT036477,0.37206075,InputSig,NA,NA,LINCSCP_43534,NPC,10uM,6h,neural progenitor cells,NA,NA,IFOHRIXRQPOHQZ-UHFFFAOYSA-N,"InChI=1S/C21H18ClN3/c1-14-20(17-6-2-3-7-18(17)24-14)21(15-9-11-16(22)12-10-15)25-19-8-4-5-13-23-19/h2-13,21,24H,1H3,(H,23,25)",31637,Cc1[nH]c2ccccc2c1C(Nc3ccccn3)c4ccc(Cl)cc4,NA
Input,MLS000718723,0.3704332,InputSig,NA,NA,LINCSCP_1685,A375,10uM,6h,skin,NA,NA,FIUNXRLMZHVJPJ-UHFFFAOYSA-N,"InChI=1S/C11H9ClN2O3/c1-2-13-8-6-4-3-5-7(8)9(12)10(11(13)15)14(16)17/h3-6H,2H2,1H3",15398,CCN1C(=O)C(=C(Cl)c2ccccc12)[N+](=O)[O-],NA
Input,AKT Inhibitor IV,0.36251587,InputSig,NA,NA,LINCSCP_10362,A673,10uM,6h,bone,AKT inhibitor,AKT1,OTHITMYLBRCVIT-UHFFFAOYSA-N,"InChI=1S/C31H27N4S/c1-3-34-28-22-23(31-32-26-16-10-11-17-29(26)36-31)18-19-27(28)35(25-14-8-5-9-15-25)30(34)20-21-33(2)24-12-6-4-7-13-24/h4-22H,3H2,1-2H3/q+1",37956,CC[n+]1c(\C=C\N(C)c2ccccc2)n(c3ccccc3)c4ccc(cc14)c5nc6ccccc6s5,NA
Input,TW 37,0.36139491,InputSig,NA,NA,LINCSCP_54208,SW620,10uM,6h,large intestine,BCL inhibitor,BCL2|BCL2L1|MCL1,PQAPVTKIEGUPRN-UHFFFAOYSA-N,"InChI=1S/C33H35NO6S/c1-20(2)25-11-7-6-10-21(25)18-22-19-26(30(36)31(37)29(22)35)32(38)34-23-14-16-24(17-15-23)41(39,40)28-13-9-8-12-27(28)33(3,4)5/h6-17,19-20,35-37H,18H2,1-5H3,(H,34,38)",16521,CC(C)c1ccccc1Cc2cc(C(=O)Nc3ccc(cc3)S(=O)(=O)c4ccccc4C(C)(C)C)c(O)c(O)c2O,NA
Input,CDK4 Inhibitor III,0.35902127,InputSig,NA,NA,LINCSCP_22883,HEPG2,10uM,6h,liver,Histone lysine methyltransferase inhibitor,CDK4,HFPLHASLIOXVGS-UHFFFAOYSA-N,"InChI=1S/C15H12N2O2S/c1-8-3-5-10(6-4-8)17-11-7-12(18)15-13(14(11)19)16-9(2)20-15/h3-7,17H,1-2H3",35485,Cc1ccc(NC2=CC(=O)c3sc(C)nc3C2=O)cc1,NA
Input,QL47,0.35631736,InputSig,NA,NA,LINCSCP_113637,HME1,10uM,3h,breast,BTK inhibitor|Cytoplasmic tyrosine protein kinase BMX inhibitor,BMX|BTK,RTRNJQOBEOISFQ-UHFFFAOYSA-N,"InChI=1S/C27H21N5O2/c1-3-25(33)31-11-10-17-4-7-21(13-24(17)31)32-26(34)9-6-19-14-28-23-8-5-18(12-22(23)27(19)32)20-15-29-30(2)16-20/h3-9,12-16H,1,10-11H2,2H3",25645,Cn1cc(cn1)c2ccc3ncc4C=CC(=O)N(c5ccc6CCN(C(=O)C=C)c6c5)c4c3c2,NA
Input,STK249718,0.35057011,InputSig,NA,NA,LINCSCP_26715,HT29,10uM,6h,large intestine,NA,NA,HDXJYJIPXWVRSM-UHFFFAOYSA-N,"InChI=1S/C12H10N6O2/c1-17-11(19)8-10(15-12(17)20)18(2)16-9(14-8)7-5-3-4-6-13-7/h3-6H,1-2H3",35010,CN1N=C(N=C2C(=O)N(C)C(=O)N=C12)c3ccccn3,NA
Input,Sepantronium,0.34670362,InputSig,NA,NA,LINCSCP_54324,SW620,0.5uM,6h,large intestine,Survivin inhibitor,BIRC5,OTSOOHRUMBRSHZ-UHFFFAOYSA-N,"InChI=1S/C20H19N4O3/c1-13-23(9-10-27-2)17-18(24(13)12-14-11-21-7-8-22-14)20(26)16-6-4-3-5-15(16)19(17)25/h3-8,11H,9-10,12H2,1-2H3/q+1",18449,COCCn1c(C)[n+](Cc2cnccn2)c3C(=O)c4ccccc4C(=O)c13,2
Input,ML162,0.34541779,InputSig,NA,NA,LINCSCP_53400,SKMEL28,10uM,6h,skin,NA,NA,UNVKYJSNMVDZJE-UHFFFAOYSA-N,"InChI=1S/C23H22Cl2N2O3S/c1-30-19-10-9-17(14-18(19)25)27(21(28)15-24)22(20-8-5-13-31-20)23(29)26-12-11-16-6-3-2-4-7-16/h2-10,13-14,22H,11-12,15H2,1H3,(H,26,29)",35365,COc1ccc(cc1Cl)N(C(C(=O)NCCc2ccccc2)c3cccs3)C(=O)CCl,NA
Input,N-(4-METHOXYPHENYL)-1-PHENYL-1H-PYRAZOL-3-AMINE,0.34490845,InputSig,NA,NA,LINCSCP_76268,A375,1.11uM,24h,skin,NA,NA,WKLGNFJHVJIZPK-UHFFFAOYSA-N,"InChI=1S/C16H15N3O/c1-20-15-9-7-13(8-10-15)17-16-11-12-19(18-16)14-5-3-2-4-6-14/h2-12H,1H3,(H,17,18)",26885,COc1ccc(Nc2ccn(n2)c3ccccc3)cc1,NA
Input,BG-1028,0.34481017,InputSig,NA,NA,LINCSCP_43676,NPC,10uM,6h,neural progenitor cells,NA,NA,MSBSKEZZBZJPHP-CPNJWEJPSA-N,"InChI=1S/C18H21N3O3S/c22-17(6-2-1-3-7-18(23)21-24)20-19-13-14-8-10-15(11-9-14)16-5-4-12-25-16/h4-5,8-13,24H,1-3,6-7H2,(H,20,22)(H,21,23)/b19-13+",22061,ONC(=O)CCCCCC(=O)NN=Cc1ccc(cc1)c2cccs2,NA
Input,Menadione,0.34475114,InputSig,NA,NA,LINCSCP_12654,CORL23,10uM,6h,lung,Mitochondrial DNA polymerase inhibitor|Phosphatase inhibitor,NA,MJVAVZPDRWSRRC-UHFFFAOYSA-N,"InChI=1S/C11H8O2/c1-7-6-10(12)8-4-2-3-5-9(8)11(7)13/h2-6H,1H3",38545,CC1=CC(=O)c2ccccc2C1=O,4
Input,BG-1007,0.34404583,InputSig,NA,NA,LINCSCP_43647,NPC,10uM,6h,neural progenitor cells,NA,NA,KZOLDOJCWPFTDL-PXLXIMEGSA-N,"InChI=1S/C21H25N3O3/c1-16-7-5-6-8-19(16)18-13-11-17(12-14-18)15-22-23-20(25)9-3-2-4-10-21(26)24-27/h5-8,11-15,27H,2-4,9-10H2,1H3,(H,23,25)(H,24,26)/b22-15+",7,Cc1ccccc1c2ccc(\C=N\NC(=O)CCCCCC(=O)NO)cc2,NA
Input,Penfluridol,0.34295359,InputSig,NA,NA,LINCSCP_57081,VCAP,30uM,6h,prostate,T-type calcium channel blocker,NA,MDLAAYDRRZXJIF-UHFFFAOYSA-N,"InChI=1S/C28H27ClF5NO/c29-26-12-7-21(18-25(26)28(32,33)34)27(36)13-16-35(17-14-27)15-1-2-24(19-3-8-22(30)9-4-19)20-5-10-23(31)11-6-20/h3-12,18,24,36H,1-2,13-17H2",15440,OC1(CCN(CCCC(c2ccc(F)cc2)c3ccc(F)cc3)CC1)c4ccc(Cl)c(c4)C(F)(F)F,NA
Input,Gossypol,0.34207129,InputSig,NA,NA,LINCSCP_54189,SW620,10uM,6h,large intestine,BCL inhibitor|MCL1 inhibitor,BCL2|BCL2L1|MCL1,QBKSWRVVCFFDOT-UHFFFAOYSA-N,"InChI=1S/C30H30O8/c1-11(2)19-15-7-13(5)21(27(35)23(15)17(9-31)25(33)29(19)37)22-14(6)8-16-20(12(3)4)30(38)26(34)18(10-32)24(16)28(22)36/h7-12,33-38H,1-6H3",36687,CC(C)c1c(O)c(O)c(C=O)c2c(O)c(c(C)cc12)c3c(C)cc4c(C(C)C)c(O)c(O)c(C=O)c4c3O,NA
Input,CHEMBL399379,0.34098521,InputSig,NA,NA,LINCSCP_54236,SW620,80uM,6h,large intestine,ATP citrase lyase inhibitor,ACLY,SIIPNDKXZOTLEA-UHFFFAOYSA-N,"InChI=1S/C19H15Cl2NO4S/c1-26-17-8-7-13(12-5-3-2-4-6-12)9-16(17)22-27(24,25)18-11-14(20)10-15(21)19(18)23/h2-11,22-23H,1H3",18581,COc1ccc(cc1NS(=O)(=O)c2cc(Cl)cc(Cl)c2O)c3ccccc3,NA
Input,BG-1027,0.34061677,InputSig,NA,NA,LINCSCP_43687,NPC,10uM,6h,neural progenitor cells,NA,NA,IMLRCIJPRAFHAV-UFFVCSGVSA-N,"InChI=1S/C18H21N5O3/c24-17(4-2-1-3-5-18(25)23-26)22-21-10-14-6-8-15(9-7-14)16-11-19-13-20-12-16/h6-13,26H,1-5H2,(H,22,24)(H,23,25)/b21-10+",9,ONC(=O)CCCCCC(=O)NN=Cc1ccc(cc1)c2cncnc2,NA
Input,MLS002703104,0.33839375,InputSig,NA,NA,LINCSCP_19635,HCC515,10uM,6h,lung,NA,NA,NGWLUMJRYXLLMK-UHFFFAOYSA-N,"InChI=1S/C21H26N2O7S/c1-11(20(24)22-19-15-6-12-5-13(8-15)9-16(19)7-12)30-21(25)14-3-4-18(31(2,28)29)17(10-14)23(26)27/h3-4,10-13,15-16,19H,5-9H2,1-2H3,(H,22,24)",15338,CC(OC(=O)c1ccc(c(c1)[N+](=O)[O-])S(=O)(=O)C)C(=O)NC2C3CC4CC(CC2C4)C3,NA
Input,Hydroflumethiazide,0.33772859,InputSig,NA,NA,LINCSCP_91896,HA1E,1.11uM,24h,kidney epithelial,Sodium/potassium/chloride transporter inhibitor,SLC12A1|SLC12A3,DMDGGSIALPNSEE-UHFFFAOYSA-N,"InChI=1S/C8H8F3N3O4S2/c9-8(10,11)4-1-5-7(2-6(4)19(12,15)16)20(17,18)14-3-13-5/h1-2,13-14H,3H2,(H2,12,15,16)",16332,NS(=O)(=O)c1cc2c(NCNS2(=O)=O)cc1C(F)(F)F,4
Input,Withaferin A,0.33759488,InputSig,NA,NA,LINCSCP_113452,HME1,3.33uM,3h,breast,IKK inhibitor,IKBKB|NAMPT,DBRXOUCRJQVYJQ-CKNDUULBSA-N,"InChI=1S/C28H38O6/c1-14-11-21(33-25(32)17(14)13-29)15(2)18-5-6-19-16-12-24-28(34-24)23(31)8-7-22(30)27(28,4)20(16)9-10-26(18,19)3/h7-8,15-16,18-21,23-24,29,31H,5-6,9-13H2,1-4H3/t15-,16-,18+,19-,20-,21+,23-,24+,26+,27-,28+/m0/s1",16606,C[C@H]([C@H]1CC(=C(CO)C(=O)O1)C)[C@H]2CC[C@H]3[C@@H]4C[C@H]5O[C@]56[C@@H](O)C=CC(=O)[C@]6(C)[C@H]4CC[C@]23C,NA
Input,NCH-51,0.33647806,InputSig,NA,NA,LINCSCP_43634,NPC,10uM,6h,neural progenitor cells,HDAC inhibitor,HDAC1|HDAC10|HDAC11|HDAC2|HDAC3|HDAC4|HDAC5|HDAC6|HDAC7|HDAC8|HDAC9,MDYDGUOQFUQOGE-UHFFFAOYSA-N,"InChI=1S/C20H26N2O2S2/c1-15(2)19(24)25-13-9-4-3-8-12-18(23)22-20-21-17(14-26-20)16-10-6-5-7-11-16/h5-7,10-11,14-15H,3-4,8-9,12-13H2,1-2H3,(H,21,22,23)",16363,CC(C)C(=O)SCCCCCCC(=O)Nc1nc(cs1)c2ccccc2,NA
Input,Calmidazolium,0.33473476,InputSig,NA,NA,LINCSCP_6544,A549,10uM,6h,lung,Calcium channel blocker|Calmodulin antagonist,ATP2B1|PDE1A,CTKNMSVWMRRCPW-UHFFFAOYSA-N,"InChI=1S/C31H23Cl6N2O/c32-23-6-1-20(2-7-23)31(21-3-8-24(33)9-4-21)39-14-13-38(19-39)17-30(27-12-11-26(35)16-29(27)37)40-18-22-5-10-25(34)15-28(22)36/h1-16,19,30-31H,17-18H2/q+1",23203,Clc1ccc(cc1)C(c2ccc(Cl)cc2)n3cc[n+](CC(OCc4ccc(Cl)cc4Cl)c5ccc(Cl)cc5Cl)c3,NA
Input,BDBM29595,0.33436594,InputSig,NA,NA,LINCSCP_43677,NPC,10uM,6h,neural progenitor cells,NA,NA,QCPBJKRCLFMXLT-LICLKQGHSA-N,"InChI=1S/C15H20BrN3O4/c1-23-12-7-8-13(16)11(9-12)10-17-18-14(20)5-3-2-4-6-15(21)19-22/h7-10,22H,2-6H2,1H3,(H,18,20)(H,19,21)/b17-10+",8,COc1ccc(Br)c(\C=N\NC(=O)CCCCCC(=O)NO)c1,NA
Input,Trichostatin,0.33404032,InputSig,NA,NA,LINCSCP_43655,NPC,10uM,6h,neural progenitor cells,CDK expression enhancer|HDAC inhibitor|ID1 expression inhibitor,HDAC1|HDAC10|HDAC3|HDAC4|HDAC6|HDAC7|HDAC8,RTKIYFITIVXBLE-QEQCGCAPSA-N,"InChI=1S/C17H22N2O3/c1-12(5-10-16(20)18-22)11-13(2)17(21)14-6-8-15(9-7-14)19(3)4/h5-11,13,22H,1-4H3,(H,18,20)/b10-5+,12-11+/t13-/m1/s1",37875,C[C@H](\C=C(/C)\C=C\C(=O)NO)C(=O)c1ccc(cc1)N(C)C,NA
Input,SCHEMBL16980366,0.33401464,InputSig,NA,NA,LINCSCP_50489,PHH,10uM,6h,NA,NA,NA,HZYAIKCNCGBDKG-AMMNGQDBSA-N,"InChI=1S/C35H32N2O8/c38-19-32-34-28(27-15-23(9-13-29(27)45-34)37-35(40)22-8-12-30-31(14-22)42-20-41-30)16-26(44-32)17-33(39)36-18-21-6-10-25(11-7-21)43-24-4-2-1-3-5-24/h1-15,26,28,32,34,38H,16-20H2,(H,36,39)(H,37,40)/t26-,28+,32+,34-/m1/s1",1822,OC[C@@H]1O[C@@H](CC(=O)NCc2ccc(Oc3ccccc3)cc2)C[C@@H]4[C@H]1Oc5ccc(NC(=O)c6ccc7OCOc7c6)cc45,NA
Input,LDN 193189,0.33288806,InputSig,NA,NA,LINCSCP_12519,CL34,10uM,6h,large intestine,Serine/threonine kinase inhibitor,ACVR1|BMPR1A,CDOVNWNANFFLFJ-UHFFFAOYSA-N,"InChI=1S/C25H22N6/c1-2-4-24-22(3-1)21(9-10-27-24)23-16-29-31-17-19(15-28-25(23)31)18-5-7-20(8-6-18)30-13-11-26-12-14-30/h1-10,15-17,26H,11-14H2",15133,C1CN(CCN1)c2ccc(cc2)c3cnc4c(cnn4c3)c5ccnc6ccccc56,NA
Input,Camptothecin,0.33099646,InputSig,NA,NA,LINCSCP_21078,HCC515,0.5uM,6h,lung,Topoisomerase inhibitor,TOP1,VSJKWCGYPAHWDS-FQEVSTJZSA-N,"InChI=1S/C20H16N2O4/c1-2-20(25)14-8-16-17-12(7-11-5-3-4-6-15(11)21-17)9-22(16)18(23)13(14)10-26-19(20)24/h3-8,25H,2,9-10H2,1H3/t20-/m0/s1",16169,CC[C@@]1(O)C(=O)OCC2=C1C=C3N(Cc4cc5ccccc5nc34)C2=O,NA
Input,GNF-PF-2272,0.33079084,InputSig,NA,NA,LINCSCP_26714,HT29,10uM,6h,large intestine,NA,NA,CPXHNWKHOFNPDO-UHFFFAOYSA-N,InChI=1S/C8H9N5O2/c1-4-9-5-6(13(3)11-4)10-8(15)12(2)7(5)14/h1-3H3,1789,CN1N=C(C)N=C2C(=O)N(C)C(=O)N=C12,NA
Input,Tosedostat,0.33055138,InputSig,NA,NA,LINCSCP_39826,MDST8,80uM,6h,intestine,Peptidase inhibitor,ANPEP|C9orf3|DNPEP|ENPEP|ERAP1|ERAP2|LAP3|LNPEP|LVRN|METAP1|METAP1D|METAP2|NPEPL1|NPEPPS|RNPEP|RNPEPL1|XPNPEP1|XPNPEP2|XPNPEP3,FWFGIHPGRQZWIW-SQNIBIBYSA-N,"InChI=1S/C21H30N2O6/c1-13(2)12-16(18(24)20(26)23-28)19(25)22-17(14-8-4-3-5-9-14)21(27)29-15-10-6-7-11-15/h3-5,8-9,13,15-18,24,28H,6-7,10-12H2,1-2H3,(H,22,25)(H,23,26)/t16-,17+,18+/m1/s1",16537,CC(C)C[C@H]([C@H](O)C(=O)NO)C(=O)N[C@H](C(=O)OC1CCCC1)c2ccccc2,2
Input,MEGXM0_000203,0.33001728,InputSig,NA,NA,LINCSCP_50410,PHH,10uM,6h,NA,NA,NA,HUIYHYRPRGTYKA-ONSSSSONSA-N,"InChI=1S/C23H34O11/c1-10-4-5-22(8-30-11(2)25)13(6-10)33-19-17(29)18(21(22,3)23(19)9-31-23)34-20-16(28)15(27)14(26)12(7-24)32-20/h6,12-20,24,26-29H,4-5,7-9H2,1-3H3/t12-,13?,14-,15+,16-,17-,18-,19-,20-,21-,22-,23?/m1/s1",10937,CC(=O)OC[C@]12CCC(=CC1O[C@@H]3[C@H](O)[C@@H](O[C@H]4O[C@H](CO)[C@@H](O)[C@H](O)[C@H]4O)[C@@]2(C)C35CO5)C,NA
Input,Chelerythrine,0.32882464,InputSig,NA,NA,LINCSCP_152287,PC3,10uM,24h,prostate,NA,NA,LLEJIEBFSOEYIV-UHFFFAOYSA-N,"InChI=1S/C21H18NO4/c1-22-10-16-13(6-7-17(23-2)21(16)24-3)14-5-4-12-8-18-19(26-11-25-18)9-15(12)20(14)22/h4-10H,11H2,1-3H3/q+1",37899,COc1ccc2c(c[n+](C)c3c2ccc4cc5OCOc5cc34)c1OC,NA
Input,CAY10618,0.32785618,InputSig,NA,NA,LINCSCP_57208,VCAP,10uM,6h,prostate,NAMPT inhibitor,NAMPT,SJOLTIOPWDLDEB-UHFFFAOYSA-N,"InChI=1S/C27H29N5O/c33-27(29-25-16-9-8-15-24(25)22-12-5-4-6-13-22)17-7-2-1-3-10-19-32-21-26(30-31-32)23-14-11-18-28-20-23/h4-6,8-9,11-16,18,20-21H,1-3,7,10,17,19H2,(H,29,33)",16215,O=C(CCCCCCCn1cc(nn1)c2cccnc2)Nc3ccccc3c4ccccc4,NA
Input,NSC23766,0.32653477,InputSig,NA,NA,LINCSCP_12509,CL34,100uM,6h,large intestine,Ras GTPase inhibitor,NA,DEFBCZWQLILOJF-UHFFFAOYSA-N,"InChI=1S/C24H35N7/c1-6-31(7-2)12-8-9-16(3)27-24-28-18(5)14-23(30-24)29-19-10-11-22-20(15-19)21(25)13-17(4)26-22/h10-11,13-16H,6-9,12H2,1-5H3,(H2,25,26)(H2,27,28,29,30)",1162,CCN(CC)CCCC(C)Nc1nc(C)cc(Nc2ccc3nc(C)cc(N)c3c2)n1,NA
Input,Guggulsterone,0.32425861,InputSig,NA,NA,LINCSCP_192408,A549,10uM,6h,lung,Cholesterol inhibitor|Estrogen receptor agonist|FXR antagonist|IKK inhibitor|Pregnane X receptor agonist|Progesterone receptor agonist,AR|NR1H4|NR3C1|NR3C2|PGR,WDXRGPWQVHZTQJ-UHFFFAOYSA-N,"InChI=1S/C21H28O2/c1-4-16-19(23)12-18-15-6-5-13-11-14(22)7-9-20(13,2)17(15)8-10-21(16,18)3/h4,11,15,17-18H,5-10,12H2,1-3H3",24882,CC=C1C(=O)CC2C3CCC4=CC(=O)CCC4(C)C3CCC12C,NA
Input,PF750,0.32382885,InputSig,NA,NA,LINCSCP_30869,MCF7,80uM,6h,breast,FAAH inhibitor,FAAH,BIODYGOZWZNCAG-UHFFFAOYSA-N,"InChI=1S/C22H23N3O/c26-22(24-20-7-2-1-3-8-20)25-12-10-17(11-13-25)14-18-15-19-6-4-5-9-21(19)23-16-18/h1-9,15-17H,10-14H2,(H,24,26)",36700,O=C(Nc1ccccc1)N2CCC(Cc3cnc4ccccc4c3)CC2,NA
Input,Pifithrin MU,0.32358696,InputSig,NA,NA,LINCSCP_12667,CORL23,10uM,6h,lung,HSP inhibitor,HSPA1A|TP53,ZZUZYEMRHCMVTB-UHFFFAOYSA-N,"InChI=1S/C8H7NO2S/c9-12(10,11)7-6-8-4-2-1-3-5-8/h1-5H,(H2,9,10,11)",22904,NS(=O)(=O)C#Cc1ccccc1,NA
Input,Avrainvillamide-analog-6,0.32261862,InputSig,NA,NA,LINCSCP_17467,HA1E,10uM,24h,kidney epithelial,Nucleophosmin inhibitor,NA,VRXTZOBFUMAHKC-GKVSMKOHSA-N,"InChI=1S/C25H27N3O4/c1-23(2)13-25(22(30)27-9-5-6-17(27)21(29)26-25)12-16-15-10-14-7-8-24(3,4)32-19(14)11-18(15)28(31)20(16)23/h7-8,10-12,17H,5-6,9,13H2,1-4H3,(H,26,29)/t17-,25-/m0/s1",11563,CC1(C)Oc2cc3c(cc2C=C1)C4=C[C@@]5(CC(C)(C)C4=[N+]3[O-])NC(=O)[C@@H]6CCCN6C5=O,NA
Input,Arachidonyl Trifluoromethylketone,0.32217537,InputSig,NA,NA,LINCSCP_15538,HA1E,80uM,6h,kidney epithelial,Cytosolic phospholipase inhibitor,PLA2G4A,PLWROONZUDKYKG-DOFZRALJSA-N,"InChI=1S/C21H31F3O/c1-2-3-4-5-6-7-8-9-10-11-12-13-14-15-16-17-18-19-20(25)21(22,23)24/h6-7,9-10,12-13,15-16H,2-5,8,11,14,17-19H2,1H3/b7-6-,10-9-,13-12-,16-15-",17697,CCCCC\C=C/C\C=C/C\C=C/C\C=C/CCCC(=O)C(F)(F)F,NA
Input,MLS000038106,0.32174227,InputSig,NA,NA,LINCSCP_51249,RMUGS,10uM,6h,ovary,NA,NA,CYSOFAOLQAYKGU-UHFFFAOYSA-N,"InChI=1S/C15H10N2O2S/c18-20(19)13-6-2-1-5-11(13)12-8-7-10-4-3-9-16-14(10)15(12)17-20/h1-9,17H",15942,O=S1(=O)Nc2c(ccc3cccnc23)c4ccccc14,NA
Input,"(1Ar,7as,10as,10br)-1a,5-Dimethyl-8-methylidene-2,3,6,7,7a,8,10a,10b-octahydrooxireno[9,10]cyclodeca[1,2-b]furan-9(1ah)-one",0.31838483,InputSig,NA,NA,LINCSCP_12658,CORL23,20uM,6h,lung,NFkB pathway inhibitor,NA,KTEXNACQROZXEV-ZRPLFPEYSA-N,"InChI=1S/C15H20O3/c1-9-5-4-8-15(3)13(18-15)12-11(7-6-9)10(2)14(16)17-12/h5,11-13H,2,4,6-8H2,1,3H3/b9-5-/t11-,12-,13+,15+/m0/s1",37954,C\C\1=C\CC[C@@]2(C)O[C@@H]2[C@H]3OC(=O)C(=C)[C@@H]3CC1,NA
Input,LE-135,0.31669294,InputSig,NA,NA,LINCSCP_55443,U937,20uM,6h,haematopoietic and lymphoid tissue,Retinoid receptor agonist,RARB,YZZAIQOVMHVWBS-UHFFFAOYSA-N,"InChI=1S/C29H30N2O2/c1-28(2)14-15-29(3,4)22-17-25-23(16-21(22)28)30-26(18-10-12-19(13-11-18)27(32)33)20-8-6-7-9-24(20)31(25)5/h6-13,16-17H,14-15H2,1-5H3,(H,32,33)",35489,CN1c2ccccc2C(=Nc3cc4c(cc13)C(C)(C)CCC4(C)C)c5ccc(cc5)C(=O)O,NA
Input,IMD-0354,0.31485766,InputSig,NA,NA,LINCSCP_10421,A673,10uM,6h,bone,IKK inhibitor|NFkB pathway inhibitor,IKBKB,CHILCFMQWMQVAL-UHFFFAOYSA-N,"InChI=1S/C15H8ClF6NO2/c16-9-1-2-12(24)11(6-9)13(25)23-10-4-7(14(17,18)19)3-8(5-10)15(20,21)22/h1-6,24H,(H,23,25)",15907,Oc1ccc(Cl)cc1C(=O)Nc2cc(cc(c2)C(F)(F)F)C(F)(F)F,NA
Input,BG-1026,0.31330818,InputSig,NA,NA,LINCSCP_43629,NPC,10uM,6h,neural progenitor cells,NA,NA,SOSXJHXYTVYMTE-FYJGNVAPSA-N,"InChI=1S/C19H22N4O3/c24-18(6-2-1-3-7-19(25)23-26)22-21-13-15-8-10-16(11-9-15)17-5-4-12-20-14-17/h4-5,8-14,26H,1-3,6-7H2,(H,22,24)(H,23,25)/b21-13+",22060,ONC(=O)CCCCCC(=O)NN=Cc1ccc(cc1)c2cccnc2,NA
Input,BAY-117821,0.31310667,InputSig,NA,NA,LINCSCP_934,A375,10uM,6h,skin,NFkB pathway inhibitor,NA,DOEWDSDBFRHVAP-KRXBUXKQSA-N,"InChI=1S/C10H9NO2S/c1-9-3-5-10(6-4-9)14(12,13)8-2-7-11/h2-6,8H,1H3/b8-2+",22956,Cc1ccc(cc1)S(=O)(=O)\C=C\C#N,NA
Input,SCHEMBL2704865,0.31251261,InputSig,NA,NA,LINCSCP_43600,NPC,10uM,6h,neural progenitor cells,HDAC inhibitor,NA,AEIVDBATQVVQFS-RCCKNPSSSA-N,"InChI=1S/C20H23N3O3/c24-19(9-5-2-6-10-20(25)23-26)22-21-15-16-11-13-18(14-12-16)17-7-3-1-4-8-17/h1,3-4,7-8,11-15,26H,2,5-6,9-10H2,(H,22,24)(H,23,25)/b21-15+",4,ONC(=O)CCCCCC(=O)NN=Cc1ccc(cc1)c2ccccc2,NA
Input,"4,11-Diethyl-4,9-dihydroxy-1H-pyrano[3',4':6,7]indolizino[1,2-b]quinoline-3,14(4H,12H)-dione",0.31221953,InputSig,NA,NA,LINCSCP_19460,HCC515,0.5uM,6h,lung,Topoisomerase inhibitor,TOP1,FJHBVJOVLFPMQE-UHFFFAOYSA-N,"InChI=1S/C22H20N2O5/c1-3-12-13-7-11(25)5-6-17(13)23-19-14(12)9-24-18(19)8-16-15(20(24)26)10-29-21(27)22(16,28)4-2/h5-8,25,28H,3-4,9-10H2,1-2H3",16512,CCc1c2CN3C(=O)C4=C(C=C3c2nc5ccc(O)cc15)C(O)(CC)C(=O)OC4,NA
Input,MLS002703102,0.3120544,InputSig,NA,NA,LINCSCP_45330,PC3,10uM,24h,prostate,NA,NA,LGWGRZMOWLHHDN-UHFFFAOYSA-N,"InChI=1S/C22H31N3O7S/c1-33(30,31)20-8-7-18(15-19(20)25(28)29)22(27)32-16-21(26)24-13-11-23(12-14-24)10-9-17-5-3-2-4-6-17/h7-8,15,17H,2-6,9-14,16H2,1H3",15940,CS(=O)(=O)c1ccc(cc1[N+](=O)[O-])C(=O)OCC(=O)N2CCN(CCC3CCCCC3)CC2,NA
Input,pyrvinium-pamoate,0.31102264,InputSig,NA,NA,LINCSCP_53521,SKMEL28,10uM,6h,skin,AKT inhibitor|Androgen receptor antagonist,AR,NA,NA,NA,NA,NA
Input,BSPBIO_001542,0.31087815,InputSig,NA,NA,LINCSCP_25323,HT29,10uM,6h,large intestine,Protein phosphatase inhibitor,PPP1CA|PPP2CA,FKAWLXNLHHIHLA-OQLQHIBWSA-N,"InChI=1S/C50H81N4O15P/c1-29(20-22-51)16-14-17-30(2)32(4)24-33(5)42(57)35(7)38(55)25-41(65-13)45-46(69-70(61,62)63)49(8,9)50(68-45)26-39(56)34(6)40(67-50)19-15-18-36-27-66-48(53-36)31(3)21-23-52-47(60)44(59)43(58)37(28-64-12)54(10)11/h14-18,20,24,27,31,33-35,37-46,55-59H,19,21,23,25-26,28H2,1-13H3,(H,52,60)(H2,61,62,63)/b16-14+,18-15+,29-20-,30-17+,32-24+/t31-,33+,34-,35-,37-,38-,39+,40-,41-,42+,43-,44-,45?,46-,50?/m1/s1",37788,COC[C@H]([C@@H](O)[C@@H](O)C(=O)NCC[C@@H](C)c1occ(\C=C\C[C@H]2OC3(C[C@H](O)[C@H]2C)OC([C@@H](C[C@@H](O)[C@@H](C)[C@@H](O)[C@@H](C)\C=C(/C)\C(=C\C=C\C(=C/C#N)\C)\C)OC)[C@@H](OP(=O)(O)O)C3(C)C)n1)N(C)C,NA
Input,Vorinostat,0.30967741,InputSig,NA,NA,LINCSCP_43668,NPC,10uM,6h,neural progenitor cells,Histone deacetylase 1 inhibitor|Histone deacetylase 3 inhibitor|Histone deacetylase 6 inhibitor|Histone deacetylase 2 inhibitor,HDAC1|HDAC2|HDAC3|HDAC6|HDAC8,WAEXFXRVDQXREF-UHFFFAOYSA-N,"InChI=1S/C14H20N2O3/c17-13(15-12-8-4-3-5-9-12)10-6-1-2-7-11-14(18)16-19/h3-5,8-9,19H,1-2,6-7,10-11H2,(H,15,17)(H,16,18)",15970,ONC(=O)CCCCCCC(=O)Nc1ccccc1,4
Input,Niclosamide,0.30894135,InputSig,NA,NA,LINCSCP_10375,A673,10uM,6h,bone,DNA replication inhibitor|STAT inhibitor,STAT3,RJMUSRYZPJIFPJ-UHFFFAOYSA-N,"InChI=1S/C13H8Cl2N2O4/c14-7-1-4-12(18)9(5-7)13(19)16-11-3-2-8(17(20)21)6-10(11)15/h1-6,18H,(H,16,19)",15590,Oc1ccc(Cl)cc1C(=O)Nc2ccc(cc2Cl)[N+](=O)[O-],4
Input,ST004815,0.30838752,InputSig,NA,NA,LINCSCP_50460,PHH,20uM,6h,NA,NA,NA,KYHBLDMJXVGVKJ-UHFFFAOYSA-N,InChI=1S/C16H11NOS/c18-16(12-6-2-1-3-7-12)19-15-10-4-9-14-13(15)8-5-11-17-14/h1-11H,31600,O=C(Sc1cccc2ncccc12)c3ccccc3,NA
Input,LRRK2-IN-1,0.30830222,InputSig,NA,NA,LINCSCP_11880,BT20,10uM,6h,breast,Leucine rich repeat kinase inhibitor,LRRK2,IWMCPJZTADUIFX-UHFFFAOYSA-N,"InChI=1S/C31H38N8O3/c1-35-15-17-38(18-16-35)22-11-13-39(14-12-22)29(40)21-9-10-24(27(19-21)42-4)33-31-32-20-26-28(34-31)36(2)25-8-6-5-7-23(25)30(41)37(26)3/h5-10,19-20,22H,11-18H2,1-4H3,(H,32,33,34)",15130,COc1cc(ccc1Nc2ncc3N(C)C(=O)c4ccccc4N(C)c3n2)C(=O)N5CCC(CC5)N6CCN(C)CC6,NA
Input,5-Nonyloxytryptamine,0.30775909,InputSig,NA,NA,LINCSCP_21988,HEPG2,10uM,6h,liver,Serotonin receptor agonist,NA,YHSMSRREJYOGQJ-UHFFFAOYSA-N,"InChI=1S/C19H30N2O/c1-2-3-4-5-6-7-8-13-22-17-9-10-19-18(14-17)16(11-12-20)15-21-19/h9-10,14-15,21H,2-8,11-13,20H2,1H3",38619,CCCCCCCCCOc1ccc2[nH]cc(CCN)c2c1,NA
Input,MLS000718932,0.3064944,InputSig,NA,NA,LINCSCP_22175,HEPG2,10uM,6h,liver,NA,NA,LKBYYUZEKINDPS-UHFFFAOYSA-N,"InChI=1S/C10H13N5O2/c1-4-5-6-11-7-8(15(3)13-6)12-10(17)14(2)9(7)16/h4-5H2,1-3H3",15531,CCCC1=NN(C)C2=NC(=O)N(C)C(=O)C2=N1,NA
Input,CHEMBL2361430,0.30637594,InputSig,NA,NA,LINCSCP_47114,PC3,10uM,24h,prostate,NA,NA,XHCFGJIATIGRMD-WTBTXGFSSA-N,"InChI=1S/C37H42N6O5/c1-24-20-43(25(2)23-44)36(46)29-12-9-15-32(41-37(47)39-28-10-5-4-6-11-28)34(29)48-33(24)22-42(3)21-26-16-18-27(19-17-26)35(45)40-31-14-8-7-13-30(31)38/h4-19,24-25,33,44H,20-23,38H2,1-3H3,(H,40,45)(H2,39,41,47)/t24-,25-,33-/m1/s1",19677,C[C@H](CO)N1C[C@@H](C)[C@@H](CN(C)Cc2ccc(cc2)C(=O)Nc3ccccc3N)Oc4c(NC(=O)Nc5ccccc5)cccc4C1=O,NA
Input,BG-1008,0.30509102,InputSig,NA,NA,LINCSCP_43537,NPC,10uM,6h,neural progenitor cells,NA,NA,RQXKGXKJNPGJGP-UHFFFAOYSA-N,"InChI=1S/C21H26ClN3O4S/c1-25-18-9-6-5-8-16(18)21(23-13-7-3-2-4-10-20(26)24-27)17-12-11-15(22)14-19(17)30(25,28)29/h5-6,8-9,11-12,14,21,23,27H,2-4,7,10,13H2,1H3,(H,24,26)",11529,CN1c2ccccc2C(NCCCCCCC(=O)NO)c3ccc(Cl)cc3S1(=O)=O,NA
Input,SMR000217164,0.30502298,InputSig,NA,NA,LINCSCP_19647,HCC515,10uM,6h,lung,NA,NA,CXTUMFRDQUSBHQ-UHFFFAOYSA-N,"InChI=1S/C16H24ClNO/c1-3-4-5-6-7-11-18(16(19)13-17)15-10-8-9-14(2)12-15/h8-10,12H,3-7,11,13H2,1-2H3",15476,CCCCCCCN(C(=O)CCl)c1cccc(C)c1,NA
Input,DICUMAROL,0.30486757,InputSig,NA,NA,LINCSCP_124897,HT29,0.37uM,24h,large intestine,NADPH inhibitor,NQO1|VKORC1,DOBMPNYZJYQDGZ-UHFFFAOYSA-N,"InChI=1S/C19H12O6/c20-16-10-5-1-3-7-14(10)24-18(22)12(16)9-13-17(21)11-6-2-4-8-15(11)25-19(13)23/h1-8,20-21H,9H2",26961,OC1=C(CC2=C(O)c3ccccc3OC2=O)C(=O)Oc4ccccc14,4
Input,Withaferin-A,0.30432524,InputSig,NA,NA,LINCSCP_46689,PC3,10uM,24h,prostate,IKK inhibitor,IKBKB|NAMPT,DBRXOUCRJQVYJQ-MZNHJNIISA-N,"InChI=1S/C28H38O6/c1-14-11-21(33-25(32)17(14)13-29)15(2)18-5-6-19-16-12-24-28(34-24)23(31)8-7-22(30)27(28,4)20(16)9-10-26(18,19)3/h7-8,15-16,18-21,23-24,29,31H,5-6,9-13H2,1-4H3/t15?,16-,18-,19-,20?,21+,23+,24-,26+,27-,28+/m1/s1",1518,CC([C@@H]1CC(=C(CO)C(=O)O1)C)[C@H]2CC[C@@H]3[C@H]4C[C@H]5O[C@@]56[C@@H](O)C=CC(=O)[C@@]6(C)C4CC[C@@]23C,NA
Input,BG-1006,0.30166218,InputSig,NA,NA,LINCSCP_43613,NPC,10uM,6h,neural progenitor cells,NA,NA,JIUXQGFMZKHYME-KGENOOAVSA-N,"InChI=1S/C19H22N4O3/c24-18(7-2-1-3-8-19(25)23-26)22-21-14-15-9-11-16(12-10-15)17-6-4-5-13-20-17/h4-6,9-14,26H,1-3,7-8H2,(H,22,24)(H,23,25)/b21-14+",22058,ONC(=O)CCCCCC(=O)NN=Cc1ccc(cc1)c2ccccn2,NA
Input,Oxindole I,0.30136756,InputSig,NA,NA,LINCSCP_22938,HEPG2,10uM,6h,liver,VEGFR inhibitor,KDR,SEZFNTZQMWJIAI-FLIBITNWSA-N,"InChI=1S/C13H10N2O/c16-13-11(8-9-4-3-7-14-9)10-5-1-2-6-12(10)15-13/h1-8,14H,(H,15,16)/b11-8-",10409,O=C1Nc2ccccc2/C/1=C/c3ccc[nH]3,NA
Input,Piplartine,0.30114842000000003,InputSig,NA,NA,LINCSCP_10358,A673,10uM,6h,bone,Glutathione transferase inhibitor,NA,VABYUUZNAVQNPG-BQYQJAHWSA-N,"InChI=1S/C17H19NO5/c1-21-13-10-12(11-14(22-2)17(13)23-3)7-8-16(20)18-9-5-4-6-15(18)19/h4,6-8,10-11H,5,9H2,1-3H3/b8-7+",17532,COc1cc(\C=C\C(=O)N2CCC=CC2=O)cc(OC)c1OC,NA
Input,Tamoxifen,0.3010217,InputSig,NA,NA,LINCSCP_43683,NPC,10uM,6h,neural progenitor cells,Estrogen receptor alpha modulator,ESR1|ESR2,NKANXQFJJICGDU-QPLCGJKRSA-N,"InChI=1S/C26H29NO/c1-4-25(21-11-7-5-8-12-21)26(22-13-9-6-10-14-22)23-15-17-24(18-16-23)28-20-19-27(2)3/h5-18H,4,19-20H2,1-3H3/b26-25-",17558,CC\C(=C(/c1ccccc1)\c2ccc(OCCN(C)C)cc2)\c3ccccc3,4
Input,Amiodarone,0.30095198,InputSig,NA,NA,LINCSCP_41502,NEU,10uM,6h,NA,HERG blocker,KCNH2,IYIKLHRQXLHMJQ-UHFFFAOYSA-N,"InChI=1S/C25H29I2NO3/c1-4-7-11-22-23(18-10-8-9-12-21(18)31-22)24(29)17-15-19(26)25(20(27)16-17)30-14-13-28(5-2)6-3/h8-10,12,15-16H,4-7,11,13-14H2,1-3H3",35575,CCCCc1oc2ccccc2c1C(=O)c3cc(I)c(OCCN(CC)CC)c(I)c3,4
Input,CHEMBL3184547,0.30052792,InputSig,NA,NA,LINCSCP_16434,HA1E,10uM,6h,kidney epithelial,NA,NA,FQRKTLQLLNVYMI-CMDGGOBGSA-N,"InChI=1S/C18H21NO5/c1-22-14-11-13(12-15(23-2)18(14)24-3)8-9-17(21)19-10-6-4-5-7-16(19)20/h5,7-9,11-12H,4,6,10H2,1-3H3/b9-8+",17214,COc1cc(\C=C\C(=O)N2CCCC=CC2=O)cc(OC)c1OC,NA
Input,BRD-K05912972,0.30044123,InputSig,NA,NA,LINCSCP_64739,VCAP,10uM,6h,prostate,NA,NA,HYEFXMLKRFQNEN-PWRHEVILSA-N,"InChI=1S/C34H48N4O7/c1-22-17-38(23(2)20-39)33(40)28-15-26(35-34(41)36-27-11-13-30-31(16-27)44-21-43-30)10-12-29(28)45-24(3)7-5-6-14-42-32(22)19-37(4)18-25-8-9-25/h10-13,15-16,22-25,32,39H,5-9,14,17-21H2,1-4H3,(H2,35,36,41)/t22-,23+,24-,32+/m0/s1",11745,C[C@H](CO)N1C[C@H](C)[C@@H](CN(C)CC2CC2)OCCCC[C@H](C)Oc3ccc(NC(=O)Nc4ccc5OCOc5c4)cc3C1=O,NA
Input,KUC111774N,0.29976604,InputSig,NA,NA,LINCSCP_23801,HEPG2,10uM,6h,liver,NA,NA,CSYFFQVEQXEIAB-UHFFFAOYSA-N,"InChI=1S/C16H12N2O4S/c17-23(21,22)11-7-5-10(6-8-11)18-14-9-15(19)12-3-1-2-4-13(12)16(14)20/h1-9,18H,(H2,17,21,22)",10656,NS(=O)(=O)c1ccc(NC2=CC(=O)c3ccccc3C2=O)cc1,NA
Input,Oxamflatin,0.29926422,InputSig,NA,NA,LINCSCP_43577,NPC,10uM,6h,neural progenitor cells,HDAC inhibitor,NA,QRPSQQUYPMFERG-LFYBBSHMSA-N,"InChI=1S/C17H14N2O4S/c20-17(18-21)12-5-4-7-14-8-6-9-15(13-14)19-24(22,23)16-10-2-1-3-11-16/h1-3,5-6,8-13,19,21H,(H,18,20)/b12-5+",2031,ONC(=O)\C=C\C#Cc1cccc(NS(=O)(=O)c2ccccc2)c1,NA
Input,M-344,0.29924062,InputSig,NA,NA,LINCSCP_43620,NPC,10uM,6h,neural progenitor cells,HDAC inhibitor,NA,MXWDSZWTBOCWBK-UHFFFAOYSA-N,"InChI=1S/C16H25N3O3/c1-19(2)14-10-8-13(9-11-14)16(21)17-12-6-4-3-5-7-15(20)18-22/h8-11,22H,3-7,12H2,1-2H3,(H,17,21)(H,18,20)",19480,CN(C)c1ccc(cc1)C(=O)NCCCCCCC(=O)NO,NA
Input,Gemcitabine,0.29814688,InputSig,NA,NA,LINCSCP_21063,HCC515,1uM,6h,lung,Ribonucleotide reductase inhibitor,POLA1|POLD1|POLE|RRM1|RRM2|RRM2B,SDUQYLNIPVEERB-QPPQHZFASA-N,"InChI=1S/C9H11F2N3O4/c10-9(11)6(16)4(3-15)18-7(9)14-2-1-5(12)13-8(14)17/h1-2,4,6-7,15-16H,3H2,(H2,12,13,17)/t4-,6-,7-/m1/s1",36427,NC1=NC(=O)N(C=C1)[C@@H]2O[C@H](CO)[C@@H](O)C2(F)F,4
Input,Nilotinib,0.29779202,InputSig,NA,NA,LINCSCP_96528,HA1E,10uM,24h,kidney epithelial,Abl kinase inhibitor|Bcr-Abl kinase inhibitor,ABL1|BCR|KIT,HHZIURLSWUIHRB-UHFFFAOYSA-N,"InChI=1S/C28H22F3N7O/c1-17-5-6-19(10-25(17)37-27-33-9-7-24(36-27)20-4-3-8-32-14-20)26(39)35-22-11-21(28(29,30)31)12-23(13-22)38-15-18(2)34-16-38/h3-16H,1-2H3,(H,35,39)(H,33,36,37)",15132,Cc1cn(cn1)c2cc(NC(=O)c3ccc(C)c(Nc4nccc(n4)c5cccnc5)c3)cc(c2)C(F)(F)F,4
Input,Cordycepin,0.29768089,InputSig,NA,NA,LINCSCP_159068,PC3,0.04uM,24h,prostate,NA,NA,OFEZSBMBBKLLBJ-BAJZRUMYSA-N,"InChI=1S/C10H13N5O3/c11-8-7-9(13-3-12-8)15(4-14-7)10-6(17)1-5(2-16)18-10/h3-6,10,16-17H,1-2H2,(H2,11,12,13)/t5-,6+,10+/m0/s1",26979,Nc1ncnc2c1ncn2[C@@H]3O[C@H](CO)C[C@H]3O,NA
Input,SMR001317659,0.29669297,InputSig,NA,NA,LINCSCP_5080,A549,10uM,6h,lung,NA,NA,DZAUSKKPHXFGNN-UHFFFAOYSA-N,"InChI=1S/C20H20N4O4S/c1-25-13-6-8-16(26-2)14(10-13)19-21-22-20-24(19)23-15(11-29-20)12-5-7-17(27-3)18(9-12)28-4/h5-10H,11H2,1-4H3",38156,COc1ccc(OC)c(c1)c2nnc3SCC(=Nn23)c4ccc(OC)c(OC)c4,NA
Input,NSC 663284,0.29633218,InputSig,NA,NA,LINCSCP_50419,PHH,10uM,6h,NA,CDC inhibitor,CDC25A|CDC25B,BMKPVDQDJQWBPD-UHFFFAOYSA-N,"InChI=1S/C15H16ClN3O3/c16-11-13(18-4-5-19-6-8-22-9-7-19)15(21)12-10(14(11)20)2-1-3-17-12/h1-3,18H,4-9H2",12097,ClC1=C(NCCN2CCOCC2)C(=O)c3ncccc3C1=O,NA
Input,ML228,0.29602359,InputSig,NA,NA,LINCSCP_26097,HT29,10uM,6h,large intestine,HIF modulator,HIF1A,QNRODODTMXCRKU-UHFFFAOYSA-N,"InChI=1S/C27H21N5/c1-3-9-21(10-4-1)22-16-14-20(15-17-22)19-29-27-25(23-11-5-2-6-12-23)31-32-26(30-27)24-13-7-8-18-28-24/h1-18H,19H2,(H,29,30,32)",4970,C(Nc1nc(nnc1c2ccccc2)c3ccccn3)c4ccc(cc4)c5ccccc5,NA
Input,Apicidin,0.29587011,InputSig,NA,NA,LINCSCP_43541,NPC,10uM,6h,neural progenitor cells,HDAC inhibitor,HDAC1|HDAC10|HDAC11|HDAC2|HDAC3|HDAC4|HDAC5|HDAC6|HDAC7|HDAC8|HDAC9,JWOGUUIOCYMBPV-LQJYRIKDSA-N,"InChI=1S/C34H49N5O6/c1-5-22(3)30-34(44)38-19-13-12-18-29(38)33(43)35-26(16-9-7-8-14-24(40)6-2)31(41)36-27(32(42)37-30)20-23-21-39(45-4)28-17-11-10-15-25(23)28/h10-11,15,17,21-22,26-27,29-30H,5-9,12-14,16,18-20H2,1-4H3,(H,35,43)(H,36,41)(H,37,42)/t22?,26-,27-,29+,30-/m0/s1",11534,CCC(C)[C@@H]1NC(=O)[C@H](Cc2cn(OC)c3ccccc23)NC(=O)[C@H](CCCCCC(=O)CC)NC(=O)[C@H]4CCCCN4C1=O,NA
Input,INCA-6,0.29528906,InputSig,NA,NA,LINCSCP_33619,MCF7,10uM,24h,breast,Calcineurin inhibitor,NFATC1,GCHPUOHXXCNSQL-UHFFFAOYSA-N,"InChI=1S/C20H12O2/c21-15-9-10-16(22)20-18-12-6-2-1-5-11(12)17(19(15)20)13-7-3-4-8-14(13)18/h1-10,17-18H",30677,O=C1C=CC(=O)C2=C1C3c4ccccc4C2c5ccccc35,NA
Input,"Trichostatin A, Streptomyces Sp.",0.29507824,InputSig,NA,NA,LINCSCP_67690,NEU,10uM,24h,NA,CDK expression enhancer|HDAC inhibitor|ID1 expression inhibitor,HDAC1|HDAC10|HDAC3|HDAC4|HDAC6|HDAC7|HDAC8,RTKIYFITIVXBLE-WKWSCTOISA-N,"InChI=1S/C17H22N2O3/c1-12(5-10-16(20)18-22)11-13(2)17(21)14-6-8-15(9-7-14)19(3)4/h5-11,13,22H,1-4H3,(H,18,20)/b10-5+,12-11+",37019,CC(\C=C(/C)\C=C\C(=O)NO)C(=O)c1ccc(cc1)N(C)C,NA
Input,STK178014,0.29501093,InputSig,NA,NA,LINCSCP_57213,VCAP,50uM,6h,prostate,NA,NA,PMGRYRIPEBUYKR-NTEUORMPSA-N,"InChI=1S/C18H15N3O3S2/c1-10(2)21-16(22)14(25-18(21)23)9-11-7-8-15(24-11)26-17-19-12-5-3-4-6-13(12)20-17/h3-10H,1-2H3,(H,19,20)/b14-9+",17662,CC(C)N1C(=O)S\C(=C\c2oc(Sc3nc4ccccc4[nH]3)cc2)\C1=O,NA
Input,SCHEMBL5345535,0.29471013,InputSig,NA,NA,LINCSCP_43338,NPC,10uM,6h,neural progenitor cells,NA,NA,YNIMWJBLZMGERM-UHFFFAOYSA-N,"InChI=1S/C14H14BrNO2/c15-9-14(18)16-7-6-11-3-1-2-10-4-5-12(17)8-13(10)11/h1-5,8,17H,6-7,9H2,(H,16,18)",31673,Oc1ccc2cccc(CCNC(=O)CBr)c2c1,NA
Input,MLS002554302,0.29452195,InputSig,NA,NA,LINCSCP_45975,PC3,10uM,24h,prostate,NA,NA,DVUUFKVQAGWFAF-UHFFFAOYSA-N,"InChI=1S/C15H8ClF6N3O4S/c16-9-5-6-10(12-11(9)23-29-24-12)30(27,28)25-8-3-1-7(2-4-8)13(26,14(17,18)19)15(20,21)22/h1-6,25-26H",36213,OC(c1ccc(NS(=O)(=O)c2ccc(Cl)c3nonc23)cc1)(C(F)(F)F)C(F)(F)F,NA
Input,BRD-A49848186,0.29417239,InputSig,NA,NA,LINCSCP_16929,HA1E,10uM,6h,kidney epithelial,NA,NA,IXNQCKSMLJTHBD-UHFFFAOYSA-N,"InChI=1S/C19H20FNO2/c20-18-9-5-4-8-16(18)19(22)17(15-6-2-1-3-7-15)14-21-10-12-23-13-11-21/h1-9,17H,10-14H2",11400,Fc1ccccc1C(=O)C(CN2CCOCC2)c3ccccc3,NA
Input,ML175,0.29415111,InputSig,NA,NA,LINCSCP_19656,HCC515,10uM,6h,lung,NA,NA,RPFLJHUKWQKWPO-UHFFFAOYSA-N,"InChI=1S/C13H13ClF3N3O4/c14-8-11(21)19(7-1-6-18-12(22)13(15,16)17)9-2-4-10(5-3-9)20(23)24/h2-5H,1,6-8H2,(H,18,22)",15765,[O-][N+](=O)c1ccc(cc1)N(CCCNC(=O)C(F)(F)F)C(=O)CCl,NA
Input,STK219801,0.29408422,InputSig,NA,NA,LINCSCP_53487,SKMEL28,20uM,6h,skin,Histone acetyltransferase inhibitor,NA,HEKJYZZSCQBJGB-XDHOZWIPSA-N,"InChI=1S/C24H19N3O6/c1-13-10-20(21(27(31)32)11-14(13)2)22-9-8-18(33-22)12-19-15(3)25-26(23(19)28)17-6-4-16(5-7-17)24(29)30/h4-12H,1-3H3,(H,29,30)/b19-12+",1003,CC1=NN(C(=O)/C/1=C/c2oc(cc2)c3cc(C)c(C)cc3[N+](=O)[O-])c4ccc(cc4)C(=O)O,NA
Input,BG-1029,0.29395747,InputSig,NA,NA,LINCSCP_43597,NPC,10uM,6h,neural progenitor cells,NA,NA,QEGOQCQSDOEZQA-WOJGMQOQSA-N,"InChI=1S/C16H22BrN3O4/c1-24-13-8-9-14(17)12(10-13)11-18-19-15(21)6-4-2-3-5-7-16(22)20-23/h8-11,23H,2-7H2,1H3,(H,19,21)(H,20,22)/b18-11+",22057,COc1ccc(Br)c(\C=N\NC(=O)CCCCCCC(=O)NO)c1,NA
Input,CHEMBL2357005,0.29332533,InputSig,NA,NA,LINCSCP_50432,PHH,10uM,6h,NA,NA,NA,HZYAIKCNCGBDKG-WGJGVDRFSA-N,"InChI=1S/C35H32N2O8/c38-19-32-34-28(27-15-23(9-13-29(27)45-34)37-35(40)22-8-12-30-31(14-22)42-20-41-30)16-26(44-32)17-33(39)36-18-21-6-10-25(11-7-21)43-24-4-2-1-3-5-24/h1-15,26,28,32,34,38H,16-20H2,(H,36,39)(H,37,40)/t26-,28+,32+,34-/m0/s1",16632,OC[C@H]1O[C@H](CC(=O)NCc2ccc(Oc3ccccc3)cc2)C[C@H]4[C@@H]1Oc5ccc(NC(=O)c6ccc7OCOc7c6)cc45,NA
Input,KI8751,0.29296011,InputSig,NA,NA,LINCSCP_503,A375,10uM,6h,skin,KIT inhibitor|PDGFR tyrosine kinase receptor inhibitor|VEGFR inhibitor,KDR,LFKQSJNCVRGFCC-UHFFFAOYSA-N,"InChI=1S/C24H18F3N3O4/c1-32-22-11-15-20(12-23(22)33-2)28-8-7-21(15)34-14-4-6-19(17(27)10-14)30-24(31)29-18-5-3-13(25)9-16(18)26/h3-12H,1-2H3,(H2,29,30,31)",35797,COc1cc2nccc(Oc3ccc(NC(=O)Nc4ccc(F)cc4F)c(F)c3)c2cc1OC,NA
Input,BRD-K82899766,0.29276831,InputSig,NA,NA,LINCSCP_312556,VCAP,1uM,24h,prostate,NA,NA,OVZIEXAUCBNZBO-JKSBSHDWSA-N,"InChI=1S/C24H32FN3O3/c1-5-10-27(4)14-22-16(2)13-28(17(3)15-29)24(30)21-11-19(12-26-23(21)31-22)18-6-8-20(25)9-7-18/h6-9,11-12,16-17,22,29H,5,10,13-15H2,1-4H3/t16-,17+,22-/m0/s1",13710,CCCN(C)C[C@@H]1Oc2ncc(cc2C(=O)N(C[C@@H]1C)[C@H](C)CO)c3ccc(F)cc3,NA
Input,PCI-32765,0.29262503,InputSig,NA,NA,LINCSCP_133412,MCF7,10uM,24h,breast,BTK inhibitor,BTK,XYFPWWZEPKGCCK-UHFFFAOYSA-N,"InChI=1S/C25H24N6O2/c1-2-21(32)30-14-6-7-18(15-30)31-25-22(24(26)27-16-28-25)23(29-31)17-10-12-20(13-11-17)33-19-8-4-3-5-9-19/h2-5,8-13,16,18H,1,6-7,14-15H2,(H2,26,27,28)",17525,Nc1ncnc2c1c(nn2C3CCCN(C3)C(=O)C=C)c4ccc(Oc5ccccc5)cc4,NA
Input,MLS001172197,0.29152177,InputSig,NA,NA,LINCSCP_19658,HCC515,10uM,6h,lung,NA,NA,QQPZDSQLEDTJRI-UHFFFAOYSA-N,"InChI=1S/C19H18ClNO4/c1-2-9-23-16-6-4-3-5-14(16)12-21(19(22)11-20)15-7-8-17-18(10-15)25-13-24-17/h2-8,10H,1,9,11-13H2",38528,ClCC(=O)N(Cc1ccccc1OCC=C)c2ccc3OCOc3c2,NA
Input,CHEMBL2360603,0.29133856,InputSig,NA,NA,LINCSCP_3520,A375,10uM,24h,skin,NA,NA,SPNWIHHPPMUGLU-HNPLUWAHSA-N,"InChI=1S/C30H34Cl2N4O4/c1-19-15-36(20(2)18-37)29(38)14-23-13-24(34-30(39)22-8-10-33-11-9-22)5-7-27(23)40-28(19)17-35(3)16-21-4-6-25(31)26(32)12-21/h4-13,19-20,28,37H,14-18H2,1-3H3,(H,34,39)/t19-,20+,28+/m1/s1",19537,C[C@@H](CO)N1C[C@@H](C)[C@H](CN(C)Cc2ccc(Cl)c(Cl)c2)Oc3ccc(NC(=O)c4ccncc4)cc3CC1=O,NA
Input,4-Chloro-3-nitro-quinolin-2(1H)-one,0.29130847,InputSig,NA,NA,LINCSCP_1715,A375,10uM,6h,skin,NA,NA,MCYSTJLGTLBBTI-UHFFFAOYSA-N,"InChI=1S/C9H5ClN2O3/c10-7-5-3-1-2-4-6(5)11-9(13)8(7)12(14)15/h1-4H,(H,11,13)",26412,[O-][N+](=O)C1=C(Cl)c2ccccc2NC1=O,NA
Input,Fedratinib,0.29120875,InputSig,NA,NA,LINCSCP_53438,SKMEL28,10uM,6h,skin,FLT3 inhibitor|JAK inhibitor,FLT3|JAK2,JOOXLOJCABQBSG-UHFFFAOYSA-N,"InChI=1S/C27H36N6O3S/c1-20-19-28-26(30-21-10-12-23(13-11-21)36-17-16-33-14-5-6-15-33)31-25(20)29-22-8-7-9-24(18-22)37(34,35)32-27(2,3)4/h7-13,18-19,32H,5-6,14-17H2,1-4H3,(H2,28,29,30,31)",37823,Cc1cnc(Nc2ccc(OCCN3CCCC3)cc2)nc1Nc4cccc(c4)S(=O)(=O)NC(C)(C)C,3
Input,triptolide,0.29097985,InputSig,NA,NA,LINCSCP_150244,NPC.TAK,0.37uM,24h,NA,NA,NA,NA,NA,NA,NA,NA
Input,Cerulenin,0.29048063,InputSig,NA,NA,LINCSCP_10388,A673,40uM,6h,bone,Fatty acid synthase inhibitor,FASN,GVEZIHKRYBHEFX-NQQPLRFYSA-N,"InChI=1S/C12H17NO3/c1-2-3-4-5-6-7-8-9(14)10-11(16-10)12(13)15/h2-3,5-6,10-11H,4,7-8H2,1H3,(H2,13,15)/b3-2+,6-5+/t10-,11-/m1/s1",17044,C\C=C\C\C=C\CCC(=O)[C@H]1O[C@H]1C(=O)N,NA
Input,NCGC00170397-01,0.2902521,InputSig,NA,NA,LINCSCP_59512,VCAP,10uM,24h,prostate,NA,NA,RVJRMPQLLBUGDF-MHUNNFNASA-N,"InChI=1S/C46H41N3O10/c1-54-43-42(59-46(53)49-38-24-14-12-22-36(38)31-17-7-3-8-18-31)41(58-45(52)48-37-23-13-11-21-35(37)30-15-5-2-6-16-30)40(39(29-50)56-43)57-44(51)47-32-25-27-34(28-26-32)55-33-19-9-4-10-20-33/h2-28,39-43,50H,29H2,1H3,(H,47,51)(H,48,52)(H,49,53)/t39-,40-,41+,42-,43+/m1/s1",11494,CO[C@H]1O[C@H](CO)[C@@H](OC(=O)Nc2ccc(Oc3ccccc3)cc2)[C@H](OC(=O)Nc4ccccc4c5ccccc5)[C@H]1OC(=O)Nc6ccccc6c7ccccc7,NA
Input,"13-Hydroxy-8,14,19-trimethoxy-4,10,12,16-tetramethyl-3,20,22-trioxo-2-azabicyclo[16.3.1]docosa-1(21),4,6,10,18-pentaen-9-yl carbamate",0.29022592,InputSig,NA,NA,LINCSCP_68407,VCAP,10uM,6h,prostate,HSP inhibitor,HSP90AA1,QTQAWLPCGQOSGP-VDYWNIEOSA-N,"InChI=1S/C29H40N2O9/c1-15-11-19-25(34)20(14-21(32)27(19)39-7)31-28(35)16(2)9-8-10-22(37-5)26(40-29(30)36)18(4)13-17(3)24(33)23(12-15)38-6/h8-10,13-15,17,22-24,26,33H,11-12H2,1-7H3,(H2,30,36)(H,31,35)/b10-8+,16-9+,18-13+",25572,COC1CC(C)CC2=C(OC)C(=O)C=C(NC(=O)\C(=C\C=C\C(OC)C(OC(=O)N)\C(=C\C(C)C1O)\C)\C)C2=O,NA
Input,MLS-0208612.0001,0.29021381,InputSig,NA,NA,LINCSCP_20008,HCC515,10uM,6h,lung,NA,NA,UHWSJFLFFIEREG-UHFFFAOYSA-N,"InChI=1S/C12H11Cl2N3S/c1-2-18-12-16-10(8-6-4-3-5-7-8)15-11(17-12)9(13)14/h3-7,9H,2H2,1H3",35843,CCSc1nc(nc(n1)c2ccccc2)C(Cl)Cl,NA
Input,MLS001210968,0.28999347,InputSig,NA,NA,LINCSCP_15940,HA1E,10uM,6h,kidney epithelial,NA,NA,YPRWBCIJAZDVIK-UHFFFAOYSA-N,"InChI=1S/C17H14N2O3S/c1-11-7-9-12(10-8-11)23-16-13-5-3-4-6-14(13)18(2)17(20)15(16)19(21)22/h3-10H,1-2H3",17814,CN1C(=O)C(=C(Sc2ccc(C)cc2)c3ccccc13)[N+](=O)[O-],NA
Input,852475-26-4,0.289991,InputSig,NA,NA,LINCSCP_148978,NPC,0.04uM,24h,neural progenitor cells,NA,NA,QRDAPCMJAOQZSU-KQQUZDAGSA-N,"InChI=1S/C17H15FN2O3/c1-20-11-12(9-15(20)6-8-17(22)19-23)5-7-16(21)13-3-2-4-14(18)10-13/h2-11,23H,1H3,(H,19,22)/b7-5+,8-6+",17934,Cn1cc(\C=C\C(=O)c2cccc(F)c2)cc1\C=C\C(=O)NO,NA
Input,BAY 87-2243,0.28947096,InputSig,NA,NA,LINCSCP_78662,A375,0.12uM,24h,skin,NA,NA,CDJNNOJINJAXPV-UHFFFAOYSA-N,"InChI=1S/C26H26F3N7O2/c1-17-14-22(25-31-24(33-38-25)19-2-6-21(7-3-19)37-26(27,28)29)32-36(17)16-18-8-9-30-23(15-18)35-12-10-34(11-13-35)20-4-5-20/h2-3,6-9,14-15,20H,4-5,10-13,16H2,1H3",26986,Cc1cc(nn1Cc2ccnc(c2)N3CCN(CC3)C4CC4)c5onc(n5)c6ccc(OC(F)(F)F)cc6,NA
Input,Proscillaridin A,0.28939417,InputSig,NA,NA,LINCSCP_25150,HT29,10uM,6h,large intestine,ATPase inhibitor,ATP1A1,MYEJFUXQJGHEQK-BVLCKXLMSA-N,"InChI=1S/C30H42O8/c1-16-24(32)25(33)26(34)27(37-16)38-19-8-11-28(2)18(14-19)5-6-22-21(28)9-12-29(3)20(10-13-30(22,29)35)17-4-7-23(31)36-15-17/h4,7,14-16,19-22,24-27,32-35H,5-6,8-13H2,1-3H3/t16-,19-,20+,21?,22?,24-,25+,26+,27-,28-,29+,30-/m0/s1",15224,C[C@@H]1O[C@@H](O[C@H]2CC[C@]3(C)C4CC[C@]5(C)[C@H](CC[C@]5(O)C4CCC3=C2)C6=COC(=O)C=C6)[C@H](O)[C@H](O)[C@H]1O,NA
Input,SMR001318079,0.28851737,InputSig,NA,NA,LINCSCP_57364,VCAP,10uM,6h,prostate,NA,NA,HDMORZDGVFJPLF-UHFFFAOYSA-N,"InChI=1S/C18H13FN2O3/c19-12-5-3-4-11(10-12)15-8-9-16(24-15)17-20-14-7-2-1-6-13(14)18(22)21(17)23/h1-10,17,20,23H",35457,ON1C(Nc2ccccc2C1=O)c3oc(cc3)c4cccc(F)c4,NA
Input,CCG-208137,0.28830671,InputSig,NA,NA,LINCSCP_43674,NPC,10uM,6h,neural progenitor cells,NA,NA,IEYXVHQWLXJZAG-UHFFFAOYSA-N,"InChI=1S/C13H16N6O8/c1-2-26-13(20)15-5-7-16(8-6-15)19(25)14-27-12-9-10(17(21)22)3-4-11(12)18(23)24/h3-4,9H,2,5-8H2,1H3",10,CCOC(=O)N1CCN(CC1)\[N+](=N\Oc2cc(ccc2[N+](=O)[O-])[N+](=O)[O-])\[O-],NA
Input,Scriptaid,0.28824356,InputSig,NA,NA,LINCSCP_43584,NPC,10uM,6h,neural progenitor cells,HDAC inhibitor,HDAC1,JTDYUFSDZATMKU-UHFFFAOYSA-N,"InChI=1S/C18H18N2O4/c21-15(19-24)10-2-1-3-11-20-17(22)13-8-4-6-12-7-5-9-14(16(12)13)18(20)23/h4-9,24H,1-3,10-11H2,(H,19,21)",15497,ONC(=O)CCCCCN1C(=O)c2cccc3cccc(C1=O)c23,NA
Input,"3,7-Bis(dimethylamino)phenothiazin-5-ium",0.28794428,InputSig,NA,NA,LINCSCP_54180,SW620,10uM,6h,large intestine,Guanylyl cyclase inhibitor|Monoamine oxidase inhibitor|Nitric oxide production inhibitor|Tau aggregation inhibitor,ACHE,RBTBFTRPCNLSDE-UHFFFAOYSA-N,"InChI=1S/C16H18N3S/c1-18(2)11-5-7-13-15(9-11)20-16-10-12(19(3)4)6-8-14(16)17-13/h5-10H,1-4H3/q+1",36258,CN(C)c1ccc2nc3ccc(cc3[s+]c2c1)N(C)C,3
Input,179324-69-7,0.28790995,InputSig,NA,NA,LINCSCP_101989,HELA,20uM,24h,large intestine,NFkB pathway inhibitor|Proteasome inhibitor,ADRM1|PSMA1|PSMA2|PSMA3|PSMA4|PSMA5|PSMA6|PSMA7|PSMA8|PSMB1|PSMB10|PSMB11|PSMB2|PSMB3|PSMB4|PSMB5|PSMB6|PSMB7|PSMB8|PSMB9|PSMC1|PSMC2|PSMC3|PSMC4|PSMC5|PSMC6|PSMD1|PSMD11|PSMD12|PSMD13|PSMD14|PSMD2|PSMD3|PSMD4|PSMD6|PSMD7|PSMD8|SEM1,NA,NA,NA,NA,NA
Input,BRN 1088757,0.28782103,InputSig,NA,NA,LINCSCP_2215,A375,10uM,6h,skin,NA,NA,KYFKUQZHXQMABC-JXMROGBWSA-N,"InChI=1S/C15H10N4O3/c1-9-2-4-12-13(6-9)18-15(17-12)10(8-16)7-11-3-5-14(22-11)19(20)21/h2-7H,1H3,(H,17,18)/b10-7+",17704,Cc1ccc2nc([nH]c2c1)\C(=C\c3oc(cc3)[N+](=O)[O-])\C#N,NA
Input,MLS000583957,0.28778965,InputSig,NA,NA,LINCSCP_6558,A549,10uM,6h,lung,NA,NA,STXBWZSVEOQYLQ-UHFFFAOYSA-N,"InChI=1S/C23H23ClN2O3S/c1-29-19-11-9-18(10-12-19)26(21(27)16-24)22(20-8-5-15-30-20)23(28)25-14-13-17-6-3-2-4-7-17/h2-12,15,22H,13-14,16H2,1H3,(H,25,28)",22262,COc1ccc(cc1)N(C(C(=O)NCCc2ccccc2)c3cccs3)C(=O)CCl,NA
Input,O-Demethylated Adapalene,0.28761497,InputSig,NA,NA,LINCSCP_53913,SNUC5,10uM,6h,large intestine,Retinoid receptor agonist,RARG,LDGIHZJOIQSHPB-UHFFFAOYSA-N,"InChI=1S/C27H26O3/c28-25-6-5-22(20-1-2-21-11-23(26(29)30)4-3-19(21)10-20)12-24(25)27-13-16-7-17(14-27)9-18(8-16)15-27/h1-6,10-12,16-18,28H,7-9,13-15H2,(H,29,30)",16522,OC(=O)c1ccc2cc(ccc2c1)c3ccc(O)c(c3)C45CC6CC(CC(C6)C4)C5,NA
Input,Canertinib,0.28761053,InputSig,NA,NA,LINCSCP_24762,HS578T,10uM,24h,breast,EGFR inhibitor,EGFR|ERBB2|ERBB4,OMZCMEYTWSXEPZ-UHFFFAOYSA-N,"InChI=1S/C24H25ClFN5O3/c1-2-23(32)30-21-13-17-20(14-22(21)34-9-3-6-31-7-10-33-11-8-31)27-15-28-24(17)29-16-4-5-19(26)18(25)12-16/h2,4-5,12-15H,1,3,6-11H2,(H,30,32)(H,27,28,29)",35284,Fc1ccc(Nc2ncnc3cc(OCCCN4CCOCC4)c(NC(=O)C=C)cc23)cc1Cl,3
Input,Genz-644282,0.28676286,InputSig,NA,NA,LINCSCP_143222,MCF7,0.37uM,24h,breast,NA,NA,BAORCAMWLWRZQG-UHFFFAOYSA-N,"InChI=1S/C22H21N3O5/c1-23-4-5-25-21-14-8-19-20(30-11-29-19)9-16(14)24-10-15(21)12-6-17(27-2)18(28-3)7-13(12)22(25)26/h6-10,23H,4-5,11H2,1-3H3",27038,CNCCN1C(=O)c2cc(OC)c(OC)cc2c3cnc4cc5OCOc5cc4c13,NA
Input,SCHEMBL15422032,0.28674773,InputSig,NA,NA,LINCSCP_52179,SKB,10uM,24h,NA,NA,NA,QJMFPDBBSFMUCX-PKNBQFBNSA-N,"InChI=1S/C22H23NO5/c1-26-18-13-16(14-19(27-2)21(18)28-3)9-11-20(24)23-12-4-5-17(22(23)25)10-8-15-6-7-15/h5,9,11,13-15H,4,6-7,12H2,1-3H3/b11-9+",25776,COc1cc(\C=C\C(=O)N2CCC=C(C#CC3CC3)C2=O)cc(OC)c1OC,NA
Input,Apatinib Hydrochloride,0.28659984,InputSig,NA,NA,LINCSCP_43645,NPC,10uM,6h,neural progenitor cells,HDAC inhibitor,HDAC1|HDAC10|HDAC11|HDAC2|HDAC3|HDAC4|HDAC5|HDAC6|HDAC7|HDAC8|HDAC9,JWOGUUIOCYMBPV-VWIQTCEGSA-N,"InChI=1S/C34H49N5O6/c1-5-22(3)30-34(44)38-19-13-12-18-29(38)33(43)35-26(16-9-7-8-14-24(40)6-2)31(41)36-27(32(42)37-30)20-23-21-39(45-4)28-17-11-10-15-25(23)28/h10-11,15,17,21-22,26-27,29-30H,5-9,12-14,16,18-20H2,1-4H3,(H,35,43)(H,36,41)(H,37,42)/t22-,26+,27+,29-,30+/m1/s1",1448,CC[C@@H](C)[C@@H]1NC(=O)[C@H](Cc2cn(OC)c3ccccc23)NC(=O)[C@H](CCCCCC(=O)CC)NC(=O)[C@H]4CCCCN4C1=O,NA
Input,"3,5-Bis(4-methylbenzylidene)piperidin-4-one",0.2865757,InputSig,NA,NA,LINCSCP_21254,HCT116,10uM,6h,large intestine,Ubiquitin specific protease inhibitor,SENP2|USP1|USP2|USP7,PKCYYPHSCUSQDK-UHWBUFEVSA-N,"InChI=1S/C21H21NO/c1-15-3-7-17(8-4-15)11-19-13-22-14-20(21(19)23)12-18-9-5-16(2)6-10-18/h3-12,22H,13-14H2,1-2H3/b19-11-,20-12+",17168,Cc1ccc(\C=C/2\CNC\C(=C/c3ccc(C)cc3)\C2=O)cc1,NA
Input,"3,5-Bis(4-methylbenzylidene)piperidin-4-one",0.2865757,InputSig,NA,NA,LINCSCP_21254,HCT116,10uM,6h,large intestine,Ubiquitin specific protease inhibitor,SENP2|USP1|USP2|USP7,PKCYYPHSCUSQDK-UHFFFAOYSA-N,"InChI=1S/C21H21NO/c1-15-3-7-17(8-4-15)11-19-13-22-14-20(21(19)23)12-18-9-5-16(2)6-10-18/h3-12,22H,13-14H2,1-2H3",792,Cc1ccc(C=C2CNCC(=Cc3ccc(C)cc3)C2=O)cc1,NA
Input,MLS000564806,0.28612164,InputSig,NA,NA,LINCSCP_54075,SW620,10uM,6h,large intestine,NA,NA,XAFSFXYJOJWLJD-UHFFFAOYSA-N,"InChI=1S/C21H23ClN4O/c1-2-25-9-11-26(12-10-25)20(15-5-3-7-23-14-15)17-13-18(22)16-6-4-8-24-19(16)21(17)27/h3-8,13-14,20,27H,2,9-12H2,1H3",36233,CCN1CCN(CC1)C(c2cccnc2)c3cc(Cl)c4cccnc4c3O,NA
Input,"Rhodanine derivative, 38",0.28580513,InputSig,NA,NA,LINCSCP_42209,NPC,10uM,24h,neural progenitor cells,Dual specificity protein phosphatase inhibitors,NA,UEMVHDDFBLKUGI-XYGWBWBKSA-N,"InChI=1S/C28H22ClN3O5S3/c29-22-10-6-19(7-11-22)18-37-24-12-8-20(9-13-24)26-21(17-32(30-26)23-4-2-1-3-5-23)16-25-27(33)31(28(38)39-25)14-15-40(34,35)36/h1-13,16-17H,14-15,18H2,(H,34,35,36)/b25-16-",37810,OS(=O)(=O)CCN1C(=S)S\C(=C/c2cn(nc2c3ccc(OCc4ccc(Cl)cc4)cc3)c5ccccc5)\C1=O,NA
Input,Valdecoxib,0.28569238,InputSig,NA,NA,LINCSCP_10526,AGS,100uM,6h,stomach,Cyclooxygenase inhibitor,PTGS2,LNPDTQAFDNKSHK-UHFFFAOYSA-N,"InChI=1S/C16H14N2O3S/c1-11-15(12-7-9-14(10-8-12)22(17,19)20)16(18-21-11)13-5-3-2-4-6-13/h2-10H,1H3,(H2,17,19,20)",16301,Cc1onc(c2ccccc2)c1c3ccc(cc3)S(=O)(=O)N,4
Input,NMS-1286937,0.28529685,InputSig,NA,NA,LINCSCP_173666,YAPC,0.37uM,24h,pancreas,NA,NA,QHLVBNKYJGBCQJ-UHFFFAOYSA-N,"InChI=1S/C24H27F3N8O3/c1-33-6-8-34(9-7-33)15-3-5-18(38-24(25,26)27)17(12-15)30-23-29-13-14-2-4-16-20(22(28)37)32-35(10-11-36)21(16)19(14)31-23/h3,5,12-13,36H,2,4,6-11H2,1H3,(H2,28,37)(H,29,30,31)",27018,CN1CCN(CC1)c2ccc(OC(F)(F)F)c(Nc3ncc4CCc5c(nn(CCO)c5c4n3)C(=O)N)c2,NA
Input,(+)-Camptothecin,0.28312102,InputSig,NA,NA,LINCSCP_13978,HA1E,10uM,24h,kidney epithelial,Topoisomerase inhibitor,TOP1,VSJKWCGYPAHWDS-UHFFFAOYSA-N,"InChI=1S/C20H16N2O4/c1-2-20(25)14-8-16-17-12(7-11-5-3-4-6-15(11)21-17)9-22(16)18(23)13(14)10-26-19(20)24/h3-8,25H,2,9-10H2,1H3",15216,CCC1(O)C(=O)OCC2=C1C=C3N(Cc4cc5ccccc5nc34)C2=O,NA
Input,MLS001116216,0.28294665,InputSig,NA,NA,LINCSCP_3101,A375,10uM,6h,skin,NA,NA,BVJXTFMKVNPXMZ-UHFFFAOYSA-N,"InChI=1S/C16H13ClFN5O3S3/c1-2-27-16-23-22-14(28-16)21-13(24)12-11(17)7-19-15(20-12)29(25,26)8-9-3-5-10(18)6-4-9/h3-7H,2,8H2,1H3,(H,21,22,24)",16483,CCSc1nnc(NC(=O)c2nc(ncc2Cl)S(=O)(=O)Cc3ccc(F)cc3)s1,NA
Input,Lanacordin,0.28264518,InputSig,NA,NA,LINCSCP_27283,HT29,10uM,6h,large intestine,ATPase inhibitor,ATP1A1,LTMHDMANZUZIPE-YUICGFAKSA-N,"InChI=1S/C41H64O14/c1-19-36(47)28(42)15-34(50-19)54-38-21(3)52-35(17-30(38)44)55-37-20(2)51-33(16-29(37)43)53-24-8-10-39(4)23(13-24)6-7-26-27(39)14-31(45)40(5)25(9-11-41(26,40)48)22-12-32(46)49-18-22/h12,19-21,23-31,33-38,42-45,47-48H,6-11,13-18H2,1-5H3/t19-,20-,21-,23-,24+,25?,26-,27+,28+,29+,30+,31-,33+,34+,35+,36-,37-,38-,39+,40+,41+/m1/s1",1486,C[C@H]1O[C@H](C[C@H](O)[C@@H]1O)O[C@H]2[C@@H](O)C[C@H](O[C@H]3[C@@H](O)C[C@H](O[C@H]4CC[C@@]5(C)[C@H](CC[C@@H]6[C@@H]5C[C@@H](O)[C@]7(C)C(CC[C@]67O)C8=CC(=O)OC8)C4)O[C@@H]3C)O[C@@H]2C,NA
Input,MLS000038113,0.28241494,InputSig,NA,NA,LINCSCP_16598,HA1E,10uM,6h,kidney epithelial,NA,NA,HKPDBQHHTHILOX-UHFFFAOYSA-N,"InChI=1S/C19H20FNO2/c20-17-8-6-16(7-9-17)19(22)18(15-4-2-1-3-5-15)14-21-10-12-23-13-11-21/h1-9,18H,10-14H2",18284,Fc1ccc(cc1)C(=O)C(CN2CCOCC2)c3ccccc3,NA
Input,GW 405833,0.2815653,InputSig,NA,NA,LINCSCP_53776,SNUC4,40uM,6h,large intestine,Cannabinoid receptor agonist,CNR2,FSFZRNZSZYDVLI-UHFFFAOYSA-N,"InChI=1S/C23H24Cl2N2O3/c1-15-17(8-9-26-10-12-30-13-11-26)19-14-16(29-2)6-7-21(19)27(15)23(28)18-4-3-5-20(24)22(18)25/h3-7,14H,8-13H2,1-2H3",15411,COc1ccc2c(c1)c(CCN3CCOCC3)c(C)n2C(=O)c4cccc(Cl)c4Cl,NA
Input,AC1Q6JJ5,0.2812588,InputSig,NA,NA,LINCSCP_251126,MCF7,0.001uM,6h,breast,Topoisomerase inhibitor,TOP2A,XDXDZDZNSLXDNA-YMYDAGKFSA-N,"InChI=1S/C26H27NO9/c1-10-21(29)15(27)7-17(35-10)36-16-9-26(34,11(2)28)8-14-18(16)25(33)20-19(24(14)32)22(30)12-5-3-4-6-13(12)23(20)31/h3-6,10,15-17,21,29,32-34H,7-9,27H2,1-2H3/t10?,15?,16-,17?,21?,26-/m0/s1",36674,CC1OC(CC(N)C1O)O[C@H]2C[C@@](O)(Cc3c(O)c4C(=O)c5ccccc5C(=O)c4c(O)c23)C(=O)C,NA
Input,BG-1025,0.28090263,InputSig,NA,NA,LINCSCP_43622,NPC,10uM,6h,neural progenitor cells,NA,NA,DZJZQNLBLZSWDQ-KGENOOAVSA-N,"InChI=1S/C19H22N4O3/c24-18(4-2-1-3-5-19(25)23-26)22-21-14-15-6-8-16(9-7-15)17-10-12-20-13-11-17/h6-14,26H,1-5H2,(H,22,24)(H,23,25)/b21-14+",5,ONC(=O)CCCCCC(=O)NN=Cc1ccc(cc1)c2ccncc2,NA
Input,Masitinib,0.28036912,InputSig,NA,NA,LINCSCP_24969,HS578T,0.1uM,6h,breast,KIT inhibitor|PDGFR tyrosine kinase receptor inhibitor|Src inhibitor,FGFR3|KIT|LYN|PDGFRA|PDGFRB,WJEOLQLKVOPQFV-UHFFFAOYSA-N,"InChI=1S/C28H30N6OS/c1-20-5-10-24(16-25(20)31-28-32-26(19-36-28)23-4-3-11-29-17-23)30-27(35)22-8-6-21(7-9-22)18-34-14-12-33(2)13-15-34/h3-11,16-17,19H,12-15,18H2,1-2H3,(H,30,35)(H,31,32)",17526,CN1CCN(Cc2ccc(cc2)C(=O)Nc3ccc(C)c(Nc4nc(cs4)c5cccnc5)c3)CC1,3
Input,Phorbol Myristate Acetate,0.28026715,InputSig,NA,NA,LINCSCP_55388,U937,1uM,6h,haematopoietic and lymphoid tissue,PKC activator,NA,PHEDXBVPIONUQT-RGYGYFBISA-N,"InChI=1S/C36H56O8/c1-7-8-9-10-11-12-13-14-15-16-17-18-29(39)43-32-24(3)35(42)27(30-33(5,6)36(30,32)44-25(4)38)20-26(22-37)21-34(41)28(35)19-23(2)31(34)40/h19-20,24,27-28,30,32,37,41-42H,7-18,21-22H2,1-6H3/t24-,27+,28-,30-,32-,34-,35-,36-/m1/s1",38996,CCCCCCCCCCCCCC(=O)O[C@@H]1[C@@H](C)[C@@]2(O)[C@@H](C=C(CO)C[C@@]3(O)[C@H]2C=C(C)C3=O)[C@@H]4C(C)(C)[C@]14OC(=O)C,NA
Input,Dactolisib,0.27970933,InputSig,NA,NA,LINCSCP_56832,VCAP,0.5uM,24h,prostate,MTOR inhibitor|PI3K inhibitor,MTOR|PIK3CA|PIK3CB|PIK3CD|PIK3CG|PIK3R1|PIK3R2|PIK3R3|PIK3R5,JOGKUKXHTYWRGZ-UHFFFAOYSA-N,"InChI=1S/C30H23N5O/c1-30(2,18-31)22-9-11-23(12-10-22)35-28-24-15-19(21-14-20-6-4-5-7-25(20)32-16-21)8-13-26(24)33-17-27(28)34(3)29(35)36/h4-17H,1-3H3",15058,CN1C(=O)N(c2ccc(cc2)C(C)(C)C#N)c3c1cnc4ccc(cc34)c5cnc6ccccc6c5,2
Input,Mitoxantrone,0.27921442,InputSig,NA,NA,LINCSCP_9459,A549,10uM,24h,lung,DNA topoisomerase II alpha inhibitor,TOP2A,KKZJGLLVHKMTCM-UHFFFAOYSA-N,"InChI=1S/C22H28N4O6/c27-11-9-23-5-7-25-13-1-2-14(26-8-6-24-10-12-28)18-17(13)21(31)19-15(29)3-4-16(30)20(19)22(18)32/h1-4,23-30H,5-12H2",15491,OCCNCCNc1ccc(NCCNCCO)c2C(=O)c3c(O)ccc(O)c3C(=O)c12,4
Input,CAY10603,0.27828459,InputSig,NA,NA,LINCSCP_43657,NPC,10uM,6h,neural progenitor cells,HDAC inhibitor,HDAC6,WWGBHDIHIVGYLZ-UHFFFAOYSA-N,"InChI=1S/C22H30N4O6/c1-22(2,3)31-21(29)24-16-11-9-15(10-12-16)18-14-17(26-32-18)20(28)23-13-7-5-4-6-8-19(27)25-30/h9-12,14,30H,4-8,13H2,1-3H3,(H,23,28)(H,24,29)(H,25,27)",16213,CC(C)(C)OC(=O)Nc1ccc(cc1)c2onc(c2)C(=O)NCCCCCCC(=O)NO,NA
Input,BRD-A59145032,0.27813115,InputSig,NA,NA,LINCSCP_2270,A375,10uM,6h,skin,NA,NA,ULFXYGSLIIQWSV-UHFFFAOYSA-N,"InChI=1S/C20H20F3NO2/c21-20(22,23)17-8-6-16(7-9-17)19(25)18(15-4-2-1-3-5-15)14-24-10-12-26-13-11-24/h1-9,18H,10-14H2",11401,FC(F)(F)c1ccc(cc1)C(=O)C(CN2CCOCC2)c3ccccc3,NA
Input,CHEMBL2139663,0.27798818,InputSig,NA,NA,LINCSCP_26418,HT29,10uM,6h,large intestine,NA,NA,XXSFXQLMBCXBAH-UHFFFAOYSA-N,"InChI=1S/C22H19N5/c1-16-10-12-17(13-11-16)15-24-22-20(18-7-3-2-4-8-18)26-27-21(25-22)19-9-5-6-14-23-19/h2-14H,15H2,1H3,(H,24,25,27)",18814,Cc1ccc(CNc2nc(nnc2c3ccccc3)c4ccccn4)cc1,NA
Input,Elesclomol,0.27778855,InputSig,NA,NA,LINCSCP_54344,SW620,10uM,6h,large intestine,Oxidative stress inducer,HSPA1A,BKJIXTWSNXCKJH-UHFFFAOYSA-N,"InChI=1S/C19H20N4O2S2/c1-22(18(26)14-9-5-3-6-10-14)20-16(24)13-17(25)21-23(2)19(27)15-11-7-4-8-12-15/h3-12H,13H2,1-2H3,(H,20,24)(H,21,25)",16207,CN(NC(=O)CC(=O)NN(C)C(=S)c1ccccc1)C(=S)c2ccccc2,3
Input,BDBM50127227,0.2776098,InputSig,NA,NA,LINCSCP_54330,SW620,10uM,6h,large intestine,Farnesyltransferase inhibitor|NFkB pathway inhibitor,FNTA|IKBKB,XIZGHTZLVCHYJN-MVTGTTCWSA-N,"InChI=1S/C31H38N2O7/c1-5-6-11-19(2)16-20(3)17-21(4)30(38)32-22-18-31(39,29-28(40-29)27(22)37)15-10-8-7-9-12-25(36)33-26-23(34)13-14-24(26)35/h7-10,12,15-19,26,28-29,39H,5-6,11,13-14H2,1-4H3,(H,32,38)(H,33,36)/b8-7+,12-9+,15-10+,20-16+,21-17+/t19-,28-,29-,31+/m1/s1",25679,CCCC[C@@H](C)\C=C(/C)\C=C(/C)\C(=O)NC1=C[C@@](O)(\C=C\C=C\C=C\C(=O)NC2C(=O)CCC2=O)[C@@H]3O[C@@H]3C1=O,NA
Input,Tivozanib,0.27759365,InputSig,NA,NA,LINCSCP_164226,SKL.C,10uM,24h,NA,VEGFR inhibitor,FLT1|FLT4|KDR|KIT|PDGFRA|PDGFRB,SPMVMDHWKHCIDT-UHFFFAOYSA-N,"InChI=1S/C22H19ClN4O5/c1-12-8-21(27-32-12)26-22(28)25-16-5-4-13(9-15(16)23)31-18-6-7-24-17-11-20(30-3)19(29-2)10-14(17)18/h4-11H,1-3H3,(H2,25,26,27,28)",36799,COc1cc2nccc(Oc3ccc(NC(=O)Nc4cc(C)on4)c(Cl)c3)c2cc1OC,3
Input,CHEMBL2141722,0.27756893,InputSig,NA,NA,LINCSCP_26140,HT29,10uM,6h,large intestine,NA,NA,VZQQBRATUAQGEU-UHFFFAOYSA-N,"InChI=1S/C20H23N5/c1-20(2,3)12-14-22-19-17(15-9-5-4-6-10-15)24-25-18(23-19)16-11-7-8-13-21-16/h4-11,13H,12,14H2,1-3H3,(H,22,23,25)",24080,CC(C)(C)CCNc1nc(nnc1c2ccccc2)c3ccccn3,NA
Input,BRD-A28746609,0.27658771,InputSig,NA,NA,LINCSCP_92363,HA1E,1.11uM,24h,kidney epithelial,Tubulin inhibitor,NR1I2|TUBB,NA,NA,NA,NA,NA
Input,AC1NSOND,0.27624924,InputSig,NA,NA,LINCSCP_3047,A375,10uM,6h,skin,NA,NA,NYSNWKVZPJLWBH-WQRHYEAKSA-N,"InChI=1S/C20H15FN4O/c1-13-18(20(26)23-22-13)11-15-12-25(17-5-3-2-4-6-17)24-19(15)14-7-9-16(21)10-8-14/h2-12H,1H3,(H,23,26)/b18-11-",37339,CC1=NNC(=O)/C/1=C\c2cn(nc2c3ccc(F)cc3)c4ccccc4,NA
Input,BRD-K41087962,0.27614618,InputSig,NA,NA,LINCSCP_25071,HT115,0.5uM,6h,large intestine,NA,NA,RHMYANWTFKKYOM-SSXAXAPESA-N,"InChI=1S/C25H26O10/c1-10-8-12-16(17(27)15-11(18(12)29-2)6-5-7-13(15)26)19-14(10)20-21-24(28,33-19)23(9-32-23)25(34-20,35-21)22(30-3)31-4/h8,20-22,27-28H,5-7,9H2,1-4H3/t20-,21-,23-,24+,25-/m0/s1",34254,COC(OC)[C@]12O[C@@H]3[C@H](O1)[C@@](O)(Oc4c3c(C)cc5c(OC)c6CCCC(=O)c6c(O)c45)[C@@]27CO7,NA
Input,Promazine,0.27536561,InputSig,NA,NA,LINCSCP_10515,AGS,10uM,6h,stomach,Serotonin 2a (5-HT2a) receptor antagonist (Serotonin 2a|D2-like dopamine receptor antagonist,CHRM5|DRD2|DRD3|DRD4|HTR2A,ZGUGWUXLJSTTMA-UHFFFAOYSA-N,"InChI=1S/C17H20N2S/c1-18(2)12-7-13-19-14-8-3-5-10-16(14)20-17-11-6-4-9-15(17)19/h3-6,8-11H,7,12-13H2,1-2H3",15389,CN(C)CCCN1c2ccccc2Sc3ccccc13,4
Input,BG-1003,0.27501832,InputSig,NA,NA,LINCSCP_43294,NPC,10uM,6h,neural progenitor cells,NA,NA,BRWRMTIGOLBNCP-CJLVFECKSA-N,"InChI=1S/C21H25N3O3/c25-20(10-6-1-2-7-11-21(26)24-27)23-22-16-17-12-14-19(15-13-17)18-8-4-3-5-9-18/h3-5,8-9,12-16,27H,1-2,6-7,10-11H2,(H,23,25)(H,24,26)/b22-16+",3,ONC(=O)CCCCCCC(=O)NN=Cc1ccc(cc1)c2ccccc2,NA
Input,Broad-Sai-424,0.27482679,InputSig,NA,NA,LINCSCP_17344,HA1E,3.33uM,24h,kidney epithelial,NA,NA,NA,NA,NA,NA,NA
Input,Perhexiline,0.27456336,InputSig,NA,NA,LINCSCP_53860,SNUC5,10uM,6h,large intestine,Carnitine palmitoyltransferase inhibitor,CPT1A|CPT2,CYXKNKQEMFBLER-UHFFFAOYSA-N,"InChI=1S/C19H35N/c1-3-9-16(10-4-1)19(17-11-5-2-6-12-17)15-18-13-7-8-14-20-18/h16-20H,1-15H2",16124,C(C(C1CCCCC1)C2CCCCC2)C3CCCCN3,4
Input,Lamivudine,0.27413149,InputSig,NA,NA,LINCSCP_156957,PC3,0.37uM,24h,prostate,Nucleoside reverse transcriptase inhibitor,NA,JTEGQNOMFQHVDC-NKWVEPMBSA-N,"InChI=1S/C8H11N3O3S/c9-5-1-2-11(8(13)10-5)6-4-15-7(3-12)14-6/h1-2,6-7,12H,3-4H2,(H2,9,10,13)/t6-,7+/m0/s1",36389,NC1=NC(=O)N(C=C1)[C@@H]2CS[C@H](CO)O2,4
Input,Cadmium Dichloride,0.27406589,InputSig,NA,NA,LINCSCP_17046,HA1E,20uM,24h,kidney epithelial,Coloring agent,NA,YKYOUMDCQGMQQO-UHFFFAOYSA-L,InChI=1S/Cd.2ClH/h;2*1H/q+2;;/p-2,23617,Cl[Cd]Cl,NA
Input,MK-8245,0.2736777,InputSig,NA,NA,LINCSCP_71305,A375,0.12uM,24h,skin,NA,NA,UJEAABFSXKCSGI-UHFFFAOYSA-N,"InChI=1S/C17H16BrFN6O4/c18-12-2-1-10(19)7-13(12)28-11-3-5-24(6-4-11)15-8-14(29-22-15)17-20-23-25(21-17)9-16(26)27/h1-2,7-8,11H,3-6,9H2,(H,26,27)",26956,OC(=O)Cn1nnc(n1)c2onc(c2)N3CCC(CC3)Oc4cc(F)ccc4Br,NA
Input,ZINC01069258,0.27352534,InputSig,NA,NA,LINCSCP_10812,ASC,10uM,24h,adipose,NA,NA,BSXOMXZEQWAYJE-UHFFFAOYSA-N,"InChI=1S/C18H13ClN4OS/c1-23-14-5-3-2-4-13(14)16-17(23)20-18(22-21-16)25-10-15(24)11-6-8-12(19)9-7-11/h2-9H,10H2,1H3",1439,Cn1c2ccccc2c3nnc(SCC(=O)c4ccc(Cl)cc4)nc13,NA
Input,BI 78D3,0.27343876,InputSig,NA,NA,LINCSCP_16698,HA1E,10uM,6h,kidney epithelial,JNK inhibitor,MAPK8,QFRLDZGQEZCCJZ-UHFFFAOYSA-N,"InChI=1S/C13H9N5O5S2/c19-11-15-16-12(25-13-14-6-10(24-13)18(20)21)17(11)7-1-2-8-9(5-7)23-4-3-22-8/h1-2,5-6H,3-4H2,(H,15,19)",36555,Oc1nnc(Sc2ncc(s2)[N+](=O)[O-])n1c3ccc4OCCOc4c3,NA
Input,MK-5108,0.27340345,InputSig,NA,NA,LINCSCP_10089,A549,3.33uM,24h,lung,Aurora kinase inhibitor,AURKA|AURKB,LCVIRAZGMYMNNT-VVONHTQRSA-N,"InChI=1S/C22H21ClFN3O3S/c23-16-4-2-5-17(19(16)24)30-15-7-9-22(10-8-15,20(28)29)13-14-3-1-6-18(26-14)27-21-25-11-12-31-21/h1-6,11-12,15H,7-10,13H2,(H,28,29)(H,25,26,27)/t15-,22-",36715,OC(=O)[C@@]1(Cc2cccc(Nc3nccs3)n2)CC[C@@H](CC1)Oc4cccc(Cl)c4F,NA
Input,PP 1,0.27335324,InputSig,NA,NA,LINCSCP_52616,SKB,10uM,24h,NA,Abl kinase inhibitor|Src inhibitor,NA,ZVPDNRVYHLRXLX-UHFFFAOYSA-N,"InChI=1S/C16H19N5/c1-10-5-7-11(8-6-10)13-12-14(17)18-9-19-15(12)21(20-13)16(2,3)4/h5-9H,1-4H3,(H2,17,18,19)",34217,Cc1ccc(cc1)c2nn(c3ncnc(N)c23)C(C)(C)C,NA
Input,332874-04-1,0.27323982,InputSig,NA,NA,LINCSCP_32392,MCF7,10uM,6h,breast,NA,NA,UXDDCRYZCDOAEL-UHFFFAOYSA-N,"InChI=1S/C9H9BrN2O3/c10-7-3-6(4-11-5-7)9(15)12-2-1-8(13)14/h3-5H,1-2H2,(H,12,15)(H,13,14)",16190,OC(=O)CCNC(=O)c1cncc(Br)c1,NA
Input,NCGC00172397-01,0.27313023,InputSig,NA,NA,LINCSCP_6010,A549,10uM,6h,lung,NA,NA,SUBGWCBFFPRODX-HFONSACISA-N,"InChI=1S/C25H32BrNO4Si/c1-15-13-19-22(20(26)14-15)27(3)24(29)25(19)16(2)23(21(31-25)11-12-28)32(5,6)18-9-7-17(30-4)8-10-18/h7-10,13-14,16,21,23,28H,11-12H2,1-6H3/t16-,21+,23-,25+/m0/s1",11469,COc1ccc(cc1)[Si](C)(C)[C@@H]2[C@@H](CCO)O[C@@]3([C@H]2C)C(=O)N(C)c4c(Br)cc(C)cc34,NA
Input,MLS000859112,0.27310061,InputSig,NA,NA,LINCSCP_2082,A375,10uM,6h,skin,NA,NA,FDWJVAMEZPQFCN-UHFFFAOYSA-N,"InChI=1S/C13H13NO2S2/c1-16-10-6-4-5-9(7-10)12(15)11(8-14)13(17-2)18-3/h4-7H,1-3H3",36429,COc1cccc(c1)C(=O)C(=C(SC)SC)C#N,NA
Input,GSK-1904529A,0.27234122,InputSig,NA,NA,LINCSCP_29962,MCF10A,1uM,6h,breast epithelial,IGF-1 inhibitor|Insulin growth factor receptor inhibitor|Insulin receptor ligand,IGF1R|INSR,MOSKATHMXWSZTQ-UHFFFAOYSA-N,"InChI=1S/C44H47F2N9O5S/c1-5-28-26-35(38(60-3)27-36(28)53-19-15-30(16-20-53)52-21-23-54(24-22-52)61(4,57)58)49-44-47-17-14-34(48-44)42-40(50-39-11-6-7-18-55(39)42)29-12-13-37(59-2)31(25-29)43(56)51-41-32(45)9-8-10-33(41)46/h6-14,17-18,25-27,30H,5,15-16,19-24H2,1-4H3,(H,51,56)(H,47,48,49)",25590,CCc1cc(Nc2nccc(n2)c3c(nc4ccccn34)c5ccc(OC)c(c5)C(=O)Nc6c(F)cccc6F)c(OC)cc1N7CCC(CC7)N8CCN(CC8)S(=O)(=O)C,NA
Input,Rottlerin,0.27199968,InputSig,NA,NA,LINCSCP_4696,A549,10uM,6h,lung,MAP kinase inhibitor|Protein kinase inhibitor,NA,DEZFNHCVIZBHBI-ZHACJKMWSA-N,"InChI=1S/C30H28O8/c1-15-24(33)19(27(36)22(16(2)31)25(15)34)14-20-26(35)18-12-13-30(3,4)38-29(18)23(28(20)37)21(32)11-10-17-8-6-5-7-9-17/h5-13,33-37H,14H2,1-4H3/b11-10+",22166,CC(=O)c1c(O)c(C)c(O)c(Cc2c(O)c3C=CC(C)(C)Oc3c(C(=O)\C=C\c4ccccc4)c2O)c1O,NA
Input,NCGC00170405-01,0.2718885,InputSig,NA,NA,LINCSCP_16948,HA1E,10uM,6h,kidney epithelial,NA,NA,GJUVCFPEPSJMQQ-QGVRFUEOSA-N,"InChI=1S/C42H41N3O9/c1-3-27-15-14-20-30(25-27)43-40(47)52-36-35(26-46)51-39(50-2)38(54-42(49)45-34-24-13-11-22-32(34)29-18-8-5-9-19-29)37(36)53-41(48)44-33-23-12-10-21-31(33)28-16-6-4-7-17-28/h4-25,35-39,46H,3,26H2,1-2H3,(H,43,47)(H,44,48)(H,45,49)/t35-,36-,37+,38-,39+/m1/s1",31592,CCc1cccc(NC(=O)O[C@@H]2[C@@H](CO)O[C@H](OC)[C@H](OC(=O)Nc3ccccc3c4ccccc4)[C@H]2OC(=O)Nc5ccccc5c6ccccc6)c1,NA
Input,Teniposide,0.27173391,InputSig,NA,NA,LINCSCP_19458,HCC515,1uM,6h,lung,Topoisomerase inhibitor,TOP2A,NRUKOCRGYNPUPR-OQMCATNJSA-N,"InChI=1S/C32H32O13S/c1-37-19-6-13(7-20(38-2)25(19)33)23-14-8-17-18(42-12-41-17)9-15(14)28(16-10-39-30(36)24(16)23)44-32-27(35)26(34)29-21(43-32)11-40-31(45-29)22-4-3-5-46-22/h3-9,16,21,23-24,26-29,31-35H,10-12H2,1-2H3/t16?,21-,23-,24+,26-,27-,28?,29?,31-,32+/m1/s1",22395,COc1cc(cc(OC)c1O)[C@H]2[C@@H]3C(COC3=O)C(O[C@@H]4O[C@@H]5CO[C@H](OC5[C@H](O)[C@H]4O)c6cccs6)c7cc8OCOc8cc27,NA
Input,Cucurbitacin I,0.27036362,InputSig,NA,NA,LINCSCP_28899,HUH7,10uM,6h,liver,JAK inhibitor|Lipocortin synthesis stimulant|STAT inhibitor,JAK2|STAT3,NZZOMHODWAPPJH-YPXOEWKESA-N,"InChI=1S/C30H42O7/c1-25(2,36)12-11-21(33)30(8,37)23-19(32)14-27(5)20-10-9-16-17(13-18(31)24(35)26(16,3)4)29(20,7)22(34)15-28(23,27)6/h9,11-12,17,19-20,23,32,36-37H,10,13-15H2,1-8H3/b12-11+/t17?,19-,20+,23?,27+,28+,29+,30+/m1/s1",25577,CC(C)(O)\C=C\C(=O)[C@](C)(O)C1[C@H](O)C[C@@]2(C)[C@@H]3CC=C4C(CC(=O)C(=O)C4(C)C)[C@]3(C)C(=O)C[C@@]12C,NA
Input,SR-02000000448,0.2703039,InputSig,NA,NA,LINCSCP_1697,A375,10uM,6h,skin,NA,NA,FFXHAANGHHWSSY-UHFFFAOYSA-N,"InChI=1S/C21H21ClN2O3/c1-13(2)18-10-5-15(11-14(18)3)24-21(25)20(19(22)12-23-24)27-17-8-6-16(26-4)7-9-17/h5-13H,1-4H3",35435,COc1ccc(OC2=C(Cl)C=NN(C2=O)c3ccc(C(C)C)c(C)c3)cc1,NA
Input,BSPBIO_001592,0.26959185,InputSig,NA,NA,LINCSCP_40236,NCIH508,50uM,6h,large intestine,Cyclooxygenase inhibitor|Histone acetyltransferase inhibitor|Lipoxygenase inhibitor|NFkB pathway inhibitor,PTGS1|PTGS2,VZMSCIKIANDZNI-OAMUUVBCSA-N,"InChI=1S/C21H20O6/c1-26-20-11-7-14(12-19(20)25)6-9-16(22)13-17(23)10-8-15-4-3-5-18(24)21(15)27-2/h3-12,24-25H,13H2,1-2H3/b9-6+,10-8+",22175,COc1ccc(\C=C\C(=O)CC(=O)\C=C\c2cccc(O)c2OC)cc1O,NA
Input,ANISODAMINE HYDROBROMIDE,0.26957054,InputSig,NA,NA,LINCSCP_89612,HA1E,0.12uM,24h,kidney epithelial,NA,NA,WTQYWNWRJNXDEG-GZPFGDLZSA-N,"InChI=1S/C17H23NO4/c1-18-12-7-13(9-15(18)16(20)8-12)22-17(21)14(10-19)11-5-3-2-4-6-11/h2-6,12-16,19-20H,7-10H2,1H3/t12?,13-,14+,15+,16-/m0/s1",26681,CN1C2C[C@@H](C[C@@H]1[C@@H](O)C2)OC(=O)[C@H](CO)c3ccccc3,NA
Input,CHEMBL1269896,0.26956991,InputSig,NA,NA,LINCSCP_1120,A375,10uM,24h,skin,NA,NA,PYNKKMZSVFDYAC-UHFFFAOYSA-N,"InChI=1S/C24H18N2O4S/c1-28-19-13-11-18(12-14-19)23(27)29-15-4-5-16-31-24-26-25-22(30-24)21-10-6-8-17-7-2-3-9-20(17)21/h2-3,6-14H,15-16H2,1H3",15475,COc1ccc(cc1)C(=O)OCC#CCSc2oc(nn2)c3cccc4ccccc34,NA
Input,Phloretin,0.26892186,InputSig,NA,NA,LINCSCP_53442,SKMEL28,100uM,6h,skin,Sodium/glucose cotransporter inhibitor,NA,VGEREEWJJVICBM-UHFFFAOYSA-N,"InChI=1S/C15H14O5/c16-10-4-1-9(2-5-10)3-6-12(18)15-13(19)7-11(17)8-14(15)20/h1-2,4-5,7-8,16-17,19-20H,3,6H2",16518,Oc1ccc(CCC(=O)c2c(O)cc(O)cc2O)cc1,NA
Input,BRD-A43331270-001-01-6,0.26841396,InputSig,NA,NA,LINCSCP_29091,JHUEM2,10uM,6h,endometrium,Adrenergic receptor antagonist|Calcium channel blocker,ADRA1A|CACNA1C,SLTFTBXXKKDMPA-UHFFFAOYSA-N,"InChI=1S/C36H39N3O6/c1-5-21-38-25(2)31(34(40)44-4)33(27-13-12-18-30(24-27)39(42)43)32(26(38)3)35(41)45-37-22-19-36(20-23-37,28-14-8-6-9-15-28)29-16-10-7-11-17-29/h6-18,24,33H,5,19-23H2,1-4H3",1390,CCCN1C(=C(C(C(=C1C)C(=O)ON2CCC(CC2)(c3ccccc3)c4ccccc4)c5cccc(c5)[N+](=O)[O-])C(=O)OC)C,NA
Input,Sotrastaurin,0.26823303,InputSig,NA,NA,LINCSCP_71501,A375,1.11uM,24h,skin,Protein kinase C (PKC) inhibitor (Protein kinase C,PRKCA|PRKCB|PRKCD|PRKCE|PRKCG|PRKCH|PRKCI|PRKCQ|PRKCZ|PRKD1|PRKD3,OAVGBZOFDPFGPJ-UHFFFAOYSA-N,"InChI=1S/C25H22N6O2/c1-30-10-12-31(13-11-30)25-27-19-9-5-3-7-16(19)22(28-25)21-20(23(32)29-24(21)33)17-14-26-18-8-4-2-6-15(17)18/h2-9,14,26H,10-13H2,1H3,(H,29,32,33)",19891,CN1CCN(CC1)c2nc(C3=C(C(=O)NC3=O)c4c[nH]c5ccccc45)c6ccccc6n2,2
Input,ZINC01043777,0.26789957,InputSig,NA,NA,LINCSCP_16817,HA1E,10uM,6h,kidney epithelial,NA,NA,HUGIUMYAEHKODD-UHFFFAOYSA-N,"InChI=1S/C20H15Cl2FO2/c21-16-5-1-14(2-6-16)20(24,15-3-7-17(22)8-4-15)13-25-19-11-9-18(23)10-12-19/h1-12,24H,13H2",207,OC(COc1ccc(F)cc1)(c2ccc(Cl)cc2)c3ccc(Cl)cc3,NA
Input,STK177393,0.26772712,InputSig,NA,NA,LINCSCP_28701,HUH7,10uM,24h,liver,NA,NA,FRIIXXSFULMALB-UHFFFAOYSA-N,"InChI=1S/C19H30N2O2S/c22-24(23,19-10-4-1-5-11-19)17-18(21-14-8-3-9-15-21)16-20-12-6-2-7-13-20/h1,4-5,10-11,18H,2-3,6-9,12-17H2",19439,O=S(=O)(CC(CN1CCCCC1)N2CCCCC2)c3ccccc3,NA
Input,PAC-1,0.26771868,InputSig,NA,NA,LINCSCP_12583,CL34,10uM,6h,large intestine,Caspase activator,CASP3,YQNRVGJCPCNMKT-LFVJCYFKSA-N,"InChI=1S/C23H28N4O2/c1-2-7-20-10-6-11-21(23(20)29)16-24-25-22(28)18-27-14-12-26(13-15-27)17-19-8-4-3-5-9-19/h2-6,8-11,16,29H,1,7,12-15,17-18H2,(H,25,28)/b24-16+",15122,Oc1c(CC=C)cccc1C=NNC(=O)CN2CCN(Cc3ccccc3)CC2,NA
Input,MLS002264464,0.26757579,InputSig,NA,NA,LINCSCP_1386,A375,10uM,24h,skin,NA,NA,DZXJKBGGMPENFM-UHFFFAOYSA-N,"InChI=1S/C16H10N6OS2/c1-22-16(19-20-21-22)25-15-13-10(7-24-14(13)17-8-18-15)12-6-9-4-2-3-5-11(9)23-12/h2-8H,1H3",35618,Cn1nnnc1Sc2ncnc3scc(c4oc5ccccc5c4)c23,NA
Input,Broad-Sai-686,0.26746772,InputSig,NA,NA,LINCSCP_17392,HA1E,3.33uM,24h,kidney epithelial,NA,NA,NA,NA,NA,NA,NA
Input,AEG 3482,0.26742515,InputSig,NA,NA,LINCSCP_29053,HUH7,10uM,6h,liver,HSP inducer|Protein kinase inhibitor,NA,MQUYTXDAVCOCMX-UHFFFAOYSA-N,"InChI=1S/C10H8N4O2S2/c11-18(15,16)10-13-14-6-8(12-9(14)17-10)7-4-2-1-3-5-7/h1-6H,(H2,11,15,16)",10439,NS(=O)(=O)c1nn2cc(nc2s1)c3ccccc3,NA
Input,Ruxolitinib,0.26737256,InputSig,NA,NA,LINCSCP_154584,PC3,10uM,24h,prostate,Tyrosine-protein kinase JAK1  inhibitor|Tyrosine-protein kinase JAK2 inhibitor,JAK1|JAK2,HFNKQEVNSGCOJV-OAHLLOKOSA-N,"InChI=1S/C17H18N6/c18-7-5-15(12-3-1-2-4-12)23-10-13(9-22-23)16-14-6-8-19-17(14)21-11-20-16/h6,8-12,15H,1-5H2,(H,19,20,21)/t15-/m1/s1",17534,N#CC[C@H](C1CCCC1)n2cc(cn2)c3ncnc4[nH]ccc34,4
Input,"Triazolothiadiazine, 9",0.26712905,InputSig,NA,NA,LINCSCP_5452,A549,10uM,6h,lung,Phosphodiesterase inhibitor,NA,FCIZPPJLBOLIRV-UHFFFAOYSA-N,"InChI=1S/C23H24N4O5S/c1-28-15-5-7-19(29-2)17(11-15)22-24-25-23-27(22)26-18(13-33-23)14-4-6-20(30-3)21(10-14)32-16-8-9-31-12-16/h4-7,10-11,16H,8-9,12-13H2,1-3H3",35339,COc1ccc(OC)c(c1)c2nnc3SCC(=Nn23)c4ccc(OC)c(OC5CCOC5)c4,NA
Input,SCH-79797,0.26707514,InputSig,NA,NA,LINCSCP_21659,HEPG2,10uM,6h,liver,Proteasome inhibitor,F2R,AVXQPEKZIGPIJW-UHFFFAOYSA-N,"InChI=1S/C23H25N5/c1-14(2)16-5-3-15(4-6-16)13-28-12-11-18-20(28)10-9-19-21(18)22(24)27-23(26-19)25-17-7-8-17/h3-6,9-12,14,17H,7-8,13H2,1-2H3,(H3,24,25,26,27)",36663,CC(C)c1ccc(Cn2ccc3c2ccc4nc(NC5CC5)nc(N)c34)cc1,NA
Input,Etoposide,0.26706041,InputSig,NA,NA,LINCSCP_1904,A375,10uM,6h,skin,DNA topoisomerase II inhibitor,TOP2A|TOP2B,VJJPUSNTGOMMGY-MRVIYFEKSA-N,"InChI=1S/C29H32O13/c1-11-36-9-20-27(40-11)24(31)25(32)29(41-20)42-26-14-7-17-16(38-10-39-17)6-13(14)21(22-15(26)8-37-28(22)33)12-4-18(34-2)23(30)19(5-12)35-3/h4-7,11,15,20-22,24-27,29-32H,8-10H2,1-3H3/t11-,15+,20-,21-,22+,24-,25-,26-,27-,29+/m1/s1",16543,COc1cc(cc(OC)c1O)[C@H]2[C@@H]3[C@H](COC3=O)[C@H](O[C@@H]4O[C@@H]5CO[C@@H](C)O[C@H]5[C@H](O)[C@H]4O)c6cc7OCOc7cc26,4
Input,LBH-589,0.26680115,InputSig,NA,NA,LINCSCP_43377,NPC,10uM,6h,neural progenitor cells,HDAC inhibitor,NA,NA,NA,42724,NA,NA
Input,ZINC04980953,0.26651306,InputSig,NA,NA,LINCSCP_10697,ASC,10uM,24h,adipose,NA,NA,KMPUYUUZLQNNFX-UHFFFAOYSA-N,"InChI=1S/C15H8Cl2N2O4/c16-8-5-9(17)7-10(6-8)18-13-11-3-1-2-4-12(11)23-15(20)14(13)19(21)22/h1-7,18H",11726,[O-][N+](=O)C1=C(Nc2cc(Cl)cc(Cl)c2)c3ccccc3OC1=O,NA
Input,XMD-1185H,0.26651284,InputSig,NA,NA,LINCSCP_20555,HCC515,10uM,6h,lung,NA,NA,NA,NA,42760,NA,NA
Input,ABT737,0.2663386,InputSig,NA,NA,LINCSCP_112341,HEPG2,10uM,24h,liver,BCL inhibitor,BCL2|BCL2L1|BCL2L2,HPLNQCPCUACXLM-PGUFJCEWSA-N,"InChI=1S/C42H45ClN6O5S2/c1-46(2)23-22-35(30-55-37-9-4-3-5-10-37)44-40-21-20-38(28-41(40)49(51)52)56(53,54)45-42(50)32-14-18-36(19-15-32)48-26-24-47(25-27-48)29-33-8-6-7-11-39(33)31-12-16-34(43)17-13-31/h3-21,28,35,44H,22-27,29-30H2,1-2H3,(H,45,50)/t35-/m1/s1",37882,CN(C)CC[C@H](CSc1ccccc1)Nc2ccc(cc2[N+](=O)[O-])S(=O)(=O)NC(=O)c3ccc(cc3)N4CCN(Cc5ccccc5c6ccc(Cl)cc6)CC4,NA
Input,BRD-K39597586,0.26627347,InputSig,NA,NA,LINCSCP_38828,MCF7,10uM,6h,breast,NA,NA,VTMUWCMJICVSQX-ZQLNOWDWSA-N,"InChI=1S/C31H36N2O5/c1-21-15-33(22(2)18-34)31(35)27-11-7-6-10-26(27)25-9-5-4-8-24(25)19-36-30(21)17-32(3)16-23-12-13-28-29(14-23)38-20-37-28/h4-14,21-22,30,34H,15-20H2,1-3H3/t21-,22+,30-/m0/s1",24581,C[C@H](CO)N1C[C@H](C)[C@H](CN(C)Cc2ccc3OCOc3c2)OCc4ccccc4c5ccccc5C1=O,NA
Input,BRD-A80960055-001-01-7,0.2662185,InputSig,NA,NA,LINCSCP_26585,HT29,10uM,6h,large intestine,Anti-inflammatory agent|Antioxidant|HSP inhibitor|NFkB pathway inhibitor|Topoisomerase inhibitor,NA,AQKDBFWJOPNOKZ-HSFLDMIGSA-N,"InChI=1S/C29H38O4/c1-17-18-7-8-21-27(4,19(18)15-20(30)23(17)31)12-14-29(6)22-16-26(3,24(32)33)10-9-25(22,2)11-13-28(21,29)5/h7-8,15,17,22H,9-14,16H2,1-6H3,(H,32,33)/t17?,22-,25-,26-,27+,28-,29+/m0/s1",22266,CC1C(=O)C(=O)C=C2C1=CC=C3[C@]2(C)CC[C@]4(C)[C@H]5C[C@](C)(CC[C@@]5(C)CC[C@@]34C)C(=O)O,NA
Input,noscapine,0.26618086,InputSig,NA,NA,LINCSCP_86066,BT20,1.11uM,24h,breast,NA,NA,NA,NA,NA,NA,NA
Input,SCHEMBL15422156,0.26587807,InputSig,NA,NA,LINCSCP_2068,A375,10uM,6h,skin,NA,NA,OSMBHPUZSJCCFM-JLHYYAGUSA-N,"InChI=1S/C25H22FNO5/c1-30-21-15-17(16-22(31-2)24(21)32-3)10-13-23(28)27-14-6-8-19(25(27)29)12-11-18-7-4-5-9-20(18)26/h4-5,7-10,13,15-16H,6,14H2,1-3H3/b13-10+",5363,COc1cc(\C=C\C(=O)N2CCC=C(C#Cc3ccccc3F)C2=O)cc(OC)c1OC,NA
Input,SU 11274,0.26587752,InputSig,NA,NA,LINCSCP_99563,HCC515,0.04uM,24h,lung,Hepatocyte growth factor receptor inhibitor|Tyrosine kinase inhibitor,MET,FPYJSJDOHRDAMT-KQWNVCNZSA-N,"InChI=1S/C28H30ClN5O4S/c1-17-25(30-18(2)26(17)28(36)34-12-10-32(3)11-13-34)16-23-22-15-21(8-9-24(22)31-27(23)35)39(37,38)33(4)20-7-5-6-19(29)14-20/h5-9,14-16,30H,10-13H2,1-4H3,(H,31,35)/b23-16-",17494,CN(c1cccc(Cl)c1)S(=O)(=O)c2ccc3NC(=O)\C(=C/c4[nH]c(C)c(C(=O)N5CCN(C)CC5)c4C)\c3c2,NA
Input,QS-11,0.26577005,InputSig,NA,NA,LINCSCP_50561,PL21,10uM,6h,haematopoietic and lymphoid tissue,ARFGAP inhibitor,ARFGAP1,DOKZLKDGUQWMSX-HKBQPEDESA-N,"InChI=1S/C36H33N5O2/c42-23-31(20-25-8-3-1-4-9-25)38-34-33-35(40-36(39-34)43-32-19-18-28-12-7-13-30(28)21-32)41(24-37-33)22-26-14-16-29(17-15-26)27-10-5-2-6-11-27/h1-6,8-11,14-19,21,24,31,42H,7,12-13,20,22-23H2,(H,38,39,40)/t31-/m0/s1",23218,OC[C@H](Cc1ccccc1)Nc2nc(Oc3ccc4CCCc4c3)nc5c2ncn5Cc6ccc(cc6)c7ccccc7,NA
Input,Pictilisib,0.26574477,InputSig,NA,NA,LINCSCP_155046,PC3,0.37uM,24h,prostate,PI3K inhibitor,PIK3CA|PIK3CB|PIK3CD|PIK3CG|PIK3R1|PIK3R2|PIK3R3|PIK3R5,LHNIIDJUOCFXAP-UHFFFAOYSA-N,"InChI=1S/C23H27N7O3S2/c1-35(31,32)30-7-5-28(6-8-30)15-16-13-20-21(34-16)23(29-9-11-33-12-10-29)26-22(25-20)17-3-2-4-19-18(17)14-24-27-19/h2-4,13-14H,5-12,15H2,1H3,(H,24,27)",35265,CS(=O)(=O)N1CCN(Cc2cc3nc(nc(N4CCOCC4)c3s2)c5cccc6[nH]ncc56)CC1,2
Input,BRD-K98950492,0.26550122,InputSig,NA,NA,LINCSCP_299997,VCAP,5uM,24h,prostate,NA,NA,ZEGIYGLHXRHVDM-LGVUCKNBSA-N,"InChI=1S/C30H39N3O6/c1-20-17-33(29(35)23-8-6-5-7-9-23)21(2)19-39-26-16-24(31-28(34)22-12-14-38-15-13-22)10-11-25(26)30(36)32(3)18-27(20)37-4/h5-11,16,20-22,27H,12-15,17-19H2,1-4H3,(H,31,34)/t20-,21-,27-/m1/s1",25430,CO[C@@H]1CN(C)C(=O)c2ccc(NC(=O)C3CCOCC3)cc2OC[C@@H](C)N(C[C@H]1C)C(=O)c4ccccc4,NA
Input,Quinoclamine,0.26503939,InputSig,NA,NA,LINCSCP_17758,HCC15,10uM,6h,lung,Algicide,NA,OBLNWSCLAYSJJR-UHFFFAOYSA-N,"InChI=1S/C10H6ClNO2/c11-7-8(12)10(14)6-4-2-1-3-5(6)9(7)13/h1-4H,12H2",22928,NC1=C(Cl)C(=O)c2ccccc2C1=O,NA
Input,CHEMBL2132717,0.26463857,InputSig,NA,NA,LINCSCP_47322,PC3,10uM,24h,prostate,NA,NA,ZBLCOVKAEUNWGN-LWPQGVMLSA-N,"InChI=1S/C33H43N5O4/c1-22-18-38(23(2)21-39)32(40)17-26-16-27(36(3)4)14-15-30(26)42-31(22)20-37(5)19-24-10-12-25(13-11-24)33(41)35-29-9-7-6-8-28(29)34/h6-16,22-23,31,39H,17-21,34H2,1-5H3,(H,35,41)/t22-,23+,31-/m0/s1",19715,C[C@H](CO)N1C[C@H](C)[C@H](CN(C)Cc2ccc(cc2)C(=O)Nc3ccccc3N)Oc4ccc(cc4CC1=O)N(C)C,NA
Input,KUC104486,0.26451182,InputSig,NA,NA,LINCSCP_5524,A549,10uM,6h,lung,NA,NA,SFNWNSAJWDYPJC-UHFFFAOYSA-N,"InChI=1S/C28H25N5O3/c1-35-25-10-6-5-9-22(25)24-17-26-29-23(20-7-3-2-4-8-20)18-27(33(26)30-24)31-12-14-32(15-13-31)28(34)21-11-16-36-19-21/h2-11,16-19H,12-15H2,1H3",38518,COc1ccccc1c2cc3nc(cc(N4CCN(CC4)C(=O)c5cocc5)n3n2)c6ccccc6,NA
Input,Carbacyclin,0.26369346,InputSig,NA,NA,LINCSCP_262844,NPC,10uM,24h,neural progenitor cells,IP receptor activator|PPAR receptor agonist,PPARD|PTGIR,XZFRIPGNUQRGPI-WBQKLGIQSA-N,"InChI=1S/C21H34O4/c1-2-3-4-8-17(22)10-11-18-19-13-15(7-5-6-9-21(24)25)12-16(19)14-20(18)23/h7,10-11,16-20,22-23H,2-6,8-9,12-14H2,1H3,(H,24,25)/b11-10+,15-7+/t16-,17-,18+,19-,20+/m0/s1",17536,CCCCC[C@H](O)\C=C\[C@H]1[C@H](O)C[C@@H]2C\C(=C/CCCC(=O)O)\C[C@H]12,NA
Input,CHEMBL41721,0.26368606,InputSig,NA,NA,LINCSCP_16221,HA1E,10uM,6h,kidney epithelial,Glutamate receptor antagonist,CNR1|CNR2|GRIN1,SSQJFGMEZBFMNV-XJDOXCRVSA-N,"InChI=1S/C25H38O3/c1-6-7-8-9-12-24(2,3)18-14-21(27)23-19-13-17(16-26)10-11-20(19)25(4,5)28-22(23)15-18/h10,14-15,19-20,26-27H,6-9,11-13,16H2,1-5H3/t19-,20?/m0/s1",36341,CCCCCCC(C)(C)c1cc(O)c2[C@H]3CC(=CCC3C(C)(C)Oc2c1)CO,NA
Input,PHA-793887,0.26354121,InputSig,NA,NA,LINCSCP_111643,HEPG2,10uM,24h,liver,CDK inhibitor,CDK1|CDK10|CDK11B|CDK12|CDK13|CDK14|CDK15|CDK16|CDK17|CDK18|CDK19|CDK2|CDK20|CDK3|CDK4|CDK5|CDK6|CDK7|CDK8|CDK9,HUXYBQXJVXOMKX-UHFFFAOYSA-N,"InChI=1S/C19H31N5O2/c1-12(2)10-15(25)20-17-14-11-24(19(3,4)16(14)21-22-17)18(26)13-6-8-23(5)9-7-13/h12-13H,6-11H2,1-5H3,(H2,20,21,22,25)",15128,CC(C)CC(=O)Nc1n[nH]c2c1CN(C(=O)C3CCN(C)CC3)C2(C)C,1
Input,Salmeterol,0.26348184,InputSig,NA,NA,LINCSCP_240528,MCF7,10uM,24h,breast,Adrenergic receptor agonist,ADRB2,GIIZNNXWQWCKIB-UHFFFAOYSA-N,"InChI=1S/C25H37NO4/c27-20-23-18-22(13-14-24(23)28)25(29)19-26-15-7-1-2-8-16-30-17-9-6-12-21-10-4-3-5-11-21/h3-5,10-11,13-14,18,25-29H,1-2,6-9,12,15-17,19-20H2",15155,OCc1cc(ccc1O)C(O)CNCCCCCCOCCCCc2ccccc2,4
Input,Licochalcone A,0.263383,InputSig,NA,NA,LINCSCP_71073,A375,10uM,24h,skin,NA,NA,KAZSKMJFUPEHHW-UHFFFAOYSA-N,"InChI=1S/C21H22O4/c1-5-21(2,3)17-12-15(20(25-4)13-19(17)24)8-11-18(23)14-6-9-16(22)10-7-14/h5-13,22,24H,1H2,2-4H3",27210,COc1cc(O)c(cc1C=CC(=O)c2ccc(O)cc2)C(C)(C)C=C,NA
Input,Estradiol,0.26333743,InputSig,NA,NA,LINCSCP_38481,MCF7,3.33uM,24h,breast,Estrogen receptor alpha agonist,ESR1|ESR2|NR1I2,VOXZDWNPVJITMN-ZBRFXRBCSA-N,"InChI=1S/C18H24O2/c1-18-9-8-14-13-5-3-12(19)10-11(13)2-4-15(14)16(18)6-7-17(18)20/h3,5,10,14-17,19-20H,2,4,6-9H2,1H3/t14-,15-,16+,17+,18+/m1/s1",15465,C[C@]12CC[C@H]3[C@@H](CCc4cc(O)ccc34)[C@@H]1CC[C@@H]2O,4
Input,TL_HRAS24,0.26317971,InputSig,NA,NA,LINCSCP_19798,HCC515,10uM,6h,lung,NA,NA,HSLDKGXOZPBJAD-UHFFFAOYSA-N,"InChI=1S/C22H20F2N4O4/c1-14-20(28(30)31)19(25-32-14)22(29)27-12-10-26(11-13-27)21(15-2-6-17(23)7-3-15)16-4-8-18(24)9-5-16/h2-9,21H,10-13H2,1H3",16053,Cc1onc(C(=O)N2CCN(CC2)C(c3ccc(F)cc3)c4ccc(F)cc4)c1[N+](=O)[O-],NA
Input,Wortmannin,0.26313538,InputSig,NA,NA,LINCSCP_68479,VCAP,10uM,24h,prostate,PI3K inhibitor,PIK3CA|PIK3CG|PLK1,QDLHCMPXEPAAMD-QAIWCSMKSA-N,"InChI=1S/C23H24O8/c1-10(24)30-13-7-22(2)12(5-6-14(22)25)16-18(13)23(3)15(9-28-4)31-21(27)11-8-29-20(17(11)23)19(16)26/h8,12-13,15H,5-7,9H2,1-4H3/t12-,13+,15+,22-,23-/m0/s1",36100,COC[C@H]1OC(=O)c2coc3C(=O)C4=C([C@@H](C[C@@]5(C)[C@H]4CCC5=O)OC(=O)C)[C@]1(C)c23,NA
Input,MG-132,0.26312035,InputSig,NA,NA,LINCSCP_102070,HELA,20uM,24h,large intestine,Proteasome inhibitor,PSMB1,TZYWCYJVHRLUCT-VABKMULXSA-N,"InChI=1S/C26H41N3O5/c1-17(2)12-21(15-30)27-24(31)22(13-18(3)4)28-25(32)23(14-19(5)6)29-26(33)34-16-20-10-8-7-9-11-20/h7-11,15,17-19,21-23H,12-14,16H2,1-6H3,(H,27,31)(H,28,32)(H,29,33)/t21-,22-,23-/m0/s1",35280,CC(C)C[C@H](NC(=O)[C@H](CC(C)C)NC(=O)[C@H](CC(C)C)NC(=O)OCc1ccccc1)C=O,NA
Input,UNC-0321,0.26282457,InputSig,NA,NA,LINCSCP_264250,OV7,10uM,6h,ovary,Histone lysine methyltransferase inhibitor,EHMT2,AULLUGALUBVBDD-UHFFFAOYSA-N,"InChI=1S/C27H45N7O3/c1-31(2)15-16-36-17-18-37-25-20-23-22(19-24(25)35-5)26(28-21-7-11-33(4)12-8-21)30-27(29-23)34-10-6-9-32(3)13-14-34/h19-21H,6-18H2,1-5H3,(H,28,29,30)",36324,COc1cc2c(NC3CCN(C)CC3)nc(nc2cc1OCCOCCN(C)C)N4CCCN(C)CC4,NA
Input,CHEMBL277800,0.26235563,InputSig,NA,NA,LINCSCP_18088,HCC515,10uM,6h,lung,Ribonucleoside reductase inhibitor,POLA1|RRM1|RRM2,WDDPHFBMKLOVOX-UHFFFAOYSA-N,"InChI=1S/C10H11ClFN5O3/c11-10-15-7(13)5-8(16-10)17(2-14-5)9-4(12)6(19)3(1-18)20-9/h2-4,6,9,18-19H,1H2,(H2,13,15,16)",15328,Nc1nc(Cl)nc2c1ncn2C3OC(CO)C(O)C3F,NA
Input,Oprozomib (ONX 0912),0.26231533,InputSig,NA,NA,LINCSCP_102166,HELA,10uM,24h,large intestine,NA,NA,SWZXEVABPLUDIO-QNLBTCDKSA-N,"InChI=1S/C25H32N4O7S/c1-15-26-11-20(37-15)24(33)29-19(13-35-4)23(32)28-18(12-34-3)22(31)27-17(21(30)25(2)14-36-25)10-16-8-6-5-7-9-16/h5-9,11,17-19H,10,12-14H2,1-4H3,(H,27,31)(H,28,32)(H,29,33)/t17-,18-,19-,25?/m0/s1",26696,COC[C@H](NC(=O)[C@H](COC)NC(=O)c1cnc(C)s1)C(=O)N[C@@H](Cc2ccccc2)C(=O)C3(C)CO3,NA
Input,CHEMBL2142321,0.26201346,InputSig,NA,NA,LINCSCP_26367,HT29,10uM,6h,large intestine,NA,NA,JNMZVPMPLIWXEY-UHFFFAOYSA-N,"InChI=1S/C24H27N5/c1-3-9-18(10-4-1)20-14-16-29(17-20)24-22(19-11-5-2-6-12-19)27-28-23(26-24)21-13-7-8-15-25-21/h2,5-8,11-13,15,18,20H,1,3-4,9-10,14,16-17H2",38555,C1CCC(CC1)C2CCN(C2)c3nc(nnc3c4ccccc4)c5ccccn5,NA
Input,Dienestrol,0.26187598,InputSig,NA,NA,LINCSCP_21043,HCC515,3.33uM,24h,lung,Estrogen receptor alpha agonist,ESR1,NFDFQCUYFHCNBW-SCGPFSFSSA-N,"InChI=1S/C18H18O2/c1-3-17(13-5-9-15(19)10-6-13)18(4-2)14-7-11-16(20)12-8-14/h3-12,19-20H,1-2H3/b17-3+,18-4+",17644,C\C=C(\C(=C\C)\c1ccc(O)cc1)/c2ccc(O)cc2,4
Input,NCGC00166323-01,0.26187046,InputSig,NA,NA,LINCSCP_140429,MCF7,10uM,24h,breast,NA,NA,VSQQQLOSPVPRAZ-GFCOJPQKSA-N,"InChI=1S/C10H11F3N2O5/c11-10(12,13)4-2-15(9(19)14-8(4)18)7-1-5(17)6(3-16)20-7/h2,5-7,16-17H,1,3H2,(H,14,18,19)/t5-,6+,7?/m0/s1",289,OC[C@H]1OC(C[C@@H]1O)N2C=C(C(=O)NC2=O)C(F)(F)F,NA
Input,Gefitinib,0.26184508,InputSig,NA,NA,LINCSCP_261902,NPC,10uM,24h,neural progenitor cells,EGFR inhibitor,EGFR,XGALLCVXEZPNRQ-UHFFFAOYSA-N,"InChI=1S/C22H24ClFN4O3/c1-29-20-13-19-16(12-21(20)31-8-2-5-28-6-9-30-10-7-28)22(26-14-25-19)27-15-3-4-18(24)17(23)11-15/h3-4,11-14H,2,5-10H2,1H3,(H,25,26,27)",37794,COc1cc2ncnc(Nc3ccc(F)c(Cl)c3)c2cc1OCCCN4CCOCC4,4
Input,BRD-A52933579,0.26144933,InputSig,NA,NA,LINCSCP_41262,NEU,10uM,6h,NA,NA,NA,DKACZBNFBGLXDH-YSSMNDQQSA-N,"InChI=1S/C21H23Br2NO/c1-24-18-10-11-19(24)13-20(12-18)25-21(14-2-6-16(22)7-3-14)15-4-8-17(23)9-5-15/h2-9,18-21H,10-13H2,1H3/t18-,19?,20-/m1/s1",23019,CN1[C@@H]2CCC1C[C@@H](C2)OC(c3ccc(Br)cc3)c4ccc(Br)cc4,NA
Input,TPCA-1,0.2613929,InputSig,NA,NA,LINCSCP_19546,HCC515,10uM,6h,lung,IKK inhibitor,IKBKB,SAYGKHKXGCPTLX-UHFFFAOYSA-N,"InChI=1S/C12H10FN3O2S/c13-7-3-1-6(2-4-7)9-5-8(10(14)17)11(19-9)16-12(15)18/h1-5H,(H2,14,17)(H3,15,16,18)",37816,NC(=O)Nc1sc(cc1C(=O)N)c2ccc(F)cc2,NA
Input,Mocetinostat,0.26107936,InputSig,NA,NA,LINCSCP_100604,HCC515,10uM,24h,lung,HDAC inhibitor,HDAC1|HDAC11|HDAC2|HDAC3|HDAC8,HRNLUBSXIHFDHP-UHFFFAOYSA-N,"InChI=1S/C23H20N6O/c24-19-5-1-2-6-21(19)28-22(30)17-9-7-16(8-10-17)14-27-23-26-13-11-20(29-23)18-4-3-12-25-15-18/h1-13,15H,14,24H2,(H,28,30)(H,26,27,29)",16307,Nc1ccccc1NC(=O)c2ccc(CNc3nccc(n3)c4cccnc4)cc2,2
Input,QL-XII-47,0.26102019,InputSig,NA,NA,LINCSCP_59150,VCAP,10uM,6h,prostate,BTK inhibitor|Cytoplasmic tyrosine protein kinase BMX inhibitor,BMX|BTK,NA,NA,42720,NA,NA
Input,CHEMBL2137729,0.26097885,InputSig,NA,NA,LINCSCP_47290,PC3,10uM,24h,prostate,NA,NA,QDRBVCQGVAHXBS-RNDKRWLGSA-N,"InChI=1S/C37H47N5O5/c1-24-20-42(25(2)23-43)37(46)29-12-9-15-32(40-35(44)27-10-5-4-6-11-27)34(29)47-33(24)22-41(3)21-26-16-18-28(19-17-26)36(45)39-31-14-8-7-13-30(31)38/h7-9,12-19,24-25,27,33,43H,4-6,10-11,20-23,38H2,1-3H3,(H,39,45)(H,40,44)/t24-,25+,33-/m1/s1",36641,C[C@@H](CO)N1C[C@@H](C)[C@@H](CN(C)Cc2ccc(cc2)C(=O)Nc3ccccc3N)Oc4c(NC(=O)C5CCCCC5)cccc4C1=O,NA
Input,AC1O9BJ3,0.26082522,InputSig,NA,NA,LINCSCP_10776,ASC,10uM,24h,adipose,NA,NA,SIAMCPDTZJAYRI-XDWJUNQNSA-N,"InChI=1S/C51H48N6O10/c1-64-46(60)36(47(61)65-2)19-11-13-32-21-22-38-37(31-32)51(49(63)54-38)40(45(59)55-25-27-56(28-26-55)50-52-23-12-24-53-50)42-48(62)67-43(34-16-7-4-8-17-34)41(33-14-5-3-6-15-33)57(42)44(51)35-18-9-10-20-39(35)66-30-29-58/h3-10,12,14-18,20-24,31,36,40-44,58H,19,25-30H2,1-2H3,(H,54,63)/t40-,41-,42-,43+,44+,51-/m1/s1",200,COC(=O)C(CC#Cc1ccc2NC(=O)[C@@]3([C@H]([C@H]4N([C@@H]([C@@H](OC4=O)c5ccccc5)c6ccccc6)[C@H]3c7ccccc7OCCO)C(=O)N8CCN(CC8)c9ncccn9)c2c1)C(=O)OC,NA
Input,CHEMBL2130683,0.26058623,InputSig,NA,NA,LINCSCP_47108,PC3,10uM,24h,prostate,NA,NA,ZBLCOVKAEUNWGN-BVXAZASISA-N,"InChI=1S/C33H43N5O4/c1-22-18-38(23(2)21-39)32(40)17-26-16-27(36(3)4)14-15-30(26)42-31(22)20-37(5)19-24-10-12-25(13-11-24)33(41)35-29-9-7-6-8-28(29)34/h6-16,22-23,31,39H,17-21,34H2,1-5H3,(H,35,41)/t22-,23-,31-/m0/s1",40124,C[C@@H](CO)N1C[C@H](C)[C@H](CN(C)Cc2ccc(cc2)C(=O)Nc3ccccc3N)Oc4ccc(cc4CC1=O)N(C)C,NA
Input,Retinyl Acetate,0.25996011,InputSig,NA,NA,LINCSCP_43648,NPC,10uM,6h,neural progenitor cells,Vitamin analog,NA,QGNJRVVDBSJHIZ-QHLGVNSISA-N,"InChI=1S/C22H32O2/c1-17(9-7-10-18(2)14-16-24-20(4)23)12-13-21-19(3)11-8-15-22(21,5)6/h7,9-10,12-14H,8,11,15-16H2,1-6H3/b10-7+,13-12+,17-9+,18-14+",17240,CC(=O)OC\C=C(/C)\C=C\C=C(/C)\C=C\C1=C(C)CCCC1(C)C,NA
Input,MLS002264439,0.25993719,InputSig,NA,NA,LINCSCP_19752,HCC515,10uM,6h,lung,NA,NA,YSAGHWABSVWJSK-UHFFFAOYSA-N,"InChI=1S/C19H18N4OS/c1-11-6-7-25-17(11)9-20-19-15-8-14(4-5-16(15)21-10-22-19)18-12(2)23-24-13(18)3/h4-8,10H,9H2,1-3H3,(H,20,21,22)",15718,Cc1onc(C)c1c2ccc3ncnc(NCc4sccc4C)c3c2,NA
Input,BRD-K47396627,0.25952869,InputSig,NA,NA,LINCSCP_65985,VCAP,1uM,24h,prostate,NA,NA,OANCONKVZGQSHB-CYNXIGLJSA-N,"InChI=1S/C35H46N4O5/c1-25-21-39(26(2)24-40)35(42)31-20-30(37-34(41)29-15-17-36-18-16-29)13-14-32(31)44-27(3)10-8-9-19-43-33(25)23-38(4)22-28-11-6-5-7-12-28/h5-7,11-18,20,25-27,33,40H,8-10,19,21-24H2,1-4H3,(H,37,41)/t25-,26+,27-,33+/m1/s1",32903,C[C@@H](CO)N1C[C@@H](C)[C@H](CN(C)Cc2ccccc2)OCCCC[C@@H](C)Oc3ccc(NC(=O)c4ccncc4)cc3C1=O,NA
Input,BIX01294,0.25948025,InputSig,NA,NA,LINCSCP_41510,NEU,10uM,6h,NA,DNA methyltransferase inhibitor|Histone lysine methyltransferase inhibitor,EHMT2,OSXFATOLZGZLSK-UHFFFAOYSA-N,"InChI=1S/C28H38N6O2/c1-32-12-7-13-34(17-16-32)28-30-24-19-26(36-3)25(35-2)18-23(24)27(31-28)29-22-10-14-33(15-11-22)20-21-8-5-4-6-9-21/h4-6,8-9,18-19,22H,7,10-17,20H2,1-3H3,(H,29,30,31)",16163,COc1cc2nc(nc(NC3CCN(Cc4ccccc4)CC3)c2cc1OC)N5CCCN(C)CC5,NA
Input,Corvasal,0.25943019,InputSig,NA,NA,LINCSCP_124007,HT29,10uM,24h,large intestine,NA,NA,XLFWDASMENKTKL-UHFFFAOYSA-O,"InChI=1S/C9H14N4O4/c1-2-16-9(14)10-8-7-13(11-17-8)12-3-5-15-6-4-12/h7H,2-6H2,1H3/p+1",7953,CCOC(=O)Nc1on[n+](c1)N2CCOCC2,NA
Input,MLS001033149,0.25926544,InputSig,NA,NA,LINCSCP_6642,A549,10uM,6h,lung,NA,NA,PYEWRVJBQXWXNV-UHFFFAOYSA-N,"InChI=1S/C12H10Cl2N2OS/c13-7-11(17)15-12-16(5-6-18-12)8-9-3-1-2-4-10(9)14/h1-6H,7-8H2",25859,ClCC(=O)N=C1SC=CN1Cc2ccccc2Cl,NA
Input,SCHEMBL14977174,0.25918973,InputSig,NA,NA,LINCSCP_26145,HT29,10uM,6h,large intestine,NA,NA,UPHKKUIXSHQDEA-UHFFFAOYSA-N,"InChI=1S/C20H28ClN3O5/c1-5-29-17(25)13-8-10-24(11-9-13)18(26)20(2,3)23-19(27)22-14-6-7-16(28-4)15(21)12-14/h6-7,12-13H,5,8-11H2,1-4H3,(H2,22,23,27)",23056,CCOC(=O)C1CCN(CC1)C(=O)C(C)(C)NC(=O)Nc2ccc(OC)c(Cl)c2,NA
Input,MK-2206,0.25914239,InputSig,NA,NA,LINCSCP_163941,SKBR3,3.33uM,3h,breast,AKT inhibitor,AKT1|AKT2|AKT3,ULDXWLCXEDXJGE-UHFFFAOYSA-N,"InChI=1S/C25H21N5O/c26-25(12-4-13-25)18-9-7-17(8-10-18)22-19(16-5-2-1-3-6-16)15-20-21(27-22)11-14-30-23(20)28-29-24(30)31/h1-3,5-11,14-15H,4,12-13,26H2,(H,29,31)",15042,NC1(CCC1)c2ccc(cc2)c3nc4C=CN5C(=O)NN=C5c4cc3c6ccccc6,2
Input,CGP-53353,0.25839933,InputSig,NA,NA,LINCSCP_23059,HEPG2,10uM,6h,liver,EGFR inhibitor|PKC inhibitor,EGFR,RONQPWQYDRPRGG-UHFFFAOYSA-N,"InChI=1S/C20H13F2N3O2/c21-11-1-5-13(6-2-11)23-17-9-15-16(20(27)25-19(15)26)10-18(17)24-14-7-3-12(22)4-8-14/h1-10,23-24H,(H,25,26,27)",35669,Fc1ccc(Nc2cc3C(=O)NC(=O)c3cc2Nc4ccc(F)cc4)cc1,NA
Input,ML239,0.25826076,InputSig,NA,NA,LINCSCP_57038,VCAP,10uM,6h,prostate,NA,NA,NVEDPFICKAIHKD-NGYBGAFCSA-N,"InChI=1S/C13H10Cl3N3O2/c14-8-4-10(15)13(11(16)5-8)21-7-12(20)19-18-6-9-2-1-3-17-9/h1-6,17H,7H2,(H,19,20)/b18-6+",36073,Clc1cc(Cl)c(OCC(=O)NN=Cc2ccc[nH]2)c(Cl)c1,NA
Input,Hbdde,0.25801124,InputSig,NA,NA,LINCSCP_261889,NPC,10uM,24h,neural progenitor cells,PKC inhibitor,PRKCA|PRKCG,NEBCAMAQXZIVRE-UHFFFAOYSA-N,"InChI=1S/C16H18O8/c1-23-5-7-3-9(17)13(19)15(21)11(7)12-8(6-24-2)4-10(18)14(20)16(12)22/h3-4,17-22H,5-6H2,1-2H3",36498,COCc1cc(O)c(O)c(O)c1c2c(O)c(O)c(O)cc2COC,NA
Input,Anacardic acid,0.25792432,InputSig,NA,NA,LINCSCP_114280,HME1,0.04uM,24h,breast,Glyceraldehyde 3-phosphate dehydrogenase inhibitor,NA,ADFWQBGTDJIESE-UHFFFAOYSA-N,"InChI=1S/C22H36O3/c1-2-3-4-5-6-7-8-9-10-11-12-13-14-16-19-17-15-18-20(23)21(19)22(24)25/h15,17-18,23H,2-14,16H2,1H3,(H,24,25)",36709,CCCCCCCCCCCCCCCc1cccc(O)c1C(=O)O,NA
Input,CGP 60474,0.2577795,InputSig,NA,NA,LINCSCP_69073,A375,0.12uM,24h,skin,CDK inhibitor,CDK1,IYNDTACKOAXKBJ-UHFFFAOYSA-N,"InChI=1S/C18H18ClN5O/c19-14-3-1-4-15(12-14)23-18-22-9-6-16(24-18)13-5-8-21-17(11-13)20-7-2-10-25/h1,3-6,8-9,11-12,25H,2,7,10H2,(H,20,21)(H,22,23,24)",16652,OCCCNc1cc(ccn1)c2ccnc(Nc3cccc(Cl)c3)n2,NA
Input,IKK Inhibitor VII,0.25763708,InputSig,NA,NA,LINCSCP_22906,HEPG2,10uM,6h,liver,IKK inhibitor,IKBKB,BWZJBXAPRCVCKQ-UHFFFAOYSA-N,"InChI=1S/C28H29N5OS/c34-27(33-17-12-23(13-18-33)32-15-3-4-16-32)20-7-9-22(10-8-20)30-28-29-14-11-24(31-28)26-19-21-5-1-2-6-25(21)35-26/h1-2,5-11,14,19,23H,3-4,12-13,15-18H2,(H,29,30,31)",35556,O=C(N1CCC(CC1)N2CCCC2)c3ccc(Nc4nccc(n4)c5cc6ccccc6s5)cc3,NA
Input,MLS006011051,0.2574796,InputSig,NA,NA,LINCSCP_24961,HS578T,1uM,6h,breast,RAF inhibitor,BRAF,DEZZLWQELQORIU-RELWKKBWSA-N,"InChI=1S/C19H18N4O2/c24-10-9-23-12-17(19(21-23)13-5-7-20-8-6-13)15-1-3-16-14(11-15)2-4-18(16)22-25/h1,3,5-8,11-12,24-25H,2,4,9-10H2/b22-18+",17500,OCCn1cc(c2ccc3C(=NO)CCc3c2)c(n1)c4ccncc4,NA
Input,"Apitolisib (gdc-0980, rg7422)",0.25724044,InputSig,NA,NA,LINCSCP_163013,SKBR3,0.04uM,24h,breast,PI3K inhibitor|mTOR inhibitor,PIK3CA|PIK3CB|PIK3CD|PIK3CG|MTOR,YOVVNQKCSKSHKT-UHFFFAOYSA-N,"InChI=1S/C23H30N8O3S/c1-14-17(13-29-3-5-31(6-4-29)22(33)15(2)32)35-19-18(14)27-20(16-11-25-23(24)26-12-16)28-21(19)30-7-9-34-10-8-30/h11-12,15,32H,3-10,13H2,1-2H3,(H2,24,25,26)",14191,CC(O)C(=O)N1CCN(Cc2sc3c(nc(nc3c2C)c4cnc(N)nc4)N5CCOCC5)CC1,NA
Input,NVP DPP 728 dihydrochloride,0.25699147,InputSig,NA,NA,LINCSCP_126400,HT29,10uM,24h,large intestine,NA,NA,VFFZWMWTUSXDCB-ZDUSSCGKSA-N,"InChI=1S/C15H18N6O/c16-8-12-3-4-14(20-10-12)19-6-5-18-11-15(22)21-7-1-2-13(21)9-17/h3-4,10,13,18H,1-2,5-7,11H2,(H,19,20)/t13-/m0/s1",26815,O=C(CNCCNc1ccc(cn1)C#N)N2CCC[C@H]2C#N,NA
Input,BRN 1088760,0.25691852,InputSig,NA,NA,LINCSCP_16549,HA1E,10uM,6h,kidney epithelial,NA,NA,MQFZWJTXPQRJEY-JXMROGBWSA-N,"InChI=1S/C15H10N4O3/c1-9-3-2-4-12-14(9)18-15(17-12)10(8-16)7-11-5-6-13(22-11)19(20)21/h2-7H,1H3,(H,17,18)/b10-7+",5385,Cc1cccc2nc([nH]c12)\C(=C\c3oc(cc3)[N+](=O)[O-])\C#N,NA
Input,C23H24CLN3O5,0.25688453,InputSig,NA,NA,LINCSCP_20054,HCC515,10uM,6h,lung,Topoisomerase inhibitor,TOP1,UCFGDBYHRUNTLO-UHFFFAOYSA-N,"InChI=1S/C23H23N3O5/c1-4-23(30)16-8-18-20-12(9-26(18)21(28)15(16)11-31-22(23)29)7-13-14(10-25(2)3)19(27)6-5-17(13)24-20/h5-8,27,30H,4,9-11H2,1-3H3",36221,CCC1(O)C(=O)OCC2=C1C=C3N(Cc4cc5c(CN(C)C)c(O)ccc5nc34)C2=O,NA
Input,BRD-K36773541,0.25687451,InputSig,NA,NA,LINCSCP_34868,MCF7,5uM,24h,breast,NA,NA,NRAVNVUUWRMRFK-GTNKKZTPSA-N,"InChI=1S/C29H34N2O3/c1-34-27-10-3-2-7-22(27)14-11-21-12-15-23(16-13-21)28-25-19-30(29(33)24-8-6-9-24)17-4-5-18-31(25)26(28)20-32/h2-3,7,10,12-13,15-16,24-26,28,32H,4-6,8-9,17-20H2,1H3/t25-,26-,28+/m1/s1",12529,COc1ccccc1C#Cc2ccc(cc2)[C@@H]3[C@@H](CO)N4CCCCN(C[C@H]34)C(=O)C5CCC5,NA
Input,Trimipramine,0.25671007,InputSig,NA,NA,LINCSCP_241009,MCF7,10uM,24h,breast,Histamine H1 receptor antagonist|Dopamine D2 receptor antagonist|Serotonin 2a (5-HT2a) receptor antagonist (Serotonin 2a|Serotonin 2c (5-HT2c) receptor antagonist (Serotonin 2c|Norepinephrine transporter inhibitor|Adrenergic receptor alpha-1 antagonist,ADRA1A|ADRA1B|ADRA1D|DRD2|HRH1|HTR2A|HTR2C|SLC6A2|SLC6A3|SLC6A4,ZSCDBOWYZJWBIY-UHFFFAOYSA-N,"InChI=1S/C20H26N2/c1-16(14-21(2)3)15-22-19-10-6-4-8-17(19)12-13-18-9-5-7-11-20(18)22/h4-11,16H,12-15H2,1-3H3",15198,CC(CN(C)C)CN1c2ccccc2CCc3ccccc13,4
Input,SMR000082310,0.25667188,InputSig,NA,NA,LINCSCP_16125,HA1E,10uM,6h,kidney epithelial,NA,NA,YSZZSESTGDKXTF-UHFFFAOYSA-N,"InChI=1S/C15H12F4N2O4S/c1-2-25-13(22)8-26(23,24)14-20-11(7-12(21-14)15(17,18)19)9-3-5-10(16)6-4-9/h3-7H,2,8H2,1H3",3340,CCOC(=O)CS(=O)(=O)c1nc(cc(n1)C(F)(F)F)c2ccc(F)cc2,NA
Input,Ovasterol-beta,0.25659077,InputSig,NA,NA,LINCSCP_241019,MCF7,10uM,24h,breast,Contraceptive agent,ESR1,UYIFTLBWAOGQBI-UHFFFAOYSA-N,"InChI=1S/C25H28O3/c1-25-14-13-20-19-10-8-18(28-24(27)16-5-3-2-4-6-16)15-17(19)7-9-21(20)22(25)11-12-23(25)26/h2-6,8,10,15,20-23,26H,7,9,11-14H2,1H3",22184,CC12CCC3C(CCc4cc(OC(=O)c5ccccc5)ccc34)C1CCC2O,NA
Input,GBR12935,0.25640917,InputSig,NA,NA,LINCSCP_14092,HA1E,10uM,24h,kidney epithelial,Dopamine uptake inhibitor,NA,RAQPOZGWANIDQT-UHFFFAOYSA-N,"InChI=1S/C28H34N2O/c1-4-11-25(12-5-1)13-10-18-29-19-21-30(22-20-29)23-24-31-28(26-14-6-2-7-15-26)27-16-8-3-9-17-27/h1-9,11-12,14-17,28H,10,13,18-24H2",15700,C(CN1CCN(CCOC(c2ccccc2)c3ccccc3)CC1)Cc4ccccc4,NA
Input,AC1LDBAO,0.25605146,InputSig,NA,NA,LINCSCP_10655,AGS,20uM,6h,stomach,NA,NA,FSHFRKKIBVABAJ-UHFFFAOYSA-N,"InChI=1S/C19H14N4OS/c1-11-20-17-12-6-2-5-9-15(12)24-18(17)19(21-11)25-10-16-22-13-7-3-4-8-14(13)23-16/h2-9H,10H2,1H3,(H,22,23)",36131,Cc1nc(SCc2nc3ccccc3[nH]2)c4oc5ccccc5c4n1,NA
Input,Fast Scarlet,0.25573434,InputSig,NA,NA,LINCSCP_179508,A375,10uM,6h,skin,Binds HIV gp120 and inhibits HIV-1 entry into the neural cell line SK-N-MC,NA,PYPYDHUIORYEHW-UHFFFAOYSA-N,"InChI=1S/C34H28N6O6S2/c1-19-15-21(11-13-27(19)37-39-29-17-31(47(41,42)43)23-7-3-5-9-25(23)33(29)35)22-12-14-28(20(2)16-22)38-40-30-18-32(48(44,45)46)24-8-4-6-10-26(24)34(30)36/h3-18H,35-36H2,1-2H3,(H,41,42,43)(H,44,45,46)",22576,Cc1cc(ccc1N=Nc2cc(c3ccccc3c2N)S(=O)(=O)O)c4ccc(N=Nc5cc(c6ccccc6c5N)S(=O)(=O)O)c(C)c4,NA
Input,Methotrexate,0.25553399,InputSig,NA,NA,LINCSCP_238964,MCF7,10uM,24h,breast,Dihydrofolate reductase inhibitor,DHFR,FBOZXECLQNJBKD-ZDUSSCGKSA-N,"InChI=1S/C20H22N8O5/c1-28(9-11-8-23-17-15(24-11)16(21)26-20(22)27-17)12-4-2-10(3-5-12)18(31)25-13(19(32)33)6-7-14(29)30/h2-5,8,13H,6-7,9H2,1H3,(H,25,31)(H,29,30)(H,32,33)(H4,21,22,23,26,27)/t13-/m0/s1",36505,CN(Cc1cnc2nc(N)nc(N)c2n1)c3ccc(cc3)C(=O)N[C@@H](CCC(=O)O)C(=O)O,4
Input,"7,8-Dihydroxychlorpromazine",0.25539796,InputSig,NA,NA,LINCSCP_43323,NPC,10uM,6h,neural progenitor cells,NA,NA,ZCBSXRWEKNAYOU-UHFFFAOYSA-N,"InChI=1S/C17H19ClN2O2S/c1-19(2)6-3-7-20-12-8-11(18)4-5-16(12)23-17-10-15(22)14(21)9-13(17)20/h4-5,8-10,21-22H,3,6-7H2,1-2H3",19474,CN(C)CCCN1c2cc(Cl)ccc2Sc3cc(O)c(O)cc13,NA
Input,KBIO3_000694,0.25529955,InputSig,NA,NA,LINCSCP_44767,PC3,10uM,6h,prostate,HSP inhibitor,NA,BQDRKSSNLHIYIM-DFIIIIPRSA-N,"InChI=1S/C26H34O5/c1-23(2)17-12-20(28)26(5)16(24(17,3)10-7-19(23)27)6-9-25(4)18(26)13-21(29)31-22(25)15-8-11-30-14-15/h8,11,13-14,16-17,20,22,28H,6-7,9-10,12H2,1-5H3/t16?,17?,20-,22+,24-,25-,26-/m1/s1",22413,CC1(C)C2C[C@@H](O)[C@]3(C)C(CC[C@@]4(C)[C@@H](OC(=O)C=C34)c5cocc5)[C@@]2(C)CCC1=O,NA
Input,Tamatinib,0.25526571,InputSig,NA,NA,LINCSCP_69364,A375,1.11uM,24h,skin,SYK inhibitor,SYK,NHHQJBCNYHBUSI-UHFFFAOYSA-N,"InChI=1S/C22H23FN6O5/c1-22(2)20(30)28-19-13(34-22)6-7-16(27-19)26-18-12(23)10-24-21(29-18)25-11-8-14(31-3)17(33-5)15(9-11)32-4/h6-10H,1-5H3,(H3,24,25,26,27,28,29,30)",15123,COc1cc(Nc2ncc(F)c(Nc3ccc4OC(C)(C)C(=O)Nc4n3)n2)cc(OC)c1OC,2
Input,Liquiritigenin Dimethyl Ether,0.25522945,InputSig,NA,NA,LINCSCP_449,A375,10uM,6h,skin,Aromatase inhibitor,CYP19A1,YAEYGSBLDUIDTP-UHFFFAOYSA-N,"InChI=1S/C17H16O4/c1-19-12-5-3-11(4-6-12)16-10-15(18)14-8-7-13(20-2)9-17(14)21-16/h3-9,16H,10H2,1-2H3",35413,COc1ccc(cc1)C2CC(=O)c3ccc(OC)cc3O2,NA
Input,PK04_098276,0.25508681,InputSig,NA,NA,LINCSCP_32386,MCF7,10uM,6h,breast,NA,NA,DDKYFPOWKUAQCP-BTMVTRJRSA-N,"InChI=1S/C28H34BrNO13/c1-4-38-23(32)17-8-6-7-9-18(24(33)39-5-2)26(35)42-22-21(41-25(17)34)20(19(14-31)40-27(22)37-3)43-28(36)30-16-12-10-15(29)11-13-16/h6-7,10-13,17-22,27,31H,4-5,8-9,14H2,1-3H3,(H,30,36)/b7-6+/t17-,18-,19-,20-,21+,22-,27+/m1/s1",25896,CCOC(=O)[C@H]1C\C=C\C[C@H](C(=O)OCC)C(=O)O[C@H]2[C@H](OC(=O)Nc3ccc(Br)cc3)[C@@H](CO)O[C@H](OC)[C@@H]2OC1=O,NA
Input,Buparlisib,0.25476133,InputSig,NA,NA,LINCSCP_115236,HS578T,10uM,3h,breast,PI3K inhibitor,PIK3CA|PIK3CB|PIK3CD|PIK3CG|PIK3R1|PIK3R2|PIK3R3|PIK3R5,CWHUFRVAEUJCEF-UHFFFAOYSA-N,"InChI=1S/C18H21F3N6O2/c19-18(20,21)13-9-15(22)23-11-12(13)14-10-16(26-1-5-28-6-2-26)25-17(24-14)27-3-7-29-8-4-27/h9-11H,1-8H2,(H2,22,23)",15141,Nc1cc(c(cn1)c2cc(nc(n2)N3CCOCC3)N4CCOCC4)C(F)(F)F,3
Input,BRD-K92191596,0.25468328,InputSig,NA,NA,LINCSCP_60250,VCAP,5uM,24h,prostate,NA,NA,DUJQZBWFZFXOJW-IMWIBFENSA-N,"InChI=1S/C27H35N3O4/c1-17-7-5-6-8-22(17)21-12-23-26(28-13-21)34-24(15-29(4)25(32)11-20-9-10-20)18(2)14-30(27(23)33)19(3)16-31/h5-8,12-13,18-20,24,31H,9-11,14-16H2,1-4H3/t18-,19+,24+/m1/s1",997,C[C@@H](CO)N1C[C@@H](C)[C@H](CN(C)C(=O)CC2CC2)Oc3ncc(cc3C1=O)c4ccccc4C,NA
Input,TAS-103 (dihydrochloride),0.25458622,InputSig,NA,NA,LINCSCP_90902,HA1E,10uM,24h,kidney epithelial,NA,NA,ROWSTIYZUWEOMM-UHFFFAOYSA-N,"InChI=1S/C20H19N3O2/c1-23(2)10-9-21-20-18-17(13-5-3-4-6-14(13)19(18)25)15-8-7-12(24)11-16(15)22-20/h3-8,11,24H,9-10H2,1-2H3,(H,21,22)",26502,CN(C)CCNc1nc2cc(O)ccc2c3c4ccccc4C(=O)c13,NA
Input,ORG-41841,0.25450237,InputSig,NA,NA,LINCSCP_1249,A375,10uM,24h,skin,NA,NA,DVSFSADBOJYPGF-UHFFFAOYSA-N,"InChI=1S/C19H22N4O2S2/c1-19(2,3)23-16(24)15-13(20)12-14(10-7-6-8-11(9-10)25-4)21-18(26-5)22-17(12)27-15/h6-9H,20H2,1-5H3,(H,23,24)",4945,COc1cccc(c1)c2nc(SC)nc3sc(C(=O)NC(C)(C)C)c(N)c23,NA
Input,GDC-0068,0.25425212,InputSig,NA,NA,LINCSCP_160436,PC3,10uM,24h,prostate,NA,NA,GRZXWCHAXNAUHY-AHRSYUTCSA-N,"InChI=1S/C24H32ClN5O2/c1-15(2)26-13-19(17-4-6-18(25)7-5-17)24(32)30-10-8-29(9-11-30)23-21-16(3)12-20(31)22(21)27-14-28-23/h4-7,14-16,19-20,26,31H,8-13H2,1-3H3/t16-,19-,20+/m1/s1",26947,CC(C)NC[C@@H](C(=O)N1CCN(CC1)c2ncnc3[C@@H](O)C[C@@H](C)c23)c4ccc(Cl)cc4,NA
Input,6-(4-Hydroxy-6-methoxy-7-methyl-3-oxo-1H-2-benzofuran-5-yl)-4-methylhex-4-enoic acid,0.25412895,InputSig,NA,NA,LINCSCP_7594,A549,10uM,24h,lung,Dehydrogenase inhibitor|Inositol monophosphatase inhibitor,IMPDH1|IMPDH2,HPNSFSBZBAHARI-UHFFFAOYSA-N,"InChI=1S/C17H20O6/c1-9(5-7-13(18)19)4-6-11-15(20)14-12(8-23-17(14)21)10(2)16(11)22-3/h4,20H,5-8H2,1-3H3,(H,18,19)",24982,COc1c(C)c2COC(=O)c2c(O)c1CC=C(C)CCC(=O)O,NA
Input,SPOX1_002925,0.25412418,InputSig,NA,NA,LINCSCP_10813,ASC,10uM,24h,adipose,NA,NA,BEYMMNWQWYQHRB-IGEPHXAOSA-N,"InChI=1S/C50H49N3O13/c1-5-25-51-44(55)39-41-47(58)66-42(33-18-10-7-11-19-33)40(32-16-8-6-9-17-32)53(41)43(34-20-12-13-22-38(34)64-27-26-54)50(39)36-30-31(15-14-21-35(45(56)62-3)46(57)63-4)23-24-37(36)52(48(50)59)49(60)65-29-28-61-2/h5-13,16-20,22-24,30,35,39-43,54H,1,21,25-29H2,2-4H3,(H,51,55)/t39-,40-,41-,42+,43+,50-/m0/s1",1440,COCCOC(=O)N1C(=O)[C@]2([C@@H]([C@@H]3N([C@H]([C@H](OC3=O)c4ccccc4)c5ccccc5)[C@@H]2c6ccccc6OCCO)C(=O)NCC=C)c7cc(ccc17)C#CCC(C(=O)OC)C(=O)OC,NA
Input,CHEMBL2142877,0.25384097,InputSig,NA,NA,LINCSCP_26439,HT29,10uM,6h,large intestine,NA,NA,SFLIDSZKPUWPJR-UHFFFAOYSA-N,"InChI=1S/C23H16N6S/c1-3-9-16(10-4-1)19-15-30-23(25-19)27-22-20(17-11-5-2-6-12-17)28-29-21(26-22)18-13-7-8-14-24-18/h1-15H,(H,25,26,27,29)",39107,N(c1nc(cs1)c2ccccc2)c3nc(nnc3c4ccccc4)c5ccccn5,NA
Input,VU0418947-2,0.25363309,InputSig,NA,NA,LINCSCP_26142,HT29,10uM,6h,large intestine,HIF modulator,NA,MWRDNBONCUGSBY-UHFFFAOYSA-N,"InChI=1S/C27H21N5/c1-3-11-21(12-4-1)23-15-9-10-20(18-23)19-29-27-25(22-13-5-2-6-14-22)31-32-26(30-27)24-16-7-8-17-28-24/h1-18H,19H2,(H,29,30,32)",36021,C(Nc1nc(nnc1c2ccccc2)c3ccccn3)c4cccc(c4)c5ccccc5,NA
Input,NSC643180,0.25349069,InputSig,NA,NA,LINCSCP_19678,HCC515,10uM,6h,lung,NA,NA,MFDFEQQOFGIZAS-MDZDMXLPSA-N,"InChI=1S/C18H18O4/c1-20-16-11-13(12-17(21-2)18(16)22-3)9-10-15(19)14-7-5-4-6-8-14/h4-12H,1-3H3/b10-9+",17507,COc1cc(\C=C\C(=O)c2ccccc2)cc(OC)c1OC,NA
Input,ZK 164015,0.25330165,InputSig,NA,NA,LINCSCP_13861,HA1E,10uM,6h,kidney epithelial,Estrogen receptor antagonist,NA,LYJSJVYJLZOMCD-UHFFFAOYSA-N,"InChI=1S/C30H43NO4S/c1-3-4-12-21-36(34,35)22-13-10-8-6-5-7-9-11-20-31-29-19-18-27(33)23-28(29)24(2)30(31)25-14-16-26(32)17-15-25/h14-19,23,32-33H,3-13,20-22H2,1-2H3",38139,CCCCCS(=O)(=O)CCCCCCCCCCn1c(c(C)c2cc(O)ccc12)c3ccc(O)cc3,NA
Input,Entinostat,0.25318368,InputSig,NA,NA,LINCSCP_49699,PC3,10uM,24h,prostate,HDAC inhibitor,HDAC1|HDAC10|HDAC11|HDAC2|HDAC3|HDAC4|HDAC5|HDAC6|HDAC7|HDAC8|HDAC9,INVTYAOGFAGBOE-UHFFFAOYSA-N,"InChI=1S/C21H20N4O3/c22-18-5-1-2-6-19(18)25-20(26)17-9-7-15(8-10-17)13-24-21(27)28-14-16-4-3-11-23-12-16/h1-12H,13-14,22H2,(H,24,27)(H,25,26)",16193,Nc1ccccc1NC(=O)c2ccc(CNC(=O)OCc3cccnc3)cc2,3
Input,"Triazolothiadiazine, 25",0.25317686,InputSig,NA,NA,LINCSCP_31114,MCF7,10uM,24h,breast,NA,NA,KQYOTSLVCDQZMU-UHFFFAOYSA-N,"InChI=1S/C22H22N4O4S/c1-27-18-6-4-3-5-16(18)21-23-24-22-26(21)25-17(13-31-22)14-7-8-19(28-2)20(11-14)30-15-9-10-29-12-15/h3-8,11,15H,9-10,12-13H2,1-2H3",15339,COc1ccc(cc1OC2CCOC2)C3=Nn4c(SC3)nnc4c5ccccc5OC,NA
Input,Aurora A Inhibitor I,0.25310539,InputSig,NA,NA,LINCSCP_16664,HA1E,10uM,6h,kidney epithelial,Aurora kinase inhibitor,AURKA,AKSIZPIFQAYJGF-UHFFFAOYSA-N,"InChI=1S/C31H31ClFN7O2/c1-2-39-15-17-40(18-16-39)28(41)19-21-7-11-24(12-8-21)36-31-34-20-26(33)29(38-31)35-23-13-9-22(10-14-23)30(42)37-27-6-4-3-5-25(27)32/h3-14,20H,2,15-19H2,1H3,(H,37,42)(H2,34,35,36,38)",35269,CCN1CCN(CC1)C(=O)Cc2ccc(Nc3ncc(F)c(Nc4ccc(cc4)C(=O)Nc5ccccc5Cl)n3)cc2,NA
Input,Alaproclate,0.2528881,InputSig,NA,NA,LINCSCP_156211,PC3,10uM,24h,prostate,Serotonin receptor antagonist,SLC6A4,FZSPJBYOKQPKCD-UHFFFAOYSA-N,"InChI=1S/C13H18ClNO2/c1-9(15)12(16)17-13(2,3)8-10-4-6-11(14)7-5-10/h4-7,9H,8,15H2,1-3H3",22907,CC(N)C(=O)OC(C)(C)Cc1ccc(Cl)cc1,NA
Input,AV-412 (free base),0.25272706,InputSig,NA,NA,LINCSCP_154805,PC3,10uM,24h,prostate,NA,NA,ZAJXXUDARPGGOC-UHFFFAOYSA-N,"InChI=1S/C27H28ClFN6O/c1-5-25(36)33-23-16-20-24(30-17-31-26(20)32-19-6-7-22(29)21(28)15-19)14-18(23)8-9-27(2,3)35-12-10-34(4)11-13-35/h5-7,14-17H,1,10-13H2,2-4H3,(H,33,36)(H,30,31,32)",26953,CN1CCN(CC1)C(C)(C)C#Cc2cc3ncnc(Nc4ccc(F)c(Cl)c4)c3cc2NC(=O)C=C,NA
Input,Quizartinib,0.25264106,InputSig,NA,NA,LINCSCP_20532,HCC515,10uM,6h,lung,FLT3 inhibitor,CSF1R|FLT3|KIT|PDGFRA|PDGFRB|RET,CVWXJKQAOSCOAB-UHFFFAOYSA-N,"InChI=1S/C29H32N6O4S/c1-29(2,3)25-17-26(33-39-25)32-27(36)30-20-6-4-19(5-7-20)22-18-35-23-9-8-21(16-24(23)40-28(35)31-22)38-15-12-34-10-13-37-14-11-34/h4-9,16-18H,10-15H2,1-3H3,(H2,30,32,33,36)",35264,CC(C)(C)c1onc(NC(=O)Nc2ccc(cc2)c3cn4c5ccc(OCCN6CCOCC6)cc5sc4n3)c1,3
Input,ARG-A1-22,0.25257758,InputSig,NA,NA,LINCSCP_22115,HEPG2,10uM,6h,liver,NA,NA,LPQZIJMSKXXKMU-UHFFFAOYSA-N,"InChI=1S/C16H11ClN2O3/c17-14-12-8-4-5-9-13(12)18(16(20)15(14)19(21)22)10-11-6-2-1-3-7-11/h1-9H,10H2",25113,[O-][N+](=O)C1=C(Cl)c2ccccc2N(Cc3ccccc3)C1=O,NA
Input,Androstenedone,0.25229186,InputSig,NA,NA,LINCSCP_2578,A375,10uM,6h,skin,Aromatase inhibitor,NA,LUJVUUWNAPIQQI-WFZCBACDSA-N,"InChI=1S/C19H24O2/c1-18-9-7-13(20)11-12(18)3-4-14-15-5-6-17(21)19(15,2)10-8-16(14)18/h7,9,11,14-16H,3-6,8,10H2,1-2H3/t14?,15?,16?,18-,19-/m0/s1",22494,C[C@]12CCC3C(CCC4=CC(=O)C=C[C@]34C)C1CCC2=O,NA
Input,BRN 1087718,0.25217623,InputSig,NA,NA,LINCSCP_16430,HA1E,10uM,6h,kidney epithelial,NA,NA,LISLUXJODLGWGJ-VQHVLOKHSA-N,"InChI=1S/C14H8N4O3/c15-8-9(7-10-5-6-13(21-10)18(19)20)14-16-11-3-1-2-4-12(11)17-14/h1-7H,(H,16,17)/b9-7+",17166,[O-][N+](=O)c1oc(\C=C(/C#N)\c2nc3ccccc3[nH]2)cc1,NA
Input,"ACE2 Inhibitor, MLN-4760",0.25205823,InputSig,NA,NA,LINCSCP_123931,HT29,1.11uM,24h,large intestine,NA,NA,NTCCRGGIJNDEAB-IRXDYDNUSA-N,"InChI=1S/C19H23Cl2N3O4/c1-11(2)3-16(18(25)26)23-17(19(27)28)7-15-8-22-10-24(15)9-12-4-13(20)6-14(21)5-12/h4-6,8,10-11,16-17,23H,3,7,9H2,1-2H3,(H,25,26)(H,27,28)/t16-,17-/m0/s1",26711,CC(C)C[C@H](N[C@@H](Cc1cncn1Cc2cc(Cl)cc(Cl)c2)C(=O)O)C(=O)O,NA
Input,VE-821,0.25194869,InputSig,NA,NA,LINCSCP_149083,NPC,1.11uM,24h,neural progenitor cells,NA,NA,DUIHHZKTCSNTGM-UHFFFAOYSA-N,"InChI=1S/C18H16N4O3S/c1-26(24,25)14-9-7-12(8-10-14)15-11-20-17(19)16(22-15)18(23)21-13-5-3-2-4-6-13/h2-11H,1H3,(H2,19,20)(H,21,23)",9066,CS(=O)(=O)c1ccc(cc1)c2cnc(N)c(n2)C(=O)Nc3ccccc3,NA
Input,Tesmilifene,0.25182705,InputSig,NA,NA,LINCSCP_262403,NPC,10uM,24h,neural progenitor cells,Histamine receptor antagonist,NA,NFIXBCVWIPOYCD-UHFFFAOYSA-N,"InChI=1S/C19H25NO/c1-3-20(4-2)14-15-21-19-12-10-18(11-13-19)16-17-8-6-5-7-9-17/h5-13H,3-4,14-16H2,1-2H3",15960,CCN(CC)CCOc1ccc(Cc2ccccc2)cc1,2
Input,NVP-BHG712,0.25164466,InputSig,NA,NA,LINCSCP_166120,SKL,10uM,24h,skeletal muscle,NA,NA,ZCCPLJOKGAACRT-UHFFFAOYSA-N,"InChI=1S/C26H20F3N7O/c1-15-8-9-16(25(37)32-19-7-3-6-18(12-19)26(27,28)29)11-21(15)33-23-20-14-31-36(2)24(20)35-22(34-23)17-5-4-10-30-13-17/h3-14H,1-2H3,(H,32,37)(H,33,34,35)",14186,Cc1ccc(cc1Nc2nc(nc3c2cnn3C)c4cccnc4)C(=O)Nc5cccc(c5)C(F)(F)F,NA
Input,Pergolide,0.25156982,InputSig,NA,NA,LINCSCP_266316,PC3,10uM,24h,prostate,Dopamine receptor agonist,ADRA2A|ADRA2B|ADRA2C|DRD1|DRD2|DRD3|DRD4|DRD5|HTR1A|HTR1B|HTR1D|HTR2A|HTR2B|HTR2C,YEHCICAEULNIGD-MZMPZRCHSA-N,"InChI=1S/C19H26N2S/c1-3-7-21-11-13(12-22-2)8-16-15-5-4-6-17-19(15)14(10-20-17)9-18(16)21/h4-6,10,13,16,18,20H,3,7-9,11-12H2,1-2H3/t13-,16-,18-/m1/s1",35901,CCCN1C[C@H](CSC)C[C@H]2[C@H]1Cc3c[nH]c4cccc2c34,4
Input,Oxetane,0.25115382,InputSig,NA,NA,LINCSCP_29221,JURKAT,3uM,6h,haematopoietic and lymphoid tissue,NA,NA,ZHSBUAYTQYEMOD-FUXZCQTMSA-N,"InChI=1S/C98H155NO46/c1-16-93(11,126)26-22-48-44(36-127-48)81(124)139-75-40(4)132-87(73(121)69(75)117)145-94(12,17-2)25-18-19-43(32-100)80(123)137-57-31-98(90(125)144-89-79(68(116)62(110)50(34-102)135-89)143-86-74(122)77(141-85-72(120)66(114)61(109)49(33-101)133-85)76(41(5)131-86)140-84-71(119)63(111)51(35-103)134-84)46(29-91(57,7)8)45-20-21-54-95(13)27-24-56(92(9,10)53(95)23-28-96(54,14)97(45,15)30-55(98)106)138-82-58(99-42(6)104)65(113)64(112)52(136-82)38-129-88-78(67(115)59(107)39(3)130-88)142-83-70(118)60(108)47(105)37-128-83/h16-17,19-20,39-41,44,46-79,82-89,100-103,105-122,126H,1-2,18,21-38H2,3-15H3,(H,99,104)/b43-19+/t39?,40?,41?,44?,46?,47-,48?,49?,50?,51+,52?,53?,54?,55-,56+,57+,58+,59+,60-,61-,62-,63+,64-,65+,66-,67-,68-,69+,70+,71+,72+,73+,74+,75-,76+,77+,78+,79+,82+,83+,84+,85+,86+,87+,88-,89+,93?,94-,95+,96-,97-,98-/m1/s1",9818,CC1O[C@@H](OCC2O[C@@H](O[C@H]3CC[C@@]4(C)C(CC[C@]5(C)C4CC=C6C7CC(C)(C)[C@H](C[C@@]7([C@H](O)C[C@@]56C)C(=O)O[C@@H]8OC(CO)[C@@H](O)[C@@H](O)[C@@H]8O[C@@H]9OC(C)[C@H](O[C@@H]%10O[C@@H](CO)[C@H](O)[C@@H]%10O)[C@@H](O[C@@H]%11OC(CO)[C@@H](O)[C@@H](O)[C@@H]%11O)[C@@H]9O)OC(=O)\C(=C\CC[C@](C)(O[C@@H]%12OC(C)[C@@H](OC(=O)C%13COC%13CCC(C)(O)C=C)[C@@H](O)[C@@H]%12O)C=C)\CO)C3(C)C)[C@@H](NC(=O)C)[C@H](O)[C@@H]2O)[C@@H](O[C@@H]%14OC[C@@H](O)[C@@H](O)[C@@H]%14O)[C@H](O)[C@H]1O,NA
Input,916985-21-2,0.25092937,InputSig,NA,NA,LINCSCP_257316,NCIH508,10uM,6h,large intestine,NA,NA,YYZTVTZCYVZGRB-UHFFFAOYSA-N,"InChI=1S/C22H21N3O6S2/c1-29-17-8-15-16(9-18(17)30-2)25(12-24-15)20-10-19(21(32-20)22(23)26)31-11-13-4-6-14(7-5-13)33(3,27)28/h4-10,12H,11H2,1-3H3,(H2,23,26)",36312,COc1cc2ncn(c3cc(OCc4ccc(cc4)S(=O)(=O)C)c(s3)C(=O)N)c2cc1OC,NA
Input,AZ20,0.25079995,InputSig,NA,NA,LINCSCP_100736,HCC515,10uM,24h,lung,NA,NA,SCGCBAAYLFTIJU-CQSZACIVSA-N,"InChI=1S/C21H24N4O3S/c1-14-13-28-11-10-25(14)19-12-18(21(7-8-21)29(2,26)27)23-20(24-19)16-4-3-5-17-15(16)6-9-22-17/h3-6,9,12,14,22H,7-8,10-11,13H2,1-2H3/t14-/m1/s1",22038,C[C@@H]1COCCN1c2cc(nc(n2)c3cccc4[nH]ccc34)C5(CC5)S(=O)(=O)C,NA
Input,SCHEMBL15422014,0.25067961,InputSig,NA,NA,LINCSCP_16228,HA1E,10uM,6h,kidney epithelial,NA,NA,MSUVDRBASYAIJC-MDZDMXLPSA-N,"InChI=1S/C21H21NO5S/c1-25-16-12-14(13-17(26-2)21(16)27-3)9-10-20(24)22-15(6-4-8-19(22)23)18-7-5-11-28-18/h4-5,7-13,15H,6H2,1-3H3/b10-9+",25892,COc1cc(\C=C\C(=O)N2C(CC=CC2=O)c3cccs3)cc(OC)c1OC,NA
Input,1228746-78-8,0.25035309,InputSig,NA,NA,LINCSCP_32832,MCF7,10uM,24h,breast,Cholesterol inhibitor|Niemann-Pick C1-like 1 protein antagonist,NPC1L1,OLNTVTPDXPETLC-OJVMETQDSA-N,"InChI=1S/C24H21F2NO3/c25-17-5-1-15(2-6-17)22(29)14-13-21-23(16-3-11-20(28)12-4-16)27(24(21)30)19-9-7-18(26)8-10-19/h1-12,21-23,28-29H,13-14H2/t21-,22?,23-/m1/s1",152,OC(CC[C@@H]1[C@H](N(C1=O)c2ccc(F)cc2)c3ccc(O)cc3)c4ccc(F)cc4,NA
Input,CHEMBL567331,0.25009357,InputSig,NA,NA,LINCSCP_45527,PC3,10uM,24h,prostate,DYRK inhibitor,CLK1|CLK4|DYRK1A,QFBOPHGXTBOQRN-UHFFFAOYSA-N,"InChI=1S/C20H15N3O2S/c1-2-15(26-7-1)10-21-20-16-8-13(3-5-17(16)22-11-23-20)14-4-6-18-19(9-14)25-12-24-18/h1-9,11H,10,12H2,(H,21,22,23)",30930,C(Nc1ncnc2ccc(cc12)c3ccc4OCOc4c3)c5cccs5,NA
Input,Melatonin,0.25004019,InputSig,NA,NA,LINCSCP_255667,MCF7,0.1uM,6h,breast,Melatonin receptor agonist|Nitric oxide synthase inhibitor,MTNR1A|MTNR1B,DRLFMBDRBRZALE-UHFFFAOYSA-N,"InChI=1S/C13H16N2O2/c1-9(16)14-6-5-10-8-15-13-4-3-11(17-2)7-12(10)13/h3-4,7-8,15H,5-6H2,1-2H3,(H,14,16)",7772,COc1ccc2[nH]cc(CCNC(=O)C)c2c1,4
Input,"Ingenol 3,20-dibenzoate",0.24987377,InputSig,NA,NA,LINCSCP_10303,A673,10uM,6h,bone,PKC activator,PRKCD|PRKCE,GIMKEHNOTHXONN-UHFFFAOYSA-N,"InChI=1S/C34H36O7/c1-19-17-33-20(2)15-25-26(32(25,3)4)24(28(33)36)16-23(18-40-30(37)21-11-7-5-8-12-21)27(35)34(33,39)29(19)41-31(38)22-13-9-6-10-14-22/h5-14,16-17,20,24-27,29,35,39H,15,18H2,1-4H3",1392,CC1CC2C(C3C=C(COC(=O)c4ccccc4)C(O)C5(O)C(OC(=O)c6ccccc6)C(=CC15C3=O)C)C2(C)C,NA
Input,Pimozide,0.24986756,InputSig,NA,NA,LINCSCP_221123,HEPG2,10uM,6h,liver,Dopamine receptor antagonist|Serotonin 2a (5-HT2a) receptor antagonist (Serotonin 2a,DRD1|DRD2|DRD3|DRD4|DRD5|HTR2A,YVUQSNJEYSNKRX-UHFFFAOYSA-N,"InChI=1S/C28H29F2N3O/c29-22-11-7-20(8-12-22)25(21-9-13-23(30)14-10-21)4-3-17-32-18-15-24(16-19-32)33-27-6-2-1-5-26(27)31-28(33)34/h1-2,5-14,24-25H,3-4,15-19H2,(H,31,34)",35465,Fc1ccc(cc1)C(CCCN2CCC(CC2)N3C(=O)Nc4ccccc34)c5ccc(F)cc5,4
Input,AC1LEPRU,0.2496359,InputSig,NA,NA,LINCSCP_27342,HT29,10uM,6h,large intestine,NA,NA,ZEUTZRYWGMGMEG-UHFFFAOYSA-N,"InChI=1S/C17H14N4O4/c22-16(20-19-10-13-8-9-17(25-13)21(23)24)11-18-15-7-3-5-12-4-1-2-6-14(12)15/h1-10,18H,11H2,(H,20,22)",22634,[O-][N+](=O)c1oc(C=NNC(=O)CNc2cccc3ccccc23)cc1,NA
Input,MD-041,0.24959976,InputSig,NA,NA,LINCSCP_26414,HT29,10uM,6h,large intestine,NA,NA,GSYPVTRHRIBUQT-VNQRMFGESA-N,"InChI=1S/C54H60N4O15/c1-65-40-31-37(16-19-49(62)56-22-10-7-13-46(56)59)32-41(66-2)52(40)71-28-25-55(26-29-72-53-42(67-3)33-38(34-43(53)68-4)17-20-50(63)57-23-11-8-14-47(57)60)27-30-73-54-44(69-5)35-39(36-45(54)70-6)18-21-51(64)58-24-12-9-15-48(58)61/h7-9,13-21,31-36H,10-12,22-30H2,1-6H3/b19-16+,20-17+,21-18+",25763,COc1cc(\C=C\C(=O)N2CCC=CC2=O)cc(OC)c1OCCN(CCOc3c(OC)cc(\C=C\C(=O)N4CCC=CC4=O)cc3OC)CCOc5c(OC)cc(\C=C\C(=O)N6CCC=CC6=O)cc5OC,NA
Input,galantamine,0.24937927,InputSig,NA,NA,LINCSCP_70488,A375,10uM,24h,skin,NA,NA,NA,NA,NA,NA,NA
Input,Dequalinium,0.24918606,InputSig,NA,NA,LINCSCP_79850,A375,0.04uM,24h,skin,PKC inhibitor,NA,PCSWXVJAIHCTMO-UHFFFAOYSA-P,"InChI=1S/C30H38N4/c1-23-21-27(31)25-15-9-11-17-29(25)33(23)19-13-7-5-3-4-6-8-14-20-34-24(2)22-28(32)26-16-10-12-18-30(26)34/h9-12,15-18,21-22,31-32H,3-8,13-14,19-20H2,1-2H3/p+2",16428,Cc1cc(N)c2ccccc2[n+]1CCCCCCCCCC[n+]3c(C)cc(N)c4ccccc34,4
Input,WAY-170523,0.24881887,InputSig,NA,NA,LINCSCP_26829,HT29,10uM,6h,large intestine,Metalloproteinase inhibitor,MMP13,FARMEEAGJWMFSZ-UHFFFAOYSA-N,"InChI=1S/C33H31N3O7S/c1-22-18-23(2)31(28(19-22)32(37)35-39)36(21-24-8-4-3-5-9-24)44(40,41)27-14-12-26(13-15-27)42-17-16-34-33(38)30-20-25-10-6-7-11-29(25)43-30/h3-15,18-20,39H,16-17,21H2,1-2H3,(H,34,38)(H,35,37)",35701,Cc1cc(C)c(N(Cc2ccccc2)S(=O)(=O)c3ccc(OCCNC(=O)c4oc5ccccc5c4)cc3)c(c1)C(=O)NO,NA
Input,Pseudoephedrine,0.24872784,InputSig,NA,NA,LINCSCP_33255,MCF7,10uM,6h,breast,Adrenergic receptor agonist,SLC6A2,KWGRBVOPPLSCSI-WCBMZHEXSA-N,"InChI=1S/C10H15NO/c1-8(11-2)10(12)9-6-4-3-5-7-9/h3-8,10-12H,1-2H3/t8-,10+/m0/s1",36074,CN[C@@H](C)[C@@H](O)c1ccccc1,4
Input,Selamectin,0.24870899,InputSig,NA,NA,LINCSCP_21476,HEPG2,10uM,6h,liver,Nematocide,NA,AFJYYKSVHJGXSN-XUCDQRGXSA-N,"InChI=1S/C43H63NO11/c1-24-11-10-14-30-23-50-40-36(44-48)27(4)19-33(43(30,40)47)41(46)52-32-20-31(16-15-25(2)38(24)53-35-21-34(49-6)37(45)28(5)51-35)54-42(22-32)18-17-26(3)39(55-42)29-12-8-7-9-13-29/h10-11,14-15,19,24,26,28-29,31-35,37-40,45,47-48H,7-9,12-13,16-18,20-23H2,1-6H3/b11-10+,25-15+,30-14+,44-36-/t24-,26-,28-,31+,32-,33-,34-,35?,37?,38-,39-,40+,42+,43+/m0/s1",42688,CO[C@H]1CC(O[C@H]2[C@@H](C)\C=C\C=C\3/CO[C@@H]4\C(=N/O)\C(=C[C@@H](C(=O)O[C@H]5C[C@@H](C\C=C\2/C)O[C@@]6(CC[C@H](C)[C@H](O6)C7CCCCC7)C5)[C@]34O)C)O[C@@H](C)C1O,NA
Input,LY2886721,0.24869787,InputSig,NA,NA,LINCSCP_71667,A375,1.11uM,24h,skin,NA,NA,NIDRNVHMMDAAIK-MGNBDDOMSA-N,"InChI=1S/C18H16F2N4O2S/c19-11-1-4-15(22-6-11)16(25)23-12-2-3-14(20)13(5-12)18-9-26-7-10(18)8-27-17(21)24-18/h1-6,10H,7-9H2,(H2,21,24)(H,23,25)/t10-,18+/m1/s1",26633,NC1=N[C@]2(COC[C@@H]2CS1)c3cc(NC(=O)c4ccc(F)cn4)ccc3F,NA
Input,NO-ASA,0.24865365,InputSig,NA,NA,LINCSCP_43570,NPC,10uM,6h,neural progenitor cells,Cyclooxygenase inhibitor,PTGS2,IOJUJUOXKXMJNF-UHFFFAOYSA-N,"InChI=1S/C16H13NO7/c1-11(18)23-15-8-3-2-7-14(15)16(19)24-13-6-4-5-12(9-13)10-22-17(20)21/h2-9H,10H2,1H3",31659,CC(=O)Oc1ccccc1C(=O)Oc2cccc(CO[N+](=O)[O-])c2,NA
Input,NSC95397,0.24818436,InputSig,NA,NA,LINCSCP_219361,HEPG2,10uM,6h,liver,CDC inhibitor,NA,MAASHDQFQDDECQ-UHFFFAOYSA-N,"InChI=1S/C14H14O4S2/c15-5-7-19-13-11(17)9-3-1-2-4-10(9)12(18)14(13)20-8-6-16/h1-4,15-16H,5-8H2",15855,OCCSC1=C(SCCO)C(=O)c2ccccc2C1=O,NA
Input,Amlodipine,0.24815624,InputSig,NA,NA,LINCSCP_220355,HEPG2,10uM,6h,liver,Calcium channel blocker,CACNA1C|CACNA1D|CACNA1F|CACNA1S|CACNA2D1,HTIQEAQVCYTUBX-UHFFFAOYSA-N,"InChI=1S/C20H25ClN2O5/c1-4-28-20(25)18-15(11-27-10-9-22)23-12(2)16(19(24)26-3)17(18)13-7-5-6-8-14(13)21/h5-8,17,23H,4,9-11,22H2,1-3H3",5287,CCOC(=O)C1=C(COCCN)NC(=C(C1c2ccccc2Cl)C(=O)OC)C,4
Input,Latrunculin B,0.24796614,InputSig,NA,NA,LINCSCP_239364,MCF7,10uM,24h,breast,Actin polymerization inhibitor|Unidentified pharmacological activity,WWTR1|YAP1,NSHPHXHGRHSMIK-IWZLBRJHSA-N,"InChI=1S/C20H29NO5S/c1-13-5-3-4-6-14(2)9-18(22)25-16-10-15(8-7-13)26-20(24,11-16)17-12-27-19(23)21-17/h3,5,9,13,15-17,24H,4,6-8,10-12H2,1-2H3,(H,21,23)/b5-3-,14-9-/t13-,15-,16-,17?,20-/m1/s1",35186,C[C@H]1CC[C@@H]2C[C@H](C[C@@](O)(O2)C3CSC(=O)N3)OC(=O)\C=C(\C)/CC\C=C/1,NA
Input,BI-2536,0.24784758,InputSig,NA,NA,LINCSCP_206034,CORL23,10uM,6h,lung,PLK inhibitor,PLK1,XQVVPGYIWAGRNI-JOCHJYFZSA-N,"InChI=1S/C28H39N7O3/c1-5-22-27(37)34(3)23-17-29-28(32-25(23)35(22)20-8-6-7-9-20)31-21-11-10-18(16-24(21)38-4)26(36)30-19-12-14-33(2)15-13-19/h10-11,16-17,19-20,22H,5-9,12-15H2,1-4H3,(H,30,36)(H,29,31,32)/t22-/m1/s1",36846,CC[C@H]1N(C2CCCC2)c3nc(Nc4ccc(cc4OC)C(=O)NC5CCN(C)CC5)ncc3N(C)C1=O,2
Input,KU0060648,0.24780417,InputSig,NA,NA,LINCSCP_12612,CORL23,10uM,6h,lung,DNA dependent protein kinase inhibitor|PI3K inhibitor,PIK3CA|PIK3CB|PIK3CD|PRKDC,AATCBLYHOUOCTO-UHFFFAOYSA-N,"InChI=1S/C33H34N4O4S/c1-2-35-12-14-36(15-13-35)21-29(39)34-26-11-10-23(33-31(26)25-6-3-4-9-28(25)42-33)22-7-5-8-24-27(38)20-30(41-32(22)24)37-16-18-40-19-17-37/h3-11,20H,2,12-19,21H2,1H3,(H,34,39)",16208,CCN1CCN(CC(=O)Nc2ccc(c3cccc4C(=O)C=C(Oc34)N5CCOCC5)c6sc7ccccc7c26)CC1,NA
Input,Lobendazole,0.24770547,InputSig,NA,NA,LINCSCP_2592,A375,10uM,6h,skin,Anthelmintic agent,NA,OKOVSTKGUBOSTB-UHFFFAOYSA-N,"InChI=1S/C10H11N3O2/c1-2-15-10(14)13-9-11-7-5-3-4-6-8(7)12-9/h3-6H,2H2,1H3,(H2,11,12,13,14)",15116,CCOC(=O)Nc1nc2ccccc2[nH]1,NA
Input,F1566-0341,0.24769905,InputSig,NA,NA,LINCSCP_46811,PC3,10uM,24h,prostate,NA,NA,IBNDEPGJQYIEJX-UHFFFAOYSA-N,"InChI=1S/C25H17ClN2O3S2/c26-17-10-12-18(13-11-17)33(30,31)28-21-15-23(25(29)20-8-2-1-7-19(20)21)32-22-9-3-5-16-6-4-14-27-24(16)22/h1-15,28-29H",22248,Oc1c(Sc2cccc3cccnc23)cc(NS(=O)(=O)c4ccc(Cl)cc4)c5ccccc15,NA
Input,SCHEMBL8038519,0.247662,InputSig,NA,NA,LINCSCP_41297,NEU,10uM,6h,NA,Dopamine receptor antagonist,ADRA2A|ADRA2B|ADRA2C|DRD1|DRD2|DRD3|DRD4|DRD5|HRH1|HTR1A|HTR2A|HTR2C|HTR6|HTR7,QZUVYCFQTWCVBQ-UHFFFAOYSA-N,"InChI=1S/C19H24ClN3S/c20-15-8-9-19-17(14-15)23(13-5-12-22-11-4-3-10-21)16-6-1-2-7-18(16)24-19/h1-2,6-9,14,22H,3-5,10-13,21H2",11564,NCCCCNCCCN1c2ccccc2Sc3ccc(Cl)cc13,NA
Input,"2,2-Dichloro-n-[(1R,2S)-1,3-dihydroxy-1-(4-nitrophenyl)propan-2-yl]acetamide",0.24749158,InputSig,NA,NA,LINCSCP_73067,A375,0.12uM,24h,skin,NA,NA,WIIZWVCIJKGZOK-DTWKUNHWSA-N,"InChI=1S/C11H12Cl2N2O5/c12-10(13)11(18)14-8(5-16)9(17)6-1-3-7(4-2-6)15(19)20/h1-4,8-10,16-17H,5H2,(H,14,18)/t8-,9+/m0/s1",6660,OC[C@H](NC(=O)C(Cl)Cl)[C@H](O)c1ccc(cc1)[N+](=O)[O-],NA
Input,Liranaftate,0.24742895,InputSig,NA,NA,LINCSCP_72033,A375,0.12uM,24h,skin,NA,NA,VPHPQNGOVQYUMG-UHFFFAOYSA-N,"InChI=1S/C18H20N2O2S/c1-20(16-8-5-9-17(19-16)21-2)18(23)22-15-11-10-13-6-3-4-7-14(13)12-15/h5,8-12H,3-4,6-7H2,1-2H3",36744,COc1cccc(n1)N(C)C(=S)Oc2ccc3CCCCc3c2,NA
Input,Chlorpromazine,0.24740639,InputSig,NA,NA,LINCSCP_43365,NPC,10uM,6h,neural progenitor cells,Serotonin 2a (5-HT2a) receptor antagonist (Serotonin 2a|D2-like dopamine receptor antagonist,ADRA2A|ADRA2B|ADRA2C|DRD1|DRD2|DRD3|DRD4|DRD5|HRH1|HTR1A|HTR2A|HTR2C|HTR6|HTR7,ZPEIMTDSQAKGNT-UHFFFAOYSA-N,"InChI=1S/C17H19ClN2S/c1-19(2)10-5-11-20-14-6-3-4-7-16(14)21-17-9-8-13(18)12-15(17)20/h3-4,6-9,12H,5,10-11H2,1-2H3",36123,CN(C)CCCN1c2ccccc2Sc3ccc(Cl)cc13,4
Input,MLS000517073,0.24723446,InputSig,NA,NA,LINCSCP_3118,A375,10uM,6h,skin,NA,NA,PBBZQGGDDNSZDP-UHFFFAOYSA-N,"InChI=1S/C16H17Cl2NO/c1-11-9-15(16(20)10-17)12(2)19(11)8-7-13-3-5-14(18)6-4-13/h3-6,9H,7-8,10H2,1-2H3",16477,Cc1cc(C(=O)CCl)c(C)n1CCc2ccc(Cl)cc2,NA
Input,CHEMBL2134949,0.24700253,InputSig,NA,NA,LINCSCP_46252,PC3,10uM,24h,prostate,NA,NA,UIWHTZIAIXNFGN-USUMGCFOSA-N,"InChI=1S/C40H42N6O5S/c1-25-21-46(26(2)24-47)40(50)31-7-6-10-34(44-38(49)29-15-17-30(18-16-29)39-42-19-20-52-39)36(31)51-35(25)23-45(3)22-27-11-13-28(14-12-27)37(48)43-33-9-5-4-8-32(33)41/h4-20,25-26,35,47H,21-24,41H2,1-3H3,(H,43,48)(H,44,49)/t25-,26+,35-/m1/s1",40206,C[C@@H](CO)N1C[C@@H](C)[C@@H](CN(C)Cc2ccc(cc2)C(=O)Nc3ccccc3N)Oc4c(NC(=O)c5ccc(cc5)c6nccs6)cccc4C1=O,NA
Input,MFCD00671792,0.24680229,InputSig,NA,NA,LINCSCP_7081,A549,10uM,24h,lung,Dopamine receptor agonist,DRD1,GHWJEDJMOVUXEC-CYBMUJFWSA-N,"InChI=1S/C16H16ClNO2/c17-15-11-6-7-18-9-13(10-4-2-1-3-5-10)12(11)8-14(19)16(15)20/h1-5,8,13,18-20H,6-7,9H2/t13-/m1/s1",36077,Oc1cc2[C@H](CNCCc2c(Cl)c1O)c3ccccc3,NA
Input,MLS000583963,0.24663823000000001,InputSig,NA,NA,LINCSCP_1763,A375,10uM,6h,skin,NA,NA,WZPVBLAQLFFXTN-UHFFFAOYSA-N,"InChI=1S/C23H26Cl2N2O3/c1-30-20-12-10-16(11-13-20)22(23(29)26-18-7-3-2-4-8-18)27(21(28)15-24)19-9-5-6-17(25)14-19/h5-6,9-14,18,22H,2-4,7-8,15H2,1H3,(H,26,29)",35343,COc1ccc(cc1)C(N(C(=O)CCl)c2cccc(Cl)c2)C(=O)NC3CCCCC3,NA
Input,Tipifarnib,0.24662522,InputSig,NA,NA,LINCSCP_95162,HA1E,10uM,24h,kidney epithelial,Farnesyltransferase inhibitor,CHURC1-FNTB|FNTA|FNTB,PLHJCIYEEKOWNM-HHHXNRCGSA-N,"InChI=1S/C27H22Cl2N4O/c1-32-16-31-15-25(32)27(30,18-6-9-20(28)10-7-18)19-8-11-24-23(13-19)22(14-26(34)33(24)2)17-4-3-5-21(29)12-17/h3-16H,30H2,1-2H3/t27-/m1/s1",16529,CN1C(=O)C=C(c2cccc(Cl)c2)c3cc(ccc13)[C@](N)(c4ccc(Cl)cc4)c5cncn5C,3
Input,Doxorubicin,0.24648151,InputSig,NA,NA,LINCSCP_127173,HT29,0.04uM,24h,large intestine,DNA topoisomerase II alpha inhibitor,TOP2A,AOJJSUZBOXZQNB-TZSSRYMLSA-N,"InChI=1S/C27H29NO11/c1-10-22(31)13(28)6-17(38-10)39-15-8-27(36,16(30)9-29)7-12-19(15)26(35)21-20(24(12)33)23(32)11-4-3-5-14(37-2)18(11)25(21)34/h3-5,10,13,15,17,22,29,31,33,35-36H,6-9,28H2,1-2H3/t10-,13-,15-,17-,22+,27-/m0/s1",36141,COc1cccc2C(=O)c3c(O)c4C[C@](O)(C[C@H](O[C@H]5C[C@H](N)[C@H](O)[C@H](C)O5)c4c(O)c3C(=O)c12)C(=O)CO,4
Input,Devazepide,0.24642174,InputSig,NA,NA,LINCSCP_192456,A549,10uM,6h,lung,CCK receptor antagonist,CCKAR,NFHRQQKPEBFUJK-HSZRJFAPSA-N,"InChI=1S/C25H20N4O2/c1-29-21-14-8-6-12-18(21)22(16-9-3-2-4-10-16)27-23(25(29)31)28-24(30)20-15-17-11-5-7-13-19(17)26-20/h2-15,23,26H,1H3,(H,28,30)/t23-/m1/s1",35660,CN1C(=O)[C@@H](NC(=O)c2cc3ccccc3[nH]2)N=C(c4ccccc4)c5ccccc15,NA
Input,BRD-K97318829,0.24640021,InputSig,NA,NA,LINCSCP_43200,NPC,10uM,24h,neural progenitor cells,NA,NA,HCPOJXUXGPDORV-QHAWAJNXSA-N,"InChI=1S/C23H29N3O3/c1-3-14-24-23(29)25(2)15-19-21(17-10-6-4-7-11-17)20(16-27)26(19)22(28)18-12-8-5-9-13-18/h4-13,19-21,27H,3,14-16H2,1-2H3,(H,24,29)/t19-,20+,21-/m1/s1",14054,CCCNC(=O)N(C)C[C@@H]1[C@H]([C@H](CO)N1C(=O)c2ccccc2)c3ccccc3,NA
Input,MEGXM0_000149,0.24600542,InputSig,NA,NA,LINCSCP_16563,HA1E,10uM,6h,kidney epithelial,NA,NA,BFKWUALLEWQMII-UHFFFAOYSA-N,"InChI=1S/C16H12O7/c1-22-16(21)8-2-3-9(18)15-12(8)14(20)13-10(19)4-7(6-17)5-11(13)23-15/h2-5,17-19H,6H2,1H3",11945,COC(=O)c1ccc(O)c2Oc3cc(CO)cc(O)c3C(=O)c12,NA
Input,GP 2A,0.24596515,InputSig,NA,NA,LINCSCP_33751,MCF7,10uM,6h,breast,Cannabinoid receptor agonist,CNR2,SPEFJYZGXZENAF-UHFFFAOYSA-N,"InChI=1S/C24H23Cl2N3O/c1-14-7-9-18-15(11-14)12-19-22(24(30)27-17-5-3-2-4-6-17)28-29(23(18)19)21-10-8-16(25)13-20(21)26/h7-11,13,17H,2-6,12H2,1H3,(H,27,30)",35689,Cc1ccc2c(Cc3c(nn(c23)c4ccc(Cl)cc4Cl)C(=O)NC5CCCCC5)c1,NA
Input,VER 155008,0.24546156,InputSig,NA,NA,LINCSCP_21685,HEPG2,10uM,6h,liver,HSP inhibitor,HSPA1A,ZXGGCBQORXDVTE-UMCMBGNQSA-N,"InChI=1S/C25H23Cl2N7O4/c26-16-6-5-15(7-17(16)27)9-30-25-33-19-22(29)31-12-32-23(19)34(25)24-21(36)20(35)18(38-24)11-37-10-14-3-1-13(8-28)2-4-14/h1-7,12,18,20-21,24,35-36H,9-11H2,(H,30,33)(H2,29,31,32)/t18-,20-,21-,24-/m1/s1",16523,Nc1ncnc2c1nc(NCc3ccc(Cl)c(Cl)c3)n2[C@@H]4O[C@H](COCc5ccc(cc5)C#N)[C@@H](O)[C@H]4O,NA
Input,Radicicol,0.24523384,InputSig,NA,NA,LINCSCP_69183,A375,10uM,24h,skin,HSP inhibitor,NA,WYZWZEOGROVVHK-ZUVMSYQZSA-N,"InChI=1S/C18H17ClO6/c1-9-6-15-14(25-15)5-3-2-4-10(20)7-11-16(18(23)24-9)12(21)8-13(22)17(11)19/h2-5,8-9,14-15,21-22H,6-7H2,1H3/b4-2+,5-3+",5384,CC1CC2OC2\C=C\C=C\C(=O)Cc3c(Cl)c(O)cc(O)c3C(=O)O1,NA
Input,BRD-K95985487-001-01-3,0.24518595,InputSig,NA,NA,LINCSCP_55124,THP1,3uM,24h,haematopoietic and lymphoid tissue,NA,NA,MWYFHEYFOMQIDN-UHFFFAOYSA-N,"InChI=1S/C24H27N7O2/c1-29-10-12-30(13-11-29)21-9-4-18(14-22(21)33-3)27-24-25-15-17-16-26-31(23(17)28-24)19-5-7-20(32-2)8-6-19/h4-9,14-16H,10-13H2,1-3H3,(H,25,27,28)",11512,COc1ccc(cc1)n2ncc3cnc(Nc4ccc(N5CCN(C)CC5)c(OC)c4)nc23,NA
Input,VU0418939-2,0.24488761,InputSig,NA,NA,LINCSCP_26133,HT29,10uM,6h,large intestine,NA,NA,SKLXOVZCZWTTRY-UHFFFAOYSA-N,"InChI=1S/C25H25N5/c1-25(2,3)20-14-12-18(13-15-20)17-27-24-22(19-9-5-4-6-10-19)29-30-23(28-24)21-11-7-8-16-26-21/h4-16H,17H2,1-3H3,(H,27,28,30)",15863,CC(C)(C)c1ccc(CNc2nc(nnc2c3ccccc3)c4ccccn4)cc1,NA
Input,BDBM50442904,0.24486653,InputSig,NA,NA,LINCSCP_23312,HEPG2,10uM,24h,liver,Antimalarial agent,NA,SCAGQTBCGKJURA-VNBNFIHGSA-N,"InChI=1S/C28H32O7/c1-14(29)34-17-12-26(5)16(15-8-10-33-13-15)11-19-28(26,35-19)27(6)21(17)25(4)9-7-18(30)24(2,3)22(25)20(31)23(27)32/h7-10,13,16-17,19,21-22H,11-12H2,1-6H3/t16-,17+,19+,21?,22?,25+,26-,27-,28+/m0/s1",23149,CC(=O)O[C@@H]1C[C@@]2(C)[C@@H](C[C@H]3O[C@@]23[C@@]4(C)C1[C@@]5(C)C=CC(=O)C(C)(C)C5C(=O)C4=O)c6cocc6,NA
Input,Dexamethasone Acetate,0.24480535,InputSig,NA,NA,LINCSCP_99105,HA1E,1.11uM,24h,kidney epithelial,Corticosteroid agonist|Cytochrome P450 inhibitor|Glucocorticoid receptor agonist,NR3C1,AKUJBENLRBOFTD-HIBZCRSPSA-N,"InChI=1S/C24H31FO6/c1-13-9-18-17-6-5-15-10-16(27)7-8-21(15,3)23(17,25)19(28)11-22(18,4)24(13,30)20(29)12-31-14(2)26/h7-8,10,13,17-19,28,30H,5-6,9,11-12H2,1-4H3/t13-,17?,18?,19+,21+,22+,23+,24+/m1/s1",22199,C[C@@H]1CC2C3CCC4=CC(=O)C=C[C@]4(C)[C@@]3(F)[C@@H](O)C[C@]2(C)[C@@]1(O)C(=O)COC(=O)C,NA
Input,WZ 4002,0.24457487,InputSig,NA,NA,LINCSCP_11066,ASC,10uM,24h,adipose,EGFR inhibitor,EGFR|ERBB2,ITTRLTNMFYIYPA-UHFFFAOYSA-N,"InChI=1S/C25H27ClN6O3/c1-4-23(33)28-17-6-5-7-19(14-17)35-24-20(26)16-27-25(30-24)29-21-9-8-18(15-22(21)34-3)32-12-10-31(2)11-13-32/h4-9,14-16H,1,10-13H2,2-3H3,(H,28,33)(H,27,29,30)",35277,COc1cc(ccc1Nc2ncc(Cl)c(Oc3cccc(NC(=O)C=C)c3)n2)N4CCN(C)CC4,NA
Input,Irinotecan,0.24452018,InputSig,NA,NA,LINCSCP_2689,A375,10uM,6h,skin,DNA topoisomerase I inhibitor,TOP1,UWKQSNNFCGGAFS-XIFFEERXSA-N,"InChI=1S/C33H38N4O6/c1-3-22-23-16-21(43-32(40)36-14-10-20(11-15-36)35-12-6-5-7-13-35)8-9-27(23)34-29-24(22)18-37-28(29)17-26-25(30(37)38)19-42-31(39)33(26,41)4-2/h8-9,16-17,20,41H,3-7,10-15,18-19H2,1-2H3/t33-/m0/s1",35503,CCc1c2CN3C(=O)C4=C(C=C3c2nc5ccc(OC(=O)N6CCC(CC6)N7CCCCC7)cc15)[C@@](O)(CC)C(=O)OC4,4
Input,Brefeldin A,0.24430869,InputSig,NA,NA,LINCSCP_54715,T3M10,0.1uM,6h,lung,Brefeldin A inhibited guanine nucleotide exchange protein inhibitors|Golgi-specific brefeldin A-resistance guanine nucleotide exchange factor inhibitor|Protein synthesis inhibitor,NA,KQNZDYYTLMIZCT-UHFFFAOYSA-N,"InChI=1S/C16H24O4/c1-11-5-3-2-4-6-12-9-13(17)10-14(12)15(18)7-8-16(19)20-11/h4,6-8,11-15,17-18H,2-3,5,9-10H2,1H3",35340,CC1CCCC=CC2CC(O)CC2C(O)C=CC(=O)O1,NA
Input,Brefeldin A,0.24430869,InputSig,NA,NA,LINCSCP_54715,T3M10,0.1uM,6h,lung,Brefeldin A inhibited guanine nucleotide exchange protein inhibitors|Golgi-specific brefeldin A-resistance guanine nucleotide exchange factor inhibitor|Protein synthesis inhibitor,NA,KQNZDYYTLMIZCT-MOIRPGTBSA-N,"InChI=1S/C16H24O4/c1-11-5-3-2-4-6-12-9-13(17)10-14(12)15(18)7-8-16(19)20-11/h4,6-8,11-15,17-18H,2-3,5,9-10H2,1H3/b6-4-,8-7-",5079,CC1CCC\C=C/C2CC(O)CC2C(O)\C=C/C(=O)O1,NA
Input,sorafenib,0.24425967,InputSig,NA,NA,LINCSCP_51384,SKBR3,10uM,24h,breast,FLT3 inhibitor|KIT inhibitor|PDGFR tyrosine kinase receptor inhibitor|RAF inhibitor|RET tyrosine kinase inhibitor|VEGFR inhibitor,BRAF|DDR2|FGFR1|FLT1|FLT3|FLT4|KDR|KIT|PDGFRB|RAF1|RET,NA,NA,NA,NA,NA
Input,SCHEMBL1670775,0.2442185,InputSig,NA,NA,LINCSCP_7337,A549,10uM,24h,lung,Coloring agent,NA,SLJWCCMDGTZEGQ-UHFFFAOYSA-N,"InChI=1S/C10H6O3/c11-8-5-9(12)10(13)7-4-2-1-3-6(7)8/h1-4H,5H2",13452,O=C1CC(=O)c2ccccc2C1=O,NA
Input,Reserpine,0.24420352,InputSig,NA,NA,LINCSCP_127870,HT29,10uM,24h,large intestine,Vesicular monoamine transporter inhibitor,SLC18A1|SLC18A2,QEVHRUUCFGRFIF-MDEJGZGSSA-N,"InChI=1S/C33H40N2O9/c1-38-19-7-8-20-21-9-10-35-16-18-13-27(44-32(36)17-11-25(39-2)30(41-4)26(12-17)40-3)31(42-5)28(33(37)43-6)22(18)15-24(35)29(21)34-23(20)14-19/h7-8,11-12,14,18,22,24,27-28,31,34H,9-10,13,15-16H2,1-6H3/t18-,22+,24-,27-,28+,31+/m1/s1",16082,CO[C@H]1[C@@H](C[C@@H]2CN3CCc4c([nH]c5cc(OC)ccc45)[C@H]3C[C@@H]2[C@@H]1C(=O)OC)OC(=O)c6cc(OC)c(OC)c(OC)c6,4
Input,Apafant,0.24402833,InputSig,NA,NA,LINCSCP_192447,A549,10uM,6h,lung,Platelet activating factor receptor antagonist,PTAFR,JGPJQFOROWSRRS-UHFFFAOYSA-N,"InChI=1S/C22H22ClN5O2S/c1-14-25-26-19-13-24-21(16-4-2-3-5-18(16)23)17-12-15(31-22(17)28(14)19)6-7-20(29)27-8-10-30-11-9-27/h2-5,12H,6-11,13H2,1H3",35638,Cc1nnc2CN=C(c3ccccc3Cl)c4cc(CCC(=O)N5CCOCC5)sc4n12,NA
Input,CHEMBL2132289,0.24401087,InputSig,NA,NA,LINCSCP_234883,MCF10A,0.1uM,24h,breast epithelial,Protein kinase inhibitor,RPS6KA3,UPTQGXMIZXGVSC-UHFFFAOYSA-N,"InChI=1S/C21H26FN5O2/c1-14-4-6-15(7-5-14)17-18-20(23)25-13-26-21(18)27(19(17)16(28)12-22)10-3-8-24-9-11-29-2/h4-7,13,24H,3,8-12H2,1-2H3,(H2,23,25,26)",17492,COCCNCCCn1c(C(=O)CF)c(c2ccc(C)cc2)c3c(N)ncnc13,NA
Input,MLS000583956,0.24393704,InputSig,NA,NA,LINCSCP_5998,A549,10uM,6h,lung,NA,NA,ASSYJPCLSRNQGT-UHFFFAOYSA-N,"InChI=1S/C23H23ClN2O3S/c1-29-19-10-5-9-18(15-19)26(21(27)16-24)22(20-11-6-14-30-20)23(28)25-13-12-17-7-3-2-4-8-17/h2-11,14-15,22H,12-13,16H2,1H3,(H,25,28)",15235,COc1cccc(c1)N(C(C(=O)NCCc2ccccc2)c3cccs3)C(=O)CCl,NA
Input,AC1NQ6YI,0.2432731,InputSig,NA,NA,LINCSCP_33172,MCF7,10uM,6h,breast,Serotonin receptor agonist,HTR2A|HTR2B|HTR2C,XJJZQXUGLLXTHO-UHFFFAOYSA-N,"InChI=1S/C11H12ClFN2/c1-7(14)6-15-3-2-8-4-10(13)9(12)5-11(8)15/h2-5,7H,6,14H2,1H3",384,CC(N)Cn1ccc2cc(F)c(Cl)cc12,NA
Input,Fluspirilene,0.24308482,InputSig,NA,NA,LINCSCP_97804,HA1E,10uM,24h,kidney epithelial,Dopamine receptor antagonist,DRD2|HTR2A,QOYHHIBFXOOADH-UHFFFAOYSA-N,"InChI=1S/C29H31F2N3O/c30-24-12-8-22(9-13-24)27(23-10-14-25(31)15-11-23)7-4-18-33-19-16-29(17-20-33)28(35)32-21-34(29)26-5-2-1-3-6-26/h1-3,5-6,8-15,27H,4,7,16-21H2,(H,32,35)",15927,Fc1ccc(cc1)C(CCCN2CCC3(CC2)N(CNC3=O)c4ccccc4)c5ccc(F)cc5,4
Input,MLS003128612,0.2430749,InputSig,NA,NA,LINCSCP_57907,VCAP,10uM,6h,prostate,NA,NA,OJYLDJPQAFKURV-UHFFFAOYSA-N,"InChI=1S/C22H19F3N8OS/c23-22(24,25)13-1-2-15-16(9-13)29-17(28-15)10-26-19-18-20(33(12-27-18)14-3-8-35-11-14)31-21(30-19)32-4-6-34-7-5-32/h1-3,8-9,11-12H,4-7,10H2,(H,28,29)(H,26,30,31)",23055,FC(F)(F)c1ccc2[nH]c(CNc3nc(nc4c3ncn4c5ccsc5)N6CCOCC6)nc2c1,NA
Input,GW-5074,0.24307292,InputSig,NA,NA,LINCSCP_240624,MCF7,10uM,24h,breast,Leucine rich repeat kinase inhibitor|RAF inhibitor,RAF1,LMXYVLFTZRPNRV-KMKOMSMNSA-N,"InChI=1S/C15H8Br2INO2/c16-11-4-7(5-12(17)14(11)20)3-10-9-6-8(18)1-2-13(9)19-15(10)21/h1-6,20H,(H,19,21)/b10-3-",37524,Oc1c(Br)cc(\C=C\2/C(=O)Nc3ccc(I)cc23)cc1Br,NA
Input,MLS000583951,0.24301576,InputSig,NA,NA,LINCSCP_6008,A549,10uM,6h,lung,NA,NA,ZRDIMGZPSNNFQF-UHFFFAOYSA-N,"InChI=1S/C23H28ClN3O2/c1-16-10-11-20(13-17(16)2)27(21(28)14-24)22(18-7-6-12-25-15-18)23(29)26-19-8-4-3-5-9-19/h6-7,10-13,15,19,22H,3-5,8-9,14H2,1-2H3,(H,26,29)",35425,Cc1ccc(cc1C)N(C(C(=O)NC2CCCCC2)c3cccnc3)C(=O)CCl,NA
Input,AC1NWALC,0.24286307,InputSig,NA,NA,LINCSCP_25165,HT29,10uM,6h,large intestine,ATPase inhibitor,ATP1A1,WDJUZGPOPHTGOT-KSVSUYAUSA-N,"InChI=1S/C41H64O13/c1-20-36(46)29(42)16-34(49-20)53-38-22(3)51-35(18-31(38)44)54-37-21(2)50-33(17-30(37)43)52-25-8-11-39(4)24(15-25)6-7-28-27(39)9-12-40(5)26(10-13-41(28,40)47)23-14-32(45)48-19-23/h14,20-22,24-31,33-38,42-44,46-47H,6-13,15-19H2,1-5H3/t20-,21-,22-,24-,25+,26-,27?,28?,29+,30+,31+,33+,34+,35+,36-,37-,38-,39+,40-,41+/m1/s1",22198,C[C@H]1O[C@H](C[C@H](O)[C@@H]1O)O[C@H]2[C@@H](O)C[C@H](O[C@H]3[C@@H](O)C[C@H](O[C@H]4CC[C@@]5(C)[C@H](CCC6C5CC[C@]7(C)[C@H](CC[C@]67O)C8=CC(=O)OC8)C4)O[C@@H]3C)O[C@@H]2C,NA
Input,F1061-0166,0.24281041,InputSig,NA,NA,LINCSCP_46698,PC3,10uM,24h,prostate,NA,NA,NFJXZWXCLRCTGM-UHFFFAOYSA-N,"InChI=1S/C22H20ClN3/c1-14-11-12-24-20(13-14)26-22(16-7-9-17(23)10-8-16)21-15(2)25-19-6-4-3-5-18(19)21/h3-13,22,25H,1-2H3,(H,24,26)",17987,Cc1ccnc(NC(c2ccc(Cl)cc2)c3c(C)[nH]c4ccccc34)c1,NA
Input,313516-66-4,0.24280024,InputSig,NA,NA,LINCSCP_33615,MCF7,10uM,24h,breast,PPAR receptor antagonist,PPARG,FRPJSHKMZHWJBE-UHFFFAOYSA-N,"InChI=1S/C12H8ClN3O3/c13-11-2-1-9(16(18)19)7-10(11)12(17)15-8-3-5-14-6-4-8/h1-7H,(H,14,15,17)",35666,[O-][N+](=O)c1ccc(Cl)c(c1)C(=O)Nc2ccncc2,NA
Input,MLS000094939,0.24279848,InputSig,NA,NA,LINCSCP_26022,HT29,10uM,6h,large intestine,NA,NA,CAHUZYYLADXTHI-UHFFFAOYSA-N,"InChI=1S/C23H26N2O2/c26-23-19(15-25-12-5-2-6-13-25)14-20(21-10-7-11-24-22(21)23)17-27-16-18-8-3-1-4-9-18/h1,3-4,7-11,14,26H,2,5-6,12-13,15-17H2",15784,Oc1c(CN2CCCCC2)cc(COCc3ccccc3)c4cccnc14,NA
Input,YM 201636,0.24259196,InputSig,NA,NA,LINCSCP_111484,HEPG2,0.37uM,24h,liver,PI3K inhibitor,NA,YBPIBGNBHHGLEB-UHFFFAOYSA-N,"InChI=1S/C25H21N7O3/c26-19-7-6-16(14-28-19)24(33)29-17-4-1-3-15(13-17)22-30-20-18-5-2-8-27-25(18)35-21(20)23(31-22)32-9-11-34-12-10-32/h1-8,13-14H,9-12H2,(H2,26,28)(H,29,33)",35282,Nc1ccc(cn1)C(=O)Nc2cccc(c2)c3nc(N4CCOCC4)c5oc6ncccc6c5n3,NA
Input,Batimastat,0.24249181,InputSig,NA,NA,LINCSCP_25623,HT29,40uM,24h,large intestine,Matrix metalloprotease inhibitor,NA,XFILPEOLDIKJHX-QYZOEREBSA-N,"InChI=1S/C23H31N3O4S2/c1-15(2)12-17(18(22(28)26-30)14-32-20-10-7-11-31-20)21(27)25-19(23(29)24-3)13-16-8-5-4-6-9-16/h4-11,15,17-19,30H,12-14H2,1-3H3,(H,24,29)(H,25,27)(H,26,28)/t17-,18+,19+/m1/s1",36699,CNC(=O)[C@H](Cc1ccccc1)NC(=O)[C@H](CC(C)C)[C@H](CSc2cccs2)C(=O)NO,NA
Input,GF-109203,0.24235259,InputSig,NA,NA,LINCSCP_43598,NPC,10uM,6h,neural progenitor cells,CDK inhibitor|PKC inhibitor,PRKCA,QMGUOJYZJKLOLH-UHFFFAOYSA-N,"InChI=1S/C25H24N4O2/c1-28(2)12-7-13-29-15-19(17-9-4-6-11-21(17)29)23-22(24(30)27-25(23)31)18-14-26-20-10-5-3-8-16(18)20/h3-6,8-11,14-15,26H,7,12-13H2,1-2H3,(H,27,30,31)",15540,CN(C)CCCn1cc(C2=C(C(=O)NC2=O)c3c[nH]c4ccccc34)c5ccccc15,NA
Input,SPOX1_000651,0.2422454,InputSig,NA,NA,LINCSCP_58726,VCAP,10uM,6h,prostate,NA,NA,UKEFKMJMFRIXER-YPLGXPHSSA-N,"InChI=1S/C46H43N3O10/c1-4-24-47-41(51)36-38-44(54)59-39(30-17-9-6-10-18-30)37(29-15-7-5-8-16-29)49(38)40(31-19-11-12-21-35(31)58-26-25-50)46(36)33-27-28(22-23-34(33)48-45(46)55)14-13-20-32(42(52)56-2)43(53)57-3/h4-12,15-19,21-23,27,32,36-40,50H,1,20,24-26H2,2-3H3,(H,47,51)(H,48,55)/t36-,37-,38-,39+,40+,46-/m0/s1",1418,COC(=O)C(CC#Cc1ccc2NC(=O)[C@]3([C@@H]([C@@H]4N([C@H]([C@H](OC4=O)c5ccccc5)c6ccccc6)[C@@H]3c7ccccc7OCCO)C(=O)NCC=C)c2c1)C(=O)OC,NA
Input,Dabigatran Etexilate,0.24209388,InputSig,NA,NA,LINCSCP_94442,HA1E,10uM,24h,kidney epithelial,NA,NA,KSGXQBZTULBEEQ-UHFFFAOYSA-N,"InChI=1S/C34H41N7O5/c1-4-6-7-10-21-46-34(44)39-32(35)24-12-15-26(16-13-24)37-23-30-38-27-22-25(14-17-28(27)40(30)3)33(43)41(20-18-31(42)45-5-2)29-11-8-9-19-36-29/h8-9,11-17,19,22,37H,4-7,10,18,20-21,23H2,1-3H3,(H2,35,39,44)",26459,CCCCCCOC(=O)N=C(N)c1ccc(NCc2nc3cc(ccc3n2C)C(=O)N(CCC(=O)OCC)c4ccccn4)cc1,NA
Input,Tozasertib,0.2420771,InputSig,NA,NA,LINCSCP_12873,DV90,10uM,6h,lung,Aurora kinase inhibitor|Bcr-Abl kinase inhibitor|FLT3 inhibitor|JAK inhibitor,ABL1|AURKA|AURKB|AURKC|BCR|FLT3|JAK2,GCIKSSRWRFVXBI-UHFFFAOYSA-N,"InChI=1S/C23H28N8OS/c1-15-13-20(29-28-15)25-19-14-21(31-11-9-30(2)10-12-31)27-23(26-19)33-18-7-5-17(6-8-18)24-22(32)16-3-4-16/h5-8,13-14,16H,3-4,9-12H2,1-2H3,(H,24,32)(H2,25,26,27,28,29)",16643,CN1CCN(CC1)c2cc(Nc3cc(C)[nH]n3)nc(Sc4ccc(NC(=O)C5CC5)cc4)n2,2
Input,"HDACi1,2+3_mix",0.24200923,InputSig,NA,NA,LINCSCP_49332,PC3,10uM,6h,prostate,NA,NA,NA,NA,NA,NA,NA
Input,CHEMBL179288,0.2419624,InputSig,NA,NA,LINCSCP_27143,HT29,10uM,6h,large intestine,NA,NA,DGZZVIWCMGVHGV-LJQANCHMSA-N,"InChI=1S/C20H26N2O5S/c1-14(2)19(20(23)21-24)22(27-15(3)4)28(25,26)18-12-10-17(11-13-18)16-8-6-5-7-9-16/h5-15,19,24H,1-4H3,(H,21,23)/t19-/m1/s1",15903,CC(C)ON([C@H](C(C)C)C(=O)NO)S(=O)(=O)c1ccc(cc1)c2ccccc2,NA
Input,"Epothilone B (EPO906, Patupilone)",0.24192783,InputSig,NA,NA,LINCSCP_78554,A375,0.12uM,24h,skin,NA,NA,QXRSDHAAWVKZLJ-AXCXJGFASA-N,"InChI=1S/C27H41NO6S/c1-15-9-8-10-27(7)22(34-27)12-20(16(2)11-19-14-35-18(4)28-19)33-23(30)13-21(29)26(5,6)25(32)17(3)24(15)31/h11,14-15,17,20-22,24,29,31H,8-10,12-13H2,1-7H3/b16-11+/t15-,17+,20+,21+,22-,24-,27+/m0/s1",27199,C[C@H]1CCC[C@@]2(C)O[C@H]2C[C@@H](OC(=O)C[C@@H](O)C(C)(C)C(=O)[C@H](C)[C@H]1O)\C(=C\c3csc(C)n3)\C,NA
Input,Vemurafenib,0.24176174,InputSig,NA,NA,LINCSCP_106232,HELA,10uM,24h,large intestine,RAF inhibitor,BRAF,NA,NA,42752,NA,NA
Input,Vemurafenib,0.24176174,InputSig,NA,NA,LINCSCP_106232,HELA,10uM,24h,large intestine,RAF inhibitor,BRAF,GPXBXXGIAQBQNI-UHFFFAOYSA-N,"InChI=1S/C23H18ClF2N3O3S/c1-2-9-33(31,32)29-19-8-7-18(25)20(21(19)26)22(30)17-12-28-23-16(17)10-14(11-27-23)13-3-5-15(24)6-4-13/h3-8,10-12,29H,2,9H2,1H3,(H,27,28)",35271,CCCS(=O)(=O)Nc1ccc(F)c(C(=O)c2c[nH]c3ncc(cc23)c4ccc(Cl)cc4)c1F,4
Input,CHEMBL2141330,0.2416854,InputSig,NA,NA,LINCSCP_59353,VCAP,10uM,6h,prostate,NA,NA,VYCOOHAMPRTWAW-YHPNNPEYSA-N,"InChI=1S/C43H53N5O5/c1-30-26-48(31(2)29-49)43(52)25-35-24-36(45-41(50)16-8-5-9-17-42(51)46-38-15-11-10-14-37(38)44)22-23-39(35)53-40(30)28-47(3)27-32-18-20-34(21-19-32)33-12-6-4-7-13-33/h4,6-7,10-15,18-24,30-31,40,49H,5,8-9,16-17,25-29,44H2,1-3H3,(H,45,50)(H,46,51)/t30-,31+,40-/m0/s1",19698,C[C@H](CO)N1C[C@H](C)[C@H](CN(C)Cc2ccc(cc2)c3ccccc3)Oc4ccc(NC(=O)CCCCCC(=O)Nc5ccccc5N)cc4CC1=O,NA
Input,Suberohydroxamic acid,0.24154704,InputSig,NA,NA,LINCSCP_43635,NPC,10uM,6h,neural progenitor cells,HDAC inhibitor,NA,IDQPVOFTURLJPT-UHFFFAOYSA-N,"InChI=1S/C8H16N2O4/c11-7(9-13)5-3-1-2-4-6-8(12)10-14/h13-14H,1-6H2,(H,9,11)(H,10,12)",19484,ONC(=O)CCCCCCC(=O)NO,NA
Input,SCHEMBL15422533,0.2415343,InputSig,NA,NA,LINCSCP_41618,NKDBA,10uM,24h,kidney epithelial,NA,NA,JEMWIYVPLBOCIZ-OUKQBFOZSA-N,"InChI=1S/C23H29NO5/c1-27-19-14-16(15-20(28-2)23(19)29-3)12-13-22(26)24-18(10-7-11-21(24)25)17-8-5-4-6-9-17/h7,11-15,17-18H,4-6,8-10H2,1-3H3/b13-12+",25894,COc1cc(\C=C\C(=O)N2C(CC=CC2=O)C3CCCCC3)cc(OC)c1OC,NA
Input,Dabrafenib,0.24151669,InputSig,NA,NA,LINCSCP_82587,A549,0.37uM,24h,lung,RAF inhibitor,BRAF,BFSMGDJOXZAERB-UHFFFAOYSA-N,"InChI=1S/C23H20F3N5O2S2/c1-23(2,3)21-30-18(19(34-21)16-10-11-28-22(27)29-16)12-6-4-9-15(17(12)26)31-35(32,33)20-13(24)7-5-8-14(20)25/h4-11,31H,1-3H3,(H2,27,28,29)",18582,CC(C)(C)c1nc(c2cccc(NS(=O)(=O)c3c(F)cccc3F)c2F)c(s1)c4ccnc(N)n4,4
Input,GSK962040,0.24115632,InputSig,NA,NA,LINCSCP_90673,HA1E,0.04uM,24h,kidney epithelial,Motilin receptor agonist,MLNR,RZKDEGZIFSJVNA-IBGZPJMESA-N,"InChI=1S/C25H33FN4O/c1-19-17-29(14-11-27-19)18-21-7-5-20(6-8-21)15-25(31)30-12-9-23(10-13-30)28-24-4-2-3-22(26)16-24/h2-8,16,19,23,27-28H,9-15,17-18H2,1H3/t19-/m0/s1",27054,C[C@H]1CN(Cc2ccc(CC(=O)N3CCC(CC3)Nc4cccc(F)c4)cc2)CCN1,2
Input,Amoxapine,0.2410788,InputSig,NA,NA,LINCSCP_22873,HEPG2,10uM,6h,liver,Serotonin transporter inhibitor|Norepinephrine transporter inhibitor|Dopamine receptor antagonist,DRD1|DRD2|DRD3|DRD4|DRD5|HTR2A|HTR6|SLC6A2|SLC6A4,QWGDMFLQWFTERH-UHFFFAOYSA-N,"InChI=1S/C17H16ClN3O/c18-12-5-6-15-13(11-12)17(21-9-7-19-8-10-21)20-14-3-1-2-4-16(14)22-15/h1-6,11,19H,7-10H2",35471,Clc1ccc2Oc3ccccc3N=C(N4CCNCC4)c2c1,4
Input,CID 6167421,0.24105294,InputSig,NA,NA,LINCSCP_26460,HT29,10uM,6h,large intestine,NA,NA,ITUAJYCECRCYJL-MFKUBSTISA-N,"InChI=1S/C23H21N3O3/c1-15(16-11-13-17(29-2)14-12-16)25-26-22(19-8-4-6-10-21(19)27)24-20-9-5-3-7-18(20)23(26)28/h3-14,22,24,27H,1-2H3/b25-15+",23298,COc1ccc(cc1)\C(=N\N2C(Nc3ccccc3C2=O)c4ccccc4O)\C,NA
Input,Fadrozole,0.24048243,InputSig,NA,NA,LINCSCP_72383,A375,1.11uM,24h,skin,Aromatase inhibitor,CYP19A1,CLPFFLWZZBQMAO-UHFFFAOYSA-N,"InChI=1S/C14H13N3/c15-8-11-4-6-12(7-5-11)14-3-1-2-13-9-16-10-17(13)14/h4-7,9-10,14H,1-3H2",11755,N#Cc1ccc(cc1)C2CCCc3cncn23,NA
Input,NCGC00170233-01,0.24026826,InputSig,NA,NA,LINCSCP_32370,MCF7,10uM,6h,breast,NA,NA,FIFDTTGQCKVDCF-CYEXUTLASA-N,"InChI=1S/C35H40N2O8S/c1-34(2,3)45-30(39)18-19-35-31(44-32(36-35)25-14-16-27(17-15-25)43-22-9-21-38)29-13-8-7-10-26(29)24-37(33(35)40)20-23-46(41,42)28-11-5-4-6-12-28/h4-8,10-17,31,38H,9,18-24H2,1-3H3/t31-,35-/m1/s1",11491,CC(C)(C)OC(=O)CC[C@@]12N=C(O[C@@H]1c3ccccc3CN(CCS(=O)(=O)c4ccccc4)C2=O)c5ccc(OCCCO)cc5,NA
Input,Olaparib,0.24024076,InputSig,NA,NA,LINCSCP_84022,ASC.C,10uM,24h,NA,PARP inhibitor,PARP1|PARP2|PARP3,FDLYAMZZIXQODN-UHFFFAOYSA-N,"InChI=1S/C24H23FN4O3/c25-20-8-5-15(14-21-17-3-1-2-4-18(17)22(30)27-26-21)13-19(20)24(32)29-11-9-28(10-12-29)23(31)16-6-7-16/h1-5,8,13,16H,6-7,9-12,14H2,(H,27,30)",37827,Fc1ccc(CC2=NNC(=O)c3ccccc23)cc1C(=O)N4CCN(CC4)C(=O)C5CC5,4
Input,NNC 26-9100,0.24022497,InputSig,NA,NA,LINCSCP_242005,MCF7,10uM,24h,breast,Somatostatin receptor agonist,GBA|SSTR4,UREJDUPKGMFJRU-UHFFFAOYSA-N,"InChI=1S/C22H25BrCl2N6S/c23-17-5-7-21(29-12-17)31(14-16-4-6-19(24)20(25)11-16)10-2-9-28-22(32)27-8-1-3-18-13-26-15-30-18/h4-7,11-13,15H,1-3,8-10,14H2,(H,26,30)(H2,27,28,32)",15397,Clc1ccc(CN(CCCNC(=S)NCCCc2c[nH]cn2)c3ccc(Br)cn3)cc1Cl,NA
Input,MLS002264403,0.2396931,InputSig,NA,NA,LINCSCP_45767,PC3,10uM,6h,prostate,NA,NA,OVXBGBPOTMGUGI-UHFFFAOYSA-N,"InChI=1S/C29H22N2O/c30-29-28-25(17-18-31(29)19-20-9-3-1-4-10-20)32-24-16-15-21-11-7-8-14-23(21)27(24)26(28)22-12-5-2-6-13-22/h1-18,26,30H,19H2",15309,N=C1N(Cc2ccccc2)C=CC3=C1C(c4ccccc4)c5c(O3)ccc6ccccc56,NA
Input,Papp,0.23965772,InputSig,NA,NA,LINCSCP_43224,NPC,10uM,24h,neural progenitor cells,Serotonin receptor antagonist,HTR1A|HTR1D,GAAKALASJNGQKD-UHFFFAOYSA-N,"InChI=1S/C19H22F3N3/c20-19(21,22)16-2-1-3-18(14-16)25-12-10-24(11-13-25)9-8-15-4-6-17(23)7-5-15/h1-7,14H,8-13,23H2",15434,Nc1ccc(CCN2CCN(CC2)c3cccc(c3)C(F)(F)F)cc1,NA
Input,AZD4547,0.23912227,InputSig,NA,NA,LINCSCP_88380,HA1E,0.37uM,24h,kidney epithelial,NA,NA,VRQMAABPASPXMW-HDICACEKSA-N,"InChI=1S/C26H33N5O3/c1-17-15-31(16-18(2)27-17)22-9-6-20(7-10-22)26(32)28-25-13-21(29-30-25)8-5-19-11-23(33-3)14-24(12-19)34-4/h6-7,9-14,17-18,27H,5,8,15-16H2,1-4H3,(H2,28,29,30,32)/t17-,18+",24521,COc1cc(CCc2cc(NC(=O)c3ccc(cc3)N4C[C@@H](C)N[C@@H](C)C4)n[nH]2)cc(OC)c1,NA
Input,BRD-K00566471,0.23907201,InputSig,NA,NA,LINCSCP_60832,VCAP,5uM,24h,prostate,NA,NA,PDYFFKDIVHOONQ-CJYOKPGZSA-N,"InChI=1S/C30H40FN3O5/c1-20-16-34(17-22-11-13-38-14-12-22)21(2)19-39-27-10-9-23(32-29(35)24-7-5-6-8-26(24)31)15-25(27)30(36)33(3)18-28(20)37-4/h5-10,15,20-22,28H,11-14,16-19H2,1-4H3,(H,32,35)/t20-,21-,28+/m1/s1",5221,CO[C@H]1CN(C)C(=O)c2cc(NC(=O)c3ccccc3F)ccc2OC[C@@H](C)N(CC4CCOCC4)C[C@H]1C,NA
Input,AC1NWAQV,0.23873422,InputSig,NA,NA,LINCSCP_19164,HCC515,10uM,6h,lung,Glucocorticoid receptor agonist,NR3C1,GFNANZIMVAIWHM-MGVPRKGPSA-N,"InChI=1S/C21H27FO6/c1-18-6-5-12(24)7-11(18)3-4-13-14-8-15(25)21(28,17(27)10-23)19(14,2)9-16(26)20(13,18)22/h5-7,13-16,23,25-26,28H,3-4,8-10H2,1-2H3/t13?,14?,15-,16+,18+,19+,20+,21+/m1/s1",371,C[C@]12C[C@H](O)[C@@]3(F)C(CCC4=CC(=O)C=C[C@]34C)C1C[C@@H](O)[C@]2(O)C(=O)CO,NA
Input,U 0126,0.238656,InputSig,NA,NA,LINCSCP_23600,HEPG2,10uM,6h,liver,MEK inhibitor,MAP2K1|MAP2K2,DVEXZJFMOKTQEZ-JYFOCSDGSA-N,"InChI=1S/C18H16N6S2/c19-9-11(17(23)25-15-7-3-1-5-13(15)21)12(10-20)18(24)26-16-8-4-2-6-14(16)22/h1-8H,21-24H2/b17-11+,18-12+",17003,N\C(=C(\C#N)/C(=C(\N)/Sc1ccccc1N)/C#N)\Sc2ccccc2N,NA
Input,MLS003329219,0.23865281,InputSig,NA,NA,LINCSCP_1705,A375,10uM,6h,skin,NA,NA,CYAUHOSEQIDURR-UHFFFAOYSA-N,"InChI=1S/C20H18F3N3O3/c1-26-15-6-3-2-5-14(15)16(12-19(26)28)29-10-4-7-18(27)25-17-11-13(8-9-24-17)20(21,22)23/h2-3,5-6,8-9,11-12H,4,7,10H2,1H3,(H,24,25,27)",6123,CN1C(=O)C=C(OCCCC(=O)Nc2cc(ccn2)C(F)(F)F)c3ccccc13,NA
Input,SCHEMBL12684744,0.23839346,InputSig,NA,NA,LINCSCP_47126,PC3,10uM,24h,prostate,NA,NA,XHCFGJIATIGRMD-RNDKRWLGSA-N,"InChI=1S/C37H42N6O5/c1-24-20-43(25(2)23-44)36(46)29-12-9-15-32(41-37(47)39-28-10-5-4-6-11-28)34(29)48-33(24)22-42(3)21-26-16-18-27(19-17-26)35(45)40-31-14-8-7-13-30(31)38/h4-19,24-25,33,44H,20-23,38H2,1-3H3,(H,40,45)(H2,39,41,47)/t24-,25+,33-/m1/s1",13011,C[C@@H](CO)N1C[C@@H](C)[C@@H](CN(C)Cc2ccc(cc2)C(=O)Nc3ccccc3N)Oc4c(NC(=O)Nc5ccccc5)cccc4C1=O,NA
Input,301836-43-1,0.23826081,InputSig,NA,NA,LINCSCP_18526,HCC515,10uM,24h,lung,TGF beta receptor inhibitor,CSNK1A1|TGFB1,DPDZHVCKYBCJHW-UHFFFAOYSA-N,"InChI=1S/C23H18N4O3/c24-22(28)14-4-6-15(7-5-14)23-26-20(21(27-23)17-3-1-2-10-25-17)16-8-9-18-19(13-16)30-12-11-29-18/h1-10,13H,11-12H2,(H2,24,28)(H,26,27)",15144,NC(=O)c1ccc(cc1)c2nc(c3ccc4OCCOc4c3)c([nH]2)c5ccccn5,NA
Input,HG-14-10-04,0.23813509,InputSig,NA,NA,LINCSCP_117113,HT29,0.12uM,24h,large intestine,NA,NA,HRYNCLKDKCPYBF-UHFFFAOYSA-N,"InChI=1S/C29H34ClN7O/c1-35-13-15-37(16-14-35)20-9-11-36(12-10-20)21-7-8-26(27(17-21)38-2)33-29-32-19-24(30)28(34-29)23-18-31-25-6-4-3-5-22(23)25/h3-8,17-20,31H,9-16H2,1-2H3,(H,32,33,34)",34340,COc1cc(ccc1Nc2ncc(Cl)c(n2)c3c[nH]c4ccccc34)N5CCC(CC5)N6CCN(C)CC6,NA
Input,Hydroxyprogesterone Caproate,0.23809011,InputSig,NA,NA,LINCSCP_89622,HA1E,1.11uM,24h,kidney epithelial,Progesterone receptor agonist,AR|ESR1|ESR2|NR1H4|NR1I2|NR3C1|PGR,DOMWKUIIPQCAJU-JKPPDDDBSA-N,"InChI=1S/C27H40O4/c1-5-6-7-8-24(30)31-27(18(2)28)16-13-23-21-10-9-19-17-20(29)11-14-25(19,3)22(21)12-15-26(23,27)4/h17,21-23H,5-16H2,1-4H3/t21?,22?,23?,25-,26-,27-/m0/s1",23187,CCCCCC(=O)O[C@@]1(CCC2C3CCC4=CC(=O)CC[C@]4(C)C3CC[C@]12C)C(=O)C,NA
Input,IN1152,0.23806193,InputSig,NA,NA,LINCSCP_7589,A549,10uM,24h,lung,SYK inhibitor,NA,CDRPUGZCRXZLFL-UHFFFAOYSA-N,"InChI=1S/C14H12O4/c15-11-5-10(6-12(16)8-11)2-1-9-3-4-13(17)14(18)7-9/h1-8,15-18H",15120,Oc1cc(O)cc(C=Cc2ccc(O)c(O)c2)c1,NA
Input,PRESTWICK3_000646,0.23803728,InputSig,NA,NA,LINCSCP_44687,PC3,10uM,24h,prostate,ATPase inhibitor,NA,QBILRDAMJUPXCX-RIBQKGKFSA-N,"InChI=1S/C29H42O9/c1-16-25(33)22(31)12-24(37-16)38-18-3-8-27(15-30)20-4-7-26(2)19(17-11-23(32)36-14-17)6-10-29(26,35)21(20)5-9-28(27,34)13-18/h11,15-16,18-22,24-25,31,33-35H,3-10,12-14H2,1-2H3/t16-,18?,19-,20+,21-,22+,24+,25-,26-,27+,28+,29+/m1/s1",431,C[C@H]1O[C@H](C[C@H](O)[C@@H]1O)OC2CC[C@]3(C=O)[C@H]4CC[C@]5(C)[C@H](CC[C@]5(O)[C@@H]4CC[C@]3(O)C2)C6=CC(=O)OC6,NA
Input,Methylnaltrexone (Bromide),0.23800427,InputSig,NA,NA,LINCSCP_71921,A375,10uM,24h,skin,NA,NA,JVLBPIPGETUEET-RESYIPQXSA-O,"InChI=1S/C21H25NO4/c1-22(11-12-2-3-12)9-8-20-17-13-4-5-14(23)18(17)26-19(20)15(24)6-7-21(20,25)16(22)10-13/h4-5,12,16,19,25H,2-3,6-11H2,1H3/p+1/t16-,19+,20+,21+,22+/m1/s1",26838,C[N@@+]1(CC2CC2)CC[C@]34[C@H]5Oc6c(O)ccc(C[C@@H]1[C@@]3(O)CCC5=O)c46,NA
Input,Sorafenib,0.23794588,InputSig,NA,NA,LINCSCP_132563,MCF7,10uM,24h,breast,FLT3 inhibitor|KIT inhibitor|PDGFR tyrosine kinase receptor inhibitor|RAF inhibitor|RET tyrosine kinase inhibitor|VEGFR inhibitor,BRAF|DDR2|FGFR1|FLT1|FLT3|FLT4|KDR|KIT|PDGFRB|RAF1|RET,MLDQJTXFUGDVEO-UHFFFAOYSA-N,"InChI=1S/C21H16ClF3N4O3/c1-26-19(30)18-11-15(8-9-27-18)32-14-5-2-12(3-6-14)28-20(31)29-13-4-7-17(22)16(10-13)21(23,24)25/h2-11H,1H3,(H,26,30)(H2,28,29,31)",16626,CNC(=O)c1cc(Oc2ccc(NC(=O)Nc3ccc(Cl)c(c3)C(F)(F)F)cc2)ccn1,4
Input,BRD-K55533488,0.23773705,InputSig,NA,NA,LINCSCP_20840,HCC515,3.33uM,24h,lung,NA,NA,AUJRLIIKYCIXHN-LLVKDONJSA-N,"InChI=1S/C15H19N3O2/c1-11-10-14(19)16-17-15(11)12-2-4-13(5-3-12)18-6-8-20-9-7-18/h2-5,11H,6-10H2,1H3,(H,16,19)/t11-/m1/s1",26523,C[C@@H]1CC(=O)NN=C1c2ccc(cc2)N3CCOCC3,NA
Input,AM-580,0.23765952,InputSig,NA,NA,LINCSCP_33712,MCF7,10uM,6h,breast,Retinoid receptor agonist,RARA,SZWKGOZKRMMLAJ-UHFFFAOYSA-N,"InChI=1S/C22H25NO3/c1-21(2)11-12-22(3,4)18-13-15(7-10-17(18)21)19(24)23-16-8-5-14(6-9-16)20(25)26/h5-10,13H,11-12H2,1-4H3,(H,23,24)(H,25,26)",2509,CC1(C)CCC(C)(C)c2cc(ccc12)C(=O)Nc3ccc(cc3)C(=O)O,NA
Input,RS504393,0.23759993,InputSig,NA,NA,LINCSCP_204210,ASC,10uM,24h,adipose,CC chemokine receptor antagonist,CCR2,ODNICNWASXKNNQ-UHFFFAOYSA-N,"InChI=1S/C25H27N3O3/c1-17-8-9-22-20(16-17)25(31-24(29)27-22)11-14-28(15-12-25)13-10-21-18(2)30-23(26-21)19-6-4-3-5-7-19/h3-9,16H,10-15H2,1-2H3,(H,27,29)",36103,Cc1ccc2NC(=O)OC3(CCN(CCc4nc(oc4C)c5ccccc5)CC3)c2c1,NA
Input,RG2833 (RGFP109),0.23758773,InputSig,NA,NA,LINCSCP_122117,HT29,3.33uM,24h,large intestine,NA,NA,VOPDXHFYDJAYNS-UHFFFAOYSA-N,"InChI=1S/C20H25N3O2/c1-15-10-12-16(13-11-15)20(25)22-14-6-2-3-9-19(24)23-18-8-5-4-7-17(18)21/h4-5,7-8,10-13H,2-3,6,9,14,21H2,1H3,(H,22,25)(H,23,24)",26765,Cc1ccc(cc1)C(=O)NCCCCCC(=O)Nc2ccccc2N,NA
Input,Tacedinaline,0.23747144,InputSig,NA,NA,LINCSCP_171787,YAPC,3.33uM,24h,pancreas,HDAC inhibitor,HDAC1|HDAC10|HDAC11|HDAC2|HDAC3|HDAC4|HDAC5|HDAC6|HDAC7|HDAC8|HDAC9,VAZAPHZUAVEOMC-UHFFFAOYSA-N,"InChI=1S/C15H15N3O2/c1-10(19)17-12-8-6-11(7-9-12)15(20)18-14-5-3-2-4-13(14)16/h2-9H,16H2,1H3,(H,17,19)(H,18,20)",6047,CC(=O)Nc1ccc(cc1)C(=O)Nc2ccccc2N,3
Input,Auranofin,0.23741896,InputSig,NA,NA,LINCSCP_25430,HT29,10uM,24h,large intestine,NFkB pathway inhibitor,NA,AUJRCFUBUPVWSZ-XTZHGVARSA-M,"InChI=1S/C14H20O9S.C6H15P.Au/c1-6(15)19-5-10-11(20-7(2)16)12(21-8(3)17)13(14(24)23-10)22-9(4)18;1-4-7(5-2)6-3;/h10-14,24H,5H2,1-4H3;4-6H2,1-3H3;/q;;+1/p-1/t10-,11-,12+,13-,14+;;/m1../s1",1361,CCP(=[Au]S[C@@H]1O[C@H](COC(=O)C)[C@@H](OC(=O)C)[C@H](OC(=O)C)[C@H]1OC(=O)C)(CC)CC,NA
Input,Auranofin,0.23741896,InputSig,NA,NA,LINCSCP_25430,HT29,10uM,24h,large intestine,NFkB pathway inhibitor,NA,AUWWGVLGGQVJPJ-UHFFFAOYSA-M,"InChI=1S/C14H20O8S.C6H15P.Au/c1-6(15)19-10-5-11(23)13(21-8(3)17)14(22-9(4)18)12(10)20-7(2)16;1-4-7(5-2)6-3;/h10-14,23H,5H2,1-4H3;4-6H2,1-3H3;/q;;+1/p-1",28468,CCP(=[Au]SC1CC(OC(=O)C)C(OC(=O)C)C(OC(=O)C)C1OC(=O)C)(CC)CC,NA
Input,Nateglinide,0.23735434,InputSig,NA,NA,LINCSCP_139170,MCF7,10uM,24h,breast,Insulin secretagogue,ABCC8|KCNJ11,OELFLUMRDSZNSF-BRWVUGGUSA-N,"InChI=1S/C19H27NO3/c1-13(2)15-8-10-16(11-9-15)18(21)20-17(19(22)23)12-14-6-4-3-5-7-14/h3-7,13,15-17H,8-12H2,1-2H3,(H,20,21)(H,22,23)/t15-,16-,17-/m1/s1",18470,CC(C)[C@@H]1CC[C@H](CC1)C(=O)N[C@H](Cc2ccccc2)C(=O)O,4
Input,Gibberellin A3,0.2372694,InputSig,NA,NA,LINCSCP_127666,HT29,5.77uM,24h,large intestine,NFkB pathway inhibitor,NA,IXORZMNAPKEEDV-OBDJNFEBSA-N,"InChI=1S/C19H22O6/c1-9-7-17-8-18(9,24)5-3-10(17)19-6-4-11(20)16(2,15(23)25-19)13(19)12(17)14(21)22/h4,6,10-13,20,24H,1,3,5,7-8H2,2H3,(H,21,22)/t10-,11+,12-,13-,16-,17+,18+,19-/m1/s1",36150,C[C@]12[C@@H](O)C=C[C@@]3(OC1=O)[C@@H]4CC[C@]5(O)C[C@]4(CC5=C)[C@H]([C@H]23)C(=O)O,NA
Input,BRD-K16752617,0.23717627,InputSig,NA,NA,LINCSCP_61740,VCAP,5uM,24h,prostate,NA,NA,SOYBDXBXTZOLGY-HRCADAONSA-N,"InChI=1S/C18H24N2O4/c21-11-16-15(20-18(23)12-6-7-12)9-8-14(24-16)10-17(22)19-13-4-2-1-3-5-13/h1-5,12,14-16,21H,6-11H2,(H,19,22)(H,20,23)/t14-,15-,16+/m0/s1",23770,OC[C@H]1O[C@H](CC(=O)Nc2ccccc2)CC[C@@H]1NC(=O)C3CC3,NA
Input,NCGC00170189-01,0.23701739,InputSig,NA,NA,LINCSCP_32368,MCF7,10uM,6h,breast,NA,NA,QEJXXVDHLHDWRM-GRKNLSHJSA-N,"InChI=1S/C31H32N2O6S/c1-2-17-31-28(39-29(32-31)23-13-15-25(16-14-23)38-20-8-19-34)27-12-7-6-9-24(27)22-33(30(31)35)18-21-40(36,37)26-10-4-3-5-11-26/h2-7,9-16,28,34H,1,8,17-22H2/t28-,31-/m1/s1",11490,OCCCOc1ccc(cc1)C2=N[C@]3(CC=C)[C@H](O2)c4ccccc4CN(CCS(=O)(=O)c5ccccc5)C3=O,NA
Input,BRD-K42125900-001-01-9,0.23696497,InputSig,NA,NA,LINCSCP_42276,NPC,10uM,24h,neural progenitor cells,Tubulin inhibitor,TUBB,ZDZOTLJHXYCWBA-KGPXQYHHSA-N,"InChI=1S/C43H53NO14/c1-22-26(55-37(51)32(48)30(24-15-11-9-12-16-24)44-38(52)58-39(3,4)5)20-43(53)35(56-36(50)25-17-13-10-14-18-25)33-41(8,34(49)31(47)29(22)40(43,6)7)27(46)19-28-42(33,21-54-28)57-23(2)45/h9-18,26-28,30-33,35,46-48,53H,19-21H2,1-8H3,(H,44,52)/t26-,27+,28-,30+,31-,32-,33+,35+,41-,42-,43-/m1/s1",23272,CC(=O)O[C@]12CO[C@@H]1C[C@H](O)[C@]3(C)[C@@H]2[C@H](OC(=O)c4ccccc4)[C@]5(O)C[C@@H](OC(=O)[C@H](O)[C@@H](NC(=O)OC(C)(C)C)c6ccccc6)C(=C([C@@H](O)C3=O)C5(C)C)C,NA
Input,MLS000518920,0.23690367,InputSig,NA,NA,LINCSCP_20078,HCC515,10uM,6h,lung,NA,NA,OSJWKPHEUAQQKR-UHFFFAOYSA-N,"InChI=1S/C10H9ClN2OS/c1-13-7-4-2-3-5-8(7)15-10(13)12-9(14)6-11/h2-5H,6H2,1H3",21998,CN1C(=NC(=O)CCl)Sc2ccccc12,NA
Input,BRD-K67090983,0.23671616,InputSig,NA,NA,LINCSCP_47140,PC3,10uM,24h,prostate,NA,NA,QDRBVCQGVAHXBS-DVIHYUSWSA-N,"InChI=1S/C37H47N5O5/c1-24-20-42(25(2)23-43)37(46)29-12-9-15-32(40-35(44)27-10-5-4-6-11-27)34(29)47-33(24)22-41(3)21-26-16-18-28(19-17-26)36(45)39-31-14-8-7-13-30(31)38/h7-9,12-19,24-25,27,33,43H,4-6,10-11,20-23,38H2,1-3H3,(H,39,45)(H,40,44)/t24-,25+,33-/m0/s1",23389,C[C@H](CO)N1C[C@H](C)[C@H](CN(C)Cc2ccc(cc2)C(=O)Nc3ccccc3N)Oc4c(NC(=O)C5CCCCC5)cccc4C1=O,NA
Input,PX 12,0.2365738,InputSig,NA,NA,LINCSCP_41818,NOMO1,30uM,6h,haematopoietic and lymphoid tissue,Thioredoxin inhibitor,TXN|TXNRD1,BPBPYQWMFCTCNG-UHFFFAOYSA-N,"InChI=1S/C7H12N2S2/c1-3-6(2)10-11-7-8-4-5-9-7/h4-6H,3H2,1-2H3,(H,8,9)",31830,CCC(C)SSc1ncc[nH]1,NA
Input,GSK-3 Inhibitor II,0.23656062,InputSig,NA,NA,LINCSCP_30358,MCF7,10uM,6h,breast,PKC inhibitor,GSK3B,ZRHRPGSSSVYBRG-UHFFFAOYSA-N,"InChI=1S/C14H10IN3OS/c15-12-3-1-2-10(8-12)9-20-14-18-17-13(19-14)11-4-6-16-7-5-11/h1-8H,9H2",36822,Ic1cccc(CSc2oc(nn2)c3ccncc3)c1,NA
Input,DG-041,0.23649896,InputSig,NA,NA,LINCSCP_54006,SW480,40uM,6h,large intestine,Prostanoid receptor antagonist,PTGER3,BFBTVZNKWXWKNZ-HWKANZROSA-N,"InChI=1S/C23H15Cl4FN2O3S2/c1-12-10-30(11-14-2-4-15(24)7-18(14)25)22-13(6-16(28)8-17(12)22)3-5-20(31)29-35(32,33)21-9-19(26)23(27)34-21/h2-10H,11H2,1H3,(H,29,31)/b5-3+",37981,Cc1cn(Cc2ccc(Cl)cc2Cl)c3c(\C=C\C(=O)NS(=O)(=O)c4cc(Cl)c(Cl)s4)cc(F)cc13,NA
Input,BMS-509744,0.23637559,InputSig,NA,NA,LINCSCP_149836,NPC.TAK,10uM,24h,NA,NA,NA,ZHXNIYGJAOPMSO-UHFFFAOYSA-N,"InChI=1S/C32H41N5O4S2/c1-20-16-26(41-7)25(30(40)37-14-12-36(13-15-37)22(3)38)17-27(20)42-28-19-34-31(43-28)35-29(39)24-10-8-23(9-11-24)18-33-21(2)32(4,5)6/h8-11,16-17,19,21,33H,12-15,18H2,1-7H3,(H,34,35,39)",19900,COc1cc(C)c(Sc2cnc(NC(=O)c3ccc(CNC(C)C(C)(C)C)cc3)s2)cc1C(=O)N4CCN(CC4)C(=O)C,NA
Input,Pyrvinium pamoate,0.23616167,InputSig,NA,NA,LINCSCP_43565,NPC,10uM,6h,neural progenitor cells,Androgen receptor antagonist,NA,JSZNAPGSRFTCQR-UHFFFAOYSA-N,"InChI=1S/C26H30N3/c1-19-17-21(20(2)29(19)24-9-7-6-8-10-24)11-13-23-14-12-22-18-25(27(3)4)15-16-26(22)28(23)5/h6-10,12,14-18H,11,13H2,1-5H3/q+1",27320,CN(C)c1ccc2c(ccc(CCc3cc(C)n(c3C)c4ccccc4)[n+]2C)c1.OC(=O)c5cc6ccccc6c(Cc7c(O)c(cc8ccccc78)C(=O)O)c5O,NA
Input,Pitavastatin Calcium,0.23615635,InputSig,NA,NA,LINCSCP_31592,MCF7,10uM,24h,breast,HMGCR inhibitor,HMGCR,VGYFMXBACGZSIL-MCBHFWOFSA-N,"InChI=1S/C25H24FNO4/c26-17-9-7-15(8-10-17)24-20-3-1-2-4-22(20)27-25(16-5-6-16)21(24)12-11-18(28)13-19(29)14-23(30)31/h1-4,7-12,16,18-19,28-29H,5-6,13-14H2,(H,30,31)/b12-11+/t18-,19-/m1/s1",27006,O[C@H](C[C@H](O)\C=C\c1c(nc2ccccc2c1c3ccc(F)cc3)C4CC4)CC(=O)O,4
Input,Vanoxerine,0.23598528,InputSig,NA,NA,LINCSCP_33617,MCF7,10uM,24h,breast,Dopamine uptake inhibitor,SLC6A3,NAUWTFJOPJWYOT-UHFFFAOYSA-N,"InChI=1S/C28H32F2N2O/c29-26-12-8-24(9-13-26)28(25-10-14-27(30)15-11-25)33-22-21-32-19-17-31(18-20-32)16-4-7-23-5-2-1-3-6-23/h1-3,5-6,8-15,28H,4,7,16-22H2",35671,Fc1ccc(cc1)C(OCCN2CCN(CCCc3ccccc3)CC2)c4ccc(F)cc4,3
Input,CHEMBL2130568,0.23595009,InputSig,NA,NA,LINCSCP_26380,HT29,10uM,6h,large intestine,NA,NA,FTHAFMYRINDSEL-UHFFFAOYSA-N,"InChI=1S/C21H23N5/c1-3-9-16(10-4-1)15-23-21-19(17-11-5-2-6-12-17)25-26-20(24-21)18-13-7-8-14-22-18/h2,5-8,11-14,16H,1,3-4,9-10,15H2,(H,23,24,26)",37668,C(Nc1nc(nnc1c2ccccc2)c3ccccn3)C4CCCCC4,NA
Input,GW842166X,0.23589673,InputSig,NA,NA,LINCSCP_155600,PC3,10uM,24h,prostate,Cannabinoid CB2 receptor agonist,CNR2,TWQYWUXBZHPIIV-UHFFFAOYSA-N,"InChI=1S/C18H17Cl2F3N4O2/c19-11-1-2-14(13(20)7-11)26-17-25-9-12(15(27-17)18(21,22)23)16(28)24-8-10-3-5-29-6-4-10/h1-2,7,9-10H,3-6,8H2,(H,24,28)(H,25,26,27)",26786,FC(F)(F)c1nc(Nc2ccc(Cl)cc2Cl)ncc1C(=O)NCC3CCOCC3,2
Input,Deoxycholic acid,0.23576238,InputSig,NA,NA,LINCSCP_122932,HT29,10uM,24h,large intestine,Biliverdin reductase A activator|G protein coupled receptor agonist|G protein-coupled receptor agonist|Unidentified pharmacological activity,GPBAR1,KXGVEGMKQFWNSR-LLQZFEROSA-N,"InChI=1S/C24H40O4/c1-14(4-9-22(27)28)18-7-8-19-17-6-5-15-12-16(25)10-11-23(15,2)20(17)13-21(26)24(18,19)3/h14-21,25-26H,4-13H2,1-3H3,(H,27,28)/t14-,15-,16-,17+,18-,19+,20+,21+,23+,24-/m1/s1",16337,C[C@H](CCC(=O)O)[C@H]1CC[C@H]2[C@@H]3CC[C@@H]4C[C@H](O)CC[C@]4(C)[C@H]3C[C@H](O)[C@]12C,4
Input,ZINC77024257,0.23573221,InputSig,NA,NA,LINCSCP_134283,MCF7,10uM,24h,breast,MDM inhibitor,MDM2,JCKLHFMOFAYQHE-UHFFFAOYSA-N,"InChI=1S/C21H20N4/c1-2-7-21-20(6-1)16(15-24-21)8-13-23-18-4-3-5-19(14-18)25-17-9-11-22-12-10-17/h1-7,9-12,14-15,23-24H,8,13H2,(H,22,25)",2660,C(Cc1c[nH]c2ccccc12)Nc3cccc(Nc4ccncc4)c3,NA
Input,Avicin-G,0.23572302,InputSig,NA,NA,LINCSCP_29211,JURKAT,3uM,6h,haematopoietic and lymphoid tissue,NFkB pathway inhibitor,NA,AAGNHEFESXZZGI-IPSIQHQQSA-N,"InChI=1S/C98H155NO45/c1-17-93(12,126)27-19-21-40(3)80(123)138-75-42(5)131-87(73(121)69(75)117)144-94(13,18-2)28-20-22-45(34-100)81(124)136-57-33-98(90(125)143-89-79(68(116)62(110)50(36-102)134-89)142-86-74(122)77(140-85-72(120)66(114)61(109)49(35-101)132-85)76(43(6)130-86)139-84-71(119)63(111)51(37-103)133-84)47(31-91(57,8)9)46-23-24-54-95(14)29-26-56(92(10,11)53(95)25-30-96(54,15)97(46,16)32-55(98)106)137-82-58(99-44(7)104)65(113)64(112)52(135-82)39-128-88-78(67(115)59(107)41(4)129-88)141-83-70(118)60(108)48(105)38-127-83/h17-18,21-23,41-43,47-79,82-89,100-103,105-122,126H,1-2,19-20,24-39H2,3-16H3,(H,99,104)/b40-21+,45-22+/t41?,42?,43?,47?,48-,49?,50?,51+,52?,53?,54?,55-,56+,57+,58+,59+,60-,61-,62-,63+,64-,65+,66-,67-,68-,69+,70+,71+,72+,73+,74+,75-,76+,77+,78+,79+,82+,83+,84+,85+,86+,87+,88-,89+,93?,94-,95+,96-,97-,98-/m1/s1",25902,CC1O[C@@H](OCC2O[C@@H](O[C@H]3CC[C@@]4(C)C(CC[C@]5(C)C4CC=C6C7CC(C)(C)[C@H](C[C@@]7([C@H](O)C[C@@]56C)C(=O)O[C@@H]8OC(CO)[C@@H](O)[C@@H](O)[C@@H]8O[C@@H]9OC(C)[C@H](O[C@@H]%10O[C@@H](CO)[C@H](O)[C@@H]%10O)[C@@H](O[C@@H]%11OC(CO)[C@@H](O)[C@@H](O)[C@@H]%11O)[C@@H]9O)OC(=O)\C(=C\CC[C@](C)(O[C@@H]%12OC(C)[C@@H](OC(=O)\C(=C\CCC(C)(O)C=C)\C)[C@@H](O)[C@@H]%12O)C=C)\CO)C3(C)C)[C@@H](NC(=O)C)[C@H](O)[C@@H]2O)[C@@H](O[C@@H]%13OC[C@@H](O)[C@@H](O)[C@@H]%13O)[C@H](O)[C@H]1O,NA
Input,AZD-1775,0.23562732,InputSig,NA,NA,LINCSCP_740,A375,10uM,24h,skin,WEE1 kinase inhibitor,WEE1,BKWJAKQVGHWELA-UHFFFAOYSA-N,"InChI=1S/C27H32N8O2/c1-5-13-34-25(36)21-18-28-26(29-19-9-11-20(12-10-19)33-16-14-32(4)15-17-33)31-24(21)35(34)23-8-6-7-22(30-23)27(2,3)37/h5-12,18,37H,1,13-17H2,2-4H3,(H,28,29,31)",15142,CN1CCN(CC1)c2ccc(Nc3ncc4C(=O)N(CC=C)N(c5cccc(n5)C(C)(C)O)c4n3)cc2,2
Input,BRD-K38477985,0.23520365,InputSig,NA,NA,LINCSCP_14455,HA1E,10uM,24h,kidney epithelial,Protein tyrosine kinase inhibitor,EGFR,MKUVGSJPVXTADZ-UHFFFAOYSA-N,"InChI=1S/C18H22N2O/c1-17(2,3)14-9-12(8-13(11-19)20-7)10-15(16(14)21)18(4,5)6/h8-10,21H,1-6H3",25007,CC(C)(C)c1cc(C=C(C#N)[N+]#[C-])cc(c1O)C(C)(C)C,NA
Input,ZIDOVUDINE [AZT],0.23519668,InputSig,NA,NA,LINCSCP_74139,A375,0.37uM,24h,skin,NA,NA,HBOMLICNUCNMMY-UHFFFAOYSA-N,"InChI=1S/C10H13N5O4/c1-5-3-15(10(18)12-9(5)17)8-2-6(13-14-11)7(4-16)19-8/h3,6-8,16H,2,4H2,1H3,(H,12,17,18)",26828,CC1=CN(C2CC(N=[N+]=[N-])C(CO)O2)C(=O)NC1=O,NA
Input,SPOX1_000823,0.23496265,InputSig,NA,NA,LINCSCP_5942,A549,10uM,24h,lung,NA,NA,SEAZVQTXRQGRFP-OKZLZZNTSA-N,"InChI=1S/C43H40N6O6/c50-26-27-54-33-19-10-7-16-30(33)38-43(31-17-8-9-18-32(31)46-41(43)53)34(39(51)47-22-24-48(25-23-47)42-44-20-11-21-45-42)36-40(52)55-37(29-14-5-2-6-15-29)35(49(36)38)28-12-3-1-4-13-28/h1-21,34-38,50H,22-27H2,(H,46,53)/t34-,35-,36-,37+,38+,43-/m1/s1",23162,OCCOc1ccccc1[C@@H]2N3[C@@H]([C@@H](OC(=O)[C@H]3[C@H](C(=O)N4CCN(CC4)c5ncccn5)[C@@]26C(=O)Nc7ccccc67)c8ccccc8)c9ccccc9,NA
Input,BRD-K80786583-001-01-5,0.23476579,InputSig,NA,NA,LINCSCP_26533,HT29,10uM,6h,large intestine,NA,NA,XGMQKVJTWVADHD-JALBGMRZSA-N,"InChI=1S/C38H49F3N4O6/c1-25-21-45(26(2)24-46)36(47)33-20-31(43-37(48)42-30-13-11-29(12-14-30)38(39,40)41)15-18-34(33)51-27(3)8-6-7-19-50-35(25)23-44(4)22-28-9-16-32(49-5)17-10-28/h9-18,20,25-27,35,46H,6-8,19,21-24H2,1-5H3,(H2,42,43,48)/t25-,26-,27+,35+/m0/s1",13659,COc1ccc(CN(C)C[C@H]2OCCCC[C@@H](C)Oc3ccc(NC(=O)Nc4ccc(cc4)C(F)(F)F)cc3C(=O)N(C[C@@H]2C)[C@@H](C)CO)cc1,NA
Input,Zalcitabine,0.23474635,InputSig,NA,NA,LINCSCP_159633,PC3,3.33uM,24h,prostate,Nucleoside reverse transcriptase inhibitor,NA,WREGKURFCTUGRC-POYBYMJQSA-N,"InChI=1S/C9H13N3O3/c10-7-3-4-12(9(14)11-7)8-2-1-6(5-13)15-8/h3-4,6,8,13H,1-2,5H2,(H2,10,11,14)/t6-,8+/m0/s1",36579,NC1=NC(=O)N(C=C1)[C@H]2CC[C@@H](CO)O2,4
Input,Chloroxine,0.23465274,InputSig,NA,NA,LINCSCP_105,A375,10uM,6h,skin,Opioid receptor antagonist,NA,WDFKMLRRRCGAKS-UHFFFAOYSA-N,"InChI=1S/C9H5Cl2NO/c10-6-4-7(11)9(13)8-5(6)2-1-3-12-8/h1-4,13H",13693,Oc1c(Cl)cc(Cl)c2cccnc12,4
Input,BRD-K89097220,0.23462904,InputSig,NA,NA,LINCSCP_17374,HA1E,1.11uM,24h,kidney epithelial,NA,NA,YOSSKNZHADPXJX-SNVBAGLBSA-N,"InChI=1S/C15H20N4O3/c1-4-18(5-2)12-7-6-11(9-13(12)19(21)22)15-10(3)8-14(20)16-17-15/h6-7,9-10H,4-5,8H2,1-3H3,(H,16,20)/t10-/m1/s1",26524,CCN(CC)c1ccc(cc1[N+](=O)[O-])C2=NNC(=O)C[C@H]2C,NA
Input,JW-7-24-1,0.23446695,InputSig,NA,NA,LINCSCP_20350,HCC515,10uM,6h,lung,LCK Inhibitor,LCK,NA,NA,42754,NA,NA
Input,KN93,0.23445336,InputSig,NA,NA,LINCSCP_33146,MCF7,10uM,24h,breast,Calcium/calmodulin dependent protein kinase inhibitor,CAMK2A,LLLQTDSSHZREGW-AATRIKPKSA-N,"InChI=1S/C26H29ClN2O4S/c1-28(17-5-6-21-9-11-23(27)12-10-21)20-22-7-3-4-8-26(22)29(18-19-30)34(31,32)25-15-13-24(33-2)14-16-25/h3-16,30H,17-20H2,1-2H3/b6-5+",17226,COc1ccc(cc1)S(=O)(=O)N(CCO)c2ccccc2CN(C)C\C=C\c3ccc(Cl)cc3,NA
Input,UNII-BXU45ZH6LI,0.23443997,InputSig,NA,NA,LINCSCP_6963,A549,10uM,6h,lung,Opioid receptor antagonist,OPRL1,VTGBZWHPJFMTKS-UHFFFAOYSA-N,"InChI=1S/C26H25N3O2/c1-3-18-8-11-21(12-9-18)31-16-19-6-4-5-7-22(19)26(30)29-20-10-13-25-23(15-20)24(27)14-17(2)28-25/h4-15H,3,16H2,1-2H3,(H2,27,28)(H,29,30)",35577,CCc1ccc(OCc2ccccc2C(=O)Nc3ccc4nc(C)cc(N)c4c3)cc1,NA
Input,CHEMBL1367741,0.23406398,InputSig,NA,NA,LINCSCP_57798,VCAP,10uM,24h,prostate,NA,NA,WGNVISLMPWGORV-SOFGYWHQSA-N,"InChI=1S/C17H11F2NO/c18-14-4-1-5-15(19)13(14)8-6-11-7-9-16(21)17-12(11)3-2-10-20-17/h1-10,21H/b8-6+",37474,Oc1ccc(\C=C\c2c(F)cccc2F)c3cccnc13,NA
Input,ARTESUNATE,0.23404203,InputSig,NA,NA,LINCSCP_101764,HELA,10uM,24h,large intestine,NA,NA,FIHJKUPKCHIPAT-AXFKQHSWSA-N,"InChI=1S/C19H28O8/c1-10-4-5-13-11(2)16(23-15(22)7-6-14(20)21)24-17-19(13)12(10)8-9-18(3,25-17)26-27-19/h10-13,16-17H,4-9H2,1-3H3,(H,20,21)/t10-,11-,12+,13+,16-,17-,18+,19-/m1/s1",26931,C[C@@H]1CC[C@H]2[C@@H](C)[C@H](OC(=O)CCC(=O)O)O[C@@H]3O[C@]4(C)CC[C@@H]1[C@@]23OO4,NA
Input,SMR000047763,0.23368799,InputSig,NA,NA,LINCSCP_1733,A375,10uM,6h,skin,NA,NA,ACNKWXDVXVEMDQ-UHFFFAOYSA-N,"InChI=1S/C22H16ClN5O2S/c1-12-6-7-15(21-27-28-13(2)25-26-22(28)31-21)11-17(12)24-20(29)19-9-8-18(30-19)14-4-3-5-16(23)10-14/h3-11H,1-2H3,(H,24,29)",15745,Cc1ccc(cc1NC(=O)c2oc(cc2)c3cccc(Cl)c3)c4nn5c(C)nnc5s4,NA
Input,GRANISETRON HYDROCHLORIDE,0.233653,InputSig,NA,NA,LINCSCP_102842,HELA,0.04uM,24h,large intestine,Serotonin 3a (5-HT3a) receptor antagonist (Serotonin 3a,HTR3A,MFWNKCLOYSRHCJ-UHFFFAOYSA-N,"InChI=1S/C18H24N4O/c1-21-13-6-5-7-14(21)11-12(10-13)19-18(23)17-15-8-3-4-9-16(15)22(2)20-17/h3-4,8-9,12-14H,5-7,10-11H2,1-2H3,(H,19,23)",26709,CN1C2CCCC1CC(C2)NC(=O)c3nn(C)c4ccccc34,4
Input,SCHEMBL6668531,0.23333261,InputSig,NA,NA,LINCSCP_13691,HA1E,10uM,24h,kidney epithelial,Dopamine uptake inhibitor,SLC6A3,DASHZBBQOARCMQ-UHFFFAOYSA-N,"InChI=1S/C28H30F2N2O/c29-26-12-8-24(9-13-26)28(25-10-14-27(30)15-11-25)33-22-21-32-19-17-31(18-20-32)16-4-7-23-5-2-1-3-6-23/h1-15,28H,16-22H2",571,Fc1ccc(cc1)C(OCCN2CCN(CC=Cc3ccccc3)CC2)c4ccc(F)cc4,NA
Input,Timolol,0.23324531,InputSig,NA,NA,LINCSCP_20716,HCC515,10uM,6h,lung,Adrenergic receptor antagonist,ADRB1|ADRB2,BLJRIMJGRPQVNF-JTQLQIEISA-N,"InChI=1S/C13H24N4O3S/c1-13(2,3)14-8-10(18)9-20-12-11(15-21-16-12)17-4-6-19-7-5-17/h10,14,18H,4-9H2,1-3H3/t10-/m0/s1",15402,CC(C)(C)NC[C@H](O)COc1nsnc1N2CCOCC2,4
Input,Eseroline,0.23324407,InputSig,NA,NA,LINCSCP_43300,NPC,10uM,6h,neural progenitor cells,Acetylcholinesterase inhibitor,NA,HKGWQUVGHPDEBZ-OLZOCXBDSA-N,"InChI=1S/C13H18N2O/c1-13-6-7-14(2)12(13)15(3)11-5-4-9(16)8-10(11)13/h4-5,8,12,16H,6-7H2,1-3H3/t12-,13+/m1/s1",19333,CN1CC[C@]2(C)[C@H]1N(C)c3ccc(O)cc23,NA
Input,ZSTK 474,0.23312841,InputSig,NA,NA,LINCSCP_116068,HS578T,10uM,3h,breast,PI3K inhibitor,PIK3CG,HGVNLRPZOWWDKD-UHFFFAOYSA-N,"InChI=1S/C19H21F2N7O2/c20-15(21)16-22-13-3-1-2-4-14(13)28(16)19-24-17(26-5-9-29-10-6-26)23-18(25-19)27-7-11-30-12-8-27/h1-4,15H,5-12H2",15126,FC(F)c1nc2ccccc2n1c3nc(nc(n3)N4CCOCC4)N5CCOCC5,NA
Input,AC1NWALF,0.23284039,InputSig,NA,NA,LINCSCP_25167,HT29,10uM,6h,large intestine,ATPase inhibitor,ATP1A1,LTMHDMANZUZIPE-QVYPYPLASA-N,"InChI=1S/C41H64O14/c1-19-36(47)28(42)15-34(50-19)54-38-21(3)52-35(17-30(38)44)55-37-20(2)51-33(16-29(37)43)53-24-8-10-39(4)23(13-24)6-7-26-27(39)14-31(45)40(5)25(9-11-41(26,40)48)22-12-32(46)49-18-22/h12,19-21,23-31,33-38,42-45,47-48H,6-11,13-18H2,1-5H3/t19-,20-,21-,23-,24+,25-,26?,27?,28+,29+,30+,31-,33+,34+,35+,36-,37-,38-,39+,40+,41+/m1/s1",483,C[C@H]1O[C@H](C[C@H](O)[C@@H]1O)O[C@H]2[C@@H](O)C[C@H](O[C@H]3[C@@H](O)C[C@H](O[C@H]4CC[C@@]5(C)[C@H](CCC6C5C[C@@H](O)[C@]7(C)[C@H](CC[C@]67O)C8=CC(=O)OC8)C4)O[C@@H]3C)O[C@@H]2C,NA
Input,BRD-K80169513,0.23264196,InputSig,NA,NA,LINCSCP_201008,A549,10uM,24h,lung,NA,NA,LOPBZILAZMWERO-MFACLRLHSA-N,"InChI=1S/C30H34N2O6S/c1-21-6-5-9-27(16-21)39(35,36)32-18-25(33)19-37-20-29-28(32)15-14-26(38-29)17-30(34)31-24-12-10-23(11-13-24)22-7-3-2-4-8-22/h2-13,16,25-26,28-29,33H,14-15,17-20H2,1H3,(H,31,34)/t25-,26+,28+,29-/m0/s1",7277,Cc1cccc(c1)S(=O)(=O)N2C[C@H](O)COC[C@@H]3O[C@@H](CC(=O)Nc4ccc(cc4)c5ccccc5)CC[C@@H]23,NA
Input,MLS002473640,0.23263372,InputSig,NA,NA,LINCSCP_5275,A549,10uM,6h,lung,NA,NA,KJMXEUCARPOYRU-UHFFFAOYSA-N,"InChI=1S/C19H19N3O2S/c1-24-15-4-2-13(3-5-15)17(23)14-6-9-22(10-7-14)18-16-8-11-25-19(16)21-12-20-18/h2-5,8,11-12,14H,6-7,9-10H2,1H3",7682,COc1ccc(cc1)C(=O)C2CCN(CC2)c3ncnc4sccc34,NA
Input,"(8Xi,11beta,14xi,16beta)-21-Chloro-9-fluoro-11-hydroxy-16-methyl-3,20-dioxopregna-1,4-dien-17-yl propanoate",0.23251392,InputSig,NA,NA,LINCSCP_19009,HCC515,10uM,6h,lung,Glucocorticoid receptor agonist,NR3C1,CBGUOGMQLZIXBE-BHPVMOEKSA-N,"InChI=1S/C25H32ClFO5/c1-5-21(31)32-25(20(30)13-26)14(2)10-18-17-7-6-15-11-16(28)8-9-22(15,3)24(17,27)19(29)12-23(18,25)4/h8-9,11,14,17-19,29H,5-7,10,12-13H2,1-4H3/t14-,17?,18?,19-,22-,23-,24-,25-/m0/s1",22378,CCC(=O)O[C@@]1([C@@H](C)CC2C3CCC4=CC(=O)C=C[C@]4(C)[C@@]3(F)[C@@H](O)C[C@]12C)C(=O)CCl,NA
Input,SCHEMBL570779,0.23231113,InputSig,NA,NA,LINCSCP_116277,HT29,10uM,24h,large intestine,PI3K inhibitor,NA,NCUAOBDESQDAII-UHFFFAOYSA-N,"InChI=1S/C21H16N6O2S2/c1-13-9-11-14(12-10-13)31(28,29)27-21-20(22-15-5-2-3-6-16(15)23-21)24-17-7-4-8-18-19(17)26-30-25-18/h2-12H,1H3,(H,22,24)(H,23,27)",22135,Cc1ccc(cc1)S(=O)(=O)Nc2nc3ccccc3nc2Nc4cccc5nsnc45,NA
Input,MLS003179196,0.23224844,InputSig,NA,NA,LINCSCP_31436,MCF7,10uM,6h,breast,NA,NA,GLPPUGLLAYNGBF-UHFFFAOYSA-N,"InChI=1S/C21H19Cl2N3O/c1-14-13-25(20-8-9-24-19-12-17(23)6-7-18(19)20)10-11-26(14)21(27)15-2-4-16(22)5-3-15/h2-9,12,14H,10-11,13H2,1H3",8323,CC1CN(CCN1C(=O)c2ccc(Cl)cc2)c3ccnc4cc(Cl)ccc34,NA
Input,NCGC00170421-01,0.23222127,InputSig,NA,NA,LINCSCP_59528,VCAP,10uM,24h,prostate,NA,NA,VTBPZZVSTIPNBO-RXFVIIJJSA-N,"InChI=1S/C29H28F3N3O9/c1-40-25-24(44-28(39)34-19-10-6-3-7-11-19)23(43-27(38)33-18-8-4-2-5-9-18)22(21(16-36)41-25)42-26(37)35-20-14-12-17(13-15-20)29(30,31)32/h2-15,21-25,36H,16H2,1H3,(H,33,38)(H,34,39)(H,35,37)/t21-,22-,23+,24-,25+/m1/s1",11499,CO[C@H]1O[C@H](CO)[C@@H](OC(=O)Nc2ccc(cc2)C(F)(F)F)[C@H](OC(=O)Nc3ccccc3)[C@H]1OC(=O)Nc4ccccc4,NA
Input,BRD-A11009626,0.23220161,InputSig,NA,NA,LINCSCP_43267,NPC,10uM,6h,neural progenitor cells,NA,NA,VGJKDQPCCSDBJN-UHFFFAOYSA-N,"InChI=1S/C21H25BrCl2N2O/c1-25-9-6-16-12-20(22)21(27)13-18(16)19(14-25)15-2-4-17(5-3-15)26(10-7-23)11-8-24/h2-5,12-13,19,27H,6-11,14H2,1H3",31288,CN1CCc2cc(Br)c(O)cc2C(C1)c3ccc(cc3)N(CCCl)CCCl,NA
Input,Enclomiphene,0.23215173,InputSig,NA,NA,LINCSCP_14391,HA1E,10uM,24h,kidney epithelial,Estrogen receptor antagonist,ESR1,GKIRPKYJQBWNGO-OCEACIFDSA-N,"InChI=1S/C26H28ClNO/c1-3-28(4-2)19-20-29-24-17-15-22(16-18-24)25(21-11-7-5-8-12-21)26(27)23-13-9-6-10-14-23/h5-18H,3-4,19-20H2,1-2H3/b26-25+",40197,CCN(CC)CCOc1ccc(cc1)\C(=C(\Cl)/c2ccccc2)\c3ccccc3,4
Input,Erastin,0.23211012,InputSig,NA,NA,LINCSCP_49569,PC3,0.37uM,24h,prostate,Ion channel antagonist,VDAC2,BKQFRNYHFIQEKN-UHFFFAOYSA-N,"InChI=1S/C30H31ClN4O4/c1-3-38-27-11-7-6-10-26(27)35-29(32-25-9-5-4-8-24(25)30(35)37)21(2)33-16-18-34(19-17-33)28(36)20-39-23-14-12-22(31)13-15-23/h4-15,21H,3,16-20H2,1-2H3",36319,CCOc1ccccc1N2C(=O)c3ccccc3N=C2C(C)N4CCN(CC4)C(=O)COc5ccc(Cl)cc5,NA
Input,SPECTRUM2_001084,0.23207657,InputSig,NA,NA,LINCSCP_6798,A549,10uM,24h,lung,ATPase inhibitor,ATP1A1,LPMXVESGRSUGHW-XPXORLBYSA-N,"InChI=1S/C29H44O12/c1-13-22(34)23(35)24(36)25(40-13)41-15-8-19(32)28(12-30)21-17(3-5-27(28,37)9-15)29(38)6-4-16(14-7-20(33)39-11-14)26(29,2)10-18(21)31/h7,13,15-19,21-25,30-32,34-38H,3-6,8-12H2,1-2H3/t13-,15-,16+,17?,18+,19+,21?,22-,23+,24+,25-,26+,27-,28+,29-/m0/s1",22448,C[C@@H]1O[C@@H](O[C@H]2C[C@@H](O)[C@]3(CO)C4[C@H](O)C[C@]5(C)[C@H](CC[C@]5(O)C4CC[C@]3(O)C2)C6=CC(=O)OC6)[C@H](O)[C@H](O)[C@H]1O,NA
Input,AC1O9CU3,0.23204126,InputSig,NA,NA,LINCSCP_65338,VCAP,10uM,24h,prostate,NA,NA,XCXAZUDIRRJDPM-OYMLHXOGSA-N,"InChI=1S/C33H27N3O5/c34-30(38)25-27-31(39)41-28(20-11-5-2-6-12-20)26(19-9-3-1-4-10-19)36(27)29(21-15-17-22(37)18-16-21)33(25)23-13-7-8-14-24(23)35-32(33)40/h1-18,25-29,37H,(H2,34,38)(H,35,40)/t25-,26-,27-,28+,29+,33-/m0/s1",11492,NC(=O)[C@@H]1[C@@H]2N([C@H]([C@H](OC2=O)c3ccccc3)c4ccccc4)[C@H](c5ccc(O)cc5)[C@@]16C(=O)Nc7ccccc67,NA
Input,AMSACRINE,0.23197029,InputSig,NA,NA,LINCSCP_109097,HELA,1.11uM,24h,large intestine,NA,NA,XCPGHVQEEXUHNC-UHFFFAOYSA-N,"InChI=1S/C21H19N3O3S/c1-27-20-13-14(24-28(2,25)26)11-12-19(20)23-21-15-7-3-5-9-17(15)22-18-10-6-4-8-16(18)21/h3-13,24H,1-2H3,(H,22,23)",27172,COc1cc(NS(=O)(=O)C)ccc1Nc2c3ccccc3nc4ccccc24,4
Input,869288-64-2,0.2318595,InputSig,NA,NA,LINCSCP_152376,PC3,0.04uM,24h,prostate,NA,NA,HESLKTSGTIBHJU-UHFFFAOYSA-N,"InChI=1S/C22H20F3N5O3S/c1-34(32,33)16-4-2-3-13(9-16)11-26-20-17(22(23,24)25)12-27-21(30-20)28-15-6-7-18-14(10-15)5-8-19(31)29-18/h2-4,6-7,9-10,12H,5,8,11H2,1H3,(H,29,31)(H2,26,27,28,30)",19899,CS(=O)(=O)c1cccc(CNc2nc(Nc3ccc4NC(=O)CCc4c3)ncc2C(F)(F)F)c1,NA
Input,PD-173074,0.23184481,InputSig,NA,NA,LINCSCP_226506,HT29,10uM,6h,large intestine,FGFR inhibitor|VEGFR inhibitor,FGFR1|FGFR3,DXCUKNQANPLTEJ-UHFFFAOYSA-N,"InChI=1S/C28H41N7O3/c1-8-35(9-2)13-11-10-12-29-26-30-18-20-16-23(19-14-21(37-6)17-22(15-19)38-7)25(31-24(20)32-26)33-27(36)34-28(3,4)5/h14-18H,8-13H2,1-7H3,(H3,29,30,31,32,33,34,36)",36834,CCN(CC)CCCCNc1ncc2cc(c(NC(=O)NC(C)(C)C)nc2n1)c3cc(OC)cc(OC)c3,NA
Input,MLS003128614,0.2317869,InputSig,NA,NA,LINCSCP_1363,A375,10uM,24h,skin,NA,NA,XUHNVGCKTKHKED-UHFFFAOYSA-N,"InChI=1S/C21H19N9O3S/c31-30(32)13-1-2-15-16(9-13)25-17(24-15)10-22-19-18-20(29(12-23-18)14-3-8-34-11-14)27-21(26-19)28-4-6-33-7-5-28/h1-3,8-9,11-12H,4-7,10H2,(H,24,25)(H,22,26,27)",514,[O-][N+](=O)c1ccc2[nH]c(CNc3nc(nc4c3ncn4c5ccsc5)N6CCOCC6)nc2c1,NA
Input,Indolophenanthridine,0.23177963,InputSig,NA,NA,LINCSCP_42659,NPC,10uM,24h,neural progenitor cells,CALY activator,NA,WRNKIDLXXXIELU-IEBWSBKVSA-N,"InChI=1S/C19H18N2/c1-21-11-12-5-2-3-6-14(12)19-15-7-4-8-16-18(15)13(10-20-16)9-17(19)21/h2-8,10,17,19-20H,9,11H2,1H3/t17-,19-/m1/s1",15951,CN1Cc2ccccc2[C@H]3[C@H]1Cc4c[nH]c5cccc3c45,NA
Input,BRD-K79459005,0.23175698,InputSig,NA,NA,LINCSCP_242763,MCF7,10uM,6h,breast,NA,NA,LCGKYSOTAAWDQI-JIXXDEQJSA-N,"InChI=1S/C36H52N4O6/c1-25-22-40(26(2)24-41)35(43)31-21-30(37-34(42)28-14-7-5-8-15-28)18-19-32(31)46-27(3)13-11-12-20-45-33(25)23-39(4)36(44)38-29-16-9-6-10-17-29/h6,9-10,16-19,21,25-28,33,41H,5,7-8,11-15,20,22-24H2,1-4H3,(H,37,42)(H,38,44)/t25-,26-,27+,33-/m1/s1",23393,C[C@H](CO)N1C[C@@H](C)[C@@H](CN(C)C(=O)Nc2ccccc2)OCCCC[C@H](C)Oc3ccc(NC(=O)C4CCCCC4)cc3C1=O,NA
Input,Arg-Gly-Asp-Ser,0.2317472,InputSig,NA,NA,LINCSCP_102658,HELA,3.33uM,24h,large intestine,NA,NA,NNRFRJQMBSBXGO-CIUDSAMLSA-N,"InChI=1S/C15H27N7O8/c16-7(2-1-3-19-15(17)18)12(27)20-5-10(24)21-8(4-11(25)26)13(28)22-9(6-23)14(29)30/h7-9,23H,1-6,16H2,(H,20,27)(H,21,24)(H,22,28)(H,25,26)(H,29,30)(H4,17,18,19)/t7-,8-,9-/m0/s1",26480,N[C@@H](CCCNC(=N)N)C(=O)NCC(=O)N[C@@H](CC(=O)O)C(=O)N[C@@H](CO)C(=O)O,NA
Input,CHEMBL2131306,0.23160036,InputSig,NA,NA,LINCSCP_48941,PC3,10uM,24h,prostate,NA,NA,CDIQXANOTLSTIU-CAMFVRPXSA-N,"InChI=1S/C42H46N6O5/c1-27-23-48(28(2)26-49)40(50)22-32-21-33(44-42(52)46-36-14-8-10-30-9-4-5-11-34(30)36)19-20-38(32)53-39(27)25-47(3)24-29-15-17-31(18-16-29)41(51)45-37-13-7-6-12-35(37)43/h4-21,27-28,39,49H,22-26,43H2,1-3H3,(H,45,51)(H2,44,46,52)/t27-,28-,39-/m0/s1",40069,C[C@@H](CO)N1C[C@H](C)[C@H](CN(C)Cc2ccc(cc2)C(=O)Nc3ccccc3N)Oc4ccc(NC(=O)Nc5cccc6ccccc56)cc4CC1=O,NA
Input,Phensuximide,0.23157937,InputSig,NA,NA,LINCSCP_89962,HA1E,3.33uM,24h,kidney epithelial,Succinimide antiepileptic,CACNA1G|CACNA1H|CACNA1I,WLWFNJKHKGIJNW-UHFFFAOYSA-N,"InChI=1S/C11H11NO2/c1-12-10(13)7-9(11(12)14)8-5-3-2-4-6-8/h2-6,9H,7H2,1H3",15195,CN1C(=O)CC(C1=O)c2ccccc2,4
Input,CHEMBL2136858,0.23153671,InputSig,NA,NA,LINCSCP_47110,PC3,10uM,24h,prostate,NA,NA,QVMJLFZOFFUGMH-MWXNICTNSA-N,"InChI=1S/C32H41N5O4/c1-21-17-37(22(2)20-38)32(40)26-16-25(35(3)4)14-15-29(26)41-30(21)19-36(5)18-23-10-12-24(13-11-23)31(39)34-28-9-7-6-8-27(28)33/h6-16,21-22,30,38H,17-20,33H2,1-5H3,(H,34,39)/t21-,22-,30+/m0/s1",40129,C[C@@H](CO)N1C[C@H](C)[C@@H](CN(C)Cc2ccc(cc2)C(=O)Nc3ccccc3N)Oc4ccc(cc4C1=O)N(C)C,NA
Input,Dorsomorphin,0.23153389,InputSig,NA,NA,LINCSCP_23080,HEPG2,10uM,6h,liver,AMPK inhibitor,BMPR1A|BMPR1B|PRKAA1,XHBVYDAKJHETMP-UHFFFAOYSA-N,"InChI=1S/C24H25N5O/c1-2-12-28(13-3-1)14-15-30-22-6-4-19(5-7-22)21-16-26-24-23(17-27-29(24)18-21)20-8-10-25-11-9-20/h4-11,16-18H,1-3,12-15H2",22727,C(CN1CCCCC1)Oc2ccc(cc2)c3cnc4c(cnn4c3)c5ccncc5,NA
Input,KUC104493,0.23151185,InputSig,NA,NA,LINCSCP_31457,MCF7,10uM,6h,breast,NA,NA,KCEINUXVJMDYCM-UHFFFAOYSA-N,"InChI=1S/C28H25N5O3/c1-35-24-11-6-5-10-21(24)23-18-26-29-22(20-8-3-2-4-9-20)19-27(33(26)30-23)31-13-15-32(16-14-31)28(34)25-12-7-17-36-25/h2-12,17-19H,13-16H2,1H3",35565,COc1ccccc1c2cc3nc(cc(N4CCN(CC4)C(=O)c5occc5)n3n2)c6ccccc6,NA
Input,Loperamide,0.23124666,InputSig,NA,NA,LINCSCP_21231,HCT116,10uM,6h,large intestine,Mu opioid receptor agonist,OPRD1|OPRM1,RDOIQAHITMMDAJ-UHFFFAOYSA-N,"InChI=1S/C29H33ClN2O2/c1-31(2)27(33)29(24-9-5-3-6-10-24,25-11-7-4-8-12-25)19-22-32-20-17-28(34,18-21-32)23-13-15-26(30)16-14-23/h3-16,34H,17-22H2,1-2H3",15788,CN(C)C(=O)C(CCN1CCC(O)(CC1)c2ccc(Cl)cc2)(c3ccccc3)c4ccccc4,4
Input,Cymarin,0.23105543,InputSig,NA,NA,LINCSCP_27050,HT29,10uM,6h,large intestine,ATPase inhibitor,ATP1A1,XQCGNURMLWFQJR-LZLVDNNYSA-N,"InChI=1S/C30H44O9/c1-17-26(33)23(36-3)13-25(38-17)39-19-4-9-28(16-31)21-5-8-27(2)20(18-12-24(32)37-15-18)7-11-30(27,35)22(21)6-10-29(28,34)14-19/h12,16-17,19-23,25-26,33-35H,4-11,13-15H2,1-3H3/t17?,19-,20?,21?,22?,23?,25?,26?,27+,28-,29-,30-/m0/s1",444,COC1CC(O[C@H]2CC[C@]3(C=O)C4CC[C@]5(C)C(CC[C@]5(O)C4CC[C@]3(O)C2)C6=CC(=O)OC6)OC(C)C1O,NA
Input,Cymarin,0.23105543,InputSig,NA,NA,LINCSCP_27050,HT29,10uM,6h,large intestine,ATPase inhibitor,ATP1A1,XQCGNURMLWFQJR-ZNDDOCHDSA-N,"InChI=1S/C30H44O9/c1-17-26(33)23(36-3)13-25(38-17)39-19-4-9-28(16-31)21-5-8-27(2)20(18-12-24(32)37-15-18)7-11-30(27,35)22(21)6-10-29(28,34)14-19/h12,16-17,19-23,25-26,33-35H,4-11,13-15H2,1-3H3/t17-,19+,20-,21+,22-,23+,25+,26-,27-,28+,29+,30+/m1/s1",34260,CO[C@H]1C[C@H](O[C@H]2CC[C@]3(C=O)[C@H]4CC[C@]5(C)[C@H](CC[C@]5(O)[C@@H]4CC[C@]3(O)C2)C6=CC(=O)OC6)O[C@H](C)[C@H]1O,NA
Input,Pipamperone,0.23104535,InputSig,NA,NA,LINCSCP_2598,A375,10uM,6h,skin,Dopamine receptor antagonist,DRD2|HTR2A,AXKPFOAXAHJUAG-UHFFFAOYSA-N,"InChI=1S/C21H30FN3O2/c22-18-8-6-17(7-9-18)19(26)5-4-12-24-15-10-21(11-16-24,20(23)27)25-13-2-1-3-14-25/h6-9H,1-5,10-16H2,(H2,23,27)",3314,NC(=O)C1(CCN(CCCC(=O)c2ccc(F)cc2)CC1)N3CCCCC3,3
Input,Bardoxolone Methyl,0.23098925,InputSig,NA,NA,LINCSCP_90562,HA1E,1.11uM,24h,kidney epithelial,Inhibitor of nuclear factor kappa B kinase beta subunit inhibitor|Keap1/Nrf2 inhibitor|Peroxisome proliferator-activated receptor gamma antagonist,IKBKB|KEAP1|NFE2L2|PPARG,WPTTVJLTNAWYAO-KPOXMGGZSA-N,"InChI=1S/C32H43NO4/c1-27(2)11-13-32(26(36)37-8)14-12-31(7)24(20(32)17-27)21(34)15-23-29(5)16-19(18-33)25(35)28(3,4)22(29)9-10-30(23,31)6/h15-16,20,22,24H,9-14,17H2,1-8H3/t20-,22-,24-,29-,30+,31+,32-/m0/s1",26671,COC(=O)[C@]12CCC(C)(C)C[C@H]1[C@H]3C(=O)C=C4[C@@](C)(CC[C@H]5C(C)(C)C(=O)C(=C[C@]45C)C#N)[C@]3(C)CC2,3
Input,SPECTRUM1505034,0.23094171,InputSig,NA,NA,LINCSCP_42814,NPC,10uM,24h,neural progenitor cells,Paclitaxel precursor,NA,OVMSOCFBDVBLFW-IAGPSASASA-N,"InChI=1S/C31H38O11/c1-15-19(34)13-31(38)26(41-27(37)18-10-8-7-9-11-18)24-29(6,20(35)12-21-30(24,14-39-21)42-17(3)33)25(36)23(40-16(2)32)22(15)28(31,4)5/h7-11,19-21,23-24,26,34-35,38H,12-14H2,1-6H3/t19-,20-,21+,23+,24?,26-,29+,30-,31+/m0/s1",22470,CC(=O)O[C@H]1C(=O)[C@]2(C)[C@@H](O)C[C@H]3OC[C@@]3(OC(=O)C)C2[C@H](OC(=O)c4ccccc4)[C@]5(O)C[C@H](O)C(=C1C5(C)C)C,NA
Input,BRD-K94740841,0.23090143,InputSig,NA,NA,LINCSCP_9097,A549,10uM,24h,lung,NA,NA,FCVPSBUWBQZYJZ-SANMLTNESA-N,"InChI=1S/C31H38N4O5/c1-33-25-17-23(40-3)11-12-24(25)27-28(33)26(18-36)35(29(37)20-5-4-6-20)19-31(27)13-15-34(16-14-31)30(38)32-21-7-9-22(39-2)10-8-21/h7-12,17,20,26,36H,4-6,13-16,18-19H2,1-3H3,(H,32,38)/t26-/m0/s1",34138,COc1ccc(NC(=O)N2CCC3(CC2)CN([C@@H](CO)c4c3c5ccc(OC)cc5n4C)C(=O)C6CCC6)cc1,NA
Input,Sirolimus,0.23082541,InputSig,NA,NA,LINCSCP_306907,VCAP,10uM,6h,prostate,MTOR inhibitor,FKBP1A|MTOR,QFJCIRLUMZQUOT-KADBNGAOSA-N,"InChI=1S/C51H79NO13/c1-30-16-12-11-13-17-31(2)42(61-8)28-38-21-19-36(7)51(60,65-38)48(57)49(58)52-23-15-14-18-39(52)50(59)64-43(33(4)26-37-20-22-40(53)44(27-37)62-9)29-41(54)32(3)25-35(6)46(56)47(63-10)45(55)34(5)24-30/h11-13,16-17,25,30,32-34,36-40,42-44,46-47,53,56,60H,14-15,18-24,26-29H2,1-10H3/b13-11+,16-12-,31-17+,35-25+/t30-,32-,33-,34-,36-,37+,38+,39+,40-,42+,43+,44-,46-,47+,51-/m1/s1",1770,CO[C@@H]1C[C@H](C[C@@H](C)[C@@H]2CC(=O)[C@H](C)\C=C(/C)\[C@@H](O)[C@@H](OC)C(=O)[C@H](C)C[C@H](C)\C=C/C=C/C=C(\C)/[C@H](C[C@@H]3CC[C@@H](C)[C@@](O)(O3)C(=O)C(=O)N4CCCC[C@H]4C(=O)O2)OC)CC[C@H]1O,NA
Input,Sirolimus,0.23082541,InputSig,NA,NA,LINCSCP_306907,VCAP,10uM,6h,prostate,MTOR inhibitor,FKBP1A|MTOR,QFJCIRLUMZQUOT-GWUMUYGYSA-N,"InChI=1S/C51H79NO13/c1-30-16-12-11-13-17-31(2)42(61-8)28-38-21-19-36(7)51(60,65-38)48(57)49(58)52-23-15-14-18-39(52)50(59)64-43(33(4)26-37-20-22-40(53)44(27-37)62-9)29-41(54)32(3)25-35(6)46(56)47(63-10)45(55)34(5)24-30/h11-13,16-17,25,30,32-34,36-40,42-44,46-47,53,56,60H,14-15,18-24,26-29H2,1-10H3/b13-11+,16-12+,31-17-,35-25+/t30-,32-,33?,34+,36-,37?,38+,39+,40-,42+,43+,44-,46-,47+,51-/m1/s1",5352,CO[C@@H]1CC(CC(C)[C@@H]2CC(=O)[C@H](C)\C=C(/C)\[C@@H](O)[C@@H](OC)C(=O)[C@@H](C)C[C@H](C)\C=C\C=C\C=C(\C)/[C@H](C[C@@H]3CC[C@@H](C)[C@@](O)(O3)C(=O)C(=O)N4CCCC[C@H]4C(=O)O2)OC)CC[C@H]1O,NA
Input,Sirolimus,0.23082541,InputSig,NA,NA,LINCSCP_306907,VCAP,10uM,6h,prostate,MTOR inhibitor,FKBP1A|MTOR,QFJCIRLUMZQUOT-HPLJOQBZSA-N,"InChI=1S/C51H79NO13/c1-30-16-12-11-13-17-31(2)42(61-8)28-38-21-19-36(7)51(60,65-38)48(57)49(58)52-23-15-14-18-39(52)50(59)64-43(33(4)26-37-20-22-40(53)44(27-37)62-9)29-41(54)32(3)25-35(6)46(56)47(63-10)45(55)34(5)24-30/h11-13,16-17,25,30,32-34,36-40,42-44,46-47,53,56,60H,14-15,18-24,26-29H2,1-10H3/b13-11+,16-12+,31-17+,35-25+/t30-,32-,33-,34-,36-,37+,38+,39+,40-,42+,43+,44-,46-,47+,51-/m1/s1",37778,CO[C@@H]1C[C@H](C[C@@H](C)[C@@H]2CC(=O)[C@H](C)\C=C(/C)\[C@@H](O)[C@@H](OC)C(=O)[C@H](C)C[C@H](C)\C=C\C=C\C=C(/C)\[C@H](C[C@@H]3CC[C@@H](C)[C@@](O)(O3)C(=O)C(=O)N4CCCC[C@H]4C(=O)O2)OC)CC[C@H]1O,4
Input,BIIB 021,0.23074877,InputSig,NA,NA,LINCSCP_58737,VCAP,10uM,6h,prostate,HSP inhibitor,HSP90AA1,QULDDKSCVCJTPV-UHFFFAOYSA-N,"InChI=1S/C14H15ClN6O/c1-7-4-17-9(8(2)11(7)22-3)5-21-6-18-10-12(15)19-14(16)20-13(10)21/h4,6H,5H2,1-3H3,(H2,16,19,20)",16359,COc1c(C)cnc(Cn2cnc3c(Cl)nc(N)nc23)c1C,NA
Input,CHEMBL2152368,0.2306864,InputSig,NA,NA,LINCSCP_234630,JURKAT,0.5uM,6h,haematopoietic and lymphoid tissue,NA,NA,AINZSMIJPNBGRE-DBLORFJXSA-N,"InChI=1S/C18H22N2O4/c1-13(21)19-15-10-6-3-7-11-17(22)20-16(12-24-18(15)23)14-8-4-2-5-9-14/h2-6,8-9,15-16H,7,10-12H2,1H3,(H,19,21)(H,20,22)/b6-3+/t15-,16+/m1/s1",38058,CC(=O)N[C@@H]1C\C=C\CCC(=O)N[C@@H](COC1=O)c2ccccc2,NA
Input,TG100-115,0.2306825,InputSig,NA,NA,LINCSCP_124214,HT29,0.37uM,24h,large intestine,PI3-kinase p110-delta subunit inhibitor|PI3-kinase p110-gamma subunit inhibitor,PIK3CD|PIK3CG,UJIAQDJKSXQLIT-UHFFFAOYSA-N,"InChI=1S/C18H14N6O2/c19-16-15-17(24-18(20)23-16)22-14(10-4-2-6-12(26)8-10)13(21-15)9-3-1-5-11(25)7-9/h1-8,25-26H,(H4,19,20,22,23,24)",16391,Nc1nc(N)c2nc(c3cccc(O)c3)c(nc2n1)c4cccc(O)c4,2
Input,GW620972X,0.230597,InputSig,NA,NA,LINCSCP_147328,NEU,10uM,24h,NA,NA,NA,WQGDQGAFSDMBLA-UHFFFAOYSA-N,"InChI=1S/C20H16N2OS/c21-12-17-15-9-3-4-11-18(15)24-20(17)22-19(23)16-10-5-7-13-6-1-2-8-14(13)16/h1-2,5-8,10H,3-4,9,11H2,(H,22,23)",35279,O=C(Nc1sc2CCCCc2c1C#N)c3cccc4ccccc34,NA
Input,AC1LPBDT,0.23052219,InputSig,NA,NA,LINCSCP_42405,NPC,10uM,24h,neural progenitor cells,NA,NA,OAMMTJIVFBTXIH-UHFFFAOYSA-N,"InChI=1S/C24H19F3N4O2S/c1-33-20-12-10-16(11-13-20)22-29-30-23(31(22)19-8-3-2-4-9-19)34-15-21(32)28-18-7-5-6-17(14-18)24(25,26)27/h2-14H,15H2,1H3,(H,28,32)",22233,COc1ccc(cc1)c2nnc(SCC(=O)Nc3cccc(c3)C(F)(F)F)n2c4ccccc4,NA
Input,Cucurbitacin-I,0.23045474,InputSig,NA,NA,LINCSCP_10294,A673,10uM,6h,bone,JAK inhibitor|Lipocortin synthesis stimulant|STAT inhibitor,JAK2|STAT3,NZZOMHODWAPPJH-YOLQPZLMSA-N,"InChI=1S/C30H42O7/c1-25(2,36)12-11-21(33)30(8,37)23-19(32)14-27(5)20-10-9-16-17(13-18(31)24(35)26(16,3)4)29(20,7)22(34)15-28(23,27)6/h9,11-12,17,19-20,23,32,36-37H,10,13-15H2,1-8H3/b12-11+/t17?,19-,20?,23?,27+,28-,29+,30+/m1/s1",25761,CC(C)(O)\C=C\C(=O)[C@](C)(O)C1[C@H](O)C[C@@]2(C)C3CC=C4C(CC(=O)C(=O)C4(C)C)[C@]3(C)C(=O)C[C@]12C,NA
Input,12K-516S,0.2299426,InputSig,NA,NA,LINCSCP_1165,A375,10uM,24h,skin,NA,NA,PXMCLQNRPDARBK-UHFFFAOYSA-N,"InChI=1S/C21H15FN2OS/c1-14-2-9-19(10-3-14)26-20-11-8-18(12-16(20)13-23)24-21(25)15-4-6-17(22)7-5-15/h2-12H,1H3,(H,24,25)",34194,Cc1ccc(Sc2ccc(NC(=O)c3ccc(F)cc3)cc2C#N)cc1,NA
Input,Ciglitazone,0.22987691,InputSig,NA,NA,LINCSCP_33700,MCF7,10uM,6h,breast,PPAR receptor agonist,PPARG,YZFWTZACSRHJQD-UHFFFAOYSA-N,"InChI=1S/C18H23NO3S/c1-18(9-3-2-4-10-18)12-22-14-7-5-13(6-8-14)11-15-16(20)19-17(21)23-15/h5-8,15H,2-4,9-12H2,1H3,(H,19,20,21)",2325,CC1(COc2ccc(CC3SC(=O)NC3=O)cc2)CCCCC1,NA
Input,ACON1_002471,0.22983238,InputSig,NA,NA,LINCSCP_309839,VCAP,30uM,6h,prostate,NA,NA,PUOQHFWXBKTHST-ZQQVZHLFSA-N,"InChI=1S/C36H56O9/c1-18-10-15-35(30(40)41)16-17-36(31(42)43)21(25(35)19(18)2)8-9-23-33(6)13-12-24(32(4,5)22(33)11-14-34(23,36)7)45-29-28(39)27(38)26(37)20(3)44-29/h8,18-20,22-29,37-39H,9-17H2,1-7H3,(H,40,41)(H,42,43)/t18-,19+,20+,22?,23?,24+,25+,26+,27-,28-,29+,33+,34-,35+,36-/m1/s1",31574,C[C@@H]1CC[C@@]2(CC[C@]3(C(=O)O)C(=CCC4[C@@]5(C)CC[C@H](O[C@@H]6O[C@@H](C)[C@H](O)[C@@H](O)[C@H]6O)C(C)(C)C5CC[C@@]34C)[C@@H]2[C@H]1C)C(=O)O,NA
Input,Amitriptyline,0.22966652,InputSig,NA,NA,LINCSCP_50035,PHH,10uM,24h,NA,Serotonin transporter inhibitor|Norepinephrine transporter inhibitor,CHRM1|CHRM2|CHRM3|CHRM4|CHRM5|HRH1|HTR6|SLC6A2|SLC6A4,KRMDCWKBEZIMAB-UHFFFAOYSA-N,"InChI=1S/C20H23N/c1-21(2)15-7-12-20-18-10-5-3-8-16(18)13-14-17-9-4-6-11-19(17)20/h3-6,8-12H,7,13-15H2,1-2H3",15727,CN(C)CCC=C1c2ccccc2CCc3ccccc13,4
Input,BRD-K42573370-001-01-1,0.22963261,InputSig,NA,NA,LINCSCP_10076,A549,3.33uM,24h,lung,Nucleophosmin inhibitor,NA,YSHQRTLYKODQCX-PUUVEUEGSA-N,"InChI=1S/C27H25N3O3/c1-25(2)21-15-26-11-6-12-29(26)24(32)27(21,28-23(26)31)14-19-18-10-9-17(16-7-4-3-5-8-16)13-20(18)30(33)22(19)25/h3-5,7-10,13-14,21H,6,11-12,15H2,1-2H3,(H,28,31)/t21-,26-,27-/m0/s1",31670,CC1(C)[C@@H]2C[C@]34CCCN3C(=O)[C@]2(NC4=O)C=C5C1=[N+]([O-])c6cc(ccc56)c7ccccc7,NA
Input,BRD-K60067222,0.22952007,InputSig,NA,NA,LINCSCP_47133,PC3,10uM,24h,prostate,NA,NA,QVMJLFZOFFUGMH-IABYTQIASA-N,"InChI=1S/C32H41N5O4/c1-21-17-37(22(2)20-38)32(40)26-16-25(35(3)4)14-15-29(26)41-30(21)19-36(5)18-23-10-12-24(13-11-23)31(39)34-28-9-7-6-8-27(28)33/h6-16,21-22,30,38H,17-20,33H2,1-5H3,(H,34,39)/t21-,22+,30+/m0/s1",13131,C[C@H](CO)N1C[C@H](C)[C@@H](CN(C)Cc2ccc(cc2)C(=O)Nc3ccccc3N)Oc4ccc(cc4C1=O)N(C)C,NA
Input,AC1O9ZP5,0.22950881,InputSig,NA,NA,LINCSCP_10793,ASC,10uM,24h,adipose,NA,NA,PMJGWWMIDKKJOA-REZTVBANSA-N,"InChI=1S/C14H10Cl2N2O3/c15-9-5-8(13(20)11(16)6-9)7-17-18-14(21)10-3-1-2-4-12(10)19/h1-7,19-20H,(H,18,21)/b17-7+",36768,Oc1ccccc1C(=O)NN=Cc2cc(Cl)cc(Cl)c2O,NA
Input,SSR 69071,0.2292896,InputSig,NA,NA,LINCSCP_193250,A549,10uM,24h,lung,Leukocyte elastase inhibitor,ELANE,DRZXDZYWZSKFDL-UHFFFAOYSA-N,"InChI=1S/C27H32N4O7S/c1-18(2)20-14-19(36-3)15-22-25(20)27(33)31(39(22,34)35)17-38-23-16-24(32)30-11-7-8-21(26(30)28-23)37-13-12-29-9-5-4-6-10-29/h7-8,11,14-16,18H,4-6,9-10,12-13,17H2,1-3H3",15895,COc1cc(C(C)C)c2C(=O)N(COC3=CC(=O)N4C=CC=C(OCCN5CCCCC5)C4=N3)S(=O)(=O)c2c1,NA
Input,KUC103884,0.22928054,InputSig,NA,NA,LINCSCP_31423,MCF7,10uM,24h,breast,NA,NA,OKDOWSAOKIDKJI-UHFFFAOYSA-N,"InChI=1S/C15H12N2O2S/c1-10(18)16-11-7-8-14-13(9-11)15(19)17(20-14)12-5-3-2-4-6-12/h2-9H,1H3,(H,16,18)",18219,CC(=O)Nc1ccc2SN(C(=O)c2c1)c3ccccc3,NA
Input,SR 33805 oxalate,0.22919407,InputSig,NA,NA,LINCSCP_105711,HELA,10uM,24h,large intestine,NA,NA,GCVFQRRBTCHIPK-UHFFFAOYSA-N,"InChI=1S/C32H40N2O5S/c1-23(2)31-27-10-7-8-11-28(27)34(4)32(31)40(35,36)26-15-13-25(14-16-26)39-21-9-19-33(3)20-18-24-12-17-29(37-5)30(22-24)38-6/h7-8,10-17,22-23H,9,18-21H2,1-6H3",27133,COc1ccc(CCN(C)CCCOc2ccc(cc2)S(=O)(=O)c3c(C(C)C)c4ccccc4n3C)cc1OC,NA
Input,BRD-K89020690,0.22899713,InputSig,NA,NA,LINCSCP_66059,VCAP,1uM,24h,prostate,NA,NA,SUHQAMSFJCSMJM-KABRZNFWSA-N,"InChI=1S/C30H36F3N5O5/c1-17-13-38(18(2)16-39)28(40)24-12-23(34-29(41)35-27-19(3)36-43-20(27)4)10-11-25(24)42-26(17)15-37(5)14-21-6-8-22(9-7-21)30(31,32)33/h6-12,17-18,26,39H,13-16H2,1-5H3,(H2,34,35,41)/t17-,18-,26+/m1/s1",13856,C[C@H](CO)N1C[C@@H](C)[C@H](CN(C)Cc2ccc(cc2)C(F)(F)F)Oc3ccc(NC(=O)Nc4c(C)onc4C)cc3C1=O,NA
Input,JNJ-38877605,0.22899574,InputSig,NA,NA,LINCSCP_47384,PC3,10uM,6h,prostate,Tyrosine kinase inhibitor,MET,JRWCBEOAFGHNNU-UHFFFAOYSA-N,"InChI=1S/C19H13F2N7/c1-27-11-13(10-23-27)16-6-7-17-24-25-18(28(17)26-16)19(20,21)14-4-5-15-12(9-14)3-2-8-22-15/h2-11H,1H3",17551,Cn1cc(cn1)c2ccc3nnc(n3n2)C(F)(F)c4ccc5ncccc5c4,1
Input,172985-18-1,0.2289506,InputSig,NA,NA,LINCSCP_203448,ASC,10uM,24h,adipose,NA,NA,MKMOAAUKKIBCGE-UHFFFAOYSA-N,"InChI=1S/C21H22N2O3/c1-4-15-14-11-25-21(2,3)10-13(14)16-17(22)19(26-20(16)23-15)18(24)12-8-6-5-7-9-12/h5-9H,4,10-11,22H2,1-3H3",16160,CCc1nc2oc(C(=O)c3ccccc3)c(N)c2c4CC(C)(C)OCc14,NA
Input,Broad-Sai-443,0.22884497,InputSig,NA,NA,LINCSCP_38658,MCF7,10uM,24h,breast,NA,NA,NA,NA,NA,NA,NA
Input,BRD-K94544211,0.22876394,InputSig,NA,NA,LINCSCP_59293,VCAP,10uM,24h,prostate,NA,NA,VYCOOHAMPRTWAW-YFGINYGOSA-N,"InChI=1S/C43H53N5O5/c1-30-26-48(31(2)29-49)43(52)25-35-24-36(45-41(50)16-8-5-9-17-42(51)46-38-15-11-10-14-37(38)44)22-23-39(35)53-40(30)28-47(3)27-32-18-20-34(21-19-32)33-12-6-4-7-13-33/h4,6-7,10-15,18-24,30-31,40,49H,5,8-9,16-17,25-29,44H2,1-3H3,(H,45,50)(H,46,51)/t30-,31-,40+/m0/s1",13989,C[C@@H](CO)N1C[C@H](C)[C@@H](CN(C)Cc2ccc(cc2)c3ccccc3)Oc4ccc(NC(=O)CCCCCC(=O)Nc5ccccc5N)cc4CC1=O,NA
Input,CL-976,0.22866501,InputSig,NA,NA,LINCSCP_30654,MCF7,80uM,24h,breast,ACAT inhibitor,ACAT1,WAFNZAURAWBNDZ-UHFFFAOYSA-N,"InChI=1S/C23H39NO4/c1-7-8-9-10-11-12-13-14-15-23(2,3)22(25)24-21-19(27-5)16-18(26-4)17-20(21)28-6/h16-17H,7-15H2,1-6H3,(H,24,25)",36702,CCCCCCCCCCC(C)(C)C(=O)Nc1c(OC)cc(OC)cc1OC,NA
Input,10-{3-[4-(2-Chloroethyl)piperazin-1-yl]propyl}-2-(trifluoromethyl)-10H-phenothiazine,0.22856604,InputSig,NA,NA,LINCSCP_14576,HA1E,10uM,6h,kidney epithelial,Dopamine receptor antagonist,DRD1|DRD2,WHVNGICQKYBDDP-UHFFFAOYSA-N,"InChI=1S/C22H25ClF3N3S/c23-8-11-28-14-12-27(13-15-28)9-3-10-29-18-4-1-2-5-20(18)30-21-7-6-17(16-19(21)29)22(24,25)26/h1-2,4-7,16H,3,8-15H2",35845,FC(F)(F)c1ccc2Sc3ccccc3N(CCCN4CCN(CCCl)CC4)c2c1,NA
Input,Panobinostat,0.22851869,InputSig,NA,NA,LINCSCP_42115,NPC,10uM,24h,neural progenitor cells,HDAC inhibitor,HDAC1|HDAC10|HDAC11|HDAC2|HDAC3|HDAC4|HDAC5|HDAC6|HDAC7|HDAC8|HDAC9,FPOHNWQLNRZRFC-ZHACJKMWSA-N,"InChI=1S/C21H23N3O2/c1-15-18(19-4-2-3-5-20(19)23-15)12-13-22-14-17-8-6-16(7-9-17)10-11-21(25)24-26/h2-11,22-23,26H,12-14H2,1H3,(H,24,25)/b11-10+",22172,Cc1[nH]c2ccccc2c1CCNCc3ccc(\C=C\C(=O)NO)cc3,4
Input,BRD-K65997856,0.22842548,InputSig,NA,NA,LINCSCP_23696,HEPG2,10uM,6h,liver,NA,NA,HURDRCJWSCCATG-RKXYDSBSSA-N,"InChI=1S/C23H29N3O3/c1-16-14-26(17(2)15-27)23(28)20-11-19(10-9-18-7-5-4-6-8-18)12-25-22(20)29-21(16)13-24-3/h4-12,16-17,21,24,27H,13-15H2,1-3H3/b10-9+/t16-,17+,21-/m0/s1",2766,CNC[C@@H]1Oc2ncc(\C=C\c3ccccc3)cc2C(=O)N(C[C@@H]1C)[C@H](C)CO,NA
Input,MLS001173269,0.22837667,InputSig,NA,NA,LINCSCP_20507,HCC515,10uM,6h,lung,NA,NA,YTNZJAMWMLPAQY-ZDUSSCGKSA-N,"InChI=1S/C17H19ClN2O3/c1-17(2)15-11(10-6-4-5-7-12(10)19-15)8-13(16(22)23-3)20(17)14(21)9-18/h4-7,13,19H,8-9H2,1-3H3/t13-/m0/s1",15929,COC(=O)[C@@H]1Cc2c([nH]c3ccccc23)C(C)(C)N1C(=O)CCl,NA
Input,"2-(5H-[1,2,4]triazino[5,6-B]indol-3-ylsulfanyl)-n-[3-(trifluoromethyl)phenyl]acetamide",0.22831206,InputSig,NA,NA,LINCSCP_40840,NEU,10uM,24h,NA,NA,NA,PTOOAUVDXYMOSW-UHFFFAOYSA-N,"InChI=1S/C18H12F3N5OS/c19-18(20,21)10-4-3-5-11(8-10)22-14(27)9-28-17-24-16-15(25-26-17)12-6-1-2-7-13(12)23-16/h1-8H,9H2,(H,22,27)(H,23,24,26)",1420,FC(F)(F)c1cccc(NC(=O)CSc2nnc3c4ccccc4[nH]c3n2)c1,NA
Input,"ICI182, 780",0.22827579,InputSig,NA,NA,LINCSCP_49466,PC3,10uM,24h,prostate,Estrogen receptor antagonist,ESR1,VWUXBMIQPBEWFH-IOMDSJNNSA-N,"InChI=1S/C32H47F5O3S/c1-30-17-15-26-25-12-11-24(38)21-23(25)20-22(29(26)27(30)13-14-28(30)39)10-7-5-3-2-4-6-8-18-41(40)19-9-16-31(33,34)32(35,36)37/h11-12,21-22,26-29,38-39H,2-10,13-20H2,1H3/t22?,26-,27+,28+,29-,30+,41?/m1/s1",26540,C[C@]12CC[C@H]3[C@@H](C(CCCCCCCCCS(=O)CCCC(F)(F)C(F)(F)F)Cc4cc(O)ccc34)[C@@H]1CC[C@@H]2O,NA
Input,"N,N-Dimethyl-n'-{5-[(2-methyl-4-quinolyl)thio]-1,3,4-thiadiazol-2-yl}iminoformamide",0.22826658,InputSig,NA,NA,LINCSCP_6213,A549,10uM,24h,lung,NA,NA,TUKHBNWSNXWSSM-CXUHLZMHSA-N,"InChI=1S/C15H15N5S2/c1-10-8-13(11-6-4-5-7-12(11)17-10)21-15-19-18-14(22-15)16-9-20(2)3/h4-9H,1-3H3/b16-9+",36399,CN(C)\C=N\c1nnc(Sc2cc(C)nc3ccccc23)s1,NA
Input,Veliparib,0.2282358,InputSig,NA,NA,LINCSCP_70027,A375,10uM,24h,skin,PARP inhibitor,PARP1|PARP2,JNAHVYVRKWKWKQ-CYBMUJFWSA-N,"InChI=1S/C13H16N4O/c1-13(6-3-7-15-13)12-16-9-5-2-4-8(11(14)18)10(9)17-12/h2,4-5,15H,3,6-7H2,1H3,(H2,14,18)(H,16,17)/t13-/m1/s1",23021,C[C@@]1(CCCN1)c2nc3c(cccc3[nH]2)C(=O)N,NA
Input,PCL2_000074,0.22822167,InputSig,NA,NA,LINCSCP_42449,NPC,10uM,24h,neural progenitor cells,NA,NA,QHNWPNZROGJYNJ-NYDCQLBNSA-N,"InChI=1S/C34H27F6IN2O3/c35-33(36,37)20-42-31(46)32(17-23-7-2-6-12-28(23)41)27-11-5-3-9-25(27)30(45)43(29(32)22-15-13-21(19-44)14-16-22)18-24-8-1-4-10-26(24)34(38,39)40/h1-16,29,44H,17-20H2,(H,42,46)/t29-,32-/m0/s1",31611,OCc1ccc(cc1)[C@@H]2N(Cc3ccccc3C(F)(F)F)C(=O)c4ccccc4[C@]2(Cc5ccccc5I)C(=O)NCC(F)(F)F,NA
Input,NUTLIN 3,0.22820236,InputSig,NA,NA,LINCSCP_867,A375,40uM,6h,skin,MDM inhibitor,MDM2,BDUHCSBCVGXTJM-UHFFFAOYSA-N,"InChI=1S/C30H30Cl2N4O4/c1-18(2)40-25-16-23(39-3)12-13-24(25)29-34-27(19-4-8-21(31)9-5-19)28(20-6-10-22(32)11-7-20)36(29)30(38)35-15-14-33-26(37)17-35/h4-13,16,18,27-28H,14-15,17H2,1-3H3,(H,33,37)",16112,COc1ccc(C2=NC(C(N2C(=O)N3CCNC(=O)C3)c4ccc(Cl)cc4)c5ccc(Cl)cc5)c(OC(C)C)c1,NA
Input,Iohexol,0.22815398,InputSig,NA,NA,LINCSCP_34555,MCF7,10uM,6h,breast,Radiopaque medium,NA,NTHXOOBQLCIOLC-UHFFFAOYSA-N,"InChI=1S/C19H26I3N3O9/c1-8(29)25(4-11(32)7-28)17-15(21)12(18(33)23-2-9(30)5-26)14(20)13(16(17)22)19(34)24-3-10(31)6-27/h9-11,26-28,30-32H,2-7H2,1H3,(H,23,33)(H,24,34)",18415,CC(=O)N(CC(O)CO)c1c(I)c(C(=O)NCC(O)CO)c(I)c(C(=O)NCC(O)CO)c1I,4
Input,CHEMBL585951,0.22793335,InputSig,NA,NA,LINCSCP_69549,A375,3.33uM,24h,skin,JNK inhibitor,MAPK8,AHMHIFXJPSHHPH-UHFFFAOYSA-N,"InChI=1S/C26H27FN8O2/c27-20-15-19(16-23(17-20)33-7-11-36-12-8-33)24-5-6-28-25(31-24)30-21-1-3-22(4-2-21)35-18-29-26(32-35)34-9-13-37-14-10-34/h1-6,15-18H,7-14H2,(H,28,30,31)",19429,Fc1cc(cc(c1)c2ccnc(Nc3ccc(cc3)n4cnc(n4)N5CCOCC5)n2)N6CCOCC6,NA
Input,Mazindol,0.22793164,InputSig,NA,NA,LINCSCP_174284,YAPC,0.37uM,24h,pancreas,Monoamine transporter inhibitor,SLC6A2|SLC6A3|SLC6A4,ZPXSCAKFGYXMGA-UHFFFAOYSA-N,"InChI=1S/C16H13ClN2O/c17-12-7-5-11(6-8-12)16(20)14-4-2-1-3-13(14)15-18-9-10-19(15)16/h1-8,20H,9-10H2",26991,OC1(N2CCN=C2c3ccccc13)c4ccc(Cl)cc4,4
Input,Alisertib,0.22775039,InputSig,NA,NA,LINCSCP_79347,A375,0.37uM,24h,skin,Aurora kinase inhibitor,AURKA,ZLHFILGSQDJULK-UHFFFAOYSA-N,"InChI=1S/C27H20ClFN4O4/c1-36-21-5-3-4-20(29)23(21)25-19-10-15(28)6-8-17(19)24-14(12-30-25)13-31-27(33-24)32-16-7-9-18(26(34)35)22(11-16)37-2/h3-11,13H,12H2,1-2H3,(H,34,35)(H,31,32,33)",39955,COc1cccc(F)c1C2=NCc3cnc(Nc4ccc(C(=O)O)c(OC)c4)nc3c5ccc(Cl)cc25,3
Input,Duloxetine,0.22763092,InputSig,NA,NA,LINCSCP_160871,PC3,0.37uM,24h,prostate,Norepinephrine reuptake inhibitor|Serotonin reuptake inhibitor,SLC6A2|SLC6A3|SLC6A4,ZEUITGRIYCTCEM-KRWDZBQOSA-N,"InChI=1S/C18H19NOS/c1-19-12-11-17(18-10-5-13-21-18)20-16-9-4-7-14-6-2-3-8-15(14)16/h2-10,13,17,19H,11-12H2,1H3/t17-/m0/s1",15881,CNCC[C@H](Oc1cccc2ccccc12)c3cccs3,4
Input,CBIOL_001848,0.22730133,InputSig,NA,NA,LINCSCP_37673,MCF7,10uM,24h,breast,Apoptosis stimulant|Retinoid receptor agonist,RARA,AKJHMTWEGVYYSE-UHFFFAOYSA-N,"InChI=1S/C26H33NO2/c1-19(11-16-24-21(3)10-7-17-26(24,4)5)8-6-9-20(2)18-25(29)27-22-12-14-23(28)15-13-22/h6,8-9,11-16,18,28H,7,10,17H2,1-5H3,(H,27,29)",38949,CC(=CC=CC(=CC(=O)Nc1ccc(O)cc1)C)C=CC2=C(C)CCCC2(C)C,NA
Input,Heliomycin,0.22713387,InputSig,NA,NA,LINCSCP_8053,A549,10uM,6h,lung,ATP synthase inhibitor|Other antibiotic,NA,ABLACSIRCKEUOB-UHFFFAOYSA-N,"InChI=1S/C22H16O6/c1-7-4-9(23)15-18-13(7)10(24)5-8-14(18)19-16(20(15)27)11(25)6-12(26)17(19)21(28)22(8,2)3/h4-6,23-26H,1-3H3",16387,Cc1cc(O)c2C(=O)c3c(O)cc(O)c4C(=O)C(C)(C)c5cc(O)c1c2c5c34,NA
Input,BRD-K92364610,0.2270246,InputSig,NA,NA,LINCSCP_64456,VCAP,5uM,6h,prostate,NA,NA,UVSCGJDGVAXROK-FOWIORFYSA-N,"InChI=1S/C37H55N3O6/c1-26-22-40(27(2)25-41)37(43)33-21-31(38-36(42)30-12-7-6-8-13-30)16-19-34(33)46-28(3)11-9-10-20-45-35(26)24-39(4)23-29-14-17-32(44-5)18-15-29/h14-19,21,26-28,30,35,41H,6-13,20,22-25H2,1-5H3,(H,38,42)/t26-,27+,28-,35-/m0/s1",34076,COc1ccc(CN(C)C[C@@H]2OCCCC[C@H](C)Oc3ccc(NC(=O)C4CCCCC4)cc3C(=O)N(C[C@@H]2C)[C@H](C)CO)cc1,NA
Input,22862-76-6,0.22696087,InputSig,NA,NA,LINCSCP_13387,FIBRNPC,10uM,6h,NA,DNA synthesis inhibitor,NA,YKJYKKNCCRKFSL-BFHYXJOUSA-N,"InChI=1S/C14H19NO4/c1-9(16)19-14-12(15-8-13(14)17)7-10-3-5-11(18-2)6-4-10/h3-6,12-15,17H,7-8H2,1-2H3/t12-,13+,14+/m0/s1",16440,COc1ccc(C[C@@H]2NC[C@@H](O)[C@@H]2OC(=O)C)cc1,NA
Input,Carbonyl Cyanide M-Chlorophenylhydrazone,0.22686641,InputSig,NA,NA,LINCSCP_14416,HA1E,10uM,24h,kidney epithelial,Mitochondrial oxidative phosphorylation uncoupler,NA,UGTJLJZQQFGTJD-UHFFFAOYSA-N,"InChI=1S/C9H5ClN4/c10-7-2-1-3-8(4-7)13-14-9(5-11)6-12/h1-4,13H",33818,Clc1cccc(NN=C(C#N)C#N)c1,NA
Input,17-DMAG (Alvespimycin) HCl,0.22679094,InputSig,NA,NA,LINCSCP_71740,A375,0.04uM,24h,skin,NA,NA,KUFRQPKVAWMTJO-TYVPZVKISA-N,"InChI=1S/C32H48N4O8/c1-18-14-22-27(34-12-13-36(5)6)24(37)17-23(29(22)39)35-31(40)19(2)10-9-11-25(42-7)30(44-32(33)41)21(4)16-20(3)28(38)26(15-18)43-8/h9-11,16-18,20,25-26,28,30,34,38H,12-15H2,1-8H3,(H2,33,41)(H,35,40)/b11-9-,19-10-,21-16+/t18-,20+,25+,26+,28-,30+/m1/s1",27317,CO[C@H]1C[C@H](C)CC2=C(NCCN(C)C)C(=O)C=C(NC(=O)\C(=C/C=C\[C@H](OC)[C@@H](OC(=O)N)\C(=C\[C@H](C)[C@H]1O)\C)\C)C2=O,NA
Input,Benzohydroxamate,0.22668437,InputSig,NA,NA,LINCSCP_49512,PC3,0.37uM,24h,prostate,Other antifungal,NA,VDEUYMSGMPQMIK-UHFFFAOYSA-N,"InChI=1S/C7H7NO2/c9-7(8-10)6-4-2-1-3-5-6/h1-5,10H,(H,8,9)",39902,ONC(=O)c1ccccc1,NA
Input,CID-2858522,0.22664839,InputSig,NA,NA,LINCSCP_236569,MCF7,10uM,24h,breast,NFkB pathway inhibitor,NA,CYCGGKILBWERDJ-UHFFFAOYSA-N,"InChI=1S/C28H39N3O3/c1-17-12-22-23(13-18(17)2)31(26(30-22)29-10-9-11-32)16-24(33)19-14-20(27(3,4)5)25(34)21(15-19)28(6,7)8/h12-15,32,34H,9-11,16H2,1-8H3,(H,29,30)",15778,Cc1cc2nc(NCCCO)n(CC(=O)c3cc(c(O)c(c3)C(C)(C)C)C(C)(C)C)c2cc1C,NA
Input,Ganciclovir,0.22651733,InputSig,NA,NA,LINCSCP_91376,HA1E,3.33uM,24h,kidney epithelial,DNA polymerase inhibitor,NA,IRSCQMHQWWYFCW-UHFFFAOYSA-N,"InChI=1S/C9H13N5O4/c10-9-12-7-6(8(17)13-9)11-3-14(7)4-18-5(1-15)2-16/h3,5,15-16H,1-2,4H2,(H3,10,12,13,17)",25488,NC1=Nc2c(ncn2COC(CO)CO)C(=O)N1,NA
Input,N-Bromoacetyltryptamine,0.22644961,InputSig,NA,NA,LINCSCP_43319,NPC,10uM,6h,neural progenitor cells,Melatonin secretion inhibitor,NA,TZRUZONGYSVOGE-UHFFFAOYSA-N,"InChI=1S/C12H13BrN2O/c13-7-12(16)14-6-5-9-8-15-11-4-2-1-3-10(9)11/h1-4,8,15H,5-7H2,(H,14,16)",39938,BrCC(=O)NCCc1c[nH]c2ccccc12,NA
Input,CHEMBL3188763,0.22638009,InputSig,NA,NA,LINCSCP_1357,A375,10uM,24h,skin,NA,NA,HAONMKBGCRQXQR-UHFFFAOYSA-N,"InChI=1S/C19H16F2N4O2/c20-11-7-8-17(13(21)9-11)25-16-5-1-3-14(12(16)10-22-25)24-19(27)15-4-2-6-18(26)23-15/h2,4,6-10,14H,1,3,5H2,(H,23,26)(H,24,27)",22437,Oc1cccc(n1)C(=O)NC2CCCc3c2cnn3c4ccc(F)cc4F,NA
Input,Arundine,0.22625804,InputSig,NA,NA,LINCSCP_242311,MCF7,10uM,6h,breast,"CHK inhibitor|Cytochrome P450 activator|Indoleamine 2,3-dioxygenase inhibitor",AR|HIF1A|IFNG|PI3,VFTRKSBEFQDZKX-UHFFFAOYSA-N,"InChI=1S/C17H14N2/c1-3-7-16-14(5-1)12(10-18-16)9-13-11-19-17-8-4-2-6-15(13)17/h1-8,10-11,18-19H,9H2",16168,C(c1c[nH]c2ccccc12)c3c[nH]c4ccccc34,NA
Input,ENMD-2076,0.22621005,InputSig,NA,NA,LINCSCP_23902,HEPG2,10uM,24h,liver,Aurora kinase inhibitor|FLT3 inhibitor|VEGFR inhibitor,AURKA|AURKB|CSF1R|FGFR3|FLT3|KDR|KIT|PDGFRA|SRC,BLQYVHBZHAISJM-CMDGGOBGSA-N,"InChI=1S/C21H25N7/c1-16-14-20(26-25-16)23-19-15-21(28-12-10-27(2)11-13-28)24-18(22-19)9-8-17-6-4-3-5-7-17/h3-9,14-15H,10-13H2,1-2H3,(H2,22,23,24,25,26)/b9-8+",26537,CN1CCN(CC1)c2cc(Nc3cc(C)[nH]n3)nc(\C=C\c4ccccc4)n2,2
Input,HY-11007,0.22620561,InputSig,NA,NA,LINCSCP_148107,NPC.CAS9,3.33uM,24h,NA,Bcr-Abl kinase inhibitor,ABL1|BCR,WEVYNIUIFUYDGI-UHFFFAOYSA-N,"InChI=1S/C18H13F3N4O2/c19-18(20,21)27-14-6-4-13(5-7-14)25-16-9-15(23-10-24-16)11-2-1-3-12(8-11)17(22)26/h1-10H,(H2,22,26)(H,23,24,25)",36829,NC(=O)c1cccc(c1)c2cc(Nc3ccc(OC(F)(F)F)cc3)ncn2,NA
Input,Quiflapon,0.22618004,InputSig,NA,NA,LINCSCP_15591,HA1E,80uM,6h,kidney epithelial,Leukotriene inhibitor,ALOX5AP,NZOONKHCNQFYCI-UHFFFAOYSA-N,"InChI=1S/C34H35ClN2O3S/c1-33(2,3)41-31-27-18-26(40-21-25-15-12-23-8-6-7-9-28(23)36-25)16-17-29(27)37(20-22-10-13-24(35)14-11-22)30(31)19-34(4,5)32(38)39/h6-18H,19-21H2,1-5H3,(H,38,39)",36690,CC(C)(C)Sc1c(CC(C)(C)C(=O)O)n(Cc2ccc(Cl)cc2)c3ccc(OCc4ccc5ccccc5n4)cc13,NA
Input,Naftopidil,0.22612397,InputSig,NA,NA,LINCSCP_75069,A375,0.12uM,24h,skin,Adrenergic receptor antagonist,NA,HRRBJVNMSRJFHQ-UHFFFAOYSA-N,"InChI=1S/C24H28N2O3/c1-28-24-11-5-4-10-22(24)26-15-13-25(14-16-26)17-20(27)18-29-23-12-6-8-19-7-2-3-9-21(19)23/h2-12,20,27H,13-18H2,1H3",36222,COc1ccccc1N2CCN(CC(O)COc3cccc4ccccc34)CC2,3
Input,CHEMBL323994,0.22588688,InputSig,NA,NA,LINCSCP_22877,HEPG2,10uM,6h,liver,JAK inhibitor,JAK3,IQNTXIMXKCURDC-YBEGLDIGSA-N,"InChI=1S/C18H13N3O/c22-18-16(10-14-4-2-8-20-14)15-9-12(5-6-17(15)21-18)13-3-1-7-19-11-13/h1-11,20H,(H,21,22)/b16-10-",19756,O=C1Nc2ccc(cc2/C/1=C/c3ccc[nH]3)c4cccnc4,NA
Input,BRD-K80400482,0.22585336,InputSig,NA,NA,LINCSCP_41123,NEU,10uM,24h,NA,NA,NA,BSUDBHASFVKNIG-SLFFLAALSA-N,"InChI=1S/C21H27N3O2/c1-2-12-23-21(26)24-18(13-22)20(19(24)14-25)17-10-8-16(9-11-17)15-6-4-3-5-7-15/h6,8-11,18-20,25H,2-5,7,12,14H2,1H3,(H,23,26)/t18-,19-,20+/m0/s1",2495,CCCNC(=O)N1[C@@H](CO)[C@@H]([C@@H]1C#N)c2ccc(cc2)C3=CCCCC3,NA
Input,SMR000015484,0.22583697,InputSig,NA,NA,LINCSCP_31043,MCF7,10uM,6h,breast,NA,NA,MGHRGGHCCMMDND-ONEGZZNKSA-N,"InChI=1S/C19H22N4O2S/c1-3-4-12-23-15-16(22(2)18(25)21-17(15)24)20-19(23)26-13-8-11-14-9-6-5-7-10-14/h3-7,9-10H,8,11-13H2,1-2H3,(H,21,24,25)/b4-3+",132,C\C=C\Cn1c(SCCCc2ccccc2)nc3N(C)C(=O)NC(=O)c13,NA
Input,BD-1008,0.22583326,InputSig,NA,NA,LINCSCP_192921,A549,10uM,6h,lung,Sigma receptor antagonist,NA,ASGIQUHBAVIOTI-UHFFFAOYSA-N,"InChI=1S/C15H22Cl2N2/c1-18(10-11-19-7-2-3-8-19)9-6-13-4-5-14(16)15(17)12-13/h4-5,12H,2-3,6-11H2,1H3",34540,CN(CCN1CCCC1)CCc2ccc(Cl)c(Cl)c2,NA
Input,BRD-K69347381,0.22575832,InputSig,NA,NA,LINCSCP_34068,MCF7,10uM,6h,breast,NA,NA,RUOZLMFIBHXSJW-UMQWNRPGSA-N,"InChI=1S/C31H35F3N4O4/c1-20-16-38(21(2)19-39)29(40)26-15-25(36-30(41)35-24-7-5-4-6-8-24)13-14-27(26)42-28(20)18-37(3)17-22-9-11-23(12-10-22)31(32,33)34/h4-15,20-21,28,39H,16-19H2,1-3H3,(H2,35,36,41)/t20-,21-,28-/m1/s1",13336,C[C@H](CO)N1C[C@@H](C)[C@@H](CN(C)Cc2ccc(cc2)C(F)(F)F)Oc3ccc(NC(=O)Nc4ccccc4)cc3C1=O,NA
Input,Gallocatechin Gallate,0.22570013,InputSig,NA,NA,LINCSCP_39861,NCIH1694,90uM,6h,lung,Nitric oxide synthase inhibitor,BACE1|FASN,WMBWREPUVVBILR-NQIIRXRSSA-N,"InChI=1S/C22H18O11/c23-10-5-12(24)11-7-18(33-22(31)9-3-15(27)20(30)16(28)4-9)21(32-17(11)6-10)8-1-13(25)19(29)14(26)2-8/h1-6,18,21,23-30H,7H2/t18-,21+/m1/s1",16519,Oc1cc(O)c2C[C@@H](OC(=O)c3cc(O)c(O)c(O)c3)[C@@H](Oc2c1)c4cc(O)c(O)c(O)c4,NA
Input,Dilazep,0.22569354,InputSig,NA,NA,LINCSCP_25361,HT29,10uM,6h,large intestine,Adenosine reuptake inhibitor,SLC29A1,QVZCXCJXTMIDME-UHFFFAOYSA-N,"InChI=1S/C31H44N2O10/c1-36-24-18-22(19-25(37-2)28(24)40-5)30(34)42-16-8-12-32-10-7-11-33(15-14-32)13-9-17-43-31(35)23-20-26(38-3)29(41-6)27(21-23)39-4/h18-21H,7-17H2,1-6H3",35804,COc1cc(cc(OC)c1OC)C(=O)OCCCN2CCCN(CCCOC(=O)c3cc(OC)c(OC)c(OC)c3)CC2,NA
Input,AC1O7M2R,0.22564697,InputSig,NA,NA,LINCSCP_27146,HT29,10uM,6h,large intestine,Adenylyl cyclase activator,ADCY2,OHCQJHSOBUTRHG-ZYIXGEAZSA-N,"InChI=1S/C22H34O7/c1-8-19(5)11-14(25)22(27)20(6)13(24)9-10-18(3,4)16(20)15(26)17(28-12(2)23)21(22,7)29-19/h8,13,15-17,24,26-27H,1,9-11H2,2-7H3/t13-,15+,16+,17+,19+,20+,21-,22+/m1/s1",36028,CC(=O)O[C@H]1[C@@H](O)[C@H]2C(C)(C)CC[C@@H](O)[C@]2(C)[C@@]3(O)C(=O)C[C@@](C)(O[C@]13C)C=C,NA
Input,Orphenadrine,0.22556048,InputSig,NA,NA,LINCSCP_140067,MCF7,0.12uM,24h,breast,Acetylcholine receptor antagonist,GRIN1|GRIN2A|GRIN2B|GRIN2C|GRIN2D|GRIN3A|GRIN3B|HRH1|SCN10A|SCN11A|SCN1A|SCN2A|SCN3A|SCN4A|SCN5A|SCN7A|SCN8A|SCN9A|SLC6A2,QVYRGXJJSLMXQH-UHFFFAOYSA-N,"InChI=1S/C18H23NO/c1-15-9-7-8-12-17(15)18(20-14-13-19(2)3)16-10-5-4-6-11-16/h4-12,18H,13-14H2,1-3H3",6257,CN(C)CCOC(c1ccccc1)c2ccccc2C,4
Input,Aniracetam,0.2255313,InputSig,NA,NA,LINCSCP_262930,NPC,10uM,24h,neural progenitor cells,Glutamate receptor agonist,DRD2|GRIA1|GRIA2|GRIA3|HTR2A,ZXNRTKGTQJPIJK-UHFFFAOYSA-N,"InChI=1S/C12H13NO3/c1-16-10-6-4-9(5-7-10)12(15)13-8-2-3-11(13)14/h4-7H,2-3,8H2,1H3",35196,COc1ccc(cc1)C(=O)N2CCCC2=O,NA
Input,Zosuquidar,0.22548102,InputSig,NA,NA,LINCSCP_125740,HT29,10uM,24h,large intestine,P-glycoprotein inhibitor,ABCB1,IHOVFYSQUDPMCN-XAKVHENESA-N,"InChI=1S/C32H31F2N3O2/c33-32(34)29-22-7-1-3-9-24(22)31(25-10-4-2-8-23(25)30(29)32)37-17-15-36(16-18-37)19-21(38)20-39-28-13-5-12-27-26(28)11-6-14-35-27/h1-14,21,29-31,38H,15-20H2/t21-,29-,30+,31?/m1/s1",1608,O[C@@H](COc1cccc2ncccc12)CN3CCN(CC3)[C@H]4c5ccccc5[C@H]6[C@@H](c7ccccc47)C6(F)F,3
Input,BRD-K06589444,0.2254672,InputSig,NA,NA,LINCSCP_42947,NPC,10uM,24h,neural progenitor cells,NA,NA,IJQLDHZDAZBKMH-DAYGRLMNSA-N,"InChI=1S/C21H34N4O4/c1-13(2)22-21(28)23-17-9-7-8-16-19(17)29-18(11-24(5)6)14(3)10-25(20(16)27)15(4)12-26/h7-9,13-15,18,26H,10-12H2,1-6H3,(H2,22,23,28)/t14-,15+,18-/m0/s1",31861,CC(C)NC(=O)Nc1cccc2C(=O)N(C[C@H](C)[C@H](CN(C)C)Oc12)[C@H](C)CO,NA
Input,BRD-U88878891,0.22534221,InputSig,NA,NA,LINCSCP_26173,HT29,10uM,6h,large intestine,NA,NA,NA,NA,42718,NA,NA
Input,Coleoforsin,0.22520503,InputSig,NA,NA,LINCSCP_26788,HT29,10uM,6h,large intestine,Adenylyl cyclase activator,ADCY2|ADCY5,OHCQJHSOBUTRHG-VDCUXWMXSA-N,"InChI=1S/C22H34O7/c1-8-19(5)11-14(25)22(27)20(6)13(24)9-10-18(3,4)16(20)15(26)17(28-12(2)23)21(22,7)29-19/h8,13,15-17,24,26-27H,1,9-11H2,2-7H3/t13-,15-,16?,17-,19-,20-,21+,22-/m0/s1",415,CC(=O)O[C@H]1[C@@H](O)C2C(C)(C)CC[C@H](O)[C@]2(C)[C@@]3(O)C(=O)C[C@@](C)(O[C@]13C)C=C,NA
Input,CHEMBL2135649,0.22519062,InputSig,NA,NA,LINCSCP_59302,VCAP,10uM,24h,prostate,NA,NA,XHCFGJIATIGRMD-SQJKUQPUSA-N,"InChI=1S/C37H42N6O5/c1-24-20-43(25(2)23-44)36(46)29-12-9-15-32(41-37(47)39-28-10-5-4-6-11-28)34(29)48-33(24)22-42(3)21-26-16-18-27(19-17-26)35(45)40-31-14-8-7-13-30(31)38/h4-19,24-25,33,44H,20-23,38H2,1-3H3,(H,40,45)(H2,39,41,47)/t24-,25+,33+/m1/s1",40359,C[C@@H](CO)N1C[C@@H](C)[C@H](CN(C)Cc2ccc(cc2)C(=O)Nc3ccccc3N)Oc4c(NC(=O)Nc5ccccc5)cccc4C1=O,NA
Input,AT 7867,0.22515546,InputSig,NA,NA,LINCSCP_112240,HEPG2,0.04uM,24h,liver,NA,NA,LZMOSYUFVYJEPY-UHFFFAOYSA-N,"InChI=1S/C20H20ClN3/c21-19-7-5-18(6-8-19)20(9-11-22-12-10-20)17-3-1-15(2-4-17)16-13-23-24-14-16/h1-8,13-14,22H,9-12H2,(H,23,24)",15165,Clc1ccc(cc1)C2(CCNCC2)c3ccc(cc3)c4cn[nH]c4,NA
Input,BRD-K43776433,0.2251529,InputSig,NA,NA,LINCSCP_41101,NEU,10uM,24h,NA,NA,NA,CJNJMLGGDUQPOS-HYWXBTQMSA-N,"InChI=1S/C24H28N2O7S/c27-15-22-24-20(13-17(32-22)14-23(28)26-8-10-31-11-9-26)19-12-16(6-7-21(19)33-24)25-34(29,30)18-4-2-1-3-5-18/h1-7,12,17,20,22,24-25,27H,8-11,13-15H2/t17-,20-,22+,24+/m0/s1",36966,OC[C@H]1O[C@H](CC(=O)N2CCOCC2)C[C@@H]3[C@H]1Oc4ccc(NS(=O)(=O)c5ccccc5)cc34,NA
Input,Fipronil,0.22512665,InputSig,NA,NA,LINCSCP_141308,MCF7,0.37uM,24h,breast,Chloride channel blocker|GABA gated chloride channel blocker,NA,ZOCSXAVNDGMNBV-UHFFFAOYSA-N,"InChI=1S/C12H4Cl2F6N4OS/c13-5-1-4(11(15,16)17)2-6(14)8(5)24-10(22)9(7(3-21)23-24)26(25)12(18,19)20/h1-2H,22H2",400,Nc1c(c(nn1c2c(Cl)cc(cc2Cl)C(F)(F)F)C#N)S(=O)C(F)(F)F,NA
Input,BRD-K14833463,0.22511135,InputSig,NA,NA,LINCSCP_33984,MCF7,10uM,6h,breast,NA,NA,GNLIZSFOCYRQDY-RYTUXRKISA-N,"InChI=1S/C29H32Cl2N4O4/c1-18-14-35(19(2)17-36)29(38)23-13-22(33-28(37)21-8-10-32-11-9-21)5-7-26(23)39-27(18)16-34(3)15-20-4-6-24(30)25(31)12-20/h4-13,18-19,27,36H,14-17H2,1-3H3,(H,33,37)/t18-,19+,27+/m1/s1",32052,C[C@@H](CO)N1C[C@@H](C)[C@H](CN(C)Cc2ccc(Cl)c(Cl)c2)Oc3ccc(NC(=O)c4ccncc4)cc3C1=O,NA
Input,Resveratrol,0.22504137,InputSig,NA,NA,LINCSCP_133879,MCF7,1.11uM,24h,breast,Cytochrome P450 inhibitor|SIRT activator,PTGS1|PTGS2|SIRT1,LUKBXSAWLPMMSZ-OWOJBTEDSA-N,"InChI=1S/C14H12O3/c15-12-5-3-10(4-6-12)1-2-11-7-13(16)9-14(17)8-11/h1-9,15-17H/b2-1+",22163,Oc1ccc(\C=C\c2cc(O)cc(O)c2)cc1,NA
Input,SDZ NKT 343,0.22497775,InputSig,NA,NA,LINCSCP_107470,HELA,3.33uM,24h,large intestine,NA,NA,PCVSIMQAFWRUEC-JDXGNMNLSA-N,"InChI=1S/C33H33N5O5/c1-36(22-23-10-3-2-4-11-23)32(40)28(21-24-17-18-25-12-5-6-13-26(25)20-24)34-31(39)30-16-9-19-37(30)33(41)35-27-14-7-8-15-29(27)38(42)43/h2-8,10-15,17-18,20,28,30H,9,16,19,21-22H2,1H3,(H,34,39)(H,35,41)/t28-,30-/m0/s1",26598,CN(Cc1ccccc1)C(=O)[C@H](Cc2ccc3ccccc3c2)NC(=O)[C@@H]4CCCN4C(=O)Nc5ccccc5[N+](=O)[O-],NA
Input,Bosutinib,0.22468118,InputSig,NA,NA,LINCSCP_88341,HA1E,10uM,24h,kidney epithelial,Abl kinase inhibitor|Bcr-Abl kinase inhibitor|Src inhibitor,ABL1|BCR|CAMK2G|HCK|LYN|SRC,UBPYILGKFZZVDX-UHFFFAOYSA-N,"InChI=1S/C26H29Cl2N5O3/c1-32-6-8-33(9-7-32)5-4-10-36-25-13-21-18(11-24(25)35-3)26(17(15-29)16-30-21)31-22-14-23(34-2)20(28)12-19(22)27/h11-14,16H,4-10H2,1-3H3,(H,30,31)",37924,COc1cc(Nc2c(cnc3cc(OCCCN4CCN(C)CC4)c(OC)cc23)C#N)c(Cl)cc1Cl,4
Input,BRD-K72620090,0.22462914,InputSig,NA,NA,LINCSCP_35241,MCF7,10uM,24h,breast,NA,NA,UZQWVSGPDQQYNK-KJJMTIBFSA-N,"InChI=1S/C23H34FN3O4/c1-25-7-9-26(10-8-25)23(29)12-20-5-6-21-22(31-20)16-30-15-19(28)14-27(21)13-17-3-2-4-18(24)11-17/h2-4,11,19-22,28H,5-10,12-16H2,1H3/t19-,20-,21+,22-/m0/s1",3604,CN1CCN(CC1)C(=O)C[C@@H]2CC[C@@H]3[C@H](COC[C@@H](O)CN3Cc4cccc(F)c4)O2,NA
Input,Nicergoline,0.22462708,InputSig,NA,NA,LINCSCP_192525,A549,10uM,6h,lung,Adrenergic receptor antagonist,ADRA1A,YSEXMKHXIOCEJA-FVFQAYNVSA-N,"InChI=1S/C24H26BrN3O3/c1-27-13-17-8-21-24(30-3,19-5-4-6-20(27)22(17)19)9-15(12-28(21)2)14-31-23(29)16-7-18(25)11-26-10-16/h4-7,10-11,13,15,21H,8-9,12,14H2,1-3H3/t15-,21-,24+/m1/s1",36018,CO[C@]12C[C@@H](COC(=O)c3cncc(Br)c3)CN(C)[C@@H]1Cc4cn(C)c5cccc2c45,4
Input,Volasertib (BI 6727),0.22453052,InputSig,NA,NA,LINCSCP_79026,A375,0.04uM,24h,skin,Serine/threonine-protein kinase PLK1 inhibitor,PLK1,NA,NA,NA,NA,NA
Input,Methoxychlor,0.22452004,InputSig,NA,NA,LINCSCP_17053,HA1E,10uM,24h,kidney epithelial,Estrogenic metabolite,NA,IAKOZHOLGAGEJT-UHFFFAOYSA-N,"InChI=1S/C16H15Cl3O2/c1-20-13-7-3-11(4-8-13)15(16(17,18)19)12-5-9-14(21-2)10-6-12/h3-10,15H,1-2H3",17057,COc1ccc(cc1)C(c2ccc(OC)cc2)C(Cl)(Cl)Cl,NA
Input,BRD-K86048057,0.22448691,InputSig,NA,NA,LINCSCP_259103,NEU,10uM,24h,NA,NA,NA,LLXXDGJIXJGBNX-HXUWFJFHSA-N,"InChI=1S/C24H31N5O4S/c1-26-10-21(25-15-26)34(31,32)29-13-24(14-29)12-28(9-16-4-5-16)20(11-30)23-22(24)18-7-6-17(33-3)8-19(18)27(23)2/h6-8,10,15-16,20,30H,4-5,9,11-14H2,1-3H3/t20-/m1/s1",13804,COc1ccc2c3c([C@@H](CO)N(CC4CC4)CC35CN(C5)S(=O)(=O)c6cn(C)cn6)n(C)c2c1,NA
Input,SCHEMBL10061624,0.22446236,InputSig,NA,NA,LINCSCP_32080,MCF7,10uM,6h,breast,NA,NA,DBZJTGSRCYJPTL-LFVJCYFKSA-N,"InChI=1S/C23H27N3O5/c27-19-8-6-5-7-18(19)25-22(28)9-3-1-2-4-10-23(29)26-24-16-17-11-12-20-21(15-17)31-14-13-30-20/h5-8,11-12,15-16,27H,1-4,9-10,13-14H2,(H,25,28)(H,26,29)/b24-16+",22055,Oc1ccccc1NC(=O)CCCCCCC(=O)NN=Cc2ccc3OCCOc3c2,NA
Input,SCHEMBL2557158,0.22439396,InputSig,NA,NA,LINCSCP_22118,HEPG2,10uM,6h,liver,NA,NA,QKLJLRGZFIWPLI-UHFFFAOYSA-N,"InChI=1S/C19H23BrN4OS/c20-16-3-1-14(2-4-16)17-13-26-19(22-17)24-9-5-15(6-10-24)18(25)23-11-7-21-8-12-23/h1-4,13,15,21H,5-12H2",16063,Brc1ccc(cc1)c2csc(n2)N3CCC(CC3)C(=O)N4CCNCC4,NA
Input,PF431396,0.22425265,InputSig,NA,NA,LINCSCP_132284,MCF7,1.11uM,3h,breast,Focal adhesion kinase inhibitor,NA,POJZIZBONPAWIV-UHFFFAOYSA-N,"InChI=1S/C22H21F3N6O3S/c1-31(35(2,33)34)18-6-4-3-5-13(18)11-26-20-16(22(23,24)25)12-27-21(30-20)28-15-7-8-17-14(9-15)10-19(32)29-17/h3-9,12H,10-11H2,1-2H3,(H,29,32)(H2,26,27,28,30)",17513,CN(c1ccccc1CNc2nc(Nc3ccc4NC(=O)Cc4c3)ncc2C(F)(F)F)S(=O)(=O)C,NA
Input,CEP-18770 (Delanzomib),0.22415041,InputSig,NA,NA,LINCSCP_75876,A375,10uM,24h,skin,NA,NA,SJFBTAPEPRWNKH-CCKFTAQKSA-N,"InChI=1S/C21H28BN3O5/c1-13(2)12-18(22(29)30)24-21(28)19(14(3)26)25-20(27)17-11-7-10-16(23-17)15-8-5-4-6-9-15/h4-11,13-14,18-19,26,29-30H,12H2,1-3H3,(H,24,28)(H,25,27)/t14-,18+,19+/m1/s1",26610,CC(C)C[C@H](NC(=O)[C@@H](NC(=O)c1cccc(n1)c2ccccc2)[C@@H](C)O)B(O)O,NA
Input,NEFIRACETAM,0.22415023,InputSig,NA,NA,LINCSCP_107468,HELA,0.04uM,24h,large intestine,NA,NA,NGHTXZCKLWZPGK-UHFFFAOYSA-N,"InChI=1S/C14H18N2O2/c1-10-5-3-6-11(2)14(10)15-12(17)9-16-8-4-7-13(16)18/h3,5-6H,4,7-9H2,1-2H3,(H,15,17)",26962,Cc1cccc(C)c1NC(=O)CN2CCCC2=O,2
Input,N-[4-(Acridin-9-ylmethyl)-3-methoxyphenyl]methanesulfonamide,0.22394018,InputSig,NA,NA,LINCSCP_19149,HCC515,10uM,6h,lung,Topoisomerase inhibitor,TOP2A,JRNUZHHDXNSOMO-UHFFFAOYSA-N,"InChI=1S/C22H20N2O3S/c1-27-22-14-16(24-28(2,25)26)12-11-15(22)13-19-17-7-3-5-9-20(17)23-21-10-6-4-8-18(19)21/h3-12,14,24H,13H2,1-2H3",36198,COc1cc(NS(=O)(=O)C)ccc1Cc2c3ccccc3nc4ccccc24,NA
Input,"PI 3-K/mTOR Inhibitor III, PKI-179",0.22391222,InputSig,NA,NA,LINCSCP_101303,HELA,10uM,24h,large intestine,PI3-kinase p110-alpha subunit inhibitor|Serine/threonine-protein kinase mTOR inhibitor,MTOR|PIK3CA,WXUUCRLKXQMWRY-UHFFFAOYSA-N,"InChI=1S/C25H28N8O3/c34-25(28-19-7-9-26-10-8-19)27-18-3-1-17(2-4-18)22-29-23(32-11-13-35-14-12-32)31-24(30-22)33-20-5-6-21(33)16-36-15-20/h1-4,7-10,20-21H,5-6,11-16H2,(H2,26,27,28,34)",26678,O=C(Nc1ccncc1)Nc2ccc(cc2)c3nc(nc(n3)N4C5CCC4COC5)N6CCOCC6,1
Input,TWS 119,0.22389791,InputSig,NA,NA,LINCSCP_81277,A549,0.37uM,24h,lung,Glycogen synthase kinase inhibitor,GSK3B,VPVLEBIVXZSOMQ-UHFFFAOYSA-N,"InChI=1S/C18H14N4O2/c19-12-4-1-3-11(7-12)16-9-15-17(22-16)20-10-21-18(15)24-14-6-2-5-13(23)8-14/h1-10,23H,19H2,(H,20,21,22)",15136,Nc1cccc(c1)c2cc3c(Oc4cccc(O)c4)ncnc3[nH]2,NA
Input,Tomelukast,0.22372923,InputSig,NA,NA,LINCSCP_109498,HELA,0.33uM,24h,large intestine,Leukotriene receptor antagonist,CYSLTR1,MWYHLEQJTQJHSS-UHFFFAOYSA-N,"InChI=1S/C16H22N4O3/c1-3-6-13-14(9-8-12(11(2)21)16(13)22)23-10-5-4-7-15-17-19-20-18-15/h8-9,22H,3-7,10H2,1-2H3,(H,17,18,19,20)",32428,CCCc1c(O)c(ccc1OCCCCc2nnn[nH]2)C(=O)C,NA
Input,"AKT Inhibitor V, Triciribine",0.22358851,InputSig,NA,NA,LINCSCP_55889,VCAP,10uM,24h,prostate,AKT inhibitor,AKT1|AKT2|AKT3,HOGVTUZUJGHKPL-UHFFFAOYSA-N,"InChI=1S/C13H16N6O4/c1-18-11-7-5(10(14)17-18)2-19(12(7)16-4-15-11)13-9(22)8(21)6(3-20)23-13/h2,4,6,8-9,13,20-22H,3H2,1H3,(H2,14,17)",13313,CN1N=C(N)c2cn(C3OC(CO)C(O)C3O)c4ncnc1c24,NA
Input,ST070518,0.22355493,InputSig,NA,NA,LINCSCP_29063,HUH7,10uM,6h,liver,NA,NA,LMUYWIWNNMDOGM-UHFFFAOYSA-N,"InChI=1S/C19H27N3O2/c1-6-24-19(23)16-12-21-17-14(3)13(2)8-9-15(17)18(16)20-10-7-11-22(4)5/h8-9,12H,6-7,10-11H2,1-5H3,(H,20,21)",19434,CCOC(=O)c1cnc2c(C)c(C)ccc2c1NCCCN(C)C,NA
Input,Fludarabine,0.22334993,InputSig,NA,NA,LINCSCP_272085,PC3,10uM,24h,prostate,DNA synthesis inhibitor,RRM1,HBUBKKRHXORPQB-FJFJXFQQSA-N,"InChI=1S/C10H12FN5O4/c11-10-14-7(12)4-8(15-10)16(2-13-4)9-6(19)5(18)3(1-17)20-9/h2-3,5-6,9,17-19H,1H2,(H2,12,14,15)/t3-,5-,6+,9-/m1/s1",36521,Nc1nc(F)nc2c1ncn2[C@@H]3O[C@H](CO)[C@@H](O)[C@@H]3O,NA
Input,NSC25485,0.22322224,InputSig,NA,NA,LINCSCP_25153,HT29,10uM,6h,large intestine,ATPase inhibitor,ATP1A1,LPMXVESGRSUGHW-UHFFFAOYSA-N,"InChI=1S/C29H44O12/c1-13-22(34)23(35)24(36)25(40-13)41-15-8-19(32)28(12-30)21-17(3-5-27(28,37)9-15)29(38)6-4-16(14-7-20(33)39-11-14)26(29,2)10-18(21)31/h7,13,15-19,21-25,30-32,34-38H,3-6,8-12H2,1-2H3",22412,CC1OC(OC2CC(O)C3(CO)C4C(O)CC5(C)C(CCC5(O)C4CCC3(O)C2)C6=CC(=O)OC6)C(O)C(O)C1O,NA
Input,CHEMBL1673039,0.22285654,InputSig,NA,NA,LINCSCP_133257,MCF7,0.37uM,24h,breast,Leucine rich repeat kinase inhibitor|MAP kinase inhibitor,LRRK2|MAPK7,DDTPGANIPBKTNU-UHFFFAOYSA-N,"InChI=1S/C25H29N7O2/c1-29-11-13-32(14-12-29)17-9-10-19(22(15-17)34-4)27-25-26-16-21-23(28-25)30(2)20-8-6-5-7-18(20)24(33)31(21)3/h5-10,15-16H,11-14H2,1-4H3,(H,26,27,28)",15131,COc1cc(ccc1Nc2ncc3N(C)C(=O)c4ccccc4N(C)c3n2)N5CCN(C)CC5,NA
Input,Triamterene,0.22270326,InputSig,NA,NA,LINCSCP_34417,MCF7,10uM,6h,breast,"Amiloride-sensitive sodium channel, ENaC blocker",SCNN1A|SCNN1B|SCNN1G,FNYLWPVRPXGIIP-UHFFFAOYSA-N,"InChI=1S/C12H11N7/c13-9-7(6-4-2-1-3-5-6)16-8-10(14)18-12(15)19-11(8)17-9/h1-5H,(H6,13,14,15,17,18,19)",7545,Nc1nc(N)c2nc(c(N)nc2n1)c3ccccc3,4
Input,"N-(4-Bromophenyl)-2-{[5-(2-chlorophenyl)-4-phenyl-4H-1,2,4-triazol-3-yl]sulfanyl}acetamide",0.22253203,InputSig,NA,NA,LINCSCP_59024,VCAP,10uM,6h,prostate,NA,NA,OZKZBESQIKFNJU-UHFFFAOYSA-N,"InChI=1S/C22H16BrClN4OS/c23-15-10-12-16(13-11-15)25-20(29)14-30-22-27-26-21(18-8-4-5-9-19(18)24)28(22)17-6-2-1-3-7-17/h1-13H,14H2,(H,25,29)",1402,Clc1ccccc1c2nnc(SCC(=O)Nc3ccc(Br)cc3)n2c4ccccc4,NA
Input,Azelastine,0.22245476,InputSig,NA,NA,LINCSCP_78958,A375,0.37uM,24h,skin,Histamine receptor antagonist,HRH1,MBUVEWMHONZEQD-UHFFFAOYSA-N,"InChI=1S/C22H24ClN3O/c1-25-13-4-5-18(12-14-25)26-22(27)20-7-3-2-6-19(20)21(24-26)15-16-8-10-17(23)11-9-16/h2-3,6-11,18H,4-5,12-15H2,1H3",16244,CN1CCCC(CC1)N2N=C(Cc3ccc(Cl)cc3)c4ccccc4C2=O,4
Input,SCHEMBL6463149,0.22241761,InputSig,NA,NA,LINCSCP_2224,A375,10uM,6h,skin,Caspase inhibitor,CASP3,APTVJNKPZZAJMD-FXZPAHAQSA-N,"InChI=1S/C35H40N4O7S/c1-22-18-26(16-17-31(22)45-5)47(43,44)38(4)20-32-23(2)19-39(24(3)21-40)34(41)28-13-9-15-30(33(28)46-32)37-35(42)36-29-14-8-11-25-10-6-7-12-27(25)29/h6-18,23-24,32,40H,19-21H2,1-5H3,(H2,36,37,42)/t23-,24+,32+/m1/s1",36314,COc1ccc(cc1C)S(=O)(=O)N(C)C[C@@H]2Oc3c(NC(=O)Nc4cccc5ccccc45)cccc3C(=O)N(C[C@H]2C)[C@@H](C)CO,NA
Input,AZD-1152HQPA,0.22232194,InputSig,NA,NA,LINCSCP_4117,A375,5uM,6h,skin,Aurora kinase inhibitor,NA,NA,NA,42704,NA,NA
Input,Formoterol,0.22222487,InputSig,NA,NA,LINCSCP_158284,PC3,3.33uM,24h,prostate,Adrenergic receptor agonist,ADRB2,BPZSYCZIITTYBL-ORAYPTAESA-N,"InChI=1S/C19H24N2O4/c1-13(9-14-3-6-16(25-2)7-4-14)20-11-19(24)15-5-8-18(23)17(10-15)21-12-22/h3-8,10,12-13,19-20,23-24H,9,11H2,1-2H3,(H,21,22)/t13-,19+/m0/s1",36217,COc1ccc(C[C@H](C)NC[C@@H](O)c2ccc(O)c(NC=O)c2)cc1,NA
Input,Neratinib,0.22215846,InputSig,NA,NA,LINCSCP_39095,MDAMB231,10uM,24h,NA,EGFR inhibitor,EGFR|ERBB2|ERBB4,JWNPDZNEKVCWMY-UHFFFAOYSA-N,"InChI=1S/C30H29ClN6O3/c1-4-39-28-16-25-23(15-26(28)36-29(38)9-7-13-37(2)3)30(20(17-32)18-34-25)35-21-10-11-27(24(31)14-21)40-19-22-8-5-6-12-33-22/h5-12,14-16,18H,4,13,19H2,1-3H3,(H,34,35)(H,36,38)",27312,CCOc1cc2ncc(C#N)c(Nc3ccc(OCc4ccccn4)c(Cl)c3)c2cc1NC(=O)C=CCN(C)C,NA
Input,Neratinib,0.22215846,InputSig,NA,NA,LINCSCP_39095,MDAMB231,10uM,24h,NA,EGFR inhibitor,EGFR|ERBB2|ERBB4,JWNPDZNEKVCWMY-VQHVLOKHSA-N,"InChI=1S/C30H29ClN6O3/c1-4-39-28-16-25-23(15-26(28)36-29(38)9-7-13-37(2)3)30(20(17-32)18-34-25)35-21-10-11-27(24(31)14-21)40-19-22-8-5-6-12-33-22/h5-12,14-16,18H,4,13,19H2,1-3H3,(H,34,35)(H,36,38)/b9-7+",17243,CCOc1cc2ncc(C#N)c(Nc3ccc(OCc4ccccn4)c(Cl)c3)c2cc1NC(=O)\C=C\CN(C)C,3
Input,Avicin-D,0.2221165,InputSig,NA,NA,LINCSCP_3766,A375,10uM,6h,skin,NFkB pathway inhibitor,NA,HKEDBKXRDHFCFB-OIUXLAMQSA-N,"InChI=1S/C98H155NO46/c1-16-93(11,127)26-18-20-45(34-101)81(125)139-75-41(4)132-87(73(122)69(75)118)145-94(12,17-2)27-19-21-44(33-100)80(124)137-57-32-98(90(126)144-89-79(68(117)62(111)50(36-103)135-89)143-86-74(123)77(141-85-72(121)66(115)61(110)49(35-102)133-85)76(42(5)131-86)140-84-71(120)63(112)51(37-104)134-84)47(30-91(57,7)8)46-22-23-54-95(13)28-25-56(92(9,10)53(95)24-29-96(54,14)97(46,15)31-55(98)107)138-82-58(99-43(6)105)65(114)64(113)52(136-82)39-129-88-78(67(116)59(108)40(3)130-88)142-83-70(119)60(109)48(106)38-128-83/h16-17,20-22,40-42,47-79,82-89,100-104,106-123,127H,1-2,18-19,23-39H2,3-15H3,(H,99,105)/b44-21+,45-20+/t40?,41?,42?,47?,48-,49?,50?,51+,52?,53?,54?,55-,56+,57+,58+,59+,60-,61-,62-,63+,64-,65+,66-,67-,68-,69+,70+,71+,72+,73+,74+,75-,76+,77+,78+,79+,82+,83+,84+,85+,86+,87+,88-,89+,93?,94-,95+,96-,97-,98-/m1/s1",5590,CC1O[C@@H](OCC2O[C@@H](O[C@H]3CC[C@@]4(C)C(CC[C@]5(C)C4CC=C6C7CC(C)(C)[C@H](C[C@@]7([C@H](O)C[C@@]56C)C(=O)O[C@@H]8OC(CO)[C@@H](O)[C@@H](O)[C@@H]8O[C@@H]9OC(C)[C@H](O[C@@H]%10O[C@@H](CO)[C@H](O)[C@@H]%10O)[C@@H](O[C@@H]%11OC(CO)[C@@H](O)[C@@H](O)[C@@H]%11O)[C@@H]9O)OC(=O)\C(=C\CC[C@](C)(O[C@@H]%12OC(C)[C@@H](OC(=O)\C(=C\CCC(C)(O)C=C)\CO)[C@@H](O)[C@@H]%12O)C=C)\CO)C3(C)C)[C@@H](NC(=O)C)[C@H](O)[C@@H]2O)[C@@H](O[C@@H]%13OC[C@@H](O)[C@@H](O)[C@@H]%13O)[C@H](O)[C@H]1O,NA
Input,Dicloxacillin,0.22206155,InputSig,NA,NA,LINCSCP_237804,MCF7,10uM,24h,breast,Bacterial cell wall synthesis inhibitor,NA,YFAGHNZHGGCZAX-JKIFEVAISA-N,"InChI=1S/C19H17Cl2N3O5S/c1-7-10(12(23-29-7)11-8(20)5-4-6-9(11)21)15(25)22-13-16(26)24-14(18(27)28)19(2,3)30-17(13)24/h4-6,13-14,17H,1-3H3,(H,22,25)(H,27,28)/t13-,14+,17-/m1/s1",16277,Cc1onc(c1C(=O)N[C@H]2[C@H]3SC(C)(C)[C@@H](N3C2=O)C(=O)O)c4c(Cl)cccc4Cl,4
Input,AC1NUE3V,0.22204472,InputSig,NA,NA,LINCSCP_2247,A375,10uM,6h,skin,Protein phosphatase inhibitor,DUSP1|DUSP6,XJDKPLZUXCIMIS-HKWRFOASSA-N,"InChI=1S/C22H23NO/c24-22-19-14-8-7-13-18(19)21(23-17-11-5-2-6-12-17)20(22)15-16-9-3-1-4-10-16/h1,3-4,7-10,13-15,17,21,23H,2,5-6,11-12H2/b20-15-",17672,O=C1\C(=C/c2ccccc2)\C(NC3CCCCC3)c4ccccc14,NA
Input,BRD-K44766290,0.22197817,InputSig,NA,NA,LINCSCP_59879,VCAP,5uM,24h,prostate,NA,NA,ATOUFFMQMQIITO-HHJKRLRDSA-N,"InChI=1S/C27H38N4O5/c1-18-15-31(19(2)17-32)26(33)14-20-13-22(29(3)4)9-12-24(20)36-25(18)16-30(5)27(34)28-21-7-10-23(35-6)11-8-21/h7-13,18-19,25,32H,14-17H2,1-6H3,(H,28,34)/t18-,19+,25-/m1/s1",32828,COc1ccc(NC(=O)N(C)C[C@H]2Oc3ccc(cc3CC(=O)N(C[C@H]2C)[C@@H](C)CO)N(C)C)cc1,NA
Input,ChEBI91594,0.2218892,InputSig,NA,NA,LINCSCP_42696,NPC,10uM,24h,neural progenitor cells,Tubulin inhibitor,NR1I2|TUBB,RCINICONZNJXQF-UHFFFAOYSA-N,"InChI=1S/C47H51NO14/c1-25-31(60-43(56)36(52)35(28-16-10-7-11-17-28)48-41(54)29-18-12-8-13-19-29)23-47(57)40(61-42(55)30-20-14-9-15-21-30)38-45(6,32(51)22-33-46(38,24-58-33)62-27(3)50)39(53)37(59-26(2)49)34(25)44(47,4)5/h7-21,31-33,35-38,40,51-52,57H,22-24H2,1-6H3,(H,48,54)",343,CC(=O)OC1C(=O)C2(C)C(O)CC3OCC3(OC(=O)C)C2C(OC(=O)c4ccccc4)C5(O)CC(OC(=O)C(O)C(NC(=O)c6ccccc6)c7ccccc7)C(=C1C5(C)C)C,NA
Input,CHEMBL2357503,0.22185749,InputSig,NA,NA,LINCSCP_50486,PHH,10uM,6h,NA,NA,NA,COTLGVLRTBZUTQ-CRFLUJQRSA-N,"InChI=1S/C34H34N4O6/c1-21-16-28(37-44-21)33(40)36-25-12-15-30-27(17-25)34(41)38(2)29-14-13-26(43-31(29)20-42-30)18-32(39)35-19-22-8-10-24(11-9-22)23-6-4-3-5-7-23/h3-12,15-17,26,29,31H,13-14,18-20H2,1-2H3,(H,35,39)(H,36,40)/t26-,29-,31-/m0/s1",36826,CN1[C@H]2CC[C@@H](CC(=O)NCc3ccc(cc3)c4ccccc4)O[C@H]2COc5ccc(NC(=O)c6cc(C)on6)cc5C1=O,NA
Input,Brazilin,0.22173294,InputSig,NA,NA,LINCSCP_2572,A375,10uM,6h,skin,Nitric oxide production inhibitor,NA,UWHUTZOCTZJUKC-UHFFFAOYSA-N,"InChI=1S/C16H14O5/c17-9-1-2-10-14(4-9)21-7-16(20)6-8-3-12(18)13(19)5-11(8)15(10)16/h1-5,15,17-20H,6-7H2",35437,Oc1ccc2C3c4cc(O)c(O)cc4CC3(O)COc2c1,NA
Input,BRD-K86336638,0.22169331,InputSig,NA,NA,LINCSCP_28875,HUH7,10uM,24h,liver,NA,NA,DRCDGYYITPZHEH-OCUZPWFOSA-N,"InChI=1S/C35H35N3O5S/c1-38-30-15-14-27(19-33(39)36-21-23-9-11-25(12-10-23)24-6-3-2-4-7-24)43-32(30)22-42-31-16-13-26(18-29(31)35(38)41)37-34(40)20-28-8-5-17-44-28/h2-13,16-18,27,30,32H,14-15,19-22H2,1H3,(H,36,39)(H,37,40)/t27-,30-,32+/m0/s1",324,CN1[C@H]2CC[C@@H](CC(=O)NCc3ccc(cc3)c4ccccc4)O[C@@H]2COc5ccc(NC(=O)Cc6cccs6)cc5C1=O,NA
Input,SPECTRUM_000403,0.22152147,InputSig,NA,NA,LINCSCP_173067,YAPC,0.12uM,24h,pancreas,Glucocorticoid receptor agonist,NR3C1,POPFMWWJOGLOIF-KYSSJFEUSA-N,"InChI=1S/C24H33FO6/c1-21(2)30-19-9-14-13-8-16(25)15-7-12(27)5-6-22(15,3)20(13)17(28)10-23(14,4)24(19,31-21)18(29)11-26/h7,13-14,16-17,19-20,26,28H,5-6,8-11H2,1-4H3/t13?,14?,16-,17-,19+,20?,22-,23-,24+/m0/s1",399,CC1(C)O[C@@H]2CC3C4C[C@H](F)C5=CC(=O)CC[C@]5(C)C4[C@@H](O)C[C@]3(C)[C@@]2(O1)C(=O)CO,NA
Input,Itrazole,0.22138533,InputSig,NA,NA,LINCSCP_10297,A673,10uM,6h,bone,Cytochrome P450 inhibitor,NA,VHVPQPYKVGDNFY-UHFFFAOYSA-N,"InChI=1S/C35H38Cl2N8O4/c1-3-25(2)45-34(46)44(24-40-45)29-7-5-27(6-8-29)41-14-16-42(17-15-41)28-9-11-30(12-10-28)47-19-31-20-48-35(49-31,21-43-23-38-22-39-43)32-13-4-26(36)18-33(32)37/h4-13,18,22-25,31H,3,14-17,19-21H2,1-2H3",36357,CCC(C)N1N=CN(C1=O)c2ccc(cc2)N3CCN(CC3)c4ccc(OCC5COC(Cn6cncn6)(O5)c7ccc(Cl)cc7Cl)cc4,NA
Input,CHEMBL2139291,0.22134747,InputSig,NA,NA,LINCSCP_47153,PC3,10uM,24h,prostate,NA,NA,XHCFGJIATIGRMD-PHLCOOFXSA-N,"InChI=1S/C37H42N6O5/c1-24-20-43(25(2)23-44)36(46)29-12-9-15-32(41-37(47)39-28-10-5-4-6-11-28)34(29)48-33(24)22-42(3)21-26-16-18-27(19-17-26)35(45)40-31-14-8-7-13-30(31)38/h4-19,24-25,33,44H,20-23,38H2,1-3H3,(H,40,45)(H2,39,41,47)/t24-,25-,33+/m1/s1",19807,C[C@H](CO)N1C[C@@H](C)[C@H](CN(C)Cc2ccc(cc2)C(=O)Nc3ccccc3N)Oc4c(NC(=O)Nc5ccccc5)cccc4C1=O,NA
Input,Raltegravir,0.22129844,InputSig,NA,NA,LINCSCP_138767,MCF7,0.04uM,24h,breast,HIV integrase inhibitor,NA,CZFFBEXEKNGXKS-UHFFFAOYSA-N,"InChI=1S/C20H21FN6O5/c1-10-25-26-17(32-10)16(30)24-20(2,3)19-23-13(14(28)18(31)27(19)4)15(29)22-9-11-5-7-12(21)8-6-11/h5-8,28H,9H2,1-4H3,(H,22,29)(H,24,30)",16276,CN1C(=O)C(=C(N=C1C(C)(C)NC(=O)c2oc(C)nn2)C(=O)NCc3ccc(F)cc3)O,4
Input,GSK-1070916,0.22127667,InputSig,NA,NA,LINCSCP_11937,BT20,10uM,6h,breast,Aurora kinase inhibitor,AURKB|AURKC,QTBWCSQGBMPECM-UHFFFAOYSA-N,"InChI=1S/C30H33N7O/c1-6-37-19-26(28(34-37)21-10-12-23(13-11-21)32-30(38)36(4)5)24-14-15-31-29-25(24)17-27(33-29)22-9-7-8-20(16-22)18-35(2)3/h7-17,19H,6,18H2,1-5H3,(H,31,33)(H,32,38)",37785,CCn1cc(c2ccnc3[nH]c(cc23)c4cccc(CN(C)C)c4)c(n1)c5ccc(NC(=O)N(C)C)cc5,1
Input,Cyclosporine,0.2212178,InputSig,NA,NA,LINCSCP_192864,A549,10uM,6h,lung,Calcineurin inhibitor,PPIA|PPP3CA,PMATZTZNYRCHOR-NFOUMSERSA-N,"InChI=1S/C62H111N11O12/c1-25-27-28-40(15)52(75)51-56(79)65-43(26-2)58(81)67(18)33-48(74)68(19)44(29-34(3)4)55(78)66-49(38(11)12)61(84)69(20)45(30-35(5)6)54(77)63-41(16)53(76)64-42(17)57(80)70(21)46(31-36(7)8)59(82)71(22)47(32-37(9)10)60(83)72(23)50(39(13)14)62(85)73(51)24/h25,27,34-47,49-52,75H,26,28-33H2,1-24H3,(H,63,77)(H,64,76)(H,65,79)(H,66,78)/b27-25+/t40-,41?,42-,43?,44?,45?,46?,47?,49?,50?,51?,52-/m1/s1",5087,CCC1NC(=O)C([C@H](O)[C@H](C)C\C=C\C)N(C)C(=O)C(C(C)C)N(C)C(=O)C(CC(C)C)N(C)C(=O)C(CC(C)C)N(C)C(=O)[C@@H](C)NC(=O)C(C)NC(=O)C(CC(C)C)N(C)C(=O)C(NC(=O)C(CC(C)C)N(C)C(=O)CN(C)C1=O)C(C)C,NA
Input,Cyclosporine,0.2212178,InputSig,NA,NA,LINCSCP_192864,A549,10uM,6h,lung,Calcineurin inhibitor,PPIA|PPP3CA,PMATZTZNYRCHOR-CGLBZJNRSA-N,"InChI=1S/C62H111N11O12/c1-25-27-28-40(15)52(75)51-56(79)65-43(26-2)58(81)67(18)33-48(74)68(19)44(29-34(3)4)55(78)66-49(38(11)12)61(84)69(20)45(30-35(5)6)54(77)63-41(16)53(76)64-42(17)57(80)70(21)46(31-36(7)8)59(82)71(22)47(32-37(9)10)60(83)72(23)50(39(13)14)62(85)73(51)24/h25,27,34-47,49-52,75H,26,28-33H2,1-24H3,(H,63,77)(H,64,76)(H,65,79)(H,66,78)/b27-25+/t40-,41+,42-,43+,44+,45+,46+,47+,49+,50+,51+,52-/m1/s1",134,CC[C@@H]1NC(=O)[C@H]([C@H](O)[C@H](C)C\C=C\C)N(C)C(=O)[C@H](C(C)C)N(C)C(=O)[C@H](CC(C)C)N(C)C(=O)[C@H](CC(C)C)N(C)C(=O)[C@@H](C)NC(=O)[C@H](C)NC(=O)[C@H](CC(C)C)N(C)C(=O)[C@@H](NC(=O)[C@H](CC(C)C)N(C)C(=O)CN(C)C1=O)C(C)C,4
Input,Broad-Sai-560,0.22106844,InputSig,NA,NA,LINCSCP_218228,HCC515,3.33uM,24h,lung,HDAC inhibitor,NA,NA,NA,42710,NA,NA
Input,TGX 221,0.22094737,InputSig,NA,NA,LINCSCP_46903,PC3,10uM,6h,prostate,PI3K inhibitor,PIK3CB,CPRAGQJXBLMUEL-UHFFFAOYSA-N,"InChI=1S/C21H24N4O2/c1-15-12-18(16(2)22-17-6-4-3-5-7-17)21-23-19(13-20(26)25(21)14-15)24-8-10-27-11-9-24/h3-7,12-14,16,22H,8-11H2,1-2H3",17594,CC(Nc1ccccc1)C2=CC(=CN3C(=O)C=C(N=C23)N4CCOCC4)C,NA
Input,Disopyramide,0.22090995,InputSig,NA,NA,LINCSCP_243096,MCF7,10uM,6h,breast,Sodium channel alpha subunit blocker,SCN10A|SCN11A|SCN1A|SCN2A|SCN3A|SCN4A|SCN5A|SCN7A|SCN8A|SCN9A,UVTNFZQICZKOEM-UHFFFAOYSA-N,"InChI=1S/C21H29N3O/c1-16(2)24(17(3)4)15-13-21(20(22)25,18-10-6-5-7-11-18)19-12-8-9-14-23-19/h5-12,14,16-17H,13,15H2,1-4H3,(H2,22,25)",15215,CC(C)N(CCC(C(=O)N)(c1ccccc1)c2ccccn2)C(C)C,4
Input,SCHEMBL10583556,0.22070156,InputSig,NA,NA,LINCSCP_5693,A549,10uM,24h,lung,Cyclooxygenase inhibitor,PTGS1|PTGS2,MNSCVRXKDINXEY-UHFFFAOYSA-N,"InChI=1S/C15H13N3O4S/c1-18-13(15(20)17-12-8-4-5-9-16-12)14(19)10-6-2-3-7-11(10)23(18,21)22/h2-9,13H,1H3,(H,16,17,20)",22427,CN1C(C(=O)Nc2ccccn2)C(=O)c3ccccc3S1(=O)=O,NA
Input,Netupitant,0.22065198,InputSig,NA,NA,LINCSCP_99312,HA1E,10uM,24h,kidney epithelial,Neurokinin 1 receptor antagonist,TACR1,WAXQNWCZJDTGBU-UHFFFAOYSA-N,"InChI=1S/C30H32F6N4O/c1-19-8-6-7-9-23(19)24-17-26(40-12-10-38(4)11-13-40)37-18-25(24)39(5)27(41)28(2,3)20-14-21(29(31,32)33)16-22(15-20)30(34,35)36/h6-9,14-18H,10-13H2,1-5H3",26659,CN(C(=O)C(C)(C)c1cc(cc(c1)C(F)(F)F)C(F)(F)F)c2cnc(cc2c3ccccc3C)N4CCN(C)CC4,4
Input,SCHEMBL16980377,0.220591,InputSig,NA,NA,LINCSCP_10041,A549,3.33uM,24h,lung,NA,NA,MRJCPWMBHXTRFB-HGAMEBRSSA-N,"InChI=1S/C29H32N2O5/c1-31(2)20-10-13-26-24(14-20)25-15-23(35-27(18-32)29(25)36-26)16-28(33)30-17-19-8-11-22(12-9-19)34-21-6-4-3-5-7-21/h3-14,23,25,27,29,32H,15-18H2,1-2H3,(H,30,33)/t23-,25-,27-,29+/m0/s1",1811,CN(C)c1ccc2O[C@H]3[C@H](CO)O[C@H](CC(=O)NCc4ccc(Oc5ccccc5)cc4)C[C@H]3c2c1,NA
Input,CHEMBL569102,0.22058217,InputSig,NA,NA,LINCSCP_41557,NEU,10uM,6h,NA,Anticancer agent,NA,WWBNWNFPDKAYDJ-UHFFFAOYSA-N,"InChI=1S/C23H20FN5O/c1-25-23-28-20-5-3-2-4-19(20)21(29-23)26-14-15-6-12-18(13-7-15)27-22(30)16-8-10-17(24)11-9-16/h2-13H,14H2,1H3,(H,27,30)(H2,25,26,28,29)",19486,CNc1nc(NCc2ccc(NC(=O)c3ccc(F)cc3)cc2)c4ccccc4n1,NA
Input,NU-7441,0.22045745,InputSig,NA,NA,LINCSCP_163169,SKBR3,10uM,3h,breast,DNA dependent protein kinase inhibitor|P-glycoprotein inhibitor,PRKDC,JAMULYFATHSZJM-UHFFFAOYSA-N,"InChI=1S/C25H19NO3S/c27-21-15-23(26-11-13-28-14-12-26)29-24-17(6-3-9-20(21)24)19-8-4-7-18-16-5-1-2-10-22(16)30-25(18)19/h1-10,15H,11-14H2",37780,O=C1C=C(Oc2c1cccc2c3cccc4c5ccccc5sc34)N6CCOCC6,NA
Input,2-Aminopurine,0.22041766,InputSig,NA,NA,LINCSCP_46753,PC3,10uM,24h,prostate,Serine/threonine kinase inhibitor,NA,MWBWWFOAEOYUST-UHFFFAOYSA-N,"InChI=1S/C5H5N5/c6-5-7-1-3-4(10-5)9-2-8-3/h1-2H,(H3,6,7,8,9,10)",28081,Nc1ncc2nc[nH]c2n1,NA
Input,Dutasteride,0.22031207,InputSig,NA,NA,LINCSCP_89560,HA1E,10uM,24h,kidney epithelial,Steroid 5-alpha-reductase inhibitor,SRD5A1|SRD5A2|SRD5A3,JWJOTENAMICLJG-QWBYCMEYSA-N,"InChI=1S/C27H30F6N2O2/c1-24-11-9-17-15(4-8-21-25(17,2)12-10-22(36)35-21)16(24)6-7-19(24)23(37)34-20-13-14(26(28,29)30)3-5-18(20)27(31,32)33/h3,5,10,12-13,15-17,19,21H,4,6-9,11H2,1-2H3,(H,34,37)(H,35,36)/t15-,16-,17-,19+,21+,24-,25+/m0/s1",27061,C[C@]12CC[C@H]3[C@@H](CC[C@H]4NC(=O)C=C[C@]34C)[C@@H]1CC[C@@H]2C(=O)Nc5cc(ccc5C(F)(F)F)C(F)(F)F,4
Input,Paroxetine,0.22027062,InputSig,NA,NA,LINCSCP_220521,HEPG2,10uM,6h,liver,Selective serotonin reuptake inhibitor (SSRI),SLC6A4,AHOUBRCZNHFOSL-YOEHRIQHSA-N,"InChI=1S/C19H20FNO3/c20-15-3-1-13(2-4-15)17-7-8-21-10-14(17)11-22-16-5-6-18-19(9-16)24-12-23-18/h1-6,9,14,17,21H,7-8,10-12H2/t14-,17-/m0/s1",35722,Fc1ccc(cc1)[C@@H]2CCNC[C@H]2COc3ccc4OCOc4c3,4
Input,BMS-299897,0.22026625,InputSig,NA,NA,LINCSCP_52971,SKLU1,10uM,6h,lung,Gamma secretase inhibitor,NA,IZAOBRWCUGOKNH-OAHLLOKOSA-N,"InChI=1S/C24H21ClF3NO4S/c1-15(21-11-7-18(26)13-16(21)3-2-4-24(30)31)29(23-14-19(27)8-12-22(23)28)34(32,33)20-9-5-17(25)6-10-20/h5-15H,2-4H2,1H3,(H,30,31)/t15-/m1/s1",36678,C[C@@H](N(c1cc(F)ccc1F)S(=O)(=O)c2ccc(Cl)cc2)c3ccc(F)cc3CCCC(=O)O,NA
Input,Tyrphostin A9,0.22023038,InputSig,NA,NA,LINCSCP_6613,A549,10uM,6h,lung,Protein tyrosine kinase inhibitor|Tyrosine kinase inhibitor,NA,MZOPWQKISXCCTP-UHFFFAOYSA-N,"InChI=1S/C18H22N2O/c1-17(2,3)14-8-12(7-13(10-19)11-20)9-15(16(14)21)18(4,5)6/h7-9,21H,1-6H3",23261,CC(C)(C)c1cc(C=C(C#N)C#N)cc(c1O)C(C)(C)C,NA
Input,AC1MJ3VH,0.22021495,InputSig,NA,NA,LINCSCP_9394,A549,3uM,24h,lung,RNA synthesis inhibitor|Topoisomerase inhibitor,TOP2A,STQGQHZAVUOBTE-JYZNYWJRSA-N,"InChI=1S/C27H29NO10/c1-10-22(30)14(28)7-17(37-10)38-16-9-27(35,11(2)29)8-13-19(16)26(34)21-20(24(13)32)23(31)12-5-4-6-15(36-3)18(12)25(21)33/h4-6,10,14,16-17,22,30,32,34-35H,7-9,28H2,1-3H3/t10?,14?,16-,17?,22?,27-/m0/s1",35412,COc1cccc2C(=O)c3c(O)c4C[C@](O)(C[C@H](OC5CC(N)C(O)C(C)O5)c4c(O)c3C(=O)c12)C(=O)C,NA
Input,1268524-70-4,0.22016006,InputSig,NA,NA,LINCSCP_86960,CD34,1.11uM,24h,bone marrow,NA,NA,DNVXATUJJDPFDM-KRWDZBQOSA-N,"InChI=1S/C23H25ClN4O2S/c1-12-13(2)31-22-19(12)20(15-7-9-16(24)10-8-15)25-17(11-18(29)30-23(4,5)6)21-27-26-14(3)28(21)22/h7-10,17H,11H2,1-6H3/t17-/m0/s1",40383,Cc1sc2c(C(=N[C@@H](CC(=O)OC(C)(C)C)c3nnc(C)n23)c4ccc(Cl)cc4)c1C,NA
Input,AZD5363,0.22014769,InputSig,NA,NA,LINCSCP_127205,HT29,3.33uM,24h,large intestine,AKT inhibitor,AKT1|AKT2|AKT3,JDUBGYFRJFOXQC-KRWDZBQOSA-N,"InChI=1S/C21H25ClN6O2/c22-15-3-1-14(2-4-15)17(6-12-29)27-20(30)21(23)7-10-28(11-8-21)19-16-5-9-24-18(16)25-13-26-19/h1-5,9,13,17,29H,6-8,10-12,23H2,(H,27,30)(H,24,25,26)/t17-/m0/s1",27068,NC1(CCN(CC1)c2ncnc3[nH]ccc23)C(=O)N[C@@H](CCO)c4ccc(Cl)cc4,NA
Input,CHEMBL2362360,0.22013167,InputSig,NA,NA,LINCSCP_33934,MCF7,10uM,24h,breast,NA,NA,FIGGLCUVZRSRTI-YHPNNPEYSA-N,"InChI=1S/C43H53N5O6/c1-30-26-48(31(2)29-49)43(52)25-33-24-34(45-41(50)16-8-5-9-17-42(51)46-38-15-11-10-14-37(38)44)20-23-39(33)54-40(30)28-47(3)27-32-18-21-36(22-19-32)53-35-12-6-4-7-13-35/h4,6-7,10-15,18-24,30-31,40,49H,5,8-9,16-17,25-29,44H2,1-3H3,(H,45,50)(H,46,51)/t30-,31+,40-/m0/s1",19836,C[C@H](CO)N1C[C@H](C)[C@H](CN(C)Cc2ccc(Oc3ccccc3)cc2)Oc4ccc(NC(=O)CCCCCC(=O)Nc5ccccc5N)cc4CC1=O,NA
Input,Cladribine,0.22010068,InputSig,NA,NA,LINCSCP_3124,A375,10uM,6h,skin,Adenosine deaminase inhibitor|Ribonucleoside reductase inhibitor,ADA,PTOAARAWEBMLNO-KVQBGUIXSA-N,"InChI=1S/C10H12ClN5O3/c11-10-14-8(12)7-9(15-10)16(3-13-7)6-1-4(18)5(2-17)19-6/h3-6,17-18H,1-2H2,(H2,12,14,15)/t4-,5+,6+/m0/s1",36589,Nc1nc(Cl)nc2c1ncn2[C@H]3C[C@H](O)[C@@H](CO)O3,4
Input,Etomoxir,0.22003831,InputSig,NA,NA,LINCSCP_30534,MCF7,90uM,24h,breast,Carnitine palmitoyltransferase inhibitor,CPT1A,DZLOHEOHWICNIL-QGZVFWFLSA-N,"InChI=1S/C17H23ClO4/c1-2-20-16(19)17(13-22-17)11-5-3-4-6-12-21-15-9-7-14(18)8-10-15/h7-10H,2-6,11-13H2,1H3/t17-/m1/s1",16524,CCOC(=O)[C@@]1(CCCCCCOc2ccc(Cl)cc2)CO1,NA
Input,GSK429286A,0.21998352,InputSig,NA,NA,LINCSCP_147048,NEU,0.04uM,24h,NA,Rho associated kinase inhibitor,ROCK1,OLIIUAHHAZEXEX-UHFFFAOYSA-N,"InChI=1S/C21H16F4N4O2/c1-10-19(20(31)28-17-6-12-9-26-29-16(12)8-15(17)22)14(7-18(30)27-10)11-2-4-13(5-3-11)21(23,24)25/h2-6,8-9,14H,7H2,1H3,(H,26,29)(H,27,30)(H,28,31)",16631,CC1=C(C(CC(=O)N1)c2ccc(cc2)C(F)(F)F)C(=O)Nc3cc4cn[nH]c4cc3F,NA
Input,CHEMBL2360276,0.21983691,InputSig,NA,NA,LINCSCP_249686,MCF7,10uM,24h,breast,NA,NA,WJFNNSWULALGOK-KCHLEUMXSA-N,"InChI=1S/C28H36N2O4S/c1-21(2)8-6-9-22-12-14-23(15-13-22)28-26-19-29(16-4-5-17-30(26)27(28)20-31)35(32,33)25-11-7-10-24(18-25)34-3/h7,10-15,18,21,26-28,31H,4-5,8,16-17,19-20H2,1-3H3/t26-,27-,28-/m0/s1",39977,COc1cccc(c1)S(=O)(=O)N2CCCCN3[C@@H](CO)[C@H]([C@@H]3C2)c4ccc(cc4)C#CCC(C)C,NA
Input,5-Nitroso-8-cinnolinol,0.21983276,InputSig,NA,NA,LINCSCP_43575,NPC,10uM,6h,neural progenitor cells,HDAC inhibitor,HDAC1,RZWRYPGAUIOOMK-UHFFFAOYSA-N,"InChI=1S/C9H6N2O2/c12-8-4-3-7(11-13)6-2-1-5-10-9(6)8/h1-5,12H",15428,Oc1ccc(N=O)c2cccnc12,NA
Input,Quisinostat,0.21972155,InputSig,NA,NA,LINCSCP_22608,HEPG2,10uM,6h,liver,HDAC inhibitor,HDAC1|MDM2,PAWIYAYFNXQGAP-UHFFFAOYSA-N,"InChI=1S/C21H26N6O2/c1-26-14-17(18-4-2-3-5-19(18)26)11-22-10-15-6-8-27(9-7-15)21-23-12-16(13-24-21)20(28)25-29/h2-5,12-15,22,29H,6-11H2,1H3,(H,25,28)",36574,Cn1cc(CNCC2CCN(CC2)c3ncc(cn3)C(=O)NO)c4ccccc14,2
Input,4LY1,0.21971394,InputSig,NA,NA,LINCSCP_7771,A549,10uM,24h,lung,HDAC inhibitor,HDAC1|HDAC2,ABZSPJVXTTUFAA-UHFFFAOYSA-N,"InChI=1S/C19H17N3O2S/c1-12(23)21-15-7-4-13(5-8-15)19(24)22-17-11-14(6-9-16(17)20)18-3-2-10-25-18/h2-11H,20H2,1H3,(H,21,23)(H,22,24)",39148,CC(=O)Nc1ccc(cc1)C(=O)Nc2cc(ccc2N)c3cccs3,NA
Input,BMS-794833,0.21966384,InputSig,NA,NA,LINCSCP_154136,PC3,1.11uM,24h,prostate,NA,NA,PDYXPCKITKHFOZ-UHFFFAOYSA-N,"InChI=1S/C23H15ClF2N4O3/c24-20-19(7-8-29-22(20)27)33-18-6-5-14(9-17(18)26)30-23(32)16-11-28-10-15(21(16)31)12-1-3-13(25)4-2-12/h1-11H,(H2,27,29)(H,28,31)(H,30,32)",27064,Nc1nccc(Oc2ccc(NC(=O)C3=CNC=C(C3=O)c4ccc(F)cc4)cc2F)c1Cl,NA
Input,Lexibulin,0.21953525,InputSig,NA,NA,LINCSCP_13493,H1299,1uM,6h,lung,Tubulin inhibitor,TUBA1A|TUBA1B|TUBA1C|TUBA3E|TUBA4A|TUBB|TUBB1|TUBB2A|TUBB2B|TUBB3|TUBB4A|TUBB4B|TUBB6|TUBB8,MTJHLONVHHPNSI-IBGZPJMESA-N,"InChI=1S/C24H30N6O2/c1-5-8-19(18-9-7-12-25-15-18)28-22-16(3)14-27-23(30-22)17-10-11-20(21(13-17)32-4)29-24(31)26-6-2/h7,9-15,19H,5-6,8H2,1-4H3,(H2,26,29,31)(H,27,28,30)/t19-/m0/s1",16520,CCC[C@H](Nc1nc(ncc1C)c2ccc(NC(=O)NCC)c(OC)c2)c3cccnc3,2
Input,Protriptyline,0.21951729,InputSig,NA,NA,LINCSCP_139056,MCF7,10uM,24h,breast,Serotonin transporter inhibitor|Norepinephrine transporter inhibitor,SLC6A2|SLC6A4,BWPIARFWQZKAIA-UHFFFAOYSA-N,"InChI=1S/C19H21N/c1-20-14-6-11-19-17-9-4-2-7-15(17)12-13-16-8-3-5-10-18(16)19/h2-5,7-10,12-13,19-20H,6,11,14H2,1H3",27913,CNCCCC1c2ccccc2C=Cc3ccccc13,4
Input,CHEMBL2360978,0.21929441,InputSig,NA,NA,LINCSCP_59995,VCAP,5uM,24h,prostate,NA,NA,KZMWOMHQUKXWRI-VXLXPWSCSA-N,"InChI=1S/C29H30F2N4O5S/c1-18-15-35(19(2)17-36)41(38,39)28-10-7-22(21-6-4-5-20(11-21)14-32)12-26(28)40-27(18)16-34(3)29(37)33-25-13-23(30)8-9-24(25)31/h4-13,18-19,27,36H,15-17H2,1-3H3,(H,33,37)/t18-,19+,27-/m1/s1",16669,C[C@@H](CO)N1C[C@@H](C)[C@@H](CN(C)C(=O)Nc2cc(F)ccc2F)Oc3cc(ccc3S1(=O)=O)c4cccc(c4)C#N,NA
Input,1166227-08-2,0.21923703,InputSig,NA,NA,LINCSCP_146378,NEU,0.12uM,24h,NA,NA,NA,HBPXWEPKNBHKAX-NSHDSACASA-N,"InChI=1S/C17H23N5O2S2/c1-9-12(10-8-25-14(20-10)17(2,3)4)26-15(19-9)21-16(24)22-7-5-6-11(22)13(18)23/h8,11H,5-7H2,1-4H3,(H2,18,23)(H,19,21,24)/t11-/m0/s1",19905,Cc1nc(NC(=O)N2CCC[C@H]2C(=O)N)sc1c3csc(n3)C(C)(C)C,NA
Input,Maprotiline,0.21923204,InputSig,NA,NA,LINCSCP_5728,A549,10uM,24h,lung,Norepinephrine transporter inhibitor,SLC6A2,QSLMDECMDJKHMQ-GSXCWMCISA-N,"InChI=1S/C20H23N/c1-21-14-6-12-20-13-11-15(16-7-2-4-9-18(16)20)17-8-3-5-10-19(17)20/h2-5,7-10,15,21H,6,11-14H2,1H3/t15-,20+",36706,CNCCC[C@@]12CC[C@@H](c3ccccc13)c4ccccc24,NA
Input,Maprotiline,0.21923204,InputSig,NA,NA,LINCSCP_5728,A549,10uM,24h,lung,Norepinephrine transporter inhibitor,SLC6A2,QSLMDECMDJKHMQ-UHFFFAOYSA-N,"InChI=1S/C20H23N/c1-21-14-6-12-20-13-11-15(16-7-2-4-9-18(16)20)17-8-3-5-10-19(17)20/h2-5,7-10,15,21H,6,11-14H2,1H3",15379,CNCCCC12CCC(c3ccccc13)c4ccccc24,4
Input,BRD-U86222656,0.21919506,InputSig,NA,NA,LINCSCP_26318,HT29,10uM,6h,large intestine,NA,NA,NA,NA,42728,NA,NA
Input,Budesonide,0.21918246,InputSig,NA,NA,LINCSCP_19031,HCC515,10uM,6h,lung,Glucocorticoid receptor agonist,NR3C1,VOVIALXJUBGFJZ-NECQTEFJSA-N,"InChI=1S/C25H34O6/c1-4-5-21-30-20-11-17-16-7-6-14-10-15(27)8-9-23(14,2)22(16)18(28)12-24(17,3)25(20,31-21)19(29)13-26/h8-10,16-18,20-22,26,28H,4-7,11-13H2,1-3H3/t16?,17?,18-,20+,21?,22?,23?,24?,25+/m0/s1",425,CCCC1O[C@@H]2CC3C4CCC5=CC(=O)C=CC5(C)C4[C@@H](O)CC3(C)[C@@]2(O1)C(=O)CO,NA
Input,Budesonide,0.21918246,InputSig,NA,NA,LINCSCP_19031,HCC515,10uM,6h,lung,Glucocorticoid receptor agonist,NR3C1,VOVIALXJUBGFJZ-UHFFFAOYSA-N,"InChI=1S/C25H34O6/c1-4-5-21-30-20-11-17-16-7-6-14-10-15(27)8-9-23(14,2)22(16)18(28)12-24(17,3)25(20,31-21)19(29)13-26/h8-10,16-18,20-22,26,28H,4-7,11-13H2,1-3H3",35433,CCCC1OC2CC3C4CCC5=CC(=O)C=CC5(C)C4C(O)CC3(C)C2(O1)C(=O)CO,NA
Input,Budesonide,0.21918246,InputSig,NA,NA,LINCSCP_19031,HCC515,10uM,6h,lung,Glucocorticoid receptor agonist,NR3C1,VOVIALXJUBGFJZ-KWVAZRHASA-N,"InChI=1S/C25H34O6/c1-4-5-21-30-20-11-17-16-7-6-14-10-15(27)8-9-23(14,2)22(16)18(28)12-24(17,3)25(20,31-21)19(29)13-26/h8-10,16-18,20-22,26,28H,4-7,11-13H2,1-3H3/t16-,17-,18-,20+,21?,22+,23-,24-,25+/m0/s1",35359,CCCC1O[C@@H]2C[C@H]3[C@@H]4CCC5=CC(=O)C=C[C@]5(C)[C@H]4[C@@H](O)C[C@]3(C)[C@@]2(O1)C(=O)CO,4
Input,Doramapimod,0.21895028,InputSig,NA,NA,LINCSCP_133467,MCF7,3.33uM,24h,breast,P38 MAPK inhibitor,MAPK11|MAPK12|MAPK14,MVCOAUNKQVWQHZ-UHFFFAOYSA-N,"InChI=1S/C31H37N5O3/c1-22-9-11-23(12-10-22)36-29(21-28(34-36)31(2,3)4)33-30(37)32-26-13-14-27(25-8-6-5-7-24(25)26)39-20-17-35-15-18-38-19-16-35/h5-14,21H,15-20H2,1-4H3,(H2,32,33,37)",17577,Cc1ccc(cc1)n2nc(cc2NC(=O)Nc3ccc(OCCN4CCOCC4)c5ccccc35)C(C)(C)C,2
Input,Oxidopamine,0.21863748,InputSig,NA,NA,LINCSCP_263459,NPC,10uM,24h,neural progenitor cells,Neurotoxin,NA,DIVDFFZHCJEHGG-UHFFFAOYSA-N,"InChI=1S/C8H11NO3/c9-2-1-5-3-7(11)8(12)4-6(5)10/h3-4,10-12H,1-2,9H2",19478,NCCc1cc(O)c(O)cc1O,NA
Input,BCL-2 Inhibitor,0.21857427,InputSig,NA,NA,LINCSCP_262626,NPC,10uM,24h,neural progenitor cells,BCL inhibitor,BCL2,YPSXFMHXRZAGTG-UHFFFAOYSA-N,"InChI=1S/C16H16N2O4/c1-21-13-5-7-15(17-19)11(9-13)3-4-12-10-14(22-2)6-8-16(12)18-20/h5-10H,3-4H2,1-2H3",22728,COc1ccc(N=O)c(CCc2cc(OC)ccc2N=O)c1,NA
Input,196868-63-0,0.21856128,InputSig,NA,NA,LINCSCP_18609,HCC515,10uM,24h,lung,IGF-1 inhibitor|Insulin growth factor receptor inhibitor,IGF1R,YBLWOZUPHDKFOT-UHFFFAOYSA-N,"InChI=1S/C18H16ClN3O2/c1-11-9-15(13-5-3-4-6-14(13)20-11)21-18(23)22-16-10-12(19)7-8-17(16)24-2/h3-10H,1-2H3,(H2,20,21,22,23)",35949,COc1ccc(Cl)cc1NC(=O)Nc2cc(C)nc3ccccc23,NA
Input,Chlorambucil,0.21832495,InputSig,NA,NA,LINCSCP_92272,HA1E,10uM,24h,kidney epithelial,DNA inhibitor,NA,JCKYGMPEJWAADB-UHFFFAOYSA-N,"InChI=1S/C14H19Cl2NO2/c15-8-10-17(11-9-16)13-6-4-12(5-7-13)2-1-3-14(18)19/h4-7H,1-3,8-11H2,(H,18,19)",15533,OC(=O)CCCc1ccc(cc1)N(CCCl)CCCl,4
Input,OSI-027,0.2182676,InputSig,NA,NA,LINCSCP_251470,MCF7,0.1uM,24h,breast,MTOR inhibitor,MTOR,JROFGZPOBKIAEW-TXEJJXNPSA-N,"InChI=1S/C21H22N6O3/c1-30-15-4-2-3-13-9-14(25-16(13)15)17-18-19(22)23-10-24-27(18)20(26-17)11-5-7-12(8-6-11)21(28)29/h2-4,9-12,25H,5-8H2,1H3,(H,28,29)(H2,22,23,24)/t11-,12+",266,COc1cccc2cc([nH]c12)c3nc([C@@H]4CC[C@@H](CC4)C(=O)O)n5ncnc(N)c35,NA
Input,OSI-027,0.2182676,InputSig,NA,NA,LINCSCP_251470,MCF7,0.1uM,24h,breast,MTOR inhibitor,MTOR,JROFGZPOBKIAEW-HAQNSBGRSA-N,"InChI=1S/C21H22N6O3/c1-30-15-4-2-3-13-9-14(25-16(13)15)17-18-19(22)23-10-24-27(18)20(26-17)11-5-7-12(8-6-11)21(28)29/h2-4,9-12,25H,5-8H2,1H3,(H,28,29)(H2,22,23,24)/t11-,12-",19898,COc1cccc2cc([nH]c12)c3nc([C@@H]4CC[C@H](CC4)C(=O)O)n5ncnc(N)c35,2
Input,Ketorolac,0.21820546,InputSig,NA,NA,LINCSCP_19019,HCC515,10uM,6h,lung,Cyclooxygenase inhibitor,PTGS1|PTGS2,OZWKMVRBQXNZKK-UHFFFAOYSA-N,"InChI=1S/C15H13NO3/c17-14(10-4-2-1-3-5-10)13-7-6-12-11(15(18)19)8-9-16(12)13/h1-7,11H,8-9H2,(H,18,19)",35368,OC(=O)C1CCn2c1ccc2C(=O)c3ccccc3,4
Input,SPECTRUM_000011,0.21817401,InputSig,NA,NA,LINCSCP_109365,HELA,10uM,24h,large intestine,Bacterial permeability inducer,NA,BBMULGJBVDDDNI-YFGMYPSKSA-N,"InChI=1S/C34H54O8/c1-9-25(31-21(6)18-34(11-3,42-31)26-16-17-33(40,10-2)23(8)41-26)30(37)22(7)28(35)19(4)12-14-24-15-13-20(5)29(36)27(24)32(38)39/h13,15,19,21-23,25-26,28,31,35-36,40H,9-12,14,16-18H2,1-8H3,(H,38,39)/t19-,21+,22?,23+,25+,26?,28+,31?,33-,34?/m1/s1",22455,CC[C@H](C1OC(CC)(C[C@@H]1C)C2CC[C@](O)(CC)[C@H](C)O2)C(=O)C(C)[C@@H](O)[C@H](C)CCc3ccc(C)c(O)c3C(=O)O,NA
Input,MLS001060803,0.21816495,InputSig,NA,NA,LINCSCP_5626,A549,10uM,6h,lung,NA,NA,RDRSHCINRMBIOP-UHFFFAOYSA-N,"InChI=1S/C23H23F2NO3/c1-26-13-20(27)18-12-19(24)22(28-14-16-8-4-2-5-9-16)23(21(18)25)29-15-17-10-6-3-7-11-17/h2-12,20,26-27H,13-15H2,1H3",28068,CNCC(O)c1cc(F)c(OCc2ccccc2)c(OCc3ccccc3)c1F,NA
Input,RO 08-2750,0.21792001,InputSig,NA,NA,LINCSCP_26966,HT29,10uM,6h,large intestine,NGF binding inhibitor,NGF|NGFR,JDEMVNYMYPJJIM-UHFFFAOYSA-N,"InChI=1S/C13H10N4O3/c1-6-3-8-9(4-7(6)5-18)17(2)11-10(14-8)12(19)16-13(20)15-11/h3-5H,1-2H3,(H,16,19,20)",2390,CN1C2=NC(=O)NC(=O)C2=Nc3cc(C)c(C=O)cc13,NA
Input,Cholic acid,0.21789844,InputSig,NA,NA,LINCSCP_75557,A375,0.37uM,24h,skin,Bile acid,CES1|FECH|PLA2G1B,BHQCQFFYRZLCQQ-OELDTZBJSA-N,"InChI=1S/C24H40O5/c1-13(4-7-21(28)29)16-5-6-17-22-18(12-20(27)24(16,17)3)23(2)9-8-15(25)10-14(23)11-19(22)26/h13-20,22,25-27H,4-12H2,1-3H3,(H,28,29)/t13-,14+,15-,16-,17+,18+,19-,20+,22+,23+,24-/m1/s1",36459,C[C@H](CCC(=O)O)[C@H]1CC[C@H]2[C@@H]3[C@H](O)C[C@@H]4C[C@H](O)CC[C@]4(C)[C@H]3C[C@H](O)[C@]12C,4
Input,ZK-93423,0.21785634,InputSig,NA,NA,LINCSCP_135422,MCF7,10uM,24h,breast,Benzodiazepine receptor agonist,GABRA1|GABRA2|GABRA3|GABRA5,ALBKMJDFBZVHAK-UHFFFAOYSA-N,"InChI=1S/C23H22N2O4/c1-3-28-23(26)22-18(14-27-2)21-17-11-16(29-13-15-7-5-4-6-8-15)9-10-19(17)25-20(21)12-24-22/h4-12,25H,3,13-14H2,1-2H3",35682,CCOC(=O)c1ncc2[nH]c3ccc(OCc4ccccc4)cc3c2c1COC,NA
Input,STK054715,0.21783119,InputSig,NA,NA,LINCSCP_57752,VCAP,10uM,24h,prostate,NA,NA,JJGHVQNGNRZIMN-UHFFFAOYSA-N,"InChI=1S/C21H15N3O/c22-20-19-17(14-7-2-1-3-8-14)18-15-9-5-4-6-13(15)10-11-16(18)25-21(19)24-12-23-20/h1-12,17H,(H2,22,23,24)",22491,Nc1ncnc2Oc3ccc4ccccc4c3C(c5ccccc5)c12,NA
Input,Tyrphostin 25,0.21770411,InputSig,NA,NA,LINCSCP_94,A375,10uM,6h,skin,EGFR inhibitor,EGFR,YZOFLYUAQDJWKV-UHFFFAOYSA-N,"InChI=1S/C10H6N2O3/c11-4-7(5-12)1-6-2-8(13)10(15)9(14)3-6/h1-3,13-15H",5405,Oc1cc(C=C(C#N)C#N)cc(O)c1O,NA
Input,Givinostat,0.21770082,InputSig,NA,NA,LINCSCP_52131,SKB,10uM,24h,NA,HDAC inhibitor,HDAC2,YALNUENQHAQXEA-UHFFFAOYSA-N,"InChI=1S/C24H27N3O4/c1-3-27(4-2)15-17-5-7-21-14-18(6-8-20(21)13-17)16-31-24(29)25-22-11-9-19(10-12-22)23(28)26-30/h5-14,30H,3-4,15-16H2,1-2H3,(H,25,29)(H,26,28)",23181,CCN(CC)Cc1ccc2cc(COC(=O)Nc3ccc(cc3)C(=O)NO)ccc2c1,NA
Input,Androstenol,0.21764895,InputSig,NA,NA,LINCSCP_41365,NEU,10uM,24h,NA,GABA receptor modulator,NR1I3,KRVXMNNRSSQZJP-PHFHYRSDSA-N,"InChI=1S/C19H30O/c1-18-9-3-4-16(18)15-6-5-13-12-14(20)7-11-19(13,2)17(15)8-10-18/h3,9,13-17,20H,4-8,10-12H2,1-2H3/t13-,14+,15-,16-,17-,18-,19-/m0/s1",38755,C[C@]12CC[C@H]3[C@@H](CC[C@H]4C[C@H](O)CC[C@]34C)[C@@H]1CC=C2,NA
Input,CHEMBL2359857,0.21760635,InputSig,NA,NA,LINCSCP_47144,PC3,10uM,24h,prostate,NA,NA,ZBLCOVKAEUNWGN-INEJIFKHSA-N,"InChI=1S/C33H43N5O4/c1-22-18-38(23(2)21-39)32(40)17-26-16-27(36(3)4)14-15-30(26)42-31(22)20-37(5)19-24-10-12-25(13-11-24)33(41)35-29-9-7-6-8-28(29)34/h6-16,22-23,31,39H,17-21,34H2,1-5H3,(H,35,41)/t22-,23+,31+/m0/s1",36808,C[C@H](CO)N1C[C@H](C)[C@@H](CN(C)Cc2ccc(cc2)C(=O)Nc3ccccc3N)Oc4ccc(cc4CC1=O)N(C)C,NA
Input,CHEMBL2140299,0.21760564,InputSig,NA,NA,LINCSCP_33888,MCF7,10uM,24h,breast,NA,NA,YPKBHAMQCQAOQB-LSJJIYBBSA-N,"InChI=1S/C39H43F3N6O5/c1-24-20-48(25(2)23-49)36(50)19-28-18-31(45-38(52)44-30-14-12-29(13-15-30)39(40,41)42)16-17-34(28)53-35(24)22-47(3)21-26-8-10-27(11-9-26)37(51)46-33-7-5-4-6-32(33)43/h4-18,24-25,35,49H,19-23,43H2,1-3H3,(H,46,51)(H2,44,45,52)/t24-,25+,35-/m0/s1",39898,C[C@H](CO)N1C[C@H](C)[C@H](CN(C)Cc2ccc(cc2)C(=O)Nc3ccccc3N)Oc4ccc(NC(=O)Nc5ccc(cc5)C(F)(F)F)cc4CC1=O,NA
Input,WZ3105,0.21759648,InputSig,NA,NA,LINCSCP_111267,HEPG2,1.11uM,24h,liver,CLK2 inihibitor,CLK2|CSNK1E|FLT3|ULK1,DGEBYERMQBTMHV-IRJFHVNHSA-N,"InChI=1S/C25H34N8O/c1-6-21(34)27-18-8-7-9-19(14-18)28-23-22-24(33(15-26-22)16(2)3)31-25(30-23)29-17-10-12-20(13-11-17)32(4)5/h6-9,14-17,20H,1,10-13H2,2-5H3,(H,27,34)(H2,28,29,30,31)/t17-,20-",22305,CC(C)n1cnc2c(Nc3cccc(NC(=O)C=C)c3)nc(N[C@@H]4CC[C@H](CC4)N(C)C)nc12,NA
Input,WH-4-025,0.21752807,InputSig,NA,NA,LINCSCP_111499,HEPG2,10uM,24h,liver,NA,NA,MWWDOHSKUDECFQ-UHFFFAOYSA-N,"InChI=1S/C39H38F3N7O5/c1-25-8-9-26(36(50)44-29-7-5-6-27(23-29)39(40,41)42)22-33(25)54-38(51)49(32-15-14-31(52-3)24-34(32)53-4)35-16-17-43-37(46-35)45-28-10-12-30(13-11-28)48-20-18-47(2)19-21-48/h5-17,22-24H,18-21H2,1-4H3,(H,44,50)(H,43,45,46)",26522,COc1ccc(N(C(=O)Oc2cc(ccc2C)C(=O)Nc3cccc(c3)C(F)(F)F)c4ccnc(Nc5ccc(cc5)N6CCN(C)CC6)n4)c(OC)c1,NA
Input,BRD-K11533227,0.21741276,InputSig,NA,NA,LINCSCP_23849,HEPG2,10uM,24h,liver,NA,NA,YDUSCKFRHARVGP-UHFFFAOYSA-N,"InChI=1S/C18H22N4O2S/c1-12(23)20-14-6-8-22(9-7-14)18(24)21-16-11-13(4-5-15(16)19)17-3-2-10-25-17/h2-5,10-11,14H,6-9,19H2,1H3,(H,20,23)(H,21,24)",11507,CC(=O)NC1CCN(CC1)C(=O)Nc2cc(ccc2N)c3cccs3,NA
Input,(Z)-Guggulsterone,0.21735167,InputSig,NA,NA,LINCSCP_58860,VCAP,10uM,24h,prostate,Estrogen receptor agonist|FXR antagonist|Progesterone receptor agonist,NR1H4,WDXRGPWQVHZTQJ-OSJVMJFVSA-N,"InChI=1S/C21H28O2/c1-4-16-19(23)12-18-15-6-5-13-11-14(22)7-9-20(13,2)17(15)8-10-21(16,18)3/h4,11,15,17-18H,5-10,12H2,1-3H3/b16-4+/t15-,17+,18+,20+,21-/m1/s1",17678,C\C=C\1/C(=O)C[C@H]2[C@@H]3CCC4=CC(=O)CC[C@]4(C)[C@H]3CC[C@]12C,NA
Input,Molsidomine,0.21731822,InputSig,NA,NA,LINCSCP_33623,MCF7,10uM,24h,breast,Guanylyl cyclase activator,GUCY1A3,XLFWDASMENKTKL-NTMALXAHSA-N,"InChI=1S/C9H14N4O4/c1-2-16-9(14)10-8-7-13(11-17-8)12-3-5-15-6-4-12/h7H,2-6H2,1H3/b10-8-",32320,CCOC(=O)N=C1O[N-][N+](=C1)N2CCOCC2,4
Input,Tyrphostin AG 879,0.21727552,InputSig,NA,NA,LINCSCP_7486,A549,10uM,6h,lung,Angiogenesis inhibitor|Tyrosine kinase inhibitor|VEGFR inhibitor,ERBB2|KDR|NTRK1,XRZYELWZLNAXGE-KPKJPENVSA-N,"InChI=1S/C18H24N2OS/c1-17(2,3)13-8-11(7-12(10-19)16(20)22)9-14(15(13)21)18(4,5)6/h7-9,21H,1-6H3,(H2,20,22)/b12-7+",15776,CC(C)(C)c1cc(\C=C(/C#N)\C(=S)N)cc(c1O)C(C)(C)C,NA
Input,SPECTRUM2_000920,0.21721118,InputSig,NA,NA,LINCSCP_42522,NPC,10uM,24h,neural progenitor cells,DNA alkylating agent|DNA alkylating drug|DNA inhibitor|DNA synthesis inhibitor,NA,NWIBSHFKIJFRCO-CPKMXBGFSA-N,"InChI=1S/C15H18N4O5/c1-5-9(16)12(21)8-6(4-24-14(17)22)15(23-2)13-7(18-13)3-19(15)10(8)11(5)20/h6-7,13,18H,3-4,16H2,1-2H3,(H2,17,22)/t6-,7?,13+,15-/m0/s1",396,CO[C@@]12[C@@H]3NC3CN1C4=C([C@@H]2COC(=O)N)C(=O)C(=C(C)C4=O)N,NA
Input,83002-04-4,0.21716818,InputSig,NA,NA,LINCSCP_262484,NPC,10uM,24h,neural progenitor cells,Cannabinoid receptor agonist,CNR1|CNR2|GPR55,YNZFFALZMRAPHQ-UHFFFAOYSA-N,"InChI=1S/C24H40O3/c1-4-5-6-7-14-24(2,3)19-11-13-21(23(27)16-19)22-17-20(26)12-10-18(22)9-8-15-25/h11,13,16,18,20,22,25-27H,4-10,12,14-15,17H2,1-3H3",22147,CCCCCCC(C)(C)c1ccc(C2CC(O)CCC2CCCO)c(O)c1,NA
Input,Alitretinoin,0.21716776,InputSig,NA,NA,LINCSCP_283493,SKB,10uM,24h,NA,Retinoid receptor agonist,RARA|RARB|RARG|RXRA|RXRB|RXRG,SHGAZHPCJJPHSC-ZVCIMWCZSA-N,"InChI=1S/C20H28O2/c1-15(8-6-9-16(2)14-19(21)22)11-12-18-17(3)10-7-13-20(18,4)5/h6,8-9,11-12,14H,7,10,13H2,1-5H3,(H,21,22)/b9-6+,12-11+,15-8-,16-14+",137,C\C(=C\C=C\C(=C\C(=O)O)\C)\C=C\C1=C(C)CCCC1(C)C,4
Input,BRD-K01621458,0.21693167,InputSig,NA,NA,LINCSCP_28488,HT29,10uM,24h,large intestine,NA,NA,NA,NA,42707,NA,NA
Input,SCHEMBL16980374,0.21692715,InputSig,NA,NA,LINCSCP_8640,A549,5uM,24h,lung,NA,NA,HJQSQTAMFLANGO-NEFBLYCDSA-N,"InChI=1S/C33H38N2O5/c36-27-21-35(19-24-10-12-29(13-11-24)39-28-8-2-1-3-9-28)31-15-14-30(40-32(31)23-38-22-27)18-33(37)34-17-16-25-6-4-5-7-26(25)20-34/h1-13,27,30-32,36H,14-23H2/t27-,30+,31+,32-/m0/s1",23512,O[C@@H]1COC[C@@H]2O[C@@H](CC(=O)N3CCc4ccccc4C3)CC[C@H]2N(Cc5ccc(Oc6ccccc6)cc5)C1,NA
Input,Papaverine,0.21692589,InputSig,NA,NA,LINCSCP_33595,MCF7,10uM,24h,breast,Phosphodiesterase inhibitor,PDE10A,XQYZDYMELSJDRZ-UHFFFAOYSA-N,"InChI=1S/C20H21NO4/c1-22-17-6-5-13(10-18(17)23-2)9-16-15-12-20(25-4)19(24-3)11-14(15)7-8-21-16/h5-8,10-12H,9H2,1-4H3",15443,COc1ccc(Cc2nccc3cc(OC)c(OC)cc23)cc1OC,4
Input,Valrubicin,0.21691863,InputSig,NA,NA,LINCSCP_142742,MCF7,0.37uM,24h,breast,DNA topoisomerase II alpha inhibitor,TOP2A,ZOCKGBMQLCSHFP-KQRAQHLDSA-N,"InChI=1S/C34H36F3NO13/c1-4-5-9-21(40)49-13-20(39)33(47)11-16-24(19(12-33)51-22-10-17(27(41)14(2)50-22)38-32(46)34(35,36)37)31(45)26-25(29(16)43)28(42)15-7-6-8-18(48-3)23(15)30(26)44/h6-8,14,17,19,22,27,41,43,45,47H,4-5,9-13H2,1-3H3,(H,38,46)/t14-,17-,19-,22-,27+,33-/m0/s1",27087,CCCCC(=O)OCC(=O)[C@@]1(O)C[C@H](O[C@H]2C[C@H](NC(=O)C(F)(F)F)[C@H](O)[C@H](C)O2)c3c(O)c4C(=O)c5c(OC)cccc5C(=O)c4c(O)c3C1,4
Input,Merck-Ketone,0.21687453,InputSig,NA,NA,LINCSCP_47072,PC3,10uM,24h,prostate,NA,NA,IRRONVDGWKKBLQ-AIBWNMTMSA-N,"InChI=1S/C25H34N4O3S/c1-18(30)11-5-3-8-14-20(23(31)27-22-15-9-10-16-29(22)2)24(32)28-25-26-21(17-33-25)19-12-6-4-7-13-19/h4,6-7,12-13,17,20,22H,3,5,8-11,14-16H2,1-2H3,(H,27,31)(H,26,28,32)/t20-,22?/m0/s1",5814,CN1CCCCC1NC(=O)[C@H](CCCCCC(=O)C)C(=O)Nc2nc(cs2)c3ccccc3,NA
Input,Bithionol,0.21685004,InputSig,NA,NA,LINCSCP_14724,HA1E,10uM,24h,kidney epithelial,Autotaxin inhibitor,NA,JFIOVJDNOJYLKP-UHFFFAOYSA-N,"InChI=1S/C12H6Cl4O2S/c13-5-1-7(15)11(17)9(3-5)19-10-4-6(14)2-8(16)12(10)18/h1-4,17-18H",35731,Oc1c(Cl)cc(Cl)cc1Sc2cc(Cl)cc(Cl)c2O,4
Input,Kenpaullone,0.21682731,InputSig,NA,NA,LINCSCP_23399,HEPG2,20uM,24h,liver,CDK inhibitor|Glycogen synthase kinase inhibitor,CDK1|CDK5|GSK3B,QQUXFYAWXPMDOE-UHFFFAOYSA-N,"InChI=1S/C16H11BrN2O/c17-9-5-6-14-11(7-9)12-8-15(20)18-13-4-2-1-3-10(13)16(12)19-14/h1-7,19H,8H2,(H,18,20)",793,Brc1ccc2[nH]c3c(CC(=O)Nc4ccccc34)c2c1,NA
Input,Haloprogin,0.21680018,InputSig,NA,NA,LINCSCP_34571,MCF7,10uM,6h,breast,Other antifungal,NA,CTETYYAZBPJBHE-UHFFFAOYSA-N,"InChI=1S/C9H4Cl3IO/c10-6-4-8(12)9(5-7(6)11)14-3-1-2-13/h4-5H,3H2",37996,Clc1cc(Cl)c(OCC#CI)cc1Cl,4
Input,BRD-K05130619,0.21668346,InputSig,NA,NA,LINCSCP_59987,VCAP,5uM,24h,prostate,NA,NA,BHKYXVBLKIOFCQ-BVFVYWQFSA-N,"InChI=1S/C29H39N3O5/c1-19-16-32(20(2)18-33)29(35)25-14-23(21-10-12-24(36-4)13-11-21)15-30-27(25)37-26(19)17-31(3)28(34)22-8-6-5-7-9-22/h10-15,19-20,22,26,33H,5-9,16-18H2,1-4H3/t19-,20+,26-/m1/s1",22372,COc1ccc(cc1)c2cnc3O[C@H](CN(C)C(=O)C4CCCCC4)[C@H](C)CN([C@@H](C)CO)C(=O)c3c2,NA
Input,CHEMBL2355441,0.21665327,InputSig,NA,NA,LINCSCP_34844,MCF7,5uM,24h,breast,NA,NA,CBAAPWVHONFTKW-KSUBRIHNSA-N,"InChI=1S/C35H47F3N4O7S/c1-22-18-42(23(2)21-43)34(44)30-17-29(40-50(45,46)33-25(4)39-49-26(33)5)14-15-31(30)48-24(3)9-7-8-16-47-32(22)20-41(6)19-27-10-12-28(13-11-27)35(36,37)38/h10-15,17,22-24,32,40,43H,7-9,16,18-21H2,1-6H3/t22-,23+,24-,32+/m1/s1",40198,C[C@@H](CO)N1C[C@@H](C)[C@H](CN(C)Cc2ccc(cc2)C(F)(F)F)OCCCC[C@@H](C)Oc3ccc(NS(=O)(=O)c4c(C)onc4C)cc3C1=O,NA
Input,Fluocinolone Acetonide,0.21656551,InputSig,NA,NA,LINCSCP_20761,HCC515,10uM,6h,lung,Glucocorticoid receptor agonist,NR3C1,FEBLZLNTKCEFIT-VSXGLTOVSA-N,"InChI=1S/C24H30F2O6/c1-20(2)31-19-9-13-14-8-16(25)15-7-12(28)5-6-21(15,3)23(14,26)17(29)10-22(13,4)24(19,32-20)18(30)11-27/h5-7,13-14,16-17,19,27,29H,8-11H2,1-4H3/t13-,14-,16-,17-,19+,21-,22-,23-,24+/m0/s1",16466,CC1(C)O[C@@H]2C[C@H]3[C@@H]4C[C@H](F)C5=CC(=O)C=C[C@]5(C)[C@@]4(F)[C@@H](O)C[C@]3(C)[C@@]2(O1)C(=O)CO,4
Input,Oxyphenbutazone,0.21652518,InputSig,NA,NA,LINCSCP_43271,NPC,10uM,6h,neural progenitor cells,Cyclooxygenase inhibitor,PTGS1|PTGS2,HFHZKZSRXITVMK-UHFFFAOYSA-N,"InChI=1S/C19H20N2O3/c1-2-3-9-17-18(23)20(14-7-5-4-6-8-14)21(19(17)24)15-10-12-16(22)13-11-15/h4-8,10-13,17,22H,2-3,9H2,1H3",16236,CCCCC1C(=O)N(N(C1=O)c2ccc(O)cc2)c3ccccc3,4
Input,Ondansetron,0.21644631,InputSig,NA,NA,LINCSCP_47822,PC3,10uM,6h,prostate,Serotonin receptor antagonist,HTR3A,FELGMEQIXOGIFQ-UHFFFAOYSA-N,"InChI=1S/C18H19N3O/c1-12-19-9-10-21(12)11-13-7-8-16-17(18(13)22)14-5-3-4-6-15(14)20(16)2/h3-6,9-10,13H,7-8,11H2,1-2H3",8575,Cc1nccn1CC2CCc3c(C2=O)c4ccccc4n3C,4
Input,SAR245409,0.21632451,InputSig,NA,NA,LINCSCP_83020,ASC.C,0.37uM,24h,NA,PI3K inhibitor,NA,HJSSPYJVWLTYHG-UHFFFAOYSA-N,"InChI=1S/C31H29N5O6S/c1-19-9-10-20(15-28(19)42-4)31(37)33-21-11-13-25(14-12-21)43(38,39)36-30-29(34-26-7-5-6-8-27(26)35-30)32-22-16-23(40-2)18-24(17-22)41-3/h5-18H,1-4H3,(H,32,34)(H,33,37)(H,35,36)",17596,COc1cc(Nc2nc3ccccc3nc2NS(=O)(=O)c4ccc(NC(=O)c5ccc(C)c(OC)c5)cc4)cc(OC)c1,NA
Input,CHEMBL1165368,0.21617068,InputSig,NA,NA,LINCSCP_52740,SKB,10uM,24h,NA,Adrenergic receptor agonist,CHRNA7,KHUUTHZSRXABAC-DTQAZKPQSA-N,"InChI=1S/C19H21N3/c1-22(2)18-9-7-15(8-10-18)13-16-5-4-12-21-19(16)17-6-3-11-20-14-17/h3,6-11,13-14H,4-5,12H2,1-2H3/b16-13+",17533,CN(C)c1ccc(\C=C\2/CCCN=C2c3cccnc3)cc1,NA
Input,CHEMBL2133926,0.21598334,InputSig,NA,NA,LINCSCP_47288,PC3,10uM,24h,prostate,NA,NA,ZBLCOVKAEUNWGN-PKIAKLFDSA-N,"InChI=1S/C33H43N5O4/c1-22-18-38(23(2)21-39)32(40)17-26-16-27(36(3)4)14-15-30(26)42-31(22)20-37(5)19-24-10-12-25(13-11-24)33(41)35-29-9-7-6-8-28(29)34/h6-16,22-23,31,39H,17-21,34H2,1-5H3,(H,35,41)/t22-,23-,31+/m1/s1",36788,C[C@H](CO)N1C[C@@H](C)[C@H](CN(C)Cc2ccc(cc2)C(=O)Nc3ccccc3N)Oc4ccc(cc4CC1=O)N(C)C,NA
Input,HEMICHOLINIUM-3,0.21592168,InputSig,NA,NA,LINCSCP_37060,MCF7,1uM,6h,breast,Acetylcholine receptor antagonist,NA,JIWUESGGKYLPPG-UHFFFAOYSA-N,"InChI=1S/C24H34N2O4/c1-25(2)13-15-29-23(27,17-25)21-9-5-19(6-10-21)20-7-11-22(12-8-20)24(28)18-26(3,4)14-16-30-24/h5-12,27-28H,13-18H2,1-4H3/q+2",16268,C[N+]1(C)CCOC(O)(C1)c2ccc(cc2)c3ccc(cc3)C4(O)C[N+](C)(C)CCO4,NA
Input,BRD-K63388446,0.21582991,InputSig,NA,NA,LINCSCP_43028,NPC,10uM,24h,neural progenitor cells,NA,NA,BPHDJJLUUFUQJF-BUEREQSYSA-N,"InChI=1S/C30H46N4O5/c1-20-17-34(21(2)19-35)29(37)25-16-24(31-28(36)22-10-6-4-7-11-22)14-15-26(25)39-27(20)18-33(3)30(38)32-23-12-8-5-9-13-23/h14-16,20-23,27,35H,4-13,17-19H2,1-3H3,(H,31,36)(H,32,38)/t20-,21+,27+/m1/s1",13207,C[C@@H](CO)N1C[C@@H](C)[C@H](CN(C)C(=O)NC2CCCCC2)Oc3ccc(NC(=O)C4CCCCC4)cc3C1=O,NA
Input,"4-(3-Ethyl[1,2,4]triazolo[3,4-b][1,3,4]thiadiazol-6-yl)aniline",0.2158247,InputSig,NA,NA,LINCSCP_30862,MCF7,10uM,6h,breast,NA,NA,GAJKVTDZIAHPIA-UHFFFAOYSA-N,"InChI=1S/C11H11N5S/c1-2-9-13-14-11-16(9)15-10(17-11)7-3-5-8(12)6-4-7/h3-6H,2,12H2,1H3",25357,CCc1nnc2sc(nn12)c3ccc(N)cc3,NA
Input,MLS002473641,0.21580886,InputSig,NA,NA,LINCSCP_5556,A549,10uM,6h,lung,NA,NA,LWWVHWRAHXDBTP-UHFFFAOYSA-N,"InChI=1S/C18H16ClN3OS/c19-14-3-1-12(2-4-14)16(23)13-5-8-22(9-6-13)17-15-7-10-24-18(15)21-11-20-17/h1-4,7,10-11,13H,5-6,8-9H2",36066,Clc1ccc(cc1)C(=O)C2CCN(CC2)c3ncnc4sccc34,NA
Input,MLS002729057,0.21576518,InputSig,NA,NA,LINCSCP_5605,A549,10uM,24h,lung,NA,NA,BPJXTVCIZAREGR-UHFFFAOYSA-N,"InChI=1S/C15H12N2O/c18-14-8-4-5-11-9-13(10-16-15(11)14)17-12-6-2-1-3-7-12/h1-10,17-18H",15936,Oc1cccc2cc(Nc3ccccc3)cnc12,NA
Input,Thioguanine,0.21567078,InputSig,NA,NA,LINCSCP_141214,MCF7,0.04uM,24h,breast,NA,NA,WYWHKKSPHMUBEB-UHFFFAOYSA-N,"InChI=1S/C5H5N5S/c6-5-9-3-2(4(11)10-5)7-1-8-3/h1H,(H4,6,7,8,9,10,11)",23480,Nc1nc(S)c2[nH]cnc2n1,4
Input,Arctigenin,0.21566961,InputSig,NA,NA,LINCSCP_7178,A549,10uM,6h,lung,MEK inhibitor,CHUK|MAP2K1,NQWVSMVXKMHKTF-JKSUJKDBSA-N,"InChI=1S/C21H24O6/c1-24-18-7-5-13(11-20(18)26-3)8-15-12-27-21(23)16(15)9-14-4-6-17(22)19(10-14)25-2/h4-7,10-11,15-16,22H,8-9,12H2,1-3H3/t15-,16+/m0/s1",15725,COc1ccc(C[C@H]2COC(=O)[C@@H]2Cc3ccc(O)c(OC)c3)cc1OC,NA
Input,ZINC01037382,0.2156221,InputSig,NA,NA,LINCSCP_46843,PC3,10uM,24h,prostate,NA,NA,VAUYKIRTPDSWGR-MHWRWJLKSA-N,"InChI=1S/C18H12F6N2O2S/c1-11-2-4-15(5-3-11)29(27,28)16(9-25)10-26-14-7-12(17(19,20)21)6-13(8-14)18(22,23)24/h2-8,10,26H,1H3/b16-10+",25757,Cc1ccc(cc1)S(=O)(=O)\C(=C\Nc2cc(cc(c2)C(F)(F)F)C(F)(F)F)\C#N,NA
Input,AC1NSZCT,0.21556195,InputSig,NA,NA,LINCSCP_97661,HA1E,3.33uM,24h,kidney epithelial,Glucocorticoid receptor agonist,NR3C1,JYGXADMDTFJGBT-YDAVOWJHSA-N,"InChI=1S/C21H30O5/c1-19-7-5-13(23)9-12(19)3-4-14-15-6-8-21(26,17(25)11-22)20(15,2)10-16(24)18(14)19/h9,14-16,18,22,24,26H,3-8,10-11H2,1-2H3/t14?,15?,16-,18?,19-,20-,21-/m0/s1",451,C[C@]12CCC(=O)C=C1CCC3C4CC[C@](O)(C(=O)CO)[C@@]4(C)C[C@H](O)C23,NA
Input,PU-H-71,0.21555963,InputSig,NA,NA,LINCSCP_59055,VCAP,10uM,6h,prostate,HSP inhibitor,HSP90AA1,SUPVGFZUWFMATN-UHFFFAOYSA-N,"InChI=1S/C18H21IN6O2S/c1-10(2)21-4-3-5-25-17-15(16(20)22-8-23-17)24-18(25)28-14-7-13-12(6-11(14)19)26-9-27-13/h6-8,10,21H,3-5,9H2,1-2H3,(H2,20,22,23)",18461,CC(C)NCCCn1c(Sc2cc3OCOc3cc2I)nc4c(N)ncnc14,NA
Input,SMR000076922,0.21555525,InputSig,NA,NA,LINCSCP_45311,PC3,10uM,24h,prostate,NA,NA,KEGAOGGMAQQKFO-UHFFFAOYSA-N,"InChI=1S/C17H17N9S/c1-25(2)16-20-14(19-15(18)21-16)10-27-17-22-23-24-26(17)13-9-5-7-11-6-3-4-8-12(11)13/h3-9H,10H2,1-2H3,(H2,18,19,20,21)",38519,CN(C)c1nc(N)nc(CSc2nnnn2c3cccc4ccccc34)n1,NA
Input,Niguldipine,0.21547747,InputSig,NA,NA,LINCSCP_7256,A549,10uM,24h,lung,Adrenergic receptor antagonist|Calcium channel blocker,ADRA1A|CACNA1C,SVJMLYUFVDMUHP-UHFFFAOYSA-N,"InChI=1S/C36H39N3O6/c1-25-31(34(40)44-3)33(27-12-10-17-30(24-27)39(42)43)32(26(2)37-25)35(41)45-23-11-20-38-21-18-36(19-22-38,28-13-6-4-7-14-28)29-15-8-5-9-16-29/h4-10,12-17,24,33,37H,11,18-23H2,1-3H3",15280,COC(=O)C1=C(C)NC(=C(C1c2cccc(c2)[N+](=O)[O-])C(=O)OCCCN3CCC(CC3)(c4ccccc4)c5ccccc5)C,NA
Input,Gemfibrozil,0.21543714,InputSig,NA,NA,LINCSCP_154433,PC3,0.04uM,24h,prostate,Lipoprotein lipase activator,CYP2C8|LPL|PPARA,HEMJJKBWTPKOJG-UHFFFAOYSA-N,"InChI=1S/C15H22O3/c1-11-6-7-12(2)13(10-11)18-9-5-8-15(3,4)14(16)17/h6-7,10H,5,8-9H2,1-4H3,(H,16,17)",15416,Cc1ccc(C)c(OCCCC(C)(C)C(=O)O)c1,4
Input,SPECTRUM_000224,0.21534559,InputSig,NA,NA,LINCSCP_19179,HCC515,10uM,6h,lung,Corticosteroid agonist|Glucocorticoid receptor agonist|Immunosuppressant,NR3C1,YNDXUCZADRHECN-BPHAHLGOSA-N,"InChI=1S/C24H31FO6/c1-20(2)30-19-10-16-15-6-5-13-9-14(27)7-8-21(13,3)23(15,25)17(28)11-22(16,4)24(19,31-20)18(29)12-26/h7-9,15-17,19,26,28H,5-6,10-12H2,1-4H3/t15?,16?,17-,19+,21-,22-,23-,24+/m0/s1",157,CC1(C)O[C@@H]2CC3C4CCC5=CC(=O)C=C[C@]5(C)[C@@]4(F)[C@@H](O)C[C@]3(C)[C@@]2(O1)C(=O)CO,NA
Input,ICG-001,0.21528879,InputSig,NA,NA,LINCSCP_57189,VCAP,10uM,6h,prostate,NA,NA,HQWTUOLCGKIECB-XZWHSSHBSA-N,"InChI=1S/C33H32N4O4/c38-27-15-13-23(14-16-27)19-29-32(40)35(21-26-11-6-10-25-9-4-5-12-28(25)26)22-30-36(18-17-31(39)37(29)30)33(41)34-20-24-7-2-1-3-8-24/h1-16,29-30,38H,17-22H2,(H,34,41)/t29-,30+/m0/s1",36696,Oc1ccc(C[C@@H]2N3[C@H](CN(Cc4cccc5ccccc45)C2=O)N(CCC3=O)C(=O)NCc6ccccc6)cc1,NA
Input,Sulconazole,0.21512895,InputSig,NA,NA,LINCSCP_42531,NPC,10uM,24h,neural progenitor cells,Cytochrome P450 51 inhibitor,NA,AFNXATANNDIXLG-UHFFFAOYSA-N,"InChI=1S/C18H15Cl3N2S/c19-14-3-1-13(2-4-14)11-24-18(10-23-8-7-22-12-23)16-6-5-15(20)9-17(16)21/h1-9,12,18H,10-11H2",35419,Clc1ccc(CSC(Cn2ccnc2)c3ccc(Cl)cc3Cl)cc1,4
Input,Huperzine-A,0.21510661,InputSig,NA,NA,LINCSCP_1998,A375,10uM,6h,skin,Acetylcholinesterase inhibitor|Glutamate receptor antagonist,ACHE,ZRJBHWIHUMBLCN-JRYCNTDSSA-N,"InChI=1S/C15H18N2O/c1-3-11-10-6-9(2)8-15(11,16)12-4-5-14(18)17-13(12)7-10/h3-6,10H,7-8,16H2,1-2H3,(H,17,18)/b11-3+/t10-,15+/m1/s1",5368,C\C=C\1/[C@H]2CC3=C(C=CC(=O)N3)[C@]1(N)CC(=C2)C,NA
Input,BS-181,0.21510057,InputSig,NA,NA,LINCSCP_164511,SKL.C,10uM,24h,NA,NA,NA,DNYBIOICMDTDAP-UHFFFAOYSA-N,"InChI=1S/C22H32N6/c1-17(2)19-16-26-28-21(25-15-18-10-6-5-7-11-18)14-20(27-22(19)28)24-13-9-4-3-8-12-23/h5-7,10-11,14,16-17,25H,3-4,8-9,12-13,15,23H2,1-2H3,(H,24,27)",14197,CC(C)c1cnn2c(NCc3ccccc3)cc(NCCCCCCN)nc12,NA
Input,Iodophenpropit,0.21499495,InputSig,NA,NA,LINCSCP_22939,HEPG2,10uM,6h,liver,Histamine receptor antagonist,HRH3|HRH4,UBHYDQAARZKHEZ-UHFFFAOYSA-N,"InChI=1S/C15H19IN4S/c16-13-5-3-12(4-6-13)7-8-19-15(17)21-9-1-2-14-10-18-11-20-14/h3-6,10-11H,1-2,7-9H2,(H2,17,19)(H,18,20)",33457,Ic1ccc(CCNC(=N)SCCCc2c[nH]cn2)cc1,NA
Input,MST-312,0.21497973,InputSig,NA,NA,LINCSCP_19308,HCC515,10uM,24h,lung,Telomerase inhibitor,TERT,MIQUEZGHEJGPJB-UHFFFAOYSA-N,"InChI=1S/C20H16N2O6/c23-15-8-2-6-13(17(15)25)19(27)21-11-4-1-5-12(10-11)22-20(28)14-7-3-9-16(24)18(14)26/h1-10,23-26H,(H,21,27)(H,22,28)",23139,Oc1cccc(C(=O)Nc2cccc(NC(=O)c3cccc(O)c3O)c2)c1O,NA
Input,Pelitinib,0.21475996,InputSig,NA,NA,LINCSCP_90842,HA1E,10uM,24h,kidney epithelial,EGFR inhibitor,EGFR,WVUNYSQLFKLYNI-AATRIKPKSA-N,"InChI=1S/C24H23ClFN5O2/c1-4-33-22-12-20-17(11-21(22)30-23(32)6-5-9-31(2)3)24(15(13-27)14-28-20)29-16-7-8-19(26)18(25)10-16/h5-8,10-12,14H,4,9H2,1-3H3,(H,28,29)(H,30,32)/b6-5+",24522,CCOc1cc2ncc(C#N)c(Nc3ccc(F)c(Cl)c3)c2cc1NC(=O)\C=C\CN(C)C,2
Input,MLS003329222,0.21474021,InputSig,NA,NA,LINCSCP_1750,A375,10uM,6h,skin,NA,NA,FECDNNKZAXOAIW-UHFFFAOYSA-N,"InChI=1S/C24H22N4O3/c1-28-20-6-3-2-5-19(20)21(16-24(28)30)31-14-4-7-23(29)27-22-15-18(10-13-26-22)17-8-11-25-12-9-17/h2-3,5-6,8-13,15-16H,4,7,14H2,1H3,(H,26,27,29)",1225,CN1C(=O)C=C(OCCCC(=O)Nc2cc(ccn2)c3ccncc3)c4ccccc14,NA
Input,"7,2'-Dihydroxyflavone",0.21447185,InputSig,NA,NA,LINCSCP_33776,MCF7,10uM,6h,breast,NA,NA,NUGPQONICGTVNA-UHFFFAOYSA-N,"InChI=1S/C15H10O4/c16-9-5-6-11-13(18)8-15(19-14(11)7-9)10-3-1-2-4-12(10)17/h1-8,16-17H",16178,Oc1ccc2C(=O)C=C(Oc2c1)c3ccccc3O,NA
Input,Foretinib,0.21444247,InputSig,NA,NA,LINCSCP_105436,HELA,3.33uM,24h,large intestine,VEGFR inhibitor,FLT1|FLT3|FLT4|KDR|KIT|MET|PDGFRA|PDGFRB|TEK,CXQHYVUVSFXTMY-UHFFFAOYSA-N,"InChI=1S/C34H34F2N4O6/c1-43-30-20-25-27(21-31(30)45-16-2-13-40-14-17-44-18-15-40)37-12-9-28(25)46-29-8-7-24(19-26(29)36)39-33(42)34(10-11-34)32(41)38-23-5-3-22(35)4-6-23/h3-9,12,19-21H,2,10-11,13-18H2,1H3,(H,38,41)(H,39,42)",17552,COc1cc2c(Oc3ccc(NC(=O)C4(CC4)C(=O)Nc5ccc(F)cc5)cc3F)ccnc2cc1OCCCN6CCOCC6,2
Input,Thiostrepton,0.21431333,InputSig,NA,NA,LINCSCP_40913,NEU,10uM,24h,NA,FOXM1 inhibitor|Protein synthesis inhibitor,FOXM1,NSFFHOGKXHRQEW-DVRIZHICSA-N,"InChI=1S/C72H85N19O18S5/c1-14-26(3)47-63(105)78-30(7)57(99)75-28(5)56(98)76-31(8)58(100)91-72-19-18-40(66-85-43(22-111-66)59(101)77-29(6)55(97)74-27(4)54(73)96)81-52(72)42-21-112-67(83-42)49(34(11)109-69(107)41-20-37(32(9)92)36-16-17-39(79-47)51(95)50(36)80-41)89-60(102)44-24-113-68(86-44)53(71(13,108)35(12)94)90-62(104)45-23-110-65(84-45)38(15-2)82-64(106)48(33(10)93)88-61(103)46-25-114-70(72)87-46/h15-17,20-22,24-26,30-35,39,45,47-49,51-53,79,92-95,108H,4-6,14,18-19,23H2,1-3,7-13H3,(H2,73,96)(H,74,97)(H,75,99)(H,76,98)(H,77,101)(H,78,105)(H,82,106)(H,88,103)(H,89,102)(H,90,104)(H,91,100)/b38-15+",5364,CCC(C)C1NC2C=Cc3c(cc(nc3C2O)C(=O)OC(C)C4NC(=O)c5csc(n5)C(NC(=O)C6CSC(=N6)\C(=C/C)\NC(=O)C(NC(=O)c7csc(n7)C8(CCC(=NC8c9csc4n9)c%10nc(cs%10)C(=O)NC(=C)C(=O)NC(=C)C(=O)N)NC(=O)C(C)NC(=O)C(=C)NC(=O)C(C)NC1=O)C(C)O)C(C)(O)C(C)O)C(C)O,NA
Input,Thiostrepton,0.21431333,InputSig,NA,NA,LINCSCP_40913,NEU,10uM,24h,NA,FOXM1 inhibitor|Protein synthesis inhibitor,FOXM1,NSFFHOGKXHRQEW-IGZQDAKXSA-N,"InChI=1S/C72H85N19O18S5/c1-14-26(3)47-63(105)78-30(7)57(99)75-28(5)56(98)76-31(8)58(100)91-72-19-18-40(66-85-43(22-111-66)59(101)77-29(6)55(97)74-27(4)54(73)96)81-52(72)42-21-112-67(83-42)49(34(11)109-69(107)41-20-37(32(9)92)36-16-17-39(79-47)51(95)50(36)80-41)89-60(102)44-24-113-68(86-44)53(71(13,108)35(12)94)90-62(104)45-23-110-65(84-45)38(15-2)82-64(106)48(33(10)93)88-61(103)46-25-114-70(72)87-46/h15-17,20-22,24-26,30-35,39,45,47-49,51-53,79,92-95,108H,4-6,14,18-19,23H2,1-3,7-13H3,(H2,73,96)(H,74,97)(H,75,99)(H,76,98)(H,77,101)(H,78,105)(H,82,106)(H,88,103)(H,89,102)(H,90,104)(H,91,100)/t26?,30-,31-,32-,33+,34+,35+,39+,45+,47-,48-,49-,51-,52-,53+,71-,72+/m0/s1",22302,CCC(C)[C@@H]1N[C@@H]2C=Cc3c(cc(nc3[C@H]2O)C(=O)O[C@H](C)[C@@H]4NC(=O)c5csc(n5)[C@@H](NC(=O)[C@H]6CSC(=N6)C(=CC)NC(=O)[C@@H](NC(=O)c7csc(n7)[C@]8(CCC(=N[C@H]8c9csc4n9)c%10nc(cs%10)C(=O)NC(=C)C(=O)NC(=C)C(=O)N)NC(=O)[C@H](C)NC(=O)C(=C)NC(=O)[C@H](C)NC1=O)[C@@H](C)O)[C@@](C)(O)[C@@H](C)O)[C@H](C)O,NA
Input,BRD-K52111234,0.21425248,InputSig,NA,NA,LINCSCP_243221,MCF7,10uM,6h,breast,NA,NA,RFGPXVMTNFVDAR-VDZJOXJSSA-N,"InChI=1S/C31H39N3O9S2/c1-21-18-34(22(2)20-35)31(36)17-23-16-24(32-44(37,38)27-11-7-25(41-4)8-12-27)6-15-29(23)43-30(21)19-33(3)45(39,40)28-13-9-26(42-5)10-14-28/h6-16,21-22,30,32,35H,17-20H2,1-5H3/t21-,22+,30-/m1/s1",12944,COc1ccc(cc1)S(=O)(=O)Nc2ccc3O[C@H](CN(C)S(=O)(=O)c4ccc(OC)cc4)[C@H](C)CN([C@@H](C)CO)C(=O)Cc3c2,NA
Input,BRD-A25736793,0.21421815,InputSig,NA,NA,LINCSCP_146572,NEU,0.04uM,24h,NA,mTOR inhibitor,MTOR,HKVAMNSJSFKALM-PYJGUTGCSA-N,"InChI=1S/C53H83NO14/c1-32-16-12-11-13-17-33(2)44(63-8)30-40-21-19-38(7)53(62,68-40)50(59)51(60)54-23-15-14-18-41(54)52(61)67-45(35(4)28-39-20-22-43(66-25-24-55)46(29-39)64-9)31-42(56)34(3)27-37(6)48(58)49(65-10)47(57)36(5)26-32/h11-13,16-17,27,32,34-36,38-41,43-46,48-49,55,58,62H,14-15,18-26,28-31H2,1-10H3/b13-11+,16-12+,33-17+,37-27+",1547,COC1CC(CC(C)C2CC(=O)C(C)\C=C(/C)\C(O)C(OC)C(=O)C(C)CC(C)\C=C\C=C\C=C(/C)\C(CC3CCC(C)C(O)(O3)C(=O)C(=O)N4CCCCC4C(=O)O2)OC)CCC1OCCO,NA
Input,Necrostatin,0.21421209,InputSig,NA,NA,LINCSCP_32828,MCF7,10uM,24h,breast,RIPK inhibitor,RIPK1,TXUWMXQFNYDOEZ-UHFFFAOYSA-N,"InChI=1S/C13H13N3OS/c1-16-12(17)11(15-13(16)18)6-8-7-14-10-5-3-2-4-9(8)10/h2-5,7,11,14H,6H2,1H3,(H,15,18)",35366,CN1C(=S)NC(Cc2c[nH]c3ccccc23)C1=O,NA
Input,SU4312,0.2141429,InputSig,NA,NA,LINCSCP_33349,MCF7,10uM,24h,breast,PDGFR tyrosine kinase receptor inhibitor|Tyrosine kinase inhibitor|VEGFR inhibitor,KDR,UAKWLVYMKBWHMX-PTNGSMBKSA-N,"InChI=1S/C17H16N2O/c1-19(2)13-9-7-12(8-10-13)11-15-14-5-3-4-6-16(14)18-17(15)20/h3-11H,1-2H3,(H,18,20)/b15-11-",16949,CN(C)c1ccc(\C=C\2/C(=O)Nc3ccccc23)cc1,NA
Input,PP 2,0.21401453,InputSig,NA,NA,LINCSCP_11486,ASC,10uM,24h,adipose,Src inhibitor,LCK|SRC,PBBRWFOVCUAONR-UHFFFAOYSA-N,"InChI=1S/C15H16ClN5/c1-15(2,3)21-14-11(13(17)18-8-19-14)12(20-21)9-4-6-10(16)7-5-9/h4-8H,1-3H3,(H2,17,18,19)",16076,CC(C)(C)n1nc(c2ccc(Cl)cc2)c3c(N)ncnc13,NA
Input,Tazarotene,0.2139817,InputSig,NA,NA,LINCSCP_142964,MCF7,0.37uM,24h,breast,Retinoic acid receptor agonist,RARA|RARB|RARG,OGQICQVSFDPSEI-UHFFFAOYSA-N,"InChI=1S/C21H21NO2S/c1-4-24-20(23)16-7-9-17(22-14-16)8-5-15-6-10-19-18(13-15)21(2,3)11-12-25-19/h6-7,9-10,13-14H,4,11-12H2,1-3H3",26576,CCOC(=O)c1ccc(nc1)C#Cc2ccc3SCCC(C)(C)c3c2,4
Input,BRD-K76938712,0.21393549,InputSig,NA,NA,LINCSCP_46509,PC3,10uM,24h,prostate,NA,NA,UIWHTZIAIXNFGN-AWYDNWMNSA-N,"InChI=1S/C40H42N6O5S/c1-25-21-46(26(2)24-47)40(50)31-7-6-10-34(44-38(49)29-15-17-30(18-16-29)39-42-19-20-52-39)36(31)51-35(25)23-45(3)22-27-11-13-28(14-12-27)37(48)43-33-9-5-4-8-32(33)41/h4-20,25-26,35,47H,21-24,41H2,1-3H3,(H,43,48)(H,44,49)/t25-,26+,35+/m1/s1",33644,C[C@@H](CO)N1C[C@@H](C)[C@H](CN(C)Cc2ccc(cc2)C(=O)Nc3ccccc3N)Oc4c(NC(=O)c5ccc(cc5)c6nccs6)cccc4C1=O,NA
Input,C24H25CLFN5O3,0.21385262,InputSig,NA,NA,LINCSCP_85944,BT20,10uM,24h,breast,EGFR inhibitor,EGFR|ERBB2|ERBB4,ULXXDDBFHOBEHA-ONEGZZNKSA-N,"InChI=1S/C24H25ClFN5O3/c1-31(2)8-3-4-23(32)30-21-11-17-20(12-22(21)34-16-7-9-33-13-16)27-14-28-24(17)29-15-5-6-19(26)18(25)10-15/h3-6,10-12,14,16H,7-9,13H2,1-2H3,(H,30,32)(H,27,28,29)/b4-3+",5074,CN(C)C\C=C\C(=O)Nc1cc2c(Nc3ccc(F)c(Cl)c3)ncnc2cc1OC4CCOC4,NA
Input,"Triazolothiadiazine, 22",0.21379801,InputSig,NA,NA,LINCSCP_5337,A549,10uM,6h,lung,NA,NA,ZXEJWPWMSJXNCZ-UHFFFAOYSA-N,"InChI=1S/C23H24N4O3S/c1-28-19-10-6-5-9-17(19)22-24-25-23-27(22)26-18(14-31-23)15-11-12-20(29-2)21(13-15)30-16-7-3-4-8-16/h5-6,9-13,16H,3-4,7-8,14H2,1-2H3",36172,COc1ccc(cc1OC2CCCC2)C3=Nn4c(SC3)nnc4c5ccccc5OC,NA
Input,EMF-SUMO1-39,0.21375058,InputSig,NA,NA,LINCSCP_20710,HCC515,10uM,6h,lung,NA,NA,OBWBFKKSRSLTHA-UHFFFAOYSA-N,"InChI=1S/C19H20FNO2/c20-17-8-4-7-16(13-17)19(22)18(15-5-2-1-3-6-15)14-21-9-11-23-12-10-21/h1-8,13,18H,9-12,14H2",11402,Fc1cccc(c1)C(=O)C(CN2CCOCC2)c3ccccc3,NA
Input,AMG-9810,0.21371724,InputSig,NA,NA,LINCSCP_2618,A375,10uM,6h,skin,TRPV antagonist,TRPV1,GZTFUVZVLYUPRG-UHFFFAOYSA-N,"InChI=1S/C21H23NO3/c1-21(2,3)16-7-4-15(5-8-16)6-11-20(23)22-17-9-10-18-19(14-17)25-13-12-24-18/h4-11,14H,12-13H2,1-3H3,(H,22,23)",22757,CC(C)(C)c1ccc(C=CC(=O)Nc2ccc3OCCOc3c2)cc1,NA
Input,Primaquine,0.21368788,InputSig,NA,NA,LINCSCP_139548,MCF7,10uM,24h,breast,Antimalarial agent|DNA inhibitor,NA,INDBQLZJXZLFIT-UHFFFAOYSA-N,"InChI=1S/C15H21N3O/c1-11(5-3-7-16)18-14-10-13(19-2)9-12-6-4-8-17-15(12)14/h4,6,8-11,18H,3,5,7,16H2,1-2H3",15268,COc1cc(NC(C)CCCN)c2ncccc2c1,4
Input,SN-38,0.21358562,InputSig,NA,NA,LINCSCP_103968,HELA,3.33uM,24h,large intestine,NA,NA,FJHBVJOVLFPMQE-QFIPXVFZSA-N,"InChI=1S/C22H20N2O5/c1-3-12-13-7-11(25)5-6-17(13)23-19-14(12)9-24-18(19)8-16-15(20(24)26)10-29-21(27)22(16,28)4-2/h5-8,25,28H,3-4,9-10H2,1-2H3/t22-/m0/s1",26763,CCc1c2CN3C(=O)C4=C(C=C3c2nc5ccc(O)cc15)[C@@](O)(CC)C(=O)OC4,NA
Input,CHEMBL1354134,0.21350069,InputSig,NA,NA,LINCSCP_22122,HEPG2,10uM,6h,liver,NA,NA,HOLVNBCAYHKGJL-UHFFFAOYSA-N,"InChI=1S/C21H21N3O2/c1-2-4-14(3-1)11-22-21-17-9-15(5-7-18(17)23-12-24-21)16-6-8-19-20(10-16)26-13-25-19/h5-10,12,14H,1-4,11,13H2,(H,22,23,24)",36201,C(Nc1ncnc2ccc(cc12)c3ccc4OCOc4c3)C5CCCC5,NA
Input,BRD-K87063646,0.21342002,InputSig,NA,NA,LINCSCP_59713,VCAP,5uM,24h,prostate,NA,NA,RCXZWUYRMIXVKB-OHUGHZGNSA-N,"InChI=1S/C28H45N5O5/c1-18(2)29-27(36)30-23-11-12-24-21(13-23)14-26(35)33(20(4)17-34)15-19(3)25(38-24)16-32(5)28(37)31-22-9-7-6-8-10-22/h11-13,18-20,22,25,34H,6-10,14-17H2,1-5H3,(H,31,37)(H2,29,30,36)/t19-,20+,25-/m1/s1",33930,CC(C)NC(=O)Nc1ccc2O[C@H](CN(C)C(=O)NC3CCCCC3)[C@H](C)CN([C@@H](C)CO)C(=O)Cc2c1,NA
Input,MLS002264436,0.21334053,InputSig,NA,NA,LINCSCP_19692,HCC515,10uM,6h,lung,NA,NA,QOYPYUGVGNSKAK-UHFFFAOYSA-N,"InChI=1S/C22H21N5O2/c1-13-21(14(2)29-27-13)17-6-9-20-19(10-17)22(25-12-24-20)23-11-16-4-7-18(8-5-16)26-15(3)28/h4-10,12H,11H2,1-3H3,(H,26,28)(H,23,24,25)",35517,CC(=O)Nc1ccc(CNc2ncnc3ccc(cc23)c4c(C)onc4C)cc1,NA
Input,AC1NS4S0,0.21329303,InputSig,NA,NA,LINCSCP_15498,HA1E,10uM,6h,kidney epithelial,ATPase inhibitor,ATP2A1,IXFPJGBNCFXKPI-YBFXNURJSA-N,"InChI=1S/C34H50O12/c1-9-12-13-14-15-17-24(37)43-28-26-25(20(5)27(28)44-30(38)19(4)11-3)29-34(41,33(8,40)31(39)45-29)22(42-23(36)16-10-2)18-32(26,7)46-21(6)35/h11,22,26-29,40-41H,9-10,12-18H2,1-8H3/b19-11+",5356,CCCCCCCC(=O)OC1C(OC(=O)\C(=C\C)\C)C(=C2C3OC(=O)C(C)(O)C3(O)C(CC(C)(OC(=O)C)C12)OC(=O)CCC)C,NA
Input,Rabusertib,0.21328335,InputSig,NA,NA,LINCSCP_148055,NPC.CAS9,10uM,24h,NA,Serine/threonine-protein kinase Chk1  inhibitor,CHEK1,SYYBDNPGDKKJDU-ZDUSSCGKSA-N,"InChI=1S/C18H22BrN5O3/c1-11-5-16(27-10-13-8-20-3-4-26-13)15(6-14(11)19)23-18(25)24-17-9-21-12(2)7-22-17/h5-7,9,13,20H,3-4,8,10H2,1-2H3,(H2,22,23,24,25)/t13-/m0/s1",39887,Cc1cnc(NC(=O)Nc2cc(Br)c(C)cc2OC[C@@H]3CNCCO3)cn1,2
Input,Propylthiouracil,0.21327832,InputSig,NA,NA,LINCSCP_73433,A375,10uM,24h,skin,Thyroid peroxidase inhibitor,DIO1|TPO,KNAHARQHSZJURB-UHFFFAOYSA-N,"InChI=1S/C7H10N2OS/c1-2-3-5-4-6(10)9-7(11)8-5/h4H,2-3H2,1H3,(H2,8,9,10,11)",18473,CCCC1=CC(=O)NC(=S)N1,4
Input,BRD-K08023754,0.21317654,InputSig,NA,NA,LINCSCP_298719,VCAP,5uM,24h,prostate,NA,NA,GMDADKPJAYHJFG-JQVVWYNYSA-N,"InChI=1S/C24H35N5O4/c1-18-13-29(19(2)16-30)23(31)10-7-11-28-14-21(25-26-28)17-33-22(18)15-27(3)24(32)12-20-8-5-4-6-9-20/h4-6,8-9,14,18-19,22,30H,7,10-13,15-17H2,1-3H3/t18-,19+,22-/m0/s1",22405,C[C@H](CO)N1C[C@H](C)[C@H](CN(C)C(=O)Cc2ccccc2)OCc3cn(CCCC1=O)nn3,NA
Input,BRD-K04534322,0.21294275,InputSig,NA,NA,LINCSCP_6014,A549,10uM,6h,lung,NA,NA,GVBLVLNWRIZMPQ-MREBWLGESA-N,"InChI=1S/C32H38N2O5Si/c1-21-30(40(4,5)26-15-13-25(38-3)14-16-26)29(17-18-35)39-32(21)27-11-6-7-12-28(27)34(31(32)37)20-23-9-8-10-24(19-23)33-22(2)36/h6-16,19,21,29-30,35H,17-18,20H2,1-5H3,(H,33,36)/t21-,29+,30-,32+/m1/s1",31584,COc1ccc(cc1)[Si](C)(C)[C@H]2[C@H](CCO)O[C@]3([C@@H]2C)C(=O)N(Cc4cccc(NC(=O)C)c4)c5ccccc35,NA
Input,BRD-K28578807,0.21274308,InputSig,NA,NA,LINCSCP_296458,VCAP,5uM,24h,prostate,NA,NA,ZCTHAUMPHRHCFX-RRQZXNHTSA-N,"InChI=1S/C28H34N4O6S/c1-18-15-32(19(2)17-33)27(34)22-12-8-14-24(30-39(4,36)37)26(22)38-25(18)16-31(3)28(35)29-23-13-7-10-20-9-5-6-11-21(20)23/h5-14,18-19,25,30,33H,15-17H2,1-4H3,(H,29,35)/t18-,19-,25+/m1/s1",12313,C[C@H](CO)N1C[C@@H](C)[C@H](CN(C)C(=O)Nc2cccc3ccccc23)Oc4c(NS(=O)(=O)C)cccc4C1=O,NA
Input,Brompheniramine,0.2127381,InputSig,NA,NA,LINCSCP_240597,MCF7,10uM,24h,breast,Histamine receptor antagonist,HRH1,ZDIGNSYAACHWNL-UHFFFAOYSA-N,"InChI=1S/C16H19BrN2/c1-19(2)12-10-15(16-5-3-4-11-18-16)13-6-8-14(17)9-7-13/h3-9,11,15H,10,12H2,1-2H3",15167,CN(C)CCC(c1ccc(Br)cc1)c2ccccn2,4
Input,Bntx,0.21270022,InputSig,NA,NA,LINCSCP_41177,NEU,10uM,24h,NA,Opioid receptor antagonist,OPRD1,WXOUFNFMPVMGFZ-BDQAUFNLSA-N,"InChI=1S/C27H27NO4/c29-20-9-8-18-13-21-27(31)14-19(12-16-4-2-1-3-5-16)23(30)25-26(27,22(18)24(20)32-25)10-11-28(21)15-17-6-7-17/h1-5,8-9,12,17,21,25,29,31H,6-7,10-11,13-15H2/b19-12+/t21-,25+,26+,27-/m1/s1",17789,Oc1ccc2C[C@H]3N(CC4CC4)CC[C@@]56[C@@H](Oc1c25)C(=O)\C(=C\c7ccccc7)\C[C@@]36O,NA
Input,AC1NWALX,0.21267446,InputSig,NA,NA,LINCSCP_22839,HEPG2,10uM,6h,liver,Protein synthesis inhibitor,RPS2,AUVVAXYIELKVAI-VXNUJMKFSA-N,"InChI=1S/C29H40N2O4/c1-6-18-17-31-10-8-20-14-27(33-3)29(35-5)16-23(20)25(31)12-21(18)11-24-22-15-28(34-4)26(32-2)13-19(22)7-9-30-24/h13-16,18,21,24-25,30H,6-12,17H2,1-5H3/t18-,21-,24?,25?/m0/s1",22377,CC[C@H]1CN2CCc3cc(OC)c(OC)cc3C2C[C@@H]1CC4NCCc5cc(OC)c(OC)cc45,NA
Input,CHEMBL2359459,0.21266704,InputSig,NA,NA,LINCSCP_7873,A549,10uM,24h,lung,NA,NA,QVMJLFZOFFUGMH-WOGZVKCMSA-N,"InChI=1S/C32H41N5O4/c1-21-17-37(22(2)20-38)32(40)26-16-25(35(3)4)14-15-29(26)41-30(21)19-36(5)18-23-10-12-24(13-11-23)31(39)34-28-9-7-6-8-27(28)33/h6-16,21-22,30,38H,17-20,33H2,1-5H3,(H,34,39)/t21-,22-,30+/m1/s1",36803,C[C@H](CO)N1C[C@@H](C)[C@H](CN(C)Cc2ccc(cc2)C(=O)Nc3ccccc3N)Oc4ccc(cc4C1=O)N(C)C,NA
Input,"2-(3,4-Dichlorophenyl)-2,3-dihydro-1,3-benzoxazole",0.21265437,InputSig,NA,NA,LINCSCP_28891,HUH7,10uM,6h,liver,NA,NA,FWCQRNOPBQJMHI-UHFFFAOYSA-N,"InChI=1S/C13H9Cl2NO/c14-9-6-5-8(7-10(9)15)13-16-11-3-1-2-4-12(11)17-13/h1-7,13,16H",31572,Clc1ccc(cc1Cl)C2Nc3ccccc3O2,NA
Input,3-(4-Pyridyl)indole,0.21254599,InputSig,NA,NA,LINCSCP_57099,VCAP,10uM,6h,prostate,Rho associated kinase inhibitor,ROCK1,LLJRXVHJOJRCSM-UHFFFAOYSA-N,"InChI=1S/C13H10N2/c1-2-4-13-11(3-1)12(9-15-13)10-5-7-14-8-6-10/h1-9,15H",22231,c1ccc2c(c[nH]c2c1)c3ccncc3,NA
Input,Puromycin Hydrochloride,0.21253049,InputSig,NA,NA,LINCSCP_7630,A549,10uM,6h,lung,Protein synthesis inhibitor,NA,RXWNCPJZOCPEPQ-DYKMBDCPSA-N,"InChI=1S/C22H29N7O5/c1-28(2)19-17-20(25-10-24-19)29(11-26-17)22-18(31)16(15(9-30)34-22)27-21(32)14(23)8-12-4-6-13(33-3)7-5-12/h4-7,10-11,14-16,18,22,30-31H,8-9,23H2,1-3H3,(H,27,32)/t14-,15+,16+,18+,22?/m0/s1",355,COc1ccc(C[C@H](N)C(=O)N[C@@H]2[C@@H](CO)OC([C@@H]2O)n3cnc4c(ncnc34)N(C)C)cc1,NA
Input,Epirubicin,0.21251526,InputSig,NA,NA,LINCSCP_6822,A549,10uM,24h,lung,Topoisomerase inhibitor,TOP2A,AOJJSUZBOXZQNB-VTZDEGQISA-N,"InChI=1S/C27H29NO11/c1-10-22(31)13(28)6-17(38-10)39-15-8-27(36,16(30)9-29)7-12-19(15)26(35)21-20(24(12)33)23(32)11-4-3-5-14(37-2)18(11)25(21)34/h3-5,10,13,15,17,22,29,31,33,35-36H,6-9,28H2,1-2H3/t10-,13-,15-,17-,22-,27-/m0/s1",38130,COc1cccc2C(=O)c3c(O)c4C[C@](O)(C[C@H](O[C@H]5C[C@H](N)[C@@H](O)[C@H](C)O5)c4c(O)c3C(=O)c12)C(=O)CO,4
Input,Triamcinolone Diacetate,0.21250736,InputSig,NA,NA,LINCSCP_19160,HCC515,10uM,6h,lung,Glucocorticoid receptor agonist,NR3C1,XGMPVBXKDAHORN-KUZKEXDLSA-N,"InChI=1S/C25H31FO8/c1-13(27)33-12-20(31)25(32)21(34-14(2)28)10-18-17-6-5-15-9-16(29)7-8-22(15,3)24(17,26)19(30)11-23(18,25)4/h7-9,17-19,21,30,32H,5-6,10-12H2,1-4H3/t17?,18?,19-,21+,22-,23-,24-,25+/m0/s1",362,CC(=O)OCC(=O)[C@@]1(O)[C@@H](CC2C3CCC4=CC(=O)C=C[C@]4(C)[C@@]3(F)[C@@H](O)C[C@]12C)OC(=O)C,NA
Input,SCHEMBL16892136,0.21245878,InputSig,NA,NA,LINCSCP_35499,MCF7,3uM,24h,breast,NA,NA,BXLOOKPAMNLACC-UHFFFAOYSA-N,"InChI=1S/C21H19FN4O3/c22-17-7-8-19(18(23)10-17)26-20(27)16-5-3-14(4-6-16)12-25-21(28)29-13-15-2-1-9-24-11-15/h1-11H,12-13,23H2,(H,25,28)(H,26,27)",34093,Nc1cc(F)ccc1NC(=O)c2ccc(CNC(=O)OCc3cccnc3)cc2,NA
Input,CTS-1027,0.21241312,InputSig,NA,NA,LINCSCP_141333,MCF7,0.12uM,24h,breast,NA,NA,ROSNVSQTEGHUKU-UHFFFAOYSA-N,"InChI=1S/C19H20ClNO6S/c20-14-1-3-15(4-2-14)27-16-5-7-17(8-6-16)28(24,25)13-19(18(22)21-23)9-11-26-12-10-19/h1-8,23H,9-13H2,(H,21,22)",26724,ONC(=O)C1(CS(=O)(=O)c2ccc(Oc3ccc(Cl)cc3)cc2)CCOCC1,NA
Input,Raloxifene,0.21238615,InputSig,NA,NA,LINCSCP_24048,HEPG2,10uM,24h,liver,Estrogen receptor beta modulator,ESR1|ESR2,GZUITABIAKMVPG-UHFFFAOYSA-N,"InChI=1S/C28H27NO4S/c30-21-8-4-20(5-9-21)28-26(24-13-10-22(31)18-25(24)34-28)27(32)19-6-11-23(12-7-19)33-17-16-29-14-2-1-3-15-29/h4-13,18,30-31H,1-3,14-17H2",35927,Oc1ccc(cc1)c2sc3cc(O)ccc3c2C(=O)c4ccc(OCCN5CCCCC5)cc4,4
Input,BRD-K74507776,0.21234047,InputSig,NA,NA,LINCSCP_16997,HA1E,10uM,6h,kidney epithelial,NA,NA,XJDNFUDAKLJUOC-XLXCLFHOSA-N,"InChI=1S/C34H52N4O7S/c1-25-22-38(26(2)24-39)34(41)30-21-28(35-33(40)16-12-19-36(4)5)17-18-31(30)45-27(3)13-10-11-20-44-32(25)23-37(6)46(42,43)29-14-8-7-9-15-29/h7-9,14-15,17-18,21,25-27,32,39H,10-13,16,19-20,22-24H2,1-6H3,(H,35,40)/t25-,26-,27-,32+/m1/s1",33579,C[C@H](CO)N1C[C@@H](C)[C@H](CN(C)S(=O)(=O)c2ccccc2)OCCCC[C@@H](C)Oc3ccc(NC(=O)CCCN(C)C)cc3C1=O,NA
Input,CAY-10594,0.21228326,InputSig,NA,NA,LINCSCP_21726,HEPG2,20uM,6h,liver,Phospholipase inhibitor,PLD2,FAIFAFUXFFWVNQ-UHFFFAOYSA-N,"InChI=1S/C26H28N4O2/c31-24(22-11-10-20-6-4-5-7-21(20)18-22)27-14-17-29-15-12-26(13-16-29)25(32)28-19-30(26)23-8-2-1-3-9-23/h1-11,18H,12-17,19H2,(H,27,31)(H,28,32)",23416,O=C(NCCN1CCC2(CC1)N(CNC2=O)c3ccccc3)c4ccc5ccccc5c4,NA
Input,SCHEMBL12410954,0.21219752,InputSig,NA,NA,LINCSCP_17452,HA1E,10uM,24h,kidney epithelial,Nucleophosmin inhibitor,NA,BYQQNSVZQGCUKN-UHFFFAOYSA-N,"InChI=1S/C21H25NO2/c1-19(2)11-15-14-9-13-7-8-21(5,6)24-17(13)10-16(14)22(23)18(15)20(3,4)12-19/h7-11H,12H2,1-6H3",11552,CC1(C)CC(C)(C)C2=[N+]([O-])c3cc4OC(C)(C)C=Cc4cc3C2=C1,NA
Input,Puromycin,0.21208302,InputSig,NA,NA,LINCSCP_311007,VCAP,10uM,6h,prostate,Protein synthesis inhibitor,NA,RXWNCPJZOCPEPQ-NVWDDTSBSA-N,"InChI=1S/C22H29N7O5/c1-28(2)19-17-20(25-10-24-19)29(11-26-17)22-18(31)16(15(9-30)34-22)27-21(32)14(23)8-12-4-6-13(33-3)7-5-12/h4-7,10-11,14-16,18,22,30-31H,8-9,23H2,1-3H3,(H,27,32)/t14-,15+,16+,18+,22+/m0/s1",775,COc1ccc(C[C@H](N)C(=O)N[C@@H]2[C@@H](CO)O[C@H]([C@@H]2O)n3cnc4c(ncnc34)N(C)C)cc1,NA
Input,SCHEMBL16980376,0.21207444,InputSig,NA,NA,LINCSCP_29017,HUH7,3uM,6h,liver,NA,NA,HZAABOSBDYXUMN-OXCBMLQPSA-N,"InChI=1S/C27H33F3N2O5/c28-27(29,30)12-13-32-16-20(33)17-35-18-25-24(32)11-10-23(37-25)14-26(34)31-15-19-6-8-22(9-7-19)36-21-4-2-1-3-5-21/h1-9,20,23-25,33H,10-18H2,(H,31,34)/t20-,23-,24+,25-/m0/s1",23511,O[C@@H]1COC[C@@H]2O[C@H](CC(=O)NCc3ccc(Oc4ccccc4)cc3)CC[C@H]2N(CCC(F)(F)F)C1,NA
Input,Dacinostat,0.21201874,InputSig,NA,NA,LINCSCP_106257,HELA,3.33uM,24h,large intestine,HDAC inhibitor,HDAC1,BWDQBBCUWLSASG-MDZDMXLPSA-N,"InChI=1S/C22H25N3O3/c26-14-13-25(12-11-19-15-23-21-4-2-1-3-20(19)21)16-18-7-5-17(6-8-18)9-10-22(27)24-28/h1-10,15,23,26,28H,11-14,16H2,(H,24,27)/b10-9+",37958,OCCN(CCc1c[nH]c2ccccc12)Cc3ccc(\C=C\C(=O)NO)cc3,NA
Input,Hinokitiol,0.21194428,InputSig,NA,NA,LINCSCP_42637,NPC,10uM,24h,neural progenitor cells,Tyrosinase inhibitor,NA,FUWUEFKEXZQKKA-UHFFFAOYSA-N,"InChI=1S/C10H12O2/c1-7(2)8-4-3-5-9(11)10(12)6-8/h3-7H,1-2H3,(H,11,12)",15609,CC(C)C1=CC=CC(=O)C(=C1)O,NA
Input,TCS-359,0.21188604,InputSig,NA,NA,LINCSCP_382,A375,10uM,24h,skin,FLT3 inhibitor,FLT3,FSPQCTGGIANIJZ-UHFFFAOYSA-N,"InChI=1S/C18H20N2O4S/c1-23-12-8-7-10(9-13(12)24-2)17(22)20-18-15(16(19)21)11-5-3-4-6-14(11)25-18/h7-9H,3-6H2,1-2H3,(H2,19,21)(H,20,22)",36052,COc1ccc(cc1OC)C(=O)Nc2sc3CCCCc3c2C(=O)N,NA
Input,BRD-K69888333,0.21173881,InputSig,NA,NA,LINCSCP_49878,PHH,10uM,24h,NA,NA,NA,UIWHTZIAIXNFGN-XUKQSAIQSA-N,"InChI=1S/C40H42N6O5S/c1-25-21-46(26(2)24-47)40(50)31-7-6-10-34(44-38(49)29-15-17-30(18-16-29)39-42-19-20-52-39)36(31)51-35(25)23-45(3)22-27-11-13-28(14-12-27)37(48)43-33-9-5-4-8-32(33)41/h4-20,25-26,35,47H,21-24,41H2,1-3H3,(H,43,48)(H,44,49)/t25-,26+,35-/m0/s1",13347,C[C@H](CO)N1C[C@H](C)[C@H](CN(C)Cc2ccc(cc2)C(=O)Nc3ccccc3N)Oc4c(NC(=O)c5ccc(cc5)c6nccs6)cccc4C1=O,NA
Input,Oligomycin A,0.21164044,InputSig,NA,NA,LINCSCP_15510,HA1E,10uM,6h,kidney epithelial,ATPase inhibitor|ATP synthase inhibitor,ATP5A1,MNULEGDCPYONBU-VVXVDZGXSA-N,"InChI=1S/C45H74O11/c1-12-34-17-15-13-14-16-27(4)42(51)44(11,53)43(52)32(9)40(50)31(8)39(49)30(7)38(48)26(3)18-21-37(47)54-41-29(6)35(20-19-34)55-45(33(41)10)23-22-25(2)36(56-45)24-28(5)46/h13-15,17-18,21,25-36,38,40-42,46,48,50-51,53H,12,16,19-20,22-24H2,1-11H3/b14-13+,17-15+,21-18+/t25-,26-,27+,28+,29+,30-,31+,32+,33-,34?,35?,36?,38+,40-,41?,42-,44+,45?/m1/s1",42685,CCC1CCC2OC3(CC[C@@H](C)C(C[C@H](C)O)O3)[C@H](C)C(OC(=O)\C=C\[C@@H](C)[C@H](O)[C@@H](C)C(=O)[C@H](C)[C@@H](O)[C@H](C)C(=O)[C@@](C)(O)[C@H](O)[C@@H](C)C\C=C\C=C\1)[C@H]2C,NA
Input,Miconazole,0.211639,InputSig,NA,NA,LINCSCP_34257,MCF7,10uM,24h,breast,Cytochrome P450 51 inhibitor,NA,BYBLEWFAAKGYCD-UHFFFAOYSA-N,"InChI=1S/C18H14Cl4N2O/c19-13-2-1-12(16(21)7-13)10-25-18(9-24-6-5-23-11-24)15-4-3-14(20)8-17(15)22/h1-8,11,18H,9-10H2",2545,Clc1ccc(COC(Cn2ccnc2)c3ccc(Cl)cc3Cl)c(Cl)c1,4
Input,Tioconazole,0.21163538,InputSig,NA,NA,LINCSCP_137669,MCF7,0.04uM,24h,breast,Sterol demethylase inhibitor,NA,QXHHHPZILQDDPS-UHFFFAOYSA-N,"InChI=1S/C16H13Cl3N2OS/c17-12-1-2-13(14(18)7-12)15(8-21-5-4-20-10-21)22-9-11-3-6-23-16(11)19/h1-7,10,15H,8-9H2",16235,Clc1ccc(C(Cn2ccnc2)OCc3ccsc3Cl)c(Cl)c1,4
Input,CHEMBL3188797,0.2115899,InputSig,NA,NA,LINCSCP_35375,MCF7,10uM,24h,breast,NA,NA,ZAHXKZOKOUSJMC-AGVMNQFGSA-N,"InChI=1S/C27H35N3O2/c1-28(2)19-26(32)29-16-6-7-17-30-24(18-29)27(25(30)20-31)23-14-12-22(13-15-23)11-10-21-8-4-3-5-9-21/h3-5,8-15,24-25,27,31H,6-7,16-20H2,1-2H3/b11-10+/t24-,25-,27-/m0/s1",38185,CN(C)CC(=O)N1CCCCN2[C@@H](CO)[C@H]([C@@H]2C1)c3ccc(\C=C\c4ccccc4)cc3,NA
Input,"2,3-Diamino-1-phenylpropan-1-one",0.21156129,InputSig,NA,NA,LINCSCP_33045,MCF7,10uM,24h,breast,Aryl hydrocarbon receptor activator,NA,KVMYSBIFGBLUGK-UHFFFAOYSA-N,"InChI=1S/C9H12N2O/c10-6-8(11)9(12)7-4-2-1-3-5-7/h1-5,8H,6,10-11H2",9495,NCC(N)C(=O)c1ccccc1,NA
Input,DASA-58,0.21144504,InputSig,NA,NA,LINCSCP_264262,OV7,90uM,6h,ovary,Pyruvate kinase isozyme activator,PKM,GMHIOMMKSMSRLY-UHFFFAOYSA-N,"InChI=1S/C19H23N3O6S2/c20-15-3-1-4-16(13-15)29(23,24)21-7-2-8-22(10-9-21)30(25,26)17-5-6-18-19(14-17)28-12-11-27-18/h1,3-6,13-14H,2,7-12,20H2",15963,Nc1cccc(c1)S(=O)(=O)N2CCCN(CC2)S(=O)(=O)c3ccc4OCCOc4c3,NA
Input,Topotecan,0.21141212,InputSig,NA,NA,LINCSCP_5871,A549,10uM,6h,lung,Topoisomerase inhibitor,TOP1|TOP1MT,UCFGDBYHRUNTLO-QHCPKHFHSA-N,"InChI=1S/C23H23N3O5/c1-4-23(30)16-8-18-20-12(9-26(18)21(28)15(16)11-31-22(23)29)7-13-14(10-25(2)3)19(27)6-5-17(13)24-20/h5-8,27,30H,4,9-11H2,1-3H3/t23-/m0/s1",16372,CC[C@@]1(O)C(=O)OCC2=C1C=C3N(Cc4cc5c(CN(C)C)c(O)ccc5nc34)C2=O,4
Input,Amonafide,0.21136194,InputSig,NA,NA,LINCSCP_58611,VCAP,10uM,24h,prostate,Topoisomerase inhibitor,TOP2A,UPALIKSFLSVKIS-UHFFFAOYSA-N,"InChI=1S/C16H17N3O2/c1-18(2)6-7-19-15(20)12-5-3-4-10-8-11(17)9-13(14(10)12)16(19)21/h3-5,8-9H,6-7,17H2,1-2H3",16373,CN(C)CCN1C(=O)c2cccc3cc(N)cc(C1=O)c23,3
Input,ASN 05257430,0.21128535,InputSig,NA,NA,LINCSCP_10567,AGS,10uM,6h,stomach,NA,NA,HMGDKYUJSFVHIY-UHFFFAOYSA-N,"InChI=1S/C19H22N2O7S2/c1-26-15-2-4-16(5-3-15)29(22,23)20-8-10-21(11-9-20)30(24,25)17-6-7-18-19(14-17)28-13-12-27-18/h2-7,14H,8-13H2,1H3",35772,COc1ccc(cc1)S(=O)(=O)N2CCN(CC2)S(=O)(=O)c3ccc4OCCOc4c3,NA
Input,BRD-A94810754-001-01-2,0.21114862,InputSig,NA,NA,LINCSCP_43552,NPC,10uM,6h,neural progenitor cells,Calcium channel modulator,NA,DICYOBFZDAWHJC-JJUPKYKSSA-N,"InChI=1S/C41H74O7/c1-12-14-26(2)21-28(4)23-31(7)36(44)25-35(43)30(6)22-27(3)15-13-16-29(5)39(46)32(8)37(45)24-34-17-19-41(11,47-34)38-18-20-40(10,48-38)33(9)42/h13,16,26-34,37-39,42,45-46H,12,14-15,17-25H2,1-11H3/b16-13+/t26-,27-,28+,29-,30-,31+,32+,33-,34+,37+,38?,39-,40+,41+/m1/s1",5365,CCC[C@@H](C)C[C@H](C)C[C@H](C)C(=O)CC(=O)[C@H](C)C[C@H](C)C\C=C\[C@@H](C)[C@@H](O)[C@@H](C)[C@@H](O)C[C@@H]1CC[C@](C)(O1)C2CC[C@](C)(O2)[C@@H](C)O,NA
Input,"6,10,10B-Trihydroxy-3,4a,7,7,10a-pentamethyl-1-oxo-3-vinyldodecahydro-1H-benzo[f]chromen-5-yl acetate",0.21113132,InputSig,NA,NA,LINCSCP_25688,HT29,10uM,6h,large intestine,Adenylyl cyclase activator,ADCY2,OHCQJHSOBUTRHG-UHFFFAOYSA-N,"InChI=1S/C22H34O7/c1-8-19(5)11-14(25)22(27)20(6)13(24)9-10-18(3,4)16(20)15(26)17(28-12(2)23)21(22,7)29-19/h8,13,15-17,24,26-27H,1,9-11H2,2-7H3",36248,CC(=O)OC1C(O)C2C(C)(C)CCC(O)C2(C)C3(O)C(=O)CC(C)(OC13C)C=C,NA
Input,"3,4'-Dimethoxyflavone",0.21111553,InputSig,NA,NA,LINCSCP_33735,MCF7,10uM,6h,breast,NA,NA,AFIUIJXKXMMNCK-UHFFFAOYSA-N,"InChI=1S/C17H14O4/c1-19-12-9-7-11(8-10-12)16-17(20-2)15(18)13-5-3-4-6-14(13)21-16/h3-10H,1-2H3",16161,COC1=C(Oc2ccccc2C1=O)c3ccc(OC)cc3,NA
Input,Triflupromazine,0.21107811,InputSig,NA,NA,LINCSCP_95186,HA1E,10uM,24h,kidney epithelial,Dopamine receptor antagonist,DRD2|HTR2B,XSCGXQMFQXDFCW-UHFFFAOYSA-N,"InChI=1S/C18H19F3N2S/c1-22(2)10-5-11-23-14-6-3-4-7-16(14)24-17-9-8-13(12-15(17)23)18(19,20)21/h3-4,6-9,12H,5,10-11H2,1-2H3",35924,CN(C)CCCN1c2ccccc2Sc3ccc(cc13)C(F)(F)F,4
Input,BRD-K75576199,0.21107501,InputSig,NA,NA,LINCSCP_62316,VCAP,5uM,24h,prostate,NA,NA,ZGEAGHWTKPKCOK-DORSAVSOSA-N,"InChI=1S/C25H28N2O8/c1-31-12-24(30)27-15-3-5-19-17(7-15)18-8-16(34-22(11-28)25(18)35-19)9-23(29)26-10-14-2-4-20-21(6-14)33-13-32-20/h2-7,16,18,22,25,28H,8-13H2,1H3,(H,26,29)(H,27,30)/t16-,18-,22-,25+/m1/s1",5041,COCC(=O)Nc1ccc2O[C@@H]3[C@@H](CO)O[C@@H](CC(=O)NCc4ccc5OCOc5c4)C[C@@H]3c2c1,NA
Input,Piceatannol,0.21105302,InputSig,NA,NA,LINCSCP_14153,HA1E,10uM,24h,kidney epithelial,SYK inhibitor,NA,CDRPUGZCRXZLFL-OWOJBTEDSA-N,"InChI=1S/C14H12O4/c15-11-5-10(6-12(16)8-11)2-1-9-3-4-13(17)14(18)7-9/h1-8,15-18H/b2-1+",139,Oc1cc(O)cc(\C=C\c2ccc(O)c(O)c2)c1,NA
Input,BRD-K93127801,0.21086487,InputSig,NA,NA,LINCSCP_34102,MCF7,10uM,6h,breast,NA,NA,FLULYEBPWOEKQH-OXYPMYLPSA-N,"InChI=1S/C35H44ClN5O7S/c1-23-20-41(24(2)22-42)35(45)27-10-9-13-30(34(27)48-31(23)21-40(3)49(46,47)26-18-16-25(36)17-19-26)39-33(44)15-6-4-5-14-32(43)38-29-12-8-7-11-28(29)37/h7-13,16-19,23-24,31,42H,4-6,14-15,20-22,37H2,1-3H3,(H,38,43)(H,39,44)/t23-,24+,31+/m1/s1",34098,C[C@@H](CO)N1C[C@@H](C)[C@H](CN(C)S(=O)(=O)c2ccc(Cl)cc2)Oc3c(NC(=O)CCCCCC(=O)Nc4ccccc4N)cccc3C1=O,NA
Input,Omacetaxine Mepesuccinate,0.21081143,InputSig,NA,NA,LINCSCP_50128,PHH,10uM,24h,NA,Protein synthesis inhibitor,NA,HYFHYPWGAURHIV-JFIAXGOJSA-N,"InChI=1S/C29H39NO9/c1-27(2,33)8-5-10-29(34,16-23(31)36-4)26(32)39-25-22(35-3)15-28-9-6-11-30(28)12-7-18-13-20-21(38-17-37-20)14-19(18)24(25)28/h13-15,24-25,33-34H,5-12,16-17H2,1-4H3/t24-,25-,28+,29-/m1/s1",36016,COC(=O)C[C@](O)(CCCC(C)(C)O)C(=O)O[C@H]1[C@H]2c3cc4OCOc4cc3CCN5CCC[C@]25C=C1OC,4
Input,Rhodomyrtoxin B,0.21075353,InputSig,NA,NA,LINCSCP_14959,HA1E,10uM,24h,kidney epithelial,Cytotoxic agent|DNA intercalator,SLCO1B3,SGFCERQKVVMREN-UHFFFAOYSA-N,"InChI=1S/C24H28O7/c1-7-9(3)17(25)15-19(27)11(5)23-13(21(15)29)14-22(30)16(18(26)10(4)8-2)20(28)12(6)24(14)31-23/h9-10,27-30H,7-8H2,1-6H3",8044,CCC(C)C(=O)c1c(O)c(C)c2oc3c(C)c(O)c(C(=O)C(C)CC)c(O)c3c2c1O,NA
Input,Oxybutynin,0.21073896,InputSig,NA,NA,LINCSCP_107067,HELA,10uM,24h,large intestine,Muscarinic acetylcholine receptor M3 antagonist|Muscarinic acetylcholine receptor M2 antagonist,CHRM1|CHRM2|CHRM3,XIQVNETUBQGFHX-UHFFFAOYSA-N,"InChI=1S/C22H31NO3/c1-3-23(4-2)17-11-12-18-26-21(24)22(25,19-13-7-5-8-14-19)20-15-9-6-10-16-20/h5,7-8,13-14,20,25H,3-4,6,9-10,15-18H2,1-2H3",12135,CCN(CC)CC#CCOC(=O)C(O)(C1CCCCC1)c2ccccc2,4
Input,MLS003129492,0.21068779,InputSig,NA,NA,LINCSCP_42949,NPC,10uM,24h,neural progenitor cells,NA,NA,RLIRIECCVMDDQV-NJNPRVFISA-N,"InChI=1S/C23H35N5O6S/c1-17-12-28(18(2)15-29)23(30)9-6-10-27-13-19(24-25-27)16-34-22(17)14-26(3)35(31,32)21-8-5-7-20(11-21)33-4/h5,7-8,11,13,17-18,22,29H,6,9-10,12,14-16H2,1-4H3/t17-,18+,22+/m0/s1",36860,COc1cccc(c1)S(=O)(=O)N(C)C[C@H]2OCc3cn(CCCC(=O)N(C[C@@H]2C)[C@H](C)CO)nn3,NA
Input,BRD-K96433222-001-01-3,0.21055928,InputSig,NA,NA,LINCSCP_2234,A375,10uM,6h,skin,NA,NA,KVTKEIYDKINGSH-CUVVAGTFSA-N,"InChI=1S/C31H40F3N5O5/c1-19-16-39(20(2)18-40)28(41)24-10-7-11-25(37-29(42)35-23-14-12-21(13-15-23)31(32,33)34)27(24)44-26(19)17-38(3)30(43)36-22-8-5-4-6-9-22/h7,10-15,19-20,22,26,40H,4-6,8-9,16-18H2,1-3H3,(H,36,43)(H2,35,37,42)/t19-,20-,26+/m0/s1",258,C[C@@H](CO)N1C[C@H](C)[C@@H](CN(C)C(=O)NC2CCCCC2)Oc3c(NC(=O)Nc4ccc(cc4)C(F)(F)F)cccc3C1=O,NA
Input,AC1OCDAW,0.21055165,InputSig,NA,NA,LINCSCP_17404,HA1E,3.33uM,24h,kidney epithelial,Topoisomerase inhibitor,TOP2A,AOJJSUZBOXZQNB-BLSUDJMZSA-N,"InChI=1S/C27H29NO11/c1-10-22(31)13(28)6-17(38-10)39-15-8-27(36,16(30)9-29)7-12-19(15)26(35)21-20(24(12)33)23(32)11-4-3-5-14(37-2)18(11)25(21)34/h3-5,10,13,15,17,22,29,31,33,35-36H,6-9,28H2,1-2H3/t10-,13-,15-,17?,22+,27-/m0/s1",22421,COc1cccc2C(=O)c3c(O)c4C[C@](O)(C[C@H](OC5C[C@H](N)[C@H](O)[C@H](C)O5)c4c(O)c3C(=O)c12)C(=O)CO,NA
Input,Fluticasone Propionate,0.21050339,InputSig,NA,NA,LINCSCP_172442,YAPC,3.33uM,24h,pancreas,Glucocorticoid receptor agonist,NR3C1|PGR,WMWTYOKRWGGJOA-CENSZEJFSA-N,"InChI=1S/C25H31F3O5S/c1-5-20(31)33-25(21(32)34-12-26)13(2)8-15-16-10-18(27)17-9-14(29)6-7-22(17,3)24(16,28)19(30)11-23(15,25)4/h6-7,9,13,15-16,18-19,30H,5,8,10-12H2,1-4H3/t13-,15+,16+,18+,19+,22+,23+,24+,25+/m1/s1",35912,CCC(=O)O[C@@]1([C@H](C)C[C@H]2[C@@H]3C[C@H](F)C4=CC(=O)C=C[C@]4(C)[C@@]3(F)[C@@H](O)C[C@]12C)C(=O)SCF,4
Input,RS-39604,0.21041904,InputSig,NA,NA,LINCSCP_33731,MCF7,10uM,6h,breast,Serotonin receptor antagonist,HTR4,BKVIWGRFRKLFIO-UHFFFAOYSA-N,"InChI=1S/C26H36ClN3O6S/c1-34-20-12-19(13-21(14-20)35-2)17-36-26-16-24(28)23(27)15-22(26)25(31)5-4-18-6-9-30(10-7-18)11-8-29-37(3,32)33/h12-16,18,29H,4-11,17,28H2,1-3H3",15484,COc1cc(COc2cc(N)c(Cl)cc2C(=O)CCC3CCN(CCNS(=O)(=O)C)CC3)cc(OC)c1,NA
Input,761437-28-9,0.21038975,InputSig,NA,NA,LINCSCP_81999,A549,1.11uM,24h,lung,NA,NA,UYJNQQDJUOUFQJ-UHFFFAOYSA-N,"InChI=1S/C23H25ClN6O3/c1-25-22(31)16-5-3-4-6-18(16)27-21-17(24)14-26-23(29-21)28-19-8-7-15(13-20(19)32-2)30-9-11-33-12-10-30/h3-8,13-14H,9-12H2,1-2H3,(H,25,31)(H2,26,27,28,29)",19906,CNC(=O)c1ccccc1Nc2nc(Nc3ccc(cc3OC)N4CCOCC4)ncc2Cl,NA
Input,PP-30,0.21038186,InputSig,NA,NA,LINCSCP_13501,H1299,10uM,6h,lung,RAF inhibitor,RAF1,RWRBSEISHUTNQL-UHFFFAOYSA-N,"InChI=1S/C19H21N7O/c1-11(2)26-18-15(17(20)22-10-23-18)16(25-26)12-5-3-6-13(9-12)19(27)24-14-7-4-8-21-14/h3,5-6,9-11H,4,7-8H2,1-2H3,(H2,20,22,23)(H,21,24,27)",23413,CC(C)n1nc(c2cccc(c2)C(=O)NC3=NCCC3)c4c(N)ncnc14,NA
Input,Disulfiram,0.21026276,InputSig,NA,NA,LINCSCP_118747,HT29,0.04uM,24h,large intestine,Aldehyde dehydrogenase inhibitor,ALDH2,AUZONCFQVSMFAP-UHFFFAOYSA-N,"InChI=1S/C10H20N2S4/c1-5-11(6-2)9(13)15-16-10(14)12(7-3)8-4/h5-8H2,1-4H3",38758,CCN(CC)C(=S)SSC(=S)N(CC)CC,4
Input,GR-127935,0.21025926,InputSig,NA,NA,LINCSCP_33472,MCF7,10uM,6h,breast,Serotonin receptor antagonist,HTR1A|HTR1B|HTR1D|HTR2A|HTR2C,YDBCEBYHYKAFRX-UHFFFAOYSA-N,"InChI=1S/C29H31N5O3/c1-19-17-23(28-30-20(2)37-32-28)9-11-25(19)21-5-7-22(8-6-21)29(35)31-24-10-12-27(36-4)26(18-24)34-15-13-33(3)14-16-34/h5-12,17-18H,13-16H2,1-4H3,(H,31,35)",15419,COc1ccc(NC(=O)c2ccc(cc2)c3ccc(cc3C)c4noc(C)n4)cc1N5CCN(C)CC5,NA
Input,Epirubicin HCl,0.21024759,InputSig,NA,NA,LINCSCP_76088,A375,1.11uM,24h,skin,NA,NA,AOJJSUZBOXZQNB-SQGPBGNMSA-N,"InChI=1S/C27H29NO11/c1-10-22(31)13(28)6-17(38-10)39-15-8-27(36,16(30)9-29)7-12-19(15)26(35)21-20(24(12)33)23(32)11-4-3-5-14(37-2)18(11)25(21)34/h3-5,10,13,15,17,22,29,31,33,35-36H,6-9,28H2,1-2H3/t10-,13-,15+,17-,22-,27-/m0/s1",26884,COc1cccc2C(=O)c3c(O)c4C[C@](O)(C[C@@H](O[C@H]5C[C@H](N)[C@@H](O)[C@H](C)O5)c4c(O)c3C(=O)c12)C(=O)CO,NA
Input,E 2012,0.21011321,InputSig,NA,NA,LINCSCP_141301,MCF7,1.11uM,24h,breast,NA,NA,PUOAETJYKQITMO-LANLRWRYSA-N,"InChI=1S/C25H26FN3O2/c1-17-15-28(16-27-17)23-11-6-19(14-24(23)31-3)13-21-5-4-12-29(25(21)30)18(2)20-7-9-22(26)10-8-20/h6-11,13-16,18H,4-5,12H2,1-3H3/b21-13+/t18-/m0/s1",26970,COc1cc(\C=C\2/CCCN([C@@H](C)c3ccc(F)cc3)C2=O)ccc1n4cnc(C)c4,NA
Input,BG-1004,0.20997096,InputSig,NA,NA,LINCSCP_43333,NPC,10uM,6h,neural progenitor cells,NA,NA,JFEZCHSJOLHFSK-XSFVSMFZSA-N,"InChI=1S/C19H21N3O3/c23-18(8-4-5-9-19(24)22-25)21-20-14-15-10-12-17(13-11-15)16-6-2-1-3-7-16/h1-3,6-7,10-14,25H,4-5,8-9H2,(H,21,23)(H,22,24)/b20-14+",6,ONC(=O)CCCCC(=O)NN=Cc1ccc(cc1)c2ccccc2,NA
Input,DC-45-A2,0.20992576,InputSig,NA,NA,LINCSCP_25615,HT29,10uM,24h,large intestine,NA,NA,CPBAGBXYUGCFGT-CBEGQXPNSA-N,"InChI=1S/C25H26O12/c1-8-5-9-13(17(29)15-14(18(9)31-2)10(26)6-11(27)16(15)28)19-12(8)20-21-24(30,35-19)23(7-34-23)25(36-20,37-21)22(32-3)33-4/h5,10-11,20-22,26-27,29-30H,6-7H2,1-4H3/t10-,11-,20-,21-,23-,24+,25-/m0/s1",23420,COC(OC)[C@]12O[C@@H]3[C@H](O1)[C@@](O)(Oc4c3c(C)cc5c(OC)c6[C@@H](O)C[C@H](O)C(=O)c6c(O)c45)[C@@]27CO7,NA
Input,Tyrphostin AG-112,0.20986839,InputSig,NA,NA,LINCSCP_50735,RKO,10uM,6h,intestine,Protein tyrosine kinase inhibitor,NA,DXVJRTIPBNBLLB-BJMVGYQFSA-N,"InChI=1S/C13H8N4O/c14-6-10(13(17)11(7-15)8-16)5-9-1-3-12(18)4-2-9/h1-5,18H,17H2/b10-5+",17655,NC(=C(C#N)C#N)\C(=C\c1ccc(O)cc1)\C#N,NA
Input,PCI-34051,0.20985695,InputSig,NA,NA,LINCSCP_17372,HA1E,10uM,24h,kidney epithelial,HDAC inhibitor,HDAC1|HDAC10|HDAC6|HDAC8,AJRGHIGYPXNABY-UHFFFAOYSA-N,"InChI=1S/C17H16N2O3/c1-22-15-6-2-12(3-7-15)11-19-9-8-13-4-5-14(10-16(13)19)17(20)18-21/h2-10,21H,11H2,1H3,(H,18,20)",36302,COc1ccc(Cn2ccc3ccc(cc23)C(=O)NO)cc1,NA
Input,BRD-K64106162,0.20983333,InputSig,NA,NA,LINCSCP_21004,HCC515,3.33uM,24h,lung,NA,NA,QABZKECKKQKKQZ-ZCFIWIBFSA-N,"InChI=1S/C11H12N4O3/c1-6-4-10(16)13-14-11(6)7-2-3-8(12)9(5-7)15(17)18/h2-3,5-6H,4,12H2,1H3,(H,13,16)/t6-/m1/s1",26547,C[C@@H]1CC(=O)NN=C1c2ccc(N)c(c2)[N+](=O)[O-],NA
Input,BRD-K23657553,0.20980932,InputSig,NA,NA,LINCSCP_10872,ASC,10uM,24h,adipose,NA,NA,GEPWAINBAFOOPW-DOBRQBTGSA-N,"InChI=1S/C37H47N3O5/c1-26-22-40(27(2)25-41)36(42)21-30-20-31(38-37(43)29-10-6-4-7-11-29)16-19-34(30)45-35(26)24-39(3)23-28-14-17-33(18-15-28)44-32-12-8-5-9-13-32/h5,8-9,12-20,26-27,29,35,41H,4,6-7,10-11,21-25H2,1-3H3,(H,38,43)/t26-,27-,35-/m1/s1",32305,C[C@H](CO)N1C[C@@H](C)[C@@H](CN(C)Cc2ccc(Oc3ccccc3)cc2)Oc4ccc(NC(=O)C5CCCCC5)cc4CC1=O,NA
Input,Adarotene,0.20971251,InputSig,NA,NA,LINCSCP_93280,HA1E,1.11uM,24h,kidney epithelial,NA,NA,QAWBIEIZDDIEMW-FPYGCLRLSA-N,"InChI=1S/C25H26O3/c26-23-7-6-21(20-4-1-16(2-5-20)3-8-24(27)28)12-22(23)25-13-17-9-18(14-25)11-19(10-17)15-25/h1-8,12,17-19,26H,9-11,13-15H2,(H,27,28)/b8-3+",27063,OC(=O)\C=C\c1ccc(cc1)c2ccc(O)c(c2)C34CC5CC(CC(C5)C3)C4,NA
Input,Tandutinib,0.209676,InputSig,NA,NA,LINCSCP_110215,HELA,10uM,24h,large intestine,FLT3 inhibitor|KIT inhibitor|PDGFR tyrosine kinase receptor inhibitor,FLT3|KIT|PDGFRA|PDGFRB,UXXQOJXBIDBUAC-UHFFFAOYSA-N,"InChI=1S/C31H42N6O4/c1-23(2)41-25-10-8-24(9-11-25)34-31(38)37-17-15-36(16-18-37)30-26-20-28(39-3)29(21-27(26)32-22-33-30)40-19-7-14-35-12-5-4-6-13-35/h8-11,20-23H,4-7,12-19H2,1-3H3,(H,34,38)",16454,COc1cc2c(ncnc2cc1OCCCN3CCCCC3)N4CCN(CC4)C(=O)Nc5ccc(OC(C)C)cc5,2
Input,BRD-K70880645,0.20963446,InputSig,NA,NA,LINCSCP_66009,VCAP,3uM,24h,prostate,NA,NA,FAPZFILXRWTTCI-VWLOTQADSA-N,"InChI=1S/C29H33F2N3O3/c1-37-21-6-7-22-24(14-21)32-27-25(16-35)34(15-19-13-20(30)5-8-23(19)31)17-29(26(22)27)9-11-33(12-10-29)28(36)18-3-2-4-18/h5-8,13-14,18,25,32,35H,2-4,9-12,15-17H2,1H3/t25-/m0/s1",13382,COc1ccc2c3c([nH]c2c1)[C@H](CO)N(Cc4cc(F)ccc4F)CC35CCN(CC5)C(=O)C6CCC6,NA
Input,BRD-K43838150,0.20961604,InputSig,NA,NA,LINCSCP_65286,VCAP,10uM,24h,prostate,NA,NA,RTHCXGNRZPZERE-PHSVBEEISA-N,"InChI=1S/C32H46FN3O6S/c1-22-18-36(23(2)21-37)32(38)29-17-27(34-43(39,40)28-13-10-26(33)11-14-28)12-15-30(29)42-24(3)7-5-6-16-41-31(22)20-35(4)19-25-8-9-25/h10-15,17,22-25,31,34,37H,5-9,16,18-21H2,1-4H3/t22-,23+,24-,31+/m0/s1",32808,C[C@H](CO)N1C[C@H](C)[C@@H](CN(C)CC2CC2)OCCCC[C@H](C)Oc3ccc(NS(=O)(=O)c4ccc(F)cc4)cc3C1=O,NA
Input,Plumbagin,0.2095042,InputSig,NA,NA,LINCSCP_41383,NEU,10uM,24h,NA,Apoptosis stimulant,NA,VCMMXZQDRFWYSE-UHFFFAOYSA-N,"InChI=1S/C11H8O3/c1-6-5-9(13)10-7(11(6)14)3-2-4-8(10)12/h2-5,12H,1H3",19466,CC1=CC(=O)c2c(O)cccc2C1=O,NA
Input,Vidofludimus,0.20935311,InputSig,NA,NA,LINCSCP_171297,YAPC,10uM,24h,pancreas,NA,NA,XPRDUGXOWVXZLL-UHFFFAOYSA-N,"InChI=1S/C20H18FNO4/c1-26-14-5-2-4-12(10-14)13-8-9-18(17(21)11-13)22-19(23)15-6-3-7-16(15)20(24)25/h2,4-5,8-11H,3,6-7H2,1H3,(H,22,23)(H,24,25)",26800,COc1cccc(c1)c2ccc(NC(=O)C3=C(CCC3)C(=O)O)c(F)c2,NA
Input,MAYBRIDGE4_001867,0.20929384,InputSig,NA,NA,LINCSCP_2977,A375,10uM,6h,skin,NA,NA,YDXQNOXNHVRHQT-UHFFFAOYSA-N,"InChI=1S/C23H16ClN5O2S/c1-14-4-6-15(7-5-14)13-18-22(31)25-23-28(17-10-8-16(24)9-11-17)27-21(29(23)26-18)20(30)19-3-2-12-32-19/h2-12H,13H2,1H3",22255,Cc1ccc(CC2=NN3C(=NC2=O)N(N=C3C(=O)c4cccs4)c5ccc(Cl)cc5)cc1,NA
Input,SA-1459975,0.20925105,InputSig,NA,NA,LINCSCP_37242,MCF7,3uM,24h,breast,NA,NA,SPWLKPAEINKAPM-LOWDOPEQSA-N,"InChI=1S/C15H26N2O5/c1-3-15(20)17-7-10(18)8-21-9-13-12(17)5-4-11(22-13)6-14(19)16-2/h10-13,18H,3-9H2,1-2H3,(H,16,19)/t10-,11+,12+,13-/m0/s1",12878,CCC(=O)N1C[C@H](O)COC[C@@H]2O[C@@H](CC(=O)NC)CC[C@@H]12,NA
Input,BRD-A00474148,0.20913194,InputSig,NA,NA,LINCSCP_90778,HA1E,1.11uM,24h,kidney epithelial,NA,NA,NA,NA,NA,NA,NA
Input,Atomoxetine,0.20910364,InputSig,NA,NA,LINCSCP_242049,MCF7,10uM,24h,breast,Norepinephrine transporter inhibitor,SLC6A2|SLC6A3|SLC6A4,VHGCDTVCOLNTBX-QGZVFWFLSA-N,"InChI=1S/C17H21NO/c1-14-8-6-7-11-16(14)19-17(12-13-18-2)15-9-4-3-5-10-15/h3-11,17-18H,12-13H2,1-2H3/t17-/m1/s1",15480,CNCC[C@@H](Oc1ccccc1C)c2ccccc2,4
Input,Parbendazole,0.20909368,InputSig,NA,NA,LINCSCP_41782,NKDBA,10uM,24h,kidney epithelial,Tubulin inhibitor,TUBB,YRWLZFXJFBZBEY-UHFFFAOYSA-N,"InChI=1S/C13H17N3O2/c1-3-4-5-9-6-7-10-11(8-9)15-12(14-10)16-13(17)18-2/h6-8H,3-5H2,1-2H3,(H2,14,15,16,17)",36317,CCCCc1ccc2[nH]c(NC(=O)OC)nc2c1,NA
Input,BRD-K91440401,0.20900622,InputSig,NA,NA,LINCSCP_312586,VCAP,3uM,24h,prostate,NA,NA,DVWAPASGEQQCHP-SMIHKQSGSA-N,"InChI=1S/C25H25N3O3/c1-31-19-6-4-5-17(13-19)14-27-22-15-28(25(30)18-9-11-26-12-10-18)21-8-3-2-7-20(21)24(22)23(27)16-29/h2-13,22-24,29H,14-16H2,1H3/t22-,23-,24+/m1/s1",34054,COc1cccc(CN2[C@H](CO)[C@@H]3[C@H]2CN(C(=O)c4ccncc4)c5ccccc35)c1,NA
Input,BRD-K78524708,0.20899761,InputSig,NA,NA,LINCSCP_34079,MCF7,10uM,6h,breast,NA,NA,FVBMANNWVHBCBY-PBDKAQRYSA-N,"InChI=1S/C30H36N4O7S/c1-20-17-34(21(2)19-35)29(36)25-11-8-12-26(32-30(37)31-22-9-6-5-7-10-22)28(25)41-27(20)18-33(3)42(38,39)24-15-13-23(40-4)14-16-24/h5-16,20-21,27,35H,17-19H2,1-4H3,(H2,31,32,37)/t20-,21+,27-/m1/s1",23392,COc1ccc(cc1)S(=O)(=O)N(C)C[C@H]2Oc3c(NC(=O)Nc4ccccc4)cccc3C(=O)N(C[C@H]2C)[C@@H](C)CO,NA
Input,MLS000047258,0.20894583,InputSig,NA,NA,LINCSCP_22264,HEPG2,10uM,6h,liver,NA,NA,FCERKWLJIGNRPV-UHFFFAOYSA-N,"InChI=1S/C24H21N3O4/c1-29-20-8-5-7-18(14-20)24-26-23(27-31-24)16-10-12-19(13-11-16)25-22(28)15-17-6-3-4-9-21(17)30-2/h3-14H,15H2,1-2H3,(H,25,28)",36155,COc1cccc(c1)c2onc(n2)c3ccc(NC(=O)Cc4ccccc4OC)cc3,NA
Input,CHEMBL1406616,0.20886716,InputSig,NA,NA,LINCSCP_57249,VCAP,10uM,24h,prostate,NA,NA,MWBPUFDYIDUJIE-UHFFFAOYSA-N,"InChI=1S/C15H15ClN2O2/c1-8(19)18-13(9-4-5-9)11-7-12(16)10-3-2-6-17-14(10)15(11)20/h2-3,6-7,9,13,20H,4-5H2,1H3,(H,18,19)",15245,CC(=O)NC(C1CC1)c2cc(Cl)c3cccnc3c2O,NA
Input,BRD-K44777226,0.20883611,InputSig,NA,NA,LINCSCP_62544,VCAP,5uM,6h,prostate,NA,NA,FWDZHOQSJMEDFJ-UFUIAINPSA-N,"InChI=1S/C28H30N4O6/c1-36-20-8-5-17(6-9-20)31-28(35)32-18-7-10-24-22(12-18)23-13-21(37-25(16-33)27(23)38-24)14-26(34)30-15-19-4-2-3-11-29-19/h2-12,21,23,25,27,33H,13-16H2,1H3,(H,30,34)(H2,31,32,35)/t21-,23-,25-,27+/m1/s1",24683,COc1ccc(NC(=O)Nc2ccc3O[C@@H]4[C@@H](CO)O[C@@H](CC(=O)NCc5ccccn5)C[C@@H]4c3c2)cc1,NA
Input,T5820451,0.20881912,InputSig,NA,NA,LINCSCP_281200,PHH,10uM,24h,NA,NA,NA,HIXFBQMTPPZSPM-UHFFFAOYSA-N,"InChI=1S/C14H17N9S/c1-8(2)9-3-5-10(6-4-9)23-14(20-21-22-23)24-7-11-17-12(15)19-13(16)18-11/h3-6,8H,7H2,1-2H3,(H4,15,16,17,18,19)",34089,CC(C)c1ccc(cc1)n2nnnc2SCc3nc(N)nc(N)n3,NA
Input,848193-68-0,0.20875967,InputSig,NA,NA,LINCSCP_149950,NPC.TAK,10uM,24h,NA,SIRT inhibitor,SIRT1,FUZYTVDVLBBXDL-VIFPVBQESA-N,"InChI=1S/C13H13ClN2O/c14-7-4-5-11-10(6-7)8-2-1-3-9(13(15)17)12(8)16-11/h4-6,9,16H,1-3H2,(H2,15,17)/t9-/m0/s1",16533,NC(=O)[C@H]1CCCc2c1[nH]c3ccc(Cl)cc23,NA
Input,Buthionine Sulfoxime,0.20866028,InputSig,NA,NA,LINCSCP_42231,NPC,10uM,24h,neural progenitor cells,Glutathione transferase inhibitor,NA,KJQFBVYMGADDTQ-CVSPRKDYSA-N,"InChI=1S/C8H18N2O3S/c1-2-3-5-14(10,13)6-4-7(9)8(11)12/h7,10H,2-6,9H2,1H3,(H,11,12)/t7-,14?/m0/s1",36320,CCCCS(=N)(=O)CC[C@H](N)C(=O)O,NA
Input,MLS002699434,0.20862332,InputSig,NA,NA,LINCSCP_22171,HEPG2,10uM,6h,liver,NA,NA,SCRWXNXQELSFHK-UHFFFAOYSA-N,"InChI=1S/C25H20FN3O2S/c26-18-10-12-22-21(14-18)24(31)29(20-7-2-1-3-8-20)25(28-22)32-15-23(30)27-19-11-9-16-5-4-6-17(16)13-19/h1-3,7-14H,4-6,15H2,(H,27,30)",17938,Fc1ccc2N=C(SCC(=O)Nc3ccc4CCCc4c3)N(C(=O)c2c1)c5ccccc5,NA
Input,APIXABAN,0.20855079,InputSig,NA,NA,LINCSCP_172756,YAPC,0.37uM,24h,pancreas,Coagulation factor X inhibitor,F10,QNZCBYKSOIHPEH-UHFFFAOYSA-N,"InChI=1S/C25H25N5O4/c1-34-19-11-9-18(10-12-19)30-23-20(22(27-30)24(26)32)13-15-29(25(23)33)17-7-5-16(6-8-17)28-14-3-2-4-21(28)31/h5-12H,2-4,13-15H2,1H3,(H2,26,32)",26860,COc1ccc(cc1)n2nc(C(=O)N)c3CCN(C(=O)c23)c4ccc(cc4)N5CCCCC5=O,4
Input,Metergoline,0.20852283,InputSig,NA,NA,LINCSCP_42761,NPC,10uM,24h,neural progenitor cells,Dopamine receptor agonist|Serotonin receptor antagonist,HTR1A|HTR2A,WZHJKEUHNJHDLS-QTGUNEKASA-N,"InChI=1S/C25H29N3O2/c1-27-14-18(13-26-25(29)30-16-17-7-4-3-5-8-17)11-21-20-9-6-10-22-24(20)19(12-23(21)27)15-28(22)2/h3-10,15,18,21,23H,11-14,16H2,1-2H3,(H,26,29)/t18-,21+,23+/m0/s1",35867,CN1C[C@H](CNC(=O)OCc2ccccc2)C[C@H]3[C@H]1Cc4cn(C)c5cccc3c45,4
Input,CHEMBL1271012,0.20851285,InputSig,NA,NA,LINCSCP_31474,MCF7,10uM,6h,breast,NA,NA,NPFHHLNJAIBTBN-UHFFFAOYSA-N,"InChI=1S/C23H15FN2O3S/c24-20-13-4-3-11-19(20)22(27)28-14-5-6-15-30-23-26-25-21(29-23)18-12-7-9-16-8-1-2-10-17(16)18/h1-4,7-13H,14-15H2",15534,Fc1ccccc1C(=O)OCC#CCSc2oc(nn2)c3cccc4ccccc34,NA
Input,BRD-K40170731,0.20844096,InputSig,NA,NA,LINCSCP_310142,VCAP,30uM,6h,prostate,NA,NA,ZGCRSIABJPRXFC-SODQHWRNSA-N,"InChI=1S/C32H47N3O5/c1-23-20-35(24(2)22-36)32(38)28-19-27(33(4)5)15-16-29(28)40-25(3)12-10-11-17-39-30(23)21-34(6)31(37)18-26-13-8-7-9-14-26/h7-9,13-16,19,23-25,30,36H,10-12,17-18,20-22H2,1-6H3/t23-,24+,25-,30-/m0/s1",9341,C[C@H](CO)N1C[C@H](C)[C@H](CN(C)C(=O)Cc2ccccc2)OCCCC[C@H](C)Oc3ccc(cc3C1=O)N(C)C,NA
Input,BRD-K74085580,0.20841242,InputSig,NA,NA,LINCSCP_3367,A375,5uM,24h,skin,NA,NA,GNCMCFQFNIRUHR-LSMIHOHGSA-N,"InChI=1S/C29H33N3O3/c1-35-25-10-8-23(9-11-25)22-4-6-24(7-5-22)29-26-19-31(16-2-3-17-32(26)27(29)20-33)28(34)18-21-12-14-30-15-13-21/h4-15,26-27,29,33H,2-3,16-20H2,1H3/t26-,27-,29-/m1/s1",33566,COc1ccc(cc1)c2ccc(cc2)[C@H]3[C@@H](CO)N4CCCCN(C[C@H]34)C(=O)Cc5ccncc5,NA
Input,Isoflupredone Acetate,0.20829592,InputSig,NA,NA,LINCSCP_18110,HCC515,10uM,6h,lung,Glucocorticoid receptor agonist,NR3C1,ZOCUOMKMBMEYQV-GSLJADNHSA-N,"InChI=1S/C23H29FO6/c1-13(25)30-12-19(28)22(29)9-7-16-17-5-4-14-10-15(26)6-8-20(14,2)23(17,24)18(27)11-21(16,22)3/h6,8,10,16-18,27,29H,4-5,7,9,11-12H2,1-3H3/t16-,17-,18-,20-,21-,22-,23-/m0/s1",35648,CC(=O)OCC(=O)[C@@]1(O)CC[C@H]2[C@@H]3CCC4=CC(=O)C=C[C@]4(C)[C@@]3(F)[C@@H](O)C[C@]12C,NA
Input,BRD-K43253317,0.20828507,InputSig,NA,NA,LINCSCP_263215,NPC,10uM,24h,neural progenitor cells,NA,NA,NRXGVPPIKRTMIX-RVMAYGNISA-N,"InChI=1S/C34H50N4O6/c1-23-19-38(24(2)22-39)33(40)30-18-28(36-34(41)35-27-11-14-29(42-5)15-12-27)13-16-31(30)44-25(3)8-6-7-17-43-32(23)21-37(4)20-26-9-10-26/h11-16,18,23-26,32,39H,6-10,17,19-22H2,1-5H3,(H2,35,36,41)/t23-,24-,25-,32+/m0/s1",12717,COc1ccc(NC(=O)Nc2ccc3O[C@@H](C)CCCCO[C@H](CN(C)CC4CC4)[C@@H](C)CN([C@@H](C)CO)C(=O)c3c2)cc1,NA
Input,CHEMBL1172402,0.20824048,InputSig,NA,NA,LINCSCP_41495,NEU,10uM,6h,NA,Phosphodiesterase inhibitor,NA,MDUTXYLPODCITG-OWOJBTEDSA-N,"InChI=1S/C14H13NO2/c15-12-5-3-10(4-6-12)1-2-11-7-13(16)9-14(17)8-11/h1-9,16-17H,15H2/b2-1+",17782,Nc1ccc(\C=C\c2cc(O)cc(O)c2)cc1,NA
Input,IOX2,0.20800715,InputSig,NA,NA,LINCSCP_114101,HME1,10uM,24h,breast,NA,NA,CAOSCCRYLYQBES-UHFFFAOYSA-N,"InChI=1S/C19H16N2O5/c22-15(23)10-20-18(25)16-17(24)13-8-4-5-9-14(13)21(19(16)26)11-12-6-2-1-3-7-12/h1-9,24H,10-11H2,(H,20,25)(H,22,23)",27997,OC(=O)CNC(=O)C1=C(O)c2ccccc2N(Cc3ccccc3)C1=O,NA
Input,Lestaurtinib,0.2077962,InputSig,NA,NA,LINCSCP_49936,PHH,10uM,24h,NA,FLT3 inhibitor|Growth factor receptor inhibitor|JAK inhibitor,FLT3|JAK2|NTRK1|NTRK2|NTRK3|RET,UIARLYUEJFELEN-LROUJFHJSA-N,"InChI=1S/C26H21N3O4/c1-25-26(32,12-30)10-18(33-25)28-16-8-4-2-6-13(16)20-21-15(11-27-24(21)31)19-14-7-3-5-9-17(14)29(25)23(19)22(20)28/h2-9,18,30,32H,10-12H2,1H3,(H,27,31)/t18-,25+,26+/m1/s1",35297,C[C@]12O[C@H](C[C@]1(O)CO)n3c4ccccc4c5c6C(=O)NCc6c7c8ccccc8n2c7c35,3
Input,Prostratin,0.2077412,InputSig,NA,NA,LINCSCP_20679,HCC515,10uM,6h,lung,PKC activator,NA,BOJKFRKNLSCGHY-HXGSDTCMSA-N,"InChI=1S/C22H30O6/c1-11-6-16-20(26,18(11)25)9-14(10-23)7-15-17-19(4,5)21(17,28-13(3)24)8-12(2)22(15,16)27/h6-7,12,15-17,23,26-27H,8-10H2,1-5H3/t12-,15+,16-,17-,20-,21+,22-/m1/s1",18396,C[C@@H]1C[C@]2(OC(=O)C)[C@H]([C@@H]3C=C(CO)C[C@@]4(O)[C@@H](C=C(C)C4=O)[C@@]13O)C2(C)C,NA
Input,HG6-64-1,0.20767501,InputSig,NA,NA,LINCSCP_12075,BT20,10uM,6h,breast,RAF inhibitor,NA,UMBFDGUGXMOMHX-BQYQJAHWSA-N,"InChI=1S/C32H34F3N5O2/c1-4-39-13-15-40(16-14-39)20-25-9-10-26(18-28(25)32(33,34)35)38-31(41)23-6-5-21(2)22(17-23)7-8-24-19-37-30-27(11-12-36-30)29(24)42-3/h5-12,17-19H,4,13-16,20H2,1-3H3,(H,36,37)(H,38,41)/b8-7+",25772,CCN1CCN(Cc2ccc(NC(=O)c3ccc(C)c(\C=C\c4cnc5[nH]ccc5c4OC)c3)cc2C(F)(F)F)CC1,NA
Input,MLS-0435555.0001,0.20754316,InputSig,NA,NA,LINCSCP_6061,A549,10uM,6h,lung,NA,NA,PLKUYFLKWJFBTD-UHFFFAOYSA-N,"InChI=1S/C25H21N5O4S2/c1-14-9-16-10-20-21(34-8-7-33-20)11-19(16)30-23(14)28-29-25(30)36-13-22(31)27-24-26-18(12-35-24)15-3-5-17(32-2)6-4-15/h3-6,9-12H,7-8,13H2,1-2H3,(H,26,27,31)",15584,COc1ccc(cc1)c2csc(NC(=O)CSc3nnc4c(C)cc5cc6OCCOc6cc5n34)n2,NA
Input,CHEMBL1555451,0.20742387,InputSig,NA,NA,LINCSCP_31078,MCF7,10uM,6h,breast,NA,NA,DKCWJRKSDJZRQP-UHFFFAOYSA-N,"InChI=1S/C14H10N2O/c17-13-3-1-2-11-8-12(9-16-14(11)13)10-4-6-15-7-5-10/h1-9,17H",22898,Oc1cccc2cc(cnc12)c3ccncc3,NA
Input,BRD-K85806228,0.20739651,InputSig,NA,NA,LINCSCP_43186,NPC,10uM,24h,neural progenitor cells,NA,NA,HKZRXKNGDCOEMV-KCZVDYSFSA-N,"InChI=1S/C23H27N5O3/c29-16-22-20(25-23(30)14-18-8-4-5-12-24-18)10-9-19(31-22)11-13-28-15-21(26-27-28)17-6-2-1-3-7-17/h1-8,12,15,19-20,22,29H,9-11,13-14,16H2,(H,25,30)/t19-,20-,22-/m1/s1",25071,OC[C@H]1O[C@@H](CCn2cc(nn2)c3ccccc3)CC[C@H]1NC(=O)Cc4ccccn4,NA
Input,BRD-K80062189,0.20739576,InputSig,NA,NA,LINCSCP_43360,NPC,10uM,6h,neural progenitor cells,NA,NA,CHMLDEAVRCQBPF-UHFFFAOYSA-N,"InChI=1S/C18H21ClN2OS/c1-20(2)9-4-10-21-15-7-6-14(22-3)12-18(15)23-17-8-5-13(19)11-16(17)21/h5-8,11-12H,4,9-10H2,1-3H3",31590,COc1ccc2N(CCCN(C)C)c3cc(Cl)ccc3Sc2c1,NA
Input,BRD-K75971499,0.20738455,InputSig,NA,NA,LINCSCP_43354,NPC,10uM,6h,neural progenitor cells,NA,NA,VIMOOIPASKTXFX-UHFFFAOYSA-N,"InChI=1S/C21H26ClN3O3S/c22-15-2-3-20-16(12-15)25(17-13-18(27)19(28)14-21(17)29-20)5-1-4-23-6-8-24(9-7-23)10-11-26/h2-3,12-14,26-28H,1,4-11H2",31682,OCCN1CCN(CCCN2c3cc(O)c(O)cc3Sc4ccc(Cl)cc24)CC1,NA
Input,SB239063,0.20733782,InputSig,NA,NA,LINCSCP_166225,SKL,0.37uM,24h,skeletal muscle,P38 MAPK inhibitor,MAPK11|MAPK14,ZQUSFAUAYSEREK-UHFFFAOYSA-N,"InChI=1S/C20H21FN4O2/c1-27-20-22-11-10-17(24-20)19-18(13-2-4-14(21)5-3-13)23-12-25(19)15-6-8-16(26)9-7-15/h2-5,10-12,15-16,26H,6-9H2,1H3",35263,COc1nccc(n1)c2c(ncn2C3CCC(O)CC3)c4ccc(F)cc4,NA
Input,Broad-Sai-045,0.20729106,InputSig,NA,NA,LINCSCP_20963,HCC515,10uM,24h,lung,NA,NA,BBHURYMVPMFILR-UHFFFAOYSA-N,"InChI=1S/C20H18N4O2/c1-13(25)23-17-5-2-15(3-6-17)20(26)24-19-12-16(4-7-18(19)21)14-8-10-22-11-9-14/h2-12H,21H2,1H3,(H,23,25)(H,24,26)",26532,CC(=O)Nc1ccc(cc1)C(=O)Nc2cc(ccc2N)c3ccncc3,NA
Input,STK661558,0.2071793,InputSig,NA,NA,LINCSCP_239420,MCF7,10uM,24h,breast,NA,NA,AOIWSYFLKMQHLZ-UHFFFAOYSA-N,"InChI=1S/C20H16Cl3N3O/c21-14-2-3-15-18(12-14)24-6-5-19(15)25-7-9-26(10-8-25)20(27)13-1-4-16(22)17(23)11-13/h1-6,11-12H,7-10H2",15471,Clc1ccc2c(ccnc2c1)N3CCN(CC3)C(=O)c4ccc(Cl)c(Cl)c4,NA
Input,Medetomidine,0.20692495,InputSig,NA,NA,LINCSCP_154687,PC3,1.11uM,24h,prostate,NA,NA,CUHVIMMYOGQXCV-UHFFFAOYSA-N,"InChI=1S/C13H16N2/c1-9-5-4-6-12(10(9)2)11(3)13-7-14-8-15-13/h4-8,11H,1-3H3,(H,14,15)",15232,CC(c1c[nH]cn1)c2cccc(C)c2C,NA
Input,BRD-K23886631,0.20683608,InputSig,NA,NA,LINCSCP_3333,A375,5uM,24h,skin,NA,NA,GCRQLEHINYBJQK-NHCUHLMSSA-N,"InChI=1S/C23H26N4O2/c28-23-20(13-18-7-3-1-4-8-18)11-12-22-15-24-26-27(22)17-29-16-21(25-23)14-19-9-5-2-6-10-19/h1-10,15,20-21H,11-14,16-17H2,(H,25,28)/t20-,21-/m1/s1",32312,O=C1N[C@H](Cc2ccccc2)COCn3nncc3CC[C@@H]1Cc4ccccc4,NA
Input,BRD-K40963620,0.20678925,InputSig,NA,NA,LINCSCP_43000,NPC,10uM,24h,neural progenitor cells,NA,NA,XFRFIHVPRYILDM-OHSXHVKISA-N,"InChI=1S/C28H29FN2O3/c29-23-14-12-22(13-15-23)28(34)30-16-24-27(25(18-32)31(24)26(33)17-30)21-10-8-20(9-11-21)7-3-6-19-4-1-2-5-19/h8-15,19,24-25,27,32H,1-2,4-6,16-18H2/t24-,25-,27+/m0/s1",12663,OC[C@H]1[C@@H]([C@@H]2CN(CC(=O)N12)C(=O)c3ccc(F)cc3)c4ccc(cc4)C#CCC5CCCC5,NA
Input,AC1N6AX4,0.20676374,InputSig,NA,NA,LINCSCP_42594,NPC,10uM,24h,neural progenitor cells,NA,NA,PSPANKCQVWSVHM-UHFFFAOYSA-N,"InChI=1S/C33H32N2O3/c36-26-13-12-22-16-27-33(37)17-24-23-8-4-5-9-25(23)35(19-20-6-2-1-3-7-20)29(24)31-32(33,28(22)30(26)38-31)14-15-34(27)18-21-10-11-21/h1-9,12-13,21,27,31,36-37H,10-11,14-19H2",22149,Oc1ccc2CC3N(CC4CC4)CCC56C(Oc1c25)c7c(CC36O)c8ccccc8n7Cc9ccccc9,NA
Input,WAY-262611,0.20674225,InputSig,NA,NA,LINCSCP_41386,NEU,10uM,24h,NA,WNT agonist,NA,QHLITPHIARVDJI-UHFFFAOYSA-N,"InChI=1S/C20H22N4/c21-14-15-8-11-24(12-9-15)20-22-10-7-19(23-20)18-6-5-16-3-1-2-4-17(16)13-18/h1-7,10,13,15H,8-9,11-12,14,21H2",11227,NCC1CCN(CC1)c2nccc(n2)c3ccc4ccccc4c3,NA
Input,WZ-4-145,0.20659708,InputSig,NA,NA,LINCSCP_59142,VCAP,10uM,6h,prostate,EGFR inhibitor,NA,NA,NA,42756,NA,NA
Input,ZINC01792951,0.2065939,InputSig,NA,NA,LINCSCP_4945,A549,10uM,24h,lung,NA,NA,ABKPQYWVTSGYSD-UHFFFAOYSA-N,"InChI=1S/C13H10ClN3O/c1-2-7-16-13-11(8-15)17-12(18-13)9-3-5-10(14)6-4-9/h2-6,16H,1,7H2",15544,Clc1ccc(cc1)c2oc(NCC=C)c(n2)C#N,NA
Input,MLS000089581,0.20655981,InputSig,NA,NA,LINCSCP_5019,A549,10uM,24h,lung,NA,NA,KRZBWKRPRKNWHY-UHFFFAOYSA-N,"InChI=1S/C20H21N3O3/c1-14-9-10-21-18(12-14)22-19(24)8-5-11-26-17-13-20(25)23(2)16-7-4-3-6-15(16)17/h3-4,6-7,9-10,12-13H,5,8,11H2,1-2H3,(H,21,22,24)",15987,CN1C(=O)C=C(OCCCC(=O)Nc2cc(C)ccn2)c3ccccc13,NA
Input,CHEMBL1271430,0.2064743,InputSig,NA,NA,LINCSCP_1848,A375,10uM,6h,skin,NA,NA,OAQSAGQLIQQSON-UHFFFAOYSA-N,"InChI=1S/C24H18N2O4S/c1-28-21-14-5-4-12-20(21)23(27)29-15-6-7-16-31-24-26-25-22(30-24)19-13-8-10-17-9-2-3-11-18(17)19/h2-5,8-14H,15-16H2,1H3",15969,COc1ccccc1C(=O)OCC#CCSc2oc(nn2)c3cccc4ccccc34,NA
Input,AC1LM9MI,0.20646665,InputSig,NA,NA,LINCSCP_65050,VCAP,10uM,6h,prostate,NA,NA,AUVVAXYIELKVAI-TXQMCKRASA-N,"InChI=1S/C29H40N2O4/c1-6-18-17-31-10-8-20-14-27(33-3)29(35-5)16-23(20)25(31)12-21(18)11-24-22-15-28(34-4)26(32-2)13-19(22)7-9-30-24/h13-16,18,21,24-25,30H,6-12,17H2,1-5H3/t18-,21-,24+,25-/m1/s1",11408,CC[C@@H]1CN2CCc3cc(OC)c(OC)cc3[C@H]2C[C@H]1C[C@@H]4NCCc5cc(OC)c(OC)cc45,NA
Input,MLS000547267,0.20645779,InputSig,NA,NA,LINCSCP_22154,HEPG2,10uM,6h,liver,NA,NA,KSHSYBSEZAKVGL-UHFFFAOYSA-N,"InChI=1S/C12H9ClN2O2S/c1-8(11-14-6-7-18-11)15-17-12(16)9-2-4-10(13)5-3-9/h2-7H,1H3",38122,CC(=NOC(=O)c1ccc(Cl)cc1)c2nccs2,NA
Input,CHEMBL2138962,0.20645264,InputSig,NA,NA,LINCSCP_23246,HEPG2,10uM,6h,liver,NA,NA,VYCOOHAMPRTWAW-NNTYELGISA-N,"InChI=1S/C43H53N5O5/c1-30-26-48(31(2)29-49)43(52)25-35-24-36(45-41(50)16-8-5-9-17-42(51)46-38-15-11-10-14-37(38)44)22-23-39(35)53-40(30)28-47(3)27-32-18-20-34(21-19-32)33-12-6-4-7-13-33/h4,6-7,10-15,18-24,30-31,40,49H,5,8-9,16-17,25-29,44H2,1-3H3,(H,45,50)(H,46,51)/t30-,31+,40+/m1/s1",40241,C[C@@H](CO)N1C[C@@H](C)[C@H](CN(C)Cc2ccc(cc2)c3ccccc3)Oc4ccc(NC(=O)CCCCCC(=O)Nc5ccccc5N)cc4CC1=O,NA
Input,Cyclosporin A,0.20609654,InputSig,NA,NA,LINCSCP_2834,A375,10uM,6h,skin,Calcineurin inhibitor,PPIA|PPP3CA,PMATZTZNYRCHOR-UHFFFAOYSA-N,"InChI=1S/C62H111N11O12/c1-25-27-28-40(15)52(75)51-56(79)65-43(26-2)58(81)67(18)33-48(74)68(19)44(29-34(3)4)55(78)66-49(38(11)12)61(84)69(20)45(30-35(5)6)54(77)63-41(16)53(76)64-42(17)57(80)70(21)46(31-36(7)8)59(82)71(22)47(32-37(9)10)60(83)72(23)50(39(13)14)62(85)73(51)24/h25,27,34-47,49-52,75H,26,28-33H2,1-24H3,(H,63,77)(H,64,76)(H,65,79)(H,66,78)",22188,CCC1NC(=O)C(C(O)C(C)CC=CC)N(C)C(=O)C(C(C)C)N(C)C(=O)C(CC(C)C)N(C)C(=O)C(CC(C)C)N(C)C(=O)C(C)NC(=O)C(C)NC(=O)C(CC(C)C)N(C)C(=O)C(NC(=O)C(CC(C)C)N(C)C(=O)CN(C)C1=O)C(C)C,NA
Input,Cyclosporin A,0.20609654,InputSig,NA,NA,LINCSCP_2834,A375,10uM,6h,skin,Calcineurin inhibitor,PPIA|PPP3CA,PMATZTZNYRCHOR-IMVLJIQESA-N,"InChI=1S/C62H111N11O12/c1-25-27-28-40(15)52(75)51-56(79)65-43(26-2)58(81)67(18)33-48(74)68(19)44(29-34(3)4)55(78)66-49(38(11)12)61(84)69(20)45(30-35(5)6)54(77)63-41(16)53(76)64-42(17)57(80)70(21)46(31-36(7)8)59(82)71(22)47(32-37(9)10)60(83)72(23)50(39(13)14)62(85)73(51)24/h25,27,34-47,49-52,75H,26,28-33H2,1-24H3,(H,63,77)(H,64,76)(H,65,79)(H,66,78)/b27-25+",145,CCC1NC(=O)C(C(O)C(C)C\C=C\C)N(C)C(=O)C(C(C)C)N(C)C(=O)C(CC(C)C)N(C)C(=O)C(CC(C)C)N(C)C(=O)C(C)NC(=O)C(C)NC(=O)C(CC(C)C)N(C)C(=O)C(NC(=O)C(CC(C)C)N(C)C(=O)CN(C)C1=O)C(C)C,NA
Input,Alvocidib,0.20607661,InputSig,NA,NA,LINCSCP_49897,PHH,10uM,24h,NA,CDK inhibitor,CDK1|CDK2|CDK4|CDK5|CDK6|CDK7|CDK8|CDK9|EGFR|PYGM,BIIVYFLTOXDAOV-YVEFUNNKSA-N,"InChI=1S/C21H20ClNO5/c1-23-7-6-12(17(27)10-23)19-14(24)8-15(25)20-16(26)9-18(28-21(19)20)11-4-2-3-5-13(11)22/h2-5,8-9,12,17,24-25,27H,6-7,10H2,1H3/t12-,17+/m0/s1",16629,CN1CC[C@@H]([C@H](O)C1)c2c(O)cc(O)c3C(=O)C=C(Oc23)c4ccccc4Cl,3
Input,BG-1017,0.20603644,InputSig,NA,NA,LINCSCP_43640,NPC,10uM,6h,neural progenitor cells,NA,NA,IJEIPSOAZGWZBF-WOJGMQOQSA-N,"InChI=1S/C17H25N3O6/c1-25-14-9-12(21)10-15(26-2)13(14)11-18-19-16(22)7-5-3-4-6-8-17(23)20-24/h9-11,21,24H,3-8H2,1-2H3,(H,19,22)(H,20,23)/b18-11+",23851,COc1cc(O)cc(OC)c1\C=N\NC(=O)CCCCCCC(=O)NO,NA
Input,AKT Inhibitor VIII,0.20598288,InputSig,NA,NA,LINCSCP_51289,SKBR3,10uM,24h,breast,AKT inhibitor,AKT1|AKT2,BIWGYFZAEWGBAL-UHFFFAOYSA-N,"InChI=1S/C34H29N7O/c42-34-39-26-8-4-5-9-31(26)41(34)25-14-16-40(17-15-25)20-22-10-12-24(13-11-22)33-32(23-6-2-1-3-7-23)37-29-18-27-28(36-21-35-27)19-30(29)38-33/h1-13,18-19,21,25H,14-17,20H2,(H,35,36)(H,39,42)",36842,Oc1nc2ccccc2n1C3CCN(Cc4ccc(cc4)c5nc6cc7[nH]cnc7cc6nc5c8ccccc8)CC3,NA
Input,CX-5461,0.20598179,InputSig,NA,NA,LINCSCP_84629,ASC,0.37uM,24h,adipose,NA,NA,XGPBJCHFROADCK-UHFFFAOYSA-N,"InChI=1S/C27H27N7O2S/c1-17-14-29-18(15-28-17)16-30-26(36)23-24(35)19-8-9-22(33-11-5-10-32(2)12-13-33)31-25(19)34-20-6-3-4-7-21(20)37-27(23)34/h3-4,6-9,14-15H,5,10-13,16H2,1-2H3,(H,30,36)",34338,CN1CCCN(CC1)c2ccc3C(=O)C(=C4Sc5ccccc5N4c3n2)C(=O)NCc6cnc(C)cn6,NA
Input,Solifenacin succinate,0.20595335,InputSig,NA,NA,LINCSCP_90643,HA1E,0.04uM,24h,kidney epithelial,Muscarinic acetylcholine receptor M2 antagonist|Muscarinic acetylcholine receptor M3 antagonist,CHRM2|CHRM3,FBOUYBDGKBSUES-VXKWHMMOSA-N,"InChI=1S/C23H26N2O2/c26-23(27-21-16-24-13-10-18(21)11-14-24)25-15-12-17-6-4-5-9-20(17)22(25)19-7-2-1-3-8-19/h1-9,18,21-22H,10-16H2/t21-,22-/m0/s1",26623,O=C(O[C@H]1CN2CCC1CC2)N3CCc4ccccc4[C@@H]3c5ccccc5,4
Input,CICLESONIDE,0.20580154,InputSig,NA,NA,LINCSCP_102112,HELA,10uM,24h,large intestine,Glucocorticoid receptor agonist,NR3C1,LUKZNWIVRBCLON-GXOBDPJESA-N,"InChI=1S/C32H44O7/c1-18(2)28(36)37-17-25(35)32-26(38-29(39-32)19-8-6-5-7-9-19)15-23-22-11-10-20-14-21(33)12-13-30(20,3)27(22)24(34)16-31(23,32)4/h12-14,18-19,22-24,26-27,29,34H,5-11,15-17H2,1-4H3/t22-,23-,24-,26+,27+,29+,30-,31-,32+/m0/s1",26882,CC(C)C(=O)OCC(=O)[C@@]12O[C@@H](O[C@@H]1C[C@H]3[C@@H]4CCC5=CC(=O)C=C[C@]5(C)[C@H]4[C@@H](O)C[C@]23C)C6CCCCC6,4
Input,MLN-0128,0.20574556,InputSig,NA,NA,LINCSCP_88513,HA1E,0.12uM,24h,kidney epithelial,Serine/threonine-protein kinase mTOR inhibitor,MTOR,GYLDXIAOMVERTK-UHFFFAOYSA-N,"InChI=1S/C15H15N7O/c1-7(2)22-14-11(13(16)18-6-19-14)12(21-22)8-3-4-10-9(5-8)20-15(17)23-10/h3-7H,1-2H3,(H2,17,20)(H2,16,18,19)",15180,CC(C)n1nc(c2ccc3oc(N)nc3c2)c4c(N)ncnc14,2
Input,CHEMBL2140128,0.20571405,InputSig,NA,NA,LINCSCP_59237,VCAP,10uM,24h,prostate,NA,NA,VYCOOHAMPRTWAW-QXULMBECSA-N,"InChI=1S/C43H53N5O5/c1-30-26-48(31(2)29-49)43(52)25-35-24-36(45-41(50)16-8-5-9-17-42(51)46-38-15-11-10-14-37(38)44)22-23-39(35)53-40(30)28-47(3)27-32-18-20-34(21-19-32)33-12-6-4-7-13-33/h4,6-7,10-15,18-24,30-31,40,49H,5,8-9,16-17,25-29,44H2,1-3H3,(H,45,50)(H,46,51)/t30-,31-,40-/m0/s1",19728,C[C@@H](CO)N1C[C@H](C)[C@H](CN(C)Cc2ccc(cc2)c3ccccc3)Oc4ccc(NC(=O)CCCCCC(=O)Nc5ccccc5N)cc4CC1=O,NA
Input,501919-59-1,0.20569435,InputSig,NA,NA,LINCSCP_25070,HT115,100uM,6h,large intestine,STAT inhibitor,STAT3,HWNUSGNZBAISFM-UHFFFAOYSA-N,"InChI=1S/C16H15NO7S/c1-10-2-5-12(6-3-10)25(22,23)24-9-15(19)17-11-4-7-13(16(20)21)14(18)8-11/h2-8,18H,9H2,1H3,(H,17,19)(H,20,21)",15077,Cc1ccc(cc1)S(=O)(=O)OCC(=O)Nc2ccc(C(=O)O)c(O)c2,NA
Input,RG 108,0.20569435,InputSig,NA,NA,LINCSCP_133826,MCF7,0.37uM,24h,breast,DNA methyltransferase inhibitor,DNMT1,HPTXLHAHLXOAKV-INIZCTEOSA-N,"InChI=1S/C19H14N2O4/c22-17-13-6-1-2-7-14(13)18(23)21(17)16(19(24)25)9-11-10-20-15-8-4-3-5-12(11)15/h1-8,10,16,20H,9H2,(H,24,25)/t16-/m0/s1",16536,OC(=O)[C@H](Cc1c[nH]c2ccccc12)N3C(=O)c4ccccc4C3=O,NA
Input,Istaroxime (hydrochloride),0.20561674,InputSig,NA,NA,LINCSCP_127498,HT29,10uM,24h,large intestine,NA,NA,MPYLDWFDPHRTEG-PAAYLBSLSA-N,"InChI=1S/C21H32N2O3/c1-20-7-5-13(23-26-10-9-22)11-17(20)18(24)12-14-15-3-4-19(25)21(15,2)8-6-16(14)20/h14-17H,3-12,22H2,1-2H3/b23-13+/t14-,15-,16-,17+,20+,21-/m0/s1",26473,C[C@]12CC\C(=N/OCCN)\C[C@@H]1C(=O)C[C@@H]3[C@@H]2CC[C@@]4(C)[C@H]3CCC4=O,NA
Input,H89,0.20560986,InputSig,NA,NA,LINCSCP_7453,A549,10uM,6h,lung,PKA inhibitor,PRKACA,ZKZXNDJNWUTGDK-NSCUHMNNSA-N,"InChI=1S/C20H20BrN3O2S/c21-18-8-6-16(7-9-18)3-2-11-22-13-14-24-27(25,26)20-5-1-4-17-15-23-12-10-19(17)20/h1-10,12,15,22,24H,11,13-14H2/b3-2+",22168,Brc1ccc(\C=C\CNCCNS(=O)(=O)c2cccc3cnccc23)cc1,NA
Input,1991-52-2,0.20559789,InputSig,NA,NA,LINCSCP_2924,A375,10uM,6h,skin,NA,NA,FLLRQABPKFCXSO-UHFFFAOYSA-N,"InChI=1S/C15H24O2/c1-14(2,3)10-9-13(17-7)11(8-12(10)16)15(4,5)6/h8-9,16H,1-7H3",36301,COc1cc(c(O)cc1C(C)(C)C)C(C)(C)C,NA
Input,CHEMBL1923808,0.2054802,InputSig,NA,NA,LINCSCP_43261,NPC,10uM,24h,neural progenitor cells,HDAC inhibitor,NA,LVPDNYLMHLHWBD-UHFFFAOYSA-N,"InChI=1S/C14H19FN2O3/c15-11-7-9-12(10-8-11)16-13(18)5-3-1-2-4-6-14(19)17-20/h7-10,20H,1-6H2,(H,16,18)(H,17,19)",18290,ONC(=O)CCCCCCC(=O)Nc1ccc(F)cc1,NA
Input,Lorazepam,0.20545638,InputSig,NA,NA,LINCSCP_46053,PC3,10uM,24h,prostate,Benzodiazepine receptor agonist,GABRA1|GABRA2|GABRA3|GABRA4|GABRA5|GABRA6|GABRB1|GABRB2|GABRB3|GABRD|GABRE|GABRG1|GABRG2|GABRG3|GABRP|GABRQ,DIWRORZWFLOCLC-UHFFFAOYSA-N,"InChI=1S/C15H10Cl2N2O2/c16-8-5-6-12-10(7-8)13(19-15(21)14(20)18-12)9-3-1-2-4-11(9)17/h1-7,15,21H,(H,18,20)",36345,OC1N=C(c2ccccc2Cl)c3cc(Cl)ccc3NC1=O,4
Input,Sarcolysin,0.20545142,InputSig,NA,NA,LINCSCP_17070,HA1E,10uM,24h,kidney epithelial,DNA alkylating agent|DNA inhibitor,NA,SGDBTWWWUNNDEQ-UHFFFAOYSA-N,"InChI=1S/C13H18Cl2N2O2/c14-5-7-17(8-6-15)11-3-1-10(2-4-11)9-12(16)13(18)19/h1-4,12H,5-9,16H2,(H,18,19)",39783,NC(Cc1ccc(cc1)N(CCCl)CCCl)C(=O)O,NA
Input,ZINC02121610,0.20530831,InputSig,NA,NA,LINCSCP_57437,VCAP,10uM,6h,prostate,NA,NA,ZTKRHVRDOBGROC-IBGZPJMESA-N,"InChI=1S/C23H23N3O3/c1-23(2)20-17(16-6-4-5-7-18(16)24-20)12-19-21(27)25(22(28)26(19)23)13-14-8-10-15(29-3)11-9-14/h4-11,19,24H,12-13H2,1-3H3/t19-/m0/s1",15761,COc1ccc(CN2C(=O)[C@@H]3Cc4c([nH]c5ccccc45)C(C)(C)N3C2=O)cc1,NA
Input,Iopanoic acid,0.20530196,InputSig,NA,NA,LINCSCP_52483,SKB,10uM,24h,NA,Radiopaque medium,NA,OIRFJRBSRORBCM-UHFFFAOYSA-N,"InChI=1S/C11H12I3NO2/c1-2-5(11(16)17)3-6-7(12)4-8(13)10(15)9(6)14/h4-5H,2-3,15H2,1H3,(H,16,17)",17598,CCC(Cc1c(I)cc(I)c(N)c1I)C(=O)O,4
Input,etoposide,0.20527652,InputSig,NA,NA,LINCSCP_17069,HA1E,10uM,24h,kidney epithelial,DNA topoisomerase II inhibitor,TOP2A|TOP2B,NA,NA,NA,NA,NA
Input,Terreic-acid,0.20519694,InputSig,NA,NA,LINCSCP_2272,A375,10uM,6h,skin,Bruton's tyrosine kinase (BTK) inhibitor,BTK,NYFMSQHOGRWGFD-OOEDRKFMSA-N,"InChI=1S/C7H6O4/c1-2-3(8)5(10)7-6(11-7)4(2)9/h2,6-7H,1H3/t2?,6-,7+/m1/s1",25399,CC1C(=O)[C@H]2O[C@H]2C(=O)C1=O,NA
Input,atorvastatin,0.20517897,InputSig,NA,NA,LINCSCP_28884,HUH7,10uM,24h,liver,HMGCR inhibitor,DPP4|HMGCR,NA,NA,NA,NA,NA
Input,OTSSP167,0.20505035,InputSig,NA,NA,LINCSCP_146653,NEU,0.12uM,24h,NA,NA,NA,DKZYXHCYPUVGAF-JCNLHEQBSA-N,"InChI=1S/C25H28Cl2N4O2/c1-14(32)18-12-28-22-9-8-21(16-10-19(26)25(33)20(27)11-16)30-24(22)23(18)29-17-6-4-15(5-7-17)13-31(2)3/h8-12,15,17,33H,4-7,13H2,1-3H3,(H,28,29)/t15-,17-",5821,CN(C)C[C@@H]1CC[C@H](CC1)Nc2c(cnc3ccc(nc23)c4cc(Cl)c(O)c(Cl)c4)C(=O)C,NA
Input,ESTRAMUSTINE,0.20502539,InputSig,NA,NA,LINCSCP_96999,HA1E,0.12uM,24h,kidney epithelial,NA,NA,FRPJXPJMRWBBIH-ZZSVNSIZSA-N,"InChI=1S/C23H31Cl2NO3/c1-23-9-8-18-17-5-3-16(29-22(28)26(12-10-24)13-11-25)14-15(17)2-4-19(18)20(23)6-7-21(23)27/h3,5,14,18-21,27H,2,4,6-13H2,1H3/t18?,19?,20?,21-,23-/m0/s1",26660,C[C@]12CCC3C(CCc4cc(OC(=O)N(CCCl)CCCl)ccc34)C1CC[C@@H]2O,NA
Input,6-Azauridine,0.20496814,InputSig,NA,NA,LINCSCP_57967,VCAP,10uM,24h,prostate,Antiviral,NA,WYXSYVWAUAUWLD-SHUUEZRQSA-N,"InChI=1S/C8H11N3O6/c12-2-3-5(14)6(15)7(17-3)11-8(16)10-4(13)1-9-11/h1,3,5-7,12,14-15H,2H2,(H,10,13,16)/t3-,5-,6-,7-/m1/s1",19488,OC[C@H]1O[C@H]([C@H](O)[C@@H]1O)N2N=CC(=O)NC2=O,NA
Input,CGS-15943,0.20489047,InputSig,NA,NA,LINCSCP_252665,MCF7,40uM,24h,breast,Adenosine receptor antagonist,ADORA1|ADORA2A|ADORA2B,MSJODEOZODDVGW-UHFFFAOYSA-N,"InChI=1S/C13H8ClN5O/c14-7-3-4-9-8(6-7)12-17-11(10-2-1-5-20-10)18-19(12)13(15)16-9/h1-6H,(H2,15,16)",15693,Nc1nc2ccc(Cl)cc2c3nc(nn13)c4occc4,NA
Input,Flumethasone,0.20484395,InputSig,NA,NA,LINCSCP_18714,HCC515,10uM,6h,lung,Glucocorticoid receptor agonist,NR3C1,WXURHACBFYSXBI-GQKYHHCASA-N,"InChI=1S/C22H28F2O5/c1-11-6-13-14-8-16(23)15-7-12(26)4-5-19(15,2)21(14,24)17(27)9-20(13,3)22(11,29)18(28)10-25/h4-5,7,11,13-14,16-17,25,27,29H,6,8-10H2,1-3H3/t11-,13+,14+,16+,17+,19+,20+,21+,22+/m1/s1",35907,C[C@@H]1C[C@H]2[C@@H]3C[C@H](F)C4=CC(=O)C=C[C@]4(C)[C@@]3(F)[C@@H](O)C[C@]2(C)[C@@]1(O)C(=O)CO,NA
Input,MRE-269,0.20482793,InputSig,NA,NA,LINCSCP_24129,HL60,1uM,24h,haematopoietic and lymphoid tissue,Platelet aggregation inhibitor|Prostanoid receptor agonist,PTGIR,NA,NA,NA,NA,NA
Input,brefeldin-a,0.20481011,InputSig,NA,NA,LINCSCP_160196,PC3,10uM,24h,prostate,NA,NA,NA,NA,NA,NA,NA
Input,BRD-K74316684,0.20465279,InputSig,NA,NA,LINCSCP_259329,NEU,10uM,24h,NA,NA,NA,OBYQZMKDECEVCN-XPWALMASSA-N,"InChI=1S/C24H29N3O2/c1-2-27(24(29)20-8-5-13-25-14-20)15-21-23(22(16-28)26-21)19-11-9-18(10-12-19)17-6-3-4-7-17/h5-6,8-14,21-23,26,28H,2-4,7,15-16H2,1H3/t21-,22+,23-/m1/s1",13466,CCN(C[C@H]1N[C@@H](CO)[C@@H]1c2ccc(cc2)C3=CCCC3)C(=O)c4cccnc4,NA
Input,MLS002703076,0.20461493,InputSig,NA,NA,LINCSCP_46243,PC3,10uM,24h,prostate,NA,NA,SAIPSYFILFBTPK-UHFFFAOYSA-N,"InChI=1S/C15H19N9S/c1-9-6-5-7-10(2)12(9)24-15(20-21-22-24)25-8-11-17-13(16)19-14(18-11)23(3)4/h5-7H,8H2,1-4H3,(H2,16,17,18,19)",35739,CN(C)c1nc(N)nc(CSc2nnnn2c3c(C)cccc3C)n1,NA
Input,CHEMBL1619263,0.20454929,InputSig,NA,NA,LINCSCP_42367,NPC,10uM,24h,neural progenitor cells,NA,NA,BTGJJKUUMGGZNO-UHFFFAOYSA-N,"InChI=1S/C23H29ClFNO2/c1-2-3-12-23(27,19-6-10-21(25)11-7-19)22(17-26-13-15-28-16-14-26)18-4-8-20(24)9-5-18/h4-11,22,27H,2-3,12-17H2,1H3",15558,CCCCC(O)(C(CN1CCOCC1)c2ccc(Cl)cc2)c3ccc(F)cc3,NA
Input,Tiotidine,0.20438791,InputSig,NA,NA,LINCSCP_242244,MCF7,10uM,6h,breast,Histamine receptor antagonist,HRH2,YDDXVAXDYKBWDX-UHFFFAOYSA-N,"InChI=1S/C10H16N8S2/c1-14-9(16-6-11)15-2-3-19-4-7-5-20-10(17-7)18-8(12)13/h5H,2-4H2,1H3,(H2,14,15,16)(H4,12,13,17,18)",35521,CNC(=NC#N)NCCSCc1csc(N=C(N)N)n1,NA
Input,A-443654,0.20427078,InputSig,NA,NA,LINCSCP_42411,NPC,10uM,24h,neural progenitor cells,AKT inhibitor,AKT1|AKT2,YWTBGJGMTBHQTM-IBGZPJMESA-N,"InChI=1S/C24H23N5O/c1-15-22-10-16(6-7-24(22)29-28-15)17-9-20(13-26-11-17)30-14-19(25)8-18-12-27-23-5-3-2-4-21(18)23/h2-7,9-13,19,27H,8,14,25H2,1H3,(H,28,29)/t19-/m0/s1",15124,Cc1[nH]nc2ccc(cc12)c3cncc(OC[C@@H](N)Cc4c[nH]c5ccccc45)c3,NA
Input,BRD-K53223020,0.20413563,InputSig,NA,NA,LINCSCP_64783,VCAP,10uM,6h,prostate,NA,NA,YIDCJSIMEGPZQS-JTDSTZFVSA-N,"InChI=1S/C20H31N3O4S/c1-15-13-23(16(2)14-24)28(25,26)20-9-8-17(7-6-10-22(4)5)11-18(20)27-19(15)12-21-3/h8-9,11,15-16,19,21,24H,10,12-14H2,1-5H3/t15-,16+,19-/m1/s1",33049,CNC[C@H]1Oc2cc(ccc2S(=O)(=O)N(C[C@H]1C)[C@@H](C)CO)C#CCN(C)C,NA
Input,Osimertinib,0.20410893,InputSig,NA,NA,LINCSCP_146631,NEU,10uM,24h,NA,Epidermal growth factor receptor erbB1 inhibitor|Epidermal growth factor receptor inhibitor,EGFR|ERBB2|ERBB3|ERBB4,DUYJMQONPNNFPI-UHFFFAOYSA-N,"InChI=1S/C28H33N7O2/c1-7-27(36)30-22-16-23(26(37-6)17-25(22)34(4)15-14-33(2)3)32-28-29-13-12-21(31-28)20-18-35(5)24-11-9-8-10-19(20)24/h7-13,16-18H,1,14-15H2,2-6H3,(H,30,36)(H,29,31,32)",16542,COc1cc(N(C)CCN(C)C)c(NC(=O)C=C)cc1Nc2nccc(n2)c3cn(C)c4ccccc34,4
Input,Dacarbazine,0.20404522,InputSig,NA,NA,LINCSCP_72014,A375,0.37uM,24h,skin,DNA alkylating agent,NA,FDKXTQMXEQVLRF-UHFFFAOYSA-N,"InChI=1S/C6H10N6O/c1-12(2)11-10-6-4(5(7)13)8-3-9-6/h3H,1-2H3,(H2,7,13)(H,8,9)",36017,CN(C)N=Nc1[nH]cnc1C(=O)N,4
Input,RS-17053,0.20401813,InputSig,NA,NA,LINCSCP_7345,A549,10uM,24h,lung,Adrenergic receptor antagonist,ADRA1A,XLZHXAXXJVKTFM-UHFFFAOYSA-N,"InChI=1S/C24H29ClN2O2/c1-24(2,14-18-15-26-21-10-9-19(25)13-20(18)21)27-11-12-28-22-5-3-4-6-23(22)29-16-17-7-8-17/h3-6,9-10,13,15,17,26-27H,7-8,11-12,14,16H2,1-2H3",36019,CC(C)(Cc1c[nH]c2ccc(Cl)cc12)NCCOc3ccccc3OCC4CC4,NA
Input,Tanespimycin,0.20393939,InputSig,NA,NA,LINCSCP_10637,AGS,0.5uM,6h,stomach,Heat shock protein HSP90 inhibitor,HSP90AA1|HSP90AB1,AYUNIORJHRXIBJ-TXHRRWQRSA-N,"InChI=1S/C31H43N3O8/c1-8-12-33-26-21-13-17(2)14-25(41-7)27(36)19(4)15-20(5)29(42-31(32)39)24(40-6)11-9-10-18(3)30(38)34-22(28(21)37)16-23(26)35/h8-11,15-17,19,24-25,27,29,33,36H,1,12-14H2,2-7H3,(H2,32,39)(H,34,38)/b11-9-,18-10+,20-15+/t17-,19+,24+,25+,27-,29+/m1/s1",17692,CO[C@H]1C[C@H](C)CC2=C(NCC=C)C(=O)C=C(NC(=O)\C(=C\C=C/[C@H](OC)[C@@H](OC(=O)N)\C(=C\[C@H](C)[C@H]1O)\C)\C)C2=O,3
Input,AZD7762,0.20389213,InputSig,NA,NA,LINCSCP_96823,HA1E,3.33uM,24h,kidney epithelial,Serine/threonine-protein kinase Chk1  inhibitor,CHEK1,IAYGCINLNONXHY-LBPRGKRZSA-N,"InChI=1S/C17H19FN4O2S/c18-11-4-1-3-10(7-11)14-8-13(22-17(19)24)15(25-14)16(23)21-12-5-2-6-20-9-12/h1,3-4,7-8,12,20H,2,5-6,9H2,(H,21,23)(H3,19,22,24)/t12-/m0/s1",26736,NC(=O)Nc1cc(sc1C(=O)N[C@H]2CCCNC2)c3cccc(F)c3,1
Input,Clarithromycin,0.20373578,InputSig,NA,NA,LINCSCP_71526,A375,0.12uM,24h,skin,Bacterial 70S ribosome inhibitor,NA,AGOYDEPGAOXOCK-KCBOHYOISA-N,"InChI=1S/C38H69NO13/c1-15-26-38(10,45)31(42)21(4)28(40)19(2)17-37(9,47-14)33(52-35-29(41)25(39(11)12)16-20(3)48-35)22(5)30(23(6)34(44)50-26)51-27-18-36(8,46-13)32(43)24(7)49-27/h19-27,29-33,35,41-43,45H,15-18H2,1-14H3/t19-,20-,21+,22+,23-,24+,25+,26-,27+,29-,30+,31-,32+,33-,35+,36-,37-,38-/m1/s1",36481,CC[C@H]1OC(=O)[C@H](C)[C@@H](O[C@H]2C[C@@](C)(OC)[C@@H](O)[C@H](C)O2)[C@H](C)[C@@H](O[C@@H]3O[C@H](C)C[C@@H]([C@H]3O)N(C)C)[C@@](C)(C[C@@H](C)C(=O)[C@H](C)[C@@H](O)[C@]1(C)O)OC,4
Input,BRD-K49911380,0.20372503,InputSig,NA,NA,LINCSCP_62382,VCAP,5uM,6h,prostate,NA,NA,CJNJMLGGDUQPOS-QSOCRCLWSA-N,"InChI=1S/C24H28N2O7S/c27-15-22-24-20(13-17(32-22)14-23(28)26-8-10-31-11-9-26)19-12-16(6-7-21(19)33-24)25-34(29,30)18-4-2-1-3-5-18/h1-7,12,17,20,22,24-25,27H,8-11,13-15H2/t17-,20-,22-,24+/m1/s1",3371,OC[C@H]1O[C@@H](CC(=O)N2CCOCC2)C[C@H]3[C@@H]1Oc4ccc(NS(=O)(=O)c5ccccc5)cc34,NA
Input,Ozagrel,0.20362417,InputSig,NA,NA,LINCSCP_106646,HELA,1.11uM,24h,large intestine,Thromboxane synthase inhibitor,TBXAS1,SHZKQBHERIJWAO-AATRIKPKSA-N,"InChI=1S/C13H12N2O2/c16-13(17)6-5-11-1-3-12(4-2-11)9-15-8-7-14-10-15/h1-8,10H,9H2,(H,16,17)/b6-5+",142,OC(=O)\C=C\c1ccc(Cn2ccnc2)cc1,3
Input,CYTO7H11,0.20357345,InputSig,NA,NA,LINCSCP_203027,AGS,10uM,6h,stomach,Cytochrome C release inhibitor,BAX,KUUJEXLRLIPQQJ-UHFFFAOYSA-N,"InChI=1S/C19H21Br2N3O/c20-13-1-3-18-16(9-13)17-10-14(21)2-4-19(17)24(18)12-15(25)11-23-7-5-22-6-8-23/h1-4,9-10,15,22,25H,5-8,11-12H2",36227,OC(CN1CCNCC1)Cn2c3ccc(Br)cc3c4cc(Br)ccc24,NA
Input,Phenylalanyltyrosine,0.20351819,InputSig,NA,NA,LINCSCP_293,A375,10uM,24h,skin,NA,NA,FSXRLASFHBWESK-HOTGVXAUSA-N,"InChI=1S/C18H20N2O4/c19-15(10-12-4-2-1-3-5-12)17(22)20-16(18(23)24)11-13-6-8-14(21)9-7-13/h1-9,15-16,21H,10-11,19H2,(H,20,22)(H,23,24)/t15-,16-/m0/s1",22626,N[C@@H](Cc1ccccc1)C(=O)N[C@@H](Cc2ccc(O)cc2)C(=O)O,NA
Input,CHEMBL1222381,0.2033671,InputSig,NA,NA,LINCSCP_12961,EFO27,80uM,6h,ovary,NA,NA,SYENTKHGMVKGAQ-UHFFFAOYSA-N,"InChI=1S/C11H10N2O2S/c14-11(12-7-3-4-7)8-6-9(15-13-8)10-2-1-5-16-10/h1-2,5-7H,3-4H2,(H,12,14)",16526,O=C(NC1CC1)c2cc(on2)c3cccs3,NA
Input,AC1NWAOC,0.20312769,InputSig,NA,NA,LINCSCP_76338,A375,10uM,24h,skin,NA,NA,PSGAAPLEWMOORI-GDXVCIIOSA-N,"InChI=1S/C24H34O4/c1-14-12-18-19(22(4)9-6-17(27)13-21(14)22)7-10-23(5)20(18)8-11-24(23,15(2)25)28-16(3)26/h13-14,18-20H,6-12H2,1-5H3/t14-,18?,19?,20?,22+,23-,24-/m0/s1",27708,C[C@H]1CC2C(CC[C@@]3(C)C2CC[C@]3(OC(=O)C)C(=O)C)[C@@]4(C)CCC(=O)C=C14,NA
Input,Fosinopril,0.20307156,InputSig,NA,NA,LINCSCP_120233,HT29,10uM,24h,large intestine,Angiotensin converting enzyme inhibitor,ACE,BIDNLKIUORFRQP-AJTMIRJTSA-N,"InChI=1S/C30H46NO7P/c1-4-28(33)37-30(22(2)3)38-39(36,18-12-11-15-23-13-7-5-8-14-23)21-27(32)31-20-25(19-26(31)29(34)35)24-16-9-6-10-17-24/h5,7-8,13-14,22,24-26,30H,4,6,9-12,15-21H2,1-3H3,(H,34,35)/t25-,26+,30+,39?/m1/s1",16145,CCC(=O)O[C@@H](OP(=O)(CCCCc1ccccc1)CC(=O)N2C[C@@H](C[C@H]2C(=O)O)C3CCCCC3)C(C)C,NA
Input,Triclosan,0.20288536,InputSig,NA,NA,LINCSCP_75990,A375,10uM,24h,skin,Enoyl-[acyl-carrier-protein] reductase [NADH] inhibitor,DNMT1,XEFQLINVKFYRCS-UHFFFAOYSA-N,"InChI=1S/C12H7Cl3O2/c13-7-1-3-11(9(15)5-7)17-12-4-2-8(14)6-10(12)16/h1-6,16H",22915,Oc1cc(Cl)ccc1Oc2ccc(Cl)cc2Cl,4
Input,SMR000206939,0.20286557,InputSig,NA,NA,LINCSCP_1776,A375,10uM,6h,skin,NA,NA,BLDIGKDTIQNPDL-UHFFFAOYSA-N,"InChI=1S/C21H23Cl2N3O2/c22-13-19(27)26(18-10-4-7-16(23)12-18)20(15-6-5-11-24-14-15)21(28)25-17-8-2-1-3-9-17/h4-7,10-12,14,17,20H,1-3,8-9,13H2,(H,25,28)",35414,ClCC(=O)N(C(C(=O)NC1CCCCC1)c2cccnc2)c3cccc(Cl)c3,NA
Input,Linoleamide,0.20281983,InputSig,NA,NA,LINCSCP_33519,MCF7,10uM,6h,breast,ACAT inhibitor,SOAT1|SOAT2,SFIHQZFZMWZOJV-HZJYTTRNSA-N,"InChI=1S/C18H33NO/c1-2-3-4-5-6-7-8-9-10-11-12-13-14-15-16-17-18(19)20/h6-7,9-10H,2-5,8,11-17H2,1H3,(H2,19,20)/b7-6-,10-9-",37299,CCCCC\C=C/C\C=C/CCCCCCCC(=O)N,NA
Input,Levetiracetam,0.2028194,InputSig,NA,NA,LINCSCP_78131,A375,3.33uM,24h,skin,Calcium channel blocker,CACNA1B|SV2A,HPHUVLMMVZITSG-LURJTMIESA-N,"InChI=1S/C8H14N2O2/c1-2-6(8(9)12)10-5-3-4-7(10)11/h6H,2-5H2,1H3,(H2,9,12)/t6-/m0/s1",36480,CC[C@H](N1CCCC1=O)C(=O)N,4
Input,SMR000206948,0.20279225,InputSig,NA,NA,LINCSCP_5616,A549,10uM,6h,lung,NA,NA,RMLMLLHAWZPLLR-UHFFFAOYSA-N,"InChI=1S/C23H26Cl2N2O3/c1-30-20-13-7-16(8-14-20)22(23(29)26-18-5-3-2-4-6-18)27(21(28)15-24)19-11-9-17(25)10-12-19/h7-14,18,22H,2-6,15H2,1H3,(H,26,29)",35345,COc1ccc(cc1)C(N(C(=O)CCl)c2ccc(Cl)cc2)C(=O)NC3CCCCC3,NA
Input,BRD-K19870323,0.20260807,InputSig,NA,NA,LINCSCP_65598,VCAP,10uM,24h,prostate,NA,NA,IIFWPLPYOKXIHM-FYQCMVGJSA-N,"InChI=1S/C30H34F3N3O5S/c1-19-5-7-22(8-6-19)23-9-14-28-26(15-23)41-27(20(2)16-36(21(3)18-37)42(28,39)40)17-35(4)29(38)34-25-12-10-24(11-13-25)30(31,32)33/h5-15,20-21,27,37H,16-18H2,1-4H3,(H,34,38)/t20-,21+,27+/m0/s1",12081,C[C@H](CO)N1C[C@H](C)[C@@H](CN(C)C(=O)Nc2ccc(cc2)C(F)(F)F)Oc3cc(ccc3S1(=O)=O)c4ccc(C)cc4,NA
Input,UNII-MET7ZRB8Y7,0.20245767,InputSig,NA,NA,LINCSCP_11318,ASC,10uM,24h,adipose,T-type calcium channel blocker,NA,VHHVPDKNKPNKHY-JDXGNMNLSA-N,"InChI=1S/C30H38FN3O2/c1-20(2)28-24-13-12-23(31)19-22(24)14-15-30(28,36-29(35)21-10-11-21)16-18-34(3)17-6-9-27-32-25-7-4-5-8-26(25)33-27/h4-5,7-8,12-13,19-21,28H,6,9-11,14-18H2,1-3H3,(H,32,33)/t28-,30-/m0/s1",15930,CC(C)[C@H]1c2ccc(F)cc2CC[C@@]1(CCN(C)CCCc3nc4ccccc4[nH]3)OC(=O)C5CC5,NA
Input,Pantoprazole,0.20234199,InputSig,NA,NA,LINCSCP_18648,HCC515,10uM,6h,lung,ATPase inhibitor,ATP4A|ATP4B,IQPSEEYGBUAQFF-UHFFFAOYSA-N,"InChI=1S/C16H15F2N3O4S/c1-23-13-5-6-19-12(14(13)24-2)8-26(22)16-20-10-4-3-9(25-15(17)18)7-11(10)21-16/h3-7,15H,8H2,1-2H3,(H,20,21)",23024,COc1ccnc(CS(=O)c2nc3cc(OC(F)F)ccc3[nH]2)c1OC,4
Input,CHEMBL214378,0.20234136,InputSig,NA,NA,LINCSCP_24704,HS578T,10uM,24h,breast,ITK inhibitor,NA,PTBNMQSAVVUNTG-UHFFFAOYSA-N,"InChI=1S/C19H13BrN2O6S/c20-14-15(28-9-13(23)24)17(19(26)27)29-16(14)10-3-5-12(6-4-10)22-18(25)11-2-1-7-21-8-11/h1-8H,9H2,(H,22,25)(H,23,24)(H,26,27)",39929,OC(=O)COc1c(Br)c(sc1C(=O)O)c2ccc(NC(=O)c3cccnc3)cc2,NA
Input,VU0418934-2,0.20230905,InputSig,NA,NA,LINCSCP_26160,HT29,10uM,6h,large intestine,NA,NA,FWCNXQLOVXPNKX-UHFFFAOYSA-N,"InChI=1S/C21H16ClN5/c22-17-10-6-7-15(13-17)14-24-21-19(16-8-2-1-3-9-16)26-27-20(25-21)18-11-4-5-12-23-18/h1-13H,14H2,(H,24,25,27)",36117,Clc1cccc(CNc2nc(nnc2c3ccccc3)c4ccccn4)c1,NA
Input,AC1L2X6Z,0.20223219,InputSig,NA,NA,LINCSCP_50228,PHH,10uM,24h,NA,Retinoid receptor agonist,RARA|RARB,FOUVTBKPJRMLPE-UHFFFAOYSA-N,"InChI=1S/C24H28O3/c1-23(2,3)19-13-18(14-20(15-19)24(4,5)6)21(25)12-9-16-7-10-17(11-8-16)22(26)27/h7-15H,1-6H3,(H,26,27)",22129,CC(C)(C)c1cc(cc(c1)C(C)(C)C)C(=O)C=Cc2ccc(cc2)C(=O)O,NA
Input,H0635_SIGMA,0.20218641,InputSig,NA,NA,LINCSCP_26266,HT29,10uM,6h,large intestine,Protein synthesis inhibitor,NA,DJIVDDPFKDEQIR-XSEHADPMSA-N,"InChI=1S/C29H39NO9/c1-26(2,34)8-5-9-28(35,16-23(31)32)25(33)39-24-22(36-4)15-29-10-6-11-30(29)12-7-18-13-20-21(38-17-37-20)14-19(18)27(24,29)3/h13-15,24,34-35H,5-12,16-17H2,1-4H3,(H,31,32)/t24?,27-,28-,29+/m1/s1",23201,COC1=C[C@]23CCCN2CCc4cc5OCOc5cc4[C@]3(C)C1OC(=O)[C@@](O)(CCCC(C)(C)O)CC(=O)O,NA
Input,SMR000206938,0.20215868,InputSig,NA,NA,LINCSCP_19632,HCC515,10uM,6h,lung,NA,NA,NIVDDIMEGJOZQH-UHFFFAOYSA-N,"InChI=1S/C22H26ClN3O3/c1-29-19-11-9-18(10-12-19)26(20(27)14-23)21(16-6-5-13-24-15-16)22(28)25-17-7-3-2-4-8-17/h5-6,9-13,15,17,21H,2-4,7-8,14H2,1H3,(H,25,28)",15270,COc1ccc(cc1)N(C(C(=O)NC2CCCCC2)c3cccnc3)C(=O)CCl,NA
Input,SCHEMBL2559280,0.20208162,InputSig,NA,NA,LINCSCP_31496,MCF7,10uM,6h,breast,NA,NA,GPDDPZSDLKFTKG-UHFFFAOYSA-N,"InChI=1S/C24H26BrN3OS/c25-21-10-8-19(9-11-21)22-17-30-24(27-22)28-15-12-20(13-16-28)23(29)26-14-4-7-18-5-2-1-3-6-18/h1-3,5-6,8-11,17,20H,4,7,12-16H2,(H,26,29)",15724,Brc1ccc(cc1)c2csc(n2)N3CCC(CC3)C(=O)NCCCc4ccccc4,NA
Input,BRD-K16934333,0.201977,InputSig,NA,NA,LINCSCP_43101,NPC,10uM,24h,neural progenitor cells,NA,NA,PHEIPYKARIAFSI-GCMLAXDWSA-N,"InChI=1S/C28H27N3O7/c32-14-25-27-21(10-19(37-25)11-26(33)30-13-16-2-1-7-29-12-16)20-9-18(4-6-22(20)38-27)31-28(34)17-3-5-23-24(8-17)36-15-35-23/h1-9,12,19,21,25,27,32H,10-11,13-15H2,(H,30,33)(H,31,34)/t19-,21-,25-,27+/m0/s1",23774,OC[C@@H]1O[C@H](CC(=O)NCc2cccnc2)C[C@@H]3[C@H]1Oc4ccc(NC(=O)c5ccc6OCOc6c5)cc34,NA
Input,BX-795,0.20192476,InputSig,NA,NA,LINCSCP_21360,HEC108,10uM,6h,endometrium,IKK inhibitor,PDK1|PDPK1,VAVXGGRQQJZYBL-UHFFFAOYSA-N,"InChI=1S/C23H26IN7O2S/c24-18-15-27-22(30-20(18)25-9-5-10-26-21(32)19-8-4-13-34-19)28-16-6-3-7-17(14-16)29-23(33)31-11-1-2-12-31/h3-4,6-8,13-15H,1-2,5,9-12H2,(H,26,32)(H,29,33)(H2,25,27,28,30)",37923,Ic1cnc(Nc2cccc(NC(=O)N3CCCC3)c2)nc1NCCCNC(=O)c4cccs4,NA
Input,SMR000162699,0.20192262,InputSig,NA,NA,LINCSCP_45924,PC3,10uM,24h,prostate,NA,NA,DWDWEGGEKMILES-UHFFFAOYSA-N,"InChI=1S/C20H14N4O/c1-13-7-9-15(10-8-13)24-19(23)16(11-21)18(17(12-22)20(24)25)14-5-3-2-4-6-14/h2-10H,23H2,1H3",35826,Cc1ccc(cc1)N2C(=C(C#N)C(=C(C#N)C2=O)c3ccccc3)N,NA
Input,Diphenoxylate,0.20182492,InputSig,NA,NA,LINCSCP_58143,VCAP,10uM,24h,prostate,Opioid receptor agonist,OPRM1,HYPPXZBJBPSRLK-UHFFFAOYSA-N,"InChI=1S/C30H32N2O2/c1-2-34-28(33)29(25-12-6-3-7-13-25)18-21-32(22-19-29)23-20-30(24-31,26-14-8-4-9-15-26)27-16-10-5-11-17-27/h3-17H,2,18-23H2,1H3",38765,CCOC(=O)C1(CCN(CCC(C#N)(c2ccccc2)c3ccccc3)CC1)c4ccccc4,4
Input,BRD-K05174693,0.20177661,InputSig,NA,NA,LINCSCP_309974,VCAP,10uM,24h,prostate,NA,NA,HCQLERWFCRODCT-FVCFNFBRSA-N,"InChI=1S/C34H45N3O7S2/c1-24-21-37(25(2)23-38)34(40)29-20-28(35-32(39)19-27-12-6-5-7-13-27)15-16-30(29)44-26(3)11-8-9-17-43-31(24)22-36(4)46(41,42)33-14-10-18-45-33/h5-7,10,12-16,18,20,24-26,31,38H,8-9,11,17,19,21-23H2,1-4H3,(H,35,39)/t24-,25+,26-,31-/m1/s1",11721,C[C@@H](CO)N1C[C@@H](C)[C@@H](CN(C)S(=O)(=O)c2cccs2)OCCCC[C@@H](C)Oc3ccc(NC(=O)Cc4ccccc4)cc3C1=O,NA
Input,Sertraline HCl,0.20166458,InputSig,NA,NA,LINCSCP_126004,HT29,10uM,24h,large intestine,NA,NA,VGKDLMBJGBXTGI-YVEFUNNKSA-N,"InChI=1S/C17H17Cl2N/c1-20-17-9-7-12(13-4-2-3-5-14(13)17)11-6-8-15(18)16(19)10-11/h2-6,8,10,12,17,20H,7,9H2,1H3/t12-,17+/m0/s1",27179,CN[C@@H]1CC[C@@H](c2ccc(Cl)c(Cl)c2)c3ccccc13,NA
Input,BRD-K35638681,0.20157011,InputSig,NA,NA,LINCSCP_46591,PC3,10uM,6h,prostate,NA,NA,UIWHTZIAIXNFGN-DGHZZKTQSA-N,"InChI=1S/C40H42N6O5S/c1-25-21-46(26(2)24-47)40(50)31-7-6-10-34(44-38(49)29-15-17-30(18-16-29)39-42-19-20-52-39)36(31)51-35(25)23-45(3)22-27-11-13-28(14-12-27)37(48)43-33-9-5-4-8-32(33)41/h4-20,25-26,35,47H,21-24,41H2,1-3H3,(H,43,48)(H,44,49)/t25-,26-,35+/m1/s1",12501,C[C@H](CO)N1C[C@@H](C)[C@H](CN(C)Cc2ccc(cc2)C(=O)Nc3ccccc3N)Oc4c(NC(=O)c5ccc(cc5)c6nccs6)cccc4C1=O,NA
Input,GP 1A,0.2014966,InputSig,NA,NA,LINCSCP_33647,MCF7,10uM,24h,breast,Cannabinoid receptor agonist,CNR2,FNOMTMVRTBHRET-UHFFFAOYSA-N,"InChI=1S/C23H22Cl2N4O/c1-14-5-7-17-15(11-14)12-18-21(23(30)27-28-9-3-2-4-10-28)26-29(22(17)18)20-8-6-16(24)13-19(20)25/h5-8,11,13H,2-4,9-10,12H2,1H3,(H,27,30)",35936,Cc1ccc2c(Cc3c(nn(c23)c4ccc(Cl)cc4Cl)C(=O)NN5CCCCC5)c1,NA
Input,Blebbistatin,0.20143462,InputSig,NA,NA,LINCSCP_53098,SKM1,40uM,6h,haematopoietic and lymphoid tissue,ATPase inhibitor,MYH2,LZAXPYOBKSJSEX-UHFFFAOYSA-N,"InChI=1S/C18H16N2O2/c1-12-7-8-15-14(11-12)16(21)18(22)9-10-20(17(18)19-15)13-5-3-2-4-6-13/h2-8,11,22H,9-10H2,1H3",36677,Cc1ccc2N=C3N(CCC3(O)C(=O)c2c1)c4ccccc4,NA
Input,BRD-K76418961,0.20142388,InputSig,NA,NA,LINCSCP_59977,VCAP,5uM,6h,prostate,NA,NA,NHCHRXXZNQAEEO-WDCWYOMISA-N,"InChI=1S/C33H39N5O4/c1-22-17-38(23(2)21-39)33(41)28-16-26(35-32(40)15-25-19-37(4)29-8-6-5-7-27(25)29)9-10-30(28)42-31(22)20-36(3)18-24-11-13-34-14-12-24/h5-14,16,19,22-23,31,39H,15,17-18,20-21H2,1-4H3,(H,35,40)/t22-,23-,31+/m0/s1",13528,C[C@@H](CO)N1C[C@H](C)[C@@H](CN(C)Cc2ccncc2)Oc3ccc(NC(=O)Cc4cn(C)c5ccccc45)cc3C1=O,NA
Input,Evodiamine,0.2013589,InputSig,NA,NA,LINCSCP_13428,H1299,10uM,6h,lung,ATPase inhibitor|TRPV agonist,TRPV1,TXDUTHBFYKGSAH-UHFFFAOYSA-N,"InChI=1S/C19H17N3O/c1-21-16-9-5-3-7-14(16)19(23)22-11-10-13-12-6-2-4-8-15(12)20-17(13)18(21)22/h2-9,18,20H,10-11H2,1H3",36720,CN1C2N(CCc3c2[nH]c4ccccc34)C(=O)c5ccccc15,NA
Input,BL003-049-HDAC3,0.20119481,InputSig,NA,NA,LINCSCP_218138,HCC515,10uM,24h,lung,NA,NA,BEFOBMGNAJJGSD-UHFFFAOYSA-N,"InChI=1S/C20H24FN3O2/c1-14-6-8-15(9-7-14)20(26)23-12-4-2-3-5-19(25)24-18-11-10-16(21)13-17(18)22/h6-11,13H,2-5,12,22H2,1H3,(H,23,26)(H,24,25)",10608,Cc1ccc(cc1)C(=O)NCCCCCC(=O)Nc2ccc(F)cc2N,NA
Input,CHEMBL1716096,0.20111915,InputSig,NA,NA,LINCSCP_5381,A549,10uM,24h,lung,NA,NA,XIUAEGMIDSHUCY-UHFFFAOYSA-N,"InChI=1S/C20H23N3OS2/c1-12(2)23-10-8-14-16(9-11-23)25-19(21-13(3)24)18(14)20-22-15-6-4-5-7-17(15)26-20/h4-7,12H,8-11H2,1-3H3,(H,21,24)",31508,CC(C)N1CCc2sc(NC(=O)C)c(c2CC1)c3nc4ccccc4s3,NA
Input,MLS000709026,0.20109363,InputSig,NA,NA,LINCSCP_10521,AGS,40uM,6h,stomach,RAD51 inhibitor,RAD51,GEKDQXSPTHHANP-OUKQBFOZSA-N,"InChI=1S/C22H17N3O/c26-22-19-10-4-5-11-20(19)24-21(13-12-17-9-6-14-23-15-17)25(22)16-18-7-2-1-3-8-18/h1-15H,16H2/b13-12+",16865,O=C1N(Cc2ccccc2)C(=Nc3ccccc13)\C=C\c4cccnc4,NA
Input,Rilmenidine,0.20104116,InputSig,NA,NA,LINCSCP_41485,NEU,10uM,6h,NA,Adrenergic receptor agonist|Imidazoline receptor agonist,ADRA2A|NISCH,CQXADFVORZEARL-UHFFFAOYSA-N,"InChI=1S/C10H16N2O/c1-2-7(1)9(8-3-4-8)12-10-11-5-6-13-10/h7-9H,1-6H2,(H,11,12)",16108,C1CN=C(NC(C2CC2)C3CC3)O1,3
Input,CBDIVE_007485,0.2010407,InputSig,NA,NA,LINCSCP_49826,PHH,10uM,24h,NA,NA,NA,DNEUNQHNKDREAR-UHFFFAOYSA-N,"InChI=1S/C20H36N2O2/c1-21-3-5-22(6-4-21)14-19(23)15-24-7-2-20-11-16-8-17(12-20)10-18(9-16)13-20/h16-19,23H,2-15H2,1H3",17877,CN1CCN(CC(O)COCCC23CC4CC(CC(C4)C2)C3)CC1,NA
Input,LY2157299,0.20103954,InputSig,NA,NA,LINCSCP_79870,A375,3.33uM,24h,skin,TGF-beta receptor type I inhibitor,TGFBR1,IVRXNBXKWIJUQB-UHFFFAOYSA-N,"InChI=1S/C22H19N5O/c1-13-4-2-5-18(25-13)21-20(19-6-3-11-27(19)26-21)15-9-10-24-17-8-7-14(22(23)28)12-16(15)17/h2,4-5,7-10,12H,3,6,11H2,1H3,(H2,23,28)",26801,Cc1cccc(n1)c2nn3CCCc3c2c4ccnc5ccc(cc45)C(=O)N,2
Input,Cimaterol,0.20097608,InputSig,NA,NA,LINCSCP_44690,PC3,10uM,24h,prostate,Adrenergic receptor agonist,ADRB1|ADRB2|ADRB3,BUXRLJCGHZZYNE-UHFFFAOYSA-N,"InChI=1S/C12H17N3O/c1-8(2)15-7-12(16)9-3-4-11(14)10(5-9)6-13/h3-5,8,12,15-16H,7,14H2,1-2H3",15288,CC(C)NCC(O)c1ccc(N)c(c1)C#N,NA
Input,BRD-K11436949,0.20097449,InputSig,NA,NA,LINCSCP_64063,VCAP,5uM,6h,prostate,NA,NA,LSXZROMFDROJOP-JVODISISSA-N,"InChI=1S/C26H32N4O4/c1-28(2)14-22(32)30-23-19(20(15-31)24(30)25(33)27-17-9-6-10-17)13-29-21(23)12-11-18(26(29)34)16-7-4-3-5-8-16/h3-5,7-8,11-12,17,19-20,23-24,31H,6,9-10,13-15H2,1-2H3,(H,27,33)/t19-,20-,23+,24-/m0/s1",33843,CN(C)CC(=O)N1[C@@H]([C@@H](CO)[C@@H]2CN3C(=CC=C(C3=O)c4ccccc4)[C@H]12)C(=O)NC5CCC5,NA
Input,ZM336372,0.2009611,InputSig,NA,NA,LINCSCP_53051,SKLU1,100uM,6h,lung,RAF inhibitor,NA,PYEFPDQFAZNXLI-UHFFFAOYSA-N,"InChI=1S/C23H23N3O3/c1-15-7-10-18(24-23(29)17-5-4-6-19(13-17)26(2)3)14-21(15)25-22(28)16-8-11-20(27)12-9-16/h4-14,27H,1-3H3,(H,24,29)(H,25,28)",16532,CN(C)c1cccc(c1)C(=O)Nc2ccc(C)c(NC(=O)c3ccc(O)cc3)c2,NA
Input,Aphidicolin,0.20094374,InputSig,NA,NA,LINCSCP_140160,MCF7,3.33uM,24h,breast,NA,NA,NOFOAYPPHIUXJR-APNQCZIXSA-N,"InChI=1S/C20H34O4/c1-17(11-21)15-4-3-13-9-14-10-19(13,7-8-20(14,24)12-22)18(15,2)6-5-16(17)23/h13-16,21-24H,3-12H2,1-2H3/t13-,14+,15-,16+,17-,18-,19-,20-/m0/s1",26686,C[C@@]1(CO)[C@H](O)CC[C@@]2(C)[C@H]1CC[C@H]3C[C@@H]4C[C@]23CC[C@]4(O)CO,NA
Input,Daunorubicin,0.20089195,InputSig,NA,NA,LINCSCP_12379,CD34,0.5uM,24h,bone marrow,DNA topoisomerase II alpha inhibitor,TOP2A,STQGQHZAVUOBTE-VGBVRHCVSA-N,"InChI=1S/C27H29NO10/c1-10-22(30)14(28)7-17(37-10)38-16-9-27(35,11(2)29)8-13-19(16)26(34)21-20(24(13)32)23(31)12-5-4-6-15(36-3)18(12)25(21)33/h4-6,10,14,16-17,22,30,32,34-35H,7-9,28H2,1-3H3/t10-,14-,16-,17-,22+,27-/m0/s1",15653,COc1cccc2C(=O)c3c(O)c4C[C@](O)(C[C@H](O[C@H]5C[C@H](N)[C@H](O)[C@H](C)O5)c4c(O)c3C(=O)c12)C(=O)C,4
Input,SKF-83822,0.20085487,InputSig,NA,NA,LINCSCP_43204,NPC,10uM,24h,neural progenitor cells,Dopamine receptor agonist,NA,HLNOXCRCYMOMLA-UHFFFAOYSA-N,"InChI=1S/C20H22ClNO2/c1-3-8-22-9-7-15-16(11-18(23)20(24)19(15)21)17(12-22)14-6-4-5-13(2)10-14/h3-6,10-11,17,23-24H,1,7-9,12H2,2H3",31635,Cc1cccc(c1)C2CN(CC=C)CCc3c(Cl)c(O)c(O)cc23,NA
Input,CHEMBL2131973,0.20085107,InputSig,NA,NA,LINCSCP_16332,HA1E,10uM,6h,kidney epithelial,NA,NA,RFHYGNYQOWNNBL-LFINAOHFSA-N,"InChI=1S/C36H47Cl2N3O7S/c1-24-20-41(25(2)23-42)36(43)31-19-28(39-49(44,45)30-13-11-29(46-5)12-14-30)10-16-34(31)48-26(3)8-6-7-17-47-35(24)22-40(4)21-27-9-15-32(37)33(38)18-27/h9-16,18-19,24-26,35,39,42H,6-8,17,20-23H2,1-5H3/t24-,25+,26+,35+/m0/s1",19739,COc1ccc(cc1)S(=O)(=O)Nc2ccc3O[C@H](C)CCCCO[C@H](CN(C)Cc4ccc(Cl)c(Cl)c4)[C@@H](C)CN([C@H](C)CO)C(=O)c3c2,NA
Input,NSC665366,0.20083375,InputSig,NA,NA,LINCSCP_33113,MCF7,10uM,24h,breast,NA,NA,WCMWVYQHPUQKHW-UHFFFAOYSA-N,"InChI=1S/C14H19IN2O/c15-13-6-4-12(5-7-13)14(18)16-8-11-17-9-2-1-3-10-17/h4-7H,1-3,8-11H2,(H,16,18)",15941,Ic1ccc(cc1)C(=O)NCCN2CCCCC2,NA
Input,Dinaciclib,0.20074614,InputSig,NA,NA,LINCSCP_69779,A375,0.04uM,24h,skin,Cyclin-dependent kinase 1 inhibitor|Cyclin-dependent kinase 2 inhibitor|Cyclin-dependent kinase 5 inhibitor|Cyclin-dependent kinase 9 inhibitor,CDK1|CDK2|CDK5|CDK9,PIMQWRZWLQKKBJ-SFHVURJKSA-N,"InChI=1S/C21H28N6O2/c1-2-17-14-23-27-19(22-13-16-6-5-9-25(29)15-16)12-20(24-21(17)27)26-10-4-3-7-18(26)8-11-28/h5-6,9,12,14-15,18,22,28H,2-4,7-8,10-11,13H2,1H3/t18-/m0/s1",16539,CCc1cnn2c(NCc3ccc[n+]([O-])c3)cc(nc12)N4CCCC[C@H]4CCO,3
Input,Patupilone,0.20069691,InputSig,NA,NA,LINCSCP_42162,NPC,10uM,24h,neural progenitor cells,Microtubule inhibitor,TUBB,QXRSDHAAWVKZLJ-PVYNADRNSA-N,"InChI=1S/C27H41NO6S/c1-15-9-8-10-27(7)22(34-27)12-20(16(2)11-19-14-35-18(4)28-19)33-23(30)13-21(29)26(5,6)25(32)17(3)24(15)31/h11,14-15,17,20-22,24,29,31H,8-10,12-13H2,1-7H3/b16-11+/t15-,17+,20-,21-,22-,24-,27+/m0/s1",17680,C[C@H]1CCC[C@@]2(C)O[C@H]2C[C@H](OC(=O)C[C@H](O)C(C)(C)C(=O)[C@H](C)[C@H]1O)\C(=C\c3csc(C)n3)\C,3
Input,Piribedil,0.20068351,InputSig,NA,NA,LINCSCP_159833,PC3,0.37uM,24h,prostate,Dopamine receptor agonist,ADRA2A|DRD2|DRD3,OQDPVLVUJFGPGQ-UHFFFAOYSA-N,"InChI=1S/C16H18N4O2/c1-4-17-16(18-5-1)20-8-6-19(7-9-20)11-13-2-3-14-15(10-13)22-12-21-14/h1-5,10H,6-9,11-12H2",33997,C(N1CCN(CC1)c2ncccn2)c3ccc4OCOc4c3,4
Input,MLS002264438,0.20063734,InputSig,NA,NA,LINCSCP_19809,HCC515,10uM,6h,lung,NA,NA,RPNGDYZFSXTIPK-UHFFFAOYSA-N,"InChI=1S/C19H18N4O2/c1-11(17-5-4-8-24-17)22-19-15-9-14(6-7-16(15)20-10-21-19)18-12(2)23-25-13(18)3/h4-11H,1-3H3,(H,20,21,22)",15176,CC(Nc1ncnc2ccc(cc12)c3c(C)onc3C)c4occc4,NA
Input,Rizatriptan,0.2005744,InputSig,NA,NA,LINCSCP_97685,HA1E,3.33uM,24h,kidney epithelial,Serotonin receptor agonist,HTR1B|HTR1D|HTR1F,ULFRLSNUDGIQQP-UHFFFAOYSA-N,"InChI=1S/C15H19N5/c1-19(2)6-5-13-8-17-15-4-3-12(7-14(13)15)9-20-11-16-10-18-20/h3-4,7-8,10-11,17H,5-6,9H2,1-2H3",38544,CN(C)CCc1c[nH]c2ccc(Cn3cncn3)cc12,4
Input,Toltrazuril,0.20054347,InputSig,NA,NA,LINCSCP_2634,A375,10uM,6h,skin,Antiprotozoal agent,NA,OCINXEZVIIVXFU-UHFFFAOYSA-N,"InChI=1S/C18H14F3N3O4S/c1-10-9-11(24-16(26)22-15(25)23(2)17(24)27)3-8-14(10)28-12-4-6-13(7-5-12)29-18(19,20)21/h3-9H,1-2H3,(H,22,25,26)",15824,CN1C(=O)NC(=O)N(C1=O)c2ccc(Oc3ccc(SC(F)(F)F)cc3)c(C)c2,NA
Input,Tamibarotene,0.20041915,InputSig,NA,NA,LINCSCP_6395,A549,10uM,24h,lung,Retinoid receptor agonist,RARA|RARB,MUTNCGKQJGXKEM-UHFFFAOYSA-N,"InChI=1S/C22H25NO3/c1-21(2)11-12-22(3,4)18-13-16(9-10-17(18)21)23-19(24)14-5-7-15(8-6-14)20(25)26/h5-10,13H,11-12H2,1-4H3,(H,23,24)(H,25,26)",16329,CC1(C)CCC(C)(C)c2cc(NC(=O)c3ccc(cc3)C(=O)O)ccc12,2
Input,SMR000030495,0.20039674,InputSig,NA,NA,LINCSCP_1350,A375,10uM,6h,skin,NA,NA,VYDKIYBONPPDRB-UHFFFAOYSA-N,"InChI=1S/C23H27N3O2/c1-25-10-12-26(13-11-25)15-19-14-20(17-28-16-18-6-3-2-4-7-18)21-8-5-9-24-22(21)23(19)27/h2-9,14,27H,10-13,15-17H2,1H3",16068,CN1CCN(Cc2cc(COCc3ccccc3)c4cccnc4c2O)CC1,NA
Input,"Trans-1,4-bis(2-chlorobenzaminomethyl)cyclohexane dihydrochloride",0.20027102,InputSig,NA,NA,LINCSCP_14390,HA1E,10uM,24h,kidney epithelial,Hedgehog pathway modulator,NA,RZRPZWGIOOZIBE-UHFFFAOYSA-N,"InChI=1S/C22H28Cl2N2/c23-21-7-3-1-5-19(21)15-25-13-17-9-11-18(12-10-17)14-26-16-20-6-2-4-8-22(20)24/h1-8,17-18,25-26H,9-16H2",38084,Clc1ccccc1CNCC2CCC(CNCc3ccccc3Cl)CC2,NA
Input,Chelidonine,0.20024827,InputSig,NA,NA,LINCSCP_4357,A549,10uM,6h,lung,Tubulin inhibitor,NA,GHKISGDRQRSCII-ZOCIIQOWSA-N,"InChI=1S/C20H19NO5/c1-21-7-13-11(2-3-15-20(13)26-9-23-15)18-14(22)4-10-5-16-17(25-8-24-16)6-12(10)19(18)21/h2-3,5-6,14,18-19,22H,4,7-9H2,1H3/t14-,18-,19+/m0/s1",35674,CN1Cc2c3OCOc3ccc2[C@H]4[C@@H](O)Cc5cc6OCOc6cc5[C@@H]14,NA
Input,CHEMBL1398049,0.20024369,InputSig,NA,NA,LINCSCP_1256,A375,10uM,24h,skin,NA,NA,UQEANGJNYLXOQG-UHFFFAOYSA-N,"InChI=1S/C18H25N3O7S/c1-13(2)11-19-6-8-20(9-7-19)17(22)12-28-18(23)14-4-5-16(29(3,26)27)15(10-14)21(24)25/h4-5,10,13H,6-9,11-12H2,1-3H3",16071,CC(C)CN1CCN(CC1)C(=O)COC(=O)c2ccc(c(c2)[N+](=O)[O-])S(=O)(=O)C,NA
Input,TyrphostinAG835,0.20014942,InputSig,NA,NA,LINCSCP_14417,HA1E,10uM,24h,kidney epithelial,Protein tyrosine kinase inhibitor,EGFR,UMGQVUWXNOJOSJ-DGGAMASNSA-N,"InChI=1S/C18H16N2O3/c1-12(14-5-3-2-4-6-14)20-18(23)15(11-19)9-13-7-8-16(21)17(22)10-13/h2-10,12,21-22H,1H3,(H,20,23)/b15-9+/t12-/m0/s1",17130,C[C@H](NC(=O)\C(=C\c1ccc(O)c(O)c1)\C#N)c2ccccc2,NA
Input,BRD-K15918270,0.20008403,InputSig,NA,NA,LINCSCP_48497,PC3,10uM,24h,prostate,NA,NA,FGRNHJGXTXXJTE-ZLNRFVROSA-N,"InChI=1S/C24H22F2N4O2/c25-16-7-8-18(26)19(10-16)28-24(32)30-13-21-23(17-5-1-2-6-20(17)30)22(14-31)29(21)12-15-4-3-9-27-11-15/h1-11,21-23,31H,12-14H2,(H,28,32)/t21-,22-,23+/m1/s1",32079,OC[C@@H]1[C@@H]2[C@@H](CN(C(=O)Nc3cc(F)ccc3F)c4ccccc24)N1Cc5cccnc5,NA
Input,FPA1_000112,0.20004313,InputSig,NA,NA,LINCSCP_42192,NPC,10uM,24h,neural progenitor cells,NA,NA,YUXQQBVTNNWDQF-KCZVDYSFSA-N,"InChI=1S/C24H36N4O5/c1-27(2)11-6-4-3-5-10-25-23(31)19-15-20-24(32)26-16-21(30)28(20)22(19)17-8-7-9-18(14-17)33-13-12-29/h7-9,14,19-20,22,29H,3-6,10-13,15-16H2,1-2H3,(H,25,31)(H,26,32)/t19-,20-,22-/m1/s1",702,CN(C)CCCCCCNC(=O)[C@@H]1C[C@H]2N([C@@H]1c3cccc(OCCO)c3)C(=O)CNC2=O,NA
